DATAFILE_AS_OF,REPORT_YEAR,REPORT_NUMBER,SUPPLEMENTAL_NUMBER,OPERATOR_ID,PARTA2NAMEOFCOMP,PARTA5COMMODITY,INTER_INTRA,STATE_NAME,PARTPONCPB,PARTPONCPC,PARTPONCUB,PARTPONCUC,PARTPONCUP,PARTPONCUO,PARTPONTOTAL,PARTPOFFCPB,PARTPOFFCPC,PARTPOFFCUB,PARTPOFFCUC,PARTPOFFCUP,PARTPOFFCUO,PARTPOFFTOTAL,PARTPCPBTOTAL,PARTPCPCTOTAL,PARTPCUBTOTAL,PARTPCUCTOTAL,PARTPCUPTOTAL,PARTPCUOTOTAL,PARTPTOTMILES,PARTPOTHER
9/1/2026,2022,20230126,20031,117,AIR PRODUCTS & CHEMICALS INC,CO2,INTRASTATE,TEXAS,0,12.91,0,0,0,0,12.91,0,0,0,0,0,0,0,0,12.91,0,0,0,0,12.91,
9/1/2026,2022,20230350,20762,300,"PLAINS PIPELINE, L.P.",Crude Oil,INTERSTATE,ALABAMA,0,65.43,0,0,0,7.22,72.65,0,0,0,0,0,0,0,0,65.43,0,0,0,7.22,72.65,
9/1/2026,2022,20230350,20762,300,"PLAINS PIPELINE, L.P.",Crude Oil,INTERSTATE,ARKANSAS,0,282.97,0,0,0,0,282.97,0,0,0,0,0,0,0,0,282.97,0,0,0,0,282.97,
9/1/2026,2022,20230350,20762,300,"PLAINS PIPELINE, L.P.",Crude Oil,INTERSTATE,COLORADO,0,10.54,0,0,0,0,10.54,0,0,0,0,0,0,0,0,10.54,0,0,0,0,10.54,
9/1/2026,2022,20230350,20762,300,"PLAINS PIPELINE, L.P.",Crude Oil,INTERSTATE,ILLINOIS,0,57.28,0,0,0,0,57.28,0,0,0,0,0,0,0,0,57.28,0,0,0,0,57.28,
9/1/2026,2022,20230350,20762,300,"PLAINS PIPELINE, L.P.",Crude Oil,INTERSTATE,KANSAS,0,3.82,0,0,0,0,3.82,0,0,0,0,0,0,0,0,3.82,0,0,0,0,3.82,
9/1/2026,2022,20230350,20762,300,"PLAINS PIPELINE, L.P.",Crude Oil,INTERSTATE,LOUISIANA,0,166.81,0,0,0,34.66,201.47,0,0,0,0,0,0,0,0,166.81,0,0,0,34.66,201.47,
9/1/2026,2022,20230350,20762,300,"PLAINS PIPELINE, L.P.",Crude Oil,INTERSTATE,MISSISSIPPI,0,386.08,0,0,0,122.72,508.8,0,0,0,0,0,0,0,0,386.08,0,0,0,122.72,508.8,
9/1/2026,2022,20230350,20762,300,"PLAINS PIPELINE, L.P.",Crude Oil,INTERSTATE,MONTANA,0,127.8,0,0,0,0.13,127.93,0,0,0,0,0,0,0,0,127.8,0,0,0,0.13,127.93,
9/1/2026,2022,20230350,20762,300,"PLAINS PIPELINE, L.P.",Crude Oil,INTERSTATE,NEW MEXICO,0,260.16,0,0,0,5.88,266.04,0,0,0,0,0,0,0,0,260.16,0,0,0,5.88,266.04,
9/1/2026,2022,20230350,20762,300,"PLAINS PIPELINE, L.P.",Crude Oil,INTERSTATE,NORTH DAKOTA,0.1,72.73,0,0,0,0.26,73.09,0,0,0,0,0,0,0,0.1,72.73,0,0,0,0.26,73.09,
9/1/2026,2022,20230350,20762,300,"PLAINS PIPELINE, L.P.",Crude Oil,INTERSTATE,OKLAHOMA,0.02,633.71,0,0,0,26.86,660.59,0,0,0,0,0,0,0,0.02,633.71,0,0,0,26.86,660.59,
9/1/2026,2022,20230350,20762,300,"PLAINS PIPELINE, L.P.",Crude Oil,INTERSTATE,TENNESSEE,0,6.59,0,0,0,0,6.59,0,0,0,0,0,0,0,0,6.59,0,0,0,0,6.59,
9/1/2026,2022,20230350,20762,300,"PLAINS PIPELINE, L.P.",Crude Oil,INTERSTATE,TEXAS,0,1909.16,0,0,0,50.68,1959.84,0,0,0,0,0,0,0,0,1909.16,0,0,0,50.68,1959.84,Undetermined
9/1/2026,2022,20230350,20762,300,"PLAINS PIPELINE, L.P.",Crude Oil,INTERSTATE,WYOMING,0,538.73,0,0,0,10.79,549.52,0,0,0,0,0,0,0,0,538.73,0,0,0,10.79,549.52,
9/1/2026,2022,20230350,20762,300,"PLAINS PIPELINE, L.P.",Crude Oil,INTRASTATE,ARKANSAS,0,0,0,0,0,0,0,0,0,0,0,0,0,0,0,0,0,0,0,0,0,
9/1/2026,2022,20230350,20762,300,"PLAINS PIPELINE, L.P.",Crude Oil,INTRASTATE,CALIFORNIA,2.49,355.84,0,0,0,84.12,442.45,0,0,0,0,0,0,0,2.49,355.84,0,0,0,84.12,442.45,Undetermined
9/1/2026,2022,20230350,20762,300,"PLAINS PIPELINE, L.P.",Crude Oil,INTRASTATE,MISSISSIPPI,0,29.7,0,0,0,9.24,38.94,0,0,0,0,0,0,0,0,29.7,0,0,0,9.24,38.94,
9/1/2026,2022,20230350,20762,300,"PLAINS PIPELINE, L.P.",Crude Oil,INTRASTATE,MONTANA,0,2.62,0,0,0,0,2.62,0,0,0,0,0,0,0,0,2.62,0,0,0,0,2.62,
9/1/2026,2022,20230350,20762,300,"PLAINS PIPELINE, L.P.",Crude Oil,INTRASTATE,NEW MEXICO,0,117.89,0,0,0,4.08,121.97,0,0,0,0,0,0,0,0,117.89,0,0,0,4.08,121.97,Undetermined
9/1/2026,2022,20230350,20762,300,"PLAINS PIPELINE, L.P.",Crude Oil,INTRASTATE,OKLAHOMA,0,240.99,0,0,0,23.39,264.38,0,0,0,0,0,0,0,0,240.99,0,0,0,23.39,264.38,
9/1/2026,2022,20230350,20762,300,"PLAINS PIPELINE, L.P.",Crude Oil,INTRASTATE,TEXAS,168.19,1933.26,0,0,0,656.59,2758.04,0,0,0,0,0,0,0,168.19,1933.26,0,0,0,656.59,2758.04,
9/1/2026,2022,20230350,20762,300,"PLAINS PIPELINE, L.P.",Crude Oil,INTRASTATE,WYOMING,0,0,0,0,0,0,0,0,0,0,0,0,0,0,0,0,0,0,0,0,0,
9/1/2026,2022,20230349,20263,300,"PLAINS PIPELINE, L.P.",HVL,INTERSTATE,MICHIGAN,0,65.33,0,0,0,7.14,72.47,0,0,0,0,0,0,0,0,65.33,0,0,0,7.14,72.47,Undetermined
9/1/2026,2022,20230349,20263,300,"PLAINS PIPELINE, L.P.",HVL,INTRASTATE,CALIFORNIA,0,43.08,0,0,0,0,43.08,0,0,0,0,0,0,0,0,43.08,0,0,0,0,43.08,
9/1/2026,2022,20230349,20263,300,"PLAINS PIPELINE, L.P.",HVL,INTRASTATE,TEXAS,0,11.83,0,0,0,0,11.83,0,0,0,0,0,0,0,0,11.83,0,0,0,0,11.83,
9/1/2026,2022,20230155,20064,395,AMOCO OIL CO,Refined and/or Petroleum Product (non-HVL),INTERSTATE,ILLINOIS,0,272.7,0,0,0,0,272.7,0,0,0,0,0,0,0,0,272.7,0,0,0,0,272.7,
9/1/2026,2022,20230155,20064,395,AMOCO OIL CO,Refined and/or Petroleum Product (non-HVL),INTERSTATE,INDIANA,0,257.9,0,0,0,0,257.9,0,0,0,0,0,0,0,0,257.9,0,0,0,0,257.9,
9/1/2026,2022,20230155,20064,395,AMOCO OIL CO,Refined and/or Petroleum Product (non-HVL),INTERSTATE,IOWA,0,121.4,0,0,0,0,121.4,0,0,0,0,0,0,0,0,121.4,0,0,0,0,121.4,
9/1/2026,2022,20230155,20064,395,AMOCO OIL CO,Refined and/or Petroleum Product (non-HVL),INTERSTATE,MICHIGAN,0,162.4,0,0,0,0,162.4,0,0,0,0,0,0,0,0,162.4,0,0,0,0,162.4,
9/1/2026,2022,20230155,20064,395,AMOCO OIL CO,Refined and/or Petroleum Product (non-HVL),INTERSTATE,MINNESOTA,0,126.2,0,0,0,0,126.2,0,0,0,0,0,0,0,0,126.2,0,0,0,0,126.2,
9/1/2026,2022,20230155,20064,395,AMOCO OIL CO,Refined and/or Petroleum Product (non-HVL),INTERSTATE,MISSOURI,0,211.6,0,0,0,0,211.6,0,0,0,0,0,0,0,0,211.6,0,0,0,0,211.6,
9/1/2026,2022,20230641,20565,473,"WESTERN MIDSTREAM PARTNERS, LP",Crude Oil,INTRASTATE,COLORADO,0,139,0,0,0,0,139,0,0,0,0,0,0,0,0,139,0,0,0,0,139,
9/1/2026,2022,20230641,20565,473,"WESTERN MIDSTREAM PARTNERS, LP",Crude Oil,INTRASTATE,TEXAS,0,331.04,0,0,0,0,331.04,0,0,0,0,0,0,0,0,331.04,0,0,0,0,331.04,
9/1/2026,2022,20230641,20565,473,"WESTERN MIDSTREAM PARTNERS, LP",Crude Oil,INTRASTATE,WYOMING,0,28.2,0,0,0,0,28.2,0,0,0,0,0,0,0,0,28.2,0,0,0,0,28.2,
9/1/2026,2022,20230640,20564,473,"WESTERN MIDSTREAM PARTNERS, LP",HVL,INTRASTATE,COLORADO,0,77.1,0,0,0,0,77.1,0,0,0,0,0,0,0,0,77.1,0,0,0,0,77.1,
9/1/2026,2022,20230640,20564,473,"WESTERN MIDSTREAM PARTNERS, LP",HVL,INTRASTATE,TEXAS,0,117.4,0,0,0,0,117.4,0,0,0,0,0,0,0,0,117.4,0,0,0,0,117.4,
9/1/2026,2022,20230640,20564,473,"WESTERN MIDSTREAM PARTNERS, LP",HVL,INTRASTATE,UTAH,0,32.6,0,0,0,0,32.6,0,0,0,0,0,0,0,0,32.6,0,0,0,0,32.6,
9/1/2026,2022,20230640,20564,473,"WESTERN MIDSTREAM PARTNERS, LP",HVL,INTRASTATE,WYOMING,0,2,0,0,0,0,2,0,0,0,0,0,0,0,0,2,0,0,0,0,2,
9/1/2026,2022,20230375,20291,515,DAKOTA GASIFICATION COMPANY,CO2,INTERSTATE,NORTH DAKOTA,0,167.04,0,0,0,0,167.04,0,0,0,0,0,0,0,0,167.04,0,0,0,0,167.04,
9/1/2026,2022,20230286,20197,994,"WILLIAMS FIELD SERVICES - GULF COAST COMPANY, LP",Crude Oil,INTERSTATE,OCS-Gulf of Mexico,0,0,0,0,0,0,0,0,5.77,0,0,0,0,5.77,0,5.77,0,0,0,0,5.77,
9/1/2026,2022,20230289,20217,994,"WILLIAMS FIELD SERVICES - GULF COAST COMPANY, LP",HVL,INTRASTATE,TEXAS,0,15.8,0,0,0,0,15.8,0,0,0,0,0,0,0,0,15.8,0,0,0,0,15.8,
9/1/2026,2022,20230634,20558,999,"PACIFIC COAST ENERGY COMPANY, LP",Crude Oil,INTRASTATE,CALIFORNIA,0,1.7,0,0,0,0,1.7,0,0,0,0,0,0,0,0,1.7,0,0,0,0,1.7,
9/1/2026,2022,20230532,20456,1541,"HILCORP NORTH SLOPE, LLC",Crude Oil,INTRASTATE,ALASKA,0,0,17.24,17.36,0,0,34.6,0,0,0,0,0,0,0,0,0,17.24,17.36,0,0,34.6,
9/1/2026,2022,20230513,20435,1845,"BUCKEYE PARTNERS, LP",Crude Oil,INTERSTATE,INDIANA,0,1.641,0,0,0,0,1.641,0,0,0,0,0,0,0,0,1.641,0,0,0,0,1.641,
9/1/2026,2022,20230513,20435,1845,"BUCKEYE PARTNERS, LP",Crude Oil,INTERSTATE,OHIO,0,1.168,0,0,0,0,1.168,0,0,0,0,0,0,0,0,1.168,0,0,0,0,1.168,
9/1/2026,2022,20230513,20435,1845,"BUCKEYE PARTNERS, LP",Crude Oil,INTRASTATE,TEXAS,0,3.5,0,0,0,0,3.5,0,0,0,0,0,0,0,0,3.5,0,0,0,0,3.5,
9/1/2026,2022,20230512,20434,1845,"BUCKEYE PARTNERS, LP",Fuel Grade Ethanol (dedicated system),INTERSTATE,FLORIDA,0,1.617,0,0,0,0,1.617,0,0,0,0,0,0,0,0,1.617,0,0,0,0,1.617,
9/1/2026,2022,20230512,20434,1845,"BUCKEYE PARTNERS, LP",Fuel Grade Ethanol (dedicated system),INTRASTATE,FLORIDA,0,1.722,0,0,0,0,1.722,0,0,0,0,0,0,0,0,1.722,0,0,0,0,1.722,
9/1/2026,2022,20230514,20436,1845,"BUCKEYE PARTNERS, LP",HVL,INTERSTATE,ILLINOIS,0,13.54,0,0,0,0,13.54,0,0,0,0,0,0,0,0,13.54,0,0,0,0,13.54,
9/1/2026,2022,20230514,20436,1845,"BUCKEYE PARTNERS, LP",HVL,INTERSTATE,INDIANA,0,1.819,0,0,0,0,1.819,0,0,0,0,0,0,0,0,1.819,0,0,0,0,1.819,
9/1/2026,2022,20230514,20436,1845,"BUCKEYE PARTNERS, LP",HVL,INTERSTATE,OHIO,0,0.91,0,0,0,0,0.91,0,0,0,0,0,0,0,0,0.91,0,0,0,0,0.91,
9/1/2026,2022,20230514,20436,1845,"BUCKEYE PARTNERS, LP",HVL,INTRASTATE,FLORIDA,0,1.733,0,0,0,0,1.733,0,0,0,0,0,0,0,0,1.733,0,0,0,0,1.733,
9/1/2026,2022,20230514,20436,1845,"BUCKEYE PARTNERS, LP",HVL,INTRASTATE,TEXAS,0,14.87,0,0,0,0,14.87,0,0,0,0,0,0,0,0,14.87,0,0,0,0,14.87,
9/1/2026,2022,20230515,20437,1845,"BUCKEYE PARTNERS, LP",Refined and/or Petroleum Product (non-HVL),INTERSTATE,CONNECTICUT,0,93.498,0,0,0,0,93.498,0,0,0,0,0,0,0,0,93.498,0,0,0,0,93.498,
9/1/2026,2022,20230515,20437,1845,"BUCKEYE PARTNERS, LP",Refined and/or Petroleum Product (non-HVL),INTERSTATE,DELAWARE,0,3.079,0,0,0,0,3.079,0,0,0,0,0,0,0,0,3.079,0,0,0,0,3.079,
9/1/2026,2022,20230515,20437,1845,"BUCKEYE PARTNERS, LP",Refined and/or Petroleum Product (non-HVL),INTERSTATE,FLORIDA,0,1.617,0,0,0,0,1.617,0,0,0,0,0,0,0,0,1.617,0,0,0,0,1.617,
9/1/2026,2022,20230515,20437,1845,"BUCKEYE PARTNERS, LP",Refined and/or Petroleum Product (non-HVL),INTERSTATE,ILLINOIS,240.038,799.7,0,0,0,0,1039.738,0,0,0,0,0,0,0,240.038,799.7,0,0,0,0,1039.738,
9/1/2026,2022,20230515,20437,1845,"BUCKEYE PARTNERS, LP",Refined and/or Petroleum Product (non-HVL),INTERSTATE,INDIANA,12.627,920.383,0,0,0,0,933.01,0,0,0,0,0,0,0,12.627,920.383,0,0,0,0,933.01,
9/1/2026,2022,20230515,20437,1845,"BUCKEYE PARTNERS, LP",Refined and/or Petroleum Product (non-HVL),INTERSTATE,IOWA,0,328.068,0,0,0,0,328.068,0,0,0,0,0,0,0,0,328.068,0,0,0,0,328.068,
9/1/2026,2022,20230515,20437,1845,"BUCKEYE PARTNERS, LP",Refined and/or Petroleum Product (non-HVL),INTERSTATE,MAINE,0,124.244,0,0,0,0,124.244,0,0,0,0,0,0,0,0,124.244,0,0,0,0,124.244,
9/1/2026,2022,20230515,20437,1845,"BUCKEYE PARTNERS, LP",Refined and/or Petroleum Product (non-HVL),INTERSTATE,MASSACHUSETTS,0,20.882,0,0,0,0,20.882,0,0,0,0,0,0,0,0,20.882,0,0,0,0,20.882,
9/1/2026,2022,20230515,20437,1845,"BUCKEYE PARTNERS, LP",Refined and/or Petroleum Product (non-HVL),INTERSTATE,MICHIGAN,0,393.377,0,0,0,0,393.377,0,0,0,0,0,0,0,0,393.377,0,0,0,0,393.377,
9/1/2026,2022,20230515,20437,1845,"BUCKEYE PARTNERS, LP",Refined and/or Petroleum Product (non-HVL),INTERSTATE,MISSOURI,0,280.899,0,0,0,0,280.899,0,0,0,0,0,0,0,0,280.899,0,0,0,0,280.899,
9/1/2026,2022,20230515,20437,1845,"BUCKEYE PARTNERS, LP",Refined and/or Petroleum Product (non-HVL),INTERSTATE,NEW JERSEY,0,148.453,0,0,0,0,148.453,0,0,0,0,0,0,0,0,148.453,0,0,0,0,148.453,
9/1/2026,2022,20230515,20437,1845,"BUCKEYE PARTNERS, LP",Refined and/or Petroleum Product (non-HVL),INTERSTATE,NEW YORK,0,629.243,0,0,0,0,629.243,0,0,0,0,0,0,0,0,629.243,0,0,0,0,629.243,
9/1/2026,2022,20230515,20437,1845,"BUCKEYE PARTNERS, LP",Refined and/or Petroleum Product (non-HVL),INTERSTATE,OHIO,0,1089.513,0,0,0,0,1089.513,0,0,0,0,0,0,0,0,1089.513,0,0,0,0,1089.513,
9/1/2026,2022,20230515,20437,1845,"BUCKEYE PARTNERS, LP",Refined and/or Petroleum Product (non-HVL),INTERSTATE,PENNSYLVANIA,0,1123.038,0,0,0,0,1123.038,0,0,0,0,0,0,0,0,1123.038,0,0,0,0,1123.038,
9/1/2026,2022,20230515,20437,1845,"BUCKEYE PARTNERS, LP",Refined and/or Petroleum Product (non-HVL),INTRASTATE,ALABAMA,0,1.98,0,0,0,0,1.98,0,0,0,0,0,0,0,0,1.98,0,0,0,0,1.98,
9/1/2026,2022,20230515,20437,1845,"BUCKEYE PARTNERS, LP",Refined and/or Petroleum Product (non-HVL),INTRASTATE,IOWA,0,0.073,0,0,0,0,0.073,0,0,0,0,0,0,0,0,0.073,0,0,0,0,0.073,
9/1/2026,2022,20230515,20437,1845,"BUCKEYE PARTNERS, LP",Refined and/or Petroleum Product (non-HVL),INTRASTATE,TEXAS,0,1.723,0,0,0,0,1.723,0,0,0,0,0,0,0,0,1.723,0,0,0,0,1.723,
9/1/2026,2022,20230044,19930,2162,DOW PIPELINE CO - CAYUSE,HVL,INTERSTATE,LOUISIANA,0,166.11,0,0,0,0,166.11,0,0,0,0,0,0,0,0,166.11,0,0,0,0,166.11,
9/1/2026,2022,20230044,19930,2162,DOW PIPELINE CO - CAYUSE,HVL,INTERSTATE,TEXAS,0,82.63,0,0,0,0,82.63,0,0,0,0,0,0,0,0,82.63,0,0,0,0,82.63,
9/1/2026,2022,20230311,20227,2170,CENEX PIPELINE LLC,Refined and/or Petroleum Product (non-HVL),INTERSTATE,MONTANA,0.004,333.9,0,0,0,0,333.904,0,0,0,0,0,0,0,0.004,333.9,0,0,0,0,333.904,
9/1/2026,2022,20230311,20227,2170,CENEX PIPELINE LLC,Refined and/or Petroleum Product (non-HVL),INTERSTATE,NORTH DAKOTA,0,443.27,0,0,0,0,443.27,0,0,0,0,0,0,0,0,443.27,0,0,0,0,443.27,
9/1/2026,2022,20230212,20122,2190,CENTRAL FLORIDA PIPELINE CORP,Refined and/or Petroleum Product (non-HVL),INTRASTATE,FLORIDA,0,205.68,0,0,0,0,205.68,0,0,0,0,0,0,0,0,205.68,0,0,0,0,205.68,
9/1/2026,2022,20230339,20253,2387,CITGO PIPELINE CO,Crude Oil,INTERSTATE,LOUISIANA,0,22.198,0,0.136,0,0,22.334,0,0,0,0,0,0,0,0,22.198,0,0.136,0,0,22.334,
9/1/2026,2022,20230339,20253,2387,CITGO PIPELINE CO,Crude Oil,INTERSTATE,TEXAS,0,41.618,0,0.216,0,0,41.834,0,0,0,0,0,0,0,0,41.618,0,0.216,0,0,41.834,
9/1/2026,2022,20230288,20199,2552,COLONIAL PIPELINE CO,Refined and/or Petroleum Product (non-HVL),INTERSTATE,ALABAMA,0,413.8,0,0,0,0,413.8,0,0,0,0,0,0,0,0,413.8,0,0,0,0,413.8,
9/1/2026,2022,20230288,20199,2552,COLONIAL PIPELINE CO,Refined and/or Petroleum Product (non-HVL),INTERSTATE,DELAWARE,0,4.25,0,0,0,0,4.25,0,0,0,0,0,0,0,0,4.25,0,0,0,0,4.25,
9/1/2026,2022,20230288,20199,2552,COLONIAL PIPELINE CO,Refined and/or Petroleum Product (non-HVL),INTERSTATE,GEORGIA,0,1013.6,64.72,0,0,0,1078.32,0,0,0,0,0,0,0,0,1013.6,64.72,0,0,0,1078.32,
9/1/2026,2022,20230288,20199,2552,COLONIAL PIPELINE CO,Refined and/or Petroleum Product (non-HVL),INTERSTATE,LOUISIANA,0,479.74,0,0,0,0,479.74,0,0,0,0,0,0,0,0,479.74,0,0,0,0,479.74,
9/1/2026,2022,20230288,20199,2552,COLONIAL PIPELINE CO,Refined and/or Petroleum Product (non-HVL),INTERSTATE,MARYLAND,0,308.18,0,0,0,0,308.18,0,0,0,0,0,0,0,0,308.18,0,0,0,0,308.18,
9/1/2026,2022,20230288,20199,2552,COLONIAL PIPELINE CO,Refined and/or Petroleum Product (non-HVL),INTERSTATE,MISSISSIPPI,0,474.13,0,0,0,0,474.13,0,0,0,0,0,0,0,0,474.13,0,0,0,0,474.13,
9/1/2026,2022,20230288,20199,2552,COLONIAL PIPELINE CO,Refined and/or Petroleum Product (non-HVL),INTERSTATE,NEW JERSEY,0,169.65,0,0,0,0,169.65,0,0,0,0,0,0,0,0,169.65,0,0,0,0,169.65,
9/1/2026,2022,20230288,20199,2552,COLONIAL PIPELINE CO,Refined and/or Petroleum Product (non-HVL),INTERSTATE,NEW YORK,0,6.81,0,0,0,0,6.81,0,0,0,0,0,0,0,0,6.81,0,0,0,0,6.81,
9/1/2026,2022,20230288,20199,2552,COLONIAL PIPELINE CO,Refined and/or Petroleum Product (non-HVL),INTERSTATE,NORTH CAROLINA,0,706.59,0,0,0,0,706.59,0,0,0,0,0,0,0,0,706.59,0,0,0,0,706.59,
9/1/2026,2022,20230288,20199,2552,COLONIAL PIPELINE CO,Refined and/or Petroleum Product (non-HVL),INTERSTATE,PENNSYLVANIA,0,38.35,0,0,0,0,38.35,0,0,0,0,0,0,0,0,38.35,0,0,0,0,38.35,
9/1/2026,2022,20230288,20199,2552,COLONIAL PIPELINE CO,Refined and/or Petroleum Product (non-HVL),INTERSTATE,SOUTH CAROLINA,0,377.04,0,0,0,0,377.04,0,0,0,0,0,0,0,0,377.04,0,0,0,0,377.04,
9/1/2026,2022,20230288,20199,2552,COLONIAL PIPELINE CO,Refined and/or Petroleum Product (non-HVL),INTERSTATE,TENNESSEE,0,481.95,0,0,0,0,481.95,0,0,0,0,0,0,0,0,481.95,0,0,0,0,481.95,
9/1/2026,2022,20230288,20199,2552,COLONIAL PIPELINE CO,Refined and/or Petroleum Product (non-HVL),INTERSTATE,TEXAS,0,269.69,0,0,0,0,269.69,0,0,0,0,0,0,0,0,269.69,0,0,0,0,269.69,
9/1/2026,2022,20230288,20199,2552,COLONIAL PIPELINE CO,Refined and/or Petroleum Product (non-HVL),INTERSTATE,VIRGINIA,0,789.25,0,0,0,0,789.25,0,0,0,0,0,0,0,0,789.25,0,0,0,0,789.25,
9/1/2026,2022,20230288,20199,2552,COLONIAL PIPELINE CO,Refined and/or Petroleum Product (non-HVL),INTERSTATE,WASHINGTON DC,0,0.82,0,0,0,0,0.82,0,0,0,0,0,0,0,0,0.82,0,0,0,0,0.82,
9/1/2026,2022,20230081,19977,2714,"EASTERN GAS TRANSMISSION AND STORAGE, INC.",HVL,INTERSTATE,PENNSYLVANIA,0,52.3,0,0,0,0,52.3,0,0,0,0,0,0,0,0,52.3,0,0,0,0,52.3,
9/1/2026,2022,20230081,19977,2714,"EASTERN GAS TRANSMISSION AND STORAGE, INC.",HVL,INTERSTATE,WEST VIRGINIA,0,18.457,0,0,0,0,18.457,0,0,0,0,0,0,0,0,18.457,0,0,0,0,18.457,
9/1/2026,2022,20230081,19977,2714,"EASTERN GAS TRANSMISSION AND STORAGE, INC.",HVL,INTRASTATE,WEST VIRGINIA,0,7.723,0,0,0,0,7.723,0,0,0,0,0,0,0,0,7.723,0,0,0,0,7.723,
9/1/2026,2022,20230080,19976,2714,"EASTERN GAS TRANSMISSION AND STORAGE, INC.",Refined and/or Petroleum Product (non-HVL),INTRASTATE,WEST VIRGINIA,0,29.15,0,0,0,0,29.15,0,0,0,0,0,0,0,0,29.15,0,0,0,0,29.15,
9/1/2026,2022,20230309,20221,2731,CHEVRON PIPE LINE CO,Crude Oil,INTERSTATE,COLORADO,0,15.5,0,0,0,0,15.5,0,0,0,0,0,0,0,0,15.5,0,0,0,0,15.5,
9/1/2026,2022,20230309,20221,2731,CHEVRON PIPE LINE CO,Crude Oil,INTERSTATE,LOUISIANA,0,192.6,0,0,0,0,192.6,0,0,0,0,0,0,0,0,192.6,0,0,0,0,192.6,
9/1/2026,2022,20230309,20221,2731,CHEVRON PIPE LINE CO,Crude Oil,INTERSTATE,MISSISSIPPI,0,40.9,0,0,0,0,40.9,0,0,0,0,0,0,0,0,40.9,0,0,0,0,40.9,
9/1/2026,2022,20230309,20221,2731,CHEVRON PIPE LINE CO,Crude Oil,INTERSTATE,OCS-Gulf of Mexico,0,0,0,0,0,0,0,0,187.3,0,0,0,0,187.3,0,187.3,0,0,0,0,187.3,
9/1/2026,2022,20230309,20221,2731,CHEVRON PIPE LINE CO,Crude Oil,INTERSTATE,UTAH,0,344.5,0,0,0,0,344.5,0,0,0,0,0,0,0,0,344.5,0,0,0,0,344.5,
9/1/2026,2022,20230309,20221,2731,CHEVRON PIPE LINE CO,Crude Oil,INTRASTATE,CALIFORNIA,0,92.9,0,0,0,0,92.9,0,0,0,0,0,0,0,0,92.9,0,0,0,0,92.9,
9/1/2026,2022,20230317,20230,2731,CHEVRON PIPE LINE CO,HVL,INTRASTATE,LOUISIANA,0,18.5,0,0,0,0,18.5,0,0,0,0,0,0,0,0,18.5,0,0,0,0,18.5,
9/1/2026,2022,20230317,20230,2731,CHEVRON PIPE LINE CO,HVL,INTRASTATE,TEXAS,0,1037.6,0,0,0,0,1037.6,0,0,0,0,0,0,0,0,1037.6,0,0,0,0,1037.6,
9/1/2026,2022,20230521,20893,2731,CHEVRON PIPE LINE CO,Refined and/or Petroleum Product (non-HVL),INTRASTATE,CALIFORNIA,0,320.2,0,0,0,0,320.2,0,0,0,0,0,0,0,0,320.2,0,0,0,0,320.2,
9/1/2026,2022,20230521,20893,2731,CHEVRON PIPE LINE CO,Refined and/or Petroleum Product (non-HVL),INTRASTATE,UTAH,0,2.7,0,0,0,0,2.7,0,0,0,0,0,0,0,0,2.7,0,0,0,0,2.7,
9/1/2026,2022,20230281,20819,2767,"HARVEST ALASKA, LLC",Crude Oil,INTERSTATE,ALASKA,0,0,43.97,0,0,0,43.97,0,5.96,4.75,0,0,0,10.71,0,5.96,48.72,0,0,0,54.68,
9/1/2026,2022,20230281,20819,2767,"HARVEST ALASKA, LLC",Crude Oil,INTRASTATE,ALASKA,0,44.05,0,0,0,0,44.05,0,20.92,0,0,0,0,20.92,0,64.97,0,0,0,0,64.97,
9/1/2026,2022,20230557,20481,3445,DIXIE PIPELINE COMPANY LLC,HVL,INTERSTATE,ALABAMA,0,253.175,0,0,0,0,253.175,0,0,0,0,0,0,0,0,253.175,0,0,0,0,253.175,
9/1/2026,2022,20230557,20481,3445,DIXIE PIPELINE COMPANY LLC,HVL,INTERSTATE,GEORGIA,0,362.086,0,0,0,0,362.086,0,0,0,0,0,0,0,0,362.086,0,0,0,0,362.086,
9/1/2026,2022,20230557,20481,3445,DIXIE PIPELINE COMPANY LLC,HVL,INTERSTATE,LOUISIANA,0,234.976,0,0,0,0,234.976,0,0,0,0,0,0,0,0,234.976,0,0,0,0,234.976,
9/1/2026,2022,20230557,20481,3445,DIXIE PIPELINE COMPANY LLC,HVL,INTERSTATE,MISSISSIPPI,0,123.33,0,0,0,0,123.33,0,0,0,0,0,0,0,0,123.33,0,0,0,0,123.33,
9/1/2026,2022,20230557,20481,3445,DIXIE PIPELINE COMPANY LLC,HVL,INTERSTATE,NORTH CAROLINA,0,89.455,0,0,0,0,89.455,0,0,0,0,0,0,0,0,89.455,0,0,0,0,89.455,
9/1/2026,2022,20230557,20481,3445,DIXIE PIPELINE COMPANY LLC,HVL,INTERSTATE,SOUTH CAROLINA,0,164.044,0,0,0,0,164.044,0,0,0,0,0,0,0,0,164.044,0,0,0,0,164.044,
9/1/2026,2022,20230557,20481,3445,DIXIE PIPELINE COMPANY LLC,HVL,INTERSTATE,TEXAS,0,79.081,0,0,0,0,79.081,0,0,0,0,0,0,0,0,79.081,0,0,0,0,79.081,
9/1/2026,2022,20230047,19933,3527,DOW PIPELINE CO,HVL,INTRASTATE,TEXAS,0,479.19,0,0,0,0,479.19,0,0,0,0,0,0,0,0,479.19,0,0,0,0,479.19,
9/1/2026,2022,20230043,19929,3535,DOW PIPELINE CO,HVL,INTRASTATE,LOUISIANA,0,197.43,0,0,0,0,197.43,0,0,0,0,0,0,0,0,197.43,0,0,0,0,197.43,
9/1/2026,2022,20230616,20540,4430,VALERO TERMINALING AND DISTRIBUTION COMPANY,Crude Oil,INTERSTATE,ILLINOIS,0,0.63,0,0,0,0,0.63,0,0,0,0,0,0,0,0,0.63,0,0,0,0,0.63,
9/1/2026,2022,20230616,20540,4430,VALERO TERMINALING AND DISTRIBUTION COMPANY,Crude Oil,INTERSTATE,TENNESSEE,0,0.24,0,0,0,0,0.24,0,0,0,0,0,0,0,0,0.24,0,0,0,0,0.24,
9/1/2026,2022,20230616,20540,4430,VALERO TERMINALING AND DISTRIBUTION COMPANY,Crude Oil,INTRASTATE,TEXAS,0,4.48,0,0,0,0,4.48,0,0,0,0,0,0,0,0,4.48,0,0,0,0,4.48,
9/1/2026,2022,20230615,20539,4430,VALERO TERMINALING AND DISTRIBUTION COMPANY,HVL,INTERSTATE,TEXAS,0,52.12,0,0,0,0,52.12,0,0,0,0,0,0,0,0,52.12,0,0,0,0,52.12,
9/1/2026,2022,20230615,20539,4430,VALERO TERMINALING AND DISTRIBUTION COMPANY,HVL,INTRASTATE,TEXAS,0,40.84,0,0,0,0,40.84,0,0,0,0,0,0,0,0,40.84,0,0,0,0,40.84,
9/1/2026,2022,20230618,20761,4430,VALERO TERMINALING AND DISTRIBUTION COMPANY,Refined and/or Petroleum Product (non-HVL),INTERSTATE,ILLINOIS,0,10.68,0,0,0,0,10.68,0,0,0,0,0,0,0,0,10.68,0,0,0,0,10.68,
9/1/2026,2022,20230618,20761,4430,VALERO TERMINALING AND DISTRIBUTION COMPANY,Refined and/or Petroleum Product (non-HVL),INTERSTATE,INDIANA,0,3.16,0,0,0,0,3.16,0,0,0,0,0,0,0,0,3.16,0,0,0,0,3.16,
9/1/2026,2022,20230618,20761,4430,VALERO TERMINALING AND DISTRIBUTION COMPANY,Refined and/or Petroleum Product (non-HVL),INTRASTATE,TENNESSEE,0,0.45,0,0,0,0,0.45,0,0,0,0,0,0,0,0,0.45,0,0,0,0,0.45,
9/1/2026,2022,20230618,20761,4430,VALERO TERMINALING AND DISTRIBUTION COMPANY,Refined and/or Petroleum Product (non-HVL),INTRASTATE,TEXAS,0,71.28,0,0,0,0,71.28,0,0,0,0,0,0,0,0,71.28,0,0,0,0,71.28,
9/1/2026,2022,20230258,20169,4461,"EOG RESOURCES, INC",Crude Oil,INTRASTATE,TEXAS,0,52.455,0,0,0,0,52.455,0,0,0,0,0,0,0,0,52.455,0,0,0,0,52.455,
9/1/2026,2022,20230275,20186,4472,CYPRESS INTERSTATE PIPELINE LLC,HVL,INTERSTATE,LOUISIANA,0,27.13,0,0,0,0,27.13,0,0,0,0,0,0,0,0,27.13,0,0,0,0,27.13,
9/1/2026,2022,20230275,20186,4472,CYPRESS INTERSTATE PIPELINE LLC,HVL,INTERSTATE,TEXAS,0,77.2,0,0,0,0,77.2,0,0,0,0,0,0,0,0,77.2,0,0,0,0,77.2,
9/1/2026,2022,20230221,20131,4805,EXPLORER PIPELINE CO,Refined and/or Petroleum Product (non-HVL),INTERSTATE,ILLINOIS,0,280.79,0,0,0,0,280.79,0,0,0,0,0,0,0,0,280.79,0,0,0,0,280.79,
9/1/2026,2022,20230221,20131,4805,EXPLORER PIPELINE CO,Refined and/or Petroleum Product (non-HVL),INTERSTATE,INDIANA,0,41.06,0,0,0,0,41.06,0,0,0,0,0,0,0,0,41.06,0,0,0,0,41.06,
9/1/2026,2022,20230221,20131,4805,EXPLORER PIPELINE CO,Refined and/or Petroleum Product (non-HVL),INTERSTATE,MISSOURI,0,295.28,0,0,0,0,295.28,0,0,0,0,0,0,0,0,295.28,0,0,0,0,295.28,
9/1/2026,2022,20230221,20131,4805,EXPLORER PIPELINE CO,Refined and/or Petroleum Product (non-HVL),INTERSTATE,OKLAHOMA,0,321.53,0,0,0,0,321.53,0,0,0,0,0,0,0,0,321.53,0,0,0,0,321.53,
9/1/2026,2022,20230221,20131,4805,EXPLORER PIPELINE CO,Refined and/or Petroleum Product (non-HVL),INTERSTATE,TEXAS,0,933.86,0,0,0,0,933.86,0,0,0,0,0,0,0,0,933.86,0,0,0,0,933.86,
9/1/2026,2022,20230682,20608,4906,EXXONMOBIL PIPELINE COMPANY LLC,Crude Oil,INTERSTATE,LOUISIANA,0,222.38,0,0,0,0,222.38,0,0,0,0,0,0,0,0,222.38,0,0,0,0,222.38,
9/1/2026,2022,20230682,20608,4906,EXXONMOBIL PIPELINE COMPANY LLC,Crude Oil,INTERSTATE,NEW MEXICO,0,12.58,0,0,0,0,12.58,0,0,0,0,0,0,0,0,12.58,0,0,0,0,12.58,
9/1/2026,2022,20230682,20608,4906,EXXONMOBIL PIPELINE COMPANY LLC,Crude Oil,INTERSTATE,OCS-Gulf of Mexico,0,0,0,0,0,0,0,0,138.1,0,0,0,0,138.1,0,138.1,0,0,0,0,138.1,
9/1/2026,2022,20230682,20608,4906,EXXONMOBIL PIPELINE COMPANY LLC,Crude Oil,INTERSTATE,TEXAS,0,131.2,0,0,0,0,131.2,0,14.43,0,0,0,0,14.43,0,145.63,0,0,0,0,145.63,none
9/1/2026,2022,20230682,20608,4906,EXXONMOBIL PIPELINE COMPANY LLC,Crude Oil,INTRASTATE,MONTANA,0,71.02,0,0,0,0,71.02,0,0,0,0,0,0,0,0,71.02,0,0,0,0,71.02,
9/1/2026,2022,20230682,20608,4906,EXXONMOBIL PIPELINE COMPANY LLC,Crude Oil,INTRASTATE,TEXAS,0,49.37,0,0,0,0,49.37,0,0,0,0,0,0,0,0,49.37,0,0,0,0,49.37,Fiberglass
9/1/2026,2022,20230639,20563,4906,EXXONMOBIL PIPELINE COMPANY LLC,HVL,INTRASTATE,LOUISIANA,0,636.8,0,0,0,0,636.8,0,0,0,0,0,0,0,0,636.8,0,0,0,0,636.8,
9/1/2026,2022,20230639,20563,4906,EXXONMOBIL PIPELINE COMPANY LLC,HVL,INTRASTATE,TEXAS,0,710.55,0,0,0,0,710.55,0,0,0,0,0,0,0,0,710.55,0,0,0,0,710.55,
9/1/2026,2022,20230680,20606,4906,EXXONMOBIL PIPELINE COMPANY LLC,Refined and/or Petroleum Product (non-HVL),INTERSTATE,ILLINOIS,0,1.12,0,0,0,0,1.12,0,0,0,0,0,0,0,0,1.12,0,0,0,0,1.12,
9/1/2026,2022,20230680,20606,4906,EXXONMOBIL PIPELINE COMPANY LLC,Refined and/or Petroleum Product (non-HVL),INTERSTATE,LOUISIANA,0,19.75,0,0,0,0,19.75,0,0,0,0,0,0,0,0,19.75,0,0,0,0,19.75,
9/1/2026,2022,20230680,20606,4906,EXXONMOBIL PIPELINE COMPANY LLC,Refined and/or Petroleum Product (non-HVL),INTERSTATE,TEXAS,0,24.99,0,0,0,0,24.99,0,0,0,0,0,0,0,0,24.99,0,0,0,0,24.99,
9/1/2026,2022,20230680,20606,4906,EXXONMOBIL PIPELINE COMPANY LLC,Refined and/or Petroleum Product (non-HVL),INTERSTATE,WASHINGTON,0,0.95,0,0,0,0,0.95,0,0,0,0,0,0,0,0,0.95,0,0,0,0,0.95,
9/1/2026,2022,20230680,20606,4906,EXXONMOBIL PIPELINE COMPANY LLC,Refined and/or Petroleum Product (non-HVL),INTRASTATE,LOUISIANA,0,8.9,0,0,0,0,8.9,0,0,0,0,0,0,0,0,8.9,0,0,0,0,8.9,
9/1/2026,2022,20230680,20606,4906,EXXONMOBIL PIPELINE COMPANY LLC,Refined and/or Petroleum Product (non-HVL),INTRASTATE,TEXAS,0,565.65,0,0,0,0,565.65,0,0,0,0,0,0,0,0,565.65,0,0,0,0,565.65,
9/1/2026,2022,20230220,20130,4908,"EXXONMOBIL PRODUCTION COMPANY, A DIVISION OF EXXON MOBIL CORPORATION",CO2,INTRASTATE,WYOMING,0,160.48,0,0,0,0,160.48,0,0,0,0,0,0,0,0,160.48,0,0,0,0,160.48,
9/1/2026,2022,20230218,20128,4908,"EXXONMOBIL PRODUCTION COMPANY, A DIVISION OF EXXON MOBIL CORPORATION",Crude Oil,INTERSTATE,CALIFORNIA,0,1.15,0,0,0,0,1.15,0,5.05,0,0,0,0,5.05,0,6.2,0,0,0,0,6.2,
9/1/2026,2022,20230218,20128,4908,"EXXONMOBIL PRODUCTION COMPANY, A DIVISION OF EXXON MOBIL CORPORATION",Crude Oil,INTERSTATE,OCS-Pacific,0,0,0,0,0,0,0,0,4.63,0,0,0,0,4.63,0,4.63,0,0,0,0,4.63,
9/1/2026,2022,20230322,21008,5081,"COFFEYVILLE RESOURCES CRUDE TRANSPORTATION, LLC",Crude Oil,INTERSTATE,KANSAS,36.56,135.88,0,0,0,0,172.44,0,0,0,0,0,0,0,36.56,135.88,0,0,0,0,172.44,
9/1/2026,2022,20230322,21008,5081,"COFFEYVILLE RESOURCES CRUDE TRANSPORTATION, LLC",Crude Oil,INTERSTATE,OKLAHOMA,1.33,79.24,0,0,0,0,80.57,0,0,0,0,0,0,0,1.33,79.24,0,0,0,0,80.57,
9/1/2026,2022,20230322,21008,5081,"COFFEYVILLE RESOURCES CRUDE TRANSPORTATION, LLC",Crude Oil,INTRASTATE,KANSAS,0,47.06,0,0,0,0,47.06,0,0,0,0,0,0,0,0,47.06,0,0,0,0,47.06,
9/1/2026,2022,20230322,21008,5081,"COFFEYVILLE RESOURCES CRUDE TRANSPORTATION, LLC",Crude Oil,INTRASTATE,OKLAHOMA,199.74,461.16,0,0,0,0,660.9,0,0,0,0,0,0,0,199.74,461.16,0,0,0,0,660.9,
9/1/2026,2022,20230240,20151,6911,GULF STATE PIPELINE CO INC,Refined and/or Petroleum Product (non-HVL),INTRASTATE,TEXAS,0,54,0,0,0,0,54,0,0,0,0,0,0,0,0,54,0,0,0,0,54,
9/1/2026,2022,20230430,20349,7063,HARBOR PIPELINE CO,Refined and/or Petroleum Product (non-HVL),INTERSTATE,NEW JERSEY,0,80.38,0,0,0,0,80.38,0,0,0,0,0,0,0,0,80.38,0,0,0,0,80.38,
9/1/2026,2022,20230303,20214,7660,HUNT CRUDE OIL SUPPLY CO,Crude Oil,INTERSTATE,ALABAMA,0,105,0,0,0,0,105,0,0,0,0,0,0,0,0,105,0,0,0,0,105,
9/1/2026,2022,20230303,20214,7660,HUNT CRUDE OIL SUPPLY CO,Crude Oil,INTERSTATE,MISSISSIPPI,0,97.72,0,0,0,0,97.72,0,0,0,0,0,0,0,0,97.72,0,0,0,0,97.72,
9/1/2026,2022,20230303,20214,7660,HUNT CRUDE OIL SUPPLY CO,Crude Oil,INTRASTATE,ALABAMA,0,30.32,0,0,0,0,30.32,0,0,0,0,0,0,0,0,30.32,0,0,0,0,30.32,
9/1/2026,2022,20230194,20104,8014,IDAHO PIPELINE CORP,Refined and/or Petroleum Product (non-HVL),INTRASTATE,IDAHO,0,2.32,0,0,0,0,2.32,0,0,0,0,0,0,0,0,2.32,0,0,0,0,2.32,
9/1/2026,2022,20230122,20924,8175,INTERSTATE STORAGE & PIPELINE C0,Refined and/or Petroleum Product (non-HVL),INTRASTATE,NEW JERSEY,0,11.52,0,0,0,0,11.52,0,0,0,0,0,0,0,0,11.52,0,0,0,0,11.52,
9/1/2026,2022,20230264,20175,9175,JAYHAWK PIPELINE LLC,Crude Oil,INTERSTATE,KANSAS,0,533.97,0,0,0,0,533.97,0,0,0,0,0,0,0,0,533.97,0,0,0,0,533.97,
9/1/2026,2022,20230264,20175,9175,JAYHAWK PIPELINE LLC,Crude Oil,INTERSTATE,NEBRASKA,0,28.95,0,0,0,0,28.95,0,0,0,0,0,0,0,0,28.95,0,0,0,0,28.95,
9/1/2026,2022,20230264,20175,9175,JAYHAWK PIPELINE LLC,Crude Oil,INTERSTATE,OKLAHOMA,0,49.77,0,0,0,0,49.77,0,0,0,0,0,0,0,0,49.77,0,0,0,0,49.77,
9/1/2026,2022,20230264,20175,9175,JAYHAWK PIPELINE LLC,Crude Oil,INTERSTATE,TEXAS,0,17.34,0,0,0,0,17.34,0,0,0,0,0,0,0,0,17.34,0,0,0,0,17.34,
9/1/2026,2022,20230264,20175,9175,JAYHAWK PIPELINE LLC,Crude Oil,INTRASTATE,KANSAS,0,148.83,0,0,0,0,148.83,0,0,0,0,0,0,0,0,148.83,0,0,0,0,148.83,
9/1/2026,2022,20230539,20463,10012,NUSTAR PIPELINE OPERATING PARTNERSHIP L.P.,HVL,INTERSTATE,ARKANSAS,0,265.7,0,0,0,0,265.7,0,0,0,0,0,0,0,0,265.7,0,0,0,0,265.7,
9/1/2026,2022,20230539,20463,10012,NUSTAR PIPELINE OPERATING PARTNERSHIP L.P.,HVL,INTERSTATE,ILLINOIS,0,178.4,0,0,0,0,178.4,0,0,0,0,0,0,0,0,178.4,0,0,0,0,178.4,
9/1/2026,2022,20230539,20463,10012,NUSTAR PIPELINE OPERATING PARTNERSHIP L.P.,HVL,INTERSTATE,INDIANA,0,171.4,0,0,0,0,171.4,0,0,0,0,0,0,0,0,171.4,0,0,0,0,171.4,
9/1/2026,2022,20230539,20463,10012,NUSTAR PIPELINE OPERATING PARTNERSHIP L.P.,HVL,INTERSTATE,IOWA,0,439.7,0,0,0,0,439.7,0,0,0,0,0,0,0,0,439.7,0,0,0,0,439.7,
9/1/2026,2022,20230539,20463,10012,NUSTAR PIPELINE OPERATING PARTNERSHIP L.P.,HVL,INTERSTATE,KANSAS,0,126.4,0,0,0,0,126.4,0,0,0,0,0,0,0,0,126.4,0,0,0,0,126.4,
9/1/2026,2022,20230539,20463,10012,NUSTAR PIPELINE OPERATING PARTNERSHIP L.P.,HVL,INTERSTATE,LOUISIANA,0,387.3,0,0,0,0,387.3,0,0,0,0,0,0,0,0,387.3,0,0,0,0,387.3,
9/1/2026,2022,20230539,20463,10012,NUSTAR PIPELINE OPERATING PARTNERSHIP L.P.,HVL,INTERSTATE,MISSOURI,0,412.6,0,0,0,0,412.6,0,0,0,0,0,0,0,0,412.6,0,0,0,0,412.6,
9/1/2026,2022,20230539,20463,10012,NUSTAR PIPELINE OPERATING PARTNERSHIP L.P.,HVL,INTERSTATE,NEBRASKA,0,316,0,0,0,0,316,0,0,0,0,0,0,0,0,316,0,0,0,0,316,
9/1/2026,2022,20230539,20463,10012,NUSTAR PIPELINE OPERATING PARTNERSHIP L.P.,HVL,INTERSTATE,SOUTH DAKOTA,0,2.2,0,0,0,0,2.2,0,0,0,0,0,0,0,0,2.2,0,0,0,0,2.2,
9/1/2026,2022,20230540,20464,10012,NUSTAR PIPELINE OPERATING PARTNERSHIP L.P.,Refined and/or Petroleum Product (non-HVL),INTERSTATE,IOWA,0,272.2,0,0,0,0,272.2,0,0,0,0,0,0,0,0,272.2,0,0,0,0,272.2,
9/1/2026,2022,20230540,20464,10012,NUSTAR PIPELINE OPERATING PARTNERSHIP L.P.,Refined and/or Petroleum Product (non-HVL),INTERSTATE,KANSAS,0,506.7,0,0,0,0,506.7,0,0,0,0,0,0,0,0,506.7,0,0,0,0,506.7,
9/1/2026,2022,20230540,20464,10012,NUSTAR PIPELINE OPERATING PARTNERSHIP L.P.,Refined and/or Petroleum Product (non-HVL),INTERSTATE,MINNESOTA,0,235.8,0,0,0,0,235.8,0,0,0,0,0,0,0,0,235.8,0,0,0,0,235.8,
9/1/2026,2022,20230540,20464,10012,NUSTAR PIPELINE OPERATING PARTNERSHIP L.P.,Refined and/or Petroleum Product (non-HVL),INTERSTATE,NEBRASKA,0,598.8,0,0,0,0,598.8,0,0,0,0,0,0,0,0,598.8,0,0,0,0,598.8,
9/1/2026,2022,20230540,20464,10012,NUSTAR PIPELINE OPERATING PARTNERSHIP L.P.,Refined and/or Petroleum Product (non-HVL),INTERSTATE,NORTH DAKOTA,0,275.9,0,0,0,0,275.9,0,0,0,0,0,0,0,0,275.9,0,0,0,0,275.9,
9/1/2026,2022,20230540,20464,10012,NUSTAR PIPELINE OPERATING PARTNERSHIP L.P.,Refined and/or Petroleum Product (non-HVL),INTERSTATE,SOUTH DAKOTA,0,309,0,0,0,0,309,0,0,0,0,0,0,0,0,309,0,0,0,0,309,
9/1/2026,2022,20230540,20464,10012,NUSTAR PIPELINE OPERATING PARTNERSHIP L.P.,Refined and/or Petroleum Product (non-HVL),INTRASTATE,WYOMING,0,6.8,0,0,0,0,6.8,0,0,0,0,0,0,0,0,6.8,0,0,0,0,6.8,
9/1/2026,2022,20230487,20407,10250,KIANTONE PIPELINE CORP,Crude Oil,INTERSTATE,NEW YORK,0,64.92,0,0,0,0,64.92,0,0,0,0,0,0,0,0,64.92,0,0,0,0,64.92,
9/1/2026,2022,20230487,20407,10250,KIANTONE PIPELINE CORP,Crude Oil,INTERSTATE,PENNSYLVANIA,0,16.86,0,0,0,0,16.86,0,0,0,0,0,0,0,0,16.86,0,0,0,0,16.86,
9/1/2026,2022,20230489,20409,10250,KIANTONE PIPELINE CORP,Refined and/or Petroleum Product (non-HVL),INTRASTATE,PENNSYLVANIA,0,6.662,0,0,0,0,6.662,0,0,0,0,0,0,0,0,6.662,0,0,0,0,6.662,
9/1/2026,2022,20230377,20344,10346,KUPARUK TRANSPORTATION CO,Crude Oil,INTERSTATE,ALASKA,0,0,29.247,7.617,0,0,36.864,0,0,0,0,0,0,0,0,0,29.247,7.617,0,0,36.864,
9/1/2026,2022,20230058,19946,11032,SPIRE MISSOURI INC. EAST,HVL,INTERSTATE,ILLINOIS,0,26.851,0,0,0,0,26.851,0,0,0,0,0,0,0,0,26.851,0,0,0,0,26.851,
9/1/2026,2022,20230058,19946,11032,SPIRE MISSOURI INC. EAST,HVL,INTERSTATE,MISSOURI,0,13.191,0,0,0,0,13.191,0,0,0,0,0,0,0,0,13.191,0,0,0,0,13.191,
9/1/2026,2022,20230327,20241,11169,"ENBRIDGE ENERGY, LIMITED PARTNERSHIP",Crude Oil,INTERSTATE,ILLINOIS,0,522.296,0,0,0,0,522.296,0,0,0,0,0,0,0,0,522.296,0,0,0,0,522.296,
9/1/2026,2022,20230327,20241,11169,"ENBRIDGE ENERGY, LIMITED PARTNERSHIP",Crude Oil,INTERSTATE,INDIANA,0,172.759,0,0,0,0,172.759,0,0,0,0,0,0,0,0,172.759,0,0,0,0,172.759,
9/1/2026,2022,20230327,20241,11169,"ENBRIDGE ENERGY, LIMITED PARTNERSHIP",Crude Oil,INTERSTATE,MICHIGAN,0,1075.237,0,0,0,0,1075.237,0,0,0,0,0,0,0,0,1075.237,0,0,0,0,1075.237,
9/1/2026,2022,20230327,20241,11169,"ENBRIDGE ENERGY, LIMITED PARTNERSHIP",Crude Oil,INTERSTATE,MINNESOTA,0,1585.722,0,0,0,0,1585.722,0,0,0,0,0,0,0,0,1585.722,0,0,0,0,1585.722,
9/1/2026,2022,20230327,20241,11169,"ENBRIDGE ENERGY, LIMITED PARTNERSHIP",Crude Oil,INTERSTATE,NEW YORK,0,29.973,0,0,0,0,29.973,0,0,0,0,0,0,0,0,29.973,0,0,0,0,29.973,
9/1/2026,2022,20230327,20241,11169,"ENBRIDGE ENERGY, LIMITED PARTNERSHIP",Crude Oil,INTERSTATE,NORTH DAKOTA,0,152.438,0,0,0,0,152.438,0,0,0,0,0,0,0,0,152.438,0,0,0,0,152.438,
9/1/2026,2022,20230327,20241,11169,"ENBRIDGE ENERGY, LIMITED PARTNERSHIP",Crude Oil,INTERSTATE,WISCONSIN,0,1181.065,0,0,0,0,1181.065,0,0,0,0,0,0,0,0,1181.065,0,0,0,0,1181.065,
9/1/2026,2022,20230328,20242,11169,"ENBRIDGE ENERGY, LIMITED PARTNERSHIP",HVL,INTERSTATE,MINNESOTA,0,284.645,0,0,0,0,284.645,0,0,0,0,0,0,0,0,284.645,0,0,0,0,284.645,
9/1/2026,2022,20230328,20242,11169,"ENBRIDGE ENERGY, LIMITED PARTNERSHIP",HVL,INTERSTATE,NORTH DAKOTA,0,27.944,0,0,0,0,27.944,0,0,0,0,0,0,0,0,27.944,0,0,0,0,27.944,
9/1/2026,2022,20230328,20242,11169,"ENBRIDGE ENERGY, LIMITED PARTNERSHIP",HVL,INTERSTATE,WISCONSIN,0,13.261,0,0,0,0,13.261,0,0,0,0,0,0,0,0,13.261,0,0,0,0,13.261,
9/1/2026,2022,20230659,20585,11272,LAVACA PIPELINE CO,HVL,INTRASTATE,TEXAS,0,54.91,0,0,0,0,54.91,0,0,0,0,0,0,0,0,54.91,0,0,0,0,54.91,
9/1/2026,2022,20230660,20586,11272,LAVACA PIPELINE CO,Refined and/or Petroleum Product (non-HVL),INTRASTATE,TEXAS,0,10.87,0,0,0,0,10.87,0,0,0,0,0,0,0,0,10.87,0,0,0,0,10.87,
9/1/2026,2022,20230622,20546,11551,"DELEK LOGISTICS OPERATING, LLC.",Crude Oil,INTERSTATE,ARKANSAS,15.3,15.4,0,0,0,0,30.7,0,0,0,0,0,0,0,15.3,15.4,0,0,0,0,30.7,
9/1/2026,2022,20230622,20546,11551,"DELEK LOGISTICS OPERATING, LLC.",Crude Oil,INTERSTATE,LOUISIANA,2.52,62.65,0,0,0,0,65.17,0,0,0,0,0,0,0,2.52,62.65,0,0,0,0,65.17,
9/1/2026,2022,20230622,20546,11551,"DELEK LOGISTICS OPERATING, LLC.",Crude Oil,INTRASTATE,ARKANSAS,7.09,98.22,0,0,0,0,105.31,0,0,0,0,0,0,0,7.09,98.22,0,0,0,0,105.31,
9/1/2026,2022,20230622,20546,11551,"DELEK LOGISTICS OPERATING, LLC.",Crude Oil,INTRASTATE,TEXAS,0,196.37,0,0,0,0,196.37,0,0,0,0,0,0,0,0,196.37,0,0,0,0,196.37,
9/1/2026,2022,20230623,20547,11551,"DELEK LOGISTICS OPERATING, LLC.",Refined and/or Petroleum Product (non-HVL),INTRASTATE,ARKANSAS,0,170.37,0,0,0,0,170.37,0,0,0,0,0,0,0,0,170.37,0,0,0,0,170.37,
9/1/2026,2022,20230571,20495,11733,LOOP LLC,Crude Oil,INTERSTATE,LOUISIANA,0,91.5,0,0,0,0,91.5,0,3,0,0,0,0,3,0,94.5,0,0,0,0,94.5,
9/1/2026,2022,20230571,20495,11733,LOOP LLC,Crude Oil,INTERSTATE,OCS-Gulf of Mexico,0,0,0,0,0,0,0,0,19.6,0,0,0,0,19.6,0,19.6,0,0,0,0,19.6,
9/1/2026,2022,20230569,20493,11733,LOOP LLC,Refined and/or Petroleum Product (non-HVL),INTERSTATE,LOUISIANA,0,3.4,0,0,0,0,3.4,0,3,0,0,0,0,3,0,6.4,0,0,0,0,6.4,
9/1/2026,2022,20230569,20493,11733,LOOP LLC,Refined and/or Petroleum Product (non-HVL),INTERSTATE,OCS-Gulf of Mexico,0,0,0,0,0,0,0,0,15,0,0,0,0,15,0,15,0,0,0,0,15,
9/1/2026,2022,20230434,20354,12470,MID - VALLEY PIPELINE CO,Crude Oil,INTERSTATE,ARKANSAS,0,15.06,0,0,0,0,15.06,0,0,0,0,0,0,0,0,15.06,0,0,0,0,15.06,
9/1/2026,2022,20230434,20354,12470,MID - VALLEY PIPELINE CO,Crude Oil,INTERSTATE,KENTUCKY,0,229.04,0,0,0,0,229.04,0,0,0,0,0,0,0,0,229.04,0,0,0,0,229.04,
9/1/2026,2022,20230434,20354,12470,MID - VALLEY PIPELINE CO,Crude Oil,INTERSTATE,LOUISIANA,0,230.35,0,0,0,0,230.35,0,0,0,0,0,0,0,0,230.35,0,0,0,0,230.35,
9/1/2026,2022,20230434,20354,12470,MID - VALLEY PIPELINE CO,Crude Oil,INTERSTATE,MICHIGAN,0,7.14,0,0,0,0,7.14,0,0,0,0,0,0,0,0,7.14,0,0,0,0,7.14,
9/1/2026,2022,20230434,20354,12470,MID - VALLEY PIPELINE CO,Crude Oil,INTERSTATE,MISSISSIPPI,0,193.64,0,0,0,0,193.64,0,0,0,0,0,0,0,0,193.64,0,0,0,0,193.64,
9/1/2026,2022,20230434,20354,12470,MID - VALLEY PIPELINE CO,Crude Oil,INTERSTATE,OHIO,0,238.18,0,0,0,0,238.18,0,0,0,0,0,0,0,0,238.18,0,0,0,0,238.18,
9/1/2026,2022,20230434,20354,12470,MID - VALLEY PIPELINE CO,Crude Oil,INTERSTATE,TENNESSEE,0,153.75,0,0,0,0,153.75,0,0,0,0,0,0,0,0,153.75,0,0,0,0,153.75,
9/1/2026,2022,20230434,20354,12470,MID - VALLEY PIPELINE CO,Crude Oil,INTERSTATE,TEXAS,0,47.96,0,0,0,0,47.96,0,0,0,0,0,0,0,0,47.96,0,0,0,0,47.96,
9/1/2026,2022,20230606,20530,12624,EXXONMOBIL OIL CORPORATION,Crude Oil,INTRASTATE,TEXAS,0,8.08,0,0,0,0,8.08,0,0,0,0,0,0,0,0,8.08,0,0,0,0,8.08,
9/1/2026,2022,20230608,20532,12624,EXXONMOBIL OIL CORPORATION,HVL,INTRASTATE,TEXAS,0,249.65,0,0,0,0,249.65,0,0,0,0,0,0,0,0,249.65,0,0,0,0,249.65,
9/1/2026,2022,20230607,20531,12624,EXXONMOBIL OIL CORPORATION,Refined and/or Petroleum Product (non-HVL),INTRASTATE,TEXAS,0,27.18,0,0,0,0,27.18,0,0,0,0,0,0,0,0,27.18,0,0,0,0,27.18,
9/1/2026,2022,20230605,20529,12628,MOBIL  PIPE  LINE COMPANY,Crude Oil,INTERSTATE,ILLINOIS,0,21.04,0,0,0,0,21.04,0,0,0,0,0,0,0,0,21.04,0,0,0,0,21.04,
9/1/2026,2022,20230605,20529,12628,MOBIL  PIPE  LINE COMPANY,Crude Oil,INTRASTATE,TEXAS,0,17.9,0,0,0,0,17.9,0,0,0,0,0,0,0,0,17.9,0,0,0,0,17.9,
9/1/2026,2022,20230582,20506,12628,MOBIL  PIPE  LINE COMPANY,HVL,INTRASTATE,TEXAS,0,164.99,0,0,0,0,164.99,0,0,0,0,0,0,0,0,164.99,0,0,0,0,164.99,
9/1/2026,2022,20230585,20509,12628,MOBIL  PIPE  LINE COMPANY,Refined and/or Petroleum Product (non-HVL),INTRASTATE,ILLINOIS,0,3.28,0,0,0,0,3.28,0,0,0,0,0,0,0,0,3.28,0,0,0,0,3.28,
9/1/2026,2022,20230581,20505,12634,EXXONMOBIL OIL CORPORATION,HVL,INTRASTATE,TEXAS,0,186.39,0,0,0,0,186.39,0,0,0,0,0,0,0,0,186.39,0,0,0,0,186.39,
9/1/2026,2022,20230590,20514,12913,SUPERIOR REFINING COMPANY LLC,Refined and/or Petroleum Product (non-HVL),INTRASTATE,WISCONSIN,0,5.568,0,0,0,0,5.568,0,0,0,0,0,0,0,0,5.568,0,0,0,0,5.568,
9/1/2026,2022,20230480,20707,14145,"ENLINK OHIO RIVER VALLEY PIPELINE, LLC",Crude Oil,INTERSTATE,OHIO,0,34.23,0,0,0,0,34.23,0,0,0,0,0,0,0,0,34.23,0,0,0,0,34.23,
9/1/2026,2022,20230617,20541,14194,"OILTANKING, HOUSTON LP",Refined and/or Petroleum Product (non-HVL),INTRASTATE,TEXAS,2.26,3.02,0,0,0,0,5.28,0,0,0,0,0,0,0,2.26,3.02,0,0,0,0,5.28,
9/1/2026,2022,20230421,20338,14391,"OSAGE PIPE LINE COMPANY, LLC",Crude Oil,INTERSTATE,KANSAS,0,60.31,0,0,0,0,60.31,0,0,0,0,0,0,0,0,60.31,0,0,0,0,60.31,
9/1/2026,2022,20230421,20338,14391,"OSAGE PIPE LINE COMPANY, LLC",Crude Oil,INTERSTATE,OKLAHOMA,0,75.35,0,0,0,0,75.35,0,0,0,0,0,0,0,0,75.35,0,0,0,0,75.35,
9/1/2026,2022,20230428,20347,15156,SINCLAIR TRANSPORTATION COMPANY,Crude Oil,INTERSTATE,COLORADO,0,18.23,0,0,0,0,18.23,0,0,0,0,0,0,0,0,18.23,0,0,0,0,18.23,
9/1/2026,2022,20230428,20347,15156,SINCLAIR TRANSPORTATION COMPANY,Crude Oil,INTERSTATE,WYOMING,0,418.55,0,0,0,0,418.55,0,0,0,0,0,0,0,0,418.55,0,0,0,0,418.55,
9/1/2026,2022,20230428,20347,15156,SINCLAIR TRANSPORTATION COMPANY,Crude Oil,INTRASTATE,WYOMING,15,101.18,0,0,0,0,116.18,0,0,0,0,0,0,0,15,101.18,0,0,0,0,116.18,
9/1/2026,2022,20230431,20350,15156,SINCLAIR TRANSPORTATION COMPANY,Refined and/or Petroleum Product (non-HVL),INTERSTATE,COLORADO,0,125.28,0,0,0,0,125.28,0,0,0,0,0,0,0,0,125.28,0,0,0,0,125.28,
9/1/2026,2022,20230431,20350,15156,SINCLAIR TRANSPORTATION COMPANY,Refined and/or Petroleum Product (non-HVL),INTERSTATE,IOWA,7.46,4.36,0,0,0,0,11.82,0,0,0,0,0,0,0,7.46,4.36,0,0,0,0,11.82,
9/1/2026,2022,20230431,20350,15156,SINCLAIR TRANSPORTATION COMPANY,Refined and/or Petroleum Product (non-HVL),INTERSTATE,KANSAS,0,7.95,0,0,0,0,7.95,0,0,0,0,0,0,0,0,7.95,0,0,0,0,7.95,
9/1/2026,2022,20230431,20350,15156,SINCLAIR TRANSPORTATION COMPANY,Refined and/or Petroleum Product (non-HVL),INTERSTATE,MISSOURI,130.65,75.33,0,0,0,0,205.98,0,0,0,0,0,0,0,130.65,75.33,0,0,0,0,205.98,
9/1/2026,2022,20230431,20350,15156,SINCLAIR TRANSPORTATION COMPANY,Refined and/or Petroleum Product (non-HVL),INTERSTATE,WYOMING,0,118.83,0,0,0,0,118.83,0,0,0,0,0,0,0,0,118.83,0,0,0,0,118.83,
9/1/2026,2022,20230431,20350,15156,SINCLAIR TRANSPORTATION COMPANY,Refined and/or Petroleum Product (non-HVL),INTRASTATE,WYOMING,0,113.99,0,0,0,0,113.99,0,0,0,0,0,0,0,0,113.99,0,0,0,0,113.99,
9/1/2026,2022,20230484,20404,15485,PHILLIPS 66 COMPANY - SWEENY REFINERY,Crude Oil,INTRASTATE,TEXAS,0,1.4,0,0,0,0,1.4,0,0,0,0,0,0,0,0,1.4,0,0,0,0,1.4,
9/1/2026,2022,20230486,20406,15485,PHILLIPS 66 COMPANY - SWEENY REFINERY,Refined and/or Petroleum Product (non-HVL),INTRASTATE,TEXAS,0,43.65,0,0,0,0,43.65,0,0,0,0,0,0,0,0,43.65,0,0,0,0,43.65,
9/1/2026,2022,20230108,20012,15602,PIONEER NATURAL RESOURCES,Crude Oil,INTRASTATE,TEXAS,0,0,0,0,3.81,0,3.81,0,0,0,0,0,0,0,0,0,0,0,3.81,0,3.81,
9/1/2026,2022,20230005,19874,15645,PLACID PIPELINE COMPANY LLC,Refined and/or Petroleum Product (non-HVL),INTRASTATE,LOUISIANA,0,9,0,0,0,0,9,0,0,0,0,0,0,0,0,9,0,0,0,0,9,
9/1/2026,2022,20230229,20140,15674,PRODUCTS (SE) PIPE LINE CORPORATION,Refined and/or Petroleum Product (non-HVL),INTERSTATE,ALABAMA,0,609.82,0,0,0,0,609.82,0,0,0,0,0,0,0,0,609.82,0,0,0,0,609.82,
9/1/2026,2022,20230229,20140,15674,PRODUCTS (SE) PIPE LINE CORPORATION,Refined and/or Petroleum Product (non-HVL),INTERSTATE,GEORGIA,0,663.3,0,0,0,0,663.3,0,0,0,0,0,0,0,0,663.3,0,0,0,0,663.3,
9/1/2026,2022,20230229,20140,15674,PRODUCTS (SE) PIPE LINE CORPORATION,Refined and/or Petroleum Product (non-HVL),INTERSTATE,LOUISIANA,0,189.17,0,0,0,0,189.17,0,0,0,0,0,0,0,0,189.17,0,0,0,0,189.17,
9/1/2026,2022,20230229,20140,15674,PRODUCTS (SE) PIPE LINE CORPORATION,Refined and/or Petroleum Product (non-HVL),INTERSTATE,MISSISSIPPI,0,735.99,0,0,0,0,735.99,0,0,0,0,0,0,0,0,735.99,0,0,0,0,735.99,
9/1/2026,2022,20230229,20140,15674,PRODUCTS (SE) PIPE LINE CORPORATION,Refined and/or Petroleum Product (non-HVL),INTERSTATE,NORTH CAROLINA,0,319.8,0,0,0,0,319.8,0,0,0,0,0,0,0,0,319.8,0,0,0,0,319.8,
9/1/2026,2022,20230229,20140,15674,PRODUCTS (SE) PIPE LINE CORPORATION,Refined and/or Petroleum Product (non-HVL),INTERSTATE,SOUTH CAROLINA,0,203.35,0,0,0,0,203.35,0,0,0,0,0,0,0,0,203.35,0,0,0,0,203.35,
9/1/2026,2022,20230229,20140,15674,PRODUCTS (SE) PIPE LINE CORPORATION,Refined and/or Petroleum Product (non-HVL),INTERSTATE,TENNESSEE,0,105.07,0,0,0,0,105.07,0,0,0,0,0,0,0,0,105.07,0,0,0,0,105.07,
9/1/2026,2022,20230229,20140,15674,PRODUCTS (SE) PIPE LINE CORPORATION,Refined and/or Petroleum Product (non-HVL),INTERSTATE,VIRGINIA,0,343.25,0,0,0,0,343.25,0,0,0,0,0,0,0,0,343.25,0,0,0,0,343.25,
9/1/2026,2022,20230329,20243,15774,NORTH DAKOTA PIPELINE COMPANY LLC,Crude Oil,INTERSTATE,MINNESOTA,0,75.546,0,0,0,0,75.546,0,0,0,0,0,0,0,0,75.546,0,0,0,0,75.546,
9/1/2026,2022,20230329,20243,15774,NORTH DAKOTA PIPELINE COMPANY LLC,Crude Oil,INTERSTATE,MONTANA,0,63.98,0,0,0,0,63.98,0,0,0,0,0,0,0,0,63.98,0,0,0,0,63.98,
9/1/2026,2022,20230329,20243,15774,NORTH DAKOTA PIPELINE COMPANY LLC,Crude Oil,INTERSTATE,NORTH DAKOTA,0,615.122,0,0,0,0,615.122,0,0,0,0,0,0,0,0,615.122,0,0,0,0,615.122,
9/1/2026,2022,20230678,20604,15786,PORTLAND PIPE LINE CORPORATION,Crude Oil,INTERSTATE,MAINE,0,144,0,0,0,0,144,0,0,0,0,0,0,0,0,144,0,0,0,0,144,
9/1/2026,2022,20230678,20604,15786,PORTLAND PIPE LINE CORPORATION,Crude Oil,INTERSTATE,NEW HAMPSHIRE,0,71,0,0,0,0,71,0,0,0,0,0,0,0,0,71,0,0,0,0,71,
9/1/2026,2022,20230678,20604,15786,PORTLAND PIPE LINE CORPORATION,Crude Oil,INTERSTATE,VERMONT,0,117,0,0,0,0,117,0,0,0,0,0,0,0,0,117,0,0,0,0,117,
9/1/2026,2022,20230124,20029,15825,WESTLAKE US 2 LLC,HVL,INTERSTATE,LOUISIANA,0,35,0,0,0,0,35,0,0,0,0,0,0,0,0,35,0,0,0,0,35,
9/1/2026,2022,20230124,20029,15825,WESTLAKE US 2 LLC,HVL,INTERSTATE,TEXAS,0,2.61,0,0,0,0,2.61,0,0,0,0,0,0,0,0,2.61,0,0,0,0,2.61,
9/1/2026,2022,20230625,20549,15851,"DELEK MARKETING AND SUPPLY, LP",Crude Oil,INTRASTATE,TEXAS,0,93.94,0,0,0,0,93.94,0,0,0,0,0,0,0,0,93.94,0,0,0,0,93.94,
9/1/2026,2022,20230624,20548,15851,"DELEK MARKETING AND SUPPLY, LP",Refined and/or Petroleum Product (non-HVL),INTRASTATE,TEXAS,0,148.48,0,0,0,0,148.48,0,0,0,0,0,0,0,0,148.48,0,0,0,0,148.48,
9/1/2026,2022,20230196,20106,15915,"PIPELINES OF PUERTO RICO INCD, THE",Refined and/or Petroleum Product (non-HVL),INTRASTATE,PUERTO RICO,0,9.5,0,0,0,0,9.5,0,0,0,0,0,0,0,0,9.5,0,0,0,0,9.5,
9/1/2026,2022,20230120,22501,15979,"ERGON TERMINALING, INC.",Crude Oil,INTERSTATE,OHIO,0,37,0,0,0,0,37,0,0,0,0,0,0,0,0,37,0,0,0,0,37,
9/1/2026,2022,20230120,22501,15979,"ERGON TERMINALING, INC.",Crude Oil,INTERSTATE,WEST VIRGINIA,0,1,0,0,0,0,1,0,0,0,0,0,0,0,0,1,0,0,0,0,1,
9/1/2026,2022,20230694,20622,18092,"SFPP, LP",Refined and/or Petroleum Product (non-HVL),INTERSTATE,ARIZONA,0,559.77,0,0,0,0,559.77,0,0,0,0,0,0,0,0,559.77,0,0,0,0,559.77,
9/1/2026,2022,20230694,20622,18092,"SFPP, LP",Refined and/or Petroleum Product (non-HVL),INTERSTATE,CALIFORNIA,0,602.68,0,0,0,0,602.68,0,0,0,0,0,0,0,0,602.68,0,0,0,0,602.68,
9/1/2026,2022,20230694,20622,18092,"SFPP, LP",Refined and/or Petroleum Product (non-HVL),INTERSTATE,NEVADA,0,78.2,0,0,0,0,78.2,0,0,0,0,0,0,0,0,78.2,0,0,0,0,78.2,
9/1/2026,2022,20230694,20622,18092,"SFPP, LP",Refined and/or Petroleum Product (non-HVL),INTERSTATE,NEW MEXICO,0,325.76,0,0,0,0,325.76,0,0,0,0,0,0,0,0,325.76,0,0,0,0,325.76,
9/1/2026,2022,20230694,20622,18092,"SFPP, LP",Refined and/or Petroleum Product (non-HVL),INTERSTATE,OREGON,0,127.6,0,0,0,0,127.6,0,0,0,0,0,0,0,0,127.6,0,0,0,0,127.6,
9/1/2026,2022,20230694,20622,18092,"SFPP, LP",Refined and/or Petroleum Product (non-HVL),INTERSTATE,TEXAS,0,63.46,0,0,0,0,63.46,0,0,0,0,0,0,0,0,63.46,0,0,0,0,63.46,
9/1/2026,2022,20230694,20622,18092,"SFPP, LP",Refined and/or Petroleum Product (non-HVL),INTRASTATE,CALIFORNIA,0,1037.52,0,0,0,0,1037.52,0,0,0,0,0,0,0,0,1037.52,0,0,0,0,1037.52,
9/1/2026,2022,20230694,20622,18092,"SFPP, LP",Refined and/or Petroleum Product (non-HVL),INTRASTATE,OREGON,0,4.28,0,0,0,0,4.28,0,0,0,0,0,0,0,0,4.28,0,0,0,0,4.28,
9/1/2026,2022,20230694,20622,18092,"SFPP, LP",Refined and/or Petroleum Product (non-HVL),INTRASTATE,TEXAS,0,5.64,0,0,0,0,5.64,0,0,0,0,0,0,0,0,5.64,0,0,0,0,5.64,
9/1/2026,2022,20230152,20061,18386,BP OIL PIPELINE CO,Refined and/or Petroleum Product (non-HVL),INTERSTATE,KENTUCKY,0,1,0,0,0,0,1,0,0,0,0,0,0,0,0,1,0,0,0,0,1,
9/1/2026,2022,20230152,20061,18386,BP OIL PIPELINE CO,Refined and/or Petroleum Product (non-HVL),INTERSTATE,OHIO,0,92,0,0,0,0,92,0,0,0,0,0,0,0,0,92,0,0,0,0,92,
9/1/2026,2022,20230152,20061,18386,BP OIL PIPELINE CO,Refined and/or Petroleum Product (non-HVL),INTRASTATE,OHIO,0,15.6,0,0,0,0,15.6,0,0,0,0,0,0,0,0,15.6,0,0,0,0,15.6,
9/1/2026,2022,20230592,20516,18667,FREEPORT-MCMORAN OIL & GAS,Crude Oil,INTERSTATE,CALIFORNIA,0,41.73,0,0.66,0,0,42.39,0,29.99,0,0,0,0,29.99,0,71.72,0,0.66,0,0,72.38,
9/1/2026,2022,20230592,20516,18667,FREEPORT-MCMORAN OIL & GAS,Crude Oil,INTERSTATE,OCS-Pacific,0,0,0,0,0,0,0,0,8.64,0,0,0,0,8.64,0,8.64,0,0,0,0,8.64,
9/1/2026,2022,20230239,20864,18678,ST LOUIS PIPELINE OPERATING LLC,Refined and/or Petroleum Product (non-HVL),INTERSTATE,ILLINOIS,0,6.504,0,0,0,0,6.504,0,0,0,0,0,0,0,0,6.504,0,0,0,0,6.504,
9/1/2026,2022,20230239,20864,18678,ST LOUIS PIPELINE OPERATING LLC,Refined and/or Petroleum Product (non-HVL),INTERSTATE,MISSOURI,0,13.177,0,0,0,0,13.177,0,0,0,0,0,0,0,0,13.177,0,0,0,0,13.177,
9/1/2026,2022,20230457,20377,18718,SUNOCO PIPELINE L.P.,Crude Oil,INTERSTATE,LOUISIANA,0,0.75,0,0,0,0,0.75,0,0,0,0,0,0,0,0,0.75,0,0,0,0,0.75,
9/1/2026,2022,20230457,20377,18718,SUNOCO PIPELINE L.P.,Crude Oil,INTERSTATE,MICHIGAN,0,117.49,0,0,0,0,117.49,0,0,0,0,0,0,0,0,117.49,0,0,0,0,117.49,
9/1/2026,2022,20230457,20377,18718,SUNOCO PIPELINE L.P.,Crude Oil,INTERSTATE,NEW MEXICO,0,25.04,0,0,0,0,25.04,0,0,0,0,0,0,0,0,25.04,0,0,0,0,25.04,
9/1/2026,2022,20230457,20377,18718,SUNOCO PIPELINE L.P.,Crude Oil,INTERSTATE,OHIO,0,10.61,0,0,0,0,10.61,0,0,0,0,0,0,0,0,10.61,0,0,0,0,10.61,
9/1/2026,2022,20230457,20377,18718,SUNOCO PIPELINE L.P.,Crude Oil,INTERSTATE,OKLAHOMA,0,149.55,0,0,0,0,149.55,0,0,0,0,0,0,0,0,149.55,0,0,0,0,149.55,
9/1/2026,2022,20230457,20377,18718,SUNOCO PIPELINE L.P.,Crude Oil,INTERSTATE,PENNSYLVANIA,0,23.43,0,0,0,0,23.43,0,0,0,0,0,0,0,0,23.43,0,0,0,0,23.43,
9/1/2026,2022,20230457,20377,18718,SUNOCO PIPELINE L.P.,Crude Oil,INTERSTATE,TEXAS,0,1026.73,0,0,0,0,1026.73,0,0,0,0,0,0,0,0,1026.73,0,0,0,0,1026.73,
9/1/2026,2022,20230457,20377,18718,SUNOCO PIPELINE L.P.,Crude Oil,INTRASTATE,OKLAHOMA,0,475.62,0,0,1.05,0.1,476.77,0,0,0,0,0,0,0,0,475.62,0,0,1.05,0.1,476.77,
9/1/2026,2022,20230457,20377,18718,SUNOCO PIPELINE L.P.,Crude Oil,INTRASTATE,TEXAS,0,1482.75,0,0,0.42,0,1483.17,0,0,0,0,0,0,0,0,1482.75,0,0,0.42,0,1483.17,
9/1/2026,2022,20230458,22533,18718,SUNOCO PIPELINE L.P.,HVL,INTERSTATE,DELAWARE,0,2.64,0,0,0,0,2.64,0,0,0,0,0,0,0,0,2.64,0,0,0,0,2.64,
9/1/2026,2022,20230458,22533,18718,SUNOCO PIPELINE L.P.,HVL,INTERSTATE,MICHIGAN,0,162.77,0,0,0,0,162.77,0,0,0,0,0,0,0,0,162.77,0,0,0,0,162.77,
9/1/2026,2022,20230458,22533,18718,SUNOCO PIPELINE L.P.,HVL,INTERSTATE,NEW JERSEY,0,24.03,0,0,0,0,24.03,0,0,0,0,0,0,0,0,24.03,0,0,0,0,24.03,
9/1/2026,2022,20230458,22533,18718,SUNOCO PIPELINE L.P.,HVL,INTERSTATE,OHIO,0,253,0,0,0,0,253,0,0,0,0,0,0,0,0,253,0,0,0,0,253,
9/1/2026,2022,20230458,22533,18718,SUNOCO PIPELINE L.P.,HVL,INTERSTATE,PENNSYLVANIA,1.94,749.9,0,0,0,0,751.84,0,0,0,0,0,0,0,1.94,749.9,0,0,0,0,751.84,
9/1/2026,2022,20230458,22533,18718,SUNOCO PIPELINE L.P.,HVL,INTERSTATE,WEST VIRGINIA,0,10.16,0,0,0,0,10.16,0,0,0,0,0,0,0,0,10.16,0,0,0,0,10.16,
9/1/2026,2022,20230458,22533,18718,SUNOCO PIPELINE L.P.,HVL,INTRASTATE,TEXAS,0,55.35,0,0,0,0,55.35,0,0,0,0,0,0,0,0,55.35,0,0,0,0,55.35,
9/1/2026,2022,20230459,22528,18718,SUNOCO PIPELINE L.P.,Refined and/or Petroleum Product (non-HVL),INTERSTATE,DELAWARE,0,2.39,0,0,0,0,2.39,0,0,0,0,0,0,0,0,2.39,0,0,0,0,2.39,
9/1/2026,2022,20230459,22528,18718,SUNOCO PIPELINE L.P.,Refined and/or Petroleum Product (non-HVL),INTERSTATE,MICHIGAN,0,55.31,0,0,0,0,55.31,0,0,0,0,0,0,0,0,55.31,0,0,0,0,55.31,
9/1/2026,2022,20230459,22528,18718,SUNOCO PIPELINE L.P.,Refined and/or Petroleum Product (non-HVL),INTERSTATE,NEW JERSEY,0,88.57,0,0,0,0,88.57,0,0,0,0,0,0,0,0,88.57,0,0,0,0,88.57,
9/1/2026,2022,20230459,22528,18718,SUNOCO PIPELINE L.P.,Refined and/or Petroleum Product (non-HVL),INTERSTATE,NEW YORK,2.93,248.5,0,0,0,0,251.43,0,0,0,0,0,0,0,2.93,248.5,0,0,0,0,251.43,
9/1/2026,2022,20230459,22528,18718,SUNOCO PIPELINE L.P.,Refined and/or Petroleum Product (non-HVL),INTERSTATE,OHIO,62.09,305.78,0,0,0,0,367.87,0,0,0,0,0,0,0,62.09,305.78,0,0,0,0,367.87,
9/1/2026,2022,20230459,22528,18718,SUNOCO PIPELINE L.P.,Refined and/or Petroleum Product (non-HVL),INTERSTATE,PENNSYLVANIA,110.49,1240.26,0,0,0,0,1350.75,0,0,0,0,0,0,0,110.49,1240.26,0,0,0,0,1350.75,
9/1/2026,2022,20230459,22528,18718,SUNOCO PIPELINE L.P.,Refined and/or Petroleum Product (non-HVL),INTRASTATE,MASSACHUSETTS,0,0.8,0,0,0,0,0.8,0,0,0,0,0,0,0,0,0.8,0,0,0,0,0.8,
9/1/2026,2022,20230459,22528,18718,SUNOCO PIPELINE L.P.,Refined and/or Petroleum Product (non-HVL),INTRASTATE,TEXAS,0,880.1,0,0,0,0,880.1,0,0,0,0,0,0,0,0,880.1,0,0,0,0,880.1,
9/1/2026,2022,20230501,20422,19319,"TPC GROUP, LLC",HVL,INTRASTATE,LOUISIANA,0,1.871,0,0,0,0,1.871,0,0,0,0,0,0,0,0,1.871,0,0,0,0,1.871,
9/1/2026,2022,20230501,20422,19319,"TPC GROUP, LLC",HVL,INTRASTATE,TEXAS,0,116.598,0,0,0,0,116.598,0,0,0,0,0,0,0,0,116.598,0,0,0,0,116.598,
9/1/2026,2022,20230502,20423,19319,"TPC GROUP, LLC",Refined and/or Petroleum Product (non-HVL),INTRASTATE,LOUISIANA,0,0.684,0,0,0,0,0.684,0,0,0,0,0,0,0,0,0.684,0,0,0,0,0.684,
9/1/2026,2022,20230502,20423,19319,"TPC GROUP, LLC",Refined and/or Petroleum Product (non-HVL),INTRASTATE,TEXAS,0,20.024,0,0,0,0,20.024,0,0,0,0,0,0,0,0,20.024,0,0,0,0,20.024,
9/1/2026,2022,20230570,20494,19410,THUMS LONG BEACH CO,Crude Oil,INTRASTATE,CALIFORNIA,0,4.47,0,0,0,0,4.47,0,10.19,0,0,0,0,10.19,0,14.66,0,0,0,0,14.66,
9/1/2026,2022,20230427,20346,19481,T & M TERMINAL CO,Refined and/or Petroleum Product (non-HVL),INTERSTATE,MISSISSIPPI,0,1.46,0,0,0,0,1.46,0,0,0,0,0,0,0,0,1.46,0,0,0,0,1.46,
9/1/2026,2022,20230268,20179,19585,TRANS MOUNTAIN PIPELINE (PUGET SOUND) LLC,Crude Oil,INTERSTATE,WASHINGTON,0,64,0,0,0,0,64,0,0,0,0,0,0,0,0,64,0,0,0,0,64,
9/1/2026,2022,20230042,19928,19892,UCAR PIPELINE INCORPORATED,HVL,INTRASTATE,LOUISIANA,0,69.87,0,0,0,0,69.87,0,0,0,0,0,0,0,0,69.87,0,0,0,0,69.87,
9/1/2026,2022,20230037,19922,20046,UNION CARBIDE CHEMICALS & PLASTICS CO INC,HVL,INTRASTATE,WEST VIRGINIA,0,7.17,0,0,0,0,7.17,0,0,0,0,0,0,0,0,7.17,0,0,0,0,7.17,
9/1/2026,2022,20230635,20559,20202,ULTRAMAR INC.,Crude Oil,INTRASTATE,CALIFORNIA,0,4.29,0,0,0,0,4.29,0,0,0,0,0,0,0,0,4.29,0,0,0,0,4.29,
9/1/2026,2022,20230638,20562,20202,ULTRAMAR INC.,HVL,INTRASTATE,CALIFORNIA,0,7.63,0,0,0,0,7.63,0,0,0,0,0,0,0,0,7.63,0,0,0,0,7.63,
9/1/2026,2022,20230636,20560,20202,ULTRAMAR INC.,Refined and/or Petroleum Product (non-HVL),INTRASTATE,CALIFORNIA,0,19.41,0,4.4,0,0,23.81,0,0,0,0,0,0,0,0,19.41,0,4.4,0,0,23.81,
9/1/2026,2022,20230518,20440,21359,SASOL CHEMICALS USA LLC,Refined and/or Petroleum Product (non-HVL),INTRASTATE,LOUISIANA,0,12.143,0,0,0,0,12.143,0,0,0,0,0,0,0,0,12.143,0,0,0,0,12.143,
9/1/2026,2022,20230508,20429,22430,WEST SHORE PIPELINE CO,Crude Oil,INTERSTATE,ILLINOIS,0,3.582,0,0,0,0,3.582,0,0,0,0,0,0,0,0,3.582,0,0,0,0,3.582,
9/1/2026,2022,20230509,20430,22430,WEST SHORE PIPELINE CO,Refined and/or Petroleum Product (non-HVL),INTERSTATE,ILLINOIS,0,384.059,0,0,0,0,384.059,0,0,0,0,0,0,0,0,384.059,0,0,0,0,384.059,
9/1/2026,2022,20230509,20430,22430,WEST SHORE PIPELINE CO,Refined and/or Petroleum Product (non-HVL),INTERSTATE,INDIANA,0,17.208,0,0,0,0,17.208,0,0,0,0,0,0,0,0,17.208,0,0,0,0,17.208,
9/1/2026,2022,20230509,20430,22430,WEST SHORE PIPELINE CO,Refined and/or Petroleum Product (non-HVL),INTERSTATE,WISCONSIN,0,200.927,0,0,0,0,200.927,0,0,0,0,0,0,0,0,200.927,0,0,0,0,200.927,
9/1/2026,2022,20230436,20356,22442,WEST TEXAS GULF PIPELINE CO,Crude Oil,INTERSTATE,TEXAS,0,583.59,0,0,0,0,583.59,0,0,0,0,0,0,0,0,583.59,0,0,0,0,583.59,
9/1/2026,2022,20230290,20201,22465,TARGA PIPELINE MID-CONTINENT WESTTEX LLC,Refined and/or Petroleum Product (non-HVL),INTRASTATE,TEXAS,0,7.16,0,0,0,0,7.16,0,0,0,0,0,0,0,0,7.16,0,0,0,0,7.16,
9/1/2026,2022,20230399,20316,22610,"MAGELLAN PIPELINE COMPANY, LP",Crude Oil,INTERSTATE,COLORADO,0,210.91,0,0,0,0,210.91,0,0,0,0,0,0,0,0,210.91,0,0,0,0,210.91,
9/1/2026,2022,20230399,20316,22610,"MAGELLAN PIPELINE COMPANY, LP",Crude Oil,INTERSTATE,KANSAS,0,363.18,0,0,0,0,363.18,0,0,0,0,0,0,0,0,363.18,0,0,0,0,363.18,
9/1/2026,2022,20230399,20316,22610,"MAGELLAN PIPELINE COMPANY, LP",Crude Oil,INTERSTATE,OKLAHOMA,0,233.45,0,0,0,0,233.45,0,0,0,0,0,0,0,0,233.45,0,0,0,0,233.45,
9/1/2026,2022,20230399,20316,22610,"MAGELLAN PIPELINE COMPANY, LP",Crude Oil,INTERSTATE,TEXAS,0,408.37,0,0,0,0,408.37,0,0,0,0,0,0,0,0,408.37,0,0,0,0,408.37,
9/1/2026,2022,20230399,20316,22610,"MAGELLAN PIPELINE COMPANY, LP",Crude Oil,INTERSTATE,WYOMING,0,9.94,0,0,0,0,9.94,0,0,0,0,0,0,0,0,9.94,0,0,0,0,9.94,
9/1/2026,2022,20230399,20316,22610,"MAGELLAN PIPELINE COMPANY, LP",Crude Oil,INTRASTATE,OKLAHOMA,0,68.62,0,0,0,0,68.62,0,0,0,0,0,0,0,0,68.62,0,0,0,0,68.62,
9/1/2026,2022,20230402,20319,22610,"MAGELLAN PIPELINE COMPANY, LP",HVL,INTERSTATE,ILLINOIS,0,63.12,0,0,0,0,63.12,0,0,0,0,0,0,0,0,63.12,0,0,0,0,63.12,
9/1/2026,2022,20230402,20319,22610,"MAGELLAN PIPELINE COMPANY, LP",HVL,INTERSTATE,IOWA,0,362.81,0,0,0,0,362.81,0,0,0,0,0,0,0,0,362.81,0,0,0,0,362.81,
9/1/2026,2022,20230402,20319,22610,"MAGELLAN PIPELINE COMPANY, LP",HVL,INTERSTATE,KANSAS,0,4.8,0,0,0,0,4.8,0,0,0,0,0,0,0,0,4.8,0,0,0,0,4.8,
9/1/2026,2022,20230402,20319,22610,"MAGELLAN PIPELINE COMPANY, LP",HVL,INTERSTATE,MINNESOTA,0,0.05,0,0,0,0,0.05,0,0,0,0,0,0,0,0,0.05,0,0,0,0,0.05,
9/1/2026,2022,20230402,20319,22610,"MAGELLAN PIPELINE COMPANY, LP",HVL,INTERSTATE,MISSOURI,0,125.9,0,0,0,0,125.9,0,0,0,0,0,0,0,0,125.9,0,0,0,0,125.9,
9/1/2026,2022,20230402,20319,22610,"MAGELLAN PIPELINE COMPANY, LP",HVL,INTRASTATE,TEXAS,0,3.16,0,0,0,0,3.16,0,0,0,0,0,0,0,0,3.16,0,0,0,0,3.16,
9/1/2026,2022,20230612,20536,22610,"MAGELLAN PIPELINE COMPANY, LP",Refined and/or Petroleum Product (non-HVL),INTERSTATE,ARKANSAS,0,234.15,0,0,0,0,234.15,0,0,0,0,0,0,0,0,234.15,0,0,0,0,234.15,
9/1/2026,2022,20230612,20536,22610,"MAGELLAN PIPELINE COMPANY, LP",Refined and/or Petroleum Product (non-HVL),INTERSTATE,COLORADO,0,358.53,0,0,0,0,358.53,0,0,0,0,0,0,0,0,358.53,0,0,0,0,358.53,
9/1/2026,2022,20230612,20536,22610,"MAGELLAN PIPELINE COMPANY, LP",Refined and/or Petroleum Product (non-HVL),INTERSTATE,ILLINOIS,0,261.1,0,0,0,0,261.1,0,0,0,0,0,0,0,0,261.1,0,0,0,0,261.1,
9/1/2026,2022,20230612,20536,22610,"MAGELLAN PIPELINE COMPANY, LP",Refined and/or Petroleum Product (non-HVL),INTERSTATE,IOWA,22.99,831.67,0,0,0,0,854.66,0,0,0,0,0,0,0,22.99,831.67,0,0,0,0,854.66,
9/1/2026,2022,20230612,20536,22610,"MAGELLAN PIPELINE COMPANY, LP",Refined and/or Petroleum Product (non-HVL),INTERSTATE,KANSAS,0.67,1937.25,0,0,0,0,1937.92,0,0,0,0,0,0,0,0.67,1937.25,0,0,0,0,1937.92,
9/1/2026,2022,20230612,20536,22610,"MAGELLAN PIPELINE COMPANY, LP",Refined and/or Petroleum Product (non-HVL),INTERSTATE,MINNESOTA,1.22,1037.25,0,0,0,0,1038.47,0,0,0,0,0,0,0,1.22,1037.25,0,0,0,0,1038.47,
9/1/2026,2022,20230612,20536,22610,"MAGELLAN PIPELINE COMPANY, LP",Refined and/or Petroleum Product (non-HVL),INTERSTATE,MISSOURI,0,599.6,0,0,0,0,599.6,0,0,0,0,0,0,0,0,599.6,0,0,0,0,599.6,
9/1/2026,2022,20230612,20536,22610,"MAGELLAN PIPELINE COMPANY, LP",Refined and/or Petroleum Product (non-HVL),INTERSTATE,NEBRASKA,0,367.89,0,0,0,0,367.89,0,0,0,0,0,0,0,0,367.89,0,0,0,0,367.89,
9/1/2026,2022,20230612,20536,22610,"MAGELLAN PIPELINE COMPANY, LP",Refined and/or Petroleum Product (non-HVL),INTERSTATE,NEW MEXICO,0,248.56,0,0,0,0,248.56,0,0,0,0,0,0,0,0,248.56,0,0,0,0,248.56,
9/1/2026,2022,20230612,20536,22610,"MAGELLAN PIPELINE COMPANY, LP",Refined and/or Petroleum Product (non-HVL),INTERSTATE,NORTH DAKOTA,0,87.3,0,0,0,0,87.3,0,0,0,0,0,0,0,0,87.3,0,0,0,0,87.3,
9/1/2026,2022,20230612,20536,22610,"MAGELLAN PIPELINE COMPANY, LP",Refined and/or Petroleum Product (non-HVL),INTERSTATE,OKLAHOMA,43.55,947.8,0,0,0,0,991.35,0,0,0,0,0,0,0,43.55,947.8,0,0,0,0,991.35,
9/1/2026,2022,20230612,20536,22610,"MAGELLAN PIPELINE COMPANY, LP",Refined and/or Petroleum Product (non-HVL),INTERSTATE,SOUTH DAKOTA,0,184.68,0,0,0,0,184.68,0,0,0,0,0,0,0,0,184.68,0,0,0,0,184.68,
9/1/2026,2022,20230612,20536,22610,"MAGELLAN PIPELINE COMPANY, LP",Refined and/or Petroleum Product (non-HVL),INTERSTATE,TEXAS,0,1855.46,0,0,0,0,1855.46,0,0,0,0,0,0,0,0,1855.46,0,0,0,0,1855.46,
9/1/2026,2022,20230612,20536,22610,"MAGELLAN PIPELINE COMPANY, LP",Refined and/or Petroleum Product (non-HVL),INTERSTATE,WISCONSIN,0,171.97,0,0,0,0,171.97,0,0,0,0,0,0,0,0,171.97,0,0,0,0,171.97,
9/1/2026,2022,20230612,20536,22610,"MAGELLAN PIPELINE COMPANY, LP",Refined and/or Petroleum Product (non-HVL),INTERSTATE,WYOMING,0,271.71,0,0,0,0,271.71,0,0,0,0,0,0,0,0,271.71,0,0,0,0,271.71,
9/1/2026,2022,20230612,20536,22610,"MAGELLAN PIPELINE COMPANY, LP",Refined and/or Petroleum Product (non-HVL),INTRASTATE,TEXAS,0,170.31,0,0,0,0,170.31,0,0,0,0,0,0,0,0,170.31,0,0,0,0,170.31,
9/1/2026,2022,20230359,20757,22830,WOLVERINE PIPELINE CO,Refined and/or Petroleum Product (non-HVL),INTERSTATE,ILLINOIS,14.56,78.269,0,0,0,0,92.829,0,0,0,0,0,0,0,14.56,78.269,0,0,0,0,92.829,
9/1/2026,2022,20230359,20757,22830,WOLVERINE PIPELINE CO,Refined and/or Petroleum Product (non-HVL),INTERSTATE,INDIANA,30.293,133.218,0,0,0,0,163.511,0,0,0,0,0,0,0,30.293,133.218,0,0,0,0,163.511,
9/1/2026,2022,20230359,20757,22830,WOLVERINE PIPELINE CO,Refined and/or Petroleum Product (non-HVL),INTERSTATE,MICHIGAN,204.303,484.132,0,0,0,0,688.435,0,0,0,0,0,0,0,204.303,484.132,0,0,0,0,688.435,
9/1/2026,2022,20230271,20182,22855,"FLINT HILLS RESOURCES, LC",Crude Oil,INTERSTATE,ILLINOIS,0,5.04,0,0,0,0,5.04,0,0,0,0,0,0,0,0,5.04,0,0,0,0,5.04,
9/1/2026,2022,20230271,20182,22855,"FLINT HILLS RESOURCES, LC",Crude Oil,INTERSTATE,IOWA,0,78.71,0,0,0,0,78.71,0,0,0,0,0,0,0,0,78.71,0,0,0,0,78.71,
9/1/2026,2022,20230271,20182,22855,"FLINT HILLS RESOURCES, LC",Crude Oil,INTERSTATE,MINNESOTA,0,987.03,0,0,0,0,987.03,0,0,0,0,0,0,0,0,987.03,0,0,0,0,987.03,
9/1/2026,2022,20230271,20182,22855,"FLINT HILLS RESOURCES, LC",Crude Oil,INTERSTATE,MISSOURI,0,250.02,0,0,0,0,250.02,0,0,0,0,0,0,0,0,250.02,0,0,0,0,250.02,
9/1/2026,2022,20230271,20182,22855,"FLINT HILLS RESOURCES, LC",Crude Oil,INTRASTATE,TEXAS,0,520.03,0,0,0,0,520.03,0,0,0,0,0,0,0,0,520.03,0,0,0,0,520.03,
9/1/2026,2022,20230273,20184,22855,"FLINT HILLS RESOURCES, LC",HVL,INTERSTATE,MINNESOTA,0,21.79,0,0,0,0,21.79,0,0,0,0,0,0,0,0,21.79,0,0,0,0,21.79,
9/1/2026,2022,20230273,20184,22855,"FLINT HILLS RESOURCES, LC",HVL,INTERSTATE,WISCONSIN,0,154,0,0,0,0,154,0,0,0,0,0,0,0,0,154,0,0,0,0,154,
9/1/2026,2022,20230273,20184,22855,"FLINT HILLS RESOURCES, LC",HVL,INTRASTATE,TEXAS,0,441.84,0,0,0,0,441.84,0,0,0,0,0,0,0,0,441.84,0,0,0,0,441.84,
9/1/2026,2022,20230272,20183,22855,"FLINT HILLS RESOURCES, LC",Refined and/or Petroleum Product (non-HVL),INTERSTATE,IOWA,0,138.74,0,0,0,0,138.74,0,0,0,0,0,0,0,0,138.74,0,0,0,0,138.74,
9/1/2026,2022,20230272,20183,22855,"FLINT HILLS RESOURCES, LC",Refined and/or Petroleum Product (non-HVL),INTERSTATE,MINNESOTA,0,114,0,0,0,0,114,0,0,0,0,0,0,0,0,114,0,0,0,0,114,
9/1/2026,2022,20230272,20183,22855,"FLINT HILLS RESOURCES, LC",Refined and/or Petroleum Product (non-HVL),INTERSTATE,WISCONSIN,0,362.85,0,0,0,0,362.85,0,0,0,0,0,0,0,0,362.85,0,0,0,0,362.85,
9/1/2026,2022,20230272,20183,22855,"FLINT HILLS RESOURCES, LC",Refined and/or Petroleum Product (non-HVL),INTRASTATE,MINNESOTA,0,12.91,0,0,0,0,12.91,0,0,0,0,0,0,0,0,12.91,0,0,0,0,12.91,
9/1/2026,2022,20230272,20183,22855,"FLINT HILLS RESOURCES, LC",Refined and/or Petroleum Product (non-HVL),INTRASTATE,TEXAS,0,935.04,0,0,0,0,935.04,0,0,0,0,0,0,0,0,935.04,0,0,0,0,935.04,
9/1/2026,2022,20230507,20428,25146,"EQUISTAR CHEMICALS, L.P.",Crude Oil,INTRASTATE,TEXAS,0,34.22,0,0,0,0,34.22,0,0,0,0,0,0,0,0,34.22,0,0,0,0,34.22,
9/1/2026,2022,20230506,20427,25146,"EQUISTAR CHEMICALS, L.P.",HVL,INTRASTATE,LOUISIANA,0,26.82,0,0,0,0,26.82,0,0,0,0,0,0,0,0,26.82,0,0,0,0,26.82,
9/1/2026,2022,20230506,20427,25146,"EQUISTAR CHEMICALS, L.P.",HVL,INTRASTATE,TEXAS,0,1288.73,0,0,0,0,1288.73,0,0,0,0,0,0,0,0,1288.73,0,0,0,0,1288.73,
9/1/2026,2022,20230510,20431,25146,"EQUISTAR CHEMICALS, L.P.",Refined and/or Petroleum Product (non-HVL),INTRASTATE,TEXAS,0,116.9,0,0,0,0,116.9,0,0,0,0,0,0,0,0,116.9,0,0,0,0,116.9,
9/1/2026,2022,20230142,20051,26039,FLORIDA POWER & LIGHT CO,Refined and/or Petroleum Product (non-HVL),INTRASTATE,FLORIDA,0,13.91,0,0,0,0,13.91,0,0,0,0,0,0,0,0,13.91,0,0,0,0,13.91,
9/1/2026,2022,20230388,20304,26041,"KINDER MORGAN LIQUID TERMINALS, LLC",HVL,INTRASTATE,TEXAS,0,0.72,0,0,0,0,0.72,0,0,0,0,0,0,0,0,0.72,0,0,0,0,0.72,
9/1/2026,2022,20230389,21585,26041,"KINDER MORGAN LIQUID TERMINALS, LLC",Refined and/or Petroleum Product (non-HVL),INTERSTATE,ILLINOIS,0,9.44,0,0,0,0,9.44,0,0,0,0,0,0,0,0,9.44,0,0,0,0,9.44,
9/1/2026,2022,20230389,21585,26041,"KINDER MORGAN LIQUID TERMINALS, LLC",Refined and/or Petroleum Product (non-HVL),INTRASTATE,LOUISIANA,0,13.16,0,0,0,0,13.16,0,0,0,0,0,0,0,0,13.16,0,0,0,0,13.16,
9/1/2026,2022,20230389,21585,26041,"KINDER MORGAN LIQUID TERMINALS, LLC",Refined and/or Petroleum Product (non-HVL),INTRASTATE,NEW JERSEY,0,9.15,0,0,0,0,9.15,0,0,0,0,0,0,0,0,9.15,0,0,0,0,9.15,
9/1/2026,2022,20230389,21585,26041,"KINDER MORGAN LIQUID TERMINALS, LLC",Refined and/or Petroleum Product (non-HVL),INTRASTATE,NORTH CAROLINA,0,28.68,0,0,0,0,28.68,0,0,0,0,0,0,0,0,28.68,0,0,0,0,28.68,
9/1/2026,2022,20230389,21585,26041,"KINDER MORGAN LIQUID TERMINALS, LLC",Refined and/or Petroleum Product (non-HVL),INTRASTATE,TEXAS,0,40.37,0,0,0,0,40.37,0,0,0,0,0,0,0,0,40.37,0,0,0,0,40.37,
9/1/2026,2022,20230021,19902,26045,"PAR HAWAII REFINING, LLC",Refined and/or Petroleum Product (non-HVL),INTRASTATE,HAWAII,0,24,0,0,0,0,24,0,0,0,0,0,0,0,0,24,0,0,0,0,24,
9/1/2026,2022,20230304,20215,26048,HUNT REFINING CO,Refined and/or Petroleum Product (non-HVL),INTRASTATE,ALABAMA,0,47.44,0,0,0,0,47.44,0,0,0,0,0,0,0,0,47.44,0,0,0,0,47.44,
9/1/2026,2022,20230356,20270,26049,"COUNTRYMARK REFINING AND LOGISTICS, LLC",Crude Oil,INTERSTATE,ILLINOIS,0,140.6,0,0,0,0,140.6,0,0,0,0,0,0,0,0,140.6,0,0,0,0,140.6,
9/1/2026,2022,20230356,20270,26049,"COUNTRYMARK REFINING AND LOGISTICS, LLC",Crude Oil,INTERSTATE,INDIANA,0.3,12.6,0,0,0,0,12.9,0,0,0,0,0,0,0,0.3,12.6,0,0,0,0,12.9,
9/1/2026,2022,20230356,20270,26049,"COUNTRYMARK REFINING AND LOGISTICS, LLC",Crude Oil,INTERSTATE,KENTUCKY,0,0.5,0,0,0,0,0.5,0,0,0,0,0,0,0,0,0.5,0,0,0,0,0.5,
9/1/2026,2022,20230356,20270,26049,"COUNTRYMARK REFINING AND LOGISTICS, LLC",Crude Oil,INTRASTATE,ILLINOIS,0,0.11,0,0,0,0,0.11,0,0,0,0,0,0,0,0,0.11,0,0,0,0,0.11,
9/1/2026,2022,20230356,20270,26049,"COUNTRYMARK REFINING AND LOGISTICS, LLC",Crude Oil,INTRASTATE,INDIANA,0,0.1,0,0,0,0,0.1,0,0,0,0,0,0,0,0,0.1,0,0,0,0,0.1,
9/1/2026,2022,20230355,20269,26049,"COUNTRYMARK REFINING AND LOGISTICS, LLC",Refined and/or Petroleum Product (non-HVL),INTRASTATE,INDIANA,0,247.1,0,0,0,0,247.1,0,0,0,0,0,0,0,0,247.1,0,0,0,0,247.1,
9/1/2026,2022,20230690,20617,26054,KEY WEST PIPELINE CO,Refined and/or Petroleum Product (non-HVL),INTRASTATE,FLORIDA,0,3,0,0,0,0,3,0,4,0,0,0,0,4,0,7,0,0,0,0,7,
9/1/2026,2022,20230626,20550,26061,"DELEK CRUDE LOGISTICS, LLC.",Crude Oil,INTERSTATE,OKLAHOMA,0,39.66,0,0,0,0,39.66,0,0,0,0,0,0,0,0,39.66,0,0,0,0,39.66,
9/1/2026,2022,20230626,20550,26061,"DELEK CRUDE LOGISTICS, LLC.",Crude Oil,INTERSTATE,TEXAS,0,103.07,0,0,0,0,103.07,0,0,0,0,0,0,0,0,103.07,0,0,0,0,103.07,
9/1/2026,2022,20230626,20550,26061,"DELEK CRUDE LOGISTICS, LLC.",Crude Oil,INTRASTATE,TEXAS,31.27,258.14,0,0,0,0,289.41,0,0,0,0,0,0,0,31.27,258.14,0,0,0,0,289.41,
9/1/2026,2022,20230627,20551,26061,"DELEK CRUDE LOGISTICS, LLC.",Refined and/or Petroleum Product (non-HVL),INTRASTATE,TEXAS,0,118.66,0,0,0,0,118.66,0,0,0,0,0,0,0,0,118.66,0,0,0,0,118.66,
9/1/2026,2022,20230320,20233,26065,CHS MCPHERSON REFINERY INC.,HVL,INTRASTATE,KANSAS,0,13,0,0,0,0,13,0,0,0,0,0,0,0,0,13,0,0,0,0,13,
9/1/2026,2022,20230318,20231,26065,CHS MCPHERSON REFINERY INC.,Refined and/or Petroleum Product (non-HVL),INTRASTATE,KANSAS,0,20.95,0,0,0,0,20.95,0,0,0,0,0,0,0,0,20.95,0,0,0,0,20.95,
9/1/2026,2022,20230348,20262,26085,"PLAINS MARKETING, L.P.",Crude Oil,INTERSTATE,ALABAMA,0,0.77,0,0,0,1.56,2.33,0,0,0,0,0,0,0,0,0.77,0,0,0,1.56,2.33,Undetermined
9/1/2026,2022,20230348,20262,26085,"PLAINS MARKETING, L.P.",Crude Oil,INTERSTATE,ILLINOIS,0,0.81,0,0,0,0,0.81,0,0,0,0,0,0,0,0,0.81,0,0,0,0,0.81,
9/1/2026,2022,20230348,20262,26085,"PLAINS MARKETING, L.P.",Crude Oil,INTERSTATE,LOUISIANA,0,0,0,0,0,0,0,0,0,0,0,0,0,0,0,0,0,0,0,0,0,
9/1/2026,2022,20230348,20262,26085,"PLAINS MARKETING, L.P.",Crude Oil,INTERSTATE,WYOMING,0,0,0,0,0,0,0,0,0,0,0,0,0,0,0,0,0,0,0,0,0,
9/1/2026,2022,20230348,20262,26085,"PLAINS MARKETING, L.P.",Crude Oil,INTRASTATE,ALABAMA,0,1.24,0,0,0,11.46,12.7,0,0,0,0,0,0,0,0,1.24,0,0,0,11.46,12.7,Undetermind
9/1/2026,2022,20230348,20262,26085,"PLAINS MARKETING, L.P.",Crude Oil,INTRASTATE,CALIFORNIA,0.32,139.25,0,0,0,3.91,143.48,0,0,0,0,0,0,0,0.32,139.25,0,0,0,3.91,143.48,Undetermined
9/1/2026,2022,20230348,20262,26085,"PLAINS MARKETING, L.P.",Crude Oil,INTRASTATE,COLORADO,0,0,0,0,0,0,0,0,0,0,0,0,0,0,0,0,0,0,0,0,0,
9/1/2026,2022,20230348,20262,26085,"PLAINS MARKETING, L.P.",Crude Oil,INTRASTATE,LOUISIANA,0,10.04,0,0,0,22.01,32.05,0,0,0,0,0,0,0,0,10.04,0,0,0,22.01,32.05,Undetermined
9/1/2026,2022,20230348,20262,26085,"PLAINS MARKETING, L.P.",Crude Oil,INTRASTATE,NEW MEXICO,0,0,0,0,0,0.35,0.35,0,0,0,0,0,0,0,0,0,0,0,0,0.35,0.35,Undetermined
9/1/2026,2022,20230348,20262,26085,"PLAINS MARKETING, L.P.",Crude Oil,INTRASTATE,TEXAS,15.01,2.18,0,0,0,30.81,48,0,0,0,0,0,0,0,15.01,2.18,0,0,0,30.81,48,Undetermined
9/1/2026,2022,20230347,20261,26085,"PLAINS MARKETING, L.P.",HVL,INTERSTATE,MICHIGAN,0,0,0,0,0,0.54,0.54,0,0,0,0,0,0,0,0,0,0,0,0,0.54,0.54,Undetermined
9/1/2026,2022,20230347,20261,26085,"PLAINS MARKETING, L.P.",HVL,INTRASTATE,ARIZONA,0,14.21,0,0,0,0,14.21,0,0,0,0,0,0,0,0,14.21,0,0,0,0,14.21,
9/1/2026,2022,20230045,19931,26086,SEADRIFT PIPELINE CORP,HVL,INTRASTATE,TEXAS,0,844.95,0,0,0,0,844.95,0,0,0,0,0,0,0,0,844.95,0,0,0,0,844.95,
9/1/2026,2022,20230541,20465,26094,"SHORE TERMINALS, LLC",Refined and/or Petroleum Product (non-HVL),INTRASTATE,CALIFORNIA,0,7.5,0,0,0,0,7.5,0,0,0,0,0,0,0,0,7.5,0,0,0,0,7.5,
9/1/2026,2022,20230541,20465,26094,"SHORE TERMINALS, LLC",Refined and/or Petroleum Product (non-HVL),INTRASTATE,OREGON,0,0.7,0,0,0,0,0.7,0,0,0,0,0,0,0,0,0.7,0,0,0,0,0.7,
9/1/2026,2022,20230383,20299,26099,TAMPA BAY PIPELINE CO.,HVL,INTRASTATE,FLORIDA,0,89.1,0,0,0,0,89.1,0,0,0,0,0,0,0,0,89.1,0,0,0,0,89.1,
9/1/2026,2022,20230182,20092,26103,"TEXAS EASTMAN DIVISION, EASTMAN CHEMICAL CO",HVL,INTRASTATE,TEXAS,0,470.5,0,0,0,0,470.5,0,0,0,0,0,0,0,0,470.5,0,0,0,0,470.5,
9/1/2026,2022,20230072,19963,26112,"VALERO REFINING-TEXAS, L.P.",Crude Oil,INTRASTATE,TEXAS,0,5.62,0,0,0,0,5.62,0,0,0,0,0,0,0,0,5.62,0,0,0,0,5.62,
9/1/2026,2022,20230074,19965,26112,"VALERO REFINING-TEXAS, L.P.",HVL,INTRASTATE,TEXAS,0,13.29,0,0,0,0,13.29,0,0,0,0,0,0,0,0,13.29,0,0,0,0,13.29,
9/1/2026,2022,20230073,19964,26112,"VALERO REFINING-TEXAS, L.P.",Refined and/or Petroleum Product (non-HVL),INTRASTATE,TEXAS,0,31.48,0,0,0,0,31.48,0,0,0,0,0,0,0,0,31.48,0,0,0,0,31.48,
9/1/2026,2022,20230429,20351,26120,COLLINS PIPELINE CO,Refined and/or Petroleum Product (non-HVL),INTERSTATE,LOUISIANA,0,48.02,0,0,0,0,48.02,0,0,0,0,0,0,0,0,48.02,0,0,0,0,48.02,
9/1/2026,2022,20230429,20351,26120,COLLINS PIPELINE CO,Refined and/or Petroleum Product (non-HVL),INTERSTATE,MISSISSIPPI,0,76.5,0,0,0,0,76.5,0,0,0,0,0,0,0,0,76.5,0,0,0,0,76.5,
9/1/2026,2022,20230208,20118,26125,CALNEV PIPELINE CO,Refined and/or Petroleum Product (non-HVL),INTERSTATE,CALIFORNIA,0,389.07,0,0,0,0,389.07,0,0,0,0,0,0,0,0,389.07,0,0,0,0,389.07,
9/1/2026,2022,20230208,20118,26125,CALNEV PIPELINE CO,Refined and/or Petroleum Product (non-HVL),INTERSTATE,NEVADA,0,116.07,0,0,0,0,116.07,0,0,0,0,0,0,0,0,116.07,0,0,0,0,116.07,
9/1/2026,2022,20230208,20118,26125,CALNEV PIPELINE CO,Refined and/or Petroleum Product (non-HVL),INTRASTATE,CALIFORNIA,0,60.45,0,0,0,0,60.45,0,0,0,0,0,0,0,0,60.45,0,0,0,0,60.45,
9/1/2026,2022,20230208,20118,26125,CALNEV PIPELINE CO,Refined and/or Petroleum Product (non-HVL),INTRASTATE,NEVADA,0,0.62,0,0,0,0,0.62,0,0,0,0,0,0,0,0,0.62,0,0,0,0,0.62,
9/1/2026,2022,20230628,20552,26136,PARAMOUNT PETROLEUM CORP,Refined and/or Petroleum Product (non-HVL),INTRASTATE,CALIFORNIA,0,0,0,0.45,0,0,0.45,0,0,0,0,0,0,0,0,0,0,0.45,0,0,0.45,
9/1/2026,2022,20230027,19911,26149,ALYESKA PIPELINE SERVICE CO,Crude Oil,INTERSTATE,ALASKA,0,376,0,424.59,0,0,800.59,0,0,0,0,0,0,0,0,376,0,424.59,0,0,800.59,
9/1/2026,2022,20230181,20091,26302,MUSTANG PIPELINE CO,HVL,INTRASTATE,TEXAS,0,89.14,0,0,0,0,89.14,0,0,0,0,0,0,0,0,89.14,0,0,0,0,89.14,
9/1/2026,2022,20230499,20420,26303,UNOCAL PIPELINE CO - EASTERN REGION,Crude Oil,INTRASTATE,TEXAS,0,4.7,0,0,0,0,4.7,0,0,0,0,0,0,0,0,4.7,0,0,0,0,4.7,
9/1/2026,2022,20230460,20380,26330,"ENABLE OKLAHOMA INTRASTATE TRANSMISSION, LLC",HVL,INTRASTATE,OKLAHOMA,0,11.58,0,0,0,0,11.58,0,0,0,0,0,0,0,0,11.58,0,0,0,0,11.58,
9/1/2026,2022,20230697,20625,30003,HOUSTON REFINING LP.,Refined and/or Petroleum Product (non-HVL),INTRASTATE,TEXAS,0,1,2,0,0,0,3,0,0,0,0,0,0,0,0,1,2,0,0,0,3,
9/1/2026,2022,20230148,20057,30020,W & T OFFSHORE INC,Refined and/or Petroleum Product (non-HVL),INTRASTATE,ALABAMA,0,4.75,0,0,0,0,4.75,0,0,0,0,0,0,0,0,4.75,0,0,0,0,4.75,
9/1/2026,2022,20230241,20152,30544,OCCIDENTAL CHEMICAL CORP,HVL,INTRASTATE,TEXAS,41.946,0,0,0,0,0,41.946,0,0,0,0,0,0,0,41.946,0,0,0,0,0,41.946,
9/1/2026,2022,20230392,20309,30626,TARGA NGL PIPE LINE CO,HVL,INTERSTATE,LOUISIANA,0,22.03,0,0,0,0,22.03,0,0,0,0,0,0,0,0,22.03,0,0,0,0,22.03,
9/1/2026,2022,20230392,20309,30626,TARGA NGL PIPE LINE CO,HVL,INTERSTATE,TEXAS,0,84.41,0,0,0,0,84.41,0,0,0,0,0,0,0,0,84.41,0,0,0,0,84.41,
9/1/2026,2022,20230392,20309,30626,TARGA NGL PIPE LINE CO,HVL,INTRASTATE,TEXAS,0,222.87,0,0,0,0,222.87,0,0,0,0,0,0,0,0,222.87,0,0,0,0,222.87,
9/1/2026,2022,20230418,20740,30657,BRAVO PIPELINE COMPANY,CO2,INTERSTATE,COLORADO,0,89,0,0,0,0,89,0,0,0,0,0,0,0,0,89,0,0,0,0,89,
9/1/2026,2022,20230418,20740,30657,BRAVO PIPELINE COMPANY,CO2,INTERSTATE,NEW MEXICO,0,376.33,0,0,0,0,376.33,0,0,0,0,0,0,0,0,376.33,0,0,0,0,376.33,
9/1/2026,2022,20230418,20740,30657,BRAVO PIPELINE COMPANY,CO2,INTERSTATE,TEXAS,0,423.1,0,0,0,0,423.1,0,0,0,0,0,0,0,0,423.1,0,0,0,0,423.1,
9/1/2026,2022,20230418,20740,30657,BRAVO PIPELINE COMPANY,CO2,INTRASTATE,TEXAS,0,153.86,0,0,0,0,153.86,0,0,0,0,0,0,0,0,153.86,0,0,0,0,153.86,
9/1/2026,2022,20230170,20080,30658,KERN ENERGY,Crude Oil,INTRASTATE,CALIFORNIA,0,18.6,0,0,0,0,18.6,0,0,0,0,0,0,0,0,18.6,0,0,0,0,18.6,
9/1/2026,2022,20230287,20198,30666,"ENMARK ENERGY, INC",CO2,INTRASTATE,MISSISSIPPI,0,9.63,0,0,0,0,9.63,0,0,0,0,0,0,0,0,9.63,0,0,0,0,9.63,
9/1/2026,2022,20230214,20124,30683,WESTLAKE PETROCHEMICALS LLC,HVL,INTRASTATE,LOUISIANA,0,17.479,0,0,0,0,17.479,0,0,0,0,0,0,0,0,17.479,0,0,0,0,17.479,
9/1/2026,2022,20230215,20125,30683,WESTLAKE PETROCHEMICALS LLC,Refined and/or Petroleum Product (non-HVL),INTRASTATE,LOUISIANA,0,6.836,0,0,0,0,6.836,0,0,0,0,0,0,0,0,6.836,0,0,0,0,6.836,
9/1/2026,2022,20230602,20526,30711,HILCORP ENERGY COMPANY,Crude Oil,INTRASTATE,LOUISIANA,0,27.298,0,0,0,0,27.298,0,1.967,0,0,0,0,1.967,0,29.265,0,0,0,0,29.265,
9/1/2026,2022,20230341,20255,30755,CITGO PRODUCTS PIPELINE CO,HVL,INTERSTATE,LOUISIANA,0,23.452,0,0,0,0,23.452,0,0,0,0,0,0,0,0,23.452,0,0,0,0,23.452,
9/1/2026,2022,20230341,20255,30755,CITGO PRODUCTS PIPELINE CO,HVL,INTERSTATE,TEXAS,0,86.432,0,0.092,0,0,86.524,0,0,0,0,0,0,0,0,86.432,0,0.092,0,0,86.524,
9/1/2026,2022,20230340,20254,30755,CITGO PRODUCTS PIPELINE CO,Refined and/or Petroleum Product (non-HVL),INTRASTATE,TEXAS,0,236.104,0,0.471,0,0,236.575,0,0,0,0,0,0,0,0,236.104,0,0.471,0,0,236.575,
9/1/2026,2022,20230675,20601,30756,WYOMING REFINING CO,Refined and/or Petroleum Product (non-HVL),INTRASTATE,WYOMING,0,40.36,0,0,0,0,40.36,0,0,0,0,0,0,0,0,40.36,0,0,0,0,40.36,
9/1/2026,2022,20230517,20439,30777,MOTIVA ENTERPRISE LLC,Crude Oil,INTRASTATE,TEXAS,0,8.17,0,0,0,0,8.17,0,0,0,0,0,0,0,0,8.17,0,0,0,0,8.17,
9/1/2026,2022,20230552,22688,30777,MOTIVA ENTERPRISE LLC,HVL,INTRASTATE,TEXAS,0,348.4,0,0,0,0,348.4,0,0,0,0,0,0,0,0,348.4,0,0,0,0,348.4,
9/1/2026,2022,20230548,20940,30777,MOTIVA ENTERPRISE LLC,Refined and/or Petroleum Product (non-HVL),INTRASTATE,TEXAS,0,47.87,0,0,0,0,47.87,0,0,0,0,0,0,0,0,47.87,0,0,0,0,47.87,
9/1/2026,2022,20230153,20062,30781,OLYMPIC PIPE LINE COMPANY,Refined and/or Petroleum Product (non-HVL),INTERSTATE,OREGON,0,15.3,0,0,0,0,15.3,0,0,0,0,0,0,0,0,15.3,0,0,0,0,15.3,
9/1/2026,2022,20230153,20062,30781,OLYMPIC PIPE LINE COMPANY,Refined and/or Petroleum Product (non-HVL),INTERSTATE,WASHINGTON,0,351.7,0,0,0,0,351.7,0,0,0,0,0,0,0,0,351.7,0,0,0,0,351.7,
9/1/2026,2022,20230153,20062,30781,OLYMPIC PIPE LINE COMPANY,Refined and/or Petroleum Product (non-HVL),INTRASTATE,WASHINGTON,0,46.7,0,0,0,0,46.7,0,0,0,0,0,0,0,0,46.7,0,0,0,0,46.7,
9/1/2026,2022,20230238,20149,30782,HARVEST MIDSTREAM COMPANY,Crude Oil,INTERSTATE,LOUISIANA,0,192.602,0,0,0,0,192.602,0,0,0,0,0,0,0,0,192.602,0,0,0,0,192.602,
9/1/2026,2022,20230238,20149,30782,HARVEST MIDSTREAM COMPANY,Crude Oil,INTERSTATE,OCS-Gulf of Mexico,0,0,0,0,0,0,0,0,31.825,0,0,0,0,31.825,0,31.825,0,0,0,0,31.825,
9/1/2026,2022,20230238,20149,30782,HARVEST MIDSTREAM COMPANY,Crude Oil,INTERSTATE,TEXAS,0,2.912,0,0,0,0,2.912,0,0,0,0,0,0,0,0,2.912,0,0,0,0,2.912,
9/1/2026,2022,20230238,20149,30782,HARVEST MIDSTREAM COMPANY,Crude Oil,INTRASTATE,LOUISIANA,0,257.489,0,0,0,0,257.489,0,0,0,0,0,0,0,0,257.489,0,0,0,0,257.489,
9/1/2026,2022,20230238,20149,30782,HARVEST MIDSTREAM COMPANY,Crude Oil,INTRASTATE,TEXAS,0,453.787,0,0,0,0,453.787,0,0,0,0,0,0,0,0,453.787,0,0,0,0,453.787,
9/1/2026,2022,20230262,20173,30792,LAMAR OIL & GAS,Crude Oil,INTRASTATE,TEXAS,0,0,0,0,0,0,0,0,8.71,0,0,0,0,8.71,0,8.71,0,0,0,0,8.71,
9/1/2026,2022,20230035,19919,30825,CITGO PETROLEUM CORPORATION (REFINERY),HVL,INTRASTATE,LOUISIANA,0,6.24,0,0,0,0,6.24,0,0,0,0,0,0,0,0,6.24,0,0,0,0,6.24,
9/1/2026,2022,20230297,20988,30826,WILLIAMS FIELD SERVICES,HVL,INTERSTATE,COLORADO,0,393.936,0,0,0,0,393.936,0,0,0,0,0,0,0,0,393.936,0,0,0,0,393.936,
9/1/2026,2022,20230297,20988,30826,WILLIAMS FIELD SERVICES,HVL,INTERSTATE,KANSAS,0,261.253,0,0,0,0,261.253,0,0,0,0,0,0,0,0,261.253,0,0,0,0,261.253,
9/1/2026,2022,20230297,20988,30826,WILLIAMS FIELD SERVICES,HVL,INTERSTATE,OHIO,0,50.421,0,0,0,0,50.421,0,0,0,0,0,0,0,0,50.421,0,0,0,0,50.421,
9/1/2026,2022,20230297,20988,30826,WILLIAMS FIELD SERVICES,HVL,INTERSTATE,PENNSYLVANIA,0,31.345,0,0,0,0,31.345,0,0,0,0,0,0,0,0,31.345,0,0,0,0,31.345,
9/1/2026,2022,20230297,20988,30826,WILLIAMS FIELD SERVICES,HVL,INTERSTATE,WEST VIRGINIA,0,19.146,0,0,0,0,19.146,0,0,0,0,0,0,0,0,19.146,0,0,0,0,19.146,
9/1/2026,2022,20230297,20988,30826,WILLIAMS FIELD SERVICES,HVL,INTERSTATE,WYOMING,0,386.005,0,0,0,0,386.005,0,0,0,0,0,0,0,0,386.005,0,0,0,0,386.005,
9/1/2026,2022,20230297,20988,30826,WILLIAMS FIELD SERVICES,HVL,INTRASTATE,COLORADO,0,36.236,0,0,0,0,36.236,0,0,0,0,0,0,0,0,36.236,0,0,0,0,36.236,
9/1/2026,2022,20230297,20988,30826,WILLIAMS FIELD SERVICES,HVL,INTRASTATE,WEST VIRGINIA,0,27.652,0,0,0,0,27.652,0,0,0,0,0,0,0,0,27.652,0,0,0,0,27.652,
9/1/2026,2022,20230555,20479,30829,ENTERPRISE CRUDE PIPELINE LLC,Crude Oil,INTERSTATE,NEW MEXICO,5.547,82.306,0,0,0,0,87.853,0,0,0,0,0,0,0,5.547,82.306,0,0,0,0,87.853,
9/1/2026,2022,20230555,20479,30829,ENTERPRISE CRUDE PIPELINE LLC,Crude Oil,INTERSTATE,OKLAHOMA,0,320.592,0,0,0,0,320.592,0,0,0,0,0,0,0,0,320.592,0,0,0,0,320.592,
9/1/2026,2022,20230555,20479,30829,ENTERPRISE CRUDE PIPELINE LLC,Crude Oil,INTERSTATE,TEXAS,106.949,1555.521,0,0,0,0,1662.47,0,0,0,0,0,0,0,106.949,1555.521,0,0,0,0,1662.47,
9/1/2026,2022,20230555,20479,30829,ENTERPRISE CRUDE PIPELINE LLC,Crude Oil,INTRASTATE,NEW MEXICO,0,1.782,0,0,0,0,1.782,0,0,0,0,0,0,0,0,1.782,0,0,0,0,1.782,
9/1/2026,2022,20230555,20479,30829,ENTERPRISE CRUDE PIPELINE LLC,Crude Oil,INTRASTATE,TEXAS,1.849,1481.464,0,0,0,0,1483.313,0,0,0,0,0,0,0,1.849,1481.464,0,0,0,0,1483.313,
9/1/2026,2022,20230556,21075,30829,ENTERPRISE CRUDE PIPELINE LLC,Refined and/or Petroleum Product (non-HVL),INTERSTATE,TEXAS,0,21.344,0,0,0,0,21.344,0,0,0,0,0,0,0,0,21.344,0,0,0,0,21.344,
9/1/2026,2022,20230556,21075,30829,ENTERPRISE CRUDE PIPELINE LLC,Refined and/or Petroleum Product (non-HVL),INTRASTATE,TEXAS,0,1.917,0,0,0,0,1.917,0,0,0,0,0,0,0,0,1.917,0,0,0,0,1.917,
9/1/2026,2022,20230572,20496,30834,TIDELANDS OIL PRODUCTION COMPANY,Crude Oil,INTRASTATE,CALIFORNIA,0,2.06,0,0,0,0,2.06,0,0,0,0,0,0,0,0,2.06,0,0,0,0,2.06,
9/1/2026,2022,20230179,20089,30901,MENZIES AVIATION,Refined and/or Petroleum Product (non-HVL),INTRASTATE,ALASKA,0,7.6,0,0,0,0,7.6,0,0,0,0,0,0,0,0,7.6,0,0,0,0,7.6,
9/1/2026,2022,20230530,20454,30909,TRANSMONTAIGNE OPERATING COMPANY L.P.,Crude Oil,INTRASTATE,CALIFORNIA,0,1.9,0,0,0,0,1.9,0,0,0,0,0,0,0,0,1.9,0,0,0,0,1.9,
9/1/2026,2022,20230594,20518,30909,TRANSMONTAIGNE OPERATING COMPANY L.P.,Refined and/or Petroleum Product (non-HVL),INTRASTATE,CALIFORNIA,0,6.3,0,0,0,0,6.3,0,0,0,0,0,0,0,0,6.3,0,0,0,0,6.3,
9/1/2026,2022,20230594,20518,30909,TRANSMONTAIGNE OPERATING COMPANY L.P.,Refined and/or Petroleum Product (non-HVL),INTRASTATE,GEORGIA,0,0.58,0,0,0,0,0.58,0,0,0,0,0,0,0,0,0.58,0,0,0,0,0.58,
9/1/2026,2022,20230594,20518,30909,TRANSMONTAIGNE OPERATING COMPANY L.P.,Refined and/or Petroleum Product (non-HVL),INTRASTATE,MISSISSIPPI,0,40.59,0,0,0,0,40.59,0,0,0,0,0,0,0,0,40.59,0,0,0,0,40.59,
9/1/2026,2022,20230594,20518,30909,TRANSMONTAIGNE OPERATING COMPANY L.P.,Refined and/or Petroleum Product (non-HVL),INTRASTATE,TEXAS,0,32.74,0,0,0,0,32.74,0,0,0,0,0,0,0,0,32.74,0,0,0,0,32.74,
9/1/2026,2022,20230274,20185,30940,"WILLIAMS ENERGY, LLC",HVL,INTRASTATE,LOUISIANA,0,23.58,0,0,0,0,23.58,0,0,0,0,0,0,0,0,23.58,0,0,0,0,23.58,
9/1/2026,2022,20230136,20045,30959,THE DOW CHEMICAL COMPANY,HVL,INTRASTATE,TEXAS,0,88.76,0,0,0,0,88.76,0,0,0,0,0,0,0,0,88.76,0,0,0,0,88.76,
9/1/2026,2022,20230138,20047,30959,THE DOW CHEMICAL COMPANY,Refined and/or Petroleum Product (non-HVL),INTRASTATE,TEXAS,0,70.39,0,0,0,0,70.39,0,0,0,0,0,0,0,0,70.39,0,0,0,0,70.39,
9/1/2026,2022,20230335,20249,31023,CITGO REFINING & CHEMICAL CO. L.P.,Crude Oil,INTRASTATE,TEXAS,0,4.1,0,0,0,0,4.1,0,0,0,0,0,0,0,0,4.1,0,0,0,0,4.1,
9/1/2026,2022,20230337,20251,31023,CITGO REFINING & CHEMICAL CO. L.P.,HVL,INTRASTATE,TEXAS,0,5.86,0,0,0,0,5.86,0,0,0,0,0,0,0,0,5.86,0,0,0,0,5.86,
9/1/2026,2022,20230338,20252,31023,CITGO REFINING & CHEMICAL CO. L.P.,Refined and/or Petroleum Product (non-HVL),INTRASTATE,TEXAS,0,48.6,0,0,0,0,48.6,0,0,0,0,0,0,0,0,48.6,0,0,0,0,48.6,
9/1/2026,2022,20230171,20081,31045,"GENESIS PIPELINE USA, L.P.",Crude Oil,INTERSTATE,ALABAMA,0,68.42,0,0,0,0,68.42,0,0,0,0,0,0,0,0,68.42,0,0,0,0,68.42,
9/1/2026,2022,20230171,20081,31045,"GENESIS PIPELINE USA, L.P.",Crude Oil,INTERSTATE,FLORIDA,0,43.61,0,0,0,0,43.61,0,0,0,0,0,0,0,0,43.61,0,0,0,0,43.61,
9/1/2026,2022,20230171,20081,31045,"GENESIS PIPELINE USA, L.P.",Crude Oil,INTERSTATE,LOUISIANA,0,38.12,0,0,0,0,38.12,0,0,0,0,0,0,0,0,38.12,0,0,0,0,38.12,
9/1/2026,2022,20230171,20081,31045,"GENESIS PIPELINE USA, L.P.",Crude Oil,INTERSTATE,MISSISSIPPI,0,204.63,0,0,0,0,204.63,0,0,0,0,0,0,0,0,204.63,0,0,0,0,204.63,
9/1/2026,2022,20230095,19997,31049,MCCHORD PIPELINE CO.,Refined and/or Petroleum Product (non-HVL),INTRASTATE,WASHINGTON,0,14.25,0,0,0,0,14.25,0,0,0,0,0,0,0,0,14.25,0,0,0,0,14.25,
9/1/2026,2022,20230193,20103,31051,"TIDEWATER, INC",Refined and/or Petroleum Product (non-HVL),INTRASTATE,OREGON,0,10.56,0,0,0,0,10.56,0,0,0,0,0,0,0,0,10.56,0,0,0,0,10.56,
9/1/2026,2022,20230193,20103,31051,"TIDEWATER, INC",Refined and/or Petroleum Product (non-HVL),INTRASTATE,WASHINGTON,0,6.83,0,0,0,0,6.83,0,0,0,0,0,0,0,0,6.83,0,0,0,0,6.83,
9/1/2026,2022,20230083,19983,31056,"SIGNATURE FLIGHT SUPPORT, M&O _ HONOLULU",Refined and/or Petroleum Product (non-HVL),INTRASTATE,HAWAII,0,6,0,0,0,0,6,0,0,0,0,0,0,0,0,6,0,0,0,0,6,
9/1/2026,2022,20230099,20848,31057,"HECO - HAWAIIAN ELECTRIC COMPANY, INC.",Refined and/or Petroleum Product (non-HVL),INTRASTATE,HAWAII,0,18.02,0,0,0,0,18.02,0,0,0,0,0,0,0,0,18.02,0,0,0,0,18.02,
9/1/2026,2022,20230522,20446,31059,BASF CORPORATION,HVL,INTRASTATE,TEXAS,0,10.23,0,0,0,0,10.23,0,0,0,0,0,0,0,0,10.23,0,0,0,0,10.23,
9/1/2026,2022,20230653,20748,31075,E&B NATURAL RESOURCES MANAGEMENT CORP,Crude Oil,INTRASTATE,CALIFORNIA,0,8.23,0,0,0,0,8.23,0,0,0,0,0,0,0,0,8.23,0,0,0,0,8.23,
9/1/2026,2022,20230090,19992,31083,HAWAII ELECTRIC LIGHT,Refined and/or Petroleum Product (non-HVL),INTRASTATE,HAWAII,0,2,0,0,0,0,2,0,0,0,0,0,0,0,0,2,0,0,0,0,2,
9/1/2026,2022,20230049,19968,31130,DCP MIDSTREAM,HVL,INTERSTATE,COLORADO,0,220.595,0,0,0,0,220.595,0,0,0,0,0,0,0,0,220.595,0,0,0,0,220.595,
9/1/2026,2022,20230049,19968,31130,DCP MIDSTREAM,HVL,INTERSTATE,KANSAS,0,232.155,0,0,0,0,232.155,0,0,0,0,0,0,0,0,232.155,0,0,0,0,232.155,
9/1/2026,2022,20230049,19968,31130,DCP MIDSTREAM,HVL,INTERSTATE,LOUISIANA,0,175.554,0,0,0,0,175.554,0,0,0,0,0,0,0,0,175.554,0,0,0,0,175.554,
9/1/2026,2022,20230049,19968,31130,DCP MIDSTREAM,HVL,INTERSTATE,NEW MEXICO,0,45.456,0,0,0,0,45.456,0,0,0,0,0,0,0,0,45.456,0,0,0,0,45.456,
9/1/2026,2022,20230049,19968,31130,DCP MIDSTREAM,HVL,INTERSTATE,OKLAHOMA,0,553.074,0,0,0,0,553.074,0,0,0,0,0,0,0,0,553.074,0,0,0,0,553.074,
9/1/2026,2022,20230049,19968,31130,DCP MIDSTREAM,HVL,INTERSTATE,TEXAS,0,542.129,0,0,0,0,542.129,0,0,0,0,0,0,0,0,542.129,0,0,0,0,542.129,
9/1/2026,2022,20230049,19968,31130,DCP MIDSTREAM,HVL,INTRASTATE,COLORADO,0,53.841,0,0,0,0,53.841,0,0,0,0,0,0,0,0,53.841,0,0,0,0,53.841,
9/1/2026,2022,20230049,19968,31130,DCP MIDSTREAM,HVL,INTRASTATE,MICHIGAN,0,5.233,0,0,0,0,5.233,0,0,0,0,0,0,0,0,5.233,0,0,0,0,5.233,
9/1/2026,2022,20230049,19968,31130,DCP MIDSTREAM,HVL,INTRASTATE,TEXAS,0,1467.608,0,0,0,0,1467.608,0,0,0,0,0,0,0,0,1467.608,0,0,0,0,1467.608,
9/1/2026,2022,20230048,19935,31130,DCP MIDSTREAM,Refined and/or Petroleum Product (non-HVL),INTRASTATE,NEW MEXICO,0,3.008,0,0,0,0,3.008,0,0,0,0,0,0,0,0,3.008,0,0,0,0,3.008,
9/1/2026,2022,20230149,20058,31135,PETRO-DIAMOND TERMINAL COMPANY,Refined and/or Petroleum Product (non-HVL),INTRASTATE,CALIFORNIA,0,1.44,0,0,0,0,1.44,0,0,0,0,0,0,0,0,1.44,0,0,0,0,1.44,
9/1/2026,2022,20230364,20280,31136,WICKLAND PIPELINES LLC,Refined and/or Petroleum Product (non-HVL),INTRASTATE,CALIFORNIA,0,17.57,0,0,0,0,17.57,0,0,0,0,0,0,0,0,17.57,0,0,0,0,17.57,
9/1/2026,2022,20230575,20499,31166,MUSTANG  PIPE  LINE  LLC,Crude Oil,INTERSTATE,ILLINOIS,0,209.7,0,0,0,0,209.7,0,0,0,0,0,0,0,0,209.7,0,0,0,0,209.7,
9/1/2026,2022,20230433,20353,31167,MOEM PIPELINE LLC,Crude Oil,INTERSTATE,LOUISIANA,0,55.91,0,0,0,0,55.91,0,0,0,0,0,0,0,0,55.91,0,0,0,0,55.91,
9/1/2026,2022,20230686,20613,31174,"SHELL PIPELINE CO., L.P.",Crude Oil,INTERSTATE,ILLINOIS,0,1.19,0,0,0,0,1.19,0,0,0,0,0,0,0,0,1.19,0,0,0,0,1.19,
9/1/2026,2022,20230686,20613,31174,"SHELL PIPELINE CO., L.P.",Crude Oil,INTERSTATE,LOUISIANA,0,674.88,0,0,0,0,674.88,0,65.45,0,0,0,0,65.45,0,740.33,0,0,0,0,740.33,
9/1/2026,2022,20230686,20613,31174,"SHELL PIPELINE CO., L.P.",Crude Oil,INTERSTATE,OCS-Gulf of Mexico,0,0,0,0,0,0,0,0,1272.2,0,0,0,0,1272.2,0,1272.2,0,0,0,0,1272.2,
9/1/2026,2022,20230686,20613,31174,"SHELL PIPELINE CO., L.P.",Crude Oil,INTERSTATE,TEXAS,0,116.59,0,0,0,0,116.59,0,0,0,0,0,0,0,0,116.59,0,0,0,0,116.59,
9/1/2026,2022,20230684,20611,31174,"SHELL PIPELINE CO., L.P.",HVL,INTERSTATE,LOUISIANA,0,331.17,0,0,0,0,331.17,0,0,0,0,0,0,0,0,331.17,0,0,0,0,331.17,
9/1/2026,2022,20230684,20611,31174,"SHELL PIPELINE CO., L.P.",HVL,INTERSTATE,OHIO,0,43.98,0,0,0,0,43.98,0,0,0,0,0,0,0,0,43.98,0,0,0,0,43.98,
9/1/2026,2022,20230684,20611,31174,"SHELL PIPELINE CO., L.P.",HVL,INTERSTATE,PENNSYLVANIA,0,45.95,0,0,0,0,45.95,0,0,0,0,0,0,0,0,45.95,0,0,0,0,45.95,
9/1/2026,2022,20230684,20611,31174,"SHELL PIPELINE CO., L.P.",HVL,INTERSTATE,TEXAS,0,114.35,0,0,0,0,114.35,0,0,0,0,0,0,0,0,114.35,0,0,0,0,114.35,
9/1/2026,2022,20230684,20611,31174,"SHELL PIPELINE CO., L.P.",HVL,INTERSTATE,WEST VIRGINIA,0,8.76,0,0,0,0,8.76,0,0,0,0,0,0,0,0,8.76,0,0,0,0,8.76,
9/1/2026,2022,20230684,20611,31174,"SHELL PIPELINE CO., L.P.",HVL,INTRASTATE,LOUISIANA,0,78.2,0,0,0,0,78.2,0,0,0,0,0,0,0,0,78.2,0,0,0,0,78.2,
9/1/2026,2022,20230684,20611,31174,"SHELL PIPELINE CO., L.P.",HVL,INTRASTATE,TEXAS,0,120.16,0,0,0,0,120.16,0,0,0,0,0,0,0,0,120.16,0,0,0,0,120.16,
9/1/2026,2022,20230685,20612,31174,"SHELL PIPELINE CO., L.P.",Refined and/or Petroleum Product (non-HVL),INTERSTATE,ILLINOIS,0,0.79,0,0,0,0,0.79,0,0,0,0,0,0,0,0,0.79,0,0,0,0,0.79,
9/1/2026,2022,20230685,20612,31174,"SHELL PIPELINE CO., L.P.",Refined and/or Petroleum Product (non-HVL),INTERSTATE,LOUISIANA,0,157.7,0,0,0,0,157.7,0,0,0,0,0,0,0,0,157.7,0,0,0,0,157.7,
9/1/2026,2022,20230685,20612,31174,"SHELL PIPELINE CO., L.P.",Refined and/or Petroleum Product (non-HVL),INTERSTATE,TEXAS,0,7.9,0,0,0,0,7.9,0,0,0,0,0,0,0,0,7.9,0,0,0,0,7.9,
9/1/2026,2022,20230685,20612,31174,"SHELL PIPELINE CO., L.P.",Refined and/or Petroleum Product (non-HVL),INTRASTATE,CALIFORNIA,0,60.55,0,0,0,0,60.55,0,0,0,0,0,0,0,0,60.55,0,0,0,0,60.55,
9/1/2026,2022,20230685,20612,31174,"SHELL PIPELINE CO., L.P.",Refined and/or Petroleum Product (non-HVL),INTRASTATE,ILLINOIS,0,5.89,0,0,0,0,5.89,0,0,0,0,0,0,0,0,5.89,0,0,0,0,5.89,
9/1/2026,2022,20230685,20612,31174,"SHELL PIPELINE CO., L.P.",Refined and/or Petroleum Product (non-HVL),INTRASTATE,LOUISIANA,0,10.63,0,0,0,0,10.63,0,0,0,0,0,0,0,0,10.63,0,0,0,0,10.63,
9/1/2026,2022,20230685,20612,31174,"SHELL PIPELINE CO., L.P.",Refined and/or Petroleum Product (non-HVL),INTRASTATE,TEXAS,0,29.44,0,0,0,0,29.44,0,0,0,0,0,0,0,0,29.44,0,0,0,0,29.44,
9/1/2026,2022,20230412,20329,31178,XTO ENERGY INC,CO2,INTRASTATE,TEXAS,0,24.9,0,0,0,0,24.9,0,0,0,0,0,0,0,0,24.9,0,0,0,0,24.9,
9/1/2026,2022,20230667,20593,31178,XTO ENERGY INC,Crude Oil,INTRASTATE,NEW MEXICO,0,141.7,0,0,0,0,141.7,0,0,0,0,0,0,0,0,141.7,0,0,0,0,141.7,
9/1/2026,2022,20230667,20593,31178,XTO ENERGY INC,Crude Oil,INTRASTATE,TEXAS,0,12.5,0,0,0,7.12,19.62,0,0,0,0,0,0,0,0,12.5,0,0,0,7.12,19.62,
9/1/2026,2022,20230525,20567,31178,XTO ENERGY INC,HVL,INTRASTATE,LOUISIANA,0,12.1,0,0,0,0,12.1,0,0,0,0,0,0,0,0,12.1,0,0,0,0,12.1,
9/1/2026,2022,20230525,20567,31178,XTO ENERGY INC,HVL,INTRASTATE,NEW MEXICO,0,89.45,0,0,0,0,89.45,0,0,0,0,0,0,0,0,89.45,0,0,0,0,89.45,
9/1/2026,2022,20230525,20567,31178,XTO ENERGY INC,HVL,INTRASTATE,TEXAS,0,3.6,0,0,0,0,3.6,0,0,0,0,0,0,0,0,3.6,0,0,0,0,3.6,
9/1/2026,2022,20230158,20067,31189,BP PIPELINE (NORTH AMERICA) INC.,Crude Oil,INTERSTATE,ILLINOIS,0,519.4,0,0,0,0,519.4,0,0,0,0,0,0,0,0,519.4,0,0,0,0,519.4,
9/1/2026,2022,20230158,20067,31189,BP PIPELINE (NORTH AMERICA) INC.,Crude Oil,INTERSTATE,INDIANA,0,41.2,0,0,0,0,41.2,0,0,0,0,0,0,0,0,41.2,0,0,0,0,41.2,
9/1/2026,2022,20230158,20067,31189,BP PIPELINE (NORTH AMERICA) INC.,Crude Oil,INTERSTATE,IOWA,0,16,0,0,0,0,16,0,0,0,0,0,0,0,0,16,0,0,0,0,16,
9/1/2026,2022,20230158,20067,31189,BP PIPELINE (NORTH AMERICA) INC.,Crude Oil,INTERSTATE,KANSAS,0,132.4,0,0,0,0,132.4,0,0,0,0,0,0,0,0,132.4,0,0,0,0,132.4,
9/1/2026,2022,20230158,20067,31189,BP PIPELINE (NORTH AMERICA) INC.,Crude Oil,INTERSTATE,MISSOURI,0,217.1,0,0,0,0,217.1,0,0,0,0,0,0,0,0,217.1,0,0,0,0,217.1,
9/1/2026,2022,20230158,20067,31189,BP PIPELINE (NORTH AMERICA) INC.,Crude Oil,INTERSTATE,OKLAHOMA,0,88.8,0,0,0,0,88.8,0,0,0,0,0,0,0,0,88.8,0,0,0,0,88.8,
9/1/2026,2022,20230158,20067,31189,BP PIPELINE (NORTH AMERICA) INC.,Crude Oil,INTRASTATE,WASHINGTON,0,5.3,0,0,0,0,5.3,0,0,0,0,0,0,0,0,5.3,0,0,0,0,5.3,
9/1/2026,2022,20230156,20065,31189,BP PIPELINE (NORTH AMERICA) INC.,HVL,INTERSTATE,INDIANA,0,1.7,0,0,0,0,1.7,0,0,0,0,0,0,0,0,1.7,0,0,0,0,1.7,
9/1/2026,2022,20230156,20065,31189,BP PIPELINE (NORTH AMERICA) INC.,HVL,INTRASTATE,WASHINGTON,0,4.9,0,0,0,0,4.9,0,0,0,0,0,0,0,0,4.9,0,0,0,0,4.9,
9/1/2026,2022,20230157,20066,31189,BP PIPELINE (NORTH AMERICA) INC.,Refined and/or Petroleum Product (non-HVL),INTERSTATE,ALABAMA,0,26.1,0,0,0,0,26.1,0,0,0,0,0,0,0,0,26.1,0,0,0,0,26.1,
9/1/2026,2022,20230157,20066,31189,BP PIPELINE (NORTH AMERICA) INC.,Refined and/or Petroleum Product (non-HVL),INTERSTATE,ILLINOIS,0,147.6,0,0,0,0,147.6,0,0,0,0,0,0,0,0,147.6,0,0,0,0,147.6,
9/1/2026,2022,20230157,20066,31189,BP PIPELINE (NORTH AMERICA) INC.,Refined and/or Petroleum Product (non-HVL),INTERSTATE,INDIANA,0,140.9,0,0,0,0,140.9,0,0,0,0,0,0,0,0,140.9,0,0,0,0,140.9,
9/1/2026,2022,20230157,20066,31189,BP PIPELINE (NORTH AMERICA) INC.,Refined and/or Petroleum Product (non-HVL),INTERSTATE,KANSAS,0,72.5,0,0,0,0,72.5,0,0,0,0,0,0,0,0,72.5,0,0,0,0,72.5,
9/1/2026,2022,20230157,20066,31189,BP PIPELINE (NORTH AMERICA) INC.,Refined and/or Petroleum Product (non-HVL),INTERSTATE,KENTUCKY,0,97.4,0,0,0,0,97.4,0,0,0,0,0,0,0,0,97.4,0,0,0,0,97.4,
9/1/2026,2022,20230157,20066,31189,BP PIPELINE (NORTH AMERICA) INC.,Refined and/or Petroleum Product (non-HVL),INTERSTATE,MISSOURI,0,7.1,0,0,0,0,7.1,0,0,0,0,0,0,0,0,7.1,0,0,0,0,7.1,
9/1/2026,2022,20230157,20066,31189,BP PIPELINE (NORTH AMERICA) INC.,Refined and/or Petroleum Product (non-HVL),INTERSTATE,TENNESSEE,0,128.6,0,0,0,0,128.6,0,0,0,0,0,0,0,0,128.6,0,0,0,0,128.6,
9/1/2026,2022,20230151,20060,31199,ALLIANCE PIPELINE L.P.,HVL,INTRASTATE,NORTH DAKOTA,0,0.26,0,0,0,0,0.26,0,0,0,0,0,0,0,0,0.26,0,0,0,0,0.26,
9/1/2026,2022,20230461,20381,31202,"ENABLE MIDSTREAM PARTNERS, LP",HVL,INTRASTATE,TEXAS,0,57.92,0,0,0,0,57.92,0,0,0,0,0,0,0,0,57.92,0,0,0,0,57.92,
9/1/2026,2022,20230462,20382,31202,"ENABLE MIDSTREAM PARTNERS, LP",Refined and/or Petroleum Product (non-HVL),INTRASTATE,TEXAS,0,44.87,0,0,0,0,44.87,0,0,0,0,0,0,0,0,44.87,0,0,0,0,44.87,
9/1/2026,2022,20230573,20497,31228,"CALIFORNIA RESOURCES ELK HILLS, LLC",HVL,INTRASTATE,CALIFORNIA,0,2.8,0,19.33,0,0,22.13,0,0,0,0,0,0,0,0,2.8,0,19.33,0,0,22.13,
9/1/2026,2022,20230574,20498,31228,"CALIFORNIA RESOURCES ELK HILLS, LLC",Refined and/or Petroleum Product (non-HVL),INTRASTATE,CALIFORNIA,0,1.4,0,9.69,0,0,11.09,0,0,0,0,0,0,0,0,1.4,0,9.69,0,0,11.09,
9/1/2026,2022,20230654,20580,31256,"JGE GAS SOLUTIONS, LP",HVL,INTRASTATE,TEXAS,0,36.691,0,0,0,0,36.691,0,0,0,0,0,0,0,0,36.691,0,0,0,0,36.691,
9/1/2026,2022,20230134,21603,31285,HOUSTON AMMONIA TERMINAL,HVL,INTRASTATE,TEXAS,0,6.2,0,0,0,0,6.2,0,0,0,0,0,0,0,0,6.2,0,0,0,0,6.2,
9/1/2026,2022,20230013,19890,31312,WEST PHOENIX POWER PLANT,Refined and/or Petroleum Product (non-HVL),INTRASTATE,ARIZONA,0,2,0,0,0,0,2,0,0,0,0,0,0,0,0,2,0,0,0,0,2,
9/1/2026,2022,20230503,20424,31371,"BUCKEYE DEVELOPMENT & LOGISTICS, LLC",Crude Oil,INTRASTATE,TEXAS,0,22.566,0,0,0,0,22.566,0,0,0,0,0,0,0,0,22.566,0,0,0,0,22.566,
9/1/2026,2022,20230504,20425,31371,"BUCKEYE DEVELOPMENT & LOGISTICS, LLC",HVL,INTERSTATE,LOUISIANA,0,32.165,0,0,0,0,32.165,0,0,0,0,0,0,0,0,32.165,0,0,0,0,32.165,
9/1/2026,2022,20230504,20425,31371,"BUCKEYE DEVELOPMENT & LOGISTICS, LLC",HVL,INTERSTATE,MICHIGAN,0,6.01,0,0,0,0,6.01,0,0,0,0,0,0,0,0,6.01,0,0,0,0,6.01,
9/1/2026,2022,20230504,20425,31371,"BUCKEYE DEVELOPMENT & LOGISTICS, LLC",HVL,INTERSTATE,TEXAS,0,78.578,0,0,0,0,78.578,0,0,0,0,0,0,0,0,78.578,0,0,0,0,78.578,
9/1/2026,2022,20230504,20425,31371,"BUCKEYE DEVELOPMENT & LOGISTICS, LLC",HVL,INTRASTATE,LOUISIANA,0,22.997,0,0,0,0,22.997,0,0,0,0,0,0,0,0,22.997,0,0,0,0,22.997,
9/1/2026,2022,20230504,20425,31371,"BUCKEYE DEVELOPMENT & LOGISTICS, LLC",HVL,INTRASTATE,TEXAS,0,563.697,0,0,0,0,563.697,0,0,0,0,0,0,0,0,563.697,0,0,0,0,563.697,
9/1/2026,2022,20230505,20704,31371,"BUCKEYE DEVELOPMENT & LOGISTICS, LLC",Refined and/or Petroleum Product (non-HVL),INTERSTATE,FLORIDA,0,37.557,0,0,0,0,37.557,0,0,0,0,0,0,0,0,37.557,0,0,0,0,37.557,
9/1/2026,2022,20230505,20704,31371,"BUCKEYE DEVELOPMENT & LOGISTICS, LLC",Refined and/or Petroleum Product (non-HVL),INTERSTATE,NEVADA,0,3.035,0,0,0,0,3.035,0,0,0,0,0,0,0,0,3.035,0,0,0,0,3.035,
9/1/2026,2022,20230505,20704,31371,"BUCKEYE DEVELOPMENT & LOGISTICS, LLC",Refined and/or Petroleum Product (non-HVL),INTERSTATE,TENNESSEE,0,14.951,0,0,0,0,14.951,0,0,0,0,0,0,0,0,14.951,0,0,0,0,14.951,
9/1/2026,2022,20230505,20704,31371,"BUCKEYE DEVELOPMENT & LOGISTICS, LLC",Refined and/or Petroleum Product (non-HVL),INTERSTATE,TEXAS,0,27.776,0,0,0,0,27.776,0,0,0,0,0,0,0,0,27.776,0,0,0,0,27.776,
9/1/2026,2022,20230505,20704,31371,"BUCKEYE DEVELOPMENT & LOGISTICS, LLC",Refined and/or Petroleum Product (non-HVL),INTRASTATE,CALIFORNIA,0,4.288,0,0,0,0,4.288,0,0,0,0,0,0,0,0,4.288,0,0,0,0,4.288,
9/1/2026,2022,20230505,20704,31371,"BUCKEYE DEVELOPMENT & LOGISTICS, LLC",Refined and/or Petroleum Product (non-HVL),INTRASTATE,TEXAS,0,6.78,0,0,0,0,6.78,0,0,0,0,0,0,0,0,6.78,0,0,0,0,6.78,
9/1/2026,2022,20230721,21523,31372,TICONA POLYMERS INC,Refined and/or Petroleum Product (non-HVL),INTRASTATE,TEXAS,0,48.34,0,0,0,0,48.34,0,0,0,0,0,0,0,0,48.34,0,0,0,0,48.34,
9/1/2026,2022,20230164,20073,31391,"LINDE GAS NORTH AMERICA, LLC",CO2,INTRASTATE,WYOMING,0,7.24,0,0,0,0,7.24,0,0,0,0,0,0,0,0,7.24,0,0,0,0,7.24,
9/1/2026,2022,20230593,20517,31420,VOPAK TERMINAL LOS ANGELES INC.,Refined and/or Petroleum Product (non-HVL),INTRASTATE,CALIFORNIA,0,10.67,0,0,0,0,10.67,0,0,0,0,0,0,0,0,10.67,0,0,0,0,10.67,
9/1/2026,2022,20230251,20162,31425,"PALO DURO PIPELINES (TEXAS GATHERING), L.P.",HVL,INTRASTATE,TEXAS,0,24.032,0,0,0,0,24.032,0,0,0,0,0,0,0,0,24.032,0,0,0,0,24.032,
9/1/2026,2022,20230237,20148,31434,PALMER PETROLEUM INC,Crude Oil,INTRASTATE,ALABAMA,0,6,0,0,0,0,6,0,0,0,0,0,0,0,0,6,0,0,0,0,6,
9/1/2026,2022,20230330,20244,31448,ENBRIDGE PIPELINES (TOLEDO) INC,Crude Oil,INTERSTATE,MICHIGAN,26.23,112.114,0,0,0,0,138.344,0,0,0,0,0,0,0,26.23,112.114,0,0,0,0,138.344,
9/1/2026,2022,20230330,20244,31448,ENBRIDGE PIPELINES (TOLEDO) INC,Crude Oil,INTERSTATE,OHIO,1.77,8.69,0,0,0,0,10.46,0,0,0,0,0,0,0,1.77,8.69,0,0,0,0,10.46,
9/1/2026,2022,20230246,20157,31451,KINDER MORGAN TEXAS PIPELINE CO,Refined and/or Petroleum Product (non-HVL),INTRASTATE,TEXAS,0,3.27,0,0,0,0,3.27,0,0,0,0,0,0,0,0,3.27,0,0,0,0,3.27,
9/1/2026,2022,20230543,20467,31454,"NUSTAR LOGISTICS, L.P.",Crude Oil,INTERSTATE,OKLAHOMA,0,82.7,0,0,0,0,82.7,0,0,0,0,0,0,0,0,82.7,0,0,0,0,82.7,
9/1/2026,2022,20230543,20467,31454,"NUSTAR LOGISTICS, L.P.",Crude Oil,INTERSTATE,TEXAS,0,63.6,0,0,0,0,63.6,0,0,0,0,0,0,0,0,63.6,0,0,0,0,63.6,
9/1/2026,2022,20230543,20467,31454,"NUSTAR LOGISTICS, L.P.",Crude Oil,INTRASTATE,TEXAS,0,739.3,0,0,0,0,739.3,0,0,0,0,0,0,0,0,739.3,0,0,0,0,739.3,
9/1/2026,2022,20230544,20468,31454,"NUSTAR LOGISTICS, L.P.",HVL,INTRASTATE,TEXAS,0,187.8,0,0,0,0,187.8,0,0,0,0,0,0,0,0,187.8,0,0,0,0,187.8,
9/1/2026,2022,20230542,20466,31454,"NUSTAR LOGISTICS, L.P.",Refined and/or Petroleum Product (non-HVL),INTERSTATE,COLORADO,0,273,0,0,0,0,273,0,0,0,0,0,0,0,0,273,0,0,0,0,273,
9/1/2026,2022,20230542,20466,31454,"NUSTAR LOGISTICS, L.P.",Refined and/or Petroleum Product (non-HVL),INTERSTATE,NEW MEXICO,0,542.7,0,0,0,0,542.7,0,0,0,0,0,0,0,0,542.7,0,0,0,0,542.7,
9/1/2026,2022,20230542,20466,31454,"NUSTAR LOGISTICS, L.P.",Refined and/or Petroleum Product (non-HVL),INTERSTATE,OKLAHOMA,0,127.4,0,0,0,0,127.4,0,0,0,0,0,0,0,0,127.4,0,0,0,0,127.4,
9/1/2026,2022,20230542,20466,31454,"NUSTAR LOGISTICS, L.P.",Refined and/or Petroleum Product (non-HVL),INTERSTATE,TEXAS,0,765.7,0,0,0,0,765.7,0,0,0,0,0,0,0,0,765.7,0,0,0,0,765.7,
9/1/2026,2022,20230542,20466,31454,"NUSTAR LOGISTICS, L.P.",Refined and/or Petroleum Product (non-HVL),INTRASTATE,TEXAS,0,828.8,0,0,0,0,828.8,0,0,0,0,0,0,0,0,828.8,0,0,0,0,828.8,
9/1/2026,2022,20230109,21258,31455,"CALUMET MONTANA REFINING, LLC",Crude Oil,INTRASTATE,MONTANA,0,2.6,0,0,0,0,2.6,0,0,0,0,0,0,0,0,2.6,0,0,0,0,2.6,
9/1/2026,2022,20230698,20626,31460,DOD DEFENSE ENERGY SUPPORT CENTER,Refined and/or Petroleum Product (non-HVL),INTRASTATE,CALIFORNIA,0,8.86,0,0,0,0,8.86,0,0,0,0,0,0,0,0,8.86,0,0,0,0,8.86,
9/1/2026,2022,20230705,20667,31475,TRINITY PIPELINE GP LLC,CO2,INTERSTATE,NEW MEXICO,0,57.44,0,0,0,0,57.44,0,0,0,0,0,0,0,0,57.44,0,0,0,0,57.44,
9/1/2026,2022,20230705,20667,31475,TRINITY PIPELINE GP LLC,CO2,INTERSTATE,TEXAS,0,42.57,0,0,0,0,42.57,0,0,0,0,0,0,0,0,42.57,0,0,0,0,42.57,
9/1/2026,2022,20230705,20667,31475,TRINITY PIPELINE GP LLC,CO2,INTRASTATE,NEW MEXICO,0,52.9,0,0,0,0,52.9,0,0,0,0,0,0,0,0,52.9,0,0,0,0,52.9,
9/1/2026,2022,20230705,20667,31475,TRINITY PIPELINE GP LLC,CO2,INTRASTATE,TEXAS,0,26.93,0,0,0,0,26.93,0,0,0,0,0,0,0,0,26.93,0,0,0,0,26.93,
9/1/2026,2022,20230463,20383,31476,ET CRUDE OPERATING LLC,Crude Oil,INTERSTATE,KANSAS,0.52,353.55,0,43.81,0,0,397.88,0,0,0,0,0,0,0,0.52,353.55,0,43.81,0,0,397.88,
9/1/2026,2022,20230463,20383,31476,ET CRUDE OPERATING LLC,Crude Oil,INTERSTATE,NORTH DAKOTA,0,0.75,0,0,0,0,0.75,0,0,0,0,0,0,0,0,0.75,0,0,0,0,0.75,
9/1/2026,2022,20230463,20383,31476,ET CRUDE OPERATING LLC,Crude Oil,INTERSTATE,OKLAHOMA,0,51.76,0,0,0,0,51.76,0,0,0,0,0,0,0,0,51.76,0,0,0,0,51.76,
9/1/2026,2022,20230463,20383,31476,ET CRUDE OPERATING LLC,Crude Oil,INTRASTATE,COLORADO,0,91.42,0,0,0,0,91.42,0,0,0,0,0,0,0,0,91.42,0,0,0,0,91.42,
9/1/2026,2022,20230463,20383,31476,ET CRUDE OPERATING LLC,Crude Oil,INTRASTATE,KANSAS,51.27,0,0,0,5.65,0,56.92,0,0,0,0,0,0,0,51.27,0,0,0,5.65,0,56.92,
9/1/2026,2022,20230463,20383,31476,ET CRUDE OPERATING LLC,Crude Oil,INTRASTATE,LOUISIANA,0,35.23,0,0,0,0,35.23,0,0,0,0,0,0,0,0,35.23,0,0,0,0,35.23,
9/1/2026,2022,20230463,20383,31476,ET CRUDE OPERATING LLC,Crude Oil,INTRASTATE,OKLAHOMA,0,5.27,0,0,0,0,5.27,0,0,0,0,0,0,0,0,5.27,0,0,0,0,5.27,
9/1/2026,2022,20230465,20385,31476,ET CRUDE OPERATING LLC,HVL,INTRASTATE,LOUISIANA,0,34.67,0,0,0,0,34.67,0,0,0,0,0,0,0,0,34.67,0,0,0,0,34.67,
9/1/2026,2022,20230464,20384,31476,ET CRUDE OPERATING LLC,Refined and/or Petroleum Product (non-HVL),INTRASTATE,LOUISIANA,0,0,0,36.02,0,0,36.02,0,0,0,0,0,0,0,0,0,0,36.02,0,0,36.02,
9/1/2026,2022,20230357,20271,31502,OCCIDENTAL PERMIAN LTD,HVL,INTRASTATE,TEXAS,0,14.78,0,0,0,0,14.78,0,0,0,0,0,0,0,0,14.78,0,0,0,0,14.78,
9/1/2026,2022,20230679,20605,31506,CONOCOPHILLIPS COMPANY (E&P-L-48),Crude Oil,INTRASTATE,TEXAS,0,81.99,0,0,0.1,0,82.09,0,0,0,0,0,0,0,0,81.99,0,0,0.1,0,82.09,
9/1/2026,2022,20230323,20237,31517,ASCEND PERFORMANCE MATERIALS TEXAS INC,HVL,INTRASTATE,TEXAS,0,123.14,0,0,0,0,123.14,0,0,0,0,0,0,0,0,123.14,0,0,0,0,123.14,
9/1/2026,2022,20230519,20441,31523,ANDERSON OIL LTD,Crude Oil,INTRASTATE,TEXAS,0,0.355,0,0,0,0,0.355,0,0,0,0,0,0,0,0,0.355,0,0,0,0,0.355,
9/1/2026,2022,20230121,20026,31526,DELAWARE STORAGE AND PIPELINE COMPANY,Refined and/or Petroleum Product (non-HVL),INTRASTATE,DELAWARE,0,10.61,0,0,0,0,10.61,0,0,0,0,0,0,0,0,10.61,0,0,0,0,10.61,
9/1/2026,2022,20230376,20345,31552,ALPINE TRANSPORTATION CO.,Crude Oil,INTERSTATE,ALASKA,0,0,33.628,1.006,0,0,34.634,0,0,0,0,0,0,0,0,0,33.628,1.006,0,0,34.634,
9/1/2026,2022,20230098,20000,31554,"BOARDWALK PETROCHEMICAL PIPELINE, LLC",HVL,INTERSTATE,LOUISIANA,0,162.31,0,0,0,0,162.31,0,0,0,0,0,0,0,0,162.31,0,0,0,0,162.31,
9/1/2026,2022,20230098,20000,31554,"BOARDWALK PETROCHEMICAL PIPELINE, LLC",HVL,INTERSTATE,TEXAS,0,15.28,0,0,0,0,15.28,0,0,0,0,0,0,0,0,15.28,0,0,0,0,15.28,
9/1/2026,2022,20230534,20458,31555,KINDER MORGAN CO2 CO. LLC,CO2,INTERSTATE,COLORADO,0,115.79,0,0,0,0,115.79,0,0,0,0,0,0,0,0,115.79,0,0,0,0,115.79,
9/1/2026,2022,20230534,20458,31555,KINDER MORGAN CO2 CO. LLC,CO2,INTERSTATE,NEW MEXICO,0,484.99,0,0,0,0,484.99,0,0,0,0,0,0,0,0,484.99,0,0,0,0,484.99,
9/1/2026,2022,20230534,20458,31555,KINDER MORGAN CO2 CO. LLC,CO2,INTERSTATE,TEXAS,0,704.33,0,0,0,0,704.33,0,0,0,0,0,0,0,0,704.33,0,0,0,0,704.33,
9/1/2026,2022,20230534,20458,31555,KINDER MORGAN CO2 CO. LLC,CO2,INTRASTATE,TEXAS,0,4.05,0,0,0,0,4.05,0,0,0,0,0,0,0,0,4.05,0,0,0,0,4.05,
9/1/2026,2022,20230500,20421,31563,"WHITECAP PIPE LINE COMPANY, L.L.C.",Crude Oil,INTERSTATE,OCS-Gulf of Mexico,0,0,0,0,0,0,0,0,43.2,0,0,0,0,43.2,0,43.2,0,0,0,0,43.2,
9/1/2026,2022,20230405,20322,31579,"MAGELLAN PIPELINES HOLDINGS, LP",Crude Oil,INTERSTATE,OKLAHOMA,0,147.69,0,0,0,0,147.69,0,0,0,0,0,0,0,0,147.69,0,0,0,0,147.69,
9/1/2026,2022,20230405,20322,31579,"MAGELLAN PIPELINES HOLDINGS, LP",Crude Oil,INTRASTATE,TEXAS,0,5.9,0,0,0,0,5.9,0,0,0,0,0,0,0,0,5.9,0,0,0,0,5.9,
9/1/2026,2022,20230407,20324,31579,"MAGELLAN PIPELINES HOLDINGS, LP",Refined and/or Petroleum Product (non-HVL),INTRASTATE,TEXAS,0,30.12,0,0,0,0,30.12,0,0,0,0,0,0,0,0,30.12,0,0,0,0,30.12,
9/1/2026,2022,20230408,20730,31580,"MAGELLAN TERMINALS HOLDINGS, LP",Crude Oil,INTERSTATE,OKLAHOMA,0,14.56,0,0,0,0,14.56,0,0,0,0,0,0,0,0,14.56,0,0,0,0,14.56,
9/1/2026,2022,20230408,20730,31580,"MAGELLAN TERMINALS HOLDINGS, LP",Crude Oil,INTRASTATE,LOUISIANA,0,13.87,0,0,0,0,13.87,0,0,0,0,0,0,0,0,13.87,0,0,0,0,13.87,
9/1/2026,2022,20230409,20326,31580,"MAGELLAN TERMINALS HOLDINGS, LP",Refined and/or Petroleum Product (non-HVL),INTRASTATE,TEXAS,0,15.77,0,0,0,0,15.77,0,0,0,0,0,0,0,0,15.77,0,0,0,0,15.77,
9/1/2026,2022,20230233,20144,31613,M6 MIDSTREAM LLC,HVL,INTRASTATE,TEXAS,0,168.35,0,0,0,0,168.35,0,0,0,0,0,0,0,0,168.35,0,0,0,0,168.35,
9/1/2026,2022,20230558,20482,31618,ENTERPRISE PRODUCTS OPERATING LLC,Crude Oil,INTRASTATE,TEXAS,0,64.886,0,0,0,0,64.886,0,0,0,0,0,0,0,0,64.886,0,0,0,0,64.886,
9/1/2026,2022,20230560,20715,31618,ENTERPRISE PRODUCTS OPERATING LLC,HVL,INTERSTATE,ALABAMA,0,18.549,0,0,0,0,18.549,0,0,0,0,0,0,0,0,18.549,0,0,0,0,18.549,
9/1/2026,2022,20230560,20715,31618,ENTERPRISE PRODUCTS OPERATING LLC,HVL,INTERSTATE,ARKANSAS,0.547,674.895,0,0,0,0,675.442,0,0,0,0,0,0,0,0.547,674.895,0,0,0,0,675.442,
9/1/2026,2022,20230560,20715,31618,ENTERPRISE PRODUCTS OPERATING LLC,HVL,INTERSTATE,COLORADO,0,734.363,0,0,0,0,734.363,0,0,0,0,0,0,0,0,734.363,0,0,0,0,734.363,
9/1/2026,2022,20230560,20715,31618,ENTERPRISE PRODUCTS OPERATING LLC,HVL,INTERSTATE,ILLINOIS,0,799.143,0,0,0,0,799.143,0,0,0,0,0,0,0,0,799.143,0,0,0,0,799.143,
9/1/2026,2022,20230560,20715,31618,ENTERPRISE PRODUCTS OPERATING LLC,HVL,INTERSTATE,INDIANA,0,583.538,0,0,0,0,583.538,0,0,0,0,0,0,0,0,583.538,0,0,0,0,583.538,
9/1/2026,2022,20230560,20715,31618,ENTERPRISE PRODUCTS OPERATING LLC,HVL,INTERSTATE,IOWA,0.002,749.634,0,0,0,0,749.636,0,0,0,0,0,0,0,0.002,749.634,0,0,0,0,749.636,
9/1/2026,2022,20230560,20715,31618,ENTERPRISE PRODUCTS OPERATING LLC,HVL,INTERSTATE,KANSAS,0.011,1601.601,0,0,0,0,1601.612,0,0,0,0,0,0,0,0.011,1601.601,0,0,0,0,1601.612,
9/1/2026,2022,20230560,20715,31618,ENTERPRISE PRODUCTS OPERATING LLC,HVL,INTERSTATE,KENTUCKY,0,9.887,0,0,0,0,9.887,0,0,0,0,0,0,0,0,9.887,0,0,0,0,9.887,
9/1/2026,2022,20230560,20715,31618,ENTERPRISE PRODUCTS OPERATING LLC,HVL,INTERSTATE,LOUISIANA,0,949.681,0,0,0,0,949.681,0,0,0,0,0,0,0,0,949.681,0,0,0,0,949.681,
9/1/2026,2022,20230560,20715,31618,ENTERPRISE PRODUCTS OPERATING LLC,HVL,INTERSTATE,MINNESOTA,0.002,213.658,0,0,0,0,213.66,0,0,0,0,0,0,0,0.002,213.658,0,0,0,0,213.66,
9/1/2026,2022,20230560,20715,31618,ENTERPRISE PRODUCTS OPERATING LLC,HVL,INTERSTATE,MISSISSIPPI,0,93.437,0,0,0,0,93.437,0,0,0,0,0,0,0,0,93.437,0,0,0,0,93.437,
9/1/2026,2022,20230560,20715,31618,ENTERPRISE PRODUCTS OPERATING LLC,HVL,INTERSTATE,MISSOURI,0,539.599,0,0,0,0,539.599,0,0,0,0,0,0,0,0,539.599,0,0,0,0,539.599,
9/1/2026,2022,20230560,20715,31618,ENTERPRISE PRODUCTS OPERATING LLC,HVL,INTERSTATE,NEBRASKA,0,289.1,0,0,0,0,289.1,0,0,0,0,0,0,0,0,289.1,0,0,0,0,289.1,
9/1/2026,2022,20230560,20715,31618,ENTERPRISE PRODUCTS OPERATING LLC,HVL,INTERSTATE,NEW MEXICO,0.2,1449.721,0,0,0,0,1449.921,0,0,0,0,0,0,0,0.2,1449.721,0,0,0,0,1449.921,
9/1/2026,2022,20230560,20715,31618,ENTERPRISE PRODUCTS OPERATING LLC,HVL,INTERSTATE,NEW YORK,0,200.009,0,0,0,0,200.009,0,0,0,0,0,0,0,0,200.009,0,0,0,0,200.009,
9/1/2026,2022,20230560,20715,31618,ENTERPRISE PRODUCTS OPERATING LLC,HVL,INTERSTATE,OHIO,0,647.696,0,0,0,0,647.696,0,0,0,0,0,0,0,0,647.696,0,0,0,0,647.696,
9/1/2026,2022,20230560,20715,31618,ENTERPRISE PRODUCTS OPERATING LLC,HVL,INTERSTATE,OKLAHOMA,0,404.272,0,0,0,0,404.272,0,0,0,0,0,0,0,0,404.272,0,0,0,0,404.272,
9/1/2026,2022,20230560,20715,31618,ENTERPRISE PRODUCTS OPERATING LLC,HVL,INTERSTATE,PENNSYLVANIA,0,567.059,0,0,0,0,567.059,0,0,0,0,0,0,0,0,567.059,0,0,0,0,567.059,
9/1/2026,2022,20230560,20715,31618,ENTERPRISE PRODUCTS OPERATING LLC,HVL,INTERSTATE,TEXAS,0.061,4015.33,0,0,0,0,4015.391,0,0,0,0,0,0,0,0.061,4015.33,0,0,0,0,4015.391,
9/1/2026,2022,20230560,20715,31618,ENTERPRISE PRODUCTS OPERATING LLC,HVL,INTERSTATE,UTAH,0,535.684,0,0,0,0,535.684,0,0,0,0,0,0,0,0,535.684,0,0,0,0,535.684,
9/1/2026,2022,20230560,20715,31618,ENTERPRISE PRODUCTS OPERATING LLC,HVL,INTERSTATE,WEST VIRGINIA,0,22.721,0,0,0,0,22.721,0,0,0,0,0,0,0,0,22.721,0,0,0,0,22.721,
9/1/2026,2022,20230560,20715,31618,ENTERPRISE PRODUCTS OPERATING LLC,HVL,INTERSTATE,WISCONSIN,0,71.149,0,0,0,0,71.149,0,0,0,0,0,0,0,0,71.149,0,0,0,0,71.149,
9/1/2026,2022,20230560,20715,31618,ENTERPRISE PRODUCTS OPERATING LLC,HVL,INTERSTATE,WYOMING,0.021,468.061,0,0,0,0,468.082,0,0,0,0,0,0,0,0.021,468.061,0,0,0,0,468.082,
9/1/2026,2022,20230560,20715,31618,ENTERPRISE PRODUCTS OPERATING LLC,HVL,INTRASTATE,LOUISIANA,0,1187.195,0,0,0,0,1187.195,0,0,0,0,0,0,0,0,1187.195,0,0,0,0,1187.195,
9/1/2026,2022,20230560,20715,31618,ENTERPRISE PRODUCTS OPERATING LLC,HVL,INTRASTATE,TEXAS,45.771,5653.31,0,0,0,0,5699.081,0,0,0,0,0,0,0,45.771,5653.31,0,0,0,0,5699.081,
9/1/2026,2022,20230560,20715,31618,ENTERPRISE PRODUCTS OPERATING LLC,HVL,INTRASTATE,WYOMING,0,3.351,0,0,0,0,3.351,0,0,0,0,0,0,0,0,3.351,0,0,0,0,3.351,
9/1/2026,2022,20230559,20483,31618,ENTERPRISE PRODUCTS OPERATING LLC,Refined and/or Petroleum Product (non-HVL),INTERSTATE,ARKANSAS,0,37.696,0,0,0,0,37.696,0,0,0,0,0,0,0,0,37.696,0,0,0,0,37.696,
9/1/2026,2022,20230559,20483,31618,ENTERPRISE PRODUCTS OPERATING LLC,Refined and/or Petroleum Product (non-HVL),INTERSTATE,ILLINOIS,0,34.406,0,0,0,0,34.406,0,0,0,0,0,0,0,0,34.406,0,0,0,0,34.406,
9/1/2026,2022,20230559,20483,31618,ENTERPRISE PRODUCTS OPERATING LLC,Refined and/or Petroleum Product (non-HVL),INTERSTATE,INDIANA,0,29.966,0,0,0,0,29.966,0,0,0,0,0,0,0,0,29.966,0,0,0,0,29.966,
9/1/2026,2022,20230559,20483,31618,ENTERPRISE PRODUCTS OPERATING LLC,Refined and/or Petroleum Product (non-HVL),INTERSTATE,KANSAS,0,0.559,0,0,0,0,0.559,0,0,0,0,0,0,0,0,0.559,0,0,0,0,0.559,
9/1/2026,2022,20230559,20483,31618,ENTERPRISE PRODUCTS OPERATING LLC,Refined and/or Petroleum Product (non-HVL),INTERSTATE,KENTUCKY,0,9.355,0,0,0,0,9.355,0,0,0,0,0,0,0,0,9.355,0,0,0,0,9.355,
9/1/2026,2022,20230559,20483,31618,ENTERPRISE PRODUCTS OPERATING LLC,Refined and/or Petroleum Product (non-HVL),INTERSTATE,LOUISIANA,0,76.584,0,0,0,0,76.584,0,0,0,0,0,0,0,0,76.584,0,0,0,0,76.584,
9/1/2026,2022,20230559,20483,31618,ENTERPRISE PRODUCTS OPERATING LLC,Refined and/or Petroleum Product (non-HVL),INTERSTATE,OHIO,0,38.256,0,0,0,0,38.256,0,0,0,0,0,0,0,0,38.256,0,0,0,0,38.256,
9/1/2026,2022,20230559,20483,31618,ENTERPRISE PRODUCTS OPERATING LLC,Refined and/or Petroleum Product (non-HVL),INTERSTATE,TENNESSEE,0,6.832,0,0,0,0,6.832,0,0,0,0,0,0,0,0,6.832,0,0,0,0,6.832,
9/1/2026,2022,20230559,20483,31618,ENTERPRISE PRODUCTS OPERATING LLC,Refined and/or Petroleum Product (non-HVL),INTERSTATE,TEXAS,0.136,85.661,0,0,0,0,85.797,0,0,0,0,0,0,0,0.136,85.661,0,0,0,0,85.797,
9/1/2026,2022,20230559,20483,31618,ENTERPRISE PRODUCTS OPERATING LLC,Refined and/or Petroleum Product (non-HVL),INTRASTATE,LOUISIANA,0,82.144,0,0,0,0,82.144,0,0,0,0,0,0,0,0,82.144,0,0,0,0,82.144,
9/1/2026,2022,20230559,20483,31618,ENTERPRISE PRODUCTS OPERATING LLC,Refined and/or Petroleum Product (non-HVL),INTRASTATE,NEW MEXICO,0,334.924,0,0,0,0,334.924,0,0,0,0,0,0,0,0,334.924,0,0,0,0,334.924,
9/1/2026,2022,20230559,20483,31618,ENTERPRISE PRODUCTS OPERATING LLC,Refined and/or Petroleum Product (non-HVL),INTRASTATE,TEXAS,14.433,294.182,0,0,0,0,308.615,0,0,0,0,0,0,0,14.433,294.182,0,0,0,0,308.615,
9/1/2026,2022,20230661,20587,31627,"DENBURY ONSHORE, LLC",CO2,INTERSTATE,LOUISIANA,0,74.27,0,0,0,0,74.27,0,0,0,0,0,0,0,0,74.27,0,0,0,0,74.27,
9/1/2026,2022,20230661,20587,31627,"DENBURY ONSHORE, LLC",CO2,INTERSTATE,MISSISSIPPI,0,249.36,0,0,0,0,249.36,0,0,0,0,0,0,0,0,249.36,0,0,0,0,249.36,
9/1/2026,2022,20230661,20587,31627,"DENBURY ONSHORE, LLC",CO2,INTRASTATE,MISSISSIPPI,0,95,0,0,0,0,95,0,0,0,0,0,0,0,0,95,0,0,0,0,95,
9/1/2026,2022,20230661,20587,31627,"DENBURY ONSHORE, LLC",CO2,INTRASTATE,WYOMING,0,46.66,0,0,0,0,46.66,0,0,0,0,0,0,0,0,46.66,0,0,0,0,46.66,
9/1/2026,2022,20230644,20569,31663,NAVAJO NATION OIL AND GAS COMPANY,Crude Oil,INTERSTATE,COLORADO,0,12.44,0,0,0,0,12.44,0,0,0,0,0,0,0,0,12.44,0,0,0,0,12.44,
9/1/2026,2022,20230644,20569,31663,NAVAJO NATION OIL AND GAS COMPANY,Crude Oil,INTERSTATE,NEW MEXICO,0,58.13,0,0,0,0,58.13,0,0,0,0,0,0,0,0,58.13,0,0,0,0,58.13,
9/1/2026,2022,20230644,20569,31663,NAVAJO NATION OIL AND GAS COMPANY,Crude Oil,INTERSTATE,UTAH,0,17.15,0,0,0,0,17.15,0,0,0,0,0,0,0,0,17.15,0,0,0,0,17.15,
9/1/2026,2022,20230565,20489,31684,PHILLIPS 66 PIPELINE LLC,Crude Oil,INTERSTATE,ILLINOIS,0,2.83,0,0,0,0,2.83,0,0,0,0,0,0,0,0,2.83,0,0,0,0,2.83,
9/1/2026,2022,20230565,20489,31684,PHILLIPS 66 PIPELINE LLC,Crude Oil,INTERSTATE,LOUISIANA,0,11.42,0,0,0,0,11.42,0,0,0,0,0,0,0,0,11.42,0,0,0,0,11.42,
9/1/2026,2022,20230565,20489,31684,PHILLIPS 66 PIPELINE LLC,Crude Oil,INTERSTATE,MONTANA,0,747.99,0,0,0,0,747.99,0,0,0,0,0,0,0,0,747.99,0,0,0,0,747.99,
9/1/2026,2022,20230565,20489,31684,PHILLIPS 66 PIPELINE LLC,Crude Oil,INTERSTATE,NEW MEXICO,0,33.74,0,0,0,0,33.74,0,0,0,0,0,0,0,0,33.74,0,0,0,0,33.74,
9/1/2026,2022,20230565,20489,31684,PHILLIPS 66 PIPELINE LLC,Crude Oil,INTERSTATE,NORTH DAKOTA,0,95.71,0,0,0,0,95.71,0,0,0,0,0,0,0,0,95.71,0,0,0,0,95.71,
9/1/2026,2022,20230565,20489,31684,PHILLIPS 66 PIPELINE LLC,Crude Oil,INTERSTATE,OKLAHOMA,0,460.32,0,0,0,0,460.32,0,0,0,0,0,0,0,0,460.32,0,0,0,0,460.32,
9/1/2026,2022,20230565,20489,31684,PHILLIPS 66 PIPELINE LLC,Crude Oil,INTERSTATE,TEXAS,0,1493.82,0,0,0,0,1493.82,0,0,0,0,0,0,0,0,1493.82,0,0,0,0,1493.82,
9/1/2026,2022,20230565,20489,31684,PHILLIPS 66 PIPELINE LLC,Crude Oil,INTRASTATE,CALIFORNIA,0,427.76,0,0,0,0,427.76,0,0,0,0,0,0,0,0,427.76,0,0,0,0,427.76,
9/1/2026,2022,20230565,20489,31684,PHILLIPS 66 PIPELINE LLC,Crude Oil,INTRASTATE,LOUISIANA,39.68,39.73,0,0,0,0,79.41,0,0,0,0,0,0,0,39.68,39.73,0,0,0,0,79.41,
9/1/2026,2022,20230565,20489,31684,PHILLIPS 66 PIPELINE LLC,Crude Oil,INTRASTATE,OKLAHOMA,0,1.64,0,0,0,0,1.64,0,0,0,0,0,0,0,0,1.64,0,0,0,0,1.64,
9/1/2026,2022,20230565,20489,31684,PHILLIPS 66 PIPELINE LLC,Crude Oil,INTRASTATE,TEXAS,4.22,143.75,0,0,0,0,147.97,0,0,0,0,0,0,0,4.22,143.75,0,0,0,0,147.97,
9/1/2026,2022,20230567,20491,31684,PHILLIPS 66 PIPELINE LLC,HVL,INTERSTATE,COLORADO,0,137.95,0,0,0,0,137.95,0,0,0,0,0,0,0,0,137.95,0,0,0,0,137.95,
9/1/2026,2022,20230567,20491,31684,PHILLIPS 66 PIPELINE LLC,HVL,INTERSTATE,ILLINOIS,0,11.61,0,0,0,0,11.61,0,0,0,0,0,0,0,0,11.61,0,0,0,0,11.61,
9/1/2026,2022,20230567,20491,31684,PHILLIPS 66 PIPELINE LLC,HVL,INTERSTATE,KANSAS,0,437.3,0,0,0,0,437.3,0,0,0,0,0,0,0,0,437.3,0,0,0,0,437.3,
9/1/2026,2022,20230567,20491,31684,PHILLIPS 66 PIPELINE LLC,HVL,INTERSTATE,LOUISIANA,0.42,31.1,0,0,0,0,31.52,0,0,0,0,0,0,0,0.42,31.1,0,0,0,0,31.52,
9/1/2026,2022,20230567,20491,31684,PHILLIPS 66 PIPELINE LLC,HVL,INTERSTATE,MISSOURI,0.01,245.77,0,0,0,0,245.78,0,0,0,0,0,0,0,0.01,245.77,0,0,0,0,245.78,
9/1/2026,2022,20230567,20491,31684,PHILLIPS 66 PIPELINE LLC,HVL,INTERSTATE,NEW MEXICO,0,115.42,0,0,0,0,115.42,0,0,0,0,0,0,0,0,115.42,0,0,0,0,115.42,
9/1/2026,2022,20230567,20491,31684,PHILLIPS 66 PIPELINE LLC,HVL,INTERSTATE,OKLAHOMA,0.02,253.76,0,0,0,0,253.78,0,0,0,0,0,0,0,0.02,253.76,0,0,0,0,253.78,
9/1/2026,2022,20230567,20491,31684,PHILLIPS 66 PIPELINE LLC,HVL,INTERSTATE,TEXAS,0.45,1173.06,0,0,0,0,1173.51,0,0,0,0,0,0,0,0.45,1173.06,0,0,0,0,1173.51,
9/1/2026,2022,20230567,20491,31684,PHILLIPS 66 PIPELINE LLC,HVL,INTERSTATE,WYOMING,0,138.58,0,0,0,0,138.58,0,0,0,0,0,0,0,0,138.58,0,0,0,0,138.58,
9/1/2026,2022,20230567,20491,31684,PHILLIPS 66 PIPELINE LLC,HVL,INTRASTATE,LOUISIANA,0,490.84,0,0,0,0,490.84,0,0,0,0,0,0,0,0,490.84,0,0,0,0,490.84,
9/1/2026,2022,20230567,20491,31684,PHILLIPS 66 PIPELINE LLC,HVL,INTRASTATE,TEXAS,0,595.3,0,0,0,0,595.3,0,0,0,0,0,0,0,0,595.3,0,0,0,0,595.3,
9/1/2026,2022,20230564,20488,31684,PHILLIPS 66 PIPELINE LLC,Refined and/or Petroleum Product (non-HVL),INTERSTATE,COLORADO,0.26,493.39,0,0,0,0,493.65,0,0,0,0,0,0,0,0.26,493.39,0,0,0,0,493.65,
9/1/2026,2022,20230564,20488,31684,PHILLIPS 66 PIPELINE LLC,Refined and/or Petroleum Product (non-HVL),INTERSTATE,IDAHO,0,79.61,0,0,0,0,79.61,0,0,0,0,0,0,0,0,79.61,0,0,0,0,79.61,
9/1/2026,2022,20230564,20488,31684,PHILLIPS 66 PIPELINE LLC,Refined and/or Petroleum Product (non-HVL),INTERSTATE,ILLINOIS,0,17.11,0,0,0,0,17.11,0,0,0,0,0,0,0,0,17.11,0,0,0,0,17.11,
9/1/2026,2022,20230564,20488,31684,PHILLIPS 66 PIPELINE LLC,Refined and/or Petroleum Product (non-HVL),INTERSTATE,KANSAS,0,568.12,0,0,0,0,568.12,0,0,0,0,0,0,0,0,568.12,0,0,0,0,568.12,
9/1/2026,2022,20230564,20488,31684,PHILLIPS 66 PIPELINE LLC,Refined and/or Petroleum Product (non-HVL),INTERSTATE,LOUISIANA,0,11.47,0,0,0,0,11.47,0,0,0,0,0,0,0,0,11.47,0,0,0,0,11.47,
9/1/2026,2022,20230564,20488,31684,PHILLIPS 66 PIPELINE LLC,Refined and/or Petroleum Product (non-HVL),INTERSTATE,MISSOURI,0,295.19,0,0,0,0,295.19,0,0,0,0,0,0,0,0,295.19,0,0,0,0,295.19,
9/1/2026,2022,20230564,20488,31684,PHILLIPS 66 PIPELINE LLC,Refined and/or Petroleum Product (non-HVL),INTERSTATE,MONTANA,0,578.4,0,0,0,0,578.4,0,0,0,0,0,0,0,0,578.4,0,0,0,0,578.4,
9/1/2026,2022,20230564,20488,31684,PHILLIPS 66 PIPELINE LLC,Refined and/or Petroleum Product (non-HVL),INTERSTATE,NEW JERSEY,0,2.03,0,0,0,0,2.03,0,0,0,0,0,0,0,0,2.03,0,0,0,0,2.03,
9/1/2026,2022,20230564,20488,31684,PHILLIPS 66 PIPELINE LLC,Refined and/or Petroleum Product (non-HVL),INTERSTATE,OKLAHOMA,13.62,680.58,0,0,0,0,694.2,0,0,0,0,0,0,0,13.62,680.58,0,0,0,0,694.2,
9/1/2026,2022,20230564,20488,31684,PHILLIPS 66 PIPELINE LLC,Refined and/or Petroleum Product (non-HVL),INTERSTATE,OREGON,0,0,0,0,0,0,0,0,0,0,0,0,0,0,0,0,0,0,0,0,0,
9/1/2026,2022,20230564,20488,31684,PHILLIPS 66 PIPELINE LLC,Refined and/or Petroleum Product (non-HVL),INTERSTATE,TEXAS,0,524.08,0,0,0,0,524.08,0,0,0,0,0,0,0,0,524.08,0,0,0,0,524.08,
9/1/2026,2022,20230564,20488,31684,PHILLIPS 66 PIPELINE LLC,Refined and/or Petroleum Product (non-HVL),INTERSTATE,UTAH,0,117.63,0,0,0,0,117.63,0,0,0,0,0,0,0,0,117.63,0,0,0,0,117.63,
9/1/2026,2022,20230564,20488,31684,PHILLIPS 66 PIPELINE LLC,Refined and/or Petroleum Product (non-HVL),INTERSTATE,WASHINGTON,0,132.72,0,0,0,0,132.72,0,0,0,0,0,0,0,0,132.72,0,0,0,0,132.72,
9/1/2026,2022,20230564,20488,31684,PHILLIPS 66 PIPELINE LLC,Refined and/or Petroleum Product (non-HVL),INTERSTATE,WYOMING,0,735.63,0,0,0,0,735.63,0,0,0,0,0,0,0,0,735.63,0,0,0,0,735.63,
9/1/2026,2022,20230564,20488,31684,PHILLIPS 66 PIPELINE LLC,Refined and/or Petroleum Product (non-HVL),INTRASTATE,CALIFORNIA,0,268.86,0,0,0,0,268.86,0,0,0,0,0,0,0,0,268.86,0,0,0,0,268.86,
9/1/2026,2022,20230564,20488,31684,PHILLIPS 66 PIPELINE LLC,Refined and/or Petroleum Product (non-HVL),INTRASTATE,LOUISIANA,0,17.68,0,0,0,0,17.68,0,0,0,0,0,0,0,0,17.68,0,0,0,0,17.68,
9/1/2026,2022,20230564,20488,31684,PHILLIPS 66 PIPELINE LLC,Refined and/or Petroleum Product (non-HVL),INTRASTATE,TEXAS,0,171.29,0,0,0,0,171.29,0,0,0,0,0,0,0,0,171.29,0,0,0,0,171.29,
9/1/2026,2022,20230279,20190,31687,"HILL-LAKE GAS STORAGE, LLC",HVL,INTRASTATE,TEXAS,0,2,0,0,0,0,2,0,0,0,0,0,0,0,0,2,0,0,0,0,2,
9/1/2026,2022,20230282,20989,31703,"WILLIAMS MLP OPERATING, LLC",HVL,INTRASTATE,WEST VIRGINIA,0,5.52,0,0,0,0,5.52,0,0,0,0,0,0,0,0,5.52,0,0,0,0,5.52,
9/1/2026,2022,20230620,20544,31707,CHEVRON U.S.A. INC - PERMIAN BASIN,Crude Oil,INTRASTATE,TEXAS,2.78,0,0,0,0,0,2.78,0,0,0,0,0,0,0,2.78,0,0,0,0,0,2.78,
9/1/2026,2022,20230247,20158,31719,HILAND PARTNERS HOLDINGS LLC,HVL,INTRASTATE,MONTANA,0,8.85,0,0,0,0,8.85,0,0,0,0,0,0,0,0,8.85,0,0,0,0,8.85,
9/1/2026,2022,20230247,20158,31719,HILAND PARTNERS HOLDINGS LLC,HVL,INTRASTATE,NORTH DAKOTA,0,12.95,0,0,0,0,12.95,0,0,0,0,0,0,0,0,12.95,0,0,0,0,12.95,
9/1/2026,2022,20230368,20284,31720,"EXPRESS HOLDINGS (USA), LLC",Crude Oil,INTERSTATE,ILLINOIS,0,4.917,0,0,0,0,4.917,0,0,0,0,0,0,0,0,4.917,0,0,0,0,4.917,
9/1/2026,2022,20230368,20284,31720,"EXPRESS HOLDINGS (USA), LLC",Crude Oil,INTERSTATE,KANSAS,0,98.579,0,0,0,0,98.579,0,0,0,0,0,0,0,0,98.579,0,0,0,0,98.579,
9/1/2026,2022,20230368,20284,31720,"EXPRESS HOLDINGS (USA), LLC",Crude Oil,INTERSTATE,MISSOURI,0,271.683,0,0,0,0,271.683,0,0,0,0,0,0,0,0,271.683,0,0,0,0,271.683,
9/1/2026,2022,20230368,20284,31720,"EXPRESS HOLDINGS (USA), LLC",Crude Oil,INTERSTATE,MONTANA,0,304.121,0,0,0,0,304.121,0,0,0,0,0,0,0,0,304.121,0,0,0,0,304.121,
9/1/2026,2022,20230368,20284,31720,"EXPRESS HOLDINGS (USA), LLC",Crude Oil,INTERSTATE,NEBRASKA,0,409.889,0,0,0,0,409.889,0,0,0,0,0,0,0,0,409.889,0,0,0,0,409.889,
9/1/2026,2022,20230368,20284,31720,"EXPRESS HOLDINGS (USA), LLC",Crude Oil,INTERSTATE,WYOMING,0,364.828,0,0,0,0,364.828,0,0,0,0,0,0,0,0,364.828,0,0,0,0,364.828,
9/1/2026,2022,20230133,20042,31721,PIPELINE TECHNOLOGY,HVL,INTRASTATE,LOUISIANA,0,6.3,0,0,0,0,6.3,0,0,0,0,0,0,0,0,6.3,0,0,0,0,6.3,
9/1/2026,2022,20230132,20041,31721,PIPELINE TECHNOLOGY,Refined and/or Petroleum Product (non-HVL),INTRASTATE,LOUISIANA,0,22,0,0,0,0,22,0,0,0,0,0,0,0,0,22,0,0,0,0,22,
9/1/2026,2022,20230256,20167,31723,EXXON MOBIL CORPORATION,Crude Oil,INTERSTATE,LOUISIANA,0,0.428,0,0,0,0,0.428,0,0,0,0,0,0,0,0,0.428,0,0,0,0,0.428,
9/1/2026,2022,20230256,20167,31723,EXXON MOBIL CORPORATION,Crude Oil,INTRASTATE,LOUISIANA,0,10.696,0,0,0,0,10.696,0,0,0,0,0,0,0,0,10.696,0,0,0,0,10.696,
9/1/2026,2022,20230257,20168,31723,EXXON MOBIL CORPORATION,Refined and/or Petroleum Product (non-HVL),INTRASTATE,LOUISIANA,22.726,0.687,0,0,0,0,23.413,0,0,0,0,0,0,0,22.726,0.687,0,0,0,0,23.413,
9/1/2026,2022,20230603,20527,31755,"NOBLE ENERGY, INC. RBU",Crude Oil,INTRASTATE,COLORADO,0,39.94,0,0,0,0,39.94,0,0,0,0,0,0,0,0,39.94,0,0,0,0,39.94,
9/1/2026,2022,20230601,20525,31755,"NOBLE ENERGY, INC. RBU",HVL,INTRASTATE,COLORADO,0,7.79,0,0,0,0,7.79,0,0,0,0,0,0,0,0,7.79,0,0,0,0,7.79,
9/1/2026,2022,20230007,19879,31779,SWISSPORT FUELING INC,Refined and/or Petroleum Product (non-HVL),INTRASTATE,ARIZONA,0,12.28,0,0,0,0,12.28,0,0,0,0,0,0,0,0,12.28,0,0,0,0,12.28,
9/1/2026,2022,20230580,20504,31801,TANDEM ENERGY CORPORATION,Crude Oil,INTRASTATE,TEXAS,0,0.245,0,0,0,3.444,3.689,0,0,0,0,0,0,0,0,0.245,0,0,0,3.444,3.689,
9/1/2026,2022,20230284,20195,31816,"MID-CONTINENT FRACTIONATION AND STORAGE, L.L.C.",HVL,INTRASTATE,KANSAS,0,59.25,0,0,0,0,59.25,0,0,0,0,0,0,0,0,59.25,0,0,0,0,59.25,
9/1/2026,2022,20230283,20194,31816,"MID-CONTINENT FRACTIONATION AND STORAGE, L.L.C.",Refined and/or Petroleum Product (non-HVL),INTRASTATE,KANSAS,0,3.386,0,0,0,0,3.386,0,0,0,0,0,0,0,0,3.386,0,0,0,0,3.386,
9/1/2026,2022,20230209,20119,31822,SUNCOR ENERGY (USA) PIPELINE CO.,Crude Oil,INTERSTATE,COLORADO,0,104.8,0,0,0,0,104.8,0,0,0,0,0,0,0,0,104.8,0,0,0,0,104.8,
9/1/2026,2022,20230209,20119,31822,SUNCOR ENERGY (USA) PIPELINE CO.,Crude Oil,INTERSTATE,WYOMING,0,17.97,0,0,0,0,17.97,0,0,0,0,0,0,0,0,17.97,0,0,0,0,17.97,
9/1/2026,2022,20230209,20119,31822,SUNCOR ENERGY (USA) PIPELINE CO.,Crude Oil,INTRASTATE,COLORADO,0,25.88,0,0,0,0,25.88,0,0,0,0,0,0,0,0,25.88,0,0,0,0,25.88,
9/1/2026,2022,20230209,20119,31822,SUNCOR ENERGY (USA) PIPELINE CO.,Crude Oil,INTRASTATE,WYOMING,54,165,0,0,0,0,219,0,0,0,0,0,0,0,54,165,0,0,0,0,219,
9/1/2026,2022,20230210,20120,31822,SUNCOR ENERGY (USA) PIPELINE CO.,Refined and/or Petroleum Product (non-HVL),INTRASTATE,COLORADO,0,4.17,0,0,0,0,4.17,0,0,0,0,0,0,0,0,4.17,0,0,0,0,4.17,
9/1/2026,2022,20230137,20046,31847,"CALUMET COTTON VALLEY REFINING, LLC.",Refined and/or Petroleum Product (non-HVL),INTRASTATE,LOUISIANA,0,6.35,0,0,0,0,6.35,0,0,0,0,0,0,0,0,6.35,0,0,0,0,6.35,
9/1/2026,2022,20230466,20386,31863,HFOTCO LLC,Crude Oil,INTRASTATE,TEXAS,0,20.59,0,0,0,0,20.59,0,0,0,0,0,0,0,0,20.59,0,0,0,0,20.59,
9/1/2026,2022,20230583,20507,31864,APACHE CORPORATION,CO2,INTRASTATE,TEXAS,0,41.13,0,0,0,0,41.13,0,0,0,0,0,0,0,0,41.13,0,0,0,0,41.13,
9/1/2026,2022,20230650,20575,31878,BRIDGER PIPELINE LLC,Crude Oil,INTERSTATE,MONTANA,0,537,0,0,0,0,537,0,0,0,0,0,0,0,0,537,0,0,0,0,537,
9/1/2026,2022,20230650,20575,31878,BRIDGER PIPELINE LLC,Crude Oil,INTERSTATE,NORTH DAKOTA,0,289,0,0,0,0,289,0,0,0,0,0,0,0,0,289,0,0,0,0,289,
9/1/2026,2022,20230650,20575,31878,BRIDGER PIPELINE LLC,Crude Oil,INTERSTATE,WYOMING,0,850,0,0,0,0,850,0,0,0,0,0,0,0,0,850,0,0,0,0,850,
9/1/2026,2022,20230648,20573,31878,BRIDGER PIPELINE LLC,Refined and/or Petroleum Product (non-HVL),INTERSTATE,WYOMING,0,76,0,0,0,0,76,0,0,0,0,0,0,0,0,76,0,0,0,0,76,
9/1/2026,2022,20230278,20189,31888,CENTURION PIPELINE L.P.,Crude Oil,INTERSTATE,NEW MEXICO,16.91,258.14,0,0,0,0,275.05,0,0,0,0,0,0,0,16.91,258.14,0,0,0,0,275.05,
9/1/2026,2022,20230278,20189,31888,CENTURION PIPELINE L.P.,Crude Oil,INTERSTATE,OKLAHOMA,0,420.33,0,0,0,0,420.33,0,0,0,0,0,0,0,0,420.33,0,0,0,0,420.33,
9/1/2026,2022,20230278,20189,31888,CENTURION PIPELINE L.P.,Crude Oil,INTERSTATE,TEXAS,25,607.8,0,0,0,0,632.8,0,0,0,0,0,0,0,25,607.8,0,0,0,0,632.8,
9/1/2026,2022,20230278,20189,31888,CENTURION PIPELINE L.P.,Crude Oil,INTRASTATE,TEXAS,6.52,1075.25,0,0,0,0,1081.77,0,0,0,0,0,0,0,6.52,1075.25,0,0,0,0,1081.77,
9/1/2026,2022,20230230,20141,31914,NGL SUPPLY TERMINAL COMPANY LLC,HVL,INTRASTATE,MICHIGAN,0,225,0,0,0,0,225,0,0,0,0,0,0,0,0,225,0,0,0,0,225,
9/1/2026,2022,20230613,20537,31919,MIDSTREAM ENERGY PARTNERS (USA) LLC,HVL,INTRASTATE,CALIFORNIA,0,47.16,0,0,0,0,47.16,0,0,0,0,0,0,0,0,47.16,0,0,0,0,47.16,
9/1/2026,2022,20230106,20009,31933,CALCASIEU REFINING COMPANY,Refined and/or Petroleum Product (non-HVL),INTRASTATE,LOUISIANA,0,5.4,0,0,0,0,5.4,0,0,0,0,0,0,0,0,5.4,0,0,0,0,5.4,
9/1/2026,2022,20230334,20248,31937,"TPCO, LLC",Crude Oil,INTRASTATE,MISSISSIPPI,0,10.4,0,0,0,0,10.4,0,0,0,0,0,0,0,0,10.4,0,0,0,0,10.4,
9/1/2026,2022,20230046,19932,31943,COLT MIDSTREAM LLC,HVL,INTRASTATE,TEXAS,0,16.36,0,0,0,0,16.36,0,0,0,0,0,0,0,0,16.36,0,0,0,0,16.36,
9/1/2026,2022,20230370,20286,31947,ENBRIDGE PIPELINES (OZARK) L.L.C.,Crude Oil,INTRASTATE,KANSAS,0,0,0,5,0,0,5,0,0,0,0,0,0,0,0,0,0,5,0,0,5,
9/1/2026,2022,20230370,20286,31947,ENBRIDGE PIPELINES (OZARK) L.L.C.,Crude Oil,INTRASTATE,OKLAHOMA,0,47.151,0,0,0,0,47.151,0,0,0,0,0,0,0,0,47.151,0,0,0,0,47.151,
9/1/2026,2022,20230516,20438,31957,KINDER MORGAN WINK PIPELINE LLC,Crude Oil,INTERSTATE,TEXAS,0,431.74,0,0,0,0,431.74,0,0,0,0,0,0,0,0,431.74,0,0,0,0,431.74,
9/1/2026,2022,20230516,20438,31957,KINDER MORGAN WINK PIPELINE LLC,Crude Oil,INTRASTATE,TEXAS,0,1.52,0,0,0,0,1.52,0,0,0,0,0,0,0,0,1.52,0,0,0,0,1.52,
9/1/2026,2022,20230384,20300,31970,"CONOCOPHILLIPS ALASKA, INC.",Refined and/or Petroleum Product (non-HVL),INTRASTATE,ALASKA,0,0,33.787,0.957,0,0,34.744,0,0,0,0,0,0,0,0,0,33.787,0.957,0,0,34.744,
9/1/2026,2022,20230346,20725,31994,"PANTHER OPERATING COMPANY, LLC",Crude Oil,INTERSTATE,LOUISIANA,0,10.94,0,0,0,0,10.94,0,37.35,0,0,0,0,37.35,0,48.29,0,0,0,0,48.29,
9/1/2026,2022,20230346,20725,31994,"PANTHER OPERATING COMPANY, LLC",Crude Oil,INTERSTATE,OCS-Gulf of Mexico,0,0,0,0,0,0,0,0,145.63,0,0,0,0,145.63,0,145.63,0,0,0,0,145.63,
9/1/2026,2022,20230483,20714,32005,"ENLINK PROCESSING SERVICES, LLC",HVL,INTERSTATE,LOUISIANA,0,247.001,0,0,0,0,247.001,0,0,0,0,0,0,0,0,247.001,0,0,0,0,247.001,
9/1/2026,2022,20230483,20714,32005,"ENLINK PROCESSING SERVICES, LLC",HVL,INTERSTATE,TEXAS,0,64.393,0,0,0,0,64.393,0,0,0,0,0,0,0,0,64.393,0,0,0,0,64.393,
9/1/2026,2022,20230483,20714,32005,"ENLINK PROCESSING SERVICES, LLC",HVL,INTRASTATE,LOUISIANA,0,422.829,0,0,0,0,422.829,0,0,0,0,0,0,0,0,422.829,0,0,0,0,422.829,
9/1/2026,2022,20230485,20405,32005,"ENLINK PROCESSING SERVICES, LLC",Refined and/or Petroleum Product (non-HVL),INTRASTATE,LOUISIANA,0,23.04,0,0,0,0,23.04,0,0,0,0,0,0,0,0,23.04,0,0,0,0,23.04,
9/1/2026,2022,20230014,19889,32007,SUPERIOR PIPELINE COMPANY L.L.C.,HVL,INTRASTATE,OKLAHOMA,0,29.34,0,0,0,0,29.34,0,0,0,0,0,0,0,0,29.34,0,0,0,0,29.34,
9/1/2026,2022,20230416,20333,32011,"HOLLY ENERGY PARTNERS - OPERATING, L.P.",Crude Oil,INTERSTATE,NEW MEXICO,0,34.95,0,0,0,0,34.95,0,0,0,0,0,0,0,0,34.95,0,0,0,0,34.95,
9/1/2026,2022,20230416,20333,32011,"HOLLY ENERGY PARTNERS - OPERATING, L.P.",Crude Oil,INTERSTATE,TEXAS,0,25.19,0,0,0,0,25.19,0,0,0,0,0,0,0,0,25.19,0,0,0,0,25.19,
9/1/2026,2022,20230416,20333,32011,"HOLLY ENERGY PARTNERS - OPERATING, L.P.",Crude Oil,INTERSTATE,UTAH,0,231.98,0,0,0,0,231.98,0,0,0,0,0,0,0,0,231.98,0,0,0,0,231.98,
9/1/2026,2022,20230416,20333,32011,"HOLLY ENERGY PARTNERS - OPERATING, L.P.",Crude Oil,INTERSTATE,WYOMING,0,290.67,0,0,0,0,290.67,0,0,0,0,0,0,0,0,290.67,0,0,0,0,290.67,
9/1/2026,2022,20230416,20333,32011,"HOLLY ENERGY PARTNERS - OPERATING, L.P.",Crude Oil,INTRASTATE,KANSAS,0,3.94,0,0,0,0,3.94,0,0,0,0,0,0,0,0,3.94,0,0,0,0,3.94,
9/1/2026,2022,20230416,20333,32011,"HOLLY ENERGY PARTNERS - OPERATING, L.P.",Crude Oil,INTRASTATE,NEW MEXICO,0,325.9,0,0,0,0,325.9,0,0,0,0,0,0,0,0,325.9,0,0,0,0,325.9,
9/1/2026,2022,20230416,20333,32011,"HOLLY ENERGY PARTNERS - OPERATING, L.P.",Crude Oil,INTRASTATE,TEXAS,0,30.51,0,0,0,0,30.51,0,0,0,0,0,0,0,0,30.51,0,0,0,0,30.51,
9/1/2026,2022,20230432,20352,32011,"HOLLY ENERGY PARTNERS - OPERATING, L.P.",Refined and/or Petroleum Product (non-HVL),INTERSTATE,NEBRASKA,0,170.68,0,0,0,0,170.68,0,0,0,0,0,0,0,0,170.68,0,0,0,0,170.68,
9/1/2026,2022,20230432,20352,32011,"HOLLY ENERGY PARTNERS - OPERATING, L.P.",Refined and/or Petroleum Product (non-HVL),INTERSTATE,NEW MEXICO,0,68.55,0,0,0,0,68.55,0,0,0,0,0,0,0,0,68.55,0,0,0,0,68.55,
9/1/2026,2022,20230432,20352,32011,"HOLLY ENERGY PARTNERS - OPERATING, L.P.",Refined and/or Petroleum Product (non-HVL),INTERSTATE,OKLAHOMA,0,28.62,0,0,0,0,28.62,0,0,0,0,0,0,0,0,28.62,0,0,0,0,28.62,
9/1/2026,2022,20230432,20352,32011,"HOLLY ENERGY PARTNERS - OPERATING, L.P.",Refined and/or Petroleum Product (non-HVL),INTERSTATE,TEXAS,0,193.58,0,0,0,0,193.58,0,0,0,0,0,0,0,0,193.58,0,0,0,0,193.58,
9/1/2026,2022,20230432,20352,32011,"HOLLY ENERGY PARTNERS - OPERATING, L.P.",Refined and/or Petroleum Product (non-HVL),INTERSTATE,UTAH,0,4.76,0,0,0,0,4.76,0,0,0,0,0,0,0,0,4.76,0,0,0,0,4.76,
9/1/2026,2022,20230432,20352,32011,"HOLLY ENERGY PARTNERS - OPERATING, L.P.",Refined and/or Petroleum Product (non-HVL),INTERSTATE,WYOMING,0,39,0,0,0,0,39,0,0,0,0,0,0,0,0,39,0,0,0,0,39,
9/1/2026,2022,20230432,20352,32011,"HOLLY ENERGY PARTNERS - OPERATING, L.P.",Refined and/or Petroleum Product (non-HVL),INTRASTATE,IDAHO,0,13.3,0,0,0,0,13.3,0,0,0,0,0,0,0,0,13.3,0,0,0,0,13.3,
9/1/2026,2022,20230432,20352,32011,"HOLLY ENERGY PARTNERS - OPERATING, L.P.",Refined and/or Petroleum Product (non-HVL),INTRASTATE,NEW MEXICO,0,229.08,0,0,0,0,229.08,0,0,0,0,0,0,0,0,229.08,0,0,0,0,229.08,
9/1/2026,2022,20230432,20352,32011,"HOLLY ENERGY PARTNERS - OPERATING, L.P.",Refined and/or Petroleum Product (non-HVL),INTRASTATE,OKLAHOMA,0,3.05,0,0,0,0,3.05,0,0,0,0,0,0,0,0,3.05,0,0,0,0,3.05,
9/1/2026,2022,20230432,20352,32011,"HOLLY ENERGY PARTNERS - OPERATING, L.P.",Refined and/or Petroleum Product (non-HVL),INTRASTATE,TEXAS,0,475.15,0,0,0,0,475.15,0,0,0,0,0,0,0,0,475.15,0,0,0,0,475.15,
9/1/2026,2022,20230432,20352,32011,"HOLLY ENERGY PARTNERS - OPERATING, L.P.",Refined and/or Petroleum Product (non-HVL),INTRASTATE,UTAH,0,5.69,0,0,0,0,5.69,0,0,0,0,0,0,0,0,5.69,0,0,0,0,5.69,
9/1/2026,2022,20230432,20352,32011,"HOLLY ENERGY PARTNERS - OPERATING, L.P.",Refined and/or Petroleum Product (non-HVL),INTRASTATE,WYOMING,0,4,0,0,0,0,4,0,0,0,0,0,0,0,0,4,0,0,0,0,4,
9/1/2026,2022,20230704,20661,32051,"MARTIN OPERATING PARTNERSHIP, L.P.",Refined and/or Petroleum Product (non-HVL),INTRASTATE,TEXAS,0,5.82,0,0,0,0,5.82,0,0,0,0,0,0,0,0,5.82,0,0,0,0,5.82,
9/1/2026,2022,20230079,19975,32052,"WHITE MARLIN OPERATING COMPANY, LLC",Crude Oil,INTRASTATE,TEXAS,0,0,0,0,0,0,0,0,6.52,0,0,0,0,6.52,0,6.52,0,0,0,0,6.52,
9/1/2026,2022,20230139,20048,32062,IMTT-PIPELINE,Refined and/or Petroleum Product (non-HVL),INTERSTATE,NEW JERSEY,0,6.72,0,0,0,0,6.72,0,0,0,0,0,0,0,0,6.72,0,0,0,0,6.72,
9/1/2026,2022,20230139,20048,32062,IMTT-PIPELINE,Refined and/or Petroleum Product (non-HVL),INTERSTATE,NEW YORK,0,2.83,0,0,0,0,2.83,0,0,0,0,0,0,0,0,2.83,0,0,0,0,2.83,
9/1/2026,2022,20230373,20289,32080,"CCPS TRANSPORTATION, LLC",Crude Oil,INTERSTATE,ILLINOIS,0,335.984,0,0,0,0,335.984,0,0,0,0,0,0,0,0,335.984,0,0,0,0,335.984,
9/1/2026,2022,20230373,20289,32080,"CCPS TRANSPORTATION, LLC",Crude Oil,INTERSTATE,KANSAS,0,245.406,0,0,0,0,245.406,0,0,0,0,0,0,0,0,245.406,0,0,0,0,245.406,
9/1/2026,2022,20230373,20289,32080,"CCPS TRANSPORTATION, LLC",Crude Oil,INTERSTATE,MISSOURI,0,414.47,0,0,0,0,414.47,0,0,0,0,0,0,0,0,414.47,0,0,0,0,414.47,
9/1/2026,2022,20230373,20289,32080,"CCPS TRANSPORTATION, LLC",Crude Oil,INTERSTATE,OKLAHOMA,0,185.543,0,0,0,0,185.543,0,0,0,0,0,0,0,0,185.543,0,0,0,0,185.543,
9/1/2026,2022,20230444,20364,32083,"DCOR, LLC",Crude Oil,INTERSTATE,CALIFORNIA,0,0.44,0,0,0,0,0.44,0,26.99,0,0,0,0,26.99,0,27.43,0,0,0,0,27.43,
9/1/2026,2022,20230444,20364,32083,"DCOR, LLC",Crude Oil,INTERSTATE,OCS-Pacific,0,0,0,0,0,0,0,0,5.57,0,0,0,0,5.57,0,5.57,0,0,0,0,5.57,
9/1/2026,2022,20230444,20364,32083,"DCOR, LLC",Crude Oil,INTRASTATE,CALIFORNIA,0,5.25,0,0,0,0,5.25,0,4.53,0,0,0,0,4.53,0,9.78,0,0,0,0,9.78,
9/1/2026,2022,20230285,20196,32091,"WILLIAMS OIL GATHERING, LLC",Crude Oil,INTERSTATE,LOUISIANA,0,0,0,0,0,0,0,0,17.92,0,0,0,0,17.92,0,17.92,0,0,0,0,17.92,
9/1/2026,2022,20230285,20196,32091,"WILLIAMS OIL GATHERING, LLC",Crude Oil,INTERSTATE,OCS-Gulf of Mexico,0,0,0,0,0,0,0,0,377.36,0,0,0,0,377.36,0,377.36,0,0,0,0,377.36,
9/1/2026,2022,20230494,20414,32094,AUX SABLE LIQUID PRODUCTS,HVL,INTRASTATE,ILLINOIS,0,31.93,0,0,0,0,31.93,0,0,0,0,0,0,0,0,31.93,0,0,0,0,31.93,
9/1/2026,2022,20230382,20914,32095,"LBC HOUSTON, L.P.",HVL,INTRASTATE,TEXAS,0,1.88,0,0,0,0,1.88,0,0,0,0,0,0,0,0,1.88,0,0,0,0,1.88,
9/1/2026,2022,20240131,20917,32095,"LBC HOUSTON, L.P.",Refined and/or Petroleum Product (non-HVL),INTRASTATE,TEXAS,0,3.9,0,0,0,0,3.9,0,0,0,0,0,0,0,0,3.9,0,0,0,0,3.9,
9/1/2026,2022,20230467,20387,32096,WYNNEWOOD REFINERY COMPANY,Crude Oil,INTRASTATE,OKLAHOMA,0,2.06,0,0,0,0,2.06,0,0,0,0,0,0,0,0,2.06,0,0,0,0,2.06,
9/1/2026,2022,20230468,20388,32099,ENERGY TRANSFER COMPANY,Crude Oil,INTERSTATE,NEW MEXICO,0,15.77,0,0,0,0,15.77,0,0,0,0,0,0,0,0,15.77,0,0,0,0,15.77,
9/1/2026,2022,20230468,20388,32099,ENERGY TRANSFER COMPANY,Crude Oil,INTERSTATE,TEXAS,0,53.89,0,0,0,0,53.89,0,0,0,0,0,0,0,0,53.89,0,0,0,0,53.89,
9/1/2026,2022,20230468,20388,32099,ENERGY TRANSFER COMPANY,Crude Oil,INTRASTATE,NEW MEXICO,0,5.97,0,0,0,0,5.97,0,0,0,0,0,0,0,0,5.97,0,0,0,0,5.97,
9/1/2026,2022,20230468,20388,32099,ENERGY TRANSFER COMPANY,Crude Oil,INTRASTATE,OKLAHOMA,0,1.83,0,0,0,0,1.83,0,0,0,0,0,0,0,0,1.83,0,0,0,0,1.83,
9/1/2026,2022,20230468,20388,32099,ENERGY TRANSFER COMPANY,Crude Oil,INTRASTATE,TEXAS,0,417.1,0,0,0,0,417.1,0,0,0,0,0,0,0,0,417.1,0,0,0,0,417.1,
9/1/2026,2022,20230470,22465,32099,ENERGY TRANSFER COMPANY,HVL,INTERSTATE,NEW MEXICO,0,62.64,0,0,0,0,62.64,0,0,0,0,0,0,0,0,62.64,0,0,0,0,62.64,
9/1/2026,2022,20230470,22465,32099,ENERGY TRANSFER COMPANY,HVL,INTERSTATE,TEXAS,0,1059.19,0,0,0,0,1059.19,0,0,0,0,0,0,0,0,1059.19,0,0,0,0,1059.19,
9/1/2026,2022,20230470,22465,32099,ENERGY TRANSFER COMPANY,HVL,INTRASTATE,LOUISIANA,0,243.89,0,0,0,0,243.89,0,0,0,0,0,0,0,0,243.89,0,0,0,0,243.89,
9/1/2026,2022,20230470,22465,32099,ENERGY TRANSFER COMPANY,HVL,INTRASTATE,NEW MEXICO,0,32.18,0,0,0,0,32.18,0,0,0,0,0,0,0,0,32.18,0,0,0,0,32.18,
9/1/2026,2022,20230470,22465,32099,ENERGY TRANSFER COMPANY,HVL,INTRASTATE,OKLAHOMA,0,2.23,0,0,0,0,2.23,0,0,0,0,0,0,0,0,2.23,0,0,0,0,2.23,
9/1/2026,2022,20230470,22465,32099,ENERGY TRANSFER COMPANY,HVL,INTRASTATE,PENNSYLVANIA,0,14.89,0,0,0,0,14.89,0,0,0,0,0,0,0,0,14.89,0,0,0,0,14.89,
9/1/2026,2022,20230470,22465,32099,ENERGY TRANSFER COMPANY,HVL,INTRASTATE,TEXAS,0,2168.38,0,0,0,0,2168.38,0,0,0,0,0,0,0,0,2168.38,0,0,0,0,2168.38,
9/1/2026,2022,20230469,21620,32099,ENERGY TRANSFER COMPANY,Refined and/or Petroleum Product (non-HVL),INTRASTATE,TEXAS,0,74.69,0,0,0,0,74.69,0,0,0,0,0,0,0,0,74.69,0,0,0,0,74.69,
9/1/2026,2022,20230578,20502,32103,CRIMSON PIPELINE L.P.,Crude Oil,INTRASTATE,CALIFORNIA,12,1111.25,5,362.591,0,0,1490.841,0,0,0,0,0,0,0,12,1111.25,5,362.591,0,0,1490.841,
9/1/2026,2022,20230656,20582,32109,"ONEOK NGL PIPELINE, LLC",HVL,INTERSTATE,COLORADO,0,149.52,0,0,0,0,149.52,0,0,0,0,0,0,0,0,149.52,0,0,0,0,149.52,
9/1/2026,2022,20230656,20582,32109,"ONEOK NGL PIPELINE, LLC",HVL,INTERSTATE,ILLINOIS,0,295.68,0,0,0,0,295.68,0,0,0,0,0,0,0,0,295.68,0,0,0,0,295.68,
9/1/2026,2022,20230656,20582,32109,"ONEOK NGL PIPELINE, LLC",HVL,INTERSTATE,INDIANA,0,4.41,0,0,0,0,4.41,0,0,0,0,0,0,0,0,4.41,0,0,0,0,4.41,
9/1/2026,2022,20230656,20582,32109,"ONEOK NGL PIPELINE, LLC",HVL,INTERSTATE,IOWA,0,348.66,0,0,0,0,348.66,0,0,0,0,0,0,0,0,348.66,0,0,0,0,348.66,
9/1/2026,2022,20230656,20582,32109,"ONEOK NGL PIPELINE, LLC",HVL,INTERSTATE,KANSAS,0.07,1508.53,0,0,0,0,1508.6,0,0,0,0,0,0,0,0.07,1508.53,0,0,0,0,1508.6,
9/1/2026,2022,20230656,20582,32109,"ONEOK NGL PIPELINE, LLC",HVL,INTERSTATE,MISSOURI,0,38.42,0,0,0,0,38.42,0,0,0,0,0,0,0,0,38.42,0,0,0,0,38.42,
9/1/2026,2022,20230656,20582,32109,"ONEOK NGL PIPELINE, LLC",HVL,INTERSTATE,MONTANA,0.56,460.69,0,0,0,0,461.25,0,0,0,0,0,0,0,0.56,460.69,0,0,0,0,461.25,
9/1/2026,2022,20230656,20582,32109,"ONEOK NGL PIPELINE, LLC",HVL,INTERSTATE,NEBRASKA,0,78.62,0,0,0,0,78.62,0,0,0,0,0,0,0,0,78.62,0,0,0,0,78.62,
9/1/2026,2022,20230656,20582,32109,"ONEOK NGL PIPELINE, LLC",HVL,INTERSTATE,NEW MEXICO,0,225.05,0,0,0,0,225.05,0,0,0,0,0,0,0,0,225.05,0,0,0,0,225.05,
9/1/2026,2022,20230656,20582,32109,"ONEOK NGL PIPELINE, LLC",HVL,INTERSTATE,NORTH DAKOTA,0.01,331.61,0,0,0,0,331.62,0,0,0,0,0,0,0,0.01,331.61,0,0,0,0,331.62,
9/1/2026,2022,20230656,20582,32109,"ONEOK NGL PIPELINE, LLC",HVL,INTERSTATE,OKLAHOMA,0.37,1548.74,0,0,0,0,1549.11,0,0,0,0,0,0,0,0.37,1548.74,0,0,0,0,1549.11,
9/1/2026,2022,20230656,20582,32109,"ONEOK NGL PIPELINE, LLC",HVL,INTERSTATE,TEXAS,154.37,4699.71,0,0,0,0,4854.08,0,0,0,0,0,0,0,154.37,4699.71,0,0,0,0,4854.08,
9/1/2026,2022,20230656,20582,32109,"ONEOK NGL PIPELINE, LLC",HVL,INTERSTATE,WYOMING,0.09,735.45,0,0,0,0,735.54,0,0,0,0,0,0,0,0.09,735.45,0,0,0,0,735.54,
9/1/2026,2022,20230656,20582,32109,"ONEOK NGL PIPELINE, LLC",HVL,INTRASTATE,KANSAS,0.02,450.97,0,0,0,0,450.99,0,0,0,0,0,0,0,0.02,450.97,0,0,0,0,450.99,
9/1/2026,2022,20230656,20582,32109,"ONEOK NGL PIPELINE, LLC",HVL,INTRASTATE,OKLAHOMA,0.28,2107.26,0,0,0,0,2107.54,0,0,0,0,0,0,0,0.28,2107.26,0,0,0,0,2107.54,
9/1/2026,2022,20230656,20582,32109,"ONEOK NGL PIPELINE, LLC",HVL,INTRASTATE,TEXAS,0.01,168.74,0,0,0,0,168.75,0,0,0,0,0,0,0,0.01,168.74,0,0,0,0,168.75,
9/1/2026,2022,20230668,20594,32109,"ONEOK NGL PIPELINE, LLC",Refined and/or Petroleum Product (non-HVL),INTERSTATE,ILLINOIS,0,1.48,0,0,0,0,1.48,0,0,0,0,0,0,0,0,1.48,0,0,0,0,1.48,
9/1/2026,2022,20230668,20594,32109,"ONEOK NGL PIPELINE, LLC",Refined and/or Petroleum Product (non-HVL),INTERSTATE,IOWA,0,147.37,0,0,0,0,147.37,0,0,0,0,0,0,0,0,147.37,0,0,0,0,147.37,
9/1/2026,2022,20230668,20594,32109,"ONEOK NGL PIPELINE, LLC",Refined and/or Petroleum Product (non-HVL),INTERSTATE,KANSAS,0,244.84,0,0,0,0,244.84,0,0,0,0,0,0,0,0,244.84,0,0,0,0,244.84,
9/1/2026,2022,20230668,20594,32109,"ONEOK NGL PIPELINE, LLC",Refined and/or Petroleum Product (non-HVL),INTERSTATE,NEBRASKA,0,114.09,0,0,0,0,114.09,0,0,0,0,0,0,0,0,114.09,0,0,0,0,114.09,
9/1/2026,2022,20230668,20594,32109,"ONEOK NGL PIPELINE, LLC",Refined and/or Petroleum Product (non-HVL),INTERSTATE,OKLAHOMA,0,15.6,0,0,0,0,15.6,0,0,0,0,0,0,0,0,15.6,0,0,0,0,15.6,
9/1/2026,2022,20230668,20594,32109,"ONEOK NGL PIPELINE, LLC",Refined and/or Petroleum Product (non-HVL),INTRASTATE,TEXAS,0,0.71,0,0,0,0,0.71,0,0,0,0,0,0,0,0,0.71,0,0,0,0,0.71,
9/1/2026,2022,20230168,20078,32114,COPANO NGL SERVICES LLC,HVL,INTRASTATE,TEXAS,0,183.37,0,0,0,0,183.37,0,0,0,0,0,0,0,0,183.37,0,0,0,0,183.37,
9/1/2026,2022,20230481,20401,32117,"ASCENSION PIPELINE COMPANY, LLC",Refined and/or Petroleum Product (non-HVL),INTRASTATE,LOUISIANA,0,32.48,0,0,0,0,32.48,0,0,0,0,0,0,0,0,32.48,0,0,0,0,32.48,
9/1/2026,2022,20230094,19996,32120,NORTHVILLE INDUSTRIES CORP.,Refined and/or Petroleum Product (non-HVL),INTRASTATE,NEW YORK,0,36.69,0,0,0,0,36.69,0,0,0,0,0,0,0,0,36.69,0,0,0,0,36.69,
9/1/2026,2022,20230369,20285,32135,PHILLIPS 66 COMPANY - LOS ANGELES REFINERY,Crude Oil,INTRASTATE,CALIFORNIA,0,0,0,0,0,0,0,0,0,0,0,0,0,0,0,0,0,0,0,0,0,
9/1/2026,2022,20230490,20410,32147,MARATHON PIPE LINE LLC,Crude Oil,INTERSTATE,COLORADO,0,2.7,0,0,0,0,2.7,0,0,0,0,0,0,0,0,2.7,0,0,0,0,2.7,
9/1/2026,2022,20230490,20410,32147,MARATHON PIPE LINE LLC,Crude Oil,INTERSTATE,ILLINOIS,0,479.2,0,0,0,0,479.2,0,0,0,0,0,0,0,0,479.2,0,0,0,0,479.2,
9/1/2026,2022,20230490,20410,32147,MARATHON PIPE LINE LLC,Crude Oil,INTERSTATE,INDIANA,0,230.2,0,0,0,0,230.2,0,0,0,0,0,0,0,0,230.2,0,0,0,0,230.2,
9/1/2026,2022,20230490,20410,32147,MARATHON PIPE LINE LLC,Crude Oil,INTERSTATE,KENTUCKY,0,319.1,0,0,0,0,319.1,0,0,0,0,0,0,0,0,319.1,0,0,0,0,319.1,
9/1/2026,2022,20230490,20410,32147,MARATHON PIPE LINE LLC,Crude Oil,INTERSTATE,LOUISIANA,0,94.1,0,0,0,0,94.1,0,0,0,0,0,0,0,0,94.1,0,0,0,0,94.1,
9/1/2026,2022,20230490,20410,32147,MARATHON PIPE LINE LLC,Crude Oil,INTERSTATE,MICHIGAN,0,61.4,0,0,0,0,61.4,0,0,0,0,0,0,0,0,61.4,0,0,0,0,61.4,
9/1/2026,2022,20230490,20410,32147,MARATHON PIPE LINE LLC,Crude Oil,INTERSTATE,MISSISSIPPI,0,288.9,0,0,0,0,288.9,0,0,0,0,0,0,0,0,288.9,0,0,0,0,288.9,
9/1/2026,2022,20230490,20410,32147,MARATHON PIPE LINE LLC,Crude Oil,INTERSTATE,MISSOURI,0,295.4,0,0,0,0,295.4,0,0,0,0,0,0,0,0,295.4,0,0,0,0,295.4,
9/1/2026,2022,20230490,20410,32147,MARATHON PIPE LINE LLC,Crude Oil,INTERSTATE,OHIO,0,38.4,0,0,0,0,38.4,0,0,0,0,0,0,0,0,38.4,0,0,0,0,38.4,
9/1/2026,2022,20230490,20410,32147,MARATHON PIPE LINE LLC,Crude Oil,INTERSTATE,OKLAHOMA,0,143.7,0,0,0,0,143.7,0,0,0,0,0,0,0,0,143.7,0,0,0,0,143.7,
9/1/2026,2022,20230490,20410,32147,MARATHON PIPE LINE LLC,Crude Oil,INTERSTATE,TENNESSEE,0,110.3,0,0,0,0,110.3,0,0,0,0,0,0,0,0,110.3,0,0,0,0,110.3,
9/1/2026,2022,20230490,20410,32147,MARATHON PIPE LINE LLC,Crude Oil,INTERSTATE,UTAH,0,1.2,0,0,0,0,1.2,0,0,0,0,0,0,0,0,1.2,0,0,0,0,1.2,
9/1/2026,2022,20230490,20410,32147,MARATHON PIPE LINE LLC,Crude Oil,INTERSTATE,WEST VIRGINIA,0,0.4,0,0,0,0,0.4,0,0,0,0,0,0,0,0,0.4,0,0,0,0,0.4,
9/1/2026,2022,20230490,20410,32147,MARATHON PIPE LINE LLC,Crude Oil,INTERSTATE,WYOMING,0,401,13.6,0,0,0,414.6,0,0,0,0,0,0,0,0,401,13.6,0,0,0,414.6,
9/1/2026,2022,20230490,20410,32147,MARATHON PIPE LINE LLC,Crude Oil,INTRASTATE,CALIFORNIA,0,38.9,0,0,0,0,38.9,0,0,0,0,0,0,0,0,38.9,0,0,0,0,38.9,
9/1/2026,2022,20230490,20410,32147,MARATHON PIPE LINE LLC,Crude Oil,INTRASTATE,ILLINOIS,0,6.5,0,0,0,0,6.5,0,0,0,0,0,0,0,0,6.5,0,0,0,0,6.5,
9/1/2026,2022,20230490,20410,32147,MARATHON PIPE LINE LLC,Crude Oil,INTRASTATE,KENTUCKY,0,1.8,0,0,0,0,1.8,0,0,0,0,0,0,0,0,1.8,0,0,0,0,1.8,
9/1/2026,2022,20230490,20410,32147,MARATHON PIPE LINE LLC,Crude Oil,INTRASTATE,MINNESOTA,0,4.8,0,0,0,0,4.8,0,0,0,0,0,0,0,0,4.8,0,0,0,0,4.8,
9/1/2026,2022,20230490,20410,32147,MARATHON PIPE LINE LLC,Crude Oil,INTRASTATE,OHIO,0,153.1,0,0,0,0,153.1,0,0,0,0,0,0,0,0,153.1,0,0,0,0,153.1,
9/1/2026,2022,20230490,20410,32147,MARATHON PIPE LINE LLC,Crude Oil,INTRASTATE,TEXAS,0,1.3,0,0,0,0,1.3,0,0,0,0,0,0,0,0,1.3,0,0,0,0,1.3,
9/1/2026,2022,20230490,20410,32147,MARATHON PIPE LINE LLC,Crude Oil,INTRASTATE,UTAH,0,5.2,0,0,0,0,5.2,0,0,0,0,0,0,0,0,5.2,0,0,0,0,5.2,
9/1/2026,2022,20230491,20411,32147,MARATHON PIPE LINE LLC,HVL,INTERSTATE,ILLINOIS,0,30.6,0,0,0,0,30.6,0,0,0,0,0,0,0,0,30.6,0,0,0,0,30.6,
9/1/2026,2022,20230491,20411,32147,MARATHON PIPE LINE LLC,HVL,INTERSTATE,INDIANA,0,28.2,0,0,0,0,28.2,0,0,0,0,0,0,0,0,28.2,0,0,0,0,28.2,
9/1/2026,2022,20230491,20411,32147,MARATHON PIPE LINE LLC,HVL,INTERSTATE,KENTUCKY,0,0.2,0,0,0,0,0.2,0,0,0,0,0,0,0,0,0.2,0,0,0,0,0.2,
9/1/2026,2022,20230491,20411,32147,MARATHON PIPE LINE LLC,HVL,INTERSTATE,NEW MEXICO,0,115.3,0,0,0,0,115.3,0,0,0,0,0,0,0,0,115.3,0,0,0,0,115.3,
9/1/2026,2022,20230491,20411,32147,MARATHON PIPE LINE LLC,HVL,INTERSTATE,TEXAS,0,41.3,0,0,0,0,41.3,0,0,0,0,0,0,0,0,41.3,0,0,0,0,41.3,
9/1/2026,2022,20230491,20411,32147,MARATHON PIPE LINE LLC,HVL,INTERSTATE,WEST VIRGINIA,0,3.1,0,0,0,0,3.1,0,0,0,0,0,0,0,0,3.1,0,0,0,0,3.1,
9/1/2026,2022,20230491,20411,32147,MARATHON PIPE LINE LLC,HVL,INTRASTATE,CALIFORNIA,0,2.3,0,0,0,0,2.3,0,0,0,0,0,0,0,0,2.3,0,0,0,0,2.3,
9/1/2026,2022,20230491,20411,32147,MARATHON PIPE LINE LLC,HVL,INTRASTATE,MICHIGAN,0,26.3,0,0,0,0,26.3,0,0,0,0,0,0,0,0,26.3,0,0,0,0,26.3,
9/1/2026,2022,20230491,20411,32147,MARATHON PIPE LINE LLC,HVL,INTRASTATE,TEXAS,0,212.3,0,0,0,0,212.3,0,0,0,0,0,0,0,0,212.3,0,0,0,0,212.3,
9/1/2026,2022,20230488,20766,32147,MARATHON PIPE LINE LLC,Refined and/or Petroleum Product (non-HVL),INTERSTATE,ARKANSAS,0,19.7,0,0,0,0,19.7,0,0,0,0,0,0,0,0,19.7,0,0,0,0,19.7,
9/1/2026,2022,20230488,20766,32147,MARATHON PIPE LINE LLC,Refined and/or Petroleum Product (non-HVL),INTERSTATE,IDAHO,0,554.2,0,0,0,0,554.2,0,0,0,0,0,0,0,0,554.2,0,0,0,0,554.2,
9/1/2026,2022,20230488,20766,32147,MARATHON PIPE LINE LLC,Refined and/or Petroleum Product (non-HVL),INTERSTATE,ILLINOIS,2.7,936.8,0,0,0,0,939.5,0,0,0,0,0,0,0,2.7,936.8,0,0,0,0,939.5,
9/1/2026,2022,20230488,20766,32147,MARATHON PIPE LINE LLC,Refined and/or Petroleum Product (non-HVL),INTERSTATE,INDIANA,0.7,725,0,0,0,0,725.7,0,0,0,0,0,0,0,0.7,725,0,0,0,0,725.7,
9/1/2026,2022,20230488,20766,32147,MARATHON PIPE LINE LLC,Refined and/or Petroleum Product (non-HVL),INTERSTATE,KENTUCKY,0,77.5,0,0,0,0,77.5,0,0,0,0,0,0,0,0,77.5,0,0,0,0,77.5,
9/1/2026,2022,20230488,20766,32147,MARATHON PIPE LINE LLC,Refined and/or Petroleum Product (non-HVL),INTERSTATE,LOUISIANA,0,309.9,0,0,0,0,309.9,0,0,0,0,0,0,0,0,309.9,0,0,0,0,309.9,
9/1/2026,2022,20230488,20766,32147,MARATHON PIPE LINE LLC,Refined and/or Petroleum Product (non-HVL),INTERSTATE,MICHIGAN,0,121.1,0,0,0,0,121.1,0,0,0,0,0,0,0,0,121.1,0,0,0,0,121.1,
9/1/2026,2022,20230488,20766,32147,MARATHON PIPE LINE LLC,Refined and/or Petroleum Product (non-HVL),INTERSTATE,MISSISSIPPI,0,151.8,0,0,0,0,151.8,0,0,0,0,0,0,0,0,151.8,0,0,0,0,151.8,
9/1/2026,2022,20230488,20766,32147,MARATHON PIPE LINE LLC,Refined and/or Petroleum Product (non-HVL),INTERSTATE,OHIO,0,693.6,0,0,0,0,693.6,0,0,0,0,0,0,0,0,693.6,0,0,0,0,693.6,
9/1/2026,2022,20230488,20766,32147,MARATHON PIPE LINE LLC,Refined and/or Petroleum Product (non-HVL),INTERSTATE,OREGON,0,250.1,0,0,0,0,250.1,0,0,0,0,0,0,0,0,250.1,0,0,0,0,250.1,
9/1/2026,2022,20230488,20766,32147,MARATHON PIPE LINE LLC,Refined and/or Petroleum Product (non-HVL),INTERSTATE,PENNSYLVANIA,0,12.7,0,0,0,0,12.7,0,0,0,0,0,0,0,0,12.7,0,0,0,0,12.7,
9/1/2026,2022,20230488,20766,32147,MARATHON PIPE LINE LLC,Refined and/or Petroleum Product (non-HVL),INTERSTATE,TENNESSEE,0,112.9,0,0,0,0,112.9,0,0,0,0,0,0,0,0,112.9,0,0,0,0,112.9,
9/1/2026,2022,20230488,20766,32147,MARATHON PIPE LINE LLC,Refined and/or Petroleum Product (non-HVL),INTERSTATE,TEXAS,0,85.5,0,0,0,0,85.5,0,0,0,0,0,0,0,0,85.5,0,0,0,0,85.5,
9/1/2026,2022,20230488,20766,32147,MARATHON PIPE LINE LLC,Refined and/or Petroleum Product (non-HVL),INTERSTATE,UTAH,0,222.3,0,0,0,0,222.3,0,0,0,0,0,0,0,0,222.3,0,0,0,0,222.3,
9/1/2026,2022,20230488,20766,32147,MARATHON PIPE LINE LLC,Refined and/or Petroleum Product (non-HVL),INTERSTATE,WASHINGTON,0,177.2,0,0,0,0,177.2,0,0,0,0,0,0,0,0,177.2,0,0,0,0,177.2,
9/1/2026,2022,20230488,20766,32147,MARATHON PIPE LINE LLC,Refined and/or Petroleum Product (non-HVL),INTERSTATE,WEST VIRGINIA,0,10.9,0,0,0,0,10.9,0,0,0,0,0,0,0,0,10.9,0,0,0,0,10.9,
9/1/2026,2022,20230488,20766,32147,MARATHON PIPE LINE LLC,Refined and/or Petroleum Product (non-HVL),INTRASTATE,ALASKA,0,73.4,0,0,0,0,73.4,0,0,0,0,0,0,0,0,73.4,0,0,0,0,73.4,
9/1/2026,2022,20230488,20766,32147,MARATHON PIPE LINE LLC,Refined and/or Petroleum Product (non-HVL),INTRASTATE,CALIFORNIA,0,79.3,0,0,0,0,79.3,0,0,0,0,0,0,0,0,79.3,0,0,0,0,79.3,
9/1/2026,2022,20230488,20766,32147,MARATHON PIPE LINE LLC,Refined and/or Petroleum Product (non-HVL),INTRASTATE,KENTUCKY,0,86.7,0,0,0,0,86.7,0,0,0,0,0,0,0,0,86.7,0,0,0,0,86.7,
9/1/2026,2022,20230488,20766,32147,MARATHON PIPE LINE LLC,Refined and/or Petroleum Product (non-HVL),INTRASTATE,MINNESOTA,0,8.6,0,0,0,0,8.6,0,0,0,0,0,0,0,0,8.6,0,0,0,0,8.6,
9/1/2026,2022,20230488,20766,32147,MARATHON PIPE LINE LLC,Refined and/or Petroleum Product (non-HVL),INTRASTATE,OHIO,0,57.2,0,0,0,0,57.2,0,0,0,0,0,0,0,0,57.2,0,0,0,0,57.2,
9/1/2026,2022,20230488,20766,32147,MARATHON PIPE LINE LLC,Refined and/or Petroleum Product (non-HVL),INTRASTATE,TEXAS,0,3.9,0,0,0,0,3.9,0,0,0,0,0,0,0,0,3.9,0,0,0,0,3.9,
9/1/2026,2022,20230488,20766,32147,MARATHON PIPE LINE LLC,Refined and/or Petroleum Product (non-HVL),INTRASTATE,UTAH,0,9,0,0,0,0,9,0,0,0,0,0,0,0,0,9,0,0,0,0,9,
9/1/2026,2022,20230691,20618,32174,MCCAIN PIPELINE COMPANY,Refined and/or Petroleum Product (non-HVL),INTRASTATE,MISSISSIPPI,0,5.1,0,0,0,0,5.1,0,0,0,0,0,0,0,0,5.1,0,0,0,0,5.1,
9/1/2026,2022,20230089,19991,32215,NOVA CHEMICALS CORPORATION,HVL,INTRASTATE,MICHIGAN,0,11.15,0,0,0,0,11.15,0,0,0,0,0,0,0,0,11.15,0,0,0,0,11.15,
9/1/2026,2022,20230562,20486,32223,VALERO REFINING COMPANY-CALIFORNIA,Crude Oil,INTRASTATE,CALIFORNIA,0,5.203,0,0,0,0,5.203,0,0,0,0,0,0,0,0,5.203,0,0,0,0,5.203,
9/1/2026,2022,20230563,20734,32223,VALERO REFINING COMPANY-CALIFORNIA,Refined and/or Petroleum Product (non-HVL),INTRASTATE,CALIFORNIA,0,3.393,0,0,0,0,3.393,0,0,0,0,0,0,0,0,3.393,0,0,0,0,3.393,
9/1/2026,2022,20230192,20102,32224,BETA OFFSHORE,Crude Oil,INTERSTATE,CALIFORNIA,0,2.6,0,0,0,0,2.6,0,8.85,0,0,0,0,8.85,0,11.45,0,0,0,0,11.45,
9/1/2026,2022,20230192,20102,32224,BETA OFFSHORE,Crude Oil,INTERSTATE,OCS-Pacific,0,0,0,0,0,0,0,0,6.34,0,0,0,0,6.34,0,6.34,0,0,0,0,6.34,
9/1/2026,2022,20230051,19938,32233,"BESCO OPERATING, L.P.",Crude Oil,INTRASTATE,TEXAS,0,0.68,0,0,0,0,0.68,0,6.02,0,0,0,0,6.02,0,6.7,0,0,0,0,6.7,
9/1/2026,2022,20230050,19937,32248,"FRONTIER FIELD SERVICES, LLC",HVL,INTRASTATE,NEW MEXICO,0,7.52,0,0,0,0,7.52,0,0,0,0,0,0,0,0,7.52,0,0,0,0,7.52,
9/1/2026,2022,20230270,20181,32251,"RIBOST TERMINAL LLC, DBA WORLD OIL TERMINALS",Crude Oil,INTRASTATE,CALIFORNIA,0,0.22,0,0,0,0,0.22,0,0,0,0,0,0,0,0,0.22,0,0,0,0,0.22,
9/1/2026,2022,20230493,20413,32258,PEMBINA COCHIN LLC,Crude Oil,INTERSTATE,ILLINOIS,0,166.18,0,0,0,0,166.18,0,0,0,0,0,0,0,0,166.18,0,0,0,0,166.18,
9/1/2026,2022,20230493,20413,32258,PEMBINA COCHIN LLC,Crude Oil,INTERSTATE,INDIANA,0,153.49,0,0,0,0,153.49,0,0,0,0,0,0,0,0,153.49,0,0,0,0,153.49,
9/1/2026,2022,20230493,20413,32258,PEMBINA COCHIN LLC,Crude Oil,INTERSTATE,IOWA,0,229.77,0,0,0,0,229.77,0,0,0,0,0,0,0,0,229.77,0,0,0,0,229.77,
9/1/2026,2022,20230493,20413,32258,PEMBINA COCHIN LLC,Crude Oil,INTERSTATE,MICHIGAN,0,12.27,0,0,0,0,12.27,0,0,0,0,0,0,0,0,12.27,0,0,0,0,12.27,
9/1/2026,2022,20230493,20413,32258,PEMBINA COCHIN LLC,Crude Oil,INTERSTATE,MINNESOTA,0,254.16,0,0,0,0,254.16,0,0,0,0,0,0,0,0,254.16,0,0,0,0,254.16,
9/1/2026,2022,20230493,20413,32258,PEMBINA COCHIN LLC,Crude Oil,INTERSTATE,NORTH DAKOTA,0,325.98,0,0,0,0,325.98,0,0,0,0,0,0,0,0,325.98,0,0,0,0,325.98,
9/1/2026,2022,20230493,20413,32258,PEMBINA COCHIN LLC,Crude Oil,INTERSTATE,OHIO,0,48.64,0,0,0,0,48.64,0,0,0,0,0,0,0,0,48.64,0,0,0,0,48.64,
9/1/2026,2022,20230195,20105,32272,SAN ANTONIO PIPELINE CORPORATION,Refined and/or Petroleum Product (non-HVL),INTRASTATE,TEXAS,0,14,0,0,0,0,14,0,0,0,0,0,0,0,0,14,0,0,0,0,14,
9/1/2026,2022,20230321,20234,32277,OQ CHEMICALS,HVL,INTRASTATE,TEXAS,0,51,0,0,0,0,51,0,0,0,0,0,0,0,0,51,0,0,0,0,51,
9/1/2026,2022,20230191,20101,32283,"FRONT RANGE PIPELINE, LLC.",Crude Oil,INTRASTATE,MONTANA,0,429.98,0,0,0,0,429.98,0,0,0,0,0,0,0,0,429.98,0,0,0,0,429.98,
9/1/2026,2022,20230546,20470,32284,PENNZOIL-QUAKER STATE D/B/A SOPUS PRODUCTS,Refined and/or Petroleum Product (non-HVL),INTRASTATE,CALIFORNIA,0,13.24,0,0,0,0,13.24,0,0,0,0,0,0,0,0,13.24,0,0,0,0,13.24,
9/1/2026,2022,20230280,20191,32285,"WORSHAM-STEED GAS STORAGE, LLC",HVL,INTRASTATE,TEXAS,0,7,0,0,0,0,7,0,0,0,0,0,0,0,0,7,0,0,0,0,7,
9/1/2026,2022,20230439,20359,32288,"WHITE CLIFFS PIPELINE, LLC",Crude Oil,INTERSTATE,COLORADO,0,155.33,0,0,0,0,155.33,0,0,0,0,0,0,0,0,155.33,0,0,0,0,155.33,
9/1/2026,2022,20230439,20359,32288,"WHITE CLIFFS PIPELINE, LLC",Crude Oil,INTERSTATE,KANSAS,0,283.21,0,0,0,0,283.21,0,0,0,0,0,0,0,0,283.21,0,0,0,0,283.21,
9/1/2026,2022,20230439,20359,32288,"WHITE CLIFFS PIPELINE, LLC",Crude Oil,INTERSTATE,OKLAHOMA,0,88.5,0,0,0,0,88.5,0,0,0,0,0,0,0,0,88.5,0,0,0,0,88.5,
9/1/2026,2022,20230438,20358,32288,"WHITE CLIFFS PIPELINE, LLC",HVL,INTERSTATE,COLORADO,0,155.15,0,0,0,0,155.15,0,0,0,0,0,0,0,0,155.15,0,0,0,0,155.15,
9/1/2026,2022,20230438,20358,32288,"WHITE CLIFFS PIPELINE, LLC",HVL,INTERSTATE,KANSAS,0,282.95,0,0,0,0,282.95,0,0,0,0,0,0,0,0,282.95,0,0,0,0,282.95,
9/1/2026,2022,20230438,20358,32288,"WHITE CLIFFS PIPELINE, LLC",HVL,INTERSTATE,OKLAHOMA,0,101.22,0,0,0,0,101.22,0,0,0,0,0,0,0,0,101.22,0,0,0,0,101.22,
9/1/2026,2022,20230413,20330,32293,"COPANO FIELD SERVICES/NORTH TEXAS, LLC",HVL,INTRASTATE,TEXAS,0,4.77,0,0,0,0,4.77,0,0,0,0,0,0,0,0,4.77,0,0,0,0,4.77,
9/1/2026,2022,20230482,20402,32296,TARGA RESOURCES OPERATING LLC,Crude Oil,INTRASTATE,NORTH DAKOTA,0,163.99,0,0,0,0,163.99,0,0,0,0,0,0,0,0,163.99,0,0,0,0,163.99,
9/1/2026,2022,20230614,21530,32296,TARGA RESOURCES OPERATING LLC,HVL,INTERSTATE,LOUISIANA,0,25.89,0,0,0,0,25.89,0,0,0,0,0,0,0,0,25.89,0,0,0,0,25.89,
9/1/2026,2022,20230614,21530,32296,TARGA RESOURCES OPERATING LLC,HVL,INTERSTATE,TEXAS,0,2.253,0,0,0,0,2.253,0,0,0,0,0,0,0,0,2.253,0,0,0,0,2.253,
9/1/2026,2022,20230614,21530,32296,TARGA RESOURCES OPERATING LLC,HVL,INTRASTATE,LOUISIANA,9.664,424.24,0,0,0,0,433.904,0,0,0,0,0,0,0,9.664,424.24,0,0,0,0,433.904,
9/1/2026,2022,20230614,21530,32296,TARGA RESOURCES OPERATING LLC,HVL,INTRASTATE,MISSISSIPPI,0,1.671,0,0,0,0,1.671,0,0,0,0,0,0,0,0,1.671,0,0,0,0,1.671,
9/1/2026,2022,20230614,21530,32296,TARGA RESOURCES OPERATING LLC,HVL,INTRASTATE,TEXAS,0,0.72,0,0,0,0,0.72,0,0,0,0,0,0,0,0,0.72,0,0,0,0,0.72,
9/1/2026,2022,20230291,20691,32296,TARGA RESOURCES OPERATING LLC,Refined and/or Petroleum Product (non-HVL),INTRASTATE,LOUISIANA,0,1.86,0,0,0,0,1.86,0,0,0,0,0,0,0,0,1.86,0,0,0,0,1.86,
9/1/2026,2022,20230291,20691,32296,TARGA RESOURCES OPERATING LLC,Refined and/or Petroleum Product (non-HVL),INTRASTATE,TEXAS,0,0.68,0,0,0,0,0.68,0,0,0,0,0,0,0,0,0.68,0,0,0,0,0.68,
9/1/2026,2022,20230166,20076,32312,"REPSOL OIL & GAS USA, LLC",Crude Oil,INTRASTATE,TEXAS,0,61.43,0,0,0,0,61.43,0,0,0,0,0,0,0,0,61.43,0,0,0,0,61.43,
9/1/2026,2022,20230184,20094,32327,TEXAS PIPELINE LLC,HVL,INTRASTATE,TEXAS,0,54.65,0,0,0,0,54.65,0,0,0,0,0,0,0,0,54.65,0,0,0,0,54.65,
9/1/2026,2022,20230711,20681,32331,"PASADENA REFINING SYSTEM, INC.",Crude Oil,INTRASTATE,TEXAS,0,2.44,0,0,0,0,2.44,0,0,0,0,0,0,0,0,2.44,0,0,0,0,2.44,
9/1/2026,2022,20230712,20682,32331,"PASADENA REFINING SYSTEM, INC.",HVL,INTRASTATE,TEXAS,0,5.23,0,0,0,0,5.23,0,0,0,0,0,0,0,0,5.23,0,0,0,0,5.23,
9/1/2026,2022,20230713,20683,32331,"PASADENA REFINING SYSTEM, INC.",Refined and/or Petroleum Product (non-HVL),INTRASTATE,TEXAS,0,8.011,0,0,0,0,8.011,0,0,0,0,0,0,0,0,8.011,0,0,0,0,8.011,
9/1/2026,2022,20230577,20501,32334,TC OIL PIPELINE OPERATIONS INC,Crude Oil,INTERSTATE,ILLINOIS,0,58.3,0,0,0,0,58.3,0,0,0,0,0,0,0,0,58.3,0,0,0,0,58.3,
9/1/2026,2022,20230577,20501,32334,TC OIL PIPELINE OPERATIONS INC,Crude Oil,INTERSTATE,KANSAS,0,310.4,0,0,0,0,310.4,0,0,0,0,0,0,0,0,310.4,0,0,0,0,310.4,
9/1/2026,2022,20230577,20501,32334,TC OIL PIPELINE OPERATIONS INC,Crude Oil,INTERSTATE,MISSOURI,0,275.8,0,0,0,0,275.8,0,0,0,0,0,0,0,0,275.8,0,0,0,0,275.8,
9/1/2026,2022,20230577,20501,32334,TC OIL PIPELINE OPERATIONS INC,Crude Oil,INTERSTATE,NEBRASKA,0,217.4,0,0,0,0,217.4,0,0,0,0,0,0,0,0,217.4,0,0,0,0,217.4,
9/1/2026,2022,20230577,20501,32334,TC OIL PIPELINE OPERATIONS INC,Crude Oil,INTERSTATE,NORTH DAKOTA,0,218.1,0,0,0,0,218.1,0,0,0,0,0,0,0,0,218.1,0,0,0,0,218.1,
9/1/2026,2022,20230577,20501,32334,TC OIL PIPELINE OPERATIONS INC,Crude Oil,INTERSTATE,OKLAHOMA,0,241.73,0,0,0,0,241.73,0,0,0,0,0,0,0,0,241.73,0,0,0,0,241.73,
9/1/2026,2022,20230577,20501,32334,TC OIL PIPELINE OPERATIONS INC,Crude Oil,INTERSTATE,SOUTH DAKOTA,0,220.3,0,0,0,0,220.3,0,0,0,0,0,0,0,0,220.3,0,0,0,0,220.3,
9/1/2026,2022,20230577,20501,32334,TC OIL PIPELINE OPERATIONS INC,Crude Oil,INTERSTATE,TEXAS,0,384.17,0,0,0,0,384.17,0,0,0,0,0,0,0,0,384.17,0,0,0,0,384.17,
9/1/2026,2022,20230245,20156,32346,"TOTAL PETROCHEMICALS PIPELINE USA , INC.",Crude Oil,INTRASTATE,TEXAS,0,13.6,0,0,0,0,13.6,0,0,0,0,0,0,0,0,13.6,0,0,0,0,13.6,
9/1/2026,2022,20230243,22536,32346,"TOTAL PETROCHEMICALS PIPELINE USA , INC.",HVL,INTRASTATE,TEXAS,0,11,0,0,0,0,11,0,0,0,0,0,0,0,0,11,0,0,0,0,11,
9/1/2026,2022,20230244,22542,32346,"TOTAL PETROCHEMICALS PIPELINE USA , INC.",Refined and/or Petroleum Product (non-HVL),INTRASTATE,TEXAS,0,14.72,0,0,0,0,14.72,0,0,0,0,0,0,0,0,14.72,0,0,0,0,14.72,
9/1/2026,2022,20230038,19924,32364,"VALERO REFINING-NEW ORLEANS, L.L.C.",Crude Oil,INTRASTATE,LOUISIANA,0,1.35,0,0,0,0,1.35,0,0,0,0,0,0,0,0,1.35,0,0,0,0,1.35,
9/1/2026,2022,20230040,19926,32364,"VALERO REFINING-NEW ORLEANS, L.L.C.",HVL,INTRASTATE,LOUISIANA,0,1.56,0,0,0,0,1.56,0,0,0,0,0,0,0,0,1.56,0,0,0,0,1.56,
9/1/2026,2022,20230039,19925,32364,"VALERO REFINING-NEW ORLEANS, L.L.C.",Refined and/or Petroleum Product (non-HVL),INTRASTATE,LOUISIANA,0,1.62,0,0,0,0,1.62,0,0,0,0,0,0,0,0,1.62,0,0,0,0,1.62,
9/1/2026,2022,20230699,20631,32391,NRG TEXAS POWER LLC,CO2,INTRASTATE,TEXAS,0,0.36,0,0,0,0,0.36,0,0,0,0,0,0,0,0,0.36,0,0,0,0,0.36,
9/1/2026,2022,20230172,20082,32407,"GENESIS PIPELINE TEXAS, L.P.",Crude Oil,INTRASTATE,TEXAS,0.73,92.82,0,0,0,0,93.55,0,0,0,0,0,0,0,0.73,92.82,0,0,0,0,93.55,
9/1/2026,2022,20230173,20083,32411,"GENESIS PIPELINE ALABAMA, LLC",Crude Oil,INTRASTATE,ALABAMA,0,31.44,0,0,0,0,31.44,0,0,0,0,0,0,0,0,31.44,0,0,0,0,31.44,
9/1/2026,2022,20230393,20694,32428,"INTERCONTINENTAL TERMINAL COMPANY, LLC",HVL,INTRASTATE,LOUISIANA,0,1.211,0,0,0,0,1.211,0,0,0,0,0,0,0,0,1.211,0,0,0,0,1.211,
9/1/2026,2022,20230393,20694,32428,"INTERCONTINENTAL TERMINAL COMPANY, LLC",HVL,INTRASTATE,TEXAS,0,3.32,0,0,0,0,3.32,0,0,0,0,0,0,0,0,3.32,0,0,0,0,3.32,
9/1/2026,2022,20230387,20306,32428,"INTERCONTINENTAL TERMINAL COMPANY, LLC",Refined and/or Petroleum Product (non-HVL),INTRASTATE,TEXAS,0,11.93,0,0,0,0,11.93,0,0,0,0,0,0,0,0,11.93,0,0,0,0,11.93,
9/1/2026,2022,20230479,20399,32445,TARGA SOUTHTEX NGL PIPELINE LTD.,HVL,INTRASTATE,TEXAS,0,102.78,0,0,0,0,102.78,0,0,0,0,0,0,0,0,102.78,0,0,0,0,102.78,
9/1/2026,2022,20230478,20398,32445,TARGA SOUTHTEX NGL PIPELINE LTD.,Refined and/or Petroleum Product (non-HVL),INTRASTATE,TEXAS,0,4.86,0,0,0,0,4.86,0,0,0,0,0,0,0,0,4.86,0,0,0,0,4.86,
9/1/2026,2022,20230422,20339,32450,"ROADRUNNER PIPELINE, L.L.C.",Crude Oil,INTERSTATE,NEW MEXICO,0,22.63,0,0,0,0,22.63,0,0,0,0,0,0,0,0,22.63,0,0,0,0,22.63,
9/1/2026,2022,20230422,20339,32450,"ROADRUNNER PIPELINE, L.L.C.",Crude Oil,INTERSTATE,TEXAS,0,46.7,0,0,0,0,46.7,0,0,0,0,0,0,0,0,46.7,0,0,0,0,46.7,
9/1/2026,2022,20230683,20638,32453,BPX (EAGLE FORD) GATHERING LLC,Crude Oil,INTRASTATE,TEXAS,0,194.57,0,0,0,0,194.57,0,0,0,0,0,0,0,0,194.57,0,0,0,0,194.57,
9/1/2026,2022,20230332,20246,32476,"TREETOP MIDSTREAM SERVICES, LLC",CO2,INTRASTATE,MISSISSIPPI,0,0.265,0,0,0,0,0.265,0,0,0,0,0,0,0,0,0.265,0,0,0,0,0.265,
9/1/2026,2022,20230084,19985,32488,"ENI US OPERATING CO, INC",Crude Oil,INTRASTATE,ALASKA,0,0,0,16.1,0,0,16.1,0,9.3,0,0,0,0,9.3,0,9.3,0,16.1,0,0,25.4,
9/1/2026,2022,20230174,20084,32492,"GENESIS CRUDE OIL, L.P.",Crude Oil,INTRASTATE,LOUISIANA,0,2.16,0,0,0,0,2.16,0,0,0,0,0,0,0,0,2.16,0,0,0,0,2.16,
9/1/2026,2022,20230423,20340,32493,"UNEV PIPELINE, LLC",Refined and/or Petroleum Product (non-HVL),INTERSTATE,NEVADA,0,70.88,0,0,0,0,70.88,0,0,0,0,0,0,0,0,70.88,0,0,0,0,70.88,
9/1/2026,2022,20230423,20340,32493,"UNEV PIPELINE, LLC",Refined and/or Petroleum Product (non-HVL),INTERSTATE,UTAH,0,355.64,0,0,0,0,355.64,0,0,0,0,0,0,0,0,355.64,0,0,0,0,355.64,
9/1/2026,2022,20230441,20361,32495,"DELAWARE PIPELINE COMPANY, LLC",Refined and/or Petroleum Product (non-HVL),INTERSTATE,DELAWARE,0,20.21,0,0,0,0,20.21,0,0,0,0,0,0,0,0,20.21,0,0,0,0,20.21,
9/1/2026,2022,20230441,20361,32495,"DELAWARE PIPELINE COMPANY, LLC",Refined and/or Petroleum Product (non-HVL),INTERSTATE,PENNSYLVANIA,0,3.17,0,0,0,0,3.17,0,0,0,0,0,0,0,0,3.17,0,0,0,0,3.17,
9/1/2026,2022,20230378,20294,32502,ENBRIDGE PIPELINES (SOUTHERN LIGHTS) L.L.C.,Refined and/or Petroleum Product (non-HVL),INTERSTATE,ILLINOIS,0,146.024,0,0,0,0,146.024,0,0,0,0,0,0,0,0,146.024,0,0,0,0,146.024,
9/1/2026,2022,20230378,20294,32502,ENBRIDGE PIPELINES (SOUTHERN LIGHTS) L.L.C.,Refined and/or Petroleum Product (non-HVL),INTERSTATE,MINNESOTA,0,284.82,0,0,0,0,284.82,0,0,0,0,0,0,0,0,284.82,0,0,0,0,284.82,
9/1/2026,2022,20230378,20294,32502,ENBRIDGE PIPELINES (SOUTHERN LIGHTS) L.L.C.,Refined and/or Petroleum Product (non-HVL),INTERSTATE,NORTH DAKOTA,0,28.029,0,0,0,0,28.029,0,0,0,0,0,0,0,0,28.029,0,0,0,0,28.029,
9/1/2026,2022,20230378,20294,32502,ENBRIDGE PIPELINES (SOUTHERN LIGHTS) L.L.C.,Refined and/or Petroleum Product (non-HVL),INTERSTATE,WISCONSIN,0,358.383,0,0,0,0,358.383,0,0,0,0,0,0,0,0,358.383,0,0,0,0,358.383,
9/1/2026,2022,20230105,20008,32503,"CALUMET SHREVEPORT REFINING, LLC",Crude Oil,INTRASTATE,LOUISIANA,0,6.85,0,0,0,0,6.85,0,0,0,0,0,0,0,0,6.85,0,0,0,0,6.85,
9/1/2026,2022,20230006,19875,32520,CITY OF BANGOR,Refined and/or Petroleum Product (non-HVL),INTRASTATE,MAINE,0,0.934,0,0,0,0,0.934,0,0,0,0,0,0,0,0,0.934,0,0,0,0,0.934,
9/1/2026,2022,20230676,20602,32537,WYOMING PIPELINE COMPANY,Crude Oil,INTRASTATE,WYOMING,0,49.648,0,0,0,0,49.648,0,0,0,0,0,0,0,0,49.648,0,0,0,0,49.648,
9/1/2026,2022,20230129,20034,32540,ELECTRAGAS INC.,Crude Oil,INTRASTATE,TEXAS,0,0,0,0,0,0,0,0,3.3,0,0,0,0,3.3,0,3.3,0,0,0,0,3.3,
9/1/2026,2022,20230579,20503,32541,"COPANO NGL SERVICES (MARKHAM), LLC",HVL,INTRASTATE,TEXAS,0,153.13,0,0,0,0,153.13,0,0,0,0,0,0,0,0,153.13,0,0,0,0,153.13,
9/1/2026,2022,20230662,20588,32543,"DENBURY GREEN PIPELINE-TEXAS, LLC",CO2,INTERSTATE,TEXAS,0,131.51,0,0,0,0,131.51,0,0,0,0,0,0,0,0,131.51,0,0,0,0,131.51,
9/1/2026,2022,20230663,20589,32545,"DENBURY GULF COAST PIPELINES, LLC",CO2,INTERSTATE,LOUISIANA,0,242.47,0,0,0,0,242.47,0,0,0,0,0,0,0,0,242.47,0,0,0,0,242.47,
9/1/2026,2022,20230663,20589,32545,"DENBURY GULF COAST PIPELINES, LLC",CO2,INTERSTATE,MISSISSIPPI,0,139.48,0,0,0,0,139.48,0,0,0,0,0,0,0,0,139.48,0,0,0,0,139.48,
9/1/2026,2022,20230159,20068,32559,"ALON USA KROTZ SPRINGS REFINERY, INC",HVL,INTRASTATE,LOUISIANA,0,13.2,0,0,0,0,13.2,0,0,0,0,0,0,0,0,13.2,0,0,0,0,13.2,
9/1/2026,2022,20230160,20069,32559,"ALON USA KROTZ SPRINGS REFINERY, INC",Refined and/or Petroleum Product (non-HVL),INTRASTATE,LOUISIANA,0,2.8,0,0,0,0,2.8,0,0,0,0,0,0,0,0,2.8,0,0,0,0,2.8,
9/1/2026,2022,20230664,20590,32566,GREENCORE PIPELINE COMPANY LLC,CO2,INTERSTATE,MONTANA,0,8.73,0,0,0,0,8.73,0,0,0,0,0,0,0,0,8.73,0,0,0,0,8.73,
9/1/2026,2022,20230664,20590,32566,GREENCORE PIPELINE COMPANY LLC,CO2,INTERSTATE,WYOMING,0,222.75,0,0,0,0,222.75,0,0,0,0,0,0,0,0,222.75,0,0,0,0,222.75,
9/1/2026,2022,20230664,20590,32566,GREENCORE PIPELINE COMPANY LLC,CO2,INTRASTATE,WYOMING,0,3.59,0,0,0,0,3.59,0,0,0,0,0,0,0,0,3.59,0,0,0,0,3.59,
9/1/2026,2022,20230360,20276,32572,"TOLEDO REFINING COMPANY, LLC",Refined and/or Petroleum Product (non-HVL),INTRASTATE,OHIO,0,2.09,0,0,0,0,2.09,0,0,0,0,0,0,0,0,2.09,0,0,0,0,2.09,
9/1/2026,2022,20230266,20177,32575,"DEEPROCK OIL OPERATING, LLC",Crude Oil,INTRASTATE,OKLAHOMA,0,13.25,0,0,0,0,13.25,0,0,0,0,0,0,0,0,13.25,0,0,0,0,13.25,
9/1/2026,2022,20230067,19956,32592,"TREK RESOURCES, INC",Crude Oil,INTRASTATE,TEXAS,0,0.095,0,0,0,0,0.095,0,1.675,0,0,0,0,1.675,0,1.77,0,0,0,0,1.77,
9/1/2026,2022,20230345,20259,32595,"HIGH POINT GAS GATHERING, LLC",Crude Oil,INTERSTATE,OCS-Gulf of Mexico,0,0,0,0,0,0,0,0,6.138,0,0,0,0,6.138,0,6.138,0,0,0,0,6.138,
9/1/2026,2022,20230103,20005,32599,"MCLEAN GAS PROCESSING, LLC",HVL,INTRASTATE,TEXAS,0,21,0,0,0,0,21,0,0,0,0,0,0,0,0,21,0,0,0,0,21,
9/1/2026,2022,20230305,20689,32614,"WILLIAMS OLEFINS FEEDSTOCK PIPELINES, LLC",HVL,INTERSTATE,LOUISIANA,0,288.12,0,0,0,0,288.12,0,0,0,0,0,0,0,0,288.12,0,0,0,0,288.12,
9/1/2026,2022,20230305,20689,32614,"WILLIAMS OLEFINS FEEDSTOCK PIPELINES, LLC",HVL,INTERSTATE,TEXAS,0,88.749,0,0,0,0,88.749,0,0,0,0,0,0,0,0,88.749,0,0,0,0,88.749,
9/1/2026,2022,20230305,20689,32614,"WILLIAMS OLEFINS FEEDSTOCK PIPELINES, LLC",HVL,INTRASTATE,LOUISIANA,0,3.748,0,0,0,0,3.748,0,0,0,0,0,0,0,0,3.748,0,0,0,0,3.748,
9/1/2026,2022,20230177,21664,32619,"HILAND CRUDE, LLC",Crude Oil,INTRASTATE,NORTH DAKOTA,0,277.42,0,0,0,0,277.42,0,0,0,0,0,0,0,0,277.42,0,0,0,0,277.42,
9/1/2026,2022,20230314,20226,32634,"ENLINK PERMIAN, LLC",Crude Oil,INTERSTATE,NEW MEXICO,0,43.221,0,0,0,0,43.221,0,0,0,0,0,0,0,0,43.221,0,0,0,0,43.221,
9/1/2026,2022,20230314,20226,32634,"ENLINK PERMIAN, LLC",Crude Oil,INTERSTATE,TEXAS,0,71.444,0,0,0,0,71.444,0,0,0,0,0,0,0,0,71.444,0,0,0,0,71.444,
9/1/2026,2022,20230313,20225,32634,"ENLINK PERMIAN, LLC",HVL,INTRASTATE,TEXAS,0,73.3,0,0,0,0,73.3,0,0,0,0,0,0,0,0,73.3,0,0,0,0,73.3,
9/1/2026,2022,20230591,21576,32645,"HILCORP ALASKA, LLC",Crude Oil,INTRASTATE,ALASKA,0,0,0,0,0,0,0,0,21.03,0,0.15,0,0,21.18,0,21.03,0,0.15,0,0,21.18,
9/1/2026,2022,20230022,20672,32650,LEMM CORPORATION - OPERATIONS,HVL,INTRASTATE,TENNESSEE,0,8.97,0,0,0,0,8.97,0,0,0,0,0,0,0,0,8.97,0,0,0,0,8.97,
9/1/2026,2022,20230224,20135,32678,KINDER MORGAN CRUDE AND CONDENSATE LLC,Crude Oil,INTRASTATE,TEXAS,0,266.06,0,0,0,0,266.06,0,0,0,0,0,0,0,0,266.06,0,0,0,0,266.06,
9/1/2026,2022,20230331,20245,32682,"GREENLEAF CO2 SOLUTIONS, LLC",CO2,INTRASTATE,MISSISSIPPI,0,5.1,0,0,0,0,5.1,0,0,0,0,0,0,0,0,5.1,0,0,0,0,5.1,
9/1/2026,2022,20230440,21728,32683,INLAND CORPORATION,Refined and/or Petroleum Product (non-HVL),INTERSTATE,OHIO,0.01,613.78,0,0,0,0,613.79,0,0,0,0,0,0,0,0.01,613.78,0,0,0,0,613.79,
9/1/2026,2022,20230227,20138,32688,WEST COAST TERMINAL PIPELINE  (WCTP),Crude Oil,INTRASTATE,CALIFORNIA,0,9.66,0,0,0,0,9.66,0,0,0,0,0,0,0,0,9.66,0,0,0,0,9.66,
9/1/2026,2022,20230228,20139,32688,WEST COAST TERMINAL PIPELINE  (WCTP),Refined and/or Petroleum Product (non-HVL),INTERSTATE,OREGON,0,8.46,0,0,0,0,8.46,0,0,0,0,0,0,0,0,8.46,0,0,0,0,8.46,
9/1/2026,2022,20230228,20139,32688,WEST COAST TERMINAL PIPELINE  (WCTP),Refined and/or Petroleum Product (non-HVL),INTRASTATE,CALIFORNIA,0,19.84,0,0,0,0,19.84,0,0,0,0,0,0,0,0,19.84,0,0,0,0,19.84,
9/1/2026,2022,20230183,20093,38887,IMTT EPIC LLC,Refined and/or Petroleum Product (non-HVL),INTERSTATE,NEW MEXICO,0,68.35,0,0,0,0,68.35,0,0,0,0,0,0,0,0,68.35,0,0,0,0,68.35,
9/1/2026,2022,20230183,20093,38887,IMTT EPIC LLC,Refined and/or Petroleum Product (non-HVL),INTERSTATE,TEXAS,0,4.62,0,0,0,0,4.62,0,0,0,0,0,0,0,0,4.62,0,0,0,0,4.62,
9/1/2026,2022,20230183,20093,38887,IMTT EPIC LLC,Refined and/or Petroleum Product (non-HVL),INTRASTATE,GEORGIA,0,17.24,0,0,0,0,17.24,0,0,0,0,0,0,0,0,17.24,0,0,0,0,17.24,
9/1/2026,2022,20230716,20693,38893,PTE PIPELINE LLC,Crude Oil,INTERSTATE,ALASKA,0,0,0,22.26,0,0,22.26,0,0,0,0,0,0,0,0,0,0,22.26,0,0,22.26,
9/1/2026,2022,20230511,20433,38894,"THUNDER BASIN PIPELINE, LLC",Crude Oil,INTRASTATE,WYOMING,31.72,12.85,0,0,0,0,44.57,0,0,0,0,0,0,0,31.72,12.85,0,0,0,0,44.57,
9/1/2026,2022,20230226,20703,38895,KINDER MORGAN SOUTHEAST TERMINALS,Refined and/or Petroleum Product (non-HVL),INTRASTATE,NORTH CAROLINA,0,3.8,0,0,0,0,3.8,0,0,0,0,0,0,0,0,3.8,0,0,0,0,3.8,
9/1/2026,2022,20230011,20706,38919,LEGACY RESERVES OPERATING LP,Crude Oil,INTRASTATE,WYOMING,0,11.4,0,0,0,0,11.4,0,0,0,0,0,0,0,0,11.4,0,0,0,0,11.4,
9/1/2026,2022,20230537,20461,38922,MIPC LLC,HVL,INTRASTATE,PENNSYLVANIA,0,0.28,0,0,0,0,0.28,0,0,0,0,0,0,0,0,0.28,0,0,0,0,0.28,
9/1/2026,2022,20230536,20460,38922,MIPC LLC,Refined and/or Petroleum Product (non-HVL),INTERSTATE,NEW JERSEY,0,5.94,0,0,0,0,5.94,0,0,0,0,0,0,0,0,5.94,0,0,0,0,5.94,
9/1/2026,2022,20230536,20460,38922,MIPC LLC,Refined and/or Petroleum Product (non-HVL),INTERSTATE,PENNSYLVANIA,0,17.53,0,0,0,0,17.53,0,0,0,0,0,0,0,0,17.53,0,0,0,0,17.53,
9/1/2026,2022,20230536,20460,38922,MIPC LLC,Refined and/or Petroleum Product (non-HVL),INTRASTATE,PENNSYLVANIA,0,27.8,0,0,0,0,27.8,0,0,0,0,0,0,0,0,27.8,0,0,0,0,27.8,
9/1/2026,2022,20230232,20143,38924,NGL CRUDE TERMINALS,Crude Oil,INTRASTATE,COLORADO,0,19,0,0,0,0,19,0,0,0,0,0,0,0,0,19,0,0,0,0,19,
9/1/2026,2022,20230232,20143,38924,NGL CRUDE TERMINALS,Crude Oil,INTRASTATE,LOUISIANA,0,2.78,0,0,0,0,2.78,0,0,0,0,0,0,0,0,2.78,0,0,0,0,2.78,
9/1/2026,2022,20230232,20143,38924,NGL CRUDE TERMINALS,Crude Oil,INTRASTATE,OKLAHOMA,0,12.3,0,0,0,0,12.3,0,0,0,0,0,0,0,0,12.3,0,0,0,0,12.3,
9/1/2026,2022,20230178,20088,38926,BLACK BEAR MIDSTREAM LLC,HVL,INTRASTATE,LOUISIANA,0,40.1,0,0,0,0,40.1,0,0,0,0,0,0,0,0,40.1,0,0,0,0,40.1,
9/1/2026,2022,20230036,19920,38927,UGI ENERGY SERVICES,HVL,INTRASTATE,OHIO,0,36.254,0,0,0,0,36.254,0,0,0,0,0,0,0,0,36.254,0,0,0,0,36.254,
9/1/2026,2022,20230008,19878,38930,"PATOKA TERMINAL COMPANY, LLC",Crude Oil,INTRASTATE,ILLINOIS,0,0.45,0,0,0,0,0.45,0,0,0,0,0,0,0,0,0.45,0,0,0,0,0.45,
9/1/2026,2022,20230252,20163,38937,"PALO DURO TEG, LLC",HVL,INTRASTATE,TEXAS,0,138.26,0,0,0,0,138.26,0,0,0,0,0,0,0,0,138.26,0,0,0,0,138.26,
9/1/2026,2022,20230204,20114,38938,"WTG NGL PIPELINE COMPANY, LLC",HVL,INTRASTATE,TEXAS,0,42.169,0,0,0,0,42.169,0,0,0,0,0,0,0,0,42.169,0,0,0,0,42.169,
9/1/2026,2022,20230380,20296,38945,BAKKEN PIPELINE COMPANY LP,Crude Oil,INTERSTATE,NORTH DAKOTA,0,75.21,0,0,0,0,75.21,0,0,0,0,0,0,0,0,75.21,0,0,0,0,75.21,
9/1/2026,2022,20230059,19947,38949,"NAVARRO MIDSTREAM SERVICES, LLC.",Crude Oil,INTRASTATE,TEXAS,0,3.43,0,0,0,0,3.43,0,0,0,0,0,0,0,0,3.43,0,0,0,0,3.43,
9/1/2026,2022,20230646,20571,38964,"PHILADELPHIA ENERGY SOLUTIONS REFINING AND MARKETING, LLC",HVL,INTRASTATE,PENNSYLVANIA,0,0.56,0,0,0,0,0.56,0,0,0,0,0,0,0,0,0.56,0,0,0,0,0.56,
9/1/2026,2022,20230645,20570,38964,"PHILADELPHIA ENERGY SOLUTIONS REFINING AND MARKETING, LLC",Refined and/or Petroleum Product (non-HVL),INTRASTATE,PENNSYLVANIA,0,8.47,0,0,0,0,8.47,0,0,0,0,0,0,0,0,8.47,0,0,0,0,8.47,
9/1/2026,2022,20230306,20218,38989,EMERALD GATHERING AND TRANSMISSION,Crude Oil,INTRASTATE,TEXAS,0,1.689,0,0,0,0,1.689,0,8.648,0,0,0,0,8.648,0,10.337,0,0,0,0,10.337,
9/1/2026,2022,20230236,20147,39010,"BLUE RACER MIDSTREAM, LLC",HVL,INTRASTATE,OHIO,0,14.12,0,0,0,0,14.12,0,0,0,0,0,0,0,0,14.12,0,0,0,0,14.12,
9/1/2026,2022,20230236,20147,39010,"BLUE RACER MIDSTREAM, LLC",HVL,INTRASTATE,WEST VIRGINIA,0,74.43,0,0,0,0,74.43,0,0,0,0,0,0,0,0,74.43,0,0,0,0,74.43,
9/1/2026,2022,20230312,20224,39012,"SUMMIT MIDSTREAM PARTNERS, LLC",Crude Oil,INTRASTATE,NORTH DAKOTA,0,73.17,0,0,0,0,73.17,0,0,0,0,0,0,0,0,73.17,0,0,0,0,73.17,
9/1/2026,2022,20230310,20222,39012,"SUMMIT MIDSTREAM PARTNERS, LLC",HVL,INTRASTATE,COLORADO,0,10.94,0,0,0,0,10.94,0,0,0,0,0,0,0,0,10.94,0,0,0,0,10.94,
9/1/2026,2022,20230213,20123,39023,DOUBLE EAGLE PIPELINE LLC,Crude Oil,INTRASTATE,TEXAS,0,204.31,0,0,0,0,204.31,0,0,0,0,0,0,0,0,204.31,0,0,0,0,204.31,
9/1/2026,2022,20230404,20321,39033,"NESSON GATHERING SYSTEM, LLC",HVL,INTRASTATE,NORTH DAKOTA,0,1.7,0,0,0,0,1.7,0,0,0,0,0,0,0,0,1.7,0,0,0,0,1.7,
9/1/2026,2022,20230531,22710,39043,"TALLGRASS PONY EXPRESS PIPELINE, LLC",Crude Oil,INTERSTATE,COLORADO,0,303.86,0,0,0,0,303.86,0,0,0,0,0,0,0,0,303.86,0,0,0,0,303.86,
9/1/2026,2022,20230531,22710,39043,"TALLGRASS PONY EXPRESS PIPELINE, LLC",Crude Oil,INTERSTATE,KANSAS,0,366.34,0,0,0,0,366.34,0,0,0,0,0,0,0,0,366.34,0,0,0,0,366.34,
9/1/2026,2022,20230531,22710,39043,"TALLGRASS PONY EXPRESS PIPELINE, LLC",Crude Oil,INTERSTATE,NEBRASKA,0,98.038,0,0,0,0,98.038,0,0,0,0,0,0,0,0,98.038,0,0,0,0,98.038,
9/1/2026,2022,20230531,22710,39043,"TALLGRASS PONY EXPRESS PIPELINE, LLC",Crude Oil,INTERSTATE,OKLAHOMA,0,82.926,0,0,0,0,82.926,0,0,0,0,0,0,0,0,82.926,0,0,0,0,82.926,
9/1/2026,2022,20230531,22710,39043,"TALLGRASS PONY EXPRESS PIPELINE, LLC",Crude Oil,INTERSTATE,WYOMING,0,199.145,0,0,0,0,199.145,0,0,0,0,0,0,0,0,199.145,0,0,0,0,199.145,
9/1/2026,2022,20230693,20621,39046,"BRIDGER SWAN RANCH, LLC",Crude Oil,INTRASTATE,WYOMING,0,4.46,0,0,0,0,4.46,0,0,0,0,0,0,0,0,4.46,0,0,0,0,4.46,
9/1/2026,2022,20230475,20395,39047,"GEL OFFSHORE PIPELINE, LLC",Crude Oil,INTERSTATE,OCS-Gulf of Mexico,0,0,0,0,0,0,0,0,70.84,0,0,0,0,70.84,0,70.84,0,0,0,0,70.84,
9/1/2026,2022,20230055,20878,39050,"CASPER CRUDE TO RAIL, LLC",Crude Oil,INTERSTATE,WYOMING,0,12.45,0,0,0,0,12.45,0,0,0,0,0,0,0,0,12.45,0,0,0,0,12.45,
9/1/2026,2022,20230595,21574,39065,HESS ND,Crude Oil,INTRASTATE,NORTH DAKOTA,0,114.81,0,0,0,0,114.81,0,0,0,0,0,0,0,0,114.81,0,0,0,0,114.81,
9/1/2026,2022,20230598,20522,39065,HESS ND,HVL,INTRASTATE,NORTH DAKOTA,0,88.16,0,0,0,0,88.16,0,0,0,0,0,0,0,0,88.16,0,0,0,0,88.16,
9/1/2026,2022,20230599,20523,39065,HESS ND,Refined and/or Petroleum Product (non-HVL),INTRASTATE,NORTH DAKOTA,0,3.8,0,0,0,0,3.8,0,0,0,0,0,0,0,0,3.8,0,0,0,0,3.8,
9/1/2026,2022,20230082,19984,39069,EMPIRE MIDSTREAM LLC,Crude Oil,INTERSTATE,OCS-Gulf of Mexico,0,0,0,0,0,0,0,0,106.55,0,0,0,0,106.55,0,106.55,0,0,0,0,106.55,
9/1/2026,2022,20230082,19984,39069,EMPIRE MIDSTREAM LLC,Crude Oil,INTRASTATE,LOUISIANA,0,0.837,0,0,0,0,0.837,0,0,0,0,0,0,0,0,0.837,0,0,0,0,0.837,
9/1/2026,2022,20230091,20995,39073,OCI BEAUMONT LLC,Refined and/or Petroleum Product (non-HVL),INTRASTATE,TEXAS,0,4.79,0,1.24,0,0,6.03,0,0,0,0,0,0,0,0,4.79,0,1.24,0,0,6.03,
9/1/2026,2022,20230671,20597,39084,"CRESCENT MIDSTREAM, LLC",Crude Oil,INTERSTATE,LOUISIANA,0,421.836,0,0,0,0,421.836,0,35.956,0,0,0,0,35.956,0,457.792,0,0,0,0,457.792,
9/1/2026,2022,20230671,20597,39084,"CRESCENT MIDSTREAM, LLC",Crude Oil,INTERSTATE,OCS-Gulf of Mexico,0,0,0,0,0,0,0,0,513.484,0,0,0,0,513.484,0,513.484,0,0,0,0,513.484,
9/1/2026,2022,20230420,21016,39090,"NUTAAQ PIPELINE, LLC",Crude Oil,INTRASTATE,ALASKA,0,0.97,0,24.08,0,0,25.05,0,0,0,0,0,0,0,0,0.97,0,24.08,0,0,25.05,
9/1/2026,2022,20230424,20341,39099,CALIBER NORTH DAKOTA LLC,Crude Oil,INTRASTATE,NORTH DAKOTA,0,22.79,0,0,0,0,22.79,0,0,0,0,0,0,0,0,22.79,0,0,0,0,22.79,
9/1/2026,2022,20230362,20278,39099,CALIBER NORTH DAKOTA LLC,HVL,INTRASTATE,NORTH DAKOTA,0,4.64,0,0,0,0,4.64,0,0,0,0,0,0,0,0,4.64,0,0,0,0,4.64,
9/1/2026,2022,20230647,20572,39105,VALERO PARTNERS OPERATING CO. LLC,Crude Oil,INTERSTATE,MISSISSIPPI,0,37.91,0,0,0,0,37.91,0,0,0,0,0,0,0,0,37.91,0,0,0,0,37.91,
9/1/2026,2022,20230647,20572,39105,VALERO PARTNERS OPERATING CO. LLC,Crude Oil,INTERSTATE,OKLAHOMA,0,36.49,0,0,0,0,36.49,0,0,0,0,0,0,0,0,36.49,0,0,0,0,36.49,
9/1/2026,2022,20230647,20572,39105,VALERO PARTNERS OPERATING CO. LLC,Crude Oil,INTERSTATE,TENNESSEE,0,13.99,0,0,0,0,13.99,0,0,0,0,0,0,0,0,13.99,0,0,0,0,13.99,
9/1/2026,2022,20230647,20572,39105,VALERO PARTNERS OPERATING CO. LLC,Crude Oil,INTERSTATE,TEXAS,0,126.71,0,0,0,0,126.71,0,0,0,0,0,0,0,0,126.71,0,0,0,0,126.71,
9/1/2026,2022,20230647,20572,39105,VALERO PARTNERS OPERATING CO. LLC,Crude Oil,INTRASTATE,TEXAS,0,1.79,0,0,0,0,1.79,0,0,0,0,0,0,0,0,1.79,0,0,0,0,1.79,
9/1/2026,2022,20230619,20543,39105,VALERO PARTNERS OPERATING CO. LLC,Refined and/or Petroleum Product (non-HVL),INTERSTATE,ARKANSAS,0,0.79,0,0,0,0,0.79,0,0,0,0,0,0,0,0,0.79,0,0,0,0,0.79,
9/1/2026,2022,20230619,20543,39105,VALERO PARTNERS OPERATING CO. LLC,Refined and/or Petroleum Product (non-HVL),INTERSTATE,LOUISIANA,0,86.94,0,0,0,0,86.94,0,0,0,0,0,0,0,0,86.94,0,0,0,0,86.94,
9/1/2026,2022,20230619,20543,39105,VALERO PARTNERS OPERATING CO. LLC,Refined and/or Petroleum Product (non-HVL),INTERSTATE,MISSISSIPPI,0,55.68,0,0,0,0,55.68,0,0,0,0,0,0,0,0,55.68,0,0,0,0,55.68,
9/1/2026,2022,20230619,20543,39105,VALERO PARTNERS OPERATING CO. LLC,Refined and/or Petroleum Product (non-HVL),INTERSTATE,OKLAHOMA,0,30.11,0,0,0,0,30.11,0,0,0,0,0,0,0,0,30.11,0,0,0,0,30.11,
9/1/2026,2022,20230619,20543,39105,VALERO PARTNERS OPERATING CO. LLC,Refined and/or Petroleum Product (non-HVL),INTERSTATE,TENNESSEE,0,8.06,0,0,0,0,8.06,0,0,0,0,0,0,0,0,8.06,0,0,0,0,8.06,
9/1/2026,2022,20230619,20543,39105,VALERO PARTNERS OPERATING CO. LLC,Refined and/or Petroleum Product (non-HVL),INTRASTATE,TENNESSEE,0,11.14,0,0,0,0,11.14,0,0,0,0,0,0,0,0,11.14,0,0,0,0,11.14,
9/1/2026,2022,20230619,20543,39105,VALERO PARTNERS OPERATING CO. LLC,Refined and/or Petroleum Product (non-HVL),INTRASTATE,TEXAS,0,23.11,0,0,0,0,23.11,0,0,0,0,0,0,0,0,23.11,0,0,0,0,23.11,
9/1/2026,2022,20230696,20624,39108,BLUEFISH PIPELINE LLC,Refined and/or Petroleum Product (non-HVL),INTRASTATE,NEW MEXICO,0,4,0,0,0,0,4,0,0,0,0,0,0,0,0,4,0,0,0,0,4,
9/1/2026,2022,20230696,20624,39108,BLUEFISH PIPELINE LLC,Refined and/or Petroleum Product (non-HVL),INTRASTATE,TEXAS,0,13.287,0,0,0,0,13.287,0,0,0,0,0,0,0,0,13.287,0,0,0,0,13.287,
9/1/2026,2022,20230316,20229,39112,"ENLINK MIDSTREAM SERVICES, LLC",Crude Oil,INTRASTATE,OKLAHOMA,0,35.37,0,0,0,0,35.37,0,0,0,0,0,0,0,0,35.37,0,0,0,0,35.37,
9/1/2026,2022,20230315,20228,39112,"ENLINK MIDSTREAM SERVICES, LLC",HVL,INTRASTATE,OKLAHOMA,0,13.134,0,0,0,0,13.134,0,0,0,0,0,0,0,0,13.134,0,0,0,0,13.134,
9/1/2026,2022,20230315,20228,39112,"ENLINK MIDSTREAM SERVICES, LLC",HVL,INTRASTATE,TEXAS,0,134.28,0,0,0,0,134.28,0,0,0,0,0,0,0,0,134.28,0,0,0,0,134.28,
9/1/2026,2022,20230277,20188,39122,UTICA EAST OHIO MIDSTREAM LLC,HVL,INTRASTATE,OHIO,0,62.73,0,0,0,0,62.73,0,0,0,0,0,0,0,0,62.73,0,0,0,0,62.73,
9/1/2026,2022,20230455,20375,39131,PERMIAN EXPRESS TERMINAL LLC,Crude Oil,INTERSTATE,TEXAS,0,27.6,0,0,0,0,27.6,0,0,0,0,0,0,0,0,27.6,0,0,0,0,27.6,
9/1/2026,2022,20230093,19995,39135,"VICTORIA EXPRESS PIPELINE, L.L.C.",Crude Oil,INTRASTATE,TEXAS,0,56.94,0,0,0,0,56.94,0,0,0,0,0,0,0,0,56.94,0,0,0,0,56.94,
9/1/2026,2022,20230097,19999,39138,"BOARDWALK LOUISIANA MIDSTREAM, LLC",HVL,INTRASTATE,LOUISIANA,0,203.49,0,0,0,0,203.49,0,0,0,0,0,0,0,0,203.49,0,0,0,0,203.49,
9/1/2026,2022,20230097,19999,39138,"BOARDWALK LOUISIANA MIDSTREAM, LLC",HVL,INTRASTATE,TEXAS,0,1.11,0,0,0,0,1.11,0,0,0,0,0,0,0,0,1.11,0,0,0,0,1.11,
9/1/2026,2022,20230385,20301,39145,ENBRIDGE STORAGE (CUSHING) L.L.C.,Crude Oil,INTERSTATE,OKLAHOMA,0,24.531,0,0,0,0,24.531,0,0,0,0,0,0,0,0,24.531,0,0,0,0,24.531,
9/1/2026,2022,20230471,20391,39147,"ENABLE GAS GATHERING, LLC",Crude Oil,INTRASTATE,OKLAHOMA,0,131.28,0,0,0,0,131.28,0,0,0,0,0,0,0,0,131.28,0,0,0,0,131.28,
9/1/2026,2022,20230140,20049,39149,IMTT-BAYONNE,Refined and/or Petroleum Product (non-HVL),INTRASTATE,NEW JERSEY,0,3.15,0,0.51,0,0,3.66,0,0,0,0,0,0,0,0,3.15,0,0.51,0,0,3.66,
9/1/2026,2022,20230476,20396,39156,TARGA FRIO LASALLE PIPELINE LP,HVL,INTRASTATE,TEXAS,0,48.93,0,0,0,0,48.93,0,0,0,0,0,0,0,0,48.93,0,0,0,0,48.93,
9/1/2026,2022,20230365,20281,39179,"AMPLIFY ENERGY OPERATING, LLC",CO2,INTRASTATE,WYOMING,0,20,0,0,0,0,20,0,0,0,0,0,0,0,0,20,0,0,0,0,20,
9/1/2026,2022,20230643,20568,39183,"MEDALLION OPERATING COMPANY, LLC",Crude Oil,INTRASTATE,TEXAS,0,661.21,0,0,0,0,661.21,0,0,0,0,0,0,0,0,661.21,0,0,0,0,661.21,
9/1/2026,2022,20230333,20247,39183,"MEDALLION OPERATING COMPANY, LLC",HVL,INTRASTATE,TEXAS,0,6.52,0,0,0,0,6.52,0,0,0,0,0,0,0,0,6.52,0,0,0,0,6.52,
9/1/2026,2022,20230600,20524,39187,"THUNDER CREEK NGL PIPELINE, LLC",HVL,INTRASTATE,WYOMING,0,121.33,0,0,0,0,121.33,0,0,0,0,0,0,0,0,121.33,0,0,0,0,121.33,
9/1/2026,2022,20230702,20659,39189,"SANARE ENERGY PARTNERS, LLC",Crude Oil,INTERSTATE,LOUISIANA,0,0.48,0,0,0,0,0.48,0,7.22,0,0,0,0,7.22,0,7.7,0,0,0,0,7.7,
9/1/2026,2022,20230702,20659,39189,"SANARE ENERGY PARTNERS, LLC",Crude Oil,INTERSTATE,OCS-Gulf of Mexico,0,0,0,0,0,0,0,0,1.6,0,0,0,0,1.6,0,1.6,0,0,0,0,1.6,
9/1/2026,2022,20230267,20178,39191,CONSOLIDATED EDISON CO OF NY,Refined and/or Petroleum Product (non-HVL),INTRASTATE,NEW YORK,0,0.16,0,0.55,0.21,0,0.92,0,0,0,0,0,0,0,0,0.16,0,0.55,0.21,0,0.92,
9/1/2026,2022,20230692,20620,39196,CHEYENNE RAIL HUB,Crude Oil,INTRASTATE,WYOMING,0,1.8,0,0,0,0,1.8,0,0,0,0,0,0,0,0,1.8,0,0,0,0,1.8,
9/1/2026,2022,20230443,20363,39205,"DAPL-ETCO OPERATIONS MANAGEMENT, LLC",Crude Oil,INTERSTATE,ARKANSAS,0,19.71,0,0,0,0,19.71,0,0,0,0,0,0,0,0,19.71,0,0,0,0,19.71,
9/1/2026,2022,20230443,20363,39205,"DAPL-ETCO OPERATIONS MANAGEMENT, LLC",Crude Oil,INTERSTATE,ILLINOIS,0,320.44,0,0,0,0,320.44,0,0,0,0,0,0,0,0,320.44,0,0,0,0,320.44,
9/1/2026,2022,20230443,20363,39205,"DAPL-ETCO OPERATIONS MANAGEMENT, LLC",Crude Oil,INTERSTATE,IOWA,0,348.09,0,0,0,0,348.09,0,0,0,0,0,0,0,0,348.09,0,0,0,0,348.09,
9/1/2026,2022,20230443,20363,39205,"DAPL-ETCO OPERATIONS MANAGEMENT, LLC",Crude Oil,INTERSTATE,KENTUCKY,0,51.13,0,0,0,0,51.13,0,0,0,0,0,0,0,0,51.13,0,0,0,0,51.13,
9/1/2026,2022,20230443,20363,39205,"DAPL-ETCO OPERATIONS MANAGEMENT, LLC",Crude Oil,INTERSTATE,LOUISIANA,0,236.99,0,0,0,0,236.99,0,0,0,0,0,0,0,0,236.99,0,0,0,0,236.99,
9/1/2026,2022,20230443,20363,39205,"DAPL-ETCO OPERATIONS MANAGEMENT, LLC",Crude Oil,INTERSTATE,MISSISSIPPI,0,152.21,0,0,0,0,152.21,0,0,0,0,0,0,0,0,152.21,0,0,0,0,152.21,
9/1/2026,2022,20230443,20363,39205,"DAPL-ETCO OPERATIONS MANAGEMENT, LLC",Crude Oil,INTERSTATE,NORTH DAKOTA,0,360.08,0,0,0,0,360.08,0,0,0,0,0,0,0,0,360.08,0,0,0,0,360.08,
9/1/2026,2022,20230443,20363,39205,"DAPL-ETCO OPERATIONS MANAGEMENT, LLC",Crude Oil,INTERSTATE,SOUTH DAKOTA,0,274.91,0,0,0,0,274.91,0,0,0,0,0,0,0,0,274.91,0,0,0,0,274.91,
9/1/2026,2022,20230443,20363,39205,"DAPL-ETCO OPERATIONS MANAGEMENT, LLC",Crude Oil,INTERSTATE,TENNESSEE,0,110.59,0,0,0,0,110.59,0,0,0,0,0,0,0,0,110.59,0,0,0,0,110.59,
9/1/2026,2022,20230443,20363,39205,"DAPL-ETCO OPERATIONS MANAGEMENT, LLC",Crude Oil,INTERSTATE,TEXAS,0,43.69,0,0,0,0,43.69,0,0,0,0,0,0,0,0,43.69,0,0,0,0,43.69,
9/1/2026,2022,20230061,19950,39214,ENVEN ENERGY VENTURES LLC.,Crude Oil,INTERSTATE,LOUISIANA,0,4.5,0,0,0,0,4.5,0,3.6,0,0,0,0,3.6,0,8.1,0,0,0,0,8.1,
9/1/2026,2022,20230061,19950,39214,ENVEN ENERGY VENTURES LLC.,Crude Oil,INTERSTATE,OCS-Gulf of Mexico,0,0,0,0,0,0,0,0,19.4,0,0,0,0,19.4,0,19.4,0,0,0,0,19.4,
9/1/2026,2022,20230533,20457,39216,TALLGRASS MIDSTREAM LLC,HVL,INTERSTATE,COLORADO,0,18.045,0,0,0,0,18.045,0,0,0,0,0,0,0,0,18.045,0,0,0,0,18.045,
9/1/2026,2022,20230071,19962,39221,DAKOTA MIDSTREAM,Crude Oil,INTRASTATE,NORTH DAKOTA,0,20.68,0,0,0,0,20.68,0,0,0,0,0,0,0,0,20.68,0,0,0,0,20.68,
9/1/2026,2022,20230211,20121,39229,CAMINO REAL GATHERING CO LLC,Crude Oil,INTRASTATE,TEXAS,0,46.79,0,0,0,0,46.79,0,0,0,0,0,0,0,0,46.79,0,0,0,0,46.79,
9/1/2026,2022,20230406,20323,39241,ZENITH ENERGY TERMINALS JOLIET HOLDINGS LLC,Crude Oil,INTERSTATE,ILLINOIS,0,4.538,0,0,0,0,4.538,0,0,0,0,0,0,0,0,4.538,0,0,0,0,4.538,
9/1/2026,2022,20230115,20020,39252,"FASKEN OIL AND RANCH, LTD.",Crude Oil,INTRASTATE,TEXAS,0,0,0,0,34.08,0,34.08,0,0,0,0,0,0,0,0,0,0,0,34.08,0,34.08,
9/1/2026,2022,20230116,20021,39252,"FASKEN OIL AND RANCH, LTD.",HVL,INTRASTATE,TEXAS,0,3.07,0,0,0,0,3.07,0,0,0,0,0,0,0,0,3.07,0,0,0,0,3.07,
9/1/2026,2022,20230032,19916,39271,EAGLECLAW MIDSTREAM VENTURES,Crude Oil,INTRASTATE,TEXAS,0,19.76,0,0,0,0,19.76,0,0,0,0,0,0,0,0,19.76,0,0,0,0,19.76,
9/1/2026,2022,20230033,19917,39271,EAGLECLAW MIDSTREAM VENTURES,HVL,INTRASTATE,TEXAS,0,44.49,0,0,0,0,44.49,0,0,0,0,0,0,0,0,44.49,0,0,0,0,44.49,
9/1/2026,2022,20230242,20153,39272,"PARADIGM MIDSTREAM SERVICES - ND, LLC",Crude Oil,INTRASTATE,NORTH DAKOTA,0,23.94,0,0,0,0,23.94,0,0,0,0,0,0,0,0,23.94,0,0,0,0,23.94,
9/1/2026,2022,20230009,19880,39281,BROOKS RANGE PETROLEUM CORPORATION,Crude Oil,INTRASTATE,ALASKA,0,0,0,0.256,0,0,0.256,0,0,0,0,0,0,0,0,0,0,0.256,0,0,0.256,
9/1/2026,2022,20230657,20583,39292,"TWIN EAGLE MIDSTREAM ASSETS, LLC",Crude Oil,INTERSTATE,WYOMING,0,4.49,0,0,0,0,4.49,0,0,0,0,0,0,0,0,4.49,0,0,0,0,4.49,
9/1/2026,2022,20230401,20318,39303,"BASA RESOURCES, INC.",Crude Oil,INTRASTATE,TEXAS,0,15.42,0,0,0,0.6,16.02,0,0,0,0,0,0,0,0,15.42,0,0,0,0.6,16.02,
9/1/2026,2022,20230185,20095,39313,"MAVERICK TERMINAL THREE RIVERS, LLC",HVL,INTRASTATE,TEXAS,0,1.77,0,0,0,0,1.77,0,0,0,0,0,0,0,0,1.77,0,0,0,0,1.77,
9/1/2026,2022,20230554,20478,39317,SCOUT ENERGY MANAGEMENT LLC,CO2,INTRASTATE,COLORADO,0,11.6,0,0,0,0,11.6,0,0,0,0,0,0,0,0,11.6,0,0,0,0,11.6,
9/1/2026,2022,20230554,20478,39317,SCOUT ENERGY MANAGEMENT LLC,CO2,INTRASTATE,UTAH,0,73.5,0,0,0,0,73.5,0,0,0,0,0,0,0,0,73.5,0,0,0,0,73.5,
9/1/2026,2022,20230554,20478,39317,SCOUT ENERGY MANAGEMENT LLC,CO2,INTRASTATE,WYOMING,0,44.4,0,0,0,0,44.4,0,0,0,0,0,0,0,0,44.4,0,0,0,0,44.4,
9/1/2026,2022,20230677,20745,39325,"TALOS ENERGY, LLC",Crude Oil,INTERSTATE,LOUISIANA,0,0,0,0,0,0,0,0,0.149,0,0,0,0,0.149,0,0.149,0,0,0,0,0.149,
9/1/2026,2022,20230677,20745,39325,"TALOS ENERGY, LLC",Crude Oil,INTERSTATE,OCS-Gulf of Mexico,0,0,0,0,0,0,0,0,29.098,0,0,0,0,29.098,0,29.098,0,0,0,0,29.098,
9/1/2026,2022,20230175,20085,39336,"BR PORT SERVICES, LLC",Crude Oil,INTRASTATE,LOUISIANA,0,3.91,0,0,0,0,3.91,0,0,0,0,0,0,0,0,3.91,0,0,0,0,3.91,
9/1/2026,2022,20230325,20239,39339,TINSLEY RESOURCES  LLC,Crude Oil,INTRASTATE,MISSISSIPPI,0,37.415,0,0,0,0,37.415,0,0,0,0,0,0,0,0,37.415,0,0,0,0,37.415,
9/1/2026,2022,20230298,20827,39341,"CHALMETTE LOUISIANA LIQUIDS, LLC",HVL,INTRASTATE,LOUISIANA,0,42.28,0,0,0,0,42.28,0,0,0,0,0,0,0,0,42.28,0,0,0,0,42.28,
9/1/2026,2022,20230386,20302,39347,"ILLINOIS EXTENSION PIPELINE COMPANY, L.L.C.",Crude Oil,INTERSTATE,ILLINOIS,0,168.196,0,0,0,0,168.196,0,0,0,0,0,0,0,0,168.196,0,0,0,0,168.196,
9/1/2026,2022,20230545,20469,39348,"NUSTAR PERMIAN TRANSPORTATION AND STORAGE, LLC",Crude Oil,INTRASTATE,TEXAS,0,402.3,0,0,0,0,402.3,0,0,0,0,0,0,0,0,402.3,0,0,0,0,402.3,
9/1/2026,2022,20230143,20052,39349,"USG WHEATLAND PIPELINE, LLC",Crude Oil,INTRASTATE,NORTH DAKOTA,0,21.143,0,0,0,0,21.143,0,0,0,0,0,0,0,0,21.143,0,0,0,0,21.143,
9/1/2026,2022,20230076,19971,39351,"MONARCH OIL PIPELINE, LLC",Crude Oil,INTERSTATE,OKLAHOMA,0,1.4,0,0,0,0,1.4,0,0,0,0,0,0,0,0,1.4,0,0,0,0,1.4,
9/1/2026,2022,20230076,19971,39351,"MONARCH OIL PIPELINE, LLC",Crude Oil,INTERSTATE,TEXAS,0,38.3,0,0,0,0,38.3,0,0,0,0,0,0,0,0,38.3,0,0,0,0,38.3,
9/1/2026,2022,20230076,19971,39351,"MONARCH OIL PIPELINE, LLC",Crude Oil,INTRASTATE,TEXAS,0,13.25,0,0,0,0,13.25,0,0,0,0,0,0,0,0,13.25,0,0,0,0,13.25,
9/1/2026,2022,20230477,20658,39352,"GENESIS OFFSHORE HOLDINGS, LLC",Crude Oil,INTERSTATE,LOUISIANA,0,45.9,0,0,0,0,45.9,0,4.32,0,0,0,0,4.32,0,50.22,0,0,0,0,50.22,
9/1/2026,2022,20230477,20658,39352,"GENESIS OFFSHORE HOLDINGS, LLC",Crude Oil,INTERSTATE,OCS-Gulf of Mexico,0,0,0,0,0,0,0,0,951.92,0,0,0,0,951.92,0,951.92,0,0,0,0,951.92,
9/1/2026,2022,20230477,20658,39352,"GENESIS OFFSHORE HOLDINGS, LLC",Crude Oil,INTERSTATE,TEXAS,0,50.86,0,0,0,0,50.86,0,27.87,0,0,0,0,27.87,0,78.73,0,0,0,0,78.73,
9/1/2026,2022,20230150,20059,39354,ENBRIDGE OFFSHORE FACILITIES,Crude Oil,INTERSTATE,OCS-Gulf of Mexico,0,0,0,0,0,0,0,0,165.1,0,0,0,0,165.1,0,165.1,0,0,0,0,165.1,
9/1/2026,2022,20230344,20258,39368,CRESTWOOD MIDSTREAM PARTNERS LP,Crude Oil,INTRASTATE,NORTH DAKOTA,0,132.38,0,0,0,0,132.38,0,0,0,0,0,0,0,0,132.38,0,0,0,0,132.38,
9/1/2026,2022,20230344,20258,39368,CRESTWOOD MIDSTREAM PARTNERS LP,Crude Oil,INTRASTATE,TEXAS,0,9.23,0,0,0,0,9.23,0,0,0,0,0,0,0,0,9.23,0,0,0,0,9.23,
9/1/2026,2022,20230336,20250,39368,CRESTWOOD MIDSTREAM PARTNERS LP,HVL,INTERSTATE,SOUTH CAROLINA,0,62.7,0,0,0,0,62.7,0,0,0,0,0,0,0,0,62.7,0,0,0,0,62.7,
9/1/2026,2022,20230336,20250,39368,CRESTWOOD MIDSTREAM PARTNERS LP,HVL,INTRASTATE,NORTH DAKOTA,0,2.76,0,0,0,0,2.76,0,0,0,0,0,0,0,0,2.76,0,0,0,0,2.76,
9/1/2026,2022,20230336,20250,39368,CRESTWOOD MIDSTREAM PARTNERS LP,HVL,INTRASTATE,TEXAS,0,2.28,0,0,0,0,2.28,0,0,0,0,0,0,0,0,2.28,0,0,0,0,2.28,
9/1/2026,2022,20230674,20600,39369,ELLSJET TERMINAL,Refined and/or Petroleum Product (non-HVL),INTRASTATE,SOUTH DAKOTA,0,6.51,0,0,0,0,6.51,0,0,0,0,0,0,0,0,6.51,0,0,0,0,6.51,
9/1/2026,2022,20230301,20212,39376,"BLUE CUBE OPERATIONS, LLC.",Refined and/or Petroleum Product (non-HVL),INTRASTATE,TEXAS,0,1.55,0,0,0,0,1.55,0,0,0,0,0,0,0,0,1.55,0,0,0,0,1.55,
9/1/2026,2022,20230566,20490,39377,"WHITNEY OIL & GAS, LLC",Crude Oil,INTRASTATE,LOUISIANA,0,0,0,0,0,0,0,0,16.643,0,0,0,0,16.643,0,16.643,0,0,0,0,16.643,
9/1/2026,2022,20230176,20086,39389,"GEL TEXAS PIPELINE, LLC",Crude Oil,INTERSTATE,TEXAS,0,25.11,0,0,0,0,25.11,0,0,0,0,0,0,0,0,25.11,0,0,0,0,25.11,
9/1/2026,2022,20230119,20874,39398,INEOS USA LLC,HVL,INTRASTATE,TEXAS,0,407.65,0,0,0,0,407.65,0,0,0,0,0,0,0,0,407.65,0,0,0,0,407.65,
9/1/2026,2022,20230123,20865,39398,INEOS USA LLC,Refined and/or Petroleum Product (non-HVL),INTRASTATE,TEXAS,0,72.16,0,0,0,0,72.16,0,0,0,0,0,0,0,0,72.16,0,0,0,0,72.16,
9/1/2026,2022,20230374,22535,39401,GREAT SALT PLAINS PIPELINE LLC,Crude Oil,INTRASTATE,OKLAHOMA,161.05,0,0,0,0,0,161.05,0,0,0,0,0,0,0,161.05,0,0,0,0,0,161.05,
9/1/2026,2022,20230435,20355,39409,"CHALMETTE REFINING, L.L.C.",Crude Oil,INTRASTATE,LOUISIANA,0,2.1,0,0,0,0,2.1,0,0,0,0,0,0,0,0,2.1,0,0,0,0,2.1,
9/1/2026,2022,20230437,20357,39409,"CHALMETTE REFINING, L.L.C.",Refined and/or Petroleum Product (non-HVL),INTRASTATE,LOUISIANA,0,1.69,0,0,0,0,1.69,0,0,0,0,0,0,0,0,1.69,0,0,0,0,1.69,
9/1/2026,2022,20230395,20312,39433,"MAGELLAN OPERATING COMPANY, LLC",Crude Oil,INTRASTATE,TEXAS,0,25,0,0,0,0,25,0,0,0,0,0,0,0,0,25,0,0,0,0,25,
9/1/2026,2022,20230396,20313,39433,"MAGELLAN OPERATING COMPANY, LLC",Refined and/or Petroleum Product (non-HVL),INTRASTATE,TEXAS,0,11.14,0,0,0,0,11.14,0,0,0,0,0,0,0,0,11.14,0,0,0,0,11.14,
9/1/2026,2022,20230100,20002,39436,INDORAMA VENTURES OLEFINS LLC,HVL,INTERSTATE,LOUISIANA,0,27.7,0,0,0,0,27.7,0,0,0,0,0,0,0,0,27.7,0,0,0,0,27.7,
9/1/2026,2022,20230100,20002,39436,INDORAMA VENTURES OLEFINS LLC,HVL,INTERSTATE,TEXAS,0,5,0,0,0,0,5,0,0,0,0,0,0,0,0,5,0,0,0,0,5,
9/1/2026,2022,20230100,20002,39436,INDORAMA VENTURES OLEFINS LLC,HVL,INTRASTATE,LOUISIANA,0,0.09,0,0,0,0,0.09,0,0,0,0,0,0,0,0,0.09,0,0,0,0,0.09,
9/1/2026,2022,20230223,20134,39440,DOUBLE H,Crude Oil,INTERSTATE,MONTANA,0,266.66,0,0,0,0,266.66,0,0,0,0,0,0,0,0,266.66,0,0,0,0,266.66,
9/1/2026,2022,20230223,20134,39440,DOUBLE H,Crude Oil,INTERSTATE,NORTH DAKOTA,0,0.88,0,0,0,0,0.88,0,0,0,0,0,0,0,0,0.88,0,0,0,0,0.88,
9/1/2026,2022,20230223,20134,39440,DOUBLE H,Crude Oil,INTERSTATE,WYOMING,0,244.67,0,0,0,0,244.67,0,0,0,0,0,0,0,0,244.67,0,0,0,0,244.67,
9/1/2026,2022,20230223,20134,39440,DOUBLE H,Crude Oil,INTRASTATE,WYOMING,0,0.27,0,0,0,0,0.27,0,0,0,0,0,0,0,0,0.27,0,0,0,0,0.27,
9/1/2026,2022,20230446,20366,39462,"BAYOU BRIDGE PIPELINE, LLC",Crude Oil,INTERSTATE,LOUISIANA,0,187.38,0,0,0,0,187.38,0,0,0,0,0,0,0,0,187.38,0,0,0,0,187.38,
9/1/2026,2022,20230446,20366,39462,"BAYOU BRIDGE PIPELINE, LLC",Crude Oil,INTERSTATE,TEXAS,0,24.89,0,0,0,0,24.89,0,0,0,0,0,0,0,0,24.89,0,0,0,0,24.89,
9/1/2026,2022,20230078,19973,39467,"KURARAY AMERICA, INC.",HVL,INTRASTATE,TEXAS,0,9.168,0,0,0,0,9.168,0,0,0,0,0,0,0,0,9.168,0,0,0,0,9.168,
9/1/2026,2022,20230016,19893,39474,"ENBRIDGE INGLESIDE, LLC",Crude Oil,INTRASTATE,TEXAS,0,31.87,0,0,0,0,31.87,0,0,0,0,0,0,0,0,31.87,0,0,0,0,31.87,
9/1/2026,2022,20230017,19894,39474,"ENBRIDGE INGLESIDE, LLC",HVL,INTRASTATE,TEXAS,0,18.2,0,0,0,0,18.2,0,0,0,0,0,0,0,0,18.2,0,0,0,0,18.2,
9/1/2026,2022,20230609,20533,39476,"BRAZOS MIDSTREAM OPERATING, LLC",HVL,INTRASTATE,TEXAS,0,12.37,0,0,0,0,12.37,0,0,0,0,0,0,0,0,12.37,0,0,0,0,12.37,
9/1/2026,2022,20230588,20512,39477,"KEYERA ENERGY, INC.",Crude Oil,INTRASTATE,OKLAHOMA,0,2.44,0,0,0,0,2.44,0,0,0,0,0,0,0,0,2.44,0,0,0,0,2.44,
9/1/2026,2022,20230216,20126,39487,COPANO PROCESSING LLC,HVL,INTRASTATE,TEXAS,0,3.16,0,0,0,0,3.16,0,0,0,0,0,0,0,0,3.16,0,0,0,0,3.16,
9/1/2026,2022,20230201,20111,39490,PETRA NOVA CCS I LLC,CO2,INTRASTATE,TEXAS,0,0.36,0,0,0,0,0.36,0,0,0,0,0,0,0,0,0.36,0,0,0,0,0.36,
9/1/2026,2022,20230326,21659,39492,"CELANESE CHEMICALS, INC",HVL,INTRASTATE,TEXAS,0,12.64,0,0,0,0,12.64,0,0,0,0,0,0,0,0,12.64,0,0,0,0,12.64,
9/1/2026,2022,20240699,21521,39492,"CELANESE CHEMICALS, INC",Refined and/or Petroleum Product (non-HVL),INTRASTATE,TEXAS,0,3.26,0,1.58,0,0,4.84,0,0,0,0,0,0,0,0,3.26,0,1.58,0,0,4.84,
9/1/2026,2022,20230219,20129,39498,COX OPERATING LLC,Crude Oil,INTERSTATE,LOUISIANA,0,21.35,0,0,0,0,21.35,0,44.31,0,0,0,0,44.31,0,65.66,0,0,0,0,65.66,
9/1/2026,2022,20230219,20129,39498,COX OPERATING LLC,Crude Oil,INTERSTATE,OCS-Gulf of Mexico,0,0,0,0,0,0,0,0,96.73,0,0,0,0,96.73,0,96.73,0,0,0,0,96.73,
9/1/2026,2022,20230394,20311,39504,"MAGELLAN CRUDE OIL PIPELINE COMPANY, L.P.",Crude Oil,INTERSTATE,TEXAS,0,469.5,0,0,0,0,469.5,0,0,0,0,0,0,0,0,469.5,0,0,0,0,469.5,
9/1/2026,2022,20230394,20311,39504,"MAGELLAN CRUDE OIL PIPELINE COMPANY, L.P.",Crude Oil,INTRASTATE,TEXAS,0,125.75,0,0,0,0,125.75,0,0,0,0,0,0,0,0,125.75,0,0,0,0,125.75,
9/1/2026,2022,20230300,20211,39506,PEAK MIDSTREAM GOLDSBORO LLC,Refined and/or Petroleum Product (non-HVL),INTRASTATE,NORTH CAROLINA,0,5.62,0,0,0,0,5.62,0,0,0,0,0,0,0,0,5.62,0,0,0,0,5.62,
9/1/2026,2022,20230655,20724,39509,"ITC PIPELINE COMPANY, LLC",Refined and/or Petroleum Product (non-HVL),INTRASTATE,TEXAS,0,12.299,0,0,0,0,12.299,0,0,0,0,0,0,0,0,12.299,0,0,0,0,12.299,
9/1/2026,2022,20230028,19912,39511,CR PERMIAN PROCESSING LLC,HVL,INTRASTATE,TEXAS,0,10.58,0,0,0,0,10.58,0,0,0,0,0,0,0,0,10.58,0,0,0,0,10.58,
9/1/2026,2022,20230169,20079,39518,KINDER MORGAN UTOPIA LLC,HVL,INTERSTATE,MICHIGAN,0,60.04,0,0,0,0,60.04,0,0,0,0,0,0,0,0,60.04,0,0,0,0,60.04,
9/1/2026,2022,20230169,20079,39518,KINDER MORGAN UTOPIA LLC,HVL,INTERSTATE,OHIO,0,205.76,0,0,0,0,205.76,0,0,0,0,0,0,0,0,205.76,0,0,0,0,205.76,
9/1/2026,2022,20230445,20365,39532,TORRANCE BASIN PIPELINE COMPANY LLC,Crude Oil,INTRASTATE,CALIFORNIA,0,13.89,0,0,0,0,13.89,0,0,0,0,0,0,0,0,13.89,0,0,0,0,13.89,
9/1/2026,2022,20230447,20367,39532,TORRANCE BASIN PIPELINE COMPANY LLC,Refined and/or Petroleum Product (non-HVL),INTRASTATE,CALIFORNIA,0,8.28,0,0,0,0,8.28,0,0,0,0,0,0,0,0,8.28,0,0,0,0,8.28,
9/1/2026,2022,20230448,20368,39533,TORRANCE LOGISTICS COMPANY LLC,Crude Oil,INTRASTATE,CALIFORNIA,0,0.84,0,0,0,0,0.84,0,0,0,0,0,0,0,0,0.84,0,0,0,0,0.84,
9/1/2026,2022,20230451,20371,39534,TORRANCE VALLEY PIPELINE COMPANY LLC,Crude Oil,INTRASTATE,CALIFORNIA,0,181.46,0,0,0,0,181.46,0,0,0,0,0,0,0,0,181.46,0,0,0,0,181.46,
9/1/2026,2022,20230452,20372,39535,TORRANCE PIPELINE COMPANY LLC,Crude Oil,INTRASTATE,CALIFORNIA,0,10.69,0,0,0,0,10.69,0,0,0,0,0,0,0,0,10.69,0,0,0,0,10.69,
9/1/2026,2022,20230453,20373,39535,TORRANCE PIPELINE COMPANY LLC,Refined and/or Petroleum Product (non-HVL),INTRASTATE,CALIFORNIA,0,85.97,0,0,0,0,85.97,0,0,0,0,0,0,0,0,85.97,0,0,0,0,85.97,
9/1/2026,2022,20230111,20016,39540,"ARB MIDSTREAM, LLC",Crude Oil,INTRASTATE,COLORADO,0,142.111,0,0,0,0,142.111,0,0,0,0,0,0,0,0,142.111,0,0,0,0,142.111,
9/1/2026,2022,20230527,20741,39551,"STAKEHOLDER MIDSTREAM CRUDE OIL PIPELINE, LLC",Crude Oil,INTRASTATE,TEXAS,0,23.66,0,0,0,0,23.66,0,0,0,0,0,0,0,0,23.66,0,0,0,0,23.66,
9/1/2026,2022,20230107,20010,39556,ISLAND ENERGY SERVICES,Refined and/or Petroleum Product (non-HVL),INTRASTATE,HAWAII,0,45.259,0,0,0,0,45.259,0,0,0,0,0,0,0,0,45.259,0,0,0,0,45.259,
9/1/2026,2022,20230293,20204,39566,TARGA NORTHERN DELAWARE LLC,HVL,INTRASTATE,NEW MEXICO,0,27.5,0,0,0,0,27.5,0,0,0,0,0,0,0,0,27.5,0,0,0,0,27.5,
9/1/2026,2022,20230497,20417,39581,CALIBER BEAR DEN INTERCONNECT LLC,Crude Oil,INTRASTATE,NORTH DAKOTA,0,5.7,0,0,0,0,5.7,0,0,0,0,0,0,0,0,5.7,0,0,0,0,5.7,
9/1/2026,2022,20230130,20035,39587,"SAVAGE BAKKEN CONNECTOR, INC",Crude Oil,INTRASTATE,NORTH DAKOTA,0,2.1,0,0.05,0,0,2.15,0,0,0,0,0,0,0,0,2.1,0,0.05,0,0,2.15,
9/1/2026,2022,20230188,20098,39589,"STATELINE CRUDE, LLC",Crude Oil,INTERSTATE,NEW MEXICO,0,4.58,0,0,0,0,4.58,0,0,0,0,0,0,0,0,4.58,0,0,0,0,4.58,
9/1/2026,2022,20230188,20098,39589,"STATELINE CRUDE, LLC",Crude Oil,INTERSTATE,TEXAS,0,19.23,0,0,0,0,19.23,0,0,0,0,0,0,0,0,19.23,0,0,0,0,19.23,
9/1/2026,2022,20230611,20535,39593,QEP ENERGY COMPANY,Crude Oil,INTRASTATE,TEXAS,0,2.54,0,0,0,0,2.54,0,0,0,0,0,0,0,0,2.54,0,0,0,0,2.54,
9/1/2026,2022,20230473,20393,39596,PERMIAN EXPRESS PARTNERS LLC,Crude Oil,INTERSTATE,ARKANSAS,0,298.05,0,0,0,0,298.05,0,0,0,0,0,0,0,0,298.05,0,0,0,0,298.05,
9/1/2026,2022,20230473,20393,39596,PERMIAN EXPRESS PARTNERS LLC,Crude Oil,INTERSTATE,ILLINOIS,0,79.25,0,0,0,0,79.25,0,0,0,0,0,0,0,0,79.25,0,0,0,0,79.25,
9/1/2026,2022,20230473,20393,39596,PERMIAN EXPRESS PARTNERS LLC,Crude Oil,INTERSTATE,LOUISIANA,0,223.13,0,0,0,0,223.13,0,0,0,0,0,0,0,0,223.13,0,0,0,0,223.13,
9/1/2026,2022,20230473,20393,39596,PERMIAN EXPRESS PARTNERS LLC,Crude Oil,INTERSTATE,MISSOURI,0,121.04,0,0,0,0,121.04,0,0,0,0,0,0,0,0,121.04,0,0,0,0,121.04,
9/1/2026,2022,20230473,20393,39596,PERMIAN EXPRESS PARTNERS LLC,Crude Oil,INTERSTATE,TEXAS,0,945.73,0,0,0,0,945.73,0,0,0,0,0,0,0,0,945.73,0,0,0,0,945.73,
9/1/2026,2022,20230473,20393,39596,PERMIAN EXPRESS PARTNERS LLC,Crude Oil,INTRASTATE,TEXAS,0,28.53,0,0,0,0,28.53,0,0,0,0,0,0,0,0,28.53,0,0,0,0,28.53,
9/1/2026,2022,20230472,20392,39596,PERMIAN EXPRESS PARTNERS LLC,HVL,INTRASTATE,OKLAHOMA,0,62.95,0,0,0,0,62.95,0,0,0,0,0,0,0,0,62.95,0,0,0,0,62.95,
9/1/2026,2022,20230114,20019,39600,VAQUERO PERMIAN PROCESSING LLC,HVL,INTRASTATE,TEXAS,0,3.265,0,0,0,0,3.265,0,0,0,0,0,0,0,0,3.265,0,0,0,0,3.265,
9/1/2026,2022,20230031,19915,39606,CR PERMIAN CRUDE LLC,Crude Oil,INTRASTATE,TEXAS,0,45.89,0,0,9.01,0,54.9,0,0,0,0,0,0,0,0,45.89,0,0,9.01,0,54.9,
9/1/2026,2022,20230719,20726,39610,"CPE GATHERING MIDCON, LLC",Crude Oil,INTRASTATE,OKLAHOMA,0,16.76,0,0,0,0,16.76,0,0,0,0,0,0,0,0,16.76,0,0,0,0,16.76,
9/1/2026,2022,20230319,20232,39617,EQUILON ENTERPRISES LLC DBA SHELL OIL PRODUCTS US - CONVENT REFINERY,HVL,INTRASTATE,LOUISIANA,0,20.74,0,0,0,0,20.74,0,0,0,0,0,0,0,0,20.74,0,0,0,0,20.74,
9/1/2026,2022,20230454,20374,39618,TORRANCE REFINING COMPANY LLC,Crude Oil,INTRASTATE,CALIFORNIA,0,0,0,0,0,0,0,0,0,0,0,0,0,0,0,0,0,0,0,0,0,
9/1/2026,2022,20230018,19896,39636,"CARBON CALIFORNIA OPERATING COMPANY, LLC",Crude Oil,INTRASTATE,CALIFORNIA,0,3.7,0,0,0,0,3.7,0,0,0,0,0,0,0,0,3.7,0,0,0,0,3.7,
9/1/2026,2022,20230135,20044,39637,UTAH GAS OP LTD DBA UTAH GAS CORP,HVL,INTERSTATE,COLORADO,0,15.1,0,0,0,0,15.1,0,0,0,0,0,0,0,0,15.1,0,0,0,0,15.1,
9/1/2026,2022,20230135,20044,39637,UTAH GAS OP LTD DBA UTAH GAS CORP,HVL,INTERSTATE,UTAH,0,1.6,0,0,0,0,1.6,0,0,0,0,0,0,0,0,1.6,0,0,0,0,1.6,
9/1/2026,2022,20230127,20032,39639,TANKS R US,Refined and/or Petroleum Product (non-HVL),INTRASTATE,MICHIGAN,0,0,0,0.01,0,0,0.01,0,0,0,0,0,0,0,0,0,0,0.01,0,0,0.01,
9/1/2026,2022,20230197,20107,39647,VALERO TEXAS CITY REFINERY,Refined and/or Petroleum Product (non-HVL),INTRASTATE,TEXAS,0,5.19,0,0,0,0,5.19,0,0,0,0,0,0,0,0,5.19,0,0,0,0,5.19,
9/1/2026,2022,20230669,20595,39648,VALERO HOUSTON REFINERY,Crude Oil,INTRASTATE,TEXAS,0,1.39,0,0,0,0,1.39,0,0,0,0,0,0,0,0,1.39,0,0,0,0,1.39,
9/1/2026,2022,20230670,20596,39648,VALERO HOUSTON REFINERY,HVL,INTRASTATE,TEXAS,0,3.75,0,0,0,0,3.75,0,0,0,0,0,0,0,0,3.75,0,0,0,0,3.75,
9/1/2026,2022,20230672,20598,39648,VALERO HOUSTON REFINERY,Refined and/or Petroleum Product (non-HVL),INTRASTATE,TEXAS,0,10.96,0,0,0,0,10.96,0,0,0,0,0,0,0,0,10.96,0,0,0,0,10.96,
9/1/2026,2022,20230141,20629,39649,"IRONWOOD MIDSTREAM ENERGY PARTNERS, LLC",Crude Oil,INTRASTATE,TEXAS,0,49.159,0,0,0,0,49.159,0,0,0,0,0,0,0,0,49.159,0,0,0,0,49.159,
9/1/2026,2022,20230352,20266,39654,ORYX DELAWARE OIL TRANSPORT LLC,Crude Oil,INTERSTATE,NEW MEXICO,0,139.25,0,0,0,0,139.25,0,0,0,0,0,0,0,0,139.25,0,0,0,0,139.25,
9/1/2026,2022,20230352,20266,39654,ORYX DELAWARE OIL TRANSPORT LLC,Crude Oil,INTERSTATE,TEXAS,0,506.8,0,0,0,0,506.8,0,0,0,0,0,0,0,0,506.8,0,0,0,0,506.8,
9/1/2026,2022,20230352,20266,39654,ORYX DELAWARE OIL TRANSPORT LLC,Crude Oil,INTRASTATE,TEXAS,0,2.26,0,0,0,0,2.26,0,0,0,0,0,0,0,0,2.26,0,0,0,0,2.26,
9/1/2026,2022,20230161,20070,39663,"PETROGAS WEST, LLC",HVL,INTRASTATE,WASHINGTON,0,0.41,0,0,0,0,0.41,0,0,0,0,0,0,0,0,0.41,0,0,0,0,0.41,
9/1/2026,2022,20230604,20528,39666,FORMULA MIDSTREAM PARTNERS LLC,Crude Oil,INTRASTATE,TEXAS,0,22.15,0,0,0,0,22.15,0,0,0,0,0,0,0,0,22.15,0,0,0,0,22.15,
9/1/2026,2022,20230056,19944,39675,"SCT PIPELINE, LLC",Crude Oil,INTRASTATE,OKLAHOMA,0,17.49,0,0,0,0,17.49,0,0,0,0,0,0,0,0,17.49,0,0,0,0,17.49,
9/1/2026,2022,20230294,20723,39684,ROCKY MOUNTAIN MIDSTREAM PIPELINE LLC,Crude Oil,INTRASTATE,COLORADO,0,58.567,0,0,0,0,58.567,0,0,0,0,0,0,0,0,58.567,0,0,0,0,58.567,
9/1/2026,2022,20230292,20203,39684,ROCKY MOUNTAIN MIDSTREAM PIPELINE LLC,HVL,INTRASTATE,COLORADO,0,22.623,0,0,0,0,22.623,0,0,0,0,0,0,0,0,22.623,0,0,0,0,22.623,
9/1/2026,2022,20230002,19870,39694,"BRIDGE ENERGY, LLC",Crude Oil,INTRASTATE,CALIFORNIA,1.7,1.8,0,0,0,0,3.5,0,0,0,0,0,0,0,1.7,1.8,0,0,0,0,3.5,
9/1/2026,2022,20230162,20071,39698,S2 ENERGY OPERATING LLC,Crude Oil,INTRASTATE,LOUISIANA,0,0.22,0,0,0,0,0.22,0,0,0,0,0,0,0,0,0.22,0,0,0,0,0.22,
9/1/2026,2022,20230450,20370,39706,ENERGY TRANSFER NEDERLAND TERMINAL LLC,Crude Oil,INTERSTATE,TEXAS,0,0,0,0,0,0,0,0,0,0,0,0,0,0,0,0,0,0,0,0,0,
9/1/2026,2022,20230637,20705,39713,CANTIUM. LLC,Crude Oil,INTERSTATE,LOUISIANA,0,0,0,0,0,0,0,0,4.03,0,0,0,0,4.03,0,4.03,0,0,0,0,4.03,
9/1/2026,2022,20230637,20705,39713,CANTIUM. LLC,Crude Oil,INTERSTATE,OCS-Gulf of Mexico,0,0,0,0,0,0,0,0,1.79,0,0,0,0,1.79,0,1.79,0,0,0,0,1.79,
9/1/2026,2022,20230492,20412,39731,VANTAGE PIPELINE US LP,HVL,INTERSTATE,NORTH DAKOTA,0,127.11,0,0,0,0,127.11,0,0,0,0,0,0,0,0,127.11,0,0,0,0,127.11,
9/1/2026,2022,20230217,20127,39739,OCELOT ENERGY MANAGEMENT LLC,Refined and/or Petroleum Product (non-HVL),INTRASTATE,TEXAS,0,16.71,0,0,0,0,16.71,0,0,0,0,0,0,0,0,16.71,0,0,0,0,16.71,
9/1/2026,2022,20230526,20450,39746,ELEVATION MIDSTREAM,Crude Oil,INTRASTATE,COLORADO,0,12.253,0,0,0,0,12.253,0,0,0,0,0,0,0,0,12.253,0,0,0,0,12.253,
9/1/2026,2022,20230024,20731,39752,"STAKEHOLDER GAS UTILITY, LLC",HVL,INTRASTATE,TEXAS,0,36.2,0,0,0,0,36.2,0,0,0,0,0,0,0,0,36.2,0,0,0,0,36.2,
9/1/2026,2022,20230041,19927,39753,CURETON FRONT RANGE LLC,HVL,INTRASTATE,COLORADO,0,3.02,0,0,0,0,3.02,0,0,0,0,0,0,0,0,3.02,0,0,0,0,3.02,
9/1/2026,2022,20230649,20578,39754,CAPTUREPOINT LLC,CO2,INTERSTATE,KANSAS,0,14.89,0,0,0,0,14.89,0,0,0,0,0,0,0,0,14.89,0,0,0,0,14.89,
9/1/2026,2022,20230649,20578,39754,CAPTUREPOINT LLC,CO2,INTERSTATE,OKLAHOMA,0,108.29,0,0,0,0,108.29,0,0,0,0,0,0,0,0,108.29,0,0,0,0,108.29,
9/1/2026,2022,20230649,20578,39754,CAPTUREPOINT LLC,CO2,INTERSTATE,TEXAS,0,119.43,0,0,0,0,119.43,0,0,0,0,0,0,0,0,119.43,0,0,0,0,119.43,
9/1/2026,2022,20230649,20578,39754,CAPTUREPOINT LLC,CO2,INTRASTATE,COLORADO,0,15.26,0,0,0,0,15.26,0,0,0,0,0,0,0,0,15.26,0,0,0,0,15.26,
9/1/2026,2022,20230649,20578,39754,CAPTUREPOINT LLC,CO2,INTRASTATE,TEXAS,0,14.24,0,0,0,0,14.24,0,0,0,0,0,0,0,0,14.24,0,0,0,0,14.24,
9/1/2026,2022,20230225,20136,39760,"THE DOW CHEMICAL COMPANY, SDO",HVL,INTRASTATE,TEXAS,0,13.11,0,0,0,0,13.11,0,0,0,0,0,0,0,0,13.11,0,0,0,0,13.11,
9/1/2026,2022,20230234,20145,39760,"THE DOW CHEMICAL COMPANY, SDO",Refined and/or Petroleum Product (non-HVL),INTRASTATE,TEXAS,0,2.61,0,0,0,0,2.61,0,0,0,0,0,0,0,0,2.61,0,0,0,0,2.61,
9/1/2026,2022,20230010,19883,39771,ELK OPERATING SERVICES LLC,CO2,INTERSTATE,COLORADO,0,12.1,0,0,0,0,12.1,0,0,0,0,0,0,0,0,12.1,0,0,0,0,12.1,
9/1/2026,2022,20230010,19883,39771,ELK OPERATING SERVICES LLC,CO2,INTERSTATE,UTAH,0,15.6,0,0,0,0,15.6,0,0,0,0,0,0,0,0,15.6,0,0,0,0,15.6,
9/1/2026,2022,20230085,20418,39774,"GLASS MOUNTAIN PIPELINE, LLC",Crude Oil,INTRASTATE,OKLAHOMA,0,71.9,0,0,0,0,71.9,0,0,0,0,0,0,0,0,71.9,0,0,0,0,71.9,
9/1/2026,2022,20230206,20116,39785,"EPIC CONSOLIDATED OPERATIONS, LLC",Crude Oil,INTRASTATE,TEXAS,0,873.42,0,0,0,0,873.42,0,0,0,0,0,0,0,0,873.42,0,0,0,0,873.42,
9/1/2026,2022,20230397,20314,39785,"EPIC CONSOLIDATED OPERATIONS, LLC",HVL,INTERSTATE,NEW MEXICO,0,19.9,0,0,0,0,19.9,0,0,0,0,0,0,0,0,19.9,0,0,0,0,19.9,
9/1/2026,2022,20230397,20314,39785,"EPIC CONSOLIDATED OPERATIONS, LLC",HVL,INTERSTATE,TEXAS,0,9,0,0,0,0,9,0,0,0,0,0,0,0,0,9,0,0,0,0,9,
9/1/2026,2022,20230397,20314,39785,"EPIC CONSOLIDATED OPERATIONS, LLC",HVL,INTRASTATE,TEXAS,0,1182.3,0,0,0,0,1182.3,0,0,0,0,0,0,0,0,1182.3,0,0,0,0,1182.3,
9/1/2026,2022,20230207,20117,39785,"EPIC CONSOLIDATED OPERATIONS, LLC",Refined and/or Petroleum Product (non-HVL),INTRASTATE,TEXAS,0,9.46,0,0,0,0,9.46,0,0,0,0,0,0,0,0,9.46,0,0,0,0,9.46,
9/1/2026,2022,20230092,19994,39794,"GULFMARK ENERGY, INC.",Crude Oil,INTRASTATE,TEXAS,0,0.73,0,0,0,0,0.73,0,0,0,0,0,0,0,0,0.73,0,0,0,0,0.73,
9/1/2026,2022,20250001,21647,39803,"MAJOR MIDSTREAM OPERATING PARTNERS, LLC",HVL,INTRASTATE,TEXAS,0,25.42,0,0,0,0,25.42,0,0,0,0,0,0,0,0,25.42,0,0,0,0,25.42,
9/1/2026,2022,20230720,20732,39805,"THOMPSON WEBSTER PIPELINE, INC.",Crude Oil,INTRASTATE,TEXAS,0,41.9,0,0,0,0,41.9,0,0,0,0,0,0,0,0,41.9,0,0,0,0,41.9,
9/1/2026,2022,20230379,20760,39806,"EVX MIDSTREAM PARTNERS, LLC",Crude Oil,INTRASTATE,TEXAS,0,20.04,0,0,0,0,20.04,0,0,0,0,0,0,0,0,20.04,0,0,0,0,20.04,
9/1/2026,2022,20230610,20534,39810,DIAMONDBACK E&P LLC,Crude Oil,INTRASTATE,TEXAS,0,53.51,0,0,9.77,0,63.28,0,0,0,0,0,0,0,0,53.51,0,0,9.77,0,63.28,
9/1/2026,2022,20230222,20132,39815,"GT PIPELINE, LLC",Refined and/or Petroleum Product (non-HVL),INTRASTATE,TEXAS,0,5.74,0,0,0,0,5.74,0,0,0,0,0,0,0,0,5.74,0,0,0,0,5.74,
9/1/2026,2022,20230633,20735,39817,TN AVENUE LLC,Crude Oil,INTRASTATE,CALIFORNIA,0,2.5,0,0,0,0,2.5,0,0,0,0,0,0,0,0,2.5,0,0,0,0,2.5,
9/1/2026,2022,20230673,20599,39819,BREITBURN ENERGY CO2,CO2,INTERSTATE,NEW MEXICO,0,46.94,0,0,0,0,46.94,0,0,0,0,0,0,0,0,46.94,0,0,0,0,46.94,
9/1/2026,2022,20230673,20599,39819,BREITBURN ENERGY CO2,CO2,INTERSTATE,OKLAHOMA,0,78.77,0,0,0,0,78.77,0,0,0,0,0,0,0,0,78.77,0,0,0,0,78.77,
9/1/2026,2022,20230673,20599,39819,BREITBURN ENERGY CO2,CO2,INTERSTATE,TEXAS,0,50.85,0,0,0,0,50.85,0,0,0,0,0,0,0,0,50.85,0,0,0,0,50.85,
9/1/2026,2022,20230186,20096,39820,"MAVERICK TERMINALS CORPUS, LLC",Refined and/or Petroleum Product (non-HVL),INTRASTATE,TEXAS,0,1.53,0,0,0,0,1.53,0,0,0,0,0,0,0,0,1.53,0,0,0,0,1.53,
9/1/2026,2022,20230199,20109,39822,"SCM PR, LLC",Crude Oil,INTERSTATE,WYOMING,0,178.79,0,0,0,0,178.79,0,0,0,0,0,0,0,0,178.79,0,0,0,0,178.79,
9/1/2026,2022,20230474,20697,39823,TARGA DOWNSTREAM LLC,HVL,INTERSTATE,NEW MEXICO,0,21,0,0,0,0,21,0,0,0,0,0,0,0,0,21,0,0,0,0,21,
9/1/2026,2022,20230474,20697,39823,TARGA DOWNSTREAM LLC,HVL,INTERSTATE,OKLAHOMA,0,277.92,0,0,0,0,277.92,0,0,0,0,0,0,0,0,277.92,0,0,0,0,277.92,
9/1/2026,2022,20230474,20697,39823,TARGA DOWNSTREAM LLC,HVL,INTERSTATE,TEXAS,0,847.01,0,0,0,0,847.01,0,0,0,0,0,0,0,0,847.01,0,0,0,0,847.01,
9/1/2026,2022,20230474,20697,39823,TARGA DOWNSTREAM LLC,HVL,INTRASTATE,TEXAS,0,95.04,0,0,0,0,95.04,0,0,0,0,0,0,0,0,95.04,0,0,0,0,95.04,
9/1/2026,2022,20230523,20447,39833,"SAN MATEO BLACK RIVER OIL PIPELINE, LLC",Crude Oil,INTRASTATE,NEW MEXICO,0,36.64,0,0,0,0,36.64,0,0,0,0,0,0,0,0,36.64,0,0,0,0,36.64,
9/1/2026,2022,20230269,20752,39837,PARAMOUNT PIPELINE LLC,Refined and/or Petroleum Product (non-HVL),INTRASTATE,CALIFORNIA,0,48.81,0,0,0,0,48.81,0,0,0,0,0,0,0,0,48.81,0,0,0,0,48.81,
9/1/2026,2022,20230235,20146,39841,RED BUTTE PIPELINE LLC,Crude Oil,INTERSTATE,MONTANA,0,0.85,0,0,0,0,0.85,0,0,0,0,0,0,0,0,0.85,0,0,0,0,0.85,
9/1/2026,2022,20230235,20146,39841,RED BUTTE PIPELINE LLC,Crude Oil,INTERSTATE,WYOMING,0,262.1,0,0,0,0,262.1,0,0,0,0,0,0,0,0,262.1,0,0,0,0,262.1,
9/1/2026,2022,20230030,19914,39865,"DEW POINT MIDSTREAM, LLC",HVL,INTRASTATE,TEXAS,0,70.19,0,0,0,0,70.19,0,0,0,0,0,0,0,0,70.19,0,0,0,0,70.19,
9/1/2026,2022,20230086,19988,39869,NAVIGATOR SMS PIPELINE,Crude Oil,INTRASTATE,OKLAHOMA,0,163.18,0,0,0,0,163.18,0,0,0,0,0,0,0,0,163.18,0,0,0,0,163.18,
9/1/2026,2022,20230069,19958,39874,"BEACON WEST ENERGY GROUP, LLC",Crude Oil,INTERSTATE,CALIFORNIA,0,0,0,0,0,0,0,0,3.55,0,0,0,0,3.55,0,3.55,0,0,0,0,3.55,
9/1/2026,2022,20230069,19958,39874,"BEACON WEST ENERGY GROUP, LLC",Crude Oil,INTERSTATE,OCS-Pacific,0,0,0,0,0,0,0,0,11.8,0,0,0,0,11.8,0,11.8,0,0,0,0,11.8,
9/1/2026,2022,20230112,20017,39887,"TEXOMA CRUDE OIL PIPELINE CO., LLC",Crude Oil,INTERSTATE,OKLAHOMA,0,53.511,0,0,0,0,53.511,0,0,0,0,0,0,0,0,53.511,0,0,0,0,53.511,
9/1/2026,2022,20230112,20017,39887,"TEXOMA CRUDE OIL PIPELINE CO., LLC",Crude Oil,INTERSTATE,TEXAS,0,87.212,0,0,0,0,87.212,0,0,0,0,0,0,0,0,87.212,0,0,0,0,87.212,
9/1/2026,2022,20230112,20017,39887,"TEXOMA CRUDE OIL PIPELINE CO., LLC",Crude Oil,INTRASTATE,OKLAHOMA,0,95.906,0,0,0,0,95.906,0,0,0,0,0,0,0,0,95.906,0,0,0,0,95.906,
9/1/2026,2022,20230112,20017,39887,"TEXOMA CRUDE OIL PIPELINE CO., LLC",Crude Oil,INTRASTATE,TEXAS,0,86.509,0,0,0,0,86.509,0,0,0,0,0,0,0,0,86.509,0,0,0,0,86.509,
9/1/2026,2022,20230128,20033,39888,FORE RIVER ENERGY CENTER,Refined and/or Petroleum Product (non-HVL),INTRASTATE,MASSACHUSETTS,0.3,0,0,0,0,0,0.3,0,0,0,0,0,0,0,0.3,0,0,0,0,0,0.3,
9/1/2026,2022,20230587,20511,39892,DAYLIGHT PETROLEUM LLC,CO2,INTRASTATE,OKLAHOMA,0,150.073,0,0,0,0,150.073,0,0,0,0,0,0,0,0,150.073,0,0,0,0,150.073,
9/1/2026,2022,20230589,20513,39892,DAYLIGHT PETROLEUM LLC,Crude Oil,INTRASTATE,TEXAS,0,1.269,0,0,0,0,1.269,0,0,0,0,0,0,0,0,1.269,0,0,0,0,1.269,
9/1/2026,2022,20230586,20510,39892,DAYLIGHT PETROLEUM LLC,HVL,INTRASTATE,OKLAHOMA,0,1.202,0,0,0,0,1.202,0,0,0,0,0,0,0,0,1.202,0,0,0,0,1.202,
9/1/2026,2022,20230025,19908,39905,REP PROCESSING,HVL,INTRASTATE,COLORADO,0,22.4,0,0,0,0,22.4,0,0,0,0,0,0,0,0,22.4,0,0,0,0,22.4,
9/1/2026,2022,20230496,20416,39906,"SEAPORT SOUND TERMINAL, LLC",Refined and/or Petroleum Product (non-HVL),INTRASTATE,WASHINGTON,0,2.78,0,0,0,0,2.78,0,0,0,0,0,0,0,0,2.78,0,0,0,0,2.78,
9/1/2026,2022,20230202,20112,39910,CANES MIDSTREAM PRODUCTS LLC,HVL,INTRASTATE,TEXAS,0,21.16,0,0,0,0,21.16,0,0,0,0,0,0,0,0,21.16,0,0,0,0,21.16,
9/1/2026,2022,20230410,20327,39941,"MARKWEST UTICA EMG, L.L.C.",HVL,INTERSTATE,OHIO,0,5.2,0,0,0,0,5.2,0,0,0,0,0,0,0,0,5.2,0,0,0,0,5.2,
9/1/2026,2022,20230410,20327,39941,"MARKWEST UTICA EMG, L.L.C.",HVL,INTRASTATE,OHIO,0,114.17,0,0,0,0,114.17,0,0,0,0,0,0,0,0,114.17,0,0,0,0,114.17,
9/1/2026,2022,20230714,20687,39942,"RAVEN BUTENE-1, LLC",HVL,INTRASTATE,TEXAS,0,4.85,0,0,0,0,4.85,0,0,0,0,0,0,0,0,4.85,0,0,0,0,4.85,
9/1/2026,2022,20230276,20187,39944,BLUESTEM PIPELINE LLC,HVL,INTERSTATE,KANSAS,0,101.12,0,0,0,0,101.12,0,0,0,0,0,0,0,0,101.12,0,0,0,0,101.12,
9/1/2026,2022,20230276,20187,39944,BLUESTEM PIPELINE LLC,HVL,INTERSTATE,OKLAHOMA,0,88.26,0,0,0,0,88.26,0,0,0,0,0,0,0,0,88.26,0,0,0,0,88.26,
9/1/2026,2022,20230629,20553,39950,"3 BEAR DELAWARE OPERATING-NM, LLC",Crude Oil,INTRASTATE,NEW MEXICO,0,46.71,0,0,0,0,46.71,0,0,0,0,0,0,0,0,46.71,0,0,0,0,46.71,
9/1/2026,2022,20230630,20554,39950,"3 BEAR DELAWARE OPERATING-NM, LLC",HVL,INTRASTATE,NEW MEXICO,0,18.26,0,0,0,0,18.26,0,0,0,0,0,0,0,0,18.26,0,0,0,0,18.26,
9/1/2026,2022,20230147,20056,39956,"MID-ALASKA PIPELINE, LLC",Crude Oil,INTRASTATE,ALASKA,0,4.96,0,0,0,0,4.96,0,0,0,0,0,0,0,0,4.96,0,0,0,0,4.96,
9/1/2026,2022,20230165,20839,39962,"AMP NGL PIPELINES, LLC",HVL,INTRASTATE,TEXAS,0,10.73,0,0,0,0,10.73,0,0,0,0,0,0,0,0,10.73,0,0,0,0,10.73,
9/1/2026,2022,20230535,20459,39963,"TALLGRASS POWDER RIVER GATEWAY, LLC",Crude Oil,INTERSTATE,WYOMING,0,153.816,0,0,0,0,153.816,0,0,0,0,0,0,0,0,153.816,0,0,0,0,153.816,
9/1/2026,2022,20230075,19967,39966,"U.S. VENTURE, INC.",Refined and/or Petroleum Product (non-HVL),INTRASTATE,WISCONSIN,0,0.24,0,0,0,0,0.24,0,0,0,0,0,0,0,0,0.24,0,0,0,0,0.24,
9/1/2026,2022,20230687,20614,39967,"IMPERIAL CRUDE, LLC",Crude Oil,INTRASTATE,TEXAS,0,27.28,0,0,0,0,27.28,0,0,0,0,0,0,0,0,27.28,0,0,0,0,27.28,
9/1/2026,2022,20230248,20159,39984,CONVERGE MIDSTREAM LLC,Crude Oil,INTRASTATE,TEXAS,0,38.57,0,0,0,0,38.57,0,0,0,0,0,0,0,0,38.57,0,0,0,0,38.57,
9/1/2026,2022,20230131,20036,39985,COLLEGIATE MIDSTREAM LLC,Crude Oil,INTRASTATE,TEXAS,0,2.76,0,0,0,0,2.76,0,0,0,0,0,0,0,0,2.76,0,0,0,0,2.76,
9/1/2026,2022,20230029,19913,39988,"FRONTIER MIDSTREAM SOLUTIONS IV,  LLC",Crude Oil,INTRASTATE,TEXAS,0,35.1,0,0,0,0,35.1,0,0,0,0,0,0,0,0,35.1,0,0,0,0,35.1,
9/1/2026,2022,20230263,20174,40000,CP ENERGY LLC,Crude Oil,INTRASTATE,NEW MEXICO,0,1.7,0,0,0,0,1.7,0,0,0,0,0,0,0,0,1.7,0,0,0,0,1.7,
9/1/2026,2022,20230366,20282,40004,WILDCAT OIL GATHERING,Crude Oil,INTRASTATE,OKLAHOMA,0,12.3,0,0,0,0,12.3,0,0,0,0,0,0,0,0,12.3,0,0,0,0,12.3,
9/1/2026,2022,20230324,20238,40010,CALIBER SPRING CREEK LLC,Crude Oil,INTRASTATE,NORTH DAKOTA,0,30.6,0,0,0,0,30.6,0,0,0,0,0,0,0,0,30.6,0,0,0,0,30.6,
9/1/2026,2022,20230180,20090,40016,"SADDLE BUTTE POWDER FLATS MIDSTREAM, LLC",Crude Oil,INTRASTATE,WYOMING,0,136,0,0,0,0,136,0,0,0,0,0,0,0,0,136,0,0,0,0,136,
9/1/2026,2022,20230568,20492,40026,"WINK TO WEBSTER PIPELINE, LLC",Crude Oil,INTRASTATE,TEXAS,0,521.72,0,0,0,0,521.72,0,0,0,0,0,0,0,0,521.72,0,0,0,0,521.72,
9/1/2026,2022,20230113,20018,40028,LAMBDA ENERGY GATHERING LLC,Crude Oil,INTERSTATE,MICHIGAN,0,60.41,0,0,0,0,60.41,0,0,0,0,0,0,0,0,60.41,0,0,0,0,60.41,
9/1/2026,2022,20230200,20110,40030,"GIBSON ENERGY INFRASTRUCTURE, LLC",Crude Oil,INTRASTATE,TEXAS,0,26.66,0,0,0,0,26.66,0,0,0,0,0,0,0,0,26.66,0,0,0,0,26.66,
9/1/2026,2022,20230710,20679,40033,"VOPAK TERMINALS DEER PARK, INC.",HVL,INTRASTATE,TEXAS,0,4.196,0,0,0,0,4.196,0,0,0,0,0,0,0,0,4.196,0,0,0,0,4.196,
9/1/2026,2022,20230709,20678,40033,"VOPAK TERMINALS DEER PARK, INC.",Refined and/or Petroleum Product (non-HVL),INTRASTATE,TEXAS,0,4.14,0,0,0,0,4.14,0,0,0,0,0,0,0,0,4.14,0,0,0,0,4.14,
9/1/2026,2022,20230259,20170,40034,TEXAS PETROLEUM INVESTMENT COMPANY,Crude Oil,INTRASTATE,LOUISIANA,0,0,0,0,0,0,0,0,10.77,0,0,0,0,10.77,0,10.77,0,0,0,0,10.77,
9/1/2026,2022,20230060,19949,40050,ECO ENERGY NATURAL GAS LLC,HVL,INTRASTATE,TENNESSEE,0,3.49,0,0,0,0,3.49,0,0,0,0,0,0,0,0,3.49,0,0,0,0,3.49,
9/1/2026,2022,20230249,20160,40051,VALERO REFINING - MERAUX LLC,Refined and/or Petroleum Product (non-HVL),INTRASTATE,LOUISIANA,0,0.85,0,0,0,0,0.85,0,0,0,0,0,0,0,0,0.85,0,0,0,0,0.85,
9/1/2026,2022,20230403,20668,40058,"LM TOUCHDOWN, LLC",Crude Oil,INTRASTATE,NEW MEXICO,0,45.544,0,0,0,0,45.544,0,0,0,0,0,0,0,0,45.544,0,0,0,0,45.544,
9/1/2026,2022,20230353,20267,40059,"ORYX MIDLAND OIL GATHERING, LLC",Crude Oil,INTRASTATE,TEXAS,0,117.3,0,0,0,1.31,118.61,0,0,0,0,0,0,0,0,117.3,0,0,0,1.31,118.61,Poly
9/1/2026,2022,20230425,20342,40061,"CUSHING CONNECT PIPELINE HOLDINGS, LLC.",Crude Oil,INTRASTATE,OKLAHOMA,0,50.2,0,0,0,0,50.2,0,0,0,0,0,0,0,0,50.2,0,0,0,0,50.2,
9/1/2026,2022,20230052,19939,40063,"ROARING FORK MIDSTREAM, LLC",Crude Oil,INTRASTATE,WYOMING,0,19.4,0,0,0,0,19.4,0,0,0,0,0,0,0,0,19.4,0,0,0,0,19.4,
9/1/2026,2022,20230053,19940,40063,"ROARING FORK MIDSTREAM, LLC",HVL,INTERSTATE,COLORADO,0,3.86,0,0,0,0,3.86,0,0,0,0,0,0,0,0,3.86,0,0,0,0,3.86,
9/1/2026,2022,20230053,19940,40063,"ROARING FORK MIDSTREAM, LLC",HVL,INTERSTATE,WYOMING,0,2.12,0,0,0,0,2.12,0,0,0,0,0,0,0,0,2.12,0,0,0,0,2.12,
9/1/2026,2022,20230456,20376,40076,MARTINEZ PIPELINE COMPANY LLC,Refined and/or Petroleum Product (non-HVL),INTRASTATE,CALIFORNIA,0,0.22,0,0,0,0,0.22,0,0,0,0,0,0,0,0,0.22,0,0,0,0,0.22,
9/1/2026,2022,20230547,20471,40080,INDORAMA VENTURES OXIDES LLC,HVL,INTRASTATE,TEXAS,0,7.7,0,0,0,0,7.7,0,0,0,0,0,0,0,0,7.7,0,0,0,0,7.7,
9/1/2026,2022,20230549,20473,40080,INDORAMA VENTURES OXIDES LLC,Refined and/or Petroleum Product (non-HVL),INTRASTATE,TEXAS,0,15.39,0,0,0,0,15.39,0,0,0,0,0,0,0,0,15.39,0,0,0,0,15.39,
9/1/2026,2022,20230026,19909,40087,OE2 NORTH LLC,HVL,INTRASTATE,NORTH DAKOTA,0,1.21,0,0,0,0,1.21,0,0,0,0,0,0,0,0,1.21,0,0,0,0,1.21,
9/1/2026,2022,20230023,19906,40122,BCE-MACH III MIDSTREAM HOLDINGS LLC,HVL,INTRASTATE,OKLAHOMA,0,15.06,0,0,0,0,15.06,0,0,0,0,0,0,0,0,15.06,0,0,0,0,15.06,
9/1/2026,2022,20230400,20317,40127,"THE SAN ANTONIO REFINERY, LLC",Crude Oil,INTRASTATE,TEXAS,0,49.9,0,0,0,0,49.9,0,0,0,0,0,0,0,0,49.9,0,0,0,0,49.9,
9/1/2026,2022,20230261,20172,40132,"XCL MIDSTREAM OPERATING, LLC",HVL,INTRASTATE,WEST VIRGINIA,0,4.52,0,0,0,0,4.52,0,0,0,0,0,0,0,0,4.52,0,0,0,0,4.52,
9/1/2026,2022,20230520,20444,40135,"EVERLINE COMPLIANCE, LLC",CO2,INTRASTATE,TEXAS,0,80.67,0,0,0,0,80.67,0,0,0,0,0,0,0,0,80.67,0,0,0,0,80.67,
9/1/2026,2022,20230651,20738,40135,"EVERLINE COMPLIANCE, LLC",Refined and/or Petroleum Product (non-HVL),INTRASTATE,CALIFORNIA,0,11.53,1.15,0,0,0,12.68,0,0,0,0,0,0,0,0,11.53,1.15,0,0,0,12.68,
9/1/2026,2022,20230584,20692,40138,"ECHO CANYON PIPELINE, LLC",Crude Oil,INTRASTATE,TEXAS,0,144.705,0,0,0,0,144.705,0,0,0,0,0,0,0,0,144.705,0,0,0,0,144.705,
9/1/2026,2022,20230417,20334,40142,"MAX MIDSTREAM TEXAS, LLC",Crude Oil,INTRASTATE,TEXAS,0,62.89,0,0,0,0,62.89,0,0,0,0,0,0,0,0,62.89,0,0,0,0,62.89,
9/1/2026,2022,20230205,20115,40145,"POTAC, LLC",Crude Oil,INTRASTATE,TEXAS,0,1.25,0,0,0,0,1.25,0,0,0,0,0,0,0,0,1.25,0,0,0,0,1.25,
9/1/2026,2022,20230118,20023,40146,"CONTINENTAL RESOURCES, INC.",Crude Oil,INTRASTATE,NORTH DAKOTA,0,0.7,0,0,0,0,0.7,0,0,0,0,0,0,0,0,0.7,0,0,0,0,0.7,
9/1/2026,2022,20230419,20646,40149,MPLX LP,Crude Oil,INTERSTATE,MONTANA,0,14.72,0,0,0,0,14.72,0,0,0,0,0,0,0,0,14.72,0,0,0,0,14.72,
9/1/2026,2022,20230419,20646,40149,MPLX LP,Crude Oil,INTERSTATE,NEW MEXICO,0,545.5,0,0,0,0,545.5,0,0,0,0,0,0,0,0,545.5,0,0,0,0,545.5,
9/1/2026,2022,20230419,20646,40149,MPLX LP,Crude Oil,INTERSTATE,NORTH DAKOTA,0,401.66,0,0,0,0,401.66,0,0,0,0,0,0,0,0,401.66,0,0,0,0,401.66,
9/1/2026,2022,20230419,20646,40149,MPLX LP,Crude Oil,INTERSTATE,TEXAS,0,199.7,0,0,0,0,199.7,0,0,0,0,0,0,0,0,199.7,0,0,0,0,199.7,
9/1/2026,2022,20230419,20646,40149,MPLX LP,Crude Oil,INTERSTATE,WYOMING,0,1.42,0,0,0,0,1.42,0,0,0,0,0,0,0,0,1.42,0,0,0,0,1.42,
9/1/2026,2022,20230419,20646,40149,MPLX LP,Crude Oil,INTRASTATE,NORTH DAKOTA,0,9.5,0,0,0,0,9.5,0,0,0,0,0,0,0,0,9.5,0,0,0,0,9.5,
9/1/2026,2022,20230419,20646,40149,MPLX LP,Crude Oil,INTRASTATE,OKLAHOMA,0,15.79,0,0,0,0,15.79,0,0,0,0,0,0,0,0,15.79,0,0,0,0,15.79,
9/1/2026,2022,20230419,20646,40149,MPLX LP,Crude Oil,INTRASTATE,WYOMING,0,1.32,0,0,0,0,1.32,0,0,0,0,0,0,0,0,1.32,0,0,0,0,1.32,
9/1/2026,2022,20230576,20500,40149,MPLX LP,HVL,INTERSTATE,KENTUCKY,0,77.64,0,0,0,0,77.64,0,0,0,0,0,0,0,0,77.64,0,0,0,0,77.64,
9/1/2026,2022,20230576,20500,40149,MPLX LP,HVL,INTERSTATE,OHIO,0,58.71,0,0,0,0,58.71,0,0,0,0,0,0,0,0,58.71,0,0,0,0,58.71,
9/1/2026,2022,20230576,20500,40149,MPLX LP,HVL,INTERSTATE,PENNSYLVANIA,0,116.11,0,0,0,0,116.11,0,0,0,0,0,0,0,0,116.11,0,0,0,0,116.11,
9/1/2026,2022,20230576,20500,40149,MPLX LP,HVL,INTERSTATE,TEXAS,0,11.79,0,0,0,0,11.79,0,0,0,0,0,0,0,0,11.79,0,0,0,0,11.79,
9/1/2026,2022,20230576,20500,40149,MPLX LP,HVL,INTERSTATE,WEST VIRGINIA,0,329.18,0,0,0,0,329.18,0,0,0,0,0,0,0,0,329.18,0,0,0,0,329.18,
9/1/2026,2022,20230576,20500,40149,MPLX LP,HVL,INTRASTATE,NORTH DAKOTA,0,103.76,0,0,0,0,103.76,0,0,0,0,0,0,0,0,103.76,0,0,0,0,103.76,
9/1/2026,2022,20230576,20500,40149,MPLX LP,HVL,INTRASTATE,OKLAHOMA,0,3.22,0,0,0,0,3.22,0,0,0,0,0,0,0,0,3.22,0,0,0,0,3.22,
9/1/2026,2022,20230576,20500,40149,MPLX LP,HVL,INTRASTATE,PENNSYLVANIA,0,22.19,0,0,0,0,22.19,0,0,0,0,0,0,0,0,22.19,0,0,0,0,22.19,
9/1/2026,2022,20230576,20500,40149,MPLX LP,HVL,INTRASTATE,TEXAS,0,11.98,0,0,0,0,11.98,0,0,0,0,0,0,0,0,11.98,0,0,0,0,11.98,
9/1/2026,2022,20230576,20500,40149,MPLX LP,HVL,INTRASTATE,WEST VIRGINIA,0,2.75,0,0,0,0,2.75,0,0,0,0,0,0,0,0,2.75,0,0,0,0,2.75,
9/1/2026,2022,20230576,20500,40149,MPLX LP,HVL,INTRASTATE,WYOMING,0,9.48,0,0,0,0,9.48,0,0,0,0,0,0,0,0,9.48,0,0,0,0,9.48,
9/1/2026,2022,20230718,20710,40155,COWBOY MIDSTREAM LLC,Crude Oil,INTRASTATE,WYOMING,0,27.04,0,0,0,0,27.04,0,0,0,0,0,0,0,0,27.04,0,0,0,0,27.04,
9/1/2026,2022,20230057,19945,40158,PORT ARTHUR TERMINAL LLC,Crude Oil,INTRASTATE,TEXAS,0,11.73,0,0,0,0,11.73,0,0,0,0,0,0,0,0,11.73,0,0,0,0,11.73,
9/1/2026,2022,20230415,20332,40170,EASTON ENERGY PIPELINES LLC,HVL,INTERSTATE,LOUISIANA,0,51.97,0,0,0,0,51.97,0,0,0,0,0,0,0,0,51.97,0,0,0,0,51.97,
9/1/2026,2022,20230415,20332,40170,EASTON ENERGY PIPELINES LLC,HVL,INTERSTATE,TEXAS,0,1.62,0,0,0,0,1.62,0,0,0,0,0,0,0,0,1.62,0,0,0,0,1.62,
9/1/2026,2022,20230415,20332,40170,EASTON ENERGY PIPELINES LLC,HVL,INTRASTATE,TEXAS,0,323.04,0,0,0,0,323.04,0,0,0,0,0,0,0,0,323.04,0,0,0,0,323.04,
9/1/2026,2022,20230414,20331,40170,EASTON ENERGY PIPELINES LLC,Refined and/or Petroleum Product (non-HVL),INTRASTATE,TEXAS,0,79.27,0,0,0,0,79.27,0,0,0,0,0,0,0,0,79.27,0,0,0,0,79.27,
9/1/2026,2022,20230658,20584,40171,PERDIDO ENERGY,Crude Oil,INTRASTATE,LOUISIANA,0,0.66,0,0,0,0,0.66,0,0,0,0,0,0,0,0,0.66,0,0,0,0,0.66,
9/1/2026,2022,20230708,20671,40174,"UNDERGROUND SERVICES MARKHAM, LLC  NGL/Y-MIX",HVL,INTRASTATE,TEXAS,0,1.3,0,0,0,0,1.3,0,0,0,0,0,0,0,0,1.3,0,0,0,0,1.3,
9/1/2026,2022,20230101,20003,40177,"LADDER CREEK, LLC",HVL,INTRASTATE,COLORADO,0,40.8,0,0,0,0,40.8,0,0,0,0,0,0,0,0,40.8,0,0,0,0,40.8,
9/1/2026,2022,20230260,20171,40182,TAPROOT ROCKIES MIDSTREAM LLC,Crude Oil,INTRASTATE,COLORADO,0,85.429,0,0,0,0,85.429,0,0,0,0,0,0,0,0,85.429,0,0,0,0,85.429,
9/1/2026,2022,20230302,20213,40190,OXY WTP LP,Crude Oil,INTRASTATE,TEXAS,0,23.96,0,0,0,0,23.96,0,0,0,0,0,0,0,0,23.96,0,0,0,0,23.96,
9/1/2026,2022,20230190,20100,40192,ZENITH ENERGY WEST COAST TERMINALS LLC,Crude Oil,INTRASTATE,CALIFORNIA,0,70.73,0,0,0,0,70.73,0,0,0,0,0,0,0,0,70.73,0,0,0,0,70.73,
9/1/2026,2022,20230689,20616,40204,"SCM OPERATIONS, LLC",Crude Oil,INTERSTATE,NEW MEXICO,0,84.51,0,0,0,0,84.51,0,0,0,0,0,0,0,0,84.51,0,0,0,0,84.51,
9/1/2026,2022,20230689,20616,40204,"SCM OPERATIONS, LLC",Crude Oil,INTERSTATE,TEXAS,0,101.7,0,0,0,0,101.7,0,0,0,0,0,0,0,0,101.7,0,0,0,0,101.7,
9/1/2026,2022,20230688,20615,40204,"SCM OPERATIONS, LLC",HVL,INTRASTATE,TEXAS,0,34.94,0,0,0,0,34.94,0,0,0,0,0,0,0,0,34.94,0,0,0,0,34.94,
9/1/2026,2022,20230597,20521,40206,"ROSEFIELD OPERATING COMPANY, LLC",Crude Oil,INTERSTATE,OCS-Gulf of Mexico,0,0,0,0,0,0,0,0,247.87,0,0,0,0,247.87,0,247.87,0,0,0,0,247.87,
9/1/2026,2022,20230597,20521,40206,"ROSEFIELD OPERATING COMPANY, LLC",Crude Oil,INTERSTATE,TEXAS,0,12.02,0,0,0,0,12.02,0,10.42,0,0,0,0,10.42,0,22.44,0,0,0,0,22.44,
9/1/2026,2022,20230363,20279,40213,"BRETON SOUND GATHERING, LLC",Crude Oil,INTRASTATE,LOUISIANA,0,0,0,0,0,0,0,0,11.09,0,0,0,0,11.09,0,11.09,0,0,0,0,11.09,
9/1/2026,2022,20230012,19887,40221,"CURLEW MIDSTREAM, LLC",Crude Oil,INTRASTATE,LOUISIANA,0,8.39,0,0,0,0,8.39,0,0,0,0,0,0,0,0,8.39,0,0,0,0,8.39,
9/1/2026,2022,20230088,21569,40227,NAVIGATOR BORGER EXPRESS LLC,Crude Oil,INTERSTATE,OKLAHOMA,0,98.44,0,0,0,0,98.44,0,0,0,0,0,0,0,0,98.44,0,0,0,0,98.44,
9/1/2026,2022,20230088,21569,40227,NAVIGATOR BORGER EXPRESS LLC,Crude Oil,INTERSTATE,TEXAS,0,94,0,0,0,0,94,0,0,0,0,0,0,0,0,94,0,0,0,0,94,
9/1/2026,2022,20230253,20164,40231,"SCURRY MIDSTREAM, LLC",HVL,INTRASTATE,TEXAS,0,3.29,0,0,0,0,3.29,0,0,0,0,0,0,0,0,3.29,0,0,0,0,3.29,
9/1/2026,2022,20230498,20419,40238,"GRAYSON MILL OPERATING, LLC",Crude Oil,INTRASTATE,NORTH DAKOTA,0,46.73,0,0,0,0,46.73,0,0,0,0,0,0,0,0,46.73,0,0,0,0,46.73,
9/1/2026,2022,20230665,20591,40244,"DENBURY GREEN PIPELINE-MONTANA, LLC",CO2,INTERSTATE,MONTANA,0,113.72,0,0,0,0,113.72,0,0,0,0,0,0,0,0,113.72,0,0,0,0,113.72,
9/1/2026,2022,20230054,19942,40249,LEESBURG LP,HVL,INTRASTATE,TEXAS,0,1.8,0,0,0,0,1.8,0,0,0,0,0,0,0,0,1.8,0,0,0,0,1.8,
9/1/2026,2022,20230666,20592,40256,"DENBURY GREEN PIPELINE-NORTH DAKOTA, LLC",CO2,INTERSTATE,NORTH DAKOTA,0,9.26,0,0,0,0,9.26,0,0,0,0,0,0,0,0,9.26,0,0,0,0,9.26,
9/1/2026,2022,20230189,20099,40266,"HEP JAVELINA COMPANY, LLC",HVL,INTRASTATE,TEXAS,0,34.89,0,0,0,0,34.89,0,0,0,0,0,0,0,0,34.89,0,0,0,0,34.89,
9/1/2026,2022,20230307,20219,40268,"GARY CLIMATE SOLUTIONS, LLC",CO2,INTRASTATE,KANSAS,0,14.1,0,0.2,0,0,14.3,0,0,0,0,0,0,0,0,14.1,0,0.2,0,0,14.3,
9/1/2026,2022,20230104,20891,40271,INTERNATIONAL- MATEX TANK TERMINALS LLC,Refined and/or Petroleum Product (non-HVL),INTRASTATE,LOUISIANA,0,4.84,0,0,0,0,4.84,0,0,0,0,0,0,0,0,4.84,0,0,0,0,4.84,
9/1/2026,2022,20230154,20063,40275,SENTINEL MIDSTREAM OPERATING LLC,Crude Oil,INTERSTATE,TEXAS,0,20.61,0,0,0,0,20.61,0,0,0,0,0,0,0,0,20.61,0,0,0,0,20.61,
9/1/2026,2022,20230154,20063,40275,SENTINEL MIDSTREAM OPERATING LLC,Crude Oil,INTRASTATE,TEXAS,0,9.23,0,0,0,0,9.23,0,0,0,0,0,0,0,0,9.23,0,0,0,0,9.23,
9/1/2026,2022,20230254,20165,40277,"VERTEX REFINING ALABAMA,LLC",Crude Oil,INTRASTATE,ALABAMA,0,6.28,0,0,0,0,6.28,0,0,0,0,0,0,0,0,6.28,0,0,0,0,6.28,
9/1/2026,2022,20230255,20166,40277,"VERTEX REFINING ALABAMA,LLC",Refined and/or Petroleum Product (non-HVL),INTRASTATE,ALABAMA,0,6.28,0,0,0,0,6.28,0,0,0,0,0,0,0,0,6.28,0,0,0,0,6.28,
9/1/2026,2022,20230550,20474,40282,EQUILON ENTERPRISES LLC DBA SHELL OIL PRODUCTS,Fuel Grade Ethanol (dedicated system),INTRASTATE,CALIFORNIA,0,14.96,0,0,0,0,14.96,0,0,0,0,0,0,0,0,14.96,0,0,0,0,14.96,
9/1/2026,2022,20230343,20257,40282,EQUILON ENTERPRISES LLC DBA SHELL OIL PRODUCTS,Refined and/or Petroleum Product (non-HVL),INTRASTATE,CALIFORNIA,0,79.8,0,0,0,0,79.8,0,0,0,0,0,0,0,0,79.8,0,0,0,0,79.8,
9/1/2026,2022,20230265,20176,40283,"SUNOCO, LLC",Refined and/or Petroleum Product (non-HVL),INTERSTATE,MARYLAND,0,8.51,0,0,0,0,8.51,0,0,0,0,0,0,0,0,8.51,0,0,0,0,8.51,
9/1/2026,2022,20230265,20176,40283,"SUNOCO, LLC",Refined and/or Petroleum Product (non-HVL),INTERSTATE,NEW JERSEY,0,1.59,0,0,0,0,1.59,0,0,0,0,0,0,0,0,1.59,0,0,0,0,1.59,
9/1/2026,2022,20230265,20176,40283,"SUNOCO, LLC",Refined and/or Petroleum Product (non-HVL),INTERSTATE,NEW YORK,0,0.24,0,0,0,0,0.24,0,0,0,0,0,0,0,0,0.24,0,0,0,0,0.24,
9/1/2026,2022,20230265,20176,40283,"SUNOCO, LLC",Refined and/or Petroleum Product (non-HVL),INTERSTATE,WASHINGTON DC,0,2.81,0,0,0,0,2.81,0,0,0,0,0,0,0,0,2.81,0,0,0,0,2.81,
9/1/2026,2022,20230265,20176,40283,"SUNOCO, LLC",Refined and/or Petroleum Product (non-HVL),INTRASTATE,NEW JERSEY,0,5.69,0,0,0,0,5.69,0,0,0,0,0,0,0,0,5.69,0,0,0,0,5.69,
9/1/2026,2022,20230265,20176,40283,"SUNOCO, LLC",Refined and/or Petroleum Product (non-HVL),INTRASTATE,VIRGINIA,0,9.19,0,0,0,0,9.19,0,0,0,0,0,0,0,0,9.19,0,0,0,0,9.19,
9/1/2026,2022,20230308,20220,40295,"FUNDARE RESOURCES OPERATING COMPANY, LLC",Crude Oil,INTRASTATE,COLORADO,0,11.4,0,0,0,0,11.4,0,0,0,0,0,0,0,0,11.4,0,0,0,0,11.4,
9/1/2026,2022,20230495,20415,40295,"FUNDARE RESOURCES OPERATING COMPANY, LLC",HVL,INTRASTATE,COLORADO,0,0.18,0,0,0,0,0.18,0,0,0,0,0,0,0,0,0.18,0,0,0,0,0.18,
9/1/2026,2022,20230411,20328,40306,SWISSPORT INC,Refined and/or Petroleum Product (non-HVL),INTRASTATE,NEVADA,0,3.7,0,0,0,0,3.7,0,0,0,0,0,0,0,0,3.7,0,0,0,0,3.7,
9/1/2026,2022,20230145,20054,40313,"CALNRG OPERATING, LLC",Crude Oil,INTRASTATE,CALIFORNIA,0,2.69,0,0.13,0,0,2.82,0,0,0,0,0,0,0,0,2.69,0,0.13,0,0,2.82,
9/1/2026,2022,20230631,20555,40318,OLYMPUS TERMINALS LLC,Crude Oil,INTRASTATE,CALIFORNIA,0,3.87,0,0,0,0,3.87,0,0,0,0,0,0,0,0,3.87,0,0,0,0,3.87,
9/1/2026,2022,20230632,20556,40318,OLYMPUS TERMINALS LLC,Refined and/or Petroleum Product (non-HVL),INTRASTATE,CALIFORNIA,0,8.2,0,0,0,0,8.2,0,0,0,0,0,0,0,0,8.2,0,0,0,0,8.2,
9/1/2026,2022,20230102,20004,40321,PINNACLE DOS PICOS LLC,Crude Oil,INTRASTATE,TEXAS,0,4.9,0,0,0,0,4.9,0,0,0,0,0,0,0,0,4.9,0,0,0,0,4.9,
9/1/2026,2022,20230367,20695,40322,CONTANGO RESOURCES,CO2,INTERSTATE,WYOMING,0,0,0,0,0,0,0,0,0,0,0,0,0,0,0,0,0,0,0,0,0,
9/1/2026,2022,20230367,20695,40322,CONTANGO RESOURCES,CO2,INTRASTATE,WYOMING,0,155,0,0,0,0,155,0,0,0,0,0,0,0,0,155,0,0,0,0,155,
9/1/2026,2022,20230004,19873,40325,PLACID MIDSTREAM LLC,Crude Oil,INTRASTATE,LOUISIANA,0,16,0,0,0,0,16,0,0,0,0,0,0,0,0,16,0,0,0,0,16,
9/1/2026,2022,20230695,20736,40329,NAVIGATOR PANHANDLE HOLDCO LLC,Crude Oil,INTERSTATE,OKLAHOMA,0,184.65,0,0,0,0,184.65,0,0,0,0,0,0,0,0,184.65,0,0,0,0,184.65,
9/1/2026,2022,20230087,20737,40330,NAVIGATOR PH CROSSING LLC,Crude Oil,INTERSTATE,OKLAHOMA,0,16.12,0,0,0,0,16.12,0,0,0,0,0,0,0,0,16.12,0,0,0,0,16.12,
9/1/2026,2022,20230087,20737,40330,NAVIGATOR PH CROSSING LLC,Crude Oil,INTERSTATE,TEXAS,0,49.38,0,0,0,0,49.38,0,0,0,0,0,0,0,0,49.38,0,0,0,0,49.38,
9/1/2026,2022,20230717,20696,40335,PHOENIX PARK ENERGY MARKETING LLC,HVL,INTRASTATE,TEXAS,0,56.88,0,0,0,0,56.88,0,0,0,0,0,0,0,0,56.88,0,0,0,0,56.88,
9/1/2026,2022,20230681,20607,40337,CRESTONE PEAK RESOURCES LP,Crude Oil,INTRASTATE,COLORADO,0,35.98,0,0,0,0,35.98,0,0,0,0,0,0,0,0,35.98,0,0,0,0,35.98,
9/1/2026,2022,20230621,20545,40379,NOBLE ENERGY INC,Crude Oil,INTRASTATE,TEXAS,0.57,4.02,0.45,4.37,0,0,9.41,0,0,0,0,0,0,0,0.57,4.02,0.45,4.37,0,0,9.41,
9/1/2026,2022,20230703,20719,40393,PROMETHEAN ENERGY CORPORATION,Crude Oil,INTERSTATE,LOUISIANA,0,0,0,0,0,0,0,0,8.5,0,0,0,0,8.5,0,8.5,0,0,0,0,8.5,
9/1/2026,2022,20230703,20719,40393,PROMETHEAN ENERGY CORPORATION,Crude Oil,INTERSTATE,OCS-Gulf of Mexico,0,0,0,0,0,0,0,0,2.8,0,0,0,0,2.8,0,2.8,0,0,0,0,2.8,
9/1/2026,2022,20230538,20630,40419,CHEVRON MIDSTREAM SERVICES LLC,Crude Oil,INTRASTATE,COLORADO,0,197.84,0,0,0,0,197.84,0,0,0,0,0,0,0,0,197.84,0,0,0,0,197.84,
9/1/2026,2022,20230538,20630,40419,CHEVRON MIDSTREAM SERVICES LLC,Crude Oil,INTRASTATE,TEXAS,0,79.75,0,0,0,0,79.75,0,0,0,0,0,0,0,0,79.75,0,0,0,0,79.75,
9/1/2026,2022,20230652,20880,40423,BAYOU MIDSTREAM,Crude Oil,INTERSTATE,MONTANA,0,6.56,0,0,0,0,6.56,0,0,0,0,0,0,0,0,6.56,0,0,0,0,6.56,
9/1/2026,2022,20230652,20880,40423,BAYOU MIDSTREAM,Crude Oil,INTERSTATE,NORTH DAKOTA,0,22.58,0,0,0,0,22.58,0,0,0,0,0,0,0,0,22.58,0,0,0,0,22.58,
9/1/2026,2022,20230231,20142,40425,"DOW HYDROCARBONS & RESOURCES, INC, GRAND BAYOU OPERATIONS",HVL,INTRASTATE,LOUISIANA,0,10.37,0,0,0,0,10.37,0,0,0,0,0,0,0,0,10.37,0,0,0,0,10.37,
9/1/2026,2022,20230020,19901,40426,"BB-SOUTHTEX, LLC",Crude Oil,INTRASTATE,TEXAS,42.6,0,0,0,0,0,42.6,0,0,0,0,0,0,0,42.6,0,0,0,0,0,42.6,
9/1/2026,2022,20230707,20670,40429,GAP MIDSTREAM LLC,Crude Oil,INTRASTATE,NORTH DAKOTA,0,68.83,0,0,0,0,68.83,0,0,0,0,0,0,0,0,68.83,0,0,0,0,68.83,
9/1/2026,2022,20230528,20722,40461,"GOM SHELF, LLC",Crude Oil,INTERSTATE,LOUISIANA,24.23,0,0,0,0,0,24.23,0,0,0,0,0,0,0,24.23,0,0,0,0,0,24.23,
9/1/2026,2022,20230528,20722,40461,"GOM SHELF, LLC",Crude Oil,INTERSTATE,OCS-Gulf of Mexico,0,0,0,0,0,0,0,37.19,0,0,0,0,0,37.19,37.19,0,0,0,0,0,37.19,
9/1/2026,2022,20230528,20722,40461,"GOM SHELF, LLC",Crude Oil,INTRASTATE,LOUISIANA,14.9,0,0,0,0,0,14.9,0,0,0,0,0,0,0,14.9,0,0,0,0,0,14.9,
9/1/2026,2022,20230551,20475,40475,PACIFIC PIPELINE COMPANY,Crude Oil,INTRASTATE,CALIFORNIA,0,124.43,0,0,0,0,124.43,0,0,0,0,0,0,0,0,124.43,0,0,0,0,124.43,
9/1/2026,2022,20230354,20268,40479,ADVANTAGE PIPELINE LLC,Crude Oil,INTRASTATE,TEXAS,0,68.26,0,0,0,0,68.26,0,0,0,0,0,0,0,0,68.26,0,0,0,0,68.26,
9/1/2026,2022,20230358,20273,40498,PLAINS PIPELINE MIDCON LLC,Crude Oil,INTERSTATE,COLORADO,0,6.95,0,0,0,0,6.95,0,0,0,0,0,0,0,0,6.95,0,0,0,0,6.95,
9/1/2026,2022,20230358,20273,40498,PLAINS PIPELINE MIDCON LLC,Crude Oil,INTERSTATE,KANSAS,0,89.25,0,0,0,0,89.25,0,0,0,0,0,0,0,0,89.25,0,0,0,0,89.25,
9/1/2026,2022,20230358,20273,40498,PLAINS PIPELINE MIDCON LLC,Crude Oil,INTERSTATE,OKLAHOMA,0.18,429.89,0,0,0,30.48,460.55,0,0,0,0,0,0,0,0.18,429.89,0,0,0,30.48,460.55,Undetermined
9/1/2026,2022,20230358,20273,40498,PLAINS PIPELINE MIDCON LLC,Crude Oil,INTERSTATE,TEXAS,0,11.7,0,0,0,0,11.7,0,0,0,0,0,0,0,0,11.7,0,0,0,0,11.7,
9/1/2026,2022,20230358,20273,40498,PLAINS PIPELINE MIDCON LLC,Crude Oil,INTRASTATE,COLORADO,0,2.38,0,0,0,0,2.38,0,0,0,0,0,0,0,0,2.38,0,0,0,0,2.38,
9/1/2026,2022,20230358,20273,40498,PLAINS PIPELINE MIDCON LLC,Crude Oil,INTRASTATE,KANSAS,0.5,1.45,0,0,0,0.34,2.29,0,0,0,0,0,0,0,0.5,1.45,0,0,0,0.34,2.29,Undetermined
9/1/2026,2022,20230358,20273,40498,PLAINS PIPELINE MIDCON LLC,Crude Oil,INTRASTATE,OKLAHOMA,1.01,206.65,0,0,0,57.69,265.35,0,0,0,0,0,0,0,1.01,206.65,0,0,0,57.69,265.35,
9/1/2026,2022,20230426,20343,40526,AIRCRAFT SERVICE INTERNATIONAL INC,Refined and/or Petroleum Product (non-HVL),INTRASTATE,TEXAS,0,1.3,0,0,0,0,1.3,0,0,0,0,0,0,0,0,1.3,0,0,0,0,1.3,
9/1/2026,2022,20230117,20022,40539,"SLANT OPERATING, LLC",Crude Oil,INTRASTATE,TEXAS,0,3.9,0,0,0,0,3.9,0,0,0,0,0,0,0,0,3.9,0,0,0,0,3.9,
9/1/2026,2022,20230701,20641,40586,BPX MIDSTREAM LLC,Crude Oil,INTRASTATE,TEXAS,0,2.95,0,0,0,0,2.95,0,0,0,0,0,0,0,0,2.95,0,0,0,0,2.95,
9/1/2026,2022,20230299,20210,40718,"OSWEGO HARBOR POWER, LLC",Refined and/or Petroleum Product (non-HVL),INTRASTATE,NEW YORK,0,4.2,0,0,0,0,4.2,0,0,0,0,0,0,0,0,4.2,0,0,0,0,4.2,
9/1/2026,2022,20230715,20688,40738,"LONGFELLOW ENERGY, LP",CO2,INTRASTATE,TEXAS,0,0,0,30.85,0,0,30.85,0,0,0,0,0,0,0,0,0,0,30.85,0,0,30.85,
9/1/2026,2022,20230163,20072,99001,DEFENSE FUEL SUPPLY POINT,Refined and/or Petroleum Product (non-HVL),INTRASTATE,SOUTH CAROLINA,0,4.72,0,0,0,0,4.72,0,0,0,0,0,0,0,0,4.72,0,0,0,0,4.72,
9/1/2026,2022,20230524,20448,99002,TAMPA AIRPORT PIPELINE CORPORATION,Refined and/or Petroleum Product (non-HVL),INTRASTATE,FLORIDA,0,10.5,0,0,0,0,10.5,0,0,0,0,0,0,0,0,10.5,0,0,0,0,10.5,
9/1/2026,2022,20230342,20256,99031,CITGO PETROLEUM CORPORATION (TERMINALS),Refined and/or Petroleum Product (non-HVL),INTRASTATE,FLORIDA,0,1.217,0,0.002,0,0,1.219,0,0,0,0,0,0,0,0,1.217,0,0.002,0,0,1.219,
9/1/2026,2022,20230342,20256,99031,CITGO PETROLEUM CORPORATION (TERMINALS),Refined and/or Petroleum Product (non-HVL),INTRASTATE,ILLINOIS,0,0.73,0,0.006,0,0,0.736,0,0,0,0,0,0,0,0,0.73,0,0.006,0,0,0.736,
9/1/2026,2022,20230342,20256,99031,CITGO PETROLEUM CORPORATION (TERMINALS),Refined and/or Petroleum Product (non-HVL),INTRASTATE,INDIANA,0,5.265,0,0.005,0,0,5.27,0,0,0,0,0,0,0,0,5.265,0,0.005,0,0,5.27,
9/1/2026,2022,20230342,20256,99031,CITGO PETROLEUM CORPORATION (TERMINALS),Refined and/or Petroleum Product (non-HVL),INTRASTATE,MICHIGAN,0,0.255,0,0,0,0,0.255,0,0,0,0,0,0,0,0,0.255,0,0,0,0,0.255,
9/1/2026,2022,20230342,20256,99031,CITGO PETROLEUM CORPORATION (TERMINALS),Refined and/or Petroleum Product (non-HVL),INTRASTATE,NEW JERSEY,0,3.871,0,6.858,0,0,10.729,0,0,0,0,0,0,0,0,3.871,0,6.858,0,0,10.729,
9/1/2026,2022,20230342,20256,99031,CITGO PETROLEUM CORPORATION (TERMINALS),Refined and/or Petroleum Product (non-HVL),INTRASTATE,OHIO,0,0.073,0,2.175,0,0,2.248,0,0,0,0,0,0,0,0,0.073,0,2.175,0,0,2.248,
9/1/2026,2022,20230019,19900,99043,PETROLEUM FUEL AND TERMINAL COMPANY,Refined and/or Petroleum Product (non-HVL),INTRASTATE,MARYLAND,0,3.1,0,0,0,0,3.1,0,0,0,0,0,0,0,0,3.1,0,0,0,0,3.1,
,,,,,,,,,,,,,,,,,,,,,,,,,,,,,,
,,,,,,,,,,,,,,,,,,,,,,,,,,,,,,
,,,,,,,,,,,,,,,,,,,,,,,,,,,,,,
,,,,,,,,,,,,,,,,,,,,,,,,,,,,,,
,,,,,,,,,,,,,,,,,,,,,,,,,,,,,,
