DATAFILE_AS_OF,REPORT_YEAR,REPORT_NUMBER,SUPPLEMENTAL_NUMBER,OPERATOR_ID,PARTA2NAMEOFCOMP,PARTA4STREET,PARTA4CITY,PARTA4STATE,PARTA4ZIP,PARTA5COMMODITY,PARTNPREPTITLE,PARTNPREPNAME,PARTNPREPEMAIL,PARTNPREPPHONE,PARTNPREPFAX,PARTOPREPSESIGN,PARTOPREPSENAME,PARTOPREPSETITLE,PARTOPREPSEEMAIL,PARTOPREPSETELE
9/1/2026,2022,20230002,19870,39694,"BRIDGE ENERGY, LLC",2000 TONNER CANYON ROAD,BREA,CA,92821,Crude Oil,EH&S Advisor,Vince VanDelden,vvandelden@bridgeenergyllc.com,(714) 257-1604,,,Randy Breitenbach,CEO,rbreitenbach@bridgeenergyllc.com,(714)671-6402
9/1/2026,2022,20230003,19872,40411,"INPEX EAGLE FORD, LLC","601 NORTHWEST LOOP 410, STE 325",SAN ANTONIO,TX,78216,Crude Oil,HSE and Regulatory Manager,Marcus Bruton,marcus.bruton@inpex.co.jp,(713)850-8480,,,,,,
9/1/2026,2022,20230004,19873,40325,PLACID MIDSTREAM LLC,1940 LA HWY 1 NORTH,PORT ALLEN,LA,70767,Crude Oil,operator,Barry  Joffrion,barry.joffrion@placidrefining.com,(225) 387-0278,,,Brian Bergeron,President,brian.bergeron@placidrefining.com,(225)387-0278
9/1/2026,2022,20230005,19874,15645,PLACID PIPELINE COMPANY LLC,1940 LA HWY 1 NORTH,PORT ALLEN,LA,70767,Refined and/or Petroleum Product (non-HVL),operator,Barry  Joffrion,barry.joffrion@placidrefining.com,(225) 387-0278,,,Barry Joffrion,President,barry.joffrion@placidrefining.com,(225)387-0278
9/1/2026,2022,20230006,19875,32520,CITY OF BANGOR,Bangor City Hall  73,BANGOR,ME,04401-5118,Refined and/or Petroleum Product (non-HVL),Manager of Compliance and Infrastructure,JEFFREY YOUNG,JYOUNG@FLYBANGOR.COM,(207)992-4643,,,Tony Caruso,Airport Director,tcaruso@flybangor.com,(207)992-4605
9/1/2026,2022,20230007,19879,31779,SWISSPORT FUELING INC,4200 E AIRLANE DRIVE,PHOENIX,AZ,85034,Refined and/or Petroleum Product (non-HVL),"Fuel Facilities, GM",Brian Dunham,brian.dunham@swissport.com,(602)284-0757,(602)273-3662,,Loran Drellack,Director of Fuel Facilities,loran.drellack@swissport.com,(702)526-9532
9/1/2026,2022,20230008,19878,38930,"PATOKA TERMINAL COMPANY, LLC",P. O. BOX 1449,MOUNT VERNON,IL,62864,Crude Oil,Terminal Manager,Richard CLark,rclark@patokaterminal.com,(618)237-4428,,,,,,
9/1/2026,2022,20230009,19880,39281,BROOKS RANGE PETROLEUM CORPORATION,301 CALISTA CT SUITE 201,ANCHORAGE,AK,99518,Crude Oil,Sr. Project Manager,Daniel Gleason,dgleason@finnexllc.com,(907)865-5833,,,,,,
9/1/2026,2022,20230010,19883,39771,ELK OPERATING SERVICES LLC,1700 LINCOLN STREET SUITE 2550,DENVER,CO,80203,CO2,EHSR Manager,Sherri Robbins,srobbins@elkpetroleum.com,(303)861-6255,,,,,,
9/1/2026,2022,20230011,20706,38919,LEGACY RESERVES OPERATING LP,PO BOX 51810,MIDLAND,TX,79710,Crude Oil,"Director, EH&S",Dwight Masllory,dmallory@revenirenergy.com,(720)244-4898,,,,,,
9/1/2026,2022,20230012,19887,40221,"CURLEW MIDSTREAM, LLC",9141 INTERLINE AVE SUITE 4A,BATON ROUGE,LA,70809,Crude Oil,Senior Compliance Advisor,Ty J Sisung,tjsisung@gmail.com,(225)573-2995,,,Aaron Grieb,President & CEO,agrieb@curlewmidstream.com,(870)814-1444
9/1/2026,2022,20230013,19890,31312,WEST PHOENIX POWER PLANT,4606 W. HADLEY,PHOENIX,AZ,85043,Refined and/or Petroleum Product (non-HVL),Engineer,Sarah Fox,Sarah.Fox@aps.com,(602)376-0914,(602)250-1416,,John Lucas,VP Generation (Non-Nuclear),John.Lucas@aps.com,(602)250-5302
9/1/2026,2022,20230014,19889,32007,SUPERIOR PIPELINE COMPANY L.L.C.,8200 S UNIT DR,TULSA,OK,74132,HVL,Sr Safety Specialist,Bill allread,bill.allread@unitcorp.com,(405)222-8186,,,,,,
9/1/2026,2022,20230016,19893,39474,"ENBRIDGE INGLESIDE, LLC",915 N. ELDRIDGE PARKWAY SUITE 1100,HOUSTON,TX,77079,Crude Oil,Senior Advisor Pipeline Compliance,Vincent M. Harris,vincent.harris@enbridge.com,(361)776-5967,,,Javier Del Olmo,Vice-President USGC Terminals,javier.delolmo@enbridge.com,(713)627-5598
9/1/2026,2022,20230017,19894,39474,"ENBRIDGE INGLESIDE, LLC",915 N. ELDRIDGE PARKWAY SUITE 1100,HOUSTON,TX,77079,HVL,Senior Advisor Pipeline Compliance,Vincent M. Harris,vincent.harris@enbridge.com,(361)776-5967,,,Javier Del Olmo,Vice-President USGC Terminals,javier.delolmo@enbridge.com,(713)627-5598
9/1/2026,2022,20230018,19896,39636,"CARBON CALIFORNIA OPERATING COMPANY, LLC","270 QUAIL CT., SUITE B",SANTA PAULA,CA,93060,Crude Oil,Area Supervisor,Luke Faith,lfaith@carbonenergycorp.com,(805)794-8593,,,Scott Price,President,sprice@carbonenergycorp.com,(805)207-7924
9/1/2026,2022,20230019,19900,99043,PETROLEUM FUEL AND TERMINAL COMPANY,8235 FORSYTH BLVD.,CLAYTON,MO,63105,Refined and/or Petroleum Product (non-HVL),Pipeline & EHS Compliance Manager,Matthew Trottier,mtrottier@apexoil.com,(314)889-9654,,,Bill Ransom,Sr. VP Terminal Operations,bransom@worldpointterminals.com,(314)889-9684
9/1/2026,2022,20230020,19901,40426,"BB-SOUTHTEX, LLC","19026 RIDGEWOOD PKWY, SUITE 225",SAN ANTONIO,TX,78259,Crude Oil,Consultant,Jennifer McGalliard,jenn.mcgalliard@flatrockenergy.net,(405)570-7089,,,,,,
9/1/2026,2022,20230021,19902,26045,"PAR HAWAII REFINING, LLC",91-325 KOMOHANA STREET,KAPOLEI,HI,96707,Refined and/or Petroleum Product (non-HVL),Compliance Coordinator,Michelle Loveless,mloveless@parpacific.com,(808)547-3868,,,Mark Hepburn,"Vice President of Par Hawaii Refining, LLC",mhepburn@parpacific.com,(808)221-2341
9/1/2026,2022,20230022,20672,32650,LEMM CORPORATION - OPERATIONS,1655 WYNNE ROAD,CORDOVA,TN,38016,HVL,Facility Manager,Joy Terral,jbterral@lemmcorp.com,(901)485-7473,(901)358-4185,,Peter Lemm,Lemm Corporation - Operations,PJLEMM@LEMMCORP.COM,(901)624-1325
9/1/2026,2022,20230023,19906,40122,BCE-MACH III MIDSTREAM HOLDINGS LLC,14201 WIRELESS WAY  SUITE 300,OKLAHOMA CITY,OK,73134,HVL,EH&S Manager,Justin Flanagan,jflanagan@machresources.com,(580)276-0713,,,Michael Reel,General Counsel,mreel@machresources.com,(405)252-8100
9/1/2026,2022,20230024,20731,39752,"STAKEHOLDER GAS UTILITY, LLC",19122 US HWY 281 STE 113,SAN ANTONIO,TX,78258,HVL,Consultant,Bailey Black,bailey.black@flatrockenergy.net,(580)504-3894,,,,,,
9/1/2026,2022,20230025,19908,39905,REP PROCESSING,8222 DOUGLAS AVE SUITE 900,DALLAS,TX,75225,HVL,Director of Environmental and ROW,Lance King,l.king@rimrockenergy.com,(405)400-9672,,,Kevin Bailey,COO,k.bailey@rimrockenergy.com,(405)283-1661
9/1/2026,2022,20230026,19909,40087,OE2 NORTH LLC,1200 17TH STREET SUITE 900,DENVER,CO,80202,HVL,EHS Manager,Wade Janecek,wjanecek@outriggerenergy.com,(720)361-2549,,,,,,
9/1/2026,2022,20230027,19911,26149,ALYESKA PIPELINE SERVICE CO,POB 196660 MS 502,ANCHORAGE,AK,99519,Crude Oil,Regulatory Affairs Manager,Heather Lescanec,heather.lescanec@alyeska-pipeline.com,(907)787-8908,,,Elizabeth Haines,Acting President,Elizabeth.Haines@alyeska-pipeline.com,(907)782-8422
9/1/2026,2022,20230028,19912,39511,CR PERMIAN PROCESSING LLC,"303 VETERANS AIRPARK LANE, SUITE 2000",MIDLAND,TX,79705,HVL,Pipeline Safety Compliance Specialist,Kevin Ritch,kritch@kinetik.com,(214)478-3969,,,,,,
9/1/2026,2022,20230029,19913,39988,"FRONTIER MIDSTREAM SOLUTIONS IV,  LLC",4200 E SKELLY DR SUITE 400,TULSA,OK,74135,Crude Oil,Vice President of Operations,Bodie Fenton,bfenton@frontierenergyllc.com,(918)229-5277,(918)388-8432,,Robert Shain,Chief Operating Officer,rshain@frontierenergyllc.com,(918)388-8426
9/1/2026,2022,20230030,19914,39865,"DEW POINT MIDSTREAM, LLC","303 VETERANS AIRPARK LANE, SUITE 2000",MIDLAND,TX,79705,HVL,Pipeline Safety Compliance Specialist,Kevin Ritch,kritch@kinetik.com,(214)478-3969,,,,,,
9/1/2026,2022,20230031,19915,39606,CR PERMIAN CRUDE LLC,"303 VETERANS AIRPARK LANE, SUITE 2000",MIDLAND,TX,79705,Crude Oil,Pipeline Safety Compliance Specialist,Kevin Ritch,kritch@kinetik.com,(214)478-3969,,,Matt Wall,"EVP, Chief Operations Officer",mwall@kinetik.com,(432)789-1333
9/1/2026,2022,20230032,19916,39271,EAGLECLAW MIDSTREAM VENTURES,"303 VETERANS AIRPARK LANE, SUITE 2000",MIDLAND,TX,79705,Crude Oil,Pipeline Safety Compliance Specialist,Kevin Ritch,kritch@kinetik.com,(214)478-3969,,,Matt Wall,"EVP, Chief Operations Officer",mwall@kinetik.com,(432)789-1333
9/1/2026,2022,20230033,19917,39271,EAGLECLAW MIDSTREAM VENTURES,"303 VETERANS AIRPARK LANE, SUITE 2000",MIDLAND,TX,79705,HVL,Pipeline Safety Compliance Specialist,Kevin Ritch,kritch@kinetik.com,(432)789-1333,,,Matt Wall,"EVP, Chief Operations Officer",mwall@kinetik.com,(432)789-1333
9/1/2026,2022,20230034,19918,2730,CHEVRON PRODUCTS COMPANY,6001 BOLLINGER CANYON ROAD,SAN RAMON,CA,94583,Refined and/or Petroleum Product (non-HVL),HSE,Shane Partain,prtn@chevron.com,(503)221-7855,,,,,,
9/1/2026,2022,20230035,19919,30825,CITGO PETROLEUM CORPORATION (REFINERY),P.O. BOX 4689,Houston,TX,77210,HVL,Assistant Regional Manager,Eric Seemann,eseeman@citgo.com,(337)708-6124,(337)708-6123,,Sterling Neblett,Vice President & GM Lake Charles Manufacturing Complex,sneblet@citgo.com,(337)708-6011
9/1/2026,2022,20230036,19920,38927,UGI ENERGY SERVICES,835 KNITTING MILLS WAY,WYOMISSING,PA,19610,HVL,Compliance Engineer,Alexander Bohr,abohr@ugies.com,(610)401-4001,,,Dante D'Alessandro,VP Engineering & Operations,ddalessandro@ugies.com,(484)269-3816
9/1/2026,2022,20230037,19922,20046,UNION CARBIDE CHEMICALS & PLASTICS CO INC,437 MACCORKLE AVENUE,SOUTH CHARLESTON,WV,25303,HVL,Pipeline Operations Manager,Toby Scholl,scholl@dow.com,(304)747-5619,,,Christopher Griffith,Production Director,griffica@dow.com,(304)747-1781
9/1/2026,2022,20230038,19924,32364,"VALERO REFINING-NEW ORLEANS, L.L.C.",ONE VALERO WAY,SAN ANTONIO,TX,78249,Crude Oil,PSM Manager,Erik Gadzinski,erik.gadzinski@valero.com,(985)764-8611,,,Jerry Stumbo,Vice President & General Manager,jerry.stumbo@valero.com,(985)764-8611
9/1/2026,2022,20230039,19925,32364,"VALERO REFINING-NEW ORLEANS, L.L.C.",ONE VALERO WAY,SAN ANTONIO,TX,78249,Refined and/or Petroleum Product (non-HVL),PSM Manager,Erik Gadzinski,erik.gadzinski@valero.com,(985)764-8611,,,Jerry Stumbo,Vice President & General Manager,jerry.stumbo@valero.com,(985)764-8611
9/1/2026,2022,20230040,19926,32364,"VALERO REFINING-NEW ORLEANS, L.L.C.",ONE VALERO WAY,SAN ANTONIO,TX,78249,HVL,PSM Manager,Erik Gadzinski,erik.gadzinski@valero.com,(985)764-8611,,,Jerry Stumbo,Vice President & General Manager,jerry.stumbo@valero.com,(985)764-8611
9/1/2026,2022,20230041,19927,39753,CURETON FRONT RANGE LLC,518 17TH ST SUITE 1405,DENVER,CO,80202,HVL,"Vice President, EHS & ESG",Garrett Clemons,garrett.clemons@curetonmidstream.com,(720)390-4555,,,,,,
9/1/2026,2022,20230042,19928,19892,UCAR PIPELINE INCORPORATED,1000 COUNTY ROAD 340,ANGLETON,TX,77515,HVL,Regulatory Compliance FP,David Johse,dgjohse@dow.com,(979)900-6157,,,Neelam Shah,President,neelamshah@dow.com,(713)654-3624
9/1/2026,2022,20230043,19929,3535,DOW PIPELINE CO,1000 COUNTY ROAD 340,ANGLETON,TX,77515,HVL,Regulatory Compliance FP,David Johse,dgjohse@dow.com,(979)900-6157,,,Neelam shah,President,neelamshah@dow.com,(713)654-3624
9/1/2026,2022,20230044,19930,2162,DOW PIPELINE CO - CAYUSE,1000 CO. RD. 340,ANGLETON,TX,77515,HVL,Regulatory Compliance FP,David Johse,dgjohse@dow.com,(979)900-6157,,,Neelam Shah,President,neelamshah@dow.com,(713)654-3624
9/1/2026,2022,20230045,19931,26086,SEADRIFT PIPELINE CORP,1000 COUNTY ROAD 340,ANGLETON,TX,77515,HVL,Regulatory Compliance FP,David Johse,dgjohse@dow.com,(979)900-6157,,,Neelam shah,President,neelamshah@dow.com,(713)654-3624
9/1/2026,2022,20230046,19932,31943,COLT MIDSTREAM LLC,2950 NORTH LOOP WEST SUITE 1150,HOUSTON,TX,77092,HVL,Corrosion Supervisor,Jim Hand,jim.hand@coltmidstream.com,(817)694-7188,,,,,,
9/1/2026,2022,20230047,19933,3527,DOW PIPELINE CO,1000 COUNTY ROAD 340,ANGLETON,TX,77515,HVL,Regulatory Compliance FP,David Johse,dgjohse@dow.com,(979)900-6157,,,Neelam shah,President,neelamshah@dow.com,(713)654-3624
9/1/2026,2022,20230048,19935,31130,DCP MIDSTREAM,6900 E. Layton Ave. Suite 900,DENVER,CO,80237-3658,Refined and/or Petroleum Product (non-HVL),"Director, Pipeline Compliance",John Pontious,JDPontious@dcpmidstream.com,(405)343-5302,,,,,,
9/1/2026,2022,20230049,19968,31130,DCP MIDSTREAM,6900 E. Layton Ave. Suite 900,DENVER,CO,80237-3658,HVL,"Director, Pipeline Compliance",John Pontious,JDPontious@dcpmidstream.com,(405)343-5302,,,Bhaskar Neogi,VP Pipeline Services,bneogi@dcpmidstream.com,(303)605-2218
9/1/2026,2022,20230050,19937,32248,"FRONTIER FIELD SERVICES, LLC",10077 GROGANS MILL RD SUITE 300,THE WOODLANDS,TX,77380,HVL,Compliance Manager,Anthoney Jaramillo,tjaramillo@durangomidstream.com,(580)641-6143,(346)351-2799,,,,,
9/1/2026,2022,20230051,19938,32233,"BESCO OPERATING, L.P.",201 MAIN ST. SUITE 2700,FORT WORTH,TX,76102-3131,Crude Oil,operator,James Biehl,WBiehl@BassPet.Com,(817)390-8823,,,Brad Brigham,Vice President,BBrigham@BassPet.Com,(817)390-8400
9/1/2026,2022,20230052,19939,40063,"ROARING FORK MIDSTREAM, LLC",1125 17TH ST SUITE 650,DENVER,CO,80202,Crude Oil,DOT Compliance Technician,Logan Knowles,logan.knowles@elementalcompliance.com,(281)658-5188,,,Tom Williams,Executive VP Engineering & Operations,t.williams@roaringforkmidstream.com,(918)740-6198
9/1/2026,2022,20230053,19940,40063,"ROARING FORK MIDSTREAM, LLC",1125 17TH ST SUITE 650,DENVER,CO,80202,HVL,DOT Compliance Technician,Logan Knowles,logan.knowles@elementalcompliance.com,(281)658-5188,,,Tom williams,Executive VP Engineering & Operations,t.williams@roaringforkmidstream.com,(918)740-6198
9/1/2026,2022,20230054,19942,40249,LEESBURG LP,3963 MAPLE AVVE SUITE 300,DALLAS,TX,75219,HVL,Director,Julie Lang,jlang@leesburglp.com,(817)312-5517,,,,,,
9/1/2026,2022,20230055,20878,39050,"CASPER CRUDE TO RAIL, LLC","811 MAIN, SUITE 2800",Houston,TX,77002,Crude Oil,Terminal Manager,Kolin McPhetres,kolin.mcphetres@midstreamenergy.us,(307)247-3066,,,Adam Shelley,V.P. Operations & Transportation,Adam.shelley@midstreamlpg.com,(403)701-9344
9/1/2026,2022,20230056,19944,39675,"SCT PIPELINE, LLC","811 MAIN, SUITE 2800",HOUSTON,TX,77002,Crude Oil,Senior Director-HSSE,Ron Percival,rpercival@usdg.com,(281)291-3921,,,Ron Percival,Senior Director- HSSE,rpercival@usdg.com,(281)291-3921
9/1/2026,2022,20230057,19945,40158,PORT ARTHUR TERMINAL LLC,811 MAIN ST SUITE 2800,HOUSTON,TX,77002,Crude Oil,Senior Director- HSSE,Ron Percival,rpercival@usdg.com,(281)291-3921,,,Ron Percival,Senior Director - HSSE,rpercival@usdg.com,(281)291-3921
9/1/2026,2022,20230058,19946,11032,SPIRE MISSOURI INC. EAST,700 MARKET STREET,SAINT LOUIS,MO,63101,HVL,"Director, Pipeline Safety and Compliance",Randy Wilson,randy.wilson@spireenergy.com,(205)326-2987,,,Craig R. Hoeferlin,"VP, Ops Services and SMS",craig.hoeferlin@spireenergy.com,(314)349-2972
9/1/2026,2022,20230059,19947,38949,"NAVARRO MIDSTREAM SERVICES, LLC.",10101 REUNION PLACE SUITE 1000,SAN ANTONIO,TX,78216,Crude Oil,Facilities Engineer,Jorge L. Flores,jorflores@lewisenergy.com,(956)796-5148,,,,,,
9/1/2026,2022,20230060,19949,40050,ECO ENERGY NATURAL GAS LLC,6100 TOWER CIRCLE SUITE 500,FRANKLIN,TN,37067,HVL,Director Field Operations,Bryon Lefort,bryonl@eco-energy.com,(615)928-6556,,,,,,
9/1/2026,2022,20230061,19950,39214,ENVEN ENERGY VENTURES LLC.,900 S. COLLEGE SUITE 301,LAFAYETTE,LA,70503,Crude Oil,SEMS Supervisor,Lacy Louque,llouque@enven.com,(713)335-7317,,,John Poole,HSE Manager,jpoole@enven.com,(713)335-7319
9/1/2026,2022,20230062,19951,40565,"ALLEGIANT RESOURCES, LLC","3861 AMBASSADOR CAFFERY PKWY., STE. 600",LAFAYETTE,LA,70503,Crude Oil,Regulatory/HSE Director,Lee Lawson,lee.lawson@alliegiantresources.net,(337)769-4064,,,,,,
9/1/2026,2022,20230063,19952,40559,"GATHERER MIDSTREAM, LLC","420 THROCKMORTON ST., STE. 1150",FORT WORTH,TX,76102,Crude Oil,Consultant,christen Goodenough-McGahey,cgmcgahey@ntglobal.com,(281)872-9300,,,,,,
9/1/2026,2022,20230064,19953,40466,"GEOSOUTHERN OPERATING II, LLC",1425 LAKE FRONT CIRCLE,THE WOODLANDS,TX,77380,Crude Oil,Production Engineer,Danny Herrera,dherrera@geosouthernenergy.com,(281)363-9161,,,,,,
9/1/2026,2022,20230065,19954,40413,PRESIDIO PETROLEUM LLC,"500 W 7TH ST, STE 1500",FORT WORTH,TX,76102,Crude Oil,Regulatory Manager,Carter Ann Gordon,cbirdwell@presidiopetroleum.com,(817)675-6495,,,,,,
9/1/2026,2022,20230066,19955,40489,"SILVERBOW RESOURCES OPER, LLC","920 MEMORIAL CITY WAY, STE. 850",HOUSTON,TX,77024,Crude Oil,HSE Supervisor,Miguel Moreno,miguel.moreno@sbow.com,(281)423-0427,,,,,,
9/1/2026,2022,20230067,19956,32592,"TREK RESOURCES, INC","1020 E. LEVEE STREET, SUITE 130",DALLAS,TX,75207,Crude Oil,Consultant,Christen Goodenough-McGahey,cgmcgahey@ntglobal.com,(281)872-9300,,,,,,
9/1/2026,2022,20230068,19957,40538,ZARVONA ENERGY LLC,"1001 MCKINNEY ST., STE. 1800",HOUSTON,TX,77002,Crude Oil,COO,Matt Jurgens,mjurgens@zarvonaenergy.com,(713)600-0601,,,,,,
9/1/2026,2022,20230069,19958,39874,"BEACON WEST ENERGY GROUP, LLC","1145 EUGENIA PL., SUITE 101",CARPINTERIA,CA,93013,Crude Oil,Chief Compliance Officer,Keith Wenal,keith.wenal@beacon-west.com,(805)395-9656,,,Keith Wenal,Chief Compliance Officer,keith.wenal@beacon-west.com,(805)395-9656
9/1/2026,2022,20230070,19961,40537,CASTLEROCK EF OPERATING LLC,"111 TOWER DRIVE, STE. 300",SAN ANTONIO,TX,78232,Crude Oil,VP of Operations,Denziel Owusu,denzielowusu@castlerockexp.com,(210)688-4570,,,,,,
9/1/2026,2022,20230071,19962,39221,DAKOTA MIDSTREAM,111 CENTER STREET,LITTLE ROCK,AR,72201,Crude Oil,"Director, Engineering and Development",Kristopher Coe,kristopher@dakota-midstream.com,(972)742-7677,,,,,,
9/1/2026,2022,20230072,19963,26112,"VALERO REFINING-TEXAS, L.P.",ONE VALERO WAY,SAN ANTONIO,TX,78249,Crude Oil,PSM Manager,Victor Hoover,victor.hoover@valero.com,(361)289-3277,,,Kevin Lassahn,VP & General Manager,kevin.lassahn@valero.com,(361)289-6000
9/1/2026,2022,20230073,19964,26112,"VALERO REFINING-TEXAS, L.P.",ONE VALERO WAY,SAN ANTONIO,TX,78249,Refined and/or Petroleum Product (non-HVL),PSM Manager,Victor Hoover,victor.hoover@valero.com,(361)289-3277,,,Kevin Lassahn,VP & General Manager,kevin.lassahn@valero.com,(361)289-6000
9/1/2026,2022,20230074,19965,26112,"VALERO REFINING-TEXAS, L.P.",ONE VALERO WAY,SAN ANTONIO,TX,78249,HVL,PSM Manager,victor Hoover,victor.hoover@gmail.com,(361)289-3277,,,Kevin Lassahn,VP & general Manager,kevin.lassahn@valero.com,(361)289-6000
9/1/2026,2022,20230075,19967,39966,"U.S. VENTURE, INC.",425 BETTER WAY,APPLETON,WI,54915,Refined and/or Petroleum Product (non-HVL),Environmental Supervisor,Jamie Becklin,jbecklin@usventure.com,(920)243-5790,,,Eric Kessenich,Chief Operating Officer,ekessenich@usventure.com,(920)243-5818
9/1/2026,2022,20230076,19971,39351,"MONARCH OIL PIPELINE, LLC","5613 DTC PARKWAY, SUITE 310",GREENWOOD VILLAGE,CO,80111,Crude Oil,CONSULTANT,KEN JEANS,kenjeans@tims.group,(281)467-1047,,,,,,
9/1/2026,2022,20230077,19972,32179,EXXONMOBIL BILLINGS REFINERY,22777 Springwoods Village Parkway ROOM E3.3B.328,SPRING,TX,77389,Crude Oil,Env./DOT Advisor,James Forsyth,james.w.forsyth@exxonmobil.com,(406)545-1159,,,,,,
9/1/2026,2022,20230078,19973,39467,"KURARAY AMERICA, INC.",2625 BAY AREA BLVD 600,HOUSTON,TX,77058,HVL,GM VAM Sales,Charles Neal,jim@cpoperators.com,(832)568-8331,,,Charles Neal,General Manager VAM Sales,Charles.Neal@Kuraray.com,(832)568-8331
9/1/2026,2022,20230079,19975,32052,"WHITE MARLIN OPERATING COMPANY, LLC",1415 LOUISIANA ST 3550,HOUSTON,TX,77002,Crude Oil,HSE Manager,Lorenzo Bridges,lbridges@talcopetro.com,(601)577-7146,,,Richard Watson,Vice President of Operations,rwatson@talcopetro.com,(936)346-2636
9/1/2026,2022,20230080,19976,2714,"EASTERN GAS TRANSMISSION AND STORAGE, INC.",925 WHITE OAKS BOULEVARD,BRIDGEPORT,WV,26330,Refined and/or Petroleum Product (non-HVL),Pipeline Integrity Engineer,Dan Stahl,Daniel.Stahl@bhegts.com,(304)266-6062,,,Matt Lamb,"Vice President, Eastern Pipeline Operations",Matt.Lamb@bhegts.com,(681)842-3350
9/1/2026,2022,20230081,19977,2714,"EASTERN GAS TRANSMISSION AND STORAGE, INC.",925 WHITE OAKS BOULEVARD,BRIDGEPORT,WV,26330,HVL,Pipeline Integrity Engineer,Dan Stahl,Daniel.Stahl@bhegts.com,(304)266-6062,,,Matt Lamb,"Vice President, Eastern Pipeline Operations",Matt.Lamb@bhegts.com,(681)842-3350
9/1/2026,2022,20230082,19984,39069,EMPIRE MIDSTREAM LLC,601 POYDRAS STREET SUITE 1725,NEW ORLEANS,LA,70130,Crude Oil,Compliance & Regulatory Manager,Maryanne Ward,maryanne@empiremidstream.com,(504)828-2564,(504)872-0194,,,,,
9/1/2026,2022,20230083,19983,31056,"SIGNATURE FLIGHT SUPPORT, M&O _ HONOLULU",13485 VETERANS WAY SUITE 600,ORLANDO,FL,32827,Refined and/or Petroleum Product (non-HVL),Operations Manager,Larisa Demling,Larisa.Demling@signatureflight.com,(808)321-6281,,,Eric Hietala,Senior Vice President - Airport Property Development,eric.hietala@signatureflight.com,(407)648-7200
9/1/2026,2022,20230084,19985,32488,"ENI US OPERATING CO, INC",1200 SMITH ST SUITE 1700,HOUSTON,TX,77002,Crude Oil,Compliance Coordinator,Bruce Busby,NikOpsCompliance@eni.com,(907)685-1426,,,David Hart,Operations Manager,david.hart@eni.com,(907)865-3300
9/1/2026,2022,20230085,20418,39774,"GLASS MOUNTAIN PIPELINE, LLC",2626 COLE AVE SUITE 900,DALLAS,TX,75204,Crude Oil,EHS/Regulatory Manager,Vanessa Romero,vromero@nesmidstream.com,(432)770-0179,,,Vidal Rosa,Sr. Vice President of Operations,vrosa@nesmidstream.com,(432)978-8051
9/1/2026,2022,20230086,19988,39869,NAVIGATOR SMS PIPELINE,2626 COLE AVE. SUITE 900,DALLAS,TX,75204,Crude Oil,EHS/Regulatory Manager,Vanessa Romero,vromero@nesmidstream.com,(432)770-0179,,,Vidal Rosa,Sr. Vice President of operations,vrosa@nesmidstream.com,(432)978-8051
9/1/2026,2022,20230087,20737,40330,NAVIGATOR PH CROSSING LLC,2626 COLE AVE SUITE 900,DALLAS,TX,75204,Crude Oil,EHS/Regulatory Manager,Vanessa Romero,vromero@nesmidstream.com,(432)770-0179,,,Vidal Rosa,Sr. Vice President of Operations,vrosa@nesmidstream.com,(432)978-8051
9/1/2026,2022,20230088,21569,40227,NAVIGATOR BORGER EXPRESS LLC,2626 COLE AVE SUITE 900,DALLAS,TX,75204,Crude Oil,EHS/Regulatory Manager,Vanessa Romero,vromero@nesmidstream.com,(432)770-0179,,,Vidal Rosa,Sr. Vice President of Operations,vrosa@nesmidstream.com,(432)978-8051
9/1/2026,2022,20230089,19991,32215,NOVA CHEMICALS CORPORATION,250 5TH STREET SW TOWER UNIT#2100,CALGARY,ALBERTA,T2P 0R4,HVL,Agent,Angelina Daugherty,angelinadaugherty@lamsar.com,(810)326-3843,(810)326-3845,,Victor Alvarado,"Senior Vice President, Operations",victor.alvarado@novachem.com,(412)490-4561
9/1/2026,2022,20230090,19992,31083,HAWAII ELECTRIC LIGHT,PRODUCTION DEPARTMENT 54 HALEKAUILA STREET,HILO,HI,96720,Refined and/or Petroleum Product (non-HVL),Environmental & Fuels Supervisor,Curtis J. Hong,curtis.hong@hawaiianelectric.com,(808)756-0548,(808)969-0425,,Michael DeCaprio,VP Power Supply,michael.decaprio@hawaiianelectric.com,(808)543-4163
9/1/2026,2022,20230091,20995,39073,OCI BEAUMONT LLC,5470 N TWIN CITY HWY,NEDERLAND,TX,77627,Refined and/or Petroleum Product (non-HVL),Project Engineer,Jennifer Klein,jklein@stoadv.com,(713)492-3823,,,Zach Adamson,Plant Manager,zach.adamson@oci-global.com,(319)850-3249
9/1/2026,2022,20230092,19994,39794,"GULFMARK ENERGY, INC.",17 S BRIAR HOLLOW LN,HOUSTON,TX,77027,Crude Oil,"President, ESDM, Inc.",Hadi Elmi,esdm@esdminc.com,(281)444-3300,,,,,,
9/1/2026,2022,20230093,19995,39135,"VICTORIA EXPRESS PIPELINE, L.L.C.",17 S. BRIAR HOLLOW LANE,HOUSTON,TX,77027,Crude Oil,"President, ESDM, Inc.",Hadi Elmi,esdm@esdminc.com,(281)444-3300,,,Dennis Bonner,"VP, Operations",dennisb@gulfmarkenergy.com,(713)881-3626
9/1/2026,2022,20230094,19996,32120,NORTHVILLE INDUSTRIES CORP.,"225 BROAD HOLLOW ROAD, SUITE 212W",MELVILLE,NY,11747,Refined and/or Petroleum Product (non-HVL),Compliance Officer,Patricia BEnder,pattib@northville.com,(631)484-1152,(631)941-4065,,Peter St. Germaine,General Manager Terminaling,peters@northville.com,(631)827-1294
9/1/2026,2022,20230095,19997,31049,MCCHORD PIPELINE CO.,3001 MARSHALL AVE,TACOMA,WA,98421,Refined and/or Petroleum Product (non-HVL),Chief Engineer,Joel Roppo,jroppo@parpacific.com,(253)680-3227,,,Andrew Troske,VP & Refinery Manager,atroske@parpacific.com,(253)680-3258
9/1/2026,2022,20230096,19998,32473,OP RENO LLC,13205 MANCHESTER ROAD STE. 125,Saint Louis,MO,63131,Refined and/or Petroleum Product (non-HVL),HSSE Coordinator,Matt Kerr,mkerr@omegapartnersllc.com,(618)772-3445,,,,,,
9/1/2026,2022,20230097,19999,39138,"BOARDWALK LOUISIANA MIDSTREAM, LLC",9 GREENWAY PLAZA,HOUSTON,TX,77046,HVL,GIS Analyst Sr,Ashley Kuehn,ashley.kuehn@bwpipelines.com,(713)479-8085,,,Kevin Miller,BLM President,Kevin.Miller@bwpmlp.com,(225)706-7690
9/1/2026,2022,20230098,20000,31554,"BOARDWALK PETROCHEMICAL PIPELINE, LLC",9 GREENWAY PLAZA,HOUSTON,TX,77046,HVL,GIS Analyst Sr,Ashley Kuehn,ashley.kuehn@bwpipelines.com,(713)479-8085,,,Kevin Miller,BLM President,Kevin.Miller@bwpipelines.com,(713)479-8260
9/1/2026,2022,20230099,20848,31057,"HECO - HAWAIIAN ELECTRIC COMPANY, INC.",P.O. Box 2750,HONOLULU,HI,96840-0001,Refined and/or Petroleum Product (non-HVL),"Manager, Fuels Infrastructure Division",Derek M. Sato,derek.sato@hawaiianelectric.com,(808)543-4108,(808)543-5743,,Michael DeCaprio,"Vice President, Power Supply",michael.decaprio@hawaiianelectric.com,(808)543-4163
9/1/2026,2022,20230100,20002,39436,INDORAMA VENTURES OLEFINS LLC,4300 HIGHWAY 108,WESTLAKE,LA,70669,HVL,MGR,Jim Smith,jim@pipelineoperators.com,(713)655-7689,,,David Hext,Site Director,david.hext@us.indorama.net,(409)344-2268
9/1/2026,2022,20230101,20003,40177,"LADDER CREEK, LLC",41707 COUNTY ROAD P,CHEYENNE WELLS,CO,80810,HVL,"Ladder Creek, LLC",Ardrey Laine Mitchek,PSM@tumbleweedmidstream.com,(719)767-8602,,,,,,
9/1/2026,2022,20230102,20004,40321,PINNACLE DOS PICOS LLC,4400 POST OAK PARKWAY STE 2760,HOUSTON,TX,77027,Crude Oil,Manager of Regulatory Compliance & Integrity,Amanda Kaiser,akaiser@pinnaclemidstream.com,(720)666-5636,,,,,,
9/1/2026,2022,20230103,20005,32599,"MCLEAN GAS PROCESSING, LLC","6100 SOUTH YALE, SUITE 2050",TULSA,OK,74136,HVL,Operator,Virgina Hite,vhite@carreragas.com,(918)359-0980,,,Galen Smith,Operations Manager,galen.smith@carreragas.com,(580)795-7396
9/1/2026,2022,20230104,20891,40271,INTERNATIONAL- MATEX TANK TERMINALS LLC,11842 RIVER ROAD,ST ROSE,LA,70087,Refined and/or Petroleum Product (non-HVL),REGULATORY COMPLIANCE MANAGER,WILL SIMMONS,willsimmons@imtt.com,(661)304-6971,,,Shaun Revere,Chief Operating Officer,ShaunRevere@imtt.com,(504)586-8300
9/1/2026,2022,20230105,20008,32503,"CALUMET SHREVEPORT REFINING, LLC",2780 WATERFRONT PARKWAY EAST DRIVE SUITE 200,INDIANAPOLIS,IN,46214,Crude Oil,Inspector,Jonathan Shoemaker,jonathan.shoemaker@calumetspecialty.com,(318)207-8875,(318)632-4225,,Billy McClain,Plant Manager,billy.mcclain@clmt.com,(318)632-4100
9/1/2026,2022,20230106,20009,31933,CALCASIEU REFINING COMPANY,4359 W. TANK FARM ROAD,LAKE CHARLES,LA,70605,Refined and/or Petroleum Product (non-HVL),Safety Manager,Shannon Gore,sgore@calcasieurefining.com,(337)478-2130,(337)474-2505,,Shannon Gore,Shannon Gore,sgore@calcasieurefining.com,(337)478-2130
9/1/2026,2022,20230107,20010,39556,ISLAND ENERGY SERVICES,91-480 MALAKOLE STREET,KAPOLEI,HI,96707,Refined and/or Petroleum Product (non-HVL),Pipeline Integrity Lead,Teja Arika,tarika@islandenergyservices.com,(808)682-2240,,,Jon Mauer,President & CEO,JonMauer@islandenergyservices.com,(808)682-2215
9/1/2026,2022,20230108,20012,15602,PIONEER NATURAL RESOURCES,777 HIDDEN RIDGE,IRVING,TX,75039,Crude Oil,Senior Regulatory Specialist,Jonathan Almog,jonathan.almog@pxd.com,(972)969-1750,,,,,,
9/1/2026,2022,20230109,21258,31455,"CALUMET MONTANA REFINING, LLC",1900 10TH ST NE,GREAT FALLS,MT,59404,Crude Oil,Project Manager,Mark A Denis,mark.denis@calumetspecialty.com,(406)231-9383,,,Kollin Schade,General Manager,kollin.schade@calumetspecialty.com,(317)292-6594
9/1/2026,2022,20230110,20015,40279,MENZIES (LAXFUEL),9900 LAXFUEL Road,Los Angeles,CA,90045,Refined and/or Petroleum Product (non-HVL),Facility Manager,Teodoro Chavez,teodoro.chavez@menziesaviation.com,(310)242-4581,,,,,,
9/1/2026,2022,20230111,20016,39540,"ARB MIDSTREAM, LLC",1600 BROADWAY  SUITE 2400,DENVER,CO,80202,Crude Oil,Director EHST and DOT Compliance,Todd Elton,todd.elton@arbmidstream.com,(405)697-0059,,,John Roark,COO,john.roark@arbmidstream.com,(720)923-1756
9/1/2026,2022,20230112,20017,39887,"TEXOMA CRUDE OIL PIPELINE CO., LLC",1600 BROADWAY SUITE 2400,DENVER,CO,80202,Crude Oil,Director EHST and DOT Compliance,Todd Elton,todd.elton@arbmidstream.com,(405)697-0059,,,John Roark,COO,john.roark@arbmidstream.com,(720)923-1756
9/1/2026,2022,20230113,20018,40028,LAMBDA ENERGY GATHERING LLC,12012 WICKCHESTER LN  SUITE 300,HOUSTON,TX,77079,Crude Oil,Plant & Pipelines Manager,Jim McGrath,jmcgrath@lambdaenergyllc.com,(231)258-6422,,,Rodney Christopherson,VP of Marketing & Midstream,rchristopherson@lambdaenergyllc.com,(231)258-6338
9/1/2026,2022,20230114,20019,39600,VAQUERO PERMIAN PROCESSING LLC,2850 N. HARWOOD STREET SUITE 1200,DALLAS,TX,75201,HVL,ESG & Regulatory Director,Kimberly Landry,kimberly.landry@vaqueromidstream.com,(832)757-5088,,,,,,
9/1/2026,2022,20230115,20020,39252,"FASKEN OIL AND RANCH, LTD.",6101 HOLIDAY HILL RD,MIDLAND,TX,79707,Crude Oil,Supervisor - Pipeline Compliance,Garrett Huitt,garretth@forl.com,(432)254-2238,(123)123-1234,,,,,
9/1/2026,2022,20230116,20021,39252,"FASKEN OIL AND RANCH, LTD.",6101 HOLIDAY HILL RD,MIDLAND,TX,79707,HVL,Supervisor - Pipeline Compliance,GARRETT HUITT,garretth@forl.com,(432)254-2238,(123)123-1234,,,,,
9/1/2026,2022,20230117,20022,40539,"SLANT OPERATING, LLC",3861 AMBASSADOR CAFFERY PARKWAY SUITE 601,LAFAYETTE,LA,70503,Crude Oil,Agent,Jeff Canady,prcincorporated@aol.com,4052032484,,,Adam Sturlese,VP of Operations,asturlese@slantenergy.com,(337)484-1440
9/1/2026,2022,20230118,20023,40146,"CONTINENTAL RESOURCES, INC.",20 NORTH BROADWAY,OKLAHOMA CITY,OK,73102,Crude Oil,Sr. HSE Specialist,Patrick McGrew,patrick.mcgrew@clr.com,(405)234-9000,(405)234-9473,,,,,
9/1/2026,2022,20230119,20874,39398,INEOS USA LLC,"2600 SOUTH SHORE BLVD,  SUITE 500",LEAGUE CITY,TX,77573,HVL,Document Control Coordinator,Jessalyn Erwin,jessalyn.erwin@ineos.com,(281)581-3885,,,Rich Oconnor,Stratton Ridge/Hobbs/Pipeline System Manager,rich.oconnor@ineos.com,(281)581-3393
9/1/2026,2022,20230120,22501,15979,"ERGON TERMINALING, INC.",P.O. BOX 1639,JACKSON,MS,39215,Crude Oil,Sr. Environmental Engineer,Rebekah Phyfer,rebekah.phyfer@ergon.com,(601)832-8460,,,Zachary Young,VP - Ergon Terminaling,zachary.young@ergon.com,(601)933-3000
9/1/2026,2022,20230121,20026,31526,DELAWARE STORAGE AND PIPELINE COMPANY,"400 AMHERST STREET, SUITE  405",NASHUA,NH,03063,Refined and/or Petroleum Product (non-HVL),Regulatory Compliance Manager,Michelle Denault,mbdenault@gmail.com,(401)337-5892,(401)337-5892,,Charles Denault,President,c_denault@bartmgt.com,(603)886-7300
9/1/2026,2022,20230122,20924,8175,INTERSTATE STORAGE & PIPELINE C0,"400 AMHERST STREET, SUITE 405",NASHUA,NH,03063,Refined and/or Petroleum Product (non-HVL),Regulatory Compliance Manager,Michelle Denault,mbdenault@gmail.com,(401)337-5892,(401)337-5892,,Charles Denault,President,c_denault@bartmgt.com,(603)886-7300
9/1/2026,2022,20230123,20865,39398,INEOS USA LLC,"2600 SOUTH SHORE BLVD,  SUITE 500",LEAGUE CITY,TX,77573,Refined and/or Petroleum Product (non-HVL),Document Control Coordinator,Jessalyn Erwin,jessalyn.erwin@ineos.com,(281)581-3885,,,rich Oconnor,Stratton Ridge/Hobbs/Pipeline System Manager,rich.oconnor@ineos.com,(281)581-3393
9/1/2026,2022,20230124,20029,15825,WESTLAKE US 2 LLC,2801 POST OAK BLVD,HOUSTON,TX,77056,HVL,Pipeline Supervisor,Bobby welch,Bwelch1@westlake.com,(336)708-4896,,,Curtis Brescher,"Sr. Director-Operations, Region 1",Curtis.Brescher@westlake.com,(337)708-4328
9/1/2026,2022,20230126,20031,117,AIR PRODUCTS & CHEMICALS INC,1940 AIR PRODUCTS BLVD,ALLENTOWN,PA,18106,CO2,Pipeline Compliance Manager,JW Riley,rileyjw@airproducts.com,(281)478-3024,,,francesco Maione,Shadow-President Americas,maionef@airproducts.com,(610)481-1304
9/1/2026,2022,20230127,20032,39639,TANKS R US,630 OTTAWA AVENUE,HOLLAND,MI,49423,Refined and/or Petroleum Product (non-HVL),Manager,Kelly Lappinga,klappinga@hollandterminals.com,(606)369-3858,,,,,,
9/1/2026,2022,20230128,20033,39888,FORE RIVER ENERGY CENTER,9 BRIDGE STREET,WEYMOUTH,MA,02191,Refined and/or Petroleum Product (non-HVL),Compliance Manager,Scott vicker,svickers@calpine.com,(707)374-1505,(707)374-1527,,Michael Del Casale,EVP Power Operations,mdelcasale@calpine.com,(832)753-3567
9/1/2026,2022,20230129,20034,32540,ELECTRAGAS INC.,"9211 WEST RD., #143-151",HOUSTON,TX,77064,Crude Oil,operator,Willam Sparks,bsparks@electragasinc.com,(713) 996-8414,,,William Sparks,President,bsparks@electragasinc.com,(713)996-8414
9/1/2026,2022,20230130,20035,39587,"SAVAGE BAKKEN CONNECTOR, INC",901 LEGACY CENTER WAY,MIDVALE,UT,84047,Crude Oil,SH&E Supervisor,Colette Orf,coletteorf@savageservices.com,(701)774-9319,,,Justin Anderson,"VP & Unit Leader, Energy Facilities",JustinAnderson@Savageservices.com,(701)774-9330
9/1/2026,2022,20230131,20036,39985,COLLEGIATE MIDSTREAM LLC,500 W. WALL STREET  SUITE 300,MIDLAND,TX,79701,Crude Oil,Superintendent Pipeline Operations,W Kinder,wa.kinder@arringtonoil.com,(817)219-9084,,,David Arrington,President,david.arrington@arringtonoil.com,(432)682-6685
9/1/2026,2022,20230132,20041,31721,PIPELINE TECHNOLOGY,1048 FLORIDA STREET,BATON ROUGE,LA,70802,Refined and/or Petroleum Product (non-HVL),operator,Ronald Fontenot,jacob.fontenot@pipelinetechnology.biz,2252508627,,,Scott Presley,Manager,scott.presley@pipelinetechnology.biz,(225)343-0543
9/1/2026,2022,20230133,20042,31721,PIPELINE TECHNOLOGY,1048 FLORIDA STREET,BATON ROUGE,LA,70802,HVL,Manager,Jacob fontenot,jacob.fontenot@pipelinetechnology.biz,2252508627,,,Scott Presley,Manager,scott.presley@pipelinetechnology.biz,(225)343-0543
9/1/2026,2022,20230134,21603,31285,HOUSTON AMMONIA TERMINAL,PO BOX 46,PASADENA,TX,77501,HVL,Operator,Joe Shauf,jshauf@houstonammonia.com,(281) 479-6008,,,Shane Cornell,Executive Board Member,scornell@southnionics.com,(251)422-0577
9/1/2026,2022,20230135,20044,39637,UTAH GAS OP LTD DBA UTAH GAS CORP,1125 ESCALANTE DRIVE,RANGELY,CO,81648,HVL,Plant Coordinator,Steve Green,sgreen@utahgascorp.com,(970)693-6022,,,,,,
9/1/2026,2022,20230136,20045,30959,THE DOW CHEMICAL COMPANY,6723 E. HWY 332 BLDG BM-59,FREEPORT,TX,77541,HVL,Compliance Focal Point,Stephen  Neighbours,srneighbours@dow.com,(979)238-5964,(979)238-0911,,Nancy Randolph,Production Director,nmrandolph@dow.com,(979)238-9858
9/1/2026,2022,20230137,20046,31847,"CALUMET COTTON VALLEY REFINING, LLC.",2780 WATERFRONT PKWY E DR.,INDIANAPOLIS,IN,46214,Refined and/or Petroleum Product (non-HVL),operator,Timothy Pickard,tim.pickard@clmt.com,3187512946,,,Mike Achacoso,Operations Vice President,mike.archcoso@calumetspecialty.com,(307)214-2409
9/1/2026,2022,20230138,20047,30959,THE DOW CHEMICAL COMPANY,6723 E. HWY 332 BLDG BM-59,FREEPORT,TX,77541,Refined and/or Petroleum Product (non-HVL),Compliance Focal Point,Stephen  Neighbours,srneighbours@dow.com,(979)238-5964,(979)238-0911,,Nancy Randolph,Production Director,nmrandolph@dow.com,(979)238-9858
9/1/2026,2022,20230139,20048,32062,IMTT-PIPELINE,400 POYDRAS STREET SUITE 3000,NEW ORLEANS,LA,70130,Refined and/or Petroleum Product (non-HVL),Operator,Robert Mieczkowski,RobertMieczkowski@imtt.com,(201)437-2200,,,Rich Ambrosio,Director of Operations,richambrosio@imtt.com,(201)437-2200
9/1/2026,2022,20230140,20049,39149,IMTT-BAYONNE,400 POYDRAS STREET SUITE 3000,NEW ORLEANS,LA,70130,Refined and/or Petroleum Product (non-HVL),Operator,Robert Mieczkowski,RobertMieczkowski@imtt.com,(201)437-2200,,,rich ambrosio,Director of operations,richambrosio@imtt.com,(201)437-2200
9/1/2026,2022,20230141,20629,39649,"IRONWOOD MIDSTREAM ENERGY PARTNERS, LLC","15727 ANTHEM PARKWAY, SUITE 510",SAN ANTONIO,TX,78249,Crude Oil,Regulatory Compliance Manager,Chris Williams,chris.williams@ironwoodmidstream.com,(806)759-6499,,,Geron Hendrickson,COO,geron.hendrickson@ironwoodmidstream.com,(210)600-9894
9/1/2026,2022,20230142,20051,26039,FLORIDA POWER & LIGHT CO,601 TRAVIS STREET SUITE 1900,HOUSTON,TX,77002,Refined and/or Petroleum Product (non-HVL),PGD Operations Leader - Regulatory,David Busby,david.busby@nexteraenergy.com,(713)951-5318,,,Danny Schedule,Sr Director Midstream Ops & Construction,Danny.Schedule@nexteraenergy.com,(713)374-1583
9/1/2026,2022,20230143,20052,39349,"USG WHEATLAND PIPELINE, LLC",601 TRAVIS STREET SUITE 1900,HOUSTON,TX,77002,Crude Oil,PGD Operations Leader - Regulatory,David Busby,david.busby@nexteraenergy.com,(713)951-5318,,,,,,
9/1/2026,2022,20230144,20053,31288,"FLINT HILLS RESOURCES PINE BEND, LLC",4111 E. 37th Street North,Wichita,KS,67220,Refined and/or Petroleum Product (non-HVL),Compliance Management Systems Specialist,Melina Perez,melina.perez@fhr.com,(361)242-8781,,,,,,
9/1/2026,2022,20230145,20054,40313,"CALNRG OPERATING, LLC",1746-F SOUTH VICTORIA AVE #245,VENTURA,CA,93003,Crude Oil,Facilities Manager,Matt pearson,matt.pearson@calnrg.com,(805)746-7851,,,Clif Simonson,President/Chief Operating Officer,clif.simonson@calnrg.com,(805)432-2002
9/1/2026,2022,20230147,20056,39956,"MID-ALASKA PIPELINE, LLC",615 BIDWELL AVENUE SUITE 100,FAIRBANKS,AK,99701,Crude Oil,Pipeline Director,Levi Frampton,lframpton@midalaska.com,(907)374-4627,,,Warren Christian,President,wchristian@midalaska.com,(907)374-4627
9/1/2026,2022,20230148,20057,30020,W & T OFFSHORE INC,5718 WESTHEIMER ROAD SUITE 700,HOUSTON,TX,77057,Refined and/or Petroleum Product (non-HVL),Sr. Regulatory Analyst,Kendra Sullivan,ksullivan@wtoffshore.com,(713)513-8629,,,Steven Hamm,Vice President of HSE&R,shamm@wtoffshore.com,(713)624-7338
9/1/2026,2022,20230149,20058,31135,PETRO-DIAMOND TERMINAL COMPANY,1920 LUGGER WAY,LONG BEACH,CA,90813,Refined and/or Petroleum Product (non-HVL),Operator,Eric Conard,econard@petrodiamond.com,(949)553-0112,,,Eric Conard,General Manager,econard@petrodiamond.com,(949)553-0112
9/1/2026,2022,20230150,20059,39354,ENBRIDGE OFFSHORE FACILITIES,915 NORTH ELDRIDGE PARKWAY,HOUSTON,TX,77079,Crude Oil,Operational Compliance Advisor,Ashley White,ashley.white@enbridge.com,(713)627-6398,,,Thomas Wooden,VP GTM Engineering & Asset Mgmt,Thomas.Wooden@enbridge.com,(713)627-5300
9/1/2026,2022,20230151,20060,31199,ALLIANCE PIPELINE L.P.,915 NORTH ELDRIDGE PARKWAY,HOUSTON,TX,77079,HVL,Operational Compliance Advisor,Ashley White,ashley.white@enbridge.com,(713)627-6398,,,,,,
9/1/2026,2022,20230152,20061,18386,BP OIL PIPELINE CO,30 S. WACKER DRIVE,CHICAGO,IL,60606,Refined and/or Petroleum Product (non-HVL),Senior DOT Compliance Advisor,Jim Bruen,jim.bruen@bp.com,(872)245-2317,,,John D'Andrea,Vice President,dandj0@bp.com,(312)809-3411
9/1/2026,2022,20230153,20062,30781,OLYMPIC PIPE LINE COMPANY,30 S. WACKER DRIVE,CHICAGO,IL,60606,Refined and/or Petroleum Product (non-HVL),Senior DOT Compliance Advisor,Jim Bruen,jim.bruen@bp.com,(872)245-2317,,,John D'Andrea,Vice President,dandj0@bp.com,(312)809-3411
9/1/2026,2022,20230154,20063,40275,SENTINEL MIDSTREAM OPERATING LLC,740 E. CAMPBELL ROAD STE 220,RICHARDSON,TX,75081,Crude Oil,Field Office Manager,SHANNON MAXWELL,SMAXWELL@SENTINELMIDSTREAM.COM,(409)267-1748,,,Brad Ramsey,COO,bramsey@sentinelmidstream.com,(210)215-3960
9/1/2026,2022,20230155,20064,395,AMOCO OIL CO,30 S. WACKER DRIVE,CHICAGO,IL,60606,Refined and/or Petroleum Product (non-HVL),Senior DOT Compliance Advisor,Jim Bruen,jim.bruen@bp.com,(872)245-2317,,,John D'Andrea,Vice President,dandj0@bp.com,(312)809-3411
9/1/2026,2022,20230156,20065,31189,BP PIPELINE (NORTH AMERICA) INC.,30 S. WACKER DRIVE,CHICAGO,IL,60606,HVL,Senior DOT Compliance Advisor,Jim Bruen,jim.bruen@bp.com,(872)245-2317,,,John D'Andrea,Vice President,dandj0@bp.com,(312)809-3411
9/1/2026,2022,20230157,20066,31189,BP PIPELINE (NORTH AMERICA) INC.,30 S. WACKER DRIVE,CHICAGO,IL,60606,Refined and/or Petroleum Product (non-HVL),Senior DOT Compliance Advisor,Jim Bruen,jim.bruen@bp.com,(872)245-2317,,,John D'Andrea,Vice President,dandj0@bp.com,(312)809-3411
9/1/2026,2022,20230158,20067,31189,BP PIPELINE (NORTH AMERICA) INC.,30 S. WACKER DRIVE,CHICAGO,IL,60606,Crude Oil,Senior DOT Compliance Advisor,Jim Bruen,jim.bruen@bp.com,(872)245-2317,,,John D'Andrea,Vice President,dandj0@bp.com,(312)809-3411
9/1/2026,2022,20230159,20068,32559,"ALON USA KROTZ SPRINGS REFINERY, INC",310 SEVEN SPRINGS WAY SUITE 500,BRENTWOOD,TN,37027,HVL,Sr. Manager Operations,Mark Hollier,mark.hollier@delekus.com,(337)566-0172,,,John Thompson,Vice President / Refinery General Manager,john.thompson@delekus.com,(337)566-0115
9/1/2026,2022,20230160,20069,32559,"ALON USA KROTZ SPRINGS REFINERY, INC",310 SEVEN SPRINGS WAY SUITE 500,BRENTWOOD,TN,37027,Refined and/or Petroleum Product (non-HVL),Sr Manager Operations,Mark Hollier,mark.hollier@delekus.com,(337)566-0172,,,John Thompson,Vice President and Refinery General Manager,john.thompson@delekus.com,(337)566-0115
9/1/2026,2022,20230161,20070,39663,"PETROGAS WEST, LLC",4100 UNICK ROAD,FERNDALE,WA,98248,HVL,Facility Integrity Engineer,Robert Ritsema,midstream.compliance@altagas.ca,(403)269-5674,,,,,,
9/1/2026,2022,20230162,20071,39698,S2 ENERGY OPERATING LLC,200 CAROLINE CT,COVINGTON,LA,70433,Crude Oil,Regulatory Consultant,Schuyler Dickerson,schuyler.dickerson@everlineus.com,(832)386-5484,,,,,,
9/1/2026,2022,20230163,20072,99001,DEFENSE FUEL SUPPLY POINT,"DEFENSE LOGISTICS AGENCY-ENERGY 8725 JOHN J. KINGMAN ROAD, SUITE 2833",FORT BELVOIR,VA,22060,Refined and/or Petroleum Product (non-HVL),Environmental Protection Specialist,Jimmie Williams,jimmie.williams@dla.mil,(571)926-0465,,,Lisa McWhirter,Environmental Compliance Section Chief,lisa.mcwhirter@dla.mil,(571)767-0539
9/1/2026,2022,20230164,20073,31391,"LINDE GAS NORTH AMERICA, LLC",10 RIVERVIEW DRIVE,DANBURY,CT,06810,CO2,National Compliance Manager,JOHN MAITINO,john.maitino@linde.com,(346)489-4305,,,,,,
9/1/2026,2022,20230165,20839,39962,"AMP NGL PIPELINES, LLC","3811 TURTLE CREEK BLVD, SUITE 770",DALLAS,TX,75219,HVL,Consultant,Jennifer Mcgalliard,jenn.mcgalliard@flatrockenergy.net,(405)570-7089,,,,,,
9/1/2026,2022,20230166,20076,32312,"REPSOL OIL & GAS USA, LLC",337 DANIEL ZENKER DRIVE,HORSHEADS,NY,14845,Crude Oil,Sr. Regulatory & Compliance Leader,Kathy Hutching,k.hutching@repsol.com,(713)240-7648,,,Jorge Gustavo Miguel Milathianakis,Director EFBU,jmilathianakisf@repsol.com,(512)884-5800
9/1/2026,2022,20230167,20077,32675,"SAMSON EXPLORATION, LLC",PO BOX 970,TULSA,OK,74101,Crude Oil,Safety Manager,Cherice Wheeler,cwheeler@samsonco.com,(918)879-9677,,,,,,
9/1/2026,2022,20230168,20078,32114,COPANO NGL SERVICES LLC,"1001 LOUISIANA ST, SUITE 1000",HOUSTON,TX,77002,HVL,Administrator - OPS,Jessica Adkins,jessica_adkins@kindermorgan.com,(713)420-6229,(713)420-6229,,Tom Otjen,VP - Pipeline Integrity,tom_otjen@kindermorgan.com,(713)420-7052
9/1/2026,2022,20230169,20079,39518,KINDER MORGAN UTOPIA LLC,1001 LOUISIANA ST. SUITE 1000,HOUSTON,TX,77002,HVL,Specialist-Pipeline Technical,Scott Lewis,scott_lewis@kindermorgan.com,(724)662-6436,,,Thomas Otjen,VP - Pipeline Integrity,tom_otjen@kindermorgan.com,(713)420-7052
9/1/2026,2022,20230170,20080,30658,KERN ENERGY,7724 E. PANAMA LANE,BAKERSFIELD,CA,93307,Crude Oil,Environmental Advisor,Benjamin Duran,bduran@kernenergy.com,6618450761,,,Melinda Palmer,Vice President of Regulatory & Public Affairs,mpalmer@kernenergy.com,(661)845-0761
9/1/2026,2022,20230171,20081,31045,"GENESIS PIPELINE USA, L.P.",811 LOUISIANA ST. SUITE 1200,HOUSTON,TX,77002,Crude Oil,GIS Specialist,Tory Jordan,tory.jordan@genlp.com,(713)860-2500,,,Jeffrey W. Gifford,"Vice President- Health, Safety, Security, Environmental",jeff.gifford@genlp.com,(713)860-2500
9/1/2026,2022,20230172,20082,32407,"GENESIS PIPELINE TEXAS, L.P.",811 LOUISIANA ST. SUITE 1200,HOUSTON,TX,77002-5417,Crude Oil,GIS Specialist,Tory Jordan,tory.jordan@genlp.com,(713)860-2500,,,Jeffrey W. Gifford,"Vice President- Health, Safety, Security, Environmental",jeff.gifford@genlp.com,(713)860-2500
9/1/2026,2022,20230173,20083,32411,"GENESIS PIPELINE ALABAMA, LLC",811 LOUISIANA ST. SUITE 1200,HOUSTON,TX,77002-5417,Crude Oil,GIS Specialist,Tory Jordan,tory.jordan@genlp.com,(713)860-2500,,,Jeffrey W. Gifford,"Vice President- Health, Safety, Security, Environmental",jeff.gifford@genlp.com,(713)860-2500
9/1/2026,2022,20230174,20084,32492,"GENESIS CRUDE OIL, L.P.",811 LOUISIANA ST. SUITE 1200,HOUSTON,TX,77002,Crude Oil,GIS Specialist,Tory Jordan,tory.jordan@genlp.com,(713)860-2500,,,Jeffrey W. Gifford,"Vice President- Health, Safety, Security, Environmental",jeff.gifford@genlp.com,(713)860-2500
9/1/2026,2022,20230175,20085,39336,"BR PORT SERVICES, LLC",811 LOUISIANA ST. SUITE 1200,HOUSTON,TX,77002,Crude Oil,GIS Specialist,Tory Jordan,tory.jordan@genlp.com,(713)860-2500,,,Jeffrey W. Gifford,"Vice President- Health, Safety, Security, Environmental",jeff.gifford@genlp.com,(713)860-2500
9/1/2026,2022,20230176,20086,39389,"GEL TEXAS PIPELINE, LLC",811 LOUISIANA ST SUITE 1200,HOUSTON,TX,77002,Crude Oil,GIS Specialist,Tory Jordan,tory.jordan@genlp.com,(713)860-2500,,,Jeffrey W. Gifford,"Vice President- Health, Safety, Security, Environmental",jeff.gifford@genlp.com,(713)860-2500
9/1/2026,2022,20230177,21664,32619,"HILAND CRUDE, LLC","1001 LOUISIANA ST, SUITE 1000",HOUSTON,TX,77002,Crude Oil,Engineer,Stephen Dines,stephen_dines@kindermorgan.com,(719)329-5633,,,Ted Meinhold,Vice President Operations,ted_meinhold@kindermorgan.com,713-420-2765
9/1/2026,2022,20230178,20088,38926,BLACK BEAR MIDSTREAM LLC,PO BOX 55948 1600 CORPORATE DRIVE,BIRMINGHAM,AL,35242,HVL,Compliance Supervisor,Billy Culbertson,bculbertson@dgoc.com,(606)206-0002,,,Maverick Bentley,SVP - Midstream Operations,MBentley@dgoc.com,606-794-2950
9/1/2026,2022,20230179,20089,30901,MENZIES AVIATION,6000 DEHAVILLAND DRIVE P.O. BOX 190246,ANCHORAGE,AK,99502,Refined and/or Petroleum Product (non-HVL),operator,Marc McCafferty,marc.mccafferty@johnmenzies.aero,(907)243-4322,,,Michael Farris,General Manager,michael.farris@johnmenzies.aero,(907)243-4322
9/1/2026,2022,20230180,20090,40016,"SADDLE BUTTE POWDER FLATS MIDSTREAM, LLC",858 MAIN AV SUITE 301,DURANGO,CO,81301,Crude Oil,Operator,Bruce Snow,bsnow@sbpipeline.com,(970)317-5036,,,Bruce E Snow,Vice President of Operations,bsnow@sbpipeline.com,(970)317-5036
9/1/2026,2022,20230181,20091,26302,MUSTANG PIPELINE CO,PO BOX 7444,LONGVIEW,TX,75607,HVL,Compliance Technician,Danny King,dking@eastman.com,(903)237-5356,,,Andrew Coggins,"VP, CI Manufacturing & TXO Site Leader",acoggins@eastman.com,(903)237-6200
9/1/2026,2022,20230182,20092,26103,"TEXAS EASTMAN DIVISION, EASTMAN CHEMICAL CO",PO BOX 7444,LONGVIEW,TX,75607,HVL,Compliance Technician,Danny King,dking@eastman.com,(903)237-5356,,,Andrew Coggins,"VP, CI Manufacturing & TXO Site Leader",acoggins@eastman.com,(903)237-6200
9/1/2026,2022,20230183,20093,38887,IMTT EPIC LLC,400 POYDRAS STREET SUITE 3000,NEW ORLEANS,LA,70130,Refined and/or Petroleum Product (non-HVL),Regulatory Compliance Specialist,Will Simmons,willsimmons@imtt.com,(504)586-8300,,,Shaun Revere,Chief Operating Officer,ShaunRevere@imtt.com,(504)586-8300
9/1/2026,2022,20230184,20094,32327,TEXAS PIPELINE LLC,16211 LA CANTERA PARKWAY SUITE 202,SAN ANTONIO,TX,78256,HVL,Regulatory Analyst,Corbin Parciany,cparciany@howardep.com,(210)209-8182,,,,,,
9/1/2026,2022,20230185,20095,39313,"MAVERICK TERMINAL THREE RIVERS, LLC",16211 LA CANTERA PARKWAY SUITE 202,SAN ANTONIO,TX,78256,HVL,Regulatory Analyst,Corbin Parciany,cparciany@howardep.com,(210)209-8182,,,,,,
9/1/2026,2022,20230186,20096,39820,"MAVERICK TERMINALS CORPUS, LLC",16211 LA CANTERA PARKWAY SUITE 202,SAN ANTONIO,TX,78256,Refined and/or Petroleum Product (non-HVL),Regulatory Analyst,Corbin Parciany,cparciany@howardep.com,(210)209-8182,,,Brandon Burch,Chief Operating Officer,bburch@howardep.com,(210)298-2256
9/1/2026,2022,20230187,20097,39973,WRB REFINING LP - WOOD RIVER REFINERY,2331 CITYWEST BLVD,HOUSTON,TX,77042,Crude Oil,Senior HSE Specialist,Charron Comeaux,charron.comeaux@p66.com,(618)255-2302,,,,,,
9/1/2026,2022,20230188,20098,39589,"STATELINE CRUDE, LLC",16211 LA CANTERA PARKWAY SUITE 202,SAN ANTONIO,TX,78256,Crude Oil,Regulatory Analyst,Corbin Parciany,cparciany@howardep.com,(210)209-8182,,,,,,
9/1/2026,2022,20230189,20099,40266,"HEP JAVELINA COMPANY, LLC",16211 LA CANTERA PKWY SUITE 202,SAN ANTONIO,TX,78256,HVL,Regulatory Analyst,Corbin Parciany,cparciany@howardep.com,(210)209-8182,,,Brandon Burch,Chief Operating Officer,bburch@howardep.com,(210)298-2256
9/1/2026,2022,20230190,20100,40192,ZENITH ENERGY WEST COAST TERMINALS LLC,3900 ESSEX LANE  SUITE 700,HOUSTON,TX,77027,Crude Oil,HSER Manager,Constance Cunningham,connie.cunningham@zenithterminals.com,5622633929,,,Shannon Caldwell,Vice President HSE & Regulatory,shannon.caldwell@zenithterminals.com,713-395-6231
9/1/2026,2022,20230191,20101,32283,"FRONT RANGE PIPELINE, LLC.",803 HIGHWAY 212 SOUTH,Laurel,MT,59044,Crude Oil,operator,Michelle  Slyder,michelle.slyder@chsinc.com,(406) 628-5293,(406)628-5393,,Greg Brown,VP Pipelines and Terminals,greg.brown@chsinc.com,(406)628-5200
9/1/2026,2022,20230192,20102,32224,BETA OFFSHORE,"111 OCEAN BLVD, SUITE 1240",LONG BEACH,CA,90802,Crude Oil,Pipeline Superintendent,Rick Armstrong,rick.armstrong@amplifyenergy.com,(562)628-1534,,,Dan Steward,VP Beta Operations,dan.steward@amplifyenergy.com,(562)684-3003
9/1/2026,2022,20230193,20103,31051,"TIDEWATER, INC",PO BOX 1210,VANCOUVER,WA,98666,Refined and/or Petroleum Product (non-HVL),Quality & Compliance Manager,Joshua Jarman,joshua.jarman@tidewater.com,(360)693-1491,,,Bill Collins,"VP, QHSSE",bill.collins@tidewater.com,(360)693-1491
9/1/2026,2022,20230194,20104,8014,IDAHO PIPELINE CORP,POB 35236,SARASOTA,FL,34242,Refined and/or Petroleum Product (non-HVL),Terminal Manager,William Adams,idpc1@outlook.com,2083440078,,,Robert Rose,President,tampapc@outlook.com,(914)344-0303
9/1/2026,2022,20230195,20105,32272,SAN ANTONIO PIPELINE CORPORATION,P.O. BOX 35236,SARASOTA,FL,34242,Refined and/or Petroleum Product (non-HVL),National Manager,Robert Wood,r.wood.pipeline@outlook.com,(813) 623-2431,,,Robert L Rose,President,tampapc@outlook.com,(941)312-0303
9/1/2026,2022,20230196,20106,15915,"PIPELINES OF PUERTO RICO INCD, THE",P.O.BOX: 810047,CAROLINA,PR,00981-0047,Refined and/or Petroleum Product (non-HVL),General manager,Filiberto Rivera,filiberto.rivera@panamericanpipelines.com,(787)782-6754,,,Robert L. Rose,President,tampapc@outlook.com,(941)312-0303
9/1/2026,2022,20230197,20107,39647,VALERO TEXAS CITY REFINERY,ONE VALERO WAY,SAN ANTONIO,TX,78249,Refined and/or Petroleum Product (non-HVL),Process Safety Engineer,Christopher Draper,chris.draper@valero.com,(409)948-7239,(409)948-7536,,Cory Moss,Vice President and General Manager,Cory.Moss@valero.com,(409)948-4451
9/1/2026,2022,20230198,20108,40717,MENZIES AVIATION (SFO FUEL COMPANY),3500 WILLIAM D. TATE AVE STE 200,GRAPEVINE,TX,76051,Refined and/or Petroleum Product (non-HVL),"General Manager, Menzies Aviation",Nicole Stewart,nicole.stewart@menziesaviation.com,(650)821-0832,,,,,,
9/1/2026,2022,20230199,20109,39822,"SCM PR, LLC",909 LAKE CAROLYN PARKWAY SUITE 650,IRVING,TX,75039,Crude Oil,"Director, Regulatory & Safety",Mary Patton,mpatton@scmidstream.com,(469)614-2257,,,,,,
9/1/2026,2022,20230200,20110,40030,"GIBSON ENERGY INFRASTRUCTURE, LLC",1201 LOUISIANA ST. SUITE 3300,HOUSTON,TX,77002,Crude Oil,Director US Operations and Engineering,Chip Lang,chip.lang@gibsonenergy.com,(832)652-2974,,,,,,
9/1/2026,2022,20230201,20111,39490,PETRA NOVA CCS I LLC,910 LOUISIANA ST,HOUSTON,TX,77002,CO2,Environmental Manager,Jill Buckley,JILL.BUCKLEY@NRG.COM,(724)448-9732,,,,,,
9/1/2026,2022,20230202,20112,39910,CANES MIDSTREAM PRODUCTS LLC,2000 MCKINNEY AVENUE SUITE 400,DALLAS,TX,75201,HVL,Consultant,Jennifer Mcgalliard,jenn.mcgalliard@flatrockenergy.net,(405)570-7089,,,,,,
9/1/2026,2022,20230203,20113,40252,CANES MIDSTREAM LOGISTICS LLC,2000 MCKINNEY AVENUE SUITE 400,DALLAS,TX,75201,Crude Oil,Consultant,Jennifer Mcgalliard,jenn.mcgalliard@flatrockenergy.net,(405)570-7089,,,,,,
9/1/2026,2022,20230204,20114,38938,"WTG NGL PIPELINE COMPANY, LLC",303 VETERANS AIRPARK LN. STE 5000,MIDLAND,TX,79705,HVL,DOT Compliance Manager,David Copeland,dcopeland@westtexasgas.com,(432)253-4653,,,David Copeland,DOT Compliance Manager,dcopeland@westtexasgas.com,(432)253-4653
9/1/2026,2022,20230205,20115,40145,"POTAC, LLC",6600 UPRIVER RD,CORPUS CHRISTI,TX,78409,Crude Oil,Consultant,Jennifer Mcgalliard,jenn.mcgalliard@flatrockenergy.net,(405)570-7089,,,,,,
9/1/2026,2022,20230206,20116,39785,"EPIC CONSOLIDATED OPERATIONS, LLC","18615 TUSCANY STONE, SUITE 300",SAN ANTONIO,TX,78258,Crude Oil,Consultant,Jennifer McGalliard,jenn.mcgalliard@flatrockenergy.net,(405)570-7089,,,Grover Clifton,Vice President of Operations,gclifton@epicmid.com,(210)587-6004
9/1/2026,2022,20230207,20117,39785,"EPIC CONSOLIDATED OPERATIONS, LLC","18615 TUSCANY STONE, SUITE 300",SAN ANTONIO,TX,78258,Refined and/or Petroleum Product (non-HVL),Consultant,Jennifer McGalliard,jenn.mcgalliard@flatrockenergy.net,(405)570-7089,,,Grover Clifton,Vice President of Operations,gclifton@EPICmid.com,(210)587-6004
9/1/2026,2022,20230208,20118,26125,CALNEV PIPELINE CO,"1001 LOUISIANA ST, SUITE 1000",HOUSTON,TX,77002,Refined and/or Petroleum Product (non-HVL),Manager - Compliance,Brandon Appelt,brandon_appelt@kindermorgan.com,(713)369-9008,,,Wayne Simmons,COO - Products Pipelines,wayne_simmons@kindermorgan.com,(713)420-6330
9/1/2026,2022,20230209,20119,31822,SUNCOR ENERGY (USA) PIPELINE CO.,1700 CUTLER RD.,CHEYENNE,WY,82001,Crude Oil,Sr Pipeline Engineer - Integrity,Andrew Robbins,asrobbins@suncor.com,(307)775-8116,,,Laura Eifert,Director Pipeline & Logistics - US,leifert@suncor.com,(303)286-5300
9/1/2026,2022,20230210,20120,31822,SUNCOR ENERGY (USA) PIPELINE CO.,1700 CUTLER RD.,CHEYENNE,WY,82001,Refined and/or Petroleum Product (non-HVL),Sr Pipeline Engineer - Integrity,Andrew Robbins,asrobbins@suncor.com,(307)775-8116,,,Laura Eifert,Director Pipeline & Logistics - US,leifert@suncor.com,(303)286-5300
9/1/2026,2022,20230211,20121,39229,CAMINO REAL GATHERING CO LLC,1001 LOUISIANA STREET SUITE 1000,HOUSTON,TX,77002,Crude Oil,Manager - Compliance,Brandon Appelt,brandon_appelt@kindermorgan.com,(713)369-9008,,,Wayne Simmons,COO - Products Pipelines,wayne_simmons@kindermorgan.com,(713)420-6330
9/1/2026,2022,20230212,20122,2190,CENTRAL FLORIDA PIPELINE CORP,"1001 LOUISIANA ST., SUITE 1000",HOUSTON,TX,77002,Refined and/or Petroleum Product (non-HVL),Manager - Compliance,Brandon Appelt,brandon_appelt@kindermorgan.com,(713)369-9008,,,Wayne Simmons,COO - Products Pipelines,wayne_simmons@kindermorgan.com,(713)420-6330
9/1/2026,2022,20230213,20123,39023,DOUBLE EAGLE PIPELINE LLC,"1001 LOUISIANA ST., SUITE 1000",HOUSTON,TX,77002,Crude Oil,Manager - Compliance,Brandon Appelt,brandon_appelt@kindermorgan.com,(713)369-9008,,,Wayne Simmons,COO - Products Pipelines,wayne_simmons@kindermorgan.com,(713)420-6330
9/1/2026,2022,20230214,20124,30683,WESTLAKE PETROCHEMICALS LLC,P.O. BOX 2449,SULPHUR,LA,70664,HVL,Senior Project Engineer,Garrett Beard,gbeard@westlake.com,(337)583-6601,,,Curtis Brescher,"Director - Operations, Region 1",cbrescher@westlake.com,(337)708-4328
9/1/2026,2022,20230215,20125,30683,WESTLAKE PETROCHEMICALS LLC,P.O. BOX 2449,SULPHUR,LA,70664,Refined and/or Petroleum Product (non-HVL),Senior Project Engineer,Garrett Beard,gbeard@westlake.com,(337)583-6601,,,Curtis Brescher,"Director - Operations, Region 1",cbrescher@westlake.com,(337)708-4328
9/1/2026,2022,20230216,20126,39487,COPANO PROCESSING LLC,"1001 LOUISIANA ST, SUITE 1000",HOUSTON,TX,77002,HVL,Specialist,William Martin Muller,martin_muller@kindermorgan.com,(205)325-3863,(205)325-3787,,Thomas P. Otjen,VP-Pipeline Integrity,tom_otjen@kindermorgan.com,(713)420-7052
9/1/2026,2022,20230217,20127,39739,OCELOT ENERGY MANAGEMENT LLC,2950 N. HARWOOD ST  STE 2200,DALLAS,TX,75201,Refined and/or Petroleum Product (non-HVL),Consultant,Bailey Black,bailey.black@flatrockenergy.net,(580)504-3894,(000)000-0000,,Don Gideon,Vice President,don.gideon@ocelotenergy.com,(620)305-9480
9/1/2026,2022,20230218,20128,4908,"EXXONMOBIL PRODUCTION COMPANY, A DIVISION OF EXXON MOBIL CORPORATION",22777 SPRINGWOODS VILLAGE PARKWAY W4.2AB.01_UPST US CONV,SPRING,TX,77389,Crude Oil,Regulatory Specialist,Adolfo Calero,adolfo.a.calero@exxonmobil.com,(346)474-9103,,,Susan E. Buchanan,General Manager U.S. Conventional,susan.e.buchanan@exxonmobil.com,(817)823-0736
9/1/2026,2022,20230219,20129,39498,COX OPERATING LLC,1615 POYDRAS ST. SUITE 830 NEW ORLEANS,NEW ORLEANS,LA,70112,Crude Oil,Operator,Toby Mendoza,tmendoza@coxoil.com,(985)855-1236,,,Toby Mendoza,Operator,tmendoza@coxoil.com,(985)855-1236
9/1/2026,2022,20230220,20130,4908,"EXXONMOBIL PRODUCTION COMPANY, A DIVISION OF EXXON MOBIL CORPORATION",22777 SPRINGWOODS VILLAGE PARKWAY W4.2AB.01_UPST US CONV,SPRING,TX,77389,CO2,Regulatory Specialist,Adolfo Calero,adolfo.a.calero@exxonmobil.com,(346)474-9103,,,Susan E. Buchanan,General Manager U.S Conventional,susan.e.buchanan@exxonmobil.com,(817)823-0736
9/1/2026,2022,20230221,20131,4805,EXPLORER PIPELINE CO,PO Box 2650,TULSA,OK,74101,Refined and/or Petroleum Product (non-HVL),"Manager, DOT and Regulatory Compliance",Kevin E. Brown,kbrown@expl.com,(918)493-5104,,,Dolin Argo,Senior Vice President And Chief Operating Officer,dargo@expl.com,(918)493-5142
9/1/2026,2022,20230222,20132,39815,"GT PIPELINE, LLC",16211 LA CANTERA PARKWAY SUITE 202,SAN ANTONIO,TX,78256,Refined and/or Petroleum Product (non-HVL),Regulatory Analyst,Corbin Parciany,cparciany@howardep.com,(210)209-8182,,,Brandon Burch,Chief Operating Officer,bburch@howardep.com,(210)298-2256
9/1/2026,2022,20230223,20134,39440,DOUBLE H,"1001 LOUISIANA ST., SUITE 1000",HOUSTON,TX,77002,Crude Oil,Manager - Compliance,Brandon Appelt,brandon_appelt@kindermorgan.com,(713)369-9008,,,Wayne Simmons,COO - Products Pipelines,wayne_simmons@kindermorgan.com,(713)420-6330
9/1/2026,2022,20230224,20135,32678,KINDER MORGAN CRUDE AND CONDENSATE LLC,"1001 LOUISIANA ST.,  SUITE 1000",HOUSTON,TX,77002,Crude Oil,Manager - Compliance,Brandon Appelt,brandon_appelt@kindermorgan.com,(713)369-9008,,,Wayne Simmons,COO - Products Pipelines,wayne_simmons@kindermorgan.com,(713)420-6330
9/1/2026,2022,20230225,20136,39760,"THE DOW CHEMICAL COMPANY, SDO","2301 N. BRAZOSPORT BLVD, S-201",FREEPORT,TX,77541,HVL,Regulatory Tech,Celeste Rogers,crogers@dow.com,(979)238-5169,,,Sarah Roth,Stratton Ridge Production Director,sroth@dow.com,(979)238-7379
9/1/2026,2022,20230226,20703,38895,KINDER MORGAN SOUTHEAST TERMINALS,"1001 LOUISIANA ST., SUITE 1000",HOUSTON,TX,77002,Refined and/or Petroleum Product (non-HVL),Manager - Compliance,Brandon Appelt,brandon_appelt@kindermorgan.com,(713)369-9008,,,Wayne Simmons,COO - Products Pipelines,wayne_simmons@kindermorgan.com,(713)420-6330
9/1/2026,2022,20230227,20138,32688,WEST COAST TERMINAL PIPELINE  (WCTP),"1001 LOUISIANA ST.,  SUITE 1000",HOUSTON,TX,77002,Crude Oil,Manager - Compliance,Brandon Appelt,brandon_appelt@kindermorgan.com,(713)369-9008,,,Wayne Simmons,COO - Products Pipelines,wayne_simmons@kindermorgan.com,(713)420-6330
9/1/2026,2022,20230228,20139,32688,WEST COAST TERMINAL PIPELINE  (WCTP),"1001 LOUISIANA ST.,  SUITE 1000",HOUSTON,TX,77002,Refined and/or Petroleum Product (non-HVL),Manager - Compliance,Brandon Appelt,brandon_appelt@kindermorgan.com,(713)369-9008,,,Wayne Simmons,COO - Products Pipelines,wayne_simmons@kindermorgan.com,(713)420-6330
9/1/2026,2022,20230229,20140,15674,PRODUCTS (SE) PIPE LINE CORPORATION,1001 LOUISIANA ST  SUITE 1000,HOUSTON,TX,77002,Refined and/or Petroleum Product (non-HVL),Manager - Compliance,Brandon Appelt,brandon_appelt@kindermorgan.com,(713)369-9008,,,Wayne Simmons,COO - Products Pipelines,wayne_simmons@kindermorgan.com,(713)420-6330
9/1/2026,2022,20230230,20141,31914,NGL SUPPLY TERMINAL COMPANY LLC,6120 SOUTH YALE AVENUE SUITE 805,TULSA,OK,74136,HVL,Director of Operations,Eric Coleman,eric.coleman@nglep.com,(713)496-3923,,,Jeff Pinter,EVP NGL Liquids,jeff.pinter@nglep.com,(918)236-4718
9/1/2026,2022,20230231,20142,40425,"DOW HYDROCARBONS & RESOURCES, INC, GRAND BAYOU OPERATIONS",875 HIGHWAY 70 S,BELLE ROSE,LA,70341,HVL,DOT Project Technologist,Adam Raffray,ARaffray@dow.com,(985)493-6047,,,Lotheronie Raby,Production Director,lgraby@dow.com,(985)493-6005
9/1/2026,2022,20230232,20143,38924,NGL CRUDE TERMINALS,2900 N. LOOP WEST SUITE 1250,HOUSTON,TX,77092,Crude Oil,Director of Operations,Eric Coleman,eric.coleman@nglep.com,(713)496-3923,,,Derek Graham,VP of Operations,derek.graham@nglep.com,(713)496-3904
9/1/2026,2022,20230233,20144,31613,M6 MIDSTREAM LLC,600 TRAVIS SUITE 5500,HOUSTON,TX,77002,HVL,Compliance Analyst,Benita Kalka,B.KALKA@MOMENTUMMIDSTREAM.COM,(713)243-3052,,,Shawn McCutcheon,SVP Engineering,s.mccutcheon@momentummidstream.com,(713)243-3024
9/1/2026,2022,20230234,20145,39760,"THE DOW CHEMICAL COMPANY, SDO","2301 N. BRAZOSPORT BLVD, S-201",FREEPORT,TX,77541,Refined and/or Petroleum Product (non-HVL),Regulatory Compliance Tech,Celeste Rogers,crogers@dow.com,(979)238-5169,,,sARAH ROTH,STRATTON RIDGE PRODUCTION DIRECTOR,SROTH@DOW.COM,(979)238-7379
9/1/2026,2022,20230235,20146,39841,RED BUTTE PIPELINE LLC,909 LAKE CAROLYN PARKWAY SUITE 650,IRVING,TX,75039,Crude Oil,"Director, Regulatory & Safety",Mary Patton,mpatton@scmidstream.com,(469)614-2257,,,Aaron Hencke,Chief Operations Officer,ahencke@scmidstream.com,(469)614-2240
9/1/2026,2022,20230236,20147,39010,"BLUE RACER MIDSTREAM, LLC",5949 SHERRY LANE SUITE 1700,DALLAS,TX,75225,HVL,Regulatory Compliance Manager,Kelli Albanese,kalbanese@blueracermidstream.com,(614)980-5858,,,Sean Wilson,"Vice President, EHS",swilson@blueracermidstream.com,(214)580-7340
9/1/2026,2022,20230237,20148,31434,PALMER PETROLEUM INC,LANDFILL RD,MONROEVILLE,AL,36460,Crude Oil,Operations Manager,Ronnie Madole,rmadole@palmerpetro.com,(318)222-0517,(318)424-3256,,Richard W Palmer,Vice President,rpalmer@reddiamondofs.com,(318)222-0517
9/1/2026,2022,20230238,20149,30782,HARVEST MIDSTREAM COMPANY,1111 TRAVIS,HOUSTON,TX,77002,Crude Oil,Regulatory Compliance Specialist,Troy S. Brown,trbrown@harvestmidstream.com,(713)289-2688,,,Sean P. Kolassa,President - Harvest Midstream,skolassa@harvestmidstream.com,(713)289-2668
9/1/2026,2022,20230239,20864,18678,ST LOUIS PIPELINE OPERATING LLC,4120 HIGEL STREET,SARASOTA,FL,34242,Refined and/or Petroleum Product (non-HVL),Terminal Supervisor,Jeffery Davis,jeffdavis.stlouispipeline@hotmail.com,(618)254-8273,,,Robert L. Rose,President,tampc@outlook.com,(941)312-0303
9/1/2026,2022,20230240,20151,6911,GULF STATE PIPELINE CO INC,7752 WEST FM 418/ PO BOX 1636,SILSBEE,TX,77656,Refined and/or Petroleum Product (non-HVL),Pipeline Manager,Larry Smart,larry.smart@trecora.com,(409)385-8307,,,Dan Roberts,Plant Manager,Dan.Roberts@trecora.com,(409)385-1400
9/1/2026,2022,20230241,20152,30544,OCCIDENTAL CHEMICAL CORP,14555 DALLAS PARKWAY  STE 400,Dallas,TX,75254,HVL,Transportation Compliance Manager,Christopher Rodriguez,christopher_rodriguez@oxy.com,(972)404-3503,,,John  Brenon,SVP Manufacturing,john.brenon@oxy.com,(972)720-7010
9/1/2026,2022,20230242,20153,39272,"PARADIGM MIDSTREAM SERVICES - ND, LLC",1111 TRAVIS,HOUSTON,TX,77002,Crude Oil,Regulatory Compliance Specialist,Troy Brown,trbrown@harvestmidstream.com,(713)289-2688,,,,,,
9/1/2026,2022,20230243,22536,32346,"TOTAL PETROCHEMICALS PIPELINE USA , INC.",HWY 366 & 32ND STREET,PORT ARTHUR,TX,77641-8870,HVL,Supervisor,Gayland White,gayland.white@totalenergies.com,(409)985-0203,,,Arvin Paul,Refinery Manager,arvin.paul@totalenergies.com,(409)985-0474
9/1/2026,2022,20230244,22542,32346,"TOTAL PETROCHEMICALS PIPELINE USA , INC.",HWY 366 & 32ND STREET,PORT ARTHUR,TX,77641-8870,Refined and/or Petroleum Product (non-HVL),operator,Gayland White,gayland.white@totalenergies.com,(409)985-0203,,,Arvin Paul,Refinery Manager,arvin.paul@totalenergies.com,(409)985-0474
9/1/2026,2022,20230245,20156,32346,"TOTAL PETROCHEMICALS PIPELINE USA , INC.",HWY 366 & 32ND STREET,PORT ARTHUR,TX,77641-8870,Crude Oil,Supervisor,Gayland White,gayland.white@totalenergies.com,(409)985-0203,,,Arvin Paul,Refinery Manager,arvin.paul@totalenergies.com,(409)985-0474
9/1/2026,2022,20230246,20157,31451,KINDER MORGAN TEXAS PIPELINE CO,"1001 LOUISIANA ST, STE 1000",HOUSTON,TX,77002,Refined and/or Petroleum Product (non-HVL),Engineer - Pipeline,Balark Chethan,balark_chethan@kindermorgan.com,(713)420-5629,,,Tom Otjen,VP - Pipeline Integrity,tom_otjen@kindermorgan.com,(713)420-7052
9/1/2026,2022,20230247,20158,31719,HILAND PARTNERS HOLDINGS LLC,"1001 LOUISIANA ST, SUITE 1000",HOUSTON,TX,77002,HVL,Engineer - Pipeline,Balark Chethan,balark_chethan@kindermorgan.com,(713)420-5629,,,Tom Otjen,VP - Pipeline Integrity,tom_otjen@kindermorgan.com,(713)420-7052
9/1/2026,2022,20230248,20159,39984,CONVERGE MIDSTREAM LLC,11646 ALMEDA ROAD,HOUSTON,TX,77045,Crude Oil,Operations Coordinator,Gary Zimmerman,gzimmerman@cvmidstream.com,(713)344-1501,,,Dana Grams,Chief Executive Officer,dgrams@cvmidstream.com,(713)960-4740
9/1/2026,2022,20230249,20160,40051,VALERO REFINING - MERAUX LLC,ONE VALERO WAY,SAN ANTONIO,TX,78258,Refined and/or Petroleum Product (non-HVL),Environmental Manager,JC Martin,jc.martin@valero.com,(504)271-4141,,,Leslie K. Sullivan,Vice President & General Manager,Leslie.Sullivan@valero.com,(504)271-4141
9/1/2026,2022,20230251,20162,31425,"PALO DURO PIPELINES (TEXAS GATHERING), L.P.",3500 Maple Ave Suite 700,Dallas,TX,75219,HVL,Agent,Hope Shelton,hope@sheltonregconsulting.com,(318)453-4538,,,James Hegar,COO,jhegar@producersmidstream.com,(214)238-5760
9/1/2026,2022,20230252,20163,38937,"PALO DURO TEG, LLC",3500 Maple Ave Suite 700,Dallas,TX,75219,HVL,Agent,Hope Shelton,hope@sheltonregconsulting.com,(318)453-4538,,,James Hegar,COO,jhegar@producersmidstreamlp.com,(214)238-5760
9/1/2026,2022,20230253,20164,40231,"SCURRY MIDSTREAM, LLC","3500 MAPLE AVE, SUITE 700",DALLAS,TX,75219,HVL,Agent,Hope Shelton,hope@sheltonregconsulting.com,(318)453-4538,,,James Hegar,COO,jhegar@producersmidstreamlp.com,(214)238-5760
9/1/2026,2022,20230254,20165,40277,"VERTEX REFINING ALABAMA,LLC",400 INDUSTRIAL PARKWAY,SARALAND,AL,36571,Crude Oil,Environmental Specialist,William Warren,william.blackmon@mobile-refinery.com,(251)599-9443,,,Wesley Mock,General Manager,wesley.mock@mobile-refinery.com,(251)445-6398
9/1/2026,2022,20230255,20166,40277,"VERTEX REFINING ALABAMA,LLC",400 INDUSTRIAL PARKWAY,SARALAND,AL,36571,Refined and/or Petroleum Product (non-HVL),Environmental Specialist,William Warren,william.blackmon@shell.com,(251)599-4993,,,Wesley Mock,General Manager,wesley.mock@mobile-refinery.com,(251)445-6398
9/1/2026,2022,20230256,20167,31723,EXXON MOBIL CORPORATION,22777 SPRINGWOODS VILLAGE PARKWAY,SPRING,TX,77389,Crude Oil,Baton Rouge Complex DOT Advisor,Douglas Melancon,douglas.b.melancon@exxonmobil.com,(225)907-7337,,,Dave A. Luecke,Baton Rouge Chemical Plant Manager,dave.a.lucke@exxonmobil.com,(225)540-0101
9/1/2026,2022,20230257,20168,31723,EXXON MOBIL CORPORATION,22777 SPRINGWOODS VILLAGE PARKWAY,SPRING,TX,77389,Refined and/or Petroleum Product (non-HVL),Baton Rouge Complex DOT Advisor,Douglas Melancon,douglas.b.melancon@exxonmobil.com,(225)907-7337,,,Dave A. Luecke,Baton Rouge Chemical Plant Manager,dave.a.lucke@exxonmobil.com,(225)540-0101
9/1/2026,2022,20230258,20169,4461,"EOG RESOURCES, INC",1111 BAGBY ST. SKY LOBBY 2,HOUSTON,TX,77002,Crude Oil,Sr Pipeline Compliance Advisor,Keith Elliott,keith_elliott@eogresources.com,(817) 806-0472,,,Nicholas J Groves,Vice-President Safety & Environmental,nick_groves@eogresources.com,(713)651-6440
9/1/2026,2022,20230259,20170,40034,TEXAS PETROLEUM INVESTMENT COMPANY,5850 SAN FELIPE,LAFAYETTE,LA,70508,Crude Oil,Regulatory Consultant,Schuyler Dickerson,sdickerson@thecompgroup.com,8323865484,,,,,,
9/1/2026,2022,20230260,20171,40182,TAPROOT ROCKIES MIDSTREAM LLC,555 17TH STREET SUITE 800,DENVER,CO,80202,Crude Oil,Rod Donovan,President and Chief Operating Officer,rdonovan@taprootep.com,(785)806-2417,(000)000-0000,,Rod Donovan,President and Chief Operating Officer,rdonovan@taprootep.com,(785)806-2417
9/1/2026,2022,20230261,20172,40132,"XCL MIDSTREAM OPERATING, LLC",380 SOUTHPOINTE BOULEVARD SUITE 215,CANONSBURG,PA,15317,HVL,Agent,Hope Shelton,hope@sheltonregconsulting.com,(318)453-4538,,,Kevin Roberts,Director,kroberts@xclmidstream.com,(484)844-3292
9/1/2026,2022,20230262,20173,30792,LAMAR OIL & GAS,PO BOX 2197,ROCKPORT,TX,78381,Crude Oil,operator,Diane Pedersen,dpedersen@lamarcos.com,(361)727-3310,(361)727-3457,,,,,
9/1/2026,2022,20230263,20174,40000,CP ENERGY LLC,317 LILAC DR. SUITE 200,EDMOND,OK,73034,Crude Oil,Director - Engineering and Pipeline Operations,Jeff Kobs,jeff.kobs@cpenergy.com,(817)307-2986,,,,,,
9/1/2026,2022,20230264,20175,9175,JAYHAWK PIPELINE LLC,2000 S. MAIN,MCPHERSON,KS,67460,Crude Oil,operator,Michelle  Slyder,michelle.slyder@chsinc.com,(406) 628-5293,(406)628-5293,,Greg Brown,VP Pipelines and Terminals,greg.brown@chsinc.com,(406)628-5200
9/1/2026,2022,20230265,20176,40283,"SUNOCO, LLC",8111 WESTCHESTER DR.,DALLAS,TX,75225,Refined and/or Petroleum Product (non-HVL),Sr. Mgr. Environmental,Stephen J Doyle,stephen.doyle@sunoco.com,(856)332-2424,,,Matthew D Hager,VP-Midstream Ops & BD,matthew.hager@sunoco.com,(610)833-3557
9/1/2026,2022,20230266,20177,32575,"DEEPROCK OIL OPERATING, LLC",212 WEST 116TH STREET,PERKINS,OK,74059,Crude Oil,SAFETY & ENVIRONMENTAL MANAGER,Cindy OKelley,cindy.okelley@deeprock-energy.com,(918)225-0503,,,Glenn (charles) Collum,Glenn (Charles) Collum,glenn@deeprock-energy.com,(908)225-7100
9/1/2026,2022,20230267,20178,39191,CONSOLIDATED EDISON CO OF NY,4 IRVING PLACE,NEW YORK,NY,10003,Refined and/or Petroleum Product (non-HVL),Pipeline Supervisor,Francis Dumkwu,DumkwuF@coned.com,(646)889-3273,,,Hugh Grant,Vice President,GrantHU@coned.com,(646)483-1778
9/1/2026,2022,20230268,20179,19585,TRANS MOUNTAIN PIPELINE (PUGET SOUND) LLC,"2700, 300-5TH AVE SW",CALGARY,ALBERTA,T2P 5J2,Crude Oil,Regulatory Coordinator,Kristy Tsai,Kristy_Tsai@transmountain.com,(403)514-6419,,,Michael Davies,Chief Operating Officer,Michael_Davies@transmountain.com,(403)514-6597
9/1/2026,2022,20230269,20752,39837,PARAMOUNT PIPELINE LLC,14700 DOWNEY AVE SUITE 100,PARAMOUNT,CA,90723,Refined and/or Petroleum Product (non-HVL),Pipeline Integrity Engineer,Matt Kargar,mkargar@worldenergy.net,5629779409,,,Bob Schlatter,Board Member,bschlatter@worldenergy.net,(419)356-1893
9/1/2026,2022,20230270,20181,32251,"RIBOST TERMINAL LLC, DBA WORLD OIL TERMINALS",9302 GARFIELD AVE.,SOUTH GATE,CA,90280,Crude Oil,Environmental Engineer,Joanna Collado,jocollado@worldoilcorp.com,(562)928-7000,,,Jeff Baxter,Executive Vice President of operations,jbaxter@worldoilcorp.com,(562)928-7000
9/1/2026,2022,20230271,20182,22855,"FLINT HILLS RESOURCES, LC",4111 EAST 37TH STREET NORTH,WICHITA,KS,67220,Crude Oil,Compliance Management Systems Specialist,Melina Perez,melina.perez@fhr.com,(361)242-8781,,,Randy Lenz,Senior VP Operations,randy.lenz@fhr.com,(651)438-1323
9/1/2026,2022,20230272,20183,22855,"FLINT HILLS RESOURCES, LC",4111 EAST 37TH STREET NORTH,WICHITA,KS,67220,Refined and/or Petroleum Product (non-HVL),Compliance Management Systems Specialist,Melina Perez,melina.perez@fhr.com,(361)242-8781,,,Randy Lenz,Senior VP Operations,randy.lenz@fhr.com,(651)438-1323
9/1/2026,2022,20230273,20184,22855,"FLINT HILLS RESOURCES, LC",4111 EAST 37TH STREET NORTH,WICHITA,KS,67220,HVL,Compliance Management Systems Specialist,Melina Perez,melina.perez@fhr.com,(361)242-8781,,,Randy Lenz,Senior VP Operations,randy.lenz@fhr.com,(651)438-1323
9/1/2026,2022,20230274,20185,30940,"WILLIAMS ENERGY, LLC",ONE WILLIAMS CENTER P.O. BOX 645,TULSA,OK,74172,HVL,Regulatory Compliance Specialist,Cheryl Rowell,cheryl.rowell@williams.com,(918)237-6096,,,Amy Shank,VP Safety & Operational Discipline,amy.shank@williams.com,(918)573-2506
9/1/2026,2022,20230275,20186,4472,CYPRESS INTERSTATE PIPELINE LLC,"1001 LOUISIANA ST., SUITE 1000",HOUSTON,TX,77002,HVL,Manager - Engineering,Shelley Dietz,shelley_dietz@kindermorgan.com,(713)420-4417,,,Tom Otjen,Vice President- Engineering,tom_otjen@kindermorgan.com,(713)420-7052
9/1/2026,2022,20230276,20187,39944,BLUESTEM PIPELINE LLC,ONE WILLIAMS CENTER P.O. BOX 2400,TULSA,OK,74102,HVL,Regulatory Compliance Specialist,Cheryl Rowell,cheryl.rowell@williams.com,(918)237-6096,,,Amy Shank,VP Safety & Operational Discipline,amy.shank@williams.com,(918)573-2506
9/1/2026,2022,20230277,20188,39122,UTICA EAST OHIO MIDSTREAM LLC,ONE WILLIAMS CENTER 43-4,TULSA,OK,74172,HVL,Regulatory Compliance Specialist,Cheryl Rowell,cheryl.rowell@williams.com,(918)237-6096,,,Amy Shank,VP Safety & Operational Discipline,amy.shank@williams.com,(918)573-2506
9/1/2026,2022,20230278,20189,31888,CENTURION PIPELINE L.P.,3600 W. SAM HOUSTON PARKWAY S. SUITE 500,HOUSTON,TX,77042,Crude Oil,Senior Compliance Specialist,Y-van Ty,yvan.ty@energytransfer.com,(346)803-2718,,,Michael Morgan,EVP,Michael.Morgan@energytransfer.com,(346)803-2718
9/1/2026,2022,20230279,20190,31687,"HILL-LAKE GAS STORAGE, LLC",ONE WILLIAMS CENTER,TULSA,OK,74172,HVL,Regulatory Compliance Specialist,Cheryl Rowell,cheryl.rowell@williams.com,(918)237-6096,,,,,,
9/1/2026,2022,20230280,20191,32285,"WORSHAM-STEED GAS STORAGE, LLC",ONE WILLIAMS CENTER,TULSA,OK,74172,HVL,Regulatory Compliance Specialist,Cheryl Rowell,cheryl.rowell@williams.com,(918)237-6096,,,,,,
9/1/2026,2022,20230281,20819,2767,"HARVEST ALASKA, LLC",3800 CENTERPOINT DRIVE SUITE 1400,ANCHORAGE,AK,99503,Crude Oil,Integrity and Regulatory Compliance Manager,Harold Colgrove,harold.colgrove@harvestmidstream.com,(907)777-8310,,,Andrew Limmer,"Regional Vice President, Alaska",alimmer@harvestmidstream.com,(907)564-5232
9/1/2026,2022,20230282,20989,31703,"WILLIAMS MLP OPERATING, LLC",ONE WILLIAMS CENTER 43-4,TULSA,OK,74172,HVL,Regulatory Compliance Specialist,Cheryl Rowell,cheryl.rowell@williams.com,(918)237-6096,,,Amy Shank,VP Safety & Operational Discipline,amy.shank@williams.com,(918)573-2506
9/1/2026,2022,20230283,20194,31816,"MID-CONTINENT FRACTIONATION AND STORAGE, L.L.C.",ONE WILLIAMS CENTER P.O. BOX 645,TULSA,OK,74172,Refined and/or Petroleum Product (non-HVL),Regulatory Compliance Specialist,Cheryl Rowell,cheryl.rowell@williams.com,(918)237-6096,,,Amy Shank,VP Safety & Operational Discipline,amy.shank@williams.com,(918)573-2506
9/1/2026,2022,20230284,20195,31816,"MID-CONTINENT FRACTIONATION AND STORAGE, L.L.C.",ONE WILLIAMS CENTER P.O. BOX 645,TULSA,OK,74172,HVL,Regulatory Compliance Specialist,Cheryl Rowell,cheryl.rowell@williams.com,(918)237-6096,,,Amy Shank,VP Safety & Operational Discipline,amy.shank@williams.com,(918)573-2506
9/1/2026,2022,20230285,20196,32091,"WILLIAMS OIL GATHERING, LLC","ONE WILLIAMS CENTER, MD WRC3-4 P.O. BOX 645",TULSA,OK,74172,Crude Oil,Regulatory Compliance Specialist,Cheryl Rowell,cheryl.rowell@williams.com,(918)237-6096,,,Amy Shank,VP Safety & Operational Discipline,amy.shank@williams.com,(918)573-2506
9/1/2026,2022,20230286,20197,994,"WILLIAMS FIELD SERVICES - GULF COAST COMPANY, LP",ONE WILLIAMS CENTER P.O. BOX 645,TULSA,OK,74172,Crude Oil,Regulatory Compliance Specialist,Cheryl Rowell,cheryl.rowell@williams.com,(918)237-6096,,,,,,
9/1/2026,2022,20230287,20198,30666,"ENMARK ENERGY, INC",104 FIRST CHOICE DRIVE,MADISON,MS,39110,CO2,operator,Jeffrey Tharpe,jtharpe@enmarkenergy.com,(601)898-2434,(601)898-3738,,Connell rader,President,crader@enmarkenergy.com,(601)898-2434
9/1/2026,2022,20230288,20199,2552,COLONIAL PIPELINE CO,1000 Lake St.,Alpharetta,GA,30009,Refined and/or Petroleum Product (non-HVL),"Manager, Asset Data and Risk",Brandon Cavendish,BCavendish@colpipe.com,(678)231-9602,,,Larry J. Chapman,"VP, Technical Services",JChapman@colpipe.com,(404)971-3231
9/1/2026,2022,20230289,20217,994,"WILLIAMS FIELD SERVICES - GULF COAST COMPANY, LP",ONE WILLIAMS CENTER P.O. BOX 645,TULSA,OK,74172,HVL,Regulatory Compliance Specialist,Cheryl Rowell,cheryl.rowell@williams.com,(918)237-6096,,,Amy Shank,VP Safety & Operational Discipline,Amy.shank@williams.com,(918)573-2506
9/1/2026,2022,20230290,20201,22465,TARGA PIPELINE MID-CONTINENT WESTTEX LLC,"811 LOUISIANA STREET, SUITE 2100",HOUSTON,TX,77002,Refined and/or Petroleum Product (non-HVL),Specialist Pipeline Compliance,Jordan North,Jnorth@targaresources.com,(940)577-9500,,,,,,
9/1/2026,2022,20230291,20691,32296,TARGA RESOURCES OPERATING LLC,811 LOUISIANA ST SUITE 2100,HOUSTON,TX,77002,Refined and/or Petroleum Product (non-HVL),Specialist Pipeline Compliance,Jordan North,Jnorth@targaresources.com,(940)577-9500,,,,,,
9/1/2026,2022,20230292,20203,39684,ROCKY MOUNTAIN MIDSTREAM PIPELINE LLC,ONE WILLIAMS CENTER 43-4,TULSA,OK,74172,HVL,Regulatory Compliance Specialist,Cheryl Rowell,cheryl.rowell@williams.com,(918)237-6096,,,Amy Shank,VP Safety & Operational Discipline,amy.shank@williams.com,(918)573-2506
9/1/2026,2022,20230293,20204,39566,TARGA NORTHERN DELAWARE LLC,811 LOUISIANA STREET SUITE 2100,HOUSTON,TX,77002,HVL,Specialist Pipeline Compliance,Jordan North,Jnorth@targaresources.com,(940)577-9500,,,Clark White,Executive VP Operations,Cwhite@targaresources.com,(713)584-1000
9/1/2026,2022,20230294,20723,39684,ROCKY MOUNTAIN MIDSTREAM PIPELINE LLC,ONE WILLIAMS CENTER 43-4,TULSA,OK,74172,Crude Oil,Regulatory Compliance Specialist,Cheryl Rowell,cheryl.rowell@williams.com,(918)237-6096,,,Amy Shank,VP Safety & Operational Discipline,amy.shank@williams.com,(918)573-2506
9/1/2026,2022,20230295,20206,26065,CHS MCPHERSON REFINERY INC.,2000 S. MAIN,MCPHERSON,KS,67460,Crude Oil,operator,Michelle  Slyder,michelle.slyder@chsinc.com,(406) 628-5293,(406)628-5393,,,,,
9/1/2026,2022,20230296,20207,22465,TARGA PIPELINE MID-CONTINENT WESTTEX LLC,"811 LOUISIANA STREET, SUITE 2100",HOUSTON,TX,77002,Crude Oil,Specialist Pipeline Compliance,Jordan North,Jnorth@targaresources.com,(940)577-9500,,,,,,
9/1/2026,2022,20230297,20988,30826,WILLIAMS FIELD SERVICES,ONE WILLIAMS CENTER,TULSA,OK,74172,HVL,Regulatory Compliance Specialist,Cheryl Rowell,cheryl.rowell@williams.com,(918)237-6096,,,Amy Shank,VP Safety & Operational Discipline,amy.shank@williams.com,(918)573-2506
9/1/2026,2022,20230298,20827,39341,"CHALMETTE LOUISIANA LIQUIDS, LLC",4851 LBJ FREEWAY SUITE 550,DALLAS,TX,75244,HVL,Regulatory Consultant,Schuyler Dickerson,schuyler.dickerson@everlineus.com,(832)386-5484,,,Greg Vujovich,Senior Vice President,gvujovich@sulphurriver.com,(214)505-4849
9/1/2026,2022,20230299,20210,40718,"OSWEGO HARBOR POWER, LLC",261 WASHINGTON BLVD.,OSWEGO,NY,13126,Refined and/or Petroleum Product (non-HVL),Agent,Larry Savaglio,larry.savaglio@verizon.net,(949)293-8309,,,chad Mcginnis,Facility Manager,cmcginnis@camsops.com,(808)366-2991
9/1/2026,2022,20230300,20211,39506,PEAK MIDSTREAM GOLDSBORO LLC,9110 BEAVER TRAIL SUITE 300,GAINESVILLE,GA,30506,Refined and/or Petroleum Product (non-HVL),Managing Member,Mike Turchi,mturchi@peakmidstream.com,(678)644-9657,(678)644-9657,,Mike Turchi,Managing Member,mturchi@peakmidstream.com,(678)644-9657
9/1/2026,2022,20230301,20212,39376,"BLUE CUBE OPERATIONS, LLC.",604 HWY 332 BLDG OC-1120,LAKE JACKSON,TX,77566,Refined and/or Petroleum Product (non-HVL),Regulatory Compliance Specialist,Rachel Nguyen,rnguyen@olin.com,(979)269-6289,,,Ross Baillie,Pipeline Services Leader,rjbaillie@olin.com,(979)269-6403
9/1/2026,2022,20230302,20213,40190,OXY WTP LP,PO BOX 4294,HOUSTON,TX,77210,Crude Oil,HSE Lead,Carl Morales,carl_morales@oxy.com,(432)699-8397,,,,,,
9/1/2026,2022,20230303,20214,7660,HUNT CRUDE OIL SUPPLY CO,2200 JACK WARNER PARKWAY SUITE 400,TUSCALOOSA,AL,35401,Crude Oil,Transportation Regulatory Compliance Manager,Caroll Pellegrin,cpellegrin@huntrefining.com,(251) 771-6953,,,David Carroll,Senior VP General Counsel,dcarroll@huntrefining.com,(205)391-3447
9/1/2026,2022,20230304,20215,26048,HUNT REFINING CO,2200 JACK WARNER PARKWAY SUITE 400,TUSCALOOSA,AL,35401,Refined and/or Petroleum Product (non-HVL),Transportation Regulatory Compliance Manager,Caroll Pellegrin,cpellegrin@huntrefining.com,(251) 771-6953,,,David Carroll,Senior VP General Counsel,dcarroll@huntrefining.com,(205)391-3447
9/1/2026,2022,20230305,20689,32614,"WILLIAMS OLEFINS FEEDSTOCK PIPELINES, LLC",ONE WILLIAMS CENTER P.O. BOX 645,TULSA,OK,74172,HVL,Regulatory Compliance Specialist,cheryl Rowell,cheryl.rowell@williams.com,(918)237-6096,,,Amy Shank,VP Safety & Operational Discipline,amy.shank@williams.com,(918)573-2506
9/1/2026,2022,20230306,20218,38989,EMERALD GATHERING AND TRANSMISSION,11 GREENWAY PLAZA SUITE 2850,HOUSTON,TX,77046,Crude Oil,Regulatory Consultant,Schuyler Dickerson,schuyler.dickerson@everlineus.com,(832)386-5484,,,Douglas Schaefer,Operations Manager,dschaefer@offshoreservicesllc.com,(713)494-5445
9/1/2026,2022,20230307,20219,40268,"GARY CLIMATE SOLUTIONS, LLC",1515 WYNKOOP STREET SUITE 700,DENVER,CO,80202,CO2,EHS Manager,Wayne Gilkeson,wayne@samgaryjr.com,(620)214-4140,(620)275-2836,,Jeff Villalobos,Chief Operations Officer,jeff@samgaryjr.com,(303)831-4673
9/1/2026,2022,20230308,20220,40295,"FUNDARE RESOURCES OPERATING COMPANY, LLC",5251 DTC Pkwy Ste #950,Greenwood Village,CO,80111,Crude Oil,Regulatory Consultant,Howard Vest,svest@greenspireea.com,(720)644-7721,,,,,,
9/1/2026,2022,20230309,20221,2731,CHEVRON PIPE LINE CO,1400 SMITH STREET,HOUSTON,TX,77002,Crude Oil,operator,Garrett Parker,ParkerG@chevron.com,(713)372-6847,,,Lisa Laine,HSE Manager,lisa.laine@chevron.com,(713)372-6406
9/1/2026,2022,20230310,20222,39012,"SUMMIT MIDSTREAM PARTNERS, LLC",910 LOUISIANA ST. SUITE 4200,HOUSTON,TX,77002,HVL,Lead Specialist Pipeline Compliance,Robert Hurt,Robert.Hurt@summitmidstream.com,(832)930-6518,,,,,,
9/1/2026,2022,20230311,20227,2170,CENEX PIPELINE LLC,803 HWY 212 S (PO BOX 909),LAUREL,MT,59044,Refined and/or Petroleum Product (non-HVL),"Manager, DOT Compliance",Michelle  Slyder,michelle.slyder@chsinc.com,(406) 628-5293,(406)628-5393,,Greg Brown,VP Pipelines And Terminals,greb.brown@chsinc.com,(406)628-5200
9/1/2026,2022,20230312,20224,39012,"SUMMIT MIDSTREAM PARTNERS, LLC",910 LOUISIANA ST. SUITE 4200,HOUSTON,TX,77002,Crude Oil,Lead Specialist Pipeline Compliance,Robert Hurt,Robert.Hurt@summitmidstream.com,(832)930-6518,,,Hugo Guerrero,"SVP, Engineering and Operations",hugo.guerrero@summitmidstream.com,(832)930-6511
9/1/2026,2022,20230313,20225,32634,"ENLINK PERMIAN, LLC","1722 ROUTH STREET, SUITE 1300",DALLAS,TX,75201,HVL,Sr. PIDOT Specialist 1,Brandon Martin,brandon.martin@enlink.com,(432)312-9609,,,Walter Pinto,EVP & COO,walter.pinto@enlink.com,(214)953-9500
9/1/2026,2022,20230314,20226,32634,"ENLINK PERMIAN, LLC","1722 ROUTH STREET, SUITE 1300",DALLAS,TX,75201,Crude Oil,Sr. PI/DOT Specialist,Brandon Martin,brandon.martin@enlink.com,(432)312-9609,(432)312-9609,,Walter Pinto,EVP & COO,walter.pinto@enlink.com,(214)953-9500
9/1/2026,2022,20230315,20228,39112,"ENLINK MIDSTREAM SERVICES, LLC",1722 ROUTH STREET SUITE 1300,DALLAS,TX,75201,HVL,Operator,Hagan Henley,hagan.henley@enlink.com,(214)721-9494,,,Walter Pinto,EVP & COO,walter.pinto@enlink.com,(214)953-9500
9/1/2026,2022,20230316,20229,39112,"ENLINK MIDSTREAM SERVICES, LLC",1722 ROUTH STREET SUITE 1300,DALLAS,TX,75201,Crude Oil,Operator,Hagan Henley,hagan.henley@enlink.com,(214)721-9494,,,Walter Pinto,EVP & COO,walter.pinto@enlink.com,(214)953-9500
9/1/2026,2022,20230317,20230,2731,CHEVRON PIPE LINE CO,1400 SMITH STREET,HOUSTON,TX,77002,HVL,operator,Garrett Parker,ParkerG@chevron.com,(713)372-6847,,,Lisa Laine,HSE Manager,lisa.laine@chevron.com,(713)372-6406
9/1/2026,2022,20230318,20231,26065,CHS MCPHERSON REFINERY INC.,2000 S. MAIN,MCPHERSON,KS,67460,Refined and/or Petroleum Product (non-HVL),operator,Michelle  Slyder,michelle.slyder@chsinc.com,(406) 628-5293,(406)628-5393,,Greg Brown,VP Pipelines and Terminals,greg.brown@chsinc.com,(406)628-5200
9/1/2026,2022,20230319,20232,39617,EQUILON ENTERPRISES LLC DBA SHELL OIL PRODUCTS US - CONVENT REFINERY,150 NORTH DAIRY ASHFORD,HOUSTON,TX,77079,HVL,GIS Manager,Adam Crawford,adam.crawford@shell.com,(832)337-3745,,,Sean Guillory,Interim VP US Midstream,sean.guillory@shell.com,(832)762-2711
9/1/2026,2022,20230320,20233,26065,CHS MCPHERSON REFINERY INC.,2000 S. MAIN,MCPHERSON,KS,67460,HVL,operator,Michelle  Slyder,michelle.slyder@chsinc.com,(406) 628-5293,(406)628-5393,,Greg Brown,VP Pipelines and Terminals,greg.brown@chsinc.com,(406)628-5200
9/1/2026,2022,20230321,20234,32277,OQ CHEMICALS,2001 FM 3057,BAY CITY,TX,77414,HVL,Project Engineer,jennifer Klein,Jennifer.Klein.Contractor@oq.com,(713)492-3823,,,Fred Gaytan,Vice President,fred.gayton@oq.com,(979)241-4040
9/1/2026,2022,20230322,21008,5081,"COFFEYVILLE RESOURCES CRUDE TRANSPORTATION, LLC",2277 PLAZA DRIVE,SUGAR LAND,TX,77479,Crude Oil,Consultant,Jessica Yniguez,jessica@enservsolutions.com,(832)396-3788,,,Blake Record,Safety Specialist - DOT Pipeline,brecord@cvrenergy.com,(405)250-0910
9/1/2026,2022,20230323,20237,31517,ASCEND PERFORMANCE MATERIALS TEXAS INC,1010 TRAVIS STREET SUITE 900,HOUSTON,TX,77002,HVL,Pipeline Manager,William Henderson,whende@ascendmaterials.com,(281)228-4563,,,Phil McDivitt,Prsident CEO,pmcdiv@ascendmaterials.com,(713)313-5700
9/1/2026,2022,20230324,20238,40010,CALIBER SPRING CREEK LLC,"1805 SHEA CENTER DR, SUITE 120",HIGHLANDS RANCH,CO,80129,Crude Oil,HSE Manager,Jonathan Daugereau,jdaugereau@calibermidstream.com,(337)789-7717,,,Jonathan daugereau,HSE Manager,jdaugereau@calibermidstream.com,(337)789-7717
9/1/2026,2022,20230325,20239,39339,TINSLEY RESOURCES  LLC,5949 SHERRY LANE 755,DALLAS,TX,75225,Crude Oil,Regulatory Consultant,Schuyler Dickerson,schuyler.dickerson@everlineus.com,(832)386-5484,,,Greg Vujovich,Vice President,gvujovich@sulphurriver.com,(214)505-4849
9/1/2026,2022,20230326,21659,39492,"CELANESE CHEMICALS, INC",9502 BAYPORT BLVD.,PASADENA,TX,77507,HVL,Regulatory Consultant,Schuyler Dickerson,schuyler.dickerson@everlineus.com,(832)386-5484,,,Travis Robertson,Daily Execution Leader,Travis.robertson@celanese.com,(281)474-8844
9/1/2026,2022,20230327,20241,11169,"ENBRIDGE ENERGY, LIMITED PARTNERSHIP","915 N ELDRIDGE PARKWAY, SUITE 1100",HOUSTON,TX,77079,Crude Oil,Advisor Regulatory Compliance,Stacy Soine,stacy.soine@enbridge.com,(715)395-3620,,,Michael Koby,Vice President US Operations,michael.koby@enbridge.com,(713)627-6071
9/1/2026,2022,20230328,20242,11169,"ENBRIDGE ENERGY, LIMITED PARTNERSHIP","915 N ELDRIDGE PARKWAY, SUITE 1100",HOUSTON,TX,77079,HVL,Advisor Regulatory Compliance,Stacy Soine,stacy.soine@enbridge.com,(715)395-3620,,,Michael Koby,Vice President US Operations,michael.koby@enbridge.com,(713)627-6071
9/1/2026,2022,20230329,20243,15774,NORTH DAKOTA PIPELINE COMPANY LLC,"915 N ELDRIDGE PARKWAY, SUITE 1100",HOUSTON,TX,77079,Crude Oil,Advisor Regulatory Compliance,Stacy Soine,stacy.soine@enbridge.com,(715)395-3620,,,Michael Koby,Vice President US Operations,michael.koby@enbridge.com,(713)627-6071
9/1/2026,2022,20230330,20244,31448,ENBRIDGE PIPELINES (TOLEDO) INC,"915 N ELDRIDGE PARKWAY, SUITE 1100",HOUSTON,TX,77079,Crude Oil,Advisor Regulatory Compliance,Stacy Soine,stacy.soine@enbridge.com,(715)395-3620,,,Michael Koby,Vice President US Operations,michael.koby@enbridge.com,(713)627-6071
9/1/2026,2022,20230331,20245,32682,"GREENLEAF CO2 SOLUTIONS, LLC","602 CRESCENT PLACE, SUITE 100",RIDGELAND,MS,39157,CO2,operator,Stephen Richardson,srichardson@tellusoperating.com,(601) 898-7444,,,,,,
9/1/2026,2022,20230332,20246,32476,"TREETOP MIDSTREAM SERVICES, LLC","602 CRESCENT PLACE, SUITE 100",RIDGELAND,MS,39157,CO2,Manager,Stephen Richardson,srichardson@tellusoperating.com,(601) 898-7444,,,,,,
9/1/2026,2022,20230333,20247,39183,"MEDALLION OPERATING COMPANY, LLC",909 LAKE CAROLYN PKWY SUITE 1600,IRVING,TX,75039,HVL,Operator,Toby Burgin,tburgin@medallionmidstream.com,(469)262-6060,,,,,,
9/1/2026,2022,20230334,20248,31937,"TPCO, LLC",602 CRESCENT PLACE SUITE 100,RIDGELAND,MS,39157,Crude Oil,Manager,Stephen Richardson,srichardson@tellusoperating.com,(601) 898-7444,,,,,,
9/1/2026,2022,20230335,20249,31023,CITGO REFINING & CHEMICAL CO. L.P.,1293 ELDRIDGE PARKWAY,HOUSTON,TX,77077,Crude Oil,PSM Advisor,David Salinas,dsalina@citgo.com,(361)844-4020,,,Dennis Willig,VP and GM Corpus Christi Refinery,dwillig@citgo.com,(361)844-4100
9/1/2026,2022,20230336,20250,39368,CRESTWOOD MIDSTREAM PARTNERS LP,811 MAIN STREET SUITE 3400,HOUSTON,TX,77002,HVL,"Supervisor, Construction",Dalton Jaus,dalton.jaus@crestwoodlp.com,(713)380-3241,,,Eric Ormond,"SVP, EPM",Eric.Ormond@crestwoodlp.com,(832)519-2257
9/1/2026,2022,20230337,20251,31023,CITGO REFINING & CHEMICAL CO. L.P.,1293 ELDRIDGE PARKWAY,HOUSTON,TX,77077,HVL,PSM Advisor,David Salinas,dsalina@citgo.com,(361)844-4020,,,Dennis Willig,VP and GM Corpus Christi Refinery,dwillig@citgo.com,(361)844-4100
9/1/2026,2022,20230338,20252,31023,CITGO REFINING & CHEMICAL CO. L.P.,1293 ELDRIDGE PARKWAY,HOUSTON,TX,77077,Refined and/or Petroleum Product (non-HVL),PSM Advisor,David Salinas,dsalina@citgo.com,(361)844-4020,,,Dennis Willig,VP and GM Corpus Christi Refinery,dwillig@citgo.com,(361)844-4100
9/1/2026,2022,20230339,20253,2387,CITGO PIPELINE CO,1293 ELDRIDGE PARKWAY,Houston,TX,77077,Crude Oil,Manager Asset Integrity,Christopher Langan,clangan@citgo.com,(832)486-1592,,,Karl Schmidt,President & Chief Executive Officer,kschmid@citgo.com,(832)486-4136
9/1/2026,2022,20230340,20254,30755,CITGO PRODUCTS PIPELINE CO,1293 ELDRIDGE PARKWAY,Houston,TX,77077,Refined and/or Petroleum Product (non-HVL),Manager Asset Integrity,Christopher Langan,clangan@citgo.com,(832)486-1592,,,Karl Schmidt,President,kschmid@citgo.com,(832)486-4136
9/1/2026,2022,20230341,20255,30755,CITGO PRODUCTS PIPELINE CO,1293 ELDRIDGE PARKWAY,Houston,TX,77077,HVL,Manager Asset Integrity,Christopher Langan,clangan@citgo.com,(832)486-1592,,,Karl Schmidt,President,kschmid@citgo.com,(832)486-4136
9/1/2026,2022,20230342,20256,99031,CITGO PETROLEUM CORPORATION (TERMINALS),1293 ELDRIDGE PARKWAY,Houston,TX,77077,Refined and/or Petroleum Product (non-HVL),Manager Asset Integrity,Christopher Langan,clangan@citgo.com,(832)486-1592,,,Karl Schmidt,Vice President Supply & Marketing,kschmid@citgo.com,(832)486-4136
9/1/2026,2022,20230343,20257,40282,EQUILON ENTERPRISES LLC DBA SHELL OIL PRODUCTS,150 NORTH DAIRY ASHFORD WOODCREEK BUILDING A,HOUSTON,TX,77079,Refined and/or Petroleum Product (non-HVL),GIS Manager,Adam Crawford,adam.crawford@shell.com,(832)337-3745,,,Sean Guillory,Interim VP US Midstream,sean.guillory@shell.com,(832)762-2711
9/1/2026,2022,20230344,20258,39368,CRESTWOOD MIDSTREAM PARTNERS LP,811 MAIN STREET SUITE 3400,HOUSTON,TX,77002,Crude Oil,"Supervisor, Construction",Dalton Jaus,dalton.jaus@crestwoodlp.com,(713)380-3241,,,Eric Ormond,"SVP, EPM",Eric.Ormond@crestwoodlp.com,(832)519-2257
9/1/2026,2022,20230345,20259,32595,"HIGH POINT GAS GATHERING, LLC","THIRD COAST MIDSTREAM, LLC PO BOX 1227",HOUSTON,TX,77251,Crude Oil,Manager Pipeline Regulatory Compliance,Nicklas Pavlovsky,npavlovsky@third-coast.com,(832)241-3368,,,Brian Nielsen,Vice President of Operations,bnielsen@third-coast.com,(346)241-3400
9/1/2026,2022,20230346,20725,31994,"PANTHER OPERATING COMPANY, LLC","THIRD COAST MIDSTREAM, LLC PO BOX 1227",HOUSTON,TX,77251,Crude Oil,Manager Pipeline Regulatory Compliance,Nicklas Pavlovsky,npavlovsky@third-coast.com,(832)241-3368,,,Brian Nielsen,Vice President of Operations,bnielsen@third-coast.com,(346)241-3400
9/1/2026,2022,20230347,20261,26085,"PLAINS MARKETING, L.P.","333 CLAY STREET, SUITE 1900",HOUSTON,TX,77002,HVL,"Sr. Manager, HSE, Integrity & PHMSA",Sherri Adkins,saadkins@paalp.com,(713)993-5676,,,Patrick Hodgins,"Vice President Health, Safety & Environmental, NA",patrick.hodgins@plains.com,(713)646-4152
9/1/2026,2022,20230348,20262,26085,"PLAINS MARKETING, L.P.","333 CLAY STREET, SUITE 1900",HOUSTON,TX,77002,Crude Oil,"Sr. Manager, HSE Integrity & Records",Sherri Adkins,sherri.adkins@plains.com,(713)993-5676,,,Patrick D. Hodgins,"VP Health, Safety & Environment - North America",patrick.hodgins@plains.com,(713)646-4152
9/1/2026,2022,20230349,20263,300,"PLAINS PIPELINE, L.P.","333 CLAY STREET, SUITE 1900",HOUSTON,TX,77002,HVL,"Sr. Manager, HSE, Integrity & Records",Sherri Adkins,sherri.adkins@plains.com,(713)993-5676,,,Patrick D. Hodgins,"VP Health, Safety and Environmental - North America",patrick.hodgins@plains.com,(713)646-4152
9/1/2026,2022,20230350,20762,300,"PLAINS PIPELINE, L.P.","333 CLAY STREET, SUITE 1900",HOUSTON,TX,77002,Crude Oil,"Sr. Manager, HSE, Integrity & PHMSA","333 CLAY STREET, SUITE 1900",sherri.adkins@plains.com,(713)993-5676,,,Patrick D. Hodgins,"VP, Health, Safety and Environmental - North America",patrick.hodgins@plains.com,(713)646-4152
9/1/2026,2022,20230351,20265,38960,"RANCHO LPG HOLDINGS, LLC",333 CLAY STREET SUITE 1900,HOUSTON,TX,77002,HVL,"Sr. Manager, HSE, Integrity & Records",Sherri Adkins,sherri.adkins@plains.com,(713)993-5676,,,,,,
9/1/2026,2022,20230352,20266,39654,ORYX DELAWARE OIL TRANSPORT LLC,333 Clay St. Suite 1900,Houston,TX,77002,Crude Oil,"Sr Manager, HSE, Integrity & Records",Sherri Adkins,sherri.adkins@plains.com,(713)993-5676,,,Patrick D. Hodgins,"VP Health, Safety & Environment - North America",patrick.hodgins@plains.com,(713)646-4152
9/1/2026,2022,20230353,20267,40059,"ORYX MIDLAND OIL GATHERING, LLC",333 Clay St. Suite 1900 SUITE 500,Houston,TX,77002,Crude Oil,"Sr. Manager, HSE Integrity & Records",Sherri Adkins,sherri.adkins@plains.com,(713)993-5676,,,Patrick D. Hodgins,"VP Health, Safety and Environmental - North America",patrick.hodgins@plains.com,(713)646-4152
9/1/2026,2022,20230354,20268,40479,ADVANTAGE PIPELINE LLC,"333 CLAY STREET, SUITE 1900",HOUSTON,TX,77002,Crude Oil,"Sr. Manager, HSE, Integrity & Records",Sherri Adkins,sherri.adkins@plains.com,(713)993-5676,,,,,,
9/1/2026,2022,20230355,20269,26049,"COUNTRYMARK REFINING AND LOGISTICS, LLC","225 S.E. ST. , SUITE 44",INDIANAPOLIS,IN,46202,Refined and/or Petroleum Product (non-HVL),Manager of Pipeline Integrity,blair currie,blair.currie@countrymark.com,8128488888,,,Ash Titzer,VP Of Production and Midstream,ash.titzer@countrymark.com,(812)838-8152
9/1/2026,2022,20230356,20270,26049,"COUNTRYMARK REFINING AND LOGISTICS, LLC","225 S.E. ST. , SUITE 44",INDIANAPOLIS,IN,46202,Crude Oil,Operator,Blair Currie,blair.currie@countrymark.com,(812)838-8555,,,Ash Titzer,VP Of Production and Midstream,ash.titzer@countrymark.com,(812)838-8152
9/1/2026,2022,20230357,20271,31502,OCCIDENTAL PERMIAN LTD,"5 GREENWAY PLAZA, SUITE 110",HOUSTON,TX,77046,HVL,HSE Lead,Carl Morales,carl_morales@oxy.com,(432)699-8397,,,Vishal Gupta,President & General Manager,vishal_gupta@oxy.com,(713)366-5587
9/1/2026,2022,20230358,20273,40498,PLAINS PIPELINE MIDCON LLC,"333 CLAY STREET, SUITE 1900",HOUSTON,TX,77002,Crude Oil,"Sr. Manager, HSE, Integrity & Records",Sherri Adkins,sherri.adkins@plains.com,(713)993-5676,,,Patrick Hodgins,"Vice President, Health, Safety and Environmental - North America",patrick.hodgins@plains.com,(713)646-4152
9/1/2026,2022,20230359,20757,22830,WOLVERINE PIPELINE CO,"8075 Creekside Dr., Ste. 210",Portage,MI,49024-6303,Refined and/or Petroleum Product (non-HVL),Safety & Regulatory Analyst,Lindsey Casey,Lindsey_Casey@wplco.com,(269)323-2491,,,Chris Neely,Vice President & Manager,Chris_Neely@wplco.com,(269)323-2491
9/1/2026,2022,20230360,20276,32572,"TOLEDO REFINING COMPANY, LLC",1819 WOODVILLE ROAD,OREGON,OH,43616,Refined and/or Petroleum Product (non-HVL),Senior DOT Regulatory Compliance Coordinator,Greg Thomas,gregory.thomas@pbfenergy.com,(419)697-6445,,,Gregory M Thomas,Senior DOT Regulatory Compliance Coordinator,gregory.thomas@pbfenergy.com,(419)697-6445
9/1/2026,2022,20230361,20277,32572,"TOLEDO REFINING COMPANY, LLC",1819 WOODVILLE ROAD,OREGON,OH,43616,Crude Oil,Senior DOT Regulatory Compliance Coordinator,Greg Thomas,gregory.thomas@pbfenergy.com,(419)697-6445,,,,,,
9/1/2026,2022,20230362,20278,39099,CALIBER NORTH DAKOTA LLC,"1805 SHEA CENTER DR, SUITE 120",HIGHLANDS RANCH,CO,80129,HVL,HSE Manager,Jonathan Daugereau,jdaugereau@calibermidstream.com,(337)789-7717,,,,,,
9/1/2026,2022,20230363,20279,40213,"BRETON SOUND GATHERING, LLC",5850 SAN FELIPE 250,HOUSTON,TX,77057,Crude Oil,Regulatory Consultant,Schuyler Dickerson,schuyler.dickerson@everlineus.com,(832)386-5484,,,,,,
9/1/2026,2022,20230364,20280,31136,WICKLAND PIPELINES LLC,PO BOX 13648,SACRAMENTO,CA,95853-4648,Refined and/or Petroleum Product (non-HVL),Regulatory Consultant,Schuyler Dickerson,schuyler.dickerson@everlineus.com,(832)386-5484,,,Matt Wickland,Vice President,mwickland@wickland.com,(510)258-2662
9/1/2026,2022,20230365,20281,39179,"AMPLIFY ENERGY OPERATING, LLC","500 DALLAS, SUITE 1700",HOUSTON,TX,77002,CO2,Regulatory Consultant,Schuyler Dickerson,schuyler.dickerson@everlineus.com,(832)386-5484,,,,,,
9/1/2026,2022,20230366,20282,40004,WILDCAT OIL GATHERING,320 S BOSTON AVE,TULSA,OK,74103,Crude Oil,Regulatory Consultant,Schuyler Dickerson,schuyler.dickerson@everlineus.com,(832)386-5484,,,Landon Worth,EHS Specialist,Landon.Worth@ce2ok.com,(405)496-2442
9/1/2026,2022,20230367,20695,40322,CONTANGO RESOURCES,38250 CO ROAD 131 PO BOX 10,MIDWEST,WY,82643,CO2,Production Foreman,Colten Harns,Colten.Harns@Contango.com,(307)437-9500,,,,,,
9/1/2026,2022,20230368,20284,31720,"EXPRESS HOLDINGS (USA), LLC","915 N ELDRIDGE PARKWAY, SUITE 1100",HOUSTON,TX,77079,Crude Oil,Advisor Regulatory Compliance,Stacy Soine,stacy.soine@enbridge.com,(715)395-3620,,,Michael Koby,Vice President US Operations,michael.koby@enbridge.com,(713)627-6071
9/1/2026,2022,20230369,20285,32135,PHILLIPS 66 COMPANY - LOS ANGELES REFINERY,1660 W. ANAHEIM ST.,WILMINGTON,CA,90744,Crude Oil,"Sr GIS Analyst, Asset Integrity Data Group",Stacey Chapman-Brown,stacey.m.chapman-brown@p66.com,8327651559,,,,,,
9/1/2026,2022,20230370,20286,31947,ENBRIDGE PIPELINES (OZARK) L.L.C.,"915 N ELDRIDGE PARKWAY, SUITE 1100",HOUSTON,TX,77079,Crude Oil,Advisor Regulatory Compliance,Stacy Soine,stacy.soine@enbridge.com,(715)395-3620,,,Michael Koby,Vice President US Operations,michael.koby@enbridge.com,(713)627-6071
9/1/2026,2022,20230371,20287,32135,PHILLIPS 66 COMPANY - LOS ANGELES REFINERY,1660 W. ANAHEIM ST.,WILMINGTON,CA,90744,Refined and/or Petroleum Product (non-HVL),"Sr GIS Analyst, Asset Integrity Data Group",Stacey Chapman-Brown,stacey.m.chapman-brown@p66.com,8327651559,,,,,,
9/1/2026,2022,20230372,20288,31948,ENBRIDGE STORAGE (PATOKA) L.L.C.,"915 N ELDRIDGE PARKWAY, SUITE 1100",HOUSTON,TX,77079,Crude Oil,Advisor Regulatory Compliance,Stacy Soine,stacy.soine@enbridge.com,(715)395-3620,,,,,,
9/1/2026,2022,20230373,20289,32080,"CCPS TRANSPORTATION, LLC","915 N ELDRIDGE PARKWAY, SUITE 1100",HOUSTON,TX,77079,Crude Oil,Advisor Regulatory Compliance,Stacy Soine,stacy.soine@enbridge.com,(715)395-3620,,,Michael Koby,Vice President US Operations,michael.koby@enbridge.com,(713)627-6071
9/1/2026,2022,20230374,22535,39401,GREAT SALT PLAINS PIPELINE LLC,"8301 E 21ST ST, SUITE 370",WICHITA,KS,67206,Crude Oil,Regulatory Consultant,Schuyler Dickerson,schuyler.dickerson@everlineus.com,(832)386-5484,,,Adam Cowart,Managerof EHS,ACowart@mvpipelines.com,(316)469-1320
9/1/2026,2022,20230375,20291,515,DAKOTA GASIFICATION COMPANY,DAKOTA GASIFICATION COMPANY 1717 EAST INTERSTATE AVENUE,BISMARCK,ND,58503-0564,CO2,Pipeline Engineer,Hunter Eslinger,HEslinger@bepc.com,(701)873-6511,,,Dale Johnson,Senior VP & Plant Manager,dalej@bepc.com,(701)873-6635
9/1/2026,2022,20230376,20345,31552,ALPINE TRANSPORTATION CO.,PO BOX 100360,ANCHORAGE,AK,99501,Crude Oil,DOT Program Coordinator,Richard Vicente,richard.vicente@conocophillips.com,(907)265-6742,,,Cameron Reitmeier,Vice President,cameron.reitmeier@conocophillips.com,(907)265-6412
9/1/2026,2022,20230377,20344,10346,KUPARUK TRANSPORTATION CO,PO BOX 100360,ANCHORAGE,AK,99501,Crude Oil,DOT Program Coordinator,Richard Vicente,richard.vicente@conocophillips.com,(907)265-6742,,,Cameron Reitmeier,Vice President,cameron.reitmeier@conocophillips.com,(907)265-6412
9/1/2026,2022,20230378,20294,32502,ENBRIDGE PIPELINES (SOUTHERN LIGHTS) L.L.C.,"915 N ELDRIDGE PARKWAY, SUITE 1100",HOUSTON,TX,77079,Refined and/or Petroleum Product (non-HVL),Advisor Regulatory Compliance,Stacy Soine,stacy.soine@enbridge.com,(715)395-3620,,,Michael Koby,Vice President US Operations,michael.koby@enbridge.com,(713)627-6071
9/1/2026,2022,20230379,20760,39806,"EVX MIDSTREAM PARTNERS, LLC","811 LOUISIANA STREET, SUITE 2500",HOUSTON,TX,77002,Crude Oil,Regulatory Consultant,Schuyler Dickerson,schuyler.dickerson@everlineus.com,(832)386-5484,,,,,,
9/1/2026,2022,20230380,20296,38945,BAKKEN PIPELINE COMPANY LP,"915 N ELDRIDGE PARKWAY, SUITE 1100",HOUSTON,TX,77079,Crude Oil,Advisor Regulatory Compliance,Stacy Soine,stacy.soine@enbridge.com,(715)395-3620,,,Michael Koby,Vice President US Operations,michael.koby@enbridge.com,(713)627-6071
9/1/2026,2022,20230382,20914,32095,"LBC HOUSTON, L.P.",11666 PORT ROAD,SEABROOK,TX,77573,HVL,Regulatory Consultant,Schuyler Dickerson,schuyler.dickerson@everlineus.com,(832)386-5484,,,Bobby Panepinto,Regional Manager,b-panepinto@lbctt.com,(832)205-3464
9/1/2026,2022,20230383,20299,26099,TAMPA BAY PIPELINE CO.,4120 HIGEL AVE.,SARASOTA,FL,34242,HVL,General Manager,Gregory Lipscomb,greg.lipscomb@panamericanpipelines.com,(813)918-7216,,,Bob Rose,President,tampapc@outlook.com,(626)453-6006
9/1/2026,2022,20230384,20300,31970,"CONOCOPHILLIPS ALASKA, INC.",PO BOX 100360,ANCHORAGE,AK,99501,Refined and/or Petroleum Product (non-HVL),DOT Program Coordinator,Richard Vicente,richard.vicente@conocophillips.com,(907)265-6742,,,Ed Connelly,Vice President North Slope Operations,Ed.Connelly@conocophillips.com,(907)265-1632
9/1/2026,2022,20230385,20301,39145,ENBRIDGE STORAGE (CUSHING) L.L.C.,"915 N ELDRIDGE PARKWAY, SUITE 1100",HOUSTON,TX,77079,Crude Oil,Advisor Regulatory Compliance,Stacy Soine,stacy.soine@enbridge.com,(715)395-3620,,,Michael Koby,Vice President US Operations,michael.koby@enbridge.com,(713)627-6071
9/1/2026,2022,20230386,20302,39347,"ILLINOIS EXTENSION PIPELINE COMPANY, L.L.C.","915 N ELDRIDGE PARKWAY, SUITE 1100",HOUSTON,TX,77079,Crude Oil,Advisor Regulatory Compliance,Stacy Soine,stacy.soine@enbridge.com,(715)395-3620,,,Michael Koby,Vice President US Operations,michael.koby@enbridge.com,(713)627-6071
9/1/2026,2022,20230387,20306,32428,"INTERCONTINENTAL TERMINAL COMPANY, LLC",1943 BATTLEGROUND ROAD,DEER PARK,TX,77536,Refined and/or Petroleum Product (non-HVL),Regulatory Consultant,Schuyler Dickerson,schuyler.dickerson@everlineus.com,(832)386-5484,,,Angel Roldan,Compliance Support Specialist,ARoldan@iterm.com,(281)515-0893
9/1/2026,2022,20230388,20304,26041,"KINDER MORGAN LIQUID TERMINALS, LLC","1001 LOUISIANA ST, SUITE 1000",HOUSTON,TX,77002,HVL,Manager,Angel Rivera,angel_rivera@kindermorgan.com,(713)420-6325,,,William P Brown,Chief Operating Officer,williamp_brown@kindermorgan.com,(713)369-8755
9/1/2026,2022,20230389,21585,26041,"KINDER MORGAN LIQUID TERMINALS, LLC","1001 LOUISIANA ST, SUITE 1000",HOUSTON,TX,77002,Refined and/or Petroleum Product (non-HVL),Manager,Angel Rivera,angel_rivera@kindermorgan.com,(713)420-6325,,,William P Brown,Chief Operating Officer,williamp_brown@kindermorgan.com,(713)369-8755
9/1/2026,2022,20230390,20307,31067,AERA ENERGY LLC,"10000 MING AVE. (P.O. BOX 11164, 93389-1164)",BAKERSFIELD,CA,93311,HVL,Health and Safety Advisor,Jeff Gurican,jagurican@aeraenergy.com,(661)858-8752,,,,,,
9/1/2026,2022,20230392,20309,30626,TARGA NGL PIPE LINE CO,811 LOUISIANA ST. SUITE 2100,HOUSTON,TX,77002,HVL,Sr. Compliance Specialist,Sue Guidry,sguidry@targaresources.com,(337)794-8247,,,Bill Grantham,"Vice-President, Operations",bgrantham@targaresources.com,(713)584-1457
9/1/2026,2022,20230393,20694,32428,"INTERCONTINENTAL TERMINAL COMPANY, LLC",1943 BATTLEGROUND ROAD,DEER PARK,TX,77536,HVL,Regulatory Consultant,Schuyler Dickerson,schuyler.dickerson@everlineus.com,(832)386-5484,,,Angel Roldan,Compliance Support Specialist,ARoldan@iterm.com,(281)515-0893
9/1/2026,2022,20230394,20311,39504,"MAGELLAN CRUDE OIL PIPELINE COMPANY, L.P.","ONE WILLIAMS CENTER, MD OTC-9",TULSA,OK,74172,Crude Oil,Strategic Data Engineer,Caroline Ratliff,caroline.ratliff@magellanlp.com,(918)574-7065,,,Jason Smith,Vice President Asset Integrity,Jason.Smith@Magellanlp.com,(918)574-7332
9/1/2026,2022,20230395,20312,39433,"MAGELLAN OPERATING COMPANY, LLC","ONE WILLIAMS CENTER, MD OTC-9",TULSA,OK,74172,Crude Oil,Strategic Data Engineer,Caroline Ratliff,caroline.ratliff@magellanlp.com,(918)574-7065,,,Jason Smith,Vice President Asset Integrity,Jason.Smith@Magellanlp.com,(918)574-7332
9/1/2026,2022,20230396,20313,39433,"MAGELLAN OPERATING COMPANY, LLC","ONE WILLIAMS CENTER, MD OTC-9",TULSA,OK,74172,Refined and/or Petroleum Product (non-HVL),Strategic Data Engineer,Caroline Ratliff,caroline.ratliff@magellanlp.com,(918)574-7065,,,Jason Smith,Vice President Asset Integrity,Jason.Smith@Magellanlp.com,(918)574-7332
9/1/2026,2022,20230397,20314,39785,"EPIC CONSOLIDATED OPERATIONS, LLC","18615 TUSCANY STONE, SUITE 300",SAN ANTONIO,TX,78258,HVL,Consultant,Jennifer McGalliard,jenn.mcgalliard@flatrockenergy.net,(405)570-7089,,,Grover Clifton,Vice President of Operations,gclifton@epicmid.com,(210)587-6004
9/1/2026,2022,20230398,20315,39433,"MAGELLAN OPERATING COMPANY, LLC","ONE WILLIAMS CENTER, MD OTC-9",TULSA,OK,74172,HVL,Strategic Data Engineer,Caroline Ratliff,caroline.ratliff@magellanlp.com,(918)574-7065,,,,,,
9/1/2026,2022,20230399,20316,22610,"MAGELLAN PIPELINE COMPANY, LP","ONE WILLIAMS CENTER, MD OTC-9 P.O. BOX 22186, OTC-9",TULSA,OK,74172,Crude Oil,Strategic Data Engineer,Caroline Ratliff,caroline.ratliff@magellanlp.com,(918)574-7065,,,Jason Smith,Vice President Asset Integrity,Jason.Smith@Magellanlp.com,(918)574-7332
9/1/2026,2022,20230400,20317,40127,"THE SAN ANTONIO REFINERY, LLC",1 BDA CROSSING SUITE 100,SAN ANTONIO,TX,78235,Crude Oil,Consultant,Jennifer Mcgalliard,jenn.mcgalliard@flatrockenergy.net,(405)570-7089,,,Ray Mettetal,President,Ray@tsar-llc.com,(832)263-1482
9/1/2026,2022,20230401,20318,39303,"BASA RESOURCES, INC.",14875 LANDMARK BLVD. SUITE 400,DALLAS,TX,75254,Crude Oil,Agent,Jeff Davidson,jeff.davidson@pplcompliance.com,(903)472-9310,,,T'nae Thiel,Regulatory,tthiel@basaresources.com,(214)559-4200
9/1/2026,2022,20230402,20319,22610,"MAGELLAN PIPELINE COMPANY, LP","ONE WILLIAMS CENTER, MD OTC-9 P.O. BOX 22186, OTC-9",TULSA,OK,74172,HVL,Strategic Data Engineer,Caroline Ratliff,caroline.ratliff@magellanlp.com,(918)574-7065,,,Jason Smith,Vice President Asset Integrity,Jason.Smith@Magellanlp.com,(918)574-7332
9/1/2026,2022,20230403,20668,40058,"LM TOUCHDOWN, LLC",2850 N. HARWOOD 1050,DALLAS,TX,75201,Crude Oil,Sr. Consultant,Jeff Davidson,jeff.davidson@pplcompliance.com,(903)472-9310,,,,,,
9/1/2026,2022,20230404,20321,39033,"NESSON GATHERING SYSTEM, LLC",22777 SPRINGWOODS VILLAGE PARKWAY,SPRING,TX,77389,HVL,DOT Advisor,Jameson Gowin,jameson.gowin@exxonmobil.com,(817)201-9373,,,,,,
9/1/2026,2022,20230405,20322,31579,"MAGELLAN PIPELINES HOLDINGS, LP","ONE WILLIAMS CENTER, MD OTC-9 P.O. BOX 22186",TULSA,OK,74172,Crude Oil,Strategic Data Engineer,Caroline Ratliff,caroline.ratliff@magellanlp.com,(918)574-7065,,,Jason Smith,Vice President Asset Integrity,Jason.Smith@Magellanlp.com,(918)574-7332
9/1/2026,2022,20230406,20323,39241,ZENITH ENERGY TERMINALS JOLIET HOLDINGS LLC,3900 ESSEX LANE SUITE 700,HOUSTON,TX,77027,Crude Oil,Junior Engineering Project Manager,Candice Chung,candice.chung@zenithterminals.com,(562)263-3948,,,Shannon Caldwell,Vice President of HSER & Regulatory,shannon.caldwell@zenithterminals.com,(713)395-6231
9/1/2026,2022,20230407,20324,31579,"MAGELLAN PIPELINES HOLDINGS, LP","ONE WILLIAMS CENTER, MD OTC-9 P.O. BOX 22186",TULSA,OK,74172,Refined and/or Petroleum Product (non-HVL),Strategic Data Engineer,Caroline Ratliff,caroline.ratliff@magellanlp.com,(918)574-7065,,,Jason Smith,Vice President Asset Integrity,Jason.Smith@Magellanlp.com,(918)574-7332
9/1/2026,2022,20230408,20730,31580,"MAGELLAN TERMINALS HOLDINGS, LP","ONE WILLIAMS CENTER, MD OTC-9 P.O. BOX 22186, OTC-9",TULSA,OK,74172,Crude Oil,Strategic Data Engineer,Caroline Ratliff,caroline.ratliff@oneok.com,(918)574-7065,,,Jason Smith,Vice President RP and Crude Asset Integrity,jason.a.smith@oneok.com,(918)574-7332
9/1/2026,2022,20230409,20326,31580,"MAGELLAN TERMINALS HOLDINGS, LP","ONE WILLIAMS CENTER, MD OTC-9 P.O. BOX 22186, OTC-9",TULSA,OK,74172,Refined and/or Petroleum Product (non-HVL),Strategic Data Engineer,Caroline Ratliff,caroline.ratliff@magellanlp.com,(918)574-7065,,,Jason Smith,Vice President Asset Integrity,Jason.Smith@Magellanlp.com,(918)574-7332
9/1/2026,2022,20230410,20327,39941,"MARKWEST UTICA EMG, L.L.C.","1515 ARAPAHOE STREET TOWER 1, SUITE 1600",DENVER,CO,80202,HVL,Pipeline Compliance Specialist,Victoria Randall,VMRandall@MPLX.com,(435)219-1288,,,Greg Floerke,Executive Vice President,GSFloerke@MPLX.com,(303)476-5680
9/1/2026,2022,20230411,20328,40306,SWISSPORT INC,575 KITTY HAWK WAY,LAS VEGAS,NV,89111,Refined and/or Petroleum Product (non-HVL),General Manager,Ronald Crowl,ronald.crowl@swissport.com,(702)261-5487,,,Loran Drellack,"Director, Consortium Operations",Loran.Drellack@swissport.com,(702)261-5487
9/1/2026,2022,20230412,20329,31178,XTO ENERGY INC,22777 SPRINGWOODS VILLAGE PARKWAY,SPRING,TX,77389,CO2,DOT Advisor,Jameson Gowin,jameson.gowin@exxonmobil.com,(817)201-9373,,,Max Boone,Max Boone,max.boone@exxonmobil.com,(832)624-5972
9/1/2026,2022,20230413,20330,32293,"COPANO FIELD SERVICES/NORTH TEXAS, LLC","1001 LOUISIANA ST, SUITE 1000",HOUSTON,TX,77002,HVL,Pipeline Engineer,Vignesh Raman,Vignesh_Raman@kindermorgan.com,(713)420-2429,,,,,,
9/1/2026,2022,20230414,20331,40170,EASTON ENERGY PIPELINES LLC,15375 MEMORIAL DRIVE SUITE 850,HOUSTON,TX,77079,Refined and/or Petroleum Product (non-HVL),GIS Analyst,Sheridan Sanders,ssanders@eastonenergy.com,(281)767-2511,,,Ross Dillon,Chief Operating Officer,rdillon@eastonenergy.com,(281)767-2511
9/1/2026,2022,20230415,20332,40170,EASTON ENERGY PIPELINES LLC,15375 MEMORIAL DRIVE SUITE 850,HOUSTON,TX,77079,HVL,GIS Analyst,Sheridan Sanders,ssanders@eastonenergy.com,(281)767-2511,,,Ross Dillon,Chief Operating Officer,rdillon@eastonenergy.com,(281)767-2511
9/1/2026,2022,20230416,20333,32011,"HOLLY ENERGY PARTNERS - OPERATING, L.P.",2828 N. HARWOOD SUITE 1300,DALLAS,TX,75201,Crude Oil,GIS Specialist III,Adan DeLeon,adan.deleon@hollyenergy.com,(214)954-3947,,,Rob Jamieson,Sr Vice President and COO,Robert.Jamieson@hollyenergy.com,(214)871-3555
9/1/2026,2022,20230417,20334,40142,"MAX MIDSTREAM TEXAS, LLC",3009 Post Oak Blvd #1210,Houston,TX,77056,Crude Oil,"Director, EHS",Jeff Stoolman,jeff.stoolman@maxmidstream.com,(832)728-1477,,,David Huffman,David Huffman,david.huffman@maxmidstream.com,(409)902-2682
9/1/2026,2022,20230418,20740,30657,BRAVO PIPELINE COMPANY,5 GREENWAY PLAZA SUITE 110,HOUSTON,TX,77046,CO2,Pipeline Operations Lead,Bradey Holland,bradey_holland@oxy.com,(806)229-9606,,,Vishal Gupta,President and General Manager EOR,Vishal_Gupta@oxy.com,(713)215-7235
9/1/2026,2022,20230419,20646,40149,MPLX LP,1515 ARAPAHOE STREET SUITE 1600,DENVER,CO,80202,Crude Oil,Pipeline Compliance Specialist,Victoria Randall,VMRandall@MPLX.com,(435)219-1288,,,Greg Floerke,Executive Vice President,GSFloerke@MPLX.com,(303)476-5680
9/1/2026,2022,20230420,21016,39090,"NUTAAQ PIPELINE, LLC",188 WEST NORTHERN LIGHTS BLVD,ANCHORAGE,AK,99503,Crude Oil,Pipeline Compliance Engineer,Wendell M. Wassmann,wwassmann@glacieroil.com,(907)328-9446,,,David Pascal,Chief Operating Officer,dpascal@glacieroil.com,(907)344-6745
9/1/2026,2022,20230421,20338,14391,"OSAGE PIPE LINE COMPANY, LLC",2828 N. HARWOOD SUITE 1300,DALLAS,TX,75201,Crude Oil,GIS Specialist III,Adan DeLeon,adan.deleon@hollyenergy.com,(214)954-3947,,,Rob Jamieson,Sr Vice President and COO,Robert.Jamieson@hollyenergy.com,(214)871-3555
9/1/2026,2022,20230422,20339,32450,"ROADRUNNER PIPELINE, L.L.C.",2828 N HARWOOD ST.  SUITE 1300,DALLAS,TX,75201,Crude Oil,GIS Specialist III,Adan DeLeon,adan.deleon@hollyenergy.com,(214)954-3947,,,Rob Jamieson,Sr Vice President and COO,Robert.Jamieson@hollyenergy.com,(214)871-3555
9/1/2026,2022,20230423,20340,32493,"UNEV PIPELINE, LLC",2828 N. HARWOOD ST. SUITE 1300,DALLAS,TX,75201,Refined and/or Petroleum Product (non-HVL),GIS Specialist III,Adan DeLeon,adan.deleon@hollyenergy.com,(214)954-3947,,,Rob Jamieson,Sr Vice President and COO,Robert.Jamieson@hollyenergy.com,(214)871-3555
9/1/2026,2022,20230424,20341,39099,CALIBER NORTH DAKOTA LLC,"1805 SHEA CENTER DR, SUITE 120",HIGHLANDS RANCH,CO,80129,Crude Oil,HSE Manager,Jonathan Daugereau,jdaugereau@calibermidstream.com,(337)789-7717,,,Jonathan Daugereau,HSE Manager,jdaugereau@calibermidstream.com,(337)789-7717
9/1/2026,2022,20230425,20342,40061,"CUSHING CONNECT PIPELINE HOLDINGS, LLC.",2828 N. HARWOOD STE 1300,DALLAS,TX,75201,Crude Oil,GIS Specialist III,Adan DeLeon,adan.deleon@hollyenergy.com,(214)954-3947,,,Rob Jamieson,Sr Vice President and COO,Robert.Jamieson@hollyenergy.com,(214)871-3555
9/1/2026,2022,20230426,20343,40526,AIRCRAFT SERVICE INTERNATIONAL INC,3500 WILLIAM D. TATE AVE SUITE 200,GRAPEVINE,TX,76051,Refined and/or Petroleum Product (non-HVL),General Manager,Steve Minter,steve.minter@menziesaviation.com,(713)645-8444,,,Randy Davies,Senior Vice President Fuel Americas,Randy.Davies@menziesaviation.com,(516)857-5371
9/1/2026,2022,20230427,20346,19481,T & M TERMINAL CO,ONE SYLVAN WAY SECOND FLOOR,PARSIPPANY,NJ,07054,Refined and/or Petroleum Product (non-HVL),Regulatory Compliance Advisor,Araceli Gudino,araceli.gudino@pbfenergy.com,(310)212-1764,,,,,,
9/1/2026,2022,20230428,20347,15156,SINCLAIR TRANSPORTATION COMPANY,2828 N HARWOOD SUITE 1300,DALLAS,TX,75201,Crude Oil,GIS Specialist III,Adan DeLeon,adan.deleon@hollyenergy.com,(214)954-3947,,,Rob Jamieson,Sr Vice President and COO,Robert.Jamieson@hollyenergy.com,(214)871-3555
9/1/2026,2022,20230429,20351,26120,COLLINS PIPELINE CO,ONE SYLVAN WAY SECOND FLOOR,PARSIPPANY,NJ,07054,Refined and/or Petroleum Product (non-HVL),Regulatory Compliance Advisor,Araceli Gudino,araceli.gudino@pbfenergy.com,(310)212-1764,,,Jim Fedena,Sr. VP Logistics,jim.fedena@pbfenergy.com,(973)455-8921
9/1/2026,2022,20230430,20349,7063,HARBOR PIPELINE CO,1300 MAIN STREET,HOUSTON,TX,77002,Refined and/or Petroleum Product (non-HVL),Director - Regulatory Compliance,todd Nardozzi,todd.nardozzi@energytransfer.com,(713)989-7126,,,Jennifer Street,Group SVP - Operations Services,Jennifer.street@energytransfer.com,(214)981-0700
9/1/2026,2022,20230431,20350,15156,SINCLAIR TRANSPORTATION COMPANY,2828 N HARWOOD SUITE 1300,DALLAS,TX,75201,Refined and/or Petroleum Product (non-HVL),GIS Specialist III,Adan DeLeon,adan.deleon@hollyenergy.com,(214)954-3947,,,Rob Jamieson,Sr Vice President and COO,Robert.Jamieson@hollyenergy.com,(214)871-3555
9/1/2026,2022,20230432,20352,32011,"HOLLY ENERGY PARTNERS - OPERATING, L.P.",2828 N. HARWOOD SUITE 1300,DALLAS,TX,75201,Refined and/or Petroleum Product (non-HVL),GIS Specialist III,Adan DeLeon,adan.deleon@hollyenergy.com,(214)954-3947,,,Rob Jamieson,"Vice President, Engineering & Technical Services",Robert.Jamieson@hollyenergy.com,(214)871-3555
9/1/2026,2022,20230433,20353,31167,MOEM PIPELINE LLC,ONE SYLVAN WAY SECOND FLOOR,PARSIPPANY,NJ,07054,Crude Oil,Regulatory Compliance Advisor,Araceli Gudino,araceli.gudino@pbfenergy.com,(310)212-1764,,,Jim Fedena,Sr. VP Logistics,jim.fedena@pbfenergy.com,(973)455-8921
9/1/2026,2022,20230434,20354,12470,MID - VALLEY PIPELINE CO,1300 MAIN STREET,HOUSTON,TX,77002,Crude Oil,Director - Regulatory Compliance,Todd Nardozzi,Todd.nardozzi@energytransfer.com,(713)989-7126,,,Jennifer Street,Group SVP - Operations Services,Jennifer.street@energytransfer.com,(214)981-0700
9/1/2026,2022,20230435,20355,39409,"CHALMETTE REFINING, L.L.C.",ONE SYLVAN WAY SECOND FLOOR,PARSIPPANY,NJ,07054,Crude Oil,Regulatory Compliance Advisor,Araceli Gudino,araceli.gudino@pbfenergy.com,(310)212-1764,,,Jim Fedena,Sr. VP Logistics,jim.fedena@pbfenergy.com,(973)455-8921
9/1/2026,2022,20230436,20356,22442,WEST TEXAS GULF PIPELINE CO,1300 MAIN STREET,HOUSTON,TX,77002,Crude Oil,Director - Regulatory Compliance,Todd Nardozzi,Todd.nardozzi@energytransfer.com,(713)989-7126,,,Jennifer Street,Group SVP - Operations Services,Jennifer.street@energytransfer.com,(214)981-0700
9/1/2026,2022,20230437,20357,39409,"CHALMETTE REFINING, L.L.C.",ONE SYLVAN WAY SECOND FLOOR,PARSIPPANY,NJ,07054,Refined and/or Petroleum Product (non-HVL),Regulatory Compliance Advisor,Araceli Gudino,araceli.gudino@pbfenergy.com,(310)212-1764,,,Jim Fedena,VP Sr. Logistics,jim.fedena@pbfenergy.com,(973)455-8921
9/1/2026,2022,20230438,20358,32288,"WHITE CLIFFS PIPELINE, LLC",1300 MAIN STREET,HOUSTON,TX,77002,HVL,Director - Regulatory Compliance,Todd Nardozzi,Todd.nardozzi@energytransfer.com,(713)989-7126,,,Jennifer Street,Group SVP - Operations Services,Jennifer.street@energytransfer.com,(214)981-0700
9/1/2026,2022,20230439,20359,32288,"WHITE CLIFFS PIPELINE, LLC",1300 MAIN STREET,HOUSTON,TX,77002,Crude Oil,Director - Regulatory Compliance,Todd Nardozzi,Todd.nardozzi@energytransfer.com,(713)989-7126,,,Jennifer Street,Group SVP - Operations Services,Jennifer.street@energytransfer.com,(214)981-0700
9/1/2026,2022,20230440,21728,32683,INLAND CORPORATION,1300 MAIN STREET,HOUSTON,TX,77002,Refined and/or Petroleum Product (non-HVL),Director - Regulatory Compliance,Todd Nardozzi,Todd.nardozzi@energytransfer.com,(713)989-7126,,,Jennifer Street,Group SVP - Operations Services,Jennifer.street@energytransfer.com,(214)981-0700
9/1/2026,2022,20230441,20361,32495,"DELAWARE PIPELINE COMPANY, LLC",ONE SYLVAN WAY - SECOND FLOOR,PARSIPPANY,NJ,07054,Refined and/or Petroleum Product (non-HVL),Regulatory Compliance Advisor,Araceli Gudino,araceli.gudino@pbfenergy.com,(310)212-1764,,,Jim Fedena,Sr. VP Logistics,jim.fedena@pbfenergy.com,(972)455-8921
9/1/2026,2022,20230442,20362,39020,"ENABLE BAKKEN CRUDE SERVICES, LLC",1300 Main Street,Houston,TX,77002,Crude Oil,Director - Regulatory Compliance,Todd Nardozzi,Todd.nardozzi@energytransfer.com,(713)989-7126,,,,,,
9/1/2026,2022,20230443,20363,39205,"DAPL-ETCO OPERATIONS MANAGEMENT, LLC",1300 MAIN STREET,HOUSTON,TX,77002,Crude Oil,Director - Regulatory Compliance,Todd Nardozzi,Todd.nardozzi@energytransfer.com,(713)989-7126,,,Jennifer Street,Group SVP - Operations Services,Jennifer.street@energytransfer.com,(214)981-0700
9/1/2026,2022,20230444,20364,32083,"DCOR, LLC",1000 TOWN CENTER DRIVE SUITE 600,OXNARD,CA,93036,Crude Oil,Pipeline Coordinator,Josh Fleming,jfleming@dcorllc.com,(805)535-2077,,,Scott Knight,VP HS&E and Regulatory,sknight@dcorllc.com,(805)535-2066
9/1/2026,2022,20230445,20365,39532,TORRANCE BASIN PIPELINE COMPANY LLC,ONE SYLVAN WAY SECOND FLOOR,PARSIPPANY,NJ,07054,Crude Oil,Regulatory Compliance Advisor,Araceli Gudino,araceli.gudino@pbfenergy.com,(310)212-1764,,,Jim Fedena,Sr. VP Logistics,jim.fedena@pbfenergy.com,(973)455-8921
9/1/2026,2022,20230446,20366,39462,"BAYOU BRIDGE PIPELINE, LLC",1300 MAIN STREET,HOUSTON,TX,77002,Crude Oil,Director - Regulatory Compliance,Todd Nardozzi,Todd.nardozzi@energytransfer.com,(713)989-7126,,,Jennifer Street,Group SVP - Operations Services,Jennifer.street@energytransfer.com,(214)981-0700
9/1/2026,2022,20230447,20367,39532,TORRANCE BASIN PIPELINE COMPANY LLC,ONE SYLVAN WAY SECOND FLOOR,PARSIPPANY,NJ,07054,Refined and/or Petroleum Product (non-HVL),Regulatory Compliance Advisor,Araceli Gudino,araceli.gudino@pbfenergy.com,(310)212-1764,,,Jim Fedena,Sr. VP Logistics,jim.fedena@pbfenergy.com,(973)455-8921
9/1/2026,2022,20230448,20368,39533,TORRANCE LOGISTICS COMPANY LLC,ONE SYLVAN WAY SECOND FLOOR,PARSIPPANY,NJ,07054,Crude Oil,Regulatory Compliance Advisor,Araceli Gudino,araceli.gudino@pbfenergy.com,(310)212-1764,,,Jim Fedena,Sr. VP Logistics,jim.fedena@pbfenergy.com,(973)455-8921
9/1/2026,2022,20230449,20369,39533,TORRANCE LOGISTICS COMPANY LLC,ONE SYLVAN WAY SECOND FLOOR,PARSIPPANY,NJ,07054,Refined and/or Petroleum Product (non-HVL),Regulatory Compliance Advisor,Araceli Gudino,araceli.gudino@pbfenergy.com,(310)212-1764,,,,,,
9/1/2026,2022,20230450,20370,39706,ENERGY TRANSFER NEDERLAND TERMINAL LLC,1300 MAIN STREET,HOUSTON,TX,77002,Crude Oil,Director - Regulatory Compliance,Todd Nardozzi,Todd.nardozzi@energytransfer.com,(713)989-7126,,,,,,
9/1/2026,2022,20230451,20371,39534,TORRANCE VALLEY PIPELINE COMPANY LLC,1 SYLVAN WAY 2ND FLOOR,PARSIPPANY,NJ,07054,Crude Oil,Regulatory Compliance Advisor,Araceli Gudino,araceli.gudino@pbfenergy.com,(310)212-1764,,,Jim Fedena,Sr. VP Logistics,jim.fedena@pbfenergy.com,(973)455-8921
9/1/2026,2022,20230452,20372,39535,TORRANCE PIPELINE COMPANY LLC,ONE SYLVAN WAY SECOND FLOOR,PARSIPPANY,NJ,07054,Crude Oil,Regulatory Compliance Advisor,Araceli Gudino,araceli.gudino@pbfenergy.com,(310)212-1764,,,Jim Fedena,Sr. VP Logistics,jim.fedena@pbfenergy.com,(973)455-8921
9/1/2026,2022,20230453,20373,39535,TORRANCE PIPELINE COMPANY LLC,ONE SYLVAN WAY SECOND FLOOR,PARSIPPANY,NJ,07054,Refined and/or Petroleum Product (non-HVL),Regulatory Compliance Advisor,Araceli Gudino,araceli.gudino@pbfenergy.com,(310)212-1764,,,Jim Fedena,Sr. VP Logistics,jim.fedena@pbfenergy.com,(973)455-8921
9/1/2026,2022,20230454,20374,39618,TORRANCE REFINING COMPANY LLC,ONE SYLVAN WAY,PARSIPPANY,NJ,07054,Crude Oil,Sr. Safety Specialist,Vanessa Franco,vanessa.franco@pbfenergy.com,(310)212-1882,,,,,,
9/1/2026,2022,20230455,20375,39131,PERMIAN EXPRESS TERMINAL LLC,1300 MAIN STREET,HOUSTON,TX,77002,Crude Oil,Director - Regulatory Compliance,Todd Nardozzi,Todd.nardozzi@energytransfer.com,(713)989-7126,,,Jennifer Street,Group SVP - Operations Services,Jennifer.street@energytransfer.com,(214)981-0700
9/1/2026,2022,20230456,20376,40076,MARTINEZ PIPELINE COMPANY LLC,"ONE SYLVAN WAY, SECOND FLOOR",PARSIPPANY,NJ,07054,Refined and/or Petroleum Product (non-HVL),Regulatory Compliance Advisor,Araceli Gudino,araceli.gudino@pbfenergy.com,(310)212-1764,,,Jim Fedena,Sr. VP Logistics,jim.fedena@pbfenergy.com,(973)455-8921
9/1/2026,2022,20230457,20377,18718,SUNOCO PIPELINE L.P.,1300 MAIN STREET,HOUSTON,TX,77002,Crude Oil,Director - Regulatory Compliance,Todd Nardozzi,Todd.nardozzi@energytransfer.com,(713)989-7126,,,Jennifer Street,Group SVP - Operations Services,Jennifer.street@energytransfer.com,(214)981-0700
9/1/2026,2022,20230458,22533,18718,SUNOCO PIPELINE L.P.,1300 MAIN STREET,HOUSTON,TX,77002,HVL,Director - Regulatory Compliance,Todd Nardozzi,Todd.nardozzi@energytransfer.com,(713)989-7126,,,Jennifer Street,Group SVP - Operations Services,Jennifer.street@energytransfer.com,(214)981-0700
9/1/2026,2022,20230459,22528,18718,SUNOCO PIPELINE L.P.,1300 MAIN STREET,HOUSTON,TX,77002,Refined and/or Petroleum Product (non-HVL),Director - Regulatory Compliance,Todd Nardozzi,Todd.nardozzi@energytransfer.com,(713)989-7126,,,Jennifer Street,Group SVP - Operations Services,Jennifer.street@energytransfer.com,(214)981-0700
9/1/2026,2022,20230460,20380,26330,"ENABLE OKLAHOMA INTRASTATE TRANSMISSION, LLC",1300 Main Street,Houston,TX,77002,HVL,Director - Regulatory Compliance,Susie Sjulin,Susie.Sjulin@energytransfer.com,(405)557-5271,,,Jennifer Street,Group SVP - Operations Services,Jennifer.street@energytransfer.com,(214)981-0700
9/1/2026,2022,20230461,20381,31202,"ENABLE MIDSTREAM PARTNERS, LP",1300 Main Street,Houston,TX,77002,HVL,Director - Regulatory Compliance,Susie Sjulin,Susie.Sjulin@energytransfer.com,(405)557-5271,,,Jennifer Street,Group SVP - Operations Services,Jennifer.street@energytransfer.com,(214)981-0700
9/1/2026,2022,20230462,20382,31202,"ENABLE MIDSTREAM PARTNERS, LP",1300 Main Street,Houston,TX,77002,Refined and/or Petroleum Product (non-HVL),Director - Regulatory Compliance,Susie Sjulin,Susie.Sjulin@energytransfer.com,(405)557-5271,,,,,,
9/1/2026,2022,20230463,20383,31476,ET CRUDE OPERATING LLC,1300 MAIN STREET,HOUSTON,TX,77002,Crude Oil,Director - Regulatory Compliance,Todd Nardozzi,Todd.nardozzi@energytransfer.com,(713)989-7126,,,Jennifer Street,Group SVP - Operations Services,Jennifer.street@energytransfer.com,(214)981-0700
9/1/2026,2022,20230464,20384,31476,ET CRUDE OPERATING LLC,1300 MAIN STREET,HOUSTON,TX,77002,Refined and/or Petroleum Product (non-HVL),Director - Regulatory Compliance,Todd Nardozzi,Todd.nardozzi@energytransfer.com,(713)989-7126,,,Jennifer Street,Group SVP - Operations Services,Jennifer.street@energytransfer.com,(214)981-0700
9/1/2026,2022,20230465,20385,31476,ET CRUDE OPERATING LLC,1300 MAIN STREET,HOUSTON,TX,77002,HVL,Director - Regulatory Compliance,Todd Nardozzi,Todd.nardozzi@energytransfer.com,(713)989-7126,,,Jennifer Street,Group SVP - Operations Services,Jennifer.street@energytransfer.com,(214)981-0700
9/1/2026,2022,20230466,20386,31863,HFOTCO LLC,1300 MAIN STREET,HOUSTON,TX,77002,Crude Oil,Director - Regulatory Compliance,Todd Nardozzi,Todd.nardozzi@energytransfer.com,(713)989-7126,,,Jennifer Street,Group SVP - Operations Services,Jennifer.street@energytransfer.com,(214)981-0700
9/1/2026,2022,20230467,20387,32096,WYNNEWOOD REFINERY COMPANY,1300 MAIN STREET,HOUSTON,TX,77002,Crude Oil,Director Regulatory Compliance,Todd Nardozzi,todd.nardozzi@energytransfer.com,(713)989-7126,,,Jennifer Street,Group SVP - Operations Services,jennifer.street@energytransfer.com,(214)981-0700
9/1/2026,2022,20230468,20388,32099,ENERGY TRANSFER COMPANY,1300 MAIN STREET,HOUSTON,TX,77002,Crude Oil,Director - Regulatory Compliance,Susie Sjulin,Susie.Sjulin@energytransfer.com,(405)557-5271,,,Jennifer Street,Group SVP - Operations Services,Jennifer.street@energytransfer.com,(214)981-0700
9/1/2026,2022,20230469,21620,32099,ENERGY TRANSFER COMPANY,1300 MAIN STREET,HOUSTON,TX,77002,Refined and/or Petroleum Product (non-HVL),Director - Regulatory Compliance,Susie Sjulin,Susie.Sjulin@energytransfer.com,(405)557-5271,,,Jennifer Street,Group SVP - Operations Services,Jennifer.street@energytransfer.com,(214)981-0700
9/1/2026,2022,20230470,22465,32099,ENERGY TRANSFER COMPANY,1300 MAIN STREET,HOUSTON,TX,77002,HVL,Director - Regulatory Compliance,Susie Sjulin,Susie.Sjulin@energytransfer.com,(405)557-5271,,,Jennifer Street,Group SVP - Operations Services,Jennifer.street@energytransfer.com,(214)981-0700
9/1/2026,2022,20230471,20391,39147,"ENABLE GAS GATHERING, LLC",1300 Main Street,Houston,TX,77002,Crude Oil,Director - Regulatory Compliance,Susie Sjulin,Susie.Sjulin@energytransfer.com,(405)557-5271,,,Jennifer Street,Group SVP - Operations Services,Jennifer.street@energytransfer.com,(214)981-0700
9/1/2026,2022,20230472,20392,39596,PERMIAN EXPRESS PARTNERS LLC,1300 MAIN STREET,HOUSTON,TX,77002,HVL,Director - Regulatory Compliance,Todd Nardozzi,Todd.nardozzi@energytransfer.com,(713)989-7126,,,Jennifer Street,Director - Regulatory Compliance,Jennifer.street@energytransfer.com,(214)981-0700
9/1/2026,2022,20230473,20393,39596,PERMIAN EXPRESS PARTNERS LLC,1300 MAIN STREET,HOUSTON,TX,77002,Crude Oil,Director - Regulatory Compliance,Todd Nardozzi,Todd.nardozzi@energytransfer.com,(713)989-7126,,,Jennifer Street,Group SVP - Operations Services,Jennifer.street@energytransfer.com,(214)981-0700
9/1/2026,2022,20230474,20697,39823,TARGA DOWNSTREAM LLC,811 LOUISIANA ST. SUITE 2100,HOUSTON,TX,77002,HVL,Pipeline Compliance Specialist,Bryan Robison,brobison@targaresources.com,(817)944-0617,(123)456-7891,,Bill Grantham,Vice President Operations,bgrantham@targaresources.com,(713)584-1000
9/1/2026,2022,20230475,20395,39047,"GEL OFFSHORE PIPELINE, LLC",811 LOUISIANA ST. SUITE 1200,HOUSTON,TX,77002,Crude Oil,GIS- Contractor,Morgan Powell,morgan.powell@genlp.com,(713)860-2500,,,,,,
9/1/2026,2022,20230476,20396,39156,TARGA FRIO LASALLE PIPELINE LP,811 Louisiana St. Suite 2100,Houston,TX,77002,HVL,Pipeline Compliance Specialist,Bryan Robison,brobison@targaresources.com,(817)944-0617,(123)456-7899,,Bill Grantham,Vice President Operations,bgrantham@targaresources.com,(713)584-1457
9/1/2026,2022,20230477,20658,39352,"GENESIS OFFSHORE HOLDINGS, LLC",811 LOUISIANA ST. SUITE 1200,HOUSTON,TX,77002,Crude Oil,GIS- Contractor,Morgan Powell,morgan.powell@genlp.com,(713)860-2500,,,Jeffrey W. Gifford,"Vice President- Health, Safety, Security, Environmental",jeff.gifford@genlp.com,(713)860-2500
9/1/2026,2022,20230478,20398,32445,TARGA SOUTHTEX NGL PIPELINE LTD.,811 Louisiana St. Suite 2100,Houston,TX,77002,Refined and/or Petroleum Product (non-HVL),Pipeline Compliance Specialist,Bryan Robison,brobison@targaresources.com,(817)944-0617,(123)456-7891,,,,,
9/1/2026,2022,20230479,20399,32445,TARGA SOUTHTEX NGL PIPELINE LTD.,811 Louisiana St. Suite 2100,Houston,TX,77002,HVL,Pipeline Compliance Specialist,Bryan Robison,brobison@targaresources.com,(817)944-0617,(123)456-7899,,Bill Grantham,Vice President Operations,bgrantham@targaresources.com,(713)584-1000
9/1/2026,2022,20230480,20707,14145,"ENLINK OHIO RIVER VALLEY PIPELINE, LLC",1722 ROUTH STREET SUITE 1300,DALLAS,TX,75201,Crude Oil,Sr. PI/DOT Specialist 1,Brandon Martin,brandon.martin@enlink.com,(432)312-9609,,,Walter Pinto,EVP & COO,walter.pinto@enlink.com,(214)721-9203
9/1/2026,2022,20230481,20401,32117,"ASCENSION PIPELINE COMPANY, LLC",1722 ROUTH STREET SUITE 1300,DALLAS,TX,75201,Refined and/or Petroleum Product (non-HVL),Pipeline Integrity Specialist,Dennis Bayham,dennis.bayham@enlink.com,(225)268-2975,,,Walter Pinto,EVP and COO,walter.pinto@enlink.com,(214)721-9203
9/1/2026,2022,20230482,20402,32296,TARGA RESOURCES OPERATING LLC,811 LOUISIANA ST SUITE 2100,HOUSTON,TX,77002,Crude Oil,Pipeline Compliance Specialist,Bryan Robison,brobison@targaresources.com,(817)944-0617,(123)456-7899,,Bill Grantham,Vice President Operations,bgrantham@targaresources.com,(713)584-1457
9/1/2026,2022,20230483,20714,32005,"ENLINK PROCESSING SERVICES, LLC",1722 ROUTH STREET SUITE 1300,DALLAS,TX,75201,HVL,Sr. PIDOT Specialist 1,Brandon Martin,brandon.martin@enlink.com,(432)312-9609,,,Michael Leblanc,Sr. VP of Operations,michael.leblanc@enlink.com,(214)953-9503
9/1/2026,2022,20230484,20404,15485,PHILLIPS 66 COMPANY - SWEENY REFINERY,2331 CITYWEST BLVD.  S820-06,HOUSTON,TX,77042,Crude Oil,"Senior GIS Analyst, Asset Integrity",Stacey Chapman-Brown,stacey.m.chapman-brown@p66.com,8327651559,,,Manny Cortez,"President, Phillips 66 Pipeline, LLC",manny.h.cortez@p66.com,(832)765-4266
9/1/2026,2022,20230485,20405,32005,"ENLINK PROCESSING SERVICES, LLC",1722 ROUTH STREET SUITE 1300,DALLAS,TX,75201,Refined and/or Petroleum Product (non-HVL),Operator,Cordell Theriot,CORDELL.THERIOT@ENLINK.COM,(337)937-3371,,,Michael Leblanc,Sr. VP of Operations,michael.leblanc@enlink.com,(214)953-9503
9/1/2026,2022,20230486,20406,15485,PHILLIPS 66 COMPANY - SWEENY REFINERY,2331 CITYWEST BLVD.  S820-06,HOUSTON,TX,77042,Refined and/or Petroleum Product (non-HVL),"Senior GIS Analyst, Asset Integrity",Stacey Chapman-Brown,stacey.m.chapman-brown@p66.com,8327651559,,,Manny Cortez,"Vie President, Phillips 66 Company",manny.h.cortez@p66.com,(832)765-4266
9/1/2026,2022,20230487,20407,10250,KIANTONE PIPELINE CORP,PO BOX 780,WARREN,PA,16365,Crude Oil,Asst Manager Pipeline and Terminal Compliance,Aaron Kitchel,akitchel@urc.com,(814)726-4833,,,David Wortman,"Vice President, Supply & Transportation",dwortman@urc.com,(814)726-4710
9/1/2026,2022,20230488,20766,32147,MARATHON PIPE LINE LLC,539 SOUTH MAIN STREET,FINDLAY,OH,45840,Refined and/or Petroleum Product (non-HVL),Compliance Specialist,Zechariah Cunningham,zecunningham@marathonpetroleum.com,(419)672-6607,,,Rich St Amour,President,rjstamour@marathonpetroleum.com,(419)421-4000
9/1/2026,2022,20230489,20409,10250,KIANTONE PIPELINE CORP,PO BOX 780,WARREN,PA,16365,Refined and/or Petroleum Product (non-HVL),Asst Manager Pipeline & Terminal Compliance,Aaron Kitchel,akitchel@urc.com,(814)726-4833,,,David Wortman,"Vice President, Supply & Transportation",dwortman@urc.com,(814)726-4710
9/1/2026,2022,20230490,20410,32147,MARATHON PIPE LINE LLC,539 SOUTH MAIN STREET,FINDLAY,OH,45840,Crude Oil,Compliance Specialist,Zechariah Cunningham,zecunningham@marathonpetroleum.com,(419)672-6607,,,Rich St Amour,President,rjstamour@marathonpetroleum.com,(419)421-4000
9/1/2026,2022,20230491,20411,32147,MARATHON PIPE LINE LLC,539 SOUTH MAIN STREET,FINDLAY,OH,45840,HVL,Compliance Specialist,Zechariah Cunningham,zecunningham@marathonpetroleum.com,(419)672-6607,,,Rich St Amour,President,rjstamour@marathonpetroleum.com,(419)421-4000
9/1/2026,2022,20230492,20412,39731,VANTAGE PIPELINE US LP,"4000, 585 8TH AVENUE S.W.",CALGARY,ALBERTA,T2P 1G1,HVL,"Specialist, Regulatory US",Bob  Bachmeier,bbachmeier@pembina.com,(701)509-1626,,,heather Christie-Burns,VP Transmission Pipelines,Hcburns@pembina.com,(587)534-4130
9/1/2026,2022,20230493,20413,32258,PEMBINA COCHIN LLC,"4000, 585-8 AVE SW",CALGARY,AB,T2P1G1,Crude Oil,"Specialist, Regulatory US",Bob Bachmeier,bbachmeier@pembina.com,(701)509-1626,,,Heather Christie-Burns,"Vice President, Transmission Pipelines",hcburns@pembina.com,(587)534-4130
9/1/2026,2022,20230494,20414,32094,AUX SABLE LIQUID PRODUCTS,"4000, 585-8 AVE. SW",CALGARY,AB,T2P1G1,HVL,"Specialist, Regulatory",Bob Bachmeier,bbachmeier@pembina.com,(701)509-1626,,,Heather Christie-Burns,"Vice President, Transmission Pipelines",hcburns@pembina.com,(587)534-4130
9/1/2026,2022,20230495,20415,40295,"FUNDARE RESOURCES OPERATING COMPANY, LLC",5251 DTC Pkwy Ste #950,Greenwood Village,CO,80111,HVL,Regulatory Consultant,Howard Vest,svest@greenspireea.com,(720)644-7721,,,,,,
9/1/2026,2022,20230496,20416,39906,"SEAPORT SOUND TERMINAL, LLC",4130 EAST 11TH STREET,TACOMA,WA,98421,Refined and/or Petroleum Product (non-HVL),"Director, ESOH",Matthew Kolata,mkolata@transmontaigne.com,(253)250-2010,,,Shawn Mongold,EVP Chief Operating Officer,smongold@transmontaigne.com,770-518-3500
9/1/2026,2022,20230497,20417,39581,CALIBER BEAR DEN INTERCONNECT LLC,"1805 SHEA CENTER DR, SUITE 120",HIGHLANDS RANCH,CO,80129,Crude Oil,HSE Manager,Jonathan Daugereau,jdaugereau@calibermidstream.com,(337)789-7717,,,Jonathan daugereau,HSE Manager,jdaugereau@calibermidstream.com,(337)789-7717
9/1/2026,2022,20230498,20419,40238,"GRAYSON MILL OPERATING, LLC",840 W SAM HOUSTON PKWY N #300,HOUSTON,TX,77024,Crude Oil,PHMSA/DOT Specialist,Kerry Morgan,kmorgan@gmellc.com,(832)271-8050,,,Blake Sullens,Chief Operating Officer,bsullens@gmellc.com,(832)271-8050
9/1/2026,2022,20230499,20420,26303,UNOCAL PIPELINE CO - EASTERN REGION,1400 SMITH STREET,HOUSTON,TX,77002,Crude Oil,operator,Garrett Parker,ParkerG@chevron.com,(713)372-6847,,,Lisa Laine,HSE Manager,lisa.laine@chevron.com,(713)372-6406
9/1/2026,2022,20230500,20421,31563,"WHITECAP PIPE LINE COMPANY, L.L.C.",1400 SMITH STREET,HOUSTON,TX,77002,Crude Oil,operator,Garrett Parker,ParkerG@chevron.com,(713)372-6847,,,Lisa Laine,HSE Manager,lisa.laine@chevron.com,(713)372-6406
9/1/2026,2022,20230501,20422,19319,"TPC GROUP, LLC","ONE ALLEN CENTER  500 DALLAS STREET, SUITE 2000",HOUSTON,TX,77002,HVL,Compliance Specialist,Lisa Czonstka,lczonstka@buckeye.com,(610)904-4453,,,Dona Burke,Vice President Supply Chain,Dona.Burke@tpcgrp.com,(713)475-5210
9/1/2026,2022,20230502,20423,19319,"TPC GROUP, LLC","ONE ALLEN CENTER  500 DALLAS STREET, SUITE 2000",HOUSTON,TX,77002,Refined and/or Petroleum Product (non-HVL),Compliance Specialist,Lisa Czonstka,lczonstka@buckeye.com,(610)904-4453,,,Dona Burke,Vice President Supply Chain,Dona.Burke@tpcgrp.com,(713)475-5210
9/1/2026,2022,20230503,20424,31371,"BUCKEYE DEVELOPMENT & LOGISTICS, LLC",4200 WESTHEIMER ROAD # 975,HOUSTON,TX,77027,Crude Oil,Compliance Specialist,Lisa Czonstka,lczonstka@buckeye.com,(610)904-4453,,,Evan hofmann,sVP General Counsel & Secretary,ehofmann@buckeye.com,(831)325-5148
9/1/2026,2022,20230504,20425,31371,"BUCKEYE DEVELOPMENT & LOGISTICS, LLC",4200 WESTHEIMER ROAD # 975,HOUSTON,TX,77027,HVL,Compliance Specialist,Lisa Czonstka,lczonstka@buckeye.com,(610)904-4453,,,Evan Hofmann,SVP General Counsel & Secretary,ehofmann@buckeye.com,(832)325-5148
9/1/2026,2022,20230505,20704,31371,"BUCKEYE DEVELOPMENT & LOGISTICS, LLC",4200 WESTHEIMER ROAD # 975,HOUSTON,TX,77027,Refined and/or Petroleum Product (non-HVL),Compliance Specialist,Lisa Czonstka,lczonstka@buckeye.com,(610)904-4453,,,Evan Hofmann,SVP General Counsel & Secretary,ehofmann@buckeye.com,(832)325-5148
9/1/2026,2022,20230506,20427,25146,"EQUISTAR CHEMICALS, L.P.",16055 SPACE CENTER BLVD. SUITE 350,HOUSTON,TX,77062,HVL,Compliance Specialist,Stacy Trevino,stacy.trevino@lyb.com,(281)709-0712,,,McDonald Whetstone,Pipeline Site Manager,mcdonald.whetstone@lyb.com,(281)709-0661
9/1/2026,2022,20230507,20428,25146,"EQUISTAR CHEMICALS, L.P.",16055 SPACE CENTER BLVD. SUITE 350,HOUSTON,TX,77062,Crude Oil,Compliance Specialist,Stacy Trevino,stacy.trevino@lyb.com,(281)709-0712,,,McDonald Whetstone,Site Manager,mcdonald.whetstone@lyb.com,(281)709-0661
9/1/2026,2022,20230508,20429,22430,WEST SHORE PIPELINE CO,6161 HAMILTON BOULEVARD,ALLENTOWN,PA,18106,Crude Oil,Compliance Specialist,Lisa Czonstka,lczonstka@buckeye.com,(610)904-4453,,,Evan Hofmann,SVP General Counsel & Secretary,ehofmann@buckeye.com,(832)325-5148
9/1/2026,2022,20230509,20430,22430,WEST SHORE PIPELINE CO,6161 HAMILTON BOULEVARD,ALLENTOWN,PA,18106,Refined and/or Petroleum Product (non-HVL),Compliance Specialist,Lisa Czonstka,lczonstka@buckeye.com,(610)904-4453,,,Evan Hofmann,SVP General Counsel & Secretary,ehofmann@buckeye.com,(832)325-5148
9/1/2026,2022,20230510,20431,25146,"EQUISTAR CHEMICALS, L.P.",16055 SPACE CENTER BLVD. SUITE 350,HOUSTON,TX,77062,Refined and/or Petroleum Product (non-HVL),Compliance Specialist,Stacy Trevino,stacy.trevino@lyb.com,(281)709-0712,,,McDonald Whetstone,Pipeline Site Manager,mcdonald.whetstone@lyb.com,(281)709-0661
9/1/2026,2022,20230511,20433,38894,"THUNDER BASIN PIPELINE, LLC",5568 WOODBINE ROAD SUITE 82,PACE,FL,32571,Crude Oil,Chief Financial Officer,Matthew Yonke,myonke@slateenergy.com,(877)478-7588,,,Matthew Yonke,Chief Financial Officer,myonke@slateenergy.com,(877)478-7588
9/1/2026,2022,20230512,20434,1845,"BUCKEYE PARTNERS, LP",6161 HAMILTON BOULEVARD,ALLENTOWN,PA,18106,Fuel Grade Ethanol (dedicated system),Compliance Specialist,Lisa Czonstka,lczonstka@buckeye.com,(610)904-4453,,,Evan Hofmann,SVP General Counsel & Secretary,ehofmann@buckeye.com,(832)325-5148
9/1/2026,2022,20230513,20435,1845,"BUCKEYE PARTNERS, LP",6161 HAMILTON BOULEVARD,ALLENTOWN,PA,18106,Crude Oil,Compliance Specialist,Lisa Czonstka,lczonstka@buckeye.com,(610)904-4453,,,Evan Hofmann,SVP General Counsel & Secretary,ehofmann@buckeye.com,(832)325-5148
9/1/2026,2022,20230514,20436,1845,"BUCKEYE PARTNERS, LP",6161 HAMILTON BOULEVARD,ALLENTOWN,PA,18106,HVL,Compliance Specialist,Lisa Czonstka,lczonstka@buckeye.com,(610)904-4453,,,Evan Hofmann,SVP General Counsel & Secretary,ehofmann@buckeye.com,(832)325-5148
9/1/2026,2022,20230515,20437,1845,"BUCKEYE PARTNERS, LP",6161 HAMILTON BOULEVARD,ALLENTOWN,PA,18106,Refined and/or Petroleum Product (non-HVL),Compliance Specialist,Lisa Czonstka,lczonstka@buckeye.com,(610)904-4453,,,Evan Hofmann,SVP General Counsel & Secretary,ehofmann@buckeye.com,(832)325-5148
9/1/2026,2022,20230516,20438,31957,KINDER MORGAN WINK PIPELINE LLC,"1001 LOUISIANA ST, SUITE 1000",HOUSTON,TX,77002,Crude Oil,Engineering Manager,Juhi Joshi,juhi_joshi@kindermorgan.com,(713)369-8078,,,TOM BURGETT,VICE PRESIDENT-MIDSTREAM SERVICES CO2,TOM_BURGETT@KINDERMORGAN.COM,(713)420-4803
9/1/2026,2022,20230517,20439,30777,MOTIVA ENTERPRISE LLC,ONE ALLEN CENTER 500 DALLAS STREET,HOUSTON,TX,77002,Crude Oil,Analyst – DOT Compliance,Frank Solares,frank.solares@motiva.com,(713)427-3459,,,William Spurgeon,"Executive Vice President, Marketing, Sales & Logistics",William.Spurgeon@motiva.com,(713)427-3520
9/1/2026,2022,20230518,20440,21359,SASOL CHEMICALS USA LLC,12120 WICKCHESTER LANE,HOUSTON,TX,77079,Refined and/or Petroleum Product (non-HVL),Director - Program Development and Audit,Rick Lide,rlide@rcp.com,(832)255-7856,,,Eric Walker,"Vice President: Operations, Americas",eric.walker@us.sasol.com,(337)494-5774
9/1/2026,2022,20230519,20441,31523,ANDERSON OIL LTD,PO BOX 2524,CORPUS CHRISTI,TX,78403,Crude Oil,Agent,Floyd Belcher,floyd@papsoq.com,(281) 379-1130,,,Kevin Anderson,CEO,kevlar@sbcglobal.com,(361)881-8600
9/1/2026,2022,20230520,20444,40135,"EVERLINE COMPLIANCE, LLC",9720 CYPRESSWOOD DR STE 360,HOUSTON,TX,77070,CO2,Regulatory Consultant,Schuyler Dickerson,schuyler.dickerson@everlineus.com,(832)386-5484,,,Troy Rovella,Director of Integrated Field Compliance,Troy.Rovella@everlineus.com,(936)276-7507
9/1/2026,2022,20230521,20893,2731,CHEVRON PIPE LINE CO,1400 SMITH STREET,HOUSTON,TX,77002,Refined and/or Petroleum Product (non-HVL),operator,Garrett Parker,ParkerG@chevron.com,(713)372-6847,,,Lisa Laine,HSE Manager,lisa.laine@chevron.com,(713)372-6406
9/1/2026,2022,20230522,20446,31059,BASF CORPORATION,100 PARK AVE,FLORHAM PARK,NJ,07932,HVL,Program Manager,Colby Lowrie,colby.lowrie@altamira-us.com,(979)373-8897,,,Bradley Morrison,Sr. Vice President,bradley.morrison@basf.com,(979)415-6111
9/1/2026,2022,20230523,20447,39833,"SAN MATEO BLACK RIVER OIL PIPELINE, LLC",5400 LYNDON B JOHNSON FWY STE 1500,DALLAS,TX,75240,Crude Oil,Program Manager,Colby Lowrie,colby.lowrie@altamira-us.com,(979)373-8897,,,Casey Snow,Vice President,csnow@matadorresources.com,(972)371-5439
9/1/2026,2022,20230524,20448,99002,TAMPA AIRPORT PIPELINE CORPORATION,P. O. Box 35236,Sarasota,FL,34242,Refined and/or Petroleum Product (non-HVL),General Manager,Calvin Lockhart,calvin.lockhart@panamericanpipelines.com,(813)839-0426,(813)835-6526,,Robert Rose,President,tampapc@outlook.com,(941)312-0303
9/1/2026,2022,20230525,20567,31178,XTO ENERGY INC,22777 SPRINGWOODS VILLAGE PARKWAY,SPRING,TX,77389,HVL,DOT Advisor,Jameson Gowin,jameson.gowin@exxonmobil.com,(817)201-9373,,,Robert Heinle,Operations Manage,robert.hienle@exxonmobil.com,(432)620-6745
9/1/2026,2022,20230526,20450,39746,ELEVATION MIDSTREAM,"1200 17TH STREET, SUITE 750",DENVER,CO,80202,Crude Oil,"Director, EHS Regulatory Compliance",Elisabeth Klein,lklein@3bearllc.com,(303)882-4404,,,John Roberts,CEO,jroberts@elevationmidstream.com,(347)208-0658
9/1/2026,2022,20230527,20741,39551,"STAKEHOLDER MIDSTREAM CRUDE OIL PIPELINE, LLC",19122 US HWY 281 STE 113,SAN ANTONIO,TX,78258,Crude Oil,Consultant,Bailey Black,bailey.black@flatrockenergy.net,(580)504-3894,(000)000-0000,,Josh Roberts,COO,Josh.Roberts@stakeholderms.com,(210)444-9664
9/1/2026,2022,20230528,20722,40461,"GOM SHELF, LLC",2107 RESEARCH FOREST SUITE 250,THE WOODLANDS,TX,77380,Crude Oil,Environmental Supervisor,Jeremy Dugas,jeremy.dugas@commodoreoffshore.com,(337)415-1045,,,,,,
9/1/2026,2022,20230529,20453,39232,MATADOR PRODUCTION COMPANY,5400 LBJ FREEWAY SUITE 1500,DALLAS,TX,75240,Crude Oil,Program Manager,Colby Lowrie,colby.lowrie@altamira-us.com,(979)373-8897,,,,,,
9/1/2026,2022,20230530,20454,30909,TRANSMONTAIGNE OPERATING COMPANY L.P.,1670 BROADWAY SUITE 3100,DENVER,CO,80202,Crude Oil,DOT Pipeline Compliance Coordinator,Luis DeLeon,ldeleon@transmontaigne.com,(956)346-2591,,,Shawn Mongold,"Exec VP, Chief Operating Officer",smongold@transmontaigne.com,(770)518-3589
9/1/2026,2022,20230531,22710,39043,"TALLGRASS PONY EXPRESS PIPELINE, LLC",370 VAN GORDON ST.,LAKEWOOD,CO,80228,Crude Oil,Sr. Compliance Coordinator,Kaitlin McCormick,kaitlin.mccormick@tallgrass.com,(303)763-3408,,,Jay Meyers,"Vice President, Engineering",jay.meyers@tallgrass.com,303-763-3259
9/1/2026,2022,20230532,20456,1541,"HILCORP NORTH SLOPE, LLC",3800 CENTERPOINT DRIVE  SUITE 1400,ANCHORAGE,AK,99503,Crude Oil,IMP Engineer,Brian Slater,brian.slater@hilcorp.com,(907)564-5110,,,Luke Saugier,Senior Vice President Alaska,lsaugier@hilcorp.com,(907)777-8471
9/1/2026,2022,20230533,20457,39216,TALLGRASS MIDSTREAM LLC,370 VAN GORDON ST.,LAKEWOOD,CO,80228,HVL,Sr. Compliance Coordinator,Kaitlin mcCormick,kaitlin.mccormick@tallgrass.com,(303)763-3408,,,Jay Meyers,"Vice President, Engineering",jay.meyers@tallgrass.com,303-763-3259
9/1/2026,2022,20230534,20458,31555,KINDER MORGAN CO2 CO. LLC,"1001 LOUISIANA ST, SUITE 1000",HOUSTON,TX,77002,CO2,Engineering Manager,Juhi Joshi,juhi_joshi@kindermorgan.com,(713)369-8078,,,TOM BURGETT,VICE PRESIDENT-MIDSTREAM SERVICES CO2,TOM_BURGETT@KINDERMORGAN.COM,(713)420-4803
9/1/2026,2022,20230535,20459,39963,"TALLGRASS POWDER RIVER GATEWAY, LLC",370 VAN GORDON STREET,LAKEWOOD,CO,80228,Crude Oil,Sr. Compliance Coordinator,Kaitlin McCormick,kaitlin.mccormick@tallgrass.com,(303)763-3408,,,Jay Meyers,"Vice President, Engineering",jay.meyers@tallgrass.com,303-763-3259
9/1/2026,2022,20230536,20460,38922,MIPC LLC,920 CHERRY TREE ROAD,ASTON,PA,19014,Refined and/or Petroleum Product (non-HVL),Regulatory Compliance Lead,John Bowen,john.bowen@monroe-energy.com,(484)816-3303,,,Christine Shorokey,Vice President and General Manager,chris.shorokey@monroe-energy.com,(610)364-8187
9/1/2026,2022,20230537,20461,38922,MIPC LLC,920 CHERRY TREE ROAD,ASTON,PA,19014,HVL,Regulatory Compliance Lead,John Bowen,john.bowen@monroe-energy.com,(484)816-3303,,,Christine Shorokey,Vice President and General Manager,chris.shorokey@monroe-energy.com,(610)364-8187
9/1/2026,2022,20230538,20630,40419,CHEVRON MIDSTREAM SERVICES LLC,1400 SMITH ST  FLOOR 37,HOUSTON,TX,77002,Crude Oil,Regulatory Specialist,Clint Geist,clint.geist@chevron.com,(970)381-8443,,,Lisa Laine,HSE Manager,lisa.laine@chevron.com,(713)372-6406
9/1/2026,2022,20230539,20463,10012,NUSTAR PIPELINE OPERATING PARTNERSHIP L.P.,19003 IH-10 WEST,San Antonio,TX,78257,HVL,Supervisor Pipeline Integrity Engineering,Jerry Diaz,jerry.diaz@nustarenergy.com,(210)918-2000,,,Gary Koegeboehn,VP Pipeline Operations,gary.koegeboehn@nustarenergy.com,(210)918-2000
9/1/2026,2022,20230540,20464,10012,NUSTAR PIPELINE OPERATING PARTNERSHIP L.P.,19003 IH-10 WEST,San Antonio,TX,78257,Refined and/or Petroleum Product (non-HVL),Supervisor Pipeline Integrity Engineering,Jerry Diaz,jerry.diaz@nustarenergy.com,(210)918-2000,,,Gary Koegeboehn,VP Pipeline Operations,gary.koegeboehn@nustarenergy.com,(210)918-2000
9/1/2026,2022,20230541,20465,26094,"SHORE TERMINALS, LLC",19003 IH-10 WEST,SAN ANTONIO,TX,78257,Refined and/or Petroleum Product (non-HVL),Supervisor Pipeline Integrity Engineering,Jerry Diaz,jerry.diaz@nustarenergy.com,(210)918-2000,,,Kyle Oppliger,VP Terminal Operations,kyle.oppliger@nustarenergy.com,(210)918-2000
9/1/2026,2022,20230542,20466,31454,"NUSTAR LOGISTICS, L.P.",19003 IH-10 WEST,SAN ANTONIO,TX,78257,Refined and/or Petroleum Product (non-HVL),Supervisor Pipeline Integrity Engineering,Jerry Diaz,jerry.diaz@nustarenergy.com,(210)918-2000,,,Gary Koegeboehn,VP Pipeline Operations,gary.koegeboehn@nustarenergy.com,(210)918-2000
9/1/2026,2022,20230543,20467,31454,"NUSTAR LOGISTICS, L.P.",19003 IH-10 WEST,SAN ANTONIO,TX,78257,Crude Oil,Supervisor Pipeline Integrity Engineering,Jerry Diaz,jerry.diaz@nustarenergy.com,(210)918-2000,,,Gary Koegeboehn,VP Pipeline Operations,gary.koegeboehn@nustarenergy.com,(210)918-2000
9/1/2026,2022,20230544,20468,31454,"NUSTAR LOGISTICS, L.P.",19003 IH-10 WEST,SAN ANTONIO,TX,78257,HVL,Supervisor Pipeline Integrity Engineering,Jerry Diaz,jerry.diaz@nustarenergy.com,(210)918-2000,,,Gary Koegeboehn,VP Pipeline Operations,gary.koegeboehn@nustarenergy.com,(210)918-2000
9/1/2026,2022,20230545,20469,39348,"NUSTAR PERMIAN TRANSPORTATION AND STORAGE, LLC",19003 IH-10 WEST,SAN ANTONIO,TX,78257,Crude Oil,Supervisor Pipeline Integrity Engineering,Jerry Diaz,jerry.diaz@nustarenergy.com,(210)918-2000,,,Gary Koegeboehn,VP Pipeline Operations,gary.koegeboehn@nustarenergy.com,(210)918-2000
9/1/2026,2022,20230546,20470,32284,PENNZOIL-QUAKER STATE D/B/A SOPUS PRODUCTS,1926 E. PACIFIC COAST HIGHWAY,WILMINGTON,CA,90744,Refined and/or Petroleum Product (non-HVL),GIS Manager,Adam Crawford,adam.crawford@shell.com,(832)337-3745,,,Sean Guillory,Interim VP US Midstream,sean.guillory@shell.com,(832)762-2711
9/1/2026,2022,20230547,20471,40080,INDORAMA VENTURES OXIDES LLC,24 WATERWAY AVE  SUITE 1100,THE WOODLANDS,TX,77380,HVL,Pipeline and Measurement Team Leader,Scott Steele,scott.steele@us.indorama.net,(409)723-3592,,,Alastair Port,President,alastair.port@us.indorama.net,(281)719-4339
9/1/2026,2022,20230548,20940,30777,MOTIVA ENTERPRISE LLC,ONE ALLEN CENTER,HOUSTON,TX,77002,Refined and/or Petroleum Product (non-HVL),Analyst – DOT Compliance,Frank Solares,frank.solares@motiva.com,(713)427-3459,,,William Spurgeon,"Executive Vice President, Marketing, Sales & Logistics",William.Spurgeon@motiva.com,(713)427-3520
9/1/2026,2022,20230549,20473,40080,INDORAMA VENTURES OXIDES LLC,24 WATERWAY AVE  SUITE 1100,THE WOODLANDS,TX,77380,Refined and/or Petroleum Product (non-HVL),Pipeline and Measurement Team Leader,Scott Steele,scott.steele@us.indorama.net,(409)723-3592,,,Alastair Port,President,alastair.port@us.indorama.net,(346)365-6129
9/1/2026,2022,20230550,20474,40282,EQUILON ENTERPRISES LLC DBA SHELL OIL PRODUCTS,150 NORTH DAIRY ASHFORD WOODCREEK BUILDING A,HOUSTON,TX,77079,Fuel Grade Ethanol (dedicated system),GIS Manager,Adam Crawford,adam.crawford@shell.com,(832)337-3745,,,Sean Guillory,Interim VP US Midsteam,sean.guillory@shell.com,(832)762-2711
9/1/2026,2022,20230551,20475,40475,PACIFIC PIPELINE COMPANY,22777 SPRINGWOODS VILLAGE PARKWAY EMHC-E3.5A.521,SPRING,TX,77389,Crude Oil,Pipeline Safety Advisor,Diana R. Skates,diana.r.skates@exxonmobil.com,(346)502-1220,,,Saul Flota,Vice President & southern Operations Manager,saul.flota@exxonmobil.com,(346)354-1520
9/1/2026,2022,20230552,22688,30777,MOTIVA ENTERPRISE LLC,ONE ALLEN CENTER,HOUSTON,TX,77002,HVL,Analyst – DOT Compliance,Frank Solares,frank.solares@motiva.com,(713)427-3459,,,William Spurgeon,"Executive Vice President, Marketing, Sales & Logistics",william.spurgeon@motiva.com,(713)427-3520
9/1/2026,2022,20230553,20477,3345,DEVON ENERGY PRODUCTION CO. LP,333 W SHERIDAN AVE,OKLAHOMA CITY,OK,73102,Crude Oil,EHS Professional,Jeremy Edwards,Jeremy.Edwards@dvn.com,(405)552-6632,,,,,,
9/1/2026,2022,20230554,20478,39317,SCOUT ENERGY MANAGEMENT LLC,13800 MONTFORT DRIVE SUITE 100,DALLAS,TX,75240,CO2,Regulatory Consultant,Schuyler Dickerson,schuyler.dickerson@everlineus.com,(832)386-5484,,,Kamal Bhumber,DOT Pipeline speacialist,kamal.bhumber@scoutep.com,(360)224-6525
9/1/2026,2022,20230555,20479,30829,ENTERPRISE CRUDE PIPELINE LLC,1100 Louisiana Street,Houston,TX,77002,Crude Oil,Pipeline Compliance Engineer,Yaroslav Bil,ybil@eprod.com,(713)381-5650,,,Graham Bacon,EVP & Chief Operating Officer,gbacon@eprod.com,(713)381-6516
9/1/2026,2022,20230556,21075,30829,ENTERPRISE CRUDE PIPELINE LLC,1100 Louisiana Street,Houston,TX,77002,Refined and/or Petroleum Product (non-HVL),Pipeline Compliance Engineer,Yaroslav Bil,ybil@eprod.com,(713)381-5650,,,Graham Bacon,EVP & Chief Operating Officer,gbacon@eprod.com,(713)381-6516
9/1/2026,2022,20230557,20481,3445,DIXIE PIPELINE COMPANY LLC,1100 LOUISIANA ST.,HOUSTON,TX,77002,HVL,Pipeline Compliance Engineer,Yaroslav Bil,ybil@eprod.com,(713)381-5650,,,Graham Bacon,EVP & Chief Operating Officer,gbacon@eprod.com,(713)381-6516
9/1/2026,2022,20230558,20482,31618,ENTERPRISE PRODUCTS OPERATING LLC,1100 Louisiana Street,HOUSTON,TX,77002,Crude Oil,Pipeline Compliance Engineer,Mehrdod Khavarian,mkhavarian@eprod.com,(713)376-9799,,,Graham Bacon,EVP & Chief Operating Officer,gbacon@eprod.com,(713)381-6516
9/1/2026,2022,20230559,20483,31618,ENTERPRISE PRODUCTS OPERATING LLC,1100 Louisiana Street,HOUSTON,TX,77002,Refined and/or Petroleum Product (non-HVL),Pipeline Compliance Engineer,Mehrdod Khavarian,mkhavarian@eprod.com,(713)376-9799,,,Graham Bacon,EVP & Chief Operating Officer,gbacon@eprod.com,(713)381-6516
9/1/2026,2022,20230560,20715,31618,ENTERPRISE PRODUCTS OPERATING LLC,1100 Louisiana Street,HOUSTON,TX,77002,HVL,Pipeline Compliance Engineer,Yaroslav Bil,ybil@eprod.com,(713)381-5650,,,Graham Bacon,EVP & Chief Operating Office,gbacon@eprod.com,(713)381-6516
9/1/2026,2022,20230561,20485,40645,"WPX ENERGY PERMIAN, LLC",333 WEST SHERIDAN AVE.,OKLAHOMA CITY,OK,73102,Crude Oil,EHS Professional,Jeremy Edwards,Jeremy.Edwards@dvn.com,(405)552-6632,,,,,,
9/1/2026,2022,20230562,20486,32223,VALERO REFINING COMPANY-CALIFORNIA,ONE VALERO WAY,SAN ANTONIO,TX,78249,Crude Oil,Senior Staff Environmental Engineer,Elizabeth Crowley,lisa.crowley@valero.com,(707)745-7925,,,Josh Tulino,VP & General Manager,josh.tulino@valero.com,(707)745-7724
9/1/2026,2022,20230563,20734,32223,VALERO REFINING COMPANY-CALIFORNIA,ONE VALERO WAY,SAN ANTONIO,TX,78249,Refined and/or Petroleum Product (non-HVL),Senior Staff Environmental Engineer,Elizabeth Crowley,lisa.crowley@valero.com,(707)745-7925,,,Josh Tulino,VP & General MAnager,josh.tulino@valero.com,(707)745-7724
9/1/2026,2022,20230564,20488,31684,PHILLIPS 66 PIPELINE LLC,2331 CITYWEST BLVD,Houston,TX,77042,Refined and/or Petroleum Product (non-HVL),"Sr GIS Analyst, Asset Integrity",Stacey Chapman-brown,stacey.m.chapman-brown@p66.com,(832)765-1559,,,Manny H. Cortez,"President, Phillips 66 Pipeline, LLC",manny.h.cortez@p66.com,(832)765-4266
9/1/2026,2022,20230565,20489,31684,PHILLIPS 66 PIPELINE LLC,2331 CITYWEST BLVD,Houston,TX,77042,Crude Oil,"Senior GIS Analyst, Asset Integrity",Stacey Chapman-Brown,stacey.m.chapman-brown@p66.com,8327651559,,,Manny Cortez,"President, Phillips 66 Pipeline, LLC",manny.h.cortez@p66.com,(832)765-4266
9/1/2026,2022,20230566,20490,39377,"WHITNEY OIL & GAS, LLC",920 MEMORIAL CITY WAY  200,HOUSTON,TX,77024,Crude Oil,Regulatory Consultant,Schuyler Dickerson,schuyler.dickerson@everlineus.com,(832)386-5484,,,,,,
9/1/2026,2022,20230567,20491,31684,PHILLIPS 66 PIPELINE LLC,2331 CITYWEST BLVD,Houston,TX,77042,HVL,"Senior GIS Analyst, Asset Integrity",Stacey Chapman-brown,stacey.m.chapman-brown@p66.com,(832)765-1559,,,Manny Cortez,"president, Phillips 66 Pipeline, LLC",manny.h.cortez@p66.com,(832)765-4266
9/1/2026,2022,20230568,20492,40026,"WINK TO WEBSTER PIPELINE, LLC",22777 SPRINGWOODS VILLAGE PARKWAY E3.5A.598,SPRING,TX,77389,Crude Oil,Pipeline Safety Advisor,diana R. Skates,diana.r.skates@exxonmobil.com,(346)502-1220,,,saul Flota,Vice President & Southern Operations Manager,saul.flota@exxonmobil.com,(346)354-1520
9/1/2026,2022,20230569,20493,11733,LOOP LLC,137 NORTHPARK BLVD,COVINGTON,LA,70433,Refined and/or Petroleum Product (non-HVL),Supervisor Regulatory Affairs,Kurt Busurelo,kdbusurelo@loopllc.com,(985)276-6263,,,,,,
9/1/2026,2022,20230570,20494,19410,THUMS LONG BEACH CO,ONE WORLD TRADE CENTER SUITE 1500,LONG BEACH,CA,90831,Crude Oil,HSE Lead DOT Compliance,Esmeralda Macedo,esmeralda.macedo@crc.com,(562)999-8698,,,Omar Hayat,SVP Operations,omar.hayat@crc.com,(661)763-6109
9/1/2026,2022,20230571,20495,11733,LOOP LLC,137 NORTHPARK BLVD,COVINGTON,LA,70433,Crude Oil,Supervisor Regulatory Affairs,Kurt Busurelo,kdbusurelo@loopllc.com,(985)276-6263,,,Chris A. Labat,Vice President Operations,calabat@loopllc.com,(985)276-6235
9/1/2026,2022,20230572,20496,30834,TIDELANDS OIL PRODUCTION COMPANY,ONE WORLD TRADE CENTER SUITE 1500,LONG BEACH,CA,90831,Crude Oil,HSE Lead DOT Compliance,Esmeralda Macedo,esmeralda.macedo@crc.com,(562)999-8628,,,Omar Hayat,SVP Operations,omar.hayat@crc.com,(661)763-6109
9/1/2026,2022,20230573,20497,31228,"CALIFORNIA RESOURCES ELK HILLS, LLC",900 OLD RIVER ROAD,BAKERSFIELD,CA,93311,HVL,HSE Lead DOT Compliance,Esmeralda Macedo,esmeralda.macedo@crc.com,(562)999-8698,,,Omar Hayat,SVP Operations,omar.hayat@crc.com,(661)763-6109
9/1/2026,2022,20230574,20498,31228,"CALIFORNIA RESOURCES ELK HILLS, LLC",900 OLD RIVER ROAD,BAKERSFIELD,CA,93311,Refined and/or Petroleum Product (non-HVL),HSE Lead DOT Compliance,Esmeralda Macedo,esmeralda.macedo@crc.com,(562)999-8698,,,Omar Hayat,SVP Operations,omar.hayat@crc.com,(661)763-6109
9/1/2026,2022,20230575,20499,31166,MUSTANG  PIPE  LINE  LLC,22777 SPRINGWOODS VILLAGE PARKWAY OFFICE E3.3A.375,SPRING,TX,77389,Crude Oil,Pipeline Safety Advisor,Diana R. Skates,diana.r.skates@exxonmobil.com,(346)502-1220,,,William S. Bragan,President,william.s.bragan@exxonmobil.com,(346)502-0055
9/1/2026,2022,20230576,20500,40149,MPLX LP,1515 ARAPAHOE STREET SUITE 1600,DENVER,CO,80202,HVL,Pipeline Compliance Specialist,Victoria Randall,VMRandall@MPLX.com,(435)219-1288,,,Greg Floerke,Executive Vice President,GSFloerke@MPLX.com,(303)476-5680
9/1/2026,2022,20230577,20501,32334,TC OIL PIPELINE OPERATIONS INC,700 LOUISIANA SUITE 700,HOUSTON,TX,77002,Crude Oil,Pipe Integrity Engineer,Tommy Mikalson,tommy_mikalson@tcenergy.com,(403)920-7727,,,Mark Yeomans,"Vice President, Liquids Systems Operations, engineering & Projects",mark_yeomans@tcenergy.com,(403)920-4631
9/1/2026,2022,20230578,20502,32103,CRIMSON PIPELINE L.P.,1900 MAIN STREET SUITE #600,IRVINE,CA,92614,Crude Oil,Director of Integrity Management,Bryan Klemm,bklemm@crimsonpl.com,(562)285-4135,(562)285-4141,,Mandy Kroetsch,President,mkroetsch@crimsonpl.com,(562)285-4137
9/1/2026,2022,20230579,20503,32541,"COPANO NGL SERVICES (MARKHAM), LLC",1001 LOUISIANA ST SUITE 2300,HOUSTON,TX,77002,HVL,Engineer - Codes and Standards,Ronald Barnes II,ronald_barnes@kindermorgan.com,(713)420-2324,,,Tom Otjen,VP - Pipeline Integrity,tom_otjen@kindermorgan.com,(713)420-7052
9/1/2026,2022,20230580,20504,31801,TANDEM ENERGY CORPORATION,5065 WESTHEIMER RD SUITE 920,HOUSTON,TX,77056,Crude Oil,Agent,Floyd Belcher,floyd@papsoq.com,(281) 379-1130,,,David Trant,Petroleum Engineer,davidt@t5energy.com,(713)987-7358
9/1/2026,2022,20230581,20505,12634,EXXONMOBIL OIL CORPORATION,2775 GULF STATES ROAD,BEAUMONT,TX,77704,HVL,Pipeline Safety Advisor,Diana Skates,diana.r.skates@exxonmobil.com,(346)502-1220,,,"saul Flota, on behalf of ExxonMobil Oil Corporation",Vice President & Southern operations Manager,saul.flota@exxonmobil.com,(346)354-1520
9/1/2026,2022,20230582,20506,12628,MOBIL  PIPE  LINE COMPANY,22777 SPRINGWOODS VILLAGE PARKWAY E3.5A.385,SPRING,TX,77389,HVL,Pipeline Safety Advisor,Diana Skates,diana.r.skates@exxonmobil.com,(346)502-1220,,,Saul Flota,Vice President & Southern Operations Manager,saul.flota@exxonmobil.com,(346)354-1520
9/1/2026,2022,20230583,20507,31864,APACHE CORPORATION,2000 POST OAK BOULEVARD,HOUSTON,TX,77056,CO2,Regulatory Consultant,Schuyler Dickerson,schuyler.dickerson@everlineus.com,(832)386-5484,,,,,,
9/1/2026,2022,20230584,20692,40138,"ECHO CANYON PIPELINE, LLC",P.O. BOX 73,BARNHART,TX,76930,Crude Oil,"Director, Land and Compliance",Kenneth Cody,kcody@mvpurchasing.com,(325)725-6582,,,Lee Bullock,CFO,lbullock@mvpurchasing.com,(316)469-0100
9/1/2026,2022,20230585,20509,12628,MOBIL  PIPE  LINE COMPANY,22777 SPRINGWOODS VILLAGE PARKWAY E3.5A.385,SPRING,TX,77389,Refined and/or Petroleum Product (non-HVL),Pipeline Safety Advisor,Diana Skates,diana.r.skates@exxonmobil.com,(346)502-1220,,,Saul Flota,Vice President & Southern Operations Manager,saul.flota@exxonmobil.com,(346)354-1520
9/1/2026,2022,20230586,20510,39892,DAYLIGHT PETROLEUM LLC,1221 MCKINNEY ST.  STE. 2880,HOUSTON,TX,77010,HVL,Agent,Floyd Belcher,floyd@papsoq.com,(281) 379-1130,,,,,,
9/1/2026,2022,20230587,20511,39892,DAYLIGHT PETROLEUM LLC,1221 MCKINNEY ST.  STE. 2880,HOUSTON,TX,77010,CO2,Agent,Floyd Belcher,floyd@papsoq.com,(281) 379-1130,,,Art Benjamin,VP of Operations,abenjamin@daylightpetroleum.com,(832)207-7120
9/1/2026,2022,20230588,20512,39477,"KEYERA ENERGY, INC.",10613 WEST SAM HOUSTON PARKWAY NORTH SUITE 160,HOUSTON,TX,77064,Crude Oil,Pipeline Integrity Engineer,Novin Rastan-vadiveloo,novin_rastanvadiveloo@keyera.com,(514)442-5790,,,,,,
9/1/2026,2022,20230589,20513,39892,DAYLIGHT PETROLEUM LLC,1221 MCKINNEY ST.  STE. 2880,HOUSTON,TX,77010,Crude Oil,Agent,Floyd Belcher,floyd@papsoq.com,(281) 379-1130,,,Art Benjamin,VP of Operations,abenjamin@daylightpetroleum.com,(832)207-7120
9/1/2026,2022,20230590,20514,12913,SUPERIOR REFINING COMPANY LLC,2407 STINSON AV,SUPERIOR,WI,54880,Refined and/or Petroleum Product (non-HVL),Pipeline Integrity Engineer,Nick Sill,nick.a.sill@cenovus.com,(218)355-8048,,,Matt Gunn,General Manager,matthew.gunn@cenovus.com,(715)398-8211
9/1/2026,2022,20230591,21576,32645,"HILCORP ALASKA, LLC",3800 CENTERPOINT DR. SUITE 1400,ANCHORAGE,AK,99503,Crude Oil,Pipeline Risk and Compliance Manager,Ben Wasson,bwasson@hilcorp.com,(907)777-8447,,,Luke Saugier,"Sr. Vice President, Hilcorp Alaska LLC",lsaugier@hilcorp.com,(907)777-8471
9/1/2026,2022,20230592,20516,18667,FREEPORT-MCMORAN OIL & GAS,201 S BROADWAY,ORCUTT,CA,93455,Crude Oil,Pipeline Coordinator,Josh Fleming,jfleming@dcorllc.com,(805)535-2077,,,David Rose,Director of Environmental Health and Safety,drose@fmi.com,(805)934-8200
9/1/2026,2022,20230593,20517,31420,VOPAK TERMINAL LOS ANGELES INC.,401 S CANAL STREET,WILMINGTON,CA,90744,Refined and/or Petroleum Product (non-HVL),Compliance Specialist,Kingston Hon,kingston.hon@vopak.com,(310)518-6415,,,Michael LaCavera,Managing Director,michael.lacavera@vopak.com,(310)518-6422
9/1/2026,2022,20230594,20518,30909,TRANSMONTAIGNE OPERATING COMPANY L.P.,1670 BROADWAY SUITE 3100,DENVER,CO,80202,Refined and/or Petroleum Product (non-HVL),DOT Pipeline Compliance Coordinator,Luis DeLeon,ldeleon@transmontaigne.com,(956)346-2591,,,Shawn Mongold,"Exec VP, Chief Operating Officer",smongold@transmontaigne.com,(770)518-3589
9/1/2026,2022,20230595,21574,39065,HESS ND,3015 16TH ST. SW SUITE 20,MINOT,ND,58701,Crude Oil,Sr Regulatory Specialist,Shane Larson,slarson@hess.com,(701)420-7116,,,Brent Lohnes,General Manager North Dakota,blohnes@hess.com,(713)496-5443
9/1/2026,2022,20230596,20520,39745,"SEAPORT MIDSTREAM PARTNERS, LLC.",1670 BROADWAY SUITE 3100,DENVER,CO,80202,Refined and/or Petroleum Product (non-HVL),DOT Compliance Coordinator,Luis DeLeon,ldeleon@transmontaigne.com,(956)346-2591,,,,,,
9/1/2026,2022,20230597,20521,40206,"ROSEFIELD OPERATING COMPANY, LLC","2103 RESEARCH FOREST, SUITE 300",SHENANDOAH,TX,77380,Crude Oil,Regulatory Manager,Natalie Schumann,nschumann@rosefieldpipeline.com,(281)210-0528,,,Christopher Capsimalis,CEO,caps@rosefieldpipeline.com,(281)681-9500
9/1/2026,2022,20230598,20522,39065,HESS ND,3015 16TH ST. SW SUITE 20,MINOT,ND,58701,HVL,Sr Regulatory Specialst,Shane Larson,slarson@hess.com,(701)420-7116,,,Brent Lohnes,General Manager North Dakota,blohnes@hess.com,(713)496-5443
9/1/2026,2022,20230599,20523,39065,HESS ND,3015 16TH ST. SW SUITE 20,MINOT,ND,58701,Refined and/or Petroleum Product (non-HVL),Sr Regulatory Specialist,Shane Larson,slarson@hess.com,(701)420-7116,,,Brent Lohnes,General Manager North Dakota,blohnes@hess.com,(713)496-5443
9/1/2026,2022,20230600,20524,39187,"THUNDER CREEK NGL PIPELINE, LLC",1331 17TH ST #1100,DENVER,CO,80202,HVL,Vice President of Engineering and Construction,Brad Gentry,bgentry@meritagemidstream.com,(303)296-5342,,,Nick Thomas,CEO and President,nthomas@meritagemidstream.com,(303)551-8154
9/1/2026,2022,20230601,20525,31755,"NOBLE ENERGY, INC. RBU",2115 117TH AVE,GREELEY,CO,80634,HVL,Regulatory Compliance,Andrew Kendrick,akendrick@kendrickllc.com,(412)657-4788,,,,,,
9/1/2026,2022,20230602,20526,30711,HILCORP ENERGY COMPANY,1111 TRAVIS,HOUSTON,TX,77002,Crude Oil,Pipeline Compliance Manager,Ian Ellington,iellington@hilcorp.com,(832)839-4608,,,Jillian Jopling,L48 VP,jjopling@hilcorp.com,(713)209-2400
9/1/2026,2022,20230603,20527,31755,"NOBLE ENERGY, INC. RBU",2115 117TH AVE,GREELEY,CO,80634,Crude Oil,Regulatory Compliance,Andrew Kendrick,akendrick@kendrickllc.com,(412)657-4788,,,,,,
9/1/2026,2022,20230604,20528,39666,FORMULA MIDSTREAM PARTNERS LLC,5910 NORTH CENTRAL EXPRESSWAY SUITE 1800,DALLAS,TX,75206,Crude Oil,Regulatory Consultant,Schuyler Dickerson,schuyler.dickerson@everlineus.com,(832)386-5484,,,Michael Walker,Vice President,michael@formulamidstream.com,(979)417-1616
9/1/2026,2022,20230605,20529,12628,MOBIL  PIPE  LINE COMPANY,22777 SPRINGWOODS VILLAGE PARKWAY E3.5A.385,SPRING,TX,77389,Crude Oil,Pipeline Safety Advisor,Robert Spangenberg,robert.p.spangenberg@exxonmobil.com,(618)267-9641,,,Saul Flota,Vice President & Southern Operations Manager,saul.flota@exxonmobil.com,(346)354-1520
9/1/2026,2022,20230606,20530,12624,EXXONMOBIL OIL CORPORATION,1795 BURT STREET,BEAUMONT,TX,77701,Crude Oil,Pipeline Safety Advisor,Diana Skates,diana.r.skates@exxonmobil.com,(346)502-1220,,,"Saul Flota, on behalf of ExxonMobil Oil Corporation",Vice President & Southern Operations Manager,saul.flota@exxonmobil.com,(346)354-1520
9/1/2026,2022,20230607,20531,12624,EXXONMOBIL OIL CORPORATION,1795 BURT STREET,BEAUMONT,TX,77701,Refined and/or Petroleum Product (non-HVL),Pipeline Safety Advisor,Diana Skates,diana.r.skates@exxonmobil.com,(346)502-1220,,,"Saul Flota, on behalf of ExxonMobil Oil Corporation",Vice President & Southern Operations Manager,saul.flota@exxonmobil.com,(346)354-1520
9/1/2026,2022,20230608,20532,12624,EXXONMOBIL OIL CORPORATION,1795 BURT STREET,BEAUMONT,TX,77701,HVL,Pipeline Safety Advisor,Diana Skates,diana.r.skates@exxonmobil.com,(346)502-1220,,,"Saul Flota, on behalf of exxonMobil Oil Corporation",Vice President & Southern Operations Manager,saul.flota@exxonmobil.com,(346)354-1520
9/1/2026,2022,20230609,20533,39476,"BRAZOS MIDSTREAM OPERATING, LLC","777 MAIN ST., SUITE 3700",FORT WORTH,TX,76102,HVL,Agent,Jeff Davidson,jeff.davidson@pplcompliance.com,(903)472-9310,,,,,,
9/1/2026,2022,20230610,20534,39810,DIAMONDBACK E&P LLC,500 W. TEXAS AVE. SUITE 100,MIDLAND,TX,79701,Crude Oil,Regulatory Supervisor,Catherine Brabham,cbrabham@diamondbackenergy.com,(432)818-1765,,,Bill Caraway,SVP and deputy general cousel,bcaraway@diamondbackenergy.com,(432)818-1765
9/1/2026,2022,20230611,20535,39593,QEP ENERGY COMPANY,500 W. TEXAS AVE SUITE 100,MIDLAND,TX,79701,Crude Oil,Regulatory Supervisor,Catherine Brabham,CBRABHAM@DIAMONDBACKENERGY.COM,(432)818-1765,,,,,,
9/1/2026,2022,20230612,20536,22610,"MAGELLAN PIPELINE COMPANY, LP","ONE WILLIAMS CENTER, MD OTC-9 P.O. BOX 22186, OTC-9",TULSA,OK,74172,Refined and/or Petroleum Product (non-HVL),Strategic Data Engineer,Caroline Ratliff,caroline.ratliff@magellanlp.com,(918)574-7065,,,Jason Smith,Vice President Asset Integrity,Jason.Smith@Magellanlp.com,(918)574-7332
9/1/2026,2022,20230613,20537,31919,MIDSTREAM ENERGY PARTNERS (USA) LLC,9224 TUPMAN ROAD PO BOX 430,TUPMAN,CA,93276,HVL,Facility Engineer,Matthew Williamson,matthew.williamson@midstreamenergy.us,(661)765-4087,,,Adam Shelley,"Vice President, Operations & Transportation",Adam.Shelley@MidstreamLPG.com,(403)701-9344
9/1/2026,2022,20230614,21530,32296,TARGA RESOURCES OPERATING LLC,811 LOUISIANA ST SUITE 2100,HOUSTON,TX,77002,HVL,Sr. Compliance Specialist,Sue Guidry,sguidry@targaresources.com,(337)583-5210,,,Bill A. Grantham,Vice-President Operations,bgrantham@targaresources.com,(713)584-1457
9/1/2026,2022,20230615,20539,4430,VALERO TERMINALING AND DISTRIBUTION COMPANY,ONE VALERO WAY,SAN ANTONIO,TX,78249,HVL,Regulatory Compliance Specialist,Wade Hafey,Wade.Hafey@Valero.com,(210)345-2839,,,Fred Hampton,vice President Pipelines & Terminals,Fred.Hampton@valero.com,(210)345-3717
9/1/2026,2022,20230616,20540,4430,VALERO TERMINALING AND DISTRIBUTION COMPANY,ONE VALERO WAY,SAN ANTONIO,TX,78249,Crude Oil,Regulatory Compliance Specialist,Wade Hafey,Wade.Hafey@Valero.com,(210)345-2839,,,Fred Hampton,Vice President Pipelines & Terminals,Fred.Hampton@valero.com,(210)345-3717
9/1/2026,2022,20230617,20541,14194,"OILTANKING, HOUSTON LP","9805 KATY FREEWAY, SUITE 400",HOUSTON,TX,77024,Refined and/or Petroleum Product (non-HVL),Sr Pipeline Tech,Ray Weishiemer,ray.weishiemer@Advario.com,(346)810-1050,,,James Brumley,Complex Terminal Manager,james.brumley@Advario.com,(409)797-1720
9/1/2026,2022,20230618,20761,4430,VALERO TERMINALING AND DISTRIBUTION COMPANY,ONE VALERO WAY,SAN ANTONIO,TX,78249,Refined and/or Petroleum Product (non-HVL),Manager Regulatory Compliance,Darin Banther,Darin.Banther@valero.com,(210)345-4171,,,Fred Hampton,Vice President Pipelines & terminals,Fred.Hampton@valero.com,(210)345-3717
9/1/2026,2022,20230619,20543,39105,VALERO PARTNERS OPERATING CO. LLC,ONE VALERO WAY,SAN ANTONIO,TX,78249,Refined and/or Petroleum Product (non-HVL),Regulatory Compliance Specialist,Wade Hafey,Wade.Hafey@Valero.com,(210)345-2839,,,Fred Hampton,Vice President Pipelines & Terminals,Fred.Hampton@valero.com,(210)345-3717
9/1/2026,2022,20230620,20544,31707,CHEVRON U.S.A. INC - PERMIAN BASIN,6001 BOLLINGER CANYON ROAD,SAN RAMON,CA,94583,Crude Oil,Pipeline Safety and Compliance Advisor,Randy Turner,Randy.Turner@chevron.com,(832)854-3135,,,T. Ryder Booth,"Vice President, MCBU",boot@chevron.com,(713)372-1266
9/1/2026,2022,20230621,20545,40379,NOBLE ENERGY INC,6301 DEAUVILLE BLVD,MIDLAND,TX,79706,Crude Oil,Pipeline Safety and Compliance Advisor,Randy Turner,Randy.Turner@chevron.com,(281)513-0257,,,T. Ryder Booth,"Vice President, MCBU",boot@chevron.com,(713)372-1266
9/1/2026,2022,20230622,20546,11551,"DELEK LOGISTICS OPERATING, LLC.",12700 PARK CENTRAL DRIVE SUITE 700,DALLAS,TX,75251,Crude Oil,Agent,Alonso Rodriguez,alonso.rodriguez@deleklogistics.com,(806)336-3650,,,Michael Odigie,"Senior Vice President, DKL",michael.odigie@deleklogistics.com,(972)367-3736
9/1/2026,2022,20230623,20547,11551,"DELEK LOGISTICS OPERATING, LLC.",12700 PARK CENTRAL DRIVE SUITE 700,DALLAS,TX,75251,Refined and/or Petroleum Product (non-HVL),Agent,Alonso Rodriguez,alonso.rodriguez@deleklogistics.com,(806)336-3650,,,Michael Odigie,"Senior Vice President, DKL",michael.odigie@deleklogistics.com,(972)367-3736
9/1/2026,2022,20230624,20548,15851,"DELEK MARKETING AND SUPPLY, LP",12700 PARK CENTRAL DRIVE SUITE 700,DALLAS,TX,75251,Refined and/or Petroleum Product (non-HVL),Agent,Alonso Rodriguez,alonso.rodriguez@deleklogistics.com,(806)336-3650,,,Michael Odigie,"Senior Vice President, DKL",michael.odigie@deleklogistics.com,(972)367-3736
9/1/2026,2022,20230625,20549,15851,"DELEK MARKETING AND SUPPLY, LP",12700 PARK CENTRAL DRIVE SUITE 700,DALLAS,TX,75251,Crude Oil,Agent,Alonso Rodriguez,alonso.rodriguez@deleklogistics.com,(806)336-3650,,,Michael Odigie,"Senior Vice President, DKL",michael.odigie@deleklogistics.com,(972)367-3736
9/1/2026,2022,20230626,20550,26061,"DELEK CRUDE LOGISTICS, LLC.",12700 PARK CENTRAL DRIVE SUITE 700,DALLAS,TX,75251,Crude Oil,Agent,Alonso Rodriguez,alonso.rodriguez@deleklogistics.com,(806)336-3650,,,Michael Odigie,"Senior Vice President, DKL",michael.odigie@deleklogistics.com,(972)367-3736
9/1/2026,2022,20230627,20551,26061,"DELEK CRUDE LOGISTICS, LLC.",12700 PARK CENTRAL DRIVE SUITE 700,DALLAS,TX,75251,Refined and/or Petroleum Product (non-HVL),Agent,Alonso Rodriguez,alonso.rodriguez@deleklogistics.com,(806)336-3650,,,Michael Odigie,Senior Vice President,michael.odigie@deleklogistics.com,(972)367-3736
9/1/2026,2022,20230628,20552,26136,PARAMOUNT PETROLEUM CORP,"12700 PARK CENTRAL DR., STE. 700",DALLAS,TX,75251,Refined and/or Petroleum Product (non-HVL),Agent,Alonso Rodriguez,alonso.rodriguez@deleklogistics.com,(806)336-3650,,,Michael Odigie,"Senior Vice President, DKL",michael.odigie@deleklogistics.com,(972)367-3736
9/1/2026,2022,20230629,20553,39950,"3 BEAR DELAWARE OPERATING-NM, LLC",12700 PARK CENTRAL DRIVE SUITE 700,DALLAS,TX,75251,Crude Oil,Agent,Alonso Rodriguez,alonso.rodriguez@deleklogistics.com,(806)336-3650,,,Michael Odigie,"Senior Vice President, DKL",michael.odigie@deleklogistics.com,(972)367-3736
9/1/2026,2022,20230630,20554,39950,"3 BEAR DELAWARE OPERATING-NM, LLC",12700 PARK CENTRAL DRIVE SUITE 700,DALLAS,TX,75251,HVL,Agent,Alonso Rodriguez,alonso.rodriguez@deleklogistics.com,(806)336-3650,,,Michael Odigie,"Senior Vice President, DKL",michael.odigie@deleklogistics.com,(972)367-3736
9/1/2026,2022,20230631,20555,40318,OLYMPUS TERMINALS LLC,2365 EAST SEPULVEDA BLVD.,LONG BEACH,CA,90810,Crude Oil,Regulatory Consultant,Schuyler Dickerson,schuyler.dickerson@everlineus.com,(832)386-5484,,,Justin Avril,"Director HSEC, Projects & Maintenance",justin.avril@olympusterminals.com,(206)419-6964
9/1/2026,2022,20230632,20556,40318,OLYMPUS TERMINALS LLC,2365 EAST SEPULVEDA BLVD.,LONG BEACH,CA,90810,Refined and/or Petroleum Product (non-HVL),Regulatory Consultant,Schuyler Dickerson,schuyler.dickerson@everlineus.com,(832)386-5484,,,Justin Avril,"Director HSEC, Projects & Maintenance",justin.avril@olympustreminals.com,(206)419-6964
9/1/2026,2022,20230633,20735,39817,TN AVENUE LLC,1555 ORCUTT HILL ROAD,ORCUTT,CA,93455,Crude Oil,regulatory Consultant,Schuyler Dickerson,schuyler.dickerson@everlineus.com,(832)386-5484,,,Patrick Vigeant,Senior Production Foreman,pvigeant@pceclp.com,(310)261-7826
9/1/2026,2022,20230634,20558,999,"PACIFIC COAST ENERGY COMPANY, LP",1555 ORCUTT HILL ROAD,ORCUTT,CA,93455,Crude Oil,Regulatory Cosnultant,Schuyler Dickerson,schuyler.dickerson@everlineus.com,(832)386-5484,,,Patrick Vigeant,Senior Production Foreman,pvigeant@pceclp.com,(310)261-7826
9/1/2026,2022,20230635,20559,20202,ULTRAMAR INC.,ONE VALERO WAY,SAN ANTONIO,TX,78249,Crude Oil,Senior Environmental Engineer,Christopher Schroeder,chris.schroeder@valero.com,(562)491-7253,,,Christine James,VP & General Manager,Christine.James@valero.com,(562)491-6677
9/1/2026,2022,20230636,20560,20202,ULTRAMAR INC.,ONE VALERO WAY,SAN ANTONIO,TX,78249,Refined and/or Petroleum Product (non-HVL),Senior Environmental Engineer,Christopher Schroeder,chris.schroeder@valero.com,(562)491-7253,,,Christine James,VP & General Manager,Christine.James@valero.com,(562)491-6677
9/1/2026,2022,20230637,20705,39713,CANTIUM. LLC,111 PARK PLACE DR SUITE 100,COVINGTON,LA,70433,Crude Oil,HSE Manager,Blair H. Spencer,blair.spencer@cantium.us,(985)317-5101,(985)317-5102,,Richard Kirkland,CEO,richard.kirkland@cantium.us,(985)317-5101
9/1/2026,2022,20230638,20562,20202,ULTRAMAR INC.,ONE VALERO WAY,SAN ANTONIO,TX,78249,HVL,Senior Environmental Engineer,Christopher Schroeder,chris.schroeder@valero.com,(562)491-7253,,,Christine James,VP & General Manager,Christine.James@valero.com,(562)491-6677
9/1/2026,2022,20230639,20563,4906,EXXONMOBIL PIPELINE COMPANY LLC,22777 SPRINGWOODS VILLAGE PARKWAY E3.5A.571,SPRING,TX,77389,HVL,Pipeline Safety Advisor,Diana Skates,diana.r.skates@exxonmobil.com,(346)502-1220,,,Saul Flota,Vice President & Southern Operations Manager,saul.flota@exxonmobil.com,(346)354-1520
9/1/2026,2022,20230640,20564,473,"WESTERN MIDSTREAM PARTNERS, LP",9950 WOODLOCH FOREST DR SUITE 2800,THE WOODLANDS,TX,77380,HVL,Operator,Benjamin Malotte,benjamin.malotte@westernmidstream.com,(720)929-6732,,,Danny Holderman,SVP Operations,danny.holderman@westernmidstream.com,(835)636-1009
9/1/2026,2022,20230641,20565,473,"WESTERN MIDSTREAM PARTNERS, LP",9950 WOODLOCH FOREST DR SUITE 2800,THE WOODLANDS,TX,77380,Crude Oil,DOT Advisor,9950 WOODLOCH FOREST DR SUITE 2800,benjamin.malotte@westernmidstream.com,(836)636-1009,,,Danny Holderman,SVP,danny.holderman@westernmidstream.com,(836)636-1009
9/1/2026,2022,20230642,20566,30796,GAITHER PETROLEUM CORPORATION,16600 PARK ROW,HOUSTON,TX,77084,Crude Oil,Consultant,Christen Goodenough-McGahey,cgmcgahey@ntglobal.com,(281)872-9300,,,,,,
9/1/2026,2022,20230643,20568,39183,"MEDALLION OPERATING COMPANY, LLC",909 LAKE CAROLYN PKWY SUITE 1600,IRVING,TX,75039,Crude Oil,Operator,Toby Burgin,tburgin@medallionmidstream.com,(469)262-6060,,,Sypy Thomas,Chief Operating Officer,sthomas@medallionmidstream.com,(972)746-4401
9/1/2026,2022,20230644,20569,31663,NAVAJO NATION OIL AND GAS COMPANY,50 NARBONO CIRCLE WEST,ST. MICHAELS,AZ,86511,Crude Oil,Operator,Troy Watson,Twatson@nnogc.com,(505)599-6060,,,Joseph Robertson,vice President of RHPT,JRobertson@nnogc.com,(505)599-6060
9/1/2026,2022,20230645,20570,38964,"PHILADELPHIA ENERGY SOLUTIONS REFINING AND MARKETING, LLC",3144 W PASSYUNK AVE,PHILADELPHIA,PA,19145,Refined and/or Petroleum Product (non-HVL),DOT & Operations Support,Keith Mcquait,keith.mcquait@hilcoglobal.com,(570)778-8867,,,Stephanie Eggert,SVP Operations,seggert@hilcoglobal.com,(215)694-5805
9/1/2026,2022,20230646,20571,38964,"PHILADELPHIA ENERGY SOLUTIONS REFINING AND MARKETING, LLC",3144 W PASSYUNK AVE,PHILADELPHIA,PA,19145,HVL,DOT & Operations Support,Keith Mcquait,keith.mcquait@pes-companies.com,(570)778-8867,,,Stephanie Eggert,SVP Operations,seggert@holcoglobal.com,(215)694-5805
9/1/2026,2022,20230647,20572,39105,VALERO PARTNERS OPERATING CO. LLC,ONE VALERO WAY,SAN ANTONIO,TX,78249,Crude Oil,Regulatory Compliance Specialist,Wade Hafey,Wade.Hafey@Valero.com,(210)345-2839,,,Fred Hampton,Vice President Pipelines & Terminals,Fred.Hampton@valero.com,(210)345-3717
9/1/2026,2022,20230648,20573,31878,BRIDGER PIPELINE LLC,455 N. Poplar St.,Casper,WY,82602,Refined and/or Petroleum Product (non-HVL),Pipeline Compliance Coordinator,Kevin M Pena,kevin.pena@truecos.com,4069393133,,,,,,
9/1/2026,2022,20230649,20578,39754,CAPTUREPOINT LLC,"1101 CENTRAL EXPRESSWAY, SOUTH SUITE 150",ALLEN,TX,75013,CO2,Regulatory Consultant,Schuyler Dickerson,schuyler.dickerson@everlineus.com,(832)386-5484,,,Christina Harvick,"Director, Facilities, Pipelines & CO2 Supply",charvick@capturepointllc.com,(469)422-7179
9/1/2026,2022,20230650,20575,31878,BRIDGER PIPELINE LLC,455 N. Poplar St.,Casper,WY,82602,Crude Oil,Pipeline Compliance Coordinator,Kevin Pena,kevin.pena@truecos.com,4069393133,,,H.A. 'Tad' True,V.P. Operations,tad.true@truecos.com,(307)266-0300
9/1/2026,2022,20230651,20738,40135,"EVERLINE COMPLIANCE, LLC",9720 CYPRESSWOOD DR STE 360,HOUSTON,TX,77070,Refined and/or Petroleum Product (non-HVL),Regulatory Consultant,Schuyler Dickerson,schuyler.dickerson@everlineus.com,(832)386-5484,,,Louis Krannich,Vice President,louis.krannich@everlineus.com,(205)478-6012
9/1/2026,2022,20230652,20880,40423,BAYOU MIDSTREAM,820 GESSNER RD  1450,HOUSTON,TX,77024,Crude Oil,Regulatory Consultant,Schuyler Dickerson,schuyler.dickerson@everlineus.com,(832)386-5484,,,Stephen Heimel,Regulatory & HSE Compliance Specialist,sheimel@bayoumidstream.com,(281)435-4951
9/1/2026,2022,20230653,20748,31075,E&B NATURAL RESOURCES MANAGEMENT CORP,1608 NORRIS RD,BAKERSFIELD,CA,93308,Crude Oil,Regulatory Consultant,Schuyler Dickerson,schuyler.dickerson@everlineus.com,(832)386-5484,,,Samuel Layton,LA Basin,Samuel.layton@ebresources.com,(562)548-6810
9/1/2026,2022,20230654,20580,31256,"JGE GAS SOLUTIONS, LP",5847 SAN FELIPE STREET SUITE 2850,HOUSTON,TX,77057,HVL,Regulatory Consultant,Schuyler Dickerson,schuyler.dickerson@everlineus.com,(832)386-5484,,,Slade Beard,"Manager, Field & Pipeline",slad.beard@jge-midstream.com,(903)576-1012
9/1/2026,2022,20230655,20724,39509,"ITC PIPELINE COMPANY, LLC",1030 ETHYL ROAD,PASADENA,TX,77503,Refined and/or Petroleum Product (non-HVL),Regulatory Consultant,Schuyler Dickerson,schuyler.dickerson@everlineus.com,(832)386-5484,,,Angel Roldan,Compliance Support Specialist,ARoldan@iterm.com,(281)884-0387
9/1/2026,2022,20230656,20582,32109,"ONEOK NGL PIPELINE, LLC",100 WEST FIFTH STREET,TULSA,OK,74103,HVL,Regulatory Compliance Specialist II,Ethan Pulvermacher,ethan.pulvermacher@oneok.com,(620)453-2020,,,Scott Schingen,Senior VP Operations,scott.schingen@oneok.com,(918)588-7875
9/1/2026,2022,20230657,20583,39292,"TWIN EAGLE MIDSTREAM ASSETS, LLC",1900 16TH STREET Suite 450,Denver,CO,80202,Crude Oil,Regulatory Consultant,Schuyler Dickerson,schuyler.dickerson@everlineus.com,(832)386-5484,,,Larry Glenn,Manager,larry.glenn@twineagle.com,(970)481-5680
9/1/2026,2022,20230658,20584,40171,PERDIDO ENERGY,1021 S. MAIN ST.  SUITE 1930,HOUSTON,TX,77002,Crude Oil,Regulatory Consultant,Schuyler Dickerson,schuyler.dickerson@everlineus.com,(832)386-5484,,,Jacob Sanchez,Operations Manager,jsanchez@perdidoenergy.com,(832)260-6213
9/1/2026,2022,20230659,20585,11272,LAVACA PIPELINE CO,"103 FANNIN ROAD, PO BOX 769",POINT COMFORT,TX,77978,HVL,Regulatory Consultant,Schuyler Dickerson,schuyler.dickerson@everlineus.com,(832)386-5484,,,Tracy Thedford,Compliance Specialist,TracyThedford@ftpc.fpcusa.com,(361)987-8903
9/1/2026,2022,20230660,20586,11272,LAVACA PIPELINE CO,"103 FANNIN ROAD, PO BOX 769",POINT COMFORT,TX,77978,Refined and/or Petroleum Product (non-HVL),Regulatory Consultant,Schuyler Dickerson,schuyler.dickerson@everlineus.com,(832)386-5484,,,Tracy Thedford,Compliance Specialist,TracyThedford@ftpc.fpcusa.com,(361)987-8903
9/1/2026,2022,20230661,20587,31627,"DENBURY ONSHORE, LLC",5851 LEGACY CIRCLE SUITE 1200,PLANO,TX,75024,CO2,Regulatory Compliance Specialist,Justin Ojemi,justin.ojemi@denbury.com,469-668-1157,,,Randy Robichaux,"Vice President - Health, Safety and Environmental",Randy.Robichaux@denbury.com,(972)673-2073
9/1/2026,2022,20230662,20588,32543,"DENBURY GREEN PIPELINE-TEXAS, LLC",5851 LEGACY CIRCLE SUITE 1200,PLANO,TX,75024,CO2,Regulatory Compliance Specialist,Justin Ojemi,justin.ojemi@denbury.com,469-668-1157,,,Randy Robichaux,"Vice President - Health, Safety and Environmental",Randy.Robichaux@denbury.com,(972)673-2073
9/1/2026,2022,20230663,20589,32545,"DENBURY GULF COAST PIPELINES, LLC",5851 LEGACY CIRCLE SUITE 1200,PLANO,TX,75024,CO2,Regulatory Compliance Specialist,Justin Ojemi,justin.ojemi@denbury.com,469-668-1157,,,Randy Robichaux,"Vice President - Health, Safety and Environmental",Randy.Robichaux@denbury.com,(972)673-2073
9/1/2026,2022,20230664,20590,32566,GREENCORE PIPELINE COMPANY LLC,5851 LEGACY CIRCLE SUITE 1200,PLANO,TX,75024,CO2,Regulatory Compliance Specialist,Justin Ojemi,justin.ojemi@denbury.com,469-668-1157,,,Randy Robichaux,"Vice President - Health, Safety and Environmental",Randy.Robichaux@denbury.com,(972)673-2073
9/1/2026,2022,20230665,20591,40244,"DENBURY GREEN PIPELINE-MONTANA, LLC",5851 LEGACY CIRCLE SUITE 1200,PLANO,TX,75024,CO2,Regulatory Compliance Specialist,Justin Ojemi,justin.ojemi@denbury.com,469-668-1157,,,,,,
9/1/2026,2022,20230666,20592,40256,"DENBURY GREEN PIPELINE-NORTH DAKOTA, LLC",5851 LEGACY CIRCLE SUITE 1200,PLANO,TX,75024,CO2,Regulatory Compliance Specialist,Justin Ojemi,justin.ojemi@denbury.com,469-668-1157,,,,,,
9/1/2026,2022,20230667,20593,31178,XTO ENERGY INC,22777 SPRINGWOODS VILLAGE PARKWAY,SPRING,TX,77389,Crude Oil,DOT Advisor,Jameson Gowin,jameosn.gowin@exxonmobil.com,(817)201-9373,,,Robert Heinle,Operations Manager,robert.hienle@exxonmobil.com,(432)620-6745
9/1/2026,2022,20230668,20594,32109,"ONEOK NGL PIPELINE, LLC",100 WEST FIFTH STREET,TULSA,OK,74103,Refined and/or Petroleum Product (non-HVL),Regulatory Compliance Specialist II,Ethan Pulvermacher,ethan.pulvermacher@oneok.com,(620)453-2020,,,Scott Schingen,Senior VP Operations,scott.schingen@oneok.com,(918)588-7875
9/1/2026,2022,20230669,20595,39648,VALERO HOUSTON REFINERY,ONE VALERO WAY,SAN ANTONIO,TX,78249,Crude Oil,Environmental Engineer,Caroline Bayse,caroline.bayse@valero.com,(713)923-3345,,,Lon Brenner,VP & General Manager,Lon.Brenner@valero.com,(713)923-3318
9/1/2026,2022,20230670,20596,39648,VALERO HOUSTON REFINERY,ONE VALERO WAY,SAN ANTONIO,TX,78249,HVL,Environmental Engineer,Caroline Bayse,caroline.bayse@valero.com,(713)923-3345,,,Lon Brenner,VP & General Manager,Lon.Brenner@valero.com,(713)923-3318
9/1/2026,2022,20230671,20597,39084,"CRESCENT MIDSTREAM, LLC",263 TRINITY LANE,GRAY,LA,70359,Crude Oil,Agent,David Knoelke,dknoelke@projectconsulting.com,(630)452-9133,,,Jerry Ashcroft,Crescent Midstream CEO,jashcroft@crescentmid.com,(832)910-5390
9/1/2026,2022,20230672,20598,39648,VALERO HOUSTON REFINERY,ONE VALERO WAY,SAN ANTONIO,TX,78249,Refined and/or Petroleum Product (non-HVL),Environmental Engineer,Caroline Bayse,caroline.bayse@valero.com,(713)923-3345,,,Lon Brenner,VP & General Manager,Lon.Brenner@valero.com,(713)923-3318
9/1/2026,2022,20230673,20599,39819,BREITBURN ENERGY CO2,"1111 BAGBY ST., SUITE 1600",HOUSTON,TX,77002,CO2,Sr Regulatory Analyst,Scott Carter,scott.carter@mavresources.com,(281)954-1578,,,,,,
9/1/2026,2022,20230674,20600,39369,ELLSJET TERMINAL,825 TOWN & COUNTRY LANE SUITE 1500,HOUSTON,TX,77024,Refined and/or Petroleum Product (non-HVL),Logistics Supervisor,Sara Peterson,speterson@parpacific.com,(307)629-4432,,,Chet Greene,V.P. Pipeline & Terminals,cgreene@parpacific.com,(281)899-4829
9/1/2026,2022,20230675,20601,30756,WYOMING REFINING CO,825 TOWN & COUNTRY LANE SUITE 1500,HOUSTON,TX,77024,Refined and/or Petroleum Product (non-HVL),Logistics Supervisor,Sara Peterson,speterson@parpacific.com,(307)629-4432,,,Chet Greene,V.P. Pipeline & Terminals,cgreene@parpacific.com,(281)899-4829
9/1/2026,2022,20230676,20602,32537,WYOMING PIPELINE COMPANY,825 TOWN & COUNTRY LANE,HOUSTON,TX,77024,Crude Oil,Logistics Supervisor,Sara Peterson,speterson@parpacific.com,(307)629-4432,,,Chet Greene,V.P. Pipeline & Terminals,cgreene@parpacific.com,(281)899-4829
9/1/2026,2022,20230677,20745,39325,"TALOS ENERGY, LLC",333 CLAY STREET SUITE 3300,HOUSTON,TX,77002,Crude Oil,SEMS Specialist,Lacy Louque,lacy.louque@talosenergy.com,(504)259-4334,,,,,,
9/1/2026,2022,20230678,20604,15786,PORTLAND PIPE LINE CORPORATION,30 HILL STREET,SOUTH PORTLAND,ME,04106,Crude Oil,operator,Kenneth Brown,ken.brown@pmpl.com,(207)767-0449,,,J. Chris Gillies,President,chris.gillies@pmpl.com,(207)767-0441
9/1/2026,2022,20230679,20605,31506,CONOCOPHILLIPS COMPANY (E&P-L-48),P. O. BOX 2197,HOUSTON,TX,77252,Crude Oil,Regulatory Coordinator,Laura Koenig,laura.j.koenig@conocophillips.com,(342)688-9147,,,,,,
9/1/2026,2022,20230680,20606,4906,EXXONMOBIL PIPELINE COMPANY LLC,22777 SPRINGWOODS VILLAGE PARKWAY E3.5A.571,SPRING,TX,77389,Refined and/or Petroleum Product (non-HVL),Pipeline Safety Advisor,Diana Skates,diana.r.skates@exxonmobil.com,(713)254-5848,,,Saul Flota,Vice President & Southern Operations Manager,saul.flota@exxonmobil.com,(346)354-1520
9/1/2026,2022,20230681,20607,40337,CRESTONE PEAK RESOURCES LP,555 17TH STREET SUITE 3700,DENVER,CO,80202,Crude Oil,Regulatory Consultant,Schuyler Dickerson,schuyler.dickerson@everlineus.com,(832)386-5484,,,Lisa David,"Director, PSM & Emergency Management",ldavid@civiresources.com,(307)689-0000
9/1/2026,2022,20230682,20608,4906,EXXONMOBIL PIPELINE COMPANY LLC,22777 SPRINGWOODS VILLAGE PARKWAY E3.5A.571,SPRING,TX,77389,Crude Oil,Pipeline Safety Advisor,Robert Spangenberg,robert.p.spangenberg@exxonmobil.com,(618)267-9641,,,Saul Flota,Vice President & Southern Operations Manager,saul.flota@exxonmobil.com,(346)354-1520
9/1/2026,2022,20230683,20638,32453,BPX (EAGLE FORD) GATHERING LLC,15377 MEMORIAL DRIVE,HOUSTON,TX,77079,Crude Oil,DOT Coordinator,Christina Lara,christina.lara@Bpx.com,(210)440-3154,,,Kristin Jensen,Head of Operations,kristin.jensen@bpx.com,(970)317-0387
9/1/2026,2022,20230684,20611,31174,"SHELL PIPELINE CO., L.P.",150 NORTH DAIRY ASHFORD ROAD WCK BLDG. A,HOUSTON,TX,77079,HVL,GIS Manager,Adam Crawford,adam.crawford@shell.com,(832)337-3745,,,Sean Guillory,Interim VP US Midstream,sean.guillory@shell.com,(832)762-2711
9/1/2026,2022,20230685,20612,31174,"SHELL PIPELINE CO., L.P.",150 NORTH DAIRY ASHFORD ROAD WCK BLDG. A,HOUSTON,TX,77079,Refined and/or Petroleum Product (non-HVL),GIS Manager,Adam Crawford,adam.crawford@shell.com,(832)337-3745,,,Sean Guillory,Interim VP US Midstream,sean.guilloy@shell.com,(832)762-2711
9/1/2026,2022,20230686,20613,31174,"SHELL PIPELINE CO., L.P.",150 NORTH DAIRY ASHFORD ROAD WCK BLDG. A,HOUSTON,TX,77079,Crude Oil,GIS Manager,Adam Crawford,adam.crawford@shell.com,(832)337-3745,,,Sean Guillory,Interim VP US Midstream,sean.guillory@shell.com,(832)762-2711
9/1/2026,2022,20230687,20614,39967,"IMPERIAL CRUDE, LLC",5775 N SAM HOUSTON PKWY W SUITE 600,HOUSTON,TX,77086,Crude Oil,Director of Compliance,Joan Harris,Joan.Harris@SCmid.com,(713)515-6916,,,,,,
9/1/2026,2022,20230688,20615,40204,"SCM OPERATIONS, LLC",5775 N SAM HOUSTON PKWY W SUITE 600,HOUSTON,TX,77086,HVL,Director of Compliance,Joan Harris,Joan.Harris@SCmid.com,(713)515-6916,,,,,,
9/1/2026,2022,20230689,20616,40204,"SCM OPERATIONS, LLC",5775 N SAM HOUSTON PKWY W SUITE 600,HOUSTON,TX,77086,Crude Oil,Director of Compliance,Joan Harris,Joan.Harris@scmid.com,(713)515-6916,,,John Nicholson,Chief Operating Officer,Nicholson@scmid.com,(281)949-8794
9/1/2026,2022,20230690,20617,26054,KEY WEST PIPELINE CO,4635 Southwest Freeway Suite 910,Houston,TX,77027,Refined and/or Petroleum Product (non-HVL),"President, PTMC",Mark Rauch,markr@ptmc.us,(713)627-1700,,,Mark Rauch,"President, PTMC",markr@ptmc.us,(713)627-1700
9/1/2026,2022,20230691,20618,32174,MCCAIN PIPELINE COMPANY,"4635 SOUTHWEST FREEWAY, SUITE 910",HOUSTON,TX,77027,Refined and/or Petroleum Product (non-HVL),operator,Mark Rauch,markr@ptmc.us,(713)627-1700,(713)621-9292,,,,,
9/1/2026,2022,20230692,20620,39196,CHEYENNE RAIL HUB,PO BOX 51661,CASPER,WY,82605,Crude Oil,Manager,Joe Stephenson,jstephenson@thegranitepeakgroup.com,(307)262-3038,,,Joe Stephenson,Manager,jstephenson@thegranitepeakgroup.com,(307)262-3038
9/1/2026,2022,20230693,20621,39046,"BRIDGER SWAN RANCH, LLC",PO BOX 51661,CASPER,WY,82605,Crude Oil,Manager,Joe Stephenson,jstephenson@thegranitepeakgroup.com,(307)262-3038,,,,,,
9/1/2026,2022,20230694,20622,18092,"SFPP, LP","1001 LOUISIANA ST.,  SUITE 1000",HOUSTON,TX,77002,Refined and/or Petroleum Product (non-HVL),Manager - Compliance,Brandon Appelt,brandon_appelt@kindermorgan.com,(713)369-9008,,,Wayne Simmons,COO - Products Pipelines,wayne_simmons@kindermorgan.com,(713)420-6330
9/1/2026,2022,20230695,20736,40329,NAVIGATOR PANHANDLE HOLDCO LLC,2626 COLE AVE SUITE 900,DALLAS,TX,75204,Crude Oil,EHS/Regulatory Manager,Vanessa Romero,vromero@nesmidstream.com,(432)770-0179,,,Vidal Rosa,Sr. Vice President of Operations,vrosa@nesmidstream.com,(432)978-8051
9/1/2026,2022,20230696,20624,39108,BLUEFISH PIPELINE LLC,"410 PIERCE STREET, SUITE 227 BOX 77",HOUSTON,TX,77002,Refined and/or Petroleum Product (non-HVL),"Director - Compliance, Engineering & Operations",William J kilpatrick,jkilpatrick@camstex.com,(832)581-7806,,,John Degenstein,President,john.degenstein@tcr-ny.com,(701)732-0742
9/1/2026,2022,20230697,20625,30003,HOUSTON REFINING LP.,12000 LAWNDALE,HOUSTON,TX,77017,Refined and/or Petroleum Product (non-HVL),DOT Pipeline Compliance & Integrity Management,Thomas Bingley,thomas.bingley@lyb.com,(713)321-4480,,,Christopher Cain,Senior VP Global Manufacturing,christopher.cain@lyb.com,(713)309-3809
9/1/2026,2022,20230698,20626,31460,DOD DEFENSE ENERGY SUPPORT CENTER,"8725 JOHN J. KINGMAN ROAD, SUITE 2833",FORT BELVOIR,VA,22060,Refined and/or Petroleum Product (non-HVL),Environmental Protection Specialist,Anthony Rosa,Anthony.Rosa@dla.mil,(571)205-3428,,,Stacey Christenbury,Environmental Compliance Section Chief,Stacey.Christenbury@dml.mil,(571)992-2963
9/1/2026,2022,20230699,20631,32391,NRG TEXAS POWER LLC,910 LOUISIANA,HOUSTON,TX,77002,CO2,Sr. Consultant,Jeff Davidson,jeff.davidson@pplcomplaince.com,(903)472-9310,,,,,,
9/1/2026,2022,20230701,20641,40586,BPX MIDSTREAM LLC,501 WESTLAKE PARK BLVD,HOUSTON,TX,77079,Crude Oil,DOT Coordinator,Christina Lara,christina.lara@bpx.com,(210)440-3154,,,,,,
9/1/2026,2022,20230702,20659,39189,"SANARE ENERGY PARTNERS, LLC",777 NORTH ELDRIDGE PARKWAY,HOUSTON,TX,77079,Crude Oil,Compliance Supervisor,Jeffrey Poche,jpoche@sanarepartners.com,(832)530-8146,,,,,,
9/1/2026,2022,20230703,20719,40393,PROMETHEAN ENERGY CORPORATION,"2200 Post Oak Boulevard, Suite 1000",Houston,TX,77056,Crude Oil,SVP Operations,Clint Boman,clint.boman@promethean-energy.com,(936)697-3651,,,,,,
9/1/2026,2022,20230704,20661,32051,"MARTIN OPERATING PARTNERSHIP, L.P.",4200 STONE ROAD,KILGORE,TX,75662,Refined and/or Petroleum Product (non-HVL),Director Corporate Safety,Anthony Blake,anthony.blakle@martinmlp.com,(903)988-4201,,,Matt Yost,Senior VP Terminaling,matt.yost@martinmlp.com,(903)983-6256
9/1/2026,2022,20230705,20667,31475,TRINITY PIPELINE GP LLC,401 WEST WALL STREET,MIDLAND,TX,79701,CO2,Consultant,mike Mendoza,mike@m-techllc.com,(432)203-9500,,,Bryan Hargrove,president,blhargrove@trinityco2.com,(432)683-8262
9/1/2026,2022,20230706,20669,40721,"SN EF MAVERICK, LLC",700 MILAM ST STE. 600,HOUSTON,TX,77002,Crude Oil,Consultant,Christen Goodenough-McGahey,cgmcgahey@ntglobal.com,(936)560-2660,,,,,,
9/1/2026,2022,20230707,20670,40429,GAP MIDSTREAM LLC,456 GALAXY DRIVE,CASTLE ROCK,CO,80108,Crude Oil,Ops manager,Ralph Anaya,ralph@gapmidstream.com,(970)556-9341,,,Lance Fennell,Managing Partner,Lance@gapmidstream.com,(719)205-2101
9/1/2026,2022,20230708,20671,40174,"UNDERGROUND SERVICES MARKHAM, LLC  NGL/Y-MIX",4800 SAN FELIPE ST,HOUSTON,TX,77056,HVL,Manager of Regulatory/Compliance,Chris Kuruvilla,ckuruvilla@TUM.com,(713)986-2714,(713)986-2714,,,,,
9/1/2026,2022,20230709,20678,40033,"VOPAK TERMINALS DEER PARK, INC.",2759 INDEPENDENCE PARKWAY SOUTH,DEER PARK,TX,77536,Refined and/or Petroleum Product (non-HVL),TERMINAL MANAGER,ANTHONY RAGNO III,ANTHONY.RAGNO@VOPAK.COM,(361)977-9215,,,SHARON BEEMER,"MANAGING DIRECTOR, US SOUTHERN REGION",SHARON.BEEMER@VOPAK.COM,(281)604-6034
9/1/2026,2022,20230710,20679,40033,"VOPAK TERMINALS DEER PARK, INC.",2759 INDEPENDENCE PARKWAY SOUTH,DEER PARK,TX,77536,HVL,TERMINAL MANAGER,ANTHONY RAGNO III,ANTHONY.RAGNO@VOPAK.COM,(361)977-9215,,,SHARON BEEMER,"MANAGING DIRECTOR, US SOUTHERN REGION",SHARON.BEEMER@VOPAK.COM,(281)604-6034
9/1/2026,2022,20230711,20681,32331,"PASADENA REFINING SYSTEM, INC.",111 RED BLUFF ROAD,PASADENA,TX,77506,Crude Oil,Zone 5 OA,Brian Lewis,blix@chevron.com,(713)920-7616,,,Terry Larner,Zone 5 Section Head,terryglarner@chevron.com,(713)920-4195
9/1/2026,2022,20230712,20682,32331,"PASADENA REFINING SYSTEM, INC.",111 RED BLUFF ROAD,PASADENA,TX,77506,HVL,Zone 5 OA,Brian Lewis,blix@chevron.com,(713)920-7616,,,Terry Larner,Section Head Zone 5,terryglarner@chevron.com,(713)920-4195
9/1/2026,2022,20230713,20683,32331,"PASADENA REFINING SYSTEM, INC.",111 RED BLUFF ROAD,PASADENA,TX,77506,Refined and/or Petroleum Product (non-HVL),Zone 5 OA,Brian Lewis,blix@chevron.com,(713)920-7616,,,Terry Larner,Zone 5 Section Head,terryglarner@chevron.com,(713)920-4195
9/1/2026,2022,20230714,20687,39942,"RAVEN BUTENE-1, LLC",602 SAWYER ST,HOUSTON,TX,77007,HVL,4.85,President,ted.pettijohn@arcanumchem.com,(713)337-7982,,,Ted pettijohn,President,ted.pettijohn@arcanumchem.com,(713)337-7982
9/1/2026,2022,20230715,20688,40738,"LONGFELLOW ENERGY, LP",8115 PRESTON ROAD SUITE 800,DALLAS,TX,75225,CO2,Engineering Technologist and Regulatory Specialist,David Cain,david.cain@longfellowenergy.com,(972)5909918,,,,,,
9/1/2026,2022,20230716,20693,38893,PTE PIPELINE LLC,22777 SPRINGWOODS VILLAGE PARKWAY ROOM E3.5A.436,SPRING,TX,77389,Crude Oil,Integrity and Regulatory Compliance Manager,Harold Colgrove,harold.colgrove@harvestmidstream.com,(907)777-8310,,,Andrew Limmer,"Regional Vice President, Alaska",alimmer@harvestmidstream.com,(907)564-5232
9/1/2026,2022,20230717,20696,40335,PHOENIX PARK ENERGY MARKETING LLC,10613 W SAM HOUSTON PARKWAY NORTH  SUITE 100,HOUSTON,TX,77064,HVL,Terminal Superintendent,Chris Bendfeld,chris.bendfeld@ppeml.us,(409)679-3533,,,Ramesh Harrylal,Vice President Operations,ramesh.harrylal@ppeml.us,(713)252-2102
9/1/2026,2022,20230718,20710,40155,COWBOY MIDSTREAM LLC,323 SOUTH DAVID STREET PO BOX 2886,CASPER,WY,82602,Crude Oil,Business Development,Isaac Swanson,iswanson@cowboymidstreamllc.com,(303)337-1412,,,Gregg Werger,Managing Operations Partner,gwerger@cowboymidstreamllc.com,(307)337-1412
9/1/2026,2022,20230719,20726,39610,"CPE GATHERING MIDCON, LLC",317 LILAC DR. SUITE 200,EDMUND,OK,73034,Crude Oil,Senior Environmental Scientist,Laura Ballinger,laurab@approachenv.com,(806)670-4533,,,,,,
9/1/2026,2022,20230720,20732,39805,"THOMPSON WEBSTER PIPELINE, INC.",PO BOX 450861,HOUSTON,TX,77245,Crude Oil,Manager,Pedro Hernandez,phernandez@twpipelineinc.com,(281)725-0133,,,Raymond Briers,Senior Executive Officer,rbriers@twpipelineinc.com,(713)413-9120
9/1/2026,2022,20230721,21523,31372,TICONA POLYMERS INC,PO BOX 428,BISHOP,TX,78343,Refined and/or Petroleum Product (non-HVL),Regulatory Consultant,Schuyler Dickerson,sdickerson@thecompgroup.com,(832)386-5484,,,Carley Petrie,"Director, Reliability",carley.petrie@celanese.com,(281)222-8189
9/1/2026,2022,20240129,20911,32095,"LBC HOUSTON, L.P.",11666 PORT ROAD,SEABROOK,TX,77573,Crude Oil,Regulatory Consultant,Schuyler Dickerson,schuyler.dickerson@everlineus.com,(832)386-5484,,,,,,
9/1/2026,2022,20240131,20917,32095,"LBC HOUSTON, L.P.",11666 PORT ROAD,SEABROOK,TX,77573,Refined and/or Petroleum Product (non-HVL),Regulatory Consultant,Schuyler Dickerson,schuyler.dickerson@everlineus.com,(832)386-5484,,,Bobby Panepinto,"Regional Manager, Regulatory Compliance",b-panepinto@lbctt.com,(832)205-3464
9/1/2026,2022,20240699,21521,39492,"CELANESE CHEMICALS, INC",9502 BAYPORT BLVD.,PASADENA,TX,77507,Refined and/or Petroleum Product (non-HVL),Regulatory Consultant,Schuyler Dickerson,schuyler.dickerson@everlineus.com,(832)386-5484,,,Schuyler Dickerson,CPM,schuyler.dickerson@everlineus.com,(832)386-5484
9/1/2026,2022,20240703,22511,39565,TORRENT OIL LLC,1415 Louisiana St.,HOUSTON,TX,77002,Crude Oil,HSE,David Laughlin,dlaughlin@torrentoil.com,(713)358-2028,,,,,,
9/1/2026,2022,20250001,21647,39803,"MAJOR MIDSTREAM OPERATING PARTNERS, LLC","10260 WESTHEIMER RD, SUITE 380",HOUSTON,TX,77042,HVL,President,Jonathan Major,jon.major@majormidstreamLLC.com,(832)628-8411,,,,,,
9/1/2026,2022,20250261,21966,40502,SHIPROCK SAN JUAN LLC,15 WEST 6TH STREET,TULSA,OK,74119,Crude Oil,VP - Engineering,Julius Dysart,jude.dysart@whiptailmidstream.com,(918)289-2145,,,,,,
