DATAFILE_AS_OF,REPORT_YEAR,REPORT_NUMBER,SUPPLEMENTAL_NUMBER,OPERATOR_ID,PARTA2NAMEOFCOMP,PARTA5COMMODITY,INTER_INTRA,STATE_NAME,PARTMCRUDELESS50000,PARTMCRUDE50001TO100000,PARTMCRUDE100001TO150000,PARTMCRUDEOVER150000,PARTMCRUDETOTAL,PARTMNONHVLLESS50000,PARTMNONHVL50001TO100000,PARTMNONHVL100001TO150000,PARTMNONHVLOVER150000,PARTMNONHVLTOTAL,PARTMHVLLESS50000,PARTMHVL50001TO100000,PARTMHVL100001TO150000,PARTMHVLOVER150000,PARTMHVLTOTAL,PARTMCO2_LESS50000,PARTMCO2_50001TO100000,PARTMCO2_100001TO150000,PARTMCO2_OVER150000,PARTMCO2_TOTAL,PARTM_ETHANOLLESS50000,PARTM_ETHANOL50001TO100000,PARTM_ETHANOL100001TO150000,PARTM_ETHANOLOVER150000,PARTM_ETHANOLTOTAL
9/1/2026,2025,20260138,22731,117,AIR PRODUCTS & CHEMICALS INC,CO2,INTRASTATE,TEXAS,,,,,,,,,,,,,,,,0,0,0,0,0,,,,,
9/1/2026,2025,20260166,22759,117,AIR PRODUCTS & CHEMICALS INC,Crude Oil,INTRASTATE,CALIFORNIA,0,0,0,0,0,,,,,,,,,,,,,,,,,,,,
9/1/2026,2025,20260139,22732,117,AIR PRODUCTS & CHEMICALS INC,HVL,INTRASTATE,TEXAS,,,,,,,,,,,0,0,0,0,0,,,,,,,,,,
9/1/2026,2025,20260167,22760,117,AIR PRODUCTS & CHEMICALS INC,Refined and/or Petroleum Product (non-HVL),INTRASTATE,CALIFORNIA,0,0,0,0,0,0,0,0,0,0,0,0,0,0,0,0,0,0,0,0,0,0,0,0,0
9/1/2026,2025,20260362,22968,300,"PLAINS PIPELINE, L.P.",Crude Oil,INTERSTATE,ALABAMA,1,0,0,7,8,0,0,0,0,0,0,0,0,0,0,0,0,0,0,0,0,0,0,0,0
9/1/2026,2025,20260362,22968,300,"PLAINS PIPELINE, L.P.",Crude Oil,INTERSTATE,ARKANSAS,0,0,0,0,0,0,0,0,0,0,0,0,0,0,0,0,0,0,0,0,0,0,0,0,0
9/1/2026,2025,20260362,22968,300,"PLAINS PIPELINE, L.P.",Crude Oil,INTERSTATE,COLORADO,0,0,0,0,0,0,0,0,0,0,0,0,0,0,0,0,0,0,0,0,0,0,0,0,0
9/1/2026,2025,20260362,22968,300,"PLAINS PIPELINE, L.P.",Crude Oil,INTERSTATE,ILLINOIS,0,0,0,0,0,0,0,0,0,0,0,0,0,0,0,0,0,0,0,0,0,0,0,0,0
9/1/2026,2025,20260362,22968,300,"PLAINS PIPELINE, L.P.",Crude Oil,INTERSTATE,KANSAS,0,0,0,0,0,0,0,0,0,0,0,0,0,0,0,0,0,0,0,0,0,0,0,0,0
9/1/2026,2025,20260362,22968,300,"PLAINS PIPELINE, L.P.",Crude Oil,INTERSTATE,LOUISIANA,0,3,0,0,3,0,0,0,0,0,0,0,0,0,0,0,0,0,0,0,0,0,0,0,0
9/1/2026,2025,20260362,22968,300,"PLAINS PIPELINE, L.P.",Crude Oil,INTERSTATE,MISSISSIPPI,1,8,3,0,12,0,0,0,0,0,0,0,0,0,0,0,0,0,0,0,0,0,0,0,0
9/1/2026,2025,20260362,22968,300,"PLAINS PIPELINE, L.P.",Crude Oil,INTERSTATE,MONTANA,2,0,1,0,3,0,0,0,0,0,0,0,0,0,0,0,0,0,0,0,0,0,0,0,0
9/1/2026,2025,20260362,22968,300,"PLAINS PIPELINE, L.P.",Crude Oil,INTERSTATE,NEW MEXICO,6,6,8,2,22,0,0,0,0,0,0,0,0,0,0,0,0,0,0,0,0,0,0,0,0
9/1/2026,2025,20260362,22968,300,"PLAINS PIPELINE, L.P.",Crude Oil,INTERSTATE,NORTH DAKOTA,3,2,0,0,5,0,0,0,0,0,0,0,0,0,0,0,0,0,0,0,0,0,0,0,0
9/1/2026,2025,20260362,22968,300,"PLAINS PIPELINE, L.P.",Crude Oil,INTERSTATE,OKLAHOMA,0,0,2,0,2,0,0,0,0,0,0,0,0,0,0,0,0,0,0,0,0,0,0,0,0
9/1/2026,2025,20260362,22968,300,"PLAINS PIPELINE, L.P.",Crude Oil,INTERSTATE,TENNESSEE,0,0,0,0,0,0,0,0,0,0,0,0,0,0,0,0,0,0,0,0,0,0,0,0,0
9/1/2026,2025,20260362,22968,300,"PLAINS PIPELINE, L.P.",Crude Oil,INTERSTATE,TEXAS,7,17,37,25,86,0,0,0,0,0,0,0,0,0,0,0,0,0,0,0,0,0,0,0,0
9/1/2026,2025,20260362,22968,300,"PLAINS PIPELINE, L.P.",Crude Oil,INTERSTATE,WYOMING,11,3,10,1,25,0,0,0,0,0,0,0,0,0,0,0,0,0,0,0,0,0,0,0,0
9/1/2026,2025,20260362,22968,300,"PLAINS PIPELINE, L.P.",Crude Oil,INTRASTATE,ARKANSAS,0,0,0,0,0,0,0,0,0,0,0,0,0,0,0,0,0,0,0,0,0,0,0,0,0
9/1/2026,2025,20260362,22968,300,"PLAINS PIPELINE, L.P.",Crude Oil,INTRASTATE,LOUISIANA,0,0,0,0,0,0,0,0,0,0,0,0,0,0,0,0,0,0,0,0,0,0,0,0,0
9/1/2026,2025,20260362,22968,300,"PLAINS PIPELINE, L.P.",Crude Oil,INTRASTATE,MISSISSIPPI,0,0,0,0,0,0,0,0,0,0,0,0,0,0,0,0,0,0,0,0,0,0,0,0,0
9/1/2026,2025,20260362,22968,300,"PLAINS PIPELINE, L.P.",Crude Oil,INTRASTATE,MONTANA,0,0,0,0,0,0,0,0,0,0,0,0,0,0,0,0,0,0,0,0,0,0,0,0,0
9/1/2026,2025,20260362,22968,300,"PLAINS PIPELINE, L.P.",Crude Oil,INTRASTATE,NEW MEXICO,1,1,2,0,4,0,0,0,0,0,0,0,0,0,0,0,0,0,0,0,0,0,0,0,0
9/1/2026,2025,20260362,22968,300,"PLAINS PIPELINE, L.P.",Crude Oil,INTRASTATE,NORTH DAKOTA,0,0,0,0,0,0,0,0,0,0,0,0,0,0,0,0,0,0,0,0,0,0,0,0,0
9/1/2026,2025,20260362,22968,300,"PLAINS PIPELINE, L.P.",Crude Oil,INTRASTATE,OKLAHOMA,1,4,2,0,7,0,0,0,0,0,0,0,0,0,0,0,0,0,0,0,0,0,0,0,0
9/1/2026,2025,20260362,22968,300,"PLAINS PIPELINE, L.P.",Crude Oil,INTRASTATE,TEXAS,21,39,31,43,134,0,0,0,0,0,0,0,0,0,0,0,0,0,0,0,0,0,0,0,0
9/1/2026,2025,20260362,22968,300,"PLAINS PIPELINE, L.P.",Crude Oil,INTRASTATE,WYOMING,2,0,1,0,3,0,0,0,0,0,0,0,0,0,0,0,0,0,0,0,0,0,0,0,0
9/1/2026,2025,20260360,22966,300,"PLAINS PIPELINE, L.P.",HVL,INTERSTATE,MICHIGAN,0,0,0,0,0,0,0,0,0,0,0,0,0,0,0,0,0,0,0,0,0,0,0,0,0
9/1/2026,2025,20260360,22966,300,"PLAINS PIPELINE, L.P.",HVL,INTRASTATE,TEXAS,0,0,0,0,0,0,0,0,0,0,0,0,0,0,0,0,0,0,0,0,0,0,0,0,0
9/1/2026,2025,20260301,22903,395,AMOCO OIL CO,Refined and/or Petroleum Product (non-HVL),INTERSTATE,ILLINOIS,0,0,0,0,0,0,5,0,0,5,0,0,0,0,0,0,0,0,0,0,0,0,0,0,0
9/1/2026,2025,20260301,22903,395,AMOCO OIL CO,Refined and/or Petroleum Product (non-HVL),INTERSTATE,INDIANA,0,0,0,0,0,0,0,0,0,0,0,0,0,0,0,0,0,0,0,0,0,0,0,0,0
9/1/2026,2025,20260301,22903,395,AMOCO OIL CO,Refined and/or Petroleum Product (non-HVL),INTERSTATE,IOWA,0,0,0,0,0,9,6,0,0,15,0,0,0,0,0,0,0,0,0,0,0,0,0,0,0
9/1/2026,2025,20260301,22903,395,AMOCO OIL CO,Refined and/or Petroleum Product (non-HVL),INTERSTATE,MICHIGAN,0,0,0,0,0,0,0,0,0,0,0,0,0,0,0,0,0,0,0,0,0,0,0,0,0
9/1/2026,2025,20260301,22903,395,AMOCO OIL CO,Refined and/or Petroleum Product (non-HVL),INTERSTATE,MINNESOTA,0,0,0,0,0,0,0,0,0,0,0,0,0,0,0,0,0,0,0,0,0,0,0,0,0
9/1/2026,2025,20260301,22903,395,AMOCO OIL CO,Refined and/or Petroleum Product (non-HVL),INTERSTATE,MISSOURI,0,0,0,0,0,0,0,0,0,0,0,0,0,0,0,0,0,0,0,0,0,0,0,0,0
9/1/2026,2025,20260550,23156,473,"WESTERN MIDSTREAM PARTNERS, LP",Crude Oil,INTRASTATE,COLORADO,0,0,0,0,0,0,0,0,0,0,0,0,0,0,0,0,0,0,0,0,0,0,0,0,0
9/1/2026,2025,20260550,23156,473,"WESTERN MIDSTREAM PARTNERS, LP",Crude Oil,INTRASTATE,TEXAS,0,0,0,0,0,0,0,0,0,0,0,0,0,0,0,0,0,0,0,0,0,0,0,0,0
9/1/2026,2025,20260549,23155,473,"WESTERN MIDSTREAM PARTNERS, LP",HVL,INTERSTATE,UTAH,,,,,,,,,,,,,,,,,,,,,,,,,
9/1/2026,2025,20260549,23155,473,"WESTERN MIDSTREAM PARTNERS, LP",HVL,INTERSTATE,WYOMING,,,,,,,,,,,,,,,,,,,,,,,,,
9/1/2026,2025,20260549,23155,473,"WESTERN MIDSTREAM PARTNERS, LP",HVL,INTRASTATE,COLORADO,0,0,0,0,0,0,0,0,0,0,0,0,0,0,0,0,0,0,0,0,0,0,0,0,0
9/1/2026,2025,20260549,23155,473,"WESTERN MIDSTREAM PARTNERS, LP",HVL,INTRASTATE,TEXAS,0,0,0,0,0,0,0,0,0,0,0,0,0,0,0,0,0,0,0,0,0,0,0,0,0
9/1/2026,2025,20260441,23047,515,DAKOTA GASIFICATION COMPANY,CO2,INTERSTATE,NORTH DAKOTA,,,,,,,,,,,,,,,,0,0,0,0,0,,,,,
9/1/2026,2025,20260441,23047,515,DAKOTA GASIFICATION COMPANY,CO2,INTRASTATE,NORTH DAKOTA,,,,,,,,,,,,,,,,0,0,0,0,0,,,,,
9/1/2026,2025,20260200,22798,994,"WILLIAMS FIELD SERVICES - GULF COAST COMPANY, LP",Crude Oil,INTERSTATE,OCS-Gulf of America,,,,,,,,,,,,,,,,,,,,,,,,,
9/1/2026,2025,20260672,23327,999,"PACIFIC COAST ENERGY COMPANY, LP",Crude Oil,INTRASTATE,CALIFORNIA,0,0,0,0,0,,,,,,,,,,,,,,,,,,,,
9/1/2026,2025,20260239,22838,1541,"HILCORP NORTH SLOPE, LLC",Crude Oil,INTRASTATE,ALASKA,0,0,0,0,0,,,,,,,,,,,,,,,,,,,,
9/1/2026,2025,20260409,23015,1845,"BUCKEYE PARTNERS, LP",Crude Oil,INTERSTATE,INDIANA,0,0,0,3,3,,,,,,,,,,,,,,,,,,,,
9/1/2026,2025,20260409,23015,1845,"BUCKEYE PARTNERS, LP",Crude Oil,INTERSTATE,OHIO,0,1,0,0,1,,,,,,,,,,,,,,,,,,,,
9/1/2026,2025,20260409,23015,1845,"BUCKEYE PARTNERS, LP",Crude Oil,INTRASTATE,TEXAS,0,2,2,2,6,,,,,,,,,,,,,,,,,,,,
9/1/2026,2025,20260411,23017,1845,"BUCKEYE PARTNERS, LP",Fuel Grade Ethanol (dedicated system),INTERSTATE,FLORIDA,0,0,0,0,0,0,0,0,0,0,0,0,0,0,0,0,0,0,0,0,0,0,0,0,0
9/1/2026,2025,20260411,23017,1845,"BUCKEYE PARTNERS, LP",Fuel Grade Ethanol (dedicated system),INTRASTATE,FLORIDA,,,,,,,,,,,,,,,,,,,,,0,0,0,0,0
9/1/2026,2025,20260412,23018,1845,"BUCKEYE PARTNERS, LP",HVL,INTERSTATE,ILLINOIS,,,,,,,,,,,1,0,0,0,1,,,,,,,,,,
9/1/2026,2025,20260412,23018,1845,"BUCKEYE PARTNERS, LP",HVL,INTERSTATE,INDIANA,,,,,,,,,,,5,0,0,0,5,,,,,,,,,,
9/1/2026,2025,20260412,23018,1845,"BUCKEYE PARTNERS, LP",HVL,INTERSTATE,OHIO,,,,,,,,,,,0,0,0,0,0,,,,,,,,,,
9/1/2026,2025,20260412,23018,1845,"BUCKEYE PARTNERS, LP",HVL,INTRASTATE,FLORIDA,,,,,,,,,,,0,0,0,0,0,,,,,,,,,,
9/1/2026,2025,20260412,23018,1845,"BUCKEYE PARTNERS, LP",HVL,INTRASTATE,TEXAS,,,,,,,,,,,0,0,0,0,0,,,,,,,,,,
9/1/2026,2025,20260410,23016,1845,"BUCKEYE PARTNERS, LP",Refined and/or Petroleum Product (non-HVL),INTERSTATE,CONNECTICUT,,,,,,5,18,0,1,24,,,,,,,,,,,,,,,
9/1/2026,2025,20260410,23016,1845,"BUCKEYE PARTNERS, LP",Refined and/or Petroleum Product (non-HVL),INTERSTATE,DELAWARE,,,,,,1,1,6,0,8,,,,,,,,,,,,,,,
9/1/2026,2025,20260410,23016,1845,"BUCKEYE PARTNERS, LP",Refined and/or Petroleum Product (non-HVL),INTERSTATE,FLORIDA,,,,,,4,5,2,1,12,,,,,,,,,,,,,,,
9/1/2026,2025,20260410,23016,1845,"BUCKEYE PARTNERS, LP",Refined and/or Petroleum Product (non-HVL),INTERSTATE,ILLINOIS,,,,,,12,1,1,3,17,,,,,,,,,,,,,,,
9/1/2026,2025,20260410,23016,1845,"BUCKEYE PARTNERS, LP",Refined and/or Petroleum Product (non-HVL),INTERSTATE,INDIANA,,,,,,33,36,13,8,90,,,,,,,,,,,,,,,
9/1/2026,2025,20260410,23016,1845,"BUCKEYE PARTNERS, LP",Refined and/or Petroleum Product (non-HVL),INTERSTATE,IOWA,,,,,,4,0,0,0,4,,,,,,,,,,,,,,,
9/1/2026,2025,20260410,23016,1845,"BUCKEYE PARTNERS, LP",Refined and/or Petroleum Product (non-HVL),INTERSTATE,MAINE,,,,,,1,0,0,0,1,,,,,,,,,,,,,,,
9/1/2026,2025,20260410,23016,1845,"BUCKEYE PARTNERS, LP",Refined and/or Petroleum Product (non-HVL),INTERSTATE,MASSACHUSETTS,,,,,,3,0,0,0,3,,,,,,,,,,,,,,,
9/1/2026,2025,20260410,23016,1845,"BUCKEYE PARTNERS, LP",Refined and/or Petroleum Product (non-HVL),INTERSTATE,MICHIGAN,,,,,,33,23,4,1,61,,,,,,,,,,,,,,,
9/1/2026,2025,20260410,23016,1845,"BUCKEYE PARTNERS, LP",Refined and/or Petroleum Product (non-HVL),INTERSTATE,MISSOURI,,,,,,12,3,4,0,19,,,,,,,,,,,,,,,
9/1/2026,2025,20260410,23016,1845,"BUCKEYE PARTNERS, LP",Refined and/or Petroleum Product (non-HVL),INTERSTATE,NEW JERSEY,,,,,,56,27,24,26,133,,,,,,,,,,,,,,,
9/1/2026,2025,20260410,23016,1845,"BUCKEYE PARTNERS, LP",Refined and/or Petroleum Product (non-HVL),INTERSTATE,NEW YORK,,,,,,27,1,0,0,28,,,,,,,,,,,,,,,
9/1/2026,2025,20260410,23016,1845,"BUCKEYE PARTNERS, LP",Refined and/or Petroleum Product (non-HVL),INTERSTATE,OHIO,,,,,,33,33,3,1,70,,,,,,,,,,,,,,,
9/1/2026,2025,20260410,23016,1845,"BUCKEYE PARTNERS, LP",Refined and/or Petroleum Product (non-HVL),INTERSTATE,PENNSYLVANIA,,,,,,31,33,9,5,78,,,,,,,,,,,,,,,
9/1/2026,2025,20260410,23016,1845,"BUCKEYE PARTNERS, LP",Refined and/or Petroleum Product (non-HVL),INTRASTATE,ALABAMA,,,,,,0,0,0,0,0,,,,,,,,,,,,,,,
9/1/2026,2025,20260410,23016,1845,"BUCKEYE PARTNERS, LP",Refined and/or Petroleum Product (non-HVL),INTRASTATE,TEXAS,,,,,,0,0,0,0,0,,,,,,,,,,,,,,,
9/1/2026,2025,20260039,22606,2162,DOW PIPELINE LLC - CAYUSE,HVL,INTERSTATE,LOUISIANA,0,0,0,0,0,0,0,0,0,0,0,0,0,0,0,0,0,0,0,0,0,0,0,0,0
9/1/2026,2025,20260039,22606,2162,DOW PIPELINE LLC - CAYUSE,HVL,INTERSTATE,TEXAS,,,,,,,,,,,0,0,0,0,0,,,,,,,,,,
9/1/2026,2025,20260132,22725,2170,CENEX PIPELINE LLC,Refined and/or Petroleum Product (non-HVL),INTERSTATE,MONTANA,0,0,0,0,0,3,3,0,0,6,0,0,0,0,0,0,0,0,0,0,0,0,0,0,0
9/1/2026,2025,20260132,22725,2170,CENEX PIPELINE LLC,Refined and/or Petroleum Product (non-HVL),INTERSTATE,NORTH DAKOTA,0,0,0,0,0,3,4,2,1,10,0,0,0,0,0,0,0,0,0,0,0,0,0,0,0
9/1/2026,2025,20260546,23152,2190,CENTRAL FLORIDA PIPELINE CORP,Refined and/or Petroleum Product (non-HVL),INTRASTATE,FLORIDA,0,0,0,0,0,3,0,0,0,3,0,0,0,0,0,0,0,0,0,0,0,0,0,0,0
9/1/2026,2025,20260194,22792,2387,CITGO PIPELINE CO,Crude Oil,INTERSTATE,LOUISIANA,0,0,0,0,0,,,,,,,,,,,,,,,,,,,,
9/1/2026,2025,20260194,22792,2387,CITGO PIPELINE CO,Crude Oil,INTERSTATE,TEXAS,0,6,10,0,16,,,,,,,,,,,,,,,,,,,,
9/1/2026,2025,20260222,22821,2552,COLONIAL PIPELINE CO,Refined and/or Petroleum Product (non-HVL),INTERSTATE,ALABAMA,0,0,0,0,0,23,8,0,0,31,0,0,0,0,0,0,0,0,0,0,0,0,0,0,0
9/1/2026,2025,20260222,22821,2552,COLONIAL PIPELINE CO,Refined and/or Petroleum Product (non-HVL),INTERSTATE,DELAWARE,0,0,0,0,0,1,0,0,0,1,0,0,0,0,0,0,0,0,0,0,0,0,0,0,0
9/1/2026,2025,20260222,22821,2552,COLONIAL PIPELINE CO,Refined and/or Petroleum Product (non-HVL),INTERSTATE,GEORGIA,0,0,0,0,0,21,7,15,7,50,0,0,0,0,0,0,0,0,0,0,0,0,0,0,0
9/1/2026,2025,20260222,22821,2552,COLONIAL PIPELINE CO,Refined and/or Petroleum Product (non-HVL),INTERSTATE,LOUISIANA,0,0,0,0,0,15,2,12,26,55,0,0,0,0,0,0,0,0,0,0,0,0,0,0,0
9/1/2026,2025,20260222,22821,2552,COLONIAL PIPELINE CO,Refined and/or Petroleum Product (non-HVL),INTERSTATE,MARYLAND,0,0,0,0,0,20,15,4,1,40,0,0,0,0,0,0,0,0,0,0,0,0,0,0,0
9/1/2026,2025,20260222,22821,2552,COLONIAL PIPELINE CO,Refined and/or Petroleum Product (non-HVL),INTERSTATE,MISSISSIPPI,0,0,0,0,0,18,0,4,8,30,0,0,0,0,0,0,0,0,0,0,0,0,0,0,0
9/1/2026,2025,20260222,22821,2552,COLONIAL PIPELINE CO,Refined and/or Petroleum Product (non-HVL),INTERSTATE,NEW JERSEY,0,0,0,0,0,10,18,12,10,50,0,0,0,0,0,0,0,0,0,0,0,0,0,0,0
9/1/2026,2025,20260222,22821,2552,COLONIAL PIPELINE CO,Refined and/or Petroleum Product (non-HVL),INTERSTATE,NEW YORK,0,0,0,0,0,0,0,0,0,0,0,0,0,0,0,0,0,0,0,0,0,0,0,0,0
9/1/2026,2025,20260222,22821,2552,COLONIAL PIPELINE CO,Refined and/or Petroleum Product (non-HVL),INTERSTATE,NORTH CAROLINA,0,0,0,0,0,53,17,19,19,108,0,0,0,0,0,0,0,0,0,0,0,0,0,0,0
9/1/2026,2025,20260222,22821,2552,COLONIAL PIPELINE CO,Refined and/or Petroleum Product (non-HVL),INTERSTATE,PENNSYLVANIA,0,0,0,0,0,2,0,0,0,2,0,0,0,0,0,0,0,0,0,0,0,0,0,0,0
9/1/2026,2025,20260222,22821,2552,COLONIAL PIPELINE CO,Refined and/or Petroleum Product (non-HVL),INTERSTATE,SOUTH CAROLINA,0,0,0,0,0,47,3,0,0,50,0,0,0,0,0,0,0,0,0,0,0,0,0,0,0
9/1/2026,2025,20260222,22821,2552,COLONIAL PIPELINE CO,Refined and/or Petroleum Product (non-HVL),INTERSTATE,TENNESSEE,0,0,0,0,0,5,0,0,0,5,0,0,0,0,0,0,0,0,0,0,0,0,0,0,0
9/1/2026,2025,20260222,22821,2552,COLONIAL PIPELINE CO,Refined and/or Petroleum Product (non-HVL),INTERSTATE,TEXAS,0,0,0,0,0,10,14,8,5,37,0,0,0,0,0,0,0,0,0,0,0,0,0,0,0
9/1/2026,2025,20260222,22821,2552,COLONIAL PIPELINE CO,Refined and/or Petroleum Product (non-HVL),INTERSTATE,VIRGINIA,0,0,0,0,0,27,21,6,1,55,0,0,0,0,0,0,0,0,0,0,0,0,0,0,0
9/1/2026,2025,20260222,22821,2552,COLONIAL PIPELINE CO,Refined and/or Petroleum Product (non-HVL),INTERSTATE,WASHINGTON DC,0,0,0,0,0,0,0,0,0,0,0,0,0,0,0,0,0,0,0,0,0,0,0,0,0
9/1/2026,2025,20260043,22612,2714,"EASTERN GAS TRANSMISSION AND STORAGE, INC.",HVL,INTERSTATE,PENNSYLVANIA,0,0,0,0,0,0,0,0,0,0,0,0,0,0,0,0,0,0,0,0,0,0,0,0,0
9/1/2026,2025,20260043,22612,2714,"EASTERN GAS TRANSMISSION AND STORAGE, INC.",HVL,INTERSTATE,WEST VIRGINIA,0,0,0,0,0,0,0,0,0,0,0,0,0,0,0,0,0,0,0,0,0,0,0,0,0
9/1/2026,2025,20260043,22612,2714,"EASTERN GAS TRANSMISSION AND STORAGE, INC.",HVL,INTRASTATE,WEST VIRGINIA,0,0,0,0,0,0,0,0,0,0,0,0,0,0,0,0,0,0,0,0,0,0,0,0,0
9/1/2026,2025,20260044,22613,2714,"EASTERN GAS TRANSMISSION AND STORAGE, INC.",Refined and/or Petroleum Product (non-HVL),INTRASTATE,WEST VIRGINIA,0,0,0,0,0,0,0,0,0,0,0,0,0,0,0,0,0,0,0,0,0,0,0,0,0
9/1/2026,2025,20260145,22738,2730,CHEVRON PRODUCTS COMPANY,Refined and/or Petroleum Product (non-HVL),INTRASTATE,OREGON,,,,,,4,2,4,,10,,,,,,,,,,,,1,,,1
9/1/2026,2025,20260622,23396,2731,CHEVRON PIPE LINE CO,Crude Oil,INTERSTATE,COLORADO,0,0,0,0,0,0,0,0,0,0,0,0,0,0,0,0,0,0,0,0,0,0,0,0,0
9/1/2026,2025,20260622,23396,2731,CHEVRON PIPE LINE CO,Crude Oil,INTERSTATE,LOUISIANA,0,2,0,8,10,0,0,0,0,0,0,0,0,0,0,0,0,0,0,0,0,0,0,0,0
9/1/2026,2025,20260622,23396,2731,CHEVRON PIPE LINE CO,Crude Oil,INTERSTATE,MISSISSIPPI,0,0,0,0,0,0,0,0,0,0,0,0,0,0,0,0,0,0,0,0,0,0,0,0,0
9/1/2026,2025,20260622,23396,2731,CHEVRON PIPE LINE CO,Crude Oil,INTERSTATE,OCS-Gulf of America,0,0,0,0,0,0,0,0,0,0,0,0,0,0,0,0,0,0,0,0,0,0,0,0,0
9/1/2026,2025,20260622,23396,2731,CHEVRON PIPE LINE CO,Crude Oil,INTERSTATE,UTAH,5,2,0,0,7,0,0,0,0,0,0,0,0,0,0,0,0,0,0,0,0,0,0,0,0
9/1/2026,2025,20260622,23396,2731,CHEVRON PIPE LINE CO,Crude Oil,INTRASTATE,CALIFORNIA,0,0,0,0,0,0,0,0,0,0,0,0,0,0,0,0,0,0,0,0,0,0,0,0,0
9/1/2026,2025,20260622,23396,2731,CHEVRON PIPE LINE CO,Crude Oil,INTRASTATE,LOUISIANA,,,,,,,,,,,,,,,,,,,,,,,,,
9/1/2026,2025,20260622,23396,2731,CHEVRON PIPE LINE CO,Crude Oil,INTRASTATE,TEXAS,0,0,0,0,0,0,0,0,0,0,0,0,0,0,0,0,0,0,0,0,0,0,0,0,0
9/1/2026,2025,20260622,23396,2731,CHEVRON PIPE LINE CO,Crude Oil,INTRASTATE,UTAH,,,,,,,,,,,,,,,,,,,,,,,,,
9/1/2026,2025,20260629,23366,2731,CHEVRON PIPE LINE CO,HVL,INTRASTATE,LOUISIANA,0,0,0,0,0,0,0,0,0,0,0,0,0,0,0,0,0,0,0,0,0,0,0,0,0
9/1/2026,2025,20260629,23366,2731,CHEVRON PIPE LINE CO,HVL,INTRASTATE,TEXAS,0,0,0,0,0,0,0,0,0,0,0,0,0,0,0,0,0,0,0,0,0,0,0,0,0
9/1/2026,2025,20260584,23192,2731,CHEVRON PIPE LINE CO,Refined and/or Petroleum Product (non-HVL),INTRASTATE,CALIFORNIA,0,0,0,0,0,0,0,0,0,0,0,0,0,0,0,0,0,0,0,0,0,0,0,0,0
9/1/2026,2025,20260584,23192,2731,CHEVRON PIPE LINE CO,Refined and/or Petroleum Product (non-HVL),INTRASTATE,UTAH,0,0,0,0,0,0,0,0,0,0,0,0,0,0,0,0,0,0,0,0,0,0,0,0,0
9/1/2026,2025,20260532,23138,2767,"HARVEST ALASKA, LLC",Crude Oil,INTERSTATE,ALASKA,0,0,0,0,0,0,0,0,0,0,0,0,0,0,0,0,0,0,0,0,0,0,0,0,0
9/1/2026,2025,20260532,23138,2767,"HARVEST ALASKA, LLC",Crude Oil,INTRASTATE,ALASKA,1,0,0,0,1,0,0,0,0,0,0,0,0,0,0,0,0,0,0,0,0,0,0,0,0
9/1/2026,2025,20260273,22874,3445,DIXIE PIPELINE COMPANY LLC,HVL,INTERSTATE,ALABAMA,,,,,,,,,,,0,0,0,0,0,,,,,,,,,,
9/1/2026,2025,20260273,22874,3445,DIXIE PIPELINE COMPANY LLC,HVL,INTERSTATE,GEORGIA,,,,,,,,,,,0,0,0,0,0,,,,,,,,,,
9/1/2026,2025,20260273,22874,3445,DIXIE PIPELINE COMPANY LLC,HVL,INTERSTATE,LOUISIANA,,,,,,,,,,,0,0,0,0,0,,,,,,,,,,
9/1/2026,2025,20260273,22874,3445,DIXIE PIPELINE COMPANY LLC,HVL,INTERSTATE,MISSISSIPPI,,,,,,,,,,,0,0,0,0,0,,,,,,,,,,
9/1/2026,2025,20260273,22874,3445,DIXIE PIPELINE COMPANY LLC,HVL,INTERSTATE,NORTH CAROLINA,,,,,,,,,,,0,0,0,0,0,,,,,,,,,,
9/1/2026,2025,20260273,22874,3445,DIXIE PIPELINE COMPANY LLC,HVL,INTERSTATE,SOUTH CAROLINA,,,,,,,,,,,0,0,0,0,0,,,,,,,,,,
9/1/2026,2025,20260273,22874,3445,DIXIE PIPELINE COMPANY LLC,HVL,INTERSTATE,TEXAS,,,,,,,,,,,0,0,0,0,0,,,,,,,,,,
9/1/2026,2025,20260057,22628,3527,DOW PIPELINE LLC,HVL,INTRASTATE,TEXAS,0,0,0,0,0,0,0,0,0,0,0,0,0,0,0,0,0,0,0,0,0,0,0,0,0
9/1/2026,2025,20260056,22627,3535,DOW PIPELINE LLC,HVL,INTRASTATE,LOUISIANA,0,0,0,0,0,0,0,0,0,0,0,0,0,0,0,0,0,0,0,0,0,0,0,0,0
9/1/2026,2025,20260329,22931,4430,VALERO TERMINALING AND DISTRIBUTION COMPANY,Crude Oil,INTERSTATE,ILLINOIS,0,0,7,0,7,,,,,,,,,,,,,,,,,,,,
9/1/2026,2025,20260329,22931,4430,VALERO TERMINALING AND DISTRIBUTION COMPANY,Crude Oil,INTERSTATE,OKLAHOMA,0,0,0,0,0,,,,,,,,,,,,,,,,,,,,
9/1/2026,2025,20260329,22931,4430,VALERO TERMINALING AND DISTRIBUTION COMPANY,Crude Oil,INTERSTATE,TENNESSEE,0,0,0,0,0,,,,,,,,,,,,,,,,,,,,
9/1/2026,2025,20260329,22931,4430,VALERO TERMINALING AND DISTRIBUTION COMPANY,Crude Oil,INTERSTATE,TEXAS,0,0,0,0,0,,,,,,,,,,,,,,,,,,,,
9/1/2026,2025,20260329,22931,4430,VALERO TERMINALING AND DISTRIBUTION COMPANY,Crude Oil,INTRASTATE,TEXAS,0,0,1,0,1,,,,,,,,,,,,,,,,,,,,
9/1/2026,2025,20260326,22928,4430,VALERO TERMINALING AND DISTRIBUTION COMPANY,HVL,INTERSTATE,TEXAS,,,,,,,,,,,0,0,0,0,0,,,,,,,,,,
9/1/2026,2025,20260326,22928,4430,VALERO TERMINALING AND DISTRIBUTION COMPANY,HVL,INTRASTATE,TEXAS,,,,,,,,,,,4,0,0,0,4,,,,,,,,,,
9/1/2026,2025,20260453,23059,4430,VALERO TERMINALING AND DISTRIBUTION COMPANY,Refined and/or Petroleum Product (non-HVL),INTERSTATE,ILLINOIS,,,,,,1,2,0,0,3,,,,,,,,,,,,,,,
9/1/2026,2025,20260453,23059,4430,VALERO TERMINALING AND DISTRIBUTION COMPANY,Refined and/or Petroleum Product (non-HVL),INTERSTATE,INDIANA,,,,,,1,3,0,3,7,,,,,,,,,,,,,,,
9/1/2026,2025,20260453,23059,4430,VALERO TERMINALING AND DISTRIBUTION COMPANY,Refined and/or Petroleum Product (non-HVL),INTERSTATE,KENTUCKY,,,,,,1,1,0,0,2,,,,,,,,,,,,,,,
9/1/2026,2025,20260453,23059,4430,VALERO TERMINALING AND DISTRIBUTION COMPANY,Refined and/or Petroleum Product (non-HVL),INTRASTATE,TENNESSEE,,,,,,0,0,0,0,0,,,,,,,,,,,,,,,
9/1/2026,2025,20260453,23059,4430,VALERO TERMINALING AND DISTRIBUTION COMPANY,Refined and/or Petroleum Product (non-HVL),INTRASTATE,TEXAS,,,,,,0,0,4,0,4,,,,,,,,,,,,,,,
9/1/2026,2025,20260156,22749,4461,"EOG RESOURCES, INC",Crude Oil,INTRASTATE,NEW MEXICO,0,0,0,0,0,0,0,0,0,0,0,0,0,0,0,0,0,0,0,0,0,0,0,0,0
9/1/2026,2025,20260156,22749,4461,"EOG RESOURCES, INC",Crude Oil,INTRASTATE,TEXAS,0,0,3,0,3,0,0,0,0,0,0,0,0,0,0,0,0,0,0,0,0,0,0,0,0
9/1/2026,2025,20260156,22749,4461,"EOG RESOURCES, INC",Crude Oil,INTRASTATE,WYOMING,0,0,0,0,0,0,0,0,0,0,0,0,0,0,0,0,0,0,0,0,0,0,0,0,0
9/1/2026,2025,20260503,23109,4472,CYPRESS INTERSTATE PIPELINE LLC,HVL,INTERSTATE,LOUISIANA,,,,,,,,,,,0,0,0,0,0,,,,,,,,,,
9/1/2026,2025,20260503,23109,4472,CYPRESS INTERSTATE PIPELINE LLC,HVL,INTERSTATE,TEXAS,,,,,,,,,,,0,0,0,0,0,,,,,,,,,,
9/1/2026,2025,20260187,22783,4805,EXPLORER PIPELINE CO,Refined and/or Petroleum Product (non-HVL),INTERSTATE,ILLINOIS,0,0,0,0,0,3,12,3,1,19,0,0,0,0,0,0,0,0,0,0,0,0,0,0,0
9/1/2026,2025,20260187,22783,4805,EXPLORER PIPELINE CO,Refined and/or Petroleum Product (non-HVL),INTERSTATE,INDIANA,0,0,0,0,0,3,9,1,1,14,0,0,0,0,0,0,0,0,0,0,0,0,0,0,0
9/1/2026,2025,20260187,22783,4805,EXPLORER PIPELINE CO,Refined and/or Petroleum Product (non-HVL),INTERSTATE,MISSOURI,0,0,0,0,0,7,0,0,0,7,0,0,0,0,0,0,0,0,0,0,0,0,0,0,0
9/1/2026,2025,20260187,22783,4805,EXPLORER PIPELINE CO,Refined and/or Petroleum Product (non-HVL),INTERSTATE,OKLAHOMA,0,0,0,0,0,10,12,7,8,37,0,0,0,0,0,0,0,0,0,0,0,0,0,0,0
9/1/2026,2025,20260187,22783,4805,EXPLORER PIPELINE CO,Refined and/or Petroleum Product (non-HVL),INTERSTATE,TEXAS,0,0,0,0,0,20,26,15,2,63,0,0,0,0,0,0,0,0,0,0,0,0,0,0,0
9/1/2026,2025,20260688,23299,4906,EXXONMOBIL PIPELINE COMPANY LLC,Crude Oil,INTERSTATE,LOUISIANA,0,0,0,8,8,,,,,,,,,,,,,,,,,,,,
9/1/2026,2025,20260688,23299,4906,EXXONMOBIL PIPELINE COMPANY LLC,Crude Oil,INTERSTATE,NEW MEXICO,0,0,0,0,0,,,,,,,,,,,,,,,,,,,,
9/1/2026,2025,20260688,23299,4906,EXXONMOBIL PIPELINE COMPANY LLC,Crude Oil,INTERSTATE,OCS-Gulf of America,0,0,0,0,0,,,,,,,,,,,,,,,,,,,,
9/1/2026,2025,20260688,23299,4906,EXXONMOBIL PIPELINE COMPANY LLC,Crude Oil,INTERSTATE,TEXAS,1,0,0,10,11,,,,,,,,,,,,,,,,,,,,
9/1/2026,2025,20260688,23299,4906,EXXONMOBIL PIPELINE COMPANY LLC,Crude Oil,INTRASTATE,TEXAS,0,1,2,9,12,,,,,,,,,,,,,,,,,,,,
9/1/2026,2025,20260691,23302,4906,EXXONMOBIL PIPELINE COMPANY LLC,HVL,INTRASTATE,LOUISIANA,,,,,,,,,,,12,2,0,0,14,,,,,,,,,,
9/1/2026,2025,20260691,23302,4906,EXXONMOBIL PIPELINE COMPANY LLC,HVL,INTRASTATE,TEXAS,,,,,,,,,,,0,0,0,0,0,,,,,,,,,,
9/1/2026,2025,20260690,23392,4906,EXXONMOBIL PIPELINE COMPANY LLC,Refined and/or Petroleum Product (non-HVL),INTERSTATE,ILLINOIS,,,,,,2,5,1,1,9,,,,,,,,,,,,,,,
9/1/2026,2025,20260690,23392,4906,EXXONMOBIL PIPELINE COMPANY LLC,Refined and/or Petroleum Product (non-HVL),INTERSTATE,LOUISIANA,,,,,,0,0,0,0,0,,,,,,,,,,,,,,,
9/1/2026,2025,20260690,23392,4906,EXXONMOBIL PIPELINE COMPANY LLC,Refined and/or Petroleum Product (non-HVL),INTERSTATE,TEXAS,,,,,,2,0,4,12,18,,,,,,,,,,,,,,,
9/1/2026,2025,20260690,23392,4906,EXXONMOBIL PIPELINE COMPANY LLC,Refined and/or Petroleum Product (non-HVL),INTRASTATE,LOUISIANA,,,,,,0,0,0,0,0,,,,,,,,,,,,,,,
9/1/2026,2025,20260690,23392,4906,EXXONMOBIL PIPELINE COMPANY LLC,Refined and/or Petroleum Product (non-HVL),INTRASTATE,TEXAS,,,,,,4,1,0,0,5,,,,,,,,,,,,,,,
9/1/2026,2025,20260359,23320,4908,"EXXONMOBIL PRODUCTION COMPANY, A DIVISION OF EXXON MOBIL CORPORATION",CO2,INTRASTATE,WYOMING,,,,,,,,,,,,,,,,0,0,0,0,0,,,,,
9/1/2026,2025,20260284,23345,5081,"COFFEYVILLE RESOURCES CRUDE TRANSPORTATION, LLC",Crude Oil,INTERSTATE,KANSAS,2,1,0,3,6,,,,,,,,,,,,,,,,,,,,
9/1/2026,2025,20260284,23345,5081,"COFFEYVILLE RESOURCES CRUDE TRANSPORTATION, LLC",Crude Oil,INTERSTATE,OKLAHOMA,0,0,0,0,0,,,,,,,,,,,,,,,,,,,,
9/1/2026,2025,20260284,23345,5081,"COFFEYVILLE RESOURCES CRUDE TRANSPORTATION, LLC",Crude Oil,INTRASTATE,OKLAHOMA,5,1,0,0,6,,,,,,,,,,,,,,,,,,,,
9/1/2026,2025,20260262,22861,6911,TRECORA PIPELINE LLC,Refined and/or Petroleum Product (non-HVL),INTRASTATE,TEXAS,0,0,0,0,0,0,0,0,0,0,0,0,0,0,0,0,0,0,0,0,0,0,0,0,0
9/1/2026,2025,20260287,22889,7063,HARBOR PIPELINE CO,Refined and/or Petroleum Product (non-HVL),INTERSTATE,NEW JERSEY,0,0,0,0,0,2,0,0,0,2,0,0,0,0,0,0,0,0,0,0,0,0,0,0,0
9/1/2026,2025,20260423,23029,7660,HUNT CRUDE OIL SUPPLY CO,Crude Oil,INTERSTATE,ALABAMA,0,2,0,0,2,,,,,,,,,,,,,,,,,,,,
9/1/2026,2025,20260423,23029,7660,HUNT CRUDE OIL SUPPLY CO,Crude Oil,INTERSTATE,MISSISSIPPI,3,1,0,0,4,,,,,,,,,,,,,,,,,,,,
9/1/2026,2025,20260423,23029,7660,HUNT CRUDE OIL SUPPLY CO,Crude Oil,INTRASTATE,ALABAMA,1,1,0,0,2,,,,,,,,,,,,,,,,,,,,
9/1/2026,2025,20260258,22857,8014,IDAHO PIPELINE CORP,Refined and/or Petroleum Product (non-HVL),INTRASTATE,IDAHO,0,0,0,0,0,3,0,0,0,3,0,0,0,0,0,0,0,0,0,0,0,0,0,0,0
9/1/2026,2025,20260269,22868,8175,INTERSTATE STORAGE & PIPELINE C0,Refined and/or Petroleum Product (non-HVL),INTRASTATE,NEW JERSEY,0,0,0,0,0,0,0,0,0,0,0,0,0,0,0,0,0,0,0,0,0,0,0,0,0
9/1/2026,2025,20260133,22726,9175,JAYHAWK PIPELINE LLC,Crude Oil,INTERSTATE,KANSAS,5,4,5,1,15,0,0,0,0,0,0,0,0,0,0,0,0,0,0,0,0,0,0,0,0
9/1/2026,2025,20260133,22726,9175,JAYHAWK PIPELINE LLC,Crude Oil,INTERSTATE,NEBRASKA,0,0,2,0,2,0,0,0,0,0,0,0,0,0,0,0,0,0,0,0,0,0,0,0,0
9/1/2026,2025,20260133,22726,9175,JAYHAWK PIPELINE LLC,Crude Oil,INTERSTATE,OKLAHOMA,1,0,0,0,1,0,0,0,0,0,0,0,0,0,0,0,0,0,0,0,0,0,0,0,0
9/1/2026,2025,20260133,22726,9175,JAYHAWK PIPELINE LLC,Crude Oil,INTERSTATE,TEXAS,0,0,0,0,0,0,0,0,0,0,0,0,0,0,0,0,0,0,0,0,0,0,0,0,0
9/1/2026,2025,20260133,22726,9175,JAYHAWK PIPELINE LLC,Crude Oil,INTRASTATE,KANSAS,3,2,0,0,5,0,0,0,0,0,0,0,0,0,0,0,0,0,0,0,0,0,0,0,0
9/1/2026,2025,20260602,23210,10012,NUSTAR PIPELINE OPERATING PARTNERSHIP L.P.,HVL,INTERSTATE,ARKANSAS,,,,,,,,,,,0,0,0,0,0,,,,,,,,,,
9/1/2026,2025,20260602,23210,10012,NUSTAR PIPELINE OPERATING PARTNERSHIP L.P.,HVL,INTERSTATE,ILLINOIS,,,,,,,,,,,0,0,0,0,0,,,,,,,,,,
9/1/2026,2025,20260602,23210,10012,NUSTAR PIPELINE OPERATING PARTNERSHIP L.P.,HVL,INTERSTATE,INDIANA,,,,,,,,,,,0,0,0,0,0,,,,,,,,,,
9/1/2026,2025,20260602,23210,10012,NUSTAR PIPELINE OPERATING PARTNERSHIP L.P.,HVL,INTERSTATE,IOWA,,,,,,,,,,,0,1,0,0,1,,,,,,,,,,
9/1/2026,2025,20260602,23210,10012,NUSTAR PIPELINE OPERATING PARTNERSHIP L.P.,HVL,INTERSTATE,KANSAS,,,,,,,,,,,0,1,0,0,1,,,,,,,,,,
9/1/2026,2025,20260602,23210,10012,NUSTAR PIPELINE OPERATING PARTNERSHIP L.P.,HVL,INTERSTATE,LOUISIANA,,,,,,,,,,,0,0,0,0,0,,,,,,,,,,
9/1/2026,2025,20260602,23210,10012,NUSTAR PIPELINE OPERATING PARTNERSHIP L.P.,HVL,INTERSTATE,MISSOURI,,,,,,,,,,,3,0,0,0,3,,,,,,,,,,
9/1/2026,2025,20260602,23210,10012,NUSTAR PIPELINE OPERATING PARTNERSHIP L.P.,HVL,INTERSTATE,NEBRASKA,,,,,,,,,,,17,1,0,0,18,,,,,,,,,,
9/1/2026,2025,20260602,23210,10012,NUSTAR PIPELINE OPERATING PARTNERSHIP L.P.,HVL,INTERSTATE,SOUTH DAKOTA,,,,,,,,,,,10,0,0,0,10,,,,,,,,,,
9/1/2026,2025,20260603,23211,10012,NUSTAR PIPELINE OPERATING PARTNERSHIP L.P.,Refined and/or Petroleum Product (non-HVL),INTERSTATE,IOWA,,,,,,0,3,0,0,3,,,,,,,,,,,,,,,
9/1/2026,2025,20260603,23211,10012,NUSTAR PIPELINE OPERATING PARTNERSHIP L.P.,Refined and/or Petroleum Product (non-HVL),INTERSTATE,KANSAS,,,,,,2,10,3,1,16,,,,,,,,,,,,,,,
9/1/2026,2025,20260603,23211,10012,NUSTAR PIPELINE OPERATING PARTNERSHIP L.P.,Refined and/or Petroleum Product (non-HVL),INTERSTATE,MINNESOTA,,,,,,8,2,0,0,10,,,,,,,,,,,,,,,
9/1/2026,2025,20260603,23211,10012,NUSTAR PIPELINE OPERATING PARTNERSHIP L.P.,Refined and/or Petroleum Product (non-HVL),INTERSTATE,NEBRASKA,,,,,,12,6,0,0,18,,,,,,,,,,,,,,,
9/1/2026,2025,20260603,23211,10012,NUSTAR PIPELINE OPERATING PARTNERSHIP L.P.,Refined and/or Petroleum Product (non-HVL),INTERSTATE,NORTH DAKOTA,,,,,,1,0,1,0,2,,,,,,,,,,,,,,,
9/1/2026,2025,20260603,23211,10012,NUSTAR PIPELINE OPERATING PARTNERSHIP L.P.,Refined and/or Petroleum Product (non-HVL),INTERSTATE,SOUTH DAKOTA,,,,,,18,5,0,0,23,,,,,,,,,,,,,,,
9/1/2026,2025,20260603,23211,10012,NUSTAR PIPELINE OPERATING PARTNERSHIP L.P.,Refined and/or Petroleum Product (non-HVL),INTRASTATE,WYOMING,,,,,,0,0,0,0,0,,,,,,,,,,,,,,,
9/1/2026,2025,20260254,22853,10250,KIANTONE PIPELINE CORP,Crude Oil,INTERSTATE,NEW YORK,0,0,2,2,4,,,,,,,,,,,,,,,,,,,,
9/1/2026,2025,20260254,22853,10250,KIANTONE PIPELINE CORP,Crude Oil,INTERSTATE,PENNSYLVANIA,1,0,0,3,4,,,,,,,,,,,,,,,,,,,,
9/1/2026,2025,20260255,22854,10250,KIANTONE PIPELINE CORP,Refined and/or Petroleum Product (non-HVL),INTRASTATE,PENNSYLVANIA,0,0,0,0,0,2,1,0,1,4,0,0,0,0,0,0,0,0,0,0,0,0,0,0,0
9/1/2026,2025,20260565,23171,10346,KUPARUK TRANSPORTATION CO,Crude Oil,INTERSTATE,ALASKA,0,1,0,0,1,,,,,,,,,,,,,,,,,,,,
9/1/2026,2025,20260153,22746,11032,SPIRE MISSOURI INC. EAST,HVL,INTERSTATE,ILLINOIS,0,0,0,0,0,0,0,0,0,0,0,0,0,0,0,0,0,0,0,0,0,0,0,0,0
9/1/2026,2025,20260153,22746,11032,SPIRE MISSOURI INC. EAST,HVL,INTERSTATE,MISSOURI,0,0,0,0,0,0,0,0,0,0,0,0,0,0,0,0,0,0,0,0,0,0,0,0,0
9/1/2026,2025,20260599,23207,11169,"ENBRIDGE ENERGY, LIMITED PARTNERSHIP",Crude Oil,INTERSTATE,ILLINOIS,2,1,6,11,20,0,0,0,0,0,0,0,0,0,0,0,0,0,0,0,0,0,0,0,0
9/1/2026,2025,20260599,23207,11169,"ENBRIDGE ENERGY, LIMITED PARTNERSHIP",Crude Oil,INTERSTATE,INDIANA,0,9,1,11,21,0,0,0,0,0,0,0,0,0,0,0,0,0,0,0,0,0,0,0,0
9/1/2026,2025,20260599,23207,11169,"ENBRIDGE ENERGY, LIMITED PARTNERSHIP",Crude Oil,INTERSTATE,MICHIGAN,0,0,0,7,7,0,0,0,0,0,0,0,0,0,0,0,0,0,0,0,0,0,0,0,0
9/1/2026,2025,20260599,23207,11169,"ENBRIDGE ENERGY, LIMITED PARTNERSHIP",Crude Oil,INTERSTATE,MINNESOTA,0,4,1,4,9,0,0,0,0,0,0,0,0,0,0,0,0,0,0,0,0,0,0,0,0
9/1/2026,2025,20260599,23207,11169,"ENBRIDGE ENERGY, LIMITED PARTNERSHIP",Crude Oil,INTERSTATE,NORTH DAKOTA,0,0,0,0,0,0,0,0,0,0,0,0,0,0,0,0,0,0,0,0,0,0,0,0,0
9/1/2026,2025,20260599,23207,11169,"ENBRIDGE ENERGY, LIMITED PARTNERSHIP",Crude Oil,INTERSTATE,WISCONSIN,0,0,10,35,45,0,0,0,0,0,0,0,0,0,0,0,0,0,0,0,0,0,0,0,0
9/1/2026,2025,20260601,23209,11169,"ENBRIDGE ENERGY, LIMITED PARTNERSHIP",HVL,INTERSTATE,MINNESOTA,0,0,0,0,0,0,0,0,0,0,0,0,0,0,0,0,0,0,0,0,0,0,0,0,0
9/1/2026,2025,20260601,23209,11169,"ENBRIDGE ENERGY, LIMITED PARTNERSHIP",HVL,INTERSTATE,NORTH DAKOTA,0,0,0,0,0,0,0,0,0,0,0,0,0,0,0,0,0,0,0,0,0,0,0,0,0
9/1/2026,2025,20260601,23209,11169,"ENBRIDGE ENERGY, LIMITED PARTNERSHIP",HVL,INTERSTATE,WISCONSIN,0,0,0,0,0,0,0,0,0,0,2,0,0,0,2,0,0,0,0,0,0,0,0,0,0
9/1/2026,2025,20260419,23025,11272,LAVACA PIPELINE CO,HVL,INTRASTATE,TEXAS,,,,,,,,,,,0,0,0,0,0,,,,,,,,,,
9/1/2026,2025,20260422,23028,11272,LAVACA PIPELINE CO,Refined and/or Petroleum Product (non-HVL),INTRASTATE,TEXAS,,,,,,0,0,0,0,0,,,,,,,,,,,,,,,
9/1/2026,2025,20260232,22831,11551,"DELEK LOGISTICS OPERATING, LLC.",Crude Oil,INTERSTATE,ARKANSAS,0,2,0,0,2,0,0,0,0,0,0,0,0,0,0,0,0,0,0,0,0,0,0,0,0
9/1/2026,2025,20260232,22831,11551,"DELEK LOGISTICS OPERATING, LLC.",Crude Oil,INTERSTATE,LOUISIANA,0,0,0,0,0,0,0,0,0,0,0,0,0,0,0,0,0,0,0,0,0,0,0,0,0
9/1/2026,2025,20260232,22831,11551,"DELEK LOGISTICS OPERATING, LLC.",Crude Oil,INTRASTATE,ARKANSAS,0,2,1,0,3,0,0,0,0,0,0,0,0,0,0,0,0,0,0,0,0,0,0,0,0
9/1/2026,2025,20260232,22831,11551,"DELEK LOGISTICS OPERATING, LLC.",Crude Oil,INTRASTATE,TEXAS,0,0,0,0,0,0,0,0,0,0,0,0,0,0,0,0,0,0,0,0,0,0,0,0,0
9/1/2026,2025,20260233,22832,11551,"DELEK LOGISTICS OPERATING, LLC.",Refined and/or Petroleum Product (non-HVL),INTRASTATE,ARKANSAS,0,0,0,0,0,0,0,0,0,0,0,0,0,0,0,0,0,0,0,0,0,0,0,0,0
9/1/2026,2025,20260617,23225,11733,LOOP LLC,Crude Oil,INTERSTATE,LOUISIANA,0,1,0,34,35,,,,,,,,,,,,,,,,,,,,
9/1/2026,2025,20260617,23225,11733,LOOP LLC,Crude Oil,INTERSTATE,OCS-Gulf of America,0,0,0,0,0,,,,,,,,,,,,,,,,,,,,
9/1/2026,2025,20260618,23226,11733,LOOP LLC,Refined and/or Petroleum Product (non-HVL),INTERSTATE,LOUISIANA,,,,,,0,0,0,0,0,,,,,,,,,,,,,,,
9/1/2026,2025,20260618,23226,11733,LOOP LLC,Refined and/or Petroleum Product (non-HVL),INTERSTATE,OCS-Gulf of America,,,,,,0,0,0,0,0,,,,,,,,,,,,,,,
9/1/2026,2025,20260289,22891,12470,MID - VALLEY PIPELINE CO,Crude Oil,INTERSTATE,ARKANSAS,3,0,0,0,3,0,0,0,0,0,0,0,0,0,0,0,0,0,0,0,0,0,0,0,0
9/1/2026,2025,20260289,22891,12470,MID - VALLEY PIPELINE CO,Crude Oil,INTERSTATE,KENTUCKY,2,4,0,0,6,0,0,0,0,0,0,0,0,0,0,0,0,0,0,0,0,0,0,0,0
9/1/2026,2025,20260289,22891,12470,MID - VALLEY PIPELINE CO,Crude Oil,INTERSTATE,LOUISIANA,1,6,0,0,7,0,0,0,0,0,0,0,0,0,0,0,0,0,0,0,0,0,0,0,0
9/1/2026,2025,20260289,22891,12470,MID - VALLEY PIPELINE CO,Crude Oil,INTERSTATE,MICHIGAN,1,0,0,0,1,0,0,0,0,0,0,0,0,0,0,0,0,0,0,0,0,0,0,0,0
9/1/2026,2025,20260289,22891,12470,MID - VALLEY PIPELINE CO,Crude Oil,INTERSTATE,MISSISSIPPI,0,8,0,0,8,0,0,0,0,0,0,0,0,0,0,0,0,0,0,0,0,0,0,0,0
9/1/2026,2025,20260289,22891,12470,MID - VALLEY PIPELINE CO,Crude Oil,INTERSTATE,OHIO,2,20,1,0,23,0,0,0,0,0,0,0,0,0,0,0,0,0,0,0,0,0,0,0,0
9/1/2026,2025,20260289,22891,12470,MID - VALLEY PIPELINE CO,Crude Oil,INTERSTATE,TENNESSEE,1,1,0,0,2,0,0,0,0,0,0,0,0,0,0,0,0,0,0,0,0,0,0,0,0
9/1/2026,2025,20260289,22891,12470,MID - VALLEY PIPELINE CO,Crude Oil,INTERSTATE,TEXAS,0,14,0,0,14,0,0,0,0,0,0,0,0,0,0,0,0,0,0,0,0,0,0,0,0
9/1/2026,2025,20260695,23306,12624,EXXONMOBIL OIL CORPORATION,Crude Oil,INTRASTATE,TEXAS,0,0,2,1,3,,,,,,,,,,,,,,,,,,,,
9/1/2026,2025,20260696,23307,12624,EXXONMOBIL OIL CORPORATION,HVL,INTRASTATE,TEXAS,,,,,,,,,,,0,0,0,0,0,,,,,,,,,,
9/1/2026,2025,20260697,23308,12624,EXXONMOBIL OIL CORPORATION,Refined and/or Petroleum Product (non-HVL),INTRASTATE,TEXAS,,,,,,0,0,0,0,0,,,,,,,,,,,,,,,
9/1/2026,2025,20260699,23310,12628,MOBIL  PIPE  LINE COMPANY,Crude Oil,INTERSTATE,ILLINOIS,0,0,0,2,2,,,,,,,,,,,,,,,,,,,,
9/1/2026,2025,20260699,23310,12628,MOBIL  PIPE  LINE COMPANY,Crude Oil,INTRASTATE,TEXAS,0,0,0,0,0,,,,,,,,,,,,,,,,,,,,
9/1/2026,2025,20260700,23311,12628,MOBIL  PIPE  LINE COMPANY,HVL,INTRASTATE,TEXAS,,,,,,,,,,,0,0,0,0,0,,,,,,,,,,
9/1/2026,2025,20260701,23312,12628,MOBIL  PIPE  LINE COMPANY,Refined and/or Petroleum Product (non-HVL),INTRASTATE,ILLINOIS,,,,,,0,0,0,0,0,,,,,,,,,,,,,,,
9/1/2026,2025,20260692,23303,12634,EXXONMOBIL OIL CORPORATION,HVL,INTRASTATE,TEXAS,,,,,,,,,,,0,0,0,0,0,,,,,,,,,,
9/1/2026,2025,20260502,23108,12913,SUPERIOR REFINING COMPANY LLC,Refined and/or Petroleum Product (non-HVL),INTRASTATE,WISCONSIN,0,0,0,0,0,1,0,0,0,1,0,0,0,0,0,0,0,0,0,0,0,0,0,0,0
9/1/2026,2025,20260714,23346,14145,ERGON MIDSTREAM,Crude Oil,INTERSTATE,OHIO,1,3,0,0,4,0,0,0,0,0,0,0,0,0,0,0,0,0,0,0,0,0,0,0,0
9/1/2026,2025,20260520,23126,14194,ADVARIO TEXAS CITY LP,Refined and/or Petroleum Product (non-HVL),INTRASTATE,TEXAS,0,0,0,0,0,0,0,0,0,0,0,0,0,0,0,0,0,0,0,0,0,0,0,0,0
9/1/2026,2025,20260540,23146,14391,"OSAGE PIPE LINE COMPANY, LLC",Crude Oil,INTERSTATE,KANSAS,0,0,0,0,0,,,,,,,,,,,,,,,,,,,,
9/1/2026,2025,20260540,23146,14391,"OSAGE PIPE LINE COMPANY, LLC",Crude Oil,INTERSTATE,OKLAHOMA,0,0,0,0,0,,,,,,,,,,,,,,,,,,,,
9/1/2026,2025,20260545,23151,15156,SINCLAIR TRANSPORTATION COMPANY,Crude Oil,INTERSTATE,COLORADO,0,0,0,0,0,,,,,,,,,,,,,,,,,,,,
9/1/2026,2025,20260545,23151,15156,SINCLAIR TRANSPORTATION COMPANY,Crude Oil,INTERSTATE,WYOMING,2,2,7,4,15,,,,,,,,,,,,,,,,,,,,
9/1/2026,2025,20260545,23151,15156,SINCLAIR TRANSPORTATION COMPANY,Crude Oil,INTRASTATE,WYOMING,0,2,0,0,2,,,,,,,,,,,,,,,,,,,,
9/1/2026,2025,20260544,23150,15156,SINCLAIR TRANSPORTATION COMPANY,Refined and/or Petroleum Product (non-HVL),INTERSTATE,COLORADO,,,,,,5,5,4,0,14,,,,,,,,,,,,,,,
9/1/2026,2025,20260544,23150,15156,SINCLAIR TRANSPORTATION COMPANY,Refined and/or Petroleum Product (non-HVL),INTERSTATE,IOWA,,,,,,2,0,0,0,2,,,,,,,,,,,,,,,
9/1/2026,2025,20260544,23150,15156,SINCLAIR TRANSPORTATION COMPANY,Refined and/or Petroleum Product (non-HVL),INTERSTATE,KANSAS,,,,,,0,0,0,0,0,,,,,,,,,,,,,,,
9/1/2026,2025,20260544,23150,15156,SINCLAIR TRANSPORTATION COMPANY,Refined and/or Petroleum Product (non-HVL),INTERSTATE,MISSOURI,,,,,,0,5,0,0,5,,,,,,,,,,,,,,,
9/1/2026,2025,20260544,23150,15156,SINCLAIR TRANSPORTATION COMPANY,Refined and/or Petroleum Product (non-HVL),INTERSTATE,WYOMING,,,,,,1,0,4,0,5,,,,,,,,,,,,,,,
9/1/2026,2025,20260544,23150,15156,SINCLAIR TRANSPORTATION COMPANY,Refined and/or Petroleum Product (non-HVL),INTRASTATE,WYOMING,,,,,,2,0,0,0,2,,,,,,,,,,,,,,,
9/1/2026,2025,20260438,23044,15485,PHILLIPS 66 COMPANY - SWEENY REFINERY,Crude Oil,INTRASTATE,TEXAS,0,0,0,0,0,0,0,0,0,0,0,0,0,0,0,0,0,0,0,0,0,0,0,0,0
9/1/2026,2025,20260439,23045,15485,PHILLIPS 66 COMPANY - SWEENY REFINERY,Refined and/or Petroleum Product (non-HVL),INTRASTATE,TEXAS,0,0,0,0,0,0,0,0,0,0,0,0,0,0,0,0,0,0,0,0,0,0,0,0,0
9/1/2026,2025,20260036,22603,15602,PIONEER NATURAL RESOURCES,Crude Oil,INTRASTATE,TEXAS,0,0,0,0,0,0,0,0,0,0,0,0,0,0,0,0,0,0,0,0,0,0,0,0,0
9/1/2026,2025,20260022,22582,15645,PLACID PIPELINE COMPANY LLC,Refined and/or Petroleum Product (non-HVL),INTRASTATE,LOUISIANA,0,0,0,0,0,0,0,0,0,0,0,0,0,0,0,0,0,0,0,0,0,0,0,0,0
9/1/2026,2025,20260555,23161,15674,PRODUCTS (SE) PIPE LINE CORPORATION,Refined and/or Petroleum Product (non-HVL),INTERSTATE,ALABAMA,0,0,0,0,0,27,5,0,0,32,0,0,0,0,0,0,0,0,0,0,0,0,0,0,0
9/1/2026,2025,20260555,23161,15674,PRODUCTS (SE) PIPE LINE CORPORATION,Refined and/or Petroleum Product (non-HVL),INTERSTATE,GEORGIA,0,0,0,0,0,30,16,1,0,47,0,0,0,0,0,0,0,0,0,0,0,0,0,0,0
9/1/2026,2025,20260555,23161,15674,PRODUCTS (SE) PIPE LINE CORPORATION,Refined and/or Petroleum Product (non-HVL),INTERSTATE,LOUISIANA,0,0,0,0,0,2,42,5,0,49,0,0,0,0,0,0,0,0,0,0,0,0,0,0,0
9/1/2026,2025,20260555,23161,15674,PRODUCTS (SE) PIPE LINE CORPORATION,Refined and/or Petroleum Product (non-HVL),INTERSTATE,MISSISSIPPI,0,0,0,0,0,11,10,17,0,38,0,0,0,0,0,0,0,0,0,0,0,0,0,0,0
9/1/2026,2025,20260555,23161,15674,PRODUCTS (SE) PIPE LINE CORPORATION,Refined and/or Petroleum Product (non-HVL),INTERSTATE,NORTH CAROLINA,0,0,0,0,0,6,20,1,1,28,0,0,0,0,0,0,0,0,0,0,0,0,0,0,0
9/1/2026,2025,20260555,23161,15674,PRODUCTS (SE) PIPE LINE CORPORATION,Refined and/or Petroleum Product (non-HVL),INTERSTATE,SOUTH CAROLINA,0,0,0,0,0,7,0,0,0,7,0,0,0,0,0,0,0,0,0,0,0,0,0,0,0
9/1/2026,2025,20260555,23161,15674,PRODUCTS (SE) PIPE LINE CORPORATION,Refined and/or Petroleum Product (non-HVL),INTERSTATE,TENNESSEE,0,0,0,0,0,2,0,0,0,2,0,0,0,0,0,0,0,0,0,0,0,0,0,0,0
9/1/2026,2025,20260555,23161,15674,PRODUCTS (SE) PIPE LINE CORPORATION,Refined and/or Petroleum Product (non-HVL),INTERSTATE,VIRGINIA,0,0,0,0,0,7,0,0,0,7,0,0,0,0,0,0,0,0,0,0,0,0,0,0,0
9/1/2026,2025,20260615,23223,15774,NORTH DAKOTA PIPELINE COMPANY LLC,Crude Oil,INTERSTATE,MINNESOTA,0,0,0,0,0,0,0,0,0,0,0,0,0,0,0,0,0,0,0,0,0,0,0,0,0
9/1/2026,2025,20260615,23223,15774,NORTH DAKOTA PIPELINE COMPANY LLC,Crude Oil,INTERSTATE,MONTANA,0,0,0,0,0,0,0,0,0,0,0,0,0,0,0,0,0,0,0,0,0,0,0,0,0
9/1/2026,2025,20260615,23223,15774,NORTH DAKOTA PIPELINE COMPANY LLC,Crude Oil,INTERSTATE,NORTH DAKOTA,11,11,5,0,27,0,0,0,0,0,0,0,0,0,0,0,0,0,0,0,0,0,0,0,0
9/1/2026,2025,20260703,23316,15786,PORTLAND PIPE LINE CORPORATION,Crude Oil,INTERSTATE,MAINE,0,0,0,0,0,0,0,0,0,0,0,0,0,0,0,0,0,0,0,0,0,0,0,0,0
9/1/2026,2025,20260703,23316,15786,PORTLAND PIPE LINE CORPORATION,Crude Oil,INTERSTATE,NEW HAMPSHIRE,0,0,0,0,0,0,0,0,0,0,0,0,0,0,0,0,0,0,0,0,0,0,0,0,0
9/1/2026,2025,20260703,23316,15786,PORTLAND PIPE LINE CORPORATION,Crude Oil,INTERSTATE,VERMONT,0,0,0,0,0,0,0,0,0,0,0,0,0,0,0,0,0,0,0,0,0,0,0,0,0
9/1/2026,2025,20260146,22739,15825,WESTLAKE US 2 LLC,HVL,INTERSTATE,LOUISIANA,,,,,,,,,,,0,0,0,0,0,,,,,,,,,,
9/1/2026,2025,20260146,22739,15825,WESTLAKE US 2 LLC,HVL,INTERSTATE,TEXAS,,,,,,,,,,,0,0,0,0,0,,,,,,,,,,
9/1/2026,2025,20260234,22833,15851,"DELEK MARKETING AND SUPPLY, LP",Crude Oil,INTRASTATE,TEXAS,2,0,0,1,3,0,0,0,0,0,0,0,0,0,0,0,0,0,0,0,0,0,0,0,0
9/1/2026,2025,20260238,22837,15851,"DELEK MARKETING AND SUPPLY, LP",Refined and/or Petroleum Product (non-HVL),INTRASTATE,TEXAS,0,0,0,0,0,2,4,0,0,6,0,0,0,0,0,0,0,0,0,0,0,0,0,0,0
9/1/2026,2025,20260098,22680,15915,"PIPELINES OF PUERTO RICO INCD, THE",Refined and/or Petroleum Product (non-HVL),INTRASTATE,PUERTO RICO,0,0,0,0,0,2,0,0,0,2,0,0,0,0,0,0,0,0,0,0,0,0,0,0,0
9/1/2026,2025,20260711,23341,15979,"ERGON TERMINALING, INC.",Crude Oil,INTERSTATE,OHIO,0,0,0,0,0,0,0,0,0,0,0,0,0,0,0,0,0,0,0,0,0,0,0,0,0
9/1/2026,2025,20260711,23341,15979,"ERGON TERMINALING, INC.",Crude Oil,INTERSTATE,WEST VIRGINIA,0,0,0,0,0,0,0,0,0,0,0,0,0,0,0,0,0,0,0,0,0,0,0,0,0
9/1/2026,2025,20260557,23163,18092,"SFPP, LP",Refined and/or Petroleum Product (non-HVL),INTERSTATE,ARIZONA,0,0,0,0,0,10,3,0,0,13,0,0,0,0,0,0,0,0,0,0,0,0,0,0,0
9/1/2026,2025,20260557,23163,18092,"SFPP, LP",Refined and/or Petroleum Product (non-HVL),INTERSTATE,CALIFORNIA,0,0,0,0,0,29,34,1,0,64,0,0,0,0,0,0,0,0,0,0,0,0,0,0,0
9/1/2026,2025,20260557,23163,18092,"SFPP, LP",Refined and/or Petroleum Product (non-HVL),INTERSTATE,NEVADA,0,0,0,0,0,5,0,0,0,5,0,0,0,0,0,0,0,0,0,0,0,0,0,0,0
9/1/2026,2025,20260557,23163,18092,"SFPP, LP",Refined and/or Petroleum Product (non-HVL),INTERSTATE,NEW MEXICO,0,0,0,0,0,0,0,0,0,0,0,0,0,0,0,0,0,0,0,0,0,0,0,0,0
9/1/2026,2025,20260557,23163,18092,"SFPP, LP",Refined and/or Petroleum Product (non-HVL),INTERSTATE,OREGON,0,0,0,0,0,3,0,0,0,3,0,0,0,0,0,0,0,0,0,0,0,0,0,0,0
9/1/2026,2025,20260557,23163,18092,"SFPP, LP",Refined and/or Petroleum Product (non-HVL),INTERSTATE,TEXAS,0,0,0,0,0,2,9,0,0,11,0,0,0,0,0,0,0,0,0,0,0,0,0,0,0
9/1/2026,2025,20260557,23163,18092,"SFPP, LP",Refined and/or Petroleum Product (non-HVL),INTRASTATE,CALIFORNIA,0,0,0,0,0,32,10,0,3,45,0,0,0,0,0,0,0,0,0,0,0,0,0,0,0
9/1/2026,2025,20260557,23163,18092,"SFPP, LP",Refined and/or Petroleum Product (non-HVL),INTRASTATE,OREGON,0,0,0,0,0,0,0,0,0,0,0,0,0,0,0,0,0,0,0,0,0,0,0,0,0
9/1/2026,2025,20260557,23163,18092,"SFPP, LP",Refined and/or Petroleum Product (non-HVL),INTRASTATE,TEXAS,0,0,0,0,0,0,1,0,0,1,0,0,0,0,0,0,0,0,0,0,0,0,0,0,0
9/1/2026,2025,20260297,22899,18386,BP OIL PIPELINE CO,Refined and/or Petroleum Product (non-HVL),INTERSTATE,KENTUCKY,0,0,0,0,0,5,5,0,0,10,0,0,0,0,0,0,0,0,0,0,0,0,0,0,0
9/1/2026,2025,20260297,22899,18386,BP OIL PIPELINE CO,Refined and/or Petroleum Product (non-HVL),INTERSTATE,OHIO,0,0,0,0,0,0,0,0,0,0,0,0,0,0,0,0,0,0,0,0,0,0,0,0,0
9/1/2026,2025,20260297,22899,18386,BP OIL PIPELINE CO,Refined and/or Petroleum Product (non-HVL),INTRASTATE,OHIO,0,0,0,0,0,2,1,1,0,4,0,0,0,0,0,0,0,0,0,0,0,0,0,0,0
9/1/2026,2025,20260537,23143,18667,FREEPORT-MCMORAN OIL & GAS,Crude Oil,INTERSTATE,CALIFORNIA,0,0,0,0,0,0,0,0,0,0,0,0,0,0,0,0,0,0,0,0,0,0,0,0,0
9/1/2026,2025,20260537,23143,18667,FREEPORT-MCMORAN OIL & GAS,Crude Oil,INTERSTATE,OCS-Pacific,0,0,0,0,0,0,0,0,0,0,0,0,0,0,0,0,0,0,0,0,0,0,0,0,0
9/1/2026,2025,20260537,23143,18667,FREEPORT-MCMORAN OIL & GAS,Crude Oil,INTRASTATE,CALIFORNIA,0,0,0,0,0,,,,,,,,,,,,,,,,,,,,
9/1/2026,2025,20260616,23224,18678,ST LOUIS PIPELINE OPERATING LLC,Refined and/or Petroleum Product (non-HVL),INTERSTATE,ILLINOIS,0,0,0,0,0,2,2,0,0,4,0,0,0,0,0,0,0,0,0,0,0,0,0,0,0
9/1/2026,2025,20260616,23224,18678,ST LOUIS PIPELINE OPERATING LLC,Refined and/or Petroleum Product (non-HVL),INTERSTATE,MISSOURI,0,0,0,0,0,1,0,0,0,1,0,0,0,0,0,0,0,0,0,0,0,0,0,0,0
9/1/2026,2025,20260290,22892,18718,SUNOCO PIPELINE L.P.,Crude Oil,INTERSTATE,PENNSYLVANIA,0,0,0,0,0,0,0,0,0,0,0,0,0,0,0,0,0,0,0,0,0,0,0,0,0
9/1/2026,2025,20260300,22902,18718,SUNOCO PIPELINE L.P.,HVL,INTERSTATE,DELAWARE,0,0,0,0,0,0,0,0,0,0,0,0,0,0,0,0,0,0,0,0,0,0,0,0,0
9/1/2026,2025,20260300,22902,18718,SUNOCO PIPELINE L.P.,HVL,INTERSTATE,MICHIGAN,0,0,0,0,0,0,0,0,0,0,0,0,0,0,0,0,0,0,0,0,0,0,0,0,0
9/1/2026,2025,20260300,22902,18718,SUNOCO PIPELINE L.P.,HVL,INTERSTATE,NEW JERSEY,0,0,0,0,0,0,0,0,0,0,0,0,0,0,0,0,0,0,0,0,0,0,0,0,0
9/1/2026,2025,20260300,22902,18718,SUNOCO PIPELINE L.P.,HVL,INTERSTATE,OHIO,0,0,0,0,0,0,0,0,0,0,0,0,0,0,0,0,0,0,0,0,0,0,0,0,0
9/1/2026,2025,20260300,22902,18718,SUNOCO PIPELINE L.P.,HVL,INTERSTATE,PENNSYLVANIA,0,0,0,0,0,0,0,0,0,0,0,2,0,0,2,0,0,0,0,0,0,0,0,0,0
9/1/2026,2025,20260300,22902,18718,SUNOCO PIPELINE L.P.,HVL,INTERSTATE,SOUTH CAROLINA,0,0,0,0,0,0,0,0,0,0,3,0,0,0,3,0,0,0,0,0,0,0,0,0,0
9/1/2026,2025,20260300,22902,18718,SUNOCO PIPELINE L.P.,HVL,INTERSTATE,WEST VIRGINIA,0,0,0,0,0,0,0,0,0,0,0,0,0,0,0,0,0,0,0,0,0,0,0,0,0
9/1/2026,2025,20260300,22902,18718,SUNOCO PIPELINE L.P.,HVL,INTRASTATE,TEXAS,0,0,0,0,0,0,0,0,0,0,0,0,0,0,0,0,0,0,0,0,0,0,0,0,0
9/1/2026,2025,20260311,23368,18718,SUNOCO PIPELINE L.P.,Refined and/or Petroleum Product (non-HVL),INTERSTATE,DELAWARE,0,0,0,0,0,0,0,0,0,0,0,0,0,0,0,0,0,0,0,0,0,0,0,0,0
9/1/2026,2025,20260311,23368,18718,SUNOCO PIPELINE L.P.,Refined and/or Petroleum Product (non-HVL),INTERSTATE,MICHIGAN,0,0,0,0,0,1,0,0,0,1,0,0,0,0,0,0,0,0,0,0,0,0,0,0,0
9/1/2026,2025,20260311,23368,18718,SUNOCO PIPELINE L.P.,Refined and/or Petroleum Product (non-HVL),INTERSTATE,NEW JERSEY,0,0,0,0,0,4,4,18,9,35,0,0,0,0,0,0,0,0,0,0,0,0,0,0,0
9/1/2026,2025,20260311,23368,18718,SUNOCO PIPELINE L.P.,Refined and/or Petroleum Product (non-HVL),INTERSTATE,NEW YORK,0,0,0,0,0,2,1,0,0,3,0,0,0,0,0,0,0,0,0,0,0,0,0,0,0
9/1/2026,2025,20260311,23368,18718,SUNOCO PIPELINE L.P.,Refined and/or Petroleum Product (non-HVL),INTERSTATE,OHIO,0,0,0,0,0,7,9,0,0,16,0,0,0,0,0,0,0,0,0,0,0,0,0,0,0
9/1/2026,2025,20260311,23368,18718,SUNOCO PIPELINE L.P.,Refined and/or Petroleum Product (non-HVL),INTERSTATE,PENNSYLVANIA,0,0,0,0,0,16,20,16,1,53,0,0,0,0,0,0,0,0,0,0,0,0,0,0,0
9/1/2026,2025,20260311,23368,18718,SUNOCO PIPELINE L.P.,Refined and/or Petroleum Product (non-HVL),INTRASTATE,MASSACHUSETTS,0,0,0,0,0,0,0,0,0,0,0,0,0,0,0,0,0,0,0,0,0,0,0,0,0
9/1/2026,2025,20260311,23368,18718,SUNOCO PIPELINE L.P.,Refined and/or Petroleum Product (non-HVL),INTRASTATE,TEXAS,0,0,0,0,0,2,8,0,0,10,0,0,0,0,0,0,0,0,0,0,0,0,0,0,0
9/1/2026,2025,20260414,23020,19319,"TPC GROUP, LLC",HVL,INTRASTATE,LOUISIANA,,,,,,,,,,,0,0,0,0,0,,,,,,,,,,
9/1/2026,2025,20260414,23020,19319,"TPC GROUP, LLC",HVL,INTRASTATE,TEXAS,,,,,,,,,,,0,0,0,0,0,,,,,,,,,,
9/1/2026,2025,20260413,23019,19319,"TPC GROUP, LLC",Refined and/or Petroleum Product (non-HVL),INTRASTATE,LOUISIANA,,,,,,0,0,0,0,0,,,,,,,,,,,,,,,
9/1/2026,2025,20260413,23019,19319,"TPC GROUP, LLC",Refined and/or Petroleum Product (non-HVL),INTRASTATE,TEXAS,,,,,,0,0,0,0,0,,,,,,,,,,,,,,,
9/1/2026,2025,20260344,22946,19410,THUMS LONG BEACH CO,Crude Oil,INTRASTATE,CALIFORNIA,3,1,0,0,4,,,,,,,,,,,,,,,,,,,,
9/1/2026,2025,20260529,23135,19481,T & M TERMINAL CO,Refined and/or Petroleum Product (non-HVL),INTERSTATE,MISSISSIPPI,0,0,0,0,0,2,3,0,5,10,0,0,0,0,0,0,0,0,0,0,0,0,0,0,0
9/1/2026,2025,20260458,23064,19585,TRANS MOUNTAIN PIPELINE (PUGET SOUND) LLC,Crude Oil,INTERSTATE,WASHINGTON,2,2,0,0,4,0,0,0,0,0,0,0,0,0,0,0,0,0,0,0,0,0,0,0,0
9/1/2026,2025,20260055,22626,19892,UCAR PIPELINE LLC,HVL,INTRASTATE,LOUISIANA,0,0,0,0,0,0,0,0,0,0,0,0,0,0,0,0,0,0,0,0,0,0,0,0,0
9/1/2026,2025,20260038,22878,20046,UNION CARBIDE CHEMICALS & PLASTICS CO INC,HVL,INTRASTATE,WEST VIRGINIA,0,0,0,0,0,0,0,0,0,0,0,0,0,0,0,0,0,0,0,0,0,0,0,0,0
9/1/2026,2025,20260665,23273,20202,ULTRAMAR INC.,Crude Oil,INTRASTATE,CALIFORNIA,0,0,0,0,0,,,,,,,,,,,,,,,,,,,,
9/1/2026,2025,20260667,23276,20202,ULTRAMAR INC.,HVL,INTRASTATE,CALIFORNIA,,,,,,,,,,,0,0,0,0,0,,,,,,,,,,
9/1/2026,2025,20260666,23274,20202,ULTRAMAR INC.,Refined and/or Petroleum Product (non-HVL),INTRASTATE,CALIFORNIA,,,,,,1,7,5,0,13,,,,,,,,,,,,,,,
9/1/2026,2025,20260720,23354,21359,SASOL CHEMICALS USA LLC,Refined and/or Petroleum Product (non-HVL),INTRASTATE,LOUISIANA,0,0,0,0,0,0,0,0,0,0,0,0,0,0,0,0,0,0,0,0,0,0,0,0,0
9/1/2026,2025,20260312,22914,22442,WEST TEXAS GULF PIPELINE CO,Crude Oil,INTERSTATE,TEXAS,0,1,13,12,26,0,0,0,0,0,0,0,0,0,0,0,0,0,0,0,0,0,0,0,0
9/1/2026,2025,20260165,22758,22465,TARGA PIPELINE MID-CONTINENT WESTTEX LLC,Crude Oil,INTRASTATE,TEXAS,0,0,0,0,0,0,0,0,0,0,0,0,0,0,0,0,0,0,0,0,0,0,0,0,0
9/1/2026,2025,20260178,22774,22465,TARGA PIPELINE MID-CONTINENT WESTTEX LLC,Refined and/or Petroleum Product (non-HVL),INTRASTATE,TEXAS,0,0,0,0,0,0,0,0,0,0,0,0,0,0,0,0,0,0,0,0,0,0,0,0,0
9/1/2026,2025,20260593,23201,22610,"MAGELLAN PIPELINE COMPANY, LP",Crude Oil,INTERSTATE,COLORADO,2,1,0,8,11,,,,,,,,,,,,,,,,,,,,
9/1/2026,2025,20260593,23201,22610,"MAGELLAN PIPELINE COMPANY, LP",Crude Oil,INTERSTATE,KANSAS,1,0,0,0,1,,,,,,,,,,,,,,,,,,,,
9/1/2026,2025,20260593,23201,22610,"MAGELLAN PIPELINE COMPANY, LP",Crude Oil,INTERSTATE,OKLAHOMA,1,0,0,1,2,,,,,,,,,,,,,,,,,,,,
9/1/2026,2025,20260593,23201,22610,"MAGELLAN PIPELINE COMPANY, LP",Crude Oil,INTERSTATE,TEXAS,1,0,2,6,9,,,,,,,,,,,,,,,,,,,,
9/1/2026,2025,20260593,23201,22610,"MAGELLAN PIPELINE COMPANY, LP",Crude Oil,INTERSTATE,WYOMING,0,0,0,0,0,,,,,,,,,,,,,,,,,,,,
9/1/2026,2025,20260593,23201,22610,"MAGELLAN PIPELINE COMPANY, LP",Crude Oil,INTRASTATE,OKLAHOMA,1,0,0,0,1,,,,,,,,,,,,,,,,,,,,
9/1/2026,2025,20260594,23202,22610,"MAGELLAN PIPELINE COMPANY, LP",HVL,INTERSTATE,ILLINOIS,,,,,,,,,,,0,0,0,0,0,,,,,,,,,,
9/1/2026,2025,20260594,23202,22610,"MAGELLAN PIPELINE COMPANY, LP",HVL,INTERSTATE,IOWA,,,,,,,,,,,4,0,0,0,4,,,,,,,,,,
9/1/2026,2025,20260594,23202,22610,"MAGELLAN PIPELINE COMPANY, LP",HVL,INTERSTATE,KANSAS,,,,,,,,,,,0,0,0,0,0,,,,,,,,,,
9/1/2026,2025,20260594,23202,22610,"MAGELLAN PIPELINE COMPANY, LP",HVL,INTERSTATE,LOUISIANA,,,,,,,,,,,0,0,0,0,0,,,,,,,,,,
9/1/2026,2025,20260594,23202,22610,"MAGELLAN PIPELINE COMPANY, LP",HVL,INTERSTATE,MINNESOTA,,,,,,,,,,,0,0,0,0,0,,,,,,,,,,
9/1/2026,2025,20260594,23202,22610,"MAGELLAN PIPELINE COMPANY, LP",HVL,INTERSTATE,MISSOURI,,,,,,,,,,,4,0,0,0,4,,,,,,,,,,
9/1/2026,2025,20260594,23202,22610,"MAGELLAN PIPELINE COMPANY, LP",HVL,INTERSTATE,TEXAS,,,,,,,,,,,0,0,0,0,0,,,,,,,,,,
9/1/2026,2025,20260594,23202,22610,"MAGELLAN PIPELINE COMPANY, LP",HVL,INTRASTATE,TEXAS,,,,,,,,,,,2,0,0,0,2,,,,,,,,,,
9/1/2026,2025,20260595,23384,22610,"MAGELLAN PIPELINE COMPANY, LP",Refined and/or Petroleum Product (non-HVL),INTERSTATE,ARKANSAS,,,,,,5,0,1,3,9,,,,,,,,,,,,,,,
9/1/2026,2025,20260595,23384,22610,"MAGELLAN PIPELINE COMPANY, LP",Refined and/or Petroleum Product (non-HVL),INTERSTATE,COLORADO,,,,,,9,16,3,0,28,,,,,,,,,,,,,,,
9/1/2026,2025,20260595,23384,22610,"MAGELLAN PIPELINE COMPANY, LP",Refined and/or Petroleum Product (non-HVL),INTERSTATE,ILLINOIS,,,,,,3,0,0,0,3,,,,,,,,,,,,,,,
9/1/2026,2025,20260595,23384,22610,"MAGELLAN PIPELINE COMPANY, LP",Refined and/or Petroleum Product (non-HVL),INTERSTATE,IOWA,,,,,,83,11,4,6,104,,,,,,,,,,,,,,,
9/1/2026,2025,20260595,23384,22610,"MAGELLAN PIPELINE COMPANY, LP",Refined and/or Petroleum Product (non-HVL),INTERSTATE,KANSAS,,,,,,13,17,22,5,57,,,,,,,,,,,,,,,
9/1/2026,2025,20260595,23384,22610,"MAGELLAN PIPELINE COMPANY, LP",Refined and/or Petroleum Product (non-HVL),INTERSTATE,MINNESOTA,,,,,,54,23,1,,78,,,,,,,,,,,,,,,
9/1/2026,2025,20260595,23384,22610,"MAGELLAN PIPELINE COMPANY, LP",Refined and/or Petroleum Product (non-HVL),INTERSTATE,MISSOURI,,,,,,19,5,7,1,32,,,,,,,,,,,,,,,
9/1/2026,2025,20260595,23384,22610,"MAGELLAN PIPELINE COMPANY, LP",Refined and/or Petroleum Product (non-HVL),INTERSTATE,NEBRASKA,,,,,,12,5,0,1,18,,,,,,,,,,,,,,,
9/1/2026,2025,20260595,23384,22610,"MAGELLAN PIPELINE COMPANY, LP",Refined and/or Petroleum Product (non-HVL),INTERSTATE,NEW MEXICO,,,,,,0,2,0,0,2,,,,,,,,,,,,,,,
9/1/2026,2025,20260595,23384,22610,"MAGELLAN PIPELINE COMPANY, LP",Refined and/or Petroleum Product (non-HVL),INTERSTATE,NORTH DAKOTA,,,,,,25,0,0,0,25,,,,,,,,,,,,,,,
9/1/2026,2025,20260595,23384,22610,"MAGELLAN PIPELINE COMPANY, LP",Refined and/or Petroleum Product (non-HVL),INTERSTATE,OKLAHOMA,,,,,,32,35,14,16,97,,,,,,,,,,,,,,,
9/1/2026,2025,20260595,23384,22610,"MAGELLAN PIPELINE COMPANY, LP",Refined and/or Petroleum Product (non-HVL),INTERSTATE,SOUTH DAKOTA,,,,,,29,0,0,0,29,,,,,,,,,,,,,,,
9/1/2026,2025,20260595,23384,22610,"MAGELLAN PIPELINE COMPANY, LP",Refined and/or Petroleum Product (non-HVL),INTERSTATE,TEXAS,,,,,,37,25,20,34,116,,,,,,,,,,,,,,,
9/1/2026,2025,20260595,23384,22610,"MAGELLAN PIPELINE COMPANY, LP",Refined and/or Petroleum Product (non-HVL),INTERSTATE,WISCONSIN,,,,,,6,1,0,0,7,,,,,,,,,,,,,,,
9/1/2026,2025,20260595,23384,22610,"MAGELLAN PIPELINE COMPANY, LP",Refined and/or Petroleum Product (non-HVL),INTERSTATE,WYOMING,,,,,,11,1,0,0,12,,,,,,,,,,,,,,,
9/1/2026,2025,20260595,23384,22610,"MAGELLAN PIPELINE COMPANY, LP",Refined and/or Petroleum Product (non-HVL),INTRASTATE,TEXAS,,,,,,1,0,2,0,3,,,,,,,,,,,,,,,
9/1/2026,2025,20260464,23070,22830,WOLVERINE PIPELINE CO,Refined and/or Petroleum Product (non-HVL),INTERSTATE,ILLINOIS,0,0,0,0,0,0,0,0,0,0,0,0,0,0,0,0,0,0,0,0,0,0,0,0,0
9/1/2026,2025,20260464,23070,22830,WOLVERINE PIPELINE CO,Refined and/or Petroleum Product (non-HVL),INTERSTATE,INDIANA,0,0,0,0,0,2,0,0,0,2,0,0,0,0,0,0,0,0,0,0,0,0,0,0,0
9/1/2026,2025,20260464,23070,22830,WOLVERINE PIPELINE CO,Refined and/or Petroleum Product (non-HVL),INTERSTATE,MICHIGAN,0,0,0,0,0,3,3,0,0,6,0,0,0,0,0,0,0,0,0,0,0,0,0,0,0
9/1/2026,2025,20260495,23101,22855,"FLINT HILLS RESOURCES, LC",Crude Oil,INTERSTATE,ILLINOIS,0,0,4,0,4,0,0,0,0,0,0,0,0,0,0,0,0,0,0,0,0,0,0,0,0
9/1/2026,2025,20260495,23101,22855,"FLINT HILLS RESOURCES, LC",Crude Oil,INTERSTATE,MINNESOTA,0,5,0,13,18,0,0,0,0,0,0,0,0,0,0,0,0,0,0,0,0,0,0,0,0
9/1/2026,2025,20260495,23101,22855,"FLINT HILLS RESOURCES, LC",Crude Oil,INTERSTATE,MISSOURI,0,0,0,0,0,0,0,0,0,0,0,0,0,0,0,0,0,0,0,0,0,0,0,0,0
9/1/2026,2025,20260495,23101,22855,"FLINT HILLS RESOURCES, LC",Crude Oil,INTRASTATE,TEXAS,0,0,8,17,25,0,0,0,0,0,0,0,0,0,0,0,0,0,0,0,0,0,0,0,0
9/1/2026,2025,20260496,23102,22855,"FLINT HILLS RESOURCES, LC",HVL,INTERSTATE,MINNESOTA,0,0,0,0,0,0,0,0,0,0,0,0,2,0,2,0,0,0,0,0,0,0,0,0,0
9/1/2026,2025,20260496,23102,22855,"FLINT HILLS RESOURCES, LC",HVL,INTERSTATE,WISCONSIN,0,0,0,0,0,0,0,0,0,0,0,0,0,0,0,0,0,0,0,0,0,0,0,0,0
9/1/2026,2025,20260496,23102,22855,"FLINT HILLS RESOURCES, LC",HVL,INTRASTATE,MINNESOTA,0,0,0,0,0,0,0,0,0,0,0,0,0,0,0,0,0,0,0,0,0,0,0,0,0
9/1/2026,2025,20260496,23102,22855,"FLINT HILLS RESOURCES, LC",HVL,INTRASTATE,TEXAS,0,0,0,0,0,0,0,0,0,0,0,0,0,0,0,0,0,0,0,0,0,0,0,0,0
9/1/2026,2025,20260512,23118,22855,"FLINT HILLS RESOURCES, LC",Refined and/or Petroleum Product (non-HVL),INTERSTATE,IOWA,0,0,0,0,0,0,0,0,0,0,0,0,0,0,0,0,0,0,0,0,0,0,0,0,0
9/1/2026,2025,20260512,23118,22855,"FLINT HILLS RESOURCES, LC",Refined and/or Petroleum Product (non-HVL),INTERSTATE,MINNESOTA,0,0,0,0,0,0,0,0,0,0,0,0,0,0,0,0,0,0,0,0,0,0,0,0,0
9/1/2026,2025,20260512,23118,22855,"FLINT HILLS RESOURCES, LC",Refined and/or Petroleum Product (non-HVL),INTERSTATE,MISSOURI,0,0,0,0,0,0,0,4,0,4,0,0,0,0,0,0,0,0,0,0,0,0,0,0,0
9/1/2026,2025,20260512,23118,22855,"FLINT HILLS RESOURCES, LC",Refined and/or Petroleum Product (non-HVL),INTERSTATE,WISCONSIN,0,0,0,0,0,0,0,0,0,0,0,0,0,0,0,0,0,0,0,0,0,0,0,0,0
9/1/2026,2025,20260512,23118,22855,"FLINT HILLS RESOURCES, LC",Refined and/or Petroleum Product (non-HVL),INTRASTATE,MINNESOTA,0,0,0,0,0,0,0,0,0,0,0,0,0,0,0,0,0,0,0,0,0,0,0,0,0
9/1/2026,2025,20260512,23118,22855,"FLINT HILLS RESOURCES, LC",Refined and/or Petroleum Product (non-HVL),INTRASTATE,TEXAS,0,0,0,0,0,10,10,4,0,24,0,0,0,0,0,0,0,0,0,0,0,0,0,0,0
9/1/2026,2025,20260686,23297,25146,"EQUISTAR CHEMICALS, L.P.",HVL,INTRASTATE,TEXAS,0,0,0,0,0,0,0,0,0,0,0,0,0,0,0,0,0,0,0,0,0,0,0,0,0
9/1/2026,2025,20260679,23290,25146,"EQUISTAR CHEMICALS, L.P.",Refined and/or Petroleum Product (non-HVL),INTRASTATE,TEXAS,,,,,,2,0,0,0,2,,,,,,,,,,,,,,,
9/1/2026,2025,20260032,22607,26039,FLORIDA POWER & LIGHT CO,Refined and/or Petroleum Product (non-HVL),INTRASTATE,FLORIDA,0,0,0,0,0,0,0,0,0,0,0,0,0,0,0,0,0,0,0,0,0,0,0,0,0
9/1/2026,2025,20260561,23167,26041,"KINDER MORGAN LIQUID TERMINALS, LLC",HVL,INTRASTATE,TEXAS,0,0,0,0,0,0,0,0,0,0,5,0,0,0,5,0,0,0,0,0,0,0,0,0,0
9/1/2026,2025,20260560,23191,26041,"KINDER MORGAN LIQUID TERMINALS, LLC",Refined and/or Petroleum Product (non-HVL),INTERSTATE,ILLINOIS,,,,,,9,16,6,1,32,,,,,,,,,,,,,,,
9/1/2026,2025,20260560,23191,26041,"KINDER MORGAN LIQUID TERMINALS, LLC",Refined and/or Petroleum Product (non-HVL),INTERSTATE,INDIANA,,,,,,2,0,0,0,2,,,,,,,,,,,,,,,
9/1/2026,2025,20260560,23191,26041,"KINDER MORGAN LIQUID TERMINALS, LLC",Refined and/or Petroleum Product (non-HVL),INTRASTATE,LOUISIANA,,,,,,1,0,0,0,1,,,,,,,,,,,,,,,
9/1/2026,2025,20260560,23191,26041,"KINDER MORGAN LIQUID TERMINALS, LLC",Refined and/or Petroleum Product (non-HVL),INTRASTATE,NEW JERSEY,,,,,,20,27,39,25,111,,,,,,,,,,,0,1,,,1
9/1/2026,2025,20260560,23191,26041,"KINDER MORGAN LIQUID TERMINALS, LLC",Refined and/or Petroleum Product (non-HVL),INTRASTATE,NORTH CAROLINA,0,0,0,0,0,0,0,0,0,0,0,0,0,0,0,0,0,0,0,0,0,0,0,0,0
9/1/2026,2025,20260560,23191,26041,"KINDER MORGAN LIQUID TERMINALS, LLC",Refined and/or Petroleum Product (non-HVL),INTRASTATE,OHIO,,,,,,8,1,0,0,9,,,,,,,,,,,,,,,
9/1/2026,2025,20260560,23191,26041,"KINDER MORGAN LIQUID TERMINALS, LLC",Refined and/or Petroleum Product (non-HVL),INTRASTATE,TEXAS,0,0,0,0,0,17,17,37,137,208,0,0,0,0,0,0,0,0,0,0,0,0,1,0,1
9/1/2026,2025,20260082,22662,26045,"PAR HAWAII REFINING, LLC",Refined and/or Petroleum Product (non-HVL),INTRASTATE,HAWAII,0,0,0,0,0,2,0,0,0,2,0,0,0,0,0,0,0,0,0,0,0,0,0,0,0
9/1/2026,2025,20260425,23031,26048,HUNT REFINING CO,Refined and/or Petroleum Product (non-HVL),INTRASTATE,ALABAMA,,,,,,3,0,1,0,4,,,,,,,,,,,,,,,
9/1/2026,2025,20260485,23091,26049,"COUNTRYMARK REFINING AND LOGISTICS, LLC",Crude Oil,INTERSTATE,ILLINOIS,2,1,0,0,3,0,0,0,0,0,0,0,0,0,0,0,0,0,0,0,0,0,0,0,0
9/1/2026,2025,20260485,23091,26049,"COUNTRYMARK REFINING AND LOGISTICS, LLC",Crude Oil,INTERSTATE,INDIANA,0,0,0,0,0,0,0,0,0,0,0,0,0,0,0,0,0,0,0,0,0,0,0,0,0
9/1/2026,2025,20260485,23091,26049,"COUNTRYMARK REFINING AND LOGISTICS, LLC",Crude Oil,INTERSTATE,KENTUCKY,0,0,0,0,0,0,0,0,0,0,0,0,0,0,0,0,0,0,0,0,0,0,0,0,0
9/1/2026,2025,20260485,23091,26049,"COUNTRYMARK REFINING AND LOGISTICS, LLC",Crude Oil,INTRASTATE,ILLINOIS,0,0,0,0,0,0,0,0,0,0,0,0,0,0,0,0,0,0,0,0,0,0,0,0,0
9/1/2026,2025,20260485,23091,26049,"COUNTRYMARK REFINING AND LOGISTICS, LLC",Crude Oil,INTRASTATE,INDIANA,0,0,0,0,0,0,0,0,0,0,0,0,0,0,0,0,0,0,0,0,0,0,0,0,0
9/1/2026,2025,20260483,23089,26049,"COUNTRYMARK REFINING AND LOGISTICS, LLC",Refined and/or Petroleum Product (non-HVL),INTRASTATE,INDIANA,0,0,0,0,0,5,7,0,0,12,0,0,0,0,0,0,0,0,0,0,0,0,0,0,0
9/1/2026,2025,20260140,22733,26054,KEY WEST PIPELINE CO,Refined and/or Petroleum Product (non-HVL),INTRASTATE,FLORIDA,0,0,0,0,0,0,0,0,0,0,0,0,0,0,0,0,0,0,0,0,0,0,0,0,0
9/1/2026,2025,20260231,22830,26061,"DELEK CRUDE LOGISTICS, LLC.",Crude Oil,INTRASTATE,TEXAS,0,4,1,1,6,0,0,0,0,0,0,0,0,0,0,0,0,0,0,0,0,0,0,0,0
9/1/2026,2025,20260235,22834,26061,"DELEK CRUDE LOGISTICS, LLC.",Refined and/or Petroleum Product (non-HVL),INTRASTATE,TEXAS,0,0,0,0,0,0,0,0,0,0,0,0,0,0,0,0,0,0,0,0,0,0,0,0,0
9/1/2026,2025,20260131,22724,26065,CHS MCPHERSON REFINERY INC.,Crude Oil,INTERSTATE,KANSAS,0,2,0,0,2,0,0,0,0,0,0,0,0,0,0,0,0,0,0,0,0,0,0,0,0
9/1/2026,2025,20260129,22722,26065,CHS MCPHERSON REFINERY INC.,HVL,INTRASTATE,KANSAS,0,0,0,0,0,0,0,0,0,0,0,0,0,0,0,0,0,0,0,0,0,0,0,0,0
9/1/2026,2025,20260130,22723,26065,CHS MCPHERSON REFINERY INC.,Refined and/or Petroleum Product (non-HVL),INTRASTATE,KANSAS,0,0,0,0,0,0,0,0,0,0,0,0,0,0,0,0,0,0,0,0,0,0,0,0,0
9/1/2026,2025,20260367,22973,26085,"PLAINS MARKETING, L.P.",Crude Oil,INTERSTATE,ALABAMA,2,6,8,1,17,0,0,0,0,0,0,0,0,0,0,0,0,0,0,0,0,0,0,0,0
9/1/2026,2025,20260367,22973,26085,"PLAINS MARKETING, L.P.",Crude Oil,INTERSTATE,ILLINOIS,0,0,0,17,17,0,0,0,0,0,0,0,0,0,0,0,0,0,0,0,0,0,0,0,0
9/1/2026,2025,20260367,22973,26085,"PLAINS MARKETING, L.P.",Crude Oil,INTERSTATE,LOUISIANA,0,0,0,39,39,0,0,0,0,0,0,0,0,0,0,0,0,0,0,0,0,0,0,0,0
9/1/2026,2025,20260367,22973,26085,"PLAINS MARKETING, L.P.",Crude Oil,INTERSTATE,NORTH DAKOTA,1,0,2,0,3,0,0,0,0,0,0,0,0,0,0,0,0,0,0,0,0,0,0,0,0
9/1/2026,2025,20260367,22973,26085,"PLAINS MARKETING, L.P.",Crude Oil,INTERSTATE,OKLAHOMA,0,14,6,82,102,0,0,0,0,0,0,0,0,0,0,0,0,0,0,0,0,0,0,0,0
9/1/2026,2025,20260367,22973,26085,"PLAINS MARKETING, L.P.",Crude Oil,INTERSTATE,TEXAS,0,0,0,6,6,0,0,0,0,0,0,0,0,0,0,0,0,0,0,0,0,0,0,0,0
9/1/2026,2025,20260367,22973,26085,"PLAINS MARKETING, L.P.",Crude Oil,INTERSTATE,WYOMING,0,0,5,0,5,0,0,0,0,0,0,0,0,0,0,0,0,0,0,0,0,0,0,0,0
9/1/2026,2025,20260367,22973,26085,"PLAINS MARKETING, L.P.",Crude Oil,INTRASTATE,ALABAMA,0,0,0,0,0,0,0,0,0,0,0,0,0,0,0,0,0,0,0,0,0,0,0,0,0
9/1/2026,2025,20260367,22973,26085,"PLAINS MARKETING, L.P.",Crude Oil,INTRASTATE,COLORADO,0,0,3,0,3,0,0,0,0,0,0,0,0,0,0,0,0,0,0,0,0,0,0,0,0
9/1/2026,2025,20260367,22973,26085,"PLAINS MARKETING, L.P.",Crude Oil,INTRASTATE,LOUISIANA,0,0,0,0,0,0,0,0,0,0,0,0,0,0,0,0,0,0,0,0,0,0,0,0,0
9/1/2026,2025,20260367,22973,26085,"PLAINS MARKETING, L.P.",Crude Oil,INTRASTATE,MISSISSIPPI,1,1,0,0,2,0,0,0,0,0,0,0,0,0,0,0,0,0,0,0,0,0,0,0,0
9/1/2026,2025,20260367,22973,26085,"PLAINS MARKETING, L.P.",Crude Oil,INTRASTATE,NEW MEXICO,0,0,0,0,0,0,0,0,0,0,0,0,0,0,0,0,0,0,0,0,0,0,0,0,0
9/1/2026,2025,20260367,22973,26085,"PLAINS MARKETING, L.P.",Crude Oil,INTRASTATE,OKLAHOMA,0,1,0,0,1,0,0,0,0,0,0,0,0,0,0,0,0,0,0,0,0,0,0,0,0
9/1/2026,2025,20260367,22973,26085,"PLAINS MARKETING, L.P.",Crude Oil,INTRASTATE,TEXAS,0,2,1,21,24,0,0,0,0,0,0,0,0,0,0,0,0,0,0,0,0,0,0,0,0
9/1/2026,2025,20260093,22674,26085,"PLAINS MARKETING, L.P.",HVL,INTERSTATE,MICHIGAN,0,0,0,0,0,0,0,0,0,0,0,0,0,0,0,0,0,0,0,0,0,0,0,0,0
9/1/2026,2025,20260093,22674,26085,"PLAINS MARKETING, L.P.",HVL,INTRASTATE,ARIZONA,0,0,0,0,0,0,0,0,0,0,3,0,0,0,3,0,0,0,0,0,0,0,0,0,0
9/1/2026,2025,20260059,22630,26086,SEADRIFT PIPELINE LLC,HVL,INTRASTATE,TEXAS,0,0,0,0,0,0,0,0,0,0,0,0,0,0,0,0,0,0,0,0,0,0,0,0,0
9/1/2026,2025,20260598,23362,26094,"SHORE TERMINALS, LLC",Refined and/or Petroleum Product (non-HVL),INTRASTATE,CALIFORNIA,,,,,,3,7,0,10,20,,,,,,,,,,,,,,,
9/1/2026,2025,20260598,23362,26094,"SHORE TERMINALS, LLC",Refined and/or Petroleum Product (non-HVL),INTRASTATE,OREGON,,,,,,15,9,2,0,26,,,,,,,,,,,,,,,
9/1/2026,2025,20260487,23093,26099,TAMPA BAY PIPELINE CO.,HVL,INTRASTATE,FLORIDA,0,0,0,0,0,0,0,0,0,0,0,0,0,0,0,0,0,0,0,0,0,0,0,0,0
9/1/2026,2025,20260332,22934,26103,"TEXAS EASTMAN DIVISION, EASTMAN CHEMICAL CO",HVL,INTRASTATE,TEXAS,0,0,0,0,0,0,0,0,0,0,0,0,0,0,0,0,0,0,0,0,0,0,0,0,0
9/1/2026,2025,20260467,23073,26112,"VALERO REFINING-TEXAS, L.P.",Crude Oil,INTRASTATE,TEXAS,0,0,0,2,2,0,0,0,0,0,0,0,0,0,0,0,0,0,0,0,0,0,0,0,0
9/1/2026,2025,20260469,23075,26112,"VALERO REFINING-TEXAS, L.P.",HVL,INTRASTATE,TEXAS,0,0,0,0,0,0,0,0,0,0,3,0,0,0,3,0,0,0,0,0,0,0,0,0,0
9/1/2026,2025,20260471,23077,26112,"VALERO REFINING-TEXAS, L.P.",Refined and/or Petroleum Product (non-HVL),INTRASTATE,TEXAS,0,0,0,0,0,5,3,3,2,13,0,0,0,0,0,0,0,0,0,0,0,0,0,0,0
9/1/2026,2025,20260531,23137,26120,COLLINS PIPELINE CO,Refined and/or Petroleum Product (non-HVL),INTERSTATE,LOUISIANA,0,0,0,0,0,0,0,0,0,0,0,0,0,0,0,0,0,0,0,0,0,0,0,0,0
9/1/2026,2025,20260531,23137,26120,COLLINS PIPELINE CO,Refined and/or Petroleum Product (non-HVL),INTERSTATE,MISSISSIPPI,0,0,0,0,0,0,0,0,0,0,0,0,0,0,0,0,0,0,0,0,0,0,0,0,0
9/1/2026,2025,20260541,23147,26125,CALNEV PIPELINE CO,Refined and/or Petroleum Product (non-HVL),INTERSTATE,CALIFORNIA,0,0,0,0,0,11,6,0,1,18,0,0,0,0,0,0,0,0,0,0,0,0,0,0,0
9/1/2026,2025,20260541,23147,26125,CALNEV PIPELINE CO,Refined and/or Petroleum Product (non-HVL),INTERSTATE,NEVADA,0,0,0,0,0,6,3,0,0,9,0,0,0,0,0,0,0,0,0,0,0,0,0,0,0
9/1/2026,2025,20260541,23147,26125,CALNEV PIPELINE CO,Refined and/or Petroleum Product (non-HVL),INTRASTATE,CALIFORNIA,0,0,0,0,0,0,0,0,0,0,0,0,0,0,0,0,0,0,0,0,0,0,0,0,0
9/1/2026,2025,20260541,23147,26125,CALNEV PIPELINE CO,Refined and/or Petroleum Product (non-HVL),INTRASTATE,NEVADA,0,0,0,0,0,0,0,0,0,0,0,0,0,0,0,0,0,0,0,0,0,0,0,0,0
9/1/2026,2025,20260049,22619,26149,ALYESKA PIPELINE SERVICE CO,Crude Oil,INTERSTATE,ALASKA,0,3,1,4,8,,,,,,,,,,,,,,,,,,,,
9/1/2026,2025,20260334,22936,26302,MUSTANG PIPELINE CO,HVL,INTRASTATE,TEXAS,0,0,0,0,0,0,0,0,0,0,0,0,0,0,0,0,0,0,0,0,0,0,0,0,0
9/1/2026,2025,20260401,23007,26303,UNOCAL PIPELINE CO - EASTERN REGION,Crude Oil,INTRASTATE,TEXAS,0,0,0,0,0,0,0,0,0,0,0,0,0,0,0,0,0,0,0,0,0,0,0,0,0
9/1/2026,2025,20260313,22915,26330,"ENABLE OKLAHOMA INTRASTATE TRANSMISSION, LLC",HVL,INTRASTATE,OKLAHOMA,0,0,0,0,0,0,0,0,0,0,0,0,0,0,0,0,0,0,0,0,0,0,0,0,0
9/1/2026,2025,20260729,23370,30003,HOUSTON REFINING LP.,Crude Oil,INTRASTATE,TEXAS,0,0,0,4,4,0,0,0,0,0,0,0,0,0,0,0,0,0,0,0,0,0,0,0,0
9/1/2026,2025,20260735,23402,30020,W & T OFFSHORE INC,Crude Oil,INTRASTATE,OCS-Gulf of America,,,,,,,,,,,,,,,,,,,,,,,,,
9/1/2026,2025,20260355,22961,30020,W & T OFFSHORE INC,Refined and/or Petroleum Product (non-HVL),INTRASTATE,ALABAMA,0,0,0,0,0,0,0,0,0,0,0,0,0,0,0,0,0,0,0,0,0,0,0,0,0
9/1/2026,2025,20260050,22620,30544,OCCIDENTAL CHEMICAL CORP,HVL,INTRASTATE,TEXAS,,,,,,,,,,,0,0,0,0,0,,,,,,,,,,
9/1/2026,2025,20260463,23069,30626,TARGA NGL PIPE LINE CO,HVL,INTERSTATE,LOUISIANA,0,0,0,0,0,0,0,0,0,0,0,0,0,0,0,0,0,0,0,0,0,0,0,0,0
9/1/2026,2025,20260463,23069,30626,TARGA NGL PIPE LINE CO,HVL,INTERSTATE,TEXAS,0,0,0,0,0,0,0,0,0,0,0,0,0,0,0,0,0,0,0,0,0,0,0,0,0
9/1/2026,2025,20260463,23069,30626,TARGA NGL PIPE LINE CO,HVL,INTRASTATE,TEXAS,0,0,0,0,0,0,0,0,0,0,0,0,0,0,0,0,0,0,0,0,0,0,0,0,0
9/1/2026,2025,20260461,23067,30626,TARGA NGL PIPE LINE CO,Refined and/or Petroleum Product (non-HVL),INTRASTATE,TEXAS,0,0,0,0,0,0,0,0,0,0,0,0,0,0,0,0,0,0,0,0,0,0,0,0,0
9/1/2026,2025,20260571,23177,30657,BRAVO PIPELINE COMPANY,CO2,INTERSTATE,COLORADO,,,,,,,,,,,,,,,,,,,,,,,,,
9/1/2026,2025,20260571,23177,30657,BRAVO PIPELINE COMPANY,CO2,INTERSTATE,NEW MEXICO,,,,,,,,,,,,,,,,,,,,,,,,,
9/1/2026,2025,20260571,23177,30657,BRAVO PIPELINE COMPANY,CO2,INTERSTATE,TEXAS,,,,,,,,,,,,,,,,,,,,,,,,,
9/1/2026,2025,20260571,23177,30657,BRAVO PIPELINE COMPANY,CO2,INTRASTATE,TEXAS,,,,,,,,,,,,,,,,,,,,,,,,,
9/1/2026,2025,20260620,23228,30658,KERN ENERGY,Crude Oil,INTRASTATE,CALIFORNIA,1,0,0,0,1,0,0,0,0,0,0,0,0,0,0,0,0,0,0,0,0,0,0,0,0
9/1/2026,2025,20260658,23266,30666,"ENMARK ENERGY, INC",CO2,INTRASTATE,MISSISSIPPI,0,0,0,0,0,0,0,0,0,0,0,0,0,0,0,0,0,0,0,0,0,0,0,0,0
9/1/2026,2025,20260148,22741,30683,WESTLAKE PETROCHEMICALS LLC,HVL,INTRASTATE,LOUISIANA,,,,,,,,,,,0,0,0,0,0,,,,,,,,,,
9/1/2026,2025,20260147,22740,30683,WESTLAKE PETROCHEMICALS LLC,Refined and/or Petroleum Product (non-HVL),INTRASTATE,LOUISIANA,,,,,,1,0,0,0,1,,,,,,,,,,,,,,,
9/1/2026,2025,20260635,23243,30711,HILCORP ENERGY COMPANY,CO2,INTRASTATE,TEXAS,,,,,,,,,,,,,,,,,,,,,,,,,
9/1/2026,2025,20260572,23178,30711,HILCORP ENERGY COMPANY,Crude Oil,INTRASTATE,LOUISIANA,0,0,0,0,0,0,0,0,0,0,0,0,0,0,0,0,0,0,0,0,0,0,0,0,0
9/1/2026,2025,20260572,23178,30711,HILCORP ENERGY COMPANY,Crude Oil,INTRASTATE,TEXAS,0,0,0,0,0,0,0,0,0,0,0,0,0,0,0,0,0,0,0,0,0,0,0,0,0
9/1/2026,2025,20260573,23179,30711,HILCORP ENERGY COMPANY,HVL,INTRASTATE,TEXAS,,,,,,,,,,,,,,,,,,,,,,,,,
9/1/2026,2025,20260196,22794,30755,CITGO PRODUCTS PIPELINE CO,HVL,INTERSTATE,LOUISIANA,0,0,0,0,0,0,0,0,0,0,0,0,0,0,0,0,0,0,0,0,0,0,0,0,0
9/1/2026,2025,20260196,22794,30755,CITGO PRODUCTS PIPELINE CO,HVL,INTERSTATE,TEXAS,,,,,,,,,,,0,0,0,0,0,,,,,,,,,,
9/1/2026,2025,20260195,22793,30755,CITGO PRODUCTS PIPELINE CO,Refined and/or Petroleum Product (non-HVL),INTRASTATE,TEXAS,,,,,,2,0,0,0,2,,,,,,,,,,,,,,,
9/1/2026,2025,20260330,22932,30756,WYOMING REFINING CO,Refined and/or Petroleum Product (non-HVL),INTRASTATE,WYOMING,,,,,,0,0,0,0,0,,,,,,,,,,,,,,,
9/1/2026,2025,20260707,23322,30777,MOTIVA ENTERPRISE LLC,Crude Oil,INTRASTATE,TEXAS,0,0,0,8,8,0,0,0,0,0,0,0,0,0,0,0,0,0,0,0,0,0,0,0,0
9/1/2026,2025,20260709,23325,30777,MOTIVA ENTERPRISE LLC,HVL,INTRASTATE,TEXAS,,,,,,,,,,,0,0,0,0,0,,,,,,,,,,
9/1/2026,2025,20260708,23324,30777,MOTIVA ENTERPRISE LLC,Refined and/or Petroleum Product (non-HVL),INTRASTATE,TEXAS,,,,,,0,0,0,0,0,,,,,,,,,,,,,,,
9/1/2026,2025,20260323,22925,30781,OLYMPIC PIPE LINE COMPANY,Refined and/or Petroleum Product (non-HVL),INTERSTATE,OREGON,0,0,0,0,0,2,0,0,0,2,0,0,0,0,0,0,0,0,0,0,0,0,0,0,0
9/1/2026,2025,20260323,22925,30781,OLYMPIC PIPE LINE COMPANY,Refined and/or Petroleum Product (non-HVL),INTERSTATE,WASHINGTON,0,0,0,0,0,4,0,5,0,9,0,0,0,0,0,0,0,0,0,0,0,0,0,0,0
9/1/2026,2025,20260323,22925,30781,OLYMPIC PIPE LINE COMPANY,Refined and/or Petroleum Product (non-HVL),INTRASTATE,WASHINGTON,0,0,0,0,0,3,0,0,0,3,0,0,0,0,0,0,0,0,0,0,0,0,0,0,0
9/1/2026,2025,20260504,23110,30782,HARVEST MIDSTREAM COMPANY,Crude Oil,INTERSTATE,LOUISIANA,1,2,0,6,9,0,0,0,0,0,0,0,0,0,0,0,0,0,0,0,0,0,0,0,0
9/1/2026,2025,20260504,23110,30782,HARVEST MIDSTREAM COMPANY,Crude Oil,INTERSTATE,NORTH DAKOTA,2,0,0,3,5,0,0,0,0,0,0,0,0,0,0,0,0,0,0,0,0,0,0,0,0
9/1/2026,2025,20260504,23110,30782,HARVEST MIDSTREAM COMPANY,Crude Oil,INTERSTATE,TEXAS,0,0,0,0,0,0,0,0,0,0,0,0,0,0,0,0,0,0,0,0,0,0,0,0,0
9/1/2026,2025,20260504,23110,30782,HARVEST MIDSTREAM COMPANY,Crude Oil,INTRASTATE,LOUISIANA,2,2,2,0,6,0,0,0,0,0,0,0,0,0,0,0,0,0,0,0,0,0,0,0,0
9/1/2026,2025,20260504,23110,30782,HARVEST MIDSTREAM COMPANY,Crude Oil,INTRASTATE,NORTH DAKOTA,0,0,0,0,0,0,0,0,0,0,0,0,0,0,0,0,0,0,0,0,0,0,0,0,0
9/1/2026,2025,20260504,23110,30782,HARVEST MIDSTREAM COMPANY,Crude Oil,INTRASTATE,TEXAS,7,6,0,4,17,0,0,0,0,0,0,0,0,0,0,0,0,0,0,0,0,0,0,0,0
9/1/2026,2025,20260504,23110,30782,HARVEST MIDSTREAM COMPANY,Crude Oil,INTRASTATE,WYOMING,0,0,0,0,0,,,,,,,,,,,,,,,,,,,,
9/1/2026,2025,20260506,23112,30782,HARVEST MIDSTREAM COMPANY,HVL,INTRASTATE,UTAH,0,0,0,0,0,0,0,0,0,0,0,0,0,0,0,0,0,0,0,0,0,0,0,0,0
9/1/2026,2025,20260506,23112,30782,HARVEST MIDSTREAM COMPANY,HVL,INTRASTATE,WYOMING,0,0,0,0,0,0,0,0,0,0,0,0,0,0,0,0,0,0,0,0,0,0,0,0,0
9/1/2026,2025,20260716,23350,30825,CITGO PETROLEUM CORPORATION (REFINERY),HVL,INTRASTATE,LOUISIANA,0,0,0,0,0,0,0,0,0,0,0,0,0,0,0,0,0,0,0,0,0,0,0,0,0
9/1/2026,2025,20260246,22845,30826,WILLIAMS FIELD SERVICES,HVL,INTERSTATE,COLORADO,,,,,,,,,,,,,,,,,,,,,,,,,
9/1/2026,2025,20260246,22845,30826,WILLIAMS FIELD SERVICES,HVL,INTRASTATE,COLORADO,,,,,,,,,,,4,,,,4,,,,,,,,,,
9/1/2026,2025,20260162,22755,30829,ENTERPRISE CRUDE PIPELINE LLC,Crude Oil,INTERSTATE,NEW MEXICO,5,1,0,0,6,,,,,,,,,,,,,,,,,,,,
9/1/2026,2025,20260162,22755,30829,ENTERPRISE CRUDE PIPELINE LLC,Crude Oil,INTERSTATE,OKLAHOMA,1,3,7,13,24,,,,,,,,,,,,,,,,,,,,
9/1/2026,2025,20260162,22755,30829,ENTERPRISE CRUDE PIPELINE LLC,Crude Oil,INTERSTATE,TEXAS,2,3,0,55,60,,,,,,,,,,,,,,,,,,,,
9/1/2026,2025,20260162,22755,30829,ENTERPRISE CRUDE PIPELINE LLC,Crude Oil,INTRASTATE,NEW MEXICO,0,0,0,0,0,,,,,,,,,,,,,,,,,,,,
9/1/2026,2025,20260162,22755,30829,ENTERPRISE CRUDE PIPELINE LLC,Crude Oil,INTRASTATE,TEXAS,4,15,14,87,120,,,,,,,,,,,,,,,,,,,,
9/1/2026,2025,20260240,22839,30829,ENTERPRISE CRUDE PIPELINE LLC,Refined and/or Petroleum Product (non-HVL),INTERSTATE,TEXAS,,,,,,0,0,0,0,0,,,,,,,,,,,,,,,
9/1/2026,2025,20260240,22839,30829,ENTERPRISE CRUDE PIPELINE LLC,Refined and/or Petroleum Product (non-HVL),INTRASTATE,TEXAS,,,,,,0,6,2,2,10,,,,,,,,,,,,,,,
9/1/2026,2025,20260348,22950,30834,TIDELANDS OIL PRODUCTION COMPANY,Crude Oil,INTRASTATE,CALIFORNIA,0,0,0,0,0,,,,,,,,,,,,,,,,,,,,
9/1/2026,2025,20260713,23344,30901,MENZIES AVIATION,Refined and/or Petroleum Product (non-HVL),INTRASTATE,ALASKA,0,0,0,0,0,0,0,0,0,0,0,0,0,0,0,0,0,0,0,0,0,0,0,0,0
9/1/2026,2025,20260325,22927,30909,TRANSMONTAIGNE OPERATING COMPANY L.P.,Crude Oil,INTRASTATE,CALIFORNIA,0,0,0,0,0,0,0,0,0,0,0,0,0,0,0,0,0,0,0,0,0,0,0,0,0
9/1/2026,2025,20260579,23185,30909,TRANSMONTAIGNE OPERATING COMPANY L.P.,Refined and/or Petroleum Product (non-HVL),INTRASTATE,CALIFORNIA,0,0,0,0,0,,3,2,,5,0,0,0,0,0,0,0,0,0,0,0,0,0,0,0
9/1/2026,2025,20260579,23185,30909,TRANSMONTAIGNE OPERATING COMPANY L.P.,Refined and/or Petroleum Product (non-HVL),INTRASTATE,GEORGIA,0,0,0,0,0,1,0,0,0,1,0,0,0,0,0,0,0,0,0,0,0,0,0,0,0
9/1/2026,2025,20260579,23185,30909,TRANSMONTAIGNE OPERATING COMPANY L.P.,Refined and/or Petroleum Product (non-HVL),INTRASTATE,MISSISSIPPI,0,0,0,0,0,6,2,0,18,26,0,0,0,0,0,0,0,0,0,0,0,0,0,0,0
9/1/2026,2025,20260579,23185,30909,TRANSMONTAIGNE OPERATING COMPANY L.P.,Refined and/or Petroleum Product (non-HVL),INTRASTATE,TEXAS,0,0,0,0,0,0,0,0,0,0,0,0,0,0,0,0,0,0,0,0,0,0,0,0,0
9/1/2026,2025,20260579,23185,30909,TRANSMONTAIGNE OPERATING COMPANY L.P.,Refined and/or Petroleum Product (non-HVL),INTRASTATE,WASHINGTON,0,0,0,0,0,1,0,0,0,1,0,0,0,0,0,0,0,0,0,0,0,0,0,0,0
9/1/2026,2025,20260263,22862,30959,"DOW INFRACO, LLC",HVL,INTRASTATE,TEXAS,0,0,0,0,0,0,0,0,0,0,0,0,0,0,0,0,0,0,0,0,0,0,0,0,0
9/1/2026,2025,20260257,22856,30959,"DOW INFRACO, LLC",Refined and/or Petroleum Product (non-HVL),INTRASTATE,TEXAS,0,0,0,0,0,0,0,0,0,0,0,0,0,0,0,0,0,0,0,0,0,0,0,0,0
9/1/2026,2025,20260268,22867,31023,CITGO REFINING & CHEMICAL CO. L.P.,Crude Oil,INTRASTATE,TEXAS,0,0,0,2,2,0,0,0,0,0,0,0,0,0,0,0,0,0,0,0,0,0,0,0,0
9/1/2026,2025,20260265,22864,31023,CITGO REFINING & CHEMICAL CO. L.P.,HVL,INTRASTATE,TEXAS,0,0,0,0,0,0,0,0,0,0,0,0,0,0,0,0,0,0,0,0,0,0,0,0,0
9/1/2026,2025,20260266,22865,31023,CITGO REFINING & CHEMICAL CO. L.P.,Refined and/or Petroleum Product (non-HVL),INTRASTATE,TEXAS,0,0,0,0,0,0,1,0,1,2,0,0,0,0,0,0,0,0,0,0,0,0,0,0,0
9/1/2026,2025,20260477,23083,31045,"GENESIS PIPELINE USA, L.P.",Crude Oil,INTERSTATE,ALABAMA,0,0,0,0,0,0,0,0,0,0,0,0,0,0,0,0,0,0,0,0,0,0,0,0,0
9/1/2026,2025,20260477,23083,31045,"GENESIS PIPELINE USA, L.P.",Crude Oil,INTERSTATE,FLORIDA,1,0,2,0,3,0,0,0,0,0,0,0,0,0,0,0,0,0,0,0,0,0,0,0,0
9/1/2026,2025,20260477,23083,31045,"GENESIS PIPELINE USA, L.P.",Crude Oil,INTERSTATE,LOUISIANA,0,2,9,0,11,0,0,0,0,0,0,0,0,0,0,0,0,0,0,0,0,0,0,0,0
9/1/2026,2025,20260477,23083,31045,"GENESIS PIPELINE USA, L.P.",Crude Oil,INTERSTATE,MISSISSIPPI,0,0,0,0,0,0,0,0,0,0,0,0,0,0,0,0,0,0,0,0,0,0,0,0,0
9/1/2026,2025,20260159,22752,31049,MCCHORD PIPELINE CO.,Refined and/or Petroleum Product (non-HVL),INTRASTATE,WASHINGTON,0,0,0,0,0,0,0,0,0,0,0,0,0,0,0,0,0,0,0,0,0,0,0,0,0
9/1/2026,2025,20260122,22715,31051,"TIDEWATER, INC",Refined and/or Petroleum Product (non-HVL),INTRASTATE,OREGON,0,0,0,0,0,0,0,0,0,0,0,0,0,0,0,0,0,0,0,0,0,0,0,0,0
9/1/2026,2025,20260122,22715,31051,"TIDEWATER, INC",Refined and/or Petroleum Product (non-HVL),INTRASTATE,WASHINGTON,0,0,0,0,0,17,0,0,0,17,0,0,0,0,0,0,0,0,0,0,1,2,0,0,3
9/1/2026,2025,20260100,22683,31056,"SIGNATURE FLIGHT SUPPORT, M&O _ HONOLULU",Refined and/or Petroleum Product (non-HVL),INTRASTATE,HAWAII,,,,,,3,12,1,0,16,,,,,,,,,,,,,,,
9/1/2026,2025,20260150,22743,31057,"HECO - HAWAIIAN ELECTRIC COMPANY, INC.",Refined and/or Petroleum Product (non-HVL),INTRASTATE,HAWAII,0,0,0,0,0,0,0,0,0,0,0,0,0,0,0,0,0,0,0,0,0,0,0,0,0
9/1/2026,2025,20260177,22771,31059,BASF CORPORATION,HVL,INTRASTATE,TEXAS,0,0,0,0,0,0,0,0,0,0,0,0,0,2,2,0,0,0,0,0,0,0,0,0,0
9/1/2026,2025,20260349,22951,31067,AERA ENERGY LLC,HVL,INTRASTATE,CALIFORNIA,0,0,0,0,0,0,0,0,0,0,0,0,0,0,0,0,0,0,0,0,0,0,0,0,0
9/1/2026,2025,20260282,22884,31075,E&B NATURAL RESOURCES MANAGEMENT CORP,Crude Oil,INTRASTATE,CALIFORNIA,0,0,0,0,0,,,,,,,,,,,,,,,,,,,,
9/1/2026,2025,20260442,23048,31130,"DCP MIDSTREAM, LP",HVL,INTERSTATE,COLORADO,0,0,0,0,0,0,0,0,0,0,0,0,0,0,0,0,0,0,0,0,0,0,0,0,0
9/1/2026,2025,20260442,23048,31130,"DCP MIDSTREAM, LP",HVL,INTERSTATE,KANSAS,0,0,0,0,0,0,0,0,0,0,0,0,0,0,0,0,0,0,0,0,0,0,0,0,0
9/1/2026,2025,20260442,23048,31130,"DCP MIDSTREAM, LP",HVL,INTERSTATE,LOUISIANA,0,0,0,0,0,0,0,0,0,0,0,0,0,0,0,0,0,0,0,0,0,0,0,0,0
9/1/2026,2025,20260442,23048,31130,"DCP MIDSTREAM, LP",HVL,INTERSTATE,NEW MEXICO,0,0,0,0,0,0,0,0,0,0,0,0,0,0,0,0,0,0,0,0,0,0,0,0,0
9/1/2026,2025,20260442,23048,31130,"DCP MIDSTREAM, LP",HVL,INTERSTATE,OKLAHOMA,0,0,0,0,0,0,0,0,0,0,0,0,0,0,0,0,0,0,0,0,0,0,0,0,0
9/1/2026,2025,20260442,23048,31130,"DCP MIDSTREAM, LP",HVL,INTERSTATE,TEXAS,0,0,0,0,0,0,0,0,0,0,0,0,0,0,0,0,0,0,0,0,0,0,0,0,0
9/1/2026,2025,20260442,23048,31130,"DCP MIDSTREAM, LP",HVL,INTRASTATE,COLORADO,0,0,0,0,0,0,0,0,0,0,0,0,0,0,0,0,0,0,0,0,0,0,0,0,0
9/1/2026,2025,20260442,23048,31130,"DCP MIDSTREAM, LP",HVL,INTRASTATE,MICHIGAN,0,0,0,0,0,0,0,0,0,0,0,0,0,0,0,0,0,0,0,0,0,0,0,0,0
9/1/2026,2025,20260442,23048,31130,"DCP MIDSTREAM, LP",HVL,INTRASTATE,TEXAS,0,0,0,0,0,0,0,0,0,0,0,0,0,0,0,0,0,0,0,0,0,0,0,0,0
9/1/2026,2025,20260442,23048,31130,"DCP MIDSTREAM, LP",HVL,INTRASTATE,WYOMING,0,0,0,0,0,0,0,0,0,0,0,0,0,0,0,0,0,0,0,0,0,0,0,0,0
9/1/2026,2025,20260443,23049,31130,"DCP MIDSTREAM, LP",Refined and/or Petroleum Product (non-HVL),INTRASTATE,NEW MEXICO,0,0,0,0,0,0,0,0,0,0,0,0,0,0,0,0,0,0,0,0,0,0,0,0,0
9/1/2026,2025,20260155,22748,31135,PETRO-DIAMOND TERMINAL COMPANY,Refined and/or Petroleum Product (non-HVL),INTRASTATE,CALIFORNIA,0,0,0,0,0,0,0,1,0,1,0,0,0,0,0,0,0,0,0,0,0,0,0,0,0
9/1/2026,2025,20260267,22866,31136,WICKLAND PIPELINES LLC,Refined and/or Petroleum Product (non-HVL),INTRASTATE,CALIFORNIA,0,0,0,0,0,0,0,0,0,0,0,0,0,0,0,0,0,0,0,0,0,0,0,0,0
9/1/2026,2025,20260685,23296,31166,MUSTANG  PIPE  LINE  LLC,Crude Oil,INTERSTATE,ILLINOIS,0,0,0,0,0,,,,,,,,,,,,,,,,,,,,
9/1/2026,2025,20260533,23139,31167,MOEM PIPELINE LLC,Crude Oil,INTERSTATE,LOUISIANA,0,0,1,0,1,0,0,0,0,0,0,0,0,0,0,0,0,0,0,0,0,0,0,0,0
9/1/2026,2025,20260454,23060,31174,"SHELL PIPELINE CO., L.P.",Crude Oil,INTERSTATE,ILLINOIS,0,3,3,10,16,0,0,0,0,0,0,0,0,0,0,0,0,0,0,0,0,0,0,0,0
9/1/2026,2025,20260454,23060,31174,"SHELL PIPELINE CO., L.P.",Crude Oil,INTERSTATE,LOUISIANA,1,3,5,8,17,0,0,0,0,0,0,0,0,0,0,0,0,0,0,0,0,0,0,0,0
9/1/2026,2025,20260454,23060,31174,"SHELL PIPELINE CO., L.P.",Crude Oil,INTERSTATE,OCS-Gulf of America,0,0,0,0,0,0,0,0,0,0,0,0,0,0,0,0,0,0,0,0,0,0,0,0,0
9/1/2026,2025,20260454,23060,31174,"SHELL PIPELINE CO., L.P.",Crude Oil,INTERSTATE,TEXAS,0,0,4,3,7,0,0,0,0,0,0,0,0,0,0,0,0,0,0,0,0,0,0,0,0
9/1/2026,2025,20260459,23065,31174,"SHELL PIPELINE CO., L.P.",HVL,INTERSTATE,LOUISIANA,0,0,0,0,0,0,0,0,0,0,0,0,0,0,0,0,0,0,0,0,0,0,0,0,0
9/1/2026,2025,20260459,23065,31174,"SHELL PIPELINE CO., L.P.",HVL,INTERSTATE,OHIO,0,0,0,0,0,0,0,0,0,0,0,0,0,0,0,0,0,0,0,0,0,0,0,0,0
9/1/2026,2025,20260459,23065,31174,"SHELL PIPELINE CO., L.P.",HVL,INTERSTATE,PENNSYLVANIA,0,0,0,0,0,0,0,0,0,0,0,0,0,0,0,0,0,0,0,0,0,0,0,0,0
9/1/2026,2025,20260459,23065,31174,"SHELL PIPELINE CO., L.P.",HVL,INTERSTATE,TEXAS,0,0,0,0,0,0,0,0,0,0,0,0,0,0,0,0,0,0,0,0,0,0,0,0,0
9/1/2026,2025,20260459,23065,31174,"SHELL PIPELINE CO., L.P.",HVL,INTERSTATE,WEST VIRGINIA,0,0,0,0,0,0,0,0,0,0,0,0,0,0,0,0,0,0,0,0,0,0,0,0,0
9/1/2026,2025,20260459,23065,31174,"SHELL PIPELINE CO., L.P.",HVL,INTRASTATE,LOUISIANA,0,0,0,0,0,0,0,0,0,0,0,0,0,0,0,0,0,0,0,0,0,0,0,0,0
9/1/2026,2025,20260459,23065,31174,"SHELL PIPELINE CO., L.P.",HVL,INTRASTATE,TEXAS,0,0,0,0,0,0,0,0,0,0,0,0,0,0,0,0,0,0,0,0,0,0,0,0,0
9/1/2026,2025,20260457,23063,31174,"SHELL PIPELINE CO., L.P.",Refined and/or Petroleum Product (non-HVL),INTERSTATE,ILLINOIS,0,0,0,0,0,0,0,0,0,0,0,0,0,0,0,0,0,0,0,0,0,0,0,0,0
9/1/2026,2025,20260457,23063,31174,"SHELL PIPELINE CO., L.P.",Refined and/or Petroleum Product (non-HVL),INTERSTATE,LOUISIANA,0,0,0,0,0,3,0,0,0,3,0,0,0,0,0,0,0,0,0,0,0,0,0,0,0
9/1/2026,2025,20260457,23063,31174,"SHELL PIPELINE CO., L.P.",Refined and/or Petroleum Product (non-HVL),INTRASTATE,CALIFORNIA,0,0,0,0,0,0,0,0,0,0,0,0,0,0,0,0,0,0,0,0,0,0,0,0,0
9/1/2026,2025,20260457,23063,31174,"SHELL PIPELINE CO., L.P.",Refined and/or Petroleum Product (non-HVL),INTRASTATE,ILLINOIS,0,0,0,0,0,0,7,4,0,11,0,0,0,0,0,0,0,0,0,0,0,0,0,0,0
9/1/2026,2025,20260457,23063,31174,"SHELL PIPELINE CO., L.P.",Refined and/or Petroleum Product (non-HVL),INTRASTATE,LOUISIANA,0,0,0,0,0,0,0,0,0,0,0,0,0,0,0,0,0,0,0,0,0,0,0,0,0
9/1/2026,2025,20260619,23227,31178,XTO ENERGY INC,Crude Oil,INTRASTATE,NEW MEXICO,0,0,0,0,0,0,0,0,0,0,0,0,0,0,0,0,0,0,0,0,0,0,0,0,0
9/1/2026,2025,20260619,23227,31178,XTO ENERGY INC,Crude Oil,INTRASTATE,TEXAS,2,0,0,0,2,0,0,0,0,0,0,0,0,0,0,0,0,0,0,0,0,0,0,0,0
9/1/2026,2025,20260621,23229,31178,XTO ENERGY INC,HVL,INTRASTATE,NEW MEXICO,0,0,0,0,0,0,0,0,0,0,0,0,0,0,0,0,0,0,0,0,0,0,0,0,0
9/1/2026,2025,20260315,22917,31189,BP PIPELINE (NORTH AMERICA) INC.,Crude Oil,INTERSTATE,ILLINOIS,0,1,1,13,15,0,0,0,0,0,0,0,0,0,0,0,0,0,0,0,0,0,0,0,0
9/1/2026,2025,20260315,22917,31189,BP PIPELINE (NORTH AMERICA) INC.,Crude Oil,INTERSTATE,INDIANA,2,0,0,0,2,0,0,0,0,0,0,0,0,0,0,0,0,0,0,0,0,0,0,0,0
9/1/2026,2025,20260315,22917,31189,BP PIPELINE (NORTH AMERICA) INC.,Crude Oil,INTERSTATE,IOWA,0,0,0,0,0,0,0,0,0,0,0,0,0,0,0,0,0,0,0,0,0,0,0,0,0
9/1/2026,2025,20260315,22917,31189,BP PIPELINE (NORTH AMERICA) INC.,Crude Oil,INTERSTATE,KANSAS,0,0,0,0,0,0,0,0,0,0,0,0,0,0,0,0,0,0,0,0,0,0,0,0,0
9/1/2026,2025,20260315,22917,31189,BP PIPELINE (NORTH AMERICA) INC.,Crude Oil,INTERSTATE,MISSOURI,0,1,1,2,4,0,0,0,0,0,0,0,0,0,0,0,0,0,0,0,0,0,0,0,0
9/1/2026,2025,20260315,22917,31189,BP PIPELINE (NORTH AMERICA) INC.,Crude Oil,INTERSTATE,OKLAHOMA,0,0,0,0,0,0,0,0,0,0,0,0,0,0,0,0,0,0,0,0,0,0,0,0,0
9/1/2026,2025,20260315,22917,31189,BP PIPELINE (NORTH AMERICA) INC.,Crude Oil,INTRASTATE,WASHINGTON,0,0,0,0,0,0,0,0,0,0,0,0,0,0,0,0,0,0,0,0,0,0,0,0,0
9/1/2026,2025,20260317,22919,31189,BP PIPELINE (NORTH AMERICA) INC.,HVL,INTERSTATE,INDIANA,0,0,0,0,0,0,0,0,0,0,0,0,0,0,0,0,0,0,0,0,0,0,0,0,0
9/1/2026,2025,20260317,22919,31189,BP PIPELINE (NORTH AMERICA) INC.,HVL,INTRASTATE,WASHINGTON,0,0,0,0,0,0,0,0,0,0,0,0,0,0,0,0,0,0,0,0,0,0,0,0,0
9/1/2026,2025,20260321,22923,31189,BP PIPELINE (NORTH AMERICA) INC.,Refined and/or Petroleum Product (non-HVL),INTERSTATE,ALABAMA,0,0,0,0,0,0,0,0,0,0,0,0,0,0,0,0,0,0,0,0,0,0,0,0,0
9/1/2026,2025,20260321,22923,31189,BP PIPELINE (NORTH AMERICA) INC.,Refined and/or Petroleum Product (non-HVL),INTERSTATE,ILLINOIS,0,0,0,0,0,0,0,0,0,0,0,0,0,0,0,0,0,0,0,0,0,0,0,0,0
9/1/2026,2025,20260321,22923,31189,BP PIPELINE (NORTH AMERICA) INC.,Refined and/or Petroleum Product (non-HVL),INTERSTATE,INDIANA,0,0,0,0,0,0,2,0,0,2,0,0,0,0,0,0,0,0,0,0,0,0,0,0,0
9/1/2026,2025,20260321,22923,31189,BP PIPELINE (NORTH AMERICA) INC.,Refined and/or Petroleum Product (non-HVL),INTERSTATE,KANSAS,0,0,0,0,0,0,0,0,0,0,0,0,0,0,0,0,0,0,0,0,0,0,0,0,0
9/1/2026,2025,20260321,22923,31189,BP PIPELINE (NORTH AMERICA) INC.,Refined and/or Petroleum Product (non-HVL),INTERSTATE,KENTUCKY,0,0,0,0,0,0,0,0,0,0,0,0,0,0,0,0,0,0,0,0,0,0,0,0,0
9/1/2026,2025,20260321,22923,31189,BP PIPELINE (NORTH AMERICA) INC.,Refined and/or Petroleum Product (non-HVL),INTERSTATE,MISSOURI,0,0,0,0,0,0,0,0,0,0,0,0,0,0,0,0,0,0,0,0,0,0,0,0,0
9/1/2026,2025,20260321,22923,31189,BP PIPELINE (NORTH AMERICA) INC.,Refined and/or Petroleum Product (non-HVL),INTERSTATE,TENNESSEE,0,0,0,0,0,0,0,0,0,0,0,0,0,0,0,0,0,0,0,0,0,0,0,0,0
9/1/2026,2025,20260647,23255,31199,ALLIANCE PIPELINE L.P.,HVL,INTRASTATE,NORTH DAKOTA,,,,,,,,,,,,,,,,,,,,,,,,,
9/1/2026,2025,20260202,22800,31224,DISCOVERY PRODUCER SERVICES LLC,HVL,INTRASTATE,LOUISIANA,,,,,,,,,,,,,,,,,,,,,,,,,
9/1/2026,2025,20260342,22944,31228,"CALIFORNIA RESOURCES ELK HILLS, LLC",HVL,INTRASTATE,CALIFORNIA,,,,0,0,,,,0,0,0,0,0,0,0,,,,0,0,,,,0,0
9/1/2026,2025,20260343,22945,31228,"CALIFORNIA RESOURCES ELK HILLS, LLC",Refined and/or Petroleum Product (non-HVL),INTRASTATE,CALIFORNIA,,,,,,0,0,0,0,0,,,,,,,,,,,,,,,
9/1/2026,2025,20260727,23367,31256,"JGE GAS SOLUTIONS, LP",HVL,INTRASTATE,TEXAS,,,,,,,,,,,0,0,0,0,0,,,,,,,,,,
9/1/2026,2025,20260163,22756,31285,HOUSTON AMMONIA TERMINAL,HVL,INTRASTATE,TEXAS,,,,,,,,,,,0,0,0,0,0,,,,,,,,,,
9/1/2026,2025,20260433,23039,31288,"FLINT HILLS RESOURCES PINE BEND, LLC",Refined and/or Petroleum Product (non-HVL),INTERSTATE,WISCONSIN,0,0,0,0,0,0,5,0,0,5,0,0,0,0,0,0,0,0,0,0,0,0,0,0,0
9/1/2026,2025,20260028,22594,31312,WEST PHOENIX POWER PLANT,Refined and/or Petroleum Product (non-HVL),INTRASTATE,ARIZONA,,,,,,0,0,0,0,0,,,,,,,,,,,,,,,
9/1/2026,2025,20260415,23021,31371,"BUCKEYE DEVELOPMENT & LOGISTICS, LLC",Crude Oil,INTERSTATE,ILLINOIS,0,0,0,0,0,,,,,,,,,,,,,,,,,,,,
9/1/2026,2025,20260415,23021,31371,"BUCKEYE DEVELOPMENT & LOGISTICS, LLC",Crude Oil,INTRASTATE,TEXAS,0,0,0,0,0,,,,,,,,,,,,,,,,,,,,
9/1/2026,2025,20260416,23022,31371,"BUCKEYE DEVELOPMENT & LOGISTICS, LLC",HVL,INTERSTATE,LOUISIANA,,,,,,,,,,,0,0,0,0,0,,,,,,,,,,
9/1/2026,2025,20260416,23022,31371,"BUCKEYE DEVELOPMENT & LOGISTICS, LLC",HVL,INTERSTATE,MICHIGAN,,,,,,,,,,,0,0,0,0,0,,,,,,,,,,
9/1/2026,2025,20260416,23022,31371,"BUCKEYE DEVELOPMENT & LOGISTICS, LLC",HVL,INTRASTATE,LOUISIANA,,,,,,,,,,,0,0,0,0,0,,,,,,,,,,
9/1/2026,2025,20260416,23022,31371,"BUCKEYE DEVELOPMENT & LOGISTICS, LLC",HVL,INTRASTATE,TEXAS,,,,,,,,,,,0,0,0,0,0,,,,,,,,,,
9/1/2026,2025,20260417,23023,31371,"BUCKEYE DEVELOPMENT & LOGISTICS, LLC",Refined and/or Petroleum Product (non-HVL),INTERSTATE,ILLINOIS,,,,,,0,0,0,0,0,,,,,,,,,,,,,,,
9/1/2026,2025,20260417,23023,31371,"BUCKEYE DEVELOPMENT & LOGISTICS, LLC",Refined and/or Petroleum Product (non-HVL),INTERSTATE,INDIANA,,,,,,2,1,0,0,3,,,,,,,,,,,,,,,
9/1/2026,2025,20260417,23023,31371,"BUCKEYE DEVELOPMENT & LOGISTICS, LLC",Refined and/or Petroleum Product (non-HVL),INTERSTATE,OHIO,,,,,,0,0,0,0,0,,,,,,,,,,,,,,,
9/1/2026,2025,20260417,23023,31371,"BUCKEYE DEVELOPMENT & LOGISTICS, LLC",Refined and/or Petroleum Product (non-HVL),INTERSTATE,TEXAS,,,,,,0,3,0,0,3,,,,,,,,,,,,,,,
9/1/2026,2025,20260417,23023,31371,"BUCKEYE DEVELOPMENT & LOGISTICS, LLC",Refined and/or Petroleum Product (non-HVL),INTERSTATE,WISCONSIN,,,,,,12,0,0,0,12,,,,,,,,,,,,,,,
9/1/2026,2025,20260417,23023,31371,"BUCKEYE DEVELOPMENT & LOGISTICS, LLC",Refined and/or Petroleum Product (non-HVL),INTRASTATE,TEXAS,,,,,,0,3,0,0,3,,,,,,,,,,,,,,,
9/1/2026,2025,20260640,23248,31372,TICONA POLYMERS INC,Refined and/or Petroleum Product (non-HVL),INTRASTATE,TEXAS,,,,,,0,0,0,0,0,,,,,,,,,,,,,,,
9/1/2026,2025,20260430,23036,31391,"LINDE GAS NORTH AMERICA, LLC",CO2,INTRASTATE,WYOMING,,,,,,,,,,,,,,,,0,0,0,0,0,,,,,
9/1/2026,2025,20260081,22661,31420,VOPAK TERMINAL LOS ANGELES INC.,Refined and/or Petroleum Product (non-HVL),INTRASTATE,CALIFORNIA,,,,,,10,7,4,0,21,,,,,,,,,,,,,,,
9/1/2026,2025,20260191,22789,31425,"PALO DURO PIPELINES (TEXAS GATHERING), L.P.",HVL,INTRASTATE,TEXAS,0,0,0,0,0,0,0,0,0,0,0,0,0,0,0,0,0,0,0,0,0,0,0,0,0
9/1/2026,2025,20260611,23219,31448,ENBRIDGE PIPELINES (TOLEDO) INC,Crude Oil,INTERSTATE,MICHIGAN,0,0,2,0,2,0,0,0,0,0,0,0,0,0,0,0,0,0,0,0,0,0,0,0,0
9/1/2026,2025,20260611,23219,31448,ENBRIDGE PIPELINES (TOLEDO) INC,Crude Oil,INTERSTATE,OHIO,0,0,0,0,0,0,0,0,0,0,0,0,0,0,0,0,0,0,0,0,0,0,0,0,0
9/1/2026,2025,20260499,23105,31451,KINDER MORGAN TEXAS PIPELINE CO,Refined and/or Petroleum Product (non-HVL),INTRASTATE,TEXAS,0,0,0,0,0,0,0,0,0,0,0,0,0,0,0,0,0,0,0,0,0,0,0,0,0
9/1/2026,2025,20260606,23363,31454,"NUSTAR LOGISTICS, L.P.",Crude Oil,INTERSTATE,OKLAHOMA,0,1,1,0,2,,,,,,,,,,,,,,,,,,,,
9/1/2026,2025,20260606,23363,31454,"NUSTAR LOGISTICS, L.P.",Crude Oil,INTERSTATE,TEXAS,0,1,1,2,4,,,,,,,,,,,,,,,,,,,,
9/1/2026,2025,20260606,23363,31454,"NUSTAR LOGISTICS, L.P.",Crude Oil,INTRASTATE,TEXAS,6,9,8,15,38,,,,,,,,,,,,,,,,,,,,
9/1/2026,2025,20260608,23216,31454,"NUSTAR LOGISTICS, L.P.",HVL,INTRASTATE,TEXAS,,,,,,,,,,,0,0,0,0,0,,,,,,,,,,
9/1/2026,2025,20260604,23212,31454,"NUSTAR LOGISTICS, L.P.",Refined and/or Petroleum Product (non-HVL),INTERSTATE,COLORADO,,,,,,5,3,0,0,8,,,,,,,,,,,,,,,
9/1/2026,2025,20260604,23212,31454,"NUSTAR LOGISTICS, L.P.",Refined and/or Petroleum Product (non-HVL),INTERSTATE,NEW MEXICO,,,,,,3,0,0,0,3,,,,,,,,,,,,,,,
9/1/2026,2025,20260604,23212,31454,"NUSTAR LOGISTICS, L.P.",Refined and/or Petroleum Product (non-HVL),INTERSTATE,OKLAHOMA,,,,,,0,0,0,0,0,,,,,,,,,,,,,,,
9/1/2026,2025,20260604,23212,31454,"NUSTAR LOGISTICS, L.P.",Refined and/or Petroleum Product (non-HVL),INTERSTATE,TEXAS,,,,,,15,10,0,0,25,,,,,,,,,,,,,,,
9/1/2026,2025,20260604,23212,31454,"NUSTAR LOGISTICS, L.P.",Refined and/or Petroleum Product (non-HVL),INTRASTATE,TEXAS,,,,,,17,4,0,0,21,,,,,,,,,,,,,,,
9/1/2026,2025,20260135,22728,31455,"CALUMET MONTANA REFINING, LLC",Crude Oil,INTRASTATE,MONTANA,0,0,0,0,0,,,,,,,,,,,,,,,,,,,,
9/1/2026,2025,20260377,22983,31460,DOD DEFENSE ENERGY SUPPORT CENTER,Refined and/or Petroleum Product (non-HVL),INTRASTATE,CALIFORNIA,0,0,0,0,0,0,0,0,0,0,0,0,0,0,0,0,0,0,0,0,0,0,0,0,0
9/1/2026,2025,20260733,23374,31475,TRINITY PIPELINE GP LLC,CO2,INTERSTATE,NEW MEXICO,0,0,0,0,0,0,0,0,0,0,0,0,0,0,0,0,0,0,0,0,0,0,0,0,0
9/1/2026,2025,20260733,23374,31475,TRINITY PIPELINE GP LLC,CO2,INTERSTATE,TEXAS,0,0,0,0,0,0,0,0,0,0,0,0,0,0,0,0,0,0,0,0,0,0,0,0,0
9/1/2026,2025,20260733,23374,31475,TRINITY PIPELINE GP LLC,CO2,INTRASTATE,NEW MEXICO,0,0,0,0,0,0,0,0,0,0,0,0,0,0,0,0,0,0,0,0,0,0,0,0,0
9/1/2026,2025,20260733,23374,31475,TRINITY PIPELINE GP LLC,CO2,INTRASTATE,TEXAS,0,0,0,0,0,0,0,0,0,0,0,0,0,0,0,0,0,0,0,0,0,0,0,0,0
9/1/2026,2025,20260318,22920,31476,ET CRUDE OPERATING LLC,Crude Oil,INTERSTATE,KANSAS,1,0,0,0,1,0,0,0,0,0,0,0,0,0,0,0,0,0,0,0,0,0,0,0,0
9/1/2026,2025,20260318,22920,31476,ET CRUDE OPERATING LLC,Crude Oil,INTERSTATE,NORTH DAKOTA,0,1,0,0,1,0,0,0,0,0,0,0,0,0,0,0,0,0,0,0,0,0,0,0,0
9/1/2026,2025,20260318,22920,31476,ET CRUDE OPERATING LLC,Crude Oil,INTERSTATE,OKLAHOMA,0,5,0,26,31,0,0,0,0,0,0,0,0,0,0,0,0,0,0,0,0,0,0,0,0
9/1/2026,2025,20260318,22920,31476,ET CRUDE OPERATING LLC,Crude Oil,INTRASTATE,COLORADO,3,6,0,0,9,0,0,0,0,0,0,0,0,0,0,0,0,0,0,0,0,0,0,0,0
9/1/2026,2025,20260318,22920,31476,ET CRUDE OPERATING LLC,Crude Oil,INTRASTATE,LOUISIANA,0,0,0,0,0,0,0,0,0,0,0,0,0,0,0,0,0,0,0,0,0,0,0,0,0
9/1/2026,2025,20260318,22920,31476,ET CRUDE OPERATING LLC,Crude Oil,INTRASTATE,OKLAHOMA,0,0,0,0,0,0,0,0,0,0,0,0,0,0,0,0,0,0,0,0,0,0,0,0,0
9/1/2026,2025,20260320,22922,31476,ET CRUDE OPERATING LLC,HVL,INTRASTATE,LOUISIANA,0,0,0,0,0,0,0,0,0,0,0,0,0,0,0,0,0,0,0,0,0,0,0,0,0
9/1/2026,2025,20260322,22924,31476,ET CRUDE OPERATING LLC,Refined and/or Petroleum Product (non-HVL),INTRASTATE,LOUISIANA,0,0,0,0,0,0,0,0,0,0,0,0,0,0,0,0,0,0,0,0,0,0,0,0,0
9/1/2026,2025,20260637,23379,31506,CONOCOPHILLIPS COMPANY (E&P-L-48),Crude Oil,INTRASTATE,TEXAS,0,0,0,0,0,0,0,0,0,0,0,0,0,0,0,0,0,0,0,0,0,0,0,0,0
9/1/2026,2025,20260218,22816,31517,ASCEND PERFORMANCE MATERIALS TEXAS LLC.,HVL,INTRASTATE,TEXAS,,,,,,,,,,,,,,,,,,,,,,,,,
9/1/2026,2025,20260465,23071,31523,ANDERSON OIL LTD,Crude Oil,INTRASTATE,TEXAS,,,,,,,,,,,,,,,,,,,,,,,,,
9/1/2026,2025,20260270,22870,31526,DELAWARE STORAGE AND PIPELINE COMPANY,Refined and/or Petroleum Product (non-HVL),INTRASTATE,DELAWARE,0,0,0,0,0,0,0,0,0,0,0,0,0,0,0,0,0,0,0,0,0,0,0,0,0
9/1/2026,2025,20260144,22737,31552,ALPINE TRANSPORTATION CO.,Crude Oil,INTERSTATE,ALASKA,0,0,0,0,0,,,,,,,,,,,,,,,,,,,,
9/1/2026,2025,20260338,22940,31554,"BOARDWALK PETROCHEMICAL PIPELINE, LLC",HVL,INTERSTATE,LOUISIANA,0,0,0,0,0,0,0,0,0,0,0,0,0,0,0,0,0,0,0,0,0,0,0,0,0
9/1/2026,2025,20260338,22940,31554,"BOARDWALK PETROCHEMICAL PIPELINE, LLC",HVL,INTERSTATE,TEXAS,0,0,0,0,0,0,0,0,0,0,0,0,0,0,0,0,0,0,0,0,0,0,0,0,0
9/1/2026,2025,20260392,22998,31555,KINDER MORGAN CO2 CO. LLC,CO2,INTERSTATE,COLORADO,0,0,0,0,0,0,0,0,0,0,0,0,0,0,0,0,0,0,0,0,0,0,0,0,0
9/1/2026,2025,20260392,22998,31555,KINDER MORGAN CO2 CO. LLC,CO2,INTERSTATE,NEW MEXICO,0,0,0,0,0,0,0,0,0,0,0,0,0,0,0,0,0,0,0,0,0,0,0,0,0
9/1/2026,2025,20260392,22998,31555,KINDER MORGAN CO2 CO. LLC,CO2,INTERSTATE,TEXAS,0,0,0,0,0,0,0,0,0,0,0,0,0,0,0,0,0,0,0,0,0,0,0,0,0
9/1/2026,2025,20260392,22998,31555,KINDER MORGAN CO2 CO. LLC,CO2,INTRASTATE,TEXAS,0,0,0,0,0,0,0,0,0,0,0,0,0,0,0,0,0,0,0,0,0,0,0,0,0
9/1/2026,2025,20260575,23181,31563,"WHITECAP PIPE LINE COMPANY, L.L.C.",Crude Oil,INTERSTATE,OCS-Gulf of America,0,0,0,0,0,0,0,0,0,0,0,0,0,0,0,0,0,0,0,0,0,0,0,0,0
9/1/2026,2025,20260587,23195,31579,"MAGELLAN PIPELINES HOLDINGS, LP",Crude Oil,INTERSTATE,OKLAHOMA,1,1,1,1,4,,,,,,,,,,,,,,,,,,,,
9/1/2026,2025,20260587,23195,31579,"MAGELLAN PIPELINES HOLDINGS, LP",Crude Oil,INTRASTATE,TEXAS,0,0,0,0,0,,,,,,,,,,,,,,,,,,,,
9/1/2026,2025,20260588,23196,31579,"MAGELLAN PIPELINES HOLDINGS, LP",Refined and/or Petroleum Product (non-HVL),INTRASTATE,TEXAS,,,,,,2,2,0,0,4,,,,,,,,,,,,,,,
9/1/2026,2025,20260591,23390,31580,"MAGELLAN TERMINALS HOLDINGS, LP",Crude Oil,INTERSTATE,OKLAHOMA,1,0,46,33,80,,,,,,,,,,,,,,,,,,,,
9/1/2026,2025,20260591,23390,31580,"MAGELLAN TERMINALS HOLDINGS, LP",Crude Oil,INTRASTATE,TEXAS,0,0,9,9,18,,,,,,,,,,,,,,,,,,,,
9/1/2026,2025,20260592,23401,31580,"MAGELLAN TERMINALS HOLDINGS, LP",Refined and/or Petroleum Product (non-HVL),INTERSTATE,TEXAS,,,,,,1,,,,1,,,,,,,,,,,,,,,
9/1/2026,2025,20260592,23401,31580,"MAGELLAN TERMINALS HOLDINGS, LP",Refined and/or Petroleum Product (non-HVL),INTRASTATE,TEXAS,,,,,,9,10,72,17,108,,,,,,,,,,,,,,,
9/1/2026,2025,20260157,22750,31613,M6 MIDSTREAM LLC,HVL,INTRASTATE,TEXAS,0,0,0,0,0,0,0,0,0,0,0,0,0,0,0,0,0,0,0,0,0,0,0,0,0
9/1/2026,2025,20260241,22840,31618,ENTERPRISE PRODUCTS OPERATING LLC,Crude Oil,INTERSTATE,TEXAS,0,0,0,0,0,,,,,,,,,,,,,,,,,,,,
9/1/2026,2025,20260241,22840,31618,ENTERPRISE PRODUCTS OPERATING LLC,Crude Oil,INTRASTATE,TEXAS,0,0,0,12,12,,,,,,,,,,,,,,,,,,,,
9/1/2026,2025,20260380,23375,31618,ENTERPRISE PRODUCTS OPERATING LLC,HVL,INTERSTATE,ALABAMA,,,,,,,,,,,0,0,0,0,0,,,,,,,,,,
9/1/2026,2025,20260380,23375,31618,ENTERPRISE PRODUCTS OPERATING LLC,HVL,INTERSTATE,ARKANSAS,,,,,,,,,,,2,0,0,0,2,,,,,,,,,,
9/1/2026,2025,20260380,23375,31618,ENTERPRISE PRODUCTS OPERATING LLC,HVL,INTERSTATE,COLORADO,,,,,,,,,,,0,0,0,0,0,,,,,,,,,,
9/1/2026,2025,20260380,23375,31618,ENTERPRISE PRODUCTS OPERATING LLC,HVL,INTERSTATE,ILLINOIS,,,,,,,,,,,1,0,0,0,1,,,,,,,,,,
9/1/2026,2025,20260380,23375,31618,ENTERPRISE PRODUCTS OPERATING LLC,HVL,INTERSTATE,INDIANA,,,,,,,,,,,0,0,0,0,0,,,,,,,,,,
9/1/2026,2025,20260380,23375,31618,ENTERPRISE PRODUCTS OPERATING LLC,HVL,INTERSTATE,IOWA,,,,,,,,,,,0,0,0,0,0,,,,,,,,,,
9/1/2026,2025,20260380,23375,31618,ENTERPRISE PRODUCTS OPERATING LLC,HVL,INTERSTATE,KANSAS,,,,,,,,,,,0,0,0,0,0,,,,,,,,,,
9/1/2026,2025,20260380,23375,31618,ENTERPRISE PRODUCTS OPERATING LLC,HVL,INTERSTATE,KENTUCKY,,,,,,,,,,,0,0,0,0,0,,,,,,,,,,
9/1/2026,2025,20260380,23375,31618,ENTERPRISE PRODUCTS OPERATING LLC,HVL,INTERSTATE,LOUISIANA,,,,,,,,,,,0,0,0,0,0,,,,,,,,,,
9/1/2026,2025,20260380,23375,31618,ENTERPRISE PRODUCTS OPERATING LLC,HVL,INTERSTATE,MINNESOTA,,,,,,,,,,,11,0,0,0,11,,,,,,,,,,
9/1/2026,2025,20260380,23375,31618,ENTERPRISE PRODUCTS OPERATING LLC,HVL,INTERSTATE,MISSISSIPPI,,,,,,,,,,,0,0,0,0,0,,,,,,,,,,
9/1/2026,2025,20260380,23375,31618,ENTERPRISE PRODUCTS OPERATING LLC,HVL,INTERSTATE,MISSOURI,,,,,,,,,,,0,0,0,0,0,,,,,,,,,,
9/1/2026,2025,20260380,23375,31618,ENTERPRISE PRODUCTS OPERATING LLC,HVL,INTERSTATE,NEBRASKA,,,,,,,,,,,0,0,0,0,0,,,,,,,,,,
9/1/2026,2025,20260380,23375,31618,ENTERPRISE PRODUCTS OPERATING LLC,HVL,INTERSTATE,NEW MEXICO,,,,,,,,,,,0,0,0,0,0,,,,,,,,,,
9/1/2026,2025,20260380,23375,31618,ENTERPRISE PRODUCTS OPERATING LLC,HVL,INTERSTATE,NEW YORK,,,,,,,,,,,2,0,0,0,2,,,,,,,,,,
9/1/2026,2025,20260380,23375,31618,ENTERPRISE PRODUCTS OPERATING LLC,HVL,INTERSTATE,OHIO,,,,,,,,,,,0,0,0,0,0,,,,,,,,,,
9/1/2026,2025,20260380,23375,31618,ENTERPRISE PRODUCTS OPERATING LLC,HVL,INTERSTATE,OKLAHOMA,,,,,,,,,,,0,0,0,0,0,,,,,,,,,,
9/1/2026,2025,20260380,23375,31618,ENTERPRISE PRODUCTS OPERATING LLC,HVL,INTERSTATE,PENNSYLVANIA,,,,,,,,,,,0,0,0,0,0,,,,,,,,,,
9/1/2026,2025,20260380,23375,31618,ENTERPRISE PRODUCTS OPERATING LLC,HVL,INTERSTATE,TEXAS,,,,,,,,,,,13,0,0,0,13,,,,,,,,,,
9/1/2026,2025,20260380,23375,31618,ENTERPRISE PRODUCTS OPERATING LLC,HVL,INTERSTATE,UTAH,,,,,,,,,,,0,0,0,0,0,,,,,,,,,,
9/1/2026,2025,20260380,23375,31618,ENTERPRISE PRODUCTS OPERATING LLC,HVL,INTERSTATE,WEST VIRGINIA,,,,,,,,,,,0,0,0,0,0,,,,,,,,,,
9/1/2026,2025,20260380,23375,31618,ENTERPRISE PRODUCTS OPERATING LLC,HVL,INTERSTATE,WISCONSIN,,,,,,,,,,,0,0,0,0,0,,,,,,,,,,
9/1/2026,2025,20260380,23375,31618,ENTERPRISE PRODUCTS OPERATING LLC,HVL,INTERSTATE,WYOMING,,,,,,,,,,,0,0,0,0,0,,,,,,,,,,
9/1/2026,2025,20260380,23375,31618,ENTERPRISE PRODUCTS OPERATING LLC,HVL,INTRASTATE,LOUISIANA,,,,,,,,,,,12,0,0,0,12,,,,,,,,,,
9/1/2026,2025,20260380,23375,31618,ENTERPRISE PRODUCTS OPERATING LLC,HVL,INTRASTATE,TEXAS,,,,,,,,,,,9,0,0,0,9,,,,,,,,,,
9/1/2026,2025,20260380,23375,31618,ENTERPRISE PRODUCTS OPERATING LLC,HVL,INTRASTATE,WYOMING,,,,,,,,,,,0,0,0,0,0,,,,,,,,,,
9/1/2026,2025,20260384,23378,31618,ENTERPRISE PRODUCTS OPERATING LLC,Refined and/or Petroleum Product (non-HVL),INTERSTATE,ARKANSAS,,,,,,9,17,1,0,27,,,,,,,,,,,,,,,
9/1/2026,2025,20260384,23378,31618,ENTERPRISE PRODUCTS OPERATING LLC,Refined and/or Petroleum Product (non-HVL),INTERSTATE,COLORADO,,,,,,0,0,0,0,0,,,,,,,,,,,,,,,
9/1/2026,2025,20260384,23378,31618,ENTERPRISE PRODUCTS OPERATING LLC,Refined and/or Petroleum Product (non-HVL),INTERSTATE,ILLINOIS,,,,,,1,0,1,3,5,,,,,,,,,,,,,,,
9/1/2026,2025,20260384,23378,31618,ENTERPRISE PRODUCTS OPERATING LLC,Refined and/or Petroleum Product (non-HVL),INTERSTATE,INDIANA,,,,,,7,14,0,3,24,,,,,,,,,,,,,,,
9/1/2026,2025,20260384,23378,31618,ENTERPRISE PRODUCTS OPERATING LLC,Refined and/or Petroleum Product (non-HVL),INTERSTATE,KANSAS,,,,,,0,0,0,0,0,,,,,,,,,,,,,,,
9/1/2026,2025,20260384,23378,31618,ENTERPRISE PRODUCTS OPERATING LLC,Refined and/or Petroleum Product (non-HVL),INTERSTATE,KENTUCKY,,,,,,0,0,0,0,0,,,,,,,,,,,,,,,
9/1/2026,2025,20260384,23378,31618,ENTERPRISE PRODUCTS OPERATING LLC,Refined and/or Petroleum Product (non-HVL),INTERSTATE,LOUISIANA,,,,,,1,0,0,0,1,,,,,,,,,,,,,,,
9/1/2026,2025,20260384,23378,31618,ENTERPRISE PRODUCTS OPERATING LLC,Refined and/or Petroleum Product (non-HVL),INTERSTATE,NEW MEXICO,,,,,,2,0,0,0,2,,,,,,,,,,,,,,,
9/1/2026,2025,20260384,23378,31618,ENTERPRISE PRODUCTS OPERATING LLC,Refined and/or Petroleum Product (non-HVL),INTERSTATE,OHIO,,,,,,6,6,5,0,17,,,,,,,,,,,,,,,
9/1/2026,2025,20260384,23378,31618,ENTERPRISE PRODUCTS OPERATING LLC,Refined and/or Petroleum Product (non-HVL),INTERSTATE,TENNESSEE,,,,,,0,0,0,0,0,,,,,,,,,,,,,,,
9/1/2026,2025,20260384,23378,31618,ENTERPRISE PRODUCTS OPERATING LLC,Refined and/or Petroleum Product (non-HVL),INTERSTATE,TEXAS,,,,,,11,10,14,31,66,,,,,,,,,,,,,,,
9/1/2026,2025,20260384,23378,31618,ENTERPRISE PRODUCTS OPERATING LLC,Refined and/or Petroleum Product (non-HVL),INTERSTATE,UTAH,,,,,,0,1,0,0,1,,,,,,,,,,,,,,,
9/1/2026,2025,20260384,23378,31618,ENTERPRISE PRODUCTS OPERATING LLC,Refined and/or Petroleum Product (non-HVL),INTRASTATE,ILLINOIS,,,,,,0,0,0,0,0,,,,,,,,,,,,,,,
9/1/2026,2025,20260384,23378,31618,ENTERPRISE PRODUCTS OPERATING LLC,Refined and/or Petroleum Product (non-HVL),INTRASTATE,LOUISIANA,,,,,,0,0,0,0,0,,,,,,,,,,,,,,,
9/1/2026,2025,20260384,23378,31618,ENTERPRISE PRODUCTS OPERATING LLC,Refined and/or Petroleum Product (non-HVL),INTRASTATE,NEW MEXICO,,,,,,0,0,0,0,0,,,,,,,,,,,,,,,
9/1/2026,2025,20260384,23378,31618,ENTERPRISE PRODUCTS OPERATING LLC,Refined and/or Petroleum Product (non-HVL),INTRASTATE,TEXAS,,,,,,2,0,2,22,26,,,,,,,,,,,,,,,
9/1/2026,2025,20260682,23293,31627,"DENBURY ONSHORE, LLC",CO2,INTERSTATE,LOUISIANA,0,0,0,0,0,0,0,0,0,0,0,0,0,0,0,0,0,0,0,0,0,0,0,0,0
9/1/2026,2025,20260682,23293,31627,"DENBURY ONSHORE, LLC",CO2,INTERSTATE,MISSISSIPPI,0,0,0,0,0,0,0,0,0,0,0,0,0,0,0,0,0,0,0,0,0,0,0,0,0
9/1/2026,2025,20260682,23293,31627,"DENBURY ONSHORE, LLC",CO2,INTRASTATE,MISSISSIPPI,0,0,0,0,0,0,0,0,0,0,0,0,0,0,0,0,0,0,0,0,0,0,0,0,0
9/1/2026,2025,20260682,23293,31627,"DENBURY ONSHORE, LLC",CO2,INTRASTATE,WYOMING,0,0,0,0,0,0,0,0,0,0,0,0,0,0,0,0,0,0,0,0,0,0,0,0,0
9/1/2026,2025,20260509,23115,31663,NAVAJO NATION OIL AND GAS COMPANY,Crude Oil,INTERSTATE,COLORADO,0,0,0,0,0,0,0,0,0,0,0,0,0,0,0,0,0,0,0,0,0,0,0,0,0
9/1/2026,2025,20260509,23115,31663,NAVAJO NATION OIL AND GAS COMPANY,Crude Oil,INTERSTATE,NEW MEXICO,0,0,0,0,0,0,0,0,0,0,0,0,0,0,0,0,0,0,0,0,0,0,0,0,0
9/1/2026,2025,20260509,23115,31663,NAVAJO NATION OIL AND GAS COMPANY,Crude Oil,INTERSTATE,UTAH,0,0,0,0,0,0,0,0,0,0,0,0,0,0,0,0,0,0,0,0,0,0,0,0,0
9/1/2026,2025,20260447,23053,31684,PHILLIPS 66 PIPELINE LLC,Crude Oil,INTERSTATE,ILLINOIS,0,0,0,0,0,0,0,0,0,0,0,0,0,0,0,0,0,0,0,0,0,0,0,0,0
9/1/2026,2025,20260447,23053,31684,PHILLIPS 66 PIPELINE LLC,Crude Oil,INTERSTATE,LOUISIANA,0,3,1,10,14,0,0,0,0,0,0,0,0,0,0,0,0,0,0,0,0,0,0,0,0
9/1/2026,2025,20260447,23053,31684,PHILLIPS 66 PIPELINE LLC,Crude Oil,INTERSTATE,MONTANA,1,6,2,0,9,0,0,0,0,0,0,0,0,0,0,0,0,0,0,0,0,0,0,0,0
9/1/2026,2025,20260447,23053,31684,PHILLIPS 66 PIPELINE LLC,Crude Oil,INTERSTATE,NEW MEXICO,0,0,0,0,0,0,0,0,0,0,0,0,0,0,0,0,0,0,0,0,0,0,0,0,0
9/1/2026,2025,20260447,23053,31684,PHILLIPS 66 PIPELINE LLC,Crude Oil,INTERSTATE,OKLAHOMA,2,3,2,1,8,0,0,0,0,0,0,0,0,0,0,0,0,0,0,0,0,0,0,0,0
9/1/2026,2025,20260447,23053,31684,PHILLIPS 66 PIPELINE LLC,Crude Oil,INTERSTATE,TEXAS,7,9,9,32,57,0,0,0,0,0,0,0,0,0,0,0,0,0,0,0,0,0,0,0,0
9/1/2026,2025,20260447,23053,31684,PHILLIPS 66 PIPELINE LLC,Crude Oil,INTRASTATE,CALIFORNIA,0,4,0,0,4,,,,,,,,,,,,,,,,,,,,
9/1/2026,2025,20260447,23053,31684,PHILLIPS 66 PIPELINE LLC,Crude Oil,INTRASTATE,LOUISIANA,0,0,0,0,0,,,,,,,,,,,,,,,,,,,,
9/1/2026,2025,20260447,23053,31684,PHILLIPS 66 PIPELINE LLC,Crude Oil,INTRASTATE,MONTANA,0,0,0,0,0,,,,,,,,,,,,,,,,,,,,
9/1/2026,2025,20260447,23053,31684,PHILLIPS 66 PIPELINE LLC,Crude Oil,INTRASTATE,OKLAHOMA,0,0,0,0,0,,,,,,,,,,,,,,,,,,,,
9/1/2026,2025,20260447,23053,31684,PHILLIPS 66 PIPELINE LLC,Crude Oil,INTRASTATE,TEXAS,1,0,0,0,1,,,,,,,,,,,,,,,,,,,,
9/1/2026,2025,20260444,23050,31684,PHILLIPS 66 PIPELINE LLC,HVL,INTERSTATE,COLORADO,0,0,0,0,0,0,0,0,0,0,0,0,0,0,0,0,0,0,0,0,0,0,0,0,0
9/1/2026,2025,20260444,23050,31684,PHILLIPS 66 PIPELINE LLC,HVL,INTERSTATE,ILLINOIS,0,0,0,0,0,0,0,0,0,0,19,0,0,0,19,0,0,0,0,0,0,0,0,0,0
9/1/2026,2025,20260444,23050,31684,PHILLIPS 66 PIPELINE LLC,HVL,INTERSTATE,IOWA,0,0,0,0,0,0,0,0,0,0,4,0,0,0,4,0,0,0,0,0,0,0,0,0,0
9/1/2026,2025,20260444,23050,31684,PHILLIPS 66 PIPELINE LLC,HVL,INTERSTATE,KANSAS,0,0,0,0,0,0,0,0,0,0,1,0,0,0,1,0,0,0,0,0,0,0,0,0,0
9/1/2026,2025,20260444,23050,31684,PHILLIPS 66 PIPELINE LLC,HVL,INTERSTATE,LOUISIANA,0,0,0,0,0,0,0,0,0,0,0,0,0,0,0,0,0,0,0,0,0,0,0,0,0
9/1/2026,2025,20260444,23050,31684,PHILLIPS 66 PIPELINE LLC,HVL,INTERSTATE,MISSOURI,0,0,0,0,0,0,0,0,0,0,1,0,0,0,1,0,0,0,0,0,0,0,0,0,0
9/1/2026,2025,20260444,23050,31684,PHILLIPS 66 PIPELINE LLC,HVL,INTERSTATE,NEW MEXICO,0,0,0,0,0,0,0,0,0,0,0,0,0,0,0,0,0,0,0,0,0,0,0,0,0
9/1/2026,2025,20260444,23050,31684,PHILLIPS 66 PIPELINE LLC,HVL,INTERSTATE,OKLAHOMA,0,0,0,0,0,0,0,0,0,0,2,0,0,0,2,0,0,0,0,0,0,0,0,0,0
9/1/2026,2025,20260444,23050,31684,PHILLIPS 66 PIPELINE LLC,HVL,INTERSTATE,TEXAS,0,0,0,0,0,0,0,0,0,0,0,0,0,0,0,0,0,0,0,0,0,0,0,0,0
9/1/2026,2025,20260444,23050,31684,PHILLIPS 66 PIPELINE LLC,HVL,INTERSTATE,WYOMING,0,0,0,0,0,0,0,0,0,0,0,0,0,0,0,0,0,0,0,0,0,0,0,0,0
9/1/2026,2025,20260444,23050,31684,PHILLIPS 66 PIPELINE LLC,HVL,INTRASTATE,LOUISIANA,0,0,0,0,0,0,0,0,0,0,0,0,0,0,0,0,0,0,0,0,0,0,0,0,0
9/1/2026,2025,20260444,23050,31684,PHILLIPS 66 PIPELINE LLC,HVL,INTRASTATE,TEXAS,0,0,0,0,0,0,0,0,0,0,0,0,0,0,0,0,0,0,0,0,0,0,0,0,0
9/1/2026,2025,20260446,23052,31684,PHILLIPS 66 PIPELINE LLC,Refined and/or Petroleum Product (non-HVL),INTERSTATE,COLORADO,0,0,0,0,0,14,1,1,0,16,0,0,0,0,0,0,0,0,0,0,0,0,0,0,0
9/1/2026,2025,20260446,23052,31684,PHILLIPS 66 PIPELINE LLC,Refined and/or Petroleum Product (non-HVL),INTERSTATE,IDAHO,0,0,0,0,0,0,0,0,0,0,0,0,0,0,0,0,0,0,0,0,0,0,0,0,0
9/1/2026,2025,20260446,23052,31684,PHILLIPS 66 PIPELINE LLC,Refined and/or Petroleum Product (non-HVL),INTERSTATE,ILLINOIS,0,0,0,0,0,2,14,4,6,26,0,0,0,0,0,0,0,0,0,0,0,0,0,0,0
9/1/2026,2025,20260446,23052,31684,PHILLIPS 66 PIPELINE LLC,Refined and/or Petroleum Product (non-HVL),INTERSTATE,IOWA,0,0,0,0,0,1,0,0,0,1,0,0,0,0,0,0,0,0,0,0,0,0,0,0,0
9/1/2026,2025,20260446,23052,31684,PHILLIPS 66 PIPELINE LLC,Refined and/or Petroleum Product (non-HVL),INTERSTATE,KANSAS,0,0,0,0,0,8,20,2,4,34,0,0,0,0,0,0,0,0,0,0,0,0,0,0,0
9/1/2026,2025,20260446,23052,31684,PHILLIPS 66 PIPELINE LLC,Refined and/or Petroleum Product (non-HVL),INTERSTATE,LOUISIANA,0,0,0,0,0,3,5,3,6,17,0,0,0,0,0,0,0,0,0,0,0,0,0,0,0
9/1/2026,2025,20260446,23052,31684,PHILLIPS 66 PIPELINE LLC,Refined and/or Petroleum Product (non-HVL),INTERSTATE,MISSOURI,0,0,0,0,0,7,0,0,0,7,0,0,0,0,0,0,0,0,0,0,0,0,0,0,0
9/1/2026,2025,20260446,23052,31684,PHILLIPS 66 PIPELINE LLC,Refined and/or Petroleum Product (non-HVL),INTERSTATE,MONTANA,0,0,0,0,0,9,2,0,0,11,0,0,0,0,0,0,0,0,0,0,0,0,0,0,0
9/1/2026,2025,20260446,23052,31684,PHILLIPS 66 PIPELINE LLC,Refined and/or Petroleum Product (non-HVL),INTERSTATE,NEW JERSEY,0,0,0,0,0,0,16,1,0,17,0,0,0,0,0,0,0,0,0,0,0,0,0,0,0
9/1/2026,2025,20260446,23052,31684,PHILLIPS 66 PIPELINE LLC,Refined and/or Petroleum Product (non-HVL),INTERSTATE,OKLAHOMA,0,0,0,0,0,5,6,0,0,11,0,0,0,0,0,0,0,0,0,0,0,0,0,0,0
9/1/2026,2025,20260446,23052,31684,PHILLIPS 66 PIPELINE LLC,Refined and/or Petroleum Product (non-HVL),INTERSTATE,OREGON,0,0,0,0,0,4,3,0,0,7,0,0,0,0,0,0,0,0,0,0,0,0,0,0,0
9/1/2026,2025,20260446,23052,31684,PHILLIPS 66 PIPELINE LLC,Refined and/or Petroleum Product (non-HVL),INTERSTATE,TEXAS,0,0,0,0,0,7,4,7,9,27,0,0,0,0,0,0,0,0,0,0,0,0,0,0,0
9/1/2026,2025,20260446,23052,31684,PHILLIPS 66 PIPELINE LLC,Refined and/or Petroleum Product (non-HVL),INTERSTATE,UTAH,0,0,0,0,0,8,6,0,0,14,0,0,0,0,0,0,0,0,0,0,0,0,0,0,0
9/1/2026,2025,20260446,23052,31684,PHILLIPS 66 PIPELINE LLC,Refined and/or Petroleum Product (non-HVL),INTERSTATE,WASHINGTON,0,0,0,0,0,10,9,0,0,19,0,0,0,0,0,0,0,0,0,0,0,0,0,0,0
9/1/2026,2025,20260446,23052,31684,PHILLIPS 66 PIPELINE LLC,Refined and/or Petroleum Product (non-HVL),INTERSTATE,WYOMING,0,0,0,0,0,8,3,0,0,11,0,0,0,0,0,0,0,0,0,0,0,0,0,0,0
9/1/2026,2025,20260446,23052,31684,PHILLIPS 66 PIPELINE LLC,Refined and/or Petroleum Product (non-HVL),INTRASTATE,CALIFORNIA,0,0,0,0,0,2,17,0,0,19,0,0,0,0,0,0,0,0,0,0,0,0,0,0,0
9/1/2026,2025,20260446,23052,31684,PHILLIPS 66 PIPELINE LLC,Refined and/or Petroleum Product (non-HVL),INTRASTATE,LOUISIANA,0,0,0,0,0,0,0,0,0,0,0,0,0,0,0,0,0,0,0,0,0,0,0,0,0
9/1/2026,2025,20260446,23052,31684,PHILLIPS 66 PIPELINE LLC,Refined and/or Petroleum Product (non-HVL),INTRASTATE,TEXAS,0,0,0,0,0,0,0,0,3,3,0,0,0,0,0,0,0,0,0,0,0,0,0,0,0
9/1/2026,2025,20260247,22846,31687,"HILL-LAKE GAS STORAGE, LLC",HVL,INTRASTATE,TEXAS,,,,,,,,,,,,,,,,,,,,,,,,,
9/1/2026,2025,20260203,22801,31703,"WILLIAMS MLP OPERATING, LLC",HVL,INTRASTATE,WEST VIRGINIA,,,,,,,,,,,,,,,,,,,,,,,,,
9/1/2026,2025,20260299,22901,31707,CHEVRON U.S.A. INC - PERMIAN BASIN,Crude Oil,INTRASTATE,NEW MEXICO,0,0,0,0,0,0,0,0,0,0,0,0,0,0,0,0,0,0,0,0,0,0,0,0,0
9/1/2026,2025,20260521,23127,31719,HILAND PARTNERS HOLDINGS LLC,HVL,INTRASTATE,MONTANA,0,0,0,0,0,0,0,0,0,0,0,0,0,0,0,0,0,0,0,0,0,0,0,0,0
9/1/2026,2025,20260521,23127,31719,HILAND PARTNERS HOLDINGS LLC,HVL,INTRASTATE,NORTH DAKOTA,0,0,0,0,0,0,0,0,0,0,0,0,0,0,0,0,0,0,0,0,0,0,0,0,0
9/1/2026,2025,20260613,23221,31720,"EXPRESS HOLDINGS (USA), LLC",Crude Oil,INTERSTATE,ILLINOIS,1,0,0,0,1,0,0,0,0,0,0,0,0,0,0,0,0,0,0,0,0,0,0,0,0
9/1/2026,2025,20260613,23221,31720,"EXPRESS HOLDINGS (USA), LLC",Crude Oil,INTERSTATE,KANSAS,0,0,0,0,0,0,0,0,0,0,0,0,0,0,0,0,0,0,0,0,0,0,0,0,0
9/1/2026,2025,20260613,23221,31720,"EXPRESS HOLDINGS (USA), LLC",Crude Oil,INTERSTATE,MISSOURI,0,0,7,0,7,0,0,0,0,0,0,0,0,0,0,0,0,0,0,0,0,0,0,0,0
9/1/2026,2025,20260613,23221,31720,"EXPRESS HOLDINGS (USA), LLC",Crude Oil,INTERSTATE,MONTANA,0,0,12,0,12,0,0,0,0,0,0,0,0,0,0,0,0,0,0,0,0,0,0,0,0
9/1/2026,2025,20260613,23221,31720,"EXPRESS HOLDINGS (USA), LLC",Crude Oil,INTERSTATE,NEBRASKA,0,6,3,0,9,0,0,0,0,0,0,0,0,0,0,0,0,0,0,0,0,0,0,0,0
9/1/2026,2025,20260613,23221,31720,"EXPRESS HOLDINGS (USA), LLC",Crude Oil,INTERSTATE,WYOMING,0,4,13,0,17,0,0,0,0,0,0,0,0,0,0,0,0,0,0,0,0,0,0,0,0
9/1/2026,2025,20260704,23318,31721,PIPELINE TECHNOLOGY,HVL,INTRASTATE,LOUISIANA,0,0,0,0,0,0,0,0,0,0,0,0,0,0,0,0,0,0,0,0,0,0,0,0,0
9/1/2026,2025,20260705,23319,31721,PIPELINE TECHNOLOGY,Refined and/or Petroleum Product (non-HVL),INTRASTATE,LOUISIANA,0,0,0,0,0,0,0,0,0,0,0,0,0,0,0,0,0,0,0,0,0,0,0,0,0
9/1/2026,2025,20260574,23180,31723,EXXON MOBIL CORPORATION,Crude Oil,INTERSTATE,LOUISIANA,0,1,1,0,2,0,0,0,0,0,0,0,0,0,0,0,0,0,0,0,0,0,0,0,0
9/1/2026,2025,20260574,23180,31723,EXXON MOBIL CORPORATION,Crude Oil,INTRASTATE,LOUISIANA,0,0,0,0,0,0,0,0,0,0,0,0,0,0,0,0,0,0,0,0,0,0,0,0,0
9/1/2026,2025,20260576,23182,31723,EXXON MOBIL CORPORATION,Refined and/or Petroleum Product (non-HVL),INTRASTATE,LOUISIANA,0,0,0,0,0,0,0,0,0,0,0,0,0,0,0,0,0,0,0,0,0,0,0,0,0
9/1/2026,2025,20260108,22772,31755,"NOBLE ENERGY, INC. RBU",Crude Oil,INTRASTATE,COLORADO,0,0,0,0,0,,,,,,,,,,,,,,,,,,,,
9/1/2026,2025,20260109,22773,31755,"NOBLE ENERGY, INC. RBU",HVL,INTRASTATE,COLORADO,,,,,,,,,,,0,0,0,0,0,,,,,,,,,,
9/1/2026,2025,20260047,22618,31779,SWISSPORT FUELING INC,Refined and/or Petroleum Product (non-HVL),INTRASTATE,ARIZONA,0,0,0,0,0,0,7,0,0,7,0,0,0,0,0,0,0,0,0,0,0,0,0,0,0
9/1/2026,2025,20260466,23072,31801,TANDEM ENERGY CORPORATION,Crude Oil,INTRASTATE,TEXAS,0,0,0,0,0,,,,,,,,,,,,,,,,,,,,
9/1/2026,2025,20260248,22847,31816,"MID-CONTINENT FRACTIONATION AND STORAGE, L.L.C.",HVL,INTRASTATE,KANSAS,,,,,,,,,,,,,,,,,,,,,,,,,
9/1/2026,2025,20260706,23321,31816,"MID-CONTINENT FRACTIONATION AND STORAGE, L.L.C.",Refined and/or Petroleum Product (non-HVL),INTRASTATE,KANSAS,,,,,,,,,,,,,,,,,,,,,,,,,
9/1/2026,2025,20260626,23234,31822,SUNCOR ENERGY (USA) PIPELINE CO.,Crude Oil,INTERSTATE,COLORADO,0,0,0,0,0,0,0,0,0,0,0,0,0,0,0,0,0,0,0,0,0,0,0,0,0
9/1/2026,2025,20260626,23234,31822,SUNCOR ENERGY (USA) PIPELINE CO.,Crude Oil,INTERSTATE,WYOMING,2,1,0,0,3,0,0,0,0,0,0,0,0,0,0,0,0,0,0,0,0,0,0,0,0
9/1/2026,2025,20260626,23234,31822,SUNCOR ENERGY (USA) PIPELINE CO.,Crude Oil,INTRASTATE,COLORADO,2,0,0,0,2,0,0,0,0,0,0,0,0,0,0,0,0,0,0,0,0,0,0,0,0
9/1/2026,2025,20260626,23234,31822,SUNCOR ENERGY (USA) PIPELINE CO.,Crude Oil,INTRASTATE,WYOMING,2,4,1,0,7,0,0,0,0,0,0,0,0,0,0,0,0,0,0,0,0,0,0,0,0
9/1/2026,2025,20260628,23236,31822,SUNCOR ENERGY (USA) PIPELINE CO.,Refined and/or Petroleum Product (non-HVL),INTRASTATE,COLORADO,0,0,0,0,0,0,0,0,0,0,0,0,0,0,0,0,0,0,0,0,0,0,0,0,0
9/1/2026,2025,20260223,22822,31847,"CALUMET COTTON VALLEY REFINING, LLC.",Refined and/or Petroleum Product (non-HVL),INTRASTATE,LOUISIANA,0,0,0,0,0,1,0,0,0,1,0,0,0,0,0,0,0,0,0,0,0,0,0,0,0
9/1/2026,2025,20260319,22921,31863,HFOTCO LLC,Crude Oil,INTRASTATE,TEXAS,0,0,0,19,19,0,0,0,0,0,0,0,0,0,0,0,0,0,0,0,0,0,0,0,0
9/1/2026,2025,20260064,22636,31875,MERIT ENERGY COMPANY,Crude Oil,INTRASTATE,TEXAS,,,,,,,,,,,,,,,,,,,,,,,,,
9/1/2026,2025,20260607,23215,31878,BRIDGER PIPELINE LLC,Crude Oil,INTERSTATE,MONTANA,3,3,1,1,8,,,,,,,,,,,,,,,,,,,,
9/1/2026,2025,20260607,23215,31878,BRIDGER PIPELINE LLC,Crude Oil,INTERSTATE,NORTH DAKOTA,4,4,5,2,15,,,,,,,,,,,,,,,,,,,,
9/1/2026,2025,20260607,23215,31878,BRIDGER PIPELINE LLC,Crude Oil,INTERSTATE,SOUTH DAKOTA,0,0,0,0,0,,,,,,,,,,,,,,,,,,,,
9/1/2026,2025,20260607,23215,31878,BRIDGER PIPELINE LLC,Crude Oil,INTERSTATE,WYOMING,6,12,5,13,36,,,,,,,,,,,,,,,,,,,,
9/1/2026,2025,20260456,23062,31878,BRIDGER PIPELINE LLC,Refined and/or Petroleum Product (non-HVL),INTERSTATE,WYOMING,,,,,,4,0,0,0,4,,,,,,,,,,,,,,,
9/1/2026,2025,20260361,22967,31914,NGL SUPPLY TERMINAL COMPANY LLC,HVL,INTRASTATE,MICHIGAN,,,,,,,,,,,0,0,0,0,0,,,,,,,,,,
9/1/2026,2025,20260374,22980,31919,MIDSTREAM ENERGY PARTNERS (USA) LLC,HVL,INTRASTATE,CALIFORNIA,0,0,0,0,0,0,0,0,0,0,0,0,0,0,0,0,0,0,0,0,0,0,0,0,0
9/1/2026,2025,20260500,23106,31926,COPANO PIPELINES/UPPER GULF COAST LLC,HVL,INTRASTATE,TEXAS,,,,,,,,,,,0,0,0,0,0,,,,,,,,,,
9/1/2026,2025,20260307,22909,31933,CALCASIEU REFINING COMPANY,Refined and/or Petroleum Product (non-HVL),INTRASTATE,LOUISIANA,0,0,0,0,0,0,0,0,0,0,0,0,0,0,0,0,0,0,0,0,0,0,0,0,0
9/1/2026,2025,20260030,22596,31943,COLT MIDSTREAM LLC,HVL,INTRASTATE,TEXAS,,,,,,,,,,,0,0,0,0,0,,,,,,,,,,
9/1/2026,2025,20260609,23217,31947,ENBRIDGE PIPELINES (OZARK) L.L.C.,Crude Oil,INTRASTATE,KANSAS,0,0,0,0,0,0,0,0,0,0,0,0,0,0,0,0,0,0,0,0,0,0,0,0,0
9/1/2026,2025,20260609,23217,31947,ENBRIDGE PIPELINES (OZARK) L.L.C.,Crude Oil,INTRASTATE,OKLAHOMA,0,0,0,0,0,0,0,0,0,0,0,0,0,0,0,0,0,0,0,0,0,0,0,0,0
9/1/2026,2025,20260017,22577,31948,ENBRIDGE STORAGE (PATOKA) L.L.C.,Crude Oil,INTERSTATE,ILLINOIS,2,0,4,0,6,0,0,0,0,0,0,0,0,0,0,0,0,0,0,0,0,0,0,0,0
9/1/2026,2025,20260390,22996,31957,KINDER MORGAN WINK PIPELINE LLC,Crude Oil,INTERSTATE,TEXAS,0,5,2,0,7,0,0,0,0,0,0,0,0,0,0,0,0,0,0,0,0,0,0,0,0
9/1/2026,2025,20260390,22996,31957,KINDER MORGAN WINK PIPELINE LLC,Crude Oil,INTRASTATE,TEXAS,0,0,0,0,0,0,0,0,0,0,0,0,0,0,0,0,0,0,0,0,0,0,0,0,0
9/1/2026,2025,20260564,23170,31970,"CONOCOPHILLIPS ALASKA, INC.",Refined and/or Petroleum Product (non-HVL),INTRASTATE,ALASKA,,,,,,0,0,0,0,0,,,,,,,,,,,,,,,
9/1/2026,2025,20260345,22947,31994,"PANTHER OPERATING COMPANY, LLC",Crude Oil,INTERSTATE,LOUISIANA,0,0,0,0,0,0,0,0,0,0,0,0,0,0,0,0,0,0,0,0,0,0,0,0,0
9/1/2026,2025,20260345,22947,31994,"PANTHER OPERATING COMPANY, LLC",Crude Oil,INTERSTATE,OCS-Gulf of America,0,0,0,0,0,0,0,0,0,0,0,0,0,0,0,0,0,0,0,0,0,0,0,0,0
9/1/2026,2025,20260387,22993,32005,"ENLINK PROCESSING SERVICES, LLC",HVL,INTERSTATE,LOUISIANA,0,0,0,0,0,0,0,0,0,0,0,0,0,0,0,0,0,0,0,0,0,0,0,0,0
9/1/2026,2025,20260387,22993,32005,"ENLINK PROCESSING SERVICES, LLC",HVL,INTERSTATE,TEXAS,0,0,0,0,0,0,0,0,0,0,0,0,0,0,0,0,0,0,0,0,0,0,0,0,0
9/1/2026,2025,20260387,22993,32005,"ENLINK PROCESSING SERVICES, LLC",HVL,INTRASTATE,LOUISIANA,0,0,0,0,0,0,0,0,0,0,0,0,0,0,0,0,0,0,0,0,0,0,0,0,0
9/1/2026,2025,20260385,22991,32005,"ENLINK PROCESSING SERVICES, LLC",Refined and/or Petroleum Product (non-HVL),INTRASTATE,LOUISIANA,0,0,0,0,0,0,0,0,0,0,0,0,0,0,0,0,0,0,0,0,0,0,0,0,0
9/1/2026,2025,20260003,22560,32007,"SUPERIOR MIDSTREAM, LLC",HVL,INTRASTATE,OKLAHOMA,,,,,,,,,,,0,0,0,0,0,,,,,,,,,,
9/1/2026,2025,20260627,23235,32011,"HOLLY ENERGY PARTNERS - OPERATING, L.P.",Crude Oil,INTERSTATE,KANSAS,0,5,6,0,11,,,,,,,,,,,,,,,,,,,,
9/1/2026,2025,20260627,23235,32011,"HOLLY ENERGY PARTNERS - OPERATING, L.P.",Crude Oil,INTERSTATE,NEW MEXICO,0,1,1,1,3,,,,,,,,,,,,,,,,,,,,
9/1/2026,2025,20260627,23235,32011,"HOLLY ENERGY PARTNERS - OPERATING, L.P.",Crude Oil,INTERSTATE,TEXAS,0,0,0,0,0,,,,,,,,,,,,,,,,,,,,
9/1/2026,2025,20260627,23235,32011,"HOLLY ENERGY PARTNERS - OPERATING, L.P.",Crude Oil,INTERSTATE,UTAH,1,2,1,0,4,,,,,,,,,,,,,,,,,,,,
9/1/2026,2025,20260627,23235,32011,"HOLLY ENERGY PARTNERS - OPERATING, L.P.",Crude Oil,INTERSTATE,WYOMING,3,0,0,0,3,,,,,,,,,,,,,,,,,,,,
9/1/2026,2025,20260627,23235,32011,"HOLLY ENERGY PARTNERS - OPERATING, L.P.",Crude Oil,INTRASTATE,KANSAS,0,0,0,0,0,,,,,,,,,,,,,,,,,,,,
9/1/2026,2025,20260627,23235,32011,"HOLLY ENERGY PARTNERS - OPERATING, L.P.",Crude Oil,INTRASTATE,NEW MEXICO,5,2,0,0,7,,,,,,,,,,,,,,,,,,,,
9/1/2026,2025,20260627,23235,32011,"HOLLY ENERGY PARTNERS - OPERATING, L.P.",Crude Oil,INTRASTATE,TEXAS,3,2,0,0,5,,,,,,,,,,,,,,,,,,,,
9/1/2026,2025,20260627,23235,32011,"HOLLY ENERGY PARTNERS - OPERATING, L.P.",Crude Oil,INTRASTATE,UTAH,0,0,0,0,0,,,,,,,,,,,,,,,,,,,,
9/1/2026,2025,20260683,23294,32011,"HOLLY ENERGY PARTNERS - OPERATING, L.P.",Refined and/or Petroleum Product (non-HVL),INTERSTATE,IDAHO,0,0,0,0,0,4,0,0,0,4,0,0,0,0,0,,,,,,,,,,
9/1/2026,2025,20260683,23294,32011,"HOLLY ENERGY PARTNERS - OPERATING, L.P.",Refined and/or Petroleum Product (non-HVL),INTERSTATE,NEBRASKA,0,0,0,0,0,0,0,0,0,0,0,0,0,0,0,,,,,,,,,,
9/1/2026,2025,20260683,23294,32011,"HOLLY ENERGY PARTNERS - OPERATING, L.P.",Refined and/or Petroleum Product (non-HVL),INTERSTATE,NEW MEXICO,0,0,0,0,0,0,0,0,0,0,0,0,0,0,0,,,,,,,,,,
9/1/2026,2025,20260683,23294,32011,"HOLLY ENERGY PARTNERS - OPERATING, L.P.",Refined and/or Petroleum Product (non-HVL),INTERSTATE,TEXAS,0,0,0,0,0,12,4,0,0,16,0,0,0,0,0,,,,,,,,,,
9/1/2026,2025,20260683,23294,32011,"HOLLY ENERGY PARTNERS - OPERATING, L.P.",Refined and/or Petroleum Product (non-HVL),INTERSTATE,UTAH,0,0,0,0,0,0,0,0,0,0,0,0,0,0,0,,,,,,,,,,
9/1/2026,2025,20260683,23294,32011,"HOLLY ENERGY PARTNERS - OPERATING, L.P.",Refined and/or Petroleum Product (non-HVL),INTERSTATE,WYOMING,0,0,0,0,0,3,0,2,0,5,0,0,0,0,0,,,,,,,,,,
9/1/2026,2025,20260683,23294,32011,"HOLLY ENERGY PARTNERS - OPERATING, L.P.",Refined and/or Petroleum Product (non-HVL),INTRASTATE,IDAHO,0,0,0,0,0,0,0,0,0,0,0,0,0,0,0,,,,,,,,,,
9/1/2026,2025,20260683,23294,32011,"HOLLY ENERGY PARTNERS - OPERATING, L.P.",Refined and/or Petroleum Product (non-HVL),INTRASTATE,NEW MEXICO,0,0,0,0,0,4,1,0,0,5,0,0,0,0,0,,,,,,,,,,
9/1/2026,2025,20260683,23294,32011,"HOLLY ENERGY PARTNERS - OPERATING, L.P.",Refined and/or Petroleum Product (non-HVL),INTRASTATE,OKLAHOMA,0,0,0,0,0,0,0,0,0,0,0,0,0,0,0,,,,,,,,,,
9/1/2026,2025,20260683,23294,32011,"HOLLY ENERGY PARTNERS - OPERATING, L.P.",Refined and/or Petroleum Product (non-HVL),INTRASTATE,TEXAS,0,0,0,0,0,9,1,0,0,10,0,0,0,0,0,,,,,,,,,,
9/1/2026,2025,20260683,23294,32011,"HOLLY ENERGY PARTNERS - OPERATING, L.P.",Refined and/or Petroleum Product (non-HVL),INTRASTATE,UTAH,0,0,0,0,0,0,0,0,0,0,0,0,0,0,0,,,,,,,,,,
9/1/2026,2025,20260683,23294,32011,"HOLLY ENERGY PARTNERS - OPERATING, L.P.",Refined and/or Petroleum Product (non-HVL),INTRASTATE,WYOMING,0,0,0,0,0,1,1,0,0,2,0,0,0,0,0,,,,,,,,,,
9/1/2026,2025,20260169,22762,32051,"MARTIN OPERATING PARTNERSHIP, L.P.",Refined and/or Petroleum Product (non-HVL),INTRASTATE,TEXAS,,,,,,,1,,,1,,,,,,,,,,,,,,,
9/1/2026,2025,20260152,22745,32052,"WHITE MARLIN OPERATING COMPANY, LLC",Crude Oil,INTRASTATE,TEXAS,0,0,0,0,0,0,0,0,0,0,0,0,0,0,0,0,0,0,0,0,0,0,0,0,0
9/1/2026,2025,20260142,22735,32062,IMTT-PIPELINE,Refined and/or Petroleum Product (non-HVL),INTERSTATE,NEW JERSEY,0,0,0,0,0,1,0,0,0,1,0,0,0,0,0,0,0,0,0,0,0,0,0,0,0
9/1/2026,2025,20260142,22735,32062,IMTT-PIPELINE,Refined and/or Petroleum Product (non-HVL),INTERSTATE,NEW YORK,0,0,0,0,0,0,0,0,0,0,0,0,0,0,0,0,0,0,0,0,0,0,0,0,0
9/1/2026,2025,20260597,23205,32080,"CCPS TRANSPORTATION, LLC",Crude Oil,INTERSTATE,ILLINOIS,0,0,0,0,0,0,0,0,0,0,0,0,0,0,0,0,0,0,0,0,0,0,0,0,0
9/1/2026,2025,20260597,23205,32080,"CCPS TRANSPORTATION, LLC",Crude Oil,INTERSTATE,KANSAS,0,0,0,0,0,0,0,0,0,0,0,0,0,0,0,0,0,0,0,0,0,0,0,0,0
9/1/2026,2025,20260597,23205,32080,"CCPS TRANSPORTATION, LLC",Crude Oil,INTERSTATE,MISSOURI,0,0,0,0,0,0,0,0,0,0,0,0,0,0,0,0,0,0,0,0,0,0,0,0,0
9/1/2026,2025,20260597,23205,32080,"CCPS TRANSPORTATION, LLC",Crude Oil,INTERSTATE,OKLAHOMA,0,0,0,0,0,0,0,0,0,0,0,0,0,0,0,0,0,0,0,0,0,0,0,0,0
9/1/2026,2025,20260556,23162,32083,"DCOR, LLC",Crude Oil,INTERSTATE,CALIFORNIA,,,,,,,,,,,,,,,,,,,,,,,,,
9/1/2026,2025,20260556,23162,32083,"DCOR, LLC",Crude Oil,INTERSTATE,OCS-Pacific,,,,,,,,,,,,,,,,,,,,,,,,,
9/1/2026,2025,20260556,23162,32083,"DCOR, LLC",Crude Oil,INTRASTATE,CALIFORNIA,0,0,0,0,0,0,0,0,0,0,0,0,0,0,0,0,0,0,0,0,0,0,0,0,0
9/1/2026,2025,20260645,23253,32094,AUX SABLE LIQUID PRODUCTS,HVL,INTRASTATE,ILLINOIS,0,0,0,0,0,0,0,0,0,0,0,0,0,0,0,0,0,0,0,0,0,0,0,0,0
9/1/2026,2025,20260654,23262,32095,"LBC HOUSTON, L.P.",Crude Oil,INTRASTATE,TEXAS,,,,2,2,,,,,,,,,,,,,,,,,,,,
9/1/2026,2025,20260655,23263,32095,"LBC HOUSTON, L.P.",HVL,INTRASTATE,TEXAS,,,,,,,,,,,0,0,0,0,0,,,,,,,,,,
9/1/2026,2025,20260656,23264,32095,"LBC HOUSTON, L.P.",Refined and/or Petroleum Product (non-HVL),INTRASTATE,TEXAS,,,,,,2,1,1,0,4,,,,,,,,,,,,,,,
9/1/2026,2025,20260308,22910,32099,ENERGY TRANSFER COMPANY,Crude Oil,INTERSTATE,LOUISIANA,0,0,0,0,0,0,0,0,0,0,0,0,0,0,0,0,0,0,0,0,0,0,0,0,0
9/1/2026,2025,20260308,22910,32099,ENERGY TRANSFER COMPANY,Crude Oil,INTERSTATE,MICHIGAN,0,2,3,1,6,0,0,0,0,0,0,0,0,0,0,0,0,0,0,0,0,0,0,0,0
9/1/2026,2025,20260308,22910,32099,ENERGY TRANSFER COMPANY,Crude Oil,INTERSTATE,NEW MEXICO,3,7,0,0,10,0,0,0,0,0,0,0,0,0,0,0,0,0,0,0,0,0,0,0,0
9/1/2026,2025,20260308,22910,32099,ENERGY TRANSFER COMPANY,Crude Oil,INTERSTATE,OHIO,0,0,0,0,0,0,0,0,0,0,0,0,0,0,0,0,0,0,0,0,0,0,0,0,0
9/1/2026,2025,20260308,22910,32099,ENERGY TRANSFER COMPANY,Crude Oil,INTERSTATE,OKLAHOMA,0,2,2,1,5,0,0,0,0,0,0,0,0,0,0,0,0,0,0,0,0,0,0,0,0
9/1/2026,2025,20260308,22910,32099,ENERGY TRANSFER COMPANY,Crude Oil,INTERSTATE,TEXAS,3,6,6,4,19,0,0,0,0,0,0,0,0,0,0,0,0,0,0,0,0,0,0,0,0
9/1/2026,2025,20260308,22910,32099,ENERGY TRANSFER COMPANY,Crude Oil,INTRASTATE,NEW MEXICO,2,0,0,0,2,0,0,0,0,0,0,0,0,0,0,0,0,0,0,0,0,0,0,0,0
9/1/2026,2025,20260308,22910,32099,ENERGY TRANSFER COMPANY,Crude Oil,INTRASTATE,OKLAHOMA,14,8,1,0,23,0,0,0,0,0,0,0,0,0,0,0,0,0,0,0,0,0,0,0,0
9/1/2026,2025,20260308,22910,32099,ENERGY TRANSFER COMPANY,Crude Oil,INTRASTATE,TEXAS,30,93,18,18,159,0,0,0,0,0,0,0,0,0,0,0,0,0,0,0,0,0,0,0,0
9/1/2026,2025,20260310,22912,32099,ENERGY TRANSFER COMPANY,HVL,INTERSTATE,NEW MEXICO,0,0,0,0,0,0,0,0,0,0,0,0,0,0,0,0,0,0,0,0,0,0,0,0,0
9/1/2026,2025,20260310,22912,32099,ENERGY TRANSFER COMPANY,HVL,INTERSTATE,TEXAS,0,0,0,0,0,0,0,0,0,0,0,0,0,0,0,0,0,0,0,0,0,0,0,0,0
9/1/2026,2025,20260310,22912,32099,ENERGY TRANSFER COMPANY,HVL,INTRASTATE,LOUISIANA,0,0,0,0,0,0,0,0,0,0,0,0,0,0,0,0,0,0,0,0,0,0,0,0,0
9/1/2026,2025,20260310,22912,32099,ENERGY TRANSFER COMPANY,HVL,INTRASTATE,NEW MEXICO,0,0,0,0,0,0,0,0,0,0,0,0,0,0,0,0,0,0,0,0,0,0,0,0,0
9/1/2026,2025,20260310,22912,32099,ENERGY TRANSFER COMPANY,HVL,INTRASTATE,OKLAHOMA,0,0,0,0,0,0,0,0,0,0,0,0,0,0,0,0,0,0,0,0,0,0,0,0,0
9/1/2026,2025,20260310,22912,32099,ENERGY TRANSFER COMPANY,HVL,INTRASTATE,PENNSYLVANIA,0,0,0,0,0,0,0,0,0,0,0,0,0,0,0,0,0,0,0,0,0,0,0,0,0
9/1/2026,2025,20260310,22912,32099,ENERGY TRANSFER COMPANY,HVL,INTRASTATE,TEXAS,0,0,0,0,0,0,0,0,0,0,0,0,0,0,0,0,0,0,0,0,0,0,0,0,0
9/1/2026,2025,20260309,22911,32099,ENERGY TRANSFER COMPANY,Refined and/or Petroleum Product (non-HVL),INTRASTATE,TEXAS,0,0,0,0,0,1,2,0,8,11,0,0,0,0,0,0,0,0,0,0,0,0,0,0,0
9/1/2026,2025,20260698,23309,32103,CRIMSON PIPELINE L.P.,Crude Oil,INTRASTATE,CALIFORNIA,5,7,5,3,20,,,,,,,,,,,,,,,,,,,,
9/1/2026,2025,20260395,23001,32109,"ONEOK NGL PIPELINE, LLC",HVL,INTERSTATE,COLORADO,0,0,0,0,0,0,0,0,0,0,0,0,0,0,0,0,0,0,0,0,0,0,0,0,0
9/1/2026,2025,20260395,23001,32109,"ONEOK NGL PIPELINE, LLC",HVL,INTERSTATE,ILLINOIS,0,0,0,0,0,0,0,0,0,0,26,2,0,0,28,0,0,0,0,0,0,0,0,0,0
9/1/2026,2025,20260395,23001,32109,"ONEOK NGL PIPELINE, LLC",HVL,INTERSTATE,INDIANA,0,0,0,0,0,0,0,0,0,0,0,0,0,0,0,0,0,0,0,0,0,0,0,0,0
9/1/2026,2025,20260395,23001,32109,"ONEOK NGL PIPELINE, LLC",HVL,INTERSTATE,IOWA,0,0,0,0,0,0,0,0,0,0,0,0,0,0,0,0,0,0,0,0,0,0,0,0,0
9/1/2026,2025,20260395,23001,32109,"ONEOK NGL PIPELINE, LLC",HVL,INTERSTATE,KANSAS,0,0,0,0,0,0,0,0,0,0,0,0,0,0,0,0,0,0,0,0,0,0,0,0,0
9/1/2026,2025,20260395,23001,32109,"ONEOK NGL PIPELINE, LLC",HVL,INTERSTATE,MISSOURI,0,0,0,0,0,0,0,0,0,0,0,0,0,0,0,0,0,0,0,0,0,0,0,0,0
9/1/2026,2025,20260395,23001,32109,"ONEOK NGL PIPELINE, LLC",HVL,INTERSTATE,MONTANA,0,0,0,0,0,0,0,0,0,0,0,0,0,0,0,0,0,0,0,0,0,0,0,0,0
9/1/2026,2025,20260395,23001,32109,"ONEOK NGL PIPELINE, LLC",HVL,INTERSTATE,NEBRASKA,0,0,0,0,0,0,0,0,0,0,0,0,0,0,0,0,0,0,0,0,0,0,0,0,0
9/1/2026,2025,20260395,23001,32109,"ONEOK NGL PIPELINE, LLC",HVL,INTERSTATE,NEW MEXICO,0,0,0,0,0,0,0,0,0,0,0,0,0,0,0,0,0,0,0,0,0,0,0,0,0
9/1/2026,2025,20260395,23001,32109,"ONEOK NGL PIPELINE, LLC",HVL,INTERSTATE,NORTH DAKOTA,0,0,0,0,0,0,0,0,0,0,0,0,0,0,0,0,0,0,0,0,0,0,0,0,0
9/1/2026,2025,20260395,23001,32109,"ONEOK NGL PIPELINE, LLC",HVL,INTERSTATE,OKLAHOMA,0,0,0,0,0,0,0,0,0,0,0,0,0,0,0,0,0,0,0,0,0,0,0,0,0
9/1/2026,2025,20260395,23001,32109,"ONEOK NGL PIPELINE, LLC",HVL,INTERSTATE,TEXAS,0,0,0,0,0,0,0,0,0,0,0,0,0,0,0,0,0,0,0,0,0,0,0,0,0
9/1/2026,2025,20260395,23001,32109,"ONEOK NGL PIPELINE, LLC",HVL,INTERSTATE,WYOMING,0,0,0,0,0,0,0,0,0,0,0,0,0,0,0,0,0,0,0,0,0,0,0,0,0
9/1/2026,2025,20260395,23001,32109,"ONEOK NGL PIPELINE, LLC",HVL,INTRASTATE,KANSAS,0,0,0,0,0,0,0,0,0,0,4,0,0,0,4,0,0,0,0,0,0,0,0,0,0
9/1/2026,2025,20260395,23001,32109,"ONEOK NGL PIPELINE, LLC",HVL,INTRASTATE,OKLAHOMA,0,0,0,0,0,0,0,0,0,0,0,0,0,0,0,0,0,0,0,0,0,0,0,0,0
9/1/2026,2025,20260395,23001,32109,"ONEOK NGL PIPELINE, LLC",HVL,INTRASTATE,TEXAS,0,0,0,0,0,0,0,0,0,0,0,0,0,0,0,0,0,0,0,0,0,0,0,0,0
9/1/2026,2025,20260396,23002,32109,"ONEOK NGL PIPELINE, LLC",Refined and/or Petroleum Product (non-HVL),INTERSTATE,ILLINOIS,,,,,,2,0,0,0,2,0,0,0,0,0,,,,,,,,,,
9/1/2026,2025,20260396,23002,32109,"ONEOK NGL PIPELINE, LLC",Refined and/or Petroleum Product (non-HVL),INTERSTATE,IOWA,0,0,0,0,0,0,0,0,0,0,0,0,0,0,0,0,0,0,0,0,0,0,0,0,0
9/1/2026,2025,20260396,23002,32109,"ONEOK NGL PIPELINE, LLC",Refined and/or Petroleum Product (non-HVL),INTERSTATE,KANSAS,0,0,0,0,0,0,0,0,0,0,0,0,0,0,0,0,0,0,0,0,0,0,0,0,0
9/1/2026,2025,20260396,23002,32109,"ONEOK NGL PIPELINE, LLC",Refined and/or Petroleum Product (non-HVL),INTERSTATE,NEBRASKA,0,0,0,0,0,0,0,0,0,0,0,0,0,0,0,0,0,0,0,0,0,0,0,0,0
9/1/2026,2025,20260396,23002,32109,"ONEOK NGL PIPELINE, LLC",Refined and/or Petroleum Product (non-HVL),INTRASTATE,TEXAS,0,0,0,0,0,0,0,0,0,0,0,0,0,0,0,0,0,0,0,0,0,0,0,0,0
9/1/2026,2025,20260515,23121,32114,COPANO NGL SERVICES LLC,HVL,INTRASTATE,TEXAS,0,0,0,0,0,0,0,0,0,0,0,0,0,0,0,0,0,0,0,0,0,0,0,0,0
9/1/2026,2025,20260381,22987,32117,"ASCENSION PIPELINE COMPANY, LLC",Refined and/or Petroleum Product (non-HVL),INTRASTATE,LOUISIANA,0,0,0,0,0,0,0,0,0,0,0,0,0,0,0,0,0,0,0,0,0,0,0,0,0
9/1/2026,2025,20260009,22569,32120,NORTHVILLE INDUSTRIES CORP.,Refined and/or Petroleum Product (non-HVL),INTRASTATE,NEW YORK,,,,,,2,5,1,1,9,,,,,,,,,,,,,,,
9/1/2026,2025,20260111,22698,32135,PHILLIPS 66 COMPANY - LOS ANGELES REFINERY,Crude Oil,INTRASTATE,CALIFORNIA,1,,,,1,,,,,,,,,,,,,,,,,,,,
9/1/2026,2025,20260112,22699,32135,PHILLIPS 66 COMPANY - LOS ANGELES REFINERY,Refined and/or Petroleum Product (non-HVL),INTRASTATE,CALIFORNIA,,,,,,3,1,1,,5,,,,,,,,,,,,,,,
9/1/2026,2025,20260508,23404,32147,MARATHON PIPE LINE LLC,Crude Oil,INTERSTATE,COLORADO,0,0,0,0,0,0,0,0,0,0,0,0,0,0,0,0,0,0,0,0,0,0,0,0,0
9/1/2026,2025,20260508,23404,32147,MARATHON PIPE LINE LLC,Crude Oil,INTERSTATE,ILLINOIS,0,2,20,20,42,0,0,0,0,0,0,0,0,0,0,0,0,0,0,0,0,0,0,0,0
9/1/2026,2025,20260508,23404,32147,MARATHON PIPE LINE LLC,Crude Oil,INTERSTATE,INDIANA,0,0,3,0,3,0,0,0,0,0,0,0,0,0,0,0,0,0,0,0,0,0,0,0,0
9/1/2026,2025,20260508,23404,32147,MARATHON PIPE LINE LLC,Crude Oil,INTERSTATE,KENTUCKY,0,0,3,5,8,0,0,0,0,0,0,0,0,0,0,0,0,0,0,0,0,0,0,0,0
9/1/2026,2025,20260508,23404,32147,MARATHON PIPE LINE LLC,Crude Oil,INTERSTATE,LOUISIANA,0,0,0,7,7,0,0,0,0,0,0,0,0,0,0,0,0,0,0,0,0,0,0,0,0
9/1/2026,2025,20260508,23404,32147,MARATHON PIPE LINE LLC,Crude Oil,INTERSTATE,MICHIGAN,2,3,2,1,8,0,0,0,0,0,0,0,0,0,0,0,0,0,0,0,0,0,0,0,0
9/1/2026,2025,20260508,23404,32147,MARATHON PIPE LINE LLC,Crude Oil,INTERSTATE,MISSISSIPPI,0,0,0,0,0,0,0,0,0,0,0,0,0,0,0,0,0,0,0,0,0,0,0,0,0
9/1/2026,2025,20260508,23404,32147,MARATHON PIPE LINE LLC,Crude Oil,INTERSTATE,MISSOURI,0,0,0,0,0,0,0,0,0,0,0,0,0,0,0,0,0,0,0,0,0,0,0,0,0
9/1/2026,2025,20260508,23404,32147,MARATHON PIPE LINE LLC,Crude Oil,INTERSTATE,OHIO,2,4,4,0,10,0,0,0,0,0,0,0,0,0,0,0,0,0,0,0,0,0,0,0,0
9/1/2026,2025,20260508,23404,32147,MARATHON PIPE LINE LLC,Crude Oil,INTERSTATE,OKLAHOMA,0,0,0,0,0,0,0,0,0,0,0,0,0,0,0,0,0,0,0,0,0,0,0,0,0
9/1/2026,2025,20260508,23404,32147,MARATHON PIPE LINE LLC,Crude Oil,INTERSTATE,TENNESSEE,0,0,0,0,0,0,0,0,0,0,0,0,0,0,0,0,0,0,0,0,0,0,0,0,0
9/1/2026,2025,20260508,23404,32147,MARATHON PIPE LINE LLC,Crude Oil,INTERSTATE,TEXAS,0,0,1,2,3,,,,,,,,,,,,,,,,,,,,
9/1/2026,2025,20260508,23404,32147,MARATHON PIPE LINE LLC,Crude Oil,INTERSTATE,UTAH,0,3,0,0,3,0,0,0,0,0,0,0,0,0,0,0,0,0,0,0,0,0,0,0,0
9/1/2026,2025,20260508,23404,32147,MARATHON PIPE LINE LLC,Crude Oil,INTERSTATE,WEST VIRGINIA,0,0,0,0,0,0,0,0,0,0,0,0,0,0,0,0,0,0,0,0,0,0,0,0,0
9/1/2026,2025,20260508,23404,32147,MARATHON PIPE LINE LLC,Crude Oil,INTERSTATE,WYOMING,3,2,0,0,5,0,0,0,0,0,0,0,0,0,0,0,0,0,0,0,0,0,0,0,0
9/1/2026,2025,20260508,23404,32147,MARATHON PIPE LINE LLC,Crude Oil,INTRASTATE,CALIFORNIA,3,2,11,8,24,0,0,0,0,0,0,0,0,0,0,0,0,0,0,0,0,0,0,0,0
9/1/2026,2025,20260508,23404,32147,MARATHON PIPE LINE LLC,Crude Oil,INTRASTATE,COLORADO,0,0,0,0,0,0,0,0,0,0,0,0,0,0,0,0,0,0,0,0,0,0,0,0,0
9/1/2026,2025,20260508,23404,32147,MARATHON PIPE LINE LLC,Crude Oil,INTRASTATE,ILLINOIS,0,0,0,0,0,,,,,,,,,,,,,,,,,,,,
9/1/2026,2025,20260508,23404,32147,MARATHON PIPE LINE LLC,Crude Oil,INTRASTATE,KENTUCKY,0,0,0,0,0,,,,,,,,,,,,,,,,,,,,
9/1/2026,2025,20260508,23404,32147,MARATHON PIPE LINE LLC,Crude Oil,INTRASTATE,MINNESOTA,0,8,1,0,9,,,,,,,,,,,,,,,,,,,,
9/1/2026,2025,20260508,23404,32147,MARATHON PIPE LINE LLC,Crude Oil,INTRASTATE,OHIO,0,0,0,0,0,,,,,,,,,,,,,,,,,,,,
9/1/2026,2025,20260508,23404,32147,MARATHON PIPE LINE LLC,Crude Oil,INTRASTATE,TEXAS,0,0,0,2,2,,,,,,,,,,,,,,,,,,,,
9/1/2026,2025,20260508,23404,32147,MARATHON PIPE LINE LLC,Crude Oil,INTRASTATE,UTAH,0,4,1,0,5,,,,,,,,,,,,,,,,,,,,
9/1/2026,2025,20260508,23404,32147,MARATHON PIPE LINE LLC,Crude Oil,INTRASTATE,WYOMING,0,0,0,0,0,,,,,,,,,,,,,,,,,,,,
9/1/2026,2025,20260493,23393,32147,MARATHON PIPE LINE LLC,HVL,INTERSTATE,ILLINOIS,0,0,0,0,0,0,0,0,0,0,2,0,0,0,2,0,0,0,0,0,0,0,0,0,0
9/1/2026,2025,20260493,23393,32147,MARATHON PIPE LINE LLC,HVL,INTERSTATE,INDIANA,0,0,0,0,0,0,0,0,0,0,0,0,0,0,0,0,0,0,0,0,0,0,0,0,0
9/1/2026,2025,20260493,23393,32147,MARATHON PIPE LINE LLC,HVL,INTERSTATE,KENTUCKY,,,,,,,,,,,0,0,0,0,0,,,,,,,,,,
9/1/2026,2025,20260493,23393,32147,MARATHON PIPE LINE LLC,HVL,INTERSTATE,NEW MEXICO,,,,,,,,,,,0,0,0,0,0,,,,,,,,,,
9/1/2026,2025,20260493,23393,32147,MARATHON PIPE LINE LLC,HVL,INTERSTATE,TEXAS,,,,,,,,,,,0,0,0,0,0,,,,,,,,,,
9/1/2026,2025,20260493,23393,32147,MARATHON PIPE LINE LLC,HVL,INTERSTATE,WEST VIRGINIA,,,,,,,,,,,0,0,0,0,0,,,,,,,,,,
9/1/2026,2025,20260493,23393,32147,MARATHON PIPE LINE LLC,HVL,INTRASTATE,CALIFORNIA,,,,,,,,,,,0,0,0,0,0,,,,,,,,,,
9/1/2026,2025,20260493,23393,32147,MARATHON PIPE LINE LLC,HVL,INTRASTATE,MICHIGAN,0,0,0,0,0,0,0,0,0,0,5,0,0,0,5,0,0,0,0,0,0,0,0,0,0
9/1/2026,2025,20260493,23393,32147,MARATHON PIPE LINE LLC,HVL,INTRASTATE,TEXAS,,,,,,,,,,,2,0,0,0,2,,,,,,,,,,
9/1/2026,2025,20260517,23123,32147,MARATHON PIPE LINE LLC,Refined and/or Petroleum Product (non-HVL),INTERSTATE,ARKANSAS,0,0,0,0,0,0,0,0,0,0,0,0,0,0,0,0,0,0,0,0,0,0,0,0,0
9/1/2026,2025,20260517,23123,32147,MARATHON PIPE LINE LLC,Refined and/or Petroleum Product (non-HVL),INTERSTATE,IDAHO,0,0,0,0,0,17,2,0,0,19,0,0,0,0,0,0,0,0,0,0,0,0,0,0,0
9/1/2026,2025,20260517,23123,32147,MARATHON PIPE LINE LLC,Refined and/or Petroleum Product (non-HVL),INTERSTATE,ILLINOIS,0,0,0,0,0,9,5,6,3,23,0,0,0,0,0,0,0,0,0,0,0,0,0,0,0
9/1/2026,2025,20260517,23123,32147,MARATHON PIPE LINE LLC,Refined and/or Petroleum Product (non-HVL),INTERSTATE,INDIANA,0,0,0,0,0,9,5,6,3,23,0,0,0,0,0,0,0,0,0,0,0,0,0,0,0
9/1/2026,2025,20260517,23123,32147,MARATHON PIPE LINE LLC,Refined and/or Petroleum Product (non-HVL),INTERSTATE,KENTUCKY,0,0,0,0,0,13,11,0,0,24,0,0,0,0,0,0,0,0,0,0,0,0,0,0,0
9/1/2026,2025,20260517,23123,32147,MARATHON PIPE LINE LLC,Refined and/or Petroleum Product (non-HVL),INTERSTATE,LOUISIANA,0,0,0,0,0,3,2,17,9,31,0,0,0,0,0,0,0,0,0,0,0,0,0,0,0
9/1/2026,2025,20260517,23123,32147,MARATHON PIPE LINE LLC,Refined and/or Petroleum Product (non-HVL),INTERSTATE,MICHIGAN,0,0,0,0,0,2,,0,1,3,0,0,0,0,0,0,0,0,0,0,0,0,0,0,0
9/1/2026,2025,20260517,23123,32147,MARATHON PIPE LINE LLC,Refined and/or Petroleum Product (non-HVL),INTERSTATE,MISSISSIPPI,0,0,0,0,0,0,0,0,0,0,0,0,0,0,0,0,0,0,0,0,0,0,0,0,0
9/1/2026,2025,20260517,23123,32147,MARATHON PIPE LINE LLC,Refined and/or Petroleum Product (non-HVL),INTERSTATE,OHIO,0,0,0,0,0,32,21,2,1,56,5,0,0,0,5,0,0,0,0,0,0,0,0,0,0
9/1/2026,2025,20260517,23123,32147,MARATHON PIPE LINE LLC,Refined and/or Petroleum Product (non-HVL),INTERSTATE,OREGON,0,0,0,0,0,0,0,0,0,0,0,0,0,0,0,0,0,0,0,0,0,0,0,0,0
9/1/2026,2025,20260517,23123,32147,MARATHON PIPE LINE LLC,Refined and/or Petroleum Product (non-HVL),INTERSTATE,PENNSYLVANIA,0,0,0,0,0,2,5,0,0,7,0,0,0,0,0,0,0,0,0,0,0,0,0,0,0
9/1/2026,2025,20260517,23123,32147,MARATHON PIPE LINE LLC,Refined and/or Petroleum Product (non-HVL),INTERSTATE,TENNESSEE,0,0,0,0,0,4,2,0,0,6,0,0,0,0,0,0,0,0,0,0,0,0,0,0,0
9/1/2026,2025,20260517,23123,32147,MARATHON PIPE LINE LLC,Refined and/or Petroleum Product (non-HVL),INTERSTATE,TEXAS,0,0,0,0,0,2,3,4,6,15,0,0,0,0,0,0,0,0,0,0,0,0,0,0,0
9/1/2026,2025,20260517,23123,32147,MARATHON PIPE LINE LLC,Refined and/or Petroleum Product (non-HVL),INTERSTATE,UTAH,0,0,0,0,0,1,0,0,0,1,0,0,0,0,0,0,0,0,0,0,0,0,0,0,0
9/1/2026,2025,20260517,23123,32147,MARATHON PIPE LINE LLC,Refined and/or Petroleum Product (non-HVL),INTERSTATE,WASHINGTON,0,0,0,0,0,17,2,0,0,19,0,0,0,0,0,0,0,0,0,0,0,0,0,0,0
9/1/2026,2025,20260517,23123,32147,MARATHON PIPE LINE LLC,Refined and/or Petroleum Product (non-HVL),INTERSTATE,WEST VIRGINIA,0,0,0,0,0,2,5,2,2,11,0,0,0,0,0,0,0,0,0,0,0,0,0,0,0
9/1/2026,2025,20260517,23123,32147,MARATHON PIPE LINE LLC,Refined and/or Petroleum Product (non-HVL),INTRASTATE,ALASKA,0,0,0,0,0,0,0,0,0,0,0,0,0,0,0,0,0,0,0,0,0,0,0,0,0
9/1/2026,2025,20260517,23123,32147,MARATHON PIPE LINE LLC,Refined and/or Petroleum Product (non-HVL),INTRASTATE,CALIFORNIA,0,0,0,0,0,28,20,15,0,63,0,0,0,0,0,0,0,0,0,0,0,0,0,0,0
9/1/2026,2025,20260517,23123,32147,MARATHON PIPE LINE LLC,Refined and/or Petroleum Product (non-HVL),INTRASTATE,KENTUCKY,0,0,0,0,0,0,0,0,0,0,0,0,0,0,0,0,0,0,0,0,0,0,0,0,0
9/1/2026,2025,20260517,23123,32147,MARATHON PIPE LINE LLC,Refined and/or Petroleum Product (non-HVL),INTRASTATE,OHIO,0,0,0,0,0,1,0,0,0,1,0,0,0,0,0,0,0,0,0,0,0,0,0,0,0
9/1/2026,2025,20260517,23123,32147,MARATHON PIPE LINE LLC,Refined and/or Petroleum Product (non-HVL),INTRASTATE,TEXAS,0,0,0,0,0,0,0,0,0,0,0,0,0,0,0,0,0,0,0,0,0,0,0,0,0
9/1/2026,2025,20260517,23123,32147,MARATHON PIPE LINE LLC,Refined and/or Petroleum Product (non-HVL),INTRASTATE,UTAH,0,0,0,0,0,0,0,0,0,0,0,0,0,0,0,0,0,0,0,0,0,0,0,0,0
9/1/2026,2025,20260141,22734,32174,MCCAIN PIPELINE COMPANY,Refined and/or Petroleum Product (non-HVL),INTRASTATE,MISSISSIPPI,0,0,0,0,0,0,1,0,0,1,0,0,0,0,0,0,0,0,0,0,0,0,0,0,0
9/1/2026,2025,20260473,23079,32213,"DIAMOND SHAMROCK REFINING COMPANY, L.P.",Crude Oil,INTRASTATE,TEXAS,0,1,0,2,3,,,,,,,,,,,,,,,,,,,,
9/1/2026,2025,20260474,23080,32213,"DIAMOND SHAMROCK REFINING COMPANY, L.P.",Refined and/or Petroleum Product (non-HVL),INTRASTATE,TEXAS,,,,,,4,6,0,1,11,,,,,,,,,,,,,,,
9/1/2026,2025,20260103,22686,32215,NOVA CHEMICALS CORPORATION,HVL,INTRASTATE,MICHIGAN,0,0,0,0,0,0,0,0,0,0,0,0,0,0,0,0,0,0,0,0,0,0,0,0,0
9/1/2026,2025,20260661,23269,32223,VALERO REFINING COMPANY-CALIFORNIA,Crude Oil,INTRASTATE,CALIFORNIA,0,0,0,8,8,0,0,0,0,0,0,0,0,0,0,0,0,0,0,0,0,0,0,0,0
9/1/2026,2025,20260662,23270,32223,VALERO REFINING COMPANY-CALIFORNIA,Refined and/or Petroleum Product (non-HVL),INTRASTATE,CALIFORNIA,0,0,0,0,0,0,0,0,0,0,0,0,0,0,0,0,0,0,0,0,0,0,0,0,0
9/1/2026,2025,20260281,22883,32224,BETA OFFSHORE,Crude Oil,INTERSTATE,CALIFORNIA,1,0,0,0,1,0,0,0,0,0,0,0,0,0,0,0,0,0,0,0,0,0,0,0,0
9/1/2026,2025,20260281,22883,32224,BETA OFFSHORE,Crude Oil,INTERSTATE,OCS-Pacific,0,0,0,0,0,0,0,0,0,0,0,0,0,0,0,0,0,0,0,0,0,0,0,0,0
9/1/2026,2025,20260105,22690,32248,"FRONTIER FIELD SERVICES, LLC",HVL,INTRASTATE,NEW MEXICO,0,,,,0,0,,,,0,0,0,0,0,0,0,,,,0,0,,,,0
9/1/2026,2025,20260663,23271,32251,"RIBOST TERMINAL LLC, DBA WORLD OIL TERMINALS",Crude Oil,INTRASTATE,CALIFORNIA,2,1,0,0,3,0,4,0,0,4,0,0,0,0,0,0,0,0,0,0,0,0,0,0,0
9/1/2026,2025,20260646,23254,32258,PEMBINA COCHIN LLC,Crude Oil,INTERSTATE,ILLINOIS,0,0,0,5,5,0,0,0,0,0,0,0,0,0,0,0,0,0,0,0,0,0,0,0,0
9/1/2026,2025,20260646,23254,32258,PEMBINA COCHIN LLC,Crude Oil,INTERSTATE,INDIANA,0,0,0,0,0,0,0,0,0,0,0,0,0,0,0,0,0,0,0,0,0,0,0,0,0
9/1/2026,2025,20260646,23254,32258,PEMBINA COCHIN LLC,Crude Oil,INTERSTATE,IOWA,0,0,0,0,0,0,0,0,0,0,0,0,0,0,0,0,0,0,0,0,0,0,0,0,0
9/1/2026,2025,20260646,23254,32258,PEMBINA COCHIN LLC,Crude Oil,INTERSTATE,MICHIGAN,0,0,0,0,0,0,0,0,0,0,0,0,0,0,0,0,0,0,0,0,0,0,0,0,0
9/1/2026,2025,20260646,23254,32258,PEMBINA COCHIN LLC,Crude Oil,INTERSTATE,MINNESOTA,0,0,0,0,0,0,0,0,0,0,0,0,0,0,0,0,0,0,0,0,0,0,0,0,0
9/1/2026,2025,20260646,23254,32258,PEMBINA COCHIN LLC,Crude Oil,INTERSTATE,NORTH DAKOTA,0,0,0,0,0,0,0,0,0,0,0,0,0,0,0,0,0,0,0,0,0,0,0,0,0
9/1/2026,2025,20260646,23254,32258,PEMBINA COCHIN LLC,Crude Oil,INTERSTATE,OHIO,0,0,0,0,0,0,0,0,0,0,0,0,0,0,0,0,0,0,0,0,0,0,0,0,0
9/1/2026,2025,20260083,22663,32277,OXEA CORPORATION,HVL,INTRASTATE,TEXAS,,,,,,,,,,,,,,,,,,,,,,,,,
9/1/2026,2025,20260124,22717,32283,"FRONT RANGE PIPELINE, LLC.",Crude Oil,INTRASTATE,MONTANA,0,5,1,0,6,0,0,0,0,0,0,0,0,0,0,0,0,0,0,0,0,0,0,0,0
9/1/2026,2025,20260405,23011,32284,PENNZOIL-QUAKER STATE D/B/A SOPUS PRODUCTS,Refined and/or Petroleum Product (non-HVL),INTRASTATE,CALIFORNIA,0,0,0,0,0,0,0,0,0,0,0,0,0,0,0,0,0,0,0,0,0,0,0,0,0
9/1/2026,2025,20260306,22908,32288,"WHITE CLIFFS PIPELINE, LLC",Crude Oil,INTERSTATE,COLORADO,0,0,0,0,0,0,0,0,0,0,0,0,0,0,0,0,0,0,0,0,0,0,0,0,0
9/1/2026,2025,20260306,22908,32288,"WHITE CLIFFS PIPELINE, LLC",Crude Oil,INTERSTATE,KANSAS,0,0,0,0,0,0,0,0,0,0,0,0,0,0,0,0,0,0,0,0,0,0,0,0,0
9/1/2026,2025,20260306,22908,32288,"WHITE CLIFFS PIPELINE, LLC",Crude Oil,INTERSTATE,OKLAHOMA,0,0,0,0,0,0,0,0,0,0,0,0,0,0,0,0,0,0,0,0,0,0,0,0,0
9/1/2026,2025,20260305,22907,32288,"WHITE CLIFFS PIPELINE, LLC",HVL,INTERSTATE,COLORADO,0,0,0,0,0,0,0,0,0,0,0,0,0,0,0,0,0,0,0,0,0,0,0,0,0
9/1/2026,2025,20260305,22907,32288,"WHITE CLIFFS PIPELINE, LLC",HVL,INTERSTATE,KANSAS,0,0,0,0,0,0,0,0,0,0,0,0,0,0,0,0,0,0,0,0,0,0,0,0,0
9/1/2026,2025,20260305,22907,32288,"WHITE CLIFFS PIPELINE, LLC",HVL,INTERSTATE,OKLAHOMA,0,0,0,0,0,0,0,0,0,0,0,0,0,0,0,0,0,0,0,0,0,0,0,0,0
9/1/2026,2025,20260455,23061,32296,TARGA RESOURCES OPERATING LLC,Crude Oil,INTRASTATE,NORTH DAKOTA,4,1,0,0,5,0,0,0,0,0,0,0,0,0,0,0,0,0,0,0,0,0,0,0,0
9/1/2026,2025,20260462,23068,32296,TARGA RESOURCES OPERATING LLC,HVL,INTERSTATE,LOUISIANA,,,,,,,,,,,0,0,0,0,0,,,,,,,,,,
9/1/2026,2025,20260462,23068,32296,TARGA RESOURCES OPERATING LLC,HVL,INTERSTATE,TEXAS,0,0,0,0,0,0,0,0,0,0,0,0,0,0,0,0,0,0,0,0,0,0,0,0,0
9/1/2026,2025,20260462,23068,32296,TARGA RESOURCES OPERATING LLC,HVL,INTRASTATE,LOUISIANA,0,0,0,0,0,0,0,0,0,0,6,0,0,0,6,0,0,0,0,0,0,0,0,0,0
9/1/2026,2025,20260462,23068,32296,TARGA RESOURCES OPERATING LLC,HVL,INTRASTATE,MISSISSIPPI,0,0,0,0,0,0,0,0,0,0,0,0,0,0,0,0,0,0,0,0,0,0,0,0,0
9/1/2026,2025,20260462,23068,32296,TARGA RESOURCES OPERATING LLC,HVL,INTRASTATE,TEXAS,0,0,0,0,0,0,0,0,0,0,0,0,0,0,0,0,0,0,0,0,0,0,0,0,0
9/1/2026,2025,20260379,22985,32296,TARGA RESOURCES OPERATING LLC,Refined and/or Petroleum Product (non-HVL),INTRASTATE,LOUISIANA,0,0,0,0,0,0,0,0,0,0,0,0,0,0,0,0,0,0,0,0,0,0,0,0,0
9/1/2026,2025,20260379,22985,32296,TARGA RESOURCES OPERATING LLC,Refined and/or Petroleum Product (non-HVL),INTRASTATE,TEXAS,0,0,0,0,0,0,0,0,0,0,0,0,0,0,0,0,0,0,0,0,0,0,0,0,0
9/1/2026,2025,20260037,22604,32312,"REPSOL OIL & GAS USA, LLC",Crude Oil,INTRASTATE,TEXAS,0,0,0,0,0,0,0,0,0,0,0,0,0,0,0,0,0,0,0,0,0,0,0,0,0
9/1/2026,2025,20260227,22826,32327,TEXAS PIPELINE LLC,HVL,INTRASTATE,TEXAS,,,,,,,,,,,0,0,0,0,0,,,,,,,,,,
9/1/2026,2025,20260084,22664,32331,"PASADENA REFINING SYSTEM, INC.",Crude Oil,INTRASTATE,TEXAS,0,0,1,0,1,0,0,0,0,0,0,0,0,0,0,0,0,0,0,0,0,0,0,0,0
9/1/2026,2025,20260086,22666,32331,"PASADENA REFINING SYSTEM, INC.",HVL,INTRASTATE,TEXAS,0,0,0,0,0,0,0,0,0,0,0,0,0,0,0,0,0,0,0,0,0,0,0,0,0
9/1/2026,2025,20260085,22665,32331,"PASADENA REFINING SYSTEM, INC.",Refined and/or Petroleum Product (non-HVL),INTRASTATE,TEXAS,0,0,0,0,0,0,0,0,0,0,0,0,0,0,0,0,0,0,0,0,0,0,0,0,0
9/1/2026,2025,20260476,23082,32334,SOUTH BOW INFRASTRUCTURE OPERATIONS INC.,Crude Oil,INTERSTATE,ILLINOIS,0,0,0,0,0,0,0,0,0,0,0,0,0,0,0,0,0,0,0,0,0,0,0,0,0
9/1/2026,2025,20260476,23082,32334,SOUTH BOW INFRASTRUCTURE OPERATIONS INC.,Crude Oil,INTERSTATE,KANSAS,0,0,0,0,0,0,0,0,0,0,0,0,0,0,0,0,0,0,0,0,0,0,0,0,0
9/1/2026,2025,20260476,23082,32334,SOUTH BOW INFRASTRUCTURE OPERATIONS INC.,Crude Oil,INTERSTATE,MISSOURI,0,0,0,0,0,0,0,0,0,0,0,0,0,0,0,0,0,0,0,0,0,0,0,0,0
9/1/2026,2025,20260476,23082,32334,SOUTH BOW INFRASTRUCTURE OPERATIONS INC.,Crude Oil,INTERSTATE,NEBRASKA,0,0,0,0,0,0,0,0,0,0,0,0,0,0,0,0,0,0,0,0,0,0,0,0,0
9/1/2026,2025,20260476,23082,32334,SOUTH BOW INFRASTRUCTURE OPERATIONS INC.,Crude Oil,INTERSTATE,NORTH DAKOTA,0,0,0,0,0,0,0,0,0,0,0,0,0,0,0,0,0,0,0,0,0,0,0,0,0
9/1/2026,2025,20260476,23082,32334,SOUTH BOW INFRASTRUCTURE OPERATIONS INC.,Crude Oil,INTERSTATE,OKLAHOMA,0,0,0,10,10,0,0,0,0,0,0,0,0,0,0,0,0,0,0,0,0,0,0,0,0
9/1/2026,2025,20260476,23082,32334,SOUTH BOW INFRASTRUCTURE OPERATIONS INC.,Crude Oil,INTERSTATE,SOUTH DAKOTA,0,0,0,0,0,0,0,0,0,0,0,0,0,0,0,0,0,0,0,0,0,0,0,0,0
9/1/2026,2025,20260476,23082,32334,SOUTH BOW INFRASTRUCTURE OPERATIONS INC.,Crude Oil,INTERSTATE,TEXAS,0,0,0,4,4,0,0,0,0,0,0,0,0,0,0,0,0,0,0,0,0,0,0,0,0
9/1/2026,2025,20260562,23168,32346,"TTLENRGES PTROCHM & REF USA, INC",Crude Oil,INTRASTATE,TEXAS,0,0,0,2,2,,,,,,,,,,,,,,,,,,,,
9/1/2026,2025,20260566,23172,32346,"TTLENRGES PTROCHM & REF USA, INC",HVL,INTRASTATE,TEXAS,,,,,,,,,,,1,0,0,0,1,,,,,,,,,,
9/1/2026,2025,20260563,23282,32346,"TTLENRGES PTROCHM & REF USA, INC",Refined and/or Petroleum Product (non-HVL),INTRASTATE,TEXAS,,,,,,2,0,0,0,2,,,,,,,,,,,,,,,
9/1/2026,2025,20260428,23034,32364,"VALERO REFINING-NEW ORLEANS, L.L.C.",Crude Oil,INTRASTATE,LOUISIANA,0,0,0,0,0,,,,,,,,,,,,,,,,,,,,
9/1/2026,2025,20260431,23037,32364,"VALERO REFINING-NEW ORLEANS, L.L.C.",HVL,INTRASTATE,LOUISIANA,,,,,,,,,,,0,0,0,0,0,,,,,,,,,,
9/1/2026,2025,20260432,23038,32364,"VALERO REFINING-NEW ORLEANS, L.L.C.",Refined and/or Petroleum Product (non-HVL),INTRASTATE,LOUISIANA,0,0,0,0,0,0,0,0,0,0,0,0,0,0,0,0,0,0,0,0,0,0,0,0,0
9/1/2026,2025,20260482,23088,32407,"GENESIS PIPELINE TEXAS, L.P.",Crude Oil,INTRASTATE,TEXAS,0,2,2,0,4,0,0,0,0,0,0,0,0,0,0,0,0,0,0,0,0,0,0,0,0
9/1/2026,2025,20260481,23087,32411,"GENESIS PIPELINE ALABAMA, LLC",Crude Oil,INTRASTATE,ALABAMA,0,0,0,0,0,0,0,0,0,0,0,0,0,0,0,0,0,0,0,0,0,0,0,0,0
9/1/2026,2025,20260633,23241,32428,"INTERCONTINENTAL TERMINAL COMPANY, LLC",HVL,INTRASTATE,TEXAS,,,,,,,,,,,0,0,0,0,0,,,,,,,,,,
9/1/2026,2025,20260634,23242,32428,"INTERCONTINENTAL TERMINAL COMPANY, LLC",Refined and/or Petroleum Product (non-HVL),INTRASTATE,TEXAS,,,,,,0,0,0,0,0,,,,,,,,,,,,,,,
9/1/2026,2025,20260578,23184,32445,TARGA SOUTHTEX NGL PIPELINE LTD.,HVL,INTRASTATE,TEXAS,,,,,,,,,,,,,,,,,,,,,,,,,
9/1/2026,2025,20260375,22981,32445,TARGA SOUTHTEX NGL PIPELINE LTD.,Refined and/or Petroleum Product (non-HVL),INTRASTATE,TEXAS,,,,,,0,0,0,0,0,,,,,,,,,,,,,,,
9/1/2026,2025,20260386,22992,32450,"ROADRUNNER PIPELINE, L.L.C.",Crude Oil,INTERSTATE,NEW MEXICO,0,0,0,0,0,,,,,,,,,,,,,,,,,,,,
9/1/2026,2025,20260386,22992,32450,"ROADRUNNER PIPELINE, L.L.C.",Crude Oil,INTERSTATE,TEXAS,0,0,0,0,0,,,,,,,,,,,,,,,,,,,,
9/1/2026,2025,20260624,23232,32453,BPX (EAGLE FORD) GATHERING LLC,Crude Oil,INTRASTATE,TEXAS,2,4,0,0,6,0,0,0,0,0,0,0,0,0,0,0,0,,0,0,0,0,0,0,0
9/1/2026,2025,20260026,22586,32473,OP RENO LLC,Refined and/or Petroleum Product (non-HVL),INTRASTATE,NEVADA,,,,,,2,,,,2,,,,,,,,,,,,,,,
9/1/2026,2025,20260369,22975,32476,"TREETOP MIDSTREAM SERVICES, LLC",CO2,INTRASTATE,MISSISSIPPI,0,0,0,0,0,0,0,0,0,0,0,0,0,0,0,0,0,0,0,0,0,0,0,0,0
9/1/2026,2025,20260479,23085,32492,"GENESIS CRUDE OIL, L.P.",Crude Oil,INTRASTATE,LOUISIANA,0,0,0,1,1,0,0,0,0,0,0,0,0,0,0,0,0,0,0,0,0,0,0,0,0
9/1/2026,2025,20260507,23113,32493,"UNEV PIPELINE, LLC",Refined and/or Petroleum Product (non-HVL),INTERSTATE,NEVADA,,,,,,1,0,0,0,1,,,,,,,,,,,,,,,
9/1/2026,2025,20260507,23113,32493,"UNEV PIPELINE, LLC",Refined and/or Petroleum Product (non-HVL),INTERSTATE,UTAH,,,,,,1,0,0,0,1,,,,,,,,,,,,,,,
9/1/2026,2025,20260536,23142,32495,"DELAWARE PIPELINE COMPANY, LLC",Refined and/or Petroleum Product (non-HVL),INTERSTATE,DELAWARE,0,0,0,0,0,0,0,0,0,0,0,0,0,0,0,0,0,0,0,0,0,0,0,0,0
9/1/2026,2025,20260536,23142,32495,"DELAWARE PIPELINE COMPANY, LLC",Refined and/or Petroleum Product (non-HVL),INTERSTATE,PENNSYLVANIA,0,0,0,0,0,0,0,0,0,0,0,0,0,0,0,0,0,0,0,0,0,0,0,0,0
9/1/2026,2025,20260610,23218,32502,ENBRIDGE PIPELINES (SOUTHERN LIGHTS) L.L.C.,Refined and/or Petroleum Product (non-HVL),INTERSTATE,ILLINOIS,0,0,0,0,0,0,0,0,3,3,0,0,0,0,0,0,0,0,0,0,0,0,0,0,0
9/1/2026,2025,20260610,23218,32502,ENBRIDGE PIPELINES (SOUTHERN LIGHTS) L.L.C.,Refined and/or Petroleum Product (non-HVL),INTERSTATE,MINNESOTA,0,0,0,0,0,0,0,0,0,0,0,0,0,0,0,0,0,0,0,0,0,0,0,0,0
9/1/2026,2025,20260610,23218,32502,ENBRIDGE PIPELINES (SOUTHERN LIGHTS) L.L.C.,Refined and/or Petroleum Product (non-HVL),INTERSTATE,NORTH DAKOTA,0,0,0,0,0,0,0,0,0,0,0,0,0,0,0,0,0,0,0,0,0,0,0,0,0
9/1/2026,2025,20260610,23218,32502,ENBRIDGE PIPELINES (SOUTHERN LIGHTS) L.L.C.,Refined and/or Petroleum Product (non-HVL),INTERSTATE,WISCONSIN,0,0,0,0,0,0,0,0,0,0,0,0,0,0,0,0,0,0,0,0,0,0,0,0,0
9/1/2026,2025,20260161,22754,32503,"CALUMET SHREVEPORT REFINING, LLC",Crude Oil,INTRASTATE,LOUISIANA,0,3,0,0,3,0,0,0,0,0,0,0,0,0,0,0,0,0,0,0,0,0,0,0,0
9/1/2026,2025,20260078,22656,32520,CITY OF BANGOR,Refined and/or Petroleum Product (non-HVL),INTRASTATE,MAINE,,,,,,0,0,0,0,0,,,,,,,,,,,,,,,
9/1/2026,2025,20260328,22930,32537,WYOMING PIPELINE COMPANY,Crude Oil,INTRASTATE,WYOMING,3,1,,,4,,,,,,,,,,,,,,,,,,,,
9/1/2026,2025,20260336,22938,32540,ELECTRAGAS INC.,Crude Oil,INTRASTATE,TEXAS,,,,,,,,,,,,,,,,,,,,,,,,,
9/1/2026,2025,20260518,23124,32541,"COPANO NGL SERVICES (MARKHAM), LLC",HVL,INTRASTATE,TEXAS,0,0,0,0,0,0,0,0,0,0,0,0,0,0,0,0,0,0,0,0,0,0,0,0,0
9/1/2026,2025,20260677,23288,32543,"DENBURY GREEN PIPELINE-TEXAS, LLC",CO2,INTERSTATE,TEXAS,0,0,0,0,0,0,0,0,0,0,0,0,0,0,0,0,0,0,0,0,0,0,0,0,0
9/1/2026,2025,20260680,23291,32545,"DENBURY GULF COAST PIPELINES, LLC",CO2,INTERSTATE,LOUISIANA,0,0,0,0,0,0,0,0,0,0,0,0,0,0,0,0,0,0,0,0,0,0,0,0,0
9/1/2026,2025,20260680,23291,32545,"DENBURY GULF COAST PIPELINES, LLC",CO2,INTERSTATE,MISSISSIPPI,0,0,0,0,0,0,0,0,0,0,0,0,0,0,0,0,0,0,0,0,0,0,0,0,0
9/1/2026,2025,20260406,23012,32559,"ALON USA KROTZ SPRINGS REFINERY, INC",HVL,INTRASTATE,LOUISIANA,0,0,0,0,0,0,0,0,0,0,0,0,0,0,0,0,0,0,0,0,0,0,0,0,0
9/1/2026,2025,20260407,23013,32559,"ALON USA KROTZ SPRINGS REFINERY, INC",Refined and/or Petroleum Product (non-HVL),INTRASTATE,LOUISIANA,0,0,0,0,0,0,0,0,0,0,0,0,0,0,0,0,0,0,0,0,0,0,0,0,0
9/1/2026,2025,20260675,23286,32566,GREENCORE PIPELINE COMPANY LLC,CO2,INTERSTATE,MONTANA,0,0,0,0,0,0,0,0,0,0,0,0,0,0,0,0,0,0,0,0,0,0,0,0,0
9/1/2026,2025,20260675,23286,32566,GREENCORE PIPELINE COMPANY LLC,CO2,INTERSTATE,WYOMING,0,0,0,0,0,0,0,0,0,0,0,0,0,0,0,0,0,0,0,0,0,0,0,0,0
9/1/2026,2025,20260675,23286,32566,GREENCORE PIPELINE COMPANY LLC,CO2,INTRASTATE,WYOMING,0,0,0,0,0,0,0,0,0,0,0,0,0,0,0,0,0,0,0,0,0,0,0,0,0
9/1/2026,2025,20260188,22784,32572,"TOLEDO REFINING COMPANY, LLC",Crude Oil,INTRASTATE,OHIO,,1,1,,2,,,,,,,,,,,,,,,,,,,,
9/1/2026,2025,20260186,22782,32572,"TOLEDO REFINING COMPANY, LLC",Refined and/or Petroleum Product (non-HVL),INTRASTATE,OHIO,0,0,0,0,0,0,2,0,0,2,0,0,0,0,0,0,0,0,0,0,0,0,0,0,0
9/1/2026,2025,20260216,23336,32575,"DEEPROCK OIL OPERATING, LLC",Crude Oil,INTRASTATE,OKLAHOMA,0,0,0,16,16,,,,,,,,,,,,,,,,,,,,
9/1/2026,2025,20260347,22949,32595,"HIGH POINT GAS GATHERING, LLC",Crude Oil,INTERSTATE,OCS-Gulf of America,,,,,,,,,,,,,,,,,,,,,,,,,
9/1/2026,2025,20260053,22624,32599,"MCLEAN GAS PROCESSING, LLC",HVL,INTRASTATE,TEXAS,,,,,,,,,,,,,,,,,,,,,,,,,
9/1/2026,2025,20260333,22935,32614,"BOARDWALK ETHANE PIPELINE COMPANY, LLC",HVL,INTERSTATE,LOUISIANA,0,0,0,0,0,0,0,0,0,0,0,0,0,0,0,0,0,0,0,0,0,0,0,0,0
9/1/2026,2025,20260333,22935,32614,"BOARDWALK ETHANE PIPELINE COMPANY, LLC",HVL,INTERSTATE,TEXAS,0,0,0,0,0,0,0,0,0,0,0,0,0,0,0,0,0,0,0,0,0,0,0,0,0
9/1/2026,2025,20260333,22935,32614,"BOARDWALK ETHANE PIPELINE COMPANY, LLC",HVL,INTRASTATE,LOUISIANA,,,,,,,,,,,0,0,0,0,0,,,,,,,,,,
9/1/2026,2025,20260539,23145,32619,"HILAND CRUDE, LLC",Crude Oil,INTRASTATE,MONTANA,0,0,0,0,0,,,,,,,,,,,,,,,,,,,,
9/1/2026,2025,20260539,23145,32619,"HILAND CRUDE, LLC",Crude Oil,INTRASTATE,NORTH DAKOTA,9,1,0,1,11,,,,,,,,,,,,,,,,,,,,
9/1/2026,2025,20260389,22995,32634,"ENLINK PERMIAN, LLC",Crude Oil,INTERSTATE,NEW MEXICO,1,1,0,0,2,0,0,0,0,0,0,0,0,0,0,0,0,0,0,0,0,0,0,0,0
9/1/2026,2025,20260389,22995,32634,"ENLINK PERMIAN, LLC",Crude Oil,INTERSTATE,TEXAS,3,1,0,0,4,0,0,0,0,0,0,0,0,0,0,0,0,0,0,0,0,0,0,0,0
9/1/2026,2025,20260389,22995,32634,"ENLINK PERMIAN, LLC",Crude Oil,INTRASTATE,NEW MEXICO,0,0,0,0,0,0,0,0,0,0,0,0,0,0,0,0,0,0,0,0,0,0,0,0,0
9/1/2026,2025,20260388,22994,32634,"ENLINK PERMIAN, LLC",HVL,INTRASTATE,TEXAS,0,0,0,0,0,0,0,0,0,0,0,0,0,0,0,0,0,0,0,0,0,0,0,0,0
9/1/2026,2025,20260530,23136,32645,"HILCORP ALASKA, LLC",Crude Oil,INTRASTATE,ALASKA,0,0,0,0,0,0,0,0,0,0,0,0,0,0,0,0,0,0,0,0,0,0,0,0,0
9/1/2026,2025,20260689,23300,32645,"HILCORP ALASKA, LLC",Refined and/or Petroleum Product (non-HVL),INTRASTATE,ALASKA,,,,,,0,0,0,0,0,,,,,,,,,,,,,,,
9/1/2026,2025,20260068,22644,32650,"LEMM OPERATIONS, LLC",HVL,INTRASTATE,TENNESSEE,0,0,0,0,0,0,0,0,0,0,0,0,0,0,0,0,0,0,0,0,0,0,0,0,0
9/1/2026,2025,20260094,22675,32675,"SAMSON EXPLORATION, LLC",Crude Oil,INTRASTATE,WYOMING,0,0,0,0,0,0,0,0,0,0,0,0,0,0,0,0,0,0,0,0,0,0,0,0,0
9/1/2026,2025,20260551,23157,32678,KINDER MORGAN CRUDE AND CONDENSATE LLC,Crude Oil,INTRASTATE,TEXAS,6,0,16,4,26,0,0,0,0,0,0,0,0,0,0,0,0,0,0,0,0,0,0,0,0
9/1/2026,2025,20260372,22978,32682,"GREENLEAF CO2 SOLUTIONS, LLC",CO2,INTRASTATE,MISSISSIPPI,0,0,0,0,0,0,0,0,0,0,0,0,0,0,0,0,0,0,0,0,0,0,0,0,0
9/1/2026,2025,20260304,22906,32683,INLAND CORPORATION,Refined and/or Petroleum Product (non-HVL),INTERSTATE,OHIO,0,0,0,0,0,5,0,0,0,5,1,0,0,0,1,0,0,0,0,0,0,0,0,0,0
9/1/2026,2025,20260559,23165,32688,WEST COAST TERMINAL PIPELINE  (WCTP),Crude Oil,INTRASTATE,CALIFORNIA,0,1,0,0,1,0,0,0,0,0,0,0,0,0,0,0,0,0,0,0,0,0,0,0,0
9/1/2026,2025,20260558,23164,32688,WEST COAST TERMINAL PIPELINE  (WCTP),Refined and/or Petroleum Product (non-HVL),INTERSTATE,OREGON,0,0,0,0,0,13,18,3,0,34,0,0,0,0,0,0,0,0,0,0,0,0,0,0,0
9/1/2026,2025,20260558,23164,32688,WEST COAST TERMINAL PIPELINE  (WCTP),Refined and/or Petroleum Product (non-HVL),INTRASTATE,CALIFORNIA,0,0,0,0,0,6,38,8,11,63,0,0,0,0,0,0,0,0,0,0,0,0,0,0,0
9/1/2026,2025,20260354,22960,38893,PTE PIPELINE LLC,Crude Oil,INTERSTATE,ALASKA,0,0,0,0,0,0,0,0,0,0,0,0,0,0,0,0,0,0,0,0,0,0,0,0,0
9/1/2026,2025,20260726,23361,38894,"THUNDER BASIN PIPELINE, LLC",Crude Oil,INTRASTATE,WYOMING,0,0,0,0,0,0,0,0,0,0,0,0,0,0,0,0,0,0,0,0,0,0,0,0,0
9/1/2026,2025,20260553,23159,38895,KINDER MORGAN SOUTHEAST TERMINALS,Fuel Grade Ethanol (dedicated system),INTRASTATE,NORTH CAROLINA,0,0,0,0,0,0,0,0,0,0,0,0,0,0,0,0,0,0,0,0,0,2,0,0,2
9/1/2026,2025,20260552,23158,38895,KINDER MORGAN SOUTHEAST TERMINALS,Refined and/or Petroleum Product (non-HVL),INTERSTATE,VIRGINIA,0,0,0,0,0,3,6,1,0,10,0,0,0,0,0,0,0,0,0,0,0,0,0,0,0
9/1/2026,2025,20260651,23259,38922,MIPC LLC,HVL,INTRASTATE,PENNSYLVANIA,0,0,0,0,0,0,0,0,0,0,0,0,0,0,0,0,0,0,0,0,0,0,0,0,0
9/1/2026,2025,20260652,23260,38922,MIPC LLC,Refined and/or Petroleum Product (non-HVL),INTERSTATE,NEW JERSEY,0,0,0,0,0,0,6,0,0,6,0,0,0,0,0,0,0,0,0,0,0,0,0,0,0
9/1/2026,2025,20260652,23260,38922,MIPC LLC,Refined and/or Petroleum Product (non-HVL),INTERSTATE,PENNSYLVANIA,0,0,0,0,0,0,0,5,7,12,0,0,0,0,0,0,0,0,0,0,0,0,0,0,0
9/1/2026,2025,20260652,23260,38922,MIPC LLC,Refined and/or Petroleum Product (non-HVL),INTRASTATE,PENNSYLVANIA,0,0,0,0,0,1,0,0,0,1,0,0,0,0,0,0,0,0,0,0,0,0,0,0,0
9/1/2026,2025,20260400,23006,38924,NGL CRUDE TERMINALS,Crude Oil,INTRASTATE,COLORADO,2,0,6,0,8,,,,,,,,,,,,,,,,,,,,
9/1/2026,2025,20260400,23006,38924,NGL CRUDE TERMINALS,Crude Oil,INTRASTATE,LOUISIANA,0,3,0,0,3,,,,,,,,,,,,,,,,,,,,
9/1/2026,2025,20260400,23006,38924,NGL CRUDE TERMINALS,Crude Oil,INTRASTATE,OKLAHOMA,0,7,14,0,21,,,,,,,,,,,,,,,,,,,,
9/1/2026,2025,20260176,22770,38926,BLACK BEAR MIDSTREAM LLC,HVL,INTRASTATE,LOUISIANA,,,,,,,,,,,0,0,0,0,0,,,,,,,,,,
9/1/2026,2025,20260051,22621,38927,UGI ENERGY SERVICES,HVL,INTRASTATE,OHIO,0,0,0,0,0,0,0,0,0,0,0,0,0,0,0,0,0,0,0,0,0,0,0,0,0
9/1/2026,2025,20260002,22559,38930,"PATOKA TERMINAL COMPANY, LLC",Crude Oil,INTRASTATE,ILLINOIS,0,0,0,0,0,,,,,,,,,,,,,,,,,,,,
9/1/2026,2025,20260190,22788,38937,"PALO DURO TEG, LLC",HVL,INTRASTATE,TEXAS,0,0,0,0,0,0,0,0,0,0,0,0,0,0,0,0,0,0,0,0,0,0,0,0,0
9/1/2026,2025,20260596,23204,38945,BAKKEN PIPELINE COMPANY LP,Crude Oil,INTERSTATE,NORTH DAKOTA,0,0,0,0,0,0,0,0,0,0,0,0,0,0,0,0,0,0,0,0,0,0,0,0,0
9/1/2026,2025,20260403,23009,38960,"RANCHO LPG HOLDINGS, LLC",HVL,INTRASTATE,CALIFORNIA,0,0,0,0,0,0,0,0,0,0,0,2,0,2,4,0,0,0,0,0,0,0,0,0,0
9/1/2026,2025,20260449,23055,38964,"BELLWETHER DISTRICT HOLDINGS, LLC",HVL,INTRASTATE,PENNSYLVANIA,0,0,0,0,0,0,0,0,0,0,0,0,0,0,0,0,0,0,0,0,0,0,0,0,0
9/1/2026,2025,20260448,23054,38964,"BELLWETHER DISTRICT HOLDINGS, LLC",Refined and/or Petroleum Product (non-HVL),INTRASTATE,PENNSYLVANIA,0,0,0,0,0,0,0,0,0,0,0,0,0,0,0,0,0,0,0,0,0,0,0,0,0
9/1/2026,2025,20260718,23352,38989,EMERALD GATHERING AND TRANSMISSION,Crude Oil,INTRASTATE,TEXAS,0,0,0,0,0,,,,,,,,,,,,,,,,,,,,
9/1/2026,2025,20260250,22849,39010,"BLUE RACER MIDSTREAM, LLC",HVL,INTERSTATE,WEST VIRGINIA,,,,,,,,,,,,,,,,,,,,,,,,,
9/1/2026,2025,20260351,22954,39012,"SUMMIT MIDSTREAM PARTNERS, LLC",Crude Oil,INTRASTATE,COLORADO,0,0,0,0,0,0,0,0,0,0,0,0,0,0,0,0,0,0,0,0,0,0,0,0,0
9/1/2026,2025,20260351,22954,39012,"SUMMIT MIDSTREAM PARTNERS, LLC",Crude Oil,INTRASTATE,NORTH DAKOTA,4,1,0,0,5,0,0,0,0,0,0,0,0,0,0,0,0,0,0,0,0,0,0,0,0
9/1/2026,2025,20260271,22871,39012,"SUMMIT MIDSTREAM PARTNERS, LLC",HVL,INTRASTATE,COLORADO,0,0,0,0,0,0,0,0,0,0,0,0,0,0,0,0,0,0,0,0,0,0,0,0,0
9/1/2026,2025,20260303,22905,39020,"ENABLE BAKKEN CRUDE SERVICES, LLC",Crude Oil,INTRASTATE,NORTH DAKOTA,0,0,0,0,0,0,0,0,0,0,0,0,0,0,0,0,0,0,0,0,0,0,0,0,0
9/1/2026,2025,20260547,23153,39023,DOUBLE EAGLE PIPELINE LLC,Crude Oil,INTRASTATE,TEXAS,0,2,2,2,6,0,0,0,0,0,0,0,0,0,0,0,0,0,0,0,0,0,0,0,0
9/1/2026,2025,20260213,22811,39043,"TALLGRASS PONY EXPRESS PIPELINE, LLC",Crude Oil,INTERSTATE,COLORADO,2,3,6,7,18,,,,,,,,,,,,,,,,,,,,
9/1/2026,2025,20260213,22811,39043,"TALLGRASS PONY EXPRESS PIPELINE, LLC",Crude Oil,INTERSTATE,KANSAS,6,1,0,1,8,,,,,,,,,,,,,,,,,,,,
9/1/2026,2025,20260213,22811,39043,"TALLGRASS PONY EXPRESS PIPELINE, LLC",Crude Oil,INTERSTATE,NEBRASKA,0,0,0,0,0,,,,,,,,,,,,,,,,,,,,
9/1/2026,2025,20260213,22811,39043,"TALLGRASS PONY EXPRESS PIPELINE, LLC",Crude Oil,INTERSTATE,OKLAHOMA,1,0,0,0,1,,,,,,,,,,,,,,,,,,,,
9/1/2026,2025,20260213,22811,39043,"TALLGRASS PONY EXPRESS PIPELINE, LLC",Crude Oil,INTERSTATE,WYOMING,1,0,0,0,1,,,,,,,,,,,,,,,,,,,,
9/1/2026,2025,20260725,23360,39046,"BRIDGER SWAN RANCH, LLC",Crude Oil,INTRASTATE,WYOMING,0,0,0,0,0,0,0,0,0,0,0,0,0,0,0,0,0,0,0,0,0,0,0,0,0
9/1/2026,2025,20260486,23092,39047,"GEL OFFSHORE PIPELINE, LLC",Crude Oil,INTERSTATE,OCS-Gulf of America,,,,,,,,,,,,,,,,,,,,,,,,,
9/1/2026,2025,20260120,23333,39050,"CASPER CRUDE TO RAIL, LLC",Crude Oil,INTERSTATE,WYOMING,0,0,6,0,6,0,0,0,0,0,0,0,0,0,0,0,0,0,0,0,0,0,0,0,0
9/1/2026,2025,20260510,23116,39065,HESS ND,Crude Oil,INTRASTATE,NORTH DAKOTA,0,2,1,0,3,0,0,0,0,0,0,0,0,0,0,0,0,0,0,0,0,0,0,0,0
9/1/2026,2025,20260513,23119,39065,HESS ND,HVL,INTRASTATE,NORTH DAKOTA,0,0,0,0,0,0,0,0,0,0,0,0,0,0,0,0,0,0,0,0,0,0,0,0,0
9/1/2026,2025,20260505,23111,39065,HESS ND,Refined and/or Petroleum Product (non-HVL),INTRASTATE,NORTH DAKOTA,0,0,0,0,0,0,0,0,0,0,0,0,0,0,0,0,0,0,0,0,0,0,0,0,0
9/1/2026,2025,20260104,22687,39069,EMPIRE MIDSTREAM LLC,Crude Oil,INTERSTATE,OCS-Gulf of America,0,0,0,0,0,0,0,0,0,0,0,0,0,0,0,0,0,0,0,0,0,0,0,0,0
9/1/2026,2025,20260104,22687,39069,EMPIRE MIDSTREAM LLC,Crude Oil,INTRASTATE,LOUISIANA,1,1,1,0,3,,,,,,,,,,,,,,,,,,,,
9/1/2026,2025,20260023,22583,39073,METHANEX BEAUMONT LLC,Refined and/or Petroleum Product (non-HVL),INTRASTATE,TEXAS,0,0,0,0,0,0,0,0,2,2,0,0,0,0,0,0,0,0,0,0,0,0,0,0,0
9/1/2026,2025,20260554,23160,39084,"CRESCENT MIDSTREAM, LLC",Crude Oil,INTERSTATE,LOUISIANA,5,3,0,0,8,0,0,0,0,0,0,0,0,0,0,0,0,0,0,0,0,0,0,0,0
9/1/2026,2025,20260554,23160,39084,"CRESCENT MIDSTREAM, LLC",Crude Oil,INTERSTATE,OCS-Gulf of America,0,0,0,0,0,,,,,,,,,,,,,,,,,,,,
9/1/2026,2025,20260019,22579,39090,"NUTAAQ PIPELINE, LLC",Crude Oil,INTRASTATE,ALASKA,0,0,0,0,0,0,0,0,0,0,0,0,0,0,0,0,0,0,0,0,0,0,0,0,0
9/1/2026,2025,20260732,23373,39099,CALIBER NORTH DAKOTA LLC,Crude Oil,INTRASTATE,NORTH DAKOTA,2,0,0,0,2,0,0,0,0,0,0,0,0,0,0,0,0,0,0,0,0,0,0,0,0
9/1/2026,2025,20260397,23003,39105,VALERO PARTNERS OPERATING CO. LLC,Crude Oil,INTERSTATE,MISSISSIPPI,0,0,0,3,3,,,,,,,,,,,,,,,,,,,,
9/1/2026,2025,20260397,23003,39105,VALERO PARTNERS OPERATING CO. LLC,Crude Oil,INTERSTATE,OKLAHOMA,0,0,0,0,0,,,,,,,,,,,,,,,,,,,,
9/1/2026,2025,20260397,23003,39105,VALERO PARTNERS OPERATING CO. LLC,Crude Oil,INTERSTATE,TENNESSEE,0,0,0,0,0,,,,,,,,,,,,,,,,,,,,
9/1/2026,2025,20260397,23003,39105,VALERO PARTNERS OPERATING CO. LLC,Crude Oil,INTERSTATE,TEXAS,0,2,0,7,9,,,,,,,,,,,,,,,,,,,,
9/1/2026,2025,20260397,23003,39105,VALERO PARTNERS OPERATING CO. LLC,Crude Oil,INTRASTATE,TEXAS,0,0,0,0,0,,,,,,,,,,,,,,,,,,,,
9/1/2026,2025,20260373,22979,39105,VALERO PARTNERS OPERATING CO. LLC,Refined and/or Petroleum Product (non-HVL),INTERSTATE,ARKANSAS,,,,,,0,3,0,0,3,,,,,,,,,,,,,,,
9/1/2026,2025,20260373,22979,39105,VALERO PARTNERS OPERATING CO. LLC,Refined and/or Petroleum Product (non-HVL),INTERSTATE,LOUISIANA,,,,,,0,0,0,0,0,,,,,,,,,,,,,,,
9/1/2026,2025,20260373,22979,39105,VALERO PARTNERS OPERATING CO. LLC,Refined and/or Petroleum Product (non-HVL),INTERSTATE,MISSISSIPPI,,,,,,1,0,0,0,1,,,,,,,,,,,,,,,
9/1/2026,2025,20260373,22979,39105,VALERO PARTNERS OPERATING CO. LLC,Refined and/or Petroleum Product (non-HVL),INTERSTATE,OKLAHOMA,,,,,,1,2,0,0,3,,,,,,,,,,,,,,,
9/1/2026,2025,20260373,22979,39105,VALERO PARTNERS OPERATING CO. LLC,Refined and/or Petroleum Product (non-HVL),INTERSTATE,TENNESSEE,,,,,,0,0,0,0,0,,,,,,,,,,,,,,,
9/1/2026,2025,20260373,22979,39105,VALERO PARTNERS OPERATING CO. LLC,Refined and/or Petroleum Product (non-HVL),INTRASTATE,TENNESSEE,,,,,,0,0,0,0,0,,,,,,,,,,,,,,,
9/1/2026,2025,20260373,22979,39105,VALERO PARTNERS OPERATING CO. LLC,Refined and/or Petroleum Product (non-HVL),INTRASTATE,TEXAS,,,,,,0,8,2,7,17,,,,,,,,,,,,,,,
9/1/2026,2025,20260110,22697,39108,BLUEFISH PIPELINE LLC,Refined and/or Petroleum Product (non-HVL),INTRASTATE,NEW MEXICO,,,,,,0,0,0,0,0,,,,,,,,,,,,,,,
9/1/2026,2025,20260110,22697,39108,BLUEFISH PIPELINE LLC,Refined and/or Petroleum Product (non-HVL),INTRASTATE,TEXAS,,,,,,1,0,0,0,1,,,,,,,,,,,,,,,
9/1/2026,2025,20260383,22989,39112,"ENLINK MIDSTREAM SERVICES, LLC",Crude Oil,INTRASTATE,OKLAHOMA,2,2,0,0,4,0,0,0,0,0,0,0,0,0,0,0,0,0,0,0,0,0,0,0,0
9/1/2026,2025,20260382,22988,39112,"ENLINK MIDSTREAM SERVICES, LLC",HVL,INTRASTATE,OKLAHOMA,0,0,0,0,0,0,0,0,0,0,0,0,0,0,0,0,0,0,0,0,0,0,0,0,0
9/1/2026,2025,20260382,22988,39112,"ENLINK MIDSTREAM SERVICES, LLC",HVL,INTRASTATE,TEXAS,0,0,0,0,0,0,0,0,0,0,0,0,0,0,0,0,0,0,0,0,0,0,0,0,0
9/1/2026,2025,20260251,22850,39122,UTICA EAST OHIO MIDSTREAM LLC,HVL,INTERSTATE,OHIO,,,,,,,,,,,,,,,,,,,,,,,,,
9/1/2026,2025,20260095,22677,39135,"VICTORIA EXPRESS PIPELINE, L.L.C.",Crude Oil,INTRASTATE,TEXAS,0,2,0,0,2,0,0,0,0,0,0,0,0,0,0,0,0,0,0,0,0,0,0,0,0
9/1/2026,2025,20260335,22937,39138,"BOARDWALK LOUISIANA MIDSTREAM, LLC",HVL,INTRASTATE,LOUISIANA,0,0,0,0,0,0,0,0,0,0,0,0,0,0,0,0,0,0,0,0,0,0,0,0,0
9/1/2026,2025,20260335,22937,39138,"BOARDWALK LOUISIANA MIDSTREAM, LLC",HVL,INTRASTATE,TEXAS,0,0,0,0,0,0,0,0,0,0,0,0,0,0,0,0,0,0,0,0,0,0,0,0,0
9/1/2026,2025,20260612,23220,39145,ENBRIDGE STORAGE (CUSHING) L.L.C.,Crude Oil,INTERSTATE,OKLAHOMA,0,26,17,77,120,0,0,0,0,0,0,0,0,0,0,0,0,0,0,0,0,0,0,0,0
9/1/2026,2025,20260143,23376,39149,IMTT-BAYONNE,Refined and/or Petroleum Product (non-HVL),INTRASTATE,NEW JERSEY,0,0,0,0,0,28,32,18,19,97,0,0,0,0,0,0,0,0,0,0,0,0,0,0,0
9/1/2026,2025,20260577,23183,39156,TARGA FRIO LASALLE PIPELINE LP,HVL,INTRASTATE,TEXAS,,,,,,,,,,,0,0,0,0,0,,,,,,,,,,
9/1/2026,2025,20260272,22872,39179,"AMPLIFY ENERGY OPERATING, LLC",CO2,INTRASTATE,WYOMING,,,,,,,,,,,,,,,,0,0,0,0,0,,,,,
9/1/2026,2025,20260339,23400,39183,"MEDALLION OPERATING COMPANY, LLC",Crude Oil,INTRASTATE,TEXAS,8,6,5,0,19,0,0,0,0,0,0,0,0,0,0,0,0,0,0,0,0,0,0,0,0
9/1/2026,2025,20260025,22585,39189,"SANARE ENERGY PARTNERS, LLC",Crude Oil,INTERSTATE,LOUISIANA,0,0,0,0,0,0,0,0,0,0,0,0,0,0,0,0,0,0,0,0,0,0,0,0,0
9/1/2026,2025,20260025,22585,39189,"SANARE ENERGY PARTNERS, LLC",Crude Oil,INTERSTATE,OCS-Gulf of America,0,0,0,0,0,,,,,,,,,,,,,,,,,,,,
9/1/2026,2025,20260376,22982,39191,CONSOLIDATED EDISON CO OF NY,Refined and/or Petroleum Product (non-HVL),INTRASTATE,NEW YORK,0,0,0,0,0,0,0,0,0,0,0,0,0,0,0,0,0,0,0,0,0,0,0,0,0
9/1/2026,2025,20260724,23359,39196,CHEYENNE RAIL HUB,Crude Oil,INTRASTATE,WYOMING,0,0,0,0,0,,,,,,,,,,,,,,,,,,,,
9/1/2026,2025,20260302,22904,39205,"DAPL-ETCO OPERATIONS MANAGEMENT, LLC",Crude Oil,INTERSTATE,ARKANSAS,0,0,0,0,0,0,0,0,0,0,0,0,0,0,0,0,0,0,0,0,0,0,0,0,0
9/1/2026,2025,20260302,22904,39205,"DAPL-ETCO OPERATIONS MANAGEMENT, LLC",Crude Oil,INTERSTATE,ILLINOIS,1,0,0,0,1,0,0,0,0,0,0,0,0,0,0,0,0,0,0,0,0,0,0,0,0
9/1/2026,2025,20260302,22904,39205,"DAPL-ETCO OPERATIONS MANAGEMENT, LLC",Crude Oil,INTERSTATE,IOWA,1,0,0,0,1,0,0,0,0,0,0,0,0,0,0,0,0,0,0,0,0,0,0,0,0
9/1/2026,2025,20260302,22904,39205,"DAPL-ETCO OPERATIONS MANAGEMENT, LLC",Crude Oil,INTERSTATE,KENTUCKY,0,0,0,0,0,0,0,0,0,0,0,0,0,0,0,0,0,0,0,0,0,0,0,0,0
9/1/2026,2025,20260302,22904,39205,"DAPL-ETCO OPERATIONS MANAGEMENT, LLC",Crude Oil,INTERSTATE,LOUISIANA,2,0,0,0,2,0,0,0,0,0,0,0,0,0,0,0,0,0,0,0,0,0,0,0,0
9/1/2026,2025,20260302,22904,39205,"DAPL-ETCO OPERATIONS MANAGEMENT, LLC",Crude Oil,INTERSTATE,MISSISSIPPI,1,0,0,0,1,0,0,0,0,0,0,0,0,0,0,0,0,0,0,0,0,0,0,0,0
9/1/2026,2025,20260302,22904,39205,"DAPL-ETCO OPERATIONS MANAGEMENT, LLC",Crude Oil,INTERSTATE,NORTH DAKOTA,1,0,7,8,16,0,0,0,0,0,0,0,0,0,0,0,0,0,0,0,0,0,0,0,0
9/1/2026,2025,20260302,22904,39205,"DAPL-ETCO OPERATIONS MANAGEMENT, LLC",Crude Oil,INTERSTATE,SOUTH DAKOTA,3,0,0,0,3,0,0,0,0,0,0,0,0,0,0,0,0,0,0,0,0,0,0,0,0
9/1/2026,2025,20260302,22904,39205,"DAPL-ETCO OPERATIONS MANAGEMENT, LLC",Crude Oil,INTERSTATE,TENNESSEE,1,0,0,0,1,0,0,0,0,0,0,0,0,0,0,0,0,0,0,0,0,0,0,0,0
9/1/2026,2025,20260302,22904,39205,"DAPL-ETCO OPERATIONS MANAGEMENT, LLC",Crude Oil,INTERSTATE,TEXAS,0,0,0,0,0,0,0,0,0,0,0,0,0,0,0,0,0,0,0,0,0,0,0,0,0
9/1/2026,2025,20260212,22810,39216,TALLGRASS MIDSTREAM LLC,HVL,INTERSTATE,COLORADO,,,,,,,,,,,0,0,0,0,0,,,,,,,,,,
9/1/2026,2025,20260065,22638,39221,DAKOTA MIDSTREAM,Crude Oil,INTRASTATE,NORTH DAKOTA,12,0,0,0,12,0,0,0,0,0,0,0,0,0,0,0,0,0,0,0,0,0,0,0,0
9/1/2026,2025,20260543,23149,39229,CAMINO REAL GATHERING CO LLC,Crude Oil,INTRASTATE,TEXAS,4,0,0,0,4,0,0,0,0,0,0,0,0,0,0,0,0,0,0,0,0,0,0,0,0
9/1/2026,2025,20260352,22956,39232,MATADOR PRODUCTION COMPANY,Crude Oil,INTRASTATE,NEW MEXICO,,,,,,,,,,,,,,,,,,,,,,,,,
9/1/2026,2025,20260027,22587,39241,ZENITH ENERGY TERMINALS JOLIET HOLDINGS LLC,Crude Oil,INTERSTATE,ILLINOIS,0,0,0,0,0,0,0,0,0,0,0,0,0,0,0,0,0,0,0,0,0,0,0,0,0
9/1/2026,2025,20260027,22587,39241,ZENITH ENERGY TERMINALS JOLIET HOLDINGS LLC,Crude Oil,INTRASTATE,ILLINOIS,0,0,0,0,0,0,0,0,0,0,0,0,0,0,0,0,0,0,0,0,0,0,0,0,0
9/1/2026,2025,20260221,22819,39252,"FASKEN OIL AND RANCH, LTD.",Crude Oil,INTRASTATE,TEXAS,2,0,0,0,2,0,0,0,0,0,0,0,0,0,0,0,0,0,0,0,0,0,0,0,0
9/1/2026,2025,20260173,22766,39252,"FASKEN OIL AND RANCH, LTD.",HVL,INTRASTATE,TEXAS,0,0,0,0,0,0,0,0,0,0,0,0,0,0,0,0,0,0,0,0,0,0,0,0,0
9/1/2026,2025,20260193,22791,39292,"TWIN EAGLE MIDSTREAM ASSETS, LLC",Crude Oil,INTERSTATE,WYOMING,0,0,0,0,0,,,,,,,,,,,,,,,,,,,,
9/1/2026,2025,20260261,22860,39303,"BASA RESOURCES, INC.",Crude Oil,INTRASTATE,TEXAS,0,0,0,0,0,0,0,0,0,0,0,0,0,0,0,0,0,0,0,0,0,0,0,0,0
9/1/2026,2025,20260228,22827,39313,"MAVERICK TERMINAL THREE RIVERS, LLC",HVL,INTRASTATE,TEXAS,,,,,,,,,,,0,0,0,0,0,,,,,,,,,,
9/1/2026,2025,20260182,22778,39317,SCOUT ENERGY MANAGEMENT LLC,CO2,INTERSTATE,COLORADO,,,,,,,,,,,,,,,,0,0,0,0,0,,,,,
9/1/2026,2025,20260182,22778,39317,SCOUT ENERGY MANAGEMENT LLC,CO2,INTERSTATE,UTAH,,,,,,,,,,,,,,,,0,0,0,0,0,,,,,
9/1/2026,2025,20260182,22778,39317,SCOUT ENERGY MANAGEMENT LLC,CO2,INTERSTATE,WYOMING,,,,,,,,,,,,,,,,0,0,0,0,0,,,,,
9/1/2026,2025,20260183,22779,39317,SCOUT ENERGY MANAGEMENT LLC,Crude Oil,INTRASTATE,TEXAS,,,,,,,,,,,,,,,,,,,,,,,,,
9/1/2026,2025,20260480,23086,39336,"BR PORT SERVICES, LLC",Crude Oil,INTRASTATE,LOUISIANA,0,0,0,7,7,0,0,0,0,0,0,0,0,0,0,0,0,0,0,0,0,0,0,0,0
9/1/2026,2025,20260435,23041,39339,TINSLEY RESOURCES  LLC,Crude Oil,INTRASTATE,MISSISSIPPI,0,0,0,0,0,,,,,,,,,,,,,,,,,,,,
9/1/2026,2025,20260436,23042,39341,"CHALMETTE LOUISIANA LIQUIDS, LLC",HVL,INTRASTATE,LOUISIANA,,,,,,,,,,,0,0,0,0,0,,,,,,,,,,
9/1/2026,2025,20260614,23222,39347,"ILLINOIS EXTENSION PIPELINE COMPANY, L.L.C.",Crude Oil,INTERSTATE,ILLINOIS,0,0,0,0,0,0,0,0,0,0,0,0,0,0,0,0,0,0,0,0,0,0,0,0,0
9/1/2026,2025,20260484,23090,39352,"GENESIS OFFSHORE HOLDINGS, LLC",Crude Oil,INTERSTATE,LOUISIANA,0,0,0,0,0,0,0,0,0,0,0,0,0,0,0,0,0,0,0,0,0,0,0,0,0
9/1/2026,2025,20260484,23090,39352,"GENESIS OFFSHORE HOLDINGS, LLC",Crude Oil,INTERSTATE,OCS-Gulf of America,0,0,0,0,0,0,0,0,0,0,0,0,0,0,0,0,0,0,0,0,0,0,0,0,0
9/1/2026,2025,20260484,23090,39352,"GENESIS OFFSHORE HOLDINGS, LLC",Crude Oil,INTERSTATE,TEXAS,0,0,0,0,0,0,0,0,0,0,0,0,0,0,0,0,0,0,0,0,0,0,0,0,0
9/1/2026,2025,20260488,23094,39354,ENBRIDGE OFFSHORE FACILITIES,Crude Oil,INTERSTATE,OCS-Gulf of America,,,,,,,,,,,,,,,,,,,,,,,,,
9/1/2026,2025,20260296,22898,39368,CRESTWOOD MIDSTREAM PARTNERS LP,Crude Oil,INTRASTATE,NORTH DAKOTA,4,0,4,1,9,0,0,0,0,0,0,0,0,0,0,0,0,0,0,0,0,0,0,0,0
9/1/2026,2025,20260295,22897,39368,CRESTWOOD MIDSTREAM PARTNERS LP,HVL,INTERSTATE,INDIANA,0,0,0,0,0,0,0,0,0,0,20,0,0,0,20,0,0,0,0,0,0,0,0,0,0
9/1/2026,2025,20260295,22897,39368,CRESTWOOD MIDSTREAM PARTNERS LP,HVL,INTRASTATE,NEW MEXICO,0,0,0,0,0,0,0,0,0,0,0,0,0,0,0,0,0,0,0,0,0,0,0,0,0
9/1/2026,2025,20260295,22897,39368,CRESTWOOD MIDSTREAM PARTNERS LP,HVL,INTRASTATE,NORTH DAKOTA,0,0,0,0,0,0,0,0,0,0,0,0,0,0,0,0,0,0,0,0,0,0,0,0,0
9/1/2026,2025,20260295,22897,39368,CRESTWOOD MIDSTREAM PARTNERS LP,HVL,INTRASTATE,TEXAS,0,0,0,0,0,0,0,0,0,0,0,0,0,0,0,0,0,0,0,0,0,0,0,0,0
9/1/2026,2025,20260219,22873,39369,ELLSJET TERMINAL,Refined and/or Petroleum Product (non-HVL),INTRASTATE,SOUTH DAKOTA,,,,,,2,0,0,0,2,,,,,,,,,,,,,,,
9/1/2026,2025,20260298,22900,39376,"BLUE CUBE OPERATIONS, LLC.",Refined and/or Petroleum Product (non-HVL),INTRASTATE,TEXAS,,,,,,0,0,0,0,0,,,,,,,,,,,,,,,
9/1/2026,2025,20260712,23342,39377,"WHITNEY OIL & GAS, LLC",Crude Oil,INTRASTATE,LOUISIANA,0,0,0,0,0,,,,,,,,,,,,,,,,,,,,
9/1/2026,2025,20260475,23081,39389,"GEL TEXAS PIPELINE, LLC",Crude Oil,INTERSTATE,TEXAS,0,0,1,4,5,0,0,0,0,0,0,0,0,0,0,0,0,0,0,0,0,0,0,0,0
9/1/2026,2025,20260045,22958,39398,INEOS USA LLC,HVL,INTRASTATE,TEXAS,0,0,0,0,0,0,0,0,0,0,0,0,0,0,0,0,0,0,0,0,0,0,0,0,0
9/1/2026,2025,20260046,22615,39398,INEOS USA LLC,Refined and/or Petroleum Product (non-HVL),INTRASTATE,TEXAS,0,0,0,0,0,0,0,0,0,0,0,0,0,0,0,0,0,0,0,0,0,0,0,0,0
9/1/2026,2025,20260092,22673,39401,GREAT SALT PLAINS PIPELINE LLC,Crude Oil,INTRASTATE,KANSAS,6,2,0,0,8,,,,,,,,,,,,,,,,,,,,
9/1/2026,2025,20260092,22673,39401,GREAT SALT PLAINS PIPELINE LLC,Crude Oil,INTRASTATE,OKLAHOMA,2,1,0,0,3,,,,,,,,,,,,,,,,,,,,
9/1/2026,2025,20260534,23140,39409,"CHALMETTE REFINING, L.L.C.",Crude Oil,INTRASTATE,LOUISIANA,0,0,0,0,0,0,0,0,0,0,0,0,0,0,0,0,0,0,0,0,0,0,0,0,0
9/1/2026,2025,20260535,23141,39409,"CHALMETTE REFINING, L.L.C.",Refined and/or Petroleum Product (non-HVL),INTRASTATE,LOUISIANA,0,0,0,0,0,0,0,0,0,0,0,0,0,0,0,0,0,0,0,0,0,0,0,0,0
9/1/2026,2025,20260589,23197,39433,"MAGELLAN OPERATING COMPANY, LLC",Crude Oil,INTRASTATE,TEXAS,0,0,0,0,0,,,,,,,,,,,,,,,,,,,,
9/1/2026,2025,20260116,23382,39433,"MAGELLAN OPERATING COMPANY, LLC",Fuel Grade Ethanol (dedicated system),INTRASTATE,TEXAS,,,,,,,,,,,,,,,,,,,,,,,,,
9/1/2026,2025,20260115,22704,39433,"MAGELLAN OPERATING COMPANY, LLC",HVL,INTRASTATE,TEXAS,,,,,,,,,,,2,0,0,0,2,,,,,,,,,,
9/1/2026,2025,20260590,23383,39433,"MAGELLAN OPERATING COMPANY, LLC",Refined and/or Petroleum Product (non-HVL),INTRASTATE,TEXAS,,,,,,2,11,31,,44,,,,,,,,,,,,,,,
9/1/2026,2025,20260429,23339,39436,INDORAMA VENTURES OLEFINS LLC,HVL,INTERSTATE,LOUISIANA,0,0,0,0,0,0,0,0,0,0,0,0,0,0,0,0,0,0,0,0,0,0,0,0,0
9/1/2026,2025,20260429,23339,39436,INDORAMA VENTURES OLEFINS LLC,HVL,INTERSTATE,TEXAS,0,0,0,0,0,0,0,0,0,0,0,0,0,0,0,0,0,0,0,0,0,0,0,0,0
9/1/2026,2025,20260429,23339,39436,INDORAMA VENTURES OLEFINS LLC,HVL,INTRASTATE,LOUISIANA,0,0,0,0,0,0,0,0,0,0,0,0,0,0,0,0,0,0,0,0,0,0,0,0,0
9/1/2026,2025,20260548,23154,39440,HILAND EXPRESS,Crude Oil,INTERSTATE,MONTANA,2,0,0,0,2,0,0,0,0,0,0,0,0,0,0,0,0,0,0,0,0,0,0,0,0
9/1/2026,2025,20260548,23154,39440,HILAND EXPRESS,Crude Oil,INTERSTATE,NORTH DAKOTA,0,0,0,0,0,0,0,0,0,0,0,0,0,0,0,0,0,0,0,0,0,0,0,0,0
9/1/2026,2025,20260548,23154,39440,HILAND EXPRESS,Crude Oil,INTERSTATE,WYOMING,0,0,1,2,3,0,0,0,0,0,0,0,0,0,0,0,0,0,0,0,0,0,0,0,0
9/1/2026,2025,20260548,23154,39440,HILAND EXPRESS,Crude Oil,INTRASTATE,WYOMING,0,0,0,0,0,0,0,0,0,0,0,0,0,0,0,0,0,0,0,0,0,0,0,0,0
9/1/2026,2025,20260293,22895,39462,"BAYOU BRIDGE PIPELINE, LLC",Crude Oil,INTERSTATE,LOUISIANA,0,0,0,0,0,0,0,0,0,0,0,0,0,0,0,0,0,0,0,0,0,0,0,0,0
9/1/2026,2025,20260293,22895,39462,"BAYOU BRIDGE PIPELINE, LLC",Crude Oil,INTERSTATE,TEXAS,0,0,0,0,0,0,0,0,0,0,0,0,0,0,0,0,0,0,0,0,0,0,0,0,0
9/1/2026,2025,20260404,23010,39467,"KURARAY AMERICA, INC.",HVL,INTRASTATE,TEXAS,0,0,0,0,0,0,0,0,0,0,0,0,0,0,0,0,0,0,0,0,0,0,0,0,0
9/1/2026,2025,20260582,23189,39474,"ENBRIDGE INGLESIDE, LLC",Crude Oil,INTRASTATE,TEXAS,1,0,0,1,2,0,0,0,0,0,0,0,0,0,0,0,0,0,0,0,0,0,0,0,0
9/1/2026,2025,20260583,23190,39474,"ENBRIDGE INGLESIDE, LLC",HVL,INTRASTATE,TEXAS,0,0,0,0,0,0,0,0,0,0,0,0,0,0,0,0,0,0,0,0,0,0,0,0,0
9/1/2026,2025,20260259,22858,39476,"BRAZOS MIDSTREAM OPERATING, LLC",Crude Oil,INTRASTATE,TEXAS,0,0,0,0,0,,,,,,,,,,,,,,,,,,,,
9/1/2026,2025,20260260,22859,39476,"BRAZOS MIDSTREAM OPERATING, LLC",HVL,INTRASTATE,TEXAS,0,0,0,0,0,0,0,0,0,0,0,0,0,0,0,0,0,0,0,0,0,0,0,0,0
9/1/2026,2025,20260171,22764,39477,"KEYERA ENERGY, INC.",Crude Oil,INTRASTATE,OKLAHOMA,1,0,0,12,13,,,,,,,,,,,,,,,,,,,,
9/1/2026,2025,20260209,22807,39491,EQT MIDSTREAM COMPANY LLC,HVL,INTRASTATE,WEST VIRGINIA,0,0,0,0,0,0,0,0,0,0,0,0,0,0,0,0,0,0,0,0,0,0,0,0,0
9/1/2026,2025,20260674,23285,39492,"CELANESE CHEMICALS, INC",HVL,INTRASTATE,TEXAS,,,,,,,,,,,0,0,0,0,0,,,,,,,,,,
9/1/2026,2025,20260676,23314,39492,"CELANESE CHEMICALS, INC",Refined and/or Petroleum Product (non-HVL),INTRASTATE,TEXAS,,,,,,0,0,0,0,0,,,,,,,,,,,,,,,
9/1/2026,2025,20260585,23193,39504,"MAGELLAN CRUDE OIL PIPELINE COMPANY, L.P.",Crude Oil,INTERSTATE,TEXAS,0,3,6,32,41,,,,,,,,,,,,,,,,,,,,
9/1/2026,2025,20260585,23193,39504,"MAGELLAN CRUDE OIL PIPELINE COMPANY, L.P.",Crude Oil,INTRASTATE,TEXAS,1,0,0,0,1,,,,,,,,,,,,,,,,,,,,
9/1/2026,2025,20260586,23194,39504,"MAGELLAN CRUDE OIL PIPELINE COMPANY, L.P.",HVL,INTRASTATE,TEXAS,,,,,,,,,,,,,,,,,,,,,,,,,
9/1/2026,2025,20260286,22888,39506,PEAK MIDSTREAM GOLDSBORO LLC,Refined and/or Petroleum Product (non-HVL),INTRASTATE,NORTH CAROLINA,0,0,0,0,0,0,0,0,0,0,0,0,0,0,0,0,0,0,0,0,0,0,0,0,0
9/1/2026,2025,20260631,23239,39509,"ITC PIPELINE COMPANY, LLC",Refined and/or Petroleum Product (non-HVL),INTRASTATE,TEXAS,,,,,,0,3,0,0,3,,,,,,,,,,,,,,,
9/1/2026,2025,20260538,23144,39518,KINDER MORGAN UTOPIA LLC,HVL,INTERSTATE,MICHIGAN,,,,,,,,,,,0,0,0,0,0,,,,,,,,,,
9/1/2026,2025,20260538,23144,39518,KINDER MORGAN UTOPIA LLC,HVL,INTERSTATE,OHIO,,,,,,,,,,,0,0,0,0,0,,,,,,,,,,
9/1/2026,2025,20260522,23128,39532,TORRANCE BASIN PIPELINE COMPANY LLC,Crude Oil,INTRASTATE,CALIFORNIA,0,0,0,0,0,0,0,0,0,0,0,0,0,0,0,0,0,0,0,0,0,0,0,0,0
9/1/2026,2025,20260523,23129,39532,TORRANCE BASIN PIPELINE COMPANY LLC,Refined and/or Petroleum Product (non-HVL),INTRASTATE,CALIFORNIA,0,0,0,0,0,0,0,0,0,0,0,0,0,0,0,0,0,0,0,0,0,0,0,0,0
9/1/2026,2025,20260524,23130,39533,TORRANCE LOGISTICS COMPANY LLC,Crude Oil,INTRASTATE,CALIFORNIA,0,0,0,6,6,0,0,0,0,0,0,0,0,0,0,0,0,0,0,0,0,0,0,0,0
9/1/2026,2025,20260525,23131,39533,TORRANCE LOGISTICS COMPANY LLC,Refined and/or Petroleum Product (non-HVL),INTRASTATE,CALIFORNIA,0,0,0,0,0,10,8,0,0,18,0,0,0,0,0,0,0,0,0,0,0,0,0,0,0
9/1/2026,2025,20260526,23132,39534,TORRANCE VALLEY PIPELINE COMPANY LLC,Crude Oil,INTRASTATE,CALIFORNIA,4,5,1,2,12,0,0,0,0,0,0,0,0,0,0,0,0,0,0,0,0,0,0,0,0
9/1/2026,2025,20260527,23133,39535,TORRANCE PIPELINE COMPANY LLC,Crude Oil,INTRASTATE,CALIFORNIA,0,0,0,0,0,0,0,0,0,0,0,0,0,0,0,0,0,0,0,0,0,0,0,0,0
9/1/2026,2025,20260528,23134,39535,TORRANCE PIPELINE COMPANY LLC,Refined and/or Petroleum Product (non-HVL),INTRASTATE,CALIFORNIA,0,0,0,0,0,2,0,0,0,2,0,0,0,0,0,0,0,0,0,0,0,0,0,0,0
9/1/2026,2025,20260066,22639,39543,"RIVERSIDE ENERGY MICHIGAN, LLC",CO2,INTRASTATE,MICHIGAN,,,,,,,,,,,,,,,,0,,,,0,,,,,
9/1/2026,2025,20260275,22876,39551,"STAKEHOLDER MIDSTREAM CRUDE OIL PIPELINE, LLC",Crude Oil,INTERSTATE,NEW MEXICO,,,,,,,,,,,,,,,,,,,,,,,,,
9/1/2026,2025,20260275,22876,39551,"STAKEHOLDER MIDSTREAM CRUDE OIL PIPELINE, LLC",Crude Oil,INTERSTATE,TEXAS,2,,,,2,,,,,,,,,,,,,,,,,,,,
9/1/2026,2025,20260399,23005,39556,ISLAND ENERGY SERVICES,Refined and/or Petroleum Product (non-HVL),INTRASTATE,HAWAII,0,0,0,0,0,0,0,0,0,0,0,0,0,0,0,0,0,0,0,0,0,0,0,0,0
9/1/2026,2025,20260151,22744,39565,TORRENT OIL LLC,Crude Oil,INTRASTATE,TEXAS,0,0,0,0,0,0,0,0,0,0,0,0,0,0,0,0,0,0,0,0,0,0,0,0,0
9/1/2026,2025,20260331,22933,39566,TARGA NORTHERN DELAWARE LLC,HVL,INTRASTATE,NEW MEXICO,0,0,0,0,0,0,0,0,0,0,0,0,0,0,0,0,0,0,0,0,0,0,0,0,0
9/1/2026,2025,20260731,23372,39581,CALIBER BEAR DEN INTERCONNECT LLC,Crude Oil,INTRASTATE,NORTH DAKOTA,0,0,0,0,0,,,,,,,,,,,,,,,,,,,,
9/1/2026,2025,20260175,22769,39587,"SAVAGE BAKKEN CONNECTOR, INC",Crude Oil,INTERSTATE,NORTH DAKOTA,0,4,0,1,5,0,0,0,0,0,0,0,0,0,0,0,0,0,0,0,0,0,0,0,0
9/1/2026,2025,20260229,22828,39589,"STATELINE CRUDE, LLC",Crude Oil,INTERSTATE,NEW MEXICO,0,0,0,0,0,,,,,,,,,,,,,,,,,,,,
9/1/2026,2025,20260229,22828,39589,"STATELINE CRUDE, LLC",Crude Oil,INTERSTATE,TEXAS,2,0,0,0,2,,,,,,,,,,,,,,,,,,,,
9/1/2026,2025,20260229,22828,39589,"STATELINE CRUDE, LLC",Crude Oil,INTRASTATE,NEW MEXICO,0,0,0,0,0,,,,,,,,,,,,,,,,,,,,
9/1/2026,2025,20260229,22828,39589,"STATELINE CRUDE, LLC",Crude Oil,INTRASTATE,TEXAS,0,0,0,0,0,,,,,,,,,,,,,,,,,,,,
9/1/2026,2025,20260693,23394,39593,QEP ENERGY COMPANY,Crude Oil,INTRASTATE,TEXAS,1,1,0,0,2,0,0,0,0,0,0,0,0,0,0,0,0,0,0,0,0,0,0,0,0
9/1/2026,2025,20260291,22893,39596,PERMIAN EXPRESS PARTNERS LLC,Crude Oil,INTERSTATE,ARKANSAS,0,0,0,0,0,0,0,0,0,0,0,0,0,0,0,0,0,0,0,0,0,0,0,0,0
9/1/2026,2025,20260291,22893,39596,PERMIAN EXPRESS PARTNERS LLC,Crude Oil,INTERSTATE,ILLINOIS,0,11,9,3,23,0,0,0,0,0,0,0,0,0,0,0,0,0,0,0,0,0,0,0,0
9/1/2026,2025,20260291,22893,39596,PERMIAN EXPRESS PARTNERS LLC,Crude Oil,INTERSTATE,LOUISIANA,0,6,1,0,7,0,0,0,0,0,0,0,0,0,0,0,0,0,0,0,0,0,0,0,0
9/1/2026,2025,20260291,22893,39596,PERMIAN EXPRESS PARTNERS LLC,Crude Oil,INTERSTATE,MISSOURI,0,0,0,0,0,0,0,0,0,0,0,0,0,0,0,0,0,0,0,0,0,0,0,0,0
9/1/2026,2025,20260291,22893,39596,PERMIAN EXPRESS PARTNERS LLC,Crude Oil,INTERSTATE,TEXAS,0,0,1,0,1,0,0,0,0,0,0,0,0,0,0,0,0,0,0,0,0,0,0,0,0
9/1/2026,2025,20260291,22893,39596,PERMIAN EXPRESS PARTNERS LLC,Crude Oil,INTRASTATE,TEXAS,0,0,4,0,4,0,0,0,0,0,0,0,0,0,0,0,0,0,0,0,0,0,0,0,0
9/1/2026,2025,20260292,22894,39596,PERMIAN EXPRESS PARTNERS LLC,HVL,INTRASTATE,OKLAHOMA,0,0,0,0,0,0,0,0,0,0,0,0,0,0,0,0,0,0,0,0,0,0,0,0,0
9/1/2026,2025,20260042,22611,39600,VAQUERO PERMIAN PROCESSING LLC,HVL,INTRASTATE,TEXAS,,,,,,,,,,,0,0,0,0,0,,,,,,,,,,
9/1/2026,2025,20260715,23349,39610,"CPE GATHERING MIDCON, LLC",Crude Oil,INTRASTATE,OKLAHOMA,0,1,0,0,1,0,0,0,0,0,0,0,0,0,0,0,0,0,0,0,0,0,0,0,0
9/1/2026,2025,20260341,22943,39617,EQUILON ENTERPRISES LLC DBA SHELL OIL PRODUCTS US - CONVENT REFINERY,HVL,INTRASTATE,LOUISIANA,0,0,0,0,0,0,0,0,0,0,0,0,0,0,0,0,0,0,0,0,0,0,0,0,0
9/1/2026,2025,20260516,23122,39618,TORRANCE REFINING COMPANY LLC,Crude Oil,INTRASTATE,CALIFORNIA,0,0,2,0,2,0,0,0,0,0,0,0,0,0,0,0,0,0,0,0,0,0,0,0,0
9/1/2026,2025,20260256,22855,39636,"CARBON CALIFORNIA OPERATING COMPANY, LLC",Crude Oil,INTRASTATE,CALIFORNIA,0,0,0,0,0,0,0,0,0,0,0,0,0,0,0,0,0,0,0,0,0,0,0,0,0
9/1/2026,2025,20260114,22957,39637,UTAH GAS OP LTD DBA UTAH GAS CORP,HVL,INTERSTATE,COLORADO,,,,,,,,,,,0,0,0,0,0,,,,,,,,,,
9/1/2026,2025,20260114,22957,39637,UTAH GAS OP LTD DBA UTAH GAS CORP,HVL,INTERSTATE,UTAH,,,,,,,,,,,0,0,0,0,0,,,,,,,,,,
9/1/2026,2025,20260072,22650,39639,TANKS R US,Refined and/or Petroleum Product (non-HVL),INTERSTATE,MICHIGAN,0,0,0,0,0,0,1,0,0,1,0,0,0,0,0,0,0,0,0,0,0,0,0,0,0
9/1/2026,2025,20260418,23024,39647,VALERO TEXAS CITY REFINERY,Refined and/or Petroleum Product (non-HVL),INTRASTATE,TEXAS,,,,,,0,0,0,0,0,,,,,,,,,,,,,,,
9/1/2026,2025,20260567,23173,39648,VALERO HOUSTON REFINERY,Crude Oil,INTRASTATE,TEXAS,0,0,0,0,0,0,0,0,0,0,0,0,0,0,0,0,0,0,0,0,0,0,0,0,0
9/1/2026,2025,20260569,23175,39648,VALERO HOUSTON REFINERY,HVL,INTRASTATE,TEXAS,0,0,0,0,0,0,0,0,0,0,0,0,0,0,0,0,0,0,0,0,0,0,0,0,0
9/1/2026,2025,20260568,23174,39648,VALERO HOUSTON REFINERY,Refined and/or Petroleum Product (non-HVL),INTRASTATE,TEXAS,0,0,0,0,0,0,0,0,0,0,0,0,0,0,0,0,0,0,0,0,0,0,0,0,0
9/1/2026,2025,20260174,22768,39649,"IRONWOOD OPERATING COMPANY, LLC",Crude Oil,INTRASTATE,TEXAS,2,,,,2,,,,,,,,,,,,,,,,,,,,
9/1/2026,2025,20260365,22971,39654,ORYX DELAWARE OIL TRANSPORT LLC,Crude Oil,INTERSTATE,NEW MEXICO,1,1,1,0,3,0,0,0,0,0,0,0,0,0,0,0,0,0,0,0,0,0,0,0,0
9/1/2026,2025,20260365,22971,39654,ORYX DELAWARE OIL TRANSPORT LLC,Crude Oil,INTERSTATE,TEXAS,14,1,10,2,27,0,0,0,0,0,0,0,0,0,0,0,0,0,0,0,0,0,0,0,0
9/1/2026,2025,20260365,22971,39654,ORYX DELAWARE OIL TRANSPORT LLC,Crude Oil,INTRASTATE,NEW MEXICO,1,0,0,0,1,0,0,0,0,0,0,0,0,0,0,0,0,0,0,0,0,0,0,0,0
9/1/2026,2025,20260365,22971,39654,ORYX DELAWARE OIL TRANSPORT LLC,Crude Oil,INTRASTATE,TEXAS,3,0,0,0,3,0,0,0,0,0,0,0,0,0,0,0,0,0,0,0,0,0,0,0,0
9/1/2026,2025,20260280,22882,39663,ALA ENERGY LLC,HVL,INTRASTATE,WASHINGTON,,,,,,,,,,,0,0,0,1,1,,,,,,,,,,
9/1/2026,2025,20260252,22851,39684,ROCKY MOUNTAIN MIDSTREAM PIPELINE LLC,Crude Oil,INTRASTATE,COLORADO,,,,,,,,,,,,,,,,,,,,,,,,,
9/1/2026,2025,20260253,22852,39684,ROCKY MOUNTAIN MIDSTREAM PIPELINE LLC,HVL,INTRASTATE,COLORADO,,,,,,,,,,,,,,,,,,,,,,,,,
9/1/2026,2025,20260018,22578,39694,"BRIDGE ENERGY, LLC",Crude Oil,INTRASTATE,CALIFORNIA,0,0,0,0,0,,,,,,,,,,,,,,,,,,,,
9/1/2026,2025,20260294,22896,39698,EXTEX OPERATING COMPANY,Crude Oil,INTRASTATE,LOUISIANA,0,0,0,0,0,,,,,,,,,,,,,,,,,,,,
9/1/2026,2025,20260288,22890,39706,ENERGY TRANSFER NEDERLAND TERMINAL LLC,Crude Oil,INTERSTATE,TEXAS,1,0,2,68,71,0,0,0,0,0,0,0,0,0,0,0,0,0,0,0,0,0,0,0,0
9/1/2026,2025,20260638,23246,39713,CANTIUM. LLC,Crude Oil,INTERSTATE,LOUISIANA,0,0,0,0,0,,,,,,,,,,,,,,,,,,,,
9/1/2026,2025,20260638,23246,39713,CANTIUM. LLC,Crude Oil,INTERSTATE,OCS-Gulf of America,0,0,0,0,0,,,,,,,,,,,,,,,,,,,,
9/1/2026,2025,20260644,23252,39731,VANTAGE PIPELINE US LP,HVL,INTERSTATE,NORTH DAKOTA,0,0,0,0,0,0,0,0,0,0,0,0,0,0,0,0,0,0,0,0,0,0,0,0,0
9/1/2026,2025,20260669,23279,39739,OCELOT ENERGY MANAGEMENT LLC,Refined and/or Petroleum Product (non-HVL),INTRASTATE,TEXAS,0,0,0,0,0,0,0,0,0,0,0,0,0,0,0,0,0,0,0,0,0,0,0,0,0
9/1/2026,2025,20260324,22926,39745,"SEAPORT MIDSTREAM PARTNERS, LLC.",Refined and/or Petroleum Product (non-HVL),INTRASTATE,OREGON,0,0,0,0,0,10,2,1,0,13,0,0,0,0,0,0,0,0,0,0,0,0,0,0,0
9/1/2026,2025,20260687,23298,39746,ELEVATION MIDSTREAM,Crude Oil,INTRASTATE,COLORADO,9,0,1,0,10,0,0,0,0,0,0,0,0,,0,0,0,0,0,0,0,0,0,0,0
9/1/2026,2025,20260274,22875,39752,"STAKEHOLDER GAS UTILITY, LLC",HVL,INTRASTATE,TEXAS,0,0,0,0,0,0,0,0,0,0,0,0,0,0,0,0,0,0,0,0,0,0,0,0,0
9/1/2026,2025,20260205,22803,39753,WILLIAMS FRONT RANGE LLC,HVL,INTRASTATE,COLORADO,,,,,,,,,,,,,,,,,,,,,,,,,
9/1/2026,2025,20260087,22668,39754,CAPTUREPOINT LLC,CO2,INTERSTATE,KANSAS,,,,,,,,,,,,,,,,0,0,0,0,0,,,,,
9/1/2026,2025,20260087,22668,39754,CAPTUREPOINT LLC,CO2,INTERSTATE,OKLAHOMA,,,,,,,,,,,,,,,,0,0,0,0,0,,,,,
9/1/2026,2025,20260087,22668,39754,CAPTUREPOINT LLC,CO2,INTERSTATE,TEXAS,,,,,,,,,,,,,,,,0,0,0,0,0,,,,,
9/1/2026,2025,20260278,22880,39760,"DOW INFRACO, LLC - SDO",HVL,INTRASTATE,TEXAS,0,0,0,0,0,0,0,0,0,0,0,0,0,0,0,0,0,0,0,0,0,0,0,0,0
9/1/2026,2025,20260277,22879,39760,"DOW INFRACO, LLC - SDO",Refined and/or Petroleum Product (non-HVL),INTRASTATE,TEXAS,0,0,0,0,0,0,0,0,0,0,0,0,0,0,0,0,0,0,0,0,0,0,0,0,0
9/1/2026,2025,20260016,22576,39771,ELK OPERATING SERVICES LLC,CO2,INTERSTATE,COLORADO,,,,,,,,,,,,,,,,0,0,0,0,0,,,,,
9/1/2026,2025,20260016,22576,39771,ELK OPERATING SERVICES LLC,CO2,INTERSTATE,UTAH,,,,,,,,,,,,,,,,0,0,0,0,0,,,,,
9/1/2026,2025,20260069,22647,39774,"GLASS MOUNTAIN PIPELINE, LLC",Crude Oil,INTRASTATE,OKLAHOMA,0,1,2,0,3,,,,,,,,,,,,,,,,,,,,
9/1/2026,2025,20260096,22678,39794,"GULFMARK ENERGY, INC.",Crude Oil,INTRASTATE,TEXAS,0,0,0,0,0,,,,,,,,,,,,,,,,,,,,
9/1/2026,2025,20260090,22671,39805,"THOMPSON WEBSTER PIPELINE, INC.",Crude Oil,INTRASTATE,TEXAS,0,0,0,0,0,0,0,0,0,0,0,0,0,0,0,0,0,0,0,0,0,0,0,0,0
9/1/2026,2025,20260694,23395,39810,DIAMONDBACK E&P LLC,Crude Oil,INTRASTATE,TEXAS,0,0,0,0,0,0,0,0,0,0,0,0,0,0,0,0,0,0,0,0,0,0,0,0,0
9/1/2026,2025,20260242,22841,39815,"GT PIPELINE, LLC",Refined and/or Petroleum Product (non-HVL),INTRASTATE,TEXAS,,,,,,0,0,0,0,0,,,,,,,,,,,,,,,
9/1/2026,2025,20260426,23032,39819,BREITBURN ENERGY CO2,CO2,INTERSTATE,NEW MEXICO,0,0,0,0,0,0,0,0,0,0,0,0,0,0,0,0,0,0,0,0,0,0,0,0,0
9/1/2026,2025,20260426,23032,39819,BREITBURN ENERGY CO2,CO2,INTERSTATE,OKLAHOMA,0,0,0,0,0,0,0,0,0,0,0,0,0,0,0,0,0,0,0,0,0,0,0,0,0
9/1/2026,2025,20260426,23032,39819,BREITBURN ENERGY CO2,CO2,INTERSTATE,TEXAS,0,0,0,0,0,0,0,0,0,0,0,0,0,0,0,0,0,0,0,0,0,0,0,0,0
9/1/2026,2025,20260243,22842,39820,"MAVERICK TERMINALS CORPUS, LLC",Refined and/or Petroleum Product (non-HVL),INTRASTATE,TEXAS,,,,,,0,0,0,0,0,,,,,,,,,,,,,,,
9/1/2026,2025,20260074,22660,39822,"SCM PR, LLC",Crude Oil,INTERSTATE,WYOMING,0,3,5,0,8,0,0,0,0,0,0,0,0,0,0,0,0,0,0,0,0,0,0,0,0
9/1/2026,2025,20260192,23364,39823,TARGA DOWNSTREAM LLC,HVL,INTERSTATE,NEW MEXICO,0,0,0,0,0,0,0,0,0,0,0,0,0,0,0,0,0,0,0,0,0,0,0,0,0
9/1/2026,2025,20260192,23364,39823,TARGA DOWNSTREAM LLC,HVL,INTERSTATE,OKLAHOMA,0,0,0,0,0,0,0,0,0,0,0,0,0,0,0,0,0,0,0,0,0,0,0,0,0
9/1/2026,2025,20260192,23364,39823,TARGA DOWNSTREAM LLC,HVL,INTERSTATE,TEXAS,0,0,0,0,0,0,0,0,0,0,0,0,0,0,0,0,0,0,0,0,0,0,0,0,0
9/1/2026,2025,20260192,23364,39823,TARGA DOWNSTREAM LLC,HVL,INTRASTATE,NEW MEXICO,0,0,0,0,0,0,0,0,0,0,0,0,0,0,0,0,0,0,0,0,0,0,0,0,0
9/1/2026,2025,20260192,23364,39823,TARGA DOWNSTREAM LLC,HVL,INTRASTATE,TEXAS,0,0,0,0,0,0,0,0,0,0,0,0,0,0,0,0,0,0,0,0,0,0,0,0,0
9/1/2026,2025,20260225,22824,39833,"SAN MATEO BLACK RIVER OIL PIPELINE, LLC",Crude Oil,INTRASTATE,NEW MEXICO,1,,,,1,,,,,,,,,,,,,,,,,,,,
9/1/2026,2025,20260075,22659,39841,RED BUTTE PIPELINE LLC,Crude Oil,INTERSTATE,MONTANA,0,1,0,0,1,0,0,0,0,0,0,0,0,0,0,0,0,0,0,0,0,0,0,0,0
9/1/2026,2025,20260075,22659,39841,RED BUTTE PIPELINE LLC,Crude Oil,INTERSTATE,WYOMING,0,10,0,0,10,0,0,0,0,0,0,0,0,0,0,0,0,0,0,0,0,0,0,0,0
9/1/2026,2025,20260070,22648,39869,NAVIGATOR SMS PIPELINE,Crude Oil,INTRASTATE,OKLAHOMA,0,7,0,2,9,,,,,,,,,,,,,,,,,,,,
9/1/2026,2025,20260264,22863,39887,"TEXOMA CRUDE OIL PIPELINE CO., LLC",Crude Oil,INTERSTATE,OKLAHOMA,0,2,0,0,2,0,0,0,0,0,0,0,0,0,0,0,0,0,0,0,0,0,0,0,0
9/1/2026,2025,20260264,22863,39887,"TEXOMA CRUDE OIL PIPELINE CO., LLC",Crude Oil,INTERSTATE,TEXAS,2,3,0,0,5,0,0,0,0,0,0,0,0,0,0,0,0,0,0,0,0,0,0,0,0
9/1/2026,2025,20260264,22863,39887,"TEXOMA CRUDE OIL PIPELINE CO., LLC",Crude Oil,INTRASTATE,OKLAHOMA,4,0,0,0,4,0,0,0,0,0,0,0,0,0,0,0,0,0,0,0,0,0,0,0,0
9/1/2026,2025,20260264,22863,39887,"TEXOMA CRUDE OIL PIPELINE CO., LLC",Crude Oil,INTRASTATE,TEXAS,1,4,0,0,5,0,0,0,0,0,0,0,0,0,0,0,0,0,0,0,0,0,0,0,0
9/1/2026,2025,20260710,23326,39888,FORE RIVER ENERGY CENTER,Refined and/or Petroleum Product (non-HVL),INTRASTATE,MASSACHUSETTS,0,0,0,0,0,0,0,0,0,0,0,0,0,0,0,0,0,0,0,0,0,0,0,0,0
9/1/2026,2025,20260472,23078,39892,DAYLIGHT PETROLEUM LLC,CO2,INTRASTATE,OKLAHOMA,,,,,,,,,,,,,,,,0,0,0,0,0,,,,,
9/1/2026,2025,20260470,23076,39892,DAYLIGHT PETROLEUM LLC,Crude Oil,INTRASTATE,TEXAS,0,0,0,0,0,,,,,,,,,,,,,,,,,,,,
9/1/2026,2025,20260468,23074,39892,DAYLIGHT PETROLEUM LLC,HVL,INTRASTATE,OKLAHOMA,,,,,,,,,,,0,0,0,0,0,,,,,,,,,,
9/1/2026,2025,20260357,22963,39910,CANES MIDSTREAM PRODUCTS LLC,HVL,INTRASTATE,TEXAS,,,,,,,,,,,0,0,0,0,0,,,,,,,,,,
9/1/2026,2025,20260450,23056,39941,"MARKWEST UTICA EMG, L.L.C.",HVL,INTERSTATE,OHIO,0,0,0,0,0,0,0,0,0,0,0,0,0,0,0,0,0,0,0,0,0,0,0,0,0
9/1/2026,2025,20260450,23056,39941,"MARKWEST UTICA EMG, L.L.C.",HVL,INTRASTATE,OHIO,0,0,0,0,0,0,0,0,0,0,0,0,0,0,0,0,0,0,0,0,0,0,0,0,0
9/1/2026,2025,20260641,23249,39942,"RAVEN BUTENE-1, LLC",HVL,INTRASTATE,TEXAS,,,,,,,,,,,0,0,0,0,0,,,,,,,,,,
9/1/2026,2025,20260206,22804,39944,BLUESTEM PIPELINE LLC,HVL,INTERSTATE,KANSAS,,,,,,,,,,,,,,,,,,,,,,,,,
9/1/2026,2025,20260236,22835,39950,"DKL DELAWARE GATHERING, LLC",Crude Oil,INTRASTATE,NEW MEXICO,1,1,0,0,2,0,0,0,0,0,0,0,0,0,0,0,0,0,0,0,0,0,0,0,0
9/1/2026,2025,20260237,22836,39950,"DKL DELAWARE GATHERING, LLC",HVL,INTRASTATE,NEW MEXICO,0,0,0,0,0,0,0,0,0,0,0,0,0,0,0,0,0,0,0,0,0,0,0,0,0
9/1/2026,2025,20260134,22727,39956,"MID-ALASKA PIPELINE, LLC",Crude Oil,INTRASTATE,ALASKA,0,0,0,0,0,0,0,0,0,0,0,0,0,0,0,0,0,0,0,0,0,0,0,0,0
9/1/2026,2025,20260113,22701,39962,"AMP NGL PIPELINES, LLC",HVL,INTRASTATE,TEXAS,,,,,,,,,,,0,0,0,0,0,,,,,,,,,,
9/1/2026,2025,20260214,22812,39963,"TALLGRASS POWDER RIVER GATEWAY, LLC",Crude Oil,INTERSTATE,WYOMING,0,0,4,3,7,,,,,,,,,,,,,,,,,,,,
9/1/2026,2025,20260283,22885,39967,"IMPERIAL CRUDE, LLC",Crude Oil,INTRASTATE,TEXAS,0,0,0,0,0,,,,,,,,,,,,,,,,,,,,
9/1/2026,2025,20260091,23386,39973,WRB REFINING LP - WOOD RIVER REFINERY,Crude Oil,INTERSTATE,ILLINOIS,,,3,,3,,,,,,,,,,,,,,,,,,,,
9/1/2026,2025,20260107,22696,39985,COLLEGIATE MIDSTREAM LLC,Crude Oil,INTRASTATE,TEXAS,0,0,0,0,0,0,0,0,0,0,0,0,0,0,0,0,0,0,0,0,0,0,0,0,0
9/1/2026,2025,20260121,22714,40000,CP ENERGY LLC,Crude Oil,INTRASTATE,NEW MEXICO,0,0,0,0,0,0,0,0,0,0,0,0,0,0,0,0,0,0,0,0,0,0,0,0,0
9/1/2026,2025,20260121,22714,40000,CP ENERGY LLC,Crude Oil,INTRASTATE,OKLAHOMA,0,0,0,0,0,0,0,0,0,0,0,0,0,0,0,0,0,0,0,0,0,0,0,0,0
9/1/2026,2025,20260460,23066,40004,WILDCAT OIL GATHERING,Crude Oil,INTRASTATE,OKLAHOMA,0,0,0,0,0,,,,,,,,,,,,,,,,,,,,
9/1/2026,2025,20260730,23371,40010,CALIBER SPRING CREEK LLC,Crude Oil,INTRASTATE,NORTH DAKOTA,8,0,0,0,8,,,,,,,,,,,,,,,,,,,,
9/1/2026,2025,20260199,22797,40016,"SADDLE BUTTE POWDER FLATS MIDSTREAM, LLC",Crude Oil,INTRASTATE,WYOMING,1,0,1,0,2,0,0,0,0,0,0,0,0,0,0,0,0,0,0,0,0,0,0,0,0
9/1/2026,2025,20260702,23313,40026,"WINK TO WEBSTER PIPELINE, LLC",Crude Oil,INTRASTATE,TEXAS,0,0,0,0,0,,,,,,,,,,,,,,,,,,,,
9/1/2026,2025,20260728,23369,40028,LAMBDA ENERGY GATHERING LLC,Crude Oil,INTERSTATE,MICHIGAN,3,0,1,0,4,0,0,0,0,0,0,0,0,0,0,0,0,0,0,0,0,0,0,0,0
9/1/2026,2025,20260440,23332,40030,"GIBSON ENERGY INFRASTRUCTURE, LLC",Crude Oil,INTRASTATE,TEXAS,2,0,0,0,2,,,,,,,,,,,,,,,,,,,,
9/1/2026,2025,20260643,23251,40033,"VOPAK TERMINALS DEER PARK, INC.",HVL,INTRASTATE,TEXAS,,,,,,,,,,,0,0,0,0,0,,,,,,,,,,
9/1/2026,2025,20260639,23247,40033,"VOPAK TERMINALS DEER PARK, INC.",Refined and/or Petroleum Product (non-HVL),INTRASTATE,TEXAS,,,,,,0,0,0,0,0,,,,,,,,,,,,,,,
9/1/2026,2025,20260581,23187,40034,TEXAS PETROLEUM INVESTMENT COMPANY,Crude Oil,INTRASTATE,LOUISIANA,0,0,0,0,0,,,,,,,,,,,,,,,,,,,,
9/1/2026,2025,20260119,22712,40050,ECO ENERGY NATURAL GAS LLC,HVL,INTRASTATE,TENNESSEE,,,,,,,,,,,0,0,0,0,0,,,,,,,,,,
9/1/2026,2025,20260316,22918,40051,VALERO REFINING - MERAUX LLC,Refined and/or Petroleum Product (non-HVL),INTRASTATE,LOUISIANA,0,0,0,2,2,0,0,0,0,0,0,0,0,0,0,0,0,0,0,0,0,0,0,0,0
9/1/2026,2025,20260364,22970,40059,"ORYX MIDLAND OIL GATHERING, LLC",Crude Oil,INTRASTATE,TEXAS,2,2,0,0,4,0,0,0,0,0,0,0,0,0,0,0,0,0,0,0,0,0,0,0,0
9/1/2026,2025,20260391,22997,40061,"CUSHING CONNECT PIPELINE HOLDINGS, LLC.",Crude Oil,INTRASTATE,OKLAHOMA,0,0,0,0,0,,,,,,,,,,,,,,,,,,,,
9/1/2026,2025,20260062,22633,40063,"ROARING FORK MIDSTREAM, LLC",Crude Oil,INTRASTATE,WYOMING,0,0,0,0,0,0,0,0,0,0,0,0,0,0,0,0,0,0,0,0,0,0,0,0,0
9/1/2026,2025,20260061,22632,40063,"ROARING FORK MIDSTREAM, LLC",HVL,INTERSTATE,COLORADO,0,0,0,0,0,0,0,0,0,0,0,0,0,0,0,0,0,0,0,0,0,0,0,0,0
9/1/2026,2025,20260061,22632,40063,"ROARING FORK MIDSTREAM, LLC",HVL,INTERSTATE,WYOMING,0,0,0,0,0,0,0,0,0,0,0,0,0,0,0,0,0,0,0,0,0,0,0,0,0
9/1/2026,2025,20260519,23125,40076,MARTINEZ PIPELINE COMPANY LLC,Refined and/or Petroleum Product (non-HVL),INTRASTATE,CALIFORNIA,0,0,0,0,0,0,0,0,0,0,0,0,0,0,0,0,0,0,0,0,0,0,0,0,0
9/1/2026,2025,20260650,23258,40080,INDORAMA VENTURES OXIDES LLC,HVL,INTRASTATE,TEXAS,0,0,0,0,0,0,0,0,0,0,0,0,0,0,0,0,0,0,0,0,0,0,0,0,0
9/1/2026,2025,20260649,23257,40080,INDORAMA VENTURES OXIDES LLC,Refined and/or Petroleum Product (non-HVL),INTRASTATE,TEXAS,0,0,0,0,0,0,0,0,0,0,0,0,0,0,0,0,0,0,0,0,0,0,0,0,0
9/1/2026,2025,20260514,23120,40087,HILAND SANDERSON SYSTEM LLC,HVL,INTRASTATE,NORTH DAKOTA,,,,,,,,,,,0,0,0,0,0,,,,,,,,,,
9/1/2026,2025,20260052,22622,40122,BCE-MACH III MIDSTREAM HOLDINGS LLC,HVL,INTRASTATE,OKLAHOMA,0,0,0,0,0,0,0,0,0,0,0,0,0,0,0,0,0,0,0,0,0,0,0,0,0
9/1/2026,2025,20260394,23000,40127,"THE SAN ANTONIO REFINERY, LLC",Crude Oil,INTRASTATE,TEXAS,4,0,0,0,4,,,,,,,,,,,,,,,,,,,,
9/1/2026,2025,20260184,22780,40134,PASADENA PERFORMANCE PRODUCTS,HVL,INTRASTATE,TEXAS,,,,,,,,,,,0,0,0,0,0,,,,,,,,,,
9/1/2026,2025,20260185,22781,40134,PASADENA PERFORMANCE PRODUCTS,Refined and/or Petroleum Product (non-HVL),INTRASTATE,TEXAS,,,,,,0,0,0,0,0,,,,,,,,,,,,,,,
9/1/2026,2025,20260172,22765,40135,"EVERLINE COMPLIANCE, LLC",CO2,INTRASTATE,TEXAS,,,,,,,,,,,,,,,,0,0,0,0,0,,,,,
9/1/2026,2025,20260007,22565,40138,"ECHO CANYON PIPELINE, LLC",Crude Oil,INTRASTATE,TEXAS,2,1,0,0,3,0,0,0,0,0,0,0,0,0,0,0,0,0,0,0,0,0,0,0,0
9/1/2026,2025,20260160,22753,40142,"MAX MIDSTREAM TEXAS, LLC",Crude Oil,INTRASTATE,TEXAS,0,0,5,6,11,0,0,0,0,0,0,0,0,0,0,0,0,0,0,0,0,0,0,0,0
9/1/2026,2025,20260125,22718,40145,"POTAC, LLC",Crude Oil,INTRASTATE,TEXAS,2,0,0,12,14,,,,,,,,,,,,,,,,,,,,
9/1/2026,2025,20260126,22719,40145,"POTAC, LLC",Refined and/or Petroleum Product (non-HVL),INTRASTATE,TEXAS,,,,,,2,1,2,2,7,,,,,,,,,,,,,,,
9/1/2026,2025,20260659,23267,40146,"CONTINENTAL RESOURCES, INC.",Crude Oil,INTRASTATE,NORTH DAKOTA,0,0,1,0,1,0,0,0,0,0,0,0,0,0,0,0,0,0,0,0,0,0,0,0,0
9/1/2026,2025,20260659,23267,40146,"CONTINENTAL RESOURCES, INC.",Crude Oil,INTRASTATE,OKLAHOMA,0,0,0,0,0,0,0,0,0,0,0,0,0,0,0,0,0,0,0,0,0,0,0,0,0
9/1/2026,2025,20260659,23267,40146,"CONTINENTAL RESOURCES, INC.",Crude Oil,INTRASTATE,WYOMING,0,0,0,0,0,0,0,0,0,0,0,0,0,0,0,0,0,0,0,0,0,0,0,0,0
9/1/2026,2025,20260452,23058,40149,MPLX LP,Crude Oil,INTERSTATE,MONTANA,0,0,0,0,0,0,0,0,0,0,0,0,0,0,0,0,0,0,0,0,0,0,0,0,0
9/1/2026,2025,20260452,23058,40149,MPLX LP,Crude Oil,INTERSTATE,NEW MEXICO,4,11,0,0,15,0,0,0,0,0,0,0,0,0,0,0,0,0,0,0,0,0,0,0,0
9/1/2026,2025,20260452,23058,40149,MPLX LP,Crude Oil,INTERSTATE,NORTH DAKOTA,9,2,6,1,18,0,0,0,0,0,0,0,0,0,0,0,0,0,0,0,0,0,0,0,0
9/1/2026,2025,20260452,23058,40149,MPLX LP,Crude Oil,INTERSTATE,TEXAS,2,9,6,8,25,0,0,0,0,0,0,0,0,0,0,0,0,0,0,0,0,0,0,0,0
9/1/2026,2025,20260452,23058,40149,MPLX LP,Crude Oil,INTRASTATE,MONTANA,0,0,0,0,0,0,0,0,0,0,0,0,0,0,0,0,0,0,0,0,0,0,0,0,0
9/1/2026,2025,20260452,23058,40149,MPLX LP,Crude Oil,INTRASTATE,NORTH DAKOTA,1,0,0,0,1,0,0,0,0,0,0,0,0,0,0,0,0,0,0,0,0,0,0,0,0
9/1/2026,2025,20260452,23058,40149,MPLX LP,Crude Oil,INTRASTATE,OKLAHOMA,0,0,0,0,0,0,0,0,0,0,0,0,0,0,0,0,0,0,0,0,0,0,0,0,0
9/1/2026,2025,20260452,23058,40149,MPLX LP,Crude Oil,INTRASTATE,TEXAS,0,0,0,0,0,0,0,0,0,0,0,0,0,0,0,0,0,0,0,0,0,0,0,0,0
9/1/2026,2025,20260451,23057,40149,MPLX LP,HVL,INTERSTATE,KENTUCKY,0,0,0,0,0,0,0,0,0,0,0,0,0,0,0,0,0,0,0,0,0,0,0,0,0
9/1/2026,2025,20260451,23057,40149,MPLX LP,HVL,INTERSTATE,OHIO,0,0,0,0,0,0,0,0,0,0,0,0,0,0,0,0,0,0,0,0,0,0,0,0,0
9/1/2026,2025,20260451,23057,40149,MPLX LP,HVL,INTERSTATE,PENNSYLVANIA,0,0,0,0,0,0,0,0,0,0,0,0,0,0,0,0,0,0,0,0,0,0,0,0,0
9/1/2026,2025,20260451,23057,40149,MPLX LP,HVL,INTERSTATE,WEST VIRGINIA,0,0,0,0,0,0,0,0,0,0,0,0,0,0,0,0,0,0,0,0,0,0,0,0,0
9/1/2026,2025,20260451,23057,40149,MPLX LP,HVL,INTRASTATE,NORTH DAKOTA,0,0,0,0,0,0,0,0,0,0,0,0,0,0,0,0,0,0,0,0,0,0,0,0,0
9/1/2026,2025,20260451,23057,40149,MPLX LP,HVL,INTRASTATE,OKLAHOMA,0,0,0,0,0,0,0,0,0,0,0,0,0,0,0,0,0,0,0,0,0,0,0,0,0
9/1/2026,2025,20260451,23057,40149,MPLX LP,HVL,INTRASTATE,PENNSYLVANIA,0,0,0,0,0,0,0,0,0,0,0,0,0,0,0,0,0,0,0,0,0,0,0,0,0
9/1/2026,2025,20260451,23057,40149,MPLX LP,HVL,INTRASTATE,TEXAS,0,0,0,0,0,0,0,0,0,0,0,0,0,0,0,0,0,0,0,0,0,0,0,0,0
9/1/2026,2025,20260451,23057,40149,MPLX LP,HVL,INTRASTATE,WEST VIRGINIA,0,0,0,0,0,0,0,0,0,0,0,0,0,0,0,0,0,0,0,0,0,0,0,0,0
9/1/2026,2025,20260721,23355,40155,COWBOY MIDSTREAM LLC,Crude Oil,INTRASTATE,WYOMING,0,0,0,0,0,,,,,,,,,,,,,,,,,,,,
9/1/2026,2025,20260123,23381,40158,PORT ARTHUR TERMINAL LLC,Crude Oil,INTRASTATE,TEXAS,0,0,0,2,2,,,,,,,,,,,,,,,,,,,,
9/1/2026,2025,20260445,23051,40165,TEXAS INTERNATIONAL PIPELINES SYSTEM LLC,Crude Oil,INTRASTATE,TEXAS,0,0,0,0,0,,,,,,,,,,,,,,,,,,,,
9/1/2026,2025,20260670,23280,40170,EASTON ENERGY PIPELINES LLC,HVL,INTRASTATE,TEXAS,0,0,0,0,0,0,0,0,0,0,0,0,0,0,0,0,0,0,0,0,0,0,0,0,0
9/1/2026,2025,20260671,23281,40170,EASTON ENERGY PIPELINES LLC,Refined and/or Petroleum Product (non-HVL),INTRASTATE,TEXAS,0,0,0,0,0,0,0,0,0,0,0,0,0,0,0,0,0,0,0,0,0,0,0,0,0
9/1/2026,2025,20260642,23250,40171,PERDIDO ENERGY,Crude Oil,INTRASTATE,LOUISIANA,0,0,0,0,0,,,,,,,,,,,,,,,,,,,,
9/1/2026,2025,20260314,22916,40174,"UNDERGROUND SERVICES MARKHAM, LLC  NGL/Y-MIX",HVL,INTRASTATE,TEXAS,0,0,0,0,0,0,0,0,0,0,0,0,0,0,0,0,0,0,0,0,0,0,0,0,0
9/1/2026,2025,20260127,22720,40177,"LADDER CREEK, LLC",HVL,INTRASTATE,COLORADO,,,,,,,,,,,0,0,0,0,0,,,,,,,,,,
9/1/2026,2025,20260636,23244,40182,TAPROOT ROCKIES MIDSTREAM LLC,Crude Oil,INTRASTATE,COLORADO,0,0,0,0,0,0,0,0,0,0,0,0,0,0,0,0,0,0,0,0,0,0,0,0,0
9/1/2026,2025,20260424,23030,40190,OXY WTP LP,Crude Oil,INTRASTATE,NEW MEXICO,,,,,,,,,,,,,,,,,,,,,,,,,
9/1/2026,2025,20260424,23030,40190,OXY WTP LP,Crude Oil,INTRASTATE,TEXAS,,,,,,,,,,,,,,,,,,,,,,,,,
9/1/2026,2025,20260398,23004,40192,ZENITH ENERGY WEST COAST TERMINALS LLC,Crude Oil,INTRASTATE,CALIFORNIA,6,1,3,20,30,0,0,0,0,0,0,0,0,0,0,0,0,0,0,0,0,0,0,0,0
9/1/2026,2025,20260489,23095,40204,"SCM OPERATIONS, LLC",Crude Oil,INTERSTATE,NEW MEXICO,0,0,0,0,0,,,,,,,,,,,,,,,,,,,,
9/1/2026,2025,20260489,23095,40204,"SCM OPERATIONS, LLC",Crude Oil,INTERSTATE,TEXAS,0,1,0,0,1,,,,,,,,,,,,,,,,,,,,
9/1/2026,2025,20260489,23095,40204,"SCM OPERATIONS, LLC",Crude Oil,INTRASTATE,TEXAS,0,0,0,0,0,,,,,,,,,,,,,,,,,,,,
9/1/2026,2025,20260285,22887,40204,"SCM OPERATIONS, LLC",HVL,INTRASTATE,TEXAS,,,,,,,,,,,0,0,0,0,0,,,,,,,,,,
9/1/2026,2025,20260625,23233,40206,"ROSEFIELD OPERATING COMPANY, LLC",Crude Oil,INTERSTATE,LOUISIANA,0,3,0,0,3,0,0,0,0,0,0,0,0,0,0,0,0,0,0,0,0,0,0,0,0
9/1/2026,2025,20260625,23233,40206,"ROSEFIELD OPERATING COMPANY, LLC",Crude Oil,INTERSTATE,OCS-Gulf of America,0,0,0,0,0,0,0,0,0,0,0,0,0,0,0,0,0,0,0,0,0,0,0,0,0
9/1/2026,2025,20260625,23233,40206,"ROSEFIELD OPERATING COMPANY, LLC",Crude Oil,INTERSTATE,TEXAS,1,0,0,0,1,0,0,0,0,0,0,0,0,0,0,0,0,0,0,0,0,0,0,0,0
9/1/2026,2025,20260580,23188,40213,"BRETON SOUND GATHERING, LLC",Crude Oil,INTRASTATE,LOUISIANA,0,0,0,0,0,,,,,,,,,,,,,,,,,,,,
9/1/2026,2025,20260024,22584,40221,"CURLEW MIDSTREAM, LLC",Crude Oil,INTRASTATE,LOUISIANA,0,0,0,0,0,0,0,0,0,0,0,0,0,0,0,0,0,0,0,0,0,0,0,0,0
9/1/2026,2025,20260664,23272,40238,"DEVON ENERGY WILLISTON, LLC",Crude Oil,INTRASTATE,NORTH DAKOTA,14,1,0,0,15,,,,,,,,,,,,,,,,,,,,
9/1/2026,2025,20260681,23292,40244,"DENBURY GREEN PIPELINE-MONTANA, LLC",CO2,INTERSTATE,MONTANA,0,0,0,0,0,0,0,0,0,0,0,0,0,0,0,0,0,0,0,0,0,0,0,0,0
9/1/2026,2025,20260054,22625,40249,LEESBURG LP,HVL,INTRASTATE,TEXAS,0,0,0,0,0,0,0,0,0,0,0,0,0,0,0,0,0,0,0,0,0,0,0,0,0
9/1/2026,2025,20260356,22962,40252,CANES MIDSTREAM LOGISTICS LLC,Crude Oil,INTRASTATE,TEXAS,0,0,0,0,0,,,,,,,,,,,,,,,,,,,,
9/1/2026,2025,20260678,23289,40256,"DENBURY GREEN PIPELINE-NORTH DAKOTA, LLC",CO2,INTERSTATE,NORTH DAKOTA,0,0,0,0,0,0,0,0,0,0,0,0,0,0,0,0,0,0,0,0,0,0,0,0,0
9/1/2026,2025,20260244,22843,40266,"HEP JAVELINA COMPANY, LLC",HVL,INTRASTATE,TEXAS,,,,,,,,,,,0,0,0,0,0,,,,,,,,,,
9/1/2026,2025,20260653,23275,40268,"GARY CLIMATE SOLUTIONS, LLC",CO2,INTRASTATE,KANSAS,,,,,,,,,,,,,,,,0,0,0,0,0,,,,,
9/1/2026,2025,20260034,22601,40271,INTERNATIONAL- MATEX TANK TERMINALS LLC,Refined and/or Petroleum Product (non-HVL),INTRASTATE,LOUISIANA,0,0,0,0,0,0,0,0,0,0,0,0,0,0,0,0,0,0,0,0,0,0,0,0,0
9/1/2026,2025,20260668,23278,40275,SENTINEL MIDSTREAM OPERATING LLC,Crude Oil,INTERSTATE,TEXAS,0,0,0,0,0,0,0,0,0,0,0,0,0,0,0,0,0,0,0,0,0,0,0,0,0
9/1/2026,2025,20260668,23278,40275,SENTINEL MIDSTREAM OPERATING LLC,Crude Oil,INTRASTATE,LOUISIANA,0,0,0,0,0,0,0,0,0,0,0,0,0,0,0,0,0,0,0,0,0,0,0,0,0
9/1/2026,2025,20260668,23278,40275,SENTINEL MIDSTREAM OPERATING LLC,Crude Oil,INTRASTATE,TEXAS,0,0,0,0,0,0,0,0,0,0,0,0,0,0,0,0,0,0,0,0,0,0,0,0,0
9/1/2026,2025,20260490,23096,40277,"VERTEX REFINING ALABAMA,LLC",Crude Oil,INTRASTATE,ALABAMA,0,0,0,0,0,0,0,0,0,0,0,0,0,0,0,0,0,0,0,0,0,0,0,0,0
9/1/2026,2025,20260491,23097,40277,"VERTEX REFINING ALABAMA,LLC",Refined and/or Petroleum Product (non-HVL),INTRASTATE,ALABAMA,0,0,0,0,0,0,0,0,0,0,0,0,0,0,0,0,0,0,0,0,0,0,0,0,0
9/1/2026,2025,20260136,22729,40279,MENZIES (LAXFUEL),Refined and/or Petroleum Product (non-HVL),INTRASTATE,CALIFORNIA,,,,,,2,,,,2,,,,,,,,,,,,,,,
9/1/2026,2025,20260408,23014,40282,EQUILON ENTERPRISES LLC DBA SHELL OIL PRODUCTS,Fuel Grade Ethanol (dedicated system),INTRASTATE,CALIFORNIA,0,0,0,0,0,0,0,0,0,0,0,0,0,0,0,0,0,0,0,0,0,9,0,0,9
9/1/2026,2025,20260420,23026,40282,EQUILON ENTERPRISES LLC DBA SHELL OIL PRODUCTS,Refined and/or Petroleum Product (non-HVL),INTERSTATE,NEW JERSEY,0,0,0,0,0,4,8,17,2,31,0,0,0,0,0,0,0,0,0,0,0,0,0,0,0
9/1/2026,2025,20260420,23026,40282,EQUILON ENTERPRISES LLC DBA SHELL OIL PRODUCTS,Refined and/or Petroleum Product (non-HVL),INTERSTATE,OREGON,0,0,0,0,0,6,5,0,0,11,0,0,0,0,0,0,0,0,0,0,0,0,0,0,0
9/1/2026,2025,20260420,23026,40282,EQUILON ENTERPRISES LLC DBA SHELL OIL PRODUCTS,Refined and/or Petroleum Product (non-HVL),INTRASTATE,CALIFORNIA,0,0,0,0,0,8,32,20,0,60,0,0,0,0,0,0,0,0,0,0,0,0,0,0,0
9/1/2026,2025,20260600,23208,40283,"SUNOCO, LLC",Refined and/or Petroleum Product (non-HVL),INTERSTATE,MARYLAND,,,,,,0,0,0,0,0,,,,,,,,,,,,,,,
9/1/2026,2025,20260600,23208,40283,"SUNOCO, LLC",Refined and/or Petroleum Product (non-HVL),INTERSTATE,NEW JERSEY,,,,,,0,0,0,0,0,,,,,,,,,,,,,,,
9/1/2026,2025,20260600,23208,40283,"SUNOCO, LLC",Refined and/or Petroleum Product (non-HVL),INTERSTATE,NEW YORK,,,,,,0,0,0,0,0,,,,,,,,,,,,,,,
9/1/2026,2025,20260600,23208,40283,"SUNOCO, LLC",Refined and/or Petroleum Product (non-HVL),INTERSTATE,WASHINGTON DC,,,,,,0,0,0,0,0,,,,,,,,,,,,,,,
9/1/2026,2025,20260600,23208,40283,"SUNOCO, LLC",Refined and/or Petroleum Product (non-HVL),INTRASTATE,NEW JERSEY,,,,,,1,8,4,19,32,,,,,,,,,,,,,,,
9/1/2026,2025,20260600,23208,40283,"SUNOCO, LLC",Refined and/or Petroleum Product (non-HVL),INTRASTATE,OHIO,,,,,,1,0,0,0,1,,,,,,,,,,,,,,,
9/1/2026,2025,20260600,23208,40283,"SUNOCO, LLC",Refined and/or Petroleum Product (non-HVL),INTRASTATE,VIRGINIA,,,,,,0,0,0,0,0,,,,,,,,,,,,,,,
9/1/2026,2025,20260158,22751,40306,SWISSPORT INC,Refined and/or Petroleum Product (non-HVL),INTRASTATE,NEVADA,0,0,0,0,0,1,0,0,0,1,0,0,0,0,0,0,0,0,0,0,0,0,0,0,0
9/1/2026,2025,20260181,22777,40313,"CALNRG OPERATING, LLC",Crude Oil,INTRASTATE,CALIFORNIA,0,0,0,0,0,,,,,,,,,,,,,,,,,,,,
9/1/2026,2025,20260210,22808,40318,OLYMPUS TERMINALS LLC,Crude Oil,INTRASTATE,CALIFORNIA,0,0,0,0,0,,,,,,,,,,,,,,,,,,,,
9/1/2026,2025,20260211,22809,40318,OLYMPUS TERMINALS LLC,Refined and/or Petroleum Product (non-HVL),INTRASTATE,CALIFORNIA,,,,,,15,8,0,3,26,,,,,,,,,,,,,,,
9/1/2026,2025,20260170,22763,40321,PHILLIPS 66 DOS PICOS LLC,HVL,INTRASTATE,TEXAS,,,,,,,,,,,0,0,0,0,0,,,,,,,,,,
9/1/2026,2025,20260021,22581,40325,PLACID MIDSTREAM LLC,Crude Oil,INTRASTATE,LOUISIANA,0,0,0,0,0,0,0,0,0,0,0,0,0,0,0,0,0,0,0,0,0,0,0,0,0
9/1/2026,2025,20260041,22609,40335,PHOENIX PARK ENERGY MARKETING LLC,HVL,INTRASTATE,TEXAS,0,0,0,0,0,0,0,0,0,0,8,0,0,0,8,0,0,0,0,0,0,0,0,0,0
9/1/2026,2025,20260279,22881,40337,CRESTONE PEAK RESOURCES LP,Crude Oil,INTRASTATE,COLORADO,0,0,0,0,0,,,,,,,,,,,,,,,,,,,,
9/1/2026,2025,20260008,22566,40345,ATLAS OPERATING LLC,CO2,INTERSTATE,TEXAS,,,,,,,,,,,,,,,,0,0,0,0,0,,,,,
9/1/2026,2025,20260340,22942,40379,NOBLE ENERGY INC,Crude Oil,INTRASTATE,TEXAS,0,0,0,0,0,0,0,0,0,0,0,0,0,0,0,0,0,0,0,0,0,0,0,0,0
9/1/2026,2025,20260040,22608,40413,PRESIDIO PETROLEUM LLC,Crude Oil,INTRASTATE,OKLAHOMA,0,0,0,0,0,0,0,0,0,0,0,0,0,0,0,0,0,0,0,0,0,0,0,0,0
9/1/2026,2025,20260040,22608,40413,PRESIDIO PETROLEUM LLC,Crude Oil,INTRASTATE,TEXAS,0,0,0,0,0,0,0,0,0,0,0,0,0,0,0,0,0,0,0,0,0,0,0,0,0
9/1/2026,2025,20260717,23351,40414,"BKV MIDSTREAM, LLC",CO2,INTRASTATE,TEXAS,,,,,,,,,,,,,,,,0,0,0,0,0,,,,,
9/1/2026,2025,20260421,23027,40419,CHEVRON MIDSTREAM SERVICES LLC,Crude Oil,INTRASTATE,COLORADO,5,3,0,0,8,0,0,0,0,0,0,0,0,0,0,0,0,0,0,0,0,0,0,0,0
9/1/2026,2025,20260421,23027,40419,CHEVRON MIDSTREAM SERVICES LLC,Crude Oil,INTRASTATE,TEXAS,1,2,0,0,3,0,0,0,0,0,0,0,0,0,0,0,0,0,0,0,0,0,0,0,0
9/1/2026,2025,20260073,22651,40425,"DOW HYDROCARBONS & RESOURCES, INC, GRAND BAYOU OPERATIONS",HVL,INTRASTATE,LOUISIANA,0,0,0,0,0,0,0,0,0,0,0,0,0,0,0,0,0,0,0,0,0,0,0,0,0
9/1/2026,2025,20260723,23357,40429,GAP MIDSTREAM LLC,Crude Oil,INTRASTATE,NORTH DAKOTA,0,0,0,0,0,0,0,0,0,0,0,0,0,0,0,0,0,0,0,0,0,0,0,0,0
9/1/2026,2025,20260353,22959,40438,"PERMIAN RESOURCES OPERATING, LLC",Crude Oil,INTRASTATE,TEXAS,0,0,0,0,0,0,0,0,0,0,0,0,0,0,0,0,0,0,0,0,0,0,0,0,0
9/1/2026,2025,20260005,22562,40448,"ROSEWOOD RESOURCES, INC.",Crude Oil,INTRASTATE,TEXAS,0,0,0,0,0,0,0,0,0,0,0,0,0,0,0,0,0,0,0,0,0,0,0,0,0
9/1/2026,2025,20260492,23340,40461,"GOM SHELF, LLC",Crude Oil,INTERSTATE,LOUISIANA,0,1,0,0,1,0,0,0,0,0,0,0,0,0,0,0,0,0,0,0,0,0,0,0,0
9/1/2026,2025,20260492,23340,40461,"GOM SHELF, LLC",Crude Oil,INTERSTATE,OCS-Gulf of America,0,0,0,0,0,0,0,0,0,0,0,0,0,0,0,0,0,0,0,0,0,0,0,0,0
9/1/2026,2025,20260137,22730,40466,"GEOSOUTHERN OPERATING II, LLC",Crude Oil,INTRASTATE,TEXAS,0,0,0,0,0,0,0,0,0,0,0,0,0,0,0,0,0,0,0,0,0,0,0,0,0
9/1/2026,2025,20260363,22969,40479,ADVANTAGE PIPELINE LLC,Crude Oil,INTRASTATE,TEXAS,1,3,2,0,6,0,0,0,0,0,0,0,0,0,0,0,0,0,0,0,0,0,0,0,0
9/1/2026,2025,20260230,22829,40489,"SILVERBOW RESOURCES OPER, LLC",Crude Oil,INTRASTATE,TEXAS,0,0,0,0,0,0,0,0,0,0,0,0,0,0,0,0,0,0,0,0,0,0,0,0,0
9/1/2026,2025,20260006,22564,40491,INEOS USA OIL & GAS LLC,Crude Oil,INTRASTATE,TEXAS,0,0,0,0,0,0,0,0,0,0,0,0,0,0,0,0,0,0,0,0,0,0,0,0,0
9/1/2026,2025,20260370,22976,40498,PLAINS PIPELINE MIDCON LLC,Crude Oil,INTERSTATE,COLORADO,1,0,0,0,1,0,0,0,0,0,0,0,0,0,0,0,0,0,0,0,0,0,0,0,0
9/1/2026,2025,20260370,22976,40498,PLAINS PIPELINE MIDCON LLC,Crude Oil,INTERSTATE,KANSAS,3,2,0,0,5,0,0,0,0,0,0,0,0,0,0,0,0,0,0,0,0,0,0,0,0
9/1/2026,2025,20260370,22976,40498,PLAINS PIPELINE MIDCON LLC,Crude Oil,INTERSTATE,NEBRASKA,0,0,0,0,0,0,0,0,0,0,0,0,0,0,0,0,0,0,0,0,0,0,0,0,0
9/1/2026,2025,20260370,22976,40498,PLAINS PIPELINE MIDCON LLC,Crude Oil,INTERSTATE,OKLAHOMA,2,0,2,0,4,0,0,0,0,0,0,0,0,0,0,0,0,0,0,0,0,0,0,0,0
9/1/2026,2025,20260370,22976,40498,PLAINS PIPELINE MIDCON LLC,Crude Oil,INTERSTATE,TEXAS,0,0,0,0,0,0,0,0,0,0,0,0,0,0,0,0,0,0,0,0,0,0,0,0,0
9/1/2026,2025,20260370,22976,40498,PLAINS PIPELINE MIDCON LLC,Crude Oil,INTRASTATE,COLORADO,0,0,0,0,0,0,0,0,0,0,0,0,0,0,0,0,0,0,0,0,0,0,0,0,0
9/1/2026,2025,20260370,22976,40498,PLAINS PIPELINE MIDCON LLC,Crude Oil,INTRASTATE,KANSAS,0,0,0,0,0,0,0,0,0,0,0,0,0,0,0,0,0,0,0,0,0,0,0,0,0
9/1/2026,2025,20260370,22976,40498,PLAINS PIPELINE MIDCON LLC,Crude Oil,INTRASTATE,OKLAHOMA,3,6,0,0,9,0,0,0,0,0,0,0,0,0,0,0,0,0,0,0,0,0,0,0,0
9/1/2026,2025,20260660,23268,40526,AIRCRAFT SERVICE INTERNATIONAL INC,Refined and/or Petroleum Product (non-HVL),INTRASTATE,TEXAS,0,0,0,0,0,0,0,0,0,0,0,0,0,0,0,0,0,0,0,0,0,0,0,0,0
9/1/2026,2025,20260648,23348,40534,JET INFRASTRUCTURE,Refined and/or Petroleum Product (non-HVL),INTERSTATE,NEW MEXICO,,,,,,5,0,0,0,5,,,,,,,,,,,,,,,
9/1/2026,2025,20260648,23348,40534,JET INFRASTRUCTURE,Refined and/or Petroleum Product (non-HVL),INTERSTATE,TEXAS,,,,,,0,0,0,0,0,,,,,,,,,,,,,,,
9/1/2026,2025,20260648,23348,40534,JET INFRASTRUCTURE,Refined and/or Petroleum Product (non-HVL),INTRASTATE,CALIFORNIA,,,,,,2,1,0,0,3,,,,,,,,,,,,,,,
9/1/2026,2025,20260648,23348,40534,JET INFRASTRUCTURE,Refined and/or Petroleum Product (non-HVL),INTRASTATE,FLORIDA,,,,,,1,0,0,0,1,,,,,,,,,,,,,,,
9/1/2026,2025,20260648,23348,40534,JET INFRASTRUCTURE,Refined and/or Petroleum Product (non-HVL),INTRASTATE,GEORGIA,,,,,,3,0,0,0,3,,,,,,,,,,,,,,,
9/1/2026,2025,20260648,23348,40534,JET INFRASTRUCTURE,Refined and/or Petroleum Product (non-HVL),INTRASTATE,NEVADA,,,,,,0,0,0,0,0,,,,,,,,,,,,,,,
9/1/2026,2025,20260648,23348,40534,JET INFRASTRUCTURE,Refined and/or Petroleum Product (non-HVL),INTRASTATE,TENNESSEE,,,,,,0,0,0,0,0,,,,,,,,,,,,,,,
9/1/2026,2025,20260015,22575,40537,CASTLEROCK EF OPERATING LLC,Crude Oil,INTRASTATE,TEXAS,0,0,0,0,0,0,0,0,0,0,0,0,0,0,0,0,0,0,0,0,0,0,0,0,0
9/1/2026,2025,20260358,22964,40538,ZARVONA ENERGY LLC,Crude Oil,INTRASTATE,TEXAS,0,0,0,0,0,0,0,0,0,0,0,0,0,0,0,0,0,0,0,0,0,0,0,0,0
9/1/2026,2025,20260013,22573,40559,"GATHERER MIDSTREAM, LLC",Crude Oil,INTRASTATE,TEXAS,0,0,0,0,0,0,0,0,0,0,0,0,0,0,0,0,0,0,0,0,0,0,0,0,0
9/1/2026,2025,20260498,23104,40560,KINDER MORGAN TRANSMIX COMPANY LLC,Refined and/or Petroleum Product (non-HVL),INTERSTATE,VIRGINIA,0,0,0,0,0,7,0,0,0,7,0,0,0,0,0,0,0,0,0,0,0,0,0,0,0
9/1/2026,2025,20260632,23240,40586,BPX MIDSTREAM LLC,Crude Oil,INTRASTATE,TEXAS,0,0,0,0,0,0,0,0,0,0,0,0,0,0,0,0,0,0,0,0,0,0,0,0,0
9/1/2026,2025,20260012,22572,40605,JAVELIN ENERGY PARTNERS MGMT LLC,Crude Oil,INTRASTATE,TEXAS,0,0,0,0,0,0,0,0,0,0,0,0,0,0,0,0,0,0,0,0,0,0,0,0,0
9/1/2026,2025,20260154,22747,40624,"PAR ROCKY MOUNTAIN MIDSTREAM, LLC",Crude Oil,INTRASTATE,MONTANA,5,0,0,1,6,0,0,0,0,0,0,0,0,0,0,0,0,0,0,0,0,0,0,0,0
9/1/2026,2025,20260149,22742,40624,"PAR ROCKY MOUNTAIN MIDSTREAM, LLC",Refined and/or Petroleum Product (non-HVL),INTERSTATE,WASHINGTON,0,0,0,0,0,3,2,0,0,5,0,0,0,0,0,0,0,0,0,0,0,0,0,0,0
9/1/2026,2025,20260722,23356,40645,"WPX ENERGY PERMIAN, LLC",Crude Oil,INTRASTATE,TEXAS,0,0,0,0,0,,,,,,,,,,,,,,,,,,,,
9/1/2026,2025,20260224,22823,40647,"DLK BLACK RIVER MIDSTREAM, LLC",HVL,INTRASTATE,NEW MEXICO,0,0,0,0,0,0,0,0,0,0,0,0,0,0,0,0,0,0,0,0,0,0,0,0,0
9/1/2026,2025,20260220,22818,40650,"NILE MIDSTREAM, LLC",Crude Oil,INTRASTATE,TEXAS,,,,,,,,,,,,,,,,,,,,,,,,,
9/1/2026,2025,20260217,22815,40651,"BLACKBEARD OPERATING, LLC",Crude Oil,INTRASTATE,TEXAS,,,,,,,,,,,,,,,,,,,,,,,,,
9/1/2026,2025,20260605,23213,40668,ENBRIDGE HOLDINGS (GRAY OAK) LLC,Crude Oil,INTRASTATE,TEXAS,1,2,8,11,22,0,0,0,0,0,0,0,0,0,0,0,0,0,0,0,0,0,0,0,0
9/1/2026,2025,20260511,23117,40680,"GUARDIAN DECOMMISSIONING, INC.",Crude Oil,INTERSTATE,LOUISIANA,0,0,0,0,0,0,0,0,0,0,0,0,0,0,0,0,0,0,0,0,0,0,0,0,0
9/1/2026,2025,20260168,23391,40688,AGUA TRANQUILLO MIDSTREAM LLC,Crude Oil,INTRASTATE,TEXAS,0,0,0,0,0,0,0,0,0,0,0,0,0,0,0,0,0,0,0,0,0,0,0,0,0
9/1/2026,2025,20260570,23176,40701,"CARDINAL DELAWARE BASIN, LLC",HVL,INTRASTATE,TEXAS,,,,,,,,,,,0,0,0,0,0,,,,,,,,,,
9/1/2026,2025,20260099,22682,40702,BETA CRUDE CONNECTOR,Crude Oil,INTRASTATE,TEXAS,0,2,0,0,2,,,,,,,,,,,,,,,,,,,,
9/1/2026,2025,20260719,23353,40706,LGOT LP,Crude Oil,INTERSTATE,LOUISIANA,,1,,,1,,,,,,,,,,,,,,,,,,,,
9/1/2026,2025,20260079,22657,40707,GRANITE CREEK ENERGY LLC,Crude Oil,INTRASTATE,WYOMING,0,0,0,0,0,0,0,0,0,0,0,0,0,0,0,0,0,0,0,0,0,0,0,0,0
9/1/2026,2025,20260327,22929,40717,MENZIES AVIATION (SFO FUEL COMPANY),Refined and/or Petroleum Product (non-HVL),INTRASTATE,CALIFORNIA,,,,,,2,,,,2,,,,,,,,,,,,,,,
9/1/2026,2025,20260058,22629,40719,NRG MAINTENANCE SERVICES LLC.,CO2,INTRASTATE,TEXAS,,,,,,,,,,,,,,,,0,0,0,0,0,,,,,
9/1/2026,2025,20260128,22721,40746,"KIMMERIDGE TEXAS GAS, LLC",Crude Oil,INTRASTATE,TEXAS,0,0,0,0,0,,,,,,,,,,,,,,,,,,,,
9/1/2026,2025,20260180,22776,40759,"TIVOLI SERVICES, LLC",Crude Oil,INTRASTATE,TEXAS,0,0,0,0,0,,,,,,,,,,,,,,,,,,,,
9/1/2026,2025,20260368,22974,40765,POPB NM CRUDE II LLC,Crude Oil,INTERSTATE,NEW MEXICO,2,1,0,0,3,0,0,0,0,0,0,0,0,0,0,0,0,0,0,0,0,0,0,0,0
9/1/2026,2025,20260368,22974,40765,POPB NM CRUDE II LLC,Crude Oil,INTRASTATE,NEW MEXICO,0,0,0,0,0,0,0,0,0,0,0,0,0,0,0,0,0,0,0,0,0,0,0,0,0
9/1/2026,2025,20260117,22706,40768,"KINETIK HOLDINGS, LP",Crude Oil,INTRASTATE,TEXAS,2,0,0,0,2,,,,,,,,,,,,,,,,,,,,
9/1/2026,2025,20260118,22707,40768,"KINETIK HOLDINGS, LP",HVL,INTRASTATE,TEXAS,,,,,,,,,,,0,0,0,0,0,,,,,,,,,,
9/1/2026,2025,20260106,22786,40775,JEFFERSON RAILPORT TERMINAL I TEXAS LLC,Crude Oil,INTRASTATE,TEXAS,0,0,2,8,10,0,0,4,3,7,0,0,0,0,0,0,0,0,0,0,0,0,0,0,0
9/1/2026,2025,20260427,23277,40797,MUSTANG HOLDING LLC,Crude Oil,INTERSTATE,ALASKA,0,0,0,0,0,,,,,,,,,,,,,,,,,,,,
9/1/2026,2025,20260337,22939,40801,"BOARDWALK PURITY PIPELINES COMPANY, LLC",HVL,INTRASTATE,TEXAS,0,0,0,0,0,0,0,0,0,0,0,0,0,0,0,0,0,0,0,0,0,0,0,0,0
9/1/2026,2025,20260623,23231,40811,BRAZOS MIDSTREAM OPRTNG III LLC,Crude Oil,INTRASTATE,TEXAS,,,,,,,,,,,,,,,,,,,,,,,,,
9/1/2026,2025,20260033,22600,40848,BLOCK T PETROLEUM INC,CO2,INTRASTATE,TEXAS,0,0,0,0,0,0,0,0,0,0,0,0,0,0,0,0,0,0,0,0,0,0,0,0,0
9/1/2026,2025,20260035,22602,40848,BLOCK T PETROLEUM INC,Crude Oil,INTRASTATE,TEXAS,0,0,0,0,0,0,0,0,0,0,0,0,0,0,0,0,0,0,0,0,0,0,0,0,0
9/1/2026,2025,20260494,23100,40851,SABLE OFFSHORE CORP,Crude Oil,INTERSTATE,CALIFORNIA,0,0,0,0,0,,,,,,,,,,,,,,,,,,,,
9/1/2026,2025,20260494,23100,40851,SABLE OFFSHORE CORP,Crude Oil,INTERSTATE,OCS-Pacific,0,0,0,0,0,,,,,,,,,,,,,,,,,,,,
9/1/2026,2025,20260001,23317,40870,"CENTRAL CRUDE II, LLC",Crude Oil,INTRASTATE,LOUISIANA,0,0,0,0,0,0,0,0,0,0,0,0,0,0,0,0,0,0,0,0,0,0,0,0,0
9/1/2026,2025,20260060,22631,40876,VALENCE NATURAL GAS SOLUTIONS LLC,HVL,INTRASTATE,NORTH DAKOTA,0,0,0,0,0,0,0,0,0,0,0,0,0,0,0,0,0,0,0,0,0,0,0,0,0
9/1/2026,2025,20260684,23295,40878,LOW CARBON LOGISTICS CCS TRANSPORT LLC,CO2,INTRASTATE,LOUISIANA,,,,,,,,,,,,,,,,,,,,,,,,,
9/1/2026,2025,20260077,22655,40879,VERDUN OIL & GAS LLC,Crude Oil,INTRASTATE,TEXAS,0,0,0,0,0,,,,,,,,,,,,,,,,,,,,
9/1/2026,2025,20260630,23238,40881,SABLE OFFSHORE CORP PPC,Crude Oil,INTERSTATE,CALIFORNIA,1,,,,1,,,,,,,,,,,,,,,,,,,,
9/1/2026,2025,20260215,22813,40903,TRAILBLAZER CO2 PIPELINE LLC,CO2,INTERSTATE,NEBRASKA,,,,,,,,,,,,,,,,0,0,0,0,0,,,,,
9/1/2026,2025,20260215,22813,40903,TRAILBLAZER CO2 PIPELINE LLC,CO2,INTERSTATE,WYOMING,,,,,,,,,,,,,,,,0,0,0,0,0,,,,,
9/1/2026,2025,20260657,23331,40911,ANCHOR CRUDE MARKETING,Crude Oil,INTRASTATE,TEXAS,0,0,0,0,0,,,,,,,,,,,,,,,,,,,,
9/1/2026,2025,20260011,22676,40912,KNOC EAGLE FORD CORP,Crude Oil,INTERSTATE,LOUISIANA,0,0,0,0,0,0,0,0,0,0,0,0,0,0,0,0,0,0,0,0,0,0,0,0,0
9/1/2026,2025,20260011,22676,40912,KNOC EAGLE FORD CORP,Crude Oil,INTERSTATE,OCS-Gulf of America,0,0,0,0,0,0,0,0,0,0,0,0,0,0,0,0,0,0,0,0,0,0,0,0,0
9/1/2026,2025,20260437,23043,40921,BEAUMONT NEW AMMONIA LLC,HVL,INTRASTATE,TEXAS,0,0,0,0,0,0,0,0,0,0,0,0,0,0,0,0,0,0,0,0,0,0,0,0,0
9/1/2026,2025,20260378,22984,40932,NATURAL RESOURCES WORLDWIDE LLC,Crude Oil,INTERSTATE,LOUISIANA,0,0,0,0,0,,,,,,,,,,,,,,,,,,,,
9/1/2026,2025,20260189,22787,40946,"LEA MIDSTREAM, LLC",HVL,INTRASTATE,NEW MEXICO,,,,,,,,,,,0,0,0,0,0,,,,,,,,,,
9/1/2026,2025,20260071,23403,40951,CANYON CROSSING LLC,Crude Oil,INTERSTATE,OKLAHOMA,0,2,2,4,8,0,0,0,0,0,0,0,0,0,0,0,0,0,0,0,0,0,0,0,0
9/1/2026,2025,20260071,23403,40951,CANYON CROSSING LLC,Crude Oil,INTERSTATE,TEXAS,0,0,0,0,0,0,0,0,0,0,0,0,0,0,0,0,0,0,0,0,0,0,0,0,0
9/1/2026,2025,20260393,22999,40952,EDGEWATER MIDSTREAM PASADENA LLC,Refined and/or Petroleum Product (non-HVL),INTERSTATE,TEXAS,,,,,,6,2,9,9,26,,,,,,,,,,,,,,,
9/1/2026,2025,20260393,22999,40952,EDGEWATER MIDSTREAM PASADENA LLC,Refined and/or Petroleum Product (non-HVL),INTRASTATE,TEXAS,,,,,,0,0,0,0,0,,,,,,,,,,,,,,,
9/1/2026,2025,20260371,22977,40971,PACIFIC PIPELINE SYSTEM LLC,Crude Oil,INTRASTATE,CALIFORNIA,11,4,5,0,20,0,0,0,0,0,0,0,0,0,0,0,0,0,0,0,0,0,0,0,0
9/1/2026,2025,20260366,23397,40972,PLAINS MARKETING CA LLC,Crude Oil,INTRASTATE,CALIFORNIA,7,6,4,3,20,0,0,0,0,0,0,0,0,0,0,0,0,0,0,0,0,0,0,0,0
9/1/2026,2025,20260402,23008,40972,PLAINS MARKETING CA LLC,HVL,INTRASTATE,CALIFORNIA,0,0,0,0,0,0,0,0,0,0,0,0,0,0,0,0,0,0,0,0,0,0,0,0,0
9/1/2026,2025,20260434,23040,40983,WHITING OIL AND GAS COPORATION LLC,Crude Oil,INTRASTATE,NORTH DAKOTA,0,0,0,0,0,0,0,0,0,0,0,0,0,0,0,0,0,0,0,0,0,0,0,0,0
9/1/2026,2025,20260097,22679,40990,SURGE OPERATING LLC,Crude Oil,INTRASTATE,TEXAS,0,0,0,0,0,0,0,0,0,0,0,0,0,0,0,0,0,0,0,0,0,0,0,0,0
9/1/2026,2025,20260031,22598,40994,LONGHORN MIDSTREAM VENTURES LLC,Crude Oil,INTRASTATE,TEXAS,0,0,0,0,0,0,0,0,0,0,0,0,0,0,0,0,0,0,0,0,0,0,0,0,0
9/1/2026,2025,20260346,22948,40996,MAIN PASS OIL GATHERING COMPANY LLC,Crude Oil,INTERSTATE,LOUISIANA,0,0,0,0,0,0,0,0,0,0,0,0,0,0,0,0,0,0,0,0,0,0,0,0,0
9/1/2026,2025,20260346,22948,40996,MAIN PASS OIL GATHERING COMPANY LLC,Crude Oil,INTERSTATE,OCS-Gulf of America,0,0,0,0,0,0,0,0,0,0,0,0,0,0,0,0,0,0,0,0,0,0,0,0,0
9/1/2026,2025,20260179,22775,41030,TIVOLI MIDSTREAM LLC,HVL,INTRASTATE,TEXAS,,,,,,,,,,,,,,,,,,,,,,,,,
9/1/2026,2025,20260350,22953,41036,MOONRISE MIDSTREAM LLC,Crude Oil,INTRASTATE,COLORADO,8,0,0,0,8,0,0,0,0,0,0,0,0,0,0,0,0,0,0,0,0,0,0,0,0
9/1/2026,2025,20260276,22877,41036,MOONRISE MIDSTREAM LLC,HVL,INTRASTATE,COLORADO,0,0,0,0,0,0,0,0,0,0,0,0,0,0,0,0,0,0,0,0,0,0,0,0,0
9/1/2026,2025,20260245,22844,41041,HEP OLEFINS LP,HVL,INTRASTATE,TEXAS,,,,,,,,,,,,,,,,,,,,,,,,,
9/1/2026,2025,20260020,22580,41051,TBM CATARINA LLC,Crude Oil,INTRASTATE,TEXAS,0,0,0,0,0,0,0,0,0,0,0,0,0,0,0,0,0,0,0,0,0,0,0,0,0
9/1/2026,2025,20260102,22685,41056,TALOS RESOURCES LLC,Crude Oil,INTERSTATE,LOUISIANA,,,,,,,,,,,,,,,,,,,,,,,,,
9/1/2026,2025,20260102,22685,41056,TALOS RESOURCES LLC,Crude Oil,INTERSTATE,OCS-Gulf of America,,,,,,,,,,,,,,,,,,,,,,,,,
9/1/2026,2025,20260673,23284,41071,VERDUN OIL EF II LLC,Crude Oil,INTRASTATE,TEXAS,,,,,,,,,,,,,,,,,,,,,,,,,
9/1/2026,2025,20260029,22595,41115,SABALO II OPERATING LLC,Crude Oil,INTRASTATE,TEXAS,0,0,0,0,0,0,0,0,0,0,0,0,0,0,0,0,0,0,,0,0,0,0,0,0
9/1/2026,2025,20260734,23380,41118,HIGHMARK ENERGY OPERATING LLC,HVL,INTRASTATE,LOUISIANA,,,,,,,,,,,,,,,,,,,,,,,,,
9/1/2026,2025,20260063,22634,41127,MORIAH OPERATING LLC,Crude Oil,INTRASTATE,TEXAS,,,,,,,,,,,,,,,,,,,,,,,,,
9/1/2026,2025,20260501,23107,41140,AETHEL ENERGY OPCO LLC,Crude Oil,INTRASTATE,WYOMING,,1,,,1,,,,,,,,,,,,,,,,,,,,
9/1/2026,2025,20260497,23103,41141,AETHEL ENERGY OPCO LLC,CO2,INTRASTATE,WYOMING,,,,,,,,,,,,,,,,,,,,,,,,,
9/1/2026,2025,20260164,22757,99001,DEFENSE FUEL SUPPLY POINT,Refined and/or Petroleum Product (non-HVL),INTRASTATE,SOUTH CAROLINA,0,0,0,0,0,0,0,0,0,0,0,0,0,0,0,0,0,0,0,0,0,0,0,0,0
9/1/2026,2025,20260478,23084,99002,TAMPA AIRPORT PIPELINE CORPORATION,Refined and/or Petroleum Product (non-HVL),INTRASTATE,FLORIDA,0,0,0,0,0,3,0,0,0,3,0,0,0,0,0,0,0,0,0,0,0,0,0,0,0
9/1/2026,2025,20260197,22795,99031,CITGO PETROLEUM CORPORATION (TERMINALS),HVL,INTRASTATE,INDIANA,,,,,,,,,,,0,0,0,0,0,,,,,,,,,,
9/1/2026,2025,20260198,22796,99031,CITGO PETROLEUM CORPORATION (TERMINALS),Refined and/or Petroleum Product (non-HVL),INTERSTATE,INDIANA,,,,,,1,38,14,0,53,0,0,0,0,0,,,,,,,,,,
9/1/2026,2025,20260198,22796,99031,CITGO PETROLEUM CORPORATION (TERMINALS),Refined and/or Petroleum Product (non-HVL),INTERSTATE,NEW JERSEY,,,,,,1,10,15,0,26,0,0,0,0,0,,,,,,,,,,
9/1/2026,2025,20260198,22796,99031,CITGO PETROLEUM CORPORATION (TERMINALS),Refined and/or Petroleum Product (non-HVL),INTERSTATE,OHIO,,,,,,4,10,0,1,15,0,0,0,0,0,,,,,,,,,,
9/1/2026,2025,20260198,22796,99031,CITGO PETROLEUM CORPORATION (TERMINALS),Refined and/or Petroleum Product (non-HVL),INTRASTATE,FLORIDA,,,,,,0,0,0,0,0,0,0,0,0,0,,,,,,,,,,
9/1/2026,2025,20260198,22796,99031,CITGO PETROLEUM CORPORATION (TERMINALS),Refined and/or Petroleum Product (non-HVL),INTRASTATE,ILLINOIS,,,,,,1,1,0,0,2,0,0,0,0,0,,,,,,,,,,
9/1/2026,2025,20260198,22796,99031,CITGO PETROLEUM CORPORATION (TERMINALS),Refined and/or Petroleum Product (non-HVL),INTRASTATE,INDIANA,,,,,,0,0,0,0,0,0,0,0,0,0,,,,,,,,,,
9/1/2026,2025,20260198,22796,99031,CITGO PETROLEUM CORPORATION (TERMINALS),Refined and/or Petroleum Product (non-HVL),INTRASTATE,MICHIGAN,,,,,,3,1,1,0,5,0,0,0,0,0,,,,,,,,,,
9/1/2026,2025,20260198,22796,99031,CITGO PETROLEUM CORPORATION (TERMINALS),Refined and/or Petroleum Product (non-HVL),INTRASTATE,NEW JERSEY,,,,,,0,0,0,0,0,0,0,0,0,0,,,,,,,,,,
9/1/2026,2025,20260198,22796,99031,CITGO PETROLEUM CORPORATION (TERMINALS),Refined and/or Petroleum Product (non-HVL),INTRASTATE,OHIO,,,,,,2,0,0,0,2,0,0,0,0,0,,,,,,,,,,
9/1/2026,2025,20260198,22796,99031,CITGO PETROLEUM CORPORATION (TERMINALS),Refined and/or Petroleum Product (non-HVL),INTRASTATE,TEXAS,,,,,,5,1,0,0,6,0,0,0,0,0,,,,,,,,,,
9/1/2026,2025,20260048,22617,99043,PETROLEUM FUEL AND TERMINAL COMPANY,Refined and/or Petroleum Product (non-HVL),INTRASTATE,MARYLAND,,,,,,5,8,3,3,19,,,,,,,,,,,,,,,
,,,,,,,,,,,,,,,,,,,,,,,,,,,,,,,,,
,,,,,,,,,,,,,,,,,,,,,,,,,,,,,,,,,
,,,,,,,,,,,,,,,,,,,,,,,,,,,,,,,,,
,,,,,,,,,,,,,,,,,,,,,,,,,,,,,,,,,
,,,,,,,,,,,,,,,,,,,,,,,,,,,,,,,,,
,,,,,,,,,,,,,,,,,,,,,,,,,,,,,,,,,
,,,,,,,,,,,,,,,,,,,,,,,,,,,,,,,,,
,,,,,,,,,,,,,,,,,,,,,,,,,,,,,,,,,
,,,,,,,,,,,,,,,,,,,,,,,,,,,,,,,,,
,,,,,,,,,,,,,,,,,,,,,,,,,,,,,,,,,
,,,,,,,,,,,,,,,,,,,,,,,,,,,,,,,,,
,,,,,,,,,,,,,,,,,,,,,,,,,,,,,,,,,
,,,,,,,,,,,,,,,,,,,,,,,,,,,,,,,,,
,,,,,,,,,,,,,,,,,,,,,,,,,,,,,,,,,
,,,,,,,,,,,,,,,,,,,,,,,,,,,,,,,,,
,,,,,,,,,,,,,,,,,,,,,,,,,,,,,,,,,
,,,,,,,,,,,,,,,,,,,,,,,,,,,,,,,,,
,,,,,,,,,,,,,,,,,,,,,,,,,,,,,,,,,
,,,,,,,,,,,,,,,,,,,,,,,,,,,,,,,,,
,,,,,,,,,,,,,,,,,,,,,,,,,,,,,,,,,
,,,,,,,,,,,,,,,,,,,,,,,,,,,,,,,,,
,,,,,,,,,,,,,,,,,,,,,,,,,,,,,,,,,
,,,,,,,,,,,,,,,,,,,,,,,,,,,,,,,,,
,,,,,,,,,,,,,,,,,,,,,,,,,,,,,,,,,
,,,,,,,,,,,,,,,,,,,,,,,,,,,,,,,,,
,,,,,,,,,,,,,,,,,,,,,,,,,,,,,,,,,
,,,,,,,,,,,,,,,,,,,,,,,,,,,,,,,,,
,,,,,,,,,,,,,,,,,,,,,,,,,,,,,,,,,
,,,,,,,,,,,,,,,,,,,,,,,,,,,,,,,,,
