DATAFILE_AS_OF,REPORT_YEAR,REPORT_NUMBER,SUPPLEMENTAL_NUMBER,OPERATOR_ID,PARTA2NAMEOFCOMP,PARTA5COMMODITY,INTER_INTRA,STATE_NAME,PARTHON4LESS,PARTHON6,PARTHON8,PARTHON10,PARTHON12,PARTHON14,PARTHON16,PARTHON18,PARTHON20,PARTHON22,PARTHON24,PARTHON26,PARTHON28,PARTHON30,PARTHON32,PARTHON34,PARTHON36,PARTHON38,PARTHON40,PARTHON42,PARTHON44,PARTHON46,PARTHON48,PARTHON52,PARTHON56,PARTHON58OVER,PARTHON_OTHER_PIPE_DETAIL,PARTHON_OTHER_PIPE_MILE_TOTAL,PARTHONTOTAL,PARTHOFF4LESS,PARTHOFF6,PARTHOFF8,PARTHOFF10,PARTHOFF12,PARTHOFF14,PARTHOFF16,PARTHOFF18,PARTHOFF20,PARTHOFF22,PARTHOFF24,PARTHOFF26,PARTHOFF28,PARTHOFF30,PARTHOFF32,PARTHOFF34,PARTHOFF36,PARTHOFF38,PARTHOFF40,PARTHOFF42,PARTHOFF44,PARTHOFF46,PARTHOFF48,PARTHOFF52,PARTHOFF56,PARTHOFF58OVER,PARTHOFF_OTHER_PIPE_DETAIL,PARTHOFF_OTHER_PIPE_MILE_TOTAL,PARTHOFFTOTAL
9/1/2026,2025,20260138,22731,117,AIR PRODUCTS & CHEMICALS INC,CO2,INTRASTATE,TEXAS,0,0,12.91,0,0,0,0,0,0,0,0,0,0,0,0,0,0,0,0,0,0,0,0,0,0,0,,,12.91,0,0,0,0,0,0,0,0,0,0,0,0,0,0,0,0,0,0,0,0,0,0,0,0,0,0,,,0
9/1/2026,2025,20260166,22759,117,AIR PRODUCTS & CHEMICALS INC,Crude Oil,INTRASTATE,CALIFORNIA,0,8.212,8.742,6.476,1.688,0,0,0,0,0,0,0,0,0,0,0,0,0,0,0,0,0,0,0,0,0,,,25.118,0,0,0,0,0,0,0,0,0,0,0,0,0,0,0,0,0,0,0,0,0,0,0,0,0,0,,,0
9/1/2026,2025,20260139,22732,117,AIR PRODUCTS & CHEMICALS INC,HVL,INTRASTATE,TEXAS,0,0,2.71,0,0,0,0,0,0,0,0,0,0,0,0,0,0,0,0,0,0,0,0,0,0,0,,,2.71,0,0,0,0,0,0,0,0,0,0,0,0,0,0,0,0,0,0,0,0,0,0,0,0,0,0,,,0
9/1/2026,2025,20260167,22760,117,AIR PRODUCTS & CHEMICALS INC,Refined and/or Petroleum Product (non-HVL),INTRASTATE,CALIFORNIA,2.579,12.183,0.903,0.971,0,0,0,0,0,0,0,0,0,0,0,0,0,0,0,0,0,0,0,0,0,0,,,16.636,0,0,0,0,0,0,0,0,0,0,0,0,0,0,0,0,0,0,0,0,0,0,0,0,0,0,,,0
9/1/2026,2025,20260362,22968,300,"PLAINS PIPELINE, L.P.",Crude Oil,INTERSTATE,ALABAMA,0,0,0,0,0,24.21,0,2.39,0,0,19.15,0,0,0,0,0,13.69,0,0,0,0,0,0,0,0,0,,,59.44,,,,,,,,,,,,,,,,,,,,,,,,,,,,,
9/1/2026,2025,20260362,22968,300,"PLAINS PIPELINE, L.P.",Crude Oil,INTERSTATE,ARKANSAS,0,0,0,0,0,0,0,0,282.97,0,0,0,0,0,0,0,0,0,0,0,0,0,0,0,0,0,,,282.97,,,,,,,,,,,,,,,,,,,,,,,,,,,,,
9/1/2026,2025,20260362,22968,300,"PLAINS PIPELINE, L.P.",Crude Oil,INTERSTATE,COLORADO,0,0,0,0,10.54,0,0,0,0,0,0,0,0,0,0,0,0,0,0,0,0,0,0,0,0,0,,,10.54,,,,,,,,,,,,,,,,,,,,,,,,,,,,,
9/1/2026,2025,20260362,22968,300,"PLAINS PIPELINE, L.P.",Crude Oil,INTERSTATE,ILLINOIS,0,0,0,0,0,0,0,0,57.28,0,0,0,0,0,0,0,0,0,0,0,0,0,0,0,0,0,,,57.28,,,,,,,,,,,,,,,,,,,,,,,,,,,,,
9/1/2026,2025,20260362,22968,300,"PLAINS PIPELINE, L.P.",Crude Oil,INTERSTATE,KANSAS,0,0,0,0,0,0,3.82,0,0,0,0,0,0,0,0,0,0,0,0,0,0,0,0,0,0,0,,,3.82,,,,,,,,,,,,,,,,,,,,,,,,,,,,,
9/1/2026,2025,20260362,22968,300,"PLAINS PIPELINE, L.P.",Crude Oil,INTERSTATE,LOUISIANA,0,27.15,54.36,0,38.7,0,0,0,0,0,0,0,0,0,0,0,0,0,0,0,0,0,0,0,0,0,,,120.21,,,,,,,,,,,,,,,,,,,,,,,,,,,,,
9/1/2026,2025,20260362,22968,300,"PLAINS PIPELINE, L.P.",Crude Oil,INTERSTATE,MISSISSIPPI,0,0,68.83,302.71,0,75.21,0,23.07,0,0,22.29,0,0,0,0,0,0,0,0,0,0,0,0,0,0,0,,,492.11,,,,,,,,,,,,,,,,,,,,,,,,,,,,,
9/1/2026,2025,20260362,22968,300,"PLAINS PIPELINE, L.P.",Crude Oil,INTERSTATE,MONTANA,0,0,0,4.89,123.04,0,0,0,0,0,0,0,0,0,0,0,0,0,0,0,0,0,0,0,0,0,,,127.93,,,,,,,,,,,,,,,,,,,,,,,,,,,,,
9/1/2026,2025,20260362,22968,300,"PLAINS PIPELINE, L.P.",Crude Oil,INTERSTATE,NEW MEXICO,0,7.1,2.56,140.71,46.65,0,66.07,0,5.66,0,0,0,0,0,0,0,0,0,0,0,0,0,0,0,0,0,,,268.75,,,,,,,,,,,,,,,,,,,,,,,,,,,,,
9/1/2026,2025,20260362,22968,300,"PLAINS PIPELINE, L.P.",Crude Oil,INTERSTATE,NORTH DAKOTA,0,13.91,1.8,25.25,32.13,0,0,0,0,0,0,0,0,0,0,0,0,0,0,0,0,0,0,0,0,0,,,73.09,,,,,,,,,,,,,,,,,,,,,,,,,,,,,
9/1/2026,2025,20260362,22968,300,"PLAINS PIPELINE, L.P.",Crude Oil,INTERSTATE,OKLAHOMA,0,59.96,0,0,0,0,259.2,0,160.43,0,153.04,0,0,0,0,0,0,0,0,0,0,0,0,0,0,0,,,632.63,,,,,,,,,,,,,,,,,,,,,,,,,,,,,
9/1/2026,2025,20260362,22968,300,"PLAINS PIPELINE, L.P.",Crude Oil,INTERSTATE,TENNESSEE,0,0,0,0,0,0,0,0,6.59,0,0,0,0,0,0,0,0,0,0,0,0,0,0,0,0,0,,,6.59,,,,,,,,,,,,,,,,,,,,,,,,,,,,,
9/1/2026,2025,20260362,22968,300,"PLAINS PIPELINE, L.P.",Crude Oil,INTERSTATE,TEXAS,0,27.37,0,1.95,133.71,0,298.25,0,238.31,253,445.24,453.39,0,0,0,0,0,0,0,0,0,0,0,0,0,0,,,1851.22,,,,,,,,,,,,,,,,,,,,,,,,,,,,,
9/1/2026,2025,20260362,22968,300,"PLAINS PIPELINE, L.P.",Crude Oil,INTERSTATE,WYOMING,0,0.21,3.99,31.86,392.54,0,110.27,0,0,0,10.57,0,0,0,0,0,0,0,0,0,0,0,0,0,0,0,,,549.44,,,,,,,,,,,,,,,,,,,,,,,,,,,,,
9/1/2026,2025,20260362,22968,300,"PLAINS PIPELINE, L.P.",Crude Oil,INTRASTATE,MISSISSIPPI,0.24,12.07,3.76,0,0,0,0,0,0,0,0,0,0,0,0,0,0,0,0,0,0,0,0,0,0,0,,,16.07,,,,,,,,,,,,,,,,,,,,,,,,,,,,,
9/1/2026,2025,20260362,22968,300,"PLAINS PIPELINE, L.P.",Crude Oil,INTRASTATE,MONTANA,0,2.62,0,0,0,0,0,0,0,0,0,0,0,0,0,0,0,0,0,0,0,0,0,0,0,0,,,2.62,,,,,,,,,,,,,,,,,,,,,,,,,,,,,
9/1/2026,2025,20260362,22968,300,"PLAINS PIPELINE, L.P.",Crude Oil,INTRASTATE,NEW MEXICO,2.19,11.64,5.51,60.67,0,31.94,0,0,0,0,0,0,0,0,0,0,0,0,0,0,0,0,0,0,0,0,,,111.95,,,,,,,,,,,,,,,,,,,,,,,,,,,,,
9/1/2026,2025,20260362,22968,300,"PLAINS PIPELINE, L.P.",Crude Oil,INTRASTATE,OKLAHOMA,6.04,81.17,23.75,55.55,46.41,0,72.79,0,0,0,0,0,0,0,0,0,0,0,0,0,0,0,0,0,0,0,,,285.71,0,0,0,0,0,0,0,0,0,0,0,0,0,0,0,0,0,0,0,0,0,0,0,0,0,0,,,0
9/1/2026,2025,20260362,22968,300,"PLAINS PIPELINE, L.P.",Crude Oil,INTRASTATE,TEXAS,1.62,37.5,278.44,826.95,453.57,0,492.4,0,736.36,0,157,76.8,0,456.86,0,0,0,0,0,0,0,0,0,0,0,0,,,3517.5,,,,,,,,,,,,,,,,,,,,,,,,,,,,,
9/1/2026,2025,20260360,22966,300,"PLAINS PIPELINE, L.P.",HVL,INTERSTATE,MICHIGAN,0,0,15.7,0.25,55.2,0,0,0,0,0,0,0,0,0,0,0,0,0,0,0,0,0,0,0,0,0,5-inch diameter: 0.05 miles.,0.05,71.2,0,0,0,0,0,0,0,0,0,0,0,0,0,0,0,0,0,0,0,0,0,0,0,0,0,0,,,0
9/1/2026,2025,20260360,22966,300,"PLAINS PIPELINE, L.P.",HVL,INTRASTATE,TEXAS,0,11.83,0,0,0,0,0,0,0,0,0,0,0,0,0,0,0,0,0,0,0,0,0,0,0,0,,,11.83,,,,,,,,,,,,,,,,,,,,,,,,,,,,,
9/1/2026,2025,20260301,22903,395,AMOCO OIL CO,Refined and/or Petroleum Product (non-HVL),INTERSTATE,ILLINOIS,0,0,56.2,173,31.3,12.2,0,0,0,0,0,0,0,0,0,0,0,0,0,0,0,0,0,0,0,0,,,272.7,,,,,,,,,,,,,,,,,,,,,,,,,,,,,
9/1/2026,2025,20260301,22903,395,AMOCO OIL CO,Refined and/or Petroleum Product (non-HVL),INTERSTATE,INDIANA,0,0,151.2,4.8,90.2,11.8,0,0,0,0,0,0,0,0,0,0,0,0,0,0,0,0,0,0,0,0,,,258,,,,,,,,,,,,,,,,,,,,,,,,,,,,,
9/1/2026,2025,20260301,22903,395,AMOCO OIL CO,Refined and/or Petroleum Product (non-HVL),INTERSTATE,IOWA,0,0,0,121.4,0,0,0,0,0,0,0,0,0,0,0,0,0,0,0,0,0,0,0,0,0,0,,,121.4,,,,,,,,,,,,,,,,,,,,,,,,,,,,,
9/1/2026,2025,20260301,22903,395,AMOCO OIL CO,Refined and/or Petroleum Product (non-HVL),INTERSTATE,MICHIGAN,0,0,0,123.2,39.2,0,0,0,0,0,0,0,0,0,0,0,0,0,0,0,0,0,0,0,0,0,,,162.4,,,,,,,,,,,,,,,,,,,,,,,,,,,,,
9/1/2026,2025,20260301,22903,395,AMOCO OIL CO,Refined and/or Petroleum Product (non-HVL),INTERSTATE,MINNESOTA,0,0,0,127,0,0,0,0,0,0,0,0,0,0,0,0,0,0,0,0,0,0,0,0,0,0,,,127,,,,,,,,,,,,,,,,,,,,,,,,,,,,,
9/1/2026,2025,20260301,22903,395,AMOCO OIL CO,Refined and/or Petroleum Product (non-HVL),INTERSTATE,MISSOURI,0,0,0,0,211.6,0,0,0,0,0,0,0,0,0,0,0,0,0,0,0,0,0,0,0,0,0,,,211.6,0,0,0,0,0,0,0,0,0,0,0,0,0,0,0,0,0,0,0,0,0,0,0,0,0,0,,,0
9/1/2026,2025,20260550,23156,473,"WESTERN MIDSTREAM PARTNERS, LP",Crude Oil,INTRASTATE,COLORADO,24,8.5,19.9,0,97,0,0,0,0,0,0,0,0,0,0,0,0,0,0,0,0,0,0,0,0,0,,,149.4,0,0,0,0,0,0,0,0,0,0,0,0,0,0,0,0,0,0,0,0,0,0,0,0,0,0,,,0
9/1/2026,2025,20260550,23156,473,"WESTERN MIDSTREAM PARTNERS, LP",Crude Oil,INTRASTATE,TEXAS,0,0,0,199.4,148.3,0,3.7,0,0,0,0,0,0,0,0,0,0,0,0,0,0,0,0,0,0,0,,,351.4,0,0,0,0,0,0,0,0,0,0,0,0,0,0,0,0,0,0,0,0,0,0,0,0,0,0,,,0
9/1/2026,2025,20260549,23155,473,"WESTERN MIDSTREAM PARTNERS, LP",HVL,INTERSTATE,UTAH,0,0,15.2,15.1,0,0,0,0,0,0,0,0,0,0,0,0,0,0,0,0,0,0,0,0,0,0,,,30.3,0,0,0,0,0,0,0,0,0,0,0,0,0,0,0,0,0,0,0,0,0,0,0,0,0,0,,,0
9/1/2026,2025,20260549,23155,473,"WESTERN MIDSTREAM PARTNERS, LP",HVL,INTERSTATE,WYOMING,1.8,85.8,23.5,10.2,0,0,0,0,0,0,0,0,0,0,0,0,0,0,0,0,0,0,0,0,0,0,,,121.3,,,,,,,,,,,,,,,,,,,,,,,,,,,,,
9/1/2026,2025,20260549,23155,473,"WESTERN MIDSTREAM PARTNERS, LP",HVL,INTRASTATE,COLORADO,0.3,0,61.4,3.6,8.5,0,0,0,0,0,0,0,0,0,0,0,0,0,0,0,0,0,0,0,0,0,,,73.8,0,0,0,0,0,0,0,0,0,0,0,0,0,0,0,0,0,0,0,0,0,0,0,0,0,0,,,0
9/1/2026,2025,20260549,23155,473,"WESTERN MIDSTREAM PARTNERS, LP",HVL,INTRASTATE,TEXAS,8.8,7.2,33.8,0.2,13.9,0,0,0,0,0,0,0,0,0,0,0,0,0,0,0,0,0,0,0,0,0,,,63.9,0,0,0,0,0,0,0,0,0,0,0,0,0,0,0,0,0,0,0,0,0,0,0,0,0,0,,,0
9/1/2026,2025,20260441,23047,515,DAKOTA GASIFICATION COMPANY,CO2,INTERSTATE,NORTH DAKOTA,0,0,0,0,49,118.04,0,0,0,0,0,0,0,0,0,0,0,0,0,0,0,0,0,0,0,0,,,167.04,0,0,0,0,0,0,0,0,0,0,0,0,0,0,0,0,0,0,0,0,0,0,0,0,0,0,,,0
9/1/2026,2025,20260441,23047,515,DAKOTA GASIFICATION COMPANY,CO2,INTRASTATE,NORTH DAKOTA,0,3.77,0,0,2.89,0,0,0,0,0,0,0,0,0,0,0,0,0,0,0,0,0,0,0,0,0,,,6.66,0,0,0,0,0,0,0,0,0,0,0,0,0,0,0,0,0,0,0,0,0,0,0,0,0,0,,,0
9/1/2026,2025,20260200,22798,994,"WILLIAMS FIELD SERVICES - GULF COAST COMPANY, LP",Crude Oil,INTERSTATE,OCS-Gulf of America,0,0,0,0,0,0,0,0,0,0,0,0,0,0,0,0,0,0,0,0,0,0,0,0,0,0,,,0,0,0,0,0,0,6.175,0,0,0,0,0,0,0,0,0,0,0,0,0,0,0,0,0,0,0,0,,,6.175
9/1/2026,2025,20260672,23327,999,"PACIFIC COAST ENERGY COMPANY, LP",Crude Oil,INTRASTATE,CALIFORNIA,0,4.13,0,0,0,0,0,0,0,0,0,0,0,0,0,0,0,0,0,0,0,0,0,0,0,0,,,4.13,0,0,0,0,0,0,0,0,0,0,0,0,0,0,0,0,0,0,0,0,0,0,0,0,0,0,,,0
9/1/2026,2025,20260239,22838,1541,"HILCORP NORTH SLOPE, LLC",Crude Oil,INTRASTATE,ALASKA,0.009,0.741,0.139,6.278,7.331,0,6.126,5.606,3.096,0,0.011,0,5.278,0,0.007,0,0,0,0,0,0,0,0,0,0,0,,,34.622,0,0,0,0,0,0,0,0,0,0,0,0,0,0,0,0,0,0,0,0,0,0,0,0,0,0,,,0
9/1/2026,2025,20260409,23015,1845,"BUCKEYE PARTNERS, LP",Crude Oil,INTERSTATE,INDIANA,0,0,0,0,0,0,0,0,0,0,1.641,0,0,0,0,0,0,0,0,0,0,0,0,0,0,0,,,1.641,0,0,0,0,0,0,0,0,0,0,0,0,0,0,0,0,0,0,0,0,0,0,0,0,0,0,,,0
9/1/2026,2025,20260409,23015,1845,"BUCKEYE PARTNERS, LP",Crude Oil,INTERSTATE,OHIO,0,0,0.052,0,0,0,0,0,0,0,0,0,0,0,0,0,0,0,0,0,0,0,0,0,0,0,,,0.052,0,0,0,0,0,0,0,0,0,0,0,0,0,0,0,0,0,0,0,0,0,0,0,0,0,0,,,0
9/1/2026,2025,20260409,23015,1845,"BUCKEYE PARTNERS, LP",Crude Oil,INTRASTATE,TEXAS,0,0,0,0.108,0,0.108,3.202,0,0,0,0,0,0,0,0,0,0,0,0,0,0,0,0,0,0,0,,,3.418,0,0,0,0,0,0,0,0,0,0,0,0,0,0,0,0,0,0,0,0,0,0,0,0,0,0,,,0
9/1/2026,2025,20260411,23017,1845,"BUCKEYE PARTNERS, LP",Fuel Grade Ethanol (dedicated system),INTERSTATE,FLORIDA,0,0,1.61,0,0,0,0,0,0,0,0,0,0,0,0,0,0,0,0,0,0,0,0,0,0,0,,,1.61,0,0,0,0,0,0,0,0,0,0,0,0,0,0,0,0,0,0,0,0,0,0,0,0,0,0,,,0
9/1/2026,2025,20260411,23017,1845,"BUCKEYE PARTNERS, LP",Fuel Grade Ethanol (dedicated system),INTRASTATE,FLORIDA,0,0,1.722,0,0,0,0,0,0,0,0,0,0,0,0,0,0,0,0,0,0,0,0,0,0,0,,,1.722,0,0,0,0,0,0,0,0,0,0,0,0,0,0,0,0,0,0,0,0,0,0,0,0,0,0,,,0
9/1/2026,2025,20260412,23018,1845,"BUCKEYE PARTNERS, LP",HVL,INTERSTATE,ILLINOIS,0,0,0.46,0,13.079,0,0,0,0,0,0,0,0,0,0,0,0,0,0,0,0,0,0,0,0,0,,,13.539,0,0,0,0,0,0,0,0,0,0,0,0,0,0,0,0,0,0,0,0,0,0,0,0,0,0,,,0
9/1/2026,2025,20260412,23018,1845,"BUCKEYE PARTNERS, LP",HVL,INTERSTATE,INDIANA,0,0.202,1.419,0,0.198,0,0,0,0,0,0,0,0,0,0,0,0,0,0,0,0,0,0,0,0,0,,,1.819,0,0,0,0,0,0,0,0,0,0,0,0,0,0,0,0,0,0,0,0,0,0,0,0,0,0,,,0
9/1/2026,2025,20260412,23018,1845,"BUCKEYE PARTNERS, LP",HVL,INTERSTATE,OHIO,0,0.91,0,0,0,0,0,0,0,0,0,0,0,0,0,0,0,0,0,0,0,0,0,0,0,0,,,0.91,0,0,0,0,0,0,0,0,0,0,0,0,0,0,0,0,0,0,0,0,0,0,0,0,0,0,,,0
9/1/2026,2025,20260412,23018,1845,"BUCKEYE PARTNERS, LP",HVL,INTRASTATE,FLORIDA,0,1.733,0,0,0,0,0,0,0,0,0,0,0,0,0,0,0,0,0,0,0,0,0,0,0,0,,,1.733,0,0,0,0,0,0,0,0,0,0,0,0,0,0,0,0,0,0,0,0,0,0,0,0,0,0,,,0
9/1/2026,2025,20260412,23018,1845,"BUCKEYE PARTNERS, LP",HVL,INTRASTATE,TEXAS,0.945,5.678,8.249,0,0,0,0,0,0,0,0,0,0,0,0,0,0,0,0,0,0,0,0,0,0,0,,,14.872,,,,,,,,,,,,,,,,,,,,,,,,,,,,,
9/1/2026,2025,20260410,23016,1845,"BUCKEYE PARTNERS, LP",Refined and/or Petroleum Product (non-HVL),INTERSTATE,CONNECTICUT,0,0.044,3.725,8.431,81.297,0,0,0,0,0,0,0,0,0,0,0,0,0,0,0,0,0,0,0,0,0,,,93.497,0,0,0,0,0,0,0,0,0,0,0,0,0,0,0,0,0,0,0,0,0,0,0,0,0,0,,,0
9/1/2026,2025,20260410,23016,1845,"BUCKEYE PARTNERS, LP",Refined and/or Petroleum Product (non-HVL),INTERSTATE,DELAWARE,0,0,0,3.079,0,0,0,0,0,0,0,0,0,0,0,0,0,0,0,0,0,0,0,0,0,0,,,3.079,0,0,0,0,0,0,0,0,0,0,0,0,0,0,0,0,0,0,0,0,0,0,0,0,0,0,,,0
9/1/2026,2025,20260410,23016,1845,"BUCKEYE PARTNERS, LP",Refined and/or Petroleum Product (non-HVL),INTERSTATE,FLORIDA,0,0,0,0,1.623,0,0,0,0,0,0,0,0,0,0,0,0,0,0,0,0,0,0,0,0,0,,,1.623,0,0,0,0,0,0,0,0,0,0,0,0,0,0,0,0,0,0,0,0,0,0,0,0,0,0,,,0
9/1/2026,2025,20260410,23016,1845,"BUCKEYE PARTNERS, LP",Refined and/or Petroleum Product (non-HVL),INTERSTATE,ILLINOIS,0,45.79,570.487,8.82,148.315,297.817,0,0,0,0,0,0,0,0,0,0,0,0,0,0,0,0,0,0,0,0,,,1071.229,,,,,,,,,,,,,,,,,,,,,,,,,,,,,
9/1/2026,2025,20260410,23016,1845,"BUCKEYE PARTNERS, LP",Refined and/or Petroleum Product (non-HVL),INTERSTATE,INDIANA,5.09,107.652,520.624,104.747,202.329,14.379,0.322,0,0,0,0,0,0,0,0,0,0,0,0,0,0,0,0,0,0,0,,,955.143,,,,,,,,,,,,,,,,,,,,,,,,,,,,,
9/1/2026,2025,20260410,23016,1845,"BUCKEYE PARTNERS, LP",Refined and/or Petroleum Product (non-HVL),INTERSTATE,IOWA,0,97.179,56.072,0,174.836,0,0,0,0,0,0,0,0,0,0,0,0,0,0,0,0,0,0,0,0,0,,,328.087,0,0,0,0,0,0,0,0,0,0,0,0,0,0,0,0,0,0,0,0,0,0,0,0,0,0,,,0
9/1/2026,2025,20260410,23016,1845,"BUCKEYE PARTNERS, LP",Refined and/or Petroleum Product (non-HVL),INTERSTATE,MAINE,0,124.175,0,0,0,0,0,0,0,0,0,0,0,0,0,0,0,0,0,0,0,0,0,0,0,0,,,124.175,0,0,0,0,0,0,0,0,0,0,0,0,0,0,0,0,0,0,0,0,0,0,0,0,0,0,,,0
9/1/2026,2025,20260410,23016,1845,"BUCKEYE PARTNERS, LP",Refined and/or Petroleum Product (non-HVL),INTERSTATE,MASSACHUSETTS,0,0,5.066,0,14.528,0,0,0,0,0,0,0,0,0,0,0,0,0,0,0,0,0,0,0,0,0,,,19.594,0,0,0,0,0,0,0,0,0,0,0,0,0,0,0,0,0,0,0,0,0,0,0,0,0,0,,,0
9/1/2026,2025,20260410,23016,1845,"BUCKEYE PARTNERS, LP",Refined and/or Petroleum Product (non-HVL),INTERSTATE,MICHIGAN,0,7.499,181.311,46.821,154.379,0,0.1,0,0,0,0,0,0,0,0,0,0,0,0,0,0,0,0,0,0,0,,,390.11,,,,,,,,,,,,,,,,,,,,,,,,,,,,,
9/1/2026,2025,20260410,23016,1845,"BUCKEYE PARTNERS, LP",Refined and/or Petroleum Product (non-HVL),INTERSTATE,MISSOURI,0,14.563,116.255,14.057,136.034,0,0,0,0,0,0,0,0,0,0,0,0,0,0,0,0,0,0,0,0,0,,,280.909,,,,,,,,,,,,,,,,,,,,,,,,,,,,,
9/1/2026,2025,20260410,23016,1845,"BUCKEYE PARTNERS, LP",Refined and/or Petroleum Product (non-HVL),INTERSTATE,NEW JERSEY,0,1.016,18.059,0,14.127,0,58.426,0,49.367,0,5.421,0,0,0,0,0,0,0,0,0,0,0,0,0,0,0,,,146.416,0,0,0,0,0,0,0,0,0,0,0,0,0,0,0,0,0,0,0,0,0,0,0,0,0,0,,,0
9/1/2026,2025,20260410,23016,1845,"BUCKEYE PARTNERS, LP",Refined and/or Petroleum Product (non-HVL),INTERSTATE,NEW YORK,0,257.517,12.473,186.413,81.858,73.83,12.098,0,0,0,0,0,0,0,0,0,0,0,0,0,0,0,0,0,0,0,7-inch diameter: 0.788 miles.,0.788,624.977,0,0,0,0,0,0,0,0,0,0,0,0,0,0,0,0,0,0,0,0,0,0,0,0,0,0,,,0
9/1/2026,2025,20260410,23016,1845,"BUCKEYE PARTNERS, LP",Refined and/or Petroleum Product (non-HVL),INTERSTATE,OHIO,0,19.001,232.435,262.034,460.136,0.622,119.292,0,0,0,0,0,0,0,0,0,0,0,0,0,0,0,0,0,0,0,,,1093.52,0,0,0,0,0,0,0,0,0,0,0,0,0,0,0,0,0,0,0,0,0,0,0,0,0,0,,,0
9/1/2026,2025,20260410,23016,1845,"BUCKEYE PARTNERS, LP",Refined and/or Petroleum Product (non-HVL),INTERSTATE,PENNSYLVANIA,6.363,46.91,200.07,98.136,129.035,155.194,142.401,114.686,104.975,0,125.267,0,0,0,0,0,0,0,0,0,0,0,0,0,0,0,,,1123.037,0,0,0,0,0,0,0,0,0,0,0,0,0,0,0,0,0,0,0,0,0,0,0,0,0,0,,,0
9/1/2026,2025,20260410,23016,1845,"BUCKEYE PARTNERS, LP",Refined and/or Petroleum Product (non-HVL),INTRASTATE,ALABAMA,0,0,0,0,1.98,0,0,0,0,0,0,0,0,0,0,0,0,0,0,0,0,0,0,0,0,0,,,1.98,0,0,0,0,0,0,0,0,0,0,0,0,0,0,0,0,0,0,0,0,0,0,0,0,0,0,,,0
9/1/2026,2025,20260410,23016,1845,"BUCKEYE PARTNERS, LP",Refined and/or Petroleum Product (non-HVL),INTRASTATE,TEXAS,0,1.668,0,0,0,0,0,0,0,0,0,0,0,0,0,0,0,0,0,0,0,0,0,0,0,0,,,1.668,0,0,0,0,0,0,0,0,0,0,0,0,0,0,0,0,0,0,0,0,0,0,0,0,0,0,,,0
9/1/2026,2025,20260039,22606,2162,DOW PIPELINE LLC - CAYUSE,HVL,INTERSTATE,LOUISIANA,0,0,166.11,0,0,0,0,0,0,0,0,0,0,0,0,0,0,0,0,0,0,0,0,0,0,0,,,166.11,,,,,,,,,,,,,,,,,,,,,,,,,,,,,
9/1/2026,2025,20260039,22606,2162,DOW PIPELINE LLC - CAYUSE,HVL,INTERSTATE,TEXAS,0,0,82.63,0,0,0,0,0,0,0,0,0,0,0,0,0,0,0,0,0,0,0,0,0,0,0,,,82.63,0,0,0,0,0,0,0,0,0,0,0,0,0,0,0,0,0,0,0,0,0,0,0,0,0,0,,,0
9/1/2026,2025,20260132,22725,2170,CENEX PIPELINE LLC,Refined and/or Petroleum Product (non-HVL),INTERSTATE,MONTANA,0,0,32.36,329.46,0,0,0,0,0,0,0,0,0,0,0,0,0,0,0,0,0,0,0,0,0,0,,,361.82,,,,,,,,,,,,,,,,,,,,,,,,,,,,,
9/1/2026,2025,20260132,22725,2170,CENEX PIPELINE LLC,Refined and/or Petroleum Product (non-HVL),INTERSTATE,NORTH DAKOTA,0,0,294.12,147.18,0,0,0,0,0,0,0,0,0,0,0,0,0,0,0,0,0,0,0,0,0,0,,,441.3,0,0,0,0,0,0,0,0,0,0,0,0,0,0,0,0,0,0,0,0,0,0,0,0,0,0,,,0
9/1/2026,2025,20260546,23152,2190,CENTRAL FLORIDA PIPELINE CORP,Refined and/or Petroleum Product (non-HVL),INTRASTATE,FLORIDA,0,2.328,3.807,87.298,2.157,0,110.109,0,0,0,0,0,0,0,0,0,0,0,0,0,0,0,0,0,0,0,,,205.699,0,0,0,0,0,0,0,0,0,0,0,0,0,0,0,0,0,0,0,0,0,0,0,0,0,0,,,0
9/1/2026,2025,20260194,22792,2387,CITGO PIPELINE CO,Crude Oil,INTERSTATE,LOUISIANA,0,0,0,0,0,0,0,0,22.334,0,0,0,0,0,0,0,0,0,0,0,0,0,0,0,0,0,,,22.334,0,0,0,0,0,0,0,0,0,0,0,0,0,0,0,0,0,0,0,0,0,0,0,0,0,0,,,0
9/1/2026,2025,20260194,22792,2387,CITGO PIPELINE CO,Crude Oil,INTERSTATE,TEXAS,0,0,0,0,0,0,0,0,41.834,0,0,0,0,0,0,0,0,0,0,0,0,0,0,0,0,0,,,41.834,,,,,,,,,,,,,,,,,,,,,,,,,,,,,
9/1/2026,2025,20260222,22821,2552,COLONIAL PIPELINE CO,Refined and/or Petroleum Product (non-HVL),INTERSTATE,ALABAMA,0,0,0,0,4.52,0,17.21,0,0.01,0,0,0,0,0,0,0,392.21,0,0,0,0,0,0,0,0,0,,,413.95,,,,,,,,,,,,,,,,,,,,,,,,,,,,,
9/1/2026,2025,20260222,22821,2552,COLONIAL PIPELINE CO,Refined and/or Petroleum Product (non-HVL),INTERSTATE,DELAWARE,0,0,0,0,0,0,0,0,0,0,0,0,0,4.25,0,0,0,0,0,0,0,0,0,0,0,0,,,4.25,,,,,,,,,,,,,,,,,,,,,,,,,,,,,
9/1/2026,2025,20260222,22821,2552,COLONIAL PIPELINE CO,Refined and/or Petroleum Product (non-HVL),INTERSTATE,GEORGIA,0,9.57,144.81,118.69,382.54,0,97.7,0,0,0,0,0,0,0,0,0,204.89,0,118.21,0,0,0,0,0,0,0,,,1076.41,,,,,,,,,,,,,,,,,,,,,,,,,,,,,
9/1/2026,2025,20260222,22821,2552,COLONIAL PIPELINE CO,Refined and/or Petroleum Product (non-HVL),INTERSTATE,LOUISIANA,0,16.69,0,0,0.02,0,14.65,0,43.48,0,0.01,0,0,0.02,0,0,243.76,0,161.11,0,0,0,0,0,0,0,,,479.74,,,,,,,,,,,,,,,,,,,,,,,,,,,,,
9/1/2026,2025,20260222,22821,2552,COLONIAL PIPELINE CO,Refined and/or Petroleum Product (non-HVL),INTERSTATE,MARYLAND,0,75.35,36.85,0,69.71,0,0,0,0,0,0,0,0,70.44,27.93,0,27.85,0,0,0,0,0,0,0,0,0,,,308.13,,,,,,,,,,,,,,,,,,,,,,,,,,,,,
9/1/2026,2025,20260222,22821,2552,COLONIAL PIPELINE CO,Refined and/or Petroleum Product (non-HVL),INTERSTATE,MISSISSIPPI,2.33,0,2.34,0.48,4.12,0,0,0,103.65,0,0.52,0,0,0,0,0,360.69,0,0,0,0,0,0,0,0,0,,,474.13,,,,,,,,,,,,,,,,,,,,,,,,,,,,,
9/1/2026,2025,20260222,22821,2552,COLONIAL PIPELINE CO,Refined and/or Petroleum Product (non-HVL),INTERSTATE,NEW JERSEY,0,0,7.45,14.45,33.34,21.71,0,0,0,0,0,0,0,92.64,0,0,0,0,0,0,0,0,0,0,0,0,,,169.59,,,,,,,,,,,,,,,,,,,,,,,,,,,,,
9/1/2026,2025,20260222,22821,2552,COLONIAL PIPELINE CO,Refined and/or Petroleum Product (non-HVL),INTERSTATE,NEW YORK,0,0,0,0,1.16,5,0,0,0,0,0,0,0,0,0,0,0,0,0,0,0,0,0,0,0,0,,,6.16,,,,,,,,,,,,,,,,,,,,,,,,,,,,,
9/1/2026,2025,20260222,22821,2552,COLONIAL PIPELINE CO,Refined and/or Petroleum Product (non-HVL),INTERSTATE,NORTH CAROLINA,0,48.08,231.21,0.02,18.54,0,106.98,0,0,0,0,0,0,0,40.87,0,148.17,0,107.03,0,0,0,0,0,0,0,,,700.9,,,,,,,,,,,,,,,,,,,,,,,,,,,,,
9/1/2026,2025,20260222,22821,2552,COLONIAL PIPELINE CO,Refined and/or Petroleum Product (non-HVL),INTERSTATE,PENNSYLVANIA,0,0,0,7.43,0,0,0,0,0,0,0.01,0,0,30.5,0,0,0,0,0,0,0,0,0,0,0,0,,,37.94,,,,,,,,,,,,,,,,,,,,,,,,,,,,,
9/1/2026,2025,20260222,22821,2552,COLONIAL PIPELINE CO,Refined and/or Petroleum Product (non-HVL),INTERSTATE,SOUTH CAROLINA,0,1.4,84.44,0.63,10.84,0,76.7,0,0,0,0,0,0,0,0,0,101.41,0,101.62,0,0,0,0,0,0,0,,,377.04,,,,,,,,,,,,,,,,,,,,,,,,,,,,,
9/1/2026,2025,20260222,22821,2552,COLONIAL PIPELINE CO,Refined and/or Petroleum Product (non-HVL),INTERSTATE,TENNESSEE,0,0.04,139.37,200.34,60.59,0,80.77,0,0,0,0,0,0,0,0,0,0,0,0,0,0,0,0,0,0,0,,,481.11,,,,,,,,,,,,,,,,,,,,,,,,,,,,,
9/1/2026,2025,20260222,22821,2552,COLONIAL PIPELINE CO,Refined and/or Petroleum Product (non-HVL),INTERSTATE,TEXAS,0,0,10.94,7.95,3.66,0,15.73,0,2.94,0,1.52,0,0,3.37,0,0,121.34,0,102.24,0,0,0,0,0,0,0,,,269.69,,,,,,,,,,,,,,,,,,,,,,,,,,,,,
9/1/2026,2025,20260222,22821,2552,COLONIAL PIPELINE CO,Refined and/or Petroleum Product (non-HVL),INTERSTATE,VIRGINIA,0,15.05,90.96,11.76,58.9,105.17,54.36,0,2.65,8.98,0,0,0,0,220.36,0,221.07,0,0,0,0,0,0,0,0,0,,,789.26,,,,,,,,,,,,,,,,,,,,,,,,,,,,,
9/1/2026,2025,20260222,22821,2552,COLONIAL PIPELINE CO,Refined and/or Petroleum Product (non-HVL),INTERSTATE,WASHINGTON DC,0,0.82,0,0,0,0,0,0,0,0,0,0,0,0,0,0,0,0,0,0,0,0,0,0,0,0,,,0.82,,,,,,,,,,,,,,,,,,,,,,,,,,,,,
9/1/2026,2025,20260043,22612,2714,"EASTERN GAS TRANSMISSION AND STORAGE, INC.",HVL,INTERSTATE,PENNSYLVANIA,1.078,51.219,0.003,0,0,0,0,0,0,0,0,0,0,0,0,0,0,0,0,0,0,0,0,0,0,0,,,52.3,,,,,,,,,,,,,,,,,,,,,,,,,,,,,
9/1/2026,2025,20260043,22612,2714,"EASTERN GAS TRANSMISSION AND STORAGE, INC.",HVL,INTERSTATE,WEST VIRGINIA,1.327,17.13,0,0,0,0,0,0,0,0,0,0,0,0,0,0,0,0,0,0,0,0,0,0,0,0,,,18.457,,,,,,,,,,,,,,,,,,,,,,,,,,,,,
9/1/2026,2025,20260043,22612,2714,"EASTERN GAS TRANSMISSION AND STORAGE, INC.",HVL,INTRASTATE,WEST VIRGINIA,7.544,0,0,0,0,0,0,0,0,0,0,0,0,0,0,0,0,0,0,0,0,0,0,0,0,0,,,7.544,0,0,0,0,0,0,0,0,0,0,0,0,0,0,0,0,0,0,0,0,0,0,0,0,0,0,,,0
9/1/2026,2025,20260044,22613,2714,"EASTERN GAS TRANSMISSION AND STORAGE, INC.",Refined and/or Petroleum Product (non-HVL),INTRASTATE,WEST VIRGINIA,27.268,1.882,0,0,0,0,0,0,0,0,0,0,0,0,0,0,0,0,0,0,0,0,0,0,0,0,,,29.15,0,0,0,0,0,0,0,0,0,0,0,0,0,0,0,0,0,0,0,0,0,0,0,0,0,0,,,0
9/1/2026,2025,20260622,23396,2731,CHEVRON PIPE LINE CO,Crude Oil,INTERSTATE,COLORADO,0,0,0,15.41,0,0,0,0,0,0,0,0,0,0,0,0,0,0,0,0,0,0,0,0,0,0,,,15.41,0,0,0,0,0,0,0,0,0,0,0,0,0,0,0,0,0,0,0,0,0,0,0,0,0,0,,,0
9/1/2026,2025,20260622,23396,2731,CHEVRON PIPE LINE CO,Crude Oil,INTERSTATE,LOUISIANA,0,14.9,0.25,0,4.93,0,0,0,74.71,0,0,0,0,0,0,0,0,0,0,0,0,0,0,0,0,0,,,94.79,0,0,0,0,0,0,0,0,0,0,0,0,0,0,0,0,0,0,0,0,0,0,0,0,0,0,,,0
9/1/2026,2025,20260622,23396,2731,CHEVRON PIPE LINE CO,Crude Oil,INTERSTATE,MISSISSIPPI,0,0,0,0,0,0,0,0,40.9,0,0,0,0,0,0,0,0,0,0,0,0,0,0,0,0,0,,,40.9,0,0,0,0,0,0,0,0,0,0,0,0,0,0,0,0,0,0,0,0,0,0,0,0,0,0,,,0
9/1/2026,2025,20260622,23396,2731,CHEVRON PIPE LINE CO,Crude Oil,INTERSTATE,OCS-Gulf of America,0,0,0,0,0,0,0,0,0,0,0,0,0,0,0,0,0,0,0,0,0,0,0,0,0,0,,,0,0,0,0,0,0,0,0,0,1.7,0,136.3,0,0,0,0,0,0,0,0,0,0,0,0,0,0,0,,,138
9/1/2026,2025,20260622,23396,2731,CHEVRON PIPE LINE CO,Crude Oil,INTERSTATE,UTAH,0,0,0,106.5,0,0,0,0,0,0,0,0,0,0,0,0,0,0,0,0,0,0,0,0,0,0,,,106.5,0,0,0,0,0,0,0,0,0,0,0,0,0,0,0,0,0,0,0,0,0,0,0,0,0,0,,,0
9/1/2026,2025,20260622,23396,2731,CHEVRON PIPE LINE CO,Crude Oil,INTRASTATE,CALIFORNIA,15.89,14.06,16.14,0.84,19.47,0,0,0,0,0,0,0,0,0,0,0,0,0,0,0,0,0,0,0,0,0,5-inch diameter: 1.49 miles.,1.49,67.89,0,0,0,0,0,0,0,0,0,0,0,0,0,0,0,0,0,0,0,0,0,0,0,0,0,0,,,0
9/1/2026,2025,20260622,23396,2731,CHEVRON PIPE LINE CO,Crude Oil,INTRASTATE,LOUISIANA,0,0,0,0.96,15.81,0,0,0,45.9,0,0,0,0,0,0,0,0,0,0,0,0,0,0,0,0,0,,,62.67,0,0,0,0,0,0,0,0,0,0,0,0,0,0,0,0,0,0,0,0,0,0,0,0,0,0,,,0
9/1/2026,2025,20260622,23396,2731,CHEVRON PIPE LINE CO,Crude Oil,INTRASTATE,UTAH,0,0,0.01,231.21,0.06,0,0,0,0,0,0,0,0,0,0,0,0,0,0,0,0,0,0,0,0,0,,,231.28,0,0,0,0,0,0,0,0,0,0,0,0,0,0,0,0,0,0,0,0,0,0,0,0,0,0,,,0
9/1/2026,2025,20260629,23366,2731,CHEVRON PIPE LINE CO,HVL,INTRASTATE,LOUISIANA,0,0,18.5,0,0,0,0,0,0,0,0,0,0,0,0,0,0,0,0,0,0,0,0,0,0,0,,,18.5,0,0,0,0,0,0,0,0,0,0,0,0,0,0,0,0,0,0,0,0,0,0,0,0,0,0,,,0
9/1/2026,2025,20260629,23366,2731,CHEVRON PIPE LINE CO,HVL,INTRASTATE,TEXAS,51.38,303.34,232,253.63,253.09,0.35,3.87,80.21,0,0,40.31,0,0,0,0,0,0,0,0,0,0,0,0,0,0,0,,,1218.18,0,0,0,0,0,0,0,0,0,0,0,0,0,0,0,0,0,0,0,0,0,0,0,0,0,0,,,0
9/1/2026,2025,20260584,23192,2731,CHEVRON PIPE LINE CO,Refined and/or Petroleum Product (non-HVL),INTRASTATE,CALIFORNIA,0.57,23.73,191.55,33.97,2.2,0,0,0,13.61,0,0,0,0,0,0,0,0,0,0,0,0,0,0,0,0,0,,,265.63,0,0,0,0,0,0,0,0,0,0,0,0,0,0,0,0,0,0,0,0,0,0,0,0,0,0,,,0
9/1/2026,2025,20260584,23192,2731,CHEVRON PIPE LINE CO,Refined and/or Petroleum Product (non-HVL),INTRASTATE,UTAH,2.7,0,0,0,0,0,0,0,0,0,0,0,0,0,0,0,0,0,0,0,0,0,0,0,0,0,,,2.7,0,0,0,0,0,0,0,0,0,0,0,0,0,0,0,0,0,0,0,0,0,0,0,0,0,0,,,0
9/1/2026,2025,20260532,23138,2767,"HARVEST ALASKA, LLC",Crude Oil,INTERSTATE,ALASKA,0,0,0,11.53,0.12,10.66,21.66,0,0,0,0,0,0,0,0,0,0,0,0,0,0,0,0,0,0,0,,,43.97,0,0,0,5.96,0,0,4.75,0,0,0,0,0,0,0,0,0,0,0,0,0,0,0,0,0,0,0,,,10.71
9/1/2026,2025,20260532,23138,2767,"HARVEST ALASKA, LLC",Crude Oil,INTRASTATE,ALASKA,0,0,11.2,8.43,2.56,0,0,0,21.85,0,0.01,0,0,0,0,0,0,0,0,0,0,0,0,0,0,0,,,44.05,0,0,0,20.92,0,0,0,0,0,0,0,0,0,0,0,0,0,0,0,0,0,0,0,0,0,0,,,20.92
9/1/2026,2025,20260273,22874,3445,DIXIE PIPELINE COMPANY LLC,HVL,INTERSTATE,ALABAMA,0,35.82,0,17.488,197.933,0,0,0,0,0,0,0,0,0,0,0,0,0,0,0,0,0,0,0,0,0,,,251.241,,,,,,,,,,,,,,,,,,,,,,,,,,,,,
9/1/2026,2025,20260273,22874,3445,DIXIE PIPELINE COMPANY LLC,HVL,INTERSTATE,GEORGIA,0,168.472,126.076,65.581,0,0,0,0,0,0,0,0,0,0,0,0,0,0,0,0,0,0,0,0,0,0,,,360.129,,,,,,,,,,,,,,,,,,,,,,,,,,,,,
9/1/2026,2025,20260273,22874,3445,DIXIE PIPELINE COMPANY LLC,HVL,INTERSTATE,LOUISIANA,0,0,3.094,152.502,78.682,0,0,0,0,0,0,0,0,0,0,0,0,0,0,0,0,0,0,0,0,0,,,234.278,,,,,,,,,,,,,,,,,,,,,,,,,,,,,
9/1/2026,2025,20260273,22874,3445,DIXIE PIPELINE COMPANY LLC,HVL,INTERSTATE,MISSISSIPPI,0,0,0,0,122.851,0,0,0,0,0,0,0,0,0,0,0,0,0,0,0,0,0,0,0,0,0,,,122.851,,,,,,,,,,,,,,,,,,,,,,,,,,,,,
9/1/2026,2025,20260273,22874,3445,DIXIE PIPELINE COMPANY LLC,HVL,INTERSTATE,NORTH CAROLINA,0,76.749,12.498,0,0,0,0,0,0,0,0,0,0,0,0,0,0,0,0,0,0,0,0,0,0,0,,,89.247,,,,,,,,,,,,,,,,,,,,,,,,,,,,,
9/1/2026,2025,20260273,22874,3445,DIXIE PIPELINE COMPANY LLC,HVL,INTERSTATE,SOUTH CAROLINA,0,8.234,154.819,0,0,0,0,0,0,0,0,0,0,0,0,0,0,0,0,0,0,0,0,0,0,0,,,163.053,,,,,,,,,,,,,,,,,,,,,,,,,,,,,
9/1/2026,2025,20260273,22874,3445,DIXIE PIPELINE COMPANY LLC,HVL,INTERSTATE,TEXAS,0,0,0.87,78.167,0,0,0,0,0,0,0,0,0,0,0,0,0,0,0,0,0,0,0,0,0,0,,,79.037,0,0,0,0,0,0,0,0,0,0,0,0,0,0,0,0,0,0,0,0,0,0,0,0,0,0,,,0
9/1/2026,2025,20260057,22628,3527,DOW PIPELINE LLC,HVL,INTRASTATE,TEXAS,107.53,61.7,52.49,60.84,144.43,0,52.91,0,0,0,0,0,0,0,0,0,0,0,0,0,0,0,0,0,0,0,,,479.9,0,0,0,0,0,0,0,0,0,0,0,0,0,0,0,0,0,0,0,0,0,0,0,0,0,0,,,0
9/1/2026,2025,20260056,22627,3535,DOW PIPELINE LLC,HVL,INTRASTATE,LOUISIANA,33.52,0,56.63,22.01,57.03,0,28.24,0,0,0,0,0,0,0,0,0,0,0,0,0,0,0,0,0,0,0,,,197.43,0,0,0,0,0,0,0,0,0,0,0,0,0,0,0,0,0,0,0,0,0,0,0,0,0,0,,,0
9/1/2026,2025,20260329,22931,4430,VALERO TERMINALING AND DISTRIBUTION COMPANY,Crude Oil,INTERSTATE,ILLINOIS,0,0,0,0,0,0,0,0,0,0,0,0,0,0.627,0,0,0,0,0,0,0,0,0,0,0,0,,,0.627,,,,,,,,,,,,,,,,,,,,,,,,,,,,,
9/1/2026,2025,20260329,22931,4430,VALERO TERMINALING AND DISTRIBUTION COMPANY,Crude Oil,INTERSTATE,TENNESSEE,0,0,0,0,0,0,0,0,0.244,0,0,0,0,0,0,0,0,0,0,0,0,0,0,0,0,0,,,0.244,,,,,,,,,,,,,,,,,,,,,,,,,,,,,
9/1/2026,2025,20260329,22931,4430,VALERO TERMINALING AND DISTRIBUTION COMPANY,Crude Oil,INTRASTATE,TEXAS,0,0,0,0,1.635,0,0.178,0,0,0,0,0,0,0,0,0,2.67,0,0,0,0,0,0,0,0,0,,,4.483,,,,,,,,,,,,,,,,,,,,,,,,,,,,,
9/1/2026,2025,20260326,22928,4430,VALERO TERMINALING AND DISTRIBUTION COMPANY,HVL,INTERSTATE,TEXAS,0,0,53.351,0,0,0,0,0,0,0,0,0,0,0,0,0,0,0,0,0,0,0,0,0,0,0,,,53.351,,,,,,,,,,,,,,,,,,,,,,,,,,,,,
9/1/2026,2025,20260326,22928,4430,VALERO TERMINALING AND DISTRIBUTION COMPANY,HVL,INTRASTATE,TEXAS,18.36,18.37,4.108,0,0,0,0,0,0,0,0,0,0,0,0,0,0,0,0,0,0,0,0,0,0,0,,,40.838,0,0,0,0,0,0,0,0,0,0,0,0,0,0,0,0,0,0,0,0,0,0,0,0,0,0,,,0
9/1/2026,2025,20260453,23059,4430,VALERO TERMINALING AND DISTRIBUTION COMPANY,Refined and/or Petroleum Product (non-HVL),INTERSTATE,ILLINOIS,0,0.193,10.486,0,0,0,0,0,0,0,0,0,0,0,0,0,0,0,0,0,0,0,0,0,0,0,,,10.679,0,0,0,0,0,0,0,0,0,0,0,0,0,0,0,0,0,0,0,0,0,0,0,0,0,0,,,0
9/1/2026,2025,20260453,23059,4430,VALERO TERMINALING AND DISTRIBUTION COMPANY,Refined and/or Petroleum Product (non-HVL),INTERSTATE,INDIANA,0,0,1.501,0,1.662,0,0,0,0,0,0,0,0,0,0,0,0,0,0,0,0,0,0,0,0,0,,,3.163,0,0,0,0,0,0,0,0,0,0,0,0,0,0,0,0,0,0,0,0,0,0,0,0,0,0,,,0
9/1/2026,2025,20260453,23059,4430,VALERO TERMINALING AND DISTRIBUTION COMPANY,Refined and/or Petroleum Product (non-HVL),INTRASTATE,TENNESSEE,0,0.451,0,0,0,0,0,0,0,0,0,0,0,0,0,0,0,0,0,0,0,0,0,0,0,0,,,0.451,,,,,,,,,,,,,,,,,,,,,,,,,,,,,
9/1/2026,2025,20260453,23059,4430,VALERO TERMINALING AND DISTRIBUTION COMPANY,Refined and/or Petroleum Product (non-HVL),INTRASTATE,TEXAS,0,2.087,0,0,69.069,0,0,0,0,0,0,0,0,0,0,0,0,0,0,0,0,0,0,0,0,0,,,71.156,0,0,0,0,0,0,0,0,0,0,0,0,0,0,0,0,0,0,0,0,0,0,0,0,0,0,,,0
9/1/2026,2025,20260156,22749,4461,"EOG RESOURCES, INC",Crude Oil,INTRASTATE,TEXAS,0,0,0,0,0.371,0,0,0,52.084,0,0,0,0,0,0,0,0,0,0,0,0,0,0,0,0,0,,,52.455,0,0,0,0,0,0,0,0,0,0,0,0,0,0,0,0,0,0,0,0,0,0,0,0,0,0,,,0
9/1/2026,2025,20260503,23109,4472,CYPRESS INTERSTATE PIPELINE LLC,HVL,INTERSTATE,LOUISIANA,0,0,27.133,0,0,0,0,0,0,0,0,0,0,0,0,0,0,0,0,0,0,0,0,0,0,0,,,27.133,0,0,0,0,0,0,0,0,0,0,0,0,0,0,0,0,0,0,0,0,0,0,0,0,0,0,,,0
9/1/2026,2025,20260503,23109,4472,CYPRESS INTERSTATE PIPELINE LLC,HVL,INTERSTATE,TEXAS,0,0,77.202,0,0,0,0,0,0,0,0,0,0,0,0,0,0,0,0,0,0,0,0,0,0,0,,,77.202,,,,,,,,,,,,,,,,,,,,,,,,,,,,,
9/1/2026,2025,20260187,22783,4805,EXPLORER PIPELINE CO,Refined and/or Petroleum Product (non-HVL),INTERSTATE,ILLINOIS,0,0,0,0,4.35,24.3,0,0,0,0,251.26,0,0,0,0,0,0,0,0,0,0,0,0,0,0,0,,,279.91,,,,,,,,,,,,,,,,,,,,,,,,,,,,,
9/1/2026,2025,20260187,22783,4805,EXPLORER PIPELINE CO,Refined and/or Petroleum Product (non-HVL),INTERSTATE,INDIANA,0,0,0,0,1.03,8.29,13.2,0,0,0,18.21,0,0,0,0,0,0,0,0,0,0,0,0,0,0,0,,,40.73,,,,,,,,,,,,,,,,,,,,,,,,,,,,,
9/1/2026,2025,20260187,22783,4805,EXPLORER PIPELINE CO,Refined and/or Petroleum Product (non-HVL),INTERSTATE,MISSOURI,0,0,0,0,0,0.77,0,0,0,0,294.09,0,0,0,0,0,0,0,0,0,0,0,0,0,0,0,,,294.86,,,,,,,,,,,,,,,,,,,,,,,,,,,,,
9/1/2026,2025,20260187,22783,4805,EXPLORER PIPELINE CO,Refined and/or Petroleum Product (non-HVL),INTERSTATE,OKLAHOMA,0,0,37.21,0,0,1.32,0,0,0.92,0,106.85,0,174.43,0,0,0,0,0,0,0,0,0,0,0,0,0,,,320.73,,,,,,,,,,,,,,,,,,,,,,,,,,,,,
9/1/2026,2025,20260187,22783,4805,EXPLORER PIPELINE CO,Refined and/or Petroleum Product (non-HVL),INTERSTATE,TEXAS,22.52,17.56,90.5,272.72,145.16,8.02,2.97,0,0,0,2.07,0,370.3,0,0,0,0,0,0,0,0,0,0,0,0,0,,,931.82,0,0,0,0,0,0,0,0,0,0,0,0,0,0,0,0,0,0,0,0,0,0,0,0,0,0,,,0
9/1/2026,2025,20260688,23299,4906,EXXONMOBIL PIPELINE COMPANY LLC,Crude Oil,INTERSTATE,LOUISIANA,0,4.04,0,0,0,0,0.48,0,3.85,0,46.51,0,0,0,0,0,37.6,0,0,0,0,0,0,0,0,0,,,92.48,0,0,0,0,0,0,0,0,0,0,0,0,0,0,0,0,0,0,0,0,0,0,0,0,0,0,,,0
9/1/2026,2025,20260688,23299,4906,EXXONMOBIL PIPELINE COMPANY LLC,Crude Oil,INTERSTATE,NEW MEXICO,0,0,0,0,0,0,0,0,0,0,0,0,0,12.58,0,0,0,0,0,0,0,0,0,0,0,0,,,12.58,0,0,0,0,0,0,0,0,0,0,0,0,0,0,0,0,0,0,0,0,0,0,0,0,0,0,,,0
9/1/2026,2025,20260688,23299,4906,EXXONMOBIL PIPELINE COMPANY LLC,Crude Oil,INTERSTATE,OCS-Gulf of America,0,0,0,0,0,0,0,0,0,0,0,0,0,0,0,0,0,0,0,0,0,0,0,0,0,0,,,0,0,0,0,0,0,0,0.01,32.97,105.12,0,0,0,0,0,0,0,0,0,0,0,0,0,0,0,0,0,,,138.1
9/1/2026,2025,20260688,23299,4906,EXXONMOBIL PIPELINE COMPANY LLC,Crude Oil,INTERSTATE,TEXAS,0,0,0,0,0,0,0,0,5.82,0,18.96,0,0,62.75,0,0,0,0,45.51,0,0,0,0,0,0,0,,,133.04,0,0,0,0,0,0,0,0,14.43,0,0,0,0,0,0,0,0,0,0,0,0,0,0,0,0,0,,,14.43
9/1/2026,2025,20260688,23299,4906,EXXONMOBIL PIPELINE COMPANY LLC,Crude Oil,INTRASTATE,TEXAS,0,0,0,5.61,0,0,47.82,0,0,0,0,0,0,0,0,0,0,0,0,0,0,0,0,0,0,0,,,53.43,0,0,0,0,0,0,0,0,0,0,0,0,0,0,0,0,0,0,0,0,0,0,0,0,0,0,,,0
9/1/2026,2025,20260691,23302,4906,EXXONMOBIL PIPELINE COMPANY LLC,HVL,INTRASTATE,LOUISIANA,145.57,100.37,229.14,0.82,162.23,0,0,0,0,0,0,0,0,0,0,0,0,0,0,0,0,0,0,0,0,0,,,638.13,,,,,,,,,,,,,,,,,,,,,,,,,,,,,
9/1/2026,2025,20260691,23302,4906,EXXONMOBIL PIPELINE COMPANY LLC,HVL,INTRASTATE,TEXAS,173.3,248.4,233.27,34.64,18.27,0,0,0,0,0,0,0,0,0,0,0,0,0,0,0,0,0,0,0,0,0,,,707.88,,,,,,,,,,,,,,,,,,,,,,,,,,,,,
9/1/2026,2025,20260690,23392,4906,EXXONMOBIL PIPELINE COMPANY LLC,Refined and/or Petroleum Product (non-HVL),INTERSTATE,ILLINOIS,0,0,0,0,0.25,0,0.87,0,0,0,0,0,0,0,0,0,0,0,0,0,0,0,0,0,0,0,,,1.12,,,,,,,,,,,,,,,,,,,,,,,,,,,,,
9/1/2026,2025,20260690,23392,4906,EXXONMOBIL PIPELINE COMPANY LLC,Refined and/or Petroleum Product (non-HVL),INTERSTATE,LOUISIANA,0,0,0,0,0,0,19.76,0,0,0,0,0,0,0,0,0,0,0,0,0,0,0,0,0,0,0,,,19.76,,,,,,,,,,,,,,,,,,,,,,,,,,,,,
9/1/2026,2025,20260690,23392,4906,EXXONMOBIL PIPELINE COMPANY LLC,Refined and/or Petroleum Product (non-HVL),INTERSTATE,TEXAS,0,0,0,0,9.38,0,11.77,0,0.88,0,0,0,0,0,0,0,2.96,0,0,0,0,0,0,0,0,0,,,24.99,0,0,0,0,0,0,0,0,0,0,0,0,0,0,0,0,0,0,0,0,0,0,0,0,0,0,,,0
9/1/2026,2025,20260690,23392,4906,EXXONMOBIL PIPELINE COMPANY LLC,Refined and/or Petroleum Product (non-HVL),INTRASTATE,LOUISIANA,3.97,4.16,0,0,0,0,0,0,0,0,0,0,0,0,0,0,0,0,0,0,0,0,0,0,0,0,,,8.13,,,,,,,,,,,,,,,,,,,,,,,,,,,,,
9/1/2026,2025,20260690,23392,4906,EXXONMOBIL PIPELINE COMPANY LLC,Refined and/or Petroleum Product (non-HVL),INTRASTATE,TEXAS,2.8,66.52,410.38,35.16,40.65,0,0.01,0,9.94,0,0,0,0,0,0,0,0,0,0,0,0,0,0,0,0,0,,,565.46,,,,,,,,,,,,,,,,,,,,,,,,,,,,,
9/1/2026,2025,20260359,23320,4908,"EXXONMOBIL PRODUCTION COMPANY, A DIVISION OF EXXON MOBIL CORPORATION",CO2,INTRASTATE,WYOMING,0,0,10.1,0,0,0,0,0,112.62,0,47.86,0,0,0,0,0,0,0,0,0,0,0,0,0,0,0,,,170.58,0,0,0,0,0,0,0,0,0,0,0,0,0,0,0,0,0,0,0,0,0,0,0,0,0,0,,,0
9/1/2026,2025,20260284,23345,5081,"COFFEYVILLE RESOURCES CRUDE TRANSPORTATION, LLC",Crude Oil,INTERSTATE,KANSAS,6.42,0,127.65,0,18.5,0,20.2,0,0,0,0,0,0,0,0,0,0,0,0,0,0,0,0,0,0,0,,,172.77,0,0,0,0,0,0,0,0,0,0,0,0,0,0,0,0,0,0,0,0,0,0,0,0,0,0,,,0
9/1/2026,2025,20260284,23345,5081,"COFFEYVILLE RESOURCES CRUDE TRANSPORTATION, LLC",Crude Oil,INTERSTATE,OKLAHOMA,16.28,0,64.66,0,0,0,0,0,0,0,0,0,0,0,0,0,0,0,0,0,0,0,0,0,0,0,,,80.94,0,0,0,0,0,0,0,0,0,0,0,0,0,0,0,0,0,0,0,0,0,0,0,0,0,0,,,0
9/1/2026,2025,20260284,23345,5081,"COFFEYVILLE RESOURCES CRUDE TRANSPORTATION, LLC",Crude Oil,INTRASTATE,OKLAHOMA,58.79,232.6,340.6,29.31,0,0,0,0,0,0,0,0,0,0,0,0,0,0,0,0,0,0,0,0,0,0,,,661.3,0,0,0,0,0,0,0,0,0,0,0,0,0,0,0,0,0,0,0,0,0,0,0,0,0,0,,,0
9/1/2026,2025,20260262,22861,6911,TRECORA PIPELINE LLC,Refined and/or Petroleum Product (non-HVL),INTRASTATE,TEXAS,19.85,0,34.92,0,0,0,0,0,0,0,0,0,0,0,0,0,0,0,0,0,0,0,0,0,0,0,,,54.77,0,0,0,0,0,0,0,0,0,0,0,0,0,0,0,0,0,0,0,0,0,0,0,0,0,0,,,0
9/1/2026,2025,20260287,22889,7063,HARBOR PIPELINE CO,Refined and/or Petroleum Product (non-HVL),INTERSTATE,NEW JERSEY,0,0,0,0,0,0,80.44,0,0,0,0,0,0,0,0,0,0,0,0,0,0,0,0,0,0,0,,,80.44,0,0,0,0,0,0,0,0,0,0,0,0,0,0,0,0,0,0,0,0,0,0,0,0,0,0,,,0
9/1/2026,2025,20260423,23029,7660,HUNT CRUDE OIL SUPPLY CO,Crude Oil,INTERSTATE,ALABAMA,0,0,0,0,105,0,0,0,0,0,0,0,0,0,0,0,0,0,0,0,0,0,0,0,0,0,,,105,0,0,0,0,0,0,0,0,0,0,0,0,0,0,0,0,0,0,0,0,0,0,0,0,0,0,,,0
9/1/2026,2025,20260423,23029,7660,HUNT CRUDE OIL SUPPLY CO,Crude Oil,INTERSTATE,MISSISSIPPI,0,4,55.3,35.38,3.04,0,0,0,0,0,0,0,0,0,0,0,0,0,0,0,0,0,0,0,0,0,,,97.72,,,,,,,,,,,,,,,,,,,,,,,,,,,,,
9/1/2026,2025,20260423,23029,7660,HUNT CRUDE OIL SUPPLY CO,Crude Oil,INTRASTATE,ALABAMA,0,8.31,20.6,0,0,1.41,0,0,0,0,0,0,0,0,0,0,0,0,0,0,0,0,0,0,0,0,,,30.32,,,,,,,,,,,,,,,,,,,,,,,,,,,,,
9/1/2026,2025,20260258,22857,8014,IDAHO PIPELINE CORP,Refined and/or Petroleum Product (non-HVL),INTRASTATE,IDAHO,2.04,0,0.28,0,0,0,0,0,0,0,0,0,0,0,0,0,0,0,0,0,0,0,0,0,0,0,,,2.32,0,0,0,0,0,0,0,0,0,0,0,0,0,0,0,0,0,0,0,0,0,0,0,0,0,0,,,0
9/1/2026,2025,20260269,22868,8175,INTERSTATE STORAGE & PIPELINE C0,Refined and/or Petroleum Product (non-HVL),INTRASTATE,NEW JERSEY,0,11.52,0,0,0,0,0,0,0,0,0,0,0,0,0,0,0,0,0,0,0,0,0,0,0,0,,,11.52,0,0,0,0,0,0,0,0,0,0,0,0,0,0,0,0,0,0,0,0,0,0,0,0,0,0,,,0
9/1/2026,2025,20260133,22726,9175,JAYHAWK PIPELINE LLC,Crude Oil,INTERSTATE,KANSAS,0,83.01,3.78,112.54,223.03,0,63.54,0,0,0,0,0,0,0,0,0,0,0,0,0,0,0,0,0,0,0,,,485.9,0,0,0,0,0,0,0,0,0,0,0,0,0,0,0,0,0,0,0,0,0,0,0,0,0,0,,,0
9/1/2026,2025,20260133,22726,9175,JAYHAWK PIPELINE LLC,Crude Oil,INTERSTATE,NEBRASKA,0,0,0,0,28.95,0,0,0,0,0,0,0,0,0,0,0,0,0,0,0,0,0,0,0,0,0,,,28.95,,,,,,,,,,,,,,,,,,,,,,,,,,,,,
9/1/2026,2025,20260133,22726,9175,JAYHAWK PIPELINE LLC,Crude Oil,INTERSTATE,OKLAHOMA,0,26.35,23.42,0,0,0,0,0,0,0,0,0,0,0,0,0,0,0,0,0,0,0,0,0,0,0,,,49.77,,,,,,,,,,,,,,,,,,,,,,,,,,,,,
9/1/2026,2025,20260133,22726,9175,JAYHAWK PIPELINE LLC,Crude Oil,INTERSTATE,TEXAS,0,0,17.34,0,0,0,0,0,0,0,0,0,0,0,0,0,0,0,0,0,0,0,0,0,0,0,,,17.34,,,,,,,,,,,,,,,,,,,,,,,,,,,,,
9/1/2026,2025,20260133,22726,9175,JAYHAWK PIPELINE LLC,Crude Oil,INTRASTATE,KANSAS,0,47.58,21.01,0,72.48,0,0,0,0,0,0,0,0,0,0,0,0,0,0,0,0,0,0,0,0,0,,,141.07,,,,,,,,,,,,,,,,,,,,,,,,,,,,,
9/1/2026,2025,20260602,23210,10012,NUSTAR PIPELINE OPERATING PARTNERSHIP L.P.,HVL,INTERSTATE,ARKANSAS,13.1,0,0,252.6,0,0,0,0,0,0,0,0,0,0,0,0,0,0,0,0,0,0,0,0,0,0,,,265.7,0,0,0,0,0,0,0,0,0,0,0,0,0,0,0,0,0,0,0,0,0,0,0,0,0,0,,,0
9/1/2026,2025,20260602,23210,10012,NUSTAR PIPELINE OPERATING PARTNERSHIP L.P.,HVL,INTERSTATE,ILLINOIS,5.99,0.93,170.89,0,0,0,0,0,0,0,0,0,0,0,0,0,0,0,0,0,0,0,0,0,0,0,,,177.81,,,,,,,,,,,,,,,,,,,,,,,,,,,,,
9/1/2026,2025,20260602,23210,10012,NUSTAR PIPELINE OPERATING PARTNERSHIP L.P.,HVL,INTERSTATE,INDIANA,4.45,155.99,11,0,0,0,0,0,0,0,0,0,0,0,0,0,0,0,0,0,0,0,0,0,0,0,,,171.44,,,,,,,,,,,,,,,,,,,,,,,,,,,,,
9/1/2026,2025,20260602,23210,10012,NUSTAR PIPELINE OPERATING PARTNERSHIP L.P.,HVL,INTERSTATE,IOWA,13.02,128.01,312.56,0,0,0,0,0,0,0,0,0,0,0,0,0,0,0,0,0,0,0,0,0,0,0,,,453.59,,,,,,,,,,,,,,,,,,,,,,,,,,,,,
9/1/2026,2025,20260602,23210,10012,NUSTAR PIPELINE OPERATING PARTNERSHIP L.P.,HVL,INTERSTATE,KANSAS,0,0,8.31,117.07,0,0,0,0,0,0,0,0,0,0,0,0,0,0,0,0,0,0,0,0,0,0,,,125.38,,,,,,,,,,,,,,,,,,,,,,,,,,,,,
9/1/2026,2025,20260602,23210,10012,NUSTAR PIPELINE OPERATING PARTNERSHIP L.P.,HVL,INTERSTATE,LOUISIANA,48.86,87.9,113.82,136.74,0,0,0,0,0,0,0,0,0,0,0,0,0,0,0,0,0,0,0,0,0,0,,,387.32,,,,,,,,,,,,,,,,,,,,,,,,,,,,,
9/1/2026,2025,20260602,23210,10012,NUSTAR PIPELINE OPERATING PARTNERSHIP L.P.,HVL,INTERSTATE,MISSOURI,29.26,25.04,189.63,169.24,0,0,0,0,0,0,0,0,0,0,0,0,0,0,0,0,0,0,0,0,0,0,,,413.17,,,,,,,,,,,,,,,,,,,,,,,,,,,,,
9/1/2026,2025,20260602,23210,10012,NUSTAR PIPELINE OPERATING PARTNERSHIP L.P.,HVL,INTERSTATE,NEBRASKA,5.59,272.2,0,38.27,0,0,0,0,0,0,0,0,0,0,0,0,0,0,0,0,0,0,0,0,0,0,,,316.06,,,,,,,,,,,,,,,,,,,,,,,,,,,,,
9/1/2026,2025,20260602,23210,10012,NUSTAR PIPELINE OPERATING PARTNERSHIP L.P.,HVL,INTERSTATE,SOUTH DAKOTA,0,2.15,0,0,0,0,0,0,0,0,0,0,0,0,0,0,0,0,0,0,0,0,0,0,0,0,,,2.15,0,0,0,0,0,0,0,0,0,0,0,0,0,0,0,0,0,0,0,0,0,0,0,0,0,0,,,0
9/1/2026,2025,20260603,23211,10012,NUSTAR PIPELINE OPERATING PARTNERSHIP L.P.,Refined and/or Petroleum Product (non-HVL),INTERSTATE,IOWA,0,272.23,0,0,0,0,0,0,0,0,0,0,0,0,0,0,0,0,0,0,0,0,0,0,0,0,,,272.23,0,0,0,0,0,0,0,0,0,0,0,0,0,0,0,0,0,0,0,0,0,0,0,0,0,0,,,0
9/1/2026,2025,20260603,23211,10012,NUSTAR PIPELINE OPERATING PARTNERSHIP L.P.,Refined and/or Petroleum Product (non-HVL),INTERSTATE,KANSAS,0,165.75,146.02,77.32,0,0,117.29,0,0,0,0,0,0,0,0,0,0,0,0,0,0,0,0,0,0,0,,,506.38,,,,,,,,,,,,,,,,,,,,,,,,,,,,,
9/1/2026,2025,20260603,23211,10012,NUSTAR PIPELINE OPERATING PARTNERSHIP L.P.,Refined and/or Petroleum Product (non-HVL),INTERSTATE,MINNESOTA,0,1,231.71,3.05,0,0,0,0,0,0,0,0,0,0,0,0,0,0,0,0,0,0,0,0,0,0,,,235.76,,,,,,,,,,,,,,,,,,,,,,,,,,,,,
9/1/2026,2025,20260603,23211,10012,NUSTAR PIPELINE OPERATING PARTNERSHIP L.P.,Refined and/or Petroleum Product (non-HVL),INTERSTATE,NEBRASKA,0,194.33,366.04,0,0,0,38.43,0,0,0,0,0,0,0,0,0,0,0,0,0,0,0,0,0,0,0,,,598.8,0,0,0,0,0,0,0,0,0,0,0,0,0,0,0,0,0,0,0,0,0,0,0,0,0,0,,,0
9/1/2026,2025,20260603,23211,10012,NUSTAR PIPELINE OPERATING PARTNERSHIP L.P.,Refined and/or Petroleum Product (non-HVL),INTERSTATE,NORTH DAKOTA,5,65,6.8,199.1,0,0,0,0,0,0,0,0,0,0,0,0,0,0,0,0,0,0,0,0,0,0,,,275.9,,,,,,,,,,,,,,,,,,,,,,,,,,,,,
9/1/2026,2025,20260603,23211,10012,NUSTAR PIPELINE OPERATING PARTNERSHIP L.P.,Refined and/or Petroleum Product (non-HVL),INTERSTATE,SOUTH DAKOTA,0,270.12,38.9,0,0,0,0,0,0,0,0,0,0,0,0,0,0,0,0,0,0,0,0,0,0,0,,,309.02,,,,,,,,,,,,,,,,,,,,,,,,,,,,,
9/1/2026,2025,20260603,23211,10012,NUSTAR PIPELINE OPERATING PARTNERSHIP L.P.,Refined and/or Petroleum Product (non-HVL),INTRASTATE,WYOMING,6.77,0,0,0,0,0,0,0,0,0,0,0,0,0,0,0,0,0,0,0,0,0,0,0,0,0,,,6.77,0,0,0,0,0,0,0,0,0,0,0,0,0,0,0,0,0,0,0,0,0,0,0,0,0,0,,,0
9/1/2026,2025,20260254,22853,10250,KIANTONE PIPELINE CORP,Crude Oil,INTERSTATE,NEW YORK,0,0,0,0,90.3,0,0,0,4.39,0,0,0,0,0,0,0,0,0,0,0,0,0,0,0,0,0,,,94.69,,,,,,,,,,,,,,,,,,,,,,,,,,,,,
9/1/2026,2025,20260254,22853,10250,KIANTONE PIPELINE CORP,Crude Oil,INTERSTATE,PENNSYLVANIA,0,0,0,0,16.86,0,0,0,0,0,0,0,0,0,0,0,0,0,0,0,0,0,0,0,0,0,,,16.86,0,0,0,0,0,0,0,0,0,0,0,0,0,0,0,0,0,0,0,0,0,0,0,0,0,0,,,0
9/1/2026,2025,20260255,22854,10250,KIANTONE PIPELINE CORP,Refined and/or Petroleum Product (non-HVL),INTRASTATE,PENNSYLVANIA,0,6.66,0,0,0,0,0,0,0,0,0,0,0,0,0,0,0,0,0,0,0,0,0,0,0,0,,,6.66,0,0,0,0,0,0,0,0,0,0,0,0,0,0,0,0,0,0,0,0,0,0,0,0,0,0,,,0
9/1/2026,2025,20260565,23171,10346,KUPARUK TRANSPORTATION CO,Crude Oil,INTERSTATE,ALASKA,0,0,0,0,0.069,0,0.003,9.099,0,0,27.693,0,0,0,0,0,0,0,0,0,0,0,0,0,0,0,,,36.864,0,0,0,0,0,0,0,0,0,0,0,0,0,0,0,0,0,0,0,0,0,0,0,0,0,0,,,0
9/1/2026,2025,20260153,22746,11032,SPIRE MISSOURI INC. EAST,HVL,INTERSTATE,ILLINOIS,0,0,0,20.54,0,0,0,0,0,0,0,0,0,0,0,0,0,0,0,0,0,0,0,0,0,0,,,20.54,,,,,,,,,,,,,,,,,,,,,,,,,,,,,
9/1/2026,2025,20260153,22746,11032,SPIRE MISSOURI INC. EAST,HVL,INTERSTATE,MISSOURI,0,0,9.496,1.73,0,0,0,0,0,0,0,0,0,0,0,0,0,0,0,0,0,0,0,0,0,0,,,11.226,,,,,,,,,,,,,,,,,,,,,,,,,,,,,
9/1/2026,2025,20260599,23207,11169,"ENBRIDGE ENERGY, LIMITED PARTNERSHIP",Crude Oil,INTERSTATE,ILLINOIS,0,0,0,0,0,0,6.56,0,0,68.725,137.952,0,0,1.062,0,115.429,75.559,0,0,117.008,0,0,0,0,0,0,,,522.295,,,,,,,,,,,,,,,,,,,,,,,,,,,,,
9/1/2026,2025,20260599,23207,11169,"ENBRIDGE ENERGY, LIMITED PARTNERSHIP",Crude Oil,INTERSTATE,INDIANA,0,0,0,0,0,0,0,0,0,6.537,4.241,0,0,90.65,0,4.703,66.632,0,0,0,0,0,0,0,0,0,,,172.763,,,,,,,,,,,,,,,,,,,,,,,,,,,,,
9/1/2026,2025,20260599,23207,11169,"ENBRIDGE ENERGY, LIMITED PARTNERSHIP",Crude Oil,INTERSTATE,MICHIGAN,0,0,0,0,0,0,0,0,8.24,0,0,0,0,941.301,0,0,125.653,0,0,0,0,0,0,0,0,0,,,1075.194,,,,,,,,,,,,,,,,,,,,,,,,,,,,,
9/1/2026,2025,20260599,23207,11169,"ENBRIDGE ENERGY, LIMITED PARTNERSHIP",Crude Oil,INTERSTATE,MINNESOTA,0,0,0,0,0,0,0,0,108.565,0,0,282.964,0,0,0,282.661,792.957,0,0,0,0,0,108.902,0,0,0,,,1576.049,,,,,,,,,,,,,,,,,,,,,,,,,,,,,
9/1/2026,2025,20260599,23207,11169,"ENBRIDGE ENERGY, LIMITED PARTNERSHIP",Crude Oil,INTERSTATE,NORTH DAKOTA,0,0,0,0,0,0,0,0,28.027,0,0,28.003,0,0,0,27.956,68.371,0,0,0,0,0,0,0,0,0,,,152.357,,,,,,,,,,,,,,,,,,,,,,,,,,,,,
9/1/2026,2025,20260599,23207,11169,"ENBRIDGE ENERGY, LIMITED PARTNERSHIP",Crude Oil,INTERSTATE,WISCONSIN,0,0,0,0,0,0,0,0,0,0,345.736,13.263,0,91.131,0,345.885,39.801,0,0,345.317,0,0.006,0,0,0,0,,,1181.139,0,0,0,0,0,0,0,0,0,0,0,0,0,0,0,0,0,0,0,0,0,0,0,0,0,0,,,0
9/1/2026,2025,20260601,23209,11169,"ENBRIDGE ENERGY, LIMITED PARTNERSHIP",HVL,INTERSTATE,MINNESOTA,0,0,0,0,0,0,0,176.58,108.077,0,0,0,0,0,0,0,0,0,0,0,0,0,0,0,0,0,,,284.657,,,,,,,,,,,,,,,,,,,,,,,,,,,,,
9/1/2026,2025,20260601,23209,11169,"ENBRIDGE ENERGY, LIMITED PARTNERSHIP",HVL,INTERSTATE,NORTH DAKOTA,0,0,0,0,0,0,0,0,27.944,0,0,0,0,0,0,0,0,0,0,0,0,0,0,0,0,0,,,27.944,,,,,,,,,,,,,,,,,,,,,,,,,,,,,
9/1/2026,2025,20260601,23209,11169,"ENBRIDGE ENERGY, LIMITED PARTNERSHIP",HVL,INTERSTATE,WISCONSIN,0,0,0,0,0,0,0,13.261,0,0,0,0,0,0,0,0,0,0,0,0,0,0,0,0,0,0,,,13.261,0,0,0,0,0,0,0,0,0,0,0,0,0,0,0,0,0,0,0,0,0,0,0,0,0,0,,,0
9/1/2026,2025,20260419,23025,11272,LAVACA PIPELINE CO,HVL,INTRASTATE,TEXAS,12.06,27.31,15.54,0,0,0,0,0,0,0,0,0,0,0,0,0,0,0,0,0,0,0,0,0,0,0,,,54.91,0,0,0,0,0,0,0,0,0,0,0,0,0,0,0,0,0,0,0,0,0,0,0,0,0,0,,,0
9/1/2026,2025,20260422,23028,11272,LAVACA PIPELINE CO,Refined and/or Petroleum Product (non-HVL),INTRASTATE,TEXAS,4.11,0,2.14,4.62,0,0,0,0,0,0,0,0,0,0,0,0,0,0,0,0,0,0,0,0,0,0,,,10.87,0,0,0,0,0,0,0,0,0,0,0,0,0,0,0,0,0,0,0,0,0,0,0,0,0,0,,,0
9/1/2026,2025,20260232,22831,11551,"DELEK LOGISTICS OPERATING, LLC.",Crude Oil,INTERSTATE,ARKANSAS,0,0,15.35,0,0,0,15.38,0,0,0,0,0,0,0,0,0,0,0,0,0,0,0,0,0,0,0,,,30.73,,,,,,,,,,,,,,,,,,,,,,,,,,,,,
9/1/2026,2025,20260232,22831,11551,"DELEK LOGISTICS OPERATING, LLC.",Crude Oil,INTERSTATE,LOUISIANA,0,1.52,2.51,0,58.62,0,2.51,0,0,0,0,0,0,0,0,0,0,0,0,0,0,0,0,0,0,0,,,65.16,,,,,,,,,,,,,,,,,,,,,,,,,,,,,
9/1/2026,2025,20260232,22831,11551,"DELEK LOGISTICS OPERATING, LLC.",Crude Oil,INTRASTATE,ARKANSAS,3.99,14.78,49.62,0,28.72,0,0,0,0,0,0,0,0,0,0,0,0,0,0,0,0,0,0,0,0,0,,,97.11,,,,,,,,,,,,,,,,,,,,,,,,,,,,,
9/1/2026,2025,20260232,22831,11551,"DELEK LOGISTICS OPERATING, LLC.",Crude Oil,INTRASTATE,TEXAS,0,0,1.64,194.72,0,0,0,0,0,0,0,0,0,0,0,0,0,0,0,0,0,0,0,0,0,0,,,196.36,,,,,,,,,,,,,,,,,,,,,,,,,,,,,
9/1/2026,2025,20260233,22832,11551,"DELEK LOGISTICS OPERATING, LLC.",Refined and/or Petroleum Product (non-HVL),INTRASTATE,ARKANSAS,0,0,4.43,157.53,8.41,0,0,0,0,0,0,0,0,0,0,0,0,0,0,0,0,0,0,0,0,0,,,170.37,0,0,0,0,0,0,0,0,0,0,0,0,0,0,0,0,0,0,0,0,0,0,0,0,0,0,,,0
9/1/2026,2025,20260617,23225,11733,LOOP LLC,Crude Oil,INTERSTATE,LOUISIANA,0,0,0,0,0,0,0,0,0,0,0,0,0,3.2,0,0,0,0,0,1.5,0,0,86.8,0,0,0,,,91.5,0,0,0,0,0,0,0,0,0,0,0,0,0,0,0,0,0,0,0,0,0,0,3,0,0,0,,,3
9/1/2026,2025,20260617,23225,11733,LOOP LLC,Crude Oil,INTERSTATE,OCS-Gulf of America,0,0,0,0,0,0,0,0,0,0,0,0,0,0,0,0,0,0,0,0,0,0,0,0,0,0,,,0,0,0,0,0,0,0,0,0,0,0,0,0,0,0,0,0,0,0,0,0,0,0,15,0,4.6,0,,,19.6
9/1/2026,2025,20260618,23226,11733,LOOP LLC,Refined and/or Petroleum Product (non-HVL),INTERSTATE,LOUISIANA,3.4,0,0,0,0,0,0,0,0,0,0,0,0,0,0,0,0,0,0,0,0,0,0,0,0,0,,,3.4,3,0,0,0,0,0,0,0,0,0,0,0,0,0,0,0,0,0,0,0,0,0,0,0,0,0,,,3
9/1/2026,2025,20260618,23226,11733,LOOP LLC,Refined and/or Petroleum Product (non-HVL),INTERSTATE,OCS-Gulf of America,0,0,0,0,0,0,0,0,0,0,0,0,0,0,0,0,0,0,0,0,0,0,0,0,0,0,,,0,15,0,0,0,0,0,0,0,0,0,0,0,0,0,0,0,0,0,0,0,0,0,0,0,0,0,,,15
9/1/2026,2025,20260289,22891,12470,MID - VALLEY PIPELINE CO,Crude Oil,INTERSTATE,ARKANSAS,0,0,15.07,0,0,0,0,0,0,0,0,0,0,0,0,0,0,0,0,0,0,0,0,0,0,0,,,15.07,,,,,,,,,,,,,,,,,,,,,,,,,,,,,
9/1/2026,2025,20260289,22891,12470,MID - VALLEY PIPELINE CO,Crude Oil,INTERSTATE,KENTUCKY,0,0,0,0,0,0,0,0,5.43,223.53,0,0,0,0,0,0,0,0,0,0,0,0,0,0,0,0,,,228.96,,,,,,,,,,,,,,,,,,,,,,,,,,,,,
9/1/2026,2025,20260289,22891,12470,MID - VALLEY PIPELINE CO,Crude Oil,INTERSTATE,LOUISIANA,0,0,6.88,0,42.68,0,0,0,180.82,0,0,0,0,0,0,0,0,0,0,0,0,0,0,0,0,0,,,230.38,,,,,,,,,,,,,,,,,,,,,,,,,,,,,
9/1/2026,2025,20260289,22891,12470,MID - VALLEY PIPELINE CO,Crude Oil,INTERSTATE,MICHIGAN,0,0,0,0,0,0,0,0,0,7.16,0,0,0,0,0,0,0,0,0,0,0,0,0,0,0,0,,,7.16,,,,,,,,,,,,,,,,,,,,,,,,,,,,,
9/1/2026,2025,20260289,22891,12470,MID - VALLEY PIPELINE CO,Crude Oil,INTERSTATE,MISSISSIPPI,0,0,0,0,0,0,0,0,5.29,188.28,0,0,0,0,0,0,0,0,0,0,0,0,0,0,0,0,,,193.57,,,,,,,,,,,,,,,,,,,,,,,,,,,,,
9/1/2026,2025,20260289,22891,12470,MID - VALLEY PIPELINE CO,Crude Oil,INTERSTATE,OHIO,0,0,0,0,4.27,0,0,0,145.88,88.08,0,0,0,0.08,0,0,0,0,0,0,0,0,0,0,0,0,,,238.31,,,,,,,,,,,,,,,,,,,,,,,,,,,,,
9/1/2026,2025,20260289,22891,12470,MID - VALLEY PIPELINE CO,Crude Oil,INTERSTATE,TENNESSEE,0,0,0,0,0,0,0,0,0,153.73,0,0,0,0,0,0,0,0,0,0,0,0,0,0,0,0,,,153.73,,,,,,,,,,,,,,,,,,,,,,,,,,,,,
9/1/2026,2025,20260289,22891,12470,MID - VALLEY PIPELINE CO,Crude Oil,INTERSTATE,TEXAS,0,0,0,0,0,0,0,0,47.95,0,0,0,0,0,0,0,0,0,0,0,0,0,0,0,0,0,,,47.95,0,0,0,0,0,0,0,0,0,0,0,0,0,0,0,0,0,0,0,0,0,0,0,0,0,0,,,0
9/1/2026,2025,20260695,23306,12624,EXXONMOBIL OIL CORPORATION,Crude Oil,INTRASTATE,TEXAS,0,0,0,0,0,0,0.13,0,0,0,7.97,0,0,0,0,0,0,0,0,0,0,0,0,0,0,0,,,8.1,0,0,0,0,0,0,0,0,0,0,0,0,0,0,0,0,0,0,0,0,0,0,0,0,0,0,,,0
9/1/2026,2025,20260696,23307,12624,EXXONMOBIL OIL CORPORATION,HVL,INTRASTATE,TEXAS,0,0,125.49,66.12,3.89,0,38.29,0,0,0,0,0,0,0,0,0,0,0,0,0,0,0,0,0,0,0,,,233.79,0,0,0,0,0,0,0,0,0,0,0,0,0,0,0,0,0,0,0,0,0,0,0,0,0,0,,,0
9/1/2026,2025,20260697,23308,12624,EXXONMOBIL OIL CORPORATION,Refined and/or Petroleum Product (non-HVL),INTRASTATE,TEXAS,0,0.01,8.6,11.28,7.29,0,0,0,0,0,0,0,0,0,0,0,0,0,0,0,0,0,0,0,0,0,,,27.18,,,,,,,,,,,,,,,,,,,,,,,,,,,,,
9/1/2026,2025,20260699,23310,12628,MOBIL  PIPE  LINE COMPANY,Crude Oil,INTERSTATE,ILLINOIS,0,0,0,0,0,0,0,0,0,0,0,0,0,21.04,0,0,0,0,0,0,0,0,0,0,0,0,,,21.04,,,,,,,,,,,,,,,,,,,,,,,,,,,,,
9/1/2026,2025,20260699,23310,12628,MOBIL  PIPE  LINE COMPANY,Crude Oil,INTRASTATE,TEXAS,0,0,0,0,0,0,0,0,0,0,0,0,0,0,0,0,73.53,0,0,0,0,0,0,0,0,0,,,73.53,0,0,0,0,0,0,0,0,0,0,0,0,0,0,0,0,0,0,0,0,0,0,0,0,0,0,,,0
9/1/2026,2025,20260700,23311,12628,MOBIL  PIPE  LINE COMPANY,HVL,INTRASTATE,TEXAS,1.51,0,60.07,0,76.67,0,0,0,0,0,0,0,0,0,0,0,0,0,0,0,0,0,0,0,0,0,,,138.25,0,0,0,0,0,0,0,0,0,0,0,0,0,0,0,0,0,0,0,0,0,0,0,0,0,0,,,0
9/1/2026,2025,20260701,23312,12628,MOBIL  PIPE  LINE COMPANY,Refined and/or Petroleum Product (non-HVL),INTRASTATE,ILLINOIS,0,0,0,0,0.3,0,2.98,0,0,0,0,0,0,0,0,0,0,0,0,0,0,0,0,0,0,0,,,3.28,0,0,0,0,0,0,0,0,0,0,0,0,0,0,0,0,0,0,0,0,0,0,0,0,0,0,,,0
9/1/2026,2025,20260692,23303,12634,EXXONMOBIL OIL CORPORATION,HVL,INTRASTATE,TEXAS,36.11,27.24,10.8,0.04,14.5,0,0,0,0,0,0,0,0,0,0,0,0,0,0,0,0,0,0,0,0,0,,,88.69,0,0,0,0,0,0,0,0,0,0,0,0,0,0,0,0,0,0,0,0,0,0,0,0,0,0,,,0
9/1/2026,2025,20260502,23108,12913,SUPERIOR REFINING COMPANY LLC,Refined and/or Petroleum Product (non-HVL),INTRASTATE,WISCONSIN,0,5.043,0,0.525,0,0,0,0,0,0,0,0,0,0,0,0,0,0,0,0,0,0,0,0,0,0,,,5.568,0,0,0,0,0,0,0,0,0,0,0,0,0,0,0,0,0,0,0,0,0,0,0,0,0,0,,,0
9/1/2026,2025,20260714,23346,14145,ERGON MIDSTREAM,Crude Oil,INTERSTATE,OHIO,0,0,21.92,0,0,0,0,0,0,0,0,0,0,0,0,0,0,0,0,0,0,0,0,0,0,0,,,21.92,0,0,0,0,0,0,0,0,0,0,0,0,0,0,0,0,0,0,0,0,0,0,0,0,0,0,,,0
9/1/2026,2025,20260520,23126,14194,ADVARIO TEXAS CITY LP,Refined and/or Petroleum Product (non-HVL),INTRASTATE,TEXAS,0,4.2,1.08,0,0,0,0,0,0,0,0,0,0,0,0,0,0,0,0,0,0,0,0,0,0,0,,,5.28,0,0,0,0,0,0,0,0,0,0,0,0,0,0,0,0,0,0,0,0,0,0,0,0,0,0,,,0
9/1/2026,2025,20260540,23146,14391,"OSAGE PIPE LINE COMPANY, LLC",Crude Oil,INTERSTATE,KANSAS,0,0,0,0,0,0,0,0,60.31,0,0,0,0,0,0,0,0,0,0,0,0,0,0,0,0,0,,,60.31,0,0,0,0,0,0,0,0,0,0,0,0,0,0,0,0,0,0,0,0,0,0,0,0,0,0,,,0
9/1/2026,2025,20260540,23146,14391,"OSAGE PIPE LINE COMPANY, LLC",Crude Oil,INTERSTATE,OKLAHOMA,0,0,0,0,0,0,0,0,75.36,0,0,0,0,0,0,0,0,0,0,0,0,0,0,0,0,0,,,75.36,0,0,0,0,0,0,0,0,0,0,0,0,0,0,0,0,0,0,0,0,0,0,0,0,0,0,,,0
9/1/2026,2025,20260545,23151,15156,SINCLAIR TRANSPORTATION COMPANY,Crude Oil,INTERSTATE,COLORADO,0,18.23,0,0,0,0,0,0,0,0,0,0,0,0,0,0,0,0,0,0,0,0,0,0,0,0,,,18.23,0,0,0,0,0,0,0,0,0,0,0,0,0,0,0,0,0,0,0,0,0,0,0,0,0,0,,,0
9/1/2026,2025,20260545,23151,15156,SINCLAIR TRANSPORTATION COMPANY,Crude Oil,INTERSTATE,WYOMING,0,0,0,311.15,4.85,0,102.56,0,0,0,0,0,0,0,0,0,0,0,0,0,0,0,0,0,0,0,,,418.56,0,0,0,0,0,0,0,0,0,0,0,0,0,0,0,0,0,0,0,0,0,0,0,0,0,0,,,0
9/1/2026,2025,20260545,23151,15156,SINCLAIR TRANSPORTATION COMPANY,Crude Oil,INTRASTATE,WYOMING,10.33,0,105.85,0,0,0,0,0,0,0,0,0,0,0,0,0,0,0,0,0,0,0,0,0,0,0,,,116.18,0,0,0,0,0,0,0,0,0,0,0,0,0,0,0,0,0,0,0,0,0,0,0,0,0,0,,,0
9/1/2026,2025,20260544,23150,15156,SINCLAIR TRANSPORTATION COMPANY,Refined and/or Petroleum Product (non-HVL),INTERSTATE,COLORADO,0,68.83,2.66,53.95,0,0,0,0,0,0,0,0,0,0,0,0,0,0,0,0,0,0,0,0,0,0,,,125.44,0,0,0,0,0,0,0,0,0,0,0,0,0,0,0,0,0,0,0,0,0,0,0,0,0,0,,,0
9/1/2026,2025,20260544,23150,15156,SINCLAIR TRANSPORTATION COMPANY,Refined and/or Petroleum Product (non-HVL),INTERSTATE,IOWA,0,0,11.82,0,0,0,0,0,0,0,0,0,0,0,0,0,0,0,0,0,0,0,0,0,0,0,,,11.82,0,0,0,0,0,0,0,0,0,0,0,0,0,0,0,0,0,0,0,0,0,0,0,0,0,0,,,0
9/1/2026,2025,20260544,23150,15156,SINCLAIR TRANSPORTATION COMPANY,Refined and/or Petroleum Product (non-HVL),INTERSTATE,KANSAS,0,0,7.95,0,0,0,0,0,0,0,0,0,0,0,0,0,0,0,0,0,0,0,0,0,0,0,,,7.95,0,0,0,0,0,0,0,0,0,0,0,0,0,0,0,0,0,0,0,0,0,0,0,0,0,0,,,0
9/1/2026,2025,20260544,23150,15156,SINCLAIR TRANSPORTATION COMPANY,Refined and/or Petroleum Product (non-HVL),INTERSTATE,MISSOURI,0,0,205.87,0,0,0,0,0,0,0,0,0,0,0,0,0,0,0,0,0,0,0,0,0,0,0,,,205.87,0,0,0,0,0,0,0,0,0,0,0,0,0,0,0,0,0,0,0,0,0,0,0,0,0,0,,,0
9/1/2026,2025,20260544,23150,15156,SINCLAIR TRANSPORTATION COMPANY,Refined and/or Petroleum Product (non-HVL),INTERSTATE,WYOMING,0,117.57,1.1,0,0,0,0,0,0,0,0,0,0,0,0,0,0,0,0,0,0,0,0,0,0,0,,,118.67,0,0,0,0,0,0,0,0,0,0,0,0,0,0,0,0,0,0,0,0,0,0,0,0,0,0,,,0
9/1/2026,2025,20260544,23150,15156,SINCLAIR TRANSPORTATION COMPANY,Refined and/or Petroleum Product (non-HVL),INTRASTATE,WYOMING,0,0,102.69,0,11.31,0,0,0,0,0,0,0,0,0,0,0,0,0,0,0,0,0,0,0,0,0,,,114,0,0,0,0,0,0,0,0,0,0,0,0,0,0,0,0,0,0,0,0,0,0,0,0,0,0,,,0
9/1/2026,2025,20260438,23044,15485,PHILLIPS 66 COMPANY - SWEENY REFINERY,Crude Oil,INTRASTATE,TEXAS,0,0,0,0,0,0,0,0,0,0,0,0,0,1.41,0,0,0,0,0,0,0,0,0,0,0,0,,,1.41,0,0,0,0,0,0,0,0,0,0,0,0,0,0,0,0,0,0,0,0,0,0,0,0,0,0,,,0
9/1/2026,2025,20260439,23045,15485,PHILLIPS 66 COMPANY - SWEENY REFINERY,Refined and/or Petroleum Product (non-HVL),INTRASTATE,TEXAS,10.97,15.45,4.07,0,0,0,0,0,0,0,0,0,0,0,0,0,0,0,0,0,0,0,0,0,0,0,5-inch diameter: 12.65 miles.,12.65,43.14,0,0,0,0,0,0,0,0,0,0,0,0,0,0,0,0,0,0,0,0,0,0,0,0,0,0,,,0
9/1/2026,2025,20260022,22582,15645,PLACID PIPELINE COMPANY LLC,Refined and/or Petroleum Product (non-HVL),INTRASTATE,LOUISIANA,0,0,1,8,0,0,0,0,0,0,0,0,0,0,0,0,0,0,0,0,0,0,0,0,0,0,,,9,0,0,0,0,0,0,0,0,0,0,0,0,0,0,0,0,0,0,0,0,0,0,0,0,0,0,,,0
9/1/2026,2025,20260555,23161,15674,PRODUCTS (SE) PIPE LINE CORPORATION,Refined and/or Petroleum Product (non-HVL),INTERSTATE,ALABAMA,0,0,85.619,14.749,2.126,0,0,307.086,0,0,0,0,0,200.873,0,0,0,0,0,0,0,0,0,0,0,0,,,610.453,0,0,0,0,0,0,0,0,0,0,0,0,0,0,0,0,0,0,0,0,0,0,0,0,0,0,,,0
9/1/2026,2025,20260555,23161,15674,PRODUCTS (SE) PIPE LINE CORPORATION,Refined and/or Petroleum Product (non-HVL),INTERSTATE,GEORGIA,0,0,290.287,0,51.553,148.8,0,11.932,0,0,0,148.791,0,11.93,0,0,0,0,0,0,0,0,0,0,0,0,,,663.293,,,,,,,,,,,,,,,,,,,,,,,,,,,,,
9/1/2026,2025,20260555,23161,15674,PRODUCTS (SE) PIPE LINE CORPORATION,Refined and/or Petroleum Product (non-HVL),INTERSTATE,LOUISIANA,0,0,0,0,79.099,0,0,110.039,0,0,0,0,0,0,0,0,0,0,0,0,0,0,0,0,0,0,,,189.138,0,0,0,0,0,0,0,0,0,0,0,0,0,0,0,0,0,0,0,0,0,0,0,0,0,0,,,0
9/1/2026,2025,20260555,23161,15674,PRODUCTS (SE) PIPE LINE CORPORATION,Refined and/or Petroleum Product (non-HVL),INTERSTATE,MISSISSIPPI,0,1.303,6.078,0,302.699,0,0,330.874,0,0,0,0,0,95.978,0,0,0,0,0,0,0,0,0,0,0,0,,,736.932,,,,,,,,,,,,,,,,,,,,,,,,,,,,,
9/1/2026,2025,20260555,23161,15674,PRODUCTS (SE) PIPE LINE CORPORATION,Refined and/or Petroleum Product (non-HVL),INTERSTATE,NORTH CAROLINA,0,4.338,37.627,0,0,169.493,0,0,0,0,0,108.354,0,0,0,0,0,0,0,0,0,0,0,0,0,0,,,319.812,0,0,0,0,0,0,0,0,0,0,0,0,0,0,0,0,0,0,0,0,0,0,0,0,0,0,,,0
9/1/2026,2025,20260555,23161,15674,PRODUCTS (SE) PIPE LINE CORPORATION,Refined and/or Petroleum Product (non-HVL),INTERSTATE,SOUTH CAROLINA,0,0,0,0,0,101.681,0,0,0,0,0,101.66,0,0,0,0,0,0,0,0,0,0,0,0,0,0,,,203.341,,,,,,,,,,,,,,,,,,,,,,,,,,,,,
9/1/2026,2025,20260555,23161,15674,PRODUCTS (SE) PIPE LINE CORPORATION,Refined and/or Petroleum Product (non-HVL),INTERSTATE,TENNESSEE,0,0,105.071,0,0,0,0,0,0,0,0,0,0,0,0,0,0,0,0,0,0,0,0,0,0,0,,,105.071,,,,,,,,,,,,,,,,,,,,,,,,,,,,,
9/1/2026,2025,20260555,23161,15674,PRODUCTS (SE) PIPE LINE CORPORATION,Refined and/or Petroleum Product (non-HVL),INTERSTATE,VIRGINIA,0,39.431,78.336,0,103.909,122.005,0,0,0,0,0,0,0,0,0,0,0,0,0,0,0,0,0,0,0,0,,,343.681,0,0,0,0,0,0,0,0,0,0,0,0,0,0,0,0,0,0,0,0,0,0,0,0,0,0,,,0
9/1/2026,2025,20260615,23223,15774,NORTH DAKOTA PIPELINE COMPANY LLC,Crude Oil,INTERSTATE,MINNESOTA,0,0,0,0,0,0,75.214,0,0,0,0,0,0,0,0,0,0,0,0,0,0,0,0,0,0,0,,,75.214,,,,,,,,,,,,,,,,,,,,,,,,,,,,,
9/1/2026,2025,20260615,23223,15774,NORTH DAKOTA PIPELINE COMPANY LLC,Crude Oil,INTERSTATE,MONTANA,0,63.98,0,0,0,0,0,0,0,0,0,0,0,0,0,0,0,0,0,0,0,0,0,0,0,0,,,63.98,,,,,,,,,,,,,,,,,,,,,,,,,,,,,
9/1/2026,2025,20260615,23223,15774,NORTH DAKOTA PIPELINE COMPANY LLC,Crude Oil,INTERSTATE,NORTH DAKOTA,0,59.876,66.478,145.761,55.402,0,290.374,0,0,0,0,0,0,0,0,0,0,0,0,0,0,0,0,0,0,0,,,617.891,0,0,0,0,0,0,0,0,0,0,0,0,0,0,0,0,0,0,0,0,0,0,0,0,0,0,,,0
9/1/2026,2025,20260703,23316,15786,PORTLAND PIPE LINE CORPORATION,Crude Oil,INTERSTATE,MAINE,0,0,0,0,0,0,0,72,0,0,72,0,0,0,0,0,0,0,0,0,0,0,0,0,0,0,,,144,0,0,0,0,0,0,0,0,0,0,0,0,0,0,0,0,0,0,0,0,0,0,0,0,0,0,,,0
9/1/2026,2025,20260703,23316,15786,PORTLAND PIPE LINE CORPORATION,Crude Oil,INTERSTATE,NEW HAMPSHIRE,0,0,0,0,0,0,0,35.5,0,2,33.5,0,0,0,0,0,0,0,0,0,0,0,0,0,0,0,,,71,0,0,0,0,0,0,0,0,0,0,0,0,0,0,0,0,0,0,0,0,0,0,0,0,0,0,,,0
9/1/2026,2025,20260703,23316,15786,PORTLAND PIPE LINE CORPORATION,Crude Oil,INTERSTATE,VERMONT,0,0,0,0,0,0,0,58.5,0,0,58.5,0,0,0,0,0,0,0,0,0,0,0,0,0,0,0,,,117,0,0,0,0,0,0,0,0,0,0,0,0,0,0,0,0,0,0,0,0,0,0,0,0,0,0,,,0
9/1/2026,2025,20260146,22739,15825,WESTLAKE US 2 LLC,HVL,INTERSTATE,LOUISIANA,0,0,35,0,0,0,0,0,0,0,0,0,0,0,0,0,0,0,0,0,0,0,0,0,0,0,,,35,0,0,0,0,0,0,0,0,0,0,0,0,0,0,0,0,0,0,0,0,0,0,0,0,0,0,,,0
9/1/2026,2025,20260146,22739,15825,WESTLAKE US 2 LLC,HVL,INTERSTATE,TEXAS,0,0,2.61,0,0,0,0,0,0,0,0,0,0,0,0,0,0,0,0,0,0,0,0,0,0,0,,,2.61,,,,,,,,,,,,,,,,,,,,,,,,,,,,,
9/1/2026,2025,20260234,22833,15851,"DELEK MARKETING AND SUPPLY, LP",Crude Oil,INTRASTATE,TEXAS,0,0.04,1.6,12.05,93.83,0,3.79,0,3.46,0,0,0,0,0,0,0,0,0,0,0,0,0,0,0,0,0,,,114.77,0,0,0,0,0,0,0,0,0,0,0,0,0,0,0,0,0,0,0,0,0,0,0,0,0,0,,,0
9/1/2026,2025,20260238,22837,15851,"DELEK MARKETING AND SUPPLY, LP",Refined and/or Petroleum Product (non-HVL),INTRASTATE,TEXAS,13.17,118.75,16.92,0,0,0,0,0,0,0,0,0,0,0,0,0,0,0,0,0,0,0,0,0,0,0,,,148.84,,,,,,,,,,,,,,,,,,,,,,,,,,,,,
9/1/2026,2025,20260098,22680,15915,"PIPELINES OF PUERTO RICO INCD, THE",Refined and/or Petroleum Product (non-HVL),INTRASTATE,PUERTO RICO,0,9.5,0,0,0,0,0,0,0,0,0,0,0,0,0,0,0,0,0,0,0,0,0,0,0,0,,,9.5,0,0,0,0,0,0,0,0,0,0,0,0,0,0,0,0,0,0,0,0,0,0,0,0,0,0,,,0
9/1/2026,2025,20260711,23341,15979,"ERGON TERMINALING, INC.",Crude Oil,INTERSTATE,OHIO,0,0,37,0,0,0,0,0,0,0,0,0,0,0,0,0,0,0,0,0,0,0,0,0,0,0,,,37,0,0,0,0,0,0,0,0,0,0,0,0,0,0,0,0,0,0,0,0,0,0,0,0,0,0,,,0
9/1/2026,2025,20260711,23341,15979,"ERGON TERMINALING, INC.",Crude Oil,INTERSTATE,WEST VIRGINIA,0,0,1,0,0,0,0,0,0,0,0,0,0,0,0,0,0,0,0,0,0,0,0,0,0,0,,,1,0,0,0,0,0,0,0,0,0,0,0,0,0,0,0,0,0,0,0,0,0,0,0,0,0,0,,,0
9/1/2026,2025,20260557,23163,18092,"SFPP, LP",Refined and/or Petroleum Product (non-HVL),INTERSTATE,ARIZONA,0,33.768,0,0,244.435,0,120.604,0,161.169,0,0,0,0,0,0,0,0,0,0,0,0,0,0,0,0,0,,,559.976,0,0,0,0,0,0,0,0,0,0,0,0,0,0,0,0,0,0,0,0,0,0,0,0,0,0,,,0
9/1/2026,2025,20260557,23163,18092,"SFPP, LP",Refined and/or Petroleum Product (non-HVL),INTERSTATE,CALIFORNIA,0.461,26.61,99.662,43.12,34.74,2.95,67.799,0,284.813,9.96,32.512,0,0,0,0,0,0,0,0,0,0,0,0,0,0,0,,,602.627,,,,,,,,,,,,,,,,,,,,,,,,,,,,,
9/1/2026,2025,20260557,23163,18092,"SFPP, LP",Refined and/or Petroleum Product (non-HVL),INTERSTATE,NEVADA,0,70.211,0,7.986,0,0,0,0,0,0,0,0,0,0,0,0,0,0,0,0,0,0,0,0,0,0,,,78.197,0,0,0,0,0,0,0,0,0,0,0,0,0,0,0,0,0,0,0,0,0,0,0,0,0,0,,,0
9/1/2026,2025,20260557,23163,18092,"SFPP, LP",Refined and/or Petroleum Product (non-HVL),INTERSTATE,NEW MEXICO,0,0,0,0,162.597,0,163.164,0,0,0,0,0,0,0,0,0,0,0,0,0,0,0,0,0,0,0,,,325.761,0,0,0,0,0,0,0,0,0,0,0,0,0,0,0,0,0,0,0,0,0,0,0,0,0,0,,,0
9/1/2026,2025,20260557,23163,18092,"SFPP, LP",Refined and/or Petroleum Product (non-HVL),INTERSTATE,OREGON,0,0,127.695,0,0,0,0,0,0,0,0,0,0,0,0,0,0,0,0,0,0,0,0,0,0,0,,,127.695,0,0,0,0,0,0,0,0,0,0,0,0,0,0,0,0,0,0,0,0,0,0,0,0,0,0,,,0
9/1/2026,2025,20260557,23163,18092,"SFPP, LP",Refined and/or Petroleum Product (non-HVL),INTERSTATE,TEXAS,0.004,0.299,16.597,0,33.57,0,12.985,0,0,0,0,0,0,0,0,0,0,0,0,0,0,0,0,0,0,0,,,63.455,0,0,0,0,0,0,0,0,0,0,0,0,0,0,0,0,0,0,0,0,0,0,0,0,0,0,,,0
9/1/2026,2025,20260557,23163,18092,"SFPP, LP",Refined and/or Petroleum Product (non-HVL),INTRASTATE,CALIFORNIA,21.303,89.65,278.195,276.432,239.834,0.015,127.167,0,0,0,0,0,0,0,0,0,0,0,0,0,0,0,0,0,0,0,,,1032.596,0,0,0,0,0,0,0,0,0,0,0,0,0,0,0,0,0,0,0,0,0,0,0,0,0,0,,,0
9/1/2026,2025,20260557,23163,18092,"SFPP, LP",Refined and/or Petroleum Product (non-HVL),INTRASTATE,OREGON,2.409,0,1.87,0,0,0,0,0,0,0,0,0,0,0,0,0,0,0,0,0,0,0,0,0,0,0,,,4.279,0,0,0,0,0,0,0,0,0,0,0,0,0,0,0,0,0,0,0,0,0,0,0,0,0,0,,,0
9/1/2026,2025,20260557,23163,18092,"SFPP, LP",Refined and/or Petroleum Product (non-HVL),INTRASTATE,TEXAS,5.569,0.07,0,0,0,0,0,0,0,0,0,0,0,0,0,0,0,0,0,0,0,0,0,0,0,0,,,5.639,,,,,,,,,,,,,,,,,,,,,,,,,,,,,
9/1/2026,2025,20260297,22899,18386,BP OIL PIPELINE CO,Refined and/or Petroleum Product (non-HVL),INTERSTATE,KENTUCKY,0,0.5,0.5,0,0,0,0,0,0,0,0,0,0,0,0,0,0,0,0,0,0,0,0,0,0,0,,,1,,,,,,,,,,,,,,,,,,,,,,,,,,,,,
9/1/2026,2025,20260297,22899,18386,BP OIL PIPELINE CO,Refined and/or Petroleum Product (non-HVL),INTERSTATE,OHIO,0,21.6,70.4,0,0,0,0,0,0,0,0,0,0,0,0,0,0,0,0,0,0,0,0,0,0,0,,,92,,,,,,,,,,,,,,,,,,,,,,,,,,,,,
9/1/2026,2025,20260297,22899,18386,BP OIL PIPELINE CO,Refined and/or Petroleum Product (non-HVL),INTRASTATE,OHIO,0,11.5,0,0,0,0,0,0,0,0,0,0,0,0,0,0,0,0,0,0,0,0,0,0,0,0,,,11.5,0,0,0,0,0,0,0,0,0,0,0,0,0,0,0,0,0,0,0,0,0,0,0,0,0,0,,,0
9/1/2026,2025,20260537,23143,18667,FREEPORT-MCMORAN OIL & GAS,Crude Oil,INTERSTATE,CALIFORNIA,0,0,0,0,0,0,0,0,0,0,0,0,0,0,0,0,0,0,0,0,0,0,0,0,0,0,,,0,0,0,7.7,0,0,0,0,0,7.7,0,0,0,0,0,0,0,0,0,0,0,0,0,0,0,0,0,,,15.4
9/1/2026,2025,20260537,23143,18667,FREEPORT-MCMORAN OIL & GAS,Crude Oil,INTERSTATE,OCS-Pacific,0,0,0,0,0,0,0,0,0,0,0,0,0,0,0,0,0,0,0,0,0,0,0,0,0,0,,,0,0,0,2.12,0,0,0,0,0,2.13,0,0,0,0,0,0,0,0,0,0,0,0,0,0,0,0,0,,,4.25
9/1/2026,2025,20260537,23143,18667,FREEPORT-MCMORAN OIL & GAS,Crude Oil,INTRASTATE,CALIFORNIA,0,0,12.13,0,0,0,0,0,12.13,0,0,0,0,0,0,0,0,0,0,0,0,0,0,0,0,0,,,24.26,0,0,0,0,0,0,0,0,0,0,0,0,0,0,0,0,0,0,0,0,0,0,0,0,0,0,,,0
9/1/2026,2025,20260616,23224,18678,ST LOUIS PIPELINE OPERATING LLC,Refined and/or Petroleum Product (non-HVL),INTERSTATE,ILLINOIS,0,2.446,4.058,0,0,0,0,0,0,0,0,0,0,0,0,0,0,0,0,0,0,0,0,0,0,0,,,6.504,0,0,0,0,0,0,0,0,0,0,0,0,0,0,0,0,0,0,0,0,0,0,0,0,0,0,,,0
9/1/2026,2025,20260616,23224,18678,ST LOUIS PIPELINE OPERATING LLC,Refined and/or Petroleum Product (non-HVL),INTERSTATE,MISSOURI,0,12.301,0.876,0,0,0,0,0,0,0,0,0,0,0,0,0,0,0,0,0,0,0,0,0,0,0,,,13.177,,,,,,,,,,,,,,,,,,,,,,,,,,,,,
9/1/2026,2025,20260290,22892,18718,SUNOCO PIPELINE L.P.,Crude Oil,INTERSTATE,PENNSYLVANIA,0,3.06,0,5.25,4.91,0,6.44,0,0,0,6.11,0,0,0,0,0,0,0,0,0,0,0,0,0,0,0,,,25.77,0,0,0,0,0,0,0,0,0,0,0,0,0,0,0,0,0,0,0,0,0,0,0,0,0,0,,,0
9/1/2026,2025,20260300,22902,18718,SUNOCO PIPELINE L.P.,HVL,INTERSTATE,DELAWARE,1.09,1.31,0.2,0,0.04,0,0,0,0,0,0,0,0,0,0,0,0,0,0,0,0,0,0,0,0,0,,,2.64,,,,,,,,,,,,,,,,,,,,,,,,,,,,,
9/1/2026,2025,20260300,22902,18718,SUNOCO PIPELINE L.P.,HVL,INTERSTATE,MICHIGAN,0,41.42,121.27,0,0.12,0,0,0,0,0,0,0,0,0,0,0,0,0,0,0,0,0,0,0,0,0,,,162.81,,,,,,,,,,,,,,,,,,,,,,,,,,,,,
9/1/2026,2025,20260300,22902,18718,SUNOCO PIPELINE L.P.,HVL,INTERSTATE,NEW JERSEY,11.57,11.99,0.45,0,0,0,0,0,0,0,0,0,0,0,0,0,0,0,0,0,0,0,0,0,0,0,,,24.01,,,,,,,,,,,,,,,,,,,,,,,,,,,,,
9/1/2026,2025,20260300,22902,18718,SUNOCO PIPELINE L.P.,HVL,INTERSTATE,OHIO,0,9.47,158.47,54.58,0,0,0,0,30.47,0,0,0,0,0,0,0,0,0,0,0,0,0,0,0,0,0,,,252.99,,,,,,,,,,,,,,,,,,,,,,,,,,,,,
9/1/2026,2025,20260300,22902,18718,SUNOCO PIPELINE L.P.,HVL,INTERSTATE,PENNSYLVANIA,0,7.02,6.92,64.98,85.43,0,259.13,0,328.09,0,0,0,0,0,0,0,0,0,0,0,0,0,0,0,0,0,,,751.57,,,,,,,,,,,,,,,,,,,,,,,,,,,,,
9/1/2026,2025,20260300,22902,18718,SUNOCO PIPELINE L.P.,HVL,INTERSTATE,SOUTH CAROLINA,0,62.75,0,0,0,0,0,0,0,0,0,0,0,0,0,0,0,0,0,0,0,0,0,0,0,0,,,62.75,,,,,,,,,,,,,,,,,,,,,,,,,,,,,
9/1/2026,2025,20260300,22902,18718,SUNOCO PIPELINE L.P.,HVL,INTERSTATE,WEST VIRGINIA,0,0,0,0,0,0,0,0,10.17,0,0,0,0,0,0,0,0,0,0,0,0,0,0,0,0,0,,,10.17,,,,,,,,,,,,,,,,,,,,,,,,,,,,,
9/1/2026,2025,20260300,22902,18718,SUNOCO PIPELINE L.P.,HVL,INTRASTATE,TEXAS,1.17,0,18.41,0,0,30.34,5.38,0,0,0,0,0,0,0,0,0,0,0,0,0,0,0,0,0,0,0,,,55.3,,,,,,,,,,,,,,,,,,,,,,,,,,,,,
9/1/2026,2025,20260311,23368,18718,SUNOCO PIPELINE L.P.,Refined and/or Petroleum Product (non-HVL),INTERSTATE,DELAWARE,0,2.19,0.2,0,0,0,0,0,0,0,0,0,0,0,0,0,0,0,0,0,0,0,0,0,0,0,,,2.39,0,0,0,0,0,0,0,0,0,0,0,0,0,0,0,0,0,0,0,0,0,0,0,0,0,0,,,0
9/1/2026,2025,20260311,23368,18718,SUNOCO PIPELINE L.P.,Refined and/or Petroleum Product (non-HVL),INTERSTATE,MICHIGAN,0,7.95,47.31,0,0.18,0,0.29,0,0,0,0,0,0,0,0,0,0,0,0,0,0,0,0,0,0,0,,,55.73,0,0,0,0,0,0,0,0,0,0,0,0,0,0,0,0,0,0,0,0,0,0,0,0,0,0,,,0
9/1/2026,2025,20260311,23368,18718,SUNOCO PIPELINE L.P.,Refined and/or Petroleum Product (non-HVL),INTERSTATE,NEW JERSEY,0,12.6,0.95,0.09,12.32,57.95,4.68,0,0,0,0,0,0,0,0,0,0,0,0,0,0,0,0,0,0,0,,,88.59,0,0,0,0,0,0,0,0,0,0,0,0,0,0,0,0,0,0,0,0,0,0,0,0,0,0,,,0
9/1/2026,2025,20260311,23368,18718,SUNOCO PIPELINE L.P.,Refined and/or Petroleum Product (non-HVL),INTERSTATE,NEW YORK,0.32,86.85,163.57,0,0,0,0,0,0,0,0,0,0,0,0,0,0,0,0,0,0,0,0,0,0,0,,,250.74,0,0,0,0,0,0,0,0,0,0,0,0,0,0,0,0,0,0,0,0,0,0,0,0,0,0,,,0
9/1/2026,2025,20260311,23368,18718,SUNOCO PIPELINE L.P.,Refined and/or Petroleum Product (non-HVL),INTERSTATE,OHIO,7.88,77.69,105.73,4.35,170.12,0,0,0,0,0,0,0,0,0,0,0,0,0,0,0,0,0,0,0,0,0,,,365.77,0,0,0,0,0,0,0,0,0,0,0,0,0,0,0,0,0,0,0,0,0,0,0,0,0,0,,,0
9/1/2026,2025,20260311,23368,18718,SUNOCO PIPELINE L.P.,Refined and/or Petroleum Product (non-HVL),INTERSTATE,PENNSYLVANIA,56.49,525.62,518.93,37.85,66.58,134.72,6.56,0,0,0,0,0,0,0,0,0,0,0,0,0,0,0,0,0,0,0,,,1346.75,0,0,0,0,0,0,0,0,0,0,0,0,0,0,0,0,0,0,0,0,0,0,0,0,0,0,,,0
9/1/2026,2025,20260311,23368,18718,SUNOCO PIPELINE L.P.,Refined and/or Petroleum Product (non-HVL),INTRASTATE,MASSACHUSETTS,0,0,0.79,0,0,0,0,0,0,0,0,0,0,0,0,0,0,0,0,0,0,0,0,0,0,0,,,0.79,0,0,0,0,0,0,0,0,0,0,0,0,0,0,0,0,0,0,0,0,0,0,0,0,0,0,,,0
9/1/2026,2025,20260311,23368,18718,SUNOCO PIPELINE L.P.,Refined and/or Petroleum Product (non-HVL),INTRASTATE,TEXAS,0,4.17,354.46,1.66,483.17,12.32,24.4,0,0,0,0,0,0,0,0,0,0,0,0,0,0,0,0,0,0,0,,,880.18,0,0,0,0,0,0,0,0,0,0,0,0,0,0,0,0,0,0,0,0,0,0,0,0,0,0,,,0
9/1/2026,2025,20260414,23020,19319,"TPC GROUP, LLC",HVL,INTRASTATE,LOUISIANA,1.871,0,0,0,0,0,0,0,0,0,0,0,0,0,0,0,0,0,0,0,0,0,0,0,0,0,,,1.871,,,,,,,,,,,,,,,,,,,,,,,,,,,,,
9/1/2026,2025,20260414,23020,19319,"TPC GROUP, LLC",HVL,INTRASTATE,TEXAS,52.665,35.686,22.767,6.165,0,0,0,0,0,0,0,0,0,0,0,0,0,0,0,0,0,0,0,0,0,0,,,117.283,0,0,0,0,0,0,0,0,0,0,0,0,0,0,0,0,0,0,0,0,0,0,0,0,0,0,,,0
9/1/2026,2025,20260413,23019,19319,"TPC GROUP, LLC",Refined and/or Petroleum Product (non-HVL),INTRASTATE,LOUISIANA,0.684,0,0,0,0,0,0,0,0,0,0,0,0,0,0,0,0,0,0,0,0,0,0,0,0,0,,,0.684,,,,,,,,,,,,,,,,,,,,,,,,,,,,,
9/1/2026,2025,20260413,23019,19319,"TPC GROUP, LLC",Refined and/or Petroleum Product (non-HVL),INTRASTATE,TEXAS,0,17.372,0.038,0,0,0,0,0,0,0,0,0,0,0,0,0,0,0,0,0,0,0,0,0,0,0,,,17.41,0,0,0,0,0,0,0,0,0,0,0,0,0,0,0,0,0,0,0,0,0,0,0,0,0,0,,,0
9/1/2026,2025,20260344,22946,19410,THUMS LONG BEACH CO,Crude Oil,INTRASTATE,CALIFORNIA,0,0,0.09,0,0.62,0,0.68,0,1.19,0,0,0,0,0,0,0,0,0,0,0,0,0,0,0,0,0,,,2.58,0,1.5,3.81,0,4.88,0,0,0,0,0,0,0,0,0,0,0,0,0,0,0,0,0,0,0,0,0,,,10.19
9/1/2026,2025,20260529,23135,19481,T & M TERMINAL CO,Refined and/or Petroleum Product (non-HVL),INTERSTATE,MISSISSIPPI,0,0,0,0,0,0,0,0.99,0,0,0,0,0,0,0,0,0.45,0,0,0,0,0,0,0,0,0,,,1.44,0,0,0,0,0,0,0,0,0,0,0,0,0,0,0,0,0,0,0,0,0,0,0,0,0,0,,,0
9/1/2026,2025,20260458,23064,19585,TRANS MOUNTAIN PIPELINE (PUGET SOUND) LLC,Crude Oil,INTERSTATE,WASHINGTON,0,0,0,0,0,0,21,0,43,0,0,0,0,0,0,0,0,0,0,0,0,0,0,0,0,0,,,64,0,0,0,0,0,0,0,0,0,0,0,0,0,0,0,0,0,0,0,0,0,0,0,0,0,0,,,0
9/1/2026,2025,20260055,22626,19892,UCAR PIPELINE LLC,HVL,INTRASTATE,LOUISIANA,0.26,1.45,68.16,0,0,0,0,0,0,0,0,0,0,0,0,0,0,0,0,0,0,0,0,0,0,0,,,69.87,0,0,0,0,0,0,0,0,0,0,0,0,0,0,0,0,0,0,0,0,0,0,0,0,0,0,,,0
9/1/2026,2025,20260038,22878,20046,UNION CARBIDE CHEMICALS & PLASTICS CO INC,HVL,INTRASTATE,WEST VIRGINIA,5.41,0,0,0,0,0,0,0,0,0,0,0,0,0,0,0,0,0,0,0,0,0,0,0,0,0,5-inch diameter: 1.76 miles.,1.76,7.17,0,0,0,0,0,0,0,0,0,0,0,0,0,0,0,0,0,0,0,0,0,0,0,0,0,0,,,0
9/1/2026,2025,20260665,23273,20202,ULTRAMAR INC.,Crude Oil,INTRASTATE,CALIFORNIA,0.029,0.016,2.313,1.608,0,0,0,0,0,0,0,0,0,0.317,0,0,0,0,0,0,0,0,0,0,0,0,,,4.283,0,0,0,0,0,0,0,0,0,0,0,0,0,0,0,0,0,0,0,0,0,0,0,0,0,0,,,0
9/1/2026,2025,20260667,23276,20202,ULTRAMAR INC.,HVL,INTRASTATE,CALIFORNIA,0,3.803,0,3.833,0,0,0,0,0,0,0,0,0,0,0,0,0,0,0,0,0,0,0,0,0,0,,,7.636,0,0,0,0,0,0,0,0,0,0,0,0,0,0,0,0,0,0,0,0,0,0,0,0,0,0,,,0
9/1/2026,2025,20260666,23274,20202,ULTRAMAR INC.,Refined and/or Petroleum Product (non-HVL),INTRASTATE,CALIFORNIA,0.036,4.31,11.415,1.114,7.07,0,0,0,0,0,0,0,0,0,0,0,0,0,0,0,0,0,0,0,0,0,,,23.945,0,0,0,0,0,0,0,0,0,0,0,0,0,0,0,0,0,0,0,0,0,0,0,0,0,0,,,0
9/1/2026,2025,20260720,23354,21359,SASOL CHEMICALS USA LLC,Refined and/or Petroleum Product (non-HVL),INTRASTATE,LOUISIANA,5.885,0,2.851,3.407,0,0,0,0,0,0,0,0,0,0,0,0,0,0,0,0,0,0,0,0,0,0,,,12.143,0,0,0,0,0,0,0,0,0,0,0,0,0,0,0,0,0,0,0,0,0,0,0,0,0,0,,,0
9/1/2026,2025,20260312,22914,22442,WEST TEXAS GULF PIPELINE CO,Crude Oil,INTERSTATE,TEXAS,0,0,0,0,0,0,0,0,112.85,0,0,470.74,0,0,0,0,0,0,0,0,0,0,0,0,0,0,,,583.59,0,0,0,0,0,0,0,0,0,0,0,0,0,0,0,0,0,0,0,0,0,0,0,0,0,0,,,0
9/1/2026,2025,20260178,22774,22465,TARGA PIPELINE MID-CONTINENT WESTTEX LLC,Refined and/or Petroleum Product (non-HVL),INTRASTATE,TEXAS,1.26,7.13,0,0,0,0,0,0,0,0,0,0,0,0,0,0,0,0,0,0,0,0,0,0,0,0,,,8.39,0,0,0,0,0,0,0,0,0,0,0,0,0,0,0,0,0,0,0,0,0,0,0,0,0,0,,,0
9/1/2026,2025,20260593,23201,22610,"MAGELLAN PIPELINE COMPANY, LP",Crude Oil,INTERSTATE,COLORADO,0,0,0,0,0,0,35.86,0,175,0,0,0,0,0,0,0,0,0,0,0,0,0,0,0,0,0,,,210.86,,,,,,,,,,,,,,,,,,,,,,,,,,,,,
9/1/2026,2025,20260593,23201,22610,"MAGELLAN PIPELINE COMPANY, LP",Crude Oil,INTERSTATE,KANSAS,0,19.94,56.94,0,0,0,0,0,286.41,0,0,0,0,0,0,0,0,0,0,0,0,0,0,0,0,0,,,363.29,,,,,,,,,,,,,,,,,,,,,,,,,,,,,
9/1/2026,2025,20260593,23201,22610,"MAGELLAN PIPELINE COMPANY, LP",Crude Oil,INTERSTATE,OKLAHOMA,0,0,133.01,0,0,0,2.54,0,97.63,0,0,0,0,0,0,0,0,0,0,0,0,0,0,0,0,0,,,233.18,,,,,,,,,,,,,,,,,,,,,,,,,,,,,
9/1/2026,2025,20260593,23201,22610,"MAGELLAN PIPELINE COMPANY, LP",Crude Oil,INTERSTATE,TEXAS,0,0,0,0,0,0,0,0,408.12,0,0,0,0,0,0,0,0,0,0,0,0,0,0,0,0,0,,,408.12,,,,,,,,,,,,,,,,,,,,,,,,,,,,,
9/1/2026,2025,20260593,23201,22610,"MAGELLAN PIPELINE COMPANY, LP",Crude Oil,INTERSTATE,WYOMING,0,9.92,0,0,0,0,0,0,0,0,0,0,0,0,0,0,0,0,0,0,0,0,0,0,0,0,,,9.92,,,,,,,,,,,,,,,,,,,,,,,,,,,,,
9/1/2026,2025,20260593,23201,22610,"MAGELLAN PIPELINE COMPANY, LP",Crude Oil,INTRASTATE,OKLAHOMA,0,45.79,22.88,0,0,0,0,0,0,0,0,0,0,0,0,0,0,0,0,0,0,0,0,0,0,0,,,68.67,0,0,0,0,0,0,0,0,0,0,0,0,0,0,0,0,0,0,0,0,0,0,0,0,0,0,,,0
9/1/2026,2025,20260594,23202,22610,"MAGELLAN PIPELINE COMPANY, LP",HVL,INTERSTATE,ILLINOIS,0,0,63.08,0,0,0,0,0,0,0,0,0,0,0,0,0,0,0,0,0,0,0,0,0,0,0,,,63.08,,,,,,,,,,,,,,,,,,,,,,,,,,,,,
9/1/2026,2025,20260594,23202,22610,"MAGELLAN PIPELINE COMPANY, LP",HVL,INTERSTATE,IOWA,0,0,171.11,0,191.25,0,0,0,0,0,0,0,0,0,0,0,0,0,0,0,0,0,0,0,0,0,,,362.36,,,,,,,,,,,,,,,,,,,,,,,,,,,,,
9/1/2026,2025,20260594,23202,22610,"MAGELLAN PIPELINE COMPANY, LP",HVL,INTERSTATE,KANSAS,0,0.28,0.36,0,3.32,0,0,0,0,0,0,0,0,0,0,0,0,0,0,0,0,0,0,0,0,0,,,3.96,,,,,,,,,,,,,,,,,,,,,,,,,,,,,
9/1/2026,2025,20260594,23202,22610,"MAGELLAN PIPELINE COMPANY, LP",HVL,INTERSTATE,LOUISIANA,0,53.16,0,0,0,0,0,0,0,0,0,0,0,0,0,0,0,0,0,0,0,0,0,0,0,0,,,53.16,,,,,,,,,,,,,,,,,,,,,,,,,,,,,
9/1/2026,2025,20260594,23202,22610,"MAGELLAN PIPELINE COMPANY, LP",HVL,INTERSTATE,MINNESOTA,0,0,0,0.04,0,0,0,0,0,0,0,0,0,0,0,0,0,0,0,0,0,0,0,0,0,0,,,0.04,,,,,,,,,,,,,,,,,,,,,,,,,,,,,
9/1/2026,2025,20260594,23202,22610,"MAGELLAN PIPELINE COMPANY, LP",HVL,INTERSTATE,MISSOURI,0,0,17.04,0,108.73,0,0,0,0,0,0,0,0,0,0,0,0,0,0,0,0,0,0,0,0,0,,,125.77,,,,,,,,,,,,,,,,,,,,,,,,,,,,,
9/1/2026,2025,20260594,23202,22610,"MAGELLAN PIPELINE COMPANY, LP",HVL,INTERSTATE,TEXAS,0,1.58,0,0,0,0,0,0,0,0,0,0,0,0,0,0,0,0,0,0,0,0,0,0,0,0,,,1.58,,,,,,,,,,,,,,,,,,,,,,,,,,,,,
9/1/2026,2025,20260594,23202,22610,"MAGELLAN PIPELINE COMPANY, LP",HVL,INTRASTATE,TEXAS,30.24,64.99,154.89,39.75,0.12,53.06,0,0,0,0,0,0,0,0,0,0,0,0,0,0,0,0,0,0,0,0,,,343.05,0,0,0,0,0,0,0,0,0,0,0,0,0,0,0,0,0,0,0,0,0,0,0,0,0,0,,,0
9/1/2026,2025,20260595,23384,22610,"MAGELLAN PIPELINE COMPANY, LP",Refined and/or Petroleum Product (non-HVL),INTERSTATE,ARKANSAS,0,0,12.33,26.26,67.31,0,0,0,127.74,0,0,0,0,0,0,0,0,0,0,0,0,0,0,0,0,0,,,233.64,,,,,,,,,,,,,,,,,,,,,,,,,,,,,
9/1/2026,2025,20260595,23384,22610,"MAGELLAN PIPELINE COMPANY, LP",Refined and/or Petroleum Product (non-HVL),INTERSTATE,COLORADO,0,92.98,87.15,178.68,0,0,0,0,0,0,0,0,0,0,0,0,0,0,0,0,0,0,0,0,0,0,,,358.81,,,,,,,,,,,,,,,,,,,,,,,,,,,,,
9/1/2026,2025,20260595,23384,22610,"MAGELLAN PIPELINE COMPANY, LP",Refined and/or Petroleum Product (non-HVL),INTERSTATE,ILLINOIS,0,0,0,0,261.01,0,0,0,0,0,0,0,0,0,0,0,0,0,0,0,0,0,0,0,0,0,,,261.01,,,,,,,,,,,,,,,,,,,,,,,,,,,,,
9/1/2026,2025,20260595,23384,22610,"MAGELLAN PIPELINE COMPANY, LP",Refined and/or Petroleum Product (non-HVL),INTERSTATE,IOWA,0,213.54,71.97,0,483.95,0,84.19,0,0,0,0,0,0,0,0,0,0,0,0,0,0,0,0,0,0,0,,,853.65,,,,,,,,,,,,,,,,,,,,,,,,,,,,,
9/1/2026,2025,20260595,23384,22610,"MAGELLAN PIPELINE COMPANY, LP",Refined and/or Petroleum Product (non-HVL),INTERSTATE,KANSAS,0,3.65,372.03,649.83,664.68,0.23,252.55,2.04,0,0,0,0,0,0,0,0,0,0,0,0,0,0,0,0,0,0,,,1945.01,0,0,0,0,0,0,0,0,0,0,0,0,0,0,0,0,0,0,0,0,0,0,0,0,0,0,,,0
9/1/2026,2025,20260595,23384,22610,"MAGELLAN PIPELINE COMPANY, LP",Refined and/or Petroleum Product (non-HVL),INTERSTATE,MINNESOTA,0,197.45,529.01,9.85,300.93,0,0,0,0,0,0,0,0,0,0,0,0,0,0,0,0,0,0,0,0,0,,,1037.24,,,,,,,,,,,,,,,,,,,,,,,,,,,,,
9/1/2026,2025,20260595,23384,22610,"MAGELLAN PIPELINE COMPANY, LP",Refined and/or Petroleum Product (non-HVL),INTERSTATE,MISSOURI,0,106.02,163.96,0,267.66,0,61.87,0,0,0,0,0,0,0,0,0,0,0,0,0,0,0,0,0,0,0,,,599.51,,,,,,,,,,,,,,,,,,,,,,,,,,,,,
9/1/2026,2025,20260595,23384,22610,"MAGELLAN PIPELINE COMPANY, LP",Refined and/or Petroleum Product (non-HVL),INTERSTATE,NEBRASKA,0,14.28,198.83,1.68,152.3,0,0,0,0,0,0,0,0,0,0,0,0,0,0,0,0,0,0,0,0,0,,,367.09,,,,,,,,,,,,,,,,,,,,,,,,,,,,,
9/1/2026,2025,20260595,23384,22610,"MAGELLAN PIPELINE COMPANY, LP",Refined and/or Petroleum Product (non-HVL),INTERSTATE,NEW MEXICO,0,131.95,115.44,0,0,0,0,0,0,0,0,0,0,0,0,0,0,0,0,0,0,0,0,0,0,0,,,247.39,,,,,,,,,,,,,,,,,,,,,,,,,,,,,
9/1/2026,2025,20260595,23384,22610,"MAGELLAN PIPELINE COMPANY, LP",Refined and/or Petroleum Product (non-HVL),INTERSTATE,NORTH DAKOTA,0,81.15,6.11,0,0,0,0,0,0,0,0,0,0,0,0,0,0,0,0,0,0,0,0,0,0,0,,,87.26,,,,,,,,,,,,,,,,,,,,,,,,,,,,,
9/1/2026,2025,20260595,23384,22610,"MAGELLAN PIPELINE COMPANY, LP",Refined and/or Petroleum Product (non-HVL),INTERSTATE,OKLAHOMA,0,94.41,273.19,98.46,490.82,0,32.65,0,0,0,0,0,0,0,0,0,0,0,0,0,0,0,0,0,0,0,,,989.53,,,,,,,,,,,,,,,,,,,,,,,,,,,,,
9/1/2026,2025,20260595,23384,22610,"MAGELLAN PIPELINE COMPANY, LP",Refined and/or Petroleum Product (non-HVL),INTERSTATE,SOUTH DAKOTA,0,132.24,30.1,0,22.21,0,0,0,0,0,0,0,0,0,0,0,0,0,0,0,0,0,0,0,0,0,,,184.55,,,,,,,,,,,,,,,,,,,,,,,,,,,,,
9/1/2026,2025,20260595,23384,22610,"MAGELLAN PIPELINE COMPANY, LP",Refined and/or Petroleum Product (non-HVL),INTERSTATE,TEXAS,38.53,249.13,103.36,171.3,257.89,26.5,520.18,274.89,251.25,0,0,0,0,0,0,0,0,0,0,0,0,0,0,0,0,0,,,1893.03,,,,,,,,,,,,,,,,,,,,,,,,,,,,,
9/1/2026,2025,20260595,23384,22610,"MAGELLAN PIPELINE COMPANY, LP",Refined and/or Petroleum Product (non-HVL),INTERSTATE,WISCONSIN,0,0,171.7,0,0,0,0,0,0,0,0,0,0,0,0,0,0,0,0,0,0,0,0,0,0,0,,,171.7,,,,,,,,,,,,,,,,,,,,,,,,,,,,,
9/1/2026,2025,20260595,23384,22610,"MAGELLAN PIPELINE COMPANY, LP",Refined and/or Petroleum Product (non-HVL),INTERSTATE,WYOMING,0,92.97,178.79,0,0,0,0,0,0,0,0,0,0,0,0,0,0,0,0,0,0,0,0,0,0,0,,,271.76,,,,,,,,,,,,,,,,,,,,,,,,,,,,,
9/1/2026,2025,20260595,23384,22610,"MAGELLAN PIPELINE COMPANY, LP",Refined and/or Petroleum Product (non-HVL),INTRASTATE,TEXAS,0,32.67,32.65,14.01,2.46,0,0,0,150.16,0,0,0,0,0,0,0,0,0,0,0,0,0,0,0,0,0,,,231.95,0,0,0,0,0,0,0,0,0,0,0,0,0,0,0,0,0,0,0,0,0,0,0,0,0,0,,,0
9/1/2026,2025,20260464,23070,22830,WOLVERINE PIPELINE CO,Refined and/or Petroleum Product (non-HVL),INTERSTATE,ILLINOIS,0,0,0,0,0,0,53.712,39.114,0,0,0,0,0,0,0,0,0,0,0,0,0,0,0,0,0,0,,,92.826,,,,,,,,,,,,,,,,,,,,,,,,,,,,,
9/1/2026,2025,20260464,23070,22830,WOLVERINE PIPELINE CO,Refined and/or Petroleum Product (non-HVL),INTERSTATE,INDIANA,0,0,0,0,0.063,0,150.151,13.193,0,0,0,0,0,0,0,0,0,0,0,0,0,0,0,0,0,0,,,163.407,0,0,0,0,0,0,0,0,0,0,0,0,0,0,0,0,0,0,0,0,0,0,0,0,0,0,,,0
9/1/2026,2025,20260464,23070,22830,WOLVERINE PIPELINE CO,Refined and/or Petroleum Product (non-HVL),INTERSTATE,MICHIGAN,17.817,113.789,284.993,43.631,11.879,0,215.535,0,0,0,0,0,0,0,0,0,0,0,0,0,0,0,0,0,0,0,,,687.644,,,,,,,,,,,,,,,,,,,,,,,,,,,,,
9/1/2026,2025,20260495,23101,22855,"FLINT HILLS RESOURCES, LC",Crude Oil,INTERSTATE,ILLINOIS,0,0,0,0.31,0,0,0,0,4.73,0,0,0,0,0,0,0,0,0,0,0,0,0,0,0,0,0,,,5.04,,,,,,,,,,,,,,,,,,,,,,,,,,,,,
9/1/2026,2025,20260495,23101,22855,"FLINT HILLS RESOURCES, LC",Crude Oil,INTERSTATE,MINNESOTA,0,0,0,0,0,0,675.56,6.94,0,0,304.54,0,0,0,0,0,0,0,0,0,0,0,0,0,0,0,,,987.04,,,,,,,,,,,,,,,,,,,,,,,,,,,,,
9/1/2026,2025,20260495,23101,22855,"FLINT HILLS RESOURCES, LC",Crude Oil,INTERSTATE,MISSOURI,0,0,0,0,0,0,0,0,248.74,0,0,0,0,0,0,0,0,0,0,0,0,0,0,0,0,0,,,248.74,,,,,,,,,,,,,,,,,,,,,,,,,,,,,
9/1/2026,2025,20260495,23101,22855,"FLINT HILLS RESOURCES, LC",Crude Oil,INTRASTATE,TEXAS,0,49.64,100.93,29.01,48.33,0,75.17,0,57.25,0,0,0,0,0,0,0,0,0,0,0,0,0,0,0,0,0,,,360.33,,,,,,,,,,,,,,,,,,,,,,,,,,,,,
9/1/2026,2025,20260496,23102,22855,"FLINT HILLS RESOURCES, LC",HVL,INTERSTATE,MINNESOTA,5.32,16.49,0,0,0,0,0,0,0,0,0,0,0,0,0,0,0,0,0,0,0,0,0,0,0,0,,,21.81,,,,,,,,,,,,,,,,,,,,,,,,,,,,,
9/1/2026,2025,20260496,23102,22855,"FLINT HILLS RESOURCES, LC",HVL,INTERSTATE,WISCONSIN,0,153.97,0,0,0,0,0,0,0,0,0,0,0,0,0,0,0,0,0,0,0,0,0,0,0,0,,,153.97,,,,,,,,,,,,,,,,,,,,,,,,,,,,,
9/1/2026,2025,20260496,23102,22855,"FLINT HILLS RESOURCES, LC",HVL,INTRASTATE,MINNESOTA,1.49,0,0,0,0,0,0,0,0,0,0,0,0,0,0,0,0,0,0,0,0,0,0,0,0,0,,,1.49,,,,,,,,,,,,,,,,,,,,,,,,,,,,,
9/1/2026,2025,20260496,23102,22855,"FLINT HILLS RESOURCES, LC",HVL,INTRASTATE,TEXAS,156.9,158.09,32.05,40.4,0,0,0,0,0,0,0,0,0,0,0,0,0,0,0,0,0,0,0,0,0,0,5-inch diameter: 52.81 miles.,52.81,440.25,,,,,,,,,,,,,,,,,,,,,,,,,,,,,
9/1/2026,2025,20260512,23118,22855,"FLINT HILLS RESOURCES, LC",Refined and/or Petroleum Product (non-HVL),INTERSTATE,IOWA,0,0,0,0,0,0,0,25.29,0,0,192.2,0,0,0,0,0,0,0,0,0,0,0,0,0,0,0,,,217.49,,,,,,,,,,,,,,,,,,,,,,,,,,,,,
9/1/2026,2025,20260512,23118,22855,"FLINT HILLS RESOURCES, LC",Refined and/or Petroleum Product (non-HVL),INTERSTATE,MINNESOTA,0,0,0,0,16.23,0,0,97.79,0,0,0,0,0,0,0,0,0,0,0,0,0,0,0,0,0,0,,,114.02,,,,,,,,,,,,,,,,,,,,,,,,,,,,,
9/1/2026,2025,20260512,23118,22855,"FLINT HILLS RESOURCES, LC",Refined and/or Petroleum Product (non-HVL),INTERSTATE,MISSOURI,0,0,0,0,0,0,0,0,0,0,1.28,0,0,0,0,0,0,0,0,0,0,0,0,0,0,0,,,1.28,0,0,0,0,0,0,0,0,0,0,0,0,0,0,0,0,0,0,0,0,0,0,0,0,0,0,,,0
9/1/2026,2025,20260512,23118,22855,"FLINT HILLS RESOURCES, LC",Refined and/or Petroleum Product (non-HVL),INTERSTATE,WISCONSIN,0,0,65.83,143.18,153.85,0,0,0,0,0,0,0,0,0,0,0,0,0,0,0,0,0,0,0,0,0,,,362.86,,,,,,,,,,,,,,,,,,,,,,,,,,,,,
9/1/2026,2025,20260512,23118,22855,"FLINT HILLS RESOURCES, LC",Refined and/or Petroleum Product (non-HVL),INTRASTATE,MINNESOTA,0,0,0,12.91,0,0,0,0,0,0,0,0,0,0,0,0,0,0,0,0,0,0,0,0,0,0,,,12.91,,,,,,,,,,,,,,,,,,,,,,,,,,,,,
9/1/2026,2025,20260512,23118,22855,"FLINT HILLS RESOURCES, LC",Refined and/or Petroleum Product (non-HVL),INTRASTATE,TEXAS,2.8,27.35,82.08,67.94,11.35,112.34,348.04,284.06,0,0,0,0,0,0,0,0,0,0,0,0,0,0,0,0,0,0,,,935.96,,,,,,,,,,,,,,,,,,,,,,,,,,,,,
9/1/2026,2025,20260686,23297,25146,"EQUISTAR CHEMICALS, L.P.",HVL,INTRASTATE,TEXAS,120.64,526.34,484.76,66.91,17.4,0,0,0,0,0,0,0,0,0,0,0,0,0,0,0,0,0,0,0,0,0,,,1216.05,0,0,0,0,0,0,0,0,0,0,0,0,0,0,0,0,0,0,0,0,0,0,0,0,0,0,,,0
9/1/2026,2025,20260679,23290,25146,"EQUISTAR CHEMICALS, L.P.",Refined and/or Petroleum Product (non-HVL),INTRASTATE,TEXAS,6.86,62.51,29.76,23.53,0.026,0,13.18,0,0,0,0,0,0,0,0,0,0,0,0,0,0,0,0,0,0,0,,,135.866,,,,,,,,,,,,,,,,,,,,,,,,,,,,,
9/1/2026,2025,20260032,22607,26039,FLORIDA POWER & LIGHT CO,Refined and/or Petroleum Product (non-HVL),INTRASTATE,FLORIDA,0,0,0,0,0,0,13.91,0,0,0,0,0,0,0,0,0,0,0,0,0,0,0,0,0,0,0,,,13.91,0,0,0,0,0,0,0,0,0,0,0,0,0,0,0,0,0,0,0,0,0,0,0,0,0,0,,,0
9/1/2026,2025,20260561,23167,26041,"KINDER MORGAN LIQUID TERMINALS, LLC",HVL,INTRASTATE,TEXAS,0,0,0.722,0,0,0,0,0,0,0,0,0,0,0,0,0,0,0,0,0,0,0,0,0,0,0,,,0.722,0,0,0,0,0,0,0,0,0,0,0,0,0,0,0,0,0,0,0,0,0,0,0,0,0,0,,,0
9/1/2026,2025,20260560,23191,26041,"KINDER MORGAN LIQUID TERMINALS, LLC",Refined and/or Petroleum Product (non-HVL),INTERSTATE,ILLINOIS,0,0,2.319,0,0,7.117,0,0,0,0,0,0,0,0,0,0,0,0,0,0,0,0,0,0,0,0,,,9.436,0,0,0,0,0,0,0,0,0,0,0,0,0,0,0,0,0,0,0,0,0,0,0,0,0,0,,,0
9/1/2026,2025,20260560,23191,26041,"KINDER MORGAN LIQUID TERMINALS, LLC",Refined and/or Petroleum Product (non-HVL),INTRASTATE,LOUISIANA,0,10.312,0,0,2.516,0,0,0,0,0,0,0,0,0,0,0,0,0,0,0,0,0,0,0,0,0,,,12.828,0,0,0,0,0,0,0,0,0,0,0,0,0,0,0,0,0,0,0,0,0,0,0,0,0,0,,,0
9/1/2026,2025,20260560,23191,26041,"KINDER MORGAN LIQUID TERMINALS, LLC",Refined and/or Petroleum Product (non-HVL),INTRASTATE,NEW JERSEY,0,0,2.399,0,4.433,0.064,2.099,0,0,0,0,0,0,0,0,0,0,0,0,0,0,0,0,0,0,0,,,8.995,0,0,0,0,0,0,0,0,0,0,0,0,0,0,0,0,0,0,0,0,0,0,0,0,0,0,,,0
9/1/2026,2025,20260560,23191,26041,"KINDER MORGAN LIQUID TERMINALS, LLC",Refined and/or Petroleum Product (non-HVL),INTRASTATE,NORTH CAROLINA,13.482,15.191,0,0,0,0,0,0,0,0,0,0,0,0,0,0,0,0,0,0,0,0,0,0,0,0,,,28.673,0,0,0,0,0,0,0,0,0,0,0,0,0,0,0,0,0,0,0,0,0,0,0,0,0,0,,,0
9/1/2026,2025,20260560,23191,26041,"KINDER MORGAN LIQUID TERMINALS, LLC",Refined and/or Petroleum Product (non-HVL),INTRASTATE,TEXAS,1.752,0,0.446,0,15.585,0,8.583,0,9.905,0,1.833,0,2.202,0,0,0,0,0,0,0,0,0,0,0,0,0,,,40.306,0,0,0,0,0,0,0,0,0,0,0,0,0,0,0,0,0,0,0,0,0,0,0,0,0,0,,,0
9/1/2026,2025,20260082,22662,26045,"PAR HAWAII REFINING, LLC",Refined and/or Petroleum Product (non-HVL),INTRASTATE,HAWAII,0,0,0,22,1,0,0,0,0,0,0,0,0,0,0,0,0,0,0,0,0,0,0,0,0,0,,,23,0,0,0,0,0,0,0,0,0,0,0,0,0,0,0,0,0,0,0,0,0,0,0,0,0,0,,,0
9/1/2026,2025,20260425,23031,26048,HUNT REFINING CO,Refined and/or Petroleum Product (non-HVL),INTRASTATE,ALABAMA,0,23.72,0,23.72,0,0,0,0,0,0,0,0,0,0,0,0,0,0,0,0,0,0,0,0,0,0,,,47.44,0,0,0,0,0,0,0,0,0,0,0,0,0,0,0,0,0,0,0,0,0,0,0,0,0,0,,,0
9/1/2026,2025,20260485,23091,26049,"COUNTRYMARK REFINING AND LOGISTICS, LLC",Crude Oil,INTERSTATE,ILLINOIS,0,130,10.2,0,0,0,0,0,0,0,0,0,0,0,0,0,0,0,0,0,0,0,0,0,0,0,,,140.2,0,0,0,0,0,0,0,0,0,0,0,0,0,0,0,0,0,0,0,0,0,0,0,0,0,0,,,0
9/1/2026,2025,20260485,23091,26049,"COUNTRYMARK REFINING AND LOGISTICS, LLC",Crude Oil,INTERSTATE,INDIANA,0.8,12.1,0,0,0,0,0,0,0,0,0,0,0,0,0,0,0,0,0,0,0,0,0,0,0,0,,,12.9,0,0,0,0,0,0,0,0,0,0,0,0,0,0,0,0,0,0,0,0,0,0,0,0,0,0,,,0
9/1/2026,2025,20260485,23091,26049,"COUNTRYMARK REFINING AND LOGISTICS, LLC",Crude Oil,INTERSTATE,KENTUCKY,0,0.5,0,0,0,0,0,0,0,0,0,0,0,0,0,0,0,0,0,0,0,0,0,0,0,0,,,0.5,0,0,0,0,0,0,0,0,0,0,0,0,0,0,0,0,0,0,0,0,0,0,0,0,0,0,,,0
9/1/2026,2025,20260485,23091,26049,"COUNTRYMARK REFINING AND LOGISTICS, LLC",Crude Oil,INTRASTATE,ILLINOIS,0.11,0,0,0,0,0,0,0,0,0,0,0,0,0,0,0,0,0,0,0,0,0,0,0,0,0,,,0.11,0,0,0,0,0,0,0,0,0,0,0,0,0,0,0,0,0,0,0,0,0,0,0,0,0,0,,,0
9/1/2026,2025,20260485,23091,26049,"COUNTRYMARK REFINING AND LOGISTICS, LLC",Crude Oil,INTRASTATE,INDIANA,0,0,0,0,0,0,0,0,0,0,0,0,0,0,0,0,0,0,0,0,0,0,0,0,0,0,,,0,,,,,,,,,,,,,,,,,,,,,,,,,,,,,
9/1/2026,2025,20260483,23089,26049,"COUNTRYMARK REFINING AND LOGISTICS, LLC",Refined and/or Petroleum Product (non-HVL),INTRASTATE,INDIANA,51.1,0,196,0,0,0,0,0,0,0,0,0,0,0,0,0,0,0,0,0,0,0,0,0,0,0,,,247.1,0,0,0,0,0,0,0,0,0,0,0,0,0,0,0,0,0,0,0,0,0,0,0,0,0,0,,,0
9/1/2026,2025,20260140,22733,26054,KEY WEST PIPELINE CO,Refined and/or Petroleum Product (non-HVL),INTRASTATE,FLORIDA,3,0,0,0,0,0,0,0,0,0,0,0,0,0,0,0,0,0,0,0,0,0,0,0,0,0,,,3,4,0,0,0,0,0,0,0,0,0,0,0,0,0,0,0,0,0,0,0,0,0,0,0,0,0,,,4
9/1/2026,2025,20260231,22830,26061,"DELEK CRUDE LOGISTICS, LLC.",Crude Oil,INTRASTATE,TEXAS,0,55.9,6.9,30.29,2.78,0,0,0,0,0,0,0,0,0,0,0,0,0,0,0,0,0,0,0,0,0,,,95.87,0,0,0,0,0,0,0,0,0,0,0,0,0,0,0,0,0,0,0,0,0,0,0,0,0,0,,,0
9/1/2026,2025,20260235,22834,26061,"DELEK CRUDE LOGISTICS, LLC.",Refined and/or Petroleum Product (non-HVL),INTRASTATE,TEXAS,0,75.26,32.71,0,0,0,0,0,0,0,0,0,0,0,0,0,0,0,0,0,0,0,0,0,0,0,,,107.97,0,0,0,0,0,0,0,0,0,0,0,0,0,0,0,0,0,0,0,0,0,0,0,0,0,0,,,0
9/1/2026,2025,20260129,22722,26065,CHS MCPHERSON REFINERY INC.,HVL,INTRASTATE,KANSAS,13,6.9,0,0,0,0,0,0,0,0,0,0,0,0,0,0,0,0,0,0,0,0,0,0,0,0,,,19.9,0,0,0,0,0,0,0,0,0,0,0,0,0,0,0,0,0,0,0,0,0,0,0,0,0,0,,,0
9/1/2026,2025,20260130,22723,26065,CHS MCPHERSON REFINERY INC.,Refined and/or Petroleum Product (non-HVL),INTRASTATE,KANSAS,0,0,14.05,0,0,0,0,0,0,0,0,0,0,0,0,0,0,0,0,0,0,0,0,0,0,0,,,14.05,0,0,0,0,0,0,0,0,0,0,0,0,0,0,0,0,0,0,0,0,0,0,0,0,0,0,,,0
9/1/2026,2025,20260367,22973,26085,"PLAINS MARKETING, L.P.",Crude Oil,INTERSTATE,ALABAMA,0,0,0,0.77,0,0,0,0,0,0,0,0,0,0,0,0,0,0,0,0,0,0,0,0,0,0,,,0.77,,,,,,,,,,,,,,,,,,,,,,,,,,,,,
9/1/2026,2025,20260367,22973,26085,"PLAINS MARKETING, L.P.",Crude Oil,INTERSTATE,ILLINOIS,0,0,0,0,0,0,0,0,0.06,0.74,0,0,0,0,0,0,0,0,0,0,0,0,0,0,0,0,,,0.8,,,,,,,,,,,,,,,,,,,,,,,,,,,,,
9/1/2026,2025,20260367,22973,26085,"PLAINS MARKETING, L.P.",Crude Oil,INTRASTATE,LOUISIANA,3.64,10.61,0,0,10.81,0,0,0,0,0,0,0,0,0,0,0,0,0,0,0,0,0,0,0,0,0,,,25.06,,,,,,,,,,,,,,,,,,,,,,,,,,,,,
9/1/2026,2025,20260367,22973,26085,"PLAINS MARKETING, L.P.",Crude Oil,INTRASTATE,NEW MEXICO,0,0,0.35,0,0,0,0,0,0,0,0,0,0,0,0,0,0,0,0,0,0,0,0,0,0,0,,,0.35,,,,,,,,,,,,,,,,,,,,,,,,,,,,,
9/1/2026,2025,20260367,22973,26085,"PLAINS MARKETING, L.P.",Crude Oil,INTRASTATE,OKLAHOMA,0,0,0,0,17.48,0,0,0,0,0,0,0,0,0,0,0,0,0,0,0,0,0,0,0,0,0,,,17.48,,,,,,,,,,,,,,,,,,,,,,,,,,,,,
9/1/2026,2025,20260367,22973,26085,"PLAINS MARKETING, L.P.",Crude Oil,INTRASTATE,TEXAS,0,7.81,3.44,13.26,0,0,0,0,0,0,0,0,0,0,0,0,0,0,0,0,0,0,0,0,0,0,,,24.51,,,,,,,,,,,,,,,,,,,,,,,,,,,,,
9/1/2026,2025,20260093,22674,26085,"PLAINS MARKETING, L.P.",HVL,INTERSTATE,MICHIGAN,0,0,0.54,0,0,0,0,0,0,0,0,0,0,0,0,0,0,0,0,0,0,0,0,0,0,0,,,0.54,,,,,,,,,,,,,,,,,,,,,,,,,,,,,
9/1/2026,2025,20260093,22674,26085,"PLAINS MARKETING, L.P.",HVL,INTRASTATE,ARIZONA,0,11.58,0,0,0,0,0,0,0,0,0,0,0,0,0,0,0,0,0,0,0,0,0,0,0,0,,,11.58,0,0,0,0,0,0,0,0,0,0,0,0,0,0,0,0,0,0,0,0,0,0,0,0,0,0,,,0
9/1/2026,2025,20260059,22630,26086,SEADRIFT PIPELINE LLC,HVL,INTRASTATE,TEXAS,68.55,340.72,200.76,32.22,45.08,0,0,0,0,0,0,0,0,0,0,0,0,0,0,0,0,0,0,0,0,0,,,687.33,0,0,0,0,0,0,0,0,0,0,0,0,0,0,0,0,0,0,0,0,0,0,0,0,0,0,,,0
9/1/2026,2025,20260598,23362,26094,"SHORE TERMINALS, LLC",Refined and/or Petroleum Product (non-HVL),INTRASTATE,CALIFORNIA,0,0,0.51,0,0.52,0,0,0,0,0,0,0,0,0,0,0,0,0,0,0,0,0,0,0,0,0,,,1.03,0,0,0,0,0,0,0,0,0,0,0,0,0,0,0,0,0,0,0,0,0,0,0,0,0,0,,,0
9/1/2026,2025,20260598,23362,26094,"SHORE TERMINALS, LLC",Refined and/or Petroleum Product (non-HVL),INTRASTATE,OREGON,0,0,0,0,0,0.73,0,0,0,0,0,0,0,0,0,0,0,0,0,0,0,0,0,0,0,0,,,0.73,,,,,,,,,,,,,,,,,,,,,,,,,,,,,
9/1/2026,2025,20260487,23093,26099,TAMPA BAY PIPELINE CO.,HVL,INTRASTATE,FLORIDA,14.363,61.575,13.162,0,0,0,0,0,0,0,0,0,0,0,0,0,0,0,0,0,0,0,0,0,0,0,,,89.1,0,0,0,0,0,0,0,0,0,0,0,0,0,0,0,0,0,0,0,0,0,0,0,0,0,0,,,0
9/1/2026,2025,20260332,22934,26103,"TEXAS EASTMAN DIVISION, EASTMAN CHEMICAL CO",HVL,INTRASTATE,TEXAS,67.8,184.4,67.8,0,150.5,0,0,0,0,0,0,0,0,0,0,0,0,0,0,0,0,0,0,0,0,0,,,470.5,0,0,0,0,0,0,0,0,0,0,0,0,0,0,0,0,0,0,0,0,0,0,0,0,0,0,,,0
9/1/2026,2025,20260467,23073,26112,"VALERO REFINING-TEXAS, L.P.",Crude Oil,INTRASTATE,TEXAS,0,0,0,0,0,2.545,3.075,0,0,0,0,0,0,0,0,0,0,0,0,0,0,0,0,0,0,0,,,5.62,0,0,0,0,0,0,0,0,0,0,0,0,0,0,0,0,0,0,0,0,0,0,0,0,0,0,,,0
9/1/2026,2025,20260469,23075,26112,"VALERO REFINING-TEXAS, L.P.",HVL,INTRASTATE,TEXAS,4.287,4.958,4.04,0,0,0,0,0,0,0,0,0,0,0,0,0,0,0,0,0,0,0,0,0,0,0,,,13.285,,,,,,,,,,,,,,,,,,,,,,,,,,,,,
9/1/2026,2025,20260471,23077,26112,"VALERO REFINING-TEXAS, L.P.",Refined and/or Petroleum Product (non-HVL),INTRASTATE,TEXAS,0,16.615,14.865,0,0.4,0,0,0,0,0,0,0,0,0,0,0,0,0,0,0,0,0,0,0,0,0,,,31.88,0,0,0,0,0,0,0,0,0,0,0,0,0,0,0,0,0,0,0,0,0,0,0,0,0,0,,,0
9/1/2026,2025,20260531,23137,26120,COLLINS PIPELINE CO,Refined and/or Petroleum Product (non-HVL),INTERSTATE,LOUISIANA,0,0,0,0,0,0,48.1,0,0,0,0,0,0,0,0,0,0,0,0,0,0,0,0,0,0,0,,,48.1,0,0,0,0,0,0,0,0,0,0,0,0,0,0,0,0,0,0,0,0,0,0,0,0,0,0,,,0
9/1/2026,2025,20260531,23137,26120,COLLINS PIPELINE CO,Refined and/or Petroleum Product (non-HVL),INTERSTATE,MISSISSIPPI,0,0,0,0,0,0,76.5,0,0,0,0,0,0,0,0,0,0,0,0,0,0,0,0,0,0,0,,,76.5,0,0,0,0,0,0,0,0,0,0,0,0,0,0,0,0,0,0,0,0,0,0,0,0,0,0,,,0
9/1/2026,2025,20260541,23147,26125,CALNEV PIPELINE CO,Refined and/or Petroleum Product (non-HVL),INTERSTATE,CALIFORNIA,0,0,193.072,0,0,193.489,0.868,0,1.656,0,0,0,0,0,0,0,0,0,0,0,0,0,0,0,0,0,,,389.085,0,0,0,0,0,0,0,0,0,0,0,0,0,0,0,0,0,0,0,0,0,0,0,0,0,0,,,0
9/1/2026,2025,20260541,23147,26125,CALNEV PIPELINE CO,Refined and/or Petroleum Product (non-HVL),INTERSTATE,NEVADA,0,0.745,59.577,0,0.797,54.929,0,0,0,0,0,0,0,0,0,0,0,0,0,0,0,0,0,0,0,0,,,116.048,0,0,0,0,0,0,0,0,0,0,0,0,0,0,0,0,0,0,0,0,0,0,0,0,0,0,,,0
9/1/2026,2025,20260541,23147,26125,CALNEV PIPELINE CO,Refined and/or Petroleum Product (non-HVL),INTRASTATE,CALIFORNIA,1.116,50.409,0,3.09,5.836,0,0,0,0,0,0,0,0,0,0,0,0,0,0,0,0,0,0,0,0,0,,,60.451,0,0,0,0,0,0,0,0,0,0,0,0,0,0,0,0,0,0,0,0,0,0,0,0,0,0,,,0
9/1/2026,2025,20260541,23147,26125,CALNEV PIPELINE CO,Refined and/or Petroleum Product (non-HVL),INTRASTATE,NEVADA,0,0.623,0,0,0,0,0,0,0,0,0,0,0,0,0,0,0,0,0,0,0,0,0,0,0,0,,,0.623,0,0,0,0,0,0,0,0,0,0,0,0,0,0,0,0,0,0,0,0,0,0,0,0,0,0,,,0
9/1/2026,2025,20260049,22619,26149,ALYESKA PIPELINE SERVICE CO,Crude Oil,INTERSTATE,ALASKA,0,0,0.01,0.18,0.11,0,0.29,0.08,0,0,0.34,0,0,0,0,0,1.09,0,0,0,0,0,800.64,0,0,0,,,802.74,0,0,0,0,0,0,0,0,0,0,0,0,0,0,0,0,0,0,0,0,0,0,0,0,0,0,,,0
9/1/2026,2025,20260334,22936,26302,MUSTANG PIPELINE CO,HVL,INTRASTATE,TEXAS,0,44.57,0,44.57,0,0,0,0,0,0,0,0,0,0,0,0,0,0,0,0,0,0,0,0,0,0,,,89.14,0,0,0,0,0,0,0,0,0,0,0,0,0,0,0,0,0,0,0,0,0,0,0,0,0,0,,,0
9/1/2026,2025,20260401,23007,26303,UNOCAL PIPELINE CO - EASTERN REGION,Crude Oil,INTRASTATE,TEXAS,0,0,0,4.7,0,0,0,0,0,0,0,0,0,0,0,0,0,0,0,0,0,0,0,0,0,0,,,4.7,0,0,0,0,0,0,0,0,0,0,0,0,0,0,0,0,0,0,0,0,0,0,0,0,0,0,,,0
9/1/2026,2025,20260313,22915,26330,"ENABLE OKLAHOMA INTRASTATE TRANSMISSION, LLC",HVL,INTRASTATE,OKLAHOMA,10.3,0,0,0,0,0,0,0,0,0,0,0,0,0,0,0,0,0,0,0,0,0,0,0,0,0,,,10.3,0,0,0,0,0,0,0,0,0,0,0,0,0,0,0,0,0,0,0,0,0,0,0,0,0,0,,,0
9/1/2026,2025,20260729,23370,30003,HOUSTON REFINING LP.,Crude Oil,INTRASTATE,TEXAS,0,1,0,0,0,0,1,0,1,0,0,0,0,0,0,0,0,0,0,0,0,0,0,0,0,0,,,3,0,0,0,0,0,0,0,0,0,0,0,0,0,0,0,0,0,0,0,0,0,0,0,0,0,0,,,0
9/1/2026,2025,20260735,23402,30020,W & T OFFSHORE INC,Crude Oil,INTRASTATE,OCS-Gulf of America,0,0,0,0,0,0,0,0,0,0,0,0,0,0,0,0,0,0,0,0,0,0,0,0,0,0,,,0,0,0,15.8,0,0,0,0,0,0,0,0,0,0,0,0,0,0,0,0,0,0,0,0,0,0,0,,,15.8
9/1/2026,2025,20260355,22961,30020,W & T OFFSHORE INC,Refined and/or Petroleum Product (non-HVL),INTRASTATE,ALABAMA,4.75,0,0,0,0,0,0,0,0,0,0,0,0,0,0,0,0,0,0,0,0,0,0,0,0,0,,,4.75,0,0,0,0,0,0,0,0,0,0,0,0,0,0,0,0,0,0,0,0,0,0,0,0,0,0,,,0
9/1/2026,2025,20260050,22620,30544,OCCIDENTAL CHEMICAL CORP,HVL,INTRASTATE,TEXAS,41.946,0,0,0,0,0,0,0,0,0,0,0,0,0,0,0,0,0,0,0,0,0,0,0,0,0,,,41.946,0,0,0,0,0,0,0,0,0,0,0,0,0,0,0,0,0,0,0,0,0,0,0,0,0,0,,,0
9/1/2026,2025,20260463,23069,30626,TARGA NGL PIPE LINE CO,HVL,INTERSTATE,LOUISIANA,0,0,0,0,22.03,0,0,0,0,0,0,0,0,0,0,0,0,0,0,0,0,0,0,0,0,0,,,22.03,0,0,0,0,0,0,0,0,0,0,0,0,0,0,0,0,0,0,0,0,0,0,0,0,0,0,,,0
9/1/2026,2025,20260463,23069,30626,TARGA NGL PIPE LINE CO,HVL,INTERSTATE,TEXAS,0,0.05,0.18,0,84.17,0,0,0,0,0,0,0,0,0,0,0,0,0,0,0,0,0,0,0,0,0,,,84.4,,,,,,,,,,,,,,,,,,,,,,,,,,,,,
9/1/2026,2025,20260463,23069,30626,TARGA NGL PIPE LINE CO,HVL,INTRASTATE,TEXAS,0.24,15.28,5.06,2.57,7.96,0,0.02,0,55.11,0,2.8,0,0,0,0,0,0,0,0,0,0,0,0,0,0,0,,,89.04,0,0,0,0,0,0,0,0,0,0,0,0,0,0,0,0,0,0,0,0,0,0,0,0,0,0,,,0
9/1/2026,2025,20260461,23067,30626,TARGA NGL PIPE LINE CO,Refined and/or Petroleum Product (non-HVL),INTRASTATE,TEXAS,0.33,50.29,68.53,0,29.7,0,0,0,0.13,0,0,0,0,0,0,0,0,0,0,0,0,0,0,0,0,0,,,148.98,0,0,0,0,0,0,0,0,0,0,0,0,0,0,0,0,0,0,0,0,0,0,0,0,0,0,,,0
9/1/2026,2025,20260571,23177,30657,BRAVO PIPELINE COMPANY,CO2,INTERSTATE,COLORADO,0,0,0,0,0,0,0,0,89,0,0,0,0,0,0,0,0,0,0,0,0,0,0,0,0,0,,,89,0,0,0,0,0,0,0,0,0,0,0,0,0,0,0,0,0,0,0,0,0,0,0,0,0,0,,,0
9/1/2026,2025,20260571,23177,30657,BRAVO PIPELINE COMPANY,CO2,INTERSTATE,NEW MEXICO,0,0,0,0,11.5,16,0,0,198.83,0,150,0,0,0,0,0,0,0,0,0,0,0,0,0,0,0,,,376.33,0,0,0,0,0,0,0,0,0,0,0,0,0,0,0,0,0,0,0,0,0,0,0,0,0,0,,,0
9/1/2026,2025,20260571,23177,30657,BRAVO PIPELINE COMPANY,CO2,INTERSTATE,TEXAS,17.3,1.29,53.04,0,104.43,58.04,0,0,114,0,75,0,0,0,0,0,0,0,0,0,0,0,0,0,0,0,,,423.1,0,0,0,0,0,0,0,0,0,0,0,0,0,0,0,0,0,0,0,0,0,0,0,0,0,0,,,0
9/1/2026,2025,20260571,23177,30657,BRAVO PIPELINE COMPANY,CO2,INTRASTATE,TEXAS,3.56,6.14,12.2,88.55,2.57,0,0,0,0,0,40.84,0,0,0,0,0,0,0,0,0,0,0,0,0,0,0,,,153.86,0,0,0,0,0,0,0,0,0,0,0,0,0,0,0,0,0,0,0,0,0,0,0,0,0,0,,,0
9/1/2026,2025,20260620,23228,30658,KERN ENERGY,Crude Oil,INTRASTATE,CALIFORNIA,0.04,7.89,10.47,0.27,0,0,0,0,0,0,0,0,0,0,0,0,0,0,0,0,0,0,0,0,0,0,,,18.67,0,0,0,0,0,0,0,0,0,0,0,0,0,0,0,0,0,0,0,0,0,0,0,0,0,0,,,0
9/1/2026,2025,20260658,23266,30666,"ENMARK ENERGY, INC",CO2,INTRASTATE,MISSISSIPPI,4.92,4.71,0,0,0,0,0,0,0,0,0,0,0,0,0,0,0,0,0,0,0,0,0,0,0,0,,,9.63,0,0,0,0,0,0,0,0,0,0,0,0,0,0,0,0,0,0,0,0,0,0,0,0,0,0,,,0
9/1/2026,2025,20260148,22741,30683,WESTLAKE PETROCHEMICALS LLC,HVL,INTRASTATE,LOUISIANA,0,9.697,7.782,0,0,0,0,0,0,0,0,0,0,0,0,0,0,0,0,0,0,0,0,0,0,0,,,17.479,0,0,0,0,0,0,0,0,0,0,0,0,0,0,0,0,0,0,0,0,0,0,0,0,0,0,,,0
9/1/2026,2025,20260147,22740,30683,WESTLAKE PETROCHEMICALS LLC,Refined and/or Petroleum Product (non-HVL),INTRASTATE,LOUISIANA,4.013,0,2.823,0,0,0,0,0,0,0,0,0,0,0,0,0,0,0,0,0,0,0,0,0,0,0,,,6.836,0,0,0,0,0,0,0,0,0,0,0,0,0,0,0,0,0,0,0,0,0,0,0,0,0,0,,,0
9/1/2026,2025,20260635,23243,30711,HILCORP ENERGY COMPANY,CO2,INTRASTATE,TEXAS,0,0,30.154,0,24.943,0,0,0,0,0,0,0,0,0,0,0,0,0,0,0,0,0,0,0,0,0,,,55.097,,,,,,,,,,,,,,,,,,,,,,,,,,,,,
9/1/2026,2025,20260572,23178,30711,HILCORP ENERGY COMPANY,Crude Oil,INTRASTATE,LOUISIANA,0.189,0,0.265,0,0,0,0,0,0,0,0,0,0,0,0,0,0,0,0,0,0,0,0,0,0,0,,,0.454,,,,,,,,,,,,,,,,,,,,,,,,,,,,,
9/1/2026,2025,20260573,23179,30711,HILCORP ENERGY COMPANY,HVL,INTRASTATE,TEXAS,0.372,3.179,0,0,0,0,0,0,0,0,0,0,0,0,0,0,0,0,0,0,0,0,0,0,0,0,,,3.551,,,,,,,,,,,,,,,,,,,,,,,,,,,,,
9/1/2026,2025,20260196,22794,30755,CITGO PRODUCTS PIPELINE CO,HVL,INTERSTATE,LOUISIANA,0,0,0,23.452,0,0,0,0,0,0,0,0,0,0,0,0,0,0,0,0,0,0,0,0,0,0,,,23.452,0,0,0,0,0,0,0,0,0,0,0,0,0,0,0,0,0,0,0,0,0,0,0,0,0,0,,,0
9/1/2026,2025,20260196,22794,30755,CITGO PRODUCTS PIPELINE CO,HVL,INTERSTATE,TEXAS,0,0,0.004,46.005,40.513,0,0,0,0,0,0,0,0,0,0,0,0,0,0,0,0,0,0,0,0,0,,,86.522,,,,,,,,,,,,,,,,,,,,,,,,,,,,,
9/1/2026,2025,20260195,22793,30755,CITGO PRODUCTS PIPELINE CO,Refined and/or Petroleum Product (non-HVL),INTRASTATE,TEXAS,0,50.147,183.702,2.741,0,0,0,0,0,0,0,0,0,0,0,0,0,0,0,0,0,0,0,0,0,0,,,236.59,0,0,0,0,0,0,0,0,0,0,0,0,0,0,0,0,0,0,0,0,0,0,0,0,0,0,,,0
9/1/2026,2025,20260330,22932,30756,WYOMING REFINING CO,Refined and/or Petroleum Product (non-HVL),INTRASTATE,WYOMING,0,40.36,0,0,0,0,0,0,0,0,0,0,0,0,0,0,0,0,0,0,0,0,0,0,0,0,,,40.36,0,0,0,0,0,0,0,0,0,0,0,0,0,0,0,0,0,0,0,0,0,0,0,0,0,0,,,0
9/1/2026,2025,20260707,23322,30777,MOTIVA ENTERPRISE LLC,Crude Oil,INTRASTATE,TEXAS,0,0,0,0,0,0,0,0,0,5.55,0,0,0,2.62,0,0,0,0,0,0,0,0,0,0,0,0,,,8.17,0,0,0,0,0,0,0,0,0,0,0,0,0,0,0,0,0,0,0,0,0,0,0,0,0,0,,,0
9/1/2026,2025,20260709,23325,30777,MOTIVA ENTERPRISE LLC,HVL,INTRASTATE,TEXAS,0,78.02,239.31,0,0,0,0,0,0,0,0,0,0,0,0,0,0,0,0,0,0,0,0,0,0,0,,,317.33,0,0,0,0,0,0,0,0,0,0,0,0,0,0,0,0,0,0,0,0,0,0,0,0,0,0,,,0
9/1/2026,2025,20260708,23324,30777,MOTIVA ENTERPRISE LLC,Refined and/or Petroleum Product (non-HVL),INTRASTATE,TEXAS,0,0,7.07,19.38,15.73,1.71,1.15,0,0,0,2.83,0,0,0,0,0,0,0,0,0,0,0,0,0,0,0,,,47.87,0,0,0,0,0,0,0,0,0,0,0,0,0,0,0,0,0,0,0,0,0,0,0,0,0,0,,,0
9/1/2026,2025,20260323,22925,30781,OLYMPIC PIPE LINE COMPANY,Refined and/or Petroleum Product (non-HVL),INTERSTATE,OREGON,0,0,0,0,0,15.3,0,0,0,0,0,0,0,0,0,0,0,0,0,0,0,0,0,0,0,0,,,15.3,,,,,,,,,,,,,,,,,,,,,,,,,,,,,
9/1/2026,2025,20260323,22925,30781,OLYMPIC PIPE LINE COMPANY,Refined and/or Petroleum Product (non-HVL),INTERSTATE,WASHINGTON,0,0,0,0,0,141.9,133.7,0,76.4,0,0,0,0,0,0,0,0,0,0,0,0,0,0,0,0,0,,,352,,,,,,,,,,,,,,,,,,,,,,,,,,,,,
9/1/2026,2025,20260323,22925,30781,OLYMPIC PIPE LINE COMPANY,Refined and/or Petroleum Product (non-HVL),INTRASTATE,WASHINGTON,0,19.8,3.9,0,23,0,0,0,0,0,0,0,0,0,0,0,0,0,0,0,0,0,0,0,0,0,,,46.7,0,0,0,0,0,0,0,0,0,0,0,0,0,0,0,0,0,0,0,0,0,0,0,0,0,0,,,0
9/1/2026,2025,20260504,23110,30782,HARVEST MIDSTREAM COMPANY,Crude Oil,INTERSTATE,LOUISIANA,0,2.23,0.139,8.198,69.425,0,0,37.716,0,0,46.771,0,0,0,0,0,0,0,0,0,0,0,0,0,0,0,7-inch diameter: 6.206 miles.,6.206,170.685,,,,,,,,,,,,,,,,,,,,,,,,,,,,,
9/1/2026,2025,20260504,23110,30782,HARVEST MIDSTREAM COMPANY,Crude Oil,INTERSTATE,NORTH DAKOTA,0.006,0,0.089,0,0,0,86.936,0,0.002,0,0,0,0,0,0,0,0,0,0,0,0,0,0,0,0,0,,,87.033,0,0,0,0,0,0,0,0,0,0,0,0,0,0,0,0,0,0,0,0,0,0,0,0,0,0,,,0
9/1/2026,2025,20260504,23110,30782,HARVEST MIDSTREAM COMPANY,Crude Oil,INTERSTATE,TEXAS,0,0,0,2.916,0,0,0,0,0,0,0,0,0,0,0,0,0,0,0,0,0,0,0,0,0,0,,,2.916,0,0,0,0,0,0,0,0,0,0,0,0,0,0,0,0,0,0,0,0,0,0,0,0,0,0,,,0
9/1/2026,2025,20260504,23110,30782,HARVEST MIDSTREAM COMPANY,Crude Oil,INTRASTATE,LOUISIANA,4.638,10.944,114.498,58.692,72.179,0,0,0,0,0,0.766,0,0,0,0,0,0,0,0,0,0,0,0,0,0,0,,,261.717,0,0,0,0,0,0,0,0,0,0,0,0,0,0,0,0,0,0,0,0,0,0,0,0,0,0,,,0
9/1/2026,2025,20260504,23110,30782,HARVEST MIDSTREAM COMPANY,Crude Oil,INTRASTATE,NORTH DAKOTA,0,7.328,9.244,20.613,8.121,0,0,0,0,0,0,0,0,0,0,0,0,0,0,0,0,0,0,0,0,0,,,45.306,,,,,,,,,,,,,,,,,,,,,,,,,,,,,
9/1/2026,2025,20260504,23110,30782,HARVEST MIDSTREAM COMPANY,Crude Oil,INTRASTATE,TEXAS,0,27.366,1.169,234.674,120.842,0,73.451,0,0,0,24.11,0,0,0,0,0,0,0,0,0,0,0,0,0,0,0,,,481.612,,,,,,,,,,,,,,,,,,,,,,,,,,,,,
9/1/2026,2025,20260504,23110,30782,HARVEST MIDSTREAM COMPANY,Crude Oil,INTRASTATE,WYOMING,0,7.761,5.642,0,0,0,0,0,0,0,0,0,0,0,0,0,0,0,0,0,0,0,0,0,0,0,,,13.403,0,0,0,0,0,0,0,0,0,0,0,0,0,0,0,0,0,0,0,0,0,0,0,0,0,0,,,0
9/1/2026,2025,20260506,23112,30782,HARVEST MIDSTREAM COMPANY,HVL,INTRASTATE,UTAH,0.001,0,26.447,0.005,0,0,0,0,0,0,0,0,0,0,0,0,0,0,0,0,0,0,0,0,0,0,,,26.453,0,0,0,0,0,0,0,0,0,0,0,0,0,0,0,0,0,0,0,0,0,0,0,0,0,0,,,0
9/1/2026,2025,20260506,23112,30782,HARVEST MIDSTREAM COMPANY,HVL,INTRASTATE,WYOMING,5.926,3.557,0,0,0,0,0,0,0,0,0,0,0,0,0,0,0,0,0,0,0,0,0,0,0,0,,,9.483,0,0,0,0,0,0,0,0,0,0,0,0,0,0,0,0,0,0,0,0,0,0,0,0,0,0,,,0
9/1/2026,2025,20260716,23350,30825,CITGO PETROLEUM CORPORATION (REFINERY),HVL,INTRASTATE,LOUISIANA,0,6.24,0,0,0,0,0,0,0,0,0,0,0,0,0,0,0,0,0,0,0,0,0,0,0,0,,,6.24,0,0,0,0,0,0,0,0,0,0,0,0,0,0,0,0,0,0,0,0,0,0,0,0,0,0,,,0
9/1/2026,2025,20260246,22845,30826,WILLIAMS FIELD SERVICES,HVL,INTERSTATE,COLORADO,4.217,24.759,39.139,33.805,23.667,96.311,172.028,0.004,0.004,0,0,0,0,0,0,0,0,0,0,0,0,0,0,0,0,0,,,393.934,,,,,,,,,,,,,,,,,,,,,,,,,,,,,
9/1/2026,2025,20260246,22845,30826,WILLIAMS FIELD SERVICES,HVL,INTERSTATE,KANSAS,0,0,0,0,0,0,261.241,0,0.01,0,0,0,0,0,0,0,0,0,0,0,0,0,0,0,0,0,,,261.251,,,,,,,,,,,,,,,,,,,,,,,,,,,,,
9/1/2026,2025,20260246,22845,30826,WILLIAMS FIELD SERVICES,HVL,INTERSTATE,OHIO,0,0,0,0,50.421,0,0,0,0,0,0,0,0,0,0,0,0,0,0,0,0,0,0,0,0,0,,,50.421,,,,,,,,,,,,,,,,,,,,,,,,,,,,,
9/1/2026,2025,20260246,22845,30826,WILLIAMS FIELD SERVICES,HVL,INTERSTATE,PENNSYLVANIA,0,0,0,0,31.345,0,0,0,0,0,0,0,0,0,0,0,0,0,0,0,0,0,0,0,0,0,,,31.345,,,,,,,,,,,,,,,,,,,,,,,,,,,,,
9/1/2026,2025,20260246,22845,30826,WILLIAMS FIELD SERVICES,HVL,INTERSTATE,WEST VIRGINIA,0,0,0,0,19.146,0,0,0,0,0,0,0,0,0,0,0,0,0,0,0,0,0,0,0,0,0,,,19.146,,,,,,,,,,,,,,,,,,,,,,,,,,,,,
9/1/2026,2025,20260246,22845,30826,WILLIAMS FIELD SERVICES,HVL,INTERSTATE,WYOMING,0,0.009,0,0,0.268,208.87,176.676,0.008,0.002,0,0,0,0,0,0,0,0,0,0,0,0,0,0,0,0,0,,,385.833,,,,,,,,,,,,,,,,,,,,,,,,,,,,,
9/1/2026,2025,20260246,22845,30826,WILLIAMS FIELD SERVICES,HVL,INTRASTATE,COLORADO,0.407,6.601,28.761,0,0.005,0.106,0.001,0,0,0,0,0,0,0,0,0,0,0,0,0,0,0,0,0,0,0,,,35.881,,,,,,,,,,,,,,,,,,,,,,,,,,,,,
9/1/2026,2025,20260246,22845,30826,WILLIAMS FIELD SERVICES,HVL,INTRASTATE,WEST VIRGINIA,0.962,0,21.764,0,0,0,4.926,0,0,0,0,0,0,0,0,0,0,0,0,0,0,0,0,0,0,0,,,27.652,,,,,,,,,,,,,,,,,,,,,,,,,,,,,
9/1/2026,2025,20260246,22845,30826,WILLIAMS FIELD SERVICES,HVL,INTRASTATE,WYOMING,0,0,0,0,0,0,0,0,0,0,0,0,0,0,0,0,0,0,0,0,0,0,0,0,0,0,,,0,,,,,,,,,,,,,,,,,,,,,,,,,,,,,
9/1/2026,2025,20260162,22755,30829,ENTERPRISE CRUDE PIPELINE LLC,Crude Oil,INTERSTATE,NEW MEXICO,0,0,16.975,51.163,0,0,19.597,0,0.003,0,0,0,0,0,0,0,0,0,0,0,0,0,0,0,0,0,,,87.738,,,,,,,,,,,,,,,,,,,,,,,,,,,,,
9/1/2026,2025,20260162,22755,30829,ENTERPRISE CRUDE PIPELINE LLC,Crude Oil,INTERSTATE,OKLAHOMA,0,2.002,0,0.848,2.601,0,2.249,0.745,0,0.846,1.095,0,0,312.027,0,0,0,0,0,0,0,0,0,0,0,0,,,322.413,,,,,,,,,,,,,,,,,,,,,,,,,,,,,
9/1/2026,2025,20260162,22755,30829,ENTERPRISE CRUDE PIPELINE LLC,Crude Oil,INTERSTATE,TEXAS,0,8.325,329.305,98.378,1.431,0,20.857,0.003,116.433,0,11.488,0,0,883.686,0,0,184.302,0,0,11.465,0,0,0,0,0,0,,,1665.673,,,,,,,,,,,,,,,,,,,,,,,,,,,,,
9/1/2026,2025,20260162,22755,30829,ENTERPRISE CRUDE PIPELINE LLC,Crude Oil,INTRASTATE,NEW MEXICO,0,0,0,1.774,0,0,0,0,0,0,0,0,0,0,0,0,0,0,0,0,0,0,0,0,0,0,,,1.774,,,,,,,,,,,,,,,,,,,,,,,,,,,,,
9/1/2026,2025,20260162,22755,30829,ENTERPRISE CRUDE PIPELINE LLC,Crude Oil,INTRASTATE,TEXAS,7.142,40.002,140.678,64.278,36.004,0,117.857,2.782,0.003,0,617.012,0,0,9.51,0,0,11.739,0,0,0,0,0,0,0,0,0,,,1047.007,,,,,,,,,,,,,,,,,,,,,,,,,,,,,
9/1/2026,2025,20260240,22839,30829,ENTERPRISE CRUDE PIPELINE LLC,Refined and/or Petroleum Product (non-HVL),INTERSTATE,TEXAS,0,0,0,21.444,0,0,0,0,0,0,0,0,0,0,0,0,0,0,0,0,0,0,0,0,0,0,,,21.444,,,,,,,,,,,,,,,,,,,,,,,,,,,,,
9/1/2026,2025,20260240,22839,30829,ENTERPRISE CRUDE PIPELINE LLC,Refined and/or Petroleum Product (non-HVL),INTRASTATE,TEXAS,0,0,0,0,0.957,0,0.951,0,0,0,0,0,0,0,0,0,0,0,0,0,0,0,0,0,0,0,,,1.908,0,0,0,0,0,0,0,0,0,0,0,0,0,0,0,0,0,0,0,0,0,0,0,0,0,0,,,0
9/1/2026,2025,20260348,22950,30834,TIDELANDS OIL PRODUCTION COMPANY,Crude Oil,INTRASTATE,CALIFORNIA,0,0.98,1.08,0,0,0,0,0,0,0,0,0,0,0,0,0,0,0,0,0,0,0,0,0,0,0,,,2.06,0,0,0,0,0,0,0,0,0,0,0,0,0,0,0,0,0,0,0,0,0,0,0,0,0,0,,,0
9/1/2026,2025,20260713,23344,30901,MENZIES AVIATION,Refined and/or Petroleum Product (non-HVL),INTRASTATE,ALASKA,0,0,0,0,7.6,0,0,0,0,0,0,0,0,0,0,0,0,0,0,0,0,0,0,0,0,0,,,7.6,0,0,0,0,0,0,0,0,0,0,0,0,0,0,0,0,0,0,0,0,0,0,0,0,0,0,,,0
9/1/2026,2025,20260325,22927,30909,TRANSMONTAIGNE OPERATING COMPANY L.P.,Crude Oil,INTRASTATE,CALIFORNIA,0,0,0,0,0,0,1.9,0,0,0,0,0,0,0,0,0,0,0,0,0,0,0,0,0,0,0,,,1.9,0,0,0,0,0,0,0,0,0,0,0,0,0,0,0,0,0,0,0,0,0,0,0,0,0,0,,,0
9/1/2026,2025,20260579,23185,30909,TRANSMONTAIGNE OPERATING COMPANY L.P.,Refined and/or Petroleum Product (non-HVL),INTRASTATE,CALIFORNIA,0,0,0,0.73,5.57,0,0,0,0,0,0,0,0,0,0,0,0,0,0,0,0,0,0,0,0,0,,,6.3,0,0,0,0,0,0,0,0,0,0,0,0,0,0,0,0,0,0,0,0,0,0,0,0,0,0,,,0
9/1/2026,2025,20260579,23185,30909,TRANSMONTAIGNE OPERATING COMPANY L.P.,Refined and/or Petroleum Product (non-HVL),INTRASTATE,GEORGIA,0,0.58,0,0,0,0,0,0,0,0,0,0,0,0,0,0,0,0,0,0,0,0,0,0,0,0,,,0.58,0,0,0,0,0,0,0,0,0,0,0,0,0,0,0,0,0,0,0,0,0,0,0,0,0,0,,,0
9/1/2026,2025,20260579,23185,30909,TRANSMONTAIGNE OPERATING COMPANY L.P.,Refined and/or Petroleum Product (non-HVL),INTRASTATE,MISSISSIPPI,0,0,36,0,0,0.4,0,0.87,0.01,0,1.78,0,0,0,0,0,1.74,0,0,0,0,0,0,0,0,0,,,40.8,0,0,0,0,0,0,0,0,0,0,0,0,0,0,0,0,0,0,0,0,0,0,0,0,0,0,,,0
9/1/2026,2025,20260579,23185,30909,TRANSMONTAIGNE OPERATING COMPANY L.P.,Refined and/or Petroleum Product (non-HVL),INTRASTATE,TEXAS,0,16.37,16.37,0,0,0,0,0,0,0,0,0,0,0,0,0,0,0,0,0,0,0,0,0,0,0,,,32.74,0,0,0,0,0,0,0,0,0,0,0,0,0,0,0,0,0,0,0,0,0,0,0,0,0,0,,,0
9/1/2026,2025,20260579,23185,30909,TRANSMONTAIGNE OPERATING COMPANY L.P.,Refined and/or Petroleum Product (non-HVL),INTRASTATE,WASHINGTON,0,0,0,2.78,0,0,0,0,0,0,0,0,0,0,0,0,0,0,0,0,0,0,0,0,0,0,,,2.78,0,0,0,0,0,0,0,0,0,0,0,0,0,0,0,0,0,0,0,0,0,0,0,0,0,0,,,0
9/1/2026,2025,20260263,22862,30959,"DOW INFRACO, LLC",HVL,INTRASTATE,TEXAS,17.11,33.25,7.31,13.39,15.5,2.31,0,0,0,0,0,0,0,0,0,0,0,0,0,0,0,0,0,0,0,0,,,88.87,0,0,0,0,0,0,0,0,0,0,0,0,0,0,0,0,0,0,0,0,0,0,0,0,0,0,,,0
9/1/2026,2025,20260257,22856,30959,"DOW INFRACO, LLC",Refined and/or Petroleum Product (non-HVL),INTRASTATE,TEXAS,27.62,6.01,0,11.01,1.42,0,20.93,4.65,0,0,0,0,0,0,0,0,0,0,0,0,0,0,0,0,0,0,,,71.64,0,0,0,0,0,0,0,0,0,0,0,0,0,0,0,0,0,0,0,0,0,0,0,0,0,0,,,0
9/1/2026,2025,20260268,22867,31023,CITGO REFINING & CHEMICAL CO. L.P.,Crude Oil,INTRASTATE,TEXAS,0,0,0,0,0,0,0.689,0,3.466,0,0,0,0,0,0,0,0,0,0,0,0,0,0,0,0,0,,,4.155,0,0,0,0,0,0,0,0,0,0,0,0,0,0,0,0,0,0,0,0,0,0,0,0,0,0,,,0
9/1/2026,2025,20260265,22864,31023,CITGO REFINING & CHEMICAL CO. L.P.,HVL,INTRASTATE,TEXAS,6.39,0,0,0,0,0,0,0,0,0,0,0,0,0,0,0,0,0,0,0,0,0,0,0,0,0,,,6.39,0,0,0,0,0,0,0,0,0,0,0,0,0,0,0,0,0,0,0,0,0,0,0,0,0,0,,,0
9/1/2026,2025,20260266,22865,31023,CITGO REFINING & CHEMICAL CO. L.P.,Refined and/or Petroleum Product (non-HVL),INTRASTATE,TEXAS,0,24.26,15.06,4.89,0,0,7.22,0,0,0,0.91,0,0,0,0,0,0,0,0,0,0,0,0,0,0,0,,,52.34,0,0,0,0,0,0,0,0,0,0,0,0,0,0,0,0,0,0,0,0,0,0,0,0,0,0,,,0
9/1/2026,2025,20260477,23083,31045,"GENESIS PIPELINE USA, L.P.",Crude Oil,INTERSTATE,ALABAMA,5.19,26.67,0,0,0,0,36.48,0,0,0,0,0,0,0,0,0,0,0,0,0,0,0,0,0,0,0,,,68.34,0,0,0,0,0,0,0,0,0,0,0,0,0,0,0,0,0,0,0,0,0,0,0,0,0,0,,,0
9/1/2026,2025,20260477,23083,31045,"GENESIS PIPELINE USA, L.P.",Crude Oil,INTERSTATE,FLORIDA,0.42,8.45,2.97,3.8,0,0,27.88,0,0,0,0,0,0,0,0,0,0,0,0,0,0,0,0,0,0,0,,,43.52,0,0,0,0,0,0,0,0,0,0,0,0,0,0,0,0,0,0,0,0,0,0,0,0,0,0,,,0
9/1/2026,2025,20260477,23083,31045,"GENESIS PIPELINE USA, L.P.",Crude Oil,INTERSTATE,LOUISIANA,0,0,0,0,0,0,5.72,0,14.39,0,16.59,0,0,0,0,0,1.42,0,0,0,0,0,0,0,0,0,,,38.12,0,0,0,0,0,0,0,0,0,0,0,0,0,0,0,0,0,0,0,0,0,0,0,0,0,0,,,0
9/1/2026,2025,20260477,23083,31045,"GENESIS PIPELINE USA, L.P.",Crude Oil,INTERSTATE,MISSISSIPPI,10.81,10.51,110.09,70.1,0.12,0,0,0,0,0,0,0,0,0,0,0,0,0,0,0,0,0,0,0,0,0,,,201.63,0,0,0,0,0,0,0,0,0,0,0,0,0,0,0,0,0,0,0,0,0,0,0,0,0,0,,,0
9/1/2026,2025,20260159,22752,31049,MCCHORD PIPELINE CO.,Refined and/or Petroleum Product (non-HVL),INTRASTATE,WASHINGTON,0,14.25,0,0,0,0,0,0,0,0,0,0,0,0,0,0,0,0,0,0,0,0,0,0,0,0,,,14.25,0,0,0,0,0,0,0,0,0,0,0,0,0,0,0,0,0,0,0,0,0,0,0,0,0,0,,,0
9/1/2026,2025,20260122,22715,31051,"TIDEWATER, INC",Refined and/or Petroleum Product (non-HVL),INTRASTATE,OREGON,10.56,0,0,0,0,0,0,0,0,0,0,0,0,0,0,0,0,0,0,0,0,0,0,0,0,0,,,10.56,0,0,0,0,0,0,0,0,0,0,0,0,0,0,0,0,0,0,0,0,0,0,0,0,0,0,,,0
9/1/2026,2025,20260122,22715,31051,"TIDEWATER, INC",Refined and/or Petroleum Product (non-HVL),INTRASTATE,WASHINGTON,4.04,2.79,0,0,0,0,0,0,0,0,0,0,0,0,0,0,0,0,0,0,0,0,0,0,0,0,,,6.83,,,,,,,,,,,,,,,,,,,,,,,,,,,,,
9/1/2026,2025,20260100,22683,31056,"SIGNATURE FLIGHT SUPPORT, M&O _ HONOLULU",Refined and/or Petroleum Product (non-HVL),INTRASTATE,HAWAII,0,3,1,2,0,0,0,0,0,0,0,0,0,0,0,0,0,0,0,0,0,0,0,0,0,0,,,6,0,0,0,0,0,0,0,0,0,0,0,0,0,0,0,0,0,0,0,0,0,0,0,0,0,0,,,0
9/1/2026,2025,20260150,22743,31057,"HECO - HAWAIIAN ELECTRIC COMPANY, INC.",Refined and/or Petroleum Product (non-HVL),INTRASTATE,HAWAII,0,0,18.01,0,0,0,0,0,0,0,0,0,0,0,0,0,0,0,0,0,0,0,0,0,0,0,,,18.01,0,0,0,0,0,0,0,0,0,0,0,0,0,0,0,0,0,0,0,0,0,0,0,0,0,0,,,0
9/1/2026,2025,20260177,22771,31059,BASF CORPORATION,HVL,INTRASTATE,TEXAS,0,6.999,1.482,0,0,0,0,0,0,0,0,0,0,0,0,0,0,0,0,0,0,0,0,0,0,0,,,8.481,0,0,0,0,0,0,0,0,0,0,0,0,0,0,0,0,0,0,0,0,0,0,0,0,0,0,,,0
9/1/2026,2025,20260282,22884,31075,E&B NATURAL RESOURCES MANAGEMENT CORP,Crude Oil,INTRASTATE,CALIFORNIA,0.77,2.07,3.84,0,0,0,0,0,0,0,0,0,0,0,0,0,0,0,0,0,0,0,0,0,0,0,,,6.68,0,0,0,0,0,0,0,0,0,0,0,0,0,0,0,0,0,0,0,0,0,0,0,0,0,0,,,0
9/1/2026,2025,20260442,23048,31130,"DCP MIDSTREAM, LP",HVL,INTERSTATE,COLORADO,34.161,186.434,0,0,0,0,0,0,0,0,0,0,0,0,0,0,0,0,0,0,0,0,0,0,0,0,,,220.595,0,0,0,0,0,0,0,0,0,0,0,0,0,0,0,0,0,0,0,0,0,0,0,0,0,0,,,0
9/1/2026,2025,20260442,23048,31130,"DCP MIDSTREAM, LP",HVL,INTERSTATE,KANSAS,0,209.173,0,0,22.982,0,0,0,0,0,0,0,0,0,0,0,0,0,0,0,0,0,0,0,0,0,,,232.155,,,,,,,,,,,,,,,,,,,,,,,,,,,,,
9/1/2026,2025,20260442,23048,31130,"DCP MIDSTREAM, LP",HVL,INTERSTATE,LOUISIANA,0,64.701,110.929,0,0,0,0,0,0,0,0,0,0,0,0,0,0,0,0,0,0,0,0,0,0,0,,,175.63,,,,,,,,,,,,,,,,,,,,,,,,,,,,,
9/1/2026,2025,20260442,23048,31130,"DCP MIDSTREAM, LP",HVL,INTERSTATE,NEW MEXICO,0,0,0,0,45.456,0,0,0,0,0,0,0,0,0,0,0,0,0,0,0,0,0,0,0,0,0,,,45.456,0,0,0,0,0,0,0,0,0,0,0,0,0,0,0,0,0,0,0,0,0,0,0,0,0,0,,,0
9/1/2026,2025,20260442,23048,31130,"DCP MIDSTREAM, LP",HVL,INTERSTATE,OKLAHOMA,0.056,0.045,88.808,45.585,177.729,0,154.853,39.777,13.62,0,0,0,0,0,0,0,0,0,0,0,0,0,0,0,0,0,,,520.473,0,0,0,0,0,0,0,0,0,0,0,0,0,0,0,0,0,0,0,0,0,0,0,0,0,0,,,0
9/1/2026,2025,20260442,23048,31130,"DCP MIDSTREAM, LP",HVL,INTERSTATE,TEXAS,0,0,138.203,0,21.048,0,0,174.412,208.349,0,0.01,0,0,0,0,0,0,0,0,0,0,0,0,0,0,0,,,542.022,,,,,,,,,,,,,,,,,,,,,,,,,,,,,
9/1/2026,2025,20260442,23048,31130,"DCP MIDSTREAM, LP",HVL,INTRASTATE,COLORADO,27.363,5.634,0,8.299,12.228,0,0,0,0,0,0,0,0,0,0,0,0,0,0,0,0,0,0,0,0,0,,,53.524,0,0,0,0,0,0,0,0,0,0,0,0,0,0,0,0,0,0,0,0,0,0,0,0,0,0,,,0
9/1/2026,2025,20260442,23048,31130,"DCP MIDSTREAM, LP",HVL,INTRASTATE,MICHIGAN,0,0.972,0,0,0,0,0,0,0,0,0,0,0,0,0,0,0,0,0,0,0,0,0,0,0,0,,,0.972,,,,,,,,,,,,,,,,,,,,,,,,,,,,,
9/1/2026,2025,20260442,23048,31130,"DCP MIDSTREAM, LP",HVL,INTRASTATE,TEXAS,1.335,77.368,158.174,145.666,133.182,0,26.589,0,836.532,0,97.549,0,0,0,0,0,0,0,0,0,0,0,0,0,0,0,,,1476.395,0,0,0,0,0,0,0,0,0,0,0,0,0,0,0,0,0,0,0,0,0,0,0,0,0,0,,,0
9/1/2026,2025,20260443,23049,31130,"DCP MIDSTREAM, LP",Refined and/or Petroleum Product (non-HVL),INTRASTATE,NEW MEXICO,2.015,0,0,0,0,0,0,0,0,0,0,0,0,0,0,0,0,0,0,0,0,0,0,0,0,0,,,2.015,0,0,0,0,0,0,0,0,0,0,0,0,0,0,0,0,0,0,0,0,0,0,0,0,0,0,,,0
9/1/2026,2025,20260155,22748,31135,PETRO-DIAMOND TERMINAL COMPANY,Refined and/or Petroleum Product (non-HVL),INTRASTATE,CALIFORNIA,0,0,0.49,0,0.95,0,0,0,0,0,0,0,0,0,0,0,0,0,0,0,0,0,0,0,0,0,,,1.44,0,0,0,0,0,0,0,0,0,0,0,0,0,0,0,0,0,0,0,0,0,0,0,0,0,0,,,0
9/1/2026,2025,20260267,22866,31136,WICKLAND PIPELINES LLC,Refined and/or Petroleum Product (non-HVL),INTRASTATE,CALIFORNIA,0,0,1.98,0,15.6,0,0,0,0,0,0,0,0,0,0,0,0,0,0,0,0,0,0,0,0,0,,,17.58,0,0,0,0,0,0,0,0,0,0,0,0,0,0,0,0,0,0,0,0,0,0,0,0,0,0,,,0
9/1/2026,2025,20260685,23296,31166,MUSTANG  PIPE  LINE  LLC,Crude Oil,INTERSTATE,ILLINOIS,0,0,0,0,0,0,0,209.69,0,0,0,0,0,0,0,0,0,0,0,0,0,0,0,0,0,0,,,209.69,0,0,0,0,0,0,0,0,0,0,0,0,0,0,0,0,0,0,0,0,0,0,0,0,0,0,,,0
9/1/2026,2025,20260533,23139,31167,MOEM PIPELINE LLC,Crude Oil,INTERSTATE,LOUISIANA,0,0,0,1.1,0,54.8,0,0,0,0,0,0,0,0,0,0,0,0,0,0,0,0,0,0,0,0,,,55.9,0,0,0,0,0,0,0,0,0,0,0,0,0,0,0,0,0,0,0,0,0,0,0,0,0,0,,,0
9/1/2026,2025,20260454,23060,31174,"SHELL PIPELINE CO., L.P.",Crude Oil,INTERSTATE,ILLINOIS,0,0,0,0,0.06,0,0,0,1.13,0,0,0,0,0,0,0,0,0,0,0,0,0,0,0,0,0,,,1.19,0,0,0,0,0,0,0,0,0,0,0,0,0,0,0,0,0,0,0,0,0,0,0,0,0,0,,,0
9/1/2026,2025,20260454,23060,31174,"SHELL PIPELINE CO., L.P.",Crude Oil,INTERSTATE,LOUISIANA,0,0,0,0,1.9,0,83.91,44.64,141.85,236.1,104.97,0,0,39.1,0,0,0,0,0,0,0,0,0,0,0,0,,,652.47,0,0,0,0,0,0,3.45,2.99,25.02,3.44,7.76,0,0,3.59,0,0,0,0,0,0,0,0,0,0,0,0,,,46.25
9/1/2026,2025,20260454,23060,31174,"SHELL PIPELINE CO., L.P.",Crude Oil,INTERSTATE,OCS-Gulf of America,0,0,0,0,0,0,0,0,0,0,0,0,0,0,0,0,0,0,0,0,0,0,0,0,0,0,,,0,0,0,2.01,0,21.87,63.58,138.08,181.27,289.89,3.23,346.73,0.01,124.35,46.26,0.01,0,0,0,0,0,0,0,0,0,0,0,,,1217.29
9/1/2026,2025,20260454,23060,31174,"SHELL PIPELINE CO., L.P.",Crude Oil,INTERSTATE,TEXAS,0,0,0,0,5.71,0,0,0,96.27,14.66,0,0,0,0,0,0,0,0,0,0,0,0,0,0,0,0,,,116.64,0,0,0,0,0,0,0,0,0,0,0,0,0,0,0,0,0,0,0,0,0,0,0,0,0,0,,,0
9/1/2026,2025,20260459,23065,31174,"SHELL PIPELINE CO., L.P.",HVL,INTERSTATE,LOUISIANA,8.35,78.6,0,58,186.21,0,0,0,0,0,0,0,0,0,0,0,0,0,0,0,0,0,0,0,0,0,,,331.16,,,,,,,,,,,,,,,,,,,,,,,,,,,,,
9/1/2026,2025,20260459,23065,31174,"SHELL PIPELINE CO., L.P.",HVL,INTERSTATE,OHIO,0,0,0,11.05,32.99,0,0,0,0,0,0,0,0,0,0,0,0,0,0,0,0,0,0,0,0,0,,,44.04,0,0,0,0,0,0,0,0,0,0,0,0,0,0,0,0,0,0,0,0,0,0,0,0,0,0,,,0
9/1/2026,2025,20260459,23065,31174,"SHELL PIPELINE CO., L.P.",HVL,INTERSTATE,PENNSYLVANIA,0,0,0,0,42.3,0,3.72,0,0,0,0,0,0,0,0,0,0,0,0,0,0,0,0,0,0,0,,,46.02,0,0,0,0,0,0,0,0,0,0,0,0,0,0,0,0,0,0,0,0,0,0,0,0,0,0,,,0
9/1/2026,2025,20260459,23065,31174,"SHELL PIPELINE CO., L.P.",HVL,INTERSTATE,TEXAS,0.81,0.16,31.12,4.86,76.63,0,0,0,0,0,0,0,0,0,0,0,0,0,0,0,0,0,0,0,0,0,,,113.58,0,0,0,0,0,0,0,0,0,0,0,0,0,0,0,0,0,0,0,0,0,0,0,0,0,0,,,0
9/1/2026,2025,20260459,23065,31174,"SHELL PIPELINE CO., L.P.",HVL,INTERSTATE,WEST VIRGINIA,0,0,0,0,8.76,0,0,0,0,0,0,0,0,0,0,0,0,0,0,0,0,0,0,0,0,0,,,8.76,0,0,0,0,0,0,0,0,0,0,0,0,0,0,0,0,0,0,0,0,0,0,0,0,0,0,,,0
9/1/2026,2025,20260459,23065,31174,"SHELL PIPELINE CO., L.P.",HVL,INTRASTATE,LOUISIANA,3.64,60.23,7.43,0,6.88,0,0,0,0,0,0,0,0,0,0,0,0,0,0,0,0,0,0,0,0,0,,,78.18,0,0,0,0,0,0,0,0,0,0,0,0,0,0,0,0,0,0,0,0,0,0,0,0,0,0,,,0
9/1/2026,2025,20260459,23065,31174,"SHELL PIPELINE CO., L.P.",HVL,INTRASTATE,TEXAS,8.35,104.08,2.64,2.31,1.67,0,0,0,0,0,0,0,0,0,0,0,0,0,0,0,0,0,0,0,0,0,,,119.05,0,0,0,0,0,0,0,0,0,0,0,0,0,0,0,0,0,0,0,0,0,0,0,0,0,0,,,0
9/1/2026,2025,20260457,23063,31174,"SHELL PIPELINE CO., L.P.",Refined and/or Petroleum Product (non-HVL),INTERSTATE,ILLINOIS,0,0,0.16,0.35,0.28,0,0,0,0,0,0,0,0,0,0,0,0,0,0,0,0,0,0,0,0,0,,,0.79,0,0,0,0,0,0,0,0,0,0,0,0,0,0,0,0,0,0,0,0,0,0,0,0,0,0,,,0
9/1/2026,2025,20260457,23063,31174,"SHELL PIPELINE CO., L.P.",Refined and/or Petroleum Product (non-HVL),INTERSTATE,LOUISIANA,0,0,0,0,9.87,0,53.83,0,1.93,0,91.98,0,0,0,0,0,0,0,0,0,0,0,0,0,0,0,,,157.61,0,0,0,0,0,0,0,0,0,0,0,0,0,0,0,0,0,0,0,0,0,0,0,0,0,0,,,0
9/1/2026,2025,20260457,23063,31174,"SHELL PIPELINE CO., L.P.",Refined and/or Petroleum Product (non-HVL),INTRASTATE,CALIFORNIA,0,12.05,48.49,0,0,0,0,0,0,0,0,0,0,0,0,0,0,0,0,0,0,0,0,0,0,0,,,60.54,0,0,0,0,0,0,0,0,0,0,0,0,0,0,0,0,0,0,0,0,0,0,0,0,0,0,,,0
9/1/2026,2025,20260457,23063,31174,"SHELL PIPELINE CO., L.P.",Refined and/or Petroleum Product (non-HVL),INTRASTATE,ILLINOIS,0,5.98,0,0,0,0,0,0,0,0,0,0,0,0,0,0,0,0,0,0,0,0,0,0,0,0,,,5.98,0,0,0,0,0,0,0,0,0,0,0,0,0,0,0,0,0,0,0,0,0,0,0,0,0,0,,,0
9/1/2026,2025,20260457,23063,31174,"SHELL PIPELINE CO., L.P.",Refined and/or Petroleum Product (non-HVL),INTRASTATE,LOUISIANA,0,0,10.62,0,0,0,0,0,0,0,0,0,0,0,0,0,0,0,0,0,0,0,0,0,0,0,,,10.62,0,0,0,0,0,0,0,0,0,0,0,0,0,0,0,0,0,0,0,0,0,0,0,0,0,0,,,0
9/1/2026,2025,20260619,23227,31178,XTO ENERGY INC,Crude Oil,INTRASTATE,NEW MEXICO,0,12.11,31.43,48.37,25.73,0,7.3,0,30.69,0,0,0,0,0,0,0,0,0,0,0,0,0,0,0,0,0,,,155.63,0,0,0,0,0,0,0,0,0,0,0,0,0,0,0,0,0,0,0,0,0,0,0,0,0,0,,,0
9/1/2026,2025,20260619,23227,31178,XTO ENERGY INC,Crude Oil,INTRASTATE,TEXAS,0,0,0,12.81,0,0,0,0,0,0,0,0,0,0,0,0,0,0,0,0,0,0,0,0,0,0,,,12.81,0,0,0,0,0,0,0,0,0,0,0,0,0,0,0,0,0,0,0,0,0,0,0,0,0,0,,,0
9/1/2026,2025,20260621,23229,31178,XTO ENERGY INC,HVL,INTRASTATE,NEW MEXICO,16.18,50.02,26.15,0,0,0,0,0,0,0,0,0,0,0,0,0,0,0,0,0,0,0,0,0,0,0,,,92.35,0,0,0,0,0,0,0,0,0,0,0,0,0,0,0,0,0,0,0,0,0,0,0,0,0,0,,,0
9/1/2026,2025,20260315,22917,31189,BP PIPELINE (NORTH AMERICA) INC.,Crude Oil,INTERSTATE,ILLINOIS,0,0,0,0,18.4,15.5,54.9,25.9,118.5,75.7,7.6,203,0,0,0,0,0,0,0,0,0,0,0,0,0,0,,,519.5,,,,,,,,,,,,,,,,,,,,,,,,,,,,,
9/1/2026,2025,20260315,22917,31189,BP PIPELINE (NORTH AMERICA) INC.,Crude Oil,INTERSTATE,INDIANA,0,0,0,0,2.5,0.9,9.6,16.1,1.2,11.1,0,0,0,0,0,0,0,0,0,0,0,0,0,0,0,0,,,41.4,0,0,0,0,0,0,0,0,0,0,0,0,0,0,0,0,0,0,0,0,0,0,0,0,0,0,,,0
9/1/2026,2025,20260315,22917,31189,BP PIPELINE (NORTH AMERICA) INC.,Crude Oil,INTERSTATE,IOWA,0,0,0,0,0,0,0,0,15.9,0,0,0,0,0,0,0,0,0,0,0,0,0,0,0,0,0,,,15.9,,,,,,,,,,,,,,,,,,,,,,,,,,,,,
9/1/2026,2025,20260315,22917,31189,BP PIPELINE (NORTH AMERICA) INC.,Crude Oil,INTERSTATE,KANSAS,0,0,0,0,0,0,0,0,132.4,0,0,0,0,0,0,0,0,0,0,0,0,0,0,0,0,0,,,132.4,,,,,,,,,,,,,,,,,,,,,,,,,,,,,
9/1/2026,2025,20260315,22917,31189,BP PIPELINE (NORTH AMERICA) INC.,Crude Oil,INTERSTATE,MISSOURI,0,0,0,0,0,0,0,0,217.2,0,0,0,0,0,0,0,0,0,0,0,0,0,0,0,0,0,,,217.2,,,,,,,,,,,,,,,,,,,,,,,,,,,,,
9/1/2026,2025,20260315,22917,31189,BP PIPELINE (NORTH AMERICA) INC.,Crude Oil,INTERSTATE,OKLAHOMA,0,0,0,0,0,0,10.7,0,78.2,0,0,0,0,0,0,0,0,0,0,0,0,0,0,0,0,0,,,88.9,,,,,,,,,,,,,,,,,,,,,,,,,,,,,
9/1/2026,2025,20260315,22917,31189,BP PIPELINE (NORTH AMERICA) INC.,Crude Oil,INTRASTATE,WASHINGTON,0,0,0,0,0,0,0,0,0,0,5.3,0,0,0,0,0,0,0,0,0,0,0,0,0,0,0,,,5.3,,,,,,,,,,,,,,,,,,,,,,,,,,,,,
9/1/2026,2025,20260317,22919,31189,BP PIPELINE (NORTH AMERICA) INC.,HVL,INTERSTATE,INDIANA,0,0,0,1.7,0,0,0,0,0,0,0,0,0,0,0,0,0,0,0,0,0,0,0,0,0,0,,,1.7,,,,,,,,,,,,,,,,,,,,,,,,,,,,,
9/1/2026,2025,20260317,22919,31189,BP PIPELINE (NORTH AMERICA) INC.,HVL,INTRASTATE,WASHINGTON,0,4.9,0,0,0,0,0,0,0,0,0,0,0,0,0,0,0,0,0,0,0,0,0,0,0,0,,,4.9,0,0,0,0,0,0,0,0,0,0,0,0,0,0,0,0,0,0,0,0,0,0,0,0,0,0,,,0
9/1/2026,2025,20260321,22923,31189,BP PIPELINE (NORTH AMERICA) INC.,Refined and/or Petroleum Product (non-HVL),INTERSTATE,ALABAMA,0,0,26.1,0,0,0,0,0,0,0,0,0,0,0,0,0,0,0,0,0,0,0,0,0,0,0,,,26.1,0,0,0,0,0,0,0,0,0,0,0,0,0,0,0,0,0,0,0,0,0,0,0,0,0,0,,,0
9/1/2026,2025,20260321,22923,31189,BP PIPELINE (NORTH AMERICA) INC.,Refined and/or Petroleum Product (non-HVL),INTERSTATE,ILLINOIS,0,0,135.3,0,12.3,0,0,0,0,0,0,0,0,0,0,0,0,0,0,0,0,0,0,0,0,0,,,147.6,,,,,,,,,,,,,,,,,,,,,,,,,,,,,
9/1/2026,2025,20260321,22923,31189,BP PIPELINE (NORTH AMERICA) INC.,Refined and/or Petroleum Product (non-HVL),INTERSTATE,INDIANA,0,0,140.9,0,0,0,0,0,0,0,0,0,0,0,0,0,0,0,0,0,0,0,0,0,0,0,,,140.9,,,,,,,,,,,,,,,,,,,,,,,,,,,,,
9/1/2026,2025,20260321,22923,31189,BP PIPELINE (NORTH AMERICA) INC.,Refined and/or Petroleum Product (non-HVL),INTERSTATE,KANSAS,0,0,72.5,0,0,0,0,0,0,0,0,0,0,0,0,0,0,0,0,0,0,0,0,0,0,0,,,72.5,,,,,,,,,,,,,,,,,,,,,,,,,,,,,
9/1/2026,2025,20260321,22923,31189,BP PIPELINE (NORTH AMERICA) INC.,Refined and/or Petroleum Product (non-HVL),INTERSTATE,KENTUCKY,0,0,97.4,0,0,0,0,0,0,0,0,0,0,0,0,0,0,0,0,0,0,0,0,0,0,0,,,97.4,,,,,,,,,,,,,,,,,,,,,,,,,,,,,
9/1/2026,2025,20260321,22923,31189,BP PIPELINE (NORTH AMERICA) INC.,Refined and/or Petroleum Product (non-HVL),INTERSTATE,MISSOURI,0,0,7.1,0,0,0,0,0,0,0,0,0,0,0,0,0,0,0,0,0,0,0,0,0,0,0,,,7.1,,,,,,,,,,,,,,,,,,,,,,,,,,,,,
9/1/2026,2025,20260321,22923,31189,BP PIPELINE (NORTH AMERICA) INC.,Refined and/or Petroleum Product (non-HVL),INTERSTATE,TENNESSEE,0,0,128.6,0,0,0,0,0,0,0,0,0,0,0,0,0,0,0,0,0,0,0,0,0,0,0,,,128.6,,,,,,,,,,,,,,,,,,,,,,,,,,,,,
9/1/2026,2025,20260647,23255,31199,ALLIANCE PIPELINE L.P.,HVL,INTRASTATE,NORTH DAKOTA,0,0.26,0,0,0,0,0,0,0,0,0,0,0,0,0,0,0,0,0,0,0,0,0,0,0,0,,,0.26,0,0,0,0,0,0,0,0,0,0,0,0,0,0,0,0,0,0,0,0,0,0,0,0,0,0,,,0
9/1/2026,2025,20260202,22800,31224,DISCOVERY PRODUCER SERVICES LLC,HVL,INTRASTATE,LOUISIANA,0,0,0,6.271,0,16.803,0,0.006,0,0,0,0,0,0,0,0,0,0,0,0,0,0,0,0,0,0,,,23.08,0,0,0,0,0,0,0,0,0,0,0,0,0,0,0,0,0,0,0,0,0,0,0,0,0,0,,,0
9/1/2026,2025,20260342,22944,31228,"CALIFORNIA RESOURCES ELK HILLS, LLC",HVL,INTRASTATE,CALIFORNIA,11.08,11.05,0,0,0,0,0,0,0,0,0,0,0,0,0,0,0,0,0,0,0,0,0,0,0,0,,,22.13,0,0,0,0,0,0,0,0,0,0,0,0,0,0,0,0,0,0,0,0,0,0,0,0,0,0,,,0
9/1/2026,2025,20260343,22945,31228,"CALIFORNIA RESOURCES ELK HILLS, LLC",Refined and/or Petroleum Product (non-HVL),INTRASTATE,CALIFORNIA,11.09,0,0,0,0,0,0,0,0,0,0,0,0,0,0,0,0,0,0,0,0,0,0,0,0,0,,,11.09,0,0,0,0,0,0,0,0,0,0,0,0,0,0,0,0,0,0,0,0,0,0,0,0,0,0,,,0
9/1/2026,2025,20260727,23367,31256,"JGE GAS SOLUTIONS, LP",HVL,INTRASTATE,TEXAS,36.75,0,0,0,0,0,0,0,0,0,0,0,0,0,0,0,0,0,0,0,0,0,0,0,0,0,,,36.75,0,0,0,0,0,0,0,0,0,0,0,0,0,0,0,0,0,0,0,0,0,0,0,0,0,0,,,0
9/1/2026,2025,20260163,22756,31285,HOUSTON AMMONIA TERMINAL,HVL,INTRASTATE,TEXAS,0,6.2,0,0,0,0,0,0,0,0,0,0,0,0,0,0,0,0,0,0,0,0,0,0,0,0,,,6.2,0,0,0,0,0,0,0,0,0,0,0,0,0,0,0,0,0,0,0,0,0,0,0,0,0,0,,,0
9/1/2026,2025,20260028,22594,31312,WEST PHOENIX POWER PLANT,Refined and/or Petroleum Product (non-HVL),INTRASTATE,ARIZONA,0,0,0,0,0,0,0,0,2,0,0,0,0,0,0,0,0,0,0,0,0,0,0,0,0,0,,,2,0,0,0,0,0,0,0,0,0,0,0,0,0,0,0,0,0,0,0,0,0,0,0,0,0,0,,,0
9/1/2026,2025,20260415,23021,31371,"BUCKEYE DEVELOPMENT & LOGISTICS, LLC",Crude Oil,INTERSTATE,ILLINOIS,0,0,0,0,3.582,0,0,0,0,0,0,0,0,0,0,0,0,0,0,0,0,0,0,0,0,0,,,3.582,0,0,0,0,0,0,0,0,0,0,0,0,0,0,0,0,0,0,0,0,0,0,0,0,0,0,,,0
9/1/2026,2025,20260415,23021,31371,"BUCKEYE DEVELOPMENT & LOGISTICS, LLC",Crude Oil,INTRASTATE,TEXAS,0,0,0,5.766,0,0,2.951,0,1.482,0,13.849,0,0,0,0,0,0,0,0,0,0,0,0,0,0,0,,,24.048,0,0,0,0,0,0,0,0,0,0,0,0,0,0,0,0,0,0,0,0,0,0,0,0,0,0,,,0
9/1/2026,2025,20260416,23022,31371,"BUCKEYE DEVELOPMENT & LOGISTICS, LLC",HVL,INTERSTATE,LOUISIANA,0,0,0,0,0,0,0,0,0,0,0,0,0,0,0,0,0,0,0,0,0,0,0,0,0,0,,,0,0,0,0,0,0,0,0,0,0,0,0,0,0,0,0,0,0,0,0,0,0,0,0,0,0,0,,,0
9/1/2026,2025,20260416,23022,31371,"BUCKEYE DEVELOPMENT & LOGISTICS, LLC",HVL,INTERSTATE,MICHIGAN,0,6.01,0,0,0,0,0,0,0,0,0,0,0,0,0,0,0,0,0,0,0,0,0,0,0,0,,,6.01,0,0,0,0,0,0,0,0,0,0,0,0,0,0,0,0,0,0,0,0,0,0,0,0,0,0,,,0
9/1/2026,2025,20260416,23022,31371,"BUCKEYE DEVELOPMENT & LOGISTICS, LLC",HVL,INTRASTATE,LOUISIANA,17.203,8.986,0,0,0,0,0,0,0,0,0,0,0,0,0,0,0,0,0,0,0,0,0,0,0,0,,,26.189,0,0,0,0,0,0,0,0,0,0,0,0,0,0,0,0,0,0,0,0,0,0,0,0,0,0,,,0
9/1/2026,2025,20260416,23022,31371,"BUCKEYE DEVELOPMENT & LOGISTICS, LLC",HVL,INTRASTATE,TEXAS,60.636,25.967,171.945,196.863,0,0,0,0,0,0,0,0,0,0,0,0,0,0,0,0,0,0,0,0,0,0,,,455.411,0,0,0,0,0,0,0,0,0,0,0,0,0,0,0,0,0,0,0,0,0,0,0,0,0,0,,,0
9/1/2026,2025,20260417,23023,31371,"BUCKEYE DEVELOPMENT & LOGISTICS, LLC",Refined and/or Petroleum Product (non-HVL),INTERSTATE,ILLINOIS,0,2.518,36.057,18.589,167.053,0,157.141,0,0,0,0,0,0,0,0,0,0,0,0,0,0,0,0,0,0,0,,,381.358,0,0,0,0,0,0,0,0,0,0,0,0,0,0,0,0,0,0,0,0,0,0,0,0,0,0,,,0
9/1/2026,2025,20260417,23023,31371,"BUCKEYE DEVELOPMENT & LOGISTICS, LLC",Refined and/or Petroleum Product (non-HVL),INTERSTATE,INDIANA,0,0,0,0,5.34,0,11.589,0,0,0,0,0,0,0,0,0,0,0,0,0,0,0,0,0,0,0,,,16.929,0,0,0,0,0,0,0,0,0,0,0,0,0,0,0,0,0,0,0,0,0,0,0,0,0,0,,,0
9/1/2026,2025,20260417,23023,31371,"BUCKEYE DEVELOPMENT & LOGISTICS, LLC",Refined and/or Petroleum Product (non-HVL),INTERSTATE,OHIO,0,0.168,0,2.579,1.526,0,0,0,0,0,0,0,0,0,0,0,0,0,0,0,0,0,0,0,0,0,,,4.273,0,0,0,0,0,0,0,0,0,0,0,0,0,0,0,0,0,0,0,0,0,0,0,0,0,0,,,0
9/1/2026,2025,20260417,23023,31371,"BUCKEYE DEVELOPMENT & LOGISTICS, LLC",Refined and/or Petroleum Product (non-HVL),INTERSTATE,TEXAS,0,0,0,27.776,0,0,0,0,0,0,0,0,0,0,0,0,0,0,0,0,0,0,0,0,0,0,,,27.776,0,0,0,0,0,0,0,0,0,0,0,0,0,0,0,0,0,0,0,0,0,0,0,0,0,0,,,0
9/1/2026,2025,20260417,23023,31371,"BUCKEYE DEVELOPMENT & LOGISTICS, LLC",Refined and/or Petroleum Product (non-HVL),INTERSTATE,WISCONSIN,0,0,0,97.357,40.691,0,59.872,0,0,0,0,0,0,0,0,0,0,0,0,0,0,0,0,0,0,0,,,197.92,0,0,0,0,0,0,0,0,0,0,0,0,0,0,0,0,0,0,0,0,0,0,0,0,0,0,,,0
9/1/2026,2025,20260417,23023,31371,"BUCKEYE DEVELOPMENT & LOGISTICS, LLC",Refined and/or Petroleum Product (non-HVL),INTRASTATE,TEXAS,0.328,0,0.596,0,2.903,0,2.952,0,0,0,0,0,0,0,0,0,0,0,0,0,0,0,0,0,0,0,,,6.779,0,0,0,0,0,0,0,0,0,0,0,0,0,0,0,0,0,0,0,0,0,0,0,0,0,0,,,0
9/1/2026,2025,20260640,23248,31372,TICONA POLYMERS INC,Refined and/or Petroleum Product (non-HVL),INTRASTATE,TEXAS,48.34,0,0,0,0,0,0,0,0,0,0,0,0,0,0,0,0,0,0,0,0,0,0,0,0,0,,,48.34,0,0,0,0,0,0,0,0,0,0,0,0,0,0,0,0,0,0,0,0,0,0,0,0,0,0,,,0
9/1/2026,2025,20260430,23036,31391,"LINDE GAS NORTH AMERICA, LLC",CO2,INTRASTATE,WYOMING,7.45,0,0,0,0,0,0,0,0,0,0,0,0,0,0,0,0,0,0,0,0,0,0,0,0,0,,,7.45,0,0,0,0,0,0,0,0,0,0,0,0,0,0,0,0,0,0,0,0,0,0,0,0,0,0,,,0
9/1/2026,2025,20260081,22661,31420,VOPAK TERMINAL LOS ANGELES INC.,Refined and/or Petroleum Product (non-HVL),INTRASTATE,CALIFORNIA,0,0,0,0,0,0,10.67,0,0,0,0,0,0,0,0,0,0,0,0,0,0,0,0,0,0,0,,,10.67,0,0,0,0,0,0,0,0,0,0,0,0,0,0,0,0,0,0,0,0,0,0,0,0,0,0,,,0
9/1/2026,2025,20260191,22789,31425,"PALO DURO PIPELINES (TEXAS GATHERING), L.P.",HVL,INTRASTATE,TEXAS,0,3.4,0.77,0,12.64,0,9.46,0,0,0,0,0,0,0,0,0,0,0,0,0,0,0,0,0,0,0,,,26.27,0,0,0,0,0,0,0,0,0,0,0,0,0,0,0,0,0,0,0,0,0,0,0,0,0,0,,,0
9/1/2026,2025,20260611,23219,31448,ENBRIDGE PIPELINES (TOLEDO) INC,Crude Oil,INTERSTATE,MICHIGAN,0,0,0,0,0,0,104.968,0,33.388,0,0,0,0,0,0,0,0,0,0,0,0,0,0,0,0,0,,,138.356,,,,,,,,,,,,,,,,,,,,,,,,,,,,,
9/1/2026,2025,20260611,23219,31448,ENBRIDGE PIPELINES (TOLEDO) INC,Crude Oil,INTERSTATE,OHIO,0,0,0,0,0,0,10.466,0,0,0,0,0,0,0,0,0,0,0,0,0,0,0,0,0,0,0,,,10.466,0,0,0,0,0,0,0,0,0,0,0,0,0,0,0,0,0,0,0,0,0,0,0,0,0,0,,,0
9/1/2026,2025,20260499,23105,31451,KINDER MORGAN TEXAS PIPELINE CO,Refined and/or Petroleum Product (non-HVL),INTRASTATE,TEXAS,3.271,0,0,0,0,0,0,0,0,0,0,0,0,0,0,0,0,0,0,0,0,0,0,0,0,0,,,3.271,0,0,0,0,0,0,0,0,0,0,0,0,0,0,0,0,0,0,0,0,0,0,0,0,0,0,,,0
9/1/2026,2025,20260606,23363,31454,"NUSTAR LOGISTICS, L.P.",Crude Oil,INTERSTATE,OKLAHOMA,0,0,29.03,10.52,0,0,43.1,0,0,0,0,0,0,0,0,0,0,0,0,0,0,0,0,0,0,0,,,82.65,,,,,,,,,,,,,,,,,,,,,,,,,,,,,
9/1/2026,2025,20260606,23363,31454,"NUSTAR LOGISTICS, L.P.",Crude Oil,INTERSTATE,TEXAS,0,0,30.79,0,30.84,0,2.05,0,0,0,0,0,0,0,0,0,0,0,0,0,0,0,0,0,0,0,,,63.68,,,,,,,,,,,,,,,,,,,,,,,,,,,,,
9/1/2026,2025,20260606,23363,31454,"NUSTAR LOGISTICS, L.P.",Crude Oil,INTRASTATE,TEXAS,0,0,27.84,49.12,265.73,298.41,87.22,0,0,0,0,0,0,10.82,0,0,0,0,0,0,0,0,0,0,0,0,,,739.14,0,0,0,0,0,0,0,0,0,0,0,0,0,0,0,0,0,0,0,0,0,0,0,0,0,0,,,0
9/1/2026,2025,20260608,23216,31454,"NUSTAR LOGISTICS, L.P.",HVL,INTRASTATE,TEXAS,0,0,0,0,187.78,0,0,0,0,0,0,0,0,0,0,0,0,0,0,0,0,0,0,0,0,0,,,187.78,0,0,0,0,0,0,0,0,0,0,0,0,0,0,0,0,0,0,0,0,0,0,0,0,0,0,,,0
9/1/2026,2025,20260604,23212,31454,"NUSTAR LOGISTICS, L.P.",Refined and/or Petroleum Product (non-HVL),INTERSTATE,COLORADO,0,0,0,272.98,0,0,0,0,0,0,0,0,0,0,0,0,0,0,0,0,0,0,0,0,0,0,,,272.98,0,0,0,0,0,0,0,0,0,0,0,0,0,0,0,0,0,0,0,0,0,0,0,0,0,0,,,0
9/1/2026,2025,20260604,23212,31454,"NUSTAR LOGISTICS, L.P.",Refined and/or Petroleum Product (non-HVL),INTERSTATE,NEW MEXICO,0,53.58,0,489.07,0,0,0,0,0,0,0,0,0,0,0,0,0,0,0,0,0,0,0,0,0,0,,,542.65,,,,,,,,,,,,,,,,,,,,,,,,,,,,,
9/1/2026,2025,20260604,23212,31454,"NUSTAR LOGISTICS, L.P.",Refined and/or Petroleum Product (non-HVL),INTERSTATE,OKLAHOMA,0,0,87.68,39.75,0,0,0,0,0,0,0,0,0,0,0,0,0,0,0,0,0,0,0,0,0,0,,,127.43,,,,,,,,,,,,,,,,,,,,,,,,,,,,,
9/1/2026,2025,20260604,23212,31454,"NUSTAR LOGISTICS, L.P.",Refined and/or Petroleum Product (non-HVL),INTERSTATE,TEXAS,0,0,437.63,323.5,0,0,6.14,0,0,0,0,0,0,0,0,0,0,0,0,0,0,0,0,0,0,0,,,767.27,,,,,,,,,,,,,,,,,,,,,,,,,,,,,
9/1/2026,2025,20260604,23212,31454,"NUSTAR LOGISTICS, L.P.",Refined and/or Petroleum Product (non-HVL),INTRASTATE,TEXAS,0,286.91,355.25,68.99,114.5,0,0,0,0,0,0,0,0,0,0,0,0,0,0,0,0,0,0,0,0,0,,,825.65,0,0,0,0,0,0,0,0,0,0,0,0,0,0,0,0,0,0,0,0,0,0,0,0,0,0,,,0
9/1/2026,2025,20260135,22728,31455,"CALUMET MONTANA REFINING, LLC",Crude Oil,INTRASTATE,MONTANA,0,0,2.6,0,0,0,0,0,0,0,0,0,0,0,0,0,0,0,0,0,0,0,0,0,0,0,,,2.6,0,0,0,0,0,0,0,0,0,0,0,0,0,0,0,0,0,0,0,0,0,0,0,0,0,0,,,0
9/1/2026,2025,20260377,22983,31460,DOD DEFENSE ENERGY SUPPORT CENTER,Refined and/or Petroleum Product (non-HVL),INTRASTATE,CALIFORNIA,0,0,0,0,0,0,0,5.26,0,0,0,0,0,0,0,0,0,0,0,0,0,0,0,0,0,0,,,5.26,0,0,0,0,0,0,0,0,0,0,0,0,0,0,0,0,0,0,0,0,0,0,0,0,0,0,,,0
9/1/2026,2025,20260733,23374,31475,TRINITY PIPELINE GP LLC,CO2,INTERSTATE,NEW MEXICO,0,0.09,12.22,35.12,10.01,0,0,0,0,0,0,0,0,0,0,0,0,0,0,0,0,0,0,0,0,0,,,57.44,0,0,0,0,0,0,0,0,0,0,0,0,0,0,0,0,0,0,0,0,0,0,0,0,0,0,,,0
9/1/2026,2025,20260733,23374,31475,TRINITY PIPELINE GP LLC,CO2,INTERSTATE,TEXAS,0,4.07,5.63,4.46,28.41,0,0,0,0,0,0,0,0,0,0,0,0,0,0,0,0,0,0,0,0,0,,,42.57,,,,,,,,,,,,,,,,,,,,,,,,,,,,,
9/1/2026,2025,20260733,23374,31475,TRINITY PIPELINE GP LLC,CO2,INTRASTATE,NEW MEXICO,0,0,13.81,4.55,34.54,0,0,0,0,0,0,0,0,0,0,0,0,0,0,0,0,0,0,0,0,0,,,52.9,,,,,,,,,,,,,,,,,,,,,,,,,,,,,
9/1/2026,2025,20260733,23374,31475,TRINITY PIPELINE GP LLC,CO2,INTRASTATE,TEXAS,0,26.93,0,0,0,0,0,0,0,0,0,0,0,0,0,0,0,0,0,0,0,0,0,0,0,0,,,26.93,,,,,,,,,,,,,,,,,,,,,,,,,,,,,
9/1/2026,2025,20260318,22920,31476,ET CRUDE OPERATING LLC,Crude Oil,INTERSTATE,KANSAS,0,25.56,19.5,0,0,0,0,0,0,0,0,0,0,0,0,0,0,0,0,0,0,0,0,0,0,0,,,45.06,,,,,,,,,,,,,,,,,,,,,,,,,,,,,
9/1/2026,2025,20260318,22920,31476,ET CRUDE OPERATING LLC,Crude Oil,INTERSTATE,NORTH DAKOTA,0,0,0.75,0,0,0,0,0,0,0,0,0,0,0,0,0,0,0,0,0,0,0,0,0,0,0,,,0.75,,,,,,,,,,,,,,,,,,,,,,,,,,,,,
9/1/2026,2025,20260318,22920,31476,ET CRUDE OPERATING LLC,Crude Oil,INTERSTATE,OKLAHOMA,0,13.03,15.13,0,0,0,0,0,23.83,0,0.01,0,0,0,0,0,0,0,0,0,0,0,0,0,0,0,,,52,0,0,0,0,0,0,0,0,0,0,0,0,0,0,0,0,0,0,0,0,0,0,0,0,0,0,,,0
9/1/2026,2025,20260318,22920,31476,ET CRUDE OPERATING LLC,Crude Oil,INTRASTATE,COLORADO,0,0,0,0,91.42,0,0,0,0,0,0,0,0,0,0,0,0,0,0,0,0,0,0,0,0,0,,,91.42,,,,,,,,,,,,,,,,,,,,,,,,,,,,,
9/1/2026,2025,20260318,22920,31476,ET CRUDE OPERATING LLC,Crude Oil,INTRASTATE,LOUISIANA,0,0,0,0,0,0,0,0,0,0,35.22,0,0,0,0,0,0,0,0,0,0,0,0,0,0,0,,,35.22,,,,,,,,,,,,,,,,,,,,,,,,,,,,,
9/1/2026,2025,20260318,22920,31476,ET CRUDE OPERATING LLC,Crude Oil,INTRASTATE,OKLAHOMA,0,0,5.27,0,0,0,0,0,0,0,0,0,0,0,0,0,0,0,0,0,0,0,0,0,0,0,,,5.27,,,,,,,,,,,,,,,,,,,,,,,,,,,,,
9/1/2026,2025,20260320,22922,31476,ET CRUDE OPERATING LLC,HVL,INTRASTATE,LOUISIANA,0,34.66,0,0,0,0,0,0,0,0,0,0,0,0,0,0,0,0,0,0,0,0,0,0,0,0,,,34.66,0,0,0,0,0,0,0,0,0,0,0,0,0,0,0,0,0,0,0,0,0,0,0,0,0,0,,,0
9/1/2026,2025,20260322,22924,31476,ET CRUDE OPERATING LLC,Refined and/or Petroleum Product (non-HVL),INTRASTATE,LOUISIANA,0,0,0,0,36.01,0,0,0,0,0,0,0,0,0,0,0,0,0,0,0,0,0,0,0,0,0,,,36.01,0,0,0,0,0,0,0,0,0,0,0,0,0,0,0,0,0,0,0,0,0,0,0,0,0,0,,,0
9/1/2026,2025,20260637,23379,31506,CONOCOPHILLIPS COMPANY (E&P-L-48),Crude Oil,INTRASTATE,TEXAS,0,0,0,31.946,1.4,0,0,0,0,0,0,0,0,0,0,0,0,0,0,0,0,0,0,0,0,0,,,33.346,0,0,0,0,0,0,0,0,0,0,0,0,0,0,0,0,0,0,0,0,0,0,0,0,0,0,,,0
9/1/2026,2025,20260218,22816,31517,ASCEND PERFORMANCE MATERIALS TEXAS LLC.,HVL,INTRASTATE,TEXAS,0,,0,,0,0,0,0,0,0,0,0,0,0,0,0,0,0,0,0,0,0,0,0,0,0,"-inch diameter: 6.61 miles, -inch diameter: 22.829 miles.",29.439,29.439,0,0,0,0,0,0,0,0,0,0,0,0,0,0,0,0,0,0,0,0,0,0,0,0,0,0,,,0
9/1/2026,2025,20260465,23071,31523,ANDERSON OIL LTD,Crude Oil,INTRASTATE,TEXAS,0.124,0,0,0,0,0,0,0,0,0,0,0,0,0,0,0,0,0,0,0,0,0,0,0,0,0,,,0.124,0,0,0,0,0,0,0,0,0,0,0,0,0,0,0,0,0,0,0,0,0,0,0,0,0,0,,,0
9/1/2026,2025,20260270,22870,31526,DELAWARE STORAGE AND PIPELINE COMPANY,Refined and/or Petroleum Product (non-HVL),INTRASTATE,DELAWARE,0,10.61,0,0,0,0,0,0,0,0,0,0,0,0,0,0,0,0,0,0,0,0,0,0,0,0,,,10.61,0,0,0,0,0,0,0,0,0,0,0,0,0,0,0,0,0,0,0,0,0,0,0,0,0,0,,,0
9/1/2026,2025,20260144,22737,31552,ALPINE TRANSPORTATION CO.,Crude Oil,INTERSTATE,ALASKA,0,0,0,0,0.001,34.633,0,0,0,0,0,0,0,0,0,0,0,0,0,0,0,0,0,0,0,0,,,34.634,,,,,,,,,,,,,,,,,,,,,,,,,,,,,
9/1/2026,2025,20260338,22940,31554,"BOARDWALK PETROCHEMICAL PIPELINE, LLC",HVL,INTERSTATE,LOUISIANA,0,0,1.46,0,0.52,0,160.3,0,0,0,0,0,0,0,0,0,0,0,0,0,0,0,0,0,0,0,,,162.28,,,,,,,,,,,,,,,,,,,,,,,,,,,,,
9/1/2026,2025,20260338,22940,31554,"BOARDWALK PETROCHEMICAL PIPELINE, LLC",HVL,INTERSTATE,TEXAS,0.24,0,0.08,0,0,0,15.52,0,0,0,0,0,0,0,0,0,0,0,0,0,0,0,0,0,0,0,,,15.84,,,,,,,,,,,,,,,,,,,,,,,,,,,,,
9/1/2026,2025,20260392,22998,31555,KINDER MORGAN CO2 CO. LLC,CO2,INTERSTATE,COLORADO,0,0,0,1.108,10.32,0,26.498,0,12.283,0,11.757,0,0,54.995,0,0,0,0,0,0,0,0,0,0,0,0,,,116.961,0,0,0,0,0,0,0,0,0,0,0,0,0,0,0,0,0,0,0,0,0,0,0,0,0,0,,,0
9/1/2026,2025,20260392,22998,31555,KINDER MORGAN CO2 CO. LLC,CO2,INTERSTATE,NEW MEXICO,12.637,44.419,0,1.392,0,0,0,0,0,0,0,0,0,428.317,0,0,0,0,0,0,0,0,0,0,0,0,,,486.765,0,0,0,0,0,0,0,0,0,0,0,0,0,0,0,0,0,0,0,0,0,0,0,0,0,0,,,0
9/1/2026,2025,20260392,22998,31555,KINDER MORGAN CO2 CO. LLC,CO2,INTERSTATE,TEXAS,5.037,60.116,57.51,120.607,38.691,0,277.076,0,24.133,0,19.373,74.385,0,16.579,0,0,0,0,0,0,0,0,0,0,0,0,,,693.507,0,0,0,0,0,0,0,0,0,0,0,0,0,0,0,0,0,0,0,0,0,0,0,0,0,0,,,0
9/1/2026,2025,20260392,22998,31555,KINDER MORGAN CO2 CO. LLC,CO2,INTRASTATE,TEXAS,0,0,0,4.039,0,0,0,0,0,0,0,0,0,0,0,0,0,0,0,0,0,0,0,0,0,0,,,4.039,0,0,0,0,0,0,0,0,0,0,0,0,0,0,0,0,0,0,0,0,0,0,0,0,0,0,,,0
9/1/2026,2025,20260575,23181,31563,"WHITECAP PIPE LINE COMPANY, L.L.C.",Crude Oil,INTERSTATE,OCS-Gulf of America,0,0,0,0,0,0,0,0,0,0,0,0,0,0,0,0,0,0,0,0,0,0,0,0,0,0,,,0,0,0,0,0,0,0,0,43.2,0,0,0,0,0,0,0,0,0,0,0,0,0,0,0,0,0,0,,,43.2
9/1/2026,2025,20260587,23195,31579,"MAGELLAN PIPELINES HOLDINGS, LP",Crude Oil,INTERSTATE,OKLAHOMA,0,0,0,13.37,122.95,0,11.15,0,0,0,0,0,0,0,0,0,0,0,0,0,0,0,0,0,0,0,,,147.47,0,0,0,0,0,0,0,0,0,0,0,0,0,0,0,0,0,0,0,0,0,0,0,0,0,0,,,0
9/1/2026,2025,20260587,23195,31579,"MAGELLAN PIPELINES HOLDINGS, LP",Crude Oil,INTRASTATE,TEXAS,0,0,0,0,5.9,0,0,0,0,0,0,0,0,0,0,0,0,0,0,0,0,0,0,0,0,0,,,5.9,,,,,,,,,,,,,,,,,,,,,,,,,,,,,
9/1/2026,2025,20260588,23196,31579,"MAGELLAN PIPELINES HOLDINGS, LP",Refined and/or Petroleum Product (non-HVL),INTRASTATE,TEXAS,0,11.49,7.51,0,8.43,2.72,0,0,0,0,0,0,0,0,0,0,0,0,0,0,0,0,0,0,0,0,,,30.15,0,0,0,0,0,0,0,0,0,0,0,0,0,0,0,0,0,0,0,0,0,0,0,0,0,0,,,0
9/1/2026,2025,20260591,23390,31580,"MAGELLAN TERMINALS HOLDINGS, LP",Crude Oil,INTERSTATE,OKLAHOMA,0,0,0,0,8.31,0.33,0,0,2.63,0,3.17,0,0,0,0,0,0,0,0,0,0,0,0,0,0,0,,,14.44,,,,,,,,,,,,,,,,,,,,,,,,,,,,,
9/1/2026,2025,20260592,23401,31580,"MAGELLAN TERMINALS HOLDINGS, LP",Refined and/or Petroleum Product (non-HVL),INTRASTATE,TEXAS,0,1.66,0.28,0,0,3.79,0.82,0,1.44,0,0.41,0,0,0,0,0,7.21,0,0,0,0,0,0,0,0,0,,,15.61,,,,,,,,,,,,,,,,,,,,,,,,,,,,,
9/1/2026,2025,20260157,22750,31613,M6 MIDSTREAM LLC,HVL,INTRASTATE,TEXAS,68.09,70.61,19.88,0,0,0,0,0,0,0,0,0,0,0,0,0,0,0,0,0,0,0,0,0,0,0,,,158.58,0,0,0,0,0,0,0,0,0,0,0,0,0,0,0,0,0,0,0,0,0,0,0,0,0,0,,,0
9/1/2026,2025,20260241,22840,31618,ENTERPRISE PRODUCTS OPERATING LLC,Crude Oil,INTERSTATE,TEXAS,0,0,0,0,0,0,1.251,0,0,0,0,0,0,0,0,0,0,0,0,0,0,0,0,0,0,0,,,1.251,,,,,,,,,,,,,,,,,,,,,,,,,,,,,
9/1/2026,2025,20260241,22840,31618,ENTERPRISE PRODUCTS OPERATING LLC,Crude Oil,INTRASTATE,TEXAS,0.146,4.674,51.114,32.406,2.707,377.395,0,0,0,0,0,0,0,5.062,0,0,6.378,0,0,0,0,0,0,0,0,0,,,479.882,0,0,0,0,0,0,0,0,0,0,0,0,0,0,0,0,0,0,0,0,0,0,0,0,0,0,,,0
9/1/2026,2025,20260380,23375,31618,ENTERPRISE PRODUCTS OPERATING LLC,HVL,INTERSTATE,ALABAMA,0,0,0,0,18.535,0,0,0,0,0,0,0,0,0,0,0,0,0,0,0,0,0,0,0,0,0,,,18.535,0,0,0,0,0,0,0,0,0,0,0,0,0,0,0,0,0,0,0,0,0,0,0,0,0,0,,,0
9/1/2026,2025,20260380,23375,31618,ENTERPRISE PRODUCTS OPERATING LLC,HVL,INTERSTATE,ARKANSAS,0,0.533,0,0,89.199,18.221,272.179,0,296.441,0,0,0,0,0,0,0,0,0,0,0,0,0,0,0,0,0,,,676.573,0,0,0,0,0,0,0,0,0,0,0,0,0,0,0,0,0,0,0,0,0,0,0,0,0,0,,,0
9/1/2026,2025,20260380,23375,31618,ENTERPRISE PRODUCTS OPERATING LLC,HVL,INTERSTATE,COLORADO,9.366,0,13.958,52.594,83.466,0,417.833,0,0,0,0,0,0,0,0,0,0,0,0,0,0,0,0,0,0,0,,,577.217,0,0,0,0,0,0,0,0,0,0,0,0,0,0,0,0,0,0,0,0,0,0,0,0,0,0,,,0
9/1/2026,2025,20260380,23375,31618,ENTERPRISE PRODUCTS OPERATING LLC,HVL,INTERSTATE,ILLINOIS,0.049,166.844,245.928,116.186,0,47.965,111.771,0,109.059,0,0,0,0,0,0,0,0,0,0,0,0,0,0,0,0,0,,,797.802,0,0,0,0,0,0,0,0,0,0,0,0,0,0,0,0,0,0,0,0,0,0,0,0,0,0,,,0
9/1/2026,2025,20260380,23375,31618,ENTERPRISE PRODUCTS OPERATING LLC,HVL,INTERSTATE,INDIANA,0,0.577,0,0,0,190.174,133.801,0,257.031,0,0,0,0,0,0,0,0,0,0,0,0,0,0,0,0,0,,,581.583,0,0,0,0,0,0,0,0,0,0,0,0,0,0,0,0,0,0,0,0,0,0,0,0,0,0,,,0
9/1/2026,2025,20260380,23375,31618,ENTERPRISE PRODUCTS OPERATING LLC,HVL,INTERSTATE,IOWA,0.336,178.165,426.329,143.409,0,0,0,0,0,0,0,0,0,0,0,0,0,0,0,0,0,0,0,0,0,0,,,748.239,0,0,0,0,0,0,0,0,0,0,0,0,0,0,0,0,0,0,0,0,0,0,0,0,0,0,,,0
9/1/2026,2025,20260380,23375,31618,ENTERPRISE PRODUCTS OPERATING LLC,HVL,INTERSTATE,KANSAS,6.07,254.745,589.373,578.698,167.371,0,0,0,0,0,0,0,0,0,0,0,0,0,0,0,0,0,0,0,0,0,,,1596.257,0,0,0,0,0,0,0,0,0,0,0,0,0,0,0,0,0,0,0,0,0,0,0,0,0,0,,,0
9/1/2026,2025,20260380,23375,31618,ENTERPRISE PRODUCTS OPERATING LLC,HVL,INTERSTATE,KENTUCKY,0,0,9.803,0,0,0,0,0,0,0,0,0,0,0,0,0,0,0,0,0,0,0,0,0,0,0,,,9.803,0,0,0,0,0,0,0,0,0,0,0,0,0,0,0,0,0,0,0,0,0,0,0,0,0,0,,,0
9/1/2026,2025,20260380,23375,31618,ENTERPRISE PRODUCTS OPERATING LLC,HVL,INTERSTATE,LOUISIANA,0,29.942,16.357,195.766,243.041,139.894,29.035,0,329.802,0,0,0,0,0,0,0,0,0,0,0,0,0,0,0,0,0,,,983.837,0,0,0,0,0,0,0,0,0,0,0,0,0,0,0,0,0,0,0,0,0,0,0,0,0,0,,,0
9/1/2026,2025,20260380,23375,31618,ENTERPRISE PRODUCTS OPERATING LLC,HVL,INTERSTATE,MINNESOTA,1.935,0.148,210.833,0,0,0,0,0,0,0,0,0,0,0,0,0,0,0,0,0,0,0,0,0,0,0,,,212.916,0,0,0,0,0,0,0,0,0,0,0,0,0,0,0,0,0,0,0,0,0,0,0,0,0,0,,,0
9/1/2026,2025,20260380,23375,31618,ENTERPRISE PRODUCTS OPERATING LLC,HVL,INTERSTATE,MISSISSIPPI,0.158,1.083,2.364,0,76.079,0,13.566,0,0,0,0,0,0,0,0,0,0,0,0,0,0,0,0,0,0,0,,,93.25,0,0,0,0,0,0,0,0,0,0,0,0,0,0,0,0,0,0,0,0,0,0,0,0,0,0,,,0
9/1/2026,2025,20260380,23375,31618,ENTERPRISE PRODUCTS OPERATING LLC,HVL,INTERSTATE,MISSOURI,0.144,0,215.816,182.04,0,0,69.468,0,69.917,0,0,0,0,0,0,0,0,0,0,0,0,0,0,0,0,0,,,537.385,0,0,0,0,0,0,0,0,0,0,0,0,0,0,0,0,0,0,0,0,0,0,0,0,0,0,,,0
9/1/2026,2025,20260380,23375,31618,ENTERPRISE PRODUCTS OPERATING LLC,HVL,INTERSTATE,NEBRASKA,0,0,290.556,0,0,0,0,0,0,0,0,0,0,0,0,0,0,0,0,0,0,0,0,0,0,0,,,290.556,0,0,0,0,0,0,0,0,0,0,0,0,0,0,0,0,0,0,0,0,0,0,0,0,0,0,,,0
9/1/2026,2025,20260380,23375,31618,ENTERPRISE PRODUCTS OPERATING LLC,HVL,INTERSTATE,NEW MEXICO,24.798,70.518,85.644,191.301,244.39,0,360.768,0,18.3,0,0,0,0,0,0,0,0,0,0,0,0,0,0,0,0,0,,,995.719,0,0,0,0,0,0,0,0,0,0,0,0,0,0,0,0,0,0,0,0,0,0,0,0,0,0,,,0
9/1/2026,2025,20260380,23375,31618,ENTERPRISE PRODUCTS OPERATING LLC,HVL,INTERSTATE,NEW YORK,0.064,0,197.84,0,0,0,0,0,0,0,0,0,0,0,0,0,0,0,0,0,0,0,0,0,0,0,,,197.904,0,0,0,0,0,0,0,0,0,0,0,0,0,0,0,0,0,0,0,0,0,0,0,0,0,0,,,0
9/1/2026,2025,20260380,23375,31618,ENTERPRISE PRODUCTS OPERATING LLC,HVL,INTERSTATE,OHIO,2.559,8.961,226.998,105.988,0,0,0,0,297.386,0,0,0,0,0,0,0,0,0,0,0,0,0,0,0,0,0,,,641.892,0,0,0,0,0,0,0,0,0,0,0,0,0,0,0,0,0,0,0,0,0,0,0,0,0,0,,,0
9/1/2026,2025,20260380,23375,31618,ENTERPRISE PRODUCTS OPERATING LLC,HVL,INTERSTATE,OKLAHOMA,63.828,43.999,77.597,124.499,53.983,0,39.99,0,0,0,0,0,0,0,0,0,0,0,0,0,0,0,0,0,0,0,,,403.896,0,0,0,0,0,0,0,0,0,0,0,0,0,0,0,0,0,0,0,0,0,0,0,0,0,0,,,0
9/1/2026,2025,20260380,23375,31618,ENTERPRISE PRODUCTS OPERATING LLC,HVL,INTERSTATE,PENNSYLVANIA,0,244.802,296.486,0,0.292,0,0,0,18.569,0,0,0,0,0,0,0,0,0,0,0,0,0,0,0,0,0,,,560.149,0,0,0,0,0,0,0,0,0,0,0,0,0,0,0,0,0,0,0,0,0,0,0,0,0,0,,,0
9/1/2026,2025,20260380,23375,31618,ENTERPRISE PRODUCTS OPERATING LLC,HVL,INTERSTATE,TEXAS,161.897,199.16,1237.013,634.856,757.577,157.482,145.266,0,838.922,0,0,0,0,16.785,0,0,0.027,0,0,0,0,0,0,0,0,0,,,4148.985,0,0,0,0,0,0,0,0,0,0,0,0,0,0,0,0,0,0,0,0,0,0,0,0,0,0,,,0
9/1/2026,2025,20260380,23375,31618,ENTERPRISE PRODUCTS OPERATING LLC,HVL,INTERSTATE,UTAH,3.875,0.309,0.019,85.773,65.86,0,140.935,0,0,0,0,0,0,0,0,0,0,0,0,0,0,0,0,0,0,0,,,296.771,0,0,0,0,0,0,0,0,0,0,0,0,0,0,0,0,0,0,0,0,0,0,0,0,0,0,,,0
9/1/2026,2025,20260380,23375,31618,ENTERPRISE PRODUCTS OPERATING LLC,HVL,INTERSTATE,WEST VIRGINIA,0,7.278,7.673,0,0,0,0,0,7.41,0,0,0,0,0,0,0,0,0,0,0,0,0,0,0,0,0,,,22.361,0,0,0,0,0,0,0,0,0,0,0,0,0,0,0,0,0,0,0,0,0,0,0,0,0,0,,,0
9/1/2026,2025,20260380,23375,31618,ENTERPRISE PRODUCTS OPERATING LLC,HVL,INTERSTATE,WISCONSIN,0.256,70.269,0,0,0,0,0,0,0,0,0,0,0,0,0,0,0,0,0,0,0,0,0,0,0,0,,,70.525,0,0,0,0,0,0,0,0,0,0,0,0,0,0,0,0,0,0,0,0,0,0,0,0,0,0,,,0
9/1/2026,2025,20260380,23375,31618,ENTERPRISE PRODUCTS OPERATING LLC,HVL,INTERSTATE,WYOMING,38.538,166.757,83.915,128.868,28.724,0,18.669,0,0,0,0,0,0,0,0,0,0,0,0,0,0,0,0,0,0,0,,,465.471,0,0,0,0,0,0,0,0,0,0,0,0,0,0,0,0,0,0,0,0,0,0,0,0,0,0,,,0
9/1/2026,2025,20260380,23375,31618,ENTERPRISE PRODUCTS OPERATING LLC,HVL,INTRASTATE,LOUISIANA,74.158,384.092,487.599,136.802,78.293,0,0,0,12.009,0,0,0,0,0,0,0,0,0,0,0,0,0,0,0,0,0,5-inch diameter: 12.956 miles.,12.956,1185.909,0,0,0,0,0,0,0,0,0,0,0,0,0,0,0,0,0,0,0,0,0,0,0,0,0,0,,,0
9/1/2026,2025,20260380,23375,31618,ENTERPRISE PRODUCTS OPERATING LLC,HVL,INTRASTATE,TEXAS,401.555,1062.183,1564.131,107.984,461.085,650.935,457.15,32.76,159.237,0,706.476,0,0,629.008,0,0,0,0,0,0,0,0,0,0,0,0,,,6232.504,0,0,0,0,0,0,0,0,0,0,0,0,0,0,0,0,0,0,0,0,0,0,0,0,0,0,,,0
9/1/2026,2025,20260380,23375,31618,ENTERPRISE PRODUCTS OPERATING LLC,HVL,INTRASTATE,WYOMING,3.38,0,0.012,0,0,0,0,0,0,0,0,0,0,0,0,0,0,0,0,0,0,0,0,0,0,0,,,3.392,0,0,0,0,0,0,0,0,0,0,0,0,0,0,0,0,0,0,0,0,0,0,0,0,0,0,,,0
9/1/2026,2025,20260384,23378,31618,ENTERPRISE PRODUCTS OPERATING LLC,Refined and/or Petroleum Product (non-HVL),INTERSTATE,ARKANSAS,0,0,0,35.959,0.971,0,0.732,0,0,0,0,0,0,0,0,0,0,0,0,0,0,0,0,0,0,0,,,37.662,,,,,,,,,,,,,,,,,,,,,,,,,,,,,
9/1/2026,2025,20260384,23378,31618,ENTERPRISE PRODUCTS OPERATING LLC,Refined and/or Petroleum Product (non-HVL),INTERSTATE,COLORADO,0,0,0,148.244,8.008,0,0,0,0,0,0,0,0,0,0,0,0,0,0,0,0,0,0,0,0,0,,,156.252,,,,,,,,,,,,,,,,,,,,,,,,,,,,,
9/1/2026,2025,20260384,23378,31618,ENTERPRISE PRODUCTS OPERATING LLC,Refined and/or Petroleum Product (non-HVL),INTERSTATE,ILLINOIS,0,0,0,0,5.686,12.756,16.083,0,0,0,0,0,0,0,0,0,0,0,0,0,0,0,0,0,0,0,,,34.525,,,,,,,,,,,,,,,,,,,,,,,,,,,,,
9/1/2026,2025,20260384,23378,31618,ENTERPRISE PRODUCTS OPERATING LLC,Refined and/or Petroleum Product (non-HVL),INTERSTATE,INDIANA,0,0,0,0,29.92,0,0,0,0,0,0,0,0,0,0,0,0,0,0,0,0,0,0,0,0,0,,,29.92,,,,,,,,,,,,,,,,,,,,,,,,,,,,,
9/1/2026,2025,20260384,23378,31618,ENTERPRISE PRODUCTS OPERATING LLC,Refined and/or Petroleum Product (non-HVL),INTERSTATE,KANSAS,0,0.557,0,0,0,0,0,0,0,0,0,0,0,0,0,0,0,0,0,0,0,0,0,0,0,0,,,0.557,,,,,,,,,,,,,,,,,,,,,,,,,,,,,
9/1/2026,2025,20260384,23378,31618,ENTERPRISE PRODUCTS OPERATING LLC,Refined and/or Petroleum Product (non-HVL),INTERSTATE,KENTUCKY,0,9.305,0,0,0,0,0,0,0,0,0,0,0,0,0,0,0,0,0,0,0,0,0,0,0,0,,,9.305,,,,,,,,,,,,,,,,,,,,,,,,,,,,,
9/1/2026,2025,20260384,23378,31618,ENTERPRISE PRODUCTS OPERATING LLC,Refined and/or Petroleum Product (non-HVL),INTERSTATE,LOUISIANA,3.507,2.959,43.6,26.267,0,0,0,0,0,0,0,0,0,0,0,0,0,0,0,0,0,0,0,0,0,0,,,76.333,,,,,,,,,,,,,,,,,,,,,,,,,,,,,
9/1/2026,2025,20260384,23378,31618,ENTERPRISE PRODUCTS OPERATING LLC,Refined and/or Petroleum Product (non-HVL),INTERSTATE,NEW MEXICO,17.447,0,0,105.772,328.059,0,0,0,0,0,0,0,0,0,0,0,0,0,0,0,0,0,0,0,0,0,,,451.278,0,0,0,0,0,0,0,0,0,0,0,0,0,0,0,0,0,0,0,0,0,0,0,0,0,0,,,0
9/1/2026,2025,20260384,23378,31618,ENTERPRISE PRODUCTS OPERATING LLC,Refined and/or Petroleum Product (non-HVL),INTERSTATE,OHIO,0,37.974,0,0,0,0,0,0,0,0,0,0,0,0,0,0,0,0,0,0,0,0,0,0,0,0,,,37.974,0,0,0,0,0,0,0,0,0,0,0,0,0,0,0,0,0,0,0,0,0,0,0,0,0,0,,,0
9/1/2026,2025,20260384,23378,31618,ENTERPRISE PRODUCTS OPERATING LLC,Refined and/or Petroleum Product (non-HVL),INTERSTATE,TENNESSEE,0,0,0,0,6.773,0,0,0,0,0,0,0,0,0,0,0,0,0,0,0,0,0,0,0,0,0,,,6.773,,,,,,,,,,,,,,,,,,,,,,,,,,,,,
9/1/2026,2025,20260384,23378,31618,ENTERPRISE PRODUCTS OPERATING LLC,Refined and/or Petroleum Product (non-HVL),INTERSTATE,TEXAS,14.376,0,11.655,0,8.031,3.349,61.031,0,1.83,0,0,0,0,8.34,0,0,2.829,0,0,0,0,0,0,0,0,0,,,111.441,,,,,,,,,,,,,,,,,,,,,,,,,,,,,
9/1/2026,2025,20260384,23378,31618,ENTERPRISE PRODUCTS OPERATING LLC,Refined and/or Petroleum Product (non-HVL),INTERSTATE,UTAH,0,0,0,228.524,0,0,0,0,0,0,0,0,0,0,0,0,0,0,0,0,0,0,0,0,0,0,,,228.524,0,0,0,0,0,0,0,0,0,0,0,0,0,0,0,0,0,0,0,0,0,0,0,0,0,0,,,0
9/1/2026,2025,20260384,23378,31618,ENTERPRISE PRODUCTS OPERATING LLC,Refined and/or Petroleum Product (non-HVL),INTRASTATE,ILLINOIS,0,0,0,0,0.117,0,0,0,0,0,0,0,0,0,0,0,0,0,0,0,0,0,0,0,0,0,,,0.117,0,0,0,0,0,0,0,0,0,0,0,0,0,0,0,0,0,0,0,0,0,0,0,0,0,0,,,0
9/1/2026,2025,20260384,23378,31618,ENTERPRISE PRODUCTS OPERATING LLC,Refined and/or Petroleum Product (non-HVL),INTRASTATE,LOUISIANA,0,0,19.278,62.704,0,0,0,0,0,0,0,0,0,0,0,0,0,0,0,0,0,0,0,0,0,0,,,81.982,0,0,0,0,0,0,0,0,0,0,0,0,0,0,0,0,0,0,0,0,0,0,0,0,0,0,,,0
9/1/2026,2025,20260384,23378,31618,ENTERPRISE PRODUCTS OPERATING LLC,Refined and/or Petroleum Product (non-HVL),INTRASTATE,NEW MEXICO,0,0,334.093,0,0,0,0,0,0,0,0,0,0,0,0,0,0,0,0,0,0,0,0,0,0,0,,,334.093,0,0,0,0,0,0,0,0,0,0,0,0,0,0,0,0,0,0,0,0,0,0,0,0,0,0,,,0
9/1/2026,2025,20260384,23378,31618,ENTERPRISE PRODUCTS OPERATING LLC,Refined and/or Petroleum Product (non-HVL),INTRASTATE,TEXAS,0.546,29.727,60.495,39.178,45.326,0,37.128,55.246,18.247,0,5.377,0,0,2.572,0,0,0,0,0,0,0,0,0,0,0,0,,,293.842,0,0,0,0,0,0,0,0,0,0,0,0,0,0,0,0,0,0,0,0,0,0,0,0,0,0,,,0
9/1/2026,2025,20260682,23293,31627,"DENBURY ONSHORE, LLC",CO2,INTERSTATE,LOUISIANA,0.05,0,5.87,0,0,0,0,0,68.35,0,0,0,0,0,0,0,0,0,0,0,0,0,0,0,0,0,,,74.27,,,,,,,,,,,,,,,,,,,,,,,,,,,,,
9/1/2026,2025,20260682,23293,31627,"DENBURY ONSHORE, LLC",CO2,INTERSTATE,MISSISSIPPI,4.32,4.28,43.94,13.94,5.62,0,0,0,166.98,0,10.28,0,0,0,0,0,0,0,0,0,0,0,0,0,0,0,,,249.36,0,0,0,0,0,0,0,0,0,0,0,0,0,0,0,0,0,0,0,0,0,0,0,0,0,0,,,0
9/1/2026,2025,20260682,23293,31627,"DENBURY ONSHORE, LLC",CO2,INTRASTATE,MISSISSIPPI,0,0,4.53,0,0,0,4.38,0,86.09,0,0,0,0,0,0,0,0,0,0,0,0,0,0,0,0,0,,,95,0,0,0,0,0,0,0,0,0,0,0,0,0,0,0,0,0,0,0,0,0,0,0,0,0,0,,,0
9/1/2026,2025,20260682,23293,31627,"DENBURY ONSHORE, LLC",CO2,INTRASTATE,WYOMING,0,0,46.66,0,0,0,0,0,0,0,0,0,0,0,0,0,0,0,0,0,0,0,0,0,0,0,,,46.66,0,0,0,0,0,0,0,0,0,0,0,0,0,0,0,0,0,0,0,0,0,0,0,0,0,0,,,0
9/1/2026,2025,20260509,23115,31663,NAVAJO NATION OIL AND GAS COMPANY,Crude Oil,INTERSTATE,COLORADO,0,0,0,0,0,0,12.09,0,0,0,0,0,0,0,0,0,0,0,0,0,0,0,0,0,0,0,,,12.09,0,0,0,0,0,0,0,0,0,0,0,0,0,0,0,0,0,0,0,0,0,0,0,0,0,0,,,0
9/1/2026,2025,20260509,23115,31663,NAVAJO NATION OIL AND GAS COMPANY,Crude Oil,INTERSTATE,NEW MEXICO,0,0,0,0,0,0,58.28,0,0,0,0,0,0,0,0,0,0,0,0,0,0,0,0,0,0,0,,,58.28,0,0,0,0,0,0,0,0,0,0,0,0,0,0,0,0,0,0,0,0,0,0,0,0,0,0,,,0
9/1/2026,2025,20260509,23115,31663,NAVAJO NATION OIL AND GAS COMPANY,Crude Oil,INTERSTATE,UTAH,0,0,0,0,0,0,17.34,0,0,0,0,0,0,0,0,0,0,0,0,0,0,0,0,0,0,0,,,17.34,0,0,0,0,0,0,0,0,0,0,0,0,0,0,0,0,0,0,0,0,0,0,0,0,0,0,,,0
9/1/2026,2025,20260447,23053,31684,PHILLIPS 66 PIPELINE LLC,Crude Oil,INTERSTATE,ILLINOIS,0,0,0,2.2,0,0,0,0,0.63,0,0,0,0,0,0,0,0,0,0,0,0,0,0,0,0,0,,,2.83,0,0,0,0,0,0,0,0,0,0,0,0,0,0,0,0,0,0,0,0,0,0,0,0,0,0,,,0
9/1/2026,2025,20260447,23053,31684,PHILLIPS 66 PIPELINE LLC,Crude Oil,INTERSTATE,LOUISIANA,0,0,0,0,0.63,0,0,0,10.15,0,0.65,0,0,0,0,0,0,0,0,0,0,0,0,0,0,0,,,11.43,0,0,0,0,0,0,0,0,0,0,0,0,0,0,0,0,0,0,0,0,0,0,0,0,0,0,,,0
9/1/2026,2025,20260447,23053,31684,PHILLIPS 66 PIPELINE LLC,Crude Oil,INTERSTATE,MONTANA,0,0,308.47,56.95,383.42,0,0,0,0,0,0,0,0,0,0,0,0,0,0,0,0,0,0,0,0,0,,,748.84,0,0,0,0,0,0,0,0,0,0,0,0,0,0,0,0,0,0,0,0,0,0,0,0,0,0,,,0
9/1/2026,2025,20260447,23053,31684,PHILLIPS 66 PIPELINE LLC,Crude Oil,INTERSTATE,NEW MEXICO,3.45,19.83,9.1,0,0,0,0,0,0,0,0,0,0,0,0,0,0,0,0,0,0,0,0,0,0,0,,,32.38,0,0,0,0,0,0,0,0,0,0,0,0,0,0,0,0,0,0,0,0,0,0,0,0,0,0,,,0
9/1/2026,2025,20260447,23053,31684,PHILLIPS 66 PIPELINE LLC,Crude Oil,INTERSTATE,OKLAHOMA,0,0,0,192.93,198.49,0.04,0,60.97,0,0.52,0.29,0,0,0.14,0,0,0,0,0,0,0,0,0,0,0,0,,,453.38,0,0,0,0,0,0,0,0,0,0,0,0,0,0,0,0,0,0,0,0,0,0,0,0,0,0,,,0
9/1/2026,2025,20260447,23053,31684,PHILLIPS 66 PIPELINE LLC,Crude Oil,INTERSTATE,TEXAS,0,0,223.11,85.9,275.46,47.11,0,0,0,0,0,0,0,0,0,0,0,0,0,0,0,0,0,0,0,0,,,631.58,0,0,0,0,0,0,0,0,0,0,0,0,0,0,0,0,0,0,0,0,0,0,0,0,0,0,,,0
9/1/2026,2025,20260447,23053,31684,PHILLIPS 66 PIPELINE LLC,Crude Oil,INTRASTATE,CALIFORNIA,0.34,8.26,91.69,24.8,103.5,0,183.72,0,0,0,0,0,0,0.01,0,0,0,0,0,6.81,0,0,0,0,0,0,,,419.13,,,,,,,,,,,,,,,,,,,,,,,,,,,,,
9/1/2026,2025,20260447,23053,31684,PHILLIPS 66 PIPELINE LLC,Crude Oil,INTRASTATE,LOUISIANA,12.05,21.67,45.73,0,0,0,0,0,0,0,0,0,0,0,0,0,0,0,0,0,0,0,0,0,0,0,,,79.45,,,,,,,,,,,,,,,,,,,,,,,,,,,,,
9/1/2026,2025,20260447,23053,31684,PHILLIPS 66 PIPELINE LLC,Crude Oil,INTRASTATE,MONTANA,0,0,0,0,0,0,0,0,0,0,0,0,0,0,0,0,0,0,0,0,0,0,0,0,0,0,,,0,,,,,,,,,,,,,,,,,,,,,,,,,,,,,
9/1/2026,2025,20260447,23053,31684,PHILLIPS 66 PIPELINE LLC,Crude Oil,INTRASTATE,OKLAHOMA,0,0,0,1.64,0,0,0,0,0,0,0,0,0,0,0,0,0,0,0,0,0,0,0,0,0,0,,,1.64,,,,,,,,,,,,,,,,,,,,,,,,,,,,,
9/1/2026,2025,20260447,23053,31684,PHILLIPS 66 PIPELINE LLC,Crude Oil,INTRASTATE,TEXAS,12.13,22.36,16.42,11.22,0.1,0,4.05,0,0,0,27.95,0,0,0,0,0,0,0,0,0,0,0,0,0,0,0,,,94.23,,,,,,,,,,,,,,,,,,,,,,,,,,,,,
9/1/2026,2025,20260444,23050,31684,PHILLIPS 66 PIPELINE LLC,HVL,INTERSTATE,COLORADO,2.66,93.75,15.47,0,0,0,0,0,0,0,0,0,0,0,0,0,0,0,0,0,0,0,0,0,0,0,,,111.88,0,0,0,0,0,0,0,0,0,0,0,0,0,0,0,0,0,0,0,0,0,0,0,0,0,0,,,0
9/1/2026,2025,20260444,23050,31684,PHILLIPS 66 PIPELINE LLC,HVL,INTERSTATE,ILLINOIS,0,0,5,5.95,0,0,0,0,0,0,0,0,0,0,0,0,0,0,0,0,0,0,0,0,0,0,,,10.95,0,0,0,0,0,0,0,0,0,0,0,0,0,0,0,0,0,0,0,0,0,0,0,0,0,0,,,0
9/1/2026,2025,20260444,23050,31684,PHILLIPS 66 PIPELINE LLC,HVL,INTERSTATE,KANSAS,0,0,15.39,103.49,316.04,0,0,0,0,0,0,0,0,0,0,0,0,0,0,0,0,0,0,0,0,0,7-inch diameter: 2.08 miles.,2.08,437,0,0,0,0,0,0,0,0,0,0,0,0,0,0,0,0,0,0,0,0,0,0,0,0,0,0,,,0
9/1/2026,2025,20260444,23050,31684,PHILLIPS 66 PIPELINE LLC,HVL,INTERSTATE,LOUISIANA,0,30.88,0.66,0,0,0,0,0,0,0,0,0,0,0,0,0,0,0,0,0,0,0,0,0,0,0,,,31.54,0,0,0,0,0,0,0,0,0,0,0,0,0,0,0,0,0,0,0,0,0,0,0,0,0,0,,,0
9/1/2026,2025,20260444,23050,31684,PHILLIPS 66 PIPELINE LLC,HVL,INTERSTATE,MISSOURI,0,0,0.01,245.57,0,0,0,0,0,0,0,0,0,0,0,0,0,0,0,0,0,0,0,0,0,0,,,245.58,0,0,0,0,0,0,0,0,0,0,0,0,0,0,0,0,0,0,0,0,0,0,0,0,0,0,,,0
9/1/2026,2025,20260444,23050,31684,PHILLIPS 66 PIPELINE LLC,HVL,INTERSTATE,NEW MEXICO,66.27,26.31,22.76,0,20.99,0,0,0,0,0,0,0,0,0,0,0,0,0,0,0,0,0,0,0,0,0,,,136.33,0,0,0,0,0,0,0,0,0,0,0,0,0,0,0,0,0,0,0,0,0,0,0,0,0,0,,,0
9/1/2026,2025,20260444,23050,31684,PHILLIPS 66 PIPELINE LLC,HVL,INTERSTATE,OKLAHOMA,17.2,42.61,67.89,16.98,109.47,0,0,0,0,0,0,0,0,0,0,0,0,0,0,0,0,0,0,0,0,0,,,254.15,0,0,0,0,0,0,0,0,0,0,0,0,0,0,0,0,0,0,0,0,0,0,0,0,0,0,,,0
9/1/2026,2025,20260444,23050,31684,PHILLIPS 66 PIPELINE LLC,HVL,INTERSTATE,TEXAS,0.36,56.17,100.21,503.51,138.02,0,234.56,115.32,36.24,0,0,0,0,0,0,0,0,0,0,0,0,0,0,0,0,0,,,1184.39,0,0,0,0,0,0,0,0,0,0,0,0,0,0,0,0,0,0,0,0,0,0,0,0,0,0,,,0
9/1/2026,2025,20260444,23050,31684,PHILLIPS 66 PIPELINE LLC,HVL,INTERSTATE,WYOMING,0,138.58,0,0,0,0,0,0,0,0,0,0,0,0,0,0,0,0,0,0,0,0,0,0,0,0,,,138.58,0,0,0,0,0,0,0,0,0,0,0,0,0,0,0,0,0,0,0,0,0,0,0,0,0,0,,,0
9/1/2026,2025,20260444,23050,31684,PHILLIPS 66 PIPELINE LLC,HVL,INTRASTATE,LOUISIANA,6.52,234.3,180.18,12.26,0,14.01,18.89,7.11,6.23,0,0,0,0,0,0,0,0,0,0,0,0,0,0,0,0,0,,,479.5,0,0,0,0,0,0,0,0,0,0,0,0,0,0,0,0,0,0,0,0,0,0,0,0,0,0,,,0
9/1/2026,2025,20260444,23050,31684,PHILLIPS 66 PIPELINE LLC,HVL,INTRASTATE,TEXAS,230.57,163.82,269.44,166.99,186.85,0,79.85,0,26.65,0,567.78,0,0,0,0,0,0,0,0,0,0,0,0,0,0,0,,,1691.95,0,0,0,0,0,0,0,0,0,0,0,0,0,0,0,0,0,0,0,0,0,0,0,0,0,0,,,0
9/1/2026,2025,20260446,23052,31684,PHILLIPS 66 PIPELINE LLC,Refined and/or Petroleum Product (non-HVL),INTERSTATE,COLORADO,0,257.85,230.24,0,24.98,0,0,0,0,0,0,0,0,0,0,0,0,0,0,0,0,0,0,0,0,0,,,513.07,0,0,0,0,0,0,0,0,0,0,0,0,0,0,0,0,0,0,0,0,0,0,0,0,0,0,,,0
9/1/2026,2025,20260446,23052,31684,PHILLIPS 66 PIPELINE LLC,Refined and/or Petroleum Product (non-HVL),INTERSTATE,IDAHO,0,0,0,79.61,0,0,0,0,0,0,0,0,0,0,0,0,0,0,0,0,0,0,0,0,0,0,,,79.61,0,0,0,0,0,0,0,0,0,0,0,0,0,0,0,0,0,0,0,0,0,0,0,0,0,0,,,0
9/1/2026,2025,20260446,23052,31684,PHILLIPS 66 PIPELINE LLC,Refined and/or Petroleum Product (non-HVL),INTERSTATE,ILLINOIS,0,0,0.25,8.45,6.48,0,0,0,0,0,0,0,0,0,0,0,0,0,0,0,0,0,0,0,0,0,,,15.18,0,0,0,0,0,0,0,0,0,0,0,0,0,0,0,0,0,0,0,0,0,0,0,0,0,0,,,0
9/1/2026,2025,20260446,23052,31684,PHILLIPS 66 PIPELINE LLC,Refined and/or Petroleum Product (non-HVL),INTERSTATE,KANSAS,13.36,0,107.31,115.02,7.44,0,259.41,64.99,0,0,0,0,0,0,0,0,0,0,0,0,0,0,0,0,0,0,,,567.53,0,0,0,0,0,0,0,0,0,0,0,0,0,0,0,0,0,0,0,0,0,0,0,0,0,0,,,0
9/1/2026,2025,20260446,23052,31684,PHILLIPS 66 PIPELINE LLC,Refined and/or Petroleum Product (non-HVL),INTERSTATE,LOUISIANA,0,0.48,0,0,0.38,0,9.08,0,0,0,1.26,0,0,0,0,0,0.44,0,0,0,0,0,0,0,0,0,,,11.64,0,0,0,0,0,0,0,0,0,0,0,0,0,0,0,0,0,0,0,0,0,0,0,0,0,0,,,0
9/1/2026,2025,20260446,23052,31684,PHILLIPS 66 PIPELINE LLC,Refined and/or Petroleum Product (non-HVL),INTERSTATE,MISSOURI,0,0,0,233.93,61.12,0,0,0,0,0,0,0,0,0,0,0,0,0,0,0,0,0,0,0,0,0,,,295.05,0,0,0,0,0,0,0,0,0,0,0,0,0,0,0,0,0,0,0,0,0,0,0,0,0,0,,,0
9/1/2026,2025,20260446,23052,31684,PHILLIPS 66 PIPELINE LLC,Refined and/or Petroleum Product (non-HVL),INTERSTATE,MONTANA,19.79,82.22,83.09,388.78,2.86,0,0,0,0,0,0,0,0,0,0,0,0,0,0,0,0,0,0,0,0,0,,,576.74,0,0,0,0,0,0,0,0,0,0,0,0,0,0,0,0,0,0,0,0,0,0,0,0,0,0,,,0
9/1/2026,2025,20260446,23052,31684,PHILLIPS 66 PIPELINE LLC,Refined and/or Petroleum Product (non-HVL),INTERSTATE,NEW JERSEY,0,0,0,0,2.03,0,0,0,0,0,0,0,0,0,0,0,0,0,0,0,0,0,0,0,0,0,,,2.03,0,0,0,0,0,0,0,0,0,0,0,0,0,0,0,0,0,0,0,0,0,0,0,0,0,0,,,0
9/1/2026,2025,20260446,23052,31684,PHILLIPS 66 PIPELINE LLC,Refined and/or Petroleum Product (non-HVL),INTERSTATE,OKLAHOMA,19.03,39.7,201.64,176.26,141.96,0,71.04,26.46,0,0,0,0,0,0,0,0,0,0,0,0,0,0,0,0,0,0,,,676.09,0,0,0,0,0,0,0,0,0,0,0,0,0,0,0,0,0,0,0,0,0,0,0,0,0,0,,,0
9/1/2026,2025,20260446,23052,31684,PHILLIPS 66 PIPELINE LLC,Refined and/or Petroleum Product (non-HVL),INTERSTATE,TEXAS,0,75.71,115.08,46.79,114.98,0,88.57,62.25,16.44,0,0.01,0,0,0,0,0,0,0,0,0,0,0,0,0,0,0,,,519.83,0,0,0,0,0,0,0,0,0,0,0,0,0,0,0,0,0,0,0,0,0,0,0,0,0,0,,,0
9/1/2026,2025,20260446,23052,31684,PHILLIPS 66 PIPELINE LLC,Refined and/or Petroleum Product (non-HVL),INTERSTATE,UTAH,0,2.56,74.16,5.12,32.23,0,0,0,0,0,0,0,0,0,0,0,0,0,0,0,0,0,0,0,0,0,,,114.07,0,0,0,0,0,0,0,0,0,0,0,0,0,0,0,0,0,0,0,0,0,0,0,0,0,0,,,0
9/1/2026,2025,20260446,23052,31684,PHILLIPS 66 PIPELINE LLC,Refined and/or Petroleum Product (non-HVL),INTERSTATE,WASHINGTON,2,84.51,27.35,18.88,0,0,0,0,0,0,0,0,0,0,0,0,0,0,0,0,0,0,0,0,0,0,,,132.74,0,0,0,0,0,0,0,0,0,0,0,0,0,0,0,0,0,0,0,0,0,0,0,0,0,0,,,0
9/1/2026,2025,20260446,23052,31684,PHILLIPS 66 PIPELINE LLC,Refined and/or Petroleum Product (non-HVL),INTERSTATE,WYOMING,0.98,0.36,475.57,0,230.58,0,0,0,0,0,0,0,0,0,0,0,0,0,0,0,0,0,0,0,0,0,,,707.49,0,0,0,0,0,0,0,0,0,0,0,0,0,0,0,0,0,0,0,0,0,0,0,0,0,0,,,0
9/1/2026,2025,20260446,23052,31684,PHILLIPS 66 PIPELINE LLC,Refined and/or Petroleum Product (non-HVL),INTRASTATE,CALIFORNIA,0,28.02,170.47,12.79,48.55,0,0,0,9.08,0,0,0,0,0,0,0,0,0,0,0,0,0,0,0,0,0,,,268.91,0,0,0,0,0,0,0,0,0,0,0,0,0,0,0,0,0,0,0,0,0,0,0,0,0,0,,,0
9/1/2026,2025,20260446,23052,31684,PHILLIPS 66 PIPELINE LLC,Refined and/or Petroleum Product (non-HVL),INTRASTATE,LOUISIANA,4.88,12.8,0,0,0,0,0,0,0,0,0,0,0,0,0,0,0,0,0,0,0,0,0,0,0,0,,,17.68,0,0,0,0,0,0,0,0,0,0,0,0,0,0,0,0,0,0,0,0,0,0,0,0,0,0,,,0
9/1/2026,2025,20260446,23052,31684,PHILLIPS 66 PIPELINE LLC,Refined and/or Petroleum Product (non-HVL),INTRASTATE,TEXAS,36.19,64.74,33.31,0,37.07,0,0,0,0,0,0,0,0,0,0,0,0,0,0,0,0,0,0,0,0,0,15-inch diameter: 0.42 miles.,0.42,171.73,0,0,0,0,0,0,0,0,0,0,0,0,0,0,0,0,0,0,0,0,0,0,0,0,0,0,,,0
9/1/2026,2025,20260247,22846,31687,"HILL-LAKE GAS STORAGE, LLC",HVL,INTRASTATE,TEXAS,1.91,0,0,0,0,0,0,0,0,0,0,0,0,0,0,0,0,0,0,0,0,0,0,0,0,0,,,1.91,0,0,0,0,0,0,0,0,0,0,0,0,0,0,0,0,0,0,0,0,0,0,0,0,0,0,,,0
9/1/2026,2025,20260203,22801,31703,"WILLIAMS MLP OPERATING, LLC",HVL,INTRASTATE,WEST VIRGINIA,5.635,0,0,0,0,0,0,0,0,0,0,0,0,0,0,0,0,0,0,0,0,0,0,0,0,0,,,5.635,0,0,0,0,0,0,0,0,0,0,0,0,0,0,0,0,0,0,0,0,0,0,0,0,0,0,,,0
9/1/2026,2025,20260521,23127,31719,HILAND PARTNERS HOLDINGS LLC,HVL,INTRASTATE,MONTANA,8.847,0,0,0,0,0,0,0,0,0,0,0,0,0,0,0,0,0,0,0,0,0,0,0,0,0,,,8.847,0,0,0,0,0,0,0,0,0,0,0,0,0,0,0,0,0,0,0,0,0,0,0,0,0,0,,,0
9/1/2026,2025,20260521,23127,31719,HILAND PARTNERS HOLDINGS LLC,HVL,INTRASTATE,NORTH DAKOTA,0,0,12.951,0,0,0,0,0,0,0,0,0,0,0,0,0,0,0,0,0,0,0,0,0,0,0,,,12.951,0,0,0,0,0,0,0,0,0,0,0,0,0,0,0,0,0,0,0,0,0,0,0,0,0,0,,,0
9/1/2026,2025,20260613,23221,31720,"EXPRESS HOLDINGS (USA), LLC",Crude Oil,INTERSTATE,ILLINOIS,0,0,0,0,0,0,0,0,4.276,0,0,0,0,0,0,0,0,0,0,0,0,0,0,0,0,0,,,4.276,,,,,,,,,,,,,,,,,,,,,,,,,,,,,
9/1/2026,2025,20260613,23221,31720,"EXPRESS HOLDINGS (USA), LLC",Crude Oil,INTERSTATE,KANSAS,0,0,0,0,0,0,0,0,98.586,0,0,0,0,0,0,0,0,0,0,0,0,0,0,0,0,0,,,98.586,,,,,,,,,,,,,,,,,,,,,,,,,,,,,
9/1/2026,2025,20260613,23221,31720,"EXPRESS HOLDINGS (USA), LLC",Crude Oil,INTERSTATE,MISSOURI,0,0,0,0,0,0,0,0,271.676,0,0,0,0,0,0,0,0,0,0,0,0,0,0,0,0,0,,,271.676,,,,,,,,,,,,,,,,,,,,,,,,,,,,,
9/1/2026,2025,20260613,23221,31720,"EXPRESS HOLDINGS (USA), LLC",Crude Oil,INTERSTATE,MONTANA,0,0,0,0,0,0,0,0,0,0,304.134,0,0,0,0,0,0,0,0,0,0,0,0,0,0,0,,,304.134,,,,,,,,,,,,,,,,,,,,,,,,,,,,,
9/1/2026,2025,20260613,23221,31720,"EXPRESS HOLDINGS (USA), LLC",Crude Oil,INTERSTATE,NEBRASKA,0,0,0,0,0,0,0,0,409.281,0,0,0,0,0,0,0,0,0,0,0,0,0,0,0,0,0,,,409.281,,,,,,,,,,,,,,,,,,,,,,,,,,,,,
9/1/2026,2025,20260613,23221,31720,"EXPRESS HOLDINGS (USA), LLC",Crude Oil,INTERSTATE,WYOMING,0,0,0,0,0,0,3.057,0,151.608,0,209.862,0,0,0,0,0,0,0,0,0,0,0,0,0,0,0,,,364.527,0,0,0,0,0,0,0,0,0,0,0,0,0,0,0,0,0,0,0,0,0,0,0,0,0,0,,,0
9/1/2026,2025,20260704,23318,31721,PIPELINE TECHNOLOGY,HVL,INTRASTATE,LOUISIANA,6.3,0,0,0,0,0,0,0,0,0,0,0,0,0,0,0,0,0,0,0,0,0,0,0,0,0,,,6.3,0,0,0,0,0,0,0,0,0,0,0,0,0,0,0,0,0,0,0,0,0,0,0,0,0,0,,,0
9/1/2026,2025,20260705,23319,31721,PIPELINE TECHNOLOGY,Refined and/or Petroleum Product (non-HVL),INTRASTATE,LOUISIANA,0,0,22,0,0,0,0,0,0,0,0,0,0,0,0,0,0,0,0,0,0,0,0,0,0,0,,,22,0,0,0,0,0,0,0,0,0,0,0,0,0,0,0,0,0,0,0,0,0,0,0,0,0,0,,,0
9/1/2026,2025,20260574,23180,31723,EXXON MOBIL CORPORATION,Crude Oil,INTERSTATE,LOUISIANA,0,0,0,0.093,0.318,0,0.002,0,0.015,0,0,0,0,0,0,0,0,0,0,0,0,0,0,0,0,0,,,0.428,,,,,,,,,,,,,,,,,,,,,,,,,,,,,
9/1/2026,2025,20260574,23180,31723,EXXON MOBIL CORPORATION,Crude Oil,INTRASTATE,LOUISIANA,0,0,0,0,3.918,0,2.458,0.9,0,0,3.22,0,0,0,0,0,0,0,0,0,0,0,0,0,0,0,,,10.496,0,0,0,0,0,0,0,0,0,0,0,0,0,0,0,0,0,0,0,0,0,0,0,0,0,0,,,0
9/1/2026,2025,20260576,23182,31723,EXXON MOBIL CORPORATION,Refined and/or Petroleum Product (non-HVL),INTRASTATE,LOUISIANA,0,0,0,11.363,11.363,0,0.687,0,0,0,0,0,0,0,0,0,0,0,0,0,0,0,0,0,0,0,,,23.413,0,0,0,0,0,0,0,0,0,0,0,0,0,0,0,0,0,0,0,0,0,0,0,0,0,0,,,0
9/1/2026,2025,20260108,22772,31755,"NOBLE ENERGY, INC. RBU",Crude Oil,INTRASTATE,COLORADO,0,0,0,19.05,24.87,0,0,0,0,0,0,0,0,0,0,0,0,0,0,0,0,0,0,0,0,0,,,43.92,0,0,0,0,0,0,0,0,0,0,0,0,0,0,0,0,0,0,0,0,0,0,0,0,0,0,,,0
9/1/2026,2025,20260109,22773,31755,"NOBLE ENERGY, INC. RBU",HVL,INTRASTATE,COLORADO,8.25,0.19,0,0,0,0,0,0,0,0,0,0,0,0,0,0,0,0,0,0,0,0,0,0,0,0,,,8.44,0,0,0,0,0,0,0,0,0,0,0,0,0,0,0,0,0,0,0,0,0,0,0,0,0,0,,,0
9/1/2026,2025,20260047,22618,31779,SWISSPORT FUELING INC,Refined and/or Petroleum Product (non-HVL),INTRASTATE,ARIZONA,0,0,0,12.02,0,0,0,0,0,0,0.26,0,0,0,0,0,0,0,0,0,0,0,0,0,0,0,,,12.28,,,,,,,,,,,,,,,,,,,,,,,,,,,,,
9/1/2026,2025,20260466,23072,31801,TANDEM ENERGY CORPORATION,Crude Oil,INTRASTATE,TEXAS,3.689,0,0,0,0,0,0,0,0,0,0,0,0,0,0,0,0,0,0,0,0,0,0,0,0,0,,,3.689,0,0,0,0,0,0,0,0,0,0,0,0,0,0,0,0,0,0,0,0,0,0,0,0,0,0,,,0
9/1/2026,2025,20260248,22847,31816,"MID-CONTINENT FRACTIONATION AND STORAGE, L.L.C.",HVL,INTRASTATE,KANSAS,4.514,5.967,9.187,28.084,0.098,0,14.083,0,0,0,0,0,0,0,0,0,0,0,0,0,0,0,0,0,0,0,,,61.933,0,0,0,0,0,0,0,0,0,0,0,0,0,0,0,0,0,0,0,0,0,0,0,0,0,0,,,0
9/1/2026,2025,20260706,23321,31816,"MID-CONTINENT FRACTIONATION AND STORAGE, L.L.C.",Refined and/or Petroleum Product (non-HVL),INTRASTATE,KANSAS,0.411,1.401,0.062,1.359,0,0,0,0,0,0,0,0,0,0,0,0,0,0,0,0,0,0,0,0,0,0,,,3.233,0,0,0,0,0,0,0,0,0,0,0,0,0,0,0,0,0,0,0,0,0,0,0,0,0,0,,,0
9/1/2026,2025,20260626,23234,31822,SUNCOR ENERGY (USA) PIPELINE CO.,Crude Oil,INTERSTATE,COLORADO,0,0,0,60.3,0,0,94.7,0,0,0,0,0,0,0,0,0,0,0,0,0,0,0,0,0,0,0,,,155,,,,,,,,,,,,,,,,,,,,,,,,,,,,,
9/1/2026,2025,20260626,23234,31822,SUNCOR ENERGY (USA) PIPELINE CO.,Crude Oil,INTERSTATE,WYOMING,0,0,0,8.97,0,0,8.8,0,0,0,0,0,0,0,0,0,0,0,0,0,0,0,0,0,0,0,,,17.77,,,,,,,,,,,,,,,,,,,,,,,,,,,,,
9/1/2026,2025,20260626,23234,31822,SUNCOR ENERGY (USA) PIPELINE CO.,Crude Oil,INTRASTATE,COLORADO,0,0,0,25.7,0.18,0,0,0,0,0,0,0,0,0,0,0,0,0,0,0,0,0,0,0,0,0,,,25.88,0,0,0,0,0,0,0,0,0,0,0,0,0,0,0,0,0,0,0,0,0,0,0,0,0,0,,,0
9/1/2026,2025,20260626,23234,31822,SUNCOR ENERGY (USA) PIPELINE CO.,Crude Oil,INTRASTATE,WYOMING,0,0,108,24,87,0,0,0,0,0,0,0,0,0,0,0,0,0,0,0,0,0,0,0,0,0,,,219,,,,,,,,,,,,,,,,,,,,,,,,,,,,,
9/1/2026,2025,20260628,23236,31822,SUNCOR ENERGY (USA) PIPELINE CO.,Refined and/or Petroleum Product (non-HVL),INTRASTATE,COLORADO,3.96,0,0.21,0,0,0,0,0,0,0,0,0,0,0,0,0,0,0,0,0,0,0,0,0,0,0,,,4.17,0,0,0,0,0,0,0,0,0,0,0,0,0,0,0,0,0,0,0,0,0,0,0,0,0,0,,,0
9/1/2026,2025,20260223,22822,31847,"CALUMET COTTON VALLEY REFINING, LLC.",Refined and/or Petroleum Product (non-HVL),INTRASTATE,LOUISIANA,6.35,0,0,0,0,0,0,0,0,0,0,0,0,0,0,0,0,0,0,0,0,0,0,0,0,0,,,6.35,0,0,0,0,0,0,0,0,0,0,0,0,0,0,0,0,0,0,0,0,0,0,0,0,0,0,,,0
9/1/2026,2025,20260319,22921,31863,HFOTCO LLC,Crude Oil,INTRASTATE,TEXAS,0,0,0,0,0,0,3.8,0,0.72,0,22.36,0,0,0,0,0,0.98,0,0,0,0,0,0,0,0,0,,,27.86,0,0,0,0,0,0,0,0,0,0,0,0,0,0,0,0,0,0,0,0,0,0,0,0,0,0,,,0
9/1/2026,2025,20260607,23215,31878,BRIDGER PIPELINE LLC,Crude Oil,INTERSTATE,MONTANA,0,0,20,215,106,0,261,0,0,0,0,0,0,0,0,0,0,0,0,0,0,0,0,0,0,0,,,602,0,0,0,0,0,0,0,0,0,0,0,0,0,0,0,0,0,0,0,0,0,0,0,0,0,0,,,0
9/1/2026,2025,20260607,23215,31878,BRIDGER PIPELINE LLC,Crude Oil,INTERSTATE,NORTH DAKOTA,1,8,63,75,103,0,98,0,0,0,0,0,0,0,0,0,0,0,0,0,0,0,0,0,0,0,,,348,0,0,0,0,0,0,0,0,0,0,0,0,0,0,0,0,0,0,0,0,0,0,0,0,0,0,,,0
9/1/2026,2025,20260607,23215,31878,BRIDGER PIPELINE LLC,Crude Oil,INTERSTATE,WYOMING,15,20,32,103,226,0,237,0,194,0,0,0,0,0,0,0,0,0,0,0,0,0,0,0,0,0,,,827,0,0,0,0,0,0,0,0,0,0,0,0,0,0,0,0,0,0,0,0,0,0,0,0,0,0,,,0
9/1/2026,2025,20260456,23062,31878,BRIDGER PIPELINE LLC,Refined and/or Petroleum Product (non-HVL),INTERSTATE,WYOMING,27,49,0,0,0,0,0,0,0,0,0,0,0,0,0,0,0,0,0,0,0,0,0,0,0,0,,,76,0,0,0,0,0,0,0,0,0,0,0,0,0,0,0,0,0,0,0,0,0,0,0,0,0,0,,,0
9/1/2026,2025,20260361,22967,31914,NGL SUPPLY TERMINAL COMPANY LLC,HVL,INTRASTATE,MICHIGAN,0,0.5,225,0,0,0,0,0,0,0,0,0,0,0,0,0,0,0,0,0,0,0,0,0,0,0,,,225.5,0,0,0,0,0,0,0,0,0,0,0,0,0,0,0,0,0,0,0,0,0,0,0,0,0,0,,,0
9/1/2026,2025,20260374,22980,31919,MIDSTREAM ENERGY PARTNERS (USA) LLC,HVL,INTRASTATE,CALIFORNIA,18.86,28.3,0,0,0,0,0,0,0,0,0,0,0,0,0,0,0,0,0,0,0,0,0,0,0,0,,,47.16,0,0,0,0,0,0,0,0,0,0,0,0,0,0,0,0,0,0,0,0,0,0,0,0,0,0,,,0
9/1/2026,2025,20260500,23106,31926,COPANO PIPELINES/UPPER GULF COAST LLC,HVL,INTRASTATE,TEXAS,0,3.16,0,0,0,0,0,0,0,0,0,0,0,0,0,0,0,0,0,0,0,0,0,0,0,0,,,3.16,0,0,0,0,0,0,0,0,0,0,0,0,0,0,0,0,0,0,0,0,0,0,0,0,0,0,,,0
9/1/2026,2025,20260307,22909,31933,CALCASIEU REFINING COMPANY,Refined and/or Petroleum Product (non-HVL),INTRASTATE,LOUISIANA,0,0,0,0,0,0,5.4,0,0,0,0,0,0,0,0,0,0,0,0,0,0,0,0,0,0,0,,,5.4,0,0,0,0,0,0,0,0,0,0,0,0,0,0,0,0,0,0,0,0,0,0,0,0,0,0,,,0
9/1/2026,2025,20260030,22596,31943,COLT MIDSTREAM LLC,HVL,INTRASTATE,TEXAS,16.36,0,0,0,0,0,0,0,0,0,0,0,0,0,0,0,0,0,0,0,0,0,0,0,0,0,,,16.36,0,0,0,0,0,0,0,0,0,0,0,0,0,0,0,0,0,0,0,0,0,0,0,0,0,0,,,0
9/1/2026,2025,20260609,23217,31947,ENBRIDGE PIPELINES (OZARK) L.L.C.,Crude Oil,INTRASTATE,KANSAS,0,0,0,5,0,0,0,0,0,0,0,0,0,0,0,0,0,0,0,0,0,0,0,0,0,0,,,5,,,,,,,,,,,,,,,,,,,,,,,,,,,,,
9/1/2026,2025,20260609,23217,31947,ENBRIDGE PIPELINES (OZARK) L.L.C.,Crude Oil,INTRASTATE,OKLAHOMA,0,0,0,47.151,0,0,0,0,0,0,0,0,0,0,0,0,0,0,0,0,0,0,0,0,0,0,,,47.151,0,0,0,0,0,0,0,0,0,0,0,0,0,0,0,0,0,0,0,0,0,0,0,0,0,0,,,0
9/1/2026,2025,20260390,22996,31957,KINDER MORGAN WINK PIPELINE LLC,Crude Oil,INTERSTATE,TEXAS,5.023,0,3.673,227.842,0.134,0,0,0,195.07,0,0,0,0,0,0,0,0,0,0,0,0,0,0,0,0,0,,,431.742,0,0,0,0,0,0,0,0,0,0,0,0,0,0,0,0,0,0,0,0,0,0,0,0,0,0,,,0
9/1/2026,2025,20260390,22996,31957,KINDER MORGAN WINK PIPELINE LLC,Crude Oil,INTRASTATE,TEXAS,0,0.788,0.735,0,0,0,0,0,0,0,0,0,0,0,0,0,0,0,0,0,0,0,0,0,0,0,,,1.523,0,0,0,0,0,0,0,0,0,0,0,0,0,0,0,0,0,0,0,0,0,0,0,0,0,0,,,0
9/1/2026,2025,20260564,23170,31970,"CONOCOPHILLIPS ALASKA, INC.",Refined and/or Petroleum Product (non-HVL),INTRASTATE,ALASKA,34.744,0,0,0,0,0,0,0,0,0,0,0,0,0,0,0,0,0,0,0,0,0,0,0,0,0,,,34.744,,,,,,,,,,,,,,,,,,,,,,,,,,,,,
9/1/2026,2025,20260345,22947,31994,"PANTHER OPERATING COMPANY, LLC",Crude Oil,INTERSTATE,LOUISIANA,0,0,0,10.8,0,0,0,0,0,0,0,0,0,0,0,0,0,0,0,0,0,0,0,0,0,0,,,10.8,0,0,0,0,25.38,0,0,0,0,0,0,0,0,0,0,0,0,0,0,0,0,0,0,0,0,0,,,25.38
9/1/2026,2025,20260345,22947,31994,"PANTHER OPERATING COMPANY, LLC",Crude Oil,INTERSTATE,OCS-Gulf of America,0,0,0,0,0,0,0,0,0,0,0,0,0,0,0,0,0,0,0,0,0,0,0,0,0,0,,,0,11.39,28.86,0.01,0,17.15,0,0,0,0,0,0,0,0,0,0,0,0,0,0,0,0,0,0,0,0,0,,,57.41
9/1/2026,2025,20260387,22993,32005,"ENLINK PROCESSING SERVICES, LLC",HVL,INTERSTATE,LOUISIANA,0,35.79,21.798,0,137.415,0,52.003,0,0,0,0,0,0,0,0,0,0,0,0,0,0,0,0,0,0,0,,,247.006,0,0,0,0,0,0,0,0,0,0,0,0,0,0,0,0,0,0,0,0,0,0,0,0,0,0,,,0
9/1/2026,2025,20260387,22993,32005,"ENLINK PROCESSING SERVICES, LLC",HVL,INTERSTATE,TEXAS,0,0,0,0,64.393,0,0,0,0,0,0,0,0,0,0,0,0,0,0,0,0,0,0,0,0,0,,,64.393,0,0,0,0,0,0,0,0,0,0,0,0,0,0,0,0,0,0,0,0,0,0,0,0,0,0,,,0
9/1/2026,2025,20260387,22993,32005,"ENLINK PROCESSING SERVICES, LLC",HVL,INTRASTATE,LOUISIANA,124.456,231.932,41.219,19.352,2.281,0,0,0,0,0,0,0,0,0,0,0,0,0,0,0,0,0,0,0,0,0,,,419.24,0,0,0,0,0,0,0,0,0,0,0,0,0,0,0,0,0,0,0,0,0,0,0,0,0,0,,,0
9/1/2026,2025,20260385,22991,32005,"ENLINK PROCESSING SERVICES, LLC",Refined and/or Petroleum Product (non-HVL),INTRASTATE,LOUISIANA,2.21,20.79,0,0,0,0,0,0,0,0,0,0,0,0,0,0,0,0,0,0,0,0,0,0,0,0,,,23,0,0,0,0,0,0,0,0,0,0,0,0,0,0,0,0,0,0,0,0,0,0,0,0,0,0,,,0
9/1/2026,2025,20260003,22560,32007,"SUPERIOR MIDSTREAM, LLC",HVL,INTRASTATE,OKLAHOMA,4.39,24.95,0,0,0,0,0,0,0,0,0,0,0,0,0,0,0,0,0,0,0,0,0,0,0,0,,,29.34,,,,,,,,,,,,,,,,,,,,,,,,,,,,,
9/1/2026,2025,20260627,23235,32011,"HOLLY ENERGY PARTNERS - OPERATING, L.P.",Crude Oil,INTERSTATE,NEW MEXICO,0,13.53,2.36,0,14.54,0,0,0,0,0,0,0,0,0,0,0,0,0,0,0,0,0,0,0,0,0,,,30.43,0,0,0,0,0,0,0,0,0,0,0,0,0,0,0,0,0,0,0,0,0,0,0,0,0,0,,,0
9/1/2026,2025,20260627,23235,32011,"HOLLY ENERGY PARTNERS - OPERATING, L.P.",Crude Oil,INTERSTATE,TEXAS,0,12.74,0,0,8.48,0,0,0,0,0,0,0,0,0,0,0,0,0,0,0,0,0,0,0,0,0,,,21.22,0,0,0,0,0,0,0,0,0,0,0,0,0,0,0,0,0,0,0,0,0,0,0,0,0,0,,,0
9/1/2026,2025,20260627,23235,32011,"HOLLY ENERGY PARTNERS - OPERATING, L.P.",Crude Oil,INTERSTATE,UTAH,0,18.5,72.52,44.05,2.34,0,94.59,0,0,0,0,0,0,0,0,0,0,0,0,0,0,0,0,0,0,0,,,232,0,0,0,0,0,0,0,0,0,0,0,0,0,0,0,0,0,0,0,0,0,0,0,0,0,0,,,0
9/1/2026,2025,20260627,23235,32011,"HOLLY ENERGY PARTNERS - OPERATING, L.P.",Crude Oil,INTERSTATE,WYOMING,0,0,0,0.96,0.34,0,289.37,0,0,0,0,0,0,0,0,0,0,0,0,0,0,0,0,0,0,0,,,290.67,0,0,0,0,0,0,0,0,0,0,0,0,0,0,0,0,0,0,0,0,0,0,0,0,0,0,,,0
9/1/2026,2025,20260627,23235,32011,"HOLLY ENERGY PARTNERS - OPERATING, L.P.",Crude Oil,INTRASTATE,KANSAS,0,0,0,0,0,0,3.94,0,0,0,0,0,0,0,0,0,0,0,0,0,0,0,0,0,0,0,,,3.94,0,0,0,0,0,0,0,0,0,0,0,0,0,0,0,0,0,0,0,0,0,0,0,0,0,0,,,0
9/1/2026,2025,20260627,23235,32011,"HOLLY ENERGY PARTNERS - OPERATING, L.P.",Crude Oil,INTRASTATE,NEW MEXICO,6.64,46.38,81.24,4.76,13.8,0,64.73,0,0,0,0,0,0,0,0,0,0,0,0,0,0,0,0,0,0,0,,,217.55,0,0,0,0,0,0,0,0,0,0,0,0,0,0,0,0,0,0,0,0,0,0,0,0,0,0,,,0
9/1/2026,2025,20260627,23235,32011,"HOLLY ENERGY PARTNERS - OPERATING, L.P.",Crude Oil,INTRASTATE,TEXAS,0,16.76,0,0,0,0,0,0,0,0,0,0,0,0,0,0,0,0,0,0,0,0,0,0,0,0,,,16.76,0,0,0,0,0,0,0,0,0,0,0,0,0,0,0,0,0,0,0,0,0,0,0,0,0,0,,,0
9/1/2026,2025,20260683,23294,32011,"HOLLY ENERGY PARTNERS - OPERATING, L.P.",Refined and/or Petroleum Product (non-HVL),INTERSTATE,NEBRASKA,0,170.68,0,0,0,0,0,0,0,0,0,0,0,0,0,0,0,0,0,0,0,0,0,0,0,0,,,170.68,0,0,0,0,0,0,0,0,0,0,0,0,0,0,0,0,0,0,0,0,0,0,0,0,0,0,,,0
9/1/2026,2025,20260683,23294,32011,"HOLLY ENERGY PARTNERS - OPERATING, L.P.",Refined and/or Petroleum Product (non-HVL),INTERSTATE,NEW MEXICO,0,0,0,0,68.55,0,0,0,0,0,0,0,0,0,0,0,0,0,0,0,0,0,0,0,0,0,,,68.55,0,0,0,0,0,0,0,0,0,0,0,0,0,0,0,0,0,0,0,0,0,0,0,0,0,0,,,0
9/1/2026,2025,20260683,23294,32011,"HOLLY ENERGY PARTNERS - OPERATING, L.P.",Refined and/or Petroleum Product (non-HVL),INTERSTATE,TEXAS,0,3.05,20.08,0.64,150.84,0.52,0,0,0,0,0,0,0,0,0,0,0,0,0,0,0,0,0,0,0,0,,,175.13,0,0,0,0,0,0,0,0,0,0,0,0,0,0,0,0,0,0,0,0,0,0,0,0,0,0,,,0
9/1/2026,2025,20260683,23294,32011,"HOLLY ENERGY PARTNERS - OPERATING, L.P.",Refined and/or Petroleum Product (non-HVL),INTERSTATE,UTAH,0,0,0,0.7,4.06,0,0,0,0,0,0,0,0,0,0,0,0,0,0,0,0,0,0,0,0,0,,,4.76,0,0,0,0,0,0,0,0,0,0,0,0,0,0,0,0,0,0,0,0,0,0,0,0,0,0,,,0
9/1/2026,2025,20260683,23294,32011,"HOLLY ENERGY PARTNERS - OPERATING, L.P.",Refined and/or Petroleum Product (non-HVL),INTERSTATE,WYOMING,0,39,0,0,0,0,0,0,0,0,0,0,0,0,0,0,0,0,0,0,0,0,0,0,0,0,,,39,0,0,0,0,0,0,0,0,0,0,0,0,0,0,0,0,0,0,0,0,0,0,0,0,0,0,,,0
9/1/2026,2025,20260683,23294,32011,"HOLLY ENERGY PARTNERS - OPERATING, L.P.",Refined and/or Petroleum Product (non-HVL),INTRASTATE,IDAHO,13.3,0,0,0,0,0,0,0,0,0,0,0,0,0,0,0,0,0,0,0,0,0,0,0,0,0,,,13.3,0,0,0,0,0,0,0,0,0,0,0,0,0,0,0,0,0,0,0,0,0,0,0,0,0,0,,,0
9/1/2026,2025,20260683,23294,32011,"HOLLY ENERGY PARTNERS - OPERATING, L.P.",Refined and/or Petroleum Product (non-HVL),INTRASTATE,NEW MEXICO,34.83,0,70.41,64.84,58.99,0,0,0,0,0,0,0,0,0,0,0,0,0,0,0,0,0,0,0,0,0,,,229.07,0,0,0,0,0,0,0,0,0,0,0,0,0,0,0,0,0,0,0,0,0,0,0,0,0,0,,,0
9/1/2026,2025,20260683,23294,32011,"HOLLY ENERGY PARTNERS - OPERATING, L.P.",Refined and/or Petroleum Product (non-HVL),INTRASTATE,OKLAHOMA,0,0,0,0,3.05,0,0,0,0,0,0,0,0,0,0,0,0,0,0,0,0,0,0,0,0,0,,,3.05,0,0,0,0,0,0,0,0,0,0,0,0,0,0,0,0,0,0,0,0,0,0,0,0,0,0,,,0
9/1/2026,2025,20260683,23294,32011,"HOLLY ENERGY PARTNERS - OPERATING, L.P.",Refined and/or Petroleum Product (non-HVL),INTRASTATE,TEXAS,0,195.22,230.19,49.98,0,0,0,0,0,0,0,0,0,0,0,0,0,0,0,0,0,0,0,0,0,0,,,475.39,0,0,0,0,0,0,0,0,0,0,0,0,0,0,0,0,0,0,0,0,0,0,0,0,0,0,,,0
9/1/2026,2025,20260683,23294,32011,"HOLLY ENERGY PARTNERS - OPERATING, L.P.",Refined and/or Petroleum Product (non-HVL),INTRASTATE,UTAH,0,0,3.92,1.77,0,0,0,0,0,0,0,0,0,0,0,0,0,0,0,0,0,0,0,0,0,0,,,5.69,0,0,0,0,0,0,0,0,0,0,0,0,0,0,0,0,0,0,0,0,0,0,0,0,0,0,,,0
9/1/2026,2025,20260683,23294,32011,"HOLLY ENERGY PARTNERS - OPERATING, L.P.",Refined and/or Petroleum Product (non-HVL),INTRASTATE,WYOMING,0,0,4,0,0,0,0,0,0,0,0,0,0,0,0,0,0,0,0,0,0,0,0,0,0,0,,,4,0,0,0,0,0,0,0,0,0,0,0,0,0,0,0,0,0,0,0,0,0,0,0,0,0,0,,,0
9/1/2026,2025,20260169,22762,32051,"MARTIN OPERATING PARTNERSHIP, L.P.",Refined and/or Petroleum Product (non-HVL),INTRASTATE,TEXAS,0,0,1.37,0,3.06,0,0,1.39,0,0,0,0,0,0,0,0,0,0,0,0,0,0,0,0,0,0,,,5.82,0,0,0,0,0,0,0,0,0,0,0,0,0,0,0,0,0,0,0,0,0,0,0,0,0,0,,,0
9/1/2026,2025,20260152,22745,32052,"WHITE MARLIN OPERATING COMPANY, LLC",Crude Oil,INTRASTATE,TEXAS,0,0,0,0,0,0,0,0,0,0,0,0,0,0,0,0,0,0,0,0,0,0,0,0,0,0,,,0,0,6.52,0,0,0,0,0,0,0,0,0,0,0,0,0,0,0,0,0,0,0,0,0,0,0,0,,,6.52
9/1/2026,2025,20260142,22735,32062,IMTT-PIPELINE,Refined and/or Petroleum Product (non-HVL),INTERSTATE,NEW JERSEY,0,0,0,0,6.48,0,0.24,0,0,0,0,0,0,0,0,0,0,0,0,0,0,0,0,0,0,0,,,6.72,,,,,,,,,,,,,,,,,,,,,,,,,,,,,
9/1/2026,2025,20260142,22735,32062,IMTT-PIPELINE,Refined and/or Petroleum Product (non-HVL),INTERSTATE,NEW YORK,0,0,0,0,2.83,0,0,0,0,0,0,0,0,0,0,0,0,0,0,0,0,0,0,0,0,0,,,2.83,0,0,0,0,0,0,0,0,0,0,0,0,0,0,0,0,0,0,0,0,0,0,0,0,0,0,,,0
9/1/2026,2025,20260597,23205,32080,"CCPS TRANSPORTATION, LLC",Crude Oil,INTERSTATE,ILLINOIS,0,0,0,0,0,0,0,0,0,167.751,0,0,0,0,0,0,168.531,0,0,0,0,0,0,0,0,0,,,336.282,,,,,,,,,,,,,,,,,,,,,,,,,,,,,
9/1/2026,2025,20260597,23205,32080,"CCPS TRANSPORTATION, LLC",Crude Oil,INTERSTATE,KANSAS,0,0,0,0,0,0,0,0,0,0,119.92,0,0,0,0,0,125.486,0,0,0,0,0,0,0,0,0,,,245.406,,,,,,,,,,,,,,,,,,,,,,,,,,,,,
9/1/2026,2025,20260597,23205,32080,"CCPS TRANSPORTATION, LLC",Crude Oil,INTERSTATE,MISSOURI,0,0,0,0,0,0,0,0,0,84.081,122.245,0,0,0,0,0,208.153,0,0,0,0,0,0,0,0,0,,,414.479,,,,,,,,,,,,,,,,,,,,,,,,,,,,,
9/1/2026,2025,20260597,23205,32080,"CCPS TRANSPORTATION, LLC",Crude Oil,INTERSTATE,OKLAHOMA,0,0,0,0,0,0,0,0,2.815,0,88.814,0,0,0.757,0,0,92.361,0,0,0,0,0,0,0,0,0,,,184.747,0,0,0,0,0,0,0,0,0,0,0,0,0,0,0,0,0,0,0,0,0,0,0,0,0,0,,,0
9/1/2026,2025,20260556,23162,32083,"DCOR, LLC",Crude Oil,INTERSTATE,CALIFORNIA,0,0,0,0,0,0,0,0,0,0,0,0,0,0,0,0,0,0,0,0,0,0,0,0,0,0,,,0,0,0,3.41,5.68,8.36,0,0,0,0,0,0,0,0,0,0,0,0,0,0,0,0,0,0,0,0,0,,,17.45
9/1/2026,2025,20260556,23162,32083,"DCOR, LLC",Crude Oil,INTERSTATE,OCS-Pacific,0,0,0,0,0,0,0,0,0,0,0,0,0,0,0,0,0,0,0,0,0,0,0,0,0,0,,,0,0,0,0,0.32,12.62,0,0,0,0,0,0,0,0,0,0,0,0,0,0,0,0,0,0,0,0,0,,,12.94
9/1/2026,2025,20260556,23162,32083,"DCOR, LLC",Crude Oil,INTRASTATE,CALIFORNIA,,2.51,1.76,0.2,3.11,0,0,0,0,14.21,0,0,0,0,0,0,0,0,0,0,0,0,0,0,0,0,,,21.79,0,0,0,0,0,0,0,0,0,0,0,0,0,0,0,0,0,0,0,0,0,0,0,0,0,0,,,0
9/1/2026,2025,20260204,22802,32091,"WILLIAMS OIL GATHERING, LLC",Crude Oil,INTERSTATE,LOUISIANA,,,,,,,,,,,,,,,,,,,,,,,,,,,,,,0,0,0,0,0,0,0,0,17.923,0,0,0,0,0,0,0,0,0,0,0,0,0,0,0,0,0,,,17.923
9/1/2026,2025,20260204,22802,32091,"WILLIAMS OIL GATHERING, LLC",Crude Oil,INTERSTATE,OCS-Gulf of America,,,,,,,,,,,,,,,,,,,,,,,,,,,,,,0,0,0,0,17.427,26.662,50.052,361.122,32.298,0,0,0,0,0,0,0,0,0,0,0,0,0,0,0,0,0,,,487.561
9/1/2026,2025,20260645,23253,32094,AUX SABLE LIQUID PRODUCTS,HVL,INTRASTATE,ILLINOIS,0,29.59,2.34,0,0,0,0,0,0,0,0,0,0,0,0,0,0,0,0,0,0,0,0,0,0,0,,,31.93,0,0,0,0,0,0,0,0,0,0,0,0,0,0,0,0,0,0,0,0,0,0,0,0,0,0,,,0
9/1/2026,2025,20260655,23263,32095,"LBC HOUSTON, L.P.",HVL,INTRASTATE,TEXAS,0,1.88,0,0,0,0,0,0,0,0,0,0,0,0,0,0,0,0,0,0,0,0,0,0,0,0,,,1.88,0,0,0,0,0,0,0,0,0,0,0,0,0,0,0,0,0,0,0,0,0,0,0,0,0,0,,,0
9/1/2026,2025,20260656,23264,32095,"LBC HOUSTON, L.P.",Refined and/or Petroleum Product (non-HVL),INTRASTATE,TEXAS,1.95,1.95,0,0,0,0,0,0,0,0,0,0,0,0,0,0,0,0,0,0,0,0,0,0,0,0,,,3.9,0,0,0,0,0,0,0,0,0,0,0,0,0,0,0,0,0,0,0,0,0,0,0,0,0,0,,,0
9/1/2026,2025,20260308,22910,32099,ENERGY TRANSFER COMPANY,Crude Oil,INTERSTATE,LOUISIANA,0,0,0.75,0,0,0,0,0,0,0,0,0,0,0,0,0,0,0,0,0,0,0,0,0,0,0,,,0.75,,,,,,,,,,,,,,,,,,,,,,,,,,,,,
9/1/2026,2025,20260308,22910,32099,ENERGY TRANSFER COMPANY,Crude Oil,INTERSTATE,MICHIGAN,0,0,0,0,0,1.28,116.21,0,0,0,0,0,0,0,0,0,0,0,0,0,0,0,0,0,0,0,,,117.49,,,,,,,,,,,,,,,,,,,,,,,,,,,,,
9/1/2026,2025,20260308,22910,32099,ENERGY TRANSFER COMPANY,Crude Oil,INTERSTATE,NEW MEXICO,0,35.52,81.69,84.31,77.57,0,25.04,0,0,0,0,0,0,0,0,0,0,0,0,0,0,0,0,0,0,0,,,304.13,,,,,,,,,,,,,,,,,,,,,,,,,,,,,
9/1/2026,2025,20260308,22910,32099,ENERGY TRANSFER COMPANY,Crude Oil,INTERSTATE,OHIO,0,0,0,0,0,0,10.63,0,0,0,0,0,0,0,0,0,0,0,0,0,0,0,0,0,0,0,,,10.63,,,,,,,,,,,,,,,,,,,,,,,,,,,,,
9/1/2026,2025,20260308,22910,32099,ENERGY TRANSFER COMPANY,Crude Oil,INTERSTATE,OKLAHOMA,0,0,0,0,149.53,0,420.7,0,0,0,0,0,0,0,0,0,0,0,0,0,0,0,0,0,0,0,,,570.23,,,,,,,,,,,,,,,,,,,,,,,,,,,,,
9/1/2026,2025,20260308,22910,32099,ENERGY TRANSFER COMPANY,Crude Oil,INTERSTATE,TEXAS,0,28.76,99.77,691.21,413.64,0,459.85,0,61.64,0,21.07,4.15,0,0,0,0,0,0,0,0,0,0,0,0,0,0,,,1780.09,,,,,,,,,,,,,,,,,,,,,,,,,,,,,
9/1/2026,2025,20260308,22910,32099,ENERGY TRANSFER COMPANY,Crude Oil,INTRASTATE,NEW MEXICO,0,6.51,6.38,5.99,0,0,0,0,0,0,0,0,0,0,0,0,0,0,0,0,0,0,0,0,0,0,,,18.88,,,,,,,,,,,,,,,,,,,,,,,,,,,,,
9/1/2026,2025,20260308,22910,32099,ENERGY TRANSFER COMPANY,Crude Oil,INTRASTATE,OKLAHOMA,160.74,97.26,221.83,97.05,185.65,0,0.25,0,0,0,0,0,0,3.81,0,0,0,0,0,0,0,0,0,0,0,0,,,766.59,,,,,,,,,,,,,,,,,,,,,,,,,,,,,
9/1/2026,2025,20260308,22910,32099,ENERGY TRANSFER COMPANY,Crude Oil,INTRASTATE,TEXAS,86.99,136.03,825.46,886.59,887.3,0,288.56,70.62,22.99,0,1.03,0,0,16.21,0,0,6.82,0,0,0,0,0,0,0,0,0,"5-inch diameter: 0.12 miles, 7-inch diameter: 0.01 miles, 9-inch diameter: 3.88 miles.",4.01,3232.61,0,0,0,0,0,0,0,0,0,0,0,0,0,0,0,0,0,0,0,0,0,0,0,0,0,0,,,0
9/1/2026,2025,20260310,22912,32099,ENERGY TRANSFER COMPANY,HVL,INTERSTATE,NEW MEXICO,0,0,38.62,0,15.2,0,0,0,0,0,32.18,0,0,0,0,0,0,0,0,0,0,0,0,0,0,0,,,86,,,,,,,,,,,,,,,,,,,,,,,,,,,,,
9/1/2026,2025,20260310,22912,32099,ENERGY TRANSFER COMPANY,HVL,INTERSTATE,TEXAS,0.07,0,0.16,0,30.48,0,4.91,0,0,0,646.38,0,0,268.6,0,0,0,0,0,0,0,0,0,0,0,0,,,950.6,,,,,,,,,,,,,,,,,,,,,,,,,,,,,
9/1/2026,2025,20260310,22912,32099,ENERGY TRANSFER COMPANY,HVL,INTRASTATE,LOUISIANA,4.35,68.87,18.09,152.37,0.24,0,0,0,0,0,0,0,0,0,0,0,0,0,0,0,0,0,0,0,0,0,,,243.92,,,,,,,,,,,,,,,,,,,,,,,,,,,,,
9/1/2026,2025,20260310,22912,32099,ENERGY TRANSFER COMPANY,HVL,INTRASTATE,NEW MEXICO,0,8.82,0,0,0,0,0,0,0,0,0,0,0,0,0,0,0,0,0,0,0,0,0,0,0,0,,,8.82,,,,,,,,,,,,,,,,,,,,,,,,,,,,,
9/1/2026,2025,20260310,22912,32099,ENERGY TRANSFER COMPANY,HVL,INTRASTATE,OKLAHOMA,1.3,0,2.23,0,0,0,0,0,0,0,0,0,0,0,0,0,0,0,0,0,0,0,0,0,0,0,,,3.53,,,,,,,,,,,,,,,,,,,,,,,,,,,,,
9/1/2026,2025,20260310,22912,32099,ENERGY TRANSFER COMPANY,HVL,INTRASTATE,PENNSYLVANIA,0,0,0,0,14.9,0,0,0,0,0,0,0,0,0,0,0,0,0,0,0,0,0,0,0,0,0,,,14.9,,,,,,,,,,,,,,,,,,,,,,,,,,,,,
9/1/2026,2025,20260310,22912,32099,ENERGY TRANSFER COMPANY,HVL,INTRASTATE,TEXAS,185.48,207.09,420.15,61.4,417.17,37.21,737.28,0,307.14,0,24.93,0,0,0,0,0,0,0,0,0,0,0,0,0,0,0,,,2397.85,0,0,0,0,0,0,0,0,0,0,0,0,0,0,0,0,0,0,0,0,0,0,0,0,0,0,,,0
9/1/2026,2025,20260309,22911,32099,ENERGY TRANSFER COMPANY,Refined and/or Petroleum Product (non-HVL),INTRASTATE,TEXAS,43.46,74.53,73.28,1.47,5.37,0,0,0,12.48,0,0,0,0,0,0,0,0,0,0,0,0,0,0,0,0,0,,,210.59,0,0,0,0,0,0,0,0,0,0,0,0,0,0,0,0,0,0,0,0,0,0,0,0,0,0,,,0
9/1/2026,2025,20260698,23309,32103,CRIMSON PIPELINE L.P.,Crude Oil,INTRASTATE,CALIFORNIA,22.07,190.11,332.63,276.11,170.16,5.17,80.43,178.36,194.68,0,35.9,0,0,0,0,0,0,0,0,0,0,0,0,0,0,0,,,1485.62,0,0,0,0,0,0,0,0,0,0,0,0,0,0,0,0,0,0,0,0,0,0,0,0,0,0,,,0
9/1/2026,2025,20260395,23001,32109,"ONEOK NGL PIPELINE, LLC",HVL,INTERSTATE,COLORADO,0,0,0,0,10.37,0,0,0,139.15,0,0,0,0,0,0,0,0,0,0,0,0,0,0,0,0,0,,,149.52,,,,,,,,,,,,,,,,,,,,,,,,,,,,,
9/1/2026,2025,20260395,23001,32109,"ONEOK NGL PIPELINE, LLC",HVL,INTERSTATE,ILLINOIS,0.48,22.77,99.73,138.83,33.36,0,0,0,0,0,0,0,0,0,0,0,0,0,0,0,0,0,0,0,0,0,,,295.17,0,0,0,0,0,0,0,0,0,0,0,0,0,0,0,0,0,0,0,0,0,0,0,0,0,0,,,0
9/1/2026,2025,20260395,23001,32109,"ONEOK NGL PIPELINE, LLC",HVL,INTERSTATE,INDIANA,0,0.42,3.99,0,0,0,0,0,0,0,0,0,0,0,0,0,0,0,0,0,0,0,0,0,0,0,,,4.41,,,,,,,,,,,,,,,,,,,,,,,,,,,,,
9/1/2026,2025,20260395,23001,32109,"ONEOK NGL PIPELINE, LLC",HVL,INTERSTATE,IOWA,0,9.38,142.91,170.14,0,0,0,0,0,0,0,0,0,0,0,0,0,0,0,0,0,0,0,0,0,0,,,322.43,0,0,0,0,0,0,0,0,0,0,0,0,0,0,0,0,0,0,0,0,0,0,0,0,0,0,,,0
9/1/2026,2025,20260395,23001,32109,"ONEOK NGL PIPELINE, LLC",HVL,INTERSTATE,KANSAS,20.61,261.34,438.52,204.21,178.63,118.34,31.5,0,355.09,0,0,0,0,0,0,0,0,0,0,0,0,0,0,0,0,0,,,1608.24,0,0,0,0,0,0,0,0,0,0,0,0,0,0,0,0,0,0,0,0,0,0,0,0,0,0,,,0
9/1/2026,2025,20260395,23001,32109,"ONEOK NGL PIPELINE, LLC",HVL,INTERSTATE,MISSOURI,0,0,0,38.43,0,0,0,0,0,0,0,0,0,0,0,0,0,0,0,0,0,0,0,0,0,0,,,38.43,,,,,,,,,,,,,,,,,,,,,,,,,,,,,
9/1/2026,2025,20260395,23001,32109,"ONEOK NGL PIPELINE, LLC",HVL,INTERSTATE,MONTANA,14.43,0,0,51.23,205.49,0,0,0,190.11,0,0,0,0,0,0,0,0,0,0,0,0,0,0,0,0,0,,,461.26,,,,,,,,,,,,,,,,,,,,,,,,,,,,,
9/1/2026,2025,20260395,23001,32109,"ONEOK NGL PIPELINE, LLC",HVL,INTERSTATE,NEBRASKA,0,0,78.64,0,0,0,0,0,0,0,0,0,0,0,0,0,0,0,0,0,0,0,0,0,0,0,,,78.64,,,,,,,,,,,,,,,,,,,,,,,,,,,,,
9/1/2026,2025,20260395,23001,32109,"ONEOK NGL PIPELINE, LLC",HVL,INTERSTATE,NEW MEXICO,34.64,172.72,17.72,0,0,0,0,0,0,0,0,0,0,0,0,0,0,0,0,0,0,0,0,0,0,0,,,225.08,,,,,,,,,,,,,,,,,,,,,,,,,,,,,
9/1/2026,2025,20260395,23001,32109,"ONEOK NGL PIPELINE, LLC",HVL,INTERSTATE,NORTH DAKOTA,3.3,8.52,51.34,67.86,59.94,0,78.1,0,74.31,0,0,0,0,0,0,0,0,0,0,0,0,0,0,0,0,0,,,343.37,,,,,,,,,,,,,,,,,,,,,,,,,,,,,
9/1/2026,2025,20260395,23001,32109,"ONEOK NGL PIPELINE, LLC",HVL,INTERSTATE,OKLAHOMA,58.89,264.94,382.17,54.97,301.87,16.02,235.37,0,117.38,0,133.25,0,0,0,0,0,0,0,0,0,0,0,0,0,0,0,,,1564.86,,,,,,,,,,,,,,,,,,,,,,,,,,,,,
9/1/2026,2025,20260395,23001,32109,"ONEOK NGL PIPELINE, LLC",HVL,INTERSTATE,TEXAS,322.7,565.59,561.59,1099.11,521.93,355.93,911.45,0,21.7,0,358.13,0,0,299.25,0,0,0,0,0,0,0,0,0,0,0,0,,,5017.38,0,0,0,0,0,0,0,0,0,0,0,0,0,0,0,0,0,0,0,0,0,0,0,0,0,0,,,0
9/1/2026,2025,20260395,23001,32109,"ONEOK NGL PIPELINE, LLC",HVL,INTERSTATE,WYOMING,0,47.43,0,28.72,349.57,0,0,0,309.79,0,0,0,0,0,0,0,0,0,0,0,0,0,0,0,0,0,,,735.51,,,,,,,,,,,,,,,,,,,,,,,,,,,,,
9/1/2026,2025,20260395,23001,32109,"ONEOK NGL PIPELINE, LLC",HVL,INTRASTATE,KANSAS,76.99,141.76,233.17,0,0,0,0,0,0,0,0,0,0,0,0,0,0,0,0,0,0,0,0,0,0,0,,,451.92,0,0,0,0,0,0,0,0,0,0,0,0,0,0,0,0,0,0,0,0,0,0,0,0,0,0,,,0
9/1/2026,2025,20260395,23001,32109,"ONEOK NGL PIPELINE, LLC",HVL,INTRASTATE,OKLAHOMA,509.08,756.37,475.76,57.34,276.67,0,32.15,0,0,0,0,0,0,0,0,0,0,0,0,0,0,0,0,0,0,0,,,2107.37,,,,,,,,,,,,,,,,,,,,,,,,,,,,,
9/1/2026,2025,20260395,23001,32109,"ONEOK NGL PIPELINE, LLC",HVL,INTRASTATE,TEXAS,58.41,51.2,19.1,23.36,13.06,0,4.14,0,0,0,0.01,0,0,0,0,0,0,0,0,0,0,0,0,0,0,0,,,169.28,,,,,,,,,,,,,,,,,,,,,,,,,,,,,
9/1/2026,2025,20260396,23002,32109,"ONEOK NGL PIPELINE, LLC",Refined and/or Petroleum Product (non-HVL),INTERSTATE,ILLINOIS,0,0,1.39,0,0,0,0,0,0,0,0,0,0,0,0,0,0,0,0,0,0,0,0,0,0,0,,,1.39,,,,,,,,,,,,,,,,,,,,,,,,,,,,,
9/1/2026,2025,20260396,23002,32109,"ONEOK NGL PIPELINE, LLC",Refined and/or Petroleum Product (non-HVL),INTERSTATE,IOWA,0,26.63,146.97,0,0,0,0,0,0,0,0,0,0,0,0,0,0,0,0,0,0,0,0,0,0,0,,,173.6,,,,,,,,,,,,,,,,,,,,,,,,,,,,,
9/1/2026,2025,20260396,23002,32109,"ONEOK NGL PIPELINE, LLC",Refined and/or Petroleum Product (non-HVL),INTERSTATE,KANSAS,0,0,143.25,0,0.55,0,0,0,0,0,0,0,0,0,0,0,0,0,0,0,0,0,0,0,0,0,,,143.8,,,,,,,,,,,,,,,,,,,,,,,,,,,,,
9/1/2026,2025,20260396,23002,32109,"ONEOK NGL PIPELINE, LLC",Refined and/or Petroleum Product (non-HVL),INTERSTATE,NEBRASKA,0,25.21,88.91,0,0,0,0,0,0,0,0,0,0,0,0,0,0,0,0,0,0,0,0,0,0,0,,,114.12,0,0,0,0,0,0,0,0,0,0,0,0,0,0,0,0,0,0,0,0,0,0,0,0,0,0,,,0
9/1/2026,2025,20260396,23002,32109,"ONEOK NGL PIPELINE, LLC",Refined and/or Petroleum Product (non-HVL),INTRASTATE,TEXAS,0,0.69,0,0,1.34,0,0,0,0,0,0,0,0,0,0,0,0,0,0,0,0,0,0,0,0,0,,,2.03,,,,,,,,,,,,,,,,,,,,,,,,,,,,,
9/1/2026,2025,20260515,23121,32114,COPANO NGL SERVICES LLC,HVL,INTRASTATE,TEXAS,0.293,160.522,0,0,23.016,0,0,0,0,0,0,0,0,0,0,0,0,0,0,0,0,0,0,0,0,0,,,183.831,0,0,0,0,0,0,0,0,0,0,0,0,0,0,0,0,0,0,0,0,0,0,0,0,0,0,,,0
9/1/2026,2025,20260381,22987,32117,"ASCENSION PIPELINE COMPANY, LLC",Refined and/or Petroleum Product (non-HVL),INTRASTATE,LOUISIANA,0,0,0,0,32.48,0,0,0,0,0,0,0,0,0,0,0,0,0,0,0,0,0,0,0,0,0,,,32.48,0,0,0,0,0,0,0,0,0,0,0,0,0,0,0,0,0,0,0,0,0,0,0,0,0,0,,,0
9/1/2026,2025,20260009,22569,32120,NORTHVILLE INDUSTRIES CORP.,Refined and/or Petroleum Product (non-HVL),INTRASTATE,NEW YORK,0,0,0,0,8.34,0,28.35,0,0,0,0,0,0,0,0,0,0,0,0,0,0,0,0,0,0,0,,,36.69,0,0,0,0,0,0,0,0,0,0,0,0,0,0,0,0,0,0,0,0,0,0,0,0,0,0,,,0
9/1/2026,2025,20260508,23404,32147,MARATHON PIPE LINE LLC,Crude Oil,INTERSTATE,COLORADO,0,3.8,0,0,0,0,0,0,0,0,0,0,0,0,0,0,0,0,0,0,0,0,0,0,0,0,,,3.8,,,,,,,,,,,,,,,,,,,,,,,,,,,,,
9/1/2026,2025,20260508,23404,32147,MARATHON PIPE LINE LLC,Crude Oil,INTERSTATE,ILLINOIS,0,0,0,0,56.9,0,0,0,223.7,81.2,4.9,0,0,1.2,0,0,0,0,111.2,0,0,0,0,0,0,0,,,479.1,0,0,0,0,0,0,0,0,0,0,0,0,0,0,0,0,0,0,0,0,0,0,0,0,0,0,,,0
9/1/2026,2025,20260508,23404,32147,MARATHON PIPE LINE LLC,Crude Oil,INTERSTATE,INDIANA,0,0,0,0,0,0,0,0,66.1,164.1,0,0,0,0,0,0,0,0,0,0,0,0,0,0,0,0,,,230.2,,,,,,,,,,,,,,,,,,,,,,,,,,,,,
9/1/2026,2025,20260508,23404,32147,MARATHON PIPE LINE LLC,Crude Oil,INTERSTATE,KENTUCKY,0,0.2,0,0,0,0,0,0,2.2,0,265.6,0,0,0,0,0,0,0,51.1,0,0,0,0,0,0,0,,,319.1,,,,,,,,,,,,,,,,,,,,,,,,,,,,,
9/1/2026,2025,20260508,23404,32147,MARATHON PIPE LINE LLC,Crude Oil,INTERSTATE,LOUISIANA,0,0,0,0,0,0,0,0,0.1,0,0,0,0,21,0,0,0,0,72.9,0,0,0,0,0,0,0,,,94,,,,,,,,,,,,,,,,,,,,,,,,,,,,,
9/1/2026,2025,20260508,23404,32147,MARATHON PIPE LINE LLC,Crude Oil,INTERSTATE,MICHIGAN,0,0,0,0,0,0,61.4,0,0,0,0,0,0,0,0,0,0,0,0,0,0,0,0,0,0,0,,,61.4,,,,,,,,,,,,,,,,,,,,,,,,,,,,,
9/1/2026,2025,20260508,23404,32147,MARATHON PIPE LINE LLC,Crude Oil,INTERSTATE,MISSISSIPPI,0,0,0,0,0,0,0,0,0,0,0,0,0,0,0,0,0,0,288.9,0,0,0,0,0,0,0,,,288.9,,,,,,,,,,,,,,,,,,,,,,,,,,,,,
9/1/2026,2025,20260508,23404,32147,MARATHON PIPE LINE LLC,Crude Oil,INTERSTATE,MISSOURI,0,0,0,0,0,0,0,0,0,295.4,0,0,0,0,0,0,0,0,0,0,0,0,0,0,0,0,,,295.4,,,,,,,,,,,,,,,,,,,,,,,,,,,,,
9/1/2026,2025,20260508,23404,32147,MARATHON PIPE LINE LLC,Crude Oil,INTERSTATE,OHIO,0,0,0,0,0,0,0.2,0,0,37.7,0,0,0,0,0,0,0,0,0,0,0,0,0,0,0,0,,,37.9,,,,,,,,,,,,,,,,,,,,,,,,,,,,,
9/1/2026,2025,20260508,23404,32147,MARATHON PIPE LINE LLC,Crude Oil,INTERSTATE,OKLAHOMA,0,0,0,0,0,0,0,0,0.1,143.6,0,0,0,0,0,0,0,0,0,0,0,0,0,0,0,0,,,143.7,,,,,,,,,,,,,,,,,,,,,,,,,,,,,
9/1/2026,2025,20260508,23404,32147,MARATHON PIPE LINE LLC,Crude Oil,INTERSTATE,TENNESSEE,0,0,0,0,0,0,0,0,0,0,0,0,0,0,0,0,0,0,110.3,0,0,0,0,0,0,0,,,110.3,,,,,,,,,,,,,,,,,,,,,,,,,,,,,
9/1/2026,2025,20260508,23404,32147,MARATHON PIPE LINE LLC,Crude Oil,INTERSTATE,UTAH,0,0,1.1,0,0,0,0,0,0,0,0,0,0,0,0,0,0,0,0,0,0,0,0,0,0,0,,,1.1,,,,,,,,,,,,,,,,,,,,,,,,,,,,,
9/1/2026,2025,20260508,23404,32147,MARATHON PIPE LINE LLC,Crude Oil,INTERSTATE,WEST VIRGINIA,0,0.4,0,0,0,0,0,0,0,0,0,0,0,0,0,0,0,0,0,0,0,0,0,0,0,0,,,0.4,,,,,,,,,,,,,,,,,,,,,,,,,,,,,
9/1/2026,2025,20260508,23404,32147,MARATHON PIPE LINE LLC,Crude Oil,INTERSTATE,WYOMING,0,4.6,368.8,50.1,0,0,0,0,0,0,0,0,0,0,0,0,0,0,0,0,0,0,0,0,0,0,,,423.5,,,,,,,,,,,,,,,,,,,,,,,,,,,,,
9/1/2026,2025,20260508,23404,32147,MARATHON PIPE LINE LLC,Crude Oil,INTRASTATE,CALIFORNIA,0,3.7,0,7.3,12.7,4,0.8,0,0.6,0,4.4,0,0,0,0,0,0,0,0,0,0,0,0,0,0,0,,,33.5,,,,,,,,,,,,,,,,,,,,,,,,,,,,,
9/1/2026,2025,20260508,23404,32147,MARATHON PIPE LINE LLC,Crude Oil,INTRASTATE,ILLINOIS,0,0,0,6.5,0,0,0,0,0,0,0,0,0,0,0,0,0,0,0,0,0,0,0,0,0,0,,,6.5,,,,,,,,,,,,,,,,,,,,,,,,,,,,,
9/1/2026,2025,20260508,23404,32147,MARATHON PIPE LINE LLC,Crude Oil,INTRASTATE,KENTUCKY,0,1.8,0,0,0,0,0,0,0,0,0,0,0,0,0,0,0,0,0,0,0,0,0,0,0,0,,,1.8,,,,,,,,,,,,,,,,,,,,,,,,,,,,,
9/1/2026,2025,20260508,23404,32147,MARATHON PIPE LINE LLC,Crude Oil,INTRASTATE,MINNESOTA,0,0,2.3,0,2.4,0,2.4,0,0,0,0,0,0,0,0,0,0,0,0,0,0,0,0,0,0,0,,,7.1,,,,,,,,,,,,,,,,,,,,,,,,,,,,,
9/1/2026,2025,20260508,23404,32147,MARATHON PIPE LINE LLC,Crude Oil,INTRASTATE,OHIO,0,0,0,0,54.3,0,97.8,0,0,1,0,0,0,0,0,0,0,0,0,0,0,0,0,0,0,0,,,153.1,,,,,,,,,,,,,,,,,,,,,,,,,,,,,
9/1/2026,2025,20260508,23404,32147,MARATHON PIPE LINE LLC,Crude Oil,INTRASTATE,TEXAS,0,0,0,0,0,0,0,0,0,0,0,0,0,1.3,0,0,0,0,0,0,0,0,0,0,0,0,,,1.3,,,,,,,,,,,,,,,,,,,,,,,,,,,,,
9/1/2026,2025,20260508,23404,32147,MARATHON PIPE LINE LLC,Crude Oil,INTRASTATE,UTAH,0,0,1.9,1,0,0,2.3,0,0,0,0,0,0,0,0,0,0,0,0,0,0,0,0,0,0,0,,,5.2,,,,,,,,,,,,,,,,,,,,,,,,,,,,,
9/1/2026,2025,20260493,23393,32147,MARATHON PIPE LINE LLC,HVL,INTERSTATE,ILLINOIS,30.6,0,0,0,0,0,0,0,0,0,0,0,0,0,0,0,0,0,0,0,0,0,0,0,0,0,,,30.6,,,,,,,,,,,,,,,,,,,,,,,,,,,,,
9/1/2026,2025,20260493,23393,32147,MARATHON PIPE LINE LLC,HVL,INTERSTATE,INDIANA,28.2,0,0,0,0,0,0,0,0,0,0,0,0,0,0,0,0,0,0,0,0,0,0,0,0,0,,,28.2,,,,,,,,,,,,,,,,,,,,,,,,,,,,,
9/1/2026,2025,20260493,23393,32147,MARATHON PIPE LINE LLC,HVL,INTERSTATE,KENTUCKY,0.07,0.02,0.04,0,0,0,0,0,0,0,0,0,0,0,0,0,0,0,0,0,0,0,0,0,0,0,,,0.13,,,,,,,,,,,,,,,,,,,,,,,,,,,,,
9/1/2026,2025,20260493,23393,32147,MARATHON PIPE LINE LLC,HVL,INTERSTATE,NEW MEXICO,0,115.3,0,0,0,0,0,0,0,0,0,0,0,0,0,0,0,0,0,0,0,0,0,0,0,0,,,115.3,,,,,,,,,,,,,,,,,,,,,,,,,,,,,
9/1/2026,2025,20260493,23393,32147,MARATHON PIPE LINE LLC,HVL,INTERSTATE,TEXAS,0,41.3,0,0,0,0,0,0,0,0,0,0,0,0,0,0,0,0,0,0,0,0,0,0,0,0,,,41.3,,,,,,,,,,,,,,,,,,,,,,,,,,,,,
9/1/2026,2025,20260493,23393,32147,MARATHON PIPE LINE LLC,HVL,INTERSTATE,WEST VIRGINIA,2.2,0.2,0.7,0,0,0,0,0,0,0,0,0,0,0,0,0,0,0,0,0,0,0,0,0,0,0,,,3.1,,,,,,,,,,,,,,,,,,,,,,,,,,,,,
9/1/2026,2025,20260493,23393,32147,MARATHON PIPE LINE LLC,HVL,INTRASTATE,CALIFORNIA,0,2.3,0,0,0,0,0,0,0,0,0,0,0,0,0,0,0,0,0,0,0,0,0,0,0,0,,,2.3,,,,,,,,,,,,,,,,,,,,,,,,,,,,,
9/1/2026,2025,20260493,23393,32147,MARATHON PIPE LINE LLC,HVL,INTRASTATE,MICHIGAN,26.2,0,0,0,0,0,0,0,0,0,0,0,0,0,0,0,0,0,0,0,0,0,0,0,0,0,,,26.2,,,,,,,,,,,,,,,,,,,,,,,,,,,,,
9/1/2026,2025,20260493,23393,32147,MARATHON PIPE LINE LLC,HVL,INTRASTATE,TEXAS,0,0,115,20.6,53.7,0,35.5,0,235.7,0,0,0,0,0,0,0,0,0,0,0,0,0,0,0,0,0,,,460.5,0,0,0,0,0,0,0,0,0,0,0,0,0,0,0,0,0,0,0,0,0,0,0,0,0,0,,,0
9/1/2026,2025,20260517,23123,32147,MARATHON PIPE LINE LLC,Refined and/or Petroleum Product (non-HVL),INTERSTATE,ARKANSAS,0,0,0,0,0,0,0,0,0,0,0,19.7,0,0,0,0,0,0,0,0,0,0,0,0,0,0,,,19.7,,,,,,,,,,,,,,,,,,,,,,,,,,,,,
9/1/2026,2025,20260517,23123,32147,MARATHON PIPE LINE LLC,Refined and/or Petroleum Product (non-HVL),INTERSTATE,IDAHO,0,0,554.2,0,0,0,0,0,0,0,0,0,0,0,0,0,0,0,0,0,0,0,0,0,0,0,,,554.2,,,,,,,,,,,,,,,,,,,,,,,,,,,,,
9/1/2026,2025,20260517,23123,32147,MARATHON PIPE LINE LLC,Refined and/or Petroleum Product (non-HVL),INTERSTATE,ILLINOIS,0,20.6,34,237.7,452,0,12.2,0,0.9,0,0,181.9,0,0,0,0,0,0,0,0,0,0,0,0,0,0,,,939.3,,,,,,,,,,,,,,,,,,,,,,,,,,,,,
9/1/2026,2025,20260517,23123,32147,MARATHON PIPE LINE LLC,Refined and/or Petroleum Product (non-HVL),INTERSTATE,INDIANA,0,0,226.6,348.6,34.7,0,116.1,0,0,0,0,0,0,0,0,0,0,0,0,0,0,0,0,0,0,0,,,726,,,,,,,,,,,,,,,,,,,,,,,,,,,,,
9/1/2026,2025,20260517,23123,32147,MARATHON PIPE LINE LLC,Refined and/or Petroleum Product (non-HVL),INTERSTATE,KENTUCKY,0,5.5,8.8,0.3,6.3,0.1,7.3,0,0,0,0,49.1,0,0,0,0,0,0,0,0,0,0,0,0,0,0,,,77.4,,,,,,,,,,,,,,,,,,,,,,,,,,,,,
9/1/2026,2025,20260517,23123,32147,MARATHON PIPE LINE LLC,Refined and/or Petroleum Product (non-HVL),INTERSTATE,LOUISIANA,0,0,0,0,0,0,0,0,70.3,0,31.9,206.4,0,0,0,0,1.5,0,0,0,0,0,0,0,0,0,,,310.1,,,,,,,,,,,,,,,,,,,,,,,,,,,,,
9/1/2026,2025,20260517,23123,32147,MARATHON PIPE LINE LLC,Refined and/or Petroleum Product (non-HVL),INTERSTATE,MICHIGAN,0,0,0,121.1,0,0,0,0,0,0,0,0,0,0,0,0,0,0,0,0,0,0,0,0,0,0,,,121.1,,,,,,,,,,,,,,,,,,,,,,,,,,,,,
9/1/2026,2025,20260517,23123,32147,MARATHON PIPE LINE LLC,Refined and/or Petroleum Product (non-HVL),INTERSTATE,MISSISSIPPI,0,0,0,0,0,0,0,0,0,0,0,151.8,0,0,0,0,0,0,0,0,0,0,0,0,0,0,,,151.8,,,,,,,,,,,,,,,,,,,,,,,,,,,,,
9/1/2026,2025,20260517,23123,32147,MARATHON PIPE LINE LLC,Refined and/or Petroleum Product (non-HVL),INTERSTATE,OHIO,0,116.7,222.4,106.7,49.4,148.5,49.9,0,0,0,0,0,0,0,0,0,0,0,0,0,0,0,0,0,0,0,,,693.6,,,,,,,,,,,,,,,,,,,,,,,,,,,,,
9/1/2026,2025,20260517,23123,32147,MARATHON PIPE LINE LLC,Refined and/or Petroleum Product (non-HVL),INTERSTATE,OREGON,0,61.7,188.4,0,0,0,0,0,0,0,0,0,0,0,0,0,0,0,0,0,0,0,0,0,0,0,,,250.1,,,,,,,,,,,,,,,,,,,,,,,,,,,,,
9/1/2026,2025,20260517,23123,32147,MARATHON PIPE LINE LLC,Refined and/or Petroleum Product (non-HVL),INTERSTATE,PENNSYLVANIA,0,0,12.7,0,0,0,0,0,0,0,0,0,0,0,0,0,0,0,0,0,0,0,0,0,0,0,,,12.7,,,,,,,,,,,,,,,,,,,,,,,,,,,,,
9/1/2026,2025,20260517,23123,32147,MARATHON PIPE LINE LLC,Refined and/or Petroleum Product (non-HVL),INTERSTATE,TENNESSEE,0,0,2.3,0,0,0,0,0,0,0,0,110.6,0,0,0,0,0,0,0,0,0,0,0,0,0,0,,,112.9,,,,,,,,,,,,,,,,,,,,,,,,,,,,,
9/1/2026,2025,20260517,23123,32147,MARATHON PIPE LINE LLC,Refined and/or Petroleum Product (non-HVL),INTERSTATE,TEXAS,0,0,0.2,0,0,0,40.9,0,0,0,43.4,0,0,0,0,0,1,0,0,0,0,0,0,0,0,0,,,85.5,,,,,,,,,,,,,,,,,,,,,,,,,,,,,
9/1/2026,2025,20260517,23123,32147,MARATHON PIPE LINE LLC,Refined and/or Petroleum Product (non-HVL),INTERSTATE,UTAH,2,5.6,214.7,0,0,0,0,0,0,0,0,0,0,0,0,0,0,0,0,0,0,0,0,0,0,0,,,222.3,,,,,,,,,,,,,,,,,,,,,,,,,,,,,
9/1/2026,2025,20260517,23123,32147,MARATHON PIPE LINE LLC,Refined and/or Petroleum Product (non-HVL),INTERSTATE,WASHINGTON,0,40.3,136.9,0,0,0,0,0,0,0,0,0,0,0,0,0,0,0,0,0,0,0,0,0,0,0,,,177.2,,,,,,,,,,,,,,,,,,,,,,,,,,,,,
9/1/2026,2025,20260517,23123,32147,MARATHON PIPE LINE LLC,Refined and/or Petroleum Product (non-HVL),INTERSTATE,WEST VIRGINIA,0.4,3.1,0.1,2.3,2.2,1,1.8,0,0,0,0,0,0,0,0,0,0,0,0,0,0,0,0,0,0,0,,,10.9,,,,,,,,,,,,,,,,,,,,,,,,,,,,,
9/1/2026,2025,20260517,23123,32147,MARATHON PIPE LINE LLC,Refined and/or Petroleum Product (non-HVL),INTRASTATE,ALASKA,0,0,0.5,68.8,4.1,0,0,0,0,0,0,0,0,0,0,0,0,0,0,0,0,0,0,0,0,0,,,73.4,,,,,,,,,,,,,,,,,,,,,,,,,,,,,
9/1/2026,2025,20260517,23123,32147,MARATHON PIPE LINE LLC,Refined and/or Petroleum Product (non-HVL),INTRASTATE,CALIFORNIA,0,0,25.2,18.1,24.8,6.9,6.9,0,0,0,1,0,0,0,0,0,0,0,0,0,0,0,0,0,0,0,,,82.9,0,0,0,0,0,0,0,0,0,0,0,0,0,0,0,0,0,0,0,0,0,0,0,0,0,0,,,0
9/1/2026,2025,20260517,23123,32147,MARATHON PIPE LINE LLC,Refined and/or Petroleum Product (non-HVL),INTRASTATE,KENTUCKY,0,0,86.7,0,0,0,0,0,0,0,0,0,0,0,0,0,0,0,0,0,0,0,0,0,0,0,,,86.7,,,,,,,,,,,,,,,,,,,,,,,,,,,,,
9/1/2026,2025,20260517,23123,32147,MARATHON PIPE LINE LLC,Refined and/or Petroleum Product (non-HVL),INTRASTATE,OHIO,2.9,53.7,0.4,0.1,0,0,0,0,0,0,0,0,0,0,0,0,0,0,0,0,0,0,0,0,0,0,,,57.1,,,,,,,,,,,,,,,,,,,,,,,,,,,,,
9/1/2026,2025,20260517,23123,32147,MARATHON PIPE LINE LLC,Refined and/or Petroleum Product (non-HVL),INTRASTATE,TEXAS,0,0,1.3,0,1.2,1.3,0,0,0,0,0,0,0,0,0,0,0,0,0,0,0,0,0,0,0,0,,,3.8,0,0,0,0,0,0,0,0,0,0,0,0,0,0,0,0,0,0,0,0,0,0,0,0,0,0,,,0
9/1/2026,2025,20260517,23123,32147,MARATHON PIPE LINE LLC,Refined and/or Petroleum Product (non-HVL),INTRASTATE,UTAH,0,2.7,2.7,2.6,0,0,0,0,0,0,0,0,0,0,0,0,0,0,0,0,0,0,0,0,0,0,,,8,,,,,,,,,,,,,,,,,,,,,,,,,,,,,
9/1/2026,2025,20260141,22734,32174,MCCAIN PIPELINE COMPANY,Refined and/or Petroleum Product (non-HVL),INTRASTATE,MISSISSIPPI,5.1,0,0,0,0,0,0,0,0,0,0,0,0,0,0,0,0,0,0,0,0,0,0,0,0,0,,,5.1,0,0,0,0,0,0,0,0,0,0,0,0,0,0,0,0,0,0,0,0,0,0,0,0,0,0,,,0
9/1/2026,2025,20260103,22686,32215,NOVA CHEMICALS CORPORATION,HVL,INTRASTATE,MICHIGAN,0,7.92,2.96,0,0.27,0,0,0,0,0,0,0,0,0,0,0,0,0,0,0,0,0,0,0,0,0,,,11.15,0,0,0,0,0,0,0,0,0,0,0,0,0,0,0,0,0,0,0,0,0,0,0,0,0,0,,,0
9/1/2026,2025,20260661,23269,32223,VALERO REFINING COMPANY-CALIFORNIA,Crude Oil,INTRASTATE,CALIFORNIA,0,0,0.016,0,0,0,0,0,3.369,0,1.818,0,0,0,0,0,0,0,0,0,0,0,0,0,0,0,,,5.203,0,0,0,0,0,0,0,0,0,0,0,0,0,0,0,0,0,0,0,0,0,0,0,0,0,0,,,0
9/1/2026,2025,20260662,23270,32223,VALERO REFINING COMPANY-CALIFORNIA,Refined and/or Petroleum Product (non-HVL),INTRASTATE,CALIFORNIA,0,1.573,1.819,0,0,0,0,0,0,0,0,0,0,0,0,0,0,0,0,0,0,0,0,0,0,0,,,3.392,0,0,0,0,0,0,0,0,0,0,0,0,0,0,0,0,0,0,0,0,0,0,0,0,0,0,,,0
9/1/2026,2025,20260281,22883,32224,BETA OFFSHORE,Crude Oil,INTERSTATE,CALIFORNIA,0,0,0,0.53,0,0,2.07,0,0,0,0,0,0,0,0,0,0,0,0,0,0,0,0,0,0,0,,,2.6,0,0,0,0,0,0,8.85,0,0,0,0,0,0,0,0,0,0,0,0,0,0,0,0,0,0,0,,,8.85
9/1/2026,2025,20260281,22883,32224,BETA OFFSHORE,Crude Oil,INTERSTATE,OCS-Pacific,0,0,0,0,0,0,0,0,0,0,0,0,0,0,0,0,0,0,0,0,0,0,0,0,0,0,,,0,0,0,0,0,0,0,6.34,0,0,0,0,0,0,0,0,0,0,0,0,0,0,0,0,0,0,0,,,6.34
9/1/2026,2025,20260105,22690,32248,"FRONTIER FIELD SERVICES, LLC",HVL,INTRASTATE,NEW MEXICO,7.58,0,0,0,4.75,0,0,0,0,0,0,0,0,0,0,0,0,0,0,0,0,0,0,0,0,0,,,12.33,0,0,0,0,0,0,0,0,0,0,0,0,0,0,0,0,0,0,0,0,0,0,0,0,0,0,,,0
9/1/2026,2025,20260663,23271,32251,"RIBOST TERMINAL LLC, DBA WORLD OIL TERMINALS",Crude Oil,INTRASTATE,CALIFORNIA,0,0,0,0.22,0,0,0,0,0,0,0,0,0,0,0,0,0,0,0,0,0,0,0,0,0,0,,,0.22,0,0,0,0,0,0,0,0,0,0,0,0,0,0,0,0,0,0,0,0,0,0,0,0,0,0,,,0
9/1/2026,2025,20260646,23254,32258,PEMBINA COCHIN LLC,Crude Oil,INTERSTATE,ILLINOIS,0,0,0,3.413,162.768,0,0,0,0,0,0,0,0,0,0,0,0,0,0,0,0,0,0,0,0,0,,,166.181,0,0,0,0,0,0,0,0,0,0,0,0,0,0,0,0,0,0,0,0,0,0,0,0,0,0,,,0
9/1/2026,2025,20260646,23254,32258,PEMBINA COCHIN LLC,Crude Oil,INTERSTATE,INDIANA,0,0,0,0,153.488,0,0,0,0,0,0,0,0,0,0,0,0,0,0,0,0,0,0,0,0,0,,,153.488,,,,,,,,,,,,,,,,,,,,,,,,,,,,,
9/1/2026,2025,20260646,23254,32258,PEMBINA COCHIN LLC,Crude Oil,INTERSTATE,IOWA,0,1.934,0,1.641,226.101,0,0,0,0,0,0,0,0,0,0,0,0,0,0,0,0,0,0,0,0,0,,,229.676,,,,,,,,,,,,,,,,,,,,,,,,,,,,,
9/1/2026,2025,20260646,23254,32258,PEMBINA COCHIN LLC,Crude Oil,INTERSTATE,MICHIGAN,0,0,0,0,12.269,0,0,0,0,0,0,0,0,0,0,0,0,0,0,0,0,0,0,0,0,0,,,12.269,,,,,,,,,,,,,,,,,,,,,,,,,,,,,
9/1/2026,2025,20260646,23254,32258,PEMBINA COCHIN LLC,Crude Oil,INTERSTATE,MINNESOTA,0,0,0,2.292,251.858,0,0,0,0,0,0,0,0,0,0,0,0,0,0,0,0,0,0,0,0,0,,,254.15,,,,,,,,,,,,,,,,,,,,,,,,,,,,,
9/1/2026,2025,20260646,23254,32258,PEMBINA COCHIN LLC,Crude Oil,INTERSTATE,NORTH DAKOTA,0,0,0,0.107,325.85,0,0,0,0,0,0,0,0,0,0,0,0,0,0,0,0,0,0,0,0,0,,,325.957,,,,,,,,,,,,,,,,,,,,,,,,,,,,,
9/1/2026,2025,20260646,23254,32258,PEMBINA COCHIN LLC,Crude Oil,INTERSTATE,OHIO,0,0,0,0.071,48.574,0,0,0,0,0,0,0,0,0,0,0,0,0,0,0,0,0,0,0,0,0,,,48.645,0,0,0,0,0,0,0,0,0,0,0,0,0,0,0,0,0,0,0,0,0,0,0,0,0,0,,,0
9/1/2026,2025,20260083,22663,32277,OXEA CORPORATION,HVL,INTRASTATE,TEXAS,0,51,0,0,0,0,0,0,0,0,0,0,0,0,0,0,0,0,0,0,0,0,0,0,0,0,,,51,0,0,0,0,0,0,0,0,0,0,0,0,0,0,0,0,0,0,0,0,0,0,0,0,0,0,,,0
9/1/2026,2025,20260124,22717,32283,"FRONT RANGE PIPELINE, LLC.",Crude Oil,INTRASTATE,MONTANA,0,24.2,22.97,56.92,0.35,0,325.54,0,0,0,0,0,0,0,0,0,0,0,0,0,0,0,0,0,0,0,,,429.98,0,0,0,0,0,0,0,0,0,0,0,0,0,0,0,0,0,0,0,0,0,0,0,0,0,0,,,0
9/1/2026,2025,20260405,23011,32284,PENNZOIL-QUAKER STATE D/B/A SOPUS PRODUCTS,Refined and/or Petroleum Product (non-HVL),INTRASTATE,CALIFORNIA,0,0,13.19,0,0,0,0,0,0,0,0,0,0,0,0,0,0,0,0,0,0,0,0,0,0,0,,,13.19,0,0,0,0,0,0,0,0,0,0,0,0,0,0,0,0,0,0,0,0,0,0,0,0,0,0,,,0
9/1/2026,2025,20260249,22848,32285,"WORSHAM-STEED GAS STORAGE, LLC",HVL,INTRASTATE,TEXAS,6.8,0,0,0,0,0,0,0,0,0,0,0,0,0,0,0,0,0,0,0,0,0,0,0,0,0,,,6.8,0,0,0,0,0,0,0,0,0,0,0,0,0,0,0,0,0,0,0,0,0,0,0,0,0,0,,,0
9/1/2026,2025,20260306,22908,32288,"WHITE CLIFFS PIPELINE, LLC",Crude Oil,INTERSTATE,COLORADO,0,0,0,0,155.33,0,0,0,0,0,0,0,0,0,0,0,0,0,0,0,0,0,0,0,0,0,,,155.33,,,,,,,,,,,,,,,,,,,,,,,,,,,,,
9/1/2026,2025,20260306,22908,32288,"WHITE CLIFFS PIPELINE, LLC",Crude Oil,INTERSTATE,KANSAS,0,0,0,0,283.23,0,0,0,0,0,0,0,0,0,0,0,0,0,0,0,0,0,0,0,0,0,,,283.23,,,,,,,,,,,,,,,,,,,,,,,,,,,,,
9/1/2026,2025,20260306,22908,32288,"WHITE CLIFFS PIPELINE, LLC",Crude Oil,INTERSTATE,OKLAHOMA,0,0,0,0,88.5,0,0,0,0,0,0,0,0,0,0,0,0,0,0,0,0,0,0,0,0,0,,,88.5,0,0,0,0,0,0,0,0,0,0,0,0,0,0,0,0,0,0,0,0,0,0,0,0,0,0,,,0
9/1/2026,2025,20260305,22907,32288,"WHITE CLIFFS PIPELINE, LLC",HVL,INTERSTATE,COLORADO,0,0,0,0,155.17,0,0,0,0,0,0,0,0,0,0,0,0,0,0,0,0,0,0,0,0,0,,,155.17,,,,,,,,,,,,,,,,,,,,,,,,,,,,,
9/1/2026,2025,20260305,22907,32288,"WHITE CLIFFS PIPELINE, LLC",HVL,INTERSTATE,KANSAS,0,0,0,0,282.96,0,0,0,0,0,0,0,0,0,0,0,0,0,0,0,0,0,0,0,0,0,,,282.96,,,,,,,,,,,,,,,,,,,,,,,,,,,,,
9/1/2026,2025,20260305,22907,32288,"WHITE CLIFFS PIPELINE, LLC",HVL,INTERSTATE,OKLAHOMA,0,0,0,0,101.23,0,0,0,0,0,0,0,0,0,0,0,0,0,0,0,0,0,0,0,0,0,,,101.23,0,0,0,0,0,0,0,0,0,0,0,0,0,0,0,0,0,0,0,0,0,0,0,0,0,0,,,0
9/1/2026,2025,20260455,23061,32296,TARGA RESOURCES OPERATING LLC,Crude Oil,INTRASTATE,NORTH DAKOTA,7.14,0.27,37.81,32.08,21.79,0,0.37,0,0,0,0,0,0,0,0,0,0,0,0,0,0,0,0,0,0,0,,,99.46,0,0,0,0,0,0,0,0,0,0,0,0,0,0,0,0,0,0,0,0,0,0,0,0,0,0,,,0
9/1/2026,2025,20260462,23068,32296,TARGA RESOURCES OPERATING LLC,HVL,INTERSTATE,LOUISIANA,25.75,0.14,0,0,0,0,0,0,0,0,0,0,0,0,0,0,0,0,0,0,0,0,0,0,0,0,,,25.89,0,0,0,0,0,0,0,0,0,0,0,0,0,0,0,0,0,0,0,0,0,0,0,0,0,0,,,0
9/1/2026,2025,20260462,23068,32296,TARGA RESOURCES OPERATING LLC,HVL,INTERSTATE,TEXAS,1.48,0.78,0,0,0,0,0,0,0,0,0,0,0,0,0,0,0,0,0,0,0,0,0,0,0,0,,,2.26,0,0,0,0,0,0,0,0,0,0,0,0,0,0,0,0,0,0,0,0,0,0,0,0,0,0,,,0
9/1/2026,2025,20260462,23068,32296,TARGA RESOURCES OPERATING LLC,HVL,INTRASTATE,LOUISIANA,64.31,244.17,47.41,15.07,6.25,4.34,5.07,0.02,33.64,26.98,0,0,0,0,0,0,0,0,0,0,0,0,0,0,0,0,,,447.26,0,0,0,0,0,0,0,0,0,0,0,0,0,0,0,0,0,0,0,0,0,0,0,0,0,0,,,0
9/1/2026,2025,20260462,23068,32296,TARGA RESOURCES OPERATING LLC,HVL,INTRASTATE,MISSISSIPPI,0,0,1.63,0,0,0,0,0,0,0,0,0,0,0,0,0,0,0,0,0,0,0,0,0,0,0,,,1.63,0,0,0,0,0,0,0,0,0,0,0,0,0,0,0,0,0,0,0,0,0,0,0,0,0,0,,,0
9/1/2026,2025,20260462,23068,32296,TARGA RESOURCES OPERATING LLC,HVL,INTRASTATE,TEXAS,1.29,1.23,1.35,1.17,1.31,0,0.97,0,0,0,0,0,0,0,0,0,0,0,0,0,0,0,0,0,0,0,,,7.32,0,0,0,0,0,0,0,0,0,0,0,0,0,0,0,0,0,0,0,0,0,0,0,0,0,0,,,0
9/1/2026,2025,20260379,22985,32296,TARGA RESOURCES OPERATING LLC,Refined and/or Petroleum Product (non-HVL),INTRASTATE,LOUISIANA,1.86,0,0,0,0,0,0,0,0,0,0,0,0,0,0,0,0,0,0,0,0,0,0,0,0,0,,,1.86,,,,,,,,,,,,,,,,,,,,,,,,,,,,,
9/1/2026,2025,20260379,22985,32296,TARGA RESOURCES OPERATING LLC,Refined and/or Petroleum Product (non-HVL),INTRASTATE,TEXAS,0.68,0,0,0,3.71,0,0,0,0,0,0,0,0,0,0,0,0,0,0,0,0,0,0,0,0,0,,,4.39,0,0,0,0,0,0,0,0,0,0,0,0,0,0,0,0,0,0,0,0,0,0,0,0,0,0,,,0
9/1/2026,2025,20260037,22604,32312,"REPSOL OIL & GAS USA, LLC",Crude Oil,INTRASTATE,TEXAS,0,0,0,0,0,0,0,0,0,0,0,0,0,0,0,0,0,0,0,0,0,0,0,0,0,0,,,0,0,0,0,0,0,0,0,0,0,0,0,0,0,0,0,0,0,0,0,0,0,0,0,0,0,0,,,0
9/1/2026,2025,20260227,22826,32327,TEXAS PIPELINE LLC,HVL,INTRASTATE,TEXAS,0,54.66,0,0,0,0,0,0,0,0,0,0,0,0,0,0,0,0,0,0,0,0,0,0,0,0,,,54.66,0,0,0,0,0,0,0,0,0,0,0,0,0,0,0,0,0,0,0,0,0,0,0,0,0,0,,,0
9/1/2026,2025,20260084,22664,32331,"PASADENA REFINING SYSTEM, INC.",Crude Oil,INTRASTATE,TEXAS,0,0,0,0,0,0.98,0.98,0,0,0,0.48,0,0,0,0,0,0,0,0,0,0,0,0,0,0,0,,,2.44,0,0,0,0,0,0,0,0,0,0,0,0,0,0,0,0,0,0,0,0,0,0,0,0,0,0,,,0
9/1/2026,2025,20260086,22666,32331,"PASADENA REFINING SYSTEM, INC.",HVL,INTRASTATE,TEXAS,5.113,0.039,0.078,0,0,0,0,0,0,0,0,0,0,0,0,0,0,0,0,0,0,0,0,0,0,0,,,5.23,0,0,0,0,0,0,0,0,0,0,0,0,0,0,0,0,0,0,0,0,0,0,0,0,0,0,,,0
9/1/2026,2025,20260085,22665,32331,"PASADENA REFINING SYSTEM, INC.",Refined and/or Petroleum Product (non-HVL),INTRASTATE,TEXAS,0,1.252,2.27,0.98,2.49,0,0.495,0,0,0,0,0,0,0,0,0,0.253,0,0.271,0,0,0,0,0,0,0,,,8.011,0,0,0,0,0,0,0,0,0,0,0,0,0,0,0,0,0,0,0,0,0,0,0,0,0,0,,,0
9/1/2026,2025,20260476,23082,32334,SOUTH BOW INFRASTRUCTURE OPERATIONS INC.,Crude Oil,INTERSTATE,ILLINOIS,0,0,0,0,0,0,0,0,0,0,0,0,0,58.3,0,0,0,0,0,0,0,0,0,0,0,0,,,58.3,0,0,0,0,0,0,0,0,0,0,0,0,0,0,0,0,0,0,0,0,0,0,0,0,0,0,,,0
9/1/2026,2025,20260476,23082,32334,SOUTH BOW INFRASTRUCTURE OPERATIONS INC.,Crude Oil,INTERSTATE,KANSAS,0,0,0,0,0,0,0,0,0,0,0,0,0,98.4,0,0,212,0,0,0,0,0,0,0,0,0,,,310.4,,,,,,,,,,,,,,,,,,,,,,,,,,,,,
9/1/2026,2025,20260476,23082,32334,SOUTH BOW INFRASTRUCTURE OPERATIONS INC.,Crude Oil,INTERSTATE,MISSOURI,0,0,0,0,0,0,0,0,0,0,0,0,0,275.8,0,0,0,0,0,0,0,0,0,0,0,0,,,275.8,,,,,,,,,,,,,,,,,,,,,,,,,,,,,
9/1/2026,2025,20260476,23082,32334,SOUTH BOW INFRASTRUCTURE OPERATIONS INC.,Crude Oil,INTERSTATE,NEBRASKA,0,0,0,0,0,0,0,0,0,0,0,0,0,214.8,0,0,2.6,0,0,0,0,0,0,0,0,0,,,217.4,,,,,,,,,,,,,,,,,,,,,,,,,,,,,
9/1/2026,2025,20260476,23082,32334,SOUTH BOW INFRASTRUCTURE OPERATIONS INC.,Crude Oil,INTERSTATE,NORTH DAKOTA,0,0,0,0,0,0,0,0,0,0,0,0,0,218.1,0,0,0,0,0,0,0,0,0,0,0,0,,,218.1,,,,,,,,,,,,,,,,,,,,,,,,,,,,,
9/1/2026,2025,20260476,23082,32334,SOUTH BOW INFRASTRUCTURE OPERATIONS INC.,Crude Oil,INTERSTATE,OKLAHOMA,0,0,0,0,0,0,0,0,0,0,1.53,0,0,0,0,0,240.2,0,0,0,0,0,0,0,0,0,,,241.73,,,,,,,,,,,,,,,,,,,,,,,,,,,,,
9/1/2026,2025,20260476,23082,32334,SOUTH BOW INFRASTRUCTURE OPERATIONS INC.,Crude Oil,INTERSTATE,SOUTH DAKOTA,0,0,0,0,0,0,0,0,0,0,0,0,0,220.3,0,0,0,0,0,0,0,0,0,0,0,0,,,220.3,,,,,,,,,,,,,,,,,,,,,,,,,,,,,
9/1/2026,2025,20260476,23082,32334,SOUTH BOW INFRASTRUCTURE OPERATIONS INC.,Crude Oil,INTERSTATE,TEXAS,0,0,0,0,0,0,0,0,0.43,0,0.5,0,0,0,0,0,386.85,0,0,0,0,0,0,0,0,0,,,387.78,,,,,,,,,,,,,,,,,,,,,,,,,,,,,
9/1/2026,2025,20260562,23168,32346,"TTLENRGES PTROCHM & REF USA, INC",Crude Oil,INTRASTATE,TEXAS,0,0,6.8,6.8,0,0,0,0,0,0,0,0,0,0,0,0,0,0,0,0,0,0,0,0,0,0,,,13.6,0,0,0,0,0,0,0,0,0,0,0,0,0,0,0,0,0,0,0,0,0,0,0,0,0,0,,,0
9/1/2026,2025,20260566,23172,32346,"TTLENRGES PTROCHM & REF USA, INC",HVL,INTRASTATE,TEXAS,12.81,5.56,0,0,0,0,0,0,0,0,0,0,0,0,0,0,0,0,0,0,0,0,0,0,0,0,,,18.37,0,0,0,0,0,0,0,0,0,0,0,0,0,0,0,0,0,0,0,0,0,0,0,0,0,0,,,0
9/1/2026,2025,20260563,23282,32346,"TTLENRGES PTROCHM & REF USA, INC",Refined and/or Petroleum Product (non-HVL),INTRASTATE,TEXAS,0,0,0,2.82,7.7,0,4.2,0,0,0,0,0,0,0,0,0,0,0,0,0,0,0,0,0,0,0,,,14.72,0,0,0,0,0,0,0,0,0,0,0,0,0,0,0,0,0,0,0,0,0,0,0,0,0,0,,,0
9/1/2026,2025,20260428,23034,32364,"VALERO REFINING-NEW ORLEANS, L.L.C.",Crude Oil,INTRASTATE,LOUISIANA,0,0,0,0,0,0,0,0,0,0,1.346,0,0,0,0,0,0,0,0,0,0,0,0,0,0,0,,,1.346,0,0,0,0,0,0,0,0,0,0,0,0,0,0,0,0,0,0,0,0,0,0,0,0,0,0,,,0
9/1/2026,2025,20260431,23037,32364,"VALERO REFINING-NEW ORLEANS, L.L.C.",HVL,INTRASTATE,LOUISIANA,0,1.563,0,0,0,0,0,0,0,0,0,0,0,0,0,0,0,0,0,0,0,0,0,0,0,0,,,1.563,0,0,0,0,0,0,0,0,0,0,0,0,0,0,0,0,0,0,0,0,0,0,0,0,0,0,,,0
9/1/2026,2025,20260432,23038,32364,"VALERO REFINING-NEW ORLEANS, L.L.C.",Refined and/or Petroleum Product (non-HVL),INTRASTATE,LOUISIANA,0,0,0,0,0,0,0,0,0,0,1.621,0,0,0,0,0,0,0,0,0,0,0,0,0,0,0,,,1.621,0,0,0,0,0,0,0,0,0,0,0,0,0,0,0,0,0,0,0,0,0,0,0,0,0,0,,,0
9/1/2026,2025,20260482,23088,32407,"GENESIS PIPELINE TEXAS, L.P.",Crude Oil,INTRASTATE,TEXAS,0,0,90.69,0.52,2.39,0,0,0,0,0,0,0,0,0,0,0,0,0,0,0,0,0,0,0,0,0,,,93.6,0,0,0,0,0,0,0,0,0,0,0,0,0,0,0,0,0,0,0,0,0,0,0,0,0,0,,,0
9/1/2026,2025,20260481,23087,32411,"GENESIS PIPELINE ALABAMA, LLC",Crude Oil,INTRASTATE,ALABAMA,0,0,31.44,0,0,0,0,0,0,0,0,0,0,0,0,0,0,0,0,0,0,0,0,0,0,0,,,31.44,0,0,0,0,0,0,0,0,0,0,0,0,0,0,0,0,0,0,0,0,0,0,0,0,0,0,,,0
9/1/2026,2025,20260633,23241,32428,"INTERCONTINENTAL TERMINAL COMPANY, LLC",HVL,INTRASTATE,TEXAS,2.054,0,1.138,0,0,0,0,0,0,0,0,0,0,0,0,0,0,0,0,0,0,0,0,0,0,0,,,3.192,0,0,0,0,0,0,0,0,0,0,0,0,0,0,0,0,0,0,0,0,0,0,0,0,0,0,,,0
9/1/2026,2025,20260634,23242,32428,"INTERCONTINENTAL TERMINAL COMPANY, LLC",Refined and/or Petroleum Product (non-HVL),INTRASTATE,TEXAS,0,0,0,0,11.97,0,0,0,0,0,0,0,0,0,0,0,0,0,0,0,0,0,0,0,0,0,,,11.97,0,0,0,0,0,0,0,0,0,0,0,0,0,0,0,0,0,0,0,0,0,0,0,0,0,0,,,0
9/1/2026,2025,20260578,23184,32445,TARGA SOUTHTEX NGL PIPELINE LTD.,HVL,INTRASTATE,TEXAS,29.5,39.87,6.31,27.26,0,0,0,0,0,0,0,0,0,0,0,0,0,0,0,0,0,0,0,0,0,0,,,102.94,0,0,0,0,0,0,0,0,0,0,0,0,0,0,0,0,0,0,0,0,0,0,0,0,0,0,,,0
9/1/2026,2025,20260375,22981,32445,TARGA SOUTHTEX NGL PIPELINE LTD.,Refined and/or Petroleum Product (non-HVL),INTRASTATE,TEXAS,1.37,0,0,3.49,0,0,0,0,0,0,0,0,0,0,0,0,0,0,0,0,0,0,0,0,0,0,,,4.86,,,,,,,,,,,,,,,,,,,,,,,,,,,,,
9/1/2026,2025,20260386,22992,32450,"ROADRUNNER PIPELINE, L.L.C.",Crude Oil,INTERSTATE,NEW MEXICO,0,0,0,0,0,0,22.63,0,0,0,0,0,0,0,0,0,0,0,0,0,0,0,0,0,0,0,,,22.63,0,0,0,0,0,0,0,0,0,0,0,0,0,0,0,0,0,0,0,0,0,0,0,0,0,0,,,0
9/1/2026,2025,20260386,22992,32450,"ROADRUNNER PIPELINE, L.L.C.",Crude Oil,INTERSTATE,TEXAS,0,0,0,0,0,0,46.7,0,0,0,0,0,0,0,0,0,0,0,0,0,0,0,0,0,0,0,,,46.7,0,0,0,0,0,0,0,0,0,0,0,0,0,0,0,0,0,0,0,0,0,0,0,0,0,0,,,0
9/1/2026,2025,20260624,23232,32453,BPX (EAGLE FORD) GATHERING LLC,Crude Oil,INTRASTATE,TEXAS,0,0,4.72,0,42.04,0,0,0,0,0,0,0,0,0,0,0,0,0,0,0,0,0,0,0,0,0,,,46.76,0,0,0,0,0,0,0,0,0,0,0,0,0,0,0,0,0,0,0,0,0,0,0,0,0,0,,,0
9/1/2026,2025,20260026,22586,32473,OP RENO LLC,Refined and/or Petroleum Product (non-HVL),INTRASTATE,NEVADA,0,0,0,0,0,0,0,0,0,0,0,0,0,0,0,0,0,0,0,0,0,0,0,0,0,0,,,0,0,0,0,0,0,0,0,0,0,0,0,0,0,0,0,0,0,0,0,0,0,0,0,0,0,0,,,0
9/1/2026,2025,20260369,22975,32476,"TREETOP MIDSTREAM SERVICES, LLC",CO2,INTRASTATE,MISSISSIPPI,0,0.265,0,0,0,0,0,0,0,0,0,0,0,0,0,0,0,0,0,0,0,0,0,0,0,0,,,0.265,0,0,0,0,0,0,0,0,0,0,0,0,0,0,0,0,0,0,0,0,0,0,0,0,0,0,,,0
9/1/2026,2025,20260479,23085,32492,"GENESIS CRUDE OIL, L.P.",Crude Oil,INTRASTATE,LOUISIANA,0,0,2.16,0,0,0,0,0,0,0,0,0,0,0,0,0,0,0,0,0,0,0,0,0,0,0,,,2.16,0,0,0,0,0,0,0,0,0,0,0,0,0,0,0,0,0,0,0,0,0,0,0,0,0,0,,,0
9/1/2026,2025,20260507,23113,32493,"UNEV PIPELINE, LLC",Refined and/or Petroleum Product (non-HVL),INTERSTATE,NEVADA,0,0,0,0,70.88,0,0,0,0,0,0,0,0,0,0,0,0,0,0,0,0,0,0,0,0,0,,,70.88,0,0,0,0,0,0,0,0,0,0,0,0,0,0,0,0,0,0,0,0,0,0,0,0,0,0,,,0
9/1/2026,2025,20260507,23113,32493,"UNEV PIPELINE, LLC",Refined and/or Petroleum Product (non-HVL),INTERSTATE,UTAH,0,0,9.71,0,345.94,0,0,0,0,0,0,0,0,0,0,0,0,0,0,0,0,0,0,0,0,0,,,355.65,0,0,0,0,0,0,0,0,0,0,0,0,0,0,0,0,0,0,0,0,0,0,0,0,0,0,,,0
9/1/2026,2025,20260536,23142,32495,"DELAWARE PIPELINE COMPANY, LLC",Refined and/or Petroleum Product (non-HVL),INTERSTATE,DELAWARE,0,0,0,0,0,0,20.21,0,0,0,0,0,0,0,0,0,0,0,0,0,0,0,0,0,0,0,,,20.21,0,0,0,0,0,0,0,0,0,0,0,0,0,0,0,0,0,0,0,0,0,0,0,0,0,0,,,0
9/1/2026,2025,20260536,23142,32495,"DELAWARE PIPELINE COMPANY, LLC",Refined and/or Petroleum Product (non-HVL),INTERSTATE,PENNSYLVANIA,0,0,0,0,0,0,3.17,0,0,0,0,0,0,0,0,0,0,0,0,0,0,0,0,0,0,0,,,3.17,0,0,0,0,0,0,0,0,0,0,0,0,0,0,0,0,0,0,0,0,0,0,0,0,0,0,,,0
9/1/2026,2025,20260610,23218,32502,ENBRIDGE PIPELINES (SOUTHERN LIGHTS) L.L.C.,Refined and/or Petroleum Product (non-HVL),INTERSTATE,ILLINOIS,0,0,0,0,0,0,0,0,146.024,0,0,0,0,0,0,0,0,0,0,0,0,0,0,0,0,0,,,146.024,,,,,,,,,,,,,,,,,,,,,,,,,,,,,
9/1/2026,2025,20260610,23218,32502,ENBRIDGE PIPELINES (SOUTHERN LIGHTS) L.L.C.,Refined and/or Petroleum Product (non-HVL),INTERSTATE,MINNESOTA,0,0,0,0,0,0,0,107.853,176.973,0,0,0,0,0,0,0,0,0,0,0,0,0,0,0,0,0,,,284.826,,,,,,,,,,,,,,,,,,,,,,,,,,,,,
9/1/2026,2025,20260610,23218,32502,ENBRIDGE PIPELINES (SOUTHERN LIGHTS) L.L.C.,Refined and/or Petroleum Product (non-HVL),INTERSTATE,NORTH DAKOTA,0,0,0,0,0,0,0,28.029,0,0,0,0,0,0,0,0,0,0,0,0,0,0,0,0,0,0,,,28.029,,,,,,,,,,,,,,,,,,,,,,,,,,,,,
9/1/2026,2025,20260610,23218,32502,ENBRIDGE PIPELINES (SOUTHERN LIGHTS) L.L.C.,Refined and/or Petroleum Product (non-HVL),INTERSTATE,WISCONSIN,0,0,0,0,0,0,0,0,358.412,0,0,0,0,0,0,0,0,0,0,0,0,0,0,0,0,0,,,358.412,0,0,0,0,0,0,0,0,0,0,0,0,0,0,0,0,0,0,0,0,0,0,0,0,0,0,,,0
9/1/2026,2025,20260161,22754,32503,"CALUMET SHREVEPORT REFINING, LLC",Crude Oil,INTRASTATE,LOUISIANA,0,0,0,6.85,0,0,0,0,0,0,0,0,0,0,0,0,0,0,0,0,0,0,0,0,0,0,,,6.85,,,,,,,,,,,,,,,,,,,,,,,,,,,,,
9/1/2026,2025,20260078,22656,32520,CITY OF BANGOR,Refined and/or Petroleum Product (non-HVL),INTRASTATE,MAINE,0,0,0,0,0.934,0,0,0,0,0,0,0,0,0,0,0,0,0,0,0,0,0,0,0,0,0,,,0.934,0,0,0,0,0,0,0,0,0,0,0,0,0,0,0,0,0,0,0,0,0,0,0,0,0,0,,,0
9/1/2026,2025,20260328,22930,32537,WYOMING PIPELINE COMPANY,Crude Oil,INTRASTATE,WYOMING,0,37.69,13.42,0,0,0,0,0,0,0,0,0,0,0,0,0,0,0,0,0,0,0,0,0,0,0,,,51.11,0,0,0,0,0,0,0,0,0,0,0,0,0,0,0,0,0,0,0,0,0,0,0,0,0,0,,,0
9/1/2026,2025,20260336,22938,32540,ELECTRAGAS INC.,Crude Oil,INTRASTATE,TEXAS,0,0,0,0,0,0,0,0,0,0,0,0,0,0,0,0,0,0,0,0,0,0,0,0,0,0,,,0,3.3,0,0,0,0,0,0,0,0,0,0,0,0,0,0,0,0,0,0,0,0,0,0,0,0,0,,,3.3
9/1/2026,2025,20260518,23124,32541,"COPANO NGL SERVICES (MARKHAM), LLC",HVL,INTRASTATE,TEXAS,3.645,112.224,29.914,7.51,0,0,0,0,0,0,0,0,0,0,0,0,0,0,0,0,0,0,0,0,0,0,,,153.293,0,0,0,0,0,0,0,0,0,0,0,0,0,0,0,0,0,0,0,0,0,0,0,0,0,0,,,0
9/1/2026,2025,20260677,23288,32543,"DENBURY GREEN PIPELINE-TEXAS, LLC",CO2,INTERSTATE,TEXAS,0,0.35,0.25,0,0,0,11.84,0,0,0,119.06,0,0,0,0,0,0,0,0,0,0,0,0,0,0,0,,,131.5,0,0,0,0,0,0,0,0,0,0,0,0,0,0,0,0,0,0,0,0,0,0,0,0,0,0,,,0
9/1/2026,2025,20260680,23291,32545,"DENBURY GULF COAST PIPELINES, LLC",CO2,INTERSTATE,LOUISIANA,0,3.22,0,0,0,0,2.55,0,0,0,236.42,0,0,0,0,0,0,0,0,0,0,0,0,0,0,0,,,242.19,,,,,,,,,,,,,,,,,,,,,,,,,,,,,
9/1/2026,2025,20260680,23291,32545,"DENBURY GULF COAST PIPELINES, LLC",CO2,INTERSTATE,MISSISSIPPI,0,0,0,0,8.98,0,0,0,3.42,0,76.6,0,0,0,0,0,0,0,0,0,0,0,0,0,0,0,,,89,0,0,0,0,0,0,0,0,0,0,0,0,0,0,0,0,0,0,0,0,0,0,0,0,0,0,,,0
9/1/2026,2025,20260406,23012,32559,"ALON USA KROTZ SPRINGS REFINERY, INC",HVL,INTRASTATE,LOUISIANA,0,13.2,0,0,0,0,0,0,0,0,0,0,0,0,0,0,0,0,0,0,0,0,0,0,0,0,,,13.2,0,0,0,0,0,0,0,0,0,0,0,0,0,0,0,0,0,0,0,0,0,0,0,0,0,0,,,0
9/1/2026,2025,20260407,23013,32559,"ALON USA KROTZ SPRINGS REFINERY, INC",Refined and/or Petroleum Product (non-HVL),INTRASTATE,LOUISIANA,0,3,0,0,0,0,0,0,0,0,0,0,0,0,0,0,0,0,0,0,0,0,0,0,0,0,,,3,0,0,0,0,0,0,0,0,0,0,0,0,0,0,0,0,0,0,0,0,0,0,0,0,0,0,,,0
9/1/2026,2025,20260675,23286,32566,GREENCORE PIPELINE COMPANY LLC,CO2,INTERSTATE,MONTANA,0,0,0,0,0,0,0,0,8.73,0,0,0,0,0,0,0,0,0,0,0,0,0,0,0,0,0,,,8.73,0,0,0,0,0,0,0,0,0,0,0,0,0,0,0,0,0,0,0,0,0,0,0,0,0,0,,,0
9/1/2026,2025,20260675,23286,32566,GREENCORE PIPELINE COMPANY LLC,CO2,INTERSTATE,WYOMING,0,0,0,0,0,0,0,0,222.75,0,0,0,0,0,0,0,0,0,0,0,0,0,0,0,0,0,,,222.75,0,0,0,0,0,0,0,0,0,0,0,0,0,0,0,0,0,0,0,0,0,0,0,0,0,0,,,0
9/1/2026,2025,20260675,23286,32566,GREENCORE PIPELINE COMPANY LLC,CO2,INTRASTATE,WYOMING,0,0,3.59,0,0,0,0,0,0,0,0,0,0,0,0,0,0,0,0,0,0,0,0,0,0,0,,,3.59,0,0,0,0,0,0,0,0,0,0,0,0,0,0,0,0,0,0,0,0,0,0,0,0,0,0,,,0
9/1/2026,2025,20260186,22782,32572,"TOLEDO REFINING COMPANY, LLC",Refined and/or Petroleum Product (non-HVL),INTRASTATE,OHIO,0,0,2.09,0,0,0,0,0,0,0,0,0,0,0,0,0,0,0,0,0,0,0,0,0,0,0,,,2.09,0,0,0,0,0,0,0,0,0,0,0,0,0,0,0,0,0,0,0,0,0,0,0,0,0,0,,,0
9/1/2026,2025,20260216,23336,32575,"DEEPROCK OIL OPERATING, LLC",Crude Oil,INTRASTATE,OKLAHOMA,0,0,0,0,0,0,0,0,1,0,12.33,0,0,0,0,0,0,0,0,0,0,0,0,0,0,0,,,13.33,0,0,0,0,0,0,0,0,0,0,0,0,0,0,0,0,0,0,0,0,0,0,0,0,0,0,,,0
9/1/2026,2025,20260347,22949,32595,"HIGH POINT GAS GATHERING, LLC",Crude Oil,INTERSTATE,OCS-Gulf of America,0,0,0,0,0,0,0,0,0,0,0,0,0,0,0,0,0,0,0,0,0,0,0,0,0,0,,,0,0,0,0,6.138,0,0,0,0,0,0,0,0,0,0,0,0,0,0,0,0,0,0,0,0,0,0,,,6.138
9/1/2026,2025,20260053,22624,32599,"MCLEAN GAS PROCESSING, LLC",HVL,INTRASTATE,TEXAS,21,0,0,0,0,0,0,0,0,0,0,0,0,0,0,0,0,0,0,0,0,0,0,0,0,0,,,21,0,0,0,0,0,0,0,0,0,0,0,0,0,0,0,0,0,0,0,0,0,0,0,0,0,0,,,0
9/1/2026,2025,20260333,22935,32614,"BOARDWALK ETHANE PIPELINE COMPANY, LLC",HVL,INTERSTATE,LOUISIANA,0,78.33,44.83,108.39,50.13,0,0,0,0,0,0,0,0,0,0,0,0,0,0,0,0,0,0,0,0,0,,,281.68,,,,,,,,,,,,,,,,,,,,,,,,,,,,,
9/1/2026,2025,20260333,22935,32614,"BOARDWALK ETHANE PIPELINE COMPANY, LLC",HVL,INTERSTATE,TEXAS,0,1.68,56.17,4.24,26.03,0,0,0,0,0,0,0,0,0,0,0,0,0,0,0,0,0,0,0,0,0,,,88.12,,,,,,,,,,,,,,,,,,,,,,,,,,,,,
9/1/2026,2025,20260333,22935,32614,"BOARDWALK ETHANE PIPELINE COMPANY, LLC",HVL,INTRASTATE,LOUISIANA,0,3.66,0,0,0,0,0,0,0,0,0,0,0,0,0,0,0,0,0,0,0,0,0,0,0,0,,,3.66,,,,,,,,,,,,,,,,,,,,,,,,,,,,,
9/1/2026,2025,20260539,23145,32619,"HILAND CRUDE, LLC",Crude Oil,INTRASTATE,NORTH DAKOTA,0.826,7.658,176.257,18.858,12.871,0,0,0,0,0,0,0,0,0,0,0,0,0,0,0,0,0,0,0,0,0,,,216.47,,,,,,,,,,,,,,,,,,,,,,,,,,,,,
9/1/2026,2025,20260389,22995,32634,"ENLINK PERMIAN, LLC",Crude Oil,INTERSTATE,NEW MEXICO,0,0.346,0,25.656,26.171,0,0.005,0,0,0,0,0,0,0,0,0,0,0,0,0,0,0,0,0,0,0,,,52.178,,,,,,,,,,,,,,,,,,,,,,,,,,,,,
9/1/2026,2025,20260389,22995,32634,"ENLINK PERMIAN, LLC",Crude Oil,INTERSTATE,TEXAS,0,14.969,5.652,5.191,55.619,0,2.569,0,0,0,0,0,0,0,0,0,0,0,0,0,0,0,0,0,0,0,,,84,,,,,,,,,,,,,,,,,,,,,,,,,,,,,
9/1/2026,2025,20260389,22995,32634,"ENLINK PERMIAN, LLC",Crude Oil,INTRASTATE,NEW MEXICO,0,0,0,0,0,0,0,0,0,0,0,0,0,0,0,0,0,0,0,0,0,0,0,0,0,0,,,0,,,,,,,,,,,,,,,,,,,,,,,,,,,,,
9/1/2026,2025,20260388,22994,32634,"ENLINK PERMIAN, LLC",HVL,INTRASTATE,TEXAS,3.439,29.778,24.432,15.699,0,0,0,0,0,0,0,0,0,0,0,0,0,0,0,0,0,0,0,0,0,0,,,73.348,,,,,,,,,,,,,,,,,,,,,,,,,,,,,
9/1/2026,2025,20260530,23136,32645,"HILCORP ALASKA, LLC",Crude Oil,INTRASTATE,ALASKA,0,0,0,13.9,0,0,0,0,0,0,0,0,0,0,0,0,0,0,0,0,0,0,0,0,0,0,,,13.9,0,1.58,19.58,0,0.03,0,0,0,0,0,0,0,0,0,0,0,0,0,0,0,0,0,0,0,0,0,,,21.19
9/1/2026,2025,20260689,23300,32645,"HILCORP ALASKA, LLC",Refined and/or Petroleum Product (non-HVL),INTRASTATE,ALASKA,2.567,0,0,0,0,0,0,0,0,0,0,0,0,0,0,0,0,0,0,0,0,0,0,0,0,0,,,2.567,9.218,0,0,0,0,0,0,0,0,0,0,0,0,0,0,0,0,0,0,0,0,0,0,0,0,0,,,9.218
9/1/2026,2025,20260068,22644,32650,"LEMM OPERATIONS, LLC",HVL,INTRASTATE,TENNESSEE,8.37,0.6,0,0,0,0,0,0,0,0,0,0,0,0,0,0,0,0,0,0,0,0,0,0,0,0,,,8.97,0,0,0,0,0,0,0,0,0,0,0,0,0,0,0,0,0,0,0,0,0,0,0,0,0,0,,,0
9/1/2026,2025,20260551,23157,32678,KINDER MORGAN CRUDE AND CONDENSATE LLC,Crude Oil,INTRASTATE,TEXAS,0,0,0,10.674,27.354,0,0.188,0,0.637,0,143.082,0,0,84.471,0,0,0,0,0,0,0,0,0,0,0,0,,,266.406,0,0,0,0,0,0,0,0,0,0,0,0,0,0,0,0,0,0,0,0,0,0,0,0,0,0,,,0
9/1/2026,2025,20260372,22978,32682,"GREENLEAF CO2 SOLUTIONS, LLC",CO2,INTRASTATE,MISSISSIPPI,0,0,0,0,0,0,5.1,0,0,0,0,0,0,0,0,0,0,0,0,0,0,0,0,0,0,0,,,5.1,0,0,0,0,0,0,0,0,0,0,0,0,0,0,0,0,0,0,0,0,0,0,0,0,0,0,,,0
9/1/2026,2025,20260304,22906,32683,INLAND CORPORATION,Refined and/or Petroleum Product (non-HVL),INTERSTATE,OHIO,0,169.52,135.37,218.61,72.71,0,0,0,0,0,0,0,0,0,0,0,0,0,0,0,0,0,0,0,0,0,5-inch diameter: 17.05 miles.,17.05,613.26,0,0,0,0,0,0,0,0,0,0,0,0,0,0,0,0,0,0,0,0,0,0,0,0,0,0,,,0
9/1/2026,2025,20260559,23165,32688,WEST COAST TERMINAL PIPELINE  (WCTP),Crude Oil,INTRASTATE,CALIFORNIA,0.328,4.274,4.393,0.028,0.271,0,0.015,0,0,0,0.354,0,0,0,0,0,0,0,0,0,0,0,0,0,0,0,,,9.663,0,0,0,0,0,0,0,0,0,0,0,0,0,0,0,0,0,0,0,0,0,0,0,0,0,0,,,0
9/1/2026,2025,20260558,23164,32688,WEST COAST TERMINAL PIPELINE  (WCTP),Refined and/or Petroleum Product (non-HVL),INTERSTATE,OREGON,0,0,8.464,0,0,0,0,0,0,0,0,0,0,0,0,0,0,0,0,0,0,0,0,0,0,0,,,8.464,,,,,,,,,,,,,,,,,,,,,,,,,,,,,
9/1/2026,2025,20260558,23164,32688,WEST COAST TERMINAL PIPELINE  (WCTP),Refined and/or Petroleum Product (non-HVL),INTRASTATE,CALIFORNIA,0,5.275,1.607,6.645,5.367,0.609,0.334,0,0,0,0,0,0,0,0,0,0,0,0,0,0,0,0,0,0,0,,,19.837,0,0,0,0,0,0,0,0,0,0,0,0,0,0,0,0,0,0,0,0,0,0,0,0,0,0,,,0
9/1/2026,2025,20260354,22960,38893,PTE PIPELINE LLC,Crude Oil,INTERSTATE,ALASKA,0,0,0,0,22.26,0,0,0,0,0,0,0,0,0,0,0,0,0,0,0,0,0,0,0,0,0,,,22.26,0,0,0,0,0,0,0,0,0,0,0,0,0,0,0,0,0,0,0,0,0,0,0,0,0,0,,,0
9/1/2026,2025,20260726,23361,38894,"THUNDER BASIN PIPELINE, LLC",Crude Oil,INTRASTATE,WYOMING,18.42,15.95,10.2,0,0,0,0,0,0,0,0,0,0,0,0,0,0,0,0,0,0,0,0,0,0,0,,,44.57,0,0,0,0,0,0,0,0,0,0,0,0,0,0,0,0,0,0,0,0,0,0,0,0,0,0,,,0
9/1/2026,2025,20260553,23159,38895,KINDER MORGAN SOUTHEAST TERMINALS,Fuel Grade Ethanol (dedicated system),INTRASTATE,NORTH CAROLINA,0,0.885,0,2.912,0,0,0,0,0,0,0,0,0,0,0,0,0,0,0,0,0,0,0,0,0,0,,,3.797,0,0,0,0,0,0,0,0,0,0,0,0,0,0,0,0,0,0,0,0,0,0,0,0,0,0,,,0
9/1/2026,2025,20260651,23259,38922,MIPC LLC,HVL,INTRASTATE,PENNSYLVANIA,0,0.28,0,0,0,0,0,0,0,0,0,0,0,0,0,0,0,0,0,0,0,0,0,0,0,0,,,0.28,0,0,0,0,0,0,0,0,0,0,0,0,0,0,0,0,0,0,0,0,0,0,0,0,0,0,,,0
9/1/2026,2025,20260652,23260,38922,MIPC LLC,Refined and/or Petroleum Product (non-HVL),INTERSTATE,NEW JERSEY,0,0,5.94,0,0,0,0,0,0,0,0,0,0,0,0,0,0,0,0,0,0,0,0,0,0,0,,,5.94,0,0,0,0,0,0,0,0,0,0,0,0,0,0,0,0,0,0,0,0,0,0,0,0,0,0,,,0
9/1/2026,2025,20260652,23260,38922,MIPC LLC,Refined and/or Petroleum Product (non-HVL),INTERSTATE,PENNSYLVANIA,0,0,17.53,0,0,0,0,0,0,0,0,0,0,0,0,0,0,0,0,0,0,0,0,0,0,0,,,17.53,0,0,0,0,0,0,0,0,0,0,0,0,0,0,0,0,0,0,0,0,0,0,0,0,0,0,,,0
9/1/2026,2025,20260652,23260,38922,MIPC LLC,Refined and/or Petroleum Product (non-HVL),INTRASTATE,PENNSYLVANIA,0,0,23.517,4.286,0,0,0,0,0,0,0,0,0,0,0,0,0,0,0,0,0,0,0,0,0,0,,,27.803,0,0,0,0,0,0,0,0,0,0,0,0,0,0,0,0,0,0,0,0,0,0,0,0,0,0,,,0
9/1/2026,2025,20260400,23006,38924,NGL CRUDE TERMINALS,Crude Oil,INTRASTATE,COLORADO,0,0,0,0,17,0,0,0,2,0,0,0,0,0,0,0,0,0,0,0,0,0,0,0,0,0,,,19,0,0,0,0,0,0,0,0,0,0,0,0,0,0,0,0,0,0,0,0,0,0,0,0,0,0,,,0
9/1/2026,2025,20260400,23006,38924,NGL CRUDE TERMINALS,Crude Oil,INTRASTATE,LOUISIANA,0,0,0,0,2.78,0,0,0,0,0,0,0,0,0,0,0,0,0,0,0,0,0,0,0,0,0,,,2.78,0,0,0,0,0,0,0,0,0,0,0,0,0,0,0,0,0,0,0,0,0,0,0,0,0,0,,,0
9/1/2026,2025,20260400,23006,38924,NGL CRUDE TERMINALS,Crude Oil,INTRASTATE,OKLAHOMA,0,0,0.8,0,0,0,0,0,0,0,11.5,0,0,0,0,0,0,0,0,0,0,0,0,0,0,0,,,12.3,0,0,0,0,0,0,0,0,0,0,0,0,0,0,0,0,0,0,0,0,0,0,0,0,0,0,,,0
9/1/2026,2025,20260176,22770,38926,BLACK BEAR MIDSTREAM LLC,HVL,INTRASTATE,LOUISIANA,0,40.1,0,0,0,0,0,0,0,0,0,0,0,0,0,0,0,0,0,0,0,0,0,0,0,0,,,40.1,0,0,0,0,0,0,0,0,0,0,0,0,0,0,0,0,0,0,0,0,0,0,0,0,0,0,,,0
9/1/2026,2025,20260051,22621,38927,UGI ENERGY SERVICES,HVL,INTRASTATE,OHIO,0,0,0,0,0,0,14.181,0,22.073,0,0,0,0,0,0,0,0,0,0,0,0,0,0,0,0,0,,,36.254,0,0,0,0,0,0,0,0,0,0,0,0,0,0,0,0,0,0,0,0,0,0,0,0,0,0,,,0
9/1/2026,2025,20260002,22559,38930,"PATOKA TERMINAL COMPANY, LLC",Crude Oil,INTRASTATE,ILLINOIS,0,0,0,0,0,0,0.45,0,0,0,0,0,0,0,0,0,0,0,0,0,0,0,0,0,0,0,,,0.45,0,0,0,0,0,0,0,0,0,0,0,0,0,0,0,0,0,0,0,0,0,0,0,0,0,0,,,0
9/1/2026,2025,20260190,22788,38937,"PALO DURO TEG, LLC",HVL,INTRASTATE,TEXAS,10.572,39.85,22.47,0,14.076,0,51.288,0,0,0,0,0,0,0,0,0,0,0,0,0,0,0,0,0,0,0,,,138.256,0,0,0,0,0,0,0,0,0,0,0,0,0,0,0,0,0,0,0,0,0,0,0,0,0,0,,,0
9/1/2026,2025,20260596,23204,38945,BAKKEN PIPELINE COMPANY LP,Crude Oil,INTERSTATE,NORTH DAKOTA,0,0,0,0,75.21,0,0,0,0,0,0,0,0,0,0,0,0,0,0,0,0,0,0,0,0,0,,,75.21,0,0,0,0,0,0,0,0,0,0,0,0,0,0,0,0,0,0,0,0,0,0,0,0,0,0,,,0
9/1/2026,2025,20260449,23055,38964,"BELLWETHER DISTRICT HOLDINGS, LLC",HVL,INTRASTATE,PENNSYLVANIA,0,0,0.28,0,0.28,0,0,0,0,0,0,0,0,0,0,0,0,0,0,0,0,0,0,0,0,0,,,0.56,0,0,0,0,0,0,0,0,0,0,0,0,0,0,0,0,0,0,0,0,0,0,0,0,0,0,,,0
9/1/2026,2025,20260448,23054,38964,"BELLWETHER DISTRICT HOLDINGS, LLC",Refined and/or Petroleum Product (non-HVL),INTRASTATE,PENNSYLVANIA,0,0,0,1.12,1.68,0.42,2.38,0,0,0,2.87,0,0,0,0,0,0,0,0,0,0,0,0,0,0,0,,,8.47,0,0,0,0,0,0,0,0,0,0,0,0,0,0,0,0,0,0,0,0,0,0,0,0,0,0,,,0
9/1/2026,2025,20260718,23352,38989,EMERALD GATHERING AND TRANSMISSION,Crude Oil,INTRASTATE,TEXAS,0,1.731,0,0,0,0,0,0,0,0,0,0,0,0,0,0,0,0,0,0,0,0,0,0,0,0,,,1.731,0,9.005,0,0,0,0,0,0,0,0,0,0,0,0,0,0,0,0,0,0,0,0,0,0,0,0,,,9.005
9/1/2026,2025,20260250,22849,39010,"BLUE RACER MIDSTREAM, LLC",HVL,INTERSTATE,OHIO,0,0,27.568,0,0,0,0,0,0,0,0,0,0,0,0,0,0,0,0,0,0,0,0,0,0,0,,,27.568,0,0,0,0,0,0,0,0,0,0,0,0,0,0,0,0,0,0,0,0,0,0,0,0,0,0,,,0
9/1/2026,2025,20260250,22849,39010,"BLUE RACER MIDSTREAM, LLC",HVL,INTERSTATE,WEST VIRGINIA,0,0,58.145,15.535,0,0,0,0,0,0,0,0,0,0,0,0,0,0,0,0,0,0,0,0,0,0,,,73.68,,,,,,,,,,,,,,,,,,,,,,,,,,,,,
9/1/2026,2025,20260351,22954,39012,"SUMMIT MIDSTREAM PARTNERS, LLC",Crude Oil,INTRASTATE,NORTH DAKOTA,0,5.07,22.24,67.16,3.7,0,0,0,0,0,0,0,0,0,0,0,0,0,0,0,0,0,0,0,0,0,,,98.17,0,0,0,0,0,0,0,0,0,0,0,0,0,0,0,0,0,0,0,0,0,0,0,0,0,0,,,0
9/1/2026,2025,20260271,22871,39012,"SUMMIT MIDSTREAM PARTNERS, LLC",HVL,INTRASTATE,COLORADO,6.1,0.46,10.97,0,0,0,0,0,0,0,0,0,0,0,0,0,0,0,0,0,0,0,0,0,0,0,,,17.53,0,0,0,0,0,0,0,0,0,0,0,0,0,0,0,0,0,0,0,0,0,0,0,0,0,0,,,0
9/1/2026,2025,20260303,22905,39020,"ENABLE BAKKEN CRUDE SERVICES, LLC",Crude Oil,INTRASTATE,NORTH DAKOTA,0.61,25.47,3.58,0,0,0,0,0,0,0,0,0,0,0,0,0,0,0,0,0,0,0,0,0,0,0,,,29.66,0,0,0,0,0,0,0,0,0,0,0,0,0,0,0,0,0,0,0,0,0,0,0,0,0,0,,,0
9/1/2026,2025,20260547,23153,39023,DOUBLE EAGLE PIPELINE LLC,Crude Oil,INTRASTATE,TEXAS,0,0.227,0.09,0,141.383,35.696,26.916,0,0,0,0,0,0,0,0,0,0,0,0,0,0,0,0,0,0,0,,,204.312,0,0,0,0,0,0,0,0,0,0,0,0,0,0,0,0,0,0,0,0,0,0,0,0,0,0,,,0
9/1/2026,2025,20260213,22811,39043,"TALLGRASS PONY EXPRESS PIPELINE, LLC",Crude Oil,INTERSTATE,COLORADO,0,0,0,0,93.54,0,14.42,0,83.27,65.13,47.5,0,0,0,0,0,0,0,0,0,0,0,0,0,0,0,,,303.86,0,0,0,0,0,0,0,0,0,0,0,0,0,0,0,0,0,0,0,0,0,0,0,0,0,0,,,0
9/1/2026,2025,20260213,22811,39043,"TALLGRASS PONY EXPRESS PIPELINE, LLC",Crude Oil,INTERSTATE,KANSAS,0,0.15,0,0,0,0,12.65,0,0,122.56,230.98,0,0,0,0,0,0,0,0,0,0,0,0,0,0,0,,,366.34,,,,,,,,,,,,,,,,,,,,,,,,,,,,,
9/1/2026,2025,20260213,22811,39043,"TALLGRASS PONY EXPRESS PIPELINE, LLC",Crude Oil,INTERSTATE,NEBRASKA,0,0,0,0,0,0,0,0,41.94,56.1,0,0,0,0,0,0,0,0,0,0,0,0,0,0,0,0,,,98.04,,,,,,,,,,,,,,,,,,,,,,,,,,,,,
9/1/2026,2025,20260213,22811,39043,"TALLGRASS PONY EXPRESS PIPELINE, LLC",Crude Oil,INTERSTATE,OKLAHOMA,0,0,0,0,0.04,0,0,0,0,0,82.89,0,0,0,0,0,0,0,0,0,0,0,0,0,0,0,,,82.93,,,,,,,,,,,,,,,,,,,,,,,,,,,,,
9/1/2026,2025,20260213,22811,39043,"TALLGRASS PONY EXPRESS PIPELINE, LLC",Crude Oil,INTERSTATE,WYOMING,0,0,0,0,15.72,0,0,0,81.84,0,92.82,0,0,0,0,0,0,0,0,0,0,0,0,0,0,0,,,190.38,,,,,,,,,,,,,,,,,,,,,,,,,,,,,
9/1/2026,2025,20260725,23360,39046,"BRIDGER SWAN RANCH, LLC",Crude Oil,INTRASTATE,WYOMING,0,0,0,4.46,0,0,0,0,0,0,0,0,0,0,0,0,0,0,0,0,0,0,0,0,0,0,,,4.46,0,0,0,0,0,0,0,0,0,0,0,0,0,0,0,0,0,0,0,0,0,0,0,0,0,0,,,0
9/1/2026,2025,20260486,23092,39047,"GEL OFFSHORE PIPELINE, LLC",Crude Oil,INTERSTATE,OCS-Gulf of America,0,0,0,0,0,0,0,0,0,0,0,0,0,0,0,0,0,0,0,0,0,0,0,0,0,0,,,0,0,0,60.09,0,0,0,0,0,0,0,0,0,0,0,0,0,0,0,0,0,0,0,0,0,0,0,,,60.09
9/1/2026,2025,20260120,23333,39050,"CASPER CRUDE TO RAIL, LLC",Crude Oil,INTERSTATE,WYOMING,0,0,0,0,0,0,6.23,0,0,0,6.22,0,0,0,0,0,0,0,0,0,0,0,0,0,0,0,,,12.45,0,0,0,0,0,0,0,0,0,0,0,0,0,0,0,0,0,0,0,0,0,0,0,0,0,0,,,0
9/1/2026,2025,20260510,23116,39065,HESS ND,Crude Oil,INTRASTATE,NORTH DAKOTA,0,0.35,2.42,52.77,40.56,4.09,3.63,0,0,0,0,0,0,0,0,0,0,0,0,0,0,0,0,0,0,0,,,103.82,,,,,,,,,,,,,,,,,,,,,,,,,,,,,
9/1/2026,2025,20260513,23119,39065,HESS ND,HVL,INTRASTATE,NORTH DAKOTA,32.94,23.18,24.36,8.86,0.31,0,0,0,0,0,0,0,0,0,0,0,0,0,0,0,0,0,0,0,0,0,,,89.65,,,,,,,,,,,,,,,,,,,,,,,,,,,,,
9/1/2026,2025,20260505,23111,39065,HESS ND,Refined and/or Petroleum Product (non-HVL),INTRASTATE,NORTH DAKOTA,0,3.8,0,0,0,0,0,0,0,0,0,0,0,0,0,0,0,0,0,0,0,0,0,0,0,0,,,3.8,0,0,0,0,0,0,0,0,0,0,0,0,0,0,0,0,0,0,0,0,0,0,0,0,0,0,,,0
9/1/2026,2025,20260104,22687,39069,EMPIRE MIDSTREAM LLC,Crude Oil,INTERSTATE,OCS-Gulf of America,0,0,0,0,0,0,0,0,0,0,0,0,0,0,0,0,0,0,0,0,0,0,0,0,0,0,,,0,0,0,39.82,0,66.64,0,0,0,0,0,0,0,0,0,0,0,0,0,0,0,0,0,0,0,0,0,,,106.46
9/1/2026,2025,20260104,22687,39069,EMPIRE MIDSTREAM LLC,Crude Oil,INTRASTATE,LOUISIANA,0,0.234,0.169,0.1,0.356,0,0.174,0.033,0,0,0,0,0,0,0,0,0,0,0,0,0,0,0,0,0,0,,,1.066,0,0,0,0,0,0,0,0,0,0,0,0,0,0,0,0,0,0,0,0,0,0,0,0,0,0,,,0
9/1/2026,2025,20260023,22583,39073,METHANEX BEAUMONT LLC,Refined and/or Petroleum Product (non-HVL),INTRASTATE,TEXAS,4.58,1.24,0,0,0,0,0,0,0,0,0,0,0,0,0,0,0,0,0,0,0,0,0,0,0,0,,,5.82,0,0,0,0,0,0,0,0,0,0,0,0,0,0,0,0,0,0,0,0,0,0,0,0,0,0,,,0
9/1/2026,2025,20260554,23160,39084,"CRESCENT MIDSTREAM, LLC",Crude Oil,INTERSTATE,LOUISIANA,0,5.426,11.307,31.215,192.061,0,162.247,0,19.58,0,0,0,0,0,0,0,0,0,0,0,0,0,0,0,0,0,,,421.836,0,0,0,0,35.956,0,0,0,0,0,0,0,0,0,0,0,0,0,0,0,0,0,0,0,0,0,,,35.956
9/1/2026,2025,20260554,23160,39084,"CRESCENT MIDSTREAM, LLC",Crude Oil,INTERSTATE,OCS-Gulf of America,0,0,0,0,0,0,0,0,0,0,0,0,0,0,0,0,0,0,0,0,0,0,0,0,0,0,,,0,0,37.158,103.595,57.495,288.438,0,28.49,0,0,0,0,0,0,0,0,0,0,0,0,0,0,0,0,0,0,0,,,515.176
9/1/2026,2025,20260019,22579,39090,"NUTAAQ PIPELINE, LLC",Crude Oil,INTRASTATE,ALASKA,0,0,0,0,25.05,0,0,0,0,0,0,0,0,0,0,0,0,0,0,0,0,0,0,0,0,0,,,25.05,0,0,0,0,0,0,0,0,0,0,0,0,0,0,0,0,0,0,0,0,0,0,0,0,0,0,,,0
9/1/2026,2025,20260732,23373,39099,CALIBER NORTH DAKOTA LLC,Crude Oil,INTRASTATE,NORTH DAKOTA,0,0.24,0,0,10.81,0,11.74,0,0,0,0,0,0,0,0,0,0,0,0,0,0,0,0,0,0,0,,,22.79,0,0,0,0,0,0,0,0,0,0,0,0,0,0,0,0,0,0,0,0,0,0,0,0,0,0,,,0
9/1/2026,2025,20260397,23003,39105,VALERO PARTNERS OPERATING CO. LLC,Crude Oil,INTERSTATE,MISSISSIPPI,0,0,0,18.52,8.462,4.543,0,0,6.384,0,0,0,0,0,0,0,0,0,0,0,0,0,0,0,0,0,,,37.909,0,0,0,0,0,0,0,0,0,0,0,0,0,0,0,0,0,0,0,0,0,0,0,0,0,0,,,0
9/1/2026,2025,20260397,23003,39105,VALERO PARTNERS OPERATING CO. LLC,Crude Oil,INTERSTATE,OKLAHOMA,0,36.492,0,0,0,0,0,0,0,0,0,0,0,0,0,0,0,0,0,0,0,0,0,0,0,0,,,36.492,0,0,0,0,0,0,0,0,0,0,0,0,0,0,0,0,0,0,0,0,0,0,0,0,0,0,,,0
9/1/2026,2025,20260397,23003,39105,VALERO PARTNERS OPERATING CO. LLC,Crude Oil,INTERSTATE,TENNESSEE,0,0,0,0.377,0,0,0,0,13.614,0,0,0,0,0,0,0,0,0,0,0,0,0,0,0,0,0,,,13.991,0,0,0,0,0,0,0,0,0,0,0,0,0,0,0,0,0,0,0,0,0,0,0,0,0,0,,,0
9/1/2026,2025,20260397,23003,39105,VALERO PARTNERS OPERATING CO. LLC,Crude Oil,INTERSTATE,TEXAS,0,67.362,26.289,15.19,0,0,0,0,0,0,0,0,0,12.395,5.468,0,0,0,0,0,0,0,0,0,0,0,,,126.704,0,0,0,0,0,0,0,0,0,0,0,0,0,0,0,0,0,0,0,0,0,0,0,0,0,0,,,0
9/1/2026,2025,20260397,23003,39105,VALERO PARTNERS OPERATING CO. LLC,Crude Oil,INTRASTATE,TEXAS,0,0,0,0,1.787,0,0,0,0,0,0,0,0,0,0,0,0,0,0,0,0,0,0,0,0,0,,,1.787,0,0,0,0,0,0,0,0,0,0,0,0,0,0,0,0,0,0,0,0,0,0,0,0,0,0,,,0
9/1/2026,2025,20260373,22979,39105,VALERO PARTNERS OPERATING CO. LLC,Refined and/or Petroleum Product (non-HVL),INTERSTATE,ARKANSAS,0,0,0,0,0,0.793,0,0,0,0,0,0,0,0,0,0,0,0,0,0,0,0,0,0,0,0,,,0.793,0,0,0,0,0,0,0,0,0,0,0,0,0,0,0,0,0,0,0,0,0,0,0,0,0,0,,,0
9/1/2026,2025,20260373,22979,39105,VALERO PARTNERS OPERATING CO. LLC,Refined and/or Petroleum Product (non-HVL),INTERSTATE,LOUISIANA,0,0,0,0,0,0,86.942,0,0,0,0,0,0,0,0,0,0,0,0,0,0,0,0,0,0,0,,,86.942,0,0,0,0,0,0,0,0,0,0,0,0,0,0,0,0,0,0,0,0,0,0,0,0,0,0,,,0
9/1/2026,2025,20260373,22979,39105,VALERO PARTNERS OPERATING CO. LLC,Refined and/or Petroleum Product (non-HVL),INTERSTATE,MISSISSIPPI,0,0,0,0,0,0,55.685,0,0,0,0,0,0,0,0,0,0,0,0,0,0,0,0,0,0,0,,,55.685,0,0,0,0,0,0,0,0,0,0,0,0,0,0,0,0,0,0,0,0,0,0,0,0,0,0,,,0
9/1/2026,2025,20260373,22979,39105,VALERO PARTNERS OPERATING CO. LLC,Refined and/or Petroleum Product (non-HVL),INTERSTATE,OKLAHOMA,0,0,0,0,30.105,0,0,0,0,0,0,0,0,0,0,0,0,0,0,0,0,0,0,0,0,0,,,30.105,0,0,0,0,0,0,0,0,0,0,0,0,0,0,0,0,0,0,0,0,0,0,0,0,0,0,,,0
9/1/2026,2025,20260373,22979,39105,VALERO PARTNERS OPERATING CO. LLC,Refined and/or Petroleum Product (non-HVL),INTERSTATE,TENNESSEE,0,0,0,0,1.896,6.162,0,0,0,0,0,0,0,0,0,0,0,0,0,0,0,0,0,0,0,0,,,8.058,0,0,0,0,0,0,0,0,0,0,0,0,0,0,0,0,0,0,0,0,0,0,0,0,0,0,,,0
9/1/2026,2025,20260373,22979,39105,VALERO PARTNERS OPERATING CO. LLC,Refined and/or Petroleum Product (non-HVL),INTRASTATE,TENNESSEE,0,10.67,0,0,0,0,0,0,0,0,0,0,0,0,0,0,0,0,0,0,0,0,0,0,0,0,,,10.67,0,0,0,0,0,0,0,0,0,0,0,0,0,0,0,0,0,0,0,0,0,0,0,0,0,0,,,0
9/1/2026,2025,20260373,22979,39105,VALERO PARTNERS OPERATING CO. LLC,Refined and/or Petroleum Product (non-HVL),INTRASTATE,TEXAS,0,0,0,10.325,3.37,0,0,0,7.328,0,0,0,0,1.217,0,0,0.686,0,0,0,0,0,0,0,0,0,,,22.926,0,0,0,0,0,0,0,0,0,0,0,0,0,0,0,0,0,0,0,0,0,0,0,0,0,0,,,0
9/1/2026,2025,20260110,22697,39108,BLUEFISH PIPELINE LLC,Refined and/or Petroleum Product (non-HVL),INTRASTATE,NEW MEXICO,0,4.01,0,0,0,0,0,0,0,0,0,0,0,0,0,0,0,0,0,0,0,0,0,0,0,0,,,4.01,,,,,,,,,,,,,,,,,,,,,,,,,,,,,
9/1/2026,2025,20260110,22697,39108,BLUEFISH PIPELINE LLC,Refined and/or Petroleum Product (non-HVL),INTRASTATE,TEXAS,3.03,10.25,0,0,0,0,0,0,0,0,0,0,0,0,0,0,0,0,0,0,0,0,0,0,0,0,,,13.28,0,0,0,0,0,0,0,0,0,0,0,0,0,0,0,0,0,0,0,0,0,0,0,0,0,0,,,0
9/1/2026,2025,20260383,22989,39112,"ENLINK MIDSTREAM SERVICES, LLC",Crude Oil,INTRASTATE,OKLAHOMA,0.047,2.575,0.001,12.723,22.587,0,0,0,0,0,0,0,0,0,0,0,0,0,0,0,0,0,0,0,0,0,,,37.933,0,0,0,0,0,0,0,0,0,0,0,0,0,0,0,0,0,0,0,0,0,0,0,0,0,0,,,0
9/1/2026,2025,20260382,22988,39112,"ENLINK MIDSTREAM SERVICES, LLC",HVL,INTRASTATE,OKLAHOMA,0.001,0.001,0.003,13.131,0,0,0,0,0,0,0,0,0,0,0,0,0,0,0,0,0,0,0,0,0,0,,,13.136,,,,,,,,,,,,,,,,,,,,,,,,,,,,,
9/1/2026,2025,20260382,22988,39112,"ENLINK MIDSTREAM SERVICES, LLC",HVL,INTRASTATE,TEXAS,33.404,59.191,19.621,0,0,0,0,0,0,0,0,0,0,0,0,0,0,0,0,0,0,0,0,0,0,0,,,112.216,,,,,,,,,,,,,,,,,,,,,,,,,,,,,
9/1/2026,2025,20260251,22850,39122,UTICA EAST OHIO MIDSTREAM LLC,HVL,INTERSTATE,OHIO,0,0,15.905,0,0,0,0,0,0,0,0,0,0,0,0,0,0,0,0,0,0,0,0,0,0,0,,,15.905,,,,,,,,,,,,,,,,,,,,,,,,,,,,,
9/1/2026,2025,20260251,22850,39122,UTICA EAST OHIO MIDSTREAM LLC,HVL,INTRASTATE,OHIO,0,0,9.803,0,37.018,0,0,0,0,0,0,0,0,0,0,0,0,0,0,0,0,0,0,0,0,0,,,46.821,,,,,,,,,,,,,,,,,,,,,,,,,,,,,
9/1/2026,2025,20260095,22677,39135,"VICTORIA EXPRESS PIPELINE, L.L.C.",Crude Oil,INTRASTATE,TEXAS,0,0,0,0,56.94,0,0,0,0,0,0,0,0,0,0,0,0,0,0,0,0,0,0,0,0,0,,,56.94,0,0,0,0,0,0,0,0,0,0,0,0,0,0,0,0,0,0,0,0,0,0,0,0,0,0,,,0
9/1/2026,2025,20260335,22937,39138,"BOARDWALK LOUISIANA MIDSTREAM, LLC",HVL,INTRASTATE,LOUISIANA,8.49,58.02,86.39,0,44.07,0,6.66,0,0,0,0,0,0,0,0,0,0,0,0,0,0,0,0,0,0,0,,,203.63,,,,,,,,,,,,,,,,,,,,,,,,,,,,,
9/1/2026,2025,20260335,22937,39138,"BOARDWALK LOUISIANA MIDSTREAM, LLC",HVL,INTRASTATE,TEXAS,1.11,0,0,0,0,0,0,0,0,0,0,0,0,0,0,0,0,0,0,0,0,0,0,0,0,0,,,1.11,,,,,,,,,,,,,,,,,,,,,,,,,,,,,
9/1/2026,2025,20260612,23220,39145,ENBRIDGE STORAGE (CUSHING) L.L.C.,Crude Oil,INTERSTATE,OKLAHOMA,0,0.64,8.2,0,6.314,0,0,0,8.692,0,0,0,0,0.7,0,0,0,0,0,0,0,0,0,0,0,0,,,24.546,0,0,0,0,0,0,0,0,0,0,0,0,0,0,0,0,0,0,0,0,0,0,0,0,0,0,,,0
9/1/2026,2025,20260143,23376,39149,IMTT-BAYONNE,Refined and/or Petroleum Product (non-HVL),INTRASTATE,NEW JERSEY,0,0,0,0,0.67,0,1.93,0,0.34,0,0,0,0,0,0,0,0,0,0,0,0,0,0,0,0,0,,,2.94,0,0,0,0,0,0,0,0,0,0,0,0,0,0,0,0,0,0,0,0,0,0,0,0,0,0,,,0
9/1/2026,2025,20260577,23183,39156,TARGA FRIO LASALLE PIPELINE LP,HVL,INTRASTATE,TEXAS,0,0,0,0,48.93,0,0,0,0,0,0,0,0,0,0,0,0,0,0,0,0,0,0,0,0,0,,,48.93,0,0,0,0,0,0,0,0,0,0,0,0,0,0,0,0,0,0,0,0,0,0,0,0,0,0,,,0
9/1/2026,2025,20260272,22872,39179,"AMPLIFY ENERGY OPERATING, LLC",CO2,INTRASTATE,WYOMING,0,0,0,0,19.81,0,0,0,0,0,0,0,0,0,0,0,0,0,0,0,0,0,0,0,0,0,,,19.81,0,0,0,0,0,0,0,0,0,0,0,0,0,0,0,0,0,0,0,0,0,0,0,0,0,0,,,0
9/1/2026,2025,20260339,23400,39183,"MEDALLION OPERATING COMPANY, LLC",Crude Oil,INTRASTATE,TEXAS,3.7,53.22,107.93,183.64,154.3,0,133.41,0,9.23,0,0.62,0,0,0,0,0,0,0,0,0,0,0,0,0,0,0,,,646.05,0,0,0,0,0,0,0,0,0,0,0,0,0,0,0,0,0,0,0,0,0,0,0,0,0,0,,,0
9/1/2026,2025,20260025,22585,39189,"SANARE ENERGY PARTNERS, LLC",Crude Oil,INTERSTATE,LOUISIANA,0,0.24,0.24,0,0,0,0,0,0,0,0,0,0,0,0,0,0,0,0,0,0,0,0,0,0,0,,,0.48,0,3.61,3.61,0,0,0,0,0,0,0,0,0,0,0,0,0,0,0,0,0,0,0,0,0,0,0,,,7.22
9/1/2026,2025,20260025,22585,39189,"SANARE ENERGY PARTNERS, LLC",Crude Oil,INTERSTATE,OCS-Gulf of America,0,0,0,0,0,0,0,0,0,0,0,0,0,0,0,0,0,0,0,0,0,0,0,0,0,0,,,0,0,0.8,0.8,0,0,0,0,0,0,0,0,0,0,0,0,0,0,0,0,0,0,0,0,0,0,0,,,1.6
9/1/2026,2025,20260376,22982,39191,CONSOLIDATED EDISON CO OF NY,Refined and/or Petroleum Product (non-HVL),INTRASTATE,NEW YORK,0,0.91,0.01,0,0,0,0,0,0,0,0,0,0,0,0,0,0,0,0,0,0,0,0,0,0,0,,,0.92,,,,,,,,,,,,,,,,,,,,,,,,,,,,,
9/1/2026,2025,20260724,23359,39196,CHEYENNE RAIL HUB,Crude Oil,INTRASTATE,WYOMING,0,0,0,0,1.8,0,0,0,0,0,0,0,0,0,0,0,0,0,0,0,0,0,0,0,0,0,,,1.8,0,0,0,0,0,0,0,0,0,0,0,0,0,0,0,0,0,0,0,0,0,0,0,0,0,0,,,0
9/1/2026,2025,20260302,22904,39205,"DAPL-ETCO OPERATIONS MANAGEMENT, LLC",Crude Oil,INTERSTATE,ARKANSAS,0,0,0,0,0,0,0,0,0,0,0,0,0,19.72,0,0,0,0,0,0,0,0,0,0,0,0,,,19.72,,,,,,,,,,,,,,,,,,,,,,,,,,,,,
9/1/2026,2025,20260302,22904,39205,"DAPL-ETCO OPERATIONS MANAGEMENT, LLC",Crude Oil,INTERSTATE,ILLINOIS,0,0,0,0,0,0,0,0,0,0,0,0,0,320.45,0,0,0,0,0,0,0,0,0,0,0,0,,,320.45,,,,,,,,,,,,,,,,,,,,,,,,,,,,,
9/1/2026,2025,20260302,22904,39205,"DAPL-ETCO OPERATIONS MANAGEMENT, LLC",Crude Oil,INTERSTATE,IOWA,0,0,0,0,0,0,0,0,0,0,0,0,0,348.06,0,0,0,0,0,0,0,0,0,0,0,0,,,348.06,,,,,,,,,,,,,,,,,,,,,,,,,,,,,
9/1/2026,2025,20260302,22904,39205,"DAPL-ETCO OPERATIONS MANAGEMENT, LLC",Crude Oil,INTERSTATE,KENTUCKY,0,0,0,0,0,0,0,0,0,0,0,0,0,51.16,0,0,0,0,0,0,0,0,0,0,0,0,,,51.16,,,,,,,,,,,,,,,,,,,,,,,,,,,,,
9/1/2026,2025,20260302,22904,39205,"DAPL-ETCO OPERATIONS MANAGEMENT, LLC",Crude Oil,INTERSTATE,LOUISIANA,0,0,0,0,0,0,0,0,0,0,29.28,0.01,0,207.67,0,0,0,0,0,0,0,0,0,0,0,0,,,236.96,,,,,,,,,,,,,,,,,,,,,,,,,,,,,
9/1/2026,2025,20260302,22904,39205,"DAPL-ETCO OPERATIONS MANAGEMENT, LLC",Crude Oil,INTERSTATE,MISSISSIPPI,0,0,0,0,0,0,0,0,0,0,0,0,0,152.13,0,0,0,0,0,0,0,0,0,0,0,0,,,152.13,,,,,,,,,,,,,,,,,,,,,,,,,,,,,
9/1/2026,2025,20260302,22904,39205,"DAPL-ETCO OPERATIONS MANAGEMENT, LLC",Crude Oil,INTERSTATE,NORTH DAKOTA,0,0,0,0,23.51,0,0,0,54.84,0,50.58,0,0,231.13,0,0,0,0,0,0,0,0,0,0,0,0,,,360.06,,,,,,,,,,,,,,,,,,,,,,,,,,,,,
9/1/2026,2025,20260302,22904,39205,"DAPL-ETCO OPERATIONS MANAGEMENT, LLC",Crude Oil,INTERSTATE,SOUTH DAKOTA,0,0,0,0,0,0,0,0,0,0,0,0,0,275,0,0,0,0,0,0,0,0,0,0,0,0,,,275,,,,,,,,,,,,,,,,,,,,,,,,,,,,,
9/1/2026,2025,20260302,22904,39205,"DAPL-ETCO OPERATIONS MANAGEMENT, LLC",Crude Oil,INTERSTATE,TENNESSEE,0,0,0,0,0,0,0,0,0,0,0,0.03,0,110.56,0,0,0,0,0,0,0,0,0,0,0,0,,,110.59,,,,,,,,,,,,,,,,,,,,,,,,,,,,,
9/1/2026,2025,20260302,22904,39205,"DAPL-ETCO OPERATIONS MANAGEMENT, LLC",Crude Oil,INTERSTATE,TEXAS,0,0,0,0,0,0,0,0,0,0,10.76,0,0,32.93,0,0,0,0,0,0,0,0,0,0,0,0,,,43.69,,,,,,,,,,,,,,,,,,,,,,,,,,,,,
9/1/2026,2025,20260212,22810,39216,TALLGRASS MIDSTREAM LLC,HVL,INTERSTATE,COLORADO,0,0,18.05,0,0,0,0,0,0,0,0,0,0,0,0,0,0,0,0,0,0,0,0,0,0,0,,,18.05,0,0,0,0,0,0,0,0,0,0,0,0,0,0,0,0,0,0,0,0,0,0,0,0,0,0,,,0
9/1/2026,2025,20260065,22638,39221,DAKOTA MIDSTREAM,Crude Oil,INTRASTATE,NORTH DAKOTA,0.33,8.53,0,11.82,0,0,0,0,0,0,0,0,0,0,0,0,0,0,0,0,0,0,0,0,0,0,,,20.68,0,0,0,0,0,0,0,0,0,0,0,0,0,0,0,0,0,0,0,0,0,0,0,0,0,0,,,0
9/1/2026,2025,20260543,23149,39229,CAMINO REAL GATHERING CO LLC,Crude Oil,INTRASTATE,TEXAS,0,0,0,24.949,19.125,0,0,0,0,0,0,0,0,0,0,0,0,0,0,0,0,0,0,0,0,0,,,44.074,0,0,0,0,0,0,0,0,0,0,0,0,0,0,0,0,0,0,0,0,0,0,0,0,0,0,,,0
9/1/2026,2025,20260352,22956,39232,MATADOR PRODUCTION COMPANY,Crude Oil,INTRASTATE,NEW MEXICO,0,0,0,3.612,1.597,0,0,0,0,0,0,0,0,0,0,0,0,0,0,0,0,0,0,0,0,0,,,5.209,0,0,0,0,0,0,0,0,0,0,0,0,0,0,0,0,0,0,0,0,0,0,0,0,0,0,,,0
9/1/2026,2025,20260027,22587,39241,ZENITH ENERGY TERMINALS JOLIET HOLDINGS LLC,Crude Oil,INTERSTATE,ILLINOIS,0,0,0,0,0,0,0,0,4.538,0,0,0,0,0,0,0,0,0,0,0,0,0,0,0,0,0,,,4.538,0,0,0,0,0,0,0,0,0,0,0,0,0,0,0,0,0,0,0,0,0,0,0,0,0,0,,,0
9/1/2026,2025,20260027,22587,39241,ZENITH ENERGY TERMINALS JOLIET HOLDINGS LLC,Crude Oil,INTRASTATE,ILLINOIS,0,0,0,0,0,0,0,0,4.538,0,0,0,0,0,0,0,0,0,0,0,0,0,0,0,0,0,,,4.538,,,,,,,,,,,,,,,,,,,,,,,,,,,,,
9/1/2026,2025,20260221,22819,39252,"FASKEN OIL AND RANCH, LTD.",Crude Oil,INTRASTATE,TEXAS,0,0,0,0,0,0,36.69,0,0,0,0,0,0,0,0,0,0,0,0,0,0,0,0,0,0,0,,,36.69,0,0,0,0,0,0,0,0,0,0,0,0,0,0,0,0,0,0,0,0,0,0,0,0,0,0,,,0
9/1/2026,2025,20260173,22766,39252,"FASKEN OIL AND RANCH, LTD.",HVL,INTRASTATE,TEXAS,0,3.07,0,0,0,0,0,0,0,0,0,0,0,0,0,0,0,0,0,0,0,0,0,0,0,0,,,3.07,0,0,0,0,0,0,0,0,0,0,0,0,0,0,0,0,0,0,0,0,0,0,0,0,0,0,,,0
9/1/2026,2025,20260193,22791,39292,"TWIN EAGLE MIDSTREAM ASSETS, LLC",Crude Oil,INTERSTATE,WYOMING,0,0,0,0,4.51,0,0,0,0,0,0,0,0,0,0,0,0,0,0,0,0,0,0,0,0,0,,,4.51,0,0,0,0,0,0,0,0,0,0,0,0,0,0,0,0,0,0,0,0,0,0,0,0,0,0,,,0
9/1/2026,2025,20260228,22827,39313,"MAVERICK TERMINAL THREE RIVERS, LLC",HVL,INTRASTATE,TEXAS,0,1.77,0,0,0,0,0,0,0,0,0,0,0,0,0,0,0,0,0,0,0,0,0,0,0,0,,,1.77,0,0,0,0,0,0,0,0,0,0,0,0,0,0,0,0,0,0,0,0,0,0,0,0,0,0,,,0
9/1/2026,2025,20260182,22778,39317,SCOUT ENERGY MANAGEMENT LLC,CO2,INTERSTATE,COLORADO,0,0,0,0,0,0,11.6,0,0,0,0,0,0,0,0,0,0,0,0,0,0,0,0,0,0,0,,,11.6,,,,,,,,,,,,,,,,,,,,,,,,,,,,,
9/1/2026,2025,20260182,22778,39317,SCOUT ENERGY MANAGEMENT LLC,CO2,INTERSTATE,UTAH,0,0,0,0,0,0,73.5,0,0,0,0,0,0,0,0,0,0,0,0,0,0,0,0,0,0,0,,,73.5,,,,,,,,,,,,,,,,,,,,,,,,,,,,,
9/1/2026,2025,20260182,22778,39317,SCOUT ENERGY MANAGEMENT LLC,CO2,INTERSTATE,WYOMING,0,0,0,0,0,0,44.4,0,0,0,0,0,0,0,0,0,0,0,0,0,0,0,0,0,0,0,,,44.4,,,,,,,,,,,,,,,,,,,,,,,,,,,,,
9/1/2026,2025,20260101,22684,39325,"TALOS ENERGY, LLC",Crude Oil,INTERSTATE,LOUISIANA,0,0,0,0,4.1,0,0,0,0,0,0,0,0,0,0,0,0,0,0,0,0,0,0,0,0,0,,,4.1,0,0,0,0,3.9,0,0,0,0,0,0,0,0,0,0,0,0,0,0,0,0,0,0,0,0,0,,,3.9
9/1/2026,2025,20260101,22684,39325,"TALOS ENERGY, LLC",Crude Oil,INTERSTATE,OCS-Gulf of America,0,0,0,0,0,0,0,0,0,0,0,0,0,0,0,0,0,0,0,0,0,0,0,0,0,0,,,0,0,0,0,0,19.2,0,0,0,0,0,0,0,0,0,0,0,0,0,0,0,0,0,0,0,0,0,,,19.2
9/1/2026,2025,20260480,23086,39336,"BR PORT SERVICES, LLC",Crude Oil,INTRASTATE,LOUISIANA,0,0,0,0,0,0,0,0,0,0,0.02,0,0,3.9,0,0,0,0,0,0,0,0,0,0,0,0,,,3.92,0,0,0,0,0,0,0,0,0,0,0,0,0,0,0,0,0,0,0,0,0,0,0,0,0,0,,,0
9/1/2026,2025,20260435,23041,39339,TINSLEY RESOURCES  LLC,Crude Oil,INTRASTATE,MISSISSIPPI,0,0,37.415,0,0,0,0,0,0,0,0,0,0,0,0,0,0,0,0,0,0,0,0,0,0,0,,,37.415,0,0,0,0,0,0,0,0,0,0,0,0,0,0,0,0,0,0,0,0,0,0,0,0,0,0,,,0
9/1/2026,2025,20260436,23042,39341,"CHALMETTE LOUISIANA LIQUIDS, LLC",HVL,INTRASTATE,LOUISIANA,0,0.308,16.632,0,13.848,0,11.492,0,0,0,0,0,0,0,0,0,0,0,0,0,0,0,0,0,0,0,,,42.28,0,0,0,0,0,0,0,0,0,0,0,0,0,0,0,0,0,0,0,0,0,0,0,0,0,0,,,0
9/1/2026,2025,20260614,23222,39347,"ILLINOIS EXTENSION PIPELINE COMPANY, L.L.C.",Crude Oil,INTERSTATE,ILLINOIS,0,0,0,0,0,0,0,0,0,0,168.196,0,0,0,0,0,0,0,0,0,0,0,0,0,0,0,,,168.196,0,0,0,0,0,0,0,0,0,0,0,0,0,0,0,0,0,0,0,0,0,0,0,0,0,0,,,0
9/1/2026,2025,20260484,23090,39352,"GENESIS OFFSHORE HOLDINGS, LLC",Crude Oil,INTERSTATE,LOUISIANA,0,0,0,0,0,0,0,0,0,0,45.9,0,0,0,0,0,0,0,0,0,0,0,0,0,0,0,,,45.9,0,0,0,0,0,0,0,0,0,0,4.32,0,0,0,0,0,0,0,0,0,0,0,0,0,0,0,,,4.32
9/1/2026,2025,20260484,23090,39352,"GENESIS OFFSHORE HOLDINGS, LLC",Crude Oil,INTERSTATE,OCS-Gulf of America,0,0,0,0,0,0,0,0,0,0,0,0,0,0,0,0,0,0,0,0,0,0,0,0,0,0,,,0,0,0,10.08,0,0.42,179.85,96.97,145.39,154.87,0,127.81,0,0,236.53,0,0,0,0,0,0,0,0,0,0,0,0,,,951.92
9/1/2026,2025,20260484,23090,39352,"GENESIS OFFSHORE HOLDINGS, LLC",Crude Oil,INTERSTATE,TEXAS,0,0,0,0,0,0,0.27,0,0,0,50.59,0,0,0,0,0,0,0,0,0,0,0,0,0,0,0,,,50.86,0,0,0,0,0,0,0,0,0,0,27.88,0,0,0,0,0,0,0,0,0,0,0,0,0,0,0,,,27.88
9/1/2026,2025,20260488,23094,39354,ENBRIDGE OFFSHORE FACILITIES,Crude Oil,INTERSTATE,OCS-Gulf of America,0,0,0,0,0,0,0,0,0,0,0,0,0,0,0,0,0,0,0,0,0,0,0,0,0,0,,,0,0,0,0,0,0,0.85,0,64.3,97.34,0,0,0,0,0,0,0,0,0,0,0,0,0,0,0,0,0,,,162.49
9/1/2026,2025,20260296,22898,39368,CRESTWOOD MIDSTREAM PARTNERS LP,Crude Oil,INTRASTATE,NORTH DAKOTA,0.38,15.67,3.42,70.91,31.19,0,0,0,0,0,0.23,0,0,0,0,0,0,0,0,0,0,0,0,0,0,0,,,121.8,0,0,0,0,0,0,0,0,0,0,0,0,0,0,0,0,0,0,0,0,0,0,0,0,0,0,,,0
9/1/2026,2025,20260295,22897,39368,CRESTWOOD MIDSTREAM PARTNERS LP,HVL,INTRASTATE,NEW MEXICO,0,0,0.56,0,0.21,0,0,0,0,0,0,0,0,0,0,0,0,0,0,0,0,0,0,0,0,0,,,0.77,0,0,0,0,0,0,0,0,0,0,0,0,0,0,0,0,0,0,0,0,0,0,0,0,0,0,,,0
9/1/2026,2025,20260295,22897,39368,CRESTWOOD MIDSTREAM PARTNERS LP,HVL,INTRASTATE,NORTH DAKOTA,0,0,2.75,0,0,0,0,0,0,0,0,0,0,0,0,0,0,0,0,0,0,0,0,0,0,0,,,2.75,,,,,,,,,,,,,,,,,,,,,,,,,,,,,
9/1/2026,2025,20260295,22897,39368,CRESTWOOD MIDSTREAM PARTNERS LP,HVL,INTRASTATE,TEXAS,0,0,0,0.13,2.14,0,0,0,0,0,0,0,0,0,0,0,0,0,0,0,0,0,0,0,0,0,,,2.27,,,,,,,,,,,,,,,,,,,,,,,,,,,,,
9/1/2026,2025,20260219,22873,39369,ELLSJET TERMINAL,Refined and/or Petroleum Product (non-HVL),INTRASTATE,SOUTH DAKOTA,0,6.51,0,0,0,0,0,0,0,0,0,0,0,0,0,0,0,0,0,0,0,0,0,0,0,0,,,6.51,0,0,0,0,0,0,0,0,0,0,0,0,0,0,0,0,0,0,0,0,0,0,0,0,0,0,,,0
9/1/2026,2025,20260298,22900,39376,"BLUE CUBE OPERATIONS, LLC.",Refined and/or Petroleum Product (non-HVL),INTRASTATE,TEXAS,0,0,0,0,1.55,0,0,0,0,0,0,0,0,0,0,0,0,0,0,0,0,0,0,0,0,0,,,1.55,0,0,0,0,0,0,0,0,0,0,0,0,0,0,0,0,0,0,0,0,0,0,0,0,0,0,,,0
9/1/2026,2025,20260712,23342,39377,"WHITNEY OIL & GAS, LLC",Crude Oil,INTRASTATE,LOUISIANA,0,0,0,0,0,0,0,0,0,0,0,0,0,0,0,0,0,0,0,0,0,0,0,0,0,0,,,0,0.06,3.57,8.654,4.359,0,0,0,0,0,0,0,0,0,0,0,0,0,0,0,0,0,0,0,0,0,0,,,16.643
9/1/2026,2025,20260475,23081,39389,"GEL TEXAS PIPELINE, LLC",Crude Oil,INTERSTATE,TEXAS,0,0,0,0,2.07,0,0,18.7,3.35,0,0.58,0,0,0.43,0,0,0,0,0,0,0,0,0,0,0,0,,,25.13,0,0,0,0,0,0,0,0,0,0,0,0,0,0,0,0,0,0,0,0,0,0,0,0,0,0,,,0
9/1/2026,2025,20260045,22958,39398,INEOS USA LLC,HVL,INTRASTATE,TEXAS,63.75,64.53,144.97,0.003,45.09,66.09,23.29,0,0,0,0,0,0,0,0,0,0,0,0,0,0,0,0,0,0,0,,,407.723,0,0,0,0,0,0,0,0,0,0,0,0,0,0,0,0,0,0,0,0,0,0,0,0,0,0,,,0
9/1/2026,2025,20260046,22615,39398,INEOS USA LLC,Refined and/or Petroleum Product (non-HVL),INTRASTATE,TEXAS,4.4,21.59,46.17,0,0,0,0,0,0,0,0,0,0,0,0,0,0,0,0,0,0,0,0,0,0,0,,,72.16,0,0,0,0,0,0,0,0,0,0,0,0,0,0,0,0,0,0,0,0,0,0,0,0,0,0,,,0
9/1/2026,2025,20260092,22673,39401,GREAT SALT PLAINS PIPELINE LLC,Crude Oil,INTRASTATE,KANSAS,5.86,124.97,174.66,3.01,92.47,0,0,0,0,0,0,0,0,0,0,0,0,0,0,0,0,0,0,0,0,0,,,400.97,,,,,,,,,,,,,,,,,,,,,,,,,,,,,
9/1/2026,2025,20260092,22673,39401,GREAT SALT PLAINS PIPELINE LLC,Crude Oil,INTRASTATE,OKLAHOMA,0,0,116.27,22.92,0,0,0,0,0,0,0,0,0,0,0,0,0,0,0,0,0,0,0,0,0,0,,,139.19,0,0,0,0,0,0,0,0,0,0,0,0,0,0,0,0,0,0,0,0,0,0,0,0,0,0,,,0
9/1/2026,2025,20260534,23140,39409,"CHALMETTE REFINING, L.L.C.",Crude Oil,INTRASTATE,LOUISIANA,0,0,0,0,0,0,0,0,0,0,2.1,0,0,0,0,0,0,0,0,0,0,0,0,0,0,0,,,2.1,0,0,0,0,0,0,0,0,0,0,0,0,0,0,0,0,0,0,0,0,0,0,0,0,0,0,,,0
9/1/2026,2025,20260535,23141,39409,"CHALMETTE REFINING, L.L.C.",Refined and/or Petroleum Product (non-HVL),INTRASTATE,LOUISIANA,0,0,0,0,0,1.69,0,0,0,0,0,0,0,0,0,0,0,0,0,0,0,0,0,0,0,0,,,1.69,0,0,0,0,0,0,0,0,0,0,0,0,0,0,0,0,0,0,0,0,0,0,0,0,0,0,,,0
9/1/2026,2025,20260589,23197,39433,"MAGELLAN OPERATING COMPANY, LLC",Crude Oil,INTRASTATE,TEXAS,0,0,0,0,0,0,0,1.96,0,0,22.99,0,0,0,0,0,0,0,0,0,0,0,0,0,0,0,,,24.95,0,0,0,0,0,0,0,0,0,0,0,0,0,0,0,0,0,0,0,0,0,0,0,0,0,0,,,0
9/1/2026,2025,20260590,23383,39433,"MAGELLAN OPERATING COMPANY, LLC",Refined and/or Petroleum Product (non-HVL),INTRASTATE,TEXAS,0,0,0,0,0,1.83,0,0,4.61,0,0,0,0,0,0,0,4.68,0,0,0,0,0,0,0,0,0,,,11.12,0,0,0,0,0,0,0,0,0,0,0,0,0,0,0,0,0,0,0,0,0,0,0,0,0,0,,,0
9/1/2026,2025,20260429,23339,39436,INDORAMA VENTURES OLEFINS LLC,HVL,INTERSTATE,LOUISIANA,0,27.7,0,0,0,0,0,0,0,0,0,0,0,0,0,0,0,0,0,0,0,0,0,0,0,0,,,27.7,,,,,,,,,,,,,,,,,,,,,,,,,,,,,
9/1/2026,2025,20260429,23339,39436,INDORAMA VENTURES OLEFINS LLC,HVL,INTERSTATE,TEXAS,0,5,0,0,0,0,0,0,0,0,0,0,0,0,0,0,0,0,0,0,0,0,0,0,0,0,,,5,,,,,,,,,,,,,,,,,,,,,,,,,,,,,
9/1/2026,2025,20260429,23339,39436,INDORAMA VENTURES OLEFINS LLC,HVL,INTRASTATE,LOUISIANA,0.03,1.5,0,0,0,0,0,0,0,0,0,0,0,0,0,0,0,0,0,0,0,0,0,0,0,0,,,1.53,,,,,,,,,,,,,,,,,,,,,,,,,,,,,
9/1/2026,2025,20260548,23154,39440,HILAND EXPRESS,Crude Oil,INTERSTATE,MONTANA,0,0,10.71,0,255.949,0,0,0,0,0,0,0,0,0,0,0,0,0,0,0,0,0,0,0,0,0,,,266.659,,,,,,,,,,,,,,,,,,,,,,,,,,,,,
9/1/2026,2025,20260548,23154,39440,HILAND EXPRESS,Crude Oil,INTERSTATE,NORTH DAKOTA,0,0,0,0,0.871,0,0,0,0,0,0,0,0,0,0,0,0,0,0,0,0,0,0,0,0,0,,,0.871,,,,,,,,,,,,,,,,,,,,,,,,,,,,,
9/1/2026,2025,20260548,23154,39440,HILAND EXPRESS,Crude Oil,INTERSTATE,WYOMING,0,0,0,0,242.528,0,0,0,0,0,2.137,0,0,0,0,0,0,0,0,0,0,0,0,0,0,0,,,244.665,0,0,0,0,0,0,0,0,0,0,0,0,0,0,0,0,0,0,0,0,0,0,0,0,0,0,,,0
9/1/2026,2025,20260548,23154,39440,HILAND EXPRESS,Crude Oil,INTRASTATE,WYOMING,0,0,0,0,0.274,0,0,0,0,0,0,0,0,0,0,0,0,0,0,0,0,0,0,0,0,0,,,0.274,0,0,0,0,0,0,0,0,0,0,0,0,0,0,0,0,0,0,0,0,0,0,0,0,0,0,,,0
9/1/2026,2025,20260293,22895,39462,"BAYOU BRIDGE PIPELINE, LLC",Crude Oil,INTERSTATE,LOUISIANA,0,0,0,0,0,0,0,0,0,0,164.11,0,0,24.26,0,0,0,0,0,0,0,0,0,0,0,0,,,188.37,0,0,0,0,0,0,0,0,0,0,0,0,0,0,0,0,0,0,0,0,0,0,0,0,0,0,,,0
9/1/2026,2025,20260293,22895,39462,"BAYOU BRIDGE PIPELINE, LLC",Crude Oil,INTERSTATE,TEXAS,0,0,0,0,0,0,0,0,0,0,0,0,0,24.9,0,0,0,0,0,0,0,0,0,0,0,0,,,24.9,0,0,0,0,0,0,0,0,0,0,0,0,0,0,0,0,0,0,0,0,0,0,0,0,0,0,,,0
9/1/2026,2025,20260404,23010,39467,"KURARAY AMERICA, INC.",HVL,INTRASTATE,TEXAS,1.88,0,0,0,0,0,0,0,0,0,0,0,0,0,0,0,0,0,0,0,0,0,0,0,0,0,,,1.88,0,0,0,0,0,0,0,0,0,0,0,0,0,0,0,0,0,0,0,0,0,0,0,0,0,0,,,0
9/1/2026,2025,20260582,23189,39474,"ENBRIDGE INGLESIDE, LLC",Crude Oil,INTRASTATE,TEXAS,0,0,0,0,0,0,0,0,29.914,0,0,0,0,0,0,0,0,0,0,0,0,0,0,0,0,0,,,29.914,0,0,0,0,0,0,0,0,0,0,0,0,0,0,0,0,0,0,0,0,0,0,0,0,0,0,,,0
9/1/2026,2025,20260583,23190,39474,"ENBRIDGE INGLESIDE, LLC",HVL,INTRASTATE,TEXAS,0,0,0,0,18.185,0,0,0,0,0,0,0,0,0,0,0,0,0,0,0,0,0,0,0,0,0,,,18.185,0,0,0,0,0,0,0,0,0,0,0,0,0,0,0,0,0,0,0,0,0,0,0,0,0,0,,,0
9/1/2026,2025,20260260,22859,39476,"BRAZOS MIDSTREAM OPERATING, LLC",HVL,INTRASTATE,TEXAS,0,7.56,0,5.03,0,0,0,0,0,0,0,0,0,0,0,0,0,0,0,0,0,0,0,0,0,0,,,12.59,0,0,0,0,0,0,0,0,0,0,0,0,0,0,0,0,0,0,0,0,0,0,0,0,0,0,,,0
9/1/2026,2025,20260171,22764,39477,"KEYERA ENERGY, INC.",Crude Oil,INTRASTATE,OKLAHOMA,0,0,0,0,0,0,0,0,0,0,2.44,0,0,0,0,0,0,0,0,0,0,0,0,0,0,0,,,2.44,0,0,0,0,0,0,0,0,0,0,0,0,0,0,0,0,0,0,0,0,0,0,0,0,0,0,,,0
9/1/2026,2025,20260209,22807,39491,EQT MIDSTREAM COMPANY LLC,HVL,INTRASTATE,WEST VIRGINIA,0,0,4.52,0,0,0,0,0,0,0,0,0,0,0,0,0,0,0,0,0,0,0,0,0,0,0,,,4.52,0,0,0,0,0,0,0,0,0,0,0,0,0,0,0,0,0,0,0,0,0,0,0,0,0,0,,,0
9/1/2026,2025,20260674,23285,39492,"CELANESE CHEMICALS, INC",HVL,INTRASTATE,TEXAS,0,12.64,0,0,0,0,0,0,0,0,0,0,0,0,0,0,0,0,0,0,0,0,0,0,0,0,,,12.64,0,0,0,0,0,0,0,0,0,0,0,0,0,0,0,0,0,0,0,0,0,0,0,0,0,0,,,0
9/1/2026,2025,20260676,23314,39492,"CELANESE CHEMICALS, INC",Refined and/or Petroleum Product (non-HVL),INTRASTATE,TEXAS,1.58,0,0,3.26,0,0,0,0,0,0,0,0,0,0,0,0,0,0,0,0,0,0,0,0,0,0,,,4.84,0,0,0,0,0,0,0,0,0,0,0,0,0,0,0,0,0,0,0,0,0,0,0,0,0,0,,,0
9/1/2026,2025,20260585,23193,39504,"MAGELLAN CRUDE OIL PIPELINE COMPANY, L.P.",Crude Oil,INTERSTATE,TEXAS,0,0,0,0,0,0,0,422.79,45.98,0,0,0,0,0,0,0,0,0,0,0,0,0,0,0,0,0,,,468.77,,,,,,,,,,,,,,,,,,,,,,,,,,,,,
9/1/2026,2025,20260585,23193,39504,"MAGELLAN CRUDE OIL PIPELINE COMPANY, L.P.",Crude Oil,INTRASTATE,TEXAS,0,0,0,0,0,0,0,0,4.63,0,115.67,28.17,0,0,0,0,0,0,0,0,0,0,0,0,0,0,,,148.47,0,0,0,0,0,0,0,0,0,0,0,0,0,0,0,0,0,0,0,0,0,0,0,0,0,0,,,0
9/1/2026,2025,20260586,23194,39504,"MAGELLAN CRUDE OIL PIPELINE COMPANY, L.P.",HVL,INTRASTATE,TEXAS,0,0,0,0,0,0,15.78,0,0,0,0,0,0,0,0,0,0,0,0,0,0,0,0,0,0,0,,,15.78,0,0,0,0,0,0,0,0,0,0,0,0,0,0,0,0,0,0,0,0,0,0,0,0,0,0,,,0
9/1/2026,2025,20260286,22888,39506,PEAK MIDSTREAM GOLDSBORO LLC,Refined and/or Petroleum Product (non-HVL),INTRASTATE,NORTH CAROLINA,0,5.62,0,0,0,0,0,0,0,0,0,0,0,0,0,0,0,0,0,0,0,0,0,0,0,0,,,5.62,0,0,0,0,0,0,0,0,0,0,0,0,0,0,0,0,0,0,0,0,0,0,0,0,0,0,,,0
9/1/2026,2025,20260631,23239,39509,"ITC PIPELINE COMPANY, LLC",Refined and/or Petroleum Product (non-HVL),INTRASTATE,TEXAS,0,0,0,0.645,0.064,0,7.71,0,0,0,0,0,0,0,0,0,3.281,0,0,0,0,0,0,0,0,0,,,11.7,0,0,0,0,0,0,0,0,0,0,0,0,0,0,0,0,0,0,0,0,0,0,0,0,0,0,,,0
9/1/2026,2025,20260538,23144,39518,KINDER MORGAN UTOPIA LLC,HVL,INTERSTATE,MICHIGAN,0,0,0,0.321,59.707,0,0,0,0,0,0,0,0,0,0,0,0,0,0,0,0,0,0,0,0,0,,,60.028,0,0,0,0,0,0,0,0,0,0,0,0,0,0,0,0,0,0,0,0,0,0,0,0,0,0,,,0
9/1/2026,2025,20260538,23144,39518,KINDER MORGAN UTOPIA LLC,HVL,INTERSTATE,OHIO,0,0,0,0,205.763,0,0,0,0,0,0,0,0,0,0,0,0,0,0,0,0,0,0,0,0,0,,,205.763,0,0,0,0,0,0,0,0,0,0,0,0,0,0,0,0,0,0,0,0,0,0,0,0,0,0,,,0
9/1/2026,2025,20260522,23128,39532,TORRANCE BASIN PIPELINE COMPANY LLC,Crude Oil,INTRASTATE,CALIFORNIA,0,1.29,5.29,7.32,0,0,0,0,0,0,0,0,0,0,0,0,0,0,0,0,0,0,0,0,0,0,,,13.9,0,0,0,0,0,0,0,0,0,0,0,0,0,0,0,0,0,0,0,0,0,0,0,0,0,0,,,0
9/1/2026,2025,20260523,23129,39532,TORRANCE BASIN PIPELINE COMPANY LLC,Refined and/or Petroleum Product (non-HVL),INTRASTATE,CALIFORNIA,0,0,7.35,0.9,0,0,0,0,0,0,0,0,0,0,0,0,0,0,0,0,0,0,0,0,0,0,,,8.25,0,0,0,0,0,0,0,0,0,0,0,0,0,0,0,0,0,0,0,0,0,0,0,0,0,0,,,0
9/1/2026,2025,20260524,23130,39533,TORRANCE LOGISTICS COMPANY LLC,Crude Oil,INTRASTATE,CALIFORNIA,0,0,0,0,0,0,0,0,0,0,0,0,0,0,0,0,0.84,0,0,0,0,0,0,0,0,0,,,0.84,0,0,0,0,0,0,0,0,0,0,0,0,0,0,0,0,0,0,0,0,0,0,0,0,0,0,,,0
9/1/2026,2025,20260526,23132,39534,TORRANCE VALLEY PIPELINE COMPANY LLC,Crude Oil,INTRASTATE,CALIFORNIA,0,0,8.49,0,32.67,0,140.3,0,0,0,0,0,0,0,0,0,0,0,0,0,0,0,0,0,0,0,,,181.46,0,0,0,0,0,0,0,0,0,0,0,0,0,0,0,0,0,0,0,0,0,0,0,0,0,0,,,0
9/1/2026,2025,20260527,23133,39535,TORRANCE PIPELINE COMPANY LLC,Crude Oil,INTRASTATE,CALIFORNIA,0,0,0,0,0,0,0,0,0,0,10.69,0,0,0,0,0,0,0,0,0,0,0,0,0,0,0,,,10.69,0,0,0,0,0,0,0,0,0,0,0,0,0,0,0,0,0,0,0,0,0,0,0,0,0,0,,,0
9/1/2026,2025,20260528,23134,39535,TORRANCE PIPELINE COMPANY LLC,Refined and/or Petroleum Product (non-HVL),INTRASTATE,CALIFORNIA,0,14.29,29.19,19.28,22.41,0,0,0,0,0,0,0,0,0,0,0,0,0,0,0,0,0,0,0,0,0,,,85.17,0,0,0,0,0,0,0,0,0,0,0,0,0,0,0,0,0,0,0,0,0,0,0,0,0,0,,,0
9/1/2026,2025,20260066,22639,39543,"RIVERSIDE ENERGY MICHIGAN, LLC",CO2,INTRASTATE,MICHIGAN,9.23,7.1,0,0,0,0,0,0,0,0,0,0,0,0,0,0,0,0,0,0,0,0,0,0,0,0,,,16.33,0,0,0,0,0,0,0,0,0,0,0,0,0,0,0,0,0,0,0,0,0,0,0,0,0,0,,,0
9/1/2026,2025,20260275,22876,39551,"STAKEHOLDER MIDSTREAM CRUDE OIL PIPELINE, LLC",Crude Oil,INTERSTATE,NEW MEXICO,0,0,0,0,0,0,0,0,0,0,0,0,0,0,0,0,0,0,0,0,0,0,0,0,0,0,,,0,,,,,,,,,,,,,,,,,,,,,,,,,,,,,
9/1/2026,2025,20260275,22876,39551,"STAKEHOLDER MIDSTREAM CRUDE OIL PIPELINE, LLC",Crude Oil,INTERSTATE,TEXAS,0,2.57,0.7,20.39,0,0,0,0,0,0,0,0,0,0,0,0,0,0,0,0,0,0,0,0,0,0,,,23.66,,,,,,,,,,,,,,,,,,,,,,,,,,,,,
9/1/2026,2025,20260399,23005,39556,ISLAND ENERGY SERVICES,Refined and/or Petroleum Product (non-HVL),INTRASTATE,HAWAII,0,0.006,46.052,0,0,0,0,0,0,0,0,0,0,0,0,0,0,0,0,0,0,0,0,0,0,0,,,46.058,0,0,0,0,0,0,0,0,0,0,0,0,0,0,0,0,0,0,0,0,0,0,0,0,0,0,,,0
9/1/2026,2025,20260151,22744,39565,TORRENT OIL LLC,Crude Oil,INTRASTATE,TEXAS,3.447,8.315,0,0,0,0,0,0,0,0,0,0,0,0,0,0,0,0,0,0,0,0,0,0,0,0,,,11.762,6.627,3.926,7.412,1.406,0,0,0,0,0,0,0,0,0,0,0,0,0,0,0,0,0,0,0,0,0,0,,,19.371
9/1/2026,2025,20260331,22933,39566,TARGA NORTHERN DELAWARE LLC,HVL,INTRASTATE,NEW MEXICO,0,0,27.54,0,1.43,0,0,0,0,0,0,0,0,0,0,0,0,0,0,0,0,0,0,0,0,0,,,28.97,0,0,0,0,0,0,0,0,0,0,0,0,0,0,0,0,0,0,0,0,0,0,0,0,0,0,,,0
9/1/2026,2025,20260731,23372,39581,CALIBER BEAR DEN INTERCONNECT LLC,Crude Oil,INTRASTATE,NORTH DAKOTA,0,0,0,0,5.7,0,0,0,0,0,0,0,0,0,0,0,0,0,0,0,0,0,0,0,0,0,,,5.7,0,0,0,0,0,0,0,0,0,0,0,0,0,0,0,0,0,0,0,0,0,0,0,0,0,0,,,0
9/1/2026,2025,20260175,22769,39587,"SAVAGE BAKKEN CONNECTOR, INC",Crude Oil,INTERSTATE,NORTH DAKOTA,0,0,0,2.05,0,0,0,0,0,0,0,0,0,0,0,0,0,0,0,0,0,0,0,0,0,0,,,2.05,0,0,0,0,0,0,0,0,0,0,0,0,0,0,0,0,0,0,0,0,0,0,0,0,0,0,,,0
9/1/2026,2025,20260229,22828,39589,"STATELINE CRUDE, LLC",Crude Oil,INTERSTATE,NEW MEXICO,0,0,0,0,0,0,4.54,0,0,0,0,0,0,0,0,0,0,0,0,0,0,0,0,0,0,0,,,4.54,,,,,,,,,,,,,,,,,,,,,,,,,,,,,
9/1/2026,2025,20260229,22828,39589,"STATELINE CRUDE, LLC",Crude Oil,INTERSTATE,TEXAS,0,0,0,0,3.18,0,16.1,0,0,0,0,0,0,0,0,0,0,0,0,0,0,0,0,0,0,0,,,19.28,,,,,,,,,,,,,,,,,,,,,,,,,,,,,
9/1/2026,2025,20260693,23394,39593,QEP ENERGY COMPANY,Crude Oil,INTRASTATE,TEXAS,0,0,0,0,2.54,0,0,0,0,0,0,0,0,0,0,0,0,0,0,0,0,0,0,0,0,0,,,2.54,0,0,0,0,0,0,0,0,0,0,0,0,0,0,0,0,0,0,0,0,0,0,0,0,0,0,,,0
9/1/2026,2025,20260291,22893,39596,PERMIAN EXPRESS PARTNERS LLC,Crude Oil,INTERSTATE,ARKANSAS,0,0,0,0,0,0,0,0,298,0,0,0,0,0,0,0,0,0,0,0,0,0,0,0,0,0,,,298,,,,,,,,,,,,,,,,,,,,,,,,,,,,,
9/1/2026,2025,20260291,22893,39596,PERMIAN EXPRESS PARTNERS LLC,Crude Oil,INTERSTATE,ILLINOIS,0,0,0,0,0,0,0,0,73.88,0,0.98,0,0,0,0,0,0,0,0,0,0,0,0,0,0,0,,,74.86,,,,,,,,,,,,,,,,,,,,,,,,,,,,,
9/1/2026,2025,20260291,22893,39596,PERMIAN EXPRESS PARTNERS LLC,Crude Oil,INTERSTATE,LOUISIANA,0,0,0,0,1.65,0,0.17,22.3,48.95,150.08,0,0,0,0,0,0,0,0,0,0,0,0,0,0,0,0,,,223.15,,,,,,,,,,,,,,,,,,,,,,,,,,,,,
9/1/2026,2025,20260291,22893,39596,PERMIAN EXPRESS PARTNERS LLC,Crude Oil,INTERSTATE,MISSOURI,0,0,0,0,0,0,0,0,118.45,0,0,0,0,0,0,0,0,0,0,0,0,0,0,0,0,0,,,118.45,,,,,,,,,,,,,,,,,,,,,,,,,,,,,
9/1/2026,2025,20260291,22893,39596,PERMIAN EXPRESS PARTNERS LLC,Crude Oil,INTERSTATE,TEXAS,0,0,0,0,0,0,201.33,40.96,424.03,0,279.47,0,0,0,0,0,0,0,0,0,0,0,0,0,0,0,,,945.79,0,0,0,0,0,0,0,0,0,0,0,0,0,0,0,0,0,0,0,0,0,0,0,0,0,0,,,0
9/1/2026,2025,20260291,22893,39596,PERMIAN EXPRESS PARTNERS LLC,Crude Oil,INTRASTATE,TEXAS,0,0,0,0.76,2.68,0,25.11,0,0,0,0,0,0,0,0,0,0,0,0,0,0,0,0,0,0,0,,,28.55,,,,,,,,,,,,,,,,,,,,,,,,,,,,,
9/1/2026,2025,20260292,22894,39596,PERMIAN EXPRESS PARTNERS LLC,HVL,INTRASTATE,OKLAHOMA,8.88,0,0,0,0,0,0,0,0,0,0,0,0,0,0,0,0,0,0,0,0,0,0,0,0,0,,,8.88,0,0,0,0,0,0,0,0,0,0,0,0,0,0,0,0,0,0,0,0,0,0,0,0,0,0,,,0
9/1/2026,2025,20260042,22611,39600,VAQUERO PERMIAN PROCESSING LLC,HVL,INTRASTATE,TEXAS,0,0,0,0,3.265,0,0,0,0,0,0,0,0,0,0,0,0,0,0,0,0,0,0,0,0,0,,,3.265,0,0,0,0,0,0,0,0,0,0,0,0,0,0,0,0,0,0,0,0,0,0,0,0,0,0,,,0
9/1/2026,2025,20260715,23349,39610,"CPE GATHERING MIDCON, LLC",Crude Oil,INTRASTATE,OKLAHOMA,0,0,0,0,6.94,0,9.82,0,0,0,0,0,0,0,0,0,0,0,0,0,0,0,0,0,0,0,,,16.76,0,0,0,0,0,0,0,0,0,0,0,0,0,0,0,0,0,0,0,0,0,0,0,0,0,0,,,0
9/1/2026,2025,20260341,22943,39617,EQUILON ENTERPRISES LLC DBA SHELL OIL PRODUCTS US - CONVENT REFINERY,HVL,INTRASTATE,LOUISIANA,0,13.82,6.91,0,0,0,0,0,0,0,0,0,0,0,0,0,0,0,0,0,0,0,0,0,0,0,,,20.73,0,0,0,0,0,0,0,0,0,0,0,0,0,0,0,0,0,0,0,0,0,0,0,0,0,0,,,0
9/1/2026,2025,20260256,22855,39636,"CARBON CALIFORNIA OPERATING COMPANY, LLC",Crude Oil,INTRASTATE,CALIFORNIA,3.7,0,0,0,0,0,0,0,0,0,0,0,0,0,0,0,0,0,0,0,0,0,0,0,0,0,,,3.7,0,0,0,0,0,0,0,0,0,0,0,0,0,0,0,0,0,0,0,0,0,0,0,0,0,0,,,0
9/1/2026,2025,20260114,22957,39637,UTAH GAS OP LTD DBA UTAH GAS CORP,HVL,INTERSTATE,COLORADO,15.1,0,0,0,0,0,0,0,0,0,0,0,0,0,0,0,0,0,0,0,0,0,0,0,0,0,,,15.1,0,0,0,0,0,0,0,0,0,0,0,0,0,0,0,0,0,0,0,0,0,0,0,0,0,0,,,0
9/1/2026,2025,20260114,22957,39637,UTAH GAS OP LTD DBA UTAH GAS CORP,HVL,INTERSTATE,UTAH,1.6,0,0,0,0,0,0,0,0,0,0,0,0,0,0,0,0,0,0,0,0,0,0,0,0,0,,,1.6,,,,,,,,,,,,,,,,,,,,,,,,,,,,,
9/1/2026,2025,20260072,22650,39639,TANKS R US,Refined and/or Petroleum Product (non-HVL),INTERSTATE,MICHIGAN,0,0.01,0,0,0,0,0,0,0,0,0,0,0,0,0,0,0,0,0,0,0,0,0,0,0,0,,,0.01,0,0,0,0,0,0,0,0,0,0,0,0,0,0,0,0,0,0,0,0,0,0,0,0,0,0,,,0
9/1/2026,2025,20260418,23024,39647,VALERO TEXAS CITY REFINERY,Refined and/or Petroleum Product (non-HVL),INTRASTATE,TEXAS,0,0,0,0,0,0,0,0,5.137,0,0,0,0,0,0,0,0,0,0,0,0,0,0,0,0,0,,,5.137,0,0,0,0,0,0,0,0,0,0,0,0,0,0,0,0,0,0,0,0,0,0,0,0,0,0,,,0
9/1/2026,2025,20260567,23173,39648,VALERO HOUSTON REFINERY,Crude Oil,INTRASTATE,TEXAS,0,0,0,0,0,0,0,0.163,0,0,1.235,0,0,0,0,0,0,0,0,0,0,0,0,0,0,0,,,1.398,0,0,0,0,0,0,0,0,0,0,0,0,0,0,0,0,0,0,0,0,0,0,0,0,0,0,,,0
9/1/2026,2025,20260569,23175,39648,VALERO HOUSTON REFINERY,HVL,INTRASTATE,TEXAS,2.933,0.985,0,0,0,0,0,0,0,0,0,0,0,0,0,0,0,0,0,0,0,0,0,0,0,0,,,3.918,0,0,0,0,0,0,0,0,0,0,0,0,0,0,0,0,0,0,0,0,0,0,0,0,0,0,,,0
9/1/2026,2025,20260568,23174,39648,VALERO HOUSTON REFINERY,Refined and/or Petroleum Product (non-HVL),INTRASTATE,TEXAS,0,0,0.451,0,2.132,0,6.946,0,1.428,0,0,0,0,0,0,0,0,0,0,0,0,0,0,0,0,0,,,10.957,0,0,0,0,0,0,0,0,0,0,0,0,0,0,0,0,0,0,0,0,0,0,0,0,0,0,,,0
9/1/2026,2025,20260174,22768,39649,"IRONWOOD OPERATING COMPANY, LLC",Crude Oil,INTRASTATE,TEXAS,0,0,0,8.74,3.79,0,0,0,0,0,0,0,0,0,0,0,0,0,0,0,0,0,0,0,0,0,,,12.53,0,0,0,0,0,0,0,0,0,0,0,0,0,0,0,0,0,0,0,0,0,0,0,0,0,0,,,0
9/1/2026,2025,20260365,22971,39654,ORYX DELAWARE OIL TRANSPORT LLC,Crude Oil,INTERSTATE,NEW MEXICO,1.33,4.17,3.72,23.98,82.92,0,23.11,0,0,0,0,0,0,0,0,0,0,0,0,0,0,0,0,0,0,0,,,139.23,0,0,0,0,0,0,0,0,0,0,0,0,0,0,0,0,0,0,0,0,0,0,0,0,0,0,,,0
9/1/2026,2025,20260365,22971,39654,ORYX DELAWARE OIL TRANSPORT LLC,Crude Oil,INTERSTATE,TEXAS,0,0,0,0,181.66,0,145.11,0,42.41,0,137.38,0,0,0,0,0,0,0,0,0,0,0,0,0,0,0,,,506.56,,,,,,,,,,,,,,,,,,,,,,,,,,,,,
9/1/2026,2025,20260365,22971,39654,ORYX DELAWARE OIL TRANSPORT LLC,Crude Oil,INTRASTATE,TEXAS,0,0.57,0,27.79,26.12,0,0,0,0,0,0,0,0,0,0,0,0,0,0,0,0,0,0,0,0,0,,,54.48,,,,,,,,,,,,,,,,,,,,,,,,,,,,,
9/1/2026,2025,20260280,22882,39663,ALA ENERGY LLC,HVL,INTRASTATE,WASHINGTON,0,0.25,0,0,0,0,0,0,0,0,0,0,0,0,0,0,0,0,0,0,0,0,0,0,0,0,,,0.25,0,0,0,0,0,0,0,0,0,0,0,0,0,0,0,0,0,0,0,0,0,0,0,0,0,0,,,0
9/1/2026,2025,20260252,22851,39684,ROCKY MOUNTAIN MIDSTREAM PIPELINE LLC,Crude Oil,INTRASTATE,COLORADO,1.943,13.121,25.013,0.383,18.676,0,0.017,0,0,0,0,0,0,0,0,0,0,0,0,0,0,0,0,0,0,0,,,59.153,0,0,0,0,0,0,0,0,0,0,0,0,0,0,0,0,0,0,0,0,0,0,0,0,0,0,,,0
9/1/2026,2025,20260253,22852,39684,ROCKY MOUNTAIN MIDSTREAM PIPELINE LLC,HVL,INTRASTATE,COLORADO,0,0,22.059,0,0.005,0,0,0,0,0,0,0,0,0,0,0,0,0,0,0,0,0,0,0,0,0,,,22.064,0,0,0,0,0,0,0,0,0,0,0,0,0,0,0,0,0,0,0,0,0,0,0,0,0,0,,,0
9/1/2026,2025,20260018,22578,39694,"BRIDGE ENERGY, LLC",Crude Oil,INTRASTATE,CALIFORNIA,3,0.25,0.25,0,0,0,0,0,0,0,0,0,0,0,0,0,0,0,0,0,0,0,0,0,0,0,,,3.5,0,0,0,0,0,0,0,0,0,0,0,0,0,0,0,0,0,0,0,0,0,0,0,0,0,0,,,0
9/1/2026,2025,20260294,22896,39698,EXTEX OPERATING COMPANY,Crude Oil,INTRASTATE,LOUISIANA,0,0,0.22,0,0,0,0,0,0,0,0,0,0,0,0,0,0,0,0,0,0,0,0,0,0,0,,,0.22,0,0,0,0,0,0,0,0,0,0,0,0,0,0,0,0,0,0,0,0,0,0,0,0,0,0,,,0
9/1/2026,2025,20260638,23246,39713,CANTIUM. LLC,Crude Oil,INTERSTATE,LOUISIANA,0,0,0,0,0,0,0,0,0,0,0,0,0,0,0,0,0,0,0,0,0,0,0,0,0,0,,,0,0,0,0,4.03,0,0,0,0,0,0,0,0,0,0,0,0,0,0,0,0,0,0,0,0,0,0,,,4.03
9/1/2026,2025,20260638,23246,39713,CANTIUM. LLC,Crude Oil,INTERSTATE,OCS-Gulf of America,0,0,0,0,0,0,0,0,0,0,0,0,0,0,0,0,0,0,0,0,0,0,0,0,0,0,,,0,0,0,0,1.79,0,0,0,0,0,0,0,0,0,0,0,0,0,0,0,0,0,0,0,0,0,0,,,1.79
9/1/2026,2025,20260644,23252,39731,VANTAGE PIPELINE US LP,HVL,INTERSTATE,NORTH DAKOTA,0,0,46.76,80.11,0,0,0,0,0,0,0,0,0,0,0,0,0,0,0,0,0,0,0,0,0,0,,,126.87,0,0,0,0,0,0,0,0,0,0,0,0,0,0,0,0,0,0,0,0,0,0,0,0,0,0,,,0
9/1/2026,2025,20260669,23279,39739,OCELOT ENERGY MANAGEMENT LLC,Refined and/or Petroleum Product (non-HVL),INTRASTATE,TEXAS,0,0,0,17.43,0,0,0,0,0,0,0,0,0,0,0,0,0,0,0,0,0,0,0,0,0,0,,,17.43,0,0,0,0,0,0,0,0,0,0,0,0,0,0,0,0,0,0,0,0,0,0,0,0,0,0,,,0
9/1/2026,2025,20260687,23298,39746,ELEVATION MIDSTREAM,Crude Oil,INTRASTATE,COLORADO,12.09,5.751,23.42,0,85.817,0,41.43,0,0,0,0,0,0,0,0,0,0,0,0,0,0,0,0,0,0,0,,,168.508,0,0,0,0,0,0,0,0,0,0,0,0,0,0,0,0,0,0,0,0,0,0,0,0,0,0,,,0
9/1/2026,2025,20260274,22875,39752,"STAKEHOLDER GAS UTILITY, LLC",HVL,INTRASTATE,TEXAS,5.25,30.95,0,0,0,0,0,0,0,0,0,0,0,0,0,0,0,0,0,0,0,0,0,0,0,0,,,36.2,0,0,0,0,0,0,0,0,0,0,0,0,0,0,0,0,0,0,0,0,0,0,0,0,0,0,,,0
9/1/2026,2025,20260205,22803,39753,WILLIAMS FRONT RANGE LLC,HVL,INTRASTATE,COLORADO,0,3.004,0,0,0,0,0,0,0,0,0,0,0,0,0,0,0,0,0,0,0,0,0,0,0,0,,,3.004,0,0,0,0,0,0,0,0,0,0,0,0,0,0,0,0,0,0,0,0,0,0,0,0,0,0,,,0
9/1/2026,2025,20260087,22668,39754,CAPTUREPOINT LLC,CO2,INTERSTATE,KANSAS,0,9.26,5.63,0,0,0,0,0,0,0,0,0,0,0,0,0,0,0,0,0,0,0,0,0,0,0,,,14.89,,,,,,,,,,,,,,,,,,,,,,,,,,,,,
9/1/2026,2025,20260087,22668,39754,CAPTUREPOINT LLC,CO2,INTERSTATE,OKLAHOMA,37.41,8.76,62.12,0,0,0,0,0,0,0,0,0,0,0,0,0,0,0,0,0,0,0,0,0,0,0,,,108.29,0,0,0,0,0,0,0,0,0,0,0,0,0,0,0,0,0,0,0,0,0,0,0,0,0,0,,,0
9/1/2026,2025,20260087,22668,39754,CAPTUREPOINT LLC,CO2,INTERSTATE,TEXAS,37.36,32.76,31,0,0,0,0,0,0,0,0,0,0,0,0,0,0,0,0,0,0,0,0,0,0,0,,,101.12,0,0,0,0,0,0,0,0,0,0,0,0,0,0,0,0,0,0,0,0,0,0,0,0,0,0,,,0
9/1/2026,2025,20260278,22880,39760,"DOW INFRACO, LLC - SDO",HVL,INTRASTATE,TEXAS,2.24,4.24,4.66,1.26,0.19,0.01,0.02,0,0.77,0,0,0,0,0,0,0,0,0,0,0,0,0,0,0,0,0,,,13.39,0,0,0,0,0,0,0,0,0,0,0,0,0,0,0,0,0,0,0,0,0,0,0,0,0,0,,,0
9/1/2026,2025,20260277,22879,39760,"DOW INFRACO, LLC - SDO",Refined and/or Petroleum Product (non-HVL),INTRASTATE,TEXAS,0,0.31,0.42,0.55,0.02,0,0.01,0,1.29,0,0,0,0,0,0,0,0,0,0,0,0,0,0,0,0,0,,,2.6,0,0,0,0,0,0,0,0,0,0,0,0,0,0,0,0,0,0,0,0,0,0,0,0,0,0,,,0
9/1/2026,2025,20260016,22576,39771,ELK OPERATING SERVICES LLC,CO2,INTERSTATE,COLORADO,0,0,12.1,0,0,0,0,0,0,0,0,0,0,0,0,0,0,0,0,0,0,0,0,0,0,0,,,12.1,0,0,0,0,0,0,0,0,0,0,0,0,0,0,0,0,0,0,0,0,0,0,0,0,0,0,,,0
9/1/2026,2025,20260016,22576,39771,ELK OPERATING SERVICES LLC,CO2,INTERSTATE,UTAH,0,0,15.6,0,0,0,0,0,0,0,0,0,0,0,0,0,0,0,0,0,0,0,0,0,0,0,,,15.6,0,0,0,0,0,0,0,0,0,0,0,0,0,0,0,0,0,0,0,0,0,0,0,0,0,0,,,0
9/1/2026,2025,20260069,22647,39774,"GLASS MOUNTAIN PIPELINE, LLC",Crude Oil,INTRASTATE,OKLAHOMA,0,0,0,0,27.87,0,44.03,0,0,0,0,0,0,0,0,0,0,0,0,0,0,0,0,0,0,0,,,71.9,0,0,0,0,0,0,0,0,0,0,0,0,0,0,0,0,0,0,0,0,0,0,0,0,0,0,,,0
9/1/2026,2025,20260096,22678,39794,"GULFMARK ENERGY, INC.",Crude Oil,INTRASTATE,TEXAS,0,0,0.73,0,0,0,0,0,0,0,0,0,0,0,0,0,0,0,0,0,0,0,0,0,0,0,,,0.73,0,0,0,0,0,0,0,0,0,0,0,0,0,0,0,0,0,0,0,0,0,0,0,0,0,0,,,0
9/1/2026,2025,20260090,22671,39805,"THOMPSON WEBSTER PIPELINE, INC.",Crude Oil,INTRASTATE,TEXAS,0,3.3,38.6,0,0,0,0,0,0,0,0,0,0,0,0,0,0,0,0,0,0,0,0,0,0,0,,,41.9,,,,,,,,,,,,,,,,,,,,,,,,,,,,,
9/1/2026,2025,20260694,23395,39810,DIAMONDBACK E&P LLC,Crude Oil,INTRASTATE,TEXAS,0.54,0,4.04,10,0,0,0,0,0,0,0,0,0,0,0,0,0,0,0,0,0,0,0,0,0,0,,,14.58,0,0,0,0,0,0,0,0,0,0,0,0,0,0,0,0,0,0,0,0,0,0,0,0,0,0,,,0
9/1/2026,2025,20260242,22841,39815,"GT PIPELINE, LLC",Refined and/or Petroleum Product (non-HVL),INTRASTATE,TEXAS,0,0,0,0,0,0,1.88,0,4.95,0,0,0,0,0,0,0,0,0,0,0,0,0,0,0,0,0,,,6.83,0,0,0,0,0,0,0,0,0,0,0,0,0,0,0,0,0,0,0,0,0,0,0,0,0,0,,,0
9/1/2026,2025,20260426,23032,39819,BREITBURN ENERGY CO2,CO2,INTERSTATE,NEW MEXICO,0,0,0,23.94,23,0,0,0,0,0,0,0,0,0,0,0,0,0,0,0,0,0,0,0,0,0,,,46.94,0,0,0,0,0,0,0,0,0,0,0,0,0,0,0,0,0,0,0,0,0,0,0,0,0,0,,,0
9/1/2026,2025,20260426,23032,39819,BREITBURN ENERGY CO2,CO2,INTERSTATE,OKLAHOMA,0,33.77,0,0,45,0,0,0,0,0,0,0,0,0,0,0,0,0,0,0,0,0,0,0,0,0,,,78.77,0,0,0,0,0,0,0,0,0,0,0,0,0,0,0,0,0,0,0,0,0,0,0,0,0,0,,,0
9/1/2026,2025,20260426,23032,39819,BREITBURN ENERGY CO2,CO2,INTERSTATE,TEXAS,0,0,0,0,50.85,0,0,0,0,0,0,0,0,0,0,0,0,0,0,0,0,0,0,0,0,0,,,50.85,0,0,0,0,0,0,0,0,0,0,0,0,0,0,0,0,0,0,0,0,0,0,0,0,0,0,,,0
9/1/2026,2025,20260243,22842,39820,"MAVERICK TERMINALS CORPUS, LLC",Refined and/or Petroleum Product (non-HVL),INTRASTATE,TEXAS,0,0,0,0,1.52,0,0,0,0,0,0,0,0,0,0,0,0,0,0,0,0,0,0,0,0,0,,,1.52,0,0,0,0,0,0,0,0,0,0,0,0,0,0,0,0,0,0,0,0,0,0,0,0,0,0,,,0
9/1/2026,2025,20260074,22660,39822,"SCM PR, LLC",Crude Oil,INTERSTATE,WYOMING,0,0,3.57,114.58,8.73,0,60.7,0,0,0,0,0,0,0,0,0,0,0,0,0,0,0,0,0,0,0,,,187.58,0,0,0,0,0,0,0,0,0,0,0,0,0,0,0,0,0,0,0,0,0,0,0,0,0,0,,,0
9/1/2026,2025,20260192,23364,39823,TARGA DOWNSTREAM LLC,HVL,INTERSTATE,NEW MEXICO,0,0,0,0,20.96,0,0,0,18.66,0,0,0,0,0,0,0,0,0,0,0,0,0,0,0,0,0,,,39.62,,,,,,,,,,,,,,,,,,,,,,,,,,,,,
9/1/2026,2025,20260192,23364,39823,TARGA DOWNSTREAM LLC,HVL,INTERSTATE,OKLAHOMA,0,8.45,8.58,30.18,80.04,0,150.27,0,0.07,0,0,0,0,0,0,0,0,0,0,0,0,0,0,0,0,0,,,277.59,0,0,0,0,0,0,0,0,0,0,0,0,0,0,0,0,0,0,0,0,0,0,0,0,0,0,,,0
9/1/2026,2025,20260192,23364,39823,TARGA DOWNSTREAM LLC,HVL,INTERSTATE,TEXAS,0,0,0,0,7.8,0,99.16,0,118.35,0,613.15,0,0,275.29,0,0,0,0,0,0,0,0,0,0,0,0,,,1113.75,,,,,,,,,,,,,,,,,,,,,,,,,,,,,
9/1/2026,2025,20260192,23364,39823,TARGA DOWNSTREAM LLC,HVL,INTRASTATE,NEW MEXICO,0,0,0,0,0,0,7.49,0,0,0,0,0,0,0,0,0,0,0,0,0,0,0,0,0,0,0,,,7.49,,,,,,,,,,,,,,,,,,,,,,,,,,,,,
9/1/2026,2025,20260192,23364,39823,TARGA DOWNSTREAM LLC,HVL,INTRASTATE,TEXAS,0,0,7.57,25.3,71.49,0,25.03,0,0,0,0.18,0,0,0,0,0,0,0,0,0,0,0,0,0,0,0,,,129.57,,,,,,,,,,,,,,,,,,,,,,,,,,,,,
9/1/2026,2025,20260225,22824,39833,"SAN MATEO BLACK RIVER OIL PIPELINE, LLC",Crude Oil,INTRASTATE,NEW MEXICO,0.312,1.557,0.806,31.084,0,0,0,0,0,0,0,0,0,0,0,0,0,0,0,0,0,0,0,0,0,0,,,33.759,0,0,0,0,0,0,0,0,0,0,0,0,0,0,0,0,0,0,0,0,0,0,0,0,0,0,,,0
9/1/2026,2025,20260075,22659,39841,RED BUTTE PIPELINE LLC,Crude Oil,INTERSTATE,MONTANA,0,0,0.48,0.7,0,0,0,0,0,0,0,0,0,0,0,0,0,0,0,0,0,0,0,0,0,0,,,1.18,,,,,,,,,,,,,,,,,,,,,,,,,,,,,
9/1/2026,2025,20260075,22659,39841,RED BUTTE PIPELINE LLC,Crude Oil,INTERSTATE,WYOMING,0,0,6.07,3.5,59.1,59.38,125.47,0,0,0,0,0,0,0,0,0,0,0,0,0,0,0,0,0,0,0,,,253.52,0,0,0,0,0,0,0,0,0,0,0,0,0,0,0,0,0,0,0,0,0,0,0,0,0,0,,,0
9/1/2026,2025,20260070,22648,39869,NAVIGATOR SMS PIPELINE,Crude Oil,INTRASTATE,OKLAHOMA,0,14.44,0,0,0,0,59.53,0,89.21,0,0,0,0,0,0,0,0,0,0,0,0,0,0,0,0,0,,,163.18,0,0,0,0,0,0,0,0,0,0,0,0,0,0,0,0,0,0,0,0,0,0,0,0,0,0,,,0
9/1/2026,2025,20260264,22863,39887,"TEXOMA CRUDE OIL PIPELINE CO., LLC",Crude Oil,INTERSTATE,OKLAHOMA,0,0.07,37.63,0,0,0,15.81,0,0,0,0,0,0,0,0,0,0,0,0,0,0,0,0,0,0,0,,,53.51,,,,,,,,,,,,,,,,,,,,,,,,,,,,,
9/1/2026,2025,20260264,22863,39887,"TEXOMA CRUDE OIL PIPELINE CO., LLC",Crude Oil,INTERSTATE,TEXAS,0,0,39.21,0,42.03,0,6.14,0,0,0,0,0,0,0,0,0,0,0,0,0,0,0,0,0,0,0,,,87.38,0,0,0,0,0,0,0,0,0,0,0,0,0,0,0,0,0,0,0,0,0,0,0,0,0,0,,,0
9/1/2026,2025,20260264,22863,39887,"TEXOMA CRUDE OIL PIPELINE CO., LLC",Crude Oil,INTRASTATE,OKLAHOMA,0,14.39,27.99,0,3.75,0,0,0,0,0,0,0,0,0,0,0,0,0,0,0,0,0,0,0,0,0,,,46.13,,,,,,,,,,,,,,,,,,,,,,,,,,,,,
9/1/2026,2025,20260264,22863,39887,"TEXOMA CRUDE OIL PIPELINE CO., LLC",Crude Oil,INTRASTATE,TEXAS,0.98,3.77,73.91,0,7.44,0,0,0,0,0,0,0,0,0,0,0,0,0,0,0,0,0,0,0,0,0,,,86.1,,,,,,,,,,,,,,,,,,,,,,,,,,,,,
9/1/2026,2025,20260710,23326,39888,FORE RIVER ENERGY CENTER,Refined and/or Petroleum Product (non-HVL),INTRASTATE,MASSACHUSETTS,0,0.3,0,0,0,0,0,0,0,0,0,0,0,0,0,0,0,0,0,0,0,0,0,0,0,0,,,0.3,0,0,0,0,0,0,0,0,0,0,0,0,0,0,0,0,0,0,0,0,0,0,0,0,0,0,,,0
9/1/2026,2025,20260472,23078,39892,DAYLIGHT PETROLEUM LLC,CO2,INTRASTATE,OKLAHOMA,5.769,23.842,119.887,0,0,0,0,0,0,0,0,0,0,0,0,0,0,0,0,0,0,0,0,0,0,0,,,149.498,0,0,0,0,0,0,0,0,0,0,0,0,0,0,0,0,0,0,0,0,0,0,0,0,0,0,,,0
9/1/2026,2025,20260470,23076,39892,DAYLIGHT PETROLEUM LLC,Crude Oil,INTRASTATE,TEXAS,1.269,0,0,0,0,0,0,0,0,0,0,0,0,0,0,0,0,0,0,0,0,0,0,0,0,0,,,1.269,0,0,0,0,0,0,0,0,0,0,0,0,0,0,0,0,0,0,0,0,0,0,0,0,0,0,,,0
9/1/2026,2025,20260468,23074,39892,DAYLIGHT PETROLEUM LLC,HVL,INTRASTATE,OKLAHOMA,1.197,0,0,0,0,0,0,0,0,0,0,0,0,0,0,0,0,0,0,0,0,0,0,0,0,0,,,1.197,0,0,0,0,0,0,0,0,0,0,0,0,0,0,0,0,0,0,0,0,0,0,0,0,0,0,,,0
9/1/2026,2025,20260208,22806,39905,REP PROCESSING,HVL,INTRASTATE,COLORADO,0,0,0,22.44,0,0,0,0,0,0,0,0,0,0,0,0,0,0,0,0,0,0,0,0,0,0,,,22.44,0,0,0,0,0,0,0,0,0,0,0,0,0,0,0,0,0,0,0,0,0,0,0,0,0,0,,,0
9/1/2026,2025,20260357,22963,39910,CANES MIDSTREAM PRODUCTS LLC,HVL,INTRASTATE,TEXAS,0,0,17.3,0,3.8,0,0,0,0,0,0,0,0,0,0,0,0,0,0,0,0,0,0,0,0,0,,,21.1,0,0,0,0,0,0,0,0,0,0,0,0,0,0,0,0,0,0,0,0,0,0,0,0,0,0,,,0
9/1/2026,2025,20260450,23056,39941,"MARKWEST UTICA EMG, L.L.C.",HVL,INTERSTATE,OHIO,0,0,0,0,5.2,0,0,0,0,0,0,0,0,0,0,0,0,0,0,0,0,0,0,0,0,0,,,5.2,,,,,,,,,,,,,,,,,,,,,,,,,,,,,
9/1/2026,2025,20260450,23056,39941,"MARKWEST UTICA EMG, L.L.C.",HVL,INTRASTATE,OHIO,3.59,0,0,49.11,61.54,0,0,0,0,0,0,0,0,0,0,0,0,0,0,0,0,0,0,0,0,0,,,114.24,,,,,,,,,,,,,,,,,,,,,,,,,,,,,
9/1/2026,2025,20260641,23249,39942,"RAVEN BUTENE-1, LLC",HVL,INTRASTATE,TEXAS,2.425,2.425,0,0,0,0,0,0,0,0,0,0,0,0,0,0,0,0,0,0,0,0,0,0,0,0,,,4.85,0,0,0,0,0,0,0,0,0,0,0,0,0,0,0,0,0,0,0,0,0,0,0,0,0,0,,,0
9/1/2026,2025,20260206,22804,39944,BLUESTEM PIPELINE LLC,HVL,INTERSTATE,KANSAS,0,0,0,0,0,0,101.121,0,0.004,0,0,0,0,0,0,0,0,0,0,0,0,0,0,0,0,0,,,101.125,0,0,0,0,0,0,0,0,0,0,0,0,0,0,0,0,0,0,0,0,0,0,0,0,0,0,,,0
9/1/2026,2025,20260206,22804,39944,BLUESTEM PIPELINE LLC,HVL,INTERSTATE,OKLAHOMA,0,0,0,0,0,0,88.265,0,0.001,0,0,0,0,0,0,0,0,0,0,0,0,0,0,0,0,0,,,88.266,,,,,,,,,,,,,,,,,,,,,,,,,,,,,
9/1/2026,2025,20260236,22835,39950,"DKL DELAWARE GATHERING, LLC",Crude Oil,INTRASTATE,NEW MEXICO,0,7.06,4.09,15.01,16.43,0,21.01,0,0,0,0,0,0,0,0,0,0,0,0,0,0,0,0,0,0,0,,,63.6,0,0,0,0,0,0,0,0,0,0,0,0,0,0,0,0,0,0,0,0,0,0,0,0,0,0,,,0
9/1/2026,2025,20260237,22836,39950,"DKL DELAWARE GATHERING, LLC",HVL,INTRASTATE,NEW MEXICO,4.82,13.4,0,0,0,0,0,0,0,0,0,0,0,0,0,0,0,0,0,0,0,0,0,0,0,0,,,18.22,0,0,0,0,0,0,0,0,0,0,0,0,0,0,0,0,0,0,0,0,0,0,0,0,0,0,,,0
9/1/2026,2025,20260134,22727,39956,"MID-ALASKA PIPELINE, LLC",Crude Oil,INTRASTATE,ALASKA,0,0,2.82,0,0,2.13,0,0,0,0,0,0,0,0,0,0,0,0,0,0,0,0,0,0,0,0,,,4.95,0,0,0,0,0,0,0,0,0,0,0,0,0,0,0,0,0,0,0,0,0,0,0,0,0,0,,,0
9/1/2026,2025,20260113,22701,39962,"AMP NGL PIPELINES, LLC",HVL,INTRASTATE,TEXAS,0,0,0,0,10.73,0,0,0,0,0,0,0,0,0,0,0,0,0,0,0,0,0,0,0,0,0,,,10.73,0,0,0,0,0,0,0,0,0,0,0,0,0,0,0,0,0,0,0,0,0,0,0,0,0,0,,,0
9/1/2026,2025,20260214,22812,39963,"TALLGRASS POWDER RIVER GATEWAY, LLC",Crude Oil,INTERSTATE,WYOMING,0,0,0,0,72.17,0,78.31,0,3.34,0,0,0,0,0,0,0,0,0,0,0,0,0,0,0,0,0,,,153.82,0,0,0,0,0,0,0,0,0,0,0,0,0,0,0,0,0,0,0,0,0,0,0,0,0,0,,,0
9/1/2026,2025,20260283,22885,39967,"IMPERIAL CRUDE, LLC",Crude Oil,INTRASTATE,TEXAS,0,0,0,0,27.26,0,0,0,0,0,0,0,0,0,0,0,0,0,0,0,0,0,0,0,0,0,,,27.26,0,0,0,0,0,0,0,0,0,0,0,0,0,0,0,0,0,0,0,0,0,0,0,0,0,0,,,0
9/1/2026,2025,20260091,23386,39973,WRB REFINING LP - WOOD RIVER REFINERY,Crude Oil,INTERSTATE,ILLINOIS,0,0,0,0,0,0,0,0,0,0,0,0,0,0,0,0,0,0,0,0,0,0,0,0,0,0,,,0,,,,,,,,,,,,,,,,,,,,,,,,,,,,,
9/1/2026,2025,20260107,22696,39985,COLLEGIATE MIDSTREAM LLC,Crude Oil,INTRASTATE,TEXAS,0,2.76,0,0,0,0,0,0,0,0,0,0,0,0,0,0,0,0,0,0,0,0,0,0,0,0,,,2.76,0,0,0,0,0,0,0,0,0,0,0,0,0,0,0,0,0,0,0,0,0,0,0,0,0,0,,,0
9/1/2026,2025,20260121,22714,40000,CP ENERGY LLC,Crude Oil,INTRASTATE,NEW MEXICO,0,1.7,0,0,0,0,0,0,0,0,0,0,0,0,0,0,0,0,0,0,0,0,0,0,0,0,,,1.7,,,,,,,,,,,,,,,,,,,,,,,,,,,,,
9/1/2026,2025,20260460,23066,40004,WILDCAT OIL GATHERING,Crude Oil,INTRASTATE,OKLAHOMA,2.46,8.7,0,0,0,0,0,0,0,0,0,0,0,0,0,0,0,0,0,0,0,0,0,0,0,0,,,11.16,0,0,0,0,0,0,0,0,0,0,0,0,0,0,0,0,0,0,0,0,0,0,0,0,0,0,,,0
9/1/2026,2025,20260730,23371,40010,CALIBER SPRING CREEK LLC,Crude Oil,INTRASTATE,NORTH DAKOTA,1.47,0,12.78,16.21,0,0,0,0,0,0,0,0,0,0,0,0,0,0,0,0,0,0,0,0,0,0,,,30.46,0,0,0,0,0,0,0,0,0,0,0,0,0,0,0,0,0,0,0,0,0,0,0,0,0,0,,,0
9/1/2026,2025,20260199,22797,40016,"SADDLE BUTTE POWDER FLATS MIDSTREAM, LLC",Crude Oil,INTRASTATE,WYOMING,0,0,0,64,72,0,0,0,0,0,0,0,0,0,0,0,0,0,0,0,0,0,0,0,0,0,,,136,0,0,0,0,0,0,0,0,0,0,0,0,0,0,0,0,0,0,0,0,0,0,0,0,0,0,,,0
9/1/2026,2025,20260702,23313,40026,"WINK TO WEBSTER PIPELINE, LLC",Crude Oil,INTRASTATE,TEXAS,0,0,0,0,0,0,0,0,0,0,7.85,0,0,0,0,0,628.93,0,0,0,0,0,0,0,0,0,,,636.78,0,0,0,0,0,0,0,0,0,0,0,0,0,0,0,0,0,0,0,0,0,0,0,0,0,0,,,0
9/1/2026,2025,20260728,23369,40028,LAMBDA ENERGY GATHERING LLC,Crude Oil,INTERSTATE,MICHIGAN,0,0,2.232,0,21.46,0,36.844,0,0,0,0,0,0,0,0,0,0,0,0,0,0,0,0,0,0,0,,,60.536,0,0,0,0,0,0,0,0,0,0,0,0,0,0,0,0,0,0,0,0,0,0,0,0,0,0,,,0
9/1/2026,2025,20260440,23332,40030,"GIBSON ENERGY INFRASTRUCTURE, LLC",Crude Oil,INTRASTATE,TEXAS,0,27.85,0,0,21.15,0,5.64,0,0,0,0,0,0,0,0,0,0,0,0,0,0,0,0,0,0,0,,,54.64,0,0,0,0,0,0,0,0,0,0,0,0,0,0,0,0,0,0,0,0,0,0,0,0,0,0,,,0
9/1/2026,2025,20260643,23251,40033,"VOPAK TERMINALS DEER PARK, INC.",HVL,INTRASTATE,TEXAS,4.196,0,0,0,0,0,0,0,0,0,0,0,0,0,0,0,0,0,0,0,0,0,0,0,0,0,,,4.196,0,0,0,0,0,0,0,0,0,0,0,0,0,0,0,0,0,0,0,0,0,0,0,0,0,0,,,0
9/1/2026,2025,20260639,23247,40033,"VOPAK TERMINALS DEER PARK, INC.",Refined and/or Petroleum Product (non-HVL),INTRASTATE,TEXAS,4.14,0,0,0,0,0,0,0,0,0,0,0,0,0,0,0,0,0,0,0,0,0,0,0,0,0,,,4.14,0,0,0,0,0,0,0,0,0,0,0,0,0,0,0,0,0,0,0,0,0,0,0,0,0,0,,,0
9/1/2026,2025,20260581,23187,40034,TEXAS PETROLEUM INVESTMENT COMPANY,Crude Oil,INTRASTATE,LOUISIANA,0,0,0,0,0,0,0,0,0,0,0,0,0,0,0,0,0,0,0,0,0,0,0,0,0,0,,,0,0,0,0,10.77,0,0,0,0,0,0,0,0,0,0,0,0,0,0,0,0,0,0,0,0,0,0,,,10.77
9/1/2026,2025,20260119,22712,40050,ECO ENERGY NATURAL GAS LLC,HVL,INTRASTATE,TENNESSEE,3.49,0,0,0,0,0,0,0,0,0,0,0,0,0,0,0,0,0,0,0,0,0,0,0,0,0,,,3.49,,,,,,,,,,,,,,,,,,,,,,,,,,,,,
9/1/2026,2025,20260316,22918,40051,VALERO REFINING - MERAUX LLC,Refined and/or Petroleum Product (non-HVL),INTRASTATE,LOUISIANA,0,0,0,0,0,0.85,0,0,0,0,0,0,0,0,0,0,0,0,0,0,0,0,0,0,0,0,,,0.85,0,0,0,0,0,0,0,0,0,0,0,0,0,0,0,0,0,0,0,0,0,0,0,0,0,0,,,0
9/1/2026,2025,20260364,22970,40059,"ORYX MIDLAND OIL GATHERING, LLC",Crude Oil,INTRASTATE,TEXAS,3.5,2.47,1.3,57.67,25.52,0,44.9,0,0,0,0,0,0,0,0,0,0,0,0,0,0,0,0,0,0,0,,,135.36,0,0,0,0,0,0,0,0,0,0,0,0,0,0,0,0,0,0,0,0,0,0,0,0,0,0,,,0
9/1/2026,2025,20260391,22997,40061,"CUSHING CONNECT PIPELINE HOLDINGS, LLC.",Crude Oil,INTRASTATE,OKLAHOMA,0,0,0,0,0,0,50.2,0,0,0,0,0,0,0,0,0,0,0,0,0,0,0,0,0,0,0,,,50.2,0,0,0,0,0,0,0,0,0,0,0,0,0,0,0,0,0,0,0,0,0,0,0,0,0,0,,,0
9/1/2026,2025,20260062,22633,40063,"ROARING FORK MIDSTREAM, LLC",Crude Oil,INTRASTATE,WYOMING,0,0,0,0,19.4,0,0,0,0,0,0,0,0,0,0,0,0,0,0,0,0,0,0,0,0,0,,,19.4,0,0,0,0,0,0,0,0,0,0,0,0,0,0,0,0,0,0,0,0,0,0,0,0,0,0,,,0
9/1/2026,2025,20260061,22632,40063,"ROARING FORK MIDSTREAM, LLC",HVL,INTERSTATE,COLORADO,0,3.86,0,0,0,0,0,0,0,0,0,0,0,0,0,0,0,0,0,0,0,0,0,0,0,0,,,3.86,,,,,,,,,,,,,,,,,,,,,,,,,,,,,
9/1/2026,2025,20260061,22632,40063,"ROARING FORK MIDSTREAM, LLC",HVL,INTERSTATE,WYOMING,0,2.12,0,0,0,0,0,0,0,0,0,0,0,0,0,0,0,0,0,0,0,0,0,0,0,0,,,2.12,0,0,0,0,0,0,0,0,0,0,0,0,0,0,0,0,0,0,0,0,0,0,0,0,0,0,,,0
9/1/2026,2025,20260519,23125,40076,MARTINEZ PIPELINE COMPANY LLC,Refined and/or Petroleum Product (non-HVL),INTRASTATE,CALIFORNIA,0,0,0,0.22,0,0,0,0,0,0,0,0,0,0,0,0,0,0,0,0,0,0,0,0,0,0,,,0.22,0,0,0,0,0,0,0,0,0,0,0,0,0,0,0,0,0,0,0,0,0,0,0,0,0,0,,,0
9/1/2026,2025,20260650,23258,40080,INDORAMA VENTURES OXIDES LLC,HVL,INTRASTATE,TEXAS,1.13,0,6.57,0,0,0,0,0,0,0,0,0,0,0,0,0,0,0,0,0,0,0,0,0,0,0,,,7.7,0,0,0,0,0,0,0,0,0,0,0,0,0,0,0,0,0,0,0,0,0,0,0,0,0,0,,,0
9/1/2026,2025,20260649,23257,40080,INDORAMA VENTURES OXIDES LLC,Refined and/or Petroleum Product (non-HVL),INTRASTATE,TEXAS,11.8,0.4,3.19,0,0,0,0,0,0,0,0,0,0,0,0,0,0,0,0,0,0,0,0,0,0,0,,,15.39,0,0,0,0,0,0,0,0,0,0,0,0,0,0,0,0,0,0,0,0,0,0,0,0,0,0,,,0
9/1/2026,2025,20260514,23120,40087,HILAND SANDERSON SYSTEM LLC,HVL,INTRASTATE,NORTH DAKOTA,0,0,1.296,0.003,0,0,0,0,0,0,0,0,0,0,0,0,0,0,0,0,0,0,0,0,0,0,,,1.299,0,0,0,0,0,0,0,0,0,0,0,0,0,0,0,0,0,0,0,0,0,0,0,0,0,0,,,0
9/1/2026,2025,20260052,22622,40122,BCE-MACH III MIDSTREAM HOLDINGS LLC,HVL,INTRASTATE,OKLAHOMA,11,4.06,0,0,0,0,0,0,0,0,0,0,0,0,0,0,0,0,0,0,0,0,0,0,0,0,,,15.06,0,0,0,0,0,0,0,0,0,0,0,0,0,0,0,0,0,0,0,0,0,0,0,0,0,0,,,0
9/1/2026,2025,20260394,23000,40127,"THE SAN ANTONIO REFINERY, LLC",Crude Oil,INTRASTATE,TEXAS,0,0,49.9,0,0,0,0,0,0,0,0,0,0,0,0,0,0,0,0,0,0,0,0,0,0,0,,,49.9,0,0,0,0,0,0,0,0,0,0,0,0,0,0,0,0,0,0,0,0,0,0,0,0,0,0,,,0
9/1/2026,2025,20260184,22780,40134,PASADENA PERFORMANCE PRODUCTS,HVL,INTRASTATE,TEXAS,0,0,3.381,0,0,0,0,0,0,0,0,0,0,0,0,0,0,0,0,0,0,0,0,0,0,0,,,3.381,0,0,0,0,0,0,0,0,0,0,0,0,0,0,0,0,0,0,0,0,0,0,0,0,0,0,,,0
9/1/2026,2025,20260185,22781,40134,PASADENA PERFORMANCE PRODUCTS,Refined and/or Petroleum Product (non-HVL),INTRASTATE,TEXAS,0,0,0,0,0,0,3.734,0,0,0,0,0,0,0,0,0,0,0,0,0,0,0,0,0,0,0,,,3.734,0,0,0,0,0,0,0,0,0,0,0,0,0,0,0,0,0,0,0,0,0,0,0,0,0,0,,,0
9/1/2026,2025,20260172,22765,40135,"EVERLINE COMPLIANCE, LLC",CO2,INTRASTATE,TEXAS,0,0,0,0,81.1,0,0,0,0,0,0,0,0,0,0,0,0,0,0,0,0,0,0,0,0,0,,,81.1,0,0,0,0,0,0,0,0,0,0,0,0,0,0,0,0,0,0,0,0,0,0,0,0,0,0,,,0
9/1/2026,2025,20260007,22565,40138,"ECHO CANYON PIPELINE, LLC",Crude Oil,INTRASTATE,TEXAS,0,0.482,14.331,44.923,23.283,0,0,0,0,0,0,0,0,0,0,0,0,0,0,0,0,0,0,0,0,0,,,83.019,0,0,0,0,0,0,0,0,0,0,0,0,0,0,0,0,0,0,0,0,0,0,0,0,0,0,,,0
9/1/2026,2025,20260160,22753,40142,"MAX MIDSTREAM TEXAS, LLC",Crude Oil,INTRASTATE,TEXAS,0,0,0,0,20.89,0,0,0,0,0,0,0,0,0,0,0,0,0,0,0,0,0,0,0,0,0,,,20.89,0,0,0,0,0,0,0,0,0,0,0,0,0,0,0,0,0,0,0,0,0,0,0,0,0,0,,,0
9/1/2026,2025,20260125,22718,40145,"POTAC, LLC",Crude Oil,INTRASTATE,TEXAS,0,0,0,0,0,0,0,0,1.25,0,0,0,0,0,0,0,0,0,0,0,0,0,0,0,0,0,,,1.25,0,0,0,0,0,0,0,0,0,0,0,0,0,0,0,0,0,0,0,0,0,0,0,0,0,0,,,0
9/1/2026,2025,20260659,23267,40146,"CONTINENTAL RESOURCES, INC.",Crude Oil,INTRASTATE,NORTH DAKOTA,0,0,0.586,0,0,0,0,0,0,0,0,0,0,0,0,0,0,0,0,0,0,0,0,0,0,0,,,0.586,0,0,0,0,0,0,0,0,0,0,0,0,0,0,0,0,0,0,0,0,0,0,0,0,0,0,,,0
9/1/2026,2025,20260659,23267,40146,"CONTINENTAL RESOURCES, INC.",Crude Oil,INTRASTATE,OKLAHOMA,0.153,0.112,0.739,5.367,0,0,0,0,0,0,0,0,0,0,0,0,0,0,0,0,0,0,0,0,0,0,,,6.371,0,0,0,0,0,0,0,0,0,0,0,0,0,0,0,0,0,0,0,0,0,0,0,0,0,0,,,0
9/1/2026,2025,20260659,23267,40146,"CONTINENTAL RESOURCES, INC.",Crude Oil,INTRASTATE,WYOMING,,,,,,,,,,,,,,,,,,,,,,,,,,,,,,,,,,,,,,,,,,,,,,,,,,,,,,,,,,
9/1/2026,2025,20260452,23058,40149,MPLX LP,Crude Oil,INTERSTATE,NEW MEXICO,0,35.94,0.82,58.21,111.79,0,371.6,0,0.24,0,0,0,0,0,0,0,0,0,0,0,0,0,0,0,0,0,,,578.6,0,0,0,0,0,0,0,0,0,0,0,0,0,0,0,0,0,0,0,0,0,0,0,0,0,0,,,0
9/1/2026,2025,20260452,23058,40149,MPLX LP,Crude Oil,INTERSTATE,NORTH DAKOTA,0,0.46,1.88,71.92,143.8,0,122.94,0,4.37,0,0,0,0,0,0,0,0,0,0,0,0,0,0,0,0,0,,,345.37,0,0,0,0,0,0,0,0,0,0,0,0,0,0,0,0,0,0,0,0,0,0,0,0,0,0,,,0
9/1/2026,2025,20260452,23058,40149,MPLX LP,Crude Oil,INTERSTATE,TEXAS,0,0,0,6.74,147.17,0,48.13,0,0.29,0,0,0,0,0,0,0,0,0,0,0,0,0,0,0,0,0,,,202.33,0,0,0,0,0,0,0,0,0,0,0,0,0,0,0,0,0,0,0,0,0,0,0,0,0,0,,,0
9/1/2026,2025,20260452,23058,40149,MPLX LP,Crude Oil,INTRASTATE,OKLAHOMA,0,2.42,0,15.79,0,0,0,0,0,0,0,0,0,0,0,0,0,0,0,0,0,0,0,0,0,0,,,18.21,0,0,0,0,0,0,0,0,0,0,0,0,0,0,0,0,0,0,0,0,0,0,0,0,0,0,,,0
9/1/2026,2025,20260451,23057,40149,MPLX LP,HVL,INTERSTATE,KENTUCKY,0,36.68,40.87,0,0,0,0,0,0,0,0,0,0,0,0,0,0,0,0,0,0,0,0,0,0,0,,,77.55,0,0,0,0,0,0,0,0,0,0,0,0,0,0,0,0,0,0,0,0,0,0,0,0,0,0,,,0
9/1/2026,2025,20260451,23057,40149,MPLX LP,HVL,INTERSTATE,OHIO,0,0,0,0,33.95,0,0,0,24.15,0,0,0,0,0,0,0,0,0,0,0,0,0,0,0,0,0,,,58.1,0,0,0,0,0,0,0,0,0,0,0,0,0,0,0,0,0,0,0,0,0,0,0,0,0,0,,,0
9/1/2026,2025,20260451,23057,40149,MPLX LP,HVL,INTERSTATE,PENNSYLVANIA,0,5.69,62.99,1.74,19.92,0,32.98,0,0,0,0,0,0,0,0,0,0,0,0,0,0,0,0,0,0,0,,,123.32,0,0,0,0,0,0,0,0,0,0,0,0,0,0,0,0,0,0,0,0,0,0,0,0,0,0,,,0
9/1/2026,2025,20260451,23057,40149,MPLX LP,HVL,INTERSTATE,WEST VIRGINIA,0,40.05,52.4,38.74,101.59,0,0.12,0,96.94,0,0,0,0,0,0,0,0,0,0,0,0,0,0,0,0,0,,,329.84,0,0,0,0,0,0,0,0,0,0,0,0,0,0,0,0,0,0,0,0,0,0,0,0,0,0,,,0
9/1/2026,2025,20260451,23057,40149,MPLX LP,HVL,INTRASTATE,NORTH DAKOTA,0,19.61,40.19,0,43.95,0,0,0,0,0,0,0,0,0,0,0,0,0,0,0,0,0,0,0,0,0,,,103.75,0,0,0,0,0,0,0,0,0,0,0,0,0,0,0,0,0,0,0,0,0,0,0,0,0,0,,,0
9/1/2026,2025,20260451,23057,40149,MPLX LP,HVL,INTRASTATE,OKLAHOMA,0,3.22,0.22,0,0,0,0,0,0,0,0,0,0,0,0,0,0,0,0,0,0,0,0,0,0,0,,,3.44,0,0,0,0,0,0,0,0,0,0,0,0,0,0,0,0,0,0,0,0,0,0,0,0,0,0,,,0
9/1/2026,2025,20260451,23057,40149,MPLX LP,HVL,INTRASTATE,PENNSYLVANIA,0,12.96,0,0,0,0,0,0,0,0,0,0,0,0,0,0,0,0,0,0,0,0,0,0,0,0,,,12.96,0,0,0,0,0,0,0,0,0,0,0,0,0,0,0,0,0,0,0,0,0,0,0,0,0,0,,,0
9/1/2026,2025,20260451,23057,40149,MPLX LP,HVL,INTRASTATE,TEXAS,0,11.79,0,0,0,0,0,0,0,0,0,0,0,0,0,0,0,0,0,0,0,0,0,0,0,0,,,11.79,0,0,0,0,0,0,0,0,0,0,0,0,0,0,0,0,0,0,0,0,0,0,0,0,0,0,,,0
9/1/2026,2025,20260451,23057,40149,MPLX LP,HVL,INTRASTATE,WEST VIRGINIA,0,0.8,0,0,2.21,0,0,0,0,0,0,0,0,0,0,0,0,0,0,0,0,0,0,0,0,0,,,3.01,0,0,0,0,0,0,0,0,0,0,0,0,0,0,0,0,0,0,0,0,0,0,0,0,0,0,,,0
9/1/2026,2025,20260721,23355,40155,COWBOY MIDSTREAM LLC,Crude Oil,INTRASTATE,WYOMING,0,30.85,0,0,0,0,0,0,0,0,0,0,0,0,0,0,0,0,0,0,0,0,0,0,0,0,,,30.85,0,0,0,0,0,0,0,0,0,0,0,0,0,0,0,0,0,0,0,0,0,0,0,0,0,0,,,0
9/1/2026,2025,20260123,23381,40158,PORT ARTHUR TERMINAL LLC,Crude Oil,INTRASTATE,TEXAS,0,0,0,0,0,0,0,0,0,0,11.73,0,0,0,0,0,0,0,0,0,0,0,0,0,0,0,,,11.73,0,0,0,0,0,0,0,0,0,0,0,0,0,0,0,0,0,0,0,0,0,0,0,0,0,0,,,0
9/1/2026,2025,20260445,23051,40165,TEXAS INTERNATIONAL PIPELINES SYSTEM LLC,Crude Oil,INTRASTATE,TEXAS,0,0,0,0,0,0,0,0,0,0,10.84,0,0,0,0,0,0,0,0,0,0,0,0,0,0,0,,,10.84,0,0,0,0,0,0,0,0,0,0,0,0,0,0,0,0,0,0,0,0,0,0,0,0,0,0,,,0
9/1/2026,2025,20260670,23280,40170,EASTON ENERGY PIPELINES LLC,HVL,INTRASTATE,TEXAS,0.117,0,0,0,0,0,0,0,0,0,0,0,0,0,0,0,0,0,0,0,0,0,0,0,0,0,,,0.117,0,0,0,0,0,0,0,0,0,0,0,0,0,0,0,0,0,0,0,0,0,0,0,0,0,0,,,0
9/1/2026,2025,20260671,23281,40170,EASTON ENERGY PIPELINES LLC,Refined and/or Petroleum Product (non-HVL),INTRASTATE,TEXAS,0,2.742,0.9,0,0,0,0,0,0,0,0,0,0,0,0,0,0,0,0,0,0,0,0,0,0,0,,,3.642,0,0,0,0,0,0,0,0,0,0,0,0,0,0,0,0,0,0,0,0,0,0,0,0,0,0,,,0
9/1/2026,2025,20260642,23250,40171,PERDIDO ENERGY,Crude Oil,INTRASTATE,LOUISIANA,0,0.66,0,0,0,0,0,0,0,0,0,0,0,0,0,0,0,0,0,0,0,0,0,0,0,0,,,0.66,0,0,0,0,0,0,0,0,0,0,0,0,0,0,0,0,0,0,0,0,0,0,0,0,0,0,,,0
9/1/2026,2025,20260314,22916,40174,"UNDERGROUND SERVICES MARKHAM, LLC  NGL/Y-MIX",HVL,INTRASTATE,TEXAS,0,0,0,0,1.3,0,0,0,0,0,0,0,0,0,0,0,0,0,0,0,0,0,0,0,0,0,,,1.3,0,0,0,0,0,0,0,0,0,0,0,0,0,0,0,0,0,0,0,0,0,0,0,0,0,0,,,0
9/1/2026,2025,20260127,22720,40177,"LADDER CREEK, LLC",HVL,INTRASTATE,COLORADO,40.8,0,0,0,0,0,0,0,0,0,0,0,0,0,0,0,0,0,0,0,0,0,0,0,0,0,,,40.8,0,0,0,0,0,0,0,0,0,0,0,0,0,0,0,0,0,0,0,0,0,0,0,0,0,0,,,0
9/1/2026,2025,20260636,23244,40182,TAPROOT ROCKIES MIDSTREAM LLC,Crude Oil,INTRASTATE,COLORADO,0,6.956,49.408,38.092,0,0,0,0,0,0,0,0,0,0,0,0,0,0,0,0,0,0,0,0,0,0,,,94.456,0,0,0,0,0,0,0,0,0,0,0,0,0,0,0,0,0,0,0,0,0,0,0,0,0,0,,,0
9/1/2026,2025,20260398,23004,40192,ZENITH ENERGY WEST COAST TERMINALS LLC,Crude Oil,INTRASTATE,CALIFORNIA,0,0,0,0,18.96,0,37.32,0,0.32,0,10.49,0,0,0,0,0,2.18,0,0,0,0,0,0,0,0,0,,,69.27,0,0,0,0,0,0,0,0,0,0,0,0,0,0,0,0,0,0,0,0,0,0,0,0,0,0,,,0
9/1/2026,2025,20260489,23095,40204,"SCM OPERATIONS, LLC",Crude Oil,INTERSTATE,NEW MEXICO,0,2.09,6.23,0,72.83,0,5.73,0,0,0,0,0,0,0,0,0,0,0,0,0,0,0,0,0,0,0,,,86.88,0,0,0,0,0,0,0,0,0,0,0,0,0,0,0,0,0,0,0,0,0,0,0,0,0,0,,,0
9/1/2026,2025,20260489,23095,40204,"SCM OPERATIONS, LLC",Crude Oil,INTERSTATE,TEXAS,0,0,0,0,68.09,0,33.6,0,0,0,0,0,0,0,0,0,0,0,0,0,0,0,0,0,0,0,,,101.69,0,0,0,0,0,0,0,0,0,0,0,0,0,0,0,0,0,0,0,0,0,0,0,0,0,0,,,0
9/1/2026,2025,20260285,22887,40204,"SCM OPERATIONS, LLC",HVL,INTRASTATE,TEXAS,0,0,0,0,7.45,0,0,0,0,0,27.47,0,0,0,0,0,0,0,0,0,0,0,0,0,0,0,,,34.92,0,0,0,0,0,0,0,0,0,0,0,0,0,0,0,0,0,0,0,0,0,0,0,0,0,0,,,0
9/1/2026,2025,20260625,23233,40206,"ROSEFIELD OPERATING COMPANY, LLC",Crude Oil,INTERSTATE,LOUISIANA,0,0,0,0,0,0,0,0,0,0,0,0,0,0,0,0,0,0,0,0,0,0,0,0,0,0,,,0,0,0,0,16.32,0,0,0,0,0,0,0,0,0,0,0,0,0,0,0,0,0,0,0,0,0,0,,,16.32
9/1/2026,2025,20260625,23233,40206,"ROSEFIELD OPERATING COMPANY, LLC",Crude Oil,INTERSTATE,OCS-Gulf of America,0,0,0,0,0,0,0,0,0,0,0,0,0,0,0,0,0,0,0,0,0,0,0,0,0,0,,,0,0,0,0,6.62,10.36,68.483,0,0,0,0,0,0,0,0,0,0,0,0,0,0,0,0,0,0,0,0,,,85.463
9/1/2026,2025,20260625,23233,40206,"ROSEFIELD OPERATING COMPANY, LLC",Crude Oil,INTERSTATE,TEXAS,0,0,0,0,0,11.9,0,0,0,0,0,0,0,0,0,0,0,0,0,0,0,0,0,0,0,0,,,11.9,0,0,0,0,0,10.87,0,0,0,0,0,0,0,0,0,0,0,0,0,0,0,0,0,0,0,0,,,10.87
9/1/2026,2025,20260580,23188,40213,"BRETON SOUND GATHERING, LLC",Crude Oil,INTRASTATE,LOUISIANA,0,0,0,0,0,0,0,0,0,0,0,0,0,0,0,0,0,0,0,0,0,0,0,0,0,0,,,0,0,0,0,0,0,0,0,0,10.7,0,0,0,0,0,0,0,0,0,0,0,0,0,0,0,0,0,,,10.7
9/1/2026,2025,20260024,22584,40221,"CURLEW MIDSTREAM, LLC",Crude Oil,INTRASTATE,LOUISIANA,0,5.55,0,0,2.84,0,0,0,0,0,0,0,0,0,0,0,0,0,0,0,0,0,0,0,0,0,,,8.39,,,,,,,,,,,,,,,,,,,,,,,,,,,,,
9/1/2026,2025,20260664,23272,40238,"DEVON ENERGY WILLISTON, LLC",Crude Oil,INTRASTATE,NORTH DAKOTA,2.58,0,42.16,1.46,0.53,0,0,0,0,0,0,0,0,0,0,0,0,0,0,0,0,0,0,0,0,0,,,46.73,0,0,0,0,0,0,0,0,0,0,0,0,0,0,0,0,0,0,0,0,0,0,0,0,0,0,,,0
9/1/2026,2025,20260681,23292,40244,"DENBURY GREEN PIPELINE-MONTANA, LLC",CO2,INTERSTATE,MONTANA,0,0,0,0,8.39,0,105.33,0,0,0,0,0,0,0,0,0,0,0,0,0,0,0,0,0,0,0,,,113.72,0,0,0,0,0,0,0,0,0,0,0,0,0,0,0,0,0,0,0,0,0,0,0,0,0,0,,,0
9/1/2026,2025,20260054,22625,40249,LEESBURG LP,HVL,INTRASTATE,TEXAS,1.8,0,0,0,0,0,0,0,0,0,0,0,0,0,0,0,0,0,0,0,0,0,0,0,0,0,,,1.8,0,0,0,0,0,0,0,0,0,0,0,0,0,0,0,0,0,0,0,0,0,0,0,0,0,0,,,0
9/1/2026,2025,20260678,23289,40256,"DENBURY GREEN PIPELINE-NORTH DAKOTA, LLC",CO2,INTERSTATE,NORTH DAKOTA,0,0,0,0,9.26,0,0,0,0,0,0,0,0,0,0,0,0,0,0,0,0,0,0,0,0,0,,,9.26,0,0,0,0,0,0,0,0,0,0,0,0,0,0,0,0,0,0,0,0,0,0,0,0,0,0,,,0
9/1/2026,2025,20260244,22843,40266,"HEP JAVELINA COMPANY, LLC",HVL,INTRASTATE,TEXAS,2.89,32.24,0,0,0,0,0,0,0,0,0,0,0,0,0,0,0,0,0,0,0,0,0,0,0,0,,,35.13,0,0,0,0,0,0,0,0,0,0,0,0,0,0,0,0,0,0,0,0,0,0,0,0,0,0,,,0
9/1/2026,2025,20260653,23275,40268,"GARY CLIMATE SOLUTIONS, LLC",CO2,INTRASTATE,KANSAS,14.3,0,0,0,0,0,0,0,0,0,0,0,0,0,0,0,0,0,0,0,0,0,0,0,0,0,,,14.3,0,0,0,0,0,0,0,0,0,0,0,0,0,0,0,0,0,0,0,0,0,0,0,0,0,0,,,0
9/1/2026,2025,20260034,22601,40271,INTERNATIONAL- MATEX TANK TERMINALS LLC,Refined and/or Petroleum Product (non-HVL),INTRASTATE,LOUISIANA,0,0,0,0,4.84,0,0,0,0,0,0,0,0,0,0,0,0,0,0,0,0,0,0,0,0,0,,,4.84,0,0,0,0,0,0,0,0,0,0,0,0,0,0,0,0,0,0,0,0,0,0,0,0,0,0,,,0
9/1/2026,2025,20260668,23278,40275,SENTINEL MIDSTREAM OPERATING LLC,Crude Oil,INTERSTATE,TEXAS,0,0,0,0,0,0,20.61,0,0,0,0,0,0,0,0,0,0,0,0,0,0,0,0,0,0,0,,,20.61,0,0,0,0,0,0,0,0,0,0,0,0,0,0,0,0,0,0,0,0,0,0,0,0,0,0,,,0
9/1/2026,2025,20260668,23278,40275,SENTINEL MIDSTREAM OPERATING LLC,Crude Oil,INTRASTATE,LOUISIANA,0.005,0,0.004,0.002,0.13,0,128.77,0,0.86,0,0.14,0,0,0,0,0,0,0,0,0,0,0,0,0,0,0,,,129.911,,,,,,,,,,,,,,,,,,,,,,,,,,,,,
9/1/2026,2025,20260668,23278,40275,SENTINEL MIDSTREAM OPERATING LLC,Crude Oil,INTRASTATE,TEXAS,0,0,0,0,0,0,0.31,0,8.92,0,0,0,0,0,0,0,0,0,0,0,0,0,0,0,0,0,,,9.23,0,0,0,0,0,0,0,0,0,0,0,0,0,0,0,0,0,0,0,0,0,0,0,0,0,0,,,0
9/1/2026,2025,20260490,23096,40277,"VERTEX REFINING ALABAMA,LLC",Crude Oil,INTRASTATE,ALABAMA,0,0,0,0,0,6.28,0,0,0,0,0,0,0,0,0,0,0,0,0,0,0,0,0,0,0,0,,,6.28,0,0,0,0,0,0,0,0,0,0,0,0,0,0,0,0,0,0,0,0,0,0,0,0,0,0,,,0
9/1/2026,2025,20260491,23097,40277,"VERTEX REFINING ALABAMA,LLC",Refined and/or Petroleum Product (non-HVL),INTRASTATE,ALABAMA,0,0,0,6.28,0,0,0,0,0,0,0,0,0,0,0,0,0,0,0,0,0,0,0,0,0,0,,,6.28,0,0,0,0,0,0,0,0,0,0,0,0,0,0,0,0,0,0,0,0,0,0,0,0,0,0,,,0
9/1/2026,2025,20260408,23014,40282,EQUILON ENTERPRISES LLC DBA SHELL OIL PRODUCTS,Fuel Grade Ethanol (dedicated system),INTRASTATE,CALIFORNIA,0,0,3.02,4.28,7.18,0,0,0,0,0,0,0,0,0,0,0,0,0,0,0,0,0,0,0,0,0,,,14.48,0,0,0,0,0,0,0,0,0,0,0,0,0,0,0,0,0,0,0,0,0,0,0,0,0,0,,,0
9/1/2026,2025,20260420,23026,40282,EQUILON ENTERPRISES LLC DBA SHELL OIL PRODUCTS,Refined and/or Petroleum Product (non-HVL),INTRASTATE,CALIFORNIA,3.53,24.43,13.91,10.83,5.51,0,0.99,21.86,0,0,0,0,0,0,0,0,0,0,0,0,0,0,0,0,0,0,,,81.06,0,0,0,0,0,0,0,0,0,0,0,0,0,0,0,0,0,0,0,0,0,0,0,0,0,0,,,0
9/1/2026,2025,20260600,23208,40283,"SUNOCO, LLC",Refined and/or Petroleum Product (non-HVL),INTERSTATE,MARYLAND,0,0,8.44,0,0,0,0,0,0,0,0,0,0,0,0,0,0,0,0,0,0,0,0,0,0,0,,,8.44,,,,,,,,,,,,,,,,,,,,,,,,,,,,,
9/1/2026,2025,20260600,23208,40283,"SUNOCO, LLC",Refined and/or Petroleum Product (non-HVL),INTERSTATE,NEW JERSEY,0,0,0,1.65,0,0,0,0,0,0,0,0,0,0,0,0,0,0,0,0,0,0,0,0,0,0,,,1.65,,,,,,,,,,,,,,,,,,,,,,,,,,,,,
9/1/2026,2025,20260600,23208,40283,"SUNOCO, LLC",Refined and/or Petroleum Product (non-HVL),INTERSTATE,NEW YORK,0,0,0,0.14,0,0,0,0,0,0,0,0,0,0,0,0,0,0,0,0,0,0,0,0,0,0,,,0.14,,,,,,,,,,,,,,,,,,,,,,,,,,,,,
9/1/2026,2025,20260600,23208,40283,"SUNOCO, LLC",Refined and/or Petroleum Product (non-HVL),INTERSTATE,WASHINGTON DC,0,0,2.8,0,0,0,0,0,0,0,0,0,0,0,0,0,0,0,0,0,0,0,0,0,0,0,,,2.8,,,,,,,,,,,,,,,,,,,,,,,,,,,,,
9/1/2026,2025,20260600,23208,40283,"SUNOCO, LLC",Refined and/or Petroleum Product (non-HVL),INTRASTATE,NEW JERSEY,0,0,0,0,4.61,0,0,0,0.98,0,0,0,0,0,0,0,0,0,0,0,0,0,0,0,0,0,,,5.59,,,,,,,,,,,,,,,,,,,,,,,,,,,,,
9/1/2026,2025,20260600,23208,40283,"SUNOCO, LLC",Refined and/or Petroleum Product (non-HVL),INTRASTATE,OHIO,0,0.07,1.57,0,0,0,0,0,0,0,0,0,0,0,0,0,0,0,0,0,0,0,0,0,0,0,,,1.64,,,,,,,,,,,,,,,,,,,,,,,,,,,,,
9/1/2026,2025,20260600,23208,40283,"SUNOCO, LLC",Refined and/or Petroleum Product (non-HVL),INTRASTATE,VIRGINIA,0,9.19,0,0,0,0,0,0,0,0,0,0,0,0,0,0,0,0,0,0,0,0,0,0,0,0,,,9.19,,,,,,,,,,,,,,,,,,,,,,,,,,,,,
9/1/2026,2025,20260158,22751,40306,SWISSPORT INC,Refined and/or Petroleum Product (non-HVL),INTRASTATE,NEVADA,0,0,0,0,0,0,3.47,0,0,0,0,0,0,0,0,0,0,0,0,0,0,0,0,0,0,0,,,3.47,0,0,0,0,0,0,0,0,0,0,0,0,0,0,0,0,0,0,0,0,0,0,0,0,0,0,,,0
9/1/2026,2025,20260181,22777,40313,"CALNRG OPERATING, LLC",Crude Oil,INTRASTATE,CALIFORNIA,0.2,2.15,0.01,0,0,0,0,0,0,0,0,0,0,0,0,0,0,0,0,0,0,0,0,0,0,0,7-inch diameter: 0.53 miles.,0.53,2.89,0,0,0,0,0,0,0,0,0,0,0,0,0,0,0,0,0,0,0,0,0,0,0,0,0,0,,,0
9/1/2026,2025,20260210,22808,40318,OLYMPUS TERMINALS LLC,Crude Oil,INTRASTATE,CALIFORNIA,0,0,0.73,3.03,0.12,0,0,0,0,0,0,0,0,0,0,0,0,0,0,0,0,0,0,0,0,0,,,3.88,0,0,0,0,0,0,0,0,0,0,0,0,0,0,0,0,0,0,0,0,0,0,0,0,0,0,,,0
9/1/2026,2025,20260211,22809,40318,OLYMPUS TERMINALS LLC,Refined and/or Petroleum Product (non-HVL),INTRASTATE,CALIFORNIA,0,0,0.63,0.04,2.14,0.13,0,0,5.25,0,0,0,0,0,0,0,0,0,0,0,0,0,0,0,0,0,,,8.19,0,0,0,0,0,0,0,0,0,0,0,0,0,0,0,0,0,0,0,0,0,0,0,0,0,0,,,0
9/1/2026,2025,20260170,22763,40321,PHILLIPS 66 DOS PICOS LLC,HVL,INTRASTATE,TEXAS,0,0,0,7.62,0,0,0,0,0,0,0,0,0,0,0,0,0,0,0,0,0,0,0,0,0,0,,,7.62,0,0,0,0,0,0,0,0,0,0,0,0,0,0,0,0,0,0,0,0,0,0,0,0,0,0,,,0
9/1/2026,2025,20260021,22581,40325,PLACID MIDSTREAM LLC,Crude Oil,INTRASTATE,LOUISIANA,0,0,0,0,0,0,0,0,0,0,16,0,0,0,0,0,0,0,0,0,0,0,0,0,0,0,,,16,0,0,0,0,0,0,0,0,0,0,0,0,0,0,0,0,0,0,0,0,0,0,0,0,0,0,,,0
9/1/2026,2025,20260041,22609,40335,PHOENIX PARK ENERGY MARKETING LLC,HVL,INTRASTATE,TEXAS,0.29,56.59,0,0,0,0,0,0,0,0,0,0,0,0,0,0,0,0,0,0,0,0,0,0,0,0,,,56.88,0,0,0,0,0,0,0,0,0,0,0,0,0,0,0,0,0,0,0,0,0,0,0,0,0,0,,,0
9/1/2026,2025,20260279,22881,40337,CRESTONE PEAK RESOURCES LP,Crude Oil,INTRASTATE,COLORADO,9.21,29.46,7.15,0,4.55,0,0,0,0,0,0,0,0,0,0,0,0,0,0,0,0,0,0,0,0,0,,,50.37,0,0,0,0,0,0,0,0,0,0,0,0,0,0,0,0,0,0,0,0,0,0,0,0,0,0,,,0
9/1/2026,2025,20260008,22566,40345,ATLAS OPERATING LLC,CO2,INTERSTATE,TEXAS,0,0,10.82,0,0,0,0,0,0,0,0,0,0,0,0,0,0,0,0,0,0,0,0,0,0,0,,,10.82,0,0,0,0,0,0,0,0,0,0,0,0,0,0,0,0,0,0,0,0,0,0,0,0,0,0,,,0
9/1/2026,2025,20260340,22942,40379,NOBLE ENERGY INC,Crude Oil,INTRASTATE,TEXAS,1.24,0.31,17.28,0,0,0,0,0,0,0,0,0,0,0,0,0,0,0,0,0,0,0,0,0,0,0,,,18.83,0,0,0,0,0,0,0,0,0,0,0,0,0,0,0,0,0,0,0,0,0,0,0,0,0,0,,,0
9/1/2026,2025,20260207,22805,40385,"WILLIAMS GILCREST, LLC",HVL,INTRASTATE,COLORADO,0,0,0,0,0,0,0,0,0,0,0,0,0,0,0,0,0,0,0,0,0,0,0,0,0,0,,,0,0,0,0,0,0,0,0,0,0,0,0,0,0,0,0,0,0,0,0,0,0,0,0,0,0,0,,,0
9/1/2026,2025,20260717,23351,40414,"BKV MIDSTREAM, LLC",CO2,INTRASTATE,TEXAS,1.3,0,0,0,0,0,0,0,0,0,0,0,0,0,0,0,0,0,0,0,0,0,0,0,0,0,,,1.3,0,0,0,0,0,0,0,0,0,0,0,0,0,0,0,0,0,0,0,0,0,0,0,0,0,0,,,0
9/1/2026,2025,20260421,23027,40419,CHEVRON MIDSTREAM SERVICES LLC,Crude Oil,INTRASTATE,COLORADO,16.81,28.93,79.7,47.85,40.33,0,0,0,0,0,0,0,0,0,0,0,0,0,0,0,0,0,0,0,0,0,,,213.62,0,0,0,0,0,0,0,0,0,0,0,0,0,0,0,0,0,0,0,0,0,0,0,0,0,0,,,0
9/1/2026,2025,20260421,23027,40419,CHEVRON MIDSTREAM SERVICES LLC,Crude Oil,INTRASTATE,TEXAS,0,0,0.16,0,1.14,0,78.45,0,0,0,0,0,0,0,0,0,0,0,0,0,0,0,0,0,0,0,,,79.75,0,0,0,0,0,0,0,0,0,0,0,0,0,0,0,0,0,0,0,0,0,0,0,0,0,0,,,0
9/1/2026,2025,20260073,22651,40425,"DOW HYDROCARBONS & RESOURCES, INC, GRAND BAYOU OPERATIONS",HVL,INTRASTATE,LOUISIANA,1.33,1.64,3.31,0.93,2.58,0,0.62,0,0,0,0,0,0,0,0,0,0,0,0,0,0,0,0,0,0,0,,,10.41,0,0,0,0,0,0,0,0,0,0,0,0,0,0,0,0,0,0,0,0,0,0,0,0,0,0,,,0
9/1/2026,2025,20260723,23357,40429,GAP MIDSTREAM LLC,Crude Oil,INTRASTATE,NORTH DAKOTA,0,0,68.83,0,0,0,0,0,0,0,0,0,0,0,0,0,0,0,0,0,0,0,0,0,0,0,,,68.83,0,0,0,0,0,0,0,0,0,0,0,0,0,0,0,0,0,0,0,0,0,0,0,0,0,0,,,0
9/1/2026,2025,20260353,22959,40438,"PERMIAN RESOURCES OPERATING, LLC",Crude Oil,INTRASTATE,TEXAS,2.622,0.23,0.432,0,0,0,0,0,0,0,0,0,0,0,0,0,0,0,0,0,0,0,0,0,0,0,,,3.284,0,0,0,0,0,0,0,0,0,0,0,0,0,0,0,0,0,0,0,0,0,0,0,0,0,0,,,0
9/1/2026,2025,20260492,23340,40461,"GOM SHELF, LLC",Crude Oil,INTERSTATE,LOUISIANA,0,4,0,0.62,0,0,0,0,0,0,0,0,0,0,0,0,0,0,0,0,0,0,0,0,0,0,,,4.62,0,2.46,0,8.61,0,0,0,0,0,0,0,0,0,0,0,0,0,0,0,0,0,0,0,0,0,0,,,11.07
9/1/2026,2025,20260492,23340,40461,"GOM SHELF, LLC",Crude Oil,INTERSTATE,OCS-Gulf of America,0,0,0,0,0,0,0,0,0,0,0,0,0,0,0,0,0,0,0,0,0,0,0,0,0,0,,,0,0,0,0,11.34,0,0,0,0,0,0,0,0,0,0,0,0,0,0,0,0,0,0,0,0,0,0,,,11.34
9/1/2026,2025,20260137,22730,40466,"GEOSOUTHERN OPERATING II, LLC",Crude Oil,INTRASTATE,TEXAS,0,0,0,0,0,0,0,0,0,0,0,0,0,0,0,0,0,0,0,0,0,0,0,0,0,0,,,0,0,0,0,0,0,0,0,0,0,0,0,0,0,0,0,0,0,0,0,0,0,0,0,0,0,0,,,0
9/1/2026,2025,20260363,22969,40479,ADVANTAGE PIPELINE LLC,Crude Oil,INTRASTATE,TEXAS,0,0,0,0,3.48,0,65.61,0,0,0,0,0,0,0,0,0,0,0,0,0,0,0,0,0,0,0,,,69.09,0,0,0,0,0,0,0,0,0,0,0,0,0,0,0,0,0,0,0,0,0,0,0,0,0,0,,,0
9/1/2026,2025,20260370,22976,40498,PLAINS PIPELINE MIDCON LLC,Crude Oil,INTERSTATE,COLORADO,0,6.95,0,0,0,0,0,0,0,0,0,0,0,0,0,0,0,0,0,0,0,0,0,0,0,0,,,6.95,,,,,,,,,,,,,,,,,,,,,,,,,,,,,
9/1/2026,2025,20260370,22976,40498,PLAINS PIPELINE MIDCON LLC,Crude Oil,INTERSTATE,KANSAS,0,25.13,13.02,0,51.09,0,0,0,0,0,0,0,0,0,0,0,0,0,0,0,0,0,0,0,0,0,,,89.24,,,,,,,,,,,,,,,,,,,,,,,,,,,,,
9/1/2026,2025,20260370,22976,40498,PLAINS PIPELINE MIDCON LLC,Crude Oil,INTERSTATE,OKLAHOMA,39.98,28.76,123.7,0,121.2,0,115.07,5.48,0,0,0,0,0,0,0,0,0,0,0,0,0,0,0,0,0,0,,,434.19,0,0,0,0,0,0,0,0,0,0,0,0,0,0,0,0,0,0,0,0,0,0,0,0,0,0,,,0
9/1/2026,2025,20260370,22976,40498,PLAINS PIPELINE MIDCON LLC,Crude Oil,INTERSTATE,TEXAS,0,6.78,4.92,0,0,0,0,0,0,0,0,0,0,0,0,0,0,0,0,0,0,0,0,0,0,0,,,11.7,,,,,,,,,,,,,,,,,,,,,,,,,,,,,
9/1/2026,2025,20260370,22976,40498,PLAINS PIPELINE MIDCON LLC,Crude Oil,INTRASTATE,COLORADO,0,2.38,0,0,0,0,0,0,0,0,0,0,0,0,0,0,0,0,0,0,0,0,0,0,0,0,,,2.38,,,,,,,,,,,,,,,,,,,,,,,,,,,,,
9/1/2026,2025,20260370,22976,40498,PLAINS PIPELINE MIDCON LLC,Crude Oil,INTRASTATE,KANSAS,0,1.43,0.86,0,0,0,0,0,0,0,0,0,0,0,0,0,0,0,0,0,0,0,0,0,0,0,,,2.29,0,0,0,0,0,0,0,0,0,0,0,0,0,0,0,0,0,0,0,0,0,0,0,0,0,0,,,0
9/1/2026,2025,20260370,22976,40498,PLAINS PIPELINE MIDCON LLC,Crude Oil,INTRASTATE,OKLAHOMA,30.91,26.25,56.88,41.27,4.41,0,0,6.64,0,0,0,0,0,0,0,0,0,0,0,0,0,0,0,0,0,0,,,166.36,,,,,,,,,,,,,,,,,,,,,,,,,,,,,
9/1/2026,2025,20260660,23268,40526,AIRCRAFT SERVICE INTERNATIONAL INC,Refined and/or Petroleum Product (non-HVL),INTRASTATE,TEXAS,0,0,0.19,0,0,0,0,0,0,0,0,0,0,0,0,0,0,0,0,0,0,0,0,0,0,0,,,0.19,0,0,0,0,0,0,0,0,0,0,0,0,0,0,0,0,0,0,0,0,0,0,0,0,0,0,,,0
9/1/2026,2025,20260648,23348,40534,JET INFRASTRUCTURE,Refined and/or Petroleum Product (non-HVL),INTERSTATE,NEW MEXICO,7.2,61.3,0,0,0,0,0,0,0,0,0,0,0,0,0,0,0,0,0,0,0,0,0,0,0,0,,,68.5,0,0,0,0,0,0,0,0,0,0,0,0,0,0,0,0,0,0,0,0,0,0,0,0,0,0,,,0
9/1/2026,2025,20260648,23348,40534,JET INFRASTRUCTURE,Refined and/or Petroleum Product (non-HVL),INTERSTATE,TEXAS,0,4.5,0,0,0,0,0,0,0,0,0,0,0,0,0,0,0,0,0,0,0,0,0,0,0,0,,,4.5,0,0,0,0,0,0,0,0,0,0,0,0,0,0,0,0,0,0,0,0,0,0,0,0,0,0,,,0
9/1/2026,2025,20260648,23348,40534,JET INFRASTRUCTURE,Refined and/or Petroleum Product (non-HVL),INTRASTATE,CALIFORNIA,0,0,3.7,0.58,0,0,0,0,0,0,0,0,0,0,0,0,0,0,0,0,0,0,0,0,0,0,,,4.28,0,0,0,0,0,0,0,0,0,0,0,0,0,0,0,0,0,0,0,0,0,0,0,0,0,0,,,0
9/1/2026,2025,20260648,23348,40534,JET INFRASTRUCTURE,Refined and/or Petroleum Product (non-HVL),INTRASTATE,FLORIDA,0,0,0,35.14,0,0,0,0,0,0,0,0,0,0,0,0,0,0,0,0,0,0,0,0,0,0,,,35.14,0,0,0,0,0,0,0,0,0,0,0,0,0,0,0,0,0,0,0,0,0,0,0,0,0,0,,,0
9/1/2026,2025,20260648,23348,40534,JET INFRASTRUCTURE,Refined and/or Petroleum Product (non-HVL),INTRASTATE,GEORGIA,16.5,0.18,0.55,0,0,0,0,0,0,0,0,0,0,0,0,0,0,0,0,0,0,0,0,0,0,0,,,17.23,0,0,0,0,0,0,0,0,0,0,0,0,0,0,0,0,0,0,0,0,0,0,0,0,0,0,,,0
9/1/2026,2025,20260648,23348,40534,JET INFRASTRUCTURE,Refined and/or Petroleum Product (non-HVL),INTRASTATE,NEVADA,0,3.03,0,0,0,0,0,0,0,0,0,0,0,0,0,0,0,0,0,0,0,0,0,0,0,0,,,3.03,0,0,0,0,0,0,0,0,0,0,0,0,0,0,0,0,0,0,0,0,0,0,0,0,0,0,,,0
9/1/2026,2025,20260648,23348,40534,JET INFRASTRUCTURE,Refined and/or Petroleum Product (non-HVL),INTRASTATE,TENNESSEE,0,0,0,0,11.1,0,0,0,0,0,0,0,0,0,0,0,0,0,0,0,0,0,0,0,0,0,,,11.1,0,0,0,0,0,0,0,0,0,0,0,0,0,0,0,0,0,0,0,0,0,0,0,0,0,0,,,0
9/1/2026,2025,20260632,23240,40586,BPX MIDSTREAM LLC,Crude Oil,INTRASTATE,TEXAS,0,0,4.08,0,6.27,0,2.88,0,0,0,0,0,0,0,0,0,0,0,0,0,0,0,0,0,0,0,,,13.23,0,0,0,0,0,0,0,0,0,0,0,0,0,0,0,0,0,0,0,0,0,0,0,0,0,0,,,0
9/1/2026,2025,20260154,22747,40624,"PAR ROCKY MOUNTAIN MIDSTREAM, LLC",Crude Oil,INTRASTATE,MONTANA,0.03,0.29,0.06,0,70.57,0,0.02,0,0,0,0,0,0,0,0,0,0,0,0,0,0,0,0,0,0,0,,,70.97,,,,,,,,,,,,,,,,,,,,,,,,,,,,,
9/1/2026,2025,20260149,22742,40624,"PAR ROCKY MOUNTAIN MIDSTREAM, LLC",Refined and/or Petroleum Product (non-HVL),INTERSTATE,WASHINGTON,0,0.02,0.93,0,0,0,0,0,0,0,0,0,0,0,0,0,0,0,0,0,0,0,0,0,0,0,,,0.95,0,0,0,0,0,0,0,0,0,0,0,0,0,0,0,0,0,0,0,0,0,0,0,0,0,0,,,0
9/1/2026,2025,20260224,22823,40647,"DLK BLACK RIVER MIDSTREAM, LLC",HVL,INTRASTATE,NEW MEXICO,0,0,1.05,0,0,0,0,0,0,0,0,0,0,0,0,0,0,0,0,0,0,0,0,0,0,0,,,1.05,0,0,0,0,0,0,0,0,0,0,0,0,0,0,0,0,0,0,0,0,0,0,0,0,0,0,,,0
9/1/2026,2025,20260605,23213,40668,ENBRIDGE HOLDINGS (GRAY OAK) LLC,Crude Oil,INTRASTATE,TEXAS,0,0,12.34,0,26.83,0,53.853,0,272.46,0,0,0,0,494.207,0,0,0,0,0,0,0,0,0,0,0,0,,,859.69,0,0,0,0,0,0,0,0,0,0,0,0,0,0,0,0,0,0,0,0,0,0,0,0,0,0,,,0
9/1/2026,2025,20260511,23117,40680,"GUARDIAN DECOMMISSIONING, INC.",Crude Oil,INTERSTATE,LOUISIANA,0,0,0,0,0,0,0,0,0,0,0,0,0,0,0,0,0,0,0,0,0,0,0,0,0,0,,,0,0,0,0,9.45,0,0,0,0,0,0,0,0,0,0,0,0,0,0,0,0,0,0,0,0,0,0,,,9.45
9/1/2026,2025,20260511,23117,40680,"GUARDIAN DECOMMISSIONING, INC.",Crude Oil,INTERSTATE,OCS-Gulf of America,0,0,0,0,0,0,0,0,0,0,0,0,0,0,0,0,0,0,0,0,0,0,0,0,0,0,,,0,0,0,0,2.46,0,0,0,0,0,0,0,0,0,0,0,0,0,0,0,0,0,0,0,0,0,0,,,2.46
9/1/2026,2025,20260570,23176,40701,"CARDINAL DELAWARE BASIN, LLC",HVL,INTRASTATE,TEXAS,0,6.52,0,0,0,0,0,0,0,0,0,0,0,0,0,0,0,0,0,0,0,0,0,0,0,0,,,6.52,,,,,,,,,,,,,,,,,,,,,,,,,,,,,
9/1/2026,2025,20260099,22682,40702,BETA CRUDE CONNECTOR,Crude Oil,INTRASTATE,TEXAS,0.009,0,19.29,0,6.7,0,15.5,0,0,0,0,0,0,0,0,0,0,0,0,0,0,0,0,0,0,0,,,41.499,0,0,0,0,0,0,0,0,0,0,0,0,0,0,0,0,0,0,0,0,0,0,0,0,0,0,,,0
9/1/2026,2025,20260719,23353,40706,LGOT LP,Crude Oil,INTERSTATE,LOUISIANA,0,7,7,0,0,0,0,0,0,0,0,0,0,0,0,0,0,0,0,0,0,0,0,0,0,0,,,14,0,0,0,0,0,0,0,0,0,0,0,0,0,0,0,0,0,0,0,0,0,0,0,0,0,0,,,0
9/1/2026,2025,20260079,22657,40707,GRANITE CREEK ENERGY LLC,Crude Oil,INTRASTATE,WYOMING,0,0,0,11.4,0,0,0,0,0,0,0,0,0,0,0,0,0,0,0,0,0,0,0,0,0,0,,,11.4,0,0,0,0,0,0,0,0,0,0,0,0,0,0,0,0,0,0,0,0,0,0,0,0,0,0,,,0
9/1/2026,2025,20260058,22629,40719,NRG MAINTENANCE SERVICES LLC.,CO2,INTRASTATE,TEXAS,0,0,0,0,0,0,0.36,0,0,0,0,0,0,0,0,0,0,0,0,0,0,0,0,0,0,0,,,0.36,0,0,0,0,0,0,0,0,0,0,0,0,0,0,0,0,0,0,0,0,0,0,0,0,0,0,,,0
9/1/2026,2025,20260180,22776,40759,"TIVOLI SERVICES, LLC",Crude Oil,INTRASTATE,TEXAS,0,17.14,11.69,0,0,0,0,0,0,0,0,0,0,0,0,0,0,0,0,0,0,0,0,0,0,0,,,28.83,0,0,0,0,0,0,0,0,0,0,0,0,0,0,0,0,0,0,0,0,0,0,0,0,0,0,,,0
9/1/2026,2025,20260368,22974,40765,POPB NM CRUDE II LLC,Crude Oil,INTERSTATE,NEW MEXICO,0,0,1.06,31.13,0,0,0,0,0,0,0,0,0,0,0,0,0,0,0,0,0,0,0,0,0,0,,,32.19,0,0,0,0,0,0,0,0,0,0,0,0,0,0,0,0,0,0,0,0,0,0,0,0,0,0,,,0
9/1/2026,2025,20260117,22706,40768,"KINETIK HOLDINGS, LP",Crude Oil,INTRASTATE,TEXAS,0,0,0,58.07,36.48,0,0,0,0,0,0,0,0,0,0,0,0,0,0,0,0,0,0,0,0,0,,,94.55,,,,,,,,,,,,,,,,,,,,,,,,,,,,,
9/1/2026,2025,20260118,22707,40768,"KINETIK HOLDINGS, LP",HVL,INTRASTATE,TEXAS,0,5.29,50.07,0,11.39,0,0,0,58.8,0,0,0,0,0,0,0,0,0,0,0,0,0,0,0,0,0,,,125.55,0,0,0,0,0,0,0,0,0,0,0,0,0,0,0,0,0,0,0,0,0,0,0,0,0,0,,,0
9/1/2026,2025,20260427,23277,40797,MUSTANG HOLDING LLC,Crude Oil,INTERSTATE,ALASKA,0,0.218,0,0,0,0,0,0,0,0,0,0,0,0,0,0,0,0,0,0,0,0,0,0,0,0,,,0.218,0,0,0,0,0,0,0,0,0,0,0,0,0,0,0,0,0,0,0,0,0,0,0,0,0,0,,,0
9/1/2026,2025,20260337,22939,40801,"BOARDWALK PURITY PIPELINES COMPANY, LLC",HVL,INTRASTATE,TEXAS,15.8,0,0,0,0,0,0,0,0,0,0,0,0,0,0,0,0,0,0,0,0,0,0,0,0,0,,,15.8,0,0,0,0,0,0,0,0,0,0,0,0,0,0,0,0,0,0,0,0,0,0,0,0,0,0,,,0
9/1/2026,2025,20260623,23231,40811,BRAZOS MIDSTREAM OPRTNG III LLC,Crude Oil,INTRASTATE,TEXAS,0,0,0,0,0,0,0,0,0,0,0,0,0,0,0,0,0,0,0,0,0,0,0,0,0,0,,,0,0,0,0,0,0,0,0,0,0,0,0,0,0,0,0,0,0,0,0,0,0,0,0,0,0,0,,,0
9/1/2026,2025,20260033,22600,40848,BLOCK T PETROLEUM INC,CO2,INTRASTATE,TEXAS,0,14.05,0,0,0,0,0,0,0,0,0,0,0,0,0,0,0,0,0,0,0,0,0,0,0,0,,,14.05,0,0,0,0,0,0,0,0,0,0,0,0,0,0,0,0,0,0,0,0,0,0,0,0,0,0,,,0
9/1/2026,2025,20260494,23100,40851,SABLE OFFSHORE CORP,Crude Oil,INTERSTATE,CALIFORNIA,0,0,0,0,0,0,0,0,1.22,0,0,0,0,0,0,0,0,0,0,0,0,0,0,0,0,0,,,1.22,0,0,0,0,0,0,0,0,5.17,0,0,0,0,0,0,0,0,0,0,0,0,0,0,0,0,0,,,5.17
9/1/2026,2025,20260494,23100,40851,SABLE OFFSHORE CORP,Crude Oil,INTERSTATE,OCS-Pacific,0,0,0,0,0,0,0,0,0,0,0,0,0,0,0,0,0,0,0,0,0,0,0,0,0,0,,,0,0,0,0,0,0,0,0,0,4.86,0,0,0,0,0,0,0,0,0,0,0,0,0,0,0,0,0,,,4.86
9/1/2026,2025,20260060,22631,40876,VALENCE NATURAL GAS SOLUTIONS LLC,HVL,INTRASTATE,NORTH DAKOTA,0,4.4,0,0,0,0,0,0,0,0,0,0,0,0,0,0,0,0,0,0,0,0,0,0,0,0,,,4.4,0,0,0,0,0,0,0,0,0,0,0,0,0,0,0,0,0,0,0,0,0,0,0,0,0,0,,,0
9/1/2026,2025,20260684,23295,40878,LOW CARBON LOGISTICS CCS TRANSPORT LLC,CO2,INTRASTATE,LOUISIANA,0,0,0,0,0,0,0,0,0,0,2.22,0,0,0,0,0,0,0,0,0,0,0,0,0,0,0,,,2.22,0,0,0,0,0,0,0,0,0,0,0,0,0,0,0,0,0,0,0,0,0,0,0,0,0,0,,,0
9/1/2026,2025,20260077,22655,40879,VERDUN OIL & GAS LLC,Crude Oil,INTRASTATE,TEXAS,0,0.01,2.12,0.81,16.45,0.93,0,0,0,0,0,0,0,0,0,0,0,0,0,0,0,0,0,0,0,0,,,20.32,0,0,0,0,0,0,0,0,0,0,0,0,0,0,0,0,0,0,0,0,0,0,0,0,0,0,,,0
9/1/2026,2025,20260630,23238,40881,SABLE OFFSHORE CORP PPC,Crude Oil,INTERSTATE,CALIFORNIA,0,0,0,0,0,0,0,0,0,0,10.87,0,0,113.56,0,0,0,0,0,0,0,0,0,0,0,0,,,124.43,0,0,0,0,0,0,0,0,0,0,0,0,0,0,0,0,0,0,0,0,0,0,0,0,0,0,,,0
9/1/2026,2025,20260215,22813,40903,TRAILBLAZER CO2 PIPELINE LLC,CO2,INTERSTATE,NEBRASKA,0.33,19.48,40.79,23.52,121.17,0,0,0,0,0,0,0,0,0,0,0,0,0,0,0,0,0,0,0,0,0,,,205.29,,,,,,,,,,,,,,,,,,,,,,,,,,,,,
9/1/2026,2025,20260215,22813,40903,TRAILBLAZER CO2 PIPELINE LLC,CO2,INTERSTATE,WYOMING,0,0,0.36,14.33,2.18,0,11.63,0,0,0,0,0,0,0,0,0,0,0,0,0,0,0,0,0,0,0,,,28.5,0,0,0,0,0,0,0,0,0,0,0,0,0,0,0,0,0,0,0,0,0,0,0,0,0,0,,,0
9/1/2026,2025,20260657,23331,40911,ANCHOR CRUDE MARKETING,Crude Oil,INTRASTATE,TEXAS,0,0,13.93,0,0,0,0,0,0,0,0,0,0,0,0,0,0,0,0,0,0,0,0,0,0,0,,,13.93,0,0,0,0,0,0,0,0,0,0,0,0,0,0,0,0,0,0,0,0,0,0,0,0,0,0,,,0
9/1/2026,2025,20260011,22676,40912,KNOC EAGLE FORD CORP,Crude Oil,INTERSTATE,LOUISIANA,0,0,0,0,0,0,0,0,0,0,0,0,0,0,0,0,0,0,0,0,0,0,0,0,0,0,,,0,5.4,0,0,0,0,0,0,0,0,0,0,0,0,0,0,0,0,0,0,0,0,0,0,0,0,0,,,5.4
9/1/2026,2025,20260011,22676,40912,KNOC EAGLE FORD CORP,Crude Oil,INTERSTATE,OCS-Gulf of America,0,0,0,0,0,0,0,0,0,0,0,0,0,0,0,0,0,0,0,0,0,0,0,0,0,0,,,0,12.86,0,0,0,0,0,0,0,0,0,0,0,0,0,0,0,0,0,0,0,0,0,0,0,0,0,,,12.86
9/1/2026,2025,20260437,23043,40921,BEAUMONT NEW AMMONIA LLC,HVL,INTRASTATE,TEXAS,0,0,0,1.37,0,0,0,0,0,0,0,0,0,0,0,0,0,0,0,0,0,0,0,0,0,0,,,1.37,0,0,0,0,0,0,0,0,0,0,0,0,0,0,0,0,0,0,0,0,0,0,0,0,0,0,,,0
9/1/2026,2025,20260378,22984,40932,NATURAL RESOURCES WORLDWIDE LLC,Crude Oil,INTERSTATE,LOUISIANA,0,2.45,0,0,0,0,0,0,0,0,0,0,0,0,0,0,0,0,0,0,0,0,0,0,0,0,,,2.45,0,7.94,0,0,0,0,0,0,0,0,0,0,0,0,0,0,0,0,0,0,0,0,0,0,0,0,,,7.94
9/1/2026,2025,20260189,22787,40946,"LEA MIDSTREAM, LLC",HVL,INTRASTATE,NEW MEXICO,0,0,0,7.72,0,0,0,0,0,0,0,0,0,0,0,0,0,0,0,0,0,0,0,0,0,0,,,7.72,0,0,0,0,0,0,0,0,0,0,0,0,0,0,0,0,0,0,0,0,0,0,0,0,0,0,,,0
9/1/2026,2025,20260071,23403,40951,CANYON CROSSING LLC,Crude Oil,INTERSTATE,OKLAHOMA,0,0,0,0,96.15,0,98.44,104.62,0,0,0,0,0,0,0,0,0,0,0,0,0,0,0,0,0,0,,,299.21,,,,,,,,,,,,,,,,,,,,,,,,,,,,,
9/1/2026,2025,20260071,23403,40951,CANYON CROSSING LLC,Crude Oil,INTERSTATE,TEXAS,0,0,0,0,49.38,0,94,0,0,0,0,0,0,0,0,0,0,0,0,0,0,0,0,0,0,0,,,143.38,0,0,0,0,0,0,0,0,0,0,0,0,0,0,0,0,0,0,0,0,0,0,0,0,0,0,,,0
9/1/2026,2025,20260393,22999,40952,EDGEWATER MIDSTREAM PASADENA LLC,Refined and/or Petroleum Product (non-HVL),INTERSTATE,TEXAS,0,0,0,0,1.39,0,3.08,0,0,0,0,0,0,1.58,0,0,1.58,0,0,0,0,0,0,0,0,0,,,7.63,0,0,0,0,0,0,0,0,0,0,0,0,0,0,0,0,0,0,0,0,0,0,0,0,0,0,,,0
9/1/2026,2025,20260393,22999,40952,EDGEWATER MIDSTREAM PASADENA LLC,Refined and/or Petroleum Product (non-HVL),INTRASTATE,TEXAS,0,0,0,6.4,15.44,3.06,4.88,0,0,0,0,0,0,0,0,0,0,0,0,0,0,0,0,0,0,0,,,29.78,0,0,0,0,0,0,0,0,0,0,0,0,0,0,0,0,0,0,0,0,0,0,0,0,0,0,,,0
9/1/2026,2025,20260371,22977,40971,PACIFIC PIPELINE SYSTEM LLC,Crude Oil,INTRASTATE,CALIFORNIA,0,16.41,57.63,67.14,0,101.98,46.34,0,129.8,0,0,0,0,0,0,0,0,0,0,0,0,0,0,0,0,0,,,419.3,0,0,0,0,0,0,0,0,0,0,0,0,0,0,0,0,0,0,0,0,0,0,0,0,0,0,,,0
9/1/2026,2025,20260366,23397,40972,PLAINS MARKETING CA LLC,Crude Oil,INTRASTATE,CALIFORNIA,0,49.68,21.69,17.76,0,0,54.35,0,0,0,0,0,0,14.86,0,0,0,0,0,0,0,0,0,0,0,0,,,158.34,0,0,0,0,0,0,0,0,0,0,0,0,0,0,0,0,0,0,0,0,0,0,0,0,0,0,,,0
9/1/2026,2025,20260402,23008,40972,PLAINS MARKETING CA LLC,HVL,INTRASTATE,CALIFORNIA,14.41,28.67,0,0,0,0,0,0,0,0,0,0,0,0,0,0,0,0,0,0,0,0,0,0,0,0,,,43.08,0,0,0,0,0,0,0,0,0,0,0,0,0,0,0,0,0,0,0,0,0,0,0,0,0,0,,,0
9/1/2026,2025,20260346,22948,40996,MAIN PASS OIL GATHERING COMPANY LLC,Crude Oil,INTERSTATE,LOUISIANA,0,0,0,0,0,0,0,0,0.14,0,0,0,0,0,0,0,0,0,0,0,0,0,0,0,0,0,,,0.14,0,0,0,0,0,0,0,1.39,3.87,0,0,0,0,0,0,0,0,0,0,0,0,0,0,0,0,0,,,5.26
9/1/2026,2025,20260346,22948,40996,MAIN PASS OIL GATHERING COMPANY LLC,Crude Oil,INTERSTATE,OCS-Gulf of America,0,0,0,0,0,0,0,0,0,0,0,0,0,0,0,0,0,0,0,0,0,0,0,0,0,0,,,0,0,0,8.31,5.8,0,0,0,66.03,0,0,0,0,0,0,0,0,0,0,0,0,0,0,0,0,0,0,,,80.14
9/1/2026,2025,20260179,22775,41030,TIVOLI MIDSTREAM LLC,HVL,INTRASTATE,TEXAS,67.6,23.2,0,0,0,0,0,0,0,0,0,0,0,0,0,0,0,0,0,0,0,0,0,0,0,0,,,90.8,0,0,0,0,0,0,0,0,0,0,0,0,0,0,0,0,0,0,0,0,0,0,0,0,0,0,,,0
9/1/2026,2025,20260350,22953,41036,MOONRISE MIDSTREAM LLC,Crude Oil,INTRASTATE,COLORADO,0,0,0,4.58,6.55,0,0,0,0,0,0,0,0,0,0,0,0,0,0,0,0,0,0,0,0,0,,,11.13,0,0,0,0,0,0,0,0,0,0,0,0,0,0,0,0,0,0,0,0,0,0,0,0,0,0,,,0
9/1/2026,2025,20260276,22877,41036,MOONRISE MIDSTREAM LLC,HVL,INTRASTATE,COLORADO,0,0,0.12,0,0,0,0,0,0,0,0,0,0,0,0,0,0,0,0,0,0,0,0,0,0,0,,,0.12,0,0,0,0,0,0,0,0,0,0,0,0,0,0,0,0,0,0,0,0,0,0,0,0,0,0,,,0
9/1/2026,2025,20260245,22844,41041,HEP OLEFINS LP,HVL,INTRASTATE,TEXAS,0,0,0,2.28,116.87,0,0,0,0,0,0,0,0,0,0,0,0,0,0,0,0,0,0,0,0,0,,,119.15,0,0,0,0,0,0,0,0,0,0,0,0,0,0,0,0,0,0,0,0,0,0,0,0,0,0,,,0
9/1/2026,2025,20260102,22685,41056,TALOS RESOURCES LLC,Crude Oil,INTERSTATE,LOUISIANA,0,0,0,1.73,0,0,0,0,0,0,0,0,0,0,0,0,0,0,0,0,0,0,0,0,0,0,,,1.73,0,0,0,3.92,0,0,0,0,0,0,0,0,0,0,0,0,0,0,0,0,0,0,0,0,0,0,,,3.92
9/1/2026,2025,20260102,22685,41056,TALOS RESOURCES LLC,Crude Oil,INTERSTATE,OCS-Gulf of America,0,0,0,0,0,0,0,0,0,0,0,0,0,0,0,0,0,0,0,0,0,0,0,0,0,0,,,0,0,0,0,23.6,0,0,0,0,0,0,0,0,0,0,0,0,0,0,0,0,0,0,0,0,0,0,,,23.6
9/1/2026,2025,20260673,23284,41071,VERDUN OIL EF II LLC,Crude Oil,INTRASTATE,TEXAS,0,0,0,0,0,0,0,0,0,0,0,0,0,0,0,0,0,0,0,0,0,0,0,0,0,0,,,0,0,0,0,0,0,0,0,0,0,0,0,0,0,0,0,0,0,0,0,0,0,0,0,0,0,0,,,0
9/1/2026,2025,20260734,23380,41118,HIGHMARK ENERGY OPERATING LLC,HVL,INTRASTATE,LOUISIANA,12.1,0,0,0,0,0,0,0,0,0,0,0,0,0,0,0,0,0,0,0,0,0,0,0,0,0,,,12.1,0,0,0,0,0,0,0,0,0,0,0,0,0,0,0,0,0,0,0,0,0,0,0,0,0,0,,,0
9/1/2026,2025,20260063,22634,41127,MORIAH OPERATING LLC,Crude Oil,INTRASTATE,TEXAS,0,0,0,0,0,0,0,0,0,0,0,0,0,0,0,0,0,0,0,0,0,0,0,0,0,0,,,0,,,,,,,,,,,,,,,,,,,,,,,,,,,,,
9/1/2026,2025,20260501,23107,41140,AETHEL ENERGY OPCO LLC,Crude Oil,INTRASTATE,WYOMING,0,24.8,6.11,0,0,0,0,0,0,0,0,0,0,0,0,0,0,0,0,0,0,0,0,0,0,0,,,30.91,0,0,0,0,0,0,0,0,0,0,0,0,0,0,0,0,0,0,0,0,0,0,0,0,0,0,,,0
9/1/2026,2025,20260497,23103,41141,AETHEL ENERGY OPCO LLC,CO2,INTRASTATE,WYOMING,0,0,31,0,7,0,117,0,0,0,0,0,0,0,0,0,0,0,0,0,0,0,0,0,0,0,,,155,0,0,0,0,0,0,0,0,0,0,0,0,0,0,0,0,0,0,0,0,0,0,0,0,0,0,,,0
9/1/2026,2025,20260164,22757,99001,DEFENSE FUEL SUPPLY POINT,Refined and/or Petroleum Product (non-HVL),INTRASTATE,SOUTH CAROLINA,0,0,4.72,0,0,0,0,0,0,0,0,0,0,0,0,0,0,0,0,0,0,0,0,0,0,0,,,4.72,0,0,0,0,0,0,0,0,0,0,0,0,0,0,0,0,0,0,0,0,0,0,0,0,0,0,,,0
9/1/2026,2025,20260478,23084,99002,TAMPA AIRPORT PIPELINE CORPORATION,Refined and/or Petroleum Product (non-HVL),INTRASTATE,FLORIDA,0,10.5,0,0,0,0,0,0,0,0,0,0,0,0,0,0,0,0,0,0,0,0,0,0,0,0,,,10.5,0,0,0,0,0,0,0,0,0,0,0,0,0,0,0,0,0,0,0,0,0,0,0,0,0,0,,,0
9/1/2026,2025,20260197,22795,99031,CITGO PETROLEUM CORPORATION (TERMINALS),HVL,INTRASTATE,INDIANA,0,2.732,0,0,0,0,0,0,0,0,0,0,0,0,0,0,0,0,0,0,0,0,0,0,0,0,,,2.732,0,0,0,0,0,0,0,0,0,0,0,0,0,0,0,0,0,0,0,0,0,0,0,0,0,0,,,0
9/1/2026,2025,20260198,22796,99031,CITGO PETROLEUM CORPORATION (TERMINALS),Refined and/or Petroleum Product (non-HVL),INTRASTATE,FLORIDA,0,0,1.219,0,0,0,0,0,0,0,0,0,0,0,0,0,0,0,0,0,0,0,0,0,0,0,,,1.219,,,,,,,,,,,,,,,,,,,,,,,,,,,,,
9/1/2026,2025,20260198,22796,99031,CITGO PETROLEUM CORPORATION (TERMINALS),Refined and/or Petroleum Product (non-HVL),INTRASTATE,ILLINOIS,0,0,0.322,0.316,0,0,0,0,0,0,0,0,0,0,0,0,0,0,0,0,0,0,0,0,0,0,,,0.638,,,,,,,,,,,,,,,,,,,,,,,,,,,,,
9/1/2026,2025,20260198,22796,99031,CITGO PETROLEUM CORPORATION (TERMINALS),Refined and/or Petroleum Product (non-HVL),INTRASTATE,INDIANA,0,0,0,0,2.538,0,0,0,0,0,0,0,0,0,0,0,0,0,0,0,0,0,0,0,0,0,,,2.538,,,,,,,,,,,,,,,,,,,,,,,,,,,,,
9/1/2026,2025,20260198,22796,99031,CITGO PETROLEUM CORPORATION (TERMINALS),Refined and/or Petroleum Product (non-HVL),INTRASTATE,MICHIGAN,0,0.204,0.053,0.002,0.17,0,0.026,0,0,0,0,0,0,0,0,0,0,0,0,0,0,0,0,0,0,0,,,0.455,,,,,,,,,,,,,,,,,,,,,,,,,,,,,
9/1/2026,2025,20260198,22796,99031,CITGO PETROLEUM CORPORATION (TERMINALS),Refined and/or Petroleum Product (non-HVL),INTRASTATE,NEW JERSEY,0,0,0,1.174,9.43,0,0.125,0,0,0,0,0,0,0,0,0,0,0,0,0,0,0,0,0,0,0,,,10.729,,,,,,,,,,,,,,,,,,,,,,,,,,,,,
9/1/2026,2025,20260198,22796,99031,CITGO PETROLEUM CORPORATION (TERMINALS),Refined and/or Petroleum Product (non-HVL),INTRASTATE,OHIO,0,0,0,0.277,1.915,0.055,0,0,0,0,0,0,0,0,0,0,0,0,0,0,0,0,0,0,0,0,,,2.247,0,0,0,0,0,0,0,0,0,0,0,0,0,0,0,0,0,0,0,0,0,0,0,0,0,0,,,0
9/1/2026,2025,20260048,22617,99043,PETROLEUM FUEL AND TERMINAL COMPANY,Refined and/or Petroleum Product (non-HVL),INTRASTATE,MARYLAND,0,0,0,0,3.1,0,0,0,0,0,0,0,0,0,0,0,0,0,0,0,0,0,0,0,0,0,,,3.1,0,0,0,0,0,0,0,0,0,0,0,0,0,0,0,0,0,0,0,0,0,0,0,0,0,0,,,0
,,,,,,,,,,,,,,,,,,,,,,,,,,,,,,,,,,,,,,,,,,,,,,,,,,,,,,,,,,,,,,,,,,
,,,,,,,,,,,,,,,,,,,,,,,,,,,,,,,,,,,,,,,,,,,,,,,,,,,,,,,,,,,,,,,,,,
,,,,,,,,,,,,,,,,,,,,,,,,,,,,,,,,,,,,,,,,,,,,,,,,,,,,,,,,,,,,,,,,,,
,,,,,,,,,,,,,,,,,,,,,,,,,,,,,,,,,,,,,,,,,,,,,,,,,,,,,,,,,,,,,,,,,,
,,,,,,,,,,,,,,,,,,,,,,,,,,,,,,,,,,,,,,,,,,,,,,,,,,,,,,,,,,,,,,,,,,
,,,,,,,,,,,,,,,,,,,,,,,,,,,,,,,,,,,,,,,,,,,,,,,,,,,,,,,,,,,,,,,,,,
,,,,,,,,,,,,,,,,,,,,,,,,,,,,,,,,,,,,,,,,,,,,,,,,,,,,,,,,,,,,,,,,,,
,,,,,,,,,,,,,,,,,,,,,,,,,,,,,,,,,,,,,,,,,,,,,,,,,,,,,,,,,,,,,,,,,,
,,,,,,,,,,,,,,,,,,,,,,,,,,,,,,,,,,,,,,,,,,,,,,,,,,,,,,,,,,,,,,,,,,
,,,,,,,,,,,,,,,,,,,,,,,,,,,,,,,,,,,,,,,,,,,,,,,,,,,,,,,,,,,,,,,,,,
,,,,,,,,,,,,,,,,,,,,,,,,,,,,,,,,,,,,,,,,,,,,,,,,,,,,,,,,,,,,,,,,,,
,,,,,,,,,,,,,,,,,,,,,,,,,,,,,,,,,,,,,,,,,,,,,,,,,,,,,,,,,,,,,,,,,,
,,,,,,,,,,,,,,,,,,,,,,,,,,,,,,,,,,,,,,,,,,,,,,,,,,,,,,,,,,,,,,,,,,
,,,,,,,,,,,,,,,,,,,,,,,,,,,,,,,,,,,,,,,,,,,,,,,,,,,,,,,,,,,,,,,,,,
,,,,,,,,,,,,,,,,,,,,,,,,,,,,,,,,,,,,,,,,,,,,,,,,,,,,,,,,,,,,,,,,,,
,,,,,,,,,,,,,,,,,,,,,,,,,,,,,,,,,,,,,,,,,,,,,,,,,,,,,,,,,,,,,,,,,,
,,,,,,,,,,,,,,,,,,,,,,,,,,,,,,,,,,,,,,,,,,,,,,,,,,,,,,,,,,,,,,,,,,
,,,,,,,,,,,,,,,,,,,,,,,,,,,,,,,,,,,,,,,,,,,,,,,,,,,,,,,,,,,,,,,,,,
,,,,,,,,,,,,,,,,,,,,,,,,,,,,,,,,,,,,,,,,,,,,,,,,,,,,,,,,,,,,,,,,,,
,,,,,,,,,,,,,,,,,,,,,,,,,,,,,,,,,,,,,,,,,,,,,,,,,,,,,,,,,,,,,,,,,,
,,,,,,,,,,,,,,,,,,,,,,,,,,,,,,,,,,,,,,,,,,,,,,,,,,,,,,,,,,,,,,,,,,
,,,,,,,,,,,,,,,,,,,,,,,,,,,,,,,,,,,,,,,,,,,,,,,,,,,,,,,,,,,,,,,,,,
,,,,,,,,,,,,,,,,,,,,,,,,,,,,,,,,,,,,,,,,,,,,,,,,,,,,,,,,,,,,,,,,,,
,,,,,,,,,,,,,,,,,,,,,,,,,,,,,,,,,,,,,,,,,,,,,,,,,,,,,,,,,,,,,,,,,,
,,,,,,,,,,,,,,,,,,,,,,,,,,,,,,,,,,,,,,,,,,,,,,,,,,,,,,,,,,,,,,,,,,
,,,,,,,,,,,,,,,,,,,,,,,,,,,,,,,,,,,,,,,,,,,,,,,,,,,,,,,,,,,,,,,,,,
,,,,,,,,,,,,,,,,,,,,,,,,,,,,,,,,,,,,,,,,,,,,,,,,,,,,,,,,,,,,,,,,,,
,,,,,,,,,,,,,,,,,,,,,,,,,,,,,,,,,,,,,,,,,,,,,,,,,,,,,,,,,,,,,,,,,,
,,,,,,,,,,,,,,,,,,,,,,,,,,,,,,,,,,,,,,,,,,,,,,,,,,,,,,,,,,,,,,,,,,
,,,,,,,,,,,,,,,,,,,,,,,,,,,,,,,,,,,,,,,,,,,,,,,,,,,,,,,,,,,,,,,,,,
,,,,,,,,,,,,,,,,,,,,,,,,,,,,,,,,,,,,,,,,,,,,,,,,,,,,,,,,,,,,,,,,,,
,,,,,,,,,,,,,,,,,,,,,,,,,,,,,,,,,,,,,,,,,,,,,,,,,,,,,,,,,,,,,,,,,,
,,,,,,,,,,,,,,,,,,,,,,,,,,,,,,,,,,,,,,,,,,,,,,,,,,,,,,,,,,,,,,,,,,
,,,,,,,,,,,,,,,,,,,,,,,,,,,,,,,,,,,,,,,,,,,,,,,,,,,,,,,,,,,,,,,,,,
,,,,,,,,,,,,,,,,,,,,,,,,,,,,,,,,,,,,,,,,,,,,,,,,,,,,,,,,,,,,,,,,,,
,,,,,,,,,,,,,,,,,,,,,,,,,,,,,,,,,,,,,,,,,,,,,,,,,,,,,,,,,,,,,,,,,,
,,,,,,,,,,,,,,,,,,,,,,,,,,,,,,,,,,,,,,,,,,,,,,,,,,,,,,,,,,,,,,,,,,
,,,,,,,,,,,,,,,,,,,,,,,,,,,,,,,,,,,,,,,,,,,,,,,,,,,,,,,,,,,,,,,,,,
,,,,,,,,,,,,,,,,,,,,,,,,,,,,,,,,,,,,,,,,,,,,,,,,,,,,,,,,,,,,,,,,,,
,,,,,,,,,,,,,,,,,,,,,,,,,,,,,,,,,,,,,,,,,,,,,,,,,,,,,,,,,,,,,,,,,,
,,,,,,,,,,,,,,,,,,,,,,,,,,,,,,,,,,,,,,,,,,,,,,,,,,,,,,,,,,,,,,,,,,
,,,,,,,,,,,,,,,,,,,,,,,,,,,,,,,,,,,,,,,,,,,,,,,,,,,,,,,,,,,,,,,,,,
,,,,,,,,,,,,,,,,,,,,,,,,,,,,,,,,,,,,,,,,,,,,,,,,,,,,,,,,,,,,,,,,,,
,,,,,,,,,,,,,,,,,,,,,,,,,,,,,,,,,,,,,,,,,,,,,,,,,,,,,,,,,,,,,,,,,,
