DATAFILE_AS_OF,REPORT_YEAR,REPORT_NUMBER,SUPPLEMENTAL_NUMBER,OPERATOR_ID,PARTA2NAMEOFCOMP,PARTA4STREET,PARTA4CITY,PARTA4STATE,PARTA4ZIP,PARTA4COUNTRY,PARTA5COMMODITY,PARTA7INTER,PARTA7INTRA,PARTBHCAOFFSHORE,PARTBHCAONSHORE,PARTBHCATOTAL,PARTCOFFCO2,PARTCOFFCRUDE,PARTCOFFETHANOL,PARTCOFFHVL,PARTCOFFRPP,PARTCONCO2,PARTCONCRUDE,PARTCONETHANOL,PARTCONHVL,PARTCONRPP,PARTDONCPB,PARTDONCPC,PARTDONCUB,PARTDONCUC,PARTDONCUP,PARTDONCUO,PARTDONTOTAL,PARTDOFFCPB,PARTDOFFCPC,PARTDOFFCUB,PARTDOFFCUC,PARTDOFFCUP,PARTDOFFCUO,PARTDOFFTOTAL,PARTDCPBTOTAL,PARTDCPCTOTAL,PARTDCUBTOTAL,PARTDCUCTOTAL,PARTDCUPTOTAL,PARTDCUOTOTAL,PARTDTOTALMILES,PARTEUNKNHF,PARTEUNKNLF,PARTEUNKNTOTAL,PARTEPRE40HF,PARTEPRE40LF,PARTEPRE40TOTAL,PARTE1940HF,PARTE1940LF,PARTE1940TOTAL,PARTE1950HF,PARTE1950LF,PARTE1950TOTAL,PARTE1960HF,PARTE1960LF,PARTE1960TOTAL,PARTE1970HF,PARTE1970LF,PARTE1970TOTAL,PARTE1980HF,PARTE1980LF,PARTE1980TOTAL,PARTE1990HF,PARTE1990LF,PARTE1990TOTAL,PARTE2000HF,PARTE2000LF,PARTE2000TOTAL,PARTE2010HF,PARTE2010LF,PARTE2010TOTAL,PARTE2020HF,PARTE2020LF,PARTE2020TOTAL,PARTETOTAL,PARTETOTALHF,PARTETOTALLF,REPORT_SUBMISSION_TYPE,REPORT_DATE,FILING_DATE,FORM_REV
9/1/2026,2025,20260138,22731,117,AIR PRODUCTS & CHEMICALS INC,1940 AIR PRODUCTS BLVD,ALLENTOWN,PA,18106,US,CO2,,TEXAS,,12.91,12.91,,,,,,366582.000,,,,,0,12.91,0,0,0,0,12.91,0,0,0,0,0,0,0,0,12.91,0,0,0,0,12.91,0,0,0,0,0,0,0,0,0,0,0,0,0,0,0,0,0,0,0,0,0,0,0,0,0,0,0,12.91,0,12.91,0,0,0,12.91,12.91,0,INITIAL,5/19/2026,5/19/2026,7000-1.1 (Rev. 04-2023)
9/1/2026,2025,20260166,22759,117,AIR PRODUCTS & CHEMICALS INC,1940 AIR PRODUCTS BLVD,ALLENTOWN,PA,18106,US,Crude Oil,,CALIFORNIA,,25.12,25.12,,,,,,,0.000,,,,0,24.306,0,0.812,0,0,25.118,0,0,0,0,0,0,0,0,24.306,0,0.812,0,0,25.118,0,0,0,0,0,0,0,0,0,0,0,0,0,0.299,0.299,0.439,0,0.439,1.953,0,1.953,0.332,0,0.332,0,0,0,0,0,0,0,0,0,3.023,2.724,0.299,INITIAL,5/28/2026,5/28/2026,7000-1.1 (Rev. 04-2023)
9/1/2026,2025,20260139,22732,117,AIR PRODUCTS & CHEMICALS INC,1940 AIR PRODUCTS BLVD,ALLENTOWN,PA,18106,US,HVL,,TEXAS,,2.71,2.71,,,,,,,,,,1638166.000,0,2.71,0,0,0,0,2.71,0,0,0,0,0,0,0,0,2.71,0,0,0,0,2.71,0,0,0,0,0,0,0,0,0,0,0,0,0,0,0,0,0,0,0,0,0,0,0,0,0,0,0,0,0,0,2.71,0,2.71,2.71,2.71,0,INITIAL,5/19/2026,5/19/2026,7000-1.1 (Rev. 04-2023)
9/1/2026,2025,20260167,22760,117,AIR PRODUCTS & CHEMICALS INC,1940 AIR PRODUCTS BLVD,ALLENTOWN,PA,18106,US,Refined and/or Petroleum Product (non-HVL),,CALIFORNIA,,16.64,16.64,,,,,,,,,,0.000,0,16.636,0,0,0,0,16.636,0,0,0,0,0,0,0,0,16.636,0,0,0,0,16.636,0,0,0,0,0,0,0,0,0,0,0,0,0,0.735,0.735,0.195,0,0.195,0.147,0,0.147,0.67,0,0.67,1.66,0,1.66,0.005,0,0.005,0,0,0,3.412,2.677,0.735,INITIAL,5/28/2026,5/28/2026,7000-1.1 (Rev. 04-2023)
9/1/2026,2025,20260362,22968,300,"PLAINS PIPELINE, L.P.","333 CLAY STREET, SUITE 1900",HOUSTON,TX,77002,US,Crude Oil,"ALABAMA, ARKANSAS, COLORADO, ILLINOIS, KANSAS, LOUISIANA, MISSISSIPPI, MONTANA, NEW MEXICO, NORTH DAKOTA, OKLAHOMA, TENNESSEE, TEXAS, WYOMING","ARKANSAS, LOUISIANA, MISSISSIPPI, MONTANA, NEW MEXICO, NORTH DAKOTA, OKLAHOMA, TEXAS, WYOMING",,972.34,972.34,,,,,,0.000,42362933922.000,0,0.000,0.000,80.92,7554.5,0,0,0,834.48,8469.9,0,0,0,0,0,0,0,80.92,7554.5,0,0,0,834.48,8469.9,152.22,0,152.22,0,1.28,1.28,0,509.07,509.07,0.12,139.82,139.94,0,343.57,343.57,167.95,1.1,169.05,42.06,0,42.06,303.03,0,303.03,351.6,0,351.6,3978.81,0,3978.81,264.18,0,264.18,6254.81,5259.97,994.84,INITIAL,6/10/2026,6/10/2026,7000-1.1 (Rev. 04-2023)
9/1/2026,2025,20260360,22966,300,"PLAINS PIPELINE, L.P.","333 CLAY STREET, SUITE 1900",HOUSTON,TX,77002,US,HVL,MICHIGAN,TEXAS,,48.89,48.89,,,,,,0.000,0.000,0,63238684.000,0.000,0,77.47,0,0,0,5.56,83.03,0,0,0,0,0,0,0,0,77.47,0,0,0,5.56,83.03,0,0,0,0,0,0,0,0,0,0,0,0,0,0,0,0,0,0,0,0,0,0.01,0,0.01,0,0,0,9.16,0,9.16,2.7,0,2.7,11.87,11.87,0,INITIAL,6/10/2026,6/10/2026,7000-1.1 (Rev. 04-2023)
9/1/2026,2025,20260301,22903,395,AMOCO OIL CO,30 S. WACKER DRIVE,CHICAGO,IL,60606,US,Refined and/or Petroleum Product (non-HVL),"ILLINOIS, INDIANA, IOWA, MICHIGAN, MINNESOTA, MISSOURI",,,423.9,423.9,,,,,,0.000,0.000,0,0.000,13371573491.000,0,1153,0,0,0,0,1153,0,0,0,0,0,0,0,0,1153,0,0,0,0,1153,0,0,0,0,0,0,0,15,15,0,0,0,0,0.9,0.9,0.6,0.9,1.5,18.5,0,18.5,58.5,0,58.5,5,0,5,1.4,0,1.4,0,0,0,100.8,84,16.8,INITIAL,6/8/2026,6/8/2026,7000-1.1 (Rev. 04-2023)
9/1/2026,2025,20260550,23156,473,"WESTERN MIDSTREAM PARTNERS, LP",9950 WOODLOCH FOREST DR,THE WOODLANDS,TX,77380,US,Crude Oil,,"COLORADO, TEXAS",,120.33,120.33,,,,,,,71027695272.000,,,,0,500.8,0,0,0,0,500.8,0,0,0,0,0,0,0,0,500.8,0,0,0,0,500.8,0,0,0,0,0,0,0,0,0,0,0,0,0,0,0,0,0,0,0,0,0,0,0,0,0,0,0,439.2,0,439.2,61.6,0,61.6,500.8,500.8,0,INITIAL,6/14/2026,6/14/2026,7000-1.1 (Rev. 04-2023)
9/1/2026,2025,20260549,23155,473,"WESTERN MIDSTREAM PARTNERS, LP",9950 WOODLOCH FOREST DR,THE WOODLANDS,TX,77380,US,HVL,"UTAH, WYOMING","COLORADO, TEXAS",,33.01,33.01,,,,,,,,,43843470802.000,,0,289.4,0,0,0,0,289.4,0,0,0,0,0,0,0,0,289.4,0,0,0,0,289.4,0,0,0,0,0,0,0,0,0,0,0,0,0,0,0,89.3,0,89.3,0,0,0,4.1,0,4.1,15.4,0,15.4,173.8,0,173.8,6.8,0,6.8,289.4,289.4,0,INITIAL,6/14/2026,6/14/2026,7000-1.1 (Rev. 04-2023)
9/1/2026,2025,20260441,23047,515,DAKOTA GASIFICATION COMPANY,1717 EAST INTERSTATE AVENUE,BISMARCK,ND,58503-0564,US,CO2,NORTH DAKOTA,NORTH DAKOTA,,36.32,36.32,,,,,,866039228.000,,,,,0,173.7,0,0,0,0,173.7,0,0,0,0,0,0,0,0,173.7,0,0,0,0,173.7,0,0,0,0,0,0,0,0,0,0,0,0,0,0,0,0,0,0,0,0,0,160.86,0,160.86,0,0,0,0.27,0,0.27,0,0,0,161.13,161.13,0,INITIAL,6/11/2026,6/11/2026,7000-1.1 (Rev. 04-2023)
9/1/2026,2025,20260200,22798,994,"WILLIAMS FIELD SERVICES - GULF COAST COMPANY, LP",ONE WILLIAMS CENTER,TULSA,OK,74172,US,Crude Oil,OCS-Gulf of America,,0.00,,0.00,,38829526,,,,,,,,,0,0,0,0,0,0,0,0,6.175,0,0,0,0,6.175,0,6.175,0,0,0,0,6.175,0,0,0,0,0,0,0,0,0,0,0,0,0,0,0,0,0,0,0,0,0,0,0,0,0,0,0,0,0,0,0,0,0,0,0,0,INITIAL,6/3/2026,6/3/2026,7000-1.1 (Rev. 04-2023)
9/1/2026,2025,20260672,23327,999,"PACIFIC COAST ENERGY COMPANY, LP",1555 ORCUTT HILL ROAD,ORCUTT,CA,93455,US,Crude Oil,,CALIFORNIA,,4.13,4.13,,0,,,,,357529.000,,,,0,4.13,0,0,0,0,4.13,0,0,0,0,0,0,0,0,4.13,0,0,0,0,4.13,0,0,0,0,0,0,0,0,0,0,0,0,0,0,0,0,0,0,0,0,0,0,0,0,0,0,0,0,0,0,0,0,0,0,0,0,SUPPLEMENTAL,6/15/2026,6/17/2026,7000-1.1 (Rev. 04-2023)
9/1/2026,2025,20260239,22838,1541,"HILCORP NORTH SLOPE, LLC",3800 CENTERPOINT DRIVE,ANCHORAGE,AK,99503,US,Crude Oil,,ALASKA,,34.597,34.597,,,,,,,599449608.000,,,,0,0,17.247,17.374,0,0,34.621,0,0,0,0,0,0,0,0,0,17.247,17.374,0,0,34.621,0,0,0,0,0,0,0,0,0,0,0,0,0,0,0,0,0,0,4.244,0,4.244,0,0,0,0,0,0,0,0,0,0,0,0,4.244,4.244,0,INITIAL,6/3/2026,6/3/2026,7000-1.1 (Rev. 04-2023)
9/1/2026,2025,20260409,23015,1845,"BUCKEYE PARTNERS, LP",THE BUCKEYE BUILDING,ALLENTOWN,PA,18106,US,Crude Oil,"INDIANA, OHIO",TEXAS,,1.91,1.91,,,,,,,279042805.000,,,,0,5.111,0,0,0,0,5.111,0,0,0,0,0,0,0,0,5.111,0,0,0,0,5.111,0,0,0,0,0,0,0,0.052,0.052,0,0,0,0,0,0,0,0,0,0,0,0,0,0,0,0,0,0,4.938,0,4.938,0,0,0,4.99,4.938,0.052,INITIAL,6/11/2026,6/11/2026,7000-1.1 (Rev. 04-2023)
9/1/2026,2025,20260411,23017,1845,"BUCKEYE PARTNERS, LP",THE BUCKEYE BUILDING,ALLENTOWN,PA,18106,US,Fuel Grade Ethanol (dedicated system),FLORIDA,FLORIDA,,3.33,3.33,,,,,,,,1098610,,,0,3.332,0,0,0,0,3.332,0,0,0,0,0,0,0,0,3.332,0,0,0,0,3.332,0,0,0,0,0,0,0,0,0,0,0,0,0,0,0,0,0,0,0,0,0,0,0,0,0,0,0,3.332,0,3.332,0,0,0,3.332,3.332,0,INITIAL,6/11/2026,6/11/2026,7000-1.1 (Rev. 04-2023)
9/1/2026,2025,20260412,23018,1845,"BUCKEYE PARTNERS, LP",THE BUCKEYE BUILDING,ALLENTOWN,PA,18106,US,HVL,"ILLINOIS, INDIANA, OHIO","FLORIDA, TEXAS",,26.322,26.322,,,,,,,,,709543649.000,,0,32.874,0,0,0,0,32.874,0,0,0,0,0,0,0,0,32.874,0,0,0,0,32.874,0,0.46,0.46,0,0,0,0,0,0,0,0.91,0.91,0,1.011,1.011,0,0,0,0,0,0,5.952,0,5.952,18.48,0,18.48,5.138,0,5.138,0.918,0,0.918,32.869,30.488,2.381,INITIAL,6/11/2026,6/11/2026,7000-1.1 (Rev. 04-2023)
9/1/2026,2025,20260410,23016,1845,"BUCKEYE PARTNERS, LP",THE BUCKEYE BUILDING,ALLENTOWN,PA,18106,US,Refined and/or Petroleum Product (non-HVL),"CONNECTICUT, DELAWARE, FLORIDA, ILLINOIS, INDIANA, IOWA, MAINE, MASSACHUSETTS, MICHIGAN, MISSOURI, NEW JERSEY, NEW YORK, OHIO, PENNSYLVANIA","ALABAMA, TEXAS",,3967.865,3967.865,,,,,,,,,,53656742134.000,252.343,6007.483,0,0,0,0,6259.826,0,0,0,0,0,0,0,252.343,6007.483,0,0,0,0,6259.826,0,0,0,0,318.901,318.901,0,824.976,824.976,0,940.415,940.415,0,1598.536,1598.536,345.675,0,345.675,54.519,0,54.519,58.867,0,58.867,112.718,0,112.718,47.541,0,47.541,14.643,0,14.643,4316.791,633.963,3682.828,INITIAL,6/11/2026,6/11/2026,7000-1.1 (Rev. 04-2023)
9/1/2026,2025,20260039,22606,2162,DOW PIPELINE LLC - CAYUSE,1000 CO. RD. 340,ANGLETON,TX,77515,US,HVL,"LOUISIANA, TEXAS",,,89.92,89.92,,,,,,,,,3370062580.000,,0,248.75,0,0,0,0,248.75,0,0,0,0,0,0,0,0,248.75,0,0,0,0,248.75,0,0,0,0,0,0,0,0,0,0,0,0,0,0,0,246.22,0,246.22,0.08,0,0.08,0,0,0,0,0,0,0.72,0,0.72,0.01,0,0.01,247.03,247.03,0,INITIAL,3/4/2026,3/4/2026,7000-1.1 (Rev. 04-2023)
9/1/2026,2025,20260132,22725,2170,CENEX PIPELINE LLC,803 HWY 212 S,LAUREL,MT,59044,,Refined and/or Petroleum Product (non-HVL),"MONTANA, NORTH DAKOTA",,,202.66,202.66,,,,,,0.000,0.000,0,0.000,7299007734.000,0,803.12,0,0,0,0,803.12,0,0,0,0,0,0,0,0,803.12,0,0,0,0,803.12,0,0,0,0,0,0,0,0,0,0,2.05,2.05,0,49.97,49.97,18.2,0,18.2,0,0,0,274.44,0,274.44,110.17,0,110.17,137.57,0,137.57,210.72,0,210.72,803.12,751.1,52.02,INITIAL,5/15/2026,5/15/2026,7000-1.1 (Rev. 04-2023)
9/1/2026,2025,20260546,23152,2190,CENTRAL FLORIDA PIPELINE CORP,"1001 LOUISIANA ST.,",HOUSTON,TX,77002,US,Refined and/or Petroleum Product (non-HVL),,FLORIDA,,188.877,188.877,,,,,,0.000,0.000,0,0.000,3694964790.000,0,205.699,0,0,0,0,205.699,0,0,0,0,0,0,0,0,205.699,0,0,0,0,205.699,0,0,0,0,0,0,0,0,0,0,0,0,0,3.955,3.955,79.015,2.048,81.063,1.661,0,1.661,111.935,0,111.935,1.269,0,1.269,4.262,0,4.262,1.349,0,1.349,205.494,199.491,6.003,INITIAL,6/14/2026,6/14/2026,7000-1.1 (Rev. 04-2023)
9/1/2026,2025,20260194,22792,2387,CITGO PIPELINE CO,1293 ELDRIDGE PARKWAY,Houston,TX,77077,,Crude Oil,"LOUISIANA, TEXAS",,,52.554,52.554,,,,,,,6499930169.000,,,,0,64.168,0,0,0,0,64.168,0,0,0,0,0,0,0,0,64.168,0,0,0,0,64.168,0,0,0,0,0,0,0,0,0,0,0,0,0,0,0,0,0.015,0.015,0,0,0,0.174,0,0.174,0.14,0,0.14,0,0,0,0.472,0,0.472,0.801,0.786,0.015,INITIAL,6/2/2026,6/2/2026,7000-1.1 (Rev. 04-2023)
9/1/2026,2025,20260222,22821,2552,COLONIAL PIPELINE CO,1000 Lake St.,Alpharetta,GA,30009,,Refined and/or Petroleum Product (non-HVL),"ALABAMA, DELAWARE, GEORGIA, LOUISIANA, MARYLAND, MISSISSIPPI, NEW JERSEY, NEW YORK, NORTH CAROLINA, PENNSYLVANIA, SOUTH CAROLINA, TENNESSEE, TEXAS, VIRGINIA, WASHINGTON DC",,,3579.32,3579.32,,,,,,,,,,887142288665.000,0,5531.87,64.72,0,0,0,5596.59,0,0,0,0,0,0,0,0,5531.87,64.72,0,0,0,5596.59,7.94,4.65,12.59,0,0,0,0,0,0,0,5.38,5.38,295.18,804.29,1099.47,835.23,0,835.23,222.3,0,222.3,108.2,0,108.2,67.47,0,67.47,5.81,0,5.81,2.48,0,2.48,2358.93,1544.61,814.32,INITIAL,6/3/2026,6/3/2026,7000-1.1 (Rev. 04-2023)
9/1/2026,2025,20260043,22612,2714,"EASTERN GAS TRANSMISSION AND STORAGE, INC.",925 WHITE OAKS BOULEVARD,BRIDGEPORT,WV,26330,US,HVL,"PENNSYLVANIA, WEST VIRGINIA",WEST VIRGINIA,,78.30,78.30,,,,,,0.000,0.000,0,68789921.000,0.000,0,78.301,0,0,0,0,78.301,0,0,0,0,0,0,0,0,78.301,0,0,0,0,78.301,0,0,0,0,0,0,0,0,0,0,0,0,5.988,0,5.988,11.835,0,11.835,55.681,0,55.681,0.592,0,0.592,0.664,0,0.664,0.781,0,0.781,0.021,0,0.021,75.562,75.562,0,INITIAL,3/9/2026,3/9/2026,7000-1.1 (Rev. 04-2023)
9/1/2026,2025,20260044,22613,2714,"EASTERN GAS TRANSMISSION AND STORAGE, INC.",925 WHITE OAKS BOULEVARD,BRIDGEPORT,WV,26330,US,Refined and/or Petroleum Product (non-HVL),,WEST VIRGINIA,,29.15,29.15,,,,,,0.000,0.000,0,0.000,11208553.000,0,29.15,0,0,0,0,29.15,0,0,0,0,0,0,0,0,29.15,0,0,0,0,29.15,0,0,0,0,0,0,0,0,0,0,0,0,0,0,0,0,0,0,0,0,0,27.182,0,27.182,0.013,0,0.013,1.905,0,1.905,0,0,0,29.1,29.1,0,INITIAL,3/9/2026,3/9/2026,7000-1.1 (Rev. 04-2023)
9/1/2026,2025,20260145,22738,2730,CHEVRON PRODUCTS COMPANY,6001 BOLLINGER CANYON ROAD,SAN RAMON,CA,94583,US,Refined and/or Petroleum Product (non-HVL),,OREGON,,,0,,,,,,,,,,,0,0,0,0,0,0,0,0,0,0,0,0,0,0,0,0,0,0,0,0,0,0,0,0,0,0,0,0,0,0,0,0,0,0,0,0,0,0,0,0,0,0,0,0,0,0,0,0,0,0,0,0,0,0,0,0,0,INITIAL,5/21/2026,5/21/2026,7000-1.1 (Rev. 04-2023)
9/1/2026,2025,20260622,23396,2731,CHEVRON PIPE LINE CO,1400 SMITH STREET,HOUSTON,TX,77002,US,Crude Oil,"COLORADO, LOUISIANA, MISSISSIPPI, OCS-Gulf of America, UTAH","CALIFORNIA, LOUISIANA, TEXAS, UTAH",0,249.96,249.96,,6027522971,,,,,9625128801.000,,,1989345.000,0,619.54,0,0,0,0,619.54,0,138,0,0,0,0,138,0,757.54,0,0,0,0,757.54,0,0,0,0,0,0,0,0,0,0,12.7,12.7,1.6,0,1.6,9.8,0,9.8,0,0,0,6.1,0,6.1,23.5,0,23.5,1,0,1,0,0,0,54.7,42,12.7,SUPPLEMENTAL,6/15/2026,8/12/2026,7000-1.1 (Rev. 04-2023)
9/1/2026,2025,20260629,23366,2731,CHEVRON PIPE LINE CO,1400 SMITH STREET,HOUSTON,TX,77002,US,HVL,,"LOUISIANA, TEXAS",0,784.53,784.53,,,,,,,,,28862980906.000,,0,1236.69,0,0,0,0,1236.69,0,0,0,0,0,0,0,0,1236.69,0,0,0,0,1236.69,0,0,0,0,0,0,0,0,0,0,56.5,56.5,58.1,86.4,144.5,164.4,0,164.4,71.4,0,71.4,139.2,0,139.2,43.4,0,43.4,73.2,0,73.2,0,0,0,692.6,549.7,142.9,SUPPLEMENTAL,6/15/2026,7/8/2026,7000-1.1 (Rev. 04-2023)
9/1/2026,2025,20260584,23192,2731,CHEVRON PIPE LINE CO,1400 SMITH STREET,HOUSTON,TX,77002,US,Refined and/or Petroleum Product (non-HVL),,"CALIFORNIA, UTAH",0,268.35,268.35,,,,,,,,,,3436893565.000,0,268.35,0,0,0,0,268.35,0,0,0,0,0,0,0,0,268.35,0,0,0,0,268.35,0,0,0,0,0,0,0,9.9,9.9,0,0,0,0,86.1,86.1,33.7,0,33.7,1.3,0,1.3,11.7,0,11.7,7.1,0,7.1,0.3,0,0.3,0,0,0,150.1,54.1,96,INITIAL,6/15/2026,6/15/2026,7000-1.1 (Rev. 04-2023)
9/1/2026,2025,20260532,23138,2767,"HARVEST ALASKA, LLC",3800 CENTERPOINT DRIVE,ANCHORAGE,AK,99503,US,Crude Oil,ALASKA,ALASKA,31.63,73.56,105.19,,68218754,,,,,344749576.000,,,,0,44.05,43.97,0,0,0,88.02,0,26.88,4.75,0,0,0,31.63,0,70.93,48.72,0,0,0,119.65,0,0,0,0,0,0,0,0,0,0,0,0,16.14,0,16.14,0,0,0,37.23,0,37.23,11.51,0,11.51,0,0,0,0.06,0,0.06,0,0,0,64.94,64.94,0,INITIAL,6/12/2026,6/12/2026,7000-1.1 (Rev. 04-2023)
9/1/2026,2025,20260273,22874,3445,DIXIE PIPELINE COMPANY LLC,1100 LOUISIANA ST.,HOUSTON,TX,77002,,HVL,"ALABAMA, GEORGIA, LOUISIANA, MISSISSIPPI, NORTH CAROLINA, SOUTH CAROLINA, TEXAS",,,499.61,499.61,,,,,,,,,19509281832.000,,0,1299.836,0,0,0,0,1299.836,0,0,0,0,0,0,0,0,1299.836,0,0,0,0,1299.836,0.292,0.091,0.383,0,0,0,0,0,0,0,0,0,552.516,686.609,1239.125,7.127,0.021,7.148,15.957,0.731,16.688,5.838,2.304,8.142,14.564,3.824,18.388,4.189,0.916,5.105,1.763,0.171,1.934,1296.913,602.246,694.667,INITIAL,6/4/2026,6/4/2026,7000-1.1 (Rev. 04-2023)
9/1/2026,2025,20260057,22628,3527,DOW PIPELINE LLC,1000 COUNTY ROAD 340,ANGLETON,TX,77515,US,HVL,,TEXAS,,302.77,302.77,,,,,,,,,7199656227.000,,0,479.9,0,0,0,0,479.9,0,0,0,0,0,0,0,0,479.9,0,0,0,0,479.9,0.1,39.62,39.72,0,0,0,0,79.29,79.29,0,10.24,10.24,0.18,34.41,34.59,88.98,15.93,104.91,0.83,0,0.83,4.04,0,4.04,0.9,0.18,1.08,115.4,0.7,116.1,0.35,0.01,0.36,391.16,210.78,180.38,INITIAL,3/12/2026,3/12/2026,7000-1.1 (Rev. 04-2023)
9/1/2026,2025,20260056,22627,3535,DOW PIPELINE LLC,1000 COUNTY ROAD 340,ANGLETON,TX,77515,US,HVL,,LOUISIANA,,71,71,,,,,,,,,2493902609.000,,0,197.43,0,0,0,0,197.43,0,0,0,0,0,0,0,0,197.43,0,0,0,0,197.43,0,0.05,0.05,0,0,0,0,0,0,0,0,0,0,61.72,61.72,42.33,0,42.33,56.43,0,56.43,0,0,0,36.89,0,36.89,0,0,0,0,0,0,197.42,135.65,61.77,INITIAL,3/12/2026,3/12/2026,7000-1.1 (Rev. 04-2023)
9/1/2026,2025,20260329,22931,4430,VALERO TERMINALING AND DISTRIBUTION COMPANY,1 VALERO WAY,SAN ANTONIO,TX,78249,US,Crude Oil,"ILLINOIS, OKLAHOMA, TENNESSEE, TEXAS",TEXAS,,5.176,5.176,,,,,,,194474382.000,,,,0,5.354,0,0,0,0,5.354,0,0,0,0,0,0,0,0,5.354,0,0,0,0,5.354,0,0,0,0,0,0,0,0,0,0,0,0,0,0,0,0,0,0,0,0,0,0,0,0,0,0,0,2.057,0,2.057,0,0,0,2.057,2.057,0,INITIAL,6/8/2026,6/8/2026,7000-1.1 (Rev. 04-2023)
9/1/2026,2025,20260326,22928,4430,VALERO TERMINALING AND DISTRIBUTION COMPANY,1 VALERO WAY,SAN ANTONIO,TX,78249,US,HVL,TEXAS,TEXAS,,37.635,37.635,,,,,,,,,179641656.000,,0,94.189,0,0,0,0,94.189,0,0,0,0,0,0,0,0,94.189,0,0,0,0,94.189,0,0,0,0,0,0,0,0,0,0,0,0,52.986,0,52.986,0,0,0,4.482,0,4.482,1.628,0,1.628,0,0,0,0.705,0,0.705,0.365,0,0.365,60.166,60.166,0,INITIAL,6/8/2026,6/8/2026,7000-1.1 (Rev. 04-2023)
9/1/2026,2025,20260453,23059,4430,VALERO TERMINALING AND DISTRIBUTION COMPANY,1 VALERO WAY,SAN ANTONIO,TX,78249,US,Refined and/or Petroleum Product (non-HVL),"ILLINOIS, INDIANA, KENTUCKY","TENNESSEE, TEXAS",,23.26,23.26,,,,,,,,,,963360780.000,0,85.448,0,0,0,0,85.448,0,0,0,0,0,0,0,0,85.448,0,0,0,0,85.448,0,0,0,0,0,0,0,0,0,0,10.693,10.693,0,0,0,0,0,0,0.193,0,0.193,0.166,0,0.166,3.713,0,3.713,69.33,0,69.33,0.601,0,0.601,84.696,74.003,10.693,INITIAL,6/11/2026,6/11/2026,7000-1.1 (Rev. 04-2023)
9/1/2026,2025,20260156,22749,4461,"EOG RESOURCES, INC",1111 BAGBY ST.,HOUSTON,TX,77002,US,Crude Oil,,"NEW MEXICO, TEXAS, WYOMING",,5.25,5.25,,,,,,,1083066882.000,,,,0,52.455,0,0,0,0,52.455,0,0,0,0,0,0,0,0,52.455,0,0,0,0,52.455,0,0,0,0,0,0,0,0,0,0,0,0,0,0,0,0,0,0,0,0,0,0,0,0,0,0,0,52.455,0,52.455,0,0,0,52.455,52.455,0,INITIAL,5/26/2026,5/26/2026,7000-1.1 (Rev. 04-2023)
9/1/2026,2025,20260503,23109,4472,CYPRESS INTERSTATE PIPELINE LLC,"1001 LOUISIANA ST., SUITE 1000",HOUSTON,TX,77002,US,HVL,"LOUISIANA, TEXAS",,,78.354,78.354,,,,,,0.000,0.000,0,1773136970.000,0.000,0,104.335,0,0,0,0,104.335,0,0,0,0,0,0,0,0,104.335,0,0,0,0,104.335,0,0,0,0,0,0,0,0,0,0,0,0,0,0,0,0,0,0,0,0,0,104.335,0,104.335,0,0,0,0,0,0,0,0,0,104.335,104.335,0,INITIAL,6/12/2026,6/12/2026,7000-1.1 (Rev. 04-2023)
9/1/2026,2025,20260187,22783,4805,EXPLORER PIPELINE CO,PO Box 2650,TULSA,OK,74101,US,Refined and/or Petroleum Product (non-HVL),"ILLINOIS, INDIANA, MISSOURI, OKLAHOMA, TEXAS",,,1703.11,1703.11,,,,,,0.000,0.000,0,0.000,102643216140.000,0,1868.05,0,0,0,0,1868.05,0,0,0,0,0,0,0,0,1868.05,0,0,0,0,1868.05,0,0,0,0,0,0,0,1.9,1.9,0,5.24,5.24,11.89,2.3,14.19,557.32,0,557.32,11.32,0,11.32,31.31,0,31.31,8.78,0,8.78,39.87,0,39.87,47.58,0,47.58,717.51,708.07,9.44,INITIAL,6/1/2026,6/1/2026,7000-1.1 (Rev. 04-2023)
9/1/2026,2025,20260688,23299,4906,EXXONMOBIL PIPELINE COMPANY LLC,22777 SPRINGWOODS VILLAGE PARKWAY,SPRING,TX,77389,US,Crude Oil,"LOUISIANA, NEW MEXICO, OCS-Gulf of America, TEXAS",TEXAS,14.43,195.25,209.68,,10614682095,,,,,12096984891.000,,,,0,291.6,0,0,0,0,291.6,0,152.53,0,0,0,0,152.53,0,444.13,0,0,0,0,444.13,0,0,0,0,0,0,0,0,0,0,0,0,0,0,0,0,0,0,0,0.73,0.73,46.43,11.51,57.94,61.8,14.41,76.21,0.09,0.32,0.41,1.49,0.42,1.91,137.2,109.81,27.39,INITIAL,6/15/2026,6/15/2026,7000-1.1 (Rev. 04-2023)
9/1/2026,2025,20260691,23302,4906,EXXONMOBIL PIPELINE COMPANY LLC,22777 SPRINGWOODS VILLAGE PARKWAY,SPRING,TX,77389,US,HVL,,"LOUISIANA, TEXAS",,949.68,949.68,,,,,,,,,2778096853.000,,0,1346.04,0,0,0,0,1346.04,0,0,0,0,0,0,0,0,1346.04,0,0,0,0,1346.04,0,1.5,1.5,0,0,0,0,0,0,0,72,72,4.58,99.55,104.13,4.82,302.72,307.54,0.03,174.66,174.69,0,252.72,252.72,0,13.55,13.55,0,2.51,2.51,0,0.63,0.63,929.27,9.43,919.84,INITIAL,6/15/2026,6/15/2026,7000-1.1 (Rev. 04-2023)
9/1/2026,2025,20260690,23392,4906,EXXONMOBIL PIPELINE COMPANY LLC,22777 SPRINGWOODS VILLAGE PARKWAY,SPRING,TX,77389,US,Refined and/or Petroleum Product (non-HVL),"ILLINOIS, LOUISIANA, TEXAS","LOUISIANA, TEXAS",,419.70,419.70,,,,,,,,,,4279185152.000,0,619.47,0,0,0,0,619.47,0,0,0,0,0,0,0,0,619.47,0,0,0,0,619.47,0,0.23,0.23,0,0,0,0,0.01,0.01,0,2.33,2.33,49.17,188.29,237.46,2.05,11.98,14.03,0.23,39.86,40.09,1.59,25.19,26.78,0.53,8.97,9.5,0,2.82,2.82,9.94,0.18,10.12,343.37,63.51,279.86,SUPPLEMENTAL,6/15/2026,8/6/2026,7000-1.1 (Rev. 04-2023)
9/1/2026,2025,20260359,23320,4908,"EXXONMOBIL PRODUCTION COMPANY, A DIVISION OF EXXON MOBIL CORPORATION",22777 SPRINGWOODS VILLAGE PARKWAY,SPRING,TX,77389,US,CO2,,WYOMING,,17.2,17.2,,,,,,19657700160.000,,,,,0,170.58,0,0,0,0,170.58,0,0,0,0,0,0,0,0,170.58,0,0,0,0,170.58,0,0,0,0,0,0,0,0,0,0,0,0,0,0,0,0,0,0,0,0,0,0,0,0,0,0,0,0,0,0,0,0,0,0,0,0,SUPPLEMENTAL,6/10/2026,6/16/2026,7000-1.1 (Rev. 04-2023)
9/1/2026,2025,20260284,23345,5081,"COFFEYVILLE RESOURCES CRUDE TRANSPORTATION, LLC",2277 PLAZA DRIVE,SUGAR LAND,TX,77479,US,Crude Oil,"KANSAS, OKLAHOMA",OKLAHOMA,,288.56,288.56,,,,,,,2926119613.000,,,,138.54,776.51,0,0,0,0,915.05,0,0,0,0,0,0,0,138.54,776.51,0,0,0,0,915.05,0,0,0,0,112.58,112.58,0,267.61,267.61,0,30.78,30.78,0,19.85,19.85,1.87,0,1.87,0.58,0,0.58,27.34,0,27.34,53.35,0,53.35,49.12,0,49.12,0.85,0,0.85,563.93,133.11,430.82,SUPPLEMENTAL,6/5/2026,6/18/2026,7000-1.1 (Rev. 04-2023)
9/1/2026,2025,20260262,22861,6911,TRECORA PIPELINE LLC,7752 WEST FM 418/ PO BOX 1636,SILSBEE,TX,77656,US,Refined and/or Petroleum Product (non-HVL),,TEXAS,,5.58,5.58,,,,,,,,,,64599305.000,0,54.77,0,0,0,0,54.77,0,0,0,0,0,0,0,0,54.77,0,0,0,0,54.77,0,0,0,0,0,0,0,0,0,0,0,0,0,0,0,3.69,0,3.69,0,0,0,0,0,0,0,0,0,28.82,0,28.82,22.26,0,22.26,54.77,54.77,0,INITIAL,6/4/2026,6/4/2026,7000-1.1 (Rev. 04-2023)
9/1/2026,2025,20260287,22889,7063,HARBOR PIPELINE CO,1300 MAIN STREET,HOUSTON,TX,77002,US,Refined and/or Petroleum Product (non-HVL),NEW JERSEY,,,74.26,74.26,,,,,,0.000,0.000,0,0.000,0.000,0,80.44,0,0,0,0,80.44,0,0,0,0,0,0,0,0,80.44,0,0,0,0,80.44,0,0,0,0,0,0,0,0,0,0,0,0,0,0,0,0.06,0,0.06,0.45,0,0.45,0.07,0,0.07,0.07,0,0.07,3.04,0,3.04,0.24,0,0.24,3.93,3.93,0,INITIAL,6/8/2026,6/8/2026,7000-1.1 (Rev. 04-2023)
9/1/2026,2025,20260423,23029,7660,HUNT CRUDE OIL SUPPLY CO,2200 JACK WARNER PARKWAY,TUSCALOOSA,AL,35401,US,Crude Oil,"ALABAMA, MISSISSIPPI",ALABAMA,,64.34,64.34,,,,,,,1963120656.000,,,,0,233.04,0,0,0,0,233.04,0,0,0,0,0,0,0,0,233.04,0,0,0,0,233.04,0,0,0,0,0,0,0,0,0,0,0,0,0,55.16,55.16,126.24,0,126.24,0,0,0,42.4,0,42.4,7.61,0,7.61,1.63,0,1.63,0,0,0,233.04,177.88,55.16,INITIAL,6/11/2026,6/11/2026,7000-1.1 (Rev. 04-2023)
9/1/2026,2025,20260258,22857,8014,IDAHO PIPELINE CORP,POB 15770,SARASOTA,FL,34277,US,Refined and/or Petroleum Product (non-HVL),,IDAHO,,2.32,2.32,,,,,,,,,,,0,2.32,0,0,0,0,2.32,0,0,0,0,0,0,0,0,2.32,0,0,0,0,2.32,0,0,0,0,0,0,0,0,0,0,0,0,0,0,0,0,0,0,2.32,0,2.32,0,0,0,0,0,0,0,0,0,0,0,0,2.32,2.32,0,INITIAL,6/4/2026,6/4/2026,7000-1.1 (Rev. 04-2023)
9/1/2026,2025,20260269,22868,8175,INTERSTATE STORAGE & PIPELINE C0,"400 AMHERST STREET, SUITE 405",NASHUA,NH,03063,,Refined and/or Petroleum Product (non-HVL),,NEW JERSEY,,7.34,7.34,,,,,,0.000,0.000,0,0.000,7083224.000,0,11.52,0,0,0,0,11.52,0,0,0,0,0,0,0,0,11.52,0,0,0,0,11.52,0,0,0,0,0,0,0,0,0,0,0,0,0,11.25,11.25,0,0,0,0,0,0,0,0,0,0,0,0,0,0,0,0,0,0,11.25,0,11.25,INITIAL,6/4/2026,6/4/2026,7000-1.1 (Rev. 04-2023)
9/1/2026,2025,20260133,22726,9175,JAYHAWK PIPELINE LLC,2000 S. MAIN,MCPHERSON,KS,67460,,Crude Oil,"KANSAS, NEBRASKA, OKLAHOMA, TEXAS",KANSAS,,203.94,203.94,,,,,,0.000,4778089860.000,0,0.000,0.000,0,723.04,0,0,0,0,723.04,0,0,0,0,0,0,0,0,723.04,0,0,0,0,723.04,0,0,0,0,0,0,0,0,0,0,272.42,272.42,0,74.83,74.83,0,79.6,79.6,0,0,0,44.06,0,44.06,86.42,0,86.42,102.96,0,102.96,62.74,0,62.74,723.03,296.18,426.85,INITIAL,5/15/2026,5/15/2026,7000-1.1 (Rev. 04-2023)
9/1/2026,2025,20260602,23210,10012,NUSTAR PIPELINE OPERATING PARTNERSHIP L.P.,8111 WESTCHESTER DRIVE,DALLAS,TX,75225,US,HVL,"ARKANSAS, ILLINOIS, INDIANA, IOWA, KANSAS, LOUISIANA, MISSOURI, NEBRASKA, SOUTH DAKOTA",,,2008.58,2008.58,,,,,,,,,9569720439.000,,0,2312.63,0,0,0,0,2312.63,0,0,0,0,0,0,0,0,2312.63,0,0,0,0,2312.63,0,0.1,0.1,0,0,0,0,0,0,0,139,139,220.08,0.56,220.64,1571.15,0,1571.15,3.05,0,3.05,21.9,0,21.9,9.61,0,9.61,62.91,0,62.91,57.65,0,57.65,2086.01,1946.35,139.66,INITIAL,6/15/2026,6/15/2026,7000-1.1 (Rev. 04-2023)
9/1/2026,2025,20260603,23211,10012,NUSTAR PIPELINE OPERATING PARTNERSHIP L.P.,8111 WESTCHESTER DRIVE,DALLAS,TX,75225,US,Refined and/or Petroleum Product (non-HVL),"IOWA, KANSAS, MINNESOTA, NEBRASKA, NORTH DAKOTA, SOUTH DAKOTA",WYOMING,,967.4,967.4,,,,,,,,,,18442809542.000,0,2204.89,0,0,0,0,2204.89,0,0,0,0,0,0,0,0,2204.89,0,0,0,0,2204.89,0.76,0.28,1.04,0,0,0,0,0.88,0.88,12.67,32.31,44.98,417.27,144.55,561.82,3.83,36.54,40.37,352.16,0,352.16,20.58,0,20.58,33.98,0,33.98,20.07,0,20.07,15.41,0,15.41,1091.29,876.73,214.56,INITIAL,6/15/2026,6/15/2026,7000-1.1 (Rev. 04-2023)
9/1/2026,2025,20260254,22853,10250,KIANTONE PIPELINE CORP,PO BOX 780,WARREN,PA,16365,US,Crude Oil,"NEW YORK, PENNSYLVANIA",,,84.79,84.79,,,,,,,2633599905.000,,,,0,111.55,0,0,0,0,111.55,0,0,0,0,0,0,0,0,111.55,0,0,0,0,111.55,0,0,0,0,0,0,0,0,0,0,0,0,0,18.36,18.36,82.21,0,82.21,0.1,0,0.1,0.04,0,0.04,0.22,0,0.22,0.48,0,0.48,3.51,0,3.51,104.92,86.56,18.36,INITIAL,6/4/2026,6/4/2026,7000-1.1 (Rev. 04-2023)
9/1/2026,2025,20260255,22854,10250,KIANTONE PIPELINE CORP,PO BOX 780,WARREN,PA,16365,US,Refined and/or Petroleum Product (non-HVL),,PENNSYLVANIA,,2.93,2.93,,,,,,,,,,1330486.000,0,6.66,0,0,0,0,6.66,0,0,0,0,0,0,0,0,6.66,0,0,0,0,6.66,0,0,0,0,0,0,0,0,0,0,0,0,0,0,0,4.315,0,4.315,0.307,0,0.307,0.098,0,0.098,1.314,0,1.314,0.035,0,0.035,0.591,0,0.591,6.66,6.66,0,INITIAL,6/4/2026,6/4/2026,7000-1.1 (Rev. 04-2023)
9/1/2026,2025,20260565,23171,10346,KUPARUK TRANSPORTATION CO,PO BOX 100360,ANCHORAGE,AK,99501,US,Crude Oil,ALASKA,,,36.86,36.86,,,,,,,73436965.000,,,,0,0,29.194,7.67,0,0,36.864,0,0,0,0,0,0,0,0,0,29.194,7.67,0,0,36.864,0,0,0,0,0,0,0,0,0,0,0,0,0,0,0,0,0,0,0,0,0,0,0,0,0,0,0,0,0,0,0,0,0,0,0,0,INITIAL,6/15/2026,6/15/2026,7000-1.1 (Rev. 04-2023)
9/1/2026,2025,20260153,22746,11032,SPIRE MISSOURI INC. EAST,700 MARKET STREET,SAINT LOUIS,MO,63101,US,HVL,"ILLINOIS, MISSOURI",,,31.77,31.77,,,,,,,,,108075479.000,,0,31.766,0,0,0,0,31.766,0,0,0,0,0,0,0,0,31.766,0,0,0,0,31.766,0,0,0,0,0,0,0,0,0,0,0,0,25.413,0,25.413,4.187,0,4.187,1.73,0,1.73,0,0,0,0.255,0,0.255,0.181,0,0.181,0,0,0,31.766,31.766,0,INITIAL,5/26/2026,5/26/2026,7000-1.1 (Rev. 04-2023)
9/1/2026,2025,20260599,23207,11169,"ENBRIDGE ENERGY, LIMITED PARTNERSHIP","915 N ELDRIDGE PARKWAY, SUITE 1100",HOUSTON,TX,77079,US,Crude Oil,"ILLINOIS, INDIANA, MICHIGAN, MINNESOTA, NORTH DAKOTA, WISCONSIN",,,2240.89,2240.89,,,,,,0.000,878814420937.000,0,17817681659.000,0.000,0,4679.797,0,0,0,0,4679.797,0,0,0,0,0,0,0,0,4679.797,0,0,0,0,4679.797,0,0,0,0,0,0,0,0,0,0,0,0,0,0,0,0,0,0,0,0,0,460.618,0,460.618,162.998,0,162.998,0.694,0,0.694,0.835,0,0.835,625.145,625.145,0,INITIAL,6/15/2026,6/15/2026,7000-1.1 (Rev. 04-2023)
9/1/2026,2025,20260601,23209,11169,"ENBRIDGE ENERGY, LIMITED PARTNERSHIP","915 N ELDRIDGE PARKWAY, SUITE 1100",HOUSTON,TX,77079,US,HVL,"MINNESOTA, NORTH DAKOTA, WISCONSIN",,,177.467,177.467,,,,,,0.000,14329711427.000,0,9549552176.000,0.000,0,325.862,0,0,0,0,325.862,0,0,0,0,0,0,0,0,325.862,0,0,0,0,325.862,0,0,0,0,0,0,0,0,0,0,7.951,7.951,0,0,0,0.044,0,0.044,0,0,0,136.021,0,136.021,0,0,0,0,0,0,0,0,0,144.016,136.065,7.951,INITIAL,6/15/2026,6/15/2026,7000-1.1 (Rev. 04-2023)
9/1/2026,2025,20260419,23025,11272,LAVACA PIPELINE CO,"103 FANNIN ROAD, PO BOX 769",POINT COMFORT,TX,77978,US,HVL,,TEXAS,,4.3,4.3,,,,,,,,,156128041.000,,0,54.91,0,0,0,0,54.91,0,0,0,0,0,0,0,0,54.91,0,0,0,0,54.91,0,0,0,0,0,0,0,0,0,0,0,0,0,0,0,0,0,0,0,0,0,35.05,0,35.05,10.93,0,10.93,0,0,0,0,0,0,45.98,45.98,0,INITIAL,6/11/2026,6/11/2026,7000-1.1 (Rev. 04-2023)
9/1/2026,2025,20260422,23028,11272,LAVACA PIPELINE CO,"103 FANNIN ROAD, PO BOX 769",POINT COMFORT,TX,77978,US,Refined and/or Petroleum Product (non-HVL),,TEXAS,,5.08,5.08,,,,,,,,,,1795449.000,0,10.87,0,0,0,0,10.87,0,0,0,0,0,0,0,0,10.87,0,0,0,0,10.87,0,0,0,0,0,0,0,0,0,0,0,0,0,0,0,0,0,0,0,0,0,4.28,0,4.28,0,0,0,0,0,0,0,0,0,4.28,4.28,0,INITIAL,6/11/2026,6/11/2026,7000-1.1 (Rev. 04-2023)
9/1/2026,2025,20260232,22831,11551,"DELEK LOGISTICS OPERATING, LLC.",5850 GRANITE PARKWAY #450,PLANO,TX,75024,US,Crude Oil,"ARKANSAS, LOUISIANA","ARKANSAS, TEXAS",,110.50,110.50,,,,,,,3659040284.000,,,,23.45,365.88,0,0,0,0,389.33,0,0,0,0,0,0,0,23.45,365.88,0,0,0,0,389.33,0,0,0,0,55.53,55.53,0,28.46,28.46,0,14.43,14.43,0,0,0,0,0,0,0,0,0,0.12,0,0.12,95.11,0,95.11,14.11,0,14.11,0.35,0,0.35,208.11,109.69,98.42,INITIAL,6/3/2026,6/3/2026,7000-1.1 (Rev. 04-2023)
9/1/2026,2025,20260233,22832,11551,"DELEK LOGISTICS OPERATING, LLC.",5850 GRANITE PARKWAY #450,PLANO,TX,75024,US,Refined and/or Petroleum Product (non-HVL),,ARKANSAS,,24.81,24.81,,,,,,,,,,162559874.000,0,170.4,0,0,0,0,170.4,0,0,0,0,0,0,0,0,170.4,0,0,0,0,170.4,0,0,0,0,4.43,4.43,0,149.32,149.32,0,0,0,0,0,0,7.97,0,7.97,0,0,0,0.24,0,0.24,8.41,0,8.41,0,0,0,0,0,0,170.37,16.62,153.75,INITIAL,6/3/2026,6/3/2026,7000-1.1 (Rev. 04-2023)
9/1/2026,2025,20260617,23225,11733,LOOP LLC,137 NORTHPARK BLVD,COVINGTON,LA,70433,US,Crude Oil,"LOUISIANA, OCS-Gulf of America",,4.08,35.33,39.41,,1190153403,,,,,12525091728.000,,,,0,91.5,0,0,0,0,91.5,0,22.6,0,0,0,0,22.6,0,114.1,0,0,0,0,114.1,0,0,0,0,0,0,0,0,0,0,0,0,0,0,0,0,0,0,0,0,0,0,0,0,0,0,0,0,0,0,0,0,0,0,0,0,INITIAL,6/15/2026,6/15/2026,7000-1.1 (Rev. 04-2023)
9/1/2026,2025,20260618,23226,11733,LOOP LLC,137 NORTHPARK BLVD,COVINGTON,LA,70433,US,Refined and/or Petroleum Product (non-HVL),"LOUISIANA, OCS-Gulf of America",,0.00,0.00,0.00,,344799,,,,,65129.000,,,,0,3.4,0,0,0,0,3.4,0,18,0,0,0,0,18,0,21.4,0,0,0,0,21.4,0,0,0,0,0,0,0,0,0,0,0,0,0,0,0,0,0,0,0,0,0,0,0,0,0,0,0,0,0,0,0,0,0,0,0,0,INITIAL,6/15/2026,6/15/2026,7000-1.1 (Rev. 04-2023)
9/1/2026,2025,20260289,22891,12470,MID - VALLEY PIPELINE CO,1300 MAIN STREET,HOUSTON,TX,77002,US,Crude Oil,"ARKANSAS, KENTUCKY, LOUISIANA, MICHIGAN, MISSISSIPPI, OHIO, TENNESSEE, TEXAS",,,539.72,539.72,0,0,0,0,0,0.000,46372320727.000,0,0.000,0.000,1.78,1113.35,0,0,0,0,1115.13,0,0,0,0,0,0,0,1.78,1113.35,0,0,0,0,1115.13,0,0,0,0,0,0,0,0,0,0,0,0,0,0.51,0.51,0,0,0,0.39,0,0.39,0.33,0,0.33,0.42,0,0.42,0.22,0,0.22,0.05,0,0.05,1.92,1.41,0.51,INITIAL,6/8/2026,6/8/2026,7000-1.1 (Rev. 04-2023)
9/1/2026,2025,20260695,23306,12624,EXXONMOBIL OIL CORPORATION,1795 BURT STREET,BEAUMONT,TX,77701,US,Crude Oil,,TEXAS,,8.04,8.04,,,,,,,870471672.000,,,,0,8.1,0,0,0,0,8.1,0,0,0,0,0,0,0,0,8.1,0,0,0,0,8.1,0,0,0,0,0,0,0,0,0,0,0,0,0,0,0,0,0,0,0,0,0,5.96,0,5.96,0,0,0,0,0,0,0,0,0,5.96,5.96,0,INITIAL,6/15/2026,6/15/2026,7000-1.1 (Rev. 04-2023)
9/1/2026,2025,20260696,23307,12624,EXXONMOBIL OIL CORPORATION,1795 BURT STREET,BEAUMONT,TX,77701,US,HVL,,TEXAS,,78.26,78.26,,,,,,,,,579280455.000,,0,233.8,0,0,0,0,233.8,0,0,0,0,0,0,0,0,233.8,0,0,0,0,233.8,0,0.04,0.04,0,0,0,0,0,0,0,35.12,35.12,0,13.57,13.57,38.32,12.25,50.57,0,12.2,12.2,0.15,0.63,0.78,0,0.7,0.7,0,0.24,0.24,0,0,0,113.22,38.47,74.75,INITIAL,6/15/2026,6/15/2026,7000-1.1 (Rev. 04-2023)
9/1/2026,2025,20260697,23308,12624,EXXONMOBIL OIL CORPORATION,1795 BURT STREET,BEAUMONT,TX,77701,US,Refined and/or Petroleum Product (non-HVL),,TEXAS,,26.88,26.88,,,,,,,,,,90825860.000,0,27.18,0,0,0,0,27.18,0,0,0,0,0,0,0,0,27.18,0,0,0,0,27.18,0,0,0,0,0,0,0,0,0,0,0,0,0,1.39,1.39,0,0,0,0,0.02,0.02,0,0,0,0,0.13,0.13,7.29,0,7.29,0,0,0,8.83,7.29,1.54,INITIAL,6/15/2026,6/15/2026,7000-1.1 (Rev. 04-2023)
9/1/2026,2025,20260699,23310,12628,MOBIL  PIPE  LINE COMPANY,22777 SPRINGWOODS VILLAGE PARKWAY,SPRING,TX,77389,US,Crude Oil,ILLINOIS,TEXAS,,51.95,51.95,,,,,,,11074492943.000,,,,0,94.57,0,0,0,0,94.57,0,0,0,0,0,0,0,0,94.57,0,0,0,0,94.57,0,0,0,0,0,0,0,0,0,0,0,0,0,0,0,0,0,0,0,0,0,0,0,0,0,0,0,0,0,0,0,0,0,0,0,0,INITIAL,6/15/2026,6/15/2026,7000-1.1 (Rev. 04-2023)
9/1/2026,2025,20260700,23311,12628,MOBIL  PIPE  LINE COMPANY,22777 SPRINGWOODS VILLAGE PARKWAY,SPRING,TX,77389,US,HVL,,TEXAS,,68.58,68.58,,,,,,,,,152761692.000,,0,138.24,0,0,0,0,138.24,0,0,0,0,0,0,0,0,138.24,0,0,0,0,138.24,0,0.16,0.16,0,0,0,0,0,0,0,1.08,1.08,0,0,0,0,32.24,32.24,0,0.05,0.05,0,0.28,0.28,0,9.88,9.88,0,0,0,0,0,0,43.69,0,43.69,INITIAL,6/15/2026,6/15/2026,7000-1.1 (Rev. 04-2023)
9/1/2026,2025,20260701,23312,12628,MOBIL  PIPE  LINE COMPANY,22777 SPRINGWOODS VILLAGE PARKWAY,SPRING,TX,77389,US,Refined and/or Petroleum Product (non-HVL),,ILLINOIS,,3.28,3.28,,,,,,,,,,90825860.000,0,3.28,0,0,0,0,3.28,0,0,0,0,0,0,0,0,3.28,0,0,0,0,3.28,0,0,0,0,0,0,0,0,0,0,0,0,0,0,0,0,2.65,2.65,0,0,0,0,0,0,0,0.29,0.29,0,0,0,0,0,0,2.94,0,2.94,INITIAL,6/15/2026,6/15/2026,7000-1.1 (Rev. 04-2023)
9/1/2026,2025,20260692,23303,12634,EXXONMOBIL OIL CORPORATION,2775 GULF STATES ROAD,BEAUMONT,TX,77704,US,HVL,,TEXAS,,72.57,72.57,,,,,,,,,172339866.000,,0,88.69,0,0,0,0,88.69,0,0,0,0,0,0,0,0,88.69,0,0,0,0,88.69,0,12,12,0,0,0,0,0,0,0,0,0,0,23.76,23.76,0,1.55,1.55,0,1.63,1.63,0,9.49,9.49,0,0.63,0.63,0,0.05,0.05,0,0,0,49.11,0,49.11,INITIAL,6/15/2026,6/15/2026,7000-1.1 (Rev. 04-2023)
9/1/2026,2025,20260502,23108,12913,SUPERIOR REFINING COMPANY LLC,2407 STINSON AV,SUPERIOR,WI,54880,US,Refined and/or Petroleum Product (non-HVL),,WISCONSIN,,5.57,5.57,,,,,,0.000,0.000,0,0.000,3845417.000,0,5.568,0,0,0,0,5.568,0,0,0,0,0,0,0,0,5.568,0,0,0,0,5.568,0,0,0,0,0,0,0,0,0,0,3.241,3.241,0,0,0,0,0,0,0,0,0,0.525,0,0.525,0,0,0,0,0,0,0,0,0,3.766,0.525,3.241,INITIAL,6/12/2026,6/12/2026,7000-1.1 (Rev. 04-2023)
9/1/2026,2025,20260714,23346,14145,ERGON MIDSTREAM,PO Box 1639,JACKSON,MS,39215,US,Crude Oil,OHIO,,,21.92,21.92,,,,,,,24227279.000,,,,0,21.92,0,0,0,0,21.92,0,0,0,0,0,0,0,0,21.92,0,0,0,0,21.92,0,0,0,0,0,0,0,0,0,0,0,0,0,0,0,20.978,0,20.978,0,0,0,0,0,0,0.012,0,0.012,0.93,0,0.93,0,0,0,21.92,21.92,0,INITIAL,6/22/2026,6/22/2026,7000-1.1 (Rev. 04-2023)
9/1/2026,2025,20260520,23126,14194,ADVARIO TEXAS CITY LP,"9805 KATY FREEWAY, SUITE 400",HOUSTON,TX,77024,US,Refined and/or Petroleum Product (non-HVL),,TEXAS,,5.28,5.28,,,,,,,,,,3260826.000,2.26,3.02,0,0,0,0,5.28,0,0,0,0,0,0,0,2.26,3.02,0,0,0,0,5.28,0,0,0,0,0,0,0,0,0,0,0,0,0,0,0,0,0,0,0,0,0,0,0,0,5.28,0,5.28,0,0,0,0,0,0,5.28,5.28,0,INITIAL,6/12/2026,6/12/2026,7000-1.1 (Rev. 04-2023)
9/1/2026,2025,20260540,23146,14391,"OSAGE PIPE LINE COMPANY, LLC",2323 VICTORY AVE.,DALLAS,TX,75219,US,Crude Oil,"KANSAS, OKLAHOMA",,,73.92,73.92,,,,,,,6310660257.000,,,,0,135.67,0,0,0,0,135.67,0,0,0,0,0,0,0,0,135.67,0,0,0,0,135.67,0,0,0,0,0,0,0,0,0,0,0,0,0,0,0,131.65,0.62,132.27,0,0,0,0.47,0,0.47,2.89,0,2.89,0,0,0,0.02,0,0.02,135.65,135.03,0.62,INITIAL,6/14/2026,6/14/2026,7000-1.1 (Rev. 04-2023)
9/1/2026,2025,20260545,23151,15156,SINCLAIR TRANSPORTATION COMPANY,2323 VICTORY AVE.,DALLAS,TX,75219,US,Crude Oil,"COLORADO, WYOMING",WYOMING,,111.65,111.65,,,,,,,5506267126.000,,,,15.62,537.35,0,0,0,0,552.97,0,0,0,0,0,0,0,15.62,537.35,0,0,0,0,552.97,0,0,0,0,0,0,0,77.54,77.54,0,0,0,168.41,15.43,183.84,111.47,0,111.47,0,0,0,13.97,0,13.97,115.45,0,115.45,38.05,0,38.05,0.23,0,0.23,540.55,447.58,92.97,INITIAL,6/14/2026,6/14/2026,7000-1.1 (Rev. 04-2023)
9/1/2026,2025,20260544,23150,15156,SINCLAIR TRANSPORTATION COMPANY,2323 VICTORY AVE.,DALLAS,TX,75219,US,Refined and/or Petroleum Product (non-HVL),"COLORADO, IOWA, KANSAS, MISSOURI, WYOMING",WYOMING,,194.39,194.39,,,,,,,,,,751924050.000,137.14,445.79,0,0,0,0,582.93,0,0,0,0,0,0,0,137.14,445.79,0,0,0,0,582.93,0,0,0,0,0,0,0,0,0,0,0,0,6.02,173.33,179.35,55.57,0,55.57,0.04,0,0.04,42.86,0,42.86,68.22,0,68.22,70.27,0,70.27,1.6,0,1.6,417.91,244.58,173.33,INITIAL,6/14/2026,6/14/2026,7000-1.1 (Rev. 04-2023)
9/1/2026,2025,20260438,23044,15485,PHILLIPS 66 COMPANY - SWEENY REFINERY,2331 CITYWEST BLVD.,HOUSTON,TX,77042,US,Crude Oil,,TEXAS,,1.41,1.41,,,,,,,0.000,,,,0,1.4,0,0,0,0,1.4,0,0,0,0,0,0,0,0,1.4,0,0,0,0,1.4,0,0,0,0,0,0,0,0,0,0,0,0,0,0,0,0,0,0,0,0,0,0,0,0,0,0,0,0,0,0,0,0,0,0,0,0,INITIAL,6/11/2026,6/11/2026,7000-1.1 (Rev. 04-2023)
9/1/2026,2025,20260439,23045,15485,PHILLIPS 66 COMPANY - SWEENY REFINERY,2331 CITYWEST BLVD.,HOUSTON,TX,77042,US,Refined and/or Petroleum Product (non-HVL),,TEXAS,,7.10,7.10,0,0,0,0,0,0.000,0.000,0,0.000,0.000,0,43.14,0,0,0,0,43.14,0,0,0,0,0,0,0,0,43.14,0,0,0,0,43.14,0,0,0,0,0,0,0,30.77,30.77,0,0,0,0,3.1,3.1,4.16,0,4.16,3.51,0,3.51,0,0,0,0,0,0,0,0,0,0,0,0,41.54,7.67,33.87,INITIAL,6/11/2026,6/11/2026,7000-1.1 (Rev. 04-2023)
9/1/2026,2025,20260036,22603,15602,PIONEER NATURAL RESOURCES,777 HIDDEN RIDGE,IRVING,TX,75039,US,Crude Oil,,TEXAS,,,0,,,,,,0.000,0.000,0,0.000,0.000,0,0,0,0,0,0,0,0,0,0,0,0,0,0,0,0,0,0,0,0,0,0,0,0,0,0,0,0,0,0,0,0,0,0,0,0,0,0,0,0,0,0,0,0,0,0,0,0,0,0,0,0,0,0,0,0,0,INITIAL,3/3/2026,3/3/2026,7000-1.1 (Rev. 04-2023)
9/1/2026,2025,20260022,22582,15645,PLACID PIPELINE COMPANY LLC,1940 LA HWY 1 NORTH,PORT ALLEN,LA,70767,US,Refined and/or Petroleum Product (non-HVL),,LOUISIANA,,9,9,,,,,,,,,,65384387.000,0,9,0,0,0,0,9,0,0,0,0,0,0,0,0,9,0,0,0,0,9,0,0,0,0,0,0,0,0,0,0,0,0,0,0.037,0.037,0,0,0,0,0,0,0,0,0,0,0,0,0,0,0,0,0,0,0.037,0,0.037,INITIAL,2/9/2026,2/9/2026,7000-1.1 (Rev. 04-2023)
9/1/2026,2025,20260555,23161,15674,PRODUCTS (SE) PIPE LINE CORPORATION,1001 LOUISIANA ST,HOUSTON,TX,77002,US,Refined and/or Petroleum Product (non-HVL),"ALABAMA, GEORGIA, LOUISIANA, MISSISSIPPI, NORTH CAROLINA, SOUTH CAROLINA, TENNESSEE, VIRGINIA",,,2097.81,2097.81,,,,,,0.000,0.000,0,0.000,129459305970.000,0,3171.721,0,0,0,0,3171.721,0,0,0,0,0,0,0,0,3171.721,0,0,0,0,3171.721,0,0,0,0,0,0,0,59.195,59.195,0,0,0,319.791,104.664,424.455,343.711,0.102,343.813,56.684,0,56.684,34.067,0,34.067,15.563,0,15.563,10.731,0,10.731,5.504,0,5.504,950.012,786.051,163.961,INITIAL,6/14/2026,6/14/2026,7000-1.1 (Rev. 04-2023)
9/1/2026,2025,20260615,23223,15774,NORTH DAKOTA PIPELINE COMPANY LLC,"915 N ELDRIDGE PARKWAY, SUITE 1100",HOUSTON,TX,77079,US,Crude Oil,"MINNESOTA, MONTANA, NORTH DAKOTA",,,157.39,157.39,,,,,,0.000,30786355951.000,0,0.000,0.000,0,757.085,0,0,0,0,757.085,0,0,0,0,0,0,0,0,757.085,0,0,0,0,757.085,0,0,0,0,0,0,0,0,0,0,0,0,0,559.041,559.041,0,0,0,64.353,0,64.353,0,0,0,51.314,0,51.314,69.326,0,69.326,1.652,0,1.652,745.686,186.645,559.041,INITIAL,6/15/2026,6/15/2026,7000-1.1 (Rev. 04-2023)
9/1/2026,2025,20260703,23316,15786,PORTLAND PIPE LINE CORPORATION,30 HILL STREET,SOUTH PORTLAND,ME,04106,US,Crude Oil,"MAINE, NEW HAMPSHIRE, VERMONT",,,150.6,150.6,0,0,0,0,0,0.000,265898302.000,0,0.000,0.000,0,332,0,0,0,0,332,0,0,0,0,0,0,0,0,332,0,0,0,0,332,0,0,0,0,0,0,0,0,0,0,165,165,0,0,0,0,0,0,0,0,0,1,0,1,0,0,0,0,0,0,0,0,0,166,1,165,SUPPLEMENTAL,6/16/2026,6/16/2026,7000-1.1 (Rev. 04-2023)
9/1/2026,2025,20260146,22739,15825,WESTLAKE US 2 LLC,2801 POST OAK BLVD,HOUSTON,TX,77056,US,HVL,"LOUISIANA, TEXAS",,,29.58,29.58,,,,,,,,,4131912.000,,0,37.61,0,0,0,0,37.61,0,0,0,0,0,0,0,0,37.61,0,0,0,0,37.61,0,0,0,0,0,0,0,0,0,0,0,0,0,0,0,37.61,0,37.61,0,0,0,0,0,0,0,0,0,0,0,0,0,0,0,37.61,37.61,0,INITIAL,5/21/2026,5/21/2026,7000-1.1 (Rev. 04-2023)
9/1/2026,2025,20260234,22833,15851,"DELEK MARKETING AND SUPPLY, LP",5850 GRANITE PARKWAY #450,PLANO,TX,75024,US,Crude Oil,,TEXAS,,6.79,6.79,,,,,,,2525973947.000,,,,0,114.78,0,0,0,0,114.78,0,0,0,0,0,0,0,0,114.78,0,0,0,0,114.78,0,0,0,0,0,0,0,0,0,0,0,0,0,3.76,3.76,0,0,0,0,0,0,0,0,0,0,0,0,81.95,0,81.95,29.06,0,29.06,114.77,111.01,3.76,INITIAL,6/3/2026,6/3/2026,7000-1.1 (Rev. 04-2023)
9/1/2026,2025,20260238,22837,15851,"DELEK MARKETING AND SUPPLY, LP",5850 GRANITE PARKWAY #450,PLANO,TX,75024,US,Refined and/or Petroleum Product (non-HVL),,TEXAS,,31.71,31.71,,,,,,,,,,437345802.000,0,149.14,0,0,0,0,149.14,0,0,0,0,0,0,0,0,149.14,0,0,0,0,149.14,0,0,0,0,0,0,0,0,0,0,0,0,0,0,0,57.67,3.59,61.26,0,0,0,87.37,0,87.37,0,0,0,0.51,0,0.51,0,0,0,149.14,145.55,3.59,INITIAL,6/3/2026,6/3/2026,7000-1.1 (Rev. 04-2023)
9/1/2026,2025,20260098,22680,15915,"PIPELINES OF PUERTO RICO INCD, THE",P.O.BOX: 810047,CAROLINA,PR,00981-0047,US,Refined and/or Petroleum Product (non-HVL),,PUERTO RICO,,9.5,9.5,,,,,,,,,,22992261.000,0,9.5,0,0,0,0,9.5,0,0,0,0,0,0,0,0,9.5,0,0,0,0,9.5,0,0,0,0,0,0,0,0,0,0,0,0,0,8.496,8.496,0,0,0,0,0,0,0,0,0,1,0,1,0,0,0,0.004,0,0.004,9.5,1.004,8.496,INITIAL,5/1/2026,5/1/2026,7000-1.1 (Rev. 04-2023)
9/1/2026,2025,20260711,23341,15979,"ERGON TERMINALING, INC.",P.O. BOX 1639,JACKSON,MS,39215,US,Crude Oil,"OHIO, WEST VIRGINIA",,,38,38,,,,,,,74080504.000,,,,0,38,0,0,0,0,38,0,0,0,0,0,0,0,0,38,0,0,0,0,38,0,0,0,0,0,0,0,0,0,0,0,0,0,0,0,0,0,0,0,0,0,0,0,0,0,0,0,0,0,0,0,0,0,0,0,0,INITIAL,6/18/2026,6/18/2026,7000-1.1 (Rev. 04-2023)
9/1/2026,2025,20260557,23163,18092,"SFPP, LP",1001 LOUISIANA ST.,HOUSTON,TX,77002,US,Refined and/or Petroleum Product (non-HVL),"ARIZONA, CALIFORNIA, NEVADA, NEW MEXICO, OREGON, TEXAS","CALIFORNIA, OREGON, TEXAS",,2026.266,2026.266,,,,,,0.000,0.000,0,0.000,71488856584.000,0,2800.225,0,0,0,0,2800.225,0,0,0,0,0,0,0,0,2800.225,0,0,0,0,2800.225,0,0,0,0,0,0,0,0,0,5.45,272.141,277.591,205.088,629.121,834.209,22.341,5.239,27.58,704.202,0.194,704.396,137.063,0.304,137.367,527.307,0,527.307,14.911,0,14.911,8.863,0,8.863,2532.224,1625.225,906.999,INITIAL,6/14/2026,6/14/2026,7000-1.1 (Rev. 04-2023)
9/1/2026,2025,20260297,22899,18386,BP OIL PIPELINE CO,30 S. WACKER DRIVE,CHICAGO,IL,60606,US,Refined and/or Petroleum Product (non-HVL),"KENTUCKY, OHIO",OHIO,,103.8,103.8,,,,,,0.000,0.000,0,0.000,418321720.000,0,104.5,0,0,0,0,104.5,0,0,0,0,0,0,0,0,104.5,0,0,0,0,104.5,0,0,0,0,17.7,17.7,0,0,0,0,0.7,0.7,0,0,0,1.1,0,1.1,4,0,4,2.1,0,2.1,1.1,0,1.1,0,0,0,0,0,0,26.7,8.3,18.4,INITIAL,6/8/2026,6/8/2026,7000-1.1 (Rev. 04-2023)
9/1/2026,2025,20260537,23143,18667,FREEPORT-MCMORAN OIL & GAS,201 S BROADWAY,ORCUTT,CA,93455,US,Crude Oil,"CALIFORNIA, OCS-Pacific",CALIFORNIA,19.65,24.26,43.91,,0,,,,,0.000,,,,0,24.26,0,0,0,0,24.26,0,19.65,0,0,0,0,19.65,0,43.91,0,0,0,0,43.91,0,0,0,0,0,0,0,0,0,0,0,0,0,0,0,0,0,0,43.91,0,43.91,0,0,0,0,0,0,0,0,0,0,0,0,43.91,43.91,0,INITIAL,6/13/2026,6/13/2026,7000-1.1 (Rev. 04-2023)
9/1/2026,2025,20260616,23224,18678,ST LOUIS PIPELINE OPERATING LLC,4120 HIGEL STREET,SARASOTA,FL,34242,,Refined and/or Petroleum Product (non-HVL),"ILLINOIS, MISSOURI",,,13.177,13.177,,,,,,,,,,25380400.000,0,19.681,0,0,0,0,19.681,0,0,0,0,0,0,0,0,19.681,0,0,0,0,19.681,0,0,0,0,0,0,0,0,0,0,0,0,0,0,0,0,0,0,8.347,0,8.347,0.5,0,0.5,3.38,0,3.38,0,0,0,0.95,0,0.95,13.177,13.177,0,INITIAL,6/15/2026,6/15/2026,7000-1.1 (Rev. 04-2023)
9/1/2026,2025,20260290,22892,18718,SUNOCO PIPELINE L.P.,1300 MAIN STREET,HOUSTON,TX,77002,US,Crude Oil,PENNSYLVANIA,,,25.77,25.77,0,0,0,0,0,0.000,0.000,0,0.000,0.000,0,25.77,0,0,0,0,25.77,0,0,0,0,0,0,0,0,25.77,0,0,0,0,25.77,0,0,0,0,0,0,0,0,0,0,0,0,0,0.28,0.28,0,0,0,0,0,0,0,0,0,1.9,0,1.9,0,0,0,0.09,0,0.09,2.27,1.99,0.28,INITIAL,6/8/2026,6/8/2026,7000-1.1 (Rev. 04-2023)
9/1/2026,2025,20260300,22902,18718,SUNOCO PIPELINE L.P.,1300 MAIN STREET,HOUSTON,TX,77002,US,HVL,"DELAWARE, MICHIGAN, NEW JERSEY, OHIO, PENNSYLVANIA, SOUTH CAROLINA, WEST VIRGINIA",TEXAS,,825.07,825.07,,,,,,0.000,0.000,0,47986061599.000,0.000,1.91,1320.33,0,0,0,0,1322.24,0,0,0,0,0,0,0,1.91,1320.33,0,0,0,0,1322.24,0,0,0,0,0.53,0.53,0,41.75,41.75,0,2.25,2.25,0.06,90.89,90.95,63.3,0,63.3,3.37,0,3.37,24.04,0,24.04,5.29,0,5.29,459.08,0,459.08,283.27,0,283.27,973.83,838.41,135.42,INITIAL,6/8/2026,6/8/2026,7000-1.1 (Rev. 04-2023)
9/1/2026,2025,20260311,23368,18718,SUNOCO PIPELINE L.P.,1300 MAIN STREET,HOUSTON,TX,77002,US,Refined and/or Petroleum Product (non-HVL),"DELAWARE, MICHIGAN, NEW JERSEY, NEW YORK, OHIO, PENNSYLVANIA","MASSACHUSETTS, TEXAS",0,1640.43,1640.43,0,0,0,0,0,0.000,0.000,0,0.000,16211997279.000,175.43,2815.51,0,0,0,0,2990.94,0,0,0,0,0,0,0,175.43,2815.51,0,0,0,0,2990.94,1.77,0,1.77,0,22.41,22.41,0,257.23,257.23,0,25.67,25.67,0,126.12,126.12,211.92,0,211.92,63.01,0,63.01,39.71,0,39.71,16.46,0,16.46,201.58,0.02,201.6,9.15,0.05,9.2,975.1,543.6,431.5,SUPPLEMENTAL,6/8/2026,7/8/2026,7000-1.1 (Rev. 04-2023)
9/1/2026,2025,20260414,23020,19319,"TPC GROUP, LLC","500 Dallas Street, Suite 2000",HOUSTON,TX,77002,US,HVL,,"LOUISIANA, TEXAS",,117.995,117.995,,,,,,,,,71340659.000,,0,119.154,0,0,0,0,119.154,0,0,0,0,0,0,0,0,119.154,0,0,0,0,119.154,0,0,0,0,9.933,9.933,0,0.824,0.824,0,1.871,1.871,0,42.501,42.501,33.677,0,33.677,0.46,0,0.46,9.121,0,9.121,4.172,0,4.172,0.781,0,0.781,0.687,0,0.687,104.027,48.898,55.129,INITIAL,6/11/2026,6/11/2026,7000-1.1 (Rev. 04-2023)
9/1/2026,2025,20260413,23019,19319,"TPC GROUP, LLC","500 Dallas Street, Suite 2000",HOUSTON,TX,77002,US,Refined and/or Petroleum Product (non-HVL),,"LOUISIANA, TEXAS",,16.816,16.816,,,,,,,,,,5083499.000,0,18.094,0,0,0,0,18.094,0,0,0,0,0,0,0,0,18.094,0,0,0,0,18.094,0,0,0,0,0,0,0,12.541,12.541,0,0.684,0.684,0,3.561,3.561,0,0,0,0,0,0,0.7,0,0.7,0,0,0,0,0,0,0,0,0,17.486,0.7,16.786,INITIAL,6/11/2026,6/11/2026,7000-1.1 (Rev. 04-2023)
9/1/2026,2025,20260344,22946,19410,THUMS LONG BEACH CO,ONE WORLD TRADE CENTER,LONG BEACH,CA,90831,US,Crude Oil,,CALIFORNIA,10.81,1.96,12.77,,4719933,,,,,9313522.000,,,,0,2.58,0,0,0,0,2.58,0,10.19,0,0,0,0,10.19,0,12.77,0,0,0,0,12.77,0,0,0,0,0,0,0,0,0,0,0,0,1.2,0,1.2,0,0,0,0,0,0,0,0,0,0,0,0,0,0,0,0,0,0,1.2,1.2,0,INITIAL,6/9/2026,6/9/2026,7000-1.1 (Rev. 04-2023)
9/1/2026,2025,20260529,23135,19481,T & M TERMINAL CO,ONE SYLVAN WAY,PARSIPPANY,NJ,07054,US,Refined and/or Petroleum Product (non-HVL),MISSISSIPPI,,,0,0,,,,,,,,,,44758.000,0,1.44,0,0,0,0,1.44,0,0,0,0,0,0,0,0,1.44,0,0,0,0,1.44,0,0,0,0,0,0,0,0,0,0,0,0,0,0,0,1.44,0,1.44,0,0,0,0,0,0,0,0,0,0,0,0,0,0,0,1.44,1.44,0,INITIAL,6/12/2026,6/12/2026,7000-1.1 (Rev. 04-2023)
9/1/2026,2025,20260201,22799,19570,TRANSCONTINENTAL GAS PIPE LINE COMPANY,ONE WILLIAMS CENTER,TULSA,OK,74172,US,HVL,,TEXAS,,,0,,,,,,,,,,,0,0,0,0,0,0,0,0,0,0,0,0,0,0,0,0,0,0,0,0,0,0,0,0,0,0,0,0,0,0,0,0,0,0,0,0,0,0,0,0,0,0,0,0,0,0,0,0,0,0,0,0,0,0,0,0,0,INITIAL,6/3/2026,6/3/2026,7000-1.1 (Rev. 04-2023)
9/1/2026,2025,20260458,23064,19585,TRANS MOUNTAIN PIPELINE (PUGET SOUND) LLC,"2700, 300-5TH AVE SW",CALGARY,ALBERTA,T2P 5J2,CA,Crude Oil,WASHINGTON,,,49,49,,,,,,,2981858407.000,,,,0,64,0,0,0,0,64,0,0,0,0,0,0,0,0,64,0,0,0,0,64,0,0,0,0,0,0,0,0,0,0,0,0,0,0,0,0,0,0,0,0,0,0,0,0,0,0,0,0,0,0,0,0,0,0,0,0,INITIAL,6/11/2026,6/11/2026,7000-1.1 (Rev. 04-2023)
9/1/2026,2025,20260055,22626,19892,UCAR PIPELINE LLC,1000 COUNTY ROAD 340,ANGLETON,TX,77515,US,HVL,,LOUISIANA,,39.42,39.42,,,,,,,,,663577133.000,,0,69.87,0,0,0,0,69.87,0,0,0,0,0,0,0,0,69.87,0,0,0,0,69.87,0,0,0,0,0,0,0,0,0,0,0,0,0,38.56,38.56,0,0,0,1.17,0,1.17,0,0,0,0,25.25,25.25,0,0,0,0,0,0,64.98,1.17,63.81,INITIAL,3/12/2026,3/12/2026,7000-1.1 (Rev. 04-2023)
9/1/2026,2025,20260038,22878,20046,UNION CARBIDE CHEMICALS & PLASTICS CO INC,"437 MACCORKLE AVENUE, SW",SOUTH CHARLESTON,WV,25303,US,HVL,,WEST VIRGINIA,,2.83,2.83,,,,,,,,,2012224.000,,0,7.17,0,0,0,0,7.17,0,0,0,0,0,0,0,0,7.17,0,0,0,0,7.17,0,0,0,0,0,0,0,0,0,0,0,0,0,0,0,0,0,0,0,0,0,0,0,0,0,0,0,0,0,0,0,0,0,0,0,0,SUPPLEMENTAL,3/4/2026,6/5/2026,7000-1.1 (Rev. 04-2023)
9/1/2026,2025,20260665,23273,20202,ULTRAMAR INC.,1 VALERO WAY,SAN ANTONIO,TX,78249,US,Crude Oil,,CALIFORNIA,,4.28,4.28,,,,,,,7723600.000,,,,0,4.283,0,0,0,0,4.283,0,0,0,0,0,0,0,0,4.283,0,0,0,0,4.283,0,0,0,0,0,0,0,0,0,0,0,0,0,0,0,0,0,0,0,0,0,0,0,0,0,0,0,0,0,0,0,0,0,0,0,0,INITIAL,6/15/2026,6/15/2026,7000-1.1 (Rev. 04-2023)
9/1/2026,2025,20260667,23276,20202,ULTRAMAR INC.,1 VALERO WAY,SAN ANTONIO,TX,78249,US,HVL,,CALIFORNIA,,7.636,7.636,,,,,,,5899329.000,,,,0,7.636,0,0,0,0,7.636,0,0,0,0,0,0,0,0,7.636,0,0,0,0,7.636,0,0,0,0,0,0,0,0,0,0,0,0,0,0,0,0,0,0,0,0,0,0,0,0,0,0,0,0,0,0,0,0,0,0,0,0,INITIAL,6/15/2026,6/15/2026,7000-1.1 (Rev. 04-2023)
9/1/2026,2025,20260666,23274,20202,ULTRAMAR INC.,1 VALERO WAY,SAN ANTONIO,TX,78249,US,Refined and/or Petroleum Product (non-HVL),,CALIFORNIA,,23.94,23.94,,,,,,,40172728.000,,,,0,19.547,0,4.4,0,0,23.947,0,0,0,0,0,0,0,0,19.547,0,4.4,0,0,23.947,0,0,0,0,0,0,0,0,0,0,0,0,0,0,0,0,1.041,1.041,2.184,0,2.184,0,0,0,0,0,0,0,0,0,0,0,0,3.225,2.184,1.041,INITIAL,6/15/2026,6/15/2026,7000-1.1 (Rev. 04-2023)
9/1/2026,2025,20260720,23354,21359,SASOL CHEMICALS USA LLC,12120 WICKCHESTER LANE,HOUSTON,TX,77079,US,Refined and/or Petroleum Product (non-HVL),,LOUISIANA,,12.14,12.14,,,,,,,,,,2213434.000,0,12.143,0,0,0,0,12.143,0,0,0,0,0,0,0,0,12.143,0,0,0,0,12.143,0,0,0,0,0,0,0,0,0,0,0,0,0,0,0,0,0,0,0,0,0,0,0,0,0,0,0,0,0,0,0,0,0,0,0,0,INITIAL,6/25/2026,6/25/2026,7000-1.1 (Rev. 04-2023)
9/1/2026,2025,20260312,22914,22442,WEST TEXAS GULF PIPELINE CO,1300 MAIN STREET,HOUSTON,TX,77002,US,Crude Oil,TEXAS,,,258.13,258.13,0,0,0,0,0,0.000,73868166445.000,0,0.000,0.000,0,583.59,0,0,0,0,583.59,0,0,0,0,0,0,0,0,583.59,0,0,0,0,583.59,0,0,0,0,0,0,0,0,0,0,0.64,0.64,0,0,0,0,0.55,0.55,0,0,0,0.41,0,0.41,0.03,0,0.03,1.1,0,1.1,0.22,0,0.22,2.95,1.76,1.19,INITIAL,6/8/2026,6/8/2026,7000-1.1 (Rev. 04-2023)
9/1/2026,2025,20260165,22758,22465,TARGA PIPELINE MID-CONTINENT WESTTEX LLC,"811 LOUISIANA STREET, SUITE 2100",HOUSTON,TX,77002,US,Crude Oil,,TEXAS,,,0.00,,,,,,0.000,0.000,0,0.000,0.000,0,0,0,0,0,0,0,0,0,0,0,0,0,0,0,0,0,0,0,0,0,0,0,0,0,0,0,0,0,0,0,0,0,0,0,0,0,0,0,0,0,0,0,0,0,0,0,0,0,0,0,0,0,0,0,0,0,INITIAL,5/27/2026,5/27/2026,7000-1.1 (Rev. 04-2023)
9/1/2026,2025,20260178,22774,22465,TARGA PIPELINE MID-CONTINENT WESTTEX LLC,"811 LOUISIANA STREET, SUITE 2100",HOUSTON,TX,77002,US,Refined and/or Petroleum Product (non-HVL),,TEXAS,,0,0,,,,,,0.000,0.000,0,0.000,2739151.000,0,8.39,0,0,0,0,8.39,0,0,0,0,0,0,0,0,8.39,0,0,0,0,8.39,0,0,0,0,0,0,0,0,0,0,0,0,0,0,0,0,0,0,0,0,0,0,0,0,0,0,0,0,0,0,8.39,0,8.39,8.39,8.39,0,INITIAL,5/29/2026,5/29/2026,7000-1.1 (Rev. 04-2023)
9/1/2026,2025,20260593,23201,22610,"MAGELLAN PIPELINE COMPANY, LP",100 WEST 5TH STREET,TULSA,OK,74103,US,Crude Oil,"COLORADO, KANSAS, OKLAHOMA, TEXAS, WYOMING",OKLAHOMA,,329.58,329.58,,,,,,,125741108827.000,,,,0,1294.04,0,0,0,0,1294.04,0,0,0,0,0,0,0,0,1294.04,0,0,0,0,1294.04,0,0,0,0,0,0,0,21.63,21.63,0,0,0,0,130.23,130.23,44.29,13.4,57.69,0.54,0,0.54,20.76,0,20.76,0.58,0,0.58,1014.66,0,1014.66,0.13,0,0.13,1246.22,1080.96,165.26,INITIAL,6/15/2026,6/15/2026,7000-1.1 (Rev. 04-2023)
9/1/2026,2025,20260594,23202,22610,"MAGELLAN PIPELINE COMPANY, LP",100 WEST 5TH STREET,TULSA,OK,74103,US,HVL,"ILLINOIS, IOWA, KANSAS, LOUISIANA, MINNESOTA, MISSOURI, TEXAS",TEXAS,,466.42,466.42,,,,,,,,,,,0.01,952.02,0,0,0,0,952.03,0,0,0,0,0,0,0,0.01,952.02,0,0,0,0,952.03,0.01,0.03,0.04,0,0.03,0.03,0,0,0,0,112.41,112.41,109.81,117.03,226.84,3.11,14.36,17.47,1.45,0.43,1.88,4.09,0,4.09,18.92,0,18.92,35.11,0.05,35.16,12.44,0,12.44,429.28,184.94,244.34,INITIAL,6/15/2026,6/15/2026,7000-1.1 (Rev. 04-2023)
9/1/2026,2025,20260595,23384,22610,"MAGELLAN PIPELINE COMPANY, LP",100 WEST 5TH STREET,TULSA,OK,74103,US,Refined and/or Petroleum Product (non-HVL),"ARKANSAS, COLORADO, ILLINOIS, IOWA, KANSAS, MINNESOTA, MISSOURI, NEBRASKA, NEW MEXICO, NORTH DAKOTA, OKLAHOMA, SOUTH DAKOTA, TEXAS, WISCONSIN, WYOMING",TEXAS,,3701.56,3701.56,,,,,,,125839078.000,,,,68.07,9666.03,0,0,0,0,9734.1,0,0,0,0,0,0,0,68.07,9666.03,0,0,0,0,9734.1,0.63,6.45,7.08,0,152.11,152.11,0,886.79,886.79,0,2457.97,2457.97,388.19,745.04,1133.23,870.53,187.84,1058.37,281.96,3.5,285.46,540.88,0.63,541.51,240.49,0,240.49,394.54,0,394.54,201.97,0,201.97,7359.52,2919.19,4440.33,SUPPLEMENTAL,6/15/2026,7/30/2026,7000-1.1 (Rev. 04-2023)
9/1/2026,2025,20260464,23070,22830,WOLVERINE PIPELINE CO,"8075 Creekside Dr., Ste. 210",Portage,MI,49024-6303,,Refined and/or Petroleum Product (non-HVL),"ILLINOIS, INDIANA, MICHIGAN",,,387.789,387.789,,,,,,,,,,14809707662.000,154.653,789.224,0,0,0,0,943.877,0,0,0,0,0,0,0,154.653,789.224,0,0,0,0,943.877,0,0,0,0,79.845,79.845,0,0,0,0,51.095,51.095,0.749,118.664,119.413,233.756,6.098,239.854,3.168,0.564,3.732,7.164,0,7.164,38.143,0,38.143,39.682,0,39.682,0.001,0,0.001,578.929,322.663,256.266,INITIAL,6/12/2026,6/12/2026,7000-1.1 (Rev. 04-2023)
9/1/2026,2025,20260495,23101,22855,"FLINT HILLS RESOURCES, LC",4111 EAST 37TH STREET NORTH,WICHITA,KS,67220,US,Crude Oil,"ILLINOIS, MINNESOTA, MISSOURI",TEXAS,,731,731,,,,,,,46175741542.000,,,,0,1601.15,0,0,0,0,1601.15,0,0,0,0,0,0,0,0,1601.15,0,0,0,0,1601.15,0,0,0,0,0,0,0,0,0,0,214.02,214.02,0,0,0,141.29,0,141.29,606.82,0,606.82,72.25,0,72.25,317.13,0,317.13,119.63,0,119.63,0,0,0,1471.14,1257.12,214.02,INITIAL,6/12/2026,6/12/2026,7000-1.1 (Rev. 04-2023)
9/1/2026,2025,20260496,23102,22855,"FLINT HILLS RESOURCES, LC",4111 EAST 37TH STREET NORTH,WICHITA,KS,67220,US,HVL,"MINNESOTA, WISCONSIN","MINNESOTA, TEXAS",,262.07,262.07,,,,,,,,,1633105947.000,,0,617.73,0,0,0,0,617.73,0,0,0,0,0,0,0,0,617.73,0,0,0,0,617.73,0,0,0,0,0,0,0,1.98,1.98,0,0,0,0,198.25,198.25,16.54,0,16.54,121.21,0,121.21,51.67,0,51.67,9.67,0,9.67,20.61,0,20.61,14.24,0,14.24,434.17,233.94,200.23,INITIAL,6/12/2026,6/12/2026,7000-1.1 (Rev. 04-2023)
9/1/2026,2025,20260512,23118,22855,"FLINT HILLS RESOURCES, LC",4111 EAST 37TH STREET NORTH,WICHITA,KS,67220,US,Refined and/or Petroleum Product (non-HVL),"IOWA, MINNESOTA, MISSOURI, WISCONSIN","MINNESOTA, TEXAS",,1008.08,1008.08,,,,,,,,,,41261236033.000,0,1644.52,0,0,0,0,1644.52,0,0,0,0,0,0,0,0,1644.52,0,0,0,0,1644.52,0,0,0,0,6.26,6.26,0,1.38,1.38,0,0.21,0.21,0,0,0,124.5,0,124.5,827.16,0,827.16,345.28,0,345.28,4.58,0,4.58,37.36,0,37.36,1.88,0,1.88,1348.61,1340.76,7.85,INITIAL,6/12/2026,6/12/2026,7000-1.1 (Rev. 04-2023)
9/1/2026,2025,20260686,23297,25146,"EQUISTAR CHEMICALS, L.P.",16055 SPACE CENTER BLVD.,HOUSTON,TX,77062,US,HVL,,TEXAS,,1142.00,1142.00,,,,,,,,,5654999339.000,,0,1216.06,0,0,0,0,1216.06,0,0,0,0,0,0,0,0,1216.06,0,0,0,0,1216.06,0,0,0,0,0,0,0,0,0,0,28.51,28.51,0,81.62,81.62,85.33,579.64,664.97,76.4,0,76.4,78.97,0,78.97,1,0,1,3.72,0,3.72,1.11,0,1.11,936.3,246.53,689.77,INITIAL,6/15/2026,6/15/2026,7000-1.1 (Rev. 04-2023)
9/1/2026,2025,20260679,23290,25146,"EQUISTAR CHEMICALS, L.P.",16055 SPACE CENTER BLVD.,HOUSTON,TX,77062,US,Refined and/or Petroleum Product (non-HVL),,TEXAS,,135.86,135.86,,,,,,,,,,401862056.000,0,135.854,0,0,0,0,135.854,0,0,0,0,0,0,0,0,135.854,0,0,0,0,135.854,0,0,0,0,0,0,0,0,0,0,0,0,0,0,0,45.16,25.86,71.02,0.004,0,0.004,53.54,0,53.54,0,0,0,0,0,0,0,0,0,124.564,98.704,25.86,INITIAL,6/15/2026,6/15/2026,7000-1.1 (Rev. 04-2023)
9/1/2026,2025,20260032,22607,26039,FLORIDA POWER & LIGHT CO,601 TRAVIS STREET SUITE 1900,HOUSTON,TX,77002,US,Refined and/or Petroleum Product (non-HVL),,FLORIDA,,13.91,13.91,,,,,,0.000,0.000,0,0.000,0.000,0,13.91,0,0,0,0,13.91,0,0,0,0,0,0,0,0,13.91,0,0,0,0,13.91,0,0,0,0,0,0,0,0,0,0,0,0,0,0,0,13.91,0,13.91,0,0,0,0,0,0,0,0,0,0,0,0,0,0,0,13.91,13.91,0,SUPPLEMENTAL,3/3/2026,3/5/2026,7000-1.1 (Rev. 04-2023)
9/1/2026,2025,20260561,23167,26041,"KINDER MORGAN LIQUID TERMINALS, LLC","1001 LOUISIANA ST, SUITE 1000",HOUSTON,TX,77002,US,HVL,,TEXAS,,0.72,0.72,,,,,,0.000,0.000,0,0.000,0.000,0,0.722,0,0,0,0,0.722,0,0,0,0,0,0,0,0,0.722,0,0,0,0,0.722,0,0,0,0,0,0,0,0,0,0,0,0,0,0,0,0,0,0,0,0,0,0,0,0,0.722,0,0.722,0,0,0,0,0,0,0.722,0.722,0,INITIAL,6/14/2026,6/14/2026,7000-1.1 (Rev. 04-2023)
9/1/2026,2025,20260560,23191,26041,"KINDER MORGAN LIQUID TERMINALS, LLC","1001 LOUISIANA ST, SUITE 1000",HOUSTON,TX,77002,US,Refined and/or Petroleum Product (non-HVL),"ILLINOIS, INDIANA","LOUISIANA, NEW JERSEY, NORTH CAROLINA, OHIO, TEXAS",,95.189,95.189,,,,,,0.000,0.000,0,0.000,27701676137.000,0,100.238,0,0,0,0,100.238,0,0,0,0,0,0,0,0,100.238,0,0,0,0,100.238,0,0,0,0,0,0,0,0,0,0.889,0,0.889,0,0,0,5.279,0.443,5.722,9.038,0,9.038,40.713,0,40.713,11.45,0,11.45,12.11,0,12.11,4.504,0,4.504,84.426,83.983,0.443,SUPPLEMENTAL,6/14/2026,6/15/2026,7000-1.1 (Rev. 04-2023)
9/1/2026,2025,20260082,22662,26045,"PAR HAWAII REFINING, LLC",91-325 KOMOHANA STREET,KAPOLEI,HI,96707,US,Refined and/or Petroleum Product (non-HVL),,HAWAII,,23.00,23.00,,,,,,,,,,201873058.000,0,23,0,0,0,0,23,0,0,0,0,0,0,0,0,23,0,0,0,0,23,0,0,0,0,0,0,0,0,0,0,0,0,0,2,2,21,0,21,0,0,0,0,0,0,0,0,0,0,0,0,0,0,0,23,21,2,INITIAL,4/13/2026,4/13/2026,7000-1.1 (Rev. 04-2023)
9/1/2026,2025,20260425,23031,26048,HUNT REFINING CO,2200 JACK WARNER PARKWAY,TUSCALOOSA,AL,35401,US,Refined and/or Petroleum Product (non-HVL),,ALABAMA,,41.77,41.77,,,,,,,,,,265990245.000,0,47.44,0,0,0,0,47.44,0,0,0,0,0,0,0,0,47.44,0,0,0,0,47.44,0,0,0,0,0,0,0,0,0,0,0,0,0,0,0,0,0,0,23.72,0,23.72,0,0,0,23.72,0,23.72,0,0,0,0,0,0,47.44,47.44,0,INITIAL,6/11/2026,6/11/2026,7000-1.1 (Rev. 04-2023)
9/1/2026,2025,20260485,23091,26049,"COUNTRYMARK REFINING AND LOGISTICS, LLC","225 S.E. ST. , SUITE 44",INDIANAPOLIS,IN,46202,US,Crude Oil,"ILLINOIS, INDIANA, KENTUCKY","ILLINOIS, INDIANA",,28.67,28.67,,,,,,,983803964.000,,,,0.3,153.41,0,0,0,0,153.71,0,0,0,0,0,0,0,0.3,153.41,0,0,0,0,153.71,0,0,0,0,0,0,0,0.7,0.7,0,0,0,0,0,0,0.04,0,0.04,0.1,0,0.1,34.7,0,34.7,60.9,0,60.9,51.65,0,51.65,2.283,0,2.283,150.373,149.673,0.7,INITIAL,6/12/2026,6/12/2026,7000-1.1 (Rev. 04-2023)
9/1/2026,2025,20260483,23089,26049,"COUNTRYMARK REFINING AND LOGISTICS, LLC","225 S.E. ST. , SUITE 44",INDIANAPOLIS,IN,46202,US,Refined and/or Petroleum Product (non-HVL),,INDIANA,,111.36,111.36,,,,,,,,,,1295044734.000,0,247.1,0,0,0,0,247.1,0,0,0,0,0,0,0,0,247.1,0,0,0,0,247.1,0,0,0,0,0,0,0,0,0,0,50,50,0,0.1,0.1,0,0,0,17.5,0,17.5,0.1,0,0.1,0.7,0,0.7,1.08,0,1.08,4.41,0,4.41,73.89,23.79,50.1,INITIAL,6/12/2026,6/12/2026,7000-1.1 (Rev. 04-2023)
9/1/2026,2025,20260140,22733,26054,KEY WEST PIPELINE CO,4635 Southwest Freeway Suite 910,Houston,TX,77027,,Refined and/or Petroleum Product (non-HVL),,FLORIDA,4.00,3.00,7.00,,,,,1023740,,,,,767805.000,0,3,0,0,0,0,3,0,4,0,0,0,0,4,0,7,0,0,0,0,7,0,0,0,0,0,0,0,0,0,0,0,0,0,0,0,0,0,0,0,0,0,1,0,1,0,0,0,0,0,0,0,0,0,1,1,0,INITIAL,5/19/2026,5/19/2026,7000-1.1 (Rev. 04-2023)
9/1/2026,2025,20260231,22830,26061,"DELEK CRUDE LOGISTICS, LLC.",5850 GRANITE PARKWAY #450,PLANO,TX,75024,US,Crude Oil,,TEXAS,,28.77,28.77,,,,,,,392978652.000,,,,0,95.88,0,0,0,0,95.88,0,0,0,0,0,0,0,0,95.88,0,0,0,0,95.88,0,0,0,0,0,0,0,55.75,55.75,0,30.37,30.37,0,0,0,0,0,0,8.08,0,8.08,0,0,0,0,0,0,0.57,0,0.57,1.11,0,1.11,95.88,9.76,86.12,INITIAL,6/3/2026,6/3/2026,7000-1.1 (Rev. 04-2023)
9/1/2026,2025,20260235,22834,26061,"DELEK CRUDE LOGISTICS, LLC.",5850 GRANITE PARKWAY #450,PLANO,TX,75024,US,Refined and/or Petroleum Product (non-HVL),,TEXAS,,28.6,28.6,,,,,,,,,,42762585.000,0,108,0,0,0,0,108,0,0,0,0,0,0,0,0,108,0,0,0,0,108,0,0,0,0,0,0,0,0,0,0,0,0,0,88.03,88.03,0,0,0,19.28,0,19.28,0,0,0,0,0,0,0.6,0,0.6,0.1,0,0.1,108.01,19.98,88.03,INITIAL,6/3/2026,6/3/2026,7000-1.1 (Rev. 04-2023)
9/1/2026,2025,20260131,22724,26065,CHS MCPHERSON REFINERY INC.,2000 S. MAIN,MCPHERSON,KS,67460,,Crude Oil,KANSAS,,,,0.00,,,,,,0.000,0.000,0,0.000,0.000,0,0,0,0,0,0,0,0,0,0,0,0,0,0,0,0,0,0,0,0,0,0,0,0,0,0,0,0,0,0,0,0,0,0,0,0,0,0,0,0,0,0,0,0,0,0,0,0,0,0,0,0,0,0,0,0,0,INITIAL,5/15/2026,5/15/2026,7000-1.1 (Rev. 04-2023)
9/1/2026,2025,20260129,22722,26065,CHS MCPHERSON REFINERY INC.,2000 S. MAIN,MCPHERSON,KS,67460,,HVL,,KANSAS,,5.17,5.17,,,,,,0.000,0.000,0,2045533.000,0.000,0,19.91,0,0,0,0,19.91,0,0,0,0,0,0,0,0,19.91,0,0,0,0,19.91,0,0,0,0,0,0,0,0,0,0,3.61,3.61,0,0,0,0,0,0,0,0,0,0,0,0,0,0,0,0.12,0,0.12,0.15,0,0.15,3.88,0.27,3.61,INITIAL,5/15/2026,5/15/2026,7000-1.1 (Rev. 04-2023)
9/1/2026,2025,20260130,22723,26065,CHS MCPHERSON REFINERY INC.,2000 S. MAIN,MCPHERSON,KS,67460,,Refined and/or Petroleum Product (non-HVL),,KANSAS,,3.42,3.42,,,,,,0.000,0.000,0,0.000,2847875.000,0,14.05,0,0,0,0,14.05,0,0,0,0,0,0,0,0,14.05,0,0,0,0,14.05,0,0,0,0,0,0,0,0,0,0,0,0,0,0,0,0,0,0,0,0,0,0,0,0,0,0,0,0,0,0,0,0,0,0,0,0,INITIAL,5/15/2026,5/15/2026,7000-1.1 (Rev. 04-2023)
9/1/2026,2025,20260367,22973,26085,"PLAINS MARKETING, L.P.","333 CLAY STREET, SUITE 1900",HOUSTON,TX,77002,US,Crude Oil,"ALABAMA, ILLINOIS, LOUISIANA, NORTH DAKOTA, OKLAHOMA, TEXAS, WYOMING","ALABAMA, COLORADO, LOUISIANA, MISSISSIPPI, NEW MEXICO, OKLAHOMA, TEXAS",,7.59,7.59,,,,,,0.000,42469469.000,0,0.000,0.000,14.89,24.23,0,0,0,29.87,68.99,0,0,0,0,0,0,0,14.89,24.23,0,0,0,29.87,68.99,17.48,0,17.48,0,0,0,0,0,0,0,0.74,0.74,0,0,0,0,0,0,0,0,0,0.35,0,0.35,0.39,0,0.39,0.66,0,0.66,0,0,0,19.62,18.88,0.74,INITIAL,6/10/2026,6/10/2026,7000-1.1 (Rev. 04-2023)
9/1/2026,2025,20260093,22674,26085,"PLAINS MARKETING, L.P.","333 CLAY STREET, SUITE 1900",HOUSTON,TX,77002,US,HVL,MICHIGAN,ARIZONA,,11.3,11.3,,,,,,0.000,0.000,0,7056041.000,0.000,0,11.58,0,0,0,0.54,12.12,0,0,0,0,0,0,0,0,11.58,0,0,0,0.54,12.12,0,0,0,0,0,0,0,0,0,0,0,0,0,0,0,2.92,0,2.92,0,0,0,0,0,0,0,0,0,5.83,0,5.83,2.83,0,2.83,11.58,11.58,0,INITIAL,4/23/2026,4/23/2026,7000-1.1 (Rev. 04-2023)
9/1/2026,2025,20260059,22630,26086,SEADRIFT PIPELINE LLC,1000 COUNTY ROAD 340,ANGLETON,TX,77515,US,HVL,,TEXAS,,194.38,194.38,,,,,,,,,3770779829.000,,0,687.31,0,0,0,0,687.31,0,0,0,0,0,0,0,0,687.31,0,0,0,0,687.31,0,3.59,3.59,0,0,0,0,0,0,0,1.24,1.24,42.77,77.01,119.78,135.37,0,135.37,5.81,0,5.81,5.81,0,5.81,46.99,0.09,47.08,0.99,3.24,4.23,4.64,0,4.64,327.55,242.38,85.17,INITIAL,3/12/2026,3/12/2026,7000-1.1 (Rev. 04-2023)
9/1/2026,2025,20260598,23362,26094,"SHORE TERMINALS, LLC",8111 WESTCHESTER DR,DALLAS,TX,75225,US,Refined and/or Petroleum Product (non-HVL),,"CALIFORNIA, OREGON",,1.76,1.76,,,,,,,,,,,0,1.76,0,0,0,0,1.76,0,0,0,0,0,0,0,0,1.76,0,0,0,0,1.76,0,0,0,0,0,0,0,0,0,0,0,0,0,0,0,0.31,0,0.31,1.03,0,1.03,0,0,0,0,0,0,0,0,0,0,0,0,1.34,1.34,0,SUPPLEMENTAL,6/15/2026,7/6/2026,7000-1.1 (Rev. 04-2023)
9/1/2026,2025,20260487,23093,26099,TAMPA BAY PIPELINE CO.,4120 HIGEL AVE.,SARASOTA,FL,34242,,HVL,,FLORIDA,,82.24,82.24,,,,,,,,,692316046.000,,0,89.1,0,0,0,0,89.1,0,0,0,0,0,0,0,0,89.1,0,0,0,0,89.1,0,0,0,0,0,0,0,0,0,0,0,0,0,0,0,37.7,0,37.7,27.86,0,27.86,1.17,0,1.17,19.21,0,19.21,3.16,0,3.16,0,0,0,89.1,89.1,0,INITIAL,6/12/2026,6/12/2026,7000-1.1 (Rev. 04-2023)
9/1/2026,2025,20260332,22934,26103,"TEXAS EASTMAN DIVISION, EASTMAN CHEMICAL CO",PO BOX 7444,LONGVIEW,TX,75607,,HVL,,TEXAS,,116.26,116.26,,,,,,,,,2481309248.000,,0,470.5,0,0,0,0,470.5,0,0,0,0,0,0,0,0,470.5,0,0,0,0,470.5,0,0,0,0,0,0,0,0,0,0,0,0,0,182.2,182.2,0,0,0,217.4,0,217.4,0,0,0,0.8,0,0.8,1.6,0,1.6,0.7,0,0.7,402.7,220.5,182.2,INITIAL,6/9/2026,6/9/2026,7000-1.1 (Rev. 04-2023)
9/1/2026,2025,20260467,23073,26112,"VALERO REFINING-TEXAS, L.P.",1 VALERO WAY,SAN ANTONIO,TX,78249,US,Crude Oil,,TEXAS,,5.619,5.619,,,,,,,32513355.000,,,,0,5.619,0,0,0,0,5.619,0,0,0,0,0,0,0,0,5.619,0,0,0,0,5.619,0,0,0,0,0,0,0,0,0,0,0,0,0,0,0,0,0,0,2.545,0,2.545,0,0,0,3.075,0,3.075,0,0,0,0,0,0,5.62,5.62,0,INITIAL,6/12/2026,6/12/2026,7000-1.1 (Rev. 04-2023)
9/1/2026,2025,20260469,23075,26112,"VALERO REFINING-TEXAS, L.P.",1 VALERO WAY,SAN ANTONIO,TX,78249,US,HVL,,TEXAS,,13.285,13.285,,,,,,,,,22043782.000,,0,13.285,0,0,0,0,13.285,0,0,0,0,0,0,0,0,13.285,0,0,0,0,13.285,0,0,0,0,0,0,0,0,0,0,0,0,0,0,0,0,0,0,7.435,0,7.435,0,0,0,4.068,0,4.068,0,0,0,0,0,0,11.503,11.503,0,INITIAL,6/12/2026,6/12/2026,7000-1.1 (Rev. 04-2023)
9/1/2026,2025,20260471,23077,26112,"VALERO REFINING-TEXAS, L.P.",1 VALERO WAY,SAN ANTONIO,TX,78249,US,Refined and/or Petroleum Product (non-HVL),,TEXAS,,31.88,31.88,,,,,,,,,,121741245.000,0,31.882,0,0,0,0,31.882,0,0,0,0,0,0,0,0,31.882,0,0,0,0,31.882,0,0,0,0,0,0,0,0,0,0,0,0,0,0,0,0,0,0,5.141,0,5.141,0,0,0,22.625,0,22.625,0.098,0,0.098,0,0,0,27.864,27.864,0,INITIAL,6/12/2026,6/12/2026,7000-1.1 (Rev. 04-2023)
9/1/2026,2025,20260531,23137,26120,COLLINS PIPELINE CO,ONE SYLVAN WAY,PARSIPPANY,NJ,07054,US,Refined and/or Petroleum Product (non-HVL),"LOUISIANA, MISSISSIPPI",,,99.26,99.26,,,,,,,,,,4750291824.000,0,124.55,0,0,0,0,124.55,0,0,0,0,0,0,0,0,124.55,0,0,0,0,124.55,0,0,0,0,0,0,0,0,0,0,0,0,0,0,0,70.32,20.52,90.84,0.03,0.01,0.04,0.16,0,0.16,0,0,0,1.08,0,1.08,0.07,0,0.07,92.19,71.66,20.53,INITIAL,6/12/2026,6/12/2026,7000-1.1 (Rev. 04-2023)
9/1/2026,2025,20260541,23147,26125,CALNEV PIPELINE CO,1001 LOUISIANA ST,HOUSTON,TX,77002,US,Refined and/or Petroleum Product (non-HVL),"CALIFORNIA, NEVADA","CALIFORNIA, NEVADA",,449.74,449.74,,,,,,0.000,0.000,0,0.000,9772996268.000,0,566.207,0,0,0,0,566.207,0,0,0,0,0,0,0,0,566.207,0,0,0,0,566.207,0,0,0,0,0,0,0,0,0,0,0,0,0,239.083,239.083,234.302,0.384,234.686,58.152,0.14,58.292,19.443,0,19.443,12.716,0.005,12.721,0.613,0,0.613,0.979,0,0.979,565.817,326.205,239.612,INITIAL,6/14/2026,6/14/2026,7000-1.1 (Rev. 04-2023)
9/1/2026,2025,20260049,22619,26149,ALYESKA PIPELINE SERVICE CO,POB 196660 MS 502,ANCHORAGE,AK,99519,US,Crude Oil,ALASKA,,0.00,325.93,325.93,,0,,,,,133610081600.000,,,,0,375.05,0,427.68,0,0,802.73,0,0,0,0,0,0,0,0,375.05,0,427.68,0,0,802.73,0,0,0,0,0,0,0,0,0,0,0,0,0,0,0,0,0,0,0,0,0,0,0,0,0,0,0,0,0,0,0,0,0,0,0,0,INITIAL,3/11/2026,3/11/2026,7000-1.1 (Rev. 04-2023)
9/1/2026,2025,20260334,22936,26302,MUSTANG PIPELINE CO,PO BOX 7444,LONGVIEW,TX,75607,,HVL,,TEXAS,,27.70,27.70,,,,,,,,,540478510.000,,0,89.14,0,0,0,0,89.14,0,0,0,0,0,0,0,0,89.14,0,0,0,0,89.14,0,0,0,0,0,0,0,0,0,0,0,0,0,0,0,0,0,0,88.3,0,88.3,0,0,0,0,0,0,0,0,0,0.7,0,0.7,89,89,0,INITIAL,6/9/2026,6/9/2026,7000-1.1 (Rev. 04-2023)
9/1/2026,2025,20260401,23007,26303,UNOCAL PIPELINE CO - EASTERN REGION,1400 SMITH STREET,HOUSTON,TX,77002,US,Crude Oil,,TEXAS,,4.7,4.7,,,,,,,,,,,0,4.7,0,0,0,0,4.7,0,0,0,0,0,0,0,0,4.7,0,0,0,0,4.7,0,0,0,0,0,0,0,0,0,0,0,0,0,0,0,0,0,0,0,0,0,0,0,0,0,0,0,0,0,0,0,0,0,0,0,0,INITIAL,6/11/2026,6/11/2026,7000-1.1 (Rev. 04-2023)
9/1/2026,2025,20260313,22915,26330,"ENABLE OKLAHOMA INTRASTATE TRANSMISSION, LLC",1300 Main Street,Houston,TX,77002,US,HVL,,OKLAHOMA,,3.01,3.01,,,,,,0.000,0.000,0,475964.000,0.000,0,10.3,0,0,0,0,10.3,0,0,0,0,0,0,0,0,10.3,0,0,0,0,10.3,0,0,0,0,0,0,0,0,0,0,0,0,0,0,0,0,0,0,4.32,0,4.32,0,0,0,0,0,0,5.97,0,5.97,0,0,0,10.29,10.29,0,INITIAL,6/8/2026,6/8/2026,7000-1.1 (Rev. 04-2023)
9/1/2026,2025,20260729,23370,30003,HOUSTON REFINING LP.,12000 LAWNDALE,HOUSTON,TX,77017,US,Crude Oil,,TEXAS,,3.00,3.00,,,,,,,2420.000,,,,0,1,2,0,0,0,3,0,0,0,0,0,0,0,0,1,2,0,0,0,3,0,0,0,0,0,0,0,0,0,0,0,0,1,0,1,1,0,1,0,0,0,0,0,0,1,0,1,0,0,0,0,0,0,3,3,0,INITIAL,7/13/2026,7/13/2026,7000-1.1 (Rev. 04-2023)
9/1/2026,2025,20260735,23402,30020,W & T OFFSHORE INC,5718 WESTHEIMER ROAD,HOUSTON,TX,77057,US,Crude Oil,,OCS-Gulf of America,0,,0,,146000,,,,,,,,,0,0,0,0,0,0,0,0,15.8,0,0,0,0,15.8,0,15.8,0,0,0,0,15.8,0,0,0,0,0,0,0,0,0,0,0,0,0,0,0,0,0,0,0,0,0,0,0,0,0,0,0,0,0,0,0,0,0,0,0,0,INITIAL,8/27/2026,8/27/2026,7000-1.1 (Rev. 04-2023)
9/1/2026,2025,20260355,22961,30020,W & T OFFSHORE INC,5718 WESTHEIMER ROAD,HOUSTON,TX,77057,US,Refined and/or Petroleum Product (non-HVL),,ALABAMA,,4.75,4.75,,,,,0,,,,,,0,4.75,0,0,0,0,4.75,0,0,0,0,0,0,0,0,4.75,0,0,0,0,4.75,0,0,0,0,0,0,0,0,0,0,0,0,0,0,0,0,0,0,0,0,0,0,0,0,0,0,0,0,0,0,0,0,0,0,0,0,INITIAL,6/9/2026,6/9/2026,7000-1.1 (Rev. 04-2023)
9/1/2026,2025,20260050,22620,30544,OCCIDENTAL CHEMICAL CORP,14555 DALLAS PARKWAY,Dallas,TX,75254,US,HVL,,TEXAS,,0.10,0.10,,,,,,,,,0.000,,41.946,0,0,0,0,0,41.946,0,0,0,0,0,0,0,41.946,0,0,0,0,0,41.946,0,0,0,0,0,0,0,0,0,0,0,0,0,0,0,0,0,0,0,0,0,0,0,0,0,0,0,0,0,0,0,0,0,0,0,0,INITIAL,3/11/2026,3/11/2026,7000-1.1 (Rev. 04-2023)
9/1/2026,2025,20260463,23069,30626,TARGA NGL PIPE LINE CO,811 LOUISIANA ST.,HOUSTON,TX,77002,US,HVL,"LOUISIANA, TEXAS",TEXAS,,145.9,145.9,,,,,,,,,5324623961.000,,0,195.48,0,0,0,0,195.48,0,0,0,0,0,0,0,0,195.48,0,0,0,0,195.48,0,0,0,0,21.73,21.73,0,41.01,41.01,0,34.5,34.5,0,0,0,37.6,0,37.6,2.7,0,2.7,10.97,0,10.97,2.48,0,2.48,29.81,0,29.81,13.46,0,13.46,194.26,97.02,97.24,INITIAL,6/12/2026,6/12/2026,7000-1.1 (Rev. 04-2023)
9/1/2026,2025,20260461,23067,30626,TARGA NGL PIPE LINE CO,811 LOUISIANA ST.,HOUSTON,TX,77002,US,Refined and/or Petroleum Product (non-HVL),,TEXAS,0,56.8,56.8,,,,,,,,,,1696508627.000,0,148.71,0,0,0,0,148.71,0,0,0,0,0,0,0,0,148.71,0,0,0,0,148.71,0,0,0,0,0,0,0,0,0,0,48.58,48.58,0,29.84,29.84,2.29,0,2.29,0.99,0,0.99,33.42,0,33.42,0.67,0,0.67,30.29,0,30.29,2.64,0,2.64,148.72,70.3,78.42,INITIAL,6/12/2026,6/12/2026,7000-1.1 (Rev. 04-2023)
9/1/2026,2025,20260571,23177,30657,BRAVO PIPELINE COMPANY,5 GREENWAY PLAZA,HOUSTON,TX,77046,,CO2,"COLORADO, NEW MEXICO, TEXAS",TEXAS,,54.59,54.59,16453028247,,,,,,,,,,0,1042.29,0,0,0,0,1042.29,0,0,0,0,0,0,0,0,1042.29,0,0,0,0,1042.29,0,0,0,0,0,0,0,0,0,0,0,0,0,0,0,0,0,0,652.83,0,652.83,307.42,0,307.42,52.47,0,52.47,29.57,0,29.57,0,0,0,1042.29,1042.29,0,INITIAL,6/15/2026,6/15/2026,7000-1.1 (Rev. 04-2023)
9/1/2026,2025,20260620,23228,30658,KERN ENERGY,7724 E. PANAMA LANE,BAKERSFIELD,CA,93307,US,Crude Oil,,CALIFORNIA,0,16.17,16.17,,,,,,,5794172.000,,,,0,18.6,0,0,0,0,18.6,0,0,0,0,0,0,0,0,18.6,0,0,0,0,18.6,0,0,0,0,0,0,7.91,0,7.91,0,0,0,0,0,0,0,0,0,3.53,0,3.53,0.66,0,0.66,6.5,0,6.5,0,0,0,0,0,0,18.6,18.6,0,INITIAL,6/15/2026,6/15/2026,7000-1.1 (Rev. 04-2023)
9/1/2026,2025,20260658,23266,30666,"ENMARK ENERGY, INC",104 FIRST CHOICE DRIVE SUITE A,MADISON,MS,39110,US,CO2,,MISSISSIPPI,,2.24,2.24,,,,,,57028510.000,,,,,0,9.63,0,0,0,0,9.63,0,0,0,0,0,0,0,0,9.63,0,0,0,0,9.63,0,0,0,0,0,0,0,0,0,0,0,0,0,0,0,3.39,0,3.39,4.92,0,4.92,1.32,0,1.32,0,0,0,0,0,0,0,0,0,9.63,9.63,0,INITIAL,6/15/2026,6/15/2026,7000-1.1 (Rev. 04-2023)
9/1/2026,2025,20260148,22741,30683,WESTLAKE PETROCHEMICALS LLC,P.O. BOX 2449,SULPHUR,LA,70664,,HVL,,LOUISIANA,,17.479,17.479,,,,,,,,,310000000.000,,0,17.479,0,0,0,0,17.479,0,0,0,0,0,0,0,0,17.479,0,0,0,0,17.479,0,0,0,0,0,0,0,0,0,0,0,0,0,0,0,0,0,0,0,0,0,2.026,0,2.026,3.529,0,3.529,0,0,0,0,0,0,5.555,5.555,0,INITIAL,5/21/2026,5/21/2026,7000-1.1 (Rev. 04-2023)
9/1/2026,2025,20260147,22740,30683,WESTLAKE PETROCHEMICALS LLC,P.O. BOX 2449,SULPHUR,LA,70664,,Refined and/or Petroleum Product (non-HVL),,LOUISIANA,,5.79,5.79,,,,,,,,,,9400000.000,0,6.836,0,0,0,0,6.836,0,0,0,0,0,0,0,0,6.836,0,0,0,0,6.836,0,0,0,0,0,0,0,0,0,0,0,0,0,0,0,0,0,0,0,0,0,0,0,0,0,0,0,0,0,0,0,0,0,0,0,0,INITIAL,5/21/2026,5/21/2026,7000-1.1 (Rev. 04-2023)
9/1/2026,2025,20260635,23243,30711,HILCORP ENERGY COMPANY,1111 Travis Street,HOUSTON,TX,77002,US,CO2,,TEXAS,,2.17,2.17,,,,,,123172328.000,,,,,0,55.097,0,0,0,0,55.097,0,0,0,0,0,0,0,0,55.097,0,0,0,0,55.097,0,0,0,0,0,0,0,0,0,0,0,0,0,0,0,0,0,0,0,0,0,30.154,0,30.154,0,0,0,0,0,0,0,0,0,30.154,30.154,0,INITIAL,6/15/2026,6/15/2026,7000-1.1 (Rev. 04-2023)
9/1/2026,2025,20260572,23178,30711,HILCORP ENERGY COMPANY,1111 Travis Street,HOUSTON,TX,77002,US,Crude Oil,,"LOUISIANA, TEXAS",,0.454,0.454,,,,,,,7064.000,,,,0,0.454,0,0,0,0,0.454,0,0,0,0,0,0,0,0,0.454,0,0,0,0,0.454,0,0,0,0,0,0,0,0,0,0,0,0,0,0,0,0,0,0,0,0,0,0,0,0,0,0,0,0,0,0,0,0,0,0,0,0,INITIAL,6/15/2026,6/15/2026,7000-1.1 (Rev. 04-2023)
9/1/2026,2025,20260573,23179,30711,HILCORP ENERGY COMPANY,1111 Travis Street,HOUSTON,TX,77002,US,HVL,,TEXAS,,0,0,,,,,,,,,2729.000,,0,3.551,0,0,0,0,3.551,0,0,0,0,0,0,0,0,3.551,0,0,0,0,3.551,0,0,0,0,0,0,0,0,0,0,0,0,0,0,0,0,0,0,0,0,0,0,0,0,0.372,0,0.372,0,0,0,0,0,0,0.372,0.372,0,INITIAL,6/15/2026,6/15/2026,7000-1.1 (Rev. 04-2023)
9/1/2026,2025,20260196,22794,30755,CITGO PRODUCTS PIPELINE CO,1293 ELDRIDGE PARKWAY,Houston,TX,77077,,HVL,"LOUISIANA, TEXAS",,,88.733,88.733,,,,,,,,,596600269.000,,0,109.975,0,0,0,0,109.975,0,0,0,0,0,0,0,0,109.975,0,0,0,0,109.975,0,0,0,0,0,0,0,0,0,0,0,0,0,0,0,32.002,0,32.002,0,0,0,76.817,0,76.817,0,0,0,1.071,0,1.071,0.002,0,0.002,109.892,109.892,0,INITIAL,6/2/2026,6/2/2026,7000-1.1 (Rev. 04-2023)
9/1/2026,2025,20260195,22793,30755,CITGO PRODUCTS PIPELINE CO,1293 ELDRIDGE PARKWAY,Houston,TX,77077,,Refined and/or Petroleum Product (non-HVL),,TEXAS,,79.198,79.198,,,,,,,,,,1675616133.000,0,236.59,0,0,0,0,236.59,0,0,0,0,0,0,0,0,236.59,0,0,0,0,236.59,0.012,35.465,35.477,0,0,0,0,0,0,0,0,0,0,0.313,0.313,0.055,0,0.055,0,0,0,3.197,0,3.197,0.481,0,0.481,0.371,0,0.371,0.446,0,0.446,40.34,4.562,35.778,INITIAL,6/2/2026,6/2/2026,7000-1.1 (Rev. 04-2023)
9/1/2026,2025,20260330,22932,30756,WYOMING REFINING CO,825 TOWN & COUNTRY LANE,HOUSTON,TX,77024,US,Refined and/or Petroleum Product (non-HVL),,WYOMING,,40.36,40.36,,,,,,,,,,93295489.000,0,40.36,0,0,0,0,40.36,0,0,0,0,0,0,0,0,40.36,0,0,0,0,40.36,0,0,0,0,0,0,0,0,0,0,0,0,0,0,0,0,0,0,40.26,0,40.26,0,0,0,0.1,0,0.1,0,0,0,0,0,0,40.36,40.36,0,INITIAL,6/8/2026,6/8/2026,7000-1.1 (Rev. 04-2023)
9/1/2026,2025,20260707,23322,30777,MOTIVA ENTERPRISE LLC,ONE ALLEN CENTER,HOUSTON,TX,77002,US,Crude Oil,,TEXAS,,8.17,8.17,,,,,,,871793510.000,,,,0,8.17,0,0,0,0,8.17,0,0,0,0,0,0,0,0,8.17,0,0,0,0,8.17,0,0,0,0,0,0,0,0,0,5.55,0,5.55,0,0,0,2.62,0,2.62,0,0,0,0,0,0,0,0,0,0,0,0,0,0,0,8.17,8.17,0,INITIAL,6/16/2026,6/16/2026,7000-1.1 (Rev. 04-2023)
9/1/2026,2025,20260709,23325,30777,MOTIVA ENTERPRISE LLC,ONE ALLEN CENTER,HOUSTON,TX,77002,US,HVL,,TEXAS,,237.4,237.4,,,,,,,,,,11397700157.000,0,317.33,0,0,0,0,317.33,0,0,0,0,0,0,0,0,317.33,0,0,0,0,317.33,0,0,0,0,0,0,0,0.62,0.62,0,40.64,40.64,3.5,0,3.5,97.05,0,97.05,124.43,0,124.43,44.78,0,44.78,1.75,0,1.75,4.56,0,4.56,0,0,0,317.33,276.07,41.26,INITIAL,6/16/2026,6/16/2026,7000-1.1 (Rev. 04-2023)
9/1/2026,2025,20260708,23324,30777,MOTIVA ENTERPRISE LLC,ONE ALLEN CENTER,HOUSTON,TX,77002,US,Refined and/or Petroleum Product (non-HVL),,TEXAS,,47.87,47.87,,,,,,,,,,13827843968.000,0,47.87,0,0,0,0,47.87,0,0,0,0,0,0,0,0,47.87,0,0,0,0,47.87,0,0,0,0,12.87,12.87,0,1.56,1.56,0,2.83,2.83,0,0,0,0,1.15,1.15,0,0,0,25.13,0,25.13,2.83,0,2.83,1.5,0,1.5,0,0,0,47.87,29.46,18.41,INITIAL,6/16/2026,6/16/2026,7000-1.1 (Rev. 04-2023)
9/1/2026,2025,20260323,22925,30781,OLYMPIC PIPE LINE COMPANY,30 S. WACKER DRIVE,CHICAGO,IL,60606,US,Refined and/or Petroleum Product (non-HVL),"OREGON, WASHINGTON",WASHINGTON,,309.9,309.9,,,,,,0.000,0.000,0,0.000,17433195822.000,0,414,0,0,0,0,414,0,0,0,0,0,0,0,0,414,0,0,0,0,414,0,0,0,0,0,0,0,0,0,0,0,0,239.6,32.9,272.5,84.4,0,84.4,0.6,0,0.6,4.2,0,4.2,5,0,5,0.6,0,0.6,0,0,0,367.3,334.4,32.9,INITIAL,6/8/2026,6/8/2026,7000-1.1 (Rev. 04-2023)
9/1/2026,2025,20260504,23110,30782,HARVEST MIDSTREAM COMPANY,1111 TRAVIS,HOUSTON,TX,77002,US,Crude Oil,"LOUISIANA, NORTH DAKOTA, TEXAS","LOUISIANA, NORTH DAKOTA, TEXAS, WYOMING",,545.563,545.563,0,0,0,0,0,0.000,17219644911.000,0,0.000,0.000,0,1056.043,0,0,0,6.63,1062.673,0,0,0,0,0,0,0,0,1056.043,0,0,0,6.63,1062.673,0,13.403,13.403,0,0,0,6.043,28.143,34.186,103.871,8.719,112.59,17.255,0.492,17.747,44.34,0,44.34,56.084,0,56.084,126.058,0,126.058,21.096,0,21.096,464.096,0,464.096,41.267,0,41.267,930.867,880.11,50.757,INITIAL,6/12/2026,6/12/2026,7000-1.1 (Rev. 04-2023)
9/1/2026,2025,20260506,23112,30782,HARVEST MIDSTREAM COMPANY,1111 TRAVIS,HOUSTON,TX,77002,US,HVL,,"UTAH, WYOMING",,11.681,11.681,0,0,0,0,0,0.000,0.000,0,92458426.000,0.000,0,35.936,0,0,0,0,35.936,0,0,0,0,0,0,0,0,35.936,0,0,0,0,35.936,0.008,0.023,0.031,0,0,0,0,0,0,0,0,0,0,0,0,0,0,0,0,0,0,0,0,0,0,0,0,32.895,0,32.895,0.026,0,0.026,32.952,32.929,0.023,INITIAL,6/12/2026,6/12/2026,7000-1.1 (Rev. 04-2023)
9/1/2026,2025,20260716,23350,30825,CITGO PETROLEUM CORPORATION (REFINERY),P.O. BOX 4689,Houston,TX,77210,US,HVL,,LOUISIANA,,6.24,6.24,,,,,,,,,0.000,,0,6.24,0,0,0,0,6.24,0,0,0,0,0,0,0,0,6.24,0,0,0,0,6.24,0,0,0,0,0,0,0,0,0,0,0,0,0,0,0,0,0,0,0,0,0,0,0,0,0,0,0,0,0,0,0,0,0,0,0,0,INITIAL,6/23/2026,6/23/2026,7000-1.1 (Rev. 04-2023)
9/1/2026,2025,20260246,22845,30826,WILLIAMS FIELD SERVICES,ONE WILLIAMS CENTER,TULSA,OK,74172,US,HVL,"COLORADO, KANSAS, OHIO, PENNSYLVANIA, WEST VIRGINIA, WYOMING","COLORADO, WEST VIRGINIA, WYOMING",,295.15,295.15,,,,,,,,,37592958170.000,,0,1205.462,0,0,0,0,1205.462,0,0,0,0,0,0,0,0,1205.462,0,0,0,0,1205.462,0.001,0,0.001,0,0,0,0,0,0,0,0,0,0,0,0,0,0,0,24.39,0,24.39,0,0,0,1047.086,0,1047.086,83.599,0,83.599,0.002,0,0.002,1155.078,1155.078,0,INITIAL,6/4/2026,6/4/2026,7000-1.1 (Rev. 04-2023)
9/1/2026,2025,20260162,22755,30829,ENTERPRISE CRUDE PIPELINE LLC,1100 Louisiana Street,Houston,TX,77002,,Crude Oil,"NEW MEXICO, OKLAHOMA, TEXAS","NEW MEXICO, TEXAS",,1008.65,1008.65,,,,,,,310876046212.000,,,,111.952,3000.452,0,0,0,12.201,3124.605,0,0,0,0,0,0,0,111.952,3000.452,0,0,0,12.201,3124.605,2.904,0,2.904,0,0,0,0,0,0,0,45.794,45.794,0.025,23.022,23.047,16.681,0,16.681,88.751,0.003,88.754,19.569,0,19.569,91.465,0,91.465,1091.686,0,1091.686,55.106,0,55.106,1435.006,1366.187,68.819,INITIAL,5/27/2026,5/27/2026,7000-1.1 (Rev. 04-2023)
9/1/2026,2025,20260240,22839,30829,ENTERPRISE CRUDE PIPELINE LLC,1100 Louisiana Street,Houston,TX,77002,,Refined and/or Petroleum Product (non-HVL),TEXAS,TEXAS,,2.30,2.30,,,,,,,,,,4976799.000,0,23.352,0,0,0,0,23.352,0,0,0,0,0,0,0,0,23.352,0,0,0,0,23.352,0,0,0,0,0,0,0,0,0,0,0,0,0,0,0,0,0,0,0,0,0,1.908,0,1.908,21.444,0,21.444,0,0,0,0,0,0,23.352,23.352,0,INITIAL,6/3/2026,6/3/2026,7000-1.1 (Rev. 04-2023)
9/1/2026,2025,20260348,22950,30834,TIDELANDS OIL PRODUCTION COMPANY,ONE WORLD TRADE CENTER,LONG BEACH,CA,90831,US,Crude Oil,,CALIFORNIA,,2.06,2.06,,,,,,,1980063.000,,,,0,2.06,0,0,0,0,2.06,0,0,0,0,0,0,0,0,2.06,0,0,0,0,2.06,0,0,0,0,0,0,0,0,0,0,0,0,0,0,0,0,0,0,0,0,0,0,0,0,0,0,0,0,0,0,0,0,0,0,0,0,INITIAL,6/9/2026,6/9/2026,7000-1.1 (Rev. 04-2023)
9/1/2026,2025,20260713,23344,30901,MENZIES AVIATION,6000 DEHAVILLAND DRIVE,ANCHORAGE,AK,99502,,Refined and/or Petroleum Product (non-HVL),,ALASKA,,7.60,7.60,,,,,,,,,,124952983.000,0,7.6,0,0,0,0,7.6,0,0,0,0,0,0,0,0,7.6,0,0,0,0,7.6,0,0,0,0,0,0,0,0,0,0,0,0,0,0,0,0,0,0,0,0,0,7.6,0,7.6,0,0,0,0,0,0,0,0,0,7.6,7.6,0,SUPPLEMENTAL,6/18/2026,6/18/2026,7000-1.1 (Rev. 04-2023)
9/1/2026,2025,20260325,22927,30909,TRANSMONTAIGNE OPERATING COMPANY L.P.,1670 BROADWAY,DENVER,CO,80202,US,Crude Oil,,CALIFORNIA,,1.90,1.90,,,,,,0.000,0.000,0,0.000,0.000,0,1.9,0,0,0,0,1.9,0,0,0,0,0,0,0,0,1.9,0,0,0,0,1.9,0,0,0,0,0,0,0,0,0,0,0,0,0,0,0,0,0,0,0,0,0,1.9,0,1.9,0,0,0,0,0,0,0,0,0,1.9,1.9,0,INITIAL,6/8/2026,6/8/2026,7000-1.1 (Rev. 04-2023)
9/1/2026,2025,20260579,23185,30909,TRANSMONTAIGNE OPERATING COMPANY L.P.,1670 BROADWAY,DENVER,CO,80202,US,Refined and/or Petroleum Product (non-HVL),,"CALIFORNIA, GEORGIA, MISSISSIPPI, TEXAS, WASHINGTON",,55.85,55.85,,,,,,,,,,117729711.000,0,82.99,0,0,0,0,82.99,0,0,0,0,0,0,0,0,82.99,0,0,0,0,82.99,0,0,0,0,0,0,0,0,0,0,0.5,0.5,0,0.9,0.9,5.03,0,5.03,1.69,0,1.69,18.5,0,18.5,17.7,0,17.7,4.3,0,4.3,0.02,0,0.02,48.64,47.24,1.4,INITIAL,6/15/2026,6/15/2026,7000-1.1 (Rev. 04-2023)
9/1/2026,2025,20260263,22862,30959,"DOW INFRACO, LLC",6723 E. HWY 332 BLDG BM-59,FREEPORT,TX,77541,,HVL,,TEXAS,,76.89,76.89,,,,,,,,,446862707.000,,0,88.87,0,0,0,0,88.87,0,0,0,0,0,0,0,0,88.87,0,0,0,0,88.87,0,0,0,0,0,0,0,0,0,0,0,0,0,23.56,23.56,15.33,0,15.33,4.52,0,4.52,25.52,0,25.52,6.39,0,6.39,5.72,0,5.72,0.02,0,0.02,81.06,57.5,23.56,INITIAL,6/4/2026,6/4/2026,7000-1.1 (Rev. 04-2023)
9/1/2026,2025,20260257,22856,30959,"DOW INFRACO, LLC",6723 E. HWY 332 BLDG BM-59,FREEPORT,TX,77541,,Refined and/or Petroleum Product (non-HVL),,TEXAS,,71.56,71.56,,,,,,,,,,24399729.000,0,71.61,0,0,0,0,71.61,0,0,0,0,0,0,0,0,71.61,0,0,0,0,71.61,0,0,0,0,0,0,0,0,0,0,0,0,0,5.97,5.97,0.95,0,0.95,7.11,0,7.11,20.92,0,20.92,12.99,0,12.99,0.65,0,0.65,9.78,0,9.78,58.37,52.4,5.97,INITIAL,6/4/2026,6/4/2026,7000-1.1 (Rev. 04-2023)
9/1/2026,2025,20260268,22867,31023,CITGO REFINING & CHEMICAL CO. L.P.,1293 ELDRIDGE PARKWAY,HOUSTON,TX,77077,,Crude Oil,,TEXAS,,4.155,4.155,,,,,,0.000,192697507.000,0,0.000,0.000,0,4.155,0,0,0,0,4.155,0,0,0,0,0,0,0,0,4.155,0,0,0,0,4.155,0,0,0,0,0,0,0,0,0,0,0,0,0,0,0,0,0,0,0,0,0,0,0,0,0,0,0,0,0,0,0,0,0,0,0,0,INITIAL,6/4/2026,6/4/2026,7000-1.1 (Rev. 04-2023)
9/1/2026,2025,20260265,22864,31023,CITGO REFINING & CHEMICAL CO. L.P.,1293 ELDRIDGE PARKWAY,HOUSTON,TX,77077,,HVL,,TEXAS,,6.39,6.39,,,,,,0.000,0.000,0,5163694.000,0.000,0,6.39,0,0,0,0,6.39,0,0,0,0,0,0,0,0,6.39,0,0,0,0,6.39,0,0,0,0,0,0,0,0,0,0,0,0,0,0,0,0,0,0,4.93,0,4.93,0,0,0,0,0,0,0,0,0,0,0,0,4.93,4.93,0,INITIAL,6/4/2026,6/4/2026,7000-1.1 (Rev. 04-2023)
9/1/2026,2025,20260266,22865,31023,CITGO REFINING & CHEMICAL CO. L.P.,1293 ELDRIDGE PARKWAY,HOUSTON,TX,77077,,Refined and/or Petroleum Product (non-HVL),,TEXAS,,52.34,52.34,,,,,,0.000,0.000,0,0.000,299148105.000,0,52.34,0,0,0,0,52.34,0,0,0,0,0,0,0,0,52.34,0,0,0,0,52.34,0.91,0,0.91,0,0,0,0,0,0,0,0,0,0,0,0,0,0,0,38.89,0,38.89,0,0,0,0,0,0,0,0,0,0,0,0,39.8,39.8,0,INITIAL,6/4/2026,6/4/2026,7000-1.1 (Rev. 04-2023)
9/1/2026,2025,20260477,23083,31045,"GENESIS PIPELINE USA, L.P.",811 LOUISIANA ST.,HOUSTON,TX,77002,US,Crude Oil,"ALABAMA, FLORIDA, LOUISIANA, MISSISSIPPI",,,90.88,90.88,0,0,0,0,0,0.000,59296268794.000,0,0.000,0.000,0,351.7,0,0,0,0,351.7,0,0,0,0,0,0,0,0,351.7,0,0,0,0,351.7,0,0,0,0,2.85,2.85,0,0,0,0,0,0,0,17.71,17.71,53.57,0,53.57,5.61,0,5.61,13.16,0,13.16,11.27,0,11.27,31.31,0,31.31,0,0,0,135.48,114.92,20.56,INITIAL,6/12/2026,6/12/2026,7000-1.1 (Rev. 04-2023)
9/1/2026,2025,20260159,22752,31049,MCCHORD PIPELINE CO.,3001 MARSHALL AVE,TACOMA,WA,98421,US,Refined and/or Petroleum Product (non-HVL),,WASHINGTON,,14.25,14.25,,,,,,,,,,7717119.000,0,14.25,0,0,0,0,14.25,0,0,0,0,0,0,0,0,14.25,0,0,0,0,14.25,0,0,0,0,0,0,0,0,0,0,0,0,0,13.25,13.25,0,0,0,0,0,0,0,0,0,0,0,0,0,0,0,0,0,0,13.25,0,13.25,INITIAL,5/26/2026,5/26/2026,7000-1.1 (Rev. 04-2023)
9/1/2026,2025,20260122,22715,31051,"TIDEWATER, INC",PO BOX 1210,VANCOUVER,WA,98666,,Refined and/or Petroleum Product (non-HVL),,"OREGON, WASHINGTON",,17.39,17.39,,,,,,0.000,0.000,0,0.000,14648776.000,0,17.39,0,0,0,0,17.39,0,0,0,0,0,0,0,0,17.39,0,0,0,0,17.39,0,0,0,0,0,0,0,0,0,0,0,0,0,0,0,10.56,0,10.56,1.67,0,1.67,4.04,0,4.04,1.02,0,1.02,0.1,0,0.1,0,0,0,17.39,17.39,0,INITIAL,5/14/2026,5/14/2026,7000-1.1 (Rev. 04-2023)
9/1/2026,2025,20260100,22683,31056,"SIGNATURE FLIGHT SUPPORT, M&O _ HONOLULU",13485 VETERANS WAY,ORLANDO,FL,32827,US,Refined and/or Petroleum Product (non-HVL),,HAWAII,,6,6,,,,,,,,,,23467859.000,0,6,0,0,0,0,6,0,0,0,0,0,0,0,0,6,0,0,0,0,6,0,0,0,0,0,0,0,0,0,0,0,0,0,3,3,0,0,0,0,0,0,0,0,0,0,0,0,0,0,0,0,0,0,3,0,3,INITIAL,5/4/2026,5/4/2026,7000-1.1 (Rev. 04-2023)
9/1/2026,2025,20260150,22743,31057,"HECO - HAWAIIAN ELECTRIC COMPANY, INC.",P.O. Box 2750,HONOLULU,HI,96840-0001,US,Refined and/or Petroleum Product (non-HVL),,HAWAII,,18.01,18.01,,,,,,0.000,0.000,0,0.000,45217955.000,0,18.01,0,0,0,0,18.01,0,0,0,0,0,0,0,0,18.01,0,0,0,0,18.01,0,0,0,0,0,0,0,0,0,0,0,0,0,0,0,0,0,0,0,0,0,0,0,0,13.02,0,13.02,0.06,0,0.06,0.23,0,0.23,13.31,13.31,0,INITIAL,5/22/2026,5/22/2026,7000-1.1 (Rev. 04-2023)
9/1/2026,2025,20260177,22771,31059,BASF CORPORATION,100 PARK AVE,FLORHAM PARK,NJ,07932,US,HVL,,TEXAS,,8.481,8.481,,,,,,,,,69951201.000,,0,8.481,0,0,0,0,8.481,0,0,0,0,0,0,0,0,8.481,0,0,0,0,8.481,0,0,0,0,0,0,0,0,0,0,0,0,0,0,0,0,0,0,6.999,0,6.999,0,0,0,0,0,0,1.257,0,1.257,0,0,0,8.256,8.256,0,INITIAL,5/29/2026,5/29/2026,7000-1.1 (Rev. 04-2023)
9/1/2026,2025,20260349,22951,31067,AERA ENERGY LLC,9600 Ming Ave,BAKERSFIELD,CA,93311,US,HVL,,CALIFORNIA,,,0,,,,,,,,,,,0,0,0,0,0,0,0,0,0,0,0,0,0,0,0,0,0,0,0,0,0,0,0,0,0,0,0,0,0,0,0,0,0,0,0,0,0,0,0,0,0,0,0,0,0,0,0,0,0,0,0,0,0,0,0,0,0,INITIAL,6/9/2026,6/9/2026,7000-1.1 (Rev. 04-2023)
9/1/2026,2025,20260282,22884,31075,E&B NATURAL RESOURCES MANAGEMENT CORP,1608 NORRIS RD,BAKERSFIELD,CA,93308,US,Crude Oil,,CALIFORNIA,,6.68,6.68,,,,,,,3462036.000,,,,0,6.68,0,0,0,0,6.68,0,0,0,0,0,0,0,0,6.68,0,0,0,0,6.68,0,0,0,0,0,0,0,0,0,0,0,0,0,0,0,0,0,0,0,0,0,0,0,0,0,0,0,0,0,0,0,0,0,0,0,0,INITIAL,6/5/2026,6/5/2026,7000-1.1 (Rev. 04-2023)
9/1/2026,2025,20260442,23048,31130,"DCP MIDSTREAM, LP",2331 CITYWEST BLVD. HQ-08-S812-02,HOUSTON,TX,77042,US,HVL,"COLORADO, KANSAS, LOUISIANA, NEW MEXICO, OKLAHOMA, TEXAS","COLORADO, MICHIGAN, TEXAS, WYOMING",,618.601,618.601,0,0,0,0,0,0.000,0.000,0,165276711011.000,0.000,0,3267.221,0,0,0,0,3267.221,0,0,0,0,0,0,0,0,3267.221,0,0,0,0,3267.221,0,13.188,13.188,0,0,0,0,0,0,0,322.214,322.214,0,291.031,291.031,383.187,0,383.187,17.823,0,17.823,143.166,0,143.166,144.73,0,144.73,1758.955,0,1758.955,48.272,0,48.272,3122.566,2496.133,626.433,INITIAL,6/11/2026,6/11/2026,7000-1.1 (Rev. 04-2023)
9/1/2026,2025,20260443,23049,31130,"DCP MIDSTREAM, LP",2331 CITYWEST BLVD. HQ-08-S812-02,HOUSTON,TX,77042,US,Refined and/or Petroleum Product (non-HVL),,NEW MEXICO,,0.44,0.44,,,,,,0.000,0.000,0,0.000,15726.000,0,2.015,0,0,0,0,2.015,0,0,0,0,0,0,0,0,2.015,0,0,0,0,2.015,0,0,0,0,0,0,0,0,0,0,0,0,0,0,0,0,0,0,0,0,0,0,0,0,0,0,0,0,0,0,0.99,0,0.99,0.99,0.99,0,INITIAL,6/11/2026,6/11/2026,7000-1.1 (Rev. 04-2023)
9/1/2026,2025,20260155,22748,31135,PETRO-DIAMOND TERMINAL COMPANY,1920 LUGGER WAY,LONG BEACH,CA,90813,,Refined and/or Petroleum Product (non-HVL),,CALIFORNIA,,1.44,1.44,,,,,,,,,,5631122.000,0,1.44,0,0,0,0,1.44,0,0,0,0,0,0,0,0,1.44,0,0,0,0,1.44,0,0,0,0,0,0,0,0,0,0,0,0,0,0,0,0,0,0,0,0,0,0,0,0,0,0,0,0,0,0,0,0,0,0,0,0,INITIAL,5/26/2026,5/26/2026,7000-1.1 (Rev. 04-2023)
9/1/2026,2025,20260267,22866,31136,WICKLAND PIPELINES LLC,PO BOX 13648,SACRAMENTO,CA,95853-4648,,Refined and/or Petroleum Product (non-HVL),,CALIFORNIA,,17.58,17.58,,,,,,,,,,38449994.000,0,17.58,0,0,0,0,17.58,0,0,0,0,0,0,0,0,17.58,0,0,0,0,17.58,0,0,0,0,0,0,0,0,0,0,0,0,0,0,0,0,0,0,0,0,0,0,0,0,9.73,0,9.73,7.85,0,7.85,0,0,0,17.58,17.58,0,INITIAL,6/4/2026,6/4/2026,7000-1.1 (Rev. 04-2023)
9/1/2026,2025,20260685,23296,31166,MUSTANG  PIPE  LINE  LLC,22777 SPRINGWOODS VILLAGE PARKWAY,SPRING,TX,77389,US,Crude Oil,ILLINOIS,,,92.05,92.05,,,,,,,7957166241.000,,,,0,209.7,0,0,0,0,209.7,0,0,0,0,0,0,0,0,209.7,0,0,0,0,209.7,0,0,0,0,0,0,0,0,0,0,0,0,0,0,0,0,0,0,0,0,0,0.73,0,0.73,0.03,0,0.03,0.07,0,0.07,0,0,0,0.83,0.83,0,INITIAL,6/15/2026,6/15/2026,7000-1.1 (Rev. 04-2023)
9/1/2026,2025,20260533,23139,31167,MOEM PIPELINE LLC,ONE SYLVAN WAY,PARSIPPANY,NJ,07054,US,Crude Oil,LOUISIANA,,,53.34,53.34,,,,,,,1032434173.000,,,,0,55.9,0,0,0,0,55.9,0,0,0,0,0,0,0,0,55.9,0,0,0,0,55.9,0,0,0,0,0,0,0,0,0,0,0,0,0,0,0,54.2,0.56,54.76,0,0,0,0.05,0,0.05,0.2,0,0.2,0.79,0,0.79,0.1,0,0.1,55.9,55.34,0.56,INITIAL,6/12/2026,6/12/2026,7000-1.1 (Rev. 04-2023)
9/1/2026,2025,20260454,23060,31174,"SHELL PIPELINE CO., L.P.",150 NORTH DAIRY ASHFORD ROAD,HOUSTON,TX,77079,US,Crude Oil,"ILLINOIS, LOUISIANA, OCS-Gulf of America, TEXAS",,160.24,622.62,782.86,,54088457734,,,,,54088457734.000,,,,0,770.3,0,0,0,0,770.3,0,1263.54,0,0,0,0,1263.54,0,2033.84,0,0,0,0,2033.84,0,0,0,0,0,0,0,50.94,50.94,0,4.64,4.64,61.68,20.67,82.35,1.21,31.42,32.63,76.96,0,76.96,249.28,0,249.28,20.32,0,20.32,5.89,0,5.89,5.02,0,5.02,528.03,420.36,107.67,INITIAL,6/11/2026,6/11/2026,7000-1.1 (Rev. 04-2023)
9/1/2026,2025,20260459,23065,31174,"SHELL PIPELINE CO., L.P.",150 NORTH DAIRY ASHFORD ROAD,HOUSTON,TX,77079,US,HVL,"LOUISIANA, OHIO, PENNSYLVANIA, TEXAS, WEST VIRGINIA","LOUISIANA, TEXAS",,451.51,451.51,,,,,,,,,7107022283.000,,0,740.82,0,0,0,0,740.82,0,0,0,0,0,0,0,0,740.82,0,0,0,0,740.82,0,0,0,0,0,0,0,0,0,0,1.27,1.27,27.83,4.9,32.73,365.67,0.13,365.8,21.45,0,21.45,61.41,0,61.41,12.38,0,12.38,0.55,0,0.55,98.74,0,98.74,594.33,588.03,6.3,INITIAL,6/11/2026,6/11/2026,7000-1.1 (Rev. 04-2023)
9/1/2026,2025,20260457,23063,31174,"SHELL PIPELINE CO., L.P.",150 NORTH DAIRY ASHFORD ROAD,HOUSTON,TX,77079,US,Refined and/or Petroleum Product (non-HVL),"ILLINOIS, LOUISIANA","CALIFORNIA, ILLINOIS, LOUISIANA",,153.98,153.98,,,,,,,,,,6976951605.000,0,235.54,0,0,0,0,235.54,0,0,0,0,0,0,0,0,235.54,0,0,0,0,235.54,0,0,0,0,0,0,0,0,0,0,11.68,11.68,0,52.66,52.66,9.93,0,9.93,18.69,0,18.69,1.23,0,1.23,78.4,0,78.4,0.75,0,0.75,1.76,0,1.76,175.1,110.76,64.34,INITIAL,6/11/2026,6/11/2026,7000-1.1 (Rev. 04-2023)
9/1/2026,2025,20260619,23227,31178,XTO ENERGY INC,22777 SPRINGWOODS VILLAGE PARKWAY,SPRING,TX,77389,US,Crude Oil,,"NEW MEXICO, TEXAS",,6.36,6.36,,,,,,,0.000,,,,0,168.44,0,0,0,0,168.44,0,0,0,0,0,0,0,0,168.44,0,0,0,0,168.44,0,0,0,0,0,0,0,0,0,0,0,0,0,0,0,0,0,0,0,0,0,0,0,0,0,0,0,29.24,0,29.24,139.2,0,139.2,168.44,168.44,0,INITIAL,6/15/2026,6/15/2026,7000-1.1 (Rev. 04-2023)
9/1/2026,2025,20260621,23229,31178,XTO ENERGY INC,22777 SPRINGWOODS VILLAGE PARKWAY,SPRING,TX,77389,US,HVL,,NEW MEXICO,,1.97,1.97,,,,,,,,,,,0,92.35,0,0,0,0,92.35,0,0,0,0,0,0,0,0,92.35,0,0,0,0,92.35,0,0,0,0,0,0,0,0,0,0,0,0,0,0,0,0,0,0,0,0,0,0,0,0,0,0,0,0,0,0,92.35,0,92.35,92.35,92.35,0,INITIAL,6/15/2026,6/15/2026,7000-1.1 (Rev. 04-2023)
9/1/2026,2025,20260315,22917,31189,BP PIPELINE (NORTH AMERICA) INC.,30 S. WACKER DRIVE,CHICAGO,IL,60606,US,Crude Oil,"ILLINOIS, INDIANA, IOWA, KANSAS, MISSOURI, OKLAHOMA",WASHINGTON,,260.8,260.8,,,,,,0.000,21792956260.000,0,0.000,0.000,0,1020.5,0,0,0,0,1020.5,0,0,0,0,0,0,0,0,1020.5,0,0,0,0,1020.5,0,0,0,0,0,0,0,0,0,0,48.5,48.5,27.3,0.1,27.4,0.6,0.8,1.4,1.2,0,1.2,9.3,0,9.3,4.4,0,4.4,1.8,0,1.8,0,0,0,94,44.6,49.4,INITIAL,6/8/2026,6/8/2026,7000-1.1 (Rev. 04-2023)
9/1/2026,2025,20260317,22919,31189,BP PIPELINE (NORTH AMERICA) INC.,30 S. WACKER DRIVE,CHICAGO,IL,60606,US,HVL,INDIANA,WASHINGTON,,3.2,3.2,,,,,,0.000,0.000,0,15073533.000,0.000,0,6.6,0,0,0,0,6.6,0,0,0,0,0,0,0,0,6.6,0,0,0,0,6.6,0,0,0,0,0,0,0,0,0,0,0,0,0,0,0,0,0,0,4.8,0,4.8,0.1,0,0.1,0,0,0,0,0,0,0,0,0,4.9,4.9,0,INITIAL,6/8/2026,6/8/2026,7000-1.1 (Rev. 04-2023)
9/1/2026,2025,20260321,22923,31189,BP PIPELINE (NORTH AMERICA) INC.,30 S. WACKER DRIVE,CHICAGO,IL,60606,US,Refined and/or Petroleum Product (non-HVL),"ALABAMA, ILLINOIS, INDIANA, KANSAS, KENTUCKY, MISSOURI, TENNESSEE",,,146.30,146.30,,,,,,0.000,0.000,0,0.000,1866084532.000,0,620.2,0,0,0,0,620.2,0,0,0,0,0,0,0,0,620.2,0,0,0,0,620.2,0,0,0,0,10.4,10.4,0,0,0,0,8.4,8.4,0,0,0,518.6,0,518.6,2.8,0,2.8,5.7,0,5.7,0.8,0,0.8,0.3,0,0.3,0,0,0,547,528.2,18.8,INITIAL,6/8/2026,6/8/2026,7000-1.1 (Rev. 04-2023)
9/1/2026,2025,20260647,23255,31199,ALLIANCE PIPELINE L.P.,"4000, 585-8TH AVENUE SW",CALGARY,ALBERTA,T2P 1G1,CA,HVL,,NORTH DAKOTA,,0,0,,,,,,,,,0.000,,0,0.26,0,0,0,0,0.26,0,0,0,0,0,0,0,0,0.26,0,0,0,0,0.26,0,0,0,0,0,0,0,0,0,0,0,0,0,0,0,0,0,0,0,0,0,0,0,0,0,0,0,0.26,0,0.26,0,0,0,0.26,0.26,0,INITIAL,6/15/2026,6/15/2026,7000-1.1 (Rev. 04-2023)
9/1/2026,2025,20260202,22800,31224,DISCOVERY PRODUCER SERVICES LLC,ONE WILLIAMS CENTER,TULSA,OK,74172,US,HVL,,LOUISIANA,,23.08,23.08,,,,,,,,,277083345.000,,0,23.08,0,0,0,0,23.08,0,0,0,0,0,0,0,0,23.08,0,0,0,0,23.08,0,0,0,0,0,0,0,0,0,15.076,0,15.076,0,0,0,0,0,0,0,0,0,6.268,0,6.268,0.984,0,0.984,0.731,0,0.731,0,0,0,23.059,23.059,0,INITIAL,6/3/2026,6/3/2026,7000-1.1 (Rev. 04-2023)
9/1/2026,2025,20260342,22944,31228,"CALIFORNIA RESOURCES ELK HILLS, LLC",9600 MING AVE,BAKERSFIELD,CA,93311,US,HVL,,CALIFORNIA,0,22.13,22.13,,,,,,,,,33082541.000,,0,2.8,0,19.33,0,0,22.13,0,0,0,0,0,0,0,0,2.8,0,19.33,0,0,22.13,0,0,0,0,0,0,0,0,0,0,0,0,0,0,0,0,0,0,0,0,0,0,0,0,0,0,0,0,0,0,0,0,0,0,0,0,INITIAL,6/9/2026,6/9/2026,7000-1.1 (Rev. 04-2023)
9/1/2026,2025,20260343,22945,31228,"CALIFORNIA RESOURCES ELK HILLS, LLC",9600 MING AVE,BAKERSFIELD,CA,93311,US,Refined and/or Petroleum Product (non-HVL),,CALIFORNIA,,6.5,6.5,,,,,,,,,,7162791.000,0,1.4,0,9.69,0,0,11.09,0,0,0,0,0,0,0,0,1.4,0,9.69,0,0,11.09,0,0,0,0,0,0,0,0,0,0,0,0,0,0,0,0,0,0,0,0,0,0,0,0,0,0,0,0,0,0,0,0,0,0,0,0,INITIAL,6/9/2026,6/9/2026,7000-1.1 (Rev. 04-2023)
9/1/2026,2025,20260727,23367,31256,"JGE GAS SOLUTIONS, LP",5847 SAN FELIPE STREET,HOUSTON,TX,77057,US,HVL,,TEXAS,,16.58,16.58,,,,,,,,,57333359.000,,0,36.75,0,0,0,0,36.75,0,0,0,0,0,0,0,0,36.75,0,0,0,0,36.75,0,0,0,0,0,0,0,0,0,0,0,0,0,14.29,14.29,0,0,0,0,0,0,0,0,0,22.46,0,22.46,0,0,0,0,0,0,36.75,22.46,14.29,INITIAL,7/8/2026,7/8/2026,7000-1.1 (Rev. 04-2023)
9/1/2026,2025,20260163,22756,31285,HOUSTON AMMONIA TERMINAL,PO BOX 46,PASADENA,TX,77501,,HVL,,TEXAS,0.00,6.20,6.20,,,,0,,,,,0.000,,0,6.2,0,0,0,0,6.2,0,0,0,0,0,0,0,0,6.2,0,0,0,0,6.2,0,0,0,0,0,0,0,0,0,0,0,0,0,0,0,0,0,0,6.2,0,6.2,0,0,0,0,0,0,0,0,0,0,0,0,6.2,6.2,0,INITIAL,5/27/2026,5/27/2026,7000-1.1 (Rev. 04-2023)
9/1/2026,2025,20260433,23039,31288,"FLINT HILLS RESOURCES PINE BEND, LLC",4111 E. 37th Street North,Wichita,KS,67220,US,Refined and/or Petroleum Product (non-HVL),WISCONSIN,,,,0.00,,,,,,,,,,,0,0,0,0,0,0,0,0,0,0,0,0,0,0,0,0,0,0,0,0,0,0,0,0,0,0,0,0,0,0,0,0,0,0,0,0,0,0,0,0,0,0,0,0,0,0,0,0,0,0,0,0,0,0,0,0,0,INITIAL,6/11/2026,6/11/2026,7000-1.1 (Rev. 04-2023)
9/1/2026,2025,20260028,22594,31312,WEST PHOENIX POWER PLANT,4606 W. HADLEY,PHOENIX,AZ,85043,US,Refined and/or Petroleum Product (non-HVL),,ARIZONA,,2,2,,,,,,,,,,4152212.000,0,2,0,0,0,0,2,0,0,0,0,0,0,0,0,2,0,0,0,0,2,0,0,0,0,0,0,0,0,0,0,0,0,0,0,0,2,0,2,0,0,0,0,0,0,0,0,0,0,0,0,0,0,0,2,2,0,INITIAL,2/27/2026,2/27/2026,7000-1.1 (Rev. 04-2023)
9/1/2026,2025,20260415,23021,31371,"BUCKEYE DEVELOPMENT & LOGISTICS, LLC",4200 WESTHEIMER ROAD,HOUSTON,TX,77027,US,Crude Oil,ILLINOIS,TEXAS,,21.38,21.38,,,,,,,482843069.000,,,,0,27.63,0,0,0,0,27.63,0,0,0,0,0,0,0,0,27.63,0,0,0,0,27.63,0,0,0,0,0,0,0,0,0,0,3.483,3.483,0,0.009,0.009,0,0,0,0,0,0,2.116,0,2.116,0,0,0,0.005,0,0.005,21.097,0,21.097,26.71,23.218,3.492,INITIAL,6/11/2026,6/11/2026,7000-1.1 (Rev. 04-2023)
9/1/2026,2025,20260416,23022,31371,"BUCKEYE DEVELOPMENT & LOGISTICS, LLC",4200 WESTHEIMER ROAD,HOUSTON,TX,77027,US,HVL,"LOUISIANA, MICHIGAN","LOUISIANA, TEXAS",,332.012,332.012,,,,,,,,,1373987875.000,,0,487.611,0,0,0,0,487.611,0,0,0,0,0,0,0,0,487.611,0,0,0,0,487.611,0,0,0,0,0,0,0,21.219,21.219,0,23.971,23.971,0,3.365,3.365,38.59,0,38.59,23.213,0,23.213,250.284,0,250.284,0,0,0,116.665,0,116.665,0.961,0,0.961,478.268,429.713,48.555,INITIAL,6/11/2026,6/11/2026,7000-1.1 (Rev. 04-2023)
9/1/2026,2025,20260417,23023,31371,"BUCKEYE DEVELOPMENT & LOGISTICS, LLC",4200 WESTHEIMER ROAD,HOUSTON,TX,77027,US,Refined and/or Petroleum Product (non-HVL),"ILLINOIS, INDIANA, OHIO, TEXAS, WISCONSIN",TEXAS,,412.18,412.18,,,,,,,,,,9312937331.000,0,635.036,0,0,0,0,635.036,0,0,0,0,0,0,0,0,635.036,0,0,0,0,635.036,0,0,0,0,0,0,0,0,0,0,16.877,16.877,0.054,235.718,235.772,66.809,0.969,67.778,1.644,0,1.644,3.83,0,3.83,28.854,0,28.854,6.298,0,6.298,5.141,0,5.141,366.194,112.63,253.564,INITIAL,6/11/2026,6/11/2026,7000-1.1 (Rev. 04-2023)
9/1/2026,2025,20260640,23248,31372,TICONA POLYMERS INC,PO BOX 428,BISHOP,TX,78343,US,Refined and/or Petroleum Product (non-HVL),,TEXAS,0,29.46,29.46,,,,,0,,,,,85090678.000,0,48.34,0,0,0,0,48.34,0,0,0,0,0,0,0,0,48.34,0,0,0,0,48.34,0,0,0,0,0,0,0,0,0,0,0,0,0,0,0,0,0,0,0,0,0,0,0,0,0,0,0,0,0,0,0,0,0,0,0,0,INITIAL,6/15/2026,6/15/2026,7000-1.1 (Rev. 04-2023)
9/1/2026,2025,20260430,23036,31391,"LINDE GAS NORTH AMERICA, LLC",10 RIVERVIEW DRIVE,DANBURY,CT,06810,US,CO2,,WYOMING,,0.00,0.00,,,,,,3143599.000,,,,,0,7.45,0,0,0,0,7.45,0,0,0,0,0,0,0,0,7.45,0,0,0,0,7.45,0,0,0,0,0,0,0,0,0,0,0,0,0,0,0,0,0,0,0,0,0,0,0,0,0,0,0,0,0,0,0,0,0,0,0,0,INITIAL,6/11/2026,6/11/2026,7000-1.1 (Rev. 04-2023)
9/1/2026,2025,20260081,22661,31420,VOPAK TERMINAL LOS ANGELES INC.,401 S CANAL STREET,WILMINGTON,CA,90744,,Refined and/or Petroleum Product (non-HVL),,CALIFORNIA,,10.67,10.67,,,,,,0.000,0.000,0,0.000,22022090.000,0,10.67,0,0,0,0,10.67,0,0,0,0,0,0,0,0,10.67,0,0,0,0,10.67,0,0,0,0,0,0,0,0,0,0,0,0,0,0,0,0,0,0,9.67,0,9.67,0,0,0,0,0,0,1,0,1,0,0,0,10.67,10.67,0,INITIAL,4/13/2026,4/13/2026,7000-1.1 (Rev. 04-2023)
9/1/2026,2025,20260191,22789,31425,"PALO DURO PIPELINES (TEXAS GATHERING), L.P.",3500 Maple Ave,Dallas,TX,75219,US,HVL,,TEXAS,,0.04,0.04,,,,,,,,,2151694.000,,0,26.27,0,0,0,0,26.27,0,0,0,0,0,0,0,0,26.27,0,0,0,0,26.27,0,0,0,0,0,0,0,0,0,0,0,0,0,0,0,17.69,0,17.69,0,0,0,0,0,0,0.54,0,0.54,8.04,0,8.04,0,0,0,26.27,26.27,0,INITIAL,6/1/2026,6/1/2026,7000-1.1 (Rev. 04-2023)
9/1/2026,2025,20260611,23219,31448,ENBRIDGE PIPELINES (TOLEDO) INC,"915 N ELDRIDGE PARKWAY, SUITE 1100",HOUSTON,TX,77079,US,Crude Oil,"MICHIGAN, OHIO",,,76.146,76.146,,,,,,0.000,3059533718.000,0,0.000,0.000,28,120.822,0,0,0,0,148.822,0,0,0,0,0,0,0,28,120.822,0,0,0,0,148.822,0,0,0,0,0,0,0,0,0,0,42.73,42.73,0,0,0,0,0,0,0,0,0,36.827,0,36.827,0,0,0,33.391,0,33.391,0,0,0,112.948,70.218,42.73,INITIAL,6/15/2026,6/15/2026,7000-1.1 (Rev. 04-2023)
9/1/2026,2025,20260499,23105,31451,KINDER MORGAN TEXAS PIPELINE CO,"1001 LOUISIANA ST, STE 1000",HOUSTON,TX,77002,US,Refined and/or Petroleum Product (non-HVL),,TEXAS,,2.80,2.80,,,,,,,,,,0.000,0,3.271,0,0,0,0,3.271,0,0,0,0,0,0,0,0,3.271,0,0,0,0,3.271,0,0,0,0,0,0,0,0,0,0,0,0,0,3.266,3.266,0.005,0,0.005,0,0,0,0,0,0,0,0,0,0,0,0,0,0,0,3.271,0.005,3.266,INITIAL,6/12/2026,6/12/2026,7000-1.1 (Rev. 04-2023)
9/1/2026,2025,20260606,23363,31454,"NUSTAR LOGISTICS, L.P.",8111 WESTCHESTER DRIVE,DALLAS,TX,75225,US,Crude Oil,"OKLAHOMA, TEXAS",TEXAS,,264.75,264.75,,,,,,,,,,,0,885.47,0,0,0,0,885.47,0,0,0,0,0,0,0,0,885.47,0,0,0,0,885.47,0,0,0,0,0,0,0,0,0,0,30.51,30.51,3.98,0,3.98,15.83,0,15.83,36.22,0,36.22,393.46,0,393.46,5.31,0,5.31,296.8,0,296.8,3.08,0,3.08,785.19,754.68,30.51,SUPPLEMENTAL,6/15/2026,7/6/2026,7000-1.1 (Rev. 04-2023)
9/1/2026,2025,20260608,23216,31454,"NUSTAR LOGISTICS, L.P.",8111 WESTCHESTER DRIVE,DALLAS,TX,75225,US,HVL,,TEXAS,,30.10,30.10,,,,,,,,,,,0,187.78,0,0,0,0,187.78,0,0,0,0,0,0,0,0,187.78,0,0,0,0,187.78,0,0,0,0,0,0,0,0,0,0,0,0,35.72,101.5,137.22,0,0,0,0,0,0,0.42,0,0.42,27.7,0,27.7,22.2,0,22.2,0.22,0,0.22,187.76,86.26,101.5,INITIAL,6/15/2026,6/15/2026,7000-1.1 (Rev. 04-2023)
9/1/2026,2025,20260604,23212,31454,"NUSTAR LOGISTICS, L.P.",8111 WESTCHESTER DRIVE,DALLAS,TX,75225,US,Refined and/or Petroleum Product (non-HVL),"COLORADO, NEW MEXICO, OKLAHOMA, TEXAS",TEXAS,,702.78,702.78,,,,,,,,,,,0,2536,0,0,0,0,2536,0,0,0,0,0,0,0,0,2536,0,0,0,0,2536,3.04,0.76,3.8,0,0,0,0,0,0,0.01,260.91,260.92,1.97,13.85,15.82,432.69,2.13,434.82,75.83,0,75.83,1300.87,0,1300.87,201.61,0,201.61,99.23,0,99.23,24.49,0,24.49,2417.39,2139.74,277.65,INITIAL,6/15/2026,6/15/2026,7000-1.1 (Rev. 04-2023)
9/1/2026,2025,20260135,22728,31455,"CALUMET MONTANA REFINING, LLC",1900 10TH ST NE,GREAT FALLS,MT,59404,,Crude Oil,,MONTANA,,2.6,2.6,,,,,,,10249200.000,,,,0,2.6,0,0,0,0,2.6,0,0,0,0,0,0,0,0,2.6,0,0,0,0,2.6,0,0,0,0,0,0,0,0,0,0,0,0,0,0,0,0,0,0,0,0,0,0,0,0,2.6,0,2.6,0,0,0,0,0,0,2.6,2.6,0,INITIAL,5/16/2026,5/16/2026,7000-1.1 (Rev. 04-2023)
9/1/2026,2025,20260377,22983,31460,DOD DEFENSE ENERGY SUPPORT CENTER,"8725 JOHN J. KINGMAN ROAD, SUITE 2828",FORT BELVOIR,VA,22060,US,Refined and/or Petroleum Product (non-HVL),,CALIFORNIA,,5.26,5.26,,,,,,,,,,,0,5.26,0,0,0,0,5.26,0,0,0,0,0,0,0,0,5.26,0,0,0,0,5.26,0,0,0,0,0,0,0,0,0,0,5.26,5.26,0,0,0,0,0,0,0,0,0,0,0,0,0,0,0,0,0,0,0,0,0,5.26,0,5.26,INITIAL,6/10/2026,6/10/2026,7000-1.1 (Rev. 04-2023)
9/1/2026,2025,20260733,23374,31475,TRINITY PIPELINE GP LLC,401 WEST WALL STREET,MIDLAND,TX,79701,US,CO2,"NEW MEXICO, TEXAS","NEW MEXICO, TEXAS",,0.54,0.54,0,0,0,0,0,7731391.000,0.000,0,0.000,0.000,0,179.84,0,0,0,0,179.84,0,0,0,0,0,0,0,0,179.84,0,0,0,0,179.84,0,0,0,0,0,0,0,0,0,0,0,0,0,0,0,0,0,0,179.84,0,179.84,0,0,0,0,0,0,0,0,0,0,0,0,179.84,179.84,0,INITIAL,7/16/2026,7/16/2026,7000-1.1 (Rev. 04-2023)
9/1/2026,2025,20260318,22920,31476,ET CRUDE OPERATING LLC,1300 MAIN STREET,HOUSTON,TX,77002,US,Crude Oil,"KANSAS, NORTH DAKOTA, OKLAHOMA","COLORADO, LOUISIANA, OKLAHOMA",,71.96,71.96,,,,,,0.000,6279864115.000,0,0.000,0.000,0,229.72,0,0,0,0,229.72,0,0,0,0,0,0,0,0,229.72,0,0,0,0,229.72,0,0,0,0,0,0,0,0,0,0,5.12,5.12,0,0,0,0,0,0,0,0,0,0,0,0,44.94,0,44.94,163.48,0,163.48,15.7,0,15.7,229.24,224.12,5.12,INITIAL,6/8/2026,6/8/2026,7000-1.1 (Rev. 04-2023)
9/1/2026,2025,20260320,22922,31476,ET CRUDE OPERATING LLC,1300 MAIN STREET,HOUSTON,TX,77002,US,HVL,,LOUISIANA,,34.47,34.47,,,,,,0.000,0.000,0,0.000,0.000,0,34.66,0,0,0,0,34.66,0,0,0,0,0,0,0,0,34.66,0,0,0,0,34.66,0,0,0,0,0,0,0,0,0,0,0,0,0,0,0,0,0,0,0,0,0,0,0,0,0,0,0,34.47,0,34.47,0,0,0,34.47,34.47,0,INITIAL,6/8/2026,6/8/2026,7000-1.1 (Rev. 04-2023)
9/1/2026,2025,20260322,22924,31476,ET CRUDE OPERATING LLC,1300 MAIN STREET,HOUSTON,TX,77002,US,Refined and/or Petroleum Product (non-HVL),,LOUISIANA,,35.82,35.82,,,,,,0.000,0.000,0,0.000,125647094.000,0,0,0,36.01,0,0,36.01,0,0,0,0,0,0,0,0,0,0,36.01,0,0,36.01,0,0,0,0,0,0,0,0,0,0,0,0,0,0,0,0,0,0,0,0,0,0,0,0,0,0,0,35.82,0,35.82,0,0,0,35.82,35.82,0,INITIAL,6/8/2026,6/8/2026,7000-1.1 (Rev. 04-2023)
9/1/2026,2025,20260637,23379,31506,CONOCOPHILLIPS COMPANY (E&P-L-48),P. O. BOX 2197,HOUSTON,TX,77252,US,Crude Oil,,TEXAS,,0.00,0.00,,,,,,,191965222.000,,,,0,33.35,0,0,0,0,33.35,0,0,0,0,0,0,0,0,33.35,0,0,0,0,33.35,0,0,0,0,0,0,0,0,0,0,0,0,0,0,0,0,0,0,0,0,0,0,0,0,0,0,0,32.95,0,32.95,0.4,0,0.4,33.35,33.35,0,SUPPLEMENTAL,6/15/2026,7/23/2026,7000-1.1 (Rev. 04-2023)
9/1/2026,2025,20260218,22816,31517,ASCEND PERFORMANCE MATERIALS TEXAS LLC.,1010 TRAVIS STREET,HOUSTON,TX,77002,US,HVL,,TEXAS,,17.65,17.65,,,,,,,,,1819176.000,,0,29.439,0,0,0,0,29.439,0,0,0,0,0,0,0,0,29.439,0,0,0,0,29.439,0,0,0,0,0,0,0,0,0,0,0,0,0,0,0,0,22.829,22.829,0,0,0,6.61,0,6.61,0,0,0,0,0,0,0,0,0,29.439,6.61,22.829,INITIAL,6/3/2026,6/3/2026,7000-1.1 (Rev. 04-2023)
9/1/2026,2025,20260465,23071,31523,ANDERSON OIL LTD,PO BOX 2524,CORPUS CHRISTI,TX,78403,,Crude Oil,,TEXAS,,0.124,0.124,,,,,,,4500.000,,,,0,0.124,0,0,0,0,0.124,0,0,0,0,0,0,0,0,0.124,0,0,0,0,0.124,0,0,0,0,0,0,0,0,0,0,0,0,0,0,0,0,0,0,0,0,0,0,0,0,0,0,0,0,0,0,0,0,0,0,0,0,INITIAL,6/12/2026,6/12/2026,7000-1.1 (Rev. 04-2023)
9/1/2026,2025,20260270,22870,31526,DELAWARE STORAGE AND PIPELINE COMPANY,"400 AMHERST STREET, SUITE  405",NASHUA,NH,03063,US,Refined and/or Petroleum Product (non-HVL),,DELAWARE,,6.72,6.72,,,,,,0.000,0.000,0,0.000,7391446.000,0,10.61,0,0,0,0,10.61,0,0,0,0,0,0,0,0,10.61,0,0,0,0,10.61,0,0,0,0,0,0,0,0,0,0,0,0,0,9.81,9.81,0,0,0,0,0,0,0,0,0,0,0,0,0,0,0,0,0,0,9.81,0,9.81,INITIAL,6/4/2026,6/4/2026,7000-1.1 (Rev. 04-2023)
9/1/2026,2025,20260144,22737,31552,ALPINE TRANSPORTATION CO.,PO BOX 100360,ANCHORAGE,AK,99501,US,Crude Oil,ALASKA,,,34.634,34.634,,,,,,0.000,16630713.000,0,0.000,0.000,0,0,33.628,1.006,0,0,34.634,0,0,0,0,0,0,0,0,0,33.628,1.006,0,0,34.634,0,0,0,0,0,0,0,0,0,0,0,0,0,0,0,0,0,0,0,0,0,0,0,0,34.634,0,34.634,0,0,0,0,0,0,34.634,34.634,0,INITIAL,5/20/2026,5/20/2026,7000-1.1 (Rev. 04-2023)
9/1/2026,2025,20260338,22940,31554,"BOARDWALK PETROCHEMICAL PIPELINE, LLC",9 GREENWAY PLAZA,HOUSTON,TX,77046,US,HVL,"LOUISIANA, TEXAS",,,85.65,85.65,,,,,,,,,6927575821.000,,0,178.11,0,0,0,0,178.11,0,0,0,0,0,0,0,0,178.11,0,0,0,0,178.11,0,0,0,0,0,0,0,0,0,0,166.62,166.62,0,0,0,0,0,0,0,0,0,0,0,0,2.45,0,2.45,0.58,0,0.58,0.98,0,0.98,170.63,4.01,166.62,INITIAL,6/9/2026,6/9/2026,7000-1.1 (Rev. 04-2023)
9/1/2026,2025,20260392,22998,31555,KINDER MORGAN CO2 CO. LLC,"1001 LOUISIANA ST, SUITE 1000",HOUSTON,TX,77002,US,CO2,"COLORADO, NEW MEXICO, TEXAS",TEXAS,,130.333,130.333,,,,,,57886675178.000,0.000,0,0.000,0.000,0,1301.272,0,0,0,0,1301.272,0,0,0,0,0,0,0,0,1301.272,0,0,0,0,1301.272,0,0,0,0,0,0,0,0,0,0,0,0,0,0,0,0,0,0,40.089,0,40.089,101.937,0,101.937,123.653,0,123.653,3.455,0,3.455,2.514,0,2.514,271.648,271.648,0,INITIAL,6/10/2026,6/10/2026,7000-1.1 (Rev. 04-2023)
9/1/2026,2025,20260575,23181,31563,"WHITECAP PIPE LINE COMPANY, L.L.C.",1400 SMITH STREET,HOUSTON,TX,77002,US,Crude Oil,OCS-Gulf of America,,18.82,0,18.82,,101078840,,,,,,,,,0,0,0,0,0,0,0,0,43.2,0,0,0,0,43.2,0,43.2,0,0,0,0,43.2,0,0,0,0,0,0,0,0,0,0,0,0,0,0,0,0,0,0,0,0,0,0,0,0,0,0,0,0,0,0,0,0,0,0,0,0,INITIAL,6/15/2026,6/15/2026,7000-1.1 (Rev. 04-2023)
9/1/2026,2025,20260587,23195,31579,"MAGELLAN PIPELINES HOLDINGS, LP",100 WEST 5TH STREET,TULSA,OK,74103,US,Crude Oil,OKLAHOMA,TEXAS,,79.71,79.71,,,,,,,804554572.000,,,,0,153.37,0,0,0,0,153.37,0,0,0,0,0,0,0,0,153.37,0,0,0,0,153.37,0,0,0,0,0,0,0,10,10,0,0.93,0.93,0,0.14,0.14,0.51,0.15,0.66,1.06,0,1.06,4.57,0,4.57,1.2,0,1.2,7.35,0,7.35,0,0,0,25.91,14.69,11.22,INITIAL,6/15/2026,6/15/2026,7000-1.1 (Rev. 04-2023)
9/1/2026,2025,20260588,23196,31579,"MAGELLAN PIPELINES HOLDINGS, LP",100 WEST 5TH STREET,TULSA,OK,74103,US,Refined and/or Petroleum Product (non-HVL),,TEXAS,,28.70,28.70,,,,,,,,,,,0,30.14,0,0,0,0,30.14,0,0,0,0,0,0,0,0,30.14,0,0,0,0,30.14,0,0.25,0.25,0,0,0,0,0,0,0,0,0,6.12,6.92,13.04,0,0,0,2.46,0,2.46,0,0,0,0.41,0,0.41,11.98,0,11.98,0.01,0,0.01,28.15,20.98,7.17,INITIAL,6/15/2026,6/15/2026,7000-1.1 (Rev. 04-2023)
9/1/2026,2025,20260591,23390,31580,"MAGELLAN TERMINALS HOLDINGS, LP",100 WEST 5TH STREET,TULSA,OK,74103,US,Crude Oil,OKLAHOMA,TEXAS,,2.67,2.67,,,,,,,1271878612.000,,,,0,14.45,0,0,0,0,14.45,0,0,0,0,0,0,0,0,14.45,0,0,0,0,14.45,0,2.67,2.67,0,0,0,0,1.35,1.35,0,0,0,0,2,2,0,0,0,0,0,0,0,0,0,0,0,0,4.66,0,4.66,1.99,0,1.99,12.67,6.65,6.02,SUPPLEMENTAL,6/15/2026,8/4/2026,7000-1.1 (Rev. 04-2023)
9/1/2026,2025,20260592,23401,31580,"MAGELLAN TERMINALS HOLDINGS, LP",100 WEST 5TH STREET,TULSA,OK,74103,US,Refined and/or Petroleum Product (non-HVL),TEXAS,TEXAS,,15.57,15.57,,,,,,,,,,,0,15.62,0,0,0,0,15.62,0,0,0,0,0,0,0,0,15.62,0,0,0,0,15.62,0,0,0,0,0,0,0,0,0,0,0,0,0,0,0,0,0,0,4.98,0,4.98,0.29,0,0.29,1.66,0,1.66,0.91,0,0.91,0.16,0,0.16,8,8,0,SUPPLEMENTAL,6/15/2026,8/27/2026,7000-1.1 (Rev. 04-2023)
9/1/2026,2025,20260157,22750,31613,M6 MIDSTREAM LLC,600 TRAVIS,HOUSTON,TX,77002,US,HVL,,TEXAS,,64.15,64.15,,,,,,,,,786043992.000,,0,158.58,0,0,0,0,158.58,0,0,0,0,0,0,0,0,158.58,0,0,0,0,158.58,0,0,0,0,0,0,0,0,0,0,0,0,0,0,0,0,0,0,3.77,0,3.77,0,0,0,9.82,0,9.82,43.24,0,43.24,0,0,0,56.83,56.83,0,INITIAL,5/26/2026,5/26/2026,7000-1.1 (Rev. 04-2023)
9/1/2026,2025,20260241,22840,31618,ENTERPRISE PRODUCTS OPERATING LLC,1100 Louisiana Street,HOUSTON,TX,77002,,Crude Oil,TEXAS,TEXAS,,166.07,166.07,,,,,,,265728050.000,,,,0,479.655,0,0,0,1.478,481.133,0,0,0,0,0,0,0,0,479.655,0,0,0,1.478,481.133,0.042,0,0.042,0,0,0,0,0,0,0,0,0,0,1.16,1.16,0,0,0,0.285,0,0.285,377.335,0,377.335,0,0,0,22.608,0,22.608,1.251,0,1.251,402.681,401.521,1.16,INITIAL,6/3/2026,6/3/2026,7000-1.1 (Rev. 04-2023)
9/1/2026,2025,20260380,23375,31618,ENTERPRISE PRODUCTS OPERATING LLC,1100 Louisiana Street,HOUSTON,TX,77002,,HVL,"ALABAMA, ARKANSAS, COLORADO, ILLINOIS, INDIANA, IOWA, KANSAS, KENTUCKY, LOUISIANA, MINNESOTA, MISSISSIPPI, MISSOURI, NEBRASKA, NEW MEXICO, NEW YORK, OHIO, OKLAHOMA, PENNSYLVANIA, TEXAS, UTAH, WEST VIRGINIA, WISCONSIN, WYOMING","LOUISIANA, TEXAS, WYOMING",,7263.59,7263.59,,,,,,,,,463465479733.000,,46.602,21607.503,0,0,0,695.52,22349.625,0,0,0,0,0,0,0,46.602,21607.503,0,0,0,695.52,22349.625,381.321,567.574,948.895,0.031,0,0.031,0.137,213.824,213.961,0.3,385.872,386.172,1070.531,2608.112,3678.643,3215.652,23.803,3239.455,2398.356,1.106,2399.462,2883.03,7.265,2890.295,1353.535,4.405,1357.94,3506.366,3.105,3509.471,399.711,6.927,406.638,19030.963,15208.97,3821.993,SUPPLEMENTAL,6/10/2026,7/21/2026,7000-1.1 (Rev. 04-2023)
9/1/2026,2025,20260384,23378,31618,ENTERPRISE PRODUCTS OPERATING LLC,1100 Louisiana Street,HOUSTON,TX,77002,,Refined and/or Petroleum Product (non-HVL),"ARKANSAS, COLORADO, ILLINOIS, INDIANA, KANSAS, KENTUCKY, LOUISIANA, NEW MEXICO, OHIO, TENNESSEE, TEXAS, UTAH","ILLINOIS, LOUISIANA, NEW MEXICO, TEXAS",,857.14,857.14,,,,,,,,,,44018056894.000,14.528,1874.075,0,0,0,1.975,1890.578,0,0,0,0,0,0,0,14.528,1874.075,0,0,0,1.975,1890.578,0.901,9.284,10.185,0,0,0,0.003,59.775,59.778,0.003,4.848,4.851,0.137,36.774,36.911,364.927,0.431,365.358,566.827,0,566.827,376.473,0,376.473,182.886,0.12,183.006,92.813,0.016,92.829,3.917,0.023,3.94,1700.158,1588.887,111.271,SUPPLEMENTAL,6/10/2026,7/22/2026,7000-1.1 (Rev. 04-2023)
9/1/2026,2025,20260682,23293,31627,"DENBURY ONSHORE, LLC",22777 SPRINGWOODS VILLAGE PARKWAY,SPRING,TX,77389,US,CO2,"LOUISIANA, MISSISSIPPI","MISSISSIPPI, WYOMING",,57.77,57.77,,,,,,31602802734.000,,,,,0,465.29,0,0,0,0,465.29,0,0,0,0,0,0,0,0,465.29,0,0,0,0,465.29,0,0,0,0,0,0,0,0,0,0,0,0,0,0,0,0,0,0,231.61,0,231.61,4.16,0,4.16,189.47,0,189.47,40.05,0,40.05,0,0,0,465.29,465.29,0,INITIAL,6/15/2026,6/15/2026,7000-1.1 (Rev. 04-2023)
9/1/2026,2025,20260509,23115,31663,NAVAJO NATION OIL AND GAS COMPANY,50 NARBONO CIRCLE WEST,ST. MICHAELS,AZ,86511,US,Crude Oil,"COLORADO, NEW MEXICO, UTAH",,,59.19,59.19,,,,,,,287832030.000,,,,0,87.71,0,0,0,0,87.71,0,0,0,0,0,0,0,0,87.71,0,0,0,0,87.71,0,0,0,0,0,0,0,0,0,0,80.81,80.81,0,0,0,0,0,0,0,0,0,0,0,0,0,0,0,0.22,0,0.22,0.04,0,0.04,81.07,0.26,80.81,INITIAL,6/12/2026,6/12/2026,7000-1.1 (Rev. 04-2023)
9/1/2026,2025,20260447,23053,31684,PHILLIPS 66 PIPELINE LLC,2331 CITYWEST BLVD,Houston,TX,77042,US,Crude Oil,"ILLINOIS, LOUISIANA, MONTANA, NEW MEXICO, OKLAHOMA, TEXAS","CALIFORNIA, LOUISIANA, MONTANA, OKLAHOMA, TEXAS",,911.94,911.94,0,0,0,0,0,0.000,22542006271.000,0,0.000,0.000,39.73,2435.17,0,0,0,0,2474.9,0,0,0,0,0,0,0,39.73,2435.17,0,0,0,0,2474.9,0,8.33,8.33,0,0.86,0.86,0,472.26,472.26,0,819.34,819.34,0,510.35,510.35,71.18,0,71.18,42.13,0,42.13,180.07,0,180.07,57.48,0,57.48,27.63,0,27.63,31.16,0,31.16,2220.79,409.65,1811.14,INITIAL,6/11/2026,6/11/2026,7000-1.1 (Rev. 04-2023)
9/1/2026,2025,20260444,23050,31684,PHILLIPS 66 PIPELINE LLC,2331 CITYWEST BLVD,Houston,TX,77042,US,HVL,"COLORADO, ILLINOIS, IOWA, KANSAS, LOUISIANA, MISSOURI, NEW MEXICO, OKLAHOMA, TEXAS, WYOMING","LOUISIANA, TEXAS",,1119.29,1119.29,0,0,0,0,0,0.000,0.000,0,76130989272.000,0.000,0.88,4720.97,0,0,0,0,4721.85,0,0,0,0,0,0,0,0.88,4720.97,0,0,0,0,4721.85,0,0,0,0,0.05,0.05,0,95.17,95.17,0,381.07,381.07,0,514.87,514.87,582.07,0,582.07,234.32,0,234.32,618.36,0,618.36,9.47,0,9.47,1261.22,0,1261.22,491.39,0,491.39,4187.99,3196.83,991.16,INITIAL,6/11/2026,6/11/2026,7000-1.1 (Rev. 04-2023)
9/1/2026,2025,20260446,23052,31684,PHILLIPS 66 PIPELINE LLC,2331 CITYWEST BLVD,Houston,TX,77042,US,Refined and/or Petroleum Product (non-HVL),"COLORADO, IDAHO, ILLINOIS, IOWA, KANSAS, LOUISIANA, MISSOURI, MONTANA, NEW JERSEY, OKLAHOMA, OREGON, TEXAS, UTAH, WASHINGTON, WYOMING","CALIFORNIA, LOUISIANA, TEXAS",,2033.12,2033.12,0,0,0,0,0,0.000,0.000,0,0.000,61982547012.000,0.01,4669.38,0,0,0,0,4669.39,0,0,0,0,0,0,0,0.01,4669.38,0,0,0,0,4669.39,0,0.12,0.12,0,2.2,2.2,0,233.7,233.7,0,836.46,836.46,0,611.4,611.4,377.39,0,377.39,664.82,0,664.82,499.58,0,499.58,395.63,0,395.63,287.98,0,287.98,152.95,0.05,153,4062.28,2378.35,1683.93,INITIAL,6/11/2026,6/11/2026,7000-1.1 (Rev. 04-2023)
9/1/2026,2025,20260247,22846,31687,"HILL-LAKE GAS STORAGE, LLC",ONE WILLIAMS CENTER,TULSA,OK,74172,US,HVL,,TEXAS,,0.00,0.00,,,,,,,,,0.000,,0,1.91,0,0,0,0,1.91,0,0,0,0,0,0,0,0,1.91,0,0,0,0,1.91,0,0,0,0,0,0,0,0,0,0,0,0,0,0,0,0,0,0,0,0,0,0,0,0,1.91,0,1.91,0,0,0,0,0,0,1.91,1.91,0,INITIAL,6/4/2026,6/4/2026,7000-1.1 (Rev. 04-2023)
9/1/2026,2025,20260203,22801,31703,"WILLIAMS MLP OPERATING, LLC",ONE WILLIAMS CENTER,TULSA,OK,74172,US,HVL,,WEST VIRGINIA,,0,0,,,,,,,,,1035.000,,0,5.635,0,0,0,0,5.635,0,0,0,0,0,0,0,0,5.635,0,0,0,0,5.635,0,0,0,0,0,0,0,0,0,0,0,0,0,0,0,0,0,0,0,0,0,0,0,0,0,0,0,5.635,0,5.635,0,0,0,5.635,5.635,0,INITIAL,6/3/2026,6/3/2026,7000-1.1 (Rev. 04-2023)
9/1/2026,2025,20260299,22901,31707,CHEVRON U.S.A. INC - PERMIAN BASIN,1400 Smith Street,Houston,TX,77002,US,Crude Oil,,NEW MEXICO,,,0,,,,,,0.000,0.000,0,0.000,0.000,0,0,0,0,0,0,0,0,0,0,0,0,0,0,0,0,0,0,0,0,0,0,0,0,0,0,0,0,0,0,0,0,0,0,0,0,0,0,0,0,0,0,0,0,0,0,0,0,0,0,0,0,0,0,0,0,0,INITIAL,6/8/2026,6/8/2026,7000-1.1 (Rev. 04-2023)
9/1/2026,2025,20260521,23127,31719,HILAND PARTNERS HOLDINGS LLC,1001 LOUISIANA ST.,HOUSTON,TX,77002,US,HVL,,"MONTANA, NORTH DAKOTA",,4.29,4.29,,,,,,,,,54773312.000,,0,21.798,0,0,0,0,21.798,0,0,0,0,0,0,0,0,21.798,0,0,0,0,21.798,0,0,0,0,0,0,0,0,0,0,0,0,0,0,0,0,0,0,0,0,0,0,0,0,8.847,0,8.847,12.941,0,12.941,0,0,0,21.788,21.788,0,INITIAL,6/12/2026,6/12/2026,7000-1.1 (Rev. 04-2023)
9/1/2026,2025,20260613,23221,31720,"EXPRESS HOLDINGS (USA), LLC","915 N ELDRIDGE PARKWAY, SUITE 1100",HOUSTON,TX,77079,US,Crude Oil,"ILLINOIS, KANSAS, MISSOURI, MONTANA, NEBRASKA, WYOMING",,,335.379,335.379,,,,,,0.000,70845278177.000,0,0.000,0.000,0,1452.48,0,0,0,0,1452.48,0,0,0,0,0,0,0,0,1452.48,0,0,0,0,1452.48,0,0,0,0,0,0,0,0,0,0,185.234,185.234,0,0.008,0.008,0.212,0,0.212,0.036,0,0.036,523.412,0,523.412,0.388,0,0.388,1.548,0,1.548,2.056,0,2.056,712.894,527.652,185.242,INITIAL,6/15/2026,6/15/2026,7000-1.1 (Rev. 04-2023)
9/1/2026,2025,20260704,23318,31721,PIPELINE TECHNOLOGY,1048 FLORIDA STREET,BATON ROUGE,LA,70802,US,HVL,,LOUISIANA,,6.30,6.30,,,,,,,,,1982329.000,,0,6.3,0,0,0,0,6.3,0,0,0,0,0,0,0,0,6.3,0,0,0,0,6.3,0,0,0,0,0,0,0,0,0,0,0,0,0,0,0,0,0,0,0,0,0,0,0,0,3.3,0,3.3,3,0,3,0,0,0,6.3,6.3,0,INITIAL,6/16/2026,6/16/2026,7000-1.1 (Rev. 04-2023)
9/1/2026,2025,20260705,23319,31721,PIPELINE TECHNOLOGY,1048 FLORIDA STREET,BATON ROUGE,LA,70802,US,Refined and/or Petroleum Product (non-HVL),,LOUISIANA,,22.00,22.00,,,,,,,,,,31453342.000,0,22,0,0,0,0,22,0,0,0,0,0,0,0,0,22,0,0,0,0,22,0,0,0,0,0,0,0,0,0,0,0,0,0,0,0,0,0,0,0,0,0,0,0,0,22,0,22,0,0,0,0,0,0,22,22,0,INITIAL,6/16/2026,6/16/2026,7000-1.1 (Rev. 04-2023)
9/1/2026,2025,20260574,23180,31723,EXXON MOBIL CORPORATION,22777 SPRINGWOODS VILLAGE PARKWAY,SPRING,TX,77389,US,Crude Oil,LOUISIANA,LOUISIANA,,10.924,10.924,,,,,,,276135438.000,,,,0,10.924,0,0,0,0,10.924,0,0,0,0,0,0,0,0,10.924,0,0,0,0,10.924,0,0,0,0,0,0,0,0,0,0,0,0,0,0,0,0,0,0,0,0,0,0,0,0,0,0,0,0,0,0,0,0,0,0,0,0,INITIAL,6/15/2026,6/15/2026,7000-1.1 (Rev. 04-2023)
9/1/2026,2025,20260576,23182,31723,EXXON MOBIL CORPORATION,22777 SPRINGWOODS VILLAGE PARKWAY,SPRING,TX,77389,US,Refined and/or Petroleum Product (non-HVL),,LOUISIANA,,0.66,0.66,,,,,,,,,,,22.726,0.687,0,0,0,0,23.413,0,0,0,0,0,0,0,22.726,0.687,0,0,0,0,23.413,0,0,0,0,0,0,0,0,0,0,0,0,0,0,0,0,0,0,0,0,0,0,0,0,0,0,0,0,0,0,0,0,0,0,0,0,INITIAL,6/15/2026,6/15/2026,7000-1.1 (Rev. 04-2023)
9/1/2026,2025,20260108,22772,31755,"NOBLE ENERGY, INC. RBU",2115 117TH AVE,GREELEY,CO,80634,US,Crude Oil,,COLORADO,,0,0,,,,,,,479009685.000,,,,0,43.92,0,0,0,0,43.92,0,0,0,0,0,0,0,0,43.92,0,0,0,0,43.92,0,0,0,0,0,0,0,0,0,0,0,0,0,0,0,0,0,0,0,0,0,0,0,0,0,0,0,27.7,0,27.7,16.22,0,16.22,43.92,43.92,0,SUPPLEMENTAL,5/8/2026,5/29/2026,7000-1.1 (Rev. 04-2023)
9/1/2026,2025,20260109,22773,31755,"NOBLE ENERGY, INC. RBU",2115 117TH AVE,GREELEY,CO,80634,US,HVL,,COLORADO,,0,0,,,,,,,,,17996937.000,,0,8.44,0,0,0,0,8.44,0,0,0,0,0,0,0,0,8.44,0,0,0,0,8.44,0,0,0,0,0,0,0,0,0,0,0,0,0,0,0,0,0,0,0,0,0,0,0,0,0,0,0,7.58,0,7.58,0.86,0,0.86,8.44,8.44,0,SUPPLEMENTAL,5/8/2026,5/29/2026,7000-1.1 (Rev. 04-2023)
9/1/2026,2025,20260047,22618,31779,SWISSPORT FUELING INC,4200 E AIRLANE DRIVE,PHOENIX,AZ,85034,,Refined and/or Petroleum Product (non-HVL),,ARIZONA,,12.28,12.28,,,,,,,,,,132753312.000,0,12.28,0,0,0,0,12.28,0,0,0,0,0,0,0,0,12.28,0,0,0,0,12.28,0,0,0,0,0,0,0,0,0,0,0,0,0,0,0,0,0,0,12.28,0,12.28,0,0,0,0,0,0,0,0,0,0,0,0,12.28,12.28,0,SUPPLEMENTAL,3/10/2026,3/10/2026,7000-1.1 (Rev. 04-2023)
9/1/2026,2025,20260466,23072,31801,TANDEM ENERGY CORPORATION,5065 WESTHEIMER RD SUITE 920,HOUSTON,TX,77056,US,Crude Oil,,TEXAS,,2.44,2.44,,,,,,,111654.000,,,,0,0.291,0,0,0,3.398,3.689,0,0,0,0,0,0,0,0,0.291,0,0,0,3.398,3.689,0,0,0,0,0,0,0,0,0,0,0,0,0,0,0,0,0,0,0,0,0,0,0,0,0,0,0,0,0,0,0,0,0,0,0,0,INITIAL,6/12/2026,6/12/2026,7000-1.1 (Rev. 04-2023)
9/1/2026,2025,20260248,22847,31816,"MID-CONTINENT FRACTIONATION AND STORAGE, L.L.C.",ONE WILLIAMS CENTER,TULSA,OK,74172,US,HVL,,KANSAS,,0.979,0.979,,,,,,,,,2973063906.000,,0,61.933,0,0,0,0,61.933,0,0,0,0,0,0,0,0,61.933,0,0,0,0,61.933,11.106,0,11.106,0,0,0,0,0,0,0,0,0,0,0,0,23.153,0,23.153,0,0,0,19.337,0,19.337,3.364,0,3.364,3.628,0,3.628,0.333,0,0.333,60.921,60.921,0,INITIAL,6/4/2026,6/4/2026,7000-1.1 (Rev. 04-2023)
9/1/2026,2025,20260706,23321,31816,"MID-CONTINENT FRACTIONATION AND STORAGE, L.L.C.",ONE WILLIAMS CENTER,TULSA,OK,74172,US,Refined and/or Petroleum Product (non-HVL),,KANSAS,,0.10,0.10,,,,,,,,,,317992563.000,0,3.232,0,0,0,0,3.232,0,0,0,0,0,0,0,0,3.232,0,0,0,0,3.232,1.809,0,1.809,0,0,0,0,0,0,0,0,0,0,0,0,1.414,0,1.414,0,0,0,0,0,0,0,0,0,0,0,0,0.006,0,0.006,3.229,3.229,0,INITIAL,6/16/2026,6/16/2026,7000-1.1 (Rev. 04-2023)
9/1/2026,2025,20260626,23234,31822,SUNCOR ENERGY (USA) PIPELINE CO.,1700 CUTLER RD.,CHEYENNE,WY,82001,US,Crude Oil,"COLORADO, WYOMING","COLORADO, WYOMING",,104.58,104.58,,,,,,0.000,5469799334.000,0,0.000,0.000,54,363.65,0,0,0,0,417.65,0,0,0,0,0,0,0,54,363.65,0,0,0,0,417.65,0,0,0,0,53.9,53.9,0,171.67,171.67,0,0,0,0,0,0,28.89,0,28.89,57.1,0,57.1,0,0,0,0,0,0,55.91,0,55.91,50,0,50,417.47,191.9,225.57,INITIAL,6/15/2026,6/15/2026,7000-1.1 (Rev. 04-2023)
9/1/2026,2025,20260628,23236,31822,SUNCOR ENERGY (USA) PIPELINE CO.,1700 CUTLER RD.,CHEYENNE,WY,82001,US,Refined and/or Petroleum Product (non-HVL),,COLORADO,,4.17,4.17,,,,,,0.000,0.000,0,0.000,3665657.000,0,4.17,0,0,0,0,4.17,0,0,0,0,0,0,0,0,4.17,0,0,0,0,4.17,0,0,0,0,0,0,0,0,0,0,0,0,0,3.71,3.71,0,0,0,0,0,0,0,0,0,0,0,0,0,0,0,0,0,0,3.71,0,3.71,INITIAL,6/15/2026,6/15/2026,7000-1.1 (Rev. 04-2023)
9/1/2026,2025,20260223,22822,31847,"CALUMET COTTON VALLEY REFINING, LLC.",1060 N. Capital Ave,INDIANAPOLIS,IN,46204,US,Refined and/or Petroleum Product (non-HVL),,LOUISIANA,,6.35,6.35,,,,,,,,,,113152.000,0,6.35,0,0,0,0,6.35,0,0,0,0,0,0,0,0,6.35,0,0,0,0,6.35,0,0,0,0,0,0,0,0,0,0,0,0,0,0,0,0,0,0,0,0,0,6.35,0,6.35,0,0,0,0,0,0,0,0,0,6.35,6.35,0,INITIAL,6/3/2026,6/3/2026,7000-1.1 (Rev. 04-2023)
9/1/2026,2025,20260319,22921,31863,HFOTCO LLC,1300 MAIN STREET,HOUSTON,TX,77002,US,Crude Oil,,TEXAS,,27.86,27.86,,,,,,0.000,366036457.000,0,0.000,0.000,0,27.86,0,0,0,0,27.86,0,0,0,0,0,0,0,0,27.86,0,0,0,0,27.86,0,0,0,0,0,0,0,0,0,0,0,0,0,0,0,0,0,0,0,0,0,10.38,0,10.38,0.34,0,0.34,12.2,0,12.2,0,0,0,22.92,22.92,0,INITIAL,6/8/2026,6/8/2026,7000-1.1 (Rev. 04-2023)
9/1/2026,2025,20260064,22636,31875,MERIT ENERGY COMPANY,"13727 NOEL ROAD, SUITE 500",DALLAS,TX,75240,,Crude Oil,,TEXAS,,,0.00,,,,,,,2201270.000,,,,0,0,0,0,0,0,0,0,0,0,0,0,0,0,0,0,0,0,0,0,0,0,0,0,0,0,0,0,0,0,0,0,0,0,0,0,0,0,0,0,0,0,0,0,0,0,0,0,0,0,0,0,0,0,0,0,0,SUPPLEMENTAL,3/15/2026,3/15/2026,7000-1.1 (Rev. 04-2023)
9/1/2026,2025,20260607,23215,31878,BRIDGER PIPELINE LLC,455 N. Poplar St.,Casper,WY,82602,US,Crude Oil,"MONTANA, NORTH DAKOTA, SOUTH DAKOTA, WYOMING",,,107.1,107.1,,,,,,,45366397376.000,,,,0,1776,0,0,0,0,1776,0,0,0,0,0,0,0,0,1776,0,0,0,0,1776,0,0,0,0,0,0,0,0,0,106,107,213,4,327,331,117,112,229,77,0,77,7,0,7,47,0,47,312,0,312,339,0,339,1555,1009,546,INITIAL,6/15/2026,6/15/2026,7000-1.1 (Rev. 04-2023)
9/1/2026,2025,20260456,23062,31878,BRIDGER PIPELINE LLC,455 N. Poplar St.,Casper,WY,82602,US,Refined and/or Petroleum Product (non-HVL),WYOMING,,,0,0,,,,,,,,,,74552533.000,0,76,0,0,0,0,76,0,0,0,0,0,0,0,0,76,0,0,0,0,76,0,0,0,0,0,0,0,0,0,0,0,0,49,0,49,0,0,0,0,0,0,27,0,27,0,0,0,0,0,0,0,0,0,76,76,0,INITIAL,6/11/2026,6/11/2026,7000-1.1 (Rev. 04-2023)
9/1/2026,2025,20260361,22967,31914,NGL SUPPLY TERMINAL COMPANY LLC,6120 SOUTH YALE AVENUE,TULSA,OK,74136,US,HVL,,MICHIGAN,,24.00,24.00,,,,,,,,,163013072.000,,0,225.5,0,0,0,0,225.5,0,0,0,0,0,0,0,0,225.5,0,0,0,0,225.5,0,0,0,0,0,0,0,0,0,0,0,0,0,0,0,225,0,225,0,0,0,0,0,0,0,0,0,0,0,0,0.5,0,0.5,225.5,225.5,0,INITIAL,6/10/2026,6/10/2026,7000-1.1 (Rev. 04-2023)
9/1/2026,2025,20260374,22980,31919,MIDSTREAM ENERGY PARTNERS (USA) LLC,9224 TUPMAN ROAD,TUPMAN,CA,93276,US,HVL,,CALIFORNIA,,47.16,47.16,,,,,,,,,174475740.000,,0,47.16,0,0,0,0,47.16,0,0,0,0,0,0,0,0,47.16,0,0,0,0,47.16,0,0,0,0,0,0,0,0,0,0,0,0,0,0,0,0,0,0,0,0,0,0,0,0,47.16,0,47.16,0,0,0,0,0,0,47.16,47.16,0,INITIAL,6/10/2026,6/10/2026,7000-1.1 (Rev. 04-2023)
9/1/2026,2025,20260500,23106,31926,COPANO PIPELINES/UPPER GULF COAST LLC,1001 LOUISIANA ST.,HOUSTON,TX,77002,US,HVL,,TEXAS,,0,0,,,,,,,,,0.000,,0,3.16,0,0,0,0,3.16,0,0,0,0,0,0,0,0,3.16,0,0,0,0,3.16,0,0,0,0,0,0,0,0,0,0,0,0,0,0,0,0,0,0,0,0,0,0,0,0,0,0,0,2.703,0,2.703,0,0,0,2.703,2.703,0,INITIAL,6/12/2026,6/12/2026,7000-1.1 (Rev. 04-2023)
9/1/2026,2025,20260307,22909,31933,CALCASIEU REFINING COMPANY,4359 W. TANK FARM ROAD,LAKE CHARLES,LA,70605,,Refined and/or Petroleum Product (non-HVL),,LOUISIANA,,5.4,5.4,,,,,,,,,,0.000,0,5.4,0,0,0,0,5.4,0,0,0,0,0,0,0,0,5.4,0,0,0,0,5.4,0,0,0,0,0,0,0,0,0,0,0,0,0,0,0,0,0,0,5.4,0,5.4,0,0,0,0,0,0,0,0,0,0,0,0,5.4,5.4,0,INITIAL,6/8/2026,6/8/2026,7000-1.1 (Rev. 04-2023)
9/1/2026,2025,20260030,22596,31943,COLT MIDSTREAM LLC,2950 NORTH LOOP WEST,HOUSTON,TX,77092,US,HVL,,TEXAS,,0.00,0.00,,,,,,,,,4541237.000,,0,16.36,0,0,0,0,16.36,0,0,0,0,0,0,0,0,16.36,0,0,0,0,16.36,0,0,0,0,0,0,0,0,0,0,0,0,0,0,0,15.5,0,15.5,0,0,0,0.86,0,0.86,0,0,0,0,0,0,0,0,0,16.36,16.36,0,INITIAL,3/2/2026,3/2/2026,7000-1.1 (Rev. 04-2023)
9/1/2026,2025,20260609,23217,31947,ENBRIDGE PIPELINES (OZARK) L.L.C.,"915 N ELDRIDGE PARKWAY, SUITE 1100",HOUSTON,TX,77079,US,Crude Oil,,"KANSAS, OKLAHOMA",,12.428,12.428,,,,,,0.000,0.000,0,0.000,0.000,0,47.151,0,5,0,0,52.151,0,0,0,0,0,0,0,0,47.151,0,5,0,0,52.151,0,0,0,0,0,0,0,15.14,15.14,0,0,0,0,0,0,0,0,0,0,0,0,0,0,0,0.212,0,0.212,0,0,0,0,0,0,15.352,0.212,15.14,INITIAL,6/15/2026,6/15/2026,7000-1.1 (Rev. 04-2023)
9/1/2026,2025,20260017,22577,31948,ENBRIDGE STORAGE (PATOKA) L.L.C.,"915 N ELDRIDGE PARKWAY, SUITE 1100",HOUSTON,TX,77079,US,Crude Oil,ILLINOIS,,,,0,,,,,,,,,,,0,0,0,0,0,0,0,0,0,0,0,0,0,0,0,0,0,0,0,0,0,0,0,0,0,0,0,0,0,0,0,0,0,0,0,0,0,0,0,0,0,0,0,0,0,0,0,0,0,0,0,0,0,0,0,0,0,INITIAL,2/3/2026,2/3/2026,7000-1.1 (Rev. 04-2023)
9/1/2026,2025,20260390,22996,31957,KINDER MORGAN WINK PIPELINE LLC,"1001 LOUISIANA ST, SUITE 1000",HOUSTON,TX,77002,US,Crude Oil,TEXAS,TEXAS,,26.23,26.23,,,,,,0.000,10505400665.000,0,0.000,0.000,0,433.265,0,0,0,0,433.265,0,0,0,0,0,0,0,0,433.265,0,0,0,0,433.265,0,0,0,0,0,0,0,17.426,17.426,0,293.281,293.281,0,0.081,0.081,11.037,0.25,11.287,3.935,0,3.935,7.265,0,7.265,3.635,0,3.635,0.142,0,0.142,0,0,0,337.052,26.014,311.038,INITIAL,6/10/2026,6/10/2026,7000-1.1 (Rev. 04-2023)
9/1/2026,2025,20260564,23170,31970,"CONOCOPHILLIPS ALASKA, INC.",PO BOX 100360,ANCHORAGE,AK,99501,US,Refined and/or Petroleum Product (non-HVL),,ALASKA,,34.744,34.744,,,,,,,,,,,0,0,33.787,0.957,0,0,34.744,0,0,0,0,0,0,0,0,0,33.787,0.957,0,0,34.744,0,0,0,0,0,0,0,0,0,0,0,0,0,0,0,0,0,0,0,0,0,0,0,0,0,0,0,0,0,0,0,0,0,0,0,0,INITIAL,6/15/2026,6/15/2026,7000-1.1 (Rev. 04-2023)
9/1/2026,2025,20260345,22947,31994,"PANTHER OPERATING COMPANY, LLC","THIRD COAST MIDSTREAM, LLC",HOUSTON,TX,77251,US,Crude Oil,"LOUISIANA, OCS-Gulf of America",,82.79,10.80,93.59,,0,,,,,0.000,,,,0,10.8,0,0,0,0,10.8,0,82.79,0,0,0,0,82.79,0,93.59,0,0,0,0,93.59,0,0,0,0,0,0,0,0,0,0,0,0,0,10.8,10.8,0,0,0,0,25.38,25.38,42.67,0,42.67,0,0,0,0,0,0,5.78,0,5.78,84.63,48.45,36.18,INITIAL,6/9/2026,6/9/2026,7000-1.1 (Rev. 04-2023)
9/1/2026,2025,20260387,22993,32005,"ENLINK PROCESSING SERVICES, LLC",100 WEST 5TH ST.,TULSA,OK,74103,US,HVL,"LOUISIANA, TEXAS",LOUISIANA,0,317.124,317.124,,,,,,,,,25002693984.000,,0,730.639,0,0,0,0,730.639,0,0,0,0,0,0,0,0,730.639,0,0,0,0,730.639,0,0,0,0,0,0,0,0,0,0,0,0,38.902,149.808,188.71,73.446,70.359,143.805,94.547,20.38,114.927,39.108,4.66,43.768,0.302,0,0.302,239.122,0,239.122,0.004,0,0.004,730.638,485.431,245.207,INITIAL,6/10/2026,6/10/2026,7000-1.1 (Rev. 04-2023)
9/1/2026,2025,20260385,22991,32005,"ENLINK PROCESSING SERVICES, LLC",100 WEST 5TH ST.,TULSA,OK,74103,US,Refined and/or Petroleum Product (non-HVL),,LOUISIANA,,3.102,3.102,,,,,,,,,,61781393.000,0,23,0,0,0,0,23,0,0,0,0,0,0,0,0,23,0,0,0,0,23,0,0,0,0,0,0,0,0,0,0,0,0,0,2.21,2.21,0,0,0,15.607,0,15.607,3.42,0,3.42,0,0,0,1.763,0,1.763,0,0,0,23,20.79,2.21,INITIAL,6/10/2026,6/10/2026,7000-1.1 (Rev. 04-2023)
9/1/2026,2025,20260003,22560,32007,"SUPERIOR MIDSTREAM, LLC",PO BOX 702556,TULSA,OK,74170,US,HVL,,OKLAHOMA,,0,0,,,,,,,,,667712.000,,0,29.34,0,0,0,0,29.34,0,0,0,0,0,0,0,0,29.34,0,0,0,0,29.34,0,0,0,0,0,0,0,0,0,0,0,0,0,0,0,0,0,0,0,0,0,0,0,0,4.39,0,4.39,24.95,0,24.95,0,0,0,29.34,29.34,0,INITIAL,1/12/2026,1/12/2026,7000-1.1 (Rev. 04-2023)
9/1/2026,2025,20260627,23235,32011,"HOLLY ENERGY PARTNERS - OPERATING, L.P.",2323 VICTORY AVE.,DALLAS,TX,75219,US,Crude Oil,"KANSAS, NEW MEXICO, TEXAS, UTAH, WYOMING","KANSAS, NEW MEXICO, TEXAS, UTAH",,150.11,150.11,,,,,,,10496303676.000,,,,0,812.58,0,0,0,0,812.58,0,0,0,0,0,0,0,0,812.58,0,0,0,0,812.58,0.36,0,0.36,0,4.79,4.79,0,0,0,0,0,0,0,0,0,10.15,0,10.15,314.13,0,314.13,3.04,0,3.04,235.58,3.9,239.48,30.78,0,30.78,0.11,0,0.11,602.84,594.15,8.69,INITIAL,6/15/2026,6/15/2026,7000-1.1 (Rev. 04-2023)
9/1/2026,2025,20260683,23294,32011,"HOLLY ENERGY PARTNERS - OPERATING, L.P.",2323 VICTORY AVE.,DALLAS,TX,75219,US,Refined and/or Petroleum Product (non-HVL),"IDAHO, NEBRASKA, NEW MEXICO, TEXAS, UTAH, WYOMING","IDAHO, NEW MEXICO, OKLAHOMA, TEXAS, UTAH, WYOMING",,196.06,196.06,,,,,,,852909525.000,,296298360.000,8235319767.000,37.48,1151.14,0,0,0,0,1188.62,0,0,0,0,0,0,0,37.48,1151.14,0,0,0,0,1188.62,0,0,0,0,0,0,0,0.01,0.01,0,421.45,421.45,0,13.23,13.23,0,0,0,78.55,25.87,104.42,243.83,0,243.83,107.27,0.67,107.94,27.57,0.67,28.24,2.74,0,2.74,921.86,459.96,461.9,INITIAL,6/15/2026,6/15/2026,7000-1.1 (Rev. 04-2023)
9/1/2026,2025,20260169,22762,32051,"MARTIN OPERATING PARTNERSHIP, L.P.",4200 STONE ROAD,KILGORE,TX,75662,US,Refined and/or Petroleum Product (non-HVL),,TEXAS,,5.82,5.82,,,,,,,,,,11094387.000,0,5.82,0,0,0,0,5.82,0,0,0,0,0,0,0,0,5.82,0,0,0,0,5.82,0,0,0,0,0,0,0,0,0,0,0,0,0,0,0,0,0,0,0,0,0,0,0,0,1.39,0,1.39,4.43,0,4.43,0,0,0,5.82,5.82,0,INITIAL,5/28/2026,5/28/2026,7000-1.1 (Rev. 04-2023)
9/1/2026,2025,20260152,22745,32052,"WHITE MARLIN OPERATING COMPANY, LLC",1415 LOUISIANA ST,HOUSTON,TX,77002,US,Crude Oil,,TEXAS,6.52,0,6.52,0,0,0,0,0,0.000,52834.000,0,0.000,0.000,0,0,0,0,0,0,0,0,6.52,0,0,0,0,6.52,0,6.52,0,0,0,0,6.52,0,0,0,0,0,0,0,0,0,0,0,0,0,0,0,0,0,0,0,0,0,0,0,0,0,0,0,0,0,0,0,0,0,0,0,0,INITIAL,5/22/2026,5/22/2026,7000-1.1 (Rev. 04-2023)
9/1/2026,2025,20260142,22735,32062,IMTT-PIPELINE,400 POYDRAS STREET,NEW ORLEANS,LA,70130,US,Refined and/or Petroleum Product (non-HVL),"NEW JERSEY, NEW YORK",,,9.55,9.55,,,,,,0.000,0.000,0,0.000,233361985.000,0,9.55,0,0,0,0,9.55,0,0,0,0,0,0,0,0,9.55,0,0,0,0,9.55,0,0,0,0,0,0,0,0,0,0,2.31,2.31,0,0,0,1.5,0,1.5,2.48,0,2.48,0,0,0,2.7,0,2.7,0.24,0,0.24,0.32,0,0.32,9.55,7.24,2.31,INITIAL,5/20/2026,5/20/2026,7000-1.1 (Rev. 04-2023)
9/1/2026,2025,20260597,23205,32080,"CCPS TRANSPORTATION, LLC","915 N ELDRIDGE PARKWAY, SUITE 1100",HOUSTON,TX,77079,US,Crude Oil,"ILLINOIS, KANSAS, MISSOURI, OKLAHOMA",,,407.917,407.917,,,,,,0.000,170250649242.000,0,0.000,0.000,0,1180.914,0,0,0,0,1180.914,0,0,0,0,0,0,0,0,1180.914,0,0,0,0,1180.914,0,0,0,0,0,0,0,0,0,0,0,0,0,0,0,0.075,0,0.075,0,0,0,0,0,0,0,0,0,0.653,0,0.653,1.893,0,1.893,2.621,2.621,0,INITIAL,6/15/2026,6/15/2026,7000-1.1 (Rev. 04-2023)
9/1/2026,2025,20260556,23162,32083,"DCOR, LLC",1000 TOWN CENTER DRIVE SUITE 600,OXNARD,CA,93036,US,Crude Oil,"CALIFORNIA, OCS-Pacific",CALIFORNIA,30.39,21.79,52.18,,8486270,,,,,8047824.000,,,,0,21.79,0,0,0,0,21.79,0,30.39,0,0,0,0,30.39,0,52.18,0,0,0,0,52.18,0,0,0,0,0,0,0,0,0,0,0,0,10.69,12.77,23.46,0,0,0,9.45,0,9.45,2.52,0,2.52,0,0,0,0.63,0,0.63,0,0,0,36.06,23.29,12.77,INITIAL,6/14/2026,6/14/2026,7000-1.1 (Rev. 04-2023)
9/1/2026,2025,20260204,22802,32091,"WILLIAMS OIL GATHERING, LLC","ONE WILLIAMS CENTER, MD WRC3-4",TULSA,OK,74172,US,Crude Oil,"LOUISIANA, OCS-Gulf of America",,54.123,,54.123,,8479011166,,,,,,,,,0,0,0,0,0,0,0,0,505.484,0,0,0,0,505.484,0,505.484,0,0,0,0,505.484,0,0,0,0,0,0,0,0,0,0,0,0,0,0,0,0,0,0,0,0,0,0,0,0,144.783,0,144.783,17.427,0,17.427,0,0,0,162.21,162.21,0,INITIAL,6/3/2026,6/3/2026,7000-1.1 (Rev. 04-2023)
9/1/2026,2025,20260645,23253,32094,AUX SABLE LIQUID PRODUCTS,"4000, 585-8 AVE. SW",CALGARY,AB,T2P1G1,CA,HVL,,ILLINOIS,,31.02,31.02,,,,,,,,,29804177.000,,0,31.93,0,0,0,0,31.93,0,0,0,0,0,0,0,0,31.93,0,0,0,0,31.93,0,0,0,0,0,0,0,0,0,0,0,0,0,0,0,31.08,0,31.08,0,0,0,0,0,0,0.08,0,0.08,0.77,0,0.77,0,0,0,31.93,31.93,0,INITIAL,6/15/2026,6/15/2026,7000-1.1 (Rev. 04-2023)
9/1/2026,2025,20260654,23262,32095,"LBC HOUSTON, L.P.",11666 PORT ROAD,SEABROOK,TX,77573,,Crude Oil,,TEXAS,,,0,,0,,,,,0.000,,,,0,0,0,0,0,0,0,0,0,0,0,0,0,0,0,0,0,0,0,0,0,0,0,0,0,0,0,0,0,0,0,0,0,0,0,0,0,0,0,0,0,0,0,0,0,0,0,0,0,0,0,0,0,0,0,0,0,INITIAL,6/15/2026,6/15/2026,7000-1.1 (Rev. 04-2023)
9/1/2026,2025,20260655,23263,32095,"LBC HOUSTON, L.P.",11666 PORT ROAD,SEABROOK,TX,77573,,HVL,,TEXAS,0,1.88,1.88,,,,0,,,,,1451991.000,,0,1.88,0,0,0,0,1.88,0,0,0,0,0,0,0,0,1.88,0,0,0,0,1.88,0,0,0,0,0,0,0,0,0,0,0,0,0,0,0,0,0,0,0,0,0,1.88,0,1.88,0,0,0,0,0,0,0,0,0,1.88,1.88,0,INITIAL,6/15/2026,6/15/2026,7000-1.1 (Rev. 04-2023)
9/1/2026,2025,20260656,23264,32095,"LBC HOUSTON, L.P.",11666 PORT ROAD,SEABROOK,TX,77573,,Refined and/or Petroleum Product (non-HVL),,TEXAS,0,3.96,3.96,,,,,0,,,,,17170615.000,0,3.9,0,0,0,0,3.9,0,0,0,0,0,0,0,0,3.9,0,0,0,0,3.9,0,0,0,0,0,0,0,0,0,0,0,0,0,0,0,1.95,0,1.95,0,0,0,0,0,0,0,0,0,0,0,0,0,0,0,1.95,1.95,0,INITIAL,6/15/2026,6/15/2026,7000-1.1 (Rev. 04-2023)
9/1/2026,2025,20260308,22910,32099,ENERGY TRANSFER COMPANY,1300 MAIN STREET,HOUSTON,TX,77002,US,Crude Oil,"LOUISIANA, MICHIGAN, NEW MEXICO, OHIO, OKLAHOMA, TEXAS","NEW MEXICO, OKLAHOMA, TEXAS",,1936.14,1936.14,,,,,,0.000,87515239211.000,0,0.000,0.000,192.1,6597.67,0,0,7.44,4.19,6801.4,0,0,0,0,0,0,0,192.1,6597.67,0,0,7.44,4.19,6801.4,0.75,5.26,6.01,0,434.82,434.82,0,341.46,341.46,0,197.22,197.22,0,362.32,362.32,125.04,0,125.04,82.42,0,82.42,181.09,0,181.09,134.09,0,134.09,1358.58,0,1358.58,211.88,0,211.88,3434.93,2093.85,1341.08,INITIAL,6/8/2026,6/8/2026,7000-1.1 (Rev. 04-2023)
9/1/2026,2025,20260310,22912,32099,ENERGY TRANSFER COMPANY,1300 MAIN STREET,HOUSTON,TX,77002,US,HVL,"NEW MEXICO, TEXAS","LOUISIANA, NEW MEXICO, OKLAHOMA, PENNSYLVANIA, TEXAS",,2465.21,2465.21,,,,,,0.000,0.000,0,249816090724.000,0.000,0,3705.49,0,0,0.13,0,3705.62,0,0,0,0,0,0,0,0,3705.49,0,0,0.13,0,3705.62,0,0,0,2.96,0,2.96,25.03,112.13,137.16,0.01,78.09,78.1,0,99.67,99.67,154.19,0,154.19,21.5,0,21.5,110.83,0,110.83,187.94,0.1,188.04,1517.83,0,1517.83,545.64,2.85,548.49,2858.77,2565.93,292.84,INITIAL,6/8/2026,6/8/2026,7000-1.1 (Rev. 04-2023)
9/1/2026,2025,20260309,22911,32099,ENERGY TRANSFER COMPANY,1300 MAIN STREET,HOUSTON,TX,77002,US,Refined and/or Petroleum Product (non-HVL),,TEXAS,,104.99,104.99,,,,,,0.000,0.000,0,0.000,1237127580.000,0,210.59,0,0,0,0,210.59,0,0,0,0,0,0,0,0,210.59,0,0,0,0,210.59,0,0,0,0,0,0,0,0,0,0,0,0,0,0,0,55.82,0,55.82,0,0,0,0,0,0,124.84,0,124.84,8.28,0,8.28,1,0,1,189.94,189.94,0,INITIAL,6/8/2026,6/8/2026,7000-1.1 (Rev. 04-2023)
9/1/2026,2025,20260698,23309,32103,CRIMSON PIPELINE L.P.,1900 MAIN STREET,IRVINE,CA,92614,US,Crude Oil,,CALIFORNIA,,497.75,497.75,,,,,,,7583324225.000,,,,12,1344.78,5,123.84,0,0,1485.62,0,0,0,0,0,0,0,12,1344.78,5,123.84,0,0,1485.62,1.8,10.32,12.12,0,72.94,72.94,0,217,217,0,222,222,0,237,237,0,51,51,260.18,0,260.18,31.23,0,31.23,67.45,0,67.45,0.68,0,0.68,0,0,0,1171.6,361.34,810.26,INITIAL,6/15/2026,6/15/2026,7000-1.1 (Rev. 04-2023)
9/1/2026,2025,20260395,23001,32109,"ONEOK NGL PIPELINE, LLC",100 WEST FIFTH STREET,TULSA,OK,74103,US,HVL,"COLORADO, ILLINOIS, INDIANA, IOWA, KANSAS, MISSOURI, MONTANA, NEBRASKA, NEW MEXICO, NORTH DAKOTA, OKLAHOMA, TEXAS, WYOMING","KANSAS, OKLAHOMA, TEXAS",,5660.43,5660.43,,,,,,,,,484189289536.000,1961791334.000,191.77,13381.14,0,0,0,0,13572.91,0,0,0,0,0,0,0,191.77,13381.14,0,0,0,0,13572.91,5.73,0,5.73,0,0,0,0,4.36,4.36,0,86.81,86.81,670.02,82.76,752.78,1183.01,0,1183.01,579.53,0,579.53,339.84,0,339.84,844.72,0,844.72,3277.47,0,3277.47,1051.93,0,1051.93,8126.18,7952.25,173.93,INITIAL,6/10/2026,6/10/2026,7000-1.1 (Rev. 04-2023)
9/1/2026,2025,20260396,23002,32109,"ONEOK NGL PIPELINE, LLC",100 WEST FIFTH STREET,TULSA,OK,74103,US,Refined and/or Petroleum Product (non-HVL),"ILLINOIS, IOWA, KANSAS, NEBRASKA",TEXAS,,166.2,166.2,,,,,,,,,2449091182.000,4144248222.000,0,434.94,0,0,0,0,434.94,0,0,0,0,0,0,0,0,434.94,0,0,0,0,434.94,0,0,0,0,0,0,0,0,0,29.25,191.95,221.2,25.34,28.88,54.22,1.36,0,1.36,34.65,0,34.65,13.78,0,13.78,0,0,0,1.74,0,1.74,1.49,0,1.49,328.44,107.61,220.83,INITIAL,6/10/2026,6/10/2026,7000-1.1 (Rev. 04-2023)
9/1/2026,2025,20260515,23121,32114,COPANO NGL SERVICES LLC,"1001 LOUISIANA ST, SUITE 1000",HOUSTON,TX,77002,US,HVL,,TEXAS,,99.01,99.01,,,,,,,,,827284746.000,,0,183.831,0,0,0,0,183.831,0,0,0,0,0,0,0,0,183.831,0,0,0,0,183.831,0,0,0,0,2.459,2.459,0,0.627,0.627,0,0,0,0,6.658,6.658,0,0,0,46.719,0,46.719,0,0,0,0.107,0,0.107,32.662,0,32.662,0.092,0,0.092,89.324,79.58,9.744,INITIAL,6/12/2026,6/12/2026,7000-1.1 (Rev. 04-2023)
9/1/2026,2025,20260381,22987,32117,"ASCENSION PIPELINE COMPANY, LLC",100 WEST 5TH ST.,TULSA,OK,74103,US,Refined and/or Petroleum Product (non-HVL),,LOUISIANA,,28.07,28.07,,,,,,,,,,143793222.000,0,32.48,0,0,0,0,32.48,0,0,0,0,0,0,0,0,32.48,0,0,0,0,32.48,0,0,0,0,0,0,0,0,0,0,0,0,0,0,0,0,0,0,0,0,0,0,0,0,0,0,0,32.48,0,32.48,0,0,0,32.48,32.48,0,INITIAL,6/10/2026,6/10/2026,7000-1.1 (Rev. 04-2023)
9/1/2026,2025,20260009,22569,32120,NORTHVILLE INDUSTRIES CORP.,"225 BROADHOLLOW ROAD, SUITE 212W",MELVILLE,NY,11747,US,Refined and/or Petroleum Product (non-HVL),,NEW YORK,,36.69,36.69,,,,,,,,,,166289858.000,0,36.69,0,0,0,0,36.69,0,0,0,0,0,0,0,0,36.69,0,0,0,0,36.69,0,0,0,0,0,0,0,0,0,0,5.68,5.68,0,8.34,8.34,22.67,0,22.67,0,0,0,0,0,0,0,0,0,0,0,0,0,0,0,36.69,22.67,14.02,INITIAL,1/27/2026,1/27/2026,7000-1.1 (Rev. 04-2023)
9/1/2026,2025,20260111,22698,32135,PHILLIPS 66 COMPANY - LOS ANGELES REFINERY,1660 W. ANAHEIM ST.,WILMINGTON,CA,90744,,Crude Oil,,CALIFORNIA,,,0,,,,,,,,,,,0,0,0,0,0,0,0,0,0,0,0,0,0,0,0,0,0,0,0,0,0,0,0,0,0,0,0,0,0,0,0,0,0,0,0,0,0,0,0,0,0,0,0,0,0,0,0,0,0,0,0,0,0,0,0,0,0,INITIAL,5/12/2026,5/12/2026,7000-1.1 (Rev. 04-2023)
9/1/2026,2025,20260112,22699,32135,PHILLIPS 66 COMPANY - LOS ANGELES REFINERY,1660 W. ANAHEIM ST.,WILMINGTON,CA,90744,,Refined and/or Petroleum Product (non-HVL),,CALIFORNIA,,,0,,,,,,,,,,,0,0,0,0,0,0,0,0,0,0,0,0,0,0,0,0,0,0,0,0,0,0,0,0,0,0,0,0,0,0,0,0,0,0,0,0,0,0,0,0,0,0,0,0,0,0,0,0,0,0,0,0,0,0,0,0,0,INITIAL,5/12/2026,5/12/2026,7000-1.1 (Rev. 04-2023)
9/1/2026,2025,20260508,23404,32147,MARATHON PIPE LINE LLC,539 SOUTH MAIN STREET,FINDLAY,OH,45840,US,Crude Oil,"COLORADO, ILLINOIS, INDIANA, KENTUCKY, LOUISIANA, MICHIGAN, MISSISSIPPI, MISSOURI, OHIO, OKLAHOMA, TENNESSEE, TEXAS, UTAH, WEST VIRGINIA, WYOMING","CALIFORNIA, COLORADO, ILLINOIS, KENTUCKY, MINNESOTA, OHIO, TEXAS, UTAH, WYOMING",,2070.90,2070.90,,,,,,,173296508297.000,,,,0,2684,13.6,0,0,0,2697.6,0,0,0,0,0,0,0,0,2684,13.6,0,0,0,2697.6,0.2,3.6,3.8,0,1,1,0.1,466.4,466.5,0,60.1,60.1,40.5,139.6,180.1,188.6,1.1,189.7,3.5,0.4,3.9,123.9,6.7,130.6,87.2,11,98.2,58.6,0.1,58.7,3.3,0,3.3,1195.9,505.9,690,SUPPLEMENTAL,6/12/2026,8/28/2026,7000-1.1 (Rev. 04-2023)
9/1/2026,2025,20260493,23393,32147,MARATHON PIPE LINE LLC,539 SOUTH MAIN STREET,FINDLAY,OH,45840,US,HVL,"ILLINOIS, INDIANA, KENTUCKY, NEW MEXICO, TEXAS, WEST VIRGINIA","CALIFORNIA, MICHIGAN, TEXAS",,335.90,335.90,,,,,,,,,25646766431.000,,0,707.73,0,0,0,0,707.73,0,0,0,0,0,0,0,0,707.73,0,0,0,0,707.73,0,0,0,0,0,0,0,0,0,0,154.3,154.3,0,32.5,32.5,79.3,0,79.3,6.8,0,6.8,7,0.1,7.1,6.6,0,6.6,44.9,0,44.9,286.1,31.1,317.2,648.7,430.7,218,SUPPLEMENTAL,6/12/2026,8/6/2026,7000-1.1 (Rev. 04-2023)
9/1/2026,2025,20260517,23123,32147,MARATHON PIPE LINE LLC,539 SOUTH MAIN STREET,FINDLAY,OH,45840,US,Refined and/or Petroleum Product (non-HVL),"ARKANSAS, IDAHO, ILLINOIS, INDIANA, KENTUCKY, LOUISIANA, MICHIGAN, MISSISSIPPI, OHIO, OREGON, PENNSYLVANIA, TENNESSEE, TEXAS, UTAH, WASHINGTON, WEST VIRGINIA","ALASKA, CALIFORNIA, KENTUCKY, OHIO, TEXAS, UTAH",,2953.80,2953.80,,,,,,,,,715799153.000,47739050188.000,3.4,4773.2,0,0,0,0,4776.6,0,0,0,0,0,0,0,3.4,4773.2,0,0,0,0,4776.6,0,112.3,112.3,0,0,0,2.1,153.3,155.4,0,1067,1067,6.5,178.7,185.2,245.8,76,321.8,128.1,2.8,130.9,109.2,7.8,117,245.5,21.6,267.1,134.1,4.2,138.3,5.4,0.2,5.6,2500.6,876.7,1623.9,INITIAL,6/12/2026,6/12/2026,7000-1.1 (Rev. 04-2023)
9/1/2026,2025,20260141,22734,32174,MCCAIN PIPELINE COMPANY,"4635 SOUTHWEST FREEWAY, SUITE 910",HOUSTON,TX,77027,US,Refined and/or Petroleum Product (non-HVL),,MISSISSIPPI,,0.00,0.00,,,,,,,,,,741178.000,0,5.1,0,0,0,0,5.1,0,0,0,0,0,0,0,0,5.1,0,0,0,0,5.1,0,0,0,0,0,0,0,0,0,0,0,0,5.1,0,5.1,0,0,0,0,0,0,0,0,0,0,0,0,0,0,0,0,0,0,5.1,5.1,0,INITIAL,5/19/2026,5/19/2026,7000-1.1 (Rev. 04-2023)
9/1/2026,2025,20260473,23079,32213,"DIAMOND SHAMROCK REFINING COMPANY, L.P.",1 VALERO WAY,SAN ANTONIO,TX,78249,US,Crude Oil,,TEXAS,,,0.00,,,,,,,,,,,0,0,0,0,0,0,0,0,0,0,0,0,0,0,0,0,0,0,0,0,0,0,0,0,0,0,0,0,0,0,0,0,0,0,0,0,0,0,0,0,0,0,0,0,0,0,0,0,0,0,0,0,0,0,0,0,0,INITIAL,6/12/2026,6/12/2026,7000-1.1 (Rev. 04-2023)
9/1/2026,2025,20260474,23080,32213,"DIAMOND SHAMROCK REFINING COMPANY, L.P.",1 VALERO WAY,SAN ANTONIO,TX,78249,US,Refined and/or Petroleum Product (non-HVL),,TEXAS,,,0,,,,,,,,,,,0,0,0,0,0,0,0,0,0,0,0,0,0,0,0,0,0,0,0,0,0,0,0,0,0,0,0,0,0,0,0,0,0,0,0,0,0,0,0,0,0,0,0,0,0,0,0,0,0,0,0,0,0,0,0,0,0,INITIAL,6/12/2026,6/12/2026,7000-1.1 (Rev. 04-2023)
9/1/2026,2025,20260103,22686,32215,NOVA CHEMICALS CORPORATION,250 5TH STREET,CALGARY,ALBERTA,T2P 0R4,CA,HVL,,MICHIGAN,,11.15,11.15,,,,,,0.000,0.000,0,10008975.000,0.000,0,11.15,0,0,0,0,11.15,0,0,0,0,0,0,0,0,11.15,0,0,0,0,11.15,0,0,0,0,0,0,0,0,0,0,0,0,0,0,0,0,0,0,11.13,0,11.13,0,0,0,0,0,0,0.02,0,0.02,0,0,0,11.15,11.15,0,INITIAL,5/5/2026,5/5/2026,7000-1.1 (Rev. 04-2023)
9/1/2026,2025,20260661,23269,32223,VALERO REFINING COMPANY-CALIFORNIA,1 VALERO WAY,SAN ANTONIO,TX,78249,US,Crude Oil,,CALIFORNIA,,5.20,5.20,,,,,,,35561329.000,,,,0,5.203,0,0,0,0,5.203,0,0,0,0,0,0,0,0,5.203,0,0,0,0,5.203,0,0,0,0,0,0,0,0,0,0,0,0,0,2.142,2.142,0,0,0,0,0,0,0,0,0,0,0,0,0,0,0,0,0,0,2.142,0,2.142,INITIAL,6/15/2026,6/15/2026,7000-1.1 (Rev. 04-2023)
9/1/2026,2025,20260662,23270,32223,VALERO REFINING COMPANY-CALIFORNIA,1 VALERO WAY,SAN ANTONIO,TX,78249,US,Refined and/or Petroleum Product (non-HVL),,CALIFORNIA,,3.392,3.392,,,,,,,3711545.000,,,,0,3.393,0,0,0,0,3.393,0,0,0,0,0,0,0,0,3.393,0,0,0,0,3.393,0,0,0,0,0,0,0,0,0,0,0,0,0,0.324,0.324,0,0,0,0,0,0,0.084,0,0.084,0,0,0,0,0,0,0,0,0,0.408,0.084,0.324,INITIAL,6/15/2026,6/15/2026,7000-1.1 (Rev. 04-2023)
9/1/2026,2025,20260281,22883,32224,BETA OFFSHORE,"111 OCEAN BLVD, SUITE 1240",LONG BEACH,CA,90802,US,Crude Oil,"CALIFORNIA, OCS-Pacific",,15.19,2.6,17.79,,30689937,,,,,5253050.000,,,,0,2.6,0,0,0,0,2.6,0,15.19,0,0,0,0,15.19,0,17.79,0,0,0,0,17.79,0,0,0,0,0,0,0,0,0,0,0,0,0,0,0,0,0,0,16.75,0,16.75,0.21,0,0.21,0.29,0,0.29,0.54,0,0.54,0,0,0,17.79,17.79,0,INITIAL,6/5/2026,6/5/2026,7000-1.1 (Rev. 04-2023)
9/1/2026,2025,20260105,22690,32248,"FRONTIER FIELD SERVICES, LLC",303 VETERANS AIRPARK LANE,MIDLAND,TX,79705,US,HVL,,NEW MEXICO,,0,0,,,,,,0.000,0.000,0,23383001.000,0.000,0,12.33,0,0,0,0,12.33,0,0,0,0,0,0,0,0,12.33,0,0,0,0,12.33,0,0,0,0,0,0,0,0,0,0,0,0,0,0,0,0,0,0,0,0,0,0,0,0,3.65,0,3.65,3.93,0,3.93,4.75,0,4.75,12.33,12.33,0,INITIAL,5/6/2026,5/6/2026,7000-1.1 (Rev. 04-2023)
9/1/2026,2025,20260663,23271,32251,"RIBOST TERMINAL LLC, DBA WORLD OIL TERMINALS",9302 GARFIELD AVE.,SOUTH GATE,CA,90280,US,Crude Oil,,CALIFORNIA,,0.22,0.22,,,,,,,222314.000,,,,0,0.22,0,0,0,0,0.22,0,0,0,0,0,0,0,0,0.22,0,0,0,0,0.22,0,0,0,0,0,0,0,0,0,0,0,0,0,0,0,0,0,0,0,0,0,0,0,0,0.22,0,0.22,0,0,0,0,0,0,0.22,0.22,0,INITIAL,6/15/2026,6/15/2026,7000-1.1 (Rev. 04-2023)
9/1/2026,2025,20260646,23254,32258,PEMBINA COCHIN LLC,"4000, 585-8 AVE SW",CALGARY,AB,T2P1G1,CA,Crude Oil,"ILLINOIS, INDIANA, IOWA, MICHIGAN, MINNESOTA, NORTH DAKOTA, OHIO",,,199.10,199.10,,,,,,,30005002472.000,,,,0,1190.364,0,0,0,0,1190.364,0,0,0,0,0,0,0,0,1190.364,0,0,0,0,1190.364,0,0,0,0,0,0,0,0,0,0,0,0,0,0,0,1143.129,0,1143.129,0.163,0,0.163,38.765,0,38.765,4.388,0,4.388,3.405,0,3.405,0.514,0,0.514,1190.364,1190.364,0,INITIAL,6/15/2026,6/15/2026,7000-1.1 (Rev. 04-2023)
9/1/2026,2025,20260083,22663,32277,OXEA CORPORATION,2001 FM 3057,BAY CITY,TX,77414,US,HVL,,TEXAS,,15.45,15.45,,,,,,,,,53611199.000,,0,51,0,0,0,0,51,0,0,0,0,0,0,0,0,51,0,0,0,0,51,0,0,0,0,0,0,0,0,0,0,0,0,0,0,0,50.5,0,50.5,0,0,0,0,0,0,0,0,0,0,0,0,0.5,0,0.5,51,51,0,INITIAL,4/14/2026,4/14/2026,7000-1.1 (Rev. 04-2023)
9/1/2026,2025,20260124,22717,32283,"FRONT RANGE PIPELINE, LLC.",803 HIGHWAY 212 SOUTH,Laurel,MT,59044,,Crude Oil,,MONTANA,,73.98,73.98,,,,,,0.000,7954397757.000,0,0.000,0.000,0,429.98,0,0,0,0,429.98,0,0,0,0,0,0,0,0,429.98,0,0,0,0,429.98,0,0,0,0,0,0,0,0,0,0,16.31,16.31,0,0,0,0,0,0,32.71,0,32.71,366.82,0,366.82,6.65,0,6.65,7.47,0,7.47,0.01,0,0.01,429.97,413.66,16.31,INITIAL,5/14/2026,5/14/2026,7000-1.1 (Rev. 04-2023)
9/1/2026,2025,20260405,23011,32284,PENNZOIL-QUAKER STATE D/B/A SOPUS PRODUCTS,1926 E. PACIFIC COAST HIGHWAY,WILMINGTON,CA,90744,US,Refined and/or Petroleum Product (non-HVL),,CALIFORNIA,,8.76,8.76,,,,,,,,,,515253.000,0,13.19,0,0,0,0,13.19,0,0,0,0,0,0,0,0,13.19,0,0,0,0,13.19,0,0,0,0,0,0,0,0,0,0,0,0,0,11.21,11.21,0,0,0,0,0,0,0,0,0,1.64,0,1.64,0.01,0,0.01,0,0,0,12.86,1.65,11.21,INITIAL,6/11/2026,6/11/2026,7000-1.1 (Rev. 04-2023)
9/1/2026,2025,20260249,22848,32285,"WORSHAM-STEED GAS STORAGE, LLC",ONE WILLIAMS CENTER,TULSA,OK,74172,US,HVL,,TEXAS,,0.00,0.00,,,,,,,,,0.000,,0,6.8,0,0,0,0,6.8,0,0,0,0,0,0,0,0,6.8,0,0,0,0,6.8,0,0,0,0,0,0,0,0,0,0,0,0,0,0,0,0,0,0,0,0,0,0,0,0,0,0,0,0,0,0,0,0,0,0,0,0,INITIAL,6/4/2026,6/4/2026,7000-1.1 (Rev. 04-2023)
9/1/2026,2025,20260306,22908,32288,"WHITE CLIFFS PIPELINE, LLC",1300 MAIN STREET,HOUSTON,TX,77002,US,Crude Oil,"COLORADO, KANSAS, OKLAHOMA",,,101.82,101.82,0,0,0,0,0,0.000,14294299004.000,0,0.000,0.000,0,527.06,0,0,0,0,527.06,0,0,0,0,0,0,0,0,527.06,0,0,0,0,527.06,0,0,0,0,0,0,0,0,0,0,0,0,0,0,0,0,0,0,0,0,0,0,0,0,0,0,0,527.06,0,527.06,0,0,0,527.06,527.06,0,INITIAL,6/8/2026,6/8/2026,7000-1.1 (Rev. 04-2023)
9/1/2026,2025,20260305,22907,32288,"WHITE CLIFFS PIPELINE, LLC",1300 MAIN STREET,HOUSTON,TX,77002,US,HVL,"COLORADO, KANSAS, OKLAHOMA",,,94.49,94.49,0,0,0,0,0,0.000,0.000,0,4677869280.000,0.000,0,539.36,0,0,0,0,539.36,0,0,0,0,0,0,0,0,539.36,0,0,0,0,539.36,0,0,0,0,0,0,0,0,0,0,0,0,0,0,0,0,0,0,0,0,0,0,0,0,526.46,0,526.46,0.05,0,0.05,0,0,0,526.51,526.51,0,INITIAL,6/8/2026,6/8/2026,7000-1.1 (Rev. 04-2023)
9/1/2026,2025,20260455,23061,32296,TARGA RESOURCES OPERATING LLC,811 LOUISIANA ST. SUITE 2100,HOUSTON,TX,77002,US,Crude Oil,,NORTH DAKOTA,,14.7,14.7,,,,,,,3294033909.000,,,,0,99.46,0,0,0,0,99.46,0,0,0,0,0,0,0,0,99.46,0,0,0,0,99.46,0,0,0,0,0,0,0,0,0,0,0,0,0,0,0,0,0,0,0,0,0,0,0,0,0,0,0,96.67,0,96.67,2.79,0,2.79,99.46,99.46,0,INITIAL,6/11/2026,6/11/2026,7000-1.1 (Rev. 04-2023)
9/1/2026,2025,20260462,23068,32296,TARGA RESOURCES OPERATING LLC,811 LOUISIANA ST,HOUSTON,TX,77002,US,HVL,"LOUISIANA, TEXAS","LOUISIANA, MISSISSIPPI, TEXAS",,136.16,136.16,,,,,,,,,1065711691.000,,9.664,474.71,0,0,0,0,484.374,0,0,0,0,0,0,0,9.664,474.71,0,0,0,0,484.374,0,0,0,0,32.29,32.29,0,2.61,2.61,0,77.3,77.3,0,169.421,169.421,127.91,0,127.91,19.738,0,19.738,25.9,0,25.9,3.49,0,3.49,10.5,0,10.5,0.78,0,0.78,469.939,188.318,281.621,INITIAL,6/12/2026,6/12/2026,7000-1.1 (Rev. 04-2023)
9/1/2026,2025,20260379,22985,32296,TARGA RESOURCES OPERATING LLC,811 LOUISIANA ST,HOUSTON,TX,77002,US,Refined and/or Petroleum Product (non-HVL),,"LOUISIANA, TEXAS",,0.00,0.00,,,,,,,,,,4358396.000,0,6.25,0,0,0,0,6.25,0,0,0,0,0,0,0,0,6.25,0,0,0,0,6.25,0,0,0,0,0,0,0,0,0,0,0,0,0,0,0,0,0,0,0,0,0,0,0,0,1.86,0,1.86,0.68,0,0.68,3.71,0,3.71,6.25,6.25,0,INITIAL,6/10/2026,6/10/2026,7000-1.1 (Rev. 04-2023)
9/1/2026,2025,20260037,22604,32312,"REPSOL OIL & GAS USA, LLC",2455 TECHNOLOGY FOREST BLVD,THE WOODLANDS,TX,77381,US,Crude Oil,,TEXAS,,0.00,0.00,,,,,,0.000,0.000,0,0.000,0.000,0,0,0,0,0,0,0,0,0,0,0,0,0,0,0,0,0,0,0,0,0,0,0,0,0,0,0,0,0,0,0,0,0,0,0,0,0,0,0,0,0,0,0,0,0,0,0,0,0,0,0,0,0,0,0,0,0,INITIAL,3/4/2026,3/4/2026,7000-1.1 (Rev. 04-2023)
9/1/2026,2025,20260227,22826,32327,TEXAS PIPELINE LLC,16211 LA CANTERA PARKWAY,SAN ANTONIO,TX,78256,US,HVL,,TEXAS,,0,0,,,,,,,,,14120279.000,,0,54.66,0,0,0,0,54.66,0,0,0,0,0,0,0,0,54.66,0,0,0,0,54.66,0,0,0,0,0,0,0,0,0,0,0,0,0,0,0,0,0,0,0,0,0,0,0,0,0,0,0,54.6,0,54.6,0.06,0,0.06,54.66,54.66,0,INITIAL,6/3/2026,6/3/2026,7000-1.1 (Rev. 04-2023)
9/1/2026,2025,20260084,22664,32331,"PASADENA REFINING SYSTEM, INC.",111 RED BLUFF ROAD,PASADENA,TX,77506,US,Crude Oil,,TEXAS,,2.44,2.44,,,,,,0.000,0.000,0,0.000,0.000,0,2.44,0,0,0,0,2.44,0,0,0,0,0,0,0,0,2.44,0,0,0,0,2.44,0,0,0,0,0,0,0,0,0,0,0,0,0,0,0,0,0,0,0,0,0,0,0,0,0,0,0,0,0,0,0,0,0,0,0,0,INITIAL,4/16/2026,4/16/2026,7000-1.1 (Rev. 04-2023)
9/1/2026,2025,20260086,22666,32331,"PASADENA REFINING SYSTEM, INC.",111 RED BLUFF ROAD,PASADENA,TX,77506,US,HVL,,TEXAS,,5.23,5.23,,,,,,,,,484722.000,,0,5.23,0,0,0,0,5.23,0,0,0,0,0,0,0,0,5.23,0,0,0,0,5.23,0,0,0,0,0,0,0,0,0,0,0,0,0,0,0,0,0,0,0,0,0,0,0,0,0,0,0,0,0,0,0,0,0,0,0,0,INITIAL,4/16/2026,4/16/2026,7000-1.1 (Rev. 04-2023)
9/1/2026,2025,20260085,22665,32331,"PASADENA REFINING SYSTEM, INC.",111 RED BLUFF ROAD,PASADENA,TX,77506,US,Refined and/or Petroleum Product (non-HVL),,TEXAS,,8.011,8.011,,,,,,,,,,1009908.000,0,8.011,0,0,0,0,8.011,0,0,0,0,0,0,0,0,8.011,0,0,0,0,8.011,0,0,0,0,0,0,0,0,0,0,0,0,0,0,0,0,0,0,0,0,0,0,0,0,0,0,0,0,0,0,0,0,0,0,0,0,INITIAL,4/16/2026,4/16/2026,7000-1.1 (Rev. 04-2023)
9/1/2026,2025,20260476,23082,32334,SOUTH BOW INFRASTRUCTURE OPERATIONS INC.,920 MEMORIAL CITY WAY,HOUSTON,TX,77024,US,Crude Oil,"ILLINOIS, KANSAS, MISSOURI, NEBRASKA, NORTH DAKOTA, OKLAHOMA, SOUTH DAKOTA, TEXAS",,,432.55,432.55,,,,,,,332479655703.000,,,,0,1929.81,0,0,0,0,1929.81,0,0,0,0,0,0,0,0,1929.81,0,0,0,0,1929.81,0,0,0,0,0,0,0,0,0,0,0,0,0,0,0,0,0,0,0,0,0,0,0,0,0,0,0,0.43,0,0.43,0,0,0,0.43,0.43,0,INITIAL,6/12/2026,6/12/2026,7000-1.1 (Rev. 04-2023)
9/1/2026,2025,20260562,23168,32346,"TTLENRGES PTROCHM & REF USA, INC",HWY 366 & 32ND STREET,PORT ARTHUR,TX,77641-8870,US,Crude Oil,,TEXAS,,13.6,13.6,,,,,,,166665885.000,,,,0,13.6,0,0,0,0,13.6,0,0,0,0,0,0,0,0,13.6,0,0,0,0,13.6,0,0,0,0,13.6,13.6,0,0,0,0,0,0,0,0,0,0,0,0,0,0,0,0,0,0,0,0,0,0,0,0,0,0,0,13.6,0,13.6,INITIAL,6/14/2026,6/14/2026,7000-1.1 (Rev. 04-2023)
9/1/2026,2025,20260566,23172,32346,"TTLENRGES PTROCHM & REF USA, INC",HWY 366 & 32ND STREET,PORT ARTHUR,TX,77641-8870,US,HVL,,TEXAS,,18.37,18.37,,,,,,,,,19793763.000,,0,18.37,0,0,0,0,18.37,0,0,0,0,0,0,0,0,18.37,0,0,0,0,18.37,0,0,0,0,0,0,0,0,0,0,0,0,0,18.37,18.37,0,0,0,0,0,0,0,0,0,0,0,0,0,0,0,0,0,0,18.37,0,18.37,INITIAL,6/15/2026,6/15/2026,7000-1.1 (Rev. 04-2023)
9/1/2026,2025,20260563,23282,32346,"TTLENRGES PTROCHM & REF USA, INC",HWY 366 & 32ND STREET,PORT ARTHUR,TX,77641-8870,US,Refined and/or Petroleum Product (non-HVL),,TEXAS,,14.72,14.72,,,,,,,,,,329817418.000,0,14.72,0,0,0,0,14.72,0,0,0,0,0,0,0,0,14.72,0,0,0,0,14.72,0,0,0,0,0,0,0,2.8,2.8,0,7.12,7.12,0,0,0,0,0,0,0,0,0,4.8,0,4.8,0,0,0,0,0,0,0,0,0,14.72,4.8,9.92,SUPPLEMENTAL,6/14/2026,6/15/2026,7000-1.1 (Rev. 04-2023)
9/1/2026,2025,20260428,23034,32364,"VALERO REFINING-NEW ORLEANS, L.L.C.",1 VALERO WAY,SAN ANTONIO,TX,78249,US,Crude Oil,,LOUISIANA,,1.35,1.35,,,,,,,32383494.000,,,,0,1.346,0,0,0,0,1.346,0,0,0,0,0,0,0,0,1.346,0,0,0,0,1.346,0,0,0,0,0,0,0,0,0,0,0,0,0,0,0,0,0,0,0,0,0,0,0,0,0,0,0,0,0,0,0,0,0,0,0,0,INITIAL,6/11/2026,6/11/2026,7000-1.1 (Rev. 04-2023)
9/1/2026,2025,20260431,23037,32364,"VALERO REFINING-NEW ORLEANS, L.L.C.",1 VALERO WAY,SAN ANTONIO,TX,78249,US,HVL,,LOUISIANA,,1.56,1.56,,,,,,,,,1368336.000,,0,1.563,0,0,0,0,1.563,0,0,0,0,0,0,0,0,1.563,0,0,0,0,1.563,0,0,0,0,0,0,0,0,0,0,0,0,0,0,0,0,0,0,1.461,0,1.461,0,0,0,0,0,0,0,0,0,0,0,0,1.461,1.461,0,INITIAL,6/11/2026,6/11/2026,7000-1.1 (Rev. 04-2023)
9/1/2026,2025,20260432,23038,32364,"VALERO REFINING-NEW ORLEANS, L.L.C.",1 VALERO WAY,SAN ANTONIO,TX,78249,US,Refined and/or Petroleum Product (non-HVL),,LOUISIANA,,1.621,1.621,,,,,,,,,,36990818.000,0,1.621,0,0,0,0,1.621,0,0,0,0,0,0,0,0,1.621,0,0,0,0,1.621,0,0,0,0,0,0,0,0,0,0,0,0,0,0,0,0,0,0,0,0,0,0,0,0,0,0,0,0,0,0,0,0,0,0,0,0,INITIAL,6/11/2026,6/11/2026,7000-1.1 (Rev. 04-2023)
9/1/2026,2025,20260482,23088,32407,"GENESIS PIPELINE TEXAS, L.P.",811 LOUISIANA ST.,HOUSTON,TX,77002-5417,US,Crude Oil,,TEXAS,,63.37,63.37,0,0,0,0,0,0.000,147466150.000,0,0.000,0.000,0.73,92.85,0,0,0,0,93.58,0,0,0,0,0,0,0,0.73,92.85,0,0,0,0,93.58,0,0,0,0,0,0,0,0,0,0,0,0,0,1.1,1.1,1.3,0,1.3,0.08,0,0.08,0.19,0,0.19,0.03,0,0.03,4.78,0,4.78,0.21,0,0.21,7.69,6.59,1.1,INITIAL,6/12/2026,6/12/2026,7000-1.1 (Rev. 04-2023)
9/1/2026,2025,20260481,23087,32411,"GENESIS PIPELINE ALABAMA, LLC",811 LOUISIANA ST.,HOUSTON,TX,77002-5417,US,Crude Oil,,ALABAMA,,19.60,19.60,0,0,0,0,0,0.000,34289356.000,0,0.000,0.000,0,31.44,0,0,0,0,31.44,0,0,0,0,0,0,0,0,31.44,0,0,0,0,31.44,0,0,0,0,0,0,0,0,0,0,0,0,0,0,0,0,0,0,0,0,0,0,0,0,31.44,0,31.44,0,0,0,0,0,0,31.44,31.44,0,INITIAL,6/12/2026,6/12/2026,7000-1.1 (Rev. 04-2023)
9/1/2026,2025,20260633,23241,32428,"INTERCONTINENTAL TERMINAL COMPANY, LLC",1943 BATTLEGROUND ROAD,DEER PARK,TX,77536,US,HVL,,TEXAS,0,3.19,3.19,,,,0,,,,,1946688.000,,0,3.19,0,0,0,0,3.19,0,0,0,0,0,0,0,0,3.19,0,0,0,0,3.19,0,0,0,0,0,0,0,0,0,0,0,0,0,0,0,0,0,0,0,0,0,0,0,0,0,0,0,0,0,0,0,0,0,0,0,0,INITIAL,6/15/2026,6/15/2026,7000-1.1 (Rev. 04-2023)
9/1/2026,2025,20260634,23242,32428,"INTERCONTINENTAL TERMINAL COMPANY, LLC",1943 BATTLEGROUND ROAD,DEER PARK,TX,77536,US,Refined and/or Petroleum Product (non-HVL),,TEXAS,0.00,11.97,11.97,,,,,0,,,,,9295462.000,0,11.97,0,0,0,0,11.97,0,0,0,0,0,0,0,0,11.97,0,0,0,0,11.97,0,0,0,0,0,0,0,0,0,0,0,0,0,0,0,0,0,0,0,0,0,0,0,0,0,0,0,0,0,0,11.97,0,11.97,11.97,11.97,0,INITIAL,6/15/2026,6/15/2026,7000-1.1 (Rev. 04-2023)
9/1/2026,2025,20260578,23184,32445,TARGA SOUTHTEX NGL PIPELINE LTD.,811 Louisiana St. Suite 2100,Houston,TX,77002,US,HVL,,TEXAS,0.00,35.02,35.02,,,,,,,,,429010348.000,,0,102.94,0,0,0,0,102.94,0,0,0,0,0,0,0,0,102.94,0,0,0,0,102.94,0,0,0,0,0,0,0,0,0,0,0,0,0,0,0,0,0,0,0,0,0,0,0,0,0,0,0,102.94,0,102.94,0,0,0,102.94,102.94,0,INITIAL,6/15/2026,6/15/2026,7000-1.1 (Rev. 04-2023)
9/1/2026,2025,20260375,22981,32445,TARGA SOUTHTEX NGL PIPELINE LTD.,811 Louisiana St. Suite 2100,Houston,TX,77002,US,Refined and/or Petroleum Product (non-HVL),,TEXAS,,0.00,0.00,,,,,,,,,,,0,4.86,0,0,0,0,4.86,0,0,0,0,0,0,0,0,4.86,0,0,0,0,4.86,0,0,0,0,0,0,0,0,0,0,0,0,0,0,0,0,0,0,0,0,0,0,0,0,3.49,0,3.49,1.37,0,1.37,0,0,0,4.86,4.86,0,INITIAL,6/10/2026,6/10/2026,7000-1.1 (Rev. 04-2023)
9/1/2026,2025,20260386,22992,32450,"ROADRUNNER PIPELINE, L.L.C.",2323 VICTORY AVE.,DALLAS,TX,75219,US,Crude Oil,"NEW MEXICO, TEXAS",,,5.43,5.43,,,,,,,989199510.000,,,,0,69.33,0,0,0,0,69.33,0,0,0,0,0,0,0,0,69.33,0,0,0,0,69.33,0,0,0,0,0,0,0,0,0,0,0,0,0,0,0,0,0,0,0,0,0,0,0,0,69.33,0,69.33,0,0,0,0,0,0,69.33,69.33,0,INITIAL,6/10/2026,6/10/2026,7000-1.1 (Rev. 04-2023)
9/1/2026,2025,20260624,23232,32453,BPX (EAGLE FORD) GATHERING LLC,1700 Platte Street,Denver,CO,80202,US,Crude Oil,,TEXAS,,0.00,0.00,,,,,,,637783768.000,,,,0,46.76,0,0,0,0,46.76,0,0,0,0,0,0,0,0,46.76,0,0,0,0,46.76,0,0,0,0,0,0,0,0,0,0,0,0,0,0,0,0,0,0,0,0,0,0,0,0,0,0,0,46.76,0,46.76,0,0,0,46.76,46.76,0,INITIAL,6/15/2026,6/15/2026,7000-1.1 (Rev. 04-2023)
9/1/2026,2025,20260026,22586,32473,OP RENO LLC,13205 MANCHESTER ROAD,Saint Louis,MO,63131,US,Refined and/or Petroleum Product (non-HVL),,NEVADA,,0,0,,,,,,,,,,,0,0,0,0,0,0,0,0,0,0,0,0,0,0,0,0,0,0,0,0,0,0,0,0,0,0,0,0,0,0,0,0,0,0,0,0,0,0,0,0,0,0,0,0,0,0,0,0,0,0,0,0,0,0,0,0,0,INITIAL,2/23/2026,2/23/2026,7000-1.1 (Rev. 04-2023)
9/1/2026,2025,20260369,22975,32476,"TREETOP MIDSTREAM SERVICES, LLC","602 CRESCENT PLACE, SUITE 100",RIDGELAND,MS,39157,US,CO2,,MISSISSIPPI,,0,0,,,,,,35409.000,,,,,0,0.265,0,0,0,0,0.265,0,0,0,0,0,0,0,0,0.265,0,0,0,0,0.265,0,0,0,0,0,0,0,0,0,0,0,0,0,0,0,0,0,0,0,0,0,0,0,0,0,0,0,0.265,0,0.265,0,0,0,0.265,0.265,0,INITIAL,6/10/2026,6/10/2026,7000-1.1 (Rev. 04-2023)
9/1/2026,2025,20260479,23085,32492,"GENESIS CRUDE OIL, L.P.",811 LOUISIANA ST.,HOUSTON,TX,77002,US,Crude Oil,,LOUISIANA,,0.13,0.13,0,0,0,0,0,0.000,82715.000,0,0.000,0.000,0,2.16,0,0,0,0,2.16,0,0,0,0,0,0,0,0,2.16,0,0,0,0,2.16,0,0,0,0,0,0,0,0,0,0,0,0,0,0,0,0,0,0,1.8,0,1.8,0,0,0,0,0,0,0,0,0,0,0,0,1.8,1.8,0,INITIAL,6/12/2026,6/12/2026,7000-1.1 (Rev. 04-2023)
9/1/2026,2025,20260507,23113,32493,"UNEV PIPELINE, LLC",2323 VICTORY AVE.,DALLAS,TX,75219,US,Refined and/or Petroleum Product (non-HVL),"NEVADA, UTAH",,,156.33,156.33,,,,,,,,,,4305822314.000,0,426.52,0,0,0,0,426.52,0,0,0,0,0,0,0,0,426.52,0,0,0,0,426.52,0,0,0,0,0,0,0,0,0,0,0,0,0,0,0,0,0,0,0,0,0,0,0,0,0.37,0,0.37,426.15,0,426.15,0,0,0,426.52,426.52,0,INITIAL,6/12/2026,6/12/2026,7000-1.1 (Rev. 04-2023)
9/1/2026,2025,20260536,23142,32495,"DELAWARE PIPELINE COMPANY, LLC",ONE SYLVAN WAY - SECOND FLOOR,PARSIPPANY,NJ,07054,,Refined and/or Petroleum Product (non-HVL),"DELAWARE, PENNSYLVANIA",,,22.71,22.71,,,,,,,,,,770831757.000,0,23.38,0,0,0,0,23.38,0,0,0,0,0,0,0,0,23.38,0,0,0,0,23.38,0,0,0,0,0,0,0,0,0,0,0,0,0,0,0,0,0,0,23.37,0,23.37,0,0,0,0,0,0,0.01,0,0.01,0,0,0,23.38,23.38,0,INITIAL,6/12/2026,6/12/2026,7000-1.1 (Rev. 04-2023)
9/1/2026,2025,20260610,23218,32502,ENBRIDGE PIPELINES (SOUTHERN LIGHTS) L.L.C.,"915 N ELDRIDGE PARKWAY, SUITE 1100",HOUSTON,TX,77079,US,Refined and/or Petroleum Product (non-HVL),"ILLINOIS, MINNESOTA, NORTH DAKOTA, WISCONSIN",,,453.08,453.08,,,,,,0.000,0.000,0,0.000,52400052431.000,0,817.291,0,0,0,0,817.291,0,0,0,0,0,0,0,0,817.291,0,0,0,0,817.291,0,0,0,0,0,0,0,0,0,0,0.629,0.629,0,0,0,0,0,0,1.903,0,1.903,0,0,0,573.199,0,573.199,108.976,0,108.976,0,0,0,684.707,684.078,0.629,INITIAL,6/15/2026,6/15/2026,7000-1.1 (Rev. 04-2023)
9/1/2026,2025,20260161,22754,32503,"CALUMET SHREVEPORT REFINING, LLC",1060 N Capitol Ave,INDIANAPOLIS,IN,46204,US,Crude Oil,,LOUISIANA,,6.85,6.85,,,,,,,96236340.000,,,,0,6.85,0,0,0,0,6.85,0,0,0,0,0,0,0,0,6.85,0,0,0,0,6.85,0,0,0,0,0,0,0,0,0,0,0,0,0,0,0,6.84,0,6.84,0,0,0,0,0,0,0,0,0,0.01,0,0.01,0,0,0,6.85,6.85,0,INITIAL,5/27/2026,5/27/2026,7000-1.1 (Rev. 04-2023)
9/1/2026,2025,20260078,22656,32520,CITY OF BANGOR,Bangor City Hall,BANGOR,ME,04401-5118,US,Refined and/or Petroleum Product (non-HVL),,MAINE,,0.93,0.93,,,,,,0.000,0.000,0,0.000,407621.000,0,0.934,0,0,0,0,0.934,0,0,0,0,0,0,0,0,0.934,0,0,0,0,0.934,0,0,0,0,0,0,0,0,0,0.934,0,0.934,0,0,0,0,0,0,0,0,0,0,0,0,0,0,0,0,0,0,0,0,0,0.934,0.934,0,INITIAL,4/13/2026,4/13/2026,7000-1.1 (Rev. 04-2023)
9/1/2026,2025,20260328,22930,32537,WYOMING PIPELINE COMPANY,825 TOWN & COUNTRY LANE,HOUSTON,TX,77024,US,Crude Oil,,WYOMING,,51.11,51.11,,,,,,,147575155.000,,,,0,51.11,0,0,0,0,51.11,0,0,0,0,0,0,0,0,51.11,0,0,0,0,51.11,0,0,0,0,0,0,0,0,0,0,0,0,0,10.98,10.98,26.71,0,26.71,0,0,0,0,0,0,0,0,0,13.42,0,13.42,0,0,0,51.11,40.13,10.98,INITIAL,6/8/2026,6/8/2026,7000-1.1 (Rev. 04-2023)
9/1/2026,2025,20260336,22938,32540,ELECTRAGAS INC.,"9211 WEST RD., #143-151",HOUSTON,TX,77064,US,Crude Oil,,TEXAS,3.33,,3.33,,203,,,,,,,,,0,0,0,0,0,0,0,0,3.3,0,0,0,0,3.3,0,3.3,0,0,0,0,3.3,0,0,0,0,0,0,0,0,0,0,0,0,0,0,0,1.66,0,1.66,1.67,0,1.67,0,0,0,0,0,0,0,0,0,0,0,0,3.33,3.33,0,INITIAL,6/9/2026,6/9/2026,7000-1.1 (Rev. 04-2023)
9/1/2026,2025,20260518,23124,32541,"COPANO NGL SERVICES (MARKHAM), LLC",1001 LOUISIANA ST,HOUSTON,TX,77002,US,HVL,,TEXAS,,44.63,44.63,,,,,,,,,700041306.000,,0,153.293,0,0,0,0,153.293,0,0,0,0,0,0,0,0,153.293,0,0,0,0,153.293,0,0,0,0,0,0,0,0,0,3.645,10.416,14.061,0,0.375,0.375,0,0,0,0,0,0,0.309,0,0.309,0.242,0,0.242,23.581,0,23.581,0.286,0,0.286,38.854,28.063,10.791,INITIAL,6/12/2026,6/12/2026,7000-1.1 (Rev. 04-2023)
9/1/2026,2025,20260677,23288,32543,"DENBURY GREEN PIPELINE-TEXAS, LLC",22777 SPRINGWOODS VILLAGE PARKWAY,SPRING,TX,77389,US,CO2,TEXAS,,,73.83,73.83,,,,,,9168222594.000,,,,,0,131.51,0,0,0,0,131.51,0,0,0,0,0,0,0,0,131.51,0,0,0,0,131.51,0,0,0,0,0,0,0,0,0,0,0,0,0,0,0,0,0,0,0,0,0,0,0,0,0,0,0,131.51,0,131.51,0,0,0,131.51,131.51,0,INITIAL,6/15/2026,6/15/2026,7000-1.1 (Rev. 04-2023)
9/1/2026,2025,20260680,23291,32545,"DENBURY GULF COAST PIPELINES, LLC",22777 SPRINGWOODS VILLAGE PARKWAY,SPRING,TX,77389,US,CO2,"LOUISIANA, MISSISSIPPI",,,65.61,65.61,,,,,,13535948721.000,,,,,0,331.19,0,0,0,0,331.19,0,0,0,0,0,0,0,0,331.19,0,0,0,0,331.19,0,0,0,0,0,0,0,0,0,0,0,0,0,0,0,0,0,0,0,0,0,0,0,0,326.36,0,326.36,1.74,0,1.74,3.1,0,3.1,331.2,331.2,0,INITIAL,6/15/2026,6/15/2026,7000-1.1 (Rev. 04-2023)
9/1/2026,2025,20260406,23012,32559,"ALON USA KROTZ SPRINGS REFINERY, INC",310 SEVEN SPRINGS WAY SUITE 500,BRENTWOOD,TN,37027,US,HVL,,LOUISIANA,,4.96,4.96,,,,,,,,,17012080.000,,0,13.2,0,0,0,0,13.2,0,0,0,0,0,0,0,0,13.2,0,0,0,0,13.2,0,10.4,10.4,0,0,0,0,0,0,0,0,0,0,0,0,0,0,0,0,0,0,2.8,0,2.8,0,0,0,0,0,0,0,0,0,13.2,2.8,10.4,INITIAL,6/11/2026,6/11/2026,7000-1.1 (Rev. 04-2023)
9/1/2026,2025,20260407,23013,32559,"ALON USA KROTZ SPRINGS REFINERY, INC",310 SEVEN SPRINGS WAY SUITE 500,BRENTWOOD,TN,37027,US,Refined and/or Petroleum Product (non-HVL),,LOUISIANA,,0.78,0.78,,,,,,,,,,0.000,0,3,0,0,0,0,3,0,0,0,0,0,0,0,0,3,0,0,0,0,3,0,0,0,0,0,0,0,0,0,0,0,0,0,0,0,0,0,0,0,0,0,3,0,3,0,0,0,0,0,0,0,0,0,3,3,0,INITIAL,6/11/2026,6/11/2026,7000-1.1 (Rev. 04-2023)
9/1/2026,2025,20260675,23286,32566,GREENCORE PIPELINE COMPANY LLC,22777 SPRINGWOODS VILLAGE PARKWAY,SPRING,TX,77389,US,CO2,"MONTANA, WYOMING",WYOMING,,4.41,4.41,,,,,,7038505215.000,,,,,0,235.07,0,0,0,0,235.07,0,0,0,0,0,0,0,0,235.07,0,0,0,0,235.07,0,0,0,0,0,0,0,0,0,0,0,0,0,0,0,0,0,0,0,0,0,0,0,0,0,0,0,235.07,0,235.07,0,0,0,235.07,235.07,0,INITIAL,6/15/2026,6/15/2026,7000-1.1 (Rev. 04-2023)
9/1/2026,2025,20260188,22784,32572,"TOLEDO REFINING COMPANY, LLC",1819 WOODVILLE ROAD,OREGON,OH,43616,,Crude Oil,,OHIO,,,0,,,,,,0.000,0.000,0,0.000,0.000,0,0,0,0,0,0,0,0,0,0,0,0,0,0,0,0,0,0,0,0,0,0,0,0,0,0,0,0,0,0,0,0,0,0,0,0,0,0,0,0,0,0,0,0,0,0,0,0,0,0,0,0,0,0,0,0,0,INITIAL,6/1/2026,6/1/2026,7000-1.1 (Rev. 04-2023)
9/1/2026,2025,20260186,22782,32572,"TOLEDO REFINING COMPANY, LLC",1819 WOODVILLE ROAD,OREGON,OH,43616,,Refined and/or Petroleum Product (non-HVL),,OHIO,,2.09,2.09,,,,,,,,,,759922.000,0,2.09,0,0,0,0,2.09,0,0,0,0,0,0,0,0,2.09,0,0,0,0,2.09,0,0.281,0.281,0,0,0,0,0,0,0,0,0,0,0,0,0,0,0,0,0,0,0,0,0,0.972,0,0.972,0,0,0,0,0,0,1.253,0.972,0.281,INITIAL,6/1/2026,6/1/2026,7000-1.1 (Rev. 04-2023)
9/1/2026,2025,20260216,23336,32575,"DEEPROCK OIL OPERATING, LLC",1613 E DEEPROCK RD,CUSHING,OK,74023,US,Crude Oil,,OKLAHOMA,,7.66,7.66,,,,,,,173410819.000,,,,0,13.33,0,0,0,0,13.33,0,0,0,0,0,0,0,0,13.33,0,0,0,0,13.33,0,0,0,0,0,0,0,0,0,0,0,0,0,0,0,0,0,0,0,0,0,0,0,0,0,0,0,13.25,0,13.25,0.08,0,0.08,13.33,13.33,0,SUPPLEMENTAL,6/3/2026,6/17/2026,7000-1.1 (Rev. 04-2023)
9/1/2026,2025,20260347,22949,32595,"HIGH POINT GAS GATHERING, LLC","THIRD COAST MIDSTREAM, LLC",HOUSTON,TX,77251,US,Crude Oil,OCS-Gulf of America,,6.138,,6.138,,96692856,,,,,,,,,0,0,0,0,0,0,0,0,6.138,0,0,0,0,6.138,0,6.138,0,0,0,0,6.138,0,0,0,0,0,0,0,0,0,0,0,0,0,0,0,0,0,0,0,0,0,6.138,0,6.138,0,0,0,0,0,0,0,0,0,6.138,6.138,0,INITIAL,6/9/2026,6/9/2026,7000-1.1 (Rev. 04-2023)
9/1/2026,2025,20260053,22624,32599,"MCLEAN GAS PROCESSING, LLC","6100 SOUTH YALE, SUITE 2050",TULSA,OK,74136,,HVL,,TEXAS,0,0.564,0.564,,,,,,,,,8333176.000,,0,21,0,0,0,0,21,0,0,0,0,0,0,0,0,21,0,0,0,0,21,0,0,0,0,0,0,0,0,0,0,0,0,0,0,0,0,0,0,21,0,21,0,0,0,0,0,0,0,0,0,0,0,0,21,21,0,SUPPLEMENTAL,3/11/2026,3/11/2026,7000-1.1 (Rev. 04-2023)
9/1/2026,2025,20260333,22935,32614,"BOARDWALK ETHANE PIPELINE COMPANY, LLC",9 GREENWAY PLAZA,HOUSTON,TX,77046,US,HVL,"LOUISIANA, TEXAS",LOUISIANA,,206.09,206.09,,,,,,,,,16610633156.000,,0,373.44,0,0,0,0,373.44,0,0,0,0,0,0,0,0,373.44,0,0,0,0,373.44,1.73,42.35,44.08,0,0,0,0,0,0,0,0,0,0,147.53,147.53,7.96,0,7.96,10.25,0,10.25,21.66,0,21.66,0.09,0,0.09,22.18,0,22.18,0.39,0,0.39,254.14,64.26,189.88,INITIAL,6/9/2026,6/9/2026,7000-1.1 (Rev. 04-2023)
9/1/2026,2025,20260539,23145,32619,"HILAND CRUDE, LLC",1001 LOUISIANA ST,HOUSTON,TX,77002,US,Crude Oil,,"MONTANA, NORTH DAKOTA",,35.472,35.472,,,,,,0.000,2349372834.000,0,0.000,0.000,0,216.47,0,0,0,0,216.47,0,0,0,0,0,0,0,0,216.47,0,0,0,0,216.47,0,0,0,0,0,0,0,0,0,0,0,0,0,0,0,0,0,0,0,0,0,0,0,0,0,0,0,211.24,0,211.24,5.183,0,5.183,216.423,216.423,0,INITIAL,6/14/2026,6/14/2026,7000-1.1 (Rev. 04-2023)
9/1/2026,2025,20260389,22995,32634,"ENLINK PERMIAN, LLC",100 WEST 5TH ST.,TULSA,OK,74103,US,Crude Oil,"NEW MEXICO, TEXAS",NEW MEXICO,,1.245,1.245,,,,,,,3209392776.000,,,,0,136.178,0,0,0,0,136.178,0,0,0,0,0,0,0,0,136.178,0,0,0,0,136.178,0,0,0,0,0,0,0,0,0,0,0,0,0,0,0,0,0,0,0,0,0,0,0,0,0,0,0,112.656,0,112.656,23.521,0,23.521,136.177,136.177,0,INITIAL,6/10/2026,6/10/2026,7000-1.1 (Rev. 04-2023)
9/1/2026,2025,20260388,22994,32634,"ENLINK PERMIAN, LLC",100 WEST 5TH ST.,TULSA,OK,74103,US,HVL,,TEXAS,,8.433,8.433,,,,,,,,,966360409.000,,0,73.349,0,0,0,0,73.349,0,0,0,0,0,0,0,0,73.349,0,0,0,0,73.349,0,0,0,0,0,0,0,0,0,0,0,0,0,0,0,0,0,0,0,0,0,0,0,0,3.439,0,3.439,54.044,0,54.044,15.866,0,15.866,73.349,73.349,0,INITIAL,6/10/2026,6/10/2026,7000-1.1 (Rev. 04-2023)
9/1/2026,2025,20260530,23136,32645,"HILCORP ALASKA, LLC",3800 CENTERPOINT DR.,ANCHORAGE,AK,99503,US,Crude Oil,,ALASKA,21.18,13.91,35.09,,5902599,,,,,79367784.000,,,,0,0,0,13.91,0,0,13.91,0,21.03,0,0.16,0,0,21.19,0,21.03,0,14.07,0,0,35.1,0,0,0,0,0,0,0,0,0,0,0,0,0,0,0,1.56,0,1.56,0,0,0,0,0,0,0,0,0,13.85,0,13.85,0,0,0,15.41,15.41,0,INITIAL,6/12/2026,6/12/2026,7000-1.1 (Rev. 04-2023)
9/1/2026,2025,20260689,23300,32645,"HILCORP ALASKA, LLC",3800 CENTERPOINT DR.,ANCHORAGE,AK,99503,US,Refined and/or Petroleum Product (non-HVL),,ALASKA,9.22,2.57,11.78,,,,,55870,,,,,13144.000,0,0.096,0,2.47,0,0,2.566,0,9.107,0,0.111,0,0,9.218,0,9.203,0,2.581,0,0,11.784,0,0,0,0,0,0,0,0,0,0,0,0,0,0,0,0,0,0,0,0,0,0,0,0,9.203,0,9.203,0,0,0,0,0,0,9.203,9.203,0,INITIAL,6/15/2026,6/15/2026,7000-1.1 (Rev. 04-2023)
9/1/2026,2025,20260068,22644,32650,"LEMM OPERATIONS, LLC",181 Stiles Drive,Memphis,TN,38127,US,HVL,,TENNESSEE,,8.97,8.97,,,,,,,,,6469471.000,,0,8.97,0,0,0,0,8.97,0,0,0,0,0,0,0,0,8.97,0,0,0,0,8.97,0,0,0,0,0,0,0,0,0,0,0,0,0,0,0,0,0,0,0.1,0,0.1,0.1,0,0.1,0.8,0,0.8,0.62,0,0.62,0,0,0,1.62,1.62,0,INITIAL,3/25/2026,3/25/2026,7000-1.1 (Rev. 04-2023)
9/1/2026,2025,20260094,22675,32675,"SAMSON EXPLORATION, LLC",PO BOX 970,TULSA,OK,74101,,Crude Oil,,WYOMING,,,0,,,,,,,,,,,0,0,0,0,0,0,0,0,0,0,0,0,0,0,0,0,0,0,0,0,0,0,0,0,0,0,0,0,0,0,0,0,0,0,0,0,0,0,0,0,0,0,0,0,0,0,0,0,0,0,0,0,0,0,0,0,0,INITIAL,4/23/2026,4/23/2026,7000-1.1 (Rev. 04-2023)
9/1/2026,2025,20260551,23157,32678,KINDER MORGAN CRUDE AND CONDENSATE LLC,1001 LOUISIANA ST.,HOUSTON,TX,77002,US,Crude Oil,,TEXAS,,114.89,114.89,,,,,,0.000,20338930888.000,0,0.000,0.000,0,266.406,0,0,0,0,266.406,0,0,0,0,0,0,0,0,266.406,0,0,0,0,266.406,0,0,0,0,0,0,0,0,0,0,0.542,0.542,0,0,0,1.053,0,1.053,0.59,0,0.59,0.731,0,0.731,0.265,0,0.265,153.893,0,153.893,1.23,0,1.23,158.304,157.762,0.542,INITIAL,6/14/2026,6/14/2026,7000-1.1 (Rev. 04-2023)
9/1/2026,2025,20260372,22978,32682,"GREENLEAF CO2 SOLUTIONS, LLC","602 CRESCENT PLACE, SUITE 100",RIDGELAND,MS,39157,US,CO2,,MISSISSIPPI,,0,0,,,,,,6052468.000,,,,,0,5.1,0,0,0,0,5.1,0,0,0,0,0,0,0,0,5.1,0,0,0,0,5.1,0,0,0,0,0,0,0,0,0,0,0,0,0,0,0,0,0,0,0,0,0,0,0,0,0,0,0,5.1,0,5.1,0,0,0,5.1,5.1,0,INITIAL,6/10/2026,6/10/2026,7000-1.1 (Rev. 04-2023)
9/1/2026,2025,20260304,22906,32683,INLAND CORPORATION,1300 MAIN STREET,HOUSTON,TX,77002,US,Refined and/or Petroleum Product (non-HVL),OHIO,,,298.67,298.67,,,,,,0.000,0.000,0,8693072.000,4061934633.000,52,561.26,0,0,0,0,613.26,0,0,0,0,0,0,0,52,561.26,0,0,0,0,613.26,0,0,0,0,35.73,35.73,0,1.65,1.65,0,104.62,104.62,5.84,10.02,15.86,68.75,0,68.75,2.96,0,2.96,2.08,0,2.08,1.27,0,1.27,0.42,0,0.42,0.03,0,0.03,233.37,81.35,152.02,INITIAL,6/8/2026,6/8/2026,7000-1.1 (Rev. 04-2023)
9/1/2026,2025,20260559,23165,32688,WEST COAST TERMINAL PIPELINE  (WCTP),1001 LOUISIANA ST.,HOUSTON,TX,77002,US,Crude Oil,,CALIFORNIA,,9.663,9.663,,,,,,0.000,426600.000,0,0.000,0.000,0,9.663,0,0,0,0,9.663,0,0,0,0,0,0,0,0,9.663,0,0,0,0,9.663,0,0,0,0,0,0,0,0,0,0,0,0,0,0,0,0.094,0,0.094,0.035,0,0.035,1.622,0,1.622,0.015,0,0.015,0,0,0,0,0,0,1.766,1.766,0,INITIAL,6/14/2026,6/14/2026,7000-1.1 (Rev. 04-2023)
9/1/2026,2025,20260558,23164,32688,WEST COAST TERMINAL PIPELINE  (WCTP),1001 LOUISIANA ST.,HOUSTON,TX,77002,US,Refined and/or Petroleum Product (non-HVL),OREGON,CALIFORNIA,,28.30,28.30,,,,,,,,,,84220275.000,0,28.301,0,0,0,0,28.301,0,0,0,0,0,0,0,0,28.301,0,0,0,0,28.301,0,0,0,0,0,0,0,0,0,0,0,0,0,0,0,1.704,0,1.704,0.679,0,0.679,6.272,0,6.272,0.294,0,0.294,0.49,0,0.49,0,0,0,9.439,9.439,0,INITIAL,6/14/2026,6/14/2026,7000-1.1 (Rev. 04-2023)
9/1/2026,2025,20260354,22960,38893,PTE PIPELINE LLC,22777 SPRINGWOODS VILLAGE PARKWAY,SPRING,TX,77389,US,Crude Oil,ALASKA,,,22.26,22.26,,0,,,,,33752393.000,,,,0,0,0,22.26,0,0,22.26,0,0,0,0,0,0,0,0,0,0,22.26,0,0,22.26,0,0,0,0,0,0,0,0,0,0,0,0,0,0,0,0,0,0,0,0,0,0,0,0,0,0,0,22.14,0,22.14,0,0,0,22.14,22.14,0,INITIAL,6/9/2026,6/9/2026,7000-1.1 (Rev. 04-2023)
9/1/2026,2025,20260726,23361,38894,"THUNDER BASIN PIPELINE, LLC",5568 WOODBINE ROAD SUITE 82,PACE,FL,32571,US,Crude Oil,,WYOMING,,7.07,7.07,0,0,0,0,0,0.000,0.000,0,0.000,0.000,31.72,12.85,0,0,0,0,44.57,0,0,0,0,0,0,0,31.72,12.85,0,0,0,0,44.57,0,0,0,0,0,0,0,0,0,0,0,0,0,0,0,0,0,0,0,0,0,0,0,0,0,0,0,10.2,0,10.2,0,0,0,10.2,10.2,0,INITIAL,7/2/2026,7/2/2026,7000-1.1 (Rev. 04-2023)
9/1/2026,2025,20260553,23159,38895,KINDER MORGAN SOUTHEAST TERMINALS,1001 LOUISIANA ST.,HOUSTON,TX,77002,US,Fuel Grade Ethanol (dedicated system),,NORTH CAROLINA,,3.80,3.80,,,,,,0.000,0.000,157976,0.000,0.000,0,3.797,0,0,0,0,3.797,0,0,0,0,0,0,0,0,3.797,0,0,0,0,3.797,0,0,0,0,0,0,0,0,0,0,0,0,0,0,0,0,0,0,0,0,0,0,0,0,0,0,0,3.797,0,3.797,0,0,0,3.797,3.797,0,INITIAL,6/14/2026,6/14/2026,7000-1.1 (Rev. 04-2023)
9/1/2026,2025,20260552,23158,38895,KINDER MORGAN SOUTHEAST TERMINALS,1001 LOUISIANA ST.,HOUSTON,TX,77002,US,Refined and/or Petroleum Product (non-HVL),VIRGINIA,,,,0,0,0,0,0,0,0.000,0.000,0,0.000,8131295.000,0,0,0,0,0,0,0,0,0,0,0,0,0,0,0,0,0,0,0,0,0,0,0,0,0,0,0,0,0,0,0,0,0,0,0,0,0,0,0,0,0,0,0,0,0,0,0,0,3.797,0,3.797,0,0,0,3.797,3.797,0,INITIAL,6/14/2026,6/14/2026,7000-1.1 (Rev. 04-2023)
9/1/2026,2025,20260651,23259,38922,MIPC LLC,920 CHERRY TREE ROAD,ASTON,PA,19014,US,HVL,,PENNSYLVANIA,,0.28,0.28,,,,,,,,,548577.000,,0,0.28,0,0,0,0,0.28,0,0,0,0,0,0,0,0,0.28,0,0,0,0,0.28,0,0,0,0,0,0,0,0,0,0,0,0,0,0,0,0,0,0,0,0,0,0,0,0,0,0,0,0,0,0,0,0,0,0,0,0,INITIAL,6/15/2026,6/15/2026,7000-1.1 (Rev. 04-2023)
9/1/2026,2025,20260652,23260,38922,MIPC LLC,920 CHERRY TREE ROAD,ASTON,PA,19014,US,Refined and/or Petroleum Product (non-HVL),"NEW JERSEY, PENNSYLVANIA",PENNSYLVANIA,,51.28,51.28,,,,,,,,,,529649314.000,0,51.28,0,0,0,0,51.28,0,0,0,0,0,0,0,0,51.28,0,0,0,0,51.28,0,0,0,0,0,0,0,27.75,27.75,0,11.78,11.78,0,4.368,4.368,2.24,0,2.24,0.163,0,0.163,0.056,0,0.056,0,0,0,2.093,0,2.093,2.83,0,2.83,51.28,7.382,43.898,INITIAL,6/15/2026,6/15/2026,7000-1.1 (Rev. 04-2023)
9/1/2026,2025,20260400,23006,38924,NGL CRUDE TERMINALS,2900 N. LOOP WEST SUITE 1250,HOUSTON,TX,77092,US,Crude Oil,,"COLORADO, LOUISIANA, OKLAHOMA",,12.18,12.18,,,,,,,373665072.000,,,,0,34.08,0,0,0,0,34.08,0,0,0,0,0,0,0,0,34.08,0,0,0,0,34.08,0,0,0,0,0,0,0,0,0,0,0,0,0,0,0,0,0,0,0,0,0,0,0,0,0,0,0,34.08,0,34.08,0,0,0,34.08,34.08,0,INITIAL,6/11/2026,6/11/2026,7000-1.1 (Rev. 04-2023)
9/1/2026,2025,20260176,22770,38926,BLACK BEAR MIDSTREAM LLC,1600 CORPORATE DRIVE,BIRMINGHAM,AL,35242,US,HVL,,LOUISIANA,,1.21,1.21,,,,,,,,,396768.000,,0,40.1,0,0,0,0,40.1,0,0,0,0,0,0,0,0,40.1,0,0,0,0,40.1,0,0,0,0,0,0,0,0,0,0,0,0,0,0,0,0,0,0,0,0,0,0,0,0,0,0,0,40.1,0,40.1,0,0,0,40.1,40.1,0,INITIAL,5/29/2026,5/29/2026,7000-1.1 (Rev. 04-2023)
9/1/2026,2025,20260051,22621,38927,UGI ENERGY SERVICES,835 KNITTING MILLS WAY,WYOMISSING,PA,19610,US,HVL,,OHIO,,24.15,24.15,,,,,,0.000,0.000,0,25432594.000,0.000,0,36.254,0,0,0,0,36.254,0,0,0,0,0,0,0,0,36.254,0,0,0,0,36.254,0,0,0,0,0,0,0,0,0,0,0,0,0,0,0,0,0,0,0,0,0,0,0,0,0,0,0,36.254,0,36.254,0,0,0,36.254,36.254,0,INITIAL,3/11/2026,3/11/2026,7000-1.1 (Rev. 04-2023)
9/1/2026,2025,20260002,22559,38930,"PATOKA TERMINAL COMPANY, LLC",411 S. 34th St.,MOUNT VERNON,IL,62864,US,Crude Oil,,ILLINOIS,,0.00,0.00,,,,,,,1153000.000,,,,0,0.45,0,0,0,0,0.45,0,0,0,0,0,0,0,0,0.45,0,0,0,0,0.45,0,0,0,0,0,0,0,0,0,0,0,0,0,0,0,0,0,0,0,0,0,0,0,0,0,0,0,0.45,0,0.45,0,0,0,0.45,0.45,0,INITIAL,1/8/2026,1/8/2026,7000-1.1 (Rev. 04-2023)
9/1/2026,2025,20260190,22788,38937,"PALO DURO TEG, LLC",3500 Maple Ave,Dallas,TX,75219,US,HVL,,TEXAS,,8.19,8.19,,,,,,,,,1254535983.000,,0,138.26,0,0,0,0,138.26,0,0,0,0,0,0,0,0,138.26,0,0,0,0,138.26,0,0,0,0,0,0,0,0,0,0,0,0,0,0,0,0,0,0,0,0,0,0,0,0,0,0,0,138.26,0,138.26,0,0,0,138.26,138.26,0,INITIAL,6/1/2026,6/1/2026,7000-1.1 (Rev. 04-2023)
9/1/2026,2025,20260596,23204,38945,BAKKEN PIPELINE COMPANY LP,"915 N ELDRIDGE PARKWAY, SUITE 1100",HOUSTON,TX,77079,US,Crude Oil,NORTH DAKOTA,,,8.573,8.573,,,,,,0.000,726869551.000,0,0.000,0.000,0,75.21,0,0,0,0,75.21,0,0,0,0,0,0,0,0,75.21,0,0,0,0,75.21,0,0,0,0,0,0,0,0,0,0,0,0,0,56.372,56.372,0,0,0,0,0,0,7.841,0,7.841,0,0,0,10.997,0,10.997,0,0,0,75.21,18.838,56.372,INITIAL,6/15/2026,6/15/2026,7000-1.1 (Rev. 04-2023)
9/1/2026,2025,20260403,23009,38960,"RANCHO LPG HOLDINGS, LLC",333 CLAY STREET,HOUSTON,TX,77002,US,HVL,,CALIFORNIA,,,0,,,,,,0.000,0.000,0,0.000,0.000,0,0,0,0,0,0,0,0,0,0,0,0,0,0,0,0,0,0,0,0,0,0,0,0,0,0,0,0,0,0,0,0,0,0,0,0,0,0,0,0,0,0,0,0,0,0,0,0,0,0,0,0,0,0,0,0,0,INITIAL,6/11/2026,6/11/2026,7000-1.1 (Rev. 04-2023)
9/1/2026,2025,20260449,23055,38964,"BELLWETHER DISTRICT HOLDINGS, LLC",3144 W PASSYUNK AVE,PHILADELPHIA,PA,19145,US,HVL,,PENNSYLVANIA,,0.56,0.56,,,,0,,,,,0.000,,0,0.56,0,0,0,0,0.56,0,0,0,0,0,0,0,0,0.56,0,0,0,0,0.56,0,0,0,0,0,0,0,0,0,0,0,0,0,0,0,0,0,0,0,0,0,0,0,0,0,0,0,0,0,0,0,0,0,0,0,0,INITIAL,6/11/2026,6/11/2026,7000-1.1 (Rev. 04-2023)
9/1/2026,2025,20260448,23054,38964,"BELLWETHER DISTRICT HOLDINGS, LLC",3144 W PASSYUNK AVE,PHILADELPHIA,PA,19145,US,Refined and/or Petroleum Product (non-HVL),,PENNSYLVANIA,,8.47,8.47,,,,,0,,,,,0.000,0,8.47,0,0,0,0,8.47,0,0,0,0,0,0,0,0,8.47,0,0,0,0,8.47,0,0,0,0,0,0,0,0,0,0,0,0,0,0,0,0,0,0,0,0,0,0.54,0,0.54,0,0,0,0,0,0,0,0,0,0.54,0.54,0,INITIAL,6/11/2026,6/11/2026,7000-1.1 (Rev. 04-2023)
9/1/2026,2025,20260718,23352,38989,EMERALD GATHERING AND TRANSMISSION,17240 HUFFMEISTER ROAD,CYPRESS,TX,77429,US,Crude Oil,,TEXAS,9.01,1.73,10.74,,501759,,,,,96451.000,,,,0,1.731,0,0,0,0,1.731,0,9.005,0,0,0,0,9.005,0,10.736,0,0,0,0,10.736,0,0,0,0,0,0,0,0,0,0,0,0,0,0,0,10.586,0,10.586,0,0,0,0,0,0,0,0,0,0,0,0,0,0,0,10.586,10.586,0,INITIAL,6/24/2026,6/24/2026,7000-1.1 (Rev. 04-2023)
9/1/2026,2025,20260250,22849,39010,"BLUE RACER MIDSTREAM, LLC",ONE WILLIAMS CENTER,TULSA,OK,74172,US,HVL,"OHIO, WEST VIRGINIA",,,26.493,26.493,,,,,,,,,863099666.000,,0,101.248,0,0,0,0,101.248,0,0,0,0,0,0,0,0,101.248,0,0,0,0,101.248,0,0,0,0,0,0,0,0,0,0,0,0,0,0,0,0,0,0,0,0,0,0,0,0,0,0,0,101.248,0,101.248,0,0,0,101.248,101.248,0,INITIAL,6/4/2026,6/4/2026,7000-1.1 (Rev. 04-2023)
9/1/2026,2025,20260351,22954,39012,"SUMMIT MIDSTREAM PARTNERS, LLC",910 LOUISIANA ST.,HOUSTON,TX,77002,US,Crude Oil,,"COLORADO, NORTH DAKOTA",,3.26,3.26,,,,,,,16336361.000,,,,0,98.17,0,0,0,0,98.17,0,0,0,0,0,0,0,0,98.17,0,0,0,0,98.17,0,0,0,0,0,0,0,0,0,0,0,0,0,0,0,0,0,0,0,0,0,0,0,0,0,0,0,94.06,0,94.06,4.11,0,4.11,98.17,98.17,0,INITIAL,6/9/2026,6/9/2026,7000-1.1 (Rev. 04-2023)
9/1/2026,2025,20260271,22871,39012,"SUMMIT MIDSTREAM PARTNERS, LLC",910 LOUISIANA ST.,HOUSTON,TX,77002,US,HVL,,COLORADO,,0.00,0.00,,,,,,,,,3045845.000,,0,17.53,0,0,0,0,17.53,0,0,0,0,0,0,0,0,17.53,0,0,0,0,17.53,0,0,0,0,0,0,0,0,0,0,0,0,0,0,0,0,0,0,0,0,0,0,0,0,0,0,0,16.6,0,16.6,0.93,0,0.93,17.53,17.53,0,INITIAL,6/4/2026,6/4/2026,7000-1.1 (Rev. 04-2023)
9/1/2026,2025,20260303,22905,39020,"ENABLE BAKKEN CRUDE SERVICES, LLC",1300 Main Street,Houston,TX,77002,US,Crude Oil,,NORTH DAKOTA,,0.00,0.00,,,,,,0.000,446776658.000,0,0.000,0.000,0,29.66,0,0,0,0,29.66,0,0,0,0,0,0,0,0,29.66,0,0,0,0,29.66,0,0,0,0,0,0,0,0,0,0,0,0,0,0,0,0,0,0,0,0,0,0,0,0,0,0,0,28.15,0,28.15,0.58,0,0.58,28.73,28.73,0,INITIAL,6/8/2026,6/8/2026,7000-1.1 (Rev. 04-2023)
9/1/2026,2025,20260547,23153,39023,DOUBLE EAGLE PIPELINE LLC,1001 LOUISIANA ST.,HOUSTON,TX,77002,US,Crude Oil,,TEXAS,,39.76,39.76,,,,,,0.000,2001687920.000,0,0.000,0.000,0,204.312,0,0,0,0,204.312,0,0,0,0,0,0,0,0,204.312,0,0,0,0,204.312,0,0,0,0,0,0,0,0,0,0,35.432,35.432,0,0,0,0,0,0,0,0,0,0,0,0,10.162,0,10.162,158.069,0,158.069,0.094,0,0.094,203.757,168.325,35.432,INITIAL,6/14/2026,6/14/2026,7000-1.1 (Rev. 04-2023)
9/1/2026,2025,20260213,22811,39043,"TALLGRASS PONY EXPRESS PIPELINE, LLC",370 VAN GORDON ST.,LAKEWOOD,CO,80228,US,Crude Oil,"COLORADO, KANSAS, NEBRASKA, OKLAHOMA, WYOMING",,,303.38,303.38,,,,,,,126295026.000,,,,0,1041.55,0,0,0,0,1041.55,0,0,0,0,0,0,0,0,1041.55,0,0,0,0,1041.55,0,0,0,0,0,0,0,0,0,0,0,0,0.01,0,0.01,0,0,0,0,0,0,0.76,0,0.76,0,0,0,495.79,0,495.79,163.59,0,163.59,660.15,660.15,0,INITIAL,6/3/2026,6/3/2026,7000-1.1 (Rev. 04-2023)
9/1/2026,2025,20260725,23360,39046,"BRIDGER SWAN RANCH, LLC",PO BOX 51661,CASPER,WY,82605,US,Crude Oil,,WYOMING,,0.00,0.00,,,,,,,,,,,0,4.46,0,0,0,0,4.46,0,0,0,0,0,0,0,0,4.46,0,0,0,0,4.46,0,0,0,0,0,0,0,0,0,0,0,0,0,0,0,0,0,0,0,0,0,0,0,0,0,0,0,0,0,0,0,0,0,0,0,0,INITIAL,7/1/2026,7/1/2026,7000-1.1 (Rev. 04-2023)
9/1/2026,2025,20260486,23092,39047,"GEL OFFSHORE PIPELINE, LLC",811 LOUISIANA ST.,HOUSTON,TX,77002,US,Crude Oil,OCS-Gulf of America,,0.00,,0.00,0,32750451,0,0,0,0.000,0.000,0,0.000,0.000,0,0,0,0,0,0,0,0,60.09,0,0,0,0,60.09,0,60.09,0,0,0,0,60.09,0,0,0,0,0,0,0,0,0,0,0,0,0,0,0,0,0,0,0,0,0,0,0,0,0,0,0,0,0,0,0,0,0,0,0,0,INITIAL,6/12/2026,6/12/2026,7000-1.1 (Rev. 04-2023)
9/1/2026,2025,20260120,23333,39050,"CASPER CRUDE TO RAIL, LLC","3900-205, 5TH AVE SW",CALGARY,AB,T2P 2V7,CA,Crude Oil,WYOMING,,,8.86,8.86,,,,,,,29058235.000,,,,0,12.45,0,0,0,0,12.45,0,0,0,0,0,0,0,0,12.45,0,0,0,0,12.45,0,0,0,0,0,0,0,0,0,0,0,0,0,0,0,0,0,0,0,0,0,0,0,0,0,0,0,12.45,0,12.45,0,0,0,12.45,12.45,0,SUPPLEMENTAL,5/14/2026,6/17/2026,7000-1.1 (Rev. 04-2023)
9/1/2026,2025,20260510,23116,39065,HESS ND,3015 16TH ST. SW SUITE 20,MINOT,ND,58701,US,Crude Oil,,NORTH DAKOTA,,10.91,10.91,,,,,,,449777225.000,,,,0,103.87,0,0,0,0,103.87,0,0,0,0,0,0,0,0,103.87,0,0,0,0,103.87,0,0,0,0,0,0,0,0,0,0,0,0,0,0,0,0,0,0,0,0,0,0,0,0,0.35,0,0.35,97.08,0,97.08,6.25,0,6.25,103.68,103.68,0,INITIAL,6/12/2026,6/12/2026,7000-1.1 (Rev. 04-2023)
9/1/2026,2025,20260513,23119,39065,HESS ND,3015 16TH ST. SW SUITE 20,MINOT,ND,58701,US,HVL,,NORTH DAKOTA,,11.49,11.49,,,,,,,,,124381497.000,,0,89.24,0,0,0,0,89.24,0,0,0,0,0,0,0,0,89.24,0,0,0,0,89.24,0,0,0,0,0,0,0,0,0,0,0,0,0,0,0,0,0,0,0,0,0,11.01,0,11.01,0,0,0,76.93,0,76.93,1.3,0,1.3,89.24,89.24,0,INITIAL,6/12/2026,6/12/2026,7000-1.1 (Rev. 04-2023)
9/1/2026,2025,20260505,23111,39065,HESS ND,3015 16TH ST. SW SUITE 20,MINOT,ND,58701,US,Refined and/or Petroleum Product (non-HVL),,NORTH DAKOTA,,0.075,0.075,,,,,,,,,,43780.000,0,3.8,0,0,0,0,3.8,0,0,0,0,0,0,0,0,3.8,0,0,0,0,3.8,0,0,0,0,0,0,0,0,0,0,0,0,0,0,0,0,0,0,0,0,0,0,0,0,0,0,0,3.8,0,3.8,0,0,0,3.8,3.8,0,INITIAL,6/12/2026,6/12/2026,7000-1.1 (Rev. 04-2023)
9/1/2026,2025,20260104,22687,39069,EMPIRE MIDSTREAM LLC,601 POYDRAS STREET,NEW ORLEANS,LA,70130,US,Crude Oil,OCS-Gulf of America,LOUISIANA,0.00,0.00,0.00,,,,,,,4542846.000,,,,0,1.066,0,0,0,0,1.066,0,106.46,0,0,0,0,106.46,0,107.526,0,0,0,0,107.526,0,0,0,0,0,0,0,0,0,0,0,0,0,0,0,0,0,0,0,0,0,0,0,0,0,0,0,0,0,0,0,0,0,0,0,0,INITIAL,5/5/2026,5/5/2026,7000-1.1 (Rev. 04-2023)
9/1/2026,2025,20260023,22583,39073,METHANEX BEAUMONT LLC,5470 N TWIN CITY HWY,NEDERLAND,TX,77627,US,Refined and/or Petroleum Product (non-HVL),,TEXAS,,5.82,5.82,,,,,,,,,,14500317.000,0,5.82,0,0,0,0,5.82,0,0,0,0,0,0,0,0,5.82,0,0,0,0,5.82,0,0,0,0,0,0,0,0,0,0,0,0,0,0,0,0,0,0,4.58,0,4.58,0,0,0,0,0,0,0,0,0,1.24,0,1.24,5.82,5.82,0,INITIAL,2/12/2026,2/12/2026,7000-1.1 (Rev. 04-2023)
9/1/2026,2025,20260554,23160,39084,"CRESCENT MIDSTREAM, LLC",263 TRINITY LANE,GRAY,LA,70359,US,Crude Oil,"LOUISIANA, OCS-Gulf of America",,115.46,307.84,423.30,,1481577961,,,,,4983549457.000,,,,0,421.836,0,0,0,0,421.836,0,551.132,0,0,0,0,551.132,0,972.968,0,0,0,0,972.968,0,0,0,0,0,0,0,0,0,0,140.099,140.099,0,124.368,124.368,27.874,0,27.874,59.688,0,59.688,8.835,0,8.835,10.218,0,10.218,0.003,0,0.003,1.912,0,1.912,372.997,108.53,264.467,INITIAL,6/14/2026,6/14/2026,7000-1.1 (Rev. 04-2023)
9/1/2026,2025,20260019,22579,39090,"NUTAAQ PIPELINE, LLC",188 WEST NORTHERN LIGHTS BLVD,ANCHORAGE,AK,99503,US,Crude Oil,,ALASKA,,25.05,25.05,,,,,,,57547899.000,,,,0,0.97,0,24.08,0,0,25.05,0,0,0,0,0,0,0,0,0.97,0,24.08,0,0,25.05,0,0,0,0,0,0,0,0,0,0,0,0,0,0,0,0,0,0,0,0,0,25.04,0,25.04,0,0,0,0.01,0,0.01,0,0,0,25.05,25.05,0,INITIAL,2/4/2026,2/4/2026,7000-1.1 (Rev. 04-2023)
9/1/2026,2025,20260732,23373,39099,CALIBER NORTH DAKOTA LLC,455 N POPLAR ST,CASPER,WY,82602,US,Crude Oil,,NORTH DAKOTA,,1.30,1.30,,,,,,,5447554.000,,,,0,22.79,0,0,0,0,22.79,0,0,0,0,0,0,0,0,22.79,0,0,0,0,22.79,0,0,0,0,0,0,0,0,0,0,0,0,0,0,0,0,0,0,0,0,0,0,0,0,0,0,0,22.79,0,22.79,0,0,0,22.79,22.79,0,INITIAL,7/13/2026,7/13/2026,7000-1.1 (Rev. 04-2023)
9/1/2026,2025,20260397,23003,39105,VALERO PARTNERS OPERATING CO. LLC,1 VALERO WAY,SAN ANTONIO,TX,78249,US,Crude Oil,"MISSISSIPPI, OKLAHOMA, TENNESSEE, TEXAS",TEXAS,,63.909,63.909,,,,,,,2574300316.000,,,,0,216.884,0,0,0,0,216.884,0,0,0,0,0,0,0,0,216.884,0,0,0,0,216.884,0,0,0,0,0,0,0,0,0,0,82.501,82.501,0,40.24,40.24,0,0,0,18.895,0,18.895,19.423,0,19.423,17.619,0,17.619,20.318,0,20.318,0.002,0,0.002,198.998,76.257,122.741,INITIAL,6/10/2026,6/10/2026,7000-1.1 (Rev. 04-2023)
9/1/2026,2025,20260373,22979,39105,VALERO PARTNERS OPERATING CO. LLC,1 VALERO WAY,SAN ANTONIO,TX,78249,US,Refined and/or Petroleum Product (non-HVL),"ARKANSAS, LOUISIANA, MISSISSIPPI, OKLAHOMA, TENNESSEE","TENNESSEE, TEXAS",,122.04,122.04,,,,,,,,,,7260394883.000,0,215.179,0,0,0,0,215.179,0,0,0,0,0,0,0,0,215.179,0,0,0,0,215.179,0,0,0,0,0,0,0,0,0,0,0,0,0,2.848,2.848,18.972,0,18.972,10.17,0,10.17,0,0,0,16.679,0,16.679,151.512,0,151.512,3.776,0,3.776,203.957,201.109,2.848,INITIAL,6/10/2026,6/10/2026,7000-1.1 (Rev. 04-2023)
9/1/2026,2025,20260110,22697,39108,BLUEFISH PIPELINE LLC,"410 PIERCE STREET, SUITE 227",HOUSTON,TX,77002,US,Refined and/or Petroleum Product (non-HVL),,"NEW MEXICO, TEXAS",,12.63,12.63,,,,,,,,,,23913040.000,0,17.29,0,0,0,0,17.29,0,0,0,0,0,0,0,0,17.29,0,0,0,0,17.29,0,0,0,0,0,0,0,0,0,0,9.9,9.9,0,0,0,0.35,0,0.35,1.67,0,1.67,0,0,0,0,0,0,5.2,0,5.2,0,0,0,17.12,7.22,9.9,INITIAL,5/11/2026,5/11/2026,7000-1.1 (Rev. 04-2023)
9/1/2026,2025,20260383,22989,39112,"ENLINK MIDSTREAM SERVICES, LLC",100 WEST 5TH ST.,TULSA,OK,74103,US,Crude Oil,,OKLAHOMA,,1.26,1.26,,,,,,,136375500.000,,,,0,37.933,0,0,0,0,37.933,0,0,0,0,0,0,0,0,37.933,0,0,0,0,37.933,0,0,0,0,0,0,0,0,0,0,0,0,0,0,0,0,0,0,0,0,0,0,0,0,0,0,0,37.933,0,37.933,0,0,0,37.933,37.933,0,INITIAL,6/10/2026,6/10/2026,7000-1.1 (Rev. 04-2023)
9/1/2026,2025,20260382,22988,39112,"ENLINK MIDSTREAM SERVICES, LLC",100 WEST 5TH ST.,TULSA,OK,74103,US,HVL,,"OKLAHOMA, TEXAS",,30.93,30.93,,,,,,,,,178740042.000,,0,125.351,0,0,0,0,125.351,0,0,0,0,0,0,0,0,125.351,0,0,0,0,125.351,0,0,0,0,0,0,0,0,0,0,0,0,0,0,0,24.416,0,24.416,8.726,0,8.726,0,0,0,77.58,0,77.58,14.369,0,14.369,0,0,0,125.091,125.091,0,INITIAL,6/10/2026,6/10/2026,7000-1.1 (Rev. 04-2023)
9/1/2026,2025,20260251,22850,39122,UTICA EAST OHIO MIDSTREAM LLC,ONE WILLIAMS CENTER 43-4,TULSA,OK,74172,US,HVL,OHIO,OHIO,,10.08,10.08,,,,,,,,,935587267.000,,0,62.726,0,0,0,0,62.726,0,0,0,0,0,0,0,0,62.726,0,0,0,0,62.726,0,0,0,0,0,0,0,0,0,0,0,0,0,0,0,0,0,0,0,0,0,0,0,0,0,0,0,62.726,0,62.726,0,0,0,62.726,62.726,0,INITIAL,6/4/2026,6/4/2026,7000-1.1 (Rev. 04-2023)
9/1/2026,2025,20260095,22677,39135,"VICTORIA EXPRESS PIPELINE, L.L.C.",2727 Allen Parkway,HOUSTON,TX,77019,US,Crude Oil,,TEXAS,,14.00,14.00,,,,,,,5496063.000,,,,0,56.94,0,0,0,0,56.94,0,0,0,0,0,0,0,0,56.94,0,0,0,0,56.94,0,0,0,0,0,0,0,0,0,0,0,0,0,0,0,0,0,0,0,0,0,0,0,0,0,0,0,56.94,0,56.94,0,0,0,56.94,56.94,0,INITIAL,4/28/2026,4/28/2026,7000-1.1 (Rev. 04-2023)
9/1/2026,2025,20260335,22937,39138,"BOARDWALK LOUISIANA MIDSTREAM, LLC",9 GREENWAY PLAZA,HOUSTON,TX,77046,US,HVL,,"LOUISIANA, TEXAS",,142.18,142.18,,,,,,,,,4727976301.000,,0,204.74,0,0,0,0,204.74,0,0,0,0,0,0,0,0,204.74,0,0,0,0,204.74,2.47,0,2.47,0,0,0,0,0,0,0,0,0,1.62,5.95,7.57,21.64,0,21.64,3.97,0,3.97,0.4,0,0.4,47.12,0,47.12,36.24,0,36.24,0.77,0,0.77,120.18,114.23,5.95,INITIAL,6/9/2026,6/9/2026,7000-1.1 (Rev. 04-2023)
9/1/2026,2025,20260612,23220,39145,ENBRIDGE STORAGE (CUSHING) L.L.C.,"915 N ELDRIDGE PARKWAY, SUITE 1100",HOUSTON,TX,77079,US,Crude Oil,OKLAHOMA,,,21.13,21.13,,,,,,0.000,0.000,0,0.000,0.000,0,24.546,0,0,0,0,24.546,0,0,0,0,0,0,0,0,24.546,0,0,0,0,24.546,0,0,0,0,0,0,0,0,0,0,0,0,0,0,0,8.9,0,8.9,0,0,0,6.314,0,6.314,6.592,0,6.592,2.1,0,2.1,0,0,0,23.906,23.906,0,INITIAL,6/15/2026,6/15/2026,7000-1.1 (Rev. 04-2023)
9/1/2026,2025,20260143,23376,39149,IMTT-BAYONNE,400 POYDRAS STREET,NEW ORLEANS,LA,70130,US,Refined and/or Petroleum Product (non-HVL),,NEW JERSEY,,2.94,2.94,,,,,,0.000,0.000,0,0.000,70560000.000,0,2.94,0,0,0,0,2.94,0,0,0,0,0,0,0,0,2.94,0,0,0,0,2.94,0,0,0,0,0,0,0,0,0,0,0,0,0,0,0,0,0,0,0,0,0,2.29,0,2.29,0,0,0,0.65,0,0.65,0,0,0,2.94,2.94,0,SUPPLEMENTAL,5/20/2026,7/21/2026,7000-1.1 (Rev. 04-2023)
9/1/2026,2025,20260577,23183,39156,TARGA FRIO LASALLE PIPELINE LP,811 Louisiana St. Suite 2100,Houston,TX,77002,US,HVL,,TEXAS,,3.00,3.00,,,,,,,,,0.000,,0,48.93,0,0,0,0,48.93,0,0,0,0,0,0,0,0,48.93,0,0,0,0,48.93,0,0,0,0,0,0,0,0,0,0,0,0,0,0,0,0,0,0,38.75,0,38.75,0,0,0,0,0,0,9.79,0,9.79,0.39,0,0.39,48.93,48.93,0,INITIAL,6/15/2026,6/15/2026,7000-1.1 (Rev. 04-2023)
9/1/2026,2025,20260272,22872,39179,"AMPLIFY ENERGY OPERATING, LLC","500 DALLAS, SUITE 1700",HOUSTON,TX,77002,US,CO2,,WYOMING,,2.19,2.19,,,,,,35219063917.000,,,,,0,19.81,0,0,0,0,19.81,0,0,0,0,0,0,0,0,19.81,0,0,0,0,19.81,0,0,0,0,0,0,0,0,0,0,0,0,0,0,0,0,0,0,19.81,0,19.81,0,0,0,0,0,0,0,0,0,0,0,0,19.81,19.81,0,INITIAL,6/4/2026,6/4/2026,7000-1.1 (Rev. 04-2023)
9/1/2026,2025,20260339,23400,39183,"MEDALLION OPERATING COMPANY, LLC",100 W FIFTH STREET,TULSA,OK,74103,US,Crude Oil,,TEXAS,,108.15,108.15,,,,,,,,,,,0,646.05,0,0,0,0,646.05,0,0,0,0,0,0,0,0,646.05,0,0,0,0,646.05,0,0,0,0,0,0,0,0,0,0,0,0,0,0,0,0,0,0,0,0,0,0,0,0,0,0,0,553.7,0,553.7,92.38,0,92.38,646.08,646.08,0,SUPPLEMENTAL,6/9/2026,8/25/2026,7000-1.1 (Rev. 04-2023)
9/1/2026,2025,20260025,22585,39189,"SANARE ENERGY PARTNERS, LLC",777 NORTH ELDRIDGE PARKWAY,HOUSTON,TX,77079,US,Crude Oil,"LOUISIANA, OCS-Gulf of America",,0.00,0.00,0.00,,233,,,,,233.000,,,,0,0.48,0,0,0,0,0.48,0,8.82,0,0,0,0,8.82,0,9.3,0,0,0,0,9.3,0,0,0,0,0,0,0,0,0,0,0,0,0,0,0,0,0,0,0,0,0,0,0,0,0,0,0,0,0,0,0,0,0,0,0,0,INITIAL,2/17/2026,2/17/2026,7000-1.1 (Rev. 04-2023)
9/1/2026,2025,20260376,22982,39191,CONSOLIDATED EDISON CO OF NY,4 IRVING PLACE,NEW YORK,NY,10003,US,Refined and/or Petroleum Product (non-HVL),,NEW YORK,,0.92,0.92,,,,,,,,,,28746.000,0,0.16,0,0.55,0.21,0,0.92,0,0,0,0,0,0,0,0,0.16,0,0.55,0.21,0,0.92,0,0,0,0,0,0,0,0,0,0,0,0,0,0,0,0,0,0,0,0,0,0,0,0,0,0,0,0,0,0,0,0,0,0,0,0,INITIAL,6/10/2026,6/10/2026,7000-1.1 (Rev. 04-2023)
9/1/2026,2025,20260724,23359,39196,CHEYENNE RAIL HUB,PO BOX 51661,CASPER,WY,82605,US,Crude Oil,,WYOMING,,1.8,1.8,,,,,,,,,,,0,1.8,0,0,0,0,1.8,0,0,0,0,0,0,0,0,1.8,0,0,0,0,1.8,0,0,0,0,0,0,0,0,0,0,0,0,0,0,0,0,0,0,0,0,0,0,0,0,0,0,0,1.8,0,1.8,0,0,0,1.8,1.8,0,INITIAL,7/1/2026,7/1/2026,7000-1.1 (Rev. 04-2023)
9/1/2026,2025,20260302,22904,39205,"DAPL-ETCO OPERATIONS MANAGEMENT, LLC",1300 MAIN STREET,HOUSTON,TX,77002,US,Crude Oil,"ARKANSAS, ILLINOIS, IOWA, KENTUCKY, LOUISIANA, MISSISSIPPI, NORTH DAKOTA, SOUTH DAKOTA, TENNESSEE, TEXAS",,,945.75,945.75,,,,,,0.000,263509602293.000,0,0.000,0.000,0,1917.82,0,0,0,0,1917.82,0,0,0,0,0,0,0,0,1917.82,0,0,0,0,1917.82,0,0,0,0,0,0,0,0,0,0,0,0,0,0,0,0.13,0,0.13,0,0,0,0,0,0,0.05,0,0.05,129.16,0,129.16,0,0,0,129.34,129.34,0,INITIAL,6/8/2026,6/8/2026,7000-1.1 (Rev. 04-2023)
9/1/2026,2025,20260212,22810,39216,TALLGRASS MIDSTREAM LLC,370 VAN GORDON ST.,LAKEWOOD,CO,80228,US,HVL,COLORADO,,,0.00,0.00,,,,,,,,,20781470.000,,0,18.05,0,0,0,0,18.05,0,0,0,0,0,0,0,0,18.05,0,0,0,0,18.05,0,0,0,0,0,0,0,0,0,0,0,0,0,0,0,0,0,0,0,0,0,0,0,0,0,0,0,18.03,0,18.03,0,0,0,18.03,18.03,0,INITIAL,6/3/2026,6/3/2026,7000-1.1 (Rev. 04-2023)
9/1/2026,2025,20260065,22638,39221,DAKOTA MIDSTREAM,111 CENTER STREET,LITTLE ROCK,AR,72201,US,Crude Oil,,NORTH DAKOTA,,0,0,,,,,,,20.000,,,,0,20.68,0,0,0,0,20.68,0,0,0,0,0,0,0,0,20.68,0,0,0,0,20.68,0,0,0,0,0,0,0,0,0,0,0,0,0,0,0,0,0,0,0,0,0,0,0,0,0,0,0,20.68,0,20.68,0,0,0,20.68,20.68,0,INITIAL,3/17/2026,3/17/2026,7000-1.1 (Rev. 04-2023)
9/1/2026,2025,20260543,23149,39229,CAMINO REAL GATHERING CO LLC,1001 LOUISIANA ST,HOUSTON,TX,77002,US,Crude Oil,,TEXAS,,8.62,8.62,,,,,,0.000,135954027.000,0,0.000,0.000,0,44.074,0,0,0,0,44.074,0,0,0,0,0,0,0,0,44.074,0,0,0,0,44.074,0,0,0,0,0,0,0,0,0,0,0,0,0,0,0,0,0,0,0,0,0,0,0,0,0,0,0,43.734,0,43.734,0.25,0,0.25,43.984,43.984,0,INITIAL,6/14/2026,6/14/2026,7000-1.1 (Rev. 04-2023)
9/1/2026,2025,20260352,22956,39232,MATADOR PRODUCTION COMPANY,5400 LBJ FREEWAY,DALLAS,TX,75240,US,Crude Oil,,"NEW MEXICO, TEXAS",,0.00,0.00,,,,,,,9304894.000,,,,0,0,0,0,5.209,0,5.209,0,0,0,0,0,0,0,0,0,0,0,5.209,0,5.209,0,0,0,0,0,0,0,0,0,0,0,0,0,0,0,0,0,0,0,0,0,0,0,0,0,0,0,0,0,0,0,0,0,0,0,0,INITIAL,6/9/2026,6/9/2026,7000-1.1 (Rev. 04-2023)
9/1/2026,2025,20260027,22587,39241,ZENITH ENERGY TERMINALS JOLIET HOLDINGS LLC,3900 ESSEX LANE,HOUSTON,TX,77027,US,Crude Oil,ILLINOIS,ILLINOIS,,9.08,9.08,,,,,,,0.000,,,,0,9.076,0,0,0,0,9.076,0,0,0,0,0,0,0,0,9.076,0,0,0,0,9.076,0,0,0,0,0,0,0,0,0,0,0,0,0,0,0,0,0,0,0,0,0,0,0,0,0,0,0,9.076,0,9.076,0,0,0,9.076,9.076,0,INITIAL,2/25/2026,2/25/2026,7000-1.1 (Rev. 04-2023)
9/1/2026,2025,20260221,22819,39252,"FASKEN OIL AND RANCH, LTD.",6101 HOLIDAY HILL RD,MIDLAND,TX,79707,US,Crude Oil,,TEXAS,,0,0,,,,,,,582144997.000,,,,0,36.69,0,0,0,0,36.69,0,0,0,0,0,0,0,0,36.69,0,0,0,0,36.69,0,0,0,0,0,0,0,0,0,0,0,0,0,0,0,0,0,0,0,0,0,0,0,0,0,0,0,0,0,0,36.69,0,36.69,36.69,36.69,0,INITIAL,6/3/2026,6/3/2026,7000-1.1 (Rev. 04-2023)
9/1/2026,2025,20260173,22766,39252,"FASKEN OIL AND RANCH, LTD.",6101 HOLIDAY HILL RD,MIDLAND,TX,79707,US,HVL,,TEXAS,,0.00,0.00,,,,,,,,,16066289.000,,0,3.07,0,0,0,0,3.07,0,0,0,0,0,0,0,0,3.07,0,0,0,0,3.07,0,0,0,0,0,0,0,0,0,0,0,0,0,0,0,0,0,0,0,0,0,0,0,0,0,0,0,3.07,0,3.07,0,0,0,3.07,3.07,0,INITIAL,5/28/2026,5/28/2026,7000-1.1 (Rev. 04-2023)
9/1/2026,2025,20260193,22791,39292,"TWIN EAGLE MIDSTREAM ASSETS, LLC",16400 CR 394,EVANS,CO,80645,US,Crude Oil,WYOMING,,0,0,0,,0,,,,,0.000,,,,0,4.51,0,0,0,0,4.51,0,0,0,0,0,0,0,0,4.51,0,0,0,0,4.51,0,0,0,0,0,0,0,0,0,0,0,0,0,0,0,0,0,0,0,0,0,0,0,0,0,0,0,4.51,0,4.51,0,0,0,4.51,4.51,0,INITIAL,6/2/2026,6/2/2026,7000-1.1 (Rev. 04-2023)
9/1/2026,2025,20260261,22860,39303,"BASA RESOURCES, INC.",14875 LANDMARK BLVD.,DALLAS,TX,75254,US,Crude Oil,,TEXAS,,,0.00,,,,,,,,,,,0,0,0,0,0,0,0,0,0,0,0,0,0,0,0,0,0,0,0,0,0,0,0,0,0,0,0,0,0,0,0,0,0,0,0,0,0,0,0,0,0,0,0,0,0,0,0,0,0,0,0,0,0,0,0,0,0,INITIAL,6/4/2026,6/4/2026,7000-1.1 (Rev. 04-2023)
9/1/2026,2025,20260228,22827,39313,"MAVERICK TERMINAL THREE RIVERS, LLC",16211 LA CANTERA PARKWAY,SAN ANTONIO,TX,78256,US,HVL,,TEXAS,,0.00,0.00,,,,,,,,,28548.000,,0,1.77,0,0,0,0,1.77,0,0,0,0,0,0,0,0,1.77,0,0,0,0,1.77,0,0,0,0,0,0,0,0,0,0,0,0,0,0,0,0,0,0,0,0,0,0,0,0,0,0,0,1.77,0,1.77,0,0,0,1.77,1.77,0,INITIAL,6/3/2026,6/3/2026,7000-1.1 (Rev. 04-2023)
9/1/2026,2025,20260182,22778,39317,SCOUT ENERGY MANAGEMENT LLC,13800 MONTFORT DRIVE,DALLAS,TX,75240,US,CO2,"COLORADO, UTAH, WYOMING",,,55.7,55.7,,,,,,,,,,,0,129.5,0,0,0,0,129.5,0,0,0,0,0,0,0,0,129.5,0,0,0,0,129.5,0,0,0,0,0,0,0,0,0,0,0,0,0,0,0,0,0,0,129.5,0,129.5,0,0,0,0,0,0,0,0,0,0,0,0,129.5,129.5,0,INITIAL,6/1/2026,6/1/2026,7000-1.1 (Rev. 04-2023)
9/1/2026,2025,20260183,22779,39317,SCOUT ENERGY MANAGEMENT LLC,13800 MONTFORT DRIVE,DALLAS,TX,75240,US,Crude Oil,,TEXAS,,,0.00,,,,,,,,,,,0,0,0,0,0,0,0,0,0,0,0,0,0,0,0,0,0,0,0,0,0,0,0,0,0,0,0,0,0,0,0,0,0,0,0,0,0,0,0,0,0,0,0,0,0,0,0,0,0,0,0,0,0,0,0,0,0,INITIAL,6/1/2026,6/1/2026,7000-1.1 (Rev. 04-2023)
9/1/2026,2025,20260101,22684,39325,"TALOS ENERGY, LLC",333 CLAY STREET,HOUSTON,TX,77002,US,Crude Oil,"LOUISIANA, OCS-Gulf of America",,23.1,,23.1,,16414062,,,,,,,,,0,4.1,0,0,0,0,4.1,0,23.1,0,0,0,0,23.1,0,27.2,0,0,0,0,27.2,0,0,0,0,0,0,0,0,0,0,0,0,0,0,0,0,0,0,0,0,0,0,0,0,0,0,0,0,0,0,0,0,0,0,0,0,INITIAL,5/5/2026,5/5/2026,7000-1.1 (Rev. 04-2023)
9/1/2026,2025,20260480,23086,39336,"BR PORT SERVICES, LLC",811 LOUISIANA ST.,HOUSTON,TX,77002,US,Crude Oil,,LOUISIANA,,3.92,3.92,0,0.000,0,0,0,0.000,82366131.000,0,0.000,0.000,0,3.92,0,0,0,0,3.92,0,0,0,0,0,0,0,0,3.92,0,0,0,0,3.92,0,0,0,0,0,0,0,0,0,0,0,0,0,0,0,0,0,0,0,0,0,0,0,0,0,0,0,0.02,0,0.02,0,0,0,0.02,0.02,0,INITIAL,6/12/2026,6/12/2026,7000-1.1 (Rev. 04-2023)
9/1/2026,2025,20260435,23041,39339,TINSLEY RESOURCES  LLC,4851 LBJ FREEWAY,DALLAS,TX,75244,US,Crude Oil,,MISSISSIPPI,,15.74,15.74,,,,,,,157764.000,,,,0,37.415,0,0,0,0,37.415,0,0,0,0,0,0,0,0,37.415,0,0,0,0,37.415,0,0,0,0,0,0,0,0,0,0,0,0,0,0,0,0,0,0,0,0,0,0,0,0,0,0,0,0,0,0,0,0,0,0,0,0,INITIAL,6/11/2026,6/11/2026,7000-1.1 (Rev. 04-2023)
9/1/2026,2025,20260436,23042,39341,"CHALMETTE LOUISIANA LIQUIDS, LLC",4851 LBJ FREEWAY,DALLAS,TX,75244,US,HVL,,LOUISIANA,,42.28,42.28,,,,,,,,,1679035.000,,0,42.28,0,0,0,0,42.28,0,0,0,0,0,0,0,0,42.28,0,0,0,0,42.28,0,13.5,13.5,0,0,0,0,0,0,0,0,0,0,0,0,0,0,0,0,0,0,0,0,0,0,0,0,0,0,0,0,0,0,13.5,0,13.5,INITIAL,6/11/2026,6/11/2026,7000-1.1 (Rev. 04-2023)
9/1/2026,2025,20260614,23222,39347,"ILLINOIS EXTENSION PIPELINE COMPANY, L.L.C.","915 N ELDRIDGE PARKWAY, SUITE 1100",HOUSTON,TX,77079,US,Crude Oil,ILLINOIS,,,67.66,67.66,,,,,,0.000,11908324107.000,0,0.000,0.000,0,168.196,0,0,0,0,168.196,0,0,0,0,0,0,0,0,168.196,0,0,0,0,168.196,0,0,0,0,0,0,0,0,0,0,0,0,0,0,0,0,0,0,0,0,0,0,0,0,0,0,0,168.196,0,168.196,0,0,0,168.196,168.196,0,INITIAL,6/15/2026,6/15/2026,7000-1.1 (Rev. 04-2023)
9/1/2026,2025,20260484,23090,39352,"GENESIS OFFSHORE HOLDINGS, LLC",811 LOUISIANA ST.,HOUSTON,TX,77002,US,Crude Oil,"LOUISIANA, OCS-Gulf of America, TEXAS",,91.51,89.35,180.86,0,5.11535E+11,0,0,0,0.000,25704480918.000,0,0.000,0.000,0,96.76,0,0,0,0,96.76,0,984.12,0,0,0,0,984.12,0,1080.88,0,0,0,0,1080.88,0,0,0,0,0,0,0,0,0,0,0,0,0,0,0,0,0,0,0,0,0,33.76,0,33.76,231.74,0,231.74,0,0,0,3.19,0,3.19,268.69,268.69,0,INITIAL,6/12/2026,6/12/2026,7000-1.1 (Rev. 04-2023)
9/1/2026,2025,20260488,23094,39354,ENBRIDGE OFFSHORE FACILITIES,915 NORTH ELDRIDGE PARKWAY,HOUSTON,TX,77079,US,Crude Oil,OCS-Gulf of America,,162.49,,162.49,,1882848801,,,,,,,,,0,0,0,0,0,0,0,0,162.49,0,0,0,0,162.49,0,162.49,0,0,0,0,162.49,0,0,0,0,0,0,0,0,0,0,0,0,0,0,0,0,0,0,0,0,0,0,0,0,0,0,0,0,0,0,0,0,0,0,0,0,INITIAL,6/12/2026,6/12/2026,7000-1.1 (Rev. 04-2023)
9/1/2026,2025,20260296,22898,39368,CRESTWOOD MIDSTREAM PARTNERS LP,1300 MAIN STREET,HOUSTON,TX,77002,US,Crude Oil,,NORTH DAKOTA,,16.40,16.40,,,,,,0.000,1764306502.000,0,0.000,0.000,0,121.8,0,0,0,0,121.8,0,0,0,0,0,0,0,0,121.8,0,0,0,0,121.8,0,0,0,0,0,0,0,0,0,0,0,0,0,0,0,0,0,0,0,0,0,0,0,0,0,0,0,73.47,0,73.47,7.47,0,7.47,80.94,80.94,0,INITIAL,6/8/2026,6/8/2026,7000-1.1 (Rev. 04-2023)
9/1/2026,2025,20260295,22897,39368,CRESTWOOD MIDSTREAM PARTNERS LP,1300 MAIN STREET,HOUSTON,TX,77002,US,HVL,INDIANA,"NEW MEXICO, NORTH DAKOTA, TEXAS",0.00,0.00,0.00,,,,,,0.000,0.000,0,40737774.000,0.000,0,5.79,0,0,0,0,5.79,0,0,0,0,0,0,0,0,5.79,0,0,0,0,5.79,0,0,0,0,0,0,0,0,0,0,0,0,0,0,0,0,0,0,0,0,0,0,0,0,0,0,0,4.89,0,4.89,0.77,0,0.77,5.66,5.66,0,INITIAL,6/8/2026,6/8/2026,7000-1.1 (Rev. 04-2023)
9/1/2026,2025,20260219,22873,39369,ELLSJET TERMINAL,825 TOWN & COUNTRY LANE,HOUSTON,TX,77024,US,Refined and/or Petroleum Product (non-HVL),,SOUTH DAKOTA,,6.51,6.51,,,,,,,,,,78204.000,0,6.51,0,0,0,0,6.51,0,0,0,0,0,0,0,0,6.51,0,0,0,0,6.51,0,0,0,0,0,0,0,0,0,0,0,0,0,0,0,6.51,0,6.51,0,0,0,0,0,0,0,0,0,0,0,0,0,0,0,6.51,6.51,0,SUPPLEMENTAL,6/3/2026,6/4/2026,7000-1.1 (Rev. 04-2023)
9/1/2026,2025,20260298,22900,39376,"BLUE CUBE OPERATIONS, LLC.",604 HWY 332,LAKE JACKSON,TX,77566,US,Refined and/or Petroleum Product (non-HVL),,TEXAS,,1.55,1.55,,,,,,2259267.000,,,,,0,1.55,0,0,0,0,1.55,0,0,0,0,0,0,0,0,1.55,0,0,0,0,1.55,0,0,0,0,0,0,0,0,0,0,0,0,0,0,0,0,0,0,0,0,0,0,0,0,0,0,0,1.55,0,1.55,0,0,0,1.55,1.55,0,INITIAL,6/8/2026,6/8/2026,7000-1.1 (Rev. 04-2023)
9/1/2026,2025,20260712,23342,39377,"WHITNEY OIL & GAS, LLC",1415 Lousiana St,HOUSTON,TX,77002,US,Crude Oil,,LOUISIANA,0.00,0.00,0.00,,231535,,,,,,,,,0,0,0,0,0,0,0,0,16.643,0,0,0,0,16.643,0,16.643,0,0,0,0,16.643,0,0,0,0,0,0,0,0,0,0,0,0,0,0,0,0,0,0,0,0,0,0,0,0,0,0,0,0,0,0,0,0,0,0,0,0,INITIAL,6/18/2026,6/18/2026,7000-1.1 (Rev. 04-2023)
9/1/2026,2025,20260475,23081,39389,"GEL TEXAS PIPELINE, LLC",811 LOUISIANA ST,HOUSTON,TX,77002,US,Crude Oil,TEXAS,,,25.13,25.13,0,0,0,0,0,0.000,27782118398.000,0,0.000,0.000,0,25.11,0,0,0,0,25.11,0,0,0,0,0,0,0,0,25.11,0,0,0,0,25.11,0,0,0,0,0,0,0,0,0,0,0,0,0,0,0,0,0,0,0,0,0,0,0,0,0,0,0,25.11,0,25.11,0,0,0,25.11,25.11,0,INITIAL,6/12/2026,6/12/2026,7000-1.1 (Rev. 04-2023)
9/1/2026,2025,20260045,22958,39398,INEOS USA LLC,"2600 SOUTH SHORE BLVD,",LEAGUE CITY,TX,77573,US,HVL,,TEXAS,,257.99,257.99,,,,,,,,,100607810.000,,0,407.72,0,0,0,0,407.72,0,0,0,0,0,0,0,0,407.72,0,0,0,0,407.72,0,0,0,0,0,0,0,0,0,0,0,0,0,0,0,286.51,0,286.51,83.37,0,83.37,24.68,0,24.68,0,0,0,11.43,0,11.43,1.73,0,1.73,407.72,407.72,0,SUPPLEMENTAL,3/9/2026,6/9/2026,7000-1.1 (Rev. 04-2023)
9/1/2026,2025,20260046,22615,39398,INEOS USA LLC,"2600 SOUTH SHORE BLVD,",LEAGUE CITY,TX,77573,US,Refined and/or Petroleum Product (non-HVL),,TEXAS,,55.78,55.78,,,,,,,,,,2847195.000,0,72.16,0,0,0,0,72.16,0,0,0,0,0,0,0,0,72.16,0,0,0,0,72.16,0,0,0,0,0,0,0,0,0,0,0,0,0,0,0,43.27,0,43.27,0,0,0,24.49,0,24.49,4.4,0,4.4,0,0,0,0,0,0,72.16,72.16,0,INITIAL,3/9/2026,3/9/2026,7000-1.1 (Rev. 04-2023)
9/1/2026,2025,20260092,22673,39401,GREAT SALT PLAINS PIPELINE LLC,"8301 E 21ST ST, SUITE 370",WICHITA,KS,67206,US,Crude Oil,,"KANSAS, OKLAHOMA",,122.63,122.63,,,,,,,2076294977.000,,,,0,496.7,0,43.47,0,0,540.17,0,0,0,0,0,0,0,0,496.7,0,43.47,0,0,540.17,0,0,0,0,88.89,88.89,0,0,0,0,161.73,161.73,0,78.09,78.09,0,0,0,43.47,0,43.47,0,0,0,0,0,0,167.83,0,167.83,0,0,0,540.01,211.3,328.71,INITIAL,4/22/2026,4/22/2026,7000-1.1 (Rev. 04-2023)
9/1/2026,2025,20260534,23140,39409,"CHALMETTE REFINING, L.L.C.",ONE SYLVAN WAY,PARSIPPANY,NJ,07054,US,Crude Oil,,LOUISIANA,,2.1,2.1,,,,,,,51979513.000,,,,0,2.1,0,0,0,0,2.1,0,0,0,0,0,0,0,0,2.1,0,0,0,0,2.1,0,0,0,0,0,0,0,0,0,0,0,0,0,0,0,0,0,0,0,0,0,0,0,0,2.1,0,2.1,0,0,0,0,0,0,2.1,2.1,0,INITIAL,6/12/2026,6/12/2026,7000-1.1 (Rev. 04-2023)
9/1/2026,2025,20260535,23141,39409,"CHALMETTE REFINING, L.L.C.",ONE SYLVAN WAY,PARSIPPANY,NJ,07054,US,Refined and/or Petroleum Product (non-HVL),,LOUISIANA,,1.69,1.69,,,,,,,,,,42117800.000,0,1.69,0,0,0,0,1.69,0,0,0,0,0,0,0,0,1.69,0,0,0,0,1.69,0,0,0,0,0,0,0,0,0,0,0,0,0,1.33,1.33,0,0.34,0.34,0,0,0,0,0,0,0.015,0,0.015,0.005,0,0.005,0,0,0,1.69,0.02,1.67,INITIAL,6/12/2026,6/12/2026,7000-1.1 (Rev. 04-2023)
9/1/2026,2025,20260589,23197,39433,"MAGELLAN OPERATING COMPANY, LLC",100 WEST 5TH STREET,TULSA,OK,74103,US,Crude Oil,,TEXAS,,24.86,24.86,,,,,,,20.000,,,,0,24.95,0,0,0,0,24.95,0,0,0,0,0,0,0,0,24.95,0,0,0,0,24.95,0,0,0,0,0,0,0,0,0,0,0,0,0,0,0,0,0,0,0,0,0,0,0,0,0,0,0,23.95,0,23.95,0,0,0,23.95,23.95,0,INITIAL,6/15/2026,6/15/2026,7000-1.1 (Rev. 04-2023)
9/1/2026,2025,20260116,23382,39433,"MAGELLAN OPERATING COMPANY, LLC",100 WEST 5TH STREET,TULSA,OK,74103,US,Fuel Grade Ethanol (dedicated system),,TEXAS,,,0.00,,,,,,,,,,,0,0,0,0,0,0,0,0,0,0,0,0,0,0,0,0,0,0,0,0,0,0,0,0,0,0,0,0,0,0,0,0,0,0,0,0,0,0,0,0,0,0,0,0,0,0,0,0,0,0,0,0,0,0,0,0,0,SUPPLEMENTAL,5/13/2026,7/30/2026,7000-1.1 (Rev. 04-2023)
9/1/2026,2025,20260115,22704,39433,"MAGELLAN OPERATING COMPANY, LLC",100 WEST 5TH STREET,TULSA,OK,74103,US,HVL,,TEXAS,,,0.00,,,,,,,,,,,0,0,0,0,0,0,0,0,0,0,0,0,0,0,0,0,0,0,0,0,0,0,0,0,0,0,0,0,0,0,0,0,0,0,0,0,0,0,0,0,0,0,0,0,0,0,0,0,0,0,0,0,0,0,0,0,0,INITIAL,5/13/2026,5/13/2026,7000-1.1 (Rev. 04-2023)
9/1/2026,2025,20260590,23383,39433,"MAGELLAN OPERATING COMPANY, LLC",100 WEST 5TH STREET,TULSA,OK,74103,US,Refined and/or Petroleum Product (non-HVL),,TEXAS,,11.11,11.11,,,,,,,,,,,0,11.12,0,0,0,0,11.12,0,0,0,0,0,0,0,0,11.12,0,0,0,0,11.12,0,0,0,0,0,0,0,0,0,0,0,0,0,0,0,0,0,0,0,0,0,0,0,0,0,0,0,6.44,0,6.44,0,0,0,6.44,6.44,0,SUPPLEMENTAL,6/15/2026,7/30/2026,7000-1.1 (Rev. 04-2023)
9/1/2026,2025,20260429,23339,39436,INDORAMA VENTURES OLEFINS LLC,4300 HIGHWAY 108,WESTLAKE,LA,70669,US,HVL,"LOUISIANA, TEXAS",LOUISIANA,,24.75,24.75,,,,,,,,,0.000,,0,34.23,0,0,0,0,34.23,0,0,0,0,0,0,0,0,34.23,0,0,0,0,34.23,0,0,0,0,0,0,0,0,0,0,27.7,27.7,0,1.5,1.5,0,0,0,0,0,0,0,0,0,0,0,0,0,0,0,0,0,0,29.2,0,29.2,SUPPLEMENTAL,6/11/2026,6/18/2026,7000-1.1 (Rev. 04-2023)
9/1/2026,2025,20260548,23154,39440,HILAND EXPRESS,1001 LOUISIANA ST.,HOUSTON,TX,77002,US,Crude Oil,"MONTANA, NORTH DAKOTA, WYOMING",WYOMING,,51.31,51.31,,,,,,0.000,5815008829.000,0,0.000,0.000,0,512.469,0,0,0,0,512.469,0,0,0,0,0,0,0,0,512.469,0,0,0,0,512.469,0,0,0,0,0,0,0,0,0,0,0,0,0,0,0,0,0,0,0,0,0,0,0,0,0,0,0,512.469,0,512.469,0,0,0,512.469,512.469,0,INITIAL,6/14/2026,6/14/2026,7000-1.1 (Rev. 04-2023)
9/1/2026,2025,20260293,22895,39462,"BAYOU BRIDGE PIPELINE, LLC",1300 MAIN STREET,HOUSTON,TX,77002,US,Crude Oil,"LOUISIANA, TEXAS",,0.00,190.79,190.79,0,0,0,0,0,0.000,10720933242.000,0,0.000,0.000,0,213.27,0,0,0,0,213.27,0,0,0,0,0,0,0,0,213.27,0,0,0,0,213.27,0,0,0,0,0,0,0,0,0,0,0,0,0,0,0,0,0,0,0,0,0,0,0,0,0,0,0,164.11,0,164.11,0,0,0,164.11,164.11,0,INITIAL,6/8/2026,6/8/2026,7000-1.1 (Rev. 04-2023)
9/1/2026,2025,20260404,23010,39467,"KURARAY AMERICA, INC.",2625 BAY AREA BLVD,HOUSTON,TX,77058,US,HVL,,TEXAS,,1.88,1.88,,,,,,,,,185086.000,,0,1.88,0,0,0,0,1.88,0,0,0,0,0,0,0,0,1.88,0,0,0,0,1.88,0,0,0,0,0,0,0,0,0,0,0,0,0,0,0,0,0,0,0,0,0,0,0,0,0,0,0,0,0,0,0,0,0,0,0,0,INITIAL,6/11/2026,6/11/2026,7000-1.1 (Rev. 04-2023)
9/1/2026,2025,20260582,23189,39474,"ENBRIDGE INGLESIDE, LLC",915 N. ELDRIDGE PARKWAY,HOUSTON,TX,77079,US,Crude Oil,,TEXAS,,18.93,18.93,,,,,,0.000,172678286.000,0,0.000,0.000,0,29.914,0,0,0,0,29.914,0,0,0,0,0,0,0,0,29.914,0,0,0,0,29.914,0,0,0,0,0,0,0,0,0,0,0,0,0,0,0,0,0,0,0,0,0,0,0,0,0,0,0,29.914,0,29.914,0,0,0,29.914,29.914,0,INITIAL,6/15/2026,6/15/2026,7000-1.1 (Rev. 04-2023)
9/1/2026,2025,20260583,23190,39474,"ENBRIDGE INGLESIDE, LLC",915 N. ELDRIDGE PARKWAY,HOUSTON,TX,77079,US,HVL,,TEXAS,,8.12,8.12,,,,,,0.000,0.000,0,0.000,0.000,0,18.185,0,0,0,0,18.185,0,0,0,0,0,0,0,0,18.185,0,0,0,0,18.185,0,0,0,0,0,0,0,0,0,0,0,0,0,0,0,0,0,0,0,0,0,0,0,0,0,0,0,18.185,0,18.185,0,0,0,18.185,18.185,0,INITIAL,6/15/2026,6/15/2026,7000-1.1 (Rev. 04-2023)
9/1/2026,2025,20260259,22858,39476,"BRAZOS MIDSTREAM OPERATING, LLC","777 MAIN ST., SUITE 3700",FORT WORTH,TX,76102,US,Crude Oil,,TEXAS,,,0,,,,,,,,,,,0,0,0,0,0,0,0,0,0,0,0,0,0,0,0,0,0,0,0,0,0,0,0,0,0,0,0,0,0,0,0,0,0,0,0,0,0,0,0,0,0,0,0,0,0,0,0,0,0,0,0,0,0,0,0,0,0,INITIAL,6/4/2026,6/4/2026,7000-1.1 (Rev. 04-2023)
9/1/2026,2025,20260260,22859,39476,"BRAZOS MIDSTREAM OPERATING, LLC","777 MAIN ST., SUITE 3700",FORT WORTH,TX,76102,US,HVL,,TEXAS,,0.00,0.00,,,,,,,,,144757849.000,,0,12.59,0,0,0,0,12.59,0,0,0,0,0,0,0,0,12.59,0,0,0,0,12.59,0,0,0,0,0,0,0,0,0,0,0,0,0,0,0,0,0,0,0,0,0,0,0,0,0,0,0,12.59,0,12.59,0,0,0,12.59,12.59,0,INITIAL,6/4/2026,6/4/2026,7000-1.1 (Rev. 04-2023)
9/1/2026,2025,20260171,22764,39477,"KEYERA ENERGY, INC.",1605 W 131ST STREET S,GLENPOOL,OK,74033,US,Crude Oil,,OKLAHOMA,,0.00,0.00,,,,,,,1254538.000,,,,0,2.44,0,0,0,0,2.44,0,0,0,0,0,0,0,0,2.44,0,0,0,0,2.44,0,0,0,0,0,0,0,0,0,0,0,0,0,0,0,0,0,0,0,0,0,0,0,0,0,0,0,0,0,0,2.44,0,2.44,2.44,2.44,0,INITIAL,5/28/2026,5/28/2026,7000-1.1 (Rev. 04-2023)
9/1/2026,2025,20260209,22807,39491,EQT MIDSTREAM COMPANY LLC,2200 Energy Drive,CANONSBURG,PA,15317,US,HVL,,WEST VIRGINIA,,4.52,4.52,,,,,,,,,764548.000,,0,4.52,0,0,0,0,4.52,0,0,0,0,0,0,0,0,4.52,0,0,0,0,4.52,0,0,0,0,0,0,0,0,0,0,0,0,0,0,0,0,0,0,0,0,0,0,0,0,0,0,0,0,0,0,4.52,0,4.52,4.52,4.52,0,INITIAL,6/3/2026,6/3/2026,7000-1.1 (Rev. 04-2023)
9/1/2026,2025,20260674,23285,39492,"CELANESE CHEMICALS, INC",9502 BAYPORT BLVD.,PASADENA,TX,77507,US,HVL,,TEXAS,0,12.64,12.64,,,,0,,,,,0.000,,0,12.64,0,0,0,0,12.64,0,0,0,0,0,0,0,0,12.64,0,0,0,0,12.64,0,0,0,0,0,0,0,0,0,0,0,0,0,0,0,0,12.64,12.64,0,0,0,0,0,0,0,0,0,0,0,0,0,0,0,12.64,0,12.64,INITIAL,6/15/2026,6/15/2026,7000-1.1 (Rev. 04-2023)
9/1/2026,2025,20260676,23314,39492,"CELANESE CHEMICALS, INC",9502 BAYPORT BLVD.,PASADENA,TX,77507,US,Refined and/or Petroleum Product (non-HVL),,TEXAS,0,4.84,4.84,,,,,0,,,,,6786222201.000,0,3.26,1.58,0,0,0,4.84,0,0,0,0,0,0,0,0,3.26,1.58,0,0,0,4.84,0,0,0,0,0,0,0,0,0,0,0,0,0,0,0,0,0,0,0,0,0,0,0,0,0,0,0,0,0,0,0,0,0,0,0,0,SUPPLEMENTAL,6/15/2026,6/15/2026,7000-1.1 (Rev. 04-2023)
9/1/2026,2025,20260585,23193,39504,"MAGELLAN CRUDE OIL PIPELINE COMPANY, L.P.",100 WEST 5TH STREET,TULSA,OK,74103,US,Crude Oil,TEXAS,TEXAS,,296.76,296.76,,,,,,,50944120486.000,,,,0,617.24,0,0,0,0,617.24,0,0,0,0,0,0,0,0,617.24,0,0,0,0,617.24,0,0,0,0,0,0,0,28.81,28.81,0,35.35,35.35,0,0.23,0.23,0.09,0.33,0.42,2.88,0,2.88,15.75,0,15.75,27.47,0,27.47,121.08,0,121.08,2.07,0,2.07,234.06,169.34,64.72,INITIAL,6/15/2026,6/15/2026,7000-1.1 (Rev. 04-2023)
9/1/2026,2025,20260586,23194,39504,"MAGELLAN CRUDE OIL PIPELINE COMPANY, L.P.",100 WEST 5TH STREET,TULSA,OK,74103,US,HVL,,TEXAS,,15.74,15.74,,,,,,,,,,,0,15.78,0,0,0,0,15.78,0,0,0,0,0,0,0,0,15.78,0,0,0,0,15.78,0,0,0,0,0,0,0,13.49,13.49,0,0,0,0,0,0,0,0,0,0,0,0,0.42,0,0.42,1.23,0,1.23,0.64,0,0.64,0,0,0,15.78,2.29,13.49,INITIAL,6/15/2026,6/15/2026,7000-1.1 (Rev. 04-2023)
9/1/2026,2025,20260286,22888,39506,PEAK MIDSTREAM GOLDSBORO LLC,4831 Bonny Oaks Drive,Chattanooga,TN,37416,US,Refined and/or Petroleum Product (non-HVL),,NORTH CAROLINA,0.00,4.89,4.89,,,,,,,,,,1328456.000,0,5.62,0,0,0,0,5.62,0,0,0,0,0,0,0,0,5.62,0,0,0,0,5.62,0,0,0,0,0,0,0,0,0,0,0,0,5.61,0,5.61,0,0,0,0,0,0,0,0,0,0,0,0,0.01,0,0.01,0,0,0,5.62,5.62,0,INITIAL,6/8/2026,6/8/2026,7000-1.1 (Rev. 04-2023)
9/1/2026,2025,20260631,23239,39509,"ITC PIPELINE COMPANY, LLC",1030 ETHYL ROAD,PASADENA,TX,77503,US,Refined and/or Petroleum Product (non-HVL),,TEXAS,0.00,11.70,11.70,,,,,0,,,,,127669067.000,0,11.7,0,0,0,0,11.7,0,0,0,0,0,0,0,0,11.7,0,0,0,0,11.7,0,0,0,0,0,0,0,0,0,0,0,0,0,0,0,0,0,0,0,0,0,0,0,0,0,0,0,11.7,0,11.7,0,0,0,11.7,11.7,0,INITIAL,6/15/2026,6/15/2026,7000-1.1 (Rev. 04-2023)
9/1/2026,2025,20260538,23144,39518,KINDER MORGAN UTOPIA LLC,1001 LOUISIANA ST.,HOUSTON,TX,77002,US,HVL,"MICHIGAN, OHIO",,,166.88,166.88,,,,,,,,,2864973808.000,,0,265.791,0,0,0,0,265.791,0,0,0,0,0,0,0,0,265.791,0,0,0,0,265.791,0,0,0,0,0,0,0,0,0,0,0,0,0,0,0,115.243,0,115.243,0,0,0,0,0,0,0.765,0,0.765,149.772,0,149.772,0.001,0,0.001,265.781,265.781,0,INITIAL,6/14/2026,6/14/2026,7000-1.1 (Rev. 04-2023)
9/1/2026,2025,20260522,23128,39532,TORRANCE BASIN PIPELINE COMPANY LLC,ONE SYLVAN WAY,PARSIPPANY,NJ,07054,US,Crude Oil,,CALIFORNIA,,8.47,8.47,,,,,,,23252359.000,,,,0,13.9,0,0,0,0,13.9,0,0,0,0,0,0,0,0,13.9,0,0,0,0,13.9,0,0,0,0,0.15,0.15,0,0.86,0.86,0,2.25,2.25,0.09,2.04,2.13,0,1.79,1.79,1.6,0,1.6,0.28,0,0.28,0.82,0,0.82,0.36,0,0.36,0,0,0,10.24,3.15,7.09,INITIAL,6/12/2026,6/12/2026,7000-1.1 (Rev. 04-2023)
9/1/2026,2025,20260523,23129,39532,TORRANCE BASIN PIPELINE COMPANY LLC,ONE SYLVAN WAY,PARSIPPANY,NJ,07054,US,Refined and/or Petroleum Product (non-HVL),,CALIFORNIA,,8.26,8.26,,,,,,,,,,70766367.000,0,8.26,0,0,0,0,8.26,0,0,0,0,0,0,0,0,8.26,0,0,0,0,8.26,0,0,0,0,0,0,0,0,0,0,0.52,0.52,0,1.19,1.19,0,0.15,0.15,0,0,0,2.44,0,2.44,0.74,0,0.74,0.01,0,0.01,0,0,0,5.05,3.19,1.86,INITIAL,6/12/2026,6/12/2026,7000-1.1 (Rev. 04-2023)
9/1/2026,2025,20260524,23130,39533,TORRANCE LOGISTICS COMPANY LLC,ONE SYLVAN WAY,PARSIPPANY,NJ,07054,US,Crude Oil,,CALIFORNIA,,0.84,0.84,,,,,,,3529458.000,,,,0,0.84,0,0,0,0,0.84,0,0,0,0,0,0,0,0,0.84,0,0,0,0,0.84,0,0,0,0,0,0,0,0,0,0,0,0,0,0.81,0.81,0,0.01,0.01,0,0,0,0,0,0,0.02,0,0.02,0,0,0,0,0,0,0.84,0.02,0.82,INITIAL,6/12/2026,6/12/2026,7000-1.1 (Rev. 04-2023)
9/1/2026,2025,20260525,23131,39533,TORRANCE LOGISTICS COMPANY LLC,ONE SYLVAN WAY,PARSIPPANY,NJ,07054,US,Refined and/or Petroleum Product (non-HVL),,CALIFORNIA,,,0.00,,,,,,,,,,,0,0,0,0,0,0,0,0,0,0,0,0,0,0,0,0,0,0,0,0,0,0,0,0,0,0,0,0,0,0,0,0,0,0,0,0,0,0,0,0,0,0,0,0,0,0,0,0,0,0,0,0,0,0,0,0,0,INITIAL,6/12/2026,6/12/2026,7000-1.1 (Rev. 04-2023)
9/1/2026,2025,20260526,23132,39534,TORRANCE VALLEY PIPELINE COMPANY LLC,1 SYLVAN WAY,PARSIPPANY,NJ,07054,US,Crude Oil,,CALIFORNIA,,128.37,128.37,,,,,,,3474308266.000,,,,0,181.46,0,0,0,0,181.46,0,0,0,0,0,0,0,0,181.46,0,0,0,0,181.46,0,0,0,0,0,0,0,0,0,0,0,0,0,0,0,0,5.05,5.05,32.29,0,32.29,140.05,0,140.05,2.19,0,2.19,1.77,0,1.77,0.09,0,0.09,181.44,176.39,5.05,INITIAL,6/12/2026,6/12/2026,7000-1.1 (Rev. 04-2023)
9/1/2026,2025,20260527,23133,39535,TORRANCE PIPELINE COMPANY LLC,ONE SYLVAN WAY,PARSIPPANY,NJ,07054,US,Crude Oil,,CALIFORNIA,,10.69,10.69,,,,,,,214280197.000,,,,0,10.69,0,0,0,0,10.69,0,0,0,0,0,0,0,0,10.69,0,0,0,0,10.69,0,0,0,0,0,0,0,0,0,0,0,0,0,0,0,0,0.03,0.03,0.01,0,0.01,0,0,0,0,0,0,0.38,0,0.38,0,0,0,0.42,0.39,0.03,INITIAL,6/12/2026,6/12/2026,7000-1.1 (Rev. 04-2023)
9/1/2026,2025,20260528,23134,39535,TORRANCE PIPELINE COMPANY LLC,ONE SYLVAN WAY,PARSIPPANY,NJ,07054,US,Refined and/or Petroleum Product (non-HVL),,CALIFORNIA,,53.29,53.29,,,,,,,,,,533510605.000,0,85.17,0,0,0,0,85.17,0,0,0,0,0,0,0,0,85.17,0,0,0,0,85.17,0,0,0,0,0,0,0,5.67,5.67,0,12.15,12.15,0,14.42,14.42,4.83,26.77,31.6,5.69,0,5.69,2.27,0,2.27,5.54,0,5.54,1.82,0,1.82,0,0,0,79.16,20.15,59.01,INITIAL,6/12/2026,6/12/2026,7000-1.1 (Rev. 04-2023)
9/1/2026,2025,20260066,22639,39543,"RIVERSIDE ENERGY MICHIGAN, LLC",10691 E CARTER RD,TRAVERSE CITY,MI,49684,US,CO2,,MICHIGAN,,0,0,,,,,,,,,,,0,16.33,0,0,0,0,16.33,0,0,0,0,0,0,0,0,16.33,0,0,0,0,16.33,0,0,0,0,0,0,0,0,0,0,0,0,0,0,0,0,0,0,0,0,0,0,0,0,0,0,0,0,0,0,0,0,0,0,0,0,INITIAL,3/17/2026,3/17/2026,7000-1.1 (Rev. 04-2023)
9/1/2026,2025,20260275,22876,39551,"STAKEHOLDER MIDSTREAM CRUDE OIL PIPELINE, LLC",811 LOUISIANA ST. SUITE 2100,HOUSTON,TX,77002,US,Crude Oil,"NEW MEXICO, TEXAS",,,1.97,1.97,,,,,,,408458077.000,,,,0,23.66,0,0,0,0,23.66,0,0,0,0,0,0,0,0,23.66,0,0,0,0,23.66,0,0,0,0,0,0,0,0,0,0,0,0,0,0,0,0,0,0,0,0,0,0,0,0,0,0,0,23.66,0,23.66,0,0,0,23.66,23.66,0,INITIAL,6/4/2026,6/4/2026,7000-1.1 (Rev. 04-2023)
9/1/2026,2025,20260399,23005,39556,ISLAND ENERGY SERVICES,91-480 MALAKOLE STREET,KAPOLEI,HI,96707,US,Refined and/or Petroleum Product (non-HVL),,HAWAII,,46.06,46.06,,,,,,,,,,211803158.000,0,46.058,0,0,0,0,46.058,0,0,0,0,0,0,0,0,46.058,0,0,0,0,46.058,0,0,0,0,0,0,0,0,0,0,18.391,18.391,0,0.066,0.066,0,0,0,0,0,0,0,0,0,0.526,0,0.526,0,0,0,1.45,0,1.45,20.433,1.976,18.457,INITIAL,6/10/2026,6/10/2026,7000-1.1 (Rev. 04-2023)
9/1/2026,2025,20260151,22744,39565,TORRENT OIL LLC,1415 Louisiana St.,HOUSTON,TX,77002,US,Crude Oil,,TEXAS,14.35,0.00,14.35,0,47022,0,0,0,0.000,0.000,0,0.000,0.000,0,11.762,0,0,0,0,11.762,0,19.371,0,0,0,0,19.371,0,31.133,0,0,0,0,31.133,0,0,0,0,0,0,0,0,0,0,0,0,0,0,0,0,0,0,0,0,0,0,0,0,0,0,0,0,0,0,0,0,0,0,0,0,INITIAL,5/22/2026,5/22/2026,7000-1.1 (Rev. 04-2023)
9/1/2026,2025,20260331,22933,39566,TARGA NORTHERN DELAWARE LLC,"811 LOUISIANA STREET, SUITE 2100",HOUSTON,TX,77002,US,HVL,,NEW MEXICO,,1.06,1.06,,,,,,,,,95613533.000,,0,28.97,0,0,0,0,28.97,0,0,0,0,0,0,0,0,28.97,0,0,0,0,28.97,0,0,0,0,0,0,0,0,0,0,0,0,0,0,0,0,0,0,0,0,0,0,0,0,0,0,0,27.54,0,27.54,1.43,0,1.43,28.97,28.97,0,INITIAL,6/8/2026,6/8/2026,7000-1.1 (Rev. 04-2023)
9/1/2026,2025,20260731,23372,39581,CALIBER BEAR DEN INTERCONNECT LLC,455 N POPLAR ST,CASPER,WY,82602,US,Crude Oil,,NORTH DAKOTA,,0.64,0.64,,,,,,,2321853.000,,,,0,5.7,0,0,0,0,5.7,0,0,0,0,0,0,0,0,5.7,0,0,0,0,5.7,0,0,0,0,0,0,0,0,0,0,0,0,0,0,0,0,0,0,0,0,0,0,0,0,0,0,0,5.7,0,5.7,0,0,0,5.7,5.7,0,INITIAL,7/13/2026,7/13/2026,7000-1.1 (Rev. 04-2023)
9/1/2026,2025,20260175,22769,39587,"SAVAGE BAKKEN CONNECTOR, INC",901 LEGACY CENTER WAY,MIDVALE,UT,84047,US,Crude Oil,NORTH DAKOTA,,,0.33,0.33,,,,,,,28648354.000,,,,0,2,0,0.05,0,0,2.05,0,0,0,0,0,0,0,0,2,0,0.05,0,0,2.05,0,0,0,0,0,0,0,0,0,0,0,0,0,0,0,0,0,0,0,0,0,0,0,0,0,0,0,2.05,0,2.05,0,0,0,2.05,2.05,0,INITIAL,5/29/2026,5/29/2026,7000-1.1 (Rev. 04-2023)
9/1/2026,2025,20260229,22828,39589,"STATELINE CRUDE, LLC",16211 LA CANTERA PARKWAY,SAN ANTONIO,TX,78256,US,Crude Oil,"NEW MEXICO, TEXAS","NEW MEXICO, TEXAS",,1.50,1.50,,,,,,,368663205.000,,,,0,23.82,0,0,0,0,23.82,0,0,0,0,0,0,0,0,23.82,0,0,0,0,23.82,0,0,0,0,0,0,0,0,0,0,0,0,0,0,0,0,0,0,0,0,0,0,0,0,0,0,0,23.82,0,23.82,0,0,0,23.82,23.82,0,INITIAL,6/3/2026,6/3/2026,7000-1.1 (Rev. 04-2023)
9/1/2026,2025,20260693,23394,39593,QEP ENERGY COMPANY,500 W. TEXAS AVE,MIDLAND,TX,79701,US,Crude Oil,,TEXAS,,0.00,0.00,,0,,,,,1160378.000,,,,0,2.54,0,0,0,0,2.54,0,0,0,0,0,0,0,0,2.54,0,0,0,0,2.54,0,0,0,0,0,0,0,0,0,0,0,0,0,0,0,0,0,0,0,0,0,0,0,0,0,0,0,0,0,0,0,0,0,0,0,0,SUPPLEMENTAL,6/15/2026,8/10/2026,7000-1.1 (Rev. 04-2023)
9/1/2026,2025,20260291,22893,39596,PERMIAN EXPRESS PARTNERS LLC,1300 MAIN STREET,HOUSTON,TX,77002,US,Crude Oil,"ARKANSAS, ILLINOIS, LOUISIANA, MISSOURI, TEXAS",TEXAS,,920.26,920.26,,,,,,0.000,95130784700.000,0,0.000,0.000,0,1688.8,0,0,0,0,1688.8,0,0,0,0,0,0,0,0,1688.8,0,0,0,0,1688.8,0,0,0,0,0,0,0,403.78,403.78,0,302.78,302.78,0,4.25,4.25,22.87,18.69,41.56,27.69,0,27.69,37.21,0,37.21,30.54,0,30.54,344.09,0,344.09,2.59,0,2.59,1194.49,464.99,729.5,INITIAL,6/8/2026,6/8/2026,7000-1.1 (Rev. 04-2023)
9/1/2026,2025,20260292,22894,39596,PERMIAN EXPRESS PARTNERS LLC,1300 MAIN STREET,HOUSTON,TX,77002,US,HVL,,OKLAHOMA,,2.15,2.15,,,,,,0.000,0.000,0,0.000,0.000,0,8.88,0,0,0,0,8.88,0,0,0,0,0,0,0,0,8.88,0,0,0,0,8.88,0,0,0,0,0,0,0,0,0,0,0,0,0,0,0,0,0,0,0,0,0,0,0,0,0,0,0,0,0,0,0,0,0,0,0,0,INITIAL,6/8/2026,6/8/2026,7000-1.1 (Rev. 04-2023)
9/1/2026,2025,20260042,22611,39600,VAQUERO PERMIAN PROCESSING LLC,2850 N. HARWOOD STREET,DALLAS,TX,75201,US,HVL,,TEXAS,,0,0,,,,,,,,,14341011.000,,0,3.265,0,0,0,0,3.265,0,0,0,0,0,0,0,0,3.265,0,0,0,0,3.265,0,0,0,0,0,0,0,0,0,0,0,0,0,0,0,0,0,0,0,0,0,0,0,0,0,0,0,3.265,0,3.265,0,0,0,3.265,3.265,0,INITIAL,3/8/2026,3/8/2026,7000-1.1 (Rev. 04-2023)
9/1/2026,2025,20260715,23349,39610,"CPE GATHERING MIDCON, LLC",5220 Spring Valley Road,Dallas,TX,75254,US,Crude Oil,,OKLAHOMA,,0,0,,,,,,,11881839.000,,,,0,16.76,0,0,0,0,16.76,0,0,0,0,0,0,0,0,16.76,0,0,0,0,16.76,0,0,0,0,0,0,0,0,0,0,0,0,0,0,0,0,0,0,0,0,0,0,0,0,0,0,0,16.76,0,16.76,0,0,0,16.76,16.76,0,INITIAL,6/22/2026,6/22/2026,7000-1.1 (Rev. 04-2023)
9/1/2026,2025,20260341,22943,39617,EQUILON ENTERPRISES LLC DBA SHELL OIL PRODUCTS US - CONVENT REFINERY,150 NORTH DAIRY ASHFORD,HOUSTON,TX,77079,US,HVL,,LOUISIANA,,0.00,0.00,,,,,,,,,0.000,,0,20.73,0,0,0,0,20.73,0,0,0,0,0,0,0,0,20.73,0,0,0,0,20.73,0,0,0,0,0,0,0,0,0,0,0,0,0,20.73,20.73,0,0,0,0,0,0,0,0,0,0,0,0,0,0,0,0,0,0,20.73,0,20.73,INITIAL,6/9/2026,6/9/2026,7000-1.1 (Rev. 04-2023)
9/1/2026,2025,20260516,23122,39618,TORRANCE REFINING COMPANY LLC,ONE SYLVAN WAY,PARSIPPANY,NJ,07054,US,Crude Oil,,CALIFORNIA,,,0,,,,,,,,,,,0,0,0,0,0,0,0,0,0,0,0,0,0,0,0,0,0,0,0,0,0,0,0,0,0,0,0,0,0,0,0,0,0,0,0,0,0,0,0,0,0,0,0,0,0,0,0,0,0,0,0,0,0,0,0,0,0,INITIAL,6/12/2026,6/12/2026,7000-1.1 (Rev. 04-2023)
9/1/2026,2025,20260256,22855,39636,"CARBON CALIFORNIA OPERATING COMPANY, LLC","270 QUAIL CT., SUITE B",SANTA PAULA,CA,93060,US,Crude Oil,,CALIFORNIA,,3.70,3.70,,,,,,,841765.000,,,,0,3.7,0,0,0,0,3.7,0,0,0,0,0,0,0,0,3.7,0,0,0,0,3.7,0,0,0,0,0,0,0,0,0,0,0,0,3.7,0,3.7,0,0,0,0,0,0,0,0,0,0,0,0,0,0,0,0,0,0,3.7,3.7,0,INITIAL,6/4/2026,6/4/2026,7000-1.1 (Rev. 04-2023)
9/1/2026,2025,20260114,22957,39637,UTAH GAS OP LTD DBA UTAH GAS CORP,1125 ESCALANTE DRIVE,RANGELY,CO,81648,US,HVL,"COLORADO, UTAH",,,0.00,0.00,,,,,,,,,252451.000,,0,16.7,0,0,0,0,16.7,0,0,0,0,0,0,0,0,16.7,0,0,0,0,16.7,0,0,0,0,0,0,0,0,0,0,0,0,0,0,0,0,0,0,0,0,0,16.7,0,16.7,0,0,0,0,0,0,0,0,0,16.7,16.7,0,SUPPLEMENTAL,5/13/2026,6/9/2026,7000-1.1 (Rev. 04-2023)
9/1/2026,2025,20260072,22650,39639,TANKS R US,630 OTTAWA AVENUE,HOLLAND,MI,49423,US,Refined and/or Petroleum Product (non-HVL),MICHIGAN,,,0.00,0.00,,,,,,,,,,3267948.000,0,0.01,0,0,0,0,0.01,0,0,0,0,0,0,0,0,0.01,0,0,0,0,0.01,0,0,0,0,0,0,0,0,0,0,0,0,0,0,0,0,0,0,0,0,0,0,0,0,0,0,0,0,0,0,0,0,0,0,0,0,INITIAL,4/2/2026,4/2/2026,7000-1.1 (Rev. 04-2023)
9/1/2026,2025,20260418,23024,39647,VALERO TEXAS CITY REFINERY,1 VALERO WAY,SAN ANTONIO,TX,78249,US,Refined and/or Petroleum Product (non-HVL),,TEXAS,,5.137,5.137,,,,,,,,,,49517006.000,0,5.137,0,0,0,0,5.137,0,0,0,0,0,0,0,0,5.137,0,0,0,0,5.137,0,0,0,0,0,0,0,0,0,0,0,0,0,1.736,1.736,0,0,0,0,0,0,0,0,0,3.385,0,3.385,0.016,0,0.016,0,0,0,5.137,3.401,1.736,INITIAL,6/11/2026,6/11/2026,7000-1.1 (Rev. 04-2023)
9/1/2026,2025,20260567,23173,39648,VALERO HOUSTON REFINERY,1 VALERO WAY,SAN ANTONIO,TX,78249,US,Crude Oil,,TEXAS,,1.398,1.398,,,,,,,104464829.000,,,,0,1.398,0,0,0,0,1.398,0,0,0,0,0,0,0,0,1.398,0,0,0,0,1.398,0,0,0,0,0,0,0,0,0,0,0,0,0,0,0,0,0,0,0,0,0,0,0,0,0,0,0,0,0,0,0,0,0,0,0,0,INITIAL,6/15/2026,6/15/2026,7000-1.1 (Rev. 04-2023)
9/1/2026,2025,20260569,23175,39648,VALERO HOUSTON REFINERY,1 VALERO WAY,SAN ANTONIO,TX,78249,US,HVL,,TEXAS,,3.92,3.92,,,,,,,,,3516354.000,,0,3.918,0,0,0,0,3.918,0,0,0,0,0,0,0,0,3.918,0,0,0,0,3.918,0,0,0,0,0,0,0,0,0,0,0,0,0,0,0,0,0.016,0.016,0,0,0,1.123,0,1.123,0,0,0,0,0,0,0,0,0,1.139,1.123,0.016,INITIAL,6/15/2026,6/15/2026,7000-1.1 (Rev. 04-2023)
9/1/2026,2025,20260568,23174,39648,VALERO HOUSTON REFINERY,1 VALERO WAY,SAN ANTONIO,TX,78249,US,Refined and/or Petroleum Product (non-HVL),,TEXAS,,10.96,10.96,,,,,,,,,,862892591.000,0,10.956,0,0,0,0,10.956,0,0,0,0,0,0,0,0,10.956,0,0,0,0,10.956,0,0,0,0,0,0,0,0,0,0,0,0,0,0,0,0,0,0,0,0,0,4.398,0,4.398,0.127,0,0.127,4.524,0,4.524,0,0,0,9.049,9.049,0,INITIAL,6/15/2026,6/15/2026,7000-1.1 (Rev. 04-2023)
9/1/2026,2025,20260174,22768,39649,"IRONWOOD OPERATING COMPANY, LLC","17802 IH-10, BLDG. II, STE. 405",SAN ANTONIO,TX,78257,US,Crude Oil,,TEXAS,,0,0,,,,,,,5533511.000,,,,0,12.53,0,0,0,0,12.53,0,0,0,0,0,0,0,0,12.53,0,0,0,0,12.53,0,0,0,0,0,0,0,0,0,0,0,0,0,0,0,0,0,0,0,0,0,0,0,0,0,0,0,12.53,0,12.53,0,0,0,12.53,12.53,0,INITIAL,5/29/2026,5/29/2026,7000-1.1 (Rev. 04-2023)
9/1/2026,2025,20260365,22971,39654,ORYX DELAWARE OIL TRANSPORT LLC,333 Clay St. Suite 1900,Houston,TX,77002,US,Crude Oil,"NEW MEXICO, TEXAS","NEW MEXICO, TEXAS",,27.45,27.45,,,,,,0.000,36896900311.000,0,0.000,0.000,139.23,561.04,0,0,0,0,700.27,0,0,0,0,0,0,0,139.23,561.04,0,0,0,0,700.27,226.66,0,226.66,0,0,0,0,0,0,0,0,0,0,0,0,0,0,0,0,0,0,0,0,0,0,0,0,427.78,0,427.78,9.34,0,9.34,663.78,663.78,0,INITIAL,6/10/2026,6/10/2026,7000-1.1 (Rev. 04-2023)
9/1/2026,2025,20260280,22882,39663,ALA ENERGY LLC,4100 UNICK ROAD,FERNDALE,WA,98248,US,HVL,,WASHINGTON,,0.00,0.00,,,,,,,,,2485797.000,,0,0.25,0,0,0,0,0.25,0,0,0,0,0,0,0,0,0.25,0,0,0,0,0.25,0,0,0,0,0,0,0,0,0,0,0,0,0,0,0,0.25,0,0.25,0,0,0,0,0,0,0,0,0,0,0,0,0,0,0,0.25,0.25,0,INITIAL,6/5/2026,6/5/2026,7000-1.1 (Rev. 04-2023)
9/1/2026,2025,20260252,22851,39684,ROCKY MOUNTAIN MIDSTREAM PIPELINE LLC,ONE WILLIAMS CENTER,TULSA,OK,74172,US,Crude Oil,,COLORADO,,41.07,41.07,,,,,,,353114583.000,,,,0,59.153,0,0,0,0,59.153,0,0,0,0,0,0,0,0,59.153,0,0,0,0,59.153,0.045,0,0.045,0,0,0,0,0,0,0,0,0,0,0,0,0,0,0,0,0,0,0,0,0,0,0,0,50.996,0,50.996,5.329,0,5.329,56.37,56.37,0,INITIAL,6/4/2026,6/4/2026,7000-1.1 (Rev. 04-2023)
9/1/2026,2025,20260253,22852,39684,ROCKY MOUNTAIN MIDSTREAM PIPELINE LLC,ONE WILLIAMS CENTER,TULSA,OK,74172,US,HVL,,COLORADO,,4.07,4.07,,,,,,,,,116820645.000,,0,22.064,0,0,0,0,22.064,0,0,0,0,0,0,0,0,22.064,0,0,0,0,22.064,0,0,0,0,0,0,0,0,0,0,0,0,0,0,0,0,0,0,0,0,0,0,0,0,0,0,0,22.064,0,22.064,0,0,0,22.064,22.064,0,INITIAL,6/4/2026,6/4/2026,7000-1.1 (Rev. 04-2023)
9/1/2026,2025,20260018,22578,39694,"BRIDGE ENERGY, LLC",2000 TONNER CANYON ROAD,BREA,CA,92821,US,Crude Oil,,CALIFORNIA,,3.50,3.50,,,,,,,717778.000,,,,1.7,1.8,0,0,0,0,3.5,0,0,0,0,0,0,0,1.7,1.8,0,0,0,0,3.5,0,0,0,0,0,0,0,0,0,0,0,0,0,0,0,0,0,0,0,0,0,0,0,0,0,0,0,0,0,0,0,0,0,0,0,0,INITIAL,2/4/2026,2/4/2026,7000-1.1 (Rev. 04-2023)
9/1/2026,2025,20260294,22896,39698,EXTEX OPERATING COMPANY,1 Galleria Blvd,METAIRIE,LA,70001,US,Crude Oil,,LOUISIANA,0.00,0.00,0.00,,,,,,,,,,,0,0.22,0,0,0,0,0.22,0,0,0,0,0,0,0,0,0.22,0,0,0,0,0.22,0,0,0,0,0,0,0,0,0,0,0,0,0,0,0,0,0,0,0,0,0,0,0,0,0,0,0,0,0,0,0,0,0,0,0,0,INITIAL,6/8/2026,6/8/2026,7000-1.1 (Rev. 04-2023)
9/1/2026,2025,20260288,22890,39706,ENERGY TRANSFER NEDERLAND TERMINAL LLC,1300 MAIN STREET,HOUSTON,TX,77002,US,Crude Oil,TEXAS,,,,0.00,,,,,,0.000,0.000,0,0.000,0.000,0,0,0,0,0,0,0,0,0,0,0,0,0,0,0,0,0,0,0,0,0,0,0,0,0,0,0,0,0,0,0,0,0,0,0,0,0,0,0,0,0,0,0,0,0,0,0,0,0,0,0,0,0,0,0,0,0,INITIAL,6/8/2026,6/8/2026,7000-1.1 (Rev. 04-2023)
9/1/2026,2025,20260638,23246,39713,CANTIUM. LLC,111 PARK PLACE DR,COVINGTON,LA,70433,US,Crude Oil,"LOUISIANA, OCS-Gulf of America",,5.82,0.00,5.82,,32331892,,,,,,,,,0,0,0,0,0,0,0,0,5.82,0,0,0,0,5.82,0,5.82,0,0,0,0,5.82,0,0,0,0,0,0,0,0,0,0,0,0,0,0,0,0,0,0,0,0,0,0,0,0,0,0,0,0,0,0,0,0,0,0,0,0,INITIAL,6/15/2026,6/15/2026,7000-1.1 (Rev. 04-2023)
9/1/2026,2025,20260644,23252,39731,VANTAGE PIPELINE US LP,"4000, 585 - 8TH AVENUE SW",CALGARY,ALBERTA,T2P 1G1,CA,HVL,NORTH DAKOTA,,,3.53,3.53,,,,,,,,,695307474.000,,0,126.87,0,0,0,0,126.87,0,0,0,0,0,0,0,0,126.87,0,0,0,0,126.87,0,0,0,0,0,0,0,0,0,0,0,0,0,0,0,0,0,0,0,0,0,0,0,0,0,0,0,126.87,0,126.87,0,0,0,126.87,126.87,0,INITIAL,6/15/2026,6/15/2026,7000-1.1 (Rev. 04-2023)
9/1/2026,2025,20260669,23279,39739,OCELOT ENERGY MANAGEMENT LLC,2950 N. HARWOOD ST,DALLAS,TX,75201,US,Refined and/or Petroleum Product (non-HVL),,TEXAS,,11.53,11.53,,,,,,,,,,,0,17.43,0,0,0,0,17.43,0,0,0,0,0,0,0,0,17.43,0,0,0,0,17.43,0,0,0,0,0,0,0,0,0,0,0,0,0,0,0,0,0,0,0,0,0,0,0,0,16.681,0,16.681,0.749,0,0.749,0,0,0,17.43,17.43,0,INITIAL,6/15/2026,6/15/2026,7000-1.1 (Rev. 04-2023)
9/1/2026,2025,20260324,22926,39745,"SEAPORT MIDSTREAM PARTNERS, LLC.",1670 BROADWAY,DENVER,CO,80202,US,Refined and/or Petroleum Product (non-HVL),,OREGON,,,0.00,,,,,,0.000,0.000,0,0.000,0.000,0,0,0,0,0,0,0,0,0,0,0,0,0,0,0,0,0,0,0,0,0,0,0,0,0,0,0,0,0,0,0,0,0,0,0,0,0,0,0,0,0,0,0,0,0,0,0,0,0,0,0,0,0,0,0,0,0,INITIAL,6/8/2026,6/8/2026,7000-1.1 (Rev. 04-2023)
9/1/2026,2025,20260687,23298,39746,ELEVATION MIDSTREAM,"1200 17TH STREET, SUITE 750",DENVER,CO,80202,US,Crude Oil,,COLORADO,,89.97,89.97,,,,,,,238088659.000,,,,0,168.708,0,0,0,0,168.708,0,0,0,0,0,0,0,0,168.708,0,0,0,0,168.708,0,0,0,0,0,0,0,0,0,0,0,0,0,0,0,0,0,0,0,0,0,0,0,0,0,0,0,157.663,0,157.663,11.045,0,11.045,168.708,168.708,0,INITIAL,6/15/2026,6/15/2026,7000-1.1 (Rev. 04-2023)
9/1/2026,2025,20260274,22875,39752,"STAKEHOLDER GAS UTILITY, LLC",811 LOUISIANA ST. SUITE 2100,HOUSTON,TX,77002,US,HVL,,TEXAS,,0.00,0.00,,,,,,,,,198571371.000,,0,36.2,0,0,0,0,36.2,0,0,0,0,0,0,0,0,36.2,0,0,0,0,36.2,0,0,0,0,0,0,0,0,0,0,0,0,0,0,0,0,0,0,0,0,0,0,0,0,0,0,0,36.2,0,36.2,0,0,0,36.2,36.2,0,INITIAL,6/4/2026,6/4/2026,7000-1.1 (Rev. 04-2023)
9/1/2026,2025,20260205,22803,39753,WILLIAMS FRONT RANGE LLC,ONE WILLIAMS CENTER,TULSA,OK,74172,US,HVL,,COLORADO,,0.37,0.37,,,,,,,,,742873.000,,0,3.004,0,0,0,0,3.004,0,0,0,0,0,0,0,0,3.004,0,0,0,0,3.004,0,0,0,0,0,0,0,0,0,0,0,0,0,0,0,0,0,0,0,0,0,0,0,0,0,0,0,3.004,0,3.004,0,0,0,3.004,3.004,0,INITIAL,6/3/2026,6/3/2026,7000-1.1 (Rev. 04-2023)
9/1/2026,2025,20260087,22668,39754,CAPTUREPOINT LLC,"1101 CENTRAL EXPRESSWAY, SOUTH",ALLEN,TX,75013,US,CO2,"KANSAS, OKLAHOMA, TEXAS",,0,32.549,32.549,,,,,,4273198134.000,,,,,0,224.31,0,0,0,0,224.31,0,0,0,0,0,0,0,0,224.31,0,0,0,0,224.31,0,0,0,0,0,0,0,0,0,0,0,0,0,67.4,67.4,6.21,0,6.21,0,0,0,0,0,0,59.29,0,59.29,91.41,0,91.41,0,0,0,224.31,156.91,67.4,INITIAL,4/20/2026,4/20/2026,7000-1.1 (Rev. 04-2023)
9/1/2026,2025,20260278,22880,39760,"DOW INFRACO, LLC - SDO",332 HWY 332 EAST,LAKE JACKSON,TX,77566,US,HVL,,TEXAS,,8.12,8.12,,,,,,,,,65994362.000,,0,13.39,0,0,0,0,13.39,0,0,0,0,0,0,0,0,13.39,0,0,0,0,13.39,0,0,0,0,0,0,0,0,0,0,0,0,0,0,0,4.05,0.61,4.66,0,0,0,0,1.49,1.49,0,0,0,0,0.06,0.06,0.05,1.42,1.47,7.68,4.1,3.58,INITIAL,6/5/2026,6/5/2026,7000-1.1 (Rev. 04-2023)
9/1/2026,2025,20260277,22879,39760,"DOW INFRACO, LLC - SDO",332 HWY 332 EAST,LAKE JACKSON,TX,77566,US,Refined and/or Petroleum Product (non-HVL),,TEXAS,,2.6,2.6,,,,,,,,,,26320.000,0,2.6,0,0,0,0,2.6,0,0,0,0,0,0,0,0,2.6,0,0,0,0,2.6,0,0,0,0,0,0,0,0,0,0,0,0,0,0,0,0,0.82,0.82,0.35,0,0.35,0,0,0,0,0,0,0.31,0,0.31,0.1,0,0.1,1.58,0.76,0.82,INITIAL,6/5/2026,6/5/2026,7000-1.1 (Rev. 04-2023)
9/1/2026,2025,20260016,22576,39771,ELK OPERATING SERVICES LLC,1700 LINCOLN STREET,DENVER,CO,80203,US,CO2,"COLORADO, UTAH",,,0.00,0.00,,,,,,42284011.000,,,,,0,27.7,0,0,0,0,27.7,0,0,0,0,0,0,0,0,27.7,0,0,0,0,27.7,0,0,0,0,0,0,0,0,0,0,0,0,0,0,0,0,0,0,0,27.7,27.7,0,0,0,0,0,0,0,0,0,0,0,0,27.7,0,27.7,INITIAL,1/29/2026,1/29/2026,7000-1.1 (Rev. 04-2023)
9/1/2026,2025,20260069,22647,39774,"GLASS MOUNTAIN PIPELINE, LLC",3625 N. Hall Street,DALLAS,TX,75219,US,Crude Oil,,OKLAHOMA,,29.16,29.16,,,,,,,555555.000,,,,0,71.9,0,0,0,0,71.9,0,0,0,0,0,0,0,0,71.9,0,0,0,0,71.9,0,0,0,0,0,0,0,0,0,0,0,0,0,0,0,0,0,0,0,0,0,0,0,0,0,0,0,0,0,0,0,0,0,0,0,0,INITIAL,4/1/2026,4/1/2026,7000-1.1 (Rev. 04-2023)
9/1/2026,2025,20260096,22678,39794,"GULFMARK ENERGY, INC.",2727 Allen Parkway,HOUSTON,TX,77019,US,Crude Oil,,TEXAS,,0.00,0.00,,,,,,,1521591.000,,,,0,0.73,0,0,0,0,0.73,0,0,0,0,0,0,0,0,0.73,0,0,0,0,0.73,0,0,0,0,0,0,0,0,0,0,0,0,0,0,0,0,0,0,0,0,0,0,0,0,0,0,0,0,0,0,0,0,0,0,0,0,INITIAL,4/28/2026,4/28/2026,7000-1.1 (Rev. 04-2023)
9/1/2026,2025,20260090,22671,39805,"THOMPSON WEBSTER PIPELINE, INC.",15110 HOOPER ROAD,HOUSTON,TX,77047,US,Crude Oil,,TEXAS,,41,41,,,,,,,,,,,0,41.9,0,0,0,0,41.9,0,0,0,0,0,0,0,0,41.9,0,0,0,0,41.9,0,0,0,0,0,0,0,0,0,0,0,0,0,0,0,0,0,0,0,0,0,0,0,0,0,0,0,0,0,0,0,0,0,0,0,0,INITIAL,4/21/2026,4/21/2026,7000-1.1 (Rev. 04-2023)
9/1/2026,2025,20260694,23395,39810,DIAMONDBACK E&P LLC,500 W. TEXAS AVE.,MIDLAND,TX,79701,US,Crude Oil,,TEXAS,,0,0,,,,,,,2530059.000,,,,0,1.29,0,0,13.3,0,14.59,0,0,0,0,0,0,0,0,1.29,0,0,13.3,0,14.59,0,0,0,0,0,0,0,0,0,0,0,0,0,0,0,0,0,0,0,0,0,0,0,0,0,0,0,0,0,0,0,0,0,0,0,0,SUPPLEMENTAL,6/15/2026,8/10/2026,7000-1.1 (Rev. 04-2023)
9/1/2026,2025,20260242,22841,39815,"GT PIPELINE, LLC",16211 LA CANTERA PARKWAY,SAN ANTONIO,TX,78256,US,Refined and/or Petroleum Product (non-HVL),,TEXAS,,5.88,5.88,,,,,,,,,,112165058.000,0,6.83,0,0,0,0,6.83,0,0,0,0,0,0,0,0,6.83,0,0,0,0,6.83,0,0,0,0,0,0,0,0,0,0,0,0,0,0,0,0,0,0,0,0,0,0,0,0,0,0,0,5.86,0,5.86,0.97,0,0.97,6.83,6.83,0,INITIAL,6/3/2026,6/3/2026,7000-1.1 (Rev. 04-2023)
9/1/2026,2025,20260426,23032,39819,BREITBURN ENERGY CO2,1600 CORPORATE DRIVE,BIRMINGHAM,AL,35242,US,CO2,"NEW MEXICO, OKLAHOMA, TEXAS",,,0,0,,,,,,171865722.000,,,,,0,176.56,0,0,0,0,176.56,0,0,0,0,0,0,0,0,176.56,0,0,0,0,176.56,0,0,0,0,0,0,0,0,0,0,0,0,0,0,0,0,0,0,0,0,0,0,118.85,118.85,0,57.71,57.71,0,0,0,0,0,0,176.56,0,176.56,INITIAL,6/11/2026,6/11/2026,7000-1.1 (Rev. 04-2023)
9/1/2026,2025,20260243,22842,39820,"MAVERICK TERMINALS CORPUS, LLC",16211 LA CANTERA PARKWAY,SAN ANTONIO,TX,78256,US,Refined and/or Petroleum Product (non-HVL),,TEXAS,,1.52,1.52,,,,,,,,,,6393784.000,0,1.52,0,0,0,0,1.52,0,0,0,0,0,0,0,0,1.52,0,0,0,0,1.52,0,0,0,0,0,0,0,0,0,0,0,0,0,0,0,0,0,0,0,0,0,0,0,0,0,0,0,0.91,0,0.91,0.61,0,0.61,1.52,1.52,0,INITIAL,6/3/2026,6/3/2026,7000-1.1 (Rev. 04-2023)
9/1/2026,2025,20260074,22660,39822,"SCM PR, LLC",909 LAKE CAROLYN PARKWAY,IRVING,TX,75039,US,Crude Oil,WYOMING,,,0.00,0.00,,,,,,,1118816081.000,,,,0,187.58,0,0,0,0,187.58,0,0,0,0,0,0,0,0,187.58,0,0,0,0,187.58,0,0,0,0,0,0,0,0,0,0,0,0,0,0,0,0,0,0,0,0,0,0,0,0,0,0,0,154.27,0,154.27,33.31,0,33.31,187.58,187.58,0,SUPPLEMENTAL,4/8/2026,4/13/2026,7000-1.1 (Rev. 04-2023)
9/1/2026,2025,20260192,23364,39823,TARGA DOWNSTREAM LLC,811 LOUISIANA ST. SUITE 2100,HOUSTON,TX,77002,US,HVL,"NEW MEXICO, OKLAHOMA, TEXAS","NEW MEXICO, TEXAS",,594.53,594.53,0,0,0,0,0,0.000,0.000,0,0.000,209519720318.000,0,1568.03,0,0,0,0,1568.03,0,0,0,0,0,0,0,0,1568.03,0,0,0,0,1568.03,0,0,0,0,0,0,0,0,0,0,0,0,0,0,0,0,0,0,0,0,0,0,0,0,0,0,0,1082.6,0,1082.6,485.42,0,485.42,1568.02,1568.02,0,SUPPLEMENTAL,6/1/2026,7/8/2026,7000-1.1 (Rev. 04-2023)
9/1/2026,2025,20260225,22824,39833,"SAN MATEO BLACK RIVER OIL PIPELINE, LLC",5400 LYNDON B JOHNSON FWY STE 1500,DALLAS,TX,75240,US,Crude Oil,,NEW MEXICO,0.00,2.68,2.68,,,,,,,150405341.000,,,,0,33.759,0,0,0,0,33.759,0,0,0,0,0,0,0,0,33.759,0,0,0,0,33.759,0,0,0,0,0,0,0,0,0,0,0,0,0,0,0,0,0,0,0,0,0,0,0,0,0,0,0,17.639,0,17.639,16.12,0,16.12,33.759,33.759,0,INITIAL,6/3/2026,6/3/2026,7000-1.1 (Rev. 04-2023)
9/1/2026,2025,20260075,22659,39841,RED BUTTE PIPELINE LLC,909 LAKE CAROLYN PARKWAY,IRVING,TX,75039,US,Crude Oil,"MONTANA, WYOMING",,,37.68,37.68,,,,,,,1356188655.000,,,,0,254.7,0,0,0,0,254.7,0,0,0,0,0,0,0,0,254.7,0,0,0,0,254.7,0,0,0,0,0,0,0,0,0,182.4,36.9,219.3,0.2,0.45,0.65,3.96,0.7,4.66,0.09,0,0.09,2.21,0,2.21,0.03,0,0.03,0.5,0,0.5,0,0,0,227.44,189.39,38.05,SUPPLEMENTAL,4/9/2026,4/13/2026,7000-1.1 (Rev. 04-2023)
9/1/2026,2025,20260070,22648,39869,NAVIGATOR SMS PIPELINE,3625 N. Hall Street,DALLAS,TX,75219,US,Crude Oil,,OKLAHOMA,,88.50,88.50,,,,,,,5555555.000,,,,0,163.18,0,0,0,0,163.18,0,0,0,0,0,0,0,0,163.18,0,0,0,0,163.18,0,0,0,0,0,0,0,0,0,0,0,0,0,0,0,0,0,0,0,0,0,0,0,0,0,0,0,59.53,0,59.53,103.65,0,103.65,163.18,163.18,0,INITIAL,4/1/2026,4/1/2026,7000-1.1 (Rev. 04-2023)
9/1/2026,2025,20260264,22863,39887,"TEXOMA CRUDE OIL PIPELINE CO., LLC",14000 Quail Springs Pkwy,Oklahoma City,OK,73134,US,Crude Oil,"OKLAHOMA, TEXAS","OKLAHOMA, TEXAS",,57.73,57.73,,,,,,,3945332277.000,,,,0,273.05,0,0,0,0,273.05,0,0,0,0,0,0,0,0,273.05,0,0,0,0,273.05,0.21,0,0.21,0,27.72,27.72,0,26.85,26.85,0,0,0,0,0,0,8.326,0,8.326,0,0,0,24.07,0,24.07,0,0,0,13.35,0,13.35,0,0,0,100.526,45.956,54.57,INITIAL,6/4/2026,6/4/2026,7000-1.1 (Rev. 04-2023)
9/1/2026,2025,20260710,23326,39888,FORE RIVER ENERGY CENTER,9 BRIDGE STREET,WEYMOUTH,MA,02191,US,Refined and/or Petroleum Product (non-HVL),,MASSACHUSETTS,,0.30,0.30,,,,,,,,,,43864.000,0.3,0,0,0,0,0,0.3,0,0,0,0,0,0,0,0.3,0,0,0,0,0,0.3,0,0,0,0,0,0,0,0,0,0,0,0,0,0,0,0,0,0,0,0,0,0,0,0,0,0,0,0,0,0,0,0,0,0,0,0,INITIAL,6/17/2026,6/17/2026,7000-1.1 (Rev. 04-2023)
9/1/2026,2025,20260472,23078,39892,DAYLIGHT PETROLEUM LLC,1221 MCKINNEY ST. STE 2880,HOUSTON,TX,77010,US,CO2,,OKLAHOMA,,33.35,33.35,,,,,,0.000,,,,,0,149.498,0,0,0,0,149.498,0,0,0,0,0,0,0,0,149.498,0,0,0,0,149.498,0,0,0,0,0,0,0,0,0,0,0,0,0,0,0,0,0,0,143.729,0,143.729,0,0,0,0,0,0,5.769,0,5.769,0,0,0,149.498,149.498,0,INITIAL,6/12/2026,6/12/2026,7000-1.1 (Rev. 04-2023)
9/1/2026,2025,20260470,23076,39892,DAYLIGHT PETROLEUM LLC,1221 MCKINNEY ST. STE 2880,HOUSTON,TX,77010,US,Crude Oil,,TEXAS,,0.08,0.08,,,,,,,9715.000,,,,0,1.269,0,0,0,0,1.269,0,0,0,0,0,0,0,0,1.269,0,0,0,0,1.269,0,0,0,0,0,0,0,0,0,0,0,0,0,0,0,0,0,0,0,0,0,0,0,0,0,0,0,0,0,0,0,0,0,0,0,0,INITIAL,6/12/2026,6/12/2026,7000-1.1 (Rev. 04-2023)
9/1/2026,2025,20260468,23074,39892,DAYLIGHT PETROLEUM LLC,1221 MCKINNEY ST. STE 2880,HOUSTON,TX,77010,US,HVL,,OKLAHOMA,,0.00,0.00,,,,,,,,,82114.000,,0,1.197,0,0,0,0,1.197,0,0,0,0,0,0,0,0,1.197,0,0,0,0,1.197,0,0,0,0,0,0,0,0,0,0,0,0,0,0,0,0,0,0,0,0,0,0,0,0,1.197,0,1.197,0,0,0,0,0,0,1.197,1.197,0,INITIAL,6/12/2026,6/12/2026,7000-1.1 (Rev. 04-2023)
9/1/2026,2025,20260208,22806,39905,REP PROCESSING,One Williams Center,Tulsa,OK,74172,US,HVL,,COLORADO,,5.39,5.39,,,,,,,,,83153715.000,,0,22.44,0,0,0,0,22.44,0,0,0,0,0,0,0,0,22.44,0,0,0,0,22.44,0,0,0,0,0,0,0,0,0,0,0,0,0,0,0,0,0,0,0,0,0,0,0,0,0,0,0,22.44,0,22.44,0,0,0,22.44,22.44,0,INITIAL,6/3/2026,6/3/2026,7000-1.1 (Rev. 04-2023)
9/1/2026,2025,20260357,22963,39910,CANES MIDSTREAM PRODUCTS LLC,2000 MCKINNEY AVENUE,DALLAS,TX,75201,US,HVL,,TEXAS,,0.00,0.00,,,,,,,,,131480731.000,,0,21.1,0,0,0,0,21.1,0,0,0,0,0,0,0,0,21.1,0,0,0,0,21.1,0,0,0,0,0,0,0,0,0,0,0,0,0,0,0,0,0,0,0,0,0,0,0,0,0,0,0,21.1,0,21.1,0,0,0,21.1,21.1,0,INITIAL,6/9/2026,6/9/2026,7000-1.1 (Rev. 04-2023)
9/1/2026,2025,20260450,23056,39941,"MARKWEST UTICA EMG, L.L.C.",1515 ARAPAHOE STREET,DENVER,CO,80202,US,HVL,OHIO,OHIO,,5.66,5.66,0,0,0,0,0,0.000,0.000,0,626379821.000,0.000,0,119.44,0,0,0,0,119.44,0,0,0,0,0,0,0,0,119.44,0,0,0,0,119.44,0,0,0,0,0,0,0,0,0,0,0,0,0,0,0,0,0,0,0,0,0,0,0,0,0,0,0,119.44,0,119.44,0,0,0,119.44,119.44,0,INITIAL,6/11/2026,6/11/2026,7000-1.1 (Rev. 04-2023)
9/1/2026,2025,20260641,23249,39942,"RAVEN BUTENE-1, LLC",602 SAWYER ST,HOUSTON,TX,77007,US,HVL,,TEXAS,0.00,4.85,4.85,,,,0,,,,,610941.000,,0,4.85,0,0,0,0,4.85,0,0,0,0,0,0,0,0,4.85,0,0,0,0,4.85,0,0,0,0,0,0,0,0,0,0,0,0,0,0,0,0,0,0,0,0,0,0,0,0,0,0,0,4.85,0,4.85,0,0,0,4.85,4.85,0,INITIAL,6/15/2026,6/15/2026,7000-1.1 (Rev. 04-2023)
9/1/2026,2025,20260206,22804,39944,BLUESTEM PIPELINE LLC,ONE WILLIAMS CENTER,TULSA,OK,74102,US,HVL,"KANSAS, OKLAHOMA",,,55.34,55.34,,,,,,,,,3496823379.000,,0,189.39,0,0,0,0,189.39,0,0,0,0,0,0,0,0,189.39,0,0,0,0,189.39,0,0,0,0,0,0,0,0,0,0,0,0,0,0,0,0,0,0,0,0,0,0,0,0,0,0,0,0,0,0,189.391,0,189.391,189.391,189.391,0,INITIAL,6/3/2026,6/3/2026,7000-1.1 (Rev. 04-2023)
9/1/2026,2025,20260236,22835,39950,"DKL DELAWARE GATHERING, LLC",5850 GRANITE PARKWAY #450,PLANO,TX,75024,US,Crude Oil,,NEW MEXICO,,8.54,8.54,,,,,,,1044144170.000,,,,0,63.61,0,0,0,0,63.61,0,0,0,0,0,0,0,0,63.61,0,0,0,0,63.61,0,0,0,0,0,0,0,0,0,0,0,0,0,0,0,0,0,0,0,0,0,0,0,0,0,0,0,37.04,0,37.04,26.57,0,26.57,63.61,63.61,0,INITIAL,6/3/2026,6/3/2026,7000-1.1 (Rev. 04-2023)
9/1/2026,2025,20260237,22836,39950,"DKL DELAWARE GATHERING, LLC",5850 GRANITE PARKWAY #450,PLANO,TX,75024,US,HVL,,NEW MEXICO,,1.04,1.04,,,,,,,,,26917858.000,,0,18.22,0,0,0,0,18.22,0,0,0,0,0,0,0,0,18.22,0,0,0,0,18.22,0,0,0,0,0,0,0,0,0,0,0,0,0,0,0,0,0,0,0,0,0,0,0,0,0,0,0,18.22,0,18.22,0,0,0,18.22,18.22,0,INITIAL,6/3/2026,6/3/2026,7000-1.1 (Rev. 04-2023)
9/1/2026,2025,20260134,22727,39956,"MID-ALASKA PIPELINE, LLC",615 BIDWELL AVENUE SUITE 100,FAIRBANKS,AK,99701,US,Crude Oil,,ALASKA,,4.95,4.95,,,,,,,33878685.000,,,,0,4.95,0,0,0,0,4.95,0,0,0,0,0,0,0,0,4.95,0,0,0,0,4.95,0,0,0,0,0,0,0,0,0,0,0,0,0,0,0,0,0,0,2.13,0,2.13,0,0,0,0.69,0,0.69,0,0,0,2.13,0,2.13,4.95,4.95,0,INITIAL,5/15/2026,5/15/2026,7000-1.1 (Rev. 04-2023)
9/1/2026,2025,20260113,22701,39962,"AMP NGL PIPELINES, LLC","3811 TURTLE CREEK BLVD, SUITE 770",DALLAS,TX,75219,US,HVL,,TEXAS,,0.00,0.00,,,,,,,,,48686592.000,,0,10.73,0,0,0,0,10.73,0,0,0,0,0,0,0,0,10.73,0,0,0,0,10.73,0,0,0,0,0,0,0,0,0,0,0,0,0,0,0,0,0,0,0,0,0,0,0,0,0,0,0,10.73,0,10.73,0,0,0,10.73,10.73,0,INITIAL,5/12/2026,5/12/2026,7000-1.1 (Rev. 04-2023)
9/1/2026,2025,20260214,22812,39963,"TALLGRASS POWDER RIVER GATEWAY, LLC",370 VAN GORDON STREET,LAKEWOOD,CO,80228,US,Crude Oil,WYOMING,,,46.84,46.84,,,,,,,39079852.000,,,,0,153.82,0,0,0,0,153.82,0,0,0,0,0,0,0,0,153.82,0,0,0,0,153.82,0,0,0,0,0,0,0,0,0,0,0,0,41.5,0,41.5,0,0,0,0,0,0,0,0,0,0,0,0,112.25,0,112.25,0,0,0,153.75,153.75,0,INITIAL,6/3/2026,6/3/2026,7000-1.1 (Rev. 04-2023)
9/1/2026,2025,20260283,22885,39967,"IMPERIAL CRUDE, LLC",5775 N SAM HOUSTON PKWY W,HOUSTON,TX,77086,US,Crude Oil,,TEXAS,,0.00,0.00,,,,,,,8768997.000,,,,0,27.26,0,0,0,0,27.26,0,0,0,0,0,0,0,0,27.26,0,0,0,0,27.26,0,0,0,0,0,0,0,0,0,0,0,0,0,0,0,0,0,0,0,0,0,0,0,0,0,0,0,27.26,0,27.26,0,0,0,27.26,27.26,0,INITIAL,6/5/2026,6/5/2026,7000-1.1 (Rev. 04-2023)
9/1/2026,2025,20260091,23386,39973,WRB REFINING LP - WOOD RIVER REFINERY,2331 CITYWEST BLVD,HOUSTON,TX,77042,US,Crude Oil,ILLINOIS,,,0,0,,,,,,,,,,,0,0,0,0,0,0,0,0,0,0,0,0,0,0,0,0,0,0,0,0,0,0,0,0,0,0,0,0,0,0,0,0,0,0,0,0,0,0,0,0,0,0,0,0,0,0,0,0,0,0,0,0,0,0,0,0,0,SUPPLEMENTAL,4/22/2026,7/30/2026,7000-1.1 (Rev. 04-2023)
9/1/2026,2025,20260107,22696,39985,COLLEGIATE MIDSTREAM LLC,500 W. WALL STREET  SUITE 300,MIDLAND,TX,79701,US,Crude Oil,,TEXAS,,1.23,1.23,,,,,,,5946163.000,,,,0,2.76,0,0,0,0,2.76,0,0,0,0,0,0,0,0,2.76,0,0,0,0,2.76,0,0,0,0,0,0,0,0,0,0,0,0,0,0,0,0,0,0,0,0,0,0,0,0,0,0,0,2.76,0,2.76,0,0,0,2.76,2.76,0,SUPPLEMENTAL,5/7/2026,5/9/2026,7000-1.1 (Rev. 04-2023)
9/1/2026,2025,20260121,22714,40000,CP ENERGY LLC,317 LILAC DR.,EDMOND,OK,73034,US,Crude Oil,,"NEW MEXICO, OKLAHOMA",,0,0,,,,,,,1666656.000,,,,0,1.7,0,0,0,0,1.7,0,0,0,0,0,0,0,0,1.7,0,0,0,0,1.7,0,0,0,0,0,0,0,0,0,0,0,0,0,0,0,0,0,0,0,0,0,0,0,0,0,0,0,1.7,0,1.7,0,0,0,1.7,1.7,0,INITIAL,5/14/2026,5/14/2026,7000-1.1 (Rev. 04-2023)
9/1/2026,2025,20260460,23066,40004,WILDCAT OIL GATHERING,320 S BOSTON AVE,TULSA,OK,74103,US,Crude Oil,,OKLAHOMA,0,11.16,11.16,,0,,,,,560037.000,,,,0,11.16,0,0,0,0,11.16,0,0,0,0,0,0,0,0,11.16,0,0,0,0,11.16,0,0,0,0,0,0,0,0,0,0,0,0,0,0,0,0,0,0,0,0,0,0,0,0,0,0,0,0,0,0,0,0,0,0,0,0,INITIAL,6/11/2026,6/11/2026,7000-1.1 (Rev. 04-2023)
9/1/2026,2025,20260730,23371,40010,CALIBER SPRING CREEK LLC,455 N POPLAR ST,CASPER,WY,82602,US,Crude Oil,,NORTH DAKOTA,,3.04,3.04,,,,,,,3836022.000,,,,0,30.46,0,0,0,0,30.46,0,0,0,0,0,0,0,0,30.46,0,0,0,0,30.46,0,0,0,0,0,0,0,0,0,0,0,0,0,0,0,0,0,0,0,0,0,0,0,0,0,0,0,30.43,0,30.43,0.03,0,0.03,30.46,30.46,0,INITIAL,7/13/2026,7/13/2026,7000-1.1 (Rev. 04-2023)
9/1/2026,2025,20260199,22797,40016,"SADDLE BUTTE POWDER FLATS MIDSTREAM, LLC",858 MAIN AV,DURANGO,CO,81301,US,Crude Oil,,WYOMING,,6,6,,,,,,0.000,856015652.000,0,0.000,0.000,0,136,0,0,0,0,136,0,0,0,0,0,0,0,0,136,0,0,0,0,136,0,0,0,0,0,0,0,0,0,0,0,0,0,0,0,0,0,0,0,0,0,0,0,0,0,0,0,93,0,93,43,0,43,136,136,0,INITIAL,6/2/2026,6/2/2026,7000-1.1 (Rev. 04-2023)
9/1/2026,2025,20260702,23313,40026,"WINK TO WEBSTER PIPELINE, LLC",22777 SPRINGWOODS VILLAGE PARKWAY,SPRING,TX,77389,US,Crude Oil,,TEXAS,,142.15,142.15,,,,,,,298798445392.000,,,,0,636.78,0,0,0,0,636.78,0,0,0,0,0,0,0,0,636.78,0,0,0,0,636.78,0,0,0,0,0,0,0,0,0,0,0,0,0,0,0,0,0,0,0,0,0,0,0,0,0,0,0,0,0,0,7.81,0,7.81,7.81,7.81,0,INITIAL,6/15/2026,6/15/2026,7000-1.1 (Rev. 04-2023)
9/1/2026,2025,20260728,23369,40028,LAMBDA ENERGY GATHERING LLC,12012 WICKCHESTER LN,HOUSTON,TX,77079,US,Crude Oil,MICHIGAN,,,24.05,24.05,,,,,,,50549789.000,,,,0,60.536,0,0,0,0,60.536,0,0,0,0,0,0,0,0,60.536,0,0,0,0,60.536,0,0,0,0,0,0,0,0,0,0,0,0,0,0,0,60.536,0,60.536,0,0,0,0,0,0,0,0,0,0,0,0,0,0,0,60.536,60.536,0,INITIAL,7/13/2026,7/13/2026,7000-1.1 (Rev. 04-2023)
9/1/2026,2025,20260440,23332,40030,"GIBSON ENERGY INFRASTRUCTURE, LLC",800 CAPITOL ST STE 1220,HOUSTON,TX,77002,US,Crude Oil,,TEXAS,,0,0,,,,,,,2945044610.000,,,,0,54.64,0,0,0,0,54.64,0,0,0,0,0,0,0,0,54.64,0,0,0,0,54.64,0,0,0,0,0,0,0,0,0,0,27.85,27.85,0,0,0,0,0,0,0,0,0,0,0,0,0,0,0,24.4,0,24.4,2.39,0,2.39,54.64,26.79,27.85,SUPPLEMENTAL,6/11/2026,6/17/2026,7000-1.1 (Rev. 04-2023)
9/1/2026,2025,20260643,23251,40033,"VOPAK TERMINALS DEER PARK, INC.",2759 INDEPENDENCE PARKWAY SOUTH,DEER PARK,TX,77536,US,HVL,,TEXAS,,3.73,3.73,,,,,,,,,3230400.000,,0,4.196,0,0,0,0,4.196,0,0,0,0,0,0,0,0,4.196,0,0,0,0,4.196,0,0,0,0,0,0,0,0,0,0,0,0,0,0,0,0,0,0,0,0,0,0,0,0,0,0,0,0,0,0,4.196,0,4.196,4.196,4.196,0,INITIAL,6/15/2026,6/15/2026,7000-1.1 (Rev. 04-2023)
9/1/2026,2025,20260639,23247,40033,"VOPAK TERMINALS DEER PARK, INC.",2759 INDEPENDENCE PARKWAY SOUTH,DEER PARK,TX,77536,US,Refined and/or Petroleum Product (non-HVL),,TEXAS,,2.44,2.44,,,,,,,,,,1561761.000,0,4.14,0,0,0,0,4.14,0,0,0,0,0,0,0,0,4.14,0,0,0,0,4.14,0,0,0,0,0,0,0,0,0,0,0,0,0,0,0,0,0,0,0,0,0,0,0,0,0,0,0,0,0,0,4.14,0,4.14,4.14,4.14,0,INITIAL,6/15/2026,6/15/2026,7000-1.1 (Rev. 04-2023)
9/1/2026,2025,20260581,23187,40034,TEXAS PETROLEUM INVESTMENT COMPANY,5850 SAN FELIPE,Houston,TX,77057,US,Crude Oil,,LOUISIANA,0,10.77,10.77,,0,,,,,3565070.000,,,,0,0,0,0,0,0,0,0,10.77,0,0,0,0,10.77,0,10.77,0,0,0,0,10.77,0,0,0,0,0,0,0,0,0,0,0,0,0,0,0,0,0,0,0,0,0,0,0,0,0,0,0,0,0,0,0,0,0,0,0,0,INITIAL,6/15/2026,6/15/2026,7000-1.1 (Rev. 04-2023)
9/1/2026,2025,20260119,22712,40050,ECO ENERGY NATURAL GAS LLC,6100 TOWER CIRCLE,FRANKLIN,TN,37067,US,HVL,,TENNESSEE,,0,0,,,,,,,,,340046.000,,0,3.49,0,0,0,0,3.49,0,0,0,0,0,0,0,0,3.49,0,0,0,0,3.49,0,0,0,0,0,0,0,0,0,0,0,0,0,0,0,0,0,0,0,0,0,0,0,0,3.49,0,3.49,0,0,0,0,0,0,3.49,3.49,0,INITIAL,5/14/2026,5/14/2026,7000-1.1 (Rev. 04-2023)
9/1/2026,2025,20260316,22918,40051,VALERO REFINING - MERAUX LLC,1 VALERO WAY,SAN ANTONIO,TX,78249,US,Refined and/or Petroleum Product (non-HVL),,LOUISIANA,,0.85,0.85,,,,,,0.000,0.000,0,0.000,11450999.000,0,0.85,0,0,0,0,0.85,0,0,0,0,0,0,0,0,0.85,0,0,0,0,0.85,0,0,0,0,0,0,0,0,0,0,0,0,0,0,0,0,0,0,0,0,0,0,0,0,0,0,0,0,0,0,0,0,0,0,0,0,INITIAL,6/8/2026,6/8/2026,7000-1.1 (Rev. 04-2023)
9/1/2026,2025,20260364,22970,40059,"ORYX MIDLAND OIL GATHERING, LLC",333 Clay St. Suite 1900,Houston,TX,77002,US,Crude Oil,,TEXAS,,12.13,12.13,,,,,,0.000,280240796.000,0,0.000,0.000,0,134.05,0,0,0,1.3,135.35,0,0,0,0,0,0,0,0,134.05,0,0,0,1.3,135.35,13.37,0,13.37,0,0,0,0,0,0,0,0,0,0,0,0,0,0,0,0,0,0,0,0,0,0,0,0,103.15,0,103.15,17.5,0,17.5,134.02,134.02,0,INITIAL,6/10/2026,6/10/2026,7000-1.1 (Rev. 04-2023)
9/1/2026,2025,20260391,22997,40061,"CUSHING CONNECT PIPELINE HOLDINGS, LLC.",2323 VICTORY AVE.,DALLAS,TX,75219,US,Crude Oil,,OKLAHOMA,,29.08,29.08,,,,,,,1539806187.000,,,,0,50.2,0,0,0,0,50.2,0,0,0,0,0,0,0,0,50.2,0,0,0,0,50.2,0,0,0,0,0,0,0,0,0,0,0,0,0,0,0,0,0,0,0,0,0,0,0,0,0,0,0,0,0,0,50.2,0,50.2,50.2,50.2,0,INITIAL,6/10/2026,6/10/2026,7000-1.1 (Rev. 04-2023)
9/1/2026,2025,20260062,22633,40063,"ROARING FORK MIDSTREAM, LLC",4350 LOCKHILL SELMA RD SUITE 110,SAN ANTONIO,TX,78249,US,Crude Oil,,WYOMING,,4.66,4.66,,,,,,,69843026.000,,,,0,19.4,0,0,0,0,19.4,0,0,0,0,0,0,0,0,19.4,0,0,0,0,19.4,0,0,0,0,0,0,0,0,0,0,0,0,0,0,0,0,0,0,0,0,0,0,0,0,0,0,0,0,0,0,19.4,0,19.4,19.4,19.4,0,INITIAL,3/13/2026,3/13/2026,7000-1.1 (Rev. 04-2023)
9/1/2026,2025,20260061,22632,40063,"ROARING FORK MIDSTREAM, LLC",4350 LOCKHILL SELMA RD SUITE 110,SAN ANTONIO,TX,78249,US,HVL,"COLORADO, WYOMING",,,1.81,1.81,,,,,,,,,3728948.000,,0,5.98,0,0,0,0,5.98,0,0,0,0,0,0,0,0,5.98,0,0,0,0,5.98,0,0,0,0,0,0,0,0,0,0,0,0,0,0,0,0,0,0,0,0,0,0,0,0,0,0,0,0,0,0,5.98,0,5.98,5.98,5.98,0,INITIAL,3/13/2026,3/13/2026,7000-1.1 (Rev. 04-2023)
9/1/2026,2025,20260519,23125,40076,MARTINEZ PIPELINE COMPANY LLC,"ONE SYLVAN WAY, SECOND FLOOR",PARSIPPANY,NJ,07054,US,Refined and/or Petroleum Product (non-HVL),,CALIFORNIA,,0.22,0.22,,,,,,,,,,1260269.000,0,0.22,0,0,0,0,0.22,0,0,0,0,0,0,0,0,0.22,0,0,0,0,0.22,0,0,0,0,0,0,0,0,0,0,0,0,0,0.02,0.02,0,0,0,0,0,0,0.2,0,0.2,0,0,0,0,0,0,0,0,0,0.22,0.2,0.02,INITIAL,6/12/2026,6/12/2026,7000-1.1 (Rev. 04-2023)
9/1/2026,2025,20260650,23258,40080,INDORAMA VENTURES OXIDES LLC,24 WATERWAY AVE SUITE 1100,THE WOODLANDS,TX,77380,US,HVL,,TEXAS,,7.7,7.7,,,,,,,,,18152628.000,,0,7.7,0,0,0,0,7.7,0,0,0,0,0,0,0,0,7.7,0,0,0,0,7.7,0,0,0,0,0,0,0,0.96,0.96,0,0,0,0,0,0,6.081,0,6.081,0.17,0,0.17,0,0,0,0,0,0,0,0,0,0,0,0,7.211,6.251,0.96,INITIAL,6/15/2026,6/15/2026,7000-1.1 (Rev. 04-2023)
9/1/2026,2025,20260649,23257,40080,INDORAMA VENTURES OXIDES LLC,24 WATERWAY AVE SUITE 1100,THE WOODLANDS,TX,77380,US,Refined and/or Petroleum Product (non-HVL),,TEXAS,,5.2,5.2,,,,,,,,,,4625461.000,0,15.39,0,0,0,0,15.39,0,0,0,0,0,0,0,0,15.39,0,0,0,0,15.39,0,0,0,0,0,0,0,7.5,7.5,0,0.16,0.16,0,0.98,0.98,0,0,0,6.6,0,6.6,0.15,0,0.15,0,0,0,0,0,0,0,0,0,15.39,6.75,8.64,INITIAL,6/15/2026,6/15/2026,7000-1.1 (Rev. 04-2023)
9/1/2026,2025,20260514,23120,40087,HILAND SANDERSON SYSTEM LLC,1001 LOUISIANA ST,HOUSTON,TX,77002,US,HVL,,NORTH DAKOTA,0,0,0,,,,,,,,,9753692.000,,0,1.299,0,0,0,0,1.299,0,0,0,0,0,0,0,0,1.299,0,0,0,0,1.299,0,0,0,0,0,0,0,0,0,0,0,0,0,0,0,0,0,0,0,0,0,0,0,0,0,0,0,0,0,0,1.271,0,1.271,1.271,1.271,0,INITIAL,6/12/2026,6/12/2026,7000-1.1 (Rev. 04-2023)
9/1/2026,2025,20260052,22622,40122,BCE-MACH III MIDSTREAM HOLDINGS LLC,14201 WIRELESS WAY,OKLAHOMA CITY,OK,73134,US,HVL,,OKLAHOMA,,1.63,1.63,,,,,,,,,239314.000,,0,15.06,0,0,0,0,15.06,0,0,0,0,0,0,0,0,15.06,0,0,0,0,15.06,0,0,0,0,0,0,0,0,0,0,0,0,0,0,0,0,0,0,0,0,0,0,0,0,11,0,11,4.06,0,4.06,0,0,0,15.06,15.06,0,INITIAL,3/11/2026,3/11/2026,7000-1.1 (Rev. 04-2023)
9/1/2026,2025,20260394,23000,40127,"THE SAN ANTONIO REFINERY, LLC",1 BDA CROSSING SUITE 100,SAN ANTONIO,TX,78235,US,Crude Oil,,TEXAS,,27.06,27.06,,,,,,,266765886.000,,,,0,49.9,0,0,0,0,49.9,0,0,0,0,0,0,0,0,49.9,0,0,0,0,49.9,0,0,0,0,0,0,0,0,0,0,0,0,0,0,0,0,0,0,0,0,0,0,0,0,0,0,0,49.9,0,49.9,0,0,0,49.9,49.9,0,INITIAL,6/10/2026,6/10/2026,7000-1.1 (Rev. 04-2023)
9/1/2026,2025,20260184,22780,40134,PASADENA PERFORMANCE PRODUCTS,1000 LOUSIANA ST,HOUSTON,TX,77002,US,HVL,,TEXAS,,3.381,3.381,,,,,,,,,17963406.000,,0,3.381,0,0,0,0,3.381,0,0,0,0,0,0,0,0,3.381,0,0,0,0,3.381,0,0,0,0,0,0,0,0,0,0,0,0,0,0,0,0,0,0,0,0,0,0,0,0,0,0,0,0,0,0,3.381,0,3.381,3.381,3.381,0,INITIAL,6/1/2026,6/1/2026,7000-1.1 (Rev. 04-2023)
9/1/2026,2025,20260185,22781,40134,PASADENA PERFORMANCE PRODUCTS,1000 LOUSIANA ST,HOUSTON,TX,77002,US,Refined and/or Petroleum Product (non-HVL),,TEXAS,,3.734,3.734,,,,,,,,,,27186888.000,0,3.734,0,0,0,0,3.734,0,0,0,0,0,0,0,0,3.734,0,0,0,0,3.734,0,0,0,0,0,0,0,0,0,0,0,0,0,0,0,0,0,0,0,0,0,0,0,0,0,0,0,0,0,0,3.734,0,3.734,3.734,3.734,0,INITIAL,6/1/2026,6/1/2026,7000-1.1 (Rev. 04-2023)
9/1/2026,2025,20260172,22765,40135,"EVERLINE COMPLIANCE, LLC",9720 CYPRESSWOOD DR,HOUSTON,TX,77070,US,CO2,,TEXAS,0,11.66,11.66,,,,,,439984734.000,,,,,0,81.1,0,0,0,0,81.1,0,0,0,0,0,0,0,0,81.1,0,0,0,0,81.1,0,0,0,0,0,0,0,0,0,0,0,0,0,0,0,0,0,0,0,0,0,0,0,0,0,0,0,81.1,0,81.1,0,0,0,81.1,81.1,0,INITIAL,5/28/2026,5/28/2026,7000-1.1 (Rev. 04-2023)
9/1/2026,2025,20260007,22565,40138,"ECHO CANYON PIPELINE, LLC",P.O. BOX 73,BARNHART,TX,76930,US,Crude Oil,,TEXAS,,3.47,3.47,,,,,,,1057623965.000,,,,0,83.02,0,0,0,0,83.02,0,0,0,0,0,0,0,0,83.02,0,0,0,0,83.02,0,0,0,0,0,0,0,0,0,0,0,0,0,0,0,0,0,0,0,0,0,0,0,0,0,0,0,74.082,0,74.082,8.937,0,8.937,83.019,83.019,0,INITIAL,1/26/2026,1/26/2026,7000-1.1 (Rev. 04-2023)
9/1/2026,2025,20260160,22753,40142,"MAX MIDSTREAM TEXAS, LLC","5251 Westheimer, Suite 700",Houston,TX,77056,US,Crude Oil,,TEXAS,,7.09,7.09,,,,,,,2161216.000,,,,0,20.89,0,0,0,0,20.89,0,0,0,0,0,0,0,0,20.89,0,0,0,0,20.89,0,0,0,0,0,0,0,0,0,0,0,0,0,0,0,0,0,0,18.89,0,18.89,0,0,0,2,0,2,0,0,0,0,0,0,20.89,20.89,0,INITIAL,5/26/2026,5/26/2026,7000-1.1 (Rev. 04-2023)
9/1/2026,2025,20260125,22718,40145,"POTAC, LLC",6600 UPRIVER RD,CORPUS CHRISTI,TX,78409,US,Crude Oil,,TEXAS,,0.59,0.59,,,,,,,35467948.000,,,,0,1.25,0,0,0,0,1.25,0,0,0,0,0,0,0,0,1.25,0,0,0,0,1.25,0,0,0,0,0,0,0,0,0,0,0,0,0,0,0,0,0,0,0,0,0,0,0,0,0,0,0,0,0,0,1.25,0,1.25,1.25,1.25,0,INITIAL,5/14/2026,5/14/2026,7000-1.1 (Rev. 04-2023)
9/1/2026,2025,20260126,22719,40145,"POTAC, LLC",6600 UPRIVER RD,CORPUS CHRISTI,TX,78409,US,Refined and/or Petroleum Product (non-HVL),,TEXAS,,,0,,,,,,,,,,,0,0,0,0,0,0,0,0,0,0,0,0,0,0,0,0,0,0,0,0,0,0,0,0,0,0,0,0,0,0,0,0,0,0,0,0,0,0,0,0,0,0,0,0,0,0,0,0,0,0,0,0,0,0,0,0,0,INITIAL,5/14/2026,5/14/2026,7000-1.1 (Rev. 04-2023)
9/1/2026,2025,20260659,23267,40146,"CONTINENTAL RESOURCES, INC.",20 NORTH BROADWAY,OKLAHOMA CITY,OK,73102,US,Crude Oil,,"NORTH DAKOTA, OKLAHOMA, WYOMING",,1.004,1.004,,,,,,0.000,142568917.000,0,0.000,0.000,0,6.957,0,0,0,0,6.957,0,0,0,0,0,0,0,0,6.957,0,0,0,0,6.957,1.004,0,1.004,0,0,0,0,0,0,0,0,0,0,0,0,0,0,0,0,0,0,0,0,0,0,0,0,0,0,0,5.953,0,5.953,6.957,6.957,0,INITIAL,6/15/2026,6/15/2026,7000-1.1 (Rev. 04-2023)
9/1/2026,2025,20260452,23058,40149,MPLX LP,1515 ARAPAHOE STREET,DENVER,CO,80202,US,Crude Oil,"MONTANA, NEW MEXICO, NORTH DAKOTA, TEXAS","MONTANA, NORTH DAKOTA, OKLAHOMA, TEXAS",,97.46,97.46,0,0,0,0,0,0.000,20172214891.000,0,0.000,0.000,0,1144.51,0,0,0,0,1144.51,0,0,0,0,0,0,0,0,1144.51,0,0,0,0,1144.51,5.08,0,5.08,0,0,0,0,0,0,0,476.06,476.06,0,0,0,4.68,0,4.68,50.64,0,50.64,13.94,0,13.94,20.72,0,20.72,506.25,0,506.25,67.14,0,67.14,1144.51,668.45,476.06,INITIAL,6/11/2026,6/11/2026,7000-1.1 (Rev. 04-2023)
9/1/2026,2025,20260451,23057,40149,MPLX LP,1515 ARAPAHOE STREET,DENVER,CO,80202,US,HVL,"KENTUCKY, OHIO, PENNSYLVANIA, WEST VIRGINIA","NORTH DAKOTA, OKLAHOMA, PENNSYLVANIA, TEXAS, WEST VIRGINIA",,70.23,70.23,0,0,0,0,0,0.000,0.000,0,9744140770.000,0.000,0,723.76,0,0,0,0,723.76,0,0,0,0,0,0,0,0,723.76,0,0,0,0,723.76,0,0,0,0,0,0,0,0,0,36.99,0,36.99,0,0,0,39.72,0,39.72,0,0,0,0,0,0,74.62,0,74.62,564.5,0,564.5,7.93,0,7.93,723.76,723.76,0,INITIAL,6/11/2026,6/11/2026,7000-1.1 (Rev. 04-2023)
9/1/2026,2025,20260721,23355,40155,COWBOY MIDSTREAM LLC,323 SOUTH DAVID STREET,CASPER,WY,82602,US,Crude Oil,,WYOMING,,10.11,10.11,,,,,,,,,,,0,30.85,0,0,0,0,30.85,0,0,0,0,0,0,0,0,30.85,0,0,0,0,30.85,0,0,0,0,0,0,0,0,0,0,0,0,0,0,0,24.24,0,24.24,3.74,0,3.74,0,0,0,0,0,0,0,0,0,2.8,0,2.8,30.78,30.78,0,INITIAL,6/30/2026,6/30/2026,7000-1.1 (Rev. 04-2023)
9/1/2026,2025,20260123,23381,40158,PORT ARTHUR TERMINAL LLC,811 MAIN ST,HOUSTON,TX,77002,US,Crude Oil,,TEXAS,,11.73,11.73,,,,,,,206885860.000,,,,0,11.73,0,0,0,0,11.73,0,0,0,0,0,0,0,0,11.73,0,0,0,0,11.73,0,0,0,0,0,0,0,0,0,0,0,0,0,0,0,0,0,0,0,0,0,0,0,0,0,0,0,0,0,0,11.73,0,11.73,11.73,11.73,0,SUPPLEMENTAL,5/14/2026,7/24/2026,7000-1.1 (Rev. 04-2023)
9/1/2026,2025,20260445,23051,40165,TEXAS INTERNATIONAL PIPELINES SYSTEM LLC,6702 BROADWAY,GALVESTON,TX,77554,US,Crude Oil,,TEXAS,,10.84,10.84,,0,,,,,376936050.000,,,,10.84,0,0,0,0,0,10.84,0,0,0,0,0,0,0,10.84,0,0,0,0,0,10.84,0,0,0,0,0,0,0,0,0,0,0,0,0,0,0,0,0,0,0,0,0,0,0,0,0,0,0,0,0,0,10.84,0,10.84,10.84,10.84,0,INITIAL,6/11/2026,6/11/2026,7000-1.1 (Rev. 04-2023)
9/1/2026,2025,20260670,23280,40170,EASTON ENERGY PIPELINES LLC,757 N ELDRIDGE PKWY,HOUSTON,TX,77079,US,HVL,,TEXAS,,0.117,0.117,,,,,,,,,,,0,0,0,0,0,0.117,0.117,0,0,0,0,0,0,0,0,0,0,0,0,0.117,0.117,0,0,0,0,0,0,0,0,0,0,0,0,0,0,0,0,0,0,0,0,0,0,0,0,0,0,0,0,0,0,0,0,0,0,0,0,INITIAL,6/15/2026,6/15/2026,7000-1.1 (Rev. 04-2023)
9/1/2026,2025,20260671,23281,40170,EASTON ENERGY PIPELINES LLC,757 N ELDRIDGE PKWY,HOUSTON,TX,77079,US,Refined and/or Petroleum Product (non-HVL),,TEXAS,,3.642,3.642,,,,,,,,,,10533320.000,0,3.249,0,0,0,0.393,3.642,0,0,0,0,0,0,0,0,3.249,0,0,0,0.393,3.642,0,0,0,0,0,0,0,0,0,0,0,0,0,1.947,1.947,0,0,0,0,0,0,0,0,0,0,0,0,1.097,0,1.097,0.126,0,0.126,3.17,1.223,1.947,INITIAL,6/15/2026,6/15/2026,7000-1.1 (Rev. 04-2023)
9/1/2026,2025,20260642,23250,40171,PERDIDO ENERGY,1021 S. MAIN ST.,HOUSTON,TX,77002,US,Crude Oil,,LOUISIANA,,0.66,0.66,,0,,,,,188572.000,,,,0,0.66,0,0,0,0,0.66,0,0,0,0,0,0,0,0,0.66,0,0,0,0,0.66,0,0,0,0,0,0,0,0,0,0,0,0,0,0,0,0,0,0,0,0,0,0.66,0,0.66,0,0,0,0,0,0,0,0,0,0.66,0.66,0,INITIAL,6/15/2026,6/15/2026,7000-1.1 (Rev. 04-2023)
9/1/2026,2025,20260314,22916,40174,"UNDERGROUND SERVICES MARKHAM, LLC  NGL/Y-MIX",4800 SAN FELIPE ST,HOUSTON,TX,77056,US,HVL,,TEXAS,,0,0,,,,,,,,,4342954.000,,0,1.3,0,0,0,0,1.3,0,0,0,0,0,0,0,0,1.3,0,0,0,0,1.3,0,0,0,0,0,0,0,0,0,0,0,0,0,0,0,0,0,0,0,0,0,0,0,0,0,0,0,1.3,0,1.3,0,0,0,1.3,1.3,0,INITIAL,6/8/2026,6/8/2026,7000-1.1 (Rev. 04-2023)
9/1/2026,2025,20260127,22720,40177,"LADDER CREEK, LLC",41707 COUNTY ROAD P,CHEYENNE WELLS,CO,80810,US,HVL,,COLORADO,,0,0,,,,,,,3913906.000,,,,0,40.8,0,0,0,0,40.8,0,0,0,0,0,0,0,0,40.8,0,0,0,0,40.8,0,0,0,0,0,0,0,0,0,0,0,0,0,0,0,0,0,0,0,0,0,40.8,0,40.8,0,0,0,0,0,0,0,0,0,40.8,40.8,0,INITIAL,5/14/2026,5/14/2026,7000-1.1 (Rev. 04-2023)
9/1/2026,2025,20260636,23244,40182,TAPROOT ROCKIES MIDSTREAM LLC,518 17TH STREET,DENVER,CO,80202,US,Crude Oil,,COLORADO,,56.574,56.574,,,,,,,134095253.000,,,,0,94.456,0,0,0,0,94.456,0,0,0,0,0,0,0,0,94.456,0,0,0,0,94.456,0,0,0,0,0,0,0,0,0,0,0,0,0,0,0,0,0,0,0,0,0,0,0,0,0,0,0,26.847,0,26.847,67.609,0,67.609,94.456,94.456,0,INITIAL,6/15/2026,6/15/2026,7000-1.1 (Rev. 04-2023)
9/1/2026,2025,20260424,23030,40190,OXY WTP LP,5 Greenway Plaza,HOUSTON,TX,77046,US,Crude Oil,,"NEW MEXICO, TEXAS",,,0,,,,,,,,,,,0,0,0,0,0,0,0,0,0,0,0,0,0,0,0,0,0,0,0,0,0,0,0,0,0,0,0,0,0,0,0,0,0,0,0,0,0,0,0,0,0,0,0,0,0,0,0,0,0,0,0,0,0,0,0,0,0,INITIAL,6/11/2026,6/11/2026,7000-1.1 (Rev. 04-2023)
9/1/2026,2025,20260398,23004,40192,ZENITH ENERGY WEST COAST TERMINALS LLC,18000 Studebaker Rd,Cerritos,CA,90703,US,Crude Oil,,CALIFORNIA,,69.28,69.28,,,,,,,951453136.000,,,,0,69.28,0,0,0,0,69.28,0,0,0,0,0,0,0,0,69.28,0,0,0,0,69.28,2.5,0,2.5,0,0,0,0,0,0,0,14.95,14.95,4.2,23.83,28.03,7.74,0,7.74,0.1,0,0.1,10.83,0,10.83,2.03,0,2.03,2.02,0,2.02,0.92,0.15,1.07,69.27,30.34,38.93,INITIAL,6/10/2026,6/10/2026,7000-1.1 (Rev. 04-2023)
9/1/2026,2025,20260489,23095,40204,"SCM OPERATIONS, LLC",5775 N SAM HOUSTON PKWY W,HOUSTON,TX,77086,US,Crude Oil,"NEW MEXICO, TEXAS",TEXAS,,11.82,11.82,,,,,,,24492495.000,,,,0,188.57,0,0,0,0,188.57,0,0,0,0,0,0,0,0,188.57,0,0,0,0,188.57,0,0,0,0,0,0,0,0,0,0,0,0,0,0,0,0,0,0,0,0,0,0,0,0,0,0,0,143.31,0,143.31,45.25,0,45.25,188.56,188.56,0,INITIAL,6/12/2026,6/12/2026,7000-1.1 (Rev. 04-2023)
9/1/2026,2025,20260285,22887,40204,"SCM OPERATIONS, LLC",5775 N SAM HOUSTON PKWY W,HOUSTON,TX,77086,US,HVL,,TEXAS,,0,0,,,,,,,,,21738064.000,,0,34.91,0,0,0,0,34.91,0,0,0,0,0,0,0,0,34.91,0,0,0,0,34.91,0,0,0,0,0,0,0,0,0,0,0,0,0,0,0,0,0,0,0,0,0,0,0,0,0,0,0,7.45,0,7.45,0,0,0,7.45,7.45,0,INITIAL,6/5/2026,6/5/2026,7000-1.1 (Rev. 04-2023)
9/1/2026,2025,20260625,23233,40206,"ROSEFIELD OPERATING COMPANY, LLC","2103 RESEARCH FOREST, SUITE 300",SHENANDOAH,TX,77380,US,Crude Oil,"LOUISIANA, OCS-Gulf of America, TEXAS",,16.32,11.9,28.22,0,184546388,0,0,0,0.000,0.000,0,0.000,0.000,0,11.9,0,0,0,0,11.9,0,112.653,0,0,0,0,112.653,0,124.553,0,0,0,0,124.553,0,0,0,0,0,0,0,0,0,0,0,0,0,0,0,91.253,0,91.253,0,0,0,0,0,0,16.32,0,16.32,0,0,0,0,0,0,107.573,107.573,0,INITIAL,6/15/2026,6/15/2026,7000-1.1 (Rev. 04-2023)
9/1/2026,2025,20260580,23188,40213,"BRETON SOUND GATHERING, LLC",5850 SAN FELIPE,HOUSTON,TX,77057,US,Crude Oil,,LOUISIANA,0,10.7,10.7,,0,,,,,192569.000,,,,0,0,0,0,0,0,0,0,10.7,0,0,0,0,10.7,0,10.7,0,0,0,0,10.7,0,0,0,0,0,0,0,0,0,0,0,0,10.7,0,10.7,0,0,0,0,0,0,0,0,0,0,0,0,0,0,0,0,0,0,10.7,10.7,0,SUPPLEMENTAL,6/15/2026,6/15/2026,7000-1.1 (Rev. 04-2023)
9/1/2026,2025,20260024,22584,40221,"CURLEW MIDSTREAM, LLC",222 SE 2ND STREET,BENTONVILLE,AR,72712,US,Crude Oil,,LOUISIANA,,8.39,8.39,,,,,,0.000,0.000,0,0.000,0.000,0,8.39,0,0,0,0,8.39,0,0,0,0,0,0,0,0,8.39,0,0,0,0,8.39,0,0,0,0,0,0,0,0,0,0,0,0,0,0,0,8.39,0,8.39,0,0,0,0,0,0,0,0,0,0,0,0,0,0,0,8.39,8.39,0,INITIAL,2/16/2026,2/16/2026,7000-1.1 (Rev. 04-2023)
9/1/2026,2025,20260664,23272,40238,"DEVON ENERGY WILLISTON, LLC",333 WEST SHERIDAN AVENUE,OKLAHOMA CITY,OK,73102,US,Crude Oil,,NORTH DAKOTA,,44.75,44.75,,,,,,,300076618.000,,,,0,46.73,0,0,0,0,46.73,0,0,0,0,0,0,0,0,46.73,0,0,0,0,46.73,0,0,0,0,0,0,0,0,0,0,0,0,0,0,0,0,0,0,0,0,0,0,0,0,0,0,0,46.73,0,46.73,0,0,0,46.73,46.73,0,INITIAL,6/15/2026,6/15/2026,7000-1.1 (Rev. 04-2023)
9/1/2026,2025,20260681,23292,40244,"DENBURY GREEN PIPELINE-MONTANA, LLC",22777 SPRINGWOODS VILLAGE PARKWAY,SPRING,TX,77389,US,CO2,MONTANA,,,0,0,,,,,,3249971161.000,,,,,0,113.72,0,0,0,0,113.72,0,0,0,0,0,0,0,0,113.72,0,0,0,0,113.72,0,0,0,0,0,0,0,0,0,0,0,0,0,0,0,0,0,0,0,0,0,0,0,0,0,0,0,0,0,0,113.72,0,113.72,113.72,113.72,0,INITIAL,6/15/2026,6/15/2026,7000-1.1 (Rev. 04-2023)
9/1/2026,2025,20260054,22625,40249,LEESBURG LP,3963 MAPLE AVVE,DALLAS,TX,75219,US,HVL,,TEXAS,,0,0,,,,,,,,,10626.000,,0,1.8,0,0,0,0,1.8,0,0,0,0,0,0,0,0,1.8,0,0,0,0,1.8,0,0,0,0,0,0,0,0,0,0,0,0,0,0,0,0,0,0,0,0,0,0,0,0,0,0,0,1.8,0,1.8,0,0,0,1.8,1.8,0,INITIAL,3/11/2026,3/11/2026,7000-1.1 (Rev. 04-2023)
9/1/2026,2025,20260356,22962,40252,CANES MIDSTREAM LOGISTICS LLC,2000 MCKINNEY AVENUE,DALLAS,TX,75201,US,Crude Oil,,TEXAS,,,0,,,,,,,,,,,0,0,0,0,0,0,0,0,0,0,0,0,0,0,0,0,0,0,0,0,0,0,0,0,0,0,0,0,0,0,0,0,0,0,0,0,0,0,0,0,0,0,0,0,0,0,0,0,0,0,0,0,0,0,0,0,0,INITIAL,6/9/2026,6/9/2026,7000-1.1 (Rev. 04-2023)
9/1/2026,2025,20260678,23289,40256,"DENBURY GREEN PIPELINE-NORTH DAKOTA, LLC",22777 SPRINGWOODS VILLAGE PARKWAY,SPRING,TX,77389,US,CO2,NORTH DAKOTA,,,0,0,,,,,,2949862738.000,,,,,0,9.26,0,0,0,0,9.26,0,0,0,0,0,0,0,0,9.26,0,0,0,0,9.26,0,0,0,0,0,0,0,0,0,0,0,0,0,0,0,0,0,0,0,0,0,0,0,0,0,0,0,0,0,0,9.26,0,9.26,9.26,9.26,0,INITIAL,6/15/2026,6/15/2026,7000-1.1 (Rev. 04-2023)
9/1/2026,2025,20260244,22843,40266,"HEP JAVELINA COMPANY, LLC",16211 LA CANTERA PKWY,SAN ANTONIO,TX,78256,US,HVL,,TEXAS,,29.94,29.94,,,,,,,,,50406685.000,,0,35.13,0,0,0,0,35.13,0,0,0,0,0,0,0,0,35.13,0,0,0,0,35.13,0,0,0,0,0,0,0,0,0,0,0,0,0,0,0,0,0,0,0,0,0,34.94,0,34.94,0,0,0,0,0,0,0,0,0,34.94,34.94,0,INITIAL,6/3/2026,6/3/2026,7000-1.1 (Rev. 04-2023)
9/1/2026,2025,20260653,23275,40268,"GARY CLIMATE SOLUTIONS, LLC",1515 WYNKOOP STREET,DENVER,CO,80202,US,CO2,,KANSAS,,14.3,14.3,,,,,,,,,,,0,14.1,0,0.2,0,0,14.3,0,0,0,0,0,0,0,0,14.1,0,0.2,0,0,14.3,0,0,0,0,0,0,0,0,0,0,0,0,0,0,0,0,0,0,0,0,0,0,0,0,0,0,0,14.3,0,14.3,0,0,0,14.3,14.3,0,SUPPLEMENTAL,6/15/2026,6/15/2026,7000-1.1 (Rev. 04-2023)
9/1/2026,2025,20260034,22601,40271,INTERNATIONAL- MATEX TANK TERMINALS LLC,11842 RIVER ROAD,ST ROSE,LA,70087,US,Refined and/or Petroleum Product (non-HVL),,LOUISIANA,,3.82,3.82,,,,,,0.000,0.000,0,0.000,28979268.000,0,4.84,0,0,0,0,4.84,0,0,0,0,0,0,0,0,4.84,0,0,0,0,4.84,0,0,0,0,0,0,0,0,0,0,0,0,0,0,0,0,0,0,0,0,0,0,0,0,0,0,0,0,0,0,4.84,0,4.84,4.84,4.84,0,INITIAL,3/3/2026,3/3/2026,7000-1.1 (Rev. 04-2023)
9/1/2026,2025,20260668,23278,40275,SENTINEL MIDSTREAM OPERATING LLC,2950 N. HARWOOD ST. STE 1550,DALLAS,TX,75201,US,Crude Oil,TEXAS,"LOUISIANA, TEXAS",,108.59,108.59,,,,,,,4466974864.000,,,,0,159.75,0,0,0,0,159.75,0,0,0,0,0,0,0,0,159.75,0,0,0,0,159.75,0,0,0,0,0,0,0,8.11,8.11,5.2,57.49,62.69,0,61.72,61.72,0,0,0,0.23,0,0.23,0.222,0,0.222,6.27,0.02,6.29,0.05,0.004,0.054,0,0,0,139.316,11.972,127.344,INITIAL,6/15/2026,6/15/2026,7000-1.1 (Rev. 04-2023)
9/1/2026,2025,20260490,23096,40277,"VERTEX REFINING ALABAMA,LLC",400 INDUSTRIAL PARKWAY,SARALAND,AL,36571,US,Crude Oil,,ALABAMA,,6.28,6.28,,,,,,,143660545.000,,,,0,6.28,0,0,0,0,6.28,0,0,0,0,0,0,0,0,6.28,0,0,0,0,6.28,0,0,0,0,0,0,0,0,0,0,0,0,0,0,0,0,0,0,6.28,0,6.28,0,0,0,0,0,0,0,0,0,0,0,0,6.28,6.28,0,INITIAL,6/12/2026,6/12/2026,7000-1.1 (Rev. 04-2023)
9/1/2026,2025,20260491,23097,40277,"VERTEX REFINING ALABAMA,LLC",400 INDUSTRIAL PARKWAY,SARALAND,AL,36571,US,Refined and/or Petroleum Product (non-HVL),,ALABAMA,,6.28,6.28,,,,,,,,,,57934382.000,0,6.28,0,0,0,0,6.28,0,0,0,0,0,0,0,0,6.28,0,0,0,0,6.28,0,0,0,0,0,0,0,0,0,0,0,0,0,0,0,0,0,0,6.28,0,6.28,0,0,0,0,0,0,0,0,0,0,0,0,6.28,6.28,0,INITIAL,6/12/2026,6/12/2026,7000-1.1 (Rev. 04-2023)
9/1/2026,2025,20260136,22729,40279,MENZIES (LAXFUEL),9900 LAXFUEL Road,Los Angeles,CA,90045,US,Refined and/or Petroleum Product (non-HVL),,CALIFORNIA,,,0,,,,,,,,,,,0,0,0,0,0,0,0,0,0,0,0,0,0,0,0,0,0,0,0,0,0,0,0,0,0,0,0,0,0,0,0,0,0,0,0,0,0,0,0,0,0,0,0,0,0,0,0,0,0,0,0,0,0,0,0,0,0,INITIAL,5/19/2026,5/19/2026,7000-1.1 (Rev. 04-2023)
9/1/2026,2025,20260408,23014,40282,EQUILON ENTERPRISES LLC DBA SHELL OIL PRODUCTS,150 NORTH DAIRY ASHFORD,HOUSTON,TX,77079,US,Fuel Grade Ethanol (dedicated system),,CALIFORNIA,,14.48,14.48,,,,,,,,37831319,,,0,14.48,0,0,0,0,14.48,0,0,0,0,0,0,0,0,14.48,0,0,0,0,14.48,0,0,0,0,0,0,0,0,0,0,0,0,0,0,0,5.58,4.04,9.62,0,0,0,0.66,0,0.66,0.01,0,0.01,0,0,0,0,0,0,10.29,6.25,4.04,INITIAL,6/11/2026,6/11/2026,7000-1.1 (Rev. 04-2023)
9/1/2026,2025,20260420,23026,40282,EQUILON ENTERPRISES LLC DBA SHELL OIL PRODUCTS,150 NORTH DAIRY ASHFORD,HOUSTON,TX,77079,US,Refined and/or Petroleum Product (non-HVL),"NEW JERSEY, OREGON",CALIFORNIA,,46.51,46.51,,,,,,,,,,296472230.000,0,81.06,0,0,0,0,81.06,0,0,0,0,0,0,0,0,81.06,0,0,0,0,81.06,0,0,0,0,0,0,0,0,0,0,0,0,1.15,0,1.15,40.76,0.81,41.57,0.03,0,0.03,14.86,0,14.86,0.13,0,0.13,0.55,0,0.55,0,0,0,58.29,57.48,0.81,INITIAL,6/11/2026,6/11/2026,7000-1.1 (Rev. 04-2023)
9/1/2026,2025,20260600,23208,40283,"SUNOCO, LLC",8111 WESTCHESTER DR.,DALLAS,TX,75225,US,Refined and/or Petroleum Product (non-HVL),"MARYLAND, NEW JERSEY, NEW YORK, WASHINGTON DC","NEW JERSEY, OHIO, VIRGINIA",,29.06,29.06,,,,,,,,,,72988815.000,0,29.45,0,0,0,0,29.45,0,0,0,0,0,0,0,0,29.45,0,0,0,0,29.45,0.08,2.96,3.04,0,0,0,0,0,0,0,0,0,0,7.4,7.4,0,0,0,0,0.73,0.73,0,3.78,3.78,2.31,0.53,2.84,1.01,0,1.01,0.002,0.32,0.322,19.122,3.402,15.72,INITIAL,6/15/2026,6/15/2026,7000-1.1 (Rev. 04-2023)
9/1/2026,2025,20260158,22751,40306,SWISSPORT INC,575 KITTY HAWK WAY,LAS VEGAS,NV,89111,US,Refined and/or Petroleum Product (non-HVL),,NEVADA,,3.47,3.47,,,,,,,,,,38772431.000,0,3.47,0,0,0,0,3.47,0,0,0,0,0,0,0,0,3.47,0,0,0,0,3.47,0,0,0,0,0,0,0,0,0,0,0,0,0,0,0,0,0,0,0,0,0,0,0,0,0,0,0,0,0,0,3.47,0,3.47,3.47,3.47,0,INITIAL,5/26/2026,5/26/2026,7000-1.1 (Rev. 04-2023)
9/1/2026,2025,20260181,22777,40313,"CALNRG OPERATING, LLC",1746-F SOUTH VICTORIA AVE #245,VENTURA,CA,93003,US,Crude Oil,,CALIFORNIA,,2.89,2.89,,,,,,,238466.000,,,,0,2.89,0,0,0,0,2.89,0,0,0,0,0,0,0,0,2.89,0,0,0,0,2.89,0,0,0,0,0,0,0,0.61,0.61,0,2.05,2.05,0,0,0,0,0,0,0,0,0,0,0,0,0,0,0,0,0,0,0,0,0,2.66,0,2.66,INITIAL,6/1/2026,6/1/2026,7000-1.1 (Rev. 04-2023)
9/1/2026,2025,20260210,22808,40318,OLYMPUS TERMINALS LLC,2365 EAST SEPULVEDA BLVD.,LONG BEACH,CA,90810,US,Crude Oil,,CALIFORNIA,,3.88,3.88,,,,,,,5882350.000,,,,0,3.88,0,0,0,0,3.88,0,0,0,0,0,0,0,0,3.88,0,0,0,0,3.88,0,0,0,0,0,0,0,0,0,0,0,0,0,0,0,0,0,0,0,0,0,0,0,0,0,0,0,0,0,0,0,0,0,0,0,0,INITIAL,6/3/2026,6/3/2026,7000-1.1 (Rev. 04-2023)
9/1/2026,2025,20260211,22809,40318,OLYMPUS TERMINALS LLC,2365 EAST SEPULVEDA BLVD.,LONG BEACH,CA,90810,US,Refined and/or Petroleum Product (non-HVL),,CALIFORNIA,,8.19,8.19,,,,,,,,,,81080321.000,0,8.19,0,0,0,0,8.19,0,0,0,0,0,0,0,0,8.19,0,0,0,0,8.19,0,0,0,0,0,0,0,0,0,0,0,0,0,0,0,0,0,0,0,0,0,0,0,0,0,0,0,0,0,0,0,0,0,0,0,0,INITIAL,6/3/2026,6/3/2026,7000-1.1 (Rev. 04-2023)
9/1/2026,2025,20260170,22763,40321,PHILLIPS 66 DOS PICOS LLC,2331 CITYWEST BLVD,HOUSTON,TX,77042,US,HVL,,TEXAS,,0,0,,,,,,,,,84513336.000,,0,7.62,0,0,0,0,7.62,0,0,0,0,0,0,0,0,7.62,0,0,0,0,7.62,0,0,0,0,0,0,0,0,0,0,0,0,0,0,0,0,0,0,0,0,0,0,0,0,0,0,0,0,0,0,3.73,0,3.73,3.73,3.73,0,INITIAL,5/28/2026,5/28/2026,7000-1.1 (Rev. 04-2023)
9/1/2026,2025,20260021,22581,40325,PLACID MIDSTREAM LLC,1940 LA HWY 1 NORTH,PORT ALLEN,LA,70767,US,Crude Oil,,LOUISIANA,,16,16,,,,,,,253137037.000,,,,0,16,0,0,0,0,16,0,0,0,0,0,0,0,0,16,0,0,0,0,16,0,0,0,0,0,0,0,0,0,0,0,0,0,0,0,0,0,0,0,0,0,16,0,16,0,0,0,0,0,0,0,0,0,16,16,0,INITIAL,2/9/2026,2/9/2026,7000-1.1 (Rev. 04-2023)
9/1/2026,2025,20260041,22609,40335,PHOENIX PARK ENERGY MARKETING LLC,10613 W SAM HOUSTON PARKWAY NORTH,HOUSTON,TX,77064,US,HVL,,TEXAS,,14.79,14.79,,,,,,,,,,,0,56.88,0,0,0,0,56.88,0,0,0,0,0,0,0,0,56.88,0,0,0,0,56.88,0,0,0,0,0,0,0,0,0,0,0,0,0,47.08,47.08,0,0.01,0.01,0,0,0,0,0,0,0,0,0,2.48,0,2.48,0,0,0,49.57,2.48,47.09,INITIAL,3/6/2026,3/6/2026,7000-1.1 (Rev. 04-2023)
9/1/2026,2025,20260279,22881,40337,CRESTONE PEAK RESOURCES LP,555 17TH STREET SUITE 3700,DENVER,CO,80202,US,Crude Oil,,COLORADO,0,45.86,45.86,,0,,,,,611646738.000,,,,0,50.37,0,0,0,0,50.37,0,0,0,0,0,0,0,0,50.37,0,0,0,0,50.37,0,0,0,0,0,0,0,0,0,0,0,0,0,0,0,0,0,0,0,0,0,0,0,0,0,0,0,0,0,0,0,0,0,0,0,0,INITIAL,6/5/2026,6/5/2026,7000-1.1 (Rev. 04-2023)
9/1/2026,2025,20260008,22566,40345,ATLAS OPERATING LLC,1900 ST. JAMES PLACE SUITE 800,HOUSTON,TX,77056,US,CO2,TEXAS,,,0,0,,,,,,0.000,,,,,0,10.82,0,0,0,0,10.82,0,0,0,0,0,0,0,0,10.82,0,0,0,0,10.82,0,0,0,0,0,0,0,0,0,0,0,0,0,0,0,0,0,0,0,0,0,0,0,0,0,0,0,0,0,0,0,0,0,0,0,0,INITIAL,1/26/2026,1/26/2026,7000-1.1 (Rev. 04-2023)
9/1/2026,2025,20260340,22942,40379,NOBLE ENERGY INC,6301 DEAUVILLE BLVD,MIDLAND,TX,79706,US,Crude Oil,,TEXAS,,18.83,18.83,0,0,0,0,0,0.000,110243699.000,0,0.000,0.000,3.52,15.23,0.08,0,0,0,18.83,0,0,0,0,0,0,0,3.52,15.23,0.08,0,0,0,18.83,0,0,0,0,0,0,0,0,0,0,0,0,0,0,0,0,0,0,0,0,0,0,0,0,0,0,0,17.92,0,17.92,0.9,0,0.9,18.82,18.82,0,INITIAL,6/9/2026,6/9/2026,7000-1.1 (Rev. 04-2023)
9/1/2026,2025,20260207,22805,40385,"WILLIAMS GILCREST, LLC",ONE WILLIAMS CENTER,TULSA,OK,74172,US,HVL,,COLORADO,,0,0,,,,,,,,,,,0,0,0,0,0,0,0,0,0,0,0,0,0,0,0,0,0,0,0,0,0,0,0,0,0,0,0,0,0,0,0,0,0,0,0,0,0,0,0,0,0,0,0,0,0,0,0,0,0,0,0,0,0,0,0,0,0,INITIAL,6/3/2026,6/3/2026,7000-1.1 (Rev. 04-2023)
9/1/2026,2025,20260040,22608,40413,PRESIDIO PETROLEUM LLC,"500 W 7TH ST, STE 1500",FORT WORTH,TX,76102,US,Crude Oil,,"OKLAHOMA, TEXAS",,,0,,,,,,,,,,,0,0,0,0,0,0,0,0,0,0,0,0,0,0,0,0,0,0,0,0,0,0,0,0,0,0,0,0,0,0,0,0,0,0,0,0,0,0,0,0,0,0,0,0,0,0,0,0,0,0,0,0,0,0,0,0,0,INITIAL,3/5/2026,3/5/2026,7000-1.1 (Rev. 04-2023)
9/1/2026,2025,20260717,23351,40414,"BKV MIDSTREAM, LLC",4800 BLUE MOUND RD,FORT WORTH,TX,76106,US,CO2,,TEXAS,,0,0,,,,,,78865.000,,,,,0,1.3,0,0,0,0,1.3,0,0,0,0,0,0,0,0,1.3,0,0,0,0,1.3,0,0,0,0,0,0,0,0,0,0,0,0,0,0,0,0,0,0,0,0,0,0,0,0,0,0,0,0,0,0,1.3,0,1.3,1.3,1.3,0,INITIAL,6/24/2026,6/24/2026,7000-1.1 (Rev. 04-2023)
9/1/2026,2025,20260421,23027,40419,CHEVRON MIDSTREAM SERVICES LLC,1400 SMITH ST,HOUSTON,TX,77002,US,Crude Oil,,"COLORADO, TEXAS",,54.01,54.01,,,,,,,2849531510.000,,,41225795.000,0,293.37,0,0,0,0,293.37,0,0,0,0,0,0,0,0,293.37,0,0,0,0,293.37,0,0,0,0,0,0,0,0,0,0,0,0,0,0,0,0,0,0,0,0,0,0,0,0,0,0,0,202.64,0,202.64,90.73,0,90.73,293.37,293.37,0,INITIAL,6/11/2026,6/11/2026,7000-1.1 (Rev. 04-2023)
9/1/2026,2025,20260073,22651,40425,"DOW HYDROCARBONS & RESOURCES, INC, GRAND BAYOU OPERATIONS",875 HIGHWAY 70 S,BELLE ROSE,LA,70341,US,HVL,,LOUISIANA,,10.4,10.4,,,,,,,,,211308562.000,,0,10.4,0,0,0,0,10.4,0,0,0,0,0,0,0,0,10.4,0,0,0,0,10.4,0,0,0,0,0,0,0,0,0,0,0,0,0,0,0,0,0,0,0,0,0,0,0,0,0,0,0,0,0,0,0,0,0,0,0,0,INITIAL,4/8/2026,4/8/2026,7000-1.1 (Rev. 04-2023)
9/1/2026,2025,20260723,23357,40429,GAP MIDSTREAM LLC,3657 LA TERRAZA DR,SIERRA VISTA,AZ,85650,US,Crude Oil,,NORTH DAKOTA,,12.59,12.59,,,,,,,0.000,,,,0,68.83,0,0,0,0,68.83,0,0,0,0,0,0,0,0,68.83,0,0,0,0,68.83,0,0,0,0,0,0,0,0,0,0,0,0,0,68.39,68.39,0,0,0,0,0,0,0,0,0,0,0,0,0.44,0,0.44,0,0,0,68.83,0.44,68.39,INITIAL,7/1/2026,7/1/2026,7000-1.1 (Rev. 04-2023)
9/1/2026,2025,20260353,22959,40438,"PERMIAN RESOURCES OPERATING, LLC","300 N. MARIENFELD STREET, SUITE 1000",MIDLAND,TX,79701,US,Crude Oil,,TEXAS,,0,0,,,,,,,4847.000,,,,0,1.531,0,0,0,1.752,3.283,0,0,0,0,0,0,0,0,1.531,0,0,0,1.752,3.283,0,0,0,0,0,0,0,0,0,0,0,0,0,0,0,0,0,0,0,0,0,0,0,0,0,0,0,0,0,0,1.531,0,1.531,1.531,1.531,0,INITIAL,6/9/2026,6/9/2026,7000-1.1 (Rev. 04-2023)
9/1/2026,2025,20260005,22562,40448,"ROSEWOOD RESOURCES, INC.",2101 CEDAR SPRINGS RD.,DALLAS,TX,75201,US,Crude Oil,,TEXAS,,,0,,,,,,,,,,,0,0,0,0,0,0,0,0,0,0,0,0,0,0,0,0,0,0,0,0,0,0,0,0,0,0,0,0,0,0,0,0,0,0,0,0,0,0,0,0,0,0,0,0,0,0,0,0,0,0,0,0,0,0,0,0,0,INITIAL,1/20/2026,1/20/2026,7000-1.1 (Rev. 04-2023)
9/1/2026,2025,20260492,23340,40461,"GOM SHELF, LLC",2107 RESEARCH FOREST,THE WOODLANDS,TX,77380,US,Crude Oil,"LOUISIANA, OCS-Gulf of America",,6,1,7,,1479122,,,,,,,,,0,4.62,0,0,0,0,4.62,0,22.41,0,0,0,0,22.41,0,27.03,0,0,0,0,27.03,0,0,0,0,0,0,0,0,0,0,0,0,0,0,0,0,0,0,0,0,0,0,0,0,0,0,0,0,0,0,0,0,0,0,0,0,SUPPLEMENTAL,6/12/2026,6/18/2026,7000-1.1 (Rev. 04-2023)
9/1/2026,2025,20260137,22730,40466,"GEOSOUTHERN OPERATING II, LLC",1425 LAKE FRONT CIRCLE,THE WOODLANDS,TX,77380,US,Crude Oil,,TEXAS,,0,0,,,,,,,,,,,0,0,0,0,0,0,0,0,0,0,0,0,0,0,0,0,0,0,0,0,0,0,0,0,0,0,0,0,0,0,0,0,0,0,0,0,0,0,0,0,0,0,0,0,0,0,0,0,0,0,0,0,0,0,0,0,0,INITIAL,5/19/2026,5/19/2026,7000-1.1 (Rev. 04-2023)
9/1/2026,2025,20260363,22969,40479,ADVANTAGE PIPELINE LLC,"333 CLAY STREET, SUITE 1900",HOUSTON,TX,77002,US,Crude Oil,,TEXAS,,0.93,0.93,,,,,,0.000,1364452755.000,0,0.000,0.000,0,69.08,0,0,0,0,69.08,0,0,0,0,0,0,0,0,69.08,0,0,0,0,69.08,39.22,0,39.22,0,0,0,0,0,0,0,0,0,0,0,0,0,0,0,0,0,0,0,0,0,0,0,0,29.13,0,29.13,0.73,0,0.73,69.08,69.08,0,INITIAL,6/10/2026,6/10/2026,7000-1.1 (Rev. 04-2023)
9/1/2026,2025,20260230,22829,40489,"SILVERBOW RESOURCES OPER, LLC","920 MEMORIAL CITY WAY, STE. 850",HOUSTON,TX,77024,US,Crude Oil,,TEXAS,,,0,,,,,,,,,,,0,0,0,0,0,0,0,0,0,0,0,0,0,0,0,0,0,0,0,0,0,0,0,0,0,0,0,0,0,0,0,0,0,0,0,0,0,0,0,0,0,0,0,0,0,0,0,0,0,0,0,0,0,0,0,0,0,INITIAL,6/3/2026,6/3/2026,7000-1.1 (Rev. 04-2023)
9/1/2026,2025,20260006,22564,40491,INEOS USA OIL & GAS LLC,"1400 16TH ST., SUITE 600",DENVER,CO,80202,US,Crude Oil,,TEXAS,,,0,,,,,,,,,,,0,0,0,0,0,0,0,0,0,0,0,0,0,0,0,0,0,0,0,0,0,0,0,0,0,0,0,0,0,0,0,0,0,0,0,0,0,0,0,0,0,0,0,0,0,0,0,0,0,0,0,0,0,0,0,0,0,INITIAL,1/26/2026,1/26/2026,7000-1.1 (Rev. 04-2023)
9/1/2026,2025,20260370,22976,40498,PLAINS PIPELINE MIDCON LLC,"333 CLAY STREET, SUITE 1900",HOUSTON,TX,77002,US,Crude Oil,"COLORADO, KANSAS, NEBRASKA, OKLAHOMA, TEXAS","COLORADO, KANSAS, OKLAHOMA",,56.66,56.66,,,,,,0.000,3721280483.000,0,0.000,0.000,1.69,635.04,0,0,0,76.39,713.12,0,0,0,0,0,0,0,1.69,635.04,0,0,0,76.39,713.12,0.26,0,0.26,0,0,0,0,0.61,0.61,0,18.58,18.58,0.26,173.48,173.74,23.33,3.7,27.03,29.55,0,29.55,12.52,0,12.52,2.3,0,2.3,371.67,0,371.67,0.6,0,0.6,636.86,440.49,196.37,INITIAL,6/10/2026,6/10/2026,7000-1.1 (Rev. 04-2023)
9/1/2026,2025,20260660,23268,40526,AIRCRAFT SERVICE INTERNATIONAL INC,3500 WILLIAM D. TATE AVE,GRAPEVINE,TX,76051,US,Refined and/or Petroleum Product (non-HVL),,TEXAS,,0.19,0.19,,,,,,,,,,407267.000,0,0.19,0,0,0,0,0.19,0,0,0,0,0,0,0,0,0.19,0,0,0,0,0.19,0,0,0,0,0,0,0,0,0,0,0,0,0,0,0,0,0,0,0,0,0,0,0,0,0,0,0,0,0,0,0.19,0,0.19,0.19,0.19,0,INITIAL,6/15/2026,6/15/2026,7000-1.1 (Rev. 04-2023)
9/1/2026,2025,20260648,23348,40534,JET INFRASTRUCTURE,1805 SHEA CENTER DRIVE #300,HIGHLANDS RANCH,CO,80129,US,Refined and/or Petroleum Product (non-HVL),"NEW MEXICO, TEXAS","CALIFORNIA, FLORIDA, GEORGIA, NEVADA, TENNESSEE",0,73.56,73.56,,,,,,,,,,1183816033.000,0,143.8,0,0,0,0,143.8,0,0,0,0,0,0,0,0,143.8,0,0,0,0,143.8,0,0,0,0,0,0,0,0,0,0,35.14,35.14,0,73.02,73.02,0,0,0,0,0,0,3.03,0,3.03,15.36,0,15.36,0,0,0,0,0,0,126.55,18.39,108.16,SUPPLEMENTAL,6/15/2026,6/22/2026,7000-1.1 (Rev. 04-2023)
9/1/2026,2025,20260015,22575,40537,CASTLEROCK EF OPERATING LLC,"111 TOWER DRIVE, STE. 300",SAN ANTONIO,TX,78232,US,Crude Oil,,TEXAS,,,0,,,,,,,,,,,0,0,0,0,0,0,0,0,0,0,0,0,0,0,0,0,0,0,0,0,0,0,0,0,0,0,0,0,0,0,0,0,0,0,0,0,0,0,0,0,0,0,0,0,0,0,0,0,0,0,0,0,0,0,0,0,0,INITIAL,1/29/2026,1/29/2026,7000-1.1 (Rev. 04-2023)
9/1/2026,2025,20260358,22964,40538,ZARVONA ENERGY LLC,"1001 MCKINNEY ST., STE. 1800",HOUSTON,TX,77002,US,Crude Oil,,TEXAS,,,0,,,,,,,,,,,0,0,0,0,0,0,0,0,0,0,0,0,0,0,0,0,0,0,0,0,0,0,0,0,0,0,0,0,0,0,0,0,0,0,0,0,0,0,0,0,0,0,0,0,0,0,0,0,0,0,0,0,0,0,0,0,0,INITIAL,6/9/2026,6/9/2026,7000-1.1 (Rev. 04-2023)
9/1/2026,2025,20260013,22573,40559,"GATHERER MIDSTREAM, LLC","420 THROCKMORTON ST., STE. 1150",FORT WORTH,TX,76102,US,Crude Oil,,TEXAS,,,0,,,,,,,,,,,0,0,0,0,0,0,0,0,0,0,0,0,0,0,0,0,0,0,0,0,0,0,0,0,0,0,0,0,0,0,0,0,0,0,0,0,0,0,0,0,0,0,0,0,0,0,0,0,0,0,0,0,0,0,0,0,0,INITIAL,1/28/2026,1/28/2026,7000-1.1 (Rev. 04-2023)
9/1/2026,2025,20260498,23104,40560,KINDER MORGAN TRANSMIX COMPANY LLC,1001 LOUISIANA STREET,HOUSTON,TX,77002,US,Refined and/or Petroleum Product (non-HVL),VIRGINIA,,,,0,,,,,,,,,,,0,0,0,0,0,0,0,0,0,0,0,0,0,0,0,0,0,0,0,0,0,0,0,0,0,0,0,0,0,0,0,0,0,0,0,0,0,0,0,0,0,0,0,0,0,0,0,0,0,0,0,0,0,0,0,0,0,INITIAL,6/12/2026,6/12/2026,7000-1.1 (Rev. 04-2023)
9/1/2026,2025,20260632,23240,40586,BPX MIDSTREAM LLC,1700 Platte Street,Denver,CO,80202,US,Crude Oil,,TEXAS,,0,0,,,,,,,270132376.000,,,,0,13.23,0,0,0,0,13.23,0,0,0,0,0,0,0,0,13.23,0,0,0,0,13.23,0,0,0,0,0,0,0,0,0,0,0,0,0,0,0,0,0,0,0,0,0,0,0,0,0,0,0,0,0,0,13.23,0,13.23,13.23,13.23,0,INITIAL,6/15/2026,6/15/2026,7000-1.1 (Rev. 04-2023)
9/1/2026,2025,20260012,22572,40605,JAVELIN ENERGY PARTNERS MGMT LLC,"5221 NORTH O'CONNOR BLVD., STE. 11",IRVING,TX,75039,US,Crude Oil,,TEXAS,,,0,,,,,,,,,,,0,0,0,0,0,0,0,0,0,0,0,0,0,0,0,0,0,0,0,0,0,0,0,0,0,0,0,0,0,0,0,0,0,0,0,0,0,0,0,0,0,0,0,0,0,0,0,0,0,0,0,0,0,0,0,0,0,INITIAL,1/28/2026,1/28/2026,7000-1.1 (Rev. 04-2023)
9/1/2026,2025,20260154,22747,40624,"PAR ROCKY MOUNTAIN MIDSTREAM, LLC",825 TOWN & COUNTRY,HOUSTON,TX,77024,US,Crude Oil,,MONTANA,,66.27,66.27,,,,,,0.000,421608255.000,0,0.000,0.000,0,71,0,0,0,0,71,0,0,0,0,0,0,0,0,71,0,0,0,0,71,0,20.24,20.24,0,0,0,0,40.55,40.55,0,2.55,2.55,0,0.01,0.01,0,0,0,0,0,0,0.73,0,0.73,1.07,0,1.07,0.57,0,0.57,0,0,0,65.72,2.37,63.35,INITIAL,5/26/2026,5/26/2026,7000-1.1 (Rev. 04-2023)
9/1/2026,2025,20260149,22742,40624,"PAR ROCKY MOUNTAIN MIDSTREAM, LLC",825 TOWN & COUNTRY,HOUSTON,TX,77024,US,Refined and/or Petroleum Product (non-HVL),WASHINGTON,,,0.95,0.95,,,,,,,,,,772554.000,0,0.95,0,0,0,0,0.95,0,0,0,0,0,0,0,0,0.95,0,0,0,0,0.95,0,0,0,0,0,0,0,0,0,0,0,0,0,0,0,0,0,0,0,0,0,0,0,0,0,0,0,0,0,0,0,0,0,0,0,0,INITIAL,5/21/2026,5/21/2026,7000-1.1 (Rev. 04-2023)
9/1/2026,2025,20260722,23356,40645,"WPX ENERGY PERMIAN, LLC",333 WEST SHERIDAN AVE.,OKLAHOMA CITY,OK,73102,US,Crude Oil,,TEXAS,,,0,,,,,,,,,,,0,0,0,0,0,0,0,0,0,0,0,0,0,0,0,0,0,0,0,0,0,0,0,0,0,0,0,0,0,0,0,0,0,0,0,0,0,0,0,0,0,0,0,0,0,0,0,0,0,0,0,0,0,0,0,0,0,INITIAL,6/30/2026,6/30/2026,7000-1.1 (Rev. 04-2023)
9/1/2026,2025,20260224,22823,40647,"DLK BLACK RIVER MIDSTREAM, LLC",5400 LBJ FREEWAY,DALLAS,TX,75240,US,HVL,,NEW MEXICO,,0,0,,,,,,,,,36300.000,,0,1.05,0,0,0,0,1.05,0,0,0,0,0,0,0,0,1.05,0,0,0,0,1.05,0,0,0,0,0,0,0,0,0,0,0,0,0,0,0,0,0,0,0,0,0,0,0,0,0,0,0,0,0,0,1.05,0,1.05,1.05,1.05,0,INITIAL,6/3/2026,6/3/2026,7000-1.1 (Rev. 04-2023)
9/1/2026,2025,20260220,22818,40650,"NILE MIDSTREAM, LLC",1751 RIVER RUN STE 405,FORT WORTH,TX,76107,US,Crude Oil,,TEXAS,,,0,,,,,,,,,,,0,0,0,0,0,0,0,0,0,0,0,0,0,0,0,0,0,0,0,0,0,0,0,0,0,0,0,0,0,0,0,0,0,0,0,0,0,0,0,0,0,0,0,0,0,0,0,0,0,0,0,0,0,0,0,0,0,INITIAL,6/3/2026,6/3/2026,7000-1.1 (Rev. 04-2023)
9/1/2026,2025,20260217,22815,40651,"BLACKBEARD OPERATING, LLC",1751 RIVER RUN,FORT WORTH,TX,76107,US,Crude Oil,,TEXAS,,,0,,,,,,,,,,,0,0,0,0,0,0,0,0,0,0,0,0,0,0,0,0,0,0,0,0,0,0,0,0,0,0,0,0,0,0,0,0,0,0,0,0,0,0,0,0,0,0,0,0,0,0,0,0,0,0,0,0,0,0,0,0,0,INITIAL,6/3/2026,6/3/2026,7000-1.1 (Rev. 04-2023)
9/1/2026,2025,20260605,23213,40668,ENBRIDGE HOLDINGS (GRAY OAK) LLC,"915 N ELDRIDGE PKWY, SUITE 1100",HOUSTON,TX,77079,US,Crude Oil,,TEXAS,,150.158,150.158,,,,,,0.000,386414376.000,0,0.000,0.000,0,859.69,0,0,0,0,859.69,0,0,0,0,0,0,0,0,859.69,0,0,0,0,859.69,0,0,0,0,0,0,0,0,0,0,0,0,0,0,0,0,0,0,0,0,0,0,0,0,0,0,0,349.902,0,349.902,17.177,0,17.177,367.079,367.079,0,INITIAL,6/15/2026,6/15/2026,7000-1.1 (Rev. 04-2023)
9/1/2026,2025,20260511,23117,40680,"GUARDIAN DECOMMISSIONING, INC.",16340 PARK TEN PLACE,HOUSTON,TX,77084,US,Crude Oil,"LOUISIANA, OCS-Gulf of America",,11.91,0,11.91,,,,,,,,,,,0,0,0,0,0,0,0,0,11.91,0,0,0,0,11.91,0,11.91,0,0,0,0,11.91,0,0,0,0,0,0,0,0,0,0,0,0,0,0,0,0,0,0,0,0,0,0,0,0,0,0,0,0,0,0,0,0,0,0,0,0,INITIAL,6/12/2026,6/12/2026,7000-1.1 (Rev. 04-2023)
9/1/2026,2025,20260168,23391,40688,AGUA TRANQUILLO MIDSTREAM LLC,"1415 LOUISIANA STREET, SUITE 3400",HOUSTON,TX,77002,US,Crude Oil,,TEXAS,,,0,0,0,0,0,0,0.000,0.000,0,0.000,0.000,0,0,0,0,0,0,0,0,0,0,0,0,0,0,0,0,0,0,0,0,0,0,0,0,0,0,0,0,0,0,0,0,0,0,0,0,0,0,0,0,0,0,0,0,0,0,0,0,0,0,0,0,0,0,0,0,0,SUPPLEMENTAL,5/28/2026,8/4/2026,7000-1.1 (Rev. 04-2023)
9/1/2026,2025,20260570,23176,40701,"CARDINAL DELAWARE BASIN, LLC",8080 N CENTRAL EXPRESSWAY,DALLAS,TX,75206,US,HVL,,TEXAS,,0,0,,,,,,,,,28989427.000,,0,6.52,0,0,0,0,6.52,0,0,0,0,0,0,0,0,6.52,0,0,0,0,6.52,0,0,0,0,0,0,0,0,0,0,0,0,0,0,0,0,0,0,0,0,0,0,0,0,0,0,0,6.52,0,6.52,0,0,0,6.52,6.52,0,INITIAL,6/15/2026,6/15/2026,7000-1.1 (Rev. 04-2023)
9/1/2026,2025,20260099,22682,40702,BETA CRUDE CONNECTOR,925  N. ELDRIDGE PARKWAY,HOUSTON,TX,77079,US,Crude Oil,,TEXAS,,15.4,15.4,,,,,,,1435000000.000,,,,0,41.4,0,0,0,0,41.4,0,0,0,0,0,0,0,0,41.4,0,0,0,0,41.4,0,0,0,0,0,0,0,0,0,0,0,0,0,0,0,0,0,0,0,0,0,0,0,0,0,0,0,0,3.4,3.4,0,38,38,41.4,0,41.4,INITIAL,5/4/2026,5/4/2026,7000-1.1 (Rev. 04-2023)
9/1/2026,2025,20260719,23353,40706,LGOT LP,160 OLD SPANISH TRAIL,GIBSON,LA,70356,US,Crude Oil,LOUISIANA,,0,0,0,,,,,,,4000000.000,,,,0,14,0,0,0,0,14,0,0,0,0,0,0,0,0,14,0,0,0,0,14,0,14,14,0,0,0,0,0,0,0,0,0,0,0,0,0,0,0,0,0,0,0,0,0,0,0,0,0,0,0,0,0,0,14,0,14,INITIAL,6/24/2026,6/24/2026,7000-1.1 (Rev. 04-2023)
9/1/2026,2025,20260079,22657,40707,GRANITE CREEK ENERGY LLC,1501 STAMPEDE AVE,CODY,WY,82414,US,Crude Oil,,WYOMING,,0,0,,,,,,,8899464.000,,,,0,11.4,0,0,0,0,11.4,0,0,0,0,0,0,0,0,11.4,0,0,0,0,11.4,0,0,0,0,0,0,0,0,0,0,0,0,0,11.4,11.4,0,0,0,0,0,0,0,0,0,0,0,0,0,0,0,0,0,0,11.4,0,11.4,INITIAL,4/13/2026,4/13/2026,7000-1.1 (Rev. 04-2023)
9/1/2026,2025,20260327,22929,40717,MENZIES AVIATION (SFO FUEL COMPANY),3500 WILLIAM D. TATE AVE,GRAPEVINE,TX,76051,US,Refined and/or Petroleum Product (non-HVL),,CALIFORNIA,,,0,,,,,,,,,,,0,0,0,0,0,0,0,0,0,0,0,0,0,0,0,0,0,0,0,0,0,0,0,0,0,0,0,0,0,0,0,0,0,0,0,0,0,0,0,0,0,0,0,0,0,0,0,0,0,0,0,0,0,0,0,0,0,INITIAL,6/8/2026,6/8/2026,7000-1.1 (Rev. 04-2023)
9/1/2026,2025,20260058,22629,40719,NRG MAINTENANCE SERVICES LLC.,1301 MCKINNEY ST.,HOUSTON,TX,77010,US,CO2,,TEXAS,,0,0,,,,,,,,,,,0,0.36,0,0,0,0,0.36,0,0,0,0,0,0,0,0,0.36,0,0,0,0,0.36,0,0,0,0,0,0,0,0,0,0,0,0,0,0,0,0,0,0,0,0,0,0,0,0,0,0,0,0.36,0,0.36,0,0,0,0.36,0.36,0,INITIAL,3/12/2026,3/12/2026,7000-1.1 (Rev. 04-2023)
9/1/2026,2025,20260128,22721,40746,"KIMMERIDGE TEXAS GAS, LLC","840 W SAM HOUSTON PKWY, STE. 400",HOUSTON,TX,77024,US,Crude Oil,,TEXAS,,,0,,,,,,,,,,,0,0,0,0,0,0,0,0,0,0,0,0,0,0,0,0,0,0,0,0,0,0,0,0,0,0,0,0,0,0,0,0,0,0,0,0,0,0,0,0,0,0,0,0,0,0,0,0,0,0,0,0,0,0,0,0,0,INITIAL,5/14/2026,5/14/2026,7000-1.1 (Rev. 04-2023)
9/1/2026,2025,20260180,22776,40759,"TIVOLI SERVICES, LLC",2929 ALLEN PARKWAY,HOUSTON,TX,77019,US,Crude Oil,,TEXAS,,28.83,28.83,,,,,,,244905609.000,,,,0,28.83,0,0,0,0,28.83,0,0,0,0,0,0,0,0,28.83,0,0,0,0,28.83,28.83,0,28.83,0,0,0,0,0,0,0,0,0,0,0,0,0,0,0,0,0,0,0,0,0,0,0,0,0,0,0,0,0,0,28.83,28.83,0,INITIAL,6/1/2026,6/1/2026,7000-1.1 (Rev. 04-2023)
9/1/2026,2025,20260368,22974,40765,POPB NM CRUDE II LLC,333 CLAY STREET,HOUSTON,TX,77072,US,Crude Oil,NEW MEXICO,NEW MEXICO,,0.504,0.504,,,,,,0.000,541832842.000,0,0.000,0.000,0,32.19,0,0,0,0,32.19,0,0,0,0,0,0,0,0,32.19,0,0,0,0,32.19,0,0,0,0,0,0,0,0,0,0,0,0,0,0,0,0,0,0,0,0,0,0,0,0,0,0,0,0,0,0,27.56,0,27.56,27.56,27.56,0,INITIAL,6/10/2026,6/10/2026,7000-1.1 (Rev. 04-2023)
9/1/2026,2025,20260117,22706,40768,"KINETIK HOLDINGS, LP",303 VETERANS AIRPARK LANE,MIDLAND,TX,79705,US,Crude Oil,,TEXAS,,1.3,1.3,,,,,,,4873902.000,,,,0,85.47,0,0,9.08,0,94.55,0,0,0,0,0,0,0,0,85.47,0,0,9.08,0,94.55,0,0,0,0,0,0,0,0,0,0,0,0,0,0,0,0,0,0,0,0,0,0,0,0,0,0,0,83.11,0,83.11,9.08,0,9.08,92.19,92.19,0,INITIAL,5/13/2026,5/13/2026,7000-1.1 (Rev. 04-2023)
9/1/2026,2025,20260118,22707,40768,"KINETIK HOLDINGS, LP",303 VETERANS AIRPARK LANE,MIDLAND,TX,79705,US,HVL,,TEXAS,,0,0,,,,,,,,,2072182222.000,,0,125.55,0,0,0,0,125.55,0,0,0,0,0,0,0,0,125.55,0,0,0,0,125.55,0,0,0,0,0,0,0,0,0,0,0,0,0,0,0,0,0,0,0,0,0,0,0,0,0,0,0,123.55,0,123.55,2,0,2,125.55,125.55,0,INITIAL,5/13/2026,5/13/2026,7000-1.1 (Rev. 04-2023)
9/1/2026,2025,20260106,22786,40775,JEFFERSON RAILPORT TERMINAL I TEXAS LLC,811 LOUISIANA STREET,HOUSTON,TX,77002,US,Crude Oil,,TEXAS,,,0,,,,,,0.000,0.000,0,0.000,0.000,0,0,0,0,0,0,0,0,0,0,0,0,0,0,0,0,0,0,0,0,0,0,0,0,0,0,0,0,0,0,0,0,0,0,0,0,0,0,0,0,0,0,0,0,0,0,0,0,0,0,0,0,0,0,0,0,0,SUPPLEMENTAL,5/6/2026,6/1/2026,7000-1.1 (Rev. 04-2023)
9/1/2026,2025,20260427,23277,40797,MUSTANG HOLDING LLC,"310 K Street, Suite 309",ANCHORAGE,AK,99501,US,Crude Oil,ALASKA,,,0.218,0.218,,,,,,,239767.000,,,,0,0,0,0.218,0,0,0.218,0,0,0,0,0,0,0,0,0,0,0.218,0,0,0.218,0,0,0,0,0,0,0,0,0,0,0,0,0,0,0,0,0,0,0,0,0,0,0,0,0,0,0,0,0,0,0,0,0,0,0,0,SUPPLEMENTAL,6/11/2026,6/15/2026,7000-1.1 (Rev. 04-2023)
9/1/2026,2025,20260337,22939,40801,"BOARDWALK PURITY PIPELINES COMPANY, LLC",9 GREENWAY PLAZA,HOUSTON,TX,77046,US,HVL,,TEXAS,,15.8,15.8,,,,,,,,,,,0,15.8,0,0,0,0,15.8,0,0,0,0,0,0,0,0,15.8,0,0,0,0,15.8,0,0,0,0,0,0,0,0,0,0,0,0,0,0,0,0,0,0,0,0,0,0,0,0,0,0,0,0,0,0,0,0,0,0,0,0,INITIAL,6/9/2026,6/9/2026,7000-1.1 (Rev. 04-2023)
9/1/2026,2025,20260623,23231,40811,BRAZOS MIDSTREAM OPRTNG III LLC,777 MAIN ST STE 3700,FORT WORTH,TX,76102,US,Crude Oil,,TEXAS,,0,0,,,,,,,,,,,0,0,0,0,0,0,0,0,0,0,0,0,0,0,0,0,0,0,0,0,0,0,0,0,0,0,0,0,0,0,0,0,0,0,0,0,0,0,0,0,0,0,0,0,0,0,0,0,0,0,0,0,0,0,0,0,0,INITIAL,6/15/2026,6/15/2026,7000-1.1 (Rev. 04-2023)
9/1/2026,2025,20260033,22600,40848,BLOCK T PETROLEUM INC,11718 HIGHWAY 64 EAST,TYLER,TX,75707,US,CO2,,TEXAS,,0,0,,,,,,0.000,0.000,0,0.000,0.000,0,14.05,0,0,0,0,14.05,0,0,0,0,0,0,0,0,14.05,0,0,0,0,14.05,0,0,0,0,0,0,0,0,0,0,0,0,0,0,0,0,0,0,0,0,0,0,0,0,0,0,0,14.05,0,14.05,0,0,0,14.05,14.05,0,INITIAL,3/3/2026,3/3/2026,7000-1.1 (Rev. 04-2023)
9/1/2026,2025,20260035,22602,40848,BLOCK T PETROLEUM INC,11718 HIGHWAY 64 EAST,TYLER,TX,75707,US,Crude Oil,,TEXAS,,,0,,,,,,,,,,,0,0,0,0,0,0,0,0,0,0,0,0,0,0,0,0,0,0,0,0,0,0,0,0,0,0,0,0,0,0,0,0,0,0,0,0,0,0,0,0,0,0,0,0,0,0,0,0,0,0,0,0,0,0,0,0,0,INITIAL,3/3/2026,3/3/2026,7000-1.1 (Rev. 04-2023)
9/1/2026,2025,20260494,23100,40851,SABLE OFFSHORE CORP,845 TEXAS AVE,HOUSTON,TX,77002,US,Crude Oil,"CALIFORNIA, OCS-Pacific",,10.03,1.22,11.25,,4669818,,,,,568013.000,,,,0,1.22,0,0,0,0,1.22,0,10.03,0,0,0,0,10.03,0,11.25,0,0,0,0,11.25,0,0,0,0,0,0,0,0,0,0,0,0,0,0,0,0,0,0,0,0,0,0,0,0,0,0,0,0,0,0,0,0,0,0,0,0,INITIAL,6/12/2026,6/12/2026,7000-1.1 (Rev. 04-2023)
9/1/2026,2025,20260001,23317,40870,"CENTRAL CRUDE II, LLC",1333 WEST LOOP SOUTH,HOUSTON,TX,77027,US,Crude Oil,,LOUISIANA,,,0,,,,,,,71582410.000,,,,0,0,0,0,0,0,0,0,0,0,0,0,0,0,0,0,0,0,0,0,0,0,0,0,0,0,0,0,0,0,0,0,0,0,0,0,0,0,0,0,0,0,0,0,0,0,0,0,0,0,0,0,0,0,0,0,0,SUPPLEMENTAL,1/8/2026,6/16/2026,7000-1.1 (Rev. 04-2023)
9/1/2026,2025,20260060,22631,40876,VALENCE NATURAL GAS SOLUTIONS LLC,SUITE 1840 333 7 AVENUE SW,CALGARY,ALBERTA,T2P 2Z1,CA,HVL,,NORTH DAKOTA,,0,0,,,,,,0.000,0.000,0,0.000,0.000,0,4.4,0,0,0,0,4.4,0,0,0,0,0,0,0,0,4.4,0,0,0,0,4.4,0,0,0,0,0,0,0,0,0,0,0,0,0,0,0,0,0,0,0,0,0,0,0,0,0,0,0,4.4,0,4.4,0,0,0,4.4,4.4,0,INITIAL,3/13/2026,3/13/2026,7000-1.1 (Rev. 04-2023)
9/1/2026,2025,20260684,23295,40878,LOW CARBON LOGISTICS CCS TRANSPORT LLC,22777 SPRINGWOODS VILLAGE PARKWAY,SPRING,TX,77389,US,CO2,,LOUISIANA,0,1.06,1.06,,,,,,714647.000,,,,,0,2.22,0,0,0,0,2.22,0,0,0,0,0,0,0,0,2.22,0,0,0,0,2.22,0,0,0,0,0,0,0,0,0,0,0,0,0,0,0,0,0,0,0,0,0,0,0,0,0,0,0,0,0,0,0.41,0,0.41,0.41,0.41,0,INITIAL,6/15/2026,6/15/2026,7000-1.1 (Rev. 04-2023)
9/1/2026,2025,20260077,22655,40879,VERDUN OIL & GAS LLC,945 BUNKER HILL RD STE 1300,HOUSTON,TX,77024,US,Crude Oil,,TEXAS,,0,0,,,,,,,325056.000,,,,0,20.32,0,0,0,0,20.32,0,0,0,0,0,0,0,0,20.32,0,0,0,0,20.32,0,0,0,0,0,0,0,0,0,0,0,0,0,0,0,0,0,0,0,0,0,0,0,0,0,0,0,0,0,0,0,0,0,0,0,0,INITIAL,4/9/2026,4/9/2026,7000-1.1 (Rev. 04-2023)
9/1/2026,2025,20260630,23238,40881,SABLE OFFSHORE CORP PPC,845 TEXAS AVENUE SUITE 2920,HOUSTON,TX,77002,US,Crude Oil,CALIFORNIA,,,102.84,102.84,,,,,,,0.000,,,,0,124.43,0,0,0,0,124.43,0,0,0,0,0,0,0,0,124.43,0,0,0,0,124.43,0,0,0,0,0,0,0,0,0,0,0,0,0,0,0,0,0,0,0,0,0,10.85,0,10.85,0,0,0,0.02,0,0.02,0,0,0,10.87,10.87,0,INITIAL,6/15/2026,6/15/2026,7000-1.1 (Rev. 04-2023)
9/1/2026,2025,20260215,22813,40903,TRAILBLAZER CO2 PIPELINE LLC,370 VAN GORDON STREET,LAKEWOOD,CO,80228,US,CO2,"NEBRASKA, WYOMING",,,71.49,71.49,,,,,,,,,,,0,233.79,0,0,0,0,233.79,0,0,0,0,0,0,0,0,233.79,0,0,0,0,233.79,0,0,0,0,0,0,0,0,0,0,0,0,0,0,0,0,0,0,0,0,0,0,0,0,0,0,0,0,0,0,233.41,0,233.41,233.41,233.41,0,INITIAL,6/3/2026,6/3/2026,7000-1.1 (Rev. 04-2023)
9/1/2026,2025,20260657,23331,40911,ANCHOR CRUDE MARKETING,212 N MAIN STREET STE 101,MIDLAND,TX,79701,US,Crude Oil,,TEXAS,,0,0,,,,,,,130742939.000,,,,0,13.93,0,0,0,0,13.93,0,0,0,0,0,0,0,0,13.93,0,0,0,0,13.93,0,0,0,0,0,0,0,0,0,0,0,0,0,0,0,0,0,0,0,0,0,0,0,0,0,0,0,0,0,0,13.93,0,13.93,13.93,13.93,0,SUPPLEMENTAL,6/15/2026,6/17/2026,7000-1.1 (Rev. 04-2023)
9/1/2026,2025,20260011,22676,40912,KNOC EAGLE FORD CORP,5599 SAN FELIPE ST,HOUSTON,TX,77056,US,Crude Oil,"LOUISIANA, OCS-Gulf of America",,18.26,0,18.26,0,8033012,0,0,0,0.000,0.000,0,0.000,0.000,0,0,0,0,0,0,0,0,18.26,0,0,0,0,18.26,0,18.26,0,0,0,0,18.26,0,0,0,0,0,0,0,0,0,0,0,0,0,0,0,0,0,0,0,0,0,0,0,0,0,0,0,0,0,0,8.82,0,8.82,8.82,8.82,0,SUPPLEMENTAL,1/28/2026,4/28/2026,7000-1.1 (Rev. 04-2023)
9/1/2026,2025,20260437,23043,40921,BEAUMONT NEW AMMONIA LLC,1500 POST OAK BVD.,HOUSTON,TX,77056,US,HVL,,TEXAS,,1.37,1.37,,,,,,,,,25341.000,,0,1.37,0,0,0,0,1.37,0,0,0,0,0,0,0,0,1.37,0,0,0,0,1.37,0,0,0,0,0,0,0,0,0,0,0,0,0,0,0,0,0,0,0,0,0,0,0,0,0,0,0,0,0,0,1.37,0,1.37,1.37,1.37,0,INITIAL,6/11/2026,6/11/2026,7000-1.1 (Rev. 04-2023)
9/1/2026,2025,20260378,22984,40932,NATURAL RESOURCES WORLDWIDE LLC,4514 COLE AVE,DALLAS,TX,75205,US,Crude Oil,LOUISIANA,,0,0,0,,,,,,,,,,,0,2.45,0,0,0,0,2.45,0,7.94,0,0,0,0,7.94,0,10.39,0,0,0,0,10.39,0,0,0,0,0,0,0,0,0,0,0,0,0,0,0,0,0,0,0,0,0,0,0,0,0,0,0,0,0,0,0,0,0,0,0,0,INITIAL,6/10/2026,6/10/2026,7000-1.1 (Rev. 04-2023)
9/1/2026,2025,20260189,22787,40946,"LEA MIDSTREAM, LLC",3500 MAPLE AVE STE 700,DALLAS,TX,75219,US,HVL,,NEW MEXICO,,0,0,,,,,,,,,3226493.000,,0,7.72,0,0,0,0,7.72,0,0,0,0,0,0,0,0,7.72,0,0,0,0,7.72,0,0,0,0,0,0,0,0,0,0,0,0,0,0,0,0,0,0,0,0,0,0,0,0,0,0,0,0,0,0,7.72,0,7.72,7.72,7.72,0,INITIAL,6/1/2026,6/1/2026,7000-1.1 (Rev. 04-2023)
9/1/2026,2025,20260071,23403,40951,CANYON CROSSING LLC,3625 N HALL STREET STE 900,DALLAS,TX,75219,US,Crude Oil,"OKLAHOMA, TEXAS",,,104.61,104.61,,,,,,,39327800.000,,,,0,442.59,0,0,0,0,442.59,0,0,0,0,0,0,0,0,442.59,0,0,0,0,442.59,0,0,0,0,0,0,0,0,0,0,0,0,0,0,0,0,0,0,0,0,0,0,0,0,0,0,0,184.65,0,184.65,257.94,0,257.94,442.59,442.59,0,SUPPLEMENTAL,4/1/2026,8/27/2026,7000-1.1 (Rev. 04-2023)
9/1/2026,2025,20260393,22999,40952,EDGEWATER MIDSTREAM PASADENA LLC,1300 POST OAK BLVD,HOUSTON,TX,77056,US,Refined and/or Petroleum Product (non-HVL),TEXAS,TEXAS,,37.41,37.41,,,,,,,,,,43088773.000,0,37.41,0,0,0,0,37.41,0,0,0,0,0,0,0,0,37.41,0,0,0,0,37.41,0,0,0,0,0,0,0,0,0,0,0,0,0,0,0,0.65,0,0.65,0,0,0,20.53,0,20.53,2.33,0,2.33,3.01,0,3.01,0,0,0,26.52,26.52,0,INITIAL,6/10/2026,6/10/2026,7000-1.1 (Rev. 04-2023)
9/1/2026,2025,20260371,22977,40971,PACIFIC PIPELINE SYSTEM LLC,333 CLAY STREET STE 1600,HOUSTON,TX,77002,US,Crude Oil,,CALIFORNIA,,212.15,212.15,,,,,,0.000,424851271.000,0,0.000,0.000,2.49,340.13,0,0,0,76.68,419.3,0,0,0,0,0,0,0,2.49,340.13,0,0,0,76.68,419.3,0,0,0,0,0,0,0,0,0,0,94.06,94.06,0,34.72,34.72,6.8,0,6.8,15.48,0,15.48,132.12,0,132.12,14.49,0,14.49,8.12,0,8.12,0.9,0,0.9,306.69,177.91,128.78,INITIAL,6/10/2026,6/10/2026,7000-1.1 (Rev. 04-2023)
9/1/2026,2025,20260366,23397,40972,PLAINS MARKETING CA LLC,333 CLAY STREET STE 1900,HOUSTON,TX,77002,US,Crude Oil,,CALIFORNIA,,32.42,32.42,,,,,,0.000,860543476.000,0,0.000,0.000,0.32,154.11,0,0,0,3.91,158.34,0,0,0,0,0,0,0,0.32,154.11,0,0,0,3.91,158.34,0,0,0,0,0,0,0,0.13,0.13,0,0,0,0,0,0,0,0,0,30.97,0,30.97,37.41,0,37.41,2.88,0,2.88,16.09,0,16.09,0,0,0,87.48,87.35,0.13,SUPPLEMENTAL,6/10/2026,8/20/2026,7000-1.1 (Rev. 04-2023)
9/1/2026,2025,20260402,23008,40972,PLAINS MARKETING CA LLC,333 CLAY STREET STE 1900,HOUSTON,TX,77002,US,HVL,,CALIFORNIA,,13.18,13.18,,,,,,0.000,0.000,0,31209273.000,0.000,0,43.08,0,0,0,0,43.08,0,0,0,0,0,0,0,0,43.08,0,0,0,0,43.08,0,0,0,0,0,0,0,0,0,0,0,0,0,0,0,0,0,0,0,0,0,0,0,0,0,0,0,38.89,0,38.89,0,0,0,38.89,38.89,0,INITIAL,6/11/2026,6/11/2026,7000-1.1 (Rev. 04-2023)
9/1/2026,2025,20260434,23040,40983,WHITING OIL AND GAS COPORATION LLC,1001 FANNIN SUITE 1500,HOUSTON,TX,77002,US,Crude Oil,,NORTH DAKOTA,,,0,,,,,,,,,,,0,0,0,0,0,0,0,0,0,0,0,0,0,0,0,0,0,0,0,0,0,0,0,0,0,0,0,0,0,0,0,0,0,0,0,0,0,0,0,0,0,0,0,0,0,0,0,0,0,0,0,0,0,0,0,0,0,INITIAL,6/11/2026,6/11/2026,7000-1.1 (Rev. 04-2023)
9/1/2026,2025,20260097,22679,40990,SURGE OPERATING LLC,11330 CLAY RD,HOUSTON,TX,77041,US,Crude Oil,,TEXAS,,,0,,,,,,,,,,,0,0,0,0,0,0,0,0,0,0,0,0,0,0,0,0,0,0,0,0,0,0,0,0,0,0,0,0,0,0,0,0,0,0,0,0,0,0,0,0,0,0,0,0,0,0,0,0,0,0,0,0,0,0,0,0,0,INITIAL,4/28/2026,4/28/2026,7000-1.1 (Rev. 04-2023)
9/1/2026,2025,20260031,22598,40994,LONGHORN MIDSTREAM VENTURES LLC,5914 W COURTYARD DR STE 340,AUSTIN,TX,78730,US,Crude Oil,,TEXAS,,,0,,,,,,,,,,,0,0,0,0,0,0,0,0,0,0,0,0,0,0,0,0,0,0,0,0,0,0,0,0,0,0,0,0,0,0,0,0,0,0,0,0,0,0,0,0,0,0,0,0,0,0,0,0,0,0,0,0,0,0,0,0,0,INITIAL,3/2/2026,3/2/2026,7000-1.1 (Rev. 04-2023)
9/1/2026,2025,20260346,22948,40996,MAIN PASS OIL GATHERING COMPANY LLC,1501 MCKINNEY ST,HOUSTON,TX,77010,US,Crude Oil,"LOUISIANA, OCS-Gulf of America",,85.4,0.14,85.54,0,1992321150,0,0,0,0.000,1992321150.000,0,0.000,0.000,0,0.14,0,0,0,0,0.14,0,85.4,0,0,0,0,85.4,0,85.54,0,0,0,0,85.54,0,0,0,0,0,0,0,0,0,0,0,0,0,0,0,0,0,0,0,0,0,79.81,0,79.81,0,0,0,0,0,0,5.73,0,5.73,85.54,85.54,0,INITIAL,6/9/2026,6/9/2026,7000-1.1 (Rev. 04-2023)
9/1/2026,2025,20260179,22775,41030,TIVOLI MIDSTREAM LLC,PO BOX 2249,ALVIN,TX,77512,US,HVL,,TEXAS,,78.68,78.68,,,,,,,,,1300608.000,,0,90.8,0,0,0,0,90.8,0,0,0,0,0,0,0,0,90.8,0,0,0,0,90.8,0,0,0,0,0,0,0,0,0,0,0,0,0,0,0,0,0,0,0,0,0,0,0,0,0,0,0,0,0,0,0,0,0,0,0,0,INITIAL,6/1/2026,6/1/2026,7000-1.1 (Rev. 04-2023)
9/1/2026,2025,20260350,22953,41036,MOONRISE MIDSTREAM LLC,910 LOUISIANA ST,HOUSTON,TX,77002,US,Crude Oil,,COLORADO,,0,0,,,,,,,2244330.000,,,,0,11.13,0,0,0,0,11.13,0,0,0,0,0,0,0,0,11.13,0,0,0,0,11.13,0,0,0,0,0,0,0,0,0,0,0,0,0,0,0,0,0,0,0,0,0,0,0,0,0,0,0,11.13,0,11.13,0,0,0,11.13,11.13,0,INITIAL,6/9/2026,6/9/2026,7000-1.1 (Rev. 04-2023)
9/1/2026,2025,20260276,22877,41036,MOONRISE MIDSTREAM LLC,910 LOUISIANA ST,HOUSTON,TX,77002,US,HVL,,COLORADO,,0,0,,,,,,,,,1151328.000,,0,0.12,0,0,0,0,0.12,0,0,0,0,0,0,0,0,0.12,0,0,0,0,0.12,0,0,0,0,0,0,0,0,0,0,0,0,0,0,0,0,0,0,0,0,0,0,0,0,0,0,0,0.12,0,0.12,0,0,0,0.12,0.12,0,INITIAL,6/4/2026,6/4/2026,7000-1.1 (Rev. 04-2023)
9/1/2026,2025,20260245,22844,41041,HEP OLEFINS LP,16211 LA CANTERA PKWY,SAN ANTONIO,TX,78256,US,HVL,,TEXAS,,10.936,10.936,,,,,,,,,15314960143.000,,0,119.15,0,0,0,0,119.15,0,0,0,0,0,0,0,0,119.15,0,0,0,0,119.15,0,0,0,0,0,0,0,0,0,0,0,0,0,0,0,0,0,0,0,0,0,0,0,0,0,0,0,0,0,0,0,0,0,0,0,0,INITIAL,6/3/2026,6/3/2026,7000-1.1 (Rev. 04-2023)
9/1/2026,2025,20260226,22825,41047,SAN MATEO WOLF PIPELINE LLC,5400 LBJ FREEWAY SUITE 1500,DALLAS,TX,75240,US,Crude Oil,,TEXAS,,,0,,,,,,,,,,,0,0,0,0,0,0,0,0,0,0,0,0,0,0,0,0,0,0,0,0,0,0,0,0,0,0,0,0,0,0,0,0,0,0,0,0,0,0,0,0,0,0,0,0,0,0,0,0,0,0,0,0,0,0,0,0,0,INITIAL,6/3/2026,6/3/2026,7000-1.1 (Rev. 04-2023)
9/1/2026,2025,20260020,22580,41051,TBM CATARINA LLC,425 HOUSTON STREET STE 400,FORT WORTH,TX,76102,US,Crude Oil,,TEXAS,,,0,,,,,,,,,,,0,0,0,0,0,0,0,0,0,0,0,0,0,0,0,0,0,0,0,0,0,0,0,0,0,0,0,0,0,0,0,0,0,0,0,0,0,0,0,0,0,0,0,0,0,0,0,0,0,0,0,0,0,0,0,0,0,INITIAL,2/5/2026,2/5/2026,7000-1.1 (Rev. 04-2023)
9/1/2026,2025,20260102,22685,41056,TALOS RESOURCES LLC,333 CLAY STREET,HOUSTON,TX,77002,US,Crude Oil,"LOUISIANA, OCS-Gulf of America",,27.52,1.73,29.25,,32967840,,,,,,,,,0,1.73,0,0,0,0,1.73,0,27.52,0,0,0,0,27.52,0,29.25,0,0,0,0,29.25,0,0,0,0,0,0,0,0,0,0,0,0,0,0,0,0,0,0,0,0,0,0,0,0,0,0,0,0,0,0,0,0,0,0,0,0,INITIAL,5/5/2026,5/5/2026,7000-1.1 (Rev. 04-2023)
9/1/2026,2025,20260673,23284,41071,VERDUN OIL EF II LLC,945 BUNKER HILL ROAD,HOUSTON,TX,77024,US,Crude Oil,,TEXAS,0,0,0,,,,,,,,,,,0,0,0,0,0,0,0,0,0,0,0,0,0,0,0,0,0,0,0,0,0,0,0,0,0,0,0,0,0,0,0,0,0,0,0,0,0,0,0,0,0,0,0,0,0,0,0,0,0,0,0,0,0,0,0,0,0,INITIAL,6/15/2026,6/15/2026,7000-1.1 (Rev. 04-2023)
9/1/2026,2025,20260029,22595,41115,SABALO II OPERATING LLC,800 N SHORELINE BLVD STE 900,CORPUS CHRISTI,TX,78401,US,Crude Oil,,TEXAS,,,0,,,,,,,,,,,0,0,0,0,0,0,0,0,0,0,0,0,0,0,0,0,0,0,0,0,0,0,0,0,0,0,0,0,0,0,0,0,0,0,0,0,0,0,0,0,0,0,0,0,0,0,0,0,0,0,0,0,0,0,0,0,0,INITIAL,3/2/2026,3/2/2026,7000-1.1 (Rev. 04-2023)
9/1/2026,2025,20260734,23380,41118,HIGHMARK ENERGY OPERATING LLC,PO BOX 225035,DALLAS,TX,75222,US,HVL,,LOUISIANA,,0,0,,,,,,,,,1937892.000,,0,12.1,0,0,0,0,12.1,0,0,0,0,0,0,0,0,12.1,0,0,0,0,12.1,0,0,0,0,0,0,0,0,0,0,0,0,0,0,0,0,0,0,0,0,0,0,0,0,0,0,0,0,0,0,0,0,0,0,0,0,INITIAL,7/24/2026,7/24/2026,7000-1.1 (Rev. 04-2023)
9/1/2026,2025,20260063,22634,41127,MORIAH OPERATING LLC,303 W WALL STREET SUITE 2400,MIDLAND,TX,79701,US,Crude Oil,,TEXAS,,0,0,,,,,,,,,,,0,0,0,0,0,0,0,0,0,0,0,0,0,0,0,0,0,0,0,0,0,0,0,0,0,0,0,0,0,0,0,0,0,0,0,0,0,0,0,0,0,0,0,0,0,0,0,0,0,0,0,0,0,0,0,0,0,INITIAL,3/13/2026,3/13/2026,7000-1.1 (Rev. 04-2023)
9/1/2026,2025,20260501,23107,41140,AETHEL ENERGY OPCO LLC,11757 KATY FREEWAY SUITE 400,HOUSTON,TX,77079,US,Crude Oil,,WYOMING,,0,0,,,,,,,2737431.000,,,,0,30.91,0,0,0,0,30.91,0,0,0,0,0,0,0,0,30.91,0,0,0,0,30.91,0,0,0,0,0,0,0,0,0,0,0,0,0,30.91,30.91,0,0,0,0,0,0,0,0,0,0,0,0,0,0,0,0,0,0,30.91,0,30.91,INITIAL,6/12/2026,6/12/2026,7000-1.1 (Rev. 04-2023)
9/1/2026,2025,20260497,23103,41141,AETHEL ENERGY OPCO LLC,11757 KATY FREEWAY SUITE 400,HOUSTON,TX,77079,US,CO2,,WYOMING,,0,0,,,,,,2197202610.000,,,,,0,155,0,0,0,0,155,0,0,0,0,0,0,0,0,155,0,0,0,0,155,0,0,0,0,0,0,0,0,0,0,0,0,0,0,0,0,0,0,0,0,0,0,0,0,155,0,155,0,0,0,0,0,0,155,155,0,INITIAL,6/12/2026,6/12/2026,7000-1.1 (Rev. 04-2023)
9/1/2026,2025,20260164,22757,99001,DEFENSE FUEL SUPPLY POINT,DEFENSE LOGISTICS AGENCY-ENERGY,FORT BELVOIR,VA,22060,US,Refined and/or Petroleum Product (non-HVL),,SOUTH CAROLINA,,4.72,4.72,,,,,,0.000,0.000,0,0.000,2920890.000,0,4.72,0,0,0,0,4.72,0,0,0,0,0,0,0,0,4.72,0,0,0,0,4.72,0,0,0,0,0,0,0,0,0,0,0,0,0,0.53,0.53,0,0,0,0,0,0,0,0,0,0,0,0,0,0,0,0,0,0,0.53,0,0.53,INITIAL,5/27/2026,5/27/2026,7000-1.1 (Rev. 04-2023)
9/1/2026,2025,20260478,23084,99002,TAMPA AIRPORT PIPELINE CORPORATION,P. O. Box 15770,Sarasota,FL,34277,US,Refined and/or Petroleum Product (non-HVL),,FLORIDA,,10.5,10.5,,,,,,,,,,37587239.000,0,10.5,0,0,0,0,10.5,0,0,0,0,0,0,0,0,10.5,0,0,0,0,10.5,0,0,0,0,0,0,0,0,0,0,0,0,0,0,0,8.981,0,8.981,0,0,0,0,0,0,0,0,0,0.77,0,0.77,0.749,0,0.749,10.5,10.5,0,INITIAL,6/12/2026,6/12/2026,7000-1.1 (Rev. 04-2023)
9/1/2026,2025,20260197,22795,99031,CITGO PETROLEUM CORPORATION (TERMINALS),1293 ELDRIDGE PARKWAY,Houston,TX,77077,US,HVL,,INDIANA,,2.732,2.732,,,,,,,,,219302.000,160150.000,0,2.732,0,0,0,0,2.732,0,0,0,0,0,0,0,0,2.732,0,0,0,0,2.732,0,0,0,0,0,0,0,0,0,0,0,0,0,2.715,2.715,0,0,0,0,0,0,0,0,0,0.004,0,0.004,0,0,0,0.009,0,0.009,2.728,0.013,2.715,INITIAL,6/2/2026,6/2/2026,7000-1.1 (Rev. 04-2023)
9/1/2026,2025,20260198,22796,99031,CITGO PETROLEUM CORPORATION (TERMINALS),1293 ELDRIDGE PARKWAY,Houston,TX,77077,US,Refined and/or Petroleum Product (non-HVL),"INDIANA, NEW JERSEY, OHIO","FLORIDA, ILLINOIS, INDIANA, MICHIGAN, NEW JERSEY, OHIO, TEXAS",,17.825,17.825,,,,,,,,,,62579296.000,0,17.701,0,0.125,0,0,17.826,0,0,0,0,0,0,0,0,17.701,0,0.125,0,0,17.826,0,0.182,0.182,0,0,0,0,3.868,3.868,0,0.255,0.255,0,0.595,0.595,0.797,0,0.797,4.275,0,4.275,0.125,0,0.125,0.146,0,0.146,0.003,0,0.003,1.985,0,1.985,12.231,7.331,4.9,INITIAL,6/2/2026,6/2/2026,7000-1.1 (Rev. 04-2023)
9/1/2026,2025,20260048,22617,99043,PETROLEUM FUEL AND TERMINAL COMPANY,8235 FORSYTH BLVD.,CLAYTON,MO,63105,US,Refined and/or Petroleum Product (non-HVL),,MARYLAND,,3.1,3.1,,,,,,0.000,0.000,0,0.000,0.000,0,3.1,0,0,0,0,3.1,0,0,0,0,0,0,0,0,3.1,0,0,0,0,3.1,0,0,0,0,0,0,0,0,0,0,2.263,2.263,0,0,0,0,0,0,0,0,0,0,0,0,0.007,0,0.007,0.83,0,0.83,0,0,0,3.1,0.837,2.263,INITIAL,3/10/2026,3/10/2026,7000-1.1 (Rev. 04-2023)
,,,,,,,,,,,,,,,,,,,,,,,,,,,,,,,,,,,,,,,,,,,,,,,,,,,,,,,,,,,,,,,,,,,,,,,,,,,,,,,,,,,,,,,
,,,,,,,,,,,,,,,,,,,,,,,,,,,,,,,,,,,,,,,,,,,,,,,,,,,,,,,,,,,,,,,,,,,,,,,,,,,,,,,,,,,,,,,
,,,,,,,,,,,,,,,,,,,,,,,,,,,,,,,,,,,,,,,,,,,,,,,,,,,,,,,,,,,,,,,,,,,,,,,,,,,,,,,,,,,,,,,
,,,,,,,,,,,,,,,,,,,,,,,,,,,,,,,,,,,,,,,,,,,,,,,,,,,,,,,,,,,,,,,,,,,,,,,,,,,,,,,,,,,,,,,
,,,,,,,,,,,,,,,,,,,,,,,,,,,,,,,,,,,,,,,,,,,,,,,,,,,,,,,,,,,,,,,,,,,,,,,,,,,,,,,,,,,,,,,
,,,,,,,,,,,,,,,,,,,,,,,,,,,,,,,,,,,,,,,,,,,,,,,,,,,,,,,,,,,,,,,,,,,,,,,,,,,,,,,,,,,,,,,
,,,,,,,,,,,,,,,,,,,,,,,,,,,,,,,,,,,,,,,,,,,,,,,,,,,,,,,,,,,,,,,,,,,,,,,,,,,,,,,,,,,,,,,
,,,,,,,,,,,,,,,,,,,,,,,,,,,,,,,,,,,,,,,,,,,,,,,,,,,,,,,,,,,,,,,,,,,,,,,,,,,,,,,,,,,,,,,
,,,,,,,,,,,,,,,,,,,,,,,,,,,,,,,,,,,,,,,,,,,,,,,,,,,,,,,,,,,,,,,,,,,,,,,,,,,,,,,,,,,,,,,
,,,,,,,,,,,,,,,,,,,,,,,,,,,,,,,,,,,,,,,,,,,,,,,,,,,,,,,,,,,,,,,,,,,,,,,,,,,,,,,,,,,,,,,
,,,,,,,,,,,,,,,,,,,,,,,,,,,,,,,,,,,,,,,,,,,,,,,,,,,,,,,,,,,,,,,,,,,,,,,,,,,,,,,,,,,,,,,
,,,,,,,,,,,,,,,,,,,,,,,,,,,,,,,,,,,,,,,,,,,,,,,,,,,,,,,,,,,,,,,,,,,,,,,,,,,,,,,,,,,,,,,
,,,,,,,,,,,,,,,,,,,,,,,,,,,,,,,,,,,,,,,,,,,,,,,,,,,,,,,,,,,,,,,,,,,,,,,,,,,,,,,,,,,,,,,
,,,,,,,,,,,,,,,,,,,,,,,,,,,,,,,,,,,,,,,,,,,,,,,,,,,,,,,,,,,,,,,,,,,,,,,,,,,,,,,,,,,,,,,
,,,,,,,,,,,,,,,,,,,,,,,,,,,,,,,,,,,,,,,,,,,,,,,,,,,,,,,,,,,,,,,,,,,,,,,,,,,,,,,,,,,,,,,
,,,,,,,,,,,,,,,,,,,,,,,,,,,,,,,,,,,,,,,,,,,,,,,,,,,,,,,,,,,,,,,,,,,,,,,,,,,,,,,,,,,,,,,
,,,,,,,,,,,,,,,,,,,,,,,,,,,,,,,,,,,,,,,,,,,,,,,,,,,,,,,,,,,,,,,,,,,,,,,,,,,,,,,,,,,,,,,
,,,,,,,,,,,,,,,,,,,,,,,,,,,,,,,,,,,,,,,,,,,,,,,,,,,,,,,,,,,,,,,,,,,,,,,,,,,,,,,,,,,,,,,
,,,,,,,,,,,,,,,,,,,,,,,,,,,,,,,,,,,,,,,,,,,,,,,,,,,,,,,,,,,,,,,,,,,,,,,,,,,,,,,,,,,,,,,
,,,,,,,,,,,,,,,,,,,,,,,,,,,,,,,,,,,,,,,,,,,,,,,,,,,,,,,,,,,,,,,,,,,,,,,,,,,,,,,,,,,,,,,
,,,,,,,,,,,,,,,,,,,,,,,,,,,,,,,,,,,,,,,,,,,,,,,,,,,,,,,,,,,,,,,,,,,,,,,,,,,,,,,,,,,,,,,
,,,,,,,,,,,,,,,,,,,,,,,,,,,,,,,,,,,,,,,,,,,,,,,,,,,,,,,,,,,,,,,,,,,,,,,,,,,,,,,,,,,,,,,
,,,,,,,,,,,,,,,,,,,,,,,,,,,,,,,,,,,,,,,,,,,,,,,,,,,,,,,,,,,,,,,,,,,,,,,,,,,,,,,,,,,,,,,
,,,,,,,,,,,,,,,,,,,,,,,,,,,,,,,,,,,,,,,,,,,,,,,,,,,,,,,,,,,,,,,,,,,,,,,,,,,,,,,,,,,,,,,
,,,,,,,,,,,,,,,,,,,,,,,,,,,,,,,,,,,,,,,,,,,,,,,,,,,,,,,,,,,,,,,,,,,,,,,,,,,,,,,,,,,,,,,
,,,,,,,,,,,,,,,,,,,,,,,,,,,,,,,,,,,,,,,,,,,,,,,,,,,,,,,,,,,,,,,,,,,,,,,,,,,,,,,,,,,,,,,
,,,,,,,,,,,,,,,,,,,,,,,,,,,,,,,,,,,,,,,,,,,,,,,,,,,,,,,,,,,,,,,,,,,,,,,,,,,,,,,,,,,,,,,
,,,,,,,,,,,,,,,,,,,,,,,,,,,,,,,,,,,,,,,,,,,,,,,,,,,,,,,,,,,,,,,,,,,,,,,,,,,,,,,,,,,,,,,
,,,,,,,,,,,,,,,,,,,,,,,,,,,,,,,,,,,,,,,,,,,,,,,,,,,,,,,,,,,,,,,,,,,,,,,,,,,,,,,,,,,,,,,
,,,,,,,,,,,,,,,,,,,,,,,,,,,,,,,,,,,,,,,,,,,,,,,,,,,,,,,,,,,,,,,,,,,,,,,,,,,,,,,,,,,,,,,
,,,,,,,,,,,,,,,,,,,,,,,,,,,,,,,,,,,,,,,,,,,,,,,,,,,,,,,,,,,,,,,,,,,,,,,,,,,,,,,,,,,,,,,
,,,,,,,,,,,,,,,,,,,,,,,,,,,,,,,,,,,,,,,,,,,,,,,,,,,,,,,,,,,,,,,,,,,,,,,,,,,,,,,,,,,,,,,
,,,,,,,,,,,,,,,,,,,,,,,,,,,,,,,,,,,,,,,,,,,,,,,,,,,,,,,,,,,,,,,,,,,,,,,,,,,,,,,,,,,,,,,
,,,,,,,,,,,,,,,,,,,,,,,,,,,,,,,,,,,,,,,,,,,,,,,,,,,,,,,,,,,,,,,,,,,,,,,,,,,,,,,,,,,,,,,
,,,,,,,,,,,,,,,,,,,,,,,,,,,,,,,,,,,,,,,,,,,,,,,,,,,,,,,,,,,,,,,,,,,,,,,,,,,,,,,,,,,,,,,
,,,,,,,,,,,,,,,,,,,,,,,,,,,,,,,,,,,,,,,,,,,,,,,,,,,,,,,,,,,,,,,,,,,,,,,,,,,,,,,,,,,,,,,
,,,,,,,,,,,,,,,,,,,,,,,,,,,,,,,,,,,,,,,,,,,,,,,,,,,,,,,,,,,,,,,,,,,,,,,,,,,,,,,,,,,,,,,
,,,,,,,,,,,,,,,,,,,,,,,,,,,,,,,,,,,,,,,,,,,,,,,,,,,,,,,,,,,,,,,,,,,,,,,,,,,,,,,,,,,,,,,
,,,,,,,,,,,,,,,,,,,,,,,,,,,,,,,,,,,,,,,,,,,,,,,,,,,,,,,,,,,,,,,,,,,,,,,,,,,,,,,,,,,,,,,
,,,,,,,,,,,,,,,,,,,,,,,,,,,,,,,,,,,,,,,,,,,,,,,,,,,,,,,,,,,,,,,,,,,,,,,,,,,,,,,,,,,,,,,
,,,,,,,,,,,,,,,,,,,,,,,,,,,,,,,,,,,,,,,,,,,,,,,,,,,,,,,,,,,,,,,,,,,,,,,,,,,,,,,,,,,,,,,
,,,,,,,,,,,,,,,,,,,,,,,,,,,,,,,,,,,,,,,,,,,,,,,,,,,,,,,,,,,,,,,,,,,,,,,,,,,,,,,,,,,,,,,
,,,,,,,,,,,,,,,,,,,,,,,,,,,,,,,,,,,,,,,,,,,,,,,,,,,,,,,,,,,,,,,,,,,,,,,,,,,,,,,,,,,,,,,
,,,,,,,,,,,,,,,,,,,,,,,,,,,,,,,,,,,,,,,,,,,,,,,,,,,,,,,,,,,,,,,,,,,,,,,,,,,,,,,,,,,,,,,
,,,,,,,,,,,,,,,,,,,,,,,,,,,,,,,,,,,,,,,,,,,,,,,,,,,,,,,,,,,,,,,,,,,,,,,,,,,,,,,,,,,,,,,
,,,,,,,,,,,,,,,,,,,,,,,,,,,,,,,,,,,,,,,,,,,,,,,,,,,,,,,,,,,,,,,,,,,,,,,,,,,,,,,,,,,,,,,
,,,,,,,,,,,,,,,,,,,,,,,,,,,,,,,,,,,,,,,,,,,,,,,,,,,,,,,,,,,,,,,,,,,,,,,,,,,,,,,,,,,,,,,
,,,,,,,,,,,,,,,,,,,,,,,,,,,,,,,,,,,,,,,,,,,,,,,,,,,,,,,,,,,,,,,,,,,,,,,,,,,,,,,,,,,,,,,
,,,,,,,,,,,,,,,,,,,,,,,,,,,,,,,,,,,,,,,,,,,,,,,,,,,,,,,,,,,,,,,,,,,,,,,,,,,,,,,,,,,,,,,
,,,,,,,,,,,,,,,,,,,,,,,,,,,,,,,,,,,,,,,,,,,,,,,,,,,,,,,,,,,,,,,,,,,,,,,,,,,,,,,,,,,,,,,
,,,,,,,,,,,,,,,,,,,,,,,,,,,,,,,,,,,,,,,,,,,,,,,,,,,,,,,,,,,,,,,,,,,,,,,,,,,,,,,,,,,,,,,
,,,,,,,,,,,,,,,,,,,,,,,,,,,,,,,,,,,,,,,,,,,,,,,,,,,,,,,,,,,,,,,,,,,,,,,,,,,,,,,,,,,,,,,
,,,,,,,,,,,,,,,,,,,,,,,,,,,,,,,,,,,,,,,,,,,,,,,,,,,,,,,,,,,,,,,,,,,,,,,,,,,,,,,,,,,,,,,
,,,,,,,,,,,,,,,,,,,,,,,,,,,,,,,,,,,,,,,,,,,,,,,,,,,,,,,,,,,,,,,,,,,,,,,,,,,,,,,,,,,,,,,
,,,,,,,,,,,,,,,,,,,,,,,,,,,,,,,,,,,,,,,,,,,,,,,,,,,,,,,,,,,,,,,,,,,,,,,,,,,,,,,,,,,,,,,
,,,,,,,,,,,,,,,,,,,,,,,,,,,,,,,,,,,,,,,,,,,,,,,,,,,,,,,,,,,,,,,,,,,,,,,,,,,,,,,,,,,,,,,
,,,,,,,,,,,,,,,,,,,,,,,,,,,,,,,,,,,,,,,,,,,,,,,,,,,,,,,,,,,,,,,,,,,,,,,,,,,,,,,,,,,,,,,
,,,,,,,,,,,,,,,,,,,,,,,,,,,,,,,,,,,,,,,,,,,,,,,,,,,,,,,,,,,,,,,,,,,,,,,,,,,,,,,,,,,,,,,
,,,,,,,,,,,,,,,,,,,,,,,,,,,,,,,,,,,,,,,,,,,,,,,,,,,,,,,,,,,,,,,,,,,,,,,,,,,,,,,,,,,,,,,
,,,,,,,,,,,,,,,,,,,,,,,,,,,,,,,,,,,,,,,,,,,,,,,,,,,,,,,,,,,,,,,,,,,,,,,,,,,,,,,,,,,,,,,
,,,,,,,,,,,,,,,,,,,,,,,,,,,,,,,,,,,,,,,,,,,,,,,,,,,,,,,,,,,,,,,,,,,,,,,,,,,,,,,,,,,,,,,
,,,,,,,,,,,,,,,,,,,,,,,,,,,,,,,,,,,,,,,,,,,,,,,,,,,,,,,,,,,,,,,,,,,,,,,,,,,,,,,,,,,,,,,
,,,,,,,,,,,,,,,,,,,,,,,,,,,,,,,,,,,,,,,,,,,,,,,,,,,,,,,,,,,,,,,,,,,,,,,,,,,,,,,,,,,,,,,
,,,,,,,,,,,,,,,,,,,,,,,,,,,,,,,,,,,,,,,,,,,,,,,,,,,,,,,,,,,,,,,,,,,,,,,,,,,,,,,,,,,,,,,
,,,,,,,,,,,,,,,,,,,,,,,,,,,,,,,,,,,,,,,,,,,,,,,,,,,,,,,,,,,,,,,,,,,,,,,,,,,,,,,,,,,,,,,
,,,,,,,,,,,,,,,,,,,,,,,,,,,,,,,,,,,,,,,,,,,,,,,,,,,,,,,,,,,,,,,,,,,,,,,,,,,,,,,,,,,,,,,
,,,,,,,,,,,,,,,,,,,,,,,,,,,,,,,,,,,,,,,,,,,,,,,,,,,,,,,,,,,,,,,,,,,,,,,,,,,,,,,,,,,,,,,
,,,,,,,,,,,,,,,,,,,,,,,,,,,,,,,,,,,,,,,,,,,,,,,,,,,,,,,,,,,,,,,,,,,,,,,,,,,,,,,,,,,,,,,
,,,,,,,,,,,,,,,,,,,,,,,,,,,,,,,,,,,,,,,,,,,,,,,,,,,,,,,,,,,,,,,,,,,,,,,,,,,,,,,,,,,,,,,
,,,,,,,,,,,,,,,,,,,,,,,,,,,,,,,,,,,,,,,,,,,,,,,,,,,,,,,,,,,,,,,,,,,,,,,,,,,,,,,,,,,,,,,
,,,,,,,,,,,,,,,,,,,,,,,,,,,,,,,,,,,,,,,,,,,,,,,,,,,,,,,,,,,,,,,,,,,,,,,,,,,,,,,,,,,,,,,
,,,,,,,,,,,,,,,,,,,,,,,,,,,,,,,,,,,,,,,,,,,,,,,,,,,,,,,,,,,,,,,,,,,,,,,,,,,,,,,,,,,,,,,
,,,,,,,,,,,,,,,,,,,,,,,,,,,,,,,,,,,,,,,,,,,,,,,,,,,,,,,,,,,,,,,,,,,,,,,,,,,,,,,,,,,,,,,
,,,,,,,,,,,,,,,,,,,,,,,,,,,,,,,,,,,,,,,,,,,,,,,,,,,,,,,,,,,,,,,,,,,,,,,,,,,,,,,,,,,,,,,
,,,,,,,,,,,,,,,,,,,,,,,,,,,,,,,,,,,,,,,,,,,,,,,,,,,,,,,,,,,,,,,,,,,,,,,,,,,,,,,,,,,,,,,
,,,,,,,,,,,,,,,,,,,,,,,,,,,,,,,,,,,,,,,,,,,,,,,,,,,,,,,,,,,,,,,,,,,,,,,,,,,,,,,,,,,,,,,
,,,,,,,,,,,,,,,,,,,,,,,,,,,,,,,,,,,,,,,,,,,,,,,,,,,,,,,,,,,,,,,,,,,,,,,,,,,,,,,,,,,,,,,
,,,,,,,,,,,,,,,,,,,,,,,,,,,,,,,,,,,,,,,,,,,,,,,,,,,,,,,,,,,,,,,,,,,,,,,,,,,,,,,,,,,,,,,
,,,,,,,,,,,,,,,,,,,,,,,,,,,,,,,,,,,,,,,,,,,,,,,,,,,,,,,,,,,,,,,,,,,,,,,,,,,,,,,,,,,,,,,
,,,,,,,,,,,,,,,,,,,,,,,,,,,,,,,,,,,,,,,,,,,,,,,,,,,,,,,,,,,,,,,,,,,,,,,,,,,,,,,,,,,,,,,
,,,,,,,,,,,,,,,,,,,,,,,,,,,,,,,,,,,,,,,,,,,,,,,,,,,,,,,,,,,,,,,,,,,,,,,,,,,,,,,,,,,,,,,
,,,,,,,,,,,,,,,,,,,,,,,,,,,,,,,,,,,,,,,,,,,,,,,,,,,,,,,,,,,,,,,,,,,,,,,,,,,,,,,,,,,,,,,
,,,,,,,,,,,,,,,,,,,,,,,,,,,,,,,,,,,,,,,,,,,,,,,,,,,,,,,,,,,,,,,,,,,,,,,,,,,,,,,,,,,,,,,
,,,,,,,,,,,,,,,,,,,,,,,,,,,,,,,,,,,,,,,,,,,,,,,,,,,,,,,,,,,,,,,,,,,,,,,,,,,,,,,,,,,,,,,
,,,,,,,,,,,,,,,,,,,,,,,,,,,,,,,,,,,,,,,,,,,,,,,,,,,,,,,,,,,,,,,,,,,,,,,,,,,,,,,,,,,,,,,
,,,,,,,,,,,,,,,,,,,,,,,,,,,,,,,,,,,,,,,,,,,,,,,,,,,,,,,,,,,,,,,,,,,,,,,,,,,,,,,,,,,,,,,
,,,,,,,,,,,,,,,,,,,,,,,,,,,,,,,,,,,,,,,,,,,,,,,,,,,,,,,,,,,,,,,,,,,,,,,,,,,,,,,,,,,,,,,
,,,,,,,,,,,,,,,,,,,,,,,,,,,,,,,,,,,,,,,,,,,,,,,,,,,,,,,,,,,,,,,,,,,,,,,,,,,,,,,,,,,,,,,
,,,,,,,,,,,,,,,,,,,,,,,,,,,,,,,,,,,,,,,,,,,,,,,,,,,,,,,,,,,,,,,,,,,,,,,,,,,,,,,,,,,,,,,
,,,,,,,,,,,,,,,,,,,,,,,,,,,,,,,,,,,,,,,,,,,,,,,,,,,,,,,,,,,,,,,,,,,,,,,,,,,,,,,,,,,,,,,
