DATAFILE_AS_OF,REPORT_YEAR,REPORT_NUMBER,SUPPLEMENTAL_NUMBER,OPERATOR_ID,PARTA2NAMEOFCOMP,PARTA5COMMODITY,INTER_INTRA,STATE_NAME,PARTMTCECONHCA,PARTMTLFMCAEC,PARTMTLFCL34EC,PARTMTLFCL12EC,PARTMTCECOFFHCA,PARTMTCECOFFNHCA,PARTMTCECFHCA,PARTMGCECONA,PARTMGCECONB,PARTMGCECONC,PARTMGCECOFF,PARTMTCICONHCA,PARTMTLFMCAIC,PARTMTLFCL34IC,PARTMTLFCL12IC,PARTMTCICOFFHCA,PARTMTCICOFFNHCA,PARTMTCICFHCA,PARTMGCICONA,PARTMGCICONB,PARTMGCICONC,PARTMGCICOFF,PARTMTCSCONHCA,PARTMTLFMCASC,PARTMTLFCL34SC,PARTMTLFCL12SC,PARTMTCSCOFFHCA,PARTMTCSCOFFNHCA,PARTMTCSCFHCA,PARTMGCSCONA,PARTMGCSCONB,PARTMGCSCONC,PARTMGCSCOFF,PARTMTCMONHCA,PARTMTLFMCAMA,PARTMTLFCL34MA,PARTMTLFCL12MA,PARTMTCMOFFHCA,PARTMTCMOFFNHCA,PARTMTCMFHCA,PARTMGCMONA,PARTMGCMONB,PARTMGCMONC,PARTMGCMOFF,PARTMTCCONHCA,PARTMTLFMCACO,PARTMTLFCL34CO,PARTMTLFCL12CO,PARTMTCCOFFHCA,PARTMTCCOFFNHCA,PARTMTCCFHCA,PARTMGCCONA,PARTMGCCONB,PARTMGCCONC,PARTMGCCOFF,PARTMTCEONHCA,PARTMTLFMCAEQ,PARTMTLFCL34EQ,PARTMTLFCL12EQ,PARTMTCEOFFHCA,PARTMTCEOFFNHCA,PARTMTCEFHCA,PARTMGCEONA,PARTMGCEONB,PARTMGCEONC,PARTMGCEOFF,PARTMTCIOONHCA,PARTMTLFMCAIO,PARTMTLFCL34IO,PARTMTLFCL12IO,PARTMTCIOOFFHCA,PARTMTCIOOFFNHCA,PARTMTCIOFHCA,PARTMGCIONA,PARTMGCIONB,PARTMGCIONC,PARTMGCIOFF,PARTMTCEDONHCA,PARTMTPDMCAED,PARTMTPDCL34ED,PARTMTPDCL12ED,PARTMTCEDOFFHCA,PARTMTCEDOFFNHCA,PARTMTCEDFHCA,PARTMGCEDONA,PARTMGCEDONB,PARTMGCEDONC,PARTMGCEDOFF,PARTMTCPDONHCA,PARTMTPDMCAPD,PARTMTPDCL34PD,PARTMTPDCL12PD,PARTMTCPDOFFHCA,PARTMTCPDOFFNHCA,PARTMTCPDFHCA,PARTMGCPDONA,PARTMGCPDONB,PARTMGCPDONC,PARTMGCPDOFF,PARTMTCVONHCA,PARTMTPDMCAVA,PARTMTPDCL34VA,PARTMTPDCL12VA,PARTMTCVOFFHCA,PARTMTCVOFFNHCA,PARTMTCVFHCA,PARTMGCVONA,PARTMGCVONB,PARTMGCVONC,PARTMGCVOFF,PARTMTCNFONHCA,PARTMWRMCANF,PARTMWRCL34NF,PARTMWRCL12NF,PARTMTCNFOFFHCA,PARTMTCNFOFFNHCA,PARTMTCNFFHCA,PARTMGCNFONA,PARTMGCNFONB,PARTMGCNFONC,PARTMGCNFOFF,PARTMTCOOFDONHCA,PARTMWRMCAOF,PARTMWRCL34OF,PARTMWRCL12OF,PARTMTCOOFDOFFHCA,PARTMTCOOFDOFFNHCA,PARTMTCOOFDFHCA,PARTMGCOOFDONA,PARTMGCOOFDONB,PARTMGCOOFDONC,PARTMGCOOFDOFF,PARTMTCOONHCA,PARTMWRMCAOT,PARTMWRCL34OT,PARTMWRCL12OT,PARTMTCOOFFHCA,PARTMTCOOFFNHCA,PARTMTCOFHCA,PARTMGCOOONA,PARTMGCOOONB,PARTMGCOOONC,PARTMGCOOOFF,PARTMTONHCATOT,PARTMTFMCATOT,PARTMTFCLASS34TOT,PARTMTFCLASS12TOT,PARTMTOFFHCATOT,PARTMTFHCATOT,PARTMTOFFNHCATOT,PARTMGONATOT,PARTMGONBTOT,PARTMGONCTOT,PARTMGOFFTOT,PARTMTLSFR,PARTMGLCFR,PARTMTLSRON,PARTMTLSROCS,PARTMGCGLSRONA,PARTMGCGLSRONB,PARTMGCGLSRONC,PARTMGCGLSROCS,PARTMTLSRTOTAL,PARTMGCGLSRTOTAL,PARTMM3TOTAL,PARTM4NOTIFNOCALL,PARTM4NOTIFOUTAREA,PARTM4NOTIFPRIORSTART,PARTM4NOTIFAFTEREXP,PARTM4NOTIFINCINFO,PARTM4NOTIFTOTAL,PARTM4EXCAVTESTHOLE,PARTM4EXCAVCLEARANCE,PARTM4EXCAVPROTSHORE,PARTM4EXCAVBACKFILL,PARTM4MARKFADE,PARTM4EXCAVNOTLISTED,PARTM4EXCAVTOTAL,PARTM4MISCDETER,PARTM4MISCONECALL,PARTM4MISCPREVDAMAGE,PARTM4MISCROOTCAUSE,PARTM4MISCTOTAL,PARTM4LOCABANDON,PARTM4LOCINCORMAP,PARTM4LOCLOCERROR,PARTM4LOCNORESP,PARTM4LOCINCOMP,PARTM4LOCTRACEWIRE,PARTM4LOCUNLOCAT,PARTM4LOCABANMARK,PARTM4LOCMAPMARK,PARTM4LOCLOCMARK,PARTM4LOCTRACEMARK,PARTM4LOCTOTAL,PARTM4TOTDAMAGES,PARTM4TOTTICKETS,PARTM5NOTIFNOCALL,PARTM5NOTIFOUTAREA,PARTM5NOTIFPRIORSTART,PARTM5NOTIFAFTEREXP,PARTM5NOTIFINCINFO,PARTM5NOTIFTOTAL,PARTM5EXCAVTESTHOLE,PARTM5EXCAVCLEARANCE,PARTM5EXCAVPROTSHORE,PARTM5EXCAVBACKFILL,PARTM5MARKFADE,PARTM5EXCAVNOTLISTED,PARTM5EXCAVTOTAL,PARTM5MISCDETER,PARTM5MISCONECALL,PARTM5MISCPREVDAMAGE,PARTM5MISCROOTCAUSE,PARTM5MISCTOTAL,PARTM5LOCABANDON,PARTM5LOCINCORMAP,PARTM5LOCLOCERROR,PARTM5LOCNORESP,PARTM5LOCINCOMP,PARTM5LOCTRACEWIRE,PARTM5LOCUNLOCAT,PARTM5LOCABANMARK,PARTM5LOCMAPMARK,PARTM5LOCLOCMARK,PARTM5LOCTRACEMARK,PARTM5LOCTOTAL,PARTM5TOTDAMAGES,PARTM5TOTTICKETS
9/1/2026,2025,20260896,47892,3,ACADIAN GAS PIPELINE SYSTEM,Natural Gas,INTRASTATE,LOUISIANA,0,0,0,0,,,0,0,0,0,,0,0,0,0,,,0,0,0,0,,0,0,0,0,,,0,0,0,0,,0,0,0,0,,,0,0,0,0,,0,0,0,1,,,0,0,0,0,,0,0,0,6,,,0,0,0,0,,0,0,0,1,,,0,0,0,0,,0,0,0,0,,,0,0,0,0,,0,0,0,0,,,0,0,0,0,,0,0,0,0,,,0,0,0,0,,0,0,0,0,,,0,0,0,0,,0,0,0,0,,,0,0,0,0,,0,0,0,0,,,0,0,0,0,,0,0,0,8,,0,,0,0,0,,0,0,0,,0,0,0,,0,0,0,0,0,0,0,0,0,0,0,0,0,0,0,0,0,0,0,0,0,0,0,0,0,0,0,0,0,0,0,0,0,0,0,0,0,0,0,0,0,0,0,0,0,0,0,0,0,0,0,0,0,0,0,0,0,0,0,0,0,0,0,0,0,0,0
9/1/2026,2025,20260359,47324,117,AIR PRODUCTS & CHEMICALS INC,Hydrogen Gas,INTERSTATE,LOUISIANA,0,0,0,1,0,0,0,0,0,0,0,0,0,0,0,0,0,0,0,0,0,0,0,0,0,0,0,0,0,0,0,0,0,0,0,0,0,0,0,0,0,0,0,0,0,0,0,0,0,0,0,0,0,0,0,0,0,0,0,0,0,0,0,0,0,0,0,0,0,0,0,0,0,0,0,0,0,0,0,0,0,0,0,0,0,0,0,0,0,0,0,0,0,0,0,0,0,0,0,0,0,0,0,0,0,0,0,0,0,0,0,0,0,0,0,0,0,0,0,0,0,0,0,0,0,0,0,0,0,0,0,0,0,0,0,0,0,0,0,0,0,0,0,0,0,0,1,0,0,0,0,0,0,0,0,,0,0,0,0,0,0,0,0,0,0,0,0,0,0,0,0,0,0,0,0,0,0,0,0,0,0,0,0,0,0,0,0,0,0,0,0,0,0,0,0,3660,,,,,,,,,,,,,,,,,,,,,,,,,,,,,,,0,
9/1/2026,2025,20260359,47324,117,AIR PRODUCTS & CHEMICALS INC,Hydrogen Gas,INTERSTATE,TEXAS,0,0,0,0,0,0,0,0,0,0,0,0,0,0,0,0,0,0,0,0,0,0,0,0,0,0,0,0,0,0,0,0,0,0,0,0,0,0,0,0,0,0,0,0,0,0,0,0,0,0,0,0,0,0,0,0,0,0,0,0,0,0,0,0,0,0,0,0,0,0,0,0,0,0,0,0,0,0,0,0,0,0,0,0,0,0,0,0,0,0,0,0,0,0,0,0,0,0,0,0,0,0,0,0,0,0,0,0,0,0,0,0,0,0,0,0,0,0,0,0,0,0,0,0,0,0,0,0,0,0,0,0,0,0,0,0,0,0,0,0,0,0,0,0,0,0,0,0,0,0,0,0,0,0,0,,0,0,0,0,0,0,0,0,0,0,0,0,0,0,0,0,0,0,0,0,0,0,0,0,0,0,0,0,0,0,0,0,0,0,0,0,0,0,0,0,12233,,,,,,,,,,,,,,,,,,,,,,,,,,,,,,,0,
9/1/2026,2025,20260359,47324,117,AIR PRODUCTS & CHEMICALS INC,Hydrogen Gas,INTRASTATE,CALIFORNIA,0,0,0,0,0,0,0,0,0,0,0,0,0,0,0,0,0,0,0,0,0,0,0,0,0,0,0,0,0,0,0,0,0,0,0,0,0,0,0,0,0,0,0,0,0,0,0,0,0,0,0,0,0,0,0,0,0,0,0,0,0,0,0,0,0,0,0,0,0,0,0,0,0,0,0,0,0,0,0,0,0,0,0,0,0,0,0,0,0,0,0,0,0,0,0,0,0,0,0,0,0,0,0,0,0,0,0,0,0,0,0,0,0,0,0,0,0,0,0,0,0,0,0,0,0,0,0,0,0,0,0,0,0,0,0,0,0,0,0,0,0,0,0,0,0,0,0,0,0,0,0,0,0,0,0,,0,0,0,0,0,0,0,0,0,0,0,0,0,0,0,0,0,0,0,0,0,0,0,0,0,0,0,0,0,0,0,0,0,0,0,0,0,0,0,0,2090,,,,,,,,,,,,,,,,,,,,,,,,,,,,,,,0,
9/1/2026,2025,20260359,47324,117,AIR PRODUCTS & CHEMICALS INC,Hydrogen Gas,INTRASTATE,OHIO,0,0,0,0,0,0,0,0,0,0,0,0,0,0,0,0,0,0,0,0,0,0,0,0,0,0,0,0,0,0,0,0,0,0,0,0,0,0,0,0,0,0,0,0,0,0,0,0,0,0,0,0,0,0,0,0,0,0,0,0,0,0,0,0,0,0,0,0,0,0,0,0,0,0,0,0,0,0,0,0,0,0,0,0,0,0,0,0,0,0,0,0,0,0,0,0,0,0,0,0,0,0,0,0,0,0,0,0,0,0,0,0,0,0,0,0,0,0,0,0,0,0,0,0,0,0,0,0,0,0,0,0,0,0,0,0,0,0,0,0,0,0,0,0,0,0,0,0,0,0,0,0,0,0,0,,0,0,0,0,0,0,0,0,0,0,0,0,0,0,0,0,0,0,0,0,0,0,0,0,0,0,0,0,0,0,0,0,0,0,0,0,0,0,0,0,71,,,,,,,,,,,,,,,,,,,,,,,,,,,,,,,0,
9/1/2026,2025,20260359,47324,117,AIR PRODUCTS & CHEMICALS INC,Hydrogen Gas,INTRASTATE,TEXAS,0,0,0,0,0,0,0,0,0,0,0,0,0,0,0,0,0,0,0,0,0,0,0,0,0,0,0,0,0,0,0,0,0,0,0,0,0,0,0,0,0,0,0,0,0,0,0,0,0,0,0,0,0,0,0,0,0,0,0,0,0,0,0,0,0,0,0,0,0,0,0,0,0,0,0,0,0,0,0,0,0,0,0,0,0,0,0,0,0,0,0,0,0,0,0,0,0,0,0,0,0,0,0,0,0,0,0,0,0,0,0,0,0,0,0,0,0,0,0,0,0,0,0,0,0,0,0,0,0,0,0,0,0,0,0,0,0,0,0,0,0,0,0,0,0,0,0,0,0,0,0,0,0,0,0,,0,0,0,0,0,0,0,0,0,0,0,0,0,0,0,0,0,0,0,0,0,0,0,0,0,0,0,0,0,0,0,0,0,0,0,0,0,0,0,0,1065,,,,,,,,,,,,,,,,,,,,,,,,,,,,,,,0,
9/1/2026,2025,20260282,47240,117,AIR PRODUCTS & CHEMICALS INC,Natural Gas,INTRASTATE,TEXAS,0,0,0,0,0,0,0,0,0,0,0,0,0,0,0,0,0,0,0,0,0,0,0,0,0,0,0,0,0,0,0,0,0,0,0,0,0,0,0,0,0,0,0,0,0,0,0,0,0,0,0,0,0,0,0,0,0,0,0,0,0,0,0,0,0,0,0,0,0,0,0,0,0,0,0,0,0,0,0,0,0,0,0,0,0,0,0,0,0,0,0,0,0,0,0,0,0,0,0,0,0,0,0,0,0,0,0,0,0,0,0,0,0,0,0,0,0,0,0,0,0,0,0,0,0,0,0,0,0,0,0,0,0,0,0,0,0,0,0,0,0,0,0,0,0,0,0,0,0,0,0,0,0,0,0,,0,0,0,0,0,0,0,0,0,0,0,0,0,0,0,0,0,0,0,0,0,0,0,0,0,0,0,0,0,0,0,0,0,0,0,0,0,0,0,0,17,,,,,,,,,,,,,,,,,,,,,,,,,,,,,,,0,
9/1/2026,2025,20260358,47323,117,AIR PRODUCTS & CHEMICALS INC,Other Gas-Carbon Monoxide,INTRASTATE,TEXAS,0,0,0,0,0,0,0,0,0,0,0,0,0,0,0,0,0,0,0,0,0,0,0,0,0,0,0,0,0,0,0,0,0,0,0,0,0,0,0,0,0,0,0,0,0,0,0,0,0,0,0,0,0,0,0,0,0,0,0,0,0,0,0,0,0,0,0,0,0,0,0,0,0,0,0,0,0,0,0,0,0,0,0,0,0,0,0,0,0,0,0,0,0,0,0,0,0,0,0,0,0,0,0,0,0,0,0,0,0,0,0,0,0,0,0,0,0,0,0,0,0,0,0,0,0,0,0,0,0,0,0,0,0,0,0,0,0,0,0,0,0,0,0,0,0,0,0,0,0,0,0,0,0,0,0,,0,0,0,0,0,0,0,0,0,0,0,0,0,0,0,0,0,0,0,0,0,0,0,0,0,0,0,0,0,0,0,0,0,0,0,0,0,0,0,0,4982,,,,,,,,,,,,,,,,,,,,,,,,,,,,,,,0,
9/1/2026,2025,20260355,47320,117,AIR PRODUCTS & CHEMICALS INC,Synthetic Gas,INTRASTATE,TEXAS,0,0,0,0,0,0,0,0,0,0,0,0,0,0,0,0,0,0,0,0,0,0,0,0,0,0,0,0,0,0,0,0,0,0,0,0,0,0,0,0,0,0,0,0,0,0,0,0,0,0,0,0,0,0,0,0,0,0,0,0,0,0,0,0,0,0,0,0,0,0,0,0,0,0,0,0,0,0,0,0,0,0,0,0,0,0,0,0,0,0,0,0,0,0,0,0,0,0,0,0,0,0,0,0,0,0,0,0,0,0,0,0,0,0,0,0,0,0,0,0,0,0,0,0,0,0,0,0,0,0,0,0,0,0,0,0,0,0,0,0,0,0,0,0,0,0,0,0,0,0,0,0,0,0,0,,0,0,0,0,0,0,0,0,0,0,0,0,0,0,0,0,0,0,0,0,0,0,0,0,0,0,0,0,0,0,0,0,0,0,0,0,0,0,0,0,1240,,,,,,,,,,,,,,,,,,,,,,,,,,,,,,,0,
9/1/2026,2025,20261230,48243,180,SPIRE ALABAMA INC.,Natural Gas,INTRASTATE,ALABAMA,0,0,0,0,,,0,,,,,0,0,0,0,,,0,,,,,0,0,0,0,,,0,,,,,0,0,0,0,,,0,,,,,0,0,0,0,,,0,,,,,0,0,0,0,,,0,,,,,0,0,0,0,,,0,,,,,0,0,0,0,,,0,,,,,0,0,0,0,,,0,,,,,0,0,0,0,,,0,,,,,0,0,0,0,,,0,,,,,0,0,0,0,,,0,,,,,0,0,0,0,,,0,,,,,0,0,0,0,,0,,,,,,,,,,,,,,,,,,,,,,,,,,,,,,,,,,,,,,,,,,,,,,,0,822,,,,,,,,,,,,,,,,,,,,,,,,,,,,,,,,
9/1/2026,2025,20261007,48010,189,"BBT ALATENN, LLC",Natural Gas,INTERSTATE,ALABAMA,0,0,0,0,0,0,0,0,0,0,0,0,0,0,0,0,0,0,0,0,0,0,0,0,0,0,0,0,0,0,0,0,0,0,0,0,0,0,0,0,0,0,0,0,0,0,0,0,0,0,0,0,0,0,0,0,0,0,0,0,0,0,0,0,0,0,0,0,0,0,0,0,0,0,0,0,0,0,0,0,0,0,0,0,0,0,0,0,0,0,0,0,0,0,0,0,0,0,0,0,0,0,0,0,0,0,0,0,0,0,0,0,0,0,0,0,0,0,0,0,0,0,0,0,0,0,0,0,0,0,0,0,0,0,0,0,0,0,0,0,0,0,0,0,0,0,0,0,0,0,0,0,0,0,0,,0,0,0,0,0,0,0,0,0,,,,,,,,,,,,,,,,,,,,,,,,,,,,,,,0,4208,,,,,,,,,,,,,,,,,,,,,,,,,,,,,,,0,
9/1/2026,2025,20261007,48010,189,"BBT ALATENN, LLC",Natural Gas,INTERSTATE,MISSISSIPPI,0,0,0,0,0,0,0,0,0,0,0,0,0,0,0,0,0,0,0,0,0,0,0,0,0,0,0,0,0,0,0,0,0,0,0,0,0,0,0,0,0,0,0,0,0,0,0,0,0,0,0,0,0,0,0,0,0,0,0,0,0,0,0,0,0,0,0,0,0,0,0,0,0,0,0,0,0,0,0,0,0,0,0,0,0,0,0,0,0,0,0,0,0,0,0,0,0,0,0,0,0,0,0,0,0,0,0,0,0,0,0,0,0,0,0,0,0,0,0,0,0,0,0,0,0,0,0,0,0,0,0,0,0,0,0,0,0,0,0,0,0,0,0,0,0,0,0,0,0,0,0,0,0,0,0,,0,0,0,0,0,0,0,0,0,,,,,,,,,,,,,,,,,,,,,,,,,,,,,,,0,188,,,,,,,,,,,,,,,,,,,,,,,,,,,,,,,0,
9/1/2026,2025,20261007,48010,189,"BBT ALATENN, LLC",Natural Gas,INTERSTATE,TENNESSEE,0,0,0,0,0,0,0,0,0,0,0,0,0,0,0,0,0,0,0,0,0,0,0,0,0,0,0,0,0,0,0,0,0,0,0,0,0,0,0,0,0,0,0,0,0,0,0,0,0,0,0,0,0,0,0,0,0,0,0,0,0,0,0,0,0,0,0,0,0,0,0,0,0,0,0,0,0,0,0,0,0,0,0,0,0,0,0,0,0,0,0,0,0,0,0,0,0,0,0,0,0,0,0,0,0,0,0,0,0,0,0,0,0,0,0,0,0,0,0,0,0,0,0,0,0,0,0,0,0,0,0,0,0,0,0,0,0,0,0,0,0,0,0,0,0,0,0,0,0,0,0,0,0,0,0,,0,0,0,0,0,0,0,0,0,,,,,,,,,,,,,,,,,,,,,,,,,,,,,,,0,147,,,,,,,,,,,,,,,,,,,,,,,,,,,,,,,0,
9/1/2026,2025,20261299,48312,207,"ALASKA PIPELINE COMPANY, LLC",Natural Gas,INTRASTATE,ALASKA,0,0,0,0,0,0,0,0,0,0,0,0,0,0,0,0,0,0,0,0,0,0,0,0,0,0,0,0,0,0,0,0,0,0,0,0,0,0,0,0,0,0,0,0,0,0,0,0,0,0,0,0,0,0,0,0,0,0,0,0,0,0,0,0,0,0,0,0,0,0,0,0,0,0,0,0,0,0,0,0,0,0,0,0,0,0,0,0,0,0,0,0,0,0,0,0,0,0,0,0,0,0,0,0,0,0,0,0,0,0,0,0,0,0,0,0,0,0,0,0,0,0,0,0,0,0,0,0,0,0,0,0,0,0,0,0,0,0,0,0,0,0,0,0,0,0,0,0,0,0,0,0,0,0,0,,0,0,0,0,0,0,0,0,0,,,,,,,,,,,,,,,,,,,,,,,,,,,,,,,0,865,,,,,,,,,,,,,,,,,,,,,,,,,,,,,,,0,
9/1/2026,2025,20260870,47866,270,"ALEXANDRIA MUNICIPLE GAS SYSTEM, CITY OF",Natural Gas,INTRASTATE,LOUISIANA,0,0,0,0,0,0,0,0,0,0,0,0,0,0,0,0,0,0,0,0,0,0,0,0,0,0,0,0,0,0,0,0,0,0,0,0,0,0,0,0,0,0,0,0,0,0,0,0,0,0,0,0,0,0,0,0,0,0,0,0,0,0,0,0,0,0,0,0,0,0,0,0,0,0,0,0,0,0,0,0,0,0,0,0,0,0,0,0,0,0,0,0,0,0,0,0,0,0,0,0,0,0,0,0,0,0,0,0,0,0,0,0,0,0,0,0,0,0,0,0,0,0,0,0,0,0,0,0,0,0,0,0,0,0,0,0,0,0,0,0,0,0,0,0,0,0,0,0,0,0,0,0,0,0,0,,0,0,0,0,0,0,0,0,0,,,,,,,,,,,,,,,,,,,,,,,,,,,,,,,0,0,,,,,,,,,,,,,,,,,,,,,,,,,,,,,,,0,
9/1/2026,2025,20261193,48206,288,"ALGONQUIN GAS TRANSMISSION, LLC",Natural Gas,INTERSTATE,CONNECTICUT,0,0,0,0,0,0,0,,,,,0,0,0,0,0,0,0,,,,,0,0,0,0,0,0,0,,,,,0,0,0,0,0,0,0,,,,,0,0,0,0,0,0,0,,,,,0,0,0,1,0,0,0,,,,,0,0,0,0,0,0,0,,,,,0,0,0,0,0,0,0,,,,,0,0,0,0,0,0,0,,,,,0,0,0,0,0,0,0,,,,,0,0,0,0,0,0,0,,,,,0,0,0,0,0,0,0,,,,,0,0,0,0,0,0,0,,,,,0,0,0,1,0,0,0,,,,,,,,,,,,,,,,,,,,,,1,,,,,,1,,,,,,,,,,,,,,,,,,1,5285,,,,,,,,,,,,,,,,,,,,,,,,,,,,,,,,
9/1/2026,2025,20261193,48206,288,"ALGONQUIN GAS TRANSMISSION, LLC",Natural Gas,INTERSTATE,MASSACHUSETTS,0,0,0,0,0,0,0,,,,,0,0,0,0,0,0,0,,,,,0,0,0,0,0,0,0,,,,,0,0,0,0,0,0,0,,,,,0,0,0,0,0,0,0,,,,,0,0,0,0,0,0,0,,,,,0,0,0,0,0,0,0,,,,,0,0,0,0,0,0,0,,,,,0,0,0,0,0,0,0,,,,,0,0,0,0,0,0,0,,,,,0,0,0,0,0,0,0,,,,,0,0,0,0,0,0,0,,,,,0,0,0,0,0,0,0,,,,,0,0,0,0,0,0,0,,,,,,,,,,,,,,,,,,,,,,,,,,,,,,,,,,,,,,,,,,,,,,0,12652,,,,,,,,,,,,,,,,,,,,,,,,,,,,,,,,
9/1/2026,2025,20261193,48206,288,"ALGONQUIN GAS TRANSMISSION, LLC",Natural Gas,INTERSTATE,NEW JERSEY,,,,,,,,,,,,,,,,,,,,,,,,,,,,,,,,,,,,,,,,,,,,,,,,,,,,,,,,,,,,,,,,,,,,,,,,,,,,,,,,,,,,,,,,,,,,,,,,,,,,,,,,,,,,,,,,,,,,,,,,,,,,,,,,,,,,,,,,,,,,,,,,,,,,,,,,,,,,,,,,,,,,,,,,,,,,,,,,,1,1,,,,,,,,,,,,,,,,,,1,1309,,,,,,,,,,,,,,,,,,,,,,,,,,,,,,,,
9/1/2026,2025,20261193,48206,288,"ALGONQUIN GAS TRANSMISSION, LLC",Natural Gas,INTERSTATE,NEW YORK,0,0,0,0,,,0,,,,,0,0,0,0,,,0,,,,,0,0,0,0,,,0,,,,,0,0,0,0,,,0,,,,,0,0,0,0,,,0,,,,,0,0,0,0,,,0,,,,,0,0,0,0,,,0,,,,,0,0,0,0,,,0,,,,,0,0,0,0,,,0,,,,,0,0,0,0,,,0,,,,,0,0,0,0,,,0,0,0,0,0,0,0,0,0,,,0,0,0,0,0,0,0,0,0,,,0,0,0,0,0,0,0,0,0,,0,,0,0,0,0,,,,,,,,,,,,,,,,,,,,,,,,,,,,,,,,,,,,,,,,,,0,472,,,,,,,,,,,,,,,,,,,,,,,,,,,,,,,,
9/1/2026,2025,20261193,48206,288,"ALGONQUIN GAS TRANSMISSION, LLC",Natural Gas,INTERSTATE,OCS-Atlantic,,,,,,,,,,,,,,,,,,,,,,,,,,,,,,,,,,,,,,,,,,,,,,,,,,,,,,,,,,,,,,,,,,,,,,,,,,,,,,,,,,,,,,,,,,,,,,,,,,,,,,,,,,,,,,,,,,,,,,,,,,,,,,,,,,,,,,,,,,,,,,,,,,,,,,,,,,,,,,,,,,,,,,,,,,,,,,,,,,,,,,,,,,,,,,,,,,,,0,0,,,,,,,,,,,,,,,,,,,,,,,,,,,,,,,,
9/1/2026,2025,20261193,48206,288,"ALGONQUIN GAS TRANSMISSION, LLC",Natural Gas,INTERSTATE,RHODE ISLAND,0,0,0,0,,,0,,,,,0,0,0,0,,,0,,,,,0,0,0,0,,,0,,,,,0,0,0,0,,,0,,,,,0,0,0,0,,,0,,,,,0,0,0,1,,,0,,,,,0,0,0,0,,,0,,,,,0,0,0,0,,,0,,,,,0,0,0,0,,,0,,,,,0,0,0,0,,,0,,,,,0,0,0,0,,,0,0,0,0,0,0,0,0,0,,,0,0,0,0,0,0,0,0,0,,,0,0,0,0,0,0,0,0,1,,0,,0,0,0,0,,,,,,,,,,,,,,,,,,,,,,,,,,,,,,,,,,,,,,,,,,0,942,,,,,,,,,,,,,,,,,,,,,,,,,,,,,,,,
9/1/2026,2025,20260934,47931,300,"PLAINS PIPELINE, L.P.",Natural Gas,INTRASTATE,TEXAS,,0,,,,,,0,0,0,,,0,,,,,,0,0,0,,,0,,,,,,0,0,0,,,0,,,,,,0,0,0,,,0,,,,,,0,0,0,,,0,,,,,,0,0,0,,,0,,,,,,0,0,0,,,0,,,,,,0,0,0,,,0,,,,,,0,0,0,,,0,,,,,,0,0,0,,,0,,,,,,0,0,0,,,0,,,,,,0,0,0,,,0,,,,,,0,0,0,,,0,,,,,,0,0,0,,,0,,,0,0,0,,,0,0,,,,,,,,,,,,,,,,,,,,,,,,,,,,,,,,,0,0,0,0,0,0,0,0,0,0,0,0,0,0,0,0,0,0,0,0,0,0,0,0,0,0,0,0,0,0,0,182
9/1/2026,2025,20260112,47066,383,AMARILLO NATURAL GAS INC,Natural Gas,INTRASTATE,KANSAS,0,0,0,0,0,0,0,0,0,0,0,0,0,0,0,0,0,0,0,0,0,0,0,0,0,0,0,0,0,0,0,0,0,0,0,0,0,0,0,0,0,0,0,0,0,0,0,0,0,0,0,0,0,0,0,0,0,0,0,0,0,0,0,0,0,0,0,0,0,0,0,0,0,0,0,0,0,0,0,0,0,0,0,0,0,0,0,0,0,0,0,0,0,0,0,0,0,0,0,0,0,0,0,0,0,0,0,0,0,0,0,0,0,0,0,0,0,0,0,0,0,0,0,0,0,0,0,0,0,0,0,0,0,0,0,0,0,0,0,0,0,0,0,0,0,0,0,0,0,0,0,0,0,0,0,,0,0,0,0,0,0,0,0,0,,,,,,,,,,,,,,,,,,,,,,,,,,,,,,,0,5,,,,,,,,,,,,,,,,,,,,,,,,,,,,,,,0,
9/1/2026,2025,20260112,47066,383,AMARILLO NATURAL GAS INC,Natural Gas,INTRASTATE,TEXAS,0,0,0,0,0,0,0,0,0,0,0,0,0,0,0,0,0,0,0,0,0,0,0,0,0,0,0,0,0,0,0,0,0,0,0,0,0,0,0,0,0,0,0,0,0,0,0,0,0,0,0,0,0,0,0,0,0,0,0,0,0,0,0,0,0,0,0,0,0,0,0,0,0,0,0,0,0,0,0,0,0,0,0,0,0,0,0,0,0,0,0,0,0,0,0,0,0,0,0,0,0,0,0,0,0,0,0,0,0,0,0,0,0,0,0,0,0,0,0,0,0,0,0,0,0,0,0,0,0,0,0,0,0,0,0,0,0,0,0,0,0,0,0,0,0,0,0,0,0,0,0,0,0,0,0,,0,0,0,0,0,0,0,0,0,,,,,,,,,,,,,,,,,,,,,,,,,,,,,,,0,1394,,,,,,,,,,,,,,,,,,,,,,,,,,,,,,,0,
9/1/2026,2025,20260612,47595,405,ANR PIPELINE CO,Natural Gas,INTERSTATE,ARKANSAS,0,0,0,0,,,0,,,,,0,0,0,0,,,0,,,,,0,0,0,0,,,0,,,,,0,0,0,0,,,0,,,,,0,0,0,0,,,0,,,,,0,0,0,0,,,0,,,,,0,0,0,0,,,0,,,,,0,0,0,0,,,0,,,,,0,0,0,0,,,0,,,,,0,0,0,0,,,0,,,,,0,0,0,0,,,0,0,0,0,0,0,0,0,0,,,0,0,0,0,0,0,0,0,0,,,0,0,0,0,0,0,0,0,0,,0,,0,0,0,0,0,,0,,,,,,0,,0,,,,,,,,,,,,,,,,,,,,,,,,,,,,,,,0,58,,,,,,,,,,,,,,,,,,,,,,,,,,,,,,,,
9/1/2026,2025,20260612,47595,405,ANR PIPELINE CO,Natural Gas,INTERSTATE,ILLINOIS,0,0,0,0,,,0,,,,,0,0,0,0,,,0,,,,,0,0,0,0,,,0,,,,,0,0,0,0,,,0,,,,,0,0,0,0,,,0,,,,,0,0,0,0,,,0,,,,,0,0,0,0,,,0,,,,,0,0,0,0,,,0,,,,,0,0,0,0,,,0,,,,,0,0,0,0,,,0,,,,,0,0,0,0,,,0,0,0,0,0,0,0,0,0,,,0,0,0,0,0,0,0,0,0,,,0,0,0,0,0,0,0,0,0,,0,,0,0,0,0,0,,0,,,,,,0,,0,,,,,,,,,,,,,,,,,,,,,,,,,,,,,,,0,4478,,,,,,,,,,,,,,,,,,,,,,,,,,,,,,,,
9/1/2026,2025,20260612,47595,405,ANR PIPELINE CO,Natural Gas,INTERSTATE,INDIANA,0,0,0,0,,,0,,,,,0,0,0,0,,,0,,,,,0,0,0,0,,,0,,,,,0,0,0,0,,,0,,,,,0,0,0,0,,,0,,,,,0,0,0,0,,,0,,,,,0,0,0,0,,,0,,,,,0,0,0,0,,,0,,,,,0,0,0,0,,,0,,,,,0,0,0,0,,,0,,,,,0,0,0,0,,,0,0,0,0,0,0,0,0,0,,,0,0,0,0,0,0,0,0,0,,,0,0,0,0,0,0,0,0,0,,0,,0,0,0,0,0,,0,,,,,,0,,0,,,,,,,,,2,,,,2,,,,,,,,,,,,,,,,,,2,9874,,,,,,,,,,,,,,,,,,,,,,,,,,,,,,,,
9/1/2026,2025,20260612,47595,405,ANR PIPELINE CO,Natural Gas,INTERSTATE,IOWA,0,0,0,0,,,0,,,,,0,0,0,0,,,0,,,,,0,0,0,0,,,0,,,,,0,0,0,0,,,0,,,,,0,0,0,0,,,0,,,,,0,0,0,0,,,0,,,,,0,0,0,0,,,0,,,,,0,0,0,0,,,0,,,,,0,0,0,0,,,0,,,,,0,0,0,0,,,0,,,,,0,0,0,0,,,0,0,0,0,0,0,0,0,0,,,0,0,0,0,0,0,0,0,0,,,0,0,0,0,0,0,0,0,0,,0,,0,0,0,0,0,,0,,,,,,0,,0,,,,,,,,,,,,,,,,,,,,,,,,,,,,,,,0,1241,,,,,,,,,,,,,,,,,,,,,,,,,,,,,,,,
9/1/2026,2025,20260612,47595,405,ANR PIPELINE CO,Natural Gas,INTERSTATE,KANSAS,0,0,0,0,,,0,,,,,0,0,0,0,,,0,,,,,0,0,0,0,,,0,,,,,0,0,0,0,,,0,,,,,0,0,0,0,,,0,,,,,0,0,0,0,,,0,,,,,0,0,0,0,,,0,,,,,0,0,0,0,,,0,,,,,0,0,0,0,,,0,,,,,0,0,0,0,,,0,,,,,0,0,0,0,,,0,0,0,0,0,0,0,0,0,,,0,0,0,0,0,0,0,0,0,,,0,0,0,0,0,0,0,0,0,,0,,0,0,0,0,0,,0,,,,,,0,,0,,,,,,,,,,,,,,,,,,,,,,,,,,,,,,,0,520,,,,,,,,,,,,,,,,,,,,,,,,,,,,,,,,
9/1/2026,2025,20260612,47595,405,ANR PIPELINE CO,Natural Gas,INTERSTATE,KENTUCKY,0,0,0,0,,,0,,,,,0,0,0,0,,,0,,,,,0,0,0,0,,,0,,,,,0,0,0,0,,,0,,,,,0,0,0,0,,,0,,,,,0,0,0,0,,,0,,,,,0,0,0,0,,,0,,,,,0,0,0,0,,,0,,,,,0,0,0,0,,,0,,,,,0,0,0,0,,,0,,,,,0,0,0,0,,,0,0,0,0,0,0,0,0,0,,,0,0,0,0,0,0,0,0,0,,,0,0,0,0,0,0,0,0,0,,0,,0,0,0,0,0,,0,,,,,,0,,0,,,,,,,,,,,,,,,,,,,,,,,,,,,,,,,0,506,,,,,,,,,,,,,,,,,,,,,,,,,,,,,,,,
9/1/2026,2025,20260612,47595,405,ANR PIPELINE CO,Natural Gas,INTERSTATE,LOUISIANA,0,0,0,0,,,0,,,,,0,0,0,0,,,0,,,,,0,0,0,0,,,0,,,,,0,0,0,0,,,0,,,,,0,0,0,0,,,0,,,,,0,0,0,0,,,0,,,,,0,0,0,0,,,0,,,,,0,0,0,0,,,0,,,,,0,0,0,0,,,0,,,,,0,0,0,0,,,0,,,,,0,0,0,0,,,0,0,0,0,0,0,0,0,0,,,0,0,0,0,0,0,0,0,0,,,0,0,0,0,0,0,0,0,0,,0,,0,0,0,0,0,,0,,,,,,0,,0,,,,,,,,,,,,,,,,,,,,,,,,,,,,,,,0,2865,,,,,,,,,,,,,,,,,,,,,,,,,,,,,,,,
9/1/2026,2025,20260612,47595,405,ANR PIPELINE CO,Natural Gas,INTERSTATE,MICHIGAN,0,0,0,0,,,0,,,,,0,0,0,0,,,0,,,,,0,0,0,0,,,0,,,,,0,0,0,0,,,0,,,,,0,0,0,0,,,0,,,,,0,0,0,0,,,0,,,,,0,0,0,0,,,0,,,,,0,0,0,0,,,0,,,,,0,0,0,0,,,0,,,,,0,0,0,0,,,0,,,,,0,0,0,0,,,0,0,0,0,0,0,0,0,0,,,0,0,0,0,0,0,0,0,0,,,0,0,0,0,0,0,0,0,0,,0,,0,0,0,0,0,,0,,,,,,0,,0,1,,,,,1,,,,,,,,,,,,,,,,,,,,,,,,,1,9622,,,,,,,,,,,,,,,,,,,,,,,,,,,,,,,,
9/1/2026,2025,20260612,47595,405,ANR PIPELINE CO,Natural Gas,INTERSTATE,MISSISSIPPI,0,0,0,0,,,0,,,,,0,0,0,0,,,0,,,,,0,0,0,0,,,0,,,,,0,0,0,0,,,0,,,,,0,0,0,0,,,0,,,,,0,0,0,0,,,0,,,,,0,0,0,0,,,0,,,,,0,0,0,0,,,0,,,,,0,0,0,0,,,0,,,,,0,0,0,0,,,0,,,,,0,0,0,0,,,0,0,0,0,0,0,0,0,0,,,0,0,0,0,0,0,0,0,0,,,0,0,0,0,0,0,0,0,0,,0,,0,0,0,0,0,,0,,,,,,0,,0,,,,,,,,,,,,,,,,,,,,,,,,,,,,,,,0,1866,,,,,,,,,,,,,,,,,,,,,,,,,,,,,,,,
9/1/2026,2025,20260612,47595,405,ANR PIPELINE CO,Natural Gas,INTERSTATE,MISSOURI,0,0,0,0,,,0,,,,,0,0,0,0,,,0,,,,,0,0,0,0,,,0,,,,,0,0,0,0,,,0,,,,,0,0,0,0,,,0,,,,,0,0,0,0,,,0,,,,,0,0,0,0,,,0,,,,,0,0,0,0,,,0,,,,,0,0,0,0,,,0,,,,,0,0,0,0,,,0,,,,,0,0,0,0,,,0,0,0,0,0,0,0,0,0,,,0,0,0,0,0,0,0,0,0,,,0,0,0,0,0,0,0,0,0,,0,,0,0,0,0,0,,0,,,,,,0,,0,,,,,,,,,,,,,,,,,,,,,,,,,,,,,,,0,412,,,,,,,,,,,,,,,,,,,,,,,,,,,,,,,,
9/1/2026,2025,20260612,47595,405,ANR PIPELINE CO,Natural Gas,INTERSTATE,NEBRASKA,0,0,0,0,,,0,,,,,0,0,0,0,,,0,,,,,0,0,0,0,,,0,,,,,0,0,0,0,,,0,,,,,0,0,0,0,,,0,,,,,0,0,0,0,,,0,,,,,0,0,0,0,,,0,,,,,0,0,0,0,,,0,,,,,0,0,0,0,,,0,,,,,0,0,0,0,,,0,,,,,0,0,0,0,,,0,0,0,0,0,0,0,0,0,,,0,0,0,0,0,0,0,0,0,,,0,0,0,0,0,0,0,0,0,,0,,0,0,0,0,0,,0,,,,,,0,,0,,,,,,,,,,,,,,,,,,,,,,,,,,,,,,,0,0,,,,,,,,,,,,,,,,,,,,,,,,,,,,,,,,
9/1/2026,2025,20260612,47595,405,ANR PIPELINE CO,Natural Gas,INTERSTATE,OHIO,0,0,0,0,,,0,,,,,0,0,0,0,,,0,,,,,0,0,0,0,,,0,,,,,0,0,0,0,,,0,,,,,0,0,0,0,,,0,,,,,0,0,0,0,,,0,,,,,0,0,0,0,,,0,,,,,0,0,0,0,,,0,,,,,0,0,0,0,,,0,,,,,0,0,0,0,,,0,,,,,0,0,0,0,,,0,0,0,0,0,0,0,0,0,,,0,0,0,0,0,0,0,0,0,,,0,0,0,0,0,0,0,0,0,,0,,0,0,0,0,0,,0,,,,,,0,,0,,,,,,,,,,,,,,,,,,,,,,,,,,,,,,,0,3150,,,,,,,,,,,,,,,,,,,,,,,,,,,,,,,,
9/1/2026,2025,20260612,47595,405,ANR PIPELINE CO,Natural Gas,INTERSTATE,OKLAHOMA,0,0,0,0,,,0,,,,,0,0,0,0,,,0,,,,,0,0,0,0,,,0,,,,,0,0,0,0,,,0,,,,,0,0,0,0,,,0,,,,,0,0,0,0,,,0,,,,,0,0,0,0,,,0,,,,,0,0,0,0,,,0,,,,,0,0,0,0,,,0,,,,,0,0,0,0,,,0,,,,,0,0,0,0,,,0,0,0,0,0,0,0,0,0,,,0,0,0,0,0,0,0,0,0,,,0,0,0,0,0,0,0,0,0,,0,,0,0,0,0,0,,0,,,,,,0,,0,,,,,,,,,,,,,,,,,,,,,,,,,,,,,,,0,381,,,,,,,,,,,,,,,,,,,,,,,,,,,,,,,,
9/1/2026,2025,20260612,47595,405,ANR PIPELINE CO,Natural Gas,INTERSTATE,TENNESSEE,0,0,0,0,,,0,,,,,0,0,0,0,,,0,,,,,0,0,0,0,,,0,,,,,0,0,0,0,,,0,,,,,0,0,0,0,,,0,,,,,0,0,0,0,,,0,,,,,0,0,0,0,,,0,,,,,0,0,0,0,,,0,,,,,0,0,0,0,,,0,,,,,0,0,0,0,,,0,,,,,0,0,0,0,,,0,0,0,0,0,0,0,0,0,,,0,0,0,0,0,0,0,0,0,,,0,0,0,0,0,0,0,0,0,,0,,0,0,0,0,0,,0,,,,,,0,,0,,,,,,,,,,,,,,,,,,,,,,,,,,,,,,,0,1152,,,,,,,,,,,,,,,,,,,,,,,,,,,,,,,,
9/1/2026,2025,20260612,47595,405,ANR PIPELINE CO,Natural Gas,INTERSTATE,TEXAS,0,0,0,0,,,0,,,,,0,0,0,0,,,0,,,,,0,0,0,0,,,0,,,,,0,0,0,0,,,0,,,,,0,0,0,0,,,0,,,,,0,0,0,0,,,0,,,,,0,0,0,0,,,0,,,,,0,0,0,0,,,0,,,,,0,0,0,0,,,0,,,,,0,0,0,0,,,0,,,,,0,0,0,0,,,0,0,0,0,0,0,0,0,0,,,0,0,0,0,0,0,0,0,0,,,0,0,0,0,0,0,0,0,0,,0,,0,0,0,0,0,,0,,,,,,0,,0,,,,,,,,,,,,,,,,,,,,,,,,,,,,,,,0,180,,,,,,,,,,,,,,,,,,,,,,,,,,,,,,,,
9/1/2026,2025,20260612,47595,405,ANR PIPELINE CO,Natural Gas,INTERSTATE,WISCONSIN,0,0,0,0,,,0,,,,,0,0,0,0,,,0,,,,,0,0,0,0,,,0,,,,,0,0,0,0,,,0,,,,,0,0,0,0,,,0,,,,,0,0,0,0,,,0,,,,,0,0,0,0,,,0,,,,,0,0,0,0,,,0,,,,,0,0,0,0,,,0,,,,,0,0,0,0,,,0,,,,,0,0,0,0,,,0,0,0,0,0,0,0,0,0,,,0,0,0,0,0,0,0,0,0,,,0,0,0,0,0,0,0,0,0,,0,,0,0,0,0,0,,0,,,,,,0,,0,,1,,,,1,,,,,,,,,,,,,,,,,,,,,,,,,1,21650,,,,,,,,,,,,,,,,,,,,,,,,,,,,,,,,
9/1/2026,2025,20260612,47595,405,ANR PIPELINE CO,Natural Gas,INTRASTATE,MICHIGAN,0,0,0,0,,,0,,,,,0,0,0,0,,,0,,,,,0,0,0,0,,,0,,,,,0,0,0,0,,,0,,,,,0,0,0,0,,,0,,,,,0,0,0,0,,,0,,,,,0,0,0,0,,,0,,,,,0,0,0,0,,,0,,,,,0,0,0,0,,,0,,,,,0,0,0,0,,,0,,,,,0,0,0,0,,,0,0,0,0,0,0,0,0,0,,,0,0,0,0,0,0,0,0,0,,,0,0,0,0,0,0,0,0,0,,0,,0,0,0,0,0,,0,,,,,,0,,0,,,,,,,,,,,,,,,,,,,,,,,,,,,,,,,0,21,,,,,,,,,,,,,,,,,,,,,,,,,,,,,,,,
9/1/2026,2025,20260412,47377,473,"WESTERN MIDSTREAM PARTNERS, LP",Natural Gas,INTERSTATE,NEW MEXICO,0,0,0,0,,,0,0,0,0,,0,0,0,0,,,0,0,0,0,,0,0,0,0,,,0,0,0,0,,0,0,0,0,,,0,0,0,0,,0,0,0,0,,,0,0,0,0,,0,0,0,0,,,0,0,0,0,,0,0,0,0,,,0,0,0,0,,0,0,0,0,,,0,0,0,0,,0,0,0,0,,,0,0,0,0,,0,0,0,0,,,0,0,0,0,,0,0,0,0,,,0,0,0,0,,0,0,0,0,,,0,0,0,0,,0,0,0,0,,,0,0,0,0,,0,0,0,0,,0,,0,0,0,,0,0,0,,0,0,0,,0,0,0,,,,,,,,,,,,,,,,,,,,,,,,,,,,,,,0,60,,,,,,,,,,,,,,,,,,,,,,,,,,,,,,,0,0
9/1/2026,2025,20260412,47377,473,"WESTERN MIDSTREAM PARTNERS, LP",Natural Gas,INTERSTATE,TEXAS,0,0,0,0,0,0,0,0,0,0,0,0,0,0,0,0,0,0,0,0,0,0,0,0,0,0,0,0,0,0,0,0,0,0,0,0,0,0,0,0,0,0,0,0,0,0,0,0,0,0,0,0,0,0,0,0,0,0,0,0,0,0,0,0,0,0,0,0,0,0,0,0,0,0,0,0,0,0,0,0,0,0,0,0,0,0,0,0,0,0,0,0,0,0,0,0,0,0,0,0,0,0,0,0,0,0,0,0,0,0,0,0,0,0,0,0,0,0,0,0,0,0,0,0,0,0,0,0,0,0,0,0,0,0,0,0,0,0,0,0,0,0,0,0,0,0,0,0,0,0,0,0,0,0,0,0,0,0,0,0,0,0,0,0,0,,,,,,,,,,,,,,,,,,,,,,,,,,,,,,,0,1096,,,,,,,,,,,,,,,,,,,,,,,,,,,,,,,0,0
9/1/2026,2025,20260412,47377,473,"WESTERN MIDSTREAM PARTNERS, LP",Natural Gas,INTRASTATE,COLORADO,0,0,0,0,0,0,0,0,0,0,0,0,0,0,0,0,0,0,0,0,0,0,0,0,0,0,0,0,0,0,0,0,0,0,0,0,0,0,0,0,0,0,0,0,0,0,0,0,0,0,0,0,0,0,0,0,0,0,0,0,0,0,0,0,7,0,0,0,0,0,0,0,0,0,0,0,0,0,0,0,0,0,0,0,0,0,0,0,0,0,0,0,0,0,0,0,0,0,0,0,0,0,0,0,0,0,0,0,0,0,0,0,0,0,0,0,0,0,0,0,0,0,0,0,0,0,0,0,0,0,0,0,0,0,0,0,0,0,0,0,0,0,0,0,0,0,0,0,0,0,0,0,7,0,0,0,0,0,0,0,0,0,0,0,0,,,,,,,,,,,,,,,,,,,,,,,,,,,,,,,0,234,,,,,,,,,,,,,,,,,,,1,,,,,,,,,,,1,1,97399
9/1/2026,2025,20260412,47377,473,"WESTERN MIDSTREAM PARTNERS, LP",Natural Gas,INTRASTATE,NEW MEXICO,0,0,0,0,,,0,,,0,,0,0,0,0,,,0,,,0,,0,0,0,0,,,0,,,0,,0,0,0,0,,,0,,,0,,0,0,0,0,,,0,,,0,,0,0,0,0,,,0,,,1,,0,0,0,0,,,0,,,0,,0,0,0,0,,,0,,,0,,0,0,0,0,,,0,,,0,,0,0,0,0,,,0,,,0,,0,0,0,0,,,0,,,0,,0,0,0,0,,,0,,,0,,0,0,0,0,,,0,,,0,,0,0,0,0,,0,,,,1,,,0,,,,,0,,,0,0,,,,,,,,,,,,,,,,,,,,,,,,,,,,,,,0,0,,,,,,,,,,,,,,,,,,,,,,,,,,,,,,,0,2700
9/1/2026,2025,20260412,47377,473,"WESTERN MIDSTREAM PARTNERS, LP",Natural Gas,INTRASTATE,UTAH,0,0,0,0,0,0,0,0,0,0,0,0,0,0,0,0,0,0,0,0,0,0,0,0,0,0,0,0,0,0,0,0,0,0,0,0,0,0,0,0,0,0,0,0,0,0,0,0,0,0,0,0,0,0,0,0,0,0,0,0,0,0,0,0,0,0,0,0,0,0,0,0,0,0,0,0,0,0,0,0,0,0,0,0,0,0,0,0,0,0,0,0,0,0,0,0,0,0,0,0,0,0,0,0,0,0,0,0,0,0,0,0,0,0,0,0,0,0,0,0,0,0,0,0,0,0,0,0,0,0,0,0,0,0,0,0,0,0,0,0,0,0,0,0,0,0,0,0,0,0,0,0,0,0,0,0,0,0,0,0,0,0,0,0,0,,,,,,,,,,,,,,,,,,,,,,,,,,,,,,,0,147,,,,,,,,,,,,,,,,,,,,,,,,,,,,,,,0,130
9/1/2026,2025,20260412,47377,473,"WESTERN MIDSTREAM PARTNERS, LP",Natural Gas,INTRASTATE,WYOMING,0,0,0,0,0,0,0,0,0,0,0,0,0,0,0,0,0,0,0,0,0,0,0,0,0,0,0,0,0,0,0,0,0,0,0,0,0,0,0,0,0,0,0,0,0,0,0,0,0,0,0,0,0,0,0,0,0,0,0,0,0,0,0,0,1,0,0,0,0,0,0,0,0,0,0,0,0,0,0,0,0,0,0,0,0,0,0,0,0,0,0,0,0,0,0,0,0,0,0,0,0,0,0,0,0,0,0,0,0,0,0,0,0,0,0,0,0,0,0,0,0,0,0,0,0,0,0,0,0,0,0,0,0,0,0,0,0,0,0,0,0,0,0,0,0,0,0,0,0,0,0,0,1,0,0,0,0,0,0,0,0,0,0,0,0,,,,,,,,,,,,,,,,,,,,,,,,,,,,,,,0,452,,,,,,,,,,,,,,,,,,,,,,,,,,,,,,,0,10418
9/1/2026,2025,20260190,47147,515,DAKOTA GASIFICATION COMPANY,Synthetic Gas,INTRASTATE,NORTH DAKOTA,0,0,0,0,0,0,0,0,0,0,0,0,0,0,0,0,0,0,0,0,0,0,0,0,0,0,0,0,0,0,0,0,0,0,0,0,0,0,0,0,0,0,0,0,0,0,0,0,0,0,0,0,0,0,0,0,0,0,0,0,0,0,0,0,0,0,0,0,0,0,0,0,0,0,0,0,0,0,0,0,0,0,0,0,0,0,0,0,0,0,0,0,0,0,0,0,0,0,0,0,0,0,0,0,0,0,0,0,0,0,0,0,0,0,0,0,0,0,0,0,0,0,0,0,0,0,0,0,0,0,0,0,0,0,0,0,0,0,0,0,0,0,0,0,0,0,0,0,0,0,0,0,0,0,0,,0,0,0,0,0,0,0,0,0,,,,,,,,,,,,,,,,,,,,,,,,,,,,,,,0,52,,,,,,,,,,,,,,,,,,,,,,,,,,,,,,,0,
9/1/2026,2025,20260314,47272,570,FERNDALE PIPELINE SYSTEM,Natural Gas,INTRASTATE,WASHINGTON,0,0,0,0,,,0,,,,,0,0,0,0,,,0,,,,,0,0,0,0,,,0,,,,,0,0,0,0,,,0,,,,,0,0,0,0,,,0,,,,,0,0,0,0,,,0,,,,,0,0,0,0,,,0,,,,,0,0,0,0,,,0,,,,,0,0,0,0,,,0,,,,,0,0,0,0,,,0,,,,,0,0,0,0,,,0,0,0,0,0,0,0,0,0,,,0,0,0,0,0,0,0,0,0,,,0,0,0,0,0,0,0,0,0,,0,,0,0,0,0,0,,0,,,,,,0,,0,,,,,,,,,,,,,,,,,,,,,,,,,,,,,,,0,617,,,,,,,,,,,,,,,,,,,,,,,,,,,,,,,,
9/1/2026,2025,20260094,47048,585,ARGYLE MUNICIPAL GAS SYSTEM,Natural Gas,INTRASTATE,MINNESOTA,0,0,0,0,0,0,0,0,0,0,0,0,0,0,0,0,0,0,0,0,0,0,0,0,0,0,0,0,0,0,0,0,0,0,0,0,0,0,0,0,0,0,0,0,0,0,0,0,0,0,0,0,0,0,0,0,0,0,0,0,0,0,0,0,0,0,0,0,0,0,0,0,0,0,0,0,0,0,0,0,0,0,0,0,0,0,0,0,0,0,0,0,0,0,0,0,0,0,0,0,0,0,0,0,0,0,0,0,0,0,0,0,0,0,0,0,0,0,0,0,0,0,0,0,0,0,0,0,0,0,0,0,0,0,0,0,0,0,0,0,0,0,0,0,0,0,0,0,0,0,0,0,0,0,0,,0,0,0,0,0,0,0,0,0,,,,,,,,,,,,,,,,,,,,,,,,,,,,,,,0,5,,,,,,,,,,,,,,,,,,,,,,,,,,,,,,,0,
9/1/2026,2025,20260757,47745,602,"ENABLE GAS TRANSMISSION, LLC",Natural Gas,INTERSTATE,ARKANSAS,,0,0,1,,,,,,,,,0,0,0,,,,,,,,,0,0,0,,,,,,,,,0,0,1,,,,,,,,,0,0,0,,,,,,,,,0,0,3,,,,,,,,,0,0,0,,,,,,,,,0,0,0,,,,,,,,,0,0,0,,,,,,,,,0,0,0,,,,,,,,,0,0,1,,,,0,0,0,0,,0,0,0,,,,0,0,0,0,,0,0,0,,,,0,0,0,0,,0,0,6,,,,0,0,0,0,0,,0,,,,,,0,,0,1,0,0,0,0,1,0,0,0,0,0,0,0,0,0,0,0,0,0,0,0,0,0,0,0,0,0,0,0,0,1,13602,,,,,,,,,,,,,,,,,,,,,,,,,,,,,,,,
9/1/2026,2025,20260757,47745,602,"ENABLE GAS TRANSMISSION, LLC",Natural Gas,INTERSTATE,KANSAS,0,0,0,0,,,0,,,,,0,0,0,0,,,0,,,,,0,0,0,0,,,0,,,,,0,0,0,0,,,0,,,,,0,0,0,0,,,0,,,,,0,0,0,0,,,0,,,,,0,0,0,0,,,0,,,,,0,0,0,0,,,0,,,,,0,0,0,0,,,0,,,,,0,0,0,0,,,0,,,,,0,0,0,0,,,0,0,0,0,0,0,0,0,0,,,0,0,0,0,0,0,0,0,0,,,0,0,0,0,0,0,0,0,0,,0,,0,0,0,0,0,,0,,,,,,0,,0,0,0,0,0,0,0,0,0,0,0,0,0,0,0,0,0,0,0,0,0,0,0,0,0,0,0,0,0,0,0,0,224,,,,,,,,,,,,,,,,,,,,,,,,,,,,,,,,
9/1/2026,2025,20260757,47745,602,"ENABLE GAS TRANSMISSION, LLC",Natural Gas,INTERSTATE,LOUISIANA,0,0,0,2,,,0,,,,,0,0,0,0,,,0,,,,,0,0,0,0,,,0,,,,,0,0,0,0,,,0,,,,,0,0,0,1,,,0,,,,,0,0,0,0,,,0,,,,,0,0,0,0,,,0,,,,,0,0,0,0,,,0,,,,,0,0,0,0,,,0,,,,,0,0,0,0,,,0,,,,,1,0,0,1,,,0,0,0,0,0,0,0,0,0,,,0,0,0,0,0,0,0,0,0,,,0,0,0,0,0,1,0,0,4,,0,,0,0,0,0,0,,0,,,,,,0,,0,0,0,0,0,0,0,0,0,0,0,0,0,0,0,0,0,0,0,0,0,0,0,0,0,0,0,0,0,0,0,0,10035,,,,,,,,,,,,,,,,,,,,,,,,,,,,,,,,
9/1/2026,2025,20260757,47745,602,"ENABLE GAS TRANSMISSION, LLC",Natural Gas,INTERSTATE,MISSISSIPPI,0,0,0,0,,,0,,,,,0,0,0,0,,,0,,,,,0,0,0,0,,,0,,,,,0,0,0,0,,,0,,,,,0,0,0,0,,,0,,,,,0,0,0,0,,,0,,,,,0,0,0,0,,,0,,,,,0,0,0,0,,,0,,,,,0,0,0,0,,,0,,,,,0,0,0,0,,,0,,,,,0,0,0,0,,,0,0,0,0,0,0,0,0,0,,,0,0,0,0,0,0,0,0,0,,,0,0,0,0,0,0,0,0,0,,0,,0,0,0,0,0,,0,,,,,,0,,0,0,0,0,0,0,0,0,0,0,0,0,0,0,0,0,0,0,0,0,0,0,0,0,0,0,0,0,0,0,0,0,166,,,,,,,,,,,,,,,,,,,,,,,,,,,,,,,,
9/1/2026,2025,20260757,47745,602,"ENABLE GAS TRANSMISSION, LLC",Natural Gas,INTERSTATE,MISSOURI,0,0,0,0,,,0,,,,,0,0,0,0,,,0,,,,,0,0,0,0,,,0,,,,,0,0,0,0,,,0,,,,,0,0,0,0,,,0,,,,,0,0,0,0,,,0,,,,,0,0,0,0,,,0,,,,,0,0,0,0,,,0,,,,,0,0,0,0,,,0,,,,,0,0,0,0,,,0,,,,,0,0,0,0,,,0,0,0,0,0,0,0,0,0,,,0,0,0,0,0,0,0,0,0,,,0,0,0,0,0,0,0,0,0,,0,,0,0,0,0,0,,0,,,,,,0,,0,0,0,0,0,0,0,0,0,0,0,0,0,0,0,0,0,0,0,0,0,0,0,0,0,0,0,0,0,0,0,0,4,,,,,,,,,,,,,,,,,,,,,,,,,,,,,,,,
9/1/2026,2025,20260757,47745,602,"ENABLE GAS TRANSMISSION, LLC",Natural Gas,INTERSTATE,OKLAHOMA,0,0,1,1,,,0,,,,,0,0,0,0,,,0,,,,,0,0,0,0,,,0,,,,,0,0,0,0,,,0,,,,,0,0,0,0,,,0,,,,,0,0,0,4,,,0,,,,,0,0,0,0,,,0,,,,,0,0,0,0,,,0,,,,,0,0,0,0,,,0,,,,,0,0,0,0,,,0,,,,,0,0,0,0,,,0,0,0,0,0,0,0,0,0,,,0,0,0,0,0,0,0,0,0,,,0,0,0,0,0,0,0,1,5,,0,,0,0,0,0,0,,0,,,,,,0,,0,0,0,0,0,0,0,0,0,0,0,0,1,1,0,0,0,0,0,0,0,0,0,0,0,0,0,0,0,0,0,1,7884,,,,,,,,,,,,,,,,,,,,,,,,,,,,,,,,
9/1/2026,2025,20260757,47745,602,"ENABLE GAS TRANSMISSION, LLC",Natural Gas,INTERSTATE,TENNESSEE,0,0,0,0,,,0,,,,,0,0,0,0,,,0,,,,,0,0,0,0,,,0,,,,,0,0,0,0,,,0,,,,,0,0,0,0,,,0,,,,,0,0,0,0,,,0,,,,,0,0,0,0,,,0,,,,,0,0,0,0,,,0,,,,,0,0,0,0,,,0,,,,,0,0,0,0,,,0,,,,,0,0,0,0,,,0,0,0,0,0,0,0,0,0,,,0,0,0,0,0,0,0,0,0,,,0,0,0,0,0,0,0,0,0,,0,,0,0,0,0,0,,0,,,,,,0,,0,0,0,0,0,0,0,0,0,0,0,0,0,0,0,0,0,0,0,0,0,0,0,0,0,0,0,0,0,0,0,0,33,,,,,,,,,,,,,,,,,,,,,,,,,,,,,,,,
9/1/2026,2025,20260757,47745,602,"ENABLE GAS TRANSMISSION, LLC",Natural Gas,INTERSTATE,TEXAS,0,0,0,0,,,0,,,,,0,0,0,0,,,0,,,,,0,0,0,0,,,0,,,,,0,0,0,0,,,0,,,,,0,0,0,0,,,0,,,,,0,0,0,0,,,0,,,,,0,0,0,0,,,0,,,,,0,0,0,0,,,0,,,,,0,0,0,0,,,0,,,,,0,0,0,0,,,0,,,,,0,0,0,0,,,0,0,0,0,0,0,0,0,0,,,0,0,0,0,0,0,0,0,0,,,0,0,0,0,0,0,0,0,0,,0,,0,0,0,0,0,,0,,,,,,0,,0,0,0,0,0,0,0,0,0,0,0,0,0,0,0,0,0,0,0,0,0,0,0,0,0,0,0,0,0,0,0,0,3567,,,,,,,,,,,,,,,,,,,,,,,,,,,,,,,,
9/1/2026,2025,20261165,48178,603,SUMMIT UTILITIES INC.,Natural Gas,INTRASTATE,ARKANSAS,0,0,0,2,0,0,0,0,0,0,0,0,0,0,0,0,0,0,0,0,0,0,0,0,0,0,0,0,0,0,0,0,0,0,0,0,0,0,0,0,0,0,0,0,0,0,0,0,0,0,0,0,0,0,0,0,0,0,0,0,0,0,0,0,0,0,0,0,0,2,0,0,0,0,0,0,0,0,0,0,0,0,0,0,0,0,0,0,0,0,0,0,0,0,0,0,0,0,0,0,0,0,0,0,0,0,0,0,0,0,0,0,0,0,0,0,0,0,0,0,0,0,0,0,0,0,0,0,0,0,0,0,1,0,0,0,0,0,0,0,0,0,0,1,0,0,4,0,0,0,0,0,0,0,0,,0,0,0,0,0,0,0,0,0,1,0,0,0,0,1,0,0,0,0,0,0,0,0,0,0,0,0,0,0,0,0,0,0,0,0,0,0,0,0,1,485,,,,,,,,,,,,,,,,,,,,,,,,,,,,,,,0,
9/1/2026,2025,20261171,48184,621,ARKANSAS OKLAHOMA GAS CORP,Natural Gas,INTRASTATE,ARKANSAS,0,0,0,0,,,0,,,,,0,0,0,0,,,0,,,,,0,0,0,0,,,0,,,,,0,0,0,0,,,0,,,,,0,0,0,0,,,0,,,,,0,0,0,0,,,0,,,,,0,0,0,0,,,0,,,,,0,0,0,0,,,0,,,,,0,0,0,0,,,0,,,,,0,0,0,0,,,0,,,,,0,0,0,0,,,0,0,0,0,0,0,0,0,0,,,0,0,0,0,0,0,0,0,0,,,0,0,0,0,0,0,0,0,0,,0,,0,0,0,0,0,,0,,,,,,0,,0,,,,,,,,,,,,,,,,,,,,,,,,,,,,,,,0,51,,,,,,,,,,,,,,,,,,,,,,,,,,,,,,,,
9/1/2026,2025,20261171,48184,621,ARKANSAS OKLAHOMA GAS CORP,Natural Gas,INTRASTATE,OKLAHOMA,0,0,0,0,,,0,,,,,0,0,0,0,,,0,,,,,0,0,0,0,,,0,,,,,0,0,0,0,,,0,,,,,0,0,0,0,,,0,,,,,0,0,0,0,,,0,,,,,0,0,0,0,,,0,,,,,0,0,0,0,,,0,,,,,0,0,0,0,,,0,,,,,0,0,0,0,,,0,,,,,0,0,0,0,,,0,0,0,0,0,0,0,0,0,,,0,0,0,0,0,0,0,0,0,,,0,0,0,0,0,0,0,0,0,,0,,0,0,0,0,0,,0,,,,,,0,,0,0,0,0,0,0,0,0,0,0,0,0,0,0,0,0,0,0,0,0,0,0,0,0,0,0,0,0,0,0,0,0,91,,,,,,,,,,,,,,,,,,,,,,,,,,,,,,,,
9/1/2026,2025,20260083,47037,660,"ARLINGTON ENERGY GROUP, LLC",Natural Gas,INTRASTATE,MISSISSIPPI,0,0,0,0,0,0,0,0,0,0,0,0,0,0,0,0,0,0,0,0,0,0,0,0,0,0,0,0,0,0,0,0,0,0,0,0,0,0,0,0,0,0,0,0,0,0,0,0,0,0,0,0,0,0,0,0,0,0,0,0,0,0,0,0,0,0,0,0,0,0,0,0,0,0,0,0,0,0,0,0,0,0,0,0,0,0,0,0,0,0,0,0,0,0,0,0,0,0,0,0,0,0,0,0,0,0,0,0,0,0,0,0,0,0,0,0,0,0,0,0,0,0,0,0,0,0,0,0,0,0,0,0,0,0,0,0,0,0,0,0,0,0,0,0,0,0,0,0,0,0,0,0,0,0,0,,0,0,0,0,0,0,0,0,0,,,,,,,,,,,,,,,,,,,,,,,,,,,,,,,0,136,,,,,,,,,,,,,,,,,,,,,,,,,,,,,,,0,
9/1/2026,2025,20261211,48224,792,ATLANTA GAS LIGHT CO,Landfill Gas,INTRASTATE,GEORGIA,0,0,0,0,0,0,0,0,0,0,0,0,0,0,0,0,0,0,0,0,0,0,0,0,0,0,0,0,0,0,0,0,0,0,0,0,0,0,0,0,0,0,0,0,0,0,0,0,0,0,0,0,0,0,0,0,0,0,0,0,0,0,0,0,0,0,0,0,0,0,0,0,0,0,0,0,0,0,0,0,0,0,0,0,0,0,0,0,0,0,0,0,0,0,0,0,0,0,0,0,0,0,0,0,0,0,0,0,0,0,0,0,0,0,0,0,0,0,0,0,0,0,0,0,0,0,0,0,0,0,0,0,0,0,0,0,0,0,0,0,0,0,0,0,0,0,0,0,0,0,0,0,0,0,0,,0,0,0,0,0,0,0,0,0,0,0,0,0,0,0,0,0,0,0,0,0,0,0,0,0,0,0,0,0,0,0,0,0,0,0,0,0,0,0,0,0,,,,,,,,,,,,,,,,,,,,,,,,,,,,,,,0,
9/1/2026,2025,20261276,48289,792,ATLANTA GAS LIGHT CO,Natural Gas,INTRASTATE,GEORGIA,0,0,0,0,0,0,0,0,0,0,0,0,0,0,0,0,0,0,0,0,0,0,0,0,0,0,0,0,0,0,0,0,0,0,0,0,0,0,0,0,0,0,0,0,0,0,0,0,0,0,0,0,0,0,0,1,0,0,0,0,0,0,0,0,0,0,0,0,0,0,0,0,0,0,0,0,0,0,0,0,0,0,0,0,0,0,0,0,0,0,0,0,0,0,0,0,0,0,0,0,0,0,0,0,0,0,0,0,0,0,0,0,0,0,0,0,0,0,0,0,0,0,0,0,0,0,0,0,0,0,0,0,0,0,0,0,0,0,0,0,0,0,0,1,0,0,0,0,0,0,0,0,0,0,0,,0,0,0,0,0,0,0,0,0,0,0,0,0,0,0,0,0,0,0,0,0,0,0,0,0,0,0,0,0,0,0,0,0,0,0,0,0,0,0,0,23388,,,,,,,,,,,,,,,,,,,,,,,,,,,,,,,0,
9/1/2026,2025,20261099,48110,840,MOJAVE PIPELINE OPERATING COMPANY,Natural Gas,INTERSTATE,ARIZONA,0,0,0,0,0,0,0,0,0,0,0,0,0,0,0,0,0,0,0,0,0,0,0,0,0,0,0,0,0,0,0,0,0,0,0,0,0,0,0,0,0,0,0,0,0,0,0,0,0,0,0,0,0,0,0,0,0,0,0,0,0,0,0,0,0,0,0,0,0,0,0,0,0,0,0,0,0,0,0,0,0,0,0,0,0,0,0,0,0,0,0,0,0,0,0,0,0,0,0,0,0,0,0,0,0,0,0,0,0,0,0,0,0,0,0,0,0,0,0,0,0,0,0,0,0,0,0,0,0,0,0,0,0,0,0,0,0,0,0,0,0,0,0,0,0,0,0,0,0,0,0,0,0,0,0,,0,0,0,0,0,0,0,0,0,0,0,0,0,0,0,0,0,0,0,0,0,0,0,0,0,0,0,0,0,0,0,0,0,0,0,0,0,0,0,0,38,,,,,,,,,,,,,,,,,,,,,,,,,,,,,,,0,
9/1/2026,2025,20261099,48110,840,MOJAVE PIPELINE OPERATING COMPANY,Natural Gas,INTERSTATE,CALIFORNIA,0,0,0,0,0,0,0,0,0,0,0,0,0,0,0,0,0,0,0,0,0,0,0,0,0,0,0,0,0,0,0,0,0,0,0,0,0,0,0,0,0,0,0,0,0,0,0,0,0,0,0,0,0,0,0,0,0,0,0,0,0,0,0,0,0,0,0,0,0,0,0,0,0,0,0,0,0,0,0,0,0,0,0,0,0,0,0,0,0,0,0,0,0,0,0,0,0,0,0,0,0,0,0,0,0,0,0,0,0,0,0,0,0,1,0,0,0,0,0,0,0,0,0,0,0,0,0,0,0,0,0,0,0,0,0,0,0,0,0,0,0,0,0,0,0,0,1,0,0,0,0,0,0,0,0,,0,0,0,0,0,0,0,0,0,0,0,0,0,0,0,0,0,0,0,0,0,0,0,0,0,0,0,0,0,0,0,0,0,0,0,0,0,0,0,0,2831,,,,,,,,,,,,,,,,,,,,,,,,,,,,,,,0,
9/1/2026,2025,20260574,47557,842,AIR LIQUIDE LARGE INDUSTRIES U.S. LP,Hydrogen Gas,INTRASTATE,LOUISIANA,0,0,0,0,0,0,0,0,0,0,0,0,0,0,0,0,0,0,0,0,0,0,0,0,0,0,0,0,0,0,0,0,0,0,0,0,0,0,0,0,0,0,0,0,0,0,0,0,0,0,0,0,0,0,0,0,0,0,0,0,0,0,0,0,0,0,0,0,0,0,0,0,0,0,0,0,0,0,0,0,0,0,0,0,0,0,0,0,0,0,0,0,0,0,0,0,0,0,0,0,0,0,0,0,0,0,0,0,0,0,0,0,0,0,0,0,0,0,0,0,0,0,0,0,0,0,0,0,0,0,0,0,0,0,0,0,0,0,0,0,0,0,0,0,0,0,0,0,0,0,0,0,0,0,0,,0,,,,,,0,,0,,,,,,,,,,,,,,,,,,,,,,,,,,,,,,,0,35,,,,,,,,,,,,,,,,,,,,,,,,,,,,,,,,
9/1/2026,2025,20260574,47557,842,AIR LIQUIDE LARGE INDUSTRIES U.S. LP,Hydrogen Gas,INTRASTATE,TEXAS,0,0,0,0,,,0,,,,,0,0,0,0,,,0,,,,,0,0,0,0,,,0,,,,,0,0,0,0,,,0,,,,,0,0,0,0,,,0,,,,,0,0,0,0,,,0,,,,,0,0,0,0,,,0,,,,,0,0,0,0,,,0,,,,,0,0,0,0,,,0,,,,,0,0,0,0,,,0,,,,,0,0,0,0,,,0,0,0,0,0,0,0,0,0,,,0,0,0,0,0,0,0,0,0,,,0,0,0,0,0,0,0,0,0,,0,,0,0,0,0,0,,0,,,,,,0,,0,,,,,,,,,,,,,,,,,,,,,,,,,,,,,,,0,5307,,,,,,,,,,,,,,,,,,,,,,,,,,,,,,,,
9/1/2026,2025,20260577,47560,842,AIR LIQUIDE LARGE INDUSTRIES U.S. LP,Natural Gas,INTRASTATE,LOUISIANA,0,0,0,0,0,0,0,0,0,0,0,0,0,0,0,0,0,0,0,0,0,0,0,0,0,0,0,0,0,0,0,0,0,0,0,0,0,0,0,0,0,0,0,0,0,0,0,0,0,0,0,0,0,0,0,0,0,0,0,0,0,0,0,0,0,0,0,0,0,0,0,0,0,0,0,0,0,0,0,0,0,0,0,0,0,0,0,0,0,0,0,0,0,0,0,0,0,0,0,0,0,0,0,0,0,0,0,0,0,0,0,0,0,0,0,0,0,0,0,0,0,0,0,0,0,0,0,0,0,0,0,0,0,0,0,0,0,0,0,0,0,0,0,0,0,0,0,0,0,0,0,0,0,0,0,,0,0,0,0,0,0,0,0,0,,,,,,,,,,,,,,,,,,,,,,,,,,,,,,,0,30,,,,,,,,,,,,,,,,,,,,,,,,,,,,,,,0,
9/1/2026,2025,20260577,47560,842,AIR LIQUIDE LARGE INDUSTRIES U.S. LP,Natural Gas,INTRASTATE,TEXAS,0,0,0,0,0,0,0,0,0,0,0,0,0,0,0,0,0,0,0,0,0,0,0,0,0,0,0,0,0,0,0,0,0,0,0,0,0,0,0,0,0,0,0,0,0,0,0,0,0,0,0,0,0,0,0,0,0,0,0,0,0,0,0,0,0,0,0,0,0,0,0,0,0,0,0,0,0,0,0,0,0,0,0,0,0,0,0,0,0,0,0,0,0,0,0,0,0,0,0,0,0,0,0,0,0,0,0,0,0,0,0,0,0,0,0,0,0,0,0,0,0,0,0,0,0,0,0,0,0,0,0,0,0,0,0,0,0,0,0,0,0,0,0,0,0,0,0,0,0,0,0,0,0,0,0,,0,0,0,0,0,0,0,0,0,,,,,,,,,,,,,,,,,,,,,,,,,,,,,,,0,153,,,,,,,,,,,,,,,,,,,,,,,,,,,,,,,0,
9/1/2026,2025,20260573,47556,842,AIR LIQUIDE LARGE INDUSTRIES U.S. LP,Synthetic Gas,INTRASTATE,TEXAS,0,0,0,0,0,0,0,0,0,0,0,0,0,0,0,0,0,0,0,0,0,0,0,0,0,0,0,0,0,0,0,0,0,0,0,0,0,0,0,0,0,0,0,0,0,0,0,0,0,0,0,0,0,0,0,0,0,0,0,0,0,0,0,0,0,0,0,0,0,0,0,0,0,0,0,0,0,0,0,0,0,0,0,0,0,0,0,0,0,0,0,0,0,0,0,0,0,0,0,0,0,0,0,0,0,0,0,0,0,0,0,0,0,0,0,0,0,0,0,0,0,0,0,0,0,0,0,0,0,0,0,0,0,0,0,0,0,0,0,0,0,0,0,0,0,0,0,0,0,0,0,0,0,0,0,,0,0,0,0,0,0,0,0,0,,,,,,,,,,,,,,,,,,,,,,,,,,,,,,,0,142,,,,,,,,,,,,,,,,,,,,,,,,,,,,,,,0,
9/1/2026,2025,20260999,48002,844,KERN RIVER GAS TRANSMISSION CO,Natural Gas,INTERSTATE,CALIFORNIA,0,0,0,0,,,0,,,,,0,0,0,0,,,0,,,,,0,0,0,0,,,0,,,,,0,0,0,0,,,0,,,,,0,0,0,0,,,0,,,,,0,0,0,0,,,0,,,,,0,0,0,0,,,0,,,,,0,0,0,0,,,0,,,,,0,0,0,0,,,0,,,,,0,0,0,0,,,0,,,,,0,0,0,0,,,0,0,0,0,0,0,0,0,0,,,0,0,0,0,0,0,0,0,0,,,0,0,0,0,0,0,0,0,0,,0,,0,0,0,0,0,,0,,,,,,0,,0,0,0,0,0,0,0,0,0,0,0,0,0,0,0,0,0,0,0,0,0,0,0,0,0,0,0,0,0,0,0,0,1082,,,,,,,,,,,,,,,,,,,,,,,,,,,,,,,,
9/1/2026,2025,20260999,48002,844,KERN RIVER GAS TRANSMISSION CO,Natural Gas,INTERSTATE,NEVADA,0,0,0,0,,,0,,,,,0,0,0,0,,,0,,,,,0,0,0,0,,,0,,,,,0,0,0,0,,,0,,,,,0,0,0,0,,,0,,,,,0,0,0,2,,,0,,,,,0,0,0,0,,,0,,,,,0,0,0,0,,,0,,,,,0,0,0,0,,,0,,,,,0,0,0,0,,,0,,,,,0,0,0,0,,,0,0,0,0,0,0,0,0,0,,,0,0,0,0,0,0,0,0,0,,,0,0,0,0,0,0,0,0,2,,0,,0,0,0,0,0,,2,0,0,0,0,0,2,0,2,0,0,0,0,0,0,0,0,0,0,0,0,0,0,0,0,0,0,0,0,0,0,0,0,0,0,0,0,0,0,0,4458,,,,,,,,,,,,,,,,,,,,,,,,,,,,,,,,
9/1/2026,2025,20260999,48002,844,KERN RIVER GAS TRANSMISSION CO,Natural Gas,INTERSTATE,UTAH,0,0,0,0,0,0,0,0,0,0,0,0,0,0,0,0,0,0,0,0,0,0,0,0,0,0,0,0,0,0,0,0,0,0,0,0,0,0,0,0,0,0,0,0,0,0,0,0,0,0,0,0,0,0,0,0,0,0,6,0,0,0,0,0,0,0,0,0,0,0,0,0,0,0,0,0,0,0,0,0,0,0,0,0,0,0,0,0,0,0,0,0,0,0,0,0,0,0,0,0,0,0,0,0,0,0,0,0,0,0,0,0,0,0,0,0,0,0,0,0,0,0,0,0,0,0,0,0,0,0,0,0,0,0,0,0,0,0,0,0,0,0,0,0,0,0,6,0,0,0,0,0,0,0,0,,2,0,0,0,0,0,2,0,2,0,0,0,0,0,0,0,0,0,0,0,0,0,0,0,0,0,0,0,0,0,0,0,0,0,0,0,0,0,0,0,10756,,,,,,,,,,,,,,,,,,,,,,,,,,,,,,,0,
9/1/2026,2025,20260999,48002,844,KERN RIVER GAS TRANSMISSION CO,Natural Gas,INTERSTATE,WYOMING,0,0,0,0,0,0,0,0,0,0,0,0,0,0,0,0,0,0,0,0,0,0,0,0,0,0,0,0,0,0,0,0,0,0,0,0,0,0,0,0,0,0,0,0,0,0,0,0,0,0,0,0,0,0,0,0,0,0,0,0,0,0,0,0,0,0,0,0,0,1,0,0,0,0,0,0,0,0,0,0,0,0,0,0,0,0,0,0,0,0,0,0,0,0,0,0,0,0,0,0,0,0,0,0,0,0,0,0,0,0,0,0,0,0,0,0,0,0,0,0,0,0,0,0,0,0,0,0,0,0,0,0,0,0,0,0,0,0,0,0,0,0,0,0,0,0,1,0,0,0,0,0,0,0,0,,0,0,0,0,0,0,0,0,0,0,0,0,0,0,0,0,0,0,0,0,0,0,0,0,0,0,0,0,0,0,0,0,0,0,0,0,0,0,0,0,175,,,,,,,,,,,,,,,,,,,,,,,,,,,,,,,0,
9/1/2026,2025,20260695,47680,872,LAFITTE GAS PIPELINE,Hydrogen Gas,INTRASTATE,LOUISIANA,0,0,0,0,0,0,0,0,0,0,0,0,0,0,0,0,0,0,0,0,0,0,0,0,0,0,0,0,0,0,0,0,0,0,0,0,0,0,0,0,0,0,0,0,0,0,0,0,0,0,0,0,0,0,0,0,0,0,0,0,0,0,0,0,0,0,0,0,0,0,0,0,0,0,0,0,0,0,0,0,0,0,0,0,0,0,0,0,0,0,0,0,0,0,0,0,0,0,0,0,0,0,0,0,0,0,0,0,0,0,0,0,0,0,0,0,0,0,0,0,0,0,0,0,0,0,0,0,0,0,0,0,0,0,0,0,0,0,0,0,0,0,0,0,0,0,0,0,0,0,0,0,0,0,0,,0,0,0,0,0,0,0,0,0,,,,,,,,,,,,,,,,,,,,,,,,,,,,,,,0,307,,,,,,,,,,,,,,,,,,,,,,,,,,,,,,,0,
9/1/2026,2025,20260694,47679,872,LAFITTE GAS PIPELINE,Natural Gas,INTRASTATE,LOUISIANA,0,0,0,0,0,0,0,0,0,0,0,0,0,0,0,0,0,0,0,0,0,0,0,0,0,0,0,0,0,0,0,0,0,0,0,0,0,0,0,0,0,0,0,0,0,0,0,0,0,0,0,0,0,0,0,0,0,0,0,0,0,0,0,0,0,0,0,0,0,0,0,0,0,0,0,0,0,0,0,0,0,0,0,0,0,0,0,0,0,0,0,0,0,0,0,0,0,0,0,0,0,0,0,0,0,0,0,0,0,0,0,0,0,0,0,0,0,0,0,0,0,0,0,0,0,0,0,0,0,0,0,0,0,0,0,0,0,0,0,0,0,0,0,0,0,0,0,0,0,0,0,0,0,0,0,,0,0,0,0,0,0,0,0,0,,,,,,,,,,,,,,,,,,,,,,,,,,,,,,,0,230,,,,,,,,,,,,,,,,,,,,,,,,,,,,,,,0,
9/1/2026,2025,20261229,48242,878,EAST KENTUCKY MIDSTREAM,Natural Gas,INTRASTATE,KENTUCKY,0,0,0,3,0,0,0,0,0,7,0,0,0,0,0,0,0,0,0,0,0,0,0,0,0,0,0,0,0,0,0,0,0,0,0,0,0,0,0,0,0,0,0,0,0,0,0,0,0,0,0,0,0,0,0,0,0,0,0,0,0,0,0,0,0,0,0,0,0,0,0,0,0,0,0,0,0,0,0,0,0,0,0,0,0,0,0,0,0,0,0,0,0,0,0,0,0,0,0,0,0,0,0,0,0,0,0,0,0,0,0,0,0,0,0,0,0,0,0,0,0,0,0,0,0,0,0,0,0,0,0,0,0,0,0,0,0,0,0,0,0,0,0,0,0,0,3,0,0,0,0,0,7,0,0,0,0,0,0,0,0,0,0,0,0,,,,,,,,,,,,,,,,,,,,,,,,,,,,,,,0,48,,,,,,,,,,,,,,,,,,,,,,,,,,,,,,,0,0
9/1/2026,2025,20260147,47102,899,5P GAS PIPELINE COMPANY,Natural Gas,INTRASTATE,TEXAS,0,0,0,0,0,0,0,0,0,0,0,0,0,0,0,0,0,0,0,0,0,0,0,0,0,0,0,0,0,0,0,0,0,0,0,0,0,0,0,0,0,0,0,0,0,0,0,0,0,0,0,0,0,0,0,0,0,0,0,0,0,0,0,0,0,0,0,0,0,0,0,0,0,0,0,0,0,0,0,0,0,0,0,0,0,0,0,0,0,0,0,0,0,0,0,0,0,0,0,0,0,0,0,0,0,0,0,0,0,0,0,0,0,0,0,0,0,0,0,0,0,0,0,0,0,0,0,0,0,0,0,0,0,0,0,0,0,0,0,0,0,0,0,0,0,0,0,0,0,0,0,0,0,0,0,,0,0,0,0,0,0,0,0,0,,,,,,,,,,,,,,,,,,,,,,,,,,,,,,,0,109,,,,,,,,,,,,,,,,,,,,,,,,,,,,,,,0,
9/1/2026,2025,20260859,48539,920,NATGAS INC.,Natural Gas,INTRASTATE,TEXAS,0,0,0,0,0,0,0,0,0,0,0,0,0,0,0,0,0,0,0,0,0,0,0,0,0,0,0,0,0,0,0,0,0,0,0,0,0,0,0,0,0,0,0,0,0,0,0,0,0,0,0,0,0,0,0,0,0,0,0,0,0,0,0,0,0,0,0,0,0,0,0,0,0,0,0,0,0,0,0,0,0,0,0,0,0,0,0,0,0,0,0,0,0,0,0,0,0,0,0,0,0,0,0,0,0,0,0,0,0,0,0,0,0,0,0,0,0,0,0,0,0,0,0,0,0,0,0,0,0,0,0,0,0,0,0,0,0,0,0,0,0,0,0,0,0,0,0,0,0,0,0,0,0,0,0,,0,0,0,0,0,0,0,0,0,0,0,0,0,0,0,0,0,0,0,0,0,0,0,0,0,0,0,0,0,0,0,0,0,0,0,0,0,0,0,0,0,,,,,,,,,,,,,,,,,,,,,,,,,,,,,,,0,
9/1/2026,2025,20260114,47068,929,"SEBRING GAS SYSTEM, INC",Natural Gas,INTRASTATE,FLORIDA,0,0,0,0,0,0,0,0,0,0,0,0,0,0,0,0,0,0,0,0,0,0,0,0,0,0,0,0,0,0,0,0,0,0,0,0,0,0,0,0,0,0,0,0,0,0,0,0,0,0,0,0,0,0,0,0,0,0,0,0,0,0,0,0,0,0,0,0,0,0,0,0,0,0,0,0,0,0,0,0,0,0,0,0,0,0,0,0,0,0,0,0,0,0,0,0,0,0,0,0,0,0,0,0,0,0,0,0,0,0,0,0,0,0,0,0,0,0,0,0,0,0,0,0,0,0,0,0,0,0,0,0,0,0,0,0,0,0,0,0,0,0,0,0,0,0,0,0,0,0,0,0,0,0,0,,0,0,0,0,0,0,0,0,0,,,,,,,,,,,,,,,,,,,,,,,,,,,,,,,0,3333,,,,,,,,,,,,,,,,,,,,,,,,,,,,,,,0,
9/1/2026,2025,20261238,48251,967,"PINEDALE NATURAL GAS, INC",Natural Gas,INTRASTATE,WYOMING,,0,0,0,,,,,,,,,0,0,0,,,,,,,,,0,0,0,,,,,,,,,0,0,0,,,,,,,,,0,0,0,,,,,,,,,0,0,0,,,,,,,,,0,0,0,,,,,,,,,0,0,0,,,,,,,,,0,0,0,,,,,,,,,0,0,0,,,,,,,,,0,0,0,,,,0,0,0,0,,0,0,0,,,,0,0,0,0,,0,0,0,,,,0,0,0,0,,0,0,0,,,,0,0,0,0,,,,,,,,,,,,,,,,,,,,,,,,,,,,,,,,,,,,,,,,,,0,811,,,,,,,,,,,,,,,,,,,,,,,,,,,,,,,,
9/1/2026,2025,20260044,46995,978,LAWRENCE PAPER CO,Natural Gas,INTRASTATE,KANSAS,0,0,0,0,0,0,0,0,0,0,0,0,0,0,0,0,0,0,0,0,0,0,0,0,0,0,0,0,0,0,0,0,0,0,0,0,0,0,0,0,0,0,0,0,0,0,0,0,0,0,0,0,0,0,0,0,0,0,0,0,0,0,0,0,0,0,0,0,0,0,0,0,0,0,0,0,0,0,0,0,0,0,0,0,0,0,0,0,0,0,0,0,0,0,0,0,0,0,0,0,0,0,0,0,0,0,0,0,0,0,0,0,0,0,0,0,0,0,0,0,0,0,0,0,0,0,0,0,0,0,0,0,0,0,0,0,0,0,0,0,0,0,0,0,0,0,0,0,0,0,0,0,0,0,0,,0,0,0,0,0,0,0,0,0,,,,,,,,,,,,,,,,,,,,,,,,,,,,,,,0,15,,,,,,,,,,,,,,,,,,,,,,,,,,,,,,,0,
9/1/2026,2025,20261354,48367,980,APPALACHIAN NATURAL GAS DISTRIBUTION COMPANY,Natural Gas,INTRASTATE,VIRGINIA,0,0,0,0,0,0,0,0,0,0,0,0,0,0,0,0,0,0,0,0,0,0,0,0,0,0,0,0,0,0,0,0,0,0,0,0,0,0,0,0,0,0,0,0,0,0,0,0,0,0,0,0,0,0,0,0,0,0,0,0,0,0,0,0,0,0,0,0,0,0,0,0,0,0,0,0,0,0,0,0,0,0,0,0,0,0,0,0,0,0,0,0,0,0,0,0,0,0,0,0,0,0,0,0,0,0,0,0,0,0,0,0,0,0,0,0,0,0,0,0,0,0,0,0,0,0,0,0,0,0,0,0,0,0,0,0,0,0,0,0,0,0,0,0,0,0,0,0,0,0,0,0,0,0,0,,0,0,0,0,0,0,0,0,0,,,,,,,,,,,,,,,,,,,,,,,,,,,,,,,0,5,,,,,,,,,,,,,,,,,,,,,,,,,,,,,,,,
9/1/2026,2025,20260614,47597,993,CROSSROADS PIPELINE COMPANY,Natural Gas,INTERSTATE,INDIANA,0,0,0,0,,,0,,,,,0,0,0,0,,,0,,,,,0,0,0,0,,,0,,,,,0,0,0,0,,,0,,,,,0,0,0,0,,,0,,,,,0,0,0,0,,,0,,,,,0,0,0,0,,,0,,,,,0,0,0,0,,,0,,,,,0,0,0,0,,,0,,,,,0,0,0,0,,,0,,,,,0,0,0,0,,,0,0,0,0,0,0,0,0,0,,,0,0,0,0,0,0,0,0,0,,,0,0,0,0,0,0,0,0,0,,0,,0,0,0,0,0,,0,,,,,,0,,0,,,,,,,,,,,,,,,,,,,,,,,,,,,,,,,0,6075,,,,,,,,,,,,,,,,,,,,,,,,,,,,,,,,
9/1/2026,2025,20260614,47597,993,CROSSROADS PIPELINE COMPANY,Natural Gas,INTERSTATE,OHIO,0,0,0,0,,,0,,,,,0,0,0,0,,,0,,,,,0,0,0,0,,,0,,,,,0,0,0,0,,,0,,,,,0,0,0,0,,,0,,,,,0,0,0,0,,,0,,,,,0,0,0,0,,,0,,,,,0,0,0,0,,,0,,,,,0,0,0,0,,,0,,,,,0,0,0,0,,,0,,,,,0,0,0,0,,,0,0,0,0,0,0,0,0,0,,,0,0,0,0,0,0,0,0,0,,,0,0,0,0,0,0,0,0,0,,0,,0,0,0,0,0,,0,,,,,,0,,0,,,,,,,,,,,,,,,,,,,,,,,,,,,,,,,0,1,,,,,,,,,,,,,,,,,,,,,,,,,,,,,,,,
9/1/2026,2025,20260531,48448,994,"WILLIAMS FIELD SERVICES - GULF COAST COMPANY, LP",Natural Gas,INTERSTATE,ALABAMA,,0,0,0,,0,,,,0,0,,0,0,0,,0,,,,0,0,,0,0,0,,0,,,,0,0,,0,0,0,,0,,,,0,0,,0,0,0,,0,,,,0,0,,0,0,0,,0,,,,0,0,,0,0,0,,0,,,,0,0,,0,0,0,,0,,,,0,0,,0,0,0,,0,,,,0,0,,0,0,0,,0,,,,0,0,,0,0,0,,0,,,,0,0,,0,0,0,,0,,,,0,0,,0,0,0,,0,,,,0,0,,0,0,0,,,0,,,0,0,,0,,0,,,0,0,0,0,0,,,,,,,,,,,,,,,,,,,,,,,,,,,,,,,0,0,,,,,,,,,,,,,,,,,,,,,,,,,,,,,,,0,13
9/1/2026,2025,20260531,48448,994,"WILLIAMS FIELD SERVICES - GULF COAST COMPANY, LP",Natural Gas,INTERSTATE,OCS-Gulf of America,,,,,,,,,,,0,,,,,,,,,,,0,,,,,,,,,,,0,,,,,,,,,,,0,,,,,,,,,,,0,,,,,,,,,,,0,,,,,,,,,,,0,,,,,,,,,,,0,,,,,,,,,,,0,,,,,,,,,,,0,,,,,,,,,,,0,,,,,,,,,,,0,,,,,,,,,,,0,,,,,,,,,,,0,,,,,,,,,,,,,,,,,,,,,,,,,,,,,,,,,,,,,,,,,,,,,,,,,,,,,,,,,,,,,,,,,,,,,,,,,,0,0
9/1/2026,2025,20260531,48448,994,"WILLIAMS FIELD SERVICES - GULF COAST COMPANY, LP",Natural Gas,INTRASTATE,ALABAMA,,,,,,,,,,,,,,,,,,,,,,,,,,,,,,,,,,,,,,,,,,,,,,,,,,,,,,,,,,,,,,,,,,,,,,,,,,,,,,,,,,,,,,,,,,,,,,,,,,,,,,,,,,,,,,,,,,,,,,,,,,,,,,,,,,,,,,,,,,,,,,,,,,,,,,,,,,,,,,,,,,,,,,,,,,,,,,,,,,,,,,,,,,,,,,,,,,,,0,13,,,,,,,,,,,,,,,,,,,,,,,,,,,,,,,,
9/1/2026,2025,20260186,47143,997,MIDWAY SUNSET COGENERATION CO,Natural Gas,INTERSTATE,CALIFORNIA,0,0,0,0,0,0,0,0,0,0,0,0,0,0,0,0,0,0,0,0,0,0,0,0,0,0,0,0,0,0,0,0,0,0,0,0,0,0,0,0,0,0,0,0,0,0,0,0,0,0,0,0,0,0,0,0,0,0,0,0,0,0,0,0,0,0,0,0,0,0,0,0,0,0,0,0,0,0,0,0,0,0,0,0,0,0,0,0,0,0,0,0,0,0,0,0,0,0,0,0,0,0,0,0,0,0,0,0,0,0,0,0,0,0,0,0,0,0,0,0,0,0,0,0,0,0,0,0,0,0,0,0,0,0,0,0,0,0,0,0,0,0,0,0,0,0,0,0,0,0,0,0,0,0,0,,0,0,0,0,0,0,0,0,0,,,,,,,,,,,,,,,,,,,,,,,,,,,,,,,0,496,,,,,,,,,,,,,,,,,,,,,,,,,,,,,,,0,
9/1/2026,2025,20260751,47739,999,"PACIFIC COAST ENERGY COMPANY, LP",Natural Gas,INTRASTATE,CALIFORNIA,0,0,0,0,0,0,0,0,0,0,0,0,0,0,0,0,0,0,0,0,0,0,0,0,0,0,0,0,0,0,0,0,0,0,0,0,0,0,0,0,0,0,0,0,0,0,0,0,0,0,0,0,0,0,0,0,0,0,0,0,0,0,0,0,0,0,0,0,0,0,0,0,0,0,0,0,0,0,0,0,0,0,0,0,0,0,0,0,0,0,0,0,0,0,0,0,0,0,0,0,0,0,0,0,0,0,0,0,0,0,0,0,0,0,0,0,0,0,0,0,0,0,0,0,0,0,0,0,0,0,0,0,0,0,0,0,0,0,0,0,0,0,0,0,0,0,0,0,0,0,0,0,0,0,0,0,0,0,0,0,0,0,0,0,0,0,0,0,0,0,0,0,0,0,0,0,0,0,0,0,0,0,0,0,0,0,0,0,0,0,0,0,0,0,0,0,0,0,0,0,0,0,0,0,0,0,0,0,0,0,0,0,0,0,0,0,0,0,0,0,0,0,0,0,0,0,0,0,152
9/1/2026,2025,20260846,47842,1007,"TALLGRASS INTERSTATE GAS TRANSMISSION, LLC",Natural Gas,INTERSTATE,COLORADO,0,0,0,0,0,0,0,0,0,0,0,0,0,0,0,0,0,0,0,0,0,0,0,0,0,0,0,0,0,0,0,0,0,0,0,0,0,0,0,0,0,0,0,0,0,0,0,0,0,0,0,0,0,0,0,0,0,0,0,0,0,0,0,0,0,0,0,0,0,0,0,0,0,0,0,0,0,0,0,0,0,0,0,0,0,0,0,0,0,0,0,0,0,0,0,0,0,0,0,0,0,0,0,0,0,0,0,0,0,0,0,0,0,0,0,0,0,0,0,0,0,0,0,0,0,0,0,0,0,0,0,0,0,0,0,0,0,0,0,0,0,0,0,0,0,0,0,0,0,0,0,0,0,0,0,,0,0,0,0,0,0,0,0,0,0,0,0,0,0,0,0,0,0,0,0,0,0,0,0,0,0,0,0,0,0,0,0,0,0,0,0,0,0,0,0,1830,,,,,,,,,,,,,,,,,,,,,,,,,,,,,,,,
9/1/2026,2025,20260846,47842,1007,"TALLGRASS INTERSTATE GAS TRANSMISSION, LLC",Natural Gas,INTERSTATE,KANSAS,0,0,0,0,0,0,0,0,0,0,0,0,0,0,0,0,0,0,0,0,0,0,0,0,0,0,0,0,0,0,0,0,0,0,0,0,0,0,0,0,0,0,0,0,0,0,0,0,0,0,0,0,0,0,0,0,0,0,0,0,0,0,0,0,0,0,0,0,0,0,0,0,0,0,0,0,0,0,0,0,0,0,0,0,0,0,0,0,0,0,0,0,0,0,0,0,0,0,0,0,0,0,0,0,0,0,0,0,0,0,0,1,0,0,0,0,0,0,0,0,0,0,0,0,0,0,0,0,0,0,0,0,0,0,0,0,0,0,0,0,0,0,0,0,1,0,0,0,0,0,0,0,0,0,0,,0,0,0,0,0,0,0,0,0,0,0,0,0,0,0,0,0,0,0,0,0,0,0,0,0,0,0,0,0,0,0,0,0,0,0,0,0,0,0,0,3314,,,,,,,,,,,,,,,,,,,,,,,,,,,,,,,,
9/1/2026,2025,20260846,47842,1007,"TALLGRASS INTERSTATE GAS TRANSMISSION, LLC",Natural Gas,INTERSTATE,MISSOURI,0,0,0,0,0,0,0,0,0,0,0,0,0,0,0,0,0,0,0,0,0,0,0,0,0,0,0,0,0,0,0,0,0,0,0,0,0,0,0,0,0,0,0,0,0,0,0,0,0,0,0,0,0,0,0,0,0,0,0,0,0,0,0,0,0,0,0,0,0,0,0,0,0,0,0,0,0,0,0,0,0,0,0,0,0,0,0,0,0,0,0,0,0,0,0,0,0,0,0,0,0,0,0,0,0,0,0,0,0,0,0,0,0,0,0,0,0,0,0,0,0,0,0,0,0,0,0,0,0,0,0,0,0,0,0,0,0,0,0,0,0,0,0,0,0,0,0,0,0,0,0,0,0,0,0,,0,0,0,0,0,0,0,0,0,0,0,0,0,0,0,0,0,0,0,0,0,0,0,0,0,0,0,0,0,0,0,0,0,0,0,0,0,0,0,0,561,,,,,,,,,,,,,,,,,,,,,,,,,,,,,,,,
9/1/2026,2025,20260846,47842,1007,"TALLGRASS INTERSTATE GAS TRANSMISSION, LLC",Natural Gas,INTERSTATE,NEBRASKA,0,0,0,0,,,0,,,,,0,0,0,0,,,0,,,,,0,0,0,0,,,0,,,,,0,0,0,0,,,0,,,,,0,0,0,0,,,0,,,,,0,0,0,2,,,0,,,,,0,0,0,0,,,0,,,,,0,0,0,1,,,0,,,,,0,0,0,0,,,0,,,,,0,0,0,0,,,0,,,,,0,0,0,2,,,0,0,0,0,0,0,0,0,0,,,0,0,0,0,0,0,0,0,0,,,0,0,0,0,0,0,0,0,5,,0,,0,0,0,0,2,,0,0,0,0,0,0,0,0,0,2,0,0,0,0,2,0,0,0,0,0,0,0,0,0,0,0,0,0,0,0,0,0,0,0,0,0,0,0,0,2,7922,,,,,,,,,,,,,,,,,,,,,,,,,,,,,,,,
9/1/2026,2025,20260846,47842,1007,"TALLGRASS INTERSTATE GAS TRANSMISSION, LLC",Natural Gas,INTERSTATE,WYOMING,0,0,0,0,0,0,0,0,0,0,0,0,0,0,0,0,0,0,0,0,0,0,0,0,0,0,0,0,0,0,0,0,0,0,0,0,0,0,0,0,0,0,0,0,0,0,0,0,0,0,0,0,0,0,0,0,0,0,0,0,0,0,0,0,0,0,0,0,0,0,0,0,0,0,0,0,0,0,0,0,0,0,0,0,0,0,0,0,0,0,0,0,0,0,0,0,0,0,0,0,0,0,0,0,0,0,0,0,0,0,0,0,0,0,0,0,0,0,0,0,0,0,0,0,0,0,0,0,0,0,0,0,0,0,0,1,0,0,0,0,0,0,0,0,0,0,1,0,0,0,0,0,0,0,0,0,0,0,0,0,0,0,0,0,0,0,0,0,0,0,0,0,0,0,0,0,0,0,0,0,0,0,0,0,0,0,0,0,0,0,0,0,0,0,0,0,1900,0,0,0,0,0,0,0,0,0,0,0,0,0,0,0,0,0,0,0,0,0,0,0,0,0,0,0,0,0,0,0,332
9/1/2026,2025,20260747,47735,1088,BALTIMORE GAS AND ELECTRIC COMPANY,Natural Gas,INTRASTATE,MARYLAND,0,0,0,0,,,0,,,,,0,0,0,0,,,0,,,,,0,0,0,0,,,0,,,,,0,0,0,0,,,0,,,,,0,0,0,0,,,0,,,,,0,0,0,0,,,0,,,,,0,0,0,0,,,0,,,,,0,0,0,0,,,0,,,,,0,0,0,0,,,0,,,,,0,0,0,0,,,0,,,,,0,0,0,0,,,0,0,0,0,0,0,0,0,0,,,0,0,0,0,0,0,0,0,0,,,0,0,0,0,0,0,0,0,0,,0,,0,0,0,0,0,,0,,,,,,0,,0,0,0,0,0,0,0,0,0,0,0,0,0,0,0,0,0,0,0,0,0,0,0,0,0,0,0,0,0,0,0,0,0,,,,,,,,,,,,,,,,,,,,,,,,,,,,,,,,
9/1/2026,2025,20260882,47878,1217,BEAR CREEK STORAGE CO,Natural Gas,INTERSTATE,LOUISIANA,0,0,0,0,0,0,0,0,0,0,0,0,0,0,0,0,0,0,0,0,0,0,0,0,0,0,0,0,0,0,0,0,0,0,0,0,0,0,0,0,0,0,0,0,0,0,0,0,0,0,0,0,0,0,0,0,0,0,0,0,0,0,0,0,0,0,0,0,0,0,0,0,0,0,0,0,0,0,0,0,0,0,0,0,0,0,0,0,0,0,0,0,0,0,0,0,0,0,0,0,0,0,0,0,0,0,0,0,0,0,0,0,0,0,0,0,0,0,0,0,0,0,0,0,0,0,0,0,0,0,0,0,0,0,0,0,0,0,0,0,0,0,0,0,0,0,0,0,0,0,0,0,0,0,0,,0,0,0,0,0,0,0,0,0,0,0,0,0,0,0,0,0,0,0,0,0,0,0,0,0,0,0,0,0,0,0,0,0,0,0,0,0,0,0,0,0,,,,,,,,,,,,,,,,,,,,,,,,,,,,,,,0,
9/1/2026,2025,20260533,47513,1472,BLACK MARLIN PIPELINE CO,Natural Gas,INTERSTATE,TEXAS,0,0,0,0,0,0,0,0,0,0,0,0,0,0,0,0,0,0,0,0,0,0,0,0,0,0,0,0,0,0,0,0,0,0,0,0,0,0,0,0,0,0,0,0,0,0,0,0,0,0,0,0,0,0,0,0,0,0,0,0,0,0,0,0,0,0,0,0,0,0,0,0,0,0,0,0,0,0,0,0,0,0,0,0,0,0,0,0,0,0,0,0,0,0,0,0,0,0,0,0,0,0,0,0,0,0,0,0,0,0,0,0,0,0,0,0,0,0,0,0,0,0,0,0,0,0,0,0,0,0,0,0,0,0,0,0,0,0,0,0,0,0,0,0,0,0,0,0,0,0,0,0,0,0,,,,,,,,,,,,,,,,,,,,,,,,,,,,,,,,,,,,,,,,,,,,,,,,,,,,,,,,,,,,,,,,,,,,,,,,,,0,0
9/1/2026,2025,20260465,47432,1486,"WARRIOR MET COAL GAS, LLC",Natural Gas,INTRASTATE,ALABAMA,0,0,0,0,,,0,0,0,0,,0,0,0,0,,,0,0,0,0,,0,0,0,0,,,0,0,0,0,,0,0,0,0,,,0,0,0,0,,0,0,0,0,,,0,0,0,0,,0,0,0,0,,,0,0,0,0,,0,0,0,0,,,0,0,0,0,,0,0,0,0,,,0,0,0,0,,0,0,0,0,,,0,0,0,0,,0,0,0,0,,,0,0,0,0,,0,0,0,0,,,0,0,0,0,,0,0,0,0,,,0,0,0,0,,0,0,0,0,,,0,0,0,0,,0,0,0,0,,0,,0,0,0,,0,0,0,,0,0,0,,0,0,0,,,,,,,,,,,,,,,,,,,,,,,,,,,,,,,0,1052,0,,,,,0,,,,,,,,,,,,,,,,,,,,,,,,,0,1052
9/1/2026,2025,20261336,48349,1541,"HILCORP NORTH SLOPE, LLC",Natural Gas,INTRASTATE,ALASKA,0,0,0,0,0,0,0,0,0,0,0,0,0,0,0,0,0,0,0,0,0,0,0,0,0,0,0,0,0,0,0,0,0,0,0,0,0,0,0,0,0,0,0,0,0,0,0,0,0,0,0,0,0,0,0,0,0,0,0,0,0,0,0,0,1,0,0,0,0,0,0,0,0,0,0,0,0,0,0,0,0,0,0,0,0,0,0,0,0,0,0,0,0,0,0,0,0,0,0,0,0,0,0,0,0,0,0,0,0,0,0,0,0,0,0,0,0,0,0,0,0,0,0,0,0,0,0,0,0,0,0,0,0,0,0,0,0,0,0,0,0,0,0,0,0,0,0,0,0,0,0,0,1,0,,0,0,0,0,0,0,0,0,0,0,,,,,,,,,,,,,,,,,,,,,,,,,,,,,,,,,0,0,0,0,0,0,0,0,0,0,0,0,0,0,0,0,0,0,0,0,0,0,0,0,0,0,0,0,0,0,0,0
9/1/2026,2025,20260755,47743,1640,BOSTON GAS CO,Natural Gas,INTRASTATE,MASSACHUSETTS,0,0,0,0,,,0,,,,,0,0,0,0,,,0,,,,,0,0,0,0,,,0,,,,,0,0,0,0,,,0,,,,,0,0,0,0,,,0,,,,,0,0,0,0,,,0,,,,,0,0,0,0,,,0,,,,,0,0,0,0,,,0,,,,,0,0,0,0,,,0,,,,,0,0,0,0,,,0,,,,,0,0,0,0,,,0,0,0,0,0,0,0,0,0,,,0,0,0,0,0,0,0,0,0,,,0,0,0,0,0,0,0,0,0,,0,,0,0,0,0,0,,0,,,,,,0,,0,,,,,,,,,,,,,,,,,,,,,,,,,,,,,,,0,235859,,,,,,,,,,,,,,,,,,,,,,,,,,,,,,,,
9/1/2026,2025,20260781,47774,1800,KEYSPAN ENERGY DELIVERY - NY CITY,Natural Gas,INTRASTATE,NEW YORK,0,0,0,0,,,0,,,,,0,0,0,0,,,0,,,,,0,0,0,0,,,0,,,,,0,0,0,0,,,0,,,,,0,0,0,0,,,0,,,,,0,0,0,0,,,0,,,,,0,0,0,0,,,0,,,,,0,0,0,0,,,0,,,,,0,0,0,0,,,0,,,,,0,0,0,0,,,0,,,,,0,0,0,0,,,0,0,0,0,0,0,0,0,0,,,0,0,0,0,0,0,0,0,0,,,0,0,0,0,0,0,0,0,0,,0,,0,0,0,0,,,,,,,,,,,,,,,,,,,,,,,,,,,,,,,,,,,,,,,,,,0,104831,,,,,,,,,,,,,,,,,,,,,,,,,,,,,,,0,
9/1/2026,2025,20260507,47481,1845,"BUCKEYE PARTNERS, LP",Natural Gas,INTRASTATE,TEXAS,0,0,0,0,0,0,0,0,0,0,0,0,0,0,0,0,0,0,0,0,0,0,0,0,0,0,0,0,0,0,0,0,0,0,0,0,0,0,0,0,0,0,0,0,0,0,0,0,0,0,0,0,0,0,0,0,0,0,0,0,0,0,0,0,0,0,0,0,0,0,0,0,0,0,0,0,0,0,0,0,0,0,0,0,0,0,0,0,0,0,0,0,0,0,0,0,0,0,0,0,0,0,0,0,0,0,0,0,0,0,0,0,0,0,0,0,0,0,0,0,0,0,0,0,0,0,0,0,0,0,0,0,0,0,0,0,0,0,0,0,0,0,0,0,0,0,0,0,0,0,0,0,0,0,0,,0,0,0,0,0,0,0,0,0,,,,,,,,,,,,,,,,,,,,,,,,,,,,,,,0,211,,,,,,,,,,,,,,,,,,,,,,,,,,,,,,,0,
9/1/2026,2025,20260184,47141,2042,CALLIDUS TECHNOLOGIES by HONEYWELL,Natural Gas,INTRASTATE,OKLAHOMA,0,0,0,0,0,0,0,0,0,0,0,0,0,0,0,0,0,0,0,0,0,0,0,0,0,0,0,0,0,0,0,0,0,0,0,0,0,0,0,0,0,0,0,0,0,0,0,0,0,0,0,0,0,0,0,0,0,0,0,0,0,0,0,0,0,0,0,0,0,0,0,0,0,0,0,0,0,0,0,0,0,0,0,0,0,0,0,0,0,0,0,0,0,0,0,0,0,0,0,0,0,0,0,0,0,0,0,0,0,0,0,0,0,0,0,0,0,0,0,0,0,0,0,0,0,0,0,0,0,0,0,0,0,0,0,0,0,0,0,0,0,0,0,0,0,0,0,0,0,0,0,0,0,0,0,,0,0,0,0,0,0,0,0,0,0,0,0,0,0,0,0,0,0,0,0,0,0,0,0,0,0,0,0,0,0,0,0,0,0,0,0,0,0,0,0,4,,,,,,,,,,,,,,,,,,,,,,,,,,,,,,,0,
9/1/2026,2025,20261243,48256,2116,"CARROLLTON GAS DISTRICT SYSTEM, CITY OF",Natural Gas,INTRASTATE,KENTUCKY,0,0,0,0,0,0,0,0,0,0,0,0,0,0,0,0,0,0,0,0,0,0,0,0,0,0,0,0,0,0,0,0,0,0,0,0,0,0,0,0,0,0,0,0,0,0,0,0,0,0,0,0,0,0,0,0,0,0,0,0,0,0,0,0,0,0,0,0,0,0,0,0,0,0,0,0,0,0,0,0,0,0,0,0,0,0,0,0,0,0,0,0,0,0,0,0,0,0,0,0,0,0,0,0,0,0,0,0,0,0,0,0,0,0,0,0,0,0,0,0,0,0,0,0,0,0,0,0,0,0,0,0,0,0,0,0,0,0,0,0,0,0,0,0,0,0,0,0,0,0,0,0,0,0,0,,0,,,,,,0,,0,0,0,0,0,0,0,0,0,0,0,0,0,0,0,0,0,0,0,0,0,0,0,0,0,0,0,0,0,0,0,0,19,,,,,,,,,,,,,,,,,,,,,,,,,,,,,,,,
9/1/2026,2025,20260951,48080,2128,CASCADE NATURAL GAS CORP,Natural Gas,INTRASTATE,OREGON,0,0,0,0,0,0,0,0,0,0,0,0,0,0,0,0,0,0,0,0,0,0,0,0,0,0,0,0,0,0,0,0,0,0,0,0,0,0,0,0,0,0,0,0,0,0,0,0,0,0,0,0,0,0,0,0,0,0,0,0,0,0,0,0,0,0,0,0,0,0,0,0,0,0,0,0,0,0,0,0,0,0,0,0,0,0,0,0,0,0,0,0,0,0,0,0,0,0,0,0,0,0,0,0,0,0,0,0,0,0,0,0,0,0,0,0,0,0,0,0,0,0,0,0,0,0,0,0,0,0,0,0,0,0,0,0,0,0,0,0,0,0,0,0,0,0,0,0,0,0,0,0,0,0,0,,0,0,0,0,0,0,0,0,0,,,,,,,,,,,,,,,,,,,,,,,,,,,,,,,0,0,,,,,,,,,,,,,,,,,,,,,,,,,,,,,,,0,
9/1/2026,2025,20260951,48080,2128,CASCADE NATURAL GAS CORP,Natural Gas,INTRASTATE,WASHINGTON,0,0,0,0,,,0,,,,,0,0,0,0,,,0,,,,,0,0,0,0,,,0,,,,,0,0,0,0,,,0,,,,,0,0,0,0,,,0,,,,,0,0,0,0,,,0,,,,,0,0,0,0,,,0,,,,,0,0,0,0,,,0,,,,,0,0,0,0,,,0,,,,,0,0,0,0,,,0,,,,,0,0,0,0,,,0,0,0,0,0,0,0,0,0,,,0,0,0,0,0,0,0,0,0,,,0,0,0,0,0,0,0,0,0,,0,,0,0,0,0,0,,0,,,,,,0,,0,,,,,,,,,,,,,,,,,,,,,,,,,,,,,,,0,34,,,,,,,,,,,,,,,,,,,,,,,,,,,,,,,0,
9/1/2026,2025,20260015,46955,2180,CENTRAL CITY GAS SYSTEM DEPT,Natural Gas,INTRASTATE,NEBRASKA,0,0,0,0,,,0,,,,,0,0,0,0,,,0,,,,,0,0,0,0,,,0,,,,,0,0,0,0,,,0,,,,,0,0,0,0,,,0,,,,,0,0,0,0,,,0,,,,,0,0,0,0,,,0,,,,,0,0,0,0,,,0,,,,,0,0,0,0,,,0,,,,,0,0,0,0,,,0,,,,,0,0,0,0,,,0,0,0,0,0,0,0,0,0,,,0,0,0,0,0,0,0,0,0,,,0,0,0,0,0,0,0,0,0,,0,,0,0,0,0,0,,0,,,,,,0,,0,,,,,,,,,,,,,,,,,,,,,,,,,,,,,,,0,0,,,,,,,,,,,,,,,,,,,,,,,,,,,,,,,0,
9/1/2026,2025,20261337,48350,2188,CENTRAL FLORIDA GAS CORP,Natural Gas,INTRASTATE,FLORIDA,0,0,0,0,0,0,0,0,0,0,0,0,0,0,0,0,0,0,0,0,0,0,0,0,0,0,0,0,0,0,0,0,0,0,0,0,0,0,0,0,0,0,0,0,0,0,0,0,0,0,0,0,0,0,0,0,0,0,0,0,0,0,0,0,0,0,0,0,0,0,0,0,0,0,0,0,0,0,0,0,0,0,0,0,0,0,0,0,0,0,0,0,0,0,0,0,0,0,0,0,0,0,0,0,0,0,0,0,0,0,0,0,0,0,0,0,0,0,0,0,0,0,0,0,0,0,0,0,0,0,0,0,0,0,0,0,0,0,0,0,0,0,0,0,0,0,0,0,0,0,0,0,0,0,0,,0,0,0,0,0,0,0,0,0,0,0,0,0,0,0,0,0,0,0,0,0,0,0,0,0,0,0,0,0,0,0,0,0,0,0,0,0,0,0,0,101,,,,,,,,,,,,,,,,,,,,,,,,,,,,,,,0,
9/1/2026,2025,20261239,48252,2196,CENTRAL HUDSON GAS & ELECTRIC CORP,Natural Gas,INTRASTATE,NEW YORK,0,0,0,0,0,0,0,0,0,0,0,0,0,0,0,0,0,0,0,0,0,0,0,0,0,0,0,0,0,0,0,0,0,0,0,0,0,0,0,0,0,0,0,0,0,0,0,0,0,0,0,0,0,0,0,0,0,0,0,0,0,0,0,0,0,0,0,0,0,0,0,0,0,0,0,0,0,0,0,0,0,0,0,0,0,0,0,0,0,0,0,0,0,0,0,0,0,0,0,0,0,0,0,0,0,0,0,0,0,0,0,0,0,0,0,0,0,0,0,0,0,0,0,0,0,0,0,0,0,0,0,0,0,0,0,0,0,0,0,0,0,0,0,0,0,0,0,0,0,0,0,0,0,0,1,,0,0,0,0,0,0,0,0,0,,,,,,,,,,,,,,,,,,,,,,,,,,,,,,,0,28595,,,,,,,,,,,,,,,,,,,,,,,,,,,,,,,0,
9/1/2026,2025,20260351,47315,2256,"CHANUTE, CITY OF",Natural Gas,INTRASTATE,KANSAS,0,0,0,0,,,0,,,,,0,0,0,0,,,0,,,,,0,0,0,0,,,0,,,,,0,0,0,0,,,0,,,,,0,0,0,0,,,0,,,,,0,0,0,0,,,0,,,,,0,0,0,0,,,0,,,,,0,0,0,0,,,0,,,,,0,0,0,0,,,0,,,,,0,0,0,0,,,0,,,,,0,0,0,0,,,0,0,0,0,0,0,0,0,0,,,0,0,0,0,0,0,0,0,0,,,0,0,0,0,0,0,0,0,0,,0,,0,0,0,0,0,,0,,,,,,0,,0,,,,,,,,,,,,,,,,,,,,,,,,,,,,,,,0,1307,,,,,,,,,,,,,,,,,,,,,,,,,,,,,,,0,
9/1/2026,2025,20261208,48221,2288,CHATTANOOGA GAS CO,Natural Gas,INTRASTATE,TENNESSEE,0,0,0,0,0,0,0,0,0,0,0,0,0,0,0,0,0,0,0,0,0,0,0,0,0,0,0,0,0,0,0,0,0,0,0,0,0,0,0,0,0,0,0,0,0,0,0,0,0,0,0,0,0,0,0,0,0,0,0,0,0,0,0,0,0,0,0,0,0,0,0,0,0,0,0,0,0,0,0,0,0,0,0,0,0,0,0,0,0,0,0,0,0,0,0,0,0,0,0,0,0,0,0,0,0,0,0,0,0,0,0,0,0,0,0,0,0,0,0,0,0,0,0,0,0,0,0,0,0,0,0,0,0,0,0,0,0,0,0,0,0,0,0,0,0,0,0,0,0,0,0,0,0,0,0,,0,0,0,0,0,0,0,0,0,0,0,0,0,0,0,0,0,0,0,0,0,0,0,0,0,0,0,0,0,0,0,0,0,0,0,0,0,0,0,0,0,,,,,,,,,,,,,,,,,,,,,,,,,,,,,,,0,
9/1/2026,2025,20260473,47440,2304,CHILDERSBURG GAS BOARD,Natural Gas,INTRASTATE,ALABAMA,0,0,0,0,0,0,0,0,0,0,0,0,0,0,0,0,0,0,0,0,0,0,0,0,0,0,0,0,0,0,0,0,0,0,0,0,0,0,0,0,0,0,0,0,0,0,0,0,0,0,0,0,0,0,0,0,0,0,0,0,0,0,0,0,0,0,0,0,0,0,0,0,0,0,0,0,0,0,0,0,0,0,0,0,0,0,0,0,0,0,0,0,0,0,0,0,0,0,0,0,0,0,0,0,0,0,0,0,0,0,0,0,0,0,0,0,0,0,0,0,0,0,0,0,0,0,0,0,0,0,0,0,0,0,0,0,0,0,0,0,0,0,0,0,0,0,0,0,0,0,0,0,0,0,0,,0,0,0,0,0,0,0,0,0,0,0,0,0,0,0,0,0,0,0,0,0,0,0,0,0,0,0,0,0,0,0,0,0,0,0,0,0,0,0,0,1693,,,,,,,,,,,,,,,,,,,,,,,,,,,,,,,0,
9/1/2026,2025,20261059,48064,2364,DUKE ENERGY OHIO,Natural Gas,INTRASTATE,OHIO,,0,0,0,,,,,,,,,0,0,0,,,,,,,,,0,0,0,,,,,,,,,0,0,0,,,,,,,,,0,0,0,,,,,,,,,0,0,0,,,,,,,,,0,0,0,,,,,,,,,0,0,0,,,,,,,,,0,0,0,,,,,,,,,0,0,0,,,,,,,,,0,0,0,,,,0,0,0,0,,0,0,0,,,,0,0,0,0,,0,0,0,,,,0,0,0,0,,0,0,0,,,,0,0,0,0,0,,0,,,,,,0,,0,0,0,0,0,0,0,0,0,0,0,0,0,0,0,0,0,0,0,0,0,0,0,0,0,0,0,0,0,0,0,0,0,,,,,,,,,,,,,,,,,,,,,,,,,,,,,,,,
9/1/2026,2025,20260168,47123,2382,CITATION OIL & GAS CORP,Natural Gas,INTRASTATE,ILLINOIS,0,0,0,0,0,0,0,0,0,0,0,0,0,0,0,0,0,0,0,0,0,0,0,0,0,0,0,0,0,0,0,0,0,0,0,0,0,0,0,0,0,0,0,0,0,0,0,0,0,0,0,0,0,0,0,0,0,0,0,0,0,0,0,0,0,0,0,0,0,0,0,0,0,0,0,0,0,0,0,0,0,0,0,0,0,0,0,0,0,0,0,0,0,0,0,0,0,0,0,0,0,0,0,0,0,0,0,0,0,0,0,0,0,0,0,0,0,0,0,0,0,0,0,0,0,0,0,0,0,0,0,0,0,0,0,0,0,0,0,0,0,0,0,0,0,0,0,0,0,0,0,0,0,0,0,,0,0,0,0,0,0,0,0,0,,,,,,,,,,,,,,,,,,,,,,,,,,,,,,,0,0,,,,,,,,,,,,,,,,,,,,,,,,,,,,,,,,
9/1/2026,2025,20261065,48071,2392,CITIZENS GAS & COKE UTILITY,Natural Gas,INTRASTATE,INDIANA,0,0,0,0,0,0,0,0,0,0,0,0,0,0,0,0,0,0,0,0,0,0,0,0,0,0,0,0,0,0,0,0,0,0,0,0,0,0,0,0,0,0,0,0,0,0,0,0,0,0,0,0,0,0,0,0,0,0,0,0,0,0,0,0,0,0,0,0,0,0,0,0,0,0,0,0,0,0,0,0,0,0,0,0,0,0,0,0,0,0,0,0,0,0,0,0,0,0,0,0,0,0,0,0,0,0,0,0,0,0,0,0,0,0,0,0,0,0,0,0,0,0,0,0,0,0,0,0,0,0,0,0,0,0,0,0,0,0,0,0,0,0,0,0,0,0,0,0,0,0,0,0,0,0,0,,0,0,0,0,0,0,0,0,0,0,0,0,0,0,0,0,0,0,0,0,0,0,0,0,0,0,0,0,0,0,0,0,0,0,0,0,0,0,0,0,0,,,,,,,,,,,,,,,,,,,,,,,,,,,,,,,0,
9/1/2026,2025,20261206,48219,2408,CITIZENS GAS FUEL CO,Natural Gas,INTRASTATE,MICHIGAN,0,0,0,0,,,0,,,,,0,0,0,0,,,0,,,,,0,0,0,0,,,0,,,,,0,0,0,0,,,0,,,,,0,0,0,0,,,0,,,,,0,0,0,0,,,0,,,,,0,0,0,0,,,0,,,,,0,0,0,0,,,0,,,,,0,0,0,0,,,0,,,,,0,0,0,0,,,0,,,,,0,0,0,0,,,0,0,0,0,0,0,0,0,0,,,0,0,0,0,0,0,0,0,0,,,0,0,0,0,0,0,0,0,0,,0,,0,0,0,0,1,,0,,,,,,0,,0,,,,,,,,,,,,,,,,,,,,,,,,,,,,,,,0,10,,,,,,,,,,,,,,,,,,,,,,,,,,,,,,,,
9/1/2026,2025,20261338,48351,2432,FLORIDA CITY GAS,Natural Gas,INTRASTATE,FLORIDA,0,0,0,0,0,0,0,0,0,0,0,0,0,0,0,0,0,0,0,0,0,0,0,0,0,0,0,0,0,0,0,0,0,0,0,0,0,0,0,0,0,0,0,0,0,0,0,0,0,0,0,0,0,0,0,0,0,0,0,0,0,0,0,0,0,0,0,0,0,0,0,0,0,0,0,0,0,1,0,0,0,0,0,0,0,0,0,0,0,0,0,0,0,0,0,0,0,0,0,0,0,0,0,0,0,0,0,0,0,0,0,0,0,0,0,0,0,0,0,0,0,0,0,0,0,0,0,0,0,0,0,0,0,0,0,0,0,0,0,0,0,0,0,1,0,0,0,0,0,0,0,0,0,0,0,,0,0,0,0,0,0,0,0,0,0,0,0,0,0,0,0,1,0,0,0,0,1,0,0,0,0,0,0,0,0,0,0,0,0,0,0,0,0,0,1,2241,,,,,,,,,,,,,,,,,,,,,,,,,,,,,,,0,
9/1/2026,2025,20260312,47688,2456,CLARKE - MOBILE COUNTIES GAS DIST,Natural Gas,INTRASTATE,ALABAMA,0,0,0,0,0,0,0,0,0,0,0,0,0,0,0,0,0,0,0,0,0,0,0,0,0,0,0,0,0,0,0,0,0,0,0,0,0,0,0,0,0,0,0,0,0,0,0,0,0,0,0,0,0,0,0,0,0,0,0,0,0,0,0,0,0,0,0,0,0,0,0,0,0,0,0,0,0,0,0,0,0,0,0,0,0,0,0,0,0,0,0,0,0,0,0,0,0,0,0,0,0,0,0,0,0,0,0,0,0,0,0,0,0,0,0,0,0,0,0,0,0,0,0,0,0,0,0,0,0,0,0,0,0,0,0,0,0,0,0,0,0,0,0,0,0,0,0,0,0,0,0,0,0,0,0,,0,0,0,0,0,0,0,0,0,0,0,0,0,0,0,0,0,0,0,0,0,0,0,0,0,0,0,0,0,0,0,0,0,0,0,0,0,0,0,0,0,,,,,,,,,,,,,,,,,,,,,,,,,,,,,,,0,
9/1/2026,2025,20260305,47263,2480,CLEARFIELD MUNICIPAL GAS SYSTEM,Natural Gas,INTRASTATE,IOWA,0,0,0,0,0,0,0,0,0,0,0,0,0,0,0,0,0,0,0,0,0,0,0,0,0,0,0,0,0,0,0,0,0,0,0,0,0,0,0,0,0,0,0,0,0,0,0,0,0,0,0,0,0,0,0,0,0,0,0,0,0,0,0,0,0,0,0,0,0,0,0,0,0,0,0,0,0,0,0,0,0,0,0,0,0,0,0,0,0,0,0,0,0,0,0,0,0,0,0,0,0,0,0,0,0,0,0,0,0,0,0,0,0,0,0,0,0,0,0,0,0,0,0,0,0,0,0,0,0,0,0,0,0,0,0,0,0,0,0,0,0,0,0,0,0,0,0,0,0,0,0,0,0,0,0,,0,0,0,0,0,0,0,0,0,0,0,0,0,0,0,0,0,0,0,0,0,0,0,0,0,0,0,0,0,0,0,0,0,0,0,0,0,0,0,0,74,,,,,,,,,,,,,,,,,,,,,,,,,,,,,,,0,
9/1/2026,2025,20260662,48083,2512,CLINTON - NEWBERRY NATURAL GAS AUTH,Natural Gas,INTRASTATE,SOUTH CAROLINA,0,0,0,0,0,0,0,0,0,0,0,0,0,0,0,0,0,0,0,0,0,0,0,0,0,0,0,0,0,0,0,0,0,0,0,0,0,0,0,0,0,0,0,0,0,0,0,0,0,0,0,0,0,0,0,0,0,0,0,0,0,0,0,0,0,0,0,0,0,0,0,0,0,0,0,0,0,0,0,0,0,0,0,0,0,0,0,0,0,0,0,0,0,0,0,0,0,0,0,0,0,0,0,0,0,0,0,0,0,0,0,0,0,0,0,0,0,0,0,0,0,0,0,0,0,0,0,0,0,0,0,0,0,0,0,0,0,0,0,0,0,0,0,0,0,0,0,0,0,0,0,0,0,0,0,,0,0,0,0,0,0,0,0,0,,,,,,,,,,,,,,,,,,,,,,,,,,,,,,,0,20607,,,,,,,,,,,,,,,,,,,,,,,,,,,,,,,0,
9/1/2026,2025,20261093,48102,2564,COLORADO INTERSTATE GAS CO,Natural Gas,INTERSTATE,COLORADO,0,0,0,0,,,0,0,0,0,,0,0,0,0,,,0,0,0,0,,0,0,0,0,,,0,0,0,0,,0,0,0,0,,,0,0,0,0,,0,0,0,0,,,0,0,0,0,,0,0,0,1,,,0,0,0,0,,0,0,0,0,,,0,0,0,0,,0,0,0,1,,,0,0,0,0,,0,0,0,1,,,0,0,0,0,,0,0,0,0,,,0,0,0,0,,0,0,0,0,,,0,0,0,0,,0,0,0,0,,,0,0,0,0,,0,0,0,0,,,0,0,0,0,,0,0,0,3,,0,,0,0,0,,0,0,0,,0,0,0,,0,0,0,0,0,0,0,0,0,0,1,0,0,0,1,2,0,0,0,0,0,0,0,0,0,0,0,0,0,0,0,0,0,2,18667,0,0,0,0,0,0,0,0,0,0,0,0,0,0,0,0,0,0,0,0,0,0,0,0,0,0,0,0,0,0,0,249
9/1/2026,2025,20261093,48102,2564,COLORADO INTERSTATE GAS CO,Natural Gas,INTERSTATE,KANSAS,0,0,0,0,0,0,0,0,0,0,0,0,0,0,0,0,0,0,0,0,0,0,0,0,0,0,0,0,0,0,0,0,0,0,0,0,0,0,0,0,0,0,0,0,0,0,0,0,0,0,0,0,0,0,0,0,0,0,1,0,0,0,0,0,0,0,0,0,0,0,0,0,0,0,0,0,0,0,0,0,0,0,0,0,0,0,0,0,0,0,0,0,0,0,0,0,0,0,0,0,0,0,0,0,0,0,0,0,0,0,0,0,0,0,0,0,0,0,0,0,0,0,0,0,0,0,0,0,0,0,0,0,0,0,0,0,0,0,0,0,0,0,0,0,0,0,1,0,0,0,0,0,0,0,0,,0,0,0,0,0,0,0,0,0,0,0,0,0,0,0,0,0,0,0,0,0,0,0,0,0,0,0,0,0,0,0,0,0,0,0,0,0,0,0,0,383,,,,,,,,,,,,,,,,,,,,,,,,,,,,,,,0,
9/1/2026,2025,20261093,48102,2564,COLORADO INTERSTATE GAS CO,Natural Gas,INTERSTATE,MONTANA,0,0,0,0,0,0,0,0,0,0,0,0,0,0,0,0,0,0,0,0,0,0,0,0,0,0,0,0,0,0,0,0,0,0,0,0,0,0,0,0,0,0,0,0,0,0,0,0,0,0,0,0,0,0,0,0,0,0,0,0,0,0,0,0,0,0,0,0,0,0,0,0,0,0,0,0,0,0,0,0,0,0,0,0,0,0,0,0,0,0,0,0,0,0,0,0,0,0,0,0,0,0,0,0,0,0,0,0,0,0,0,0,0,0,0,0,0,0,0,0,0,0,0,0,0,0,0,0,0,0,0,0,0,0,0,0,0,0,0,0,0,0,0,0,0,0,0,0,0,0,0,0,0,0,0,,0,0,0,0,0,0,0,0,0,0,0,0,0,0,0,0,0,0,0,0,0,0,0,0,0,0,0,0,0,0,0,0,0,0,0,0,0,0,0,0,3,,,,,,,,,,,,,,,,,,,,,,,,,,,,,,,0,
9/1/2026,2025,20261093,48102,2564,COLORADO INTERSTATE GAS CO,Natural Gas,INTERSTATE,OKLAHOMA,0,0,0,0,0,0,0,0,0,0,0,0,0,0,0,0,0,0,0,0,0,0,0,0,0,0,0,0,0,0,0,0,0,0,0,0,0,0,0,0,0,0,0,0,0,0,0,0,0,0,0,0,0,0,0,0,0,0,0,0,0,0,0,0,0,0,0,0,0,0,0,0,0,0,0,0,0,0,0,0,0,0,0,0,0,0,0,0,0,0,0,0,0,0,0,0,0,0,0,0,0,0,0,0,0,0,0,0,0,0,0,0,0,0,0,0,0,0,0,0,0,0,0,0,0,0,0,0,0,0,0,0,0,0,0,0,0,0,0,0,0,0,0,0,0,0,0,0,0,0,0,0,0,0,0,,0,0,0,0,0,0,0,0,0,0,0,0,0,0,0,0,0,0,0,0,0,0,0,0,0,0,0,0,0,0,0,0,0,0,0,0,0,0,0,0,110,,,,,,,,,,,,,,,,,,,,,,,,,,,,,,,0,
9/1/2026,2025,20261093,48102,2564,COLORADO INTERSTATE GAS CO,Natural Gas,INTERSTATE,TEXAS,0,0,0,0,0,0,0,0,0,0,0,0,0,0,0,0,0,0,0,0,0,0,0,0,0,0,0,0,0,0,0,0,0,0,0,0,0,0,0,0,0,0,0,0,0,0,0,0,0,0,0,0,0,0,0,0,0,0,0,0,0,0,0,0,0,0,0,0,0,0,0,0,0,0,0,0,0,0,0,0,0,0,0,0,0,0,0,0,0,0,0,0,0,0,0,0,0,0,0,0,0,0,0,0,0,0,0,0,0,0,0,0,0,0,0,0,0,0,0,0,0,0,0,0,0,0,0,0,0,0,0,0,0,0,0,0,0,0,0,0,0,0,0,0,0,0,0,0,0,0,0,0,0,0,0,,0,0,0,0,0,0,0,0,0,0,0,0,0,0,0,0,0,0,0,0,0,0,0,0,0,0,0,0,0,0,0,0,0,0,0,0,0,0,0,0,51,,,,,,,,,,,,,,,,,,,,,,,,,,,,,,,0,
9/1/2026,2025,20261093,48102,2564,COLORADO INTERSTATE GAS CO,Natural Gas,INTERSTATE,UTAH,0,0,0,0,0,0,0,0,0,0,0,0,0,0,0,0,0,0,0,0,0,0,0,0,0,0,0,0,0,0,0,0,0,0,0,0,0,0,0,0,0,0,0,0,0,0,0,0,0,0,0,0,0,0,0,0,0,0,0,0,0,0,0,0,0,0,0,0,0,0,0,0,0,0,0,0,0,0,0,0,0,0,0,0,0,0,0,0,0,0,0,0,0,0,0,0,0,0,0,0,0,0,0,0,0,0,0,0,0,0,0,0,0,0,0,0,0,0,0,0,0,0,0,0,0,0,0,0,0,0,0,0,0,0,0,0,0,0,0,0,0,0,0,0,0,0,0,0,0,0,0,0,0,0,0,,0,0,0,0,0,0,0,0,0,0,0,0,0,0,0,0,0,0,0,0,0,0,0,0,0,0,0,0,0,0,0,0,0,0,0,0,0,0,0,0,108,,,,,,,,,,,,,,,,,,,,,,,,,,,,,,,0,
9/1/2026,2025,20261093,48102,2564,COLORADO INTERSTATE GAS CO,Natural Gas,INTERSTATE,WYOMING,0,0,0,0,0,0,0,0,0,0,0,0,0,0,0,0,0,0,0,0,0,0,0,0,0,0,0,0,0,0,0,0,0,0,0,0,0,0,0,0,0,0,0,0,0,0,0,0,0,0,0,0,0,0,0,0,0,0,1,0,0,0,0,0,0,0,0,0,0,0,0,0,0,0,0,0,0,0,0,0,0,0,0,0,0,0,0,0,0,0,0,0,0,0,0,0,0,0,0,0,0,0,0,0,0,0,0,0,0,0,0,0,0,0,0,0,0,0,0,0,0,0,0,0,0,0,0,0,0,0,0,0,0,0,0,0,0,0,0,0,0,0,0,0,0,0,1,0,0,0,0,0,0,0,0,0,0,0,0,0,0,0,0,0,0,0,0,0,0,0,0,0,0,0,0,0,0,0,0,0,0,0,0,0,0,0,0,0,0,0,0,0,0,0,0,0,2604,0,0,0,0,0,0,0,0,0,0,0,0,0,0,0,0,0,0,0,0,0,0,0,0,0,0,0,0,0,0,0,13
9/1/2026,2025,20261187,48200,2585,COLUMBIA GAS OF KENTUCKY INC,Natural Gas,INTRASTATE,KENTUCKY,0,0,0,0,,,0,,,,,0,0,0,0,,,0,,,,,0,0,0,0,,,0,,,,,0,0,0,0,,,0,,,,,0,0,0,0,,,0,,,,,0,0,0,0,,,0,,,,,0,0,0,0,,,0,,,,,0,0,0,0,,,0,,,,,0,0,0,0,,,0,,,,,0,0,0,0,,,0,,,,,0,0,0,0,,,0,0,0,0,0,0,0,0,0,,,0,0,0,0,0,0,0,0,0,,,0,0,0,0,0,0,0,0,0,,0,,0,0,0,0,0,,0,,,,,,0,,0,,,,,,,,,,,,,,,,,,,,,,,,,,,,,,,0,83492,,,,,,,,,,,,,,,,,,,,,,,,,,,,,,,,
9/1/2026,2025,20260770,47760,2588,COLUMBIA GAS OF MARYLAND INC,Natural Gas,INTRASTATE,MARYLAND,0,0,0,0,,,0,,,,,0,0,0,0,,,0,,,,,0,0,0,0,,,0,,,,,0,0,0,0,,,0,,,,,0,0,0,0,,,0,,,,,0,0,0,0,,,0,,,,,0,0,0,0,,,0,,,,,0,0,0,0,,,0,,,,,0,0,0,0,,,0,,,,,0,0,0,0,,,0,,,,,0,0,0,0,,,0,0,0,0,0,0,0,0,0,,,0,0,0,0,0,0,0,0,0,,,0,0,0,0,0,0,0,0,0,,0,,0,0,0,0,0,,0,,,,,,0,,0,,,,,,,,,,,,,,,,,,,,,,,,,,,,,,,0,26835,,,,,,,,,,,,,,,,,,,,,,,,,,,,,,,0,
9/1/2026,2025,20261250,48263,2596,COLUMBIA GAS OF OHIO INC,Natural Gas,INTRASTATE,OHIO,0,0,0,0,0,0,0,0,0,0,0,0,0,0,0,0,0,0,0,0,0,0,0,0,0,0,0,0,0,0,0,0,0,0,0,0,0,0,0,0,0,0,0,0,0,0,0,0,0,0,0,0,0,0,0,0,0,0,0,0,0,0,0,0,0,0,0,0,0,0,0,0,0,0,0,0,0,0,0,0,0,0,0,0,0,0,0,0,0,0,0,0,0,0,0,0,0,0,0,0,0,0,0,0,0,0,0,0,0,0,0,0,0,0,0,0,0,0,0,0,0,0,0,0,0,0,0,0,0,0,0,0,0,0,0,0,0,0,0,0,0,0,0,0,0,0,0,0,0,0,0,0,0,0,1,,0,0,0,0,0,0,0,0,0,,,,,,,,,,,,,,,,,,,,,,,,,,,,,,,0,715149,,,,,,,,,,,,,,,,,,,,,,,,,,,,,,,0,
9/1/2026,2025,20260769,47759,2600,COLUMBIA GAS OF PENNSYLVANIA,Natural Gas,INTRASTATE,PENNSYLVANIA,0,0,0,0,,,0,,,,,0,0,0,0,,,0,,,,,0,0,0,0,,,0,,,,,0,0,0,0,,,0,,,,,0,0,0,0,,,0,,,,,0,0,0,0,,,0,,,,,0,0,0,0,,,0,,,,,0,0,0,0,,,0,,,,,0,0,0,0,,,0,,,,,0,0,0,0,,,0,,,,,0,0,0,0,,,0,,,,,0,0,0,0,,,0,,,,,0,0,0,0,,,0,,,,,0,0,0,0,,0,,,,,,0,,0,,,,,,0,,0,,,,,,,,,,,,,,,,,,,,,,,,,,,,,,,0,154952,,,,,,,,,,,,,,,,,,,,,,,,,,,,,,,,
9/1/2026,2025,20261249,48262,2604,COLUMBIA GAS OF VIRGINIA INC,Natural Gas,INTRASTATE,VIRGINIA,0,0,0,0,,,0,,,,,0,0,0,0,,,0,,,,,0,0,0,0,,,0,,,,,0,0,0,0,,,0,,,,,0,0,0,0,,,0,,,,,0,0,0,0,,,0,,,,,0,0,0,0,,,0,,,,,0,0,0,0,,,0,,,,,0,0,0,0,,,0,,,,,0,0,0,0,,,0,,,,,0,0,0,0,,,0,0,0,0,0,0,0,0,0,,,0,0,0,0,0,0,0,0,0,,,0,0,0,0,0,0,0,0,0,,0,,0,0,0,0,0,,0,,,,,,0,,0,,,,,,,,,,,,,,,,,,,,,,,,,,,,,,,0,269012,,,,,,,,,,,,,,,,,,,,,,,,,,,,,,,,
9/1/2026,2025,20260613,47596,2616,"COLUMBIA GAS TRANSMISSION, LLC",Natural Gas,INTERSTATE,DELAWARE,0,0,0,0,,,0,,,,,0,0,0,0,,,0,,,,,0,0,0,0,,,0,,,,,0,0,0,0,,,0,,,,,0,0,0,0,,,0,,,,,0,0,0,0,,,0,,,,,0,0,0,0,,,0,,,,,0,0,0,0,,,0,,,,,0,0,0,0,,,0,,,,,0,0,0,0,,,0,,,,,0,0,0,0,,,0,0,0,0,0,0,0,0,0,,,0,0,0,0,0,0,0,0,0,,,0,0,0,0,0,0,0,0,0,,0,,0,0,0,0,0,,0,,,,,,0,,0,,,,,,,,,,,,,,,,,,,,,,,,,,,,,,,0,4,,,,,,,,,,,,,,,,,,,,,,,,,,,,,,,,
9/1/2026,2025,20260613,47596,2616,"COLUMBIA GAS TRANSMISSION, LLC",Natural Gas,INTERSTATE,KENTUCKY,0,0,0,2,,,0,0,0,0,,0,0,0,0,,,0,0,0,0,,0,0,0,0,,,0,0,0,0,,0,0,0,0,,,0,0,0,0,,0,0,0,0,,,0,0,0,0,,0,0,0,0,,,0,0,0,0,,0,0,0,0,,,0,0,0,0,,0,0,0,0,,,0,0,0,0,,0,0,0,0,,,0,0,0,0,,0,0,0,0,,,0,0,0,0,,0,0,0,1,,,0,0,0,0,,0,0,0,0,,,0,0,0,0,,0,0,0,0,,,0,0,0,0,,0,0,0,3,,0,,0,0,0,,0,0,3,,0,0,0,,3,0,3,,,,,,,,,,,,,,,,,,,,,,,,,,,,,,,0,7413,,,,,,,,,,,,,,,,,,,,,,,,,,,,,,,0,87
9/1/2026,2025,20260613,47596,2616,"COLUMBIA GAS TRANSMISSION, LLC",Natural Gas,INTERSTATE,MARYLAND,0,0,0,0,,,0,,,,,0,0,0,0,,,0,,,,,0,0,0,0,,,0,,,,,0,0,0,0,,,0,,,,,0,0,0,0,,,0,,,,,0,0,0,0,,,0,,,,,0,0,0,0,,,0,,,,,0,0,0,0,,,0,,,,,0,0,0,0,,,0,,,,,0,0,0,0,,,0,,,,,0,0,0,0,,,0,0,0,0,0,0,0,0,0,,,0,0,0,0,0,0,0,0,0,,,0,0,0,0,0,0,0,0,0,,0,,0,0,0,0,0,,0,,,,,,0,,0,,,,,,,,,,,,,,,,,,,,,,,,,,,,,,,0,6566,,,,,,,,,,,,,,,,,,,,,,,,,,,,,,,,
9/1/2026,2025,20260613,47596,2616,"COLUMBIA GAS TRANSMISSION, LLC",Natural Gas,INTERSTATE,NEW JERSEY,0,0,0,0,,,0,,,,,0,0,0,0,,,0,,,,,0,0,0,0,,,0,,,,,0,0,0,0,,,0,,,,,0,0,0,0,,,0,,,,,0,0,0,0,,,0,,,,,0,0,0,0,,,0,,,,,0,0,0,0,,,0,,,,,0,0,0,0,,,0,,,,,0,0,0,0,,,0,,,,,0,0,0,0,,,0,0,0,0,0,0,0,0,0,,,0,0,0,0,0,0,0,0,0,,,0,0,0,0,0,0,0,0,0,,0,,0,0,0,0,0,,,,,,,,,,,,,,,,,,,1,,,,1,,,,,,,,,,,,,,,,,,1,1691,,,,,,,,,,,,,,,,,,,,,,,,,,,,,,,,
9/1/2026,2025,20260613,47596,2616,"COLUMBIA GAS TRANSMISSION, LLC",Natural Gas,INTERSTATE,NEW YORK,0,0,0,0,,,0,,,,,0,0,0,0,,,0,,,,,0,0,0,0,,,0,,,,,0,0,0,0,,,0,,,,,0,0,0,0,,,0,,,,,0,0,0,0,,,0,,,,,0,0,0,0,,,0,,,,,0,0,0,0,,,0,,,,,0,0,0,0,,,0,,,,,0,0,0,0,,,0,,,,,0,0,0,0,,,0,0,0,0,0,0,0,0,0,,,0,0,0,0,0,0,0,0,0,,,0,0,0,0,0,0,0,0,0,,0,,0,0,0,0,0,,0,,,,,,0,,0,,,,,,,,,,,,,,,,,,,,,,,,,,,,,,,0,417,,,,,,,,,,,,,,,,,,,,,,,,,,,,,,,,
9/1/2026,2025,20260613,47596,2616,"COLUMBIA GAS TRANSMISSION, LLC",Natural Gas,INTERSTATE,NORTH CAROLINA,0,0,0,0,,,0,,,,,0,0,0,0,,,0,,,,,0,0,0,0,,,0,,,,,0,0,0,0,,,0,,,,,0,0,0,0,,,0,,,,,0,0,0,0,,,0,,,,,0,0,0,0,,,0,,,,,0,0,0,0,,,0,,,,,0,0,0,0,,,0,,,,,0,0,0,0,,,0,,,,,0,0,0,0,,,0,0,0,0,0,0,0,0,0,,,0,0,0,0,0,0,0,0,0,,,0,0,0,0,0,0,0,0,0,,0,,0,0,0,0,,,,,,,,,,,,,,,,,,,,,,,,,,,,,,,,,,,,,,,,,,0,42,,,,,,,,,,,,,,,,,,,,,,,,,,,,,,,,
9/1/2026,2025,20260613,47596,2616,"COLUMBIA GAS TRANSMISSION, LLC",Natural Gas,INTERSTATE,OHIO,0,0,1,3,,,0,,,,,0,0,0,0,,,0,,,,,0,0,0,0,,,0,,,,,0,0,0,0,,,0,,,,,0,0,0,1,,,0,,,,,0,0,1,0,,,0,,,,,0,0,0,0,,,0,,,,,0,0,0,0,,,0,,,,,0,0,0,0,,,0,,,,,0,0,0,0,,,0,,,,,0,0,0,2,,,0,0,0,0,0,0,0,0,1,,,0,0,0,0,0,0,0,1,5,,,0,0,0,0,0,0,0,3,12,,0,,0,0,0,0,0,,15,,,,,,15,,15,3,,,,,3,,1,,,,,1,,,,,,,,,,,,,,,,,,4,61956,,,,,,,,,,,,,,,,,,,,,,,,,,,,,,,,
9/1/2026,2025,20260613,47596,2616,"COLUMBIA GAS TRANSMISSION, LLC",Natural Gas,INTERSTATE,PENNSYLVANIA,0,0,0,9,,,0,0,0,0,,0,0,0,0,,,0,0,0,0,,0,0,0,0,,,0,0,0,0,,0,0,0,0,,,0,0,0,0,,0,0,0,0,,,0,0,0,0,,0,0,0,0,,,0,0,0,0,,0,0,0,0,,,0,0,0,0,,0,0,0,0,,,0,0,0,0,,0,0,0,0,,,0,0,0,0,,0,0,0,0,,,0,0,0,0,,0,0,1,1,,,0,0,0,0,,0,0,0,0,,,0,0,0,0,,0,0,0,0,,,0,0,0,0,,0,0,1,10,,0,,0,0,0,,0,0,11,,0,0,0,,11,0,11,,,,,,,,,,,,,,,,,,,,,,,,,,,,,,,0,19401,,,,,,,,,,,,,,,,,,,,,,,,,,,,,,,0,182
9/1/2026,2025,20260613,47596,2616,"COLUMBIA GAS TRANSMISSION, LLC",Natural Gas,INTERSTATE,VIRGINIA,0,0,0,0,,,0,,,,,0,0,0,0,,,0,,,,,0,0,0,0,,,0,,,,,1,0,0,0,,,0,,,,,0,0,0,0,,,0,,,,,0,0,0,0,,,0,,,,,0,0,0,0,,,0,,,,,0,0,0,0,,,0,,,,,0,0,0,0,,,0,,,,,0,0,0,0,,,0,,,,,0,0,0,0,,,0,0,0,0,0,0,0,0,0,,,0,0,0,0,0,0,0,0,0,,,0,0,0,0,0,1,0,0,0,,0,,0,0,0,0,0,,1,,,,,,1,,1,,,,,,,,,,,,,,,,,,,,,,,,,,,,,,,0,361,,,,,,,,,,,,,,,,,,,,,,,,,,,,,,,,
9/1/2026,2025,20260613,47596,2616,"COLUMBIA GAS TRANSMISSION, LLC",Natural Gas,INTERSTATE,WEST VIRGINIA,0,0,0,7,,,0,0,0,0,,0,0,0,0,,,0,0,0,0,,0,0,0,0,,,0,0,0,0,,0,0,1,0,,,0,0,0,0,,0,0,0,1,,,0,0,0,0,,0,0,0,0,,,0,0,0,0,,0,0,0,0,,,0,0,0,0,,0,0,0,0,,,0,0,0,0,,0,0,0,0,,,0,0,0,0,,0,0,0,0,,,0,0,0,0,,0,0,0,0,,,0,0,0,0,,0,0,0,0,,,0,0,0,0,,0,0,0,3,,,0,0,0,0,,0,0,1,11,,0,,0,0,0,,0,0,12,,0,0,0,,12,0,12,1,,,,,1,,,,,,,,,,,,,,,,,,,,,,,,,1,17971,,,,,,,,,,,,,,,,,,,,,,,,,,,,,,,0,247
9/1/2026,2025,20260613,47596,2616,"COLUMBIA GAS TRANSMISSION, LLC",Natural Gas,INTRASTATE,PENNSYLVANIA,0,0,0,1,,,0,0,0,0,,0,0,0,0,,,0,0,0,0,,0,0,0,0,,,0,0,0,0,,0,0,0,0,,,0,0,0,0,,0,0,0,0,,,0,0,0,0,,0,0,0,0,,,0,0,0,0,,0,0,0,0,,,0,0,0,0,,0,0,0,0,,,0,0,0,0,,0,0,0,0,,,0,0,0,0,,0,0,0,0,,,0,0,0,0,,0,0,0,0,,,0,0,0,0,,0,0,0,0,,,0,0,0,0,,0,0,0,0,,,0,0,0,0,,0,0,0,1,,0,,0,0,0,,0,0,1,,0,0,0,,1,0,1,,,,,,,,,,,,,,,,,,,,,,,,,,,,,,,0,144,,,,,,,,,,,,,,,,,,,,,,,,,,,,,,,0,145
9/1/2026,2025,20260613,47596,2616,"COLUMBIA GAS TRANSMISSION, LLC",Natural Gas,INTRASTATE,WEST VIRGINIA,0,0,0,1,,,0,0,0,0,,0,0,0,0,,,0,0,0,0,,0,0,0,0,,,0,0,0,0,,0,0,0,0,,,0,0,0,0,,0,0,0,0,,,0,0,0,0,,0,0,0,0,,,0,0,0,0,,0,0,0,0,,,0,0,0,0,,0,0,0,0,,,0,0,0,0,,0,0,0,0,,,0,0,0,0,,0,0,0,0,,,0,0,0,0,,0,0,0,0,,,0,0,0,0,,0,0,0,0,,,0,0,0,0,,0,0,0,0,,,0,0,0,0,,0,0,0,1,,0,,0,0,0,,,,1,,0,0,0,,1,0,1,,,,,,,,,,,,,,,,,,,,,,,,,,,,,,,0,105,,,,,,,,,,,,,,,,,,,,,,,,,,,,,,,0,145
9/1/2026,2025,20260628,47613,2620,"COLUMBIA GULF TRANSMISSION, LLC",Natural Gas,INTERSTATE,KENTUCKY,0,0,0,0,,,0,,,,,0,0,0,0,,,0,,,,,0,0,0,0,,,0,,,,,0,0,0,0,,,0,,,,,0,0,0,0,,,0,,,,,0,0,0,0,,,0,,,,,0,0,0,0,,,0,,,,,0,0,0,0,,,0,,,,,0,0,0,0,,,0,,,,,0,0,0,0,,,0,,,,,0,0,0,0,,,0,0,0,0,0,0,0,0,0,,,0,0,0,0,0,0,0,0,0,,,0,0,0,0,0,0,0,0,0,,0,,0,0,0,0,0,,0,,,,,,0,,0,,,,,,,,,,,,,,,,,,,,,,,,,,,,,,,0,7,,,,,,,,,,,,,,,,,,,,,,,,,,,,,,,,
9/1/2026,2025,20260628,47613,2620,"COLUMBIA GULF TRANSMISSION, LLC",Natural Gas,INTERSTATE,LOUISIANA,0,0,0,0,,,0,,,,,0,0,0,0,,,0,,,,,0,0,0,0,,,0,,,,,0,0,0,0,,,0,,,,,0,0,0,0,,,0,,,,,0,0,0,0,,,0,,,,,0,0,0,0,,,0,,,,,0,0,0,0,,,0,,,,,0,0,0,0,,,0,,,,,0,0,0,0,,,0,,,,,0,0,0,0,,,0,0,0,0,0,0,0,0,0,,,0,0,0,0,0,0,0,0,0,,,0,0,0,0,0,0,0,0,0,,0,,0,0,0,0,0,,0,,,,,,0,,0,,,,,,,,,,,,,,,,,,,,,,,,,,,,,,,0,13898,,,,,,,,,,,,,,,,,,,,,,,,,,,,,,,,
9/1/2026,2025,20260628,47613,2620,"COLUMBIA GULF TRANSMISSION, LLC",Natural Gas,INTERSTATE,MISSISSIPPI,0,0,0,0,,,0,,,,,0,0,0,0,,,0,,,,,0,0,0,0,,,0,,,,,0,0,0,0,,,0,,,,,0,0,0,0,,,0,,,,,0,0,0,0,,,0,,,,,0,0,0,0,,,0,,,,,0,0,0,0,,,0,,,,,0,0,0,0,,,0,,,,,0,0,0,0,,,0,,,,,0,0,0,0,,,0,0,0,0,0,0,0,0,0,,,0,0,0,0,0,0,0,0,0,,,0,0,0,0,0,0,0,0,0,,0,,0,0,0,0,0,,0,,,,,,0,,0,,,,,,,,,,,,,,,,,,,,,,,,,,,,,,,0,1613,,,,,,,,,,,,,,,,,,,,,,,,,,,,,,,,
9/1/2026,2025,20260628,47613,2620,"COLUMBIA GULF TRANSMISSION, LLC",Natural Gas,INTERSTATE,TENNESSEE,0,0,0,0,,,0,,,,,0,0,0,0,,,0,,,,,0,0,0,0,,,0,,,,,0,0,0,0,,,0,,,,,0,0,0,0,,,0,,,,,0,0,0,0,,,0,,,,,0,0,0,0,,,0,,,,,0,0,0,0,,,0,,,,,0,0,0,0,,,0,,,,,0,0,0,0,,,0,,,,,0,0,0,0,,,0,0,0,0,0,0,0,0,0,,,0,0,0,0,0,0,0,0,0,,,0,0,0,0,0,0,0,0,0,,0,,0,0,0,0,0,,0,,,,,,0,,0,,,,,,,,,,,,,,,,,,,,,,,,,,,,,,,0,35,,,,,,,,,,,,,,,,,,,,,,,,,,,,,,,,
9/1/2026,2025,20260529,47509,2651,GREER COMMISSION OF PUBLIC WORKS,Natural Gas,INTRASTATE,SOUTH CAROLINA,0,0,0,0,0,0,0,,,,0,0,0,0,0,0,0,0,,,,0,0,0,0,0,0,0,0,,,,0,0,0,0,0,0,0,0,,,,0,0,0,0,0,0,0,0,,,,0,0,2,0,1,0,0,0,,,,0,0,0,0,0,0,0,0,,,,0,0,0,0,0,0,0,0,,,,0,0,0,0,0,0,0,0,,,,0,0,0,0,0,0,0,0,,,,0,0,0,0,0,0,0,0,,,,0,0,0,0,0,0,0,0,,,,0,0,0,0,0,0,0,0,,,,0,0,2,0,1,0,0,0,,,,0,0,,0,0,,,,0,0,0,0,0,0,0,0,0,0,0,0,0,0,0,0,0,0,0,0,0,0,0,0,0,0,0,0,0,0,0,0,0,0,0,1419,,,,,,,,,,,,,,,,,,,,,,,,,,,,,,,0,
9/1/2026,2025,20261394,48410,2652,NSTAR GAS COMPANY,Natural Gas,INTRASTATE,MASSACHUSETTS,0,0,0,0,0,0,0,0,0,0,0,0,0,0,0,0,0,0,0,0,0,0,0,0,0,0,0,0,0,0,0,0,0,0,0,0,0,0,0,0,0,0,0,0,0,0,0,0,0,0,0,0,0,0,0,0,0,0,0,0,0,0,0,0,0,0,0,0,0,0,0,0,0,0,0,0,0,0,0,0,0,0,0,0,0,0,0,0,0,0,0,0,0,0,0,0,0,0,0,0,0,0,0,0,0,0,0,0,0,0,0,0,0,0,0,0,0,0,0,0,0,0,0,0,0,0,0,0,0,0,0,0,0,0,0,0,0,0,0,0,0,0,0,0,0,0,0,0,0,0,0,0,0,0,0,0,0,0,0,0,0,0,0,0,0,0,0,0,0,0,0,0,0,0,0,0,0,0,0,0,0,0,0,0,0,0,0,0,0,0,0,0,0,0,0,0,0,0,0,0,0,0,0,0,0,0,0,0,0,0,0,0,0,0,0,0,0,0,0,0,0,0,0,0,0,0,0,0,0
9/1/2026,2025,20260348,47311,2688,SOUTH ALABAMA GAS DISTRICT,Natural Gas,INTRASTATE,ALABAMA,0,0,0,0,0,0,0,0,0,0,0,0,0,0,0,0,0,0,0,0,0,0,0,0,0,0,0,0,0,0,0,0,0,0,0,0,0,0,0,0,0,0,0,0,0,0,0,0,0,0,0,0,0,0,0,0,0,0,0,0,0,0,0,0,0,0,0,0,0,0,0,0,0,0,0,0,0,0,0,0,0,0,0,0,0,0,0,0,0,0,0,0,0,0,0,0,0,0,0,0,0,0,0,0,0,0,0,0,0,0,0,0,0,0,0,0,0,0,0,0,0,0,0,0,0,0,0,0,0,0,0,0,1,0,0,0,0,0,0,0,0,0,0,1,0,0,0,0,0,0,0,0,0,0,0,,0,0,0,0,0,0,0,0,0,,,,,,,,,,,,,,,,,,,,,,,,,,,,,,,0,1284,,,,,,,,,,,,,,,,,,,,,,,,,,,,,,,0,
9/1/2026,2025,20261152,48165,2704,CONSOLIDATED EDISON CO OF NEW YORK,Natural Gas,INTRASTATE,NEW YORK,0,0,0,0,0,0,0,0,0,0,0,0,0,0,0,0,0,0,0,0,0,0,0,0,0,0,0,0,0,0,0,0,0,0,0,0,0,0,0,0,0,0,0,0,0,0,0,0,0,0,0,0,0,0,0,0,0,0,0,0,0,0,0,0,0,0,0,0,0,0,0,0,0,0,0,0,0,0,0,0,0,0,0,0,0,0,0,0,0,0,0,0,0,0,0,0,0,0,0,0,0,0,0,0,0,0,0,0,0,0,0,0,0,0,0,0,0,0,0,0,0,0,0,0,0,0,0,0,0,0,0,0,0,0,0,0,0,0,0,0,0,0,0,0,0,0,0,0,0,0,0,0,0,0,0,,0,0,0,0,0,0,0,0,0,,,,,,,,,,,,,,,,,,,,,,,,,,,,,,,0,105668,,,,,,,,,,,,,,,,,,,,,,,,,,,,,,,0,
9/1/2026,2025,20260585,47973,2714,"EASTERN GAS TRANSMISSION AND STORAGE, INC.",Natural Gas,INTERSTATE,MARYLAND,0,0,0,0,,,0,,,,,0,0,0,0,,,0,,,,,0,0,0,0,,,0,,,,,0,0,0,0,,,0,,,,,0,0,0,0,,,0,,,,,0,0,0,0,,,0,,,,,0,0,0,0,,,0,,,,,0,0,0,0,,,0,,,,,0,0,0,0,,,0,,,,,0,0,0,0,,,0,,,,,0,0,0,0,,,0,0,0,0,0,0,0,0,0,,,0,0,0,0,0,0,0,0,0,,,0,0,0,0,0,0,0,0,0,,0,,0,0,0,0,0,,0,,,,,,0,,0,0,0,0,0,0,0,0,0,0,0,0,0,0,0,0,0,0,0,0,0,0,0,0,0,0,0,0,0,0,0,0,1678,,,,,,,,,,,,,,,,,,,,,,,,,,,,,,,,
9/1/2026,2025,20260585,47973,2714,"EASTERN GAS TRANSMISSION AND STORAGE, INC.",Natural Gas,INTERSTATE,NEW YORK,0,0,0,0,,,0,,,,,0,0,0,0,,,0,,,,,0,0,0,0,,,0,,,,,0,0,0,0,,,0,,,,,0,0,0,0,,,0,,,,,0,0,0,0,,,0,,,,,0,0,0,0,,,0,,,,,0,0,0,0,,,0,,,,,0,0,0,0,,,0,,,,,0,0,0,0,,,0,,,,,0,0,0,0,,,0,0,0,0,0,0,0,0,0,,,0,0,0,0,0,0,0,0,0,,,0,0,0,0,0,0,0,0,0,,0,,0,0,0,0,0,,0,,,,,,0,,0,0,0,0,0,0,0,0,0,0,0,0,0,0,0,0,0,0,0,0,0,0,0,0,0,0,0,0,0,0,0,0,1894,,,,,,,,,,,,,,,,,,,,,,,,,,,,,,,0,
9/1/2026,2025,20260585,47973,2714,"EASTERN GAS TRANSMISSION AND STORAGE, INC.",Natural Gas,INTERSTATE,OHIO,0,0,0,0,,,0,,,,,0,0,0,0,,,0,,,,,0,0,0,0,,,0,,,,,0,0,0,0,,,0,,,,,0,0,0,0,,,0,,,,,0,0,0,0,,,0,,,,,0,0,0,0,,,0,,,,,0,0,0,0,,,0,,,,,0,0,0,0,,,0,,,,,0,0,0,0,,,0,,,,,0,0,0,0,,,0,0,0,0,0,0,0,0,0,,,0,0,0,0,0,0,0,0,0,,,0,0,0,0,0,0,0,0,0,,0,,0,0,0,0,0,,0,,,,,,0,,0,0,0,0,0,0,0,0,0,0,0,0,0,0,0,0,0,0,0,0,0,0,0,0,0,0,0,0,0,0,0,0,997,,,,,,,,,,,,,,,,,,,,,,,,,,,,,,,,
9/1/2026,2025,20260585,47973,2714,"EASTERN GAS TRANSMISSION AND STORAGE, INC.",Natural Gas,INTERSTATE,PENNSYLVANIA,0,0,0,0,,,0,,,,,0,0,0,0,,,0,,,,,0,0,0,0,,,0,,,,,0,0,0,1,,,0,,,,,0,0,0,0,,,0,,,,,0,0,0,2,,,0,,,,,0,0,0,0,,,0,,,,,0,0,0,0,,,0,,,,,0,0,0,0,,,0,,,,,0,0,0,0,,,0,,,,,0,0,0,0,,,0,0,0,0,0,0,0,0,0,,,0,0,0,0,0,0,0,0,0,,,0,0,0,0,0,0,0,0,3,,0,,0,0,0,0,0,,3,,,,,,3,,3,0,0,0,0,0,0,0,0,0,0,0,0,0,0,0,0,0,0,0,0,0,0,0,0,0,0,0,0,0,0,0,2996,,,,,,,,,,,,,,,,,,,,,,,,,,,,,,,0,
9/1/2026,2025,20260585,47973,2714,"EASTERN GAS TRANSMISSION AND STORAGE, INC.",Natural Gas,INTERSTATE,VIRGINIA,0,0,0,0,,,0,,,,,0,0,0,0,,,0,,,,,0,0,0,0,,,0,,,,,0,0,0,0,,,0,,,,,0,0,0,0,,,0,,,,,0,0,0,0,,,0,,,,,0,0,0,0,,,0,,,,,0,0,0,0,,,0,,,,,0,0,0,0,,,0,,,,,0,0,0,0,,,0,,,,,0,0,0,0,,,0,0,0,0,0,0,0,0,0,,,0,0,0,0,0,0,0,0,0,,,0,0,0,0,0,0,0,0,0,,0,,0,0,0,0,0,,0,,,,,,0,,0,0,0,0,0,0,0,0,0,0,0,0,0,0,0,0,0,0,0,0,0,0,0,0,0,0,0,0,0,0,0,0,4656,,,,,,,,,,,,,,,,,,,,,,,,,,,,,,,,
9/1/2026,2025,20260585,47973,2714,"EASTERN GAS TRANSMISSION AND STORAGE, INC.",Natural Gas,INTERSTATE,WEST VIRGINIA,0,0,0,0,,,0,0,,0,,0,0,0,0,,,0,0,,0,,0,0,0,0,,,0,0,,0,,0,0,0,0,,,0,1,,1,,0,0,0,0,,,0,0,,0,,0,0,0,0,,,0,0,,1,,0,0,0,0,,,0,0,,0,,0,0,0,0,,,0,0,,0,,0,0,0,0,,,0,0,,0,,0,0,0,0,,,0,0,,0,,0,0,0,0,,,0,0,,0,,0,0,0,0,,,0,0,,0,,0,0,0,0,,,0,0,,0,,0,0,0,0,,0,,1,,2,,0,0,0,,1,,2,,0,3,3,0,0,0,0,0,0,0,0,0,0,0,0,0,0,0,0,0,0,0,0,0,0,0,0,0,0,0,0,0,0,0,6764,0,0,0,0,0,0,0,0,0,0,0,0,0,0,0,0,0,0,0,0,0,0,0,0,0,0,0,0,0,0,0,1375
9/1/2026,2025,20260585,47973,2714,"EASTERN GAS TRANSMISSION AND STORAGE, INC.",Natural Gas,INTRASTATE,VIRGINIA,0,0,0,0,,,0,,,,,0,0,0,0,,,0,,,,,0,0,0,0,,,0,,,,,0,0,0,0,,,0,,,,,0,0,0,0,,,0,,,,,0,0,0,0,,,0,,,,,0,0,0,0,,,0,,,,,0,0,0,0,,,0,,,,,0,0,0,0,,,0,,,,,0,0,0,0,,,0,,,,,0,0,0,0,,,0,0,0,0,0,0,0,0,0,,,0,0,0,0,0,0,0,0,0,,,0,0,0,0,0,0,0,0,0,,0,,0,0,0,0,0,,0,,,,,,0,,0,0,0,0,0,0,0,0,0,0,0,0,0,0,0,0,0,0,0,0,0,0,0,0,0,0,0,0,0,0,0,0,1916,,,,,,,,,,,,,,,,,,,,,,,,,,,,,,,,
9/1/2026,2025,20261415,48527,2731,CHEVRON PIPE LINE CO,Natural Gas,INTRASTATE,CALIFORNIA,0,0,0,0,0,0,0,0,0,0,0,0,0,0,0,0,0,0,0,0,0,0,0,0,0,0,0,0,0,0,0,0,0,0,0,0,0,0,0,0,0,0,0,0,0,0,0,0,0,0,0,0,0,0,0,0,0,0,0,0,0,0,0,0,0,0,0,0,0,0,0,0,0,0,0,0,0,0,0,0,0,0,0,0,0,0,0,0,0,0,0,0,0,0,0,0,0,0,0,0,0,0,0,0,0,0,0,0,0,0,0,0,0,0,0,0,0,0,0,0,0,0,0,0,0,0,0,0,0,0,0,0,0,0,0,0,0,0,0,0,0,0,0,0,0,0,0,0,0,0,0,0,0,0,0,0,0,,,,0,,0,0,0,,,,,,,,1,,,,,1,,,,,,,,,,,,,,,,,,1,18172,,,,,,,,,,,,,,,,,,,,,,,,,,,,,,,0,18172
9/1/2026,2025,20261415,48527,2731,CHEVRON PIPE LINE CO,Natural Gas,INTRASTATE,LOUISIANA,0,0,0,0,,,0,0,0,0,,0,0,0,0,,,0,0,0,0,,0,0,0,0,,,0,0,0,0,,0,0,0,0,,,0,0,0,0,,0,0,0,0,,,0,0,0,0,,0,0,0,0,,,0,0,0,0,,0,0,0,0,,,0,0,0,0,,0,0,0,0,,,0,0,0,0,,0,0,0,0,,,0,0,0,0,,0,0,0,0,,,0,0,0,0,,0,0,0,0,,,0,0,0,0,,0,0,0,0,,,0,0,0,0,,0,0,0,0,,,0,0,0,0,,0,0,0,0,,0,,0,0,0,,0,0,0,,0,0,0,,0,0,0,,,,,,,,,,,,,,,,,,,,,,,,,,,,,,,0,2627,,,,,,,,,,,,,,,,,,,,,,,,,,,,,,,,
9/1/2026,2025,20261415,48527,2731,CHEVRON PIPE LINE CO,Natural Gas,INTRASTATE,TEXAS,,,,,,,,,,,,,,,,,,,,,,,,,,,,,,,,,,,,,,,,,,,,,,,,,,,,,,,,,,,,,,,,,,,,,,,,,,,,,,,,,,,,,,,,,,,,,,,,,,,,,,,,,,,,,,,,,,,,,,,,,,,,,,,,,,,,,,,,,,,,,,,,,,,,,,,,,,,,,,,,,,,,,,,,,,,,,,,,,,,,,,,,,,,,,,,,,,,,0,23047,,,,,,,,,,,,,,,,,,,,,,,,,,,,,,,,
9/1/2026,2025,20261185,48198,2748,CONSUMERS ENERGY CO,Natural Gas,INTRASTATE,MICHIGAN,0,0,0,2,,,0,,,,,0,0,0,0,,,0,,,,,0,0,0,0,,,0,,,,,0,0,0,0,,,0,,,,,0,0,0,0,,,0,,,,,14,4,1,11,,,0,,,,,0,0,0,0,,,0,,,,,0,0,0,0,,,0,,,,,0,0,0,0,,,0,,,,,0,0,0,0,,,0,,,,,0,0,0,0,,,0,0,0,0,0,0,0,0,0,,,0,0,0,0,0,0,0,0,0,,,0,0,0,0,0,14,4,1,13,,0,,0,0,0,0,70,,0,,,,,,0,,0,0,0,1,0,0,1,0,0,0,0,0,1,1,0,0,0,0,0,0,0,0,0,0,0,0,0,0,0,0,0,2,61531,,,,,,,,,,,,,,,,,,,,,,,,,,,,,,,,
9/1/2026,2025,20261278,48291,2767,"HARVEST ALASKA, LLC",Natural Gas,INTRASTATE,ALASKA,0,0,0,0,0,0,0,0,0,0,0,0,0,0,0,0,0,0,0,0,0,0,0,0,0,0,0,0,0,0,0,0,0,0,0,0,0,0,0,0,0,0,0,0,0,0,0,0,0,0,0,0,0,0,0,0,1,0,4,0,0,0,0,0,0,0,0,0,0,0,0,0,0,0,0,0,0,0,0,0,0,0,0,0,0,0,0,0,0,0,0,0,0,0,0,0,0,0,0,0,0,0,0,0,0,0,0,0,0,0,0,0,0,0,0,0,0,0,0,0,0,0,0,0,0,0,0,0,0,0,0,0,0,0,0,0,0,0,0,0,0,0,0,0,1,0,4,0,0,0,0,0,0,0,0,0,0,0,0,0,0,0,0,0,0,0,0,0,0,0,0,0,0,0,0,0,0,0,0,0,0,0,0,0,0,0,0,0,0,0,0,0,0,0,0,0,463,0,0,0,0,0,0,0,0,0,0,0,0,0,0,0,0,0,0,0,0,0,0,0,0,0,0,0,0,0,0,0,45
9/1/2026,2025,20260043,46994,2796,CORNING MUNICIPAL UTILITIES,Natural Gas,INTRASTATE,IOWA,0,0,0,0,0,0,0,0,0,0,0,0,0,0,0,0,0,0,0,0,0,0,0,0,0,0,0,0,0,0,0,0,0,0,0,0,0,0,0,0,0,0,0,0,0,0,0,0,0,0,0,0,0,0,0,0,0,0,0,0,0,0,0,0,0,0,0,0,0,0,0,0,0,0,0,0,0,0,0,0,0,0,0,0,0,0,0,0,0,0,0,0,0,0,0,0,0,0,0,0,0,0,0,0,0,0,0,0,0,0,0,0,0,0,0,0,0,0,0,0,0,0,0,0,0,0,0,0,0,0,0,0,0,0,0,0,0,0,0,0,0,0,0,0,0,0,0,0,0,0,0,0,0,0,0,,0,,,,,,0,,0,,,,,,,,,,,,,,,,,,,,,,,,,,,,,,,0,51,,,,,,,,,,,,,,,,,,,,,,,,,,,,,,,,
9/1/2026,2025,20261281,48471,2800,CORNING NATURAL GAS CORP,Natural Gas,INTRASTATE,NEW YORK,0,0,0,0,0,0,0,0,0,0,0,0,0,0,0,0,0,0,0,0,0,0,0,0,0,0,0,0,0,0,0,0,0,0,0,0,0,0,0,0,0,0,0,0,0,0,0,0,0,0,0,0,0,0,0,0,0,0,0,0,0,0,0,0,0,0,0,0,0,0,0,0,0,0,0,0,0,0,0,0,0,0,0,0,0,0,0,0,0,0,0,0,0,0,0,0,0,0,0,0,0,0,0,0,0,0,0,0,0,0,0,0,0,0,0,0,0,0,0,0,0,0,0,0,0,0,0,0,0,0,0,0,0,0,0,0,0,0,0,0,0,0,0,0,0,0,0,0,0,0,0,0,0,0,0,,0,0,0,0,0,0,0,0,0,,,,,,,,,,,,,,,,,,,,,,,,,,,,,,,0,4870,,,,,,,,,,,,,,,,,,,,,,,,,,,,,,,0,
9/1/2026,2025,20261411,48498,2812,"CORPUS CHRISTI, CITY OF - GAS DIV",Landfill Gas,INTRASTATE,TEXAS,0,0,0,0,0,0,0,0,0,0,0,0,0,0,0,0,0,0,0,0,0,0,0,0,0,0,0,0,0,0,0,0,0,0,0,0,0,0,0,0,0,0,0,0,0,0,0,0,0,0,0,0,0,0,0,0,0,0,0,0,0,0,0,0,0,0,0,0,0,0,0,0,0,0,0,0,0,0,0,0,0,0,0,0,0,0,0,0,0,0,0,0,0,0,0,0,0,0,0,0,0,0,0,0,0,0,0,0,0,0,0,0,0,0,0,0,0,0,0,0,0,0,0,0,0,0,0,0,0,0,0,0,0,0,0,0,0,0,0,0,0,0,0,0,0,0,0,0,0,0,0,0,0,0,,0,0,0,0,0,0,0,0,0,0,,,,,,,,,,,,,,,,,,,,,,,,,,,,,,,0,,,,,,,,,,,,,,,,,,,,,,,,,,,,,,,,0,418
9/1/2026,2025,20261298,48311,2859,CRANBERRY PIPELINE CORP (WV),Natural Gas,INTRASTATE,WEST VIRGINIA,0,0,0,0,0,0,0,0,1,3,0,0,0,0,0,0,0,0,0,0,0,0,0,0,0,0,0,0,0,0,0,0,0,0,0,0,0,0,0,0,0,0,0,0,0,0,0,0,0,0,0,0,0,0,0,0,0,0,0,0,0,0,0,0,0,0,0,0,0,0,0,0,0,0,0,0,0,0,0,0,0,0,0,0,0,0,0,0,0,0,0,0,0,0,0,0,0,0,0,0,0,0,0,0,0,0,0,0,0,0,0,0,0,0,0,0,0,0,0,1,0,0,0,0,0,0,0,0,0,0,0,0,0,0,0,0,0,0,0,0,0,0,0,0,0,0,0,0,0,0,0,1,4,0,0,0,0,0,0,0,0,0,0,0,0,0,0,0,0,0,0,0,0,0,0,0,0,0,0,0,0,0,0,0,0,0,0,0,0,0,0,0,0,0,0,0,479,0,0,0,0,0,0,0,0,0,0,0,0,0,0,0,0,0,0,0,0,0,0,0,0,0,0,0,0,0,0,0,904
9/1/2026,2025,20261109,48120,3110,"DANVILLE, CITY OF",Natural Gas,INTRASTATE,VIRGINIA,,,,,,,,,,,,,,,,,,,,,,,,,,,,,,,,,,,,,,,,,,,,,,,,,,,,,,,,,,,,,,,,,,,,,,,,,,,,,,,,,,,,,,,,,,,,,,,,,,,,,,,,,,,,,,,,,,,,,,,,,,,,,,,,,,,,,,,,,,,,,,,,,,,,,,,,,,,,,,,,,,,,,,,,,,,,,,,,,,,,,,,,,,,,,,,,,,,,0,0,,,,,,,,,,,,,,,,,,,,,,,,,,,,,,,0,
9/1/2026,2025,20261040,48045,3240,DELMARVA POWER & LIGHT COMPANY,Natural Gas,INTRASTATE,DELAWARE,0,0,0,0,0,0,0,0,0,0,0,0,0,0,0,0,0,0,0,0,0,0,0,0,0,0,0,0,0,0,0,0,0,0,0,0,0,0,0,0,0,0,0,0,0,0,0,0,0,0,0,0,0,0,0,0,0,0,0,0,0,0,0,0,0,0,0,0,0,0,0,0,0,0,0,0,0,0,0,0,0,0,0,0,0,0,0,0,0,0,0,0,0,0,0,0,0,0,0,0,0,0,0,0,0,0,0,0,0,0,0,0,0,0,0,0,0,0,0,0,0,0,0,0,0,0,0,0,0,0,0,0,0,0,0,0,0,0,0,0,0,0,0,0,0,0,0,0,0,0,0,0,0,0,0,,0,0,0,0,0,0,0,0,0,0,0,0,0,0,0,0,0,0,0,0,0,0,0,0,0,0,0,0,0,0,0,0,0,0,0,0,0,0,0,0,0,,,,,,,,,,,,,,,,,,,,,,,,,,,,,,,0,
9/1/2026,2025,20261006,48009,3260,DELTA NATURAL GAS CO INC,Natural Gas,INTRASTATE,KENTUCKY,0,0,0,0,0,0,0,0,1,0,0,0,0,0,0,0,0,0,0,0,0,0,0,0,0,0,0,0,0,0,0,0,0,0,0,0,0,0,0,0,0,0,0,0,0,0,0,0,0,0,0,0,0,0,0,0,0,0,0,0,0,0,0,1,0,0,0,0,0,0,0,0,0,0,0,0,0,0,0,0,0,0,0,0,0,0,0,0,0,0,0,0,0,0,0,0,0,0,0,0,0,0,0,0,0,0,0,0,0,0,0,0,0,0,0,0,0,0,0,0,0,0,0,0,0,0,0,0,0,0,0,0,0,0,0,0,0,0,0,0,0,0,0,0,0,0,0,0,0,0,0,2,0,0,0,0,0,0,0,0,0,0,0,0,0,,,,,,,,,,,,,,,,,,,,,,,,,,,,,,,0,34329,,,,,,,,,,,,,,,,,,,,,,,,,,,,,,,0,34329
9/1/2026,2025,20261344,48529,3345,DEVON ENERGY PRODUCTION CO. LP,Natural Gas,INTRASTATE,TEXAS,,0,,,,,,0,0,0,,,0,,,,,,0,0,0,,,0,,,,,,0,0,0,,,0,,,,,,0,0,0,,,0,,,,,,0,0,0,,,0,,,,,,0,0,0,,,0,,,,,,0,0,0,,,0,,,,,,0,0,0,,,0,,,,,,0,0,0,,,0,,,,,,0,0,0,,,0,,,,,,0,0,0,,,0,,,,,,0,0,0,,,0,,,,,,0,0,0,,,0,,,,,,0,0,0,,,0,,,0,0,0,,,0,0,,,,,,,,,,,,,,,,,,,,,,,,,,,,,,,0,,,,,,,,,,,,,,,,,,,,,,,,,,,,,,,,0,21
9/1/2026,2025,20260821,47815,3527,DOW PIPELINE LLC,Natural Gas,INTRASTATE,TEXAS,0,0,0,0,,,0,0,0,0,,0,0,0,0,,,0,0,0,0,,0,0,0,0,,,0,0,0,0,,0,0,0,0,,,0,0,0,0,,0,0,0,0,,,0,0,0,0,,0,0,0,0,,,0,0,0,0,,0,0,0,0,,,0,0,0,0,,0,0,0,0,,,0,0,0,0,,0,0,0,0,,,0,0,0,0,,0,0,0,0,,,0,0,0,0,,0,0,0,0,,,0,0,0,0,,0,0,0,0,,,0,0,0,0,,0,0,0,0,,,0,0,0,0,,0,0,0,0,,0,,0,0,0,,0,0,0,,0,0,0,,0,0,0,0,0,0,0,0,0,0,0,0,0,0,0,0,0,0,0,0,0,0,0,0,0,0,0,0,0,0,0,0,0,0,0,0,0,0,0,0,0,0,0,0,0,0,0,0,0,0,0,0,0,0,0,0,0,0,0,0,0,0,0,0,0,0,0
9/1/2026,2025,20260831,47825,3527,DOW PIPELINE LLC,Other Gas-Ethylene,INTRASTATE,TEXAS,0,0,0,0,,,0,,,,,0,0,0,0,,,0,,,,,0,0,0,0,,,0,,,,,0,0,0,0,,,0,,,,,0,0,0,0,,,0,,,,,0,0,0,0,,,0,,,,,0,0,0,0,,,0,,,,,0,0,0,0,,,0,,,,,0,0,0,0,,,0,,,,,0,0,0,0,,,0,,,,,0,0,0,0,,,0,0,0,0,0,0,0,0,0,,,0,0,0,0,0,0,0,0,0,,,0,0,0,0,0,0,0,0,0,,0,,0,0,0,0,0,,0,,,,,,0,,0,0,0,0,0,0,0,0,0,0,0,,0,0,0,0,0,0,0,0,0,0,0,0,0,0,0,0,0,0,0,0,0,,,,,,,,,,,,,,,,,,,,,,,,,,,,,,,,
9/1/2026,2025,20260721,47708,3532,DOW INTRASTATE GAS LLC,Natural Gas,INTRASTATE,LOUISIANA,0,0,0,0,,,0,,,,,0,0,0,0,,,0,,,,,0,0,0,0,,,0,,,,,0,0,0,0,,,0,,,,,0,0,0,0,,,0,,,,,0,0,0,0,,,0,,,,,0,0,0,0,,,0,,,,,0,0,0,0,,,0,,,,,0,0,0,0,,,0,,,,,0,0,0,0,,,0,,,,,0,0,0,0,,,0,0,0,0,0,0,0,0,0,,,0,0,0,0,0,0,0,0,0,,,0,0,0,0,0,0,0,0,0,,0,,0,0,0,0,0,,0,,,,,,0,,0,0,0,0,0,0,0,0,0,0,0,0,0,0,0,0,0,0,0,0,0,0,0,0,0,0,0,0,0,0,0,0,0,,,,,,,,,,,,,,,,,,,,,,,,,,,,,,,,
9/1/2026,2025,20260743,47731,3535,DOW PIPELINE LLC,Other Gas-Ethylene,INTRASTATE,LOUISIANA,0,0,0,0,,,0,,,,,0,0,0,0,,,0,,,,,0,0,0,0,,,0,,,,,0,0,0,0,,,0,,,,,0,0,0,0,,,0,,,,,0,0,0,0,,,0,,,,,0,0,0,0,,,0,,,,,0,0,0,0,,,0,,,,,0,0,0,0,,,0,,,,,0,0,0,0,,,0,,,,,0,0,0,0,,,0,0,0,0,0,0,0,0,0,,,0,0,0,0,0,0,0,0,0,,,0,0,0,0,0,0,0,0,0,,0,,0,0,0,0,0,,0,,,,,,0,,0,0,0,0,0,0,0,0,0,0,0,0,0,0,0,0,0,0,0,0,0,0,0,0,0,0,0,0,0,,0,0,0,,,,,,,,,,,,,,,,,,,,,,,,,,,,,,,,
9/1/2026,2025,20261287,48300,3590,CITY OF DULUTH PUBLIC WORKS & UTILITIES,Natural Gas,INTERSTATE,MINNESOTA,0,0,0,0,,,0,,,,,0,0,0,0,,,0,,,,,0,0,0,0,,,0,,,,,0,0,0,0,,,0,,,,,0,0,0,0,,,0,,,,,0,0,0,0,,,0,,,,,0,0,0,0,,,0,,,,,0,0,0,0,,,0,,,,,0,0,0,0,,,0,,,,,0,0,0,0,,,0,,,,,0,0,0,0,,,0,,,,,0,0,0,0,,,0,,,,,0,0,0,0,,,0,,,,,0,0,0,0,,0,,,,,,0,,0,,,,,,0,,0,,,,,,,,,,,,,,,,,,,,,,,,,,,,,,,0,6,,,,,,,,,,,,,,,,,,,,,,,,,,,,,,,,
9/1/2026,2025,20261287,48300,3590,CITY OF DULUTH PUBLIC WORKS & UTILITIES,Natural Gas,INTERSTATE,WISCONSIN,0,0,0,0,,,0,,,,,0,0,0,0,,,0,,,,,0,0,0,0,,,0,,,,,0,0,0,0,,,0,,,,,0,0,0,0,,,0,,,,,0,0,0,0,,,0,,,,,0,0,0,0,,,0,,,,,0,0,0,0,,,0,,,,,0,0,0,0,,,0,,,,,0,0,0,0,,,0,,,,,0,0,0,0,,,0,0,0,0,0,0,0,0,0,,,0,0,0,0,0,0,0,0,0,,,0,0,0,0,0,0,0,0,0,,0,,0,0,0,0,0,,0,,,,,,0,,0,,,,,,,,,,,,,,,,,,,,,,,,,,,,,,,0,10,,,,,,,,,,,,,,,,,,,,,,,,,,,,,,,,
9/1/2026,2025,20260108,47062,3830,"GARLAND, CITY OF",Natural Gas,INTRASTATE,TEXAS,0,0,0,0,,,0,,,,,0,0,0,0,,,0,,,,,0,0,0,0,,,0,,,,,0,0,0,0,,,0,,,,,0,0,0,0,,,0,,,,,0,0,0,0,,,0,,,,,0,0,0,0,,,0,,,,,0,0,0,0,,,0,,,,,0,0,0,0,,,0,,,,,0,0,0,0,,,0,,,,,0,0,0,0,,,0,0,0,0,0,0,0,0,0,,,0,0,0,0,0,0,0,0,0,,,0,0,0,0,0,0,0,0,0,,0,,0,0,0,0,0,,0,0,0,0,0,0,0,0,0,,,,,,,,,,,,,,,,,,,,,,,,,,,,,,,0,381,,,,,,,,,,,,,,,,,,,,,,,,,,,,,,,0,
9/1/2026,2025,20260848,47844,4005,E M W GAS ASSOCIATION,Natural Gas,INTRASTATE,NEW MEXICO,0,0,0,0,,,0,,,,,0,0,0,0,,,0,,,,,0,0,0,0,,,0,,,,,0,0,0,0,,,0,,,,,0,0,0,0,,,0,,,,,0,0,0,0,,,0,,,,,0,0,0,0,,,0,,,,,0,0,0,0,,,0,,,,,0,0,0,0,,,0,,,,,0,0,0,0,,,0,,,,,0,0,0,0,,,0,0,0,0,0,0,0,0,0,,,0,0,0,0,0,0,0,0,0,,,0,0,0,0,0,0,0,0,0,,0,,0,0,0,0,0,,0,,,,,,0,,0,,,,,,,,,,,,,,,,,,,,,,,,,,,,,,,0,0,,,,,,,,,,,,,,,,,,,,,,,,,,,,,,,,
9/1/2026,2025,20260982,47985,4060,ENBRIDGE GAS OHIO,Natural Gas,INTRASTATE,OHIO,0,0,0,0,0,0,0,3,20,2,0,0,0,0,1,0,0,0,0,0,0,0,0,0,0,0,0,0,0,0,0,0,0,0,0,0,0,0,0,0,0,0,0,0,0,0,0,0,0,0,0,0,0,0,0,0,1,0,1,0,0,0,0,1,0,0,0,0,0,0,0,0,0,0,0,0,0,0,0,0,0,0,0,0,0,1,0,0,0,0,0,0,0,0,0,0,0,0,0,0,0,0,0,0,0,0,0,0,0,0,0,0,0,0,0,0,0,0,0,0,0,0,0,0,0,0,0,0,0,0,0,0,0,0,0,0,0,0,0,1,4,0,0,0,1,0,2,0,0,0,4,26,2,0,0,8,0,0,2,6,0,0,0,8,8,1,0,0,0,0,1,0,2,0,0,0,0,2,0,0,1,0,1,0,0,0,0,0,0,0,0,0,0,0,0,4,11999,1,0,0,0,0,1,0,1,0,0,0,0,1,0,0,1,0,1,0,0,0,0,0,0,0,0,0,0,0,0,3,151986
9/1/2026,2025,20261194,48468,4070,"EAST TENNESSEE NATURAL GAS, LLC",Natural Gas,INTERSTATE,GEORGIA,,,,,,,,,,,,,,,,,,,,,,,,,,,,,,,,,,,,,,,,,,,,,,,,,,,,,,,,,,,,,,,,,,,,,,,,,,,,,,,,,,,,,,,,,,,,,,,,,,,,,,,,,,,,,,,,,,,,,,,,,,,,,,,,,,,,,,,,,,,,,,,,,,,,,,,,,,,,,,,,,,,,,,,,,,,,,,,,,,,,,,,,,,,,,,,,,,,,0,559,,,,,,,,,,,,,,,,,,,,,,,,,,,,,,,,
9/1/2026,2025,20261194,48468,4070,"EAST TENNESSEE NATURAL GAS, LLC",Natural Gas,INTERSTATE,NORTH CAROLINA,,,,,,,,,,,,,,,,,,,,,,,,,,,,,,,,,,,,,,,,,,,,,,,,,,,,,,,,,,,,,,,,,,,,,,,,,,,,,,,,,,,,,,,,,,,,,,,,,,,,,,,,,,,,,,,,,,,,,,,,,,,,,,,,,,,,,,,,,,,,,,,,,,,,,,,,,,,,,,,,,,,,,,,,,,,,,,,,,,,,,,,,,,,,,,,,,,,,0,157,,,,,,,,,,,,,,,,,,,,,,,,,,,,,,,,
9/1/2026,2025,20261194,48468,4070,"EAST TENNESSEE NATURAL GAS, LLC",Natural Gas,INTERSTATE,TENNESSEE,0,0,0,0,0,0,0,0,0,0,0,0,0,0,0,0,0,0,0,0,0,0,0,0,0,0,0,0,0,0,0,0,0,0,0,0,0,0,0,0,0,0,0,0,0,0,0,0,0,0,0,0,0,0,0,2,0,0,4,0,0,0,0,0,0,0,0,0,0,0,0,0,0,0,0,0,0,0,0,0,0,0,0,0,0,0,0,0,0,0,0,0,0,0,0,0,0,0,0,0,0,0,0,0,0,0,0,0,0,0,0,0,0,0,0,0,0,0,0,0,0,0,0,0,0,0,0,0,0,0,0,0,0,0,0,0,0,0,0,0,0,0,0,2,0,0,4,0,0,0,0,0,0,0,,,,,,,,,,,,,,,,,,,,,,,,,,,,,,,,,,,,,,,,,,0,26684,,,,,,,,,,,,,,,,,,,,,,,,,,,,,,,,
9/1/2026,2025,20261194,48468,4070,"EAST TENNESSEE NATURAL GAS, LLC",Natural Gas,INTERSTATE,VIRGINIA,0,0,0,0,,,0,,,,,0,0,0,0,,,0,,,,,0,0,0,0,,,0,,,,,0,0,0,0,,,0,,,,,0,0,0,0,,,0,,,,,0,0,0,0,,,0,,,,,0,0,0,0,,,0,,,,,0,0,0,0,,,0,,,,,0,0,0,0,,,0,,,,,0,0,0,0,,,0,,,,,0,0,0,0,,,0,,,,0,0,0,0,0,,,0,,,,0,0,0,0,0,,,0,,,,0,0,0,0,0,,0,,,,,0,,,,,,,,,,,,,,,,,,,,,,,,,,,,,,,,,,,,,,,,,,0,2688,,,,,,,,,,,,,,,,,,,,,,,,,,,,,,,,
9/1/2026,2025,20261322,48335,4149,EASTERN SHORE NATURAL GAS CO,Natural Gas,INTERSTATE,DELAWARE,0,0,0,0,0,0,0,0,0,0,0,0,0,0,0,0,0,0,0,0,0,0,0,0,0,0,0,0,0,0,0,0,0,0,0,0,0,0,0,0,0,0,0,0,0,0,0,0,0,0,0,0,0,0,0,1,0,4,0,0,0,0,0,0,0,0,0,0,0,0,0,0,0,0,0,0,0,0,0,0,0,0,0,0,0,0,0,0,0,0,0,0,0,0,0,0,0,0,0,0,0,0,0,0,0,0,0,0,0,0,0,0,0,0,0,0,0,0,0,0,0,0,0,0,0,0,0,0,0,0,0,0,0,0,0,0,0,0,0,0,0,0,0,1,0,4,0,0,0,0,0,0,0,0,1,,0,0,0,0,0,0,0,0,0,0,0,0,0,0,0,0,1,0,0,0,0,1,0,0,0,0,0,0,0,0,0,0,0,0,0,0,0,0,0,1,8742,,,,,,,,,,,,,,,,,,,,,,,,,,,,,,,0,
9/1/2026,2025,20261322,48335,4149,EASTERN SHORE NATURAL GAS CO,Natural Gas,INTERSTATE,MARYLAND,0,0,0,0,0,0,0,0,0,0,0,0,0,0,0,0,0,0,0,0,0,0,0,0,0,0,0,0,0,0,0,0,0,0,0,0,0,0,0,0,0,0,0,0,0,0,0,0,0,0,0,0,0,0,0,0,0,0,0,0,0,0,0,0,0,0,0,0,0,0,0,0,0,0,0,0,0,0,0,0,0,0,0,0,0,0,0,0,0,0,0,0,0,0,0,0,0,0,0,0,0,0,0,0,0,0,0,0,0,0,0,0,0,0,0,0,0,0,0,0,0,0,0,0,0,0,0,0,0,0,0,0,0,0,0,0,0,0,0,0,0,0,0,0,0,0,0,0,0,0,0,0,0,0,0,,0,0,0,0,0,0,0,0,0,0,0,0,0,0,0,0,0,0,0,0,0,0,0,0,0,0,0,0,0,0,0,0,0,0,0,0,0,0,0,0,2356,,,,,,,,,,,,,,,,,,,,,,,,,,,,,,,0,
9/1/2026,2025,20261322,48335,4149,EASTERN SHORE NATURAL GAS CO,Natural Gas,INTERSTATE,PENNSYLVANIA,0,0,0,0,0,0,0,0,0,0,0,0,0,0,0,0,0,0,0,0,0,0,0,0,0,0,0,0,0,0,0,0,0,0,0,0,0,0,0,0,0,0,0,0,0,0,0,0,0,0,0,0,0,0,0,0,0,0,0,0,0,0,0,0,0,0,0,0,0,0,0,0,0,0,0,0,0,0,0,0,0,0,0,0,0,0,0,0,0,0,0,0,0,0,0,0,0,0,0,0,0,0,0,0,0,0,0,0,0,0,0,0,0,0,0,0,0,0,0,0,0,0,0,0,0,0,0,0,0,0,0,0,0,0,0,0,0,0,0,0,0,0,0,0,0,0,0,0,0,0,0,0,0,0,0,,0,0,0,0,0,0,0,0,0,0,0,0,0,0,0,0,0,0,0,0,0,0,0,0,0,0,0,0,0,0,0,0,0,0,0,0,0,0,0,0,380,,,,,,,,,,,,,,,,,,,,,,,,,,,,,,,0,
9/1/2026,2025,20260182,47139,4273,EGYPTIAN GAS STORAGE CORP,Natural Gas,INTRASTATE,ILLINOIS,0,0,0,0,,,0,0,0,0,,0,0,0,0,,,0,0,0,0,,0,0,0,0,,,0,0,0,0,,0,0,0,0,,,0,0,0,0,,0,0,0,0,,,0,0,0,0,,0,0,0,0,,,0,0,0,0,,0,0,0,0,,,0,0,0,0,,0,0,0,0,,,0,0,0,0,,0,0,0,0,,,0,0,0,0,,0,0,0,0,,,0,0,0,0,,0,0,0,0,,,0,0,0,0,,0,0,0,0,,,0,0,0,0,,0,0,0,0,,,0,0,0,0,,0,0,0,0,,0,,0,0,0,,0,0,0,,0,0,0,,0,0,0,,,,,,,,,,,,,,,,,,,,,,,,,,,,,,,0,0,,,,,,,,,,,,,,,,,,,,,,,,,,,,,,,0,0
9/1/2026,2025,20261173,48186,4280,EL PASO NATURAL GAS CO,Natural Gas,INTERSTATE,ARIZONA,0,0,0,1,,,0,,,,,0,0,0,0,,,0,,,,,0,0,0,0,,,0,,,,,0,0,0,1,,,0,,,,,0,0,0,0,,,0,,,,,0,0,0,3,,,0,,,,,0,0,0,0,,,0,,,,,0,0,0,0,,,0,,,,,0,0,0,0,,,0,,,,,0,0,0,0,,,0,,,,,0,0,0,0,,,0,0,0,0,0,0,0,0,0,,,0,0,0,0,0,0,0,0,0,,,0,0,0,0,0,0,0,0,5,,0,,0,0,0,0,0,,0,,,,,,0,,0,1,,,,,1,,,,,,,,,,,,,,,1,,,,,,,,,1,2,34183,,,,,,,,,,,,,,,,,,,,,,,,,,,,,,,,
9/1/2026,2025,20261173,48186,4280,EL PASO NATURAL GAS CO,Natural Gas,INTERSTATE,COLORADO,,,,,,,,,,,,,,,,,,,,,,,,,,,,,,,,,,,,,,,,,,,,,,,,,,,,,,,,,,,,,,,,,,,,,,,,,,,,,,,,,,,,,,,,,,,,,,,,,,,,,,,,,,,,,,,,,,,,,,,,,,,,,,,,,,,,,,,,,,,,,,,,,,,,,,,,,,,,,,,,,,,,,,,,,,,,,,,,,,,,,,,,,,,,,,,,,,,,0,93,,,,,,,,,,,,,,,,,,,,,,,,,,,,,,,,
9/1/2026,2025,20261173,48186,4280,EL PASO NATURAL GAS CO,Natural Gas,INTERSTATE,NEW MEXICO,0,0,0,1,,,0,,,,,0,0,0,0,,,0,,,,,0,0,0,0,,,0,,,,,0,0,0,0,,,0,,,,,0,0,0,0,,,0,,,,,0,0,0,0,,,0,,,,,1,0,0,0,,,0,,,,,0,0,0,0,,,0,,,,,0,0,0,0,,,0,,,,,0,0,0,0,,,0,,,,,0,0,0,1,,,0,,,,,0,0,0,0,,,0,,,,,0,0,0,0,,,0,,,,,1,0,0,2,,0,,,,,,,,,,,,,,,,,,,,,,,,,,,,,,,,,,,,,,,,,,,,,,,0,4926,,,,,,,,,,,,,,,,,,,,,,,,,,,,,,,,
9/1/2026,2025,20261173,48186,4280,EL PASO NATURAL GAS CO,Natural Gas,INTERSTATE,OKLAHOMA,,,,,,,,,,,,,,,,,,,,,,,,,,,,,,,,,,,,,,,,,,,,,,,,,,,,,,,,,,,,,,,,,,,,,,,,,,,,,,,,,,,,,,,,,,,,,,,,,,,,,,,,,,,,,,,,,,,,,,,,,,,,,,,,,,,,,,,,,,,,,,,,,,,,,,,,,,,,,,,,,,,,,,,,,,,,,,,,,,,,,,,,,,,,,,,,,,,,0,28,,,,,,,,,,,,,,,,,,,,,,,,,,,,,,,,
9/1/2026,2025,20261173,48186,4280,EL PASO NATURAL GAS CO,Natural Gas,INTERSTATE,TEXAS,0,0,0,0,,,0,,,,,0,0,0,0,,,0,,,,,0,0,0,0,,,0,,,,,0,0,0,0,,,0,,,,,0,0,0,0,,,0,,,,,0,0,0,2,,,0,,,,,0,0,0,2,,,0,,,,,0,0,0,0,,,0,,,,,0,0,0,0,,,0,,,,,0,0,0,0,,,0,,,,,0,0,0,0,,,0,,,,,0,0,0,0,,,0,,,,,0,0,0,0,,,0,,,,,0,0,0,4,,0,,,,,,0,,,,,,,,,,,,,,,,,,,,,,,,,,,,,,,,,,,,,,,,,0,13210,,,,,,,,,,,,,,,,,,,,,,,,,,,,,,,,
9/1/2026,2025,20261199,48212,4350,ELIZABETHTOWN GAS CO,Natural Gas,INTRASTATE,NEW JERSEY,0,0,0,0,0,0,0,0,0,0,0,0,0,0,0,0,0,0,0,0,0,0,0,0,0,0,0,0,0,0,0,0,0,0,0,0,0,0,0,0,0,0,0,0,0,0,0,0,0,0,0,0,0,0,0,0,0,0,0,0,0,0,0,0,0,0,0,0,0,0,0,0,0,0,0,0,0,0,0,0,0,0,0,0,0,0,0,0,0,0,0,0,0,0,0,0,0,0,0,0,0,0,0,0,0,0,0,0,0,0,0,0,0,0,0,0,0,0,0,0,0,0,0,0,0,0,0,0,0,0,0,0,0,0,0,0,0,0,0,0,0,0,0,0,0,0,0,0,0,0,0,0,0,0,0,,0,0,0,0,0,0,0,0,0,,,,,,,,,,,,,,,,,,,,,,,,,,,,,,,0,93223,,,,,,,,,,,,,,,,,,,,,,,,,,,,,,,0,
9/1/2026,2025,20260030,48544,4360,ELIZABETHTOWN NATURAL GAS,Natural Gas,INTRASTATE,KENTUCKY,0,0,0,0,0,0,0,0,0,0,0,0,0,0,0,0,0,0,0,0,0,0,0,0,0,0,0,0,0,0,0,0,0,0,0,0,0,0,0,0,0,0,0,0,0,0,0,0,0,0,0,0,0,0,0,0,0,0,0,0,0,0,0,0,0,0,0,0,0,0,0,0,0,0,0,0,0,0,0,0,0,0,0,0,0,0,0,0,0,0,0,0,0,0,0,0,0,0,0,0,0,0,0,0,0,0,0,0,0,0,0,0,0,0,0,0,0,0,0,0,0,0,0,0,0,0,0,0,0,0,0,0,0,0,0,0,0,0,0,0,0,0,0,0,0,0,0,0,0,0,0,0,0,0,0,,0,0,0,0,0,0,0,0,0,0,,,,,0,,,,,,,,,,,,,,,,,,,,,,,,,0,7612,,,,,,,,,,,,,,,,,,,,,,,,,,,,,,,,
9/1/2026,2025,20260470,47437,4430,VALERO TERMINALING AND DISTRIBUTION COMPANY,Natural Gas,INTRASTATE,OKLAHOMA,0,0,0,0,0,0,0,0,0,0,0,0,0,0,0,0,0,0,0,0,0,0,0,0,0,0,0,0,0,0,0,0,0,0,0,0,0,0,0,0,0,0,0,0,0,0,0,0,0,0,0,0,0,0,0,0,0,0,0,0,0,0,0,0,0,0,0,0,0,0,0,0,0,0,0,0,0,0,0,0,0,0,0,0,0,0,0,0,0,0,0,0,0,0,0,0,0,0,0,0,0,0,0,0,0,0,0,0,0,0,0,0,0,0,0,0,0,0,0,0,0,0,0,0,0,0,0,0,0,0,0,0,0,0,0,0,0,0,0,0,0,0,0,0,0,0,0,0,0,0,0,0,0,0,0,,0,0,0,0,0,0,0,0,0,0,0,0,0,0,0,0,0,0,0,0,0,0,0,0,0,0,0,0,0,0,0,0,0,0,0,0,0,0,0,0,568,,,,,,,,,,,,,,,,,,,,,,,,,,,,,,,0,
9/1/2026,2025,20260470,47437,4430,VALERO TERMINALING AND DISTRIBUTION COMPANY,Natural Gas,INTRASTATE,TEXAS,0,0,0,0,,,0,,,,,0,0,0,0,,,0,,,,,0,0,0,0,,,0,,,,,0,0,0,0,,,0,,,,,0,0,0,0,,,0,,,,,0,0,0,0,,,0,,,,,0,0,0,0,,,0,,,,,0,0,0,0,,,0,,,,,0,0,0,0,,,0,,,,,0,0,0,0,,,0,,,,,0,0,0,0,,,0,,,,,0,0,0,0,,,0,,,,,0,0,0,0,,,0,,,,,0,0,0,0,,0,,,,,,0,,0,,,,,,0,,0,,,,,,,,,,,,,,,,,,,,,,,,,,,,,,,0,101,,,,,,,,,,,,,,,,,,,,,,,,,,,,,,,,
9/1/2026,2025,20261072,48078,4461,"EOG RESOURCES, INC",Natural Gas,INTRASTATE,COLORADO,,0,,,,,,,,0,,,0,,,,,,,,0,,,0,,,,,,,,0,,,0,,,,,,,,0,,,0,,,,,,,,0,,,0,,,,,,,,0,,,0,,,,,,,,0,,,0,,,,,,,,0,,,0,,,,,,,,0,,,0,,,,,,,,0,,,0,,,,,,,,0,,,0,,,,,,,,0,,,0,,,,,,,,0,,,0,,,,,,,,0,,,0,,,,,0,,,0,0,,,,,,,,,,,,,,,,,,,,,,,,,,,,,,,,,,,,,,,,,,,,,,,,,,,,,,,,,,,,,,,0,38
9/1/2026,2025,20261072,48078,4461,"EOG RESOURCES, INC",Natural Gas,INTRASTATE,NEW MEXICO,0,0,0,0,0,0,0,0,0,0,0,0,0,0,0,0,0,0,0,0,0,0,0,0,0,0,0,0,0,0,0,0,0,0,0,0,0,0,0,0,0,0,0,0,0,0,0,0,0,0,0,0,0,0,0,0,0,0,0,0,0,0,0,0,0,0,0,0,0,0,0,0,0,0,0,0,0,0,0,0,0,0,0,0,0,0,0,0,0,0,0,0,0,0,0,0,0,0,0,0,0,0,0,0,0,0,0,0,0,0,0,0,0,0,0,0,0,0,0,0,0,0,0,0,0,0,0,0,0,0,0,0,0,0,0,0,0,0,0,0,0,0,0,0,0,0,0,0,0,0,0,0,0,0,,0,0,0,0,0,0,0,0,0,0,,,,,,,,,,,,,,,,,,,,,,,,,,,,,,,0,,,,,,,,,,,,,,,,,,,,,,,,,,,,,,,,0,3160
9/1/2026,2025,20261072,48078,4461,"EOG RESOURCES, INC",Natural Gas,INTRASTATE,OHIO,0,0,0,0,0,0,0,0,0,0,0,0,0,0,0,0,0,0,0,0,0,0,0,0,0,0,0,0,0,0,0,0,0,0,0,0,0,0,0,0,0,0,0,0,0,0,0,0,0,0,0,0,0,0,0,0,0,0,0,0,0,0,0,0,0,0,0,0,0,0,0,0,0,0,0,0,0,0,0,0,0,0,0,0,0,0,0,0,0,0,0,0,0,0,0,0,0,0,0,0,0,0,0,0,0,0,0,0,0,0,0,0,0,0,0,0,0,0,0,0,0,0,0,0,0,0,0,0,0,0,0,0,0,0,0,0,0,0,0,0,0,0,0,0,0,0,0,0,0,0,0,0,0,0,,0,0,0,0,0,0,0,0,0,0,,,,,,,,,,,,,,,,,,,,,,,,,,,,,,,0,,,,,,,,,,,,,,,,,,,,,,,,,,,,,,,,0,236
9/1/2026,2025,20261072,48078,4461,"EOG RESOURCES, INC",Natural Gas,INTRASTATE,OKLAHOMA,0,0,0,0,0,0,0,0,0,0,0,0,0,0,0,0,0,0,0,0,0,0,0,0,0,0,0,0,0,0,0,0,0,0,0,0,0,0,0,0,0,0,0,0,0,0,0,0,0,0,0,0,0,0,0,0,0,0,0,0,0,0,0,0,0,0,0,0,0,0,0,0,0,0,0,0,0,0,0,0,0,0,0,0,0,0,0,0,0,0,0,0,0,0,0,0,0,0,0,0,0,0,0,0,0,0,0,0,0,0,0,0,0,0,0,0,0,0,0,0,0,0,0,0,0,0,0,0,0,0,0,0,0,0,0,0,0,0,0,0,0,0,0,0,0,0,0,0,0,0,0,0,0,0,,0,0,0,0,0,0,0,0,0,0,,,,,,,,,,,,,,,,,,,,,,,,,,,,,,,0,,,,,,,,,,,,,,,,,,,,,,,,,,,,,,,,0,665
9/1/2026,2025,20261072,48078,4461,"EOG RESOURCES, INC",Natural Gas,INTRASTATE,TEXAS,0,0,0,0,0,0,0,0,0,0,0,0,0,0,0,0,0,0,0,0,0,0,0,0,0,0,0,0,0,0,0,0,0,0,0,0,0,0,0,0,0,0,0,0,0,0,0,0,0,0,0,0,0,0,0,0,0,0,0,0,0,0,0,0,0,0,0,0,0,0,0,0,0,0,0,0,0,0,0,0,0,0,0,0,0,0,0,0,0,0,0,0,0,0,0,0,0,0,0,0,0,0,0,0,0,0,0,0,0,0,0,0,0,0,0,0,0,0,0,0,0,0,0,0,0,0,0,0,0,0,0,0,0,0,0,0,0,0,0,0,0,0,0,0,0,0,0,0,0,0,0,0,0,0,0,0,0,0,0,0,0,0,0,0,0,,,,,,,,,,,,,,,,,,,,,,,,,,,,,,,0,9,,,,,,,,,,,,,,,,,,,,,,,,,,,,,,,0,8964
9/1/2026,2025,20261072,48078,4461,"EOG RESOURCES, INC",Natural Gas,INTRASTATE,WYOMING,0,0,0,0,0,0,0,0,0,0,0,0,0,0,0,0,0,0,0,0,0,0,0,0,0,0,0,0,0,0,0,0,0,0,0,0,0,0,0,0,0,0,0,0,0,0,0,0,0,0,0,0,0,0,0,0,0,0,0,0,0,0,0,0,0,0,0,0,0,0,0,0,0,0,0,0,0,0,0,0,0,0,0,0,0,0,0,0,0,0,0,0,0,0,0,0,0,0,0,0,0,0,0,0,0,0,0,0,0,0,0,0,0,0,0,0,0,0,0,0,0,0,0,0,0,0,0,0,0,0,0,0,0,0,0,0,0,0,0,0,0,0,0,0,0,0,0,0,0,0,0,0,0,0,,0,0,0,0,0,0,0,0,0,0,,,,,,,,,,,,,,,,,,,,,,,,,,,,,,,0,,,,,,,,,,,,,,,,,,,,,,,,,,,,,,,,0,15
9/1/2026,2025,20260698,47684,4473,ATMOS ENERGY CORPORATION - WEST TEXAS,Natural Gas,INTRASTATE,TEXAS,0,0,0,0,,,0,,,,,0,0,0,0,,,0,,,,,0,0,0,0,,,0,,,,,0,0,0,0,,,0,,,,,0,0,0,0,,,0,,,,,0,0,0,0,,,0,,,,,0,0,0,0,,,0,,,,,0,0,0,1,,,0,,,,,0,0,0,0,,,0,,,,,0,0,0,0,,,0,,,,,0,0,0,2,,,0,0,0,0,0,0,0,0,0,,,0,0,0,0,0,0,0,0,0,,,0,0,0,0,0,0,0,0,3,,0,,0,0,0,0,0,,0,,,,,,0,,0,,,,,,,,1,,,,,1,,,,,,,,,,,,,,,,,,1,979,,,,,,,,,,,,,,,,,,,,,,,,,,,,,,,,
9/1/2026,2025,20260892,47888,4900,KINDER MORGAN TEJAS PIPELINE,Natural Gas,INTRASTATE,TEXAS,0,0,0,0,0,0,0,0,0,0,0,0,0,0,0,0,0,0,0,0,0,0,0,0,0,0,0,0,0,0,0,0,0,0,0,0,0,0,0,0,0,0,0,0,0,0,0,0,0,0,0,0,0,0,0,1,0,0,1,0,0,0,0,0,0,0,0,0,0,1,0,0,0,0,0,0,0,0,0,0,0,0,0,0,0,0,0,0,0,0,0,0,0,0,0,0,0,0,0,0,0,0,0,0,0,0,0,0,0,0,0,0,0,0,0,0,0,0,0,0,0,0,0,0,0,0,0,0,0,0,0,0,0,0,0,0,0,0,0,0,0,0,0,1,0,0,2,0,0,0,0,0,0,0,0,0,0,0,0,0,0,0,0,0,0,,,,,,,,,,,,,,,,,,,,,,,,,,,,,,,0,57166,,,,,,,,,,,,,,,,,,,,,,,,,,,,,,,0,812
9/1/2026,2025,20260600,47583,4906,EXXONMOBIL PIPELINE COMPANY LLC,Hydrogen Gas,INTRASTATE,TEXAS,0,0,0,0,,,0,,,,,0,0,0,0,,,0,,,,,0,0,0,0,,,0,,,,,0,0,0,0,,,0,,,,,0,0,0,0,,,0,,,,,0,0,0,0,,,0,,,,,0,0,0,0,,,0,,,,,0,0,0,0,,,0,,,,,0,0,0,0,,,0,,,,,0,0,0,0,,,0,,,,,0,0,0,0,,,0,0,0,0,0,0,0,0,0,,,0,0,0,0,0,0,0,0,0,,,0,0,0,0,0,0,0,0,0,,0,,0,0,0,0,0,,0,,,,,,0,,0,,,,,,,,,,,,,,,,,,,,,,,,,,,,,,,0,340,,,,,,,,,,,,,,,,,,,,,,,,,,,,,,,,
9/1/2026,2025,20260592,47575,4906,EXXONMOBIL PIPELINE COMPANY LLC,Natural Gas,INTRASTATE,TEXAS,,0,0,0,,,,,,,,,0,0,0,,,,,,,,,0,0,0,,,,,,,,,0,0,0,,,,,,,,,0,0,0,,,,,,,,,0,0,0,,,,,,,,,0,0,0,,,,,,,,,0,0,0,,,,,,,,,0,0,0,,,,,,,,,0,0,0,,,,,,,,,0,0,0,,,,,,,,,0,0,0,,,,,,,,,0,0,0,,,,,,,,,0,0,0,,,,,,,,,,,,,,,,,,,,,,,,,,,,,,,,,,,,,,,,,,,,,,,,,0,234,,,,,,,,,,,,,,,,,,,,,,,,,,,,,,,0,
9/1/2026,2025,20260584,47567,4906,EXXONMOBIL PIPELINE COMPANY LLC,Other Gas-Ethylene,INTRASTATE,LOUISIANA,0,0,0,0,,,0,,,,,0,0,0,0,,,0,,,,,0,0,0,0,,,0,,,,,0,0,0,0,,,0,,,,,0,0,0,0,,,0,,,,,0,0,0,0,,,0,,,,,0,0,0,0,,,0,,,,,0,0,0,0,,,0,,,,,0,0,0,0,,,0,,,,,0,0,0,0,,,0,,,,,0,0,0,0,,,0,0,0,0,0,0,0,0,0,,,0,0,0,0,0,0,0,0,0,,,0,0,0,0,0,0,0,0,0,,0,,0,0,0,0,0,,0,,,,,,0,,0,,,,,,,,,,,,,,,,,,,,,,,,,,,,,,,0,207,,,,,,,,,,,,,,,,,,,,,,,,,,,,,,,,
9/1/2026,2025,20260318,47276,4908,"EXXONMOBIL PRODUCTION COMPANY, A DIVISION OF EXXON MOBIL CORPORATION",Natural Gas,INTRASTATE,WYOMING,0,0,0,0,0,0,0,0,0,0,0,0,0,0,0,0,0,0,0,0,0,0,0,0,0,0,0,0,0,0,0,0,0,0,0,0,0,0,0,0,0,0,0,0,0,0,0,0,0,0,0,0,0,0,0,0,0,0,0,0,0,0,0,0,0,0,0,0,0,0,0,0,0,0,0,0,0,0,0,0,0,0,0,0,0,0,0,0,0,0,0,0,0,0,0,0,0,0,0,0,0,0,0,0,0,0,0,0,0,0,0,0,0,0,0,0,0,0,0,0,0,0,0,0,0,0,0,0,0,0,0,0,0,0,0,0,0,0,0,0,0,0,0,0,0,0,0,0,0,0,0,0,0,0,,0,0,0,0,0,0,0,0,0,0,,,,,,,,,,,,,,,,,,,,,,,,,,,,,,,0,,,,,,,,,,,,,,,,,,,,,,,,,,,,,,,,0,220
9/1/2026,2025,20260732,47719,5304,FLORIDA GAS TRANSMISSION CO,Natural Gas,INTERSTATE,ALABAMA,0,0,0,0,,,0,,,,,0,0,0,0,,,0,,,,,0,0,0,0,,,0,,,,,0,1,0,0,,,0,,,,,0,0,0,0,,,0,,,,,0,0,0,0,,,0,,,,,0,0,0,0,,,0,,,,,0,0,0,0,,,0,,,,,0,0,0,0,,,0,,,,,0,0,0,0,,,0,,,,,0,0,0,0,,,0,0,0,0,0,0,0,0,0,,,0,0,0,0,0,0,0,0,0,,,0,0,0,0,0,0,1,0,0,,0,,0,0,0,0,0,,0,,,,,,0,,0,0,0,0,0,0,0,0,0,0,0,0,0,0,0,0,0,0,0,0,0,0,0,0,0,0,0,0,0,0,0,0,418,,,,,,,,,,,,,,,,,,,,,,,,,,,,,,,,
9/1/2026,2025,20260732,47719,5304,FLORIDA GAS TRANSMISSION CO,Natural Gas,INTERSTATE,FLORIDA,0,0,0,0,,,0,,,,,0,0,0,1,,,0,,,,,0,0,0,0,,,0,,,,,0,0,0,0,,,0,,,,,0,0,1,0,,,0,,,,,0,1,0,2,,,0,,,,,0,0,0,0,,,0,,,,,0,0,0,0,,,0,,,,,0,0,0,0,,,0,,,,,0,0,0,0,,,0,,,,,0,0,0,0,,,0,0,0,0,0,0,0,0,0,,,0,0,0,0,0,0,0,0,0,,,0,0,0,0,0,0,1,1,3,,0,,0,0,0,0,0,,0,,,,,,0,,0,2,0,0,0,0,2,0,0,0,0,0,0,0,0,0,0,0,0,0,0,0,0,0,0,0,0,0,0,0,0,2,65478,,,,,,,,,,,,,,,,,,,,,,,,,,,,,,,,
9/1/2026,2025,20260732,47719,5304,FLORIDA GAS TRANSMISSION CO,Natural Gas,INTERSTATE,LOUISIANA,0,0,0,0,0,0,0,0,0,0,0,0,0,0,0,0,0,0,0,0,0,0,0,0,0,0,0,0,0,0,0,0,0,0,0,0,0,0,0,0,0,0,0,0,0,0,0,0,0,0,0,0,0,0,0,0,0,0,1,0,0,0,0,0,0,0,0,0,0,0,0,0,0,0,0,0,0,0,0,0,0,0,0,0,0,0,0,0,0,0,0,0,0,0,0,0,0,0,0,0,0,0,0,0,0,0,0,0,0,0,0,0,0,0,0,0,0,0,0,0,0,0,0,0,0,0,0,0,0,0,0,0,0,0,0,0,0,0,0,0,0,0,0,0,0,0,1,0,0,0,0,0,0,0,0,,0,,,,,,0,,0,0,0,0,0,0,0,0,0,0,0,0,0,0,0,0,0,0,0,0,0,0,0,0,0,0,0,0,0,0,0,0,4321,,,,,,,,,,,,,,,,,,,,,,,,,,,,,,,,
9/1/2026,2025,20260732,47719,5304,FLORIDA GAS TRANSMISSION CO,Natural Gas,INTERSTATE,MISSISSIPPI,0,0,0,0,0,0,0,0,0,0,0,0,0,0,0,0,0,0,0,0,0,0,0,0,0,0,0,0,0,0,0,0,0,0,0,0,1,0,0,0,0,0,0,0,0,0,0,0,0,0,0,0,0,0,0,0,0,0,0,0,0,0,0,0,0,0,0,0,0,0,0,0,0,0,0,0,0,0,0,0,0,0,0,0,0,0,0,0,0,0,0,0,0,0,0,0,0,0,0,0,0,0,0,0,0,0,0,0,0,0,0,0,0,0,0,0,0,0,0,0,0,0,0,0,0,0,0,0,0,0,0,0,0,0,0,0,0,0,0,0,0,0,0,0,0,0,1,0,0,0,0,0,0,0,0,,0,,,,,,0,,0,0,0,0,0,0,0,0,0,0,0,0,0,0,0,0,0,0,0,0,0,0,0,0,0,0,0,0,0,0,0,0,223,,,,,,,,,,,,,,,,,,,,,,,,,,,,,,,,
9/1/2026,2025,20260732,47719,5304,FLORIDA GAS TRANSMISSION CO,Natural Gas,INTERSTATE,TEXAS,0,0,0,0,,,0,,,,,0,0,0,0,,,0,,,,,0,0,0,0,,,0,,,,,0,0,0,0,,,0,,,,,0,0,0,0,,,0,,,,,0,0,0,1,,,0,,,,,0,0,0,0,,,0,,,,,0,0,0,0,,,0,,,,,0,0,0,0,,,0,,,,,0,0,0,0,,,0,,,,,0,0,0,0,,,0,0,0,0,0,0,0,0,0,,,0,0,0,0,0,0,0,0,0,,,0,0,0,0,0,0,0,0,1,,0,,0,0,0,0,0,,0,,,,,,0,,0,0,0,0,0,0,0,0,0,0,0,0,0,0,0,0,0,0,0,0,0,0,0,0,0,0,0,0,0,0,0,0,1911,,,,,,,,,,,,,,,,,,,,,,,,,,,,,,,,
9/1/2026,2025,20260386,47351,6030,GAINESVILLE REGIONAL UTIL GAS DEPT,Natural Gas,INTRASTATE,FLORIDA,0,0,0,0,0,0,0,0,0,0,0,0,0,0,0,0,0,0,0,0,0,0,0,0,0,0,0,0,0,0,0,0,0,0,0,0,0,0,0,0,0,0,0,0,0,0,0,0,0,0,0,0,0,0,0,0,0,0,0,0,0,0,0,0,0,0,0,0,0,0,0,0,0,0,0,0,0,0,0,0,0,0,0,0,0,0,0,0,0,0,0,0,0,0,0,0,0,0,0,0,0,0,0,0,0,0,0,0,0,0,0,0,0,0,0,0,0,0,0,0,0,0,0,0,0,0,0,0,0,0,0,0,0,0,0,0,0,0,0,0,0,0,0,0,0,0,0,0,0,0,0,0,0,0,0,,0,0,0,0,0,0,0,0,0,,,,,,,,,,,,,,,,,,,,,,,,,,,,,,,0,21842,,,,,,,,,,,,,,,,,,,,,,,,,,,,,,,0,
9/1/2026,2025,20261228,48241,6141,NEW MEXICO GAS COMPANY,Natural Gas,INTRASTATE,NEW MEXICO,0,1,0,1,,,0,,,,,0,0,0,0,,,0,,,,,0,0,0,0,,,0,,,,,0,0,0,0,,,0,,,,,0,0,0,0,,,0,,,,,0,1,0,3,,,0,,,,,0,0,0,0,,,0,,,,,0,0,0,0,,,0,,,,,0,0,0,0,,,0,,,,,0,0,0,0,,,0,,,,,0,0,0,0,,,0,0,0,0,0,0,0,0,0,,,0,0,0,0,0,0,0,0,0,,,0,0,0,0,0,0,2,0,4,,0,,0,0,0,0,0,,3,,,,,,3,,3,,,,,,,,,,,,,,,,,,,,,,,,,,,,,,,0,1999,,,,,,,,,,,,,,,,,,,,,,,,,,,,,,,,
9/1/2026,2025,20260306,47264,6243,HAWAII GAS,Synthetic Gas,INTRASTATE,HAWAII,0,0,0,0,,,0,,,,,0,0,0,0,,,0,,,,,0,0,0,0,,,0,,,,,0,0,0,0,,,0,,,,,0,0,0,0,,,0,,,,,0,0,0,0,,,0,,,,,0,0,0,0,,,0,,,,,0,0,0,0,,,0,,,,,0,0,0,0,,,0,,,,,0,0,0,0,,,0,,,,,0,0,0,0,,,0,0,0,0,0,0,0,0,0,,,0,0,0,0,0,0,0,0,0,,,0,0,0,0,0,0,0,0,0,,0,,0,0,0,0,0,,0,,,,,,0,,0,,,,,,,,,,,,,,,,,,,,,,,,,,,,,,,0,57,,,,,,,,,,,,,,,,,,,,,,,,,,,,,,,,
9/1/2026,2025,20260834,47828,6580,GRANITE STATE GAS TRANSMISSION INC,Natural Gas,INTERSTATE,MAINE,0,0,0,0,,,0,,,,,0,0,0,0,,,0,,,,,0,0,0,0,,,0,,,,,0,0,0,0,,,0,,,,,0,0,0,0,,,0,,,,,0,0,0,0,,,0,,,,,0,0,0,0,,,0,,,,,0,0,0,0,,,0,,,,,0,0,0,0,,,0,,,,,0,0,0,0,,,0,,,,,0,0,0,0,,,0,0,0,0,0,0,0,0,0,,,0,0,0,0,0,0,0,0,0,,,0,0,0,0,0,0,0,0,0,,0,,0,0,0,0,,,,,,,,,,,,,,,,,,,,,,,,,,,,,,,,,,,,,,,,,,0,1088,,,,,,,,,,,,,,,,,,,,,,,,,,,,,,,,
9/1/2026,2025,20260834,47828,6580,GRANITE STATE GAS TRANSMISSION INC,Natural Gas,INTERSTATE,MASSACHUSETTS,0,0,0,0,,,0,,,,,0,0,0,0,,,0,,,,,0,0,0,0,,,0,,,,,0,0,0,0,,,0,,,,,0,0,0,0,,,0,,,,,0,0,0,0,,,0,,,,,0,0,0,0,,,0,,,,,0,0,0,0,,,0,,,,,0,0,0,0,,,0,,,,,0,0,0,0,,,0,,,,,0,0,0,0,,,0,0,0,0,0,0,0,0,0,,,0,0,0,0,0,0,0,0,0,,,0,0,0,0,0,0,0,0,0,,0,,0,0,0,0,0,,0,,,,,,0,,0,,,,,,,,,,,,,,,,,,,,,,,,,,,,,,,0,48,,,,,,,,,,,,,,,,,,,,,,,,,,,,,,,,
9/1/2026,2025,20260834,47828,6580,GRANITE STATE GAS TRANSMISSION INC,Natural Gas,INTERSTATE,NEW HAMPSHIRE,0,0,0,0,,,0,,,,,0,0,0,0,,,0,,,,,0,0,0,0,,,0,,,,,0,0,0,0,,,0,,,,,0,0,0,0,,,0,,,,,0,0,0,0,,,0,,,,,0,0,0,0,,,0,,,,,0,0,0,0,,,0,,,,,0,0,0,0,,,0,,,,,0,0,0,0,,,0,,,,,0,0,0,0,,,0,0,0,0,0,0,0,0,0,,,0,0,0,0,0,0,0,0,0,,,0,0,0,0,0,0,0,0,0,,0,,0,0,0,0,,,,,,,,,,,,,,,,,,,,,,,,,,,,,,,,,,,,,,,,,,0,1254,,,,,,,,,,,,,,,,,,,,,,,,,,,,,,,,
9/1/2026,2025,20260126,47081,6640,"GRAYVILLE GAS DEPT, CITY OF",Natural Gas,INTRASTATE,ILLINOIS,,,,,,,,,,,,,,,,,,,,,,,,,,,,,,,,,,,,,,,,,,,,,,,,,,,,,,,,,,,,,,,,,,,,,,,,,,,,,,,,,,,,,,,,,,,,,,,,,,,,,,,,,,,,,,,,,,,,,,,,,,,,,,,,,,,,,,,,,,,,,,,,,,,,,,,,,,,,,,,,,,,,,,,,,,,,,,,,,,,,,,,,,,,,,,,,,,,,0,54,,,,,,,,,,,,,,,,,,,,,,,,,,,,,,,,
9/1/2026,2025,20260105,47598,6660,GREAT LAKES GAS TRANSMISSION LIMITED PARTNERSHIP,Natural Gas,INTERSTATE,MICHIGAN,0,0,0,0,,,0,,,,,0,0,0,0,,,0,,,,,0,0,0,0,,,0,,,,,0,0,0,0,,,0,,,,,0,0,0,0,,,0,,,,,0,0,0,0,,,0,,,,,0,0,0,0,,,0,,,,,0,0,0,0,,,0,,,,,0,0,0,0,,,0,,,,,0,0,0,0,,,0,,,,,0,0,0,0,,,0,0,0,0,0,0,0,0,0,,,0,0,0,0,0,0,0,0,0,,,0,0,0,0,0,0,0,0,0,,0,,0,0,0,0,0,,0,,,,,,0,,0,,,,,,,,,,,,,,,,,,,,,,,,,,,,,,,0,2807,,,,,,,,,,,,,,,,,,,,,,,,,,,,,,,,
9/1/2026,2025,20260105,47598,6660,GREAT LAKES GAS TRANSMISSION LIMITED PARTNERSHIP,Natural Gas,INTERSTATE,MINNESOTA,0,0,0,0,,,0,,,,,0,0,0,0,,,0,,,,,0,0,0,0,,,0,,,,,0,0,0,0,,,0,,,,,0,0,0,0,,,0,,,,,0,0,0,0,,,0,,,,,0,0,0,0,,,0,,,,,0,0,0,0,,,0,,,,,0,0,0,0,,,0,,,,,0,0,0,0,,,0,,,,,0,0,0,0,,,0,0,0,0,0,0,0,0,0,,,0,0,0,0,0,0,0,0,0,,,0,0,0,0,0,0,0,0,0,,0,,0,0,0,0,0,,0,,,,,,0,,0,,,,,,,,,,,,,,,,,,,,,,,,,,,,,,,0,841,,,,,,,,,,,,,,,,,,,,,,,,,,,,,,,,
9/1/2026,2025,20260105,47598,6660,GREAT LAKES GAS TRANSMISSION LIMITED PARTNERSHIP,Natural Gas,INTERSTATE,WISCONSIN,0,0,0,0,,,0,,,,,0,0,0,0,,,0,,,,,0,0,0,0,,,0,,,,,0,0,0,0,,,0,,,,,0,0,0,0,,,0,,,,,0,0,0,0,,,0,,,,,0,0,0,0,,,0,,,,,0,0,0,0,,,0,,,,,0,0,0,0,,,0,,,,,0,0,0,0,,,0,,,,,0,0,0,0,,,0,0,0,0,0,0,0,0,0,,,0,0,0,0,0,0,0,0,0,,,0,0,0,0,0,0,0,0,0,,0,,0,0,0,0,0,,0,,,,,,0,,0,,,,,,,,,,,,,,,,,,,,,,,,,,,,,,,,287,,,,,,,,,,,,,,,,,,,,,,,,,,,,,,,,
9/1/2026,2025,20260963,47962,6690,GREAT PLAINS NATURAL GAS CO,Natural Gas,INTRASTATE,MINNESOTA,0,0,0,0,0,0,0,0,0,0,0,0,0,0,0,0,0,0,0,0,0,0,0,0,0,0,0,0,0,0,0,0,0,0,0,0,0,0,0,0,0,0,0,0,0,0,0,0,0,0,0,0,0,0,0,0,0,0,0,0,0,0,0,0,0,0,0,0,0,0,0,0,0,0,0,0,0,0,0,0,0,0,0,0,0,0,0,0,0,0,0,0,0,0,0,0,0,0,0,0,0,0,0,0,0,0,0,0,0,0,0,0,0,0,0,0,0,0,0,0,0,0,0,0,0,0,0,0,0,0,0,0,0,0,0,0,0,0,0,0,0,0,0,0,0,0,0,0,0,0,0,0,0,0,0,,0,0,0,0,0,0,0,0,0,,,,,,,,,,,,,,,,,,,,,,,,,,,,,,,0,0,,,,,,,,,,,,,,,,,,,,,,,,,,,,,,,0,
9/1/2026,2025,20260361,47326,6720,ATMOS ENERGY CORPORATION - COLORADO/KANSAS,Natural Gas,INTRASTATE,KANSAS,0,0,0,0,,,0,,,,,0,0,0,0,,,0,,,,,0,0,0,0,,,0,,,,,0,0,0,0,,,0,,,,,0,0,0,0,,,0,,,,,0,0,0,0,,,0,,,,,0,0,0,0,,,0,,,,,0,0,0,0,,,0,,,,,0,0,0,0,,,0,,,,,0,0,0,0,,,0,,,,,0,0,0,1,,,0,0,0,0,0,0,0,0,0,,,0,0,0,0,0,0,0,0,0,,,0,0,0,0,0,0,0,0,1,,0,,0,0,0,0,0,,0,,,,,,0,,0,,,,,,,,,,,,,,,,,,,,,,,,,,,,,,,0,7,,,,,,,,,,,,,,,,,,,,,,,,,,,,,,,,
9/1/2026,2025,20260085,47039,6810,GREENWOOD COMMISSION OF PUBLIC WORKS,Natural Gas,INTRASTATE,SOUTH CAROLINA,0,0,0,0,0,0,0,0,0,0,0,0,0,0,0,0,0,0,0,0,0,0,0,0,0,0,0,0,0,0,0,0,0,0,0,0,0,0,0,0,0,0,0,0,0,0,0,0,0,0,0,0,0,0,0,0,0,0,0,0,0,0,0,0,0,0,0,0,0,0,0,0,0,0,0,0,0,0,0,0,0,0,0,0,0,0,0,0,0,0,0,0,0,0,0,0,0,0,0,0,0,0,0,0,0,0,0,0,0,0,0,0,0,0,0,0,0,0,0,0,0,0,0,0,0,0,0,0,0,0,0,0,0,0,0,0,0,0,0,0,0,0,0,0,0,0,0,0,0,0,0,0,0,0,0,,0,0,0,0,0,0,0,0,0,,,,,,,,,,,,,,,,,,,,,,,,,,,,,,,0,22074,,,,,,,,,,,,,,,,,,,,,,,,,,,,,,,0,
9/1/2026,2025,20260543,47523,7020,"HALLOCK GAS DEPT, VILLAGE OF",Natural Gas,INTRASTATE,MINNESOTA,,0,0,0,,,,,,,,,0,0,0,,,,,,,,,0,0,0,,,,,,,,,0,0,0,,,,,,,,,0,0,0,,,,,,,,,0,0,0,,,,,,,,,0,0,0,,,,,,,,,0,0,0,,,,,,,,,0,0,0,,,,,,,,,0,0,0,,,,,,,,,0,0,0,,,,0,0,0,0,,0,0,0,,,,0,0,0,0,,0,0,0,,,,0,0,0,0,,0,0,0,,,,0,0,0,0,0,,0,0,0,0,0,0,0,0,0,,,,,,,,,,,,,,,,,,,,,,,,,,,,,,,0,0,,,,,,,,,,,,,,,,,,,,,,,,,,,,,,,0,
9/1/2026,2025,20261127,48140,7050,HAMPSHIRE GAS CO,Natural Gas,INTERSTATE,WEST VIRGINIA,0,0,0,0,,,0,,,,,0,0,0,0,,,0,,,,,0,0,0,0,,,0,,,,,0,0,0,0,,,0,,,,,0,0,0,0,,,0,,,,,0,0,0,0,,,0,,,,,0,0,0,0,,,0,,,,,0,0,0,0,,,0,,,,,0,0,0,0,,,0,,,,,0,0,0,0,,,0,,,,,0,0,0,0,,,0,0,0,0,0,0,0,0,0,,,0,0,0,0,0,0,0,0,0,,,0,0,0,0,0,0,0,0,0,,0,,0,0,0,0,0,,0,,,,,,0,,0,0,0,0,0,0,0,0,0,0,0,0,0,0,0,0,0,0,0,0,0,0,0,0,0,0,0,0,0,0,0,0,53,,,,,,,,,,,,,,,,,,,,,,,,,,,,,,,,
9/1/2026,2025,20260547,47527,7180,HAWLEY UTILITIES COMM,Natural Gas,INTRASTATE,MINNESOTA,0,0,0,0,0,0,0,0,0,0,0,0,0,0,0,0,0,0,0,0,0,0,0,0,0,0,0,0,0,0,0,0,0,0,0,0,0,0,0,0,0,0,0,0,0,0,0,0,0,0,0,0,0,0,0,0,0,0,0,0,0,0,0,0,0,0,0,0,0,0,0,0,0,0,0,0,0,0,0,0,0,0,0,0,0,0,0,0,0,0,0,0,0,0,0,0,0,0,0,0,0,0,0,0,0,0,0,0,0,0,0,0,0,0,0,0,0,0,0,0,0,0,0,0,0,0,0,0,0,0,0,0,0,0,0,0,0,0,0,0,0,0,0,0,0,0,0,0,0,0,0,0,0,0,0,,0,0,0,0,0,0,0,0,0,,,,,,,,,,,,,,,,,,,,,,,,,,,,,,,0,552,,,,,,,,,,,,,,,,,,,,,,,,,,,,,,,0,
9/1/2026,2025,20260103,47057,7300,"HOGANSVILLE GAS SYSTEM, CITY OF",Natural Gas,INTRASTATE,GEORGIA,0,0,0,0,0,0,0,0,0,0,0,0,0,0,0,0,0,0,0,0,0,0,0,0,0,0,0,0,0,0,0,0,0,0,0,0,0,0,0,0,0,0,0,0,0,0,0,0,0,0,0,0,0,0,0,0,0,0,0,0,0,0,0,0,0,0,0,0,0,0,0,0,0,0,0,0,0,0,0,0,0,0,0,0,0,0,0,0,0,0,0,0,0,0,0,0,0,0,0,0,0,0,0,0,0,0,0,0,0,0,0,0,0,0,0,0,0,0,0,0,0,0,0,0,0,0,0,0,0,0,0,0,0,0,0,0,0,0,0,0,0,0,0,0,0,0,0,0,0,0,0,0,0,0,0,,0,0,0,0,0,0,0,0,0,0,0,0,0,0,0,0,0,0,0,0,0,0,0,0,0,0,0,0,0,0,0,0,0,0,0,0,0,0,0,0,30,,,,,,,,,,,,,,,,,,,,,,,,,,,,,,,0,
9/1/2026,2025,20260097,47051,7338,HONEOYE STORAGE CORP,Natural Gas,INTERSTATE,NEW YORK,0,0,0,0,0,0,0,0,0,0,0,0,0,0,0,0,0,0,0,0,0,0,0,0,0,0,0,0,0,0,0,0,0,0,0,0,0,0,0,0,0,0,0,0,0,0,0,0,0,0,0,0,0,0,0,0,0,0,0,0,0,0,0,0,0,0,0,0,0,0,0,0,0,0,0,0,0,0,0,0,0,0,0,0,0,0,0,0,0,0,0,0,0,0,0,0,0,0,0,0,0,0,0,0,0,0,0,0,0,0,0,0,0,0,0,0,0,0,0,0,0,0,0,0,0,0,0,0,0,0,0,0,0,0,0,0,0,0,0,0,0,0,0,0,0,0,0,0,0,0,0,0,0,0,0,,0,0,0,0,0,0,0,0,0,,,,,,,,,,,,,,,,,,,,,,,,,,,,,,,0,281,,,,,,,,,,,,,,,,,,,,,,,,,,,,,,,0,
9/1/2026,2025,20261015,48018,7348,"HOPE GAS, INC",Natural Gas,INTRASTATE,WEST VIRGINIA,0,0,0,0,,,0,,0,,,0,0,0,0,,,0,,0,,,0,0,0,0,,,0,,0,,,0,0,0,0,,,0,,0,,,0,0,0,0,,,0,,0,,,0,0,0,0,,,0,,0,,,0,0,0,0,,,0,,0,,,0,0,0,0,,,0,,0,,,0,0,0,0,,,0,,0,,,0,0,0,0,,,0,,0,,,0,0,0,0,,,0,,0,,,0,0,0,0,,,0,,0,,,0,0,0,0,,,0,,0,,,0,0,0,0,,0,,,0,,,0,0,0,,,0,,,0,0,0,,,,,,,,,,,,,,,,,,,,,,,,,,,,,,,0,1073,,,,,,,,,,,,,,,,,,,,,,,,,,,,,,,0,0
9/1/2026,2025,20260179,47136,7655,HUMPHREYS COUNTY UTILITY DISTRICT,Natural Gas,INTRASTATE,TENNESSEE,0,0,0,0,0,0,0,0,0,0,0,0,0,0,0,0,0,0,0,0,0,0,0,0,0,0,0,0,0,0,0,0,0,0,0,0,0,0,0,0,0,0,0,0,0,0,0,0,0,0,0,0,0,0,0,0,0,0,0,0,0,0,0,0,0,0,0,0,0,0,0,0,0,0,0,0,0,0,0,0,0,0,0,0,0,0,0,0,0,0,0,0,0,0,0,0,0,0,0,0,0,0,0,0,0,0,0,0,0,0,0,0,0,0,0,0,0,0,0,0,0,0,0,0,0,0,0,0,0,0,0,0,0,0,0,0,0,0,0,0,0,0,0,0,0,0,0,0,0,0,0,0,0,0,1,,0,0,0,0,0,0,0,0,0,,,,,,,,,,,,,,,,,,,,,,,,,,,,,,,0,3784,,,,,,,,,,,,,,,,,,,,,,,,,,,,,,,0,
9/1/2026,2025,20261128,48141,7695,HUTCHINSON UTILITIES COMMISSION,Natural Gas,INTRASTATE,MINNESOTA,0,0,0,0,,,0,,,,,0,0,0,0,,,0,,,,,0,0,0,0,,,0,,,,,0,0,0,0,,,0,,,,,0,0,0,0,,,0,,,,,0,0,0,0,,,0,,,,,0,0,0,0,,,0,,,,,0,0,0,0,,,0,,,,,0,0,0,0,,,0,,,,,0,0,0,0,,,0,,,,,0,0,0,0,,,0,0,0,0,0,0,0,0,0,,,0,0,0,0,0,0,0,0,0,,,0,0,0,0,0,0,0,0,0,,0,,0,0,0,0,0,,0,,,,,,0,,0,,,,,,,,,,,,,,,,,,,,,,,,,,,,,,,0,257,,,,,,,,,,,,,,,,,,,,,,,,,,,,,,,,
9/1/2026,2025,20260713,47764,8070,INDIANA GAS CO INC,Natural Gas,INTRASTATE,INDIANA,0,0,0,0,,,0,,,,,0,0,0,1,,,0,,,,,0,0,0,0,,,0,,,,,0,0,0,0,,,0,,,,,0,0,0,1,,,0,,,,,0,0,0,0,,,0,,,,,0,0,0,1,,,0,,,,,0,0,0,0,,,0,,,,,0,0,0,0,,,0,,,,,0,0,0,0,,,0,,,,,0,0,0,0,,,0,0,0,0,0,0,0,0,0,,,0,0,0,0,0,0,0,0,0,,,0,0,0,0,0,0,0,0,3,,0,,0,0,0,0,1,,0,,,,,,0,,0,,,,,,,,,,,,,,,,,,,,,,,,,,,,,,,0,5005,,,,,,,,,,,,,,,,,,,,,,,,,,,,,,,,
9/1/2026,2025,20260713,47764,8070,INDIANA GAS CO INC,Natural Gas,INTRASTATE,KENTUCKY,0,0,0,0,0,0,0,0,0,0,0,0,0,0,0,0,0,0,0,0,0,0,0,0,0,0,0,0,0,0,0,0,0,0,0,0,0,0,0,0,0,0,0,0,0,0,0,0,0,0,0,0,0,0,0,1,0,0,0,0,0,0,0,0,0,0,0,0,0,0,0,0,0,0,0,0,0,0,0,0,0,0,0,0,0,0,0,0,0,0,0,0,0,0,0,0,0,0,0,0,0,0,0,0,0,0,0,0,0,0,0,0,0,0,0,0,0,0,0,0,0,0,0,0,0,0,0,0,0,0,0,0,0,0,0,0,0,0,0,0,0,0,0,1,0,0,0,0,0,0,0,0,0,0,0,,0,,,,,,0,,0,,,,,,,,,,,,,,,,,,,,,,,,,,,,,,,0,54,,,,,,,,,,,,,,,,,,,,,,,,,,,,,,,,
9/1/2026,2025,20260706,47693,8140,INLAND EMPIRE PAPER CO,Natural Gas,INTRASTATE,WASHINGTON,0,0,0,0,,,0,,,,,0,0,0,0,,,0,,,,,0,0,0,0,,,0,,,,,0,0,0,0,,,0,,,,,0,0,0,0,,,0,,,,,0,0,0,0,,,0,,,,,0,0,0,0,,,0,,,,,0,0,0,0,,,0,,,,,0,0,0,0,,,0,,,,,0,0,0,0,,,0,,,,,0,0,0,0,,,0,0,0,0,0,0,0,0,0,,,0,0,0,0,0,0,0,0,0,,,0,0,0,0,0,0,0,0,0,,0,,0,0,0,0,0,,0,,,,,,0,,0,,,,,,,,,,,,,,,,,,,,,,,,,,,,,,,0,71,,,,,,,,,,,,,,,,,,,,,,,,,,,,,,,0,
9/1/2026,2025,20261010,48013,8160,INTERMOUNTAIN GAS CO,Natural Gas,INTRASTATE,IDAHO,0,0,0,0,0,0,0,0,0,0,0,0,0,0,0,0,0,0,0,0,0,0,0,0,0,0,0,0,0,0,0,0,0,0,0,0,0,0,0,0,0,0,0,0,0,0,0,0,0,0,0,0,0,0,0,0,0,0,0,0,0,0,0,0,0,0,0,0,0,0,0,0,0,0,0,0,0,0,0,0,0,0,0,0,0,0,0,0,0,0,0,0,0,0,0,0,0,0,0,0,0,0,0,0,0,0,0,0,0,0,0,0,0,0,0,0,0,0,0,0,0,0,0,0,0,0,0,0,0,0,0,0,0,0,0,0,0,0,0,0,0,0,0,0,0,0,0,0,0,0,0,0,0,0,0,,0,0,0,0,0,0,0,0,0,,,,,,,,,,,,,,,,,,,,,,,,,,,,,,,0,0,,,,,,,,,,,,,,,,,,,,,,,,,,,,,,,0,
9/1/2026,2025,20260450,47416,8166,"ADELPHIA GATEWAY, LLC",Natural Gas,INTERSTATE,DELAWARE,0,0,0,0,,,0,,,,,0,0,0,0,,,0,,,,,0,0,0,0,,,0,,,,,0,0,0,0,,,0,,,,,0,0,0,0,,,0,,,,,0,0,0,0,,,0,,,,,0,0,0,0,,,0,,,,,0,0,0,0,,,0,,,,,0,0,0,0,,,0,,,,,0,0,0,0,,,0,,,,,0,0,0,0,,,0,0,0,0,0,0,0,0,0,,,0,0,0,0,0,0,0,0,0,,,0,0,0,0,0,0,0,0,0,,0,,0,0,0,0,0,,0,,,,,,0,,0,,,,,,,,,,,,,,,,,,,,,,,,,,,,,,,0,16,,,,,,,,,,,,,,,,,,,,,,,,,,,,,,,,
9/1/2026,2025,20260450,47416,8166,"ADELPHIA GATEWAY, LLC",Natural Gas,INTERSTATE,PENNSYLVANIA,0,0,0,0,,,0,,,,,0,0,0,0,,,0,,,,,0,0,0,0,,,0,,,,,0,0,0,0,,,0,,,,,0,0,0,0,,,0,,,,,0,0,0,0,,,0,,,,,0,0,0,0,,,0,,,,,0,0,0,0,,,0,,,,,0,0,0,0,,,0,,,,,0,0,0,0,,,0,,,,,0,0,0,0,,,0,0,0,0,0,0,0,0,0,,,0,0,0,0,0,0,0,0,0,,,0,0,0,0,0,0,0,0,0,,0,,0,0,0,0,0,,0,,,,,,0,,0,,,,,,,,,,,,,,,,,,,,,,,,,,,,,,,0,3061,,,,,,,,,,,,,,,,,,,,,,,,,,,,,,,,
9/1/2026,2025,20261148,48161,8170,ALLIANT ENERGY - INTERSTATE POWER AND LIGHT COMPANY,Natural Gas,INTRASTATE,ILLINOIS,0,0,0,0,,,0,,,,,0,0,0,0,,,0,,,,,0,0,0,0,,,0,,,,,0,0,0,0,,,0,,,,,0,0,0,0,,,0,,,,,0,0,0,0,,,0,,,,,0,0,0,0,,,0,,,,,0,0,0,0,,,0,,,,,0,0,0,0,,,0,,,,,0,0,0,0,,,0,,,,,0,0,0,0,,,0,0,0,0,0,0,0,0,0,,,0,0,0,0,0,0,0,0,0,,,0,0,0,0,0,0,0,0,0,,0,,0,0,0,0,0,,0,,,,,,0,,0,0,0,0,0,0,0,0,0,0,0,0,0,0,0,0,0,0,0,0,0,0,0,0,0,0,0,0,0,0,0,0,527,,,,,,,,,,,,,,,,,,,,,,,,,,,,,,,0,
9/1/2026,2025,20261148,48161,8170,ALLIANT ENERGY - INTERSTATE POWER AND LIGHT COMPANY,Natural Gas,INTRASTATE,IOWA,0,0,0,0,,,0,,,,,0,0,0,0,,,0,,,,,0,0,0,0,,,0,,,,,0,0,0,0,,,0,,,,,0,0,0,0,,,0,,,,,0,0,0,1,,,0,,,,,0,0,0,0,,,0,,,,,0,0,0,0,,,0,,,,,0,0,0,0,,,0,,,,,0,0,0,0,,,0,,,,,0,0,0,0,,,0,0,0,0,0,0,0,0,0,,,0,0,0,0,0,0,0,0,0,,,0,0,0,0,0,0,0,0,1,,0,,0,0,0,0,0,,0,,,,,,0,,0,0,0,0,0,0,0,0,0,0,0,0,0,0,0,0,0,0,0,0,0,0,0,0,0,0,0,0,0,0,0,0,1974,,,,,,,,,,,,,,,,,,,,,,,,,,,,,,,,
9/1/2026,2025,20261061,48066,8310,IROQUOIS GAS CORP,Natural Gas,INTERSTATE,CONNECTICUT,0,0,0,0,0,0,0,0,0,0,0,0,0,0,0,0,0,0,0,0,0,0,0,0,0,0,0,0,0,0,0,0,0,0,0,0,0,0,0,0,0,0,0,0,0,0,0,0,0,0,0,0,0,0,0,0,0,0,0,0,0,0,0,0,0,0,0,0,0,0,0,0,0,0,0,0,0,0,0,0,0,0,0,0,0,0,0,0,0,0,0,0,0,0,0,0,0,0,0,0,0,0,0,0,0,0,0,0,0,0,0,0,0,0,0,0,0,0,0,0,0,0,0,0,0,0,0,0,0,0,0,0,0,0,0,0,0,0,0,0,0,0,0,0,0,0,0,0,0,0,0,0,0,0,0,,0,0,,,,,0,,0,,,,,,,,,,,,,,,,,,,,,,,,,,,,,,,0,4184,,,,,,,,,,,,,,,,,,,,,,,,,,,,,,,,
9/1/2026,2025,20261061,48066,8310,IROQUOIS GAS CORP,Natural Gas,INTERSTATE,NEW YORK,0,0,0,0,0,0,0,,,,,0,0,0,0,0,0,0,,,,,0,0,0,0,0,0,0,,,,,0,0,0,0,0,0,0,,,,,0,0,0,0,0,0,0,,,,,0,0,0,0,0,0,0,,,,,0,0,0,0,0,0,0,,,,,0,0,0,0,0,0,0,,,,,0,0,0,0,0,0,0,,,,,0,0,0,0,0,0,0,,,,,0,0,0,0,0,0,0,,,,,0,0,0,0,0,0,0,,,,,0,0,0,0,0,0,0,,,,,0,0,0,0,0,0,0,,,,,0,,0,0,,,,,0,,0,,,,,,,,,,,,,,,,,,,,,,,,,,,,,,,0,12086,,,,,,,,,,,,,,,,,,,,,,,,,,,,,,,,
9/1/2026,2025,20261262,48275,9200,JEFFERSON - COCKE CO UTIL DIST,Natural Gas,INTRASTATE,TENNESSEE,0,0,0,0,0,0,0,0,0,0,0,0,0,0,0,0,0,0,0,0,0,0,0,0,0,0,0,0,0,0,0,0,0,0,0,0,0,0,0,0,0,0,0,0,0,0,0,0,0,0,0,0,0,0,0,0,0,0,0,0,0,0,0,0,0,0,0,0,0,0,0,0,0,0,0,0,0,0,0,0,0,0,0,0,0,0,0,0,0,0,0,0,0,0,0,0,0,0,0,0,0,0,0,0,0,0,0,0,0,0,0,0,0,0,0,0,0,0,0,0,0,0,0,0,0,0,0,0,0,0,0,0,0,0,0,0,0,0,0,0,0,0,0,0,0,0,0,0,0,0,0,0,0,0,0,,0,0,0,0,0,0,0,0,0,,,,,,,,,,,,,,,,,,,,,,,,,,,,,,,0,7866,,,,,,,,,,,,,,,,,,,,,,,,,,,,,,,0,
9/1/2026,2025,20260095,48480,10035,"KPC PIPELINE, LLC",Natural Gas,INTERSTATE,KANSAS,0,0,0,1,0,0,0,0,0,0,0,0,0,0,0,0,0,0,0,0,0,0,0,0,0,0,0,0,0,0,0,0,0,0,0,0,0,0,0,0,0,0,0,0,0,0,0,0,0,0,0,0,0,0,0,0,0,0,0,0,0,0,0,0,0,0,0,0,0,0,0,0,0,0,0,0,0,0,0,0,0,0,0,0,0,0,0,0,0,0,0,0,0,0,0,0,0,0,0,0,0,0,0,0,0,0,0,0,0,0,0,0,0,0,0,0,0,0,0,0,0,0,0,0,0,0,0,0,0,0,0,0,0,0,0,0,0,0,0,0,0,0,0,0,0,0,1,0,0,0,0,0,0,0,0,,0,0,0,0,0,0,0,0,0,,,,,,,,,,,,,,,,,,,,,,,,,,,,,,,0,9280,,,,,,,,,,,,,,,,,,,,,,,,,,,,,,,0,
9/1/2026,2025,20260095,48480,10035,"KPC PIPELINE, LLC",Natural Gas,INTERSTATE,MISSOURI,0,0,0,0,0,0,0,0,0,0,0,0,0,0,0,0,0,0,0,0,0,0,0,0,0,0,0,0,0,0,0,0,0,0,0,0,0,0,0,0,0,0,0,0,0,0,0,0,0,0,0,0,0,0,0,0,0,0,0,0,0,0,0,0,0,0,0,0,0,0,0,0,0,0,0,0,0,0,0,0,0,0,0,0,0,0,0,0,0,0,0,0,0,0,0,0,0,0,0,0,0,0,0,0,0,0,0,0,0,0,0,0,0,0,0,0,0,0,0,0,0,0,0,0,0,0,0,0,0,0,0,0,0,0,0,0,0,0,0,0,0,0,0,0,0,0,0,0,0,0,0,0,0,0,0,,0,0,0,0,0,0,0,0,0,,,,,,,,,,,,,,,,,,,,,,,,,,,,,,,0,2,,,,,,,,,,,,,,,,,,,,,,,,,,,,,,,0,
9/1/2026,2025,20260095,48480,10035,"KPC PIPELINE, LLC",Natural Gas,INTERSTATE,OKLAHOMA,0,0,0,0,0,0,0,0,0,0,0,0,0,0,0,0,0,0,0,0,0,0,0,0,0,0,0,0,0,0,0,0,0,0,0,0,0,0,0,0,0,0,0,0,0,0,0,0,0,0,0,0,0,0,0,0,0,0,0,0,0,0,0,0,0,0,0,0,0,0,0,0,0,0,0,0,0,0,0,0,0,0,0,0,0,0,0,0,0,0,0,0,0,0,0,0,0,0,0,0,0,0,0,0,0,0,0,0,0,0,0,0,0,0,0,0,0,0,0,0,0,0,0,0,0,0,0,0,0,0,0,0,0,0,0,0,0,0,0,0,0,0,0,0,0,0,0,0,0,0,0,0,0,0,0,,0,0,0,0,0,0,0,0,0,,,,,,,,,,,,,,,,,,,,,,,,,,,,,,,0,210,,,,,,,,,,,,,,,,,,,,,,,,,,,,,,,0,
9/1/2026,2025,20260095,48480,10035,"KPC PIPELINE, LLC",Natural Gas,INTRASTATE,KANSAS,,0,0,0,,,,,,,,,0,0,0,,,,,,,,,0,0,0,,,,,,,,,0,0,0,,,,,,,,,0,0,0,,,,,,,,,0,0,0,,,,,,,,,0,0,0,,,,,,,,,0,0,0,,,,,,,,,0,0,0,,,,,,,,,0,0,0,,,,,,,,,0,0,0,,,,0,0,0,0,,0,0,0,,,,0,0,0,0,,0,0,0,,,,0,0,0,0,,0,0,0,,,,0,0,0,0,0,,0,,,,,,0,,0,,,,,,,,,,,,,,,,,,,,,,,,,,,,,,,0,0,,,,,,,,,,,,,,,,,,,,,,,,,,,,,,,,
9/1/2026,2025,20260482,47449,10270,KINGS MOUNTAIN NATURAL GAS SYSTEM,Natural Gas,INTRASTATE,NORTH CAROLINA,0,0,0,0,,,0,,,,,0,0,0,0,,,0,,,,,0,0,0,0,,,0,,,,,0,0,0,0,,,0,,,,,0,0,0,0,,,0,,,,,0,0,0,0,,,0,,,,,0,0,0,0,,,0,,,,,0,0,0,0,,,0,,,,,0,0,0,0,,,0,,,,,0,0,0,0,,,0,,,,,0,0,0,0,,,0,0,0,0,0,0,0,0,0,,,0,0,0,0,0,0,0,0,0,,,0,0,0,0,0,0,0,0,0,,0,,0,0,0,0,0,,0,,,,,,0,,0,,,,,,,,,,,,,,,,,,,,,,,,,,,,,,,0,1642,,,,,,,,,,,,,,,,,,,,,,,,,,,,,,,,
9/1/2026,2025,20261160,48173,11017,TRANS LOUISIANA GAS PIPELINE - ATMOS ENERGY CORPORATION,Natural Gas,INTRASTATE,LOUISIANA,0,0,0,0,0,0,0,0,0,0,0,0,0,0,0,0,0,0,0,0,0,0,0,0,0,0,0,0,0,0,0,0,0,0,0,0,0,0,0,0,0,0,0,0,0,0,0,0,0,0,0,0,0,0,0,1,0,0,0,0,0,0,0,0,0,0,0,0,0,0,0,0,0,0,0,0,0,0,0,0,0,0,0,0,0,0,0,0,0,0,0,0,0,0,0,0,0,0,0,0,0,0,0,0,0,0,0,0,0,0,0,0,0,0,0,0,0,0,0,0,0,0,0,0,0,0,0,0,0,0,0,0,0,0,0,0,0,0,0,0,0,0,0,1,0,0,0,0,0,0,0,0,0,0,0,,0,0,0,0,0,0,0,0,0,0,0,0,0,0,0,0,0,0,0,0,0,0,0,0,0,0,0,0,0,0,0,0,0,0,0,0,0,0,0,0,404,,,,,,,,,,,,,,,,,,,,,,,,,,,,,,,0,
9/1/2026,2025,20261234,48247,11032,SPIRE MISSOURI INC. EAST,Natural Gas,INTRASTATE,MISSOURI,0,0,0,0,,,0,,,,,0,0,0,0,,,0,,,,,0,0,0,0,,,0,,,,,0,0,0,0,,,0,,,,,0,0,0,0,,,0,,,,,1,0,0,0,,,0,,,,,0,0,0,0,,,0,,,,,0,0,0,0,,,0,,,,,0,0,0,0,,,0,,,,,0,0,0,0,,,0,,,,,0,0,0,0,,,0,,,,,0,0,0,0,,,0,,,,,0,0,0,0,,,0,,,,,1,0,0,0,,0,,,,,,0,,0,,,,,,0,,0,,,,,,,,,,,,,,,,,,,,,,,,,,,,,,,0,3658,,,,,,,,,,,,,,,,,,,,,,,,,,,,,,,,
9/1/2026,2025,20260162,47117,11080,"LAGRANGE GAS DEPT, CITY OF",Natural Gas,INTRASTATE,GEORGIA,0,0,0,0,0,0,0,0,0,0,0,0,0,0,0,0,0,0,0,0,0,0,0,0,0,0,0,0,0,0,0,0,0,0,0,0,0,0,0,0,0,0,0,0,0,0,0,0,0,0,0,0,0,0,0,0,0,0,0,0,0,0,0,0,0,0,0,0,0,0,0,0,0,0,0,0,0,0,0,0,0,0,0,0,0,0,0,0,0,0,0,0,0,0,0,0,0,0,0,0,0,0,0,0,0,0,0,0,0,0,0,0,0,0,0,0,0,0,0,0,0,0,0,0,0,0,0,0,0,0,0,0,0,0,0,0,0,0,0,0,0,0,0,0,0,0,0,0,0,0,0,0,0,0,0,,0,0,0,0,0,0,0,0,0,,,,,,,,,,,,,,,,,,,,,,,,,,,,,,,0,4046,,,,,,,,,,,,,,,,,,,,,,,,,,,,,,,0,
9/1/2026,2025,20260275,47233,11240,"LAS CRUCES, CITY OF",Natural Gas,INTRASTATE,NEW MEXICO,0,0,0,0,,,0,,,,,0,0,0,0,,,0,,,,,0,0,0,0,,,0,,,,,0,0,0,0,,,0,,,,,0,0,0,0,,,0,,,,,0,0,0,0,,,0,,,,,0,0,0,0,,,0,,,,,0,0,0,0,,,0,,,,,0,0,0,0,,,0,,,,,0,0,0,0,,,0,,,,,0,0,0,0,,,0,0,0,0,0,0,0,0,0,,,0,0,0,0,0,0,0,0,0,,,0,0,0,0,0,0,0,0,0,,0,,0,0,0,0,0,,0,,,,,,0,,0,,,,,,,,,,,,,,,,,,,,,,,,,,,,,,,0,0,,,,,,,,,,,,,,,,,,,,,,,,,,,,,,,0,
9/1/2026,2025,20260157,47112,11248,LAS VEGAS NATURAL GAS SYSTEM,Natural Gas,INTRASTATE,NEW MEXICO,0,0,0,0,,,0,0,0,0,,0,0,0,0,,,0,0,0,0,,0,0,0,0,,,0,0,0,0,,0,0,0,0,,,0,0,0,0,,0,0,0,0,,,0,0,0,0,,0,0,0,0,,,0,0,0,0,,0,0,0,0,,,0,0,0,0,,0,0,0,0,,,0,0,0,0,,0,0,0,0,,,0,0,0,0,,0,0,0,0,,,0,0,0,0,,0,0,0,0,,,0,0,0,0,,0,0,0,0,,,0,0,0,0,,0,0,0,0,,,0,0,0,0,,0,0,0,0,,0,,0,0,0,,0,0,0,,0,0,0,,0,0,0,,,,,,,,,,,,,,,,,,,,,,,,,,,,,,,0,2,,,,,,,,,,,,,,,,,,,,,,,,,,,,,,,0,2
9/1/2026,2025,20260213,47171,11251,LAUREL FUEL CO,Natural Gas,INTRASTATE,MISSISSIPPI,0,0,0,0,0,0,0,0,0,0,0,0,0,0,0,0,0,0,0,0,0,0,0,0,0,0,0,0,0,0,0,0,0,0,0,0,0,0,0,0,0,0,0,0,0,0,0,0,0,0,0,0,0,0,0,0,0,0,0,0,0,0,0,0,0,0,0,0,0,0,0,0,0,0,0,0,0,0,0,0,0,0,0,0,0,0,0,0,0,0,0,0,0,0,0,0,0,0,0,0,0,0,0,0,0,0,0,0,0,0,0,0,0,0,0,0,0,0,0,0,0,0,0,0,0,0,0,0,0,0,0,0,0,0,0,0,0,0,0,0,0,0,0,0,0,0,0,0,0,0,0,0,0,0,0,0,0,,0,0,0,,0,0,0,0,0,0,0,0,0,0,0,0,0,0,0,0,0,0,0,0,0,0,0,0,0,0,0,0,0,0,0,0,0,0,540,0,0,0,0,0,0,0,0,0,0,0,0,0,0,0,0,0,0,0,0,0,0,0,0,0,0,0,0,0,0,0,540
9/1/2026,2025,20261060,48065,11272,LAVACA PIPELINE CO,Natural Gas,INTRASTATE,TEXAS,0,0,0,0,,,0,,,,,0,0,0,0,,,0,,,,,0,0,0,0,,,0,,,,,0,0,0,0,,,0,,,,,0,0,0,0,,,0,,,,,0,0,0,0,,,0,,,,,0,0,0,0,,,0,,,,,0,0,0,0,,,0,,,,,0,0,0,0,,,0,,,,,0,0,0,0,,,0,,,,,0,0,0,0,,,0,,,,,0,0,0,0,,,0,,,,,0,0,0,0,,,0,,,,,0,0,0,0,,0,,,,,,,,,,,,,,,,,,,,,,,,,,,,,,,,,,,,,,,,,,,,,,,0,0,,,,,,,,,,,,,,,,,,,,,,,,,,,,,,,,
9/1/2026,2025,20260303,47261,11384,LENOX MUNICIPAL GAS SYSTEM,Natural Gas,INTRASTATE,IOWA,0,0,0,0,0,0,0,0,0,0,0,0,0,0,0,0,0,0,0,0,0,0,0,0,0,0,0,0,0,0,0,0,0,0,0,0,0,0,0,0,0,0,0,0,0,0,0,0,0,0,0,0,0,0,0,0,0,0,0,0,0,0,0,0,0,0,0,0,0,0,0,0,0,0,0,0,0,0,0,0,0,0,0,0,0,0,0,0,0,0,0,0,0,0,0,0,0,0,0,0,0,0,0,0,0,0,0,0,0,0,0,0,0,0,0,0,0,0,0,0,0,0,0,0,0,0,0,0,0,0,0,0,0,0,0,0,0,0,0,0,0,0,0,0,0,0,0,0,0,0,0,0,0,0,0,,0,0,0,0,0,0,0,0,0,0,0,0,0,0,0,0,0,0,0,0,0,0,0,0,0,0,0,0,0,0,0,0,0,0,0,0,0,0,0,0,231,,,,,,,,,,,,,,,,,,,,,,,,,,,,,,,0,
9/1/2026,2025,20260786,47779,11713,KEYSPAN ENERGY DELIVERY - LONG ISLAND,Natural Gas,INTRASTATE,NEW YORK,0,0,0,0,,,0,,,,,0,0,0,0,,,0,,,,,0,0,0,0,,,0,,,,,0,0,0,0,,,0,,,,,0,0,0,0,,,0,,,,,1,0,0,0,,,0,,,,,0,0,0,0,,,0,,,,,0,0,0,0,,,0,,,,,0,0,0,0,,,0,,,,,0,0,0,0,,,0,,,,,0,0,0,0,,,0,0,0,0,0,0,0,0,0,,,0,0,0,0,0,0,0,0,0,,,0,0,0,0,0,1,0,0,0,,0,,0,0,0,0,0,,,,,,,,,,,,,,,,,,,,,,,,,,,,,,,,,,,,,,,,,0,130990,,,,,,,,,,,,,,,,,,,,,,,,,,,,,,,0,
9/1/2026,2025,20261159,48172,11800,ATMOS ENERGY CORPORATION - LOUISIANA,Natural Gas,INTRASTATE,LOUISIANA,0,0,0,0,0,0,0,0,0,0,0,0,0,0,0,0,0,0,0,0,0,0,0,0,0,0,0,0,0,0,0,0,0,0,0,0,0,0,0,0,0,0,0,0,0,0,0,0,0,0,0,0,0,0,0,0,0,0,0,0,0,0,0,0,0,0,0,0,0,0,0,0,0,0,0,0,0,0,0,0,0,0,0,0,0,0,0,0,0,0,0,0,0,0,0,0,0,0,0,0,0,0,0,0,0,0,0,0,0,0,0,0,0,0,0,0,0,0,0,0,0,0,0,0,0,0,0,0,0,0,0,0,0,0,0,0,0,0,0,0,0,0,0,0,0,0,0,0,0,0,0,0,0,0,0,,0,0,0,0,0,0,0,0,0,0,0,0,0,0,0,0,0,0,0,0,0,0,0,0,0,0,0,0,0,0,0,0,0,0,0,0,0,0,0,0,465,,,,,,,,,,,,,,,,,,,,,,,,,,,,,,,0,
9/1/2026,2025,20261121,48134,11824,LOUISVILLE GAS & ELECTRIC CO,Natural Gas,INTRASTATE,KENTUCKY,0,1,0,0,0,0,0,0,0,0,0,0,0,0,0,0,0,0,0,0,0,0,0,0,0,0,0,0,0,0,0,0,0,0,0,0,0,0,0,0,0,0,0,0,0,0,0,0,0,0,0,0,0,0,0,0,0,0,0,0,0,0,0,0,0,0,0,0,0,0,0,0,0,0,0,0,0,0,0,0,0,0,0,0,0,0,0,0,0,0,0,0,0,0,0,0,0,0,0,0,0,0,0,0,0,0,0,0,0,0,0,0,0,0,0,0,0,0,0,0,0,0,0,0,0,0,0,0,0,0,0,0,0,0,0,0,0,0,0,0,0,0,0,0,1,0,0,0,0,0,0,0,0,0,0,,0,0,0,0,0,0,0,0,0,,,,,,,,,,,,,,,,,,,,,,,,,,,,,,,0,1561,,,,,,,,,,,,,,,,,,,,,,,,,,,,,,,0,
9/1/2026,2025,20260104,47058,11885,LUBBOCK POWER & LIGHT,Natural Gas,INTRASTATE,TEXAS,0,0,0,0,,,0,,,,,0,0,0,0,,,0,,,,,0,0,0,0,,,0,,,,,0,0,0,0,,,0,,,,,0,0,0,0,,,0,,,,,0,0,0,0,,,0,,,,,0,0,0,0,,,0,,,,,0,0,0,0,,,0,,,,,0,0,0,0,,,0,,,,,0,0,0,0,,,0,,,,,0,0,0,0,,,0,0,0,0,0,0,0,0,0,,,0,0,0,0,0,0,0,0,0,,,0,0,0,0,0,0,0,0,0,,0,,0,0,0,0,0,,0,,,,,,0,,0,,,,,,,,,,,,,,,,,,,,,,,,,,,,,,,0,43,,,,,,,,,,,,,,,,,,,,,,,,,,,,,,,,
9/1/2026,2025,20261446,48501,12059,M H M PIPELINE CO INC,Natural Gas,INTRASTATE,TEXAS,0,0,0,0,0,0,0,0,0,0,0,0,0,0,0,0,0,0,0,0,0,0,0,0,0,0,0,0,0,0,0,0,0,0,0,0,0,0,0,0,0,0,0,0,0,0,0,0,0,0,0,0,0,0,0,0,0,0,0,0,0,0,0,0,0,0,0,0,0,0,0,0,0,0,0,0,0,0,0,0,0,0,0,0,0,0,0,0,0,0,0,0,0,0,0,0,0,0,0,0,0,0,0,0,0,0,0,0,0,0,0,0,0,0,0,0,0,0,0,0,0,0,0,0,0,0,0,0,0,0,0,0,0,0,0,0,0,0,0,0,0,0,0,0,0,0,0,0,0,0,0,0,0,0,,0,0,0,0,0,0,0,0,0,0,,,,,,,,,,,,,,,,,,,,,,,,,,,,,,,0,,,,,,,,,,,,,,,,,,,,,,,,,,,,,,,,0,437
9/1/2026,2025,20260756,47744,12180,MARSHALL COUNTY GAS DISTRICT,Natural Gas,INTRASTATE,ALABAMA,0,0,0,0,0,0,0,0,0,0,0,0,0,0,0,0,0,0,0,0,0,0,0,0,0,0,0,0,0,0,0,0,0,0,0,0,0,0,0,0,0,0,0,0,0,0,0,0,0,0,0,0,0,0,0,0,0,0,0,0,0,0,0,0,0,0,0,0,0,0,0,0,0,0,0,0,0,0,0,1,0,0,0,0,0,0,0,0,0,0,0,0,0,0,0,0,0,0,0,0,0,0,0,0,0,0,0,0,0,0,0,0,0,0,0,0,0,0,0,0,0,0,0,0,0,0,0,0,0,0,0,0,0,0,0,0,0,0,0,0,0,0,0,0,0,1,0,0,0,0,0,0,0,0,0,,0,,,,,,0,,0,,,,1,,1,,,,,,,,,,,,,,,,,,,,,,,,,1,1168,,,,,,,,,,,,,,,,,,,,,,,,,,,,,,,,
9/1/2026,2025,20260733,47720,12342,MEMPHIS LIGHT GAS & WATER DIVISION,Natural Gas,INTRASTATE,TENNESSEE,0,0,0,0,0,0,0,0,0,0,0,0,0,0,0,0,0,0,0,0,0,0,1,0,0,0,0,0,0,0,0,0,0,0,0,0,0,0,0,0,0,0,0,0,0,0,0,0,0,0,0,0,0,0,0,0,0,0,0,0,0,0,0,0,0,0,0,0,0,0,0,0,0,0,0,0,0,0,0,0,0,0,0,0,0,0,0,0,0,0,0,0,0,0,0,0,0,0,0,0,0,0,0,0,0,0,0,0,0,0,0,0,0,0,0,0,0,0,0,0,0,0,0,0,0,0,0,0,0,0,0,0,0,0,0,0,0,0,0,0,0,0,0,1,0,0,0,0,0,0,0,0,0,0,0,,0,0,0,0,0,0,0,0,0,,,,,,,,,,,,,,,,,,,,,,,,,,,,,,,0,0,,,,,,,,,,,,,,,,,,,,,,,,,,,,,,,0,
9/1/2026,2025,20260703,47690,12350,"CENTERPOINT ENERGY RESOURCES CORP., DBA CENTERPOINT ENERGY MINNESOTA GAS",Natural Gas,INTRASTATE,MINNESOTA,0,0,0,0,,,0,,,,,0,0,0,0,,,0,,,,,0,0,0,0,,,0,,,,,0,0,0,0,,,0,,,,,0,0,0,0,,,0,,,,,0,0,0,0,,,0,,,,,0,0,0,0,,,0,,,,,0,0,0,0,,,0,,,,,0,0,0,0,,,0,,,,,0,0,0,0,,,0,,,,,0,0,0,0,,,0,0,0,0,0,0,0,0,0,,,0,0,0,0,0,0,0,0,0,,,0,0,0,0,0,0,0,0,0,,0,,0,0,0,0,,,,,,,,,,,,,,,,,,,,,,,,,,,,,,,,,,,,,,,,,,0,2243,,,,,,,,,,,,,,,,,,,,,,,,,,,,,,,,
9/1/2026,2025,20260286,47244,12390,METROPOLITAN UTILITIES DISTRICT,Natural Gas,INTRASTATE,NEBRASKA,0,0,0,0,0,0,0,0,0,0,0,0,0,0,0,0,0,0,0,0,0,0,0,0,0,0,0,0,0,0,0,0,0,0,0,0,0,0,0,0,0,0,0,0,0,0,0,0,0,0,0,0,0,0,0,0,0,0,0,0,0,0,0,0,0,0,0,0,0,0,0,0,0,0,0,0,0,0,0,0,0,0,0,0,0,0,0,0,0,0,0,0,0,0,0,0,0,0,0,0,0,0,0,0,0,0,0,0,0,0,0,0,0,0,0,0,0,0,0,0,0,0,0,0,0,0,0,0,0,0,0,0,0,0,1,0,0,0,0,0,0,0,0,0,0,1,0,0,0,0,0,0,0,0,0,,0,0,0,0,0,0,0,0,0,0,0,0,0,0,0,0,0,0,0,0,0,0,0,0,0,0,0,0,0,0,0,0,0,0,0,0,0,0,0,0,12,,,,,,,,,,,,,,,,,,,,,,,,,,,,,,,,
9/1/2026,2025,20261028,48035,12408,DTE GAS COMPANY,Natural Gas,INTERSTATE,MICHIGAN,0,0,0,0,,,0,,,,,0,0,0,0,,,0,,,,,0,0,0,0,,,0,,,,,0,0,0,0,,,0,,,,,0,0,0,0,,,0,,,,,0,0,0,0,,,0,,,,,0,0,0,0,,,0,,,,,0,0,0,0,,,0,,,,,0,0,0,0,,,0,,,,,0,0,0,0,,,0,,,,,0,0,0,0,,,0,0,0,0,0,0,0,0,0,,,0,0,0,0,0,0,0,0,0,,,0,0,0,0,0,0,0,0,0,,0,,0,0,0,0,0,,0,,,,,,0,,0,0,0,0,0,0,0,0,0,0,0,0,0,0,0,0,0,0,0,0,0,0,0,0,0,0,0,0,0,0,0,0,11,,,,,,,,,,,,,,,,,,,,,,,,,,,,,,,,
9/1/2026,2025,20261028,48035,12408,DTE GAS COMPANY,Natural Gas,INTRASTATE,MICHIGAN,0,0,0,0,,,0,,,,,0,0,0,0,,,0,,,,,0,0,0,0,,,0,,,,,0,0,0,0,,,0,,,,,0,0,0,0,,,0,,,,,0,0,0,10,,,0,,,,,0,0,0,0,,,0,,,,,0,0,0,0,,,0,,,,,0,0,0,0,,,0,,,,,0,0,0,0,,,0,,,,,0,0,0,0,,,0,0,0,0,0,0,0,0,0,,,0,0,0,0,0,0,0,0,0,,,0,0,0,0,0,0,0,0,10,,0,,0,0,0,0,9,,0,,,,,,0,,0,0,0,0,0,0,0,0,0,0,0,0,0,0,0,0,0,0,0,0,0,0,0,0,0,0,0,0,0,0,0,0,1807,,,,,,,,,,,,,,,,,,,,,,,,,,,,,,,,
9/1/2026,2025,20260685,47670,12420,MICHIGAN GAS UTILITIES CO,Natural Gas,INTRASTATE,MICHIGAN,0,0,0,0,,,0,,,,,0,0,0,0,,,0,,,,,0,0,0,0,,,0,,,,,0,0,0,0,,,0,,,,,0,0,0,0,,,0,,,,,0,0,0,0,,,0,,,,,0,0,0,0,,,0,,,,,0,0,0,0,,,0,,,,,0,0,0,0,,,0,,,,,0,0,0,0,,,0,,,,,0,0,0,0,,,0,0,0,0,0,0,0,0,0,,,0,0,0,0,0,0,0,0,0,,,0,0,0,0,0,0,0,0,0,,0,,0,0,0,0,0,,0,,,,,,0,,0,0,0,0,0,0,0,0,0,0,0,0,0,0,0,0,0,0,0,0,0,0,0,0,0,0,0,0,0,0,0,0,282,,,,,,,,,,,,,,,,,,,,,,,,,,,,,,,,
9/1/2026,2025,20260883,47879,12455,MIDLAND COGENERATION VENTURE,Natural Gas,INTRASTATE,MICHIGAN,0,0,0,0,0,0,0,0,0,0,0,0,0,0,0,0,0,0,0,0,0,0,0,0,0,0,0,0,0,0,0,0,0,0,0,0,0,0,0,0,0,0,0,0,0,0,0,0,0,0,0,0,0,0,0,0,0,0,0,0,0,0,0,0,0,0,0,0,0,0,0,0,0,0,0,0,0,0,0,0,0,0,0,0,0,0,0,0,0,0,0,0,0,0,0,0,0,0,0,0,0,0,0,0,0,0,0,0,0,0,0,0,0,0,0,0,0,0,0,0,0,0,0,0,0,0,0,0,0,0,0,0,0,0,0,0,0,0,0,0,0,0,0,0,0,0,0,0,0,0,0,0,0,0,0,,0,0,0,0,0,0,0,0,0,,,,,,,,,,,,,,,,,,,,,,,,,,,,,,,0,10,,,,,,,,,,,,,,,,,,,,,,,,,,,,,,,0,
9/1/2026,2025,20261008,48011,12462,"BBT MIDLA, LLC",Natural Gas,INTERSTATE,LOUISIANA,0,0,0,0,,,0,,,,,0,0,0,0,,,0,,,,,0,0,0,0,,,0,,,,,0,0,0,0,,,0,,,,,0,0,0,0,,,0,,,,,0,0,0,0,,,0,,,,,0,0,0,0,,,0,,,,,0,0,0,0,,,0,,,,,0,0,0,0,,,0,,,,,0,0,0,0,,,0,,,,,0,0,0,0,,,0,0,0,0,0,0,0,0,0,,,0,0,0,0,0,0,0,0,0,,,0,0,0,0,0,0,0,0,0,,0,,0,0,0,0,0,,0,,,,,,0,,0,,,,,,,,,,,,,,,,,,,,,,,,,,,,,,,0,751,,,,,,,,,,,,,,,,,,,,,,,,,,,,,,,,
9/1/2026,2025,20261008,48011,12462,"BBT MIDLA, LLC",Natural Gas,INTERSTATE,MISSISSIPPI,0,0,0,0,0,0,0,0,0,0,0,0,0,0,0,0,0,0,0,0,0,0,0,0,0,0,0,0,0,0,0,0,0,0,0,0,0,0,0,0,0,0,0,0,0,0,0,0,0,0,0,0,0,0,0,0,0,0,0,0,0,0,0,0,0,0,0,0,0,0,0,0,0,0,0,0,0,0,0,0,0,0,0,0,0,0,0,0,0,0,0,0,0,0,0,0,0,0,0,0,0,0,0,0,0,0,0,0,0,0,0,0,0,0,0,0,0,0,0,0,0,0,0,0,0,0,0,0,0,0,0,0,0,0,0,0,0,0,0,0,0,0,0,0,0,0,0,0,0,0,0,0,0,0,0,,0,0,0,0,0,0,0,0,0,,,,,,,,,,,,,,,,,,,,,,,,,,,,,,,0,0,,,,,,,,,,,,,,,,,,,,,,,,,,,,,,,0,
9/1/2026,2025,20260244,47202,12479,MIDWEST ENERGY INC,Natural Gas,INTRASTATE,KANSAS,0,0,0,0,,,0,,,,,0,0,0,0,,,0,,,,,0,0,0,0,,,0,,,,,0,0,0,0,,,0,,,,,0,0,0,0,,,0,,,,,0,0,0,0,,,0,,,,,0,0,0,0,,,0,,,,,0,0,0,0,,,0,,,,,0,0,0,0,,,0,,,,,0,0,0,0,,,0,,,,,0,0,0,0,,,0,0,0,0,0,0,0,0,0,,,0,0,0,0,0,0,0,0,0,,,0,0,0,0,0,0,0,0,0,,0,,0,0,0,0,0,,0,,,,,,0,,0,,,,,,,,,,,,,,,,,,,,,,,,,,,,,,,0,4,,,,,,,,,,,,,,,,,,,,,,,,,,,,,,,,
9/1/2026,2025,20260076,47029,12486,MIDWEST NATURAL GAS CORP,Natural Gas,INTRASTATE,INDIANA,0,0,0,0,0,0,0,0,0,0,0,0,0,0,0,0,0,0,0,0,0,0,0,0,0,0,0,0,0,0,0,0,0,0,0,0,0,0,0,0,0,0,0,0,0,0,0,1,0,0,0,0,0,0,0,0,0,0,0,0,0,0,0,0,0,0,0,0,0,0,0,0,0,0,0,0,0,0,0,0,0,0,0,0,0,0,0,0,0,0,0,0,0,0,0,0,0,0,0,0,0,0,0,0,0,0,0,0,0,0,0,0,0,0,0,0,0,0,0,0,0,0,0,0,0,0,0,0,0,0,0,0,0,0,0,0,0,0,0,0,0,0,0,0,0,0,1,0,0,0,0,0,0,0,0,,0,0,0,0,0,0,0,0,0,,,,,,,,,,,,,,,,,,,,,,,,,,,,,,,0,14163,,,,,,,,,,,,,,,,,,,,,,,,,,,,,,,0,
9/1/2026,2025,20260878,47874,12498,MIDWESTERN GAS TRANSMISSION CO,Natural Gas,INTERSTATE,ILLINOIS,0,0,0,0,,,0,,,,,0,0,0,0,,,0,,,,,0,0,0,0,,,0,,,,,0,0,0,0,,,0,,,,,0,0,0,0,,,0,,,,,0,0,0,0,,,0,,,,,0,0,0,0,,,0,,,,,0,0,0,0,,,0,,,,,0,0,0,0,,,0,,,,,0,0,0,0,,,0,,,,,0,0,0,0,,,0,0,0,0,0,0,0,0,0,,,0,0,0,0,0,0,0,0,0,,,0,0,0,0,0,0,0,0,0,,0,,0,0,0,0,2,,0,,,,,,0,,0,,,,,,,,,,,,,,,,,,,,,,,,,,,,,,,0,495,,,,,,,,,,,,,,,,,,,,,,,,,,,,,,,,
9/1/2026,2025,20260878,47874,12498,MIDWESTERN GAS TRANSMISSION CO,Natural Gas,INTERSTATE,INDIANA,0,0,0,0,,,0,,,,,0,0,0,0,,,0,,,,,0,0,0,0,,,0,,,,,0,0,0,0,,,0,,,,,0,0,0,0,,,0,,,,,0,0,0,0,,,0,,,,,0,0,0,0,,,0,,,,,0,0,0,0,,,0,,,,,0,0,0,0,,,0,,,,,0,0,0,0,,,0,,,,,0,0,0,0,,,0,0,0,0,0,0,0,0,0,,,0,0,0,0,0,0,0,0,0,,,0,0,0,0,0,0,0,0,0,,0,,0,0,0,0,,,,,,,,,,,,,,,,,,,,,,,,,,,,,,,,,,,,,,,,,,0,1257,,,,,,,,,,,,,,,,,,,,,,,,,,,,,,,,
9/1/2026,2025,20260878,47874,12498,MIDWESTERN GAS TRANSMISSION CO,Natural Gas,INTERSTATE,KENTUCKY,,0,0,0,,,,,,,,,0,0,0,,,,,,,,,0,0,0,,,,,,,,,0,0,0,,,,,,,,,0,0,0,,,,,,,,,0,0,0,,,,,,,,,0,0,0,,,,,,,,,0,0,0,,,,,,,,,0,0,0,,,,,,,,,0,0,0,,,,,,,,,0,0,0,,,,0,0,0,0,,0,0,0,,,,0,0,0,0,,0,0,0,,,,0,0,0,0,,0,0,0,,,,0,0,0,0,,,,,,,,,,,,,,,,,,,,,,,,,,,,,,,,,,,,,,,,,,0,359,,,,,,,,,,,,,,,,,,,,,,,,,,,,,,,,
9/1/2026,2025,20260878,47874,12498,MIDWESTERN GAS TRANSMISSION CO,Natural Gas,INTERSTATE,TENNESSEE,0,0,0,0,0,0,0,0,0,0,0,0,0,0,0,0,0,0,0,0,0,0,0,0,0,0,0,0,0,0,0,0,0,0,0,0,0,0,0,0,0,0,0,0,0,0,0,0,0,0,0,0,0,0,0,0,0,0,0,0,0,0,0,0,0,0,0,0,0,0,0,0,0,0,0,0,0,0,0,0,0,0,0,0,0,0,0,0,0,0,0,0,0,0,0,0,0,0,0,0,0,0,0,0,0,0,0,0,0,0,0,0,0,0,0,0,0,0,0,0,0,0,0,0,0,0,0,0,0,0,0,0,0,0,0,0,0,0,0,0,0,0,0,0,0,0,0,0,0,0,0,0,0,0,1,,0,0,0,0,0,0,0,0,0,,,,,,,,,,,,,,,,,,,,,,,,,,,,,,,0,300,,,,,,,,,,,,,,,,,,,,,,,,,,,,,,,0,
9/1/2026,2025,20260570,47748,12576,"ENABLE MISSISSIPPI RIVER TRANSMISSION, LLC",Natural Gas,INTERSTATE,ARKANSAS,0,0,0,1,,,0,,,,,0,0,0,0,,,0,,,,,0,0,0,0,,,0,,,,,0,0,0,0,,,0,,,,,0,0,0,0,,,0,,,,,0,0,0,1,,,0,,,,,0,0,0,0,,,0,,,,,0,0,0,0,,,0,,,,,0,0,0,0,,,0,,,,,0,0,0,0,,,0,,,,,0,0,0,0,,,0,0,0,0,0,0,0,0,0,,,0,0,0,0,0,0,0,0,0,,,0,0,0,0,0,0,0,0,2,,0,,0,0,0,0,0,,0,,,,,,0,,0,0,0,0,0,0,0,0,0,0,0,0,0,0,0,0,0,0,0,0,0,0,0,0,0,0,0,0,0,0,0,0,2108,,,,,,,,,,,,,,,,,,,,,,,,,,,,,,,,
9/1/2026,2025,20260570,47748,12576,"ENABLE MISSISSIPPI RIVER TRANSMISSION, LLC",Natural Gas,INTERSTATE,ILLINOIS,0,0,0,0,,,0,,,,,0,0,0,0,,,0,,,,,0,0,0,0,,,0,,,,,0,0,0,0,,,0,,,,,0,0,0,0,,,0,,,,,0,0,0,0,,,0,,,,,0,0,0,0,,,0,,,,,0,0,0,0,,,0,,,,,0,0,0,0,,,0,,,,,0,0,0,0,,,0,,,,,0,0,0,1,,,0,0,0,0,0,0,0,0,0,,,0,0,0,0,0,0,0,0,0,,,0,0,0,0,0,0,0,0,1,,0,,0,0,0,0,0,,0,,,,,,0,,0,0,0,0,0,0,0,0,0,0,0,0,0,0,0,0,0,0,0,0,0,0,0,0,0,0,0,0,0,0,0,0,5360,,,,,,,,,,,,,,,,,,,,,,,,,,,,,,,,
9/1/2026,2025,20260570,47748,12576,"ENABLE MISSISSIPPI RIVER TRANSMISSION, LLC",Natural Gas,INTERSTATE,LOUISIANA,0,0,0,0,0,0,0,0,0,0,0,0,0,0,0,0,0,0,0,0,0,0,0,0,0,0,0,0,0,0,0,0,0,0,0,0,0,0,0,0,0,0,0,0,0,0,0,0,0,0,0,0,0,0,0,0,0,0,0,0,0,0,0,0,0,0,0,0,0,0,0,0,0,0,0,0,0,0,0,0,0,0,0,0,0,0,0,0,0,0,0,0,0,0,0,0,0,0,0,0,0,0,0,0,0,0,0,0,0,0,0,0,0,1,0,0,0,0,0,0,0,0,0,0,0,0,0,0,0,0,0,0,0,0,0,0,0,0,0,0,0,0,0,0,0,0,1,0,0,0,0,0,0,0,0,,0,0,0,0,0,0,0,0,0,0,0,0,0,0,0,0,0,0,0,0,0,0,0,0,0,0,0,0,0,0,0,0,0,0,0,0,0,0,0,0,715,,,,,,,,,,,,,,,,,,,,,,,,,,,,,,,0,
9/1/2026,2025,20260570,47748,12576,"ENABLE MISSISSIPPI RIVER TRANSMISSION, LLC",Natural Gas,INTERSTATE,MISSOURI,0,0,0,0,,,0,,,,,0,0,0,0,,,0,,,,,0,0,0,0,,,0,,,,,0,0,0,0,,,0,,,,,0,0,0,0,,,0,,,,,0,0,0,0,,,0,,,,,0,0,0,0,,,0,,,,,0,0,0,0,,,0,,,,,0,0,0,0,,,0,,,,,0,0,0,0,,,0,,,,,0,0,0,0,,,0,0,0,0,0,0,0,0,0,,,0,0,0,0,0,0,0,0,0,,,0,0,0,0,0,0,0,0,0,,0,,0,0,0,0,0,,0,,,,,,0,,0,0,0,0,0,0,0,0,0,0,0,0,0,0,0,0,0,0,0,0,0,0,0,0,0,0,0,0,0,0,0,0,4835,,,,,,,,,,,,,,,,,,,,,,,,,,,,,,,,
9/1/2026,2025,20260570,47748,12576,"ENABLE MISSISSIPPI RIVER TRANSMISSION, LLC",Natural Gas,INTERSTATE,TEXAS,0,0,0,0,,,0,,,,,0,0,0,0,,,0,,,,,0,0,0,0,,,0,,,,,0,0,0,0,,,0,,,,,0,0,0,0,,,0,,,,,0,0,0,0,,,0,,,,,0,0,0,0,,,0,,,,,0,0,0,0,,,0,,,,,0,0,0,0,,,0,,,,,0,0,0,0,,,0,,,,,0,0,0,0,,,0,0,0,0,0,0,0,0,0,,,0,0,0,0,0,0,0,0,0,,,0,0,0,0,0,0,0,0,0,,0,,0,0,0,0,0,,0,,,,,,0,,0,0,0,0,0,0,0,0,0,0,0,0,0,0,0,0,0,0,0,0,0,0,0,0,0,0,0,0,0,0,0,0,47,,,,,,,,,,,,,,,,,,,,,,,,,,,,,,,,
9/1/2026,2025,20260663,47648,12582,ATMOS ENERGY CORPORATION - MISSISSIPPI,Natural Gas,INTRASTATE,MISSISSIPPI,0,0,0,1,0,0,0,0,0,0,0,0,0,0,0,0,0,0,0,0,0,0,0,0,0,0,0,0,0,0,0,0,0,0,0,0,0,0,0,0,0,0,0,0,0,0,0,0,0,0,0,0,0,0,0,0,0,1,0,0,0,0,0,0,0,0,0,0,0,0,0,0,0,0,0,0,0,0,0,0,0,0,0,0,0,0,0,0,0,0,0,0,0,0,0,0,0,0,0,0,0,0,0,0,0,0,0,0,0,0,0,0,0,0,0,0,0,0,0,0,0,0,0,0,0,0,0,0,0,0,0,0,0,0,0,0,0,0,0,0,0,0,0,0,0,1,1,0,0,0,0,0,0,0,1,,0,0,0,0,0,0,0,0,0,0,0,0,0,0,0,0,0,0,0,0,0,0,0,0,0,0,0,0,0,0,0,0,0,0,0,0,0,0,0,0,1971,,,,,,,,,,,,,,,,,,,,,,,,,,,,,,,0,
9/1/2026,2025,20261307,48320,12606,THE EMPIRE DISTRICT GAS COMPANY,Natural Gas,INTRASTATE,MISSOURI,0,0,0,0,,,0,,,,,0,0,0,0,,,0,,,,,0,0,0,0,,,0,,,,,0,0,0,0,,,0,,,,,0,0,0,0,,,0,,,,,0,0,0,0,,,0,,,,,0,0,0,0,,,0,,,,,0,0,0,0,,,0,,,,,0,0,0,0,,,0,,,,,0,0,0,0,,,0,,,,,0,0,0,0,,,0,0,0,0,0,0,0,0,0,,,0,0,0,0,0,0,0,0,0,,,0,0,0,0,0,0,0,0,0,,0,,0,0,0,0,1,,0,,,,,,0,,0,0,0,0,0,0,0,0,0,0,0,0,0,0,0,0,0,0,0,0,0,0,0,0,0,0,0,0,0,0,0,0,154,,,,,,,,,,,,,,,,,,,,,,,,,,,,,,,,
9/1/2026,2025,20260596,47579,12624,EXXONMOBIL OIL CORPORATION,Hydrogen Gas,INTRASTATE,TEXAS,0,0,0,0,0,0,0,0,0,0,0,0,0,0,0,0,0,0,0,0,0,0,0,0,0,0,0,0,0,0,0,0,0,0,0,0,0,0,0,0,0,0,0,0,0,0,0,0,0,0,0,0,0,0,0,0,0,0,0,0,0,0,0,0,0,0,0,0,0,0,0,0,0,0,0,0,0,0,0,0,0,0,0,0,0,0,0,0,0,0,0,0,0,0,0,0,0,0,0,0,0,0,0,0,0,0,0,0,0,0,0,0,0,0,0,0,0,0,0,0,0,0,0,0,0,0,0,0,0,0,0,0,0,0,0,0,0,0,0,0,0,0,0,0,0,0,0,0,0,0,0,0,0,0,0,,0,0,0,0,0,0,0,0,0,,,,,,,,,,,,,,,,,,,,,,,,,,,,,,,0,498,,,,,,,,,,,,,,,,,,,,,,,,,,,,,,,0,
9/1/2026,2025,20260595,47578,12624,EXXONMOBIL OIL CORPORATION,Natural Gas,INTRASTATE,TEXAS,0,0,0,0,,,0,,,,,0,0,0,0,,,0,,,,,0,0,0,0,,,0,,,,,0,0,0,0,,,0,,,,,0,0,0,0,,,0,,,,,0,0,0,0,,,0,,,,,0,0,0,0,,,0,,,,,0,0,0,0,,,0,,,,,0,0,0,0,,,0,,,,,0,0,0,0,,,0,,,,,0,0,0,0,,,0,0,0,0,0,0,0,0,0,,,0,0,0,0,0,0,0,0,0,,,0,0,0,0,0,0,0,0,0,,0,,0,0,0,0,0,,0,,,,,,0,,0,,,,,,,,,,,,,,,,,,,,,,,,,,,,,,,0,142,,,,,,,,,,,,,,,,,,,,,,,,,,,,,,,,
9/1/2026,2025,20260599,47582,12628,MOBIL  PIPE  LINE COMPANY,Natural Gas,INTRASTATE,TEXAS,0,0,0,0,0,0,0,0,0,0,0,0,0,0,0,0,0,0,0,0,0,0,0,0,0,0,0,0,0,0,0,0,0,0,0,0,0,0,0,0,0,0,0,0,0,0,0,0,0,0,0,0,0,0,0,0,0,0,0,0,0,0,0,0,0,0,0,0,0,0,0,0,0,0,0,0,0,0,0,0,0,0,0,0,0,0,0,0,0,0,0,0,0,0,0,0,0,0,0,0,0,0,0,0,0,0,0,0,0,0,0,0,0,0,0,0,0,0,0,0,0,0,0,0,0,0,0,0,0,0,0,0,0,0,0,0,0,0,0,0,0,0,0,0,0,0,0,0,0,0,0,0,0,0,0,,0,0,0,0,0,0,0,0,0,,,,,,,,,,,,,,,,,,,,,,,,,,,,,,,0,130,,,,,,,,,,,,,,,,,,,,,,,,,,,,,,,0,
9/1/2026,2025,20261231,48244,12642,SPIRE GULF INC.,Natural Gas,INTRASTATE,ALABAMA,0,0,0,0,0,0,0,0,0,0,0,0,0,0,0,0,0,0,0,0,0,0,0,0,0,0,0,0,0,0,0,0,0,0,0,0,0,0,0,0,0,0,0,0,0,0,0,0,0,0,0,0,0,0,0,0,0,0,0,0,0,0,0,0,0,0,0,0,0,0,0,0,0,0,0,0,0,0,0,0,0,0,0,0,0,0,0,0,0,0,0,0,0,0,0,0,0,0,0,0,0,0,0,0,0,0,0,0,0,0,0,0,0,0,0,0,0,0,0,0,0,0,0,0,0,0,0,0,0,0,0,0,0,0,0,0,0,0,0,0,0,0,0,0,0,0,0,0,0,0,0,0,0,0,0,,0,0,0,0,0,0,0,0,0,,,,,,,,,,,,,,,,,,,,,,,,,,,,,,,0,66,,,,,,,,,,,,,,,,,,,,,,,,,,,,,,,0,
9/1/2026,2025,20261135,48148,12672,"MONROE NATURAL GAS DEPT, CITY OF",Natural Gas,INTRASTATE,NORTH CAROLINA,0,0,0,0,0,0,0,0,0,0,0,0,0,0,0,0,0,0,0,0,0,0,0,0,0,0,0,0,0,0,0,0,0,0,0,0,0,0,0,0,0,0,0,0,0,0,0,0,0,0,0,0,0,0,0,0,0,0,0,0,0,0,0,0,0,0,0,0,0,0,0,0,0,0,0,0,0,0,0,0,0,0,0,0,0,0,0,0,0,0,0,0,0,0,0,0,0,0,0,0,0,0,0,0,0,0,0,0,0,0,0,0,0,0,0,0,0,0,0,0,0,0,0,0,0,0,0,0,0,0,0,0,0,0,0,0,0,0,0,0,0,0,0,0,0,0,0,0,0,0,0,0,0,0,0,,0,0,0,0,0,0,0,0,0,,,,,,,,,,,,,,,,,,,,,,,,,,,,,,,0,1378,,,,,,,,,,,,,,,,,,,,,,,,,,,,,,,0,
9/1/2026,2025,20260956,47955,12684,MONTANA - DAKOTA UTILITIES CO,Natural Gas,INTERSTATE,NORTH DAKOTA,0,0,0,0,0,0,0,0,0,0,0,0,0,0,0,0,0,0,0,0,0,0,0,0,0,0,0,0,0,0,0,0,0,0,0,0,0,0,0,0,0,0,0,0,0,0,0,0,0,0,0,0,0,0,0,0,0,0,0,0,0,0,0,0,0,0,0,0,0,0,0,0,0,0,0,0,0,0,0,0,0,0,0,0,0,0,0,0,0,0,0,0,0,0,0,0,0,0,0,0,0,0,0,0,0,0,0,0,0,0,0,0,0,0,0,0,0,0,0,0,0,0,0,0,0,0,0,0,0,0,0,0,0,0,0,0,0,0,0,0,0,0,0,0,0,0,0,0,0,0,0,0,0,0,0,,0,,,,,,0,,0,,,,,,,,,,,,,,,,,,,,,,,,,,,,,,,0,0,,,,,,,,,,,,,,,,,,,,,,,,,,,,,,,,
9/1/2026,2025,20260956,47955,12684,MONTANA - DAKOTA UTILITIES CO,Natural Gas,INTERSTATE,SOUTH DAKOTA,0,0,0,0,0,0,0,0,0,0,0,0,0,0,0,0,0,0,0,0,0,0,0,0,0,0,0,0,0,0,0,0,0,0,0,0,0,0,0,0,0,0,0,0,0,0,0,0,0,0,0,0,0,0,0,0,0,0,0,0,0,0,0,0,0,0,0,0,0,0,0,0,0,0,0,0,0,0,0,0,0,0,0,0,0,0,0,0,0,0,0,0,0,0,0,0,0,0,0,0,0,0,0,0,0,0,0,0,0,0,0,0,0,0,0,0,0,0,0,0,0,0,0,0,0,0,0,0,0,0,0,0,0,0,0,0,0,0,0,0,0,0,0,0,0,0,0,0,0,0,0,0,0,0,0,,0,0,0,0,0,0,0,0,0,,,,,,,,,,,,,,,,,,,,,,,,,,,,,,,0,0,,,,,,,,,,,,,,,,,,,,,,,,,,,,,,,0,
9/1/2026,2025,20260956,47955,12684,MONTANA - DAKOTA UTILITIES CO,Natural Gas,INTRASTATE,MONTANA,0,0,0,0,0,0,0,0,0,0,0,0,0,0,0,0,0,0,0,0,0,0,0,0,0,0,0,0,0,0,0,0,0,0,0,0,0,0,0,0,0,0,0,0,0,0,0,0,0,0,0,0,0,0,0,0,0,0,0,0,0,0,0,0,0,0,0,0,0,0,0,0,0,0,0,0,0,0,0,0,0,0,0,0,0,0,0,0,0,0,0,0,0,0,0,0,0,0,0,0,0,0,0,0,0,0,0,0,0,0,0,0,0,0,0,0,0,0,0,0,0,0,0,0,0,0,0,0,0,0,0,0,0,0,0,0,0,0,0,0,0,0,0,0,0,0,0,0,0,0,0,0,0,0,0,,0,0,0,0,0,0,0,0,0,,,,,,,,,,,,,,,,,,,,,,,,,,,,,,,0,0,,,,,,,,,,,,,,,,,,,,,,,,,,,,,,,0,
9/1/2026,2025,20260956,47955,12684,MONTANA - DAKOTA UTILITIES CO,Natural Gas,INTRASTATE,NORTH DAKOTA,0,0,0,0,0,0,0,0,0,0,0,0,0,0,0,0,0,0,0,0,0,0,0,0,0,0,0,0,0,0,0,0,0,0,0,0,0,0,0,0,0,0,0,0,0,0,0,0,0,0,0,0,0,0,0,0,0,0,0,0,0,0,0,0,0,0,0,0,0,0,0,0,0,0,0,0,0,0,0,0,0,0,0,0,0,0,0,0,0,0,0,0,0,0,0,0,0,0,0,0,0,0,0,0,0,0,0,0,0,0,0,0,0,0,0,0,0,0,0,0,0,0,0,0,0,0,0,0,0,0,0,0,0,0,0,0,0,0,0,0,0,0,0,0,0,0,0,0,0,0,0,0,0,0,0,,0,0,0,0,0,0,0,0,0,,,,,,,,,,,,,,,,,,,,,,,,,,,,,,,0,0,,,,,,,,,,,,,,,,,,,,,,,,,,,,,,,0,
9/1/2026,2025,20260145,47100,12732,MONTEZUMA NATURAL GAS DEPT,Natural Gas,INTRASTATE,IOWA,0,0,0,0,0,0,0,0,0,0,0,0,0,0,0,0,0,0,0,0,0,0,0,0,0,0,0,0,0,0,0,0,0,0,0,0,0,0,0,0,0,0,0,0,0,0,0,0,0,0,0,0,0,0,0,0,0,0,0,0,0,0,0,0,0,0,0,0,0,0,0,0,0,0,0,0,0,0,0,0,0,0,0,0,0,0,0,0,0,0,0,0,0,0,0,0,0,0,0,0,0,0,0,0,0,0,0,0,0,0,0,0,0,0,0,0,0,0,0,0,0,0,0,0,0,0,0,0,0,0,0,0,0,0,0,0,0,0,0,0,0,0,0,0,0,0,0,0,0,0,0,0,0,0,0,,0,0,0,0,0,0,0,0,0,0,0,0,0,0,0,0,0,0,0,0,0,0,0,0,0,0,0,0,0,0,0,0,0,0,0,0,0,0,0,0,307,,,,,,,,,,,,,,,,,,,,,,,,,,,,,,,0,
9/1/2026,2025,20260064,47017,12794,MORNING SUN MUNICIPAL GAS SYSTEM,Natural Gas,INTRASTATE,IOWA,0,0,0,0,0,0,0,0,0,0,0,0,0,0,0,0,0,0,0,0,0,0,0,0,0,0,0,0,0,0,0,0,0,0,0,0,0,0,0,0,0,0,0,0,0,0,0,0,0,0,0,0,0,0,0,0,0,0,0,0,0,0,0,0,0,0,0,0,0,0,0,0,0,0,0,0,0,0,0,0,0,0,0,0,0,0,0,0,0,0,0,0,0,0,0,0,0,0,0,0,0,0,0,0,0,0,0,0,0,0,0,0,0,0,0,0,0,0,0,0,0,0,0,0,0,0,0,0,0,0,0,0,0,0,0,0,0,0,0,0,0,0,0,0,0,0,0,0,0,0,0,0,0,0,0,,0,0,0,0,0,0,0,0,0,,,,,,,,,,,,,,,,,,,,,,,,,,,,,,,0,78,,,,,,,,,,,,,,,,,,,,,,,,,,,,,,,0,
9/1/2026,2025,20260442,47408,12817,"MOSS BLUFF HUB, LLC",Natural Gas,INTRASTATE,TEXAS,0,0,0,0,0,0,0,0,0,0,0,0,0,0,0,0,0,0,0,0,0,0,0,0,0,0,0,0,0,0,0,0,0,0,0,0,0,0,0,0,0,0,0,0,0,0,0,0,0,0,0,0,0,0,0,0,0,0,0,0,0,0,0,0,0,0,0,0,0,0,0,0,0,0,0,0,0,0,0,0,0,0,0,0,0,0,0,0,0,0,0,0,0,0,0,0,0,0,0,0,0,0,0,0,0,0,0,0,0,0,0,0,0,0,0,0,0,0,0,0,0,0,0,0,0,0,0,0,0,0,0,0,0,0,0,0,0,0,0,0,0,0,0,0,0,0,0,0,0,0,0,0,0,0,,,,,,,,,,,,,,,,,,,,,,,,,,,,,,,,,,,,,,,,,,0,226,,,,,,,,,,,,,,,,,,,,,,,,,,,,,,,0,
9/1/2026,2025,20260537,47517,12874,"MOUNTAINWEST PIPELINE, LLC",Natural Gas,INTERSTATE,COLORADO,0,0,0,0,,,0,,,,,0,0,0,0,,,0,,,,,0,0,0,0,,,0,,,,,0,0,0,0,,,0,,,,,0,0,0,0,,,0,,,,,0,0,0,0,,,0,,,,,0,0,0,0,,,0,,,,,0,0,0,0,,,0,,,,,0,0,0,0,,,0,,,,,0,0,0,0,,,0,,,,,0,0,0,0,,,0,0,0,0,0,0,0,0,0,,,0,0,0,0,0,0,0,0,0,,,0,0,0,0,0,0,0,0,0,,0,,0,0,0,0,0,,0,,,,,,0,,0,,,,,,,,,,,,,,,,,,,,,,,,,,,,,,,0,872,,,,,,,,,,,,,,,,,,,,,,,,,,,,,,,,
9/1/2026,2025,20260537,47517,12874,"MOUNTAINWEST PIPELINE, LLC",Natural Gas,INTERSTATE,UTAH,0,0,0,0,,,0,,,,,0,0,0,0,,,0,,,,,0,0,0,0,,,0,,,,,0,0,0,1,,,0,,,,,0,0,0,0,,,0,,,,,0,0,0,7,,,0,,,,,0,0,0,0,,,0,,,,,0,0,0,0,,,0,,,,,0,0,0,0,,,0,,,,,0,0,0,0,,,0,,,,,0,0,0,0,,,0,,,,0,1,0,0,1,,,0,,,,0,0,0,0,1,,,0,,,,0,1,0,0,10,,0,,,,,0,,,,,,,,,,,,,,,,,,,,,,,,,,,,,,,,,,,,,,,,,,0,7106,,,,,,,,,,,,,,,,,,,,,,,,,,,,,,,,
9/1/2026,2025,20260537,47517,12874,"MOUNTAINWEST PIPELINE, LLC",Natural Gas,INTERSTATE,WYOMING,0,0,0,0,,,0,,,,,0,0,0,0,,,0,,,,,0,0,0,0,,,0,,,,,0,0,0,0,,,0,,,,,0,0,0,0,,,0,,,,,8,0,0,0,,,0,,,,,4,0,0,0,,,0,,,,,0,0,0,0,,,0,,,,,0,0,0,0,,,0,,,,,0,0,0,0,,,0,,,,,0,0,0,0,,,0,0,0,0,0,0,0,0,0,,,0,0,0,0,0,0,0,0,0,,,0,0,0,0,0,12,0,0,0,,0,,0,0,0,0,,,,,,,,,,,,,,,,,,,,,,,,,,,,,,,,,,,,,,,,,,0,1509,,,,,,,,,,,,,,,,,,,,,,,,,,,,,,,,
9/1/2026,2025,20261018,48021,12876,ENBRIDGE GAS UTAH/ WYOMING/IDAHO,Natural Gas,INTRASTATE,IDAHO,0,0,0,0,,,0,,,,,0,0,0,0,,,0,,,,,0,0,0,0,,,0,,,,,0,0,0,0,,,0,,,,,0,0,0,0,,,0,,,,,0,0,0,0,,,0,,,,,0,0,0,0,,,0,,,,,0,0,0,0,,,0,,,,,0,0,0,0,,,0,,,,,0,0,0,0,,,0,,,,,0,0,0,0,,,0,0,0,0,0,0,0,0,0,,,0,0,0,0,0,0,0,0,0,,,0,0,0,0,0,0,0,0,0,,0,,0,0,0,0,0,,0,,,,,,0,,0,0,0,0,0,0,0,0,0,0,0,0,0,0,0,0,0,0,0,0,0,0,0,0,0,0,0,0,0,0,0,0,719,,,,,,,,,,,,,,,,,,,,,,,,,,,,,,,,
9/1/2026,2025,20261018,48021,12876,ENBRIDGE GAS UTAH/ WYOMING/IDAHO,Natural Gas,INTRASTATE,UTAH,0,0,0,0,0,0,0,0,0,0,0,0,0,0,0,0,0,0,0,0,0,0,0,0,0,0,0,0,0,0,0,0,0,0,0,0,0,0,0,0,0,0,0,0,0,0,0,0,0,0,0,0,0,0,0,1,0,0,0,0,0,0,0,0,0,0,0,0,0,0,0,0,0,0,0,0,0,0,0,0,0,0,0,0,0,0,0,0,0,0,0,0,0,0,0,0,0,0,0,0,0,0,0,0,0,0,0,0,0,0,0,0,0,0,0,0,0,0,0,0,0,0,0,0,0,0,0,0,0,0,0,0,0,0,0,0,0,0,0,0,0,0,0,1,0,0,0,0,0,0,0,0,0,0,0,,0,0,0,0,0,0,0,0,0,0,0,0,0,0,0,0,0,0,0,0,0,0,0,0,0,0,0,0,0,0,0,0,0,0,0,0,0,0,0,0,458359,,,,,,,,,,,,,,,,,,,,,,,,,,,,,,,0,
9/1/2026,2025,20261018,48021,12876,ENBRIDGE GAS UTAH/ WYOMING/IDAHO,Natural Gas,INTRASTATE,WYOMING,0,0,0,0,0,0,0,0,0,0,0,0,0,0,0,0,0,0,0,0,0,0,0,0,0,0,0,0,0,0,0,0,0,0,0,0,0,0,0,0,0,0,0,0,0,0,0,0,0,0,0,0,0,0,0,0,0,0,0,0,0,0,0,0,0,0,0,0,0,0,0,0,0,0,0,0,0,0,0,0,0,0,0,0,0,0,0,0,0,0,0,0,0,0,0,0,0,0,0,0,0,0,0,0,0,0,0,0,0,0,0,0,0,0,0,0,0,0,0,0,0,0,0,0,0,0,0,0,0,0,0,0,0,0,0,0,0,0,0,0,0,0,0,0,0,0,0,0,0,0,0,0,0,0,0,,0,0,0,0,0,0,0,0,0,0,0,0,0,0,0,0,0,0,0,0,0,0,0,0,0,0,0,0,0,0,0,0,0,0,0,0,0,0,0,0,7918,,,,,,,,,,,,,,,,,,,,,,,,,,,,,,,0,
9/1/2026,2025,20261391,48407,12878,MOUNTAINEER GAS CO,Natural Gas,INTRASTATE,WEST VIRGINIA,0,0,0,0,0,0,0,0,0,0,0,0,0,0,0,0,0,0,0,0,0,0,0,0,0,0,0,0,0,0,0,0,0,0,0,0,0,0,0,0,0,0,0,0,0,0,0,0,0,0,0,0,0,0,0,0,0,0,0,0,0,0,0,0,0,0,0,0,0,0,0,0,0,0,0,0,0,0,0,0,0,0,0,0,0,0,0,0,0,0,0,0,0,0,0,0,0,0,0,0,0,0,0,0,0,0,0,0,0,0,0,0,0,0,0,0,0,0,0,0,0,0,0,0,0,0,0,0,0,0,0,0,0,0,0,0,0,0,0,0,0,0,0,0,0,0,0,0,0,0,0,0,0,0,0,0,0,0,0,0,0,0,0,0,0,,,,,,,,,,,,,,,,,,,,,,,,,,,,,,,0,19,,,,,,,,,,,,,,,,,,,,,,,,,,,,,,,0,31
9/1/2026,2025,20260494,47461,12930,MUSTANG GAS PRODUCTS LLC,Natural Gas,INTRASTATE,OKLAHOMA,0,0,0,0,0,0,0,0,0,0,0,0,0,0,0,0,0,0,0,0,0,0,0,0,0,0,0,0,0,0,0,0,0,0,0,0,0,0,0,0,0,0,0,0,0,0,0,0,0,0,0,0,0,0,0,0,0,0,0,0,0,0,0,0,0,0,0,0,0,0,0,0,0,0,0,0,0,0,0,0,0,0,0,0,0,0,0,0,0,0,0,0,0,0,0,0,0,0,0,0,0,0,0,0,0,0,0,0,0,0,0,0,0,0,0,0,0,0,0,0,0,0,0,0,0,0,0,0,0,0,0,0,0,0,0,0,0,0,0,0,0,0,0,0,0,0,0,0,0,0,0,0,0,0,0,0,0,0,0,0,0,0,0,0,0,0,0,0,0,0,0,0,0,0,0,0,0,0,0,0,0,0,0,0,0,0,0,0,0,0,0,0,0,0,0,0,19,1,0,0,0,0,1,0,0,0,0,0,0,0,0,0,0,0,0,0,0,0,0,0,0,0,0,0,0,0,0,1,377
9/1/2026,2025,20261252,48265,13061,NATIONAL FUEL GAS DISTRIBUTION CORP,Natural Gas,INTRASTATE,PENNSYLVANIA,0,0,0,0,0,0,0,0,0,0,0,0,0,0,0,0,0,0,0,0,0,0,0,0,0,0,0,0,0,0,0,0,0,0,0,0,0,0,0,0,0,0,0,0,0,0,0,0,0,0,0,0,0,0,0,0,0,0,0,0,0,0,0,0,0,0,0,0,0,0,0,0,0,0,0,0,0,0,0,0,0,0,0,0,0,0,0,0,0,0,0,0,0,0,0,0,0,0,0,0,0,0,0,0,0,0,0,0,0,0,0,0,0,0,0,0,0,0,0,0,0,0,0,0,0,0,0,0,0,0,0,0,0,0,0,0,0,0,0,0,0,0,0,0,0,0,0,0,0,0,0,0,0,0,0,,0,0,0,0,0,0,0,0,0,0,0,0,0,0,0,0,0,0,0,0,0,0,0,0,0,0,0,0,0,0,0,0,0,0,0,0,0,0,0,0,37281,,,,,,,,,,,,,,,,,,,,,,,,,,,,,,,0,
9/1/2026,2025,20261120,48131,13062,NATIONAL FUEL GAS DISTRIBUTION CORP - NEW YORK,Natural Gas,INTRASTATE,NEW YORK,0,0,0,0,0,0,0,0,0,0,0,0,0,0,0,0,0,0,0,0,0,0,0,0,0,0,0,0,0,0,0,0,0,0,0,0,0,0,0,0,0,0,0,0,0,0,0,0,0,0,0,0,0,0,0,0,0,0,0,0,0,0,0,0,0,0,0,0,0,0,0,0,0,0,0,0,0,0,0,0,0,0,0,0,0,0,0,0,0,0,0,0,0,0,0,0,0,0,0,0,0,0,0,0,0,0,0,0,0,0,0,0,0,0,0,0,0,0,0,0,0,0,0,0,0,0,0,0,0,0,0,0,0,0,0,0,0,0,0,0,1,0,0,0,0,0,0,0,0,0,0,1,0,0,0,0,0,0,0,0,0,0,0,0,0,0,0,0,0,0,0,0,0,0,0,0,0,0,0,0,0,0,0,0,0,0,0,0,0,0,0,0,0,0,0,0,19584,0,0,0,0,0,0,0,0,0,0,0,0,0,0,0,0,0,0,0,0,0,0,0,0,0,0,0,0,0,0,0,9791
9/1/2026,2025,20260726,47713,13063,NATIONAL FUEL GAS SUPPLY CORP,Natural Gas,INTERSTATE,NEW YORK,0,0,0,6,0,0,0,0,0,0,0,0,0,0,0,0,0,0,0,0,0,0,0,0,0,0,0,0,0,0,0,0,0,0,0,0,0,0,0,0,0,0,0,0,0,0,0,0,0,0,0,0,0,0,0,0,0,0,0,0,0,0,0,0,0,0,0,0,0,0,0,0,0,0,0,0,0,0,0,0,0,0,0,0,0,0,0,0,0,0,0,0,0,0,0,0,0,0,0,0,0,0,0,0,0,0,0,0,0,0,0,0,0,0,0,0,0,0,0,0,0,0,0,0,0,0,0,0,0,0,0,0,0,0,0,0,0,0,0,0,0,0,0,0,0,0,6,0,0,0,0,0,0,0,1,0,0,0,0,0,0,0,0,0,0,,,,,,,,,,,,,,,,,,,,,,,,,,,,,,,0,96382,,,,,,,,,,,,,,,,,,,,,,,,,,,,,,,0,
9/1/2026,2025,20260726,47713,13063,NATIONAL FUEL GAS SUPPLY CORP,Natural Gas,INTERSTATE,PENNSYLVANIA,0,0,0,0,0,0,0,0,0,0,0,0,0,0,0,0,0,0,0,0,0,0,0,0,0,0,0,0,0,0,0,0,0,0,0,0,0,0,0,0,0,0,0,0,0,0,0,0,0,0,0,0,0,0,0,0,0,0,0,0,0,0,0,0,0,0,0,0,0,0,0,0,0,0,0,0,0,0,0,0,0,0,0,0,0,0,0,0,0,0,0,0,0,0,0,0,0,0,0,0,0,0,0,0,0,0,0,0,0,0,0,0,0,0,0,0,0,0,0,0,0,0,0,0,0,0,0,0,0,0,0,0,0,0,0,0,0,0,0,0,0,0,0,0,0,0,0,0,0,0,0,0,0,0,0,0,0,0,0,0,0,0,0,0,0,,,,,,,,,,,,,,,,,,,,,,,,,,,,,,,0,52274,,,,,,,,,,,,,,,,,,,,,,,,,,,,,,,0,23016
9/1/2026,2025,20260726,47713,13063,NATIONAL FUEL GAS SUPPLY CORP,Natural Gas,INTRASTATE,PENNSYLVANIA,0,0,0,0,0,0,0,0,8,0,0,0,0,0,0,0,0,0,0,0,0,0,0,0,0,0,0,0,0,0,0,0,0,0,0,0,0,0,0,0,0,0,0,0,0,0,0,0,0,0,0,0,0,0,0,0,0,0,0,0,0,0,0,0,0,0,0,0,0,0,0,0,0,0,0,0,0,0,0,0,0,0,0,0,0,0,0,0,0,0,0,0,0,0,0,0,0,0,0,0,0,0,0,0,0,0,0,0,0,0,0,0,0,0,0,0,0,0,0,0,0,0,0,0,0,0,0,0,0,0,0,0,0,0,0,0,0,0,0,0,0,0,0,0,0,0,0,0,0,0,0,8,0,0,0,0,0,0,0,0,0,0,0,0,0,,,,,,,,,,,,,,,,,,,,,,,,,,,,,,,0,,,,,,,,,,,,,,,,,,,,,,,,,,,,,,,,0,23016
9/1/2026,2025,20261253,48266,13120,NATURAL GAS PIPELINE CO OF AMERICA (KMI),Natural Gas,INTERSTATE,ARKANSAS,0,0,0,0,,,0,,,,,0,0,0,0,,,0,,,,,0,0,0,0,,,0,,,,,0,0,0,0,,,0,,,,,0,0,0,0,,,0,,,,,0,0,0,1,,,0,,,,,0,0,0,0,,,0,,,,,0,0,0,0,,,0,,,,,0,0,0,0,,,0,,,,,0,0,0,0,,,0,,,,,0,0,0,0,,,0,,,,,0,0,0,0,,,0,,,,,0,0,0,0,,,0,,,,,0,0,0,1,,0,,,,,,0,,0,,,,,,0,,0,,,,,,,,,,,,,,,,,,,,,,,,,,,,,,,0,2411,,,,,,,,,,,,,,,,,,,,,,,,,,,,,,,0,
9/1/2026,2025,20261253,48266,13120,NATURAL GAS PIPELINE CO OF AMERICA (KMI),Natural Gas,INTERSTATE,ILLINOIS,0,0,0,0,,,0,,,,,0,0,0,0,,,0,,,,,0,0,0,0,,,0,,,,,0,0,0,0,,,0,,,,,0,0,0,0,,,0,,,,,0,0,0,0,,,0,,,,,0,0,0,0,,,0,,,,,0,0,0,0,,,0,,,,,0,0,0,0,,,0,,,,,0,0,0,0,,,0,,,,,0,0,0,0,,,0,0,0,0,0,0,0,0,0,,,0,0,0,0,0,0,0,0,0,,,0,0,0,0,0,0,0,0,0,,0,,0,0,0,0,0,,0,,,,,,0,,0,1,,,,,1,,1,,,,,1,,,,,,,,,,,,,,,,,,2,29665,,,,,,,,,,,,,,,,,,,,,,,,,,,,,,,,
9/1/2026,2025,20261253,48266,13120,NATURAL GAS PIPELINE CO OF AMERICA (KMI),Natural Gas,INTERSTATE,INDIANA,0,0,0,0,0,0,0,0,0,0,0,0,0,0,0,0,0,0,0,0,0,0,0,0,0,0,0,0,0,0,0,0,0,0,0,0,0,0,0,0,0,0,0,0,0,0,0,0,0,0,0,0,0,0,0,0,0,0,0,0,0,0,0,0,0,0,0,0,0,0,0,0,0,0,0,0,0,0,0,0,0,0,0,0,0,0,0,0,0,0,0,0,0,0,0,0,0,0,0,0,0,0,0,0,0,0,0,0,0,0,0,0,0,0,0,0,0,0,0,0,0,0,0,0,0,0,0,0,0,0,0,0,0,0,0,0,0,0,0,0,0,0,0,0,0,0,0,0,0,0,0,0,0,0,0,,0,0,0,0,0,0,0,0,0,,,,,,,,,,,,,,,,,,,,,,,,,,,,,,,0,644,,,,,,,,,,,,,,,,,,,,,,,,,,,,,,,0,
9/1/2026,2025,20261253,48266,13120,NATURAL GAS PIPELINE CO OF AMERICA (KMI),Natural Gas,INTERSTATE,IOWA,0,0,0,0,,,0,,,,,0,0,0,0,,,0,,,,,0,0,0,0,,,0,,,,,0,0,0,0,,,0,,,,,0,0,0,0,,,0,,,,,0,0,0,0,,,0,,,,,0,0,0,0,,,0,,,,,0,0,0,0,,,0,,,,,0,0,0,0,,,0,,,,,0,0,0,0,,,0,,,,,0,0,0,0,,,0,,,,0,0,0,0,0,,,0,,,,0,0,0,0,0,,,0,,,,0,0,0,0,0,,0,,,,,0,0,,0,,,,,,0,,0,,,,,,,,,,,,,,,,,,,,,,,,,,,,,,,0,971,,,,,,,,,,,,,,,,,,,,,,,,,,,,,,,,
9/1/2026,2025,20261253,48266,13120,NATURAL GAS PIPELINE CO OF AMERICA (KMI),Natural Gas,INTERSTATE,KANSAS,0,0,0,0,0,0,0,0,0,0,0,0,0,0,0,0,0,0,0,0,0,0,0,0,0,0,0,0,0,0,0,0,0,0,0,0,0,0,0,0,0,0,0,0,0,0,0,0,0,0,0,0,0,0,0,0,0,0,0,0,0,0,0,0,0,0,0,0,0,0,0,0,0,0,0,0,0,0,0,0,0,0,0,0,0,0,0,0,0,0,0,0,0,0,0,0,0,0,0,0,0,0,0,0,0,0,0,0,0,0,0,0,0,0,0,0,0,0,0,0,0,0,0,0,0,0,0,0,0,0,0,0,0,0,0,0,0,0,0,0,0,0,0,0,0,0,0,0,0,0,0,0,0,0,0,,0,0,0,0,0,0,0,0,0,,,,,,,,,,,,,,,,,,,,,,,,,,,,,,,0,226,,,,,,,,,,,,,,,,,,,,,,,,,,,,,,,0,
9/1/2026,2025,20261253,48266,13120,NATURAL GAS PIPELINE CO OF AMERICA (KMI),Natural Gas,INTERSTATE,LOUISIANA,0,0,0,0,,,0,,,,,0,0,0,0,,,0,,,,,0,0,0,0,,,0,,,,,0,0,0,0,,,0,,,,,0,0,0,0,,,0,,,,,0,0,0,0,,,0,,,,,0,0,0,0,,,0,,,,,0,0,0,0,,,0,,,,,0,0,0,0,,,0,,,,,0,0,0,0,,,0,,,,,0,0,0,0,,,0,0,0,0,0,0,0,0,0,,,0,0,0,0,0,0,0,0,0,,,0,0,0,0,0,0,0,0,0,,0,,0,0,0,0,0,,0,,,,,,0,,0,,,,,,,,,,,,,,,,,,,,,,,,,,,,,,,0,187,,,,,,,,,,,,,,,,,,,,,,,,,,,,,,,,
9/1/2026,2025,20261253,48266,13120,NATURAL GAS PIPELINE CO OF AMERICA (KMI),Natural Gas,INTERSTATE,MISSOURI,0,0,0,0,0,0,0,0,0,0,0,0,0,0,0,0,0,0,0,0,0,0,0,0,0,0,0,0,0,0,0,0,0,0,0,0,0,0,0,0,0,0,0,0,0,0,0,0,0,0,0,0,0,0,0,0,0,0,0,0,0,0,0,0,0,0,0,0,0,0,0,0,0,0,0,0,0,0,0,0,0,0,0,0,0,0,0,0,0,0,0,0,0,0,0,0,0,0,0,0,0,0,0,0,0,0,0,0,0,0,0,0,0,0,0,0,0,0,0,0,0,0,0,0,0,0,0,0,0,0,0,0,0,0,0,0,0,0,0,0,0,0,0,0,0,0,0,0,0,0,0,0,0,0,0,,0,0,0,0,0,0,0,0,0,,,,,,,,,,,,,,,,,,,,,,,,,,,,,,,0,313,,,,,,,,,,,,,,,,,,,,,,,,,,,,,,,0,
9/1/2026,2025,20261253,48266,13120,NATURAL GAS PIPELINE CO OF AMERICA (KMI),Natural Gas,INTERSTATE,NEBRASKA,0,0,0,0,0,0,0,0,0,0,0,0,0,0,0,0,0,0,0,0,0,0,0,0,0,0,0,0,0,0,0,0,0,0,0,0,0,0,0,0,0,0,0,0,0,0,0,0,0,0,0,0,0,0,0,0,0,0,1,0,0,0,0,0,0,0,0,0,0,0,0,0,0,0,0,0,0,0,0,0,0,0,0,0,0,0,0,0,0,0,0,0,0,0,0,0,0,0,0,0,0,0,0,0,0,0,0,0,0,0,0,0,0,0,0,0,0,0,0,0,0,0,0,0,0,0,0,0,0,0,0,0,0,0,0,0,0,0,0,0,0,0,0,0,0,0,1,0,0,0,0,0,0,0,0,,0,0,0,0,0,0,0,0,0,,,,,,,,,,,,,,,,,,,,,,,,,,,,,,,0,377,,,,,,,,,,,,,,,,,,,,,,,,,,,,,,,0,
9/1/2026,2025,20261253,48266,13120,NATURAL GAS PIPELINE CO OF AMERICA (KMI),Natural Gas,INTERSTATE,NEW MEXICO,0,0,0,0,0,0,0,0,0,0,0,0,0,0,0,0,0,0,0,0,0,0,0,0,0,0,0,0,0,0,0,0,0,0,0,0,0,0,0,0,0,0,0,0,0,0,0,0,0,0,0,0,0,0,0,0,0,0,0,0,0,0,0,0,0,0,0,0,0,0,0,0,0,0,0,0,0,0,0,0,0,0,0,0,0,0,0,0,0,0,0,0,0,0,0,0,0,0,0,0,0,0,0,0,0,0,0,0,0,0,0,0,0,0,0,0,0,0,0,0,0,0,0,0,0,0,0,0,0,0,0,0,0,0,0,0,0,0,0,0,0,0,0,0,0,0,0,0,0,0,0,0,0,0,0,0,0,0,0,0,0,0,0,0,0,,,,,,,,,,,,,,,,,,,,,,,,,,,,,,,0,904,,,,,,,,,,,,,,,,,,,,,,,,,,,,,,,0,63
9/1/2026,2025,20261253,48266,13120,NATURAL GAS PIPELINE CO OF AMERICA (KMI),Natural Gas,INTERSTATE,OKLAHOMA,0,0,0,0,,,0,,,0,,0,0,0,0,,,0,,,0,,0,0,0,0,,,0,,,0,,0,0,0,0,,,0,,,0,,0,0,0,0,,,0,,,0,,0,0,0,0,,,0,,,0,,0,0,0,1,,,0,,,0,,0,0,0,0,,,0,,,0,,0,0,0,0,,,0,,,0,,0,0,0,0,,,0,,,0,,0,0,0,0,,,0,,,0,,0,0,0,0,,,0,,,0,,0,0,0,0,,,0,,,0,,0,0,0,1,,0,,,,0,,0,0,0,,,,0,,0,0,0,,,,,,,,,,,,,,,,,,,,,,,,,,,,,,,0,1277,,,,,,,,,,,,,,,,,,,,,,,,,,,,,,,0,4
9/1/2026,2025,20261253,48266,13120,NATURAL GAS PIPELINE CO OF AMERICA (KMI),Natural Gas,INTERSTATE,TEXAS,0,0,0,1,,,0,0,0,0,,0,0,0,0,,,0,0,0,0,,0,0,0,0,,,0,0,0,0,,0,0,0,0,,,0,0,0,0,,0,0,0,0,,,0,0,0,0,,1,0,0,2,,,0,0,0,0,,0,0,0,0,,,0,0,0,0,,0,0,0,0,,,0,0,0,0,,0,0,0,0,,,0,0,0,0,,0,0,0,0,,,0,0,0,0,,0,0,0,0,,,0,0,0,0,,0,0,0,0,,,0,0,0,0,,0,0,0,0,,,0,0,0,0,,1,0,0,3,,0,,0,0,0,,0,0,0,,0,0,0,,0,0,0,1,,,,,1,,,,,,,,,,,,,,,,,,,,,,,,,1,17750,,,,,,,,,,,,,,,,,,,,,,,,,,,,,,,0,118
9/1/2026,2025,20261253,48266,13120,NATURAL GAS PIPELINE CO OF AMERICA (KMI),Natural Gas,INTRASTATE,INDIANA,0,0,0,0,0,0,0,0,0,0,0,0,0,0,0,0,0,0,0,0,0,0,0,0,0,0,0,0,0,0,0,0,0,0,0,0,0,0,0,0,0,0,0,0,0,0,0,0,0,0,0,0,0,0,0,0,0,0,0,0,0,0,0,0,0,0,0,0,0,0,0,0,0,0,0,0,0,0,0,0,0,0,0,0,0,0,0,0,0,0,0,0,0,0,0,0,0,0,0,0,0,0,0,0,0,0,0,0,0,0,0,0,0,0,0,0,0,0,0,0,0,0,0,0,0,0,0,0,0,0,0,0,0,0,0,0,0,0,0,0,0,0,0,0,0,0,0,0,0,0,0,0,0,0,0,,0,0,0,0,0,0,0,0,0,,,,,,,,,,,,,,,,,,,,,,,,,,,,,,,0,644,,,,,,,,,,,,,,,,,,,,,,,,,,,,,,,0,
9/1/2026,2025,20260280,47238,13180,NEBRASKA CITY UTILITIES,Natural Gas,INTRASTATE,NEBRASKA,0,0,0,0,0,0,0,0,0,0,0,0,0,0,0,0,0,0,0,0,0,0,0,0,0,0,0,0,0,0,0,0,0,0,0,0,0,0,0,0,0,0,0,0,0,0,0,0,0,0,0,0,0,0,0,0,0,0,0,0,0,0,0,0,0,0,0,0,0,0,0,0,0,0,0,0,0,0,0,0,0,0,0,0,0,0,0,0,0,0,0,0,0,0,0,0,0,0,0,0,0,0,0,0,0,0,0,0,0,0,0,0,0,0,0,0,0,0,0,0,0,0,0,0,0,0,0,0,0,0,0,0,0,0,0,0,0,0,0,0,0,0,0,0,0,0,0,0,0,0,0,0,0,0,0,,0,0,0,0,0,0,0,0,0,,,,,,,,,,,,,,,,,,,,,,,,,,,,,,,0,340,,,,,,,,,,,,,,,,,,,,,,,,,,,,,,,0,
9/1/2026,2025,20260825,48554,13299,NEW JERSEY NATURAL GAS CO,Landfill Gas,INTRASTATE,NEW JERSEY,0,0,0,0,,,0,,,,,0,0,0,0,,,0,,,,,0,0,0,0,,,0,,,,,0,0,0,0,,,0,,,,,0,0,0,0,,,0,,,,,0,0,0,0,,,0,,,,,0,0,0,0,,,0,,,,,0,0,0,0,,,0,,,,,0,0,0,0,,,0,,,,,0,0,0,0,,,0,,,,,0,0,0,0,,,0,0,0,0,0,0,0,0,0,,,0,0,0,0,0,0,0,0,0,,,0,0,0,0,0,0,0,0,0,,0,,0,0,0,0,0,,0,,,,,,0,,0,,,,,,,,,,,,,,,,,,,,,,,,,,,,,,,0,2,,,,,,,,,,,,,,,,,,,,,,,,,,,,,,,,
9/1/2026,2025,20260827,48553,13299,NEW JERSEY NATURAL GAS CO,Natural Gas,INTRASTATE,NEW JERSEY,0,0,0,0,,,0,,,,,0,0,0,0,,,0,,,,,0,0,0,0,,,0,,,,,0,0,0,0,,,0,,,,,0,0,0,0,,,0,,,,,0,0,0,0,,,0,,,,,0,0,0,0,,,0,,,,,0,0,0,0,,,0,,,,,0,0,0,0,,,0,,,,,0,0,0,0,,,0,,,,,0,0,0,0,,,0,0,0,0,0,0,0,0,0,,,0,0,0,0,0,0,0,0,0,,,0,0,0,0,0,0,0,0,0,,0,,0,0,0,0,0,,0,,,,,,0,,0,,,,,,,,,,,,,,,,,,,,,,,,,,,,,,,0,2895,,,,,,,,,,,,,,,,,,,,,,,,,,,,,,,,
9/1/2026,2025,20261051,48056,13420,NEW YORK STATE ELECTRIC & GAS CORP,Natural Gas,INTRASTATE,NEW YORK,0,0,0,0,,,0,,,,,0,0,0,0,,,0,,,,,0,0,0,0,,,0,,,,,0,0,0,0,,,0,,,,,0,0,0,0,,,0,,,,,0,0,0,0,,,0,,,,,0,0,0,0,,,0,,,,,0,0,0,0,,,0,,,,,0,0,0,0,,,0,,,,,0,0,0,0,,,0,,,,,0,0,0,0,,,0,,,,,0,0,0,0,,,0,,,,,0,0,0,0,,,0,,,,,0,0,0,0,,0,,,,,,0,,0,,,,,,0,,0,0,0,0,0,0,0,0,0,0,0,0,0,0,0,0,0,0,0,0,0,0,0,0,0,0,0,0,0,0,0,0,54782,,,,,,,,,,,,,,,,,,,,,,,,,,,,,,,,
9/1/2026,2025,20260780,47773,13480,NIAGARA MOHAWK POWER CORP,Natural Gas,INTRASTATE,NEW YORK,0,0,0,0,,,0,,,,,0,0,0,0,,,0,,,,,0,0,0,0,,,0,,,,,0,0,0,0,,,0,,,,,0,0,0,0,,,0,,,,,0,0,0,0,,,0,,,,,0,0,0,0,,,0,,,,,0,0,0,0,,,0,,,,,0,0,0,0,,,0,,,,,0,0,0,0,,,0,,,,,0,0,0,0,,,0,0,0,0,0,0,0,0,0,,,0,0,0,0,0,0,0,0,0,,,0,0,0,0,0,0,0,0,0,,0,,0,0,0,0,,,,,,,,,,,,,,,,,,,,,,,,,,,,,,,,,,,,,,,,,,0,102163,,,,,,,,,,,,,,,,,,,,,,,,,,,,,,,,
9/1/2026,2025,20260295,47253,13535,NORTH ALABAMA GAS DISTRICT,Natural Gas,INTRASTATE,ALABAMA,0,0,0,0,0,0,0,0,0,0,0,0,0,0,0,0,0,0,0,0,0,0,0,0,0,0,0,0,0,0,0,0,0,0,0,0,0,0,0,0,0,0,0,0,0,0,0,0,0,0,0,0,0,0,0,0,0,0,0,0,0,0,0,0,0,0,0,0,0,0,0,0,0,0,0,0,0,0,0,0,0,0,0,0,0,0,0,0,0,0,0,0,0,0,0,0,0,0,0,0,0,0,0,0,0,0,0,0,0,0,0,0,0,0,0,0,0,0,0,0,0,0,0,0,0,0,0,0,0,0,0,0,0,0,0,0,0,0,0,0,0,0,0,0,0,0,0,0,0,0,0,0,0,0,0,,0,0,0,0,0,0,0,0,0,,,,,,,,,,,,,,,,,,,,,,,,,,,,,,,0,68,,,,,,,,,,,,,,,,,,,,,,,,,,,,,,,0,
9/1/2026,2025,20261063,48068,13630,NORTHEAST OKLAHOMA PUBLIC FACILITIES AUTH,Natural Gas,INTRASTATE,OKLAHOMA,0,0,0,0,,,0,,,,,0,0,0,0,,,0,,,,,0,0,0,0,,,0,,,,,0,0,0,0,,,0,,,,,0,0,0,0,,,0,,,,,0,0,0,0,,,0,,,,,0,0,0,0,,,0,,,,,0,0,0,0,,,0,,,,,0,0,0,0,,,0,,,,,0,0,0,0,,,0,,,,,0,0,0,0,,,0,0,0,0,0,0,0,0,0,,,0,0,0,0,0,0,0,0,0,,,0,0,0,0,0,0,0,0,0,,0,,0,0,0,0,0,,0,,,,,,0,,0,,,,,,,,,,,,,,,,,,,,,,,,,,,,,,,0,6944,,,,,,,,,,,,,,,,,,,,,,,,,,,,,,,,
9/1/2026,2025,20261265,48278,13635,NORTHEAST OHIO NATURAL GAS CORP,Natural Gas,INTRASTATE,OHIO,0,0,0,0,0,0,0,0,0,0,0,0,0,0,0,0,0,0,0,0,0,0,0,0,0,0,0,0,0,0,0,0,0,0,0,0,0,0,0,0,0,0,0,0,0,0,0,0,0,0,0,0,0,0,0,0,0,0,0,0,0,0,0,0,0,0,0,0,0,0,0,0,0,0,0,0,0,0,0,0,0,0,0,0,0,0,0,0,0,0,0,0,0,0,0,0,0,0,0,0,0,0,0,0,0,0,0,0,0,0,0,0,0,0,0,0,0,0,0,0,0,0,0,0,0,0,0,0,0,0,0,0,0,0,0,0,0,0,0,0,0,0,0,0,0,0,0,0,0,0,0,0,0,0,0,,0,0,0,0,0,0,0,0,0,,,,,,,,,,,,,,,,,,,,,,,,,,,,,,,0,0,,,,,,,,,,,,,,,,,,,,,,,,,,,,,,,0,
9/1/2026,2025,20260033,46983,13639,NORGASCO INC,Natural Gas,INTRASTATE,ALASKA,0,0,0,0,0,0,0,0,0,0,0,0,0,0,0,0,0,0,0,0,0,0,0,0,0,0,0,0,0,0,0,0,0,0,0,0,0,0,0,0,0,0,0,0,0,0,0,0,0,0,0,0,0,0,0,0,0,0,0,0,0,0,0,0,0,0,0,0,0,0,0,0,0,0,0,0,0,0,0,0,0,0,0,0,0,0,0,0,0,0,0,0,0,0,0,0,0,0,0,0,0,0,0,0,0,0,0,0,0,0,0,0,0,0,0,0,0,0,0,0,0,0,0,0,0,0,0,0,0,0,0,0,0,0,0,0,0,0,0,0,0,0,0,0,0,0,0,0,0,0,0,0,0,0,0,,0,0,0,0,0,0,0,0,0,,,,,,,,,,,,,,,,,,,,,,,,,,,,,,,0,0,,,,,,,,,,,,,,,,,,,,,,,,,,,,,,,0,
9/1/2026,2025,20261203,48216,13660,NORTH SHORE GAS CO,Natural Gas,INTRASTATE,ILLINOIS,0,0,0,0,0,0,0,0,0,0,0,0,0,0,0,0,0,0,0,0,0,0,0,0,0,0,0,0,0,0,0,0,0,0,0,0,0,0,0,0,0,0,0,0,0,0,0,0,0,0,0,0,0,0,0,0,0,0,0,0,0,0,0,0,0,0,0,0,0,0,0,0,0,0,0,0,0,0,0,0,0,0,0,0,0,0,0,0,0,0,0,0,0,0,0,0,0,0,0,0,0,0,0,0,0,0,0,0,0,0,0,0,0,0,0,0,0,0,0,0,0,0,0,0,0,0,0,0,0,0,0,0,0,0,0,0,0,0,0,0,0,0,0,0,0,0,0,0,0,0,0,0,0,0,0,,0,0,0,0,0,0,0,0,0,,,,,,,,,,,,,,,,,,,,,,,,,,,,,,,0,5787,,,,,,,,,,,,,,,,,,,,,,,,,,,,,,,0,
9/1/2026,2025,20261203,48216,13660,NORTH SHORE GAS CO,Natural Gas,INTRASTATE,WISCONSIN,0,0,0,0,,,0,,,,,0,0,0,0,,,0,,,,,0,0,0,0,,,0,,,,,0,0,0,0,,,0,,,,,0,0,0,0,,,0,,,,,0,0,0,0,,,0,,,,,0,0,0,0,,,0,,,,,0,0,0,0,,,0,,,,,0,0,0,0,,,0,,,,,0,0,0,0,,,0,,,,,0,0,0,0,,,0,0,0,0,0,0,0,0,0,,,0,0,0,0,0,0,0,0,0,,,0,0,0,0,0,0,0,0,0,,0,,0,0,0,0,0,,0,0,0,0,0,0,0,0,0,,,,,,,,,,,,,,,,,,,,,,,,,,,,,,,0,757,,,,,,,,,,,,,,,,,,,,,,,,,,,,,,,0,
9/1/2026,2025,20261388,48404,13710,NORTHERN ILLINOIS GAS CO,Natural Gas,INTRASTATE,ILLINOIS,0,0,0,0,0,0,0,0,0,0,0,0,0,0,0,0,0,0,0,0,0,0,0,0,0,0,0,0,0,0,0,0,0,0,0,0,0,0,0,0,0,0,0,0,0,0,0,0,0,0,0,0,0,0,0,29,3,0,29,0,0,0,0,0,0,0,0,0,0,0,0,0,0,0,0,0,0,0,0,0,0,0,0,0,0,0,0,0,0,0,0,0,0,0,0,0,0,0,0,0,0,0,0,0,0,0,0,0,0,0,0,0,0,0,0,0,0,0,0,0,0,0,0,0,0,0,0,0,0,0,0,0,0,0,0,0,0,0,0,0,0,0,0,29,3,0,29,0,0,0,0,0,0,0,0,,0,0,0,0,0,0,0,0,0,0,0,0,0,0,0,0,0,0,0,0,0,0,0,0,0,0,0,0,0,0,0,0,0,0,0,0,0,0,0,0,26865,,,,,,,,,,,,,,,,,,,,,,,,,,,,,,,0,
9/1/2026,2025,20260635,47620,13725,NORTHERN INDUSTRIAL ENERGY DEVELOPMENT INC,Natural Gas,INTRASTATE,OHIO,0,0,0,0,0,0,0,0,0,0,0,0,0,0,0,0,0,0,0,0,0,0,0,0,0,0,0,0,0,0,0,0,0,0,0,0,0,0,0,0,0,0,0,0,0,0,0,0,0,0,0,0,0,0,0,0,0,0,0,0,0,0,0,0,0,0,0,0,0,0,0,0,0,0,0,0,0,0,0,0,0,0,0,0,0,0,0,0,0,0,0,0,0,0,0,0,0,0,0,0,0,0,0,0,0,0,0,0,0,0,0,0,0,0,0,0,0,0,0,0,0,0,0,0,0,0,0,0,0,0,0,0,0,0,0,0,0,0,0,0,0,0,0,0,0,0,0,0,0,0,0,0,0,0,0,0,0,0,0,0,0,0,0,0,0,,,,,,,,,,,,,,,,,,,,,,,,,,,,,,,0,358,,,,,,,,,,,,,,,,,,,,,,,,,,,,,,,0,1
9/1/2026,2025,20261271,48284,13730,NORTHERN INDIANA PUBLIC SERVICE CO,Natural Gas,INTRASTATE,INDIANA,0,0,0,2,,,0,,,,,0,0,0,0,,,0,,,,,0,0,0,0,,,0,,,,,0,0,0,0,,,0,,,,,0,0,0,0,,,0,,,,,0,0,0,0,,,0,,,,,0,0,0,1,,,0,,,,,0,0,0,0,,,0,,,,,0,0,0,0,,,0,,,,,0,0,0,0,,,0,,,,,0,0,0,0,,,0,0,0,0,0,0,0,0,0,,,0,0,0,0,0,0,0,0,0,,,0,0,0,0,0,0,0,0,3,,0,,0,0,0,0,8,,0,,,,,,0,,0,262,13,76,54,,405,284,88,19,2,30,,423,,,1,,1,2,36,38,1,6,1,5,,12,19,25,145,974,628803,,,,,,,,,,,,,,,,,,,,,,,,,,,,,,,,
9/1/2026,2025,20260820,47814,13750,NORTHERN NATURAL GAS CO,Natural Gas,INTERSTATE,ILLINOIS,0,0,0,0,,,0,,,,,0,0,0,0,,,0,,,,,0,0,0,0,,,0,,,,,0,0,0,0,,,0,,,,,0,0,0,0,,,0,,,,,0,0,0,0,,,0,,,,,0,0,0,0,,,0,,,,,0,0,0,0,,,0,,,,,0,0,0,0,,,0,,,,,0,0,0,0,,,0,,,,,0,0,0,0,,,0,0,0,0,0,0,0,0,0,,,0,0,0,0,0,0,0,0,0,,,0,0,0,0,0,0,0,0,0,,0,,0,0,0,0,0,,0,,,,,,0,,0,,,,,,,,,,,,,,,,,,,,,,,,,,,,,,,0,182,,,,,,,,,,,,,,,,,,,,,,,,,,,,,,,,
9/1/2026,2025,20260820,47814,13750,NORTHERN NATURAL GAS CO,Natural Gas,INTERSTATE,IOWA,0,0,0,1,,,0,,,,,0,0,0,0,,,0,,,,,0,0,0,0,,,0,,,,,0,0,0,0,,,0,,,,,0,0,0,2,,,0,,,,,0,0,0,4,,,0,,,,,0,0,0,0,,,0,,,,,0,0,0,0,,,0,,,,,0,0,0,0,,,0,,,,,0,0,0,0,,,0,,,,,0,0,0,1,,,0,0,0,0,0,0,0,0,0,,,0,0,0,0,0,0,0,0,0,,,0,0,0,0,0,0,0,0,8,,0,,0,0,0,0,0,,0,,,,,,0,,0,,,,,,,,,,,,,,,,,,,,,,,,,,,,,,,0,13885,,,,,,,,,,,,,,,,,,,,,,,,,,,,,,,0,
9/1/2026,2025,20260820,47814,13750,NORTHERN NATURAL GAS CO,Natural Gas,INTERSTATE,KANSAS,0,0,0,0,0,0,0,0,0,0,0,0,0,0,0,0,0,0,0,0,0,0,0,0,0,0,0,0,0,0,0,0,0,0,0,0,0,0,0,0,0,0,0,0,0,0,0,1,0,0,0,0,0,0,0,0,0,0,1,0,0,0,0,0,0,0,0,0,0,0,0,0,0,0,0,0,0,0,0,0,0,0,0,0,0,0,0,0,0,0,0,0,0,0,0,0,0,0,0,0,0,0,0,0,0,0,0,0,0,0,0,0,0,0,0,0,0,0,0,0,0,0,0,0,0,0,0,0,0,0,0,0,0,0,0,0,0,0,0,0,0,0,0,0,0,0,2,0,0,0,0,0,0,0,0,,0,0,0,0,0,0,0,0,0,,,,,,,,,,,,,,,,,,,,,,,,,,,,,,,0,2451,,,,,,,,,,,,,,,,,,,,,,,,,,,,,,,0,
9/1/2026,2025,20260820,47814,13750,NORTHERN NATURAL GAS CO,Natural Gas,INTERSTATE,MICHIGAN,0,0,0,0,0,0,0,0,0,0,0,0,0,0,0,0,0,0,0,0,0,0,0,0,0,0,0,0,0,0,0,0,0,0,0,0,0,0,0,0,0,0,0,0,0,0,0,0,0,0,0,0,0,0,0,0,0,0,0,0,0,0,0,0,0,0,0,0,0,0,0,0,0,0,0,0,0,0,0,0,0,0,0,0,0,0,0,0,0,0,0,0,0,0,0,0,0,0,0,0,0,0,0,0,0,0,0,0,0,0,0,0,0,0,0,0,0,0,0,0,0,0,0,0,0,0,0,0,0,0,0,0,0,0,0,0,0,0,0,0,0,0,0,0,0,0,0,0,0,0,0,0,0,0,0,,0,0,0,0,0,0,0,0,0,,,,,,,,,,,,,,,,,,,,,,,,,,,,,,,0,763,,,,,,,,,,,,,,,,,,,,,,,,,,,,,,,0,
9/1/2026,2025,20260820,47814,13750,NORTHERN NATURAL GAS CO,Natural Gas,INTERSTATE,MINNESOTA,0,0,0,0,0,0,0,0,0,0,0,0,0,0,0,0,0,0,0,0,0,0,0,0,0,0,0,0,0,0,0,0,0,0,0,0,0,0,0,0,0,0,0,0,0,0,0,2,0,0,0,0,0,0,0,0,0,0,8,0,0,0,0,0,0,0,0,0,0,0,0,0,0,0,0,0,0,0,0,0,0,0,0,0,0,0,0,0,0,0,0,0,0,0,0,0,0,0,0,0,0,0,0,0,0,0,0,0,0,0,0,0,0,0,0,0,0,0,0,0,0,0,0,0,1,0,0,0,0,0,0,0,0,0,0,0,0,0,0,0,0,0,0,0,0,0,11,0,0,0,0,0,0,0,4,,0,0,0,0,0,0,0,0,0,,,,,,,,,,,,,,,,,,,,,,,,,,,,,,,0,32542,,,,,,,,,,,,,,,,,,,,,,,,,,,,,,,0,
9/1/2026,2025,20260820,47814,13750,NORTHERN NATURAL GAS CO,Natural Gas,INTERSTATE,NEBRASKA,0,0,0,1,0,0,0,0,0,0,0,0,0,0,0,0,0,0,0,0,0,0,0,0,0,0,0,0,0,0,0,0,0,0,0,0,1,0,0,0,0,0,0,0,0,0,0,2,0,0,0,0,0,0,0,0,0,0,3,0,0,0,0,0,0,0,0,0,0,0,0,0,0,0,0,0,0,0,0,0,0,0,0,0,0,0,0,0,0,0,0,0,0,0,0,0,0,0,0,0,0,0,0,0,0,0,0,0,0,0,0,0,0,0,0,0,0,0,0,0,0,0,0,0,0,0,0,0,0,0,0,0,0,0,0,0,0,0,0,0,0,0,0,0,0,0,7,0,0,0,0,0,0,0,1,,0,0,0,0,0,0,0,0,0,2,,,,,2,,,,,,,,,,,,,,,,,,,,,,,,,2,13891,,,,,,,,,,,,,,,,,,,,,,,,,,,,,,,0,
9/1/2026,2025,20260820,47814,13750,NORTHERN NATURAL GAS CO,Natural Gas,INTERSTATE,NEW MEXICO,0,0,0,0,0,0,0,0,0,0,0,0,0,0,0,0,0,0,0,0,0,0,0,0,0,0,0,0,0,0,0,0,0,0,0,0,0,0,0,0,0,0,0,0,0,0,0,0,0,0,0,0,0,0,0,0,0,0,0,0,0,0,0,0,0,0,0,0,0,0,0,0,0,0,0,0,0,0,0,0,0,0,0,0,0,0,0,0,0,0,0,0,0,0,0,0,0,0,0,0,0,0,0,0,0,0,0,0,0,0,0,0,0,0,0,0,0,0,0,0,0,0,0,0,0,0,0,0,0,0,0,0,0,0,0,0,0,0,0,0,0,0,0,0,0,0,0,0,0,0,0,0,0,0,0,,0,0,0,0,0,0,0,0,0,,,,,,,,,,,,,,,,,,,,,,,,,,,,,,,0,459,,,,,,,,,,,,,,,,,,,,,,,,,,,,,,,0,
9/1/2026,2025,20260820,47814,13750,NORTHERN NATURAL GAS CO,Natural Gas,INTERSTATE,OKLAHOMA,0,0,0,1,0,0,0,0,0,0,0,0,0,0,0,0,0,0,0,0,0,0,0,0,0,0,0,0,0,0,0,0,0,0,0,0,0,0,0,0,0,0,0,0,0,0,0,1,0,0,0,0,0,0,0,0,0,0,0,0,0,0,0,0,0,0,0,0,0,0,0,0,0,0,0,0,0,0,0,0,0,0,0,0,0,0,0,0,0,0,0,0,0,0,0,0,0,0,0,0,0,0,0,0,0,0,0,0,0,0,0,0,0,0,0,0,0,0,0,0,0,0,0,0,0,0,0,0,0,0,0,0,0,0,0,0,0,0,0,0,0,0,0,0,0,0,2,0,0,0,0,0,0,0,0,,0,0,0,0,0,0,0,0,0,,,,,,,,,,,,,,,,,,,,,,,,,,,,,,,0,403,,,,,,,,,,,,,,,,,,,,,,,,,,,,,,,0,
9/1/2026,2025,20260820,47814,13750,NORTHERN NATURAL GAS CO,Natural Gas,INTERSTATE,SOUTH DAKOTA,0,0,0,1,,,0,,,,,0,0,0,0,,,0,,,,,0,0,0,0,,,0,,,,,0,0,0,0,,,0,,,,,0,0,0,0,,,0,,,,,0,0,0,1,,,0,,,,,0,0,0,0,,,0,,,,,0,0,0,0,,,0,,,,,0,0,0,0,,,0,,,,,0,0,0,0,,,0,,,,,0,0,0,0,,,0,0,0,0,0,0,0,0,0,,,0,0,0,0,0,0,0,0,0,,,0,0,0,0,0,0,0,0,2,,0,,0,0,0,0,0,,0,,,,,,0,,0,,,1,,,1,,,,,,,,,,,,,,,,,,,,,,,,,1,4643,,,,,,,,,,,,,,,,,,,,,,,,,,,,,,,,
9/1/2026,2025,20260820,47814,13750,NORTHERN NATURAL GAS CO,Natural Gas,INTERSTATE,TEXAS,0,0,0,0,,,0,,,,,0,0,0,0,,,0,,,,,0,0,0,0,,,0,,,,,0,0,0,0,,,0,,,,,0,0,0,0,,,0,,,,,0,0,0,1,,,0,,,,,0,0,0,0,,,0,,,,,0,0,0,0,,,0,,,,,0,0,0,0,,,0,,,,,0,0,0,0,,,0,,,,,0,0,0,0,,,0,0,0,0,0,0,0,0,0,,,0,0,0,0,0,0,0,0,0,,,0,0,0,0,0,0,0,0,1,,0,,0,0,0,0,0,,0,,,,,,0,,0,,,,,,,,,,,,,,,,,,,,,,,,,,,,,,,0,6310,,,,,,,,,,,,,,,,,,,,,,,,,,,,,,,,
9/1/2026,2025,20260820,47814,13750,NORTHERN NATURAL GAS CO,Natural Gas,INTERSTATE,WISCONSIN,0,0,0,0,,,0,,,,,0,0,0,0,,,0,,,,,0,0,0,0,,,0,,,,,0,0,0,0,,,0,,,,,0,0,0,0,,,0,,,,,0,0,0,0,,,0,,,,,0,0,0,0,,,0,,,,,0,0,0,0,,,0,,,,,0,0,0,0,,,0,,,,,0,0,0,0,,,0,,,,,0,0,0,0,,,0,0,0,0,0,0,0,0,0,,,0,0,0,0,0,0,0,0,0,,,0,0,0,0,0,0,0,0,0,,0,,0,0,0,0,0,,0,,,,,,0,,0,,,,,,,,,,,,,,,,,,,,,,,,,,,,,,,0,5492,,,,,,,,,,,,,,,,,,,,,,,,,,,,,,,,
9/1/2026,2025,20260820,47814,13750,NORTHERN NATURAL GAS CO,Natural Gas,INTRASTATE,TEXAS,0,0,0,0,0,0,0,0,0,0,0,0,0,0,0,0,0,0,0,0,0,0,0,0,0,0,0,0,0,0,0,0,0,0,0,0,0,0,0,0,0,0,0,0,0,0,0,0,0,0,0,0,0,0,0,0,0,0,0,0,0,0,0,0,0,0,0,0,0,0,0,0,0,0,0,0,0,0,0,0,0,0,0,0,0,0,0,0,0,0,0,0,0,0,0,0,0,0,0,0,0,0,0,0,0,0,0,0,0,0,0,0,0,0,0,0,0,0,0,0,0,0,0,0,0,0,0,0,0,0,0,0,0,0,0,0,0,0,0,0,0,0,0,0,0,0,0,0,0,0,0,0,0,0,0,,0,0,0,0,0,0,0,0,0,,,,,,,,,,,,,,,,,,,,,,,,,,,,,,,0,22,,,,,,,,,,,,,,,,,,,,,,,,,,,,,,,0,
9/1/2026,2025,20260616,47600,13769,NORTHERN BORDER PIPELINE COMPANY,Natural Gas,INTERSTATE,ILLINOIS,0,0,0,0,,,0,,,,,0,0,0,0,,,0,,,,,0,0,0,0,,,0,,,,,0,0,0,0,,,0,,,,,0,0,0,0,,,0,,,,,0,0,0,0,,,0,,,,,0,0,0,0,,,0,,,,,0,0,0,0,,,0,,,,,0,0,0,0,,,0,,,,,0,0,0,0,,,0,,,,,0,0,0,0,,,0,0,0,0,0,0,0,0,0,,,0,0,0,0,0,0,0,0,0,,,0,0,0,0,0,0,0,0,0,,0,,0,0,0,0,0,,0,,,,,,0,,0,,,,,,,,,,,,,,,,,,,,,,,,,,,,,,,0,2871,,,,,,,,,,,,,,,,,,,,,,,,,,,,,,,,
9/1/2026,2025,20260616,47600,13769,NORTHERN BORDER PIPELINE COMPANY,Natural Gas,INTERSTATE,INDIANA,0,0,0,0,,,0,,,,,0,0,0,0,,,0,,,,,0,0,0,0,,,0,,,,,0,0,0,0,,,0,,,,,0,0,0,0,,,0,,,,,0,0,0,0,,,0,,,,,0,0,0,0,,,0,,,,,0,0,0,0,,,0,,,,,0,0,0,0,,,0,,,,,0,0,0,0,,,0,,,,,0,0,0,0,,,0,0,0,0,0,0,0,0,0,,,0,0,0,0,0,0,0,0,0,,,0,0,0,0,0,0,0,0,0,,0,,0,0,0,0,0,,0,,,,,,0,,0,,,,,,,,,,,,,,,,,,,,,,,,,,,,,,,0,0,,,,,,,,,,,,,,,,,,,,,,,,,,,,,,,,
9/1/2026,2025,20260616,47600,13769,NORTHERN BORDER PIPELINE COMPANY,Natural Gas,INTERSTATE,IOWA,0,0,0,0,,,0,,,,,0,0,0,0,,,0,,,,,0,0,0,0,,,0,,,,,0,0,0,0,,,0,,,,,0,0,0,0,,,0,,,,,0,0,0,0,,,0,,,,,0,0,0,0,,,0,,,,,0,0,0,0,,,0,,,,,0,0,0,0,,,0,,,,,0,0,0,0,,,0,,,,,0,0,0,0,,,0,0,0,0,0,0,0,0,0,,,0,0,0,0,0,0,0,0,0,,,0,0,0,0,0,0,0,0,0,,0,,0,0,0,0,0,,0,,,,,,0,,0,,,,,,,,,,,,,,,,,,,,,,,,,,,,,,,0,1105,,,,,,,,,,,,,,,,,,,,,,,,,,,,,,,,
9/1/2026,2025,20260616,47600,13769,NORTHERN BORDER PIPELINE COMPANY,Natural Gas,INTERSTATE,MINNESOTA,0,0,0,0,,,0,,,,,0,0,0,0,,,0,,,,,0,0,0,0,,,0,,,,,0,0,0,0,,,0,,,,,0,0,0,0,,,0,,,,,0,0,0,0,,,0,,,,,0,0,0,0,,,0,,,,,0,0,0,0,,,0,,,,,0,0,0,0,,,0,,,,,0,0,0,0,,,0,,,,,0,0,0,0,,,0,0,0,0,0,0,0,0,0,,,0,0,0,0,0,0,0,0,0,,,0,0,0,0,0,0,0,0,0,,0,,0,0,0,0,0,,0,,,,,,0,,0,,,,,,,,,,,,,,,,,,,,,,,,,,,,,,,0,271,,,,,,,,,,,,,,,,,,,,,,,,,,,,,,,,
9/1/2026,2025,20260616,47600,13769,NORTHERN BORDER PIPELINE COMPANY,Natural Gas,INTERSTATE,MONTANA,0,0,0,0,,,0,,,,,0,0,0,0,,,0,,,,,0,0,0,0,,,0,,,,,0,0,0,0,,,0,,,,,0,0,0,0,,,0,,,,,0,0,0,0,,,0,,,,,0,0,0,0,,,0,,,,,0,0,0,0,,,0,,,,,0,0,0,0,,,0,,,,,0,0,0,0,,,0,,,,,0,0,0,0,,,0,0,0,0,0,0,0,0,0,,,0,0,0,0,0,0,0,0,0,,,0,0,0,0,0,0,0,0,0,,0,,0,0,0,0,0,,0,,,,,,0,,0,,,,,,,,,,,,,,,,,,,,,,,,,,,,,,,0,112,,,,,,,,,,,,,,,,,,,,,,,,,,,,,,,,
9/1/2026,2025,20260616,47600,13769,NORTHERN BORDER PIPELINE COMPANY,Natural Gas,INTERSTATE,NORTH DAKOTA,0,0,0,0,,,0,,,,,0,0,0,0,,,0,,,,,0,0,0,0,,,0,,,,,0,0,0,0,,,0,,,,,0,0,0,0,,,0,,,,,0,0,0,0,,,0,,,,,0,0,0,0,,,0,,,,,0,0,0,0,,,0,,,,,0,0,0,0,,,0,,,,,0,0,0,0,,,0,,,,,0,0,0,0,,,0,0,0,0,0,0,0,0,0,,,0,0,0,0,0,0,0,0,0,,,0,0,0,0,0,0,0,0,0,,0,,0,0,0,0,0,,0,,,,,,0,,0,,,,,,,,,,,,,,,,,,,,,,,,,,,,,,,0,922,,,,,,,,,,,,,,,,,,,,,,,,,,,,,,,,
9/1/2026,2025,20260616,47600,13769,NORTHERN BORDER PIPELINE COMPANY,Natural Gas,INTERSTATE,SOUTH DAKOTA,0,0,0,0,,,0,,,,,0,0,0,0,,,0,,,,,0,0,0,0,,,0,,,,,0,0,0,0,,,0,,,,,0,0,0,0,,,0,,,,,0,0,0,0,,,0,,,,,0,0,0,0,,,0,,,,,0,0,0,0,,,0,,,,,0,0,0,0,,,0,,,,,0,0,0,0,,,0,,,,,0,0,0,0,,,0,0,0,0,0,0,0,0,0,,,0,0,0,0,0,0,0,0,0,,,0,0,0,0,0,0,0,0,0,,0,,0,0,0,0,0,,0,,,,,,0,,0,,,,,,,,,,,,,,,,,,,,,,,,,,,,,,,0,218,,,,,,,,,,,,,,,,,,,,,,,,,,,,,,,,
9/1/2026,2025,20261012,48015,13783,NORTHERN STATES POWER CO OF WISCONSIN,Natural Gas,INTRASTATE,WISCONSIN,0,0,0,0,0,0,0,0,0,0,0,0,0,0,0,0,0,0,0,0,0,0,0,0,0,0,0,0,0,0,0,0,0,0,0,0,0,0,0,0,0,0,0,0,0,0,0,0,0,0,0,0,0,0,0,0,0,0,0,0,0,0,0,0,0,0,0,0,0,0,0,0,0,0,0,0,0,0,0,0,0,0,0,0,0,0,0,0,0,0,0,0,0,0,0,0,0,0,0,0,0,0,0,0,0,0,0,0,0,0,0,0,0,0,0,0,0,0,0,0,0,0,0,0,0,0,0,0,0,0,0,0,0,0,0,0,0,0,0,0,0,0,0,0,0,0,0,0,0,0,0,0,0,0,0,,0,0,0,0,0,0,0,0,0,,,,,,,,,,,,,,,,,,,,,,,,,,,,,,,0,14,,,,,,,,,,,,,,,,,,,,,,,,,,,,,,,0,
9/1/2026,2025,20260603,47586,13840,NORTHWEST NATURAL GAS CO,Natural Gas,INTRASTATE,OREGON,0,0,0,0,,,0,,,,,0,0,0,0,,,0,,,,,0,0,0,0,,,0,,,,,0,0,0,0,,,0,,,,,1,0,0,0,,,0,,,,,1,1,0,1,,,0,,,,,0,0,0,0,,,0,,,,,0,0,0,0,,,0,,,,,0,0,0,0,,,0,,,,,0,0,0,0,,,0,,,,,0,0,0,0,,,0,0,0,0,0,0,0,0,0,,,0,0,0,0,0,0,0,0,0,,,0,0,0,0,0,2,1,0,1,,0,,0,0,0,0,0,,0,,,,,,0,,0,1,0,0,0,0,1,0,1,1,0,0,2,4,0,0,0,0,0,0,0,0,0,0,0,0,0,0,0,0,0,5,230245,,,,,,,,,,,,,,,,,,,,,,,,,,,,,,,,
9/1/2026,2025,20260603,47586,13840,NORTHWEST NATURAL GAS CO,Natural Gas,INTRASTATE,WASHINGTON,0,0,0,0,0,0,0,0,0,0,0,0,0,0,0,0,0,0,0,0,0,0,0,0,0,0,0,0,0,0,0,0,0,0,0,0,0,0,0,0,0,0,0,0,0,0,0,0,0,0,0,0,0,0,0,0,0,0,0,0,0,0,0,0,0,0,0,0,0,0,0,0,0,0,0,0,0,0,0,0,0,0,0,0,0,0,0,0,0,0,0,0,0,0,0,0,0,0,0,0,0,0,0,0,0,0,0,0,0,0,0,0,0,0,0,0,0,0,0,0,0,0,0,0,0,0,0,0,0,0,0,0,0,0,0,0,0,0,0,0,0,0,0,0,0,0,0,0,0,0,0,0,0,0,0,,0,0,0,0,0,0,0,0,0,0,0,0,0,0,0,0,0,1,0,0,0,1,0,0,0,0,0,0,0,0,0,0,0,0,0,0,0,0,0,1,32476,,,,,,,,,,,,,,,,,,,,,,,,,,,,,,,0,
9/1/2026,2025,20260598,47581,13845,NORTHWEST PIPELINE LLC,Natural Gas,INTERSTATE,COLORADO,0,0,0,0,0,0,0,0,0,0,0,0,0,0,0,0,0,0,0,0,0,0,0,0,0,0,0,0,0,0,0,0,0,0,0,0,0,0,0,0,0,0,0,0,0,0,0,0,0,0,0,0,0,0,0,0,0,0,1,0,0,0,0,0,0,0,0,0,0,0,0,0,0,0,0,0,0,0,0,0,0,0,0,0,0,0,0,0,0,0,0,0,0,0,0,0,0,0,0,0,0,0,0,0,0,0,0,0,0,0,0,0,0,0,0,0,0,0,0,0,0,0,0,0,0,0,0,0,0,0,0,0,0,0,0,0,0,0,0,0,0,0,0,0,0,0,1,0,0,0,0,0,0,0,,,,,,,,,,,,,,,,,,,,,,,,,,,,,,,,,,,,,,,,,,0,617,,,,,,,,,,,,,,,,,,,,,,,,,,,,,,,,
9/1/2026,2025,20260598,47581,13845,NORTHWEST PIPELINE LLC,Natural Gas,INTERSTATE,IDAHO,0,0,0,0,0,0,0,0,0,0,0,0,0,0,0,0,0,0,0,0,0,0,0,0,0,0,0,0,0,0,0,0,0,0,0,0,0,0,0,0,0,0,0,0,0,0,0,0,0,0,0,0,0,0,0,0,0,0,5,0,0,0,0,0,0,0,0,0,0,0,0,0,0,0,0,0,0,0,0,0,0,0,0,0,0,0,0,0,0,0,0,0,0,0,0,0,0,0,0,0,0,0,0,0,0,0,0,0,0,0,0,0,0,1,0,0,0,0,0,0,0,0,0,0,1,0,0,0,0,0,0,0,0,0,0,0,0,0,0,0,0,0,0,0,0,0,7,0,0,0,0,0,0,0,,,,,,,,,,,,,,,,,,,,,,,,,,,,,,,,,,,,,,,,,,0,3949,,,,,,,,,,,,,,,,,,,,,,,,,,,,,,,,
9/1/2026,2025,20260598,47581,13845,NORTHWEST PIPELINE LLC,Natural Gas,INTERSTATE,OREGON,0,0,0,0,0,0,0,0,0,0,0,0,0,0,0,0,0,0,0,0,0,0,0,0,0,0,0,0,0,0,0,0,0,0,0,0,0,0,0,0,0,0,0,0,0,0,0,0,0,0,0,0,0,0,0,0,0,0,7,0,0,0,0,0,0,0,0,0,0,0,0,0,0,0,0,0,0,0,0,0,0,0,0,0,0,0,0,0,0,0,0,0,0,0,0,0,0,0,0,0,0,0,0,0,0,0,0,0,0,0,0,0,0,0,0,0,0,0,0,0,0,0,0,0,0,0,0,0,0,0,0,0,0,0,0,0,0,0,0,0,0,0,0,0,0,0,7,0,0,0,0,0,0,0,,,,,,,,,,,,,,,,,,,,,,,,,,,,,,,,,,,,,,,,,,0,3003,,,,,,,,,,,,,,,,,,,,,,,,,,,,,,,,
9/1/2026,2025,20260598,47581,13845,NORTHWEST PIPELINE LLC,Natural Gas,INTERSTATE,UTAH,0,0,0,0,0,0,0,0,0,0,0,0,0,0,0,0,0,0,0,0,0,0,0,0,0,0,0,0,0,0,0,0,0,0,0,0,0,0,0,0,0,0,0,0,0,0,0,0,0,0,0,0,0,0,0,0,0,0,5,0,0,0,0,0,0,0,0,0,0,0,0,0,0,0,0,0,0,0,0,0,0,0,0,0,0,0,0,0,0,0,0,0,0,0,0,0,0,0,0,0,0,0,0,0,0,0,0,0,0,0,0,0,0,0,0,0,0,0,0,0,0,0,0,0,0,0,0,0,0,0,0,0,0,0,0,0,0,0,0,0,0,0,0,0,0,0,5,0,0,0,0,0,0,0,,,,,,,,,,,,,,,,,,,,,,,,,,,,,,,,,,,,,,,,,,0,463,,,,,,,,,,,,,,,,,,,,,,,,,,,,,,,,
9/1/2026,2025,20260598,47581,13845,NORTHWEST PIPELINE LLC,Natural Gas,INTERSTATE,WASHINGTON,0,0,0,0,0,0,0,0,0,0,0,0,0,0,0,0,0,0,0,0,0,0,0,0,0,0,0,0,0,0,0,0,0,0,0,0,2,0,0,0,0,0,0,0,0,0,0,0,0,0,0,0,0,0,0,2,0,0,6,0,0,0,0,0,0,0,0,0,0,3,0,0,0,0,0,0,0,0,0,0,0,0,0,0,0,0,0,0,0,0,0,0,0,0,0,0,0,0,0,0,0,0,0,0,0,0,0,0,0,0,0,0,0,0,0,0,0,0,0,0,0,0,0,0,0,0,0,0,0,0,0,0,0,0,0,1,0,0,0,0,0,0,0,2,0,0,12,0,0,0,0,0,0,0,,,,,,,,,,,,,,,,,,,,,,,,,,,,,,,,,,,,,,,,,,0,7723,,,,,,,,,,,,,,,,,,,,,,,,,,,,,,,,
9/1/2026,2025,20260598,47581,13845,NORTHWEST PIPELINE LLC,Natural Gas,INTERSTATE,WYOMING,0,0,0,0,0,0,0,0,0,0,0,0,0,0,0,0,0,0,0,0,0,0,0,0,0,0,0,0,0,0,0,0,0,0,0,0,2,0,0,0,0,0,0,0,0,0,0,0,0,0,0,0,0,0,0,3,0,0,6,0,0,0,0,0,0,0,0,0,0,3,0,0,0,0,0,0,0,0,0,0,0,0,0,0,0,0,0,0,0,0,0,0,0,0,0,0,0,0,0,0,0,0,0,0,0,0,0,0,0,0,0,0,0,0,0,0,0,0,0,0,0,0,0,0,0,0,0,0,0,0,0,0,0,0,0,1,0,0,0,0,0,0,0,3,0,0,12,0,0,0,0,0,0,0,,,,,,,,,,,,,,,,,,,,,,,,,,,,,,,,,,,,,,,,,,0,443,,,,,,,,,,,,,,,,,,,,,,,,,,,,,,,,
9/1/2026,2025,20260169,47124,14180,OHIO VALLEY GAS CORP,Natural Gas,INTRASTATE,INDIANA,0,0,0,0,0,0,0,0,0,0,0,0,0,0,0,0,0,0,0,0,0,0,0,0,0,0,0,0,0,0,0,0,0,0,0,0,0,0,0,0,0,0,0,0,0,0,0,0,0,0,0,0,0,0,0,0,0,0,0,0,0,0,0,0,0,0,0,0,0,0,0,0,0,0,0,0,0,0,0,0,0,0,0,0,0,0,0,0,0,0,0,0,0,0,0,0,0,0,0,0,0,0,0,0,0,0,0,0,0,0,0,0,0,0,0,0,0,0,0,0,0,0,0,0,0,0,0,0,0,0,0,0,0,0,0,0,0,0,0,0,0,0,0,0,0,0,0,0,0,0,0,0,0,0,0,,0,0,0,0,0,0,0,0,0,0,0,0,0,0,0,0,0,0,0,0,0,0,0,0,0,0,0,0,0,0,0,0,0,0,0,0,0,0,0,0,26395,,,,,,,,,,,,,,,,,,,,,,,,,,,,,,,0,
9/1/2026,2025,20260930,47944,14200,OKALOOSA COUNTY GAS DISTRICT,Natural Gas,INTRASTATE,FLORIDA,0,0,0,0,0,0,0,0,0,0,0,0,0,0,0,0,0,0,0,0,0,0,0,0,0,0,0,0,0,0,0,0,0,0,0,0,0,0,0,0,0,0,0,0,0,0,0,0,0,0,0,0,0,0,0,0,0,0,0,0,0,0,0,0,0,0,0,0,0,0,0,0,0,0,0,0,0,0,0,0,0,0,0,0,0,0,0,0,0,0,0,0,0,0,0,0,0,0,0,0,0,0,0,0,0,0,0,0,0,0,0,0,0,0,0,0,0,0,0,0,0,0,0,0,0,0,0,0,0,0,0,0,0,0,0,0,0,0,0,0,0,0,0,0,0,0,0,0,0,0,0,0,0,0,0,,0,0,0,0,0,0,0,0,0,,,,,,,,,,,,,,,,,,,,,,,,,,,,,,,0,224,,,,,,,,,,,,,,,,,,,,,,,,,,,,,,,0,
9/1/2026,2025,20260552,47532,14210,"OKLAHOMA NATURAL GAS COMPANY, A DIVISION OF ONE GAS, INC.",Natural Gas,INTRASTATE,OKLAHOMA,0,0,0,0,,,0,,,,,0,0,0,0,,,0,,,,,0,0,0,0,,,0,,,,,0,0,0,0,,,0,,,,,0,0,0,0,,,0,,,,,3,0,1,2,,,0,,,,,0,0,0,0,,,0,,,,,0,0,0,0,,,0,,,,,0,0,0,0,,,0,,,,,0,0,0,0,,,0,,,,,0,0,0,0,,,0,,,,,0,0,0,0,,,0,,,,,0,0,0,0,,,0,,,,,3,0,1,2,,0,,,,,,0,,0,,,,,,0,,0,0,0,0,0,0,0,0,0,0,0,0,0,0,0,0,0,0,0,0,0,0,0,0,0,0,0,0,0,0,0,0,7650,,,,,,,,,,,,,,,,,,,,,,,,,,,,,,,,
9/1/2026,2025,20260657,47642,14330,ORANGE & ROCKLAND UTILITY INC,Natural Gas,INTRASTATE,NEW YORK,0,0,0,0,0,0,0,0,0,0,0,0,0,0,0,0,0,0,0,0,0,0,0,0,0,0,0,0,0,0,0,0,0,0,0,0,0,0,0,0,0,0,0,0,0,0,0,0,0,0,0,0,0,0,0,0,0,0,0,0,0,0,0,0,0,0,0,0,0,0,0,0,0,0,0,0,0,0,0,0,0,0,0,0,0,0,0,0,0,0,0,0,0,0,0,0,0,0,0,0,0,0,0,0,0,0,0,0,0,0,0,0,0,0,0,0,0,0,0,0,0,0,0,0,0,0,0,0,0,0,0,0,0,0,0,0,0,0,0,0,0,0,0,0,0,0,0,0,0,0,0,0,0,0,0,,0,0,0,0,0,0,0,0,0,,,,,,,,,,,,,,,,,,,,,,,,,,,,,,,0,3,,,,,,,,,,,,,,,,,,,,,,,,,,,,,,,0,
9/1/2026,2025,20260845,48496,14356,"ORBIT GAS TRANSMISSION, INC.",Natural Gas,INTRASTATE,INDIANA,0,0,0,0,0,0,0,0,0,0,0,0,0,0,0,0,0,0,0,0,0,0,0,0,0,0,0,0,0,0,0,0,0,0,0,0,0,0,0,0,0,0,0,0,0,0,0,0,0,0,0,0,0,0,0,0,0,0,0,0,0,0,0,0,0,0,0,0,0,0,0,0,0,0,0,0,0,0,0,0,0,0,0,0,0,0,0,0,0,0,0,0,0,0,0,0,0,0,0,0,0,0,0,0,0,0,0,0,0,0,0,0,0,0,0,0,0,0,0,0,0,0,0,0,0,0,0,0,0,0,0,0,0,0,0,0,0,0,0,0,0,0,0,0,0,0,0,0,0,0,0,0,0,0,0,,0,0,0,0,0,0,0,0,0,,,,,,,,,,,,,,,,,,,,,,,,,,,,,,,0,1,,,,,,,,,,,,,,,,,,,,,,,,,,,,,,,0,
9/1/2026,2025,20260845,48496,14356,"ORBIT GAS TRANSMISSION, INC.",Natural Gas,INTRASTATE,KENTUCKY,0,0,0,0,0,0,0,0,0,0,0,0,0,0,0,0,0,0,0,0,0,0,0,0,0,0,0,0,0,0,0,0,0,0,0,0,0,0,0,0,0,0,0,0,0,0,0,0,0,0,0,0,0,0,0,0,0,0,0,0,0,0,0,0,0,0,0,0,0,0,0,0,0,0,0,0,0,0,0,0,0,0,0,0,0,0,0,0,0,0,0,0,0,0,0,0,0,0,0,0,0,0,0,0,0,0,0,0,0,0,0,0,0,0,0,0,0,0,0,0,0,0,0,0,0,0,0,0,0,0,0,0,0,0,0,0,0,0,0,0,0,0,0,0,0,0,0,0,0,0,0,0,0,0,0,0,0,0,0,0,0,0,0,0,0,,,,,,,,,,,,,,,,,,,,,,,,,,,,,,,0,330,,,,,,,,,,,,,,,,,,,,,,,,,,,,,,,0,2
9/1/2026,2025,20261019,48022,14435,"OZARK GAS TRANSMISSION, L.L.C",Natural Gas,INTERSTATE,ARKANSAS,0,0,0,0,,,0,,,,,0,0,0,0,,,0,,,,,0,0,0,0,,,0,,,,,0,0,0,0,,,0,,,,,0,0,0,0,,,0,,,,,0,0,0,0,,,0,,,,,0,0,0,0,,,0,,,,,0,0,0,0,,,0,,,,,0,0,0,0,,,0,,,,,0,0,0,0,,,0,,,,,0,0,0,0,,,0,0,0,0,0,0,0,0,0,,,0,0,0,0,0,0,0,0,0,,,0,0,0,0,0,0,0,0,0,,0,,0,0,0,0,0,,0,,,,,,0,,0,,,,,,,,,,,,,,,,,,,,,,,,,,,,,,,0,611,,,,,,,,,,,,,,,,,,,,,,,,,,,,,,,,
9/1/2026,2025,20261019,48022,14435,"OZARK GAS TRANSMISSION, L.L.C",Natural Gas,INTERSTATE,MISSOURI,0,0,0,0,0,0,0,0,0,0,0,0,0,0,0,0,0,0,0,0,0,0,0,0,0,0,0,0,0,0,0,0,0,0,0,0,0,0,0,0,0,0,0,0,0,0,0,0,0,0,0,0,0,0,0,0,0,0,0,0,0,0,0,0,0,0,0,0,0,0,0,0,0,0,0,0,0,0,0,0,0,0,0,0,0,0,0,0,0,0,0,0,0,0,0,0,0,0,0,0,0,0,0,0,0,0,0,0,0,0,0,0,0,0,0,0,0,0,0,0,0,0,0,0,0,0,0,0,0,0,0,0,0,0,0,0,0,0,0,0,0,0,0,0,0,0,0,0,0,0,0,0,0,0,0,,0,0,0,0,0,0,0,0,0,,,,,,,,,,,,,,,,,,,,,,,,,,,,,,,0,611,,,,,,,,,,,,,,,,,,,,,,,,,,,,,,,0,
9/1/2026,2025,20261019,48022,14435,"OZARK GAS TRANSMISSION, L.L.C",Natural Gas,INTERSTATE,OKLAHOMA,0,0,0,0,0,0,0,0,0,0,0,0,0,0,0,0,0,0,0,0,0,0,0,0,0,0,0,0,0,0,0,0,0,0,0,0,0,0,0,0,0,0,0,0,0,0,0,0,0,0,0,0,0,0,0,0,0,0,0,0,0,0,0,0,0,0,0,0,0,0,0,0,0,0,0,0,0,0,0,0,0,0,0,0,0,0,0,0,0,0,0,0,0,0,0,0,0,0,0,0,0,0,0,0,0,0,0,0,0,0,0,0,0,0,0,0,0,0,0,0,0,0,0,0,0,0,0,0,0,0,0,0,0,0,0,0,0,0,0,0,0,0,0,0,0,0,0,0,0,0,0,0,0,0,0,,0,0,0,0,0,0,0,0,0,,,,,,,,,,,,,,,,,,,,,,,,,,,,,,,0,611,,,,,,,,,,,,,,,,,,,,,,,,,,,,,,,0,
9/1/2026,2025,20260669,47654,15007,PACIFIC GAS & ELECTRIC CO,Natural Gas,INTRASTATE,CALIFORNIA,1,1,1,2,,,10,0,0,0,,0,0,0,0,,,0,0,0,0,,0,0,0,0,,,1,0,0,0,,0,0,0,0,,,10,0,0,0,,1,0,0,1,,,21,0,0,0,,47,19,20,86,,,22,0,0,0,,0,0,0,0,,,0,0,0,0,,0,0,0,0,,,1,0,0,0,,0,0,0,0,,,8,0,0,0,,0,0,0,0,,,0,0,0,0,,0,0,0,0,,,0,0,0,0,,0,0,0,0,,,0,0,0,0,,0,0,0,0,,,1,0,0,0,,49,20,21,89,,74,,0,0,0,,0,0,1,,0,0,0,,1,0,1,0,0,0,0,0,0,0,0,0,0,0,1,1,0,0,0,0,0,0,0,0,0,0,0,0,0,0,0,0,0,1,1538920,0,0,0,0,0,0,0,0,0,0,0,0,0,0,0,0,0,0,0,0,0,0,0,0,0,0,0,0,0,0,0,1538920
9/1/2026,2025,20260617,47601,15014,GAS TRANSMISSION NORTHWEST LLC,Natural Gas,INTERSTATE,IDAHO,0,0,0,0,,,0,,,,,0,0,0,0,,,0,,,,,0,0,0,0,,,0,,,,,0,0,0,0,,,0,,,,,0,0,0,0,,,0,,,,,0,0,0,0,,,0,,,,,0,0,0,0,,,0,,,,,0,0,0,0,,,0,,,,,0,0,0,0,,,0,,,,,0,0,0,0,,,0,,,,,0,0,0,0,,,0,0,0,0,0,0,0,0,0,,,0,0,0,0,0,0,0,0,0,,,0,0,0,0,0,0,0,0,0,,0,,0,0,0,0,0,,0,,,,,,0,,0,,,,,,,,,,,,,,,,,,,,,,,,,,,,,,,0,1216,,,,,,,,,,,,,,,,,,,,,,,,,,,,,,,,
9/1/2026,2025,20260617,47601,15014,GAS TRANSMISSION NORTHWEST LLC,Natural Gas,INTERSTATE,OREGON,0,0,0,0,,,0,,,,,0,0,0,0,,,0,,,,,0,0,0,0,,,0,,,,,0,0,0,0,,,0,,,,,0,0,0,0,,,0,,,,,0,0,0,0,,,0,,,,,0,0,0,0,,,0,,,,,0,0,0,0,,,0,,,,,0,0,0,0,,,0,,,,,0,0,0,0,,,0,,,,,0,0,0,0,,,0,0,0,0,0,0,0,0,0,,,0,0,0,0,0,0,0,0,0,,,0,0,0,0,0,0,0,0,0,,0,,0,0,0,0,0,,0,,,,,,0,,0,,,,,,,,,,,,,,,,,,,,,,,,,,,,,,,0,613,,,,,,,,,,,,,,,,,,,,,,,,,,,,,,,,
9/1/2026,2025,20260617,47601,15014,GAS TRANSMISSION NORTHWEST LLC,Natural Gas,INTERSTATE,WASHINGTON,0,0,0,0,,,0,,,,,0,0,0,0,,,0,,,,,0,0,0,0,,,0,,,,,0,0,0,0,,,0,,,,,0,0,0,0,,,0,,,,,0,0,0,0,,,0,,,,,0,0,0,0,,,0,,,,,0,0,0,0,,,0,,,,,0,0,0,0,,,0,,,,,0,0,0,0,,,0,,,,,0,0,0,0,,,0,0,0,0,0,0,0,0,0,,,0,0,0,0,0,0,0,0,0,,,0,0,0,0,0,0,0,0,0,,0,,0,0,0,0,0,,0,,,,,,0,,0,,,,,,,,,,,,,,,,,,,,,,,,,,,,,,,0,353,,,,,,,,,,,,,,,,,,,,,,,,,,,,,,,,
9/1/2026,2025,20261220,48233,15033,GREAT BASIN GAS TRANSMISSION COMPANY,Natural Gas,INTERSTATE,NEVADA,0,0,0,0,0,0,0,0,0,0,0,0,0,0,0,0,0,0,0,0,0,0,0,0,0,0,0,0,0,0,0,0,0,0,0,0,0,0,0,0,0,0,0,0,0,0,0,0,0,0,0,0,0,0,0,0,0,0,0,0,0,0,0,0,0,0,0,0,0,0,0,0,0,0,0,0,0,0,0,0,0,0,0,0,0,0,0,0,0,0,0,0,0,0,0,0,0,0,0,0,0,0,0,0,0,0,0,0,0,0,0,0,0,0,0,0,0,0,0,0,0,0,0,1,0,0,0,0,0,0,0,0,0,0,0,0,0,0,0,0,0,0,0,0,0,1,0,0,0,0,0,0,0,0,0,,0,0,0,0,0,0,0,0,0,,,,,,,,,,,,,,,,,,,,,,,,,,,,,,,0,7791,,,,,,,,,,,,,,,,,,,,,,,,,,,,,,,0,
9/1/2026,2025,20260748,47736,15105,PANHANDLE EASTERN PIPELINE CO,Natural Gas,INTERSTATE,ILLINOIS,0,0,0,0,,,0,,,,,0,0,0,0,,,0,,,,,0,0,0,0,,,0,,,,,0,0,0,14,,,0,,,,,0,0,0,1,,,0,,,,,0,0,0,1,,,0,,,,,0,0,0,0,,,0,,,,,0,0,0,0,,,0,,,,,0,0,0,0,,,0,,,,,0,0,0,0,,,0,,,,,0,0,0,0,,,0,0,0,0,0,0,0,0,0,,,0,0,0,0,0,0,0,0,0,,,0,0,0,0,0,0,0,0,16,,0,,0,0,0,0,0,,0,,,,,,0,,0,0,0,0,0,0,0,0,0,0,0,0,0,0,0,0,0,0,0,0,0,0,0,0,0,0,0,0,0,0,0,0,2398,,,,,,,,,,,,,,,,,,,,,,,,,,,,,,,,
9/1/2026,2025,20260748,47736,15105,PANHANDLE EASTERN PIPELINE CO,Natural Gas,INTERSTATE,INDIANA,0,0,0,0,,,0,,,,,0,0,0,0,,,0,,,,,0,0,0,0,,,0,,,,,0,0,0,2,,,0,,,,,0,0,0,0,,,0,,,,,0,0,0,0,,,0,,,,,0,0,0,1,,,0,,,,,0,0,0,0,,,0,,,,,0,0,0,0,,,0,,,,,0,0,0,0,,,0,,,,,0,0,0,1,,,0,0,0,0,0,0,0,0,0,,,0,0,0,0,0,0,0,0,0,,,0,0,0,0,0,0,0,0,4,,0,,0,0,0,0,0,,0,,,,,,0,,0,0,0,0,0,0,0,0,0,0,0,0,0,0,0,0,0,0,0,0,0,0,0,0,0,0,0,0,0,0,0,0,13682,,,,,,,,,,,,,,,,,,,,,,,,,,,,,,,,
9/1/2026,2025,20260748,47736,15105,PANHANDLE EASTERN PIPELINE CO,Natural Gas,INTERSTATE,KANSAS,0,0,0,1,,,0,,,,,0,0,0,0,,,0,,,,,0,0,0,0,,,0,,,,,0,0,0,2,,,0,,,,,0,0,0,1,,,0,,,,,0,0,0,8,,,0,,,,,0,0,0,0,,,0,,,,,0,0,0,0,,,0,,,,,0,0,0,0,,,0,,,,,0,0,0,0,,,0,,,,,0,0,0,0,,,0,0,0,0,0,0,0,0,1,,,0,0,0,0,0,0,0,0,0,,,0,0,0,0,0,0,0,0,13,,0,,0,0,0,0,0,,0,,,,,,0,,0,0,0,0,0,0,0,0,0,0,0,0,0,0,0,0,0,0,0,0,0,0,0,0,0,0,0,0,0,0,0,0,3139,,,,,,,,,,,,,,,,,,,,,,,,,,,,,,,,
9/1/2026,2025,20260748,47736,15105,PANHANDLE EASTERN PIPELINE CO,Natural Gas,INTERSTATE,MICHIGAN,0,0,0,0,,,0,,,,,0,0,0,0,,,0,,,,,0,0,0,0,,,0,,,,,0,0,0,0,,,0,,,,,0,0,0,0,,,0,,,,,0,0,0,0,,,0,,,,,0,0,0,0,,,0,,,,,0,0,0,0,,,0,,,,,0,0,0,0,,,0,,,,,0,0,0,0,,,0,,,,,0,0,0,0,,,0,0,0,0,0,0,0,0,0,,,0,0,0,0,0,0,0,0,0,,,0,0,0,0,0,0,0,0,0,,0,,0,0,0,0,0,,0,,,,,,0,,0,0,0,0,0,0,0,0,0,0,0,0,0,0,0,0,0,0,0,0,0,0,0,0,0,0,0,0,0,0,0,0,4031,,,,,,,,,,,,,,,,,,,,,,,,,,,,,,,,
9/1/2026,2025,20260748,47736,15105,PANHANDLE EASTERN PIPELINE CO,Natural Gas,INTERSTATE,MISSOURI,0,0,0,0,,,0,,,,,0,0,0,0,,,0,,,,,0,0,0,0,,,0,,,,,0,0,0,0,,,0,,,,,0,0,0,0,,,0,,,,,0,0,0,3,,,0,,,,,0,0,0,0,,,0,,,,,0,0,0,0,,,0,,,,,0,0,0,0,,,0,,,,,0,0,0,0,,,0,,,,,0,0,0,0,,,0,0,0,0,0,0,0,0,0,,,0,0,0,0,0,0,0,0,0,,,0,0,0,0,0,0,0,0,3,,0,,0,0,0,0,0,,0,,,,,,0,,0,0,0,0,0,0,0,0,0,0,0,0,0,0,0,0,0,0,0,0,0,0,0,0,0,0,0,0,0,0,0,0,2487,,,,,,,,,,,,,,,,,,,,,,,,,,,,,,,,
9/1/2026,2025,20260748,47736,15105,PANHANDLE EASTERN PIPELINE CO,Natural Gas,INTERSTATE,OHIO,0,0,0,0,,,0,,,,,0,0,0,0,,,0,,,,,0,0,0,0,,,0,,,,,0,0,0,0,,,0,,,,,0,0,0,0,,,0,,,,,0,0,0,1,,,0,,,,,0,0,0,0,,,0,,,,,0,0,0,0,,,0,,,,,0,0,0,0,,,0,,,,,0,0,0,0,,,0,,,,,0,0,0,0,,,0,0,0,0,0,0,0,0,0,,,0,0,0,0,0,0,0,0,0,,,0,0,0,0,0,0,0,0,1,,0,,0,0,0,0,0,,0,,,,,,0,,0,0,0,0,0,0,0,0,0,0,0,0,0,0,0,0,0,0,0,0,0,0,0,0,0,0,0,0,0,0,0,0,2073,,,,,,,,,,,,,,,,,,,,,,,,,,,,,,,,
9/1/2026,2025,20260748,47736,15105,PANHANDLE EASTERN PIPELINE CO,Natural Gas,INTERSTATE,OKLAHOMA,0,0,0,0,,,0,,,,,0,0,0,0,,,0,,,,,0,0,0,0,,,0,,,,,0,0,0,0,,,0,,,,,0,0,0,0,,,0,,,,,0,0,0,0,,,0,,,,,0,0,0,0,,,0,,,,,0,0,0,0,,,0,,,,,0,0,0,0,,,0,,,,,0,0,0,0,,,0,,,,,0,0,0,0,,,0,0,0,0,0,0,0,0,0,,,0,0,0,0,0,0,0,0,0,,,0,0,0,0,0,0,0,0,0,,0,,0,0,0,0,0,,0,,,,,,0,,0,0,0,0,0,0,0,0,0,0,0,0,0,0,0,0,0,0,0,0,0,0,0,0,0,0,0,0,0,0,0,0,671,,,,,,,,,,,,,,,,,,,,,,,,,,,,,,,,
9/1/2026,2025,20260748,47736,15105,PANHANDLE EASTERN PIPELINE CO,Natural Gas,INTERSTATE,TEXAS,0,0,0,0,,,0,,,,,0,0,0,0,,,0,,,,,0,0,0,0,,,0,,,,,0,0,0,0,,,0,,,,,0,0,0,0,,,0,,,,,0,0,0,0,,,0,,,,,0,0,0,0,,,0,,,,,0,0,0,0,,,0,,,,,0,0,0,0,,,0,,,,,0,0,0,0,,,0,,,,,0,0,0,0,,,0,0,0,0,0,0,0,0,0,,,0,0,0,0,0,0,0,0,0,,,0,0,0,0,0,0,0,0,0,,0,,0,0,0,0,0,,0,,,,,,0,,0,0,0,0,0,0,0,0,0,0,0,0,0,0,0,0,0,0,0,0,0,0,0,0,0,0,0,0,0,0,0,0,292,,,,,,,,,,,,,,,,,,,,,,,,,,,,,,,,
9/1/2026,2025,20261418,48445,15132,PAPCO INC,Natural Gas,INTRASTATE,PENNSYLVANIA,0,0,0,0,0,0,0,0,0,0,0,0,0,0,0,0,0,0,0,0,0,0,0,0,0,0,0,0,0,0,0,0,0,0,0,0,0,0,0,0,0,0,0,0,0,0,0,0,0,0,0,0,0,0,0,0,0,0,0,0,0,0,0,0,0,0,0,0,0,0,0,0,0,0,0,0,0,0,0,0,0,0,0,0,0,0,0,0,0,0,0,0,0,0,0,0,0,0,0,0,0,0,0,0,0,0,0,0,0,0,0,0,0,0,0,0,0,0,0,0,0,0,0,0,0,0,0,0,0,0,0,0,0,0,0,0,0,0,0,0,0,0,0,0,0,0,0,0,0,0,0,0,0,0,,0,0,0,0,0,0,0,0,0,0,,,,,,,,,,,,,,,,,,,,,,,,,,,,,,,0,,0,0,0,0,0,0,0,0,0,0,0,0,0,0,0,0,0,0,0,0,0,0,0,0,0,0,0,0,0,0,0,1580
9/1/2026,2025,20261390,48406,15156,SINCLAIR TRANSPORTATION COMPANY,Natural Gas,INTRASTATE,WYOMING,0,0,0,0,,,0,,,,,0,0,0,0,,,0,,,,,0,0,0,0,,,0,,,,,0,0,0,0,,,0,,,,,0,0,0,0,,,0,,,,,0,0,0,0,,,0,,,,,0,0,0,0,,,0,,,,,0,0,0,0,,,0,,,,,0,0,0,0,,,0,,,,,0,0,0,0,,,0,,,,,0,0,0,0,,,0,0,0,0,0,0,0,0,0,,,0,0,0,0,0,0,0,0,0,,,0,0,0,0,0,0,0,0,0,,0,,0,0,0,0,0,,0,,,,,,0,,0,,,,,,,,,,,,,,,,,,,,,,,,,,,,,,,0,5,,,,,,,,,,,,,,,,,,,,,,,,,,,,,,,,
9/1/2026,2025,20260281,47239,15208,PELICAN RESERVE PIPELINE CO,Natural Gas,INTRASTATE,TEXAS,,0,0,0,,,,,0,,,,0,0,0,,,,,0,,,,0,0,0,,,,,0,,,,0,0,0,,,,,0,,,,0,0,0,,,,,0,,,,0,0,0,,,,,0,,,,0,0,0,,,,,0,,,,0,0,0,,,,,0,,,,0,0,0,,,,,0,,,,0,0,0,,,,,0,,,,0,0,0,,,,,0,,,,0,0,0,,,,,0,,,,0,0,0,,,,,0,,,,0,0,0,,,,,0,,,0,0,0,,,0,,,0,0,0,,,,,,,,,,,,,,,,,,,,,,,,,,,,,,,0,1363,,,,,,,,,,,,,,,,,,,,,,,,,,,,,,,0,1028
9/1/2026,2025,20261195,48208,15329,PEOPLES GAS LIGHT & COKE CO,Natural Gas,INTRASTATE,ILLINOIS,0,0,0,0,0,0,0,0,0,0,0,0,0,0,1,0,0,0,0,0,0,0,0,0,0,0,0,0,0,0,0,0,0,0,0,0,0,0,0,0,0,0,0,0,0,0,0,0,0,0,0,0,0,0,0,3,0,0,20,0,0,0,0,0,0,0,0,0,0,0,0,0,0,0,0,0,0,0,0,0,0,0,0,0,0,0,0,0,0,0,0,0,0,0,0,0,0,0,0,0,0,0,0,0,0,0,0,0,0,0,0,0,0,0,0,0,0,0,0,0,0,0,0,0,0,0,0,0,0,0,0,0,0,0,0,0,0,0,0,0,0,0,0,3,0,0,21,0,0,0,0,0,0,0,3,,0,0,0,0,0,0,0,0,0,,,,,,,,,,,,,,,,,,,,,,,,,,,,,,,0,4185,,,,,,,,,,,,,,,,,,,,,,,,,,,,,,,0,
9/1/2026,2025,20260457,47423,15348,PEOPLES GAS SYSTEM INC,Natural Gas,INTRASTATE,FLORIDA,0,0,0,0,,,0,0,0,0,,0,0,0,0,,,0,0,0,0,,0,0,0,0,,,0,0,0,0,,0,0,0,0,,,0,0,0,0,,0,0,0,0,,,0,0,0,0,,0,0,0,0,,,0,0,0,0,,0,0,0,0,,,0,0,0,0,,0,0,0,0,,,0,0,0,0,,0,0,0,0,,,0,0,0,0,,0,0,0,0,,,0,0,0,0,,0,0,0,0,,,0,0,0,0,,0,0,0,0,,,0,0,0,0,,0,0,0,0,,,0,0,0,0,,0,0,0,0,,0,,0,0,0,,0,0,0,,0,0,0,,0,0,0,,,,,,,,,,,,,,,,,,,,,,,,,,,,,,,0,8488,,,,,,,,,,,,,,,,,,,,,,,,,,,,,,,0,252
9/1/2026,2025,20261210,48223,15350,PEOPLES NATURAL GAS COMPANY LLC,Natural Gas,INTRASTATE,PENNSYLVANIA,0,0,0,0,,,0,2,40,3,,0,0,0,0,,,0,0,0,0,,0,0,0,0,,,0,0,0,0,,0,0,0,1,,,0,0,1,0,,0,0,1,0,,,0,0,0,0,,0,0,0,0,,,0,0,0,0,,0,0,0,0,,,0,0,0,0,,0,0,0,0,,,0,0,1,0,,0,0,0,0,,,0,0,0,0,,0,0,0,0,,,0,0,0,0,,0,0,0,0,,,0,0,0,0,,0,0,0,0,,,0,0,0,0,,0,0,0,0,,,0,0,0,0,,0,0,1,1,,0,,2,42,3,,0,19,0,,0,0,0,,0,0,0,,,,,,,,,,,,,,,,,,,,,,,,,,,,,,,0,243567,1,,,,,1,,2,,,,,2,,,,,,,,,,,,,,1,,,1,4,243567
9/1/2026,2025,20260737,48528,15359,BLACK HILLS ENERGY,Natural Gas,INTRASTATE,ARKANSAS,0,0,0,0,,,0,2,0,1,,0,0,0,0,,,0,0,0,0,,0,0,0,0,,,0,0,0,0,,0,0,0,0,,,0,0,0,0,,0,0,0,0,,,0,0,0,0,,0,0,0,0,,,0,0,0,0,,1,0,0,0,,,0,0,0,0,,0,0,0,0,,,0,0,0,0,,0,0,0,0,,,0,0,0,0,,0,0,0,0,,,0,0,0,0,,0,0,0,0,,,0,0,0,0,,0,0,0,0,,,0,0,0,0,,0,0,0,0,,,0,0,0,0,,1,0,0,0,,0,,2,0,1,,0,0,0,,0,0,0,,0,0,0,1,,,,,1,,,,,,,,,,,,,,,,,,,,1,,,,1,2,1012,,,,,,,,,,,,,,,,,,,,,,,,,,,,,,,0,40
9/1/2026,2025,20260737,48528,15359,BLACK HILLS ENERGY,Natural Gas,INTRASTATE,COLORADO,0,0,0,0,0,0,0,0,0,0,0,0,0,0,0,0,0,0,0,0,0,0,0,0,0,0,0,0,0,0,0,0,0,0,0,0,0,0,0,0,0,0,0,0,0,0,0,0,0,0,0,0,0,0,0,0,0,0,1,0,0,0,0,0,0,0,0,0,0,0,0,0,0,0,0,0,0,0,0,0,0,0,0,0,0,0,0,0,0,0,0,0,0,0,0,0,0,0,0,0,0,0,0,0,0,0,0,0,0,0,0,0,0,0,0,0,0,0,0,0,0,0,0,0,0,0,0,0,0,0,0,0,0,0,0,0,0,0,0,0,0,0,0,0,0,0,1,0,0,0,0,0,0,0,0,0,0,0,0,0,0,0,0,0,0,,,,,,,,,,,,,,,,,,,,,,,,,,,,,,,0,119,,,,,,,,,,,,,,,,,,,,,,,,,,,,,,,0,0
9/1/2026,2025,20260737,48528,15359,BLACK HILLS ENERGY,Natural Gas,INTRASTATE,IOWA,0,0,0,0,,,0,0,0,0,,0,0,0,0,,,0,0,0,0,,0,0,0,0,,,0,0,0,0,,0,0,0,0,,,0,0,0,0,,0,0,0,0,,,0,0,0,0,,0,0,0,0,,,0,0,0,0,,0,0,0,0,,,0,0,0,0,,0,0,0,0,,,0,0,0,0,,0,0,0,0,,,0,0,0,0,,0,0,0,0,,,0,0,0,0,,0,0,0,0,,,0,0,0,0,,0,0,0,0,,,0,0,0,0,,0,0,0,0,,,0,0,0,0,,0,0,0,0,,0,,0,0,0,,0,0,0,,0,0,0,,0,0,0,,,,,,,,,,,,,,,,,,,,,,,,,,,,,,,0,126,,,,,,,,,,,,,,,,,,,,,,,,,,,,,,,0,0
9/1/2026,2025,20260737,48528,15359,BLACK HILLS ENERGY,Natural Gas,INTRASTATE,KANSAS,0,0,0,0,0,0,0,0,0,0,0,0,0,0,0,0,0,0,0,0,0,0,0,0,0,0,0,0,0,0,0,0,0,0,0,0,0,0,0,0,0,0,0,0,0,0,0,0,0,0,0,0,0,0,0,0,0,0,0,0,0,0,0,0,0,0,0,0,0,0,0,0,0,0,0,0,0,0,0,0,0,0,0,0,0,0,0,0,0,0,0,0,0,0,0,0,0,0,0,0,0,0,0,0,0,0,0,0,0,0,0,0,0,0,0,0,0,0,0,0,0,0,0,0,0,0,0,0,0,0,0,0,0,0,0,0,0,0,0,0,0,0,0,0,0,0,0,0,0,0,0,0,0,0,0,0,0,0,0,0,0,0,0,0,0,,,,,,,,,,,,,,,,,,,,,,,,,,,,,,,0,104,,,,,,,,,,,,,,,,,,,,,,,,,,,,,,,0,0
9/1/2026,2025,20260737,48528,15359,BLACK HILLS ENERGY,Natural Gas,INTRASTATE,NEBRASKA,0,0,0,0,,,0,0,0,0,,0,0,0,0,,,0,0,0,0,,0,0,0,0,,,0,0,0,0,,0,0,0,0,,,0,0,0,0,,0,0,0,0,,,0,0,0,0,,0,0,0,1,,,0,0,0,0,,0,0,0,0,,,0,0,0,0,,0,0,0,0,,,0,0,0,0,,0,0,0,0,,,0,0,0,0,,0,0,0,0,,,0,0,0,0,,0,0,0,0,,,0,0,0,0,,0,0,0,0,,,0,0,0,0,,0,0,0,0,,,0,0,0,0,,0,0,0,1,,0,,0,0,0,,0,0,0,,0,0,0,,0,0,0,,,,,,,,,,,,,,,,,,,,,,,,,,,,,,,0,754,,,,,,,,,,,,,,,,,,,,,,,,,,,,,,,0,
9/1/2026,2025,20260737,48528,15359,BLACK HILLS ENERGY,Natural Gas,INTRASTATE,WYOMING,0,0,0,0,0,0,0,0,0,0,0,0,0,0,0,0,0,0,0,0,0,0,0,0,0,0,0,0,0,0,0,0,0,0,0,0,0,0,0,0,0,0,0,0,0,0,0,0,0,0,0,0,0,0,0,0,0,0,0,0,0,0,0,0,0,0,0,0,0,0,0,0,0,0,0,0,0,0,0,0,0,0,0,0,0,0,0,0,0,0,0,0,0,0,0,0,0,0,0,0,0,0,0,0,0,0,0,0,0,0,0,0,0,0,0,0,0,0,0,0,0,0,0,0,0,0,0,0,0,0,0,0,0,0,0,0,0,0,0,0,0,0,0,0,0,0,0,0,0,0,0,0,0,0,0,0,0,0,0,0,0,0,0,0,0,,,,,,,,,,,,,,,,,,,,,,,,,,,,,,,0,509,,,,,,,,,,,,,,,,,,,,,,,,,,,,,,,0,0
9/1/2026,2025,20260398,47428,15454,PETROLEUM FUELS CO,Natural Gas,INTRASTATE,MINNESOTA,,0,0,0,,,,,,,,,0,0,0,,,,,,,,,0,0,0,,,,,,,,,0,0,0,,,,,,,,,0,0,0,,,,,,,,,0,0,0,,,,,,,,,0,0,0,,,,,,,,,0,0,0,,,,,,,,,0,0,0,,,,,,,,,0,0,0,,,,,,,,,0,0,0,,,,,,,,,0,0,0,,,,,,,,,0,0,0,,,,,,,,,0,0,0,,,,,,,,0,,0,,,,,,0,,0,,,,,,,,,,,,,,,,,,,,,,,,,,,,,,,0,36,,,,,,,,,,,,,,,,,,,,,,,,,,,,,,,,
9/1/2026,2025,20260398,47428,15454,PETROLEUM FUELS CO,Natural Gas,INTRASTATE,MISSISSIPPI,,0,0,0,,,,,,,,,0,0,0,,,,,,,,,0,0,0,,,,,,,,,0,0,0,,,,,,,,,0,0,0,,,,,,,,,0,0,0,,,,,,,,,0,0,0,,,,,,,,,0,0,0,,,,,,,,,0,0,0,,,,,,,,,0,0,0,,,,,,,,,0,0,0,,,,0,0,0,0,,0,0,0,,,,0,0,0,0,,0,0,0,,,,0,0,0,0,,0,0,0,,,,0,0,0,0,0,,0,,,,,,0,,0,,,,,,,,,,,,,,,,,,,,,,,,,,,,,,,0,7,,,,,,,,,,,,,,,,,,,,,,,,,,,,,,,,
9/1/2026,2025,20260398,47428,15454,PETROLEUM FUELS CO,Natural Gas,INTRASTATE,NEW MEXICO,0,0,0,0,0,0,0,0,0,0,0,0,0,0,0,0,0,0,0,0,0,0,0,0,0,0,0,0,0,0,0,0,0,0,0,0,0,0,0,0,0,0,0,0,0,0,0,0,0,0,0,0,0,0,0,0,0,0,0,0,0,0,0,0,0,0,0,0,0,0,0,0,0,0,0,0,0,0,0,0,0,0,0,0,0,0,0,0,0,0,0,0,0,0,0,0,0,0,0,0,0,0,0,0,0,0,0,0,0,0,0,0,0,0,0,0,0,0,0,0,0,0,0,0,0,0,0,0,0,0,0,0,0,0,0,0,0,0,0,0,0,0,0,0,0,0,0,0,0,0,0,0,0,0,0,,0,0,0,0,0,0,0,0,0,,,,,,,,,,,,,,,,,,,,,,,,,,,,,,,0,124,,,,,,,,,,,,,,,,,,,,,,,,,,,,,,,0,
9/1/2026,2025,20260398,47428,15454,PETROLEUM FUELS CO,Natural Gas,INTRASTATE,TEXAS,0,0,0,0,,,0,0,0,0,,0,0,0,0,,,0,0,0,0,,0,0,0,0,,,0,0,0,0,,0,0,0,0,,,0,0,0,0,,0,0,0,0,,,0,0,0,0,,0,0,0,0,,,0,0,0,0,,0,0,0,0,,,0,0,0,0,,0,0,0,0,,,0,0,0,0,,0,0,0,0,,,0,0,0,0,,0,0,0,0,,,0,0,0,0,,0,0,0,0,,,0,0,0,0,,0,0,0,0,,,0,0,0,0,,0,0,0,0,,,0,0,0,0,,0,0,0,0,,0,,0,0,0,,0,0,0,,0,0,0,,0,0,0,,,,,,,,,,,,,,,,,,,,,,,,,,,,,,,0,6748,,,,,,,,,,,,,,,,,,,,,,,,,,,,,,,0,356
9/1/2026,2025,20261044,48049,15462,PECO ENERGY CO,Natural Gas,INTRASTATE,PENNSYLVANIA,0,0,0,0,0,0,0,0,0,0,0,0,0,0,0,0,0,0,0,0,0,0,0,0,0,0,0,0,0,0,0,0,0,0,0,0,0,0,0,0,0,0,0,0,0,0,0,0,0,0,0,0,0,0,0,0,0,0,0,0,0,0,0,0,0,0,0,0,0,0,0,0,0,0,0,0,0,0,0,0,0,0,0,0,0,0,0,0,0,0,0,0,0,0,0,0,0,0,0,0,0,0,0,0,0,0,0,0,0,0,0,0,0,0,0,0,0,0,0,0,0,0,0,0,0,0,0,0,0,0,0,0,0,0,0,0,0,0,0,0,0,0,0,0,0,0,0,0,0,0,0,0,0,0,0,,0,0,0,0,0,0,0,0,0,,,,,,,,,,,,,,,,,,,,,,,,,,,,,,,0,1,,,,,,,,,,,,,,,,,,,,,,,,,,,,,,,0,
9/1/2026,2025,20261175,48188,15469,PHILADELPHIA GAS WORKS,Natural Gas,INTRASTATE,PENNSYLVANIA,0,0,0,0,0,0,0,0,0,0,0,0,0,0,0,0,0,0,0,0,0,0,0,0,0,0,0,0,0,0,0,0,0,0,0,0,0,0,0,0,0,0,0,0,0,0,0,0,0,0,0,0,0,0,0,0,0,0,0,0,0,0,0,0,0,0,0,0,0,0,0,0,0,0,0,0,0,0,0,0,0,0,0,0,0,0,0,0,0,0,0,0,0,0,0,0,0,0,0,0,0,0,0,0,0,0,0,0,0,0,0,0,0,0,0,0,0,0,0,0,0,0,0,0,0,0,0,0,0,0,0,0,0,0,0,0,0,0,0,0,0,0,0,0,0,0,0,0,0,0,0,0,0,0,0,,0,0,0,0,0,0,0,0,0,,,,,,,,,,,,,,,,,,,,,,,,,,,,,,,0,74,,,,,,,,,,,,,,,,,,,,,,,,,,,,,,,0,
9/1/2026,2025,20261312,48325,15485,PHILLIPS 66 COMPANY - SWEENY REFINERY,Hydrogen Gas,INTRASTATE,TEXAS,0,0,0,0,0,0,0,0,0,0,0,0,0,0,0,0,0,0,0,0,0,0,0,0,0,0,0,0,0,0,0,0,0,0,0,0,0,0,0,0,0,0,0,0,0,0,0,0,0,0,0,0,0,0,0,0,0,0,0,0,0,0,0,0,0,0,0,0,0,0,0,0,0,0,0,0,0,0,0,0,0,0,0,0,0,0,0,0,0,0,0,0,0,0,0,0,0,0,0,0,0,0,0,0,0,0,0,0,0,0,0,0,0,0,0,0,0,0,0,0,0,0,0,0,0,0,0,0,0,0,0,0,0,0,0,0,0,0,0,0,0,0,0,0,0,0,0,0,0,0,0,0,0,0,0,,0,0,0,0,0,0,0,0,0,0,0,0,0,0,0,0,0,0,0,0,0,0,0,0,0,0,0,0,0,0,0,0,0,0,0,0,0,0,0,0,249,,,,,,,,,,,,,,,,,,,,,,,,,,,,,,,0,
9/1/2026,2025,20261313,48326,15485,PHILLIPS 66 COMPANY - SWEENY REFINERY,Natural Gas,INTRASTATE,TEXAS,0,0,0,0,,,0,,,,,0,0,0,0,,,0,,,,,0,0,0,0,,,0,,,,,0,0,0,0,,,0,,,,,0,0,0,0,,,0,,,,,0,0,0,0,,,0,,,,,0,0,0,0,,,0,,,,,0,0,0,0,,,0,,,,,0,0,0,0,,,0,,,,,0,0,0,0,,,0,,,,,0,0,0,0,,,0,0,0,0,0,0,0,0,0,,,0,0,0,0,0,0,0,0,0,,,0,0,0,0,0,0,0,0,0,,0,,0,0,0,0,0,,0,,,,,,0,,0,0,0,0,0,0,0,0,0,0,0,0,0,0,0,0,0,0,0,0,0,0,0,0,0,0,0,0,0,,0,0,249,,,,,,,,,,,,,,,,,,,,,,,,,,,,,,,,
9/1/2026,2025,20261056,48061,15518,PIEDMONT NATURAL GAS CO INC,Natural Gas,INTRASTATE,NORTH CAROLINA,0,0,0,0,0,0,0,0,0,0,0,0,0,0,0,0,0,0,0,0,0,0,0,0,0,0,0,0,0,0,0,0,0,0,0,0,0,0,0,0,0,0,0,0,0,0,0,0,0,0,0,0,0,0,0,1,0,0,1,0,0,0,0,0,0,0,0,0,0,0,0,0,0,0,0,0,0,0,0,0,0,0,0,0,0,0,0,0,0,0,0,0,0,0,0,0,0,0,0,0,0,0,0,0,0,0,0,0,0,0,0,0,0,0,0,0,0,0,0,0,0,0,0,0,0,0,0,0,0,0,0,0,0,0,0,0,0,0,0,0,0,0,0,1,0,0,1,0,0,0,0,0,0,0,8,,0,0,0,0,0,0,0,0,0,0,0,0,0,0,0,0,0,0,0,0,0,0,0,0,0,0,0,0,0,0,0,0,0,0,0,0,0,0,0,0,0,,,,,,,,,,,,,,,,,,,,,,,,,,,,,,,0,
9/1/2026,2025,20261056,48061,15518,PIEDMONT NATURAL GAS CO INC,Natural Gas,INTRASTATE,SOUTH CAROLINA,0,0,0,0,,,0,,,,,0,0,0,0,,,0,,,,,0,0,0,0,,,0,,,,,0,0,0,0,,,0,,,,,0,0,0,0,,,0,,,,,0,0,1,0,,,0,,,,,0,0,0,0,,,0,,,,,0,0,0,0,,,0,,,,,0,0,0,0,,,0,,,,,0,0,0,0,,,0,,,,,0,0,0,0,,,0,0,0,0,0,0,0,0,0,,,0,0,0,0,0,0,0,0,0,,,0,0,0,0,0,0,0,1,0,,0,,0,0,0,0,1,,,,,,,,,,,0,0,0,0,0,0,0,0,0,0,0,0,0,0,0,0,0,0,0,0,0,0,0,0,0,0,0,0,0,0,0,0,,,,,,,,,,,,,,,,,,,,,,,,,,,,,,,,
9/1/2026,2025,20261056,48061,15518,PIEDMONT NATURAL GAS CO INC,Natural Gas,INTRASTATE,TENNESSEE,0,0,0,0,0,0,0,0,0,0,0,0,0,0,0,0,0,0,0,0,0,0,0,0,0,0,0,0,0,0,0,0,0,0,0,0,0,0,0,0,0,0,0,0,0,0,0,0,0,0,0,0,0,0,0,0,0,0,0,0,0,0,0,0,0,0,0,0,0,0,0,0,0,0,0,0,0,0,0,0,0,0,0,0,0,0,0,0,0,0,0,0,0,0,0,0,0,0,0,0,0,0,0,0,0,0,0,0,0,0,0,0,0,0,0,0,0,0,0,0,0,0,0,0,0,0,0,0,0,0,0,0,0,0,0,0,0,0,0,0,0,0,0,0,0,0,0,0,0,0,0,0,0,0,0,,0,0,0,0,0,0,0,0,0,0,0,0,0,0,0,0,0,0,0,0,0,0,0,0,0,0,0,0,0,0,0,0,0,0,0,0,0,0,0,0,0,,,,,,,,,,,,,,,,,,,,,,,,,,,,,,,0,
9/1/2026,2025,20260760,47749,15589,PINE PIPELINE INC,Natural Gas,INTRASTATE,LOUISIANA,0,0,0,0,,,0,,,,,0,0,0,0,,,0,,,,,0,0,0,0,,,0,,,,,0,0,0,0,,,0,,,,,0,0,0,0,,,0,,,,,0,0,0,0,,,0,,,,,0,0,0,0,,,0,,,,,0,0,0,0,,,0,,,,,0,0,0,0,,,0,,,,,0,0,0,0,,,0,,,,,0,0,0,0,,,0,0,0,0,0,0,0,0,0,,,0,0,0,0,0,0,0,0,0,,,0,0,0,0,0,0,0,0,0,,0,,0,0,0,0,0,,0,,,,,,0,,0,0,0,0,0,0,0,0,0,0,0,0,0,0,0,0,0,0,0,0,0,0,0,0,0,0,0,0,0,0,0,0,264,,,,,,,,,,,,,,,,,,,,,,,,,,,,,,,,
9/1/2026,2025,20260530,47510,15645,PLACID PIPELINE COMPANY LLC,Natural Gas,INTRASTATE,LOUISIANA,,0,0,0,,,,,,,,,0,0,0,,,,,,,,,0,0,0,,,,,,,,,0,0,0,,,,,,,,,0,0,0,,,,,,,,,0,0,0,,,,,,,,,0,0,0,,,,,,,,,0,0,0,,,,,,,,,0,0,0,,,,,,,,,0,0,0,,,,,,,,,0,0,0,,,,,,,,,0,0,0,,,,,,,,,0,0,0,,,,,,,,,0,0,0,,,,,,,,0,,0,,,,,,0,,0,,,,,,,,,,,,,,,,,,,,,,,,,,,,,,,0,13,,,,,,,,,,,,,,,,,,,,,,,,,,,,,,,,
9/1/2026,2025,20260833,47827,15652,"PLAINS, CITY OF",Natural Gas,INTRASTATE,TEXAS,0,0,0,0,0,0,0,0,0,0,0,0,0,0,0,0,0,0,0,0,0,0,0,0,0,0,0,0,0,0,0,0,0,0,0,0,0,0,0,0,0,0,0,0,0,0,0,0,0,0,0,0,0,0,0,0,0,0,0,0,0,0,0,0,0,0,0,0,0,0,0,0,0,0,0,0,0,0,0,0,0,0,0,0,0,0,0,0,0,0,0,0,0,0,0,0,0,0,0,0,0,0,0,0,0,0,0,0,0,0,0,0,0,0,0,0,0,0,0,0,0,0,0,0,0,0,0,0,0,0,0,0,0,0,0,0,0,0,0,0,0,0,0,0,0,0,0,0,0,0,0,0,0,0,0,,0,0,0,0,0,0,0,0,0,0,0,0,0,0,0,0,0,0,0,0,0,0,0,0,0,0,0,0,0,0,0,0,0,0,0,0,0,0,0,0,102,,,,,,,,,,,,,,,,,,,,,,,,,,,,,,,0,
9/1/2026,2025,20260911,47908,15790,PONTCHARTRAIN NATURAL GAS SYSTEM,Natural Gas,INTRASTATE,LOUISIANA,0,0,0,0,0,0,0,0,0,0,0,0,0,0,0,0,0,0,0,0,0,0,0,0,0,0,0,0,0,0,0,0,0,0,0,0,0,0,0,0,0,0,0,0,0,0,0,0,0,0,0,0,0,0,0,0,0,0,0,0,0,0,0,0,0,0,0,0,0,0,0,0,0,0,0,0,0,0,0,0,0,0,0,0,0,0,0,0,0,0,0,0,0,0,0,0,0,0,0,0,0,0,0,0,0,0,0,0,0,0,0,0,0,0,0,0,0,0,0,0,0,0,0,0,0,0,0,0,0,0,0,0,0,0,0,0,0,0,0,0,0,0,0,0,0,0,0,0,0,0,0,0,0,0,0,,0,0,0,0,0,0,0,0,0,0,0,0,0,0,0,0,0,0,0,0,0,0,0,0,0,0,0,0,0,0,0,0,0,0,0,0,0,0,0,0,0,,,,,,,,,,,,,,,,,,,,,,,,,,,,,,,0,
9/1/2026,2025,20260029,46971,15815,PRAIRIE PIPELINE CO,Natural Gas,INTRASTATE,TEXAS,,0,,,,,,0,0,0,,,0,,,,,,0,0,0,,,0,,,,,,0,0,0,,,0,,,,,,0,0,0,,,0,,,,,,0,0,0,,,0,,,,,,0,0,0,,,0,,,,,,0,0,0,,,0,,,,,,0,0,0,,,0,,,,,,0,0,0,,,0,,,,,,0,0,0,,,0,,,,,,0,0,0,,,0,,,,,,0,0,0,,,0,,,,,,0,0,0,,,0,,,,,,0,0,0,,,0,,,0,0,0,,,0,0,,,,,,,,,,,,,,,,,,,,,,,,,,,,,,,,,0,0,0,0,0,0,0,0,0,0,0,0,0,0,0,0,0,0,0,0,0,0,0,0,0,0,0,0,0,0,0,1735
9/1/2026,2025,20261002,48005,15825,WESTLAKE US 2 LLC,Natural Gas,INTRASTATE,LOUISIANA,0,0,0,0,0,0,0,0,0,0,0,0,0,0,0,0,0,0,0,0,0,0,0,0,0,0,0,0,0,0,0,0,0,0,0,0,0,0,0,0,0,0,0,0,0,0,0,0,0,0,0,0,0,0,0,0,0,0,0,0,0,0,0,0,0,0,0,0,0,0,0,0,0,0,0,0,0,0,0,0,0,0,0,0,0,0,0,0,0,0,0,0,0,0,0,0,0,0,0,0,0,0,0,0,0,0,0,0,0,0,0,0,0,0,0,0,0,0,0,0,0,0,0,0,0,0,0,0,0,0,0,0,0,0,0,0,0,0,0,0,0,0,0,0,0,0,0,0,0,0,0,0,0,0,0,,0,0,0,0,0,0,0,0,0,,,,,,,,,,,,,,,,,,,,,,,,,,,,,,,0,2122,,,,,,,,,,,,,,,,,,,,,,,,,,,,,,,0,
9/1/2026,2025,20261001,48004,15825,WESTLAKE US 2 LLC,Other Gas-Chlorine,INTRASTATE,LOUISIANA,0,0,0,0,,,0,,,,,0,0,0,0,,,0,,,,,0,0,0,0,,,0,,,,,0,0,0,0,,,0,,,,,0,0,0,0,,,0,,,,,0,0,0,0,,,0,,,,,0,0,0,0,,,0,,,,,0,0,0,0,,,0,,,,,0,0,0,0,,,0,,,,,0,0,0,0,,,0,,,,,0,0,0,0,,,0,,,,,0,0,0,0,,,0,,,,,0,0,0,0,,,0,,,,,0,0,0,0,,0,,,,,,0,,0,,,,,,0,,0,,,,,,,,,,,,,,,,,,,,,,,,,,,,,,,0,2122,,,,,,,,,,,,,,,,,,,,,,,,,,,,,,,,
9/1/2026,2025,20261236,48249,15931,PUBLIC SERVICE CO OF COLORADO,Natural Gas,INTRASTATE,COLORADO,1,0,0,1,,,0,,,,,0,0,0,0,,,0,,,,,0,0,0,0,,,0,,,,,0,0,0,0,,,0,,,,,0,0,0,0,,,0,,,,,1,0,0,2,,,0,,,,,0,0,0,0,,,0,,,,,0,1,0,0,,,0,,,,,0,0,0,0,,,0,,,,,0,0,0,0,,,0,,,,,0,0,0,0,,,0,0,0,0,0,0,0,0,0,,,0,0,0,0,0,0,0,0,0,,,0,0,0,0,0,2,1,0,3,,0,,0,0,0,0,,,0,,,,,,0,,0,,,1,,,1,1,,,,,,1,,,1,,1,,,,,,,,,,,,,3,43728,,,,,,,,,,,,,,,,,,,,,,,,,,,,,,,,
9/1/2026,2025,20260973,48415,15938,ENBRIDGE GAS NORTH CAROLINA,Natural Gas,INTRASTATE,NORTH CAROLINA,0,0,0,0,0,0,0,,,,,0,0,0,0,0,0,0,,,,,0,0,0,0,0,0,0,,,,,0,0,0,0,0,0,0,,,,,0,0,0,0,0,0,0,,,,,1,0,1,0,0,0,0,,,,,0,0,0,0,0,0,0,,,,,0,0,0,0,0,0,0,,,,,0,0,0,0,0,0,0,,,,,0,0,0,0,0,0,0,,,,,0,0,0,0,0,0,0,,,,,0,0,0,0,0,0,0,,,,,0,0,0,0,0,0,0,,,,,1,0,1,0,0,0,0,,,,,0,,0,0,,,,0,0,0,0,,,,,,,,,,,,,,,,,,,,,,,,,,,,,,,0,37104,,,,,,,,,,,,,,,,,,,,,,,,,,,,,,,0,
9/1/2026,2025,20260765,47754,15952,PUBLIC SERVICE ELECTRIC & GAS CO,Natural Gas,INTRASTATE,NEW JERSEY,0,0,0,0,,,0,,,,,0,0,0,0,,,0,,,,,0,0,0,0,,,0,,,,,0,0,0,0,,,0,,,,,0,0,0,0,,,0,,,,,0,0,0,0,,,0,,,,,0,0,0,0,,,0,,,,,0,0,0,0,,,0,,,,,0,0,0,0,,,0,,,,,0,0,0,0,,,0,,,,,0,0,0,0,,,0,0,0,0,0,0,0,0,0,,,0,0,0,0,0,0,0,0,0,,,0,0,0,0,0,0,0,0,0,,0,,0,0,0,0,0,,0,,,,,,0,,0,0,0,0,0,0,0,0,0,0,0,0,0,0,0,0,0,0,0,0,0,0,0,0,0,0,0,0,0,0,0,0,4395,,,,,,,,,,,,,,,,,,,,,,,,,,,,,,,,
9/1/2026,2025,20261156,48169,16667,ENERGY NORTH NATURAL GAS INC,Natural Gas,INTRASTATE,NEW HAMPSHIRE,0,0,0,0,,,0,,,,,0,0,0,0,,,0,,,,,0,0,0,0,,,0,,,,,0,0,0,0,,,0,,,,,0,0,0,0,,,0,,,,,0,0,0,0,,,0,,,,,0,0,0,0,,,0,,,,,0,0,0,0,,,0,,,,,0,0,0,0,,,0,,,,,0,0,0,0,,,0,,,,,0,0,0,0,,,0,0,0,0,0,0,0,0,0,,,0,0,0,0,0,0,0,0,0,,,0,0,0,0,0,0,0,0,0,,0,,0,0,0,0,0,,0,,,,,,0,,0,,,,,,,,,,,,,,,,,,,,,,,,,,,,,,,0,0,,,,,,,,,,,,,,,,,,,,,,,,,,,,,,,,
9/1/2026,2025,20260548,47528,17090,RATON GAS TRANSMISSION CO,Natural Gas,INTERSTATE,COLORADO,0,0,0,0,,,0,,,,,0,0,0,0,,,0,,,,,0,0,0,0,,,0,,,,,0,0,0,0,,,0,,,,,0,0,0,0,,,0,,,,,0,0,0,0,,,0,,,,,0,0,0,0,,,0,,,,,0,0,0,0,,,0,,,,,0,0,0,0,,,0,,,,,0,0,0,0,,,0,,,,,0,0,0,0,,,0,0,0,0,0,0,0,0,0,,,0,0,0,0,0,0,0,0,0,,,0,0,0,0,0,0,0,0,0,,0,,0,0,0,0,0,,0,,,,,,0,,0,,,,,,,,,,,,,,,,,,,,,,,,,,,,,,,0,0,,,,,,,,,,,,,,,,,,,,,,,,,,,,,,,,
9/1/2026,2025,20260548,47528,17090,RATON GAS TRANSMISSION CO,Natural Gas,INTERSTATE,NEW MEXICO,0,0,0,0,,,0,,,,,0,0,0,0,,,0,,,,,0,0,0,0,,,0,,,,,0,0,0,0,,,0,,,,,0,0,0,0,,,0,,,,,0,0,0,0,,,0,,,,,0,0,0,0,,,0,,,,,0,0,0,0,,,0,,,,,0,0,0,0,,,0,,,,,0,0,0,0,,,0,,,,,0,0,0,0,,,0,0,0,0,0,0,0,0,0,,,0,0,0,0,0,0,0,0,0,,,0,0,0,0,0,0,0,0,0,,0,,0,0,0,0,0,,0,,,,,,0,,0,,,,,,,,,,,,,,,,,,,,,,,,,,,,,,,0,0,,,,,,,,,,,,,,,,,,,,,,,,,,,,,,,,
9/1/2026,2025,20261289,48302,17540,ROANOKE GAS CO,Natural Gas,INTRASTATE,VIRGINIA,0,0,0,0,,,0,,,,,0,0,0,0,,,0,,,,,0,0,0,0,,,0,,,,,0,0,0,0,,,0,,,,,0,0,0,0,,,0,,,,,0,0,0,0,,,0,,,,,0,0,0,0,,,0,,,,,0,0,0,0,,,0,,,,,0,0,0,0,,,0,,,,,0,0,0,0,,,0,,,,,0,0,0,0,,,0,0,0,0,0,0,0,0,0,,,0,0,0,0,0,0,0,0,0,,,0,0,0,0,0,0,0,0,0,,0,,0,0,0,0,0,,0,,,,,,0,,0,,,,,,,,,,,,,,,,,,,,,,,,,,,,,,,0,51076,,,,,,,,,,,,,,,,,,,,,,,,,,,,,,,,
9/1/2026,2025,20261055,48060,17570,ROCHESTER GAS & ELECTRIC CORP,Natural Gas,INTRASTATE,NEW YORK,0,0,0,0,0,0,0,0,0,0,0,0,0,0,0,0,0,0,0,0,0,0,0,0,0,0,0,0,0,0,0,0,0,0,0,0,0,0,0,0,0,0,0,0,0,0,0,0,0,0,0,0,0,0,0,0,0,0,0,0,0,0,0,0,0,0,0,0,0,0,0,0,0,0,0,0,0,0,0,0,0,0,0,0,0,0,0,0,0,0,0,0,0,0,0,0,0,0,0,0,0,0,0,0,0,0,0,0,0,0,0,0,0,0,0,0,0,0,0,0,0,0,0,0,0,0,0,0,0,0,0,0,0,0,0,0,0,0,0,0,0,0,0,0,0,0,0,0,0,0,0,0,0,0,0,,0,0,0,0,0,0,0,0,0,0,0,0,0,0,0,0,0,0,0,0,0,0,0,0,0,0,0,0,0,0,0,0,0,0,0,0,0,0,0,0,72173,,,,,,,,,,,,,,,,,,,,,,,,,,,,,,,0,
9/1/2026,2025,20260739,47726,17620,ROCKY MOUNTAIN NATURAL GAS LLC,Natural Gas,INTRASTATE,COLORADO,0,0,0,0,,,0,0,0,0,,0,0,0,0,,,0,0,0,0,,0,0,0,0,,,0,0,0,0,,0,0,0,0,,,0,0,0,0,,0,0,0,0,,,0,0,0,0,,0,0,0,0,,,0,0,0,0,,0,0,0,0,,,0,0,0,0,,0,0,0,0,,,0,0,0,0,,0,0,0,0,,,0,0,0,0,,0,0,0,0,,,0,0,0,0,,0,0,0,0,,,0,0,0,0,,0,0,0,0,,,0,0,0,0,,0,0,0,0,,,0,0,0,0,,0,0,0,0,,0,,0,0,0,,0,0,0,,0,0,0,,0,0,0,,,,,,,,,,,,,,,,,,,,,,,,,,,,,,,0,357,,,,,,,,,,,,,,,,,,,,,,,,,,,,,,,0,0
9/1/2026,2025,20260992,47995,17681,ROSEBURG FOREST PRODUCTS CO,Natural Gas,INTRASTATE,OREGON,0,0,0,0,0,0,0,0,0,0,0,0,0,0,0,0,0,0,0,0,0,0,0,0,0,0,0,0,0,0,0,0,0,0,0,0,0,0,0,0,0,0,0,0,0,0,0,0,0,0,0,0,0,0,0,0,0,0,0,0,0,0,0,0,0,0,0,0,0,0,0,0,0,0,0,0,0,0,0,0,0,0,0,0,0,0,0,0,0,0,0,0,0,0,0,0,0,0,0,0,0,0,0,0,0,0,0,0,0,0,0,0,0,0,0,0,0,0,0,0,0,0,0,0,0,0,0,0,0,0,0,0,0,0,0,0,0,0,0,0,0,0,0,0,0,0,0,0,0,0,0,0,0,0,0,,0,0,0,0,0,0,0,0,0,0,0,0,0,0,0,0,0,0,0,0,0,0,0,0,0,0,0,0,0,0,0,0,0,0,0,0,0,0,0,0,0,,,,,,,,,,,,,,,,,,,,,,,,,,,,,,,0,
9/1/2026,2025,20260400,47365,18084,LIBERTY UTILITIES (ST. LAWRENCE GAS) CORP.,Natural Gas,INTRASTATE,NEW YORK,0,0,0,0,0,0,0,0,0,0,0,0,0,0,0,0,0,0,0,0,0,0,0,0,0,0,0,0,0,0,0,0,0,0,0,0,0,0,0,0,0,0,0,0,0,0,0,0,0,0,0,0,0,0,0,0,0,0,0,0,0,0,0,0,0,0,0,0,0,0,0,0,0,0,0,0,0,0,0,0,0,0,0,0,0,0,0,0,0,0,0,0,0,0,0,0,0,0,0,0,0,0,0,0,0,0,0,0,0,0,0,0,0,0,0,0,0,0,0,0,0,0,0,0,0,0,0,0,0,0,0,0,0,0,0,0,0,0,0,0,0,0,0,0,0,0,0,0,0,0,0,0,0,0,0,,0,0,0,0,0,0,0,0,0,,,,,,,,,,,,,,,,,,,,,,,,,,,,,,,0,4293,,,,,,,,,,,,,,,,,,,,,,,,,,,,,,,0,
9/1/2026,2025,20261176,48189,18104,CPS ENERGY,Natural Gas,INTRASTATE,TEXAS,0,0,0,0,0,0,0,0,0,0,0,0,0,0,0,0,0,0,0,0,0,0,0,0,0,0,0,0,0,0,0,0,0,0,0,0,0,0,0,0,0,0,0,0,0,0,0,0,0,0,0,0,0,0,0,0,0,0,0,0,0,0,0,0,0,0,0,0,0,0,0,0,0,0,0,0,0,0,0,0,0,0,0,0,0,0,0,0,0,0,0,0,0,0,0,0,0,0,0,0,0,0,0,0,0,0,0,0,0,0,0,0,0,0,0,0,0,0,0,0,0,0,0,0,0,0,0,0,0,0,0,0,0,0,0,0,0,0,0,0,0,0,0,0,0,0,0,0,0,0,0,0,0,0,0,,0,0,0,0,0,0,0,0,0,0,0,0,0,0,0,0,0,0,0,0,0,0,0,0,0,0,0,0,0,0,0,0,0,0,0,0,0,0,0,0,2840,,,,,,,,,,,,,,,,,,,,,,,,,,,,,,,0,
9/1/2026,2025,20260399,48450,18112,SAN DIEGO GAS & ELECTRIC CO,Natural Gas,INTRASTATE,CALIFORNIA,0,0,0,0,0,0,0,0,0,0,0,0,0,0,0,0,0,0,0,0,0,0,0,0,0,0,0,0,0,0,0,0,0,0,0,0,0,0,0,0,0,0,0,0,0,0,0,0,0,0,0,0,0,0,0,2,0,0,1,0,0,0,0,0,0,0,0,0,0,0,0,0,0,0,0,0,0,0,0,0,0,0,0,0,0,0,0,0,0,0,0,0,0,0,0,0,0,0,0,0,0,0,0,0,0,0,0,0,0,0,0,0,0,0,0,0,0,0,0,0,0,0,0,0,0,0,0,0,0,0,0,0,0,0,0,0,0,0,0,0,0,0,0,2,0,0,1,0,0,0,0,0,0,0,2,,0,0,0,0,0,0,0,0,0,0,0,0,0,0,0,0,0,0,0,0,0,0,0,0,0,0,0,0,0,0,0,0,0,0,0,0,0,0,0,0,28437,,,,,,,,,,,,,,,,,,,,,,,,,,,,,,,0,
9/1/2026,2025,20260762,47751,18152,SEA ROBIN PIPELINE CO,Natural Gas,INTERSTATE,LOUISIANA,0,0,0,0,,,0,,,,,0,0,0,0,,,0,,,,,0,0,0,0,,,0,,,,,0,0,0,0,,,0,,,,,0,0,0,0,,,0,,,,,0,0,0,0,,,0,,,,,0,0,0,0,,,0,,,,,0,0,0,0,,,0,,,,,0,0,0,0,,,0,,,,,0,0,0,0,,,0,,,,,0,0,0,0,,,0,0,0,0,0,0,0,0,0,,,0,0,0,0,0,0,0,0,0,,,0,0,0,0,0,0,0,0,0,,0,,0,0,0,0,0,,0,,,,,,0,,0,0,0,0,0,0,0,0,0,0,0,0,0,0,0,0,0,0,0,0,0,0,0,0,0,0,0,0,0,0,0,0,20,,,,,,,,,,,,,,,,,,,,,,,,,,,,,,,,
9/1/2026,2025,20260762,47751,18152,SEA ROBIN PIPELINE CO,Natural Gas,INTERSTATE,OCS-Gulf of America,,,,,0,2,0,,,,,,,,,0,0,0,,,,,,,,,0,0,0,,,,,,,,,0,0,0,,,,,,,,,0,0,0,,,,,,,,,0,1,0,,,,,,,,,0,0,0,,,,,,,,,0,0,0,,,,,,,,,0,0,0,,,,,,,,,0,0,0,,,,,,,,,0,0,0,,,,0,,,,,0,0,0,,,,0,,,,,0,0,0,,,,0,,,,,0,0,3,,,,0,0,,,0,,,,,0,,0,0,0,0,0,0,0,0,0,0,0,0,0,0,0,0,0,0,0,0,0,0,0,0,0,0,0,0,0,0,0,0,38,,,,,,,,,,,,,,,,,,,,,,,,,,,,,,,,
9/1/2026,2025,20260768,47757,18156,SEADRIFT PIPELINE LLC,Natural Gas,INTRASTATE,TEXAS,0,0,0,0,0,0,0,0,0,0,0,0,0,0,0,0,0,0,0,0,0,0,0,0,0,0,0,0,0,0,0,0,0,0,0,0,0,0,0,0,0,0,0,0,0,0,0,0,0,0,0,0,0,0,0,0,0,0,0,0,0,0,0,0,0,0,0,0,0,0,0,0,0,0,0,0,0,0,0,0,0,0,0,0,0,0,0,0,0,0,0,0,0,0,0,0,0,0,0,0,0,0,0,0,0,0,0,0,0,0,0,0,0,0,0,0,0,0,0,0,0,0,0,0,0,0,0,0,0,0,0,0,0,0,0,0,0,0,0,0,0,0,0,0,0,0,0,0,0,0,0,0,0,0,0,,0,0,0,0,0,0,0,0,0,0,0,0,0,0,0,0,0,0,0,0,0,0,0,0,0,0,0,0,0,0,0,0,0,0,0,0,0,0,0,0,0,,,,,,,,,,,,,,,,,,,,,,,,,,,,,,,0,
9/1/2026,2025,20260866,47862,18156,SEADRIFT PIPELINE LLC,Other Gas-Ethylene,INTRASTATE,TEXAS,0,0,0,0,0,0,0,0,0,0,0,0,0,0,0,0,0,0,0,0,0,0,0,0,0,0,0,0,0,0,0,0,0,0,0,0,0,0,0,0,0,0,0,0,0,0,0,0,0,0,0,0,0,0,0,0,0,0,0,0,0,0,0,0,0,0,0,0,0,0,0,0,0,0,0,0,0,0,0,0,0,0,0,0,0,0,0,0,0,0,0,0,0,0,0,0,0,0,0,0,0,0,0,0,0,0,0,0,0,0,0,0,0,0,0,0,0,0,0,0,0,0,0,0,0,0,0,0,0,0,0,0,0,0,0,0,0,0,0,0,0,0,0,0,0,0,0,0,0,0,0,0,0,0,0,,0,0,0,0,0,0,0,0,0,0,0,0,0,0,0,0,0,0,0,0,0,0,0,0,0,0,0,0,0,0,0,0,0,0,0,0,0,0,0,0,0,,,,,,,,,,,,,,,,,,,,,,,,,,,,,,,0,
9/1/2026,2025,20261328,48341,18273,SHELL PIPELINE CORP,Natural Gas,INTRASTATE,LOUISIANA,0,0,0,0,0,0,0,0,0,0,0,0,0,0,0,0,0,0,0,0,0,0,0,0,0,0,0,0,0,0,0,0,0,0,0,0,0,0,0,0,0,0,0,0,0,0,0,0,0,0,0,0,0,0,0,0,0,0,0,0,0,0,0,0,0,0,0,0,0,0,0,0,0,0,0,0,0,0,0,0,0,0,0,0,0,0,0,0,0,0,0,0,0,0,0,0,0,0,0,0,0,0,0,0,0,0,0,0,0,0,0,0,0,0,0,0,0,0,0,0,0,0,0,0,0,0,0,0,0,0,0,0,0,0,0,0,0,0,0,0,0,0,0,0,0,0,0,0,0,0,0,0,0,0,0,,0,0,0,0,0,0,0,0,0,0,0,0,0,0,0,0,0,0,0,0,0,0,0,0,0,0,0,0,0,0,0,0,0,0,0,0,0,0,0,0,140,,,,,,,,,,,,,,,,,,,,,,,,,,,,,,,0,
9/1/2026,2025,20261328,48341,18273,SHELL PIPELINE CORP,Natural Gas,INTRASTATE,OCS-Gulf of America,0,0,0,0,0,0,0,0,0,0,0,0,0,0,0,0,0,0,0,0,0,0,0,0,0,0,0,0,0,0,0,0,0,0,0,0,0,0,0,0,0,0,0,0,0,0,0,0,0,0,0,0,0,0,0,0,0,0,0,0,0,0,0,0,0,0,0,0,0,0,0,0,0,0,0,0,0,0,0,0,0,0,0,0,0,0,0,0,0,0,0,0,0,0,0,0,0,0,0,0,0,0,0,0,0,0,0,0,0,0,0,0,0,0,0,0,0,0,0,0,0,0,0,0,0,0,0,0,0,0,0,0,0,0,0,0,0,0,0,0,0,0,0,0,0,0,0,0,0,0,0,0,0,0,,0,0,0,0,0,0,0,0,0,0,,,,,,,,,,,,,,,,,,,,,,,,,,,,,,,0,,0,0,0,0,0,0,0,0,0,0,0,0,0,0,0,0,0,0,0,0,0,0,0,0,0,0,0,0,0,0,0,11
9/1/2026,2025,20261330,48343,18273,SHELL PIPELINE CORP,Other Gas-Dry Gas,INTRASTATE,LOUISIANA,0,0,0,0,0,0,0,0,0,0,0,0,0,0,0,0,0,0,0,0,0,0,0,0,0,0,0,0,0,0,0,0,0,0,0,0,0,0,0,0,0,0,0,0,0,0,0,0,0,0,0,0,0,0,0,0,0,0,0,0,0,0,0,0,0,0,0,0,0,0,0,0,0,0,0,0,0,0,0,0,0,0,0,0,0,0,0,0,0,0,0,0,0,0,0,0,0,0,0,0,0,0,0,0,0,0,0,0,0,0,0,0,0,0,0,0,0,0,0,0,0,0,0,0,0,0,0,0,0,0,0,0,0,0,0,0,0,0,0,0,0,0,0,0,0,0,0,0,0,0,0,0,0,0,0,,0,0,0,0,0,0,0,0,0,0,0,0,0,0,0,0,0,0,0,0,0,0,0,0,0,0,0,0,0,0,0,0,0,0,0,0,0,0,0,0,1674,,,,,,,,,,,,,,,,,,,,,,,,,,,,,,,0,
9/1/2026,2025,20261330,48343,18273,SHELL PIPELINE CORP,Other Gas-Dry Gas,INTRASTATE,TEXAS,0,0,0,0,0,0,0,0,0,0,0,0,0,0,0,0,0,0,0,0,0,0,0,0,0,0,0,0,0,0,0,0,0,0,0,0,0,0,0,0,0,0,0,0,0,0,0,0,0,0,0,0,0,0,0,0,0,0,0,0,0,0,0,0,0,0,0,0,0,0,0,0,0,0,0,0,0,0,0,0,0,0,0,0,0,0,0,0,0,0,0,0,0,0,0,0,0,0,0,0,0,0,0,0,0,0,0,0,0,0,0,0,0,0,0,0,0,0,0,0,0,0,0,0,0,0,0,0,0,0,0,0,0,0,0,0,0,0,0,0,0,0,0,0,0,0,0,0,0,0,0,0,0,0,0,,0,0,0,0,0,0,0,0,0,0,0,0,0,0,0,0,0,0,0,0,0,0,0,0,0,0,0,0,0,0,0,0,0,0,0,0,0,0,0,0,5470,,,,,,,,,,,,,,,,,,,,,,,,,,,,,,,0,
9/1/2026,2025,20261291,48304,18308,NV Energy,Natural Gas,INTRASTATE,NEVADA,0,0,0,0,0,0,0,0,0,0,0,0,0,0,0,0,0,0,0,0,0,0,0,0,0,0,0,0,0,0,0,0,0,0,0,0,0,0,0,0,0,0,0,0,0,0,0,0,0,0,0,0,0,0,0,0,0,0,0,0,0,0,0,0,0,0,0,0,0,0,0,0,0,0,0,0,0,0,0,0,0,0,0,0,0,0,0,0,0,0,0,0,0,0,0,0,0,0,0,0,0,0,0,0,0,0,0,0,0,0,0,0,0,0,0,0,0,0,0,0,0,0,0,0,0,0,0,0,0,0,0,0,0,0,0,0,0,0,0,0,0,0,0,0,0,0,0,0,0,0,0,0,0,0,0,,0,0,0,0,0,0,0,0,0,0,0,0,0,0,0,0,0,0,0,0,0,0,0,0,0,0,0,0,0,0,0,0,0,0,0,0,0,0,0,0,32,,,,,,,,,,,,,,,,,,,,,,,,,,,,,,,0,
9/1/2026,2025,20261111,48122,18336,SIOUX CENTER MUNICIPAL GAS UTILITY,Natural Gas,INTRASTATE,IOWA,0,0,0,0,0,0,0,0,0,0,0,0,0,0,0,0,0,0,0,0,0,0,0,0,0,0,0,0,0,0,0,0,0,0,0,0,0,0,0,0,0,0,0,0,0,0,0,0,0,0,0,0,0,0,0,0,0,0,0,0,0,0,0,0,0,0,0,0,0,0,0,0,0,0,0,0,0,0,0,0,0,0,0,0,0,0,0,0,0,0,0,0,0,0,0,0,0,0,0,0,0,0,0,0,0,0,0,0,0,0,0,0,0,0,0,0,0,0,0,0,0,0,0,0,0,0,0,0,0,0,0,0,0,0,0,0,0,0,0,0,0,0,0,0,0,0,0,0,0,0,0,0,0,0,0,0,0,0,0,0,0,0,0,0,0,,,,,,,,,,,,,,,,,,,,,,,,,,,,,,,0,1373,,,,,,,,,,,,,,,,,,,,,,,,,,,,,,,0,1373
9/1/2026,2025,20260536,47516,18380,SOCORRO NATURAL GAS CO,Natural Gas,INTRASTATE,NEW MEXICO,,0,0,0,,,,,,,,,0,0,0,,,,,,,,,0,0,0,,,,,,,,,0,0,0,,,,,,,,,0,0,0,,,,,,,,,0,0,0,,,,,,,,,0,0,0,,,,,,,,,0,0,0,,,,,,,,,0,0,0,,,,,,,,,0,0,0,,,,,,,,,0,0,0,,,,,,,0,,0,0,0,,,,,,,0,,0,0,0,,,,,,,0,,0,0,0,,,,,,,0,0,,0,,,,,,0,,0,0,,,,,0,0,,,,,,0,0,,,,0,0,,,,,,,,,,,0,0,0,,,,,,,,,,,,,,,,,,,,,,,,,,,,,,,,
9/1/2026,2025,20260983,47986,18388,SOMERSET GAS SERVICE,Natural Gas,INTRASTATE,KENTUCKY,0,0,0,0,,,0,0,0,0,,0,0,0,0,,,0,0,0,0,,0,0,0,0,,,0,0,0,0,,0,0,0,0,,,0,0,0,0,,0,0,0,0,,,0,0,0,0,,0,0,0,0,,,0,0,0,0,,0,0,0,0,,,0,0,0,0,,0,0,0,0,,,0,0,0,1,,0,0,0,0,,,0,0,0,0,,0,0,0,0,,,0,0,0,0,,0,0,0,0,,,0,0,0,0,,0,0,0,0,,,0,0,0,0,,0,0,0,0,,,0,0,0,0,,0,0,0,0,,0,,0,0,1,,0,0,0,,0,0,0,,0,0,0,,,,,,,,,,,,,,,,,,,,,,,,,,,,,,,0,382,1,,,,,1,,,,,,,,,,,,,,,,,,,,,,,,,1,22
9/1/2026,2025,20260718,47705,18408,"DOMINION ENERGY SOUTH CAROLINA, INC.",Natural Gas,INTRASTATE,SOUTH CAROLINA,0,0,0,0,0,0,0,0,0,0,0,0,0,0,0,0,0,0,0,0,0,0,0,0,0,0,0,0,0,0,0,0,0,0,0,0,0,0,0,0,0,0,0,0,0,0,0,0,0,0,0,0,0,0,0,0,0,0,3,0,0,0,0,0,0,0,0,0,0,0,0,0,0,0,0,0,0,0,0,0,0,0,0,0,0,0,0,0,0,0,0,0,0,0,0,0,0,0,0,0,0,0,0,0,0,0,0,0,0,0,0,0,0,0,0,0,0,0,0,0,0,0,0,0,0,0,0,0,0,0,0,0,0,0,0,0,0,0,0,0,0,0,0,0,0,0,3,0,0,0,0,0,0,0,0,,0,0,0,0,0,0,0,0,0,,,,,,,,,,,,,,,,,,,,,,,,,,,,,,,0,27060,,,,,,,,,,,,,,,,,,,,,,,,,,,,,,,0,
9/1/2026,2025,20260972,47975,18440,SOUTH JERSEY GAS CO,Natural Gas,INTRASTATE,NEW JERSEY,0,0,0,0,0,0,0,0,0,0,0,0,0,0,0,0,0,0,0,0,0,0,0,0,0,0,0,0,0,0,0,0,0,0,0,0,0,0,0,0,0,0,0,0,0,0,0,0,0,0,0,0,0,0,0,0,0,0,0,0,0,0,0,0,0,0,0,0,0,0,0,0,0,0,0,0,0,0,0,0,0,0,0,0,0,0,0,0,0,0,0,0,0,0,0,0,0,0,0,0,0,0,0,0,0,0,0,0,0,0,0,0,0,0,0,0,0,0,0,0,0,0,0,0,0,0,0,0,0,0,0,0,0,0,0,0,0,0,0,0,0,0,0,0,0,0,0,0,0,0,0,0,0,0,0,,0,0,0,0,0,0,0,0,0,,,,,,,,,,,,,,,,,,,,,,,,,,,,,,,0,167688,,,,,,,,,,,,,,,,,,,,,,,,,,,,,,,0,
9/1/2026,2025,20260829,47823,18456,SOUTHEAST GAS,Natural Gas,INTRASTATE,ALABAMA,0,0,0,0,,,0,,,,,0,0,0,0,,,0,,,,,0,0,0,0,,,0,,,,,0,0,0,0,,,0,,,,,0,0,0,0,,,0,,,,,0,0,0,0,,,0,,,,,0,0,0,0,,,0,,,,,0,0,0,0,,,0,,,,,0,0,0,0,,,0,,,,,0,0,0,0,,,0,,,,,0,0,0,0,,,0,0,0,0,0,0,0,0,0,,,0,0,0,0,0,0,0,0,0,,,0,0,0,0,0,0,0,0,0,,0,,0,0,0,0,0,,0,,,,,,0,,0,,,,,,,,,,,,,,,,,,,,,1,,,,,,,,,1,1,31847,,,,,,,,,,,,,,,,,,,,,,,,,,,,,,,,
9/1/2026,2025,20261302,48451,18472,SEMCO ENERGY GAS COMPANY,Natural Gas,INTRASTATE,MICHIGAN,0,0,0,0,,,0,,,,,0,0,0,0,,,0,,,,,0,0,0,0,,,0,,,,,0,0,0,0,,,0,,,,,0,0,0,0,,,0,,,,,0,0,0,0,,,0,,,,,0,0,0,0,,,0,,,,,0,0,0,0,,,0,,,,,0,0,0,0,,,0,,,,,0,0,0,0,,,0,,,,,0,0,0,0,,,0,0,0,0,0,0,0,0,0,,,0,0,0,0,0,0,0,0,0,,,0,0,0,0,0,0,0,0,0,,0,,0,0,0,0,0,,0,,,,,,0,,0,,,,,,,,,,,,,,,,,,,,,,,,,,,,,,,0,135,,,,,,,,,,,,,,,,,,,,,,,,,,,,,,,,
9/1/2026,2025,20261300,48452,18473,SEMCO PIPELINE CO,Natural Gas,INTRASTATE,MICHIGAN,0,0,0,0,0,0,0,0,0,0,0,0,0,0,0,0,0,0,0,0,0,0,0,0,0,0,0,0,0,0,0,0,0,0,0,0,0,0,0,0,0,0,0,0,0,0,0,0,0,0,0,0,0,0,0,0,0,0,0,0,0,0,0,0,0,0,0,0,0,0,0,0,0,0,0,0,0,0,0,0,0,0,0,0,0,0,0,0,0,0,0,0,0,0,0,0,0,0,0,0,0,0,0,0,0,0,0,0,0,0,0,0,0,0,0,0,0,0,0,0,0,0,0,0,0,0,0,0,0,0,0,0,0,0,0,0,0,0,0,0,0,0,0,0,0,0,0,0,0,0,0,0,0,0,0,,0,0,0,0,0,0,0,0,0,,,,,,,,,,,,,,,,,,,,,,,,,,,,,,,0,78,,,,,,,,,,,,,,,,,,,,,,,,,,,,,,,0,
9/1/2026,2025,20260676,47661,18484,SOUTHERN CALIFORNIA GAS CO,Natural Gas,INTRASTATE,CALIFORNIA,1,0,0,0,0,0,0,0,0,0,0,0,0,0,0,0,0,0,0,0,0,0,0,0,0,0,0,0,0,0,0,0,0,0,0,0,0,0,0,0,0,0,0,0,5,0,1,3,0,0,0,0,0,0,0,16,4,2,3,0,0,0,0,0,0,0,0,0,0,1,0,0,0,0,0,0,0,0,0,0,0,0,0,0,0,0,0,0,0,0,0,0,0,0,0,0,0,0,0,0,0,0,0,0,0,0,0,0,0,0,0,0,0,0,0,0,0,0,0,0,0,0,1,0,0,0,0,0,0,0,0,0,0,0,0,0,0,0,0,0,0,0,0,22,5,3,7,0,0,0,0,0,0,0,45,,7,0,0,0,0,0,7,0,7,,,,,,,,,,,,1,1,,,,,,,,,,,,,,,,,,1,151675,,,,,,,,,,,,,,,,,,,,,,,,,,,,,,,0,
9/1/2026,2025,20260714,47701,18508,SOUTHERN INDIANA GAS & ELECTRIC CO,Natural Gas,INTRASTATE,INDIANA,0,0,0,0,0,0,0,0,0,0,0,0,0,0,1,0,0,0,0,0,0,0,0,0,0,0,0,0,0,0,0,0,0,0,0,0,0,0,0,0,0,0,0,0,0,0,0,0,0,0,0,0,0,0,0,0,0,0,0,0,0,0,0,0,0,0,0,0,0,0,0,0,0,0,0,0,0,0,0,0,0,0,0,0,0,0,0,0,0,0,0,0,0,0,0,0,0,0,0,0,0,0,0,0,0,0,0,0,0,0,0,0,0,0,0,0,0,0,0,0,0,0,0,0,0,0,0,0,0,0,0,0,0,0,0,0,0,0,0,0,0,0,0,0,0,0,1,0,0,0,0,0,0,0,0,,0,,,,,,0,,0,,,,,,,,,,,,,,,,,,,,,,,,,,,,,,,0,577,,,,,,,,,,,,,,,,,,,,,,,,,,,,,,,,
9/1/2026,2025,20261098,48109,18516,SOUTHERN NATURAL GAS CO,Natural Gas,INTERSTATE,ALABAMA,0,0,0,0,,,0,,,,,0,0,0,0,,,0,,,,,0,0,0,0,,,0,,,,,0,0,0,0,,,0,,,,,0,0,0,0,,,0,,,,,1,0,1,1,,,0,,,,,0,0,0,0,,,0,,,,,0,0,0,0,,,0,,,,,0,0,0,0,,,0,,,,,0,0,0,0,,,0,,,,,0,0,1,0,,,0,0,0,0,0,0,0,0,0,,,0,0,0,0,0,0,0,0,0,,,0,0,0,0,0,1,0,2,1,,0,,0,0,0,0,0,,0,,,,,,0,,0,1,,,,,1,,,,,,,,,,,,,,,,,,,,,,,,,1,9907,,,,,,,,,,,,,,,,,,,,,,,,,,,,,,,,
9/1/2026,2025,20261098,48109,18516,SOUTHERN NATURAL GAS CO,Natural Gas,INTERSTATE,FLORIDA,0,0,0,0,,,0,,,,,0,0,0,0,,,0,,,,,0,0,0,0,,,0,,,,,0,0,0,0,,,0,,,,,0,0,0,0,,,0,,,,,0,0,0,0,,,0,,,,,0,0,0,0,,,0,,,,,0,0,0,0,,,0,,,,,0,0,0,0,,,0,,,,,0,0,0,0,,,0,,,,,0,0,0,0,,,0,,,,0,0,0,0,0,,,0,,,,0,0,0,0,0,,,0,,,,0,0,0,0,0,,0,,,,,0,0,,0,,,,,,0,,0,,,,,,,,,,,,,,,,,,,,,,,,,,,,,,,0,567,,,,,,,,,,,,,,,,,,,,,,,,,,,,,,,,
9/1/2026,2025,20261098,48109,18516,SOUTHERN NATURAL GAS CO,Natural Gas,INTERSTATE,GEORGIA,1,0,0,0,,,0,,,,,0,0,0,0,,,0,,,,,0,0,0,0,,,0,,,,,0,0,0,0,,,0,,,,,0,0,0,0,,,0,,,,,0,0,2,3,,,0,,,,,0,0,0,2,,,0,,,,,0,0,0,0,,,0,,,,,0,0,0,0,,,0,,,,,0,0,0,0,,,0,,,,,0,0,0,0,,,0,0,0,0,0,0,0,0,0,,,0,0,0,0,0,0,0,0,0,,,0,0,0,0,0,1,0,2,5,,0,,0,0,0,0,0,,0,,,,,,0,,0,1,,,,,1,,,,,,,,,,,,,,,,,,,,,,,,,1,11205,,,,,,,,,,,,,,,,,,,,,,,,,,,,,,,,
9/1/2026,2025,20261098,48109,18516,SOUTHERN NATURAL GAS CO,Natural Gas,INTERSTATE,LOUISIANA,0,0,0,0,,,0,,,,,0,0,0,1,,,0,,,,,0,0,0,0,,,0,,,,,0,0,0,0,,,0,,,,,0,0,0,0,,,0,,,,,0,0,0,3,,,0,,,,,0,0,0,0,,,0,,,,,0,0,0,0,,,0,,,,,0,0,0,0,,,0,,,,,0,0,0,0,,,0,,,,,0,0,0,0,,,0,0,0,0,0,0,0,0,0,,,0,0,0,0,0,0,0,0,0,,,0,0,0,0,0,0,0,0,4,,0,,0,0,0,0,0,,0,,,,,,0,,0,,,,,,,,,,,,,,,,,,,,,,,,,,,,,,,0,3131,,,,,,,,,,,,,,,,,,,,,,,,,,,,,,,,
9/1/2026,2025,20261098,48109,18516,SOUTHERN NATURAL GAS CO,Natural Gas,INTERSTATE,MISSISSIPPI,0,0,0,0,,,0,,,,,0,0,0,1,,,0,,,,,0,0,0,0,,,0,,,,,0,0,0,0,,,0,,,,,0,0,0,0,,,0,,,,,0,0,0,1,,,0,,,,,0,0,0,0,,,0,,,,,0,0,0,0,,,0,,,,,0,0,0,0,,,0,,,,,0,0,0,0,,,0,,,,,0,0,0,0,,,0,0,0,0,0,0,0,0,0,,,0,0,0,0,0,0,0,0,0,,,0,0,0,0,0,0,0,0,2,,0,,0,0,0,0,0,,0,,,,,,0,,0,,,,,,,,,,,,,,,,,,,,,,,,,,,,,,,0,1908,,,,,,,,,,,,,,,,,,,,,,,,,,,,,,,,
9/1/2026,2025,20261098,48109,18516,SOUTHERN NATURAL GAS CO,Natural Gas,INTERSTATE,SOUTH CAROLINA,0,0,0,0,,,0,,,,,0,0,0,0,,,0,,,,,0,0,0,0,,,0,,,,,0,0,0,0,,,0,,,,,0,0,0,0,,,0,,,,,0,0,0,0,,,0,,,,,0,0,0,0,,,0,,,,,0,0,0,0,,,0,,,,,0,0,0,0,,,0,,,,,0,0,0,0,,,0,,,,,0,0,0,0,,,0,,,,0,0,0,0,0,,,0,,,,0,0,0,0,0,,,0,,,,0,0,0,0,0,,0,,,,,0,0,,0,,,,,,0,,0,,,,,,,,,,,,,,,,,,,,,,,,,,,,,,,0,1256,,,,,,,,,,,,,,,,,,,,,,,,,,,,,,,,
9/1/2026,2025,20261098,48109,18516,SOUTHERN NATURAL GAS CO,Natural Gas,INTERSTATE,TENNESSEE,0,0,0,0,,,0,,,,,0,0,0,0,,,0,,,,,0,0,0,0,,,0,,,,,0,0,0,0,,,0,,,,,0,0,0,0,,,0,,,,,0,0,0,0,,,0,,,,,0,0,0,0,,,0,,,,,0,0,0,0,,,0,,,,,0,0,0,0,,,0,,,,,0,0,0,0,,,0,,,,,0,0,0,0,,,0,0,0,0,0,0,0,0,0,,,0,0,0,0,0,0,0,0,0,,,0,0,0,0,0,0,0,0,0,,0,,0,0,0,0,0,,0,,,,,,0,,0,,,,,,,,,,,,,,,,,,,,,,,,,,,,,,,0,92,,,,,,,,,,,,,,,,,,,,,,,,,,,,,,,,
9/1/2026,2025,20261098,48109,18516,SOUTHERN NATURAL GAS CO,Natural Gas,INTRASTATE,ALABAMA,0,0,0,0,,,0,,,,,0,0,0,0,,,0,,,,,0,0,0,0,,,0,,,,,0,0,0,0,,,0,,,,,0,0,0,0,,,0,,,,,1,0,1,1,,,0,,,,,0,0,0,0,,,0,,,,,0,0,0,0,,,0,,,,,0,0,0,0,,,0,,,,,0,0,0,0,,,0,,,,,0,0,1,0,,,0,,,,,0,0,0,0,,,0,,,,,0,0,0,0,,,0,,,,,1,0,2,1,,0,,,,,,0,,0,,,,,,0,,0,1,,,,,1,,,,,,,,,,,,,,,,,,,,,,,,,1,11,,,,,,,,,,,,,,,,,,,,,,,,,,,,,,,,
9/1/2026,2025,20260553,47533,18532,"TEXAS GAS SERVICE COMPANY, A DIVISION OF ONE GAS, INC.",Natural Gas,INTRASTATE,TEXAS,0,0,0,0,,,0,,,,,0,0,0,0,,,0,,,,,0,0,0,0,,,0,,,,,0,0,0,0,,,0,,,,,0,0,0,0,,,0,,,,,0,0,0,0,,,0,,,,,0,0,0,0,,,0,,,,,0,0,0,0,,,0,,,,,0,0,0,0,,,0,,,,,0,0,0,0,,,0,,,,,0,0,0,0,,,0,,,,,0,0,0,0,,,0,,,,,0,0,0,0,,,0,,,,,0,0,0,0,,0,,,,,,0,,0,,,,,,0,,0,0,0,0,0,0,0,0,0,0,0,0,0,0,0,0,0,0,0,0,0,0,0,0,0,0,0,0,0,0,0,0,1474,,,,,,,,,,,,,,,,,,,,,,,,,,,,,,,,
9/1/2026,2025,20261215,48455,18536,SOUTHWEST GAS CORP,Natural Gas,INTRASTATE,ARIZONA,0,0,0,0,,,2,,,,,0,0,0,0,,,0,,,,,0,0,0,0,,,0,,,,,0,0,0,0,,,0,,,,,0,0,0,0,,,1,,,,,1,0,0,0,,,0,,,,,0,0,0,0,,,0,,,,,0,0,0,0,,,0,,,,,0,0,0,0,,,4,,,,,0,0,0,0,,,0,,,,,0,0,0,0,,,0,0,0,0,0,0,0,0,0,,,0,0,0,0,0,0,0,0,0,,,0,0,0,0,0,1,0,0,0,,7,,0,0,0,0,1,,0,,,,,,0,,0,,,,,,,,,,,,,,,,,,,,,,,,,,,,,,,0,4042,,,,,,,,,,,,,,,,,,,,,,,,,,,,,,,,
9/1/2026,2025,20261215,48455,18536,SOUTHWEST GAS CORP,Natural Gas,INTRASTATE,CALIFORNIA,0,0,0,0,,,0,,,,,0,0,0,0,,,0,,,,,0,0,0,0,,,0,,,,,0,0,0,0,,,0,,,,,0,0,0,0,,,0,,,,,0,0,0,1,,,0,,,,,0,0,0,0,,,0,,,,,0,0,0,0,,,0,,,,,0,0,0,0,,,0,,,,,0,0,0,0,,,0,,,,,0,0,0,0,,,0,0,0,0,0,0,0,0,0,,,0,0,0,0,0,0,0,0,0,,,0,0,0,0,0,0,0,0,1,,0,,0,0,0,0,0,,0,,,,,,0,,0,,,,,,,,,,,,,,,,,,,,,,,,,,,,,,,0,15,,,,,,,,,,,,,,,,,,,,,,,,,,,,,,,,
9/1/2026,2025,20261215,48455,18536,SOUTHWEST GAS CORP,Natural Gas,INTRASTATE,NEVADA,0,0,0,0,,,0,,,,,0,0,0,0,,,0,,,,,0,0,0,0,,,0,,,,,0,0,0,0,,,0,,,,,0,0,0,0,,,0,,,,,0,0,0,0,,,0,,,,,0,0,0,0,,,0,,,,,0,0,0,0,,,0,,,,,0,0,0,0,,,1,,,,,0,0,0,0,,,0,,,,,0,0,0,0,,,0,0,0,0,0,0,0,0,0,,,0,0,0,0,0,0,0,0,0,,,0,0,0,0,0,0,0,0,0,,1,,0,0,0,0,0,,0,,,,,,0,,0,,,,,,,1,,,,,,1,,,5,,5,,,,,,,,,,,,,6,1961,,,,,,,,,,,,,,,,,,,,,,,,,,,,,,,,
9/1/2026,2025,20261254,48267,18555,SOUTHWESTERN PUBLIC SERVICE CO,Natural Gas,INTRASTATE,TEXAS,0,0,0,0,,,0,,,,,0,0,0,0,,,0,,,,,0,0,0,0,,,0,,,,,0,0,0,0,,,0,,,,,0,0,0,0,,,0,,,,,0,0,0,0,,,0,,,,,0,0,0,0,,,0,,,,,0,0,0,0,,,0,,,,,0,0,0,0,,,0,,,,,0,0,0,0,,,0,,,,,0,0,0,0,,,0,0,0,0,0,0,0,0,0,,,0,0,0,0,0,0,0,0,0,,,0,0,0,0,0,0,0,0,0,,0,,0,0,0,0,0,,0,,,,,,0,,0,0,0,0,0,0,0,0,0,0,0,0,0,0,0,0,0,0,0,0,0,0,0,0,0,0,0,0,0,0,0,0,225,,,,,,,,,,,,,,,,,,,,,,,,,,,,,,,,
9/1/2026,2025,20260220,47178,18560,SOUTHWESTERN VIRGINIA GAS CO,Natural Gas,INTRASTATE,VIRGINIA,0,0,0,0,0,0,0,0,0,0,0,0,0,0,0,0,0,0,0,0,0,0,0,0,0,0,0,0,0,0,0,0,0,0,0,0,0,0,0,0,0,0,0,0,0,0,0,0,0,0,0,0,0,0,0,0,0,0,1,0,0,0,0,0,0,0,0,0,0,0,0,0,0,0,0,0,0,0,0,0,0,0,0,0,0,0,0,0,0,0,0,0,0,0,0,0,0,0,0,0,0,0,0,0,0,0,0,0,0,0,0,0,0,0,0,0,0,0,0,0,0,0,0,0,0,0,0,0,0,0,0,0,0,0,0,0,0,0,0,0,0,0,0,0,0,0,1,0,0,0,0,0,0,0,0,,0,0,0,0,0,0,0,0,0,,,,,,,,,,,,,,,,,,,,,,,,,,,,,,,0,3513,,,,,,,,,,,,,,,,,,,,,,,,,,,,,,,0,
9/1/2026,2025,20261272,48285,18584,"SPRINGFIELD, CITY UTILITIES OF",Natural Gas,INTRASTATE,MISSOURI,0,0,0,0,,,0,,,,,0,0,0,0,,,0,,,,,0,0,0,0,,,0,,,,,0,0,0,0,,,0,,,,,0,0,0,0,,,0,,,,,0,0,0,1,,,0,,,,,0,0,0,0,,,0,,,,,0,0,0,0,,,0,,,,,0,0,0,0,,,0,,,,,0,0,0,0,,,0,,,,,0,0,0,0,,,0,0,0,0,0,0,0,0,0,,,0,0,0,0,0,0,0,0,0,,,0,0,0,0,0,0,0,0,1,,0,,0,0,0,0,0,,0,,,,,,0,,0,,,,,,,,,,,,,,,,,,,,,,,,,,,,,,,0,128,,,,,,,,,,,,,,,,,,,,,,,,,,,,,,,,
9/1/2026,2025,20260671,47656,18608,STANDARD PACIFIC GAS LINE INC,Natural Gas,INTRASTATE,CALIFORNIA,0,0,0,0,0,0,0,0,0,0,0,0,0,0,0,0,0,0,0,0,0,0,0,0,0,0,0,0,0,0,0,0,0,0,0,0,0,0,0,0,0,0,0,0,0,0,0,0,0,0,0,0,0,0,0,0,0,0,0,0,0,0,0,0,0,0,0,0,0,0,0,0,0,0,0,0,0,0,0,0,0,0,0,0,0,0,0,0,0,0,0,0,0,0,0,0,0,0,0,0,0,0,0,0,0,0,0,0,0,0,0,0,0,0,0,0,0,0,0,0,0,0,0,0,0,0,0,0,0,0,0,0,0,0,0,0,0,0,0,0,0,0,0,0,0,0,0,0,0,0,0,0,0,0,0,,0,0,0,0,0,0,0,0,0,0,0,0,0,0,0,0,0,0,0,0,0,0,0,0,0,0,0,0,0,0,0,0,0,0,0,0,0,0,0,0,1538920,,,,,,,,,,,,,,,,,,,,,,,,,,,,,,,0,
9/1/2026,2025,20260089,47043,18636,"STEPHEN, CITY OF",Natural Gas,INTRASTATE,MINNESOTA,0,0,0,0,0,0,0,0,0,0,0,0,0,0,0,0,0,0,0,0,0,0,0,0,0,0,0,0,0,0,0,0,0,0,0,0,0,0,0,0,0,0,0,0,0,0,0,0,0,0,0,0,0,0,0,0,0,0,0,0,0,0,0,0,0,0,0,0,0,0,0,0,0,0,0,0,0,0,0,0,0,0,0,0,0,0,0,0,0,0,0,0,0,0,0,0,0,0,0,0,0,0,0,0,0,0,0,0,0,0,0,0,0,0,0,0,0,0,0,0,0,0,0,0,0,0,0,0,0,0,0,0,0,0,0,0,0,0,0,0,0,0,0,0,0,0,0,0,0,0,0,0,0,0,0,0,0,0,0,0,0,0,0,0,0,,,,,,,,,,,,,,,,,,,,,,,,,,,,,,,0,1,,,,,,,,,,,,,,,,,,,,,,,,,,,,,,,0,
9/1/2026,2025,20261369,48383,18667,FREEPORT-MCMORAN OIL & GAS,Natural Gas,INTERSTATE,OCS-Pacific,0,0,0,0,0,0,0,0,0,0,0,0,0,0,0,0,0,0,0,0,0,0,0,0,0,0,0,0,0,0,0,0,0,0,0,0,0,0,0,0,0,0,0,0,0,0,0,0,0,0,0,0,0,0,0,0,0,0,0,0,0,0,0,0,0,0,0,0,0,0,0,0,0,0,0,0,0,0,0,0,0,0,0,0,0,0,0,0,0,0,0,0,0,0,0,0,0,0,0,0,0,0,0,0,0,0,0,0,0,0,0,0,0,0,0,0,0,0,0,0,0,0,0,0,0,0,0,0,0,0,0,0,0,0,0,0,0,0,0,0,0,0,0,0,0,0,0,0,0,0,0,0,0,0,,0,0,0,0,0,0,0,0,0,0,,,,,,,,,,,,,,,,,,,,,,,,,,,,,,,0,,,,,,,,,,,,,,,,,,,,,,,,,,,,,,,,0,26
9/1/2026,2025,20260763,47752,18718,SUNOCO PIPELINE L.P.,Natural Gas,INTRASTATE,NEW JERSEY,0,0,0,0,0,0,0,0,0,0,0,0,0,0,0,0,0,0,0,0,0,0,0,0,0,0,0,0,0,0,0,0,0,0,0,0,0,0,0,0,0,0,0,0,0,0,0,0,0,0,0,0,0,0,0,0,0,0,0,0,0,0,0,0,0,0,0,0,0,0,0,0,0,0,0,0,0,0,0,0,0,0,0,0,0,0,0,0,0,0,0,0,0,0,0,0,0,0,0,0,0,0,0,0,0,0,0,0,0,0,0,0,0,0,0,0,0,0,0,0,0,0,0,0,0,0,0,0,0,0,0,0,0,0,0,0,0,0,0,0,0,0,0,0,0,0,0,0,0,0,0,0,0,0,0,,0,0,0,0,0,0,0,0,0,0,0,0,0,0,0,0,0,0,0,0,0,0,0,0,0,0,0,0,0,0,0,0,0,0,0,0,0,0,0,0,345,,,,,,,,,,,,,,,,,,,,,,,,,,,,,,,0,
9/1/2026,2025,20260388,47353,18752,SUPERIOR WATER LIGHT & POWER CO,Natural Gas,INTRASTATE,WISCONSIN,,0,0,0,,0,,0,0,0,0,,0,0,0,,0,,0,0,0,0,,0,0,0,,0,,0,0,0,0,,0,0,0,,0,,0,0,0,0,,0,0,0,,0,,0,0,0,0,,0,0,0,,0,,0,0,0,0,,0,0,0,,0,,0,0,0,0,,0,0,0,,0,,0,0,0,0,,0,0,0,,0,,0,0,0,0,,0,0,0,,0,,0,0,0,0,,0,0,0,,0,,0,0,0,0,,0,0,0,,0,,0,0,0,0,,0,0,0,,0,,0,0,0,0,,0,0,0,,,0,0,0,0,0,0,,0,0,0,0,0,0,0,0,0,,,,,,,,,,,,,,,,,,,,,,,,,,,,,,,0,3959,,,,,,,,,,,,,,,,,,,,,,,,,,,,,,,0,
9/1/2026,2025,20260046,46998,18784,SYLACAUGA GAS SYSTEM,Natural Gas,INTRASTATE,ALABAMA,0,0,0,0,0,0,0,0,0,0,0,0,0,0,0,0,0,0,0,0,0,0,0,0,0,0,0,0,0,0,0,0,0,0,0,0,0,0,0,0,0,0,0,0,0,0,0,0,0,0,0,0,0,0,0,0,0,0,0,0,0,0,0,0,0,0,0,0,0,0,0,0,0,0,0,0,0,0,0,0,0,0,0,0,0,0,0,0,0,0,0,0,0,0,0,0,0,0,0,0,0,0,0,0,0,0,0,0,0,0,0,0,0,0,0,0,0,0,0,0,0,0,0,0,0,0,0,0,0,0,0,0,0,0,0,0,0,0,0,0,0,0,0,0,0,0,0,0,0,0,0,0,0,0,0,,0,0,0,0,0,0,0,0,0,,,,,,,,,,,,,,,,,,,,,,,,,,,,,,,0,2014,,,,,,,,,,,,,,,,,,,,,,,,,,,,,,,0,
9/1/2026,2025,20260651,47636,19125,TEAVEE OIL & GAS INC,Natural Gas,INTRASTATE,WEST VIRGINIA,0,0,0,0,,,0,,,,,0,0,0,0,,,0,,0,,,0,0,0,0,,,0,,0,,,0,0,0,0,,,0,,0,,,0,0,0,0,,,0,,0,,,0,0,0,0,,,0,,0,,,0,0,0,0,,,0,,0,,,0,0,0,0,,,0,,0,,,0,0,0,0,,,0,,0,,,0,0,0,0,,,0,,0,,,0,0,0,0,,,0,,0,,,0,0,0,0,,,0,,0,,,0,0,0,0,,,0,,0,,,0,0,0,0,,0,,,0,,,0,0,0,0,0,0,0,0,0,0,0,,,,,,,,,,,,,,,,,,,,,,,,,,,,,,,0,43,1,,,,,1,3,,,,,,3,,,,,,,,,,,,,,,,,,4,266
9/1/2026,2025,20261113,48124,19160,TENNESSEE GAS PIPELINE COMPANY,Natural Gas,INTERSTATE,ALABAMA,0,0,0,0,,,0,,,,,0,0,0,0,,,0,,,,,0,0,0,0,,,0,,,,,0,0,0,0,,,0,,,,,0,0,0,0,,,0,,,,,0,0,0,0,,,0,,,,,0,0,0,0,,,0,,,,,0,0,0,0,,,0,,,,,0,0,0,0,,,0,,,,,0,0,0,0,,,0,,,,,0,0,0,0,,,0,,,,,0,0,0,0,,,0,,,,,0,0,0,0,,,0,,,,,0,0,0,0,,0,,,,,,0,,0,,,,,,0,,0,0,0,0,0,0,0,0,0,0,0,0,0,0,0,0,0,0,0,0,0,0,0,0,0,0,0,0,0,0,0,0,134,,,,,,,,,,,,,,,,,,,,,,,,,,,,,,,,
9/1/2026,2025,20261113,48124,19160,TENNESSEE GAS PIPELINE COMPANY,Natural Gas,INTERSTATE,ARKANSAS,0,0,0,0,,,0,,,,,0,0,0,0,,,0,,,,,0,0,0,0,,,0,,,,,0,0,0,0,,,0,,,,,0,0,0,0,,,0,,,,,0,0,0,0,,,0,,,,,0,0,0,0,,,0,,,,,0,0,0,0,,,0,,,,,0,0,0,0,,,0,,,,,0,0,0,0,,,0,,,,,0,0,0,0,,,0,0,0,0,0,0,0,0,0,,,0,0,0,0,0,0,0,0,0,,,0,0,0,0,0,0,0,0,0,,0,,0,0,0,0,0,,0,,,,,,0,,0,0,0,0,0,0,0,0,0,0,0,0,0,0,0,0,0,0,0,0,0,0,0,0,0,0,0,0,0,0,0,0,40,,,,,,,,,,,,,,,,,,,,,,,,,,,,,,,,
9/1/2026,2025,20261113,48124,19160,TENNESSEE GAS PIPELINE COMPANY,Natural Gas,INTERSTATE,CONNECTICUT,0,0,0,0,,,0,,,,,0,0,0,0,,,0,,,,,0,0,0,0,,,0,,,,,0,0,0,0,,,0,,,,,0,0,0,0,,,0,,,,,1,0,0,0,,,0,,,,,0,0,0,0,,,0,,,,,0,0,0,0,,,0,,,,,0,0,0,0,,,0,,,,,0,0,0,0,,,0,,,,,0,0,0,0,,,0,0,0,0,0,0,0,0,0,,,0,0,0,0,0,0,0,0,0,,,0,0,0,0,0,1,0,0,0,,0,,0,0,0,0,0,,0,,,,,,0,,0,0,0,0,0,0,0,0,0,0,0,0,0,0,0,0,0,0,0,0,0,0,0,0,0,0,0,0,0,0,0,0,2430,,,,,,,,,,,,,,,,,,,,,,,,,,,,,,,,
9/1/2026,2025,20261113,48124,19160,TENNESSEE GAS PIPELINE COMPANY,Natural Gas,INTERSTATE,KENTUCKY,0,0,0,0,,,0,,,,,0,0,0,0,,,0,,,,,0,0,0,0,,,0,,,,,0,0,0,0,,,0,,,,,0,0,0,0,,,0,,,,,0,0,0,0,,,0,,,,,0,0,0,0,,,0,,,,,0,0,0,0,,,0,,,,,0,0,0,0,,,0,,,,,0,0,0,0,,,0,,,,,0,0,0,0,,,0,0,0,0,0,0,0,0,0,,,0,0,0,0,0,0,0,0,0,,,0,0,0,0,0,0,0,0,0,,0,,0,0,0,0,0,,0,,,,,,0,,0,1,0,0,0,0,1,0,0,0,0,0,0,0,0,0,0,0,0,0,1,0,0,0,0,0,0,0,0,0,1,2,4055,,,,,,,,,,,,,,,,,,,,,,,,,,,,,,,,
9/1/2026,2025,20261113,48124,19160,TENNESSEE GAS PIPELINE COMPANY,Natural Gas,INTERSTATE,LOUISIANA,0,0,0,0,,,0,,,,,0,0,0,0,,,0,,,,,0,0,0,0,,,0,,,,,0,0,0,1,,,0,,,,,0,0,0,1,,,0,,,,,1,0,0,3,,,0,,,,,0,0,0,0,,,0,,,,,0,0,0,0,,,0,,,,,0,0,0,1,,,0,,,,,0,0,0,0,,,0,,,,,0,0,0,0,,,0,0,0,0,0,0,0,0,0,,,0,0,0,0,0,0,0,0,0,,,0,0,0,0,0,1,0,0,6,,0,,0,0,0,0,0,,0,,,,,,0,,0,0,0,0,0,0,0,0,1,0,0,0,0,1,0,0,0,0,0,0,0,0,0,0,0,0,0,0,0,0,0,1,5280,,,,,,,,,,,,,,,,,,,,,,,,,,,,,,,,
9/1/2026,2025,20261113,48124,19160,TENNESSEE GAS PIPELINE COMPANY,Natural Gas,INTERSTATE,MASSACHUSETTS,0,0,0,0,,,0,,,,,0,0,0,0,,,0,,,,,0,0,0,0,,,0,,,,,0,0,0,0,,,0,,,,,1,0,0,0,,,0,,,,,0,0,0,0,,,0,,,,,0,0,0,0,,,0,,,,,0,0,0,0,,,0,,,,,0,0,0,0,,,0,,,,,0,0,0,0,,,0,,,,,0,0,0,0,,,0,0,0,0,0,0,0,0,0,,,0,0,0,0,0,0,0,0,0,,,0,0,0,0,0,1,0,0,0,,0,,0,0,0,0,0,,0,,,,,,0,,0,0,0,0,0,0,0,0,0,0,0,0,0,0,0,0,0,0,0,0,0,0,0,0,0,0,0,0,0,0,0,0,9199,,,,,,,,,,,,,,,,,,,,,,,,,,,,,,,,
9/1/2026,2025,20261113,48124,19160,TENNESSEE GAS PIPELINE COMPANY,Natural Gas,INTERSTATE,MISSISSIPPI,0,0,0,0,,,0,,,,,0,0,0,0,,,0,,,,,0,0,0,0,,,0,,,,,0,0,0,0,,,0,,,,,0,0,0,1,,,0,,,,,0,0,0,1,,,0,,,,,0,0,0,0,,,0,,,,,0,0,0,0,,,0,,,,,0,0,0,0,,,0,,,,,0,0,0,0,,,0,,,,,0,0,0,0,,,0,0,0,0,0,0,0,0,0,,,0,0,0,0,0,0,0,0,0,,,0,0,0,0,0,0,0,0,2,,0,,0,0,0,0,0,,0,,,,,,0,,0,0,0,0,0,0,0,0,0,0,0,0,0,0,0,0,0,0,0,0,0,0,0,0,0,0,0,0,0,0,0,0,2498,,,,,,,,,,,,,,,,,,,,,,,,,,,,,,,,
9/1/2026,2025,20261113,48124,19160,TENNESSEE GAS PIPELINE COMPANY,Natural Gas,INTERSTATE,NEW HAMPSHIRE,0,0,0,0,,,0,,,,,0,0,0,0,,,0,,,,,0,0,0,0,,,0,,,,,0,0,0,0,,,0,,,,,0,0,0,0,,,0,,,,,0,0,0,0,,,0,,,,,0,0,0,0,,,0,,,,,0,0,0,0,,,0,,,,,0,0,0,0,,,0,,,,,0,0,0,0,,,0,,,,,0,0,0,0,,,0,0,0,0,0,0,0,0,0,,,0,0,0,0,0,0,0,0,0,,,0,0,0,0,0,0,0,0,0,,0,,0,0,0,0,0,,0,,,,,,0,,0,0,0,0,0,0,0,0,0,0,0,0,0,0,0,0,0,0,0,0,0,0,0,0,0,0,0,0,0,0,0,0,790,,,,,,,,,,,,,,,,,,,,,,,,,,,,,,,,
9/1/2026,2025,20261113,48124,19160,TENNESSEE GAS PIPELINE COMPANY,Natural Gas,INTERSTATE,NEW JERSEY,0,0,0,0,,,0,,,,,0,0,0,0,,,0,,,,,0,0,0,0,,,0,,,,,0,0,0,0,,,0,,,,,0,0,0,0,,,0,,,,,0,0,0,0,,,0,,,,,0,0,0,0,,,0,,,,,0,0,0,0,,,0,,,,,0,0,0,0,,,0,,,,,0,0,0,0,,,0,,,,,0,0,0,0,,,0,0,0,0,0,0,0,0,0,,,0,0,0,0,0,0,0,0,0,,,0,0,0,0,0,0,0,0,0,,0,,0,0,0,0,0,,0,,,,,,0,,0,0,0,0,0,0,0,0,0,0,0,0,0,0,0,0,0,0,0,0,0,0,0,0,0,0,0,0,0,0,0,0,1070,,,,,,,,,,,,,,,,,,,,,,,,,,,,,,,,
9/1/2026,2025,20261113,48124,19160,TENNESSEE GAS PIPELINE COMPANY,Natural Gas,INTERSTATE,NEW YORK,0,0,0,0,,,0,,,,,0,0,0,0,,,0,,,,,0,0,0,0,,,0,,,,,0,0,0,0,,,0,,,,,0,0,0,0,,,0,,,,,0,0,0,1,,,0,,,,,0,0,0,0,,,0,,,,,0,0,0,0,,,0,,,,,0,0,0,0,,,0,,,,,0,0,0,0,,,0,,,,,0,0,0,0,,,0,0,0,0,0,0,0,0,0,,,0,0,0,0,0,0,0,0,0,,,0,0,0,0,0,0,0,0,1,,0,,0,0,0,0,0,,0,,,,,,0,,0,0,0,0,0,0,0,0,0,0,0,0,0,0,0,0,0,0,0,0,0,0,0,0,0,0,0,0,0,0,0,0,2896,,,,,,,,,,,,,,,,,,,,,,,,,,,,,,,,
9/1/2026,2025,20261113,48124,19160,TENNESSEE GAS PIPELINE COMPANY,Natural Gas,INTERSTATE,OHIO,0,0,0,0,,,0,,,,,0,0,0,0,,,0,,,,,0,0,0,0,,,0,,,,,0,0,0,0,,,0,,,,,0,0,0,0,,,0,,,,,0,0,0,1,,,0,,,,,0,0,0,0,,,0,,,,,0,0,0,0,,,0,,,,,0,0,0,0,,,0,,,,,0,0,0,0,,,0,,,,,0,0,0,0,,,0,0,0,0,0,0,0,0,0,,,0,0,0,0,0,0,0,0,0,,,0,0,0,0,0,0,0,0,1,,0,,0,0,0,0,0,,0,,,,,,0,,0,0,0,0,0,0,0,0,0,0,0,0,0,0,0,0,0,0,0,0,0,0,0,0,0,0,0,0,0,0,0,0,2564,,,,,,,,,,,,,,,,,,,,,,,,,,,,,,,,
9/1/2026,2025,20261113,48124,19160,TENNESSEE GAS PIPELINE COMPANY,Natural Gas,INTERSTATE,PENNSYLVANIA,0,0,0,0,,,0,,,,,0,0,0,0,,,0,,,,,0,0,0,0,,,0,,,,,0,0,0,0,,,0,,,,,0,0,0,0,,,0,,,,,0,0,0,0,,,0,,,,,0,0,0,0,,,0,,,,,0,0,0,0,,,0,,,,,0,0,0,0,,,0,,,,,0,0,0,0,,,0,,,,,0,0,0,0,,,0,0,0,0,0,0,0,0,0,,,0,0,0,0,0,0,0,0,0,,,0,0,0,0,0,0,0,0,0,,0,,0,0,0,0,0,,0,,,,,,0,,0,0,0,0,0,0,0,0,0,0,0,0,0,0,0,0,0,0,0,0,0,0,0,0,0,0,0,0,0,0,0,0,1036,,,,,,,,,,,,,,,,,,,,,,,,,,,,,,,,
9/1/2026,2025,20261113,48124,19160,TENNESSEE GAS PIPELINE COMPANY,Natural Gas,INTERSTATE,RHODE ISLAND,0,0,0,0,,,0,,,,,0,0,0,0,,,0,,,,,0,0,0,0,,,0,,,,,0,0,0,0,,,0,,,,,0,0,0,0,,,0,,,,,0,0,0,0,,,0,,,,,0,0,0,0,,,0,,,,,0,0,0,0,,,0,,,,,0,0,0,0,,,0,,,,,0,0,0,0,,,0,,,,,0,0,0,0,,,0,0,0,0,0,0,0,0,0,,,0,0,0,0,0,0,0,0,0,,,0,0,0,0,0,0,0,0,0,,0,,0,0,0,0,0,,0,,,,,,0,,0,0,0,0,0,0,0,0,0,0,0,0,0,0,0,0,0,0,0,0,0,0,0,0,0,0,0,0,0,0,0,0,403,,,,,,,,,,,,,,,,,,,,,,,,,,,,,,,,
9/1/2026,2025,20261113,48124,19160,TENNESSEE GAS PIPELINE COMPANY,Natural Gas,INTERSTATE,TENNESSEE,0,0,0,0,,,0,,,,,0,0,0,0,,,0,,,,,0,0,0,0,,,0,,,,,0,0,0,0,,,0,,,,,0,0,0,0,,,0,,,,,0,0,0,0,,,0,,,,,0,0,0,0,,,0,,,,,0,0,0,0,,,0,,,,,0,0,0,0,,,0,,,,,0,0,0,0,,,0,,,,,0,0,0,0,,,0,0,0,0,0,0,0,0,0,,,0,0,0,0,0,0,0,0,0,,,0,0,0,0,0,0,0,0,0,,0,,0,0,0,0,0,,0,,,,,,0,,0,0,0,0,0,0,0,0,0,0,0,0,0,0,0,0,0,0,0,0,0,0,0,0,0,0,0,0,0,0,0,0,3957,,,,,,,,,,,,,,,,,,,,,,,,,,,,,,,,
9/1/2026,2025,20261113,48124,19160,TENNESSEE GAS PIPELINE COMPANY,Natural Gas,INTERSTATE,TEXAS,0,0,0,0,,,0,,,,,0,0,0,0,,,0,,,,,0,0,0,0,,,0,,,,,0,0,0,0,,,0,,,,,0,0,0,0,,,0,,,,,0,0,0,0,,,0,,,,,0,0,0,0,,,0,,,,,0,0,0,0,,,0,,,,,0,0,0,0,,,0,,,,,0,0,0,0,,,0,,,,,0,0,0,0,,,0,0,0,0,0,0,0,0,0,,,0,0,0,0,0,0,0,0,0,,,0,0,0,0,0,0,0,0,0,,0,,0,0,0,0,0,,0,,,,,,0,,0,0,0,0,0,0,0,0,0,0,0,0,1,1,0,0,0,0,0,0,0,0,0,0,0,0,0,0,0,0,0,1,16268,,,,,,,,,,,,,,,,,,,,,,,,,,,,,,,,
9/1/2026,2025,20261113,48124,19160,TENNESSEE GAS PIPELINE COMPANY,Natural Gas,INTERSTATE,WEST VIRGINIA,0,0,0,0,,,0,,,,,0,0,0,0,,,0,,,,,0,0,0,0,,,0,,,,,0,0,0,0,,,0,,,,,0,0,0,0,,,0,,,,,0,0,0,0,,,0,,,,,0,0,0,0,,,0,,,,,0,0,0,0,,,0,,,,,0,0,0,0,,,0,,,,,0,0,0,0,,,0,,,,,0,0,0,0,,,0,0,0,0,0,0,0,0,0,,,0,0,0,0,0,0,0,0,0,,,0,0,0,0,0,0,0,0,0,,0,,0,0,0,0,0,,0,,,,,,0,,0,0,0,0,0,0,0,0,0,0,0,0,0,0,0,0,0,0,0,0,0,0,0,0,0,0,0,0,0,0,0,0,1035,,,,,,,,,,,,,,,,,,,,,,,,,,,,,,,,
9/1/2026,2025,20261325,48338,19235,"TEXAS EASTERN TRANSMISSION, LP",Natural Gas,INTERSTATE,ALABAMA,0,0,0,0,,,0,,,,,0,0,0,0,,,0,,,,,0,0,0,0,,,0,,,,,0,0,0,0,,,0,,,,,0,0,0,0,,,0,,,,,0,0,0,0,,,0,,,,,0,0,0,0,,,0,,,,,0,0,0,0,,,0,,,,,0,0,0,0,,,0,,,,,0,0,0,0,,,0,,,,,0,0,0,1,,,0,0,0,0,0,0,0,0,0,,,0,0,0,0,0,0,0,0,0,,,0,0,0,0,0,0,0,0,1,,0,,0,0,0,0,,,,,,,,,,,,,,,,,,,,,,,,,,,,,,,,,,,,,,,,,,0,505,,,,,,,,,,,,,,,,,,,,,,,,,,,,,,,,
9/1/2026,2025,20261325,48338,19235,"TEXAS EASTERN TRANSMISSION, LP",Natural Gas,INTERSTATE,ARKANSAS,0,0,0,0,0,0,0,0,0,0,0,0,0,0,0,0,0,0,0,0,0,0,0,0,0,0,0,0,0,0,0,0,0,0,0,0,0,0,0,0,0,0,0,0,0,0,0,0,0,0,0,0,0,0,0,0,0,0,1,0,0,0,0,0,0,0,0,0,0,0,0,0,0,0,0,0,0,0,0,0,0,0,0,0,0,0,0,0,0,0,0,0,0,0,0,0,0,0,0,0,0,0,0,0,0,0,0,0,0,0,0,0,0,0,0,0,0,0,0,0,0,0,0,0,0,0,0,0,0,0,0,0,0,0,0,0,0,0,0,0,0,0,0,0,0,0,1,0,0,0,0,0,0,0,,,,,,,,,,,,,,,,,,,,,,,,,,,,,,,,,,,,,,,,,,0,1815,,,,,,,,,,,,,,,,,,,,,,,,,,,,,,,,
9/1/2026,2025,20261325,48338,19235,"TEXAS EASTERN TRANSMISSION, LP",Natural Gas,INTERSTATE,DELAWARE,,,,,,,,,,,,,,,,,,,,,,,,,,,,,,,,,,,,,,,,,,,,,,,,,,,,,,,,,,,,,,,,,,,,,,,,,,,,,,,,,,,,,,,,,,,,,,,,,,,,,,,,,,,,,,,,,,,,,,,,,,,,,,,,,,,,,,,,,,,,,,,,,,,,,,,,,,,,,,,,,,,,,,,,,,,,,,,,,,,,,,,,,,,,,,,,,,,,0,313,,,,,,,,,,,,,,,,,,,,,,,,,,,,,,,0,
9/1/2026,2025,20261325,48338,19235,"TEXAS EASTERN TRANSMISSION, LP",Natural Gas,INTERSTATE,ILLINOIS,0,0,0,0,,,0,,,,,0,0,0,0,,,0,,,,,0,0,0,0,,,0,,,,,0,0,0,0,,,0,,,,,0,0,0,0,,,0,,,,,0,0,0,0,,,0,,,,,0,0,0,0,,,0,,,,,0,0,0,0,,,0,,,,,0,0,0,0,,,0,,,,,0,0,0,0,,,0,,,,,0,0,0,0,,,0,0,0,0,0,0,0,0,0,,,0,0,0,0,0,0,0,0,0,,,0,0,0,0,0,0,0,0,0,,0,,0,0,0,0,,,,,,,,,,,,,,,,,,,,,,,,,,,,,,,,,,,,,,,,,,0,693,,,,,,,,,,,,,,,,,,,,,,,,,,,,,,,,
9/1/2026,2025,20261325,48338,19235,"TEXAS EASTERN TRANSMISSION, LP",Natural Gas,INTERSTATE,INDIANA,0,0,0,0,,,0,,,,,0,0,0,0,,,0,,,,,0,0,0,0,,,0,,,,,0,0,0,0,,,0,,,,,0,0,0,0,,,0,,,,,0,0,0,1,,,0,,,,,0,0,0,0,,,0,,,,,0,0,0,0,,,0,,,,,0,0,0,0,,,0,,,,,0,0,0,0,,,0,,,,,0,0,0,0,,,0,0,0,0,0,0,0,0,0,,,0,0,0,0,0,0,0,0,0,,,0,0,0,0,0,0,0,0,1,,0,,0,0,0,0,,,,,,,,,,,,,,,,,,,,,,,,,,,,,,,,,,,,,,,,,,0,4438,,,,,,,,,,,,,,,,,,,,,,,,,,,,,,,,
9/1/2026,2025,20261325,48338,19235,"TEXAS EASTERN TRANSMISSION, LP",Natural Gas,INTERSTATE,KENTUCKY,0,0,0,0,0,0,0,0,0,0,0,0,0,0,0,0,0,0,0,0,0,0,0,0,0,0,0,0,0,0,0,0,0,0,0,0,0,0,0,0,0,0,0,0,0,0,0,0,0,0,0,0,0,0,0,0,0,0,1,0,0,0,0,0,0,0,0,0,0,0,0,0,0,0,0,0,0,0,0,0,0,0,0,0,0,0,0,0,0,0,0,0,0,0,0,0,0,0,0,0,0,0,0,0,0,0,0,0,0,0,0,0,0,0,0,0,0,0,0,0,0,0,0,0,0,0,0,0,0,0,0,0,0,0,0,0,0,0,0,0,0,0,0,0,0,0,1,0,0,0,0,0,0,0,,,,,,,,,,,,,,,,,,,,,,,,,,,,,,,,,,,,,,,,,,0,2296,,,,,,,,,,,,,,,,,,,,,,,,,,,,,,,,
9/1/2026,2025,20261325,48338,19235,"TEXAS EASTERN TRANSMISSION, LP",Natural Gas,INTERSTATE,LOUISIANA,0,0,0,0,0,0,0,0,0,0,0,0,0,0,0,0,0,0,0,0,0,0,0,0,0,0,0,0,0,0,0,0,0,0,0,0,0,0,0,0,0,0,0,0,0,0,0,0,0,0,0,0,0,0,0,0,0,0,6,0,0,0,0,0,0,0,0,0,0,2,0,0,0,0,0,0,0,0,0,0,0,0,0,0,0,0,0,0,0,0,0,0,0,0,0,0,0,0,0,0,0,0,0,0,0,0,0,0,0,0,0,0,0,1,0,0,0,0,0,0,0,0,0,0,0,0,0,0,0,0,0,0,0,0,0,0,0,0,0,0,0,0,0,0,0,0,9,0,0,0,0,0,0,0,,,,,,,,,,,,,,,,,,,,,,,,,,,,,,,,,,,,,,,,,,0,3960,,,,,,,,,,,,,,,,,,,,,,,,,,,,,,,,
9/1/2026,2025,20261325,48338,19235,"TEXAS EASTERN TRANSMISSION, LP",Natural Gas,INTERSTATE,MARYLAND,0,0,0,0,0,0,0,0,0,0,0,0,0,0,0,0,0,0,0,0,0,0,0,0,0,0,0,0,0,0,0,0,0,0,0,0,0,0,0,0,0,0,0,0,0,0,0,0,0,0,0,0,0,0,0,0,0,0,0,0,0,0,0,0,0,0,0,0,0,0,0,0,0,0,0,0,0,0,0,0,0,0,0,0,0,0,0,0,0,0,0,0,0,0,0,0,0,0,0,0,0,0,0,0,0,0,0,0,0,0,0,0,0,0,0,0,0,0,0,0,0,0,0,0,0,0,0,0,0,0,0,0,0,0,0,0,0,0,0,0,0,0,0,0,0,0,0,0,0,0,0,0,0,0,,,,,,,,,,,,,,,,,,,,,,,,,,,,,,,,,,,,,,,,,,0,682,,,,,,,,,,,,,,,,,,,,,,,,,,,,,,,,
9/1/2026,2025,20261325,48338,19235,"TEXAS EASTERN TRANSMISSION, LP",Natural Gas,INTERSTATE,MISSISSIPPI,0,0,0,0,0,0,0,0,0,0,0,0,0,0,0,0,0,0,0,0,0,0,0,0,0,0,0,0,0,0,0,0,0,0,0,0,0,0,0,0,0,0,0,0,0,0,0,0,0,0,0,0,0,0,0,0,0,0,2,0,0,0,0,0,0,0,0,0,0,0,0,0,0,0,0,0,0,0,0,0,0,0,0,0,0,0,0,0,0,0,0,0,0,0,0,0,0,0,0,0,0,0,0,0,0,0,0,0,0,0,0,0,0,0,0,0,0,0,0,0,0,0,0,0,0,0,0,0,0,0,0,0,0,0,0,0,0,0,0,0,0,0,0,0,0,0,2,0,0,0,0,0,0,0,,,,,,,,,,,,,,,,,,,,,,,,,,,,,,,,,,,,,,,,,,0,2267,,,,,,,,,,,,,,,,,,,,,,,,,,,,,,,,
9/1/2026,2025,20261325,48338,19235,"TEXAS EASTERN TRANSMISSION, LP",Natural Gas,INTERSTATE,MISSOURI,0,0,0,0,,,0,,,,,0,0,0,0,,,0,,,,,0,0,0,0,,,0,,,,,0,0,0,0,,,0,,,,,0,0,0,0,,,0,,,,,0,0,0,0,,,0,,,,,0,0,0,0,,,0,,,,,0,0,0,0,,,0,,,,,0,0,0,0,,,0,,,,,0,0,0,0,,,0,,,,,0,0,0,0,,,0,0,0,0,0,0,0,0,0,,,0,0,0,0,0,0,0,0,0,,,0,0,0,0,0,0,0,0,0,,0,,0,0,0,0,,,,,,,,,,,,,,,,,,,,,,,,,,,,,,,,,,,,,,,,,,0,250,,,,,,,,,,,,,,,,,,,,,,,,,,,,,,,,
9/1/2026,2025,20261325,48338,19235,"TEXAS EASTERN TRANSMISSION, LP",Natural Gas,INTERSTATE,NEW JERSEY,0,0,0,0,,,0,,,,,0,0,0,0,,,0,,,,,0,0,0,0,,,0,,,,,0,0,0,0,,,0,,,,,0,0,0,0,,,0,,,,,0,0,0,0,,,0,,,,,0,0,0,0,,,0,,,,,0,0,0,0,,,0,,,,,0,0,0,0,,,0,,,,,0,0,0,0,,,0,,,,,0,0,0,0,,,0,0,0,0,0,0,0,0,0,,,0,0,0,0,0,0,0,0,0,,,0,0,0,0,0,0,0,0,0,,0,,0,0,0,0,,,,,,,,,,,,,,,,,,,,,,,,,,,,,,,,,,,,,,,,,,0,11530,,,,,,,,,,,,,,,,,,,,,,,,,,,,,,,,
9/1/2026,2025,20261325,48338,19235,"TEXAS EASTERN TRANSMISSION, LP",Natural Gas,INTERSTATE,NEW YORK,0,0,0,0,0,0,0,0,0,0,0,0,0,0,0,0,0,0,0,0,0,0,0,0,0,0,0,0,0,0,0,0,0,0,0,0,0,0,0,0,0,0,0,0,0,0,0,0,0,0,0,0,0,0,0,0,0,0,0,0,0,0,0,0,0,0,0,0,0,0,0,0,0,0,0,0,0,0,0,0,0,0,0,0,0,0,0,0,0,0,0,0,0,0,0,0,0,0,0,0,0,0,0,0,0,0,0,0,0,0,0,0,0,0,0,0,0,0,0,0,0,0,0,0,0,0,0,0,0,0,0,0,0,0,0,0,0,0,0,0,0,0,0,0,0,0,0,0,0,0,0,0,0,0,,,,,,,,,,,,,,,,,,,,,,,,,,,,,,,,,,,,,,,,,,0,84,,,,,,,,,,,,,,,,,,,,,,,,,,,,,,,,
9/1/2026,2025,20261325,48338,19235,"TEXAS EASTERN TRANSMISSION, LP",Natural Gas,INTERSTATE,OCS-Gulf of America,,,,,,,,,,,,,,,,,,,,,,,,,,,,,,,,,,,,,,,,,,,,,,,,,,,,,,,,,,,,,,,,,,,,,,,,,,,,,,,,,,,,,,,,,,,,,,,,,,,,,,,,,,,,,,,,,,,,,,,,,,,,,,,,,,,,,,,,,,,,,,,,,,,,,,,,,,,,,,,,,,,,,,,,,,,,,,,,,,,,,,,,,,,,,,,,,,,,0,0,,,,,,,,,,,,,,,,,,,,,,,,,,,,,,,,
9/1/2026,2025,20261325,48338,19235,"TEXAS EASTERN TRANSMISSION, LP",Natural Gas,INTERSTATE,OHIO,0,0,0,0,,,0,,,,,0,0,0,0,,,0,,,,,0,0,0,0,,,0,,,,,0,0,0,0,,,0,,,,,0,0,0,0,,,0,,,,,0,0,0,0,,,0,,,,,0,0,0,0,,,0,,,,,0,0,0,0,,,0,,,,,0,0,0,0,,,0,,,,,0,0,0,0,,,0,,,,,0,0,0,0,,,0,0,0,0,0,0,0,0,0,,,0,0,0,0,0,0,0,0,0,,,0,0,0,0,0,0,0,0,0,,0,,0,0,0,0,,,,,,,,,,,,,,,,,,,,,,,,,,,,,,,,,,,,,,,,,,0,4957,,,,,,,,,,,,,,,,,,,,,,,,,,,,,,,,
9/1/2026,2025,20261325,48338,19235,"TEXAS EASTERN TRANSMISSION, LP",Natural Gas,INTERSTATE,PENNSYLVANIA,0,0,0,0,0,0,0,0,0,0,0,0,0,0,0,0,0,0,0,0,0,0,0,0,0,0,0,0,0,0,0,0,0,0,0,0,0,0,0,0,0,0,0,0,0,0,0,0,0,0,0,0,0,0,0,0,1,0,0,0,0,0,0,0,0,0,0,0,0,0,0,0,0,0,0,0,0,0,0,0,0,0,0,0,0,0,0,0,0,0,0,0,0,0,0,0,0,0,0,0,0,0,0,0,0,0,0,0,0,0,0,0,0,0,0,0,0,0,0,0,0,0,0,0,0,0,0,0,0,0,0,0,0,0,0,0,0,0,0,0,0,0,0,0,1,0,0,0,0,0,0,0,0,0,,,,,,,,,,,,,,,,,,,,,,,,,,,,,,,,,,,,,,,,,,0,15450,,,,,,,,,,,,,,,,,,,,,,,,,,,,,,,,
9/1/2026,2025,20261325,48338,19235,"TEXAS EASTERN TRANSMISSION, LP",Natural Gas,INTERSTATE,TENNESSEE,0,0,0,0,0,0,0,0,0,0,0,0,0,0,0,0,0,0,0,0,0,0,0,0,0,0,0,0,0,0,0,0,0,0,0,0,0,0,0,0,0,0,0,0,0,0,0,0,0,0,0,0,0,0,0,0,0,0,1,0,0,0,0,0,0,0,0,0,0,0,0,0,0,0,0,0,0,0,0,0,0,0,0,0,0,0,0,0,0,0,0,0,0,0,0,0,0,0,0,0,0,0,0,0,0,0,0,0,0,0,0,0,0,0,0,0,0,0,0,0,0,0,0,0,0,0,0,0,0,0,0,0,0,0,0,0,0,0,0,0,0,0,0,0,0,0,1,0,0,0,0,0,0,0,,,,,,,,,,,,,,,,,,,,,,,,,,,,,,,,,,,,,,,,,,0,3286,,,,,,,,,,,,,,,,,,,,,,,,,,,,,,,,
9/1/2026,2025,20261325,48338,19235,"TEXAS EASTERN TRANSMISSION, LP",Natural Gas,INTERSTATE,TEXAS,0,0,0,0,0,0,0,0,0,0,0,0,0,0,0,0,0,0,0,0,0,0,0,0,0,0,0,0,0,0,0,0,0,0,0,0,0,0,0,0,0,0,0,0,0,0,0,0,0,0,0,0,0,0,0,0,0,0,2,0,0,0,0,0,0,0,0,0,0,0,0,0,0,0,0,0,0,0,0,0,0,0,0,0,0,0,0,0,0,0,0,0,0,0,0,0,0,0,0,0,0,0,0,0,0,0,0,0,0,0,0,0,0,0,0,0,0,0,0,0,0,0,0,0,0,0,0,0,0,0,0,0,0,0,0,0,0,0,0,0,0,0,0,0,0,0,2,0,0,0,0,0,0,0,,,,,,,,,,,,1,,,,,1,1,,,,,,1,,,,,,,,,,,,,,,,,,2,15075,,,,,,,,,,,,,,,,,,,,,,,,,,,,,,,,
9/1/2026,2025,20261325,48338,19235,"TEXAS EASTERN TRANSMISSION, LP",Natural Gas,INTERSTATE,WEST VIRGINIA,,,,,,,,,,,,,,,,,,,,,,,,,,,,,,,,,,,,,,,,,,,,,,,,,,,,,,,,,,,,,,,,,,,,,,,,,,,,,,,,,,,,,,,,,,,,,,,,,,,,,,,,,,,,,,,,,,,,,,,,,,,,,,,,,,,,,,,,,,,,,,,,,,,,,,,,,,,,,,,,,,,,,,,,,,,,,,,,,,,,,,,,,,,,,,,,,,,,0,692,,,,,,,,,,,,,,,,,,,,,,,,,,,,,,,,
9/1/2026,2025,20260858,47854,19270,"TEXAS GAS TRANSMISSION, LLC",Natural Gas,INTERSTATE,ARKANSAS,,,,,,,,,,,,,,,,,,,,,,,,,,,,,,,,,,,,,,,,,,,,,,,,,,,,,,,,,,,,,,,,,,,,,,,,,,,,,,,,,,,,,,,,,,,,,,,,,,,,,,,,,,,,,,,,,,,,,,,,,,,,,,,,,,,,,,,,,,,,,,,,,,,,,,,,,,,,,,,,,,,,,,,,,,,,,,,,,,,,,,,,,,,,,,,,,,,,0,346,,,,,,,,,,,,,,,,,,,,,,,,,,,,,,,,
9/1/2026,2025,20260858,47854,19270,"TEXAS GAS TRANSMISSION, LLC",Natural Gas,INTERSTATE,ILLINOIS,,,,,,,,,,,,,,,,,,,,,,,,,,,,,,,,,,,,,,,,,,,,,,,,,,,,,,,,,,,,,,,,,,,,,,,,,,,,,,,,,,,,,,,,,,,,,,,,,,,,,,,,,,,,,,,,,,,,,,,,,,,,,,,,,,,,,,,,,,,,,,,,,,,,,,,,,,,,,,,,,,,,,,,,,,,,,,,,,,,,,,,,,,,,,,,,,,,,0,171,,,,,,,,,,,,,,,,,,,,,,,,,,,,,,,,
9/1/2026,2025,20260858,47854,19270,"TEXAS GAS TRANSMISSION, LLC",Natural Gas,INTERSTATE,INDIANA,0,0,0,0,0,0,0,0,0,0,0,0,0,0,0,0,0,0,0,0,0,0,0,0,0,0,0,0,0,0,0,0,0,0,0,0,0,0,0,0,0,0,0,0,0,0,0,2,0,0,0,0,0,0,0,0,0,0,0,0,0,0,0,0,0,0,0,0,0,0,0,0,0,0,0,0,0,0,0,0,0,0,0,0,0,0,0,0,0,0,0,0,0,0,0,0,0,0,0,0,0,0,0,0,0,0,0,0,0,0,0,0,0,0,0,0,0,0,0,0,0,0,0,0,0,0,0,0,0,0,0,0,0,0,0,0,0,0,0,0,0,0,0,0,0,0,2,0,0,0,0,0,0,0,,,,,,,,,,,,,,,,,,,,,,,,,,,,,,,,,,,,,,,,,,0,6406,,,,,,,,,,,,,,,,,,,,,,,,,,,,,,,,
9/1/2026,2025,20260858,47854,19270,"TEXAS GAS TRANSMISSION, LLC",Natural Gas,INTERSTATE,KENTUCKY,0,0,0,0,0,0,0,0,0,0,0,0,0,0,0,0,0,0,0,0,0,0,0,0,0,0,0,0,0,0,0,0,0,0,0,0,0,0,0,0,0,0,0,0,0,0,0,0,0,0,0,0,0,0,0,0,0,0,1,0,0,0,0,0,0,0,0,0,0,0,0,0,0,0,0,0,0,0,0,0,0,0,0,0,0,0,0,0,0,0,0,0,0,0,0,0,0,0,0,0,0,0,0,0,0,0,0,0,0,0,0,0,0,0,0,0,0,0,0,0,0,0,0,0,0,0,0,0,0,0,0,0,0,0,0,0,0,0,0,0,0,0,0,0,0,0,1,0,0,0,0,0,0,0,1,,,,,,,,,,,,,,,,,,,,,,,,,,,,,,,,,,,,,,,,,0,10332,,,,,,,,,,,,,,,,,,,,,,,,,,,,,,,,
9/1/2026,2025,20260858,47854,19270,"TEXAS GAS TRANSMISSION, LLC",Natural Gas,INTERSTATE,LOUISIANA,,,,,,,,,,,,,,,,,,,,,,,,,,,,,,,,,,,,,,,,,,,,,,,,,,,,,,,,,,,,,,,,,,,,,,,,,,,,,,,,,,,,,,,,,,,,,,,,,,,,,,,,,,,,,,,,,,,,,,,,,,,,,,,,,,,,,,,,,,,,,,,,,,,,,,,,,,,,,,,,,,,,,,,,,,,,,,,,,,,,,,,,,,,,,,,,,,,,0,7732,,,,,,,,,,,,,,,,,,,,,,,,,,,,,,,,
9/1/2026,2025,20260858,47854,19270,"TEXAS GAS TRANSMISSION, LLC",Natural Gas,INTERSTATE,MISSISSIPPI,0,0,0,0,0,0,0,0,0,0,0,0,0,0,0,0,0,0,0,0,0,0,0,0,0,0,0,0,0,0,0,0,0,0,0,0,0,0,0,0,0,0,0,0,0,0,0,0,0,0,0,0,0,0,0,0,0,1,0,0,0,0,0,0,0,0,0,0,0,0,0,0,0,0,0,0,0,0,0,0,0,0,0,0,0,0,0,0,0,0,0,0,0,0,0,0,0,0,0,0,0,0,0,0,0,0,0,0,0,0,0,0,0,0,0,0,0,0,0,0,0,0,0,0,0,0,0,0,0,0,0,0,0,0,0,0,0,0,0,0,0,0,0,0,0,1,0,0,0,0,0,0,0,0,,,,,,,,,,,,,,,,,,,,,,,,,,,,,,,,,,,,,,,,,,0,4109,,,,,,,,,,,,,,,,,,,,,,,,,,,,,,,,
9/1/2026,2025,20260858,47854,19270,"TEXAS GAS TRANSMISSION, LLC",Natural Gas,INTERSTATE,OHIO,,,,,,,,,,,,,,,,,,,,,,,,,,,,,,,,,,,,,,,,,,,,,,,,,,,,,,,,,,,,,,,,,,,,,,,,,,,,,,,,,,,,,,,,,,,,,,,,,,,,,,,,,,,,,,,,,,,,,,,,,,,,,,,,,,,,,,,,,,,,,,,,,,,,,,,,,,,,,,,,,,,,,,,,,,,,,,,,,,,,,,,,,,,,,,,,,,,,0,2226,,,,,,,,,,,,,,,,,,,,,,,,,,,,,,,,
9/1/2026,2025,20260858,47854,19270,"TEXAS GAS TRANSMISSION, LLC",Natural Gas,INTERSTATE,TENNESSEE,0,0,0,0,0,0,0,0,0,0,0,0,0,0,0,0,0,0,0,0,0,0,0,0,0,0,0,0,0,0,0,0,0,0,0,0,0,0,0,0,0,0,0,0,0,0,0,0,0,0,0,0,0,0,0,1,0,0,0,0,0,0,0,0,0,0,0,0,0,0,0,0,0,0,0,0,0,0,0,0,0,0,0,0,0,0,0,0,0,0,0,0,0,0,0,0,0,0,0,0,0,0,0,0,0,0,0,0,0,0,0,0,0,0,0,0,0,0,0,0,0,0,0,0,0,0,0,0,0,0,0,0,0,0,0,0,0,0,0,0,0,0,0,1,0,0,0,0,0,0,0,0,0,0,,,,,,,,,,,,,,,,,,,,,,,,,,,,,,,,,,,,,,,,,,0,3999,,,,,,,,,,,,,,,,,,,,,,,,,,,,,,,,
9/1/2026,2025,20260858,47854,19270,"TEXAS GAS TRANSMISSION, LLC",Natural Gas,INTERSTATE,TEXAS,,,,,,,,,,,,,,,,,,,,,,,,,,,,,,,,,,,,,,,,,,,,,,,,,,,,,,,,,,,,,,,,,,,,,,,,,,,,,,,,,,,,,,,,,,,,,,,,,,,,,,,,,,,,,,,,,,,,,,,,,,,,,,,,,,,,,,,,,,,,,,,,,,,,,,,,,,,,,,,,,,,,,,,,,,,,,,,,,,,,,,,,,,,,,,,,,,,,0,113,,,,,,,,,,,,,,,,,,,,,,,,,,,,,,,,
9/1/2026,2025,20260510,47489,19319,"TPC GROUP, LLC",Natural Gas,INTRASTATE,TEXAS,0,0,0,0,0,0,0,0,0,0,0,0,0,0,0,0,0,0,0,0,0,0,0,0,0,0,0,0,0,0,0,0,0,0,0,0,0,0,0,0,0,0,0,0,0,0,0,0,0,0,0,0,0,0,0,0,0,0,0,0,0,0,0,0,0,0,0,0,0,0,0,0,0,0,0,0,0,0,0,0,0,0,0,0,0,0,0,0,0,0,0,0,0,0,0,0,0,0,0,0,0,0,0,0,0,0,0,0,0,0,0,0,0,0,0,0,0,0,0,0,0,0,0,0,0,0,0,0,0,0,0,0,0,0,0,0,0,0,0,0,0,0,0,0,0,0,0,0,0,0,0,0,0,0,0,,0,0,0,0,0,0,0,0,0,,,,,,,,,,,,,,,,,,,,,,,,,,,,,,,0,133,,,,,,,,,,,,,,,,,,,,,,,,,,,,,,,0,
9/1/2026,2025,20260441,47407,19410,THUMS LONG BEACH CO,Natural Gas,INTRASTATE,CALIFORNIA,0,0,0,0,0,0,0,0,0,0,0,0,0,0,0,0,0,0,0,0,0,0,0,0,0,0,0,0,0,0,0,0,0,0,0,0,0,0,0,0,0,0,0,0,0,0,0,0,0,0,0,0,0,0,0,0,0,0,0,0,0,0,0,0,0,0,0,0,0,0,0,0,0,0,0,0,0,0,0,0,0,0,0,0,0,0,0,0,0,0,0,0,0,0,0,0,0,0,0,0,0,0,0,0,0,0,0,0,0,0,0,0,0,0,0,0,0,0,0,0,0,0,0,0,0,0,0,0,0,0,0,0,0,0,0,0,0,0,0,0,0,0,0,0,0,0,0,0,0,0,0,0,0,0,0,0,0,0,0,0,0,0,0,0,0,,,,,,,,,,,,,,,,,,,,,,,,,,,,,,,0,0,,,,,,,,,,,,,,,,,,,,,,,,,,,,,,,0,46
9/1/2026,2025,20260790,48549,19490,"TOCCOA NATURAL GAS SYSTEM, CITY OF",Natural Gas,INTRASTATE,GEORGIA,0,0,0,0,0,0,0,0,0,0,0,0,0,0,0,0,0,0,0,0,0,0,0,0,0,0,0,0,0,0,0,0,0,0,0,0,0,0,0,0,0,0,0,0,0,0,0,0,0,0,0,0,0,0,0,0,0,0,0,0,0,0,0,0,0,0,0,0,0,0,0,0,0,0,0,0,0,0,0,0,0,0,0,0,0,0,0,0,0,0,0,0,0,0,0,0,0,0,0,0,0,0,0,0,0,0,0,0,0,0,0,0,0,0,0,0,0,0,0,0,0,0,0,0,0,0,0,0,0,0,0,0,0,0,0,0,0,0,0,0,0,0,0,0,0,0,0,0,0,0,0,0,0,0,0,,0,0,0,0,0,0,0,0,0,0,0,0,0,0,0,0,0,0,0,0,0,0,0,0,0,0,0,0,0,0,0,0,0,0,0,0,0,0,0,0,103,,,,,,,,,,,,,,,,,,,,,,,,,,,,,,,0,
9/1/2026,2025,20260790,48549,19490,"TOCCOA NATURAL GAS SYSTEM, CITY OF",Natural Gas,INTRASTATE,NORTH CAROLINA,0,0,0,0,0,0,0,0,0,0,0,0,0,0,0,0,0,0,0,0,0,0,0,0,0,0,0,0,0,0,0,0,0,0,0,0,0,0,0,0,0,0,0,0,0,0,0,0,0,0,0,0,0,0,0,0,0,0,0,0,0,0,0,0,0,0,0,0,0,0,0,0,0,0,0,0,0,0,0,0,0,0,0,0,0,0,0,0,0,0,0,0,0,0,0,0,0,0,0,0,0,0,0,0,0,0,0,0,0,0,0,0,0,0,0,0,0,0,0,0,0,0,0,0,0,0,0,0,0,0,0,0,0,0,0,0,0,0,0,0,0,0,0,0,0,0,0,0,0,0,0,0,0,0,0,,0,0,0,0,0,0,0,0,0,0,0,0,0,0,0,0,0,0,0,0,0,0,0,0,0,0,0,0,0,0,0,0,0,0,0,0,0,0,0,0,45,,,,,,,,,,,,,,,,,,,,,,,,,,,,,,,0,
9/1/2026,2025,20260634,47619,19570,TRANSCONTINENTAL GAS PIPE LINE COMPANY,Natural Gas,INTERSTATE,ALABAMA,0,0,0,0,0,0,0,0,0,0,0,0,0,0,0,0,0,0,0,0,0,0,0,0,0,0,0,0,0,0,0,0,0,0,0,0,0,0,0,0,0,0,0,0,0,0,0,0,0,0,0,0,0,0,0,0,0,0,7,0,0,0,0,0,0,0,0,0,0,0,0,0,0,0,0,0,0,0,0,0,0,0,0,0,0,0,0,0,0,0,0,0,0,0,0,0,0,0,0,0,0,0,0,0,0,0,0,0,0,0,0,0,0,1,0,0,0,0,0,0,0,0,0,0,0,0,0,0,0,0,0,0,0,0,0,0,0,0,0,0,0,0,0,0,0,0,8,0,0,0,0,0,0,0,0,0,0,0,,,0,0,0,0,0,0,0,0,0,0,0,0,0,0,0,0,0,0,0,0,0,0,0,0,0,0,0,0,0,0,0,0,0,0,0,0,1158,0,0,0,0,0,0,0,0,0,0,0,0,0,0,0,0,0,0,0,0,0,0,0,0,0,0,0,0,0,0,0,0
9/1/2026,2025,20260634,47619,19570,TRANSCONTINENTAL GAS PIPE LINE COMPANY,Natural Gas,INTERSTATE,DELAWARE,0,0,0,0,0,0,0,0,0,0,0,0,0,0,0,0,0,0,0,0,0,0,0,0,0,0,0,0,0,0,0,0,0,0,0,0,0,0,0,0,0,0,0,0,0,0,0,0,0,0,0,0,0,0,0,0,0,0,0,0,0,0,0,0,0,0,0,0,0,0,0,0,0,0,0,0,0,0,0,0,0,0,0,0,0,0,0,0,0,0,0,0,0,0,0,0,0,0,0,0,0,0,0,0,0,0,0,0,0,0,0,0,0,0,0,0,0,0,0,0,0,0,0,0,0,0,0,0,0,0,0,0,0,0,0,0,0,0,0,0,0,0,0,0,0,0,0,0,0,0,0,0,0,0,,,,,,,,,,,,,,,,,,,,,,,,,,,,,,,,,,,,,,,,,,0,16,,,,,,,,,,,,,,,,,,,,,,,,,,,,,,,,
9/1/2026,2025,20260634,47619,19570,TRANSCONTINENTAL GAS PIPE LINE COMPANY,Natural Gas,INTERSTATE,GEORGIA,0,0,0,0,0,0,0,0,0,0,0,0,0,0,1,0,0,0,0,0,0,0,0,0,0,0,0,0,0,0,0,0,0,0,0,0,1,0,0,0,0,0,0,0,0,0,0,0,0,0,0,0,0,0,0,0,0,0,11,0,0,0,0,0,0,0,0,0,0,0,0,0,0,0,0,0,0,0,0,0,0,0,0,0,0,0,0,0,0,0,0,0,0,0,0,0,0,0,0,0,0,0,0,0,0,0,0,0,0,0,0,0,0,0,0,0,0,0,0,0,0,0,0,0,0,0,0,0,0,0,0,0,0,0,0,1,0,0,0,0,0,0,0,0,0,0,14,0,0,0,0,0,0,0,,,,,,,,,,,,,,,,,,,,,,,,,,,,,,,,,,,,,,,,,,0,7935,,,,,,,,,,,,,,,,,,,,,,,,,,,,,,,,
9/1/2026,2025,20260634,47619,19570,TRANSCONTINENTAL GAS PIPE LINE COMPANY,Natural Gas,INTERSTATE,LOUISIANA,0,0,0,2,0,0,0,0,0,0,0,0,0,0,0,0,0,0,0,0,0,0,0,0,0,0,0,0,0,0,0,0,0,0,0,0,0,0,0,0,0,0,0,0,0,0,0,0,0,0,0,0,0,0,0,0,0,0,23,0,0,0,0,0,0,0,0,0,0,1,0,0,0,0,0,0,0,0,0,0,0,0,0,0,0,0,0,0,0,0,0,0,0,0,0,0,0,0,0,0,0,0,0,0,0,0,0,0,0,0,0,0,0,0,0,0,0,0,0,0,0,0,0,0,2,0,0,0,0,0,0,0,0,0,0,4,0,0,0,0,0,0,0,0,0,0,32,0,0,0,0,0,0,0,,,,,,,,,,,,0,0,0,0,0,0,0,0,0,0,0,0,0,0,0,0,0,0,0,0,0,0,0,0,0,0,0,0,0,0,0,5580,0,0,0,0,0,0,0,0,0,0,0,0,0,0,0,0,0,0,0,0,0,0,0,0,0,0,0,0,0,0,0,0
9/1/2026,2025,20260634,47619,19570,TRANSCONTINENTAL GAS PIPE LINE COMPANY,Natural Gas,INTERSTATE,MARYLAND,0,0,0,0,,,0,,,,,0,0,0,0,,,0,,,,,0,0,0,0,,,0,,,,,0,0,0,0,,,0,,,,,0,0,0,0,,,0,,,,,0,0,0,2,,,0,,,,,0,0,0,0,,,0,,,,,0,0,0,0,,,0,,,,,0,0,0,0,,,0,,,,,0,0,0,0,,,0,,,,,0,0,0,2,,,0,0,0,0,0,0,0,0,0,,,0,0,0,0,0,0,0,0,0,,,0,0,0,0,0,0,0,0,4,,0,,0,0,0,0,,,,,,,,,,,,,,,,,,,,,,,,,,,,,,,,,,,,,,,,,,0,2426,,,,,,,,,,,,,,,,,,,,,,,,,,,,,,,,
9/1/2026,2025,20260634,47619,19570,TRANSCONTINENTAL GAS PIPE LINE COMPANY,Natural Gas,INTERSTATE,MISSISSIPPI,0,0,0,0,0,0,0,0,0,0,0,0,0,0,0,0,0,0,0,0,0,0,0,0,0,0,0,0,0,0,0,0,0,0,0,0,0,0,0,0,0,0,0,0,0,0,0,0,0,0,0,0,0,0,0,0,0,0,9,0,0,0,0,0,0,0,0,0,0,0,0,0,0,0,0,0,0,0,0,0,0,0,0,0,0,0,0,0,0,0,0,0,0,0,0,0,0,0,0,0,0,0,0,0,0,0,0,0,0,0,0,0,0,11,0,0,0,0,0,0,0,0,0,0,0,0,0,0,0,0,0,0,0,0,0,3,0,0,0,0,0,0,0,0,0,0,23,0,0,0,0,0,0,0,,,,,,,,,,,,,,,,,,,,,,,,,,,,,,,,,,,,,,,,,,0,1803,,,,,,,,,,,,,,,,,,,,,,,,,,,,,,,,
9/1/2026,2025,20260634,47619,19570,TRANSCONTINENTAL GAS PIPE LINE COMPANY,Natural Gas,INTERSTATE,NEW JERSEY,0,0,0,0,0,0,0,0,0,0,0,0,0,0,0,0,0,0,0,0,0,0,0,0,0,0,0,0,0,0,0,0,0,0,0,0,0,0,0,0,0,0,0,0,0,0,0,6,0,0,0,0,0,0,0,0,0,0,0,0,0,0,0,0,0,0,0,0,0,0,0,0,0,0,0,0,0,0,0,0,0,0,0,0,0,0,0,0,0,0,0,0,0,0,0,0,0,0,0,0,0,0,0,0,0,0,0,0,0,0,0,0,0,0,0,0,0,0,0,0,0,0,0,0,0,0,0,0,0,0,0,0,0,0,0,0,0,0,0,0,0,0,0,0,0,0,6,0,0,0,0,0,0,0,,,,,,,,,,,,,,,,,,,,,,,,,,,,,,,,,,,,,,,,,,0,19087,,,,,,,,,,,,,,,,,,,,,,,,,,,,,,,,
9/1/2026,2025,20260634,47619,19570,TRANSCONTINENTAL GAS PIPE LINE COMPANY,Natural Gas,INTERSTATE,NEW YORK,0,0,0,0,0,0,0,0,0,0,0,0,0,0,0,0,0,0,0,0,0,0,0,0,0,0,0,0,0,0,0,0,0,0,0,0,0,0,0,0,0,0,0,0,0,0,0,0,0,0,0,0,0,0,0,0,0,1,0,0,0,0,0,0,0,0,0,0,0,0,0,0,0,0,0,0,0,0,0,0,0,0,0,0,0,0,0,0,0,0,0,0,0,0,0,0,0,0,0,0,0,0,0,0,0,0,0,0,0,0,0,0,0,0,0,0,0,0,0,0,0,0,0,0,0,0,0,0,0,0,0,0,0,0,0,0,0,0,0,0,0,0,0,0,0,1,0,0,0,0,0,0,0,0,,,,,,,,,,,,,,,,,,,,,,,,,,,,,,,,,,,,,,,,,,0,1090,,,,,,,,,,,,,,,,,,,,,,,,,,,,,,,,
9/1/2026,2025,20260634,47619,19570,TRANSCONTINENTAL GAS PIPE LINE COMPANY,Natural Gas,INTERSTATE,NORTH CAROLINA,0,0,0,0,0,0,0,0,0,0,0,0,0,0,0,0,0,0,0,0,0,0,0,0,0,0,0,0,0,0,0,0,0,0,0,0,0,0,0,0,0,0,0,0,0,0,0,0,0,0,0,0,0,0,0,0,0,2,6,0,0,0,0,0,0,0,0,0,0,2,0,0,0,0,0,0,0,0,0,0,0,0,0,0,0,0,0,0,0,0,0,0,0,0,0,0,0,0,0,0,0,0,0,0,0,0,0,0,0,0,0,0,0,0,0,0,0,0,0,0,0,0,0,0,0,0,0,0,0,0,0,0,0,0,0,0,0,0,0,0,0,0,0,0,0,2,8,0,0,0,0,0,0,0,,,,,,,,,,,,,,,,,,,,,,,,,,,,,,,,,,,,,,,,,,0,13340,,,,,,,,,,,,,,,,,,,,,,,,,,,,,,,,
9/1/2026,2025,20260634,47619,19570,TRANSCONTINENTAL GAS PIPE LINE COMPANY,Natural Gas,INTERSTATE,OCS-Gulf of America,0,0,0,0,0,0,0,0,0,0,0,0,0,0,0,0,0,0,0,0,0,0,0,0,0,0,0,0,0,0,0,0,0,0,0,0,0,0,0,0,0,0,0,0,0,0,0,0,0,0,0,0,0,0,0,0,0,0,0,0,0,0,0,0,0,1,0,0,0,0,0,0,0,0,0,0,0,0,0,0,0,0,0,0,0,0,0,0,0,0,0,0,0,0,0,0,0,0,0,0,0,0,0,0,0,0,0,0,0,0,0,0,0,0,0,0,0,0,0,0,0,0,0,0,0,0,0,0,0,0,0,0,0,0,0,0,0,0,0,0,0,0,0,0,0,0,0,0,0,0,0,0,0,1,,0,,,,,,0,,0,0,,,,,,,,,,,,,,,,,,,,,,,,,,,,,,,,,,,,,,,,,,,,,,,,,,,,,,,,,,,,,,,0,0
9/1/2026,2025,20260634,47619,19570,TRANSCONTINENTAL GAS PIPE LINE COMPANY,Natural Gas,INTERSTATE,PENNSYLVANIA,0,0,0,0,,,0,,,,,0,0,0,0,,,0,,,,,0,0,0,0,,,0,,,,,0,0,0,0,,,0,,,,,0,0,0,0,,,0,,,,,0,0,0,11,,,0,,,,,0,0,0,0,,,0,,,,,0,0,0,0,,,0,,,,,0,0,0,0,,,0,,,,,0,0,0,0,,,0,,,,,0,0,0,1,,,0,0,0,0,0,0,0,0,1,,,0,0,0,0,0,0,0,0,0,,,0,0,0,0,0,0,0,0,13,,0,,0,0,0,0,,,,,,,,,,,,,,,,,,,,,,,,,,,,,,,,,,,,,,,,,,0,15516,,,,,,,,,,,,,,,,,,,,,,,,,,,,,,,,
9/1/2026,2025,20260634,47619,19570,TRANSCONTINENTAL GAS PIPE LINE COMPANY,Natural Gas,INTERSTATE,SOUTH CAROLINA,0,0,0,0,0,0,0,0,0,0,0,0,0,0,0,0,0,0,0,0,0,0,0,0,0,0,0,0,0,0,0,0,0,0,0,0,0,0,0,0,0,0,0,0,0,0,0,0,0,0,0,0,0,0,0,0,0,0,2,0,0,0,0,0,0,0,0,0,0,0,0,0,0,0,0,0,0,0,0,0,0,0,0,0,0,0,0,0,0,0,0,0,0,0,0,0,0,0,0,0,0,0,0,0,0,0,0,0,0,0,0,0,0,0,0,0,0,0,0,0,0,0,0,0,0,0,0,0,0,0,0,0,0,0,0,0,0,0,0,0,0,0,0,0,0,0,2,0,0,0,0,0,0,0,,,0,,,,,,0,,0,,,,,,,,,,,,,,,,,,,,,,,,,,,,,,,0,4061,,,,,,,,,,,,,,,,,,,,,,,,,,,,,,,,
9/1/2026,2025,20260634,47619,19570,TRANSCONTINENTAL GAS PIPE LINE COMPANY,Natural Gas,INTERSTATE,TEXAS,0,0,0,0,0,0,0,0,0,0,0,0,0,0,0,0,0,0,0,0,0,0,0,0,0,0,0,0,0,0,0,0,0,0,0,0,0,0,0,0,0,0,0,0,0,0,0,0,0,0,0,0,0,0,0,0,0,0,5,0,0,0,0,0,0,0,0,0,0,1,0,0,0,0,0,0,0,0,0,0,0,0,0,0,0,0,0,0,0,0,0,0,0,0,0,0,0,0,0,0,0,0,0,0,0,0,0,0,0,0,0,0,0,0,0,0,0,0,0,0,0,0,0,0,2,0,0,0,0,0,0,0,0,0,0,1,0,0,0,0,0,0,0,0,0,0,9,0,0,0,0,0,0,0,,,,,,,,,,,,0,0,1,0,0,1,1,0,0,0,0,0,1,0,0,0,0,0,0,0,0,0,0,0,0,0,0,0,0,0,2,10470,0,0,0,0,0,0,0,0,0,0,0,0,0,0,0,0,0,0,0,0,0,0,0,0,0,0,0,0,0,0,0,0
9/1/2026,2025,20260634,47619,19570,TRANSCONTINENTAL GAS PIPE LINE COMPANY,Natural Gas,INTERSTATE,VIRGINIA,0,0,0,0,0,0,0,0,0,0,0,0,0,0,0,0,0,0,0,0,0,0,0,0,0,0,0,0,0,0,0,0,0,0,0,0,0,0,0,0,0,0,0,0,0,0,0,0,0,0,0,0,0,0,0,0,0,0,6,0,0,0,0,0,0,0,0,0,0,0,0,0,0,0,0,0,0,0,0,0,0,0,0,0,0,0,0,0,0,0,0,0,0,0,0,0,0,0,0,0,0,0,0,0,0,0,0,0,0,0,0,0,0,0,0,0,0,0,0,0,0,0,0,0,0,0,0,0,0,0,0,0,0,0,0,0,0,0,0,0,0,0,0,0,0,0,6,0,0,0,0,0,0,0,,,,,,,,,,,,,,,,,,,,,,,,,,,,,,,,,,,,,,,,,,0,7766,,,,,,,,,,,,,,,,,,,,,,,,,,,,,,,,
9/1/2026,2025,20260857,47853,19574,TRAILBLAZER PIPELINE CO,Natural Gas,INTERSTATE,COLORADO,0,0,0,0,0,0,0,0,0,0,0,0,0,0,0,0,0,0,0,0,0,0,0,0,0,0,0,0,0,0,0,0,0,0,0,0,0,0,0,0,0,0,0,0,0,0,0,0,0,0,0,0,0,0,0,0,0,0,0,0,0,0,0,0,0,0,0,0,0,0,0,0,0,0,0,0,0,0,0,0,0,0,0,0,0,0,0,0,0,0,0,0,0,0,0,0,0,0,0,0,0,0,0,0,0,0,0,0,0,0,0,0,0,0,0,0,0,0,0,0,0,0,0,0,0,0,0,0,0,0,0,0,0,0,0,0,0,0,0,0,0,0,0,0,0,0,0,0,0,0,0,0,0,0,0,,0,,,,,,0,,0,0,0,0,0,0,0,0,0,0,0,0,0,0,0,0,0,0,0,0,0,0,0,0,0,0,0,0,0,0,0,0,16,,,,,,,,,,,,,,,,,,,,,,,,,,,,,,,,
9/1/2026,2025,20260857,47853,19574,TRAILBLAZER PIPELINE CO,Natural Gas,INTERSTATE,NEBRASKA,0,0,0,0,,,0,,,,,0,0,0,0,,,0,,,,,0,0,0,0,,,0,,,,,0,0,0,0,,,0,,,,,0,0,0,0,,,0,,,,,0,0,0,0,,,0,,,,,0,0,0,0,,,0,,,,,0,0,0,0,,,0,,,,,0,0,0,0,,,0,,,,,0,0,0,0,,,0,,,,,0,0,0,0,,,0,0,0,0,0,0,0,0,0,,,0,0,0,0,0,0,0,0,0,,,0,0,0,0,0,0,0,0,0,,0,,0,0,0,0,0,,0,0,0,0,0,0,0,0,0,0,0,0,0,0,0,0,0,0,0,0,0,0,0,0,0,0,0,0,0,0,0,0,0,0,0,0,0,0,0,0,703,,,,,,,,,,,,,,,,,,,,,,,,,,,,,,,,
9/1/2026,2025,20261054,48059,19580,TRANSCOLORADO GAS TRANSMISSION COMPANY LLC,Natural Gas,INTERSTATE,COLORADO,0,0,0,0,,,0,,,,,0,0,0,0,,,0,,,,,0,0,0,0,,,0,,,,,0,0,0,0,,,0,,,,,0,0,0,0,,,0,,,,,0,0,0,1,,,0,,,,,0,0,0,0,,,0,,,,,0,0,0,0,,,0,,,,,0,0,0,0,,,0,,,,,0,0,0,0,,,0,,,,,0,0,0,0,,,0,0,0,0,0,0,0,0,0,,,0,0,0,0,0,0,0,0,0,,,0,0,0,0,0,0,0,0,1,,0,,0,0,0,0,0,,0,,,,,,0,,0,,,,,,,,,,,,,,,,,,,,,,,,,,,,,,,0,131,,,,,,,,,,,,,,,,,,,,,,,,,,,,,,,,
9/1/2026,2025,20261054,48059,19580,TRANSCOLORADO GAS TRANSMISSION COMPANY LLC,Natural Gas,INTERSTATE,NEW MEXICO,0,0,0,0,0,0,0,0,0,0,0,0,0,0,0,0,0,0,0,0,0,0,0,0,0,0,0,0,0,0,0,0,0,0,0,0,0,0,0,0,0,0,0,0,0,0,0,0,0,0,0,0,0,0,0,0,0,0,0,0,0,0,0,0,0,0,0,0,0,0,0,0,0,0,0,0,0,0,0,0,0,0,0,0,0,0,0,0,0,0,0,0,0,0,0,0,0,0,0,0,0,0,0,0,0,0,0,0,0,0,0,0,0,0,0,0,0,0,0,0,0,0,0,0,0,0,0,0,0,0,0,0,0,0,0,0,0,0,0,0,0,0,0,0,0,0,0,0,0,0,0,0,0,0,0,,0,0,0,0,0,0,0,0,0,,,,,,,,,,,,,,,,,,,,,,,,,,,,,,,0,89,,,,,,,,,,,,,,,,,,,,,,,,,,,,,,,0,
9/1/2026,2025,20260764,47753,19610,TRANSWESTERN PIPELINE COMPANY LLC,Natural Gas,INTERSTATE,ARIZONA,0,0,0,0,,,0,,,,,0,0,0,0,,,0,,,,,0,0,0,0,,,0,,,,,0,0,0,0,,,0,,,,,0,0,0,0,,,0,,,,,0,0,0,0,,,0,,,,,0,0,0,0,,,0,,,,,0,0,0,0,,,0,,,,,0,0,0,0,,,0,,,,,0,0,0,0,,,0,,,,,0,0,0,0,,,0,,,,,0,0,0,0,,,0,,,,,0,0,0,0,,,0,,,,,0,0,0,0,,0,,,,,,0,,0,,,,,,0,,0,0,0,0,0,0,0,0,0,0,0,0,0,0,0,0,0,0,0,0,0,0,0,0,0,0,0,0,0,0,0,0,3522,,,,,,,,,,,,,,,,,,,,,,,,,,,,,,,,
9/1/2026,2025,20260764,47753,19610,TRANSWESTERN PIPELINE COMPANY LLC,Natural Gas,INTERSTATE,CALIFORNIA,0,0,0,0,0,0,0,0,0,0,0,0,0,0,0,0,0,0,0,0,0,0,0,0,0,0,0,0,0,0,0,0,0,0,0,0,0,0,0,0,0,0,0,0,0,0,0,0,0,0,0,0,0,0,0,0,0,0,0,0,0,0,0,0,0,0,0,0,0,0,0,0,0,0,0,0,0,0,0,0,0,0,0,0,0,0,0,0,0,0,0,0,0,0,0,0,0,0,0,0,0,0,0,0,0,0,0,0,0,0,0,0,0,0,0,0,0,0,0,0,0,0,0,0,0,0,0,0,0,0,0,0,0,0,0,0,0,0,0,0,0,0,0,0,0,0,0,0,0,0,0,0,0,0,0,,0,0,0,0,0,0,0,0,0,0,0,0,0,0,0,0,0,0,0,0,0,0,0,0,0,0,0,0,0,0,0,0,0,0,0,0,0,0,0,0,89,,,,,,,,,,,,,,,,,,,,,,,,,,,,,,,0,
9/1/2026,2025,20260764,47753,19610,TRANSWESTERN PIPELINE COMPANY LLC,Natural Gas,INTERSTATE,COLORADO,0,0,0,0,0,0,0,0,0,0,0,0,0,0,0,0,0,0,0,0,0,0,0,0,0,0,0,0,0,0,0,0,0,0,0,0,0,0,0,0,0,0,0,0,0,0,0,0,0,0,0,0,0,0,0,0,0,0,0,0,0,0,0,0,0,0,0,0,0,0,0,0,0,0,0,0,0,0,0,0,0,0,0,0,0,0,0,0,0,0,0,0,0,0,0,0,0,0,0,0,0,0,0,0,0,0,0,0,0,0,0,0,0,0,0,0,0,0,0,0,0,0,0,0,0,0,0,0,0,0,0,0,0,0,0,0,0,0,0,0,0,0,0,0,0,0,0,0,0,0,0,0,0,0,0,,0,0,0,0,0,0,0,0,0,0,0,0,0,0,0,0,0,0,0,0,0,0,0,0,0,0,0,0,0,0,0,0,0,0,0,0,0,0,0,0,133,,,,,,,,,,,,,,,,,,,,,,,,,,,,,,,0,
9/1/2026,2025,20260764,47753,19610,TRANSWESTERN PIPELINE COMPANY LLC,Natural Gas,INTERSTATE,NEW MEXICO,0,0,0,0,,,0,,,,,0,0,0,0,,,0,,,,,0,0,0,0,,,0,,,,,0,0,0,0,,,0,,,,,0,0,0,0,,,0,,,,,0,0,0,1,,,0,,,,,0,0,0,0,,,0,,,,,0,0,0,0,,,0,,,,,0,0,0,0,,,0,,,,,0,0,0,0,,,0,,,,,0,0,0,1,,,0,0,0,0,0,0,0,0,0,,,0,0,0,0,0,0,0,0,0,,,0,0,0,0,0,0,0,0,2,,0,,0,0,0,0,0,,0,,,,,,0,,0,0,0,0,0,0,0,0,0,0,0,0,0,0,0,0,0,0,0,0,0,0,0,0,0,0,0,0,0,0,0,0,1946,,,,,,,,,,,,,,,,,,,,,,,,,,,,,,,,
9/1/2026,2025,20260764,47753,19610,TRANSWESTERN PIPELINE COMPANY LLC,Natural Gas,INTERSTATE,TEXAS,0,0,0,0,,,0,,,,,0,0,0,0,,,0,,,,,0,0,0,0,,,0,,,,,0,0,0,0,,,0,,,,,0,0,0,0,,,0,,,,,0,0,0,0,,,0,,,,,0,0,0,0,,,0,,,,,0,0,0,0,,,0,,,,,0,0,0,0,,,0,,,,,0,0,0,0,,,0,,,,,0,0,0,1,,,0,0,0,0,0,0,0,0,0,,,0,0,0,0,0,0,0,0,0,,,0,0,0,0,0,0,0,0,1,,0,,0,0,0,0,0,,0,,,,,,0,,0,0,0,0,0,0,0,0,0,0,0,0,0,0,0,0,0,0,0,0,0,0,0,0,0,0,0,0,0,0,0,0,1530,,,,,,,,,,,,,,,,,,,,,,,,,,,,,,,,
9/1/2026,2025,20260804,47797,19730,TRUNKLINE GAS CO,Natural Gas,INTERSTATE,ARKANSAS,,0,0,0,,,,,,,,,0,0,0,,,,,,,,,0,0,0,,,,,,,,,0,0,0,,,,,,,,,0,0,0,,,,,,,,,0,0,0,,,,,,,,,0,0,0,,,,,,,,,0,0,0,,,,,,,,,0,0,0,,,,,,,,,0,0,0,,,,,,,,,0,0,0,,,,0,0,0,0,,0,0,0,,,,0,0,0,0,,0,0,0,,,,0,0,0,0,,0,0,0,,,,0,0,0,0,0,,0,,,,,,0,,0,0,0,0,0,0,0,0,0,0,0,0,0,0,0,0,0,0,0,0,0,0,0,0,0,0,0,0,0,0,0,0,5,,,,,,,,,,,,,,,,,,,,,,,,,,,,,,,,
9/1/2026,2025,20260804,47797,19730,TRUNKLINE GAS CO,Natural Gas,INTERSTATE,ILLINOIS,,0,0,0,,,,,,,,,0,0,0,,,,,,,,,0,0,0,,,,,,,,,0,0,0,,,,,,,,,0,0,0,,,,,,,,,0,0,0,,,,,,,,,0,0,0,,,,,,,,,0,0,0,,,,,,,,,0,0,0,,,,,,,,,0,0,0,,,,,,,,,0,0,0,,,,0,0,0,0,,0,0,0,,,,0,0,0,0,,0,0,0,,,,0,0,0,0,,0,0,0,,,,0,0,0,0,0,,0,,,,,,0,,0,0,0,0,0,0,0,0,0,0,0,0,0,0,0,0,0,0,0,0,0,0,0,0,0,0,0,0,0,0,0,0,971,,,,,,,,,,,,,,,,,,,,,,,,,,,,,,,,
9/1/2026,2025,20260804,47797,19730,TRUNKLINE GAS CO,Natural Gas,INTERSTATE,INDIANA,0,0,0,0,,,0,,,,,0,0,0,0,,,0,,,,,0,0,0,0,,,0,,,,,0,0,0,0,,,0,,,,,0,0,0,0,,,0,,,,,0,0,0,0,,,0,,,,,0,0,0,0,,,0,,,,,0,0,0,0,,,0,,,,,0,0,0,0,,,0,,,,,0,0,0,0,,,0,,,,,0,0,0,1,,,0,0,0,0,0,0,0,0,0,,,0,0,0,0,0,0,0,0,0,,,0,0,0,0,0,0,0,0,1,,0,,0,0,0,0,0,,0,,,,,,0,,0,0,0,0,0,0,0,0,0,0,0,0,0,0,0,0,0,0,0,0,0,0,0,0,0,0,0,0,0,0,0,0,2549,,,,,,,,,,,,,,,,,,,,,,,,,,,,,,,,
9/1/2026,2025,20260804,47797,19730,TRUNKLINE GAS CO,Natural Gas,INTERSTATE,KENTUCKY,0,0,0,0,0,0,0,0,0,0,0,0,0,0,0,0,0,0,0,0,0,0,0,0,0,0,0,0,0,0,0,0,0,0,0,0,0,0,0,0,0,0,0,0,0,0,0,0,0,0,0,0,0,0,0,0,0,0,0,0,0,0,0,0,0,0,0,0,0,0,0,0,0,0,0,0,0,0,0,0,0,0,0,0,0,0,0,0,0,0,0,0,0,0,0,0,0,0,0,0,0,0,0,0,0,0,0,0,0,0,0,0,0,0,0,0,0,0,0,0,0,0,0,0,0,0,0,0,0,0,0,0,0,0,0,0,0,0,0,0,0,0,0,0,0,0,0,0,0,0,0,0,0,0,0,,0,0,0,0,0,0,0,0,0,0,0,0,0,0,0,0,0,0,0,0,0,0,0,0,0,0,0,0,0,0,0,0,0,0,0,0,0,0,0,0,80,,,,,,,,,,,,,,,,,,,,,,,,,,,,,,,0,
9/1/2026,2025,20260804,47797,19730,TRUNKLINE GAS CO,Natural Gas,INTERSTATE,LOUISIANA,0,0,0,1,0,0,0,0,0,0,0,0,0,0,0,0,0,0,0,0,0,0,0,0,0,0,0,0,0,0,0,0,0,0,0,0,0,0,0,0,0,0,0,0,0,0,0,0,0,0,0,0,0,0,0,0,0,0,3,0,0,0,0,0,0,0,0,0,0,1,0,0,0,0,0,0,0,0,0,0,0,0,0,0,0,0,0,0,0,0,0,0,0,0,0,0,0,0,0,0,0,0,0,0,0,0,0,0,0,0,0,0,0,0,0,0,0,0,0,0,0,0,0,0,1,0,0,0,0,0,0,0,0,0,0,0,0,0,0,0,0,0,0,0,0,0,6,0,0,0,0,0,0,0,0,,0,0,0,0,0,0,0,0,0,0,0,0,0,0,0,0,0,0,0,0,0,0,0,0,0,0,0,0,0,0,0,0,0,0,0,0,0,0,0,0,3003,,,,,,,,,,,,,,,,,,,,,,,,,,,,,,,0,
9/1/2026,2025,20260804,47797,19730,TRUNKLINE GAS CO,Natural Gas,INTERSTATE,MISSISSIPPI,0,0,0,0,0,0,0,0,0,0,0,0,0,0,0,0,0,0,0,0,0,0,0,0,0,0,0,0,0,0,0,0,0,0,0,0,0,0,0,0,0,0,0,0,0,0,0,0,0,0,0,0,0,0,0,0,0,0,0,0,0,0,0,0,0,0,0,0,0,0,0,0,0,0,0,0,0,0,0,0,0,0,0,0,0,0,0,0,0,0,0,0,0,0,0,0,0,0,0,0,0,0,0,0,0,0,0,0,0,0,0,0,0,0,0,0,0,0,0,0,0,0,0,0,0,0,0,0,0,0,0,0,0,0,0,0,0,0,0,0,0,0,0,0,0,0,0,0,0,0,0,0,0,0,0,,0,0,0,0,0,0,0,0,0,0,0,0,0,0,0,0,0,0,0,0,0,0,0,0,0,0,0,0,0,0,0,0,0,0,0,0,0,0,0,0,859,,,,,,,,,,,,,,,,,,,,,,,,,,,,,,,0,
9/1/2026,2025,20260804,47797,19730,TRUNKLINE GAS CO,Natural Gas,INTERSTATE,TENNESSEE,0,0,0,0,0,0,0,0,0,0,0,0,0,0,0,0,0,0,0,0,0,0,0,0,0,0,0,0,0,0,0,0,0,0,0,0,0,0,0,0,0,0,0,0,0,0,0,0,0,0,0,0,0,0,0,0,0,0,1,0,0,0,0,0,0,0,0,0,0,0,0,0,0,0,0,0,0,0,0,0,0,0,0,0,0,0,0,0,0,0,0,0,0,0,0,0,0,0,0,0,0,0,0,0,0,0,0,0,0,0,0,0,0,0,0,0,0,0,0,0,0,0,0,0,0,0,0,0,0,0,0,0,0,0,0,0,0,0,0,0,0,0,0,0,0,0,1,0,0,0,0,0,0,0,0,,0,0,0,0,0,0,0,0,0,0,0,0,0,0,0,0,0,0,0,0,0,0,0,0,0,0,0,0,0,0,0,0,0,0,0,0,0,0,0,0,661,,,,,,,,,,,,,,,,,,,,,,,,,,,,,,,0,
9/1/2026,2025,20260804,47797,19730,TRUNKLINE GAS CO,Natural Gas,INTERSTATE,TEXAS,0,0,0,0,,,0,,,,,0,0,0,0,,,0,,,,,0,0,0,0,,,0,,,,,0,0,0,0,,,0,,,,,0,0,0,0,,,0,,,,,0,0,0,0,,,0,,,,,0,0,0,0,,,0,,,,,0,0,0,0,,,0,,,,,0,0,0,0,,,0,,,,,0,0,0,0,,,0,,,,,0,0,1,0,,,0,0,0,0,0,0,0,0,0,,,0,0,0,0,0,0,0,0,0,,,0,0,0,0,0,0,0,1,0,,0,,0,0,0,0,0,,0,,,,,,0,,0,0,0,0,0,0,0,0,0,0,0,0,0,0,0,0,0,0,0,0,0,0,0,0,0,0,0,0,0,0,0,0,14724,,,,,,,,,,,,,,,,,,,,,,,,,,,,,,,,
9/1/2026,2025,20260681,47666,19890,UCAR LOUISIANA PIPELINE LLC,Natural Gas,INTRASTATE,LOUISIANA,0,0,0,0,,,0,,,,,0,0,0,0,,,0,,,,,0,0,0,0,,,0,,,,,0,0,0,0,,,0,,,,,0,0,0,0,,,0,,,,,0,0,0,0,,,0,,,,,0,0,0,0,,,0,,,,,0,0,0,0,,,0,,,,,0,0,0,0,,,0,,,,,0,0,0,0,,,0,,,,,0,0,0,0,,,0,0,0,0,0,0,0,0,0,,,0,0,0,0,0,0,0,0,0,,,0,0,0,0,0,0,0,0,0,,0,,0,0,0,0,0,,0,,,,,,0,,0,0,0,0,0,0,0,0,0,0,0,0,0,0,0,0,0,,0,0,0,0,0,0,0,0,0,0,0,0,0,0,0,,,,,,,,,,,,,,,,,,,,,,,,,,,,,,,,
9/1/2026,2025,20260969,47970,19892,UCAR PIPELINE LLC,Other Gas-Ethylene,INTERSTATE,LOUISIANA,0,0,0,0,0,0,0,0,0,0,0,0,0,0,0,0,0,0,0,0,0,0,0,0,0,0,0,0,0,0,0,0,0,0,0,0,0,0,0,0,0,0,0,0,0,0,0,0,0,0,0,0,0,0,0,0,0,0,0,0,0,0,0,0,0,0,0,0,0,0,0,0,0,0,0,0,0,0,0,0,0,0,0,0,0,0,0,0,0,0,0,0,0,0,0,0,0,0,0,0,0,0,0,0,0,0,0,0,0,0,0,0,0,0,0,0,0,0,0,0,0,0,0,0,0,0,0,0,0,0,0,0,0,0,0,0,0,0,0,0,0,0,0,0,0,0,0,0,0,0,0,0,0,0,0,,0,0,0,0,0,0,0,0,0,0,0,0,0,0,0,0,0,0,0,0,0,0,0,0,0,0,0,0,0,0,0,0,0,0,0,0,0,0,0,0,0,,,,,,,,,,,,,,,,,,,,,,,,,,,,,,,0,
9/1/2026,2025,20260969,47970,19892,UCAR PIPELINE LLC,Other Gas-Ethylene,INTERSTATE,TEXAS,0,0,0,0,0,0,0,0,0,0,0,0,0,0,0,0,0,0,0,0,0,0,0,0,0,0,0,0,0,0,0,0,0,0,0,0,0,0,0,0,0,0,0,0,0,0,0,0,0,0,0,0,0,0,0,0,0,0,0,0,0,0,0,0,0,0,0,0,0,0,0,0,0,0,0,0,0,0,0,0,0,0,0,0,0,0,0,0,0,0,0,0,0,0,0,0,0,0,0,0,0,0,0,0,0,0,0,0,0,0,0,0,0,0,0,0,0,0,0,0,0,0,0,0,0,0,0,0,0,0,0,0,0,0,0,0,0,0,0,0,0,0,0,0,0,0,0,0,0,0,0,0,0,0,0,,0,0,0,0,0,0,0,0,0,0,0,0,0,0,0,0,0,0,0,0,0,0,0,0,0,0,0,0,0,0,0,0,0,0,0,0,0,0,0,0,0,,,,,,,,,,,,,,,,,,,,,,,,,,,,,,,0,
9/1/2026,2025,20260969,47970,19892,UCAR PIPELINE LLC,Other Gas-Ethylene,INTRASTATE,LOUISIANA,0,0,0,0,0,0,0,0,0,0,0,0,0,0,0,0,0,0,0,0,0,0,0,0,0,0,0,0,0,0,0,0,0,0,0,0,0,0,0,0,0,0,0,0,0,0,0,0,0,0,0,0,0,0,0,0,0,0,0,0,0,0,0,0,0,0,0,0,0,0,0,0,0,0,0,0,0,0,0,0,0,0,0,0,0,0,0,0,0,0,0,0,0,0,0,0,0,0,0,0,0,0,0,0,0,0,0,0,0,0,0,0,0,0,0,0,0,0,0,0,0,0,0,0,0,0,0,0,0,0,0,0,0,0,0,0,0,0,0,0,0,0,0,0,0,0,0,0,0,0,0,0,0,0,0,,0,0,0,0,0,0,0,0,0,0,0,0,0,0,0,0,0,0,0,0,0,0,0,0,0,0,0,0,0,0,0,0,0,0,0,0,0,0,0,0,0,,,,,,,,,,,,,,,,,,,,,,,,,,,,,,,0,
9/1/2026,2025,20260969,47970,19892,UCAR PIPELINE LLC,Other Gas-Ethylene,INTRASTATE,TEXAS,0,0,0,0,0,0,0,0,0,0,0,0,0,0,0,0,0,0,0,0,0,0,0,0,0,0,0,0,0,0,0,0,0,0,0,0,0,0,0,0,0,0,0,0,0,0,0,0,0,0,0,0,0,0,0,0,0,0,0,0,0,0,0,0,0,0,0,0,0,0,0,0,0,0,0,0,0,0,0,0,0,0,0,0,0,0,0,0,0,0,0,0,0,0,0,0,0,0,0,0,0,0,0,0,0,0,0,0,0,0,0,0,0,0,0,0,0,0,0,0,0,0,0,0,0,0,0,0,0,0,0,0,0,0,0,0,0,0,0,0,0,0,0,0,0,0,0,0,0,0,0,0,0,0,0,,0,0,0,0,0,0,0,0,0,0,0,0,0,0,0,0,0,0,0,0,0,0,0,0,0,0,0,0,0,0,0,0,0,0,0,0,0,0,0,0,0,,,,,,,,,,,,,,,,,,,,,,,,,,,,,,,0,
9/1/2026,2025,20260789,47782,20010,"UGI UTILITIES, INC",Natural Gas,INTRASTATE,PENNSYLVANIA,0,0,0,2,0,0,0,0,0,0,0,0,0,0,0,0,0,0,0,0,0,0,0,0,0,0,0,0,0,0,0,0,0,0,0,0,0,0,0,0,0,0,0,0,0,0,0,0,0,0,0,0,0,0,0,0,0,0,0,0,0,0,0,0,0,0,0,0,0,0,0,0,0,0,0,0,0,0,0,0,0,0,0,0,0,0,0,0,0,0,0,0,0,0,0,0,0,0,0,0,0,0,0,0,0,0,0,0,0,0,0,0,0,0,0,0,0,0,0,0,0,0,0,0,0,0,0,0,0,0,0,0,0,0,0,0,0,0,0,0,0,0,0,0,0,0,2,0,0,0,0,0,0,0,0,,0,0,0,0,0,0,0,0,0,,,,,,,,,,,,,,,,,,,,,,,,,,,,,,,0,341340,,,,,,,,,,,,,,,,,,,,,,,,,,,,,,,0,
9/1/2026,2025,20261277,48290,20044,LINDE,Hydrogen Gas,INTERSTATE,LOUISIANA,0,0,0,0,0,0,0,0,0,0,0,0,0,0,0,0,0,0,0,0,0,0,0,0,0,0,0,0,0,0,0,0,0,0,0,0,0,0,0,0,0,0,0,0,0,0,0,0,0,0,0,0,0,0,0,0,0,0,0,0,0,0,0,0,0,0,0,0,0,0,0,0,0,0,0,0,0,0,0,0,0,0,0,0,0,0,0,0,0,0,0,0,0,0,0,0,0,0,0,0,0,0,0,0,0,0,0,0,0,0,0,0,0,0,0,0,0,0,0,0,0,0,0,0,0,0,0,0,0,0,0,0,0,0,0,0,0,0,0,0,0,0,0,0,0,0,0,0,0,0,0,0,0,0,0,,0,0,0,0,0,0,0,0,0,,,,,,,,,,,,,,,,,,,,,,,,,,,,,,,0,1081,,,,,,,,,,,,,,,,,,,,,,,,,,,,,,,0,
9/1/2026,2025,20261277,48290,20044,LINDE,Hydrogen Gas,INTERSTATE,TEXAS,0,0,0,0,0,0,0,0,0,0,0,0,0,0,0,0,0,0,0,0,0,0,0,0,0,0,0,0,0,0,0,0,0,0,0,0,0,0,0,0,0,0,0,0,0,0,0,0,0,0,0,0,0,0,0,0,0,0,0,0,0,0,0,0,0,0,0,0,0,0,0,0,0,0,0,0,0,0,0,0,0,0,0,0,0,0,0,0,0,0,0,0,0,0,0,0,0,0,0,0,0,0,0,0,0,0,0,0,0,0,0,0,0,0,0,0,0,0,0,0,0,0,0,0,0,0,0,0,0,0,0,0,0,0,0,0,0,0,0,0,0,0,0,0,0,0,0,0,0,0,0,0,0,0,0,,0,0,0,0,0,0,0,0,0,,,,,,,,,,,,,,,,,,,,,,,,,,,,,,,0,15538,,,,,,,,,,,,,,,,,,,,,,,,,,,,,,,0,
9/1/2026,2025,20261277,48290,20044,LINDE,Hydrogen Gas,INTRASTATE,ALABAMA,0,0,0,0,0,0,0,0,0,0,0,0,0,0,0,0,0,0,0,0,0,0,0,0,0,0,0,0,0,0,0,0,0,0,0,0,0,0,0,0,0,0,0,0,0,0,0,0,0,0,0,0,0,0,0,0,0,0,0,0,0,0,0,0,0,0,0,0,0,0,0,0,0,0,0,0,0,0,0,0,0,0,0,0,0,0,0,0,0,0,0,0,0,0,0,0,0,0,0,0,0,0,0,0,0,0,0,0,0,0,0,0,0,0,0,0,0,0,0,0,0,0,0,0,0,0,0,0,0,0,0,0,0,0,0,0,0,0,0,0,0,0,0,0,0,0,0,0,0,0,0,0,0,0,0,,0,0,0,0,0,0,0,0,0,,,,,,,,,,,,,,,,,,,,,,,,,,,,,,,0,435,,,,,,,,,,,,,,,,,,,,,,,,,,,,,,,0,
9/1/2026,2025,20261277,48290,20044,LINDE,Hydrogen Gas,INTRASTATE,INDIANA,0,0,0,0,0,0,0,0,0,0,0,0,0,0,0,0,0,0,0,0,0,0,0,0,0,0,0,0,0,0,0,0,0,0,0,0,0,0,0,0,0,0,0,0,0,0,0,0,0,0,0,0,0,0,0,0,0,0,0,0,0,0,0,0,0,0,0,0,0,0,0,0,0,0,0,0,0,0,0,0,0,0,0,0,0,0,0,0,0,0,0,0,0,0,0,0,0,0,0,0,0,0,0,0,0,0,0,0,0,0,0,0,0,0,0,0,0,0,0,0,0,0,0,0,0,0,0,0,0,0,0,0,0,0,0,0,0,0,0,0,0,0,0,0,0,0,0,0,0,0,0,0,0,0,0,,0,0,0,0,0,0,0,0,0,,,,,,,,,,,,,,,,,,,,,,,,,,,,,,,0,3147,,,,,,,,,,,,,,,,,,,,,,,,,,,,,,,0,
9/1/2026,2025,20261277,48290,20044,LINDE,Hydrogen Gas,INTRASTATE,LOUISIANA,0,0,0,0,0,0,0,0,0,0,0,0,0,0,0,0,0,0,0,0,0,0,0,0,0,0,0,0,0,0,0,0,0,0,0,0,0,0,0,0,0,0,0,0,0,0,0,0,0,0,0,0,0,0,0,0,0,0,0,0,0,0,0,0,0,0,0,0,0,0,0,0,0,0,0,0,0,0,0,0,0,0,0,0,0,0,0,0,0,0,0,0,0,0,0,0,0,0,0,0,0,0,0,0,0,0,0,0,0,0,0,0,0,0,0,0,0,0,0,0,0,0,0,0,0,0,0,0,0,0,0,0,0,0,0,0,0,0,0,0,0,0,0,0,0,0,0,0,0,0,0,0,0,0,0,,0,0,0,0,0,0,0,0,0,,,,,,,,,,,,,,,,,,,,,,,,,,,,,,,0,3517,,,,,,,,,,,,,,,,,,,,,,,,,,,,,,,0,
9/1/2026,2025,20261277,48290,20044,LINDE,Hydrogen Gas,INTRASTATE,NEW YORK,0,0,0,0,0,0,0,0,0,0,0,0,0,0,0,0,0,0,0,0,0,0,0,0,0,0,0,0,0,0,0,0,0,0,0,0,0,0,0,0,0,0,0,0,0,0,0,0,0,0,0,0,0,0,0,0,0,0,0,0,0,0,0,0,0,0,0,0,0,0,0,0,0,0,0,0,0,0,0,0,0,0,0,0,0,0,0,0,0,0,0,0,0,0,0,0,0,0,0,0,0,0,0,0,0,0,0,0,0,0,0,0,0,0,0,0,0,0,0,0,0,0,0,0,0,0,0,0,0,0,0,0,0,0,0,0,0,0,0,0,0,0,0,0,0,0,0,0,0,0,0,0,0,0,0,,0,0,0,0,0,0,0,0,0,,,,,,,,,,,,,,,,,,,,,,,,,,,,,,,0,93,,,,,,,,,,,,,,,,,,,,,,,,,,,,,,,0,
9/1/2026,2025,20261277,48290,20044,LINDE,Hydrogen Gas,INTRASTATE,OHIO,0,0,0,0,0,0,0,0,0,0,0,0,0,0,0,0,0,0,0,0,0,0,0,0,0,0,0,0,0,0,0,0,0,0,0,0,0,0,0,0,0,0,0,0,0,0,0,0,0,0,0,0,0,0,0,0,0,0,0,0,0,0,0,0,0,0,0,0,0,0,0,0,0,0,0,0,0,0,0,0,0,0,0,0,0,0,0,0,0,0,0,0,0,0,0,0,0,0,0,0,0,0,0,0,0,0,0,0,0,0,0,0,0,0,0,0,0,0,0,0,0,0,0,0,0,0,0,0,0,0,0,0,0,0,0,0,0,0,0,0,0,0,0,0,0,0,0,0,0,0,0,0,0,0,0,,0,0,0,0,0,0,0,0,0,,,,,,,,,,,,,,,,,,,,,,,,,,,,,,,0,397,,,,,,,,,,,,,,,,,,,,,,,,,,,,,,,0,
9/1/2026,2025,20261277,48290,20044,LINDE,Hydrogen Gas,INTRASTATE,UTAH,0,0,0,0,0,0,0,0,0,0,0,0,0,0,0,0,0,0,0,0,0,0,0,0,0,0,0,0,0,0,0,0,0,0,0,0,0,0,0,0,0,0,0,0,0,0,0,0,0,0,0,0,0,0,0,0,0,0,0,0,0,0,0,0,0,0,0,0,0,0,0,0,0,0,0,0,0,0,0,0,0,0,0,0,0,0,0,0,0,0,0,0,0,0,0,0,0,0,0,0,0,0,0,0,0,0,0,0,0,0,0,0,0,0,0,0,0,0,0,0,0,0,0,0,0,0,0,0,0,0,0,0,0,0,0,0,0,0,0,0,0,0,0,0,0,0,0,0,0,0,0,0,0,0,0,,0,0,0,0,0,0,0,0,0,,,,,,,,,,,,,,,,,,,,,,,,,,,,,,,0,96,,,,,,,,,,,,,,,,,,,,,,,,,,,,,,,0,
9/1/2026,2025,20261280,48293,20044,LINDE,Natural Gas,INTRASTATE,TEXAS,0,0,0,0,0,0,0,0,0,0,0,0,0,0,0,0,0,0,0,0,0,0,0,0,0,0,0,0,0,0,0,0,0,0,0,0,0,0,0,0,0,0,0,0,0,0,0,0,0,0,0,0,0,0,0,0,0,0,0,0,0,0,0,0,0,0,0,0,0,0,0,0,0,0,0,0,0,0,0,0,0,0,0,0,0,0,0,0,0,0,0,0,0,0,0,0,0,0,0,0,0,0,0,0,0,0,0,0,0,0,0,0,0,0,0,0,0,0,0,0,0,0,0,0,0,0,0,0,0,0,0,0,0,0,0,0,0,0,0,0,0,0,0,0,0,0,0,0,0,0,0,0,0,0,0,,0,0,0,0,0,0,0,0,0,,,,,,,,,,,,,,,,,,,,,,,,,,,,,,,0,18,,,,,,,,,,,,,,,,,,,,,,,,,,,,,,,0,
9/1/2026,2025,20260485,47452,20046,UNION CARBIDE CHEMICALS & PLASTICS CO INC,Natural Gas,INTRASTATE,WEST VIRGINIA,0,0,0,0,,,0,,,,,0,0,0,0,,,0,,,,,0,0,0,0,,,0,,,,,0,0,0,0,,,0,,,,,0,0,0,0,,,0,,,,,0,0,0,0,,,0,,,,,0,0,0,0,,,0,,,,,0,0,0,0,,,0,,,,,0,0,0,0,,,0,,,,,0,0,0,0,,,0,,,,,0,0,0,0,,,0,,,,,0,0,0,0,,,0,,,,,0,0,0,0,,,0,,,,,0,0,0,0,,0,,,,,,0,,0,,,,,,0,,0,,,,,,,,,,,,,,,,,,,,,,,,,,,,,,,0,385,,,,,,,,,,,,,,,,,,,,,,,,,,,,,,,,
9/1/2026,2025,20261106,48117,20050,AMERENUE,Natural Gas,INTRASTATE,ILLINOIS,0,0,0,0,0,0,0,0,0,0,0,0,0,0,0,0,0,0,0,0,0,0,0,0,0,0,0,0,0,0,0,0,0,0,0,0,0,0,0,0,0,0,0,0,0,0,0,0,0,0,0,0,0,0,0,0,0,0,0,0,0,0,0,0,0,0,0,0,0,0,0,0,0,0,0,0,0,0,0,0,0,0,0,0,0,0,0,0,0,0,0,0,0,0,0,0,0,0,0,0,0,0,0,0,0,0,0,0,0,0,0,0,0,0,0,0,0,0,0,0,0,0,0,0,0,0,0,0,0,0,0,0,0,0,0,0,0,0,0,0,0,0,0,0,0,0,0,0,0,0,0,0,0,0,0,,0,0,0,0,0,0,0,0,0,,,,,,,,,,,,,,,,,,,,,,,,,,,,,,,0,15,,,,,,,,,,,,,,,,,,,,,,,,,,,,,,,0,
9/1/2026,2025,20261106,48117,20050,AMERENUE,Natural Gas,INTRASTATE,MISSOURI,0,0,0,0,0,0,0,0,0,0,0,0,0,0,0,0,0,0,0,0,0,0,0,0,0,0,0,0,0,0,0,0,0,0,0,0,0,0,0,0,0,0,0,0,0,0,0,0,0,0,0,0,0,0,0,0,0,0,0,0,0,0,0,0,0,0,0,0,0,0,0,0,0,0,0,0,0,0,0,0,0,0,0,0,0,0,0,0,0,0,0,0,0,0,0,0,0,0,0,0,0,0,0,0,0,0,0,0,0,0,0,0,0,0,0,0,0,0,0,0,0,0,0,0,0,0,0,0,0,0,0,0,0,0,0,0,0,0,0,0,0,0,0,0,0,0,0,0,0,0,0,0,0,0,0,,0,0,0,0,0,0,0,0,0,,,,,,,,,,,,,,,,,,,,,,,,,,,,,,,0,259,,,,,,,,,,,,,,,,,,,,,,,,,,,,,,,0,
9/1/2026,2025,20261057,48062,20110,DUKE ENERGY KENTUCKY,Natural Gas,INTRASTATE,KENTUCKY,0,0,0,0,,,0,,,,,0,0,0,0,,,0,,,,,0,0,0,0,,,0,,,,,0,0,0,0,,,0,,,,,0,0,0,0,,,0,,,,,0,0,0,0,,,0,,,,,0,0,0,0,,,0,,,,,0,0,0,0,,,0,,,,,0,0,0,0,,,0,,,,,0,0,0,0,,,0,,,,,0,0,0,0,,,0,0,0,0,0,0,0,0,0,,,0,0,0,0,0,0,0,0,0,,,0,0,0,0,0,0,0,0,0,,0,,0,0,0,0,0,,0,,,,,,0,,0,0,0,0,0,0,0,0,0,0,0,0,0,0,0,0,0,0,0,0,0,0,0,0,0,0,0,0,0,0,0,0,0,,,,,,,,,,,,,,,,,,,,,,,,,,,,,,,,
9/1/2026,2025,20261319,48332,20211,ATMOS ENERGY CORPORATION - KY/MID-STATES (MID-STATES),Natural Gas,INTRASTATE,TENNESSEE,0,0,0,0,,,0,,,,,0,0,0,0,,,0,,,,,0,0,0,0,,,0,,,,,0,0,0,0,,,0,,,,,0,0,0,0,,,0,,,,,0,0,0,0,,,0,,,,,0,0,0,0,,,0,,,,,0,0,0,0,,,0,,,,,0,0,0,0,,,0,,,,,0,0,0,0,,,0,,,,,0,0,0,0,,,0,0,0,0,0,0,0,0,0,,,0,0,0,0,0,0,0,0,0,,,0,0,0,0,0,0,0,0,0,,0,,0,0,0,0,0,,0,,,,,,0,,0,,,,,,,,,,,,,,,,,,,,,,,,,,,,,,,0,2763,,,,,,,,,,,,,,,,,,,,,,,,,,,,,,,,
9/1/2026,2025,20261319,48332,20211,ATMOS ENERGY CORPORATION - KY/MID-STATES (MID-STATES),Natural Gas,INTRASTATE,VIRGINIA,0,0,0,0,0,0,0,0,0,0,0,0,0,0,0,0,0,0,0,0,0,0,0,0,0,0,0,0,0,0,0,0,0,0,0,0,0,0,0,0,0,0,0,0,0,0,0,0,0,0,0,0,0,0,0,0,0,0,0,0,0,0,0,0,0,0,0,0,0,0,0,0,0,0,0,0,0,0,0,0,0,0,0,0,0,0,0,0,0,0,0,0,0,0,0,0,0,0,0,0,0,0,0,0,0,0,0,0,0,0,0,0,0,0,0,0,0,0,0,0,0,0,0,0,0,0,0,0,0,0,0,0,0,0,0,0,0,0,0,0,0,0,0,0,0,0,0,0,0,0,0,0,0,0,0,,0,0,0,0,0,0,0,0,0,,,,,,,,,,,,,,,,,,,,,,,,,,,,,,,0,0,,,,,,,,,,,,,,,,,,,,,,,,,,,,,,,0,
9/1/2026,2025,20260320,47278,20236,UNITED STATES GYPSUM CO,Natural Gas,INTRASTATE,IOWA,0,0,0,0,0,0,0,0,0,0,0,0,0,0,0,0,0,0,0,0,0,0,0,0,0,0,0,0,0,0,0,0,0,0,0,0,0,0,0,0,0,0,0,0,0,0,0,0,0,0,0,0,0,0,0,0,0,0,0,0,0,0,0,0,0,0,0,0,0,0,0,0,0,0,0,0,0,0,0,0,0,0,0,0,0,0,0,0,0,0,0,0,0,0,0,0,0,0,0,0,0,0,0,0,0,0,0,0,0,0,0,0,0,0,0,0,0,0,0,0,0,0,0,0,0,0,0,0,0,0,0,0,0,0,0,0,0,0,0,0,0,0,0,0,0,0,0,0,0,0,0,0,0,0,0,,0,0,0,0,0,0,0,0,0,0,0,0,0,0,0,0,0,0,0,0,0,0,0,0,0,0,0,0,0,0,0,0,0,0,0,0,0,0,0,0,35,,,,,,,,,,,,,,,,,,,,,,,,,,,,,,,0,
9/1/2026,2025,20260320,47278,20236,UNITED STATES GYPSUM CO,Natural Gas,INTRASTATE,NEW YORK,0,0,0,0,,,0,,,,,0,0,0,0,,,0,,,,,0,0,0,0,,,0,,,,,0,0,0,0,,,0,,,,,0,0,0,0,,,0,,,,,0,0,0,0,,,0,,,,,0,0,0,0,,,0,,,,,0,0,0,0,,,0,,,,,0,0,0,0,,,0,,,,,0,0,0,0,,,0,,,,,0,0,0,0,,,0,0,0,0,0,0,0,0,0,,,0,0,0,0,0,0,0,0,0,,,0,0,0,0,0,0,0,0,0,,0,,0,0,0,0,0,,0,,,,,,0,,0,0,0,0,0,0,0,0,0,0,0,0,0,0,0,0,0,0,0,0,0,0,0,0,0,0,0,0,0,0,0,0,1,,,,,,,,,,,,,,,,,,,,,,,,,,,,,,,,
9/1/2026,2025,20260320,47278,20236,UNITED STATES GYPSUM CO,Natural Gas,INTRASTATE,OREGON,0,0,0,0,0,0,0,0,0,0,0,0,0,0,0,0,0,0,0,0,0,0,0,0,0,0,0,0,0,0,0,0,0,0,0,0,0,0,0,0,0,0,0,0,0,0,0,0,0,0,0,0,0,0,0,0,0,0,0,0,0,0,0,0,0,0,0,0,0,0,0,0,0,0,0,0,0,0,0,0,0,0,0,0,0,0,0,0,0,0,0,0,0,0,0,0,0,0,0,0,0,0,0,0,0,0,0,0,0,0,0,0,0,0,0,0,0,0,0,0,0,0,0,0,0,0,0,0,0,0,0,0,0,0,0,0,0,0,0,0,0,0,0,0,0,0,0,0,0,0,0,0,0,0,0,,0,0,0,0,0,0,0,0,0,0,0,0,0,0,0,0,0,0,0,0,0,0,0,0,0,0,0,0,0,0,0,0,0,0,0,0,0,0,0,0,24,,,,,,,,,,,,,,,,,,,,,,,,,,,,,,,0,
9/1/2026,2025,20260320,47278,20236,UNITED STATES GYPSUM CO,Natural Gas,INTRASTATE,PENNSYLVANIA,0,0,0,0,0,0,0,0,0,0,0,0,0,0,0,0,0,0,0,0,0,0,0,0,0,0,0,0,0,0,0,0,0,0,0,0,0,0,0,0,0,0,0,0,0,0,0,0,0,0,0,0,0,0,0,0,0,0,1,0,0,0,0,0,0,0,0,0,0,0,0,0,0,0,0,0,0,0,0,0,0,0,0,0,0,0,0,0,0,0,0,0,0,0,0,0,0,0,0,0,0,0,0,0,0,0,0,0,0,0,0,0,0,0,0,0,0,0,0,0,0,0,0,0,0,0,0,0,0,0,0,0,0,0,0,0,0,0,0,0,0,0,0,0,0,0,1,0,0,0,0,0,0,0,0,,0,0,0,0,0,0,0,0,0,0,0,0,0,0,0,0,0,0,0,0,0,0,0,0,0,0,0,0,0,0,0,0,0,0,0,0,0,0,0,0,151,,,,,,,,,,,,,,,,,,,,,,,,,,,,,,,0,
9/1/2026,2025,20260581,47564,20263,UNIVERSITY OF ILLINOIS - LATERAL,Natural Gas,INTRASTATE,ILLINOIS,0,0,0,0,0,0,0,0,0,0,0,0,0,0,0,0,0,0,0,0,0,0,0,0,0,0,0,0,0,0,0,0,0,0,0,0,0,0,0,0,0,0,0,0,0,0,0,0,0,0,0,0,0,0,0,0,0,0,0,0,0,0,0,0,0,0,0,0,0,0,0,0,0,0,0,0,0,0,0,0,0,0,0,0,0,0,0,0,0,0,0,0,0,0,0,0,0,0,0,0,0,0,0,0,0,0,0,0,0,0,0,0,0,0,0,0,0,0,0,0,0,0,0,0,0,0,0,0,0,0,0,0,0,0,0,0,0,0,0,0,0,0,0,0,0,0,0,0,0,0,0,0,0,0,0,,0,0,0,0,0,0,0,0,0,,,,,,,,,,,,,,,,,,,,,,,,,,,,,,,0,118,,,,,,,,,,,,,,,,,,,,,,,,,,,,,,,,
9/1/2026,2025,20260995,47998,21030,"VALLEY ENERGY, INC.",Natural Gas,INTRASTATE,PENNSYLVANIA,0,0,0,0,0,0,0,0,0,0,0,0,0,0,0,0,0,0,0,0,0,0,0,0,0,0,0,0,0,0,0,0,0,0,0,0,0,0,0,0,0,0,0,0,0,0,0,0,0,0,0,0,0,0,0,0,0,0,0,0,0,0,0,0,0,0,0,0,0,0,0,0,0,0,0,0,0,0,0,0,0,0,0,0,0,0,0,0,0,0,0,0,0,0,0,0,0,0,0,0,0,0,0,0,0,0,0,0,0,0,0,0,0,0,0,0,0,0,0,0,0,0,0,0,0,0,0,0,0,0,0,0,0,0,0,0,0,0,0,0,0,0,0,0,0,0,0,0,0,0,0,0,0,0,0,,0,0,0,0,0,0,0,0,0,0,0,0,0,0,0,0,0,0,0,0,0,0,0,0,0,0,0,0,0,0,0,0,0,0,0,0,0,0,0,0,0,,,,,,,,,,,,,,,,,,,,,,,,,,,,,,,0,
9/1/2026,2025,20261119,48130,21190,VERMONT GAS SYSTEMS INC,Natural Gas,INTRASTATE,VERMONT,0,0,0,0,,,0,,,,,0,0,0,0,,,0,,,,,0,0,0,0,,,0,,,,,0,0,0,0,,,0,,,,,0,0,0,0,,,0,,,,,0,0,0,0,,,0,,,,,0,0,0,0,,,0,,,,,0,0,0,0,,,0,,,,,0,0,0,0,,,0,,,,,0,0,0,0,,,0,,,,,0,0,0,0,,,0,0,0,0,0,0,0,0,0,,,0,0,0,0,0,0,0,0,0,,,0,0,0,0,0,0,0,0,0,,0,,0,0,0,0,0,,0,,,,,,0,,0,,,,,,,,,,,,,,,,,,,,,,,,,,,,,,,0,62,,,,,,,,,,,,,,,,,,,,,,,,,,,,,,,,
9/1/2026,2025,20260875,47871,21252,VIKING GAS TRANSMISSION CO,Natural Gas,INTERSTATE,MINNESOTA,0,0,0,0,,,0,,,,,0,0,0,0,,,0,,,,,0,0,0,0,,,0,,,,,0,0,0,0,,,0,,,,,0,0,0,0,,,0,,,,,0,0,0,0,,,0,,,,,0,0,0,0,,,0,,,,,0,0,0,0,,,0,,,,,0,0,0,0,,,0,,,,,0,0,0,0,,,0,,,,,0,0,0,0,,,0,0,0,0,0,0,0,0,0,,,0,0,0,0,0,0,0,0,0,,,0,0,0,0,0,0,0,0,0,,0,,0,0,0,0,1,,,,,,,,,,,,,,,,,,,,,,,,,,,,,,,,,,,,,,,,,0,2258,,,,,,,,,,,,,,,,,,,,,,,,,,,,,,,,
9/1/2026,2025,20260875,47871,21252,VIKING GAS TRANSMISSION CO,Natural Gas,INTERSTATE,NORTH DAKOTA,0,0,0,0,0,0,0,0,0,0,0,0,0,0,0,0,0,0,0,0,0,0,0,0,0,0,0,0,0,0,0,0,0,0,0,0,0,0,0,0,0,0,0,0,0,0,0,0,0,0,0,0,0,0,0,0,0,0,0,0,0,0,0,0,0,0,0,0,0,0,0,0,0,0,0,0,0,0,0,0,0,0,0,0,0,0,0,0,0,0,0,0,0,0,0,0,0,0,0,0,0,0,0,0,0,0,0,0,0,0,0,0,0,0,0,0,0,0,0,0,0,0,0,0,0,0,0,0,0,0,0,0,0,0,0,0,0,0,0,0,0,0,0,0,0,0,0,0,0,0,0,0,0,0,0,,0,0,0,0,0,0,0,0,0,,,,,,,,,,,,,,,,,,,,,,,,,,,,,,,0,47,,,,,,,,,,,,,,,,,,,,,,,,,,,,,,,0,
9/1/2026,2025,20260875,47871,21252,VIKING GAS TRANSMISSION CO,Natural Gas,INTERSTATE,WISCONSIN,0,0,0,0,0,0,0,0,0,0,0,0,0,0,0,0,0,0,0,0,0,0,0,0,0,0,0,0,0,0,0,0,0,0,0,0,0,0,0,0,0,0,0,0,0,0,0,0,0,0,0,0,0,0,0,0,0,0,0,0,0,0,0,0,0,0,0,0,0,0,0,0,0,0,0,0,0,0,0,0,0,0,0,0,0,0,0,0,0,0,0,0,0,0,0,0,0,0,0,0,0,0,0,0,0,0,0,0,0,0,0,0,0,0,0,0,0,0,0,0,0,0,0,0,0,0,0,0,0,0,0,0,0,0,0,0,0,0,0,0,0,0,0,0,0,0,0,0,0,0,0,0,0,0,1,,0,0,0,0,0,0,0,0,0,,,,,,,,,,,,,,,,,,,,,,,,,,,,,,,0,1095,,,,,,,,,,,,,,,,,,,,,,,,,,,,,,,0,
9/1/2026,2025,20261197,48210,21349,VIRGINIA NATURAL GAS,Natural Gas,INTRASTATE,VIRGINIA,0,0,0,0,0,0,0,0,0,0,0,0,0,0,0,0,0,0,0,0,0,0,0,0,0,0,0,0,0,0,0,0,0,0,0,0,0,0,0,0,0,0,0,0,0,0,0,0,0,0,0,0,0,0,0,0,0,0,1,0,0,0,0,0,0,0,0,0,0,0,0,0,0,0,0,0,0,0,0,0,0,0,0,0,0,0,0,0,0,0,0,0,0,0,0,0,0,0,0,0,0,0,0,0,0,0,0,0,0,0,0,0,0,0,0,0,0,0,0,0,0,0,0,0,0,0,0,0,0,0,0,0,0,0,0,0,0,0,0,0,0,0,0,0,0,0,1,0,0,0,0,0,0,0,0,,0,0,0,0,0,0,0,0,0,,,,,,,,,,,,,,,,,,,,,,,,,,,,,,,0,458,,,,,,,,,,,,,,,,,,,,,,,,,,,,,,,0,
9/1/2026,2025,20261396,48412,21359,SASOL CHEMICALS USA LLC,Hydrogen Gas,INTRASTATE,LOUISIANA,0,0,0,0,,,0,,,,,0,0,0,0,,,0,,,,,0,0,0,0,,,0,,,,,0,0,0,0,,,0,,,,,0,0,0,0,,,0,,,,,0,0,0,0,,,0,,,,,0,0,0,0,,,0,,,,,0,0,0,0,,,0,,,,,0,0,0,0,,,0,,,,,0,0,0,0,,,0,,,,,0,0,0,0,,,0,0,0,0,0,0,0,0,0,,,0,0,0,0,0,0,0,0,0,,,0,0,0,0,0,0,0,0,0,,0,,0,0,0,0,0,,0,,,,,,0,,0,,,,,,,,,,,,,,,,,,,,,,,,,,,,,,,0,0,,,,,,,,,,,,,,,,,,,,,,,,,,,,,,,,
9/1/2026,2025,20261397,48413,21359,SASOL CHEMICALS USA LLC,Other Gas-Ethylene,INTRASTATE,LOUISIANA,0,0,0,0,0,0,0,0,0,0,0,0,0,0,0,0,0,0,0,0,0,0,0,0,0,0,0,0,0,0,0,0,0,0,0,0,0,0,0,0,0,0,0,0,0,0,0,0,0,0,0,0,0,0,0,0,0,0,0,0,0,0,0,0,0,0,0,0,0,0,0,0,0,0,0,0,0,0,0,0,0,0,0,0,0,0,0,0,0,0,0,0,0,0,0,0,0,0,0,0,0,0,0,0,0,0,0,0,0,0,0,0,0,0,0,0,0,0,0,0,0,0,0,0,0,0,0,0,0,0,0,0,0,0,0,0,0,0,0,0,0,0,0,0,0,0,0,0,0,0,0,0,0,0,0,,0,0,0,0,0,0,0,0,0,,,,,,,,,,,,,,,,,,,,,,,,,,,,,,,0,10,,,,,,,,,,,,,,,,,,,,,,,,,,,,,,,0,
9/1/2026,2025,20260350,47313,22035,WAKEFIELD MUNICIPAL LIGHT DEPT,Natural Gas,INTRASTATE,MASSACHUSETTS,0,0,0,0,,,0,,,,,0,0,0,0,,,0,,,,,0,0,0,0,,,0,,,,,0,0,0,0,,,0,,,,,0,0,0,0,,,0,,,,,0,0,0,0,,,0,,,,,0,0,0,0,,,0,,,,,0,0,0,0,,,0,,,,,0,0,0,0,,,0,,,,,0,0,0,0,,,0,,,,,0,0,0,0,,,0,0,0,0,0,0,0,0,0,,,0,0,0,0,0,0,0,0,0,,,0,0,0,0,0,0,0,0,0,,0,,0,0,0,0,0,,0,,,,,,0,,0,,,,,,,,,,,,,,,,,,,,,,,,,,,,,,,0,0,,,,,,,,,,,,,,,,,,,,,,,,,,,,,,,0,
9/1/2026,2025,20260372,47337,22154,WARNER ROBINS GAS SYSTEM,Natural Gas,INTRASTATE,GEORGIA,0,0,0,0,,,0,,,,,0,0,0,0,,,0,,,,,0,0,0,0,,,0,,,,,0,0,0,0,,,0,,,,,0,0,0,0,,,0,,,,,0,0,0,0,,,0,,,,,0,0,0,0,,,0,,,,,0,0,0,0,,,0,,,,,0,0,0,0,,,0,,,,,0,0,0,0,,,0,,,,,0,0,0,0,,,0,0,0,0,0,0,0,0,0,,,0,0,0,0,0,0,0,0,0,,,0,0,0,0,0,0,0,0,0,,0,,0,0,0,0,0,,0,,,,,,0,,0,,,,,,,,,,,,,,,,,,,,,,,,,,,,,,,0,9109,,,,,,,,,,,,,,,,,,,,,,,,,,,,,,,,
9/1/2026,2025,20261140,48153,22182,WASHINGTON GAS LIGHT CO,Natural Gas,INTRASTATE,MARYLAND,0,0,0,0,,,0,,,,,0,0,0,0,,,0,,,,,0,0,0,0,,,0,,,,,0,0,0,0,,,0,,,,,0,0,0,0,,,0,,,,,0,0,0,0,,,0,,,,,0,0,0,0,,,0,,,,,0,0,0,0,,,0,,,,,0,0,0,0,,,0,,,,,0,0,0,0,,,0,,,,,0,0,0,0,,,0,,,,,0,0,0,0,,,0,,,,,0,0,0,0,,,0,,,,,0,0,0,0,,0,,,,,,0,,0,,,,,,0,,0,,,,,,,,,,,,,,,,,,,,,,,,,,,,,,,0,543,,,,,,,,,,,,,,,,,,,,,,,,,,,,,,,,
9/1/2026,2025,20261140,48153,22182,WASHINGTON GAS LIGHT CO,Natural Gas,INTRASTATE,VIRGINIA,0,0,0,0,0,0,0,0,0,0,0,0,0,0,0,0,0,0,0,0,0,0,0,0,0,0,0,0,0,0,0,0,0,0,0,0,0,0,0,0,0,0,0,0,0,0,0,0,0,0,0,0,0,0,0,0,0,0,0,0,0,0,0,0,0,0,0,0,0,0,0,0,0,0,0,0,0,0,0,0,0,0,0,0,0,0,0,0,0,0,0,0,0,0,0,0,0,0,0,0,0,0,0,0,0,0,0,0,0,0,0,0,0,0,0,0,0,0,0,0,0,0,0,0,0,0,0,0,0,0,0,0,0,0,0,0,0,0,0,0,0,0,0,0,0,0,0,0,0,0,0,0,0,0,0,,0,0,0,0,0,0,0,0,0,,,,,,,,,,,,,,,,,,,,,,,,,,,,,,,0,727,,,,,,,,,,,,,,,,,,,,,,,,,,,,,,,,
9/1/2026,2025,20261140,48153,22182,WASHINGTON GAS LIGHT CO,Natural Gas,INTRASTATE,WASHINGTON DC,0,0,0,0,,,0,,,,,0,0,0,0,,,0,,,,,0,0,0,0,,,0,,,,,0,0,0,0,,,0,,,,,0,0,0,0,,,0,,,,,0,0,0,0,,,0,,,,,0,0,0,0,,,0,,,,,0,0,0,0,,,0,,,,,0,0,0,0,,,0,,,,,0,0,0,0,,,0,,,,,0,0,0,0,,,0,0,0,0,0,0,0,0,0,,,0,0,0,0,0,0,0,0,0,,,0,0,0,0,0,0,0,0,0,,0,,0,0,0,0,0,,0,,,,,,0,,0,,,,,,,,,,,,,,,,,,,,,,,,,,,,,,,0,159,,,,,,,,,,,,,,,,,,,,,,,,,,,,,,,,
9/1/2026,2025,20261083,48091,22189,PUGET SOUND ENERGY,Landfill Gas,INTRASTATE,WASHINGTON,0,0,0,0,,,0,,,,,0,0,0,0,,,0,,,,,0,0,0,0,,,0,,,,,0,0,0,0,,,0,,,,,0,0,0,0,,,0,,,,,0,0,0,0,,,0,,,,,0,0,0,0,,,0,,,,,0,0,0,0,,,0,,,,,0,0,0,0,,,0,,,,,0,0,0,0,,,0,,,,,0,0,0,0,,,0,0,0,0,0,0,0,0,0,,,0,0,0,0,0,0,0,0,0,,,0,0,0,0,0,0,0,0,0,,0,,0,0,0,0,0,,0,,,,,,0,,0,,,,,,,,,,,,,,,,,,,,,,,,,,,,,,,0,6,,,,,,,,,,,,,,,,,,,,,,,,,,,,,,,,
9/1/2026,2025,20261080,48088,22189,PUGET SOUND ENERGY,Natural Gas,INTERSTATE,WASHINGTON,0,0,0,0,,,0,,,,,0,0,0,0,,,0,,,,,0,0,0,0,,,0,,,,,0,0,0,0,,,0,,,,,0,0,0,0,,,0,,,,,0,0,0,0,,,0,,,,,0,0,0,0,,,0,,,,,0,0,0,0,,,0,,,,,0,0,0,0,,,0,,,,,0,0,0,0,,,0,,,,,0,0,0,0,,,0,0,0,0,0,0,0,0,0,,,0,0,0,0,0,0,0,0,0,,,0,0,0,0,0,0,0,0,0,,0,,0,0,0,0,0,,0,,,,,,0,,0,,,,,,,,,,,,,,,,,,,,,,,,,,,,,,,0,34,,,,,,,,,,,,,,,,,,,,,,,,,,,,,,,,
9/1/2026,2025,20261080,48088,22189,PUGET SOUND ENERGY,Natural Gas,INTRASTATE,WASHINGTON,0,0,0,0,,,0,,,,,0,0,0,0,,,0,,,,,0,0,0,0,,,0,,,,,0,0,0,0,,,0,,,,,0,0,0,0,,,0,,,,,0,0,0,0,,,0,,,,,0,0,0,0,,,0,,,,,0,0,0,0,,,0,,,,,0,0,0,0,,,0,,,,,0,0,0,0,,,0,,,,,0,0,0,0,,,0,0,0,0,0,0,0,0,0,,,0,0,0,0,0,0,0,0,0,,,0,0,0,0,0,0,0,0,0,,0,,0,0,0,0,0,,0,,,,,,0,,0,,,,,,,,,,,,,,,,,,,,,,,,,,,,,,,0,153,,,,,,,,,,,,,,,,,,,,,,,,,,,,,,,,
9/1/2026,2025,20261431,48467,22343,"WEIR NATURAL GAS SYSTEM, TOWN OF",Natural Gas,INTRASTATE,MISSISSIPPI,0,0,0,0,,,0,,,,,0,0,0,0,,,0,,,,,0,0,0,0,,,0,,,,,0,0,0,0,,,0,,,,,0,0,0,0,,,0,,,,,0,0,0,0,,,0,,,,,0,0,0,0,,,0,,,,,0,0,0,0,,,0,,,,,0,0,0,0,,,0,,,,,0,0,0,0,,,0,,,,,0,0,0,0,,,0,0,0,0,0,0,0,0,0,,,0,0,0,0,0,0,0,0,0,,,0,0,0,0,0,0,0,0,0,,0,,0,0,0,0,0,,0,,,,,,0,,0,,,,,,,,,,,,,,,,,,,,,,,,,,,,,,,0,1,,,,,,,,,,,,,,,,,,,,,,,,,,,,,,,,
9/1/2026,2025,20260040,46991,22368,WEST BAY EXPLORATION CO,Natural Gas,INTRASTATE,MICHIGAN,0,0,0,0,,,0,,,,,0,0,0,0,,,0,,,,,0,0,0,0,,,0,,,,,0,0,0,0,,,0,,,,,0,0,0,0,,,0,,,,,0,0,0,0,,,0,,,,,0,0,0,0,,,0,,,,,0,0,0,0,,,0,,,,,0,0,0,0,,,0,,,,,0,0,0,0,,,0,,,,,0,0,0,0,,,0,0,0,0,0,0,0,0,0,,,0,0,0,0,0,0,0,0,0,,,0,0,0,0,0,0,0,0,0,,0,,0,0,0,0,0,,0,,,,,,0,,0,,,,,,,,,,,,,,,,,,,,,,,,,,,,,,,0,0,,,,,,,,,,,,,,,,,,,,,,,,,,,,,,,0,
9/1/2026,2025,20261267,48280,22410,"WESTGAS INTERSTATE, INC",Natural Gas,INTERSTATE,COLORADO,0,0,0,0,,,0,,,,,0,0,0,0,,,0,,,,,0,0,0,0,,,0,,,,,0,0,0,0,,,0,,,,,0,0,0,0,,,0,,,,,0,0,0,0,,,0,,,,,0,0,0,0,,,0,,,,,0,0,0,0,,,0,,,,,0,0,0,0,,,0,,,,,0,0,0,0,,,0,,,,,0,0,0,0,,,0,0,0,0,0,0,0,0,0,,,0,0,0,0,0,0,0,0,0,,,0,0,0,0,0,0,0,0,0,,0,,0,0,0,0,0,,0,,,,,,0,,0,0,0,0,0,0,0,0,0,0,0,0,0,0,0,0,0,0,0,0,0,0,0,0,0,0,0,0,0,0,0,0,0,,,,,,,,,,,,,,,,,,,,,,,,,,,,,,,,
9/1/2026,2025,20261267,48280,22410,"WESTGAS INTERSTATE, INC",Natural Gas,INTERSTATE,WYOMING,0,0,0,0,,,0,,,,,0,0,0,0,,,0,,,,,0,0,0,0,,,0,,,,,0,0,0,0,,,0,,,,,0,0,0,0,,,0,,,,,0,0,0,0,,,0,,,,,0,0,0,0,,,0,,,,,0,0,0,0,,,0,,,,,0,0,0,0,,,0,,,,,0,0,0,0,,,0,,,,,0,0,0,0,,,0,0,0,0,0,0,0,0,0,,,0,0,0,0,0,0,0,0,0,,,0,0,0,0,0,0,0,0,0,,0,,0,0,0,0,0,,0,,,,,,0,,0,0,0,0,0,0,0,0,0,0,0,0,0,0,0,0,0,0,0,0,0,0,0,0,0,0,0,0,0,0,0,0,0,,,,,,,,,,,,,,,,,,,,,,,,,,,,,,,,
9/1/2026,2025,20260580,47563,22435,"WEST TEXAS GAS UTILITY, LLC.",Natural Gas,INTERSTATE,NEW MEXICO,0,0,0,0,0,0,0,0,0,0,0,0,0,0,0,0,0,0,0,0,0,0,0,0,0,0,0,0,0,0,0,0,0,0,0,0,0,0,0,0,0,0,0,0,0,0,0,0,0,0,0,0,0,0,0,0,0,0,0,0,0,0,0,0,0,0,0,0,0,0,0,0,0,0,0,0,0,0,0,0,0,0,0,0,0,0,0,0,0,0,0,0,0,0,0,0,0,0,0,0,0,0,0,0,0,0,0,0,0,0,0,0,0,0,0,0,0,0,0,0,0,0,0,0,0,0,0,0,0,0,0,0,0,0,0,0,0,0,0,0,0,0,0,0,0,0,0,0,0,0,0,0,0,0,0,,0,0,0,0,0,0,0,0,0,,,,,,,,,,,,,,,,,,,,,,,,,,,,,,,0,5,,,,,,,,,,,,,,,,,,,,,,,,,,,,,,,0,
9/1/2026,2025,20260580,47563,22435,"WEST TEXAS GAS UTILITY, LLC.",Natural Gas,INTERSTATE,TEXAS,0,0,0,0,0,0,0,0,0,0,0,0,0,0,0,0,0,0,0,0,0,0,0,0,0,0,0,0,0,0,0,0,0,0,0,0,0,0,0,0,0,0,0,0,0,0,0,0,0,0,0,0,0,0,0,0,0,0,0,0,0,0,0,0,0,0,0,0,0,0,0,0,0,0,0,0,0,0,0,0,0,0,0,0,0,0,0,0,0,0,0,0,0,0,0,0,0,0,0,0,0,0,0,0,0,0,0,0,0,0,0,0,0,0,0,0,0,0,0,0,0,0,0,0,0,0,0,0,0,0,0,0,0,0,0,0,0,0,0,0,0,0,0,0,0,0,0,0,0,0,0,0,0,0,0,,0,0,0,0,0,0,0,0,0,,,,,,,,,,,,,,,,,,,,,,,,,,,,,,,0,55,,,,,,,,,,,,,,,,,,,,,,,,,,,,,,,0,
9/1/2026,2025,20260580,47563,22435,"WEST TEXAS GAS UTILITY, LLC.",Natural Gas,INTRASTATE,OKLAHOMA,0,0,0,0,,,0,,,,,0,0,0,0,,,0,,,,,0,0,0,0,,,0,,,,,0,0,0,0,,,0,,,,,0,0,0,0,,,0,,,,,0,0,0,0,,,0,,,,,0,0,0,0,,,0,,,,,0,0,0,0,,,0,,,,,0,0,0,0,,,0,,,,,0,0,0,0,,,0,,,,,0,0,0,0,,,0,0,0,0,0,0,0,0,0,,,0,0,0,0,0,0,0,0,0,,,0,0,0,0,0,0,0,0,0,,0,,0,0,0,0,0,,0,,,,,,0,,0,,,,,,,,,,,,,,,,,,,,,,,,,,,,,,,0,0,,,,,,,,,,,,,,,,,,,,,,,,,,,,,,,,
9/1/2026,2025,20260580,47563,22435,"WEST TEXAS GAS UTILITY, LLC.",Natural Gas,INTRASTATE,TEXAS,0,0,4,0,,,0,,,,,0,0,0,0,,,0,,,,,0,0,0,0,,,0,,,,,0,0,0,0,,,0,,,,,0,0,0,0,,,0,,,,,0,0,0,0,,,0,,,,,0,0,0,0,,,0,,,,,0,0,0,0,,,0,,,,,0,0,0,0,,,0,,,,,0,0,0,0,,,0,,,,,0,0,0,0,,,0,0,0,0,0,0,0,0,0,,,0,0,0,0,0,0,0,0,0,,,0,0,0,0,0,0,0,4,0,,0,,0,0,0,0,0,,0,,,,,,0,,0,,,,,,,,,,,,,,,,,,,,,,,,,,,,,,,0,1480,,,,,,,,,,,,,,,,,,,,,,,,,,,,,,,,
9/1/2026,2025,20260488,47455,22462,"WESTERN GAS INTERSTATE COMPANY, LLC",Natural Gas,INTERSTATE,OKLAHOMA,,0,0,0,,,,,,,,,0,0,0,,,,,,,,,0,0,0,,,,,,,,,0,0,0,,,,,,,,,0,0,0,,,,,,,,,0,0,0,,,,,,,,,0,0,0,,,,,,,,,0,0,0,,,,,,,,,0,0,0,,,,,,,,,0,0,0,,,,,,,,,0,1,0,,,,0,0,0,0,,0,0,0,,,,0,0,0,0,,0,0,0,,,,0,0,0,0,,0,1,0,,,,0,0,0,0,0,,0,,,,,,0,,0,,,,,,,,,,,,,,,,,,,,,,,,,,,,,,,0,499,,,,,,,,,,,,,,,,,,,,,,,,,,,,,,,,
9/1/2026,2025,20260488,47455,22462,"WESTERN GAS INTERSTATE COMPANY, LLC",Natural Gas,INTERSTATE,TEXAS,0,0,0,0,,,0,,,,,0,0,0,0,,,0,,,,,0,0,0,0,,,0,,,,,0,0,0,0,,,0,,,,,0,0,0,0,,,0,,,,,0,0,0,0,,,0,,,,,0,0,0,0,,,0,,,,,0,0,0,0,,,0,,,,,0,0,0,0,,,0,,,,,0,0,0,0,,,0,,,,,0,0,0,0,,,0,0,0,0,0,0,0,0,0,,,0,0,0,0,0,0,0,0,0,,,0,0,0,0,0,0,0,0,0,,0,,0,0,0,0,0,,0,,,,,,0,,0,,,,,,,,,,,,,,,,,,,,,,,,,,,,,,,0,148,,,,,,,,,,,,,,,,,,,,,,,,,,,,,,,,
9/1/2026,2025,20260385,47350,22465,TARGA PIPELINE MID-CONTINENT WESTTEX LLC,Natural Gas,INTRASTATE,TEXAS,0,0,0,0,0,0,0,0,0,0,0,0,0,0,0,0,0,0,0,0,5,0,0,0,0,0,0,0,0,0,0,0,0,0,0,0,0,0,0,0,0,0,0,0,0,0,0,0,0,0,0,0,0,0,0,0,0,0,0,0,0,0,0,0,0,0,0,0,0,0,0,0,0,0,0,0,0,0,0,0,0,0,0,0,0,0,0,0,0,0,0,0,0,0,0,0,0,0,0,0,0,0,0,0,0,0,0,0,0,0,0,0,0,0,0,0,0,0,0,0,0,0,0,0,0,0,0,0,0,0,0,0,0,0,0,0,0,0,0,0,0,0,0,0,0,0,0,0,0,0,0,0,5,0,0,0,0,0,0,0,0,0,0,0,0,0,0,0,0,0,0,0,0,0,0,0,0,0,0,0,0,0,0,0,0,0,0,0,0,0,0,0,0,0,0,0,49169,0,0,0,0,0,0,0,0,0,0,0,0,0,0,0,0,0,0,0,0,0,0,0,0,0,0,0,0,0,0,0,49169
9/1/2026,2025,20261320,48333,22476,ATMOS ENERGY CORPORATION - KY/MID-STATES (KENTUCKY),Natural Gas,INTRASTATE,KENTUCKY,0,0,0,0,,,0,,,,,0,0,0,0,,,0,,,,,0,0,0,0,,,0,,,,,0,0,0,0,,,0,,,,,0,0,0,0,,,0,,,,,0,0,0,0,,,0,,,,,0,0,0,0,,,0,,,,,0,0,0,0,,,0,,,,,0,0,0,0,,,0,,,,,0,0,0,0,,,0,,,,,0,0,0,0,,,0,0,0,0,0,0,0,0,0,,,0,0,0,0,0,0,0,0,0,,,0,0,0,0,0,0,0,0,0,,0,,0,0,0,0,0,,0,,,,,,0,,0,,,,,,,,,,,,,,,,,,,,,,,,,,,,,,,0,890,,,,,,,,,,,,,,,,,,,,,,,,,,,,,,,,
9/1/2026,2025,20261069,48075,22504,WESTFIELD GAS CORP,Natural Gas,INTRASTATE,INDIANA,0,0,0,0,0,0,0,0,0,0,0,0,0,0,0,0,0,0,0,0,0,0,0,0,0,0,0,0,0,0,0,0,0,0,0,0,0,0,0,0,0,0,0,0,0,0,0,0,0,0,0,0,0,0,0,0,0,0,0,0,0,0,0,0,0,0,0,0,0,0,0,0,0,0,0,0,0,0,0,0,0,0,0,0,0,0,0,0,0,0,0,0,0,0,0,0,0,0,0,0,0,0,0,0,0,0,0,0,0,0,0,0,0,0,0,0,0,0,0,0,0,0,0,0,0,0,0,0,0,0,0,0,0,0,0,0,0,0,0,0,0,0,0,0,0,0,0,0,0,0,0,0,0,0,0,,0,0,0,0,0,0,0,0,0,0,0,0,0,0,0,0,0,0,0,0,0,0,0,0,0,0,0,0,0,0,0,0,0,0,0,0,0,0,0,0,0,,,,,,,,,,,,,,,,,,,,,,,,,,,,,,,0,
9/1/2026,2025,20260188,47145,22515,"NIPPON DYNAWAVE PACKAGING CO., LLC",Natural Gas,INTRASTATE,WASHINGTON,0,0,0,0,0,0,0,0,0,0,0,0,0,0,0,0,0,0,0,0,0,0,0,0,0,0,0,0,0,0,0,0,0,0,0,0,0,0,0,0,0,0,0,0,0,0,0,0,0,0,0,0,0,0,0,0,0,0,0,0,0,0,0,0,0,0,0,0,0,0,0,0,0,0,0,0,0,0,0,0,0,0,0,0,0,0,0,0,0,0,0,0,0,0,0,0,0,0,0,0,0,0,0,0,0,0,0,0,0,0,0,0,0,0,0,0,0,0,0,0,0,0,0,0,0,0,0,0,0,0,0,0,0,0,0,0,0,0,0,0,0,0,0,0,0,0,0,0,0,0,0,0,0,0,0,,0,0,0,0,0,0,0,0,0,0,0,0,0,0,0,0,0,0,0,0,0,0,0,0,0,0,0,0,0,0,0,0,0,0,0,0,0,0,0,0,231,,,,,,,,,,,,,,,,,,,,,,,,,,,,,,,0,
9/1/2026,2025,20260791,47784,22605,WILCOX COUNTY GAS DISTRICT,Natural Gas,INTRASTATE,ALABAMA,0,0,0,0,0,0,0,0,0,0,0,0,0,0,0,0,0,0,0,0,0,0,0,0,0,0,0,0,0,0,0,0,0,0,0,0,0,0,0,0,0,0,0,0,0,0,0,0,0,0,0,0,0,0,0,0,0,0,0,0,0,0,0,0,0,0,0,0,0,0,0,0,0,0,0,0,0,0,0,0,0,0,0,0,0,0,0,0,0,0,0,0,0,0,0,0,0,0,0,0,0,0,0,0,0,0,0,0,0,0,0,0,0,0,0,0,0,0,0,0,0,0,0,0,0,0,0,0,0,0,0,0,0,0,0,0,0,0,0,0,0,0,0,0,0,0,0,0,0,0,0,0,0,0,0,,0,0,0,0,0,0,0,0,0,,,,,,,,,,,,,,,,,,,,,,,,,,,,,,,0,86,,,,,,,,,,,,,,,,,,,,,,,,,,,,,,,0,
9/1/2026,2025,20261182,48195,22655,"WBI ENERGY TRANSMISSION, INC.",Natural Gas,INTERSTATE,MINNESOTA,0,0,0,0,,,0,,,,,0,0,0,0,,,0,,,,,0,0,0,0,,,0,,,,,0,0,0,0,,,0,,,,,0,0,0,0,,,0,,,,,0,0,0,0,,,0,,,,,0,0,0,0,,,0,,,,,0,0,0,0,,,0,,,,,0,0,0,0,,,0,,,,,0,0,0,0,,,0,,,,,0,0,0,0,,,0,0,0,0,0,0,0,0,0,,,0,0,0,0,0,0,0,0,0,,,0,0,0,0,0,0,0,0,0,,0,,0,0,0,0,,,,,,,,,,,,0,0,0,0,0,0,0,0,0,0,0,0,0,0,0,0,0,0,0,0,0,0,0,0,0,0,0,0,0,0,0,33,,,,,,,,,,,,,,,,,,,,,,,,,,,,,,,,
9/1/2026,2025,20261182,48195,22655,"WBI ENERGY TRANSMISSION, INC.",Natural Gas,INTERSTATE,MONTANA,0,0,0,5,,,0,,,,,0,0,0,0,,,0,,,,,0,0,0,0,,,0,,,,,0,0,0,0,,,0,,,,,0,0,0,0,,,0,,,,,0,0,0,2,,,0,,,,,0,0,0,0,,,0,,,,,0,0,0,1,,,0,,,,,0,0,0,0,,,0,,,,,0,0,0,0,,,0,,,,,0,0,0,0,,,0,0,0,0,0,0,0,0,1,,,0,0,0,0,0,0,0,0,1,,,0,0,0,0,0,0,0,0,10,,0,,0,0,0,0,26,,0,,,,,,0,,0,0,0,0,0,0,0,0,0,0,0,0,0,0,0,0,0,0,0,0,0,1,0,0,0,0,0,0,0,0,1,1,3864,,,,,,,,,,,,,,,,,,,,,,,,,,,,,,,,
9/1/2026,2025,20261182,48195,22655,"WBI ENERGY TRANSMISSION, INC.",Natural Gas,INTERSTATE,NORTH DAKOTA,0,0,0,0,,,0,,,,,0,0,0,0,,,0,,,,,0,0,0,0,,,0,,,,,0,0,0,0,,,0,,,,,0,0,0,0,,,0,,,,,0,0,0,6,,,0,,,,,0,0,0,0,,,0,,,,,0,0,0,0,,,0,,,,,0,0,0,1,,,0,,,,,0,0,0,0,,,0,,,,,0,0,0,0,,,0,0,0,0,0,0,0,0,0,,,0,0,0,0,0,0,0,0,0,,,0,0,0,0,0,0,0,0,7,,0,,0,0,0,0,26,,2,,,,,,2,,2,0,0,0,0,0,0,0,0,0,0,0,0,0,0,0,0,0,0,0,0,0,0,0,0,0,0,0,0,0,0,0,6492,,,,,,,,,,,,,,,,,,,,,,,,,,,,,,,,
9/1/2026,2025,20261182,48195,22655,"WBI ENERGY TRANSMISSION, INC.",Natural Gas,INTERSTATE,SOUTH DAKOTA,0,0,0,0,0,0,0,0,0,0,0,0,0,0,0,0,0,0,0,0,0,0,0,0,0,0,0,0,0,0,0,0,0,0,0,0,0,0,0,0,0,0,0,0,0,0,0,0,0,0,0,0,0,0,0,0,0,0,0,0,0,0,0,0,0,0,0,0,0,0,0,0,0,0,0,0,0,0,0,0,0,0,0,0,0,0,0,0,0,0,0,0,0,0,0,0,0,0,0,0,0,0,0,0,0,0,0,0,0,0,0,0,0,0,0,0,0,0,0,0,0,0,0,0,0,0,0,0,0,0,0,0,0,0,0,0,0,0,0,0,0,0,0,0,0,0,0,0,0,0,0,0,0,0,2,,1,0,0,0,0,0,1,0,1,0,0,0,0,0,0,0,0,0,0,0,0,0,0,0,0,0,0,0,0,0,0,0,0,0,0,0,0,0,0,0,1405,,,,,,,,,,,,,,,,,,,,,,,,,,,,,,,,
9/1/2026,2025,20261182,48195,22655,"WBI ENERGY TRANSMISSION, INC.",Natural Gas,INTERSTATE,WYOMING,0,0,0,0,,,0,,,,,0,0,0,0,,,0,,,,,0,0,0,0,,,0,,,,,0,0,0,0,,,0,,,,,0,0,0,0,,,0,,,,,0,0,0,0,,,0,,,,,0,0,0,0,,,0,,,,,0,0,0,0,,,0,,,,,0,0,0,0,,,0,,,,,0,0,0,0,,,0,,,,,0,0,0,0,,,0,0,0,0,0,0,0,0,0,,,0,0,0,0,0,0,0,0,0,,,0,0,0,0,0,0,0,0,0,,0,,0,0,0,0,1,,0,,,,,,0,,0,0,0,0,0,0,0,0,0,0,0,0,0,0,0,0,0,0,0,0,0,0,0,0,0,0,0,0,0,0,0,0,1068,,,,,,,,,,,,,,,,,,,,,,,,,,,,,,,,
9/1/2026,2025,20260601,47584,22763,WISCONSIN GAS LLC DBA WE ENERGIES,Natural Gas,INTRASTATE,WISCONSIN,0,0,0,0,0,0,0,0,0,0,0,0,0,0,0,0,0,0,0,0,0,0,0,0,0,0,0,0,0,0,0,0,0,0,0,0,0,0,0,0,0,0,0,0,0,0,0,0,0,0,0,0,0,0,0,0,0,0,0,0,0,0,0,0,0,0,0,0,0,0,0,0,0,0,0,0,0,0,0,0,0,0,0,0,0,0,0,0,0,0,0,0,0,0,0,0,0,0,0,0,0,0,0,0,0,0,0,0,0,0,0,0,0,0,0,0,0,0,0,0,0,0,0,0,0,0,0,0,0,0,0,0,0,0,0,0,0,0,0,0,0,0,0,0,0,0,0,0,0,0,0,0,0,0,0,,0,0,0,0,0,0,0,0,0,0,0,0,0,0,0,0,0,0,0,0,0,0,0,0,1,0,1,0,0,0,0,0,0,0,0,0,0,0,0,1,248216,,,,,,,,,,,,,,,,,,,,,,,,,,,,,,,0,
9/1/2026,2025,20260606,47589,22777,WISCONSIN ELECTRIC POWER COMPANY DBA WE ENERGIES,Natural Gas,INTRASTATE,MICHIGAN,0,0,0,0,0,0,0,0,0,0,0,0,0,0,0,0,0,0,0,0,0,0,0,0,0,0,0,0,0,0,0,0,0,0,0,0,0,0,0,0,0,0,0,0,0,0,0,0,0,0,0,0,0,0,0,0,0,0,0,0,0,0,0,0,0,0,0,0,0,0,0,0,0,0,0,0,0,0,0,0,0,0,0,0,0,0,0,0,0,0,0,0,0,0,0,0,0,0,0,0,0,0,0,0,0,0,0,0,0,0,0,0,0,0,0,0,0,0,0,0,0,0,0,0,0,0,0,0,0,0,0,0,0,0,0,0,0,0,0,0,0,0,0,0,0,0,0,0,0,0,0,0,0,0,0,,0,0,0,0,0,0,0,0,0,0,0,0,0,0,0,0,0,0,0,0,0,0,0,0,0,0,0,0,0,0,0,0,0,0,0,0,0,0,0,0,22,,,,,,,,,,,,,,,,,,,,,,,,,,,,,,,0,
9/1/2026,2025,20260606,47589,22777,WISCONSIN ELECTRIC POWER COMPANY DBA WE ENERGIES,Natural Gas,INTRASTATE,WISCONSIN,0,0,0,0,0,0,0,0,0,0,0,0,0,0,0,0,0,0,0,0,0,0,0,0,0,0,0,0,0,0,0,0,0,0,0,0,0,0,0,0,0,0,0,0,0,0,0,0,0,0,0,0,0,0,0,0,0,0,0,0,0,0,0,0,0,0,0,0,0,0,0,0,0,0,0,0,0,0,0,0,0,0,0,0,0,0,0,0,0,0,0,0,0,0,0,0,0,0,0,0,0,0,0,0,0,0,0,0,0,0,0,0,0,0,0,0,0,0,0,0,0,0,0,0,0,0,0,0,0,0,0,0,0,0,0,0,0,0,0,0,0,0,0,0,0,0,0,0,0,0,0,0,0,0,0,,0,0,0,0,0,0,0,0,0,0,0,0,0,0,0,1,0,0,0,0,0,1,0,0,0,0,0,0,0,0,0,0,0,0,0,0,0,0,0,1,212095,,,,,,,,,,,,,,,,,,,,,,,,,,,,,,,0,
9/1/2026,2025,20261162,48175,22784,ALLIANT ENERGY - WISCONSIN POWER & LIGHT CO,Natural Gas,INTRASTATE,WISCONSIN,0,0,0,0,,,0,,,,,0,0,0,0,,,0,,,,,0,0,0,0,,,0,,,,,0,0,0,0,,,0,,,,,0,0,0,0,,,0,,,,,0,0,0,4,,,0,,,,,0,0,0,0,,,0,,,,,0,0,0,0,,,0,,,,,0,0,0,0,,,0,,,,,0,0,0,0,,,0,,,,,0,0,0,0,,,0,0,0,0,0,0,0,0,0,,,0,0,0,0,0,0,0,0,0,,,0,0,0,0,0,0,0,0,4,,0,,0,0,0,0,0,,0,,,,,,0,,0,,,,,,,,,,,,,,,,,,,,,,,,,,,,,,,0,320,,,,,,,,,,,,,,,,,,,,,,,,,,,,,,,,
9/1/2026,2025,20260597,47580,22791,WISCONSIN PUBLIC SERVICE CORP,Natural Gas,INTRASTATE,WISCONSIN,0,0,0,0,0,0,0,0,0,0,0,0,0,0,0,0,0,0,0,0,0,0,0,0,0,0,0,0,0,0,0,0,0,0,0,0,0,0,0,0,0,0,0,0,0,0,0,0,0,0,0,0,0,0,0,0,0,0,1,0,0,0,0,0,0,0,0,0,0,0,0,0,0,0,0,0,0,0,0,0,0,0,0,0,0,0,0,0,0,0,0,0,0,0,0,0,0,0,0,0,0,0,0,0,0,0,0,0,0,0,0,0,0,0,0,0,0,0,0,0,0,0,0,0,0,0,0,0,0,0,0,0,0,0,0,0,0,0,0,0,0,0,0,0,0,0,1,0,0,0,0,0,0,0,0,,0,0,0,0,0,0,0,0,0,0,0,0,0,0,0,0,0,0,0,0,0,0,0,0,0,0,0,0,0,0,0,0,0,0,0,0,0,0,0,0,159306,,,,,,,,,,,,,,,,,,,,,,,,,,,,,,,0,
9/1/2026,2025,20261032,48036,22818,WOLVERINE POWER SUPPLY COOP INC,Natural Gas,INTRASTATE,MICHIGAN,0,0,0,0,,,0,,,,,0,0,0,0,,,0,,,,,0,0,0,0,,,0,,,,,0,0,0,0,,,0,,,,,0,0,0,0,,,0,,,,,0,0,0,0,,,0,,,,,0,0,0,0,,,0,,,,,0,0,0,0,,,0,,,,,0,0,0,0,,,0,,,,,0,0,0,0,,,0,,,,,0,0,0,0,,,0,0,0,0,0,0,0,0,0,,,0,0,0,0,0,0,0,0,0,,,0,0,0,0,0,0,0,0,0,,0,,0,0,0,0,0,,0,,,,,,0,,0,0,0,0,0,0,0,0,0,0,0,0,0,0,0,0,0,0,0,0,0,0,0,0,0,0,0,0,0,0,0,0,0,,,,,,,,,,,,,,,,,,,,,,,,,,,,,,,,
9/1/2026,2025,20261143,48156,22855,"FLINT HILLS RESOURCES, LC",Hydrogen Gas,INTRASTATE,TEXAS,,,,,,,,,,,,,,,,,,,,,,,,,,,,,,,,,,,,,,,,,,,,,,,,,,,,,,,,,,,,,,,,,,,,,,,,,,,,,,,,,,,,,,,,,,,,,,,,,,,,,,,,,,,,,,,,,,,,,,,,,,,,,,,,,,,,,,,,,,,,,,,,,,,,,,,,,,,,,,,,,,,,,,,,,,,,,,,,,,,,,,,,,,,,,,,,,,,,0,525,,,,,,,,,,,,,,,,,,,,,,,,,,,,,,,0,
9/1/2026,2025,20261147,48160,22855,"FLINT HILLS RESOURCES, LC",Other Gas-Acetylene,INTRASTATE,TEXAS,0,0,0,0,,,0,,,,,0,0,0,0,,,0,,,,,0,0,0,0,,,0,,,,,0,0,0,0,,,0,,,,,0,0,0,0,,,0,,,,,0,0,0,0,,,0,,,,,0,0,0,0,,,0,,,,,0,0,0,0,,,0,,,,,0,0,0,0,,,0,,,,,0,0,0,0,,,0,,,,,0,0,0,0,,,0,,,,,0,0,0,0,,,0,,,,,0,0,0,0,,,0,,,,,0,0,0,0,,0,,,,,,0,,0,,,,,,0,,0,,,,,,,,,,,,,,,,,,,,,,,,,,,,,,,0,104,,,,,,,,,,,,,,,,,,,,,,,,,,,,,,,0,
9/1/2026,2025,20261144,48157,22855,"FLINT HILLS RESOURCES, LC",Other Gas-Off-Gas,INTRASTATE,TEXAS,0,0,0,0,,,0,,,,,0,0,0,0,,,0,,,,,0,0,0,0,,,0,,,,,0,0,0,0,,,0,,,,,0,0,0,0,,,0,,,,,0,0,0,0,,,0,,,,,0,0,0,0,,,0,,,,,0,0,0,0,,,0,,,,,0,0,0,0,,,0,,,,,0,0,0,0,,,0,,,,,0,0,0,0,,,0,0,0,0,0,0,0,0,0,,,0,0,0,0,0,0,0,0,0,,,0,0,0,0,0,0,0,0,0,,0,,0,0,0,0,,,,,,,,,,,,,,,,,,,,,,,,,,,,,,,,,,,,,,,,,,0,85,,,,,,,,,,,,,,,,,,,,,,,,,,,,,,,0,
9/1/2026,2025,20260961,47960,22917,WYOMING GAS CO,Natural Gas,INTRASTATE,WYOMING,0,0,0,0,0,0,0,0,0,0,0,0,0,0,0,0,0,0,0,0,0,0,0,0,0,0,0,0,0,0,0,0,0,0,0,0,0,0,0,0,0,0,0,0,0,0,0,0,0,0,0,0,0,0,0,0,0,0,0,0,0,0,0,0,0,0,0,0,0,0,0,0,0,0,0,0,0,0,0,0,0,0,0,0,0,0,0,0,0,0,0,0,0,0,0,0,0,0,0,0,0,0,0,0,0,0,0,0,0,0,0,0,0,0,0,0,0,0,0,0,0,0,0,0,0,0,0,0,0,0,0,0,0,0,0,0,0,0,0,0,0,0,0,0,0,0,0,0,0,0,0,0,0,0,0,,0,0,0,0,0,0,0,0,0,0,0,0,0,0,0,0,0,0,0,0,0,0,0,0,0,0,0,0,0,0,0,0,0,0,0,0,0,0,0,0,0,,,,,,,,,,,,,,,,,,,,,,,,,,,,,,,0,
9/1/2026,2025,20261393,48409,24015,YANKEE GAS SERVICES CO,Natural Gas,INTRASTATE,CONNECTICUT,0,0,0,0,0,0,0,0,0,0,0,0,0,0,0,0,0,0,0,0,0,0,0,0,0,0,0,0,0,0,0,0,0,0,0,0,0,0,0,0,0,0,0,0,0,0,0,0,0,0,0,0,0,0,0,0,0,0,0,0,0,0,0,0,0,0,0,0,0,0,0,0,0,0,0,0,0,0,0,0,0,0,0,0,0,0,0,0,0,0,0,0,0,0,0,0,0,0,0,0,0,0,0,0,0,0,0,0,0,0,0,0,0,0,0,0,0,0,0,0,0,0,0,0,0,0,0,0,0,0,0,0,0,0,0,0,0,0,0,0,0,0,0,0,0,0,0,0,0,0,0,0,0,0,0,0,0,0,0,0,0,0,0,0,0,0,0,0,0,0,0,0,0,0,0,0,0,0,0,0,0,0,0,0,0,0,0,0,0,0,0,0,0,0,0,0,0,0,0,0,0,0,0,0,0,0,0,0,0,0,0,0,0,0,0,0,0,0,0,0,0,0,0,0,0,0,0,0,0
9/1/2026,2025,20260952,47951,25000,ZIA NATURAL GAS CO,Natural Gas,INTRASTATE,NEW MEXICO,0,0,0,0,0,0,0,0,0,0,0,0,0,0,0,0,0,0,0,0,0,0,0,0,0,0,0,0,0,0,0,0,0,0,0,0,0,0,0,0,0,0,0,0,0,0,0,0,0,0,0,0,0,0,0,0,0,0,0,0,0,0,0,0,0,0,0,0,0,0,0,0,0,0,0,0,0,0,0,0,0,0,0,0,0,0,0,0,0,0,0,0,0,0,0,0,0,0,0,0,0,0,0,0,0,0,0,0,0,0,0,0,0,0,0,0,0,0,0,0,0,0,0,0,0,0,0,0,0,0,0,0,0,0,0,0,0,0,0,0,0,0,0,0,0,0,0,0,0,0,0,0,0,0,0,,0,0,0,0,0,0,0,0,0,0,0,0,0,0,0,0,0,0,0,0,0,0,0,0,0,0,0,0,0,0,0,0,0,0,0,0,0,0,0,0,141,,,,,,,,,,,,,,,,,,,,,,,,,,,,,,,0,
9/1/2026,2025,20261285,48298,25146,"EQUISTAR CHEMICALS, L.P.",Hydrogen Gas,INTRASTATE,TEXAS,0,0,0,0,0,0,0,0,0,0,0,0,0,0,0,0,0,0,0,0,0,0,0,0,0,0,0,0,0,0,0,0,0,0,0,0,0,0,0,0,0,0,0,0,0,0,0,0,0,0,0,0,0,0,0,0,0,0,0,0,0,0,0,0,0,0,0,0,0,0,0,0,0,0,0,0,0,0,0,0,0,0,0,0,0,0,0,0,0,0,0,0,0,0,0,0,0,0,0,0,0,0,0,0,0,0,0,0,0,0,0,0,0,0,0,0,0,0,0,0,0,0,0,0,0,0,0,0,0,0,0,0,0,0,0,0,0,0,0,0,0,0,0,0,0,0,0,0,0,0,0,0,0,0,0,,0,0,0,0,0,0,0,0,0,,,,,,,,,,,,,,,,,,,,,,,,,,,,,,,0,20620,,,,,,,,,,,,,,,,,,,,,,,,,,,,,,,0,
9/1/2026,2025,20261306,48319,25146,"EQUISTAR CHEMICALS, L.P.",Natural Gas,INTRASTATE,IOWA,0,0,0,0,0,0,0,0,0,0,0,0,0,0,0,0,0,0,0,0,0,0,0,0,0,0,0,0,0,0,0,0,0,0,0,0,0,0,0,0,0,0,0,0,0,0,0,0,0,0,0,0,0,0,0,0,0,0,0,0,0,0,0,0,0,0,0,0,0,0,0,0,0,0,0,0,0,0,0,0,0,0,0,0,0,0,0,0,0,0,0,0,0,0,0,0,0,0,0,0,0,0,0,0,0,0,0,0,0,0,0,0,0,0,0,0,0,0,0,0,0,0,0,0,0,0,0,0,0,0,0,0,0,0,0,0,0,0,0,0,0,0,0,0,0,0,0,0,0,0,0,0,0,0,0,,0,0,0,0,0,0,0,0,0,,,,,,,,,,,,,,,,,,,,,,,,,,,,,,,0,0,,,,,,,,,,,,,,,,,,,,,,,,,,,,,,,0,
9/1/2026,2025,20261306,48319,25146,"EQUISTAR CHEMICALS, L.P.",Natural Gas,INTRASTATE,TEXAS,0,0,0,0,0,0,0,0,0,0,0,0,0,0,0,0,0,0,0,0,0,0,0,0,0,0,0,0,0,0,0,0,0,0,0,0,0,0,0,0,0,0,0,0,0,0,0,0,0,0,0,0,0,0,0,0,0,0,0,0,0,0,0,0,0,0,0,0,0,0,0,0,0,0,0,0,0,0,0,0,0,0,0,0,0,0,0,0,0,0,0,0,0,0,0,0,0,0,0,0,0,0,0,0,0,0,0,0,0,0,0,0,0,0,0,0,0,0,0,0,0,0,0,0,0,0,0,0,0,0,0,0,0,0,0,0,0,0,0,0,0,0,0,0,0,0,0,0,0,0,0,0,0,0,0,,0,0,0,0,0,0,0,0,0,,,,,,,,,,,,,,,,,,,,,,,,,,,,,,,0,20620,,,,,,,,,,,,,,,,,,,,,,,,,,,,,,,0,
9/1/2026,2025,20261288,48301,25146,"EQUISTAR CHEMICALS, L.P.",Other Gas-Propylene Off-Gas,INTRASTATE,TEXAS,0,0,0,0,0,0,0,0,0,0,0,0,0,0,0,0,0,0,0,0,0,0,0,0,0,0,0,0,0,0,0,0,0,0,0,0,0,0,0,0,0,0,0,0,0,0,0,0,0,0,0,0,0,0,0,0,0,0,0,0,0,0,0,0,0,0,0,0,0,0,0,0,0,0,0,0,0,0,0,0,0,0,0,0,0,0,0,0,0,0,0,0,0,0,0,0,0,0,0,0,0,0,0,0,0,0,0,0,0,0,0,0,0,0,0,0,0,0,0,0,0,0,0,0,0,0,0,0,0,0,0,0,0,0,0,0,0,0,0,0,0,0,0,0,0,0,0,0,0,0,0,0,0,0,0,,0,0,0,0,0,0,0,0,0,,,,,,,,,,,,,,,,,,,,,,,,,,,,,,,0,20620,,,,,,,,,,,,,,,,,,,,,,,,,,,,,,,0,
9/1/2026,2025,20260591,47574,25160,MOBIL VANDERBILT-BEAUMONT PIPELINE CO,Natural Gas,INTRASTATE,TEXAS,0,0,0,0,0,0,0,0,0,0,0,0,0,0,0,0,0,0,0,0,0,0,0,0,0,0,0,0,0,0,0,0,0,0,0,0,0,0,0,0,0,0,0,0,0,0,0,0,0,0,0,0,0,0,0,0,0,0,0,0,0,0,0,0,0,0,0,0,0,0,0,0,0,0,0,0,0,0,0,0,0,0,0,0,0,0,0,0,0,0,0,0,0,0,0,0,0,0,0,0,0,0,0,0,0,0,0,0,0,0,0,0,0,0,0,0,0,0,0,0,0,0,0,0,0,0,0,0,0,0,0,0,0,0,0,0,0,0,0,0,0,0,0,0,0,0,0,0,0,0,0,0,0,0,0,,0,0,0,0,0,0,0,0,0,,,,,,,,,,,,,,,,,,,,,,,,,,,,,,,0,918,,,,,,,,,,,,,,,,,,,,,,,,,,,,,,,0,
9/1/2026,2025,20260419,47386,26039,FLORIDA POWER & LIGHT CO,Natural Gas,INTRASTATE,FLORIDA,0,0,0,0,,,0,,,,,0,0,0,0,,,0,,,,,0,0,0,0,,,0,,,,,0,0,0,0,,,0,,,,,0,0,0,0,,,0,,,,,0,0,0,0,,,0,,,,,0,0,0,0,,,0,,,,,0,0,0,0,,,0,,,,,0,0,0,0,,,0,,,,,0,0,0,0,,,0,,,,,0,0,0,0,,,0,0,0,0,0,0,0,0,0,,,0,0,0,0,0,0,0,0,0,,,0,0,0,0,0,0,0,0,0,,0,,0,0,0,0,0,,0,,,,,,0,,0,0,0,0,0,0,0,0,0,0,0,0,0,0,0,0,0,0,0,0,0,0,0,0,0,0,0,0,0,0,0,0,221,,,,,,,,,,,,,,,,,,,,,,,,,,,,,,,,
9/1/2026,2025,20260939,47936,26085,"PLAINS MARKETING, L.P.",Natural Gas,INTRASTATE,LOUISIANA,0,0,0,0,,,0,,,,,0,0,0,0,,,0,,,,,0,0,0,0,,,0,,,,,0,0,0,0,,,0,,,,,0,0,0,0,,,0,,,,,0,0,0,0,,,0,,,,,0,0,0,0,,,0,,,,,0,0,0,0,,,0,,,,,0,0,0,0,,,0,,,,,0,0,0,0,,,0,,,,,0,0,0,0,,,0,0,0,0,0,0,0,0,0,,,0,0,0,0,0,0,0,0,0,,,0,0,0,0,0,0,0,0,0,,0,,0,0,0,0,0,,0,,,,,,0,,0,0,0,0,0,0,0,0,0,0,0,0,0,0,0,0,0,0,0,0,0,0,0,0,0,0,0,0,0,0,0,0,158,,,,,,,,,,,,,,,,,,,,,,,,,,,,,,,,
9/1/2026,2025,20261256,48269,26112,"VALERO REFINING-TEXAS, L.P.",Hydrogen Gas,INTRASTATE,TEXAS,0,0,0,0,0,0,0,0,0,0,0,0,0,0,0,0,0,0,0,0,0,0,0,0,0,0,0,0,0,0,0,0,0,0,0,0,0,0,0,0,0,0,0,0,0,0,0,0,0,0,0,0,0,0,0,0,0,0,0,0,0,0,0,0,0,0,0,0,0,0,0,0,0,0,0,0,0,0,0,0,0,0,0,0,0,0,0,0,0,0,0,0,0,0,0,0,0,0,0,0,0,0,0,0,0,0,0,0,0,0,0,0,0,0,0,0,0,0,0,0,0,0,0,0,0,0,0,0,0,0,0,0,0,0,0,0,0,0,0,0,0,0,0,0,0,0,0,0,0,0,0,0,0,0,0,,0,0,0,0,0,0,0,0,0,,,,,,,,,,,,,,,,,,,,,,,,,,,,,,,0,713,,,,,,,,,,,,,,,,,,,,,,,,,,,,,,,0,
9/1/2026,2025,20261255,48268,26112,"VALERO REFINING-TEXAS, L.P.",Natural Gas,INTRASTATE,TEXAS,0,0,0,0,0,0,0,0,0,0,0,0,0,0,0,0,0,0,0,0,0,0,0,0,0,0,0,0,0,0,0,0,0,0,0,0,0,0,0,0,0,0,0,0,0,0,0,0,0,0,0,0,0,0,0,0,0,0,0,0,0,0,0,0,0,0,0,0,0,0,0,0,0,0,0,0,0,0,0,0,0,0,0,0,0,0,0,0,0,0,0,0,0,0,0,0,0,0,0,0,0,0,0,0,0,0,0,0,0,0,0,0,0,0,0,0,0,0,0,0,0,0,0,0,0,0,0,0,0,0,0,0,0,0,0,0,0,0,0,0,0,0,0,0,0,0,0,0,0,0,0,0,0,0,0,,0,0,0,0,0,0,0,0,0,,,,,,,,,,,,,,,,,,,,,,,,,,,,,,,0,713,,,,,,,,,,,,,,,,,,,,,,,,,,,,,,,0,
9/1/2026,2025,20260826,47820,26149,ALYESKA PIPELINE SERVICE CO,Natural Gas,INTRASTATE,ALASKA,0,0,0,0,0,0,0,0,0,0,0,0,0,0,0,0,0,0,0,0,0,0,0,0,0,0,0,0,0,0,0,0,0,0,0,0,0,0,0,0,0,0,0,0,0,0,0,0,0,0,0,0,0,0,0,0,0,0,0,0,0,0,0,0,0,0,0,0,0,0,0,0,0,0,0,0,0,0,0,0,0,0,0,0,0,0,0,0,0,0,0,0,0,0,0,0,0,0,0,0,0,0,0,0,0,0,0,0,0,0,0,0,0,0,0,0,0,0,0,0,0,0,0,0,0,0,0,0,0,0,0,0,0,0,0,0,0,0,0,0,0,0,0,0,0,0,0,0,0,0,0,0,0,0,5,,5,0,0,0,0,0,5,0,5,0,0,0,0,0,0,0,0,0,0,0,0,0,0,0,0,0,0,0,0,0,0,0,0,0,0,0,0,0,0,0,0,,,,,,,,,,,,,,,,,,,,,,,,,,,,,,,0,
9/1/2026,2025,20260805,47798,26330,"ENABLE OKLAHOMA INTRASTATE TRANSMISSION, LLC",Natural Gas,INTRASTATE,OKLAHOMA,0,0,0,0,,,0,0,0,0,,0,0,0,2,,,0,0,0,0,,0,0,0,2,,,0,0,0,0,,0,0,0,0,,,0,0,0,0,,0,0,0,0,,,0,0,0,0,,0,0,0,0,,,0,0,0,0,,0,0,0,0,,,0,0,0,0,,0,0,0,0,,,0,0,0,0,,0,0,0,0,,,0,0,0,0,,0,0,0,0,,,0,0,0,0,,0,0,0,1,,,0,0,0,0,,0,0,0,0,,,0,0,0,0,,0,0,0,0,,,0,0,0,0,,0,0,0,5,,0,,0,0,0,,0,0,0,,0,0,0,,0,0,0,0,0,0,0,0,0,0,0,0,0,0,0,0,0,0,0,0,0,0,0,0,0,0,0,0,0,0,0,0,0,0,31192,0,0,0,0,0,0,0,0,0,0,0,0,0,0,0,0,0,0,0,0,0,0,0,0,0,0,0,0,0,0,0,4
9/1/2026,2025,20260920,47917,30006,ENTERPRISE PELICAN PIPELINE L.P.,Natural Gas,INTRASTATE,LOUISIANA,0,0,0,0,0,0,0,0,0,0,0,0,0,0,0,0,0,0,0,0,0,0,0,0,0,0,0,0,0,0,0,0,0,0,0,0,0,0,0,0,0,0,0,0,0,0,0,0,0,0,0,0,0,0,0,0,0,0,1,0,0,0,0,0,0,0,0,0,0,0,0,0,0,0,0,0,0,0,0,0,0,0,0,0,0,0,0,0,0,0,0,0,0,0,0,0,0,0,0,0,0,0,0,0,0,0,0,0,0,0,0,0,0,0,0,0,0,0,0,0,0,0,0,0,0,0,0,0,0,0,0,0,0,0,0,0,0,0,0,0,0,0,0,0,0,0,1,0,0,0,0,0,0,0,0,,0,0,0,0,0,0,0,0,0,0,0,0,0,0,0,0,0,0,0,0,0,0,0,0,0,0,0,0,0,0,0,0,0,0,0,0,0,0,0,0,0,,,,,,,,,,,,,,,,,,,,,,,,,,,,,,,0,
9/1/2026,2025,20261114,48125,30020,W & T OFFSHORE INC,Natural Gas,INTRASTATE,ALABAMA,0,0,0,0,0,0,0,0,0,0,0,0,0,0,0,0,0,0,0,0,0,0,0,0,0,0,0,0,0,0,0,0,0,0,0,0,0,0,0,0,0,0,0,0,0,0,0,0,0,0,0,0,0,0,0,0,0,0,0,0,0,0,0,0,0,0,0,0,0,0,0,0,0,0,0,0,0,0,0,0,0,0,0,0,0,0,0,0,0,0,0,0,0,0,0,0,0,0,0,0,0,0,0,0,0,0,0,0,0,0,0,0,0,0,0,0,0,0,0,0,0,0,0,0,0,0,0,0,0,0,0,0,0,0,0,0,0,0,0,0,0,0,0,0,0,0,0,0,0,0,0,0,0,0,0,0,0,0,0,0,0,0,0,0,0,0,0,0,0,0,0,0,0,0,0,0,0,0,0,0,0,0,0,0,0,0,0,0,0,0,0,0,0,0,0,0,5,0,0,0,0,0,0,0,0,0,0,0,0,0,0,0,0,0,0,0,0,0,0,0,0,0,0,0,0,0,0,0,82
9/1/2026,2025,20261114,48125,30020,W & T OFFSHORE INC,Natural Gas,INTRASTATE,LOUISIANA,0,0,0,0,0,0,0,0,0,0,0,0,0,0,0,0,0,0,0,0,0,0,0,0,0,0,0,0,0,0,0,0,0,0,0,0,0,0,0,0,0,0,0,0,0,0,0,0,0,0,0,0,0,0,0,0,0,0,0,0,0,0,0,0,0,0,0,0,0,0,0,0,0,0,0,0,0,0,0,0,0,0,0,0,0,0,0,0,0,0,0,0,0,0,0,0,0,0,0,0,0,0,0,0,0,0,0,0,0,0,0,0,0,0,0,0,0,0,0,0,0,0,0,0,0,0,0,0,0,0,0,0,0,0,0,0,0,0,0,0,0,0,0,0,0,0,0,0,0,0,0,0,0,0,,0,0,0,0,0,0,0,0,0,0,,,,,,,,,,,,,,,,,,,,,,,,,,,,,,,0,,0,0,0,0,0,0,0,0,0,0,0,0,0,0,0,0,0,0,0,0,0,0,0,0,0,0,0,0,0,0,0,0
9/1/2026,2025,20261114,48125,30020,W & T OFFSHORE INC,Natural Gas,INTRASTATE,OCS-Gulf of America,0,0,0,0,0,0,0,0,0,0,0,0,0,0,0,0,0,0,0,0,0,0,0,0,0,0,0,0,0,0,0,0,0,0,0,0,0,0,0,0,0,0,0,0,0,0,0,0,0,0,0,0,0,0,0,0,0,0,0,0,0,0,0,0,0,0,0,0,0,0,0,0,0,0,0,0,0,0,0,0,0,0,0,0,0,0,0,0,0,0,0,0,0,0,0,0,0,0,0,0,0,0,0,0,0,0,0,0,0,0,0,0,0,0,0,0,0,0,0,0,0,0,0,0,0,0,0,0,0,0,0,0,0,0,0,0,0,0,0,0,0,0,0,0,0,0,0,0,0,0,0,0,0,0,,0,0,0,0,0,0,0,0,0,0,,,,,,,,,,,,,,,,,,,,,,,,,,,,,,,0,,0,0,0,0,0,0,0,0,0,0,0,0,0,0,0,0,0,0,0,0,0,0,0,0,0,0,0,0,0,0,0,0
9/1/2026,2025,20261114,48125,30020,W & T OFFSHORE INC,Natural Gas,INTRASTATE,TEXAS,0,0,0,0,0,0,0,0,0,0,0,0,0,0,0,0,0,0,0,0,0,0,0,0,0,0,0,0,0,0,0,0,0,0,0,0,0,0,0,0,0,0,0,0,0,0,0,0,0,0,0,0,0,0,0,0,0,0,0,0,0,0,0,0,0,0,0,0,0,0,0,0,0,0,0,0,0,0,0,0,0,0,0,0,0,0,0,0,0,0,0,0,0,0,0,0,0,0,0,0,0,0,0,0,0,0,0,0,0,0,0,0,0,0,0,0,0,0,0,0,0,0,0,0,0,0,0,0,0,0,0,0,0,0,0,0,0,0,0,0,0,0,0,0,0,0,0,0,0,0,0,0,0,0,,0,0,0,0,0,0,0,0,0,0,,,,,,,,,,,,,,,,,,,,,,,,,,,,,,,0,,0,0,0,0,0,0,0,0,0,0,0,0,0,0,0,0,0,0,0,0,0,0,0,0,0,0,0,0,0,0,0,0
9/1/2026,2025,20260417,47382,30024,SOUTH DAKOTA INTRASTATE PIPELINE CO.,Natural Gas,INTRASTATE,SOUTH DAKOTA,0,0,0,0,,,0,,,,,0,0,0,0,,,0,,,,,0,0,0,0,,,0,,,,,0,0,0,0,,,0,,,,,0,0,0,0,,,0,,,,,0,0,0,0,,,0,,,,,0,0,0,0,,,0,,,,,0,0,0,0,,,0,,,,,0,0,0,0,,,0,,,,,0,0,0,0,,,0,,,,,0,0,0,0,,,0,0,0,0,0,0,0,0,0,,,0,0,0,0,0,0,0,0,0,,,0,0,0,0,0,0,0,0,0,,0,,0,0,0,0,0,,0,,,,,,0,,0,,,,,,,,,,,,,,,,,,,,,,,,,,,,,,,0,293,,,,,,,,,,,,,,,,,,,,,,,,,,,,,,,0,
9/1/2026,2025,20260793,47786,30026,"BAY GAS STORAGE COMPANY, LLC",Natural Gas,INTRASTATE,ALABAMA,0,0,0,0,0,0,0,0,0,0,0,0,0,0,0,0,0,0,0,0,0,0,0,0,0,0,0,0,0,0,0,0,0,0,0,0,0,0,0,0,0,0,0,0,0,0,0,0,0,0,0,0,0,0,0,0,0,0,0,0,0,0,0,0,0,0,0,0,0,0,0,0,0,0,0,0,0,0,0,0,0,0,0,0,0,0,0,0,0,0,0,0,0,0,0,0,0,0,0,0,0,0,0,0,0,0,0,0,0,0,0,0,0,0,0,0,0,0,0,0,0,0,0,0,0,0,0,0,0,0,0,0,0,0,0,0,0,0,0,0,0,0,0,0,0,0,0,0,0,0,0,0,0,0,0,,0,0,0,0,0,0,0,0,0,0,0,0,0,0,0,0,0,0,0,0,0,0,0,0,0,0,0,0,0,0,0,0,0,0,0,0,0,0,0,0,66,,,,,,,,,,,,,,,,,,,,,,,,,,,,,,,0,
9/1/2026,2025,20260463,47430,30028,"EGAN HUB STORAGE, LLC",Natural Gas,INTERSTATE,LOUISIANA,0,0,0,0,0,0,0,0,0,0,0,0,0,0,0,0,0,0,0,0,0,0,0,0,0,0,0,0,0,0,0,0,0,0,0,0,0,0,0,0,0,0,0,0,0,0,0,0,0,0,0,0,0,0,0,0,0,0,4,0,0,0,0,0,0,0,0,0,0,1,0,0,0,0,0,0,0,0,0,0,0,0,0,0,0,0,0,0,0,0,0,0,0,0,0,0,0,0,0,0,0,0,0,0,0,0,0,0,0,0,0,0,0,0,0,0,0,0,0,0,0,0,0,0,0,0,0,0,0,0,0,0,0,0,0,0,0,0,0,0,0,0,0,0,0,0,5,0,0,0,0,0,0,0,0,,0,0,0,0,0,0,0,0,0,,,,,,,,,,,,,,,,,,,,,,,,,,,,,,,0,208,,,,,,,,,,,,,,,,,,,,,,,,,,,,,,,,
9/1/2026,2025,20260408,47373,30040,CITY OF GIRARD,Natural Gas,INTRASTATE,KANSAS,0,0,0,0,0,0,0,0,0,0,0,0,0,0,0,0,0,0,0,0,0,0,0,0,0,0,0,0,0,0,0,0,0,0,0,0,0,0,0,0,0,0,0,0,0,0,0,0,0,0,0,0,0,0,0,0,0,0,0,0,0,0,0,0,0,0,0,0,0,0,0,0,0,0,0,0,0,0,0,0,0,0,0,0,0,0,0,0,0,0,0,0,0,0,0,0,0,0,0,0,0,0,0,0,0,0,0,0,0,0,0,0,0,0,0,0,0,0,0,0,0,0,0,0,0,0,0,0,0,0,0,0,0,0,0,0,0,0,0,0,0,0,0,0,0,0,0,0,0,0,0,0,0,0,0,,0,0,0,0,0,0,0,0,0,,,,,,,,,,,,,,,,,,,,,,,,,,,,,,,0,20,,,,,,,,,,,,,,,,,,,,,,,,,,,,,,,0,
9/1/2026,2025,20260962,47961,30052,NEVADA GOLD MINES,Natural Gas,INTRASTATE,NEVADA,0,0,0,0,,,0,,,,,0,0,0,0,,,0,,,,,0,0,0,0,,,0,,,,,0,0,0,0,,,0,,,,,0,0,0,0,,,0,,,,,0,0,0,0,,,0,,,,,0,0,0,0,,,0,,,,,0,0,0,0,,,0,,,,,0,0,0,0,,,0,,,,,0,0,0,0,,,0,,,,,0,0,0,0,,,0,0,0,0,0,0,0,0,0,,,0,0,0,0,0,0,0,0,0,,,0,0,0,0,0,0,0,0,0,,0,,0,0,0,0,0,,0,,,,,,0,,0,,,,,,,,,,,,,,,,,,,,,,,,,,,,,,,0,55,,,,,,,,,,,,,,,,,,,,,,,,,,,,,,,0,
9/1/2026,2025,20260988,47991,30054,KENTUCKY UTILITIES CO,Natural Gas,INTRASTATE,KENTUCKY,0,0,0,0,0,0,0,0,0,0,0,0,0,0,0,0,0,0,0,0,0,0,0,0,0,0,0,0,0,0,0,0,0,0,0,0,0,0,0,0,0,0,0,0,0,0,0,0,0,0,0,0,0,0,0,0,0,0,0,0,0,0,0,0,0,0,0,0,0,0,0,0,0,0,0,0,0,0,0,0,0,0,0,0,0,0,0,0,0,0,0,0,0,0,0,0,0,0,0,0,0,0,0,0,0,0,0,0,0,0,0,0,0,0,0,0,0,0,0,0,0,0,0,0,0,0,0,0,0,0,0,0,0,0,0,0,0,0,0,0,0,0,0,0,0,0,0,0,0,0,0,0,0,0,0,,0,0,0,0,0,0,0,0,0,,,,,,,,,,,,,,,,,,,,,,,,,,,,,,,0,50,,,,,,,,,,,,,,,,,,,,,,,,,,,,,,,0,
9/1/2026,2025,20260345,47307,30062,VULCAN METALS CORP.,Natural Gas,INTRASTATE,KANSAS,0,0,0,0,0,0,0,0,0,0,0,0,0,0,0,0,0,0,0,0,0,0,0,0,0,0,0,0,0,0,0,0,0,0,0,0,0,0,0,0,0,0,0,0,0,0,0,0,0,0,0,0,0,0,0,0,0,0,0,0,0,0,0,0,0,0,0,0,0,0,0,0,0,0,0,0,0,0,0,0,0,0,0,0,0,0,0,0,0,0,0,0,0,0,0,0,0,0,0,0,0,0,0,0,0,0,0,0,0,0,0,0,0,0,0,0,0,0,0,0,0,0,0,0,0,0,0,0,0,0,0,0,0,0,0,0,0,0,0,0,0,0,0,0,0,0,0,0,0,0,0,0,0,0,0,,0,0,0,0,0,0,0,0,0,,,,,,,,,,,,,,,,,,,,,,,,,,,,,,,0,3,,,,,,,,,,,,,,,,,,,,,,,,,,,,,,,0,
9/1/2026,2025,20260824,47818,30544,OCCIDENTAL CHEMICAL CORP,Natural Gas,INTRASTATE,TEXAS,0,0,0,0,0,0,0,0,0,0,0,0,0,0,0,0,0,0,0,0,0,0,0,0,0,0,0,0,0,0,0,0,0,0,0,0,0,0,0,0,0,0,0,0,0,0,0,0,0,0,0,0,0,0,0,0,0,0,0,0,0,0,0,0,0,0,0,0,0,0,0,0,0,0,0,0,0,0,0,0,0,0,0,0,0,0,0,0,0,0,0,0,0,0,0,0,0,0,0,0,0,0,0,0,0,0,0,0,0,0,0,0,0,0,0,0,0,0,0,0,0,0,0,0,0,0,0,0,0,0,0,0,0,0,0,0,0,0,0,0,0,0,0,0,0,0,0,0,0,0,0,0,0,0,0,,0,0,0,0,0,0,0,0,0,0,0,0,0,0,0,0,0,0,0,0,0,0,0,0,0,0,0,0,0,0,0,0,0,0,0,0,0,0,0,0,0,,,,,,,,,,,,,,,,,,,,,,,,,,,,,,,0,
9/1/2026,2025,20260660,47645,30585,SELKIRK COGEN PROJECT,Natural Gas,INTRASTATE,NEW YORK,0,0,0,0,,,0,,,,,0,0,0,0,,,0,,,,,0,0,0,0,,,0,,,,,0,0,0,0,,,0,,,,,0,0,0,0,,,0,,,,,0,0,0,0,,,0,,,,,0,0,0,0,,,0,,,,,0,0,0,0,,,0,,,,,0,0,0,0,,,0,,,,,0,0,0,0,,,0,,,,,0,0,0,0,,,0,0,0,0,0,0,0,0,0,,,0,0,0,0,0,0,0,0,0,,,0,0,0,0,0,0,0,0,0,,0,,0,0,0,0,0,,0,,,,,,0,,0,,,,,,,,,,,,,,,,,,,,,,,,,,,,,,,0,281,,,,,,,,,,,,,,,,,,,,,,,,,,,,,,,0,
9/1/2026,2025,20260901,47898,30629,"ONEOK FIELD SERVICES COMPANY, L.L.C.",Natural Gas,INTRASTATE,OKLAHOMA,0,0,0,0,0,0,0,0,0,0,0,0,0,0,0,0,0,0,0,0,1,0,0,0,0,0,0,0,0,0,0,0,0,0,0,0,0,0,0,0,0,0,0,0,0,0,0,0,0,0,0,0,0,0,0,0,0,0,0,0,0,0,0,0,10,0,0,0,0,0,0,0,0,0,0,0,0,0,0,0,0,0,0,0,0,0,0,0,0,0,0,0,0,0,0,0,0,0,0,0,0,0,0,0,0,0,0,0,0,0,0,0,0,0,0,0,0,0,0,0,0,0,0,0,0,0,0,0,0,0,0,0,0,0,0,0,0,0,0,0,0,0,0,0,0,0,0,0,0,0,0,0,11,0,,,,,,,,,,,,,,,,,,,,,,,,,,,,,,,,,,,,,,,,,,0,329,,,,,,,,,,,1,,1,,,,,,,1,,,,,,,2,,,3,4,8562
9/1/2026,2025,20260782,47775,30630,"OKTEX PIPELINE COMPANY, LLC",Natural Gas,INTERSTATE,NEW MEXICO,0,0,0,0,,,0,,,,,0,0,0,0,,,0,,,,,0,0,0,0,,,0,,,,,0,0,0,0,,,0,,,,,0,0,0,0,,,0,,,,,0,0,0,0,,,0,,,,,0,0,0,0,,,0,,,,,0,0,0,0,,,0,,,,,0,0,0,0,,,0,,,,,0,0,0,0,,,0,,,,,0,0,0,0,,,0,,,,,0,0,0,0,,,0,,,,,0,0,0,0,,,0,,,,,0,0,0,0,,0,,,,,,0,,0,,,,,,0,,0,,,,,,,,,,,,,,,,,,,,,,,,,,,,,,,0,184,,,,,,,,,,,,,,,,,,,,,,,,,,,,,,,,
9/1/2026,2025,20260782,47775,30630,"OKTEX PIPELINE COMPANY, LLC",Natural Gas,INTERSTATE,OKLAHOMA,0,0,0,0,,,0,,,,,0,0,0,0,,,0,,,,,0,0,0,0,,,0,,,,,0,0,0,0,,,0,,,,,0,0,0,0,,,0,,,,,0,0,0,1,,,0,,,,,0,0,0,0,,,0,,,,,0,0,0,0,,,0,,,,,0,0,0,0,,,0,,,,,0,0,0,0,,,0,,,,,0,0,0,0,,,0,0,0,0,0,0,0,0,0,,,0,0,0,0,0,0,0,0,0,,,0,0,0,0,0,0,0,0,1,,0,,0,0,0,0,0,,0,,,,,,0,,0,,,,,,,,,,,,,,,,,,,,,,,,,,,,,,,0,883,,,,,,,,,,,,,,,,,,,,,,,,,,,,,,,,
9/1/2026,2025,20260782,47775,30630,"OKTEX PIPELINE COMPANY, LLC",Natural Gas,INTERSTATE,TEXAS,0,0,0,0,0,0,0,0,0,0,0,0,0,0,0,0,0,0,0,0,0,0,0,0,0,0,0,0,0,0,0,0,0,0,0,0,0,0,0,0,0,0,0,0,0,0,0,0,0,0,0,0,0,0,0,0,0,0,0,0,0,0,0,0,0,0,0,0,0,0,0,0,0,0,0,0,0,0,0,0,0,0,0,0,0,0,0,0,0,0,0,0,0,0,0,0,0,0,0,0,0,0,0,0,0,0,0,0,0,0,0,0,0,0,0,0,0,0,0,0,0,0,0,0,0,0,0,0,0,0,0,0,0,0,0,1,0,0,0,0,0,0,0,0,0,0,1,0,0,0,0,0,0,0,,,,,,,,,,,,,,,,,,,,,,,,,,,,,,,,,,,,,,,,,,0,773,,,,,,,,,,,,,,,,,,,,,,,,,,,,,,,,
9/1/2026,2025,20261078,48533,30666,"ENMARK ENERGY, INC",Natural Gas,INTRASTATE,ARKANSAS,0,0,0,0,0,0,0,0,0,0,0,0,0,0,0,0,0,0,0,0,0,0,0,0,0,0,0,0,0,0,0,0,0,0,0,0,0,0,0,0,0,0,0,0,0,0,0,0,0,0,0,0,0,0,0,0,0,0,0,0,0,0,0,0,0,0,0,0,0,0,0,0,0,0,0,0,0,0,0,0,0,0,0,0,0,0,0,0,0,0,0,0,0,0,0,0,0,0,0,0,0,0,0,0,0,0,0,0,0,0,0,0,0,0,0,0,0,0,0,0,0,0,0,0,0,0,0,0,0,0,0,0,0,0,0,0,0,0,0,0,0,0,0,0,0,0,0,0,0,0,0,0,0,0,0,,0,0,0,0,0,0,0,0,0,0,0,0,0,0,0,0,0,0,0,0,0,0,0,0,0,0,0,0,0,0,0,0,0,0,0,0,0,0,0,0,77,,,,,,,,,,,,,,,,,,,,,,,,,,,,,,,0,
9/1/2026,2025,20261078,48533,30666,"ENMARK ENERGY, INC",Natural Gas,INTRASTATE,MISSISSIPPI,0,0,0,0,0,0,0,0,0,0,0,0,0,0,0,0,0,0,0,0,0,0,0,0,0,0,0,0,0,0,0,0,0,0,0,0,0,0,0,0,0,0,0,0,0,0,0,0,0,0,0,0,0,0,0,0,0,0,0,0,0,0,0,0,0,0,0,0,0,0,0,0,0,0,0,0,0,0,0,0,0,0,0,0,0,0,0,0,0,0,0,0,0,0,0,0,0,0,0,0,0,0,0,0,0,0,0,0,0,0,0,0,0,0,0,0,0,0,0,0,0,0,0,0,0,0,0,0,0,0,0,0,0,0,0,0,0,0,0,0,0,0,0,0,0,0,0,0,0,0,0,0,0,0,0,,0,0,0,0,0,0,0,0,0,0,0,0,0,0,0,0,0,0,0,0,0,0,0,0,0,0,0,0,0,0,0,0,0,0,0,0,0,0,0,0,177,,,,,,,,,,,,,,,,,,,,,,,,,,,,,,,0,
9/1/2026,2025,20261078,48533,30666,"ENMARK ENERGY, INC",Natural Gas,INTRASTATE,TEXAS,0,0,0,0,0,0,0,0,0,0,0,0,0,0,0,0,0,0,0,0,0,0,0,0,0,0,0,0,0,0,0,0,0,0,0,0,0,0,0,0,0,0,0,0,0,0,0,0,0,0,0,0,0,0,0,0,0,0,0,0,0,0,0,0,0,0,0,0,0,0,0,0,0,0,0,0,0,0,0,0,0,0,0,0,0,0,0,0,0,0,0,0,0,0,0,0,0,0,0,0,0,0,0,0,0,0,0,0,0,0,0,0,0,0,0,0,0,0,0,0,0,0,0,0,0,0,0,0,0,0,0,0,0,0,0,0,0,0,0,0,0,0,0,0,0,0,0,0,0,0,0,0,0,0,0,,0,0,0,0,0,0,0,0,0,0,0,0,0,0,0,0,0,0,0,0,0,0,0,0,0,0,0,0,0,0,0,0,0,0,0,0,0,0,0,0,4,,,,,,,,,,,,,,,,,,,,,,,,,,,,,,,0,
9/1/2026,2025,20261078,48533,30666,"ENMARK ENERGY, INC",Natural Gas,INTRASTATE,WEST VIRGINIA,0,0,0,0,0,0,0,0,0,0,0,0,0,0,0,0,0,0,0,0,0,0,0,0,0,0,0,0,0,0,0,0,0,0,0,0,0,0,0,0,0,0,0,0,0,0,0,0,0,0,0,0,0,0,0,0,0,0,0,0,0,0,0,0,0,0,0,0,0,0,0,0,0,0,0,0,0,0,0,0,0,0,0,0,0,0,0,0,0,0,0,0,0,0,0,0,0,0,0,0,0,0,0,0,0,0,0,0,0,0,0,0,0,0,0,0,0,0,0,0,0,0,0,0,0,0,0,0,0,0,0,0,0,0,0,0,0,0,0,0,0,0,0,0,0,0,0,0,0,0,0,0,0,0,0,,0,0,0,0,0,0,0,0,0,0,0,0,0,0,0,0,0,0,0,0,0,0,0,0,0,0,0,0,0,0,0,0,0,0,0,0,0,0,0,0,10,,,,,,,,,,,,,,,,,,,,,,,,,,,,,,,0,
9/1/2026,2025,20261406,48431,30679,NORTH COUNTRY GAS PIPELINE,Natural Gas,INTRASTATE,NEW YORK,0,0,0,0,0,0,0,0,0,0,0,0,0,0,0,0,0,0,0,0,0,0,0,0,0,0,0,0,0,0,0,0,0,0,0,0,0,0,0,0,0,0,0,0,0,0,0,0,0,0,0,0,0,0,0,0,0,0,0,0,0,0,0,0,0,0,0,0,0,0,0,0,0,0,0,0,0,0,0,0,0,0,0,0,0,0,0,0,0,0,0,0,0,0,0,0,0,0,0,0,0,0,0,0,0,0,0,0,0,0,0,0,0,0,0,0,0,0,0,0,0,0,0,0,0,0,0,0,0,0,0,0,0,0,0,0,0,0,0,0,0,0,0,0,0,0,0,0,0,0,0,0,0,0,0,,0,0,0,0,0,0,0,0,0,0,0,0,0,0,0,0,0,0,0,0,0,0,0,0,0,0,0,0,0,0,0,0,0,0,0,0,0,0,0,0,478,,,,,,,,,,,,,,,,,,,,,,,,,,,,,,,0,
9/1/2026,2025,20260997,48000,30683,WESTLAKE PETROCHEMICALS LLC,Hydrogen Gas,INTRASTATE,LOUISIANA,0,0,0,0,0,0,0,0,0,0,0,0,0,0,0,0,0,0,0,0,0,0,0,0,0,0,0,0,0,0,0,0,0,0,0,0,0,0,0,0,0,0,0,0,0,0,0,0,0,0,0,0,0,0,0,0,0,0,0,0,0,0,0,0,0,0,0,0,0,0,0,0,0,0,0,0,0,0,0,0,0,0,0,0,0,0,0,0,0,0,0,0,0,0,0,0,0,0,0,0,0,0,0,0,0,0,0,0,0,0,0,0,0,0,0,0,0,0,0,0,0,0,0,0,0,0,0,0,0,0,0,0,0,0,0,0,0,0,0,0,0,0,0,0,0,0,0,0,0,0,0,0,0,0,0,,0,0,0,0,0,0,0,0,0,0,,,,,0,,,,,,,,,,,,,,,,,,,,,,,,,0,1515,,,,,,,,,,,,,,,,,,,,,,,,,,,,,,,,
9/1/2026,2025,20261409,48434,30683,WESTLAKE PETROCHEMICALS LLC,Natural Gas,INTRASTATE,LOUISIANA,0,0,0,0,0,0,0,0,0,0,0,0,0,0,0,0,0,0,0,0,0,0,0,0,0,0,0,0,0,0,0,0,0,0,0,0,0,0,0,0,0,0,0,0,0,0,0,0,0,0,0,0,0,0,0,0,0,0,0,0,0,0,0,0,0,0,0,0,0,0,0,0,0,0,0,0,0,0,0,0,0,0,0,0,0,0,0,0,0,0,0,0,0,0,0,0,0,0,0,0,0,0,0,0,0,0,0,0,0,0,0,0,0,0,0,0,0,0,0,0,0,0,0,0,0,0,0,0,0,0,0,0,0,0,0,0,0,0,0,0,0,0,0,0,0,0,0,0,0,0,0,0,0,0,0,,0,0,0,0,0,0,0,0,0,,,,,,,,,,,,,,,,,,,,,,,,,,,,,,,0,1515,,,,,,,,,,,,,,,,,,,,,,,,,,,,,,,0,
9/1/2026,2025,20260996,47999,30683,WESTLAKE PETROCHEMICALS LLC,Other Gas-Ethylene Gas,INTRASTATE,LOUISIANA,0,0,0,0,0,0,0,0,0,0,0,0,0,0,0,0,0,0,0,0,0,0,0,0,0,0,0,0,0,0,0,0,0,0,0,0,0,0,0,0,0,0,0,0,0,0,0,0,0,0,0,0,0,0,0,0,0,0,0,0,0,0,0,0,0,0,0,0,0,0,0,0,0,0,0,0,0,0,0,0,0,0,0,0,0,0,0,0,0,0,0,0,0,0,0,0,0,0,0,0,0,0,0,0,0,0,0,0,0,0,0,0,0,0,0,0,0,0,0,0,0,0,0,0,0,0,0,0,0,0,0,0,0,0,0,0,0,0,0,0,0,0,0,0,0,0,0,0,0,0,0,0,0,0,0,,0,0,0,0,0,0,0,0,0,,,,,,,,,,,,,,,,,,,,,,,,,,,,,,,0,1515,,,,,,,,,,,,,,,,,,,,,,,,,,,,,,,0,
9/1/2026,2025,20260568,47551,30711,HILCORP ENERGY COMPANY,Natural Gas,INTRASTATE,ALABAMA,0,0,0,0,,,0,0,0,0,,0,0,0,0,,,0,0,0,0,,0,0,0,0,,,0,0,0,0,,0,0,0,0,,,0,0,0,0,,0,0,0,0,,,0,0,0,0,,0,0,0,0,,,0,0,0,0,,0,0,0,0,,,0,0,0,0,,0,0,0,0,,,0,0,0,0,,0,0,0,0,,,0,0,0,0,,0,0,0,0,,,0,0,0,0,,0,0,0,0,,,0,0,0,0,,0,0,0,0,,,0,0,0,0,,0,0,0,0,,,0,0,0,0,,0,0,0,0,,0,,0,0,0,,0,0,0,,0,0,0,,0,0,0,,,,,,,,,,,,,,,,,,,,,,,,,,,,,,,0,34,,,,,,,,,,,,,,,,,,,,,,,,,,,,,,,0,76
9/1/2026,2025,20260568,47551,30711,HILCORP ENERGY COMPANY,Natural Gas,INTRASTATE,COLORADO,,0,,,,,,0,0,0,,,0,,,,,,0,0,0,,,0,,,,,,0,0,0,,,0,,,,,,0,0,0,,,0,,,,,,0,0,0,,,0,,,,,,0,0,0,,,0,,,,,,0,0,0,,,0,,,,,,0,0,0,,,0,,,,,,0,0,0,,,0,,,,,,0,0,0,,,0,,,,,,0,0,0,,,0,,,,,,0,0,0,,,0,,,,,,0,0,0,,,0,,,,,,0,0,0,,,0,,,0,0,0,,,0,0,,,,,,,,,,,,,,,,,,,,,,,,,,,,,,,,,,,,,,,,,,,,,,,,,,,,,,,,,,,,,,,0,32
9/1/2026,2025,20260568,47551,30711,HILCORP ENERGY COMPANY,Natural Gas,INTRASTATE,LOUISIANA,,0,,,,,,0,0,1,,,0,,,,,,0,0,0,,,0,,,,,,0,0,0,,,0,,,,,,0,0,0,,,0,,,,,,0,0,0,,,0,,,,,,0,0,0,,,0,,,,,,0,0,0,,,0,,,,,,0,0,0,,,0,,,,,,0,0,0,,,0,,,,,,0,0,0,,,0,,,,,,0,0,0,,,0,,,,,,0,0,0,,,0,,,,,,0,0,0,,,0,,,,,,0,0,1,,,0,,,0,0,0,,,0,0,,,,,,,,,,,,,,,,,,,,,,,,,,,,,,,0,,,,,,,,,,,,,,,,,,,,,,,,,,,,,,,,0,74
9/1/2026,2025,20260568,47551,30711,HILCORP ENERGY COMPANY,Natural Gas,INTRASTATE,NEW MEXICO,,0,,,,,,0,0,0,,,0,,,,,,0,0,0,,,0,,,,,,0,0,0,,,0,,,,,,0,0,0,,,0,,,,,,0,0,0,,,0,,,,,,0,0,0,,,0,,,,,,0,0,0,,,0,,,,,,0,0,0,,,0,,,,,,0,0,0,,,0,,,,,,0,0,0,,,0,,,,,,0,0,0,,,0,,,,,,0,0,0,,,0,,,,,,0,0,0,,,0,,,,,,0,0,0,,,0,,,0,0,0,,,0,0,,,,,,,,,,,,,,,,,,,,,,,,,,,,,,,0,,,,,,,,,,,,,,,,,,,,,,,,,,,,,,,,0,195
9/1/2026,2025,20260568,47551,30711,HILCORP ENERGY COMPANY,Natural Gas,INTRASTATE,TEXAS,0,0,0,0,,,0,0,0,16,,0,0,0,0,,,0,0,0,4,,0,0,0,0,,,0,0,0,0,,0,0,0,0,,,0,0,0,0,,0,0,0,0,,,0,0,0,0,,0,0,0,0,,,0,0,0,1,,0,0,0,0,,,0,0,0,0,,0,0,0,0,,,0,0,0,0,,0,0,0,0,,,0,0,0,0,,0,0,0,0,,,0,0,0,0,,0,0,0,0,,,0,0,0,0,,0,0,0,0,,,0,0,0,0,,0,0,0,0,,,0,0,0,0,,0,0,0,0,,0,,0,0,21,,0,0,0,,0,0,0,,0,0,0,,,,,,,,,,,,,,,,,,,,,,,,,,,,,,,0,68,,,,,,,,,,,,,,,,,,,,,,,,,,,,,,,0,1475
9/1/2026,2025,20260568,47551,30711,HILCORP ENERGY COMPANY,Natural Gas,INTRASTATE,WYOMING,,0,,,,,,0,0,0,,,0,,,,,,0,0,0,,,0,,,,,,0,0,0,,,0,,,,,,0,0,0,,,0,,,,,,0,0,0,,,0,,,,,,0,0,0,,,0,,,,,,0,0,0,,,0,,,,,,0,0,0,,,0,,,,,,0,0,0,,,0,,,,,,0,0,0,,,0,,,,,,0,0,0,,,0,,,,,,0,0,0,,,0,,,,,,0,0,0,,,0,,,,,,0,0,0,,,0,,,0,0,0,,,0,0,,,,,,,,,,,,,,,,,,,,,,,,,,,,,,,0,,,,,,,,,,,,,,,,,,,,,,,,,,,,,,,,0,0
9/1/2026,2025,20260352,48531,30718,KAISER-FRANCIS OIL COMPANY,Natural Gas,INTRASTATE,NEW MEXICO,0,0,0,0,0,0,0,0,0,0,0,0,0,0,0,0,0,0,0,0,0,0,0,0,0,0,0,0,0,0,0,0,0,0,0,0,0,0,0,0,0,0,0,0,0,0,0,0,0,0,0,0,0,0,0,0,0,0,0,0,0,0,0,0,0,0,0,0,0,0,0,0,0,0,0,0,0,0,0,0,0,0,0,0,0,0,0,0,0,0,0,0,0,0,0,0,0,0,0,0,0,0,0,0,0,0,0,0,0,0,0,0,0,0,0,0,0,0,0,0,0,0,0,0,0,0,0,0,0,0,0,0,0,0,0,0,0,0,0,0,0,0,0,0,0,0,0,0,0,0,0,0,0,0,,0,0,0,0,0,0,0,0,0,0,,,,,,,,,,,,,,,,,,,,,,,,,,,,,,,0,,,,,,,,,,,,,,,,,,,,,,,,,,,,,,,,0,448
9/1/2026,2025,20260932,47929,30749,SACRAMENTO MUNICIPAL UTILITY DISTRICT,Natural Gas,INTRASTATE,CALIFORNIA,0,0,0,0,,,0,,,,,0,0,0,0,,,0,,,,,0,0,0,0,,,0,,,,,0,0,0,0,,,0,,,,,0,0,0,0,,,0,,,,,0,0,0,0,,,0,,,,,0,0,0,0,,,0,,,,,0,0,0,0,,,0,,,,,0,0,0,0,,,0,,,,,0,0,0,0,,,0,,,,,0,0,0,0,,,0,0,0,0,0,0,0,0,0,,,0,0,0,0,0,0,0,0,0,,,0,0,0,0,0,0,0,0,0,,0,,0,0,0,0,0,,0,,,,,,0,,0,,,,,,,,,,,,,,,,,,,,,,,,,,,,,,,0,2545,,,,,,,,,,,,,,,,,,,,,,,,,,,,,,,,
9/1/2026,2025,20260727,47714,30750,MIDAMERICAN ENERGY COMPANY,Natural Gas,INTRASTATE,ILLINOIS,0,0,0,0,0,0,0,0,0,0,0,0,0,0,0,0,0,0,0,0,0,0,0,0,0,0,0,0,0,0,0,0,0,0,0,0,0,0,0,0,0,0,0,0,0,0,0,0,0,0,0,0,0,0,0,0,0,0,1,0,0,0,0,0,0,0,0,0,0,0,0,0,0,0,0,0,0,0,0,0,0,0,0,0,0,0,0,0,0,0,0,0,0,0,0,0,0,0,0,0,0,0,0,0,0,0,0,0,0,0,0,0,0,0,0,0,0,0,0,0,0,0,0,0,0,0,0,0,0,0,0,0,0,0,0,0,0,0,0,0,0,0,0,0,0,0,1,0,0,0,0,0,0,0,17,,0,0,0,0,0,0,0,0,0,0,0,0,0,0,0,0,0,0,0,0,0,0,0,0,0,0,0,0,0,0,0,0,0,0,0,0,0,0,0,0,285,,,,,,,,,,,,,,,,,,,,,,,,,,,,,,,0,
9/1/2026,2025,20260727,47714,30750,MIDAMERICAN ENERGY COMPANY,Natural Gas,INTRASTATE,IOWA,0,0,0,0,0,0,0,0,0,0,0,0,0,0,0,0,0,0,0,0,0,0,0,0,0,0,0,0,0,0,0,0,0,0,0,0,0,0,0,0,0,0,0,0,0,0,0,0,0,0,0,0,0,0,0,0,0,1,2,0,0,0,0,0,0,0,0,0,0,1,0,0,0,0,0,0,0,0,0,0,0,0,0,0,0,0,0,0,0,0,0,0,0,0,0,0,0,0,0,0,0,0,0,0,0,0,0,0,0,0,0,0,0,0,0,0,0,0,0,0,0,0,0,0,0,0,0,0,0,0,0,0,0,0,0,0,0,0,0,0,0,0,0,0,0,1,3,0,0,0,0,0,0,0,39,,0,0,0,0,0,0,0,0,0,0,0,0,0,0,0,0,1,0,0,0,0,1,0,0,0,0,0,0,0,0,0,0,0,0,0,0,0,0,0,1,3777,,,,,,,,,,,,,,,,,,,,,,,,,,,,,,,0,
9/1/2026,2025,20261242,48255,30769,SPIRE MISSOURI INC. WEST,Natural Gas,INTRASTATE,MISSOURI,0,0,0,0,,,0,,,,,0,0,0,0,,,0,,,,,0,0,0,0,,,0,,,,,0,0,0,0,,,0,,,,,0,0,0,0,,,0,,,,,0,0,0,0,,,0,,,,,0,0,0,0,,,0,,,,,0,0,0,0,,,0,,,,,0,0,0,0,,,0,,,,,0,0,0,0,,,0,,,,,0,0,0,0,,,0,0,0,0,0,0,0,0,0,,,0,0,0,0,0,0,0,0,0,,,0,0,0,0,0,0,0,0,0,,0,,0,0,0,0,0,,0,,,,,,0,,0,,,,,,,,,,,,,,,,,,,,,,,,,,,,,,,0,457,,,,,,,,,,,,,,,,,,,,,,,,,,,,,,,,
9/1/2026,2025,20261286,48299,30772,"NATURAL GAS OF KENTUCKY, INC.",Natural Gas,INTRASTATE,KENTUCKY,0,0,0,0,0,0,0,0,0,0,0,0,0,0,0,0,0,0,0,0,0,0,0,0,0,0,0,0,0,0,0,0,0,0,0,0,0,0,0,0,0,0,0,0,0,0,0,0,0,0,0,0,0,0,0,0,0,0,0,0,0,0,0,0,0,0,0,0,0,0,0,0,0,0,0,0,0,0,0,0,0,0,0,0,0,0,0,0,0,0,0,0,0,0,0,0,0,0,0,0,0,0,0,0,0,0,0,0,0,0,0,0,0,0,0,0,0,0,0,0,0,0,0,0,0,0,0,0,0,0,0,0,0,0,0,0,0,0,0,0,0,0,0,0,0,0,0,0,0,0,0,0,0,0,0,,0,0,0,0,0,0,0,0,0,,,,,,,,,,,,,,,,,,,,,,,,,,,,,,,0,121,,,,,,,,,,,,,,,,,,,,,,,,,,,,,,,0,
9/1/2026,2025,20261035,48439,30782,HARVEST MIDSTREAM COMPANY,Natural Gas,INTERSTATE,WYOMING,0,0,0,0,0,0,0,0,0,0,0,0,0,0,0,0,0,0,0,0,0,0,0,0,0,0,0,0,0,0,0,0,0,0,0,0,0,0,0,0,0,0,0,0,0,0,0,0,0,0,0,0,0,0,0,0,0,0,0,0,0,0,0,0,0,0,0,0,0,0,0,0,0,0,0,0,0,0,0,0,0,0,0,0,0,0,0,0,0,0,0,0,0,0,0,0,0,0,0,0,0,0,0,0,0,0,0,0,0,0,0,0,0,0,0,0,0,0,0,0,0,0,0,0,0,0,0,0,0,0,0,0,0,0,0,0,0,0,0,0,0,0,0,0,0,0,0,0,0,0,0,0,0,0,0,,0,0,0,0,0,0,0,0,0,0,0,0,0,0,0,0,0,0,0,0,0,0,0,0,0,0,0,0,0,0,0,0,0,0,0,0,0,0,0,0,27,,,,,,,,,,,,,,,,,,,,,,,,,,,,,,,0,
9/1/2026,2025,20261035,48439,30782,HARVEST MIDSTREAM COMPANY,Natural Gas,INTRASTATE,COLORADO,,0,,,,,,0,0,0,,,0,,,,,,0,0,0,,,0,,,,,,0,0,0,,,0,,,,,,0,0,0,,,0,,,,,,0,0,0,,,0,,,,,,0,0,0,,,0,,,,,,0,0,0,,,0,,,,,,0,0,0,,,0,,,,,,0,0,0,,,0,,,,,,0,0,0,,,0,,,,,,0,0,0,,,0,,,,,,0,0,0,,,0,,,,,,0,0,0,,,0,,,,,,0,0,0,,,0,,,0,0,0,,,0,0,,,,,,,,,,,,,,,,,,,,,,,,,,,,,,,,,0,0,0,0,0,0,0,0,0,0,0,0,0,0,0,0,0,0,0,0,0,0,0,0,0,0,0,0,0,0,0,264
9/1/2026,2025,20261035,48439,30782,HARVEST MIDSTREAM COMPANY,Natural Gas,INTRASTATE,LOUISIANA,,0,,,,,,0,0,0,,,0,,,,,,0,0,0,,,0,,,,,,0,0,0,,,0,,,,,,0,0,0,,,0,,,,,,0,0,0,,,0,,,,,,0,0,1,,,0,,,,,,0,0,0,,,0,,,,,,0,0,0,,,0,,,,,,0,0,0,,,0,,,,,,0,0,0,,,0,,,,,,0,0,0,,,0,,,,,,0,0,0,,,0,,,,,,0,0,0,,,0,,,,,,0,0,1,,,0,,,0,0,0,,,0,0,,,,,,,,,,,,,,,,,,,,,,,,,,,,,,,,,0,0,0,0,0,0,0,0,0,0,0,0,0,0,0,0,0,0,0,0,0,0,0,0,0,0,0,0,0,0,0,199
9/1/2026,2025,20261035,48439,30782,HARVEST MIDSTREAM COMPANY,Natural Gas,INTRASTATE,NEW MEXICO,,0,,,,,,0,0,1,,,0,,,,,,0,0,3,,,0,,,,,,0,0,0,,,0,,,,,,0,0,0,,,0,,,,,,0,0,0,,,0,,,,,,1,0,9,,,0,,,,,,0,0,3,,,0,,,,,,1,0,1,,,0,,,,,,0,0,0,,,0,,,,,,0,0,0,,,0,,,,,,1,0,2,,,0,,,,,,0,0,0,,,0,,,,,,2,0,0,,,0,,,,,,5,0,19,,,0,,,1,0,12,,,13,13,,,,,,,,,,,,,,,,,,,,,,,,,,,,,,,,,0,0,0,0,0,0,1,1,0,1,1,1,5,0,0,0,0,0,0,1,0,0,0,0,0,0,0,0,0,1,6,1036
9/1/2026,2025,20261035,48439,30782,HARVEST MIDSTREAM COMPANY,Natural Gas,INTRASTATE,NORTH DAKOTA,,0,,,,,,0,0,0,,,0,,,,,,0,0,0,,,0,,,,,,0,0,0,,,0,,,,,,0,0,0,,,0,,,,,,0,0,0,,,0,,,,,,0,0,0,,,0,,,,,,0,0,0,,,0,,,,,,0,0,0,,,0,,,,,,0,0,0,,,0,,,,,,0,0,0,,,0,,,,,,0,0,0,,,0,,,,,,0,0,0,,,0,,,,,,0,0,0,,,0,,,,,,0,0,0,,,0,,,0,0,0,,,0,0,,,,,,,,,,,,,,,,,,,,,,,,,,,,,,,,,0,0,0,0,0,0,0,0,0,0,0,0,0,0,0,0,0,0,0,0,0,0,0,0,0,0,0,0,0,0,0,14
9/1/2026,2025,20261035,48439,30782,HARVEST MIDSTREAM COMPANY,Natural Gas,INTRASTATE,TEXAS,,0,,,,,,0,0,0,,,0,,,,,,0,0,0,,,0,,,,,,0,0,0,,,0,,,,,,0,0,0,,,0,,,,,,0,0,0,,,0,,,,,,0,0,0,,,0,,,,,,0,0,0,,,0,,,,,,0,0,0,,,0,,,,,,0,0,0,,,0,,,,,,0,0,0,,,0,,,,,,0,0,0,,,0,,,,,,0,0,0,,,0,,,,,,0,0,0,,,0,,,,,,0,0,0,,,0,,,0,0,0,,,0,0,,,,,,,,,,,,,,,,,,,,,,,,,,,,,,,,,0,0,0,0,0,0,0,0,0,0,0,0,0,0,0,0,0,0,0,0,0,0,0,0,0,0,0,0,0,0,0,36
9/1/2026,2025,20261035,48439,30782,HARVEST MIDSTREAM COMPANY,Natural Gas,INTRASTATE,UTAH,,0,,,,,,0,0,0,,,0,,,,,,0,0,0,,,0,,,,,,0,0,0,,,0,,,,,,0,0,0,,,0,,,,,,0,0,0,,,0,,,,,,0,0,0,,,0,,,,,,0,0,0,,,0,,,,,,0,0,0,,,0,,,,,,0,0,0,,,0,,,,,,0,0,0,,,0,,,,,,0,0,0,,,0,,,,,,0,0,0,,,0,,,,,,0,0,0,,,0,,,,,,0,0,0,,,0,,,0,0,0,,,0,0,,,,,,,,,,,,,,,,,,,,,,,,,,,,,,,,,0,0,0,0,0,0,0,0,0,0,0,0,0,0,0,0,0,0,0,0,0,0,0,0,0,0,0,0,0,0,0,233
9/1/2026,2025,20261035,48439,30782,HARVEST MIDSTREAM COMPANY,Natural Gas,INTRASTATE,WYOMING,0,0,0,0,0,0,0,0,0,0,0,0,0,0,0,0,0,0,0,0,0,0,0,0,0,0,0,0,0,0,0,0,0,0,0,0,0,0,0,0,0,0,0,0,0,0,0,0,0,0,0,0,0,0,0,0,0,0,0,0,0,0,0,0,1,0,0,0,0,0,0,0,0,0,0,0,0,0,0,0,0,0,0,0,0,0,0,0,0,0,0,0,0,0,0,0,0,0,0,0,0,0,0,0,0,0,0,0,0,0,0,0,0,0,0,0,0,0,0,0,0,0,0,0,0,0,0,0,0,0,0,0,0,0,0,0,0,0,0,0,0,0,0,0,0,0,0,0,0,0,0,0,1,0,0,0,0,,0,0,0,,0,0,0,0,0,0,0,0,0,0,0,0,0,0,0,0,0,0,0,0,0,0,0,0,0,0,0,0,0,0,0,0,0,0,8,0,0,0,0,0,0,0,0,0,0,0,0,0,0,0,0,0,0,0,0,0,0,0,0,0,0,0,0,0,0,0,255
9/1/2026,2025,20261202,48215,30785,GATEWAY PIPELINE COMPANY,Natural Gas,INTRASTATE,TEXAS,0,0,0,0,0,0,0,0,0,0,0,0,0,0,0,0,0,0,0,0,0,0,0,0,0,0,0,0,0,0,0,0,0,0,0,0,0,0,0,0,0,0,0,0,0,0,0,0,0,0,0,0,0,0,0,0,0,0,0,0,0,0,0,0,0,0,0,0,0,0,0,0,0,0,0,0,0,0,0,0,0,0,0,0,0,0,0,0,0,0,0,0,0,0,0,0,0,0,0,0,0,0,0,0,0,0,0,0,0,0,0,0,0,0,0,0,0,0,0,0,0,0,0,0,0,0,0,0,0,0,0,0,0,0,0,0,0,0,0,0,0,0,0,0,0,0,0,0,0,0,0,0,0,0,0,0,0,0,0,0,0,0,0,0,0,,,,,,,,,,,,,,,,,,,,,,,,,,,,,,,0,0,,,,,,,,,,,,,,,,,,,,,,,,,,,,,,,0,0
9/1/2026,2025,20260715,47702,30786,LEE 8 STORAGE PARTNERSHIP,Natural Gas,INTRASTATE,MICHIGAN,0,0,0,0,,,0,,,,,0,0,0,0,,,0,,,,,0,0,0,0,,,0,,,,,0,0,0,0,,,0,,,,,0,0,0,0,,,0,,,,,0,0,0,0,,,0,,,,,0,0,0,0,,,0,,,,,0,0,0,0,,,0,,,,,0,0,0,0,,,0,,,,,0,0,0,0,,,0,,,,,0,0,0,0,,,0,0,0,0,0,0,0,0,0,,,0,0,0,0,0,0,0,0,0,,,0,0,0,0,0,0,0,0,0,,0,,0,0,0,0,0,,0,,,,,,0,,0,0,0,0,0,0,0,0,0,0,0,0,0,0,0,0,0,0,0,0,0,0,0,0,0,0,0,0,0,0,0,0,60,,,,,,,,,,,,,,,,,,,,,,,,,,,,,,,,
9/1/2026,2025,20260986,47989,30788,HAVRE PIPELINE COMPANY,Natural Gas,INTRASTATE,MONTANA,0,0,0,0,,,0,,,,,0,0,0,0,,,0,,,,,0,0,0,0,,,0,,,,,0,0,0,0,,,0,,,,,0,0,0,0,,,0,,,,,0,0,0,0,,,0,,,,,0,0,0,0,,,0,,,,,0,0,0,0,,,0,,,,,0,0,0,0,,,0,,,,,0,0,0,0,,,0,,,,,0,0,0,0,,,0,0,0,0,0,0,0,0,0,,,0,0,0,0,0,0,0,0,0,,,0,0,0,0,0,0,0,0,0,,0,,0,0,0,0,0,,0,,,,,,0,,0,,,,,,,,,,,,,,,,,,,,,,,,,,,,,,,0,227,,,,,,,,,,,,,,,,,,,,,,,,,,,,,,,,
9/1/2026,2025,20261355,48368,30801,TOTALENERGIES GAS PIPELINE USA,Natural Gas,INTRASTATE,TEXAS,0,0,0,0,,,0,,,,,0,0,0,0,,,0,,,,,0,0,0,0,,,0,,,,,0,0,0,0,,,0,,,,,0,0,0,0,,,0,,,,,0,0,0,0,,,0,,,,,0,0,0,0,,,0,,,,,0,0,0,0,,,0,,,,,0,0,0,0,,,0,,,,,0,0,0,0,,,0,,,,,0,0,0,0,,,0,0,0,0,0,0,0,0,0,,,0,0,0,0,0,0,0,0,0,,,0,0,0,0,0,0,0,0,0,,0,,0,0,0,0,0,,0,,,,,,0,,0,0,,,,,0,,,,,,,,,,,,,,,,,,,,,,,,,0,2134,,,,,,,,,,,,,,,,,,,,,,,,,,,,,,,0,
9/1/2026,2025,20260137,47092,30807,VALENCE OPERATING COMPANY,Natural Gas,INTRASTATE,TEXAS,,0,,,,,,0,0,0,,,0,,,,,,0,0,0,,,0,,,,,,0,0,0,,,0,,,,,,0,0,0,,,0,,,,,,0,0,0,,,0,,,,,,0,0,0,,,0,,,,,,0,0,0,,,0,,,,,,0,0,0,,,0,,,,,,0,0,0,,,0,,,,,,0,0,0,,,0,,,,,,0,0,0,,,0,,,,,,0,0,0,,,0,,,,,,0,0,0,,,0,,,,,,0,0,0,,,0,,,0,0,0,,,0,0,,,,,,,,,,,,,,,,,,,,,,,,,,,,,,,0,,0,0,0,0,0,0,0,0,0,0,0,0,0,0,0,0,0,0,0,0,0,0,0,0,0,0,0,0,0,0,0,1695
9/1/2026,2025,20261180,48193,30825,CITGO PETROLEUM CORPORATION (REFINERY),Hydrogen Gas,INTRASTATE,LOUISIANA,0,0,0,0,0,0,0,0,0,0,0,0,0,0,0,0,0,0,0,0,0,0,0,0,0,0,0,0,0,0,0,0,0,0,0,0,0,0,0,0,0,0,0,0,0,0,0,0,0,0,0,0,0,0,0,0,0,0,0,0,0,0,0,0,0,0,0,0,0,0,0,0,0,0,0,0,0,0,0,0,0,0,0,0,0,0,0,0,0,0,0,0,0,0,0,0,0,0,0,0,0,0,0,0,0,0,0,0,0,0,0,0,0,0,0,0,0,0,0,0,0,0,0,0,0,0,0,0,0,0,0,0,0,0,0,0,0,0,0,0,0,0,0,0,0,0,0,0,0,0,0,0,0,0,0,,0,0,0,0,0,0,0,0,0,,,,,,,,,,,,,,,,,,,,,,,,,,,,,,,0,16,,,,,,,,,,,,,,,,,,,,,,,,,,,,,,,0,
9/1/2026,2025,20261274,48287,30825,CITGO PETROLEUM CORPORATION (REFINERY),Natural Gas,INTRASTATE,LOUISIANA,0,0,0,0,,,0,,,,,0,0,0,0,,,0,,,,,0,0,0,0,,,0,,,,,0,0,0,0,,,0,,,,,0,0,0,0,,,0,,,,,0,0,0,0,,,0,,,,,0,0,0,0,,,0,,,,,0,0,0,0,,,0,,,,,0,0,0,0,,,0,,,,,0,0,0,0,,,0,,,,,0,0,0,0,,,0,,,,,0,0,0,0,,,0,,,,,0,0,0,0,,,0,,,,,0,0,0,0,,0,,,,,,0,,0,,,,,,0,,0,,,,,,,,,,,,,,,,,,,,,,,,,,,,,,,0,37,,,,,,,,,,,,,,,,,,,,,,,,,,,,,,,,
9/1/2026,2025,20261227,48534,30826,WILLIAMS FIELD SERVICES,Natural Gas,INTRASTATE,ALABAMA,,,,,,,,0,0,0,,,,,,,,,0,0,0,,,,,,,,,0,0,0,,,,,,,,,0,0,0,,,,,,,,,0,0,0,,,,,,,,,0,0,0,,,,,,,,,0,0,0,,,,,,,,,0,0,0,,,,,,,,,0,0,0,,,,,,,,,0,0,0,,,,,,,,,0,0,0,,,,,,,,,0,0,0,,,,,,,,,0,0,0,,,,,,,,,0,0,0,,,0,,,,,,,,,,,,,,,,,,,,,,,,,,,,,,,,,,,,,,,,,,,,,,,,,,,,,,,,,,,,,,,,,,,,,,,,0,0
9/1/2026,2025,20261227,48534,30826,WILLIAMS FIELD SERVICES,Natural Gas,INTRASTATE,COLORADO,0,0,0,0,,,0,0,,0,,0,0,0,0,,,0,0,,2,,0,0,0,0,,,0,0,,0,,0,0,0,0,,,0,0,,0,,0,0,0,0,,,0,0,,0,,0,0,0,0,,,0,0,,16,,0,0,0,0,,,0,0,,0,,0,0,0,0,,,0,0,,0,,0,0,0,0,,,0,0,,0,,0,0,0,0,,,0,0,,0,,0,0,0,0,,,0,0,,1,,0,0,0,0,,,0,0,,0,,0,0,0,0,,,0,0,,0,,0,0,0,0,,0,,0,,19,,,,,,,,,,,,,,,,,,,,,,,,,,,,,,,,,,,,,,,,,,,0,228,,,,,,,,,,,,,,,,,,,,,,,,,,,,,,,0,0
9/1/2026,2025,20261227,48534,30826,WILLIAMS FIELD SERVICES,Natural Gas,INTRASTATE,NEW YORK,,,,,,,,0,0,0,,,,,,,,,0,0,0,,,,,,,,,0,0,0,,,,,,,,,0,0,0,,,,,,,,,0,0,0,,,,,,,,,0,0,0,,,,,,,,,0,0,0,,,,,,,,,0,0,0,,,,,,,,,0,0,0,,,,,,,,,0,0,0,,,,,,,,,0,0,0,,,,,,,,,0,0,0,,,,,,,,,0,0,0,,,,,,,,,0,0,0,,,,,,,,,,,,,,,,,,,,,,,,,,,,,,,,,,,,,,,,,,,,,,,,,,,,,,,,,,,,,,,,,,,,,,,,,,,0,0
9/1/2026,2025,20261227,48534,30826,WILLIAMS FIELD SERVICES,Natural Gas,INTRASTATE,OHIO,,,,,,,,0,0,0,,,,,,,,,0,0,0,,,,,,,,,0,0,0,,,,,,,,,0,0,0,,,,,,,,,0,0,0,,,,,,,,,0,0,0,,,,,,,,,0,0,0,,,,,,,,,0,0,0,,,,,,,,,0,0,0,,,,,,,,,0,0,0,,,,,,,,,0,0,0,,,,,,,,,0,0,0,,,,,,,,,0,0,0,,,,,,,,,0,0,0,,,,,,,,,,,,,,,,,,,,,,,,,,,,,,,,,,,,,,,,,,,,,,,,,,,,,,,,,,,,,,,,,,,,,,,,,,,0,0
9/1/2026,2025,20261227,48534,30826,WILLIAMS FIELD SERVICES,Natural Gas,INTRASTATE,PENNSYLVANIA,0,0,0,0,,,0,0,0,0,,0,0,0,0,,,0,0,0,0,,0,0,0,0,,,0,0,0,0,,0,0,0,0,,,0,0,0,0,,0,0,0,0,,,0,0,0,0,,0,0,0,0,,,0,0,0,12,,0,0,0,0,,,0,0,0,0,,0,0,0,0,,,0,0,0,0,,0,0,0,0,,,0,0,0,0,,0,0,0,0,,,0,0,0,0,,0,0,0,0,,,0,0,0,1,,0,0,0,0,,,0,0,0,0,,0,0,0,0,,,0,0,0,0,,0,0,0,0,,0,,0,0,13,,,,,,,,,,,,,,,,,,,,,,,,,,,,,,,,,,,,,,,,,,,0,1645,,,,,,,,,,,,,,,,,,,,,,,,,,,,,,,0,0
9/1/2026,2025,20261227,48534,30826,WILLIAMS FIELD SERVICES,Natural Gas,INTRASTATE,WEST VIRGINIA,,,,,,,,0,,0,,,,,,,,,0,,0,,,,,,,,,0,,0,,,,,,,,,0,,0,,,,,,,,,0,,0,,,,,,,,,0,,2,,,,,,,,,0,,0,,,,,,,,,0,,0,,,,,,,,,0,,0,,,,,,,,,0,,0,,,,,,,,,0,,0,,,,,,,,,0,,0,,,,,,,,,0,,0,,,,,,,,,0,,2,,,,,,,,,,,,,,,,,,,,,,,,,,,,,,,,,,,,,,,,,,,,,,,,,,,,,,,,,,,,,,,,,,,,,,,,,,,0,0
9/1/2026,2025,20261227,48534,30826,WILLIAMS FIELD SERVICES,Natural Gas,INTRASTATE,WYOMING,0,0,0,0,,,0,0,,0,,0,0,0,0,,,0,0,,0,,0,0,0,0,,,0,0,,0,,0,0,0,0,,,0,0,,0,,0,0,0,0,,,0,0,,0,,0,0,0,0,,,0,0,,10,,0,0,0,0,,,0,0,,3,,0,0,0,0,,,0,0,,0,,0,0,0,0,,,0,0,,0,,0,0,0,0,,,0,0,,0,,0,0,0,0,,,0,0,,0,,0,0,0,0,,,0,0,,0,,0,0,0,0,,,0,0,,0,,0,0,0,0,,0,,0,,13,,,,,,,,,,,,,,,,,,,,,,,,,,,,,,,,,,,,,,,,,,,0,384,,,,,,,,,,,,,,,,,,,,,,,,,,,,,,,0,0
9/1/2026,2025,20260440,47406,30834,TIDELANDS OIL PRODUCTION COMPANY,Natural Gas,INTRASTATE,CALIFORNIA,,0,,,,,,0,0,0,,,0,,,,,,0,0,0,,,0,,,,,,0,0,0,,,0,,,,,,0,0,0,,,0,,,,,,0,0,0,,,0,,,,,,0,0,0,,,0,,,,,,0,0,0,,,0,,,,,,0,0,0,,,0,,,,,,0,0,0,,,0,,,,,,0,0,0,,,0,,,,,,0,0,0,,,0,,,,,,0,0,0,,,0,,,,,,0,0,0,,,0,,,,,,0,0,0,,,0,,,0,0,0,,,0,0,,,,,,,,,,,,,,,,,,,,,,,,,,,,,,,0,,,,,,,,,,,,,,,,,,,,,,,,,,,,,,,,0,1
9/1/2026,2025,20260619,47603,30838,TUSCARORA GAS TRANSMISSION COMPANY,Natural Gas,INTERSTATE,CALIFORNIA,0,0,0,0,,,0,,,,,0,0,0,0,,,0,,,,,0,0,0,0,,,0,,,,,0,0,0,0,,,0,,,,,0,0,0,0,,,0,,,,,0,0,0,0,,,0,,,,,0,0,0,0,,,0,,,,,0,0,0,0,,,0,,,,,0,0,0,0,,,0,,,,,0,0,0,0,,,0,,,,,0,0,0,0,,,0,0,0,0,0,0,0,0,0,,,0,0,0,0,0,0,0,0,0,,,0,0,0,0,0,0,0,0,0,,0,,0,0,0,0,0,,0,,,,,,0,,0,,,,,,,,,,,,,,,,,,,,,,,,,,,,,,,0,924,,,,,,,,,,,,,,,,,,,,,,,,,,,,,,,,
9/1/2026,2025,20260619,47603,30838,TUSCARORA GAS TRANSMISSION COMPANY,Natural Gas,INTERSTATE,NEVADA,0,0,0,0,,,0,,,,,0,0,0,0,,,0,,,,,0,0,0,0,,,0,,,,,0,0,0,0,,,0,,,,,0,0,0,0,,,0,,,,,0,0,0,0,,,0,,,,,0,0,0,0,,,0,,,,,0,0,0,0,,,0,,,,,0,0,0,0,,,0,,,,,0,0,0,0,,,0,,,,,0,0,0,0,,,0,0,0,0,0,0,0,0,0,,,0,0,0,0,0,0,0,0,0,,,0,0,0,0,0,0,0,0,0,,0,,0,0,0,0,0,,0,,,,,,0,,0,,,,,,,,,,,,,,,,,,,,,,,,,,,,,,,0,77,,,,,,,,,,,,,,,,,,,,,,,,,,,,,,,,
9/1/2026,2025,20260619,47603,30838,TUSCARORA GAS TRANSMISSION COMPANY,Natural Gas,INTERSTATE,OREGON,0,0,0,0,,,0,,,,,0,0,0,0,,,0,,,,,0,0,0,0,,,0,,,,,0,0,0,0,,,0,,,,,0,0,0,0,,,0,,,,,0,0,0,0,,,0,,,,,0,0,0,0,,,0,,,,,0,0,0,0,,,0,,,,,0,0,0,0,,,0,,,,,0,0,0,0,,,0,,,,,0,0,0,0,,,0,0,0,0,0,0,0,0,0,,,0,0,0,0,0,0,0,0,0,,,0,0,0,0,0,0,0,0,0,,0,,0,0,0,0,0,,0,,,,,,0,,0,,,,,,,,,,,,,,,,,,,,,,,,,,,,,,,0,21,,,,,,,,,,,,,,,,,,,,,,,,,,,,,,,,
9/1/2026,2025,20260082,47036,30839,"WALDEN, TOWN OF",Natural Gas,INTRASTATE,COLORADO,0,0,0,0,,,0,,,,,0,0,0,0,,,0,,,,,0,0,0,0,,,0,,,,,0,0,0,0,,,0,,,,,0,0,0,0,,,0,,,,,0,0,0,0,,,0,,,,,0,0,0,0,,,0,,,,,0,0,0,0,,,0,,,,,0,0,0,0,,,0,,,,,0,0,0,0,,,0,,,,,0,0,0,0,,,0,0,0,0,0,0,0,0,0,,,0,0,0,0,0,0,0,0,0,,,0,0,0,0,0,0,0,0,0,,0,,0,0,0,0,0,,0,,,,,,0,,0,,,,,,,,,,,,,,,,,,,,,,,,,,,,,,,0,115,,,,,,,,,,,,,,,,,,,,,,,,,,,,,,,0,
9/1/2026,2025,20260082,47036,30839,"WALDEN, TOWN OF",Natural Gas,INTRASTATE,WYOMING,0,0,0,0,,,0,,,,,0,0,0,0,,,0,,,,,0,0,0,0,,,0,,,,,0,0,0,0,,,0,,,,,0,0,0,0,,,0,,,,,0,0,0,0,,,0,,,,,0,0,0,0,,,0,,,,,0,0,0,0,,,0,,,,,0,0,0,0,,,0,,,,,0,0,0,0,,,0,,,,,0,0,0,0,,,0,0,0,0,0,0,0,0,0,,,0,0,0,0,0,0,0,0,0,,,0,0,0,0,0,0,0,0,0,,0,,0,0,0,0,0,,0,,,,,,0,,0,,,,,,,,,,,,,,,,,,,,,,,,,,,,,,,0,153,,,,,,,,,,,,,,,,,,,,,,,,,,,,,,,,
9/1/2026,2025,20261088,48097,30850,LANXESS CORP.,Natural Gas,INTRASTATE,ARKANSAS,0,0,0,0,0,0,0,0,0,0,0,0,0,0,0,0,0,0,0,0,0,0,0,0,0,0,0,0,0,0,0,0,0,0,0,0,0,0,0,0,0,0,0,0,0,0,0,0,0,0,0,0,0,0,0,0,0,0,0,0,0,0,0,0,0,0,0,0,0,0,0,0,0,0,0,0,0,0,0,0,0,0,0,0,0,0,0,0,0,0,0,0,0,0,0,0,0,0,0,0,0,0,0,0,0,0,0,0,0,0,0,0,0,0,0,0,0,0,0,0,0,0,0,0,0,0,0,0,0,0,0,0,0,0,0,0,0,0,0,0,0,0,0,0,0,0,0,0,0,0,0,0,0,0,0,0,0,0,0,0,0,0,0,0,0,,,,,,,,,,,,,,,,,,,,,,,,,,,,,,,0,18,,,,,,,,,,,,,,,,,,,,,,,,,,,,,,,0,2
9/1/2026,2025,20260284,47242,30851,ALBEMARLE CORPORATION,Natural Gas,INTRASTATE,ARKANSAS,0,0,0,0,,,0,,,,,0,0,0,0,,,0,,,,,0,0,0,0,,,0,,,,,0,0,0,0,,,0,,,,,0,0,0,0,,,0,,,,,0,0,0,0,,,0,,,,,0,0,0,0,,,0,,,,,0,0,0,0,,,0,,,,,0,0,0,0,,,0,,,,,0,0,0,0,,,0,,,,,0,0,0,0,,,0,,,,,0,0,0,0,,,0,,,,,0,0,0,0,,,0,,,,,0,0,0,0,,0,,,,,,0,,0,,,,,,0,,0,,,,,,,,,,,,,,,,,,,,,,,,,,,,,,,0,0,,,,,,,,,,,,,,,,,,,,,,,,,,,,,,,,
9/1/2026,2025,20260576,47559,30919,PEABODY MUNICIPAL LIGHT PLANT,Natural Gas,INTRASTATE,MASSACHUSETTS,0,0,0,0,,,0,,,,,0,0,0,0,,,0,,,,,0,0,0,0,,,0,,,,,0,0,0,0,,,0,,,,,0,0,0,0,,,0,,,,,0,0,0,0,,,0,,,,,0,0,0,0,,,0,,,,,0,0,0,0,,,0,,,,,0,0,0,0,,,0,,,,,0,0,0,0,,,0,,,,,0,0,0,0,,,0,0,0,0,0,0,0,0,0,,,0,0,0,0,0,0,0,0,0,,,0,0,0,0,0,0,0,0,0,,0,,0,0,0,0,0,,0,,,,,,0,,0,0,0,0,0,0,0,0,0,0,0,0,0,0,0,0,0,0,0,0,0,0,0,0,0,0,0,0,0,0,0,0,39,,,,,,,,,,,,,,,,,,,,,,,,,,,,,,,,
9/1/2026,2025,20261189,48202,30930,KNG ENERGY INC,Natural Gas,INTRASTATE,OHIO,0,0,0,0,,,0,,,,,0,0,0,0,,,0,,,,,0,0,0,0,,,0,,,,,0,0,0,0,,,0,,,,,0,0,0,0,,,0,,,,,0,0,0,0,,,0,,,,,0,0,0,0,,,0,,,,,0,0,0,0,,,0,,,,,0,0,0,0,,,0,,,,,0,0,0,0,,,0,,,,,0,0,0,0,,,0,0,0,0,0,0,0,0,0,,,0,0,0,0,0,0,0,0,0,,,0,0,0,0,0,0,0,0,0,,0,,0,0,0,0,0,,0,,,,,,0,,0,,,,,,,,,,,,,,,,,,,,,,,,,,,,,,,0,183,,,,,,,,,,,,,,,,,,,,,,,,,,,,,,,,
9/1/2026,2025,20260215,47173,30941,WESTLAKE PVC CORPORATION,Natural Gas,INTRASTATE,KENTUCKY,0,0,0,0,0,0,0,0,0,0,0,0,0,0,0,0,0,0,0,0,0,0,0,0,0,0,0,0,0,0,0,0,0,0,0,0,0,0,0,0,0,0,0,0,0,0,0,0,0,0,0,0,0,0,0,0,0,0,0,0,0,0,0,0,0,0,0,0,0,0,0,0,0,0,0,0,0,0,0,0,0,0,0,0,0,0,0,0,0,0,0,0,0,0,0,0,0,0,0,0,0,0,0,0,0,0,0,0,0,0,0,0,0,0,0,0,0,0,0,0,0,0,0,0,0,0,0,0,0,0,0,0,0,0,0,0,0,0,0,0,0,0,0,0,0,0,0,0,0,0,0,0,0,0,0,,0,0,0,0,0,0,0,0,0,,,,,,,,,,,,,,,,,,,,,,,,,,,,,,,0,44,,,,,,,,,,,,,,,,,,,,,,,,,,,,,,,0,
9/1/2026,2025,20260060,47013,30944,"MONUMENT CHEMICAL KENTUCKY, LLC",Natural Gas,INTRASTATE,KENTUCKY,0,0,0,0,,,0,,,,,0,0,0,0,,,0,,,,,0,0,0,0,,,0,,,,,0,0,0,0,,,0,,,,,0,0,0,0,,,0,,,,,0,0,0,0,,,0,,,,,0,0,0,0,,,0,,,,,0,0,0,0,,,0,,,,,0,0,0,0,,,0,,,,,0,0,0,0,,,0,,,,,0,0,0,0,,,0,0,0,0,0,0,0,0,0,,,0,0,0,0,0,0,0,0,0,,,0,0,0,0,0,0,0,0,0,,0,,0,0,0,0,0,,0,,,,,,0,,0,0,0,0,0,0,0,0,0,0,0,0,0,0,0,0,0,0,0,0,0,0,0,0,0,0,0,0,0,0,0,0,1007,,,,,,,,,,,,,,,,,,,,,,,,,,,,,,,,
9/1/2026,2025,20261309,48322,30952,PHILLIPS UTILITY GAS CORPORATION,Natural Gas,INTRASTATE,TEXAS,0,0,0,0,0,0,0,0,0,0,0,0,0,0,0,0,0,0,0,0,0,0,0,0,0,0,0,0,0,0,0,0,0,0,0,0,0,0,0,0,0,0,0,0,0,0,0,0,0,0,0,0,0,0,0,0,0,0,0,0,0,0,0,0,0,0,0,0,0,0,0,0,0,0,0,0,0,0,0,0,0,0,0,0,0,0,0,0,0,0,0,0,0,0,0,0,0,0,0,0,0,0,0,0,0,0,0,0,0,0,0,0,0,0,0,0,0,0,0,0,0,0,0,0,0,0,0,0,0,0,0,0,0,0,0,0,0,0,0,0,0,0,0,0,0,0,0,0,0,0,0,0,0,0,0,,0,0,0,0,0,0,0,0,0,0,0,0,0,0,0,0,0,0,0,0,0,0,0,0,0,0,0,0,0,0,0,0,0,0,0,0,0,0,0,0,40,,,,,,,,,,,,,,,,,,,,,,,,,,,,,,,0,
9/1/2026,2025,20260500,47487,30959,"DOW INFRACO, LLC",Hydrogen Gas,INTRASTATE,TEXAS,0,0,0,0,,,0,,,,,0,0,0,0,,,0,,,,,0,0,0,0,,,0,,,,,0,0,0,0,,,0,,,,,0,0,0,0,,,0,,,,,0,0,0,0,,,0,,,,,0,0,0,0,,,0,,,,,0,0,0,0,,,0,,,,,0,0,0,0,,,0,,,,,0,0,0,0,,,0,,,,,0,0,0,0,,,0,,,,,0,0,0,0,,,0,,,,,0,0,0,0,,,0,,,,,0,0,0,0,,0,,,,,,0,,0,,,,,,0,,0,0,0,0,0,0,0,0,0,0,0,0,0,0,0,0,0,0,0,0,0,0,0,0,0,0,0,0,0,0,0,0,0,,,,,,,,,,,,,,,,,,,,,,,,,,,,,,,,
9/1/2026,2025,20260632,48376,30959,"DOW INFRACO, LLC",Other Gas-Ethylene,INTRASTATE,TEXAS,0,0,0,0,,,0,,,,,0,0,0,0,,,0,,,,,0,0,0,0,,,0,,,,,0,0,0,0,,,0,,,,,0,0,0,0,,,0,,,,,0,0,0,0,,,0,,,,,0,0,0,0,,,0,,,,,0,0,0,0,,,0,,,,,0,0,0,0,,,0,,,,,0,0,0,0,,,0,,,,,0,0,0,0,,,0,0,0,0,0,0,0,0,0,,,0,0,0,0,0,0,0,0,0,,,0,0,0,0,0,0,0,0,0,,0,,0,0,0,0,0,,0,,,,,,0,,0,0,0,0,0,0,0,0,0,0,0,0,0,0,0,0,0,0,0,0,0,0,0,0,0,0,0,0,0,0,0,0,0,,,,,,,,,,,,,,,,,,,,,,,,,,,,,,,,
9/1/2026,2025,20260554,47534,30959,"DOW INFRACO, LLC",Other Gas-Fuel Gas,INTRASTATE,TEXAS,0,0,0,0,,,0,,,,,0,0,0,0,,,0,,,,,0,0,0,0,,,0,,,,,0,0,0,0,,,0,,,,,0,0,0,0,,,0,,,,,0,0,0,0,,,0,,,,,0,0,0,0,,,0,,,,,0,0,0,0,,,0,,,,,0,0,0,0,,,0,,,,,0,0,0,0,,,0,,,,,0,0,0,0,,,0,0,0,0,0,0,0,0,0,,,0,0,0,0,0,0,0,0,0,,,0,0,0,0,0,0,0,0,0,,0,,0,0,0,0,0,,0,,,,,,0,,0,0,0,0,0,0,0,0,0,0,0,0,0,0,0,0,0,0,0,0,0,0,0,0,0,0,0,0,0,0,0,0,1469,,,,,,,,,,,,,,,,,,,,,,,,,,,,,,,,
9/1/2026,2025,20260502,47475,30959,"DOW INFRACO, LLC",Other Gas-Off Gas,INTRASTATE,TEXAS,0,0,0,0,,,0,,,,,0,0,0,0,,,0,,,,,0,0,0,0,,,0,,,,,0,0,0,0,,,0,,,,,0,0,0,0,,,0,,,,,0,0,0,0,,,0,,,,,0,0,0,0,,,0,,,,,0,0,0,0,,,0,,,,,0,0,0,0,,,0,,,,,0,0,0,0,,,0,,,,,0,0,0,0,,,0,,,,,0,0,0,0,,,0,,,,,0,0,0,0,,,0,,,,,0,0,0,0,,0,,,,,,0,,0,,,,,,0,,0,0,0,0,0,0,0,0,0,0,0,0,0,0,0,0,0,0,0,0,0,0,0,0,0,0,0,0,0,0,0,0,0,,,,,,,,,,,,,,,,,,,,,,,,,,,,,,,,
9/1/2026,2025,20260503,47476,30959,"DOW INFRACO, LLC",Other Gas-Residual Gas,INTRASTATE,TEXAS,0,0,0,0,,,0,,,,,0,0,0,0,,,0,,,,,0,0,0,0,,,0,,,,,0,0,0,0,,,0,,,,,0,0,0,0,,,0,,,,,0,0,0,0,,,0,,,,,0,0,0,0,,,0,,,,,0,0,0,0,,,0,,,,,0,0,0,0,,,0,,,,,0,0,0,0,,,0,,,,,0,0,0,0,,,0,0,0,0,0,0,0,0,0,,,0,0,0,0,0,0,0,0,0,,,0,0,0,0,0,0,0,0,0,,0,,0,0,0,0,0,,0,,,,,,0,,0,0,0,0,0,0,0,0,0,0,0,0,0,0,0,0,0,0,0,0,0,0,0,0,0,0,0,0,0,0,0,0,0,,,,,,,,,,,,,,,,,,,,,,,,,,,,,,,,
9/1/2026,2025,20260966,47967,30963,"SALTVILLE GAS STORAGE COMPANY, L.L.C.",Natural Gas,INTERSTATE,VIRGINIA,0,0,0,0,,,0,,,,,0,0,0,0,,,0,,,,,0,0,0,0,,,0,,,,,0,0,0,0,,,0,,,,,0,0,0,0,,,0,,,,,0,0,0,2,,,0,,,,,0,0,0,0,,,0,,,,,0,0,0,0,,,0,,,,,0,0,0,0,,,0,,,,,0,0,0,0,,,0,,,,,0,0,0,0,,,0,0,0,0,0,0,0,0,0,,,0,0,0,0,0,0,0,0,0,,,0,0,0,0,0,0,0,0,2,,0,,0,0,0,0,,,,,,,,,,,,,,,,,,,,,,,,,,,,,,,,,,,,,,,,,,0,106,,,,,,,,,,,,,,,,,,,,,,,,,,,,,,,,
9/1/2026,2025,20260088,47042,30965,BULLDOG GAS & POWER LLC,Landfill Gas,INTRASTATE,CALIFORNIA,0,0,0,0,,,0,,,,,0,0,0,0,,,0,,,,,0,0,0,0,,,0,,,,,0,0,0,0,,,0,,,,,0,0,0,0,,,0,,,,,0,0,0,0,,,0,,,,,0,0,0,0,,,0,,,,,0,0,0,0,,,0,,,,,0,0,0,0,,,0,,,,,0,0,0,0,,,0,,,,,0,0,0,0,,,0,0,0,0,0,0,0,0,0,,,0,0,0,0,0,0,0,0,0,,,0,0,0,0,0,0,0,0,0,,0,,0,0,0,0,0,,0,,,,,,0,,0,,,,,,,,,,,,,,,,,,,,,,,,,,,,,,,0,3295,,,,,,,,,,,,,,,,,,,,,,,,,,,,,,,,
9/1/2026,2025,20260480,47447,30984,"BRYAN, CITY OF",Natural Gas,INTRASTATE,TEXAS,0,0,0,0,,,0,,,,,0,0,0,0,,,0,,,,,0,0,0,0,,,0,,,,,0,0,0,0,,,0,,,,,0,0,0,0,,,0,,,,,0,0,0,0,,,0,,,,,0,0,0,0,,,0,,,,,0,0,0,0,,,0,,,,,0,0,0,0,,,0,,,,,0,0,0,0,,,0,,,,,0,0,0,0,,,0,0,0,0,0,0,0,0,0,,,0,0,0,0,0,0,0,0,0,,,0,0,0,0,0,0,0,0,0,,0,,0,0,0,0,0,,0,,,,,,0,,0,,,,,,,,,,,,,,,,,,,,,,,,,,,,,,,0,728,,,,,,,,,,,,,,,,,,,,,,,,,,,,,,,,
9/1/2026,2025,20260994,47997,30994,"HOLLAND, CITY OF - BOARD OF PUBLIC WORKS",Natural Gas,INTRASTATE,MICHIGAN,0,0,0,0,0,0,0,0,0,0,0,0,0,0,0,0,0,0,0,0,0,0,0,0,0,0,0,0,0,0,0,0,0,0,0,0,0,0,0,0,0,0,0,0,0,0,0,0,0,0,0,0,0,0,0,0,0,0,0,0,0,0,0,0,0,0,0,0,0,0,0,0,0,0,0,0,0,0,0,0,0,0,0,0,0,0,0,0,0,0,0,0,0,0,0,0,0,0,0,0,0,0,0,0,0,0,0,0,0,0,0,0,0,0,0,0,0,0,0,0,0,0,0,0,0,0,0,0,0,0,0,0,0,0,0,0,0,0,0,0,0,0,0,0,0,0,0,0,0,0,0,0,0,0,0,,0,0,0,0,0,0,0,0,0,0,0,0,0,0,0,0,0,0,0,0,0,0,0,0,0,0,0,0,0,0,0,0,0,0,0,0,0,0,0,0,199,,,,,,,,,,,,,,,,,,,,,,,,,,,,,,,0,
9/1/2026,2025,20260325,47288,31000,EAST KENTUCKY POWER CORPORATION,Natural Gas,INTRASTATE,KENTUCKY,0,0,0,0,,,0,,,,,0,0,0,0,,,0,,,,,0,0,0,0,,,0,,,,,0,0,0,0,,,0,,,,,0,0,0,0,,,0,,,,,0,0,0,0,,,0,,,,,0,0,0,0,,,0,,,,,0,0,0,0,,,0,,,,,0,0,0,0,,,0,,,,,0,0,0,0,,,0,,,,,0,0,0,0,,,0,,,,,0,0,0,0,,,0,,,,,0,0,0,0,,,0,,,,,0,0,0,0,,0,,,,,,0,,0,,,,,,0,,0,,,,,,,,,,,,,,,,,,,,,,,,,,,,,,,0,0,,,,,,,,,,,,,,,,,,,,,,,,,,,,,,,,
9/1/2026,2025,20261045,48050,31007,ADM CORN PROCESSING DIVISION-NW GAS CONTRACTED,Natural Gas,INTRASTATE,MINNESOTA,0,0,0,0,0,0,0,0,0,0,0,0,0,0,0,0,0,0,0,0,0,0,0,0,0,0,0,0,0,0,0,0,0,0,0,0,0,0,0,0,0,0,0,0,0,0,0,0,0,0,0,0,0,0,0,0,0,0,0,0,0,0,0,0,0,0,0,0,0,0,0,0,0,0,0,0,0,0,0,0,0,0,0,0,0,0,0,0,0,0,0,0,0,0,0,0,0,0,0,0,0,0,0,0,0,0,0,0,0,0,0,0,0,0,0,0,0,0,0,0,0,0,0,0,0,0,0,0,0,0,0,0,0,0,0,0,0,0,0,0,0,0,0,0,0,0,0,0,0,0,0,0,0,0,0,,0,0,0,0,0,0,0,0,0,,,,,,,,,,,,,,,,,,,,,,,,,,,,,,,0,20,,,,,,,,,,,,,,,,,,,,,,,,,,,,,,,0,
9/1/2026,2025,20260322,47282,31023,CITGO REFINING & CHEMICAL CO. L.P.,Hydrogen Gas,INTRASTATE,TEXAS,0,0,0,0,0,0,0,0,0,0,0,0,0,0,0,0,0,0,0,0,0,0,0,0,0,0,0,0,0,0,0,0,0,0,0,0,0,0,0,0,0,0,0,0,0,0,0,0,0,0,0,0,0,0,0,0,0,0,0,0,0,0,0,0,0,0,0,0,0,0,0,0,0,0,0,0,0,0,0,0,0,0,0,0,0,0,0,0,0,0,0,0,0,0,0,0,0,0,0,0,0,0,0,0,0,0,0,0,0,0,0,0,0,0,0,0,0,0,0,0,0,0,0,0,0,0,0,0,0,0,0,0,0,0,0,0,0,0,0,0,0,0,0,0,0,0,0,0,0,0,0,0,0,0,0,,0,0,0,0,0,0,0,0,0,0,0,0,0,0,0,0,0,0,0,0,0,0,0,0,0,0,0,0,0,0,0,0,0,0,0,0,0,0,0,0,1547,,,,,,,,,,,,,,,,,,,,,,,,,,,,,,,0,
9/1/2026,2025,20261154,48167,31024,CENTRA PIPELINE MINNESOTA INC.,Natural Gas,INTERSTATE,MINNESOTA,0,0,0,0,0,0,0,0,0,0,0,0,0,0,0,0,0,0,0,0,0,0,0,0,0,0,0,0,0,0,0,0,0,0,0,0,0,0,0,0,0,0,0,0,0,0,0,0,0,0,0,0,0,0,0,0,0,0,0,0,0,0,0,0,0,0,0,0,0,0,0,0,0,0,0,0,0,0,0,0,0,0,0,0,0,0,0,0,0,0,0,0,0,0,0,0,0,0,0,0,0,0,0,0,0,0,0,0,0,0,0,0,0,0,0,0,0,0,0,0,0,0,0,0,0,0,0,0,0,0,0,0,0,0,0,0,0,0,0,0,0,0,0,0,0,0,0,0,0,0,0,0,0,0,0,,0,0,0,0,0,0,0,0,0,,,,,,,,,,,,,,,,,,,,,,,,,,,,,,,0,128,,,,,,,,,,,,,,,,,,,,,,,,,,,,,,,0,
9/1/2026,2025,20261402,48427,31039,LOCKPORT COGENERATION FACILITY,Natural Gas,INTRASTATE,NEW YORK,0,0,0,0,0,0,0,0,0,0,0,0,0,0,0,0,0,0,0,0,0,0,0,0,0,0,0,0,0,0,0,0,0,0,0,0,0,0,0,0,0,0,0,0,0,0,0,0,0,0,0,0,0,0,0,0,0,0,0,0,0,0,0,0,0,0,0,0,0,0,0,0,0,0,0,0,0,0,0,0,0,0,0,0,0,0,0,0,0,0,0,0,0,0,0,0,0,0,0,0,0,0,0,0,0,0,0,0,0,0,0,0,0,0,0,0,0,0,0,0,0,0,0,0,0,0,0,0,0,0,0,0,0,0,0,0,0,0,0,0,0,0,0,0,0,0,0,0,0,0,0,0,0,0,0,,0,0,0,0,0,0,0,0,0,,,,,,,,,,,,,,,,,,,,,,,,,,,,,,,0,0,,,,,,,,,,,,,,,,,,,,,,,,,,,,,,,0,
9/1/2026,2025,20260173,47129,31044,"LOWER VALLEY ENERGY, INC.",Natural Gas,INTRASTATE,WYOMING,0,0,0,0,,,0,,,,,0,0,0,0,,,0,,,,,0,0,0,0,,,0,,,,,0,0,0,0,,,0,,,,,0,0,0,0,,,0,,,,,0,0,0,0,,,0,,,,,0,0,0,0,,,0,,,,,0,0,0,0,,,0,,,,,0,0,0,0,,,0,,,,,0,0,0,0,,,0,,,,,0,0,0,0,,,0,0,0,0,0,0,0,0,0,,,0,0,0,0,0,0,0,0,0,,,0,0,0,0,0,0,0,0,0,,0,,0,0,0,0,0,,0,,,,,,0,,0,,,,,,,,,,,,,,,,,,,,,,,,,,,,,,,0,0,,,,,,,,,,,,,,,,,,,,,,,,,,,,,,,0,
9/1/2026,2025,20260438,47404,31067,AERA ENERGY LLC,Natural Gas,INTRASTATE,CALIFORNIA,0,0,0,0,0,0,0,0,0,0,0,0,0,0,0,0,0,0,0,0,0,0,0,0,0,0,0,0,0,0,0,0,0,0,0,0,0,0,0,0,0,0,0,0,0,0,0,0,0,0,0,0,0,0,0,0,0,0,0,0,0,0,0,0,0,0,0,0,0,0,0,0,0,0,0,0,0,0,0,0,0,0,0,0,0,0,0,0,0,0,0,0,0,0,0,0,0,0,0,0,0,0,0,0,0,0,0,0,0,0,0,0,0,0,0,0,0,0,0,0,0,0,0,0,0,0,0,0,0,0,0,0,0,0,0,0,0,0,0,0,0,0,0,0,0,0,0,0,0,0,0,0,0,0,0,0,0,0,0,0,0,0,0,0,0,,,,,,,,,,,,,,,,,,,,,,,,,,,,,,,0,0,,,,,,,,,,,,,,,,,,,,,,,,,,,,,,,0,0
9/1/2026,2025,20260287,47245,31075,E&B NATURAL RESOURCES MANAGEMENT CORP,Natural Gas,INTRASTATE,CALIFORNIA,0,0,0,0,0,0,0,0,0,0,0,0,0,0,0,0,0,0,0,0,0,0,0,0,0,0,0,0,0,0,0,0,0,0,0,0,0,0,0,0,0,0,0,0,0,0,0,0,0,0,0,0,0,0,0,0,0,0,0,0,0,0,0,0,0,0,0,0,0,0,0,0,0,0,0,0,0,0,0,0,0,0,0,0,0,0,0,0,0,0,0,0,0,0,0,0,0,0,0,0,0,0,0,0,0,0,0,0,0,0,0,0,0,0,0,0,0,0,0,0,0,0,0,0,0,0,0,0,0,0,0,0,0,0,0,0,0,0,0,0,0,0,0,0,0,0,0,0,0,0,0,0,0,0,0,0,0,0,0,0,0,0,0,0,0,0,0,0,0,0,0,0,0,0,0,0,0,0,0,0,0,0,0,0,0,0,0,0,0,0,0,0,0,0,0,0,0,0,0,0,0,0,0,0,0,0,0,0,0,0,0,0,0,0,0,0,0,0,0,0,0,0,0,0,0,0,0,0,0
9/1/2026,2025,20260981,47984,31088,"DESTIN PIPELINE COMPANY, LLC",Natural Gas,INTERSTATE,ALABAMA,0,0,0,0,0,0,0,0,0,0,0,0,0,0,0,0,0,0,0,0,0,0,0,0,0,0,0,0,0,0,0,0,0,0,0,0,0,0,0,0,0,0,0,0,0,0,0,0,0,0,0,0,0,0,0,0,0,0,0,0,0,0,0,0,0,0,0,0,0,0,0,0,0,0,0,0,0,0,0,0,0,0,0,0,0,0,0,0,0,0,0,0,0,0,0,0,0,0,0,0,0,0,0,0,0,0,0,0,0,0,0,0,0,0,0,0,0,0,0,0,0,0,0,0,0,0,0,0,0,0,0,0,0,0,0,0,0,0,0,0,0,0,0,0,0,0,0,0,0,0,0,0,0,0,0,0,0,0,0,0,0,0,0,0,0,0,0,0,0,0,0,0,0,0,0,0,0,0,0,0,0,0,0,0,0,0,0,0,0,0,0,0,0,0,0,0,0,0,0,0,0,0,0,0,0,0,0,0,0,0,0,0,0,0,0,0,0,0,0,0,0,0,0,0,0,0,0,0,0
9/1/2026,2025,20260981,47984,31088,"DESTIN PIPELINE COMPANY, LLC",Natural Gas,INTERSTATE,MISSISSIPPI,0,0,0,0,0,0,0,0,0,0,0,0,0,0,0,0,0,0,0,0,0,0,0,0,0,0,0,0,0,0,0,0,0,0,0,0,0,0,0,0,0,0,0,0,0,0,0,0,0,0,0,0,0,0,0,0,0,0,0,0,0,0,0,0,0,0,0,0,0,0,0,0,0,0,0,0,0,0,0,0,0,0,0,0,0,0,0,0,0,0,0,0,0,0,0,0,0,0,0,0,0,0,0,0,0,0,0,0,0,0,0,0,0,0,0,0,0,0,0,0,0,0,0,0,0,0,0,0,0,0,0,0,0,0,0,0,0,0,0,0,0,0,0,0,0,0,0,0,0,0,0,0,0,0,0,0,0,0,0,0,0,0,0,0,0,0,0,0,0,0,0,0,0,0,0,0,0,0,0,0,0,0,0,0,0,0,0,0,0,0,0,0,0,0,0,0,0,0,0,0,0,0,0,0,0,0,0,0,0,0,0,0,0,0,0,0,0,0,0,0,0,0,0,0,0,0,0,0,0
9/1/2026,2025,20260981,47984,31088,"DESTIN PIPELINE COMPANY, LLC",Natural Gas,INTERSTATE,OCS-Gulf of America,0,0,0,0,0,0,0,0,0,0,0,0,0,0,0,0,0,0,0,0,0,0,0,0,0,0,0,0,0,0,0,0,0,0,0,0,0,0,0,0,0,0,0,0,0,0,0,0,0,0,0,0,0,0,0,0,0,0,0,0,0,0,0,0,0,0,0,0,0,0,0,0,0,0,0,0,0,0,0,0,0,0,0,0,0,0,0,0,0,0,0,0,0,0,0,0,0,0,0,0,0,0,0,0,0,0,0,0,0,0,0,0,0,0,0,0,0,0,0,0,0,0,0,0,0,0,0,0,0,0,0,0,0,0,0,0,0,0,0,0,0,0,0,0,0,0,0,0,0,0,0,0,0,0,0,0,0,0,0,0,0,0,0,0,0,0,0,0,0,0,0,0,0,0,0,0,0,0,0,0,0,0,0,0,0,0,0,0,0,0,0,0,0,0,0,0,0,0,0,0,0,0,0,0,0,0,0,0,0,0,0,0,0,0,0,0,0,0,0,0,0,0,0,0,0,0,0,0,0
9/1/2026,2025,20260026,46966,31093,CITY OF FOSSTON MUNICIPAL GAS,Other Gas-Methane,INTRASTATE,MINNESOTA,0,0,0,0,,,0,,,,,0,0,0,0,,,0,,,,,0,0,0,0,,,0,,,,,0,0,0,0,,,0,,,,,0,0,0,0,,,0,,,,,0,0,0,0,,,0,,,,,0,0,0,0,,,0,,,,,0,0,0,0,,,0,,,,,0,0,0,0,,,0,,,,,0,0,0,0,,,0,,,,,0,0,0,0,,,0,0,0,0,0,0,0,0,0,,,0,0,0,0,0,0,0,0,0,,,0,0,0,0,0,0,0,0,0,,0,,0,0,0,0,0,,0,,,,,,0,,0,,,,,,,,,,,,,,,,,,,,,,,,,,,,,,,0,178,,,,,,,,,,,,,,,,,,,,,,,,,,,,,,,,
9/1/2026,2025,20260255,47213,31096,GEORGIA-PACIFIC CONSUMER OPERATIONS LLC,Natural Gas,INTRASTATE,WASHINGTON,0,0,0,0,0,0,0,0,0,0,0,0,0,0,0,0,0,0,0,0,0,0,0,0,0,0,0,0,0,0,0,0,0,0,0,0,0,0,0,0,0,0,0,0,0,0,0,0,0,0,0,0,0,0,0,0,0,0,0,0,0,0,0,0,0,0,0,0,0,0,0,0,0,0,0,0,0,0,0,0,0,0,0,0,0,0,0,0,0,0,0,0,0,0,0,0,0,0,0,0,0,0,0,0,0,0,0,0,0,0,0,0,0,0,0,0,0,0,0,0,0,0,0,0,0,0,0,0,0,0,0,0,0,0,0,0,0,0,0,0,0,0,0,0,0,0,0,0,0,0,0,0,0,0,0,,0,0,0,0,0,0,0,0,0,0,0,0,0,0,0,0,0,0,0,0,0,0,0,0,0,0,0,0,0,0,0,0,0,0,0,0,0,0,0,0,12,,,,,,,,,,,,,,,,,,,,,,,,,,,,,,,0,
9/1/2026,2025,20260266,47224,31100,DANISCO CULTOR USA INC,Natural Gas,INTRASTATE,KANSAS,0,0,0,0,,,0,,,,,0,0,0,0,,,0,,,,,0,0,0,0,,,0,,,,,0,0,0,0,,,0,,,,,0,0,0,0,,,0,,,,,0,0,0,0,,,0,,,,,0,0,0,0,,,0,,,,,0,0,0,0,,,0,,,,,0,0,0,0,,,0,,,,,0,0,0,0,,,0,,,,,0,0,0,0,,,0,0,0,0,0,0,0,0,0,,,0,0,0,0,0,0,0,0,0,,,0,0,0,0,0,0,0,0,0,,0,,0,0,0,0,0,,0,,,,,,0,,0,,,,,,,,,,,,,,,,,,,,,,,,,,,,,,,0,109,,,,,,,,,,,,,,,,,,,,,,,,,,,,,,,,
9/1/2026,2025,20260007,46947,31106,MERRION OIL AND GAS,Natural Gas,INTRASTATE,NEW MEXICO,,0,,,,,,0,0,0,,,0,,,,,,0,0,0,,,0,,,,,,0,0,0,,,0,,,,,,0,0,0,,,0,,,,,,0,0,0,,,0,,,,,,0,0,0,,,0,,,,,,0,0,0,,,0,,,,,,0,0,0,,,0,,,,,,0,0,0,,,0,,,,,,0,0,0,,,0,,,,,,0,0,0,,,0,,,,,,0,0,0,,,0,,,,,,0,0,0,,,0,,,,,,0,0,0,,,0,,,0,0,0,,,0,0,,,,,,,,,,,,,,,,,,,,,,,,,,,,,,,,,,,,,,,,,,,,,,,,,,,,,,,,,,,,,,,0,0
9/1/2026,2025,20260019,46959,31108,"ROYAL PRODUCTION CO., INC.",Natural Gas,INTRASTATE,TEXAS,,0,,,,,,0,,,,,0,,,,,,0,,,,,0,,,,,,0,,,,,0,,,,,,0,,,,,0,,,,,,0,,,,,0,,,,,,0,,,,,0,,,,,,0,,,,,0,,,,,,0,,,,,0,,,,,,0,,,,,0,,,,,,0,,,,,0,,,,,,0,,,,,0,,,,,,0,,,,,0,,,,,,0,,,,,0,,,,,,0,,,,,0,,,0,,,,,0,0,,,,,,,,,,,,,,,,,,,,,,,,,,,,,,,,,,,,,,,,,,,,,,,,,,,,,,,,,,,,,,,0,0
9/1/2026,2025,20260679,47664,31130,"DCP MIDSTREAM, LP",Natural Gas,INTERSTATE,KANSAS,0,0,0,0,0,0,0,0,0,0,0,0,0,0,0,0,0,0,0,0,0,0,0,0,0,0,0,0,0,0,0,0,0,0,0,0,0,0,0,0,0,0,0,0,0,0,0,0,0,0,0,0,0,0,0,0,0,0,0,0,0,0,0,0,0,0,0,0,0,0,0,0,0,0,0,0,0,0,0,0,0,0,0,0,0,0,0,0,0,0,0,0,0,0,0,0,0,0,0,0,0,0,0,0,0,0,0,0,0,0,0,0,0,0,0,0,0,0,0,0,0,0,0,0,0,0,0,0,0,0,0,0,0,0,0,0,0,0,0,0,0,0,0,0,0,0,0,0,0,0,0,0,0,0,0,,0,0,0,0,0,0,0,0,0,0,0,0,0,0,0,0,0,0,0,,0,0,0,0,0,0,0,0,0,0,0,0,0,0,0,0,0,0,0,0,38,,,,,,,,,,,,,,,,,,,,,,,,,,,,,,,,
9/1/2026,2025,20260679,47664,31130,"DCP MIDSTREAM, LP",Natural Gas,INTERSTATE,OKLAHOMA,0,0,0,0,0,0,0,0,0,0,0,0,0,0,0,0,0,0,0,0,0,0,0,0,0,0,0,0,0,0,0,0,0,0,0,0,0,0,0,0,0,0,0,0,0,0,0,0,0,0,0,0,0,0,0,0,0,0,0,0,0,0,0,0,0,0,0,0,0,0,0,0,0,0,0,0,0,0,0,0,0,0,0,0,0,0,0,0,0,0,0,0,0,0,0,0,0,0,0,0,0,0,0,0,0,0,0,0,0,0,0,0,0,0,0,0,0,0,0,0,0,0,0,0,0,0,0,0,0,0,0,0,0,0,0,0,0,0,0,0,0,0,0,0,0,0,0,0,0,0,0,0,0,0,0,,0,0,0,0,0,0,0,0,0,0,0,0,0,0,0,0,0,0,0,0,0,0,0,0,0,0,0,0,0,0,0,0,0,0,0,0,0,0,0,0,109,,,,,,,,,,,,,,,,,,,,,,,,,,,,,,,0,
9/1/2026,2025,20260679,47664,31130,"DCP MIDSTREAM, LP",Natural Gas,INTRASTATE,COLORADO,0,0,0,0,,,0,0,0,0,,0,0,0,0,,,0,0,1,0,,0,0,0,0,,,0,0,0,0,,0,0,0,0,,,0,0,0,0,,0,0,0,0,,,0,0,0,0,,0,0,0,0,,,0,0,0,0,,0,0,0,0,,,0,0,0,0,,0,0,0,0,,,0,0,0,0,,0,0,0,0,,,0,0,0,0,,0,0,0,0,,,0,0,0,0,,0,0,0,0,,,0,0,0,0,,0,0,0,0,,,0,0,0,0,,0,0,0,0,,,0,0,0,0,,0,0,0,0,,0,,0,1,0,,0,0,0,,0,0,0,,0,0,0,0,0,0,0,0,0,0,0,0,0,0,0,0,0,0,0,0,0,0,0,0,0,0,0,0,0,0,0,0,0,0,764,0,0,0,0,0,0,0,0,0,0,0,0,0,0,0,0,0,0,0,0,0,0,0,0,0,0,0,0,0,0,0,21787
9/1/2026,2025,20260679,47664,31130,"DCP MIDSTREAM, LP",Natural Gas,INTRASTATE,KANSAS,0,0,0,0,0,0,0,0,0,0,0,0,0,0,0,0,0,0,0,0,2,0,0,0,0,0,0,0,0,0,0,0,0,0,0,0,0,0,0,0,0,0,0,0,0,0,0,0,0,0,0,0,0,0,0,0,0,0,0,0,0,0,0,0,0,0,0,0,0,0,0,0,0,0,0,0,0,0,0,0,0,0,0,0,0,0,0,0,0,0,0,0,0,0,0,0,0,0,0,0,0,0,0,0,0,0,0,0,0,0,0,0,0,0,0,0,0,0,0,0,0,0,0,0,0,0,0,0,0,0,0,0,0,0,0,0,0,0,0,0,0,0,0,0,0,0,0,0,0,0,0,0,2,0,,0,,,0,0,0,,,0,0,,,,,,,,,,,,,,,,,,,,,,,,,,,,,,,,,0,0,0,0,0,0,0,0,0,0,0,0,0,0,0,0,0,0,0,0,0,0,0,0,0,0,0,0,0,0,0,51
9/1/2026,2025,20260679,47664,31130,"DCP MIDSTREAM, LP",Natural Gas,INTRASTATE,MICHIGAN,0,0,0,0,0,0,0,0,0,0,0,0,0,0,0,0,0,0,0,0,0,0,0,0,0,0,0,0,0,0,0,0,0,0,0,0,0,0,0,0,0,0,0,0,0,0,0,0,0,0,0,0,0,0,0,1,0,0,0,0,0,0,0,0,0,0,0,0,0,0,0,0,0,0,0,0,0,0,0,0,0,0,0,0,0,0,0,0,0,0,0,0,0,0,0,0,0,0,0,0,0,0,0,0,0,0,0,0,0,0,0,0,0,0,0,0,0,0,0,0,0,0,0,0,0,0,0,0,0,0,0,0,0,0,0,0,0,0,0,0,0,0,0,1,0,0,0,0,0,0,0,0,0,0,0,0,0,0,0,0,0,0,0,0,0,0,0,0,0,0,0,0,0,0,0,0,0,0,0,0,0,0,0,0,0,0,0,0,0,0,0,0,0,0,0,0,320,0,0,0,0,0,0,0,0,0,0,0,0,0,0,0,0,0,0,0,0,0,0,0,0,0,0,0,0,0,0,0,734
9/1/2026,2025,20260679,47664,31130,"DCP MIDSTREAM, LP",Natural Gas,INTRASTATE,NEW MEXICO,0,0,0,0,0,0,0,0,0,2,0,0,0,0,0,0,0,0,0,0,8,0,0,0,0,0,0,0,0,0,0,0,0,0,0,0,0,0,0,0,0,0,0,0,0,0,0,0,0,0,0,0,0,0,0,0,0,0,0,0,0,0,0,0,0,0,0,0,0,0,0,0,0,0,0,0,0,0,0,0,0,0,0,0,0,0,0,0,0,0,0,0,0,0,0,0,0,0,0,0,0,0,0,0,0,0,0,0,0,0,0,0,0,0,0,0,0,1,0,0,0,0,0,0,0,0,0,0,0,0,0,0,0,0,0,0,0,0,0,0,0,0,0,0,0,0,0,0,0,0,1,0,10,0,,0,0,0,0,0,0,0,0,0,0,,,,,,,,,,,,,,,,,,,,,,,,,,,,,,,0,,0,0,0,0,0,0,0,0,0,0,0,0,0,0,0,0,0,0,0,0,0,0,0,0,0,0,0,0,0,0,0,3553
9/1/2026,2025,20260679,47664,31130,"DCP MIDSTREAM, LP",Natural Gas,INTRASTATE,OKLAHOMA,0,0,0,0,0,0,0,0,0,0,0,0,0,0,0,0,0,0,0,1,33,0,0,0,0,0,0,0,0,0,0,0,0,0,0,0,0,0,0,0,0,0,0,0,0,0,0,0,0,0,0,0,0,0,0,0,0,0,0,0,0,0,0,0,0,0,0,0,0,0,0,0,0,0,0,0,0,0,0,0,0,0,0,0,0,0,0,0,0,0,0,0,0,0,0,0,0,0,0,0,0,0,0,0,0,0,0,0,0,0,0,0,0,0,0,0,0,0,0,0,0,0,0,0,0,0,0,0,0,0,0,0,0,0,0,0,0,0,0,0,0,0,0,0,0,0,0,0,0,0,0,1,33,0,0,0,0,0,0,0,0,0,0,0,0,0,0,0,0,0,0,0,0,0,0,0,0,0,0,0,0,0,0,0,0,0,0,0,0,0,0,0,0,0,0,0,141,1,0,0,0,0,1,0,0,0,0,0,0,0,0,0,0,0,0,0,0,0,0,0,0,0,0,0,0,0,0,1,5512
9/1/2026,2025,20260679,47664,31130,"DCP MIDSTREAM, LP",Natural Gas,INTRASTATE,TEXAS,0,0,0,0,,,0,0,0,1,,0,0,0,0,,,0,0,2,10,,0,0,0,0,,,0,0,0,0,,0,0,0,0,,,0,0,0,0,,0,0,0,0,,,0,0,0,0,,0,0,0,0,,,0,0,0,0,,0,0,0,0,,,0,0,0,0,,0,0,0,0,,,0,0,0,1,,0,0,0,0,,,0,0,0,0,,0,0,0,0,,,0,0,0,0,,0,0,0,0,,,0,0,0,0,,0,0,0,0,,,0,0,0,0,,0,0,0,0,,,0,0,0,0,,0,0,0,0,,0,,0,2,12,,0,0,0,,0,0,0,,0,0,0,0,0,0,0,0,0,0,0,0,0,0,0,0,0,0,0,0,0,0,0,0,0,0,0,0,0,0,0,0,0,0,910,0,0,0,0,0,0,0,1,0,0,0,1,2,0,0,0,0,0,0,0,0,0,0,0,0,0,0,0,0,0,2,10214
9/1/2026,2025,20261361,48374,31142,NORTH SLOPE BOROUGH ENERGY MANAGEMENT,Natural Gas,INTRASTATE,ALASKA,0,0,0,0,,,0,,,,,0,0,0,0,,,0,,,,,0,0,0,0,,,0,,,,,0,0,0,0,,,0,,,,,0,0,0,0,,,0,,,,,0,0,0,0,,,0,,,,,0,0,0,0,,,0,,,,,0,0,0,0,,,0,,,,,0,0,0,0,,,0,,,,,0,0,0,0,,,0,,,,,0,0,0,0,,,0,0,0,0,0,0,0,0,0,,,0,0,0,0,0,0,0,0,0,,,0,0,0,0,0,0,0,0,0,,0,,0,0,0,0,0,,0,,,,,,0,,0,,,,,,,,,,,,,,,,,,,,,,,,,,,,,,,0,0,,,,,,,,,,,,,,,,,,,,,,,,,,,,,,,,
9/1/2026,2025,20260968,47969,31145,PORTLAND NATURAL GAS TRANSMISSION SYSTEM,Natural Gas,INTERSTATE,MAINE,0,0,0,0,,,0,,,,,0,0,0,0,,,0,,,,,0,0,0,0,,,0,,,,,0,0,0,0,,,0,,,,,0,0,0,0,,,0,,,,,0,0,0,0,,,0,,,,,0,0,0,0,,,0,,,,,0,0,0,0,,,0,,,,,0,0,0,0,,,0,,,,,0,0,0,0,,,0,,,,,0,0,0,0,,,0,0,0,0,0,0,0,0,0,,,0,0,0,0,0,0,0,0,0,,,0,0,0,0,0,0,0,0,0,,0,,0,0,0,0,0,,0,,,,,,0,,0,0,0,0,0,0,0,0,0,0,0,0,0,0,0,0,0,0,0,0,0,0,0,0,0,0,0,0,0,0,0,0,648,,,,,,,,,,,,,,,,,,,,,,,,,,,,,,,,
9/1/2026,2025,20260968,47969,31145,PORTLAND NATURAL GAS TRANSMISSION SYSTEM,Natural Gas,INTERSTATE,NEW HAMPSHIRE,0,0,0,0,,,0,,,,,0,0,0,0,,,0,,,,,0,0,0,0,,,0,,,,,0,0,0,0,,,0,,,,,0,0,0,0,,,0,,,,,0,0,0,0,,,0,,,,,0,0,0,0,,,0,,,,,0,0,0,0,,,0,,,,,0,0,0,0,,,0,,,,,0,0,0,0,,,0,,,,,0,0,0,0,,,0,0,0,0,0,0,0,0,0,,,0,0,0,0,0,0,0,0,0,,,0,0,0,0,0,0,0,0,0,,0,,0,0,0,0,0,,0,,,,,,0,,0,0,0,0,0,0,0,0,0,0,0,0,0,0,0,0,0,0,0,0,0,0,0,0,0,0,0,0,0,0,0,0,836,,,,,,,,,,,,,,,,,,,,,,,,,,,,,,,,
9/1/2026,2025,20260968,47969,31145,PORTLAND NATURAL GAS TRANSMISSION SYSTEM,Natural Gas,INTERSTATE,VERMONT,0,0,0,0,,,0,,,,,0,0,0,0,,,0,,,,,0,0,0,0,,,0,,,,,0,0,0,0,,,0,,,,,0,0,0,0,,,0,,,,,0,0,0,0,,,0,,,,,0,0,0,0,,,0,,,,,0,0,0,0,,,0,,,,,0,0,0,0,,,0,,,,,0,0,0,0,,,0,,,,,0,0,0,0,,,0,0,0,0,0,0,0,0,0,,,0,0,0,0,0,0,0,0,0,,,0,0,0,0,0,0,0,0,0,,0,,0,0,0,0,0,,0,,,,,,0,,0,0,0,0,0,0,0,0,0,0,0,0,0,0,0,0,0,0,0,0,0,0,0,0,0,0,0,0,0,0,0,0,12,,,,,,,,,,,,,,,,,,,,,,,,,,,,,,,,
9/1/2026,2025,20260550,47530,31159,"KANSAS GAS SERVICE COMPANY, A DIVISION OF ONE GAS, INC.",Natural Gas,INTRASTATE,KANSAS,0,0,0,0,,,0,,,,,0,0,0,0,,,0,,,,,0,0,0,0,,,0,,,,,0,0,0,0,,,0,,,,,0,0,0,0,,,0,,,,,0,0,0,1,,,0,,,,,0,0,0,0,,,0,,,,,0,0,0,0,,,0,,,,,0,0,0,0,,,0,,,,,0,0,0,0,,,0,,,,,0,0,0,0,,,0,,,,0,0,0,0,0,,,0,,,,0,0,0,0,0,,,0,,,,0,0,0,0,1,,0,,,,,0,0,,0,,,,,,0,,0,0,0,0,0,0,0,0,0,0,0,0,0,0,0,0,0,0,0,0,0,0,0,0,0,0,0,0,0,0,0,0,1254,,,,,,,,,,,,,,,,,,,,,,,,,,,,,,,,
9/1/2026,2025,20260798,47791,31178,XTO ENERGY INC,Natural Gas,INTRASTATE,LOUISIANA,0,0,0,0,0,0,0,0,0,0,0,0,0,0,0,0,0,0,0,0,0,0,0,0,0,0,0,0,0,0,0,0,0,0,0,0,0,0,0,0,0,0,0,0,0,0,0,0,0,0,0,0,0,0,0,0,0,0,0,0,0,0,0,0,0,0,0,0,0,0,0,0,0,0,0,0,0,0,0,0,0,0,0,0,0,0,0,0,0,0,0,0,0,0,0,0,0,0,0,0,0,0,0,0,0,0,0,0,0,0,0,0,0,0,0,0,0,0,0,0,0,0,0,0,0,0,0,0,0,0,0,0,0,0,0,0,0,0,0,0,0,0,0,0,0,0,0,0,0,0,0,0,0,0,,0,0,0,0,0,0,0,0,0,0,,,,,,,,,,,,,,,,,,,,,,,,,,,,,,,0,,0,0,0,0,0,0,0,0,0,0,0,0,0,0,0,0,0,0,0,0,0,0,0,0,0,0,0,0,0,0,0,325
9/1/2026,2025,20260798,47791,31178,XTO ENERGY INC,Natural Gas,INTRASTATE,NEW MEXICO,,0,,,,,,0,0,0,,,0,,,,,,0,0,0,,,0,,,,,,0,0,0,,,0,,,,,,0,0,0,,,0,,,,,,0,0,0,,,0,,,,,,0,0,0,,,0,,,,,,0,0,0,,,0,,,,,,0,0,0,,,0,,,,,,0,0,0,,,0,,,,,,0,0,0,,,0,,,,,,0,0,0,,,0,,,,,,0,0,0,,,0,,,,,,0,0,0,,,0,,,,,,0,0,0,,,0,,,0,0,0,,,0,0,,,,,,,,,,,,,,,,,,,,,,,,,,,,,,,,,0,0,0,0,0,0,0,0,0,0,0,0,0,0,0,0,0,0,0,0,0,0,0,0,0,0,0,0,0,0,0,8550
9/1/2026,2025,20260798,47791,31178,XTO ENERGY INC,Natural Gas,INTRASTATE,OKLAHOMA,0,0,0,0,0,0,0,0,0,0,0,0,0,0,0,0,0,0,0,0,0,0,0,0,0,0,0,0,0,0,0,0,0,0,0,0,0,0,0,0,0,0,0,0,0,0,0,0,0,0,0,0,0,0,0,0,0,0,0,0,0,0,0,0,0,0,0,0,0,0,0,0,0,0,0,0,0,0,0,0,0,0,0,0,0,0,0,0,0,0,0,0,0,0,0,0,0,0,0,0,0,0,0,0,0,0,0,0,0,0,0,0,0,0,0,0,0,0,0,0,0,0,0,0,0,0,0,0,0,0,0,0,0,0,0,0,0,0,0,0,0,0,0,0,0,0,0,0,0,0,0,0,0,0,,0,0,0,0,0,0,0,0,0,0,,,,,,,,,,,,,,,,,,,,,,,,,,,,,,,0,,0,0,0,0,0,0,0,0,0,0,0,0,0,0,0,0,0,0,0,0,0,0,0,0,0,0,0,0,0,0,0,1365
9/1/2026,2025,20260798,47791,31178,XTO ENERGY INC,Natural Gas,INTRASTATE,PENNSYLVANIA,0,0,0,0,0,0,0,0,0,0,0,0,0,0,0,0,0,0,0,0,0,0,0,0,0,0,0,0,0,0,0,0,0,0,0,0,0,0,0,0,0,0,0,0,0,0,0,0,0,0,0,0,0,0,0,0,0,0,0,0,0,0,0,0,0,0,0,0,0,0,0,0,0,0,0,0,0,0,0,0,0,0,0,0,0,0,0,0,0,0,0,0,0,0,0,0,0,0,0,0,0,0,0,0,0,0,0,0,0,0,0,0,0,0,0,0,0,0,0,0,0,0,0,0,0,0,0,0,0,0,0,0,0,0,0,0,0,0,0,0,0,0,0,0,0,0,0,0,0,0,0,0,0,0,,0,0,0,0,0,0,0,0,0,0,,,,,,,,,,,,,,,,,,,,,,,,,,,,,,,0,,0,0,0,0,0,0,0,0,0,0,0,0,0,0,0,0,0,0,0,0,0,0,0,0,0,0,0,0,0,0,0,884
9/1/2026,2025,20260798,47791,31178,XTO ENERGY INC,Natural Gas,INTRASTATE,TEXAS,0,0,0,0,0,0,0,0,0,0,0,0,0,0,0,0,0,0,0,0,0,0,0,0,0,0,0,0,0,0,0,0,0,0,0,0,0,0,0,0,0,0,0,0,0,0,0,0,0,0,0,0,0,0,0,0,0,0,0,0,0,0,0,0,0,0,0,0,0,0,0,0,0,0,0,0,0,0,0,0,0,0,0,0,0,0,0,0,0,0,0,0,0,0,0,0,0,0,0,0,0,0,0,0,0,0,0,0,0,0,0,0,0,0,0,0,0,0,0,0,0,0,0,0,0,0,0,0,0,0,0,0,0,0,0,0,0,0,0,0,0,0,0,0,0,0,0,0,0,0,0,0,0,0,,0,0,0,0,0,0,0,0,0,0,,,,,,,,,,,,,,,,,,,,,,,,,,,,,,,0,,0,0,0,0,0,0,0,0,0,0,0,0,0,0,0,0,0,0,0,0,0,0,0,0,0,0,0,0,0,0,0,49330
9/1/2026,2025,20260752,47740,31199,ALLIANCE PIPELINE L.P.,Natural Gas,INTERSTATE,ILLINOIS,0,0,0,0,,,0,,,,,0,0,0,0,,,0,,,,,0,0,0,0,,,0,,,,,0,0,0,0,,,0,,,,,0,0,0,0,,,0,,,,,0,0,0,0,,,0,,,,,0,0,0,0,,,0,,,,,0,0,0,0,,,0,,,,,0,0,0,0,,,0,,,,,0,0,0,0,,,0,,,,,0,0,0,0,,,0,,,,,0,0,0,0,,,0,,,,,0,0,0,0,,,0,,,,,0,0,0,0,,0,,,,,,0,,0,,,,,,0,,0,,,,,,,,,,,,,,,,,,,,,,,,,,,,,,,0,1200,,,,,,,,,,,,,,,,,,,,,,,,,,,,,,,,
9/1/2026,2025,20260752,47740,31199,ALLIANCE PIPELINE L.P.,Natural Gas,INTERSTATE,IOWA,0,0,0,0,,,0,,,,,0,0,0,0,,,0,,,,,0,0,0,0,,,0,,,,,0,0,0,0,,,0,,,,,0,0,0,0,,,0,,,,,0,0,0,1,,,0,,,,,0,0,0,0,,,0,,,,,0,0,0,0,,,0,,,,,0,0,0,0,,,0,,,,,0,0,0,0,,,0,,,,,0,0,0,0,,,0,0,0,0,0,0,0,0,0,,,0,0,0,0,0,0,0,0,0,,,0,0,0,0,0,0,0,0,1,,0,,0,0,0,0,0,,0,,,,,,0,,0,,,,,,,,,,,,,,,,,,,,,,,,,,,,,,,0,477,,,,,,,,,,,,,,,,,,,,,,,,,,,,,,,,
9/1/2026,2025,20260752,47740,31199,ALLIANCE PIPELINE L.P.,Natural Gas,INTERSTATE,MINNESOTA,0,0,0,0,,,0,,,,,0,0,0,0,,,0,,,,,0,0,0,0,,,0,,,,,0,0,0,0,,,0,,,,,0,0,0,0,,,0,,,,,0,0,0,0,,,0,,,,,0,0,0,0,,,0,,,,,0,0,0,0,,,0,,,,,0,0,0,0,,,0,,,,,0,0,0,0,,,0,,,,,0,0,0,0,,,0,0,0,0,0,0,0,0,0,,,0,0,0,0,0,0,0,0,0,,,0,0,0,0,0,0,0,0,0,,0,,0,0,0,0,0,,0,,,,,,0,,0,,,,,,,,,,,,,,,,,,,,,,,,,,,,,,,0,1083,,,,,,,,,,,,,,,,,,,,,,,,,,,,,,,,
9/1/2026,2025,20260752,47740,31199,ALLIANCE PIPELINE L.P.,Natural Gas,INTERSTATE,NORTH DAKOTA,0,0,0,0,,,0,,,,,0,0,0,0,,,0,,,,,0,0,0,0,,,0,,,,,0,0,0,0,,,0,,,,,0,0,0,0,,,0,,,,,0,0,0,0,,,0,,,,,0,0,0,0,,,0,,,,,0,0,0,0,,,0,,,,,0,0,0,0,,,0,,,,,0,0,0,0,,,0,,,,,0,0,0,0,,,0,0,0,0,0,0,0,0,0,,,0,0,0,0,0,0,0,0,0,,,0,0,0,0,0,0,0,0,0,,0,,0,0,0,0,0,,0,,,,,,0,,0,,,,,,,,,,,,,,,,,,,,,,,,,,,,,,,0,447,,,,,,,,,,,,,,,,,,,,,,,,,,,,,,,0,
9/1/2026,2025,20260637,47622,31223,DISCOVERY GAS TRANSMISSION LLC,Natural Gas,INTERSTATE,LOUISIANA,0,0,0,0,0,0,0,0,0,0,0,0,0,0,0,0,0,0,0,0,0,0,0,0,0,0,0,0,0,0,0,0,0,0,0,0,0,0,0,0,0,0,0,0,0,0,0,0,0,0,0,0,0,0,0,0,0,0,1,0,0,0,0,0,0,0,0,0,0,0,0,0,0,0,0,0,0,0,0,0,0,0,0,0,0,0,0,0,0,0,0,0,0,0,0,0,0,0,0,0,0,0,0,0,0,0,0,0,0,0,0,0,0,0,0,0,0,0,0,0,0,0,0,0,0,0,0,0,0,0,0,0,0,0,0,0,0,0,0,0,0,0,0,0,0,0,1,0,0,0,0,0,0,0,0,0,0,0,0,0,0,0,0,0,0,,,,,,,,,,,,,,,,,,,,,,,,,,,,,,,0,297,,,,,,,,,,,,,,,,,,,,,,,,,,,,,,,0,0
9/1/2026,2025,20260637,47622,31223,DISCOVERY GAS TRANSMISSION LLC,Natural Gas,INTERSTATE,OCS-Gulf of America,0,0,0,0,0,0,0,0,0,0,0,0,0,0,0,0,0,0,0,0,0,0,0,0,0,0,0,0,0,0,0,0,0,0,0,0,0,0,0,0,0,0,0,0,0,0,0,0,0,0,0,0,0,0,0,0,0,0,0,0,0,0,0,0,0,0,0,0,0,0,0,0,0,0,0,0,0,0,0,0,0,0,0,0,0,0,0,0,0,0,0,0,0,0,0,0,0,0,0,0,0,0,0,0,0,0,0,0,0,0,0,0,0,0,0,0,0,0,0,0,0,0,0,0,0,0,0,0,0,0,0,0,0,0,0,0,0,0,0,0,0,0,0,0,0,0,0,0,0,0,0,0,0,0,,0,0,0,0,0,0,0,0,0,0,,,,,,,,,,,,,,,,,,,,,,,,,,,,,,,0,,,,,,,,,,,,,,,,,,,,,,,,,,,,,,,,0,0
9/1/2026,2025,20260637,47622,31223,DISCOVERY GAS TRANSMISSION LLC,Natural Gas,INTRASTATE,LOUISIANA,0,0,0,0,0,0,0,0,0,0,0,0,0,0,0,0,0,0,0,0,0,0,0,0,0,0,0,0,0,0,0,0,0,0,0,0,0,0,0,0,0,0,0,0,0,0,0,0,0,0,0,0,0,0,0,0,0,0,0,0,0,0,0,0,0,0,0,0,0,0,0,0,0,0,0,0,0,0,0,0,0,0,0,0,0,0,0,0,0,0,0,0,0,0,0,0,0,0,0,0,0,0,0,0,0,0,0,0,0,0,0,0,0,0,0,0,0,0,0,0,0,0,0,0,0,0,0,0,0,0,0,0,0,0,0,0,0,0,0,0,0,0,0,0,0,0,0,0,0,0,0,0,0,0,,0,0,0,0,0,0,0,0,0,0,,,,,,,,,,,,,,,,,,,,,,,,,,,,,,,0,,,,,,,,,,,,,,,,,,,,,,,,,,,,,,,,0,0
9/1/2026,2025,20260638,47623,31224,DISCOVERY PRODUCER SERVICES LLC,Natural Gas,INTERSTATE,LOUISIANA,0,0,0,0,0,0,0,0,0,0,0,0,0,0,0,0,0,0,0,0,0,0,0,0,0,0,0,0,0,0,0,0,0,0,0,0,0,0,0,0,0,0,0,0,0,0,0,0,0,0,0,0,0,0,0,0,0,0,0,0,0,0,0,0,0,0,0,0,0,0,0,0,0,0,0,0,0,0,0,0,0,0,0,0,0,0,0,0,0,0,0,0,0,0,0,0,0,0,0,0,0,0,0,0,0,0,0,0,0,0,0,0,0,0,0,0,0,0,0,0,0,0,0,0,0,0,0,0,0,0,0,0,0,0,0,0,0,0,0,0,0,0,0,0,0,0,0,0,0,0,0,0,0,0,,,,,,,,,,,,,,,,,,,,,,,,,,,,,,,,,,,,,,,,,,0,,,,,,,,,,,,,,,,,,,,,,,,,,,,,,,,0,450
9/1/2026,2025,20260638,47623,31224,DISCOVERY PRODUCER SERVICES LLC,Natural Gas,INTERSTATE,OCS-Gulf of America,0,0,0,0,0,0,0,0,0,0,0,0,0,0,0,0,0,0,0,0,0,0,0,0,0,0,0,0,0,0,0,0,0,0,0,0,0,0,0,0,0,0,0,0,0,0,0,0,0,0,0,0,0,0,0,0,0,0,0,0,0,0,0,0,0,0,0,0,0,0,0,0,0,0,0,0,0,0,0,0,0,0,0,0,0,0,0,0,0,0,0,0,0,0,0,0,0,0,0,0,0,0,0,0,0,0,0,0,0,0,0,0,0,0,0,0,0,0,0,0,0,0,0,0,0,0,0,0,0,0,0,0,0,0,0,0,0,0,0,0,0,0,0,0,0,0,0,0,0,0,0,0,0,0,,,,,,,,,,,,,,,,,,,,,,,,,,,,,,,,,,,,,,,,,,0,,,,,,,,,,,,,,,,,,,,,,,,,,,,,,,,0,0
9/1/2026,2025,20260582,47565,31225,CLEVELAND-CLIFFS STEEL CORPORATION,Natural Gas,INTRASTATE,OHIO,0,0,0,0,,,0,,,,,0,0,0,0,,,0,,,,,0,0,0,0,,,0,,,,,0,0,0,0,,,0,,,,,0,0,0,0,,,0,,,,,0,0,0,0,,,0,,,,,0,0,0,0,,,0,,,,,0,0,0,0,,,0,,,,,0,0,0,0,,,0,,,,,0,0,0,0,,,0,,,,,0,0,0,0,,,0,0,0,0,0,0,0,0,0,,,0,0,0,0,0,0,0,0,0,,,0,0,0,0,0,0,0,0,0,,0,,0,0,0,0,0,,0,,,,,,0,,0,,,,,,,,,,,,,,,,,,,,,,,,,,,,,,,0,14,,,,,,,,,,,,,,,,,,,,,,,,,,,,,,,0,
9/1/2026,2025,20260558,47540,31228,"CALIFORNIA RESOURCES ELK HILLS, LLC",Natural Gas,INTRASTATE,CALIFORNIA,0,0,0,0,0,0,0,,,0,,0,0,0,0,0,0,0,,,0,,0,0,0,0,0,0,0,,,0,,0,0,0,0,0,0,0,,,0,,0,0,0,0,0,0,0,,,0,,0,0,0,0,0,0,0,,,0,,0,0,0,0,0,0,0,,,0,,0,0,0,0,0,0,0,,,0,,0,0,0,0,0,0,0,,,0,,0,0,0,0,0,0,0,,,0,,0,0,0,0,0,0,0,,,0,,0,0,0,0,0,0,0,,,0,,0,0,0,0,0,0,0,,,0,,0,0,0,0,0,0,0,,,0,,0,0,0,0,,,0,0,0,0,0,,,,,,,,,,,,,,,,,,,,,,,,,,,,,,,0,20,,,,,,,,,,,,,,,,,,,,,,,,,,,,,,,0,0
9/1/2026,2025,20260387,47352,31232,AVISTA CORP,Natural Gas,INTRASTATE,OREGON,0,0,0,0,,,0,,,,,0,0,0,0,,,0,,,,,0,0,0,0,,,0,,,,,0,0,0,0,,,0,,,,,0,0,0,0,,,0,,,,,0,0,0,0,,,0,,,,,0,0,0,0,,,0,,,,,0,0,0,0,,,0,,,,,0,0,0,0,,,0,,,,,0,0,0,0,,,0,,,,,0,0,0,0,,,0,0,0,0,0,0,0,0,0,,,0,0,0,0,0,0,0,0,0,,,0,0,0,0,0,0,0,0,0,,0,,0,0,0,0,0,,0,,,,,,0,,0,,,,,,,,,,,,,,,,,,,,,,,,,,,,,,,0,4,,,,,,,,,,,,,,,,,,,,,,,,,,,,,,,,
9/1/2026,2025,20260387,47352,31232,AVISTA CORP,Natural Gas,INTRASTATE,WASHINGTON,0,0,0,0,0,0,0,0,0,0,0,0,0,0,0,0,0,0,0,0,0,0,0,0,0,0,0,0,0,0,0,0,0,0,0,0,0,0,0,0,0,0,0,0,0,0,0,0,0,0,0,0,0,0,0,0,0,0,0,0,0,0,0,0,0,0,0,0,0,0,0,0,0,0,0,0,0,0,0,0,1,0,0,0,0,0,0,0,0,0,0,0,0,0,0,0,0,0,0,0,0,0,0,0,0,0,0,0,0,0,0,0,0,0,0,0,0,0,0,0,0,0,0,0,0,0,0,0,0,0,0,0,0,0,0,0,0,0,0,0,0,0,0,0,0,0,1,0,0,0,0,0,0,0,0,,0,0,0,0,0,0,0,0,0,1,,,,,1,,,,,,,,,,,,,,,,,,,,,,,,,1,134,,,,,,,,,,,,,,,,,,,,,,,,,,,,,,,0,
9/1/2026,2025,20260990,48490,31245,ATI METALS,Natural Gas,INTRASTATE,OREGON,,,,,,,,,,,,,,,,,,,,,,,,,,,,,,,,,,,,,,,,,,,,,,,,,,,,,,,,,,,,,,,,,,,,,,,,,,,,,,,,,,,,,,,,,,,,,,,,,,,,,,,,,,,,,,,,,,,,,,,,,,,,,,,,,,,,,,,,,,,,,,,,,,,,,,,,,,,,,,,,,,,,,,,,,,,,,,,,,,,,,,,,,,,,,,,,,,,,0,0,,,,,,,,,,,,,,,,,,,,,,,,,,,,,,,,
9/1/2026,2025,20261345,48358,31251,"MORTON INTERNATIONAL INC, - SALT DIVISION",Natural Gas,INTRASTATE,TEXAS,0,0,0,0,0,0,0,0,0,0,0,0,0,0,0,0,0,0,0,0,0,0,0,0,0,0,0,0,0,0,0,0,0,0,0,0,0,0,0,0,0,0,0,0,0,0,0,0,0,0,0,0,0,0,0,0,0,0,0,0,0,0,0,0,0,0,0,0,0,0,0,0,0,0,0,0,0,0,0,0,0,0,0,0,0,0,0,0,0,0,0,0,0,0,0,0,0,0,0,0,0,0,0,0,0,0,0,0,0,0,0,0,0,0,0,0,0,0,0,0,0,0,0,0,0,0,0,0,0,0,0,0,0,0,0,0,0,0,0,0,0,0,0,0,0,0,0,0,0,0,0,0,0,0,0,,0,0,0,0,0,0,0,0,0,,,,,,,,,,,,,,,,,,,,,,,,,,,,,,,0,2,,,,,,,,,,,,,,,,,,,,,,,,,,,,,,,0,
9/1/2026,2025,20261137,48150,31256,"JGE GAS SOLUTIONS, LP",Natural Gas,INTRASTATE,TEXAS,0,0,0,0,,,0,,,,,0,0,0,0,,,0,,,,,0,0,0,0,,,0,,,,,0,0,0,0,,,0,,,,,0,0,0,0,,,0,,,,,0,0,0,0,,,0,,,,,0,0,0,0,,,0,,,,,0,0,0,0,,,0,,,,,0,0,0,0,,,0,,,,,0,0,0,0,,,0,,,,,0,0,0,0,,,0,0,0,0,0,0,0,0,0,,,0,0,0,0,0,0,0,0,0,,,0,0,0,0,0,0,0,0,0,,0,,0,0,0,0,0,,0,,,,,,0,,0,,,,,,,,,,,,,,,,,,,,,,,,,,,,,,,0,0,,,,,,,,,,,,,,,,,,,,,,,,,,,,,,,0,
9/1/2026,2025,20261096,48106,31269,KINDER MORGAN NORTH TEXAS PIPELINE,Natural Gas,INTRASTATE,TEXAS,0,0,0,0,0,0,0,0,0,0,0,0,0,0,0,0,0,0,0,0,0,0,0,0,0,0,0,0,0,0,0,0,0,0,0,0,0,0,0,0,0,0,0,0,0,0,0,0,0,0,0,0,0,0,0,0,0,0,0,0,0,0,0,0,0,0,0,0,0,0,0,0,0,0,0,0,0,0,0,0,0,0,0,0,0,0,0,0,0,0,0,0,0,0,0,0,0,0,0,0,0,0,0,0,0,0,0,0,0,0,0,0,0,0,0,0,0,0,0,0,0,0,0,0,0,0,0,0,0,0,0,0,0,0,0,0,0,0,0,0,0,0,0,0,0,0,0,0,0,0,0,0,0,0,0,,0,0,0,0,0,0,0,0,0,0,0,0,0,0,0,0,0,0,0,0,0,0,0,0,0,0,0,0,0,0,0,0,0,0,0,0,0,0,0,0,2997,,,,,,,,,,,,,,,,,,,,,,,,,,,,,,,0,
9/1/2026,2025,20260784,47777,31286,"ONEOK GAS TRANSPORTATION, LLC",Natural Gas,INTRASTATE,OKLAHOMA,0,0,0,0,0,0,0,0,0,0,0,0,0,0,3,0,0,0,0,0,4,0,0,0,0,0,0,0,0,0,0,0,0,0,0,0,0,0,0,0,0,0,0,0,0,0,0,1,0,0,0,0,0,0,0,0,0,1,27,0,0,0,0,0,0,0,0,0,0,0,0,0,0,0,0,0,0,0,0,0,0,0,0,0,0,0,0,0,0,0,0,0,0,0,0,0,0,0,0,0,0,0,0,0,0,0,0,0,0,0,0,0,0,2,0,0,0,0,0,0,0,0,0,0,0,0,0,0,0,0,0,0,0,0,0,0,0,0,0,0,0,0,0,0,0,1,33,0,0,0,0,0,4,0,0,0,0,0,0,0,0,0,0,0,0,1,,,,,1,,1,,,,,1,,,1,,1,,,,,,,,,,,,,3,56776,,,,,,,,,,,,,,,,,,,,,,,,,,,,,,,0,180
9/1/2026,2025,20261142,48155,31287,WILD GOOSE STORAGE LLC,Natural Gas,INTRASTATE,CALIFORNIA,0,0,0,0,0,0,0,0,0,0,0,0,0,0,0,0,0,0,0,0,0,0,0,0,0,0,0,0,0,0,0,0,0,0,0,0,0,0,0,0,0,0,0,0,0,0,0,0,0,0,0,0,0,0,0,0,0,0,0,0,0,0,0,0,0,0,0,0,0,0,0,0,0,0,0,0,0,0,0,0,0,0,0,0,0,0,0,0,0,0,0,0,0,0,0,0,0,0,0,0,0,0,0,0,0,0,0,0,0,0,0,0,0,0,0,0,0,0,0,0,0,0,0,0,0,0,0,0,0,0,0,0,0,0,0,0,0,0,0,0,0,0,0,0,0,0,0,0,0,0,0,0,0,0,0,,0,0,0,0,0,0,0,0,0,0,0,0,0,0,0,0,0,0,0,0,0,0,0,0,0,0,0,0,0,,0,0,0,0,0,0,0,0,0,0,114,,,,,,,,,,,,,,,,,,,,,,,,,,,,,,,0,
9/1/2026,2025,20260677,47662,31307,DOW HYDROCARBONS AND RESOURCES LLC,Natural Gas,INTRASTATE,LOUISIANA,0,0,0,0,,,0,,,,,0,0,0,0,,,0,,,,,0,0,0,0,,,0,,,,,0,0,0,0,,,0,,,,,0,0,0,0,,,0,,,,,0,0,0,0,,,0,,,,,0,0,0,0,,,0,,,,,0,0,0,0,,,0,,,,,0,0,0,0,,,0,,,,,0,0,0,0,,,0,,,,,0,0,0,0,,,0,0,0,0,0,0,0,0,0,,,0,0,0,0,0,0,0,0,0,,,0,0,0,0,0,0,0,0,0,,0,,0,0,0,0,0,,0,,,,,,0,,0,0,0,0,0,0,0,0,0,0,0,0,0,0,0,0,0,0,0,0,0,0,0,0,0,0,0,0,0,0,0,0,0,,,,,,,,,,,,,,,,,,,,,,,,,,,,,,,,
9/1/2026,2025,20260344,47306,31312,WEST PHOENIX POWER PLANT,Natural Gas,INTRASTATE,ARIZONA,,0,0,0,,,,,,,,,0,0,0,,,,,,,,,0,0,0,,,,,,,,,0,0,0,,,,,,,,,0,0,0,,,,,,,,,0,0,0,,,,,,,,,0,0,0,,,,,,,,,0,0,0,,,,,,,,,0,0,0,,,,,,,,,0,0,0,,,,,,,,,0,0,0,,,,0,0,0,0,,0,0,0,,,,0,0,0,0,,0,0,0,,,,0,0,0,0,,0,0,0,,,,0,0,0,0,0,,0,,,,,,0,,0,,,,,,,,,,,,,,,,,,,,,,,,,,,,,,,0,131,,,,,,,,,,,,,,,,,,,,,,,,,,,,,,,,
9/1/2026,2025,20260039,48497,31313,ACME BRICK LATERAL - KN ENGERY,Natural Gas,INTRASTATE,ARKANSAS,0,0,0,0,0,0,0,0,0,0,0,0,0,0,0,0,0,0,0,0,0,0,0,0,0,0,0,0,0,0,0,0,0,0,0,0,0,0,0,0,0,0,0,0,0,0,0,0,0,0,0,0,0,0,0,0,0,0,0,0,0,0,0,0,0,0,0,0,0,0,0,0,0,0,0,0,0,0,0,0,0,0,0,0,0,0,0,0,0,0,0,0,0,0,0,0,0,0,0,0,0,0,0,0,0,0,0,0,0,0,0,0,0,0,0,0,0,0,0,0,0,0,0,0,0,0,0,0,0,0,0,0,0,0,0,0,0,0,0,0,0,0,0,0,0,0,0,0,0,0,0,0,0,0,0,,0,0,0,0,0,0,0,0,0,,,,,,,,,,,,,,,,,,,,,,,,,,,,,,,0,0,,,,,,,,,,,,,,,,,,,,,,,,,,,,,,,,
9/1/2026,2025,20261174,48187,31316,COLORADO NATURAL GAS INC.,Natural Gas,INTRASTATE,COLORADO,0,0,0,0,0,0,0,0,0,0,0,0,0,0,0,0,0,0,0,0,0,0,0,0,0,0,0,0,0,0,0,0,0,0,0,0,0,0,0,0,0,0,0,0,0,0,0,0,0,0,0,0,0,0,0,0,0,0,0,0,0,0,0,0,0,0,0,0,0,0,0,0,0,0,0,0,0,0,0,0,0,0,0,0,0,0,0,0,0,0,0,0,0,0,0,0,0,0,0,0,0,0,0,0,0,0,0,0,0,0,0,0,0,0,0,0,0,0,0,0,0,0,0,0,0,0,0,0,0,0,0,0,0,0,0,0,0,0,0,0,0,0,0,0,0,0,0,0,0,0,0,0,0,0,0,,0,0,0,0,0,0,0,0,0,0,0,0,0,0,0,0,0,0,0,0,0,0,0,0,0,0,0,0,0,0,0,0,0,0,0,0,0,0,0,0,17,,,,,,,,,,,,,,,,,,,,,,,,,,,,,,,0,
9/1/2026,2025,20260427,47393,31330,CLECO POWER LLC,Natural Gas,INTRASTATE,LOUISIANA,,0,0,0,,,,,,,,,0,0,0,,,,,,,,,0,0,0,,,,,,,,,0,0,0,,,,,,,,,0,0,0,,,,,,,,,0,0,0,,,,,,,,,0,0,0,,,,,,,,,0,0,0,,,,,,,,,0,0,0,,,,,,,,,0,0,0,,,,,,,,,0,0,0,,,,0,0,0,0,,0,0,0,,,,0,0,0,0,,0,0,0,,,,0,0,0,0,,0,0,0,,,,0,0,0,0,0,,0,,,,,,0,,0,0,0,0,0,0,0,0,0,0,0,0,0,0,0,0,0,0,0,0,0,0,0,0,0,0,0,0,0,0,0,0,136,,,,,,,,,,,,,,,,,,,,,,,,,,,,,,,0,
9/1/2026,2025,20260971,48108,31335,"MARITIMES & NORTHEAST PIPELINE, L.L.C.",Natural Gas,INTERSTATE,MAINE,0,0,0,0,0,0,0,0,0,0,0,0,0,0,0,0,0,0,0,0,0,0,0,0,0,0,0,0,0,0,0,0,0,0,0,0,0,0,0,0,0,0,0,0,0,0,0,0,0,0,0,0,0,0,0,0,0,0,1,0,0,0,0,0,0,0,0,0,0,0,0,0,0,0,0,0,0,0,0,0,0,0,0,0,0,0,0,0,0,0,0,0,0,0,0,0,0,0,0,0,0,0,0,0,0,0,0,0,0,0,0,0,0,0,0,0,0,0,0,0,0,0,0,0,0,0,0,0,0,0,0,0,0,0,0,0,0,0,0,0,0,0,0,0,0,0,1,0,0,0,0,0,0,0,,,,,,,,,,,,,,,,,,,,,,,,,,,,,,,,,,,,,,,,,,0,1432,,,,,,,,,,,,,,,,,,,,,,,,,,,,,,,,
9/1/2026,2025,20260971,48108,31335,"MARITIMES & NORTHEAST PIPELINE, L.L.C.",Natural Gas,INTERSTATE,MASSACHUSETTS,0,0,0,0,0,0,0,0,0,0,0,0,0,0,0,0,0,0,0,0,0,0,0,0,0,0,0,0,0,0,0,0,0,0,0,0,0,0,0,0,0,0,0,0,0,0,0,0,0,0,0,0,0,0,0,1,0,0,0,0,0,0,0,0,0,0,0,0,0,0,0,0,0,0,0,0,0,0,0,0,0,0,0,0,0,0,0,0,0,0,0,0,0,0,0,0,0,0,0,0,0,0,0,0,0,0,0,0,0,0,0,0,0,0,0,0,0,0,0,0,0,0,0,0,0,0,0,0,0,0,0,0,0,0,0,0,0,0,0,0,0,0,0,1,0,0,0,0,0,0,0,0,0,0,,,,,,,,,,,,,,,,,,,,,,,,,,,,,,,,,,,,,,,,,,0,290,,,,,,,,,,,,,,,,,,,,,,,,,,,,,,,,
9/1/2026,2025,20260971,48108,31335,"MARITIMES & NORTHEAST PIPELINE, L.L.C.",Natural Gas,INTERSTATE,NEW HAMPSHIRE,,,,,,,,,,,,,,,,,,,,,,,,,,,,,,,,,,,,,,,,,,,,,,,,,,,,,,,,,,,,,,,,,,,,,,,,,,,,,,,,,,,,,,,,,,,,,,,,,,,,,,,,,,,,,,,,,,,,,,,,,,,,,,,,,,,,,,,,,,,,,,,,,,,,,,,,,,,,,,,,,,,,,,,,,,,,,,,,,,,,,,,,,,,,,,,,,,,,0,541,,,,,,,,,,,,,,,,,,,,,,,,,,,,,,,,
9/1/2026,2025,20260965,48500,31341,OLIKTOK PIPELINE COMPANY,Natural Gas,INTRASTATE,ALASKA,0,0,0,0,,,0,0,0,0,,0,0,0,0,,,0,0,0,0,,0,0,0,0,,,0,0,0,0,,0,0,0,0,,,0,0,0,0,,0,0,0,0,,,0,0,0,0,,0,0,0,0,,,0,0,0,0,,0,0,0,0,,,0,0,0,0,,0,0,0,0,,,0,0,0,0,,0,0,0,0,,,0,0,0,0,,0,0,0,0,,,0,0,0,0,,0,0,0,0,,,0,0,0,0,,0,0,0,0,,,0,0,0,0,,0,0,0,0,,,0,0,0,0,,0,0,0,0,,0,,0,0,0,,0,0,0,,0,,,,0,0,0,0,0,0,0,0,0,0,0,0,0,0,,0,0,0,0,0,0,0,0,0,0,0,0,0,0,0,0,0,0,0,0,0,0,0,0,0,0,0,0,0,0,0,0,0,0,0,0,0,0,0,0,0,0,0,0,0,0,0,,0,0,0,0
9/1/2026,2025,20260844,47839,31348,ATMOS ENERGY CORPORATION - MID-TEX,Natural Gas,INTRASTATE,TEXAS,0,0,0,1,0,0,0,0,0,0,0,0,0,0,0,0,0,0,0,0,0,0,0,0,0,0,0,0,0,0,0,0,0,0,1,0,0,0,0,0,0,0,0,0,0,0,0,0,0,0,0,0,0,0,0,1,0,2,1,0,0,0,0,0,0,0,0,0,0,0,0,0,0,0,0,0,0,0,0,0,0,0,0,0,0,0,0,0,0,0,0,0,0,0,0,0,0,0,0,0,0,0,0,0,0,0,0,0,0,0,0,0,0,0,0,0,0,0,0,0,0,0,0,0,0,0,0,0,0,0,0,0,0,0,0,0,0,0,0,0,0,0,0,1,1,2,2,0,0,0,0,0,0,0,5,,0,0,0,0,0,0,0,0,0,0,0,0,0,0,0,0,5,0,0,0,0,5,0,0,0,1,1,0,0,0,0,0,0,0,0,0,0,0,0,6,195266,,,,,,,,,,,,,,,,,,,,,,,,,,,,,,,0,
9/1/2026,2025,20260462,47429,31356,"VECTOR PIPELINE, L.P.",Natural Gas,INTERSTATE,ILLINOIS,,,,,,,,,,,,,,,,,,,,,,,,,,,,,,,,,,,,,,,,,,,,,,,,,,,,,,,,,,,,,,,,,,,,,,,,,,,,,,,,,,,,,,,,,,,,,,,,,,,,,,,,,,,,,,,,,,,,,,,,,,,,,,,,,,,,,,,,,,,,,,,,,,,,,,,,,,,,,,,,,,,,,,,,,,,,,,,,,,,,,,,,,,,,,,,,,,,,0,1002,,,,,,,,,,,,,,,,,,,,,,,,,,,,,,,,
9/1/2026,2025,20260462,47429,31356,"VECTOR PIPELINE, L.P.",Natural Gas,INTERSTATE,INDIANA,,,,,,,,,,,,,,,,,,,,,,,,,,,,,,,,,,,,,,,,,,,,,,,,,,,,,,,,,,,,,,,,,,,,,,,,,,,,,,,,,,,,,,,,,,,,,,,,,,,,,,,,,,,,,,,,,,,,,,,,,,,,,,,,,,,,,,,,,,,,,,,,,,,,,,,,,,,,,,,,,,,,,,,,,,,,,,,,,,,,,,,,,,,,,,,,,,,,0,6880,,,,,,,,,,,,,,,,,,,,,,,,,,,,,,,,
9/1/2026,2025,20260462,47429,31356,"VECTOR PIPELINE, L.P.",Natural Gas,INTERSTATE,MICHIGAN,0,0,0,0,,,0,,,,,0,0,0,0,,,0,,,,,0,0,0,0,,,0,,,,,0,0,0,0,,,0,,,,,0,0,0,0,,,0,,,,,0,0,0,1,,,0,,,,,0,0,0,0,,,0,,,,,0,0,0,0,,,0,,,,,0,0,0,0,,,0,,,,,0,0,0,0,,,0,,,,,0,0,0,0,,,0,0,0,0,0,0,0,0,0,,,0,0,0,0,0,0,0,0,0,,,0,0,0,0,0,0,0,0,1,,0,,0,0,0,0,,,,,,,,,,,,,,,,,,,,,,,,,,,,,,,,,,,,,,,,,,0,4970,,,,,,,,,,,,,,,,,,,,,,,,,,,,,,,,
9/1/2026,2025,20260980,47983,31365,"AMERICAN MIDSTREAM (SEACREST), LP",Natural Gas,INTERSTATE,LOUISIANA,0,0,0,0,0,0,0,0,0,0,0,0,0,0,0,0,0,0,0,0,0,0,0,0,0,0,0,0,0,0,0,0,0,0,0,0,0,0,0,0,0,0,0,0,0,0,0,0,0,0,0,0,0,0,0,0,0,0,0,0,0,0,0,0,0,0,0,0,0,0,0,0,0,0,0,0,0,0,0,0,0,0,0,0,0,0,0,0,0,0,0,0,0,0,0,0,0,0,0,0,0,0,0,0,0,0,0,0,0,0,0,0,0,0,0,0,0,0,0,0,0,0,0,0,0,0,0,0,0,0,0,0,0,0,0,0,0,0,0,0,0,0,0,0,0,0,0,0,0,0,0,0,0,0,,0,0,0,0,0,0,0,0,0,0,,,,,,,,,,,,,,,,,,,,,,,,,,,,,,,0,,0,0,0,0,0,0,0,0,0,0,0,0,0,0,0,0,0,0,0,0,0,0,0,0,0,0,0,0,0,0,0,0
9/1/2026,2025,20260980,47983,31365,"AMERICAN MIDSTREAM (SEACREST), LP",Natural Gas,INTERSTATE,OCS-Gulf of America,0,0,0,0,0,0,0,0,0,0,0,0,0,0,0,0,0,0,0,0,0,0,0,0,0,0,0,0,0,0,0,0,0,0,0,0,0,0,0,0,0,0,0,0,0,0,0,0,0,0,0,0,0,0,0,0,0,0,0,0,0,0,0,0,0,0,0,0,0,0,0,0,0,0,0,0,0,0,0,0,0,0,0,0,0,0,0,0,0,0,0,0,0,0,0,0,0,0,0,0,0,0,0,0,0,0,0,0,0,0,0,0,0,0,0,0,0,0,0,0,0,0,0,0,0,0,0,0,0,0,0,0,0,0,0,0,0,0,0,0,0,0,0,0,0,0,0,0,0,0,0,0,0,0,,0,0,0,0,0,0,0,0,0,0,,,,,,,,,,,,,,,,,,,,,,,,,,,,,,,0,,0,0,0,0,0,0,0,0,0,0,0,0,0,0,0,0,0,0,0,0,0,0,0,0,0,0,0,0,0,0,0,0
9/1/2026,2025,20260176,47132,31368,SMARR ENERGY FACILITY,Natural Gas,INTRASTATE,GEORGIA,0,0,0,0,0,0,0,0,0,0,0,0,0,0,0,0,0,0,0,0,0,0,0,0,0,0,0,0,0,0,0,0,0,0,0,0,0,0,0,0,0,0,0,0,0,0,0,0,0,0,0,0,0,0,0,0,0,0,0,0,0,0,0,0,0,0,0,0,0,0,0,0,0,0,0,0,0,0,0,0,0,0,0,0,0,0,0,0,0,0,0,0,0,0,0,0,0,0,0,0,0,0,0,0,0,0,0,0,0,0,0,0,0,0,0,0,0,0,0,0,0,0,0,0,0,0,0,0,0,0,0,0,0,0,0,0,0,0,0,0,0,0,0,0,0,0,0,0,0,0,0,0,0,0,0,,0,0,0,0,0,0,0,0,0,0,0,0,0,0,0,0,0,0,0,0,0,0,0,0,0,0,0,0,0,0,0,0,0,0,0,0,0,0,0,0,0,,,,,,,,,,,,,,,,,,,,,,,,,,,,,,,0,
9/1/2026,2025,20260509,47488,31371,"BUCKEYE DEVELOPMENT & LOGISTICS, LLC",Hydrogen Gas,INTRASTATE,TEXAS,0,0,0,0,0,0,0,0,0,0,0,0,0,0,0,0,0,0,0,0,0,0,0,0,0,0,0,0,0,0,0,0,0,0,0,0,0,0,0,0,0,0,0,0,0,0,0,0,0,0,0,0,0,0,0,0,0,0,0,0,0,0,0,0,0,0,0,0,0,0,0,0,0,0,0,0,0,0,0,0,0,0,0,0,0,0,0,0,0,0,0,0,0,0,0,0,0,0,0,0,0,0,0,0,0,0,0,0,0,0,0,0,0,0,0,0,0,0,0,0,0,0,0,0,0,0,0,0,0,0,0,0,0,0,0,0,0,0,0,0,0,0,0,0,0,0,0,0,0,0,0,0,0,0,0,,0,0,0,0,0,0,0,0,0,,,,,,,,,,,,,,,,,,,,,,,,,,,,,,,0,290,,,,,,,,,,,,,,,,,,,,,,,,,,,,,,,0,
9/1/2026,2025,20260508,47485,31371,"BUCKEYE DEVELOPMENT & LOGISTICS, LLC",Natural Gas,INTRASTATE,TEXAS,0,0,0,0,0,0,0,0,0,0,0,0,0,0,0,0,0,0,0,0,0,0,0,0,0,0,0,0,0,0,0,0,0,0,0,0,0,0,0,0,0,0,0,0,0,0,0,0,0,0,0,0,0,0,0,0,0,0,0,0,0,0,0,0,0,0,0,0,0,0,0,0,0,0,0,0,0,0,0,0,0,0,0,0,0,0,0,0,0,0,0,0,0,0,0,0,0,0,0,0,0,0,0,0,0,0,0,0,0,0,0,0,0,0,0,0,0,0,0,0,0,0,0,0,0,0,0,0,0,0,0,0,0,0,0,0,0,0,0,0,0,0,0,0,0,0,0,0,0,0,0,0,0,0,0,,0,0,0,0,0,0,0,0,0,,,,,,,,,,,,,,,,,,,,,,,,,,,,,,,0,41,,,,,,,,,,,,,,,,,,,,,,,,,,,,,,,0,
9/1/2026,2025,20260376,47341,31372,TICONA POLYMERS INC,Natural Gas,INTRASTATE,TEXAS,0,0,0,0,0,0,0,0,0,0,0,0,0,0,0,0,0,0,0,0,0,0,0,0,0,0,0,0,0,0,0,0,0,0,0,0,0,0,0,0,0,0,0,0,0,0,0,0,0,0,0,0,0,0,0,0,0,0,0,0,0,0,0,0,0,0,0,0,0,0,0,0,0,0,0,0,0,0,0,0,0,0,0,0,0,0,0,0,0,0,0,0,0,0,0,0,0,0,0,0,0,0,0,0,0,0,0,0,0,0,0,0,0,0,0,0,0,0,0,0,0,0,0,0,0,0,0,0,0,0,0,0,0,0,0,0,0,0,0,0,0,0,0,0,0,0,0,0,0,0,0,0,0,0,,,,,,,,,,,,,1,,,,1,,,,,,,,,,,,,,,,,,,,,,,,,1,908,,,,,,,,,,,,,,,,,,,,,,,,,,,,,,,0,
9/1/2026,2025,20260080,47034,31389,"ALLIANCE ENERGY TRANSMISSIONS - SYRACUSE, LLC",Natural Gas,INTRASTATE,NEW YORK,0,0,0,0,0,0,0,0,0,0,0,0,0,0,0,0,0,0,0,0,0,0,0,0,0,0,0,0,0,0,0,0,0,0,0,0,0,0,0,0,0,0,0,0,0,0,0,0,0,0,0,0,0,0,0,0,0,0,0,0,0,0,0,0,0,0,0,0,0,0,0,0,0,0,0,0,0,0,0,0,0,0,0,0,0,0,0,0,0,0,0,0,0,0,0,0,0,0,0,0,0,0,0,0,0,0,0,0,0,0,0,0,0,0,0,0,0,0,0,0,0,0,0,0,0,0,0,0,0,0,0,0,0,0,0,0,0,0,0,0,0,0,0,0,0,0,0,0,0,0,0,0,0,0,0,,0,0,0,0,0,0,0,0,0,,,,,,,,,,,,,,,,,,,,,,,,,,,,,,,0,0,,,,,,,,,,,,,,,,,,,,,,,,,,,,,,,0,
9/1/2026,2025,20260200,47158,31390,OREGON STEEL MILLS,Natural Gas,INTRASTATE,OREGON,0,0,0,0,0,0,0,0,0,0,0,0,0,0,0,0,0,0,0,0,0,0,0,0,0,0,0,0,0,0,0,0,0,0,0,0,0,0,0,0,0,0,0,0,0,0,0,0,0,0,0,0,0,0,0,0,0,0,0,0,0,0,0,0,0,0,0,0,0,0,0,0,0,0,0,0,0,0,0,0,0,0,0,0,0,0,0,0,0,0,0,0,0,0,0,0,0,0,0,0,0,0,0,0,0,0,0,0,0,0,0,0,0,0,0,0,0,0,0,0,0,0,0,0,0,0,0,0,0,0,0,0,0,0,0,0,0,0,0,0,0,0,0,0,0,0,0,0,0,0,0,0,0,0,0,,0,0,0,0,0,0,0,0,0,0,0,0,0,0,0,0,0,0,0,0,0,0,0,0,0,0,0,0,0,0,0,0,0,0,0,0,0,0,0,0,10,,,,,,,,,,,,,,,,,,,,,,,,,,,,,,,0,
9/1/2026,2025,20260128,47083,31392,SUNFLOWER ELECTRIC POWER CORP,Natural Gas,INTRASTATE,KANSAS,0,0,0,0,0,0,0,0,0,0,0,0,0,0,0,0,0,0,0,0,0,0,0,0,0,0,0,0,0,0,0,0,0,0,0,0,0,0,0,0,0,0,0,0,0,0,0,0,0,0,0,0,0,0,0,0,0,0,0,0,0,0,0,0,0,0,0,0,0,0,0,0,0,0,0,0,0,0,0,0,0,0,0,0,0,0,0,0,0,0,0,0,0,0,0,0,0,0,0,0,0,0,0,0,0,0,0,0,0,0,0,0,0,0,0,0,0,0,0,0,0,0,0,0,0,0,0,0,0,0,0,0,0,0,0,0,0,0,0,0,0,0,0,0,0,0,0,0,0,0,0,0,0,0,0,,0,0,0,0,0,0,0,0,0,,,,,,,,,,,,,,,,,,,,,,,,,,,,,,,0,60,,,,,,,,,,,,,,,,,,,,,,,,,,,,,,,0,
9/1/2026,2025,20261013,48016,31395,"BBT TENNESSEE RIVER, LLC",Natural Gas,INTRASTATE,ALABAMA,0,0,0,0,,,0,,,,,0,0,0,0,,,0,,,,,0,0,0,0,,,0,,,,,0,0,0,0,,,0,,,,,0,0,0,0,,,0,,,,,0,0,0,0,,,0,,,,,0,0,0,0,,,0,,,,,0,0,0,0,,,0,,,,,0,0,0,0,,,0,,,,,0,0,0,0,,,0,,,,,0,0,0,0,,,0,,,,,0,0,0,0,,,0,,,,,0,0,0,0,,,0,,,,,0,0,0,0,,0,,,,,,0,,0,,,,,,0,,0,,,,,,,,,,,,,,,,,,,,,,,,,,,,,,,0,649,,,,,,,,,,,,,,,,,,,,,,,,,,,,,,,0,
9/1/2026,2025,20260384,47349,31406,FRONTIER NATURAL GAS COMPANY,Natural Gas,INTRASTATE,NORTH CAROLINA,0,0,0,0,0,0,0,0,0,0,0,0,0,0,0,0,0,0,0,0,0,0,0,0,0,0,0,0,0,0,0,0,0,0,0,0,0,0,0,0,0,0,0,0,0,0,0,0,0,0,0,0,0,0,0,0,0,0,0,0,0,0,0,0,0,0,0,0,0,0,0,0,0,0,0,0,0,0,0,0,0,0,0,0,0,0,0,0,0,0,0,0,0,0,0,0,0,0,0,0,0,0,0,0,0,0,0,0,0,0,0,0,0,0,0,0,0,0,0,0,0,0,0,0,0,0,0,0,0,0,0,0,0,0,0,0,0,0,0,0,0,0,0,0,0,0,0,0,0,0,0,0,0,0,0,,0,0,0,0,0,0,0,0,0,,,,,,,,,,,,,,,,,,,,,,,,,,,,,,,0,12312,,,,,,,,,,,,,,,,,,,,,,,,,,,,,,,0,
9/1/2026,2025,20260225,47183,31408,DALLAS PRODUCTION LLC,Natural Gas,INTRASTATE,TEXAS,0,0,0,0,0,0,0,0,0,0,0,0,0,0,0,0,0,0,0,0,0,0,0,0,0,0,0,0,0,0,0,0,0,0,0,0,0,0,0,0,0,0,0,0,0,0,0,0,0,0,0,0,0,0,0,0,0,0,0,0,0,0,0,0,0,0,0,0,0,0,0,0,0,0,0,0,0,0,0,0,0,0,0,0,0,0,0,0,0,0,0,0,0,0,0,0,0,0,0,0,0,0,0,0,0,0,0,0,0,0,0,0,0,0,0,0,0,0,0,0,0,0,0,0,0,0,0,0,0,0,0,0,0,0,0,0,0,0,0,0,0,0,0,0,0,0,0,0,0,0,0,0,0,0,,0,0,0,0,0,0,0,0,0,0,,,,,,,,,,,,,,,,,,,,,,,,,,,,,,,0,,,,,,,,,,,,,,,,,,,,,,,,,,,,,,,,0,486
9/1/2026,2025,20261341,48354,31425,"PALO DURO PIPELINES (TEXAS GATHERING), L.P.",Natural Gas,INTRASTATE,OKLAHOMA,0,0,0,0,0,0,0,0,0,0,0,0,0,0,0,0,0,0,0,0,0,0,0,0,0,0,0,0,0,0,0,0,0,0,0,0,0,0,0,0,0,0,0,0,0,0,0,0,0,0,0,0,0,0,0,0,0,0,0,0,0,0,0,0,0,0,0,0,0,0,0,0,0,0,0,0,0,0,0,0,0,0,0,0,0,0,0,0,0,0,0,0,0,0,0,0,0,0,0,0,0,0,0,0,0,0,0,0,0,0,0,0,0,0,0,0,0,0,0,0,0,0,0,0,0,0,0,0,0,0,0,0,0,0,0,0,0,0,0,0,0,0,0,0,0,0,0,0,0,0,0,0,0,0,0,0,0,0,0,0,0,0,0,0,0,,,,,,,,,,,,,,,,,,,,,,,,,,,,,,,0,44,,,,,,,,,,,,,,,,,,,,,,,,,,,,,,,0,1052
9/1/2026,2025,20261341,48354,31425,"PALO DURO PIPELINES (TEXAS GATHERING), L.P.",Natural Gas,INTRASTATE,TEXAS,0,0,0,0,0,0,0,0,0,0,0,0,0,0,0,0,0,0,0,0,0,0,0,0,0,0,0,0,0,0,0,0,0,0,0,0,0,0,0,0,0,0,0,0,0,0,0,0,0,0,0,0,0,0,0,0,0,0,0,0,0,0,0,0,0,0,0,0,0,0,0,0,0,0,0,0,0,0,0,0,0,0,0,0,0,0,0,0,0,0,0,0,0,0,0,0,0,0,0,0,0,0,0,0,0,0,0,0,0,0,0,0,0,0,0,0,0,0,0,0,0,0,0,0,0,0,0,0,0,0,0,0,0,0,0,0,0,0,0,0,0,0,0,0,0,0,0,0,0,0,0,0,0,0,0,0,0,0,0,0,0,0,0,0,0,,,,,,,,,,,,,,,,,,,,,,,,,,,,,,,0,200,,,,,,,,,,,,,,,,,,,,,,,,,,,,,,,0,1456
9/1/2026,2025,20260377,47342,31430,MORTIMER PRODUCTION COMPANY,Natural Gas,INTRASTATE,TEXAS,0,0,0,0,0,0,0,0,0,0,0,0,0,0,0,0,0,0,0,0,0,0,0,0,0,0,0,0,0,0,0,0,0,0,0,0,0,0,0,0,0,0,0,0,0,0,0,0,0,0,0,0,0,0,0,0,0,0,0,0,0,0,0,0,0,0,0,0,0,0,0,0,0,0,0,0,0,0,0,0,0,0,0,0,0,0,0,0,0,0,0,0,0,0,0,0,0,0,0,0,0,0,0,0,0,0,0,0,0,0,0,0,0,0,0,0,0,0,0,0,0,0,0,0,0,0,0,0,0,0,0,0,0,0,0,0,0,0,0,0,0,0,0,0,0,0,0,0,0,0,0,0,0,0,,0,0,0,0,0,0,0,0,0,0,,,,,,,,,,,,,,,,,,,,,,,,,,,,,,,0,,0,0,0,0,0,0,0,0,0,0,0,0,0,0,0,0,0,0,0,0,0,0,0,0,0,0,0,0,0,0,0,0
9/1/2026,2025,20260256,47214,31439,HARDEE POWER PARTNERS LTD,Natural Gas,INTRASTATE,FLORIDA,0,0,0,0,0,0,0,0,0,0,0,0,0,0,0,0,0,0,0,0,0,0,0,0,0,0,0,0,0,0,0,0,0,0,0,0,0,0,0,0,0,0,0,0,0,0,0,0,0,0,0,0,0,0,0,0,0,0,0,0,0,0,0,0,0,0,0,0,0,0,0,0,0,0,0,0,0,0,0,0,0,0,0,0,0,0,0,0,0,0,0,0,0,0,0,0,0,0,0,0,0,0,0,0,0,0,0,0,0,0,0,0,0,0,0,0,0,0,0,0,0,0,0,0,0,0,0,0,0,0,0,0,0,0,0,0,0,0,0,0,0,0,0,0,0,0,0,0,0,0,0,0,0,0,0,,0,0,0,0,0,0,0,0,0,,,,,,,,,,,,,,,,,,,,,,,,,,,,,,,0,61,,,,,,,,,,,,,,,,,,,,,,,,,,,,,,,0,
9/1/2026,2025,20260608,47608,31442,DOUGLAS PIPELINE CO,Landfill Gas,INTRASTATE,ILLINOIS,0,0,0,0,,,0,,0,,,0,0,0,0,,,0,,0,,,0,0,0,0,,,0,,0,,,0,0,0,0,,,0,,0,,,0,0,0,0,,,0,,0,,,0,0,0,0,,,0,,0,,,0,0,0,0,,,0,,0,,,0,0,0,0,,,0,,0,,,0,0,0,0,,,0,,0,,,0,0,0,0,,,0,,0,,,0,0,0,0,,,0,,0,,,0,0,0,0,,,0,,0,,,0,0,0,0,,,0,,0,,,0,0,0,0,,0,,,0,,,,,,,,,,,,,,,,,,,,,,,,,,,,,,,,,,,,,,,,,,,,0,27,,,,,,,,,,,,,,,,,,,,,,,,,,,,,,,0,15
9/1/2026,2025,20260608,47608,31442,DOUGLAS PIPELINE CO,Landfill Gas,INTRASTATE,NORTH CAROLINA,,,,,,,,,,,,,,,,,,,,,,,,,,,,,,,,,,,,,,,,,,,,,,,,,,,,,,,,,,,,,,,,,,,,,,,,,,,,,,,,,,,,,,,,,,,,,,,,,,,,,,,,,,,,,,,,,,,,,,,,,,,,,,,,,,,,,,,,,,,,,,,,,,,,,,,,,,,,,,,,,,,,,,,,,,,,,,,,,,,,,,,,,,,,,,,,,,,,,,,,,,,,,,,,,,,,,,,,,,,,,,,,,,,,0,0
9/1/2026,2025,20260608,47608,31442,DOUGLAS PIPELINE CO,Landfill Gas,INTRASTATE,OHIO,,,,,,,,,,,,,,,,,,,,,,,,,,,,,,,,,,,,,,,,,,,,,,,,,,,,,,,,,,,,,,,,,,,,,,,,,,,,,,,,,,,,,,,,,,,,,,,,,,,,,,,,,,,,,,,,,,,,,,,,,,,,,,,,,,,,,,,,,,,,,,,,,,,,,,,,,,,,,,,,,,,,,,,,,,,,,,,,,,,,,,,,,,,,,,,,,,,,,,,,,,,,,,,,,,,,,,,,,,,,,,,,,,,,0,52
9/1/2026,2025,20260608,47608,31442,DOUGLAS PIPELINE CO,Landfill Gas,INTRASTATE,PENNSYLVANIA,0,0,0,0,,,0,0,0,,,0,0,0,0,,,0,0,0,,,0,0,0,0,,,0,0,0,,,0,0,0,0,,,0,0,0,,,0,0,0,0,,,0,0,0,,,0,0,0,0,,,0,0,0,,,0,0,0,0,,,0,0,0,,,0,0,0,0,,,0,0,0,,,0,0,0,0,,,0,0,0,,,0,0,0,0,,,0,0,0,,,0,0,0,0,,,0,0,0,,,0,0,0,0,,,0,0,0,,,0,0,0,0,,,0,0,0,,,0,0,0,0,,0,,0,0,,,,,,,,,,,,,,,,,,,,,,,,,,,,,,,,,,,,,,,,,,,,0,441,,,,,,,,,,,,,,,,,,,,,,,,,,,,,,,0,39
9/1/2026,2025,20260608,47608,31442,DOUGLAS PIPELINE CO,Landfill Gas,INTRASTATE,RHODE ISLAND,,,,,,,,,,,,,,,,,,,,,,,,,,,,,,,,,,,,,,,,,,,,,,,,,,,,,,,,,,,,,,,,,,,,,,,,,,,,,,,,,,,,,,,,,,,,,,,,,,,,,,,,,,,,,,,,,,,,,,,,,,,,,,,,,,,,,,,,,,,,,,,,,,,,,,,,,,,,,,,,,,,,,,,,,,,,,,,,,,,,,,,,,,,,,,,,,,,,0,8,,,,,,,,,,,,,,,,,,,,,,,,,,,,,,,0,
9/1/2026,2025,20260608,47608,31442,DOUGLAS PIPELINE CO,Landfill Gas,INTRASTATE,SOUTH CAROLINA,0,0,0,0,,,0,,,,,0,0,0,0,,,0,,,,,0,0,0,0,,,0,,,,,0,0,0,0,,,0,,,,,0,0,0,0,,,0,,,,,0,0,0,0,,,0,,,,,0,0,0,0,,,0,,,,,0,0,0,0,,,0,,,,,0,0,0,0,,,0,,,,,0,0,0,0,,,0,,,,,0,0,0,0,,,0,0,0,0,0,0,0,0,0,,,0,0,0,0,0,0,0,0,0,,,0,0,0,0,0,0,0,0,0,,0,,0,0,0,0,,,,,,,,,,,,,,,,,,,,,,,,,,,,,,,,,,,,,,,,,,0,66,,,,,,,,,,,,,,,,,,,,,,,,,,,,,,,,
9/1/2026,2025,20260608,47608,31442,DOUGLAS PIPELINE CO,Landfill Gas,INTRASTATE,WISCONSIN,,,,,,,,,,,,,,,,,,,,,,,,,,,,,,,,,,,,,,,,,,,,,,,,,,,,,,,,,,,,,,,,,,,,,,,,,,,,,,,,,,,,,,,,,,,,,,,,,,,,,,,,,,,,,,,,,,,,,,,,,,,,,,,,,,,,,,,,,,,,,,,,,,,,,,,,,,,,,,,,,,,,,,,,,,,,,,,,,,,,,,,,,,,,,,,,,,,,,,,,,,,,,,,,,,,,,,,,,,,,,,,,,,,,0,24
9/1/2026,2025,20260590,47573,31442,DOUGLAS PIPELINE CO,Natural Gas,INTERSTATE,MARYLAND,,,,,,,,,,,,,,,,,,,,,,,,,,,,,,,,,,,,,,,,,,,,,,,,,,,,,,,,,,,,,,,,,,,,,,,,,,,,,,,,,,,,,,,,,,,,,,,,,,,,,,,,,,,,,,,,,,,,,,,,,,,,,,,,,,,,,,,,,,,,,,,,,,,,,,,,,,,,,,,,,,,,,,,,,,,,,,,,,,,,,,,,,,,,,,,,,,,,0,0,,,,,,,,,,,,,,,,,,,,,,,,,,,,,,,0,
9/1/2026,2025,20260590,47573,31442,DOUGLAS PIPELINE CO,Natural Gas,INTERSTATE,PENNSYLVANIA,0,0,0,0,,,0,,,,,0,0,0,0,,,0,,,,,0,0,0,0,,,0,,,,,0,0,0,0,,,0,,,,,0,0,0,0,,,0,,,,,0,0,0,0,,,0,,,,,0,0,0,0,,,0,,,,,0,0,0,0,,,0,,,,,0,0,0,0,,,0,,,,,0,0,0,0,,,0,,,,,0,0,0,0,,,0,0,0,0,0,0,0,0,0,,,0,0,0,0,0,0,0,0,0,,,0,0,0,0,0,0,0,0,0,,0,,0,0,0,0,,,,,,,,,,,,,,,,,,,,,,,,,,,,,,,,,,,,,,,,,,0,8,,,,,,,,,,,,,,,,,,,,,,,,,,,,,,,,
9/1/2026,2025,20260590,47573,31442,DOUGLAS PIPELINE CO,Natural Gas,INTERSTATE,WEST VIRGINIA,,,,,,,,,,,,,,,,,,,,,,,,,,,,,,,,,,,,,,,,,,,,,,,,,,,,,,,,,,,,,,,,,,,,,,,,,,,,,,,,,,,,,,,,,,,,,,,,,,,,,,,,,,,,,,,,,,,,,,,,,,,,,,,,,,,,,,,,,,,,,,,,,,,,,,,,,,,,,,,,,,,,,,,,,,,,,,,,,,,,,,,,,,,,,,,,,,,,0,5,,,,,,,,,,,,,,,,,,,,,,,,,,,,,,,,
9/1/2026,2025,20260590,47573,31442,DOUGLAS PIPELINE CO,Natural Gas,INTRASTATE,IDAHO,,,,,,,,,,,,,,,,,,,,,,,,,,,,,,,,,,,,,,,,,,,,,,,,,,,,,,,,,,,,,,,,,,,,,,,,,,,,,,,,,,,,,,,,,,,,,,,,,,,,,,,,,,,,,,,,,,,,,,,,,,,,,,,,,,,,,,,,,,,,,,,,,,,,,,,,,,,,,,,,,,,,,,,,,,,,,,,,,,,,,,,,,,,,,,,,,,,,0,7,,,,,,,,,,,,,,,,,,,,,,,,,,,,,,,0,
9/1/2026,2025,20260590,47573,31442,DOUGLAS PIPELINE CO,Natural Gas,INTRASTATE,MARYLAND,,,,,,,,,,,,,,,,,,,,,,,,,,,,,,,,,,,,,,,,,,,,,,,,,,,,,,,,,,,,,,,,,,,,,,,,,,,,,,,,,,,,,,,,,,,,,,,,,,,,,,,,,,,,,,,,,,,,,,,,,,,,,,,,,,,,,,,,,,,,,,,,,,,,,,,,,,,,,,,,,,,,,,,,,,,,,,,,,,,,,,,,,,,,,,,,,,,,0,60,,,,,,,,,,,,,,,,,,,,,,,,,,,,,,,0,
9/1/2026,2025,20260590,47573,31442,DOUGLAS PIPELINE CO,Natural Gas,INTRASTATE,NEW JERSEY,0,0,0,0,0,0,0,0,0,0,0,0,0,0,0,0,0,0,0,0,0,0,0,0,0,0,0,0,0,0,0,0,0,0,0,0,0,0,0,0,0,0,0,0,0,0,0,0,0,0,0,0,0,0,0,0,0,0,0,0,0,0,0,0,0,0,0,0,0,0,0,0,0,0,0,0,0,0,0,0,0,0,0,0,0,0,0,0,0,0,0,0,0,0,0,0,0,0,0,0,0,0,0,0,0,0,0,0,0,0,0,0,0,0,0,0,0,0,0,0,0,0,0,0,0,0,0,0,0,0,0,0,0,0,0,0,0,0,0,0,0,0,0,0,0,0,0,0,0,0,0,0,0,0,,,,,,,,,,,,,,,,,,,,,,,,,,,,,,,,,,,,,,,,,,0,72,,,,,,,,,,,,,,,,,,,,,,,,,,,,,,,0,
9/1/2026,2025,20260590,47573,31442,DOUGLAS PIPELINE CO,Natural Gas,INTRASTATE,OHIO,,,,,,,,,,,,,,,,,,,,,,,,,,,,,,,,,,,,,,,,,,,,,,,,,,,,,,,,,,,,,,,,,,,,,,,,,,,,,,,,,,,,,,,,,,,,,,,,,,,,,,,,,,,,,,,,,,,,,,,,,,,,,,,,,,,,,,,,,,,,,,,,,,,,,,,,,,,,,,,,,,,,,,,,,,,,,,,,,,,,,,,,,,,,,,,,,,,,0,89,,,,,,,,,,,,,,,,,,,,,,,,,,,,,,,0,
9/1/2026,2025,20260590,47573,31442,DOUGLAS PIPELINE CO,Natural Gas,INTRASTATE,OKLAHOMA,0,0,0,0,0,0,0,0,0,0,0,0,0,0,0,0,0,0,0,0,0,0,0,0,0,0,0,0,0,0,0,0,0,0,0,0,0,0,0,0,0,0,0,0,0,0,0,0,0,0,0,0,0,0,0,0,0,0,0,0,0,0,0,0,0,0,0,0,0,0,0,0,0,0,0,0,0,0,0,0,0,0,0,0,0,0,0,0,0,0,0,0,0,0,0,0,0,0,0,0,0,0,0,0,0,0,0,0,0,0,0,0,0,0,0,0,0,0,0,0,0,0,0,0,0,0,0,0,0,0,0,0,0,0,0,0,0,0,0,0,0,0,0,0,0,0,0,0,0,0,0,0,0,0,0,,0,0,0,0,0,0,0,0,0,,,,,,,,,,,,,,,,,,,,,,,,,,,,,,,0,52,,,,,,,,,,,,,,,,,,,,,,,,,,,,,,,0,
9/1/2026,2025,20260590,47573,31442,DOUGLAS PIPELINE CO,Natural Gas,INTRASTATE,PENNSYLVANIA,0,0,0,0,,,0,0,0,0,,0,0,0,0,,,0,0,0,0,,0,0,0,0,,,0,0,0,0,,0,0,0,0,,,0,0,0,0,,0,0,0,0,,,0,0,0,0,,0,0,0,0,,,0,0,0,0,,0,0,0,0,,,0,0,0,0,,0,0,0,0,,,0,0,0,0,,0,0,0,0,,,0,0,0,0,,0,0,0,0,,,0,0,0,0,,0,0,0,0,,,0,0,0,0,,0,0,0,0,,,0,0,0,0,,0,0,0,0,,,0,0,0,0,,0,0,0,0,,0,,0,0,0,,,,,,,,,,,,,,,,,,,,,,,,,,,,,,,,,,,,,,,,,,,0,105,,,,,,,,,,,,,,,,,,,,,,,,,,,,,,,0,0
9/1/2026,2025,20260590,47573,31442,DOUGLAS PIPELINE CO,Natural Gas,INTRASTATE,SOUTH CAROLINA,,,,,,,,,,,,,,,,,,,,,,,,,,,,,,,,,,,,,,,,,,,,,,,,,,,,,,,,,,,,,,,,,,,,,,,,,,,,,,,,,,,,,,,,,,,,,,,,,,,,,,,,,,,,,,,,,,,,,,,,,,,,,,,,,,,,,,,,,,,,,,,,,,,,,,,,,,,,,,,,,,,,,,,,,,,,,,,,,,,,,,,,,,,,,,,,,,,,0,272,,,,,,,,,,,,,,,,,,,,,,,,,,,,,,,,
9/1/2026,2025,20260771,47761,31443,"ALON USA, LP",Natural Gas,INTRASTATE,TEXAS,0,0,0,0,0,0,0,0,0,0,0,0,0,0,0,0,0,0,0,0,0,0,0,0,0,0,0,0,0,0,0,0,0,0,0,0,0,0,0,0,0,0,0,0,0,0,0,0,0,0,0,0,0,0,0,0,0,0,0,0,0,0,0,0,0,0,0,0,0,0,0,0,0,0,0,0,0,0,0,0,0,0,0,0,0,0,0,0,0,0,0,0,0,0,0,0,0,0,0,0,0,0,0,0,0,0,0,0,0,0,0,0,0,0,0,0,0,0,0,0,0,0,0,0,0,0,0,0,0,0,0,0,0,0,0,0,0,0,0,0,0,0,0,0,0,0,0,0,0,0,0,0,0,0,0,,0,,,,,,0,,0,,,,,,,,,,,,,,,,,,,,,,,,,,,,,,,0,353,,,,,,,,,,,,,,,,,,,,,,,,,,,,,,,,
9/1/2026,2025,20260886,47882,31451,KINDER MORGAN TEXAS PIPELINE CO,Natural Gas,INTRASTATE,TEXAS,0,0,0,0,0,0,0,0,0,0,0,0,0,0,0,0,0,0,0,0,0,0,0,0,0,0,0,0,0,0,0,0,0,0,0,0,0,0,0,0,0,0,0,0,0,0,0,1,0,0,0,0,0,0,0,0,0,0,3,0,0,0,0,0,0,0,0,0,0,0,0,0,0,0,0,0,0,1,0,0,0,0,0,0,0,0,0,0,0,0,0,0,0,0,0,0,0,0,0,0,0,0,0,0,0,0,0,0,0,0,1,0,0,0,0,0,0,0,0,0,0,0,0,0,0,0,0,0,0,0,0,0,0,0,0,0,0,0,0,0,0,0,0,2,0,0,4,0,0,0,0,0,0,0,0,0,0,0,0,0,0,0,0,0,0,2,0,0,0,0,2,0,0,0,0,0,0,0,0,0,0,0,0,0,0,0,0,0,0,0,0,0,0,0,0,2,55792,0,,,,,0,,,,,,,,,,,,,,,,,,,,,,,,,0,1270
9/1/2026,2025,20260711,47698,31470,VECTREN ENERGY DELIVERY OF OHIO,Natural Gas,INTRASTATE,OHIO,0,0,0,1,,,0,,,,,0,0,0,0,,,0,,,,,0,0,0,0,,,0,,,,,0,0,0,0,,,0,,,,,0,0,0,0,,,0,,,,,0,0,0,0,,,0,,,,,0,0,0,0,,,0,,,,,0,0,0,0,,,0,,,,,0,0,0,0,,,0,,,,,0,0,0,0,,,0,,,,,0,0,0,0,,,0,0,0,0,0,0,0,0,0,,,0,0,0,0,0,0,0,0,0,,,0,0,0,0,0,0,0,0,1,,0,,0,0,0,0,0,,0,,,,,,0,,0,,,,,,,,,,,,,,,,,,,,,,,,,,,,,,,0,36,,,,,,,,,,,,,,,,,,,,,,,,,,,,,,,,
9/1/2026,2025,20261097,48107,31472,SCISSORTAIL ENERGY LLC,Natural Gas,INTRASTATE,OKLAHOMA,0,0,0,0,,,0,0,0,0,,0,0,0,0,,,0,0,0,0,,0,0,0,0,,,0,0,0,0,,0,0,0,0,,,0,0,0,0,,0,0,0,0,,,0,0,0,0,,0,0,0,0,,,0,0,0,0,,0,0,0,0,,,0,0,0,0,,0,0,0,0,,,0,0,0,0,,0,0,0,0,,,0,0,0,0,,0,0,0,0,,,0,0,0,0,,0,0,0,0,,,0,0,0,0,,0,0,0,0,,,0,0,0,0,,0,0,0,0,,,0,0,0,0,,0,0,0,0,,0,,0,0,0,,0,0,0,,0,0,0,,0,0,0,,,,,,,,,,,,,,,,,,,,,,,,,,,,,,,0,386,,,,,,,,,,,,,,,,,,,,,,,,,,,,,,,0,1157
9/1/2026,2025,20260989,47992,31477,CPN PIPELINE COMPANY,Natural Gas,INTRASTATE,ARIZONA,0,0,0,0,,,0,,,,,0,0,0,0,,,0,,,,,0,0,0,0,,,0,,,,,0,0,0,0,,,0,,,,,0,0,0,0,,,0,,,,,0,0,0,0,,,0,,,,,0,0,0,0,,,0,,,,,0,0,0,0,,,0,,,,,0,0,0,0,,,0,,,,,0,0,0,0,,,0,,,,,0,0,0,0,,,0,,,,,0,0,0,0,,,0,,,,,0,0,0,0,,,0,,,,,0,0,0,0,,0,,,,,,0,,0,,,,,,0,,0,,,,,,,,,,,,,,,,,,,,,,,,,,,,,,,0,0,,,,,,,,,,,,,,,,,,,,,,,,,,,,,,,,
9/1/2026,2025,20260989,47992,31477,CPN PIPELINE COMPANY,Natural Gas,INTRASTATE,CALIFORNIA,0,0,0,0,0,0,0,0,0,0,0,0,0,0,0,0,0,0,0,0,0,0,0,0,0,0,0,0,0,0,0,0,0,0,0,0,0,0,0,0,0,0,0,0,0,0,0,0,0,0,0,0,0,0,0,0,0,0,0,0,0,0,0,0,0,0,0,0,0,0,0,0,0,0,0,0,0,0,0,0,0,0,0,0,0,0,0,0,0,0,0,0,0,0,0,0,0,0,0,0,0,0,0,0,0,0,0,0,0,0,0,0,0,0,0,0,0,0,0,0,0,0,0,0,0,0,0,0,0,0,0,0,0,0,0,0,0,0,0,0,0,0,0,0,0,0,0,0,0,0,0,0,0,0,0,0,0,,0,,0,,0,0,0,,,,,,,,,,,,,,,,,,,,,,,,,,,,,,,0,1766,,,,,,,,,,,,,,,,,,,,,,,,,,,,,,,0,951
9/1/2026,2025,20260989,47992,31477,CPN PIPELINE COMPANY,Natural Gas,INTRASTATE,OREGON,0,0,0,0,,,0,,,,,0,0,0,0,,,0,,,,,0,0,0,0,,,0,,,,,0,0,0,0,,,0,,,,,0,0,0,0,,,0,,,,,0,0,0,0,,,0,,,,,0,0,0,0,,,0,,,,,0,0,0,0,,,0,,,,,0,0,0,0,,,0,,,,,0,0,0,0,,,0,,,,,0,0,0,0,,,0,0,0,0,0,0,0,0,0,,,0,0,0,0,0,0,0,0,0,,,0,0,0,0,0,0,0,0,0,,0,,0,0,0,0,0,,0,,,,,,0,,0,,,,,,,,,,,,,,,,,,,,,,,,,,,,,,,0,7,,,,,,,,,,,,,,,,,,,,,,,,,,,,,,,,
9/1/2026,2025,20260709,47696,31481,BANGOR NATURAL GAS CO.,Natural Gas,INTRASTATE,MAINE,,,,,,,,,,,,,,,,,,,,,,,,,,,,,,,,,,,,,,,,,,,,,,,,,,,,,,,,,,,,,,,,,,,,,,,,,,,,,,,,,,,,,,,,,,,,,,,,,,,,,,,,,,,,,,,,,,,,,,,,,,,,,,,,,,,,,,,,,,,,,,,,,,,,,,,,,,,,,,,,,,,,,,,,,,,,,,,,,,,,,,,,,,,,,,,,,,,,0,8,,,,,,,,,,,,,,,,,,,,,,,,,,,,,,,0,
9/1/2026,2025,20260562,47544,31485,ENBRIDGE OFFSHORE (GAS GATHERING) L.L.C.,Natural Gas,INTERSTATE,LOUISIANA,,,,,,,,,,,,,,,,,,,,,,,,,,,,,,,,,,,,,,,,,,,,,,,,,,,,,,,,,,,,,,,,,,,,,,,,,,,,,,,,,,,,,,,,,,,,,,,,,,,,,,,,,,,,,,,,,,,,,,,,,,,,,,,,,,,,,,,,,,,,,,,,,,,,,,,,,,,,,,,,,,,,,,,,,,,,,,,,,,,,,,,,,,,,,,,,,,,,0,144,,,,,,,,,,,,,,,,,,,,,,,,,,,,,,,,
9/1/2026,2025,20260562,47544,31485,ENBRIDGE OFFSHORE (GAS GATHERING) L.L.C.,Natural Gas,INTERSTATE,OCS-Gulf of America,,,,,,,,,,,,,,,,,,,,,,,,,,,,,,,,,,,,,,,,,,,,,,,,,,,,,,,,,,,,,,,,,,,,,,,,,,,,,,,,,,,,,,,,,,,,,,,,,,,,,,,,,,,,,,,,,,,,,,,,,,,,,,,,,,,,,,,,,,,,,,,,,,,,,,,,,,,,,,,,,,,,,,,,,,,,,,,,,,,,,,,,,,,,,,,,,,,,0,0,,,,,,,,,,,,,,,,,,,,,,,,,,,,,,,,
9/1/2026,2025,20260562,47544,31485,ENBRIDGE OFFSHORE (GAS GATHERING) L.L.C.,Natural Gas,INTRASTATE,OCS-Gulf of America,,,,,,,,,,,,,,,,,,,,,,,,,,,,,,,,,,,,,,,,,,,,,,,,,,,,,,,,,,,,,,,,,,,,,,,,,,,,,,,,,,,,,,,,,,,,,,,,,,,,,,,,,,,,,,,,,,,,,,,,,,,,,,,,,,,,,,,,,,,,,,,,,,,,,,,,,,,,,,,,,,,,,,,,,,,,,,,,,,,,,,,,,,,,,,,,,,,,0,0,,,,,,,,,,,,,,,,,,,,,,,,,,,,,,,,
9/1/2026,2025,20260708,47695,31487,MAINE NATURAL GAS,Natural Gas,INTRASTATE,MAINE,,,,,,,,,,,,,,,,,,,,,,,,,,,,,,,,,,,,,,,,,,,,,,,,,,,,,,,,,,,,,,,,,,,,,,,,,,,,,,,,,,,,,,,,,,,,,,,,,,,,,,,,,,,,,,,,,,,,,,,,,,,,,,,,,,,,,,,,,,,,,,,,,,,,,,,,,,,,,,,,,,,,,,,,,,,,,,,,,,,,,,,,,,,,,,,,,,,,0,4,,,,,,,,,,,,,,,,,,,,,,,,,,,,,,,0,
9/1/2026,2025,20260401,47366,31492,TARGA PIPELINE MID-CONTINENT LLC,Natural Gas,INTRASTATE,OKLAHOMA,0,0,0,0,,,0,0,0,0,,0,0,0,0,,,0,0,0,0,,0,0,0,0,,,0,0,0,0,,0,0,0,0,,,0,0,0,0,,0,0,0,0,,,0,0,0,0,,0,0,0,0,,,0,0,0,0,,0,0,0,0,,,0,0,0,0,,0,0,0,0,,,0,0,0,0,,0,0,0,0,,,0,0,0,0,,0,0,0,0,,,0,0,0,0,,0,0,0,0,,,0,0,0,0,,0,0,0,0,,,0,0,0,0,,0,0,0,0,,,0,0,0,0,,0,0,0,0,,0,,0,0,0,,0,0,0,,0,0,0,,0,0,0,,,,,,,,,,,,,,,,,,,,,,,,,,,,,,,0,0,,,,,,,,,,,,,,,,,,,,,,,,,,,,,,,0,1249
9/1/2026,2025,20260054,47007,31494,CITY WATER AND LIGHT PLANT,Natural Gas,INTRASTATE,ARKANSAS,0,0,0,0,,,0,0,0,0,,0,0,0,0,,,0,0,0,0,,0,0,0,0,,,0,0,0,0,,0,0,0,0,,,0,0,0,0,,0,0,0,0,,,0,0,0,0,,0,0,0,0,,,0,0,0,0,,0,0,0,0,,,0,0,0,0,,0,0,0,0,,,0,0,0,0,,0,0,0,0,,,0,0,0,0,,0,0,0,0,,,0,0,0,0,,0,0,0,0,,,0,0,0,0,,0,0,0,0,,,0,0,0,0,,0,0,0,0,,,0,0,0,0,,0,0,0,0,,0,,0,0,0,,0,0,0,,0,0,0,,0,0,0,,,,,,,,,,,,,,,,,,,,,,,,,,,,,,,0,27,,,,,,,,,,,,,,,,,,,,,,,,,,,,,,,0,
9/1/2026,2025,20261150,48163,31502,OCCIDENTAL PERMIAN LTD,Natural Gas,INTRASTATE,NEW MEXICO,,0,,,,,,0,0,0,,,0,,,,,,0,0,0,,,0,,,,,,0,0,0,,,0,,,,,,0,0,0,,,0,,,,,,0,0,0,,,0,,,,,,0,0,0,,,0,,,,,,0,0,0,,,0,,,,,,0,0,0,,,0,,,,,,0,0,0,,,0,,,,,,0,0,0,,,0,,,,,,0,0,0,,,0,,,,,,0,0,0,,,0,,,,,,0,0,0,,,0,,,,,,0,0,0,,,0,,,0,0,0,,,0,0,,,,,,,,,,,,,,,,,,,,,,,,,,,,,,,,,,,,,,,,,,,,,,,,,,,,,,,,,,,,,,,0,8634
9/1/2026,2025,20261150,48163,31502,OCCIDENTAL PERMIAN LTD,Natural Gas,INTRASTATE,TEXAS,0,0,0,0,,,0,0,0,0,,0,0,0,0,,,0,0,0,0,,0,0,0,0,,,0,0,0,0,,0,0,0,0,,,0,0,0,0,,0,0,0,0,,,0,0,0,0,,0,0,0,0,,,0,0,0,0,,0,0,0,0,,,0,0,0,0,,0,0,0,0,,,0,0,0,0,,0,0,0,0,,,0,0,0,0,,0,0,0,0,,,0,0,0,0,,0,0,0,0,,,0,0,0,0,,0,0,0,0,,,0,0,0,0,,0,0,0,0,,,0,0,0,0,,0,0,0,0,,0,,0,0,0,,0,0,0,,0,0,0,,0,0,0,,,,,,,,,,,,,,,,,,,,,,,,,,,,,,,0,623,,,,,,,,,,,,,,,,,,,,,,,,,,,,,,,0,32784
9/1/2026,2025,20261153,48166,31506,CONOCOPHILLIPS COMPANY (E&P-L-48),Natural Gas,INTRASTATE,TEXAS,,,,,,,,,,0,,,,,,,,,,,0,,,,,,,,,,,0,,,,,,,,,,,0,,,,,,,,,,,0,,,,,,,,,,,0,,,,,,,,,,,0,,,,,,,,,,,0,,,,,,,,,,,0,,,,,,,,,,,0,,,,,,,,,,,0,,,,,,,,,,,0,,,,,,,,,,,0,,,,,,,,,,,0,,,,,,,,0,,,0,0,,,,,,,,,,,,,,,,,,,,,,,,,,,,,,,,,,,,,,,,,,,,,,,,,,,,,,,,,,,,,,,0,7107
9/1/2026,2025,20260607,47590,31516,"LOUISIANA GENERATING, LLC",Natural Gas,INTRASTATE,LOUISIANA,0,0,0,0,,,0,,,,,0,0,0,0,,,0,,,,,0,0,0,0,,,0,,,,,0,0,0,0,,,0,,,,,0,0,0,0,,,0,,,,,0,0,0,0,,,0,,,,,0,0,0,0,,,0,,,,,0,0,0,0,,,0,,,,,0,0,0,0,,,0,,,,,0,0,0,0,,,0,,,,,0,0,0,0,,,0,0,0,0,0,0,0,0,0,,,0,0,0,0,0,0,0,0,0,,,0,0,0,0,0,0,0,0,0,,0,,0,0,0,0,,,,,,,,,,,,0,0,0,0,0,0,0,0,0,0,0,0,0,0,0,0,0,0,0,0,0,0,0,0,0,0,0,0,0,0,0,133,,,,,,,,,,,,,,,,,,,,,,,,,,,,,,,,
9/1/2026,2025,20261053,48058,31520,MISSION NATURAL GAS COMPANY LLC,Natural Gas,INTRASTATE,LOUISIANA,0,0,0,0,0,0,0,0,0,0,0,0,0,0,0,0,0,0,0,0,0,0,0,0,0,0,0,0,0,0,0,0,0,0,0,0,0,0,0,0,0,0,0,0,0,0,0,0,0,0,0,0,0,0,0,0,0,0,0,0,0,0,0,0,0,0,0,0,0,0,0,0,0,0,0,0,0,0,0,0,0,0,0,0,0,0,0,0,0,0,0,0,0,0,0,0,0,0,0,0,0,0,0,0,0,0,0,0,0,0,0,0,0,0,0,0,0,0,0,0,0,0,0,0,0,0,0,0,0,0,0,0,0,0,0,0,0,0,0,0,0,0,0,0,0,0,0,0,0,0,0,0,0,0,0,,0,0,0,0,0,0,0,0,0,,,,,,,,,,,,,,,,,,,,,,,,,,,,,,,0,8,,,,,,,,,,,,,,,,,,,,,,,,,,,,,,,0,
9/1/2026,2025,20261314,48327,31522,KB PIPELINE,Natural Gas,INTERSTATE,OREGON,0,0,0,0,,,0,,,,,0,0,0,0,,,0,,,,,0,0,0,0,,,0,,,,,0,0,0,0,,,0,,,,,0,0,0,0,,,0,,,,,0,0,0,0,,,0,,,,,0,0,0,0,,,0,,,,,0,0,0,0,,,0,,,,,0,0,0,0,,,0,,,,,0,0,0,0,,,0,,,,,0,0,0,0,,,0,0,0,0,0,0,0,0,0,,,0,0,0,0,0,0,0,0,0,,,0,0,0,0,0,0,0,0,0,,0,,0,0,0,0,0,,0,,,,,,0,,0,,,,,,,,,,,,,,,,,,,,,,,,,,,,,,,0,10,,,,,,,,,,,,,,,,,,,,,,,,,,,,,,,,
9/1/2026,2025,20261314,48327,31522,KB PIPELINE,Natural Gas,INTERSTATE,WASHINGTON,,,,,,,,,,,,,,,,,,,,,,,,,,,,,,,,,,,,,,,,,,,,,,,,,,,,,,,,,,,,,,,,,,,,,,,,,,,,,,,,,,,,,,,,,,,,,,,,,,,,,,,,,,,,,,,,,,,,,,,,,,,,,,,,,,,,,,,,,,,,,,,,,,,,,,,,,,,,,,,,,,,,,,,,,,,,,,,,,,,,,,,,,,,,,,,,,,,,0,66,,,,,,,,,,,,,,,,,,,,,,,,,,,,,,,0,
9/1/2026,2025,20260785,47778,31531,"ONEOK WESTEX TRANSMISSION, LLC",Natural Gas,INTRASTATE,TEXAS,0,0,0,0,0,0,0,0,0,0,0,0,0,0,0,0,0,0,0,0,0,0,0,0,0,0,0,0,0,0,0,0,0,0,0,0,0,0,0,0,0,0,0,0,0,0,0,0,0,0,0,0,0,0,0,0,0,0,16,0,0,0,0,0,0,0,0,0,0,0,0,0,0,0,0,0,0,0,0,0,2,0,0,0,0,0,0,0,0,0,0,0,0,0,0,0,0,0,0,0,0,0,0,0,0,0,0,0,0,0,0,0,0,0,0,0,0,0,0,0,0,0,0,0,1,0,0,0,0,0,0,0,0,0,0,1,0,0,0,0,0,0,0,0,0,0,20,0,0,0,0,0,0,0,0,,,,,,,,,,,,,,,,,,3,,,,,3,,,,2,2,,,,,,,,,,,,,5,17213,,,,,,,,,,,,,,,,,,,,,,,,,,,,,,,,
9/1/2026,2025,20260319,47277,31539,"HANSON ENGINEERING, L.C.",Natural Gas,INTRASTATE,KANSAS,0,0,0,0,0,0,0,0,0,0,0,0,0,0,0,0,0,0,0,0,0,0,0,0,0,0,0,0,0,0,0,0,0,0,0,0,0,0,0,0,0,0,0,0,0,0,0,0,0,0,0,0,0,0,0,0,0,0,0,0,0,0,0,0,0,0,0,0,0,0,0,0,0,0,0,0,0,0,0,0,0,0,0,0,0,0,0,0,0,0,0,0,0,0,0,0,0,0,0,0,0,0,0,0,0,0,0,0,0,0,0,0,0,0,0,0,0,0,0,0,0,0,0,0,0,0,0,0,0,0,0,0,0,0,0,0,0,0,0,0,0,0,0,0,0,0,0,0,0,0,0,0,0,0,0,,0,0,0,0,0,0,0,0,0,,,,,,,,,,,,,,,,,,,,,,,,,,,,,,,0,28,,,,,,,,,,,,,,,,,,,,,,,,,,,,,,,0,
9/1/2026,2025,20261318,48331,31540,APACHE GAS TRANSMISSION,Natural Gas,INTRASTATE,KENTUCKY,,0,0,0,,,,,,,,,0,0,0,,,,,,,,,0,0,0,,,,,,,,,0,0,0,,,,,,,,,0,0,0,,,,,,,,,0,0,0,,,,,,,,,0,0,0,,,,,,,,,0,0,0,,,,,,,,,0,0,0,,,,,,,,,0,0,0,,,,,,,,,0,0,0,,,,,,,0,,0,0,0,,,,,,,0,,0,0,0,,,,,,,0,,0,0,0,,,,,,,0,0,,0,,,,,,0,,0,156,,,,,156,,,,,,,,,,,,,,,,,,,,,,,,,156,156,,,,,,,,,,,,,,,,,,,,,,,,,,,,,,,,
9/1/2026,2025,20261016,48019,31543,"BBT TRANS-UNION INTERSTATE PIPELINE, L.P.",Natural Gas,INTERSTATE,ARKANSAS,0,0,0,0,,,0,,,,,0,0,0,0,,,0,,,,,0,0,0,0,,,0,,,,,0,0,0,0,,,0,,,,,0,0,0,0,,,0,,,,,0,0,0,0,,,0,,,,,0,0,0,0,,,0,,,,,0,0,0,0,,,0,,,,,0,0,0,0,,,0,,,,,0,0,0,0,,,0,,,,,0,0,0,0,,,0,0,0,0,0,0,0,0,0,,,0,0,0,0,0,0,0,0,0,,,0,0,0,0,0,0,0,0,0,,0,,0,0,0,0,0,,0,,,,,,0,,0,,,,,,,,,,,,,,,,,,,,,,,,,,,,,,,0,84,,,,,,,,,,,,,,,,,,,,,,,,,,,,,,,,
9/1/2026,2025,20261016,48019,31543,"BBT TRANS-UNION INTERSTATE PIPELINE, L.P.",Natural Gas,INTERSTATE,LOUISIANA,0,0,0,0,0,0,0,0,0,0,0,0,0,0,0,0,0,0,0,0,0,0,0,0,0,0,0,0,0,0,0,0,0,0,0,0,0,0,0,0,0,0,0,0,0,0,0,0,0,0,0,0,0,0,0,0,0,0,0,0,0,0,0,0,0,0,0,0,0,0,0,0,0,0,0,0,0,0,0,0,0,0,0,0,0,0,0,0,0,0,0,0,0,0,0,0,0,0,0,0,0,0,0,0,0,0,0,0,0,0,0,0,0,0,0,0,0,0,0,0,0,0,0,0,0,0,0,0,0,0,0,0,0,0,0,0,0,0,0,0,0,0,0,0,0,0,0,0,0,0,0,0,0,0,0,,0,0,0,0,0,0,0,0,0,,,,,,,,,,,,,,,,,,,,,,,,,,,,,,,0,0,,,,,,,,,,,,,,,,,,,,,,,,,,,,,,,0,
9/1/2026,2025,20260008,46948,31564,7-D GAS SUPPLY CORP,Natural Gas,INTRASTATE,WEST VIRGINIA,,0,,,,,,0,0,0,,,0,,,,,,0,0,0,,,0,,,,,,0,0,0,,,0,,,,,,0,0,0,,,0,,,,,,0,0,0,,,0,,,,,,0,0,0,,,0,,,,,,0,0,0,,,0,,,,,,0,0,0,,,0,,,,,,0,0,0,,,0,,,,,,0,0,0,,,0,,,,,,0,0,0,,,0,,,,,,0,0,0,,,0,,,,,,0,0,0,,,0,,,,,,0,0,0,,,0,0,0,0,0,0,0,0,0,0,,,,,,,,,,,,,,,,,,,,,,,,,,,,,,,0,,0,0,0,0,0,0,0,0,0,0,0,0,0,0,0,0,0,0,0,0,0,0,0,0,0,0,0,0,0,0,0,0
9/1/2026,2025,20260808,47801,31565,"GULFSTREAM MANAGEMENT &  OPERATING SERVICES,LLC",Natural Gas,INTERSTATE,ALABAMA,0,0,0,0,0,0,0,,,,,0,0,0,0,0,0,0,,,,,0,0,0,0,0,0,0,,,,,0,0,0,0,0,0,0,,,,,0,0,0,0,0,0,0,,,,,0,0,0,0,0,0,0,,,,,0,0,0,0,0,0,0,,,,,0,0,0,0,0,0,0,,,,,0,0,0,0,0,0,0,,,,,0,0,0,0,0,0,0,,,,,0,0,0,0,0,0,0,,,,,0,0,0,0,0,0,0,,,,,0,0,0,0,0,0,0,,,,,0,0,0,0,0,0,0,,,,,,,,,,,,,,,,,,,,,,,,,,,,,,,,,,,,,,,,,,,,,,0,35,,,,,,,,,,,,,,,,,,,,,,,,,,,,,,,,
9/1/2026,2025,20260808,47801,31565,"GULFSTREAM MANAGEMENT &  OPERATING SERVICES,LLC",Natural Gas,INTERSTATE,FLORIDA,0,0,0,0,0,0,0,,,,,0,0,0,0,0,0,0,,,,,0,0,0,0,0,0,0,,,,,0,0,0,0,0,0,0,,,,,0,0,0,0,0,0,0,,,,,0,0,0,2,0,0,0,,,,,0,0,0,0,0,0,0,,,,,0,0,0,0,0,0,0,,,,,0,0,0,0,0,0,0,,,,,0,0,0,0,0,0,0,,,,,0,0,0,0,0,0,0,,,,,0,0,0,0,0,0,0,,,,,0,0,0,0,0,0,0,,,,,0,0,0,2,0,0,0,,,,,,,,,,,,,,,,,,,,,,,,,,,,,,,,,,,,,,,,,,,,,,0,5081,,,,,,,,,,,,,,,,,,,,,,,,,,,,,,,,
9/1/2026,2025,20260808,47801,31565,"GULFSTREAM MANAGEMENT &  OPERATING SERVICES,LLC",Natural Gas,INTERSTATE,MISSISSIPPI,0,0,0,0,,,0,,,,,0,0,0,0,,,0,,,,,0,0,0,0,,,0,,,,,0,0,0,0,,,0,,,,,0,0,0,0,,,0,,,,,0,0,0,0,,,0,,,,,0,0,0,0,,,0,,,,,0,0,0,0,,,0,,,,,0,0,0,0,,,0,,,,,0,0,0,0,,,0,,,,,0,0,0,0,,,0,0,0,0,0,0,0,0,0,,,0,0,0,0,0,0,0,0,0,,,0,0,0,0,0,0,0,0,0,,0,,0,0,0,0,,,,,,,,,,,,,,,,,,,,,,,,,,,,,,,,,,,,,,,,,,0,114,,,,,,,,,,,,,,,,,,,,,,,,,,,,,,,,
9/1/2026,2025,20260808,47801,31565,"GULFSTREAM MANAGEMENT &  OPERATING SERVICES,LLC",Natural Gas,INTERSTATE,OCS-Gulf of America,,,,,,,,,,,,,,,,,,,,,,,,,,,,,,,,,,,,,,,,,,,,,,,,,,,,,,,,,,,,,,,,,,,,,,,,,,,,,,,,,,,,,,,,,,,,,,,,,,,,,,,,,,,,,,,,,,,,,,,,,,,,,,,,,,,,,,,,,,,,,,,,,,,,,,,,,,,,,,,,,,,,,,,,,,,,,,,,,,,,,,,,,,,,,,,,,,,,0,0,,,,,,,,,,,,,,,,,,,,,,,,,,,,,,,,
9/1/2026,2025,20260152,47107,31575,THE QUINTIN LITTLE CO INC,Natural Gas,INTRASTATE,OKLAHOMA,,0,,,,,,0,0,0,,,0,,,,,,0,0,0,,,0,,,,,,0,0,0,,,0,,,,,,0,0,0,,,0,,,,,,0,0,0,,,0,,,,,,0,0,0,,,0,,,,,,0,0,0,,,0,,,,,,0,0,0,,,0,,,,,,0,0,0,,,0,,,,,,0,0,0,,,0,,,,,,0,0,0,,,0,,,,,,0,0,0,,,0,,,,,,0,0,0,,,0,,,,,,0,0,0,,,0,,,0,0,0,,,0,0,,,,,,,,,,,,,,,,,,,,,,,,,,,,,,,,,,,,,,,,,,,,,,,,,,,,,,,,,,,,,,,0,1485
9/1/2026,2025,20260152,47107,31575,THE QUINTIN LITTLE CO INC,Natural Gas,INTRASTATE,TEXAS,,,,,,,,,,,,,,,,,,,,,,,,,,,,,,,,,,,,,,,,,,,,,,,,,,,,,,,,,,,,,,,,,,,,,,,,,,,,,,,,,,,,,,,,,,,,,,,,,,,,,,,,,,,,,,,,,,,,,,,,,,,,,,,,,,,,,,,,,,,,,,,,,,,,,,,,,,,,,,,,,,,,,,,,,,,,,,,,,,,,,,,,,,,,,,,,,,,,,,,,,,,,,,,,,,,,,,,,,,,,,,,,,,,,0,548
9/1/2026,2025,20261017,48020,31577,"BBT BAMAGAS INTRASTATE, LLC",Natural Gas,INTRASTATE,ALABAMA,0,0,0,0,,,0,,,,,0,0,0,0,,,0,,,,,0,0,0,0,,,0,,,,,0,0,0,0,,,0,,,,,0,0,0,0,,,0,,,,,0,0,0,0,,,0,,,,,0,0,0,0,,,0,,,,,0,0,0,0,,,0,,,,,0,0,0,0,,,0,,,,,0,0,0,0,,,0,,,,,0,0,0,0,,,0,0,0,0,0,0,0,0,0,,,0,0,0,0,0,0,0,0,0,,,0,0,0,0,0,0,0,0,0,,0,,0,0,0,0,,,,,,,,,,,,,,,,,,,,,,,,,,,,,,,,,,,,,,,,,,0,1398,,,,,,,,,,,,,,,,,,,,,,,,,,,,,,,,
9/1/2026,2025,20261021,48024,31581,"BBT MID LOUISIANA GAS TRANSMISSION, LLC",Natural Gas,INTRASTATE,LOUISIANA,0,0,0,0,,,0,,,,,0,0,0,0,,,0,,,,,0,0,0,0,,,0,,,,,0,0,0,0,,,0,,,,,0,0,0,0,,,0,,,,,0,0,0,0,,,0,,,,,0,0,0,0,,,0,,,,,0,0,0,0,,,0,,,,,0,0,0,0,,,0,,,,,0,0,0,0,,,0,,,,,0,0,0,0,,,0,,,,,0,0,0,0,,,0,,,,,0,0,0,0,,,0,,,,,0,0,0,0,,0,,,,,,0,,0,,,,,,0,,0,,,,,,,,,,,,,,,,,,,,,,,,,,,,,,,0,2152,,,,,,,,,,,,,,,,,,,,,,,,,,,,,,,,
9/1/2026,2025,20260823,47817,31582,"ONEOK ROCKIES MIDSTREAM, LLC",Natural Gas,INTRASTATE,MONTANA,,0,,,,,,0,0,0,,,0,,,,,,0,0,0,,,0,,,,,,0,0,0,,,0,,,,,,0,0,0,,,0,,,,,,0,0,0,,,0,,,,,,0,0,0,,,0,,,,,,0,0,0,,,0,,,,,,0,0,0,,,0,,,,,,0,0,0,,,0,,,,,,0,0,0,,,0,,,,,,0,0,0,,,0,,,,,,0,0,0,,,0,,,,,,0,0,0,,,0,,,,,,0,0,0,,,0,,,0,0,0,,,0,0,,,,,,,,,,,,,,,,,,,,,,,,,,,,,,,,,,,,,,,,,,,,,,,,,,,,,,,,,1,,1,,,2,2,188
9/1/2026,2025,20260823,47817,31582,"ONEOK ROCKIES MIDSTREAM, LLC",Natural Gas,INTRASTATE,NORTH DAKOTA,,0,,,,,,0,0,0,,,0,,,,,,0,0,0,,,0,,,,,,0,0,0,,,0,,,,,,0,0,0,,,0,,,,,,0,0,0,,,0,,,,,,0,0,2,,,0,,,,,,0,0,0,,,0,,,,,,0,0,1,,,0,,,,,,0,0,0,,,0,,,,,,0,0,0,,,0,,,,,,0,0,0,,,0,,,,,,0,0,0,,,0,,,,,,0,0,0,,,0,,,,,,0,0,3,,,0,,,0,0,0,,,0,0,,,,,,,,,,,,,,,,,,,,,,,,,,,,,,,,,2,,,,1,3,,2,,,,,2,,,,,,,,,,,,1,,,,,1,6,4731
9/1/2026,2025,20260823,47817,31582,"ONEOK ROCKIES MIDSTREAM, LLC",Natural Gas,INTRASTATE,WYOMING,0,0,0,0,0,0,0,0,0,0,0,0,0,0,0,0,0,0,0,0,0,0,0,0,0,0,0,0,0,0,0,0,0,0,0,0,0,0,0,0,0,0,0,0,0,0,0,0,0,0,0,0,0,0,0,0,0,0,0,0,0,0,0,0,0,0,0,0,0,0,0,0,0,0,0,0,0,0,0,0,0,0,0,0,0,0,0,0,0,0,0,0,0,0,0,0,0,0,0,0,0,0,0,0,0,0,0,0,0,0,0,0,0,0,0,0,0,0,0,0,0,0,0,0,0,0,0,0,0,0,0,0,0,0,0,0,0,0,0,0,0,0,0,0,0,0,0,0,0,0,0,0,0,0,,,,,,,,,,,,,,,,,,,,,,,,,,,,,,,,,,,,,,,,,,0,146,,,,,,,,,,,,,,,,,,,,,,,,,,,,,,,0,463
9/1/2026,2025,20260258,47811,31584,CENTRAL IOWA POWER COOPERATIVE,Natural Gas,INTRASTATE,IOWA,0,0,0,0,,,0,,,,,0,0,0,0,,,0,,,,,0,0,0,0,,,0,,,,,0,0,0,0,,,0,,,,,0,0,0,0,,,0,,,,,0,0,0,0,,,0,,,,,0,0,0,0,,,0,,,,,0,0,0,0,,,0,,,,,0,0,0,0,,,0,,,,,0,0,0,0,,,0,,,,,0,0,0,0,,,0,0,0,0,0,0,0,0,0,,,0,0,0,0,0,0,0,0,0,,,0,0,0,0,0,0,0,0,0,,0,,0,0,0,0,0,,0,,,,,,0,,0,,,,,,,,,,,,,,,,,,,,,,,,,,,,,,,0,3,,,,,,,,,,,,,,,,,,,,,,,,,,,,,,,,
9/1/2026,2025,20260758,47746,31592,EMPIRE PIPELINE INC,Natural Gas,INTERSTATE,NEW YORK,0,0,0,0,0,0,0,0,0,0,0,0,0,0,0,0,0,0,0,0,0,0,0,0,0,0,0,0,0,0,0,0,0,0,0,0,0,0,0,0,0,0,0,0,0,0,0,0,0,0,0,0,0,0,0,0,0,0,0,0,0,0,0,0,0,0,0,0,0,0,0,0,0,0,0,0,0,0,0,0,0,0,0,0,0,0,0,0,0,0,0,0,0,0,0,0,0,0,0,0,0,0,0,0,0,0,0,0,0,0,0,0,0,0,0,0,0,0,0,0,0,0,0,0,0,0,0,0,0,0,0,0,0,0,0,0,0,0,0,0,0,0,0,0,0,0,0,0,0,0,0,0,0,0,0,,0,0,0,0,0,0,0,0,0,,,,,,,,,,,,,,,,,,,,,,,,,,,,,,,0,2354,,,,,,,,,,,,,,,,,,,,,,,,,,,,,,,0,
9/1/2026,2025,20260758,47746,31592,EMPIRE PIPELINE INC,Natural Gas,INTERSTATE,PENNSYLVANIA,0,0,0,0,0,0,0,0,0,0,0,0,0,0,0,0,0,0,0,0,0,0,0,0,0,0,0,0,0,0,0,0,0,0,0,0,0,0,0,0,0,0,0,0,0,0,0,0,0,0,0,0,0,0,0,0,0,0,0,0,0,0,0,0,0,0,0,0,0,0,0,0,0,0,0,0,0,0,0,0,0,0,0,0,0,0,0,0,0,0,0,0,0,0,0,0,0,0,0,0,0,0,0,0,0,0,0,0,0,0,0,0,0,0,0,0,0,0,0,0,0,0,0,0,0,0,0,0,0,0,0,0,0,0,0,0,0,0,0,0,0,0,0,0,0,0,0,0,0,0,0,0,0,0,0,,0,0,0,0,0,0,0,0,0,,,,,,,,,,,,,,,,,,,,,,,,,,,,,,,0,2354,,,,,,,,,,,,,,,,,,,,,,,,,,,,,,,0,
9/1/2026,2025,20261101,48112,31595,TARGA SOUTHTEX CCNG GATHERING LTD.,Natural Gas,INTRASTATE,TEXAS,0,0,0,0,0,0,0,0,0,5,0,0,0,0,0,0,0,0,0,0,0,0,0,0,0,0,0,0,0,0,0,0,0,0,0,0,0,0,0,0,0,0,0,0,0,0,0,0,0,0,0,0,0,0,0,0,0,0,0,0,0,0,0,0,1,0,0,0,0,0,0,0,0,0,0,0,0,0,0,0,0,0,0,0,0,0,0,0,0,0,0,0,0,0,0,0,0,0,0,0,0,0,0,0,0,0,0,0,0,0,0,0,0,0,0,0,0,0,0,0,0,0,0,0,0,0,0,0,0,0,0,0,0,0,0,0,0,0,0,1,0,1,0,0,0,0,0,0,0,0,1,0,7,0,0,0,0,0,0,0,0,0,0,0,0,,,,,,,,,,,,,,,,,,,,,,,,,,,,,,,0,0,,,,,,,,,,,,,,,,,,,,,,,,,,,,,,,0,2795
9/1/2026,2025,20260209,47167,31599,CITY OF SUSANVILLE,Natural Gas,INTRASTATE,CALIFORNIA,0,0,0,0,,,0,,,,,0,0,0,0,,,0,,,,,0,0,0,0,,,0,,,,,0,0,0,0,,,0,,,,,0,0,0,0,,,0,,,,,0,0,0,0,,,0,,,,,0,0,0,0,,,0,,,,,0,0,0,0,,,0,,,,,0,0,0,0,,,0,,,,,0,0,0,0,,,0,,,,,0,0,0,0,,,0,0,0,0,0,0,0,0,0,,,0,0,0,0,0,0,0,0,0,,,0,0,0,0,0,0,0,0,0,,0,,0,0,0,0,0,,0,,,,,,0,,0,,,,,,,,,,,,,,,,,,,,,,,,,,,,,,,0,402,,,,,,,,,,,,,,,,,,,,,,,,,,,,,,,,
9/1/2026,2025,20260594,47577,31608,"LDC, LLC.",Natural Gas,INTRASTATE,TEXAS,0,0,0,0,0,0,0,0,0,0,0,0,0,0,0,0,0,0,0,0,0,0,0,0,0,0,0,0,0,0,0,0,0,0,0,0,0,0,0,0,0,0,0,0,0,0,0,0,0,0,0,0,0,0,0,0,0,0,0,0,0,0,0,0,0,0,0,0,0,0,0,0,0,0,0,0,0,0,0,0,0,0,0,0,0,0,0,0,0,0,0,0,0,0,0,0,0,0,0,0,0,0,0,0,0,0,0,0,0,0,0,0,0,0,0,0,0,0,0,0,0,0,0,0,0,0,0,0,0,0,0,0,0,0,0,0,0,0,0,0,0,0,0,0,0,0,0,0,0,0,0,0,0,0,,0,0,0,0,0,0,0,0,0,0,,,,,,,,,,,,,,,,,,,,,,,,,,,,,,,0,,,,,,,,,,,,,,,,,,,,,,,,,,,,,,,,0,11
9/1/2026,2025,20260738,47725,31613,M6 MIDSTREAM LLC,Natural Gas,INTRASTATE,LOUISIANA,,0,0,0,,,,0,0,0,,,0,0,0,,,,0,0,0,,,0,0,0,,,,0,0,0,,,0,0,0,,,,0,0,0,,,0,0,0,,,,0,0,0,,,0,0,0,,,,0,0,0,,,0,0,0,,,,0,0,0,,,0,0,0,,,,0,0,0,,,0,0,0,,,,0,0,0,,,0,0,0,,,,0,0,0,,,0,0,0,,,,0,0,0,,,0,0,0,,,,0,0,0,,,0,0,0,,,,0,0,0,,,0,0,0,,,,0,0,0,,,,,,0,0,0,,,0,0,,,,,,,,,,,,,,,,,,,,,,,,,,,,,,,0,52,,,,,,,,,,,,,,,,,,,,,,,,,,,,,,,0,8018
9/1/2026,2025,20260738,47725,31613,M6 MIDSTREAM LLC,Natural Gas,INTRASTATE,TEXAS,0,0,0,0,0,0,0,1,0,0,0,0,0,0,0,0,0,0,1,0,6,0,0,0,0,0,0,0,0,0,0,0,0,0,0,0,0,0,0,0,0,0,0,0,0,0,0,0,0,0,0,0,0,0,0,0,0,0,0,0,0,0,0,0,0,0,0,0,0,0,0,0,0,0,0,0,0,0,0,0,0,0,0,0,0,0,0,0,0,0,0,0,0,0,0,0,0,0,0,0,0,0,0,0,0,0,0,0,0,0,0,0,0,0,0,0,0,0,0,0,0,0,0,0,0,0,0,0,0,0,0,0,0,0,0,0,0,0,0,0,0,0,0,0,0,0,0,0,0,0,2,0,6,0,0,0,0,0,0,0,0,0,0,0,0,,,,,,,,,,,,,,,,,,,,,,,,,,,,,,,0,2834,,,,,,,,,,,,,,,,,,,,,,,,,,,,,,,0,5207
9/1/2026,2025,20260941,47938,31618,ENTERPRISE PRODUCTS OPERATING LLC,Natural Gas,INTRASTATE,COLORADO,0,0,0,0,0,0,0,0,0,0,0,0,0,0,0,0,0,0,0,0,0,0,0,0,0,0,0,0,0,0,0,0,0,0,0,0,0,0,0,0,0,0,0,0,0,0,0,0,0,0,0,0,0,0,0,0,0,0,0,0,0,0,0,0,0,0,0,0,0,0,0,0,0,0,0,0,0,0,0,0,0,0,0,0,0,0,0,0,0,0,0,0,0,0,0,0,0,0,0,0,0,0,0,0,0,0,0,0,0,0,0,0,0,0,0,0,0,0,0,0,0,0,0,0,0,0,0,0,0,0,0,0,0,0,0,0,0,0,0,0,0,0,0,0,0,0,0,0,0,0,0,0,0,0,0,0,0,,0,0,0,,0,0,0,0,0,0,0,0,0,0,0,0,0,0,0,0,0,0,0,0,0,0,0,0,0,0,0,0,0,0,0,0,0,0,0,0,0,0,0,0,0,0,0,0,0,0,0,0,0,0,0,0,0,0,0,0,0,0,0,0,0,0,0,0,0,0,0
9/1/2026,2025,20260941,47938,31618,ENTERPRISE PRODUCTS OPERATING LLC,Natural Gas,INTRASTATE,IOWA,0,0,0,0,0,0,0,0,0,0,0,0,0,0,0,0,0,0,0,0,0,0,0,0,0,0,0,0,0,0,0,0,0,0,0,0,0,0,0,0,0,0,0,0,0,0,0,0,0,0,0,0,0,0,0,0,0,0,0,0,0,0,0,0,0,0,0,0,0,0,0,0,0,0,0,0,0,0,0,0,0,0,0,0,0,0,0,0,0,0,0,0,0,0,0,0,0,0,0,0,0,0,0,0,0,0,0,0,0,0,0,0,0,0,0,0,0,0,0,0,0,0,0,0,0,0,0,0,0,0,0,0,0,0,0,0,0,0,0,0,0,0,0,0,0,0,0,0,0,0,0,0,0,0,0,0,0,0,0,0,0,0,0,0,0,0,0,0,0,0,0,0,0,0,0,0,0,0,0,0,0,0,0,0,0,0,0,0,0,0,0,0,0,0,0,0,0,0,0,0,0,0,0,0,0,0,0,0,0,0,0,0,0,0,0,0,0,0,0,0,0,0,0,0,0,0,0,0,0
9/1/2026,2025,20260941,47938,31618,ENTERPRISE PRODUCTS OPERATING LLC,Natural Gas,INTRASTATE,KANSAS,0,0,0,0,0,0,0,0,0,0,0,0,0,0,0,0,0,0,0,0,0,0,0,0,0,0,0,0,0,0,0,0,0,0,0,0,0,0,0,0,0,0,0,0,0,0,0,0,0,0,0,0,0,0,0,0,0,0,0,0,0,0,0,0,0,0,0,0,0,0,0,0,0,0,0,0,0,0,0,0,0,0,0,0,0,0,0,0,0,0,0,0,0,0,0,0,0,0,0,0,0,0,0,0,0,0,0,0,0,0,0,0,0,0,0,0,0,0,0,0,0,0,0,0,0,0,0,0,0,0,0,0,0,0,0,0,0,0,0,0,0,0,0,0,0,0,0,0,0,0,0,0,0,0,0,0,0,0,0,0,0,0,0,0,0,0,0,0,0,0,0,0,0,0,0,0,0,0,0,0,0,0,0,0,0,0,0,0,0,0,0,0,0,0,0,0,0,0,0,0,0,0,0,0,0,0,0,0,0,0,0,0,0,0,0,0,0,0,0,0,0,0,0,0,0,0,0,0,0
9/1/2026,2025,20260941,47938,31618,ENTERPRISE PRODUCTS OPERATING LLC,Natural Gas,INTRASTATE,LOUISIANA,0,0,0,0,0,0,0,0,0,0,0,0,0,0,0,0,0,0,0,0,1,0,0,0,0,0,0,0,0,0,0,0,0,0,0,0,0,0,0,0,0,0,0,0,0,0,0,0,0,0,0,0,0,0,0,0,0,0,0,0,0,0,0,0,3,0,0,0,0,0,0,0,0,0,0,0,0,0,0,0,0,0,0,0,0,0,0,0,0,0,0,0,0,0,0,0,0,0,0,0,0,0,0,0,0,0,0,0,0,0,0,0,0,0,0,0,0,0,0,0,0,0,0,0,0,0,0,0,0,0,0,0,0,0,0,0,0,0,0,0,0,0,0,0,0,0,0,0,0,0,0,0,4,0,0,0,0,0,0,0,0,0,0,0,0,0,0,0,0,0,0,0,0,0,0,0,0,0,0,0,0,0,0,0,0,0,0,0,0,0,0,0,0,0,0,0,0,0,0,0,0,0,0,0,0,0,0,0,0,0,0,0,0,0,0,0,0,0,0,0,0,0,0,0,0,0,0,0,0
9/1/2026,2025,20260941,47938,31618,ENTERPRISE PRODUCTS OPERATING LLC,Natural Gas,INTRASTATE,NEBRASKA,0,0,0,0,0,0,0,0,0,0,0,0,0,0,0,0,0,0,0,0,0,0,0,0,0,0,0,0,0,0,0,0,0,0,0,0,0,0,0,0,0,0,0,0,0,0,0,0,0,0,0,0,0,0,0,0,0,0,0,0,0,0,0,0,0,0,0,0,0,0,0,0,0,0,0,0,0,0,0,0,0,0,0,0,0,0,0,0,0,0,0,0,0,0,0,0,0,0,0,0,0,0,0,0,0,0,0,0,0,0,0,0,0,0,0,0,0,0,0,0,0,0,0,0,0,0,0,0,0,0,0,0,0,0,0,0,0,0,0,0,0,0,0,0,0,0,0,0,0,0,0,0,0,0,0,0,0,0,0,0,0,0,0,0,0,0,0,0,0,0,0,0,0,0,0,0,0,0,0,0,0,0,0,0,0,0,0,0,0,0,0,0,0,0,0,0,0,0,0,0,0,0,0,0,0,0,0,0,0,0,0,0,0,0,0,0,0,0,0,0,0,0,0,0,0,0,0,0,0
9/1/2026,2025,20260941,47938,31618,ENTERPRISE PRODUCTS OPERATING LLC,Natural Gas,INTRASTATE,NEW MEXICO,0,0,0,0,0,0,0,0,0,0,0,0,0,0,0,0,0,0,0,0,9,0,0,0,0,0,0,0,0,0,0,0,0,0,0,0,0,0,0,0,0,0,1,0,0,0,0,0,0,0,0,0,0,3,0,0,0,0,0,0,0,0,0,0,35,0,0,0,0,0,0,0,0,0,0,1,0,0,0,0,0,0,0,0,0,0,0,0,0,0,0,0,0,0,0,0,0,0,0,0,0,0,0,0,0,0,0,0,0,0,0,0,0,0,0,0,0,0,0,0,0,0,0,0,0,0,0,0,0,0,0,0,0,0,0,0,0,0,0,0,0,0,0,0,0,0,0,0,0,0,0,0,49,0,0,0,0,,0,0,0,,0,0,0,0,0,0,0,0,0,0,0,0,0,0,0,0,0,0,0,0,0,0,0,0,0,0,0,0,0,0,0,0,0,0,0,0,0,0,0,0,0,0,0,0,0,0,0,0,0,0,0,1,1,0,0,0,0,0,0,0,0,0,0,0,0,1,0
9/1/2026,2025,20260941,47938,31618,ENTERPRISE PRODUCTS OPERATING LLC,Natural Gas,INTRASTATE,OKLAHOMA,0,0,0,0,0,0,0,0,0,0,0,0,0,0,0,0,0,0,0,0,0,0,0,0,0,0,0,0,0,0,0,0,0,0,0,0,0,0,0,0,0,0,0,0,0,0,0,0,0,0,0,0,0,0,0,0,0,0,0,0,0,0,0,0,0,0,0,0,0,0,0,0,0,0,0,0,0,0,0,0,0,0,0,0,0,0,0,0,0,0,0,0,0,0,0,0,0,0,0,0,0,0,0,0,0,0,0,0,0,0,0,0,0,0,0,0,0,0,0,0,0,0,0,0,0,0,0,0,0,0,0,0,0,0,0,0,0,0,0,0,0,0,0,0,0,0,0,0,0,0,0,0,0,0,,,0,0,0,0,0,0,0,0,0,0,0,0,0,0,0,0,0,0,0,0,0,0,0,0,0,0,0,0,0,0,0,0,0,0,0,0,0,0,0,0,0,0,0,0,0,0,0,0,0,0,0,0,0,0,0,0,0,0,0,0,0,0,0,0,0,0,0,0,0,0,0,0,0
9/1/2026,2025,20260941,47938,31618,ENTERPRISE PRODUCTS OPERATING LLC,Natural Gas,INTRASTATE,TEXAS,1,1,0,2,0,0,0,0,0,3,0,0,1,0,2,0,0,0,1,0,17,0,0,0,0,0,0,0,0,0,0,0,0,0,0,0,0,0,0,0,0,0,0,0,0,0,0,2,0,0,0,0,0,2,0,2,1,0,32,0,0,0,2,0,48,0,0,0,0,2,0,0,0,0,0,1,0,0,0,0,0,0,0,0,0,0,0,0,0,0,0,0,0,0,0,0,0,0,0,0,0,0,0,0,0,0,0,0,0,0,0,0,0,0,0,0,0,0,0,0,0,0,0,0,0,0,0,0,0,0,1,0,0,0,0,0,0,0,0,0,0,0,0,3,3,0,40,0,0,0,3,0,72,0,0,0,0,0,0,0,0,0,0,0,0,0,0,0,0,0,0,0,0,0,0,0,0,0,0,0,0,0,0,0,0,0,0,0,0,0,0,0,0,0,0,0,0,0,0,0,0,0,0,0,0,0,0,0,0,0,0,0,0,0,0,0,0,0,0,0,0,0,0,0,0,0,0,0,0
9/1/2026,2025,20260941,47938,31618,ENTERPRISE PRODUCTS OPERATING LLC,Natural Gas,INTRASTATE,WYOMING,0,0,0,0,0,0,0,0,0,0,0,0,0,0,0,0,0,0,0,0,0,0,0,0,0,0,0,0,0,0,0,0,0,0,0,0,0,0,0,0,0,0,0,0,0,0,0,0,0,0,0,0,0,0,0,0,0,0,0,0,0,0,0,0,1,0,0,0,0,0,0,0,0,0,0,0,0,0,0,0,0,0,0,0,0,0,0,0,0,0,0,0,0,0,0,0,0,0,0,0,0,0,0,0,0,0,0,0,0,0,0,0,0,0,0,0,0,0,0,0,0,0,0,0,0,0,0,0,0,0,0,0,0,0,0,0,0,0,0,0,0,0,0,0,0,0,0,0,0,0,0,0,1,0,0,0,0,,0,0,0,,0,0,0,0,0,0,0,0,0,0,0,0,0,0,0,0,0,0,0,0,0,0,0,0,0,0,0,0,0,0,0,0,0,0,0,0,0,0,0,0,0,0,0,0,0,0,0,0,0,0,0,0,0,0,0,0,0,0,0,0,0,0,0,0,0,0,0
9/1/2026,2025,20260942,47939,31618,ENTERPRISE PRODUCTS OPERATING LLC,Other Gas-Ethane,INTRASTATE,TEXAS,0,0,0,0,0,0,0,0,0,0,0,0,0,0,0,0,0,0,0,0,0,0,0,0,0,0,0,0,0,0,0,0,0,0,0,0,0,0,0,0,0,0,0,0,0,0,0,0,0,0,0,0,0,0,0,0,0,0,0,0,0,0,0,0,0,0,0,0,0,0,0,0,0,0,0,0,0,0,0,0,0,0,0,0,0,0,0,0,0,0,0,0,0,0,0,0,0,0,0,0,0,0,0,0,0,0,0,0,0,0,0,0,0,0,0,0,0,0,0,0,0,0,0,0,0,0,0,0,0,0,0,0,0,0,0,0,0,0,0,0,0,0,0,0,0,0,0,0,0,0,0,0,0,0,0,,0,0,0,0,0,0,0,0,0,0,0,0,0,0,0,0,0,0,0,0,0,0,0,0,0,0,0,0,0,0,0,0,0,0,0,0,0,0,0,0,0,,,,,,,,,,,,,,,,,,,,,,,,,,,,,,,0,
9/1/2026,2025,20261368,48382,31627,"DENBURY ONSHORE, LLC",Natural Gas,INTRASTATE,MISSISSIPPI,0,0,0,0,,,0,0,0,0,,0,0,0,0,,,0,0,0,0,,0,0,0,0,,,0,0,0,0,,0,0,0,0,,,0,0,0,0,,0,0,0,0,,,0,0,0,0,,0,0,0,0,,,0,0,0,0,,0,0,0,0,,,0,0,0,0,,0,0,0,0,,,0,0,0,0,,0,0,0,0,,,0,0,0,0,,0,0,0,0,,,0,0,0,0,,0,0,0,0,,,0,0,0,0,,0,0,0,0,,,0,0,0,0,,0,0,0,0,,,0,0,0,0,,0,0,0,0,,0,,0,0,0,,0,0,0,,0,0,0,,0,0,0,0,0,0,0,0,0,0,0,0,0,0,0,0,0,0,0,0,0,0,0,0,0,0,0,0,0,0,0,0,0,0,0,0,0,0,0,0,0,0,0,0,0,0,0,0,0,0,0,0,0,0,0,0,0,0,0,0,0,0,0,0,0,0,15
9/1/2026,2025,20261368,48382,31627,"DENBURY ONSHORE, LLC",Natural Gas,INTRASTATE,WYOMING,0,0,0,0,,,0,0,0,0,,0,0,0,0,,,0,0,0,0,,0,0,0,0,,,0,0,0,0,,0,0,0,0,,,0,0,0,0,,0,0,0,0,,,0,0,0,0,,0,0,0,0,,,0,0,0,0,,0,0,0,0,,,0,0,0,0,,0,0,0,0,,,0,0,0,0,,0,0,0,0,,,0,0,0,0,,0,0,0,0,,,0,0,0,0,,0,0,0,0,,,0,0,0,0,,0,0,0,0,,,0,0,0,0,,0,0,0,0,,,0,0,0,0,,0,0,0,0,,0,,0,0,0,,0,0,0,,0,0,0,,0,0,0,0,0,0,0,0,0,0,0,0,0,0,0,0,0,0,0,0,0,0,0,0,0,0,0,0,0,0,0,0,0,0,7,0,0,0,0,0,0,0,0,0,0,0,0,0,0,0,0,0,0,0,0,0,0,0,0,0,0,0,0,0,0,0,0
9/1/2026,2025,20260074,47027,31629,GULF PIPELINE LLC,Natural Gas,INTRASTATE,OKLAHOMA,0,0,0,0,0,0,0,0,0,0,0,0,0,0,0,0,0,0,0,0,0,0,0,0,0,0,0,0,0,0,0,0,0,0,0,0,0,0,0,0,0,0,0,0,0,0,0,0,0,0,0,0,0,0,0,0,0,0,0,0,0,0,0,0,0,0,0,0,0,0,0,0,0,0,0,0,0,0,0,0,0,0,0,0,0,0,0,0,0,0,0,0,0,0,0,0,0,0,0,0,0,0,0,0,0,0,0,0,0,0,0,0,0,0,0,0,0,0,0,0,0,0,0,0,0,0,0,0,0,0,0,0,0,0,0,0,0,0,0,0,0,0,0,0,0,0,0,0,0,0,0,0,0,0,0,0,0,0,0,0,0,0,0,0,0,,,,,,,,,,,,,,,,,,,,,,,,,,,,,,,0,0,,,,,,,,,,,,,,,,,,,,,,,,,,,,,,,0,0
9/1/2026,2025,20260985,47988,31632,NORTHWESTERN CORPORATION,Natural Gas,INTRASTATE,MONTANA,0,0,0,0,,,0,,,,,0,0,0,0,,,0,,,,,0,0,0,0,,,0,,,,,0,0,0,0,,,0,,,,,0,0,0,0,,,0,,,,,0,0,1,1,,,0,,,,,0,0,0,0,,,0,,,,,0,0,0,0,,,0,,,,,0,0,0,0,,,0,,,,,0,0,0,0,,,0,,,,,0,0,0,0,,,0,0,0,0,0,0,0,0,0,,,0,0,0,0,0,0,0,1,0,,,0,0,0,0,0,0,0,2,1,,0,,0,0,0,0,30,,0,,,,,,0,,0,,,,,,,,,,,,,,,,,1,1,,,,,,,,,,,,,1,8754,,,,,,,,,,,,,,,,,,,,,,,,,,,,,,,,
9/1/2026,2025,20260985,47988,31632,NORTHWESTERN CORPORATION,Natural Gas,INTRASTATE,SOUTH DAKOTA,0,0,0,0,0,0,0,0,0,0,0,0,0,0,0,0,0,0,0,0,0,0,0,0,0,0,0,0,0,0,0,0,0,0,0,0,0,0,0,0,0,0,0,0,0,0,0,0,0,0,0,0,0,0,0,0,0,0,0,0,0,0,0,0,0,0,0,0,0,0,0,0,0,0,0,0,0,0,0,0,0,0,0,0,0,0,0,0,0,0,0,0,0,0,0,0,0,0,0,0,0,0,0,0,0,0,0,0,0,0,0,0,0,0,0,0,0,0,0,0,0,0,0,0,0,0,0,0,0,0,0,0,0,0,0,0,0,0,0,0,0,0,0,0,0,0,0,0,0,0,0,0,0,0,0,,0,0,0,0,0,0,0,0,0,,,,,,,,,,,,,,,,,,,,,,,,,,,,,,,0,272,,,,,,,,,,,,,,,,,,,,,,,,,,,,,,,0,
9/1/2026,2025,20261224,48237,31636,NORTHERN STATES POWER CO OF MINNESOTA,Natural Gas,INTRASTATE,MINNESOTA,0,0,0,0,,,0,,,,,0,0,0,0,,,0,,,,,0,0,0,0,,,0,,,,,0,0,0,0,,,0,,,,,0,0,0,0,,,0,,,,,0,0,0,0,,,0,,,,,0,0,0,0,,,0,,,,,0,0,0,0,,,0,,,,,0,0,0,0,,,0,,,,,0,0,0,0,,,0,,,,,0,0,0,0,,,0,,,,0,0,0,0,0,,,0,,,,0,0,0,0,0,,,0,,,,0,0,0,0,0,,0,,,,,0,0,,0,,,,,,0,,0,,,,,,,,,,,,,,,,,,,,,,,,,,,,,,,0,19412,,,,,,,,,,,,,,,,,,,,,,,,,,,,,,,,
9/1/2026,2025,20261224,48237,31636,NORTHERN STATES POWER CO OF MINNESOTA,Natural Gas,INTRASTATE,SOUTH DAKOTA,0,0,0,0,,,0,,,,,0,0,0,0,,,0,,,,,0,0,0,0,,,0,,,,,0,0,0,0,,,0,,,,,0,0,0,0,,,0,,,,,0,0,0,0,,,0,,,,,0,0,0,0,,,0,,,,,0,0,0,0,,,0,,,,,0,0,0,0,,,0,,,,,0,0,0,0,,,0,,,,,0,0,0,0,,,0,,,,0,0,0,0,0,,,0,,,,0,0,0,0,0,,,0,,,,0,0,0,0,0,,0,,,,,0,,,,,,,,,,,,,,,,,,,,,,,,,,,,,,,,,,,,,,,,,,0,535,,,,,,,,,,,,,,,,,,,,,,,,,,,,,,,,
9/1/2026,2025,20260259,47217,31640,SIOUX CITY BRICK AND TILE,Natural Gas,INTRASTATE,IOWA,0,0,0,0,,,0,,,,,0,0,0,0,,,0,,,,,0,0,0,0,,,0,,,,,0,0,0,0,,,0,,,,,0,0,0,0,,,0,,,,,0,0,0,0,,,0,,,,,0,0,0,0,,,0,,,,,0,0,0,0,,,0,,,,,0,0,0,0,,,0,,,,,0,0,0,0,,,0,,,,,0,0,0,0,,,0,0,0,0,0,0,0,0,0,,,0,0,0,0,0,0,0,0,0,,,0,0,0,0,0,0,0,0,0,,0,,0,0,0,0,0,,0,,,,,,0,,0,,,,,,,,,,,,,,,,,,,,,,,,,,,,,,,0,10,,,,,,,,,,,,,,,,,,,,,,,,,,,,,,,,
9/1/2026,2025,20260970,47972,31646,PLATTE RIVER POWER AUTHORITY,Natural Gas,INTRASTATE,COLORADO,0,0,0,0,,,0,,,,,0,0,0,0,,,0,,,,,0,0,0,0,,,0,,,,,0,0,0,0,,,0,,,,,0,0,0,0,,,0,,,,,0,0,0,1,,,0,,,,,0,0,0,0,,,0,,,,,0,0,0,0,,,0,,,,,0,0,0,0,,,0,,,,,0,0,0,0,,,0,,,,,0,0,0,0,,,0,0,0,0,0,0,0,0,0,,,0,0,0,0,0,0,0,0,0,,,0,0,0,0,0,0,0,0,1,,0,,0,0,0,0,1,,0,,,,,,0,,0,,,,,,,,,,,,,,,,,,,,,,,,,,,,,,,0,1,,,,,,,,,,,,,,,,,,,,,,,,,,,,,,,0,
9/1/2026,2025,20260375,47340,31662,ARCHER DANIELS MIDLAND CO,Natural Gas,INTRASTATE,IOWA,0,0,0,0,0,0,0,0,0,0,0,0,0,0,0,0,0,0,0,0,0,0,0,0,0,0,0,0,0,0,0,0,0,0,0,0,0,0,0,0,0,0,0,0,0,0,0,0,0,0,0,0,0,0,0,0,0,0,0,0,0,0,0,0,0,0,0,0,0,0,0,0,0,0,0,0,0,0,0,0,0,0,0,0,0,0,0,0,0,0,0,0,0,0,0,0,0,0,0,0,0,0,0,0,0,0,0,0,0,0,0,0,0,0,0,0,0,0,0,0,0,0,0,0,0,0,0,0,0,0,0,0,0,0,0,0,0,0,0,0,0,0,0,0,0,0,0,0,0,0,0,0,0,0,,,,,,,,,,,,,,,,,,,,,,,,,,,,,,,,,,,,,,,,,,0,22,,,,,,,,,,,,,,,,,,,,,,,,,,,,,,,,
9/1/2026,2025,20261386,48402,31665,UNIVERSITY OF NEW HAMPSHIRE,Natural Gas,INTRASTATE,NEW HAMPSHIRE,0,0,0,0,0,0,0,0,0,0,0,0,0,0,0,0,0,0,0,0,0,0,0,0,0,0,0,0,0,0,0,0,0,0,0,0,0,0,0,0,0,0,0,0,0,0,0,0,0,0,0,0,0,0,0,0,0,0,0,0,0,0,0,0,0,0,0,0,0,0,0,0,0,0,0,0,0,0,0,0,0,0,0,0,0,0,0,0,0,0,0,0,0,0,0,0,0,0,0,0,0,0,0,0,0,0,0,0,0,0,0,0,0,0,0,0,0,0,0,0,0,0,0,0,0,0,0,0,0,0,0,0,0,0,0,0,0,0,0,0,0,0,0,0,0,0,0,0,0,0,0,0,0,0,0,,0,0,0,0,0,0,0,0,0,,,,,,,,,,,,,,,,,,,,,,,,,,,,,,,0,937,,,,,,,,,,,,,,,,,,,,,,,,,,,,,,,0,
9/1/2026,2025,20261311,48324,31684,PHILLIPS 66 PIPELINE LLC,Hydrogen Gas,INTRASTATE,LOUISIANA,0,0,0,0,,,0,,,,,0,0,0,0,,,0,,,,,0,0,0,0,,,0,,,,,0,0,0,0,,,0,,,,,0,0,0,0,,,0,,,,,0,0,0,0,,,0,,,,,0,0,0,0,,,0,,,,,0,0,0,0,,,0,,,,,0,0,0,0,,,0,,,,,0,0,0,0,,,0,,,,,0,0,0,0,,,0,0,0,0,0,0,0,0,0,,,0,0,0,0,0,0,0,0,0,,,0,0,0,0,0,0,0,0,0,,0,,0,0,0,0,0,,0,,,,,,0,,0,0,0,0,0,0,0,0,0,0,0,0,0,0,0,0,0,0,0,0,0,0,0,0,0,0,0,0,0,0,0,0,108,,,,,,,,,,,,,,,,,,,,,,,,,,,,,,,,
9/1/2026,2025,20261310,48323,31684,PHILLIPS 66 PIPELINE LLC,Natural Gas,INTRASTATE,CALIFORNIA,0,0,0,0,,,0,,,,,0,0,0,0,,,0,,,,,0,0,0,0,,,0,,,,,0,0,0,0,,,0,,,,,0,0,0,0,,,0,,,,,0,0,0,0,,,0,,,,,0,0,0,0,,,0,,,,,0,0,0,0,,,0,,,,,0,0,0,0,,,0,,,,,0,0,0,0,,,0,,,,,0,0,0,0,,,0,,,,,0,0,0,0,,,0,,,,,0,0,0,0,,,0,,,,,0,0,0,0,,0,,,,,,0,,0,,,,,,0,,0,0,0,0,0,0,0,0,0,0,0,0,0,0,0,0,0,0,0,0,0,0,0,0,0,0,0,0,0,0,0,0,45,,,,,,,,,,,,,,,,,,,,,,,,,,,,,,,,
9/1/2026,2025,20261310,48323,31684,PHILLIPS 66 PIPELINE LLC,Natural Gas,INTRASTATE,LOUISIANA,0,0,0,0,,,0,,,,,0,0,0,0,,,0,,,,,0,0,0,0,,,0,,,,,0,0,0,0,,,0,,,,,0,0,0,0,,,0,,,,,0,0,0,0,,,0,,,,,0,0,0,0,,,0,,,,,0,0,0,0,,,0,,,,,0,0,0,0,,,0,,,,,0,0,0,0,,,0,,,,,0,0,0,0,,,0,,,,,0,0,0,0,,,0,,,,,0,0,0,0,,,0,,,,,0,0,0,0,,0,,,,,,0,,0,,,,,,0,,0,0,0,0,0,0,0,0,0,0,0,0,0,0,0,0,0,0,0,0,0,0,0,0,0,0,0,0,0,0,0,0,71,,,,,,,,,,,,,,,,,,,,,,,,,,,,,,,,
9/1/2026,2025,20261310,48323,31684,PHILLIPS 66 PIPELINE LLC,Natural Gas,INTRASTATE,TEXAS,0,0,0,0,,,0,,,,,0,0,0,0,,,0,,,,,0,0,0,0,,,0,,,,,0,0,0,0,,,0,,,,,0,0,0,0,,,0,,,,,0,0,0,0,,,0,,,,,0,0,0,0,,,0,,,,,0,0,0,0,,,0,,,,,0,0,0,0,,,0,,,,,0,0,0,0,,,0,,,,,0,0,0,0,,,0,0,0,0,0,0,0,0,0,,,0,0,0,0,0,0,0,0,0,,,0,0,0,0,0,0,0,0,0,,0,,0,0,0,0,0,,0,,,,,,0,,0,0,0,0,0,0,0,0,0,0,0,0,0,0,0,0,0,0,0,0,0,0,0,0,0,0,0,0,0,0,0,0,9,,,,,,,,,,,,,,,,,,,,,,,,,,,,,,,,
9/1/2026,2025,20261426,48459,31685,AZTECA MILLING LP,Natural Gas,INTRASTATE,TEXAS,0,0,0,0,0,0,0,0,0,0,0,0,0,0,0,0,0,0,0,0,0,0,0,0,0,0,0,0,0,0,0,0,0,0,0,0,0,0,0,0,0,0,0,0,0,0,0,0,0,0,0,0,0,0,0,0,0,0,0,0,0,0,0,0,0,0,0,0,0,0,0,0,0,0,0,0,0,0,0,0,0,0,0,0,0,0,0,0,0,0,0,0,0,0,0,0,0,0,0,0,0,0,0,0,0,0,0,0,0,0,0,0,0,0,0,0,0,0,0,0,0,0,0,0,0,0,0,0,0,0,0,0,0,0,0,0,0,0,0,0,0,0,0,0,0,0,0,0,0,0,0,0,0,0,0,,0,,,,,,0,,0,,,,,,,,,,,,,,,,,,,,,,,,,,,,,,,0,93,,,,,,,,,,,,,,,,,,,,,,,,,,,,,,,,
9/1/2026,2025,20260809,47802,31687,"HILL-LAKE GAS STORAGE, LLC",Natural Gas,INTRASTATE,TEXAS,0,0,0,0,,,0,,,,,0,0,0,0,,,0,,,,,0,0,0,0,,,0,,,,,0,0,0,0,,,0,,,,,0,0,0,0,,,0,,,,,0,0,0,0,,,0,,,,,0,0,0,0,,,0,,,,,0,0,0,0,,,0,,,,,0,0,0,0,,,0,,,,,0,0,0,0,,,0,,,,,0,0,0,0,,,0,0,0,0,0,0,0,0,0,,,0,0,0,0,0,0,0,0,1,,,0,0,0,0,0,0,0,0,1,,0,,0,0,0,0,,,,,,,,,,,,,,,,,,,,,,,,,,,,,,,,,,,,,,,,,,0,357,,,,,,,,,,,,,,,,,,,,,,,,,,,,,,,,
9/1/2026,2025,20260666,47651,31688,AMERICO ENERGY RESOURCES LLC,Natural Gas,INTRASTATE,TEXAS,0,0,0,0,0,0,0,0,0,0,0,0,0,0,0,0,0,0,0,0,0,0,0,0,0,0,0,0,0,0,0,0,0,0,0,0,0,0,0,0,0,0,0,0,0,0,0,0,0,0,0,0,0,0,0,0,0,0,0,0,0,0,0,0,0,0,0,0,0,0,0,0,0,0,0,0,0,0,0,0,0,0,0,0,0,0,0,0,0,0,0,0,0,0,0,0,0,0,0,0,0,0,0,0,0,0,0,0,0,0,0,0,0,0,0,0,0,0,0,0,0,0,0,0,0,0,0,0,0,0,0,0,0,0,0,0,0,0,0,0,0,0,0,0,0,0,0,0,0,0,0,0,0,0,,0,0,0,0,0,0,0,0,0,0,,,,,,,,,,,,,,,,,,,,,,,,,,,,,,,0,,,,,,,,,,,,,,,,,,,,,,,,,,,,,,,,0,2352
9/1/2026,2025,20261172,48185,31697,"LODI GAS STORAGE, LLC",Natural Gas,INTRASTATE,CALIFORNIA,0,0,0,0,0,0,0,0,0,0,0,0,0,0,0,0,0,0,0,0,0,0,0,0,0,0,0,0,0,0,0,0,0,0,0,0,0,0,0,0,0,0,0,0,0,0,0,0,0,0,0,0,0,0,0,0,0,0,0,0,0,0,0,0,0,0,0,0,0,0,0,0,0,0,0,0,0,0,0,0,0,0,0,0,0,0,0,0,0,0,0,0,0,0,0,0,0,0,0,0,0,0,0,0,0,0,0,0,0,0,0,0,0,0,0,0,0,0,0,0,0,0,0,0,0,0,0,0,0,0,0,0,0,0,0,0,0,0,0,0,0,0,0,0,0,0,0,0,0,0,0,0,0,0,0,,0,0,0,0,0,0,0,0,0,,,,,,,,,,,,,,,,,,,,,,,,,,,,,,,0,315,,,,,,,,,,,,,,,,,,,,,,,,,,,,,,,0,
9/1/2026,2025,20261004,48007,31703,"WILLIAMS MLP OPERATING, LLC",Natural Gas,INTRASTATE,OHIO,,,,,,,,0,0,0,,,,,,,,,0,0,0,,,,,,,,,0,0,0,,,,,,,,,0,0,0,,,,,,,,,0,0,0,,,,,,,,,0,0,4,,,,,,,,,,0,0,,,,,,,,,0,0,0,,,,,,,,,0,0,0,,,,,,,,,0,0,0,,,,,,,,,0,0,0,,,,,,,,,0,0,0,,,,,,,,,0,0,0,,,,,,,,,0,0,4,,,0,,,0,0,0,,,0,0,,,,,,,,,,,,,,,,,,,,,,,,,,,,,,,,,,,,,,,,,,,,,,,,,,,,,,,,,,,,,,,0,0
9/1/2026,2025,20261004,48007,31703,"WILLIAMS MLP OPERATING, LLC",Natural Gas,INTRASTATE,OKLAHOMA,,,,,,,,,0,0,,,,,,,,,,0,0,,,,,,,,,,0,0,,,,,,,,,,0,0,,,,,,,,,,0,0,,,,,,,,,,0,2,,,,,,,,,,0,1,,,,,,,,,,0,0,,,,,,,,,,0,0,,,,,,,,,,0,0,,,,,,,,,,0,1,,,,,,,,,,0,0,,,,,,,,,,0,0,,,,,,,,,,0,4,,,0,,,,0,0,,,0,0,,,,,,,,,,,,,,,,,,,,,,,,,,,,,,,,,,,,,,,,,,,,,,,,,,,,,,,,,,,,,,,0,0
9/1/2026,2025,20261004,48007,31703,"WILLIAMS MLP OPERATING, LLC",Natural Gas,INTRASTATE,PENNSYLVANIA,,,,,,,,0,,0,,,,,,,,,0,,0,,,,,,,,,0,,0,,,,,,,,,0,,0,,,,,,,,,0,,0,,,,,,,,,0,,6,,,,,,,,,0,,0,,,,,,,,,0,,0,,,,,,,,,0,,0,,,,,,,,,0,,0,,,,,,,,,0,,0,,,,,,,,,0,,0,,,,,,,,,0,,0,,,,,,,,,0,,6,,,,,,,,,,,,,,,,,,,,,,,,,,,,,,,,,,,,,,,,,,,,,,,,,,,,,,,,,,,,,,,,,,,,,,,,,,,0,0
9/1/2026,2025,20261004,48007,31703,"WILLIAMS MLP OPERATING, LLC",Natural Gas,INTRASTATE,TEXAS,,,,,,,,0,0,0,,,,,,,,,0,0,0,,,,,,,,,0,0,0,,,,,,,,,0,0,0,,,,,,,,,0,0,0,,,,,,,,,2,0,25,,,,,,,,,0,0,0,,,,,,,,,0,0,0,,,,,,,,,0,0,0,,,,,,,,,0,0,0,,,,,,,,,0,0,2,,,,,,,,,2,0,0,,,,,,,,,0,0,3,,,,,,,,,4,0,30,,,,,,,,,,,,,,,,,,,,,,,,,,,,,,,,,,,,,,,,,,,,,,,,,,,,,,,,,,,,,,,,,,,,,,,,,,,0,0
9/1/2026,2025,20261004,48007,31703,"WILLIAMS MLP OPERATING, LLC",Natural Gas,INTRASTATE,WEST VIRGINIA,,,,,,,,0,,0,,,,,,,,,0,,0,,,,,,,,,0,,0,,,,,,,,,0,,0,,,,,,,,,0,,0,,,,,,,,,0,,7,,,,,,,,,0,,0,,,,,,,,,0,,0,,,,,,,,,0,,0,,,,,,,,,0,,0,,,,,,,,,0,,0,,,,,,,,,0,,0,,,,,,,,,0,,0,,,,,,,,,0,,7,,,,,,,,,,,,,,,,,,,,,,,,,,,,,,,,,,,,,,,,,,,,,,,,,,,,,,,,,,,,,,,,,,,,,,,,,,,0,0
9/1/2026,2025,20260856,47852,31705,KATY STORAGE & TRANSPORTATION LP,Natural Gas,INTRASTATE,TEXAS,0,0,0,0,,,0,,,,,0,0,0,0,,,0,,,,,0,0,0,0,,,0,,,,,0,0,0,0,,,0,,,,,0,0,0,0,,,0,,,,,0,0,0,0,,,0,,,,,0,0,0,0,,,0,,,,,0,0,0,0,,,0,,,,,0,0,0,0,,,0,,,,,0,0,0,0,,,0,,,,,0,0,0,0,,,0,0,0,0,0,0,0,0,0,,,0,0,0,0,0,0,0,0,0,,,0,0,0,0,0,0,0,0,0,,0,,0,0,0,0,0,,0,,,,,,0,,0,0,0,0,0,0,0,0,0,0,0,0,0,0,0,0,0,0,0,0,0,0,0,0,0,0,0,0,0,0,0,0,617,,,,,,,,,,,,,,,,,,,,,,,,,,,,,,,,
9/1/2026,2025,20260745,47733,31707,CHEVRON U.S.A. INC - PERMIAN BASIN,Natural Gas,INTRASTATE,NEW MEXICO,0,0,0,0,0,0,0,0,0,0,0,0,0,0,0,0,0,0,0,0,0,0,0,0,0,0,0,0,0,0,0,0,0,0,0,0,0,0,0,0,0,0,0,0,0,0,0,0,0,0,0,0,0,0,0,0,0,0,0,0,0,0,0,0,0,0,0,0,0,0,0,0,0,0,0,0,0,0,0,0,0,0,0,0,0,0,0,0,0,0,0,0,0,0,0,0,0,0,0,0,0,0,0,0,0,0,0,0,0,0,0,0,0,0,0,0,0,0,0,0,0,0,0,0,0,0,0,0,0,0,0,0,0,0,0,0,0,0,0,0,0,0,0,0,0,0,0,0,0,0,0,0,0,0,,0,0,0,0,0,0,0,0,0,0,,,,,,,,,,,,,,,,,,,,,,,,,,,,,,,0,,0,0,0,0,0,0,0,0,0,0,0,0,0,0,0,0,0,0,0,0,0,0,0,0,0,0,0,0,0,0,0,204
9/1/2026,2025,20260745,47733,31707,CHEVRON U.S.A. INC - PERMIAN BASIN,Natural Gas,INTRASTATE,TEXAS,0,0,0,0,0,0,0,0,0,0,0,0,0,0,0,0,0,0,0,0,0,0,0,0,0,0,0,0,0,0,0,0,0,0,0,0,0,0,0,0,0,0,0,0,0,0,0,0,0,0,0,0,0,0,0,0,0,0,0,0,0,0,0,0,0,0,0,0,0,0,0,0,0,0,0,0,0,0,0,0,0,0,0,0,0,0,0,0,0,0,0,0,0,0,0,0,0,0,0,0,0,0,0,0,0,0,0,0,0,0,0,0,0,0,0,0,0,0,0,0,0,0,0,0,0,0,0,0,0,0,0,0,0,0,0,0,0,0,0,0,0,0,0,0,0,0,0,0,0,0,0,0,0,0,,0,0,0,0,0,0,0,0,0,0,,,,,,,,,,,,,,,,,,,,,,,,,,,,,,,0,,0,0,0,0,0,0,0,0,0,0,0,0,0,0,0,0,0,0,0,0,0,0,0,0,0,0,0,0,0,0,0,470
9/1/2026,2025,20260290,47248,31708,WAGNER OIL COMPANY,Natural Gas,INTRASTATE,TEXAS,,0,,,,,,0,0,0,,,0,,,,,,0,0,0,,,0,,,,,,0,0,0,,,0,,,,,,0,0,0,,,0,,,,,,0,0,0,,,0,,,,,,0,0,0,,,0,,,,,,0,0,0,,,0,,,,,,0,0,0,,,0,,,,,,0,0,0,,,0,,,,,,0,0,0,,,0,,,,,,0,0,0,,,0,,,,,,0,0,0,,,0,,,,,,0,0,0,,,0,,,,,,0,0,0,,,0,,,0,0,0,,,0,0,,,,,,,,,,,,,,,,,,,,,,,,,,,,,,,,,,,,,,,,,,,,,,,,,,,,,,,,,,,,,,,0,83
9/1/2026,2025,20261223,48236,31711,"SOUTHERN STAR CENTRAL GAS PIPELINE, INC",Natural Gas,INTERSTATE,COLORADO,0,0,0,0,0,0,0,0,0,0,0,0,0,0,0,0,0,0,0,0,0,0,0,0,0,0,0,0,0,0,0,0,0,0,0,0,0,0,0,0,0,0,0,0,0,0,0,0,0,0,0,0,0,0,0,0,0,0,0,0,0,0,0,0,0,0,0,0,0,0,0,0,0,0,0,0,0,0,0,0,0,0,0,0,0,0,0,0,0,0,0,0,0,0,0,0,0,0,0,0,0,0,0,0,0,0,0,0,0,0,0,0,0,0,0,0,0,0,0,0,0,0,0,0,0,0,0,0,0,0,0,0,0,0,0,0,0,0,0,0,0,0,0,0,0,0,0,0,0,0,0,0,0,0,0,,0,0,0,0,0,0,0,0,0,0,0,0,0,0,0,0,0,0,0,0,0,0,0,0,0,0,0,0,0,0,0,0,0,0,0,0,0,0,0,0,153,,,,,,,,,,,,,,,,,,,,,,,,,,,,,,,0,
9/1/2026,2025,20261223,48236,31711,"SOUTHERN STAR CENTRAL GAS PIPELINE, INC",Natural Gas,INTERSTATE,KANSAS,0,0,0,1,,,0,,,,,0,0,0,4,,,0,,,,,0,0,0,0,,,0,,,,,0,0,0,0,,,0,,,,,0,0,0,3,,,0,,,,,1,1,0,5,,,0,,,,,0,0,0,5,,,0,,,,,0,0,0,0,,,0,,,,,0,0,0,0,,,0,,,,,0,0,0,0,,,0,,,,,0,0,0,0,,,0,0,0,0,0,0,0,1,0,,,0,0,0,0,0,0,0,0,1,,,0,0,0,0,0,1,1,1,19,,0,,0,0,0,0,0,,0,,,,,,0,,0,0,0,0,0,0,0,0,0,0,0,0,0,0,0,0,0,0,0,0,0,0,0,0,0,0,0,0,1,0,1,1,21708,,,,,,,,,,,,,,,,,,,,,,,,,,,,,,,,
9/1/2026,2025,20261223,48236,31711,"SOUTHERN STAR CENTRAL GAS PIPELINE, INC",Natural Gas,INTERSTATE,MISSOURI,0,0,0,0,0,0,0,0,0,0,0,0,0,0,0,0,0,0,0,0,0,0,0,0,0,0,0,0,0,0,0,0,0,0,0,0,0,0,0,0,0,0,0,0,0,0,0,0,0,0,0,0,0,0,0,0,0,0,0,0,0,0,0,0,0,0,0,0,0,0,0,0,0,0,0,0,0,0,0,0,0,0,0,0,0,0,0,0,0,0,0,0,0,0,0,0,0,0,0,0,0,0,0,0,0,0,0,0,0,0,0,0,0,0,0,0,0,0,0,0,0,0,0,0,0,0,0,0,0,0,0,0,0,0,0,0,0,0,0,0,0,0,0,0,0,0,0,0,0,0,0,0,0,0,0,,0,0,0,0,0,0,0,0,0,1,0,0,0,0,1,0,0,0,0,0,0,0,0,0,0,0,0,0,0,0,0,0,0,0,0,0,0,0,0,1,9426,,,,,,,,,,,,,,,,,,,,,,,,,,,,,,,0,
9/1/2026,2025,20261223,48236,31711,"SOUTHERN STAR CENTRAL GAS PIPELINE, INC",Natural Gas,INTERSTATE,NEBRASKA,0,0,0,0,,,0,,,,,0,0,0,0,,,0,,,,,0,0,0,0,,,0,,,,,0,0,0,0,,,0,,,,,0,0,0,0,,,0,,,,,0,0,0,0,,,0,,,,,0,0,0,0,,,0,,,,,0,0,0,0,,,0,,,,,0,0,0,0,,,0,,,,,0,0,0,0,,,0,,,,,0,0,0,0,,,0,0,0,0,0,0,0,0,0,,,0,0,0,0,0,0,0,0,0,,,0,0,0,0,0,0,0,0,0,,0,,0,0,0,0,0,,0,,,,,,0,,0,0,0,0,0,0,0,0,0,0,0,0,0,0,0,0,0,0,0,0,0,0,0,0,0,0,0,0,0,0,0,0,15,,,,,,,,,,,,,,,,,,,,,,,,,,,,,,,,
9/1/2026,2025,20261223,48236,31711,"SOUTHERN STAR CENTRAL GAS PIPELINE, INC",Natural Gas,INTERSTATE,OKLAHOMA,0,0,0,1,0,0,0,0,0,0,0,0,0,0,0,0,0,0,0,0,0,0,0,0,0,0,0,0,0,0,0,0,0,0,0,0,0,0,0,0,0,0,0,0,0,0,0,1,0,0,0,0,0,0,0,0,0,0,6,0,0,0,0,0,0,0,0,0,0,0,0,0,0,0,0,0,0,0,0,0,0,0,0,0,0,0,0,0,0,0,0,0,0,0,0,0,0,0,0,0,0,0,0,0,0,0,0,0,0,0,0,0,0,0,0,0,0,0,0,0,0,0,0,0,0,0,0,0,0,0,0,0,0,0,0,0,0,0,0,0,0,0,0,0,0,0,8,0,0,0,0,0,0,0,0,,0,0,0,0,0,0,0,0,0,0,0,0,0,0,0,0,0,0,0,0,0,0,0,0,0,0,0,0,0,0,0,0,0,0,0,0,0,0,0,0,7555,,,,,,,,,,,,,,,,,,,,,,,,,,,,,,,0,
9/1/2026,2025,20261223,48236,31711,"SOUTHERN STAR CENTRAL GAS PIPELINE, INC",Natural Gas,INTERSTATE,TEXAS,0,0,0,0,,,0,,,,,0,0,0,0,,,0,,,,,0,0,0,0,,,0,,,,,0,0,0,0,,,0,,,,,0,0,0,0,,,0,,,,,0,0,0,0,,,0,,,,,0,0,0,0,,,0,,,,,0,0,0,0,,,0,,,,,0,0,0,0,,,0,,,,,0,0,0,0,,,0,,,,,0,0,0,0,,,0,0,0,0,0,0,0,0,0,,,0,0,0,0,0,0,0,0,0,,,0,0,0,0,0,0,0,0,0,,0,,0,0,0,0,0,,0,,,,,,0,,0,0,0,0,0,0,0,0,0,0,0,0,0,0,0,0,0,0,0,0,0,0,0,0,0,0,0,0,0,0,0,0,50,,,,,,,,,,,,,,,,,,,,,,,,,,,,,,,,
9/1/2026,2025,20261223,48236,31711,"SOUTHERN STAR CENTRAL GAS PIPELINE, INC",Natural Gas,INTERSTATE,WYOMING,0,0,0,0,0,0,0,0,0,0,0,0,0,0,0,0,0,0,0,0,0,0,0,0,0,0,0,0,0,0,0,0,0,0,0,0,0,0,0,0,0,0,0,0,0,0,0,0,0,0,0,0,0,0,0,0,0,0,1,0,0,0,0,0,0,0,0,0,0,0,0,0,0,0,0,0,0,0,0,0,0,0,0,0,0,0,0,0,0,0,0,0,0,0,0,0,0,0,0,0,0,0,0,0,0,0,0,0,0,0,0,0,0,0,0,0,0,0,0,0,0,0,0,0,0,0,0,0,0,0,0,0,0,0,0,0,0,0,0,0,0,0,0,0,0,0,1,0,0,0,0,0,0,0,0,,0,0,0,0,0,0,0,0,0,0,0,0,0,0,0,0,0,0,0,0,0,0,0,0,0,0,0,0,0,0,0,0,0,0,0,0,0,0,0,0,151,,,,,,,,,,,,,,,,,,,,,,,,,,,,,,,0,
9/1/2026,2025,20261223,48236,31711,"SOUTHERN STAR CENTRAL GAS PIPELINE, INC",Natural Gas,INTRASTATE,OKLAHOMA,0,0,0,0,,,0,,,,,0,0,0,0,,,0,,,,,0,0,0,0,,,0,,,,,0,0,0,0,,,0,,,,,0,0,0,0,,,0,,,,,0,0,0,0,,,0,,,,,0,0,0,0,,,0,,,,,0,0,0,0,,,0,,,,,0,0,0,0,,,0,,,,,0,0,0,0,,,0,,,,,0,0,0,0,,,0,,,,,0,0,0,0,,,0,,,,,0,0,0,0,,,0,,,,,0,0,0,0,,0,,,,,,0,,0,,,,,,0,,0,0,0,0,0,0,0,0,0,0,0,0,0,0,0,0,0,0,0,0,0,0,0,0,0,0,0,0,0,0,0,0,0,,,,,,,,,,,,,,,,,,,,,,,,,,,,,,,,
9/1/2026,2025,20260877,47873,31712,"GUARDIAN PIPELINE, LLC",Natural Gas,INTERSTATE,ILLINOIS,0,0,0,0,,,0,,,,,0,0,0,0,,,0,,,,,0,0,0,0,,,0,,,,,0,0,0,0,,,0,,,,,0,0,0,0,,,0,,,,,0,0,0,0,,,0,,,,,0,0,0,0,,,0,,,,,0,0,0,0,,,0,,,,,0,0,0,0,,,0,,,,,0,0,0,0,,,0,,,,,0,0,0,0,,,0,0,0,0,0,0,0,0,0,,,0,0,0,0,0,0,0,0,0,,,0,0,0,0,0,0,0,0,0,,0,,0,0,0,0,,,,,,,,,,,,,,,,,,,,,,,,,,,,,,,,,,,,,,,,,,0,1065,,,,,,,,,,,,,,,,,,,,,,,,,,,,,,,,
9/1/2026,2025,20260877,47873,31712,"GUARDIAN PIPELINE, LLC",Natural Gas,INTERSTATE,WISCONSIN,0,0,0,0,0,0,0,0,0,0,0,0,0,0,0,0,0,0,0,0,0,0,0,0,0,0,0,0,0,0,0,0,0,0,0,0,0,0,0,0,0,0,0,0,0,0,0,0,0,0,0,0,0,0,0,0,0,0,0,0,0,0,0,0,0,0,0,0,0,0,0,0,0,0,0,0,0,0,0,0,0,0,0,0,0,0,0,0,0,0,0,0,0,0,0,0,0,0,0,0,0,0,0,0,0,0,0,0,0,0,0,0,0,0,0,0,0,0,0,0,0,0,0,0,0,0,0,0,0,0,0,0,0,0,0,0,0,0,0,0,0,0,0,0,0,0,0,0,0,0,0,0,0,0,0,,0,0,0,0,0,0,0,0,0,,,,,,,,,,,,,,,,,,,,,,,,,,,,,,,0,1103,,,,,,,,,,,,,,,,,,,,,,,,,,,,,,,0,
9/1/2026,2025,20261095,48105,31719,HILAND PARTNERS HOLDINGS LLC,Natural Gas,INTRASTATE,MONTANA,0,0,0,0,0,0,0,0,0,0,0,0,0,0,0,0,0,0,0,0,0,0,0,0,0,0,0,0,0,0,0,0,0,0,0,0,0,0,0,0,0,0,0,0,0,0,0,0,0,0,0,0,0,1,0,0,0,0,0,0,0,0,0,0,0,0,0,0,0,0,0,0,0,0,0,0,0,0,0,0,0,0,0,0,0,0,0,0,0,0,0,0,0,0,0,0,0,0,0,0,0,0,0,0,0,0,0,0,0,0,0,0,0,0,0,0,0,0,0,0,0,0,0,0,0,0,0,0,0,0,0,0,0,0,0,0,0,0,0,0,0,0,0,0,0,0,0,0,0,0,0,0,1,0,0,0,0,0,0,0,0,0,0,0,0,0,0,0,0,0,0,0,0,0,0,0,0,0,0,0,0,0,0,0,0,0,0,0,0,0,0,0,0,0,0,0,26,0,0,0,0,0,0,0,0,0,0,0,0,0,0,0,0,0,0,0,0,0,0,0,0,0,0,0,0,0,0,0,399
9/1/2026,2025,20261095,48105,31719,HILAND PARTNERS HOLDINGS LLC,Natural Gas,INTRASTATE,NORTH DAKOTA,0,0,0,0,,,0,0,0,0,,0,0,0,0,,,0,0,0,0,,0,0,0,0,,,0,0,0,0,,0,0,0,0,,,0,0,0,0,,0,0,0,0,,,0,0,0,0,,0,0,0,0,,,0,0,0,0,,0,0,0,0,,,0,0,0,0,,0,0,0,0,,,0,0,0,0,,0,0,0,0,,,0,0,0,0,,0,0,0,0,,,0,0,0,0,,0,0,0,0,,,0,0,0,0,,0,0,0,0,,,0,0,0,0,,0,0,0,0,,,0,0,0,0,,0,0,0,0,,0,,0,0,0,,0,0,0,,0,0,0,,0,0,0,0,0,0,0,0,0,0,0,0,0,0,0,0,0,0,0,0,0,0,0,0,0,0,0,0,0,0,0,0,0,0,133,0,0,0,0,0,0,0,0,0,0,0,0,0,0,0,0,0,0,0,0,0,0,0,0,0,0,1,0,0,1,1,5873
9/1/2026,2025,20260778,47770,31724,SOUTHERN COMPANY PIPELINES,Landfill Gas,INTRASTATE,TENNESSEE,0,0,0,0,0,0,0,0,0,0,0,0,0,0,0,0,0,0,0,0,0,0,0,0,0,0,0,0,0,0,0,0,0,0,0,0,0,0,0,0,0,0,0,0,0,0,0,0,0,0,0,0,0,0,0,0,0,0,0,0,0,0,0,0,0,0,0,0,0,0,0,0,0,0,0,0,0,0,0,0,0,0,0,0,0,0,0,0,0,0,0,0,0,0,0,0,0,0,0,0,0,0,0,0,0,0,0,0,0,0,0,0,0,0,0,0,0,0,0,0,0,0,0,0,0,0,0,0,0,0,0,0,0,0,0,0,0,0,0,0,0,0,0,0,0,0,0,0,0,0,0,0,0,0,,0,0,0,0,0,0,0,0,0,0,,,,,,,,,,,,,,,,,,,,,,,,,,,,,,,0,,0,0,0,0,0,0,0,0,0,0,0,0,0,0,0,0,0,0,0,0,0,0,0,0,0,0,0,0,0,0,0,213
9/1/2026,2025,20260779,47771,31724,SOUTHERN COMPANY PIPELINES,Natural Gas,INTRASTATE,ALABAMA,0,0,0,0,0,0,0,0,0,0,0,0,0,0,0,0,0,0,0,0,0,0,0,0,0,0,0,0,0,0,0,0,0,0,0,0,0,0,0,0,0,0,0,0,0,0,0,0,0,0,0,0,0,0,0,0,0,0,0,0,0,0,0,0,0,0,0,0,0,0,0,0,0,0,0,0,0,0,0,0,0,0,0,0,0,0,0,0,0,0,0,0,0,0,0,0,0,0,0,0,0,0,0,0,0,0,0,0,0,0,0,0,0,0,0,0,0,0,0,0,0,0,0,0,0,0,0,0,0,0,0,0,0,0,0,0,0,0,0,0,0,0,0,0,0,0,0,0,0,0,0,0,0,0,0,,0,0,0,0,0,0,0,0,0,1,0,0,0,0,1,0,0,0,0,0,0,0,0,0,0,0,0,0,0,0,0,0,0,0,0,0,0,0,0,1,189,,,,,,,,,,,,,,,,,,,,,,,,,,,,,,,0,
9/1/2026,2025,20260779,47771,31724,SOUTHERN COMPANY PIPELINES,Natural Gas,INTRASTATE,GEORGIA,0,0,0,0,0,0,0,0,0,0,0,0,0,0,0,0,0,0,0,0,0,0,0,0,0,0,0,0,0,0,0,0,0,0,0,0,0,0,0,0,0,0,0,0,0,0,0,0,0,0,0,0,0,0,0,0,0,0,0,0,0,0,0,0,0,0,0,0,0,0,0,0,0,0,0,0,0,0,0,0,0,0,0,0,0,0,0,0,0,0,0,0,0,0,0,0,0,0,0,0,0,0,0,0,0,0,0,0,0,0,0,0,0,0,0,0,0,0,0,0,0,0,0,0,0,0,0,0,0,0,0,0,0,0,0,0,0,0,0,0,0,0,0,0,0,0,0,0,0,0,0,0,0,0,0,,0,0,0,0,0,0,0,0,0,0,0,0,0,0,0,0,0,0,0,0,0,0,0,0,0,0,0,0,0,0,0,0,0,0,0,0,0,0,0,0,536,,,,,,,,,,,,,,,,,,,,,,,,,,,,,,,0,
9/1/2026,2025,20260779,47771,31724,SOUTHERN COMPANY PIPELINES,Natural Gas,INTRASTATE,MISSISSIPPI,0,0,0,0,0,0,0,0,0,0,0,0,0,0,0,0,0,0,0,0,0,0,0,0,0,0,0,0,0,0,0,0,0,0,0,0,0,0,0,0,0,0,0,0,0,0,0,0,0,0,0,0,0,0,0,0,0,0,0,0,0,0,0,0,0,0,0,0,0,0,0,0,0,0,0,0,0,0,0,0,0,0,0,0,0,0,0,0,0,0,0,0,0,0,0,0,0,0,0,0,0,0,0,0,0,0,0,0,0,0,0,0,0,0,0,0,0,0,0,0,0,0,0,0,0,0,0,0,0,0,0,0,0,0,0,0,0,0,0,0,0,0,0,0,0,0,0,0,0,0,0,0,0,0,0,,0,0,0,0,0,0,0,0,0,0,0,0,0,0,0,0,0,0,0,0,0,0,0,0,0,0,0,0,0,0,0,0,0,0,0,0,0,0,0,0,376,,,,,,,,,,,,,,,,,,,,,,,,,,,,,,,0,
9/1/2026,2025,20261170,48183,31727,"KINDER MORGAN KEYSTONE GAS STORAGE, LLC",Natural Gas,INTRASTATE,TEXAS,0,0,0,0,0,0,0,0,0,0,0,0,0,0,0,0,0,0,0,0,0,0,0,0,0,0,0,0,0,0,0,0,0,0,0,0,0,0,0,0,0,0,0,0,0,0,0,0,0,0,0,0,0,0,0,0,0,0,0,0,0,0,0,0,0,0,0,0,0,0,0,0,0,0,0,0,0,0,0,0,0,0,0,0,0,0,0,0,0,0,0,0,0,0,0,0,0,0,0,0,0,0,0,0,0,0,0,0,0,0,0,0,0,0,0,0,0,0,0,0,0,0,0,0,0,0,0,0,0,0,0,0,0,0,0,0,0,0,0,0,0,0,0,0,0,0,0,0,0,0,0,0,0,0,0,,0,0,0,0,0,0,0,0,0,,,,,,,,,,,,,,,,,,,,,,,,,,,,,,,0,51,,,,,,,,,,,,,,,,,,,,,,,,,,,,,,,0,
9/1/2026,2025,20260854,47850,31728,"GULF SOUTH PIPELINE COMPANY, LLC",Natural Gas,INTERSTATE,ALABAMA,,,,,,,,,,,,,,,,,,,,,,,,,,,,,,,,,,,,,,,,,,,,,,,,,,,,,,,,,,,,,,,,,,,,,,,,,,,,,,,,,,,,,,,,,,,,,,,,,,,,,,,,,,,,,,,,,,,,,,,,,,,,,,,,,,,,,,,,,,,,,,,,,,,,,,,,,,,,,,,,,,,,,,,,,,,,,,,,,,,,,,,,,,,,,,,,,,,,0,2747,,,,,,,,,,,,,,,,,,,,,,,,,,,,,,,,
9/1/2026,2025,20260854,47850,31728,"GULF SOUTH PIPELINE COMPANY, LLC",Natural Gas,INTERSTATE,FLORIDA,,,,,,,,,,,,,,,,,,,,,,,,,,,,,,,,,,,,,,,,,,,,,,,,,,,,,,,,,,,,,,,,,,,,,,,,,,,,,,,,,,,,,,,,,,,,,,,,,,,,,,,,,,,,,,,,,,,,,,,,,,,,,,,,,,,,,,,,,,,,,,,,,,,,,,,,,,,,,,,,,,,,,,,,,,,,,,,,,,,,,,,,,,,,,,,,,,,,0,1449,,,,,,,,,,,,,,,,,,,,,,,,,,,,,,,,
9/1/2026,2025,20260854,47850,31728,"GULF SOUTH PIPELINE COMPANY, LLC",Natural Gas,INTERSTATE,LOUISIANA,0,0,0,0,0,0,0,0,0,0,0,0,0,0,2,0,0,0,0,0,0,0,0,0,0,0,0,0,0,0,0,0,0,0,0,0,0,0,0,0,0,0,0,0,0,0,0,2,0,0,0,0,0,0,0,0,0,0,4,0,0,0,0,0,0,0,0,0,0,0,0,0,0,0,0,0,0,0,0,1,0,0,0,0,0,0,0,0,0,0,0,0,0,0,0,0,0,0,0,0,0,0,0,0,0,0,0,0,0,0,0,0,0,0,0,0,0,0,0,0,0,0,1,0,1,0,0,0,0,0,0,0,0,0,0,1,0,0,0,0,0,0,0,0,1,1,10,0,0,0,0,0,0,0,0,0,0,0,0,0,0,0,0,0,0,,,,,,,1,,,,,,1,,,,,,1,,,,,,,,,,,1,2,41648,,,,,,,,,,,,,,,,,,,,,,,,,,,,,,,0,1260
9/1/2026,2025,20260854,47850,31728,"GULF SOUTH PIPELINE COMPANY, LLC",Natural Gas,INTERSTATE,MISSISSIPPI,0,0,0,0,0,0,0,0,0,0,0,0,0,0,0,0,0,0,0,0,0,0,0,0,0,0,0,0,0,0,0,0,0,0,0,0,0,0,0,0,0,0,0,0,0,0,0,3,0,0,0,0,0,0,0,0,0,0,3,0,0,0,0,0,0,0,0,0,0,0,0,0,0,0,0,0,0,0,0,0,1,0,0,0,0,0,0,0,0,0,0,0,0,0,0,0,0,0,0,0,0,0,0,0,0,0,0,0,0,0,0,0,0,0,0,0,0,0,0,0,0,0,0,0,0,0,0,0,0,0,0,0,0,0,0,0,0,0,0,0,0,0,0,0,0,0,7,0,0,0,0,0,0,0,2,0,,,,,,,,,,1,,,,,1,,,,,,,,,,,,,,,,,,,,,,,,,1,18394,,,,,,,,,,,,,,,,,,,,,,,,,,,,,,,0,159
9/1/2026,2025,20260854,47850,31728,"GULF SOUTH PIPELINE COMPANY, LLC",Natural Gas,INTERSTATE,OCS-Gulf of America,0,0,0,0,0,0,0,0,0,0,0,0,0,0,0,0,0,0,0,0,0,0,0,0,0,0,0,0,0,0,0,0,0,0,0,0,0,0,0,0,0,0,0,0,0,0,0,0,0,0,0,0,0,0,0,0,0,0,0,0,0,0,0,0,0,0,0,0,0,0,0,0,0,0,0,0,0,0,0,0,0,0,0,0,0,0,0,0,0,0,0,0,0,0,0,0,0,0,0,0,0,0,0,0,0,0,0,0,0,0,0,0,0,0,0,0,0,0,0,0,0,0,0,0,0,0,0,0,0,0,0,0,0,0,0,0,0,0,0,0,0,0,0,0,0,0,0,0,0,0,0,0,0,0,,,,,,,,,,,,,,,,,,,,,,,,,,,,,,,,,,,,,,,,,,0,0,,,,,,,,,,,,,,,,,,,,,,,,,,,,,,,,
9/1/2026,2025,20260854,47850,31728,"GULF SOUTH PIPELINE COMPANY, LLC",Natural Gas,INTERSTATE,OKLAHOMA,,,,,,,,,,,,,,,,,,,,,,,,,,,,,,,,,,,,,,,,,,,,,,,,,,,,,,,,,,,,,,,,,,,,,,,,,,,,,,,,,,,,,,,,,,,,,,,,,,,,,,,,,,,,,,,,,,,,,,,,,,,,,,,,,,,,,,,,,,,,,,,,,,,,,,,,,,,,,,,,,,,,,,,,,,,,,,,,,,,,,,,,,,,,,,,,,,,,0,19,,,,,,,,,,,,,,,,,,,,,,,,,,,,,,,,
9/1/2026,2025,20260854,47850,31728,"GULF SOUTH PIPELINE COMPANY, LLC",Natural Gas,INTERSTATE,TEXAS,0,0,0,1,0,0,0,0,0,0,0,0,0,0,0,0,0,0,0,0,0,0,0,0,0,0,0,0,0,0,0,0,0,0,0,0,0,0,0,0,0,0,0,0,0,0,0,1,0,0,0,0,0,0,0,0,0,0,0,0,0,0,0,0,0,0,0,0,0,0,0,0,0,0,0,0,0,0,0,0,1,0,0,0,0,0,0,0,0,0,0,0,0,0,0,0,0,0,0,0,0,0,0,0,0,0,0,0,0,0,0,0,0,0,0,0,0,0,0,0,0,0,0,1,2,0,0,0,0,0,0,0,0,0,0,0,0,0,0,0,0,0,0,0,0,1,5,0,0,0,0,0,0,0,,,,,,,,,,,,2,,,,,2,,,,,,,,,,,,,,,,,,,,,,,,,2,20247,,,,,,,,,,,,,,,,,,,,,,,,,,,,,,,0,1206
9/1/2026,2025,20261321,48334,31729,"ATMOS ENERGY CORPORATION - ATMOS PIPELINE AND STORAGE, LLC",Natural Gas,INTRASTATE,KENTUCKY,1,0,0,0,0,0,0,0,0,0,0,0,0,0,0,0,0,0,0,0,0,0,0,0,0,0,0,0,0,0,0,0,0,0,0,0,0,0,0,0,0,0,0,0,0,0,0,0,0,0,0,0,0,0,0,0,0,0,0,0,0,0,0,0,0,0,0,0,0,0,0,0,0,0,0,0,0,0,0,0,0,0,0,0,0,0,0,0,0,0,0,0,0,0,0,0,0,0,0,0,0,0,0,0,0,0,0,0,0,0,0,0,0,0,0,0,0,0,0,0,0,0,0,0,0,0,0,0,0,0,0,0,0,0,0,0,0,0,0,0,0,0,0,1,0,0,0,0,0,0,0,0,0,0,0,,0,0,0,0,0,0,0,0,0,,,,,,,,,,,,,,,,,,,,,,,,,,,,,,,0,890,,,,,,,,,,,,,,,,,,,,,,,,,,,,,,,0,
9/1/2026,2025,20260460,47426,31730,"WGP-KHC, LLC",Natural Gas,INTRASTATE,KANSAS,,,,,,,,,,,,,,,,,,,,,,,,,,,,,,,,,,,,,,,,,,,,,,,,,,,,,,,,,,,,,,,,,,,,,,,,,,,,,,,,,,,,,,,,,,,,,,,,,,,,,,,,,,,,,,,,,,,,,,,,,,,,,,,,,,,,,,,,,,,,,,,,,,,,,,,,,,,,,,,,,,,,,,,,,,,,,,,,,,,,,,,,,,,,,,,,,,,,,,0,0,0,0,0,0,0,0,0,0,0,0,0,0,0,0,0,0,0,0,0,0,0,0,0,0,0,0,0,0,0,0
9/1/2026,2025,20260822,47816,31737,TUCSON ELECTRIC POWER COMPANY,Natural Gas,INTRASTATE,ARIZONA,,0,0,0,,0,,0,0,0,0,,0,0,0,,0,,0,0,0,0,,0,0,0,,0,,0,0,0,0,,0,0,0,,0,,0,0,0,0,,0,0,0,,0,,0,0,0,0,,0,0,0,,0,,0,0,0,0,,0,0,0,,0,,0,0,0,0,,0,0,0,,0,,0,0,0,0,,0,0,0,,0,,0,0,0,0,,0,0,0,,0,,0,0,0,0,,0,0,0,,0,,0,0,0,0,,0,0,0,,0,,0,0,0,0,,0,0,0,,0,,0,0,0,0,,0,0,0,,,0,0,0,0,0,0,,0,0,0,0,0,0,0,0,0,,,,,,,,,,,,,,,,,,,,,,,,,,,,,,,0,113,,,,,,,,,,,,,,,,,,,,,,,,,,,,,,,0,
9/1/2026,2025,20260675,47660,31745,"GAS RECOVERY SYSTEMS, LLC",Landfill Gas,INTRASTATE,MICHIGAN,0,0,0,0,0,0,0,0,0,0,0,0,0,0,0,0,0,0,0,0,0,0,0,0,0,0,0,0,0,0,0,0,0,0,0,0,0,0,0,0,0,0,0,0,0,0,0,0,0,0,0,0,0,0,0,0,0,0,0,0,0,0,0,0,0,0,0,0,0,0,0,0,0,0,0,0,0,0,0,0,0,0,0,0,0,0,0,0,0,0,0,0,0,0,0,0,0,0,0,0,0,0,0,0,0,0,0,0,0,0,0,0,0,0,0,0,0,0,0,0,0,0,0,0,0,0,0,0,0,0,0,0,0,0,0,0,0,0,0,0,0,0,0,0,0,0,0,0,0,0,0,0,0,0,0,,0,0,0,0,0,0,0,0,0,,,,,,,,,,,,,,,,,,,,,,,,,,,,,,,0,0,,,,,,,,,,,,,,,,,,,,,,,,,,,,,,,0,
9/1/2026,2025,20260675,47660,31745,"GAS RECOVERY SYSTEMS, LLC",Landfill Gas,INTRASTATE,OHIO,0,0,0,0,0,0,0,0,0,0,0,0,0,0,0,0,0,0,0,0,0,0,0,0,0,0,0,0,0,0,0,0,0,0,0,0,0,0,0,0,0,0,0,0,0,0,0,0,0,0,0,0,0,0,0,0,0,0,0,0,0,0,0,0,0,0,0,0,0,0,0,0,0,0,0,0,0,0,0,0,0,0,0,0,0,0,0,0,0,0,0,0,0,0,0,0,0,0,0,0,0,0,0,0,0,0,0,0,0,0,0,0,0,0,0,0,0,0,0,0,0,0,0,0,0,0,0,0,0,0,0,0,0,0,0,0,0,0,0,0,0,0,0,0,0,0,0,0,0,0,0,0,0,0,0,,0,0,0,0,0,0,0,0,0,,,,,,,,,,,,,,,,,,,,,,,,,,,,,,,0,384,,,,,,,,,,,,,,,,,,,,,,,,,,,,,,,0,
9/1/2026,2025,20260216,47174,31747,TENASKA GEORGIA PARTNERS LP,Natural Gas,INTRASTATE,GEORGIA,0,0,0,0,0,0,0,0,0,0,0,0,0,0,0,0,0,0,0,0,0,0,0,0,0,0,0,0,0,0,0,0,0,0,0,0,0,0,0,0,0,0,0,0,0,0,0,0,0,0,0,0,0,0,0,0,0,0,0,0,0,0,0,0,0,0,0,0,0,0,0,0,0,0,0,0,0,0,0,0,0,0,0,0,0,0,0,0,0,0,0,0,0,0,0,0,0,0,0,0,0,0,0,0,0,0,0,0,0,0,0,0,0,0,0,0,0,0,0,0,0,0,0,0,0,0,0,0,0,0,0,0,0,0,0,0,0,0,0,0,0,0,0,0,0,0,0,0,0,0,0,0,0,0,0,,0,0,0,0,0,0,0,0,0,,,,,,,,,,,,,,,,,,,,,,,,,,,,,,,0,1,,,,,,,,,,,,,,,,,,,,,,,,,,,,,,,0,
9/1/2026,2025,20261029,48032,31748,MASSACHUSETTS WHOLESALE ELECTRIC CO,Natural Gas,INTRASTATE,MASSACHUSETTS,0,0,0,0,0,0,0,0,0,0,0,0,0,0,0,0,0,0,0,0,0,0,0,0,0,0,0,0,0,0,0,0,0,0,0,0,0,0,0,0,0,0,0,0,0,0,0,0,0,0,0,0,0,0,0,0,0,0,0,0,0,0,0,0,0,0,0,0,0,0,0,0,0,0,0,0,0,0,0,0,0,0,0,0,0,0,0,0,0,0,0,0,0,0,0,0,0,0,0,0,0,0,0,0,0,0,0,0,0,0,0,0,0,0,0,0,0,0,0,0,0,0,0,0,0,0,0,0,0,0,0,0,0,0,0,0,0,0,0,0,0,0,0,0,0,0,0,0,0,0,0,0,0,0,0,,0,0,0,0,0,0,0,0,0,,,,,,,,,,,,,,,,,,,,,,,,,,,,,,,0,197,,,,,,,,,,,,,,,,,,,,,,,,,,,,,,,0,
9/1/2026,2025,20260449,47895,31749,AECC- OSWALD GENERATING STATION,Natural Gas,INTRASTATE,ARKANSAS,,,,,,,,,,,,,,,,,,,,,,,,,,,,,,,,,,,,,,,,,,,,,,,,,,,,,,,,,,,,,,,,,,,,,,,,,,,,,,,,,,,,,,,,,,,,,,,,,,,,,,,,,,,,,,,,,,,,,,,,,,,,,,,,,,,,,,,,,,,,,,,,,,,,,,,,,,,,,,,,,,,,,,0,0,0,0,0,0,0,0,0,0,0,0,0,0,0,0,0,0,0,0,0,0,0,0,0,0,0,0,0,0,0,126,,,,,,,,,,,,,,,,,,,,,,,,,,,,,,,,
9/1/2026,2025,20261110,48551,31753,ASPIRE ENERGY OF OHIO LLC,Natural Gas,INTRASTATE,OHIO,,,,,,,,0,93,0,,,,,,,,,0,0,0,,,,,,,,,0,0,0,,,,,,,,,0,0,0,,,,,,,,,0,0,0,,,,,,,,,0,8,0,,,,,,,,,0,0,0,,,,,,,,,0,4,0,,,,,,,,,0,0,0,,,,,,,,,0,0,0,,,,,,,,,0,1,0,,,,,,,,,0,4,0,,,,,,,,,0,7,0,,,,,,,,,0,117,0,,,17,,,0,1,0,,,1,1,,,,,,,,,,,,,,,,,,,,,,,,,,,,,,,,,2,,,,,2,1,1,,,,,2,,,,,,,,,,,,,,,,,,4,7315
9/1/2026,2025,20260099,47053,31754,BLACK HILLS POWER INC,Natural Gas,INTRASTATE,SOUTH DAKOTA,0,0,0,0,0,0,0,0,0,0,0,0,0,0,0,0,0,0,0,0,0,0,0,0,0,0,0,0,0,0,0,0,0,0,0,0,0,0,0,0,0,0,0,0,0,0,0,0,0,0,0,0,0,0,0,0,0,0,0,0,0,0,0,0,0,0,0,0,0,0,0,0,0,0,0,0,0,0,0,0,0,0,0,0,0,0,0,0,0,0,0,0,0,0,0,0,0,0,0,0,0,0,0,0,0,0,0,0,0,0,0,0,0,0,0,0,0,0,0,0,0,0,0,0,0,0,0,0,0,0,0,0,0,0,0,0,0,0,0,0,0,0,0,0,0,0,0,0,0,0,0,0,0,0,0,,0,0,0,0,0,0,0,0,0,0,0,0,0,0,0,0,0,0,0,0,0,0,0,0,0,0,0,0,0,0,0,0,0,0,0,0,0,0,0,0,135,,,,,,,,,,,,,,,,,,,,,,,,,,,,,,,0,
9/1/2026,2025,20260712,47772,31755,"NOBLE ENERGY, INC. RBU",Natural Gas,INTRASTATE,COLORADO,0,0,0,0,0,0,0,0,0,0,0,0,0,0,0,0,0,0,0,0,0,0,0,0,0,0,0,0,0,0,0,0,0,0,0,0,0,0,0,0,0,0,0,0,0,0,0,0,0,0,0,0,0,0,0,0,0,0,0,0,0,0,0,0,0,0,0,0,0,0,0,0,0,0,0,0,0,0,0,0,0,0,0,0,0,0,0,0,0,0,0,0,0,0,0,0,0,0,0,0,0,0,0,0,0,0,0,0,0,0,0,0,0,0,0,0,0,0,0,0,0,0,0,0,0,0,0,0,0,0,0,0,0,0,0,0,0,0,0,0,0,0,0,0,0,0,0,0,0,0,0,0,0,0,0,0,0,0,0,0,0,0,0,0,0,,,,,,,,,,,,,,,,,,,,,,,,,,,,,,,0,0,,,,,,,,,,,,,,,,,0,0,,,,,,,,,,,,,0,1817
9/1/2026,2025,20260196,47154,31768,SANTEE COOPER - RAINEY GENERATING STATION,Natural Gas,INTERSTATE,GEORGIA,0,0,0,0,0,0,0,0,0,0,0,0,0,0,0,0,0,0,0,0,0,0,0,0,0,0,0,0,0,0,0,0,0,0,0,0,0,0,0,0,0,0,0,0,0,0,0,0,0,0,0,0,0,0,0,0,0,0,0,0,0,0,0,0,0,0,0,0,0,0,0,0,0,0,0,0,0,0,0,0,0,0,0,0,0,0,0,0,0,0,0,0,0,0,0,0,0,0,0,0,0,0,0,0,0,0,0,0,0,0,0,0,0,0,0,0,0,0,0,0,0,0,0,0,0,0,0,0,0,0,0,0,0,0,0,0,0,0,0,0,0,0,0,0,0,0,0,0,0,0,0,0,0,0,,,,,,,,,,,,0,0,0,0,0,0,0,0,0,0,0,0,0,0,0,0,0,0,0,0,0,0,0,0,0,0,0,0,0,0,0,0,,,,,,,,,,,,,,,,,,,,,,,,,,,,,,,0,
9/1/2026,2025,20260196,47154,31768,SANTEE COOPER - RAINEY GENERATING STATION,Natural Gas,INTERSTATE,SOUTH CAROLINA,0,0,0,0,0,0,0,0,0,0,0,0,0,0,0,0,0,0,0,0,0,0,0,0,0,0,0,0,0,0,0,0,0,0,0,0,0,0,0,0,0,0,0,0,0,0,0,0,0,0,0,0,0,0,0,0,0,0,0,0,0,0,0,0,0,0,0,0,0,0,0,0,0,0,0,0,0,0,0,0,0,0,0,0,0,0,0,0,0,0,0,0,0,0,0,0,0,0,0,0,0,0,0,0,0,0,0,0,0,0,0,0,0,0,0,0,0,0,0,0,0,0,0,0,0,0,0,0,0,0,0,0,0,0,0,0,0,0,0,0,0,0,0,0,0,0,0,0,0,0,0,0,0,0,,,,,,,,,,,,0,0,0,0,0,0,0,0,0,0,0,0,0,0,0,0,0,0,0,0,0,0,0,0,0,0,0,0,0,0,0,0,,,,,,,,,,,,,,,,,,,,,,,,,,,,,,,,
9/1/2026,2025,20260144,47099,31771,AMERESCO PALMETTO,Landfill Gas,INTRASTATE,SOUTH CAROLINA,0,0,0,0,0,0,0,0,0,0,0,0,0,0,0,0,0,0,0,0,0,0,0,0,0,0,0,0,0,0,0,0,0,0,0,0,0,0,0,0,0,0,0,0,0,0,0,0,0,0,0,0,0,0,0,0,0,0,0,0,0,0,0,0,0,0,0,0,0,0,0,0,0,0,0,0,0,0,0,0,0,0,0,0,0,0,0,0,0,0,0,0,0,0,0,0,0,0,0,0,0,0,0,0,0,0,0,0,0,0,0,0,0,0,0,0,0,0,0,0,0,0,0,0,0,0,0,0,0,0,0,0,0,0,0,0,0,0,0,0,0,0,0,0,0,0,0,0,0,0,0,0,0,0,0,,0,0,0,0,0,0,0,0,0,,,,,,,,,,,,,,,,,,,,,,,,,,,,,,,0,745,,,,,,,,,,,,,,,,,,,,,,,,,,,,,,,0,
9/1/2026,2025,20260454,47420,31782,BAYSIDE POWER STATION,Natural Gas,INTRASTATE,FLORIDA,0,0,0,0,,,0,,,,,0,0,0,0,,,0,,,,,0,0,0,0,,,0,,,,,0,0,0,0,,,0,,,,,0,0,0,0,,,0,,,,,0,0,0,0,,,0,,,,,0,0,0,0,,,0,,,,,0,0,0,0,,,0,,,,,0,0,0,0,,,0,,,,,0,0,0,0,,,0,,,,,0,0,0,0,,,0,0,0,0,0,0,0,0,0,,,0,0,0,0,0,0,0,0,0,,,0,0,0,0,0,0,0,0,0,,0,,0,0,0,0,0,,0,,,,,,0,,0,,,,,,,,,,,,,,,,,,,,,,,,,,,,,,,0,61,,,,,,,,,,,,,,,,,,,,,,,,,,,,,,,,
9/1/2026,2025,20260710,47697,31784,OHIO VALLEY HUB LLC,Natural Gas,INTRASTATE,INDIANA,0,0,0,0,0,0,0,0,0,0,0,0,0,0,0,0,0,0,0,0,0,0,0,0,0,0,0,0,0,0,0,0,0,0,0,0,0,0,0,0,0,0,0,0,0,0,0,0,0,0,0,0,0,0,0,0,0,0,0,0,0,0,0,0,0,0,0,0,0,0,0,0,0,0,0,0,0,0,0,0,0,0,0,0,0,0,0,0,0,0,0,0,0,0,0,0,0,0,0,0,0,0,0,0,0,0,0,0,0,0,0,0,0,0,0,0,0,0,0,0,0,0,0,0,0,0,0,0,0,0,0,0,0,0,0,0,0,0,0,0,0,0,0,0,0,0,0,0,0,0,0,0,0,0,0,,0,0,0,0,0,0,0,0,0,,,,,,,,,,,,,,,,,,,,,,,,,,,,,,,0,16,,,,,,,,,,,,,,,,,,,,,,,,,,,,,,,0,
9/1/2026,2025,20260993,47996,31788,CALPINE TEXAS PIPELINE LP,Natural Gas,INTRASTATE,TEXAS,0,0,0,0,,,0,,,,,0,0,0,0,,,0,,,,,0,0,0,0,,,0,,,,,0,0,0,0,,,0,,,,,0,0,0,0,,,0,,,,,0,0,0,0,,,0,,,,,0,0,0,0,,,0,,,,,0,0,0,0,,,0,,,,,0,0,0,0,,,0,,,,,0,0,0,0,,,0,,,,,0,0,0,0,,,0,0,0,0,0,0,0,0,0,,,0,0,0,0,0,0,0,0,0,,,0,0,0,0,0,0,0,0,0,,0,,0,0,0,0,0,,0,,,,,,0,,0,,,,,,,,,,,,,,,,,,,,,,,,,,,,,,,0,1751,,,,,,,,,,,,,,,,,,,,,,,,,,,,,,,,
9/1/2026,2025,20260230,47188,31801,TANDEM ENERGY CORPORATION,Natural Gas,INTRASTATE,TEXAS,0,0,0,0,0,0,0,0,0,0,0,0,0,0,0,0,0,0,0,0,0,0,0,0,0,0,0,0,0,0,0,0,0,0,0,0,0,0,0,0,0,0,0,0,0,0,0,0,0,0,0,0,0,0,0,0,0,0,0,0,0,0,0,0,0,0,0,0,0,0,0,0,0,0,0,0,0,0,0,0,0,0,0,0,0,0,0,0,0,0,0,0,0,0,0,0,0,0,0,0,0,0,0,0,0,0,0,0,0,0,0,0,0,0,0,0,0,0,0,0,0,0,0,0,0,0,0,0,0,0,0,0,0,0,0,0,0,0,0,0,0,0,0,0,0,0,0,0,0,0,0,0,0,0,,0,0,0,0,0,0,0,0,0,0,,,,,,,,,,,,,,,,,,,,,,,,,,,,,,,0,,,,,,,,,,,,,,,,,,,,,,,,,,,,,,,,0,1389
9/1/2026,2025,20261382,48426,31805,HOLLY REFINING & MARKETING COMPANY,Hydrogen Gas,INTRASTATE,UTAH,0,0,0,0,0,0,0,0,0,0,0,0,0,0,0,0,0,0,0,0,0,0,0,0,0,0,0,0,0,0,0,0,0,0,0,0,0,0,0,0,0,0,0,0,0,0,0,0,0,0,0,0,0,0,0,0,0,0,0,0,0,0,0,0,0,0,0,0,0,0,0,0,0,0,0,0,0,0,0,0,0,0,0,0,0,0,0,0,0,0,0,0,0,0,0,0,0,0,0,0,0,0,0,0,0,0,0,0,0,0,0,0,0,0,0,0,0,0,0,0,0,0,0,0,0,0,0,0,0,0,0,0,0,0,0,0,0,0,0,0,0,0,0,0,0,0,0,0,0,0,0,0,0,0,0,,0,0,0,0,0,0,0,0,0,,,,,,,,,,,,,,,,,,,,,,,,,,,,,,,0,137,,,,,,,,,,,,,,,,,,,,,,,,,,,,,,,0,
9/1/2026,2025,20260672,47657,31840,UNISOURCE ENERGY SERVICES,Natural Gas,INTRASTATE,ARIZONA,0,0,0,0,,,0,,,,,0,0,0,0,,,0,,,,,0,0,0,0,,,0,,,,,0,0,0,0,,,0,,,,,0,0,0,0,,,0,,,,,0,0,0,0,,,0,,,,,0,0,0,0,,,0,,,,,0,0,0,0,,,0,,,,,0,0,0,0,,,0,,,,,0,0,0,0,,,0,,,,,0,0,0,0,,,0,0,0,0,0,0,0,0,0,,,0,0,0,0,0,0,0,0,0,,,0,0,0,0,0,0,0,0,0,,0,,0,0,0,0,0,,0,,,,,,0,,0,,,,,,,,,,,,,,,,,,,,,,,,,,,,,,,0,50446,,,,,,,,,,,,,,,,,,,,,,,,,,,,,,,,
9/1/2026,2025,20260498,47466,31846,"CAROLINA GAS TRANSMISSION, LLC",Natural Gas,INTERSTATE,GEORGIA,0,0,0,0,0,0,0,0,0,0,0,0,0,0,0,0,0,0,0,0,0,0,0,0,0,0,0,0,0,0,0,0,0,0,0,0,0,0,0,0,0,0,0,0,0,0,0,0,0,0,0,0,0,0,0,0,0,0,0,0,0,0,0,0,0,0,0,0,0,0,0,0,0,0,0,0,0,0,0,0,0,0,0,0,0,0,0,0,0,0,0,0,0,0,0,0,0,0,0,0,0,0,0,0,0,0,0,0,0,0,0,0,0,0,0,0,0,0,0,0,0,0,0,0,0,0,0,0,0,0,0,0,0,0,0,0,0,0,0,0,0,0,0,0,0,0,0,0,0,0,0,0,0,0,0,,0,,,,,,0,,0,0,0,0,0,0,0,0,0,0,0,0,0,0,0,0,0,0,0,0,0,0,0,0,0,0,0,0,0,0,0,0,920,,,,,,,,,,,,,,,,,,,,,,,,,,,,,,,,
9/1/2026,2025,20260498,47466,31846,"CAROLINA GAS TRANSMISSION, LLC",Natural Gas,INTERSTATE,SOUTH CAROLINA,0,0,0,0,,,0,,,,,0,0,0,0,,,0,,,,,0,0,0,0,,,0,,,,,0,0,0,0,,,0,,,,,0,0,0,0,,,0,,,,,2,0,0,8,,,0,,,,,0,0,0,0,,,0,,,,,0,0,0,0,,,0,,,,,0,0,0,0,,,0,,,,,0,0,0,0,,,0,,,,,0,0,0,0,,,0,0,0,0,0,0,0,0,0,,,0,0,0,0,0,0,0,0,0,,,0,0,0,0,0,2,0,0,8,,0,,0,0,0,0,2,,0,,,,,,0,,0,0,0,0,0,0,0,0,0,0,0,0,0,0,0,0,0,0,0,0,0,0,0,0,0,0,0,0,1,0,1,1,18615,,,,,,,,,,,,,,,,,,,,,,,,,,,,,,,,
9/1/2026,2025,20260177,47133,31849,OGLETHORPE POWER CORPORATION,Natural Gas,INTRASTATE,GEORGIA,0,0,0,0,0,0,0,0,0,0,0,0,0,0,0,0,0,0,0,0,0,0,0,0,0,0,0,0,0,0,0,0,0,0,0,0,0,0,0,0,0,0,0,0,0,0,0,0,0,0,0,0,0,0,0,0,0,0,0,0,0,0,0,0,0,0,0,0,0,0,0,0,0,0,0,0,0,0,0,0,0,0,0,0,0,0,0,0,0,0,0,0,0,0,0,0,0,0,0,0,0,0,0,0,0,0,0,0,0,0,0,0,0,0,0,0,0,0,0,0,0,0,0,0,0,0,0,0,0,0,0,0,0,0,0,0,0,0,0,0,0,0,0,0,0,0,0,0,0,0,0,0,0,0,0,,0,0,0,0,0,0,0,0,0,0,0,0,0,0,0,0,0,0,0,0,0,0,0,0,0,0,0,0,0,0,0,0,0,0,0,0,0,0,0,0,0,,,,,,,,,,,,,,,,,,,,,,,,,,,,,,,0,
9/1/2026,2025,20261226,48239,31853,FOUNTAIN VALLEY POWER LLC,Natural Gas,INTRASTATE,COLORADO,0,0,0,0,,,0,,,,,0,0,0,0,,,0,,,,,0,0,0,0,,,0,,,,,0,0,0,0,,,0,,,,,0,0,0,0,,,0,,,,,0,0,0,0,,,0,,,,,0,0,0,0,,,0,,,,,0,0,0,0,,,0,,,,,0,0,0,0,,,0,,,,,0,0,0,0,,,0,,,,,0,0,0,0,,,0,0,0,0,0,0,0,0,0,,,0,0,0,0,0,0,0,0,0,,,0,0,0,0,0,0,0,0,0,,0,,0,0,0,0,0,,0,0,0,0,0,0,0,0,0,,,,,,,,,,,,,,,,,,,,,,,,,,,,,,,0,27,,,,,,,,,,,,,,,,,,,,,,,,,,,,,,,,
9/1/2026,2025,20260204,47162,31855,EVERGY,Natural Gas,INTRASTATE,KANSAS,0,0,0,0,,,0,,,,,0,0,0,0,,,0,,,,,0,0,0,0,,,0,,,,,0,0,0,0,,,0,,,,,0,0,0,0,,,0,,,,,0,0,0,0,,,0,,,,,0,0,0,0,,,0,,,,,0,0,0,0,,,0,,,,,0,0,0,0,,,0,,,,,0,0,0,0,,,0,,,,,0,0,0,0,,,0,0,0,0,0,0,0,0,0,,,0,0,0,0,0,0,0,0,0,,,0,0,0,0,0,0,0,0,0,,0,,0,0,0,0,0,,0,,,,,,0,,0,,,,,,,,,,,,,,,,,,,,,,,,,,,,,,,0,2,,,,,,,,,,,,,,,,,,,,,,,,,,,,,,,,
9/1/2026,2025,20260409,47374,31864,APACHE CORPORATION,Natural Gas,INTRASTATE,TEXAS,,,,,,,,,,,,,,,,,,,,,,,,,,,,,,,,,,,,,,,,,,,,,,,,,,,,,,,,,,,,,,,,,,,,,,,,,,,,,,,,,,,,,,,,,,,,,,,,,,,,,,,,,,,,,,,,,,,,,,,,,,,,,,,,,,,,,,,,,,,,,,,,,,,,,,,,,,,,,,,,,,,,,,,,,,,,,,,,,,,,,,,,,,,,,,,,,,,,0,,0,0,0,0,0,0,0,0,0,0,0,0,0,0,0,0,0,0,0,0,0,0,0,0,0,0,0,0,0,0,0,1300
9/1/2026,2025,20261351,48364,31875,MERIT ENERGY COMPANY,Natural Gas,INTRASTATE,ARKANSAS,,0,0,0,,,,0,0,0,,,0,0,0,,,,0,0,0,,,0,0,0,,,,0,0,0,,,0,0,0,,,,0,0,0,,,0,0,0,,,,0,0,0,,,0,0,0,,,,0,0,0,,,0,0,0,,,,0,0,0,,,0,0,0,,,,0,0,0,,,0,0,0,,,,0,0,0,,,0,0,0,,,,0,0,0,,,0,0,0,,,,0,0,0,,,0,0,0,,,,0,0,0,,,0,0,0,,,,0,0,0,,,0,0,0,,,,0,0,0,,0,0,0,,0,0,0,,0,0,0,0,,,,,0,,,,,,,,,,,,,,,,,,,,,,,,,0,0,0,,,,,0,,,,,,,,,,,,,,,,,,,,,,,,,0,0
9/1/2026,2025,20261351,48364,31875,MERIT ENERGY COMPANY,Natural Gas,INTRASTATE,KANSAS,,,,,,,,,,,,,,,,,,,,,,,,,,,,,,,,,,,,,,,,,,,,,,,,,,,,,,,,,,,,,,,,,,,,,,,,,,,,,,,,,,,,,,,,,,,,,,,,,,,,,,,,,,,,,,,,,,,,,,,,,,,,,,,,,,,,,,,,,,,,,,,,,,,,,,,,,,,,,,,,,,,,,,,,,,,,,,,,,,,,,,,,,,,,,,,,,,,,0,0,,,,,,,,,,,,,,,,,,,,,,,,,,,,,,,0,0
9/1/2026,2025,20261351,48364,31875,MERIT ENERGY COMPANY,Natural Gas,INTRASTATE,OKLAHOMA,,,,,,,,,,,,,,,,,,,,,,,,,,,,,,,,,,,,,,,,,,,,,,,,,,,,,,,,,,,,,,,,,,,,,,,,,,,,,,,,,,,,,,,,,,,,,,,,,,,,,,,,,,,,,,,,,,,,,,,,,,,,,,,,,,,,,,,,,,,,,,,,,,,,,,,,,,,,,,,,,,,,,,,,,,,,,,,,,,,,,,,,,,,,,,,,,,,,0,0,,,,,,,,,,,,,,,,,,,,,,,,,,,,,,,0,0
9/1/2026,2025,20261351,48364,31875,MERIT ENERGY COMPANY,Natural Gas,INTRASTATE,TEXAS,0,0,0,0,,,0,0,0,0,,0,0,0,0,,,0,0,0,0,,0,0,0,0,,,0,0,0,0,,0,0,0,0,,,0,0,0,0,,0,0,0,0,,,0,0,0,0,,0,0,0,0,,,0,0,0,0,,0,0,0,0,,,0,0,0,0,,0,0,0,0,,,0,0,0,0,,0,0,0,0,,,0,0,0,0,,0,0,0,0,,,0,0,0,0,,0,0,0,0,,,0,0,0,0,,0,0,0,0,,,0,0,0,0,,0,0,0,0,,,0,0,0,0,,0,0,0,0,,0,,0,0,0,,0,0,0,,0,0,0,,0,0,0,,,,,,,,,,,,,,,,,,,,,,,,,,,,,,,0,0,,,,,,,,,,,,,,,,,,,,,,,,,,,,,,,0,0
9/1/2026,2025,20261009,48012,31880,"BBT MISSISSIPPI, LLC",Natural Gas,INTRASTATE,MISSISSIPPI,0,0,0,0,,,0,0,,,,0,0,0,0,,,0,0,,,,0,0,0,0,,,0,0,,,,0,0,0,0,,,0,0,,,,0,0,0,0,,,0,0,,,,0,0,0,0,,,0,0,,,,0,0,0,0,,,0,0,,,,0,0,0,0,,,0,0,,,,0,0,0,0,,,0,0,,,,0,0,0,0,,,0,0,,,,0,0,0,0,,,0,0,,,,0,0,0,0,,,0,0,,,,0,0,0,0,,,0,0,,,,0,0,0,0,,0,,0,,,,0,0,0,,0,,,,0,0,0,,,,,,,,,,,,,,,,,,,,,,,,,,,,,,,0,2441,,,,,,,,,,,,,,,,,,,,,,,,,,,,,,,0,2441
9/1/2026,2025,20260151,47106,31890,WSP USA ENERGY STORAGE SERVICES INC,Natural Gas,INTRASTATE,TEXAS,0,0,0,0,,,0,,,,,0,0,0,0,,,0,,,,,0,0,0,0,,,0,,,,,0,0,0,0,,,0,,,,,0,0,0,0,,,0,,,,,0,0,0,0,,,0,,,,,0,0,0,0,,,0,,,,,0,0,0,0,,,0,,,,,0,0,0,0,,,0,,,,,0,0,0,0,,,0,,,,,0,0,0,0,,,0,0,0,0,0,0,0,0,0,,,0,0,0,0,0,0,0,0,0,,,0,0,0,0,0,0,0,0,0,,0,,0,0,0,0,0,,0,,,,,,0,,0,0,0,0,0,0,0,0,0,0,0,0,0,0,0,0,0,0,0,0,0,0,0,0,0,0,0,0,0,0,0,0,0,,,,,,,,,,,,,,,,,,,,,,,,,,,,,,,0,
9/1/2026,2025,20260618,47602,31891,NORTH BAJA PIPELINE LLC,Natural Gas,INTERSTATE,ARIZONA,0,0,0,0,,,0,,,,,0,0,0,0,,,0,,,,,0,0,0,0,,,0,,,,,0,0,0,0,,,0,,,,,0,0,0,0,,,0,,,,,0,0,0,0,,,0,,,,,0,0,0,0,,,0,,,,,0,0,0,0,,,0,,,,,0,0,0,0,,,0,,,,,0,0,0,0,,,0,,,,,0,0,0,0,,,0,0,0,0,0,0,0,0,0,,,0,0,0,0,0,0,0,0,0,,,0,0,0,0,0,0,0,0,0,,0,,0,0,0,0,0,,0,,,,,,0,,0,,,,,,,,,,,,,,,,,,,,,,,,,,,,,,,0,23,,,,,,,,,,,,,,,,,,,,,,,,,,,,,,,,
9/1/2026,2025,20260618,47602,31891,NORTH BAJA PIPELINE LLC,Natural Gas,INTERSTATE,CALIFORNIA,0,0,0,0,,,0,,,,,0,0,0,0,,,0,,,,,0,0,0,0,,,0,,,,,0,0,0,0,,,0,,,,,0,0,0,0,,,0,,,,,0,0,0,0,,,0,,,,,0,0,0,0,,,0,,,,,0,0,0,0,,,0,,,,,0,0,0,0,,,0,,,,,0,0,0,0,,,0,,,,,0,0,0,0,,,0,0,0,0,0,0,0,0,0,,,0,0,0,0,0,0,0,0,0,,,0,0,0,0,0,0,0,0,0,,0,,0,0,0,0,0,,0,,,,,,0,,0,,,,,,,,,,,,,,,,,,,,,,,,,,,,,,,0,156,,,,,,,,,,,,,,,,,,,,,,,,,,,,,,,,
9/1/2026,2025,20261141,48154,31892,DUKE ENERGY - DEBARY COMBUSTION TURBINE,Natural Gas,INTRASTATE,FLORIDA,0,0,0,0,,,0,,,,,0,0,0,0,,,0,,,,,0,0,0,0,,,0,,,,,0,0,0,0,,,0,,,,,0,0,0,0,,,0,,,,,0,0,0,0,,,0,,,,,0,0,0,0,,,0,,,,,0,0,0,0,,,0,,,,,0,0,0,0,,,0,,,,,0,0,0,0,,,0,,,,,0,0,0,0,,,0,0,0,0,0,0,0,0,0,,,0,0,0,0,0,0,0,0,0,,,0,0,0,0,0,0,0,0,0,,0,,0,0,0,0,0,,0,,,,,,0,,0,0,0,0,0,0,0,0,0,0,0,0,0,0,0,0,0,0,0,0,0,0,0,0,0,0,0,0,0,0,0,0,0,,,,,,,,,,,,,,,,,,,,,,,,,,,,,,,,
9/1/2026,2025,20261335,48348,31894,KISSIMMEE UTILITY AUTHORITY,Natural Gas,INTRASTATE,FLORIDA,0,0,0,0,0,0,0,0,0,0,0,0,0,0,0,0,0,0,0,0,0,0,0,0,0,0,0,0,0,0,0,0,0,0,0,0,0,0,0,0,0,0,0,0,0,0,0,0,0,0,0,0,0,0,0,0,0,0,0,0,0,0,0,0,0,0,0,0,0,0,0,0,0,0,0,0,0,0,0,0,0,0,0,0,0,0,0,0,0,0,0,0,0,0,0,0,0,0,0,0,0,0,0,0,0,0,0,0,0,0,0,0,0,0,0,0,0,0,0,0,0,0,0,0,0,0,0,0,0,0,0,0,0,0,0,0,0,0,0,0,0,0,0,0,0,0,0,0,0,0,0,0,0,0,0,,0,0,0,0,0,0,0,0,0,,,,,,,,,,,,,,,,,,,,,,,,,,,,,,,0,697,,,,,,,,,,,,,,,,,,,,,,,,,,,,,,,0,
9/1/2026,2025,20261334,48347,31895,CERTAINTEED  SAINT-GOBAIN,Natural Gas,INTRASTATE,FLORIDA,0,0,0,0,,,0,,,,,0,0,0,0,,,0,,,,,0,0,0,0,,,0,,,,,0,0,0,0,,,0,,,,,0,0,0,0,,,0,,,,,0,0,0,0,,,0,,,,,0,0,0,0,,,0,,,,,0,0,0,0,,,0,,,,,0,0,0,0,,,0,,,,,0,0,0,0,,,0,,,,,0,0,0,0,,,0,0,0,0,0,0,0,0,0,,,0,0,0,0,0,0,0,0,0,,,0,0,0,0,0,0,0,0,0,,0,,0,0,0,0,0,,0,,,,,,0,,0,,,,,,,,,,,,,,,,,,,,,,,,,,,,,,,0,62,,,,,,,,,,,,,,,,,,,,,,,,,,,,,,,,
9/1/2026,2025,20261303,48316,31896,"NORSTAR PIPELINE COMPANY, INC.",Natural Gas,INTRASTATE,ALASKA,0,0,0,0,0,0,0,0,0,0,0,0,0,0,0,0,0,0,0,0,0,0,0,0,0,0,0,0,0,0,0,0,0,0,0,0,0,0,0,0,0,0,0,0,0,0,0,0,0,0,0,0,0,0,0,0,0,0,0,0,0,0,0,0,0,0,0,0,0,0,0,0,0,0,0,0,0,0,0,0,0,0,0,0,0,0,0,0,0,0,0,0,0,0,0,0,0,0,0,0,0,0,0,0,0,0,0,0,0,0,0,0,0,0,0,0,0,0,0,0,0,0,0,0,0,0,0,0,0,0,0,0,0,0,0,0,0,0,0,0,0,0,0,0,0,0,0,0,0,0,0,0,0,0,0,,0,0,0,0,0,0,0,0,0,,,,,,,,,,,,,,,,,,,,,,,,,,,,,,,0,0,,,,,,,,,,,,,,,,,,,,,,,,,,,,,,,0,
9/1/2026,2025,20260009,46949,31898,MV PIPELINE COMPANY,Natural Gas,INTRASTATE,OKLAHOMA,0,0,0,0,,,0,,,,,0,0,0,0,,,0,,,,,0,0,0,0,,,0,,,,,0,0,0,0,,,0,,,,,0,0,0,0,,,0,,,,,0,0,0,0,,,0,,,,,0,0,0,0,,,0,,,,,0,0,0,0,,,0,,,,,0,0,0,0,,,0,,,,,0,0,0,0,,,0,,,,,0,0,0,0,,,0,,,,,0,0,0,0,,,0,,,,,0,0,0,0,,,0,,,,,0,0,0,0,,0,,,,,,0,,0,,,,,,0,,0,,,,,,,,,,,,,,,,,,,,,,,,,,,,,,,0,0,,,,,,,,,,,,,,,,,,,,,,,,,,,,,,,0,
9/1/2026,2025,20260402,47367,31902,"PINNACLE GAS PRODUCERS, LLC",Landfill Gas,INTRASTATE,OHIO,0,0,0,0,0,0,0,0,0,0,0,0,0,0,0,0,0,0,0,0,0,0,0,0,0,0,0,0,0,0,0,0,0,0,0,0,0,0,0,0,0,0,0,0,0,0,0,0,0,0,0,0,0,0,0,0,0,0,0,0,0,0,0,0,0,0,0,0,0,0,0,0,0,0,0,0,0,0,0,0,0,0,0,0,0,0,0,0,0,0,0,0,0,0,0,0,0,0,0,0,0,0,0,0,0,0,0,0,0,0,0,0,0,0,0,0,0,0,0,0,0,0,0,0,0,0,0,0,0,0,0,0,0,0,0,0,0,0,0,0,0,0,0,0,0,0,0,0,0,0,0,0,0,0,,0,0,0,0,0,0,0,0,0,0,,,,,,,,,,,,,,,,,,,,,,,,,,,,,,,0,,,,,,,,,,,,,,,,,,,,,,,,,,,,,,,,0,66
9/1/2026,2025,20260794,47787,31904,"SUNRISE POWER COMPANY, LLC",Natural Gas,INTRASTATE,CALIFORNIA,,,,,,,,,,,,,,,,,,,,,,,,,,,,,,,,,,,,,,,,,,,,,,,,,,,,,,,,,,,,,,,,,,,,,,,,,,,,,,,,,,,,,,,,,,,,,,,,,,,,,,,,,,,,,,,,,,,,,,,,,,,,,,,,,,,,,,,,,,,,,,,,,,,,,,,,,,,,,,,,,,,,,,0,0,0,0,0,0,0,0,0,0,0,0,0,0,0,0,0,0,0,0,0,0,0,0,0,0,0,0,0,0,0,90,,,,,,,,,,,,,,,,,,,,,,,,,,,,,,,,
9/1/2026,2025,20261049,48054,31908,CHS OILSEED PROCESSING-NW GAS CONTRACTED,Natural Gas,INTRASTATE,MINNESOTA,0,0,0,0,0,0,0,0,0,0,0,0,0,0,0,0,0,0,0,0,0,0,0,0,0,0,0,0,0,0,0,0,0,0,0,0,0,0,0,0,0,0,0,0,0,0,0,0,0,0,0,0,0,0,0,0,0,0,0,0,0,0,0,0,0,0,0,0,0,0,0,0,0,0,0,0,0,0,0,0,0,0,0,0,0,0,0,0,0,0,0,0,0,0,0,0,0,0,0,0,0,0,0,0,0,0,0,0,0,0,0,0,0,0,0,0,0,0,0,0,0,0,0,0,0,0,0,0,0,0,0,0,0,0,0,0,0,0,0,0,0,0,0,0,0,0,0,0,0,0,0,0,0,0,0,,0,0,0,0,0,0,0,0,0,,,,,,,,,,,,,,,,,,,,,,,,,,,,,,,0,0,,,,,,,,,,,,,,,,,,,,,,,,,,,,,,,0,
9/1/2026,2025,20260075,47135,31915,"TROPICANA PRODUCTS, INC.",Natural Gas,INTRASTATE,FLORIDA,0,0,0,0,0,0,0,0,0,0,0,0,0,0,0,0,0,0,0,0,0,0,0,0,0,0,0,0,0,0,0,0,0,0,0,0,0,0,0,0,0,0,0,0,0,0,0,0,0,0,0,0,0,0,0,0,0,0,0,0,0,0,0,0,0,0,0,0,0,0,0,0,0,0,0,0,0,0,0,0,0,0,0,0,0,0,0,0,0,0,0,0,0,0,0,0,0,0,0,0,0,0,0,0,0,0,0,0,0,0,0,0,0,0,0,0,0,0,0,0,0,0,0,0,0,0,0,0,0,0,0,0,0,0,0,0,0,0,0,0,0,0,0,0,0,0,0,0,0,0,0,0,0,0,0,,0,0,0,0,0,0,0,0,0,,,,,,,,,,,,,,,,,,,,,,,,,,,,,,,0,50,,,,,,,,,,,,,,,,,,,,,,,,,,,,,,,0,
9/1/2026,2025,20260468,47435,31916,"WM RENEWABLE ENERGY, LLC",Natural Gas,INTRASTATE,ALABAMA,0,0,0,0,0,0,0,0,0,0,0,0,0,0,0,0,0,0,0,0,0,0,0,0,0,0,0,0,0,0,0,0,0,0,0,0,0,0,0,0,0,0,0,0,0,0,0,0,0,0,0,0,0,0,0,0,0,0,0,0,0,0,0,0,0,0,0,0,0,0,0,0,0,0,0,0,0,0,0,0,0,0,0,0,0,0,0,0,0,0,0,0,0,0,0,0,0,0,0,0,0,0,0,0,0,0,0,0,0,0,0,0,0,0,0,0,0,0,0,0,0,0,0,0,0,0,0,0,0,0,0,0,0,0,0,0,0,0,0,0,0,0,0,0,0,0,0,0,0,0,0,0,0,0,0,,0,0,0,0,0,0,0,0,0,,,,,,,,,,,,,,,,,,,,,,,,,,,,,,,0,1,,,,,,,,,,,,,,,,,,,,,,,,,,,,,,,0,
9/1/2026,2025,20260468,47435,31916,"WM RENEWABLE ENERGY, LLC",Natural Gas,INTRASTATE,KENTUCKY,0,0,0,0,0,0,0,0,0,0,0,0,0,0,0,0,0,0,0,0,0,0,0,0,0,0,0,0,0,0,0,0,0,0,0,0,0,0,0,0,0,0,0,0,0,0,0,0,0,0,0,0,0,0,0,0,0,0,0,0,0,0,0,0,0,0,0,0,0,0,0,0,0,0,0,0,0,0,0,0,0,0,0,0,0,0,0,0,0,0,0,0,0,0,0,0,0,0,0,0,0,0,0,0,0,0,0,0,0,0,0,0,0,0,0,0,0,0,0,0,0,0,0,0,0,0,0,0,0,0,0,0,0,0,0,0,0,0,0,0,0,0,0,0,0,0,0,0,0,0,0,0,0,0,0,,0,0,0,0,0,0,0,0,0,,,,,,,,,,,,,,,,,,,,,,,,,,,,,,,0,16,,,,,,,,,,,,,,,,,,,,,,,,,,,,,,,0,
9/1/2026,2025,20260468,47435,31916,"WM RENEWABLE ENERGY, LLC",Natural Gas,INTRASTATE,OKLAHOMA,0,0,0,0,0,0,0,0,0,0,0,0,0,0,0,0,0,0,0,0,0,0,0,0,0,0,0,0,0,0,0,0,0,0,0,0,0,0,0,0,0,0,0,0,0,0,0,0,0,0,0,0,0,0,0,0,0,0,0,0,0,0,0,0,0,0,0,0,0,0,0,0,0,0,0,0,0,0,0,0,0,0,0,0,0,0,0,0,0,0,0,0,0,0,0,0,0,0,0,0,0,0,0,0,0,0,0,0,0,0,0,0,0,0,0,0,0,0,0,0,0,0,0,0,0,0,0,0,0,0,0,0,0,0,0,0,0,0,0,0,0,0,0,0,0,0,0,0,0,0,0,0,0,0,0,,0,0,0,0,0,0,0,0,0,,,,,,,,,,,,,,,,,,,,,,,,,,,,,,,0,13,,,,,,,,,,,,,,,,,,,,,,,,,,,,,,,0,
9/1/2026,2025,20260468,47435,31916,"WM RENEWABLE ENERGY, LLC",Natural Gas,INTRASTATE,VIRGINIA,0,0,0,0,0,0,0,0,0,0,0,0,0,0,0,0,0,0,0,0,0,0,0,0,0,0,0,0,0,0,0,0,0,0,0,0,0,0,0,0,0,0,0,0,0,0,0,0,0,0,0,0,0,0,0,0,0,0,0,0,0,0,0,0,0,0,0,0,0,0,0,0,0,0,0,0,0,0,0,0,0,0,0,0,0,0,0,0,0,0,0,0,0,0,0,0,0,0,0,0,0,0,0,0,0,0,0,0,0,0,0,0,0,0,0,0,0,0,0,0,0,0,0,0,0,0,0,0,0,0,0,0,0,0,0,0,0,0,0,0,0,0,0,0,0,0,0,0,0,0,0,0,0,0,0,,0,0,0,0,0,0,0,0,0,,,,,,,,,,,,,,,,,,,,,,,,,,,,,,,0,253,,,,,,,,,,,,,,,,,,,,,,,,,,,,,,,0,
9/1/2026,2025,20261094,48104,31924,COPANO FIELD SERVICES/UPPER GULF COAST LLC,Natural Gas,INTRASTATE,TEXAS,0,0,0,0,0,0,0,0,0,0,0,0,0,0,0,0,0,0,0,0,0,0,0,0,0,0,0,0,0,0,0,0,0,0,0,0,0,0,0,0,0,0,0,0,0,0,0,0,0,0,0,0,0,0,0,0,0,0,0,0,0,0,0,0,0,0,0,0,0,0,0,0,0,0,0,0,0,0,0,0,0,0,0,0,0,0,0,0,0,0,0,0,0,0,0,0,0,0,0,0,0,0,0,0,0,0,0,0,0,0,0,0,0,0,0,0,0,0,0,0,0,0,0,0,0,0,0,0,0,0,0,0,0,0,0,0,0,0,0,0,0,0,0,0,0,0,0,0,0,0,0,0,0,0,,0,0,0,0,0,0,0,0,0,0,,,,,,,,,,,,,,,,,,,,,,,,,,,,,,,0,,0,0,0,0,0,0,0,0,0,0,0,0,0,0,0,0,0,0,0,0,0,0,0,0,0,0,0,0,0,0,0,336
9/1/2026,2025,20261043,48048,31925,COPANO PIPELINES/SOUTH TEXAS LLC,Natural Gas,INTRASTATE,TEXAS,0,0,0,0,0,0,0,0,0,0,0,0,0,0,0,0,0,0,0,0,1,0,0,0,0,0,0,0,0,0,0,0,0,0,0,0,0,0,0,0,0,0,0,0,0,0,0,0,0,0,0,0,0,0,0,0,0,0,0,0,0,0,0,0,0,0,0,0,0,0,0,0,0,0,0,0,0,0,0,0,0,0,0,0,0,0,0,0,0,0,0,0,0,0,0,0,0,0,0,0,0,0,0,0,0,0,0,0,0,0,0,0,0,0,0,0,0,0,0,0,0,0,0,0,0,0,0,0,0,0,0,0,0,0,0,0,0,0,0,0,0,0,0,0,0,0,0,0,0,0,0,0,1,0,0,0,0,0,0,0,0,0,0,0,0,,,,,,,,,,,,,,,,,,,,,,,,,,,,,,,0,0,,,,,,,,,,,,,,,,,,,,,,,,,,,,,,,0,1540
9/1/2026,2025,20261169,48182,31926,COPANO PIPELINES/UPPER GULF COAST LLC,Natural Gas,INTRASTATE,TEXAS,0,0,0,0,,,0,0,,0,,0,0,0,0,,,0,0,,0,,0,0,0,0,,,0,0,,0,,0,0,0,0,,,0,0,,0,,0,0,0,0,,,0,0,,0,,0,0,0,0,,,0,0,,0,,0,0,0,0,,,0,0,,0,,0,0,0,0,,,0,0,,0,,0,0,0,0,,,0,0,,0,,0,0,0,0,,,0,0,,0,,0,0,0,0,,,0,0,,0,,0,0,0,0,,,0,0,,0,,0,0,0,0,,,0,0,,0,,0,0,0,0,,0,,0,,0,,0,0,0,,0,,0,,0,0,0,,,,,,,,,,,,,,,,,,,,,,,,,,,,,,,0,6506,,,,,,,,,,,,,,,,,,,,,,,,,,,,,,,0,172
9/1/2026,2025,20260680,47665,31933,CALCASIEU REFINING COMPANY,Natural Gas,INTRASTATE,LOUISIANA,0,0,0,0,,,0,,,,,0,0,0,0,,,0,,,,,0,0,0,0,,,0,,,,,0,0,0,0,,,0,,,,,0,0,0,0,,,0,,,,,0,0,0,0,,,0,,,,,0,0,0,0,,,0,,,,,0,0,0,0,,,0,,,,,0,0,0,0,,,0,,,,,0,0,0,0,,,0,,,,,0,0,0,0,,,0,0,0,0,0,0,0,0,0,,,0,0,0,0,0,0,0,0,0,,,0,0,0,0,0,0,0,0,0,,0,,0,0,0,0,,,0,,,,,,0,,0,,,,,,,,,,,,,,,,,,,,,,,,,,,,,,,0,0,,,,,,,,,,,,,,,,,,,,,,,,,,,,,,,,
9/1/2026,2025,20261108,48119,31936,WORTHINGTON GENERATION,Natural Gas,INTRASTATE,INDIANA,0,0,0,0,0,0,0,0,0,0,0,0,0,0,0,0,0,0,0,0,0,0,0,0,0,0,0,0,0,0,0,0,0,0,0,0,0,0,0,0,0,0,0,0,0,0,0,0,0,0,0,0,0,0,0,0,0,0,0,0,0,0,0,0,0,0,0,0,0,0,0,0,0,0,0,0,0,0,0,0,0,0,0,0,0,0,0,0,0,0,0,0,0,0,0,0,0,0,0,0,0,0,0,0,0,0,0,0,0,0,0,0,0,0,0,0,0,0,0,0,0,0,0,0,0,0,0,0,0,0,0,0,0,0,0,0,0,0,0,0,0,0,0,0,0,0,0,0,0,0,0,0,0,0,0,,0,0,0,0,0,0,0,0,0,0,0,0,0,0,0,0,0,0,0,0,0,0,0,0,0,0,0,0,0,0,0,0,0,0,0,0,0,0,0,0,131,,,,,,,,,,,,,,,,,,,,,,,,,,,,,,,0,
9/1/2026,2025,20260383,47348,31943,COLT MIDSTREAM LLC,Natural Gas,INTRASTATE,TEXAS,,0,0,0,,,,0,0,0,,,0,0,0,,,,0,0,2,,,0,0,0,,,,0,1,0,,,0,0,0,,,,0,0,0,,,0,0,0,,,,0,0,0,,,0,0,0,,,,0,0,0,,,0,0,0,,,,0,0,0,,,0,0,0,,,,0,0,0,,,0,0,0,,,,0,0,0,,,0,0,0,,,,0,0,0,,,0,0,0,,,,0,0,0,,,0,0,0,,,,0,0,0,,,0,0,0,,,,0,0,0,,,0,0,0,,,,0,1,2,,0,0,0,,0,0,0,,0,0,0,0,0,0,0,0,0,0,0,0,0,0,0,0,0,0,0,0,0,0,0,0,0,0,0,0,0,0,0,0,0,0,0,,,,,,,,,,,,,,,,,,,,,,,,,,,,,,,0,0
9/1/2026,2025,20261151,48164,31949,SW GATHERING,Natural Gas,INTRASTATE,PENNSYLVANIA,,0,,,,,,0,0,0,,,0,,,,,,0,0,0,,,0,,,,,,0,0,0,,,0,,,,,,0,0,0,,,0,,,,,,0,0,0,,,0,,,,,,0,0,0,,,0,,,,,,0,0,0,,,0,,,,,,0,0,0,,,0,,,,,,0,0,0,,,0,,,,,,0,0,0,,,0,,,,,,0,0,0,,,0,,,,,,0,0,0,,,0,,,,,,0,0,0,,,0,,,,,,0,0,0,,,0,,,0,0,0,,,0,0,,,,,,,,,,,,,,,,,,,,,,,,,,,,,,,,,,,,,,,,,,,,,,,,,,,,,,,,,,,,,,,0,394
9/1/2026,2025,20260475,47442,31955,CITY OF VERNON,Natural Gas,INTRASTATE,CALIFORNIA,0,0,0,0,,,0,,,,,0,0,0,0,,,0,,,,,0,0,0,0,,,0,,,,,0,0,0,0,,,0,,,,,0,0,0,0,,,0,,,,,0,0,0,0,,,0,,,,,0,0,0,0,,,0,,,,,0,0,0,0,,,0,,,,,0,0,0,0,,,0,,,,,0,0,0,0,,,0,,,,,0,0,0,0,,,0,0,0,0,0,0,0,0,0,,,0,0,0,0,0,0,0,0,0,,,0,0,0,0,0,0,0,0,0,,0,,0,0,0,0,0,,0,,,,,,0,,0,,,,,,,,,,,,,,,,,,,,,,,,,,,,,,,0,1751,,,,,,,,,,,,,,,,,,,,,,,,,,,,,,,,
9/1/2026,2025,20260129,47084,31967,"JORDAN DEVELOPMENT COMPANY, L.L.C.",Natural Gas,INTRASTATE,MICHIGAN,,0,,,,,,0,,,,,0,,,,,,0,,,,,0,,,,,,0,,,,,0,,,,,,0,,,,,0,,,,,,0,,,,,0,,,,,,0,,,,,0,,,,,,0,,,,,0,,,,,,0,,,,,0,,,,,,0,,,,,0,,,,,,0,,,,,0,,,,,,0,,,,,0,,,,,,0,,,,,0,,,,,,0,,,,,0,,,,,,0,,,,,0,,,0,,,,,0,0,,,,,,,,,,,,,,,,,,,,,,,,,,,,,,,,,0,0,0,0,0,0,0,0,0,0,0,0,0,0,0,0,0,0,0,0,0,0,0,0,0,0,0,0,0,0,0,477
9/1/2026,2025,20260588,47571,31968,"WTG GAS TRANSMISSION COMPANY, LLC",Natural Gas,INTRASTATE,TEXAS,0,0,0,4,,,0,,,,,0,0,0,0,,,0,,,,,0,0,0,0,,,0,,,,,0,0,0,0,,,0,,,,,0,0,0,0,,,0,,,,,0,0,0,0,,,0,,,,,0,0,0,0,,,0,,,,,0,0,0,0,,,0,,,,,0,0,0,0,,,0,,,,,0,0,0,0,,,0,,,,,0,0,0,0,,,0,0,0,0,0,0,0,0,0,,,0,0,0,0,0,0,0,0,1,,,0,0,0,0,0,0,0,0,5,,0,,0,0,0,0,2,,0,,,,,,0,,0,,,,,,,,,,,,,,,,,,,,,,,,,,,,,,,0,1865,,,,,,,,,,,,,,,,,,,,,,,,,,,,,,,,
9/1/2026,2025,20260842,47837,31978,ATMOS PIPELINE - TEXAS,Natural Gas,INTRASTATE,TEXAS,0,0,0,7,0,0,0,0,0,0,0,0,0,0,0,0,0,0,0,0,0,0,0,0,0,0,0,0,0,0,0,0,0,2,0,0,0,0,0,0,0,0,0,0,0,0,0,2,0,0,0,0,0,0,0,2,4,4,23,0,0,0,0,0,0,0,0,0,0,0,0,0,0,0,0,0,0,0,0,0,2,0,0,0,0,0,0,0,0,0,0,0,0,0,0,0,0,0,0,0,0,0,0,0,0,0,0,0,0,0,0,0,0,0,0,0,0,0,0,0,0,0,0,0,0,0,0,0,0,0,0,0,0,0,0,0,0,0,0,0,0,0,0,4,4,4,34,0,0,0,0,0,0,0,62,,1,0,0,0,0,0,1,0,1,1,0,1,0,0,2,0,1,0,0,0,0,1,0,0,1,0,1,0,0,1,0,0,0,0,0,0,1,0,2,6,191853,,,,,,,,,,,,,,,,,,,,,,,,,,,,,,,0,
9/1/2026,2025,20260068,47021,31999,"SHELBY COUNTY ENERGY CENTER, LLC",Natural Gas,INTRASTATE,ILLINOIS,0,0,0,0,0,0,0,0,0,0,0,0,0,0,0,0,0,0,0,0,0,0,0,0,0,0,0,0,0,0,0,0,0,0,0,0,0,0,0,0,0,0,0,0,0,0,0,0,0,0,0,0,0,0,0,0,0,0,0,0,0,0,0,0,0,0,0,0,0,0,0,0,0,0,0,0,0,0,0,0,0,0,0,0,0,0,0,0,0,0,0,0,0,0,0,0,0,0,0,0,0,0,0,0,0,0,0,0,0,0,0,0,0,0,0,0,0,0,0,0,0,0,0,0,0,0,0,0,0,0,0,0,0,0,0,0,0,0,0,0,0,0,0,0,0,0,0,0,0,0,0,0,0,0,0,,0,0,0,0,0,0,0,0,0,,,,,,,,,,,,,,,,,,,,,,,,,,,,,,,0,49,,,,,,,,,,,,,,,,,,,,,,,,,,,,,,,0,
9/1/2026,2025,20261295,48308,32005,"ENLINK PROCESSING SERVICES, LLC",Natural Gas,INTERSTATE,LOUISIANA,0,0,0,0,,,0,0,0,0,,0,0,0,0,,,0,0,0,0,,0,0,0,0,,,0,0,0,0,,0,0,0,0,,,0,0,0,0,,0,0,0,0,,,0,0,0,0,,0,0,0,0,,,0,0,0,0,,0,0,0,0,,,0,0,0,0,,0,0,0,0,,,0,0,0,0,,0,0,0,0,,,0,0,0,0,,0,0,0,0,,,0,0,0,0,,0,0,0,0,,,0,0,0,0,,0,0,0,0,,,0,0,0,0,,0,0,0,0,,,0,0,0,0,,0,0,0,0,,0,,0,0,0,,0,0,0,,0,0,0,,0,0,0,,,,,,,,,,,,,,,,,,,,,,,,,,,,,,,0,4063,,,,,,,,,,,,,,,,,,,,,,,,,,,,,,,0,
9/1/2026,2025,20261295,48308,32005,"ENLINK PROCESSING SERVICES, LLC",Natural Gas,INTERSTATE,TEXAS,0,0,0,0,,,0,0,0,0,,0,0,0,0,,,0,0,0,0,,0,0,0,0,,,0,0,0,0,,0,0,0,0,,,0,0,0,0,,0,0,0,0,,,0,0,0,0,,0,0,0,0,,,0,0,0,0,,0,0,0,0,,,0,0,0,0,,0,0,0,0,,,0,0,0,0,,0,0,0,0,,,0,0,0,0,,0,0,0,0,,,0,0,0,0,,0,0,0,0,,,0,0,0,0,,0,0,0,0,,,0,0,0,0,,0,0,0,0,,,0,0,0,0,,0,0,0,0,,0,,0,0,0,,0,0,0,,0,0,0,,0,0,0,,,,,,,,,,,,,,,,,,,,,,,,,,,,,,,0,4063,,,,,,,,,,,,,,,,,,,,,,,,,,,,,,,0,
9/1/2026,2025,20261295,48308,32005,"ENLINK PROCESSING SERVICES, LLC",Natural Gas,INTRASTATE,LOUISIANA,0,0,0,1,,,0,0,0,0,,0,0,0,0,,,0,0,0,0,,0,0,0,0,,,0,0,0,0,,0,0,0,0,,,0,0,0,0,,0,0,0,0,,,0,0,0,0,,0,0,0,0,,,0,0,0,0,,0,0,0,0,,,0,0,0,0,,0,0,0,0,,,0,0,0,0,,0,0,0,0,,,0,0,0,0,,0,0,0,0,,,0,0,0,0,,0,0,0,0,,,0,0,0,0,,0,0,0,0,,,0,0,0,0,,0,0,1,4,,,0,0,0,0,,0,0,1,5,,0,,0,0,0,,0,0,0,,0,0,0,,0,0,0,,,,,,,,,,,,,,,,,,,,,,,,,,,,,,,0,31472,,,,,,,,,,,,,,,,,,,,,,,,,,,,,,,0,2223
9/1/2026,2025,20260032,46974,32007,"SUPERIOR MIDSTREAM, LLC",Natural Gas,INTRASTATE,KANSAS,,0,,,,,,0,0,0,,,0,,,,,,0,0,0,,,0,,,,,,0,0,0,,,0,,,,,,0,0,0,,,0,,,,,,0,0,0,,,0,,,,,,0,0,0,,,0,,,,,,0,0,0,,,0,,,,,,0,0,0,,,0,,,,,,0,0,0,,,0,,,,,,0,0,0,,,0,,,,,,0,0,0,,,0,,,,,,0,0,0,,,0,,,,,,0,0,0,,,0,,,,,,0,0,0,,,0,,,0,0,0,,,0,0,,,,,,,,,,,,,,,,,,,,,,,,,,,,,,,,,,,,,,,,,,,,,,,,,,,,,,,,,,,,,,,0,45
9/1/2026,2025,20260032,46974,32007,"SUPERIOR MIDSTREAM, LLC",Natural Gas,INTRASTATE,OKLAHOMA,,0,0,0,,,,,0,0,,,0,0,0,,,,,0,0,,,0,0,0,,,,,0,0,,,0,0,0,,,,,0,0,,,0,0,0,,,,,0,0,,,0,0,0,,,,,0,0,,,0,0,0,,,,,0,0,,,0,0,0,,,,,0,0,,,0,0,0,,,,,0,0,,,0,0,0,,,,,0,0,,,0,0,0,,,,,0,0,,,0,0,0,,,,,0,0,,,0,0,0,,,,,0,0,,,0,0,0,,,,,0,0,,0,0,0,,,0,0,,0,0,0,,,,,,,,,,,,,,,,,,,,,,,,,,,,,,,0,15,,,,,,,,,,,,,,,,,,,,,,,,,,,,,,,0,12569
9/1/2026,2025,20260032,46974,32007,"SUPERIOR MIDSTREAM, LLC",Natural Gas,INTRASTATE,TEXAS,0,0,0,0,0,0,0,0,0,0,0,0,0,0,0,0,0,0,0,0,0,0,0,0,0,0,0,0,0,0,0,0,0,0,0,0,0,0,0,0,0,0,0,0,0,0,0,0,0,0,0,0,0,0,0,0,0,0,0,0,0,0,0,0,0,0,0,0,0,0,0,0,0,0,0,0,0,0,0,0,0,0,0,0,0,0,0,0,0,0,0,0,0,0,0,0,0,0,0,0,0,0,0,0,0,0,0,0,0,0,0,0,0,0,0,0,0,0,0,0,0,0,0,0,0,0,0,0,0,0,0,0,0,0,0,0,0,0,0,0,0,0,0,0,0,0,0,0,0,0,0,0,0,0,0,0,0,0,0,0,0,0,0,0,0,,,,,,,,,,,,,,,,,,,,,,,,,,,,,,,0,8,,,,,,,,,,,,,,,,,,,,,,,,,,,,,,,0,12
9/1/2026,2025,20261383,48398,32011,"HOLLY ENERGY PARTNERS - OPERATING, L.P.",Hydrogen Gas,INTRASTATE,OKLAHOMA,0,0,0,0,0,0,0,0,0,0,0,0,0,0,0,0,0,0,0,0,0,0,0,0,0,0,0,0,0,0,0,0,0,0,0,0,0,0,0,0,0,0,0,0,0,0,0,0,0,0,0,0,0,0,0,0,0,0,0,0,0,0,0,0,0,0,0,0,0,0,0,0,0,0,0,0,0,0,0,0,0,0,0,0,0,0,0,0,0,0,0,0,0,0,0,0,0,0,0,0,0,0,0,0,0,0,0,0,0,0,0,0,0,0,0,0,0,0,0,0,0,0,0,0,0,0,0,0,0,0,0,0,0,0,0,0,0,0,0,0,0,0,0,0,0,0,0,0,0,0,0,0,0,0,0,,0,0,0,0,0,0,0,0,0,,,,,,,,,,,,,,,,,,,,,,,,,,,,,,,0,12,,,,,,,,,,,,,,,,,,,,,,,,,,,,,,,0,
9/1/2026,2025,20261384,48400,32011,"HOLLY ENERGY PARTNERS - OPERATING, L.P.",Natural Gas,INTRASTATE,NEW MEXICO,0,0,0,0,0,0,0,0,0,0,0,0,0,0,0,0,0,0,0,0,0,0,0,0,0,0,0,0,0,0,0,0,0,0,0,0,0,0,0,0,0,0,0,0,0,0,0,0,0,0,0,0,0,0,0,0,0,0,0,0,0,0,0,0,0,0,0,0,0,0,0,0,0,0,0,0,0,0,0,0,0,0,0,0,0,0,0,0,0,0,0,0,0,0,0,0,0,0,0,0,0,0,0,0,0,0,0,0,0,0,0,0,0,0,0,0,0,0,0,0,0,0,0,0,0,0,0,0,0,0,0,0,0,0,0,0,0,0,0,0,0,0,0,0,0,0,0,0,0,0,0,0,0,0,0,,0,0,0,0,0,0,0,0,0,,,,,,,,,,,,,,,,,,,,,,,,,,,,,,,0,6,,,,,,,,,,,,,,,,,,,,,,,,,,,,,,,0,
9/1/2026,2025,20261385,48401,32011,"HOLLY ENERGY PARTNERS - OPERATING, L.P.",Other Gas-Sweet/Sour Gas,INTRASTATE,OKLAHOMA,0,0,0,0,0,0,0,0,0,0,0,0,0,0,0,0,0,0,0,0,0,0,0,0,0,0,0,0,0,0,0,0,0,0,0,0,0,0,0,0,0,0,0,0,0,0,0,0,0,0,0,0,0,0,0,0,0,0,0,0,0,0,0,0,0,0,0,0,0,0,0,0,0,0,0,0,0,0,0,0,0,0,0,0,0,0,0,0,0,0,0,0,0,0,0,0,0,0,0,0,0,0,0,0,0,0,0,0,0,0,0,0,0,0,0,0,0,0,0,0,0,0,0,0,0,0,0,0,0,0,0,0,0,0,0,0,0,0,0,0,0,0,0,0,0,0,0,0,0,0,0,0,0,0,0,,0,0,0,0,0,0,0,0,0,,,,,,,,,,,,,,,,,,,,,,,,,,,,,,,0,24,,,,,,,,,,,,,,,,,,,,,,,,,,,,,,,0,
9/1/2026,2025,20260759,47747,32023,"MONTGOMERY GAS TRANSMISSION, INC.",Natural Gas,INTRASTATE,TEXAS,0,0,0,0,,,0,,,,,0,0,0,0,,,0,,,,,0,0,0,0,,,0,,,,,0,0,0,0,,,0,,,,,0,0,0,0,,,0,,,,,0,0,0,0,,,0,,,,,0,0,0,0,,,0,,,,,0,0,0,0,,,0,,,,,0,0,0,0,,,0,,,,,0,0,0,0,,,0,,,,,0,0,0,0,,,0,0,0,0,0,0,0,0,0,,,0,0,0,0,0,0,0,0,0,,,0,0,0,0,0,0,0,0,0,,0,,0,0,0,0,0,,0,,,,,,0,,0,,,,,,,,,,,,,,,,,,,,,,,,,,,,,,,0,0,,,,,,,,,,,,,,,,,,,,,,,,,,,,,,,,
9/1/2026,2025,20261290,48303,32024,"CENTERPOINT ENERGY INTRASTATE PIPELINES, INC.",Natural Gas,INTRASTATE,TEXAS,0,0,0,0,,,0,,,,,0,0,0,0,,,0,,,,,0,0,0,0,,,0,,,,,0,0,0,0,,,0,,,,,0,0,0,0,,,0,,,,,0,0,0,0,,,0,,,,,0,0,0,0,,,0,,,,,0,0,0,0,,,0,,,,,0,0,0,0,,,0,,,,,0,0,0,0,,,0,,,,,0,0,0,0,,,0,0,0,0,0,0,0,0,0,,,0,0,0,0,0,0,0,0,0,,,0,0,0,0,0,0,0,0,0,,0,,0,0,0,0,0,,0,,,,,,0,,0,,,,,,,,,,,,,,,,,,,,,,,,,,,,,,,0,131,,,,,,,,,,,,,,,,,,,,,,,,,,,,,,,,
9/1/2026,2025,20260648,47633,32034,"NGO TRANSMISSION, INC.",Natural Gas,INTRASTATE,OHIO,0,0,0,0,0,0,0,0,0,0,0,0,0,0,0,0,0,0,0,0,0,0,0,0,0,0,0,0,0,0,0,0,0,0,0,0,0,0,0,0,0,0,0,0,0,0,0,0,0,0,0,0,0,0,0,0,0,0,0,0,0,0,0,0,0,0,0,0,0,0,0,0,0,0,0,0,0,0,0,0,0,0,0,0,0,0,0,0,0,0,0,0,0,0,0,0,0,0,0,0,0,0,0,0,0,0,0,0,0,0,0,0,0,0,0,0,0,0,0,0,0,0,0,0,0,0,0,0,0,0,0,0,0,0,0,0,0,0,0,0,0,0,0,0,0,0,0,0,0,0,0,0,0,0,0,,0,0,0,0,0,0,0,0,0,,,,,,,,,,,,,,,,,,,,,,,,,,,,,,,0,117,,,,,,,,,,,,,,,,,,,,,,,,,,,,,,,0,
9/1/2026,2025,20260520,47499,32039,PIMALCO GAS,Natural Gas,INTRASTATE,ARIZONA,0,0,0,0,0,0,0,0,0,0,0,0,0,0,0,0,0,0,0,0,0,0,0,0,0,0,0,0,0,0,0,0,0,0,0,0,0,0,0,0,0,0,0,0,0,0,0,0,0,0,0,0,0,0,0,0,0,0,0,0,0,0,0,0,0,0,0,0,0,0,0,0,0,0,0,0,0,0,0,0,0,0,0,0,0,0,0,0,0,0,0,0,0,0,0,0,0,0,0,0,0,0,0,0,0,0,0,0,0,0,0,0,0,0,0,0,0,0,0,0,0,0,0,0,0,0,0,0,0,0,0,0,0,0,0,0,0,0,0,0,0,0,0,0,0,0,0,0,0,0,0,0,0,0,0,,0,0,0,0,0,0,0,0,0,0,,,,,0,,,,,,,,,,,,,,,,,,,,,,,,,0,76,,,,,,,,,,,,,,,,,,,,,,,,,,,,,,,0,
9/1/2026,2025,20260309,47267,32042,FUTAMURA,Natural Gas,INTRASTATE,KANSAS,0,0,0,0,0,0,0,0,0,0,0,0,0,0,0,0,0,0,0,0,0,0,0,0,0,0,0,0,0,0,0,0,0,0,0,0,0,0,0,0,0,0,0,0,0,0,0,0,0,0,0,0,0,0,0,0,0,0,0,0,0,0,0,0,0,0,0,0,0,0,0,0,0,0,0,0,0,0,0,0,0,0,0,0,0,0,0,0,0,0,0,0,0,0,0,0,0,0,0,0,0,0,0,0,0,0,0,0,0,0,0,0,0,0,0,0,0,0,0,0,0,0,0,0,0,0,0,0,0,0,0,0,0,0,0,0,0,0,0,0,0,0,0,0,0,0,0,0,0,0,0,0,0,0,0,,0,0,0,0,0,0,0,0,0,,,,,,,,,,,,,,,,,,,,,,,,,,,,,,,0,7,,,,,,,,,,,,,,,,,,,,,,,,,,,,,,,0,
9/1/2026,2025,20260633,47762,32043,"NORTH COAST GAS TRANSMISSION, LLC",Natural Gas,INTRASTATE,OHIO,0,0,0,0,0,0,0,0,0,0,0,0,0,0,0,0,0,0,0,0,0,0,0,0,0,0,0,0,0,0,0,0,0,0,0,0,0,0,0,0,0,0,0,0,0,0,0,0,0,0,0,0,0,0,0,0,0,0,1,0,0,0,0,0,0,0,0,0,0,0,0,0,0,0,0,0,0,0,0,0,0,0,0,0,0,0,0,0,0,0,0,0,0,0,0,0,0,0,0,0,0,0,0,0,0,0,0,0,0,0,0,0,0,0,0,0,0,0,0,0,0,0,0,0,0,0,0,0,0,0,0,0,0,0,0,0,0,0,0,0,0,0,0,0,0,0,1,0,0,0,0,0,0,0,0,,0,0,0,0,0,0,0,0,0,,,,,,,,,,,,,,,,,,,,,,,,,,,,,,,0,564,,,,,,,,,,,,,,,,,,,,,,,,,,,,,,,0,
9/1/2026,2025,20260700,47686,32052,"WHITE MARLIN OPERATING COMPANY, LLC",Natural Gas,INTRASTATE,TEXAS,0,0,0,0,0,0,0,0,0,0,0,0,0,0,0,0,0,0,0,0,0,0,0,0,0,0,0,0,0,0,0,0,0,0,0,0,0,0,0,0,0,0,0,0,0,0,0,0,0,0,0,0,0,0,0,0,0,0,0,0,0,0,0,0,0,0,0,0,0,0,0,0,0,0,0,0,0,0,0,0,0,0,0,0,0,0,0,0,0,0,0,0,0,0,0,0,0,0,0,0,0,0,0,0,0,0,0,0,0,0,0,0,0,0,0,0,0,0,0,0,0,0,0,0,0,0,0,0,0,0,0,0,0,0,0,0,0,0,0,0,0,0,0,0,0,0,0,0,0,0,0,0,0,0,,7,0,0,0,0,0,0,0,0,0,,,,,,,,,,,,,,,,,,,,,,,,,,,,,,,0,,0,0,0,0,0,0,0,0,0,0,0,0,0,0,0,0,0,0,0,0,0,0,0,0,0,0,0,0,0,0,0,0
9/1/2026,2025,20260516,47495,32054,SILICON VALLEY POWER,Natural Gas,INTRASTATE,CALIFORNIA,0,0,0,0,0,0,0,0,0,0,0,0,0,0,0,0,0,0,0,0,0,0,0,0,0,0,0,0,0,0,0,0,0,0,0,0,0,0,0,0,0,0,0,0,0,0,0,0,0,0,0,0,0,0,0,0,0,0,0,0,0,0,0,0,0,0,0,0,0,0,0,0,0,0,0,0,0,0,0,0,0,0,0,0,0,0,0,0,0,0,0,0,0,0,0,0,0,0,0,0,0,0,0,0,0,0,0,0,0,0,0,0,0,0,0,0,0,0,0,0,0,0,0,0,0,0,0,0,0,0,0,0,1,0,0,0,0,0,0,0,0,0,0,1,0,0,0,0,0,0,0,0,0,0,0,,0,0,0,0,0,0,0,0,0,0,0,0,0,0,0,0,0,0,0,0,0,0,0,0,0,0,0,0,0,0,0,0,0,0,0,0,0,0,0,0,1402,,,,,,,,,,,,,,,,,,,,,,,,,,,,,,,0,
9/1/2026,2025,20260011,46951,32067,"TORO ENERGY OF MARYLAND, LLC",Landfill Gas,INTRASTATE,MARYLAND,0,0,0,0,,,0,,,,,0,0,0,0,,,0,,,,,0,0,0,0,,,0,,,,,0,0,0,0,,,0,,,,,0,0,0,0,,,0,,,,,0,0,0,0,,,0,,,,,0,0,0,0,,,0,,,,,0,0,0,0,,,0,,,,,0,0,0,0,,,0,,,,,0,0,0,0,,,0,,,,,0,0,0,0,,,0,,,,,0,0,0,0,,,0,,,,,0,0,0,0,,,0,,,,,0,0,0,0,,0,,,,,,0,,0,,,,,,0,,0,,,,,,,,,,,,,,,,,,,,,,,,,,,,,,,0,0,,,,,,,,,,,,,,,,,,,,,,,,,,,,,,,0,0
9/1/2026,2025,20260316,47274,32068,"WMRE OF MICHIGAN, LLC",Landfill Gas,INTRASTATE,MICHIGAN,0,0,0,0,0,0,0,0,0,0,0,0,0,0,0,0,0,0,0,0,0,0,0,0,0,0,0,0,0,0,0,0,0,0,0,0,0,0,0,0,0,0,0,0,0,0,0,0,0,0,0,0,0,0,0,0,0,0,0,0,0,0,0,0,0,0,0,0,0,0,0,0,0,0,0,0,0,0,0,0,0,0,0,0,0,0,0,0,0,0,0,0,0,0,0,0,0,0,0,0,0,0,0,0,0,0,0,0,0,0,0,0,0,0,0,0,0,0,0,0,0,0,0,0,0,0,0,0,0,0,0,0,0,0,0,0,0,0,0,0,0,0,0,0,0,0,0,0,0,0,0,0,0,0,0,,0,0,0,0,0,0,0,0,0,,,,,,,,,,,,,,,,,,,,,,,,,,,,,,,0,74,,,,,,,,,,,,,,,,,,,,,,,,,,,,,,,0,
9/1/2026,2025,20260315,47273,32070,"WMRE OF OHIO, LLC",Landfill Gas,INTRASTATE,OHIO,0,0,0,0,0,0,0,0,0,0,0,0,0,0,0,0,0,0,0,0,0,0,0,0,0,0,0,0,0,0,0,0,0,0,0,0,0,0,0,0,0,0,0,0,0,0,0,0,0,0,0,0,0,0,0,0,0,0,0,0,0,0,0,0,0,0,0,0,0,0,0,0,0,0,0,0,0,0,0,0,0,0,0,0,0,0,0,0,0,0,0,0,0,0,0,0,0,0,0,0,0,0,0,0,0,0,0,0,0,0,0,0,0,0,0,0,0,0,0,0,0,0,0,0,0,0,0,0,0,0,0,0,0,0,0,0,0,0,0,0,0,0,0,0,0,0,0,0,0,0,0,0,0,0,0,,0,0,0,0,0,0,0,0,0,0,0,0,0,0,0,0,0,0,0,0,0,0,0,0,0,0,0,0,0,0,0,0,0,0,0,0,0,0,0,0,133,,,,,,,,,,,,,,,,,,,,,,,,,,,,,,,0,
9/1/2026,2025,20260506,47479,32071,"WMRE OF OHIO-AMERICAN, LLC",Natural Gas,INTRASTATE,OHIO,0,0,0,0,0,0,0,0,0,0,0,0,0,0,0,0,0,0,0,0,0,0,0,0,0,0,0,0,0,0,0,0,0,0,0,0,0,0,0,0,0,0,0,0,0,0,0,0,0,0,0,0,0,0,0,0,0,0,0,0,0,0,0,0,0,0,0,0,0,0,0,0,0,0,0,0,0,0,0,0,0,0,0,0,0,0,0,0,0,0,0,0,0,0,0,0,0,0,0,0,0,0,0,0,0,0,0,0,0,0,0,0,0,0,0,0,0,0,0,0,0,0,0,0,0,0,0,0,0,0,0,0,0,0,0,0,0,0,0,0,0,0,0,0,0,0,0,0,0,0,0,0,0,0,0,,0,0,0,0,0,0,0,0,0,0,0,0,0,0,0,0,0,0,0,0,0,0,0,0,0,0,0,0,0,0,0,0,0,0,0,0,0,0,0,0,216,,,,,,,,,,,,,,,,,,,,,,,,,,,,,,,0,
9/1/2026,2025,20261263,48276,32072,HUDSON VALLEY GAS CORPORATION,Natural Gas,INTRASTATE,NEW YORK,0,0,0,0,0,0,0,0,0,0,0,0,0,0,0,0,0,0,0,0,0,0,0,0,0,0,0,0,0,0,0,0,0,0,0,0,0,0,0,0,0,0,0,0,0,0,0,0,0,0,0,0,0,0,0,0,0,0,0,0,0,0,0,0,0,0,0,0,0,0,0,0,0,0,0,0,0,0,0,0,0,0,0,0,0,0,0,0,0,0,0,0,0,0,0,0,0,0,0,0,0,0,0,0,0,0,0,0,0,0,0,0,0,0,0,0,0,0,0,0,0,0,0,0,0,0,0,0,0,0,0,0,0,0,0,0,0,0,0,0,0,0,0,0,0,0,0,0,0,0,0,0,0,0,0,,0,0,0,0,0,0,0,0,0,,,,,,,,,,,,,,,,,,,,,,,,,,,,,,,0,0,,,,,,,,,,,,,,,,,,,,,,,,,,,,,,,0,
9/1/2026,2025,20261177,48190,32074,SUMMIT NATURAL GAS OF MISSOURI,Natural Gas,INTRASTATE,MISSOURI,0,0,0,0,,,0,,,,,0,0,0,0,,,0,,,,,0,0,0,0,,,0,,,,,0,0,0,0,,,0,,,,,0,0,0,0,,,0,,,,,0,3,0,0,,,0,,,,,0,0,0,0,,,0,,,,,0,0,0,0,,,0,,,,,0,0,0,0,,,0,,,,,0,0,0,0,,,0,,,,,0,0,0,0,,,0,0,0,0,0,0,0,0,0,,,0,0,0,0,0,0,0,0,0,,,0,0,0,0,0,0,3,0,0,,0,,0,0,0,0,0,,0,,,,,,0,,0,,,,,,,,,,,,,,,,,,,,,,,,,,,,,,,0,1213,,,,,,,,,,,,,,,,,,,,,,,,,,,,,,,,
9/1/2026,2025,20261261,48274,32081,NEBRASKA PUBLIC POWER DISTRICT,Natural Gas,INTRASTATE,NEBRASKA,0,0,0,0,0,0,0,0,0,0,0,0,0,0,0,0,0,0,0,0,0,0,0,0,0,0,0,0,0,0,0,0,0,0,0,0,0,0,0,0,0,0,0,0,0,0,0,0,0,0,0,0,0,0,0,0,0,0,0,0,0,0,0,0,0,0,0,0,0,0,0,0,0,0,0,0,0,0,0,0,0,0,0,0,0,0,0,0,0,0,0,0,0,0,0,0,0,0,0,0,0,0,0,0,0,0,0,0,0,0,0,0,0,0,0,0,0,0,0,0,0,0,0,0,0,0,0,0,0,0,0,0,0,0,0,0,0,0,0,0,0,0,0,0,0,0,0,0,0,0,0,0,0,0,0,,0,0,0,0,0,0,0,0,0,,,,,,,,,,,,,,,,,,,,,,,,,,,,,,,0,2,,,,,,,,,,,,,,,,,,,,,,,,,,,,,,,0,
9/1/2026,2025,20261364,48378,32083,"DCOR, LLC",Natural Gas,INTERSTATE,OCS-Pacific,,0,,,,,,0,0,0,0,,0,,,,,,0,0,0,0,,0,,,,,,0,0,0,0,,0,,,,,,0,0,0,0,,0,,,,,,0,0,0,0,,0,,,,,,0,0,0,0,,0,,,,,,0,0,0,0,,0,,,,,,0,0,0,0,,0,,,,,,0,0,0,0,,0,,,,,,0,0,0,0,,0,,,,,,0,0,0,0,,0,,,,,,0,0,0,0,,0,,,,,,0,0,0,0,,0,,,,,,0,0,0,0,,0,,,0,0,0,0,,0,0,,,,,,,,,,,,,,,,,,,,,,,,,,,,,,,0,,,,,,,,,,,,,,,,,,,,,,,,,,,,,,,,0,0
9/1/2026,2025,20261364,48378,32083,"DCOR, LLC",Natural Gas,INTRASTATE,CALIFORNIA,0,0,0,0,0,0,0,0,0,0,0,0,0,0,0,0,0,0,0,0,0,0,0,0,0,0,0,0,0,0,0,0,0,0,0,0,0,0,0,0,0,0,0,0,0,0,0,0,0,0,0,0,0,0,0,0,0,0,0,0,0,0,0,0,0,0,0,0,0,0,0,0,0,0,0,0,0,0,0,0,0,0,0,0,0,0,0,0,0,0,0,0,0,0,0,0,0,0,0,0,0,0,0,0,0,0,0,0,0,0,0,0,0,0,0,0,0,0,0,0,0,0,0,0,0,0,0,0,0,0,0,0,0,0,0,0,0,0,0,0,0,0,0,0,0,0,0,0,0,0,0,0,0,0,,0,0,0,0,0,0,0,0,0,0,,,,,,,,,,,,,,,,,,,,,,,,,,,,,,,0,,,,,,,,,,,,,,,,,,,,,,,,,,,,,,,,0,55
9/1/2026,2025,20260170,47126,32093,EX EL PIPELINE SERVICES LLC,Natural Gas,INTRASTATE,CALIFORNIA,0,0,0,0,,,0,,,,,0,0,0,0,,,0,,,,,0,0,0,0,,,0,,,,,0,0,0,0,,,0,,,,,0,0,0,0,,,0,,,,,0,0,0,0,,,0,,,,,0,0,0,0,,,0,,,,,0,0,0,0,,,0,,,,,0,0,0,0,,,0,,,,,0,0,0,0,,,0,,,,,0,0,0,0,,,0,0,0,0,0,0,0,0,0,,,0,0,0,0,0,0,0,0,0,,,0,0,0,0,0,0,0,0,0,,0,,0,0,0,0,0,,0,,,,,,0,,0,,,,,,,,,,,,,,,,,,,,,,,,,,,,,,,0,694,,,,,,,,,,,,,,,,,,,,,,,,,,,,,,,0,
9/1/2026,2025,20260754,47742,32094,AUX SABLE LIQUID PRODUCTS,Natural Gas,INTRASTATE,ILLINOIS,0,0,0,0,0,0,0,0,0,0,0,0,0,0,0,0,0,0,0,0,0,0,0,0,0,0,0,0,0,0,0,0,0,0,0,0,0,0,0,0,0,0,0,0,0,0,0,0,0,0,0,0,0,0,0,0,0,0,0,0,0,0,0,0,0,0,0,0,0,0,0,0,0,0,0,0,0,0,0,0,0,0,0,0,0,0,0,0,0,0,0,0,0,0,0,0,0,0,0,0,0,0,0,0,0,0,0,0,0,0,0,0,0,0,0,0,0,0,0,0,0,0,0,0,0,0,0,0,0,0,0,0,0,0,0,0,0,0,0,0,0,0,0,0,0,0,0,0,0,0,0,0,0,0,0,,0,0,0,0,0,0,0,0,0,,,,,,,,,,,,1,1,,,,,,,,,,,,,,,,,,1,2200,,,,,,,,,,,,,,,,,,,,,,,,,,,,,,,0,
9/1/2026,2025,20260807,48421,32099,ENERGY TRANSFER COMPANY,Natural Gas,INTRASTATE,ARKANSAS,0,0,0,0,,,0,0,0,0,,0,0,0,0,,,0,0,0,0,,0,0,0,0,,,0,0,0,0,,0,0,0,0,,,0,0,0,0,,0,0,0,0,,,0,0,0,0,,0,0,0,0,,,0,0,0,0,,0,0,0,0,,,0,0,0,0,,0,0,0,0,,,0,0,0,0,,0,0,0,0,,,0,0,0,0,,0,0,0,0,,,0,0,0,0,,0,0,0,0,,,0,0,0,0,,0,0,0,0,,,0,0,0,0,,0,0,0,0,,,0,0,0,0,,0,0,0,0,,0,,0,0,0,,0,0,0,,0,0,0,,0,0,0,0,0,0,0,0,0,0,0,0,0,0,0,0,0,0,0,0,0,0,0,0,0,0,0,0,0,0,0,0,0,0,68,1,0,0,0,0,1,0,0,0,0,0,0,0,0,0,0,0,0,0,0,0,0,0,0,0,0,0,0,0,0,1,533
9/1/2026,2025,20260807,48421,32099,ENERGY TRANSFER COMPANY,Natural Gas,INTRASTATE,KANSAS,,0,,,,,,0,0,0,,,0,,,,,,0,0,1,,,0,,,,,,0,0,0,,,0,,,,,,0,0,0,,,0,,,,,,0,0,0,,,0,,,,,,0,0,0,,,0,,,,,,0,0,0,,,0,,,,,,0,0,0,,,0,,,,,,0,0,0,,,0,,,,,,0,0,0,,,0,,,,,,0,0,0,,,0,,,,,,0,0,0,,,0,,,,,,0,0,0,,,0,,,,,,0,0,1,,,0,,,0,0,0,,,0,0,,,,,,,,,,,,,,,,,,,,,,,,,,,,,,,,,,,,,,,,,,,,,,,,,,,,,,,,,,,,,,,0,56
9/1/2026,2025,20260807,48421,32099,ENERGY TRANSFER COMPANY,Natural Gas,INTRASTATE,LOUISIANA,0,0,0,0,,,0,0,0,0,,0,0,0,0,,,0,0,1,8,,0,0,0,0,,,0,0,0,0,,0,0,0,0,,,0,0,0,0,,0,0,0,0,,,0,0,0,0,,0,0,0,1,,,0,0,0,3,,0,0,0,0,,,0,0,0,1,,0,0,0,0,,,0,0,0,0,,0,0,0,0,,,0,0,0,0,,0,0,0,0,,,0,0,0,0,,0,0,0,1,,,0,0,0,0,,0,0,0,0,,,0,0,0,0,,0,0,0,0,,,0,0,0,0,,0,0,0,2,,0,,0,1,12,,0,0,0,,0,0,0,,0,0,0,0,0,0,0,0,0,0,0,0,0,0,0,0,0,0,0,0,0,0,0,0,0,0,0,0,0,0,0,0,0,0,3275,3,0,0,0,0,3,0,0,0,0,0,1,1,0,0,0,0,0,0,0,0,0,0,0,0,0,0,0,0,0,4,5619
9/1/2026,2025,20260807,48421,32099,ENERGY TRANSFER COMPANY,Natural Gas,INTRASTATE,NEW MEXICO,0,0,0,0,,,0,0,0,8,,0,0,0,0,,,0,1,0,16,,0,0,0,0,,,0,0,0,0,,0,0,0,0,,,0,0,0,0,,0,0,0,0,,,0,0,0,0,,0,0,0,0,,,0,0,0,1,,0,0,0,0,,,0,0,0,0,,0,0,0,0,,,0,0,0,0,,0,0,0,0,,,0,0,0,0,,0,0,0,0,,,0,0,0,0,,0,0,0,0,,,0,0,0,0,,0,0,0,0,,,0,0,0,0,,0,0,0,0,,,0,0,0,0,,0,0,0,0,,0,,1,0,25,,0,0,0,,0,0,8,,0,8,8,0,0,0,0,0,0,0,0,0,0,0,0,0,0,0,0,0,0,0,0,0,0,0,0,0,0,0,0,0,0,0,1,0,0,0,0,0,0,0,0,0,0,0,1,1,0,0,0,0,0,0,0,0,0,0,0,0,0,0,0,0,0,1,2704
9/1/2026,2025,20260807,48421,32099,ENERGY TRANSFER COMPANY,Natural Gas,INTRASTATE,OHIO,0,0,0,0,,,0,,,,,0,0,0,0,,,0,,,,,0,0,0,0,,,0,,,,,0,0,0,0,,,0,,,,,0,0,0,0,,,0,,,,,0,0,0,0,,,0,,,,,0,0,0,0,,,0,,,,,0,0,0,0,,,0,,,,,0,0,0,0,,,0,,,,,0,0,0,0,,,0,,,,,0,0,0,0,,,0,0,0,0,0,0,0,0,0,,,0,0,0,0,0,0,0,0,0,,,0,0,0,0,0,0,0,0,0,,0,,0,0,0,0,0,,0,,,,,,0,,0,0,0,0,0,0,0,0,0,0,0,0,0,0,0,0,0,0,0,0,0,0,0,0,0,0,0,0,0,0,0,0,498,,,,,,,,,,,,,,,,,,,,,,,,,,,,,,,,
9/1/2026,2025,20260807,48421,32099,ENERGY TRANSFER COMPANY,Natural Gas,INTRASTATE,OKLAHOMA,0,0,0,0,,,0,0,0,0,,0,0,0,0,,,0,1,0,1,,0,0,0,0,,,0,0,0,0,,0,0,0,0,,,0,0,0,0,,0,0,0,0,,,0,0,0,0,,0,0,0,0,,,0,0,0,1,,0,0,0,0,,,0,0,0,0,,0,0,0,0,,,0,0,0,0,,0,0,0,0,,,0,0,0,0,,0,0,0,0,,,0,0,0,0,,0,0,0,0,,,0,0,0,1,,0,0,0,0,,,0,0,0,0,,0,0,0,0,,,0,0,0,0,,0,0,0,0,,0,,1,0,3,,0,0,0,,0,0,0,,0,0,0,0,0,0,0,0,0,0,0,0,0,0,0,0,0,0,0,0,0,0,0,0,0,0,0,0,0,0,0,0,0,0,139,0,0,0,0,0,0,0,0,0,0,0,0,0,0,0,0,0,0,0,0,0,0,0,0,0,0,0,0,0,0,0,10813
9/1/2026,2025,20260807,48421,32099,ENERGY TRANSFER COMPANY,Natural Gas,INTRASTATE,PENNSYLVANIA,0,0,0,0,,,0,0,0,0,,0,0,0,0,,,0,0,0,0,,0,0,0,0,,,0,0,0,0,,0,0,0,0,,,0,0,0,0,,0,0,0,0,,,0,0,0,0,,0,0,0,0,,,0,0,0,6,,0,0,0,0,,,0,0,0,0,,0,0,0,0,,,0,0,0,0,,0,0,0,0,,,0,0,0,0,,0,0,0,0,,,0,0,0,0,,0,0,0,0,,,0,0,0,0,,0,0,0,0,,,0,0,0,1,,0,0,0,0,,,0,0,0,0,,0,0,0,0,,0,,0,0,7,,0,0,0,,0,0,0,,0,0,0,0,0,0,0,0,0,0,0,0,0,0,0,0,0,0,0,0,0,0,0,0,0,0,0,0,0,0,0,0,0,0,309,1,0,0,0,0,1,0,0,0,0,0,0,0,0,0,0,0,0,0,0,0,0,0,0,0,0,0,0,0,0,1,1543
9/1/2026,2025,20260807,48421,32099,ENERGY TRANSFER COMPANY,Natural Gas,INTRASTATE,TEXAS,0,0,0,1,,,0,0,0,11,,0,0,0,0,,,0,0,1,20,,0,0,0,0,,,0,0,0,1,,0,0,0,0,,,0,0,0,0,,0,0,0,0,,,0,0,0,0,,0,0,0,2,,,0,0,0,2,,0,0,0,0,,,0,0,0,1,,0,0,0,1,,,0,0,0,3,,0,0,0,0,,,0,0,0,0,,0,0,0,0,,,0,0,0,0,,0,0,0,0,,,0,0,0,0,,0,0,0,0,,,0,0,0,0,,0,0,0,0,,,0,0,0,0,,0,0,0,4,,0,,0,1,38,,0,0,0,,0,0,0,,0,0,0,1,0,1,0,0,2,0,0,0,0,0,1,1,0,0,0,0,0,0,0,0,0,0,0,0,0,0,0,0,0,3,100126,1,0,0,0,0,1,0,0,0,0,0,2,2,0,0,0,0,0,0,0,0,0,0,0,0,0,0,0,0,0,3,45555
9/1/2026,2025,20260807,48421,32099,ENERGY TRANSFER COMPANY,Natural Gas,INTRASTATE,WEST VIRGINIA,,0,,,,,,0,0,0,,,0,,,,,,0,0,0,,,0,,,,,,0,0,0,,,0,,,,,,0,0,0,,,0,,,,,,0,0,0,,,0,,,,,,0,0,0,,,0,,,,,,0,0,0,,,0,,,,,,0,0,0,,,0,,,,,,0,0,0,,,0,,,,,,0,0,0,,,0,,,,,,0,0,0,,,0,,,,,,0,0,0,,,0,,,,,,0,0,0,,,0,,,,,,0,0,0,,,0,,,0,0,0,,,0,0,,,,,,,,,,,,,,,,,,,,,,,,,,,,,,,,,0,0,0,0,0,0,0,0,0,0,0,0,0,0,0,0,0,0,0,0,0,0,0,0,0,0,0,0,0,0,0,216
9/1/2026,2025,20261260,48273,32105,"MIRANT BOWLINE, LLC",Natural Gas,INTRASTATE,NEW YORK,0,0,0,0,0,0,0,0,0,0,0,0,0,0,0,0,0,0,0,0,0,0,0,0,0,0,0,0,0,0,0,0,0,0,0,0,0,0,0,0,0,0,0,0,0,0,0,0,0,0,0,0,0,0,0,0,0,0,0,0,0,0,0,0,0,0,0,0,0,0,0,0,0,0,0,0,0,0,0,0,0,0,0,0,0,0,0,0,0,0,0,0,0,0,0,0,0,0,0,0,0,0,0,0,0,0,0,0,0,0,0,0,0,0,0,0,0,0,0,0,0,0,0,0,0,0,0,0,0,0,0,0,0,0,0,0,0,0,0,0,0,0,0,0,0,0,0,0,0,0,0,0,0,0,0,,0,0,0,0,0,0,0,0,0,,,,,,,,,,,,,,,,,,,,,,,,,,,,,,,0,0,,,,,,,,,,,,,,,,,,,,,,,,,,,,,,,,
9/1/2026,2025,20260839,47834,32106,CENTURY ALUMINUM,Natural Gas,INTRASTATE,KENTUCKY,0,0,0,0,,,0,,,,,0,0,0,0,,,0,,,,,0,0,0,0,,,0,,,,,0,0,0,0,,,0,,,,,0,0,0,0,,,0,,,,,0,0,0,0,,,0,,,,,0,0,0,0,,,0,,,,,0,0,0,0,,,0,,,,,0,0,0,0,,,0,,,,,0,0,0,0,,,0,,,,,0,0,0,0,,,0,0,0,0,0,0,0,0,0,,,0,0,0,0,0,0,0,0,0,,,0,0,0,0,0,0,0,0,0,,0,,0,0,0,0,0,,0,,,,,,0,,0,,,,,,,,,,,,,,,,,,,,,,,,,,,,,,,0,333,,,,,,,,,,,,,,,,,,,,,,,,,,,,,,,0,
9/1/2026,2025,20260569,47552,32109,"ONEOK NGL PIPELINE, LLC",Natural Gas,INTRASTATE,TEXAS,0,0,0,0,0,0,0,0,0,0,0,0,0,0,0,0,0,0,0,0,0,0,0,0,0,0,0,0,0,0,0,0,0,0,0,0,0,0,0,0,0,0,0,0,0,0,0,0,0,0,0,0,0,0,0,0,0,0,0,0,0,0,0,0,0,0,0,0,0,0,0,0,0,0,0,0,0,0,0,0,0,0,0,0,0,0,0,0,0,0,0,0,0,0,0,0,0,0,0,0,0,0,0,0,0,0,0,0,0,0,0,0,0,0,0,0,0,0,0,0,0,0,0,0,0,0,0,0,0,0,0,0,0,0,0,0,0,0,0,0,0,0,0,0,0,0,0,0,0,0,0,0,0,0,0,,0,0,0,0,0,0,0,0,0,,,,,,,,,,,,,,,,,,,,,,,,,,,,,,,0,1567,,,,,,,,,,,,,,,,,,,,,,,,,,,,,,,,
9/1/2026,2025,20261038,48042,32134,PATRIOTS ENERGY GROUP,Natural Gas,INTRASTATE,SOUTH CAROLINA,0,0,0,0,0,0,0,0,0,0,0,0,0,0,0,0,0,0,0,0,0,0,0,0,0,0,0,0,0,0,0,0,0,0,0,0,0,0,0,0,0,0,0,0,0,0,0,0,0,0,0,0,0,0,0,0,0,0,0,0,0,0,0,0,0,0,0,0,0,0,0,0,0,0,0,0,0,0,0,0,0,0,0,0,0,0,0,0,0,0,0,0,0,0,0,0,0,0,0,0,0,0,0,0,0,0,0,0,0,0,0,0,0,0,0,0,0,0,0,0,0,0,0,0,0,0,0,0,0,0,0,0,0,0,0,0,0,0,0,0,0,0,0,0,0,0,0,0,0,0,0,0,0,0,0,,0,0,0,0,0,0,0,0,0,,,,,,,,,,,,,,,,,,,,,,,,,,,,,,,0,622,,,,,,,,,,,,,,,,,,,,,,,,,,,,,,,0,
9/1/2026,2025,20260604,47587,32144,COOS COUNTY PIPELINE,Natural Gas,INTRASTATE,OREGON,0,0,0,0,0,0,0,0,0,0,0,0,0,0,0,0,0,0,0,0,0,0,0,0,0,0,0,0,0,0,0,0,0,0,0,0,0,0,0,0,0,0,0,0,0,0,0,0,0,0,0,0,0,0,0,0,0,0,0,0,0,0,0,0,0,0,0,0,0,0,0,0,0,0,0,0,0,0,0,0,0,0,0,0,0,0,0,0,0,0,0,0,0,0,0,0,0,0,0,0,0,0,0,0,0,0,0,0,0,0,0,0,0,0,0,0,0,0,0,0,0,0,0,0,0,0,0,0,0,0,0,0,0,0,0,0,0,0,0,0,0,0,0,0,0,0,0,0,0,0,0,0,0,0,0,,0,0,0,0,0,0,0,0,0,0,0,0,0,0,0,0,0,0,0,0,0,0,0,0,0,0,0,0,0,0,0,0,0,0,0,0,0,0,0,0,35,,,,,,,,,,,,,,,,,,,,,,,,,,,,,,,0,
9/1/2026,2025,20260452,47418,32145,BASIN ELECTRIC POWER COOPERATIVE,Natural Gas,INTRASTATE,SOUTH DAKOTA,0,0,0,0,0,0,0,0,0,0,0,0,0,0,0,0,0,0,0,0,0,0,0,0,0,0,0,0,0,0,0,0,0,0,0,0,0,0,0,0,0,0,0,0,0,0,0,0,0,0,0,0,0,0,0,0,0,0,0,0,0,0,0,0,0,0,0,0,0,0,0,0,0,0,0,0,0,0,0,0,0,0,0,0,0,0,0,0,0,0,0,0,0,0,0,0,0,0,0,0,0,0,0,0,0,0,0,0,0,0,0,0,0,0,0,0,0,0,0,0,0,0,0,0,0,0,0,0,0,0,0,0,0,0,0,0,0,0,0,0,0,0,0,0,0,0,0,0,0,0,0,0,0,0,0,,0,,,,,,0,,0,,,,,,,,,,,,,,,,,1,1,,,,,,,,,,,,,1,47,,,,,,,,,,,,,,,,,,,,,,,,,,,,,,,,
9/1/2026,2025,20261104,48115,32147,MARATHON PIPE LINE LLC,Natural Gas,INTRASTATE,CALIFORNIA,0,0,0,0,,,0,,,,,0,0,0,0,,,0,,,,,0,0,0,0,,,0,,,,,0,0,0,0,,,0,,,,,0,0,0,0,,,0,,,,,0,0,0,0,,,0,,,,,0,0,0,0,,,0,,,,,0,0,0,0,,,0,,,,,0,0,0,0,,,0,,,,,0,0,0,0,,,0,,,,,0,0,0,0,,,0,0,0,0,0,0,0,0,0,,,0,0,0,0,0,0,0,0,0,,,0,0,0,0,0,0,0,0,0,,0,,0,0,0,0,0,,0,,,,,,0,,0,,,,,,,,,,,,,,,,,,,,,,,,,,,,,,,0,1313,,,,,,,,,,,,,,,,,,,,,,,,,,,,,,,,
9/1/2026,2025,20261103,48535,32147,MARATHON PIPE LINE LLC,Other Gas-Off Gas,INTRASTATE,CALIFORNIA,0,0,0,0,,,0,,,,,0,0,0,0,,,0,,,,,0,0,0,0,,,0,,,,,0,0,0,0,,,0,,,,,0,0,0,0,,,0,,,,,0,0,0,0,,,0,,,,,0,0,0,0,,,0,,,,,0,0,0,0,,,0,,,,,0,0,0,0,,,0,,,,,0,0,0,0,,,0,,,,,0,0,0,0,,,0,,,,,0,0,0,0,,,0,,,,,0,0,0,0,,,0,,,,,0,0,0,0,,0,,,,,,0,,0,,,,,,0,,0,,,,,,,,,,,,,,,,,,,,,,,,,,,,,,,0,832,,,,,,,,,,,,,,,,,,,,,,,,,,,,,,,,
9/1/2026,2025,20261000,48003,32163,ROCKIES EXPRESS PIPELINE LLC,Natural Gas,INTERSTATE,COLORADO,0,0,0,0,,,0,,,,,0,0,0,0,,,0,,,,,0,0,0,0,,,0,,,,,0,0,0,0,,,0,,,,,0,0,0,0,,,0,,,,,0,0,0,2,,,0,,,,,0,0,0,0,,,0,,,,,0,0,0,0,,,0,,,,,0,0,0,0,,,0,,,,,0,0,0,0,,,0,,,,,0,0,0,0,,,0,0,0,0,0,0,0,0,0,,,0,0,0,0,0,0,0,0,0,,,0,0,0,0,0,0,0,0,2,,0,,0,0,0,0,0,,0,0,0,0,0,0,0,0,0,0,0,0,0,0,0,0,0,0,0,0,0,0,0,0,0,0,0,0,0,0,0,0,0,0,0,0,0,0,0,0,419,,,,,,,,,,,,,,,,,,,,,,,,,,,,,,,,
9/1/2026,2025,20261000,48003,32163,ROCKIES EXPRESS PIPELINE LLC,Natural Gas,INTERSTATE,ILLINOIS,0,0,0,0,,,0,,,,,0,0,0,0,,,0,,,,,0,0,0,0,,,0,,,,,0,0,0,0,,,0,,,,,0,0,0,0,,,0,,,,,0,0,0,2,,,0,,,,,0,0,0,0,,,0,,,,,0,0,0,0,,,0,,,,,0,0,0,0,,,0,,,,,0,0,0,0,,,0,,,,,0,0,0,0,,,0,0,0,0,0,0,0,0,0,,,0,0,0,0,0,0,0,0,0,,,0,0,0,0,0,0,0,0,2,,0,,0,0,0,0,2,,0,0,0,0,0,0,0,0,0,0,0,0,0,0,0,0,0,0,0,0,0,0,0,0,0,0,0,0,0,0,0,0,0,0,0,0,0,0,0,0,566,,,,,,,,,,,,,,,,,,,,,,,,,,,,,,,,
9/1/2026,2025,20261000,48003,32163,ROCKIES EXPRESS PIPELINE LLC,Natural Gas,INTERSTATE,INDIANA,0,0,0,0,,,0,,,,,0,0,0,0,,,0,,,,,0,0,0,0,,,0,,,,,0,0,0,0,,,0,,,,,0,0,0,0,,,0,,,,,0,0,0,0,,,0,,,,,0,0,0,0,,,0,,,,,0,0,0,0,,,0,,,,,0,0,0,0,,,0,,,,,0,0,0,0,,,0,,,,,0,0,0,0,,,0,0,0,0,0,0,0,0,0,,,0,0,0,0,0,0,0,0,0,,,0,0,0,0,0,0,0,0,0,,0,,0,0,0,0,0,,0,0,0,0,0,0,0,0,0,0,0,0,0,0,0,0,0,0,0,0,0,0,0,0,0,0,0,0,0,0,0,0,0,0,0,0,0,0,0,0,2276,,,,,,,,,,,,,,,,,,,,,,,,,,,,,,,,
9/1/2026,2025,20261000,48003,32163,ROCKIES EXPRESS PIPELINE LLC,Natural Gas,INTERSTATE,KANSAS,0,0,0,0,,,0,,,,,0,0,0,0,,,0,,,,,0,0,0,0,,,0,,,,,0,0,0,0,,,0,,,,,0,0,0,0,,,0,,,,,0,0,0,0,,,0,,,,,0,0,0,0,,,0,,,,,0,0,0,0,,,0,,,,,0,0,0,0,,,0,,,,,0,0,0,0,,,0,,,,,0,0,0,0,,,0,0,0,0,0,0,0,0,0,,,0,0,0,0,0,0,0,0,0,,,0,0,0,0,0,0,0,0,0,,0,,0,0,0,0,0,,0,0,0,0,0,0,0,0,0,0,0,0,0,0,0,0,0,0,0,0,0,0,0,0,0,0,0,0,0,0,0,0,0,0,0,0,0,0,0,0,143,,,,,,,,,,,,,,,,,,,,,,,,,,,,,,,,
9/1/2026,2025,20261000,48003,32163,ROCKIES EXPRESS PIPELINE LLC,Natural Gas,INTERSTATE,MISSOURI,0,0,0,0,,,0,,,,,0,0,0,0,,,0,,,,,0,0,0,0,,,0,,,,,0,0,0,0,,,0,,,,,0,0,0,0,,,0,,,,,0,0,0,1,,,0,,,,,0,0,0,0,,,0,,,,,0,0,0,0,,,0,,,,,0,0,0,0,,,0,,,,,0,0,0,0,,,0,,,,,0,0,0,0,,,0,0,0,0,0,0,0,0,0,,,0,0,0,0,0,0,0,0,0,,,0,0,0,0,0,0,0,0,1,,0,,0,0,0,0,1,,0,0,0,0,0,0,0,0,0,0,0,0,0,0,0,0,0,0,0,0,0,0,0,0,0,0,0,0,0,0,0,0,0,0,0,0,0,0,0,0,1080,,,,,,,,,,,,,,,,,,,,,,,,,,,,,,,,
9/1/2026,2025,20261000,48003,32163,ROCKIES EXPRESS PIPELINE LLC,Natural Gas,INTERSTATE,NEBRASKA,0,0,0,0,0,0,0,0,0,0,0,0,0,0,0,0,0,0,0,0,0,0,0,0,0,0,0,0,0,0,0,0,0,0,0,0,0,0,0,0,0,0,0,0,0,0,0,0,0,0,0,0,0,0,0,0,0,0,1,0,0,0,0,0,0,0,0,0,0,1,0,0,0,0,0,0,0,0,0,0,0,0,0,0,0,0,0,0,0,0,0,0,0,0,0,0,0,0,0,0,0,0,0,0,0,0,0,0,0,0,0,0,0,0,0,0,0,0,0,0,0,0,0,0,0,0,0,0,0,0,0,0,0,0,0,0,0,0,0,0,0,0,0,0,0,0,2,0,0,0,0,0,0,0,0,,0,0,0,0,0,0,0,0,0,0,0,0,0,0,0,0,0,0,0,0,0,0,0,0,0,0,0,0,0,0,0,0,0,0,0,0,0,0,0,0,925,,,,,,,,,,,,,,,,,,,,,,,,,,,,,,,,
9/1/2026,2025,20261000,48003,32163,ROCKIES EXPRESS PIPELINE LLC,Natural Gas,INTERSTATE,OHIO,0,0,0,0,,,0,,,,,0,0,0,0,,,0,,,,,0,0,0,0,,,0,,,,,0,0,0,0,,,0,,,,,0,0,0,0,,,0,,,,,0,0,0,8,,,0,,,,,0,0,0,0,,,0,,,,,0,0,0,0,,,0,,,,,0,0,0,0,,,0,,,,,0,0,0,0,,,0,,,,,0,0,0,0,,,0,0,0,0,0,0,0,0,0,,,0,0,0,0,0,0,0,0,0,,,0,0,0,0,0,0,0,0,8,,0,,0,0,0,0,7,,0,,,,,,0,,0,0,0,0,0,0,0,0,0,0,0,0,0,0,0,0,0,0,0,0,0,0,0,0,0,0,0,0,0,0,0,0,3198,,,,,,,,,,,,,,,,,,,,,,,,,,,,,,,,
9/1/2026,2025,20261000,48003,32163,ROCKIES EXPRESS PIPELINE LLC,Natural Gas,INTERSTATE,WYOMING,0,0,0,0,0,0,0,0,0,0,0,0,0,0,0,0,0,0,0,0,0,0,0,0,0,0,0,0,0,0,0,0,0,0,0,0,0,0,0,0,0,0,0,0,0,0,0,0,0,0,0,0,0,0,0,0,0,0,0,0,0,0,0,0,0,0,0,0,0,0,0,0,0,0,0,0,0,0,0,0,0,0,0,0,0,0,0,0,0,0,0,0,0,0,0,0,0,0,0,0,0,0,0,0,0,0,0,0,0,0,0,0,0,0,0,0,0,0,0,0,0,0,0,0,0,0,0,0,0,0,0,0,0,0,0,0,0,0,0,0,0,0,0,0,0,0,0,0,0,0,0,0,0,0,0,,0,0,0,0,0,0,0,0,0,0,0,0,0,0,0,0,0,0,0,0,0,0,0,0,0,0,0,0,0,0,0,0,0,0,0,0,0,0,0,0,431,,,,,,,,,,,,,,,,,,,,,,,,,,,,,,,,
9/1/2026,2025,20261064,48506,32164,MARSHALL MUNICIPAL UTILITIES,Natural Gas,INTRASTATE,MISSOURI,0,0,0,0,0,0,0,0,0,0,0,0,0,0,0,0,0,0,0,0,0,0,0,0,0,0,0,0,0,0,0,0,0,0,0,0,0,0,0,0,0,0,0,0,0,0,0,0,0,0,0,0,0,0,0,0,0,0,0,0,0,0,0,0,0,0,0,0,0,0,0,0,0,0,0,0,0,0,0,0,0,0,0,0,0,0,0,0,0,0,0,0,0,0,0,0,0,0,0,0,0,0,0,0,0,0,0,0,0,0,0,0,0,0,0,0,0,0,0,0,0,0,0,0,0,0,0,0,0,0,0,0,0,0,0,0,0,0,0,0,0,0,0,0,0,0,0,0,0,0,0,0,0,0,0,,0,0,0,0,0,0,0,0,0,,,,,,,,,,,,,,,,,,,,,,,,,,,,,,,0,50,,,,,,,,,,,,,,,,,,,,,,,,,,,,,,,0,
9/1/2026,2025,20260330,47291,32171,EMPIRE PIPELINE CORPORATION,Natural Gas,INTRASTATE,TEXAS,0,0,0,0,0,0,0,0,0,0,0,0,0,0,0,0,0,0,0,0,0,0,0,0,0,0,0,0,0,0,0,0,0,0,0,0,0,0,0,0,0,0,0,0,0,0,0,0,0,0,0,0,0,0,0,0,0,0,0,0,0,0,0,0,0,0,0,0,0,0,0,0,0,0,0,0,0,0,0,0,0,0,0,0,0,0,0,0,0,0,0,0,0,0,0,0,0,0,0,0,0,0,0,0,0,0,0,0,0,0,0,0,0,0,0,0,0,0,0,0,0,0,0,0,0,0,0,0,0,0,0,0,0,0,0,0,0,0,0,0,0,0,0,0,0,0,0,0,0,0,0,0,0,0,,0,0,0,0,0,0,0,0,0,0,,,,,,,,,,,,,,,,,,,,,,,,,,,,,,,0,,,,,,,,,,,,,,,,,,,,,,,,,,,,,,,,0,2485
9/1/2026,2025,20260800,47793,32172,GERDAU MACSTEEL,Natural Gas,INTRASTATE,ARKANSAS,0,0,0,0,0,0,0,0,0,0,0,0,0,0,0,0,0,0,0,0,0,0,0,0,0,0,0,0,0,0,0,0,0,0,0,0,0,0,0,0,0,0,0,0,0,0,0,0,0,0,0,0,0,0,0,0,0,0,0,0,0,0,0,0,0,0,0,0,0,0,0,0,0,0,0,0,0,0,0,0,0,0,0,0,0,0,0,0,0,0,0,0,0,0,0,0,0,0,0,0,0,0,0,0,0,0,0,0,0,0,0,0,0,0,0,0,0,0,0,0,0,0,0,0,0,0,0,0,0,0,0,0,0,0,0,0,0,0,0,0,0,0,0,0,0,0,0,0,0,0,0,0,0,0,,,,,,,,,,,,0,0,0,0,0,0,0,0,0,0,0,0,0,0,0,0,0,0,0,0,0,0,0,0,0,0,0,0,0,0,0,87,,,,,,,,,,,,,,,,,,,,,,,,,,,,,,,,
9/1/2026,2025,20260191,47148,32176,CARDINAL FG,Natural Gas,INTRASTATE,WASHINGTON,0,0,0,0,0,0,0,0,0,0,0,0,0,0,0,0,0,0,0,0,0,0,0,0,0,0,0,0,0,0,0,0,0,0,0,0,0,0,0,0,0,0,0,0,0,0,0,0,0,0,0,0,0,0,0,0,0,0,0,0,0,0,0,0,0,0,0,0,0,0,0,0,0,0,0,0,0,0,0,0,0,0,0,0,0,0,0,0,0,0,0,0,0,0,0,0,0,0,0,0,0,0,0,0,0,0,0,0,0,0,0,0,0,0,0,0,0,0,0,0,0,0,0,0,0,0,0,0,0,0,0,0,0,0,0,0,0,0,0,0,0,0,0,0,0,0,0,0,0,0,0,0,0,0,0,,0,0,0,0,0,0,0,0,0,0,0,0,0,0,0,0,0,0,0,0,0,0,0,0,0,0,0,0,0,0,0,0,0,0,0,0,0,0,0,0,64,,,,,,,,,,,,,,,,,,,,,,,,,,,,,,,0,
9/1/2026,2025,20260836,47830,32178,CALIFORNIA RESOURCES CENTRAL VALLEY,Natural Gas,INTRASTATE,CALIFORNIA,0,0,0,0,0,0,0,0,0,0,0,0,0,0,0,0,0,0,0,0,0,0,0,0,0,0,0,0,0,0,0,0,0,0,0,0,0,0,0,0,0,0,0,0,0,0,0,0,0,0,0,0,0,0,0,0,0,0,0,0,0,0,0,0,0,0,0,0,0,0,0,0,0,0,0,0,0,0,0,0,0,0,0,0,0,0,0,0,0,0,0,0,0,0,0,0,0,0,0,0,0,0,0,0,0,0,0,0,0,0,0,0,0,0,0,0,0,0,0,0,0,0,0,0,0,0,0,0,0,0,0,0,0,0,0,0,0,0,0,0,0,0,0,0,0,0,0,0,0,0,0,0,0,0,0,0,0,0,0,0,0,0,0,0,0,,,,,,,,,,,,,,,,,,,,,,,,,,,,,,,0,0,,,,,,,,,,,,,,,,,,,,,,,,,,,,,,,0,1
9/1/2026,2025,20260163,47118,32183,"MOAB PIPELINE, LLC",Natural Gas,INTRASTATE,UTAH,0,0,0,0,,,0,,,,,0,0,0,0,,,0,,,,,0,0,0,0,,,0,,,,,0,0,0,0,,,0,,,,,0,0,0,0,,,0,,,,,0,0,0,0,,,0,,,,,0,0,0,0,,,0,,,,,0,0,0,0,,,0,,,,,0,0,0,0,,,0,,,,,0,0,0,0,,,0,,,,,0,0,0,1,,,0,0,0,0,0,0,0,0,0,,,0,0,0,0,0,0,0,0,0,,,0,0,0,0,0,0,0,0,1,,0,,0,0,0,0,0,,0,,,,,,0,,0,,,,,,,,,,,,,,,,,,,,,,,,,,,,,,,0,0,,,,,,,,,,,,,,,,,,,,,,,,,,,,,,,,
9/1/2026,2025,20260198,47156,32189,"HUGHES GAS SYSTEM, LLC",Natural Gas,INTRASTATE,OKLAHOMA,0,0,0,0,0,0,0,0,0,0,0,0,0,0,0,0,0,0,0,0,0,0,0,0,0,0,0,0,0,0,0,0,0,0,0,0,0,0,0,0,0,0,0,0,0,0,0,0,0,0,0,0,0,0,0,0,0,0,0,0,0,0,0,0,0,0,0,0,0,0,0,0,0,0,0,0,0,0,0,0,0,0,0,0,0,0,0,0,0,0,0,0,0,0,0,0,0,0,0,0,0,0,0,0,0,0,0,0,0,0,0,0,0,0,0,0,0,0,0,0,0,0,0,0,0,0,0,0,0,0,0,0,0,0,0,0,0,0,0,0,0,0,0,0,0,0,0,0,0,0,0,0,0,0,,0,0,0,0,0,0,0,0,0,0,,,,,,,,,,,,,,,,,,,,,,,,,,,,,,,0,,0,0,0,0,0,0,0,0,0,0,0,0,0,0,0,0,0,0,0,0,0,0,0,0,0,0,0,0,0,0,0,241
9/1/2026,2025,20260272,47230,32190,CARDINAL FG-GREENLAND PLANT,Natural Gas,INTRASTATE,TENNESSEE,0,0,0,0,0,0,0,0,0,0,0,0,0,0,0,0,0,0,0,0,0,0,0,0,0,0,0,0,0,0,0,0,0,0,0,0,0,0,0,0,0,0,0,0,0,0,0,0,0,0,0,0,0,0,0,0,0,0,0,0,0,0,0,0,0,0,0,0,0,0,0,0,0,0,0,0,0,0,0,0,0,0,0,0,0,0,0,0,0,0,0,0,0,0,0,0,0,0,0,0,0,0,0,0,0,0,0,0,0,0,0,0,0,0,0,0,0,0,0,0,0,0,0,0,0,0,0,0,0,0,0,0,0,0,0,0,0,0,0,0,0,0,0,0,0,0,0,0,0,0,0,0,0,0,0,,0,0,0,0,0,0,0,0,0,0,0,0,0,0,0,0,0,0,0,0,0,0,0,0,0,0,0,0,0,0,0,0,0,0,0,0,0,0,0,0,0,,,,,,,,,,,,,,,,,,,,,,,,,,,,,,,0,
9/1/2026,2025,20261131,48144,32198,MINNESOTA ENERGY RESOURCES CORPORATION,Natural Gas,INTRASTATE,MINNESOTA,0,0,0,0,,,0,,,,,0,0,0,0,,,0,,,,,0,0,0,0,,,0,,,,,0,0,0,0,,,0,,,,,0,0,0,0,,,0,,,,,0,0,0,0,,,0,,,,,0,0,0,0,,,0,,,,,0,0,0,0,,,0,,,,,0,0,0,0,,,0,,,,,0,0,0,0,,,0,,,,,0,0,0,0,,,0,0,0,0,0,0,0,0,0,,,0,0,0,0,0,0,0,0,0,,,0,0,0,0,0,0,0,0,0,,0,,0,0,0,0,0,,0,,,,,,0,,0,0,0,0,0,0,0,0,0,0,0,0,0,0,0,0,0,0,0,0,0,0,0,0,0,0,0,0,0,0,0,0,109085,,,,,,,,,,,,,,,,,,,,,,,,,,,,,,,,
9/1/2026,2025,20260332,47293,32206,"FREEPORT LNG DEVELOPMENT, L.P.",Natural Gas,INTERSTATE,TEXAS,0,0,0,0,0,0,0,0,0,0,0,0,0,0,0,0,0,0,0,0,0,0,0,0,0,0,0,0,0,0,0,0,0,0,0,0,0,0,0,0,0,0,0,0,0,0,0,0,0,0,0,0,0,0,0,0,0,0,0,0,0,0,0,0,0,0,0,0,0,0,0,0,0,0,0,0,0,0,0,0,0,0,0,0,0,0,0,0,0,0,0,0,0,0,0,0,0,0,0,0,0,0,0,0,0,0,0,0,0,0,0,0,0,0,0,0,0,0,0,0,0,0,0,0,0,0,0,0,0,0,0,0,0,0,0,0,0,0,0,0,0,0,0,0,0,0,0,0,0,0,0,0,0,0,0,,0,0,0,0,0,0,0,0,0,,,,,,,,,,,,,,,,,,,,,,,,,,,,,,,0,219,,,,,,,,,,,,,,,,,,,,,,,,,,,,,,,0,
9/1/2026,2025,20260332,47293,32206,"FREEPORT LNG DEVELOPMENT, L.P.",Natural Gas,INTRASTATE,TEXAS,0,0,0,0,0,0,0,0,0,0,0,0,0,0,0,0,0,0,0,0,0,0,0,0,0,0,0,0,0,0,0,0,0,0,0,0,0,0,0,0,0,0,0,0,0,0,0,0,0,0,0,0,0,0,0,0,0,0,0,0,0,0,0,0,0,0,0,0,0,0,0,0,0,0,0,0,0,0,0,0,0,0,0,0,0,0,0,0,0,0,0,0,0,0,0,0,0,0,0,0,0,0,0,0,0,0,0,0,0,0,0,0,0,0,0,0,0,0,0,0,0,0,0,0,0,0,0,0,0,0,0,0,0,0,0,0,0,0,0,0,0,0,0,0,0,0,0,0,0,0,0,0,0,0,0,,0,0,0,0,0,0,0,0,0,,,,,,,,,,,,,,,,,,,,,,,,,,,,,,,0,219,,,,,,,,,,,,,,,,,,,,,,,,,,,,,,,0,
9/1/2026,2025,20260644,47629,32210,KENDAL POWER COMPANY LLC,Natural Gas,INTRASTATE,ILLINOIS,0,0,0,0,0,0,0,0,0,0,0,0,0,0,0,0,0,0,0,0,0,0,0,0,0,0,0,0,0,0,0,0,0,0,0,0,0,0,0,0,0,0,0,0,0,0,0,0,0,0,0,0,0,0,0,0,0,0,0,0,0,0,0,0,0,0,0,0,0,0,0,0,0,0,0,0,0,0,0,0,0,0,0,0,0,0,0,0,0,0,0,0,0,0,0,0,0,0,0,0,0,0,0,0,0,0,0,0,0,0,0,0,0,0,0,0,0,0,0,0,0,0,0,0,0,0,0,0,0,0,0,0,0,0,0,0,0,0,0,0,0,0,0,0,0,0,0,0,0,0,0,0,0,0,,,,,,,,,,,,0,0,0,0,0,0,0,0,0,0,0,0,0,0,0,0,0,0,0,0,0,0,0,0,0,0,0,0,0,0,0,127,,,,,,,,,,,,,,,,,,,,,,,,,,,,,,,0,
9/1/2026,2025,20260061,47014,32217,ELWOOD ENERGY LLC,Natural Gas,INTRASTATE,ILLINOIS,0,0,0,0,,,0,,,,,0,0,0,0,,,0,,,,,0,0,0,0,,,0,,,,,0,0,0,0,,,0,,,,,0,0,0,0,,,0,,,,,0,0,0,0,,,0,,,,,0,0,0,0,,,0,,,,,0,0,0,0,,,0,,,,,0,0,0,0,,,0,,,,,0,0,0,0,,,0,,,,,0,0,0,0,,,0,,,,,0,0,0,0,,,0,,,,,0,0,0,0,,,0,,,,,0,0,0,0,,0,,,,,,,,,,,,,,,,,,,,,,,,,,,,,,,,,,,,,,,,,,,,,,,0,19,,,,,,,,,,,,,,,,,,,,,,,,,,,,,,,,
9/1/2026,2025,20260491,47458,32231,"MONUMENT PIPELINE, LP",Natural Gas,INTRASTATE,TEXAS,0,0,0,0,0,0,0,0,0,0,0,0,0,0,0,0,0,0,0,0,0,0,0,0,0,0,0,0,0,0,0,0,0,0,0,0,0,0,0,0,0,0,0,0,0,0,0,0,0,0,0,0,0,0,0,0,0,0,0,0,0,0,0,0,0,0,0,0,0,0,0,0,0,0,0,0,0,0,0,0,0,0,0,0,0,0,0,0,0,0,0,0,0,0,0,0,0,0,0,0,0,0,0,0,0,0,0,0,0,0,0,0,0,0,0,0,0,0,0,0,0,0,0,0,0,0,0,0,0,0,0,0,0,0,0,0,0,0,0,0,0,0,0,0,0,0,0,0,0,0,0,0,0,0,0,0,0,0,0,0,0,0,0,0,0,0,0,0,0,0,0,0,0,0,0,0,0,0,0,0,0,0,0,0,0,0,0,0,0,0,0,0,0,0,0,0,11281,0,0,0,0,0,0,0,0,0,0,0,0,0,0,0,0,0,0,0,0,0,0,0,0,0,0,0,0,0,0,0,4144
9/1/2026,2025,20261352,48365,32233,"BESCO OPERATING, L.P.",Natural Gas,INTRASTATE,TEXAS,0,0,0,0,0,0,0,0,0,0,0,0,0,0,0,0,0,0,0,0,0,0,0,0,0,0,0,0,0,0,0,0,0,0,0,0,0,0,0,0,0,0,0,0,0,0,0,0,0,0,0,0,0,0,0,0,0,0,0,0,0,0,0,0,0,0,0,0,0,0,0,0,0,0,0,0,0,0,0,0,0,0,0,0,0,0,0,0,0,0,0,0,0,0,0,0,0,0,0,0,0,0,0,0,0,0,0,0,0,0,0,0,0,0,0,0,0,0,0,0,0,0,0,0,0,0,0,0,0,0,0,0,0,0,0,0,0,0,0,0,0,0,0,0,0,0,0,0,0,0,0,0,0,0,0,0,0,0,,0,0,0,0,0,0,0,0,0,0,0,0,0,0,0,0,0,0,0,0,0,0,0,0,0,0,0,0,0,0,0,0,0,0,0,0,0,2,0,0,0,0,0,0,0,0,0,0,0,0,0,0,0,0,0,0,0,0,0,0,0,0,0,0,0,0,0,0,0,40
9/1/2026,2025,20260766,47755,32237,"STERLING ETHANOL, LLC",Natural Gas,INTRASTATE,COLORADO,0,0,0,0,,,0,,,,,0,0,0,0,,,0,,,,,0,0,0,0,,,0,,,,,0,0,0,0,,,0,,,,,0,0,0,0,,,0,,,,,0,0,0,0,,,0,,,,,0,0,0,0,,,0,,,,,0,0,0,0,,,0,,,,,0,0,0,0,,,0,,,,,0,0,0,0,,,0,,,,,0,0,0,0,,,0,0,0,0,0,0,0,0,0,,,0,0,0,0,0,0,0,0,0,,,0,0,0,0,0,0,0,0,0,,0,,0,0,0,0,0,,0,,,,,,0,,0,,,,,,,,,,,,,,,,,,,,,,,,,,,,,,,0,0,,,,,,,,,,,,,,,,,,,,,,,,,,,,,,,0,
9/1/2026,2025,20260517,47496,32238,"LAMB WESTON, INC.",Natural Gas,INTRASTATE,OREGON,0,0,0,0,0,0,0,0,0,0,0,0,0,0,0,0,0,0,0,0,0,0,0,0,0,0,0,0,0,0,0,0,0,0,0,0,0,0,0,0,0,0,0,0,0,0,0,0,0,0,0,0,0,0,0,0,0,0,0,0,0,0,0,0,0,0,0,0,0,0,0,0,0,0,0,0,0,0,0,0,0,0,0,0,0,0,0,0,0,0,0,0,0,0,0,0,0,0,0,0,0,0,0,0,0,0,0,0,0,0,0,0,0,0,0,0,0,0,0,0,0,0,0,0,0,0,0,0,0,0,0,0,0,0,0,0,0,0,0,0,0,0,0,0,0,0,0,0,0,0,0,0,0,0,0,,0,0,0,0,0,0,0,0,0,0,0,0,0,0,0,0,0,0,0,0,0,0,0,0,0,0,0,0,0,0,0,0,0,0,0,0,0,0,0,0,7,,,,,,,,,,,,,,,,,,,,,,,,,,,,,,,0,
9/1/2026,2025,20260650,47635,32240,MADILL GAS PROCESSING,Natural Gas,INTRASTATE,OKLAHOMA,0,0,0,0,0,0,0,0,0,0,0,0,0,0,0,0,0,0,0,0,0,0,0,0,0,0,0,0,0,0,0,0,0,0,0,0,0,0,0,0,0,0,0,0,0,0,0,0,0,0,0,0,0,0,0,0,0,0,0,0,0,0,0,0,0,0,0,0,0,0,0,0,0,0,0,0,0,0,0,0,0,0,0,0,0,0,0,0,0,0,0,0,0,0,0,0,0,0,0,0,0,0,0,0,0,0,0,0,0,0,0,0,0,0,0,0,0,0,0,0,0,0,0,0,0,0,0,0,0,0,0,0,0,0,0,0,0,0,0,0,0,0,0,0,0,0,0,0,0,0,0,0,0,0,,0,0,0,0,0,0,0,0,0,0,,,,,,,,,,,,,,,,,,,,,,,,,,,,,,,0,,,,,,,,,,,,,,,,,,,,,,,,,,,,,,,,0,623
9/1/2026,2025,20260123,47078,32244,"BLACK POOL ENERGY, L.P.",Natural Gas,INTRASTATE,TEXAS,0,0,0,0,0,0,0,0,0,0,0,0,0,0,0,0,0,0,0,0,0,0,0,0,0,0,0,0,0,0,0,0,0,0,0,0,0,0,0,0,0,0,0,0,0,0,0,0,0,0,0,0,0,0,0,0,0,0,0,0,0,0,0,0,0,0,0,0,0,0,0,0,0,0,0,0,0,0,0,0,0,0,0,0,0,0,0,0,0,0,0,0,0,0,0,0,0,0,0,0,0,0,0,0,0,0,0,0,0,0,0,0,0,0,0,0,0,0,0,0,0,0,0,0,0,0,0,0,0,0,0,0,0,0,0,0,0,0,0,0,0,0,0,0,0,0,0,0,0,0,0,0,0,0,,0,0,0,0,0,0,0,0,0,0,,,,,,,,,,,,,,,,,,,,,,,,,,,,,,,0,,,,,,,,,,,,,,,,,,,,,,,,,,,,,,,,0,0
9/1/2026,2025,20260538,47518,32248,"FRONTIER FIELD SERVICES, LLC",Natural Gas,INTRASTATE,NEW MEXICO,0,0,0,0,0,0,0,0,0,0,0,0,0,0,0,0,0,0,0,0,0,0,0,0,0,0,0,0,0,0,0,0,0,0,0,0,0,0,0,0,0,0,0,0,0,0,0,0,0,0,0,0,0,0,0,0,0,0,0,0,0,0,0,0,0,0,0,0,0,0,0,0,0,0,0,0,0,0,0,0,0,0,0,0,0,0,0,0,0,0,0,0,0,0,0,0,0,0,0,0,0,0,0,0,0,0,0,0,0,0,0,0,0,0,0,0,0,0,0,0,0,0,0,0,0,0,0,0,0,0,0,0,0,0,0,0,0,0,0,0,0,0,0,0,0,0,0,0,0,0,0,0,0,0,,0,0,0,0,0,1,0,0,1,1,,,,,,,,,,,,,,,,,,,,,,,,,,,,,,,0,,,,,,,,,,,,,1,1,,,,,,,,,,,,,,,,,,1,1057
9/1/2026,2025,20260339,47301,32249,"BLUEWATER GAS STORAGE, LLC",Natural Gas,INTERSTATE,MICHIGAN,0,0,0,0,,,0,,,,,0,0,0,0,,,0,,,,,0,0,0,0,,,0,,,,,0,0,0,0,,,0,,,,,0,0,0,0,,,0,,,,,0,0,0,0,,,0,,,,,0,0,0,0,,,0,,,,,0,0,0,0,,,0,,,,,0,0,0,0,,,0,,,,,0,0,0,0,,,0,,,,,0,0,0,0,,,0,,,,,0,0,0,0,,,0,,,,,0,0,0,0,,,0,,,,,0,0,0,0,,0,,,,,,0,,0,,,,,,0,,0,,,,,,,,,,,,,,,,,,,,,,,,,,,,,,,0,466,,,,,,,,,,,,,,,,,,,,,,,,,,,,,,,,
9/1/2026,2025,20260297,47255,32257,"GENERAL SHALE BRICK, INC",Natural Gas,INTRASTATE,INDIANA,0,0,0,0,0,0,0,0,0,0,0,0,0,0,0,0,0,0,0,0,0,0,0,0,0,0,0,0,0,0,0,0,0,0,0,0,0,0,0,0,0,0,0,0,0,0,0,0,0,0,0,0,0,0,0,0,0,0,0,0,0,0,0,0,0,0,0,0,0,0,0,0,0,0,0,0,0,0,0,0,0,0,0,0,0,0,0,0,0,0,0,0,0,0,0,0,0,0,0,0,0,0,0,0,0,0,0,0,0,0,0,0,0,0,0,0,0,0,0,0,0,0,0,0,0,0,0,0,0,0,0,0,0,0,0,0,0,0,0,0,0,0,0,0,0,0,0,0,0,0,0,0,0,0,0,,0,0,0,0,0,0,0,0,0,0,0,0,0,0,0,0,0,0,0,0,0,0,0,0,0,0,0,0,0,0,0,0,0,0,0,0,0,0,0,0,0,,,,,,,,,,,,,,,,,,,,,,,,,,,,,,,0,
9/1/2026,2025,20260119,47073,32259,OWENS-ILLINOIS,Natural Gas,INTRASTATE,INDIANA,0,0,0,0,0,0,0,0,0,0,0,0,0,0,0,0,0,0,0,0,0,0,0,0,0,0,0,0,0,0,0,0,0,0,0,0,0,0,0,0,0,0,0,0,0,0,0,0,0,0,0,0,0,0,0,0,0,0,0,0,0,0,0,0,0,0,0,0,0,0,0,0,0,0,0,0,0,0,0,0,0,0,0,0,0,0,0,0,0,0,0,0,0,0,0,0,0,0,0,0,0,0,0,0,0,0,0,0,0,0,0,0,0,0,0,0,0,0,0,0,0,0,0,0,0,0,0,0,0,0,0,0,0,0,0,0,0,0,0,0,0,0,0,0,0,0,0,0,0,0,0,0,0,0,0,,0,0,0,0,0,0,0,0,0,,,,,,,,,,,,,,,,,,,,,,,,,,,,,,,0,93,,,,,,,,,,,,,,,,,,,,,,,,,,,,,,,0,
9/1/2026,2025,20260270,47228,32261,"APC , INC",Natural Gas,INTRASTATE,KANSAS,0,0,0,0,,,0,,,,,0,0,0,0,,,0,,,,,0,0,0,0,,,0,,,,,0,0,0,0,,,0,,,,,0,0,0,0,,,0,,,,,0,0,0,0,,,0,,,,,0,0,0,0,,,0,,,,,0,0,0,0,,,0,,,,,0,0,0,0,,,0,,,,,0,0,0,0,,,0,,,,,0,0,0,0,,,0,0,0,0,0,0,0,0,0,,,0,0,0,0,0,0,0,0,0,,,0,0,0,0,0,0,0,0,0,,0,,0,0,0,0,0,,0,,,,,,0,,0,,,,,,,,,,,,,,,,,,,,,,,,,,,,,,,0,1,,,,,,,,,,,,,,,,,,,,,,,,,,,,,,,,
9/1/2026,2025,20260818,47812,32262,PINE PRAIRIE ENERGY CENTER LLC,Natural Gas,INTERSTATE,LOUISIANA,0,0,0,0,0,0,0,0,0,0,0,0,0,0,0,0,0,0,0,0,0,0,0,0,0,0,0,0,0,0,0,0,0,0,0,0,0,0,0,0,0,0,0,0,0,0,0,0,0,0,0,0,0,0,0,0,0,0,4,0,0,0,0,0,0,0,0,0,0,0,0,0,0,0,0,0,0,0,0,0,0,0,0,0,0,0,0,0,0,0,0,0,0,0,0,0,0,0,0,0,0,0,0,0,0,0,0,0,0,0,0,0,0,0,0,0,0,0,0,0,0,0,0,0,0,0,0,0,0,0,0,0,0,0,0,0,0,0,0,0,0,0,0,0,0,0,4,0,0,0,0,0,0,0,,,,,,,,,,,,,,,,,,,,,,,,,,,,,,,,,,,,,,,,,,0,230,,,,,,,,,,,,,,,,,,,,,,,,,,,,,,,,
9/1/2026,2025,20260478,47445,32264,"CHENIERE CREOLE TRAIL PIPELINE, L.P.",Natural Gas,INTERSTATE,LOUISIANA,0,0,0,0,,,0,,,,,0,0,0,0,,,0,,,,,0,0,0,0,,,0,,,,,0,0,0,0,,,0,,,,,0,0,0,0,,,0,,,,,0,0,0,0,,,0,,,,,0,0,0,0,,,0,,,,,0,0,0,0,,,0,,,,,0,0,0,0,,,0,,,,,0,0,0,0,,,0,,,,,0,0,0,0,,,0,0,0,0,0,0,0,0,0,,,0,0,0,0,0,0,0,0,0,,,0,0,0,0,0,0,0,0,0,,0,,0,0,0,0,0,,0,,,,,,0,,0,,,,,,,,,,,,,,,,,,,,,,,,,,,,,,,0,1956,,,,,,,,,,,,,,,,,,,,,,,,,,,,,,,,
9/1/2026,2025,20260534,47514,32265,"DOGWOOD ENERGY, LLC",Natural Gas,INTRASTATE,MISSOURI,0,0,0,0,0,0,0,0,0,0,0,0,0,0,0,0,0,0,0,0,0,0,0,0,0,0,0,0,0,0,0,0,0,0,0,0,0,0,0,0,0,0,0,0,0,0,0,0,0,0,0,0,0,0,0,0,0,0,0,0,0,0,0,0,0,0,0,0,0,0,0,0,0,0,0,0,0,0,0,0,0,0,0,0,0,0,0,0,0,0,0,0,0,0,0,0,0,0,0,0,0,0,0,0,0,0,0,0,0,0,0,0,0,0,0,0,0,0,0,0,0,0,0,0,0,0,0,0,0,0,0,0,0,0,0,0,0,0,0,0,0,0,0,0,0,0,0,0,0,0,0,0,0,0,0,,0,0,0,0,0,0,0,0,0,,,,,,,,,,,,,,,,,,,,,,,,,,,,,,,0,117,,,,,,,,,,,,,,,,,,,,,,,,,,,,,,,0,
9/1/2026,2025,20261039,48043,32279,"VINTON PIPELINE, LLC",Natural Gas,INTRASTATE,TEXAS,0,0,0,0,,,0,,,,,0,0,0,0,,,0,,,,,0,0,0,0,,,0,,,,,0,0,0,0,,,0,,,,,0,0,0,0,,,0,,,,,0,0,0,0,,,0,,,,,0,0,0,0,,,0,,,,,0,0,0,0,,,0,,,,,0,0,0,0,,,0,,,,,0,0,0,0,,,0,,,,,0,0,0,0,,,0,0,0,0,0,0,0,0,0,,,0,0,0,0,0,0,0,0,0,,,0,0,0,0,0,0,0,0,0,,0,,0,0,0,0,0,,0,,,,,,0,,0,,,,,,,,,,,,,,,,,,,,,,,,,,,,,,,0,326,,,,,,,,,,,,,,,,,,,,,,,,,,,,,,,,
9/1/2026,2025,20260063,47016,32280,LINCOLN GENERATING FACILITY LLC,Natural Gas,INTRASTATE,ILLINOIS,,,,,,,,,,,,,,,,,,,,,,,,,,,,,,,,,,,,,,,,,,,,,,,,,,,,,,,,,,,,,,,,,,,,,,,,,,,,,,,,,,,,,,,,,,,,,,,,,,,,,,,,,,,,,,,,,,,,,,,,,,,,,,,,,,,,,,,,,,,,,,,,,,,,,,,,,,,,,,,,,,,,,,,,,,,,,,,,,,,,,,,,,,,,,,,,,,,,0,79,,,,,,,,,,,,,,,,,,,,,,,,,,,,,,,0,
9/1/2026,2025,20260578,47561,32282,JO-CARROLL ENERGY,Natural Gas,INTRASTATE,ILLINOIS,0,0,0,0,,,0,,,,,0,0,0,0,,,0,,,,,0,0,0,0,,,0,,,,,0,0,0,0,,,0,,,,,0,0,0,0,,,0,,,,,0,0,0,0,,,0,,,,,0,0,0,0,,,0,,,,,0,0,0,0,,,0,,,,,0,0,0,0,,,0,,,,,0,0,0,0,,,0,,,,,0,0,0,0,,,0,0,0,0,0,0,0,0,0,,,0,0,0,0,0,0,0,0,0,,,0,0,0,0,0,0,0,0,0,,0,,0,0,0,0,0,,0,,,,,,0,,0,,,,,,,,,,,,,,,,,,,,,,,,,,,,,,,0,137,,,,,,,,,,,,,,,,,,,,,,,,,,,,,,,,
9/1/2026,2025,20260810,47803,32285,"WORSHAM-STEED GAS STORAGE, LLC",Natural Gas,INTRASTATE,TEXAS,0,0,0,0,0,0,0,0,0,0,0,0,0,0,0,0,0,0,0,0,0,0,0,0,0,0,0,0,0,0,0,0,0,0,0,0,0,0,0,0,0,0,0,0,0,0,0,0,0,0,0,0,0,0,0,0,0,0,5,0,0,0,0,0,0,0,0,0,0,0,0,0,0,0,0,0,0,0,0,0,0,0,0,0,0,0,0,0,0,0,0,0,0,0,0,0,0,0,0,0,0,0,0,0,0,0,0,0,0,0,0,0,0,0,0,0,0,0,0,0,0,0,0,0,0,0,0,0,0,0,0,0,0,0,0,0,0,0,0,0,0,0,0,0,0,0,5,0,0,0,0,0,0,0,,,,,,,,,,,,,,,,,,,,,,,,,,,,,,,,,,,,,,,,,,0,46119,,,,,,,,,,,,,,,,,,,,,,,,,,,,,,,,
9/1/2026,2025,20260869,47865,32286,PECAN PIPELINE COMPANY,Natural Gas,INTRASTATE,NEW MEXICO,0,0,0,0,0,0,0,0,0,0,0,0,0,0,0,0,0,0,0,0,0,0,0,0,0,0,0,0,0,0,0,0,0,0,0,0,0,0,0,0,0,0,0,0,0,0,0,0,0,0,0,0,0,0,0,0,0,0,0,0,0,0,0,0,0,0,0,0,0,0,0,0,0,0,0,0,0,0,0,0,0,0,0,0,0,0,0,0,0,0,0,0,0,0,0,0,0,0,0,0,0,0,0,0,0,0,0,0,0,0,0,0,0,0,0,0,0,0,0,0,0,0,0,0,0,0,0,0,0,0,0,0,0,0,0,0,0,0,0,0,0,0,0,0,0,0,0,0,0,0,0,0,0,0,,0,0,0,0,0,0,0,0,0,0,,,,,,,,,,,,,,,,,,,,,,,,,,,,,,,0,,,,,,,,,,,,,,,,,,,,,,,,,,,,,,,,0,308
9/1/2026,2025,20260869,47865,32286,PECAN PIPELINE COMPANY,Natural Gas,INTRASTATE,TEXAS,0,0,0,0,0,0,0,0,0,0,0,0,0,0,0,0,0,0,0,0,0,0,0,0,0,0,0,0,0,0,0,0,0,0,0,0,0,0,0,0,0,0,0,0,0,0,0,0,0,0,0,0,0,0,0,0,0,0,0,0,0,0,0,0,0,0,0,0,0,0,0,0,0,0,0,0,0,0,0,0,0,0,0,0,0,0,0,0,0,0,0,0,0,0,0,0,0,0,0,0,0,0,0,0,0,0,0,0,0,0,0,0,0,0,0,0,0,0,0,0,0,0,0,0,0,0,0,0,0,0,0,0,0,0,0,0,0,0,0,0,0,0,0,0,0,0,0,0,0,0,0,0,0,0,0,0,0,0,0,0,0,0,0,0,0,,,,,,,,,,,,,,,,,,,,,,,,,,,,,,,0,555,,,,,,,,,,,,,,,,,,,,,,,,,,,,,,,0,339
9/1/2026,2025,20260267,47225,32287,CITY OF GARDNER,Natural Gas,INTRASTATE,KANSAS,0,0,0,0,,,0,,,,,0,0,0,0,,,0,,,,,0,0,0,0,,,0,,,,,0,0,0,0,,,0,,,,,0,0,0,0,,,0,,,,,0,0,0,0,,,0,,,,,0,0,0,0,,,0,,,,,0,0,0,0,,,0,,,,,0,0,0,0,,,0,,,,,0,0,0,0,,,0,,,,,0,0,0,0,,,0,0,0,0,0,0,0,0,0,,,0,0,0,0,0,0,0,0,0,,,0,0,0,0,0,0,0,0,0,,0,,0,0,0,0,0,,0,,,,,,0,,0,,,,,,,,,,,,,,,,,,,,,,,,,,,,,,,0,85,,,,,,,,,,,,,,,,,,,,,,,,,,,,,,,0,
9/1/2026,2025,20260261,47219,32290,POET BIOREFINING - JEWELL,Natural Gas,INTRASTATE,IOWA,0,0,0,0,,,0,,,,,0,0,0,0,,,0,,,,,0,0,0,0,,,0,,,,,0,0,0,0,,,0,,,,,0,0,0,0,,,0,,,,,0,0,0,0,,,0,,,,,0,0,0,0,,,0,,,,,0,0,0,0,,,0,,,,,0,0,0,0,,,0,,,,,0,0,0,0,,,0,,,,,0,0,0,0,,,0,0,0,0,0,0,0,0,0,,,0,0,0,0,0,0,0,0,0,,,0,0,0,0,0,0,0,0,0,,0,,0,0,0,0,0,,0,,,,,,0,,0,,,,,,,,,,,,,,,,,,,,,,,,,,,,,,,0,31,,,,,,,,,,,,,,,,,,,,,,,,,,,,,,,,
9/1/2026,2025,20260106,47060,32292,RED CEDAR GATHERING COMPANY,Natural Gas,INTRASTATE,COLORADO,0,0,0,0,0,0,0,0,0,0,0,0,0,0,0,0,0,0,0,0,0,0,0,0,0,0,0,0,0,0,0,0,0,0,0,0,0,0,0,0,0,0,0,0,0,0,0,0,0,0,0,0,0,0,0,0,0,0,0,0,0,0,0,0,0,0,0,0,0,0,0,0,0,0,0,0,0,0,0,0,0,0,0,0,0,0,0,0,0,0,0,0,0,0,0,0,0,0,0,0,0,0,0,0,0,0,0,0,0,0,0,0,0,0,0,0,0,0,0,0,0,0,0,0,0,0,0,0,0,0,0,0,0,0,0,0,0,0,0,0,0,0,0,0,0,0,0,0,0,0,0,0,0,0,,0,0,0,0,0,0,0,0,0,0,,,,,,,,,,,,,,,,,,,,,,,,,,,,,,,0,,,,,,,,,,,,,,,,,,,,,,,,,,,,,,,,0,1453
9/1/2026,2025,20260202,47160,32294,AG PROCESSING INC A COOPERATIVE,Natural Gas,INTRASTATE,IOWA,0,0,0,0,0,0,0,0,0,0,0,0,0,0,0,0,0,0,0,0,0,0,0,0,0,0,0,0,0,0,0,0,0,0,0,0,0,0,0,0,0,0,0,0,0,0,0,0,0,0,0,0,0,0,0,0,0,0,0,0,0,0,0,0,0,0,0,0,0,0,0,0,0,0,0,0,0,0,0,0,0,0,0,0,0,0,0,0,0,0,0,0,0,0,0,0,0,0,0,0,0,0,0,0,0,0,0,0,0,0,0,0,0,0,0,0,0,0,0,0,0,0,0,0,0,0,0,0,0,0,0,0,0,0,0,0,0,0,0,0,0,0,0,0,0,0,0,0,0,0,0,0,0,0,0,,0,0,0,0,0,0,0,0,0,,,,,,,,,,,,,,,,,,,,,,,,,,,,,,,0,27,,,,,,,,,,,,,,,,,,,,,,,,,,,,,,,0,
9/1/2026,2025,20260949,47948,32296,TARGA RESOURCES OPERATING LLC,Natural Gas,INTRASTATE,LOUISIANA,0,0,0,0,0,0,0,0,0,0,0,0,0,0,0,0,0,0,0,0,0,0,0,0,0,0,0,0,0,0,0,0,0,0,0,0,0,0,0,0,0,0,0,0,0,0,0,0,0,0,0,0,0,0,0,0,0,0,0,0,0,0,0,0,0,0,0,0,0,0,0,0,0,0,0,0,0,0,0,0,0,0,0,0,0,0,0,0,0,0,0,0,0,0,0,0,0,0,0,0,0,0,0,0,0,0,0,0,0,0,0,0,0,0,0,0,0,0,0,0,0,0,0,0,0,0,0,0,0,0,0,0,0,0,0,0,0,0,0,0,0,0,0,0,0,0,0,0,0,0,0,0,0,0,0,0,0,0,0,0,0,0,0,0,0,0,0,0,0,0,0,0,0,0,0,0,0,0,0,0,0,0,0,0,0,0,0,0,0,0,0,0,0,0,0,0,1011,0,0,0,0,0,0,0,0,0,0,0,0,0,0,0,0,0,0,0,0,0,0,0,0,0,0,0,0,0,0,0,14635
9/1/2026,2025,20260949,47948,32296,TARGA RESOURCES OPERATING LLC,Natural Gas,INTRASTATE,NEW MEXICO,0,0,0,0,,,0,0,0,0,,0,0,0,0,,,0,0,0,1,,0,0,0,0,,,0,0,0,0,,0,0,0,0,,,0,0,0,0,,0,0,0,0,,,0,0,0,0,,0,0,0,0,,,0,0,0,0,,0,0,0,0,,,0,0,0,0,,0,0,0,0,,,0,0,0,0,,0,0,0,0,,,0,0,0,0,,0,0,0,0,,,0,0,0,0,,0,0,0,0,,,0,0,0,0,,0,0,0,0,,,0,0,0,0,,0,0,0,0,,,0,0,0,0,,0,0,0,0,,0,,0,0,1,,0,0,0,,0,0,0,,0,0,0,,,,,,,,,,,,,,,,,,,,,,,,,,,,,,,0,3488,,,,,,,,,,,,,,,,,,,,,,,,,,,,,,,0,7197
9/1/2026,2025,20260949,47948,32296,TARGA RESOURCES OPERATING LLC,Natural Gas,INTRASTATE,NORTH DAKOTA,,0,,,,,,0,0,0,,,0,,,,,,0,0,0,,,0,,,,,,0,0,0,,,0,,,,,,0,0,0,,,0,,,,,,0,0,0,,,0,,,,,,0,0,2,,,0,,,,,,0,0,0,,,0,,,,,,0,0,0,,,0,,,,,,0,0,0,,,0,,,,,,0,0,0,,,0,,,,,,0,0,0,,,0,,,,,,0,0,0,,,0,,,,,,0,0,0,,,0,,,,,,0,0,2,,,0,,,0,0,0,,,0,0,,,,,,,,,,,,,,,,,,,,,,,,,,,,,,,,,,,,,,,,,,,,,,,,,,,,,,,,,,,,,,,0,3108
9/1/2026,2025,20260949,47948,32296,TARGA RESOURCES OPERATING LLC,Natural Gas,INTRASTATE,OCS-Gulf of America,,0,,,,,,0,0,0,0,,0,,,,,,0,0,0,0,,0,,,,,,0,0,0,0,,0,,,,,,0,0,0,0,,0,,,,,,0,0,0,0,,0,,,,,,0,0,0,0,,0,,,,,,0,0,0,0,,0,,,,,,0,0,0,0,,0,,,,,,0,0,0,0,,0,,,,,,0,0,0,0,,0,,,,,,0,0,0,0,,0,,,,,,0,0,0,0,,0,,,,,,0,0,0,0,,0,,,,,,0,0,0,0,,0,,,0,0,0,0,,0,0,,,,,,,,,,,,,,,,,,,,,,,,,,,,,,,,,,,,,,,,,,,,,,,,,,,,,,,,,,,,,,,0,
9/1/2026,2025,20260949,47948,32296,TARGA RESOURCES OPERATING LLC,Natural Gas,INTRASTATE,TEXAS,0,0,0,0,,,0,0,0,0,,0,0,0,0,,,0,1,0,0,,0,0,0,0,,,0,0,0,0,,0,0,0,0,,,0,0,0,0,,0,0,0,0,,,0,0,0,0,,0,0,0,0,,,0,0,0,0,,0,0,0,0,,,0,0,0,0,,0,0,0,0,,,0,0,0,0,,0,0,0,0,,,0,0,0,0,,0,0,0,0,,,0,0,0,0,,0,0,0,0,,,0,0,0,0,,0,0,0,0,,,0,0,0,0,,0,0,0,0,,,0,0,0,0,,0,0,0,0,,0,,1,0,0,,0,0,0,,0,0,0,,0,0,0,,,,,,,,,,,,,,,,,,,,,,,,,,,,,,,0,24893,,,,,,,,,,,,,,,,,,,,,,,,,,,,,,,0,39356
9/1/2026,2025,20260262,47220,32300,"LITTLE SIOUX CORN PROCESSORS, LLLP",Natural Gas,INTRASTATE,IOWA,0,0,0,0,,,0,,,,,0,0,0,0,,,0,,,,,0,0,0,0,,,0,,,,,0,0,0,0,,,0,,,,,0,0,0,0,,,0,,,,,0,0,0,0,,,0,,,,,0,0,0,0,,,0,,,,,0,0,0,0,,,0,,,,,0,0,0,0,,,0,,,,,0,0,0,0,,,0,,,,,0,0,0,0,,,0,0,0,0,0,0,0,0,0,,,0,0,0,0,0,0,0,0,0,,,0,0,0,0,0,0,0,0,0,,0,,0,0,0,0,0,,0,,,,,,0,,0,,,,,,,,,,,,,,,,,,,,,,,,,,,,,,,0,1,,,,,,,,,,,,,,,,,,,,,,,,,,,,,,,,
9/1/2026,2025,20261380,48395,32301,PIONEER AMERICAS LLC DOING BUSINESS AS OLIN CHLOR ALKALI PRODUCTS,Hydrogen Gas,INTRASTATE,LOUISIANA,0,0,0,0,0,0,0,0,0,0,0,0,0,0,0,0,0,0,0,0,0,0,0,0,0,0,0,0,0,0,0,0,0,0,0,0,0,0,0,0,0,0,0,0,0,0,0,0,0,0,0,0,0,0,0,0,0,0,0,0,0,0,0,0,0,0,0,0,0,0,0,0,0,0,0,0,0,0,0,0,0,0,0,0,0,0,0,0,0,0,0,0,0,0,0,0,0,0,0,0,0,0,0,0,0,0,0,0,0,0,0,0,0,0,0,0,0,0,0,0,0,0,0,0,0,0,0,0,0,0,0,0,0,0,0,0,0,0,0,0,0,0,0,0,0,0,0,0,0,0,0,0,0,0,0,,0,0,0,0,0,0,0,0,0,0,0,0,0,0,0,0,0,0,0,0,0,0,0,0,0,0,0,0,0,0,0,0,0,0,0,0,0,0,0,0,213,,,,,,,,,,,,,,,,,,,,,,,,,,,,,,,0,
9/1/2026,2025,20260736,47723,32304,CITY OF REDDING,Natural Gas,INTRASTATE,CALIFORNIA,0,0,0,0,0,0,0,0,0,0,0,0,0,0,0,0,0,0,0,0,0,0,0,0,0,0,0,0,0,0,0,0,0,0,0,0,0,0,0,0,0,0,0,0,0,0,0,0,0,0,0,0,0,0,0,0,0,0,0,0,0,0,0,0,0,0,0,0,0,0,0,0,0,0,0,0,0,0,0,0,0,0,0,0,0,0,0,0,0,0,0,0,0,0,0,0,0,0,0,0,0,0,0,0,0,0,0,0,0,0,0,0,0,0,0,0,0,0,0,0,0,0,0,0,0,0,0,0,0,0,0,0,0,0,0,0,0,0,0,0,0,0,0,0,0,0,0,0,0,0,0,0,0,0,0,,0,0,0,0,0,0,0,0,0,0,0,0,0,0,0,0,0,0,0,0,0,0,0,0,0,0,0,0,0,0,0,0,0,0,0,0,0,0,0,0,82,,,,,,,,,,,,,,,,,,,,,,,,,,,,,,,0,
9/1/2026,2025,20260556,47537,32308,NORTHERN CALIFORNIA POWER AGENCY,Natural Gas,INTRASTATE,CALIFORNIA,0,0,0,0,,,0,,,,,0,0,0,0,,,0,,,,,0,0,0,0,,,0,,,,,0,0,0,0,,,0,,,,,0,0,0,0,,,0,,,,,0,0,0,0,,,0,,,,,0,0,0,0,,,0,,,,,0,0,0,0,,,0,,,,,0,0,0,0,,,0,,,,,0,0,0,0,,,0,,,,,0,0,0,0,,,0,0,0,0,0,0,0,0,0,,,0,0,0,0,0,0,0,0,0,,,0,0,0,0,0,0,0,0,0,,0,,0,0,0,0,0,,0,,,,,,0,,0,0,0,0,0,0,0,0,0,0,0,0,0,0,0,0,0,0,0,0,0,0,0,0,0,0,0,0,0,0,0,0,36,,,,,,,,,,,,,,,,,,,,,,,,,,,,,,,,
9/1/2026,2025,20260059,47012,32309,"QUALITY NATURAL GAS, LLC",Natural Gas,INTRASTATE,WEST VIRGINIA,0,0,0,0,0,0,0,0,0,0,0,0,0,0,0,0,0,0,0,0,0,0,0,0,0,0,0,0,0,0,0,0,0,0,0,0,0,0,0,0,0,0,0,0,0,0,0,0,0,0,0,0,0,0,0,0,0,0,0,0,0,0,0,0,0,0,0,0,0,0,0,0,0,0,0,0,0,0,0,0,0,0,0,0,0,0,0,0,0,0,0,0,0,0,0,0,0,0,0,0,0,0,0,0,0,0,0,0,0,0,0,0,0,0,0,0,0,0,0,0,0,0,0,0,0,0,0,0,0,0,0,0,0,0,0,0,0,0,0,0,0,0,0,0,0,0,0,0,0,0,0,0,0,0,,0,0,0,0,0,0,0,0,0,0,,,,,,,,,,,,,,,,,,,,,,,,,,,,,,,0,,,,,,,,,,,,,,,,,,,,,,,,,,,,,,,,0,0
9/1/2026,2025,20260486,47833,32312,"REPSOL OIL & GAS USA, LLC",Natural Gas,INTRASTATE,NEW YORK,0,0,0,0,0,0,0,0,0,0,0,0,0,0,0,0,0,0,0,0,0,0,0,0,0,0,0,0,0,0,0,0,0,0,0,0,0,0,0,0,0,0,0,0,0,0,0,0,0,0,0,0,0,0,0,0,0,0,0,0,0,0,0,0,0,0,0,0,0,0,0,0,0,0,0,0,0,0,0,0,0,0,0,0,0,0,0,0,0,0,0,0,0,0,0,0,0,0,0,0,0,0,0,0,0,0,0,0,0,0,0,0,0,0,0,0,0,0,0,0,0,0,0,0,0,0,0,0,0,0,0,0,0,0,0,0,0,0,0,0,0,0,0,0,0,0,0,0,0,0,0,0,0,0,,0,0,0,0,0,0,0,0,0,0,,,,,,,,,,,,,,,,,,,,,,,,,,,,,,,0,,,,,,,,,,,,,,,,,,,,,,,,,,,,,,,,0,1401
9/1/2026,2025,20260486,47833,32312,"REPSOL OIL & GAS USA, LLC",Natural Gas,INTRASTATE,PENNSYLVANIA,0,0,0,0,0,0,0,0,0,0,0,0,0,0,0,0,0,0,0,0,0,0,0,0,0,0,0,0,0,0,0,0,0,0,0,0,0,0,0,0,0,0,0,0,0,0,0,0,0,0,0,0,0,0,0,0,0,0,0,0,0,0,0,0,0,0,0,0,0,0,0,0,0,0,0,0,0,0,0,0,0,0,0,0,0,0,0,0,0,0,0,0,0,0,0,0,0,0,0,0,0,0,0,0,0,0,0,0,0,0,0,0,0,0,0,0,0,0,0,0,0,0,0,0,0,0,0,0,0,0,0,0,0,0,0,0,0,0,0,0,0,0,0,0,0,0,0,0,0,0,0,0,0,0,,0,0,0,0,0,0,0,0,0,0,,,,,,,,,,,,,,,,,,,,,,,,,,,,,,,0,,,,,,,,,,,,,,,,,,,,,,,,,,,,,,,,0,1229
9/1/2026,2025,20260486,47833,32312,"REPSOL OIL & GAS USA, LLC",Natural Gas,INTRASTATE,TEXAS,,0,,,,,,0,0,0,,,0,,,,,,0,0,0,,,0,,,,,,0,0,0,,,0,,,,,,0,0,0,,,0,,,,,,0,0,0,,,0,,,,,,0,0,0,,,0,,,,,,0,0,0,,,0,,,,,,0,0,0,,,0,,,,,,0,0,0,,,0,,,,,,0,0,0,,,0,,,,,,0,0,0,,,0,,,,,,0,0,0,,,0,,,,,,0,0,0,,,0,,,,,,0,0,0,,,0,,,0,0,0,,,0,0,,,,,,,,,,,,,,,,,,,,,,,,,,,,,,,,,0,0,0,0,0,0,0,0,0,0,0,0,0,0,0,0,0,0,0,0,0,0,0,0,0,0,0,0,0,0,0,0
9/1/2026,2025,20261102,48113,32315,"GREATER MINNESOTA TRANSMISSION, LLC",Natural Gas,INTRASTATE,MINNESOTA,0,0,0,0,0,0,0,0,0,0,0,0,0,0,0,0,0,0,0,0,0,0,0,0,0,0,0,0,0,0,0,0,0,0,0,0,0,0,0,0,0,0,0,0,0,0,0,0,0,0,0,0,0,0,0,0,0,0,0,0,0,0,0,0,0,0,0,0,0,0,0,0,0,0,0,0,0,0,0,0,0,0,0,0,0,0,0,0,0,0,0,0,0,0,0,0,0,0,0,0,0,0,0,0,0,0,0,0,0,0,0,0,0,0,0,0,0,0,0,0,0,0,0,0,0,0,0,0,0,0,0,0,0,0,0,0,0,0,0,0,0,0,0,0,0,0,0,0,0,0,0,0,0,0,0,,0,0,0,0,0,0,0,0,0,,,,,,,,,,,,,,,,,,,,,,,,,,,,,,,0,44,,,,,,,,,,,,,,,,,,,,,,,,,,,,,,,0,
9/1/2026,2025,20260367,47332,32317,ACME BRICK,Natural Gas,INTRASTATE,ALABAMA,0,0,0,0,,,0,,,,,0,0,0,0,,,0,,,,,0,0,0,0,,,0,,,,,0,0,0,0,,,0,,,,,0,0,0,0,,,0,,,,,0,0,0,0,,,0,,,,,0,0,0,0,,,0,,,,,0,0,0,0,,,0,,,,,0,0,0,0,,,0,,,,,0,0,0,0,,,0,,,,,0,0,0,0,,,0,0,0,0,0,0,0,0,0,,,0,0,0,0,0,0,0,0,0,,,0,0,0,0,0,0,0,0,0,,0,,0,0,0,0,,,,,,,,,,,,,,,,,,,,,,,,,,,,,,,,,,,,,,,,,,0,96,,,,,,,,,,,,,,,,,,,,,,,,,,,,,,,,
9/1/2026,2025,20260929,47926,32327,TEXAS PIPELINE LLC,Natural Gas,INTRASTATE,TEXAS,0,0,0,0,,,0,0,0,0,,0,0,0,0,,,0,0,0,0,,0,0,0,0,,,0,0,0,0,,0,0,0,0,,,0,0,0,0,,0,0,0,0,,,0,0,0,0,,0,0,0,0,,,0,0,0,0,,0,0,0,0,,,0,0,0,0,,0,0,0,0,,,0,0,0,0,,0,0,0,0,,,0,0,0,0,,0,0,0,0,,,0,0,0,0,,0,0,0,0,,,0,0,0,0,,0,0,0,0,,,0,0,0,0,,0,0,0,0,,,0,0,0,0,,0,0,0,0,,0,,0,0,0,,0,0,0,,0,0,0,,0,0,0,,,,,,,,,,,,,,,,,,,,,,,,,,,,,,,0,2028,,,,,,,,,,,,,,,,,,,,,,,,,,,,,,,0,220
9/1/2026,2025,20261423,48456,32338,"PAL ENERGY, LLC",Natural Gas,INTRASTATE,OKLAHOMA,0,0,0,0,,,0,,,,,0,0,0,0,,,0,,,,,0,0,0,0,,,0,,,,,0,0,0,0,,,0,,,,,0,0,0,0,,,0,,,,,0,0,0,0,,,0,,,,,0,0,0,0,,,0,,,,,0,0,0,0,,,0,,,,,0,0,0,0,,,0,,,,,0,0,0,0,,,0,,,,,0,0,0,0,,,0,,,,,0,0,0,0,,,0,,,,,0,0,0,0,,,0,,,,,0,0,0,0,,0,,,,,,0,,0,,,,,,0,,0,,,,,,,,,,,,,,,,,,,,,,,,,,,,,,,0,0,,,,,,,,,,,,,,,,,,,,,,,,,,,,,,,0,
9/1/2026,2025,20260716,47703,32341,"SOUTHEAST SUPPLY HEADER, LLC",Natural Gas,INTERSTATE,ALABAMA,0,0,0,0,,,0,,,,,0,0,0,0,,,0,,,,,0,0,0,0,,,0,,,,,0,0,0,0,,,0,,,,,0,0,0,0,,,0,,,,,0,0,0,0,,,0,,,,,0,0,0,0,,,0,,,,,0,0,0,0,,,0,,,,,0,0,0,0,,,0,,,,,0,0,0,0,,,0,,,,,0,0,0,0,,,0,0,0,0,0,0,0,0,0,,,0,0,0,0,0,0,0,0,0,,,0,0,0,0,0,0,0,0,0,,0,,0,0,0,0,0,,0,,,,,,0,,0,0,0,0,0,0,0,0,0,0,0,0,0,0,0,0,0,0,0,0,0,0,0,0,0,0,0,0,0,0,0,0,524,,,,,,,,,,,,,,,,,,,,,,,,,,,,,,,,
9/1/2026,2025,20260716,47703,32341,"SOUTHEAST SUPPLY HEADER, LLC",Natural Gas,INTERSTATE,LOUISIANA,0,0,0,0,,,0,,,,,0,0,0,0,,,0,,,,,0,0,0,0,,,0,,,,,0,0,0,0,,,0,,,,,0,0,0,0,,,0,,,,,0,0,0,0,,,0,,,,,0,0,0,0,,,0,,,,,0,0,0,0,,,0,,,,,0,0,0,0,,,0,,,,,0,0,0,0,,,0,,,,,0,0,0,0,,,0,0,0,0,0,0,0,0,0,,,0,0,0,0,0,0,0,0,0,,,0,0,0,0,0,0,0,0,0,,0,,0,0,0,0,0,,0,,,,,,0,,0,0,0,0,0,0,0,0,0,0,0,0,0,0,0,0,0,0,0,0,0,0,0,0,0,0,0,0,0,0,0,0,54,,,,,,,,,,,,,,,,,,,,,,,,,,,,,,,,
9/1/2026,2025,20260716,47703,32341,"SOUTHEAST SUPPLY HEADER, LLC",Natural Gas,INTERSTATE,MISSISSIPPI,0,0,0,0,,,0,,,,,0,0,0,0,,,0,,,,,0,0,0,0,,,0,,,,,0,0,0,0,,,0,,,,,0,0,0,0,,,0,,,,,0,0,0,0,,,0,,,,,0,0,0,0,,,0,,,,,0,0,0,0,,,0,,,,,0,0,0,0,,,0,,,,,0,0,0,0,,,0,,,,,0,0,0,0,,,0,0,0,0,0,0,0,0,0,,,0,0,0,0,0,0,0,0,0,,,0,0,0,0,0,0,0,0,0,,0,,0,0,0,0,0,,0,,,,,,0,,0,0,0,0,0,0,0,0,0,0,0,0,0,0,0,0,0,0,0,0,0,0,0,0,0,0,0,0,0,0,0,0,657,,,,,,,,,,,,,,,,,,,,,,,,,,,,,,,,
9/1/2026,2025,20260609,47592,32342,MID MISSOURI ENERGY,Natural Gas,INTRASTATE,MISSOURI,0,0,0,0,0,0,0,0,0,0,0,0,0,0,0,0,0,0,0,0,0,0,0,0,0,0,0,0,0,0,0,0,0,0,0,0,0,0,0,0,0,0,0,0,0,0,0,0,0,0,0,0,0,0,0,0,0,0,0,0,0,0,0,0,0,0,0,0,0,0,0,0,0,0,0,0,0,0,0,0,0,0,0,0,0,0,0,0,0,0,0,0,0,0,0,0,0,0,0,0,0,0,0,0,0,0,0,0,0,0,0,0,0,0,0,0,0,0,0,0,0,0,0,0,0,0,0,0,0,0,0,0,0,0,0,0,0,0,0,0,0,0,0,0,0,0,0,0,0,0,0,0,0,0,0,,0,0,0,0,0,0,0,0,0,,,,,,,,,,,,,,,,,,,,,,,,,,,,,,,0,36,,,,,,,,,,,,,,,,,,,,,,,,,,,,,,,0,
9/1/2026,2025,20260525,48092,32343,"SHOW ME ETHANOL, LLC",Natural Gas,INTRASTATE,MISSOURI,0,0,0,0,0,0,0,0,0,0,0,0,0,0,0,0,0,0,0,0,0,0,0,0,0,0,0,0,0,0,0,0,0,0,0,0,0,0,0,0,0,0,0,0,0,0,0,0,0,0,0,0,0,0,0,0,0,0,0,0,0,0,0,0,0,0,0,0,0,0,0,0,0,0,0,0,0,0,0,0,0,0,0,0,0,0,0,0,0,0,0,0,0,0,0,0,0,0,0,0,0,0,0,0,0,0,0,0,0,0,0,0,0,0,0,0,0,0,0,0,0,0,0,0,0,0,0,0,0,0,0,0,0,0,0,0,0,0,0,0,0,0,0,0,0,0,0,0,0,0,0,0,0,0,0,,0,0,0,0,0,0,0,0,0,,,,,,,,,,,,,,,,,,,,,,,,,,,,,,,0,10,,,,,,,,,,,,,,,,,,,,,,,,,,,,,,,0,
9/1/2026,2025,20260096,47050,32344,PARAMONT ENERGY LC,Natural Gas,INTRASTATE,VIRGINIA,0,0,0,0,0,0,0,0,0,0,0,0,0,0,0,0,0,0,0,0,0,0,0,0,0,0,0,0,0,0,0,0,0,0,0,0,0,0,0,0,0,0,0,0,0,0,0,0,0,0,0,0,0,0,0,0,0,0,0,0,0,0,0,0,0,0,0,0,0,0,0,0,0,0,0,0,0,0,0,0,0,0,0,0,0,0,0,0,0,0,0,0,0,0,0,0,0,0,0,0,0,0,0,0,0,0,0,0,0,0,0,0,0,0,0,0,0,0,0,0,0,0,0,0,0,0,0,0,0,0,0,0,0,0,0,0,0,0,0,0,0,0,0,0,0,0,0,0,0,0,0,0,0,0,,0,0,0,0,0,0,0,0,0,0,,,,,,,,,,,,,,,,,,,,,,,,,,,,,,,0,,,,,,,,,,,,,,,,,,,,,,,,,,,,,,,,0,107
9/1/2026,2025,20260915,47912,32345,CAMERON INTERSTATE PIPELINE,Natural Gas,INTERSTATE,LOUISIANA,0,0,0,0,0,0,0,0,0,0,0,0,0,0,0,0,0,0,0,0,0,0,0,0,0,0,0,0,0,0,0,0,0,0,0,0,0,0,0,0,0,0,0,0,0,0,0,0,0,0,0,0,0,0,0,0,0,0,0,0,0,0,0,0,0,0,0,0,0,0,0,0,0,0,0,0,0,0,0,0,0,0,0,0,0,0,0,0,0,0,0,0,0,0,0,0,0,0,0,0,0,0,0,0,0,0,0,0,0,0,0,0,0,0,0,0,0,0,0,0,0,0,0,0,0,0,0,0,0,0,0,0,0,0,0,0,0,0,0,0,0,0,0,0,0,0,0,0,0,0,0,0,0,0,0,,0,0,0,0,0,0,0,0,0,0,0,0,0,0,0,0,0,0,0,0,0,0,0,0,0,0,0,0,0,0,0,0,0,0,0,0,0,0,0,0,1123,,,,,,,,,,,,,,,,,,,,,,,,,,,,,,,0,
9/1/2026,2025,20261403,48428,32349,"COLORADO BEND 1 POWER, LLC",Natural Gas,INTRASTATE,TEXAS,0,0,0,0,0,0,0,0,0,0,0,0,0,0,0,0,0,0,0,0,0,0,0,0,0,0,0,0,0,0,0,0,0,0,0,0,0,0,0,0,0,0,0,0,0,0,0,0,0,0,0,0,0,0,0,0,0,0,0,0,0,0,0,0,0,0,0,0,0,0,0,0,0,0,0,0,0,0,0,0,0,0,0,0,0,0,0,0,0,0,0,0,0,0,0,0,0,0,0,0,0,0,0,0,0,0,0,0,0,0,0,0,0,0,0,0,0,0,0,0,0,0,0,0,0,0,0,0,0,0,0,0,0,0,0,0,0,0,0,0,0,0,0,0,0,0,0,0,0,0,0,0,0,0,0,0,0,0,0,0,0,0,0,0,0,,,,,,,,,,,,,,,,,,,,,,,,,,,,,,,0,0,,,,,,,,,,,,,,,,,,,,,,,,,,,,,,,0,0
9/1/2026,2025,20260413,47378,32350,ABSOLUTE ENERGY L.L.C.,Natural Gas,INTRASTATE,IOWA,0,0,0,0,,,0,,,,,0,0,0,0,,,0,,,,,0,0,0,0,,,0,,,,,0,0,0,0,,,0,,,,,0,0,0,0,,,0,,,,,0,0,0,0,,,0,,,,,0,0,0,0,,,0,,,,,0,0,0,0,,,0,,,,,0,0,0,0,,,0,,,,,0,0,0,0,,,0,,,,,0,0,0,0,,,0,0,0,0,0,0,0,0,0,,,0,0,0,0,0,0,0,0,0,,,0,0,0,0,0,0,0,0,0,,0,,0,0,0,0,0,,0,,,,,,0,,0,,,,,,,,,,,,,,,,,,,,,,,,,,,,,,,0,0,,,,,,,,,,,,,,,,,,,,,,,,,,,,,,,,
9/1/2026,2025,20260950,48495,32352,"MAGNOLIA GAS GATHERING, LLC",Natural Gas,INTRASTATE,TEXAS,0,0,0,0,0,0,0,0,0,0,0,0,0,0,0,0,0,0,0,0,0,0,0,0,0,0,0,0,0,0,0,0,0,0,0,0,0,0,0,0,0,0,0,0,0,0,0,0,0,0,0,0,0,0,0,0,0,0,0,0,0,0,0,0,0,0,0,0,0,0,0,0,0,0,0,0,0,0,0,0,0,0,0,0,0,0,0,0,0,0,0,0,0,0,0,0,0,0,0,0,0,0,0,0,0,0,0,0,0,0,0,0,0,0,0,0,0,0,0,0,0,0,0,0,0,0,0,0,0,0,0,0,0,0,0,0,0,0,0,0,0,0,0,0,0,0,0,0,0,0,0,0,0,0,,0,0,0,0,0,0,0,0,0,0,,,,,,,,,,,,,,,,,,,,,,,,,,,,,,,0,,0,0,0,0,0,0,0,0,0,0,0,0,0,0,0,0,,0,0,0,0,0,0,0,0,0,0,0,0,0,0,980
9/1/2026,2025,20260299,47257,32353,AMRIZE CEMENT INC.,Natural Gas,INTRASTATE,OKLAHOMA,0,0,0,0,0,0,0,0,0,0,0,0,0,0,0,0,0,0,0,0,0,0,0,0,0,0,0,0,0,0,0,0,0,0,0,0,0,0,0,0,0,0,0,0,0,0,0,0,0,0,0,0,0,0,0,0,0,0,0,0,0,0,0,0,0,0,0,0,0,0,0,0,0,0,0,0,0,0,0,0,0,0,0,0,0,0,0,0,0,0,0,0,0,0,0,0,0,0,0,0,0,0,0,0,0,0,0,0,0,0,0,0,0,0,0,0,0,0,0,0,0,0,0,0,0,0,0,0,0,0,0,0,0,0,0,0,0,0,0,0,0,0,0,0,0,0,0,0,0,0,0,0,0,0,0,,0,0,0,0,0,0,0,0,0,0,0,0,0,0,0,0,0,0,0,0,0,0,0,0,0,0,0,0,0,0,0,0,0,0,0,0,0,0,0,0,74,,,,,,,,,,,,,,,,,,,,,,,,,,,,,,,0,
9/1/2026,2025,20260917,47914,32354,"DFW MIDSTREAM SERVICES, LLC",Natural Gas,INTRASTATE,TEXAS,0,0,0,0,,,0,0,,0,,0,0,0,1,,,0,0,,1,,0,0,0,0,,,0,0,,0,,0,0,0,0,,,0,0,,0,,0,0,0,0,,,0,0,,0,,0,0,0,0,,,0,0,,1,,0,0,0,0,,,0,0,,0,,0,0,0,0,,,0,0,,0,,0,0,0,0,,,0,0,,0,,0,0,0,0,,,0,0,,0,,0,0,0,0,,,0,0,,0,,0,0,0,0,,,0,0,,0,,0,0,0,0,,,0,0,,0,,0,0,0,1,,0,,0,,2,,0,0,0,,0,,0,,0,0,0,,,,,,,,,,,,,,,,,,,,,,,,,,,,,,,0,5315,,,,,,,,,,,,,,,,,,,,,,,,,,,,,,,0,5315
9/1/2026,2025,20260120,47074,32357,SIOUX FALLS REGIONAL SANITARY LANDFILL,Landfill Gas,INTRASTATE,SOUTH DAKOTA,,0,0,0,,,,,,,,,0,0,0,,,,,,,,,0,0,0,,,,,,,,,0,0,0,,,,,,,,,0,0,0,,,,,,,,,0,0,0,,,,,,,,,0,0,0,,,,,,,,,0,0,0,,,,,,,,,0,0,0,,,,,,,,,0,0,0,,,,,,,,,0,0,0,,,,,,,0,,0,0,0,,,,,,,0,,0,0,0,,,,,,,0,,0,0,0,,,,,,,0,0,,0,,,,,,0,,0,,,,,,,,,,,,,,,,,,,,,,,,,,,,,,,0,47,,,,,,,,,,,,,,,,,,,,,,,,,,,,,,,,
9/1/2026,2025,20260276,47234,32358,NOURYON PULP AND PERFORMANCE CHEMICALS LLC,Hydrogen Gas,INTRASTATE,WASHINGTON,0,0,0,0,,,0,,,,,0,0,0,0,,,0,,,,,0,0,0,0,,,0,,,,,0,0,0,0,,,0,,,,,0,0,0,0,,,0,,,,,0,0,0,0,,,0,,,,,0,0,0,0,,,0,,,,,0,0,0,0,,,0,,,,,0,0,0,0,,,0,,,,,0,0,0,0,,,0,,,,,0,0,0,0,,,0,0,0,0,0,0,0,0,0,,,0,0,0,0,0,0,0,0,0,,,0,0,0,0,0,0,0,0,0,,0,,0,0,0,0,0,,0,,,,,,0,,0,0,0,0,0,0,0,0,0,0,0,0,0,0,0,0,0,0,0,0,0,0,0,0,0,0,0,0,0,0,0,0,17,,,,,,,,,,,,,,,,,,,,,,,,,,,,,,,,
9/1/2026,2025,20261050,48055,32359,LINCOLN ELECTRIC SYSTEM,Landfill Gas,INTRASTATE,NEBRASKA,0,0,0,0,0,0,0,0,0,0,0,0,0,0,0,0,0,0,0,0,0,0,0,0,0,0,0,0,0,0,0,0,0,0,0,0,0,0,0,0,0,0,0,0,0,0,0,0,0,0,0,0,0,0,0,0,0,0,0,0,0,0,0,0,0,0,0,0,0,0,0,0,0,0,0,0,0,0,0,0,0,0,0,0,0,0,0,0,0,0,0,0,0,0,0,0,0,0,0,0,0,0,0,0,0,0,0,0,0,0,0,0,0,0,0,0,0,0,0,0,0,0,0,0,0,0,0,0,0,0,0,0,0,0,0,0,0,0,0,0,0,0,0,0,0,0,0,0,0,0,0,0,0,0,0,,0,0,0,0,0,0,0,0,0,,,,,,,,,,,,,,,,,,,,,,,,,,,,,,,0,83,,,,,,,,,,,,,,,,,,,,,,,,,,,,,,,0,
9/1/2026,2025,20260746,47734,32359,LINCOLN ELECTRIC SYSTEM,Natural Gas,INTRASTATE,NEBRASKA,0,0,0,0,,,0,,,,,0,0,0,0,,,0,,,,,0,0,0,0,,,0,,,,,0,0,0,0,,,0,,,,,0,0,0,0,,,0,,,,,0,0,0,0,,,0,,,,,0,0,0,0,,,0,,,,,0,0,0,0,,,0,,,,,0,0,0,0,,,0,,,,,0,0,0,0,,,0,,,,,0,0,0,0,,,0,0,0,0,0,0,0,0,0,,,0,0,0,0,0,0,0,0,0,,,0,0,0,0,0,0,0,0,0,,0,,0,0,0,0,0,,0,,,,,,0,,0,,,,,,,,,,,,,,,,,,,,,,,,,,,,,,,0,18,,,,,,,,,,,,,,,,,,,,,,,,,,,,,,,,
9/1/2026,2025,20260333,47294,32363,MID-CONTINENT MARKET CENTER,Natural Gas,INTRASTATE,KANSAS,0,0,0,0,0,0,0,0,0,0,0,0,0,0,0,0,0,0,0,0,0,0,0,0,0,0,0,0,0,0,0,0,0,0,0,0,0,0,0,0,0,0,0,0,0,0,0,0,0,0,0,0,0,0,0,0,0,0,0,0,0,0,0,0,0,0,0,0,0,0,0,0,0,0,0,0,0,0,0,0,0,0,0,0,0,0,0,0,0,0,0,0,0,0,0,0,0,0,0,0,0,0,0,0,0,0,0,0,0,0,0,0,0,0,0,0,0,0,0,0,0,0,0,0,0,0,0,0,0,0,0,0,0,0,0,0,0,0,0,0,0,0,0,0,0,0,0,0,0,0,0,0,0,0,0,,0,0,0,0,0,0,0,0,0,,,,,,,,1,,,,,1,,,,,,,,,,,,,,,,,,1,2956,,,,,,,,,,,,,,,,,,,,,,,,,,,,,,,0,
9/1/2026,2025,20261268,48281,32364,"VALERO REFINING-NEW ORLEANS, L.L.C.",Hydrogen Gas,INTRASTATE,LOUISIANA,0,0,0,0,0,0,0,0,0,0,0,0,0,0,0,0,0,0,0,0,0,0,0,0,0,0,0,0,0,0,0,0,0,0,0,0,0,0,0,0,0,0,0,0,0,0,0,0,0,0,0,0,0,0,0,0,0,0,0,0,0,0,0,0,0,0,0,0,0,0,0,0,0,0,0,0,0,0,0,0,0,0,0,0,0,0,0,0,0,0,0,0,0,0,0,0,0,0,0,0,0,0,0,0,0,0,0,0,0,0,0,0,0,0,0,0,0,0,0,0,0,0,0,0,0,0,0,0,0,0,0,0,0,0,0,0,0,0,0,0,0,0,0,0,0,0,0,0,0,0,0,0,0,0,0,,0,0,0,0,0,0,0,0,0,,,,,,,,,,,,,,,,,,,,,,,,,,,,,,,0,154,,,,,,,,,,,,,,,,,,,,,,,,,,,,,,,0,
9/1/2026,2025,20261105,48116,32364,"VALERO REFINING-NEW ORLEANS, L.L.C.",Natural Gas,INTRASTATE,LOUISIANA,0,0,0,0,0,0,0,0,0,0,0,0,0,0,0,0,0,0,0,0,0,0,0,0,0,0,0,0,0,0,0,0,0,0,0,0,0,0,0,0,0,0,0,0,0,0,0,0,0,0,0,0,0,0,0,0,0,0,0,0,0,0,0,0,0,0,0,0,0,0,0,0,0,0,0,0,0,0,0,0,0,0,0,0,0,0,0,0,0,0,0,0,0,0,0,0,0,0,0,0,0,0,0,0,0,0,0,0,0,0,0,0,0,0,0,0,0,0,0,0,0,0,0,0,0,0,0,0,0,0,0,0,0,0,0,0,0,0,0,0,0,0,0,0,0,0,0,0,0,0,0,0,0,0,0,,0,0,0,0,0,0,0,0,0,,,,,,,,,,,,,,,,,,,,,,,,,,,,,,,0,154,,,,,,,,,,,,,,,,,,,,,,,,,,,,,,,0,
9/1/2026,2025,20260667,47652,32373,"PLYMOUTH ENERGY, LLC",Natural Gas,INTRASTATE,IOWA,0,0,0,0,0,0,0,0,0,0,0,0,0,0,0,0,0,0,0,0,0,0,0,0,0,0,0,0,0,0,0,0,0,0,0,0,0,0,0,0,0,0,0,0,0,0,0,0,0,0,0,0,0,0,0,0,0,0,0,0,0,0,0,0,0,0,0,0,0,0,0,0,0,0,0,0,0,0,0,0,0,0,0,0,0,0,0,0,0,0,0,0,0,0,0,0,0,0,0,0,0,0,0,0,0,0,0,0,0,0,0,0,0,0,0,0,0,0,0,0,0,0,0,0,0,0,0,0,0,0,0,0,0,0,0,0,0,0,0,0,0,0,0,0,0,0,0,0,0,0,0,0,0,0,0,,0,0,0,0,0,0,0,0,0,,,,,,,,,,,,,,,,,,,,,,,,,,,,,,,0,15,,,,,,,,,,,,,,,,,,,,,,,,,,,,,,,0,
9/1/2026,2025,20260819,47813,32374,"MONROE GAS STORAGE COMPANY, LLC",Natural Gas,INTERSTATE,ALABAMA,0,0,0,0,0,0,0,0,0,0,0,0,0,0,0,0,0,0,0,0,0,0,0,0,0,0,0,0,0,0,0,0,0,0,0,0,0,0,0,0,0,0,0,0,0,0,0,0,0,0,0,0,0,0,0,0,0,0,2,0,0,0,0,0,0,0,0,0,0,0,0,0,0,0,0,0,0,0,0,0,0,0,0,0,0,0,0,0,0,0,0,0,0,0,0,0,0,0,0,0,0,0,0,0,0,0,0,0,0,0,0,0,0,0,0,0,0,0,0,0,0,0,0,0,0,0,0,0,0,0,0,0,0,0,0,0,0,0,0,0,0,0,0,0,0,0,2,0,0,0,0,0,0,0,,,,,,,,,,,,,,,,,,,,,,,,,,,,,,,,,,,,,,,,,,0,1,,,,,,,,,,,,,,,,,,,,,,,,,,,,,,,,
9/1/2026,2025,20260819,47813,32374,"MONROE GAS STORAGE COMPANY, LLC",Natural Gas,INTERSTATE,MISSISSIPPI,0,0,0,0,0,0,0,0,0,0,0,0,0,0,0,0,0,0,0,0,0,0,0,0,0,0,0,0,0,0,0,0,0,0,0,0,0,0,0,0,0,0,0,0,0,0,0,0,0,0,0,0,0,0,0,0,0,0,1,0,0,0,0,0,0,0,0,0,0,0,0,0,0,0,0,0,0,0,0,0,0,0,0,0,0,0,0,0,0,0,0,0,0,0,0,0,0,0,0,0,0,0,0,0,0,0,0,0,0,0,0,0,0,0,0,0,0,0,0,0,0,0,0,0,0,0,0,0,0,0,0,0,0,0,0,0,0,0,0,0,0,0,0,0,0,0,1,0,0,0,0,0,0,0,,,,,,,,,,,,,,,,,,,,,,,,,,,,,,,,,,,,,,,,,,0,44,,,,,,,,,,,,,,,,,,,,,,,,,,,,,,,,
9/1/2026,2025,20260814,47807,32375,"SG RESOURCES MISSISSIPPI, LLC",Natural Gas,INTERSTATE,ALABAMA,0,0,0,0,0,0,0,0,0,0,0,0,0,0,0,0,0,0,0,0,0,0,0,0,0,0,0,0,0,0,0,0,0,0,0,0,0,0,0,0,0,0,0,0,0,0,0,0,0,0,0,0,0,0,0,0,0,0,0,0,0,0,0,0,0,0,0,0,0,0,0,0,0,0,0,0,0,0,0,0,0,0,0,0,0,0,0,0,0,0,0,0,0,0,0,0,0,0,0,0,0,0,0,0,0,0,0,0,0,0,0,0,0,0,0,0,0,0,0,0,0,0,0,0,0,0,0,0,0,0,0,0,0,0,0,0,0,0,0,0,0,0,0,0,0,0,0,0,0,0,0,0,0,0,,,,,,,,,,,,,,,,,,,,,,,,,,,,,,,,,,,,,,,,,,0,8,,,,,,,,,,,,,,,,,,,,,,,,,,,,,,,,
9/1/2026,2025,20260814,47807,32375,"SG RESOURCES MISSISSIPPI, LLC",Natural Gas,INTERSTATE,MISSISSIPPI,0,0,0,0,0,0,0,0,0,0,0,0,0,0,0,0,0,0,0,0,0,0,0,0,0,0,0,0,0,0,0,0,0,0,0,0,0,0,0,0,0,0,0,0,0,0,0,0,0,0,0,0,0,0,0,0,0,0,1,0,0,0,0,0,0,0,0,0,0,0,0,0,0,0,0,0,0,0,0,0,0,0,0,0,0,0,0,0,0,0,0,0,0,0,0,0,0,0,0,0,0,0,0,0,0,0,0,0,0,0,0,0,0,0,0,0,0,0,0,0,0,0,0,0,0,0,0,0,0,0,0,0,0,0,0,0,0,0,0,0,0,0,0,0,0,0,1,0,0,0,0,0,0,0,0,,0,,,,,,0,,0,,,,,,,,,,,,,,,,,,,,,,,,,,,,,,,0,129,,,,,,,,,,,,,,,,,,,,,,,,,,,,,,,,
9/1/2026,2025,20260081,47035,32378,ALLIANCE ENERGY TRANSMISSION LLC.,Natural Gas,INTRASTATE,NEW YORK,0,0,0,0,0,0,0,0,0,0,0,0,0,0,0,0,0,0,0,0,0,0,0,0,0,0,0,0,0,0,0,0,0,0,0,0,0,0,0,0,0,0,0,0,0,0,0,0,0,0,0,0,0,0,0,0,0,0,0,0,0,0,0,0,0,0,0,0,0,0,0,0,0,0,0,0,0,0,0,0,0,0,0,0,0,0,0,0,0,0,0,0,0,0,0,0,0,0,0,0,0,0,0,0,0,0,0,0,0,0,0,0,0,0,0,0,0,0,0,0,0,0,0,0,0,0,0,0,0,0,0,0,0,0,0,0,0,0,0,0,0,0,0,0,0,0,0,0,0,0,0,0,0,0,0,,0,0,0,0,0,0,0,0,0,,,,,,,,,,,,,,,,,,,,,,,,,,,,,,,0,0,,,,,,,,,,,,,,,,,,,,,,,,,,,,,,,0,
9/1/2026,2025,20260446,47412,32380,"STECKMAN RIDGE, LP",Natural Gas,INTERSTATE,PENNSYLVANIA,,,,,,,,,,,,,,,,,,,,,,,,,,,,,,,,,,,,,,,,,,,,,,,,,,,,,,,,,,,,,,,,,,,,,,,,,,,,,,,,,,,,,,,,,,,,,,,,,,,,,,,,,,,,,,,,,,,,,,,,,,,,,,,,,,,,,,,,,,,,,,,,,,,,,,,,,,,,,,,,,,,,,,,,,,,,,,,,,,,,,,,,,,,,,,,,,,,,0,16,,,,,,,,,,,,,,,,,,,,,,,,,,,,,,,,
9/1/2026,2025,20260795,47788,32383,"HORIZON PRODUCTION AND OPERATING, LLC",Natural Gas,INTRASTATE,TEXAS,,,,,,,,,,,,,,,,,,,,,,,,,,,,,,,,,,,,,,,,,,,,,,,,,,,,,,,,,,,,,,,,,,,,,,,,,,,,,,,,,,,,,,,,,,,,,,,,,,,,,,,,,,,,,,,,,,,,,,,,,,,,,,,,,,,,,,,,,,,,,,,,,,,,,,,,,,,,,,,,,,,,,,,,,,,,,,,,,,,,,,,,,,,,,,,,,,,,0,,0,0,0,0,0,0,0,0,0,0,0,0,0,0,0,0,0,0,0,0,0,0,0,0,0,0,0,0,0,0,0,22
9/1/2026,2025,20260134,47089,32384,DALTON-WHITFIELD REGIONAL SOLID WASTE MANAGMENT AUTHORITY,Landfill Gas,INTRASTATE,GEORGIA,0,0,0,0,,,0,,,,,0,0,0,0,,,0,,,,,0,0,0,0,,,0,,,,,0,0,0,0,,,0,,,,,0,0,0,0,,,0,,,,,0,0,0,0,,,0,,,,,0,0,0,0,,,0,,,,,0,0,0,0,,,0,,,,,0,0,0,0,,,0,,,,,0,0,0,0,,,0,,,,,0,0,0,0,,,0,0,0,0,0,0,0,0,0,,,0,0,0,0,0,0,0,0,0,,,0,0,0,0,0,0,0,0,0,,0,,0,0,0,0,0,,0,,,,,,0,,0,,,,,,,,,,,,,,,,,,,,,,,,,,,,,,,0,4,,,,,,,,,,,,,,,,,,,,,,,,,,,,,,,,
9/1/2026,2025,20260165,47120,32389,CENTAURI TECHNOLOGIES LLC,"Other Gas-CO, H2, N2",INTRASTATE,TEXAS,0,0,0,0,,,0,,,,,0,0,0,0,,,0,,,,,0,0,0,0,,,0,,,,,0,0,0,0,,,0,,,,,0,0,0,0,,,0,,,,,0,0,0,0,,,0,,,,,0,0,0,0,,,0,,,,,0,0,0,0,,,0,,,,,0,0,0,0,,,0,,,,,0,0,0,0,,,0,,,,,0,0,0,0,,,0,0,0,0,0,0,0,0,0,,,0,0,0,0,0,0,0,0,0,,,0,0,0,0,0,0,0,0,0,,0,,0,0,0,0,0,,0,,,,,,0,,0,,,,,,,,,,,,,,,,,,,,,,,,,,,,,,,0,177,,,,,,,,,,,,,,,,,,,,,,,,,,,,,,,,
9/1/2026,2025,20261031,48044,32391,NRG TEXAS POWER LLC,Natural Gas,INTRASTATE,TEXAS,0,0,0,0,,,0,,,,,0,0,0,0,,,0,,,,,0,0,0,0,,,0,,,,,0,0,0,0,,,0,,,,,0,0,0,0,,,0,,,,,0,0,0,0,,,0,,,,,0,0,0,0,,,0,,,,,0,0,0,0,,,0,,,,,0,0,0,0,,,0,,,,,0,0,0,0,,,0,,,,,0,0,0,0,,,0,0,0,0,0,0,0,0,0,,,0,0,0,0,0,0,0,0,0,,,0,0,0,0,0,0,0,0,0,,0,,0,0,0,0,0,,0,,,,,,0,,0,,,,,,,,,,,,,,,,,,,,,,,,,,,,,,,0,76,,,,,,,,,,,,,,,,,,,,,,,,,,,,,,,0,
9/1/2026,2025,20260792,47785,32393,"FREEBIRD GAS STORAGE, LLC",Natural Gas,INTERSTATE,ALABAMA,0,0,0,0,0,0,0,0,0,0,0,0,0,0,0,0,0,0,0,0,0,0,0,0,0,0,0,0,0,0,0,0,0,0,0,0,0,0,0,0,0,0,0,0,0,0,0,0,0,0,0,0,0,0,0,0,0,0,0,0,0,0,0,0,0,0,0,0,0,0,0,0,0,0,0,0,0,0,0,0,0,0,0,0,0,0,0,0,0,0,0,0,0,0,0,0,0,0,0,0,0,0,0,0,0,0,0,0,0,0,0,0,0,0,0,0,0,0,0,0,0,0,0,0,0,0,0,0,0,0,0,0,0,0,0,0,0,0,0,0,0,0,0,0,0,0,0,0,0,0,0,0,0,0,0,,0,0,0,0,0,0,0,0,0,0,0,0,0,0,0,0,0,0,0,0,0,0,0,0,0,0,0,0,0,0,0,0,0,0,0,0,0,0,0,0,0,,,,,,,,,,,,,,,,,,,,,,,,,,,,,,,0,
9/1/2026,2025,20260775,47767,32394,"CALEDONIA ENERGY PARTNERS, LLC",Natural Gas,INTERSTATE,MISSISSIPPI,0,0,0,0,,,0,,,,,0,0,0,0,,,0,,,,,0,0,0,0,,,0,,,,,0,0,0,0,,,0,,,,,0,0,0,0,,,0,,,,,0,0,0,0,,,0,,,,,0,0,0,0,,,0,,,,,0,0,0,0,,,0,,,,,0,0,0,0,,,0,,,,,0,0,0,0,,,0,,,,,0,0,0,0,,,0,0,0,0,0,0,0,0,0,,,0,0,0,0,0,0,0,0,0,,,0,0,0,0,0,0,0,0,0,,0,,0,0,0,0,0,,0,,,,,,0,,0,0,0,0,0,0,0,0,0,0,0,0,0,0,0,0,0,0,0,0,0,0,0,0,0,0,0,0,0,0,0,0,2,,,,,,,,,,,,,,,,,,,,,,,,,,,,,,,0,
9/1/2026,2025,20260611,47594,32395,J.R. SIMPLOT COMPANY,Natural Gas,INTRASTATE,WASHINGTON,0,0,0,0,,,0,,,,,0,0,0,0,,,0,,,,,0,0,0,0,,,0,,,,,0,0,0,0,,,0,,,,,0,0,0,0,,,0,,,,,0,0,0,0,,,0,,,,,0,0,0,0,,,0,,,,,0,0,0,0,,,0,,,,,0,0,0,0,,,0,,,,,0,0,0,0,,,0,,,,,0,0,0,0,,,0,0,0,0,0,0,0,0,0,,,0,0,0,0,0,0,0,0,0,,,0,0,0,0,0,0,0,0,0,,0,,0,0,0,0,0,,0,,,,,,0,,0,0,0,0,0,0,0,0,0,0,0,0,0,0,0,0,0,0,0,0,0,0,0,0,0,0,0,0,0,0,0,0,34,,,,,,,,,,,,,,,,,,,,,,,,,,,,,,,,
9/1/2026,2025,20260443,48103,32396,BOBCAT GAS STORAGE,Natural Gas,INTERSTATE,LOUISIANA,0,0,0,0,0,0,0,0,0,0,0,0,0,0,0,0,0,0,0,0,0,0,0,0,0,0,0,0,0,0,0,0,0,0,0,0,0,0,0,0,0,0,0,0,0,0,0,0,0,0,0,0,0,0,0,0,0,0,3,0,0,0,0,0,0,0,0,0,0,3,0,0,0,0,0,0,0,0,0,0,0,0,0,0,0,0,0,0,0,0,0,0,0,0,0,0,0,0,0,0,0,0,0,0,0,0,0,0,0,0,0,0,0,0,0,0,0,0,0,0,0,0,0,0,0,0,0,0,0,0,0,0,0,0,0,0,0,0,0,0,0,0,0,0,0,0,6,0,0,0,0,0,0,0,,,,,,,,,,,,,,,,,,,,,,,,,,,,,,,,,,,,,,,,,,0,48,,,,,,,,,,,,,,,,,,,,,,,,,,,,,,,,
9/1/2026,2025,20260331,47292,32399,"SOLVAY CHEMICALS, INC.",Hydrogen Gas,INTRASTATE,WASHINGTON,0,0,0,0,,,0,,,,,0,0,0,0,,,0,,,,,0,0,0,0,,,0,,,,,0,0,0,0,,,0,,,,,0,0,0,0,,,0,,,,,0,0,0,0,,,0,,,,,0,0,0,0,,,0,,,,,0,0,0,0,,,0,,,,,0,0,0,0,,,0,,,,,0,0,0,0,,,0,,,,,0,0,0,0,,,0,0,0,0,0,0,0,0,0,,,0,0,0,0,0,0,0,0,0,,,0,0,0,0,0,0,0,0,0,,0,,0,0,0,0,0,,0,,,,,,0,,0,,,,,,,,,,,,,,,,,,,,,,,,,,,,,,,0,0,,,,,,,,,,,,,,,,,,,,,,,,,,,,,,,0,
9/1/2026,2025,20260521,47507,32402,LOUIS DREYFUS COMPANY,Natural Gas,INTRASTATE,IOWA,0,0,0,0,0,0,0,0,0,0,0,0,0,0,0,0,0,0,0,0,0,0,0,0,0,0,0,0,0,0,0,0,0,0,0,0,0,0,0,0,0,0,0,0,0,0,0,0,0,0,0,0,0,0,0,0,0,0,0,0,0,0,0,0,0,0,0,0,0,0,0,0,0,0,0,0,0,0,0,0,0,0,0,0,0,0,0,0,0,0,0,0,0,0,0,0,0,0,0,0,0,0,0,0,0,0,0,0,0,0,0,0,0,0,0,0,0,0,0,0,0,0,0,0,0,0,0,0,0,0,0,0,0,0,0,0,0,0,0,0,0,0,0,0,0,0,0,0,0,0,0,0,0,0,0,,0,0,0,0,0,0,0,0,0,,,,,,,,,,,,,,,,,,,,,,,,,,,,,,,0,41,,,,,,,,,,,,,,,,,,,,,,,,,,,,,,,0,
9/1/2026,2025,20260371,47336,32403,"ARCHAEA ENERGY OPERATING, LLC",Natural Gas,INTRASTATE,OKLAHOMA,0,0,0,0,0,0,0,0,0,0,0,0,0,0,0,0,0,0,0,0,0,0,0,0,0,0,0,0,0,0,0,0,0,0,0,0,0,0,0,0,0,0,0,0,0,0,0,0,0,0,0,0,0,0,0,0,0,0,0,0,0,0,0,0,0,0,0,0,0,0,0,0,0,0,0,0,0,0,0,0,0,0,0,0,0,0,0,0,0,0,0,0,0,0,0,0,0,0,0,0,0,0,0,0,0,0,0,0,0,0,0,0,0,0,0,0,0,0,0,0,0,0,0,0,0,0,0,0,0,0,0,0,0,0,0,0,0,0,0,0,0,0,0,0,0,0,0,0,0,0,0,0,0,0,0,0,0,0,0,0,0,0,0,0,0,,,,,,,,,,,,,,,,,,,,,,,,,,,,,,,0,473,,,,,,,,,,,,,,,,,,,,,,,,,,,,,,,0,0
9/1/2026,2025,20260084,47038,32405,"WYCKOFF GAS STORAGE COMPANY, LLC",Natural Gas,INTERSTATE,NEW YORK,0,0,0,0,0,0,0,0,0,0,0,0,0,0,0,0,0,0,0,0,0,0,0,0,0,0,0,0,0,0,0,0,0,0,0,0,0,0,0,0,0,0,0,0,0,0,0,0,0,0,0,0,0,0,0,0,0,0,0,0,0,0,0,0,0,0,0,0,0,0,0,0,0,0,0,0,0,0,0,0,0,0,0,0,0,0,0,0,0,0,0,0,0,0,0,0,0,0,0,0,0,0,0,0,0,0,0,0,0,0,0,0,0,0,0,0,0,0,0,0,0,0,0,0,0,0,0,0,0,0,0,0,0,0,0,0,0,0,0,0,0,0,0,0,0,0,0,0,0,0,0,0,0,0,0,,0,0,0,0,0,0,0,0,0,,,,,,,,,,,,,,,,,,,,,,,,,,,,,,,0,75,,,,,,,,,,,,,,,,,,,,,,,,,,,,,,,0,
9/1/2026,2025,20260815,47808,32416,"ARCADIA GAS STORAGE, LLC",Natural Gas,INTRASTATE,LOUISIANA,0,0,0,0,0,0,0,0,0,0,0,0,0,0,0,0,0,0,0,0,0,0,0,0,0,0,0,0,0,0,0,0,0,0,0,0,0,0,0,0,0,0,0,0,0,0,0,0,0,0,0,0,0,0,0,0,0,0,3,0,0,0,0,0,0,0,0,0,0,2,0,0,0,0,0,0,0,0,0,0,0,0,0,0,0,0,0,0,0,0,0,0,0,0,0,0,0,0,0,0,0,0,0,0,0,0,0,0,0,0,0,0,0,0,0,0,0,0,0,0,0,0,0,0,0,0,0,0,0,0,0,0,0,0,0,0,0,0,0,0,0,0,0,0,0,0,5,0,0,0,0,0,0,0,,,,,,,,,,,,,,,,,,,,,,,,,,,,,,,,,,,,,,,,,,0,86,,,,,,,,,,,,,,,,,,,,,,,,,,,,,,,,
9/1/2026,2025,20261213,48226,32419,"SOUTHWEST IOWA RENEWABLE ENERGY, LLC",Natural Gas,INTRASTATE,IOWA,0,0,0,0,0,0,0,0,0,0,0,0,0,0,0,0,0,0,0,0,0,0,0,0,0,0,0,0,0,0,0,0,0,0,0,0,0,0,0,0,0,0,0,0,0,0,0,0,0,0,0,0,0,0,0,0,0,0,0,0,0,0,0,0,0,0,0,0,0,0,0,0,0,0,0,0,0,0,0,0,0,0,0,0,0,0,0,0,0,0,0,0,0,0,0,0,0,0,0,0,0,0,0,0,0,0,0,0,0,0,0,0,0,0,0,0,0,0,0,0,0,0,0,0,0,0,0,0,0,0,0,0,0,0,0,0,0,0,0,0,0,0,0,0,0,0,0,0,0,0,0,0,0,0,0,0,0,0,0,0,0,0,0,0,0,0,0,0,0,0,0,0,0,0,0,0,0,0,0,0,0,0,0,0,0,0,0,0,0,0,0,0,0,0,0,0,0,0,0,0,0,0,0,0,0,0,0,0,0,0,0,0,0,0,0,0,0,0,0,0,0,0,0,0,0,0,0,0,
9/1/2026,2025,20260610,47593,32420,"GRAMA RIDGE STORAGE AND TRANSPORTATION, LLC",Natural Gas,INTRASTATE,NEW MEXICO,0,0,0,0,,,0,,,,,0,0,0,0,,,0,,,,,0,0,0,0,,,0,,,,,0,0,0,0,,,0,,,,,0,0,0,0,,,0,,,,,0,0,0,0,,,0,,,,,0,0,0,0,,,0,,,,,0,0,0,0,,,0,,,,,0,0,0,0,,,0,,,,,0,0,0,0,,,0,,,,,0,0,0,0,,,0,0,0,0,0,0,0,0,0,,,0,0,0,0,0,0,0,0,0,,,0,0,0,0,0,0,0,0,0,,0,,0,0,0,0,0,,0,,,,,,0,,0,0,0,0,0,0,0,0,0,0,0,0,0,0,0,0,0,0,0,0,0,0,0,0,0,0,0,0,0,0,0,0,1,,,,,,,,,,,,,,,,,,,,,,,,,,,,,,,0,
9/1/2026,2025,20260049,47001,32422,"NEPTUNE LNG, LLC",Natural Gas,INTERSTATE,OCS-Atlantic,,,,,,0,,,,,,,,,,,0,,,,,,,,,,,0,,,,,,,,,,,0,,,,,,,,,,,0,,,,,,,,,,,0,,,,,,,,,,,0,,,,,,,,,,,0,,,,,,,,,,,0,,,,,,,,,,,0,,,,,,,,,,,0,,,,,0,,,,,,0,,,,,0,,,,,,0,,,,,0,,,,,,,0,,,,0,0,,,0,,,,,0,,0,,,,,,,,,,,,,,,,,,,,,,,,,,,,,,,0,0,,,,,,,,,,,,,,,,,,,,,,,,,,,,,,,0,
9/1/2026,2025,20260049,47001,32422,"NEPTUNE LNG, LLC",Natural Gas,INTRASTATE,MASSACHUSETTS,,,,,0,0,0,,,,,,,,,0,0,0,,,,,,,,,0,0,0,,,,,,,,,0,0,0,,,,,,,,,0,0,0,,,,,,,,,0,0,0,,,,,,,,,0,0,0,,,,,,,,,0,0,0,,,,,,,,,0,0,0,,,,,,,,,0,0,0,,,,,,,,,0,0,0,,,,0,,,,,0,0,0,,,,0,,,,,0,0,0,,,,0,,,,,0,0,0,,,,0,0,,,0,,,,,0,,0,,,,,,,,,,,,,,,,,,,,,,,,,,,,,,,0,0,,,,,,,,,,,,,,,,,,,,,,,,,,,,,,,,
9/1/2026,2025,20261326,48339,32423,MINNESOTA POWER,Natural Gas,INTRASTATE,MINNESOTA,,,,,,,,,,,,,,,,,,,,,,,,,,,,,,,,,,,,,,,,,,,,,,,,,,,,,,,,,,,,,,,,,,,,,,,,,,,,,,,,,,,,,,,,,,,,,,,,,,,,,,,,,,,,,,,,,,,,,,,,,,,,,,,,,,,,,,,,,,,,,,,,,,,,,,,,,,,,,,,,,,,,,,,,,,,,,,,,,,,,,,,,,,,,,,,,,,,,0,22,,,,,,,,,,,,,,,,,,,,,,,,,,,,,,,,
9/1/2026,2025,20260037,46987,32426,"UNIVERSITY PARK ENERGY, LLC",Natural Gas,INTRASTATE,ILLINOIS,,,,,,,,,,,,,,,,,,,,,,,,,,,,,,,,,,,,,,,,,,,,,,,,,,,,,,,,,,,,,,,,,,,,,,,,,,,,,,,,,,,,,,,,,,,,,,,,,,,,,,,,,,,,,,,,,,,,,,,,,,,,,,,,,,,,,,,,,,,,,,,,,,,,,,,,,,,,,,,,,,,,,,,,,,,,,,,,,,,,,,,,,,,,,,,,,,,,0,29,,,,,,,,,,,,,,,,,,,,,,,,,,,,,,,0,
9/1/2026,2025,20260167,47122,32427,DEWBRE PETROLEUM CORP,Natural Gas,INTRASTATE,TEXAS,0,0,0,0,,,0,0,0,0,,0,0,0,0,,,0,0,0,0,,0,0,0,0,,,0,0,0,0,,0,0,0,0,,,0,0,0,0,,0,0,0,0,,,0,0,0,0,,0,0,0,0,,,0,0,0,0,,0,0,0,0,,,0,0,0,0,,0,0,0,0,,,0,0,0,0,,0,0,0,0,,,0,0,0,0,,0,0,0,0,,,0,0,0,0,,0,0,0,0,,,0,0,0,0,,0,0,0,0,,,0,0,0,0,,0,0,0,0,,,0,0,0,0,,0,0,0,0,,0,,0,0,0,,0,0,0,,0,0,0,,0,0,0,,,,,,,,,,,,,,,,,,,,,,,,,,,,,,,0,8,,,,,,,,,,,,,,,,,,,,,,,,,,,,,,,0,27
9/1/2026,2025,20260489,47456,32429,US AMINES,Hydrogen Gas,INTRASTATE,ALABAMA,0,0,0,0,0,0,0,0,0,0,0,0,0,0,0,0,0,0,0,0,0,0,0,0,0,0,0,0,0,0,0,0,0,0,0,0,0,0,0,0,0,0,0,0,0,0,0,0,0,0,0,0,0,0,0,0,0,0,0,0,0,0,0,0,0,0,0,0,0,0,0,0,0,0,0,0,0,0,0,0,0,0,0,0,0,0,0,0,0,0,0,0,0,0,0,0,0,0,0,0,0,0,0,0,0,0,0,0,0,0,0,0,0,0,0,0,0,0,0,0,0,0,0,0,0,0,0,0,0,0,0,0,0,0,0,0,0,0,0,0,0,0,0,0,0,0,0,0,0,0,0,0,0,0,0,,0,0,0,0,0,0,0,0,0,0,0,0,0,0,0,0,0,0,0,0,0,0,0,0,0,0,0,0,0,0,0,0,0,0,0,0,0,0,0,0,330,,,,,,,,,,,,,,,,,,,,,,,,,,,,,,,0,
9/1/2026,2025,20261030,48033,32431,CITY OF CALHOUN,Natural Gas,INTRASTATE,GEORGIA,0,0,0,0,,,0,,,,,0,0,0,0,,,0,,,,,0,0,0,0,,,0,,,,,0,0,0,0,,,0,,,,,0,0,0,0,,,0,,,,,0,0,0,0,,,0,,,,,0,0,0,0,,,0,,,,,0,0,0,0,,,0,,,,,0,0,0,0,,,0,,,,,0,0,0,0,,,0,,,,,0,0,0,0,,,0,0,0,0,0,0,0,0,0,,,0,0,0,0,0,0,0,0,0,,,0,0,0,0,0,0,0,0,0,,0,,0,0,0,0,0,,0,,,,,,0,,0,0,0,0,0,0,0,0,0,0,0,0,0,0,0,0,0,0,0,0,0,0,0,0,0,0,0,0,0,0,0,0,1,,,,,,,,,,,,,,,,,,,,,,,,,,,,,,,,
9/1/2026,2025,20260143,47098,32433,AMERESCO MCCARTY ENERGY LLC,Natural Gas,INTRASTATE,TEXAS,0,0,0,0,0,0,0,0,0,0,0,0,0,0,0,0,0,0,0,0,0,0,0,0,0,0,0,0,0,0,0,0,0,0,0,0,0,0,0,0,0,0,0,0,0,0,0,0,0,0,0,0,0,0,0,0,0,0,0,0,0,0,0,0,0,0,0,0,0,0,0,0,0,0,0,0,0,0,0,0,0,0,0,0,0,0,0,0,0,0,0,0,0,0,0,0,0,0,0,0,0,0,0,0,0,0,0,0,0,0,0,0,0,0,0,0,0,0,0,0,0,0,0,0,0,0,0,0,0,0,0,0,0,0,0,0,0,0,0,0,0,0,0,0,0,0,0,0,0,0,0,0,0,0,0,,0,0,0,0,0,0,0,0,0,,,,,,,,,,,,,,,,,,,,,,,,,,,,,,,0,80,,,,,,,,,,,,,,,,,,,,,,,,,,,,,,,0,
9/1/2026,2025,20260142,47097,32434,AMERESCO EVANSVILLE LLC,Landfill Gas,INTRASTATE,INDIANA,0,0,0,0,0,0,0,0,0,0,0,0,0,0,0,0,0,0,0,0,0,0,0,0,0,0,0,0,0,0,0,0,0,0,0,0,0,0,0,0,0,0,0,0,0,0,0,0,0,0,0,0,0,0,0,0,0,0,0,0,0,0,0,0,0,0,0,0,0,0,0,0,0,0,0,0,0,0,0,0,0,0,0,0,0,0,0,0,0,0,0,0,0,0,0,0,0,0,0,0,0,0,0,0,0,0,0,0,0,0,0,0,0,0,0,0,0,0,0,0,0,0,0,0,0,0,0,0,0,0,0,0,0,0,0,0,0,0,0,0,0,0,0,0,0,0,0,0,0,0,0,0,0,0,0,,0,0,0,0,0,0,0,0,0,,,,,,,,,,,,,,,,,,,,,,,,,,,,,,,0,1083,,,,,,,,,,,,,,,,,,,,,,,,,,,,,,,0,
9/1/2026,2025,20260249,47207,32435,AMERESCO JEFFERSON CITY LLC,Landfill Gas,INTRASTATE,MISSOURI,0,0,0,0,0,0,0,0,0,0,0,0,0,0,0,0,0,0,0,0,0,0,0,0,0,0,0,0,0,0,0,0,0,0,0,0,0,0,0,0,0,0,0,0,0,0,0,0,0,0,0,0,0,0,0,0,0,0,0,0,0,0,0,0,0,0,0,0,0,0,0,0,0,0,0,0,0,0,0,0,0,0,0,0,0,0,0,0,0,0,0,0,0,0,0,0,0,0,0,0,0,0,0,0,0,0,0,0,0,0,0,0,0,0,0,0,0,0,0,0,0,0,0,0,0,0,0,0,0,0,0,0,0,0,0,0,0,0,0,0,0,0,0,0,0,0,0,0,0,0,0,0,0,0,0,,0,0,0,0,0,0,0,0,0,,,,,,,,,,,,,,,,,,,,,,,,,,,,,,,0,30,,,,,,,,,,,,,,,,,,,,,,,,,,,,,,,0,
9/1/2026,2025,20261178,48191,32436,MIDCONTINENT EXPRESS PIPELINE LLC,Natural Gas,INTERSTATE,ALABAMA,0,0,0,0,,,0,,,,,0,0,0,0,,,0,,,,,0,0,0,0,,,0,,,,,0,0,0,0,,,0,,,,,0,0,0,0,,,0,,,,,0,0,0,0,,,0,,,,,0,0,0,0,,,0,,,,,0,0,0,0,,,0,,,,,0,0,0,0,,,0,,,,,0,0,0,0,,,0,,,,,0,0,0,0,,,0,,,,0,0,0,0,0,,,0,,,,0,0,0,0,0,,,0,,,,0,0,0,0,0,,0,,,,,0,0,,0,,,,,,0,,0,0,0,0,0,0,0,0,0,0,0,0,0,0,,,,,,,,,,,,,,,,,,0,4,,,,,,,,,,,,,,,,,,,,,,,,,,,,,,,,
9/1/2026,2025,20261178,48191,32436,MIDCONTINENT EXPRESS PIPELINE LLC,Natural Gas,INTERSTATE,LOUISIANA,0,0,0,0,0,0,0,0,0,0,0,0,0,0,0,0,0,0,0,0,0,0,0,0,0,0,0,0,0,0,0,0,0,0,0,0,0,0,0,0,0,0,0,0,0,0,0,0,0,0,0,0,0,0,0,0,0,0,0,0,0,0,0,0,0,0,0,0,0,0,0,0,0,0,0,0,0,0,0,0,0,0,0,0,0,0,0,0,0,0,0,0,0,0,0,0,0,0,0,0,0,0,0,0,0,0,0,0,0,0,0,0,0,0,0,0,0,0,0,0,0,0,0,0,0,0,0,0,0,0,0,0,0,0,0,0,0,0,0,0,0,0,0,0,0,0,0,0,0,0,0,0,0,0,0,,0,0,0,0,0,0,0,0,0,,,,,,,,,,,,,,,,,,,,,,,,,,,,,,,0,2096,,,,,,,,,,,,,,,,,,,,,,,,,,,,,,,0,
9/1/2026,2025,20261178,48191,32436,MIDCONTINENT EXPRESS PIPELINE LLC,Natural Gas,INTERSTATE,MISSISSIPPI,0,0,0,0,0,0,0,0,0,0,0,0,0,0,0,0,0,0,0,0,0,0,0,0,0,0,0,0,0,0,0,0,0,0,0,0,0,0,0,0,0,0,0,0,0,0,0,0,0,0,0,0,0,0,0,0,0,0,1,0,0,0,0,0,0,0,0,0,0,0,0,0,0,0,0,0,0,0,0,0,0,0,0,0,0,0,0,0,0,0,0,0,0,0,0,0,0,0,0,0,0,0,0,0,0,0,0,0,0,0,0,0,0,0,0,0,0,0,0,0,0,0,0,0,0,0,0,0,0,0,0,0,0,0,0,0,0,0,0,0,0,0,0,0,0,0,1,0,0,0,0,0,0,0,0,,0,0,0,0,0,0,0,0,0,,,,,,,,,,,,,,,,,,,,,,,,,,,,,,,0,448,,,,,,,,,,,,,,,,,,,,,,,,,,,,,,,0,
9/1/2026,2025,20261178,48191,32436,MIDCONTINENT EXPRESS PIPELINE LLC,Natural Gas,INTERSTATE,OKLAHOMA,0,0,0,0,0,0,0,0,0,0,0,0,0,0,0,0,0,0,0,0,0,0,0,0,0,0,0,0,0,0,0,0,0,0,0,0,0,0,0,0,0,0,0,0,0,0,0,0,0,0,0,0,0,0,0,0,0,0,0,0,0,0,0,0,0,0,0,0,0,0,0,0,0,0,0,0,0,0,0,0,0,0,0,0,0,0,0,0,0,0,0,0,0,0,0,0,0,0,0,0,0,0,0,0,0,0,0,0,0,0,0,0,0,0,0,0,0,0,0,0,0,0,0,0,0,0,0,0,0,0,0,0,0,0,0,0,0,0,0,0,0,0,0,0,0,0,0,0,0,0,0,0,0,0,0,,0,0,0,0,0,0,0,0,0,,,,,,,,,,,,,,,,,,,,,,,,,,,,,,,0,6,,,,,,,,,,,,,,,,,,,,,,,,,,,,,,,0,
9/1/2026,2025,20261178,48191,32436,MIDCONTINENT EXPRESS PIPELINE LLC,Natural Gas,INTERSTATE,TEXAS,0,0,0,0,0,0,0,0,0,0,0,0,0,0,0,0,0,0,0,0,0,0,0,0,0,0,0,0,0,0,0,0,0,0,0,0,0,0,0,0,0,0,0,0,0,0,0,0,0,0,0,0,0,0,0,0,0,0,0,0,0,0,0,0,0,0,0,0,0,0,0,0,0,0,0,0,0,0,0,0,0,0,0,0,0,0,0,0,0,0,0,0,0,0,0,0,0,0,0,0,0,0,0,0,0,0,0,0,0,0,0,0,0,0,0,0,0,0,0,0,0,0,0,0,0,0,0,0,0,0,0,0,0,0,0,0,0,0,0,0,0,0,0,0,0,0,0,0,0,0,0,0,0,0,0,0,0,0,0,0,0,0,0,0,0,,,,,,,,,,,,,,,,,,,,,,,,,,,,,,,0,351,,,,,,,,,,,,,,,,,,,,,,,,,,,,,,,0,0
9/1/2026,2025,20261047,48052,32437,KINDER MORGAN LOUISIANA PIPELINE LLC,Natural Gas,INTERSTATE,LOUISIANA,0,0,0,0,0,0,0,0,0,0,0,0,0,0,0,0,0,0,0,0,0,0,0,0,0,0,0,0,0,0,0,0,0,0,0,0,0,0,0,0,0,0,0,0,0,0,0,0,0,0,0,0,0,0,0,0,0,0,0,0,0,0,0,0,0,0,0,0,0,0,0,0,0,0,0,0,0,0,0,0,0,0,0,0,0,0,0,0,0,0,0,0,0,0,0,0,0,0,0,0,0,0,0,0,0,0,0,0,0,0,0,0,0,0,0,0,0,0,0,0,0,0,0,0,0,0,0,0,0,0,0,0,0,0,0,0,0,0,0,0,0,0,0,0,0,0,0,0,0,0,0,0,0,0,0,,0,0,0,0,0,0,0,0,0,,,,,,,,,,,,,,,,,,,,,,,,,,,,,,,0,2650,,,,,,,,,,,,,,,,,,,,,,,,,,,,,,,0,
9/1/2026,2025,20260704,47691,32446,MINNESOTA INTRASTATE PIPELINE COMPANY,Natural Gas,INTRASTATE,MINNESOTA,0,0,0,0,,,0,,,,,0,0,0,0,,,0,,,,,0,0,0,0,,,0,,,,,0,0,0,0,,,0,,,,,0,0,0,0,,,0,,,,,0,0,0,0,,,0,,,,,0,0,0,0,,,0,,,,,0,0,0,0,,,0,,,,,0,0,0,0,,,0,,,,,0,0,0,0,,,0,,,,,0,0,0,0,,,0,0,0,0,0,0,0,0,0,,,0,0,0,0,0,0,0,0,0,,,0,0,0,0,0,0,0,0,0,,0,,0,0,0,0,0,,0,,,,,,0,,0,,,,,,,,,,,,,,,,,,,,,,,,,,,,,,,0,1263,,,,,,,,,,,,,,,,,,,,,,,,,,,,,,,,
9/1/2026,2025,20260561,47543,32448,TRES PALACIOS GAS STORAGE LLC,Natural Gas,INTERSTATE,TEXAS,,0,0,0,,0,,,,,0,,0,0,0,,0,,,,,0,,0,0,0,,0,,,,,0,,0,0,0,,0,,,,,0,,0,0,0,,0,,,,,0,,0,0,2,,0,,,,,0,,0,0,0,,0,,,,,0,,0,0,0,,0,,,,,0,,0,0,0,,0,,,,,0,,0,0,0,,0,,,,,0,,0,0,1,,0,,,,,0,,0,0,0,,0,,,,,0,,0,0,0,,0,,,,,0,,0,0,3,,,0,,,,0,,,,,,,,,,,,,,,,,,,,,,,,,,,,,,,,,,,,,,,,,,0,508,,,,,,,,,,,,,,,,,,,,,,,,,,,,,,,,
9/1/2026,2025,20260326,47286,32451,SABINE ENERGY INC.,Natural Gas,INTRASTATE,TEXAS,0,0,0,0,0,0,0,0,0,0,0,0,0,0,0,0,0,0,0,0,0,0,0,0,0,0,0,0,0,0,0,0,0,0,0,0,0,0,0,0,0,0,0,0,0,0,0,0,0,0,0,0,0,0,0,0,0,0,0,0,0,0,0,0,0,0,0,0,0,0,0,0,0,0,0,0,0,0,0,0,0,0,0,0,0,0,0,0,0,0,0,0,0,0,0,0,0,0,0,0,0,0,0,0,0,0,0,0,0,0,0,0,0,0,0,0,0,0,0,0,0,0,0,0,0,0,0,0,0,0,0,0,0,0,0,0,0,0,0,0,0,0,0,0,0,0,0,0,0,0,0,0,0,0,,0,0,0,0,0,0,0,0,0,0,,,,,,,,,,,,,,,,,,,,,,,,,,,,,,,0,,0,0,0,0,0,0,0,0,0,0,0,0,0,0,0,0,0,0,0,0,0,0,0,0,0,0,0,0,0,0,0,5020
9/1/2026,2025,20260451,47417,32452,LEAF RIVER ENERGY CENTER LLC,Natural Gas,INTERSTATE,MISSISSIPPI,,0,0,1,,,,,,,,,0,0,0,,,,,,,,,0,0,0,,,,,,,,,0,0,0,,,,,,,,,0,0,0,,,,,,,,,0,0,0,,,,,,,,,0,0,0,,,,,,,,,0,0,0,,,,,,,,,0,0,0,,,,,,,,,0,0,0,,,,,,,,,0,0,0,,,,0,0,0,0,,0,0,0,,,,0,0,0,0,,0,0,0,,,,0,0,0,0,,0,0,1,,,,0,0,0,0,0,,0,,,,,,0,,0,,,,,,,,,,,,,,,,,,,,,,,,,,,,,,,0,125,,,,,,,,,,,,,,,,,,,,,,,,,,,,,,,,
9/1/2026,2025,20261370,48384,32453,BPX (EAGLE FORD) GATHERING LLC,Natural Gas,INTRASTATE,TEXAS,0,0,0,0,0,0,0,0,0,2,0,0,0,0,0,0,0,0,0,0,0,0,0,0,0,0,0,0,0,0,0,0,0,0,0,0,0,0,0,0,0,0,0,0,0,0,0,0,0,0,0,0,0,0,0,0,0,0,0,0,0,0,0,0,1,0,0,0,0,0,0,0,0,0,0,0,0,0,0,0,0,0,0,0,0,0,0,0,0,0,0,0,0,0,0,0,0,0,0,0,0,0,0,0,0,0,0,0,0,0,0,0,0,0,0,0,0,0,0,0,0,0,0,0,0,0,0,0,0,0,0,0,0,0,0,0,0,0,0,0,0,0,0,0,0,0,0,0,0,0,0,0,3,0,,0,0,0,0,0,0,0,0,0,0,,,,,,,,,,,,,,,,,,,,,,,,,,,,,,,0,,,,,,,,,,,,,,,,,,,,,,,,,,,,,,,,0,2664
9/1/2026,2025,20260469,47436,32457,JDP RENEWABLES,Natural Gas,INTRASTATE,LOUISIANA,,,,,,,,,,,,,,,,,,,,,,,,,,,,,,,,,,,,,,,,,,,,,,,,,,,,,,,,,,,,,,,,,,,,,,,,,,,,,,,,,,,,,,,,,,,,,,,,,,,,,,,,,,,,,,,,,,,,,,,,,,,,,,,,,,,,,,,,,,,,,,,,,,,,,,,,,,,,,,,,,,,,,,0,0,0,0,0,0,0,0,0,0,0,0,0,0,0,0,0,0,0,0,0,0,0,0,0,0,0,0,0,0,0,21,,,,,,,,,,,,,,,,,,,,,,,,,,,,,,,,
9/1/2026,2025,20260840,47835,32458,UTAH ASSOICIATED MUNICIPAL POWER SYSTEMS,Natural Gas,INTRASTATE,UTAH,0,0,0,0,,,0,,,,,0,0,0,0,,,0,,,,,0,0,0,0,,,0,,,,,0,0,0,0,,,0,,,,,0,0,0,0,,,0,,,,,0,0,0,0,,,0,,,,,0,0,0,0,,,0,,,,,0,0,0,0,,,0,,,,,0,0,0,0,,,0,,,,,0,0,0,0,,,0,,,,,0,0,0,0,,,0,0,0,0,0,0,0,0,0,,,0,0,0,0,0,0,0,0,0,,,0,0,0,0,0,0,0,0,0,,0,,0,0,0,0,0,,0,,,,,,0,,0,0,0,0,0,0,0,0,0,0,0,0,0,0,0,0,0,0,0,0,0,0,0,0,0,0,0,0,0,0,0,0,659,,,,,,,,,,,,,,,,,,,,,,,,,,,,,,,,
9/1/2026,2025,20261436,48482,32459,"HOOKS GAS PIPELINE, LLC",Natural Gas,INTRASTATE,TEXAS,0,0,0,0,0,0,0,0,0,0,0,0,0,0,0,0,0,0,0,0,0,0,0,0,0,0,0,0,0,0,0,0,0,0,0,0,0,0,0,0,0,0,0,0,0,0,0,0,0,0,0,0,0,0,0,2,0,1,0,0,0,0,0,0,0,0,0,0,0,0,0,0,0,0,0,0,0,0,0,0,0,0,0,0,0,0,0,0,0,0,0,0,0,0,0,0,0,0,0,0,0,0,0,0,0,0,0,0,0,0,0,0,0,0,0,0,0,0,0,0,0,0,0,0,0,0,0,0,0,0,0,0,0,0,0,0,0,0,0,0,0,0,0,2,0,1,0,0,0,0,0,0,0,0,2,,0,0,0,0,0,0,0,0,0,,,,,,,,,,,,,,,,,,,,,,,,,,,,,,,0,15097,,,,,,,,,,,,,,,,,,,,,,,,,,,,,,,0,
9/1/2026,2025,20261339,48352,32462,PENINSULA PIPELINE COMPANY,Natural Gas,INTRASTATE,FLORIDA,0,0,0,0,0,0,0,0,0,0,0,0,0,0,0,0,0,0,0,0,0,0,0,0,0,0,0,0,0,0,0,0,0,0,0,0,0,0,0,0,0,0,0,0,0,0,0,0,0,0,0,0,0,0,0,0,0,0,0,0,0,0,0,0,0,0,0,0,0,0,0,0,0,0,0,0,0,0,0,0,0,0,0,0,0,0,0,0,0,0,0,0,0,0,0,0,0,0,0,0,0,0,0,0,0,0,0,0,0,0,0,0,0,0,0,0,0,0,0,0,0,0,0,0,0,0,0,0,0,0,0,0,0,0,0,0,0,0,0,0,0,0,0,0,0,0,0,0,0,0,0,0,0,0,0,,0,0,0,0,0,0,0,0,0,0,0,0,0,0,0,0,0,0,0,0,0,0,0,0,0,0,0,0,0,0,0,0,0,0,0,0,0,0,0,0,2645,,,,,,,,,,,,,,,,,,,,,,,,,,,,,,,0,
9/1/2026,2025,20260038,46988,32464,LSP UNIVERSITY PARK LLC,Natural Gas,INTRASTATE,ILLINOIS,,,,,,,,,,,,,,,,,,,,,,,,,,,,,,,,,,,,,,,,,,,,,,,,,,,,,,,,,,,,,,,,,,,,,,,,,,,,,,,,,,,,,,,,,,,,,,,,,,,,,,,,,,,,,,,,,,,,,,,,,,,,,,,,,,,,,,,,,,,,,,,,,,,,,,,,,,,,,,,,,,,,,,,,,,,,,,,,,,,,,,,,,,,,,,,,,,,,0,59,,,,,,,,,,,,,,,,,,,,,,,,,,,,,,,0,
9/1/2026,2025,20260828,48423,32466,HOMELAND ENERGY SOLUTIONS LLC,Natural Gas,INTRASTATE,IOWA,0,0,0,0,0,0,0,0,0,0,0,0,0,0,0,0,0,0,0,0,0,0,0,0,0,0,0,0,0,0,0,0,0,0,0,0,0,0,0,0,0,0,0,0,0,0,0,0,0,0,0,0,0,0,0,0,0,0,0,0,0,0,0,0,0,0,0,0,0,0,0,0,0,0,0,0,0,0,0,0,0,0,0,0,0,0,0,0,0,0,0,0,0,0,0,0,0,0,0,0,0,0,0,0,0,0,0,0,0,0,0,0,0,0,0,0,0,0,0,0,0,0,0,0,0,0,0,0,0,0,0,0,0,0,0,0,0,0,0,0,0,0,0,0,0,0,0,0,0,0,0,0,0,0,0,,0,0,0,0,0,0,0,0,0,,,,,,,,,,,,,,,,,,,,,,,,,,,,,,,0,41,,,,,,,,,,,,,,,,,,,,,,,,,,,,,,,0,
9/1/2026,2025,20260719,47706,32467,"ETC TIGER PIPELINE, LLC",Natural Gas,INTERSTATE,LOUISIANA,0,0,0,0,,,0,,,,,0,0,0,0,,,0,,,,,0,0,0,0,,,0,,,,,0,0,0,0,,,0,,,,,0,0,0,0,,,0,,,,,0,0,0,0,,,0,,,,,0,0,0,0,,,0,,,,,0,0,0,0,,,0,,,,,0,0,0,0,,,0,,,,,0,0,0,0,,,0,,,,,0,0,0,0,,,0,0,0,0,0,0,0,0,0,,,0,0,0,0,0,0,0,0,0,,,0,0,0,0,0,0,0,0,0,,0,,0,0,0,0,0,,0,,,,,,0,,0,0,0,0,0,0,0,0,0,0,0,0,0,0,0,0,0,0,0,0,0,0,0,0,0,0,0,0,0,0,0,0,532,,,,,,,,,,,,,,,,,,,,,,,,,,,,,,,,
9/1/2026,2025,20260719,47706,32467,"ETC TIGER PIPELINE, LLC",Natural Gas,INTERSTATE,TEXAS,0,0,0,0,0,0,0,0,0,0,0,0,0,0,0,0,0,0,0,0,0,0,0,0,0,0,0,0,0,0,0,0,0,0,0,0,0,0,0,0,0,0,0,0,0,0,0,0,0,0,0,0,0,0,0,0,0,0,0,0,0,0,0,0,0,0,0,0,0,0,0,0,0,0,0,0,0,0,0,0,0,0,0,0,0,0,0,0,0,0,0,0,0,0,0,0,0,0,0,0,0,0,0,0,0,0,0,0,0,0,0,0,0,0,0,0,0,0,0,0,0,0,0,0,0,0,0,0,0,0,0,0,0,0,0,0,0,0,0,0,0,0,0,0,0,0,0,0,0,0,0,0,0,0,0,,0,0,0,0,0,0,0,0,0,0,0,0,0,0,0,0,0,0,0,0,0,0,0,0,0,0,0,0,0,0,0,0,0,0,0,0,0,0,0,0,123,,,,,,,,,,,,,,,,,,,,,,,,,,,,,,,0,
9/1/2026,2025,20260724,47711,32469,"FAYETTEVILLE EXPRESS PIPELINE, LLC",Natural Gas,INTERSTATE,ARKANSAS,0,0,0,0,,,0,,,,,0,0,0,0,,,0,,,,,0,0,0,0,,,0,,,,,0,0,0,0,,,0,,,,,0,0,0,0,,,0,,,,,0,0,0,0,,,0,,,,,0,0,0,0,,,0,,,,,0,0,0,0,,,0,,,,,0,0,0,0,,,0,,,,,0,0,0,0,,,0,,,,,0,0,0,0,,,0,0,0,0,0,0,0,0,0,,,0,0,0,0,0,0,0,0,0,,,0,0,0,0,0,0,0,0,0,,0,,0,0,0,0,0,,0,,,,,,0,,0,0,0,0,0,0,0,0,0,0,0,0,0,0,0,0,0,0,0,0,0,0,0,0,0,0,0,0,0,0,0,0,123,,,,,,,,,,,,,,,,,,,,,,,,,,,,,,,,
9/1/2026,2025,20260724,47711,32469,"FAYETTEVILLE EXPRESS PIPELINE, LLC",Natural Gas,INTERSTATE,MISSISSIPPI,0,0,0,0,0,0,0,0,0,0,0,0,0,0,0,0,0,0,0,0,0,0,0,0,0,0,0,0,0,0,0,0,0,0,0,0,0,0,0,0,0,0,0,0,0,0,0,0,0,0,0,0,0,0,0,0,0,0,0,0,0,0,0,0,0,0,0,0,0,0,0,0,0,0,0,0,0,0,0,0,0,0,0,0,0,0,0,0,0,0,0,0,0,0,0,0,0,0,0,0,0,0,0,0,0,0,0,0,0,0,0,0,0,0,0,0,0,0,0,0,0,0,0,0,0,0,0,0,0,0,0,0,0,0,0,0,0,0,0,0,0,0,0,0,0,0,0,0,0,0,0,0,0,0,0,,0,0,0,0,0,0,0,0,0,0,0,0,0,0,0,0,0,0,0,0,0,0,0,0,0,0,0,,0,0,0,0,0,0,0,0,0,0,0,0,9,,,,,,,,,,,,,,,,,,,,,,,,,,,,,,,0,
9/1/2026,2025,20260749,47737,32477,"HAWK GATHERING CO, LTD",Natural Gas,INTRASTATE,TEXAS,,0,,,,,,0,0,0,,,0,,,,,,0,0,0,,,0,,,,,,0,0,0,,,0,,,,,,0,0,0,,,0,,,,,,0,0,0,,,0,,,,,,0,0,0,,,0,,,,,,0,0,0,,,0,,,,,,0,0,0,,,0,,,,,,0,0,0,,,0,,,,,,0,0,0,,,0,,,,,,0,0,0,,,0,,,,,,0,0,0,,,0,,,,,,0,0,0,,,0,,,,,,0,0,0,,,0,,,0,0,0,,,0,0,,,,,,,,,,,,,,,,,,,,,,,,,,,,,,,,,0,0,0,0,0,0,0,0,0,0,0,0,0,0,0,0,0,0,0,0,0,0,0,0,0,0,0,0,0,0,0,287
9/1/2026,2025,20260436,47402,32478,TARGA PIPELINE MID-CONTINENT WEST OK LLC,Natural Gas,INTRASTATE,KANSAS,,0,,,,,,0,0,0,,,0,,,,,,0,0,0,,,0,,,,,,0,0,0,,,0,,,,,,0,0,0,,,0,,,,,,0,0,0,,,0,,,,,,0,0,0,,,0,,,,,,0,0,0,,,0,,,,,,0,0,0,,,0,,,,,,0,0,0,,,0,,,,,,0,0,0,,,0,,,,,,0,0,0,,,0,,,,,,0,0,0,,,0,,,,,,0,0,0,,,0,,,,,,0,0,0,,,0,,,0,0,0,,,0,0,,,,,,,,,,,,,,,,,,,,,,,,,,,,,,,,,,,,,,,,,,,,,,,,,,,,,,,,,,,,,,,0,60
9/1/2026,2025,20260436,47402,32478,TARGA PIPELINE MID-CONTINENT WEST OK LLC,Natural Gas,INTRASTATE,OKLAHOMA,0,0,0,0,0,0,0,0,0,0,0,0,0,0,0,0,0,0,0,0,0,0,0,0,0,0,0,0,0,0,0,0,0,0,0,0,0,0,0,0,0,0,0,0,0,0,0,0,0,0,0,0,0,0,0,0,0,0,0,0,0,0,0,0,0,0,0,0,0,0,0,0,0,0,0,0,0,0,0,0,0,0,0,0,0,0,0,0,0,0,0,0,0,0,0,0,0,0,0,0,0,0,0,0,0,0,0,0,0,0,0,0,0,0,0,0,0,0,0,0,0,0,0,0,0,0,0,0,0,0,0,0,0,0,0,0,0,0,0,0,0,0,0,0,0,0,0,0,0,0,0,0,0,0,,0,0,0,0,0,0,0,0,0,0,,,,,,,,,,,,,,,,,,,,,,,,,,,,,,,0,,,,,,,,,,,,,,,,,,,,,,,,,,,,,,,,0,484
9/1/2026,2025,20260551,47531,32482,MARSHFIELD UTILITIES,Natural Gas,INTRASTATE,WISCONSIN,0,0,0,0,0,0,0,0,0,0,0,0,0,0,0,0,0,0,0,0,0,0,0,0,0,0,0,0,0,0,0,0,0,0,0,0,0,0,0,0,0,0,0,0,0,0,0,0,0,0,0,0,0,0,0,0,0,0,0,0,0,0,0,0,0,0,0,0,0,0,0,0,0,0,0,0,0,0,0,0,0,0,0,0,0,0,0,0,0,0,0,0,0,0,0,0,0,0,0,0,0,0,0,0,0,0,0,0,0,0,0,0,0,0,0,0,0,0,0,0,0,0,0,0,0,0,0,0,0,0,0,0,0,0,0,0,0,0,0,0,0,0,0,0,0,0,0,0,0,0,0,0,0,0,0,,0,0,0,0,0,0,0,0,0,,,,,,,,,,,,,,,,,,,,,,,,,,,,,,,0,15,,,,,,,,,,,,,,,,,,,,,,,,,,,,,,,0,
9/1/2026,2025,20260627,47612,32487,TRANSCANADA NORTHERN BORDER INC,Natural Gas,INTERSTATE,MONTANA,0,0,0,0,,,0,,,,,0,0,0,0,,,0,,,,,0,0,0,0,,,0,,,,,0,0,0,0,,,0,,,,,0,0,0,0,,,0,,,,,0,0,0,0,,,0,,,,,0,0,0,0,,,0,,,,,0,0,0,0,,,0,,,,,0,0,0,0,,,0,,,,,0,0,0,0,,,0,,,,,0,0,0,0,,,0,0,0,0,0,0,0,0,0,,,0,0,0,0,0,0,0,0,0,,,0,0,0,0,0,0,0,0,0,,0,,0,0,0,0,0,,0,,,,,,0,,0,,,,,,,,,,,,,,,,,,,,,,,,,,,,,,,0,12,,,,,,,,,,,,,,,,,,,,,,,,,,,,,,,,
9/1/2026,2025,20260627,47612,32487,TRANSCANADA NORTHERN BORDER INC,Natural Gas,INTERSTATE,NORTH DAKOTA,0,0,0,0,,,0,,,,,0,0,0,0,,,0,,,,,0,0,0,0,,,0,,,,,0,0,0,0,,,0,,,,,0,0,0,0,,,0,,,,,0,0,0,0,,,0,,,,,0,0,0,0,,,0,,,,,0,0,0,0,,,0,,,,,0,0,0,0,,,0,,,,,0,0,0,0,,,0,,,,,0,0,0,0,,,0,0,0,0,0,0,0,0,0,,,0,0,0,0,0,0,0,0,0,,,0,0,0,0,0,0,0,0,0,,0,,0,0,0,0,0,,0,,,,,,0,,0,,,,,,,,,,,,,,,,,,,,,,,,,,,,,,,0,176,,,,,,,,,,,,,,,,,,,,,,,,,,,,,,,,
9/1/2026,2025,20260627,47612,32487,TRANSCANADA NORTHERN BORDER INC,Natural Gas,INTERSTATE,WYOMING,0,0,0,0,,,0,,,,,0,0,0,0,,,0,,,,,0,0,0,0,,,0,,,,,0,0,0,0,,,0,,,,,0,0,0,0,,,0,,,,,0,0,0,0,,,0,,,,,0,0,0,0,,,0,,,,,0,0,0,0,,,0,,,,,0,0,0,0,,,0,,,,,0,0,0,0,,,0,,,,,0,0,0,0,,,0,0,0,0,0,0,0,0,0,,,0,0,0,0,0,0,0,0,0,,,0,0,0,0,0,0,0,0,0,,0,,0,0,0,0,0,,0,,,,,,0,,0,,,,,,,,,,,,,,,,,,,,,,,,,,,,,,,0,88,,,,,,,,,,,,,,,,,,,,,,,,,,,,,,,,
9/1/2026,2025,20260720,47707,32492,"GENESIS CRUDE OIL, L.P.",Natural Gas,INTRASTATE,LOUISIANA,0,0,0,0,0,0,0,0,0,0,0,0,0,0,0,0,0,0,0,0,0,0,0,0,0,0,0,0,0,0,0,0,0,0,0,0,0,0,0,0,0,0,0,0,0,0,0,0,0,0,0,0,0,0,0,0,0,0,0,0,0,0,0,0,0,0,0,0,0,0,0,0,0,0,0,0,0,0,0,0,0,0,0,0,0,0,0,0,0,0,0,0,0,0,0,0,0,0,0,0,0,0,0,0,0,0,0,0,0,0,0,0,0,0,0,0,0,0,0,0,0,0,0,0,0,0,0,0,0,0,0,0,0,0,0,0,0,0,0,0,0,0,0,0,0,0,0,0,0,0,0,0,0,0,0,,0,0,0,0,0,0,0,0,0,0,0,0,0,0,0,0,0,0,0,0,0,0,0,0,0,0,0,0,0,0,0,0,0,0,0,0,0,0,0,0,0,,,,,,,,,,,,,,,,,,,,,,,,,,,,,,,0,
9/1/2026,2025,20260214,47172,32494,PADUCAH POWER SYSTEM,Natural Gas,INTRASTATE,KENTUCKY,0,0,0,0,0,0,0,0,0,0,0,0,0,0,0,0,0,0,0,0,0,0,0,0,0,0,0,0,0,0,0,0,0,0,0,0,0,0,0,0,0,0,0,0,0,0,0,0,0,0,0,0,0,0,0,0,0,0,0,0,0,0,0,0,0,0,0,0,0,0,0,0,0,0,0,0,0,0,0,0,0,0,0,0,0,0,0,0,0,0,0,0,0,0,0,0,0,0,0,0,0,0,0,0,0,0,0,0,0,0,0,0,0,0,0,0,0,0,0,0,0,0,0,0,0,0,0,0,0,0,0,0,0,0,0,0,0,0,0,0,0,0,0,0,0,0,0,0,0,0,0,0,0,0,0,,0,0,0,0,0,0,0,0,0,,,,,,,,,,,,,,,,,,,,,,,,,,,,,,,0,297,,,,,,,,,,,,,,,,,,,,,,,,,,,,,,,0,
9/1/2026,2025,20260233,47191,32499,"PGPIPELINE, LLC.",Natural Gas,INTERSTATE,PENNSYLVANIA,0,0,0,0,0,0,0,0,0,0,0,0,0,0,0,0,0,0,0,0,0,0,0,0,0,0,0,0,0,0,0,0,0,0,0,0,0,0,0,0,0,0,0,0,0,0,0,0,0,0,0,0,0,0,0,0,0,0,0,0,0,0,0,0,0,0,0,0,0,0,0,0,0,0,0,0,0,0,0,0,0,0,0,0,0,0,0,0,0,0,0,0,0,0,0,0,0,0,0,0,0,0,0,0,0,0,0,0,0,0,0,0,0,0,0,0,0,0,0,0,0,0,0,0,0,0,0,0,0,0,0,0,0,0,0,0,0,0,0,0,0,0,0,0,0,0,0,0,0,0,0,0,0,0,0,,0,0,0,0,0,0,0,0,0,,,,,,,,,,,,,,,,,,,,,,,,,,,,,,,0,78,,,,,,,,,,,,,,,,,,,,,,,,,,,,,,,0,
9/1/2026,2025,20260783,47776,32504,"MISSISSIPPI HUB, LLC",Natural Gas,INTERSTATE,MISSISSIPPI,0,0,0,0,0,0,0,0,0,0,0,0,0,0,0,0,0,0,0,0,0,0,0,0,0,0,0,0,0,0,0,0,0,0,0,0,0,0,0,0,0,0,0,0,0,0,0,0,0,0,0,0,0,0,0,0,0,0,0,0,0,0,0,0,0,0,0,0,0,0,0,0,0,0,0,0,0,0,0,0,0,0,0,0,0,0,0,0,0,0,0,0,0,0,0,0,0,0,0,0,0,0,0,0,0,0,0,0,0,0,0,0,0,0,0,0,0,0,0,0,0,0,0,0,0,0,0,0,0,0,0,0,0,0,0,0,0,0,0,0,0,0,0,0,0,0,0,0,0,0,0,0,0,0,0,,0,0,0,0,0,0,0,0,0,0,0,0,0,0,0,0,0,0,0,0,0,0,0,0,0,0,0,0,0,0,0,0,0,0,0,0,0,0,0,0,196,,,,,,,,,,,,,,,,,,,,,,,,,,,,,,,0,
9/1/2026,2025,20260773,47765,32506,"NFG MIDSTREAM COVINGTON, LLC",Natural Gas,INTRASTATE,PENNSYLVANIA,0,0,0,0,0,0,0,0,0,0,0,0,0,0,0,0,0,0,0,0,0,0,0,0,0,0,0,0,0,0,0,0,0,0,0,0,0,0,0,0,0,0,0,0,0,0,0,0,0,0,0,0,0,0,0,0,0,0,0,0,0,0,0,0,0,0,0,0,0,0,0,0,0,0,0,0,0,0,0,0,0,0,0,0,0,0,0,0,0,0,0,0,0,0,0,0,0,0,0,0,0,0,0,0,0,0,0,0,0,0,0,0,0,0,0,0,0,0,0,0,0,0,0,0,0,0,0,0,0,0,0,0,0,0,0,0,0,0,0,0,0,0,0,0,0,0,0,0,0,0,0,0,0,0,0,0,0,0,0,0,0,0,0,0,0,,,,,,,,,,,,,,,,,,,,,,,,,,,,,,,0,727,,,,,,,,,,,,,,,,,,,,,,,,,,,,,,,0,727
9/1/2026,2025,20261434,48474,32509,"SOMERSET GAS GATHERING OF PENNSYLVANIA, LLC",Natural Gas,INTRASTATE,PENNSYLVANIA,,0,0,0,,0,,0,0,0,,,0,0,0,,0,,0,0,0,,,0,0,0,,0,,0,0,0,,,0,0,0,,0,,0,0,0,,,0,0,0,,0,,0,0,0,,,0,0,0,,0,,0,0,0,,,0,0,0,,0,,0,0,0,,,0,0,0,,0,,0,0,0,,,0,0,0,,0,,0,0,0,,,0,0,0,,0,,0,0,0,,,0,0,0,,0,,0,0,0,,,0,0,0,,0,,0,0,0,,,0,0,0,,0,,0,0,0,,,0,0,0,,,0,0,0,0,,0,0,0,0,0,0,0,0,0,0,0,0,0,0,0,0,0,0,0,0,0,0,0,0,0,0,0,0,0,0,0,0,0,0,0,0,0,0,0,0,0,0,0,0,0,0,0,0,0,0,0,0,0,0,0,0,0,0,0,0,0,0,0,0,0,0,0,0,0,0,0,0,0,0,0
9/1/2026,2025,20260464,47431,32511,"BATON ROUGE RENEWABLE ENERGY, LLC",Natural Gas,INTRASTATE,LOUISIANA,0,0,0,0,0,0,0,0,0,0,0,0,0,0,0,0,0,0,0,0,0,0,0,0,0,0,0,0,0,0,0,0,0,0,0,0,0,0,0,0,0,0,0,0,0,0,0,0,0,0,0,0,0,0,0,0,0,0,0,0,0,0,0,0,0,0,0,0,0,0,0,0,0,0,0,0,0,0,0,0,0,0,0,0,0,0,0,0,0,0,0,0,0,0,0,0,0,0,0,0,0,0,0,0,0,0,0,0,0,0,0,0,0,0,0,0,0,0,0,0,0,0,0,0,0,0,0,0,0,0,0,0,0,0,0,0,0,0,0,0,0,0,0,0,0,0,0,0,0,0,0,0,0,0,0,,0,0,0,0,0,0,0,0,0,0,,,,,0,0,,,,,,0,0,,,,0,0,,,,,,,,,,,0,0,58,,,,,,,,,,,,,,,,,,,,,,,,,,,,,,,0,
9/1/2026,2025,20261414,48441,32512,"GOLDEN TRIANGLE STORAGE, LLC",Natural Gas,INTERSTATE,TEXAS,0,0,0,0,0,0,0,0,0,0,0,0,0,0,0,0,0,0,0,0,0,0,0,0,0,0,0,0,0,0,0,0,0,0,0,0,0,0,0,0,0,0,0,0,0,0,0,0,0,0,0,0,0,0,0,0,0,0,0,0,0,0,0,0,0,0,0,0,0,0,0,0,0,0,0,0,0,0,0,0,0,0,0,0,0,0,0,0,0,0,0,0,0,0,0,0,0,0,0,0,0,0,0,0,0,0,0,0,0,0,0,0,0,0,0,0,0,0,0,0,0,0,0,0,0,0,0,0,0,0,0,0,0,0,0,0,0,0,0,0,0,0,0,0,0,0,0,0,0,0,0,0,0,0,0,,0,0,0,0,0,0,0,0,0,0,0,0,0,0,0,0,0,0,0,0,0,0,0,0,0,0,0,0,0,0,0,0,0,0,0,0,0,0,0,0,0,,,,,,,,,,,,,,,,,,,,,,,,,,,,,,,,
9/1/2026,2025,20261216,48463,32513,AMEREN ILLINOIS COMPANY,Natural Gas,INTRASTATE,ILLINOIS,0,0,0,1,0,0,0,0,0,0,0,0,0,0,0,0,0,0,0,0,0,0,0,0,0,0,0,0,0,0,0,0,0,0,0,0,0,0,0,0,0,0,0,0,0,0,0,2,0,0,0,0,0,0,0,0,0,0,5,0,0,0,0,0,0,0,0,0,0,0,0,0,0,0,0,0,0,0,0,0,0,0,0,0,0,0,0,0,0,0,0,0,0,0,0,0,0,0,0,0,0,0,0,0,0,0,0,0,0,0,0,0,1,0,0,0,0,0,0,0,0,0,0,0,0,0,0,0,0,0,0,0,0,0,0,0,0,0,0,0,0,0,0,0,0,1,8,0,0,0,0,0,0,0,1,0,0,0,0,0,0,0,0,0,0,0,0,0,0,0,0,0,0,0,0,0,0,0,0,0,0,0,0,0,0,0,0,0,0,0,0,0,0,0,0,0,10095,,,,,,,,,,,,,,,,,,,,,,,,,,,,,,,0,0
9/1/2026,2025,20260160,47115,32515,CARGILL SALT,Natural Gas,INTRASTATE,OKLAHOMA,0,0,0,0,0,0,0,0,0,0,0,0,0,0,0,0,0,0,0,0,0,0,0,0,0,0,0,0,0,0,0,0,0,0,0,0,0,0,0,0,0,0,0,0,0,0,0,0,0,0,0,0,0,0,0,0,0,0,0,0,0,0,0,0,0,0,0,0,0,0,0,0,0,0,0,0,0,0,0,0,0,0,0,0,0,0,0,0,0,0,0,0,0,0,0,0,0,0,0,0,0,0,0,0,0,0,0,0,0,0,0,0,0,0,0,0,0,0,0,0,0,0,0,0,0,0,0,0,0,0,0,0,0,0,0,0,0,0,0,0,0,0,0,0,0,0,0,0,0,0,0,0,0,0,0,,0,0,0,0,0,0,0,0,0,0,0,0,0,0,0,0,0,0,0,0,0,0,0,0,0,0,0,0,0,0,0,0,0,0,0,0,0,0,0,0,5,,,,,,,,,,,,,,,,,,,,,,,,,,,,,,,0,
9/1/2026,2025,20261122,48135,32527,"R. LACY SERVICES, LTD",Natural Gas,INTRASTATE,TEXAS,0,0,0,0,0,0,0,0,0,0,0,0,0,0,0,0,0,0,0,0,0,0,0,0,0,0,0,0,0,0,0,0,0,0,0,0,0,0,0,0,0,0,0,0,0,0,0,0,0,0,0,0,0,0,0,0,0,0,0,0,0,0,0,0,0,0,0,0,0,0,0,0,0,0,0,0,0,0,0,0,0,0,0,0,0,0,0,0,0,0,0,0,0,0,0,0,0,0,0,0,0,0,0,0,0,0,0,0,0,0,0,0,0,0,0,0,0,0,0,0,0,0,0,0,0,0,0,0,0,0,0,0,0,0,0,0,0,0,0,0,0,0,0,0,0,0,0,0,0,0,0,0,0,0,,0,0,0,0,0,0,0,0,0,0,,,,,,,,,,,,,,,,,,,,,,,,,,,,,,,0,,0,0,0,0,0,0,0,0,0,0,0,0,0,0,0,0,0,0,0,0,0,0,0,0,0,0,0,0,0,0,0,377
9/1/2026,2025,20261092,48101,32529,KINDERHAWK FIELD SERVICES LLC,Natural Gas,INTRASTATE,LOUISIANA,0,0,0,0,0,0,0,0,0,0,0,0,0,0,0,0,0,0,0,0,0,0,0,0,0,0,0,0,0,0,0,0,0,0,0,0,0,0,0,0,0,0,0,0,0,0,0,0,0,0,0,0,0,0,0,0,0,0,0,0,0,0,0,0,0,0,0,0,0,0,0,0,0,0,0,0,0,0,0,0,0,0,0,0,0,0,0,0,0,0,0,0,0,0,0,0,0,0,0,0,0,0,0,0,0,0,0,0,0,0,0,0,0,0,0,0,0,0,0,0,0,0,0,0,0,0,0,0,0,0,0,0,0,0,0,0,0,0,0,0,0,0,0,0,0,0,0,0,0,0,0,0,0,0,,0,0,0,0,0,0,0,0,0,0,,,,,,,,,,,,,,,,,,,,,,,,,,,,,,,0,,0,0,0,0,0,0,0,0,0,0,0,0,0,0,0,0,0,0,0,0,0,0,0,0,0,0,0,0,0,0,0,4360
9/1/2026,2025,20261092,48101,32529,KINDERHAWK FIELD SERVICES LLC,Natural Gas,INTRASTATE,TEXAS,0,0,0,0,0,0,0,0,0,0,0,0,0,0,0,0,0,0,0,0,0,0,0,0,0,0,0,0,0,0,0,0,0,0,0,0,0,0,0,0,0,0,0,0,0,0,0,0,0,0,0,0,0,0,0,0,0,0,0,0,0,0,0,0,0,0,0,0,0,0,0,0,0,0,0,0,0,0,0,0,0,0,0,0,0,0,0,0,0,0,0,0,0,0,0,0,0,0,0,0,0,0,0,0,0,0,0,0,0,0,0,0,0,0,0,0,0,0,0,0,0,0,0,0,0,0,0,0,0,0,0,0,0,0,0,0,0,0,0,0,0,0,0,0,0,0,0,0,0,0,0,0,0,0,,0,0,0,0,0,0,0,0,0,0,,,,,,,,,,,,,,,,,,,,,,,,,,,,,,,0,,0,0,0,0,0,0,0,0,0,0,0,0,0,0,0,0,0,0,0,0,0,0,0,0,0,0,0,0,0,0,0,0
9/1/2026,2025,20260003,46943,32531,CAMBRIAN ENERGY/ SOUTHTEX FT. SMITH TREATERS,Natural Gas,INTRASTATE,ARKANSAS,0,0,0,0,0,0,0,0,0,0,0,0,0,0,0,0,0,0,0,0,0,0,0,0,0,0,0,0,0,0,0,0,0,0,0,0,0,0,0,0,0,0,0,0,0,0,0,0,0,0,0,0,0,0,0,0,0,0,0,0,0,0,0,0,0,0,0,0,0,0,0,0,0,0,0,0,0,0,0,0,0,0,0,0,0,0,0,0,0,0,0,0,0,0,0,0,0,0,0,0,0,0,0,0,0,0,0,0,0,0,0,0,0,0,0,0,0,0,0,0,0,0,0,0,0,0,0,0,0,0,0,0,0,0,0,0,0,0,0,0,0,0,0,0,0,0,0,0,0,0,0,0,0,0,0,,0,0,0,0,0,0,0,0,0,,,,,,,,,,,,,,,,,,,,,,,,,,,,,,,0,0,,,,,,,,,,,,,,,,,,,,,,,,,,,,,,,0,
9/1/2026,2025,20261356,48369,32533,DESOTO GATHERING COMPANY LLC,Natural Gas,INTRASTATE,ARKANSAS,0,0,0,0,0,0,0,0,0,0,0,0,0,0,0,0,0,0,0,0,0,0,0,0,0,0,0,0,0,0,0,0,0,0,0,0,0,0,0,0,0,0,0,0,0,0,0,0,0,0,0,0,0,0,0,0,0,0,0,0,0,0,0,0,0,0,0,0,0,0,0,0,0,0,0,0,0,0,0,0,0,0,0,0,0,0,0,0,0,0,0,0,0,0,0,0,0,0,0,0,0,0,0,0,0,0,0,0,0,0,0,0,0,0,0,0,0,0,0,0,0,0,0,0,0,0,0,0,0,0,0,0,0,0,0,0,0,0,0,0,0,0,0,0,0,0,0,0,0,0,0,0,0,0,,0,0,0,0,0,0,0,0,0,0,,,,,,,,,,,,,,,,,,,,,,,,,,,,,,,0,,,,,,,,,,,,,,,,,,,,,,,,,,,,,,,,0,1728
9/1/2026,2025,20260022,46962,32534,"PULSE ENERGY SYSTEMS, LLC",Natural Gas,INTRASTATE,INDIANA,,,,,,,,,,,,,,,,,,,,,,,,,,,,,,,,,,,,,,,,,,,,,,,,,,,,,,,,,,,,,,,,,,,,,,,,,,,,,,,,,,,,,,,,,,,,,,,,,,,,,,,,,,,,,,,,,,,,,,,,,,,,,,,,,,,,,,,,,,,,,,,,,,,,,,,,,,,,,,,,,,,,,,,,,,,,,,,,,,,,,,,,,,,,,,,,,,,,0,14,,,,,,,,,,,,,,,,,,,,,,,,,,,,,,,0,
9/1/2026,2025,20261149,48162,32536,"ENERVEST OPERATING, LLC",Natural Gas,INTRASTATE,VIRGINIA,0,0,0,0,0,0,0,0,0,0,0,0,0,0,0,0,0,0,0,0,0,0,0,0,0,0,0,0,0,0,0,0,0,0,0,0,0,0,0,0,0,0,0,0,0,0,0,0,0,0,0,0,0,0,0,0,0,0,0,0,0,0,2,0,0,0,0,0,0,0,0,0,0,0,0,0,0,0,0,0,0,0,0,0,0,0,0,0,0,0,0,0,0,0,0,0,0,0,0,0,0,0,0,0,0,0,0,0,0,0,0,0,0,0,0,0,0,0,0,0,0,0,0,0,0,0,0,0,0,0,0,0,0,0,0,0,0,0,0,0,0,0,0,0,0,0,0,0,0,0,2,0,0,0,,0,0,0,0,0,0,0,0,0,0,,,,,,,,,,,,,,,,,,,,,,,,,,,,,,,0,,,,,,,,,,,,,,,,,,,,,,,,,,,,,,,,0,443
9/1/2026,2025,20260690,47675,32539,LA CROSSE COUNTY,Landfill Gas,INTRASTATE,WISCONSIN,0,0,0,0,0,0,0,0,0,0,0,0,0,0,0,0,0,0,0,0,0,0,0,0,0,0,0,0,0,0,0,0,0,0,0,0,0,0,0,0,0,0,0,0,0,0,0,0,0,0,0,0,0,0,0,0,0,0,0,0,0,0,0,0,0,0,0,0,0,0,0,0,0,0,0,0,0,0,0,0,0,0,0,0,0,0,0,0,0,0,0,0,0,0,0,0,0,0,0,0,0,0,0,0,0,0,0,0,0,0,0,0,0,0,0,0,0,0,0,0,0,0,0,0,0,0,0,0,0,0,0,0,0,0,0,0,0,0,0,0,0,0,0,0,0,0,0,0,0,0,0,0,0,0,0,,0,0,0,0,0,0,0,0,0,,,,,,,,,,,,,,,,,,,,,,,,,,,,,,,0,19,,,,,,,,,,,,,,,,,,,,,,,,,,,,,,,0,
9/1/2026,2025,20260723,47710,32544,BLACK BELT ENERGY,Natural Gas,INTRASTATE,ALABAMA,0,0,0,0,0,0,0,0,0,0,0,0,0,0,0,0,0,0,0,0,0,0,0,0,0,0,0,0,0,0,0,0,0,0,0,0,0,0,0,0,0,0,0,0,0,0,0,0,0,0,0,0,0,0,0,0,0,0,0,0,0,0,0,0,0,0,0,0,0,0,0,0,0,0,0,0,0,0,0,0,0,0,0,0,0,0,0,0,0,0,0,0,0,0,0,0,0,0,0,0,0,0,0,0,0,0,0,0,0,0,0,0,0,0,0,0,0,0,0,0,0,0,0,0,0,0,0,0,0,0,0,0,0,0,0,0,0,0,0,0,0,0,0,0,0,0,0,0,0,0,0,0,0,0,0,,0,0,0,0,0,0,0,0,0,0,0,0,0,0,0,0,0,0,0,0,0,0,0,0,0,0,0,0,0,0,0,0,0,0,0,0,0,0,0,0,14,,,,,,,,,,,,,,,,,,,,,,,,,,,,,,,,
9/1/2026,2025,20260278,47236,32549,GILL RANCH STORAGE LLC,Natural Gas,INTRASTATE,CALIFORNIA,0,0,0,0,0,0,0,0,0,0,0,0,0,0,0,0,0,0,0,0,0,0,0,0,0,0,0,0,0,0,0,0,0,0,0,0,0,0,0,0,0,0,0,0,0,0,0,0,0,0,0,0,0,0,0,0,0,0,0,0,0,0,0,0,0,0,0,0,0,0,0,0,0,0,0,0,0,0,0,0,0,0,0,0,0,0,0,0,0,0,0,0,0,0,0,0,0,0,0,0,0,0,0,0,0,0,0,0,0,0,0,0,0,0,0,0,0,0,0,0,0,0,0,0,0,0,0,0,0,0,0,0,0,0,0,0,0,0,0,0,0,0,0,0,0,0,0,0,0,0,0,0,0,0,0,,0,0,0,0,0,0,0,0,0,0,0,0,0,0,0,0,0,0,0,0,0,0,0,0,0,0,0,0,0,0,0,0,0,0,0,0,0,0,0,0,260,,,,,,,,,,,,,,,,,,,,,,,,,,,,,,,0,
9/1/2026,2025,20261333,48346,32553,NEWTON COUNTY LANDFILL PARTNERSHIP,Landfill Gas,INTRASTATE,INDIANA,0,0,0,0,0,0,0,0,0,0,0,0,0,0,0,0,0,0,0,0,0,0,0,0,0,0,0,0,0,0,0,0,0,0,0,0,0,0,0,0,0,0,0,0,0,0,0,0,0,0,0,0,0,0,0,0,0,0,0,0,0,0,0,0,0,0,0,0,0,0,0,0,0,0,0,0,0,0,0,0,0,0,0,0,0,0,0,0,0,0,0,0,0,0,0,0,0,0,0,0,0,0,0,0,0,0,0,0,0,0,0,0,0,0,0,0,0,0,0,0,0,0,0,0,0,0,0,0,0,0,0,0,0,0,0,0,0,0,0,0,0,0,0,0,0,0,0,0,0,0,0,0,0,0,0,,0,0,0,0,0,0,0,0,0,0,0,0,0,0,0,0,0,0,0,0,0,0,0,0,0,0,0,0,0,0,0,0,0,0,0,0,0,0,0,0,0,,,,,,,,,,,,,,,,,,,,,,,,,,,,,,,0,
9/1/2026,2025,20260740,47727,32557,"PAULSBORO NATURAL GAS PIPELINE COMPANY, LLC",Natural Gas,INTERSTATE,NEW JERSEY,0,0,0,0,0,0,0,0,0,0,0,0,0,0,0,0,0,0,0,0,0,0,0,0,0,0,0,0,0,0,0,0,0,0,0,0,0,0,0,0,0,0,0,0,0,0,0,0,0,0,0,0,0,0,0,0,0,0,0,0,0,0,0,0,0,0,0,0,0,0,0,0,0,0,0,0,0,0,0,0,0,0,0,0,0,0,0,0,0,0,0,0,0,0,0,0,0,0,0,0,0,0,0,0,0,0,0,0,0,0,0,0,0,0,0,0,0,0,0,0,0,0,0,0,0,0,0,0,0,0,0,0,0,0,0,0,0,0,0,0,0,0,0,0,0,0,0,0,0,0,0,0,0,0,0,,0,0,0,0,0,0,0,0,0,0,0,0,0,0,0,0,0,0,0,0,0,0,0,0,0,0,0,0,0,0,0,0,0,0,0,0,0,0,0,0,10,,,,,,,,,,,,,,,,,,,,,,,,,,,,,,,0,
9/1/2026,2025,20260740,47727,32557,"PAULSBORO NATURAL GAS PIPELINE COMPANY, LLC",Natural Gas,INTERSTATE,PENNSYLVANIA,0,0,0,0,0,0,0,0,0,0,0,0,0,0,0,0,0,0,0,0,0,0,0,0,0,0,0,0,0,0,0,0,0,0,0,0,0,0,0,0,0,0,0,0,0,0,0,0,0,0,0,0,0,0,0,0,0,0,0,0,0,0,0,0,0,0,0,0,0,0,0,0,0,0,0,0,0,0,0,0,0,0,0,0,0,0,0,0,0,0,0,0,0,0,0,0,0,0,0,0,0,0,0,0,0,0,0,0,0,0,0,0,0,0,0,0,0,0,0,0,0,0,0,0,0,0,0,0,0,0,0,0,0,0,0,0,0,0,0,0,0,0,0,0,0,0,0,0,0,0,0,0,0,0,0,,0,0,0,0,0,0,0,0,0,0,0,0,0,0,0,0,0,0,0,0,0,0,0,0,0,0,0,0,0,0,0,0,0,0,0,0,0,0,0,0,39,,,,,,,,,,,,,,,,,,,,,,,,,,,,,,,0,
9/1/2026,2025,20260532,47512,32560,LAMB WESTON/BSW,Natural Gas,INTRASTATE,WASHINGTON,0,0,0,0,,,0,,,,,0,0,0,0,,,0,,,,,0,0,0,0,,,0,,,,,0,0,0,0,,,0,,,,,0,0,0,0,,,0,,,,,0,0,0,0,,,0,,,,,0,0,0,0,,,0,,,,,0,0,0,0,,,0,,,,,0,0,0,0,,,0,,,,,0,0,0,0,,,0,,,,,0,0,0,0,,,0,0,0,0,0,0,0,0,0,,,0,0,0,0,0,0,0,0,0,,,0,0,0,0,0,0,0,0,0,,0,,0,0,0,0,0,,0,,,,,,0,,0,0,0,0,0,0,0,0,0,0,0,0,0,0,0,0,0,0,0,0,0,0,0,0,0,0,0,0,0,0,0,0,18,,,,,,,,,,,,,,,,,,,,,,,,,,,,,,,,
9/1/2026,2025,20261214,48227,32561,ECOELECTRICA L.P.,Natural Gas,INTRASTATE,PUERTO RICO,0,0,0,0,0,0,0,0,0,0,0,0,0,0,0,0,0,0,0,0,0,0,0,0,0,0,0,0,0,0,0,0,0,0,0,0,0,0,0,0,0,0,0,0,0,0,0,0,0,0,0,0,0,0,0,0,0,0,0,0,0,0,0,0,0,0,0,0,0,0,0,0,0,0,0,0,0,0,0,0,0,0,0,0,0,0,0,0,0,0,0,0,0,0,0,0,0,0,0,0,0,0,0,0,0,0,0,0,0,0,0,0,0,0,0,0,0,0,0,0,0,0,0,0,0,0,0,0,0,0,0,0,0,0,0,0,0,0,0,0,0,0,0,0,0,0,0,0,0,0,0,0,0,0,0,,0,0,0,0,0,0,0,0,0,,,,,,,,,,,,,,,,,,,,,,,,,,,,,,,0,0,,,,,,,,,,,,,,,,,,,,,,,,,,,,,,,0,
9/1/2026,2025,20261222,48235,32562,SOUTHWEST GAS TRANSMISSION COMPANY A LIMITED PARTNERSHIP,Natural Gas,INTERSTATE,ARIZONA,0,0,0,0,0,0,0,0,0,0,0,0,0,0,0,0,0,0,0,0,0,0,0,0,0,0,0,0,0,0,0,0,0,0,0,0,0,0,0,0,0,0,0,0,0,0,0,0,0,0,0,0,0,0,0,0,0,0,0,0,0,0,0,0,0,0,0,0,0,0,0,0,0,0,0,0,0,0,0,0,0,0,0,0,0,0,0,0,0,0,0,0,0,0,0,0,0,0,0,0,0,0,0,0,0,0,0,0,0,0,0,0,0,0,0,0,0,0,0,0,0,0,0,0,0,0,0,0,0,0,0,0,0,0,0,0,0,0,0,0,0,0,0,0,0,0,0,0,0,0,0,0,0,0,0,,0,0,0,0,0,0,0,0,0,,,,,,,,,,,,,,,,,,,,,,,,,,,,,,,0,0,,,,,,,,,,,,,,,,,,,,,,,,,,,,,,,0,
9/1/2026,2025,20260101,48419,32564,BLACK HILLS SERVICE COMPANY,Natural Gas,INTRASTATE,COLORADO,0,0,0,0,0,0,0,0,0,0,0,0,0,0,0,0,0,0,0,0,0,0,0,0,0,0,0,0,0,0,0,0,0,0,0,0,0,0,0,0,0,0,0,0,0,0,0,0,0,0,0,0,0,0,0,0,0,0,0,0,0,0,0,0,0,0,0,0,0,0,0,0,0,0,0,0,0,0,0,0,0,0,0,0,0,0,0,0,0,0,0,0,0,0,0,0,0,0,0,0,0,0,0,0,0,0,0,0,0,0,0,0,0,0,0,0,0,0,0,0,0,0,0,0,0,0,0,0,0,0,0,0,0,0,0,0,0,0,0,0,0,0,0,0,0,0,0,0,0,0,0,0,0,0,0,,0,0,0,0,0,0,0,0,0,0,0,0,0,0,0,0,0,0,0,0,0,0,0,0,0,0,0,0,0,0,0,0,0,0,0,0,0,0,0,0,1,,,,,,,,,,,,,,,,,,,,,,,,,,,,,,,0,
9/1/2026,2025,20260101,48419,32564,BLACK HILLS SERVICE COMPANY,Natural Gas,INTRASTATE,WYOMING,0,0,0,0,0,0,0,0,0,0,0,0,0,0,0,0,0,0,0,0,0,0,0,0,0,0,0,0,0,0,0,0,0,0,0,0,0,0,0,0,0,0,0,0,0,0,0,0,0,0,0,0,0,0,0,0,0,0,0,0,0,0,0,0,0,0,0,0,0,0,0,0,0,0,0,0,0,0,0,0,0,0,0,0,0,0,0,0,0,0,0,0,0,0,0,0,0,0,0,0,0,0,0,0,0,0,0,0,0,0,0,0,0,0,0,0,0,0,0,0,0,0,0,0,0,0,0,0,0,0,0,0,0,0,0,0,0,0,0,0,0,0,0,0,0,0,0,0,0,0,0,0,0,0,0,,0,0,0,0,0,0,0,0,0,0,0,0,0,0,0,0,0,0,0,0,0,0,0,0,0,0,0,0,0,0,0,0,0,0,0,0,0,0,0,0,152,,,,,,,,,,,,,,,,,,,,,,,,,,,,,,,0,
9/1/2026,2025,20260922,47919,32569,EMPIRE GENERATING COMPANY LLC.,Natural Gas,INTRASTATE,NEW YORK,0,0,0,0,0,0,0,0,0,0,0,0,0,0,0,0,0,0,0,0,0,0,0,0,0,0,0,0,0,0,0,0,0,0,0,0,0,0,0,0,0,0,0,0,0,0,0,0,0,0,0,0,0,0,0,0,0,0,0,0,0,0,0,0,0,0,0,0,0,0,0,0,0,0,0,0,0,0,0,0,0,0,0,0,0,0,0,0,0,0,0,0,0,0,0,0,0,0,0,0,0,0,0,0,0,0,0,0,0,0,0,0,0,0,0,0,0,0,0,0,0,0,0,0,0,0,0,0,0,0,0,0,0,0,0,0,0,0,0,0,0,0,0,0,0,0,0,0,0,0,0,0,0,0,0,,0,0,0,0,0,0,0,0,0,0,0,0,0,0,0,0,0,0,0,0,0,0,0,0,0,0,0,0,0,0,0,0,0,0,0,0,0,0,0,0,108,,,,,,,,,,,,,,,,,,,,,,,,,,,,,,,0,
9/1/2026,2025,20260109,47063,32570,LOCKHART POWER COMPANY,Landfill Gas,INTRASTATE,SOUTH CAROLINA,0,0,0,0,0,0,0,0,0,0,0,0,0,0,0,0,0,0,0,0,0,0,0,0,0,0,0,0,0,0,0,0,0,0,0,0,0,0,0,0,0,0,0,0,0,0,0,0,0,0,0,0,0,0,0,0,0,0,0,0,0,0,0,0,0,0,0,0,0,0,0,0,0,0,0,0,0,0,0,0,0,0,0,0,0,0,0,0,0,0,0,0,0,0,0,0,0,0,0,0,0,0,0,0,0,0,0,0,0,0,0,0,0,0,0,0,0,0,0,0,0,0,0,0,0,0,0,0,0,0,0,0,0,0,0,0,0,0,0,0,0,0,0,0,0,0,0,0,0,0,0,0,0,0,0,,0,0,0,0,0,0,0,0,0,,,,,,,,,,,,,,,,,,,,,,,,,,,,,,,0,237,,,,,,,,,,,,,,,,,,,,,,,,,,,,,,,0,
9/1/2026,2025,20260586,47569,32571,"NORTH PLATTE LIVESTOCK FEEDERS, LLC",Natural Gas,INTRASTATE,NEBRASKA,0,0,0,0,0,0,0,0,0,0,0,0,0,0,0,0,0,0,0,0,0,0,0,0,0,0,0,0,0,0,0,0,0,0,0,0,0,0,0,0,0,0,0,0,0,0,0,0,0,0,0,0,0,0,0,0,0,0,0,0,0,0,0,0,0,0,0,0,0,0,0,0,0,0,0,0,0,0,0,0,0,0,0,0,0,0,0,0,0,0,0,0,0,0,0,0,0,0,0,0,0,0,0,0,0,0,0,0,0,0,0,0,0,0,0,0,0,0,0,0,0,0,0,0,0,0,0,0,0,0,0,0,0,0,0,0,0,0,0,0,0,0,0,0,0,0,0,0,0,0,0,0,0,0,0,,0,0,0,0,0,0,0,0,0,,,,,,,,,,,,,,,,,,,,,,,,,,,,,,,0,18,,,,,,,,,,,,,,,,,,,,,,,,,,,,,,,0,
9/1/2026,2025,20260115,47069,32578,"ORIGIN MINING COMPANY, LLC.",Natural Gas,INTRASTATE,ARIZONA,,0,0,0,,,,,,,,,0,0,0,,,,,,,,,0,0,0,,,,,,,,,0,0,0,,,,,,,,,0,0,0,,,,,,,,,0,0,0,,,,,,,,,0,0,0,,,,,,,,,0,0,0,,,,,,,,,0,0,0,,,,,,,,,0,0,0,,,,,,,,,0,0,0,,,,,,,0,,0,0,0,,,,,,,0,,0,0,0,,,,,,,0,,0,0,0,,,,,,,0,0,,0,,,,,,0,,0,,,,,,,,,,,,,,,,,,,,,,,,,,,,,,,0,0,,,,,,,,,,,,,,,,,,,,,,,,,,,,,,,,
9/1/2026,2025,20260374,47339,32581,MILWAUKEE METROPOLITAN SEWERAGE DISTRICT,Landfill Gas,INTRASTATE,WISCONSIN,0,0,0,0,,,0,,,,,0,0,0,0,,,0,,,,,0,0,0,0,,,0,,,,,0,0,0,0,,,0,,,,,0,0,0,0,,,0,,,,,0,0,0,0,,,0,,,,,0,0,0,0,,,0,,,,,0,0,0,0,,,0,,,,,0,0,0,0,,,0,,,,,0,0,0,0,,,0,,,,,0,0,0,0,,,0,0,0,0,0,0,0,0,0,,,0,0,0,0,0,0,0,0,0,,,0,0,0,0,0,0,0,0,0,,0,,0,0,0,0,0,,0,,,,,,0,,0,,,,,,,,,,,,,,,,,,,,,,,,,,,,,,,0,1189,,,,,,,,,,,,,,,,,,,,,,,,,,,,,,,,
9/1/2026,2025,20260444,47964,32583,"BIG SANDY PIPELINE, LLC",Natural Gas,INTERSTATE,KENTUCKY,,,,,,,,,,,,,,,,,,,,,,,,,,,,,,,,,,,,,,,,,,,,,,,,,,,,,,,,,,,,,,,,,,,,,,,,,,,,,,,,,,,,,,,,,,,,,,,,,,,,,,,,,,,,,,,,,,,,,,,,,,,,,,,,,,,,,,,,,,,,,,,,,,,,,,,,,,,,,,,,,,,,,,,,,,,,,,,,,,,,,,,,,,,,,,,,,,,,0,247,,,,,,,,,,,,,,,,,,,,,,,,,,,,,,,,
9/1/2026,2025,20260141,47096,32586,EAST TEXAS RENEWABLES,Natural Gas,INTRASTATE,TEXAS,0,0,0,0,0,0,0,0,0,0,0,0,0,0,0,0,0,0,0,0,0,0,0,0,0,0,0,0,0,0,0,0,0,0,0,0,0,0,0,0,0,0,0,0,0,0,0,0,0,0,0,0,0,0,0,0,0,0,0,0,0,0,0,0,0,0,0,0,0,0,0,0,0,0,0,0,0,0,0,0,0,0,0,0,0,0,0,0,0,0,0,0,0,0,0,0,0,0,0,0,0,0,0,0,0,0,0,0,0,0,0,0,0,0,0,0,0,0,0,0,0,0,0,0,0,0,0,0,0,0,0,0,0,0,0,0,0,0,0,0,0,0,0,0,0,0,0,0,0,0,0,0,0,0,0,,0,0,0,0,0,0,0,0,0,,,,,,,,,,,,,,,,,,,,,,,,,,,,,,,0,0,,,,,,,,,,,,,,,,,,,,,,,,,,,,,,,0,
9/1/2026,2025,20261225,48238,32587,GATEWAY RED OAK LLC,Natural Gas,INTRASTATE,ARKANSAS,0,0,0,0,0,0,0,0,0,0,0,0,0,0,0,0,0,0,0,0,0,0,0,0,0,0,0,0,0,0,0,0,0,0,0,0,0,0,0,0,0,0,0,0,0,0,0,0,0,0,0,0,0,0,0,0,0,0,0,0,0,0,0,0,0,0,0,0,0,0,0,0,0,0,0,0,0,0,0,0,0,0,0,0,0,0,0,0,0,0,0,0,0,0,0,0,0,0,0,0,0,0,0,0,0,0,0,0,0,0,0,0,0,0,0,0,0,0,0,0,0,0,0,0,0,0,0,0,0,0,0,0,0,0,0,0,0,0,0,0,0,0,0,0,0,0,0,0,0,0,0,0,0,0,0,0,0,0,0,0,0,0,0,0,0,,,,,,,,,,,,,,,,,,,,,,,,,,,,,,,0,0,,,,,,,,,,,,,,,,,,,,,,,,,,,,,,,0,0
9/1/2026,2025,20261225,48238,32587,GATEWAY RED OAK LLC,Natural Gas,INTRASTATE,TEXAS,,,,,,,,,,,,,,,,,,,,,,,,,,,,,,,,,,,,,,,,,,,,,,,,,,,,,,,,,,,,,,,,,,,,,,,,,,,,,,,,,,,,,,,,,,,,,,,,,,,,,,,,,,,,,,,,,,,,,,,,,,,,,,,,,,,,,,,,,,,,,,,,,,,,,,,,,,,,,,,,,,,,,,,,,,,,,,,,,,,,,,,,,,,,,,,,,,,,0,0,,,,,,,,,,,,,,,,,,,,,,,,,,,,,,,,
9/1/2026,2025,20260296,47254,32592,"TREK RESOURCES, INC",Natural Gas,INTRASTATE,TEXAS,0,0,0,0,0,0,0,0,0,0,0,0,0,0,0,0,0,0,0,0,0,0,0,0,0,0,0,0,0,0,0,0,0,0,0,0,0,0,0,0,0,0,0,0,0,0,0,0,0,0,0,0,0,0,0,0,0,0,0,0,0,0,0,0,0,0,0,0,0,0,0,0,0,0,0,0,0,0,0,0,0,0,0,0,0,0,0,0,0,0,0,0,0,0,0,0,0,0,0,0,0,0,0,0,0,0,0,0,0,0,0,0,0,0,0,0,0,0,0,0,0,0,0,0,0,0,0,0,0,0,0,0,0,0,0,0,0,0,0,0,0,0,0,0,0,0,0,0,0,0,0,0,0,0,,0,0,0,0,0,0,0,0,0,0,,,,,,,,,,,,,,,,,,,,,,,,,,,,,,,0,,,,,,,,,,,,,,,,,,,,,,,,,,,,,,,,0,343
9/1/2026,2025,20260979,47982,32595,"HIGH POINT GAS GATHERING, LLC",Natural Gas,INTERSTATE,LOUISIANA,0,0,0,0,0,0,0,0,0,0,0,0,0,0,0,0,0,0,0,0,0,0,0,0,0,0,0,0,0,0,0,0,0,0,0,0,0,0,0,0,0,0,0,0,0,0,0,0,0,0,0,0,0,0,0,0,0,0,0,0,0,0,0,0,0,0,0,0,0,0,0,0,0,0,0,0,0,0,0,0,0,0,0,0,0,0,0,0,0,0,0,0,0,0,0,0,0,0,0,0,0,0,0,0,0,0,0,0,0,0,0,0,0,0,0,0,0,0,0,0,0,0,0,0,0,0,0,0,0,0,0,0,0,0,0,0,0,0,0,0,0,0,0,0,0,0,0,0,0,0,0,0,0,0,,0,0,0,0,0,0,0,0,0,0,,,,,,,,,,,,,,,,,,,,,,,,,,,,,,,0,,0,0,0,0,0,0,0,0,0,0,0,0,0,0,0,0,0,0,0,0,0,0,0,0,0,0,0,0,0,0,0,0
9/1/2026,2025,20260979,47982,32595,"HIGH POINT GAS GATHERING, LLC",Natural Gas,INTERSTATE,OCS-Gulf of America,,,,,,,,,,,,,,,,,,,,,,,,,,,,,,,,,,,,,,,,,,,,,,,,,,,,,,,,,,,,,,,,,,,,,,,,,,,,,,,,,,,,,,,,,,,,,,,,,,,,,,,,,,,,,,,,,,,,,,,,,,,,,,,,,,,,,,,,,,,,,,,,,,,,,,,,,,,,,,,,,,,,,,,,,,,,,,,,,,,,,,,,,,,,,,,,,,,,0,,0,0,0,0,0,0,0,0,0,0,0,0,0,0,0,0,0,0,0,0,0,0,0,0,0,0,0,0,0,0,0,0
9/1/2026,2025,20260439,47405,32602,"SOCAL HOLDINGS, LLC / LA BASIN",Natural Gas,INTRASTATE,CALIFORNIA,,0,,,,,,,0,,0,,0,,,,,,,0,,0,,0,,,,,,,0,,0,,0,,,,,,,0,,0,,0,,,,,,,0,,0,,0,,,,,,,0,,0,,0,,,,,,,0,,0,,0,,,,,,,0,,0,,0,,,,,,,0,,0,,0,,,,,,,0,,0,,0,,,,,,,0,,0,,0,,,,,,,0,,0,,0,,,,,,,0,,0,,0,,,,,,,0,,0,,0,,,,0,,0,,0,0,,,,,,,,,,,,,,,,,,,,,,,,,,,,,,,0,,,,,,,,,,,,,,,,,,,,,,,,,,,,,,,,0,0
9/1/2026,2025,20260222,47180,32603,"CENTRAL VALLEY GAS STORAGE (CVGS), LLC",Natural Gas,INTRASTATE,CALIFORNIA,0,0,0,0,,,0,,,,,0,0,0,0,,,0,,,,,0,0,0,0,,,0,,,,,0,0,0,0,,,0,,,,,0,0,0,0,,,0,,,,,0,0,0,0,,,0,,,,,0,0,0,0,,,0,,,,,0,0,0,0,,,0,,,,,0,0,0,0,,,0,,,,,0,0,0,0,,,0,,,,,0,0,0,0,,,0,0,0,0,0,0,0,0,0,,,0,0,0,0,0,0,0,0,0,,,0,0,0,0,0,0,0,0,0,,0,,0,0,0,0,0,,0,,,,,,0,,0,0,0,0,0,0,0,0,0,0,0,0,0,0,0,0,0,0,0,0,0,0,0,0,0,0,0,0,0,0,0,0,0,,,,,,,,,,,,,,,,,,,,,,,,,,,,,,,,
9/1/2026,2025,20260193,47150,32604,WHITE MOUNTAIN PAPER,Landfill Gas,INTRASTATE,NEW HAMPSHIRE,,,,,,,,,,,,,,,,,,,,,,,,,,,,,,,,,,,,,,,,,,,,,,,,,,,,,,,,,,,,,,,,,,,,,,,,,,,,,,,,,,,,,,,,,,,,,,,,,,,,,,,,,,,,,,,,,,,,,,,,,,,,,,,,,,,,,,,,,,,,,,,,,,,,,,,,,,,,,,,,,,,,,,0,0,0,0,0,0,0,0,0,0,0,0,0,0,0,0,0,0,0,0,0,0,0,0,0,0,0,0,0,0,0,70,,,,,,,,,,,,,,,,,,,,,,,,,,,,,,,,
9/1/2026,2025,20261076,48084,32604,WHITE MOUNTAIN PAPER,Natural Gas,INTRASTATE,NEW HAMPSHIRE,0,0,0,0,0,0,0,0,0,0,0,0,0,0,0,0,0,0,0,0,0,0,0,0,0,0,0,0,0,0,0,0,0,0,0,0,0,0,0,0,0,0,0,0,0,0,0,0,0,0,0,0,0,0,0,0,0,0,0,0,0,0,0,0,0,0,0,0,0,0,0,0,0,0,0,0,0,0,0,0,0,0,0,0,0,0,0,0,0,0,0,0,0,0,0,0,0,0,0,0,0,0,0,0,0,0,0,0,0,0,0,0,0,0,0,0,0,0,0,0,0,0,0,0,0,0,0,0,0,0,0,0,0,0,0,0,0,0,0,0,0,0,0,0,0,0,0,0,0,0,0,0,0,0,0,,0,0,0,0,0,0,0,0,0,,,,,,,,,,,,,,,,,,,,,,,,,,,,,,,0,70,,,,,,,,,,,,,,,,,,,,,,,,,,,,,,,0,
9/1/2026,2025,20260539,47519,32616,"WOODLAND PULP, LLC",Natural Gas,INTRASTATE,MAINE,0,0,0,0,0,0,0,0,0,0,0,0,0,0,0,0,0,0,0,0,0,0,0,0,0,0,0,0,0,0,0,0,0,0,0,0,0,0,0,0,0,0,0,0,0,0,0,0,0,0,0,0,0,0,0,0,0,0,0,0,0,0,0,0,0,0,0,0,0,0,0,0,0,0,0,0,0,0,0,0,0,0,0,0,0,0,0,0,0,0,0,0,0,0,0,0,0,0,0,0,0,0,0,0,0,0,0,0,0,0,0,0,0,0,0,0,0,0,0,0,0,0,0,0,0,0,0,0,0,0,0,0,0,0,0,0,0,0,0,0,0,0,0,0,0,0,0,0,0,0,0,0,0,0,0,0,0,0,0,0,0,0,0,0,0,0,0,0,0,0,0,0,0,0,0,0,0,0,0,0,0,0,0,0,0,0,0,0,0,0,0,0,0,0,0,0,1,,,,,,,,,,,,,,,,,,,,,,,,,,,,,,,,
9/1/2026,2025,20260268,47226,32618,"ARKALON ETHANOL, LLC",Natural Gas,INTRASTATE,KANSAS,0,0,0,0,,,0,,,,,0,0,0,0,,,0,,,,,0,0,0,0,,,0,,,,,0,0,0,0,,,0,,,,,0,0,0,0,,,0,,,,,0,0,0,0,,,0,,,,,0,0,0,0,,,0,,,,,0,0,0,0,,,0,,,,,0,0,0,0,,,0,,,,,0,0,0,0,,,0,,,,,0,0,0,0,,,0,0,0,0,0,0,0,0,0,,,0,0,0,0,0,0,0,0,0,,,0,0,0,0,0,0,0,0,0,,0,,0,0,0,0,0,,0,,,,,,0,,0,,,,,,,,,,,,,,,,,,,,,,,,,,,,,,,0,13,,,,,,,,,,,,,,,,,,,,,,,,,,,,,,,,
9/1/2026,2025,20260158,47113,32620,"KILLAM OIL CO., LTD",Natural Gas,INTRASTATE,TEXAS,0,0,0,0,0,0,0,0,0,0,0,0,0,0,0,0,0,0,0,0,0,0,0,0,0,0,0,0,0,0,0,0,0,0,0,0,0,0,0,0,0,0,0,0,0,0,0,0,0,0,0,0,0,0,0,0,0,0,0,0,0,0,0,0,0,0,0,0,0,0,0,0,0,0,0,0,0,0,0,0,0,0,0,0,0,0,0,0,0,0,0,0,0,0,0,0,0,0,0,0,0,0,0,0,0,0,0,0,0,0,0,0,0,0,0,0,0,0,0,0,0,0,0,0,0,0,0,0,0,0,0,0,0,0,0,0,0,0,0,0,0,0,0,0,0,0,0,0,0,0,0,0,0,0,,0,0,0,0,0,0,0,0,0,0,,,,,,,,,,,,,,,,,,,,,,,,,,,,,,,0,,,,,,,,,,,,,,,,,,,,,,,,,,,,,,,,0,18
9/1/2026,2025,20260455,47421,32623,"SEACOAST GAS TRANSMISSION, LLC",Natural Gas,INTRASTATE,FLORIDA,0,0,0,0,0,0,0,0,0,0,0,0,0,0,0,0,0,0,0,0,0,0,0,0,0,0,0,0,0,0,0,0,0,0,0,0,0,0,0,0,0,0,0,0,0,0,0,0,0,0,0,0,0,0,0,0,0,0,0,0,0,0,0,0,0,0,0,0,0,0,0,0,0,0,0,0,0,0,0,0,0,0,0,0,0,0,0,0,0,0,0,0,0,0,0,0,0,0,0,0,0,0,0,0,0,0,0,0,0,0,0,0,0,0,0,0,0,0,0,0,0,0,0,0,0,0,0,0,0,0,0,0,0,0,0,0,0,0,0,0,0,0,0,0,0,0,0,0,0,0,0,0,0,0,0,,0,0,0,0,0,0,0,0,0,,,,,,,,,,,,,,,,,,,,,,,,,,,,,,,0,402,,,,,,,,,,,,,,,,,,,,,,,,,,,,,,,0,
9/1/2026,2025,20261022,48025,32626,"BBT ALABAMA, LLC",Natural Gas,INTRASTATE,ALABAMA,0,0,0,0,,,0,,,,,0,0,0,0,,,0,,,,,0,0,0,0,,,0,,,,,0,0,0,0,,,0,,,,,0,0,0,0,,,0,,,,,0,0,0,0,,,0,,,,,0,0,0,0,,,0,,,,,0,0,0,0,,,0,,,,,0,0,0,0,,,0,,,,,0,0,0,0,,,0,,,,,0,0,0,0,,,0,0,0,0,0,0,0,0,0,,,0,0,0,0,0,0,0,0,0,,,0,0,0,0,0,0,0,0,0,,0,,0,0,0,0,0,,0,,,,,,0,,0,,,,,,,,,,,,,,,,,,,,,,,,,,,,,,,0,2016,,,,,,,,,,,,,,,,,,,,,,,,,,,,,,,,
9/1/2026,2025,20261284,48297,32634,"ENLINK PERMIAN, LLC",Natural Gas,INTERSTATE,NEW MEXICO,0,0,0,0,,,0,,,,,0,0,0,0,,,0,,,,,0,0,0,0,,,0,,,,,0,0,0,0,,,0,,,,,0,0,0,0,,,0,,,,,0,0,0,0,,,0,,,,,0,0,0,0,,,0,,,,,0,0,0,0,,,0,,,,,0,0,0,0,,,0,,,,,0,0,0,0,,,0,,,,,0,0,0,0,,,0,0,0,0,0,0,0,0,0,,,0,0,0,0,0,0,0,0,0,,,0,0,0,0,0,0,0,0,0,,0,,0,0,0,0,0,,0,,,,,,0,,0,,,,,,,,,,,,,,,,,,,,,,,,,,,,,,,0,1,,,,,,,,,,,,,,,,,,,,,,,,,,,,,,,,
9/1/2026,2025,20261284,48297,32634,"ENLINK PERMIAN, LLC",Natural Gas,INTERSTATE,TEXAS,0,0,0,0,,,0,0,0,0,,0,0,0,0,,,0,0,0,0,,0,0,0,0,,,0,0,0,0,,0,0,0,0,,,0,0,0,0,,0,0,0,0,,,0,0,0,0,,0,0,0,0,,,0,0,0,0,,0,0,0,0,,,0,0,0,0,,0,0,0,0,,,0,0,0,0,,0,0,0,0,,,0,0,0,0,,0,0,0,0,,,0,0,0,0,,0,0,0,0,,,0,0,0,0,,0,0,0,0,,,0,0,0,0,,0,0,0,0,,,0,0,0,0,,0,0,0,0,,0,,0,0,0,,0,0,0,,0,0,0,,0,0,0,,,,,,,,,,,,,,,,,,,,,,,,,,,,,,,0,1,,,,,,,,,,,,,,,,,,,,,,,,,,,,,,,0,
9/1/2026,2025,20261284,48297,32634,"ENLINK PERMIAN, LLC",Natural Gas,INTRASTATE,NEW MEXICO,0,0,0,0,,,0,,,0,,0,0,0,0,,,0,,,0,,0,0,0,0,,,0,,,0,,0,0,0,0,,,0,,,0,,0,0,0,0,,,0,,,0,,0,0,0,0,,,0,,,0,,0,0,0,0,,,0,,,0,,0,0,0,0,,,0,,,0,,0,0,0,0,,,0,,,0,,0,0,0,0,,,0,,,0,,0,0,0,0,,,0,,,0,,0,0,0,0,,,0,,,0,,0,0,0,0,,,0,,,0,,0,0,0,0,,0,,,,0,,0,0,0,,,,0,,0,0,0,,,,,,,,,,,,,,,,,,,,,,,,,,,,,,,0,4037,,,,,,,,,,,,,,,,,,,,,,,,,,,,,,,0,4037
9/1/2026,2025,20261284,48297,32634,"ENLINK PERMIAN, LLC",Natural Gas,INTRASTATE,TEXAS,0,0,0,0,,,0,0,0,0,,0,0,0,0,,,0,0,0,0,,0,0,0,0,,,0,0,0,0,,0,0,0,0,,,0,0,0,0,,0,0,0,0,,,0,0,0,0,,0,0,0,0,,,0,0,0,0,,0,0,0,0,,,0,0,0,0,,0,0,0,0,,,0,0,0,0,,0,0,0,0,,,0,0,0,0,,0,0,0,0,,,0,0,0,0,,0,0,0,0,,,0,0,0,0,,0,0,0,0,,,0,0,0,0,,0,0,0,0,,,0,0,0,0,,0,0,0,0,,0,,0,0,0,,0,0,0,,0,0,0,,0,0,0,,,,,,,,,,,,,,,,,,,,,,,,,,,,,,,0,17585,,,,,,,,,,,,,,,,,,,,,,,,,,,,,,,0,13548
9/1/2026,2025,20260185,47142,32637,CLEAN HARBORS LONE MOUNTAIN FACILITY,Natural Gas,INTRASTATE,OKLAHOMA,0,0,0,0,0,0,0,0,0,0,0,0,0,0,0,0,0,0,0,0,0,0,0,0,0,0,0,0,0,0,0,0,0,0,0,0,0,0,0,0,0,0,0,0,0,0,0,0,0,0,0,0,0,0,0,0,0,0,0,0,0,0,0,0,0,0,0,0,0,0,0,0,0,0,0,0,0,0,0,0,0,0,0,0,0,0,0,0,0,0,0,0,0,0,0,0,0,0,0,0,0,0,0,0,0,0,0,0,0,0,0,0,0,0,0,0,0,0,0,0,0,0,0,0,0,0,0,0,0,0,0,0,0,0,0,0,0,0,0,0,0,0,0,0,0,0,0,0,0,0,0,0,0,0,0,,0,0,0,0,0,0,0,0,0,0,0,0,0,0,0,0,0,0,0,0,0,0,0,0,0,0,0,0,0,0,0,0,0,0,0,0,0,0,0,0,32,,,,,,,,,,,,,,,,,,,,,,,,,,,,,,,0,
9/1/2026,2025,20260329,47290,32639,"CRAWFORD COUNTY GAS GATHERING, LLC",Natural Gas,INTRASTATE,ILLINOIS,0,0,0,0,0,0,0,0,0,0,0,0,0,0,0,0,0,0,0,0,0,0,0,0,0,0,0,0,0,0,0,0,0,0,0,0,0,0,0,0,0,0,0,0,0,0,0,0,0,0,0,0,0,0,0,0,0,0,0,0,0,0,0,0,0,0,0,0,0,0,0,0,0,0,0,0,0,0,0,0,0,0,0,0,0,0,0,0,0,0,0,0,0,0,0,0,0,0,0,0,0,0,0,0,0,0,0,0,0,0,0,0,0,0,0,0,0,0,0,0,0,0,0,0,0,0,0,0,0,0,0,0,0,0,0,0,0,0,0,0,0,0,0,0,0,0,0,0,0,0,0,0,0,0,0,0,0,0,0,0,0,0,0,0,0,0,0,0,0,0,0,0,0,0,0,0,0,0,0,0,0,0,0,0,0,0,0,0,0,0,0,0,0,0,0,0,0,,,,,,,,,,,,,,,,,,,,,,,,,,,,,,,0,
9/1/2026,2025,20260753,47741,32641,AUX SABLE MIDSTREAM,Natural Gas,INTRASTATE,NORTH DAKOTA,0,0,0,0,0,0,0,0,0,0,0,0,0,0,0,0,0,0,0,0,0,0,0,0,0,0,0,0,0,0,0,0,0,0,0,0,0,0,0,0,0,0,0,0,0,0,0,0,0,0,0,0,0,0,0,0,0,0,0,0,0,0,0,0,0,0,0,0,0,0,0,0,0,0,0,0,0,0,0,0,0,0,0,0,0,0,0,0,0,0,0,0,0,0,0,0,0,0,0,0,0,0,0,0,0,0,0,0,0,0,0,0,0,0,0,0,0,0,0,0,0,0,0,0,0,0,0,0,0,0,0,0,0,0,0,0,0,0,0,0,0,0,0,0,0,0,0,0,0,0,0,0,0,0,0,,0,0,0,0,0,0,0,0,0,,,,,,,,,,,,,,,,,,,,,,,,,,,,,,,0,98,,,,,,,,,,,,,,,,,,,,,,,,,,,,,,,0,
9/1/2026,2025,20261089,48098,32645,"HILCORP ALASKA, LLC",Natural Gas,INTRASTATE,ALASKA,0,0,0,0,0,0,0,0,0,0,0,0,0,0,0,0,0,0,0,0,0,0,0,0,0,0,0,0,0,0,0,0,0,0,0,0,0,0,0,0,0,0,0,0,0,0,0,0,0,0,0,0,0,0,0,0,0,0,4,0,0,0,0,0,1,0,0,0,0,0,0,0,0,0,0,0,0,0,0,0,0,0,0,0,0,0,0,0,0,0,0,0,0,0,0,0,0,0,0,0,0,0,0,0,0,0,0,0,0,0,0,0,0,0,0,0,0,0,0,0,0,0,0,0,0,0,0,0,0,0,0,0,0,0,0,0,0,0,0,0,0,0,0,0,0,0,4,0,0,0,0,0,1,0,0,0,0,0,,0,0,0,0,0,0,0,0,0,0,0,0,0,0,0,0,0,0,0,0,0,0,0,0,0,0,0,0,0,0,0,0,0,0,0,0,0,74,0,0,0,0,0,0,0,0,0,0,0,0,0,0,0,0,0,0,0,0,0,0,0,0,0,0,0,0,0,0,0,27
9/1/2026,2025,20260860,47856,32655,"EAST CHEYENNE GAS STORAGE, LLC",Natural Gas,INTERSTATE,COLORADO,0,0,0,0,,,0,,,,,0,0,0,0,,,0,,,,,0,0,0,0,,,0,,,,,0,0,0,0,,,0,,,,,0,0,0,0,,,0,,,,,0,0,0,2,,,0,,,,,0,0,0,0,,,0,,,,,0,0,0,0,,,0,,,,,0,0,0,0,,,0,,,,,0,0,0,0,,,0,,,,,0,0,0,0,,,0,0,0,0,0,0,0,0,0,,,0,0,0,0,0,0,0,0,0,,,0,0,0,0,0,0,0,0,2,,0,,0,0,0,0,0,,0,0,0,0,0,0,0,0,0,0,0,0,0,0,0,0,0,0,0,0,0,0,0,0,0,0,0,0,0,0,0,0,0,0,0,0,0,0,0,0,42,,,,,,,,,,,,,,,,,,,,,,,,,,,,,,,,
9/1/2026,2025,20260811,47804,32657,"CARDINAL OPERATING COMPANY, LLC",Natural Gas,INTRASTATE,NORTH CAROLINA,0,0,0,0,0,0,0,0,0,0,0,0,0,0,0,0,0,0,0,0,0,0,0,0,0,0,0,0,0,0,0,0,0,0,0,0,0,0,0,0,0,0,0,0,0,0,0,0,0,0,0,0,0,0,0,0,0,1,0,0,0,0,0,0,0,0,0,0,0,0,0,0,0,0,0,0,0,0,0,0,0,0,0,0,0,0,0,0,0,0,0,0,0,0,0,0,0,0,0,0,0,0,0,0,0,0,0,0,0,0,0,0,0,0,0,0,0,0,0,0,0,0,0,0,0,0,0,0,0,0,0,0,0,0,0,0,0,0,0,0,0,0,0,0,0,1,0,0,0,0,0,0,0,0,,,,,,,,,,,,,,,,,,,,,,,,,,,,,,,,,,,,,,,,,,0,8352,,,,,,,,,,,,,,,,,,,,,,,,,,,,,,,,
9/1/2026,2025,20260010,46950,32659,"ENREMA, LLC",Natural Gas,INTRASTATE,TENNESSEE,0,0,0,0,0,0,0,0,0,0,0,0,0,0,0,0,0,0,0,0,0,0,0,0,0,0,0,0,0,0,0,0,0,0,0,0,0,0,0,0,0,0,0,0,0,0,0,0,0,0,0,0,0,0,0,0,0,0,0,0,0,0,0,0,0,0,0,0,0,0,0,0,0,0,0,0,0,0,0,0,0,0,0,0,0,0,0,0,0,0,0,0,0,0,0,0,0,0,0,0,0,0,0,0,0,0,0,0,0,0,0,0,0,0,0,0,0,0,0,0,0,0,0,0,0,0,0,0,0,0,0,0,0,0,0,0,0,0,0,0,0,0,0,0,0,0,0,0,0,0,0,0,0,0,0,,0,0,0,0,0,0,0,0,0,,,,,,,,,,,,,,,,,,,,,,,,,,,,,,,0,45,,,,,,,,,,,,,,,,,,,,,,,,,,,,,,,0,
9/1/2026,2025,20261181,48194,32663,"PILLAR ENERGY, LLC",Natural Gas,INTRASTATE,WEST VIRGINIA,,0,0,0,,,,0,0,6,,,0,0,0,,,,0,0,0,,,0,0,0,,,,0,0,0,,,0,0,0,,,,0,0,0,,,0,0,0,,,,0,0,0,,,0,0,0,,,,0,0,0,,,0,0,0,,,,0,0,0,,,0,0,0,,,,0,0,0,,,0,0,0,,,,0,0,0,,,0,0,0,,,,0,0,0,,,0,0,0,,,,0,0,0,,,0,0,0,,,,0,0,0,,,0,0,0,,,,0,0,0,,,0,0,0,,,,0,0,6,,0,0,0,,0,0,0,,0,0,0,,,,,,,,,,,,,,,,,,,,,,,,,,,,,,,0,13,,,,,,,,,,,,,,,,,,,,,,,,,,,,,,,0,889
9/1/2026,2025,20260174,47130,32665,ABBOTT NUTRITION SUPPLY CHAIN,Natural Gas,INTRASTATE,ARIZONA,0,0,0,0,0,0,0,0,0,0,0,0,0,0,0,0,0,0,0,0,0,0,0,0,0,0,0,0,0,0,0,0,0,0,0,0,0,0,0,0,0,0,0,0,0,0,0,0,0,0,0,0,0,0,0,0,0,0,0,0,0,0,0,0,0,0,0,0,0,0,0,0,0,0,0,0,0,0,0,0,0,0,0,0,0,0,0,0,0,0,0,0,0,0,0,0,0,0,0,0,0,0,0,0,0,0,0,0,0,0,0,0,0,0,0,0,0,0,0,0,0,0,0,0,0,0,0,0,0,0,0,0,0,0,0,0,0,0,0,0,0,0,0,0,0,0,0,0,0,0,0,0,0,0,0,0,0,0,0,0,0,0,0,0,0,,,,,,,,,,,,,,,,,,,,,,,,,,,,,,,0,28,,,,,,,,,,,,,,,,,,,,,,,,,,,,,,,0,0
9/1/2026,2025,20260832,47826,32669,NNE MIDSTREAM LLC,Natural Gas,INTRASTATE,PENNSYLVANIA,,0,,,,,,,,0,,,0,,,,,,,,0,,,0,,,,,,,,0,,,0,,,,,,,,0,,,0,,,,,,,,0,,,0,,,,,,,,0,,,0,,,,,,,,0,,,0,,,,,,,,0,,,0,,,,,,,,0,,,0,,,,,,,,0,,,0,,,,,,,,0,,,0,,,,,,,,0,,,0,,,,,,,,0,,,0,,,,,,,,0,,,0,,,,,0,,,0,0,,,,,,,,,,,,,,,,,,,,,,,,,,,,,,,,,,,,,,,,,,,,,,,,,,,,,,,,,,,,,,,0,12
9/1/2026,2025,20260832,47826,32669,NNE MIDSTREAM LLC,Natural Gas,INTRASTATE,WEST VIRGINIA,,0,,,,,,0,0,0,,,0,,,,,,0,0,0,,,0,,,,,,0,0,0,,,0,,,,,,0,0,0,,,0,,,,,,0,0,0,,,0,,,,,,0,0,0,,,0,,,,,,0,0,0,,,0,,,,,,0,0,0,,,0,,,,,,0,0,0,,,0,,,,,,0,0,0,,,0,,,,,,0,0,0,,,0,,,,,,0,0,0,,,0,,,,,,0,0,0,,,0,,,,,,0,0,0,,,0,,,0,0,0,,,0,0,,,,,,,,,,,,,,,,,,,,,,,,,,,,,,,,,,,,,,,,,,,,,,,,,,,,,,,,,,,,,,,0,28
9/1/2026,2025,20261317,48330,32670,RIVERWEST APPALACHIA MIDSTREAM LLC,Natural Gas,INTRASTATE,PENNSYLVANIA,0,0,0,0,0,0,0,0,0,0,0,0,0,0,0,0,0,0,0,0,0,0,0,0,0,0,0,0,0,0,0,0,0,0,0,0,0,0,0,0,0,0,0,0,0,0,0,0,0,0,0,0,0,0,0,0,0,0,0,0,0,0,0,0,0,0,0,0,0,0,0,0,0,0,0,0,0,0,0,0,0,0,0,0,0,0,0,0,0,0,0,0,0,0,0,0,0,0,0,0,0,0,0,0,0,0,0,0,0,0,0,0,0,0,0,0,0,0,0,0,0,0,0,0,0,0,0,0,0,0,0,0,0,0,0,0,0,0,0,0,0,0,0,0,0,0,0,0,0,0,0,0,0,0,,0,0,0,0,0,0,0,0,0,0,,,,,,,,,,,,,,,,,,,,,,,,,,,,,,,0,,,,,,,,,,,,,,,,,,,,,,,,,,,,,,,,0,281
9/1/2026,2025,20260208,47166,32671,"RW GATHERING, LLC",Natural Gas,INTRASTATE,PENNSYLVANIA,0,0,0,0,0,0,0,0,0,0,0,0,0,0,0,0,0,0,0,0,0,0,0,0,0,0,0,0,0,0,0,0,0,0,0,0,0,0,0,0,0,0,0,0,0,0,0,0,0,0,0,0,0,0,0,0,0,0,0,0,0,0,0,0,0,0,0,0,0,0,0,0,0,0,0,0,0,0,0,0,0,0,0,0,0,0,0,0,0,0,0,0,0,0,0,0,0,0,0,0,0,0,0,0,0,0,0,0,0,0,0,0,0,0,0,0,0,0,0,0,0,0,0,0,0,0,0,0,0,0,0,0,0,0,0,0,0,0,0,0,0,0,0,0,0,0,0,0,0,0,0,0,0,0,,0,,,0,,0,,,0,0,,,,,,,,,,,,,,,,,,,,,,,,,,,,,,,0,,0,0,0,0,0,0,0,0,0,0,0,0,0,0,0,0,0,0,0,0,0,0,0,0,0,0,0,0,0,0,0,37
9/1/2026,2025,20260777,47769,32672,"NFG MIDSTREAM TROUT RUN, LLC",Natural Gas,INTRASTATE,PENNSYLVANIA,0,0,0,0,0,0,0,0,0,0,0,0,0,0,0,0,0,0,0,0,0,0,0,0,0,0,0,0,0,0,0,0,0,0,0,0,0,0,0,0,0,0,0,0,0,0,0,0,0,0,0,0,0,0,0,0,0,0,0,0,0,0,0,0,0,0,0,0,0,0,0,0,0,0,0,0,0,0,0,0,0,0,0,0,0,0,0,0,0,0,0,0,0,0,0,0,0,0,0,0,0,0,0,0,0,0,0,0,0,0,0,0,0,0,0,0,0,0,0,0,0,0,0,0,0,0,0,0,0,0,0,0,0,0,0,0,0,0,0,0,0,0,0,0,0,0,0,0,0,0,0,0,0,0,0,0,0,0,0,0,0,0,0,0,0,,,,,,,,,,,,,,,,,,,,,,,,,,,,,,,0,144,,,,,,,,,,,,,,,,,,,,,,,,,,,,,,,0,144
9/1/2026,2025,20261275,48288,32674,"KEYROCK ENERGY, LLC",Natural Gas,INTRASTATE,ILLINOIS,,,,,,,,,,,,,,,,,,,,,,,,,,,,,,,,,,,,,,,,,,,,,,,,,,,,,,,,,,,,,,,,,,,,,,,,,,,,,,,,,,,,,,,,,,,,,,,,,,,,,,,,,,,,,,,,,,,,,,,,,,,,,,,,,,,,,,,,,,,,,,,,,,,,,,,,,,,,0,0,0,0,0,0,0,0,0,0,,,,,,,,,,,,,,,,,,,,,,,,,,,,,,,0,,,,,,,,,,,,,,,,,,,,,,,,,,,,,,,,0,466
9/1/2026,2025,20260342,47304,32676,CITATION PIPELINE LLC,Natural Gas,INTRASTATE,OKLAHOMA,0,0,0,0,0,0,0,0,0,0,0,0,0,0,0,0,0,0,0,0,0,0,0,0,0,0,0,0,0,0,0,0,0,0,0,0,0,0,0,0,0,0,0,0,0,0,0,0,0,0,0,0,0,0,0,0,0,0,0,0,0,0,0,0,0,0,0,0,0,0,0,0,0,0,0,0,0,0,0,0,0,0,0,0,0,0,0,0,0,0,0,0,0,0,0,0,0,0,0,0,0,0,0,0,0,0,0,0,0,0,0,0,0,0,0,0,0,0,0,0,0,0,0,0,0,0,0,0,0,0,0,0,0,0,0,0,0,0,0,0,0,0,0,0,0,0,0,0,0,0,0,0,0,0,,0,0,0,0,0,0,0,0,0,0,,,,,,,,,,,,,,,,,,,,,,,,,,,,,,,0,,,,,,,,,,,,,,,,,,,,,,,,,,,,,,,,0,0
9/1/2026,2025,20260796,47789,32682,"GREENLEAF CO2 SOLUTIONS, LLC",Natural Gas,INTRASTATE,MISSISSIPPI,0,0,0,0,0,0,0,0,0,0,0,0,0,0,0,0,0,0,0,0,0,0,0,0,0,0,0,0,0,0,0,0,0,0,0,0,0,0,0,0,0,0,0,0,0,0,0,0,0,0,0,0,0,0,0,0,0,0,0,0,0,0,0,0,0,0,0,0,0,0,0,0,0,0,0,0,0,0,0,0,0,0,0,0,0,0,0,0,0,0,0,0,0,0,0,0,0,0,0,0,0,0,0,0,0,0,0,0,0,0,0,0,0,0,0,0,0,0,0,0,0,0,0,0,0,0,0,0,0,0,0,0,0,0,0,0,0,0,0,0,0,0,0,0,0,0,0,0,0,0,0,0,0,0,0,,0,0,0,0,0,0,0,0,0,,,,,,,,,,,,,,,,,,,,,,,,,,,,,,,0,91,,,,,,,,,,,,,,,,,,,,,,,,,,,,,,,0,
9/1/2026,2025,20260812,47805,32684,"PINE NEEDLE OPERATING COMPANY,LLC",Natural Gas,INTERSTATE,NORTH CAROLINA,0,0,0,0,0,0,0,0,0,0,0,0,0,0,0,0,0,0,0,0,0,0,0,0,0,0,0,0,0,0,0,0,0,0,0,0,0,0,0,0,0,0,0,0,0,0,0,0,0,0,0,0,0,0,0,0,0,0,0,0,0,0,0,0,0,0,0,0,0,0,0,0,0,0,0,0,0,0,0,0,0,0,0,0,0,0,0,0,0,0,0,0,0,0,0,0,0,0,0,0,0,0,0,0,0,0,0,0,0,0,0,0,0,0,0,0,0,0,0,0,0,0,0,0,0,0,0,0,0,0,0,0,0,0,0,0,0,0,0,0,0,0,0,0,0,0,0,0,0,0,0,0,0,0,,,,,,,,,,,,,,,,,,,,,,,,,,,,,,,,,,,,,,,,,,0,7,,,,,,,,,,,,,,,,,,,,,,,,,,,,,,,,
9/1/2026,2025,20260221,47179,32685,CALGAS LLC,Natural Gas,INTRASTATE,TEXAS,0,0,0,0,0,0,0,0,0,0,0,0,0,0,0,0,0,0,0,0,0,0,0,0,0,0,0,0,0,0,0,0,0,0,0,0,0,0,0,0,0,0,0,0,0,0,0,0,0,0,0,0,0,0,0,0,0,0,0,0,0,0,0,0,0,0,0,0,0,0,0,0,0,0,0,0,0,0,0,0,0,0,0,0,0,0,0,0,0,0,0,0,0,0,0,0,0,0,0,0,0,0,0,0,0,0,0,0,0,0,0,0,0,0,0,0,0,0,0,0,0,0,0,0,0,0,0,0,0,0,0,0,0,0,0,0,0,0,0,0,0,0,0,0,0,0,0,0,0,0,0,0,0,0,0,,0,0,0,0,0,0,0,0,0,,,,,,,,,,,,,,,,,,,,,,,,,,,,,,,0,94,,,,,,,,,,,,,,,,,,,,,,,,,,,,,,,0,
9/1/2026,2025,20260269,47227,37578,"FINNEY COUNTY FEEDYARD, INC.",Natural Gas,INTRASTATE,KANSAS,0,0,0,0,,,0,,,,,0,0,0,0,,,0,,,,,0,0,0,0,,,0,,,,,0,0,0,0,,,0,,,,,0,0,0,0,,,0,,,,,0,0,0,0,,,0,,,,,0,0,0,0,,,0,,,,,0,0,0,0,,,0,,,,,0,0,0,0,,,0,,,,,0,0,0,0,,,0,,,,,0,0,0,0,,,0,0,0,0,0,0,0,0,0,,,0,0,0,0,0,0,0,0,0,,,0,0,0,0,0,0,0,0,0,,0,,0,0,0,0,0,,0,,,,,,0,,0,,,,,,,,,,,,,,,,,,,,,,,,,,,,,,,0,12,,,,,,,,,,,,,,,,,,,,,,,,,,,,,,,,
9/1/2026,2025,20261196,48209,38649,WYMAN GORDON,Natural Gas,INTRASTATE,TEXAS,0,0,0,0,,,0,,,,,0,0,0,0,,,0,,,,,0,0,0,0,,,0,,,,,0,0,0,0,,,0,,,,,0,0,0,0,,,0,,,,,0,0,0,0,,,0,,,,,0,0,0,0,,,0,,,,,0,0,0,0,,,0,,,,,0,0,0,0,,,0,,,,,0,0,0,0,,,0,,,,,0,0,0,0,,,0,0,0,0,0,0,0,0,0,,,0,0,0,0,0,0,0,0,0,,,0,0,0,0,0,0,0,0,0,,0,,0,0,0,0,,,,,,,,,,,,0,0,0,0,0,0,0,0,0,0,0,0,0,0,0,0,0,0,0,0,0,0,0,0,0,0,0,0,0,0,0,8,,,,,,,,,,,,,,,,,,,,,,,,,,,,,,,,
9/1/2026,2025,20261257,48270,38883,HUNT SOUTHLAND REFINING COMPANY,Natural Gas,INTRASTATE,MISSISSIPPI,,0,0,0,,,,,,,,,0,0,0,,,,,,,,,0,0,0,,,,,,,,,0,0,0,,,,,,,,,0,0,0,,,,,,,,,0,0,0,,,,,,,,,0,0,0,,,,,,,,,0,0,0,,,,,,,,,0,0,0,,,,,,,,,0,0,0,,,,,,,,,0,0,0,,,,,,,,,0,0,0,,,,,,,,,0,0,0,,,,,,,,,0,0,0,,,,,,,,0,,0,0,,,,0,0,0,0,,,,,,,,,,,,,,,,,,,,,,,,,,,,,,,0,0,,,,,,,,,,,,,,,,,,,,,,,,,,,,,,,,
9/1/2026,2025,20260991,47994,38886,JOHNSTOWN REGIONAL ENERGY,Other Gas-Other Gas-Processed Landfill Gas,INTRASTATE,PENNSYLVANIA,,0,0,0,,,,,,,,,0,0,0,,,,,,,,,0,0,0,,,,,,,,,0,0,0,,,,,,,,,0,0,0,,,,,,,,,0,0,0,,,,,,,,,0,0,0,,,,,,,,,0,0,0,,,,,,,,,0,0,0,,,,,,,,,0,0,0,,,,,,,,,0,0,0,,,,0,0,0,0,,0,0,0,,,,0,0,0,0,,0,0,0,,,,0,0,0,0,,0,0,0,,,,0,0,0,0,0,,0,,,,,,0,,0,,,,,,,,,,,,,,,,,,,,,,,,,,,,,,,0,86,,,,,,,,,,,,,,,,,,,,,,,,,,,,,,,,
9/1/2026,2025,20260522,48519,38897,MARABOU SUPERIOR PIPELINE,Natural Gas,INTRASTATE,TEXAS,,0,0,0,,,,,,,,,0,0,0,,,,,,,,,0,0,0,,,,,,,,,0,0,0,,,,,,,,,0,0,0,,,,,,,,,0,0,0,,,,,,,,,0,0,0,,,,,,,,,0,0,0,,,,,,,,,0,0,0,,,,,,,,,0,0,0,,,,,,,,,0,0,0,,,,0,0,0,0,,0,0,0,,,,0,0,0,0,,0,0,0,,,,0,0,0,0,,0,0,0,,,,0,0,0,0,0,,0,,,,,,0,,0,,,,,,,,,,,,,,,,,,,,,,,,,,,,,,,0,705,,,,,,,,,,,,,,,,,,,,,,,,,,,,,,,,
9/1/2026,2025,20260522,48519,38897,MARABOU SUPERIOR PIPELINE,Natural Gas,INTRASTATE,WISCONSIN,,,,,,,,,,,,,,,,,,,,,,,,,,,,,,,,,,,,,,,,,,,,,,,,,,,,,,,,,,,,,,,,,,,,,,,,,,,,,,,,,,,,,,,,,,,,,,,,,,,,,,,,,,,,,,,,,,,,,,,,,,,,,,,,,,,,,,,,,,,,,,,,,,,,,,,,,,,,,,,,,,,,,,,,,,,,,,,,,,,,,,,,,,,,,,,,,,,,0,0,,,,,,,,,,,,,,,,,,,,,,,,,,,,,,,,
9/1/2026,2025,20260701,47687,38898,"MOUNTAIN GATHERING, LLC",Natural Gas,INTRASTATE,PENNSYLVANIA,,0,,,,,,0,,0,,,0,,,,,,0,,0,,,0,,,,,,0,,0,,,0,,,,,,0,,0,,,0,,,,,,0,,0,,,0,,,,,,0,,0,,,0,,,,,,0,,0,,,0,,,,,,0,,0,,,0,,,,,,0,,0,,,0,,,,,,0,,0,,,0,,,,,,0,,0,,,0,,,,,,0,,0,,,0,,,,,,0,,0,,,0,,,,,,0,,0,,,0,,,0,,0,,,0,0,,,,,,,,,,,,,,,,,,,,,,,,,,,,,,,,,0,0,0,0,0,0,0,0,0,0,0,0,0,0,0,0,0,0,0,0,0,0,0,0,0,0,0,0,0,0,0,884
9/1/2026,2025,20260701,47687,38898,"MOUNTAIN GATHERING, LLC",Natural Gas,INTRASTATE,WEST VIRGINIA,0,0,0,0,0,0,0,0,0,0,0,0,0,0,0,0,0,0,0,0,0,0,0,0,0,0,0,0,0,0,0,0,0,0,0,0,0,0,0,0,0,0,0,0,0,0,0,0,0,0,0,0,0,0,0,0,0,0,0,0,0,0,0,0,0,0,0,0,0,0,0,0,0,0,0,0,0,0,0,0,0,0,0,0,0,0,0,0,0,0,0,0,0,0,0,0,0,0,0,0,0,0,0,0,0,0,0,0,0,0,0,0,0,0,0,0,0,0,0,0,0,0,0,0,0,0,0,0,0,0,0,0,0,0,0,0,0,0,0,0,0,0,0,0,0,0,0,0,0,0,0,0,0,0,,0,0,0,0,0,0,0,0,0,0,,,,,,,,,,,,,,,,,,,,,,,,,,,,,,,0,,0,0,0,0,0,0,0,0,0,0,0,0,0,0,0,0,0,0,0,0,0,0,0,0,0,0,0,0,0,0,0,121
9/1/2026,2025,20260816,47809,38901,"PERRYVILLE GAS STORAGE, LLC",Natural Gas,INTERSTATE,LOUISIANA,0,0,0,0,0,0,0,0,0,0,0,0,0,0,0,0,0,0,0,0,0,0,0,0,0,0,0,0,0,0,0,0,0,0,0,0,0,0,0,0,0,0,0,0,0,0,0,0,0,0,0,0,0,0,0,0,0,0,1,0,0,0,0,0,0,0,0,0,0,1,0,0,0,0,0,0,0,0,0,0,0,0,0,0,0,0,0,0,0,0,0,0,0,0,0,0,0,0,0,0,0,0,0,0,0,0,0,0,0,0,0,0,0,1,0,0,0,0,0,0,0,0,0,0,0,0,0,0,0,0,0,0,0,0,0,0,0,0,0,0,0,0,0,0,0,0,3,0,0,0,0,0,0,0,,,,,,,,,,,,,,,,,,,,,,,,,,,,,,,,,,,,,,,,,,0,25,,,,,,,,,,,,,,,,,,,,,,,,,,,,,,,,
9/1/2026,2025,20260978,47981,38902,"HIGH POINT GAS TRANSMISSION, LLC",Natural Gas,INTERSTATE,LOUISIANA,0,0,0,0,0,0,0,0,0,0,0,0,0,0,0,0,0,0,0,0,0,0,0,0,0,0,0,0,0,0,0,0,0,0,0,0,0,0,0,0,0,0,0,0,0,0,0,0,0,0,0,0,0,0,0,0,0,0,0,0,0,0,0,0,0,0,0,0,0,0,0,0,0,0,0,0,0,0,0,0,0,0,0,0,0,0,0,0,0,0,0,0,0,0,0,0,0,0,0,0,0,0,0,0,0,0,0,0,0,0,0,0,0,0,0,0,0,0,0,0,0,0,0,0,0,0,0,0,0,0,0,0,0,0,0,0,0,0,0,0,0,0,0,0,0,0,0,0,0,0,0,0,0,0,0,,0,0,0,0,0,0,0,0,0,0,0,0,0,0,0,0,0,0,0,0,0,0,0,0,0,0,0,0,0,0,0,0,0,0,0,0,0,0,0,0,0,,,,,,,,,,,,,,,,,,,,,,,,,,,,,,,0,
9/1/2026,2025,20260978,47981,38902,"HIGH POINT GAS TRANSMISSION, LLC",Natural Gas,INTERSTATE,OCS-Gulf of America,,,,,,,,,,,,,,,,,,,,,,,,,,,,,,,,,,,,,,,,,,,,,,,,,,,,,,,,,,,,,,,,,,,,,,,,,,,,,,,,,,,,,,,,,,,,,,,,,,,,,,,,,,,,,,,,,,,,,,,,,,,,,,,,,,,,,,,,,,,,,,,,,,,,,,,,,,,,,,,,,,,,,,0,0,0,0,0,0,0,0,0,0,0,0,0,0,0,0,0,0,0,0,0,0,0,0,0,0,0,0,0,0,0,0,,,,,,,,,,,,,,,,,,,,,,,,,,,,,,,,
9/1/2026,2025,20261329,48342,38904,CALERA GATHERING LLC,Natural Gas,INTRASTATE,ALABAMA,0,0,0,0,,,0,,,,,0,0,0,0,,,0,,,,,0,0,0,0,,,0,,,,,0,0,0,0,,,0,,,,,0,0,0,0,,,0,,,,,0,0,0,0,,,0,,,,,0,0,0,0,,,0,,,,,0,0,0,0,,,0,,,,,0,0,0,0,,,0,,,,,0,0,0,0,,,0,,,,,0,0,0,0,,,0,0,0,0,0,0,0,0,0,,,0,0,0,0,0,0,0,0,0,,,0,0,0,0,0,0,0,0,0,,0,,0,0,0,0,0,,0,,,,,,0,,0,,,,,,,,,,,,,,,,,,,,,,,,,,,,,,,0,0,,,,,,,,,,,,,,,,,,,,,,,,,,,,,,,0,
9/1/2026,2025,20260380,47345,38905,SENECA RESOURCES EAST DIVISION,Natural Gas,INTRASTATE,PENNSYLVANIA,0,0,0,0,0,0,0,0,0,0,0,0,0,0,0,0,0,0,0,0,0,0,0,0,0,0,0,0,0,0,0,0,0,0,0,0,0,0,0,0,0,0,0,0,0,0,0,0,0,0,0,0,0,0,0,0,0,0,0,0,0,0,0,0,0,0,0,0,0,0,0,0,0,0,0,0,0,0,0,0,0,0,0,0,0,0,0,0,0,0,0,0,0,0,0,0,0,0,0,0,0,0,0,0,0,0,0,0,0,0,0,0,0,0,0,0,0,0,0,0,0,0,0,0,0,0,0,0,0,0,0,0,0,0,0,0,0,0,0,0,0,0,0,0,0,0,0,0,0,0,0,0,0,0,,0,0,0,0,0,0,0,0,0,0,,,,,,,,,,,,,,,,,,,,,,,,,,,,,,,0,,,,,,,,,,,,,,,,,,,,,,,,,,,,,,,,0,5
9/1/2026,2025,20261305,48318,38906,LIBERTY UTILITIES (MIDSTATES NATURAL GAS) CORP. D/B/A LIBERTY UTILITIES,Natural Gas,INTRASTATE,ILLINOIS,0,0,0,0,,,0,,,,,0,0,0,0,,,0,,,,,0,0,0,0,,,0,,,,,0,0,0,0,,,0,,,,,0,0,0,0,,,0,,,,,0,0,0,0,,,0,,,,,0,0,0,0,,,0,,,,,0,0,0,0,,,0,,,,,0,0,0,0,,,0,,,,,0,0,0,0,,,0,,,,,0,0,0,0,,,0,0,0,0,0,0,0,0,0,,,0,0,0,0,0,0,0,0,0,,,0,0,0,0,0,0,0,0,0,,0,,0,0,0,0,0,,0,,,,,,0,,0,0,0,0,0,0,0,0,0,0,0,0,0,0,0,0,0,0,0,0,0,0,0,0,0,0,0,0,0,0,0,0,23,,,,,,,,,,,,,,,,,,,,,,,,,,,,,,,,
9/1/2026,2025,20261305,48318,38906,LIBERTY UTILITIES (MIDSTATES NATURAL GAS) CORP. D/B/A LIBERTY UTILITIES,Natural Gas,INTRASTATE,IOWA,,0,0,0,,,,,,,,,0,0,0,,,,,,,,,0,0,0,,,,,,,,,0,0,0,,,,,,,,,0,0,0,,,,,,,,,0,0,0,,,,,,,,,0,0,0,,,,,,,,,0,0,0,,,,,,,,,0,0,0,,,,,,,,,0,0,0,,,,,,,,,0,0,0,,,,,,,,,0,0,0,,,,,,,,,0,0,0,,,,,,,,,0,0,0,,,,,,,,0,,0,,,,,,0,,0,0,0,0,0,0,0,0,0,0,0,0,0,0,0,0,0,0,0,0,0,0,0,0,0,0,0,0,0,0,0,0,51,,,,,,,,,,,,,,,,,,,,,,,,,,,,,,,,
9/1/2026,2025,20261305,48318,38906,LIBERTY UTILITIES (MIDSTATES NATURAL GAS) CORP. D/B/A LIBERTY UTILITIES,Natural Gas,INTRASTATE,MISSOURI,0,0,0,0,,,0,,,,,0,0,0,0,,,0,,,,,0,0,0,0,,,0,,,,,0,0,0,0,,,0,,,,,0,0,0,0,,,0,,,,,0,0,0,0,,,0,,,,,0,0,0,0,,,0,,,,,0,0,0,0,,,0,,,,,0,0,0,0,,,0,,,,,0,0,0,0,,,0,,,,,0,0,0,0,,,0,0,0,0,0,0,0,0,0,,,0,0,0,0,0,0,0,0,0,,,0,0,0,0,0,0,0,0,0,,0,,0,0,0,0,0,,0,,,,,,0,,0,0,0,0,0,0,0,0,0,0,0,0,0,0,0,0,0,0,0,0,0,0,0,0,0,0,0,0,0,0,0,0,740,,,,,,,,,,,,,,,,,,,,,,,,,,,,,,,,
9/1/2026,2025,20260067,47020,38907,SOUTHERN ILLINOIS POWER COOPERATIVE,Natural Gas,INTRASTATE,ILLINOIS,0,0,0,0,0,0,0,0,0,0,0,0,0,0,0,0,0,0,0,0,0,0,0,0,0,0,0,0,0,0,0,0,0,0,0,0,0,0,0,0,0,0,0,0,0,0,0,0,0,0,0,0,0,0,0,0,0,0,0,0,0,0,0,0,0,0,0,0,0,0,0,0,0,0,0,0,0,0,0,0,0,0,0,0,0,0,0,0,0,0,0,0,0,0,0,0,0,0,0,0,0,0,0,0,0,0,0,0,0,0,0,0,0,0,0,0,0,0,0,0,0,0,0,0,0,0,0,0,0,0,0,0,0,0,0,0,0,0,0,0,0,0,0,0,0,0,0,0,0,0,0,0,0,0,0,,0,0,0,0,0,0,0,0,0,,,,,,,,,,,,,,,,,,,,,,,,,,,,,,,0,44,,,,,,,,,,,,,,,,,,,,,,,,,,,,,,,0,
9/1/2026,2025,20260021,46961,38908,"PRAIRIELAND PIPELINE, LLC",Natural Gas,INTRASTATE,ILLINOIS,,,,,,,,,,,,,,,,,,,,,,,,,,,,,,,,,,,,,,,,,,,,,,,,,,,,,,,,,,,,,,,,,,,,,,,,,,,,,,,,,,,,,,,,,,,,,,,,,,,,,,,,,,,,,,,,,,,,,,,,,,,,,,,,,,,,,,,,,,,,,,,,,,,,,,,,,,,,,,,,,,,,,,,,,,,,,,,,,,,,,,,,,,,,,,,,,,,,0,21,,,,,,,,,,,,,,,,,,,,,,,,,,,,,,,,
9/1/2026,2025,20260025,46965,38909,"COMPRESSED ENERGY SYSTEMS, LLC",Natural Gas,INTRASTATE,ILLINOIS,0,0,0,0,,,0,,,,,0,0,0,0,,,0,,,,,0,0,0,0,,,0,,,,,0,0,0,0,,,0,,,,,0,0,0,0,,,0,,,,,0,0,0,0,,,0,,,,,0,0,0,0,,,0,,,,,0,0,0,0,,,0,,,,,0,0,0,0,,,0,,,,,0,0,0,0,,,0,,,,,0,0,0,0,,,0,0,0,0,0,0,0,0,0,,,0,0,0,0,0,0,0,0,0,,,0,0,0,0,0,0,0,0,0,,0,,0,0,0,0,,,,,,,,,,,,,,,,,,,,,,,,,,,,,,,,,,,,,,,,,,0,0,,,,,,,,,,,,,,,,,,,,,,,,,,,,,,,,
9/1/2026,2025,20261246,48259,38910,CNX RESOURCES CORPORATION,Natural Gas,INTRASTATE,KENTUCKY,,0,,,,,,0,0,0,,,0,,,,,,0,0,0,,,0,,,,,,0,0,0,,,0,,,,,,0,0,0,,,0,,,,,,0,0,0,,,0,,,,,,0,0,0,,,0,,,,,,0,0,0,,,0,,,,,,0,0,0,,,0,,,,,,0,0,0,,,0,,,,,,0,0,0,,,0,,,,,,0,0,0,,,0,,,,,,0,0,0,,,0,,,,,,0,0,0,,,0,,,,,,0,0,0,,,0,,,0,0,0,,,0,0,,,,,,,,,,,,,,,,,,,,,,,,,,,,,,,,,,,,,,,,,,,,,,,,,,,,,,,,,,,,,,,0,24
9/1/2026,2025,20261246,48259,38910,CNX RESOURCES CORPORATION,Natural Gas,INTRASTATE,PENNSYLVANIA,0,0,0,0,0,0,0,0,0,0,0,0,0,0,0,0,0,0,0,0,0,0,0,0,0,0,0,0,0,0,0,0,0,0,0,0,0,0,0,0,0,0,0,0,0,0,0,0,0,0,0,0,0,0,0,0,0,0,0,0,0,0,0,0,0,0,0,0,0,0,0,0,0,0,0,0,0,0,0,0,0,0,0,0,0,0,0,0,0,0,0,0,0,0,0,0,0,0,0,0,0,0,0,0,0,0,0,0,0,0,0,0,0,0,0,0,0,0,0,0,0,0,0,0,0,0,0,0,0,0,0,0,0,0,0,0,0,0,0,0,0,0,0,0,0,0,0,0,0,0,0,0,0,0,,0,,,0,0,0,,,0,0,,,,,,,,,,,,,,,,,,,,,,,,,,,,,,,,,,,,,,,,,,,,,,,,,,,,,,,,,,,,,,,0,308
9/1/2026,2025,20261246,48259,38910,CNX RESOURCES CORPORATION,Natural Gas,INTRASTATE,VIRGINIA,0,0,0,0,0,0,0,0,0,0,0,0,0,0,0,0,0,0,0,0,0,0,0,0,0,0,0,0,0,0,0,0,0,0,0,0,0,0,0,0,0,0,0,0,0,0,0,0,0,0,0,0,0,0,0,0,0,0,0,0,0,0,0,0,1,0,0,0,0,0,0,0,0,0,0,0,0,0,0,0,0,0,0,0,0,0,0,0,0,0,0,0,0,0,0,0,0,0,0,0,0,0,0,0,0,0,0,0,0,0,0,0,0,0,0,0,0,0,0,0,0,0,0,0,0,0,0,0,0,0,0,0,0,0,0,0,0,0,0,0,0,0,0,0,0,0,0,0,0,0,0,0,1,0,,0,0,0,0,0,0,0,0,0,0,,,,,,,,,,,,,,,,,,,,,,,,,,,,,,,,,,,,,,,,,,,,,,,,,,,,,,,,,,,,,,,0,502
9/1/2026,2025,20261246,48259,38910,CNX RESOURCES CORPORATION,Natural Gas,INTRASTATE,WEST VIRGINIA,,0,,,,,,0,0,0,,,0,,,,,,0,0,0,,,0,,,,,,0,0,0,,,0,,,,,,0,0,0,,,0,,,,,,0,0,0,,,0,,,,,,0,0,1,,,0,,,,,,0,0,0,,,0,,,,,,0,0,0,,,0,,,,,,0,0,0,,,0,,,,,,0,0,0,,,0,,,,,,0,0,0,,,0,,,,,,0,0,0,,,0,,,,,,0,0,0,,,0,,,,,,0,0,1,,,0,,,0,0,0,,,0,0,,,,,,,,,,,,,,,,,,,,,,,,,,,,,,,,,,,,,,,,,,,,,,,,,,,,,,,,,,,,,,,0,577
9/1/2026,2025,20260411,47376,38917,KING-MURRAY OPERATING COMPANY LLC,Natural Gas,INTRASTATE,FLORIDA,0,0,0,0,,,0,,,,,0,0,0,0,,,0,,,,,0,0,0,0,,,0,,,,,0,0,0,0,,,0,,,,,0,0,0,0,,,0,,,,,0,0,0,0,,,0,,,,,0,0,0,0,,,0,,,,,0,0,0,0,,,0,,,,,0,0,0,0,,,0,,,,,0,0,0,0,,,0,,,,,0,0,0,0,,,0,0,0,0,0,0,0,0,0,,,0,0,0,0,0,0,0,0,0,,,0,0,0,0,0,0,0,0,0,,0,,0,0,0,0,0,,0,,,,,,0,,0,,,,,,,,,,,,,,,,,,,,,,,,,,,,,,,0,150,,,,,,,,,,,,,,,,,,,,,,,,,,,,,,,,
9/1/2026,2025,20260392,47357,38920,"CHERRY ISLAND RENEWABLE ENERGY, LLC (CIRE)",Landfill Gas,INTRASTATE,DELAWARE,0,0,0,0,0,0,0,0,0,0,0,0,0,0,0,0,0,0,0,0,0,0,0,0,0,0,0,0,0,0,0,0,0,0,0,0,0,0,0,0,0,0,0,0,0,0,0,0,0,0,0,0,0,0,0,0,0,0,0,0,0,0,0,0,0,0,0,0,0,0,0,0,0,0,0,0,0,0,0,0,0,0,0,0,0,0,0,0,0,0,0,0,0,0,0,0,0,0,0,0,0,0,0,0,0,0,0,0,0,0,0,0,0,0,0,0,0,0,0,0,0,0,0,0,0,0,0,0,0,0,0,0,0,0,0,0,0,0,0,0,0,0,0,0,0,0,0,0,0,0,0,0,0,0,0,,0,0,0,0,0,0,0,0,0,,,,,,,,,,,,,,,,,,,,,,,,,,,,,,,0,38,,,,,,,,,,,,,,,,,,,,,,,,,,,,,,,0,
9/1/2026,2025,20260288,47246,38923,PROSPECTOR PIPELINE COMPANY,Natural Gas,INTRASTATE,NEVADA,0,0,0,0,0,0,0,0,0,0,0,0,0,0,0,0,0,0,0,0,0,0,0,0,0,0,0,0,0,0,0,0,0,0,0,0,0,0,0,0,0,0,0,0,0,0,0,0,0,0,0,0,0,0,0,0,0,0,0,0,0,0,0,0,0,0,0,0,0,0,0,0,0,0,0,0,0,0,0,0,0,0,0,0,0,0,0,0,0,0,0,0,0,0,0,0,0,0,0,0,0,0,0,0,0,0,0,0,0,0,0,0,0,0,0,0,0,0,0,0,0,0,0,0,0,0,0,0,0,0,0,0,0,0,0,0,0,0,0,0,0,0,0,0,0,0,0,0,0,0,0,0,0,0,0,,0,0,0,0,0,0,0,0,0,,,,,,,,,,,,,,,,,,,,,,,,,,,,,,,0,2,,,,,,,,,,,,,,,,,,,,,,,,,,,,,,,0,
9/1/2026,2025,20260526,47505,38925,"NUCOR STEEL KINGMAN, LLC",Natural Gas,INTRASTATE,ARIZONA,0,0,0,0,,,0,,,,,0,0,0,0,,,0,,,,,0,0,0,0,,,0,,,,,0,0,0,0,,,0,,,,,0,0,0,0,,,0,,,,,0,0,0,0,,,0,,,,,0,0,0,0,,,0,,,,,0,0,0,0,,,0,,,,,0,0,0,0,,,0,,,,,0,0,0,0,,,0,,,,,0,0,0,0,,,0,0,0,0,0,0,0,0,0,,,0,0,0,0,0,0,0,0,0,,,0,0,0,0,0,0,0,0,0,,0,,0,0,0,0,0,,0,,,,,,0,,0,0,0,0,0,0,0,0,0,0,0,0,0,0,0,0,0,0,0,0,0,0,0,0,0,0,0,0,0,0,0,0,4,,,,,,,,,,,,,,,,,,,,,,,,,,,,,,,,
9/1/2026,2025,20261301,48314,38926,BLACK BEAR MIDSTREAM LLC,Natural Gas,INTRASTATE,LOUISIANA,,0,0,0,,,,,,0,,,0,0,0,,,,,,0,,,0,0,0,,,,,,0,,,0,0,0,,,,,,0,,,0,0,0,,,,,,0,,,0,0,0,,,,,,0,,,0,0,0,,,,,,0,,,0,0,0,,,,,,0,,,0,0,0,,,,,,0,,,0,0,0,,,,,,0,,,0,0,0,,,,,,0,,,0,0,0,,,,,,0,,,0,0,0,,,,,,0,,,0,0,0,,,,,,0,,0,0,0,,,,0,,0,0,0,0,0,0,0,0,0,0,0,0,0,0,,0,0,0,0,0,0,0,0,0,0,0,0,0,0,0,0,0,0,0,25,0,0,0,0,0,0,0,0,0,0,0,0,0,0,0,0,0,0,0,0,0,0,0,0,0,0,0,0,0,0,0,47
9/1/2026,2025,20260837,47831,38927,UGI ENERGY SERVICES,Natural Gas,INTERSTATE,PENNSYLVANIA,0,0,0,0,,,0,0,0,0,,0,0,0,0,,,0,0,0,0,,0,0,0,0,,,0,0,0,0,,0,0,0,0,,,0,0,0,0,,0,0,0,0,,,0,0,0,0,,0,0,0,0,,,0,0,0,0,,0,0,0,0,,,0,0,0,0,,0,0,0,0,,,0,0,0,0,,0,0,0,0,,,0,0,0,0,,0,0,0,0,,,0,0,0,0,,0,0,0,0,,,0,0,0,0,,0,0,0,0,,,0,0,0,0,,0,0,0,0,,,0,0,0,0,,0,0,0,0,,0,,0,0,0,,0,0,0,,0,0,0,,0,0,0,,,,,,,,,,,,,,,,,,,,,,,,,,,,,,,0,293,,,,,,,,,,,,,,,,,,,,,,,,,,,,,,,0,0
9/1/2026,2025,20260837,47831,38927,UGI ENERGY SERVICES,Natural Gas,INTRASTATE,OHIO,0,0,0,0,0,0,0,0,0,0,0,0,0,0,0,0,0,0,0,0,0,0,0,0,0,0,0,0,0,0,0,0,0,0,0,0,0,0,0,0,0,0,0,0,0,0,0,0,0,0,0,0,0,0,0,0,0,0,0,0,0,0,0,0,0,0,0,0,0,0,0,0,0,0,0,0,0,0,0,0,0,0,0,0,0,0,0,0,0,0,0,0,0,0,0,0,0,0,0,0,0,0,0,0,0,0,0,0,0,0,0,0,0,0,0,0,0,0,0,0,0,0,0,0,0,0,0,0,0,0,0,0,0,0,0,0,0,0,0,0,0,0,0,0,0,0,0,0,0,0,0,0,0,0,0,0,0,0,0,0,0,0,0,0,0,,,,,,,,,,,,,,,,,,,,,,,,,,,,,,,0,0,,,,,,,,,,,,,,,,,,,,,,,,,,,,,,,0,44
9/1/2026,2025,20260837,47831,38927,UGI ENERGY SERVICES,Natural Gas,INTRASTATE,PENNSYLVANIA,0,0,0,0,0,0,0,0,0,0,0,0,0,0,0,0,0,0,0,0,0,0,0,0,0,0,0,0,0,0,0,0,0,0,0,0,0,0,0,0,0,0,0,0,0,0,0,0,0,0,0,0,0,0,0,0,0,0,0,0,0,0,0,0,1,0,0,0,0,0,0,0,0,0,0,0,0,0,0,0,0,0,0,0,0,0,0,0,0,0,0,0,0,0,0,0,0,0,0,0,0,0,0,0,0,0,0,0,0,0,0,0,0,0,0,0,0,0,0,0,0,0,0,0,0,0,0,0,0,0,0,0,0,0,0,0,0,0,0,0,0,0,0,0,0,0,0,0,0,0,0,0,1,0,0,0,0,0,0,0,0,0,0,0,0,,,,,,,,,,,,,,,,,,,,,,,,,,,,,,,0,24,,,,,,,,,,,,,,,,,,,,,,,,,,,,,,,0,2352
9/1/2026,2025,20260837,47831,38927,UGI ENERGY SERVICES,Natural Gas,INTRASTATE,WEST VIRGINIA,0,0,0,0,0,0,0,0,0,0,0,0,0,0,0,0,0,0,0,0,0,0,0,0,0,0,0,0,0,0,0,0,0,0,0,0,0,0,0,0,0,0,0,0,0,0,0,0,0,0,0,0,0,0,0,0,0,0,0,0,0,0,0,0,0,0,0,0,0,0,0,0,0,0,0,0,0,0,0,0,0,0,0,0,0,0,0,0,0,0,0,0,0,0,0,0,0,0,0,0,0,0,0,0,0,0,0,0,0,0,0,0,0,0,0,0,0,0,0,0,0,0,0,0,0,0,0,0,0,0,0,0,0,0,0,0,0,0,0,0,0,0,0,0,0,0,0,0,0,0,0,0,0,0,0,0,0,0,0,0,0,0,0,0,0,,,,,,,,,,,,,,,,,,,,,,,,,,,,,,,0,0,,,,,,,,,,,,,,,,,,,,,,,,,,,,,,,0,382
9/1/2026,2025,20260065,47018,38929,"LYNX OPERATING CO., INC.",Natural Gas,INTRASTATE,TEXAS,0,0,0,0,0,0,0,0,0,0,0,0,0,0,0,0,0,0,0,0,0,0,0,0,0,0,0,0,0,0,0,0,0,0,0,0,0,0,0,0,0,0,0,0,0,0,0,0,0,0,0,0,0,0,0,0,0,0,0,0,0,0,0,0,0,0,0,0,0,0,0,0,0,0,0,0,0,0,0,0,0,0,0,0,0,0,0,0,0,0,0,0,0,0,0,0,0,0,0,0,0,0,0,0,0,0,0,0,0,0,0,0,0,0,0,0,0,0,0,0,0,0,0,0,0,0,0,0,0,0,0,0,0,0,0,0,0,0,0,0,0,0,0,0,0,0,0,0,0,0,0,0,0,0,0,,0,0,0,0,0,0,0,0,0,,,,,,,,,,,,,,,,,,,,,,,,,,,,,,,0,0,,,,,,,,,,,,,,,,,,,,,,,,,,,,,,,0,
9/1/2026,2025,20260879,47875,38932,"BLUESTONE PIPELINE COMPANY OF PA, LLC",Natural Gas,INTRASTATE,NEW YORK,0,0,0,0,0,0,0,0,0,0,0,0,0,0,0,0,0,0,0,0,0,0,0,0,0,0,0,0,0,0,0,0,0,0,0,0,0,0,0,0,0,0,0,0,0,0,0,0,0,0,0,0,0,0,0,0,0,0,0,0,0,0,0,0,0,0,0,0,0,0,0,0,0,0,0,0,0,0,0,0,0,0,0,0,0,0,0,0,0,0,0,0,0,0,0,0,0,0,0,0,0,0,0,0,0,0,0,0,0,0,0,0,0,0,0,0,0,0,0,0,0,0,0,0,0,0,0,0,0,0,0,0,0,0,0,0,0,0,0,0,0,0,0,0,0,0,0,0,0,0,0,0,0,0,,,,,,,,,,,,,,,,,,,,,,,,,,,,,,,,,,,,,,,,,,0,32,,,,,,,,,,,,,,,,,,,,,,,,,,,,,,,,
9/1/2026,2025,20260879,47875,38932,"BLUESTONE PIPELINE COMPANY OF PA, LLC",Natural Gas,INTRASTATE,PENNSYLVANIA,,0,0,0,,0,,0,0,0,0,,0,0,0,,0,,0,0,0,0,,0,0,0,,0,,0,0,0,0,,0,0,0,,0,,0,0,0,0,,0,0,0,,0,,0,0,0,0,,0,0,0,,0,,0,0,0,0,,0,0,0,,0,,0,0,0,0,,0,0,0,,0,,0,0,0,0,,0,0,0,,0,,0,0,0,0,,0,0,0,,0,,0,0,0,0,,0,0,0,,0,,0,0,0,0,,0,0,0,,0,,0,0,0,0,,0,0,0,,0,,0,0,0,0,,0,0,0,,,0,0,0,0,0,,,,,,,,,,,,,,,,,,,,,,,,,,,,,,,,,,,,,,,,,,0,91,,,,,,,,,,,,,,,,,,,,,,,,,,,,,,,0,
9/1/2026,2025,20260014,46954,38941,EMKEY GATHERING LLC,Natural Gas,INTRASTATE,NEW YORK,0,0,0,0,0,0,0,0,0,0,0,0,0,0,0,0,0,0,0,0,0,0,0,0,0,0,0,0,0,0,0,0,0,0,0,0,0,0,0,0,0,0,0,0,0,0,0,0,0,0,0,0,0,0,0,0,0,0,0,0,0,0,0,0,0,0,0,0,0,0,0,0,0,0,0,0,0,0,0,0,0,0,0,0,0,0,0,0,0,0,0,0,0,0,0,0,0,0,0,0,0,0,0,0,0,0,0,0,0,0,0,0,0,0,0,0,0,0,0,0,0,0,0,0,0,0,0,0,0,0,0,0,0,0,0,0,0,0,0,0,0,0,0,0,0,0,0,0,0,0,0,0,0,0,,0,0,0,0,0,0,0,0,0,0,,,,,,,,,,,,,,,,,,,,,,,,,,,,,,,0,,,,,,,,,,,,,,,,,,,,,,,,,,,,,,,,0,121
9/1/2026,2025,20260014,46954,38941,EMKEY GATHERING LLC,Natural Gas,INTRASTATE,PENNSYLVANIA,0,0,0,0,0,0,0,0,0,0,0,0,0,0,0,0,0,0,0,0,0,0,0,0,0,0,0,0,0,0,0,0,0,0,0,0,0,0,0,0,0,0,0,0,0,0,0,0,0,0,0,0,0,0,0,0,0,0,0,0,0,0,0,0,0,0,0,0,0,0,0,0,0,0,0,0,0,0,0,0,0,0,0,0,0,0,0,0,0,0,0,0,0,0,0,0,0,0,0,0,0,0,0,0,0,0,0,0,0,0,0,0,0,0,0,0,0,0,0,0,0,0,0,0,0,0,0,0,0,0,0,0,0,0,0,0,0,0,0,0,0,0,0,0,0,0,0,0,0,0,0,0,0,0,,0,0,0,0,0,0,0,0,0,0,,,,,,,,,,,,,,,,,,,,,,,,,,,,,,,0,,,,,,,,,,,,,,,,,,,,,,,,,,,,,,,,0,1327
9/1/2026,2025,20261042,48047,38943,EAGLE FORD MIDSTREAM LLC,Natural Gas,INTRASTATE,TEXAS,0,0,0,0,0,0,0,0,0,0,0,0,0,0,0,0,0,0,0,0,0,0,0,0,0,0,0,0,0,0,0,0,0,0,0,0,0,0,0,0,0,0,0,0,0,0,0,0,0,0,0,0,0,0,0,0,0,0,0,0,0,0,0,0,0,0,0,0,0,0,0,0,0,0,0,0,0,0,0,0,0,0,0,0,0,0,0,0,0,0,0,0,0,0,0,0,0,0,0,0,0,0,0,0,0,0,0,0,0,0,0,0,0,0,0,0,0,0,0,0,0,0,0,0,0,0,0,0,0,0,0,0,0,0,0,0,0,0,0,0,0,0,0,0,0,0,0,0,0,0,0,0,0,0,0,,0,0,0,0,0,0,0,0,0,0,0,0,0,0,0,0,0,0,0,0,0,0,0,0,0,0,0,0,0,0,0,0,0,0,0,0,0,0,0,0,279,,,,,,,,,,,,,,,,,,,,,,,,,,,,,,,0,
9/1/2026,2025,20260893,47889,38947,KINDER MORGAN ALTAMONT LLC,Natural Gas,INTRASTATE,UTAH,0,0,0,0,0,0,0,0,0,0,0,0,0,0,0,0,0,0,0,0,0,0,0,0,0,0,0,0,0,0,0,0,0,0,0,0,0,0,0,0,0,0,0,0,0,0,0,0,0,0,0,0,0,0,0,0,0,0,0,0,0,0,0,0,0,0,0,0,0,0,0,0,0,0,0,0,0,0,0,0,0,0,0,0,0,0,0,0,0,0,0,0,0,0,0,0,0,0,0,0,0,0,0,0,0,0,0,0,0,0,0,0,0,0,0,0,0,0,0,0,0,0,0,0,0,0,0,0,0,0,0,0,0,0,0,0,0,0,0,0,0,0,0,0,0,0,0,0,0,0,0,0,0,0,,0,0,0,0,0,0,0,0,0,0,,,,,,,,,,,,,,,,,,,,,,,,,,,,,,,0,,0,0,0,0,0,0,0,0,0,0,0,0,0,0,0,0,0,0,0,0,0,0,0,0,0,0,0,0,0,0,0,0
9/1/2026,2025,20261362,48375,38949,"NAVARRO MIDSTREAM SERVICES, LLC.",Natural Gas,INTRASTATE,TEXAS,,0,,,,,,0,0,0,,,0,,,,,,0,0,0,,,0,,,,,,0,0,0,,,0,,,,,,0,0,0,,,0,,,,,,0,0,0,,,0,,,,,,0,0,0,,,0,,,,,,0,0,0,,,0,,,,,,0,0,0,,,0,,,,,,0,0,0,,,0,,,,,,0,0,0,,,0,,,,,,0,0,0,,,0,,,,,,0,0,0,,,0,,,,,,0,0,0,,,0,,,,,,0,0,0,,,0,,,0,0,0,,,0,0,,,,,,,,,,,,,,,,,,,,,,,,,,,,,,,0,,,,,,,,,,,,,,,,,,,,,,,,,,,,,,,,0,0
9/1/2026,2025,20260817,47810,38950,"CADEVILLE GAS STORAGE, LLC",Natural Gas,INTERSTATE,LOUISIANA,0,0,0,0,0,0,0,0,0,0,0,0,0,0,0,0,0,0,0,0,0,0,0,0,0,0,0,0,0,0,0,0,0,0,0,0,0,0,0,0,0,0,0,0,0,0,0,0,0,0,0,0,0,0,0,0,0,0,2,0,0,0,0,0,0,0,0,0,0,1,0,0,0,0,0,0,0,0,0,0,0,0,0,0,0,0,0,0,0,0,0,0,0,0,0,0,0,0,0,0,0,0,0,0,0,0,0,0,0,0,0,0,0,1,0,0,0,0,0,0,0,0,0,0,0,0,0,0,0,0,0,0,0,0,0,0,0,0,0,0,0,0,0,0,0,0,4,0,0,0,0,0,0,0,,,,,,,,,,,,,,,,,,,,,,,,,,,,,,,,,,,,,,,,,,0,18,,,,,,,,,,,,,,,,,,,,,,,,,,,,,,,,
9/1/2026,2025,20260241,47199,38951,"PENNSYLVANIA GENERAL ENERGY COMPANY, LLC",Natural Gas,INTRASTATE,PENNSYLVANIA,,0,,,,,,0,0,0,,,0,,,,,,0,0,0,,,0,,,,,,0,0,0,,,0,,,,,,0,0,0,,,0,,,,,,0,0,0,,,0,,,,,,0,0,0,,,0,,,,,,0,0,0,,,0,,,,,,0,0,0,,,0,,,,,,0,0,0,,,0,,,,,,0,0,0,,,0,,,,,,0,0,0,,,0,,,,,,0,0,0,,,0,,,,,,0,0,0,,,0,,,,,,0,0,0,,,0,,,0,0,0,,,0,0,,,,,,,,,,,,,,,,,,,,,,,,,,,,,,,,,,,,,,,,,,,,,,,,,,,,,,,,,,,,,,,0,80
9/1/2026,2025,20260346,47309,38952,TPL ARKOMA HOLDINGS LLC,Natural Gas,INTRASTATE,OKLAHOMA,0,0,0,0,0,0,0,0,0,0,0,0,0,0,0,0,0,0,0,0,0,0,0,0,0,0,0,0,0,0,0,0,0,0,0,0,0,0,0,0,0,0,0,0,0,0,0,0,0,0,0,0,0,0,0,0,0,0,0,0,0,0,0,0,0,0,0,0,0,0,0,0,0,0,0,0,0,0,0,0,0,0,0,0,0,0,0,0,0,0,0,0,0,0,0,0,0,0,0,0,0,0,0,0,0,0,0,0,0,0,0,0,0,0,0,0,0,0,0,0,0,0,0,0,0,0,0,0,0,0,0,0,0,0,0,0,0,0,0,0,0,0,0,0,0,0,0,0,0,0,0,0,0,0,0,0,0,0,0,0,0,0,0,0,0,,,,,,,,,,,,,,,,,,,,,,,,,,,,,,,0,0,,,,,,,,,,,,,,,,,,,,,,,,,,,,,,,0,1476
9/1/2026,2025,20261417,48444,38954,ALLEGHENY LAND AND EXPLORATION,Natural Gas,INTRASTATE,PENNSYLVANIA,0,0,0,0,0,0,0,0,0,0,0,0,0,0,0,0,0,0,0,0,0,0,0,0,0,0,0,0,0,0,0,0,0,0,0,0,0,0,0,0,0,0,0,0,0,0,0,0,0,0,0,0,0,0,0,0,0,0,0,0,0,0,0,0,0,0,0,0,0,0,0,0,0,0,0,0,0,0,0,0,0,0,0,0,0,0,0,0,0,0,0,0,0,0,0,0,0,0,0,0,0,0,0,0,0,0,0,0,0,0,0,0,0,0,0,0,0,0,0,0,0,0,0,0,0,0,0,0,0,0,0,0,0,0,0,0,0,0,0,0,0,0,0,0,0,0,0,0,0,0,0,0,0,0,,0,0,0,0,0,0,0,0,0,0,,,,,,,,,,,,,,,,,,,,,,,,,,,,,,,0,,,,,,,,,,,,,,,,,,,,,,,,,,,,,,,,0,1580
9/1/2026,2025,20260156,47111,38955,SENECA LANDFILL,Other Gas-processed landfill gas,INTRASTATE,PENNSYLVANIA,0,0,0,0,0,0,0,0,0,0,0,0,0,0,0,0,0,0,0,0,0,0,0,0,0,0,0,0,0,0,0,0,0,0,0,0,0,0,0,0,0,0,0,0,0,0,0,0,0,0,0,0,0,0,0,0,0,0,0,0,0,0,0,0,0,0,0,0,0,0,0,0,0,0,0,0,0,0,0,0,0,0,0,0,0,0,0,0,0,0,0,0,0,0,0,0,0,0,0,0,0,0,0,0,0,0,0,0,0,0,0,0,0,0,0,0,0,0,0,0,0,0,0,0,0,0,0,0,0,0,0,0,0,0,0,0,0,0,0,0,0,0,0,0,0,0,0,0,0,0,0,0,0,0,0,,0,0,0,0,0,0,0,0,0,,,,,,,,,,,,,,,,,,,,,,,,,,,,,,,0,29,,,,,,,,,,,,,,,,,,,,,,,,,,,,,,,0,
9/1/2026,2025,20260183,47140,38958,"PPG, LLC",Natural Gas,INTRASTATE,MICHIGAN,,0,,,,,,0,0,0,,,0,,,,,,0,0,0,,,0,,,,,,0,0,0,,,0,,,,,,0,0,0,,,0,,,,,,0,0,0,,,0,,,,,,0,0,0,,,0,,,,,,0,0,0,,,0,,,,,,0,0,0,,,0,,,,,,0,0,0,,,0,,,,,,0,0,0,,,0,,,,,,0,0,0,,,0,,,,,,0,0,0,,,0,,,,,,0,0,0,,,0,,,,,,0,0,0,,,0,,,0,0,0,,,0,0,,,,,,,,,,,,,,,,,,,,,,,,,,,,,,,,,,,,,,,,,,,,,,,,,,,,,,,,,,,,,,,0,36
9/1/2026,2025,20260683,47668,38959,CITY OF MIDLAND UTILITIES DIVISION,Natural Gas,INTRASTATE,MICHIGAN,0,0,0,0,,,0,,,,,0,0,0,0,,,0,,,,,0,0,0,0,,,0,,,,,0,0,0,0,,,0,,,,,0,0,0,0,,,0,,,,,0,0,0,0,,,0,,,,,0,0,0,0,,,0,,,,,0,0,0,0,,,0,,,,,0,0,0,0,,,0,,,,,0,0,0,0,,,0,,,,,0,0,0,0,,,0,0,0,0,0,0,0,0,0,,,0,0,0,0,0,0,0,0,0,,,0,0,0,0,0,0,0,0,0,,0,,0,0,0,0,0,,0,,,,,,0,,0,,,,,,,,,,,,,,,,,,,,,,,,,,,,,,,0,162,,,,,,,,,,,,,,,,,,,,,,,,,,,,,,,0,
9/1/2026,2025,20260955,47954,38965,"CITY OF ALBUQUERQUE, SOLID WASTE MANAGEMENT DEPT.",Landfill Gas,INTRASTATE,NEW MEXICO,0,0,0,0,0,0,0,0,0,0,0,0,0,0,0,0,0,0,0,0,0,0,0,0,0,0,0,0,0,0,0,0,0,0,0,0,0,0,0,0,0,0,0,0,0,0,0,0,0,0,0,0,0,0,0,0,0,0,0,0,0,0,0,0,0,0,0,0,0,0,0,0,0,0,0,0,0,0,0,0,0,0,0,0,0,0,0,0,0,0,0,0,0,0,0,0,0,0,0,0,0,0,0,0,0,0,0,0,0,0,0,0,0,0,0,0,0,0,0,0,0,0,0,0,0,0,0,0,0,0,0,0,0,0,0,0,0,0,0,0,0,0,0,0,0,0,0,0,0,0,0,0,0,0,0,,0,0,0,0,0,0,0,0,0,,,,,,,,,,,,,,,,,,,,,,,,,,,,,,,0,5,,,,,,,,,,,,,,,,,,,,,,,,,,,,,,,0,
9/1/2026,2025,20261357,48370,38967,LIBERTY ENERGY (GEORGIA) CORP D/B/A LIBERTY UTILITIES GEORGIA,Natural Gas,INTRASTATE,GEORGIA,0,0,0,0,0,0,0,0,0,0,0,0,0,0,0,0,0,0,0,0,0,0,0,0,0,0,0,0,0,0,0,0,0,0,0,0,0,0,0,0,0,0,0,0,0,0,0,0,0,0,0,0,0,0,0,0,0,0,0,0,0,0,0,0,0,0,0,0,0,0,0,0,0,0,0,0,0,0,0,0,0,0,0,0,0,0,0,0,0,0,0,0,0,0,0,0,0,0,0,0,0,0,0,0,0,0,0,0,0,0,0,0,0,0,0,0,0,0,0,0,0,0,0,1,0,0,0,0,0,0,0,0,0,0,0,0,0,0,0,0,0,0,0,0,0,1,0,0,0,0,0,0,0,0,0,,0,0,0,0,0,0,0,0,0,,,,,,,,,,,,,,,,,0,0,,,,,,,,,,,,,0,46,,,,,,,,,,,,,,,,,,,,,,,,,,,,,,,0,
9/1/2026,2025,20260166,47121,38972,ORANGE COUNTY SANITATION DISTRICT,Other Gas-Methane,INTRASTATE,CALIFORNIA,0,0,0,0,0,0,0,0,0,0,0,0,0,0,0,0,0,0,0,0,0,0,0,0,0,0,0,0,0,0,0,0,0,0,0,0,0,0,0,0,0,0,0,0,0,0,0,0,0,0,0,0,0,0,0,0,0,0,0,0,0,0,0,0,0,0,0,0,0,0,0,0,0,0,0,0,0,0,0,0,0,0,0,0,0,0,0,0,0,0,0,0,0,0,0,0,0,0,0,0,0,0,0,0,0,0,0,0,0,0,0,0,0,0,0,0,0,0,0,0,0,0,0,0,0,0,0,0,0,0,0,0,0,0,0,0,0,0,0,0,0,0,0,0,0,0,0,0,0,0,0,0,0,0,0,,0,0,0,0,0,0,0,0,0,,,,,,,,,,,,,,,,,,,,,,,,,,,,,,,0,30,,,,,,,,,,,,,,,,,,,,,,,,,,,,,,,0,
9/1/2026,2025,20260164,47119,38987,KINETICA ENERGY EXPRESS LLC,Natural Gas,INTERSTATE,LOUISIANA,0,0,0,0,0,0,0,0,0,0,0,0,0,0,0,0,0,0,0,0,0,0,0,0,0,0,0,0,0,0,0,0,0,0,0,0,0,0,0,0,0,0,0,0,0,0,0,0,0,0,0,0,0,0,0,0,0,0,0,0,0,0,0,0,0,0,0,0,0,0,0,0,0,0,0,0,0,0,0,0,0,0,0,0,0,0,0,0,0,0,0,0,0,0,0,0,0,0,0,0,0,0,0,0,0,0,0,0,0,0,0,0,0,0,0,0,0,0,0,0,0,0,0,0,0,0,0,0,0,0,0,0,0,0,0,0,0,0,0,0,0,0,0,0,0,0,0,0,0,0,0,0,0,0,0,0,0,0,0,0,0,0,0,0,0,,,,,,,,,,,,,,,,,,,,,,,,,,,,,,,0,1926,,,,,,,,,,,,,,,,,,,,,,,,,,,,,,,0,0
9/1/2026,2025,20260164,47119,38987,KINETICA ENERGY EXPRESS LLC,Natural Gas,INTERSTATE,OCS-Gulf of America,0,0,0,0,0,0,0,0,0,0,0,0,0,0,0,0,1,0,0,0,0,0,0,0,0,0,0,0,0,0,0,0,0,0,0,0,0,0,0,0,0,0,0,0,0,0,0,0,0,0,0,0,0,0,0,0,0,0,0,0,0,0,0,0,0,0,0,0,0,0,0,0,0,0,0,0,0,0,0,0,0,0,0,0,0,0,0,0,0,0,0,0,0,0,0,0,0,0,0,0,0,0,0,0,0,0,0,0,0,0,0,0,0,0,0,0,0,0,0,0,0,0,0,0,0,0,0,0,0,0,0,0,0,0,0,0,0,0,0,0,0,0,0,0,0,0,0,0,0,1,0,0,0,0,0,0,0,1,0,0,0,0,1,0,1,,,,,,,,,,,,,,,,,,,,,,,,,,,,,,,0,24,,,,,,,,,,,,,,,,,,,,,,,,,,,,,,,,
9/1/2026,2025,20260164,47119,38987,KINETICA ENERGY EXPRESS LLC,Natural Gas,INTERSTATE,TEXAS,0,0,0,0,0,0,0,0,0,0,0,0,0,0,0,0,0,0,0,0,0,0,0,0,0,0,0,0,0,0,0,0,0,0,0,0,0,0,0,0,0,0,0,0,0,0,0,0,0,0,0,0,0,0,0,0,0,0,0,0,0,0,0,0,0,0,0,0,0,0,0,0,0,0,0,0,0,0,0,0,0,0,0,0,0,0,0,0,0,0,0,0,0,0,0,0,0,0,0,0,0,0,0,0,0,0,0,0,0,0,0,0,0,0,0,0,0,0,0,0,0,0,0,0,0,0,0,0,0,0,0,0,0,0,0,0,0,0,0,0,0,0,0,0,0,0,0,0,0,0,0,0,0,0,,,,,,,,,,,,,,,,,,,,,,,,,,,,,,,,,,,,,,,,,,0,0,,,,,,,,,,,,,,,,,,,,,,,,,,,,,,,,
9/1/2026,2025,20260164,47119,38987,KINETICA ENERGY EXPRESS LLC,Natural Gas,INTRASTATE,LOUISIANA,,,,,,,,,,,,,,,,,,,,,,,,,,,,,,,,,,,,,,,,,,,,,,,,,,,,,,,,,,,,,,,,,,,,,,,,,,,,,,,,,,,,,,,,,,,,,,,,,,,,,,,,,,,,,,,,,,,,,,,,,,,,,,,,,,,,,,,,,,,,,,,,,,,,,,,,,,,,,,,,,,,,,,,,,,,,,,,,,,,,,,,,,,,,,,,,,,,,0,0,,,,,,,,,,,,,,,,,,,,,,,,,,,,,,,0,207
9/1/2026,2025,20260164,47119,38987,KINETICA ENERGY EXPRESS LLC,Natural Gas,INTRASTATE,OCS-Gulf of America,0,0,0,0,0,0,0,0,0,0,0,0,0,0,0,0,0,0,0,0,0,0,0,0,0,0,0,0,0,0,0,0,0,0,0,0,0,0,0,0,0,0,0,0,0,0,0,0,0,0,0,0,0,0,0,0,0,0,0,0,0,0,0,0,0,0,0,0,0,0,0,0,0,0,0,0,0,0,0,0,0,0,0,0,0,0,0,0,0,0,0,0,0,0,0,0,0,0,0,0,0,0,0,0,0,0,0,0,0,0,0,0,0,0,0,0,0,0,0,0,0,0,0,0,0,0,0,0,0,0,0,0,0,0,0,0,0,0,0,0,0,0,0,0,0,0,0,0,0,0,0,0,0,0,0,0,0,0,0,0,0,0,0,0,0,,,,,,,,,,,,,,,,,,,,,,,,,,,,,,,0,0,,,,,,,,,,,,,,,,,,,,,,,,,,,,,,,0,21
9/1/2026,2025,20260164,47119,38987,KINETICA ENERGY EXPRESS LLC,Natural Gas,INTRASTATE,TEXAS,,,,,,,,,,,,,,,,,,,,,,,,,,,,,,,,,,,,,,,,,,,,,,,,,,,,,,,,,,,,,,,,,,,,,,,,,,,,,,,,,,,,,,,,,,,,,,,,,,,,,,,,,,,,,,,,,,,,,,,,,,,,,,,,,,,,,,,,,,,,,,,,,,,,,,,,,,,,,0,0,0,0,0,0,0,0,0,,,,,,,,,,,,,,,,,,,,,,,,,,,,,,,0,0,,,,,,,,,,,,,,,,,,,,,,,,,,,,,,,0,0
9/1/2026,2025,20261449,48517,38989,EMERALD GATHERING AND TRANSMISSION,Natural Gas,INTRASTATE,TEXAS,0,0,0,0,0,0,0,0,0,0,0,0,0,0,0,0,0,0,0,0,0,0,0,0,0,0,0,0,0,0,0,0,0,0,0,0,0,0,0,0,0,0,0,0,0,0,0,0,0,0,0,0,0,0,0,0,0,0,0,0,0,0,0,0,0,0,0,0,0,0,0,0,0,0,0,0,0,0,0,0,0,0,0,0,0,0,0,0,0,0,0,0,0,0,0,0,0,0,0,0,0,0,0,0,0,0,0,0,0,0,0,0,0,0,0,0,0,0,0,0,0,0,0,0,0,0,0,0,0,0,0,0,0,0,0,0,0,0,0,0,0,0,0,0,0,0,0,0,0,0,0,0,0,0,,0,0,0,0,0,0,0,0,0,0,,,,,,,,,,,,,,,,,,,,,,,,,,,,,,,0,,0,0,0,0,0,0,0,0,0,0,0,0,0,0,0,0,0,0,0,0,0,0,0,0,0,0,0,0,0,0,0,417
9/1/2026,2025,20260897,47893,39003,"DTM APPALACHIA GATHERING, LLC",Natural Gas,INTRASTATE,PENNSYLVANIA,0,0,0,0,0,0,0,0,0,0,0,0,0,0,0,0,0,0,0,0,0,0,0,0,0,0,0,0,0,0,0,0,0,0,0,0,0,0,0,0,0,0,0,0,0,0,0,0,0,0,0,0,0,0,0,0,0,0,0,0,0,0,0,0,0,0,0,0,0,0,0,0,0,0,0,0,0,0,0,0,0,0,0,0,0,0,0,0,0,0,0,0,0,0,0,0,0,0,0,0,0,0,0,0,0,0,0,0,0,0,0,0,0,0,0,0,0,0,0,0,0,0,0,0,0,0,0,0,0,0,0,0,0,0,0,0,0,0,0,0,0,0,0,0,0,0,0,0,0,0,0,0,0,0,,0,0,0,0,0,0,0,0,0,0,,,,,,,,,,,,,,,,,,,,,,,,,,,,,,,0,,,,,,,,,,,,,,,,,,,,,,,,,,,,,,,,0,81
9/1/2026,2025,20260897,47893,39003,"DTM APPALACHIA GATHERING, LLC",Natural Gas,INTRASTATE,WEST VIRGINIA,,0,,,,,,0,,0,,,0,,,,,,0,,0,,,0,,,,,,0,,0,,,0,,,,,,0,,0,,,0,,,,,,0,,0,,,0,,,,,,0,,1,,,0,,,,,,0,,0,,,0,,,,,,0,,0,,,0,,,,,,0,,0,,,0,,,,,,0,,0,,,0,,,,,,0,,0,,,0,,,,,,0,,0,,,0,,,,,,0,,0,,,0,,,,,,0,,1,,,0,,,0,,0,,,0,0,,,,,,,,,,,,,,,,,,,,,,,,,,,,,,,,,,,,,,,,,,,,,,,,,,,,,,,,,,,,,,,0,2384
9/1/2026,2025,20260889,47885,39010,"BLUE RACER MIDSTREAM, LLC",Natural Gas,INTRASTATE,OHIO,,,,,,,,0,0,0,,,,,,,,,0,0,0,,,,,,,,,0,0,0,,,,,,,,,0,0,0,,,,,,,,,0,0,0,,,,,,,,,0,0,1,,,,,,,,,0,0,0,,,,,,,,,0,0,0,,,,,,,,,0,0,0,,,,,,,,,0,0,0,,,,,,,,,0,0,0,,,,,,,,,0,0,0,,,,,,,,,0,0,0,,,,,,,,,0,0,1,,,,,,,,,,,,,,,,,,,,,,,,,,,,,,,,,,,,,,,,,,,,,,,,,,,,,,,,,,,,,,,,,,,,,,,,,,,0,0
9/1/2026,2025,20260889,47885,39010,"BLUE RACER MIDSTREAM, LLC",Natural Gas,INTRASTATE,WEST VIRGINIA,,,,,,,,0,0,0,,,,,,,,,0,0,0,,,,,,,,,0,0,0,,,,,,,,,0,0,0,,,,,,,,,0,0,0,,,,,,,,,0,0,0,,,,,,,,,0,0,0,,,,,,,,,0,0,0,,,,,,,,,0,0,0,,,,,,,,,0,0,0,,,,,,,,,0,0,0,,,,,,,,,0,0,0,,,,,,,,,0,0,0,,,,,,,,,0,0,0,,,,,,,,,,,,,,,,,,,,,,,,,,,,,,,,,,,,,,,,,,,,,,,,,,,,,,,,,,,,,,,,,,,,,,,,,,,0,0
9/1/2026,2025,20260918,47915,39012,"SUMMIT MIDSTREAM PARTNERS, LLC",Natural Gas,INTRASTATE,COLORADO,0,0,0,0,0,0,0,0,0,0,0,0,0,0,0,0,0,0,2,0,3,0,0,0,0,0,0,0,0,0,0,0,0,0,0,0,0,0,0,0,0,0,0,0,0,0,0,0,0,0,0,0,0,0,0,0,0,0,0,0,0,0,0,0,0,0,0,0,0,0,0,0,0,0,0,0,0,0,0,0,0,0,0,0,0,0,0,0,0,0,0,0,0,0,0,0,0,0,0,0,0,0,0,0,0,0,0,0,0,0,0,0,0,0,0,0,0,0,0,0,0,0,0,0,0,0,0,0,0,0,0,0,0,0,0,0,0,0,0,0,0,0,0,0,0,0,0,0,0,0,2,0,3,0,,0,0,0,0,0,0,0,0,0,0,,,,,,,,,,,,,,,,,,,,,,,,,,,,,,,0,,,,,,,,,,,,,,,,,,,,,,,,,,,,,,,,0,1428
9/1/2026,2025,20260223,47181,39022,"FINLEY RESOURCES, INC.",Natural Gas,INTRASTATE,TEXAS,,0,,,,,,,0,,,,0,,,,,,,0,,,,0,,,,,,,0,,,,0,,,,,,,0,,,,0,,,,,,,0,,,,0,,,,,,,0,,,,0,,,,,,,0,,,,0,,,,,,,0,,,,0,,,,,,,0,,,,0,,,,,,,0,,,,0,,,,,,,0,,,,0,,,,,,,0,,,,0,,,,,,,0,,,,0,,,,,,,0,,,,0,0,0,0,0,0,0,0,0,0,,,,,,,,,,,,,,,,,,,,,,,,,,,,,,,0,,,,,,,,,,,,,,,,,,,,,,,,,,,,,,,,0,53
9/1/2026,2025,20260566,47548,39027,NRG ENERGY SERVICES,Natural Gas,INTRASTATE,CALIFORNIA,,,,,,,,,,,,,,,,,,,,,,,,,,,,,,,,,,,,,,,,,,,,,,,,,,,,,,,,,,,,,,,,,,,,,,,,,,,,,,,,,,,,,,,,,,,,,,,,,,,,,,,,,,,,,,,,,,,,,,,,,,,,,,,,,,,,,,,,,,,,,,,,,,,,,,,,,,,,,,,,,,,,,,0,0,0,0,0,0,0,0,0,0,0,0,0,0,0,0,0,0,0,0,0,0,0,0,0,0,0,0,0,0,0,2,,,,,,,,,,,,,,,,,,,,,,,,,,,,,,,0,
9/1/2026,2025,20260678,48486,39031,MINARD RUN OIL CO.,Natural Gas,INTRASTATE,PENNSYLVANIA,0,0,0,0,0,0,0,0,0,0,0,0,0,0,0,0,0,0,0,0,0,0,0,0,0,0,0,0,0,0,0,0,0,0,0,0,0,0,0,0,0,0,0,0,0,0,0,0,0,0,0,0,0,0,0,0,0,0,0,0,0,0,0,0,0,0,0,0,0,0,0,0,0,0,0,0,0,0,0,0,0,0,0,0,0,0,0,0,0,0,0,0,0,0,0,0,0,0,0,0,0,0,0,0,0,0,0,0,0,0,0,0,0,0,0,0,0,0,0,0,0,0,0,0,0,0,0,0,0,0,0,0,0,0,0,0,0,0,0,0,0,0,0,0,0,0,0,0,0,0,0,0,0,0,,0,0,0,0,0,0,0,0,0,0,,,,,,,,,,,,,,,,,,,,,,,,,,,,,,,0,,,,,,,,,,,,,,,,,,,,,,,,,,,,,,,,0,0
9/1/2026,2025,20260705,47692,39033,"NESSON GATHERING SYSTEM, LLC",Natural Gas,INTRASTATE,NORTH DAKOTA,,0,,,,,,,,0,,,0,,,,,,,,0,,,0,,,,,,,,0,,,0,,,,,,,,0,,,0,,,,,,,,0,,,0,,,,,,,,0,,,0,,,,,,,,0,,,0,,,,,,,,0,,,0,,,,,,,,0,,,0,,,,,,,,0,,,0,,,,,,,,0,,,0,,,,,,,,0,,,0,,,,,,,,0,,,0,,,,,,,,0,,,0,,,,,0,,,0,0,,,,,,,,,,,,,,,,,,,,,,,,,,,,,,,,,0,0,0,0,0,0,0,0,0,0,0,0,0,0,0,0,0,0,0,0,0,0,0,0,0,0,0,0,0,0,0,1671
9/1/2026,2025,20260630,47615,39035,CANES MIDSTREAM G&P LLC,Natural Gas,INTRASTATE,TEXAS,0,0,0,0,,,0,0,0,0,,0,0,0,0,,,0,0,0,0,,0,0,0,0,,,0,0,0,0,,0,0,0,0,,,0,0,0,0,,0,0,0,0,,,0,0,0,0,,0,0,0,0,,,0,0,0,0,,0,0,0,0,,,0,0,0,0,,0,0,0,0,,,0,0,0,0,,0,0,0,0,,,0,0,0,0,,0,0,0,0,,,0,0,0,0,,0,0,0,0,,,0,0,0,0,,0,0,0,0,,,0,0,0,0,,0,0,0,0,,,0,0,0,0,,0,0,0,0,,0,,0,0,0,,0,0,0,,0,0,0,,0,0,0,,,,,,,,,,,,,,,,,,,,,,,,,,,,,,,0,2697,,,,,,,,,,,,,,,,,,,,,,,,,,,,,,,0,2697
9/1/2026,2025,20260077,47031,39063,"CORN, LP",Natural Gas,INTRASTATE,IOWA,0,0,0,0,0,0,0,0,0,0,0,0,0,0,0,0,0,0,0,0,0,0,0,0,0,0,0,0,0,0,0,0,0,0,0,0,0,0,0,0,0,0,0,0,0,0,0,0,0,0,0,0,0,0,0,0,0,0,0,0,0,0,0,0,0,0,0,0,0,0,0,0,0,0,0,0,0,0,0,0,0,0,0,0,0,0,0,0,0,0,0,0,0,0,0,0,0,0,0,0,0,0,0,0,0,0,0,0,0,0,0,0,0,0,0,0,0,0,0,0,0,0,0,0,0,0,0,0,0,0,0,0,0,0,0,0,0,0,0,0,0,0,0,0,0,0,0,0,0,0,0,0,0,0,0,,0,0,0,0,0,0,0,0,0,,,,,,,,,,,,,,,,,,,,,,,,,,,,,,,0,39,,,,,,,,,,,,,,,,,,,,,,,,,,,,,,,0,
9/1/2026,2025,20261308,48321,39065,HESS ND,Natural Gas,INTRASTATE,NORTH DAKOTA,,0,0,0,,,,0,,0,,,0,0,0,,,,0,,0,,,0,0,0,,,,0,,0,,,0,0,0,,,,0,,0,,,0,0,0,,,,0,,0,,,0,0,0,,,,0,,0,,,0,0,0,,,,0,,0,,,0,0,0,,,,0,,0,,,0,0,0,,,,0,,0,,,0,0,0,,,,0,,0,,,0,0,0,,,,0,,0,,,0,0,0,,,,0,,0,,,0,0,0,,,,0,,0,,,0,0,0,,,,0,,0,,,,,,0,,0,,,0,0,,,,,,,,,,,,,,,,,,,,,,,,,,,,,,,0,57,,,,,,,,,,,,,,,,,,,,,,,,,,,,,,,0,1106
9/1/2026,2025,20261179,48192,39066,"SUMMIT NATURAL GAS OF MAINE, INC.",Natural Gas,INTRASTATE,MAINE,0,0,0,0,0,0,0,0,0,0,0,0,0,0,0,0,0,0,0,0,0,0,0,0,0,0,0,0,0,0,0,0,0,0,0,0,0,0,0,0,0,0,0,0,0,0,0,0,0,0,0,0,0,0,0,0,0,0,0,0,0,0,0,0,0,0,0,0,0,0,0,0,0,0,0,0,0,0,0,0,0,0,0,0,0,0,0,0,0,0,0,0,0,0,0,0,0,0,0,0,0,0,0,0,0,0,0,0,0,0,0,0,0,0,0,0,0,0,0,0,0,0,0,0,0,0,0,0,0,0,0,0,0,0,0,0,0,0,0,0,0,0,0,0,0,0,0,0,0,0,0,0,0,0,0,,0,0,0,0,0,0,0,0,0,0,0,0,0,0,0,0,0,0,0,0,0,0,0,0,0,0,0,0,0,0,0,0,0,0,0,0,0,0,0,0,619,,,,,,,,,,,,,,,,,,,,,,,,,,,,,,,0,
9/1/2026,2025,20260263,47221,39067,"POET BIOPROCESSING - ARTHUR, LLC",Natural Gas,INTRASTATE,IOWA,0,0,0,0,,,0,,,,,0,0,0,0,,,0,,,,,0,0,0,0,,,0,,,,,0,0,0,0,,,0,,,,,0,0,0,0,,,0,,,,,0,0,0,0,,,0,,,,,0,0,0,0,,,0,,,,,0,0,0,0,,,0,,,,,0,0,0,0,,,0,,,,,0,0,0,0,,,0,,,,,0,0,0,0,,,0,0,0,0,0,0,0,0,0,,,0,0,0,0,0,0,0,0,0,,,0,0,0,0,0,0,0,0,0,,0,,0,0,0,0,0,,0,,,,,,0,,0,,,,,,,,,,,,,,,,,,,,,,,,,,,,,,,0,12,,,,,,,,,,,,,,,,,,,,,,,,,,,,,,,,
9/1/2026,2025,20260079,47033,39070,"PGP OPERATING, LLC",Natural Gas,INTRASTATE,ALABAMA,0,0,0,0,,,0,0,0,0,,0,0,0,0,,,0,0,0,0,,0,0,0,0,,,0,0,0,0,,0,0,0,0,,,0,0,0,0,,0,0,0,0,,,0,0,0,0,,0,0,0,0,,,0,0,0,0,,0,0,0,0,,,0,0,0,0,,0,0,0,0,,,0,0,0,0,,0,0,0,0,,,0,0,0,0,,0,0,0,0,,,0,0,0,0,,0,0,0,0,,,0,0,0,0,,0,0,0,0,,,0,0,0,0,,0,0,0,0,,,0,0,0,0,,0,0,0,0,,0,,0,0,0,,0,0,0,,0,0,0,,0,0,0,0,0,0,0,0,0,0,0,0,0,0,0,0,0,0,0,0,0,0,0,0,0,0,0,0,0,0,0,0,0,0,0,0,0,0,0,0,0,0,0,0,0,0,0,0,0,0,0,0,0,0,0,0,0,0,0,0,0,0,0,0,0,0,1
9/1/2026,2025,20260248,47206,39073,METHANEX BEAUMONT LLC,Natural Gas,INTRASTATE,TEXAS,0,0,0,0,0,0,0,0,0,0,0,0,0,0,0,0,0,0,0,0,0,0,0,0,0,0,0,0,0,0,0,0,0,0,0,0,0,0,0,0,0,0,0,0,0,0,0,0,0,0,0,0,0,0,0,0,0,0,0,0,0,0,0,0,0,0,0,0,0,0,0,0,0,0,0,0,0,0,0,0,0,0,0,0,0,0,0,0,0,0,0,0,0,0,0,0,0,0,0,0,0,0,0,0,0,0,0,0,0,0,0,0,0,0,0,0,0,0,0,0,0,0,0,0,0,0,0,0,0,0,0,0,0,0,0,0,0,0,0,0,0,0,0,0,0,0,0,0,0,0,0,0,0,0,0,,0,0,0,0,0,0,0,0,0,,,,,,,,,,,,,,,,,,,,,,,,,,,,,,,0,52,,,,,,,,,,,,,,,,,,,,,,,,,,,,,,,0,
9/1/2026,2025,20260557,47539,39074,"ELK HILLS POWER, LLC",Natural Gas,INTRASTATE,CALIFORNIA,0,0,0,0,,,0,,,,,0,0,0,0,,,0,,,,,0,0,0,0,,,0,,,,,0,0,0,0,,,0,,,,,0,0,0,0,,,0,,,,,0,0,0,0,,,0,,,,,0,0,0,0,,,0,,,,,0,0,0,0,,,0,,,,,0,0,0,0,,,0,,,,,0,0,0,0,,,0,,,,,0,0,0,0,,,0,0,0,,0,0,0,0,0,,,0,0,0,,0,0,0,0,0,,,0,0,0,,0,0,0,0,0,,0,,0,0,,0,0,,0,,,,,,0,,0,,,,,,,,,,,,,,,,,,,,,,,,,,,,,,,0,3,,,,,,,,,,,,,,,,,,,,,,,,,,,,,,,,
9/1/2026,2025,20261184,48197,39078,GATEWAY DELMAR LLC,Natural Gas,INTRASTATE,NEW YORK,0,0,0,0,0,0,0,0,0,0,0,0,0,0,0,0,0,0,0,0,0,0,0,0,0,0,0,0,0,0,0,0,0,0,0,0,0,0,0,0,0,0,0,0,0,0,0,0,0,0,0,0,0,0,0,0,0,0,0,0,0,0,0,0,0,0,0,0,0,0,0,0,0,0,0,0,0,0,0,0,0,0,0,0,0,0,0,0,0,0,0,0,0,0,0,0,0,0,0,0,0,0,0,0,0,0,0,0,0,0,0,0,0,0,0,0,0,0,0,0,0,0,0,0,0,0,0,0,0,0,0,0,0,0,0,0,0,0,0,0,0,0,0,0,0,0,0,0,0,0,0,0,0,0,0,0,0,0,0,0,0,0,0,0,0,,,,,,,,,,,,,,,,,,,,,,,,,,,,,,,0,0,,,,,,,,,,,,,,,,,,,,,,,,,,,,,,,0,0
9/1/2026,2025,20260334,47295,39081,"RIVERSIDE GENERATING COMPANY, LLC",Natural Gas,INTRASTATE,KENTUCKY,0,0,0,0,0,0,0,0,0,0,0,0,0,0,0,0,0,0,0,0,0,0,0,0,0,0,0,0,0,0,0,0,0,0,0,0,0,0,0,0,0,0,0,0,0,0,0,0,0,0,0,0,0,0,0,0,0,0,0,0,0,0,0,0,0,0,0,0,0,0,0,0,0,0,0,0,0,0,0,0,0,0,0,0,0,0,0,0,0,0,0,0,0,0,0,0,0,0,0,0,0,0,0,0,0,0,0,0,0,0,0,0,0,0,0,0,0,0,0,0,0,0,0,0,0,0,0,0,0,0,0,0,0,0,0,0,0,0,0,0,0,0,0,0,0,0,0,0,0,0,0,0,0,0,0,,0,0,0,0,0,0,0,0,0,,,,,,,,,,,,,,,,,,,,,,,,,,,,,,,0,8,,,,,,,,,,,,,,,,,,,,,,,,,,,,,,,0,
9/1/2026,2025,20261100,48111,39082,TPL SOUTHTEX MIDSTREAM LLC,Natural Gas,INTRASTATE,TEXAS,0,0,0,0,,,0,0,0,0,,0,0,0,0,,,0,0,0,0,,0,0,0,0,,,0,0,0,0,,0,0,0,0,,,0,0,0,0,,0,0,0,0,,,0,0,0,0,,0,0,0,0,,,0,0,0,0,,0,0,0,0,,,0,0,0,0,,0,0,0,0,,,0,0,0,0,,0,0,0,0,,,0,0,0,0,,0,0,0,0,,,0,0,0,0,,0,0,0,0,,,0,0,0,0,,0,0,0,0,,,0,0,0,0,,0,0,0,0,,,0,0,0,0,,0,0,0,0,,0,,0,0,0,,0,0,0,,0,0,0,,0,0,0,,,,,,,,,,,,,,,,,,,,,,,,,,,,,,,0,0,,,,,,,,,,,,,,,,,,,,,,,,,,,,,,,0,1863
9/1/2026,2025,20261433,48473,39084,"CRESCENT MIDSTREAM, LLC",Natural Gas,INTERSTATE,LOUISIANA,0,0,0,0,0,0,0,0,0,0,0,0,0,0,0,0,0,0,0,0,0,0,0,0,0,0,0,0,0,0,0,0,0,0,0,0,0,0,0,0,0,0,0,0,0,0,0,0,0,0,0,0,0,0,0,0,0,0,0,0,0,0,0,0,0,0,0,0,0,0,0,0,0,0,0,0,0,0,0,0,0,0,0,0,0,0,0,0,0,0,0,0,0,0,0,0,0,0,0,0,0,0,0,0,0,0,0,0,0,0,0,0,0,0,0,0,0,0,0,0,0,0,0,0,0,0,0,0,0,0,0,0,0,0,0,0,0,0,0,0,0,0,0,0,0,0,0,0,0,0,0,0,0,0,0,,0,0,0,0,0,0,0,0,0,,,,,,,,,,,,,,,,,,,,,,,,,,,,,,,0,13,,,,,,,,,,,,,,,,,,,,,,,,,,,,,,,0,
9/1/2026,2025,20260239,47197,39086,FT. BEND POWER PRODUCERS,Natural Gas,INTRASTATE,TEXAS,0,0,0,0,0,0,0,0,0,0,0,0,0,0,0,0,0,0,0,0,0,0,0,0,0,0,0,0,0,0,0,0,0,0,0,0,0,0,0,0,0,0,0,0,0,0,0,0,0,0,0,0,0,0,0,0,0,0,0,0,0,0,0,0,0,0,0,0,0,0,0,0,0,0,0,0,0,0,0,0,0,0,0,0,0,0,0,0,0,0,0,0,0,0,0,0,0,0,0,0,0,0,0,0,0,0,0,0,0,0,0,0,0,0,0,0,0,0,0,0,0,0,0,0,0,0,0,0,0,0,0,0,0,0,0,0,0,0,0,0,0,0,0,0,0,0,0,0,0,0,0,0,0,0,0,,0,0,0,0,0,0,0,0,0,,,,,,,,,,,,,,,,,,,,,,,,,,,,,,,0,2,,,,,,,,,,,,,,,,,,,,,,,,,,,,,,,0,
9/1/2026,2025,20260774,47766,39087,"NFG MIDSTREAM CLERMONT, LLC",Natural Gas,INTRASTATE,PENNSYLVANIA,0,0,0,0,0,0,0,0,0,0,0,0,0,0,0,0,0,0,0,0,0,0,0,0,0,0,0,0,0,0,0,0,0,0,0,0,0,0,0,0,0,0,0,0,0,0,0,0,0,0,0,0,0,0,0,0,0,0,0,0,0,0,0,0,0,0,0,0,0,0,0,0,0,0,0,0,0,0,0,0,0,0,0,0,0,0,0,0,0,0,0,0,0,0,0,0,0,0,0,0,0,0,0,0,0,0,0,0,0,0,0,0,0,0,0,0,0,0,0,0,0,0,0,0,0,0,0,0,0,0,0,0,0,0,0,0,0,0,0,0,0,0,0,0,0,0,0,0,0,0,0,0,0,0,0,0,0,0,0,0,0,0,0,0,0,,,,,,,,,,,,,,,,,,,,,,,,,,,,,,,0,124,,,,,,,,,,,,,,,,,,,,,,,,,,,,,,,0,124
9/1/2026,2025,20260958,47957,39089,SM ENERGY COMPANY,Natural Gas,INTRASTATE,TEXAS,0,0,0,0,0,0,0,0,0,0,0,0,0,0,0,0,0,0,0,0,0,0,0,0,0,0,0,0,0,0,0,0,0,0,0,0,0,0,0,0,0,0,0,0,0,0,0,0,0,0,0,0,0,0,0,0,0,0,0,0,0,0,0,0,0,0,0,0,0,0,0,0,0,0,0,0,0,0,0,0,0,0,0,0,0,0,0,0,0,0,0,0,0,0,0,0,0,0,0,0,0,0,0,0,0,0,0,0,0,0,0,0,0,0,0,0,0,0,0,0,0,0,0,0,0,0,0,0,0,0,0,0,0,0,0,0,0,0,0,0,0,0,0,0,0,0,0,0,0,0,0,0,0,0,,0,0,0,0,0,0,0,0,0,0,,,,,,,,,,,,,,,,,,,,,,,,,,,,,,,0,,,,,,,,,,,,,,,,,,,,,,,,,,,,,,,,0,0
9/1/2026,2025,20260958,47957,39089,SM ENERGY COMPANY,Natural Gas,INTRASTATE,UTAH,0,0,0,0,0,0,0,0,0,0,0,0,0,0,0,0,0,0,0,0,0,0,0,0,0,0,0,0,0,0,0,0,0,0,0,0,0,0,0,0,0,0,0,0,0,0,0,0,0,0,0,0,0,0,0,0,0,0,0,0,0,0,0,0,0,0,0,0,0,0,0,0,0,0,0,0,0,0,0,0,0,0,0,0,0,0,0,0,0,0,0,0,0,0,0,0,0,0,0,0,0,0,0,0,0,0,0,0,0,0,0,0,0,0,0,0,0,0,0,0,0,0,0,0,0,0,0,0,0,0,0,0,0,0,0,0,0,0,0,0,0,0,0,0,0,0,0,0,0,0,0,0,0,0,,0,0,0,0,0,0,0,0,0,0,,,,,,,,,,,,,,,,,,,,,,,,,,,,,,,0,,,,,,,,,,,,,,,,,,,,,,,,,,,,,,,,0,0
9/1/2026,2025,20260041,46992,39090,"NUTAAQ PIPELINE, LLC",Natural Gas,INTRASTATE,ALASKA,0,0,0,0,0,0,0,0,0,0,0,0,0,0,0,0,0,0,0,0,0,0,0,0,0,0,0,0,0,0,0,0,0,0,0,0,0,0,0,0,0,0,0,0,0,0,0,0,0,0,0,0,0,0,0,0,0,0,0,0,0,0,0,0,0,0,0,0,0,0,0,0,0,0,0,0,0,0,0,0,0,0,0,0,0,0,0,0,0,0,0,0,0,0,0,0,0,0,0,0,0,0,0,0,0,0,0,0,0,0,0,0,0,0,0,0,0,0,0,0,0,0,0,0,0,0,0,0,0,0,0,0,0,0,0,0,0,0,0,0,0,0,0,0,0,0,0,0,0,0,0,0,0,0,,0,0,0,0,0,0,0,0,0,0,,,,,,,,,,,,,,,,,,,,,,,,,,,,,,,0,,,,,,,,,,,,,,,,,,,,,,,,,,,,,,,,0,
9/1/2026,2025,20260931,47928,39094,"ELYSIUM JENNINGS, LLC",Natural Gas,INTRASTATE,LOUISIANA,,,,,,,,,,,,,,,,,,,,,,,,,,,,,,,,,,,,,,,,,,,,,,,,,,,,,,,,,,,,,,,,,,,,,,,,,,,,,,,,,,,,,,,,,,,,,,,,,,,,,,,,,,,,,,,,,,,,,,,,,,,,,,,,,,,,,,,,,,,,,,,,,,,,,,,,,,,,,,,,,,,,,,0,0,0,0,0,0,0,0,0,0,0,0,0,0,0,0,0,0,0,0,0,0,0,0,0,0,0,0,0,0,0,120,0,0,0,0,0,0,0,0,0,0,0,0,0,0,0,0,0,0,0,0,0,0,0,0,0,0,0,0,0,0,0,83
9/1/2026,2025,20260298,47256,39097,SOWEGA POWER LLC & BACONTON POWER LLC,Natural Gas,INTRASTATE,GEORGIA,0,0,0,0,,,0,0,0,0,,0,0,0,0,,,0,0,0,0,,0,0,0,0,,,0,0,0,0,,0,0,0,0,,,0,0,0,0,,0,0,0,0,,,0,0,0,0,,0,0,0,0,,,0,0,0,0,,0,0,0,0,,,0,0,0,0,,0,0,0,0,,,0,0,0,0,,0,0,0,0,,,0,0,0,0,,0,0,0,0,,,0,0,0,0,,0,0,0,0,,,0,0,0,0,,0,0,0,0,,,0,0,0,0,,0,0,0,0,,,0,0,0,0,,0,0,0,0,,0,,0,0,0,,0,0,0,,0,0,0,,0,0,0,,,,,,,,,,,,,,,,,,,,,,,,,,,,,,,0,0,,,,,,,,,,,,,,,,,,,,,,,,,,,,,,,0,0
9/1/2026,2025,20260472,47439,39105,VALERO PARTNERS OPERATING CO. LLC,Natural Gas,INTRASTATE,MISSISSIPPI,0,0,0,0,0,0,0,0,0,0,0,0,0,0,0,0,0,0,0,0,0,0,0,0,0,0,0,0,0,0,0,0,0,0,0,0,0,0,0,0,0,0,0,0,0,0,0,0,0,0,0,0,0,0,0,0,0,0,0,0,0,0,0,0,0,0,0,0,0,0,0,0,0,0,0,0,0,0,0,0,0,0,0,0,0,0,0,0,0,0,0,0,0,0,0,0,0,0,0,0,0,0,0,0,0,0,0,0,0,0,0,0,0,0,0,0,0,0,0,0,0,0,0,0,0,0,0,0,0,0,0,0,0,0,0,0,0,0,0,0,0,0,0,0,0,0,0,0,0,0,0,0,0,0,0,,0,0,0,0,0,0,0,0,0,0,0,0,0,0,0,0,0,0,0,0,0,0,0,0,0,0,0,0,0,0,0,0,0,0,0,0,0,0,0,0,13,,,,,,,,,,,,,,,,,,,,,,,,,,,,,,,0,
9/1/2026,2025,20260880,47876,39109,"SUSQUEHANNA GATHERING COMPANY I, LLC",Natural Gas,INTRASTATE,PENNSYLVANIA,0,0,0,0,0,0,0,0,0,0,0,0,0,0,0,0,0,0,0,0,0,0,0,0,0,0,0,0,0,0,0,0,0,0,0,0,0,0,0,0,0,0,0,0,0,0,0,0,0,0,0,0,0,0,0,0,0,0,0,0,0,0,0,0,2,0,0,0,0,0,0,0,0,0,0,0,0,0,0,0,0,0,0,0,0,0,0,0,0,0,0,0,0,0,0,0,0,0,0,0,0,0,0,0,0,0,0,0,0,0,0,0,0,0,0,0,0,0,0,0,0,0,0,0,0,0,0,0,0,0,0,0,0,0,0,0,0,0,0,0,0,0,0,0,0,0,0,0,0,0,0,0,2,0,0,0,,,,,,,,,,,,,,,,,,,,,,,,,,,,,,,,,,,,,,,,0,2,,,,,,,,,,,,,,,,,,,,,,,,,,,,,,,0,262
9/1/2026,2025,20261066,48072,39110,"COMINS PIPELINE, LLC",Natural Gas,INTRASTATE,MICHIGAN,0,0,0,0,0,0,0,0,0,0,0,0,0,0,0,0,0,0,0,0,0,0,0,0,0,0,0,0,0,0,0,0,0,0,0,0,0,0,0,0,0,0,0,0,0,0,0,0,0,0,0,0,0,0,0,0,0,0,0,0,0,0,0,0,0,0,0,0,0,0,0,0,0,0,0,0,0,0,0,0,0,0,0,0,0,0,0,0,0,0,0,0,0,0,0,0,0,0,0,0,0,0,0,0,0,0,0,0,0,0,0,0,0,0,0,0,0,0,0,0,0,0,0,0,0,0,0,0,0,0,0,0,0,0,0,0,0,0,0,0,0,0,0,0,0,0,0,0,0,0,0,0,0,0,0,,0,0,0,0,0,0,0,0,0,,,,,,,,,,,,,,,,,,,,,,,,,,,,,,,0,3,,,,,,,,,,,,,,,,,,,,,,,,,,,,,,,0,
9/1/2026,2025,20261294,48307,39112,"ENLINK MIDSTREAM SERVICES, LLC",Natural Gas,INTRASTATE,OKLAHOMA,0,0,0,0,,,0,0,0,0,,0,0,0,0,,,0,0,0,1,,0,0,0,0,,,0,0,0,0,,0,0,0,0,,,0,0,0,0,,0,0,0,0,,,0,0,0,0,,0,0,0,0,,,0,0,0,0,,0,0,0,0,,,0,0,0,0,,0,0,0,0,,,0,0,0,0,,0,0,0,0,,,0,0,0,0,,0,0,0,0,,,0,0,0,0,,0,0,0,0,,,0,0,0,0,,0,0,0,0,,,0,0,0,0,,0,0,0,0,,,0,0,0,0,,0,0,0,0,,0,,0,0,1,,0,0,0,,0,0,0,,0,0,0,,,,,,,,,,,,,,,,,,,,,,,,,,,,,,,0,11923,,,,,,,,,,,,,,,,,,,,,,,,,,,,,,,0,11923
9/1/2026,2025,20261294,48307,39112,"ENLINK MIDSTREAM SERVICES, LLC",Natural Gas,INTRASTATE,TEXAS,0,0,0,0,,,0,0,0,0,,0,0,0,0,,,0,6,0,6,,0,0,0,0,,,0,0,0,0,,0,0,0,0,,,0,0,0,0,,0,0,0,0,,,0,0,0,0,,0,0,0,0,,,0,0,0,0,,0,0,0,0,,,0,0,0,0,,0,0,0,0,,,0,2,0,0,,0,0,0,0,,,0,0,0,0,,0,0,0,0,,,0,0,0,0,,0,0,0,0,,,0,0,0,0,,0,0,0,0,,,0,0,0,0,,0,0,0,0,,,0,0,0,0,,0,0,0,0,,0,,8,0,6,,0,0,0,,0,0,0,,0,0,0,,,,,,,,,,,,,,,,,,,,,,,,,,,,,,,0,68082,,,,,,,,,,,,,,,,,,,,,,,,,,,,,,,0,68082
9/1/2026,2025,20260928,47925,39117,"TX PIPELINE WEBB CO LEAN SYS, LLC",Natural Gas,INTRASTATE,TEXAS,0,0,0,0,0,0,0,0,0,0,0,0,0,0,0,0,0,0,0,0,0,0,0,0,0,0,0,0,0,0,0,0,0,0,0,0,0,0,0,0,0,0,0,0,0,0,0,0,0,0,0,0,0,0,0,0,0,0,0,0,0,0,0,0,0,0,0,0,0,0,0,0,0,0,0,0,0,0,0,0,0,0,0,0,0,0,0,0,0,0,0,0,0,0,0,0,0,0,0,0,0,0,0,0,0,0,0,0,0,0,0,0,0,0,0,0,0,0,0,0,0,0,0,0,0,0,0,0,0,0,0,0,0,0,0,0,0,0,0,0,0,0,0,0,0,0,0,0,0,0,0,0,0,0,0,0,0,0,0,0,0,0,0,0,0,,,,,,,,,,,,,,,,,,,,,,,,,,,,,,,0,134,,,,,,,,,,,,,,,,,,,,,,,,,,,,,,,0,620
9/1/2026,2025,20260927,47924,39120,"TX PIPELINE WEBB CO RICH SYS, LLC",Natural Gas,INTRASTATE,TEXAS,0,0,0,0,0,0,0,0,0,0,0,0,0,0,0,0,0,0,0,0,0,0,0,0,0,0,0,0,0,0,0,0,0,0,0,0,0,0,0,0,0,0,0,0,0,0,0,0,0,0,0,0,0,0,0,0,0,0,0,0,0,0,0,0,0,0,0,0,0,0,0,0,0,0,0,0,0,0,0,0,0,0,0,0,0,0,0,0,0,0,0,0,0,0,0,0,0,0,0,0,0,0,0,0,0,0,0,0,0,0,0,0,0,0,0,0,0,0,0,0,0,0,0,0,0,0,0,0,0,0,0,0,0,0,0,0,0,0,0,0,0,0,0,0,0,0,0,0,0,0,0,0,0,0,0,0,0,0,0,0,0,0,0,0,0,,,,,,,,,,,,,,,,,,,,,,,,,,,,,,,0,207,,,,,,,,,,,,,,,,,,,,,,,,,,,,,,,0,247
9/1/2026,2025,20260813,47806,39122,UTICA EAST OHIO MIDSTREAM LLC,Natural Gas,INTRASTATE,OHIO,0,0,0,0,0,0,0,0,0,0,0,0,0,0,0,0,0,0,0,0,0,0,0,0,0,0,0,0,0,0,0,0,0,0,0,0,0,0,0,0,0,0,0,0,0,0,0,0,0,0,0,0,0,0,0,0,0,0,0,0,0,0,0,0,0,0,0,0,0,0,0,0,0,0,0,0,0,0,0,0,0,0,0,0,0,0,0,0,0,0,0,0,0,0,0,0,0,0,0,0,0,0,0,0,0,0,0,0,0,0,0,0,0,0,0,0,0,0,0,0,0,0,0,0,0,0,0,0,0,0,0,0,0,0,0,0,0,0,0,0,0,0,0,0,0,0,0,0,0,0,0,0,0,0,,0,,,,,,,,,,,,,,,,,,,,,,,,,,,,,,,,,,,,,,,,0,,,,,,,,,,,,,,,,,,,,,,,,,,,,,,,,0,0
9/1/2026,2025,20260062,47015,39126,"GENERAL GAS PIPELINE, LLC",Natural Gas,INTRASTATE,TENNESSEE,0,0,0,0,0,0,0,0,0,0,0,0,0,0,0,0,0,0,0,0,0,0,0,0,0,0,0,0,0,0,0,0,0,0,0,0,0,0,0,0,0,0,0,0,0,0,0,0,0,0,0,0,0,0,0,0,0,0,0,0,0,0,0,0,0,0,0,0,0,0,0,0,0,0,0,0,0,0,0,0,0,0,0,0,0,0,0,0,0,0,0,0,0,0,0,0,0,0,0,0,0,0,0,0,0,0,0,0,0,0,0,0,0,0,0,0,0,0,0,0,0,0,0,0,0,0,0,0,0,0,0,0,0,0,0,0,0,0,0,0,0,0,0,0,0,0,0,0,0,0,0,0,0,0,0,,0,0,0,0,0,0,0,0,0,,,,,,,,,,,,,,,,,,,,,,,,,,,,,,,0,1892,,,,,,,,,,,,,,,,,,,,,,,,,,,,,,,0,
9/1/2026,2025,20260006,46946,39133,DOMTAR PAPER COMPANY,Natural Gas,INTRASTATE,TENNESSEE,0,0,0,0,0,0,0,0,0,0,0,0,0,0,0,0,0,0,0,0,0,0,0,0,0,0,0,0,0,0,0,0,0,0,0,0,0,0,0,0,0,0,0,0,0,0,0,0,0,0,0,0,0,0,0,0,0,0,0,0,0,0,0,0,0,0,0,0,0,0,0,0,0,0,0,0,0,0,0,0,0,0,0,0,0,0,0,0,0,0,0,0,0,0,0,0,0,0,0,0,0,0,0,0,0,0,0,0,0,0,0,0,0,0,0,0,0,0,0,0,0,0,0,0,0,0,0,0,0,0,0,0,0,0,0,0,0,0,0,0,0,0,0,0,0,0,0,0,0,0,0,0,0,0,0,,0,0,0,0,0,0,0,0,0,,,,,,,,,,,,,,,,,,,,,,,,,,,,,,,0,0,,,,,,,,,,,,,,,,,,,,,,,,,,,,,,,0,
9/1/2026,2025,20260072,47025,39134,"ZEELAND FARM SERVICES, INC.",Landfill Gas,INTRASTATE,MICHIGAN,0,0,0,0,,,0,,,,,0,0,0,0,,,0,,,,,0,0,0,0,,,0,,,,,0,0,0,0,,,0,,,,,0,0,0,0,,,0,,,,,0,0,0,0,,,0,,,,,0,0,0,0,,,0,,,,,0,0,0,0,,,0,,,,,0,0,0,0,,,0,,,,,0,0,0,0,,,0,,,,,0,0,0,0,,,0,0,0,0,0,0,0,0,0,,,0,0,0,0,0,0,0,0,0,,,0,0,0,0,0,0,0,0,0,,0,,0,0,0,0,0,,0,,,,,,0,,0,,,,,,,,,,,,,,,,,,,,,,,,,,,,,,,0,215,,,,,,,,,,,,,,,,,,,,,,,,,,,,,,,,
9/1/2026,2025,20260849,47845,39138,"BOARDWALK LOUISIANA MIDSTREAM, LLC",Natural Gas,INTRASTATE,LOUISIANA,,,,,,,,,,,,,,,,,,,,,,,,,,,,,,,,,,,,,,,,,,,,,,,,,,,,,,,,,,,,,,,,,,,,,,,,,,,,,,,,,,,,,,,,,,,,,,,,,,,,,,,,,,,,,,,,,,,,,,,,,,,,,,,,,,,,,,,,,,,,,,,,,,,,,,,,,,,,,,,,,,,,,,,,,,,,,,,,,,,,,,,,,,,,,,,,,,,,0,15,,,,,,,,,,,,,,,,,,,,,,,,,,,,,,,,
9/1/2026,2025,20260428,47394,39142,ENERFIN FIELD SERVICES LLC,Natural Gas,INTRASTATE,LOUISIANA,0,0,0,0,0,0,0,0,0,0,0,0,0,0,0,0,0,0,0,0,0,0,0,0,0,0,0,0,0,0,0,0,0,0,0,0,0,0,0,0,0,0,0,0,0,0,0,0,0,0,0,0,0,0,0,0,0,0,0,0,0,0,0,0,0,0,0,0,0,0,0,0,0,0,0,0,0,0,0,0,0,0,0,0,0,0,0,0,0,0,0,0,0,0,0,0,0,0,0,0,0,0,0,0,0,0,0,0,0,0,0,0,0,0,0,0,0,0,0,0,0,0,0,0,0,0,0,0,0,0,0,0,0,0,0,0,0,0,0,0,0,0,0,0,0,0,0,0,0,0,0,0,0,0,,0,0,0,0,0,0,0,0,0,0,,,,,,,,,,,,,,,,,,,,,,,,,,,,,,,0,,,,,,,,,,,,,,,,,,,,,,,,,,,,,,,,0,1990
9/1/2026,2025,20260428,47394,39142,ENERFIN FIELD SERVICES LLC,Natural Gas,INTRASTATE,TEXAS,0,0,0,0,0,0,0,0,0,0,0,0,0,0,0,0,0,0,0,0,0,0,0,0,0,0,0,0,0,0,0,0,0,0,0,0,0,0,0,0,0,0,0,0,0,0,0,0,0,0,0,0,0,0,0,0,0,0,0,0,0,0,0,0,0,0,0,0,0,0,0,0,0,0,0,0,0,0,0,0,0,0,0,0,0,0,0,0,0,0,0,0,0,0,0,0,0,0,0,0,0,0,0,0,0,0,0,0,0,0,0,0,0,0,0,0,0,0,0,0,0,0,0,0,0,0,0,0,0,0,0,0,0,0,0,0,0,0,0,0,0,0,0,0,0,0,0,0,0,0,0,0,0,0,0,0,0,0,0,0,0,0,0,0,0,,,,,,,,,,,,,,,,,,,,,,,,,,,,,,,0,85,,,,,,,,,,,,,,,,,,,,,,,,,,,,,,,0,6844
9/1/2026,2025,20260414,47379,39148,ARGOS CEMENT LLC,Natural Gas,INTRASTATE,FLORIDA,0,0,0,0,0,0,0,0,0,0,0,0,0,0,0,0,0,0,0,0,0,0,0,0,0,0,0,0,0,0,0,0,0,0,0,0,0,0,0,0,0,0,0,0,0,0,0,0,0,0,0,0,0,0,0,0,0,0,0,0,0,0,0,0,0,0,0,0,0,0,0,0,0,0,0,0,0,0,0,0,0,0,0,0,0,0,0,0,0,0,0,0,0,0,0,0,0,0,0,0,0,0,0,0,0,0,0,0,0,0,0,0,0,0,0,0,0,0,0,0,0,0,0,0,0,0,0,0,0,0,0,0,0,0,0,0,0,0,0,0,0,0,0,0,0,0,0,0,0,0,0,0,0,0,0,,0,0,0,0,0,0,0,0,0,,,,,,,,,,,,,,,,,,,,,,,,,,,,,,,0,350,,,,,,,,,,,,,,,,,,,,,,,,,,,,,,,0,
9/1/2026,2025,20261408,48433,39155,"FORESTA GATHERING, LLC",Natural Gas,INTRASTATE,TEXAS,0,0,0,0,0,0,0,0,0,0,0,0,0,0,0,0,0,0,0,0,0,0,0,0,0,0,0,0,0,0,0,0,0,0,0,0,0,0,0,0,0,0,0,0,0,0,0,0,0,0,0,0,0,0,0,0,0,0,0,0,0,0,0,0,0,0,0,0,0,0,0,0,0,0,0,0,0,0,0,0,0,0,0,0,0,0,0,0,0,0,0,0,0,0,0,0,0,0,0,0,0,0,0,0,0,0,0,0,0,0,0,0,0,0,0,0,0,0,0,0,0,0,0,0,0,0,0,0,0,0,0,0,0,0,0,0,0,0,0,0,0,0,0,0,0,0,0,0,0,0,0,0,0,0,,0,0,0,0,0,0,0,0,0,0,,,,,,,,,,,,,,,,,,,,,,,,,,,,,,,0,,0,0,0,0,0,0,0,0,0,0,0,0,0,0,0,0,0,0,0,0,0,0,0,0,0,0,0,0,0,0,0,0
9/1/2026,2025,20260545,47525,39156,TARGA FRIO LASALLE PIPELINE LP,Natural Gas,INTRASTATE,TEXAS,0,0,0,0,0,0,0,0,0,2,0,0,0,0,0,0,0,0,0,0,0,0,0,0,0,0,0,0,0,0,0,0,0,0,0,0,0,0,0,0,0,0,0,0,0,0,0,0,0,0,0,0,0,0,0,0,0,0,0,0,0,0,0,0,0,0,0,0,0,0,0,0,0,0,0,0,0,0,0,0,0,0,0,0,0,0,0,0,0,0,0,0,0,0,0,0,0,0,0,0,0,0,0,0,0,0,0,0,0,0,0,0,0,0,0,0,0,0,0,0,0,0,0,0,0,0,0,0,0,0,0,0,0,0,0,0,0,0,0,0,0,0,0,0,0,0,0,0,0,0,0,0,2,0,,0,0,0,0,0,0,0,0,0,0,,,,,,,,,,,,,,,,,,,,,,,,,,,,,,,0,,,,,,,,,,,,,,,,,,,,,,,,,,,,,,,,0,1656
9/1/2026,2025,20261067,48073,39162,ANTERO MIDSTREAM CORPORATION,Natural Gas,INTRASTATE,OHIO,,0,,,,,,0,0,0,,,0,,,,,,0,0,0,,,0,,,,,,0,0,0,,,0,,,,,,0,0,0,,,0,,,,,,0,0,0,,,0,,,,,,0,0,0,,,0,,,,,,0,0,0,,,0,,,,,,0,0,0,,,0,,,,,,0,0,0,,,0,,,,,,0,0,0,,,0,,,,,,0,0,0,,,0,,,,,,0,0,0,,,0,,,,,,0,0,0,,,0,,,,,,0,0,0,,,0,,,0,0,0,,,0,0,,,,,,,,,,,,,,,,,,,,,,,,,,,,,,,,,,,,,,,,,,,,,,,,,,,,,,,,,,,,,,,0,588
9/1/2026,2025,20261067,48073,39162,ANTERO MIDSTREAM CORPORATION,Natural Gas,INTRASTATE,WEST VIRGINIA,0,0,0,0,0,0,0,0,0,0,0,0,0,0,0,0,0,0,0,0,0,0,0,0,0,0,0,0,0,0,0,0,0,0,0,0,0,0,0,0,0,0,0,0,0,0,0,0,0,0,0,0,0,0,0,0,0,0,0,0,0,0,0,0,0,0,0,0,0,0,0,0,0,0,0,0,0,0,0,0,0,0,0,0,0,0,0,0,0,0,0,0,0,0,0,0,0,0,0,0,0,0,0,0,0,0,0,0,0,0,0,0,0,0,0,0,0,0,0,0,0,0,0,0,0,0,0,0,0,0,0,0,0,0,0,0,0,0,0,0,0,0,0,0,0,0,0,0,0,0,0,0,0,0,,0,0,0,0,0,0,0,0,0,0,,,,,,,,,,,,,,,,,,,,,,,,,,,,,,,0,,,,,,,,,,,,,,,,,,,,,,,,,,,,,,,,0,6067
9/1/2026,2025,20260461,47427,39167,"SABAL TRAIL TRANSMISSION, LLC",Natural Gas,INTERSTATE,ALABAMA,0,0,0,0,0,0,0,0,0,0,0,0,0,0,0,0,0,0,0,0,0,0,0,0,0,0,0,0,0,0,0,0,0,0,0,0,0,0,0,0,0,0,0,0,0,0,0,0,0,0,0,0,0,0,0,0,0,0,0,0,0,0,0,0,0,0,0,0,0,0,0,0,0,0,0,0,0,0,0,0,0,0,0,0,0,0,0,0,0,0,0,0,0,0,0,0,0,0,0,0,0,0,0,0,0,0,0,0,0,0,0,0,0,0,0,0,0,0,0,0,0,0,0,0,0,0,0,0,0,0,0,0,0,0,0,0,0,0,0,0,0,0,0,0,0,0,0,0,0,0,0,0,0,0,,,,,,,,,,,,,,,,,,,,,,,,,,,,,,,,,,,,,,,,,,0,298,,,,,,,,,,,,,,,,,,,,,,,,,,,,,,,,
9/1/2026,2025,20260461,47427,39167,"SABAL TRAIL TRANSMISSION, LLC",Natural Gas,INTERSTATE,FLORIDA,0,0,0,0,0,0,0,0,0,0,0,0,0,0,0,0,0,0,0,0,0,0,0,0,0,0,0,0,0,0,0,0,0,0,0,0,0,0,0,0,0,0,0,0,0,0,0,0,0,0,0,0,0,0,0,0,0,0,0,0,0,0,0,0,0,0,0,0,0,0,0,0,0,0,0,0,0,0,0,0,0,0,0,0,0,0,0,0,0,0,0,0,0,0,0,0,0,0,0,0,0,0,0,0,0,0,0,0,0,0,0,0,0,0,0,0,0,0,0,0,0,0,0,0,0,0,0,0,0,0,0,0,0,0,0,0,0,0,0,0,0,0,0,0,0,0,0,0,0,0,0,0,0,0,,,,,,,,,,,,,,,,,,,,,,,,,,,,,,,,,,,,,,,,,,0,4951,,,,,,,,,,,,,,,,,,,,,,,,,,,,,,,,
9/1/2026,2025,20260461,47427,39167,"SABAL TRAIL TRANSMISSION, LLC",Natural Gas,INTERSTATE,GEORGIA,,,,,,,,,,,,,,,,,,,,,,,,,,,,,,,,,,,,,,,,,,,,,,,,,,,,,,,,,,,,,,,,,,,,,,,,,,,,,,,,,,,,,,,,,,,,,,,,,,,,,,,,,,,,,,,,,,,,,,,,,,,,,,,,,,,,,,,,,,,,,,,,,,,,,,,,,,,,,,,,,,,,,,,,,,,,,,,,,,,,,,,,,,,,,,,,,,,,0,800,,,,,,,,,,,,,,,,,,,,,,,,,,,,,,,,
9/1/2026,2025,20260073,47026,39169,"GIBBS DIE CASTING, INC",Natural Gas,INTRASTATE,KENTUCKY,,,,,,,,,,,,,,,,,,,,,,,,,,,,,,,,,,,,,,,,,,,,,,,,,,,,,,,,,,,,,,,,,,,,,,,,,,,,,,,,,,,,,,,,,,,,,,,,,,,,,,,,,,,,,,,,,,,,,,,,,,,,,,,,,,,,,,,,,,,,,,,,,,,,,,,,,,,,,,,,,,,,,,,,,,,,,,,,,,,,,,,,,,,,,,,,,,,,0,21,,,,,,,,,,,,,,,,,,,,,,,,,,,,,,,,
9/1/2026,2025,20261167,48180,39172,COPANO FIELD SERVICES/SOUTH TEXAS LLC,Natural Gas,INTRASTATE,TEXAS,,0,,,,,,0,,0,,,0,,,,,,0,,0,,,0,,,,,,0,,0,,,0,,,,,,0,,0,,,0,,,,,,0,,0,,,0,,,,,,0,,0,,,0,,,,,,0,,0,,,0,,,,,,0,,0,,,0,,,,,,0,,0,,,0,,,,,,0,,0,,,0,,,,,,0,,0,,,0,,,,,,0,,0,,,0,,,,,,0,,0,,,0,,,,,,0,,0,,,0,,,0,,0,,,0,0,,,,,,,,,,,,,,,,,,,,,,,,,,,,,,,0,,,,,,,,,,,,,,,,,,,,,,,,,,,,,,,,0,1348
9/1/2026,2025,20261145,48158,39178,DUKE ENERGY- INDIANA NOBLESVILLE STATION,Natural Gas,INTRASTATE,INDIANA,0,0,0,0,,,0,,,,,0,0,0,0,,,0,,,,,0,0,0,0,,,0,,,,,0,0,0,0,,,0,,,,,0,0,0,0,,,0,,,,,0,0,0,0,,,0,,,,,0,0,0,0,,,0,,,,,0,0,0,0,,,0,,,,,0,0,0,0,,,0,,,,,0,0,0,0,,,0,,,,,0,0,0,0,,,0,0,0,0,0,0,0,0,0,,,0,0,0,0,0,0,0,0,0,,,0,0,0,0,0,0,0,0,0,,0,,0,0,0,0,0,,0,,,,,,0,,0,0,0,0,0,0,0,0,0,0,0,0,0,0,0,0,0,0,0,0,0,0,0,0,0,0,0,0,0,0,0,0,0,,,,,,,,,,,,,,,,,,,,,,,,,,,,,,,,
9/1/2026,2025,20260070,47023,39180,INVENERGY NELSON LLC,Natural Gas,INTRASTATE,ILLINOIS,0,0,0,0,,,0,,,,,0,0,0,0,,,0,,,,,0,0,0,0,,,0,,,,,0,0,0,0,,,0,,,,,0,0,0,0,,,0,,,,,0,0,0,0,,,0,,,,,0,0,0,0,,,0,,,,,0,0,0,0,,,0,,,,,0,0,0,0,,,0,,,,,0,0,0,0,,,0,,,,,0,0,0,0,,,0,0,0,0,0,0,0,0,0,,,0,0,0,0,0,0,0,0,0,,,0,0,0,0,0,0,0,0,0,,0,,0,0,0,0,0,,0,,,,,,0,,0,,,,,,,,,,,,,,,,,,,,,,,,,,,,,,,0,3,,,,,,,,,,,,,,,,,,,,,,,,,,,,,,,,
9/1/2026,2025,20260559,47541,39192,"NEXUS GAS TRANSMISSION, LLC",Natural Gas,INTERSTATE,MICHIGAN,,,,,,,,,,,,,,,,,,,,,,,,,,,,,,,,,,,,,,,,,,,,,,,,,,,,,,,,,,,,,,,,,,,,,,,,,,,,,,,,,,,,,,,,,,,,,,,,,,,,,,,,,,,,,,,,,,,,,,,,,,,,,,,,,,,,,,,,,,,,,,,,,,,,,,,,,,,,,,,,,,,,,,,,,,,,,,,,,,,,,,,,,,,,,,,,,,,,0,367,,,,,,,,,,,,,,,,,,,,,,,,,,,,,,,,
9/1/2026,2025,20260559,47541,39192,"NEXUS GAS TRANSMISSION, LLC",Natural Gas,INTERSTATE,OHIO,,,,,,,,,,,,,,,,,,,,,,,,,,,,,,,,,,,,,,,,,,,,,,,,,,,,,,,,,,,,,,,,,,,,,,,,,,,,,,,,,,,,,,,,,,,,,,,,,,,,,,,,,,,,,,,,,,,,,,,,,,,,,,,,,,,,,,,,,,,,,,,,,,,,,,,,,,,,,,,,,,,,,,,,,,,,,,,,,,,,,,,,,,,,,,,,,,,,0,2706,,,,,,,,,,,,,,,,,,,,,,,,,,,,,,,,
9/1/2026,2025,20260725,47712,39193,"ROVER PIPELINE, LLC",Natural Gas,INTERSTATE,MICHIGAN,0,0,0,0,0,0,0,0,0,0,0,0,0,0,0,0,0,0,0,0,0,0,0,0,0,0,0,0,0,0,0,0,0,0,0,0,0,0,0,0,0,0,0,0,0,0,0,0,0,0,0,0,0,0,0,0,0,0,0,0,0,0,0,0,0,0,0,0,0,0,0,0,0,0,0,0,0,0,0,0,0,0,0,0,0,0,0,0,0,0,0,0,0,0,0,0,0,0,0,0,0,0,0,0,0,0,0,0,0,0,0,0,0,0,0,0,0,0,0,0,0,0,0,0,0,0,0,0,0,0,0,0,0,0,0,0,0,0,0,0,0,0,0,0,0,0,0,0,0,0,0,0,0,0,0,,0,0,0,0,0,0,0,0,0,0,0,0,0,0,0,0,0,0,0,0,0,0,0,0,0,0,0,0,0,0,0,0,0,0,0,0,0,0,0,0,417,,,,,,,,,,,,,,,,,,,,,,,,,,,,,,,0,
9/1/2026,2025,20260725,47712,39193,"ROVER PIPELINE, LLC",Natural Gas,INTERSTATE,OHIO,0,0,0,0,0,0,0,0,0,0,0,0,0,0,0,0,0,0,0,0,0,0,0,0,0,0,0,0,0,0,0,0,0,0,0,0,0,0,0,0,0,0,0,0,0,0,0,0,0,0,0,0,0,0,0,0,0,0,0,0,0,0,0,0,0,0,0,0,0,0,0,0,0,0,0,0,0,0,0,0,0,0,0,0,0,0,0,0,0,0,0,0,0,0,0,0,0,0,0,0,0,0,0,0,0,0,0,0,0,0,0,0,0,0,0,0,0,0,0,0,0,0,0,0,0,0,0,0,0,0,0,0,0,0,0,0,0,0,0,0,0,0,0,0,0,0,0,0,0,0,0,0,0,0,0,,0,0,0,0,0,0,0,0,0,0,0,0,0,0,0,0,0,0,0,0,0,0,0,0,0,0,0,0,0,0,0,0,0,0,0,0,0,0,0,0,2204,,,,,,,,,,,,,,,,,,,,,,,,,,,,,,,0,
9/1/2026,2025,20260725,47712,39193,"ROVER PIPELINE, LLC",Natural Gas,INTERSTATE,PENNSYLVANIA,0,0,0,0,0,0,0,0,0,0,0,0,0,0,0,0,0,0,0,0,0,0,0,0,0,0,0,0,0,0,0,0,0,0,0,0,0,0,0,0,0,0,0,0,0,0,0,0,0,0,0,0,0,0,0,0,0,0,0,0,0,0,0,0,0,0,0,0,0,0,0,0,0,0,0,0,0,0,0,0,0,0,0,0,0,0,0,0,0,0,0,0,0,0,0,0,0,0,0,0,0,0,0,0,0,0,0,0,0,0,0,0,0,0,0,0,0,0,0,0,0,0,0,0,0,0,0,0,0,0,0,0,0,0,0,0,0,0,0,0,0,0,0,0,0,0,0,0,0,0,0,0,0,0,0,,0,0,0,0,0,0,0,0,0,0,0,0,0,0,0,0,0,0,0,0,0,0,0,0,0,0,0,0,0,0,0,0,0,0,0,0,0,0,0,0,84,,,,,,,,,,,,,,,,,,,,,,,,,,,,,,,0,
9/1/2026,2025,20260725,47712,39193,"ROVER PIPELINE, LLC",Natural Gas,INTERSTATE,WEST VIRGINIA,0,0,0,0,0,0,0,0,0,0,0,0,0,0,0,0,0,0,0,0,0,0,0,0,0,0,0,0,0,0,0,0,0,0,0,0,0,0,0,0,0,0,0,0,0,0,0,0,0,0,0,0,0,0,0,0,0,0,0,0,0,0,0,0,0,0,0,0,0,0,0,0,0,0,0,0,0,0,0,0,0,0,0,0,0,0,0,0,0,0,0,0,0,0,0,0,0,0,0,0,0,0,0,0,0,0,0,0,0,0,0,0,0,0,0,0,0,0,0,0,0,0,0,0,0,0,0,0,0,0,0,0,0,0,0,0,0,0,0,0,0,0,0,0,0,0,0,0,0,0,0,0,0,0,0,,0,0,0,0,0,0,0,0,0,0,0,0,0,0,0,0,0,0,0,0,0,0,0,0,0,0,0,0,0,0,0,0,0,0,0,0,0,0,0,0,642,,,,,,,,,,,,,,,,,,,,,,,,,,,,,,,0,
9/1/2026,2025,20260891,47887,39194,SIERRITA GAS PIPELINE LLC,Natural Gas,INTERSTATE,ARIZONA,0,0,0,0,0,0,0,0,0,0,0,0,0,0,0,0,0,0,0,0,0,0,0,0,0,0,0,0,0,0,0,0,0,0,0,0,0,0,0,0,0,0,0,0,0,0,0,0,0,0,0,0,0,0,0,0,0,0,0,0,0,0,0,0,0,0,0,0,0,0,0,0,0,0,0,0,0,0,0,0,0,0,0,0,0,0,0,0,0,0,0,0,0,0,0,0,0,0,0,0,0,0,0,0,0,0,0,0,0,0,0,0,0,0,0,0,0,0,0,0,0,0,0,0,0,0,0,0,0,0,0,0,0,0,0,0,0,0,0,0,0,0,0,0,0,0,0,0,0,0,0,0,0,0,0,,0,0,0,0,0,0,0,0,0,,,,,,,,,,,,,,,,,,,,,,,,,,,,,,,0,60,,,,,,,,,,,,,,,,,,,,,,,,,,,,,,,0,
9/1/2026,2025,20260977,47980,39201,"CHANDELEUR PIPE LINE, LLC",Natural Gas,INTERSTATE,ALABAMA,0,0,0,0,0,0,0,0,0,0,0,0,0,0,0,0,0,0,0,0,0,0,0,0,0,0,0,0,0,0,0,0,0,0,0,0,0,0,0,0,0,0,0,0,0,0,0,0,0,0,0,0,0,0,0,0,0,0,0,0,0,0,0,0,0,0,0,0,0,0,0,0,0,0,0,0,0,0,0,0,0,0,0,0,0,0,0,0,0,0,0,0,0,0,0,0,0,0,0,0,0,0,0,0,0,0,0,0,0,0,0,0,0,0,0,0,0,0,0,0,0,0,0,0,0,0,0,0,0,0,0,0,0,0,0,0,0,0,0,0,0,0,0,0,0,0,0,0,0,0,0,0,0,0,0,,0,0,0,0,0,0,0,0,0,0,0,0,0,0,0,0,0,0,0,0,0,0,0,0,0,0,0,0,0,0,0,0,0,0,0,0,0,0,0,0,0,,,,,,,,,,,,,,,,,,,,,,,,,,,,,,,0,
9/1/2026,2025,20260977,47980,39201,"CHANDELEUR PIPE LINE, LLC",Natural Gas,INTERSTATE,LOUISIANA,0,0,0,0,0,0,0,0,0,0,0,0,0,0,0,0,0,0,0,0,0,0,0,0,0,0,0,0,0,0,0,0,0,0,0,0,0,0,0,0,0,0,0,0,0,0,0,0,0,0,0,0,0,0,0,0,0,0,0,0,0,0,0,0,0,0,0,0,0,0,0,0,0,0,0,0,0,0,0,0,0,0,0,0,0,0,0,0,0,0,0,0,0,0,0,0,0,0,0,0,0,0,0,0,0,0,0,0,0,0,0,0,0,0,0,0,0,0,0,0,0,0,0,0,0,0,0,0,0,0,0,0,0,0,0,0,0,0,0,0,0,0,0,0,0,0,0,0,0,0,0,0,0,0,0,,0,0,0,0,0,0,0,0,0,0,0,0,0,0,0,0,0,0,0,0,0,0,0,0,0,0,0,0,0,0,0,0,0,0,0,0,0,0,0,0,0,,,,,,,,,,,,,,,,,,,,,,,,,,,,,,,0,
9/1/2026,2025,20260977,47980,39201,"CHANDELEUR PIPE LINE, LLC",Natural Gas,INTERSTATE,MISSISSIPPI,,,,,,,,,,,,,,,,,,,,,,,,,,,,,,,,,,,,,,,,,,,,,,,,,,,,,,,,,,,,,,,,,,,,,,,,,,,,,,,,,,,,,,,,,,,,,,,,,,,,,,,,,,,,,,,,,,,,,,,,,,,,,,,,,,,,,,,,,,,,,,,,,,,,,,,,,,,,,,,,,,,,,,0,0,0,0,0,0,0,0,0,0,0,0,0,0,0,0,0,0,0,0,0,0,0,0,0,0,0,0,0,0,0,0,,,,,,,,,,,,,,,,,,,,,,,,,,,,,,,0,
9/1/2026,2025,20260977,47980,39201,"CHANDELEUR PIPE LINE, LLC",Natural Gas,INTERSTATE,OCS-Gulf of America,0,0,0,0,0,0,0,0,0,0,0,0,0,0,0,0,1,0,0,0,0,0,0,0,0,0,0,0,0,0,0,0,0,0,0,0,0,0,0,0,0,0,0,0,0,0,0,0,0,0,0,0,0,0,0,0,0,0,0,0,0,0,0,0,0,0,0,0,0,0,0,0,0,0,0,0,0,0,0,0,0,0,0,0,0,0,0,0,0,0,0,0,0,0,0,0,0,0,0,0,0,0,0,0,0,0,0,0,0,0,0,0,0,0,0,0,0,0,0,0,0,0,0,0,0,0,0,0,0,0,0,0,0,0,0,0,0,0,0,0,0,0,0,0,0,0,0,0,0,1,0,0,0,0,0,,0,1,0,0,0,0,1,0,1,0,0,0,0,0,0,0,0,0,0,0,0,0,0,0,0,0,0,0,0,0,0,0,0,0,0,0,0,0,0,0,0,,,,,,,,,,,,,,,,,,,,,,,,,,,,,,,0,
9/1/2026,2025,20260127,47082,39207,RIVERSIDE PETROLEUM INDIANA,Natural Gas,INTRASTATE,INDIANA,,,,,,,,,,,,,,,,,,,,,,,,,,,,,,,,,,,,,,,,,,,,,,,,,,,,,,,,,,,,,,,,,,,,,,,,,,,,,,,,,,,,,,,,,,,,,,,,,,,,,,,,,,,,,,,,,,,,,,,,,,,,,,,,,,,,,,,,,,,,,,,,,,,,,,,,,,,,,,,,,,,,,,,,,,,,,,,,,,,,,,,,,,,,,,,,,,,,0,,,,,,,,,,,,,,,,,,,,,,,,,,,,,,,,0,1
9/1/2026,2025,20260851,47847,39210,"BOARDWALK STORAGE COMPANY, LLC",Natural Gas,INTERSTATE,LOUISIANA,0,0,0,0,0,0,0,0,0,0,0,0,0,0,0,0,0,0,0,0,0,0,0,0,0,0,0,0,0,0,0,0,0,0,0,0,0,0,0,0,0,0,0,0,0,0,0,0,0,0,0,0,0,0,0,0,0,0,0,0,0,0,0,0,0,0,0,0,0,0,0,0,0,0,0,0,0,0,0,0,0,0,0,0,0,0,0,0,0,0,0,0,0,0,0,0,0,0,0,0,0,0,0,0,0,0,0,0,0,0,0,0,0,0,0,0,0,0,0,0,0,0,0,0,0,0,0,0,0,0,0,0,0,0,0,0,0,0,0,0,0,0,0,0,0,0,0,0,0,0,0,0,0,0,,,,,,,,,,,,,,,,,,,,,,,,,,,,,,,,,,,,,,,,,,0,80,,,,,,,,,,,,,,,,,,,,,,,,,,,,,,,,
9/1/2026,2025,20260572,47555,39211,"RICHLAND STRYKER GENERATION, LLC",Natural Gas,INTRASTATE,OHIO,0,0,0,0,,,0,,,,,0,0,0,0,,,0,,,,,0,0,0,0,,,0,,,,,0,0,0,0,,,0,,,,,0,0,0,0,,,0,,,,,0,0,0,1,,,0,,,,,0,0,0,0,,,0,,,,,0,0,0,0,,,0,,,,,0,0,0,0,,,0,,,,,0,0,0,0,,,0,,,,,0,0,0,0,,,0,0,0,0,0,0,0,0,0,,,0,0,0,0,0,0,0,0,0,,,0,0,0,0,0,0,0,0,1,,0,,0,0,0,0,0,,0,,,,,,0,,0,,,,,,,,,,,,,,,,,,,,,,,,,,,,,,,0,10,,,,,,,,,,,,,,,,,,,,,,,,,,,,,,,,
9/1/2026,2025,20260861,47857,39216,TALLGRASS MIDSTREAM LLC,Natural Gas,INTRASTATE,WYOMING,0,0,0,0,0,0,0,0,0,0,0,0,0,0,0,0,0,0,0,0,0,0,0,0,0,0,0,0,0,0,0,0,0,0,0,0,0,0,0,0,0,0,0,0,0,0,0,0,0,0,0,0,0,0,0,0,0,0,0,0,0,0,0,0,1,0,0,0,0,0,0,0,0,0,0,0,0,0,0,0,0,0,0,0,0,0,0,0,0,0,0,0,0,0,0,0,0,0,0,0,0,0,0,0,0,0,0,0,0,0,0,0,0,0,0,0,0,0,0,0,0,0,0,0,0,0,0,0,0,0,0,0,0,0,0,0,0,0,0,0,0,0,0,0,0,0,0,0,0,0,0,0,1,0,,0,0,0,0,0,1,0,0,1,1,,,,,,,,,,,,,,,,,,,,,,,,,,,,,,,,,0,0,0,0,0,0,0,0,0,0,0,0,0,0,0,0,0,0,0,0,0,0,0,0,0,0,0,0,0,0,0,2977
9/1/2026,2025,20261259,48272,39218,LEATHERSTOCKING GAS COMPANY,Natural Gas,INTRASTATE,PENNSYLVANIA,0,0,0,0,0,0,0,0,0,0,0,0,0,0,0,0,0,0,0,0,0,0,0,0,0,0,0,0,0,0,0,0,0,0,0,0,0,0,0,0,0,0,0,0,0,0,0,0,0,0,0,0,0,0,0,0,0,0,0,0,0,0,0,0,0,0,0,0,0,0,0,0,0,0,0,0,0,0,0,0,0,0,0,0,0,0,0,0,0,0,0,0,0,0,0,0,0,0,0,0,0,0,0,0,0,0,0,0,0,0,0,0,0,0,0,0,0,0,0,0,0,0,0,0,0,0,0,0,0,0,0,0,0,0,0,0,0,0,0,0,0,0,0,0,0,0,0,0,0,0,0,0,0,0,0,,0,0,0,0,0,0,0,0,0,,,,,,,,,,,,,,,,,,,,,,,,,,,,,,,0,1411,,,,,,,,,,,,,,,,,,,,,,,,,,,,,,,0,
9/1/2026,2025,20261136,48149,39223,"NET MEXICO PIPELINE PARTNERS, LLC",Natural Gas,INTRASTATE,TEXAS,0,0,0,0,0,0,0,0,0,0,0,0,0,0,0,0,0,0,0,0,0,0,0,0,0,0,0,0,0,0,0,0,0,0,0,0,0,0,0,0,0,0,0,0,0,0,0,0,0,0,0,0,0,0,0,0,0,0,0,0,0,0,0,0,0,0,0,0,0,0,0,0,0,0,0,0,0,0,0,0,0,0,0,0,0,0,0,0,0,0,0,0,0,0,0,0,0,0,0,0,0,0,0,0,0,0,0,0,0,0,0,0,0,0,0,0,0,0,0,0,0,0,0,0,0,0,0,0,0,0,0,0,0,0,0,0,0,0,0,0,0,0,0,0,0,0,0,0,0,0,0,0,0,0,,,,,,,,,,,,,,,,,,,,,,,,,,,,,,,,,,,,,,,,,,0,251,,,,,,,,,,,,,,,,,,,,,,,,,,,,,,,,
9/1/2026,2025,20260788,47781,39230,"BUFFCO PRODUCTION, INC.",Natural Gas,INTRASTATE,TEXAS,,0,,,,,,0,,,,,0,,,,,,0,,,,,0,,,,,,0,,,,,0,,,,,,0,,,,,0,,,,,,0,,,,,0,,,,,,0,,,,,0,,,,,,0,,,,,0,,,,,,0,,,,,0,,,,,,0,,,,,0,,,,,,0,,,,,0,,,,,,0,,,,,0,,,,,,0,,,,,0,,,,,,0,,,,,0,,,,,,0,,,,,0,,,0,,,,,0,0,,,,,,,,,,,,,,,,,,,,,,,,,,,,,,,0,,0,0,0,0,0,0,0,0,0,0,0,0,0,0,0,0,0,0,0,0,0,0,0,0,0,0,0,0,,0,0,46
9/1/2026,2025,20261048,48053,39232,MATADOR PRODUCTION COMPANY,Natural Gas,INTRASTATE,LOUISIANA,,0,,,,,,,0,,,,0,,,,,,,0,,,,0,,,,,,,0,,,,0,,,,,,,0,,,,0,,,,,,,0,,,,0,,,,,,,0,,,,0,,,,,,,0,,,,0,,,,,,,0,,,,0,,,,,,,0,,,,0,,,,,,,0,,,,0,,,,,,,0,,,,0,,,,,,,0,,,,0,,,,,,,0,,,,0,,,,,,,0,,,,0,,,,0,,,,0,0,,,,,,,,,,,,,,,,,,,,,,,,,,,,,,,,,,,,,,,,,,,,,,,,,,,,,,,,,,,,,,,0,365
9/1/2026,2025,20261048,48053,39232,MATADOR PRODUCTION COMPANY,Natural Gas,INTRASTATE,NEW MEXICO,,0,,,,,,,,0,,,0,,,,,,,,0,,,0,,,,,,,,0,,,0,,,,,,,,0,,,0,,,,,,,,0,,,0,,,,,,,,0,,,0,,,,,,,,0,,,0,,,,,,,,0,,,0,,,,,,,,0,,,0,,,,,,,,0,,,0,,,,,,,,0,,,0,,,,,,,,0,,,0,,,,,,,,0,,,0,,,,,,,,0,,,0,,,,,0,,,0,0,,,,,,,,,,,,,,,,,,,,,,,,,,,,,,,,,,,,,,,,,,,,,,,,,,,,,,,,,,,,,,,0,701
9/1/2026,2025,20261048,48053,39232,MATADOR PRODUCTION COMPANY,Natural Gas,INTRASTATE,TEXAS,,0,,,,,,,,0,,,0,,,,,,,,0,,,0,,,,,,,,0,,,0,,,,,,,,0,,,0,,,,,,,,0,,,0,,,,,,,,0,,,0,,,,,,,,0,,,0,,,,,,,,0,,,0,,,,,,,,0,,,0,,,,,,,,0,,,0,,,,,,,,0,,,0,,,,,,,,0,,,0,,,,,,,,0,,,0,,,,,,,,0,,,0,,,,,0,,,0,0,,,,,,,,,,,,,,,,,,,,,,,,,,,,,,,,,,,,,,,,,,,,,,,,,,,,,,,,,,,,,,,0,751
9/1/2026,2025,20260069,47022,39246,"VISTA ENERGY, INC.",Natural Gas,INTRASTATE,PENNSYLVANIA,0,0,0,0,0,0,0,0,0,0,0,0,0,0,0,0,0,0,0,0,0,0,0,0,0,0,0,0,0,0,0,0,0,0,0,0,0,0,0,0,0,0,0,0,0,0,0,0,0,0,0,0,0,0,0,0,0,0,0,0,0,0,0,0,0,0,0,0,0,0,0,0,0,0,0,0,0,0,0,0,0,0,0,0,0,0,0,0,0,0,0,0,0,0,0,0,0,0,0,0,0,0,0,0,0,0,0,0,0,0,0,0,0,0,0,0,0,0,0,0,0,0,0,0,0,0,0,0,0,0,0,0,0,0,0,0,0,0,0,0,0,0,0,0,0,0,0,0,0,0,0,0,0,0,,0,0,0,0,0,0,0,0,0,0,,,,,,,,,,,,,,,,,,,,,,,,,,,,,,,0,,,,,,,,,,,,,,,,,,,,,,,,,,,,,,,,0,9
9/1/2026,2025,20260874,47870,39248,"DIVIDE CREEK GATHERING SYSTEM, LLC",Natural Gas,INTRASTATE,COLORADO,0,0,0,0,,,0,,,0,,0,0,0,0,,,0,,,0,,0,0,0,0,,,0,,,0,,0,0,0,0,,,0,,,0,,0,0,0,0,,,0,,,0,,0,0,0,0,,,0,,,0,,0,0,0,0,,,0,,,0,,0,0,0,0,,,0,,,0,,0,0,0,0,,,0,,,0,,0,0,0,0,,,0,,,0,,0,0,0,0,,,0,,,0,,0,0,0,0,,,0,,,0,,0,0,0,0,,,0,,,0,,0,0,0,0,,0,,,,0,,,,0,0,0,0,0,0,0,0,0,,,,,,,,,,,,,,,,,,,,,,,,,,,,,,,0,8,,,,,,,,,,,,,,,,,,,,,,,,,,,,,,,0,38
9/1/2026,2025,20261075,48082,39249,"BRD ONE, LLC",Landfill Gas,INTRASTATE,NEBRASKA,0,0,0,0,0,0,0,0,0,0,0,0,0,0,0,0,0,0,0,0,0,0,0,0,0,0,0,0,0,0,0,0,0,0,0,0,0,0,0,0,0,0,0,0,0,0,0,0,0,0,0,0,0,0,0,0,0,0,0,0,0,0,0,0,0,0,0,0,0,0,0,0,0,0,0,0,0,0,0,0,0,0,0,0,0,0,0,0,0,0,0,0,0,0,0,0,0,0,0,0,0,0,0,0,0,0,0,0,0,0,0,0,0,0,0,0,0,0,0,0,0,0,0,0,0,0,0,0,0,0,0,0,0,0,0,0,0,0,0,0,0,0,0,0,0,0,0,0,0,0,0,0,0,0,0,,0,0,0,0,0,0,0,0,0,,,,,,,,,,,,,,,,,,,,,,,,,,,,,,,0,182,,,,,,,,,,,,,,,,,,,,,,,,,,,,,,,0,
9/1/2026,2025,20261371,48385,39250,AIX ENERGY LLC,Natural Gas,INTRASTATE,ALASKA,0,0,0,0,,,0,,,,,0,0,0,0,,,0,,,,,0,0,0,0,,,0,,,,,0,0,0,0,,,0,,,,,0,0,0,0,,,0,,,,,0,0,0,0,,,0,,,,,0,0,0,0,,,0,,,,,0,0,0,0,,,0,,,,,0,0,0,0,,,0,,,,,0,0,0,0,,,0,,,,,0,0,0,0,,,0,,,,,0,0,0,0,,,0,,,,,0,0,0,0,,,0,,,,,0,0,0,0,,0,,,,,,0,,0,,,,,,0,,0,,,,,,,,,,,,,,,,,,,,,,,,,,,,,,,0,0,,,,,,,,,,,,,,,,,,,,,,,,,,,,,,,,
9/1/2026,2025,20260687,47672,39252,"FASKEN OIL AND RANCH, LTD.",Natural Gas,INTRASTATE,TEXAS,,0,0,0,,,,0,0,0,,,0,0,0,,,,0,0,0,,,0,0,0,,,,0,0,0,,,0,0,0,,,,0,0,0,,,0,0,0,,,,0,0,0,,,0,0,0,,,,0,0,0,,,0,0,0,,,,0,0,0,,,0,0,0,,,,0,0,0,,,0,0,0,,,,0,0,0,,,0,0,0,,,,0,0,0,,,0,0,0,,,,0,0,0,,,0,0,0,,,,0,0,0,,,0,0,0,,,,0,0,0,,,0,0,0,,,,0,0,0,,,,,,,,,,,,,,,,,,,,,,,,,,,,,,,,,,,,,,,,,,,0,0,,,,,,,,,,,,,,,,,,,,,,,,,,,,,,,0,0
9/1/2026,2025,20260579,47562,39255,"ARSENAL MIDSTREAM, LLC",Natural Gas,INTRASTATE,WEST VIRGINIA,,0,,,,,,0,0,0,,,0,,,,,,0,0,0,,,0,,,,,,0,0,0,,,0,,,,,,0,0,0,,,0,,,,,,0,0,0,,,0,,,,,,0,0,0,,,0,,,,,,0,0,0,,,0,,,,,,0,0,0,,,0,,,,,,0,0,0,,,0,,,,,,0,0,0,,,0,,,,,,0,0,0,,,0,,,,,,0,0,0,,,0,,,,,,0,0,0,,,0,,,,,,0,0,0,,,0,,,0,0,0,,,0,0,,,,,,,,,,,,,,,,,,,,,,,,,,,,,,,,,,,,,,,,,,,,,,,,,,,,,,,,,,,,,,,0,320
9/1/2026,2025,20261086,48095,39263,HAYNESVILLE GATHERING LP,Natural Gas,INTRASTATE,LOUISIANA,0,0,0,0,0,0,0,0,0,0,0,0,0,0,0,0,0,0,0,0,0,0,0,0,0,0,0,0,0,0,0,0,0,0,0,0,0,0,0,0,0,0,0,0,0,0,0,0,0,0,0,0,0,0,0,0,0,0,0,0,0,0,0,0,0,0,0,0,0,0,0,0,0,0,0,0,0,0,0,0,0,0,0,0,0,0,0,0,0,0,0,0,0,0,0,0,0,0,0,0,0,0,0,0,0,0,0,0,0,0,0,0,0,0,0,0,0,0,0,0,0,0,0,0,0,0,0,0,0,0,0,0,0,0,0,0,0,0,0,0,0,0,0,0,0,0,0,0,0,0,0,0,0,0,0,0,0,0,0,0,0,0,0,0,0,,,,,,,,,,,,,,,,,,,,,,,,,,,,,,,0,3665,,,,,,,,,,,,,,,,,,,,,,,,,,,,,,,0,3665
9/1/2026,2025,20260799,47792,39266,URBAN OIL & GAS GROUP,Natural Gas,INTRASTATE,ALABAMA,,0,,,,,,0,,0,,,0,,,,,,0,,0,,,0,,,,,,0,,0,,,0,,,,,,0,,0,,,0,,,,,,0,,0,,,0,,,,,,0,,0,,,0,,,,,,0,,0,,,0,,,,,,0,,0,,,0,,,,,,0,,0,,,0,,,,,,0,,0,,,0,,,,,,0,,0,,,0,,,,,,0,,0,,,0,,,,,,0,,0,,,0,,,,,,0,,0,,,,,,,,,,,,,,,,,,,,,,,,,,,,,,,,,,,,,,,,,,,0,,0,0,0,0,0,0,0,0,0,0,0,0,0,0,0,0,0,0,0,0,0,0,0,0,0,0,0,0,0,0,0,31
9/1/2026,2025,20260799,47792,39266,URBAN OIL & GAS GROUP,Natural Gas,INTRASTATE,TEXAS,,,,,,,,,,,,,,,,,,,,,,,,,,,,,,,,,,,,,,,,,,,,,,,,,,,,,,,,,,,,,,,,,,,,,,,,,,,,,,,,,,,,,,,,,,,,,,,,,,,,,,,,,,,,,,,,,,,,,,,,,,,,,,,,,,,,,,,,,,,,,,,,,,,,,,,,,,,,,,,,,,,,,,0,0,0,0,0,0,0,0,0,0,0,0,0,0,0,0,0,0,0,0,0,0,0,0,0,0,0,0,0,0,0,0,0,0,0,0,0,0,0,0,0,0,0,0,0,0,0,0,0,0,0,0,0,0,0,0,0,0,0,0,0,0,0,987
9/1/2026,2025,20260799,47792,39266,URBAN OIL & GAS GROUP,Natural Gas,INTRASTATE,UTAH,0,0,0,0,,,0,0,0,0,,0,0,0,0,,,0,0,0,0,,0,0,0,0,,,0,0,0,0,,0,0,0,0,,,0,0,0,0,,0,0,0,0,,,0,0,0,0,,0,0,0,0,,,0,0,0,0,,0,0,0,0,,,0,0,0,0,,0,0,0,0,,,0,0,0,0,,0,0,0,0,,,0,0,0,0,,0,0,0,0,,,0,0,0,0,,0,0,0,0,,,0,0,0,0,,0,0,0,0,,,0,0,0,0,,0,0,0,0,,,0,0,0,0,,0,0,0,0,,0,,0,0,0,,0,0,0,,0,0,0,,0,0,0,0,0,0,0,0,0,0,0,0,0,0,0,0,0,0,0,0,0,0,0,0,0,0,0,0,0,0,0,0,0,0,0,0,0,0,0,0,0,0,0,0,0,0,0,0,0,0,0,0,0,0,0,0,0,0,0,0,0,0,0,0,0,0,0
9/1/2026,2025,20260583,47566,39267,"EAGLERIDGE OPERATING, LLC",Natural Gas,INTRASTATE,TEXAS,0,0,0,0,0,0,0,0,0,0,0,0,0,0,0,0,0,0,0,0,0,0,0,0,0,0,0,0,0,0,0,0,0,0,0,0,0,0,0,0,0,0,0,0,0,0,0,0,0,0,0,0,0,0,0,0,0,0,0,0,0,0,0,0,0,0,0,0,0,0,0,0,0,0,0,0,0,0,0,0,0,0,0,0,0,0,0,0,0,0,0,0,0,0,0,0,0,0,0,0,0,0,0,0,0,0,0,0,0,0,0,0,0,0,0,0,0,0,0,0,0,0,0,0,0,0,0,0,0,0,0,0,0,0,0,0,0,0,0,0,0,0,0,0,0,0,0,0,0,0,0,0,0,0,0,0,0,0,0,0,0,0,0,0,0,,,,,,,,,,,,,,,,,,,,,,,,,,,,,,,0,2469,,,,,,,,,,,,,,,,,,,,,,,,,,,,,,,0,23636
9/1/2026,2025,20260390,47355,39270,"COMMERCE MIDSTREAM, LLC",Natural Gas,INTRASTATE,TEXAS,0,0,0,0,0,0,0,0,0,0,0,0,0,0,0,0,0,0,0,0,0,0,0,0,0,0,0,0,0,0,0,0,0,0,0,0,0,0,0,0,0,0,0,0,0,0,0,0,0,0,0,0,0,0,0,0,0,0,0,0,0,0,0,0,0,0,0,0,0,0,0,0,0,0,0,0,0,0,0,0,0,0,0,0,0,0,0,0,0,0,0,0,0,0,0,0,0,0,0,0,0,0,0,0,0,0,0,0,0,0,0,0,0,0,0,0,0,0,0,0,0,0,0,0,0,0,0,0,0,0,0,0,0,0,0,0,0,0,0,0,0,0,0,0,0,0,0,0,0,0,0,0,0,0,0,,0,0,0,0,0,0,0,0,0,,,,,,,,,,,,,,,,,,,,,,,,,,,,,,,0,630,,,,,,,,,,,,,,,,,,,,,,,,,,,,,,,0,
9/1/2026,2025,20260133,47088,39275,"WACKER POLYSILICON NORTH AMERICA, LLC",Other Gas-Chlorine,INTRASTATE,TENNESSEE,0,0,0,0,,,0,0,0,0,,0,0,0,0,,,0,0,0,0,,0,0,0,0,,,0,0,0,0,,0,0,0,0,,,0,0,0,0,,0,0,0,0,,,0,0,0,0,,0,0,0,0,,,0,0,0,0,,0,0,0,0,,,0,0,0,0,,0,0,0,0,,,0,0,0,0,,0,0,0,0,,,0,0,0,0,,0,0,0,0,,,0,0,0,0,,0,0,0,0,,,0,0,0,0,,0,0,0,0,,,0,0,0,0,,0,0,0,0,,,0,0,0,0,,0,0,0,0,,0,,0,0,0,,0,0,0,,0,0,0,,0,0,0,,,,,,,,,,,,,,,,,,,,,,,,,,,,,,,0,0,,,,,,,,,,,,,,,,,,,,,,,,,,,,,,,0,0
9/1/2026,2025,20260501,47474,39282,CRISP COUNTY POWER COMMISSION,Natural Gas,INTRASTATE,GEORGIA,0,0,0,0,0,0,0,0,0,0,0,0,0,0,0,0,0,0,0,0,0,0,0,0,0,0,0,0,0,0,0,0,0,0,0,0,0,0,0,0,0,0,0,0,0,0,0,0,0,0,0,0,0,0,0,0,0,0,0,0,0,0,0,0,0,0,0,0,0,0,0,0,0,0,0,0,0,0,0,0,0,0,0,0,0,0,0,0,0,0,0,0,0,0,0,0,0,0,0,0,0,0,0,0,0,0,0,0,0,0,0,0,0,0,0,0,0,0,0,0,0,0,0,0,0,0,0,0,0,0,0,0,0,0,0,0,0,0,0,0,0,0,0,0,0,0,0,0,0,0,0,0,0,0,0,,0,0,0,0,0,0,0,0,0,0,0,0,0,0,0,0,0,0,0,0,0,0,0,0,0,0,0,0,0,0,0,0,0,0,0,0,0,0,0,0,100,,,,,,,,,,,,,,,,,,,,,,,,,,,,,,,0,
9/1/2026,2025,20260307,47265,39293,DDS RENTALS LLC,Natural Gas,INTRASTATE,IOWA,0,0,0,0,0,0,0,0,0,0,0,0,0,0,0,0,0,0,0,0,0,0,0,0,0,0,0,0,0,0,0,0,0,0,0,0,0,0,0,0,0,0,0,0,0,0,0,0,0,0,0,0,0,0,0,0,0,0,0,0,0,0,0,0,0,0,0,0,0,0,0,0,0,0,0,0,0,0,0,0,0,0,0,0,0,0,0,0,0,0,0,0,0,0,0,0,0,0,0,0,0,0,0,0,0,0,0,0,0,0,0,0,0,0,0,0,0,0,0,0,0,0,0,0,0,0,0,0,0,0,0,0,0,0,0,0,0,0,0,0,0,0,0,0,0,0,0,0,0,0,0,0,0,0,0,,0,0,0,0,0,0,0,0,0,0,0,0,0,0,0,0,0,0,0,0,0,0,0,0,0,0,0,0,0,0,0,0,0,0,0,0,0,0,0,0,32,,,,,,,,,,,,,,,,,,,,,,,,,,,,,,,0,
9/1/2026,2025,20260731,47718,39303,"BASA RESOURCES, INC.",Natural Gas,INTRASTATE,TEXAS,0,0,0,0,0,0,0,0,0,0,0,0,0,0,0,0,0,0,0,0,0,0,0,0,0,0,0,0,0,0,0,0,0,0,0,0,0,0,0,0,0,0,0,0,0,0,0,0,0,0,0,0,0,0,0,0,0,0,0,0,0,0,0,0,0,0,0,0,0,0,0,0,0,0,0,0,0,0,0,0,0,0,0,0,0,0,0,0,0,0,0,0,0,0,0,0,0,0,0,0,0,0,0,0,0,0,0,0,0,0,0,0,0,0,0,0,0,0,0,0,0,0,0,0,0,0,0,0,0,0,0,0,0,0,0,0,0,0,0,0,0,0,0,0,0,0,0,0,0,0,0,0,0,0,,0,0,0,0,0,0,0,0,0,0,,,,,,,,,,,,,,,,,,,,,,,,,,,,,,,0,,,,,,,,,,,,,,,,,,,,,,,,,,,,,,,,0,58
9/1/2026,2025,20261377,48464,39304,"CAPITAL STAR OIL & GAS, INC.",Natural Gas,INTRASTATE,TEXAS,0,0,0,0,0,0,0,0,0,0,0,0,0,0,0,0,0,0,0,0,0,0,0,0,0,0,0,0,0,0,0,0,0,0,0,0,0,0,0,0,0,0,0,0,0,0,0,0,0,0,0,0,0,0,0,0,0,0,0,0,0,0,0,0,0,0,0,0,0,0,0,0,0,0,0,0,0,0,0,0,0,0,0,0,0,0,0,0,0,0,0,0,0,0,0,0,0,0,0,0,0,0,0,0,0,0,0,0,0,0,0,0,0,0,0,0,0,0,0,0,0,0,0,0,0,0,0,0,0,0,0,0,0,0,0,0,0,0,0,0,0,0,0,0,0,0,0,0,0,0,0,0,0,0,,0,0,0,0,0,0,0,0,0,0,,,,,,,,,,,,,,,,,,,,,,,,,,,,,,,0,,,,,,,,,,,,,,,,,,,,,,,,,,,,,,,,0,0
9/1/2026,2025,20261410,48435,39306,"HILLTOP RESORT GS, LLC",Natural Gas,INTRASTATE,TEXAS,,0,,,,,,0,0,0,,,0,,,,,,0,0,0,,,0,,,,,,0,0,0,,,0,,,,,,0,0,0,,,0,,,,,,0,0,0,,,0,,,,,,0,0,0,,,0,,,,,,0,0,0,,,0,,,,,,0,0,0,,,0,,,,,,0,0,0,,,0,,,,,,0,0,0,,,0,,,,,,0,0,0,,,0,,,,,,0,0,0,,,0,,,,,,0,0,0,,,0,,,,,,0,0,0,,,0,,,0,0,0,,,0,0,,,,,,,,,,,,,,,,,,,,,,,,,,,,,,,,,0,0,0,0,0,0,0,0,0,0,0,0,0,0,0,0,0,0,0,0,0,0,0,0,0,0,0,0,0,0,0,125
9/1/2026,2025,20260906,47903,39313,"MAVERICK TERMINAL THREE RIVERS, LLC",Natural Gas,INTRASTATE,TEXAS,0,0,0,0,0,0,0,0,0,0,0,0,0,0,0,0,0,0,0,0,0,0,0,0,0,0,0,0,0,0,0,0,0,0,0,0,0,0,0,0,0,0,0,0,0,0,0,0,0,0,0,0,0,0,0,0,0,0,0,0,0,0,0,0,0,0,0,0,0,0,0,0,0,0,0,0,0,0,0,0,0,0,0,0,0,0,0,0,0,0,0,0,0,0,0,0,0,0,0,0,0,0,0,0,0,0,0,0,0,0,0,0,0,0,0,0,0,0,0,0,0,0,0,0,0,0,0,0,0,0,0,0,0,0,0,0,0,0,0,0,0,0,0,0,0,0,0,0,0,0,0,0,0,0,0,,0,0,0,0,0,0,0,0,0,,,,,,,,,,,,,,,,,,,,,,,,,,,,,,,0,11,,,,,,,,,,,,,,,,,,,,,,,,,,,,,,,0,
9/1/2026,2025,20260459,47425,39317,SCOUT ENERGY MANAGEMENT LLC,Natural Gas,INTRASTATE,KANSAS,0,0,0,0,,,0,,0,4,,0,0,0,0,,,0,,0,9,,0,0,0,0,,,0,,0,0,,0,0,0,0,,,0,,0,0,,0,0,0,0,,,0,,0,0,,0,0,0,0,,,0,,0,0,,0,0,0,0,,,0,,0,0,,0,0,0,0,,,0,,0,0,,0,0,0,0,,,0,,0,0,,0,0,0,0,,,0,,0,0,,0,0,0,0,,,0,,0,0,,0,0,0,0,,,0,,0,0,,0,0,0,0,,,0,,0,0,,0,0,0,0,,0,,,0,13,,0,0,0,,,0,13,,0,13,13,0,0,0,0,0,0,0,0,0,0,0,0,0,0,0,0,0,0,0,0,0,0,0,0,0,0,0,0,0,0,0,0,0,0,0,0,0,0,0,0,0,0,0,0,0,0,0,0,0,0,0,0,0,0,0,0,0,0,0,0,0,0,0,0
9/1/2026,2025,20260459,47425,39317,SCOUT ENERGY MANAGEMENT LLC,Natural Gas,INTRASTATE,OKLAHOMA,,,,,,,,,,,,,,,,,,,,,,,,,,,,,,,,,,,,,,,,,,,,,,,,,,,,,,,,,,,,,,,,,,,,,,,,,,,,,,,,,,,,,,,,,,,,,,,,,,,,,,,,,,,,,,,,,,,,,,,,,,,,,,,,,,,,,,,,,,,,,,,,,,,,,,,,,,,,,,,,,,,,,,,,,,,,,,,,,,,,,,,,,,,,,,,,,,,,0,,0,0,0,0,0,0,0,0,0,0,0,0,0,0,0,0,0,0,0,0,0,0,0,0,0,0,0,0,0,0,0,0
9/1/2026,2025,20260459,47425,39317,SCOUT ENERGY MANAGEMENT LLC,Natural Gas,INTRASTATE,UTAH,,,,,,,,,,,,,,,,,,,,,,,,,,,,,,,,,,,,,,,,,,,,,,,,,,,,,,,,,,,,,,,,,,,,,,,,,,,,,,,,,,,,,,,,,,,,,,,,,,,,,,,,,,,,,,,,,,,,,,,,,,,,,,,,,,,,,,,,,,,,,,,,,,,,,,,,,,,,,,,,,,,,,,,,,,,,,,,,,,,,,,,,,,,,,,,,,,,,,,0,0,0,0,0,0,0,0,0,0,0,0,0,0,0,0,0,0,0,0,0,0,0,0,0,0,0,0,0,0,0,0
9/1/2026,2025,20261258,48454,39320,CHISOS PIPELINE COMPANY LLC,Natural Gas,INTRASTATE,LOUISIANA,0,0,0,0,,,0,0,0,0,,0,0,0,0,,,0,0,0,0,,0,0,0,0,,,0,0,0,0,,0,0,0,0,,,0,0,0,0,,0,0,0,0,,,0,0,0,0,,0,0,0,0,,,0,0,0,0,,0,0,0,0,,,0,0,0,0,,0,0,0,0,,,0,0,0,0,,0,0,0,0,,,0,0,0,0,,0,0,0,0,,,0,0,0,0,,0,0,0,0,,,0,0,0,0,,0,0,0,0,,,0,0,0,0,,0,0,0,0,,,0,0,0,0,,0,0,0,0,,0,,0,0,0,,0,0,0,0,0,0,0,0,0,0,0,,,,,,,,,,,,,,,,,,,,,,,,,,,,,,,0,100,,,,,,,,,,,,,,,,,,,,,,,,,,,,,,,0,102
9/1/2026,2025,20261258,48454,39320,CHISOS PIPELINE COMPANY LLC,Natural Gas,INTRASTATE,MISSISSIPPI,0,0,0,0,0,0,0,0,0,0,0,0,0,0,0,0,0,0,0,0,0,0,0,0,0,0,0,0,0,0,0,0,0,0,0,0,0,0,0,0,0,0,0,0,0,0,0,0,0,0,0,0,0,0,0,0,0,0,0,0,0,0,0,0,0,0,0,0,0,0,0,0,0,0,0,0,0,0,0,0,0,0,0,0,0,0,0,0,0,0,0,0,0,0,0,0,0,0,0,0,0,0,0,0,0,0,0,0,0,0,0,0,0,0,0,0,0,0,0,0,0,0,0,0,0,0,0,0,0,0,0,0,0,0,0,0,0,0,0,0,0,0,0,0,0,0,0,0,0,0,0,0,0,0,0,0,0,0,0,0,0,0,0,0,0,,,,,,,,,,,,,,,,,,,,,,,,,,,,,,,0,0,,,,,,,,,,,,,,,,,,,,,,,,,,,,,,,0,0
9/1/2026,2025,20261451,48532,39322,"COMPASS NATURAL GAS PARTNERS, LP",Natural Gas,INTRASTATE,PENNSYLVANIA,0,0,0,0,,,0,0,0,0,,0,0,0,0,,,0,0,0,0,,0,0,0,0,,,0,0,0,0,,0,0,0,0,,,0,0,0,0,,0,0,0,0,,,0,0,0,0,,0,0,0,0,,,0,0,0,0,,0,0,0,0,,,0,0,0,0,,0,0,0,0,,,0,0,0,0,,0,0,0,0,,,0,0,0,0,,0,0,0,0,,,0,0,0,0,,0,0,0,0,,,0,0,0,0,,0,0,0,0,,,0,0,0,0,,0,0,0,0,,,0,0,0,0,,0,0,0,0,,0,,0,0,0,,0,0,0,,0,0,0,,0,0,0,,,,,,,,,,,,,,,,,,,,,,,,,,,,,,,0,0,,,,,,,,,,,,,,,,,,,,,,,,,,,,,,,0,
9/1/2026,2025,20260210,47168,39323,ELLWOOD REALTY ACQUISITION COMPANY (ERAC),Natural Gas,INTRASTATE,PENNSYLVANIA,0,0,0,0,0,0,0,0,0,0,0,0,0,0,0,0,0,0,0,0,0,0,0,0,0,0,0,0,0,0,0,0,0,0,0,0,0,0,0,0,0,0,0,0,0,0,0,0,0,0,0,0,0,0,0,0,0,0,0,0,0,0,0,0,0,0,0,0,0,0,0,0,0,0,0,0,0,0,0,0,0,0,0,0,0,0,0,0,0,0,0,0,0,0,0,0,0,0,0,0,0,0,0,0,0,0,0,0,0,0,0,0,0,0,0,0,0,0,0,0,0,0,0,0,0,0,0,0,0,0,0,0,0,0,0,0,0,0,0,0,0,0,0,0,0,0,0,0,0,0,0,0,0,0,0,,0,,,,,,0,,0,0,0,0,0,0,0,0,0,0,0,0,0,0,0,0,0,0,0,0,0,0,0,0,0,0,0,0,0,0,0,0,106,,,,,,,,,,,,,,,,,,,,,,,,,,,,,,,0,
9/1/2026,2025,20260924,48399,39324,"HEP PENNSYLVANIA GATHERING, LLC",Natural Gas,INTRASTATE,PENNSYLVANIA,0,0,0,0,0,0,0,0,0,0,0,0,0,0,0,0,0,0,0,0,0,0,0,0,0,0,0,0,0,0,0,0,0,0,0,0,0,0,0,0,0,0,0,0,0,0,0,0,0,0,0,0,0,0,0,0,0,0,0,0,0,0,0,0,0,0,0,0,0,0,0,0,0,0,0,0,0,0,0,0,0,0,0,0,0,0,0,0,0,0,0,0,0,0,0,0,0,0,0,0,0,0,0,0,0,0,0,0,0,0,0,0,0,0,0,0,0,0,0,0,0,0,0,0,0,0,0,0,0,0,0,0,0,0,0,0,0,0,0,0,0,0,0,0,0,0,0,0,0,0,0,0,0,0,,0,0,0,0,0,0,0,0,0,0,,,,,,,,,,,,,,,,,,,,,,,,,,,,,,,0,,,,,,,,,,,,,,,,,,,,,,,,,,,,,,,,0,113
9/1/2026,2025,20260036,46986,39337,"TRIBUNE RESOURCES, LLC",Natural Gas,INTRASTATE,WEST VIRGINIA,,0,,,,,,,0,,,,0,,,,,,,0,,,,0,,,,,,,0,,,,0,,,,,,,0,,,,0,,,,,,,0,,,,0,,,,,,,0,,,,0,,,,,,,0,,,,0,,,,,,,0,,,,0,,,,,,,0,,,,0,,,,,,,0,,,,0,,,,,,,0,,,,0,,,,,,,0,,,,0,,,,,,,0,,,,0,,,,,,,0,,,,0,,,,0,,,,0,0,,,,,,,,,,,,,,,,,,,,,,,,,,,,,,,,,,,,,,,,,,,,,,,,,,,,,,,,,,,,,,,0,34
9/1/2026,2025,20260016,46956,39343,SMELTER SERVICE CORP,Natural Gas,INTRASTATE,TENNESSEE,0,0,0,0,,,0,,,,,0,0,0,0,,,0,,,,,0,0,0,0,,,0,,,,,0,0,0,0,,,0,,,,,0,0,0,0,,,0,,,,,0,0,0,0,,,0,,,,,0,0,0,0,,,0,,,,,0,0,0,0,,,0,,,,,0,0,0,0,,,0,,,,,0,0,0,0,,,0,,,,,0,0,0,0,,,0,,,,,0,0,0,0,,,0,,,,,0,0,0,0,,,0,,,,,0,0,0,0,,0,,,,,,0,,0,,,,,,0,,0,,,,,,,,,,,,,,,,,,,,,,,,,,,,,,,0,9,,,,,,,,,,,,,,,,,,,,,,,,,,,,,,,0,
9/1/2026,2025,20260139,47094,39345,COBRA OIL & GAS CORP.,Natural Gas,INTRASTATE,MICHIGAN,0,0,0,0,,,0,,,,,0,0,0,0,,,0,,,,,0,0,0,0,,,0,,,,,0,0,0,0,,,0,,,,,0,0,0,0,,,0,,,,,0,0,0,0,,,0,,,,,0,0,0,0,,,0,,,,,0,0,0,0,,,0,,,,,0,0,0,0,,,0,,,,,0,0,0,0,,,0,,,,,0,0,0,0,,,0,0,0,0,0,0,0,0,0,,,0,0,0,0,0,0,0,0,0,,,0,0,0,0,0,0,0,0,0,,0,,0,0,0,0,0,,0,,,,,,0,,0,,,,,,,,,,,,,,,,,,,,,,,,,,,,,,,0,0,,,,,,,,,,,,,,,,,,,,,,,,,,,,,,,0,
9/1/2026,2025,20260722,47709,39352,"GENESIS OFFSHORE HOLDINGS, LLC",Natural Gas,INTERSTATE,OCS-Gulf of America,0,0,0,0,0,0,0,0,0,0,0,0,0,0,0,0,0,0,0,0,0,0,0,0,0,0,0,0,0,0,0,0,0,0,0,0,0,0,0,0,0,0,0,0,0,0,0,0,0,0,0,0,0,0,0,0,0,0,0,0,0,0,0,0,0,0,0,0,0,0,0,0,0,0,0,0,0,0,0,0,0,0,0,0,0,0,0,0,0,0,0,0,0,0,0,0,0,0,0,0,0,0,0,0,0,0,0,0,0,0,0,0,0,0,0,0,0,0,0,0,0,0,0,0,0,0,0,0,0,0,0,0,0,0,0,0,0,0,0,0,0,0,0,0,0,0,0,0,0,0,0,0,0,0,0,0,0,0,0,0,0,0,0,0,0,0,0,0,0,0,0,0,0,0,0,0,0,0,0,0,0,0,0,0,0,0,0,0,0,0,0,0,0,0,0,0,0,0,0,0,0,0,0,0,0,0,0,0,0,0,0,0,0,0,0,0,0,0,0,0,0,0,0,0,0,0,0,0,0
9/1/2026,2025,20260722,47709,39352,"GENESIS OFFSHORE HOLDINGS, LLC",Natural Gas,INTRASTATE,TEXAS,0,0,0,0,0,0,0,0,0,0,0,0,0,0,0,0,0,0,0,0,0,0,0,0,0,0,0,0,0,0,0,0,0,0,0,0,0,0,0,0,0,0,0,0,0,0,0,0,0,0,0,0,0,0,0,0,0,0,0,0,0,0,0,0,0,0,0,0,0,0,0,0,0,0,0,0,0,0,0,0,0,0,0,0,0,0,0,0,0,0,0,0,0,0,0,0,0,0,0,0,0,0,0,0,0,0,0,0,0,0,0,0,0,0,0,0,0,0,0,0,0,0,0,0,0,0,0,0,0,0,0,0,0,0,0,0,0,0,0,0,0,0,0,0,0,0,0,0,0,0,0,0,0,0,,0,0,0,0,0,0,0,0,0,0,,,,,,,,,,,,,,,,,,,,,,,,,,,,,,,0,,0,0,0,0,0,0,0,0,0,0,0,0,0,0,0,0,0,0,0,0,0,0,0,0,0,0,0,0,0,0,0,
9/1/2026,2025,20260563,47963,39354,ENBRIDGE OFFSHORE FACILITIES,Natural Gas,INTERSTATE,OCS-Gulf of America,,,,,,,,,,,,,,,,,,,,,,,,,,,,,,,,,,,,,,,,,,,,,,,,,,,,,,,,,,,,,,,,,,,,,,,,,,,,,,,,,,,,,,,,,,,,,,,,,,,,,,,,,,,,,,,,,,,,,,,,,,,,,,,,,,,,,,,,,,,,,,,,,,,,,,,,,,,,,,,,,,,,,,,,,,,,,,,,,,,,,,,,,,,,,,,,,,,,0,0,,,,,,,,,,,,,,,,,,,,,,,,,,,,,,,,
9/1/2026,2025,20261126,48139,39356,AETHON ENERGY OPERATING LLC,Natural Gas,INTRASTATE,TEXAS,0,0,0,0,0,0,0,0,0,0,0,0,0,0,0,0,0,0,0,0,0,0,0,0,0,0,0,0,0,0,0,0,0,0,0,0,0,0,0,0,0,0,0,0,0,0,0,0,0,0,0,0,0,0,0,0,0,0,0,0,0,0,0,0,0,0,0,0,0,0,0,0,0,0,0,0,0,0,0,0,0,0,0,0,0,0,0,0,0,0,0,0,0,0,0,0,0,0,0,0,0,0,0,0,0,0,0,0,0,0,0,0,0,0,0,0,0,0,0,0,0,0,0,0,0,0,0,0,0,0,0,0,0,0,0,0,0,0,0,0,0,0,0,0,0,0,0,0,0,0,0,0,0,0,,0,0,0,0,0,0,0,0,0,0,,,,,,,,,,,,,,,,,,,,,,,,,,,,,,,0,,,,,,,,,,,,,,,,,,,,,,,,,,,,,,,,0,1680
9/1/2026,2025,20260161,47116,39357,"WEST THOMAS FIELD SERVICES, LLC",Natural Gas,INTRASTATE,OKLAHOMA,0,0,0,0,0,0,0,0,0,0,0,0,0,0,0,0,0,0,0,0,0,0,0,0,0,0,0,0,0,0,0,0,0,0,0,0,0,0,0,0,0,0,0,0,0,0,0,0,0,0,0,0,0,0,0,0,0,0,0,0,0,0,0,0,0,0,0,0,0,0,0,0,0,0,0,0,0,0,0,0,0,0,0,0,0,0,0,0,0,0,0,0,0,0,0,0,0,0,0,0,0,0,0,0,0,0,0,0,0,0,0,0,0,0,0,0,0,0,0,0,0,0,0,0,0,0,0,0,0,0,0,0,0,0,0,0,0,0,0,0,0,0,0,0,0,0,0,0,0,0,0,0,0,0,0,,0,0,0,0,0,0,0,0,0,0,0,0,0,0,0,0,0,0,0,0,0,0,0,0,0,0,0,0,0,0,0,0,0,0,0,0,0,0,0,0,5,,,,,,,,,,,,,,,,,,,,,,,,,,,,,,,0,
9/1/2026,2025,20261407,48432,39361,"UNIVERSITY OF ARKANSAS, FAYETTEVILLE",Natural Gas,INTRASTATE,ARKANSAS,0,0,0,0,0,0,0,0,0,0,0,0,0,0,0,0,0,0,0,0,0,0,0,0,0,0,0,0,0,0,0,0,0,0,0,0,0,0,0,0,0,0,0,0,0,0,0,0,0,0,0,0,0,0,0,0,0,0,0,0,0,0,0,0,0,0,0,0,0,0,0,0,0,0,0,0,0,0,0,0,0,0,0,0,0,0,0,0,0,0,0,0,0,0,0,0,0,0,0,0,0,0,0,0,0,0,0,0,0,0,0,0,0,0,0,0,0,0,0,0,0,0,0,0,0,0,0,0,0,0,0,0,0,0,0,0,0,0,0,0,0,0,0,0,0,0,0,0,0,0,0,0,0,0,0,,0,0,0,0,0,0,0,0,0,,,,,,,,,,,,,,,,,,,,,,,,,,,,,,,0,44,,,,,,,,,,,,,,,,,,,,,,,,,,,,,,,0,
9/1/2026,2025,20260806,47799,39368,CRESTWOOD MIDSTREAM PARTNERS LP,Natural Gas,INTRASTATE,NEW MEXICO,,0,0,0,,,,0,0,0,,,0,0,0,,,,0,0,0,,,0,0,0,,,,0,0,0,,,0,0,0,,,,0,0,0,,,0,0,0,,,,0,0,0,,,0,0,0,,,,0,0,1,,,0,0,0,,,,0,0,0,,,0,0,0,,,,0,0,0,,,0,0,0,,,,0,0,0,,,0,0,0,,,,0,0,0,,,0,0,0,,,,0,0,0,,,0,0,0,,,,0,0,0,,,0,0,0,,,,0,0,0,,,0,0,0,,,,0,0,1,,0,0,0,,0,0,0,,0,0,0,0,0,0,0,0,0,0,0,0,0,0,0,0,0,0,0,0,0,0,0,0,0,0,0,0,0,0,0,0,0,0,11,0,0,0,0,0,0,0,0,0,0,0,0,0,0,0,0,0,0,0,0,0,0,0,0,0,0,0,0,0,0,0,604
9/1/2026,2025,20260806,47799,39368,CRESTWOOD MIDSTREAM PARTNERS LP,Natural Gas,INTRASTATE,NORTH DAKOTA,,0,0,0,,,,0,0,0,,,0,0,0,,,,0,0,0,,,0,0,0,,,,0,0,0,,,0,0,0,,,,0,0,0,,,0,0,0,,,,0,0,0,,,0,0,0,,,,0,0,0,,,0,0,0,,,,0,0,0,,,0,0,0,,,,0,0,0,,,0,0,0,,,,0,0,0,,,0,0,0,,,,0,0,0,,,0,0,0,,,,0,0,0,,,0,0,0,,,,0,0,0,,,0,0,0,,,,0,0,0,,,0,0,0,,,,0,0,0,,0,0,0,,0,0,0,,0,0,0,0,0,0,0,0,0,0,0,0,0,0,0,0,0,0,0,0,0,0,0,0,0,0,0,0,0,0,0,0,0,0,5,0,0,0,0,0,0,0,0,0,0,0,0,0,0,0,0,0,0,0,0,0,0,0,0,0,0,0,0,0,0,0,251
9/1/2026,2025,20260806,47799,39368,CRESTWOOD MIDSTREAM PARTNERS LP,Natural Gas,INTRASTATE,TEXAS,0,0,0,0,,,0,0,0,0,,0,0,0,0,,,0,0,0,0,,0,0,0,0,,,0,0,0,0,,0,0,0,0,,,0,0,0,0,,0,0,0,0,,,0,0,0,0,,0,0,0,0,,,0,0,0,0,,0,0,0,0,,,0,0,0,0,,0,0,0,0,,,0,0,0,0,,0,0,0,0,,,0,0,0,0,,0,0,0,0,,,0,0,0,0,,0,0,0,0,,,0,0,0,0,,0,0,0,0,,,0,0,0,0,,0,0,0,0,,,0,0,0,0,,0,0,0,0,,0,,0,0,0,,0,0,0,,0,0,0,,0,0,0,0,0,0,0,0,0,0,0,0,0,0,0,0,0,0,0,0,0,0,0,0,0,0,0,0,0,0,0,0,0,0,61,0,0,0,0,0,0,0,0,0,0,0,0,0,0,0,0,0,0,0,0,0,0,0,0,0,0,0,0,0,0,0,2031
9/1/2026,2025,20260806,47799,39368,CRESTWOOD MIDSTREAM PARTNERS LP,Natural Gas,INTRASTATE,WYOMING,0,0,0,0,0,0,0,0,0,0,0,0,0,0,0,0,0,0,0,0,0,0,0,0,0,0,0,0,0,0,0,0,0,0,0,0,0,0,0,0,0,0,0,0,0,0,0,0,0,0,0,0,0,0,0,0,0,0,0,0,0,0,0,0,0,0,0,0,0,0,0,0,0,0,0,0,0,0,0,0,0,0,0,0,0,0,0,0,0,0,0,0,0,0,0,0,0,0,0,0,0,0,0,0,0,0,0,0,0,0,0,0,0,0,0,0,0,0,0,0,0,0,0,0,0,0,0,0,0,0,0,0,0,0,0,0,0,0,0,0,0,0,0,0,0,0,0,0,0,0,0,0,0,0,,0,0,0,0,0,0,0,0,0,0,,,,,,,,,,,,,,,,,,,,,,,,,,,,,,,0,,0,0,0,0,0,0,0,0,0,0,0,0,0,0,0,0,0,0,0,0,0,0,0,0,0,0,0,0,0,0,0,279
9/1/2026,2025,20260149,47104,39370,"NORTHWEST GAS PROCESSING, LLC",Natural Gas,INTRASTATE,IDAHO,0,0,0,0,0,0,0,0,0,0,0,0,0,0,0,0,0,0,0,0,0,0,0,0,0,0,0,0,0,0,0,0,0,0,0,0,0,0,0,0,0,0,0,0,0,0,0,0,0,0,0,0,0,0,0,0,0,0,0,0,0,0,0,0,0,0,0,0,0,0,0,0,0,0,0,0,0,0,0,0,0,0,0,0,0,0,0,0,0,0,0,0,0,0,0,0,0,0,0,0,0,0,0,0,0,0,0,0,0,0,0,0,0,0,0,0,0,0,0,0,0,0,0,0,0,0,0,0,0,0,0,0,0,0,0,0,0,0,0,0,0,0,0,0,0,0,0,0,0,0,0,0,0,0,,0,0,0,0,0,0,0,0,0,0,,,,,,,,,,,,,,,,,,,,,,,,,,,,,,,0,,,,,,,,,,,,,,,,,,,,,,,,,,,,,,,,0,18
9/1/2026,2025,20260425,47391,39372,"BLACK HILLS SHOSHONE PIPELINE, LLC",Natural Gas,INTERSTATE,MONTANA,0,0,0,0,,,0,,,,,0,0,0,0,,,0,,,,,0,0,0,0,,,0,,,,,0,0,0,0,,,0,,,,,0,0,0,0,,,0,,,,,0,0,0,0,,,0,,,,,0,0,0,0,,,0,,,,,0,0,0,0,,,0,,,,,0,0,0,0,,,0,,,,,0,0,0,0,,,0,,,,,0,0,0,0,,,0,,,,,0,0,0,0,,,0,,,,,0,0,0,0,,,0,,,,,0,0,0,0,,0,,,,,,0,,0,0,0,0,0,0,0,0,0,0,0,0,0,0,0,0,0,0,0,0,0,0,0,0,0,0,0,0,0,0,0,0,0,0,0,0,0,0,0,0,0,,,,,,,,,,,,,,,,,,,,,,,,,,,,,,,,
9/1/2026,2025,20260425,47391,39372,"BLACK HILLS SHOSHONE PIPELINE, LLC",Natural Gas,INTERSTATE,WYOMING,0,0,0,0,0,0,0,0,0,0,0,0,0,0,0,0,0,0,0,0,0,0,0,0,0,0,0,0,0,0,0,0,0,0,0,0,0,0,0,0,0,0,0,0,0,0,0,0,0,0,0,0,0,0,0,0,0,0,0,0,0,0,0,0,0,0,0,0,0,0,0,0,0,0,0,0,0,0,0,0,0,0,0,0,0,0,0,0,0,0,0,0,0,0,0,0,0,0,0,0,0,0,0,0,0,0,0,0,0,0,0,0,0,0,0,0,0,0,0,0,0,0,0,0,0,0,0,0,0,0,0,0,0,0,0,0,0,0,0,0,0,0,0,0,0,0,0,0,0,0,0,0,0,0,0,,0,0,0,0,0,0,0,0,0,0,0,0,0,0,0,0,0,0,0,0,0,0,0,0,0,0,0,0,0,0,0,0,0,0,0,0,0,0,0,0,1,,,,,,,,,,,,,,,,,,,,,,,,,,,,,,,,
9/1/2026,2025,20260636,47621,39375,WOODWAY TEXAS PIPELINE LLC,Natural Gas,INTRASTATE,TEXAS,0,0,0,0,0,0,0,0,0,0,0,0,0,0,0,0,0,0,0,0,0,0,0,0,0,0,0,0,0,0,0,0,0,0,0,0,0,0,0,0,0,0,0,0,0,0,0,0,0,0,0,0,0,0,0,0,0,0,0,0,0,0,0,0,0,0,0,0,0,0,0,0,0,0,0,0,0,0,0,0,0,0,0,0,0,0,0,0,0,0,0,0,0,0,0,0,0,0,0,0,0,0,0,0,0,0,0,0,0,0,0,0,0,0,0,0,0,0,0,0,0,0,0,0,0,0,0,0,0,0,0,0,0,0,0,0,0,0,0,0,0,0,0,0,0,0,0,0,0,0,0,0,0,0,0,,0,0,0,0,0,0,0,0,0,0,0,0,0,0,0,0,0,0,0,0,0,0,0,0,0,0,0,0,0,0,0,0,0,0,0,0,0,0,0,0,104,,,,,,,,,,,,,,,,,,,,,,,,,,,,,,,0,
9/1/2026,2025,20260653,47638,39376,"BLUE CUBE OPERATIONS, LLC.",Hydrogen Gas,INTRASTATE,TEXAS,0,0,0,0,,,0,,,,,0,0,0,0,,,0,,,,,0,0,0,0,,,0,,,,,0,0,0,0,,,0,,,,,0,0,0,0,,,0,,,,,0,0,0,0,,,0,,,,,0,0,0,0,,,0,,,,,0,0,0,0,,,0,,,,,0,0,0,0,,,0,,,,,0,0,0,0,,,0,,,,,0,0,0,0,,,0,,,,,0,0,0,0,,,0,,,,,0,0,0,0,,,0,,,,,0,0,0,0,,0,,,,,,0,,0,,,,,,0,,0,0,0,0,0,0,0,0,0,0,0,0,0,0,0,0,0,0,0,0,0,0,0,0,0,0,0,0,0,0,0,0,0,,,,,,,,,,,,,,,,,,,,,,,,,,,,,,,,
9/1/2026,2025,20260655,47640,39376,"BLUE CUBE OPERATIONS, LLC.",Other Gas-Other Gas - Anhydrous HCl,INTRASTATE,TEXAS,0,0,0,0,,,0,,,,,0,0,0,0,,,0,,,,,0,0,0,0,,,0,,,,,0,0,0,0,,,0,,,,,0,0,0,0,,,0,,,,,0,0,0,0,,,0,,,,,0,0,0,0,,,0,,,,,0,0,0,0,,,0,,,,,0,0,0,0,,,0,,,,,0,0,0,0,,,0,,,,,0,0,0,0,,,0,0,0,0,0,0,0,0,0,,,0,0,0,0,0,0,0,0,0,,,0,0,0,0,0,0,0,0,0,,0,,0,0,0,0,0,,0,,,,,,0,,0,0,0,0,0,0,0,0,0,0,0,0,0,0,0,0,0,0,0,0,0,0,0,0,0,0,0,0,0,0,0,0,0,,,,,,,,,,,,,,,,,,,,,,,,,,,,,,,,
9/1/2026,2025,20260654,47639,39376,"BLUE CUBE OPERATIONS, LLC.",Other Gas-Other Gas - Chlorine,INTRASTATE,TEXAS,0,0,0,0,,,0,,,,,0,0,0,0,,,0,,,,,0,0,0,0,,,0,,,,,0,0,0,0,,,0,,,,,0,0,0,0,,,0,,,,,0,0,0,0,,,0,,,,,0,0,0,0,,,0,,,,,0,0,0,0,,,0,,,,,0,0,0,0,,,0,,,,,0,0,0,0,,,0,,,,,0,0,0,0,,,0,0,0,0,0,0,0,0,0,,,0,0,0,0,0,0,0,0,0,,,0,0,0,0,0,0,0,0,0,,0,,0,0,0,0,0,,0,,,,,,0,,0,0,0,0,0,0,0,0,0,0,0,0,0,0,0,0,0,0,0,0,0,0,0,0,0,0,0,0,0,0,0,0,0,,,,,,,,,,,,,,,,,,,,,,,,,,,,,,,,
9/1/2026,2025,20260052,47004,39383,INDECK ENERGY SERVICES OF SILVER SPRINGS,Natural Gas,INTRASTATE,NEW YORK,0,0,0,0,,,0,,,,,0,0,0,0,,,0,,,,,0,0,0,0,,,0,,,,,0,0,0,0,,,0,,,,,0,0,0,0,,,0,,,,,0,0,0,0,,,0,,,,,0,0,0,0,,,0,,,,,0,0,0,0,,,0,,,,,0,0,0,0,,,0,,,,,0,0,0,0,,,0,,,,,0,0,0,0,,,0,0,0,0,0,0,0,0,0,,,0,0,0,0,0,0,0,0,0,,,0,0,0,0,0,0,0,0,0,,0,,0,0,0,0,0,,0,,,,,,0,,0,,,,,,,,,,,,,,,,,,,,,,,,,,,,,,,0,0,,,,,,,,,,,,,,,,,,,,,,,,,,,,,,,0,
9/1/2026,2025,20260540,47520,39394,UTILITY SAFETY AND DESIGN INC,Natural Gas,INTERSTATE,ALABAMA,0,0,0,0,,,0,,,,,0,0,0,0,,,0,,,,,0,0,0,0,,,0,,,,,0,0,0,0,,,0,,,,,0,0,0,0,,,0,,,,,0,0,0,0,,,0,,,,,0,0,0,0,,,0,,,,,0,0,0,0,,,0,,,,,0,0,0,0,,,0,,,,,0,0,0,0,,,0,,,,,0,0,0,0,,,0,0,0,0,0,0,0,0,0,,,0,0,0,0,0,0,0,0,0,,,0,0,0,0,0,0,0,0,0,,0,,0,0,0,0,0,,0,,,,,,0,,0,,,,,,,,,,,,,,,,,,,,,,,,,,,,,,,0,1,,,,,,,,,,,,,,,,,,,,,,,,,,,,,,,,
9/1/2026,2025,20260540,47520,39394,UTILITY SAFETY AND DESIGN INC,Natural Gas,INTERSTATE,TENNESSEE,0,0,0,0,,,0,,,,,0,0,0,0,,,0,,,,,0,0,0,0,,,0,,,,,0,0,0,0,,,0,,,,,0,0,0,0,,,0,,,,,0,0,0,0,,,0,,,,,0,0,0,0,,,0,,,,,0,0,0,0,,,0,,,,,0,0,0,0,,,0,,,,,0,0,0,0,,,0,,,,,0,0,0,0,,,0,0,0,0,0,0,0,0,0,,,0,0,0,0,0,0,0,0,0,,,0,0,0,0,0,0,0,0,0,,0,,0,0,0,0,0,,0,,,,,,0,,0,,,,,,,,,,,,,,,,,,,,,,,,,,,,,,,0,125,,,,,,,,,,,,,,,,,,,,,,,,,,,,,,,,
9/1/2026,2025,20260540,47520,39394,UTILITY SAFETY AND DESIGN INC,Natural Gas,INTRASTATE,SOUTH DAKOTA,0,0,0,0,0,0,0,0,0,0,0,0,0,0,0,0,0,0,0,0,0,0,0,0,0,0,0,0,0,0,0,0,0,0,0,0,0,0,0,0,0,0,0,0,0,0,0,0,0,0,0,0,0,0,0,0,0,0,0,0,0,0,0,0,0,0,0,0,0,0,0,0,0,0,0,0,0,0,0,0,0,0,0,0,0,0,0,0,0,0,0,0,0,0,0,0,0,0,0,0,0,0,0,0,0,0,0,0,0,0,0,0,0,0,0,0,0,0,0,0,0,0,0,0,0,0,0,0,0,0,0,0,0,0,0,0,0,0,0,0,0,0,0,0,0,0,0,0,0,0,0,0,0,0,0,,0,0,0,0,0,0,0,0,0,0,0,0,0,0,0,0,0,0,0,0,0,0,0,0,0,0,0,0,0,0,0,0,0,0,0,0,0,0,0,0,38,,,,,,,,,,,,,,,,,,,,,,,,,,,,,,,0,
9/1/2026,2025,20260674,47659,39398,INEOS USA LLC,Hydrogen Gas,INTRASTATE,TEXAS,0,0,0,0,0,0,0,0,0,0,0,0,0,0,0,0,0,0,0,0,0,0,0,0,0,0,0,0,0,0,0,0,0,0,0,0,0,0,0,0,0,0,0,0,0,0,0,0,0,0,0,0,0,0,0,0,0,0,0,0,0,0,0,0,0,0,0,0,0,0,0,0,0,0,0,0,0,0,0,0,0,0,0,0,0,0,0,0,0,0,0,0,0,0,0,0,0,0,0,0,0,0,0,0,0,0,0,0,0,0,0,0,0,0,0,0,0,0,0,0,0,0,0,0,0,0,0,0,0,0,0,0,0,0,0,0,0,0,0,0,0,0,0,0,0,0,0,0,0,0,0,0,0,0,0,,0,0,0,0,0,0,0,0,0,,,,,,,,,,,,,,,,,,,,,,,,,,,,,,,0,391,,,,,,,,,,,,,,,,,,,,,,,,,,,,,,,0,
9/1/2026,2025,20260673,47658,39398,INEOS USA LLC,Natural Gas,INTRASTATE,TEXAS,0,0,0,0,0,0,0,0,0,0,0,0,0,0,0,0,0,0,0,0,0,0,0,0,0,0,0,0,0,0,0,0,0,0,0,0,0,0,0,0,0,0,0,0,0,0,0,0,0,0,0,0,0,0,0,0,0,0,0,0,0,0,0,0,0,0,0,0,0,0,0,0,0,0,0,0,0,0,0,0,0,0,0,0,0,0,0,0,0,0,0,0,0,0,0,0,0,0,0,0,0,0,0,0,0,0,0,0,0,0,0,0,0,0,0,0,0,0,0,0,0,0,0,0,0,0,0,0,0,0,0,0,0,0,0,0,0,0,0,0,0,0,0,0,0,0,0,0,0,0,0,0,0,0,0,,0,0,0,0,0,0,0,0,0,,,,,,,,,,,,,,,,,,,,,,,,,,,,,,,0,17,,,,,,,,,,,,,,,,,,,,,,,,,,,,,,,0,
9/1/2026,2025,20260171,47127,39406,MISSISSIPPI NATURAL INC.,Natural Gas,INTRASTATE,MISSISSIPPI,0,0,0,0,,,0,,,,,0,0,0,0,,,0,,,,,0,0,0,0,,,0,,,,,0,0,0,0,,,0,,,,,0,0,0,0,,,0,,,,,0,0,0,0,,,0,,,,,0,0,0,0,,,0,,,,,0,0,0,0,,,0,,,,,0,0,0,0,,,0,,,,,0,0,0,0,,,0,,,,,0,0,0,0,,,0,0,0,0,0,0,0,0,0,,,0,0,0,0,0,0,0,0,0,,,0,0,0,0,0,0,0,0,0,,0,,0,0,0,0,0,,0,,,,,,0,,0,,,,,,,,,,,,,,,,,,,,,,,,,,,,,,,0,107,,,,,,,,,,,,,,,,,,,,,,,,,,,,,,,,
9/1/2026,2025,20260876,47872,39413,"XTR MIDSTREAM, LLC",Natural Gas,INTRASTATE,COLORADO,0,0,0,0,0,0,0,0,0,0,0,0,0,0,0,0,0,0,0,0,0,0,0,0,0,0,0,0,0,0,0,0,0,0,0,0,0,0,0,0,0,0,0,0,0,0,0,0,0,0,0,0,0,0,0,0,0,0,0,0,0,0,0,0,0,0,0,0,0,0,0,0,0,0,0,0,0,0,0,0,0,0,0,0,0,0,0,0,0,0,0,0,0,0,0,0,0,0,0,0,0,0,0,0,0,0,0,0,0,0,0,0,0,0,0,0,0,0,0,0,0,0,0,0,0,0,0,0,0,0,0,0,0,0,0,0,0,0,0,0,0,0,0,0,0,0,0,0,0,0,0,0,0,0,,0,0,0,0,0,0,0,0,0,0,,,,,,,,,,,,,,,,,,,,,,,,,,,,,,,0,,0,0,0,0,0,0,0,0,0,0,0,0,0,0,0,0,0,0,0,0,0,0,0,0,0,0,0,0,0,0,0,1073
9/1/2026,2025,20260279,47237,39418,"LAKESHORE OPERATING, LLC",Natural Gas,INTRASTATE,TEXAS,,,,,,,,0,0,0,,,,,,,,,0,0,0,,,,,,,,,0,0,0,,,,,,,,,0,0,0,,,,,,,,,0,0,0,,,,,,,,,0,0,0,,,,,,,,,0,0,0,,,,,,,,,0,0,0,,,,,,,,,0,0,0,,,,,,,,,0,0,0,,,,,,,,,0,0,0,,,,,,,,,0,0,0,,,,,,,,,0,0,0,,,,,,,,,0,0,0,,,0,,,0,0,0,,,0,0,,,,,,,,,,,,,,,,,,,,,,,,,,,,,,,,,,,,,,,,,,,,,,,,,,,,,,,,,,,,,,,0,4
9/1/2026,2025,20260421,47387,39420,"FLORIDA SOUTHEAST CONNECTION, LLC",Natural Gas,INTERSTATE,FLORIDA,0,0,0,0,0,0,0,0,0,0,0,0,0,0,0,0,0,0,0,0,0,0,0,0,0,0,0,0,0,0,0,0,0,0,0,0,0,0,0,0,0,0,0,0,0,0,0,0,0,0,0,0,0,0,0,0,0,0,0,0,0,0,0,0,0,0,0,0,0,0,0,0,0,0,0,0,0,0,0,0,0,0,0,0,0,0,0,0,0,0,0,0,0,0,0,0,0,0,0,0,0,0,0,0,0,0,0,0,0,0,0,0,0,0,0,0,0,0,0,0,0,0,0,0,0,0,0,0,0,0,0,0,0,0,0,0,0,0,0,0,0,0,0,0,0,0,0,0,0,0,0,0,0,0,0,,0,0,0,0,0,0,0,0,0,0,0,0,0,0,0,0,0,0,0,0,0,0,0,0,0,0,0,0,0,0,0,0,0,0,0,0,0,0,0,0,2578,,,,,,,,,,,,,,,,,,,,,,,,,,,,,,,0,
9/1/2026,2025,20260018,46958,39428,GEOPETRO LLC,Natural Gas,INTRASTATE,PENNSYLVANIA,0,0,0,0,0,0,0,0,0,0,0,0,0,0,0,0,0,0,0,0,0,0,0,0,0,0,0,0,0,0,0,0,0,0,0,0,0,0,0,0,0,0,0,0,0,0,0,0,0,0,0,0,0,0,0,0,0,0,0,0,0,0,0,0,0,0,0,0,0,0,0,0,0,0,0,0,0,0,0,0,0,0,0,0,0,0,0,0,0,0,0,0,0,0,0,0,0,0,0,0,0,0,0,0,0,0,0,0,0,0,0,0,0,0,0,0,0,0,0,0,0,0,0,0,0,0,0,0,0,0,0,0,0,0,0,0,0,0,0,0,0,0,0,0,0,0,0,0,0,0,0,0,0,0,,0,0,0,0,0,0,0,0,0,0,,,,,,,,,,,,,,,,,,,,,,,,,,,,,,,0,,,,,,,,,,,,,,,,,,,,,,,,,,,,,,,,0,0
9/1/2026,2025,20260479,47446,39429,CHENIERE CORPUS CHRISTI PIPELINE,Natural Gas,INTERSTATE,TEXAS,0,0,0,0,,,0,,,,,0,0,0,0,,,0,,,,,0,0,0,0,,,0,,,,,0,0,0,0,,,0,,,,,0,0,0,0,,,0,,,,,0,0,0,0,,,0,,,,,0,0,0,0,,,0,,,,,0,0,0,0,,,0,,,,,0,0,0,0,,,0,,,,,0,0,0,0,,,0,,,,,0,0,0,0,,,0,0,0,0,0,0,0,0,0,,,0,0,0,0,0,0,0,0,0,,,0,0,0,0,0,0,0,0,0,,0,,0,0,0,0,0,,0,,,,,,0,,0,,,,,,,,,,,,,,,,,,,,,,,,,,,,,,,0,864,,,,,,,,,,,,,,,,,,,,,,,,,,,,,,,,
9/1/2026,2025,20260910,47907,39435,"IMPULSORA PIPELINE, LLC",Natural Gas,INTRASTATE,TEXAS,0,0,0,0,0,0,0,0,0,0,0,0,0,0,0,0,0,0,0,0,0,0,0,0,0,0,0,0,0,0,0,0,0,0,0,0,0,0,0,0,0,0,0,0,0,0,0,0,0,0,0,0,0,0,0,0,0,0,0,0,0,0,0,0,0,0,0,0,0,0,0,0,0,0,0,0,0,0,0,0,0,0,0,0,0,0,0,0,0,0,0,0,0,0,0,0,0,0,0,0,0,0,0,0,0,0,0,0,0,0,0,0,0,0,0,0,0,0,0,0,0,0,0,0,0,0,0,0,0,0,0,0,0,0,0,0,0,0,0,0,0,0,0,0,0,0,0,0,0,0,0,0,0,0,0,,0,0,0,0,0,0,0,0,0,,,,,,,,,,,,,,,,,,,,,,,,,,,,,,,0,133,,,,,,,,,,,,,,,,,,,,,,,,,,,,,,,0,
9/1/2026,2025,20261219,48232,39439,"VALLEY LFG, LLC",Other Gas-Other Gas-Processed Landfill Gas,INTRASTATE,PENNSYLVANIA,,0,0,0,,,,,,,,,0,0,0,,,,,,,,,0,0,0,,,,,,,,,0,0,0,,,,,,,,,0,0,0,,,,,,,,,0,0,0,,,,,,,,,0,0,0,,,,,,,,,0,0,0,,,,,,,,,0,0,0,,,,,,,,,0,0,0,,,,,,,,,0,0,0,,,,0,0,0,0,,0,0,0,,,,0,0,0,0,,0,0,0,,,,0,0,0,0,,0,0,0,,,,0,0,0,0,0,,0,,,,,,0,,0,,,,,,,,,,,,,,,,,,,,,,,,,,,,,,,0,40,,,,,,,,,,,,,,,,,,,,,,,,,,,,,,,,
9/1/2026,2025,20260136,47091,39447,WE SODA ALKALI LLC,Natural Gas,INTRASTATE,WYOMING,0,0,0,0,0,0,0,0,0,0,0,0,0,0,0,0,0,0,0,0,0,0,0,0,0,0,0,0,0,0,0,0,0,0,0,0,0,0,0,0,0,0,0,0,0,0,0,0,0,0,0,0,0,0,0,0,0,0,0,0,0,0,0,0,0,0,0,0,0,0,0,0,0,0,0,0,0,0,0,0,0,0,0,0,0,0,0,0,0,0,0,0,0,0,0,0,0,0,0,0,0,0,0,0,0,0,0,0,0,0,0,0,0,0,0,0,0,0,0,0,0,0,0,0,0,0,0,0,0,0,0,0,0,0,0,0,0,0,0,0,0,0,0,0,0,0,0,0,0,0,0,0,0,0,0,0,0,0,0,0,0,0,0,0,0,,,,,,,,,,,,,,,,,,,,,,,,,,,,,,,0,64,,,,,,,,,,,,,,,,,,,,,,,,,,,,,,,0,52
9/1/2026,2025,20260005,46945,39451,WEYERHAEUSER,Natural Gas,INTRASTATE,LOUISIANA,0,0,0,0,,,0,,,,,0,0,0,0,,,0,,,,,0,0,0,0,,,0,,,,,0,0,0,0,,,0,,,,,0,0,0,0,,,0,,,,,0,0,0,0,,,0,,,,,0,0,0,0,,,0,,,,,0,0,0,0,,,0,,,,,0,0,0,0,,,0,,,,,0,0,0,0,,,0,,,,,0,0,0,0,,,0,0,0,0,0,0,0,0,0,,,0,0,0,0,0,0,0,0,0,,,0,0,0,0,0,0,0,0,0,,0,,0,0,0,0,0,,0,,,,,,0,,0,,,,,,,,,,,,,,,,,,,,,,,,,,,,,,,0,10,,,,,,,,,,,,,,,,,,,,,,,,,,,,,,,0,
9/1/2026,2025,20261398,48416,39453,"STABILIS LNG PORT ALLEN, LLC",Natural Gas,INTRASTATE,LOUISIANA,0,0,0,0,,,0,,,,,0,0,0,0,,,0,,,,,0,0,0,0,,,0,,,,,0,0,0,0,,,0,,,,,0,0,0,0,,,0,,,,,0,0,0,0,,,0,,,,,0,0,0,0,,,0,,,,,0,0,0,0,,,0,,,,,0,0,0,0,,,0,,,,,0,0,0,0,,,0,,,,,0,0,0,0,,,0,0,0,0,0,0,0,0,0,,,0,0,0,0,0,0,0,0,0,,,0,0,0,0,0,0,0,0,0,,0,,0,0,0,0,0,,0,,,,,,0,,0,,,,,,,,,,,,,,,,,,,,,,,,,,,,,,,0,1,,,,,,,,,,,,,,,,,,,,,,,,,,,,,,,0,
9/1/2026,2025,20260368,47333,39458,BRUNNER ISLAND LLC,Natural Gas,INTRASTATE,PENNSYLVANIA,0,0,0,0,0,0,0,0,0,0,0,0,0,0,0,0,0,0,0,0,0,0,0,0,0,0,0,0,0,0,0,0,0,0,0,0,0,0,0,0,0,0,0,0,0,0,0,0,0,0,0,0,0,0,0,0,0,0,0,0,0,0,0,0,0,0,0,0,0,0,0,0,0,0,0,0,0,0,0,0,0,0,0,0,0,0,0,0,0,0,0,0,0,0,0,0,0,0,0,0,0,0,0,0,0,0,0,0,0,0,0,0,0,0,0,0,0,0,0,0,0,0,0,0,0,0,0,0,0,0,0,0,0,0,0,0,0,0,0,0,0,0,0,0,0,0,0,0,0,0,0,0,0,0,0,,0,0,0,0,0,0,0,0,0,0,0,0,0,0,0,0,0,0,0,0,0,0,0,0,0,0,0,0,0,0,0,0,0,0,0,0,0,0,0,0,16,,,,,,,,,,,,,,,,,,,,,,,,,,,,,,,0,
9/1/2026,2025,20260622,47606,39461,LSB INDUSTRIES,Natural Gas,INTRASTATE,ARKANSAS,,,,,,,,,,,,,,,,,,,,,,,,,,,,,,,,,,,,,,,,,,,,,,,,,,,,,,,,,,,,,,,,,,,,,,,,,,,,,,,,,,,,,,,,,,,,,,,,,,,,,,,,,,,,,,,,,,,,,,,,,,,,,,,,,,,,,,,,,,,,,,,,,,,,,,,,,,,,,,,,,,,,,,0,0,0,0,0,0,0,0,0,0,0,0,0,0,0,0,0,0,0,0,0,0,0,0,0,0,0,0,0,0,0,74,,,,,,,,,,,,,,,,,,,,,,,,,,,,,,,0,
9/1/2026,2025,20260001,46941,39463,"EDINBURG RENEWABLES, LLC",Natural Gas,INTRASTATE,TEXAS,0,0,0,0,,,0,,,,,0,0,0,0,,,0,,,,,0,0,0,0,,,0,,,,,0,0,0,0,,,0,,,,,0,0,0,0,,,0,,,,,0,0,0,0,,,0,,,,,0,0,0,0,,,0,,,,,0,0,0,0,,,0,,,,,0,0,0,0,,,0,,,,,0,0,0,0,,,0,,,,,0,0,0,0,,,0,0,0,0,0,0,0,0,0,,,0,0,0,0,0,0,0,0,0,,,0,0,0,0,0,0,0,0,0,,0,,0,0,0,0,0,,0,,,,,,0,,0,,,,,,,,,,,,,,,,,,,,,,,,,,,,,,,0,2,,,,,,,,,,,,,,,,,,,,,,,,,,,,,,,0,
9/1/2026,2025,20260382,47347,39464,MIDWEST GENERATION LLC,Natural Gas,INTRASTATE,ILLINOIS,,,,,,,,,,,,,,,,,,,,,,,,,,,,,,,,,,,,,,,,,,,,,,,,,,,,,,,,,,,,,,,,,,,,,,,,,,,,,,,,,,,,,,,,,,,,,,,,,,,,,,,,,,,,,,,,,,,,,,,,,,,,,,,,,,,,,,,,,,,,,,,,,,,,,,,,,,,,,,,,,,,,,,0,0,0,0,0,0,0,0,0,0,0,0,0,0,0,0,0,0,0,0,0,0,0,0,0,0,0,0,0,0,0,57,,,,,,,,,,,,,,,,,,,,,,,,,,,,,,,0,
9/1/2026,2025,20260907,47904,39465,GUARDIAN LIMA,Natural Gas,INTRASTATE,OHIO,,,,,,,,,,,,,,,,,,,,,,,,,,,,,,,,,,,,,,,,,,,,,,,,,,,,,,,,,,,,,,,,,,,,,,,,,,,,,,,,,,,,,,,,,,,,,,,,,,,,,,,,,,,,,,,,,,,,,,,,,,,,,,,,,,,,,,,,,,,,,,,,,,,,,,,,,,,,,0,0,0,0,0,0,0,0,0,,,,,,,,,,,,,,,,,,,,,,,,,,,,,,,0,0,,,,,,,,,,,,,,,,,,,,,,,,,,,,,,,,
9/1/2026,2025,20261014,48017,39468,"NUENERGY OPERATING, INC.",Natural Gas,INTRASTATE,MICHIGAN,0,0,0,0,0,0,0,0,0,0,0,0,0,0,0,0,0,0,0,0,0,0,0,0,0,0,0,0,0,0,0,0,0,0,0,0,0,0,0,0,0,0,0,0,0,0,0,0,0,0,0,0,0,0,0,0,0,0,0,0,0,0,0,0,0,0,0,0,0,0,0,0,0,0,0,0,0,0,0,0,0,0,0,0,0,0,0,0,0,0,0,0,0,0,0,0,0,0,0,0,0,0,0,0,0,0,0,0,0,0,0,0,0,0,0,0,0,0,0,0,0,0,0,0,0,0,0,0,0,0,0,0,0,0,0,0,0,0,0,0,0,0,0,0,0,0,0,0,0,0,0,0,0,0,,0,0,0,0,0,0,0,0,0,0,,,,,,,,,,,,,,,,,,,,,,,,,,,,,,,0,,,,,,,,,,,,,,,,,,,,,,,,,,,,,,,,0,6
9/1/2026,2025,20260855,47851,39470,LOUISIANA ENERGY AND POWER AUTHORITY,Natural Gas,INTRASTATE,LOUISIANA,,,,,,,,,,,,,,,,,,,,,,,,,,,,,,,,,,,,,,,,,,,,,,,,,,,,,,,,,,,,,,,,,,,,,,,,,,,,,,,,,,,,,,,,,,,,,,,,,,,,,,,,,,,,,,,,,,,,,,,,,,,,,,,,,,,,,,,,,,,,,,,,,,,,,,,,,,,,,,,,,,,,,,,,,,,,,,,,,,,,,,,,,,,,,,,,,,,,0,22,,,,,,,,,,,,,,,,,,,,,,,,,,,,,,,,
9/1/2026,2025,20261428,48462,39473,COWBOY PIPELINE OPERATORS LLC,Natural Gas,INTRASTATE,TEXAS,,,,,,,,,,,,,,,,,,,,,,,,,,,,,,,,,,,,,,,,,,,,,,,,,,,,,,,,,,,,,,,,,,,,,,,,,,,,,,,,,,,,,,,,,,,,,,,,,,,,,,,,,,,,,,,,,,,,,,,,,,,,,,,,,,,,,,,,,,,,,,,,,,,,,,,,,,,,,,,,,,,,,,,,,,,,,,,,,,,,,,,,,,,,,,,,,,,,0,0,,,,,,,,,,,,,,,,,,,,,,,,,,,,,,,,
9/1/2026,2025,20260024,46964,39475,LION ELASTOMERS LLC.,Natural Gas,INTRASTATE,TEXAS,0,0,0,0,,,0,,,,,0,0,0,0,,,0,,,,,0,0,0,0,,,0,,,,,0,0,0,0,,,0,,,,,0,0,0,0,,,0,,,,,0,0,0,0,,,0,,,,,0,0,0,0,,,0,,,,,0,0,0,0,,,0,,,,,0,0,0,0,,,0,,,,,0,0,0,0,,,0,,,,,0,0,0,0,,,0,0,0,0,0,0,0,0,0,,,0,0,0,0,0,0,0,0,0,,,0,0,0,0,0,0,0,0,0,,0,,0,0,0,0,0,,0,,,,,,0,,0,,,,,,,,,,,,,,,,,,,,,,,,,,,,,,,0,43,,,,,,,,,,,,,,,,,,,,,,,,,,,,,,,0,
9/1/2026,2025,20261129,48142,39476,"BRAZOS MIDSTREAM OPERATING, LLC",Natural Gas,INTRASTATE,TEXAS,0,0,0,0,0,0,0,0,0,0,0,0,0,0,0,0,0,0,0,0,0,0,0,0,0,0,0,0,0,0,0,0,0,0,0,0,0,0,0,0,0,0,0,0,0,0,0,0,0,0,0,0,0,0,0,0,0,0,0,0,0,0,0,0,0,0,0,0,0,0,0,0,0,0,0,0,0,0,0,0,0,0,0,0,0,0,0,0,0,0,0,0,0,0,0,0,0,0,0,0,0,0,0,0,0,0,0,0,0,0,0,0,0,0,0,0,0,0,0,0,0,0,0,0,0,0,0,0,0,0,0,0,0,0,0,0,0,0,0,0,0,0,0,0,0,0,0,0,0,0,0,0,0,0,,0,0,0,0,0,0,0,0,0,0,,,,,,,,,,,,,,,,,,,,,,,,,,,,,,,0,,,,,,,,,,,,,,,,,,,,,,,,,,,,,,,,0,4341
9/1/2026,2025,20261387,48403,39491,EQT MIDSTREAM COMPANY LLC,Natural Gas,INTERSTATE,OHIO,0,0,0,0,,,0,0,0,0,,0,0,0,0,,,0,0,0,0,,0,0,0,0,,,0,0,0,0,,0,0,0,0,,,0,0,0,0,,0,0,0,0,,,0,0,0,0,,0,0,0,0,,,0,0,0,0,,0,0,0,0,,,0,0,0,0,,0,0,0,0,,,0,0,0,0,,0,0,0,0,,,0,0,0,0,,0,0,0,0,,,0,0,0,0,,0,0,0,0,,,0,0,0,0,,0,0,0,0,,,0,0,0,0,,0,0,0,0,,,0,0,0,0,,0,0,0,0,,0,,0,0,0,,0,0,0,,0,0,0,,0,0,0,0,0,0,0,0,0,0,0,0,0,0,0,0,0,0,0,0,0,0,0,0,0,0,0,0,0,0,0,0,0,0,10,0,0,0,0,0,0,0,0,0,0,0,0,0,0,0,0,0,0,0,0,0,0,0,0,0,0,0,0,0,0,0,0
9/1/2026,2025,20261387,48403,39491,EQT MIDSTREAM COMPANY LLC,Natural Gas,INTERSTATE,PENNSYLVANIA,,,,,,,,,,,,,,,,,,,,,,,,,,,,,,,,,,,,,,,,,,,,,,,,,,,,,,,,,,,,,,,,,,,,,,,,,,,,,,,,,,,,,,,,,,,,,,,,,,,,,,,,,,,,,,,,,,,,,,,,,,,,,,,,,,,,,,,,,,,,,,,,,,,,,,,,,,,,,,,,,,,,,,0,0,0,0,0,0,0,0,0,0,0,0,0,0,0,0,0,0,0,0,0,0,0,0,0,0,0,0,0,0,0,516,0,0,0,0,0,0,0,0,0,0,0,0,0,0,0,0,0,0,0,0,0,0,0,0,0,0,0,0,0,0,0,
9/1/2026,2025,20261387,48403,39491,EQT MIDSTREAM COMPANY LLC,Natural Gas,INTERSTATE,WEST VIRGINIA,,,,,,,,,,,,,,,,,,,,,,,,,,,,,,,,,,,,,,,,,,,,,,,,,,,,,,,,,,,,,,,,,,,,,,,,,,,,,,,,,,,,,,,,,,,,,,,,,,,,,,,,,,,,,,,,,,,,,,,,,,,,,,,,,,,,,,,,,,,,,,,,,,,,,,,,,,,,,,,,,,,,,,0,0,0,0,0,0,0,0,0,0,0,0,0,0,0,0,0,0,0,0,0,0,0,0,0,0,0,0,0,0,0,377,,,,,,,,,,,,,,,,,,,,,,,,,,,,,,,,
9/1/2026,2025,20261387,48403,39491,EQT MIDSTREAM COMPANY LLC,Natural Gas,INTRASTATE,OHIO,,,,,,,,,,,,,,,,,,,,,,,,,,,,,,,,,,,,,,,,,,,,,,,,,,,,,,,,,,,,,,,,,,,,,,,,,,,,,,,,,,,,,,,,,,,,,,,,,,,,,,,,,,,,,,,,,,,,,,,,,,,,,,,,,,,,,,,,,,,,,,,,,,,,,,,,,,,,,,,,,,,,,,0,0,0,0,0,0,0,0,0,0,0,0,0,0,0,0,0,0,0,0,0,0,0,0,0,0,0,0,0,0,0,7,0,0,0,0,0,0,0,0,0,0,0,0,0,0,0,0,0,0,0,0,0,0,0,0,0,0,0,0,0,0,0,287
9/1/2026,2025,20261387,48403,39491,EQT MIDSTREAM COMPANY LLC,Natural Gas,INTRASTATE,PENNSYLVANIA,0,0,0,0,0,0,0,0,0,0,0,0,0,0,0,0,0,0,0,0,0,0,0,0,0,0,0,0,0,0,0,0,0,0,0,0,0,0,0,0,0,0,0,0,0,0,0,0,0,0,0,0,0,0,0,0,0,0,0,0,0,0,0,0,1,0,0,0,0,0,0,0,0,0,0,0,0,0,0,0,0,0,0,0,0,0,0,0,0,0,0,0,0,0,0,0,0,0,0,0,0,0,0,0,0,0,0,0,0,0,0,0,0,0,0,0,0,0,0,0,0,0,0,0,0,0,0,0,0,0,0,0,0,0,0,0,0,0,0,0,0,0,0,0,0,0,0,0,0,0,0,0,1,0,0,0,0,0,0,0,1,0,0,1,1,0,0,0,0,0,0,0,0,0,0,0,0,0,0,0,0,0,0,0,0,0,0,0,0,0,0,0,0,0,0,0,80,0,0,0,0,0,0,0,0,0,0,0,0,0,0,0,0,0,0,0,0,0,0,0,0,0,0,0,0,0,0,0,259
9/1/2026,2025,20261387,48403,39491,EQT MIDSTREAM COMPANY LLC,Natural Gas,INTRASTATE,WEST VIRGINIA,,,,,,,,,,,,,,,,,,,,,,,,,,,,,,,,,,,,,,,,,,,,,,,,,,,,,,,,,,,,,,,,,,,,,,,,,,,,,,,,,,,,,,,,,,,,,,,,,,,,,,,,,,,,,,,,,,,,,,,,,,,,,,,,,,,,,,,,,,,,,,,,,,,,,,,,,,,,,,,,,,,,,,0,0,0,0,0,0,0,0,0,0,0,0,0,0,0,0,0,0,0,0,0,0,0,0,0,0,0,0,0,0,0,6,,,,,,,,,,,,,,,,,,,,,,,,,,,,,,,0,635
9/1/2026,2025,20260311,47269,39494,"COFFEYVILLE RESOURCES REFINING AND MARKETING, LLC",Natural Gas,INTRASTATE,KANSAS,0,0,0,0,0,0,0,0,0,0,0,0,0,0,0,0,0,0,0,0,0,0,0,0,0,0,0,0,0,0,0,0,0,0,0,0,0,0,0,0,0,0,0,0,0,0,0,0,0,0,0,0,0,0,0,0,0,0,0,0,0,0,0,0,0,0,0,0,0,0,0,0,0,0,0,0,0,0,0,0,0,0,0,0,0,0,0,0,0,0,0,0,0,0,0,0,0,0,0,0,0,0,0,0,0,0,0,0,0,0,0,0,0,0,0,0,0,0,0,0,0,0,0,0,0,0,0,0,0,0,0,0,0,0,0,0,0,0,0,0,0,0,0,0,0,0,0,0,0,0,0,0,0,0,0,,0,0,0,0,0,0,0,0,0,,,,,,,,,,,,,,,,,,,,,,,,,,,,,,,0,21,,,,,,,,,,,,,,,,,,,,,,,,,,,,,,,0,
9/1/2026,2025,20260293,47251,39496,"ETHOS POWER PLANT SERVICES, LLC",Natural Gas,INTRASTATE,OHIO,0,0,0,0,0,0,0,0,0,0,0,0,0,0,0,0,0,0,0,0,0,0,0,0,0,0,0,0,0,0,0,0,0,0,0,0,0,0,0,0,0,0,0,0,0,0,0,0,0,0,0,0,0,0,0,0,0,0,0,0,0,0,0,0,0,0,0,0,0,0,0,0,0,0,0,0,0,0,0,0,0,0,0,0,0,0,0,0,0,0,0,0,0,0,0,0,0,0,0,0,0,0,0,0,0,0,0,0,0,0,0,0,0,0,0,0,0,0,0,0,0,0,0,0,0,0,0,0,0,0,0,0,0,0,0,0,0,0,0,0,0,0,0,0,0,0,0,0,0,0,0,0,0,0,0,,0,0,0,0,0,0,0,0,0,,,,,,,,,,,,,,,,,,,,,,,,,,,,,,,0,18,,,,,,,,,,,,,,,,,,,,,,,,,,,,,,,0,
9/1/2026,2025,20260031,46973,39497,MATRIX OIL CORP,Natural Gas,INTRASTATE,CALIFORNIA,0,0,0,0,0,0,0,0,0,0,0,0,0,0,0,0,0,0,0,0,0,0,0,0,0,0,0,0,0,0,0,0,0,0,0,0,0,0,0,0,0,0,0,0,0,0,0,0,0,0,0,0,0,0,0,0,0,0,0,0,0,0,0,0,0,0,0,0,0,0,0,0,0,0,0,0,0,0,0,0,0,0,0,0,0,0,0,0,0,0,0,0,0,0,0,0,0,0,0,0,0,0,0,0,0,0,0,0,0,0,0,0,0,0,0,0,0,0,0,0,0,0,0,0,0,0,0,0,0,0,0,0,0,0,0,0,0,0,0,0,0,0,0,0,0,0,0,0,0,0,0,0,0,0,,0,0,0,0,0,0,0,0,0,0,,,,,,,,,,,,,,,,,,,,,,,,,,,,,,,0,,,,,,,,,,,,,,,,,,,,,,,,,,,,,,,,0,27
9/1/2026,2025,20260445,47411,39502,"BRAZORIA INTERCONNECTOR GAS PIPELINE, LLC.",Natural Gas,INTRASTATE,TEXAS,,,,,,,,,,,,,,,,,,,,,,,,,,,,,,,,,,,,,,,,,,,,,,,,,,,,,,,,,,,,,,,,,,,,,,,,,,,,,,,,,,,,,,,,,,,,,,,,,,,,,,,,,,,,,,,,,,,,,,,,,,,,,,,,,,,,,,,,,,,,,,,,,,,,,,,,,,,,,,,,,,,,,,,,,,,,,,,,,,,,,,,,,,,,,,,,,,,,0,3416,,,,,,,,,,,,,,,,,,,,,,,,,,,,,,,,
9/1/2026,2025,20260422,47388,39508,AETHON UNITED PIPELINE LP,Natural Gas,INTRASTATE,LOUISIANA,0,0,0,0,0,0,0,0,0,0,0,0,0,0,0,0,0,0,0,0,0,0,0,0,0,0,0,0,0,0,0,0,0,0,0,0,0,0,0,0,0,0,0,0,0,0,0,0,0,0,0,0,0,0,0,0,0,0,0,0,0,0,0,0,0,0,0,0,0,0,0,0,0,0,0,0,0,0,0,0,0,0,0,0,0,0,0,0,0,0,0,0,0,0,0,0,0,0,0,0,0,0,0,0,0,0,0,0,0,0,0,0,0,0,0,0,0,0,0,0,0,0,0,0,0,0,0,0,0,0,0,0,0,0,0,0,0,0,0,0,0,0,0,0,0,0,0,0,0,0,0,0,0,0,0,0,0,0,0,0,0,0,0,0,0,,,,,,,,,,,,,,,,,,,,,,,,,,,,,,,0,3665,,,,,,,,,,,,,,,,,,,,,,,,,,,,,,,0,3665
9/1/2026,2025,20260153,47108,39519,KINETICA DEEPWATER EXPRESS LLC,Natural Gas,INTERSTATE,LOUISIANA,0,0,0,0,0,0,0,0,0,0,0,0,0,0,0,0,0,0,0,0,0,0,0,0,0,0,0,0,0,0,0,0,0,0,0,0,0,0,0,0,0,0,0,0,0,0,0,0,0,0,0,0,0,0,0,0,0,0,0,0,0,0,0,0,0,0,0,0,0,0,0,0,0,0,0,0,0,0,0,0,0,0,0,0,0,0,0,0,0,0,0,0,0,0,0,0,0,0,0,0,0,0,0,0,0,0,0,0,0,0,0,0,0,0,0,0,0,0,0,0,0,0,0,0,0,0,0,0,0,0,0,0,0,0,0,0,0,0,0,0,0,0,0,0,0,0,0,0,0,0,0,0,0,0,0,0,0,0,0,0,0,0,0,0,0,,,,,,,,,,,,,,,,,,,,,,,,,,,,,,,0,33,,,,,,,,,,,,,,,,,,,,,,,,,,,,,,,0,0
9/1/2026,2025,20260153,47108,39519,KINETICA DEEPWATER EXPRESS LLC,Natural Gas,INTERSTATE,OCS-Gulf of America,,,,,,,,,,,,,,,,,,,,,,,,,,,,,,,,,,,,,,,,,,,,,,,,,,,,,,,,,,,,,,,,,,,,,,,,,,,,,,,,,,,,,,,,,,,,,,,,,,,,,,,,,,,,,,,,,,,,,,,,,,,,,,,,,,,,,,,,,,,,,,,,,,,,,,,,,,,,,,,,,,,,,,,,,,,,,,,,,,,,,,,,,,,,,,,,,,,,0,0,,,,,,,,,,,,,,,,,,,,,,,,,,,,,,,,
9/1/2026,2025,20260153,47108,39519,KINETICA DEEPWATER EXPRESS LLC,Natural Gas,INTRASTATE,OCS-Gulf of America,,,,,,,,,,,,,,,,,,,,,,,,,,,,,,,,,,,,,,,,,,,,,,,,,,,,,,,,,,,,,,,,,,,,,,,,,,,,,,,,,,,,,,,,,,,,,,,,,,,,,,,,,,,,,,,,,,,,,,,,,,,,,,,,,,,,,,,,,,,,,,,,,,,,,,,,,,,,,,,,,,,,,,,,,,,,,,,,,,,,,,,,,,,,,,,,,,,,0,0,,,,,,,,,,,,,,,,,,,,,,,,,,,,,,,,
9/1/2026,2025,20261279,48292,39520,DELFIN OFFSHORE PIPELINE LLC,Natural Gas,INTERSTATE,LOUISIANA,0,0,0,0,0,0,0,,,,,0,0,0,0,0,0,0,,,,,0,0,0,0,0,0,0,,,,,0,0,0,0,0,0,0,,,,,0,0,0,0,0,0,0,,,,,0,0,0,0,0,0,0,,,,,0,0,0,0,0,0,0,,,,,0,0,0,0,0,0,0,,,,,0,0,0,0,0,0,0,,,,,0,0,0,0,0,0,0,,,,,0,0,0,0,0,0,0,,,,,0,0,0,0,0,0,0,,,,,0,0,0,0,0,0,0,,,,,0,0,0,0,0,0,0,,,,,,,,0,,,,,0,,0,,,,,,,,,,,,,,,,,,,,,,,,,,,,,,,0,12,,,,,,,,,,,,,,,,,,,,,,,,,,,,,,,0,
9/1/2026,2025,20261279,48292,39520,DELFIN OFFSHORE PIPELINE LLC,Natural Gas,INTERSTATE,OCS-Gulf of America,0,0,0,0,0,0,0,0,0,0,0,0,0,0,0,0,0,0,0,0,0,0,0,0,0,0,0,0,0,0,0,0,0,0,0,0,0,0,0,0,0,0,0,0,0,0,0,0,0,0,0,0,0,0,0,0,0,0,0,0,0,0,0,0,0,0,0,0,0,0,0,0,0,0,0,0,0,0,0,0,0,0,0,0,0,0,0,0,0,0,0,0,0,0,0,0,0,0,0,0,0,0,0,0,0,0,0,0,0,0,0,0,0,0,0,0,0,0,0,0,0,0,0,0,0,0,0,0,0,0,0,0,0,0,0,0,0,0,0,0,0,0,0,0,0,0,0,0,0,0,0,0,0,0,0,,0,0,0,0,0,0,0,0,0,,,,,,,,,,,,,,,,,,,,,,,,,,,,,,,0,0,,,,,,,,,,,,,,,,,,,,,,,,,,,,,,,0,
9/1/2026,2025,20260300,47258,39536,"EMPIRE MINING CO, LLC",Natural Gas,INTRASTATE,NEVADA,0,0,0,0,0,0,0,0,0,0,0,0,0,0,0,0,0,0,0,0,0,0,0,0,0,0,0,0,0,0,0,0,0,0,0,0,0,0,0,0,0,0,0,0,0,0,0,0,0,0,0,0,0,0,0,0,0,0,0,0,0,0,0,0,0,0,0,0,0,0,0,0,0,0,0,0,0,0,0,0,0,0,0,0,0,0,0,0,0,0,0,0,0,0,0,0,0,0,0,0,0,0,0,0,0,0,0,0,0,0,0,0,0,0,0,0,0,0,0,0,0,0,0,0,0,0,0,0,0,0,0,0,0,0,0,0,0,0,0,0,0,0,0,0,0,0,0,0,0,0,0,0,0,0,0,,0,0,0,0,0,0,0,0,0,,,,,,,,,,,,,,,,,,,,,,,,,,,,,,,0,2,,,,,,,,,,,,,,,,,,,,,,,,,,,,,,,0,
9/1/2026,2025,20260317,47275,39541,"BAYONNE ENERGY CENTER, LLC",Natural Gas,INTRASTATE,NEW JERSEY,0,0,0,0,,,0,,,,,0,0,0,0,,,0,,,,,0,0,0,0,,,0,,,,,0,0,0,0,,,0,,,,,0,0,0,0,,,0,,,,,0,0,0,0,,,0,,,,,0,0,0,0,,,0,,,,,0,0,0,0,,,0,,,,,0,0,0,0,,,0,,,,,0,0,0,0,,,0,,,,,0,0,0,0,,,0,0,0,0,0,0,0,0,0,,,0,0,0,0,0,0,0,0,0,,,0,0,0,0,0,0,0,0,0,,0,,0,0,0,0,0,,0,,,,,,0,,0,0,0,0,0,0,0,0,0,0,0,0,0,0,0,0,0,0,0,0,0,0,0,0,0,0,0,0,0,0,0,0,104,,,,,,,,,,,,,,,,,,,,,,,,,,,,,,,,
9/1/2026,2025,20260620,47604,39542,COLUMBIA GULF TRANSMISSION LLC – CARTER CREEK FACILITIES,Natural Gas,INTERSTATE,WYOMING,0,0,0,0,,,0,,,,,0,0,0,0,,,0,,,,,0,0,0,0,,,0,,,,,0,0,0,0,,,0,,,,,0,0,0,0,,,0,,,,,0,0,0,0,,,0,,,,,0,0,0,0,,,0,,,,,0,0,0,0,,,0,,,,,0,0,0,0,,,0,,,,,0,0,0,0,,,0,,,,,0,0,0,0,,,0,0,0,0,0,0,0,0,0,,,0,0,0,0,0,0,0,0,0,,,0,0,0,0,0,0,0,0,0,,0,,0,0,0,0,0,,0,,,,,,0,,0,,,,,,,,,,,,,,,,,,,,,,,,,,,,,,,0,5,,,,,,,,,,,,,,,,,,,,,,,,,,,,,,,,
9/1/2026,2025,20261244,48257,39543,"RIVERSIDE ENERGY MICHIGAN, LLC",Natural Gas,INTRASTATE,MICHIGAN,0,0,0,0,0,0,0,0,0,0,0,0,0,0,0,0,0,0,0,0,0,0,0,0,0,0,0,0,0,0,0,0,0,0,0,0,0,0,0,0,0,0,0,0,0,0,0,0,0,0,0,0,0,0,0,0,0,0,0,0,0,0,0,0,0,0,0,0,0,0,0,0,0,0,0,0,0,0,0,0,0,0,0,0,0,0,0,0,0,0,0,0,0,0,0,0,0,0,0,0,0,0,0,0,0,0,0,0,0,0,0,0,0,0,0,0,0,0,0,0,0,0,0,0,0,0,0,0,0,0,0,0,0,0,0,0,0,0,0,0,0,0,0,0,0,0,0,0,0,0,0,0,0,0,0,0,0,0,0,0,0,0,0,0,0,,,,,,,,,,,,,,,,,,,,,,,,,,,,,,,0,0,,,,,,,,,,,,,,,,,,,,,,,,,,,,,,,0,0
9/1/2026,2025,20261247,48260,39553,"ROESLEIN ALTERNATIVE ENERGY SERVICES, LLC",Landfill Gas,INTRASTATE,MISSOURI,0,0,0,0,0,0,0,0,0,0,0,0,0,0,0,0,0,0,0,0,0,0,0,0,0,0,0,0,0,0,0,0,0,0,0,0,0,0,0,0,0,0,0,0,0,0,0,0,0,0,0,0,0,0,0,0,0,0,0,0,0,0,0,0,0,0,0,0,0,0,0,0,0,0,0,0,0,0,0,0,0,0,0,0,0,0,0,0,0,0,0,0,0,0,0,0,0,0,0,0,0,0,0,0,0,0,0,0,0,0,0,0,0,0,0,0,0,0,0,0,0,0,0,0,0,0,0,0,0,0,0,0,0,0,0,0,0,0,0,0,0,0,0,0,0,0,0,0,0,0,0,0,0,0,0,,0,0,0,0,0,0,0,0,0,,,,,,,,,,,,,,,,,,,,,,,,,,,,,,,0,24,,,,,,,,,,,,,,,,,,,,,,,,,,,,,,,0,
9/1/2026,2025,20261058,48063,39555,BROOKSTON ENERGY INC,Natural Gas,INTRASTATE,LOUISIANA,0,0,0,0,0,0,0,0,0,0,0,0,0,0,0,0,0,0,0,0,0,0,0,0,0,0,0,0,0,0,0,0,0,0,0,0,0,0,0,0,0,0,0,0,0,0,0,0,0,0,0,0,0,0,0,0,0,0,0,0,0,0,0,0,0,0,0,0,0,0,0,0,0,0,0,0,0,0,0,0,0,0,0,0,0,0,0,0,0,0,0,0,0,0,0,0,0,0,0,0,0,0,0,0,0,0,0,0,0,0,0,0,0,0,0,0,0,0,0,0,0,0,0,0,0,0,0,0,0,0,0,0,0,0,0,0,0,0,0,0,0,0,0,0,0,0,0,0,0,0,0,0,0,0,,0,0,0,0,0,0,0,0,0,0,,,,,,,,,,,,,,,,,,,,,,,,,,,,,,,0,,,,,,,,,,,,,,,,,,,,,,,,,,,,,,,,0,
9/1/2026,2025,20261058,48063,39555,BROOKSTON ENERGY INC,Natural Gas,INTRASTATE,TEXAS,0,0,0,0,0,0,0,0,0,0,0,0,0,0,0,0,0,0,0,0,0,0,0,0,0,0,0,0,0,0,0,0,0,0,0,0,0,0,0,0,0,0,0,0,0,0,0,0,0,0,0,0,0,0,0,0,0,0,0,0,0,0,0,0,0,0,0,0,0,0,0,0,0,0,0,0,0,0,0,0,0,0,0,0,0,0,0,0,0,0,0,0,0,0,0,0,0,0,0,0,0,0,0,0,0,0,0,0,0,0,0,0,0,0,0,0,0,0,0,0,0,0,0,0,0,0,0,0,0,0,0,0,0,0,0,0,0,0,0,0,0,0,0,0,0,0,0,0,0,0,0,0,0,0,,0,0,0,0,0,0,0,0,0,0,,,,,,,,,,,,,,,,,,,,,,,,,,,,,,,0,,,,,,,,,,,,,,,,,,,,,,,,,,,,,,,,0,1189
9/1/2026,2025,20260124,47079,39557,"MOSTOLLER LANDFILL, INC.",Landfill Gas,INTRASTATE,PENNSYLVANIA,0,0,0,0,0,0,0,0,0,0,0,0,0,0,0,0,0,0,0,0,0,0,0,0,0,0,0,0,0,0,0,0,0,0,0,0,0,0,0,0,0,0,0,0,0,0,0,0,0,0,0,0,0,0,0,0,0,0,0,0,0,0,0,0,0,0,0,0,0,0,0,0,0,0,0,0,0,0,0,0,0,0,0,0,0,0,0,0,0,0,0,0,0,0,0,0,0,0,0,0,0,0,0,0,0,0,0,0,0,0,0,0,0,0,0,0,0,0,0,0,0,0,0,0,0,0,0,0,0,0,0,0,0,0,0,0,0,0,0,0,0,0,0,0,0,0,0,0,0,0,0,0,0,0,,0,0,0,0,0,0,0,0,0,0,,,,,,,,,,,,,,,,,,,,,,,,,,,,,,,0,,,,,,,,,,,,,,,,,,,,,,,,,,,,,,,,0,52
9/1/2026,2025,20260118,47072,39564,"APPALACHIAN ENERGY, INC",Natural Gas,INTRASTATE,VIRGINIA,0,0,0,0,0,0,0,0,0,0,0,0,0,0,0,0,0,0,0,0,0,0,0,0,0,0,0,0,0,0,0,0,0,0,0,0,0,0,0,0,0,0,0,0,0,0,0,0,0,0,0,0,0,0,0,0,0,0,0,0,0,0,0,0,0,0,0,0,0,0,0,0,0,0,0,0,0,0,0,0,0,0,0,0,0,0,0,0,0,0,0,0,0,0,0,0,0,0,0,0,0,0,0,0,0,0,0,0,0,0,0,0,0,0,0,0,0,0,0,0,0,0,0,0,0,0,0,0,0,0,0,0,0,0,0,0,0,0,0,0,0,0,0,0,0,0,0,0,0,0,0,0,0,0,,0,0,0,0,0,0,0,0,0,0,,,,,,,,,,,,,,,,,,,,,,,,,,,,,,,0,,0,,,,,0,,,,,,,,,,,,,,,,,,,,,,,,,0,1
9/1/2026,2025,20261190,48203,39565,TORRENT OIL LLC,Natural Gas,INTRASTATE,TEXAS,0,0,0,0,0,0,0,0,0,0,0,0,0,0,0,0,0,0,0,0,0,0,0,0,0,0,0,0,0,0,0,0,0,0,0,0,0,0,0,0,0,0,0,0,0,0,0,0,0,0,0,0,0,0,0,0,0,0,0,0,0,0,0,0,0,0,0,0,0,0,0,0,0,0,0,0,0,0,0,0,0,0,0,0,0,0,0,0,0,0,0,0,0,0,0,0,0,0,0,0,0,0,0,0,0,0,0,0,0,0,0,0,0,0,0,0,0,0,0,0,0,0,0,0,0,0,0,0,0,0,0,0,0,0,0,0,0,0,0,0,0,0,0,0,0,0,0,0,0,0,0,0,0,0,,0,0,0,0,0,0,0,0,0,0,,,,,,,,,,,,,,,,,,,,,,,,,,,,,,,0,,0,0,0,0,0,0,0,0,0,0,0,0,0,0,0,0,0,0,0,0,0,0,0,0,0,0,0,0,0,0,0,0
9/1/2026,2025,20260734,47721,39566,TARGA NORTHERN DELAWARE LLC,Natural Gas,INTRASTATE,NEW MEXICO,0,0,0,0,0,0,0,0,0,0,0,0,0,0,0,0,0,0,0,0,0,0,0,0,0,0,0,0,0,0,0,0,0,0,0,0,0,0,0,0,0,0,0,0,0,0,0,0,0,0,0,0,0,0,0,0,0,0,0,0,0,0,0,0,0,0,0,0,0,0,0,0,0,0,0,0,0,0,0,0,0,0,0,0,0,0,0,0,0,0,0,0,0,0,0,0,0,0,0,0,0,0,0,0,0,0,0,0,0,0,0,0,0,0,0,0,0,0,0,0,0,0,0,0,0,0,0,0,0,0,0,0,0,0,0,0,0,0,0,0,0,0,0,0,0,0,0,0,0,0,0,0,0,0,0,0,0,0,0,0,0,0,0,0,0,,,,,,,,,,,,,,,,,,,,,,,,,,,,,,,0,12535,,,,,,,,,,,,,,,,,,,,,,,,,,,,,,,0,12535
9/1/2026,2025,20260734,47721,39566,TARGA NORTHERN DELAWARE LLC,Natural Gas,INTRASTATE,TEXAS,0,0,0,0,0,0,0,0,0,0,0,0,0,0,0,0,0,0,0,0,0,0,0,0,0,0,0,0,0,0,0,0,0,0,0,0,0,0,0,0,0,0,0,0,0,0,0,0,0,0,0,0,0,0,0,0,0,0,0,0,0,0,0,0,0,0,0,0,0,0,0,0,0,0,0,0,0,0,0,0,0,0,0,0,0,0,0,0,0,0,0,0,0,0,0,0,0,0,0,0,0,0,0,0,0,0,0,0,0,0,0,0,0,0,0,0,0,0,0,0,0,0,0,0,0,0,0,0,0,0,0,0,0,0,0,0,0,0,0,0,0,0,0,0,0,0,0,0,0,0,0,0,0,0,,0,0,0,0,0,0,0,0,0,0,,,,,,,,,,,,,,,,,,,,,,,,,,,,,,,0,,,,,,,,,,,,,,,,,,,,,,,,,,,,,,,,0,175
9/1/2026,2025,20261235,48248,39567,"UPP OPERATING, LLC",Natural Gas,INTRASTATE,TEXAS,,0,,,,,,0,0,0,,,0,,,,,,0,0,0,,,0,,,,,,0,0,0,,,0,,,,,,0,0,0,,,0,,,,,,0,0,0,,,0,,,,,,0,0,0,,,0,,,,,,0,0,0,,,0,,,,,,0,0,0,,,0,,,,,,0,0,0,,,0,,,,,,0,0,0,,,0,,,,,,0,0,0,,,0,,,,,,0,0,0,,,0,,,,,,0,0,0,,,0,,,,,,0,0,0,,,,,,0,0,0,,,0,0,,,,,,,,,,,,,,,,,,,,,,,,,,,,,,,,,,,,,,,,,,,,,,,,,,,,,,,,,,,,,,,0,1346
9/1/2026,2025,20260571,47554,39568,GREENIDGE PIPELINE LLC,Natural Gas,INTRASTATE,NEW YORK,,0,0,0,,,,,,,,,0,0,0,,,,,,,,,0,0,0,,,,,,,,,0,0,0,,,,,,,,,0,0,0,,,,,,,,,0,0,0,,,,,,,,,0,0,0,,,,,,,,,0,0,0,,,,,,,,,0,0,0,,,,,,,,,0,0,0,,,,,,,,,0,0,0,,,,,,,,,0,0,0,,,,,,,,,0,0,0,,,,,,,,,0,0,0,,,,,,,,,,,,,,,,,,,0,0,0,0,0,0,0,0,0,0,0,0,0,0,0,0,0,0,0,0,0,0,0,0,0,0,0,0,0,0,0,6,,,,,,,,,,,,,,,,,,,,,,,,,,,,,,,,
9/1/2026,2025,20260218,47176,39569,EAGLE OIL AND GAS CO.,Natural Gas,INTRASTATE,TEXAS,0,0,0,0,0,0,0,0,0,0,0,0,0,0,0,0,0,0,0,0,0,0,0,0,0,0,0,0,0,0,0,0,0,0,0,0,0,0,0,0,0,0,0,0,0,0,0,0,0,0,0,0,0,0,0,0,0,0,0,0,0,0,0,0,0,0,0,0,0,0,0,0,0,0,0,0,0,0,0,0,0,0,0,0,0,0,0,0,0,0,0,0,0,0,0,0,0,0,0,0,0,0,0,0,0,0,0,0,0,0,0,0,0,0,0,0,0,0,0,0,0,0,0,0,0,0,0,0,0,0,0,0,0,0,0,0,0,0,0,0,0,0,0,0,0,0,0,0,0,0,0,0,0,0,,0,0,0,0,0,0,0,0,0,0,,,,,,,,,,,,,,,,,,,,,,,,,,,,,,,0,,,,,,,,,,,,,,,,,,,,,,,,,,,,,,,,0,226
9/1/2026,2025,20261205,48218,39572,"WWM OPERATING, LLC",Natural Gas,INTERSTATE,NEW MEXICO,0,0,0,0,,,0,,,,,0,0,0,0,,,0,,,,,0,0,0,0,,,0,,,,,0,0,0,0,,,0,,,,,0,0,0,0,,,0,,,,,0,0,0,0,,,0,,,,,0,0,0,0,,,0,,,,,0,0,0,0,,,0,,,,,0,0,0,0,,,0,,,,,0,0,0,0,,,0,,,,,0,0,0,0,,,0,0,0,0,0,0,0,0,0,,,0,0,0,0,0,0,0,0,0,,,0,0,0,0,0,0,0,0,0,,0,,0,0,0,0,0,,0,,,,,,0,,0,,,,,,,,,,,,,,,,,,,,,,,,,,,,,,,0,349,,,,,,,,,,,,,,,,,,,,,,,,,,,,,,,,
9/1/2026,2025,20261205,48218,39572,"WWM OPERATING, LLC",Natural Gas,INTERSTATE,TEXAS,,0,0,0,,,,,,,,,0,0,0,,,,,,,,,0,0,0,,,,,,,,,0,0,0,,,,,,,,,0,0,0,,,,,,,,,0,0,0,,,,,,,,,0,0,0,,,,,,,,,0,0,0,,,,,,,,,0,0,0,,,,,,,,,0,0,0,,,,,,,,,0,0,0,,,,,,,0,,0,0,0,,,,,,,0,,0,0,0,,,,,,,0,,0,0,0,,,,,,,0,0,,0,,,,,,0,,0,,,,,,,,,,,,,,,,,,,,,,,,,,,,,,,0,115,,,,,,,,,,,,,,,,,,,,,,,,,,,,,,,,
9/1/2026,2025,20261205,48218,39572,"WWM OPERATING, LLC",Natural Gas,INTRASTATE,TEXAS,0,0,0,0,,,0,,,,,0,0,0,0,,,0,,,,,0,0,0,0,,,0,,,,,0,0,0,0,,,0,,,,,0,0,0,0,,,0,,,,,0,0,0,0,,,0,,,,,0,0,0,0,,,0,,,,,0,0,0,0,,,0,,,,,0,0,0,0,,,0,,,,,0,0,0,0,,,0,,,,,0,0,0,0,,,0,0,0,0,0,0,0,0,0,,,0,0,0,0,0,0,0,0,0,,,0,0,0,0,0,0,0,0,0,,0,,0,0,0,0,0,,0,,,,,,0,,0,,,,,,,,,,,,1,1,,,,,,,,,,,,,,,,,,1,22736,,,,,,,,,,,,,,,,,,,,,,,,,,,,,,,,
9/1/2026,2025,20261315,48328,39574,PINE RUN MIDSTREAM,Natural Gas,INTRASTATE,PENNSYLVANIA,0,0,0,0,0,0,0,0,0,0,0,0,0,0,0,0,0,0,0,0,0,0,0,0,0,0,0,0,0,0,0,0,0,0,0,0,0,0,0,0,0,0,0,0,0,0,0,0,0,0,0,0,0,0,0,0,0,0,0,0,0,0,0,0,0,0,0,0,0,0,0,0,0,0,0,0,0,0,0,0,0,0,0,0,0,0,0,0,0,0,0,0,0,0,0,0,0,0,0,0,0,0,0,0,0,0,0,0,0,0,0,0,0,0,0,0,0,0,0,0,0,0,0,0,0,0,0,0,0,0,0,0,0,0,0,0,0,0,0,0,0,0,0,0,0,0,0,0,0,0,0,0,0,0,,0,0,0,0,0,0,0,0,0,0,,,,,,,,,,,,,,,,,,,,,,,,,,,,,,,0,,,,,,,,,,,,,,,,,,,,,,,,,,,,,,,,0,161
9/1/2026,2025,20260273,48509,39576,"ORX RESOURCES,L.L.C.",Natural Gas,INTRASTATE,LOUISIANA,,,,,,,,,,,,,,,,,,,,,,,,,,,,,,,,,,,,,,,,,,,,,,,,,,,,,,,,,,,,,,,,,,,,,,,,,,,,,,,,,,,,,,,,,,,,,,,,,,,,,,,,,,,,,,,,,,,,,,,,,,,,,,,,,,,,,,,,,,,,,,,,,,,,,,,,,,,,,,,,,,,,,,,,,,,,,,,,,,,,,,,,,,,,,,,,,,,,0,238,,,,,,,,,,,,,,,,,,,,,,,,,,,,,,,0,0
9/1/2026,2025,20260273,48509,39576,"ORX RESOURCES,L.L.C.",Natural Gas,INTRASTATE,TEXAS,,,,,,,,,,,,,,,,,,,,,,,,,,,,,,,,,,,,,,,,,,,,,,,,,,,,,,,,,,,,,,,,,,,,,,,,,,,,,,,,,,,,,,,,,,,,,,,,,,,,,,,,,,,,,,,,,,,,,,,,,,,,,,,,,,,,,,,,,,,,,,,,,,,,,,,,,,,,,,,,,,,,,,,,,,,,,,,,,,,,,,,,,,,,,,,,,,,,0,,,,,,,,,,,,,,,,,,,,,,,,,,,,,,,,0,0
9/1/2026,2025,20260976,47979,39578,"OKEANOS GAS GATHERING COMPANY, LLC",Natural Gas,INTERSTATE,OCS-Gulf of America,0,0,0,0,0,0,0,0,0,0,0,0,0,0,0,0,0,0,0,0,0,0,0,0,0,0,0,0,0,0,0,0,0,0,0,0,0,0,0,0,0,0,0,0,0,0,0,0,0,0,0,0,0,0,0,0,0,0,0,0,0,0,0,0,0,0,0,0,0,0,0,0,0,0,0,0,0,0,0,0,0,0,0,0,0,0,0,0,0,0,0,0,0,0,0,0,0,0,0,0,0,0,0,0,0,0,0,0,0,0,0,0,0,0,0,0,0,0,0,0,0,0,0,0,0,0,0,0,0,0,0,0,0,0,0,0,0,0,0,0,0,0,0,0,0,0,0,0,0,0,0,0,0,0,,0,0,0,0,0,0,0,0,0,0,,,,,,,,,,,,,,,,,,,,,,,,,,,,,,,0,,0,0,0,0,0,0,0,0,0,0,0,0,0,0,0,0,0,0,0,0,0,0,0,0,0,0,0,0,0,0,0,0
9/1/2026,2025,20260341,47303,39579,TRP - OK PROPERTIES LLC,Natural Gas,INTRASTATE,OKLAHOMA,0,0,0,0,0,0,0,0,0,0,0,0,0,0,0,0,0,0,0,0,0,0,0,0,0,0,0,0,0,0,0,0,0,0,0,0,0,0,0,0,0,0,0,0,0,0,0,0,0,0,0,0,0,0,0,0,0,0,0,0,0,0,0,0,0,0,0,0,0,0,0,0,0,0,0,0,0,0,0,0,0,0,0,0,0,0,0,0,0,0,0,0,0,0,0,0,0,0,0,0,0,0,0,0,0,0,0,0,0,0,0,0,0,0,0,0,0,0,0,0,0,0,0,0,0,0,0,0,0,0,0,0,0,0,0,0,0,0,0,0,0,0,0,0,0,0,0,0,0,0,0,0,0,0,,0,0,0,0,0,0,0,0,0,0,,,,,,,,,,,,,,,,,,,,,,,,,,,,,,,0,,0,0,0,0,0,0,0,0,0,0,0,,0,0,0,0,0,0,0,0,0,0,0,0,0,0,0,0,0,0,0,0
9/1/2026,2025,20260803,47796,39582,SENTINEL PEAK RESOURCES CALIFORNIA LLC,Natural Gas,INTRASTATE,CALIFORNIA,0,0,0,0,0,0,0,0,0,0,0,0,0,0,0,0,0,0,0,0,0,0,0,0,0,0,0,0,0,0,0,0,0,0,0,0,0,0,0,0,0,0,0,0,0,0,0,0,0,0,0,0,0,0,0,0,0,0,0,0,0,0,0,0,0,0,0,0,0,0,0,0,0,0,0,0,0,0,0,0,0,0,0,0,0,0,0,0,0,0,0,0,0,0,0,0,0,0,0,0,0,0,0,0,0,0,0,0,0,0,0,0,0,0,0,0,0,0,0,0,0,0,0,0,0,0,0,0,0,0,0,0,0,0,0,0,0,0,0,0,0,0,0,0,0,0,0,0,0,0,0,0,0,0,0,,0,0,0,0,0,0,0,0,0,,,,,,,,,,,,,,,,,,,,,,,,,,,,,,,0,123,,,,,,,,,,,,,,,,,,,,,,,,,,,,,,,0,
9/1/2026,2025,20260365,47330,39583,EVONIK,Hydrogen Gas,INTRASTATE,KANSAS,0,0,0,0,0,0,0,0,0,0,0,0,0,0,0,0,0,0,0,0,0,0,0,0,0,0,0,0,0,0,0,0,0,0,0,0,0,0,0,0,0,0,0,0,0,0,0,0,0,0,0,0,0,0,0,0,0,0,0,0,0,0,0,0,0,0,0,0,0,0,0,0,0,0,0,0,0,0,0,0,0,0,0,0,0,0,0,0,0,0,0,0,0,0,0,0,0,0,0,0,0,0,0,0,0,0,0,0,0,0,0,0,0,0,0,0,0,0,0,0,0,0,0,0,0,0,0,0,0,0,0,0,0,0,0,0,0,0,0,0,0,0,0,0,0,0,0,0,0,0,0,0,0,0,0,,0,0,0,0,0,0,0,0,0,,,,,,,,,,,,,,,,,,,,,,,,,,,,,,,0,19,,,,,,,,,,,,,,,,,,,,,,,,,,,,,,,0,
9/1/2026,2025,20260364,47329,39583,EVONIK,Natural Gas,INTRASTATE,KANSAS,0,0,0,0,0,0,0,0,0,0,0,0,0,0,0,0,0,0,0,0,0,0,0,0,0,0,0,0,0,0,0,0,0,0,0,0,0,0,0,0,0,0,0,0,0,0,0,0,0,0,0,0,0,0,0,0,0,0,0,0,0,0,0,0,0,0,0,0,0,0,0,0,0,0,0,0,0,0,0,0,0,0,0,0,0,0,0,0,0,0,0,0,0,0,0,0,0,0,0,0,0,0,0,0,0,0,0,0,0,0,0,0,0,0,0,0,0,0,0,0,0,0,0,0,0,0,0,0,0,0,0,0,0,0,0,0,0,0,0,0,0,0,0,0,0,0,0,0,0,0,0,0,0,0,0,,0,0,0,0,0,0,0,0,0,,,,,,,,,,,,,,,,,,,,,,,,,,,,,,,0,19,,,,,,,,,,,,,,,,,,,,,,,,,,,,,,,0,
9/1/2026,2025,20260116,47070,39585,"UPSHUR GAS GATHERING, LLC",Natural Gas,INTRASTATE,WEST VIRGINIA,,0,,,,,,,0,,,,0,,,,,,,0,,,,0,,,,,,,0,,,,0,,,,,,,0,,,,0,,,,,,,0,,,,0,,,,,,,0,,,,0,,,,,,,0,,,,0,,,,,,,0,,,,0,,,,,,,0,,,,0,,,,,,,0,,,,0,,,,,,,0,,,,0,,,,,,,0,,,,0,,,,,,,0,,,,0,,,,,,,0,,,,0,,,,0,,,,0,0,,,,,,,,,,,,,,,,,,,,,,,,,,,,,,,0,,0,0,0,0,0,0,0,0,0,0,0,0,0,0,0,0,0,0,0,0,0,0,0,0,0,0,0,0,0,0,0,500
9/1/2026,2025,20260289,47247,39590,"NEW RISE RENEWABLES RENO, LLC",Natural Gas,INTRASTATE,NEVADA,0,0,0,0,0,0,0,0,0,0,0,0,0,0,0,0,0,0,0,0,0,0,0,0,0,0,0,0,0,0,0,0,0,0,0,0,0,0,0,0,0,0,0,0,0,0,0,0,0,0,0,0,0,0,0,0,0,0,0,0,0,0,0,0,0,0,0,0,0,0,0,0,0,0,0,0,0,0,0,0,0,0,0,0,0,0,0,0,0,0,0,0,0,0,0,0,0,0,0,0,0,0,0,0,0,0,0,0,0,0,0,0,0,0,0,0,0,0,0,0,0,0,0,0,0,0,0,0,0,0,0,0,0,0,0,0,0,0,0,0,0,0,0,0,0,0,0,0,0,0,0,0,0,0,0,,0,0,0,0,0,0,0,0,0,,,,,,,,,,,,,,,,,,,,,,,,,,,,,,,0,1,,,,,,,,,,,,,,,,,,,,,,,,,,,,,,,0,
9/1/2026,2025,20261164,48177,39592,GATEWAY CORRIGAN LLC,Natural Gas,INTRASTATE,TEXAS,0,0,0,0,0,0,0,0,0,0,0,0,0,0,0,0,0,0,0,0,0,0,0,0,0,0,0,0,0,0,0,0,0,0,0,0,0,0,0,0,0,0,0,0,0,0,0,0,0,0,0,0,0,0,0,0,0,0,0,0,0,0,0,0,0,0,0,0,0,0,0,0,0,0,0,0,0,0,0,0,0,0,0,0,0,0,0,0,0,0,0,0,0,0,0,0,0,0,0,0,0,0,0,0,0,0,0,0,0,0,0,0,0,0,0,0,0,0,0,0,0,0,0,0,0,0,0,0,0,0,0,0,0,0,0,0,0,0,0,0,0,0,0,0,0,0,0,0,0,0,0,0,0,0,0,0,0,0,0,0,0,0,0,0,0,0,,,,,0,0,,,,,,0,0,,,,0,0,,,,,,,,,,,0,0,0,0,,,,,0,0,,,,,,0,0,,,,0,0,,,,,,,,,,,0,0,0
9/1/2026,2025,20261365,48477,39594,"SULPHUR RIVER EXPLORATION, INC.",Natural Gas,INTRASTATE,TEXAS,0,0,0,0,0,0,0,0,0,0,0,0,0,0,0,0,0,0,0,0,0,0,0,0,0,0,0,0,0,0,0,0,0,0,0,0,0,0,0,0,0,0,0,0,0,0,0,0,0,0,0,0,0,0,0,0,0,0,0,0,0,0,0,0,0,0,0,0,0,0,0,0,0,0,0,0,0,0,0,0,0,0,0,0,0,0,0,0,0,0,0,0,0,0,0,0,0,0,0,0,0,0,0,0,0,0,0,0,0,0,0,0,0,0,0,0,0,0,0,0,0,0,0,0,0,0,0,0,0,0,0,0,0,0,0,0,0,0,0,0,0,0,0,0,0,0,0,0,0,0,0,0,0,0,,0,0,0,0,0,0,0,0,0,0,,,,,,,,,,,,,,,,,,,,,,,,,,,,,,,0,,,,,,,,,,,,,,,,,,,,,,,,,,,,,,,,0,211
9/1/2026,2025,20260967,47968,39597,"VALLEY CROSSING PIPELINE, LLC",Natural Gas,INTERSTATE,TEXAS,,0,0,0,,0,,0,0,0,0,,0,0,0,,0,,0,0,0,0,,0,0,0,,0,,0,0,0,0,,0,0,0,,0,,0,0,0,0,,0,0,0,,0,,0,0,0,0,,0,0,0,,0,,0,0,0,0,,0,0,0,,0,,0,0,0,0,,0,0,0,,0,,0,0,0,0,,0,0,0,,0,,0,0,0,0,,0,0,0,,0,,0,0,0,0,,0,0,0,,0,,0,0,0,0,,0,0,0,,0,,0,0,0,0,,0,0,0,,0,,0,0,0,0,,0,0,0,,,0,0,0,0,0,0,,0,0,0,0,0,0,0,0,0,,,,,,,,,,,,,,,,,,,,,,,,,,,,,,,0,0,,,,,,,,,,,,,,,,,,,,,,,,,,,,,,,0,
9/1/2026,2025,20261416,48443,39599,"HUNTER GATHERING, L.P.",Natural Gas,INTRASTATE,TEXAS,,0,,,,,,0,0,0,,,0,,,,,,0,0,0,,,0,,,,,,0,0,0,,,0,,,,,,0,0,0,,,0,,,,,,0,0,0,,,0,,,,,,0,0,0,,,0,,,,,,0,0,0,,,0,,,,,,0,0,0,,,0,,,,,,0,0,0,,,0,,,,,,0,0,0,,,0,,,,,,0,0,0,,,0,,,,,,0,0,0,,,0,,,,,,0,0,0,,,0,,,,,,0,0,0,,,0,,,0,0,0,,,0,0,,,,,,,,,,,,,,,,,,,,,,,,,,,,,,,0,,,,,,,,,,,,,,,,,,,,,,,,,,,,,,,,0,1400
9/1/2026,2025,20260593,47576,39602,UPPER MICHIGAN ENERGY RESOURCES CORP.,Natural Gas,INTRASTATE,MICHIGAN,0,0,0,0,0,0,0,0,0,0,0,0,0,0,0,0,0,0,0,0,0,0,0,0,0,0,0,0,0,0,0,0,0,0,0,0,0,0,0,0,0,0,0,0,0,0,0,0,0,0,0,0,0,0,0,0,0,0,0,0,0,0,0,0,0,0,0,0,0,0,0,0,0,0,0,0,0,0,0,0,0,0,0,0,0,0,0,0,0,0,0,0,0,0,0,0,0,0,0,0,0,0,0,0,0,0,0,0,0,0,0,0,0,0,0,0,0,0,0,0,0,0,0,0,0,0,0,0,0,0,0,0,0,0,0,0,0,0,0,0,0,0,0,0,0,0,0,0,0,0,0,0,0,0,0,,0,0,0,0,0,0,0,0,0,0,0,0,0,0,0,0,0,0,0,0,0,0,0,0,0,0,0,0,0,0,0,0,0,0,0,0,0,0,0,0,1171,,,,,,,,,,,,,,,,,,,,,,,,,,,,,,,0,
9/1/2026,2025,20260631,47616,39608,VAQUERO PERMIAN GATHERING LLC,Natural Gas,INTRASTATE,TEXAS,0,0,0,0,0,0,0,0,0,0,0,0,0,0,0,0,0,0,0,0,0,0,0,0,0,0,0,0,0,0,0,0,0,0,0,0,0,0,0,0,0,0,0,0,0,0,0,0,0,0,0,0,0,0,0,0,0,0,0,0,0,0,0,0,0,0,0,0,0,0,0,0,0,0,0,0,0,0,0,0,0,0,0,0,0,0,0,0,0,0,0,0,0,0,0,0,0,0,0,0,0,0,0,0,0,0,0,0,0,0,0,0,0,0,0,0,0,0,0,0,0,0,0,0,0,0,0,0,0,0,0,0,0,0,0,0,0,0,0,0,0,0,0,0,0,0,0,0,0,0,0,0,0,0,0,0,0,0,0,0,0,0,0,0,0,0,0,0,0,0,0,0,0,0,0,0,0,0,0,0,0,0,0,0,0,0,0,0,0,0,0,0,0,0,0,0,394,0,0,0,0,0,0,0,0,0,0,0,0,0,0,0,0,0,0,0,0,0,0,0,0,0,0,0,0,0,0,0,1277
9/1/2026,2025,20260271,47229,39609,"HAVEN STEEL PRODUCTS, INC",Natural Gas,INTRASTATE,KANSAS,0,0,0,0,,,0,,,,,0,0,0,0,,,0,,,,,0,0,0,0,,,0,,,,,0,0,0,0,,,0,,,,,0,0,0,0,,,0,,,,,0,0,0,0,,,0,,,,,0,0,0,0,,,0,,,,,0,0,0,0,,,0,,,,,0,0,0,0,,,0,,,,,0,0,0,0,,,0,,,,,0,0,0,0,,,0,0,0,0,0,0,0,0,0,,,0,0,0,0,0,0,0,0,0,,,0,0,0,0,0,0,0,0,0,,0,,0,0,0,0,0,,0,,,,,,0,,0,,,,,,,,,,,,,,,,,,,,,,,,,,,,,,,0,1,,,,,,,,,,,,,,,,,,,,,,,,,,,,,,,,
9/1/2026,2025,20260349,47312,39614,SOUTH HOUSTON PRODUCTION COMPANY,Natural Gas,INTRASTATE,TEXAS,0,0,0,0,0,0,0,0,0,0,0,0,0,0,0,0,0,0,0,0,0,0,0,0,0,0,0,0,0,0,0,0,0,0,0,0,0,0,0,0,0,0,0,0,0,0,0,0,0,0,0,0,0,0,0,0,0,0,0,0,0,0,0,0,0,0,0,0,0,0,0,0,0,0,0,0,0,0,0,0,0,0,0,0,0,0,0,0,0,0,0,0,0,0,0,0,0,0,0,0,0,0,0,0,0,0,0,0,0,0,0,0,0,0,0,0,0,0,0,0,0,0,0,0,0,0,0,0,0,0,0,0,0,0,0,0,0,0,0,0,0,0,0,0,0,0,0,0,0,0,0,0,0,0,,0,0,0,0,0,0,0,0,0,0,,,,,,,,,,,,,,,,,,,,,,,,,,,,,,,0,,,,,,,,,,,,,,,,,,,,,,,,,,,,,,,,0,139
9/1/2026,2025,20261296,48309,39619,DIVERSIFIED MIDSTREAM LLC,Natural Gas,INTRASTATE,KENTUCKY,0,0,0,0,0,0,0,0,0,0,0,0,0,0,0,0,0,0,0,0,0,0,0,0,0,0,0,0,0,0,0,0,0,0,0,0,0,0,0,0,0,0,0,0,0,0,0,0,0,0,0,0,0,0,0,0,0,0,0,0,0,0,0,0,0,0,0,0,0,0,0,0,0,0,0,0,0,0,0,0,0,0,0,0,0,0,0,0,0,0,0,0,0,0,0,0,0,0,0,0,0,0,0,0,0,0,0,0,0,0,0,0,0,0,0,0,0,0,0,0,0,0,0,0,0,0,0,0,0,0,0,0,0,0,0,0,0,0,0,0,0,0,0,0,0,0,0,0,0,0,0,0,0,0,0,0,0,0,0,0,0,0,0,0,0,0,0,0,0,0,0,0,0,0,0,0,0,0,0,0,0,0,0,0,0,0,0,0,0,0,0,0,0,0,0,0,29,0,0,0,0,0,0,0,0,0,0,0,0,0,0,0,0,0,0,0,0,0,0,0,0,0,0,0,0,0,0,0,266
9/1/2026,2025,20261296,48309,39619,DIVERSIFIED MIDSTREAM LLC,Natural Gas,INTRASTATE,LOUISIANA,0,0,0,0,0,0,0,0,0,0,0,0,0,0,0,0,0,0,0,0,0,0,0,0,0,0,0,0,0,0,0,0,0,0,0,0,0,0,0,0,0,0,0,0,0,0,0,0,0,0,0,0,0,0,0,0,0,0,0,0,0,0,0,0,0,0,0,0,0,0,0,0,0,0,0,0,0,0,0,0,0,0,0,0,0,0,0,0,0,0,0,0,0,0,0,0,0,0,0,0,0,0,0,0,0,0,0,0,0,0,0,0,0,0,0,0,0,0,0,0,0,0,0,0,0,0,0,0,0,0,0,0,0,0,0,0,0,0,0,0,0,0,0,0,0,0,0,0,0,0,0,0,0,0,,0,,,0,,0,,,0,0,,,,,,,,,,,,,,,,,,,,,,,,,,,,,,,0,,0,0,0,0,0,0,0,0,0,0,0,0,0,0,0,0,0,0,0,0,0,0,0,0,0,0,0,0,0,0,0,102
9/1/2026,2025,20261296,48309,39619,DIVERSIFIED MIDSTREAM LLC,Natural Gas,INTRASTATE,OKLAHOMA,0,0,0,0,0,0,0,0,0,0,0,0,0,0,0,0,0,0,0,0,0,0,0,0,0,0,0,0,0,0,0,0,0,0,0,0,0,0,0,0,0,0,0,0,0,0,0,0,0,0,0,0,0,0,0,0,0,0,0,0,0,0,0,0,0,0,0,0,0,0,0,0,0,0,0,0,0,0,0,0,0,0,0,0,0,0,0,0,0,0,0,0,0,0,0,0,0,0,0,0,0,0,0,0,0,0,0,0,0,0,0,0,0,0,0,0,0,0,0,0,0,0,0,0,0,0,0,0,0,0,0,0,0,0,0,0,0,0,0,0,0,0,0,0,0,0,0,0,0,0,0,0,0,0,0,0,,0,,,0,0,0,0,0,0,0,0,0,0,0,0,0,0,0,0,0,0,0,0,0,0,0,0,0,0,0,0,0,0,0,0,0,0,0,0,0,0,0,0,0,0,0,0,0,0,0,0,0,0,0,0,0,0,0,0,0,0,0,0,0,0,0,0,0,0,0,0,1075
9/1/2026,2025,20261296,48309,39619,DIVERSIFIED MIDSTREAM LLC,Natural Gas,INTRASTATE,PENNSYLVANIA,0,0,0,0,0,0,0,0,0,0,0,0,0,0,0,0,0,0,0,0,0,0,0,0,0,0,0,0,0,0,0,0,0,0,0,0,0,0,0,0,0,0,0,0,0,0,0,0,0,0,0,0,0,0,0,0,0,0,0,0,0,0,0,0,0,0,0,0,0,0,0,0,0,0,0,0,0,0,0,0,0,0,0,0,0,0,0,0,0,0,0,0,0,0,0,0,0,0,0,0,0,0,0,0,0,0,0,0,0,0,0,0,0,0,0,0,0,0,0,0,0,0,0,0,0,0,0,0,0,0,0,0,0,0,0,0,0,0,0,0,0,0,0,0,0,0,0,0,0,0,0,0,0,0,0,0,0,0,0,0,0,0,0,0,0,0,0,0,0,0,0,0,0,0,0,0,0,0,0,0,0,0,0,0,0,0,0,0,0,0,0,0,0,,0,0,172,0,0,0,1,0,1,0,2,0,0,0,0,2,0,0,0,0,0,0,0,0,0,0,0,0,0,0,0,0,0,3,1600
9/1/2026,2025,20261296,48309,39619,DIVERSIFIED MIDSTREAM LLC,Natural Gas,INTRASTATE,TENNESSEE,0,0,0,0,0,0,0,0,0,0,0,0,0,0,0,0,0,0,0,0,0,0,0,0,0,0,0,0,0,0,0,0,0,0,0,0,0,0,0,0,0,0,0,0,0,0,0,0,0,0,0,0,0,0,0,0,0,0,0,0,0,0,0,0,0,0,0,0,0,0,0,0,0,0,0,0,0,0,0,0,0,0,0,0,0,0,0,0,0,0,0,0,0,0,0,0,0,0,0,0,0,0,0,0,0,0,0,0,0,0,0,0,0,0,0,0,0,0,0,0,0,0,0,0,0,0,0,0,0,0,0,0,0,0,0,0,0,0,0,0,0,0,0,0,0,0,0,0,0,0,0,0,0,0,0,0,0,0,0,0,0,0,0,0,0,0,0,0,0,0,0,0,0,0,0,0,0,0,0,0,0,0,0,0,0,0,0,0,0,0,0,0,0,,0,0,40,0,0,0,0,0,0,0,0,0,0,0,0,0,0,0,0,0,0,0,0,0,0,0,0,0,0,0,0,0,0,0,4
9/1/2026,2025,20261296,48309,39619,DIVERSIFIED MIDSTREAM LLC,Natural Gas,INTRASTATE,TEXAS,0,0,0,0,0,0,0,0,0,0,0,0,0,0,0,0,0,0,0,0,0,0,0,0,0,0,0,0,0,0,0,0,0,0,0,0,0,0,0,0,0,0,0,0,0,0,0,0,0,0,0,0,0,0,0,0,0,0,0,0,0,0,0,0,0,0,0,0,0,0,0,0,0,0,0,0,0,0,0,0,0,0,0,0,0,0,0,0,0,0,0,0,0,0,0,0,0,0,0,0,0,0,0,0,0,0,0,0,0,0,0,0,0,0,0,0,0,0,0,0,0,0,0,0,0,0,0,0,0,0,0,0,0,0,0,0,0,0,0,0,0,0,0,0,0,0,0,0,0,0,0,0,0,0,,0,0,0,0,0,0,0,0,0,0,,,,,,,,,,,,,,,,,,,,,,,,,,,,,,,0,,0,0,0,0,0,0,0,0,0,0,0,0,0,0,0,0,0,0,0,0,0,0,0,0,0,0,0,0,0,0,0,864
9/1/2026,2025,20261296,48309,39619,DIVERSIFIED MIDSTREAM LLC,Natural Gas,INTRASTATE,VIRGINIA,,0,,,,,,0,,0,,,0,,,,,,0,,0,,,0,,,,,,0,,0,,,0,,,,,,0,,0,,,0,,,,,,0,,0,,,0,,,,,,0,,0,,,0,,,,,,0,,0,,,0,,,,,,0,,0,,,0,,,,,,0,,0,,,0,,,,,,0,,0,,,0,,,,,,0,,0,,,0,,,,,,0,,0,,,0,,,,,,0,,0,,,0,,,,,,0,,0,,,0,,,0,,0,,,0,0,,,,,,,,,,,,,,,,,,,,,,,,,,,,,,,,,0,0,0,0,0,0,0,0,0,0,0,0,0,0,0,0,0,0,0,0,0,0,0,0,0,0,0,0,0,0,0,59
9/1/2026,2025,20261296,48309,39619,DIVERSIFIED MIDSTREAM LLC,Natural Gas,INTRASTATE,WEST VIRGINIA,0,0,0,0,,,0,0,1,3,,0,0,0,0,,,0,0,0,0,,0,0,0,0,,,0,0,0,0,,0,0,0,0,,,0,0,0,0,,0,0,0,0,,,0,0,0,0,,0,0,0,0,,,0,0,0,0,,0,0,0,0,,,0,0,0,0,,0,0,0,0,,,0,0,0,0,,0,0,0,0,,,0,0,0,0,,0,0,0,0,,,0,0,0,0,,0,0,0,0,,,0,0,0,0,,0,0,0,0,,,0,0,0,0,,0,0,0,0,,,0,0,0,0,,0,0,0,0,,0,,0,1,3,,0,0,0,,0,0,0,,0,0,0,0,0,0,0,0,0,0,0,0,0,0,0,0,0,0,0,0,0,0,0,0,0,0,0,0,0,0,0,0,0,0,33,0,0,0,0,0,0,0,0,0,0,0,0,0,0,0,0,0,0,0,0,0,0,0,0,0,0,0,0,0,0,0,468
9/1/2026,2025,20260250,47208,39624,AIRGAS MERCHANT GAS KALAMA,Hydrogen Gas,INTRASTATE,WASHINGTON,0,0,0,0,,,0,0,0,0,,0,0,0,0,,,0,0,0,0,,0,0,0,0,,,0,0,0,0,,0,0,0,0,,,0,0,0,0,,0,0,0,0,,,0,0,0,0,,0,0,0,0,,,0,0,0,0,,0,0,0,0,,,0,0,0,0,,0,0,0,0,,,0,0,0,0,,0,0,0,0,,,0,0,0,0,,0,0,0,0,,,0,0,0,0,,0,0,0,0,,,0,0,0,0,,0,0,0,0,,,0,0,0,0,,0,0,0,0,,,0,0,0,0,,0,0,0,0,,0,,0,0,0,,0,0,0,,0,0,0,,0,0,0,,,,,,,,,,,,,,,,,,,,,,,,,,,,,,,0,0,,,,,,,,,,,,,,,,,,,,,,,,,,,,,,,0,0
9/1/2026,2025,20260181,47138,39626,CALGON CARBON CORPORATION,Natural Gas,INTRASTATE,MISSISSIPPI,,,,,,,,,,,,,,,,,,,,,,,,,,,,,,,,,,,,,,,,,,,,,,,,,,,,,,,,,,,,,,,,,,,,,,,,,,,,,,,,,,,,,,,,,,,,,,,,,,,,,,,,,,,,,,,,,,,,,,,,,,,,,,,,,,,,,,,,,,,,,,,,,,,,,,,,,,,,,,,,,,,,,,,,,,,,,,,,,,,,,,,,,,,,,,,,,,,,0,63,,,,,,,,,,,,,,,,,,,,,,,,,,,,,,,0,
9/1/2026,2025,20260691,47676,39627,AIR LIQUIDE ADVANCED TECHNOLOGIES US LLC,Other Gas-processed landfill methane,INTRASTATE,MISSISSIPPI,0,0,0,0,0,0,0,0,0,0,0,0,0,0,0,0,0,0,0,0,0,0,0,0,0,0,0,0,0,0,0,0,0,0,0,0,0,0,0,0,0,0,0,0,0,0,0,0,0,0,0,0,0,0,0,0,0,0,0,0,0,0,0,0,0,0,0,0,0,0,0,0,0,0,0,0,0,0,0,0,0,0,0,0,0,0,0,0,0,0,0,0,0,0,0,0,0,0,0,0,0,0,0,0,0,0,0,0,0,0,0,0,0,0,0,0,0,0,0,0,0,0,0,0,0,0,0,0,0,0,0,0,0,0,0,0,0,0,0,0,0,0,0,0,0,0,0,0,0,0,0,0,0,0,0,,0,0,0,0,0,0,0,0,0,,,,,,,,,,,,,,,,,,,,,,,,,,,,,,,0,21,,,,,,,,,,,,,,,,,,,,,,,,,,,,,,,0,
9/1/2026,2025,20260420,47385,39630,"CORNERSTONE GENERATION, LLC-DARBY POWER LLC",Natural Gas,INTRASTATE,OHIO,0,0,0,0,,,0,,,,,0,0,0,0,,,0,,,,,0,0,0,0,,,0,,,,,0,0,0,0,,,0,,,,,0,0,0,0,,,0,,,,,0,0,0,0,,,0,,,,,0,0,0,0,,,0,,,,,0,0,0,0,,,0,,,,,0,0,0,0,,,0,,,,,0,0,0,0,,,0,,,,,0,0,0,0,,,0,0,0,0,0,0,0,0,0,,,0,0,0,0,0,0,0,0,0,,,0,0,0,0,0,0,0,0,0,,0,,0,0,0,0,0,,0,,,,,,0,,0,,,,,,,,,,,,,,,,,,,,,,,,,,,,,,,0,6,,,,,,,,,,,,,,,,,,,,,,,,,,,,,,,0,
9/1/2026,2025,20260549,47529,39635,WINNEBAGO COUNTY SOLID WASTE MANAGEMENT BOARD,Landfill Gas,INTRASTATE,WISCONSIN,0,0,0,0,0,0,0,0,0,0,0,0,0,0,0,0,0,0,0,0,0,0,0,0,0,0,0,0,0,0,0,0,0,0,0,0,0,0,0,0,0,0,0,0,0,0,0,0,0,0,0,0,0,0,0,0,0,0,0,0,0,0,0,0,0,0,0,0,0,0,0,0,0,0,0,0,0,0,0,0,0,0,0,0,0,0,0,0,0,0,0,0,0,0,0,0,0,0,0,0,0,0,0,0,0,0,0,0,0,0,0,0,0,0,0,0,0,0,0,0,0,0,0,0,0,0,0,0,0,0,0,0,0,0,0,0,0,0,0,0,0,0,0,0,0,0,0,0,0,0,0,0,0,0,0,,0,0,0,0,0,0,0,0,0,,,,,,,,,,,,,,,,,,,,,,,,,,,,,,,0,16,,,,,,,,,,,,,,,,,,,,,,,,,,,,,,,0,
9/1/2026,2025,20260189,47146,39636,"CARBON CALIFORNIA OPERATING COMPANY, LLC",Natural Gas,INTRASTATE,CALIFORNIA,0,0,0,0,0,0,0,0,0,0,0,0,0,0,0,0,0,0,0,0,0,0,0,0,0,0,0,0,0,0,0,0,0,0,0,0,0,0,0,0,0,0,0,0,0,0,0,0,0,0,0,0,0,0,0,0,0,0,0,0,0,0,0,0,0,0,0,0,0,0,0,0,0,0,0,0,0,0,0,0,0,0,0,0,0,0,0,0,0,0,0,0,0,0,0,0,0,0,0,0,0,0,0,0,0,0,0,0,0,0,0,0,0,0,0,0,0,0,0,0,0,0,0,0,0,0,0,0,0,0,0,0,0,0,0,0,0,0,0,0,0,0,0,0,0,0,0,0,0,0,0,0,0,0,,0,0,0,0,0,0,0,0,0,0,,,,,,,,,,,,,,,,,,,,,,,,,,,,,,,0,,0,0,0,0,0,0,0,0,0,0,0,0,0,0,0,0,0,0,0,0,0,0,0,0,0,0,0,0,0,0,0,1050
9/1/2026,2025,20260178,47134,39640,PARKWAY GENERATION KEYS ENERGY CENTER,Natural Gas,INTRASTATE,MARYLAND,0,0,0,0,0,0,0,0,0,0,0,0,0,0,0,0,0,0,0,0,0,0,0,0,0,0,0,0,0,0,0,0,0,0,0,0,0,0,0,0,0,0,0,0,0,0,0,0,0,0,0,0,0,0,0,0,0,0,0,0,0,0,0,0,0,0,0,0,0,0,0,0,0,0,0,0,0,0,0,0,0,0,0,0,0,0,0,0,0,0,0,0,0,0,0,0,0,0,0,0,0,0,0,0,0,0,0,0,0,0,0,0,0,0,0,0,0,0,0,0,0,0,0,0,0,0,0,0,0,0,0,0,0,0,0,0,0,0,0,0,0,0,0,0,0,0,0,0,0,0,0,0,0,0,,,,,,,,,,,,0,0,0,0,0,0,0,0,0,0,0,0,0,0,0,0,0,0,0,0,0,0,0,0,0,0,0,0,0,0,0,18,,,,,,,,,,,,,,,,,,,,,,,,,,,,,,,0,
9/1/2026,2025,20260914,47911,39648,VALERO HOUSTON REFINERY,Natural Gas,INTRASTATE,TEXAS,0,0,0,0,0,0,0,0,0,0,0,0,0,0,0,0,0,0,0,0,0,0,0,0,0,0,0,0,0,0,0,0,0,0,0,0,0,0,0,0,0,0,0,0,0,0,0,0,0,0,0,0,0,0,0,0,0,0,0,0,0,0,0,0,0,0,0,0,0,0,0,0,0,0,0,0,0,0,0,0,0,0,0,0,0,0,0,0,0,0,0,0,0,0,0,0,0,0,0,0,0,0,0,0,0,0,0,0,0,0,0,0,0,0,0,0,0,0,0,0,0,0,0,0,0,0,0,0,0,0,0,0,0,0,0,0,0,0,0,0,0,0,0,0,0,0,0,0,0,0,0,0,0,0,0,,0,0,0,0,0,0,0,0,0,,,,,,,,,,,,,,,,,,,,,,,,,,,,,,,0,1248,,,,,,,,,,,,,,,,,,,,,,,,,,,,,,,0,
9/1/2026,2025,20261438,48484,39652,"NOREGA GATHERING, LLC",Natural Gas,INTRASTATE,TEXAS,,0,,,,,,0,0,0,,,0,,,,,,0,0,0,,,0,,,,,,0,0,0,,,0,,,,,,0,0,0,,,0,,,,,,0,0,0,,,0,,,,,,0,0,0,,,0,,,,,,0,0,0,,,0,,,,,,0,0,0,,,0,,,,,,0,0,0,,,0,,,,,,0,0,0,,,0,,,,,,0,0,0,,,0,,,,,,0,0,0,,,0,,,,,,0,0,0,,,0,,,,,,0,0,0,,,0,,,0,0,0,,,0,0,,,,,,,,,,,,,,,,,,,,,,,,,,,,,,,0,,,,,,,,,,,,,,,,,,,,,,,,,,,,,,,,0,0
9/1/2026,2025,20261077,48085,39653,CORNELL UNIVERSITY,Natural Gas,INTRASTATE,NEW YORK,0,0,0,0,,,0,,,,,0,0,0,0,,,0,,,,,0,0,0,0,,,0,,,,,0,0,0,0,,,0,,,,,0,0,0,0,,,0,,,,,0,0,0,0,,,0,,,,,0,0,0,0,,,0,,,,,0,0,0,0,,,0,,,,,0,0,0,0,,,0,,,,,0,0,0,0,,,0,,,,,0,0,0,0,,,0,0,0,0,0,0,0,0,0,,,0,0,0,0,0,0,0,0,0,,,0,0,0,0,0,0,0,0,0,,0,,0,0,0,0,,,,,,,,,,,,,,,,,,,,,,,,,,,,,,,,,,,,,,,,,,0,5,,,,,,,,,,,,,,,,,,,,,,,,,,,,,,,,
9/1/2026,2025,20260140,47095,39655,PINE HILL RENEWABLES,Natural Gas,INTRASTATE,TEXAS,0,0,0,0,0,0,0,0,0,0,0,0,0,0,0,0,0,0,0,0,0,0,0,0,0,0,0,0,0,0,0,0,0,0,0,0,0,0,0,0,0,0,0,0,0,0,0,0,0,0,0,0,0,0,0,0,0,0,0,0,0,0,0,0,0,0,0,0,0,0,0,0,0,0,0,0,0,0,0,0,0,0,0,0,0,0,0,0,0,0,0,0,0,0,0,0,0,0,0,0,0,0,0,0,0,0,0,0,0,0,0,0,0,0,0,0,0,0,0,0,0,0,0,0,0,0,0,0,0,0,0,0,0,0,0,0,0,0,0,0,0,0,0,0,0,0,0,0,0,0,0,0,0,0,0,,0,0,0,0,0,0,0,0,0,,,,,,,,,,,,,,,,,,,,,,,,,,,,,,,0,18,,,,,,,,,,,,,,,,,,,,,,,,,,,,,,,0,
9/1/2026,2025,20260369,47334,39657,"SOUTHERN KENTUCKY ENERGY, LLC",Natural Gas,INTRASTATE,KENTUCKY,,0,,,,,,0,0,0,,,0,,,,,,0,0,0,,,0,,,,,,0,0,0,,,0,,,,,,0,0,0,,,0,,,,,,0,0,0,,,0,,,,,,0,0,0,,,0,,,,,,0,0,0,,,0,,,,,,0,0,0,,,0,,,,,,0,0,0,,,0,,,,,,0,0,0,,,0,,,,,,0,0,0,,,0,,,,,,0,0,0,,,0,,,,,,0,0,0,,,0,,,,,,0,0,0,,,0,,,0,0,0,,,0,0,,,,,,,,,,,,,,,,,,,,,,,,,,,,,,,0,,,,,,,,,,,,,,,,,,,,,,,,,,,,,,,,0,0
9/1/2026,2025,20260369,47334,39657,"SOUTHERN KENTUCKY ENERGY, LLC",Natural Gas,INTRASTATE,OKLAHOMA,,0,,,,,,,0,,,,0,,,,,,,0,,,,0,,,,,,,0,,,,0,,,,,,,0,,,,0,,,,,,,0,,,,0,,,,,,,0,,,,0,,,,,,,0,,,,0,,,,,,,0,,,,0,,,,,,,0,,,,0,,,,,,,0,,,,0,,,,,,,0,,,,0,,,,,,,0,,,,0,,,,,,,0,,,,0,,,,,,,0,,,,0,,,,0,,,,0,0,,,,,,,,,,,,,,,,,,,,,,,,,,,,,,,,,,,,,,,,,,,,,,,,,,,,,,,,,,,,,,,0,0
9/1/2026,2025,20261297,48310,39660,COOK INLET NATURAL GAS STORAGE ALASKA,Natural Gas,INTRASTATE,ALASKA,0,0,0,0,0,0,0,0,0,0,0,0,0,0,0,0,0,0,0,0,0,0,0,0,0,0,0,0,0,0,0,0,0,0,0,0,0,0,0,0,0,0,0,0,0,0,0,0,0,0,0,0,0,0,0,0,0,0,0,0,0,0,0,0,0,0,0,0,0,0,0,0,0,0,0,0,0,0,0,0,0,0,0,0,0,0,0,0,0,0,0,0,0,0,0,0,0,0,0,0,0,0,0,0,0,0,0,0,0,0,0,0,0,0,0,0,0,0,0,0,0,0,0,0,0,0,0,0,0,0,0,0,0,0,0,0,0,0,0,0,0,0,0,0,0,0,0,0,0,0,0,0,0,0,0,,0,0,0,0,0,0,0,0,0,,,,,,,,,,,,,,,,,,,,,,,,,,,,,,,0,0,,,,,,,,,,,,,,,,,,,,,,,,,,,,,,,0,
9/1/2026,2025,20260541,47521,39667,"UNDERGROUND STORAGE, LLC",Natural Gas,INTRASTATE,TEXAS,0,0,0,0,,,0,,,,,0,0,0,0,,,0,,,,,0,0,0,0,,,0,,,,,0,0,0,0,,,0,,,,,0,0,0,0,,,0,,,,,0,0,0,0,,,0,,,,,0,0,0,0,,,0,,,,,0,0,0,0,,,0,,,,,0,0,0,0,,,0,,,,,0,0,0,0,,,0,,,,,0,0,0,0,,,0,0,0,0,0,0,0,0,0,,,0,0,0,0,0,0,0,0,0,,,0,0,0,0,0,0,0,0,0,,0,,0,0,0,0,0,,0,,,,,,0,,0,,,,,,,,,,,,,,,,,,,,,,,,,,,,,,,0,0,,,,,,,,,,,,,,,,,,,,,,,,,,,,,,,,
9/1/2026,2025,20260742,47730,39674,"ASSIDUOUS ENERGY, LLC",Natural Gas,INTRASTATE,OKLAHOMA,,0,,,,,,0,0,0,,,0,,,,,,0,0,0,,,0,,,,,,0,0,0,,,0,,,,,,0,0,0,,,0,,,,,,0,0,0,,,0,,,,,,0,0,0,,,0,,,,,,0,0,0,,,0,,,,,,0,0,0,,,0,,,,,,0,0,0,,,0,,,,,,0,0,0,,,0,,,,,,0,0,0,,,0,,,,,,0,0,0,,,0,,,,,,0,0,0,,,0,,,,,,0,0,0,,,0,,,0,0,0,,,0,0,,,,,,,,,,,,,,,,,,,,,,,,,,,,,,,,,0,0,0,0,0,0,0,0,0,0,0,0,0,0,0,0,0,0,0,0,0,0,0,0,0,0,0,0,0,0,0,1053
9/1/2026,2025,20260903,47900,39676,OKLAHOMA GAS GATHERING LLC,Natural Gas,INTRASTATE,OKLAHOMA,,0,,,,,,0,0,0,,,0,,,,,,0,0,0,,,0,,,,,,0,0,0,,,0,,,,,,0,0,0,,,0,,,,,,0,0,0,,,0,,,,,,0,0,0,,,0,,,,,,0,0,0,,,0,,,,,,0,1,0,,,0,,,,,,0,0,0,,,0,,,,,,0,0,0,,,0,,,,,,0,0,0,,,0,,,,,,0,0,0,,,0,,,,,,0,0,0,,,0,,,,,,0,1,0,,,0,,,0,0,0,,,0,0,,,,,,,,,,,,,,,,,,,,,,,,,,,,,,,,,,,,,,,,,,,,,,,,,,,,,,,,,1,,,,,1,1,13447
9/1/2026,2025,20260257,47215,39677,"KC MIDSTREAM SOLUTIONS, LLC",Natural Gas,INTRASTATE,PENNSYLVANIA,,0,,,,,,0,,,,,0,,,,,,0,,,,,0,,,,,,0,,,,,0,,,,,,0,,,,,0,,,,,,0,,,,,0,,,,,,0,,,,,0,,,,,,0,,,,,0,,,,,,0,,,,,0,,,,,,0,,,,,0,,,,,,0,,,,,0,,,,,,0,,,,,0,,,,,,0,,,,,0,,,,,,0,,,,,0,,,,,,0,,,,,0,,,0,,,,,0,0,,,,,,,,,,,,,,,,,,,,,,,,,,,,,,,0,,,,,,,,,,,,,,,,,,,,,,,,,,,,,,,,0,0
9/1/2026,2025,20260004,46944,39697,GOLDEN GAS SERVICE COMPANY,Natural Gas,INTRASTATE,OKLAHOMA,0,0,0,0,0,0,0,0,0,0,0,0,0,0,0,0,0,0,0,0,0,0,0,0,0,0,0,0,0,0,0,0,0,0,0,0,0,0,0,0,0,0,0,0,0,0,0,0,0,0,0,0,0,0,0,0,0,0,0,0,0,0,0,0,0,0,0,0,0,0,0,0,0,0,0,0,0,0,0,0,0,0,0,0,0,0,0,0,0,0,0,0,0,0,0,0,0,0,0,0,0,0,0,0,0,0,0,0,0,0,0,0,0,0,0,0,0,0,0,0,0,0,0,0,0,0,0,0,0,0,0,0,0,0,0,0,0,0,0,0,0,0,0,0,0,0,0,0,0,0,0,0,0,0,0,,0,,,,,,0,,0,0,0,0,0,0,0,0,0,0,0,0,0,0,0,0,0,0,0,0,0,0,0,0,0,0,0,0,0,0,0,0,13,,,,,,,,,,,,,,,,,,,,,,,,,,,,,,,,
9/1/2026,2025,20261379,48394,39698,EXTEX OPERATING COMPANY,Natural Gas,INTRASTATE,LOUISIANA,,0,,,,,,0,,,,,0,,,,,,0,,,,,0,,,,,,0,,,,,0,,,,,,0,,,,,0,,,,,,0,,,,,0,,,,,,0,,,,,0,,,,,,0,,,,,0,,,,,,0,,,,,0,,,,,,0,,,,,0,,,,,,0,,,,,0,,,,,,0,,,,,0,,,,,,0,,,,,0,,,,,,0,,,,,0,,,,,,0,,,,,0,,,0,,,,,0,0,,,,,,,,,,,,,,,,,,,,,,,,,,,,,,,0,,,,,,,,,,,,,,,,,,,,,,,,,,,,,,,,0,0
9/1/2026,2025,20260853,47849,39701,"BOARDWALK TEXAS INTRASTATE, LLC",Natural Gas,INTRASTATE,TEXAS,0,0,0,1,,,0,0,0,0,,0,0,0,0,,,0,0,0,0,,0,0,0,0,,,0,0,0,0,,0,0,0,0,,,0,0,0,0,,0,0,0,0,,,0,0,0,0,,0,0,0,0,,,0,0,0,0,,0,0,0,0,,,0,0,0,0,,0,0,0,0,,,0,0,0,0,,0,0,0,0,,,0,0,0,0,,0,0,0,0,,,0,0,0,0,,0,0,0,0,,,0,0,0,0,,0,0,0,0,,,0,0,0,0,,0,0,0,0,,,0,0,0,0,,0,0,0,1,,0,,0,0,0,,,,,,,,,,,,,,,,,,,,,,,,,,,,,,,,,,,,,,,,,,,0,1825,,,,,,,,,,,,,,,,,,,,,,,,,,,,,,,0,120
9/1/2026,2025,20260045,47308,39702,PIN OAK ENERGY PARTNERS LLC,Natural Gas,INTRASTATE,OHIO,,0,0,0,,,,,0,0,,,0,0,0,,,,,0,0,,,0,0,0,,,,,0,0,,,0,0,0,,,,,0,0,,,0,0,0,,,,,0,0,,,0,0,0,,,,,0,0,,,0,0,0,,,,,0,0,,,0,0,0,,,,,0,0,,,0,0,0,,,,,0,0,,,0,0,0,,,,,0,0,,,0,0,0,,,,,0,0,,,0,0,0,,,,,0,0,,,0,0,0,,,,,0,0,,,0,0,0,,,,,0,0,,,0,,,,0,0,,,0,0,0,0,0,0,0,0,0,0,0,0,0,0,0,0,0,0,0,0,0,0,0,0,0,0,0,0,0,0,0,0,0,0,0,0,0,0,0,0,0,0,0,0,0,0,0,0,0,0,0,0,0,0,0,0,0,0,0,0,0,0,,0,0,0
9/1/2026,2025,20260045,47308,39702,PIN OAK ENERGY PARTNERS LLC,Natural Gas,INTRASTATE,PENNSYLVANIA,0,0,0,0,,,0,0,0,0,,0,0,0,0,,,0,0,0,0,,0,0,0,0,,,0,0,0,0,,0,0,0,0,,,0,0,0,0,,0,0,0,0,,,0,0,0,0,,0,0,0,0,,,0,0,0,0,,0,0,0,0,,,0,0,0,0,,0,0,0,0,,,0,0,0,0,,0,0,0,0,,,0,0,0,0,,0,0,0,0,,,0,0,0,0,,0,0,0,0,,,0,0,0,0,,0,0,0,0,,,0,0,0,0,,0,0,0,0,,,0,0,0,0,,0,0,0,0,,0,,0,0,0,,0,0,0,,0,0,0,,0,0,0,0,0,0,0,0,0,0,0,0,0,0,0,0,0,0,0,0,0,0,0,0,0,0,0,0,0,0,0,0,0,0,0,0,0,0,0,0,0,0,0,0,0,0,0,0,0,0,0,0,0,0,0,0,0,0,0,0,0,0,0,0,0,0,0
9/1/2026,2025,20261041,48046,39704,"KIOWA POWER PARTNERS, LLC",Natural Gas,INTRASTATE,OKLAHOMA,0,0,0,0,0,0,0,0,0,0,0,0,0,0,0,0,0,0,0,0,0,0,0,0,0,0,0,0,0,0,0,0,0,0,0,0,0,0,0,0,0,0,0,0,0,0,0,0,0,0,0,0,0,0,0,0,0,0,0,0,0,0,0,0,0,0,0,0,0,0,0,0,0,0,0,0,0,0,0,0,0,0,0,0,0,0,0,0,0,0,0,0,0,0,0,0,0,0,0,0,0,0,0,0,0,0,0,0,0,0,0,0,0,0,0,0,0,0,0,0,0,0,0,0,0,0,0,0,0,0,0,0,0,0,0,0,0,0,0,0,0,0,0,0,0,0,0,0,0,0,0,0,0,0,0,,0,0,0,0,0,0,0,0,0,,,,,,,,,,,,,,,,,,,,,,,,,,,,,,,0,1,,,,,,,,,,,,,,,,,,,,,,,,,,,,,,,0,
9/1/2026,2025,20261200,48213,39705,IACX ROSWELL LLC,Natural Gas,INTRASTATE,NEW MEXICO,,,,,,,,,,,,,,,,,,,,,,,,,,,,,,,,,,,,,,,,,,,,,,,,,,,,,,,,,,,,,,,,,,,,,,,,,,,,,,,,,,,,,,,,,,,,,,,,,,,,,,,,,,,,,,,,,,,,,,,,,,,,,,,,,,,,,,,,,,,,,,,,,,,,,,,,,,,,,,,,,,,,,,,,,,,,,,,,,,,,,,,,,,,,,,,,,,,,,,0,0,0,0,0,0,0,0,0,0,0,0,0,0,0,0,0,0,0,0,0,0,0,0,0,0,0,0,0,0,0,0
9/1/2026,2025,20260343,47305,39708,"SYDRI OPERATING, INC.",Natural Gas,INTRASTATE,TEXAS,,0,,,,,,0,0,0,,,0,,,,,,0,0,0,,,0,,,,,,0,0,0,,,0,,,,,,0,0,0,,,0,,,,,,0,0,0,,,0,,,,,,0,0,0,,,0,,,,,,0,0,0,,,0,,,,,,0,0,0,,,0,,,,,,0,0,0,,,0,,,,,,0,0,0,,,0,,,,,,0,0,0,,,0,,,,,,0,0,0,,,0,,,,,,0,0,0,,,0,,,,,,0,0,0,,,0,,,0,0,0,,,0,0,,,,,,,,,,,,,,,,,,,,,,,,,,,,,,,,,,,,,,,,,,,,,,,,,,,,,,,,,,,,,,,0,1539
9/1/2026,2025,20260639,47624,39710,ROCKY MOUNTAIN MIDSTREAM LLC,Natural Gas,INTRASTATE,COLORADO,0,0,0,0,0,0,0,0,0,0,0,0,0,0,0,0,0,0,0,0,0,0,0,0,0,0,0,0,0,0,0,0,0,0,0,0,0,0,0,0,0,0,0,0,0,0,0,0,0,0,0,0,0,0,0,0,0,0,0,0,0,0,0,0,0,0,0,0,0,0,0,0,0,0,0,1,0,0,0,0,0,0,0,0,0,0,0,0,0,0,0,0,0,0,0,0,0,0,0,0,0,0,0,0,0,0,0,0,0,0,0,0,0,0,0,0,0,0,0,0,0,0,0,0,0,0,0,0,0,0,0,0,0,0,0,0,0,0,0,0,0,0,0,0,0,0,0,0,0,0,0,0,1,0,,,,,,,,,,,,,,,,,,,,,,,,,,,,,,,,,,,,,,,,,,,,,,,,,,,,,,,,,,,,,,,,,,,,,,,,,,0,0
9/1/2026,2025,20260219,47177,39711,OGRIS OPERATING,Natural Gas,INTRASTATE,COLORADO,0,0,0,0,,,0,,,,,0,0,0,0,,,0,,,,,0,0,0,0,,,0,,,,,0,0,0,0,,,0,,,,,0,0,0,0,,,0,,,,,0,0,0,0,,,0,,,,,0,0,0,0,,,0,,,,,0,0,0,0,,,0,,,,,0,0,0,0,,,0,,,,,0,0,0,0,,,0,,,,,0,0,0,0,,,0,0,0,0,0,0,0,0,0,,,0,0,0,0,0,0,0,0,0,,,0,0,0,0,0,0,0,0,0,,0,,0,0,0,0,0,,0,,,,,,0,,0,,,,,,,,,,,,,,,,,,,,,,,,,,,,,,,0,0,,,,,,,,,,,,,,,,,,,,,,,,,,,,,,,0,
9/1/2026,2025,20260324,47284,39714,CAMS MIDSTREAM,Natural Gas,INTRASTATE,LOUISIANA,0,0,0,0,,,0,,,,,0,0,0,0,,,0,,,,,0,0,0,0,,,0,,,,,0,0,0,0,,,0,,,,,0,0,0,0,,,0,,,,,0,0,0,0,,,0,,,,,0,0,0,0,,,0,,,,,0,0,0,0,,,0,,,,,0,0,0,0,,,0,,,,,0,0,0,0,,,0,,,,,0,0,0,0,,,0,0,0,0,0,0,0,0,0,,,0,0,0,0,0,0,0,0,0,,,0,0,0,0,0,0,0,0,0,,0,,0,0,0,0,0,,0,,,,,,0,,0,,,,,,,,,,,,,,,,,,,,,,,,,,,,,,,0,160,,,,,,,,,,,,,,,,,,,,,,,,,,,,,,,,
9/1/2026,2025,20261218,48231,39715,CNX MIDSTREAM PARTNERS LP,Natural Gas,INTRASTATE,PENNSYLVANIA,0,0,0,0,0,0,0,0,0,0,0,0,0,0,0,0,0,0,0,0,0,0,0,0,0,0,0,0,0,0,0,0,0,0,0,0,0,0,0,0,0,0,0,0,0,0,0,0,0,0,0,0,0,0,0,0,0,0,0,0,0,0,0,0,0,0,0,0,0,0,0,0,0,0,0,2,0,0,0,0,0,0,0,0,0,0,0,0,0,0,0,0,0,0,0,0,0,0,0,0,0,0,0,0,0,0,0,0,0,0,0,0,0,0,0,0,0,0,0,0,0,0,0,0,0,0,0,0,0,0,0,0,0,0,0,0,0,0,0,0,0,0,0,0,0,0,0,0,0,0,0,0,2,0,,0,,,0,0,0,,,0,0,,,,,,,,,,,,,,,,,,,,,,,,,,,,,,,0,,,,,,,,,,,,,,,,,,,,,,,,,,,,,,,,0,869
9/1/2026,2025,20261218,48231,39715,CNX MIDSTREAM PARTNERS LP,Natural Gas,INTRASTATE,WEST VIRGINIA,,0,,,,,,,,0,,,0,,,,,,,,0,,,0,,,,,,,,0,,,0,,,,,,,,0,,,0,,,,,,,,0,,,0,,,,,,,,2,,,0,,,,,,,,0,,,0,,,,,,,,0,,,0,,,,,,,,0,,,0,,,,,,,,0,,,0,,,,,,,,0,,,0,,,,,,,,0,,,0,,,,,,,,0,,,0,,,,,,,,2,,,0,,,,,0,,,0,0,,,,,,,,,,,,,,,,,,,,,,,,,,,,,,,,,,,,,,,,,,,,,,,,,,,,,,,,,,,,,,,0,382
9/1/2026,2025,20260916,47913,39728,"MIDSHIP PIPELINE COMPANY, LLC",Natural Gas,INTERSTATE,OKLAHOMA,0,0,0,0,,,0,,,,,0,0,0,0,,,0,,,,,0,0,0,0,,,0,,,,,0,0,0,0,,,0,,,,,0,0,0,0,,,0,,,,,0,0,0,0,,,0,,,,,0,0,0,0,,,0,,,,,0,0,0,0,,,0,,,,,0,0,0,0,,,0,,,,,0,0,0,0,,,0,,,,,0,0,0,0,,,0,0,0,0,0,0,0,0,0,,,0,0,0,0,0,0,0,0,0,,,0,0,0,0,0,0,0,0,0,,0,,0,0,0,0,0,,0,,,,,,0,,0,,,,,,,,,,,,,,,,,,,,,,,,,,,,,,,0,2273,,,,,,,,,,,,,,,,,,,,,,,,,,,,,,,,
9/1/2026,2025,20260111,47065,39730,MELISSA RENEWABLES,Natural Gas,INTRASTATE,TEXAS,0,0,0,0,,,0,,,,,0,0,0,0,,,0,,,,,0,0,0,0,,,0,,,,,0,0,0,0,,,0,,,,,0,0,0,0,,,0,,,,,0,0,0,0,,,0,,,,,0,0,0,0,,,0,,,,,0,0,0,0,,,0,,,,,0,0,0,0,,,0,,,,,0,0,0,0,,,0,,,,,0,0,0,0,,,0,0,0,0,0,0,0,0,0,,,0,0,0,0,0,0,0,0,0,,,0,0,0,0,0,0,0,0,0,,0,,0,0,0,0,0,,0,,,,,,0,,0,,,,,,,,,,,,,,,,,,,,,,,,,,,,,,,0,589,,,,,,,,,,,,,,,,,,,,,,,,,,,,,,,,
9/1/2026,2025,20260232,47190,39733,"OHIO POWER PARTNERS, LLC.",Natural Gas,INTRASTATE,OHIO,0,0,0,0,0,0,0,0,0,0,0,0,0,0,0,0,0,0,0,0,0,0,0,0,0,0,0,0,0,0,0,0,0,0,0,0,0,0,0,0,0,0,0,0,0,0,0,0,0,0,0,0,0,0,0,0,0,0,0,0,0,0,0,0,0,0,0,0,0,0,0,0,0,0,0,0,0,0,0,0,0,0,0,0,0,0,0,0,0,0,0,0,0,0,0,0,0,0,0,0,0,0,0,0,0,0,0,0,0,0,0,0,0,0,0,0,0,0,0,0,0,0,0,0,0,0,0,0,0,0,0,0,0,0,0,0,0,0,0,0,0,0,0,0,0,0,0,0,0,0,0,0,0,0,0,,0,0,0,0,0,0,0,0,0,,,,,,,,,,,,,,,,,,,,,,,,,,,,,,,0,2,,,,,,,,,,,,,,,,,,,,,,,,,,,,,,,0,
9/1/2026,2025,20260542,47522,39741,"VENTURE OIL & GAS, INC.",Natural Gas,INTRASTATE,MISSISSIPPI,0,0,0,0,0,0,0,0,0,0,0,0,0,0,0,0,0,0,0,0,0,0,0,0,0,0,0,0,0,0,0,0,0,0,0,0,0,0,0,0,0,0,0,0,0,0,0,0,0,0,0,0,0,0,0,0,0,0,0,0,0,0,0,0,0,0,0,0,0,0,0,0,0,0,0,0,0,0,0,0,0,0,0,0,0,0,0,0,0,0,0,0,0,0,0,0,0,0,0,0,0,0,0,0,0,0,0,0,0,0,0,0,0,0,0,0,0,0,0,0,0,0,0,0,0,0,0,0,0,0,0,0,0,0,0,0,0,0,0,0,0,0,0,0,0,0,0,0,0,0,0,0,0,0,0,,0,0,0,0,0,0,0,0,0,,,,,,,,,,,,,,,,,,,,,,,,,,,,,,,0,1,,,,,,,,,,,,,,,,,,,,,,,,,,,,,,,0,
9/1/2026,2025,20261366,48380,39746,ELEVATION MIDSTREAM,Natural Gas,INTRASTATE,COLORADO,0,0,0,0,0,0,0,0,0,0,0,0,0,0,0,0,0,0,0,0,0,0,0,0,0,0,0,0,0,0,0,0,0,0,0,0,0,0,0,0,0,0,0,0,0,0,0,0,0,0,0,0,0,0,0,0,0,0,0,0,0,0,0,0,0,0,0,0,0,0,0,0,0,0,0,0,0,0,0,0,0,0,0,0,0,0,0,0,0,0,0,0,0,0,0,0,0,0,0,0,0,0,0,0,0,0,0,0,0,0,0,0,0,0,0,0,0,0,0,0,0,0,0,0,0,0,0,0,0,0,0,0,0,0,0,0,0,0,0,0,0,0,0,0,0,0,0,0,0,0,0,0,0,0,,0,0,0,0,0,0,0,0,0,0,,,,,,,,,,,,,,,,,,,,,,,,,,,,,,,0,,,,,,,,,,,,,,,,,,,,,,,,,,,,,,,,0,6612
9/1/2026,2025,20260735,47722,39750,"GREYLOCK MIDSTREAM, LLC",Natural Gas,INTRASTATE,PENNSYLVANIA,0,0,0,0,0,0,0,0,0,0,0,0,0,0,0,0,0,0,0,0,0,0,0,0,0,0,0,0,0,0,0,0,0,0,0,0,0,0,0,0,0,0,0,0,0,0,0,0,0,0,0,0,0,0,0,0,0,0,0,0,0,0,0,0,0,0,0,0,0,0,0,0,0,0,0,0,0,0,0,0,0,0,0,0,0,0,0,0,0,0,0,0,0,0,0,0,0,0,0,0,0,0,0,0,0,0,0,0,0,0,0,0,0,0,0,0,0,0,0,0,0,0,0,0,0,0,0,0,0,0,0,0,0,0,0,0,0,0,0,0,0,0,0,0,0,0,0,0,0,0,0,0,0,0,0,0,0,0,0,0,0,0,0,0,0,,,,,,,,,,,,,,,,,,,,,,,,,,,,,,,0,168,,,,,,,,,,,,,,,,,,,,,,,,,,,,,,,0,168
9/1/2026,2025,20260697,47683,39751,"GREYLOCK PRODUCTION, LLC",Natural Gas,INTRASTATE,KENTUCKY,0,0,0,0,0,0,0,0,1,0,0,0,0,0,0,0,0,0,0,0,0,0,0,0,0,0,0,0,0,0,0,0,0,0,0,0,0,0,0,0,0,0,0,0,0,0,0,0,0,0,0,0,0,0,0,0,0,0,0,0,0,0,0,0,0,0,0,0,0,0,0,0,0,0,0,0,0,0,0,0,0,0,0,0,0,0,0,0,0,0,0,0,0,0,0,0,0,0,0,0,0,0,0,0,0,0,0,0,0,0,0,0,0,0,0,0,0,0,0,0,0,0,0,0,0,0,0,0,0,0,0,0,0,0,0,0,0,0,0,0,0,0,0,0,0,0,0,0,0,0,0,1,0,0,,1,0,0,0,0,0,0,0,0,0,,,,,,,,,,,,,,,,,,,,,,,,,,,,,,,0,,,,,,,,,,,,,,,,,,,,,,,,,,,,,,,,0,140
9/1/2026,2025,20260697,47683,39751,"GREYLOCK PRODUCTION, LLC",Natural Gas,INTRASTATE,PENNSYLVANIA,0,0,0,0,0,0,0,0,0,0,0,0,0,0,0,0,0,0,0,0,0,0,0,0,0,0,0,0,0,0,0,0,0,0,0,0,0,0,0,0,0,0,0,0,0,0,0,0,0,0,0,0,0,0,0,0,0,0,0,0,0,0,0,0,0,0,0,0,0,0,0,0,0,0,0,0,0,0,0,0,0,0,0,0,0,0,0,0,0,0,0,0,0,0,0,0,0,0,0,0,0,0,0,0,0,0,0,0,0,0,0,0,0,0,0,0,0,0,0,0,0,0,0,0,0,0,0,0,0,0,0,0,0,0,0,0,0,0,0,0,0,0,0,0,0,0,0,0,0,0,0,0,0,0,0,0,0,0,0,0,0,0,0,0,0,,,,,,,,,,,,,,,,,,,,,,,,,,,,,,,0,0,,,,,,,,,,,,,,,,,,,,,,,,,,,,,,,0,1451
9/1/2026,2025,20260697,47683,39751,"GREYLOCK PRODUCTION, LLC",Natural Gas,INTRASTATE,UTAH,0,0,0,0,0,0,0,0,0,0,0,0,0,0,0,0,0,0,0,0,0,0,0,0,0,0,0,0,0,0,0,0,0,0,0,0,0,0,0,0,0,0,0,0,0,0,0,0,0,0,0,0,0,0,0,0,0,0,0,0,0,0,0,0,0,0,0,0,0,0,0,0,0,0,0,0,0,0,0,0,0,0,0,0,0,0,0,0,0,0,0,0,0,0,0,0,0,0,0,0,0,0,0,0,0,0,0,0,0,0,0,0,0,0,0,0,0,0,0,0,0,0,0,0,0,0,0,0,0,0,0,0,0,0,0,0,0,0,0,0,0,0,0,0,0,0,0,0,0,0,0,0,0,0,,0,0,0,0,0,0,0,0,0,0,,,,,,,,,,,,,,,,,,,,,,,,,,,,,,,0,,,,,,,,,,,,,,,,,,,,,,,,,,,,,,,,0,251
9/1/2026,2025,20260697,47683,39751,"GREYLOCK PRODUCTION, LLC",Natural Gas,INTRASTATE,WEST VIRGINIA,0,0,0,0,0,0,0,0,1,0,0,0,0,0,0,0,0,0,0,0,0,0,0,0,0,0,0,0,0,0,0,0,0,0,0,0,0,0,0,0,0,0,0,0,0,0,0,0,0,0,0,0,0,0,0,0,0,0,0,0,0,0,0,1,0,0,0,0,0,0,0,0,0,0,0,0,0,0,0,0,0,0,0,0,0,0,0,0,0,0,0,0,0,0,0,0,0,0,0,0,0,0,0,0,0,0,0,0,0,0,0,0,0,0,0,0,0,0,0,0,0,0,0,0,0,0,0,0,0,0,0,0,0,0,0,0,0,0,0,0,0,0,0,0,0,0,0,0,0,0,0,2,0,0,,1,0,0,0,0,0,0,0,0,0,,,,,,,,,,,,,,,,,,,,,,,,,,,,,,,0,,,,,,,,,,,,,,,,,,,,,,,,,,,,,,,,0,2569
9/1/2026,2025,20260323,47283,39752,"STAKEHOLDER GAS UTILITY, LLC",Natural Gas,INTRASTATE,TEXAS,0,0,0,0,0,0,0,0,0,0,0,0,0,0,0,0,0,0,0,0,0,0,0,0,0,0,0,0,0,0,0,0,0,0,0,0,0,0,0,0,0,0,0,0,0,0,0,0,0,0,0,0,0,0,0,0,0,0,0,0,0,0,0,0,0,0,0,0,0,0,0,0,0,0,0,0,0,0,0,0,0,0,0,0,0,0,0,0,0,0,0,0,0,0,0,0,0,0,0,0,0,0,0,0,0,0,0,0,0,0,0,0,0,0,0,0,0,0,0,0,0,0,0,0,0,0,0,0,0,0,0,0,0,0,0,0,0,0,0,0,0,0,0,0,0,0,0,0,0,0,0,0,0,0,0,,0,0,0,0,0,0,0,0,0,,,,,,,,,,,,,,,,,,,,,,,,,,,,,,,0,41,,,,,,,,,,,,,,,,,,,,,,,,,,,,,,,0,
9/1/2026,2025,20260640,47625,39753,WILLIAMS FRONT RANGE LLC,Natural Gas,INTRASTATE,COLORADO,,,,,,,,0,0,0,,,,,,,,,0,0,0,,,,,,,,,0,0,0,,,,,,,,,0,0,0,,,,,,,,,0,0,1,,,,,,,,,0,0,2,,,,,,,,,0,0,0,,,,,,,,,0,0,0,,,,,,,,,0,0,0,,,,,,,,,0,0,0,,,,,,,,,0,0,0,,,,,,,,,0,0,0,,,,,,,,,0,0,0,,,,,,,,,0,0,3,,,,,,,,,,,,,,,,,,,,,,,,,,,,,,,,,,,,,,,,,,,,,,,,,,,,,,,,,,,,,,,,,,,,,,,,,,,0,91
9/1/2026,2025,20260643,47628,39755,WOODWAY BLUEBONNET PIPELINE LLC,Natural Gas,INTRASTATE,TEXAS,0,0,0,0,0,0,0,0,0,0,0,0,0,0,0,0,0,0,0,0,0,0,0,0,0,0,0,0,0,0,0,0,0,0,0,0,0,0,0,0,0,0,0,0,0,0,0,0,0,0,0,0,0,0,0,0,0,0,0,0,0,0,0,0,0,0,0,0,0,0,0,0,0,0,0,0,0,0,0,0,0,0,0,0,0,0,0,0,0,0,0,0,0,0,0,0,0,0,0,0,0,0,0,0,0,0,0,0,0,0,0,0,0,0,0,0,0,0,0,0,0,0,0,0,0,0,0,0,0,0,0,0,0,0,0,0,0,0,0,0,0,0,0,0,0,0,0,0,0,0,0,0,0,0,0,,0,0,0,0,0,0,0,0,0,0,0,0,0,0,0,0,0,0,0,0,0,0,0,0,0,0,0,0,0,0,0,0,0,0,0,0,0,0,0,0,665,,,,,,,,,,,,,,,,,,,,,,,,,,,,,,,0,
9/1/2026,2025,20260405,47370,39757,"GENERATION PIPELINE, LLC",Natural Gas,INTRASTATE,OHIO,,,,,,,,,,,,,,,,,,,,,,,,,,,,,,,,,,,,,,,,,,,,,,,,,,,,,,,,,,,,,,,,,,,,,,,,,,,,,,,,,,,,,,,,,,,,,,,,,,,,,,,,,,,,,,,,,,,,,,,,,,,,,,,,,,,,,,,,,,,,,,,,,,,,,,,,,,,,,,,,,,,,,,,,,,,,,,,,,,,,,,,,,,,,,,,,,,,,0,1490,,,,,,,,,,,,,,,,,,,,,,,,,,,,,,,,
9/1/2026,2025,20260100,47054,39759,"IRON HORSE MIDSTREAM, LLC",Natural Gas,INTRASTATE,OKLAHOMA,0,0,0,0,0,0,0,0,0,0,0,0,0,0,0,0,0,0,0,0,0,0,0,0,0,0,0,0,0,0,0,0,0,0,0,0,0,0,0,0,0,0,0,0,0,0,0,0,0,0,0,0,0,0,0,0,0,0,0,0,0,0,0,0,0,0,0,0,0,0,0,0,0,0,0,0,0,0,0,0,0,0,0,0,0,0,0,0,0,0,0,0,0,0,0,0,0,0,0,0,0,0,0,0,0,0,0,0,0,0,0,0,0,0,0,0,0,0,0,0,0,0,0,0,0,0,0,0,0,0,0,0,0,0,0,0,0,0,0,0,0,0,0,0,0,0,0,0,0,0,0,0,0,0,0,0,0,0,0,0,0,0,0,0,0,,,,,,,,,,,,,,,,,,,,,,,,,,,,,,,0,58,,,,,,,,,,,,,,,,,,,,,,,,,,,,,,,0,5410
9/1/2026,2025,20260505,47478,39760,"DOW INFRACO, LLC - SDO",Natural Gas,INTRASTATE,TEXAS,0,0,0,0,,,0,,,,,0,0,0,0,,,0,,,,,0,0,0,0,,,0,,,,,0,0,0,0,,,0,,,,,0,0,0,0,,,0,,,,,0,0,0,0,,,0,,,,,0,0,0,0,,,0,,,,,0,0,0,0,,,0,,,,,0,0,0,0,,,0,,,,,0,0,0,0,,,0,,,,,0,0,0,0,,,0,0,0,0,0,0,0,0,0,,,0,0,0,0,0,0,0,0,0,,,0,0,0,0,0,0,0,0,0,,0,,0,0,0,0,0,,0,,,,,,0,,0,0,0,0,0,0,0,0,0,0,0,0,0,0,0,0,0,0,0,0,0,0,0,0,0,0,0,0,0,0,0,0,0,,,,,,,,,,,,,,,,,,,,,,,,,,,,,,,,
9/1/2026,2025,20260504,47477,39760,"DOW INFRACO, LLC - SDO",Other Gas-Ethylene,INTRASTATE,TEXAS,0,0,0,0,,,0,,,,,0,0,0,0,,,0,,,,,0,0,0,0,,,0,,,,,0,0,0,0,,,0,,,,,0,0,0,0,,,0,,,,,0,0,0,0,,,0,,,,,0,0,0,0,,,0,,,,,0,0,0,0,,,0,,,,,0,0,0,0,,,0,,,,,0,0,0,0,,,0,,,,,0,0,0,0,,,0,,,,,0,0,0,0,,,0,,,,,0,0,0,0,,,0,,,,,0,0,0,0,,0,,,,,,0,,0,,,,,,0,,0,0,0,0,0,0,0,0,0,0,0,0,0,0,0,0,0,0,0,0,0,0,0,0,0,0,0,0,0,0,0,0,0,,,,,,,,,,,,,,,,,,,,,,,,,,,,,,,0,
9/1/2026,2025,20260476,47443,39773,ANHEUSER-BUSCH LLC,Other Gas-Biogas,INTRASTATE,GEORGIA,0,0,0,0,0,0,0,0,0,0,0,0,0,0,0,0,0,0,0,0,0,0,0,0,0,0,0,0,0,0,0,0,0,0,0,0,0,0,0,0,0,0,0,0,0,0,0,0,0,0,0,0,0,0,0,0,0,0,0,0,0,0,0,0,0,0,0,0,0,0,0,0,0,0,0,0,0,0,0,0,0,0,0,0,0,0,0,0,0,0,0,0,0,0,0,0,0,0,0,0,0,0,0,0,0,0,0,0,0,0,0,0,0,0,0,0,0,0,0,0,0,0,0,0,0,0,0,0,0,0,0,0,0,0,0,0,0,0,0,0,0,0,0,0,0,0,0,0,0,0,0,0,0,0,0,,0,0,0,0,0,0,0,0,0,0,0,0,0,0,0,0,0,0,0,0,0,0,0,0,0,0,0,0,0,0,0,0,0,0,0,0,0,0,0,0,81,,,,,,,,,,,,,,,,,,,,,,,,,,,,,,,0,
9/1/2026,2025,20261209,48550,39776,IBEX MIDSTREAM LLC,Natural Gas,INTRASTATE,LOUISIANA,0,0,0,0,0,0,0,0,0,0,0,0,0,0,0,0,0,0,0,0,0,0,0,0,0,0,0,0,0,0,0,0,0,0,0,0,0,0,0,0,0,0,0,0,0,0,0,0,0,0,0,0,0,0,0,0,0,0,0,0,0,0,0,0,0,0,0,0,0,0,0,0,0,0,0,0,0,0,0,0,0,0,0,0,0,0,0,0,0,0,0,0,0,0,0,0,0,0,0,0,0,0,0,0,0,0,0,0,0,0,0,0,0,0,0,0,0,0,0,0,0,0,0,0,0,0,0,0,0,0,0,0,0,0,0,0,0,0,0,0,0,0,0,0,0,0,0,0,0,0,0,0,0,0,,0,0,0,0,0,0,0,0,0,0,,,,,,,,,,,,,,,,,,,,,,,,,,,,,,,0,,,,,,,,,,,,,,,,,,,,,,,,,,,,,,,,0,3665
9/1/2026,2025,20260238,47196,39779,"SEABREEZE ENERGY PRODUCERS, LLC",Natural Gas,INTRASTATE,TEXAS,0,0,0,0,0,0,0,0,0,0,0,0,0,0,0,0,0,0,0,0,0,0,0,0,0,0,0,0,0,0,0,0,0,0,0,0,0,0,0,0,0,0,0,0,0,0,0,0,0,0,0,0,0,0,0,0,0,0,0,0,0,0,0,0,0,0,0,0,0,0,0,0,0,0,0,0,0,0,0,0,0,0,0,0,0,0,0,0,0,0,0,0,0,0,0,0,0,0,0,0,0,0,0,0,0,0,0,0,0,0,0,0,0,0,0,0,0,0,0,0,0,0,0,0,0,0,0,0,0,0,0,0,0,0,0,0,0,0,0,0,0,0,0,0,0,0,0,0,0,0,0,0,0,0,0,,0,0,0,0,0,0,0,0,0,,,,,,,,,,,,,,,,,,,,,,,,,,,,,,,0,257,,,,,,,,,,,,,,,,,,,,,,,,,,,,,,,0,
9/1/2026,2025,20261327,48340,39784,"AVOCET LNG, LLC",Natural Gas,INTERSTATE,LOUISIANA,0,0,0,0,0,0,0,0,0,0,0,0,0,0,0,0,0,0,0,0,0,0,0,0,0,0,0,0,0,0,0,0,0,0,0,0,0,0,0,0,0,0,0,0,0,0,0,0,0,0,0,0,0,0,0,0,0,0,0,0,0,0,0,0,0,0,0,0,0,0,0,0,0,0,0,0,0,0,0,0,0,0,0,0,0,0,0,0,0,0,0,0,0,0,0,0,0,0,0,0,0,0,0,0,0,0,0,0,0,0,0,0,0,0,0,0,0,0,0,0,0,0,0,0,0,0,0,0,0,0,0,0,0,0,0,0,0,0,0,0,0,0,0,0,0,0,0,0,0,0,0,0,0,0,0,,0,0,0,0,0,0,0,0,0,0,,,,,0,,,,,,,,,,,,,,,,,,,,,,,,,0,26,,,,,,,,,,,,,,,,,,,,,,,,,,,,,,,0,
9/1/2026,2025,20261327,48340,39784,"AVOCET LNG, LLC",Natural Gas,INTERSTATE,OCS-Gulf of America,0,0,0,0,0,0,0,0,0,0,0,0,0,0,0,0,0,0,0,0,0,0,0,0,0,0,0,0,0,0,0,0,0,0,0,0,0,0,0,0,0,0,0,0,0,0,0,0,0,0,0,0,0,0,0,0,0,0,0,0,0,0,0,0,0,0,0,0,0,0,0,0,0,0,0,0,0,0,0,0,0,0,0,0,0,0,0,0,0,0,0,0,0,0,0,0,0,0,0,0,0,0,0,0,0,0,0,0,0,0,0,0,0,0,0,0,0,0,0,0,0,0,0,0,0,0,0,0,0,0,0,0,0,0,0,0,0,0,0,0,0,0,0,0,0,0,0,0,0,0,0,0,0,0,0,,0,0,0,0,0,0,0,0,0,0,,,,,0,,,,,,,,,,,,,,,,,,,,,,,,,0,0,,,,,,,,,,,,,,,,,,,,,,,,,,,,,,,0,
9/1/2026,2025,20260868,47864,39786,MARATHON OIL EF LLC,Natural Gas,INTRASTATE,TEXAS,0,0,0,0,0,0,0,0,0,0,0,0,0,0,0,0,0,0,0,0,0,0,0,0,0,0,0,0,0,0,0,0,0,0,0,0,0,0,0,0,0,0,0,0,0,0,0,0,0,0,0,0,0,0,0,0,0,0,0,0,0,0,0,0,0,0,0,0,0,0,0,0,0,0,0,0,0,0,0,0,0,0,0,0,0,0,0,0,0,0,0,0,0,0,0,0,0,0,0,0,0,0,0,0,0,0,0,0,0,0,0,0,0,0,0,0,0,0,0,0,0,0,0,0,0,0,0,0,0,0,0,0,0,0,0,0,0,0,0,0,0,0,0,0,0,0,0,0,0,0,0,0,0,0,,0,0,0,0,0,0,0,0,0,0,,,,,,,,,,,,,,,,,,,,,,,,,,,,,,,0,,,,,,,,,,,,,,,,,,,,,,,,,,,,,,,,0,4265
9/1/2026,2025,20260327,47287,39789,SABINE ETX GATHERING UTILITY,Natural Gas,INTRASTATE,TEXAS,0,0,0,0,0,0,0,0,0,0,0,0,0,0,0,0,0,0,0,0,0,0,0,0,0,0,0,0,0,0,0,0,0,0,0,0,0,0,0,0,0,0,0,0,0,0,0,0,0,0,0,0,0,0,0,0,0,0,0,0,0,0,0,0,0,0,0,0,0,0,0,0,0,0,0,0,0,0,0,0,0,0,0,0,0,0,0,0,0,0,0,0,0,0,0,0,0,0,0,0,0,0,0,0,0,0,0,0,0,0,0,0,0,0,0,0,0,0,0,0,0,0,0,0,0,0,0,0,0,0,0,0,0,0,0,0,0,0,0,0,0,0,0,0,0,0,0,0,0,0,0,0,0,0,,0,0,0,0,0,0,0,0,0,0,,,,,,,,,,,,,,,,,,,,,,,,,,,,,,,0,,0,0,0,0,0,0,0,0,0,0,0,0,0,0,0,0,0,0,0,0,0,0,0,0,0,0,0,0,0,0,0,2510
9/1/2026,2025,20260744,47732,39790,BKV OPERATING LLC,Natural Gas,INTRASTATE,PENNSYLVANIA,,0,,,,,,0,0,0,,,0,,,,,,0,0,0,,,0,,,,,,0,0,0,,,0,,,,,,0,0,0,,,0,,,,,,0,0,0,,,0,,,,,,0,0,0,,,0,,,,,,0,0,0,,,0,,,,,,0,0,0,,,0,,,,,,0,0,0,,,0,,,,,,0,0,0,,,0,,,,,,0,0,0,,,0,,,,,,0,0,0,,,0,,,,,,0,0,0,,,0,,,,,,0,0,0,,,0,,,0,0,0,,,0,0,,,,,,,,,,,,,,,,,,,,,,,,,,,,,,,,,,,,,,,,,,,,,,,,,,,,,,,,,,,,,,,0,849
9/1/2026,2025,20261425,48458,39791,"AMAROQ RESOURCES, LLC",Natural Gas,INTRASTATE,ALASKA,,0,,,,,,0,,,,,0,,,,,,0,,,,,0,,,,,,0,,,,,0,,,,,,0,,,,,0,,,,,,0,,,,,0,,,,,,0,,,,,0,,,,,,0,,,,,0,,,,,,0,,,,,0,,,,,,0,,,,,0,,,,,,0,,,,,0,,,,,,0,,,,,0,,,,,,0,,,,,0,,,,,,0,,,,,0,,,,,,0,,,,,0,,,0,,,,,0,0,,,,,,,,,,,,,,,,,,,,,,,,,,,,,,,0,,,,,,,,,,,,,,,,,,,,,,,,,,,,,,,,0,0
9/1/2026,2025,20260237,48526,39792,"EXCO APPALACHIA MIDSTREAM, LLC",Natural Gas,INTRASTATE,PENNSYLVANIA,0,0,0,0,0,0,0,0,0,0,0,0,0,0,0,0,0,0,0,0,0,0,0,0,0,0,0,0,0,0,0,0,0,0,0,0,0,0,0,0,0,0,0,0,0,0,0,0,0,0,0,0,0,0,0,0,0,0,0,0,0,0,0,0,0,0,0,0,0,0,0,0,0,0,0,0,0,0,0,0,0,0,0,0,0,0,0,0,0,0,0,0,0,0,0,0,0,0,0,0,0,0,0,0,0,0,0,0,0,0,0,0,0,0,0,0,0,0,0,0,0,0,0,0,0,0,0,0,0,0,0,0,0,0,0,0,0,0,0,0,0,0,0,0,0,0,0,0,0,0,0,0,0,0,,0,0,0,0,0,0,0,0,0,0,,,,,,,,,,,,,,,,,,,,,,,,,,,,,,,0,,,,,,,,,,,,,,,,,,,,,,,,,,,,,,,,0,0
9/1/2026,2025,20260477,47444,39793,ENERFIN GATHERING LLC,Natural Gas,INTRASTATE,OKLAHOMA,,0,,,,,,0,0,0,,,0,,,,,,0,0,0,,,0,,,,,,0,0,0,,,0,,,,,,0,0,0,,,0,,,,,,0,0,0,,,0,,,,,,0,0,0,,,0,,,,,,0,0,0,,,0,,,,,,0,0,0,,,0,,,,,,0,0,0,,,0,,,,,,0,0,0,,,0,,,,,,0,0,0,,,0,,,,,,0,0,0,,,0,,,,,,0,0,0,,,0,,,,,,0,0,0,,,0,,,0,0,0,,,0,0,,,,,,,,,,,,,,,,,,,,,,,,,,,,,,,,,,,,,,,,,,,,,,,,,,,,,,,,,,,,,,,0,26771
9/1/2026,2025,20261087,48096,39800,KUDU MIDSTREAM LLC,Natural Gas,INTRASTATE,TEXAS,0,0,0,0,0,0,0,0,0,0,0,0,0,0,0,0,0,0,0,0,0,0,0,0,0,0,0,0,0,0,0,0,0,0,0,0,0,0,0,0,0,0,0,0,0,0,0,0,0,0,0,0,0,0,0,0,0,0,0,0,0,0,0,0,0,0,0,0,0,0,0,0,0,0,0,0,0,0,0,0,0,0,0,0,0,0,0,0,0,0,0,0,0,0,0,0,0,0,0,0,0,0,0,0,0,0,0,0,0,0,0,0,0,0,0,0,0,0,0,0,0,0,0,0,0,0,0,0,0,0,0,0,0,0,0,0,0,0,0,0,0,0,0,0,0,0,0,0,0,0,0,0,0,0,,0,0,0,0,0,0,0,0,0,0,,,,,,,,,,,,,,,,,,,,,,,,,,,,,,,0,,,,,,,,,,,,,,,,,,,,,,,,,,,,,,,,0,1680
9/1/2026,2025,20260078,47032,39801,"ELITE OCTANE, LLC",Natural Gas,INTRASTATE,IOWA,0,0,0,0,,,0,,,,,0,0,0,0,,,0,,,,,0,0,0,0,,,0,,,,,0,0,0,0,,,0,,,,,0,0,0,0,,,0,,,,,0,0,0,0,,,0,,,,,0,0,0,0,,,0,,,,,0,0,0,0,,,0,,,,,0,0,0,0,,,0,,,,,0,0,0,0,,,0,,,,,0,0,0,0,,,0,0,0,0,0,0,0,0,0,,,0,0,0,0,0,0,0,0,0,,,0,0,0,0,0,0,0,0,0,,0,,0,0,0,0,0,,0,,,,,,0,,0,,,,,,,,,,,,,,,,,,,,,,,,,,,,,,,0,14,,,,,,,,,,,,,,,,,,,,,,,,,,,,,,,0,
9/1/2026,2025,20260012,46952,39802,"RH ENERGYTRANS, LLC",Natural Gas,INTERSTATE,OHIO,0,0,0,0,,,0,,,,,0,0,0,0,,,0,,,,,0,0,0,0,,,0,,,,,0,0,0,0,,,0,,,,,0,0,0,0,,,0,,,,,0,0,0,0,,,0,,,,,0,0,0,0,,,0,,,,,0,0,0,0,,,0,,,,,0,0,0,0,,,0,,,,,0,0,0,0,,,0,,,,,0,0,0,0,,,0,0,0,0,0,0,0,0,0,,,0,0,0,0,0,0,0,0,0,,,0,0,0,0,0,0,0,0,0,,0,,0,0,0,0,0,,0,,,,,,0,,0,,,,,,,,,,,,,,,,,,,,,,,,,,,,,,,0,88,,,,,,,,,,,,,,,,,,,,,,,,,,,,,,,,
9/1/2026,2025,20260012,46952,39802,"RH ENERGYTRANS, LLC",Natural Gas,INTERSTATE,PENNSYLVANIA,,,,,,,,,,,,,,,,,,,,,,,,,,,,,,,,,,,,,,,,,,,,,,,,,,,,,,,,,,,,,,,,,,,,,,,,,,,,,,,,,,,,,,,,,,,,,,,,,,,,,,,,,,,,,,,,,,,,,,,,,,,,,,,,,,,,,,,,,,,,,,,,,,,,,,,,,,,,,,,,,,,,,,,,,,,,,,,,,,,,,,,,,,,,,,,,,,,,0,236,,,,,,,,,,,,,,,,,,,,,,,,,,,,,,,,
9/1/2026,2025,20260243,47201,39808,JOHNS MANVILLE,Natural Gas,INTRASTATE,OHIO,0,0,0,0,,,0,,,,,0,0,0,0,,,0,,,,,0,0,0,0,,,0,,,,,0,0,0,0,,,0,,,,,0,0,0,0,,,0,,,,,0,0,0,0,,,0,,,,,0,0,0,0,,,0,,,,,0,0,0,0,,,0,,,,,0,0,0,0,,,0,,,,,0,0,0,0,,,0,,,,,0,0,0,0,,,0,,,,,0,0,0,0,,,0,,,,,0,0,0,0,,,0,,,,,0,0,0,0,,0,,,,,,0,,0,,,,,,0,,0,,,,,,,,,,,,,,,,,,,,,,,,,,,,,,,0,184,,,,,,,,,,,,,,,,,,,,,,,,,,,,,,,0,
9/1/2026,2025,20260518,47497,39809,KLICKITAT PUBLIC UTILITY DISTRICT,Natural Gas,INTRASTATE,WASHINGTON,0,0,0,0,,,0,,,,,0,0,0,0,,,0,,,,,0,0,0,0,,,0,,,,,0,0,0,0,,,0,,,,,0,0,0,0,,,0,,,,,0,0,0,0,,,0,,,,,0,0,0,0,,,0,,,,,0,0,0,0,,,0,,,,,0,0,0,0,,,0,,,,,0,0,0,0,,,0,,,,,0,0,0,0,,,0,0,0,0,0,0,0,0,0,,,0,0,0,0,0,0,0,0,0,,,0,0,0,0,0,0,0,0,0,,0,,0,0,0,0,0,,0,,,,,,0,,0,0,0,0,0,0,0,0,0,0,0,0,0,0,0,0,0,0,0,0,0,0,0,0,0,0,0,0,0,0,0,0,5,,,,,,,,,,,,,,,,,,,,,,,,,,,,,,,,
9/1/2026,2025,20261283,48296,39810,DIAMONDBACK E&P LLC,Natural Gas,INTRASTATE,TEXAS,,0,,,,,,0,0,,,,0,,,,,,0,0,,,,0,,,,,,0,0,,,,0,,,,,,0,0,,,,0,,,,,,0,0,,,,0,,,,,,0,0,,,,0,,,,,,0,0,,,,0,,,,,,0,0,,,,0,,,,,,0,0,,,,0,,,,,,0,0,,,,0,,,,,,0,0,,,,0,,,,,,0,0,,,,0,,,,,,0,0,,,,0,,,,,,0,0,,,,0,,,0,0,,,,0,0,,,,,,,,,,,,,,,,,,,,,,,,,,,,,,,,,0,0,0,0,0,0,0,0,0,0,0,0,0,0,0,0,0,0,0,0,0,0,0,0,0,0,0,0,0,0,0,398
9/1/2026,2025,20260042,46993,39811,"ARCADIA OPERATING, LLC",Natural Gas,INTRASTATE,TEXAS,0,0,0,0,0,0,0,0,0,0,0,0,0,0,0,0,0,0,0,0,0,0,0,0,0,0,0,0,0,0,0,0,0,0,0,0,0,0,0,0,0,0,0,0,0,0,0,0,0,0,0,0,0,0,0,0,0,0,0,0,0,0,0,0,0,0,0,0,0,0,0,0,0,0,0,0,0,0,0,0,0,0,0,0,0,0,0,0,0,0,0,0,0,0,0,0,0,0,0,0,0,0,0,0,0,0,0,0,0,0,0,0,0,0,0,0,0,0,0,0,0,0,0,0,0,0,0,0,0,0,0,0,0,0,0,0,0,0,0,0,0,0,0,0,0,0,0,0,0,0,0,0,0,0,,0,0,0,0,0,0,0,0,0,0,,,,,,,,,,,,,,,,,,,,,,,,,,,,,,,0,,,,,,,,,,,,,,,,,,,,,,,,,,,,,,,,0,64
9/1/2026,2025,20260908,47905,39814,"STATELINE PROCESSING, LLC",Natural Gas,INTRASTATE,NEW MEXICO,0,0,0,0,0,0,0,0,0,0,0,0,0,0,0,0,0,0,0,0,0,0,0,0,0,0,0,0,0,0,0,0,0,0,0,0,0,0,0,0,0,0,0,0,0,0,0,0,0,0,0,0,0,0,0,0,0,0,0,0,0,0,0,0,0,0,0,0,0,0,0,0,0,0,0,0,0,0,0,0,0,0,0,0,0,0,0,0,0,0,0,0,0,0,0,0,0,0,0,0,0,0,0,0,0,0,0,0,0,0,0,0,0,0,0,0,0,0,0,0,0,0,0,0,0,0,0,0,0,0,0,0,0,0,0,0,0,0,0,0,0,0,0,0,0,0,0,0,0,0,0,0,0,0,,0,0,0,0,0,0,0,0,0,0,,,,,,,,,,,,,,,,,,,,,,,,,,,,,,,0,,,,,,,,,,,,,,,,,,,,,,,,,,,,,,,,0,312
9/1/2026,2025,20260908,47905,39814,"STATELINE PROCESSING, LLC",Natural Gas,INTRASTATE,TEXAS,0,0,0,0,0,0,0,0,0,0,0,0,0,0,0,0,0,0,0,0,0,0,0,0,0,0,0,0,0,0,0,0,0,0,0,0,0,0,0,0,0,0,0,0,0,0,0,0,0,0,0,0,0,0,0,0,0,0,0,0,0,0,0,0,0,0,0,0,0,0,0,0,0,0,0,0,0,0,0,0,0,0,0,0,0,0,0,0,0,0,0,0,0,0,0,0,0,0,0,0,0,0,0,0,0,0,0,0,0,0,0,0,0,0,0,0,0,0,0,0,0,0,0,0,0,0,0,0,0,0,0,0,0,0,0,0,0,0,0,0,0,0,0,0,0,0,0,0,0,0,0,0,0,0,0,0,0,0,0,0,0,0,0,0,0,,,,,,,,,,,,,,,,,,,,,,,,,,,,,,,0,0,,,,,,,,,,,,,,,,,,,,,,,,,,,,,,,0,1780
9/1/2026,2025,20260964,47965,39824,"POMELO CONNECTOR, LLC",Natural Gas,INTERSTATE,TEXAS,,,,,,,,,,,,,,,,,,,,,,,,,,,,,,,,,,,,,,,,,,,,,,,,,,,,,,,,,,,,,,,,,,,,,,,,,,,,,,,,,,,,,,,,,,,,,,,,,,,,,,,,,,,,,,,,,,,,,,,,,,,,,,,,,,,,,,,,,,,,,,,,,,,,,,,,,,,,,,,,,,,,,,,,,,,,,,,,,,,,,,,,,,,,,,,,,,,,0,214,,,,,,,,,,,,,,,,,,,,,,,,,,,,,,,,
9/1/2026,2025,20260086,47040,39828,"PEVELER PIPELINE, LP",Natural Gas,INTRASTATE,TEXAS,0,0,0,0,0,0,0,0,0,0,0,0,0,0,0,0,0,0,0,0,0,0,0,0,0,0,0,0,0,0,0,0,0,0,0,0,0,0,0,0,0,0,0,0,0,0,0,0,0,0,0,0,0,0,0,0,0,0,0,0,0,0,0,0,0,0,0,0,0,0,0,0,0,0,0,0,0,0,0,0,0,0,0,0,0,0,0,0,0,0,0,0,0,0,0,0,0,0,0,0,0,0,0,0,0,0,0,0,0,0,0,0,0,0,0,0,0,0,0,0,0,0,0,0,0,0,0,0,0,0,0,0,0,0,0,0,0,0,0,0,0,0,0,0,0,0,0,0,0,0,0,0,0,0,,0,0,0,0,0,0,0,0,0,0,,,,,,,,,,,,,,,,,,,,,,,,,,,,,,,0,,0,0,0,0,0,0,0,0,0,0,0,0,0,0,0,0,0,0,0,0,0,0,0,0,0,0,0,0,0,0,0,1735
9/1/2026,2025,20260245,47203,39829,"TENASKA PENNSYLVANIA PARTNERS, LLC",Natural Gas,INTRASTATE,PENNSYLVANIA,0,0,0,0,0,0,0,0,0,0,0,0,0,0,0,0,0,0,0,0,0,0,0,0,0,0,0,0,0,0,0,0,0,0,0,0,0,0,0,0,0,0,0,0,0,0,0,0,0,0,0,0,0,0,0,0,0,0,0,0,0,0,0,0,0,0,0,0,0,0,0,0,0,0,0,0,0,0,0,0,0,0,0,0,0,0,0,0,0,0,0,0,0,0,0,0,0,0,0,0,0,0,0,0,0,0,0,0,0,0,0,0,0,0,0,0,0,0,0,0,0,0,0,0,0,0,0,0,0,0,0,0,0,0,0,0,0,0,0,0,0,0,0,0,0,0,0,0,0,0,0,0,0,0,0,,0,0,0,0,0,0,0,0,0,0,0,0,0,0,0,0,0,0,0,0,0,0,0,0,0,0,0,0,0,0,0,0,0,0,0,0,0,0,0,0,78,,,,,,,,,,,,,,,,,,,,,,,,,,,,,,,0,
9/1/2026,2025,20260447,47413,39830,BLUE MOUNTAIN MIDSTREAM LLC,Natural Gas,INTRASTATE,OKLAHOMA,0,0,0,0,0,0,0,0,0,0,0,0,0,0,0,0,0,0,0,0,0,0,0,0,0,0,0,0,0,0,0,0,0,0,0,0,0,0,0,0,0,0,0,0,0,0,0,0,0,0,0,0,0,0,0,0,0,0,0,0,0,0,0,0,0,0,0,0,0,0,0,0,0,0,0,0,0,0,0,0,0,0,0,0,0,0,0,0,0,0,0,0,0,0,0,0,0,0,0,0,0,0,0,0,0,0,0,0,0,0,0,0,0,0,0,0,0,0,0,0,0,0,0,0,0,0,0,0,0,0,0,0,0,0,0,0,0,0,0,0,0,0,0,0,0,0,0,0,0,0,0,0,0,0,,0,0,0,0,0,0,0,0,0,0,,,,,,,,,,,,,,,,,,,,,,,,,,,,,,,0,,0,0,0,0,0,0,0,0,0,0,0,0,0,0,0,0,0,0,0,0,0,0,0,0,0,0,0,0,0,0,0,2982
9/1/2026,2025,20260434,47400,39831,"PONDEROSA GATHERING (USG), LLC.",Natural Gas,INTRASTATE,OKLAHOMA,0,0,0,0,0,0,0,0,0,0,0,0,0,0,0,0,0,0,0,0,0,0,0,0,0,0,0,0,0,0,0,0,0,0,0,0,0,0,0,0,0,0,0,0,0,0,0,0,0,0,0,0,0,0,0,0,0,0,0,0,0,0,0,0,0,0,0,0,0,0,0,0,0,0,0,0,0,0,0,0,0,0,0,0,0,0,0,0,0,0,0,0,0,0,0,0,0,0,0,0,0,0,0,0,0,0,0,0,0,0,0,0,0,0,0,0,0,0,0,0,0,0,0,0,0,0,0,0,0,0,0,0,0,0,0,0,0,0,0,0,0,0,0,0,0,0,0,0,0,0,0,0,0,0,0,0,0,0,0,0,0,0,0,0,0,0,0,0,0,0,0,0,0,0,0,0,0,0,0,0,0,0,0,0,0,0,0,0,0,0,0,0,0,0,0,0,21,0,0,0,0,0,0,0,0,0,0,0,0,0,0,0,0,0,0,0,0,0,0,0,0,0,0,0,0,0,0,0,35
9/1/2026,2025,20260093,47047,39834,"REP KANSAS GATHERING, LLC",Natural Gas,INTRASTATE,KANSAS,,0,,,,,,,0,,,,0,,,,,,,0,,,,0,,,,,,,0,,,,0,,,,,,,0,,,,0,,,,,,,0,,,,0,,,,,,,0,,,,0,,,,,,,0,,,,0,,,,,,,0,,,,0,,,,,,,0,,,,0,,,,,,,0,,,,0,,,,,,,0,,,,0,,,,,,,0,,,,0,,,,,,,0,,,,0,,,,,,,0,,,,0,0,0,0,0,0,0,0,0,0,,,,,,,,,,,,,,,,,,,,,,,,,,,,,,,0,,,,,,,,,,,,,,,,,,,,,,,,,,,,,,,,0,0
9/1/2026,2025,20261399,48418,39835,RENEWABLE ENERGY OF JEFFERSON LLC,Landfill Gas,INTRASTATE,LOUISIANA,0,0,0,0,,,0,,,,,0,0,0,0,,,0,,,,,0,0,0,0,,,0,,,,,0,0,0,0,,,0,,,,,0,0,0,0,,,0,,,,,0,0,0,0,,,0,,,,,0,0,0,0,,,0,,,,,0,0,0,0,,,0,,,,,0,0,0,0,,,0,,,,,0,0,0,0,,,0,,,,,0,0,0,0,,,0,0,0,0,0,0,0,0,0,,,0,0,0,0,0,0,0,0,0,,,0,0,0,0,0,0,0,0,0,,0,,0,0,0,0,0,,0,,,,,,0,,0,,,,,,,,,,,,,,,,,,,,,,,,,,,,,,,0,25,,,,,,,,,,,,,,,,,,,,,,,,,,,,,,,0,
9/1/2026,2025,20260432,47398,39840,BLUE RIDGE RENEWABLES LLC,Natural Gas,INTRASTATE,TEXAS,,,,,,,,,,,,,,,,,,,,,,,,,,,,,,,,,,,,,,,,,,,,,,,,,,,,,,,,,,,,,,,,,,,,,,,,,,,,,,,,,,,,,,,,,,,,,,,,,,,,,,,,,,,,,,,,,,,,,,,,,,,,,,,,,,,,,,,,,,,,,,,,,,,,,,,,,,,,,,,,,,,,,,0,0,0,0,0,0,0,0,0,0,0,0,0,0,0,0,0,0,0,0,0,0,0,0,0,0,0,0,0,0,0,2,,,,,,,,,,,,,,,,,,,,,,,,,,,,,,,,
9/1/2026,2025,20260523,47502,39842,UNITED PARCEL SERVICE CENTENNIAL,Natural Gas,INTRASTATE,KENTUCKY,0,0,0,0,0,0,0,0,0,0,0,0,0,0,0,0,0,0,0,0,0,0,0,0,0,0,0,0,0,0,0,0,0,0,0,0,0,0,0,0,0,0,0,0,0,0,0,0,0,0,0,0,0,0,0,0,0,0,0,0,0,0,0,0,0,0,0,0,0,0,0,0,0,0,0,0,0,0,0,0,0,0,0,0,0,0,0,0,0,0,0,0,0,0,0,0,0,0,0,0,0,0,0,0,0,0,0,0,0,0,0,0,0,0,0,0,0,0,0,0,0,0,0,0,0,0,0,0,0,0,0,0,0,0,0,0,0,0,0,0,0,0,0,0,0,0,0,0,0,0,0,0,0,0,,,,,,,,,,,,0,0,0,0,0,0,0,0,0,0,0,0,0,0,0,0,0,0,0,0,0,0,0,0,0,0,0,0,0,0,0,18,,,,,,,,,,,,,,,,,,,,,,,,,,,,,,,0,
9/1/2026,2025,20260148,47103,39843,"SANGUINE GAS EXPLORATION, LLC",Natural Gas,INTRASTATE,OKLAHOMA,0,0,0,0,0,0,0,0,0,0,0,0,0,0,0,0,0,0,0,0,0,0,0,0,0,0,0,0,0,0,0,0,0,0,0,0,0,0,0,0,0,0,0,0,0,0,0,0,0,0,0,0,0,0,0,0,0,0,0,0,0,0,0,0,0,0,0,0,0,0,0,0,0,0,0,0,0,0,0,0,0,0,0,0,0,0,0,0,0,0,0,0,0,0,0,0,0,0,0,0,0,0,0,0,0,0,0,0,0,0,0,0,0,0,0,0,0,0,0,0,0,0,0,0,0,0,0,0,0,0,0,0,0,0,0,0,0,0,0,0,0,0,0,0,0,0,0,0,0,0,0,0,0,0,0,,0,0,0,0,0,0,0,0,0,0,0,0,0,0,0,0,0,0,0,0,0,0,0,0,0,0,0,0,0,0,0,0,0,0,0,0,0,0,0,0,9,,,,,,,,,,,,,,,,,,,,,,,,,,,,,,,,
9/1/2026,2025,20261316,48329,39847,"STONEHENGE LAUREL GATHERING, LLC",Natural Gas,INTRASTATE,PENNSYLVANIA,0,0,0,0,0,0,0,0,0,0,0,0,0,0,0,0,0,0,0,0,0,0,0,0,0,0,0,0,0,0,0,0,0,0,0,0,0,0,0,0,0,0,0,0,0,0,0,0,0,0,0,0,0,0,0,0,0,0,0,0,0,0,0,0,0,0,0,0,0,0,0,0,0,0,0,0,0,0,0,0,0,0,0,0,0,0,0,0,0,0,0,0,0,0,0,0,0,0,0,0,0,0,0,0,0,0,0,0,0,0,0,0,0,0,0,0,0,0,0,0,0,0,0,0,0,0,0,0,0,0,0,0,0,0,0,0,0,0,0,0,0,0,0,0,0,0,0,0,0,0,0,0,0,0,,0,0,0,0,0,0,0,0,0,0,,,,,,,,,,,,,,,,,,,,,,,,,,,,,,,0,,,,,,,,,,,,,,,,,,,,,,,,,,,,,,,,0,39
9/1/2026,2025,20260649,47634,39850,"TAIT ELECTRIC GENERATING STATION, LLC",Natural Gas,INTRASTATE,OHIO,0,0,0,0,0,0,0,0,0,0,0,0,0,0,0,0,0,0,0,0,0,0,0,0,0,0,0,0,0,0,0,0,0,0,0,0,0,0,0,0,0,0,0,0,0,0,0,0,0,0,0,0,0,0,0,0,0,0,0,0,0,0,0,0,0,0,0,0,0,0,0,0,0,0,0,0,0,0,0,0,0,0,0,0,0,0,0,0,0,0,0,0,0,0,0,0,0,0,0,0,0,0,0,0,0,0,0,0,0,0,0,0,0,0,0,0,0,0,0,0,0,0,0,0,0,0,0,0,0,0,0,0,0,0,0,0,0,0,0,0,0,0,0,0,0,0,0,0,0,0,0,0,0,0,0,,0,0,0,0,0,0,0,0,0,,,,,,,,,,,,,,,,,,,,,,,,,,,,,,,0,22,,,,,,,,,,,,,,,,,,,,,,,,,,,,,,,0,
9/1/2026,2025,20261422,48453,39861,"RED STICK GATHERING, LLC",Natural Gas,INTRASTATE,OKLAHOMA,,0,,,,,,0,0,0,,,0,,,,,,0,0,0,,,0,,,,,,0,0,0,,,0,,,,,,0,0,0,,,0,,,,,,0,0,0,,,0,,,,,,0,0,0,,,0,,,,,,0,0,0,,,0,,,,,,0,0,0,,,0,,,,,,0,0,0,,,0,,,,,,0,0,0,,,0,,,,,,0,0,0,,,0,,,,,,0,0,0,,,0,,,,,,0,0,0,,,0,,,,,,0,0,0,,,0,,,0,0,0,,,0,0,,,,,,,,,,,,,,,,,,,,,,,,,,,,,,,0,,0,0,0,0,0,0,0,0,0,0,0,0,0,0,0,0,0,0,0,0,0,0,0,0,0,0,0,0,0,0,0,140
9/1/2026,2025,20260890,47886,39862,"DTM BIRDSBORO PIPELINE, LLC",Natural Gas,INTERSTATE,PENNSYLVANIA,0,0,0,0,0,0,0,0,0,0,0,0,0,0,0,0,0,0,0,0,0,0,0,0,0,0,0,0,0,0,0,0,0,0,0,0,0,0,0,0,0,0,0,0,0,0,0,0,0,0,0,0,0,0,0,0,0,0,0,0,0,0,0,0,0,0,0,0,0,0,0,0,0,0,0,0,0,0,0,0,0,0,0,0,0,0,0,0,0,0,0,0,0,0,0,0,0,0,0,0,0,0,0,0,0,0,0,0,0,0,0,0,0,0,0,0,0,0,0,0,0,0,0,0,0,0,0,0,0,0,0,0,0,0,0,0,0,0,0,0,0,0,0,0,0,0,0,0,0,0,0,0,0,0,,,,,,,,,,,,,,,,,,,,,,,,,,,,,,,,,,,,,,,,,,0,115,,,,,,,,,,,,,,,,,,,,,,,,,,,,,,,0,
9/1/2026,2025,20260146,47101,39868,AMERESCO WOODLAND MEADOWS ROMULUS LLC,Landfill Gas,INTRASTATE,MICHIGAN,0,0,0,0,0,0,0,0,0,0,0,0,0,0,0,0,0,0,0,0,0,0,0,0,0,0,0,0,0,0,0,0,0,0,0,0,0,0,0,0,0,0,0,0,0,0,0,0,0,0,0,0,0,0,0,0,0,0,0,0,0,0,0,0,0,0,0,0,0,0,0,0,0,0,0,0,0,0,0,0,0,0,0,0,0,0,0,0,0,0,0,0,0,0,0,0,0,0,0,0,0,0,0,0,0,0,0,0,0,0,0,0,0,0,0,0,0,0,0,0,0,0,0,0,0,0,0,0,0,0,0,0,0,0,0,0,0,0,0,0,0,0,0,0,0,0,0,0,0,0,0,0,0,0,0,0,0,0,0,0,0,0,0,0,0,,,,,,,,,,,,,,,,,,,,,,,,,,,,,,,0,23,,,,,,,,,,,,,,,,,,,,,,,,,,,,,,,0,0
9/1/2026,2025,20261419,48446,39875,PEOPLES ELECTRIC COOPERATIVE,Natural Gas,INTRASTATE,OKLAHOMA,0,0,0,0,0,0,0,0,0,0,0,0,0,0,0,0,0,0,0,0,0,0,0,0,0,0,0,0,0,0,0,0,0,0,0,0,0,0,0,0,0,0,0,0,0,0,0,0,0,0,0,0,0,0,0,0,0,0,0,0,0,0,0,0,0,0,0,0,0,0,0,0,0,0,0,0,0,0,0,0,0,0,0,0,0,0,0,0,0,0,0,0,0,0,0,0,0,0,0,0,0,0,0,0,0,0,0,0,0,0,0,0,0,0,0,0,0,0,0,0,0,0,0,0,0,0,0,0,0,0,0,0,0,0,0,0,0,0,0,0,0,0,0,0,0,0,0,0,0,0,0,0,0,0,0,,0,0,0,0,0,0,0,0,0,,,,,,,,,,,,,,,,,,,,,,,,,,,,,,,0,20,,,,,,,,,,,,,,,,,,,,,,,,,,,,,,,0,
9/1/2026,2025,20260707,47694,39880,"TERRA TRANSMISSION, LLC.",Natural Gas,INTRASTATE,TEXAS,0,0,0,0,0,0,0,0,0,0,0,0,0,0,0,0,0,0,0,0,0,0,0,0,0,0,0,0,0,0,0,0,0,0,0,0,0,0,0,0,0,0,0,0,0,0,0,0,0,0,0,0,0,0,0,0,0,0,0,0,0,0,0,0,0,0,0,0,0,0,0,0,0,0,0,0,0,0,0,0,0,0,0,0,0,0,0,0,0,0,0,0,0,0,0,0,0,0,0,0,0,0,0,0,0,0,0,0,0,0,0,0,0,0,0,0,0,0,0,0,0,0,0,0,0,0,0,0,0,0,0,0,0,0,0,0,0,0,0,0,0,0,0,0,0,0,0,0,0,0,0,0,0,0,0,,0,0,0,0,0,0,0,0,0,,,,,,,,,,,,,,,,,,,,,,,,,,,,,,,0,570,,,,,,,,,,,,,,,,,,,,,,,,,,,,,,,0,
9/1/2026,2025,20260717,47704,39886,SPIRE STL PIPELINE LLC,Natural Gas,INTERSTATE,ILLINOIS,0,0,0,0,0,0,0,0,0,0,0,0,0,0,0,0,0,0,0,0,0,0,0,0,0,0,0,0,0,0,0,0,0,0,0,0,0,0,0,0,0,0,0,0,0,0,0,0,0,0,0,0,0,0,0,0,0,0,0,0,0,0,0,0,0,0,0,0,0,0,0,0,0,0,0,0,0,0,0,0,0,0,0,0,0,0,0,0,0,0,0,0,0,0,0,0,0,0,0,0,0,0,0,0,0,0,0,0,0,0,0,0,0,0,0,0,0,0,0,0,0,0,0,0,0,0,0,0,0,0,0,0,0,0,0,0,0,0,0,0,0,0,0,0,0,0,0,0,0,0,0,0,0,0,0,,0,0,0,0,0,0,0,0,0,,,,,,,,,,,,,,,,,,,,,,,,,,,,,,,0,781,,,,,,,,,,,,,,,,,,,,,,,,,,,,,,,0,
9/1/2026,2025,20260717,47704,39886,SPIRE STL PIPELINE LLC,Natural Gas,INTERSTATE,MISSOURI,0,0,0,0,,,0,,,,,0,0,0,0,,,0,,,,,0,0,0,0,,,0,,,,,0,0,0,0,,,0,,,,,0,0,0,0,,,0,,,,,0,0,0,0,,,0,,,,,0,0,0,0,,,0,,,,,0,0,0,0,,,0,,,,,0,0,0,0,,,0,,,,,0,0,0,0,,,0,,,,,0,0,0,0,,,0,0,0,0,0,0,0,0,0,,,0,0,0,0,0,0,0,0,0,,,0,0,0,0,0,0,0,0,0,,0,,0,0,0,0,0,,,,,,,,,,,,,,,,,,,,,,,,,,,,,,,,,,,,,,,,,0,35,,,,,,,,,,,,,,,,,,,,,,,,,,,,,,,0,
9/1/2026,2025,20260366,47331,39892,DAYLIGHT PETROLEUM LLC,Natural Gas,INTRASTATE,TEXAS,,0,,,,,,0,0,0,,,0,,,,,,0,0,0,,,0,,,,,,0,0,0,,,0,,,,,,0,0,0,,,0,,,,,,0,0,0,,,0,,,,,,0,0,0,,,0,,,,,,0,0,0,,,0,,,,,,0,0,0,,,0,,,,,,0,0,0,,,0,,,,,,0,0,0,,,0,,,,,,0,0,0,,,0,,,,,,0,0,0,,,0,,,,,,0,0,0,,,0,,,,,,0,0,0,,,0,,,0,0,0,,,0,0,,,,,,,,,,,,,,,,,,,,,,,,,,,,,,,,,,,,,,,,,,,,,,,,,,,,,,,,,,,,,,,0,4134
9/1/2026,2025,20260423,48537,39894,"AMP INTRASTATE PIPELINE, LLC",Natural Gas,INTRASTATE,TEXAS,0,0,0,0,,,0,,,,,0,0,0,0,,,0,,,,,0,0,0,0,,,0,,,,,0,0,0,0,,,0,,,,,0,0,0,0,,,0,,,,,0,0,0,0,,,0,,,,,0,0,0,0,,,0,,,,,0,0,0,0,,,0,,,,,0,0,0,0,,,0,,,,,0,0,0,0,,,0,,,,,0,0,0,0,,,0,0,0,0,0,0,0,0,0,,,0,0,0,0,0,0,0,0,0,,,0,0,0,0,0,0,0,0,0,,0,,0,0,0,0,0,,0,,,,,,0,,0,,,,,,,,,,,,,,,,,,,,,,,,,,,,,,,0,993,,,,,,,,,,,,,,,,,,,,,,,,,,,,,,,,
9/1/2026,2025,20261273,48286,39903,HANNA OIL AND GAS COMPANY,Natural Gas,INTRASTATE,ARKANSAS,,0,,,,,,0,0,0,,,0,,,,,,0,0,0,,,0,,,,,,0,0,0,,,0,,,,,,0,0,0,,,0,,,,,,0,0,0,,,0,,,,,,0,0,0,,,0,,,,,,0,0,0,,,0,,,,,,0,0,0,,,0,,,,,,0,0,0,,,0,,,,,,0,0,0,,,0,,,,,,0,0,0,,,0,,,,,,0,0,0,,,0,,,,,,0,0,0,,,0,,,,,,0,0,0,,,,,,0,0,0,,,0,0,,,,,,,,,,,,,,,,,,,,,,,,,,,,,,,0,,,,,,,,,,,,,,,,,,,,,,,,,,,,,,,,0,0
9/1/2026,2025,20260641,47626,39905,REP PROCESSING,Natural Gas,INTRASTATE,COLORADO,0,0,0,0,0,0,0,0,0,0,0,0,0,0,0,0,0,0,0,0,0,0,0,0,0,0,0,0,0,0,0,0,0,0,0,0,0,0,0,0,0,0,0,0,0,0,0,0,0,0,0,0,0,0,0,0,0,0,0,0,0,0,0,0,0,0,0,0,0,0,0,0,0,0,0,0,0,0,0,0,0,0,0,0,0,0,0,0,0,0,0,0,0,0,0,0,0,0,0,0,0,0,0,0,0,0,0,0,0,0,0,0,0,0,0,0,0,0,0,0,0,0,0,0,0,0,0,0,0,0,0,0,0,0,0,0,0,0,0,0,0,0,0,0,0,0,0,0,0,0,0,0,0,0,,,,,,,,,,,,,,,,,,,,,,,,,,,,,,,,,,,,,,,,,,,,,,,,,,,,,,,,,,,,,,,,,,,,,,,,,,0,436
9/1/2026,2025,20260481,47448,39907,ENERFIN PIPELINE LLC,Natural Gas,INTRASTATE,OKLAHOMA,,0,,,,,,0,0,0,,,0,,,,,,0,0,0,,,0,,,,,,0,0,0,,,0,,,,,,0,0,0,,,0,,,,,,0,0,0,,,0,,,,,,0,0,0,,,0,,,,,,0,0,0,,,0,,,,,,0,0,0,,,0,,,,,,0,0,0,,,0,,,,,,0,0,0,,,0,,,,,,0,0,0,,,0,,,,,,0,0,0,,,0,,,,,,0,0,0,,,0,,,,,,0,0,0,,,0,,,0,0,0,,,0,0,,,,,,,,,,,,,,,,,,,,,,,,,,,,,,,,,,,,,,,,,,,,,,,,,,,,,,,,,,,,,,,0,547
9/1/2026,2025,20260921,47918,39908,TALL OAK WOODFORD,Natural Gas,INTRASTATE,OKLAHOMA,,0,0,0,,,,0,0,0,,,0,0,0,,,,0,0,1,,,0,0,0,,,,0,0,0,,,0,0,0,,,,0,0,0,,,0,0,0,,,,0,0,0,,,0,0,0,,,,0,0,1,,,0,0,0,,,,0,0,0,,,0,0,0,,,,0,0,0,,,0,0,0,,,,0,0,0,,,0,0,0,,,,0,0,0,,,0,0,0,,,,0,0,0,,,0,0,0,,,,0,0,0,,,0,0,0,,,,0,0,0,,,0,0,0,,,,0,0,2,,0,0,0,,0,0,0,,0,0,0,,,,,,,,,,,,,,,,,,,,,,,,,,,,,,,0,127,,,,,,,,,,,,,,,,,,,,,,,,,,,,,,,0,236
9/1/2026,2025,20260664,47649,39909,"BEDROCK PRODUCTION, LLC",Natural Gas,INTRASTATE,TEXAS,,0,,,,,,0,0,0,,,0,,,,,,0,0,0,,,0,,,,,,0,0,0,,,0,,,,,,0,0,0,,,0,,,,,,0,0,0,,,0,,,,,,0,0,0,,,0,,,,,,0,0,0,,,0,,,,,,0,0,0,,,0,,,,,,0,0,0,,,0,,,,,,0,0,0,,,0,,,,,,0,0,0,,,0,,,,,,0,0,0,,,0,,,,,,0,0,0,,,0,,,,,,0,0,0,,,0,,,0,0,0,,,0,0,,,,,,,,,,,,,,,,,,,,,,,,,,,,,,,0,,0,0,0,0,0,0,0,0,0,0,0,0,0,0,0,0,0,0,0,0,0,0,0,0,0,0,0,0,0,0,0,6575
9/1/2026,2025,20261027,48030,39913,"DTM LOUISIANA GATHERING, LLC",Natural Gas,INTRASTATE,LOUISIANA,0,0,0,0,0,0,0,0,0,0,0,0,0,0,0,0,0,0,0,0,1,0,0,0,0,0,0,0,0,0,0,0,0,0,0,0,0,0,0,0,0,0,0,0,0,0,0,0,0,0,0,0,0,0,0,0,0,0,0,0,0,0,0,0,1,0,0,0,0,0,0,0,0,0,0,0,0,0,0,0,0,0,0,0,0,0,1,0,0,0,0,0,0,0,0,0,0,0,0,0,0,0,0,0,0,0,0,0,0,0,0,0,0,0,0,0,0,0,0,0,0,0,0,0,0,0,0,0,0,0,0,0,0,0,0,0,0,0,0,0,0,0,0,0,0,0,0,0,0,0,0,0,3,0,,0,0,0,0,0,0,0,0,0,0,,,,,,,,,,,,,,,,,,,,,,,,,,,,,,,0,,,,,,,,,,,,,1,1,,,,,,,,,,,,,,,,,,1,10308
9/1/2026,2025,20261027,48030,39913,"DTM LOUISIANA GATHERING, LLC",Natural Gas,INTRASTATE,TEXAS,0,0,0,0,0,0,0,0,0,0,0,0,0,0,0,0,0,0,0,0,0,0,0,0,0,0,0,0,0,0,0,0,0,0,0,0,0,0,0,0,0,0,0,0,0,0,0,0,0,0,0,0,0,0,0,0,0,0,0,0,0,0,0,0,0,0,0,0,0,0,0,0,0,0,0,0,0,0,0,0,0,0,0,0,0,0,0,0,0,0,0,0,0,0,0,0,0,0,0,0,0,0,0,0,0,0,0,0,0,0,0,0,0,0,0,0,0,0,0,0,0,0,0,0,0,0,0,0,0,0,0,0,0,0,0,0,0,0,0,0,0,0,0,0,0,0,0,0,0,0,0,0,0,0,,,,,,,,,,,,,,,,,,,,,,,,,,,,,,,,,,,,,,,,,,,,,,,,,,,,,,,,,,,,,,,,,,,,,,,,,,0,294
9/1/2026,2025,20260370,47335,39928,JAMESTOWN BOARD OF PUBLIC UTILITIES,Natural Gas,INTRASTATE,NEW YORK,0,0,0,0,0,0,0,0,0,0,0,0,0,0,0,0,0,0,0,0,0,0,0,0,0,0,0,0,0,0,0,0,0,0,0,0,0,0,0,0,0,0,0,0,0,0,0,0,0,0,0,0,0,0,0,0,0,0,0,0,0,0,0,0,0,0,0,0,0,0,0,0,0,0,0,0,0,0,0,0,0,0,0,0,0,0,0,0,0,0,0,0,0,0,0,0,0,0,0,0,0,0,0,0,0,0,0,0,0,0,0,0,0,0,0,0,0,0,0,0,0,0,0,0,0,0,0,0,0,0,0,0,0,0,0,0,0,0,0,0,0,0,0,0,0,0,0,0,0,0,0,0,0,0,0,,0,,,,,,0,,0,,,,,,,,,,,,,,,,,,,,,,,,,,,,,,,0,158,,,,,,,,,,,,,,,,,,,,,,,,,,,,,,,,
9/1/2026,2025,20260424,47390,39930,"AMP TEXAS PIPELINES, LLC",Natural Gas,INTRASTATE,TEXAS,,,,,,,,,,,,,,,,,,,,,,,,,,,,,,,,,,,,,,,,,,,,,,,,,,,,,,,,,,,,,,,,,,,,,,,,,,,,,,,,,,,,,,,,,,,,,,,,,,,,,,,,,,,,,,,,,,,,,,,,,,,,,,,,,,,,,,,,,,,,,,,,,,,,,,,,,,,,,,,,,,,,,,,,,,,,,,,,,,,,,,,,,,,,,,,,,,,,,,,,,,,,,,,,,,,,,,,,,,,,,,,,,,,,0,993
9/1/2026,2025,20260862,47858,39933,"CHEYENNE CONNECTOR, LLC",Natural Gas,INTERSTATE,COLORADO,0,0,0,0,,,0,,,,,0,0,0,0,,,0,,,,,0,0,0,0,,,0,,,,,0,0,0,0,,,0,,,,,0,0,0,0,,,0,,,,,0,0,0,0,,,0,,,,,0,0,0,0,,,0,,,,,0,0,0,0,,,0,,,,,0,0,0,0,,,0,,,,,0,0,0,0,,,0,,,,,0,0,0,0,,,0,0,0,0,0,0,0,0,0,,,0,0,0,0,0,0,0,0,0,,,0,0,0,0,0,0,0,0,0,,0,,0,0,0,0,0,,0,0,0,0,0,0,0,0,0,0,0,0,0,0,0,0,0,0,0,0,0,0,0,0,0,0,0,0,0,0,0,0,0,0,0,0,0,0,0,0,1087,,,,,,,,,,,,,,,,,,,,,,,,,,,,,,,,
9/1/2026,2025,20261233,48246,39934,"CLEAR CREEK STORAGE COMPANY, LLC",Natural Gas,INTERSTATE,WYOMING,0,0,0,0,0,0,0,0,0,0,0,0,0,0,0,0,0,0,0,0,0,0,0,0,0,0,0,0,0,0,0,0,0,0,0,0,0,0,0,0,0,0,0,0,0,0,0,0,0,0,0,0,0,0,0,0,0,0,0,0,0,0,0,0,0,0,0,0,0,0,0,0,0,0,0,0,0,0,0,0,0,0,0,0,0,0,0,0,0,0,0,0,0,0,0,0,0,0,0,0,0,0,0,0,0,0,0,0,0,0,0,0,0,0,0,0,0,0,0,0,0,0,0,0,0,0,0,0,0,0,0,0,0,0,0,0,0,0,0,0,0,0,0,0,0,0,0,0,0,0,0,0,0,0,0,,0,0,0,0,0,0,0,0,0,,,,,,,,,,,,,,,,,,,,,,,,,,,,,,,0,80,,,,,,,,,,,,,,,,,,,,,,,,,,,,,,,0,
9/1/2026,2025,20261237,48250,39935,SPIRE STORAGE WEST LLC,Natural Gas,INTERSTATE,WYOMING,0,0,0,0,0,0,0,0,0,0,0,0,0,0,0,0,0,0,0,0,0,0,0,0,0,0,0,0,0,0,0,0,0,0,0,0,0,0,0,0,0,0,0,0,0,0,0,0,0,0,0,0,0,0,0,0,0,0,0,0,0,0,0,0,0,0,0,0,0,0,0,0,0,0,0,0,0,0,0,0,0,0,0,0,0,0,0,0,0,0,0,0,0,0,0,0,0,0,0,0,0,0,0,0,0,0,0,0,0,0,0,0,0,0,0,0,0,0,0,0,0,0,0,0,0,0,0,0,0,0,0,0,0,0,0,0,0,0,0,0,0,0,0,0,0,0,0,0,0,0,0,0,0,0,0,,0,0,0,0,0,0,0,0,0,,,,,,,,,,,,,,,,,,,,,,,,,,,,,,,0,24,,,,,,,,,,,,,,,,,,,,,,,,,,,,,,,0,
9/1/2026,2025,20261350,48363,39942,"RAVEN BUTENE-1, LLC",Natural Gas,INTRASTATE,TEXAS,,,,,,,,,,,,,,,,,,,,,,,,,,,,,,,,,,,,,,,,,,,,,,,,,,,,,,,,,,,,,,,,,,,,,,,,,,,,,,,,,,,,,,,,,,,,,,,,,,,,,,,,,,,,,,,,,,,,,,,,,,,,,,,,,,,,,,,,,,,,,,,,,,,,,,,,,,,,,,,,,,,,,,0,0,0,0,0,0,0,0,0,0,0,0,0,0,0,0,0,0,0,0,0,0,0,0,0,0,0,0,0,0,0,0,,,,,,,,,,,,,,,,,,,,,,,,,,,,,,,,
9/1/2026,2025,20260702,47689,39947,"WESTMORELAND GAS, LLC",Natural Gas,INTRASTATE,WEST VIRGINIA,,0,,,,,,0,0,0,,,0,,,,,,0,0,0,,,0,,,,,,0,0,0,,,0,,,,,,0,0,0,,,0,,,,,,0,0,0,,,0,,,,,,0,0,0,,,0,,,,,,0,0,0,,,0,,,,,,0,0,0,,,0,,,,,,0,0,0,,,0,,,,,,0,0,0,,,0,,,,,,0,0,0,,,0,,,,,,0,0,0,,,0,,,,,,0,0,0,,,0,,,,,,0,0,0,,,0,,,0,0,0,,,0,0,,,,,,,,,,,,,,,,,,,,,,,,,,,,,,,,,0,0,0,0,0,0,0,0,0,0,0,0,0,0,0,0,0,0,0,0,0,0,0,0,0,0,0,0,0,0,0,12
9/1/2026,2025,20260524,47503,39950,"DKL DELAWARE GATHERING, LLC",Natural Gas,INTRASTATE,NEW MEXICO,0,0,0,0,0,0,0,0,0,0,0,0,0,0,0,0,0,0,0,0,0,0,0,0,0,0,0,0,0,0,0,0,0,0,0,0,0,0,0,0,0,0,0,0,0,0,0,0,0,0,0,0,0,0,0,0,0,0,0,0,0,0,0,0,1,0,0,0,0,0,0,0,0,0,0,0,0,0,0,0,0,0,0,0,0,0,1,0,0,0,0,0,0,0,0,0,0,0,0,0,0,0,0,0,0,0,0,0,0,0,0,0,0,0,0,0,0,0,0,0,0,0,0,0,0,0,0,0,0,0,0,0,0,0,0,0,0,0,0,0,0,0,0,0,0,0,0,0,0,0,0,0,2,0,,0,0,0,0,0,0,0,0,0,0,,,,,,,,,,,,,,,,,,,,,,,,,,,,,,,0,,0,0,0,0,0,0,1,0,0,0,0,0,1,0,0,0,0,0,0,0,0,0,0,0,0,0,0,0,0,0,1,86
9/1/2026,2025,20260888,47884,39953,"OHIO GATHERING COMPANY, L.L.C.",Natural Gas,INTRASTATE,OHIO,0,0,0,0,0,0,0,0,0,0,0,0,0,0,0,0,0,0,0,0,0,0,0,0,0,0,0,0,0,0,0,0,0,0,0,0,0,0,0,0,0,0,0,0,0,0,0,0,0,0,0,0,0,0,0,0,0,0,0,0,0,0,0,0,0,0,0,0,0,0,0,0,0,0,0,0,0,0,0,0,0,0,0,0,0,0,0,0,0,0,0,0,0,0,0,0,0,0,0,0,0,0,0,0,0,0,0,0,0,0,0,0,0,0,0,0,0,0,0,0,0,0,0,0,0,0,0,0,0,0,0,0,0,0,0,0,0,0,0,0,0,0,0,0,0,0,0,0,0,0,0,0,0,0,,0,0,0,0,0,0,0,0,0,0,,,,,,,,,,,,,,,,,,,,,,,,,,,,,,,0,,0,0,0,0,0,0,0,0,0,0,0,0,0,0,0,0,0,0,0,0,0,0,0,0,0,0,0,0,0,0,0,11156
9/1/2026,2025,20260895,47891,39954,"JEFFERSON GAS GATHERING COMPANY, L.L.C.",Natural Gas,INTRASTATE,OHIO,0,0,0,0,0,0,0,0,0,0,0,0,0,0,0,0,0,0,0,0,0,0,0,0,0,0,0,0,0,0,0,0,0,0,0,0,0,0,0,0,0,0,0,0,0,0,0,0,0,0,0,0,0,0,0,0,0,0,0,0,0,0,0,0,0,0,0,0,0,0,0,0,0,0,0,0,0,0,0,0,0,0,0,0,0,0,0,0,0,0,0,0,0,0,0,0,0,0,0,0,0,0,0,0,0,0,0,0,0,0,0,0,0,0,0,0,0,0,0,0,0,0,0,0,0,0,0,0,0,0,0,0,0,0,0,0,0,0,0,0,0,0,0,0,0,0,0,0,0,0,0,0,0,0,,0,0,0,0,0,0,0,0,0,0,,,,,,,,,,,,,,,,,,,,,,,,,,,,,,,0,,0,0,0,0,0,0,0,0,0,0,0,0,0,0,0,0,0,0,0,0,0,0,0,0,0,0,0,0,0,0,0,9992
9/1/2026,2025,20260264,47222,39957,VALERO RENEWABLE FUELS,Natural Gas,INTRASTATE,IOWA,0,0,0,0,,,0,,,,,0,0,0,0,,,0,,,,,0,0,0,0,,,0,,,,,0,0,0,0,,,0,,,,,0,0,0,0,,,0,,,,,0,0,0,0,,,0,,,,,0,0,0,0,,,0,,,,,0,0,0,0,,,0,,,,,0,0,0,0,,,0,,,,,0,0,0,0,,,0,,,,,0,0,0,0,,,0,0,0,0,0,0,0,0,0,,,0,0,0,0,0,0,0,0,0,,,0,0,0,0,0,0,0,0,0,,0,,0,0,0,0,0,,0,,,,,,0,,0,,,,,,,,,,,,,,,,,,,,,,,,,,,,,,,0,4,,,,,,,,,,,,,,,,,,,,,,,,,,,,,,,,
9/1/2026,2025,20260555,47535,39970,"LAZARUS GAS GATHERING, LLC",Natural Gas,INTRASTATE,OKLAHOMA,,0,,,,,,,,0,,,0,,,,,,,,0,,,0,,,,,,,,0,,,0,,,,,,,,0,,,0,,,,,,,,0,,,0,,,,,,,,0,,,0,,,,,,,,0,,,0,,,,,,,,0,,,0,,,,,,,,0,,,0,,,,,,,,0,,,0,,,,,,,,0,,,0,,,,,,,,0,,,0,,,,,,,,0,,,0,,,,,,,,0,,,0,,,,,0,,,0,0,,,,,,,,,,,,,,,,,,,,,,,,,,,,,,,,,,,,,,,,,,,,,,,,,,,,,,,,,,,,,,,0,106
9/1/2026,2025,20260555,47535,39970,"LAZARUS GAS GATHERING, LLC",Natural Gas,INTRASTATE,TEXAS,,,,,,,,,,,,,,,,,,,,,,,,,,,,,,,,,,,,,,,,,,,,,,,,,,,,,,,,,,,,,,,,,,,,,,,,,,,,,,,,,,,,,,,,,,,,,,,,,,,,,,,,,,,,,,,,,,,,,,,,,,,,,,,,,,,,,,,,,,,,,,,,,,,,,,,,,,,,,,,0,0,0,,,0,0,,,,,,,,,,,,,,,,,,,,,,,,,,,,,,,,,,,,,,,,,,,,,,,,,,,,,,,,,,,,,,,0,208
9/1/2026,2025,20260131,47086,39972,AMERESCO NINETY FIRST AVENUE RENEWABLE BIOGAS,Natural Gas,INTRASTATE,ARIZONA,0,0,0,0,0,0,0,0,0,0,0,0,0,0,0,0,0,0,0,0,0,0,0,0,0,0,0,0,0,0,0,0,0,0,0,0,0,0,0,0,0,0,0,0,0,0,0,0,0,0,0,0,0,0,0,0,0,0,0,0,0,0,0,0,0,0,0,0,0,0,0,0,0,0,0,0,0,0,0,0,0,0,0,0,0,0,0,0,0,0,0,0,0,0,0,0,0,0,0,0,0,0,0,0,0,0,0,0,0,0,0,0,0,0,0,0,0,0,0,0,0,0,0,0,0,0,0,0,0,0,0,0,0,0,0,0,0,0,0,0,0,0,0,0,0,0,0,0,0,0,0,0,0,0,0,,0,0,0,0,0,0,0,0,0,,,,,,,,,,,,,,,,,,,,,,,,,,,,,,,0,25,,,,,,,,,,,,,,,,,,,,,,,,,,,,,,,0,
9/1/2026,2025,20260226,47184,39978,"GALLOWAY LONE STAR, L.L.C.",Natural Gas,INTRASTATE,TEXAS,0,0,0,0,0,0,0,0,0,0,0,0,0,0,0,0,0,0,0,0,0,0,0,0,0,0,0,0,0,0,0,0,0,0,0,0,0,0,0,0,0,0,0,0,0,0,0,0,0,0,0,0,0,0,0,0,0,0,0,0,0,0,0,0,0,0,0,0,0,0,0,0,0,0,0,0,0,0,0,0,0,0,0,0,0,0,0,0,0,0,0,0,0,0,0,0,0,0,0,0,0,0,0,0,0,0,0,0,0,0,0,0,0,0,0,0,0,0,0,0,0,0,0,0,0,0,0,0,0,0,0,0,0,0,0,0,0,0,0,0,0,0,0,0,0,0,0,0,0,0,0,0,0,0,,0,0,0,0,0,0,0,0,0,0,,,,,,,,,,,,,,,,,,,,,,,,,,,,,,,0,,,,,,,,,,,,,,,,,,,,,,,,,,,,,,,,0,186
9/1/2026,2025,20260407,47372,39983,GOFF CONNECTOR LLC,Natural Gas,INTRASTATE,WEST VIRGINIA,,0,,,,,,0,0,0,,,0,,,,,,0,0,0,,,0,,,,,,0,0,0,,,0,,,,,,0,0,0,,,0,,,,,,0,0,0,,,0,,,,,,0,0,0,,,0,,,,,,0,0,0,,,0,,,,,,0,0,0,,,0,,,,,,0,0,0,,,0,,,,,,0,0,0,,,0,,,,,,0,0,0,,,0,,,,,,0,0,0,,,0,,,,,,0,0,0,,,0,,,,,,0,0,0,,,0,,,0,0,0,,,0,0,,,,,,,,,,,,,,,,,,,,,,,,,,,,,,,,,,,,,,,,,,,,,,,,,,,,,,,,,,,,,,,0,111
9/1/2026,2025,20260767,47756,39985,COLLEGIATE MIDSTREAM LLC,Natural Gas,INTRASTATE,TEXAS,0,0,0,0,,,0,0,0,0,,0,0,0,0,,,0,0,0,0,,0,0,0,0,,,0,0,0,0,,0,0,0,0,,,0,0,0,0,,0,0,0,0,,,0,0,0,0,,0,0,0,0,,,0,0,0,0,,0,0,0,0,,,0,0,0,0,,0,0,0,0,,,0,0,0,0,,0,0,0,0,,,0,0,0,0,,0,0,0,0,,,0,0,0,0,,0,0,0,0,,,0,0,0,0,,0,0,0,0,,,0,0,0,0,,0,0,0,0,,,0,0,0,0,,0,0,0,0,,0,,0,0,0,,0,0,0,,0,0,0,,0,0,0,0,0,0,0,0,0,0,0,0,0,0,0,0,0,0,0,0,0,0,0,0,0,0,0,0,0,0,0,0,0,0,464,0,0,0,0,0,0,0,0,0,0,0,0,0,0,0,0,0,0,0,0,0,0,0,0,0,0,0,0,0,0,0,535
9/1/2026,2025,20261413,48438,39986,"GREENWAY ENERGY, LLC",Natural Gas,INTRASTATE,NEW YORK,0,0,0,0,,,0,0,0,0,,0,0,0,0,,,0,0,0,0,,0,0,0,0,,,0,0,0,0,,0,0,0,0,,,0,0,0,0,,0,0,0,0,,,0,0,0,0,,0,0,0,0,,,0,0,0,0,,0,0,0,0,,,0,0,0,0,,0,0,0,0,,,0,0,0,0,,0,0,0,0,,,0,0,0,0,,0,0,0,0,,,0,0,0,0,,0,0,0,0,,,0,0,0,0,,0,0,0,0,,,0,0,0,0,,0,0,0,0,,,0,0,0,0,,0,0,0,0,,0,,0,0,0,,0,0,0,,0,0,0,,0,0,0,0,0,0,0,0,0,0,0,0,0,0,0,0,0,0,0,0,0,0,0,0,0,0,0,0,0,0,0,0,0,0,0,,,,,,,,,,,,,,,,,,,,,,,,,,,,,,,0,0
9/1/2026,2025,20261413,48438,39986,"GREENWAY ENERGY, LLC",Natural Gas,INTRASTATE,PENNSYLVANIA,,0,,,,,,,0,,,,0,,,,,,,0,,,,0,,,,,,,0,,,,0,,,,,,,0,,,,0,,,,,,,0,,,,0,,,,,,,0,,,,0,,,,,,,0,,,,0,,,,,,,0,,,,0,,,,,,,0,,,,0,,,,,,,0,,,,0,,,,,,,0,,,,0,,,,,,,0,,,,0,,,,,,,0,,,,0,,,,,,,0,,,,0,,,,0,,,,0,0,,,,,,,,,,,,,,,,,,,,,,,,,,,,,,,,,0,0,0,0,0,0,0,0,0,0,0,0,0,0,0,0,0,0,0,0,0,0,0,0,0,0,0,0,0,0,0,0
9/1/2026,2025,20261073,48079,39987,"RELIABLE PIPELINE, LLC",Natural Gas,INTRASTATE,MICHIGAN,0,0,0,0,0,0,0,0,0,0,0,0,0,0,0,0,0,0,0,0,0,0,0,0,0,0,0,0,0,0,0,0,0,0,0,0,0,0,0,0,0,0,0,0,0,0,0,0,0,0,0,0,0,0,0,0,0,0,0,0,0,0,0,0,0,0,0,0,0,0,0,0,0,0,0,0,0,0,0,0,0,0,0,0,0,0,0,0,0,0,0,0,0,0,0,0,0,0,0,0,0,0,0,0,0,0,0,0,0,0,0,0,0,0,0,0,0,0,0,0,0,0,0,0,0,0,0,0,0,0,0,0,0,0,0,0,0,0,0,0,0,0,0,0,0,0,0,0,0,0,0,0,0,0,0,0,0,0,0,0,0,0,0,0,0,,,,,,,,,,,,,,,,,,,,,,,,,,,,,,,0,15,,,,,,,,,,,,,,,,,,,,,,,,,,,,,,,0,10
9/1/2026,2025,20260172,47128,39989,"HG ENERGY II  APPALACHIA, LLC",Natural Gas,INTRASTATE,WEST VIRGINIA,0,0,0,0,0,0,0,0,0,0,0,0,0,0,0,0,0,0,0,0,0,0,0,0,0,0,0,0,0,0,0,0,0,0,0,0,0,0,0,0,0,0,0,0,0,0,0,0,0,0,0,0,0,0,0,0,0,0,0,0,0,0,0,0,0,0,0,0,0,0,0,0,0,0,0,0,0,0,0,0,0,0,0,0,0,0,0,0,0,0,0,0,0,0,0,0,0,0,0,0,0,0,0,0,0,0,0,0,0,0,0,0,0,0,0,0,0,0,0,0,0,0,0,0,0,0,0,0,0,0,0,0,0,0,0,0,0,0,0,0,0,0,0,0,0,0,0,0,0,0,0,0,0,0,,0,0,0,0,0,0,0,0,0,0,,,,,,,,,,,,,,,,,,,,,,,,,,,,,,,0,,,,,,,,,,,,,,,,,,,,,,,,,,,,,,,,0,67
9/1/2026,2025,20261125,48138,39992,MEGLOBAL AMERICAS INC.,Natural Gas,INTRASTATE,TEXAS,0,0,0,0,,,0,,,,,0,0,0,0,,,0,,,,,0,0,0,0,,,0,,,,,0,0,0,0,,,0,,,,,0,0,0,0,,,0,,,,,0,0,0,0,,,0,,,,,0,0,0,0,,,0,,,,,0,0,0,0,,,0,,,,,0,0,0,0,,,0,,,,,0,0,0,0,,,0,,,,,0,0,0,0,,,0,,,,,0,0,0,0,,,0,,,,,0,0,0,0,,,0,,,,,0,0,0,0,,0,,,,,,0,,0,,,,,,0,,0,,,,,,,,,,,,,,,,,,,,,,,,,,,,,,,0,634,,,,,,,,,,,,,,,,,,,,,,,,,,,,,,,,
9/1/2026,2025,20261123,48136,39992,MEGLOBAL AMERICAS INC.,Other Gas-Ethylene,INTRASTATE,TEXAS,,,,,,,,,,,,,,,,,,,,,,,,,,,,,,,,,,,,,,,,,,,,,,,,,,,,,,,,,,,,,,,,,,,,,,,,,,,,,,,,,,,,,,,,,,,,,,,,,,,,,,,,,,,,,,,,,,,,,,,,,,,,,,,,,,,,,,,,,,,,,,,,,,,,,,,,,,,,,,,,,,,,,,,,,,,,,,,,,,,,,,,,,,,,,,,,,,,,0,79,,,,,,,,,,,,,,,,,,,,,,,,,,,,,,,,
9/1/2026,2025,20260689,47674,39993,"TRISTATE NLA, LLC",Natural Gas,INTRASTATE,LOUISIANA,0,0,0,0,0,0,0,0,0,0,0,0,0,0,0,0,0,0,0,0,0,0,0,0,0,0,0,0,0,0,0,0,0,0,0,0,0,0,0,0,0,0,0,0,0,0,0,0,0,0,0,0,0,0,0,0,0,0,0,0,0,0,0,0,0,0,0,0,0,0,0,0,0,0,0,0,0,0,0,0,0,0,0,0,0,0,0,0,0,0,0,0,0,0,0,0,0,0,0,0,0,0,0,0,0,0,0,0,0,0,0,0,0,0,0,0,0,0,0,0,0,0,0,0,0,0,0,0,0,0,0,0,0,0,0,0,0,0,0,0,0,0,0,0,0,0,0,0,0,0,0,0,0,0,,0,,,0,,0,,,0,0,,,,,,,,,,,,,,,,,,,,,,,,,,,,,,,,,,,,,,,,,,,,,,,,,,,,,,,,,,,,,,,0,508
9/1/2026,2025,20260689,47674,39993,"TRISTATE NLA, LLC",Natural Gas,INTRASTATE,TEXAS,0,0,0,0,0,0,0,0,0,0,0,0,0,0,0,0,0,0,1,0,0,0,0,0,0,0,0,0,0,0,0,0,0,0,0,0,0,0,0,0,0,0,0,0,0,0,0,0,0,0,0,0,0,0,0,0,0,0,0,0,0,0,0,0,0,0,0,0,0,0,0,0,0,0,0,0,0,0,0,0,0,0,0,0,0,0,0,0,0,0,0,0,0,0,0,0,0,0,0,0,0,0,0,0,0,0,0,0,0,0,0,0,0,0,0,0,0,0,0,0,0,0,0,0,0,0,0,0,0,0,0,0,0,0,0,0,0,0,0,0,0,0,0,0,0,0,0,0,0,0,1,0,0,0,,0,0,0,0,0,0,0,0,0,0,,,,,,,,,,,,,,,,,,,,,,,,,,,,,,,0,,,,,,,,,,,,,,,,,,,,,,,,,,,,,,,,0,1104
9/1/2026,2025,20260034,46984,39998,BOUNTY TRANSFER LLC,Natural Gas,INTRASTATE,OKLAHOMA,0,0,0,0,0,0,0,0,0,0,0,0,0,0,0,0,0,0,0,0,0,0,0,0,0,0,0,0,0,0,0,0,0,0,0,0,0,0,0,0,0,0,0,0,0,0,0,0,0,0,0,0,0,0,0,0,0,0,0,0,0,0,0,0,0,0,0,0,0,0,0,0,0,0,0,0,0,0,0,0,0,0,0,0,0,0,0,0,0,0,0,0,0,0,0,0,0,0,0,0,0,0,0,0,0,0,0,0,0,0,0,0,0,0,0,0,0,0,0,0,0,0,0,0,0,0,0,0,0,0,0,0,0,0,0,0,0,0,0,0,0,0,0,0,0,0,0,0,0,0,0,0,0,0,,0,0,0,0,0,0,0,0,0,0,,,,,,,,,,,,,,,,,,,,,,,,,,,,,,,0,,,,,,,,,,,,,,,,,,,,,,,,,,,,,,,,0,149
9/1/2026,2025,20260410,47375,39999,"MATHESON TRI-GAS, INC",Hydrogen Gas,INTRASTATE,TEXAS,,,,,,,,,,,,,,,,,,,,,,,,,,,,,,,,,,,,,,,,,,,,,,,,,,,,,,,,,,,,,,,,,,,,,,,,,,,,,,,,,,,,,,,,,,,,,,,,,,,,,,,,,,,,,,,,,,,,,,,,,,,,,,,,,,,,,,,,,,,,,,,,,,,,,,,,,,,,,,,,,,,,,,0,0,0,0,0,0,0,0,0,0,0,0,0,0,0,0,0,0,0,0,0,0,0,0,0,0,0,0,0,0,0,1583,,,,,,,,,,,,,,,,,,,,,,,,,,,,,,,0,
9/1/2026,2025,20260940,47937,40001,"KINCAID GENERATION, LLC",Natural Gas,INTRASTATE,ILLINOIS,,,,,,,,,,,,,,,,,,,,,,,,,,,,,,,,,,,,,,,,,,,,,,,,,,,,,,,,,,,,,,,,,,,,,,,,,,,,,,,,,,,,,,,,,,,,,,,,,,,,,,,,,,,,,,,,,,,,,,,,,,,,,,,,,,,,,,,,,,,,,,,,,,,,,,,,,,,,,0,0,0,0,0,0,0,0,0,,,,,,,,,,,,,,,,,,,,,,,,,,,,,,,0,14,,,,,,,,,,,,,,,,,,,,,,,,,,,,,,,0,
9/1/2026,2025,20261033,48037,40002,LAYLINE OIL AND GAS LLC,Natural Gas,INTRASTATE,MICHIGAN,0,0,0,0,0,0,0,0,0,0,0,0,0,0,0,0,0,0,0,0,0,0,0,0,0,0,0,0,0,0,0,0,0,0,0,0,0,0,0,0,0,0,0,0,0,0,0,0,0,0,0,0,0,0,0,0,0,0,0,0,0,0,0,0,0,0,0,0,0,0,0,0,0,0,0,0,0,0,0,0,0,0,0,0,0,0,0,0,0,0,0,0,0,0,0,0,0,0,0,0,0,0,0,0,0,0,0,0,0,0,0,0,0,0,0,0,0,0,0,0,0,0,0,0,0,0,0,0,0,0,0,0,0,0,0,0,0,0,0,0,0,0,0,0,0,0,0,0,0,0,0,0,0,0,0,0,0,0,0,0,0,0,0,0,0,,,,,,,,,,,,,,,,,,,,,,,,,,,,,,,0,10,,,,,,,,,,,,,,,,,,,,,,,,,,,,,,,0,10
9/1/2026,2025,20260913,47910,40003,"DOS CAMINOS, LLC",Natural Gas,INTRASTATE,TEXAS,0,0,0,0,0,0,0,0,0,0,0,0,0,0,0,0,0,0,0,0,0,0,0,0,0,0,0,0,0,0,0,0,0,0,0,0,0,0,0,0,0,0,0,0,0,0,0,0,0,0,0,0,0,0,0,0,0,0,0,0,0,0,0,0,0,0,0,0,0,0,0,0,0,0,0,0,0,0,0,0,0,0,0,0,0,0,0,0,0,0,0,0,0,0,0,0,0,0,0,0,0,0,0,0,0,0,0,0,0,0,0,0,0,0,0,0,0,0,0,0,0,0,0,0,0,0,0,0,0,0,0,0,0,0,0,0,0,0,0,0,0,0,0,0,0,0,0,0,0,0,0,0,0,0,0,0,0,0,0,0,0,0,0,0,0,,,,,,,,,,,,,,,,,,,,,,,,,,,,,,,0,246,,,,,,,,,,,,,,,,,,,,,,,,,,,,,,,0,52
9/1/2026,2025,20261117,48128,40005,LOS ANGELES WATER & POWER,Natural Gas,INTRASTATE,CALIFORNIA,0,0,0,0,,,0,,,,,0,0,0,0,,,0,,,,,0,0,0,0,,,0,,,,,0,0,0,0,,,0,,,,,0,0,0,0,,,0,,,,,0,0,0,0,,,0,,,,,0,0,0,0,,,0,,,,,0,0,0,0,,,0,,,,,0,0,0,0,,,0,,,,,0,0,0,0,,,0,,,,,0,0,0,0,,,0,0,0,0,0,0,0,0,0,,,0,0,0,0,0,0,0,0,0,,,0,0,0,0,0,0,0,0,0,,0,,0,0,0,0,0,,0,,,,,,0,,0,,,,,,,,,,,,,,,,,,,,,,,,,,,,,,,0,1122,,,,,,,,,,,,,,,,,,,,,,,,,,,,,,,0,
9/1/2026,2025,20260338,47300,40024,"BRANCH ENERGY PARTNERS, LLC",Natural Gas,INTRASTATE,TEXAS,,0,,,,,,0,0,0,,,0,,,,,,0,0,0,,,0,,,,,,0,0,0,,,0,,,,,,0,0,0,,,0,,,,,,0,0,0,,,0,,,,,,0,0,0,,,0,,,,,,0,0,0,,,0,,,,,,0,0,0,,,0,,,,,,0,0,0,,,0,,,,,,0,0,0,,,0,,,,,,0,0,0,,,0,,,,,,0,0,0,,,0,,,,,,0,0,0,,,0,,,,,,0,0,0,,,0,,,0,0,0,,,0,0,,,,,,,,,,,,,,,,,,,,,,,,,,,,,,,0,,,,,,,,,,,,,,,,,,,,,,,,,,,,,,,,0,4205
9/1/2026,2025,20260933,47930,40029,"VM ARKOMA STACK, LLC",Natural Gas,INTRASTATE,OKLAHOMA,0,0,0,0,0,0,0,0,0,0,0,0,0,0,0,0,0,0,0,0,0,0,0,0,0,0,0,0,0,0,0,0,0,0,0,0,0,0,0,0,0,0,0,0,0,0,0,0,0,0,0,0,0,0,0,0,0,0,0,0,0,0,0,0,0,0,0,0,0,0,0,0,0,0,0,0,0,0,0,0,0,0,0,0,0,0,0,0,0,0,0,0,0,0,0,0,0,0,0,0,0,0,0,0,0,0,0,0,0,0,0,0,0,0,0,0,0,0,0,0,0,0,0,0,0,0,0,0,0,0,0,0,0,0,0,0,0,0,0,0,0,0,0,0,0,0,0,0,0,0,0,0,0,0,,,0,0,0,0,0,0,0,0,0,,,,,,,,,,,,,,,,,,,,,,,,,,,,,,,0,127,,,,,,,,,,,,,,,,,,,,,,,,,,,,,,,0,236
9/1/2026,2025,20260492,47729,40034,TEXAS PETROLEUM INVESTMENT COMPANY,Natural Gas,INTRASTATE,LOUISIANA,,,,,,,,,,,,,,,,,,,,,,,,,,,,,,,,,,,,,,,,,,,,,,,,,,,,,,,,,,,,,,,,,,,,,,,,,,,,,,,,,,,,,,,,,,,,,,,,,,,,,,,,,,,,,,,,,,,,,,,,,,,,,,,,,,,,,,,,,,,,,,,,,,,,,,,,,,,,,,,,,,,,,,,,,,,,,,,,,,,,,,,,,,,,,,,,,,,,0,,0,0,0,0,0,0,0,0,0,0,0,0,0,0,0,0,0,0,0,0,0,0,0,0,0,0,0,0,0,0,0,639
9/1/2026,2025,20261198,48211,40037,"BUCHANAN GENERATION, LLC",Natural Gas,INTRASTATE,VIRGINIA,,0,0,0,,,,,,,,,0,0,0,,,,,,,,,0,0,0,,,,,,,,,0,0,0,,,,,,,,,0,0,0,,,,,,,,,0,0,1,,,,,,,,,0,0,0,,,,,,,,,0,0,0,,,,,,,,,0,0,0,,,,,,,,,0,0,0,,,,,,,,,0,0,0,,,,,,,,,0,0,0,,,,,,,,,0,0,0,,,,,,,,,0,0,1,,,,,,,,0,,0,0,0,0,0,0,0,0,0,,,,,,,,,,,,,,,,,,,,,,,,,,,,,,,0,12,,,,,,,,,,,,,,,,,,,,,,,,,,,,,,,0,
9/1/2026,2025,20261440,48487,40038,"JM INVESTMENTS, LLC",Natural Gas,INTRASTATE,TEXAS,0,0,0,0,,,0,,,,,0,0,0,0,,,0,,,,,0,0,0,0,,,0,,,,,0,0,0,0,,,0,,,,,0,0,0,0,,,0,,,,,0,0,0,0,,,0,,,,,0,0,0,0,,,0,,,,,0,0,0,0,,,0,,,,,0,0,0,0,,,0,,,,,0,0,0,0,,,0,,,,,0,0,0,0,,,0,0,0,0,0,0,0,0,0,,,0,0,0,0,0,0,0,0,0,,,0,0,0,0,0,0,0,0,0,,0,,0,0,0,0,0,,0,,,,,,0,,0,0,0,0,0,0,0,0,0,0,0,0,0,0,0,0,0,0,0,0,0,0,0,0,0,0,0,0,0,0,0,0,0,,,,,,,,,,,,,,,,,,,,,,,,,,,,,,,0,
9/1/2026,2025,20260838,47832,40039,STREAMLINE MIDSTREAM INC.,Natural Gas,INTRASTATE,OKLAHOMA,0,0,0,0,0,0,0,0,0,0,0,0,0,0,0,0,0,0,0,0,0,0,0,0,0,0,0,0,0,0,0,0,0,0,0,0,0,0,0,0,0,0,0,0,0,0,0,0,0,0,0,0,0,0,0,0,0,0,0,0,0,0,0,0,0,0,0,0,0,0,0,0,0,0,0,0,0,0,0,0,0,0,0,0,0,0,0,0,0,0,0,0,0,0,0,0,0,0,0,0,0,0,0,0,0,0,0,0,0,0,0,0,0,0,0,0,0,0,0,0,0,0,0,0,0,0,0,0,0,0,0,0,0,0,0,0,0,0,0,0,0,0,0,0,0,0,0,0,0,0,0,0,0,0,,0,0,0,0,0,0,0,0,0,0,,,,,,,,,,,,,,,,,,,,,,,,,,,,,,,0,,,,,,,,,,,,,,,,,,,,,,,,,,,,,,,,0,0
9/1/2026,2025,20260629,47614,40044,CANES INTRASTATE PIPELINE LLC,Natural Gas,INTRASTATE,TEXAS,,,,,,,,,,,,,,,,,,,,,,,,,,,,,,,,,,,,,,,,,,,,,,,,,,,,,,,,,,,,,,,,,,,,,,,,,,,,,,,,,,,,,,,,,,,,,,,,,,,,,,,,,,,,,,,,,,,,,,,,,,,,,,,,,,,,,,,,,,,,,,,,,,,,,,,,,,,,,,,,,,,,,,,,,,,,,,,,,,,,,,,,,,,,,,,,,,,,0,2697,,,,,,,,,,,,,,,,,,,,,,,,,,,,,,,0,
9/1/2026,2025,20260589,47572,40045,"COMSTOCK OIL & GAS, LLC",Natural Gas,INTRASTATE,TEXAS,0,0,0,0,0,0,0,0,0,0,0,0,0,0,0,0,0,0,0,0,0,0,0,0,0,0,0,0,0,0,0,0,0,0,0,0,0,0,0,0,0,0,0,0,0,0,0,0,0,0,0,0,0,0,0,0,0,0,0,0,0,0,0,0,0,0,0,0,0,0,0,0,0,0,0,0,0,0,0,0,0,0,0,0,0,0,0,0,0,0,0,0,0,0,0,0,0,0,0,0,0,0,0,0,0,0,0,0,0,0,0,0,0,0,0,0,0,0,0,0,0,0,0,0,0,0,0,0,0,0,0,0,0,0,0,0,0,0,0,0,0,0,0,0,0,0,0,0,0,0,0,0,0,0,,,,,,,,,,,,,,,,,,,,,,,,,,,,,,,,,,,,,,,,,,,,,,,,,,,,,,,,,,,,,,,,,,,,,,,,,,0,817
9/1/2026,2025,20261444,48492,40048,MONOLITH NEBRASKA LLC,Natural Gas,INTRASTATE,NEBRASKA,,0,0,0,,,,,,,,,0,0,0,,,,,,,,,0,0,0,,,,,,,,,0,0,0,,,,,,,,,0,0,0,,,,,,,,,0,0,0,,,,,,,,,0,0,0,,,,,,,,,0,0,0,,,,,,,,,0,0,0,,,,,,,,,0,0,0,,,,,,,,,0,0,0,,,,,,,,,0,0,0,,,,,,,,,0,0,0,,,,,,,,,0,0,0,,,,,,,,0,,0,,,,,,0,,0,,,,,,,,,,,,,,,,,,,,,,,,,,,,,,,0,102,,,,,,,,,,,,,,,,,,,,,,,,,,,,,,,,
9/1/2026,2025,20261191,48204,40049,"DANE RENEWABLE ENERGY, LLC",Landfill Gas,INTRASTATE,WISCONSIN,0,0,0,0,0,0,0,0,0,0,0,0,0,0,0,0,0,0,0,0,0,0,0,0,0,0,0,0,0,0,0,0,0,0,0,0,0,0,0,0,0,0,0,0,0,0,0,0,0,0,0,0,0,0,0,0,0,0,0,0,0,0,0,0,0,0,0,0,0,0,0,0,0,0,0,0,0,0,0,0,0,0,0,0,0,0,0,0,0,0,0,0,0,0,0,0,0,0,0,0,0,0,0,0,0,0,0,0,0,0,0,0,0,0,0,0,0,0,0,0,0,0,0,0,0,0,0,0,0,0,0,0,0,0,0,0,0,0,0,0,0,0,0,0,0,0,0,0,0,0,0,0,0,0,0,,0,0,0,0,0,0,0,0,0,,,,,,,,,,,,,,,,,,,,,,,,,,,,,,,0,5,,,,,,,,,,,,,,,,,,,,,,,,,,,,,,,0,
9/1/2026,2025,20260201,48538,40050,ECO ENERGY NATURAL GAS LLC,Natural Gas,INTRASTATE,KENTUCKY,0,0,0,0,,,0,0,0,0,,0,0,0,0,,,0,0,0,0,,0,0,0,0,,,0,0,0,0,,0,0,0,0,,,0,0,0,0,,0,0,0,0,,,0,0,0,0,,0,0,0,0,,,0,0,0,0,,0,0,0,0,,,0,0,0,0,,0,0,0,0,,,0,0,0,0,,0,0,0,0,,,0,0,0,0,,0,0,0,0,,,0,0,0,0,,0,0,0,0,,,0,0,0,0,,0,0,0,0,,,0,0,0,0,,0,0,0,0,,,0,0,0,0,,0,0,0,0,,0,,0,0,0,,,,,,,,,,,,,,,,,,,,,,,,,,,,,,,,,,,,,,,,,,,0,0,,,,,,,,,,,,,,,,,,,,,,,,,,,,,,,0,78
9/1/2026,2025,20260201,48538,40050,ECO ENERGY NATURAL GAS LLC,Natural Gas,INTRASTATE,TENNESSEE,,,,,,,,,,,,,,,,,,,,,,,,,,,,,,,,,,,,,,,,,,,,,,,,,,,,,,,,,,,,,,,,,,,,,,,,,,,,,,,,,,,,,,,,,,,,,,,,,,,,,,,,,,,,,,,,,,,,,,,,,,,,,,,,,,,,,,,,,,,,,,,,,,,,,,,,,,,,,,,,,,,,,,,,,,,,,,,,,,,,,,,,,,,,,,,,,,,,0,0,,,,,,,,,,,,,,,,,,,,,,,,,,,,,,,0,0
9/1/2026,2025,20260201,48538,40050,ECO ENERGY NATURAL GAS LLC,Natural Gas,INTRASTATE,VIRGINIA,,,,,,,,,,,,,,,,,,,,,,,,,,,,,,,,,,,,,,,,,,,,,,,,,,,,,,,,,,,,,,,,,,,,,,,,,,,,,,,,,,,,,,,,,,,,,,,,,,,,,,,,,,,,,,,,,,,,,,,,,,,,,,,,,,,,,,,,,,,,,,,,,,,,,,,,,,,,,,,,,,,,,,,,,,,,,,,,,,,,,,,,,,,,,,,,,,,,0,0,,,,,,,,,,,,,,,,,,,,,,,,,,,,,,,0,0
9/1/2026,2025,20260602,47585,40052,"COMSTOCK OIL & GAS -- LA, LLC",Natural Gas,INTRASTATE,LOUISIANA,0,0,0,0,0,0,0,0,0,0,0,0,0,0,0,0,0,0,0,0,0,0,0,0,0,0,0,0,0,0,0,0,0,0,0,0,0,0,0,0,0,0,0,0,0,0,0,0,0,0,0,0,0,0,0,0,0,0,0,0,0,0,0,0,0,0,0,0,0,0,0,0,0,0,0,0,0,0,0,0,0,0,0,0,0,0,0,0,0,0,0,0,0,0,0,0,0,0,0,0,0,0,0,0,0,0,0,0,0,0,0,0,0,0,0,0,0,0,0,0,0,0,0,0,0,0,0,0,0,0,0,0,0,0,0,0,0,0,0,0,0,0,0,0,0,0,0,0,0,0,0,0,0,0,0,0,0,0,0,0,0,0,0,0,0,,,,,,,,,,,,,,,,,,,,,,,,,,,,,,,0,1,,,,,,,,,,,,,,,,,,,,,,,,,,,,,,,0,3851
9/1/2026,2025,20260047,46999,40053,"TRANSCAMERON PIPELINE, LLC",Natural Gas,INTERSTATE,LOUISIANA,0,0,0,0,0,0,0,0,0,0,0,0,0,0,0,0,0,0,0,0,0,0,0,0,0,0,0,0,0,0,0,0,0,0,0,0,0,0,0,0,0,0,0,0,0,0,0,0,0,0,0,0,0,0,0,0,0,0,0,0,0,0,0,0,0,0,0,0,0,0,0,0,0,0,0,0,0,0,0,0,0,0,0,0,0,0,0,0,0,0,0,0,0,0,0,0,0,0,0,0,0,0,0,0,0,0,0,0,0,0,0,0,0,0,0,0,0,0,0,0,0,0,0,0,0,0,0,0,0,0,0,0,0,0,0,0,0,0,0,0,0,0,0,0,0,0,0,0,0,0,0,0,0,0,0,,0,0,0,0,0,0,0,0,0,,,,,,,,,,,,,,,,,,,,,,,,,,,,,,,0,1040,,,,,,,,,,,,,,,,,,,,,,,,,,,,,,,0,
9/1/2026,2025,20261034,48038,40054,"WEST WICHITA GAS GATHERING, LLC",Natural Gas,INTRASTATE,KANSAS,,,,,,,,,,,,,,,,,,,,,,,,,,,,,,,,,,,,,,,,,,,,,,,,,,,,,,,,,,,,,,,,,,,,,,,,,,,,,,,,,,,,,,,,,,,,,,,,,,,,,,,,,,,,,,,,,,,,,,,,,,,,,,,,,,,,,,,,,,,,,,,,,,,,,,,,,,,,,,,,,,,,,,0,0,0,0,0,0,0,0,0,0,0,0,0,0,0,0,0,0,0,0,0,0,0,0,0,0,0,0,0,0,0,800,0,0,0,0,0,0,0,0,0,0,0,0,0,0,0,0,0,0,0,0,0,0,0,0,0,0,0,0,0,0,0,1741
9/1/2026,2025,20260415,47380,40055,CAMBRIA ASPHALT,Natural Gas,INTRASTATE,NEW YORK,0,0,0,0,,,0,,,,,0,0,0,0,,,0,,,,,0,0,0,0,,,0,,,,,0,0,0,0,,,0,,,,,0,0,0,0,,,0,,,,,0,0,0,0,,,0,,,,,0,0,0,0,,,0,,,,,0,0,0,0,,,0,,,,,0,0,0,0,,,0,,,,,0,0,0,0,,,0,,,,,0,0,0,0,,,0,0,0,0,0,0,0,0,0,,,0,0,0,0,0,0,0,0,0,,,0,0,0,0,0,0,0,0,0,,0,,0,0,0,0,0,,0,,,,,,0,,0,,,,,,,,,,,,,,,,,,,,,,,,,,,,,,,0,0,,,,,,,,,,,,,,,,,,,,,,,,,,,,,,,0,
9/1/2026,2025,20261430,48466,40062,AMERESCO (USCG BALTIMORE),Landfill Gas,INTERSTATE,MARYLAND,0,0,0,0,0,0,0,0,0,0,0,0,0,0,0,0,0,0,0,0,0,0,0,0,0,0,0,0,0,0,0,0,0,0,0,0,0,0,0,0,0,0,0,0,0,0,0,0,0,0,0,0,0,0,0,0,0,0,0,0,0,0,0,0,0,0,0,0,0,0,0,0,0,0,0,0,0,0,0,0,0,0,0,0,0,0,0,0,0,0,0,0,0,0,0,0,0,0,0,0,0,0,0,0,0,0,0,0,0,0,0,0,0,0,0,0,0,0,0,0,0,0,0,0,0,0,0,0,0,0,0,0,0,0,0,0,0,0,0,0,0,0,0,0,0,0,0,0,0,0,0,0,0,0,0,0,0,0,0,0,0,0,0,0,0,,,,,,,,,,,,,,,,,,,,,,,,,,,,,,,0,0,,,,,,,,,,,,,,,,,,,,,,,,,,,,,,,0,0
9/1/2026,2025,20261207,48220,40063,"ROARING FORK MIDSTREAM, LLC",Natural Gas,INTERSTATE,COLORADO,0,0,0,0,,,0,,,,,0,0,0,0,,,0,,,,,0,0,0,0,,,0,,,,,0,0,0,0,,,0,,,,,0,0,0,0,,,0,,,,,0,0,0,0,,,0,,,,,0,0,0,0,,,0,,,,,0,0,0,0,,,0,,,,,0,0,0,0,,,0,,,,,0,0,0,0,,,0,,,,,0,0,0,0,,,0,0,0,0,,0,0,0,0,,,0,0,0,0,,0,0,0,0,,,0,0,0,0,,0,0,0,0,,0,,0,0,0,,0,,0,,,,,,0,,0,,,,,,,,,,,,,,,,,,,,,,,,,,,,,,,0,14,,,,,,,,,,,,,,,,,,,,,,,,,,,,,,,,
9/1/2026,2025,20261207,48220,40063,"ROARING FORK MIDSTREAM, LLC",Natural Gas,INTERSTATE,WYOMING,0,0,0,0,0,0,0,0,0,0,0,0,0,0,0,0,0,0,0,0,0,0,0,0,0,0,0,0,0,0,0,0,0,0,0,0,0,0,0,0,0,0,0,0,0,0,0,0,0,0,0,0,0,0,0,0,0,0,0,0,0,0,0,0,0,0,0,0,0,0,0,0,0,0,0,0,0,0,0,0,0,0,0,0,0,0,0,0,0,0,0,0,0,0,0,0,0,0,0,0,0,0,0,0,0,0,0,0,0,0,0,0,0,0,0,0,0,0,0,0,0,0,0,0,0,0,0,0,0,0,0,0,0,0,0,0,0,0,0,0,0,0,0,0,0,0,0,0,0,0,0,0,0,0,0,,0,0,0,0,0,0,0,0,0,,,,,,,,,,,,,,,,,,,,,,,,,,,,,,,0,140,,,,,,,,,,,,,,,,,,,,,,,,,,,,,,,0,
9/1/2026,2025,20260728,47715,40069,"STINGRAY PIPELINE COMPANY, LLC",Natural Gas,INTERSTATE,LOUISIANA,0,0,0,0,0,0,0,,,,,0,0,0,0,0,0,0,,,,,0,0,0,0,0,0,0,,,,,0,0,0,0,0,0,0,,,,,0,0,0,0,0,0,0,,,,,0,0,0,0,0,0,0,,,,,0,0,0,0,0,0,0,,,,,0,0,0,0,0,0,0,,,,,0,0,0,0,0,0,0,,,,,0,0,0,0,0,0,0,,,,,0,0,0,0,0,0,0,,,,,0,0,0,0,0,0,0,,,,,0,0,0,0,0,0,0,,,,,0,0,0,0,0,0,0,,,,,0,,0,0,,,,,0,,0,0,0,0,0,0,0,0,0,0,0,0,0,0,0,0,0,0,0,0,0,0,0,0,0,0,0,0,0,0,0,0,16,,,,,,,,,,,,,,,,,,,,,,,,,,,,,,,,
9/1/2026,2025,20260728,47715,40069,"STINGRAY PIPELINE COMPANY, LLC",Natural Gas,INTERSTATE,OCS-Gulf of America,0,0,0,0,0,0,0,0,0,0,0,0,0,0,0,0,0,0,0,0,0,0,0,0,0,0,0,0,0,0,0,0,0,0,0,0,0,0,0,0,0,0,0,0,0,0,0,0,0,0,0,0,0,0,0,0,0,0,0,0,0,0,0,0,0,0,0,0,0,0,0,0,0,0,0,0,0,0,0,0,0,0,0,0,0,0,0,0,0,0,0,0,0,0,0,0,0,0,0,0,0,0,0,0,0,0,0,0,0,0,0,0,0,0,0,0,0,0,0,0,0,0,0,0,0,0,0,0,0,0,0,0,0,0,0,0,0,0,0,0,0,0,0,0,0,0,0,0,0,0,0,0,0,0,0,,0,0,0,0,0,0,0,0,0,0,0,0,0,0,0,0,0,0,0,0,0,0,0,0,0,0,0,0,0,0,0,0,0,0,0,0,0,0,0,0,5,,,,,,,,,,,,,,,,,,,,,,,,,,,,,,,0,
9/1/2026,2025,20260728,47715,40069,"STINGRAY PIPELINE COMPANY, LLC",Natural Gas,INTRASTATE,OCS-Gulf of America,0,0,0,0,0,0,0,0,0,0,0,0,0,0,0,0,0,0,0,0,0,0,0,0,0,0,0,0,0,0,0,0,0,0,0,0,0,0,0,0,0,0,0,0,0,0,0,0,0,0,0,0,0,0,0,0,0,0,0,0,0,0,0,0,0,0,0,0,0,0,0,0,0,0,0,0,0,0,0,0,0,0,0,0,0,0,0,0,0,0,0,0,0,0,0,0,0,0,0,0,0,0,0,0,0,0,0,0,0,0,0,0,0,0,0,0,0,0,0,0,0,0,0,0,0,0,0,0,0,0,0,0,0,0,0,0,0,0,0,0,0,0,0,0,0,0,0,0,0,0,0,0,0,0,,0,0,0,0,0,0,0,0,0,0,,,,,,,,,,,,,,,,,,,,,,,,,,,,,,,0,,0,0,0,0,0,0,0,0,0,0,0,0,0,0,0,0,0,0,0,0,0,0,0,0,0,0,0,0,0,0,0,0
9/1/2026,2025,20260048,47000,40074,"VENTURE GLOBAL GATOR EXPRESS, LLC",Natural Gas,INTERSTATE,LOUISIANA,0,0,0,0,0,0,0,0,0,0,0,0,0,0,0,0,0,0,0,0,0,0,0,0,0,0,0,0,0,0,0,0,0,0,0,0,0,0,0,0,0,0,0,0,0,0,0,0,0,0,0,0,0,0,0,0,0,0,0,0,0,0,0,0,0,0,0,0,0,0,0,0,0,0,0,0,0,0,0,0,0,0,0,0,0,0,0,0,0,0,0,0,0,0,0,0,0,0,0,0,0,0,0,0,0,0,0,0,0,0,0,0,0,0,0,0,0,0,0,0,0,0,0,0,0,0,0,0,0,0,0,0,0,0,0,0,0,0,0,0,0,0,0,0,0,0,0,0,0,0,0,0,0,0,0,,0,0,0,0,0,0,0,0,0,,,,,,,,,,,,,,,,,,,,,,,,,,,,,,,0,151,,,,,,,,,,,,,,,,,,,,,,,,,,,,,,,0,
9/1/2026,2025,20260830,47824,40080,INDORAMA VENTURES OXIDES LLC,Hydrogen Gas,INTRASTATE,TEXAS,0,0,0,0,,,0,,,,,0,0,0,0,,,0,,,,,0,0,0,0,,,0,,,,,0,0,0,0,,,0,,,,,0,0,0,0,,,0,,,,,0,0,0,0,,,0,,,,,0,0,0,0,,,0,,,,,0,0,0,0,,,0,,,,,0,0,0,0,,,0,,,,,0,0,0,0,,,0,,,,,0,0,0,0,,,0,0,0,0,0,0,0,0,0,,,0,0,0,0,0,0,0,0,0,,,0,0,0,0,0,0,0,0,0,,0,,0,0,0,0,0,,0,,,,,,0,,0,0,0,0,0,0,0,0,0,0,0,0,0,0,0,0,0,0,0,0,0,0,0,0,0,0,0,0,0,0,0,0,0,,,,,,,,,,,,,,,,,,,,,,,,,,,,,,,,
9/1/2026,2025,20260835,47829,40080,INDORAMA VENTURES OXIDES LLC,Other Gas-Refinery Gas,INTRASTATE,TEXAS,0,0,0,0,,,0,,,,,0,0,0,0,,,0,,,,,0,0,0,0,,,0,,,,,0,0,0,0,,,0,,,,,0,0,0,0,,,0,,,,,0,0,0,0,,,0,,,,,0,0,0,0,,,0,,,,,0,0,0,0,,,0,,,,,0,0,0,0,,,0,,,,,0,0,0,0,,,0,,,,,0,0,0,0,,,0,0,0,0,0,0,0,0,0,,,0,0,0,0,0,0,0,0,0,,,0,0,0,0,0,0,0,0,0,,0,,0,0,0,0,0,,0,,,,,,0,,0,0,0,0,0,0,0,0,0,0,0,0,0,0,0,0,0,0,0,0,0,0,0,0,0,0,0,0,0,0,0,0,0,,,,,,,,,,,,,,,,,,,,,,,,,,,,,,,,
9/1/2026,2025,20261435,48479,40081,TG NATURAL RESOURCES,Natural Gas,INTRASTATE,TEXAS,,0,,,,,,0,0,0,,,0,,,,,,0,0,0,,,0,,,,,,0,0,0,,,0,,,,,,0,0,0,,,0,,,,,,0,0,0,,,0,,,,,,0,0,0,,,0,,,,,,0,0,0,,,0,,,,,,0,0,0,,,0,,,,,,0,0,0,,,0,,,,,,0,0,0,,,0,,,,,,0,0,0,,,0,,,,,,0,0,0,,,0,,,,,,0,0,0,,,0,,,,,,0,0,0,,,0,,,0,0,0,,,0,0,,,,,,,,,,,,,,,,,,,,,,,,,,,,,,,,,,,,,,,,,,,,,,,,,,,,,,,,,,,,,,,0,4879
9/1/2026,2025,20260885,47881,40084,CAMINO REAL GAS GATHERING COMPANY LLC,Natural Gas,INTRASTATE,TEXAS,0,0,0,0,0,0,0,0,0,0,0,0,0,0,0,0,0,0,0,0,0,0,0,0,0,0,0,0,0,0,0,0,0,0,0,0,0,0,0,0,0,0,0,0,0,0,0,0,0,0,0,0,0,0,0,0,0,0,0,0,0,0,0,0,0,0,0,0,0,0,0,0,0,0,0,0,0,0,0,0,0,0,0,0,0,0,0,0,0,0,0,0,0,0,0,0,0,0,0,0,0,0,0,0,0,0,0,0,0,0,0,0,0,0,0,0,0,0,0,0,0,0,0,0,0,0,0,0,0,0,0,0,0,0,0,0,0,0,0,0,0,0,0,0,0,0,0,0,0,0,0,0,0,0,,0,0,0,0,0,0,0,0,0,0,,,,,,,,,,,,,,,,,,,,,,,,,,,,,,,0,,0,0,0,0,0,0,0,0,0,0,0,0,0,0,0,0,0,0,0,0,0,0,0,0,0,0,0,0,0,0,0,304
9/1/2026,2025,20260688,47673,40085,"TRISTATE RTX, LLC",Natural Gas,INTRASTATE,TEXAS,0,0,0,0,0,0,0,0,0,0,0,0,0,0,0,0,0,0,0,0,0,0,0,0,0,0,0,0,0,0,0,0,0,0,0,0,0,0,0,0,0,0,0,0,0,0,0,0,0,0,0,0,0,0,0,0,0,0,0,0,0,0,0,0,0,0,0,0,0,0,0,0,0,0,0,0,0,0,0,0,0,0,0,0,0,0,0,0,0,0,0,0,0,0,0,0,0,0,0,0,0,0,0,0,0,0,0,0,0,0,0,0,0,0,0,0,0,0,0,0,0,0,0,1,0,0,0,0,0,0,0,0,0,0,0,0,0,0,0,0,0,0,0,0,0,1,0,0,0,0,0,0,0,0,2,,0,0,0,0,0,0,0,0,0,,,,,,,,,,,,,,,,,,,,,,,,,,,,,,,0,275,,,,,,,,,,,,,,,,,,,,,,,,,,,,,,,,
9/1/2026,2025,20260686,47671,40086,"TRISTATE RLA, LLC",Natural Gas,INTRASTATE,LOUISIANA,0,0,0,0,0,0,0,0,0,0,0,0,0,0,0,0,0,0,0,0,0,0,0,0,0,0,0,0,0,0,0,0,0,0,0,0,0,0,0,0,0,0,0,0,0,0,0,0,0,0,0,0,0,0,0,0,0,0,0,0,0,0,0,0,0,0,0,0,0,0,0,0,0,0,0,0,0,0,0,0,0,0,0,0,0,0,0,0,0,0,0,0,0,0,0,0,0,0,0,0,0,0,0,0,0,0,0,0,0,0,0,0,0,0,0,0,0,0,0,0,0,0,0,0,0,0,0,0,0,0,0,0,0,0,0,0,0,0,0,0,0,0,0,0,0,0,0,0,0,0,0,0,0,0,0,,0,0,0,0,0,0,0,0,0,,,,,,,,,,,,,,,,,,,,,,,,,,,,,,,0,23,,,,,,,,,,,,,,,,,,,,,,,,,,,,,,,,
9/1/2026,2025,20261091,48100,40087,HILAND SANDERSON SYSTEM LLC,Natural Gas,INTRASTATE,NORTH DAKOTA,,0,,,,,,0,0,0,,,0,,,,,,0,0,0,,,0,,,,,,0,0,0,,,0,,,,,,0,0,0,,,0,,,,,,0,0,0,,,0,,,,,,0,0,0,,,0,,,,,,0,0,0,,,0,,,,,,0,0,0,,,0,,,,,,0,0,0,,,0,,,,,,0,0,0,,,0,,,,,,0,0,0,,,0,,,,,,0,0,0,,,0,,,,,,0,0,0,,,0,,,,,,0,0,0,,,0,,,0,0,0,,,0,0,,,,,,,,,,,,,,,,,,,,,,,,,,,,,,,,,0,0,0,0,0,0,0,0,0,0,0,0,0,0,0,0,0,0,0,0,0,0,0,0,0,0,0,0,0,0,0,470
9/1/2026,2025,20260328,47289,40093,AIR LIQUIDE ADVANCED TECHNOLOGIES US LLC G,Other Gas-processed landfill methane,INTRASTATE,WISCONSIN,0,0,0,0,0,0,0,0,0,0,0,0,0,0,0,0,0,0,0,0,0,0,0,0,0,0,0,0,0,0,0,0,0,0,0,0,0,0,0,0,0,0,0,0,0,0,0,0,0,0,0,0,0,0,0,0,0,0,0,0,0,0,0,0,0,0,0,0,0,0,0,0,0,0,0,0,0,0,0,0,0,0,0,0,0,0,0,0,0,0,0,0,0,0,0,0,0,0,0,0,0,0,0,0,0,0,0,0,0,0,0,0,0,0,0,0,0,0,0,0,0,0,0,0,0,0,0,0,0,0,0,0,0,0,0,0,0,0,0,0,0,0,0,0,0,0,0,0,0,0,0,0,0,0,0,,0,0,0,0,0,0,0,0,0,,,,,,,,,,,,,,,,,,,,,,,,,,,,,,,0,65,,,,,,,,,,,,,,,,,,,,,,,,,,,,,,,0,
9/1/2026,2025,20260283,47241,40095,"PETROTX OPERATING, LLC",Natural Gas,INTRASTATE,TEXAS,0,0,0,0,0,0,0,0,0,0,0,0,0,0,0,0,0,0,0,0,0,0,0,0,0,0,0,0,0,0,0,0,0,0,0,0,0,0,0,0,0,0,0,0,0,0,0,0,0,0,0,0,0,0,0,0,0,0,0,0,0,0,0,0,0,0,0,0,0,0,0,0,0,0,0,0,0,0,0,0,0,0,0,0,0,0,0,0,0,0,0,0,0,0,0,0,0,0,0,0,0,0,0,0,0,0,0,0,0,0,0,0,0,0,0,0,0,0,0,0,0,0,0,0,0,0,0,0,0,0,0,0,0,0,0,0,0,0,0,0,0,0,0,0,0,0,0,0,0,0,0,0,0,0,,0,0,0,0,0,0,0,0,0,0,,,,,,,,,,,,,,,,,,,,,,,,,,,,,,,0,,,,,,,,,,,,,,,,,,,,,,,,,,,,,,,,0,649
9/1/2026,2025,20261323,48336,40119,VERMILLION POWER,Natural Gas,INTRASTATE,OHIO,0,0,0,0,0,0,0,0,0,0,0,0,0,0,0,0,0,0,0,0,0,0,0,0,0,0,0,0,0,0,0,0,0,0,0,0,0,0,0,0,0,0,0,0,0,0,0,0,0,0,0,0,0,0,0,0,0,0,0,0,0,0,0,0,0,0,0,0,0,0,0,0,0,0,0,0,0,0,0,0,0,0,0,0,0,0,0,0,0,0,0,0,0,0,0,0,0,0,0,0,0,0,0,0,0,0,0,0,0,0,0,0,0,0,0,0,0,0,0,0,0,0,0,0,0,0,0,0,0,0,0,0,0,0,0,0,0,0,0,0,0,0,0,0,0,0,0,0,0,0,0,0,0,0,0,,0,0,0,0,0,0,0,0,0,,,,,,,,,,,,,,,,,,,,,,,,,,,,,,,0,0,,,,,,,,,,,,,,,,,,,,,,,,,,,,,,,0,
9/1/2026,2025,20260987,48514,40121,LINN COUNTY ROAD DEPARTMENT,Natural Gas,INTRASTATE,OREGON,0,0,0,0,,,0,,,,,0,0,0,0,,,0,,,,,0,0,0,0,,,0,,,,,0,0,0,0,,,0,,,,,0,0,0,0,,,0,,,,,0,0,0,0,,,0,,,,,0,0,0,0,,,0,,,,,0,0,0,0,,,0,,,,,0,0,0,0,,,0,,,,,0,0,0,0,,,0,,,,,0,0,0,0,,,0,,,,,0,0,0,0,,,0,,,,,0,0,0,0,,,0,,,,,0,0,0,0,,0,,,,,,0,,0,,,,,,0,,0,,,,,,,,,,,,,,,,,,,,,,,,,,,,,,,0,3,,,,,,,,,,,,,,,,,,,,,,,,,,,,,,,0,
9/1/2026,2025,20260946,47945,40122,BCE-MACH III MIDSTREAM HOLDINGS LLC,Natural Gas,INTRASTATE,OKLAHOMA,0,0,0,0,0,0,0,0,0,0,0,0,0,0,0,0,0,0,0,0,0,0,0,0,0,0,0,0,0,0,0,0,0,0,0,0,0,0,0,0,0,0,0,0,0,0,0,0,0,0,0,0,0,0,0,0,0,0,0,0,0,0,0,0,0,0,0,0,0,0,0,0,0,0,0,0,0,0,0,0,0,0,0,0,0,0,0,0,0,0,0,0,0,0,0,0,0,0,0,0,0,0,0,0,0,0,0,0,0,0,0,0,0,0,0,0,0,0,0,0,0,0,0,0,0,0,0,0,0,0,0,0,0,0,0,0,0,0,0,0,0,0,0,0,0,0,0,0,0,0,0,0,0,0,0,0,0,,,0,0,,0,0,0,,,,,,,,,,,,,,,,,,,,,,,,,,,,,,,0,1670,,,,,,,,,,,,,,,,,,,,,,,,,,,,,,,0,1670
9/1/2026,2025,20260098,47052,40123,"BEECH MIDSTREAM, LLC",Natural Gas,INTRASTATE,PENNSYLVANIA,0,0,0,0,0,0,0,0,0,0,0,0,0,0,0,0,0,0,0,0,0,0,0,0,0,0,0,0,0,0,0,0,0,0,0,0,0,0,0,0,0,0,0,0,0,0,0,0,0,0,0,0,0,0,0,0,0,0,0,0,0,0,0,0,0,0,0,0,0,0,0,0,0,0,0,0,0,0,0,0,0,0,0,0,0,0,0,0,0,0,0,0,0,0,0,0,0,0,0,0,0,0,0,0,0,0,0,0,0,0,0,0,0,0,0,0,0,0,0,0,0,0,0,0,0,0,0,0,0,0,0,0,0,0,0,0,0,0,0,0,0,0,0,0,0,0,0,0,0,0,0,0,0,0,,0,0,0,0,0,0,0,0,0,0,,,,,,,,,,,,,,,,,,,,,,,,,,,,,,,0,,,,,,,,,,,,,,,,,,,,,,,,,,,,,,,,0,5
9/1/2026,2025,20261201,48214,40128,IACX ROCK CREEK LLC,Natural Gas,INTRASTATE,TEXAS,,,,,,,,,,,,,,,,,,,,,,,,,,,,,,,,,,,,,,,,,,,,,,,,,,,,,,,,,,,,,,,,,,,,,,,,,,,,,,,,,,,,,,,,,,,,,,,,,,,,,,,,,,,,,,,,,,,,,,,,,,,,,,,,,,,,,,,,,,,,,,,,,,,,,,,,,,,,,,,,,,,,,,0,0,0,0,0,0,0,0,0,0,0,0,0,0,0,0,0,0,0,0,0,0,0,0,0,0,0,0,0,0,0,0,0,0,0,0,0,0,0,0,0,0,0,0,0,0,0,0,0,0,0,0,0,0,0,0,0,0,0,0,0,0,0,0
9/1/2026,2025,20260071,47024,40129,"ZFS ITHACA, LLC",Natural Gas,INTRASTATE,MICHIGAN,,,,,,,,,,,,,,,,,,,,,,,,,,,,,,,,,,,,,,,,,,,,,,,,,,,,,,,,,,,,,,,,,,,,,,,,,,,,,,,,,,,,,,,,,,,,,,,,,,,,,,,,,,,,,,,,,,,,,,,,,,,,,,,,,,,,,,,,,,,,,,,,,,,,,,,,,,,,,,,,,,,,,,,,,,,,,,,,,,,,,,,,,,,,,,,,,,,,0,20,,,,,,,,,,,,,,,,,,,,,,,,,,,,,,,,
9/1/2026,2025,20261349,48481,40135,"EVERLINE COMPLIANCE, LLC",Natural Gas,INTRASTATE,CALIFORNIA,0,0,0,0,0,0,0,,,,,0,0,0,0,0,0,0,,,,,0,0,0,0,0,0,0,,,,,0,0,0,0,0,0,0,,,,,0,0,0,0,0,0,0,,,,,0,0,0,0,0,0,0,,,,,0,0,0,0,0,0,0,,,,,0,0,0,0,0,0,0,,,,,0,0,0,0,0,0,0,,,,,0,0,0,0,0,0,0,,,,,0,0,0,0,0,0,0,,,,,0,0,0,0,0,0,0,,,,,0,0,0,0,0,0,0,,,,,0,0,0,0,0,0,0,,,,,,,,,,,,,,,,0,0,0,0,0,0,0,0,0,0,0,0,0,0,0,0,0,0,0,0,0,0,0,0,0,0,0,0,0,0,0,158,,,,,,,,,,,,,,,,,,,,,,,,,,,,,,,,
9/1/2026,2025,20261349,48481,40135,"EVERLINE COMPLIANCE, LLC",Natural Gas,INTRASTATE,LOUISIANA,0,0,0,0,0,0,0,,,,,0,0,0,0,0,0,0,,,,,0,0,0,0,0,0,0,,,,,0,0,0,0,0,0,0,,,,,0,0,0,0,0,0,0,,,,,0,0,0,0,0,0,0,,,,,0,0,0,0,0,0,0,,,,,0,0,0,0,0,0,0,,,,,0,0,0,0,0,0,0,,,,,0,0,0,0,0,0,0,,,,,0,0,0,0,0,0,0,,,,,0,0,0,0,0,0,0,,,,,0,0,0,0,0,0,0,,,,,0,0,0,0,0,0,0,,,,,,,,,,,,,,,,0,0,0,0,0,0,0,0,0,0,0,0,0,0,0,0,,0,0,0,0,0,0,0,0,0,0,0,0,0,0,130,,,,,,,,,,,,,,,,,,,,,,,,,,,,,,,,
9/1/2026,2025,20261349,48481,40135,"EVERLINE COMPLIANCE, LLC",Natural Gas,INTRASTATE,MISSISSIPPI,,,,,,,,,,,,,,,,,,,,,,,,,,,,,,,,,,,,,,,,,,,,,,,,,,,,,,,,,,,,,,,,,,,,,,,,,,,,,,,,,,,,,,,,,,,,,,,,,,,,,,,,,,,,,,,,,,,,,,,,,,,,,,,,,,,,,,,,,,,,,,,,,,,,,,,,,,,,,,,,,,,,,,0,0,0,0,0,0,0,0,0,0,0,0,0,0,0,0,0,0,0,0,0,0,0,0,0,0,0,0,0,0,0,226,,,,,,,,,,,,,,,,,,,,,,,,,,,,,,,0,
9/1/2026,2025,20261349,48481,40135,"EVERLINE COMPLIANCE, LLC",Natural Gas,INTRASTATE,NEBRASKA,,,,,,,,,,,,,,,,,,,,,,,,,,,,,,,,,,,,,,,,,,,,,,,,,,,,,,,,,,,,,,,,,,,,,,,,,,,,,,,,,,,,,,,,,,,,,,,,,,,,,,,,,,,,,,,,,,,,,,,,,,,,,,,,,,,,,,,,,,,,,,,,,,,,,,,,,,,,,,,,,,,,,,0,0,0,0,0,0,0,0,0,0,0,0,0,0,0,0,0,0,0,0,0,0,0,0,0,0,0,0,0,0,0,84,,,,,,,,,,,,,,,,,,,,,,,,,,,,,,,,
9/1/2026,2025,20261349,48481,40135,"EVERLINE COMPLIANCE, LLC",Natural Gas,INTRASTATE,PENNSYLVANIA,,,,,,,,,,,,,,,,,,,,,,,,,,,,,,,,,,,,,,,,,,,,,,,,,,,,,,,,,,,,,,,,,,,,,,,,,,,,,,,,,,,,,,,,,,,,,,,,,,,,,,,,,,,,,,,,,,,,,,,,,,,,,,,,,,,,,,,,,,,,,,,,,,,,,,,,,,,,,,,,,,,,,,0,0,0,0,0,0,0,0,0,0,0,0,0,0,0,0,0,0,0,0,0,0,0,0,0,0,0,0,0,0,0,4,,,,,,,,,,,,,,,,,,,,,,,,,,,,,,,,
9/1/2026,2025,20261349,48481,40135,"EVERLINE COMPLIANCE, LLC",Natural Gas,INTRASTATE,TEXAS,0,0,0,0,0,0,0,,,,,0,0,0,0,0,0,0,,,,,0,0,0,0,0,0,0,,,,,0,0,0,0,0,0,0,,,,,0,0,0,0,0,0,0,,,,,0,0,0,0,0,0,0,,,,,0,0,0,0,0,0,0,,,,,0,0,0,0,0,0,0,,,,,0,0,0,0,0,0,0,,,,,0,0,0,0,0,0,0,,,,,0,0,0,0,0,0,0,,,,,0,0,0,0,0,0,0,,,,,0,0,0,0,0,0,0,,,,,0,0,0,0,0,0,0,,,,,,,,,,,,,,,,0,0,0,0,0,0,0,0,0,0,0,0,0,0,0,0,0,0,0,0,0,0,0,0,0,0,0,0,0,0,0,1067,,,,,,,,,,,,,,,,,,,,,,,,,,,,,,,,
9/1/2026,2025,20261186,48199,40142,"MAX MIDSTREAM TEXAS, LLC",Natural Gas,INTRASTATE,TEXAS,,0,,,,,,0,0,0,,,0,,,,,,0,0,0,,,0,,,,,,0,0,0,,,0,,,,,,0,0,0,,,0,,,,,,0,0,0,,,0,,,,,,0,0,0,,,0,,,,,,0,0,0,,,0,,,,,,0,0,0,,,0,,,,,,0,0,0,,,0,,,,,,0,0,0,,,0,,,,,,0,0,0,,,0,,,,,,0,0,0,,,0,,,,,,0,0,0,,,0,,,,,,0,0,0,,,0,,,0,0,0,,,0,0,,,,,,,,,,,,,,,,,,,,,,,,,,,,,,,,,15,0,1,0,0,16,0,0,0,0,0,0,0,0,0,0,0,0,0,0,0,0,0,0,0,0,0,0,0,0,16,3258
9/1/2026,2025,20260645,47630,40143,"TEJAS POWER GENERATION, LLC",Natural Gas,INTRASTATE,TEXAS,0,0,0,0,,,0,0,0,0,,0,0,0,0,,,0,0,0,0,,0,0,0,0,,,0,0,0,0,,0,0,0,0,,,0,0,0,0,,0,0,0,0,,,0,0,0,0,,0,0,0,0,,,0,0,0,0,,0,0,0,0,,,0,0,0,0,,0,0,0,0,,,0,0,0,0,,0,0,0,0,,,0,0,0,0,,0,0,0,0,,,0,0,0,0,,0,0,0,0,,,0,0,0,0,,0,0,0,0,,,0,0,0,0,,0,0,0,0,,,0,0,0,0,,0,0,0,0,,0,,0,0,0,,0,0,0,,0,0,0,,0,0,0,,,,,,,,,,,,,,,,,,,,,,,,,,,,,,,0,0,,,,,,,,,,,,,,,,,,,,,,,,,,,,,,,0,0
9/1/2026,2025,20260138,47093,40145,"POTAC, LLC",Natural Gas,INTRASTATE,TEXAS,0,0,0,0,0,0,0,0,0,0,0,0,0,0,0,0,0,0,0,0,0,0,0,0,0,0,0,0,0,0,0,0,0,0,0,0,0,0,0,0,0,0,0,0,0,0,0,0,0,0,0,0,0,0,0,0,0,0,0,0,0,0,0,0,0,0,0,0,0,0,0,0,0,0,0,0,0,0,0,0,0,0,0,0,0,0,0,0,0,0,0,0,0,0,0,0,0,0,0,0,0,0,0,0,0,0,0,0,0,0,0,0,0,0,0,0,0,0,0,0,0,0,0,0,0,0,0,0,0,0,0,0,0,0,0,0,0,0,0,0,0,0,0,0,0,0,0,0,0,0,0,0,0,0,0,,0,0,0,0,0,0,0,0,0,,,,,,,,,,,,,,,,,,,,,,,,,,,,,,,0,63,,,,,,,,,,,,,,,,,,,,,,,,,,,,,,,0,
9/1/2026,2025,20260938,47935,40146,"CONTINENTAL RESOURCES, INC.",Natural Gas,INTRASTATE,NORTH DAKOTA,0,0,0,0,0,0,0,0,0,0,0,0,0,0,0,0,0,0,0,0,0,0,0,0,0,0,0,0,0,0,0,0,0,0,0,0,0,0,0,0,0,0,0,0,0,0,0,0,0,0,0,0,0,0,0,0,0,0,0,0,0,0,0,0,0,0,0,0,0,0,0,0,0,0,0,0,0,0,0,0,0,0,0,0,0,0,0,0,0,0,0,0,0,0,0,0,0,0,0,0,0,0,0,0,0,0,0,0,0,0,0,0,0,0,0,0,0,0,0,0,0,0,0,0,0,0,0,0,0,0,0,0,0,0,0,0,0,0,0,0,0,0,0,0,0,0,0,0,0,0,0,0,0,0,,0,0,0,0,0,0,0,0,0,0,,,,,,,,,,,,,,,,,,,,,,,,,,,,,,,0,,0,0,0,0,0,0,0,0,0,0,0,0,0,0,0,0,0,0,0,0,0,0,0,0,0,0,0,0,0,0,0,50
9/1/2026,2025,20260938,47935,40146,"CONTINENTAL RESOURCES, INC.",Natural Gas,INTRASTATE,OKLAHOMA,,0,,,,,,0,0,0,,,0,,,,,,0,0,0,,,0,,,,,,0,0,0,,,0,,,,,,0,0,0,,,0,,,,,,0,0,0,,,0,,,,,,0,0,0,,,0,,,,,,0,0,0,,,0,,,,,,0,0,0,,,0,,,,,,0,0,0,,,0,,,,,,0,0,0,,,0,,,,,,0,0,0,,,0,,,,,,0,0,0,,,0,,,,,,0,0,0,,,0,,,,,,0,0,0,,,0,0,0,0,0,0,0,0,0,0,,,,,,,,,,,,,,,,,,,,,,,,,,,,,,,0,,0,0,0,0,0,0,0,0,0,0,0,0,0,0,0,0,0,0,0,0,0,0,0,0,0,0,0,0,0,0,0,136
9/1/2026,2025,20260872,47868,40149,MPLX LP,Natural Gas,INTERSTATE,OKLAHOMA,0,0,0,0,,,0,,,,,0,0,0,0,,,0,,,,,0,0,0,0,,,0,,,,,0,0,0,0,,,0,,,,,0,0,0,0,,,0,,,,,0,0,0,0,,,0,,,,,0,0,0,0,,,0,,,,,0,0,0,0,,,0,,,,,0,0,0,0,,,0,,,,,0,0,0,0,,,0,,,,,0,0,0,0,,,0,0,0,0,0,0,0,0,0,,,0,0,0,0,0,0,0,0,0,,,0,0,0,0,0,0,0,0,0,,0,,0,0,0,0,0,,0,,,,,,0,,0,0,0,0,0,0,0,0,0,0,0,0,0,0,0,0,0,0,0,0,0,0,0,0,0,0,0,0,0,0,0,0,826,,,,,,,,,,,,,,,,,,,,,,,,,,,,,,,,
9/1/2026,2025,20260872,47868,40149,MPLX LP,Natural Gas,INTRASTATE,NEW MEXICO,0,0,0,0,0,0,0,0,0,0,0,0,0,0,0,0,0,0,0,0,0,0,0,0,0,0,0,0,0,0,0,0,0,0,0,0,0,0,0,0,0,0,0,0,0,0,0,0,0,0,0,0,0,0,0,0,0,0,0,0,0,0,0,0,0,0,0,0,0,0,0,0,0,0,0,0,0,0,0,0,0,0,0,0,0,0,0,0,0,0,0,0,0,0,0,0,0,0,0,0,0,0,0,0,0,0,0,0,0,0,0,0,0,0,0,0,0,0,0,0,0,0,0,0,0,0,0,0,0,0,0,0,0,0,0,0,0,0,0,0,0,0,0,0,0,0,0,0,0,0,0,0,0,0,,0,0,0,0,0,0,0,0,0,0,,,,,,,,,,,,,,,,,,,,,,,,,,,,,,,0,,0,0,0,0,0,0,0,0,0,0,0,0,0,0,0,0,0,0,0,0,0,0,0,0,0,0,0,0,0,0,0,3556
9/1/2026,2025,20260872,47868,40149,MPLX LP,Natural Gas,INTRASTATE,NORTH DAKOTA,0,0,0,0,0,0,0,0,0,0,0,0,0,0,0,0,0,0,0,0,0,0,0,0,0,0,0,0,0,0,0,0,0,0,0,0,0,0,0,0,0,0,0,0,0,0,0,0,0,0,0,0,0,0,0,0,0,0,0,0,0,0,0,0,0,0,0,0,0,0,0,0,0,0,0,0,0,0,0,0,0,0,0,0,0,0,0,0,0,0,0,0,0,0,0,0,0,0,0,0,0,0,0,0,0,0,0,0,0,0,0,0,0,0,0,0,0,0,0,0,0,0,0,0,0,0,0,0,0,0,0,0,0,0,0,0,0,0,0,0,0,0,0,0,0,0,0,0,0,0,0,0,0,0,,0,0,0,0,0,0,0,0,0,0,,,,,,,,,,,,,,,,,,,,,,,,,,,,,,,0,,0,0,0,0,0,0,0,0,0,0,0,0,0,0,0,0,0,0,0,0,0,0,0,0,0,0,0,0,0,0,0,1828
9/1/2026,2025,20260872,47868,40149,MPLX LP,Natural Gas,INTRASTATE,OHIO,0,0,0,0,0,0,0,0,0,0,0,0,0,0,0,0,0,0,0,0,0,0,0,0,0,0,0,0,0,0,0,0,0,0,0,0,0,0,0,0,0,0,0,0,0,0,0,0,0,0,0,0,0,0,0,0,0,0,0,0,0,0,0,0,0,0,0,0,0,0,0,0,0,0,0,0,0,0,0,0,0,0,0,0,0,0,0,0,0,0,0,0,0,0,0,0,0,0,0,0,0,0,0,0,0,0,0,0,0,0,0,0,0,0,0,0,0,0,0,0,0,0,0,0,0,0,0,0,0,0,0,0,0,0,0,0,0,0,0,0,0,0,0,0,0,0,0,0,0,0,0,0,0,0,,0,0,0,0,0,0,0,0,0,0,,,,,,,,,,,,,,,,,,,,,,,,,,,,,,,0,,0,0,0,0,0,0,0,0,0,0,0,0,0,0,0,0,0,0,0,0,0,0,0,0,0,0,0,0,0,0,0,4599
9/1/2026,2025,20260872,47868,40149,MPLX LP,Natural Gas,INTRASTATE,OKLAHOMA,0,0,0,0,0,0,0,0,0,0,0,0,0,0,0,0,0,0,0,0,17,0,0,0,0,0,0,0,0,0,0,0,0,0,0,0,0,0,0,0,0,0,0,0,0,0,0,0,0,0,0,0,0,0,0,0,0,0,0,0,0,0,0,0,0,0,0,0,0,0,0,0,0,0,0,0,0,0,0,0,0,0,0,0,0,0,0,0,0,0,0,0,0,0,0,0,0,0,0,0,0,0,0,0,0,0,0,0,0,0,0,0,0,0,0,0,0,0,0,0,0,0,0,0,0,0,0,0,0,0,0,0,0,0,0,0,0,0,0,0,0,1,0,0,0,0,0,0,0,0,0,0,18,0,,0,0,0,0,0,0,0,0,0,0,,,,,,,,,,,,,,,,,,,,,,,,,,,,,,,0,,0,0,0,0,0,0,0,0,0,0,0,0,0,0,0,0,0,0,0,0,0,0,0,0,0,0,0,0,0,0,0,5008
9/1/2026,2025,20260872,47868,40149,MPLX LP,Natural Gas,INTRASTATE,PENNSYLVANIA,0,0,0,0,0,0,0,0,0,0,0,0,0,0,0,0,0,0,0,0,0,0,0,0,0,0,0,0,0,0,0,0,0,0,0,0,0,0,0,0,0,0,0,0,0,0,0,0,0,0,0,0,0,0,0,0,0,0,0,0,0,0,0,0,0,0,0,0,0,0,0,0,0,0,0,0,0,0,0,0,0,0,0,0,0,0,0,0,0,0,0,0,0,0,0,0,0,0,0,0,0,0,0,0,0,0,0,0,0,0,0,0,0,0,0,0,0,0,0,0,0,0,0,0,0,0,0,0,0,0,0,0,0,0,0,0,0,0,0,0,0,0,0,0,0,0,0,0,0,0,0,0,0,0,,0,0,0,0,0,0,0,0,0,0,,,,,,,,,,,,,,,,,,,,,,,,,,,,,,,0,,0,0,0,0,0,0,0,0,0,0,0,0,0,0,0,0,0,0,0,0,0,0,0,0,0,0,0,0,0,0,0,9281
9/1/2026,2025,20260872,47868,40149,MPLX LP,Natural Gas,INTRASTATE,TEXAS,0,0,0,0,0,0,0,0,0,0,0,0,0,0,0,0,0,0,0,0,0,0,0,0,0,0,0,0,0,0,0,0,0,0,0,0,0,0,0,0,0,0,0,0,0,0,0,0,0,0,0,0,0,0,0,0,0,0,0,0,0,0,0,0,0,0,0,0,0,0,0,0,0,0,0,0,0,0,0,0,0,0,0,0,0,0,0,0,0,0,0,0,0,0,0,0,0,0,0,0,0,0,0,0,0,0,0,0,0,0,0,0,0,0,0,0,0,0,0,0,0,0,0,0,0,0,0,0,0,0,0,0,0,0,0,0,0,0,0,0,0,0,0,0,0,0,0,0,0,0,0,0,0,0,,0,0,0,0,0,0,0,0,0,0,,,,,,,,,,,,,,,,,,,,,,,,,,,,,,,0,,0,0,0,0,0,0,0,0,0,0,0,0,0,0,0,0,0,0,0,0,0,0,0,0,0,0,0,0,0,0,0,4588
9/1/2026,2025,20260872,47868,40149,MPLX LP,Natural Gas,INTRASTATE,WEST VIRGINIA,0,0,0,0,0,0,0,0,0,0,0,0,0,0,0,0,0,0,0,0,0,0,0,0,0,0,0,0,0,0,0,0,0,0,0,0,0,0,0,0,0,0,0,0,0,0,0,0,0,0,0,0,0,0,0,0,0,0,0,0,0,0,0,0,0,0,0,0,0,0,0,0,0,0,0,0,0,0,0,0,0,0,0,0,0,0,0,0,0,0,0,0,0,0,0,0,0,0,0,0,0,0,0,0,0,0,0,0,0,0,0,0,0,0,0,0,0,0,0,0,0,0,0,0,0,0,0,0,0,0,0,0,0,0,0,0,0,0,0,0,0,0,0,0,0,0,0,0,0,0,0,0,0,0,,0,0,0,0,0,0,0,0,0,0,,,,,,,,,,,,,,,,,,,,,,,,,,,,,,,0,,0,0,0,0,0,0,0,0,0,0,0,0,0,0,0,0,0,0,0,0,0,0,0,0,0,0,0,0,0,0,0,3127
9/1/2026,2025,20261221,48234,40150,"PENNHILLS RESOURCES, LLC",Natural Gas,INTRASTATE,PENNSYLVANIA,,0,,,,,,0,0,0,,,0,,,,,,0,0,0,,,0,,,,,,0,0,0,,,0,,,,,,0,0,0,,,0,,,,,,0,0,0,,,0,,,,,,0,0,0,,,0,,,,,,0,0,0,,,0,,,,,,0,0,0,,,0,,,,,,0,0,0,,,0,,,,,,0,0,0,,,0,,,,,,0,0,0,,,0,,,,,,0,0,0,,,0,,,,,,0,0,0,,,0,,,,,,0,0,0,,,0,,,0,0,0,,,0,0,,,,,,,,,,,,,,,,,,,,,,,,,,,,,,,0,,0,0,0,0,0,0,0,0,0,0,0,0,0,0,0,0,0,0,0,0,0,0,0,0,0,0,0,0,0,0,0,0
9/1/2026,2025,20261378,48420,40152,POST OAK MIDSTREAM,Natural Gas,INTRASTATE,TEXAS,,0,,,,,,,0,0,,,0,,,,,,,0,0,,,0,,,,,,,0,0,,,0,,,,,,,0,0,,,0,,,,,,,0,0,,,0,,,,,,,0,0,,,0,,,,,,,0,0,,,0,,,,,,,0,0,,,0,,,,,,,0,0,,,0,,,,,,,0,0,,,0,,,,,,,0,0,,,0,,,,,,,0,0,,,0,,,,,,,0,0,,,0,,,,,,,0,0,,,0,,,,0,0,,,0,0,,,,,,,,,,,,,,,,,,,,,,,,,,,,,,,,,,,,,,,,,,,,,,,,,,,,,,,,,,,,,,,0,0
9/1/2026,2025,20261424,48457,40155,COWBOY MIDSTREAM LLC,Natural Gas,INTRASTATE,WYOMING,0,0,0,0,0,0,0,0,0,0,0,0,0,0,0,0,0,0,0,0,0,0,0,0,0,0,0,0,0,0,0,0,0,0,0,0,0,0,0,0,0,0,0,0,0,0,0,0,0,0,0,0,0,0,0,0,0,0,0,0,0,0,0,0,0,0,0,0,0,0,0,0,0,0,0,0,0,0,0,0,0,0,0,0,0,0,0,0,0,0,0,0,0,0,0,0,0,0,0,0,0,0,0,0,0,0,0,0,0,0,0,0,0,0,0,0,0,0,0,0,0,0,0,0,0,0,0,0,0,0,0,0,0,0,0,0,0,0,0,0,0,0,0,0,0,0,0,0,0,0,0,0,0,0,0,,0,0,0,0,0,0,0,0,0,,,,,,,,,,,,,,,,,,,,,,,,,,,,,,,0,0,,,,,,,,,,,,,,,,,,,,,,,,,,,,,,,0,
9/1/2026,2025,20260761,47750,40159,"NLC ENERGY, LLC",Other Gas-Bio-Gas,INTRASTATE,WISCONSIN,0,0,0,0,0,0,0,0,0,0,0,0,0,0,0,0,0,0,0,0,0,0,0,0,0,0,0,0,0,0,0,0,0,0,0,0,0,0,0,0,0,0,0,0,0,0,0,0,0,0,0,0,0,0,0,0,0,0,0,0,0,0,0,0,0,0,0,0,0,0,0,0,0,0,0,0,0,0,0,0,0,0,0,0,0,0,0,0,0,0,0,0,0,0,0,0,0,0,0,0,0,0,0,0,0,0,0,0,0,0,0,0,0,0,0,0,0,0,0,0,0,0,0,0,0,0,0,0,0,0,0,0,0,0,0,0,0,0,0,0,0,0,0,0,0,0,0,0,0,0,0,0,0,0,,0,0,0,0,0,0,0,0,0,0,,,,,,,,,,,,,,,,,,,,,,,,,,,,,,,0,,,,,,,,,,,,,,,,,,,,,,,,,,,,,,,,0,54
9/1/2026,2025,20260426,47392,40161,LOWMAN PIPELINE,Natural Gas,INTRASTATE,ALABAMA,0,0,0,0,0,0,0,0,0,0,0,0,0,0,0,0,0,0,0,0,0,0,0,0,0,0,0,0,0,0,0,0,0,0,0,0,0,0,0,0,0,0,0,0,0,0,0,0,0,0,0,0,0,0,0,0,0,0,0,0,0,0,0,0,0,0,0,0,0,0,0,0,0,0,0,0,0,0,0,0,0,0,0,0,0,0,0,0,0,0,0,0,0,0,0,0,0,0,0,0,0,0,0,0,0,0,0,0,0,0,0,0,0,0,0,0,0,0,0,0,0,0,0,0,0,0,0,0,0,0,0,0,0,0,0,0,0,0,0,0,0,0,0,0,0,0,0,0,0,0,0,0,0,0,0,,0,0,0,0,0,0,0,0,0,0,0,0,0,0,0,0,0,0,0,0,0,0,0,0,0,0,0,0,0,0,0,0,0,0,0,0,0,0,0,0,135,,,,,,,,,,,,,,,,,,,,,,,,,,,,,,,0,
9/1/2026,2025,20260310,48472,40162,CITY OF AUGUSTA,Natural Gas,INTRASTATE,KANSAS,0,0,0,0,,,0,,,,,0,0,0,0,,,0,,,,,0,0,0,0,,,0,,,,,0,0,0,0,,,0,,,,,0,0,0,0,,,0,,,,,0,0,0,0,,,0,,,,,0,0,0,0,,,0,,,,,0,0,0,0,,,0,,,,,0,0,0,0,,,0,,,,,0,0,0,0,,,0,,,,,0,0,0,0,,,0,,,,,0,0,0,0,,,0,,,,,0,0,0,0,,,0,,,,,0,0,0,0,,0,,,,,,0,,0,,,,,,0,,0,,,,,,,,,,,,,,,,,,,,,,,,,,,,,,,0,0,,,,,,,,,,,,,,,,,,,,,,,,,,,,,,,,
9/1/2026,2025,20261071,48077,40165,TEXAS INTERNATIONAL PIPELINES SYSTEM LLC,Natural Gas,INTRASTATE,TEXAS,0,0,0,0,0,0,0,0,0,0,0,0,0,0,0,0,0,0,0,0,0,0,0,0,0,0,0,0,0,0,0,0,0,0,0,0,0,0,0,0,0,0,0,0,0,0,0,0,0,0,0,0,0,0,0,0,0,0,0,0,0,0,0,0,0,0,0,0,0,0,0,0,0,0,0,0,0,0,0,0,0,0,0,0,0,0,0,0,0,0,0,0,0,0,0,0,0,0,0,0,0,0,0,0,0,0,0,0,0,0,0,0,0,0,0,0,0,0,0,0,0,0,0,0,0,0,0,0,0,0,0,0,0,0,0,0,0,0,0,0,0,0,0,0,0,0,0,0,0,0,0,0,0,0,,,,,,,,,,,,0,0,0,0,0,0,0,0,0,0,0,0,0,0,0,0,0,0,0,0,0,0,0,0,0,0,0,0,0,0,0,1556,,,,,,,,,,,,,,,,,,,,,,,,,,,,,,,,
9/1/2026,2025,20261421,48449,40171,PERDIDO ENERGY,Natural Gas,INTRASTATE,LOUISIANA,,,,,,,,,,,,,,,,,,,,,,,,,,,,,,,,,,,,,,,,,,,,,,,,,,,,,,,,,,,,,,,,,,,,,,,,,,,,,,,,,,,,,,,,,,,,,,,,,,,,,,,,,,,,,,,,,,,,,,,,,,,,,,,,,,,,,,,,,,,,,,,,,,,,,,,,,,,,,,,,,,,,,,0,0,0,0,0,0,0,0,0,0,0,0,0,0,0,0,0,0,0,0,0,0,0,0,0,0,0,0,0,0,0,25,0,0,0,0,0,0,0,0,0,0,0,0,0,0,0,0,0,0,0,0,0,0,0,0,0,0,0,0,0,0,0,15
9/1/2026,2025,20260035,46985,40173,NICHOLS OPERATING LLC,Natural Gas,INTRASTATE,ILLINOIS,,,,,,,,,,,,,,,,,,,,,,,,,,,,,,,,,,,,,,,,,,,,,,,,,,,,,,,,,,,,,,,,,,,,,,,,,,,,,,,,,,,,,,,,,,,,,,,,,,,,,,,,,,,,,,,,,,,,,,,,,,,,,,,,,,,,,,,,,,,,,,,,,,,,,,,,,,,,,,,,,,,,,,,,,,,,,,,,,,,,,,,,,,,,,,,,,,,,0,0,,,,,,,,,,,,,,,,,,,,,,,,,,,,,,,0,
9/1/2026,2025,20260750,47738,40176,VCP MICHIGAN,Natural Gas,INTRASTATE,MICHIGAN,0,0,0,0,0,0,0,0,0,0,0,0,0,0,0,0,0,0,0,0,0,0,0,0,0,0,0,0,0,0,0,0,0,0,0,0,0,0,0,0,0,0,0,0,0,0,0,0,0,0,0,0,0,0,0,0,0,0,0,0,0,0,0,0,0,0,0,0,0,0,0,0,0,0,0,0,0,0,0,0,0,0,0,0,0,0,0,0,0,0,0,0,0,0,0,0,0,0,0,0,0,0,0,0,0,0,0,0,0,0,0,0,0,0,0,0,0,0,0,0,0,0,0,0,0,0,0,0,0,0,0,0,0,0,0,0,0,0,0,0,0,0,0,0,0,0,0,0,0,0,0,0,0,0,0,0,0,0,0,0,0,0,0,0,0,,,,,,,,,,,,,,,,,,,,,,,,,,,,,,,0,,,,,,,,,,,,,,,,,,,,,,,,,,,,,,,,0,44
9/1/2026,2025,20260696,47681,40177,"LADDER CREEK, LLC",Natural Gas,INTRASTATE,COLORADO,0,0,0,0,0,0,0,0,0,0,0,0,0,0,0,0,0,0,0,0,3,0,0,0,0,0,0,0,0,0,0,0,0,0,0,0,0,0,0,0,0,0,0,0,0,0,0,0,0,0,0,0,0,0,0,0,0,0,0,0,0,0,0,0,0,0,0,0,0,0,0,0,0,0,0,0,0,0,0,0,0,0,0,0,0,0,0,0,0,0,0,0,0,0,0,0,0,0,0,0,0,0,0,0,0,0,0,0,0,0,0,0,0,0,0,0,0,0,0,0,0,0,0,0,0,0,0,0,0,0,0,0,0,0,0,0,0,0,0,0,0,0,0,0,0,0,0,0,0,0,0,0,3,0,0,1,0,0,0,0,0,0,0,0,0,,,,,,,,,,,,,,,,,,,,,,,,,,,,,,,0,400,,,,,,,,,,,,,,,,,,,,,,,,,,,,,,,0,400
9/1/2026,2025,20260696,47681,40177,"LADDER CREEK, LLC",Natural Gas,INTRASTATE,KANSAS,,,,,,,,,,,,,,,,,,,,,,,,,,,,,,,,,,,,,,,,,,,,,,,,,,,,,,,,,,,,,,,,,,,,,,,,,,,,,,,,,,,,,,,,,,,,,,,,,,,,,,,,,,,,,,,,,,,,,,,,,,,,,,,,,,,,,,,,,,,,,,,,,,,,,,,,,,,,,,,,,,,,,,,,,,,,,,,,,,,,,,,,,,,,,,,,,,,,0,,,,,,,,,,,,,,,,,,,,,,,,,,,,,,,,0,146
9/1/2026,2025,20260020,46960,40178,JACKSON GENERATION LLC,Natural Gas,INTRASTATE,ILLINOIS,0,0,0,0,0,0,0,0,0,0,0,0,0,0,0,0,0,0,0,0,0,0,0,0,0,0,0,0,0,0,0,0,0,0,0,0,0,0,0,0,0,0,0,0,0,0,0,0,0,0,0,0,0,0,0,0,0,0,0,0,0,0,0,0,0,0,0,0,0,0,0,0,0,0,0,0,0,0,0,0,0,0,0,0,0,0,0,0,0,0,0,0,0,0,0,0,0,0,0,0,0,0,0,0,0,0,0,0,0,0,0,0,0,0,0,0,0,0,0,0,0,0,0,0,0,0,0,0,0,0,0,0,0,0,0,0,0,0,0,0,0,0,0,0,0,0,0,0,0,0,0,0,0,0,,,,,,,,,,,,,,,,,,,,,,,,,,,,,,,,,,,,,,,,,,0,71,,,,,,,,,,,,,,,,,,,,,,,,,,,,,,,0,
9/1/2026,2025,20261204,48217,40181,"MEC HOLDINGS, LLC",Natural Gas,INTRASTATE,MINNESOTA,0,0,0,0,,,0,,,,,0,0,0,0,,,0,,,,,0,0,0,0,,,0,,,,,0,0,0,0,,,0,,,,,0,0,0,0,,,0,,,,,0,0,0,0,,,0,,,,,0,0,0,0,,,0,,,,,0,0,0,0,,,0,,,,,0,0,0,0,,,0,,,,,0,0,0,0,,,0,,,,,0,0,0,0,,,0,0,0,0,0,0,0,0,0,,,0,0,0,0,0,0,0,0,0,,,0,0,0,0,0,0,0,0,0,,0,,0,0,0,0,0,,0,,,,,,0,,0,,,,,,,,,,,,,,,,,,,,,,,,,,,,,,,0,125,,,,,,,,,,,,,,,,,,,,,,,,,,,,,,,,
9/1/2026,2025,20261363,48377,40189,SULPHUR RIVER GATHERING LLC,Natural Gas,INTRASTATE,TEXAS,0,0,0,0,0,0,0,0,0,0,0,0,0,0,0,0,0,0,0,0,0,0,0,0,0,0,0,0,0,0,0,0,0,0,0,0,0,0,0,0,0,0,0,0,0,0,0,0,0,0,0,0,0,0,0,0,0,0,0,0,0,0,0,0,0,0,0,0,0,0,0,0,0,0,0,0,0,0,0,0,0,0,0,0,0,0,0,0,0,0,0,0,0,0,0,0,0,0,0,0,0,0,0,0,0,0,0,0,0,0,0,0,0,0,0,0,0,0,0,0,0,0,0,0,0,0,0,0,0,0,0,0,0,0,0,0,0,0,0,0,0,0,0,0,0,0,0,0,0,0,0,0,0,0,,0,0,0,0,0,0,0,0,0,0,,,,,,,,,,,,,,,,,,,,,,,,,,,,,,,0,,,,,,,,,,,,,,,,,,,,,,,,,,,,,,,,0,1878
9/1/2026,2025,20261118,48129,40190,OXY WTP LP,Natural Gas,INTRASTATE,NEW MEXICO,,0,,,,,,,,0,,,0,,,,,,,,0,,,0,,,,,,,,0,,,0,,,,,,,,0,,,0,,,,,,,,0,,,0,,,,,,,,0,,,0,,,,,,,,0,,,0,,,,,,,,0,,,0,,,,,,,,0,,,0,,,,,,,,0,,,0,,,,,,,,0,,,0,,,,,,,,0,,,0,,,,,,,,0,,,0,,,,,,,,0,,,0,,,,,0,,,0,0,,,,,,,,,,,,,,,,,,,,,,,,,,,,,,,,,,,,,,,,,,,,,,,,,,,,,,,,,,,,,,,0,7416
9/1/2026,2025,20261118,48129,40190,OXY WTP LP,Natural Gas,INTRASTATE,TEXAS,,0,,,,,,0,0,0,,,0,,,,,,0,0,0,,,0,,,,,,0,0,0,,,0,,,,,,0,0,0,,,0,,,,,,0,0,0,,,0,,,,,,0,0,0,,,0,,,,,,0,0,0,,,0,,,,,,0,0,0,,,0,,,,,,0,0,0,,,0,,,,,,0,0,0,,,0,,,,,,0,0,0,,,0,,,,,,0,0,0,,,0,,,,,,0,0,0,,,0,,,,,,0,0,0,,,0,,,0,0,0,,,0,0,,,,,,,,,,,,,,,,,,,,,,,,,,,,,,,,,,,,,,,,,,,,,,,,,,,,,,,,,,,,,,,0,24879
9/1/2026,2025,20261324,48337,40191,TW NATURAL GAS PIPELINE,Natural Gas,INTRASTATE,OHIO,0,0,0,0,0,0,0,0,0,0,0,0,0,0,0,0,0,0,0,0,0,0,0,0,0,0,0,0,0,0,0,0,0,0,0,0,0,0,0,0,0,0,0,0,0,0,0,0,0,0,0,0,0,0,0,0,0,0,0,0,0,0,0,0,0,0,0,0,0,0,0,0,0,0,0,0,0,0,0,0,0,0,0,0,0,0,0,0,0,0,0,0,0,0,0,0,0,0,0,0,0,0,0,0,0,0,0,0,0,0,0,0,0,0,0,0,0,0,0,0,0,0,0,0,0,0,0,0,0,0,0,0,0,0,0,0,0,0,0,0,0,0,0,0,0,0,0,0,0,0,0,0,0,0,0,0,0,0,0,0,0,0,0,0,0,,,,,,,,,,,,,,,,,,,,,,,,,,,,,,,0,5,,,,,,,,,,,,,,,,,,,,,,,,,,,,,,,0,0
9/1/2026,2025,20261395,48411,40196,EVERSOURCE GAS OF MASSACHUSETTS,Natural Gas,INTRASTATE,MASSACHUSETTS,0,0,0,0,0,0,0,0,0,0,0,0,0,0,0,0,0,0,0,0,0,0,0,0,0,0,0,0,0,0,0,0,0,0,0,0,0,0,0,0,0,0,0,0,0,0,0,0,0,0,0,0,0,0,0,0,0,0,0,0,0,0,0,0,0,0,0,0,0,0,0,0,0,0,0,0,0,0,0,0,0,0,0,0,0,0,0,0,0,0,0,0,0,0,0,0,0,0,0,0,0,0,0,0,0,0,0,0,0,0,0,0,0,0,0,0,0,0,0,0,0,0,0,0,0,0,0,0,0,0,0,0,0,0,0,0,0,0,0,0,0,0,0,0,0,0,0,0,0,0,0,0,0,0,0,0,0,0,0,0,0,0,0,0,0,0,0,0,0,0,0,0,0,0,0,0,0,0,0,0,0,0,0,0,0,0,0,0,0,0,0,0,0,0,0,0,0,0,0,0,0,0,0,0,0,0,0,0,0,0,0,0,0,0,0,0,0,0,0,0,0,0,0,0,0,0,0,0,0
9/1/2026,2025,20261443,48491,40197,"TOLEDO BEND EXPRESS, LLC",Natural Gas,INTRASTATE,TEXAS,0,0,0,0,0,0,0,0,0,0,0,0,0,0,0,0,0,0,0,0,0,0,0,0,0,0,0,0,0,0,0,0,0,0,0,0,0,0,0,0,0,0,0,0,0,0,0,0,0,0,0,0,0,0,0,0,0,0,0,0,0,0,0,0,0,0,0,0,0,0,0,0,0,0,0,0,0,0,0,0,0,0,0,0,0,0,0,0,0,0,0,0,0,0,0,0,0,0,0,0,0,0,0,0,0,0,0,0,0,0,0,0,0,0,0,0,0,0,0,0,0,0,0,0,0,0,0,0,0,0,0,0,0,0,0,0,0,0,0,0,0,0,0,0,0,0,0,0,0,0,0,0,0,0,,0,0,0,0,0,0,0,0,0,0,,,,,,,,,,,,,,,,,,,,,,,,,,,,,,,0,,,,,,,,,,,,,,,,,,,,,,,,,,,,,,,,0,153
9/1/2026,2025,20260357,47322,40198,"REPUBLIC SERVICES OF WISCONSIN, LIMITED PARTNERSHIP",Landfill Gas,INTRASTATE,WISCONSIN,,,,,,,,,,,,,,,,,,,,,,,,,,,,,,,,,,,,,,,,,,,,,,,,,,,,,,,,,,,,,,,,,,,,,,,,,,,,,,,,,,,,,,,,,,,,,,,,,,,,,,,,,,,,,,,,,,,,,,,,,,,,,,,,,,,,,,,,,,,,,,,,,,,,,,,,,,,,,,,,,,,,,,,,,,,,,,,,,,,,,,,,,,,,,,,,,,,,0,41,,,,,,,,,,,,,,,,,,,,,,,,,,,,,,,,
9/1/2026,2025,20260493,47460,40199,VENTEX OPERATING CORPORATION,Natural Gas,INTRASTATE,TEXAS,,,,,,,,,,,,,,,,,,,,,,,,,,,,,,,,,,,,,,,,,,,,,,,,,,,,,,,,,,,,,,,,,,,,,,,,,,,,,,,,,,,,,,,,,,,,,,,,,,,,,,,,,,,,,,,,,,,,,,,,,,,,,,,,,,,,,,,,,,,,,,,,,,,,,,,,,,,,,,,,,,,,,,,,,,,,,,,,,,,,,,,,,,,,,,,,,,,,0,,0,0,0,0,0,0,0,0,0,0,0,0,0,0,0,0,0,0,0,0,0,0,0,0,0,0,0,0,0,0,,50
9/1/2026,2025,20260511,47490,40200,PHILLIPS 66 COMPANY - BORGER REFINERY,Natural Gas,INTRASTATE,TEXAS,0,0,0,0,0,0,0,0,0,0,0,0,0,0,0,0,0,0,0,0,0,0,0,0,0,0,0,0,0,0,0,0,0,0,0,0,0,0,0,0,0,0,0,0,0,0,0,0,0,0,0,0,0,0,0,0,0,0,0,0,0,0,0,0,0,0,0,0,0,0,0,0,0,0,0,0,0,0,0,0,0,0,0,0,0,0,0,0,0,0,0,0,0,0,0,0,0,0,0,0,0,0,0,0,0,0,0,0,0,0,0,0,0,0,0,0,0,0,0,0,0,0,0,0,0,0,0,0,0,0,0,0,0,0,0,0,0,0,0,0,0,0,0,0,0,0,0,0,0,0,0,0,0,0,0,,0,0,0,0,0,0,0,0,0,0,0,0,0,0,0,0,0,0,0,0,0,0,0,0,0,0,0,0,0,0,0,0,0,0,0,0,0,,0,0,169,,,,,,,,,,,,,,,,,,,,,,,,,,,,,,,0,
9/1/2026,2025,20260912,47909,40204,"SCM OPERATIONS, LLC",Natural Gas,INTRASTATE,NEW MEXICO,0,0,0,0,0,0,0,0,0,0,0,0,0,0,0,0,0,0,0,0,0,0,0,0,0,0,0,0,0,0,0,0,0,0,0,0,0,0,0,0,0,0,0,0,0,0,0,0,0,0,0,0,0,0,0,0,0,0,0,0,0,0,0,0,0,0,0,0,0,0,0,0,0,0,0,0,0,0,0,0,0,0,0,0,0,0,0,0,0,0,0,0,0,0,0,0,0,0,0,0,0,0,0,0,0,0,0,0,0,0,0,0,0,0,0,0,0,0,0,0,0,0,0,0,0,0,0,0,0,0,0,0,0,0,0,0,0,0,0,0,0,0,0,0,0,0,0,0,0,0,0,0,0,0,,,0,0,0,0,0,0,0,0,0,,,,,,,,,,,,,,,,,,,,,,,,,,,,,,,0,,,,,,,,,,,,,,,,,,,,,,,,,,,,,,,,0,1019
9/1/2026,2025,20260912,47909,40204,"SCM OPERATIONS, LLC",Natural Gas,INTRASTATE,TEXAS,0,0,0,0,0,0,0,0,0,0,0,0,0,0,0,0,0,0,0,0,0,0,0,0,0,0,0,0,0,0,0,0,0,0,0,0,0,0,0,0,0,0,0,0,0,0,0,0,0,0,0,0,0,0,0,0,0,0,0,0,0,0,0,0,0,0,0,0,0,0,0,0,0,0,0,0,0,0,0,0,0,0,0,0,0,0,0,0,0,0,0,0,0,0,0,0,0,0,0,0,0,0,0,0,0,0,0,0,0,0,0,0,0,0,0,0,0,0,0,0,0,0,0,0,0,0,0,0,0,0,0,0,0,0,0,0,0,0,0,0,0,0,0,0,0,0,0,0,0,0,0,0,0,0,,0,0,0,0,0,0,0,0,0,0,,,,,,,,,,,,,,,,,,,,,,,,,,,,,,,0,,,,,,,,,,,,,,,,,,,,,,,,,,,,,,,,0,3147
9/1/2026,2025,20260974,47977,40215,"3CM MONTEGUT, LLC",Natural Gas,INTRASTATE,LOUISIANA,0,0,0,0,0,0,0,0,0,0,0,0,0,0,0,0,0,0,0,0,0,0,0,0,0,0,0,0,0,0,0,0,0,0,0,0,0,0,0,0,0,0,0,0,0,0,0,0,0,0,0,0,0,0,0,0,0,0,0,0,0,0,0,0,0,0,0,0,0,0,0,0,0,0,0,0,0,0,0,0,0,0,0,0,0,0,0,0,0,0,0,0,0,0,0,0,0,0,0,0,0,0,0,0,0,0,0,0,0,0,0,0,0,0,0,0,0,0,0,0,0,0,0,0,0,0,0,0,0,0,0,0,0,0,0,0,0,0,0,0,0,0,0,0,0,0,0,0,0,0,0,0,0,0,0,,0,0,0,0,0,0,0,0,0,0,0,0,0,0,0,0,0,0,0,0,0,0,0,0,0,0,0,0,0,0,0,0,0,0,0,0,0,0,0,0,0,,,,,,,,,,,,,,,,,,,,,,,,,,,,,,,0,
9/1/2026,2025,20260519,47498,40216,AUGEAN RNG PROJECT LLC,Natural Gas,INTRASTATE,WASHINGTON,0,0,0,0,0,0,0,0,0,0,0,0,0,0,0,0,0,0,0,0,0,0,0,0,0,0,0,0,0,0,0,0,0,0,0,0,0,0,0,0,0,0,0,0,0,0,0,0,0,0,0,0,0,0,0,0,0,0,0,0,0,0,0,0,0,0,0,0,0,0,0,0,0,0,0,0,0,0,0,0,0,0,0,0,0,0,0,0,0,0,0,0,0,0,0,0,0,0,0,0,0,0,0,0,0,0,0,0,0,0,0,0,0,0,0,0,0,0,0,0,0,0,0,0,0,0,0,0,0,0,0,0,0,0,0,0,0,0,0,0,0,0,0,0,0,0,0,0,0,0,0,0,0,0,0,0,0,0,0,0,0,0,0,0,0,0,0,0,0,0,0,0,0,0,0,0,0,0,0,0,0,0,0,0,0,0,0,0,0,0,0,0,0,0,0,0,4,0,0,0,0,0,0,0,0,0,0,0,0,0,0,0,0,0,0,0,0,0,0,0,0,0,0,0,0,0,0,0,0
9/1/2026,2025,20260197,47155,40221,"CURLEW MIDSTREAM, LLC",Natural Gas,INTRASTATE,LOUISIANA,0,0,0,0,,,0,,,,,0,0,0,0,,,0,,,,,0,0,0,0,,,0,,,,,0,0,0,0,,,0,,,,,0,0,0,0,,,0,,,,,0,0,0,0,,,0,,,,,0,0,0,0,,,0,,,,,0,0,0,0,,,0,,,,,0,0,0,0,,,0,,,,,0,0,0,0,,,0,,,,,0,0,0,0,,,0,0,0,0,0,0,0,0,0,,,0,0,0,0,0,0,0,0,0,,,0,0,0,0,0,0,0,0,0,,0,,0,0,0,0,0,,0,,,,,,0,,0,,,,,,,,,,,,,,,,,,,,,,,,,,,,,,,0,96,,,,,,,,,,,,,,,,,,,,,,,,,,,,,,,,
9/1/2026,2025,20260217,47175,40223,"CRANBERRY CREEK LANDFILL, LLC",Landfill Gas,INTRASTATE,WISCONSIN,0,0,0,0,0,0,0,0,0,0,0,0,0,0,0,0,0,0,0,0,0,0,0,0,0,0,0,0,0,0,0,0,0,0,0,0,0,0,0,0,0,0,0,0,0,0,0,0,0,0,0,0,0,0,0,0,0,0,0,0,0,0,0,0,0,0,0,0,0,0,0,0,0,0,0,0,0,0,0,0,0,0,0,0,0,0,0,0,0,0,0,0,0,0,0,0,0,0,0,0,0,0,0,0,0,0,0,0,0,0,0,0,0,0,0,0,0,0,0,0,0,0,0,0,0,0,0,0,0,0,0,0,0,0,0,0,0,0,0,0,0,0,0,0,0,0,0,0,0,0,0,0,0,0,0,,0,0,0,0,0,0,0,0,0,,,,,,,,,,,,,,,,,,,,,,,,,,,,,,,0,34,,,,,,,,,,,,,,,,,,,,,,,,,,,,,,,0,
9/1/2026,2025,20260567,47549,40226,"INR MIDSTREAM, LLC.",Natural Gas,INTRASTATE,OHIO,0,0,0,0,0,0,0,0,0,0,0,0,0,0,0,0,0,0,0,0,0,0,0,0,0,0,0,0,0,0,0,0,0,0,0,0,0,0,0,0,0,0,0,0,0,0,0,0,0,0,0,0,0,0,0,0,0,0,0,0,0,0,0,0,0,0,0,0,0,0,0,0,0,0,0,0,0,0,0,0,0,0,0,0,0,0,0,0,0,0,0,0,0,0,0,0,0,0,0,0,0,0,0,0,0,0,0,0,0,0,0,0,0,0,0,0,0,0,0,0,0,0,0,0,0,0,0,0,0,0,0,0,0,0,0,0,0,0,0,0,0,0,0,0,0,0,0,0,0,0,0,0,0,0,,0,0,0,0,0,0,0,0,0,0,,,,,,,,,,,,,,,,,,,,,,,,,,,,,,,0,,0,0,0,0,0,0,0,0,0,0,0,0,0,0,0,0,0,0,0,0,0,0,0,0,0,0,0,0,0,0,0,783
9/1/2026,2025,20260567,47549,40226,"INR MIDSTREAM, LLC.",Natural Gas,INTRASTATE,PENNSYLVANIA,,0,,,,,,0,0,0,,,0,,,,,,0,0,0,,,0,,,,,,0,0,0,,,0,,,,,,0,0,0,,,0,,,,,,0,0,0,,,0,,,,,,0,0,0,,,0,,,,,,0,0,0,,,0,,,,,,0,0,0,,,0,,,,,,0,0,0,,,0,,,,,,0,0,0,,,0,,,,,,0,0,0,,,0,,,,,,0,0,0,,,0,,,,,,0,0,0,,,0,,,,,,0,0,0,,,0,,,0,0,0,,,0,0,,,,,,,,,,,,,,,,,,,,,,,,,,,,,,,,,0,0,0,0,0,0,0,0,0,0,0,0,0,0,0,0,0,0,0,0,0,0,0,0,0,0,0,0,0,0,0,43
9/1/2026,2025,20261025,48028,40228,SIMCOE LLC,Natural Gas,INTRASTATE,COLORADO,0,0,0,0,0,0,0,0,0,0,0,0,0,0,0,0,0,0,0,0,0,0,0,0,0,0,0,0,0,0,0,0,0,0,0,0,0,0,0,0,0,0,0,0,0,0,0,0,0,0,0,0,0,0,0,0,0,0,0,0,0,0,0,0,0,0,0,0,0,0,0,0,0,0,0,0,0,0,0,0,0,0,0,0,0,0,0,0,0,0,0,0,0,0,0,0,0,0,0,0,0,0,0,0,0,0,0,0,0,0,0,0,0,0,0,0,0,0,0,0,0,0,0,0,0,0,0,0,0,0,0,0,0,0,0,0,0,0,0,0,0,0,0,0,0,0,0,0,0,0,0,0,0,0,,0,0,0,0,0,0,0,0,0,0,,,,,,,,,,,,,,,,,,,,,,,,,,,,,,,0,,,,,,,,,,,,,,,,,,,,,,,,,,,,,,,,0,4883
9/1/2026,2025,20261132,48145,40230,"BLACKHILL ENERGY, LLC",Natural Gas,INTRASTATE,PENNSYLVANIA,0,0,0,0,0,0,0,0,0,0,0,0,0,0,0,0,0,0,0,0,0,0,0,0,0,0,0,0,0,0,0,0,0,0,0,0,0,0,0,0,0,0,0,0,0,0,0,0,0,0,0,0,0,0,0,0,0,0,0,0,0,0,0,0,0,0,0,0,0,0,0,0,0,0,0,0,0,0,0,0,0,0,0,0,0,0,0,0,0,0,0,0,0,0,0,0,0,0,0,0,0,0,0,0,0,0,0,0,0,0,0,0,0,0,0,0,0,0,0,0,0,0,0,0,0,0,0,0,0,0,0,0,0,0,0,0,0,0,0,0,0,0,0,0,0,0,0,0,0,0,0,0,0,0,,0,0,0,0,0,0,0,0,0,0,,,,,,,,,,,,,,,,,,,,,,,,,,,,,,,0,,0,0,0,0,0,0,0,0,0,0,0,0,0,0,0,0,0,0,0,0,0,0,0,0,0,0,0,0,0,0,0,0
9/1/2026,2025,20261342,48355,40231,"SCURRY MIDSTREAM, LLC",Natural Gas,INTRASTATE,TEXAS,0,0,0,0,0,0,0,0,0,0,0,0,0,0,0,0,0,0,0,0,0,0,0,0,0,0,0,0,0,0,0,0,0,0,0,0,0,0,0,0,0,0,0,0,0,0,0,0,0,0,0,0,0,0,0,0,0,0,0,0,0,0,0,0,0,0,0,0,0,0,0,0,0,0,0,0,0,0,0,0,0,0,0,0,0,0,0,0,0,0,0,0,0,0,0,0,0,0,0,0,0,0,0,0,0,0,0,0,0,0,0,0,0,0,0,0,0,0,0,0,0,0,0,0,0,0,0,0,0,0,0,0,0,0,0,0,0,0,0,0,0,0,0,0,0,0,0,0,0,0,0,0,0,0,,0,0,0,0,0,0,0,0,0,0,,,,,,,,,,,,,,,,,,,,,,,,,,,,,,,0,,,,,,,,,,,,,,,,,,,,,,,,,,,,,,,,0,469
9/1/2026,2025,20261146,48159,40237,"SHERIDAN PRODUCTION COMPANY III, LLC",Natural Gas,INTRASTATE,TEXAS,,0,,,,,,0,,0,,,0,,,,,,0,,2,,,0,,,,,,0,,0,,,0,,,,,,0,,0,,,0,,,,,,0,,0,,,0,,,,,,0,,0,,,0,,,,,,0,,0,,,0,,,,,,0,,0,,,0,,,,,,0,,0,,,0,,,,,,0,,0,,,0,,,,,,0,,0,,,0,,,,,,0,,0,,,0,,,,,,0,,0,,,0,,,,,,0,,2,,,0,,,0,,0,,,0,0,,,,,,,,,,,,,,,,,,,,,,,,,,,,,,,,,,,,,,,,,,,,,,,,,,,,,,,,,,,,,,,0,6886
9/1/2026,2025,20260843,47838,40242,NAES CORPORATION,Landfill Gas,INTRASTATE,NEW JERSEY,,0,,,,,,0,0,0,,,0,,,,,,0,0,0,,,0,,,,,,0,0,0,,,0,,,,,,0,0,0,,,0,,,,,,0,0,0,,,0,,,,,,0,0,0,,,0,,,,,,0,0,0,,,0,,,,,,0,0,0,,,0,,,,,,0,0,0,,,0,,,,,,0,0,0,,,0,,,,,,0,0,0,,,0,,,,,,0,0,0,,,0,,,,,,0,0,0,,,0,,,,,,0,0,0,,,0,,,,0,,,,0,0,,,,,,,,,,,,,,,,,,,,,,,,,,,,,,,0,,0,0,0,0,0,0,0,0,0,0,0,0,0,0,0,0,0,0,0,0,0,0,0,0,0,0,0,0,0,0,0,42
9/1/2026,2025,20260954,47953,40249,LEESBURG LP,Natural Gas,INTRASTATE,TEXAS,0,0,0,0,,,0,,,,,0,0,0,0,,,0,,,,,0,0,0,0,,,0,,,,,0,0,0,0,,,0,,,,,0,0,0,0,,,0,,,,,0,0,0,0,,,0,,,,,0,0,0,0,,,0,,,,,0,0,0,0,,,0,,,,,0,0,0,0,,,0,,,,,0,0,0,0,,,0,,,,,0,0,0,0,,,0,0,0,0,0,0,0,0,0,,,0,0,0,0,0,0,0,0,0,,,0,0,0,0,0,0,0,0,0,,0,,0,0,0,0,0,,0,,,,,,0,,0,,,,,,,,,,,,,,,,,,,,,,,,,,,,,,,0,0,,,,,,,,,,,,,,,,,,,,,,,,,,,,,,,0,
9/1/2026,2025,20261188,48201,40253,"LAMBDA GATHERING, LLC",Natural Gas,INTRASTATE,MICHIGAN,0,0,0,0,0,0,0,0,0,0,0,0,0,0,0,0,0,0,0,0,0,0,0,0,0,0,0,0,0,0,0,0,0,0,0,0,0,0,0,0,0,0,0,0,0,0,0,0,0,0,0,0,0,0,0,0,0,0,0,0,0,0,0,0,0,0,0,0,0,0,0,0,0,0,0,0,0,0,0,0,0,0,0,0,0,0,0,0,0,0,0,0,0,0,0,0,0,0,0,0,0,0,0,0,0,0,0,0,0,0,0,0,0,0,0,0,0,0,0,0,0,0,0,0,0,0,0,0,0,0,0,0,0,0,0,0,0,0,0,0,0,0,0,0,0,0,0,0,0,0,0,0,0,0,,0,0,0,0,0,0,0,0,0,0,,,,,,,,,,,,,,,,,,,,,,,,,,,,,,,0,,0,0,0,0,0,0,0,0,0,0,0,0,0,0,0,0,0,0,0,0,0,0,0,0,0,0,0,0,0,0,0,1169
9/1/2026,2025,20260898,47894,40254,"GEMINI CARTHAGE PIPELINE, LLC",Natural Gas,INTRASTATE,LOUISIANA,,,,,,,,0,0,0,,,,,,,,,0,0,0,,,,,,,,,0,0,0,,,,,,,,,0,0,0,,,,,,,,,0,0,0,,,,,,,,,0,0,2,,,,,,,,,0,0,0,,,,,,,,,0,0,0,,,,,,,,,0,0,0,,,,,,,,,0,0,0,,,,,,,,,0,0,0,,,,,,,,,0,0,0,,,,,,,,,0,0,0,,,,,,,,,0,0,2,,,,,,,,,,,,,,,,,,,,,,,,,,,,,,,,,,,,,,,,,,,,,,,,,,,,,,,,,,,,,,,,,,,,,,,,,,,0,0
9/1/2026,2025,20260898,47894,40254,"GEMINI CARTHAGE PIPELINE, LLC",Natural Gas,INTRASTATE,TEXAS,,,,,,,,0,0,0,,,,,,,,,0,0,0,,,,,,,,,0,0,0,,,,,,,,,0,0,0,,,,,,,,,0,0,0,,,,,,,,,0,0,2,,,,,,,,,0,0,0,,,,,,,,,0,0,0,,,,,,,,,0,0,0,,,,,,,,,0,0,0,,,,,,,,,0,0,0,,,,,,,,,0,0,0,,,,,,,,,0,0,0,,,,,,,,,0,0,2,,,,,,,,,,,,,,,,,,,,,,,,,,,,,,,,,,,,,,,,,,,,,,,,,,,,,,,,,,,,,,,,,,,,,,,,,,,0,0
9/1/2026,2025,20260944,47941,40255,STEEL REEF BURKE LLC,Natural Gas,INTERSTATE,NORTH DAKOTA,0,0,0,0,,,0,0,0,0,,0,0,0,0,,,0,0,0,0,,0,0,0,0,,,0,0,0,0,,0,0,0,0,,,0,0,0,0,,0,0,0,0,,,0,0,0,0,,0,0,0,0,,,0,0,0,0,,0,0,0,0,,,0,0,0,0,,0,0,0,0,,,0,0,0,0,,0,0,0,0,,,0,0,0,0,,0,0,0,0,,,0,0,0,0,,0,0,0,0,,,0,0,0,0,,0,0,0,0,,,0,0,0,0,,0,0,0,0,,,0,0,0,0,,0,0,0,0,,0,,0,0,0,,0,0,0,,0,0,0,,0,0,0,,,,,,,,,,,,,,,,,,,,,,,,,,,,,,,0,0,,,,,,,,,,,,,,,,,,,,,,,,,,,,,,,0,0
9/1/2026,2025,20260431,47397,40260,"LUBBOCK GAS GATHERING LTD., LLP",Natural Gas,INTRASTATE,TEXAS,,,,,,,,,,,,,,,,,,,,,,,,,,,,,,,,,,,,,,,,,,,,,,,,,,,,,,,,,,,,,,,,,,,,,,,,,,,,,,,,,,,,,,,,,,,,,,,,,,,,,,,,,,,,,,,,,,,,,,,,,,,,,,,,,,,,,,,,,,,,,,,,,,,,,,,,,,,,,,,,,,,,,,,,,,,,,,,,,,,,,,,,,,,,,,,,,,,,0,,,,,,,,,,,,,,,,,,,,,,,,,,,,,,,,0,0
9/1/2026,2025,20260902,47899,40265,"HEP JAVELINA PIPELINE COMPANY, LLC",Natural Gas,INTRASTATE,TEXAS,0,0,0,0,,,0,,,,,0,0,0,0,,,0,,,,,0,0,0,0,,,0,,,,,0,0,0,0,,,0,,,,,0,0,0,0,,,0,,,,,0,0,0,0,,,0,,,,,0,0,0,0,,,0,,,,,0,0,0,0,,,0,,,,,0,0,0,0,,,0,,,,,0,0,0,0,,,0,,,,,0,0,0,0,,,0,0,0,0,0,0,0,0,0,,,0,0,0,0,0,0,0,0,0,,,0,0,0,0,0,0,0,0,0,,0,,0,0,0,0,0,,0,,,,,,0,,0,,,,,,,,,,,,,,,,,,,,,,,,,,,,,,,0,641,,,,,,,,,,,,,,,,,,,,,,,,,,,,,,,,
9/1/2026,2025,20260904,47901,40266,"HEP JAVELINA COMPANY, LLC",Hydrogen Gas,INTRASTATE,TEXAS,0,0,0,0,0,0,0,0,0,0,0,0,0,0,0,0,0,0,0,0,0,0,0,0,0,0,0,0,0,0,0,0,0,0,0,0,0,0,0,0,0,0,0,0,0,0,0,0,0,0,0,0,0,0,0,0,0,0,0,0,0,0,0,0,0,0,0,0,0,0,0,0,0,0,0,0,0,0,0,0,0,0,0,0,0,0,0,0,0,0,0,0,0,0,0,0,0,0,0,0,0,0,0,0,0,0,0,0,0,0,0,0,0,0,0,0,0,0,0,0,0,0,0,0,0,0,0,0,0,0,0,0,0,0,0,0,0,0,0,0,0,0,0,0,0,0,0,0,0,0,0,0,0,0,0,,0,0,0,0,0,0,0,0,0,,,,,,,,,,,,,,,,,,,,,,,,,,,,,,,0,209,,,,,,,,,,,,,,,,,,,,,,,,,,,,,,,0,
9/1/2026,2025,20260894,47890,40267,"HEP GAS SERVICES, LLC",Hydrogen Gas,INTRASTATE,TEXAS,0,0,0,0,0,0,0,0,0,0,0,0,0,0,0,0,0,0,0,0,0,0,0,0,0,0,0,0,0,0,0,0,0,0,0,0,0,0,0,0,0,0,0,0,0,0,0,0,0,0,0,0,0,0,0,0,0,0,0,0,0,0,0,0,0,0,0,0,0,0,0,0,0,0,0,0,0,0,0,0,0,0,0,0,0,0,0,0,0,0,0,0,0,0,0,0,0,0,0,0,0,0,0,0,0,0,0,0,0,0,0,0,0,0,0,0,0,0,0,0,0,0,0,0,0,0,0,0,0,0,0,0,0,0,0,0,0,0,0,0,0,0,0,0,0,0,0,0,0,0,0,0,0,0,0,,0,0,0,0,0,0,0,0,0,,,,,,,,,,,,,,,,,,,,,,,,,,,,,,,0,261,,,,,,,,,,,,,,,,,,,,,,,,,,,,,,,0,
9/1/2026,2025,20260403,47368,40269,"LES PROJECT HOLDINGS, LLC",Landfill Gas,INTRASTATE,VIRGINIA,0,0,0,0,0,0,0,0,0,0,0,0,0,0,0,0,0,0,0,0,0,0,0,0,0,0,0,0,0,0,0,0,0,0,0,0,0,0,0,0,0,0,0,0,0,0,0,0,0,0,0,0,0,0,0,0,0,0,0,0,0,0,0,0,0,0,0,0,0,0,0,0,0,0,0,0,0,0,0,0,0,0,0,0,0,0,0,0,0,0,0,0,0,0,0,0,0,0,0,0,0,0,0,0,0,0,0,0,0,0,0,0,0,0,0,0,0,0,0,0,0,0,0,0,0,0,0,0,0,0,0,0,0,0,0,0,0,0,0,0,0,0,0,0,0,0,0,0,0,0,0,0,0,0,0,,0,0,0,0,0,0,0,0,0,0,0,0,0,0,0,0,0,0,0,0,0,0,0,0,0,0,0,0,0,0,0,0,0,0,0,0,0,0,0,0,661,,,,,,,,,,,,,,,,,,,,,,,,,,,,,,,0,
9/1/2026,2025,20261139,48152,40270,STAGECOACH GAS SERVICES LLC,Natural Gas,INTERSTATE,NEW YORK,0,0,0,0,,,0,,,,,0,0,0,0,,,0,,,,,0,0,0,0,,,0,,,,,0,0,0,0,,,0,,,,,0,0,0,0,,,0,,,,,0,0,0,2,,,0,,,,,0,0,0,0,,,0,,,,,0,0,0,0,,,0,,,,,0,0,0,0,,,0,,,,,0,0,0,0,,,0,,,,,0,0,0,1,,,0,0,0,0,0,0,0,0,0,,,0,0,0,0,0,0,0,0,0,,,0,0,0,0,0,0,0,0,3,,0,,0,0,0,0,0,,0,,,,,,0,,0,,,,,,,,,,,,,,,,,,,,,,,,,,,,,,,0,369,,,,,,,,,,,,,,,,,,,,,,,,,,,,,,,,
9/1/2026,2025,20261139,48152,40270,STAGECOACH GAS SERVICES LLC,Natural Gas,INTERSTATE,PENNSYLVANIA,0,0,0,0,,,0,,,,,0,0,0,0,,,0,,,,,0,0,0,0,,,0,,,,,0,0,0,0,,,0,,,,,0,0,0,0,,,0,,,,,0,0,0,0,,,0,,,,,0,0,0,0,,,0,,,,,0,0,0,0,,,0,,,,,0,0,0,0,,,0,,,,,0,0,0,0,,,0,,,,,0,0,0,0,,,0,,,,,0,0,0,0,,,0,,,,,0,0,0,0,,,0,,,,,0,0,0,0,,0,,,,,,,,,,,,,,,,,,,,,,,,,,,,,,,,,,,,,,,,,,,,,,,0,83,,,,,,,,,,,,,,,,,,,,,,,,,,,,,,,,
9/1/2026,2025,20260847,47843,40274,"BOARDWALK LOUISIANA GAS TRANSMISSION, LLC",Natural Gas,INTRASTATE,LOUISIANA,0,0,0,0,0,0,0,0,0,0,0,0,0,0,0,0,0,0,0,0,0,0,0,0,0,0,0,0,0,0,0,0,0,0,0,0,0,0,0,0,0,0,0,0,0,0,0,0,0,0,0,0,0,0,0,0,0,0,0,0,0,0,0,0,0,0,0,0,0,0,0,0,0,0,0,0,0,0,0,0,0,0,0,0,0,0,0,0,0,0,0,0,0,0,0,0,0,0,0,0,0,0,0,0,0,0,0,0,0,0,0,0,0,0,0,0,0,0,0,0,0,0,0,0,0,0,0,0,0,0,0,0,0,0,0,0,0,0,0,0,0,0,0,0,0,0,0,0,0,0,0,0,0,0,,,,,,,,,,,,,,,,,,,,,,,,,,,,,,,,,,,,,,,,,,0,168,,,,,,,,,,,,,,,,,,,,,,,,,,,,,,,0,
9/1/2026,2025,20260471,47438,40278,CUMBERLAND COUNTY SOLID WASTE,Landfill Gas,INTRASTATE,NORTH CAROLINA,0,0,0,0,0,0,0,0,0,0,0,0,0,0,0,0,0,0,0,0,0,0,0,0,0,0,0,0,0,0,0,0,0,0,0,0,0,0,0,0,0,0,0,0,0,0,0,0,0,0,0,0,0,0,0,0,0,0,0,0,0,0,0,0,0,0,0,0,0,0,0,0,0,0,0,0,0,0,0,0,0,0,0,0,0,0,0,0,0,0,0,0,0,0,0,0,0,0,0,0,0,0,0,0,0,0,0,0,0,0,0,0,0,0,0,0,0,0,0,0,0,0,0,0,0,0,0,0,0,0,0,0,0,0,0,0,0,0,0,0,0,0,0,0,0,0,0,0,0,0,0,0,0,0,0,,0,0,0,0,0,0,0,0,0,,,,,,,,,,,,,,,,,,,,,,,,,,,,,,,0,115,,,,,,,,,,,,,,,,,,,,,,,,,,,,,,,0,
9/1/2026,2025,20260051,47003,40281,"IRON PENNSYLVANIA LAND, LLC.",Other Gas-processed coalbed methane,INTRASTATE,PENNSYLVANIA,0,0,0,0,0,0,0,0,0,0,0,0,0,0,0,0,0,0,0,0,0,0,0,0,0,0,0,0,0,0,0,0,0,0,0,0,0,0,0,0,0,0,0,0,0,0,0,0,0,0,0,0,0,0,0,0,0,0,0,0,0,0,0,0,0,0,0,0,0,0,0,0,0,0,0,0,0,0,0,0,0,0,0,0,0,0,0,0,0,0,0,0,0,0,0,0,0,0,0,0,0,0,0,0,0,0,0,0,0,0,0,0,0,0,0,0,0,0,0,0,0,0,0,0,0,0,0,0,0,0,0,0,0,0,0,0,0,0,0,0,0,0,0,0,0,0,0,0,0,0,0,0,0,0,0,,0,0,0,0,0,0,0,0,0,0,,,,,0,,,,,,,,,,,,,,,,,,,,,,,,,0,0,,,,,,,,,,,,,,,,,,,,,,,,,,,,,,,0,
9/1/2026,2025,20260729,47716,40285,"GULF RUN TRANSMISSION, LLC",Natural Gas,INTERSTATE,LOUISIANA,0,0,0,0,,,0,,,,,0,0,0,0,,,0,,,,,0,0,0,0,,,0,,,,,0,0,0,2,,,0,,,,,0,0,0,0,,,0,,,,,0,0,0,5,,,0,,,,,0,0,0,0,,,0,,,,,0,0,0,0,,,0,,,,,0,0,0,0,,,0,,,,,0,0,0,0,,,0,,,,,0,0,0,0,,,0,0,0,0,0,0,0,0,0,,,0,0,0,0,0,0,0,0,0,,,0,0,0,0,0,0,0,0,7,,0,,0,0,0,0,0,,0,,,,,,0,,0,0,0,0,0,0,0,0,0,0,0,0,0,0,0,0,0,0,0,0,0,0,0,0,0,0,0,0,0,0,0,0,3270,,,,,,,,,,,,,,,,,,,,,,,,,,,,,,,,
9/1/2026,2025,20260729,47716,40285,"GULF RUN TRANSMISSION, LLC",Natural Gas,INTERSTATE,TEXAS,0,0,0,0,0,0,0,0,0,0,0,0,0,0,0,0,0,0,0,0,0,0,0,0,0,0,0,0,0,0,0,0,0,0,0,0,0,0,0,0,0,0,0,0,0,0,0,0,0,0,0,0,0,0,0,0,0,0,0,0,0,0,0,0,0,0,0,0,0,0,0,0,0,0,0,0,0,0,0,0,0,0,0,0,0,0,0,0,0,0,0,0,0,0,0,0,0,0,0,0,0,0,0,0,0,0,0,0,0,0,0,0,0,0,0,0,0,0,0,0,0,0,0,0,0,0,0,0,0,0,0,0,0,0,0,0,0,0,0,0,0,0,0,0,0,0,0,0,0,0,0,0,0,0,0,,0,0,0,0,0,0,0,0,0,0,0,0,0,0,0,0,0,0,0,0,0,0,0,0,0,0,0,0,0,0,0,0,0,0,0,0,0,0,0,0,182,,,,,,,,,,,,,,,,,,,,,,,,,,,,,,,0,
9/1/2026,2025,20260354,47319,40287,"EAST DAKOTAS RENEWABLE ENERGY, LLC",Natural Gas,INTRASTATE,SOUTH DAKOTA,0,0,0,0,0,0,0,0,0,0,0,0,0,0,0,0,0,0,0,0,0,0,0,0,0,0,0,0,0,0,0,0,0,0,0,0,0,0,0,0,0,0,0,0,0,0,0,0,0,0,0,0,0,0,0,0,0,0,0,0,0,0,0,0,0,0,0,0,0,0,0,0,0,0,0,0,0,0,0,0,0,0,0,0,0,0,0,0,0,0,0,0,0,0,0,0,0,0,0,0,0,0,0,0,0,0,0,0,0,0,0,0,0,0,0,0,0,0,0,0,0,0,0,0,0,0,0,0,0,0,0,0,0,0,0,0,0,0,0,0,0,0,0,0,0,0,0,0,0,0,0,0,0,0,0,,0,0,0,0,0,0,0,0,0,,,,,,,,,,,,,,,,,,,,,,,,,,,,,,,0,42,,,,,,,,,,,,,,,,,,,,,,,,,,,,,,,0,
9/1/2026,2025,20260429,47395,40288,"POLARIS PIPELINE SYSTEMS, LLC",Natural Gas,INTRASTATE,TEXAS,,0,,,,,,0,0,0,,,0,,,,,,0,0,0,,,0,,,,,,0,0,0,,,0,,,,,,0,0,0,,,0,,,,,,0,0,0,,,0,,,,,,0,0,0,,,0,,,,,,0,0,0,,,0,,,,,,0,0,0,,,0,,,,,,0,0,0,,,0,,,,,,0,0,0,,,0,,,,,,0,0,0,,,0,,,,,,0,0,0,,,0,,,,,,0,0,0,,,0,,,,,,0,0,0,,,0,,,0,0,0,,,0,0,,,,,,,,,,,,,,,,,,,,,,,,,,,,,,,,,,,,,,,,,,,,,,,,,,,,,,,,,,,,,,,0,28
9/1/2026,2025,20261112,48123,40292,"ASPIRE ENERGY EXPRESS, LLC",Natural Gas,INTRASTATE,OHIO,0,0,0,0,,,0,,,,,0,0,0,0,,,0,,,,,0,0,0,0,,,0,,,,,0,0,0,0,,,0,,,,,0,0,0,0,,,0,,,,,0,0,0,0,,,0,,,,,0,0,0,0,,,0,,,,,0,0,0,0,,,0,,,,,0,0,0,0,,,0,,,,,0,0,0,0,,,0,,,,,0,0,0,0,,,0,0,0,0,0,0,0,0,0,,,0,0,0,0,0,0,0,0,0,,,0,0,0,0,0,0,0,0,0,,0,,0,0,0,0,0,,0,0,0,0,0,0,0,0,0,,,,,,,,,,,,,,,,,,,,,,,,,,,,,,,0,1,,,,,,,,,,,,,,,,,,,,,,,,,,,,,,,0,
9/1/2026,2025,20260515,47494,40294,"MCCAIN FOODS USA, INC.",Natural Gas,INTRASTATE,WASHINGTON,0,0,0,0,0,0,0,0,0,0,0,0,0,0,0,0,0,0,0,0,0,0,0,0,0,0,0,0,0,0,0,0,0,0,0,0,0,0,0,0,0,0,0,0,0,0,0,0,0,0,0,0,0,0,0,0,0,0,0,0,0,0,0,0,0,0,0,0,0,0,0,0,0,0,0,0,0,0,0,0,0,0,0,0,0,0,0,0,0,0,0,0,0,0,0,0,0,0,0,0,0,0,0,0,0,0,0,0,0,0,0,0,0,0,0,0,0,0,0,0,0,0,0,0,0,0,0,0,0,0,0,0,0,0,0,0,0,0,0,0,0,0,0,0,0,0,0,0,0,0,0,0,0,0,0,,0,0,0,0,0,0,0,0,0,0,0,0,0,0,0,0,0,0,0,0,0,0,0,0,0,0,0,0,0,0,0,0,0,0,0,0,0,0,0,0,0,,,,,,,,,,,,,,,,,,,,,,,,,,,,,,,0,
9/1/2026,2025,20260246,47943,40296,"LONGWOOD RB PIPELINE, LLC",Natural Gas,INTRASTATE,NEW MEXICO,0,0,0,0,0,0,0,0,0,0,0,0,0,0,0,0,0,0,0,0,0,0,0,0,0,0,0,0,0,0,0,0,0,0,0,0,0,0,0,0,0,0,0,0,0,0,0,0,0,0,0,0,0,0,0,0,0,0,0,0,0,0,0,0,0,0,0,0,0,0,0,0,0,0,0,1,0,0,0,0,0,0,0,0,0,0,0,0,0,0,0,0,0,0,0,0,0,0,0,0,0,0,0,0,0,0,0,0,0,0,0,0,0,0,0,0,0,0,0,0,0,0,0,0,0,0,0,0,0,0,0,0,0,0,0,0,0,0,0,0,0,0,0,0,0,0,0,0,0,0,0,0,1,0,,0,,,0,,0,,,0,0,,,,,,,,,,,,,,,,,,,,,,,,,,,,,,,,,,,,,,,,,,,,,,,,,,,,,,,,,,,,,,,0,1450
9/1/2026,2025,20261062,48067,40307,"MAAS ENERGY WORKS, INC.",Natural Gas,INTRASTATE,CALIFORNIA,,0,,,,,,0,0,0,,,0,,,,,,0,0,0,,,0,,,,,,0,0,0,,,0,,,,,,0,0,0,,,0,,,,,,0,0,0,,,0,,,,,,0,0,0,,,0,,,,,,0,0,0,,,0,,,,,,0,0,0,,,0,,,,,,0,0,0,,,0,,,,,,0,0,0,,,0,,,,,,0,0,0,,,0,,,,,,0,0,0,,,0,,,,,,0,0,0,,,0,,,,,,0,0,0,,,0,,,0,0,0,,,0,0,,,,,,,,,,,,,,,,,,,,,,,,,,,,,,,0,,,,,,,,,,,,,,,,,,,,,,,,,,,,,,,,0,1
9/1/2026,2025,20260130,47085,40312,AMERESCO BRICKYARD RNG LLC,Natural Gas,INTRASTATE,ILLINOIS,0,0,0,0,0,0,0,0,0,0,0,0,0,0,0,0,0,0,0,0,0,0,0,0,0,0,0,0,0,0,0,0,0,0,0,0,0,0,0,0,0,0,0,0,0,0,0,0,0,0,0,0,0,0,0,0,0,0,0,0,0,0,0,0,0,0,0,0,0,0,0,0,0,0,0,0,0,0,0,0,0,0,0,0,0,0,0,0,0,0,0,0,0,0,0,0,0,0,0,0,0,0,0,0,0,0,0,0,0,0,0,0,0,0,0,0,0,0,0,0,0,0,0,0,0,0,0,0,0,0,0,0,0,0,0,0,0,0,0,0,0,0,0,0,0,0,0,0,0,0,0,0,0,0,0,,0,0,0,0,0,0,0,0,0,,,,,,,,,,,,,,,,,,,,,,,,,,,,,,,0,2,,,,,,,,,,,,,,,,,,,,,,,,,,,,,,,0,
9/1/2026,2025,20260433,47399,40313,"CALNRG OPERATING, LLC",Natural Gas,INTRASTATE,CALIFORNIA,,0,,,,,,0,0,0,,,0,,,,,,0,0,0,,,0,,,,,,0,0,0,,,0,,,,,,0,0,0,,,0,,,,,,0,0,0,,,0,,,,,,0,0,0,,,0,,,,,,0,0,0,,,0,,,,,,0,0,0,,,0,,,,,,0,0,0,,,0,,,,,,0,0,0,,,0,,,,,,0,0,0,,,0,,,,,,0,0,0,,,0,,,,,,0,0,0,,,0,,,,,,0,0,0,,,0,,,0,0,0,,,0,0,,,,,,,,,,,,,,,,,,,,,,,,,,,,,,,,,,,,,,,,,,,,,,,,,,,,,,,,,,,,,,,0,208
9/1/2026,2025,20261381,48475,40315,"BIOCARBN, LLC",Landfill Gas,INTRASTATE,NEBRASKA,,0,0,0,,0,,0,,,,,0,0,0,,0,,0,,,,,0,0,0,,0,,0,,,,,0,0,0,,0,,0,,,,,0,0,0,,0,,0,,,,,0,0,0,,0,,0,,,,,0,0,0,,0,,0,,,,,0,0,0,,0,,0,,,,,0,0,0,,0,,0,,,,,0,0,0,,0,,0,,,,,0,0,0,,0,,0,,,,,0,0,0,,0,,0,,,,,0,0,0,,0,,0,,,,,0,0,0,,,0,0,,,,,0,,0,0,,,0,0,0,0,0,0,0,0,0,0,0,0,0,0,0,0,0,0,0,0,0,0,0,0,0,0,0,0,0,0,0,0,0,0,0,0,0,0,0,0,0,0,0,0,0,0,0,0,0,0,0,0,0,0,0,0,0,0,0,0,0,0,0,0,0,0,0,0
9/1/2026,2025,20260960,47959,40319,N1ENERGY,Natural Gas,INTRASTATE,OKLAHOMA,0,0,0,0,0,0,0,0,0,0,0,0,0,0,0,0,0,0,0,0,0,0,0,0,0,0,0,0,0,0,0,0,0,0,0,0,0,0,0,0,0,0,0,0,0,0,0,0,0,0,0,0,0,0,0,0,0,0,0,0,0,0,0,0,0,0,0,0,0,0,0,0,0,0,0,0,0,0,0,0,0,0,0,0,0,0,0,0,0,0,0,0,0,0,0,0,0,0,0,0,0,0,0,0,0,0,0,0,0,0,0,0,0,0,0,0,0,0,0,0,0,0,0,0,0,0,0,0,0,0,0,0,0,0,0,0,0,0,0,0,0,0,0,0,0,0,0,0,0,0,0,0,0,0,0,,0,0,0,0,0,0,0,0,0,,,,,,,,,,,,,,,,,,,,,,,,,,,,,,,0,11,,,,,,,,,,,,,,,,,,,,,,,,,,,,,,,0,
9/1/2026,2025,20260682,47667,40321,PHILLIPS 66 DOS PICOS LLC,Natural Gas,INTRASTATE,TEXAS,,0,,,,,,0,0,0,,,0,,,,,,0,0,0,,,0,,,,,,0,0,0,,,0,,,,,,0,0,0,,,0,,,,,,0,0,0,,,0,,,,,,0,0,0,,,0,,,,,,0,0,0,,,0,,,,,,0,0,0,,,0,,,,,,0,0,0,,,0,,,,,,0,0,0,,,0,,,,,,0,0,0,,,0,,,,,,0,0,0,,,0,,,,,,0,0,0,,,0,,,,,,0,0,0,,,0,,,0,0,0,,,0,0,,,,,,,,,,,,,,,,,,,,,,,,,,,,,,,,,0,0,0,0,0,0,0,0,0,0,0,0,0,0,0,0,0,0,0,0,0,0,0,0,0,0,0,0,0,0,0,3779
9/1/2026,2025,20260125,47080,40323,FREEDOM PROPPANT LLC,Natural Gas,INTRASTATE,TEXAS,0,0,0,0,,,0,,,,,0,0,0,0,,,0,,,,,0,0,0,0,,,0,,,,,0,0,0,0,,,0,,,,,0,0,0,0,,,0,,,,,0,0,0,0,,,0,,,,,0,0,0,0,,,0,,,,,0,0,0,0,,,0,,,,,0,0,0,0,,,0,,,,,0,0,0,0,,,0,,,,,0,0,0,0,,,0,0,0,0,0,0,0,0,0,,,0,0,0,0,0,0,0,0,0,,,0,0,0,0,0,0,0,0,0,,0,,0,0,0,0,0,,0,,,,,,0,,0,,,,,,,,,,,,,,,,,,,,,,,,,,,,,,,0,41,,,,,,,,,,,,,,,,,,,,,,,,,,,,,,,,
9/1/2026,2025,20260337,47298,40327,CARDINAL GLASS INDUSTRIES,Natural Gas,INTRASTATE,KANSAS,0,0,0,0,0,0,0,0,0,0,0,0,0,0,0,0,0,0,0,0,0,0,0,0,0,0,0,0,0,0,0,0,0,0,0,0,0,0,0,0,0,0,0,0,0,0,0,0,0,0,0,0,0,0,0,0,0,0,0,0,0,0,0,0,0,0,0,0,0,0,0,0,0,0,0,0,0,0,0,0,0,0,0,0,0,0,0,0,0,0,0,0,0,0,0,0,0,0,0,0,0,0,0,0,0,0,0,0,0,0,0,0,0,0,0,0,0,0,0,0,0,0,0,0,0,0,0,0,0,0,0,0,0,0,0,0,0,0,0,0,0,0,0,0,0,0,0,0,0,0,0,0,0,0,0,,0,0,0,0,0,0,0,0,0,,,,,,,,,,,,,,,,,,,,,,,,,,,,,,,0,1496,,,,,,,,,,,,,,,,,,,,,,,,,,,,,,,0,
9/1/2026,2025,20260623,47607,40333,UPHAM OIL AND GAS COMPANY LP,Natural Gas,INTRASTATE,TEXAS,,0,,,,,,,1,,,,0,,,,,,,1,,,,0,,,,,,,0,,,,0,,,,,,,0,,,,0,,,,,,,0,,,,0,,,,,,,0,,,,0,,,,,,,0,,,,0,,,,,,,2,,,,0,,,,,,,0,,,,0,,,,,,,0,,,,0,,,,,,,0,,,,0,,,,,,,0,,,,0,,,,,,,0,,,,0,,,,,,,4,,,,0,,,,0,,,,0,0,,,,,,,,,,,,,,,,,,,,,,,,,,,,,,,,,2,,,,,2,,,,,,,,,,,,,,,,,,,,,,,,,2,2
9/1/2026,2025,20260362,47327,40336,"CITY OF TOPEKA, KANSAS",Natural Gas,INTRASTATE,KANSAS,0,0,0,0,0,0,0,0,0,0,0,0,0,0,0,0,0,0,0,0,0,0,0,0,0,0,0,0,0,0,0,0,0,0,0,0,0,0,0,0,0,0,0,0,0,0,0,0,0,0,0,0,0,0,0,0,0,0,0,0,0,0,0,0,0,0,0,0,0,0,0,0,0,0,0,0,0,0,0,0,0,0,0,0,0,0,0,0,0,0,0,0,0,0,0,0,0,0,0,0,0,0,0,0,0,0,0,0,0,0,0,0,0,0,0,0,0,0,0,0,0,0,0,0,0,0,0,0,0,0,0,0,0,0,0,0,0,0,0,0,0,0,0,0,0,0,0,0,0,0,0,0,0,0,0,,0,0,0,0,0,0,0,0,0,,,,,,,,,,,,,,,,,,,,,,,,,,,,,,,0,6,,,,,,,,,,,,,,,,,,,,,,,,,,,,,,,0,
9/1/2026,2025,20260881,47877,40337,CRESTONE PEAK RESOURCES LP,Natural Gas,INTRASTATE,COLORADO,0,0,0,0,0,0,0,0,0,0,0,0,0,0,0,0,0,0,0,0,0,0,0,0,0,0,0,0,0,0,0,0,0,0,0,0,0,0,0,0,0,0,0,0,0,0,0,0,0,0,0,0,0,0,0,0,0,0,0,0,0,0,0,0,0,0,0,0,0,0,0,0,0,0,0,0,0,0,0,0,0,0,0,0,0,0,0,0,0,0,0,0,0,0,0,0,0,0,0,0,0,0,0,0,0,0,0,0,0,0,0,0,0,0,0,0,0,0,0,0,0,0,0,0,0,0,0,0,0,0,0,0,0,0,0,0,0,0,0,0,0,0,0,0,0,0,0,0,0,0,0,0,0,0,,0,0,0,0,0,0,0,0,0,0,,,,,,,,,,,,,,,,,,,,,,,,,,,,,,,0,,0,0,0,0,0,0,0,0,0,0,0,0,0,0,0,0,0,0,0,0,0,0,0,0,0,0,0,0,0,0,0,259
9/1/2026,2025,20260919,47916,40338,SUMMIT MIDSTREAM PERMIAN 2 LLC,Natural Gas,INTERSTATE,NEW MEXICO,0,0,0,0,0,0,0,0,0,0,0,0,0,0,0,0,0,0,0,0,0,0,0,0,0,0,0,0,0,0,0,0,0,0,0,0,0,0,0,0,0,0,0,0,0,0,0,0,0,0,0,0,0,0,0,0,0,0,0,0,0,0,0,0,0,0,0,0,0,0,0,0,0,0,0,0,0,0,0,0,0,0,0,0,0,0,0,0,0,0,0,0,0,0,0,0,0,0,0,0,0,0,0,0,0,0,0,0,0,0,0,0,0,0,0,0,0,0,0,0,0,0,0,0,0,0,0,0,0,0,0,0,0,0,0,0,0,0,0,0,0,0,0,0,0,0,0,0,0,0,0,0,0,0,0,,0,0,0,0,0,0,0,0,0,0,0,0,0,0,0,0,1,0,0,0,0,1,0,0,0,0,0,0,0,0,0,0,0,0,0,0,0,0,0,1,900,,,,,,,,,,,,,,,,,,,,,,,,,,,,,,,0,
9/1/2026,2025,20260919,47916,40338,SUMMIT MIDSTREAM PERMIAN 2 LLC,Natural Gas,INTERSTATE,TEXAS,,0,0,0,,,,,,,,,0,0,0,,,,,,,,,0,0,0,,,,,,,,,0,0,0,,,,,,,,,0,0,0,,,,,,,,,0,0,0,,,,,,,,,0,0,0,,,,,,,,,0,0,0,,,,,,,,,0,0,0,,,,,,,,,0,0,0,,,,,,,,,0,0,0,,,,,,,0,,0,0,0,,,,,,,0,,0,0,0,,,,,,,0,,0,0,0,,,,,,,0,0,,0,,,,,,0,,0,,,,,,,,,,,,,,,,,,,,,,,,,,,,,,,0,1502,,,,,,,,,,,,,,,,,,,,,,,,,,,,,,,,
9/1/2026,2025,20260017,46957,40341,GIBSON CITY ENERGY CENTER,Natural Gas,INTRASTATE,ILLINOIS,0,0,0,0,,,0,,,,,0,0,0,0,,,0,,,,,0,0,0,0,,,0,,,,,0,0,0,0,,,0,,,,,0,0,0,0,,,0,,,,,0,0,0,0,,,0,,,,,0,0,0,0,,,0,,,,,0,0,0,0,,,0,,,,,0,0,0,0,,,0,,,,,0,0,0,0,,,0,,,,,0,0,0,0,,,0,0,0,0,0,0,0,0,0,,,0,0,0,0,0,0,0,0,0,,,0,0,0,0,0,0,0,0,0,,0,,0,0,0,0,0,,0,,,,,,0,,0,,,,,,,,,,,,,,,,,,,,,,,,,,,,,,,0,64,,,,,,,,,,,,,,,,,,,,,,,,,,,,,,,,
9/1/2026,2025,20260466,47433,40343,"BKV BARNETT, LLC",Natural Gas,INTRASTATE,TEXAS,,0,,,,,,0,0,0,,,0,,,,,,0,0,0,,,0,,,,,,0,0,0,,,0,,,,,,0,0,0,,,0,,,,,,0,0,0,,,0,,,,,,0,0,0,,,0,,,,,,0,0,0,,,0,,,,,,0,0,0,,,0,,,,,,0,0,0,,,0,,,,,,0,0,0,,,0,,,,,,0,0,0,,,0,,,,,,0,0,0,,,0,,,,,,0,0,0,,,0,,,,,,0,0,0,,,0,,,0,0,0,,,0,0,,,,,,,,,,,,,,,,,,,,,,,,,,,,,,,0,,,,,,,,,,,,,,,,,,,,,,,,,,,,,,,,0,15048
9/1/2026,2025,20261266,48279,40344,MAVERICK NATURAL RESOURCES,Natural Gas,INTRASTATE,TEXAS,0,0,0,0,0,0,0,0,0,0,0,0,0,0,0,0,0,0,0,0,0,0,0,0,0,0,0,0,0,0,0,0,0,0,0,0,0,0,0,0,0,0,0,0,0,0,0,0,0,0,0,0,0,0,0,0,0,0,0,0,0,0,0,0,0,0,0,0,0,0,0,0,0,0,0,0,0,0,0,0,0,0,0,0,0,0,0,0,0,0,0,0,0,0,0,0,0,0,0,0,0,0,0,0,0,0,0,0,0,0,0,0,0,0,0,0,0,0,0,0,0,0,0,0,0,0,0,0,0,0,0,0,0,0,0,0,0,0,0,0,0,0,0,0,0,0,0,0,0,0,0,0,0,0,,0,0,0,0,0,0,0,0,0,0,,,,,,,,,,,,,,,,,,,,,,,,,,,,,,,0,,0,0,0,0,0,0,0,0,0,0,0,0,0,0,0,0,0,0,0,0,0,0,0,0,0,0,0,0,0,0,0,6313
9/1/2026,2025,20260347,47310,40345,ATLAS OPERATING LLC,Natural Gas,INTRASTATE,TEXAS,0,0,0,0,0,0,0,0,0,0,0,0,0,0,0,0,0,0,0,0,0,0,0,0,0,0,0,0,0,0,0,0,0,0,0,0,0,0,0,0,0,0,0,0,0,0,0,0,0,0,0,0,0,0,0,0,0,0,0,0,0,0,0,0,0,0,0,0,0,0,0,0,0,0,0,0,0,0,0,0,0,0,0,0,0,0,0,0,0,0,0,0,0,0,0,0,0,0,0,0,0,0,0,0,0,0,0,0,0,0,0,0,0,0,0,0,0,0,0,0,0,0,0,0,0,0,0,0,0,0,0,0,0,0,0,0,0,0,0,0,0,0,0,0,0,0,0,0,0,0,0,0,0,0,,0,0,0,0,0,0,0,0,0,0,,,,,,,,,,,,,,,,,,,,,,,,,,,,,,,0,,,,,,,,,,,,,,,,,,,,,,,,,,,,,,,,0,403
9/1/2026,2025,20260873,47869,40353,"BONANZA CREEK ENERGY OPERATING COMPANY, LLC",Natural Gas,INTRASTATE,COLORADO,0,0,0,0,0,0,0,0,0,0,0,0,0,0,0,0,0,0,0,0,0,0,0,0,0,0,0,0,0,0,0,0,0,0,0,0,0,0,0,0,0,0,0,0,0,0,0,0,0,0,0,0,0,0,0,0,0,0,0,0,0,0,0,0,0,0,0,0,0,0,0,0,0,0,0,0,0,0,0,0,0,0,0,0,0,0,0,0,0,0,0,0,0,0,0,0,0,0,0,0,0,0,0,0,0,0,0,0,0,0,0,0,0,0,0,0,0,0,0,0,0,0,0,0,0,0,0,0,0,0,0,0,0,0,0,0,0,0,0,0,0,0,0,0,0,0,0,0,0,0,0,0,0,0,0,0,0,0,0,0,0,0,0,0,0,0,0,0,0,0,0,0,0,0,0,0,0,0,0,0,0,0,0,0,0,0,0,0,0,0,0,0,0,0,0,0,0,0,0,0,0,0,0,0,0,0,0,0,0,0,0,0,0,0,0,0,0,0,0,0,0,0,0,0,0,0,0,0,129
9/1/2026,2025,20260336,47297,40356,"FAULCONER ENERGY, LLC",Natural Gas,INTRASTATE,TEXAS,0,0,0,0,0,0,0,0,0,0,0,0,0,0,0,0,0,0,0,0,0,0,0,0,0,0,0,0,0,0,0,0,0,0,0,0,0,0,0,0,0,0,0,0,0,0,0,0,0,0,0,0,0,0,0,0,0,0,0,0,0,0,0,0,0,0,0,0,0,0,0,0,0,0,0,0,0,0,0,0,0,0,0,0,0,0,0,0,0,0,0,0,0,0,0,0,0,0,0,0,0,0,0,0,0,0,0,0,0,0,0,0,0,0,0,0,0,0,0,0,0,0,0,0,0,0,0,0,0,0,0,0,0,0,0,0,0,0,0,0,0,0,0,0,0,0,0,0,0,0,0,0,0,0,,0,0,0,0,0,0,0,0,0,0,,,,,,,,,,,,,,,,,,,,,,,,,,,,,,,0,,,,,,,,,,,,,,,,,,,,,,,,,,,,,,,,0,3221
9/1/2026,2025,20261269,48282,40358,NFENERGIA LLC,Natural Gas,INTRASTATE,PUERTO RICO,0,0,0,0,,,0,,,,,0,0,0,0,,,0,,,,,0,0,0,0,,,0,,,,,0,0,0,0,,,0,,,,,0,0,0,0,,,0,,,,,0,2,0,0,,,0,,,,,0,0,0,0,,,0,,,,,0,0,0,0,,,0,,,,,0,0,0,0,,,0,,,,,0,0,0,0,,,0,,,,,0,0,0,0,,,0,0,0,0,0,0,0,0,0,,,0,0,0,0,0,0,0,0,0,,,0,0,0,0,0,0,2,0,0,,0,,0,0,0,0,2,,0,,,,,,0,,0,,,,,,,,,,,,,,,,,,,,,,,,,,,,,,,0,0,,,,,,,,,,,,,,,,,,,,,,,,,,,,,,,0,
9/1/2026,2025,20260905,47902,40365,"SABER MIDSTREAM, LLC",Natural Gas,INTRASTATE,LOUISIANA,,,,,,,,0,0,0,,,,,,,,,0,0,0,,,,,,,,,0,0,0,,,,,,,,,0,0,0,,,,,,,,,0,0,0,,,,,,,,,0,0,1,,,,,,,,,0,0,0,,,,,,,,,0,0,0,,,,,,,,,0,0,0,,,,,,,,,0,0,0,,,,,,,,,0,0,0,,,,,,,,,0,0,0,,,,,,,,,0,0,0,,,,,,,,,0,0,1,,,,,,,,,,,,,,,,,,,,,,,,,,,,,,,,,,,,,,,,,,,,,,,,,,,,,,,,,,,,,,,,,,,,,,,,,,,0,0
9/1/2026,2025,20260905,47902,40365,"SABER MIDSTREAM, LLC",Natural Gas,INTRASTATE,TEXAS,,,,,,,,0,0,0,,,,,,,,,0,0,0,,,,,,,,,0,0,0,,,,,,,,,0,0,0,,,,,,,,,0,0,0,,,,,,,,,0,0,0,,,,,,,,,0,0,0,,,,,,,,,0,0,0,,,,,,,,,0,0,0,,,,,,,,,0,0,0,,,,,,,,,0,0,0,,,,,,,,,0,0,0,,,,,,,,,0,0,0,,,,,,,,,0,0,0,,,,,,,,,,,,,,,,,,,,,,,,,,,,,,,,,,,,,,,,,,,,,,,,,,,,,,,,,,,,,,,,,,,,,,,,,,,0,0
9/1/2026,2025,20261163,48176,40367,"BIGHORN GAS GATHERING, L.L.C.",Natural Gas,INTERSTATE,WYOMING,0,0,0,0,0,0,0,0,0,0,0,0,0,0,0,0,0,0,0,0,0,0,0,0,0,0,0,0,0,0,0,0,0,0,0,0,0,0,0,0,0,0,0,0,0,0,0,0,0,0,0,0,0,0,0,0,0,0,0,0,0,0,0,0,0,0,0,0,0,0,0,0,0,0,0,0,0,0,0,0,0,0,0,0,0,0,0,0,0,0,0,0,0,0,0,0,0,0,0,0,0,0,0,0,0,0,0,0,0,0,0,0,0,0,0,0,0,0,0,0,0,0,0,0,0,0,0,0,0,0,0,0,0,0,0,0,0,0,0,0,0,0,0,0,0,0,0,0,0,0,0,0,0,0,0,0,0,0,0,0,0,0,0,0,0,,,,,,,,,,,,,,,,,,,,,,,,,,,,,,,0,,,,,,,,,,,,,,,,,,,,,,,,,,,,,,,,0,
9/1/2026,2025,20261163,48176,40367,"BIGHORN GAS GATHERING, L.L.C.",Natural Gas,INTRASTATE,WYOMING,0,0,0,0,0,0,0,0,0,0,0,0,0,0,0,0,0,0,0,0,0,0,0,0,0,0,0,0,0,0,0,0,0,0,0,0,0,0,0,0,0,0,0,0,0,0,0,0,0,0,0,0,0,0,0,0,0,0,0,0,0,0,0,0,0,0,0,0,0,0,0,0,0,0,0,0,0,0,0,0,0,0,0,0,0,0,0,0,0,0,0,0,0,0,0,0,0,0,0,0,0,0,0,0,0,0,0,0,0,0,0,0,0,0,0,0,0,0,0,0,0,0,0,0,0,0,0,0,0,0,0,0,0,0,0,0,0,0,0,0,0,0,0,0,0,0,0,0,0,0,0,0,0,0,0,0,0,0,0,0,0,0,0,0,0,,,,,,,,,,,,,,,,,,,,,,,,,,,,,,,0,33,,,,,,,,,,,,,,,,,,,,,,,,,,,,,,,0,64
9/1/2026,2025,20261052,48057,40370,EAGLE FORD GATHERING LLC,Natural Gas,INTRASTATE,TEXAS,,0,,,,,,,,0,,,0,,,,,,,,0,,,0,,,,,,,,0,,,0,,,,,,,,0,,,0,,,,,,,,0,,,0,,,,,,,,0,,,0,,,,,,,,0,,,0,,,,,,,,0,,,0,,,,,,,,0,,,0,,,,,,,,0,,,0,,,,,,,,0,,,0,,,,,,,,0,,,0,,,,,,,,0,,,0,,,,,,,,0,,,0,,,,,0,,,0,0,,,,,,,,,,,,,,,,,,,,,,,,,,,,,,,,,,,,,,,,,,,,,,,,,,,,,,,,,,,,,,,0,385
9/1/2026,2025,20261293,48306,40375,"LOST CREEK GATHERING COMPANY, LLC",Natural Gas,INTRASTATE,WYOMING,0,0,0,0,0,0,0,0,0,0,0,0,0,0,0,0,0,0,0,0,0,0,0,0,0,0,0,0,0,0,0,0,0,0,0,0,0,0,0,0,0,0,0,0,0,0,0,0,0,0,0,0,0,0,0,0,0,0,0,0,0,0,0,0,0,0,0,0,0,0,0,0,0,0,0,0,0,0,0,0,0,0,0,0,0,0,0,0,0,0,0,0,0,0,0,0,0,0,0,0,0,0,0,0,0,0,0,0,0,0,0,0,0,0,0,0,0,0,0,0,0,0,0,0,0,0,0,0,0,0,0,0,0,0,0,0,0,0,0,0,0,0,0,0,0,0,0,0,0,0,0,0,0,0,0,,0,0,0,0,0,0,0,0,0,,,,,,,,,,,,,,,,,,,,,,,,,,,,,,,0,157,,,,,,,,,,,,,,,,,,,,,,,,,,,,,,,,
9/1/2026,2025,20260772,47763,40379,NOBLE ENERGY INC,Natural Gas,INTRASTATE,TEXAS,,0,,,,,,,,,,,0,,,,,,,,,,,0,,,,,,,,,,,0,,,,,,,,,,,0,,,,,,,,,,,0,,,,,,,,,,,0,,,,,,,,,,,0,,,,,,,,,,,0,,,,,,,,,,,0,,,,,,,,,,,0,,,,,,,,,,,0,,,,,,,,,,,0,,,,,,,,,,,0,,,,,,,,,,,,,,,,,,,,,,,,,,,,,,,,,,,,,,,,,,,,,,,,,,,,,0,0,0,0,0,0,0,0,0,0,0,0,0,0,0,0,0,0,0,0,0,0,0,0,0,0,0,0,0,0,0,0
9/1/2026,2025,20261168,48181,40381,"COPANO/WEBB-DUVAL PIPELINE, LLC",Natural Gas,INTRASTATE,TEXAS,0,0,0,0,0,0,0,0,0,0,0,0,0,0,0,0,0,0,0,0,0,0,0,0,0,0,0,0,0,0,0,0,0,0,0,0,0,0,0,0,0,0,0,0,0,0,0,0,0,0,0,0,0,0,0,0,0,0,0,0,0,0,0,0,0,0,0,0,0,0,0,0,0,0,0,0,0,0,0,0,0,0,0,0,0,0,0,0,0,0,0,0,0,0,0,0,0,0,0,0,0,0,0,0,0,0,0,0,0,0,0,0,0,0,0,0,0,0,0,0,0,0,0,0,0,0,0,0,0,0,0,0,0,0,0,0,0,0,0,0,0,0,0,0,0,0,0,0,0,0,0,0,0,0,,0,0,0,0,0,0,0,0,0,0,,,,,,,,,,,,,,,,,,,,,,,,,,,,,,,0,,,,,,,,,,,,,,,,,,,,,,,,,,,,,,,,0,200
9/1/2026,2025,20260642,47627,40385,"WILLIAMS GILCREST, LLC",Natural Gas,INTRASTATE,COLORADO,,,,,,,,0,0,0,,,,,,,,,0,0,0,,,,,,,,,0,0,0,,,,,,,,,0,0,0,,,,,,,,,0,0,0,,,,,,,,,0,0,4,,,,,,,,,0,0,1,,,,,,,,,0,0,0,,,,,,,,,0,0,0,,,,,,,,,0,0,0,,,,,,,,,0,0,0,,,,,,,,,0,0,0,,,,,,,,,0,0,0,,,,,,,,,0,0,5,,,,,,,,,,,,,,,,,,,,,,,,,,,,,,,,,,,,,,,,,,,,,,,,,,,,,,,,,,,,,,,,,,,,,,,,,,,0,0
9/1/2026,2025,20260887,47883,40386,DTM GAS STORAGE COMPANY,Natural Gas,INTERSTATE,MICHIGAN,0,0,0,0,0,0,0,0,0,0,0,0,0,0,0,0,0,0,0,0,0,0,0,0,0,0,0,0,0,0,0,0,0,0,0,0,0,0,0,0,0,0,0,0,0,0,0,0,0,0,0,0,0,0,0,0,0,0,1,0,0,0,0,0,0,0,0,0,0,0,0,0,0,0,0,0,0,0,0,0,0,0,0,0,0,0,0,0,0,0,0,0,0,0,0,0,0,0,0,0,0,0,0,0,0,0,0,0,0,0,0,0,0,0,0,0,0,0,0,0,0,0,0,0,0,0,0,0,0,0,0,0,0,0,0,0,0,0,0,0,0,0,0,0,0,0,1,0,0,0,0,0,0,0,2,,0,0,0,0,0,0,0,0,0,,,,,,,,,,,,,,,,,,,,,,,,,,,,,,,0,108,,,,,,,,,,,,,,,,,,,,,,,,,,,,,,,0,
9/1/2026,2025,20260884,47880,40387,DTM MICHIGAN GATHERING HOLDING COMPANY,Natural Gas,INTRASTATE,MICHIGAN,0,0,0,0,0,0,0,0,0,0,0,0,0,0,0,0,0,0,1,0,0,0,0,0,0,0,0,0,0,0,0,0,0,0,0,0,0,0,0,0,0,0,0,0,0,0,0,0,0,0,0,0,0,0,0,0,0,0,0,0,0,0,0,0,0,0,0,0,0,0,0,0,0,0,0,0,0,0,0,0,0,0,0,0,0,0,0,0,0,0,0,0,0,0,0,0,0,0,0,0,0,0,0,0,0,0,0,0,0,0,0,0,0,0,0,0,0,0,0,0,0,0,0,0,0,0,0,0,0,0,0,0,0,0,0,0,0,0,0,0,0,0,0,0,0,0,0,0,0,0,1,0,0,0,0,0,,,,,,,,,,,,,,,,,,,,,,,,,,,,,,,,,,,,,,,,0,386,,,,,,,,,,,,,,,,,,,,,,,,,,,,,,,0,201
9/1/2026,2025,20260050,47002,40388,JKLM ENERGY LLC,Natural Gas,INTRASTATE,PENNSYLVANIA,0,0,0,0,0,0,0,0,0,0,0,0,0,0,0,0,0,0,0,0,0,0,0,0,0,0,0,0,0,0,0,0,0,0,0,0,0,0,0,0,0,0,0,0,0,0,0,0,0,0,0,0,0,0,0,0,0,0,0,0,0,0,0,0,0,0,0,0,0,0,0,0,0,0,0,0,0,0,0,0,0,0,0,0,0,0,0,0,0,0,0,0,0,0,0,0,0,0,0,0,0,0,0,0,0,0,0,0,0,0,0,0,0,0,0,0,0,0,0,0,0,0,0,0,0,0,0,0,0,0,0,0,0,0,0,0,0,0,0,0,0,0,0,0,0,0,0,0,0,0,0,0,0,0,,0,0,0,0,0,0,0,0,0,0,,,,,,,,,,,,,,,,,,,,,,,,,,,,,,,0,,,,,,,,,,,,,,,,,,,,,,,,,,,,,,,,0,56
9/1/2026,2025,20260395,47360,40389,"BRILEY OPERATING, LLC",Natural Gas,INTRASTATE,TEXAS,,,,,,,,,,,,,,,,,,,,,,,,,,,,,,,,,,,,,,,,,,,,,,,,,,,,,,,,,,,,,,,,,,,,,,,,,,,,,,,,,,,,,,,,,,,,,,,,,,,,,,,,,,,,,,,,,,,,,,,,,,,,,,,,,,,,,,,,,,,,,,,,,,,,,,,,,,,,,,,,,,,,,,,,,,,,,,,,,,,,,,,,,,,,,,,,,,,,0,,0,0,0,0,0,0,0,0,0,0,0,0,0,0,0,0,0,0,0,0,0,0,0,0,0,0,0,0,0,0,0,0
9/1/2026,2025,20260560,47542,40390,"PINNACLE GAS TREATING, LLC",Natural Gas,INTRASTATE,TEXAS,0,0,0,0,,,0,,,0,,0,0,0,0,,,0,,,0,,0,0,0,0,,,0,,,0,,0,0,0,0,,,0,,,0,,0,0,0,0,,,0,,,0,,0,0,0,0,,,0,,,0,,0,0,0,0,,,0,,,0,,0,0,0,0,,,0,,,0,,0,0,0,0,,,0,,,0,,0,0,0,0,,,0,,,0,,0,0,0,0,,,0,,,0,,0,0,0,0,,,0,,,0,,0,0,0,0,,,0,,,0,,0,0,0,0,,0,,,,0,,0,0,0,,,,0,,0,0,0,,,,,,,,,,,,,,,,,,,,,,,,,,,,,,,0,527,,,,,,,,,,,,,,,,,,,,,,,,,,,,,,,0,1246
9/1/2026,2025,20261079,48087,40391,JACKSON PRAIRIE PIPELINES,Natural Gas,INTERSTATE,WASHINGTON,0,0,0,0,0,0,0,0,0,0,0,0,0,0,0,0,0,0,0,0,0,0,0,0,0,0,0,0,0,0,0,0,0,0,0,0,0,0,0,0,0,0,0,0,0,0,0,0,0,0,0,0,0,0,0,0,0,0,0,0,0,0,0,0,0,0,0,0,0,0,0,0,0,0,0,0,0,0,0,0,0,0,0,0,0,0,0,0,0,0,0,0,0,0,0,0,0,0,0,0,0,0,0,0,0,0,0,0,0,0,0,0,0,0,0,0,0,0,0,0,0,0,0,0,0,0,0,0,0,0,0,0,0,0,0,0,0,0,0,0,0,0,0,0,0,0,0,0,0,0,0,0,0,0,0,0,0,0,0,0,0,0,0,0,0,,,,,,,,,,,,,,,,,,,,,,,,,,,,,,,0,4,,,,,,,,,,,,,,,,,,,,,,,,,,,,,,,0,0
9/1/2026,2025,20260646,47631,40395,OTTER CREEK MIDSTREAM,Natural Gas,INTRASTATE,OKLAHOMA,0,0,0,0,0,0,0,0,0,0,0,0,0,0,0,0,0,0,0,0,0,0,0,0,0,0,0,0,0,0,0,0,0,0,0,0,0,0,0,0,0,0,0,0,0,0,0,0,0,0,0,0,0,0,0,0,0,0,0,0,0,0,0,0,0,0,0,0,0,0,0,0,0,0,0,0,0,0,0,0,0,0,0,0,0,0,0,0,0,0,0,0,0,0,0,0,0,0,0,0,0,0,0,0,0,0,0,0,0,0,0,0,0,0,0,0,0,0,0,0,0,0,0,0,0,0,0,0,0,0,0,0,0,0,0,0,0,0,0,0,0,0,0,0,0,0,0,0,0,0,0,0,0,0,,0,0,0,0,0,0,0,0,0,0,,,,,,,,,,,,,,,,,,,,,,,,,,,,,,,0,,,,,,,,,,,,,,,,,,,,,,,,,,,,,,,,0,3374
9/1/2026,2025,20261429,48465,40396,"PURSUIT OIL & GAS STX, LLC",Natural Gas,INTRASTATE,TEXAS,0,0,0,0,0,0,0,0,0,0,0,0,0,0,0,0,0,0,0,0,0,0,0,0,0,0,0,0,0,0,0,0,0,0,0,0,0,0,0,0,0,0,0,0,0,0,0,0,0,0,0,0,0,0,0,0,0,0,0,0,0,0,0,0,0,0,0,0,0,0,0,0,0,0,0,0,0,0,0,0,0,0,0,0,0,0,0,0,0,0,0,0,0,0,0,0,0,0,0,0,0,0,0,0,0,0,0,0,0,0,0,0,0,0,0,0,0,0,0,0,0,0,0,0,0,0,0,0,0,0,0,0,0,0,0,0,0,0,0,0,0,0,0,0,0,0,0,0,0,0,0,0,0,0,,0,0,0,0,0,0,0,0,0,0,,,,,,,,,,,,,,,,,,,,,,,,,,,,,,,0,,0,0,0,0,0,0,0,0,0,0,0,0,0,0,0,0,0,0,0,0,0,0,0,0,0,0,0,0,0,0,0,1
9/1/2026,2025,20261340,48353,40397,"APEX NATURAL GAS, LLC",Natural Gas,INTRASTATE,LOUISIANA,,0,0,0,,,,0,0,0,,,0,0,0,,,,0,0,0,,,0,0,0,,,,0,0,0,,,0,0,0,,,,0,0,0,,,0,0,0,,,,0,0,0,,,0,0,0,,,,0,0,0,,,0,0,0,,,,0,0,0,,,0,0,0,,,,0,0,0,,,0,0,0,,,,0,0,0,,,0,0,0,,,,0,0,0,,,0,0,0,,,,0,0,0,,,0,0,0,,,,0,0,0,,,0,0,0,,,,0,0,0,,,0,0,0,,,,0,0,0,,,,,,,,,,,,,,,,,,,,,,,,,,,,,,,,,,,,,,,,,,,0,30,,,,,,,,,,,,,,,,,,,,,,,,,,,,,,,0,372
9/1/2026,2025,20261340,48353,40397,"APEX NATURAL GAS, LLC",Natural Gas,INTRASTATE,TEXAS,0,0,0,0,0,0,0,0,0,0,0,0,0,0,0,0,0,0,0,0,0,0,0,0,0,0,0,0,0,0,0,0,0,0,0,0,0,0,0,0,0,0,0,0,0,0,0,0,0,0,0,0,0,0,0,0,0,0,0,0,0,0,0,0,0,0,0,0,0,0,0,0,0,0,0,0,0,0,0,0,0,0,0,0,0,0,0,0,0,0,0,0,0,0,0,0,0,0,0,0,0,0,0,0,0,0,0,0,0,0,0,0,0,0,0,0,0,0,0,0,0,0,0,0,0,0,0,0,0,0,0,0,0,0,0,0,0,0,0,0,0,0,0,0,0,0,0,0,0,0,0,0,0,0,,0,0,0,0,0,0,0,0,0,0,,,,,,,,,,,,,,,,,,,,,,,,,,,,,,,0,,,,,,,,,,,,,,,,,,,,,,,,,,,,,,,,0,0
9/1/2026,2025,20260313,47271,40398,"SILVER HILL ENERGY OPERATING, LLC",Natural Gas,INTRASTATE,LOUISIANA,,0,,,,,,0,0,0,,,0,,,,,,0,0,0,,,0,,,,,,0,0,0,,,0,,,,,,0,0,0,,,0,,,,,,0,0,0,,,0,,,,,,0,0,0,,,0,,,,,,0,0,0,,,0,,,,,,0,0,0,,,0,,,,,,0,0,0,,,0,,,,,,0,0,0,,,0,,,,,,0,0,0,,,0,,,,,,0,0,0,,,0,,,,,,0,0,0,,,0,,,,,,0,0,0,,,0,,,0,0,0,,,0,0,,,,,,,,,,,,,,,,,,,,,,,,,,,,,,,,,,,,,,,,,,,,,,,,,,,,,,,,,,,,,,,0,38
9/1/2026,2025,20260313,47271,40398,"SILVER HILL ENERGY OPERATING, LLC",Natural Gas,INTRASTATE,TEXAS,,0,,,,,,0,0,0,,,0,,,,,,0,0,0,,,0,,,,,,0,0,0,,,0,,,,,,0,0,0,,,0,,,,,,0,0,0,,,0,,,,,,0,0,0,,,0,,,,,,0,0,0,,,0,,,,,,0,0,0,,,0,,,,,,0,0,0,,,0,,,,,,0,0,0,,,0,,,,,,0,0,0,,,0,,,,,,0,0,0,,,0,,,,,,0,0,0,,,0,,,,,,0,0,0,,,0,,,0,0,0,,,0,0,,,,,,,,,,,,,,,,,,,,,,,,,,,,,,,,,,,,,,,,,,,,,,,,,,,,,,,,,,,,,,,0,245
9/1/2026,2025,20260499,47471,40399,GLE MANAGEMENT SERVICES LLC,Natural Gas,INTRASTATE,KENTUCKY,0,0,0,0,0,0,0,0,0,0,0,0,0,0,0,0,0,0,0,0,0,0,0,0,0,0,0,0,0,0,0,0,0,0,0,0,0,0,0,0,0,0,0,0,0,0,0,0,0,0,0,0,0,0,0,0,0,0,0,0,0,0,0,0,0,0,0,0,0,0,0,0,0,0,0,0,0,0,0,0,0,0,0,0,0,0,0,0,0,0,0,0,0,0,0,0,0,0,0,0,0,0,0,0,0,0,0,0,0,0,0,0,0,0,0,0,0,0,0,0,0,0,0,0,0,0,0,0,0,0,0,0,0,0,0,0,0,0,0,0,0,0,0,0,0,0,0,0,0,0,0,0,0,0,0,,0,0,0,0,0,0,0,0,0,,,,,,,,,,,,,,,,,,,,,,,,,,,,,,,0,13,,,,,,,,,,,,,,,,,,,,,,,,,,,,,,,0,
9/1/2026,2025,20260159,47114,40404,AIR LIQUIDE ELECTRONICS US L.P.,Hydrogen Gas,INTRASTATE,TEXAS,0,0,0,0,,,0,,,,,0,0,0,0,,,0,,,,,0,0,0,0,,,0,,,,,0,0,0,0,,,0,,,,,0,0,0,0,,,0,,,,,0,0,0,0,,,0,,,,,0,0,0,0,,,0,,,,,0,0,0,0,,,0,,,,,0,0,0,0,,,0,,,,,0,0,0,0,,,0,,,,,0,0,0,0,,,0,0,0,0,0,0,0,0,0,,,0,0,0,0,0,0,0,0,0,,,0,0,0,0,0,0,0,0,0,,0,,0,0,0,0,0,,0,,,,,,0,,0,0,0,0,0,0,0,,,,,,,,,,,,,,,,,,,,,,,,,0,2,,,,,,,,,,,,,,,,,,,,,,,,,,,,,,,,
9/1/2026,2025,20260175,47131,40407,HEIDELBERG MATERIALS,Natural Gas,INTRASTATE,INDIANA,0,0,0,0,,,0,,,,,0,0,0,0,,,0,,,,,0,0,0,0,,,0,,,,,0,0,0,0,,,0,,,,,0,0,0,0,,,0,,,,,0,0,0,0,,,0,,,,,0,0,0,0,,,0,,,,,0,0,0,0,,,0,,,,,0,0,0,0,,,0,,,,,0,0,0,0,,,0,,,,,0,0,0,0,,,0,0,0,0,0,0,0,0,0,,,0,0,0,0,0,0,0,0,0,,,0,0,0,0,0,0,0,0,0,,0,,0,0,0,0,0,,0,,,,,,0,,0,0,0,0,0,0,0,0,0,0,0,0,0,0,0,0,0,0,0,0,0,0,0,0,0,0,0,0,0,0,0,0,17,,,,,,,,,,,,,,,,,,,,,,,,,,,,,,,,
9/1/2026,2025,20260110,47064,40410,TIGER GAS SERVICES LLC,Natural Gas,INTRASTATE,TEXAS,0,0,0,0,0,0,0,0,0,0,0,0,0,0,0,0,0,0,0,0,0,0,0,0,0,0,0,0,0,0,0,0,0,0,0,0,0,0,0,0,0,0,0,0,0,0,0,0,0,0,0,0,0,0,0,0,0,0,0,0,0,0,0,0,0,0,0,0,0,0,0,0,0,0,0,0,0,0,0,0,0,0,0,0,0,0,0,0,0,0,0,0,0,0,0,0,0,0,0,0,0,0,0,0,0,0,0,0,0,0,0,0,0,0,0,0,0,0,0,0,0,0,0,0,0,0,0,0,0,0,0,0,0,0,0,0,0,0,0,0,0,0,0,0,0,0,0,0,0,0,0,0,0,0,,0,0,0,0,0,0,0,0,0,0,,,,,,,,,,,,,,,,,,,,,,,,,,,,,,,0,,0,0,0,0,0,0,0,0,0,0,0,0,0,0,0,0,0,0,0,0,0,0,0,0,0,0,0,0,0,0,0,3
9/1/2026,2025,20260512,47491,40414,"BKV MIDSTREAM, LLC",Natural Gas,INTRASTATE,TEXAS,,0,,,,,,0,0,0,,,0,,,,,,0,0,0,,,0,,,,,,0,0,0,,,0,,,,,,0,0,0,,,0,,,,,,0,0,0,,,0,,,,,,0,0,0,,,0,,,,,,0,0,0,,,0,,,,,,0,0,0,,,0,,,,,,0,0,0,,,0,,,,,,0,0,0,,,0,,,,,,0,0,0,,,0,,,,,,0,0,0,,,0,,,,,,0,0,0,,,0,,,,,,0,0,0,,,0,,,0,0,0,,,0,0,,,,,,,,,,,,,,,,,,,,,,,,,,,,,,,0,,,,,,,,,,,,,,,,,,,,,,,,,,,,,,,,0,41854
9/1/2026,2025,20260670,48417,40415,"BERRY PETROLEUM COMPANY, LLC",Natural Gas,INTRASTATE,CALIFORNIA,0,0,0,0,0,0,0,0,0,0,0,0,0,0,0,0,0,0,0,0,0,0,0,0,0,0,0,0,0,0,0,0,0,0,0,0,0,0,0,0,0,0,0,0,0,0,0,0,0,0,0,0,0,0,0,0,0,0,0,0,0,0,0,0,0,0,0,0,0,0,0,0,0,0,0,0,0,0,0,0,0,0,0,0,0,0,0,0,0,0,0,0,0,0,0,0,0,0,0,0,0,0,0,0,0,0,0,0,0,0,0,0,0,0,0,0,0,0,0,0,0,0,0,0,0,0,0,0,0,0,0,0,0,0,0,0,0,0,0,0,0,0,0,0,0,0,0,0,0,0,0,0,0,0,,0,0,0,0,0,0,0,0,0,0,,,,,,,,,,,,,,,,,,,,,,,,,,,,,,,0,,,,,,,,,,,,,,,,,,,,,,,,,,,,,,,,0,1149
9/1/2026,2025,20260670,48417,40415,"BERRY PETROLEUM COMPANY, LLC",Natural Gas,INTRASTATE,UTAH,0,0,0,0,0,0,0,0,0,2,0,0,0,0,0,0,0,0,0,0,0,0,0,0,0,0,0,0,0,0,0,0,0,0,0,0,0,0,0,0,0,0,0,0,0,0,0,0,0,0,0,0,0,0,0,0,0,0,0,0,0,0,0,0,0,0,0,0,0,0,0,0,0,0,0,0,0,0,0,0,0,0,0,0,0,0,0,0,0,0,0,0,0,0,0,0,0,0,0,0,0,0,0,0,0,0,0,0,0,0,0,0,0,0,0,0,0,0,0,0,0,0,0,0,0,0,0,0,0,0,0,0,0,0,0,0,0,0,0,0,0,0,0,0,0,0,0,0,0,0,0,0,2,0,,0,0,0,0,0,0,0,0,0,0,,,,,,,,,,,,,,,,,,,,,,,,,,,,,,,0,,,,,,,,,,,,,,,,,,,,,,,,,,,,,,,,0,114
9/1/2026,2025,20260294,47252,40417,BIG RUN POWER PRODUCERS,Natural Gas,INTRASTATE,KENTUCKY,0,0,0,0,0,0,0,0,0,0,0,0,0,0,0,0,0,0,0,0,0,0,0,0,0,0,0,0,0,0,0,0,0,0,0,0,0,0,0,0,0,0,0,0,0,0,0,0,0,0,0,0,0,0,0,0,0,0,0,0,0,0,0,0,0,0,0,0,0,0,0,0,0,0,0,0,0,0,0,0,0,0,0,0,0,0,0,0,0,0,0,0,0,0,0,0,0,0,0,0,0,0,0,0,0,0,0,0,0,0,0,0,0,0,0,0,0,0,0,0,0,0,0,0,0,0,0,0,0,0,0,0,0,0,0,0,0,0,0,0,0,0,0,0,0,0,0,0,0,0,0,0,0,0,0,,0,0,0,0,0,0,0,0,0,,,,,,,,,,,,,,,,,,,,,,,,,,,,,,,0,0,,,,,,,,,,,,,,,,,,,,,,,,,,,,,,,0,
9/1/2026,2025,20261070,48076,40424,COLORADO SAND COMPANY LLC,Natural Gas,INTRASTATE,COLORADO,0,0,0,0,,,0,,,,,0,0,0,0,,,0,,,,,0,0,0,0,,,0,,,,,0,0,0,0,,,0,,,,,0,0,0,0,,,0,,,,,0,0,0,0,,,0,,,,,0,0,0,0,,,0,,,,,0,0,0,0,,,0,,,,,0,0,0,0,,,0,,,,,0,0,0,0,,,0,,,,,0,0,0,0,,,0,0,0,0,0,0,0,0,0,,,0,0,0,0,0,0,0,0,0,,,0,0,0,0,0,0,0,0,0,,0,,0,0,0,0,0,,0,,,,,,0,,0,,,,,,,,,,,,,,,,,,,,,,,,,,,,,,,0,117,,,,,,,,,,,,,,,,,,,,,,,,,,,,,,,,
9/1/2026,2025,20260135,47090,40425,"DOW HYDROCARBONS & RESOURCES, INC, GRAND BAYOU OPERATIONS",Other Gas-Ethylene,INTRASTATE,LOUISIANA,0,0,0,0,0,0,0,0,0,0,0,0,0,0,0,0,0,0,0,0,0,0,0,0,0,0,0,0,0,0,0,0,0,0,0,0,0,0,0,0,0,0,0,0,0,0,0,0,0,0,0,0,0,0,0,0,0,0,0,0,0,0,0,0,0,0,0,0,0,0,0,0,0,0,0,0,0,0,0,0,0,0,0,0,0,0,0,0,0,0,0,0,0,0,0,0,0,0,0,0,0,0,0,0,0,0,0,0,0,0,0,0,0,0,0,0,0,0,0,0,0,0,0,0,0,0,0,0,0,0,0,0,0,0,0,0,0,0,0,0,0,0,0,0,0,0,0,0,0,0,0,0,0,0,0,,0,0,0,0,0,0,0,0,0,,,,,,,,,,,,,,,,,,,,,,,,,,,,,,,0,55,,,,,,,,,,,,,,,,,,,,,,,,,,,,,,,0,
9/1/2026,2025,20260396,47361,40428,"BRAMMER ENGINEERING, INC",Natural Gas,INTRASTATE,LOUISIANA,0,0,0,0,0,0,0,0,0,0,0,0,0,0,0,0,0,0,0,0,0,0,0,0,0,0,0,0,0,0,0,0,0,0,0,0,0,0,0,0,0,0,0,0,0,0,0,0,0,0,0,0,0,0,0,0,0,0,0,0,0,0,0,0,0,0,0,0,0,0,0,0,0,0,0,0,0,0,0,0,0,0,0,0,0,0,0,0,0,0,0,0,0,0,0,0,0,0,0,0,0,0,0,0,0,0,0,0,0,0,0,0,0,0,0,0,0,0,0,0,0,0,0,0,0,0,0,0,0,0,0,0,0,0,0,0,0,0,0,0,0,0,0,0,0,0,0,0,0,0,0,0,0,0,,0,0,0,0,0,0,0,0,0,0,,,,,,,,,,,,,,,,,,,,,,,,,,,,,,,0,,,,,,,,,,,,,,,,,,,,,,,,,,,,,,,,0,0
9/1/2026,2025,20260975,47978,40438,"PERMIAN RESOURCES OPERATING, LLC",Natural Gas,INTRASTATE,NEW MEXICO,,0,,,,,,0,0,0,,,0,,,,,,0,0,0,,,0,,,,,,0,0,0,,,0,,,,,,0,0,0,,,0,,,,,,0,0,0,,,0,,,,,,0,0,0,,,0,,,,,,0,0,0,,,0,,,,,,0,0,0,,,0,,,,,,0,0,0,,,0,,,,,,0,0,0,,,0,,,,,,0,0,0,,,0,,,,,,0,0,0,,,0,,,,,,0,0,0,,,0,,,,,,0,0,0,,,,,,,,,,,,,,,,,,,,,,,,,,,,,,,,,,,,,,,,,,,,,,,,,,,,,,,,,,,,,,,,,,,,,,,,,,,0,2335
9/1/2026,2025,20260658,47643,40446,FP BALBOA LA MIDSTREAM LLC,Natural Gas,INTRASTATE,LOUISIANA,,,,,,,,,,,,,,,,,,,,,,,,,,,,,,,,,,,,,,,,,,,,,,,,,,,,,,,,,,,,,,,,,,,,,,,,,,,,,,,,,,,,,,,,,,,,,,,,,,,,,,,,,,,,,,,,,,,,,,,,,,,,,,,,,,,,,,,,,,,,,,,,,,,,,,,,,,,,,,,,,,,,,,,,,,,,,,,,,,,,,,,,,,,,,,,,,,,,0,,,,,,,,,,,,,,,,,,,,,,,,,,,,,,,,0,0
9/1/2026,2025,20260652,47637,40449,KEY OPERATING COMPANY,Natural Gas,INTRASTATE,LOUISIANA,,0,,,,,,0,0,0,,,0,,,,,,0,0,0,,,0,,,,,,0,0,0,,,0,,,,,,0,0,0,,,0,,,,,,0,0,0,,,0,,,,,,0,0,0,,,0,,,,,,0,0,0,,,0,,,,,,0,0,0,,,0,,,,,,0,0,0,,,0,,,,,,0,0,0,,,0,,,,,,0,0,0,,,0,,,,,,0,0,0,,,0,,,,,,0,0,0,,,0,,,,,,0,0,0,,,0,,,0,0,0,,,0,0,,,,,,,,,,,,,,,,,,,,,,,,,,,,,,,,,,,,,,,,,,,,,,,,,,,,,,,,,,,,,,,0,0
9/1/2026,2025,20260692,47677,40450,"AIRSTREAM COMPRESSION, LLC",Natural Gas,INTRASTATE,OHIO,0,0,0,0,0,0,0,0,0,0,0,0,0,0,0,0,0,0,0,0,0,0,0,0,0,0,0,0,0,0,0,0,0,0,0,0,0,0,0,0,0,0,0,0,0,0,0,0,0,0,0,0,0,0,0,0,0,0,0,0,0,0,0,0,0,0,0,0,0,0,0,0,0,0,0,0,0,0,0,0,0,0,0,0,0,0,0,0,0,0,0,0,0,0,0,0,0,0,0,0,0,0,0,0,0,0,0,0,0,0,0,0,0,0,0,0,0,0,0,0,0,0,0,0,0,0,0,0,0,0,0,0,0,0,0,0,0,0,0,0,0,0,0,0,0,0,0,0,0,0,0,0,0,0,,0,0,0,0,0,0,0,0,0,0,,,,,,,,,,,,,,,,,,,,,,,,,,,,,,,0,,,,,,,,,,,,,,,,,,,,,,,,,,,,,,,,0,0
9/1/2026,2025,20261432,48470,40460,TAURUS GAS SERVICES,Natural Gas,INTRASTATE,TEXAS,0,0,0,0,,,0,,,,,0,0,0,0,,,0,,,,,0,0,0,0,,,0,,,,,0,0,0,0,,,0,,,,,0,0,0,0,,,0,,,,,0,0,0,0,,,0,,,,,0,0,0,0,,,0,,,,,0,0,0,0,,,0,,,,,0,0,0,0,,,0,,,,,0,0,0,0,,,0,,,,,0,0,0,0,,,0,,,,,0,0,0,0,,,0,,,,,0,0,0,0,,,0,,,,,0,0,0,0,,0,,,,,,0,,0,,,,,,0,,0,0,0,0,0,0,0,0,0,0,0,0,0,0,0,0,0,0,0,0,0,0,0,0,0,0,0,0,0,0,0,0,0,,,,,,,,,,,,,,,,,,,,,,,,,,,,,,,0,
9/1/2026,2025,20260212,47170,40462,"OVERTON MIDSTREAM, LLC",Natural Gas,INTRASTATE,TEXAS,,0,,,,,,0,0,0,,,0,,,,,,0,0,0,,,0,,,,,,0,0,0,,,0,,,,,,0,0,0,,,0,,,,,,0,0,0,,,0,,,,,,0,0,0,,,0,,,,,,0,0,0,,,0,,,,,,0,0,0,,,0,,,,,,0,0,0,,,0,,,,,,0,0,0,,,0,,,,,,0,0,0,,,0,,,,,,0,0,0,,,0,,,,,,0,0,0,,,0,,,,,,0,0,0,,,0,,,0,0,0,,,0,0,,,,,,,,,,,,,,,,,,,,,,,,,,,,,,,,,0,0,0,0,0,0,0,0,0,0,0,0,0,0,0,0,0,0,0,0,0,0,0,0,0,0,0,0,0,0,0,70
9/1/2026,2025,20260211,47169,40471,"JAMEX, INC.",Natural Gas,INTRASTATE,TEXAS,,0,,,,,,0,0,0,,,0,,,,,,0,0,0,,,0,,,,,,0,0,0,,,0,,,,,,0,0,0,,,0,,,,,,0,0,0,,,0,,,,,,0,0,0,,,0,,,,,,0,0,0,,,0,,,,,,0,0,0,,,0,,,,,,0,0,0,,,0,,,,,,0,0,0,,,0,,,,,,0,0,0,,,0,,,,,,0,0,0,,,0,,,,,,0,0,0,,,0,,,,,,0,0,0,,,0,,,0,0,0,,,0,0,,,,,,,,,,,,,,,,,,,,,,,,,,,,,,,0,,0,0,0,0,0,0,0,0,0,0,0,0,0,0,0,0,0,0,0,0,0,0,0,0,0,0,0,0,0,0,0,19
9/1/2026,2025,20261161,48174,40481,CHEVRON ATHENA RNG,Natural Gas,INTRASTATE,SOUTH DAKOTA,0,0,0,0,0,0,0,0,0,0,0,0,0,0,0,0,0,0,0,0,0,0,0,0,0,0,0,0,0,0,0,0,0,0,0,0,0,0,0,0,0,0,0,0,0,0,0,0,0,0,0,0,0,0,0,0,0,0,0,0,0,0,0,0,0,0,0,0,0,0,0,0,0,0,0,0,0,0,0,0,0,0,0,0,0,0,0,0,0,0,0,0,0,0,0,0,0,0,0,0,0,0,0,0,0,0,0,0,0,0,0,0,0,0,0,0,0,0,0,0,0,0,0,0,0,0,0,0,0,0,0,0,0,0,0,0,0,0,0,0,0,0,0,0,0,0,0,0,0,0,0,0,0,0,,0,0,0,0,0,0,0,0,0,0,,,,,,,,,,,,,,,,,,,,,,,,,,,,,,,0,,0,0,0,0,0,0,0,0,0,0,0,0,0,0,0,0,0,0,0,0,0,0,0,0,0,0,0,0,0,0,0,55
9/1/2026,2025,20260787,47780,40482,"STARTEX FIELD SERVICES, LLC",Natural Gas,INTRASTATE,TEXAS,0,0,0,0,0,0,0,0,0,0,0,0,0,0,0,0,0,0,0,0,0,0,0,0,0,0,0,0,0,0,0,0,0,0,0,0,0,0,0,0,0,0,0,0,0,0,0,0,0,0,0,0,0,0,0,0,0,0,0,0,0,0,0,0,0,0,0,0,0,0,0,0,0,0,0,0,0,0,0,0,0,0,0,0,0,0,0,0,0,0,0,0,0,0,0,0,0,0,0,0,0,0,0,0,0,0,0,0,0,0,0,0,0,0,0,0,0,0,0,0,0,0,0,0,0,0,0,0,0,0,0,0,0,0,0,0,0,0,0,0,0,0,0,0,0,0,0,0,0,0,0,0,0,0,,0,0,0,0,0,0,0,0,0,0,,,,,,,,,,,,,,,,,,,,,,,,,,,,,,,0,,,,,,,,,,,,,,,,,,,,,,,,,,,,,,,,0,947
9/1/2026,2025,20260265,47223,40483,MISSION CREEK OPCO,Natural Gas,INTRASTATE,ARKANSAS,,0,,,,,,0,0,0,,,0,,,,,,0,0,0,,,0,,,,,,0,0,0,,,0,,,,,,0,0,0,,,0,,,,,,0,0,0,,,0,,,,,,0,0,0,,,0,,,,,,0,0,0,,,0,,,,,,0,0,0,,,0,,,,,,0,0,0,,,0,,,,,,0,0,0,,,0,,,,,,0,0,0,,,0,,,,,,0,0,0,,,0,,,,,,0,0,0,,,0,,,,,,0,0,0,,,0,,,0,0,0,,,0,0,,,,,,,,,,,,,,,,,,,,,,,,,,,,,,,0,,,,,,,,,,,,,,,,,,,,,,,,,,,,,,,,0,0
9/1/2026,2025,20260984,47987,40488,TEP ROCKY MOUNTAIN LLC,Natural Gas,INTRASTATE,COLORADO,,0,,,,,,0,0,0,,,0,,,,,,0,0,5,,,0,,,,,,0,0,0,,,0,,,,,,0,0,0,,,0,,,,,,0,0,0,,,0,,,,,,0,0,0,,,0,,,,,,0,0,0,,,0,,,,,,0,0,0,,,0,,,,,,0,0,0,,,0,,,,,,0,0,0,,,0,,,,,,0,0,0,,,0,,,,,,0,0,0,,,0,,,,,,0,0,0,,,0,,,,,,0,0,5,,,0,,,0,0,1,,,1,1,,,,,,,,,,,,,,,,,,,,,,,,,,,,,,,,,,,,,,,,,,,,,,,,,,,,,,,,,,,,,,,0,3049
9/1/2026,2025,20261282,48391,40489,"SILVERBOW RESOURCES OPER, LLC",Natural Gas,INTRASTATE,TEXAS,,0,,,,,,0,0,0,,,0,,,,,,0,0,0,,,0,,,,,,0,0,0,,,0,,,,,,0,0,0,,,0,,,,,,0,0,0,,,0,,,,,,0,0,0,,,0,,,,,,0,0,0,,,0,,,,,,0,0,0,,,0,,,,,,0,0,0,,,0,,,,,,0,0,0,,,0,,,,,,0,0,0,,,0,,,,,,0,0,0,,,0,,,,,,0,0,0,,,0,,,,,,0,0,0,,,0,,,0,0,0,,,0,0,,,,,,,,,,,,,,,,,,,,,,,,,,,,,,,,,0,0,0,0,0,0,0,0,0,0,0,0,0,0,0,0,0,0,0,0,0,0,0,0,0,0,0,0,0,0,0,112
9/1/2026,2025,20261212,48225,40490,WCAA MIDSTREAM LLC,Natural Gas,INTRASTATE,PENNSYLVANIA,,0,,,,,,0,0,0,,,0,,,,,,0,0,0,,,0,,,,,,0,0,0,,,0,,,,,,0,0,0,,,0,,,,,,0,0,0,,,0,,,,,,0,0,0,,,0,,,,,,0,0,0,,,0,,,,,,0,0,0,,,0,,,,,,0,0,0,,,0,,,,,,0,0,0,,,0,,,,,,0,0,0,,,0,,,,,,0,0,0,,,0,,,,,,0,0,0,,,0,,,,,,0,0,0,,,0,,,0,0,0,,,0,0,,,,,,,,,,,,,,,,,,,,,,,,,,,,,,,,,,,,,,,,,,,,,,,,,,,,,,,,,,,,,,,0,130
9/1/2026,2025,20261005,48008,40494,"OWN RESOURCES OPERATING, LLC",Natural Gas,INTRASTATE,COLORADO,0,0,0,0,0,0,0,0,0,0,0,0,0,0,0,0,0,0,0,0,0,0,0,0,0,0,0,0,0,0,0,0,0,0,0,0,0,0,0,0,0,0,0,0,0,0,0,0,0,0,0,0,0,0,0,0,0,0,0,0,0,0,0,0,8,0,0,0,0,0,0,0,0,0,0,0,0,0,0,0,0,0,0,0,0,0,0,0,0,0,0,0,0,0,0,0,0,0,0,0,0,0,0,0,0,0,0,0,0,0,0,0,0,0,0,0,0,0,0,0,0,0,0,0,0,0,0,0,0,0,0,0,0,0,0,0,0,0,0,0,0,0,0,0,0,0,0,0,0,0,0,0,8,0,,7,0,0,0,0,0,0,0,0,0,,,,,,,,,,,,,,,,,,,,,,,,,,,,,,,0,,,,,,,,,,,,,,,,,,,,,,,,,,,,,,,,0,4
9/1/2026,2025,20261270,48283,40495,WILL COUNTY,Natural Gas,INTRASTATE,ILLINOIS,,,,,,,,,,,,,,,,,,,,,,,,,,,,,,,,,,,,,,,,,,,,,,,,,,,,,,,,,,,,,,,,,,,,,,,,,,,,,,,,,,,,,,,,,,,,,,,,,,,,,,,,,,,,,,,,,,,,,,,,,,,,,,,,,,,,,,,,,,,,,,,,,,,,,,,,,,,,,0,0,0,0,0,0,0,0,0,,,,,,,,,,,,,,,,,,,,,,,,,,,,,,,0,140,,,,,,,,,,,,,,,,,,,,,,,,,,,,,,,,
9/1/2026,2025,20261157,48170,40497,CHEVRON CABALLERO RNG,Natural Gas,INTRASTATE,ARIZONA,,0,0,0,,,,,,,,,0,0,0,,,,,,,,,0,0,0,,,,,,,,,0,0,0,,,,,,,,,0,0,0,,,,,,,,,0,0,0,,,,,,,,,0,0,0,,,,,,,,,0,0,0,,,,,,,,,0,0,0,,,,,,,,,0,0,0,,,,,,,,,0,0,0,,,,,,,0,,0,0,0,,,,,,,0,,0,0,0,,,,,,,0,,0,0,0,,,,,,,0,0,,0,,,,,,0,,0,0,0,0,0,0,0,0,0,0,0,0,0,0,0,0,0,0,0,0,0,0,0,0,0,0,0,0,0,0,0,0,0,,,,,,,,,,,,,,,,,,,,,,,,,,,,,,,,
9/1/2026,2025,20261192,48205,40499,KINDER MORGAN RANGER LLC,Natural Gas,INTRASTATE,TEXAS,0,0,0,0,,,0,0,0,0,,0,0,0,0,,,0,0,0,0,,0,0,0,0,,,0,0,0,0,,0,0,0,0,,,0,0,0,0,,0,0,0,0,,,0,0,0,0,,0,0,0,0,,,0,0,0,0,,0,0,0,0,,,0,0,0,0,,0,0,0,0,,,0,0,0,0,,0,0,0,0,,,0,0,0,0,,0,0,0,0,,,0,0,0,0,,0,0,0,0,,,0,0,0,0,,0,0,0,0,,,0,0,0,0,,0,0,0,0,,,0,0,0,0,,0,0,0,0,,0,,0,0,0,,,0,,,0,0,0,,,0,0,,,,,,,,,,,,,,,,,,,,,,,,,,,,,,,0,,,,,,,,,,,,,,,,,,,,,,,,,,,,,,,,0,43
9/1/2026,2025,20260943,47940,40511,"E2 OPERATING, LLC",Natural Gas,INTRASTATE,OKLAHOMA,0,0,0,0,0,0,0,0,0,0,0,0,0,0,0,0,0,0,0,0,0,0,0,0,0,0,0,0,0,0,0,0,0,0,0,0,0,0,0,0,0,0,0,0,0,0,0,0,0,0,0,0,0,0,0,0,0,0,0,0,0,0,0,0,0,0,0,0,0,0,0,0,0,0,0,0,0,0,0,0,0,0,0,0,0,0,0,0,0,0,0,0,0,0,0,0,0,0,0,0,0,0,0,0,0,0,0,0,0,0,0,0,0,0,0,0,0,0,0,0,0,0,0,0,0,0,0,0,0,0,0,0,0,0,0,0,0,0,0,0,0,0,0,0,0,0,0,0,0,0,0,0,0,0,,0,0,0,0,0,0,0,0,0,0,,,,,,,,,,,,,,,,,,,,,,,,,,,,,,,0,,,,,,,,,,,,,,,,,,,,,,,,,,,,,,,,0,1117
9/1/2026,2025,20261404,48429,40513,OXLEY ENERGY LLC.,Natural Gas,INTRASTATE,ARKANSAS,0,0,0,0,0,0,0,0,0,0,0,0,0,0,0,0,0,0,0,0,0,0,0,0,0,0,0,0,0,0,0,0,0,0,0,0,0,0,0,0,0,0,0,0,0,0,0,0,0,0,0,0,0,0,0,0,0,0,0,0,0,0,0,0,0,0,0,0,0,0,0,0,0,0,0,0,0,0,0,0,0,0,0,0,0,0,0,0,0,0,0,0,0,0,0,0,0,0,0,0,0,0,0,0,0,0,0,0,0,0,0,0,0,0,0,0,0,0,0,0,0,0,0,0,0,0,0,0,0,0,0,0,0,0,0,0,0,0,0,0,0,0,0,0,0,0,0,0,0,0,0,0,0,0,,0,0,0,0,0,0,0,0,0,0,,,,,,,,,,,,,,,,,,,,,,,,,,,,,,,0,,0,0,0,0,0,0,0,0,0,0,0,0,0,0,0,0,0,0,0,0,0,0,0,0,0,0,0,0,0,0,0,0
9/1/2026,2025,20260155,47110,40522,VANDERBILT MIDSTREAM II INC,Natural Gas,INTRASTATE,PENNSYLVANIA,0,0,0,0,0,0,0,0,0,0,0,0,0,0,0,0,0,0,0,0,0,0,0,0,0,0,0,0,0,0,0,0,0,0,0,0,0,0,0,0,0,0,0,0,0,0,0,0,0,0,0,0,0,0,0,0,0,0,0,0,0,0,0,0,0,0,0,0,0,0,0,0,0,0,0,0,0,0,0,0,0,0,0,0,0,0,0,0,0,0,0,0,0,0,0,0,0,0,0,0,0,0,0,0,0,0,0,0,0,0,0,0,0,0,0,0,0,0,0,0,0,0,0,0,0,0,0,0,0,0,0,0,0,0,0,0,0,0,0,0,0,0,0,0,0,0,0,0,0,0,0,0,0,0,,0,0,0,0,0,0,0,0,0,0,,,,,,,,,,,,,,,,,,,,,,,,,,,,,,,0,,,,,,,,,,,,,,,,,,,,,,,,,,,,,,,,0,42
9/1/2026,2025,20260871,47867,40525,"PRODUCERS GAS TRANSMISSION, INC",Natural Gas,INTRASTATE,LOUISIANA,0,0,0,0,0,0,0,0,0,0,0,0,0,0,0,0,0,0,0,0,0,0,0,0,0,0,0,0,0,0,0,0,0,0,0,0,0,0,0,0,0,0,0,0,0,0,0,0,0,0,0,0,0,0,0,0,0,0,0,0,0,0,0,0,0,0,0,0,0,0,0,0,0,0,0,0,0,0,0,0,0,0,0,0,0,0,0,0,0,0,0,0,0,0,0,0,0,0,0,0,0,0,0,0,0,0,0,0,0,0,0,0,0,0,0,0,0,0,0,0,0,0,0,0,0,0,0,0,0,0,0,0,0,0,0,0,0,0,0,0,0,0,0,0,0,0,0,0,0,0,0,0,0,0,,0,0,0,0,0,0,0,0,0,0,,,,,,,,,,,,,,,,,,,,,,,,,,,,,,,0,,,,,,,,,,,,,,,,,,,,,,,,,,,,,,,,0,0
9/1/2026,2025,20260699,47685,40538,ZARVONA ENERGY LLC,Natural Gas,INTRASTATE,TEXAS,0,0,0,0,0,0,0,0,0,0,0,0,0,0,0,0,0,0,0,0,0,0,0,0,0,0,0,0,0,0,0,0,0,0,0,0,0,0,0,0,0,0,0,0,0,0,0,0,0,0,0,0,0,0,0,0,0,0,0,0,0,0,0,0,0,0,0,0,0,0,0,0,0,0,0,0,0,0,0,0,0,0,0,0,0,0,0,0,0,0,0,0,0,0,0,0,0,0,0,0,0,0,0,0,0,0,0,0,0,0,0,0,0,0,0,0,0,0,0,0,0,0,0,0,0,0,0,0,0,0,0,0,0,0,0,0,0,0,0,0,0,0,0,0,0,0,0,0,0,0,0,0,0,0,,0,0,0,0,0,0,0,0,0,0,,,,,,,,,,,,,,,,,,,,,,,,,,,,,,,0,,,,,,,,,,,,,,,,,,,,,,,,,,,,,,,,,589
9/1/2026,2025,20260260,47218,40541,"COMPASS GATHERING, LLC",Natural Gas,INTRASTATE,LOUISIANA,0,0,0,0,0,0,0,0,0,0,0,0,0,0,0,0,0,0,0,0,1,0,0,0,0,0,0,0,0,0,0,0,0,0,0,0,0,0,0,0,0,0,0,0,0,0,0,0,0,0,0,0,0,0,0,0,0,0,0,0,0,0,0,0,0,0,0,0,0,0,0,0,0,0,0,0,0,0,0,0,0,0,0,0,0,0,0,0,0,0,0,0,0,0,0,0,0,0,0,0,0,0,0,0,0,0,0,0,0,0,0,0,0,0,0,0,0,0,0,0,0,0,0,0,0,0,0,0,0,0,0,0,0,0,0,0,0,0,0,0,0,0,0,0,0,0,0,0,0,0,0,0,1,0,,0,0,0,0,0,0,0,0,0,0,,,,,,,,,,,,,,,,,,,,,,,,,,,,,,,0,,,,,,,,,,,,,,,,,,,,,,,,,,,,,,,,0,321
9/1/2026,2025,20260430,47396,40543,"MIDSTREAM ENERGY SERVICES, LLC",Natural Gas,INTRASTATE,OKLAHOMA,0,0,0,0,0,0,0,0,0,0,0,0,0,0,0,0,0,0,0,0,0,0,0,0,0,0,0,0,0,0,0,0,0,0,0,0,0,0,0,0,0,0,0,0,0,0,0,0,0,0,0,0,0,0,0,0,0,0,0,0,0,0,0,0,0,0,0,0,0,0,0,0,0,0,0,0,0,0,0,0,0,0,0,0,0,0,0,0,0,0,0,0,0,0,0,0,0,0,0,0,0,0,0,0,0,0,0,0,0,0,0,0,0,0,0,0,0,0,0,0,0,0,0,0,0,0,0,0,0,0,0,0,0,0,0,0,0,0,0,0,0,0,0,0,0,0,0,0,0,0,0,0,0,0,,0,0,0,0,0,0,0,0,0,0,,,,,,,,,,,,,,,,,,,,,,,,,,,,,,,0,,,,,,,,,,,,,,,,,,,,,,,,,,,,,,,,0,0
9/1/2026,2025,20261116,48127,40546,"WARWICK-ARTEMIS, LLC",Natural Gas,INTRASTATE,TEXAS,0,0,0,0,0,0,0,0,0,0,0,0,0,0,0,0,0,0,0,0,0,0,0,0,0,0,0,0,0,0,0,0,0,0,0,0,0,0,0,0,0,0,0,0,0,0,0,0,0,0,0,0,0,0,0,0,0,0,0,0,0,0,0,0,0,0,0,0,0,0,0,0,0,0,0,0,0,0,0,0,0,0,0,0,0,0,0,0,0,0,0,0,0,0,0,0,0,0,0,0,0,0,0,0,0,0,0,0,0,0,0,0,0,0,0,0,0,0,0,0,0,0,0,0,0,0,0,0,0,0,0,0,0,0,0,0,0,0,0,0,0,0,0,0,0,0,0,0,0,0,0,0,0,0,,0,0,0,0,0,0,0,0,0,0,,,,,,,,,,,,,,,,,,,,,,,,,,,,,,,0,,,,,,,,,,,,,,,,,,,,,,,,,,,,,,,,0,0
9/1/2026,2025,20261405,48430,40548,"RIVER ROCK OPERATING, LLC",Natural Gas,INTRASTATE,KANSAS,,0,,,,,,,0,0,,,0,,,,,,,0,0,,,0,,,,,,,0,0,,,0,,,,,,,0,0,,,0,,,,,,,0,0,,,0,,,,,,,0,0,,,0,,,,,,,0,0,,,0,,,,,,,0,0,,,0,,,,,,,0,0,,,0,,,,,,,0,0,,,0,,,,,,,0,0,,,0,,,,,,,0,0,,,0,,,,,,,0,0,,,0,,,,,,,0,0,,,0,,,,0,0,,,0,0,,,,,,,,,,,,,,,,,,,,,,,,,,,,,,,0,,0,0,0,0,0,0,0,0,0,0,0,0,0,0,0,0,0,0,0,0,0,0,0,0,0,0,0,0,0,0,0,0
9/1/2026,2025,20260802,47795,40549,"PECAN PIPELINE (NORTH DAKOTA), INC",Natural Gas,INTRASTATE,NORTH DAKOTA,0,0,0,0,0,0,0,0,0,0,0,0,0,0,0,0,0,0,0,0,0,0,0,0,0,0,0,0,0,0,0,0,0,0,0,0,0,0,0,0,0,0,0,0,0,0,0,0,0,0,0,0,0,0,0,0,0,0,0,0,0,0,0,0,0,0,0,0,0,0,0,0,0,0,0,0,0,0,0,0,0,0,0,0,0,0,0,0,0,0,0,0,0,0,0,0,0,0,0,0,0,0,0,0,0,0,0,0,0,0,0,0,0,0,0,0,0,0,0,0,0,0,0,0,0,0,0,0,0,0,0,0,0,0,0,0,0,0,0,0,0,0,0,0,0,0,0,0,0,0,0,0,0,0,,0,0,0,0,0,0,0,0,0,0,,,,,,,,,,,,,,,,,,,,,,,,,,,,,,,0,,,,,,,,,,,,,,,,,,,,,,,,,,,,,,,,0,85
9/1/2026,2025,20260418,47383,40550,USG MIDSTREAM BAKKEN LLC,Natural Gas,INTRASTATE,NORTH DAKOTA,0,0,0,0,0,0,0,0,0,0,0,0,0,0,0,0,0,0,0,0,0,0,0,0,0,0,0,0,0,0,0,0,0,0,0,0,0,0,0,0,0,0,0,0,0,0,0,0,0,0,0,0,0,0,0,0,0,0,0,0,0,0,0,0,0,0,0,0,0,0,0,0,0,0,0,0,0,0,0,0,0,0,0,0,0,0,0,0,0,0,0,0,0,0,0,0,0,0,0,0,0,0,0,0,0,0,0,0,0,0,0,0,0,0,0,0,0,0,0,0,0,0,0,0,0,0,0,0,0,0,0,0,0,0,0,0,0,0,0,0,0,0,0,0,0,0,0,0,0,0,0,0,0,0,,0,0,0,0,0,0,0,0,0,0,,,,,,,,,,,,,,,,,,,,,,,,,,,,,,,0,,0,0,0,0,0,0,0,0,0,0,0,0,0,0,0,0,0,0,0,0,0,0,0,0,0,0,0,0,0,0,0,113
9/1/2026,2025,20260937,47934,40552,BCE-MACH LLC,Natural Gas,INTRASTATE,OKLAHOMA,,0,,,,,,0,,0,,,0,,,,,,0,,0,,,0,,,,,,0,,0,,,0,,,,,,0,,0,,,0,,,,,,0,,0,,,0,,,,,,0,,0,,,0,,,,,,0,,0,,,0,,,,,,0,,0,,,0,,,,,,0,,0,,,0,,,,,,0,,0,,,0,,,,,,0,,0,,,0,,,,,,0,,0,,,0,,,,,,0,,0,,,0,,,,,,0,,0,,,0,,,0,,0,,,0,0,,,,,,,,,,,,,,,,,,,,,,,,,,,,,,,0,,,,,,,,,,,,,,,,,,,,,,,,,,,,,,,,0,552
9/1/2026,2025,20260937,47934,40552,BCE-MACH LLC,Natural Gas,INTRASTATE,WYOMING,0,0,0,0,0,0,0,0,0,0,0,0,0,0,0,0,0,0,0,0,0,0,0,0,0,0,0,0,0,0,0,0,0,0,0,0,0,0,0,0,0,0,0,0,0,0,0,0,0,0,0,0,0,0,0,0,0,0,0,0,0,0,0,0,0,0,0,0,0,0,0,0,0,0,0,0,0,0,0,0,0,0,0,0,0,0,0,0,0,0,0,0,0,0,0,0,0,0,0,0,0,0,0,0,0,0,0,0,0,0,0,0,0,0,0,0,0,0,0,0,0,0,0,0,0,0,0,0,0,0,0,0,0,0,0,0,0,0,0,0,0,0,0,0,0,0,0,0,0,0,0,0,0,0,,0,0,0,0,0,0,0,0,0,0,,,,,,,,,,,,,,,,,,,,,,,,,,,,,,,0,,,,,,,,,,,,,,,,,,,,,,,,,,,,,,,,0,12
9/1/2026,2025,20260027,46967,40553,"MONTEX DRILLLING COMPANY, LLC",Natural Gas,INTRASTATE,WYOMING,0,0,0,0,,,0,0,0,0,,0,0,0,0,,,0,0,0,0,,0,0,0,0,,,0,0,0,0,,0,0,0,0,,,0,0,0,0,,0,0,0,0,,,0,0,0,0,,0,0,0,0,,,0,0,0,0,,0,0,0,0,,,0,0,0,0,,0,0,0,0,,,0,0,0,0,,0,0,0,0,,,0,0,0,0,,0,0,0,0,,,0,0,0,0,,0,0,0,0,,,0,0,0,0,,0,0,0,0,,,0,0,0,0,,0,0,0,0,,,0,0,0,0,,0,0,0,0,,0,,0,0,0,,0,0,0,,0,0,0,,0,0,0,,,,,,,,,,,,,,,,,,,,,,,,,,,,,,,0,0,,,,,,,,,,,,,,,,,,,,,,,,,,,,,,,0,
9/1/2026,2025,20260936,47933,40555,"HET LEVELLAND, LLC",Natural Gas,INTRASTATE,TEXAS,,,,,,,,,,,,,,,,,,,,,,,,,,,,,,,,,,,,,,,,,,,,,,,,,,,,,,,,,,,,,,,,,,,,,,,,,,,,,,,,,,,,,,,,,,,,,,,,,,,,,,,,,,,,,,,,,,,,,,,,,,,,,,,,,,,,,,,,,,,,,,,,,,,,,,,,,,,,,,,,,,,,,,0,0,0,0,0,0,0,0,0,0,0,0,0,0,0,0,0,0,0,0,0,0,0,0,0,0,0,0,0,0,0,33,,,,,,,,,,,,,,,,,,,,,,,,,,,,,,,,
9/1/2026,2025,20260292,47250,40556,"SUNBRIDGE ENERGY SERVICES, LLC",Natural Gas,INTRASTATE,TEXAS,0,0,0,0,0,0,0,0,0,0,0,0,0,0,0,0,0,0,0,0,0,0,0,0,0,0,0,0,0,0,0,0,0,0,0,0,0,0,0,0,0,0,0,0,0,0,0,0,0,0,0,0,0,0,0,0,0,0,0,0,0,0,0,0,0,0,0,0,0,0,0,0,0,0,0,0,0,0,0,0,0,0,0,0,0,0,0,0,0,0,0,0,0,0,0,0,0,0,0,0,0,0,0,0,0,0,0,0,0,0,0,0,0,0,0,0,0,0,0,0,0,0,0,0,0,0,0,0,0,0,0,0,0,0,0,0,0,0,0,0,0,0,0,0,0,0,0,0,0,0,0,0,0,0,0,,0,0,0,0,0,0,0,0,0,,,,,,,,,,,,,,,,,,,,,,,,,,,,,,,0,6,,,,,,,,,,,,,,,,,,,,,,,,,,,,,,,0,
9/1/2026,2025,20260192,47149,40558,"FLYING PIG PIPELINE, L.P.",Natural Gas,INTRASTATE,ARKANSAS,0,0,0,0,0,0,0,0,0,0,0,0,0,0,0,0,0,0,0,0,0,0,0,0,0,0,0,0,0,0,0,0,0,0,0,0,0,0,0,0,0,0,0,0,0,0,0,0,0,0,0,0,0,0,0,0,0,0,0,0,0,0,0,0,0,0,0,0,0,0,0,0,0,0,0,0,0,0,0,0,0,0,0,0,0,0,0,0,0,0,0,0,0,0,0,0,0,0,0,0,0,0,0,0,0,0,0,0,0,0,0,0,0,0,0,0,0,0,0,0,0,0,0,0,0,0,0,0,0,0,0,0,0,0,0,0,0,0,0,0,0,0,0,0,0,0,0,0,0,0,0,0,0,0,,0,0,0,0,0,0,0,0,0,0,,,,,,,,,,,,,,,,,,,,,,,,,,,,,,,0,,0,0,0,0,0,0,0,0,0,0,0,0,0,0,0,0,0,0,0,0,0,0,0,0,0,0,0,0,0,0,0,14
9/1/2026,2025,20260291,47249,40562,"CALIFORNIA GAS GATHERING, INC.",Natural Gas,INTRASTATE,CALIFORNIA,0,0,0,0,0,0,0,0,0,0,0,0,0,0,0,0,0,0,0,0,0,0,0,0,0,0,0,0,0,0,0,0,0,0,0,0,0,0,0,0,0,0,0,0,0,0,0,0,0,0,0,0,0,0,0,0,0,0,0,0,0,0,0,0,0,0,0,0,0,0,0,0,0,0,0,0,0,0,0,0,0,0,0,0,0,0,0,0,0,0,0,0,0,0,0,0,0,0,0,0,0,0,0,0,0,0,0,0,0,0,0,0,0,0,0,0,0,0,0,0,0,0,0,0,0,0,0,0,0,0,0,0,0,0,0,0,0,0,0,0,0,0,0,0,0,0,0,0,0,0,0,0,0,0,,0,0,0,0,0,0,0,0,0,0,,,,,,,,,,,,,,,,,,,,,,,,,,,,,,,0,,,,,,,,,,,,,,,,,,,,,,,,,,,,,,,,0,75
9/1/2026,2025,20260483,47450,40568,"RANGE RESOURCES - APPALACHIA, LLC",Natural Gas,INTRASTATE,PENNSYLVANIA,0,0,0,0,0,0,0,0,0,0,0,0,0,0,0,0,0,0,0,0,0,0,0,0,0,0,0,0,0,0,0,0,0,0,0,0,0,0,0,0,0,0,0,0,0,0,0,0,0,0,0,0,0,0,0,0,0,0,0,0,0,0,0,0,0,0,0,0,0,0,0,0,0,0,0,0,0,0,0,0,0,0,0,0,0,0,0,0,0,0,0,0,0,0,0,0,0,0,0,0,0,0,0,0,0,0,0,0,0,0,0,0,0,0,0,0,0,0,0,0,0,0,0,0,0,0,0,0,0,0,0,0,0,0,0,0,0,0,0,0,0,0,0,0,0,0,0,0,0,0,0,0,0,0,,0,0,0,0,0,0,0,0,0,0,,,,,,,,,,,,,,,,,,,,,,,,,,,,,,,0,,,,,,,,,,,,,,,,,,,,,,,,,,,,,,,,0,1878
9/1/2026,2025,20261217,48507,40570,COTERRA ENERGY OPERATING CO.,Natural Gas,INTRASTATE,NEW MEXICO,,0,,,,,,0,0,0,,,0,,,,,,0,0,0,,,0,,,,,,0,0,0,,,0,,,,,,0,0,0,,,0,,,,,,0,0,0,,,0,,,,,,0,0,0,,,0,,,,,,0,0,0,,,0,,,,,,0,0,0,,,0,,,,,,0,0,0,,,0,,,,,,0,0,0,,,0,,,,,,0,0,0,,,0,,,,,,0,0,0,,,0,,,,,,0,0,0,,,0,,,,,,0,0,0,,,0,,,0,0,0,,,0,0,,,,,,,,,,,,,,,,,,,,,,,,,,,,,,,,,,,,,,,,,,,,,,,,,,,,,,,,,,,,,,,0,0
9/1/2026,2025,20261217,48507,40570,COTERRA ENERGY OPERATING CO.,Natural Gas,INTRASTATE,OKLAHOMA,,0,,,,,,0,0,0,,,0,,,,,,0,0,0,,,0,,,,,,0,0,0,,,0,,,,,,0,0,0,,,0,,,,,,0,0,0,,,0,,,,,,0,0,0,,,0,,,,,,0,0,0,,,0,,,,,,0,0,0,,,0,,,,,,0,0,0,,,0,,,,,,0,0,0,,,0,,,,,,0,0,0,,,0,,,,,,0,0,0,,,0,,,,,,0,0,0,,,0,,,,,,0,0,0,,,0,,,0,0,0,,,0,0,,,,,,,,,,,,,,,,,,,,,,,,,,,,,,,,,,,,,,,,,,,,,,,,,,,,,,,,,,,,,,,0,0
9/1/2026,2025,20261217,48507,40570,COTERRA ENERGY OPERATING CO.,Natural Gas,INTRASTATE,TEXAS,,0,,,,,,0,0,0,,,0,,,,,,0,0,0,,,0,,,,,,0,0,0,,,0,,,,,,0,0,0,,,0,,,,,,0,0,0,,,0,,,,,,0,0,0,,,0,,,,,,0,0,0,,,0,,,,,,0,0,0,,,0,,,,,,0,0,0,,,0,,,,,,0,0,0,,,0,,,,,,0,0,0,,,0,,,,,,0,0,0,,,0,,,,,,0,0,0,,,0,,,,,,0,0,0,,,0,,,0,0,0,,,0,0,,,,,,,,,,,,,,,,,,,,,,,,,,,,,,,,,,,,,,,,,,,,,,,,,,,,,,,,,,,,,,,0,0
9/1/2026,2025,20260087,47041,40571,"EAV OPERATOR, LLC DBA KRONOS ENERGY",Natural Gas,INTRASTATE,WEST VIRGINIA,,0,,,,,,0,0,0,,,0,,,,,,0,0,0,,,0,,,,,,0,0,0,,,0,,,,,,0,0,0,,,0,,,,,,0,0,0,,,0,,,,,,0,0,0,,,0,,,,,,0,0,0,,,0,,,,,,0,0,0,,,0,,,,,,0,0,0,,,0,,,,,,0,0,0,,,0,,,,,,0,0,0,,,0,,,,,,0,0,0,,,0,,,,,,0,0,0,,,0,,,,,,0,0,0,,,0,,,0,0,0,,,0,0,,,,,,,,,,,,,,,,,,,,,,,,,,,,,,,,,,,,,,,,,,,,,,,,,,,,,,,,,,,,,,,0,16
9/1/2026,2025,20260242,47200,40572,KIMBLE COMPANY,Landfill Gas,INTRASTATE,OHIO,0,0,0,0,0,0,0,0,0,0,0,0,0,0,0,0,0,0,0,0,0,0,0,0,0,0,0,0,0,0,0,0,0,0,0,0,0,0,0,0,0,0,0,0,0,0,0,0,0,0,0,0,0,0,0,0,0,0,0,0,0,0,0,0,0,0,0,0,0,0,0,0,0,0,0,0,0,0,0,0,0,0,0,0,0,0,0,0,0,0,0,0,0,0,0,0,0,0,0,0,0,0,0,0,0,0,0,0,0,0,0,0,0,0,0,0,0,0,0,0,0,0,0,0,0,0,0,0,0,0,0,0,0,0,0,0,0,0,0,0,0,0,0,0,0,0,0,0,0,0,0,0,0,0,,0,0,0,0,0,0,0,0,0,0,,,,,,,,,,,,,,,,,,,,,,,,,,,,,,,0,,,,,,,,,,,,,,,,,,,,,,,,,,,,,,,,0,2587
9/1/2026,2025,20260240,47198,40572,KIMBLE COMPANY,Natural Gas,INTRASTATE,OHIO,0,0,0,0,0,0,0,0,0,0,0,0,0,0,0,0,0,0,0,0,0,0,0,0,0,0,0,0,0,0,0,0,0,0,0,0,0,0,0,0,0,0,0,0,0,0,0,0,0,0,0,0,0,0,0,0,0,0,0,0,0,0,0,0,0,0,0,0,0,0,0,0,0,0,0,0,0,0,0,0,0,0,0,0,0,0,0,0,0,0,0,0,0,0,0,0,0,0,0,0,0,0,0,0,0,0,0,0,0,0,0,0,0,0,0,0,0,0,0,0,0,0,0,0,0,0,0,0,0,0,0,0,0,0,0,0,0,0,0,0,0,0,0,0,0,0,0,0,0,0,0,0,0,0,,0,0,0,0,0,0,0,0,0,0,,,,,,,,,,,,,,,,,,,,,,,,,,,,,,,0,,,,,,,,,,,,,,,,,,,,,,,,,,,,,,,,0,2587
9/1/2026,2025,20260340,47302,40573,"BRANCH MIDCO INVESTMENTS, LLC",Natural Gas,INTERSTATE,NEW MEXICO,0,0,0,0,0,0,0,0,0,0,0,0,0,0,0,0,0,0,0,0,0,0,0,0,0,0,0,0,0,0,0,0,0,0,0,0,0,0,0,0,0,0,0,0,0,0,0,0,0,0,0,0,0,0,0,0,0,0,0,0,0,0,0,0,0,0,0,0,0,0,0,0,0,0,0,0,0,0,0,0,0,0,0,0,0,0,0,0,0,0,0,0,0,0,0,0,0,0,0,0,0,0,0,0,0,0,0,0,0,0,0,0,0,0,0,0,0,0,0,0,0,0,0,0,0,0,0,0,0,0,0,0,0,0,0,0,0,0,0,0,0,0,0,0,0,0,0,0,0,0,0,0,0,0,0,0,0,0,0,0,0,0,0,0,0,,,,,,,,,,,,,,,,,,,,,,,,,,,,,,,0,123,,,,,,,,,,,,,,,,,,,,,,,,,,,,,,,0,0
9/1/2026,2025,20260340,47302,40573,"BRANCH MIDCO INVESTMENTS, LLC",Natural Gas,INTRASTATE,OKLAHOMA,0,0,0,0,0,0,0,0,0,0,0,0,0,0,0,0,0,0,0,0,0,0,0,0,0,0,0,0,0,0,0,0,0,0,0,0,0,0,0,0,0,0,0,0,0,0,0,0,0,0,0,0,0,0,0,0,0,0,0,0,0,0,0,0,0,0,0,0,0,0,0,0,0,0,0,0,0,0,0,0,0,0,0,0,0,0,0,0,0,0,0,0,0,0,0,0,0,0,0,0,0,0,0,0,0,0,0,0,0,0,0,0,0,0,0,0,0,0,0,0,0,0,0,0,0,0,0,0,0,0,0,0,0,0,0,0,0,0,0,0,0,0,0,0,0,0,0,0,0,0,0,0,0,0,,0,0,0,0,0,0,0,0,0,0,,,,,,,,,,,,,,,,,,,,,,,,,,,,,,,0,,,,,,,,,,,,,,,,,,,,,,,,,,,,,,,,0,6
9/1/2026,2025,20260340,47302,40573,"BRANCH MIDCO INVESTMENTS, LLC",Natural Gas,INTRASTATE,TEXAS,0,0,0,0,0,0,0,0,0,0,0,0,0,0,0,0,0,0,0,0,0,0,0,0,0,0,0,0,0,0,0,0,0,0,0,0,0,0,0,0,0,0,0,0,0,0,0,0,0,0,0,0,0,0,0,0,0,0,0,0,0,0,0,0,0,0,0,0,0,0,0,0,0,0,0,0,0,0,0,0,0,0,0,0,0,0,0,0,0,0,0,0,0,0,0,0,0,0,0,0,0,0,0,0,0,0,0,0,0,0,0,0,0,0,0,0,0,0,0,0,0,0,0,0,0,0,0,0,0,0,0,0,0,0,0,0,0,0,0,0,0,0,0,0,0,0,0,0,0,0,0,0,0,0,0,0,0,0,0,0,0,0,0,0,0,,,,,,,,,,,,,,,,,,,,,,,,,,,,,,,0,1726,,,,,,,,,,,,,,,,,,,,,,,,,,,,,,,0,651
9/1/2026,2025,20261134,48147,40574,KM LOUISIANA MIDSTREAM LLC,Natural Gas,INTRASTATE,LOUISIANA,0,0,0,0,0,0,0,0,0,0,0,0,0,0,0,0,0,0,0,0,0,0,0,0,0,0,0,0,0,0,0,0,0,0,0,0,0,0,0,0,0,0,0,0,0,0,0,0,0,0,0,0,0,0,0,0,0,0,0,0,0,0,0,0,0,0,0,0,0,0,0,0,0,0,0,0,0,0,0,0,0,0,0,0,0,0,0,0,0,0,0,0,0,0,0,0,0,0,0,0,0,0,0,0,0,0,0,0,0,0,0,0,0,0,0,0,0,0,0,0,0,0,0,0,0,0,0,0,0,0,0,0,0,0,0,0,0,0,0,0,0,0,0,0,0,0,0,0,0,0,0,0,0,0,,,,,,,,,,,,,,,,,,,,,,,,,,,,,,,,,,,,,,,,,,,,,,,,,,,,,,,,,,,,,,,,,,,,,,,,,,0,176
9/1/2026,2025,20261332,48345,40586,BPX MIDSTREAM LLC,Natural Gas,INTRASTATE,TEXAS,0,0,0,0,0,0,0,0,0,0,0,0,0,0,0,0,0,0,0,0,0,0,0,0,0,0,0,0,0,0,0,0,0,0,0,0,0,0,0,0,0,0,0,0,0,0,0,0,0,0,0,0,0,0,0,0,0,0,0,0,0,0,0,0,0,0,0,0,0,0,0,0,0,0,0,0,0,0,0,0,0,0,0,0,0,0,0,0,0,0,0,0,0,0,0,0,0,0,0,0,0,0,0,0,0,0,0,0,0,0,0,0,0,0,0,0,0,0,0,0,0,0,0,0,0,0,0,0,0,0,0,0,0,0,0,0,0,0,0,0,0,0,0,0,0,0,0,0,0,0,0,0,0,0,,0,0,0,0,0,0,0,0,0,0,,,,,,,,,,,,,,,,,,,,,,,,,,,,,,,0,,,,,,,,,,,,,,,,,,,,,,,,,,,,,,,,0,8229
9/1/2026,2025,20260527,47506,40587,"SPONTE OPERATING, INC.",Natural Gas,INTRASTATE,TEXAS,,0,,,,,,0,0,0,,,0,,,,,,0,0,0,,,0,,,,,,0,0,0,,,0,,,,,,0,0,0,,,0,,,,,,0,0,0,,,0,,,,,,0,0,0,,,0,,,,,,0,0,0,,,0,,,,,,0,0,0,,,0,,,,,,0,0,0,,,0,,,,,,0,0,0,,,0,,,,,,0,0,0,,,0,,,,,,0,0,0,,,0,,,,,,0,0,0,,,0,,,,,,0,0,0,,,0,,,0,0,0,,,0,0,,,,,,,,,,,,,,,,,,,,,,,,,,,,,,,,,0,0,0,0,0,0,0,0,0,0,0,0,0,0,0,0,0,0,0,0,0,0,0,0,0,0,0,0,0,0,0,8
9/1/2026,2025,20260207,47165,40588,WILDFIRE ENERGY MIDSTREAM LLC,Natural Gas,INTRASTATE,TEXAS,0,0,0,0,0,0,0,0,0,0,0,0,0,0,0,0,0,0,0,0,0,0,0,0,0,0,0,0,0,0,0,0,0,0,0,0,0,0,0,0,0,0,0,0,0,0,0,0,0,0,0,0,0,0,0,0,0,0,0,0,0,0,0,0,0,0,0,0,0,0,0,0,0,0,0,0,0,0,0,0,0,0,0,0,0,0,0,0,0,0,0,0,0,0,0,0,0,0,0,0,0,0,0,0,0,0,0,0,0,0,0,0,0,0,0,0,0,0,0,0,0,0,0,0,0,0,0,0,0,0,0,0,0,0,0,0,0,0,0,0,0,0,0,0,0,0,0,0,0,0,0,0,0,0,,0,0,0,0,0,0,0,0,0,0,,,,,,,,,,,,,,,,,,,,,,,,,,,,,,,0,,0,0,0,0,0,0,0,0,0,0,0,0,0,0,0,0,0,0,0,0,0,0,0,0,0,0,0,0,0,0,0,240
9/1/2026,2025,20260199,47157,40589,PNG GAS TRANSMISSION COMPANY LLC,Natural Gas,INTRASTATE,TEXAS,0,0,0,1,0,0,0,0,0,0,0,0,0,0,0,0,0,0,0,0,0,0,0,0,0,0,0,0,0,0,0,0,0,0,0,0,0,0,0,0,0,0,0,0,0,0,0,0,0,0,0,0,0,0,0,0,0,0,0,0,0,0,0,0,0,0,0,0,0,0,0,0,0,0,0,0,0,0,0,0,0,0,0,0,0,0,0,0,0,0,0,0,0,0,0,0,0,0,0,0,0,0,0,0,0,0,0,0,0,0,0,0,0,0,0,0,0,0,0,0,0,0,0,0,0,0,0,0,0,0,0,0,0,0,0,0,0,0,0,0,0,0,0,0,0,0,1,0,0,0,0,0,0,0,1,,0,0,0,0,0,0,0,0,0,,,,,,,,,,,,,,,,,,,,,,,,,,,,,,,0,269,,,,,,,,,,,,,,,,,,,,,,,,,,,,,,,0,
9/1/2026,2025,20260926,47923,40602,"HEP OKLAHOMA GATHERING, LLC",Natural Gas,INTRASTATE,OKLAHOMA,0,0,0,0,0,0,0,0,0,0,0,0,0,0,0,0,0,0,0,0,0,0,0,0,0,0,0,0,0,0,0,0,0,0,0,0,0,0,0,0,0,0,0,0,0,0,0,0,0,0,0,0,0,0,0,0,0,0,0,0,0,0,0,0,0,0,0,0,0,0,0,0,0,0,0,0,0,0,0,0,0,0,0,0,0,0,0,0,0,0,0,0,0,0,0,0,0,0,0,0,0,0,0,0,0,0,0,0,0,0,0,0,0,0,0,0,0,0,0,0,0,0,0,0,0,0,0,0,0,0,0,0,0,0,0,0,0,0,0,0,0,0,0,0,0,0,0,0,0,0,0,0,0,0,,0,0,0,0,0,0,0,0,0,0,,,,,,,,,,,,,,,,,,,,,,,,,,,,,,,0,,,,,,,,,,,,,,,,,,,,,,,,,,,,,,,,0,92
9/1/2026,2025,20260448,47414,40607,VALIDUS MIDSTREAM LLC,Natural Gas,INTRASTATE,OKLAHOMA,,0,,,,,,,,0,,,0,,,,,,,,0,,,0,,,,,,,,0,,,0,,,,,,,,0,,,0,,,,,,,,0,,,0,,,,,,,,0,,,0,,,,,,,,0,,,0,,,,,,,,0,,,0,,,,,,,,0,,,0,,,,,,,,0,,,0,,,,,,,,0,,,0,,,,,,,,0,,,0,,,,,,,,0,,,0,,,,,,,,0,,,0,,,,,0,,,0,0,,,,,,,,,,,,,,,,,,,,,,,,,,,,,,,,,0,0,0,0,0,0,0,0,0,0,0,0,0,0,0,0,0,0,0,0,0,0,0,0,0,0,0,0,0,0,0,312
9/1/2026,2025,20260626,47611,40609,TC LOUISIANA INTRASTATE PIPELINE LLC,Natural Gas,INTRASTATE,LOUISIANA,0,0,0,0,,,0,,,,,0,0,0,0,,,0,,,,,0,0,0,0,,,0,,,,,0,0,0,0,,,0,,,,,0,0,0,0,,,0,,,,,0,0,0,0,,,0,,,,,0,0,0,0,,,0,,,,,0,0,0,0,,,0,,,,,0,0,0,0,,,0,,,,,0,0,0,0,,,0,,,,,0,0,0,0,,,0,0,0,0,0,0,0,0,0,,,0,0,0,0,0,0,0,0,0,,,0,0,0,0,0,0,0,0,0,,0,,0,0,0,0,0,,0,,,,,,0,,0,,,,,,,,,,,,,,,,,,,,,,,,,,,,,,,0,262,,,,,,,,,,,,,,,,,,,,,,,,,,,,,,,,
9/1/2026,2025,20260900,47897,40610,OMEGA PARTNERS HARTFORD LLC,Natural Gas,INTRASTATE,ILLINOIS,0,0,0,0,0,0,0,0,0,0,0,0,0,0,0,0,0,0,0,0,0,0,0,0,0,0,0,0,0,0,0,0,0,0,0,0,0,0,0,0,0,0,0,0,0,0,0,0,0,0,0,0,0,0,0,0,0,0,0,0,0,0,0,0,0,0,0,0,0,0,0,0,0,0,0,0,0,0,0,0,0,0,0,0,0,0,0,0,0,0,0,0,0,0,0,0,0,0,0,0,0,0,0,0,0,0,0,0,0,0,0,0,0,0,0,0,0,0,0,0,0,0,0,0,0,0,0,0,0,0,0,0,0,0,0,0,0,0,0,0,0,0,0,0,0,0,0,0,0,0,0,0,0,0,0,,0,0,0,0,0,0,0,0,0,0,0,0,0,0,0,0,0,0,0,0,0,0,0,0,0,0,0,0,0,0,0,0,0,0,0,0,0,0,0,0,40,,,,,,,,,,,,,,,,,,,,,,,,,,,,,,,0,
9/1/2026,2025,20261124,48137,40613,HEARTLAND CORN PRODUCTS,Natural Gas,INTRASTATE,MINNESOTA,0,0,0,0,0,0,0,0,0,0,0,0,0,0,0,0,0,0,0,0,0,0,0,0,0,0,0,0,0,0,0,0,0,0,0,0,0,0,0,0,0,0,0,0,0,0,0,0,0,0,0,0,0,0,0,0,0,0,0,0,0,0,0,0,0,0,0,0,0,0,0,0,0,0,0,0,0,0,0,0,0,0,0,0,0,0,0,0,0,0,0,0,0,0,0,0,0,0,0,0,0,0,0,0,0,0,0,0,0,0,0,0,0,0,0,0,0,0,0,0,0,0,0,0,0,0,0,0,0,0,0,0,0,0,0,0,0,0,0,0,0,0,0,0,0,0,0,0,0,0,0,0,0,0,0,,0,0,0,0,0,0,0,0,0,,,,,,,,,,,,,,,,,,,,,,,,,,,,,,,0,86,,,,,,,,,,,,,,,,,,,,,,,,,,,,,,,,
9/1/2026,2025,20260863,47859,40623,RUBY LLC,Natural Gas,INTERSTATE,NEVADA,0,0,0,0,0,0,0,0,0,0,0,0,0,0,0,0,0,0,0,0,0,0,0,0,0,0,0,0,0,0,0,0,0,0,0,0,0,0,0,0,0,0,0,0,0,0,0,0,0,0,0,0,0,0,0,0,0,0,0,0,0,0,0,0,0,0,0,0,0,0,0,0,0,0,0,0,0,0,0,0,0,0,0,0,0,0,0,0,0,0,0,0,0,0,0,0,0,0,0,0,0,0,0,0,0,0,0,0,0,0,0,0,0,0,0,0,0,0,0,0,0,0,0,0,0,0,0,0,0,0,0,0,0,0,0,0,0,0,0,0,0,0,0,0,0,0,0,0,0,0,0,0,0,0,0,,0,0,0,0,0,0,0,0,0,0,0,0,0,0,0,0,0,0,0,0,0,0,0,0,0,0,0,0,0,0,0,0,0,0,0,0,0,0,0,0,43,,,,,,,,,,,,,,,,,,,,,,,,,,,,,,,0,
9/1/2026,2025,20260863,47859,40623,RUBY LLC,Natural Gas,INTERSTATE,OREGON,0,0,0,0,0,0,0,0,0,0,0,0,0,0,0,0,0,0,0,0,0,0,0,0,0,0,0,0,0,0,0,0,0,0,0,0,0,0,0,0,0,0,0,0,0,0,0,0,0,0,0,0,0,0,0,0,0,0,0,0,0,0,0,0,0,0,0,0,0,0,0,0,0,0,0,0,0,0,0,0,0,0,0,0,0,0,0,0,0,0,0,0,0,0,0,0,0,0,0,0,0,0,0,0,0,0,0,0,0,0,0,0,0,0,0,0,0,0,0,0,0,0,0,0,0,0,0,0,0,0,0,0,0,0,0,0,0,0,0,0,0,0,0,0,0,0,0,0,0,0,0,0,0,0,0,,0,0,0,0,0,0,0,0,0,0,0,0,0,0,0,0,0,0,0,0,0,0,0,0,0,0,0,0,0,0,0,0,0,0,0,0,0,0,0,0,14,,,,,,,,,,,,,,,,,,,,,,,,,,,,,,,,
9/1/2026,2025,20260863,47859,40623,RUBY LLC,Natural Gas,INTERSTATE,UTAH,0,0,0,0,0,0,0,0,0,0,0,0,0,0,0,0,0,0,0,0,0,0,0,0,0,0,0,0,0,0,0,0,0,0,0,0,0,0,0,0,0,0,0,0,0,0,0,0,0,0,0,0,0,0,0,0,0,0,0,0,0,0,0,0,0,0,0,0,0,0,0,0,0,0,0,0,0,0,0,0,0,0,0,0,0,0,0,0,0,0,0,0,0,0,0,0,0,0,0,0,0,0,0,0,0,0,0,0,0,0,0,0,0,0,0,0,0,0,0,0,0,0,0,0,0,0,0,0,0,0,0,0,0,0,0,0,0,0,0,0,0,0,0,0,0,0,0,0,0,0,0,0,0,0,0,,0,0,0,0,0,0,0,0,0,0,0,0,0,0,0,0,0,0,0,0,0,0,0,0,0,0,0,0,0,0,0,0,0,0,0,0,0,0,0,0,444,,,,,,,,,,,,,,,,,,,,,,,,,,,,,,,,
9/1/2026,2025,20260863,47859,40623,RUBY LLC,Natural Gas,INTERSTATE,WYOMING,0,0,0,0,0,0,0,0,0,0,0,0,0,0,0,0,0,0,0,0,0,0,0,0,0,0,0,0,0,0,0,0,0,0,0,0,0,0,0,0,0,0,0,0,0,0,0,0,0,0,0,0,0,0,0,0,0,0,0,0,0,0,0,0,0,0,0,0,0,0,0,0,0,0,0,0,0,0,0,0,0,0,0,0,0,0,0,0,0,0,0,0,0,0,0,0,0,0,0,0,0,0,0,0,0,0,0,0,0,0,0,0,0,0,0,0,0,0,0,0,0,0,0,0,0,0,0,0,0,0,0,0,0,0,0,0,0,0,0,0,0,0,0,0,0,0,0,0,0,0,0,0,0,0,0,,0,0,0,0,0,0,0,0,0,0,0,0,0,0,0,0,0,0,0,0,0,0,0,0,0,0,0,0,0,0,0,0,0,0,0,0,0,0,0,0,59,,,,,,,,,,,,,,,,,,,,,,,,,,,,,,,,
9/1/2026,2025,20260254,47212,40625,"TWIN CHIMNEY POWER PRODUCERS, LLC",Natural Gas,INTRASTATE,SOUTH CAROLINA,0,0,0,0,0,0,0,0,0,0,0,0,0,0,0,0,0,0,0,0,0,0,0,0,0,0,0,0,0,0,0,0,0,0,0,0,0,0,0,0,0,0,0,0,0,0,0,0,0,0,0,0,0,0,0,0,0,0,0,0,0,0,0,0,0,0,0,0,0,0,0,0,0,0,0,0,0,0,0,0,0,0,0,0,0,0,0,0,0,0,0,0,0,0,0,0,0,0,0,0,0,0,0,0,0,0,0,0,0,0,0,0,0,0,0,0,0,0,0,0,0,0,0,0,0,0,0,0,0,0,0,0,0,0,0,0,0,0,0,0,0,0,0,0,0,0,0,0,0,0,0,0,0,0,0,0,0,0,0,0,0,0,0,0,0,0,0,0,0,0,0,0,0,0,0,0,0,0,0,0,0,0,0,0,0,0,0,0,0,0,0,0,0,0,0,0,13,0,0,0,0,0,0,0,0,0,0,0,0,0,0,0,0,0,0,0,0,0,0,0,0,0,0,0,0,0,0,0,0
9/1/2026,2025,20260647,47632,40626,WEST TENNESSEE GAS PIPELINE LLC,Natural Gas,INTRASTATE,TENNESSEE,0,0,0,0,0,0,0,0,0,0,0,0,0,0,0,0,0,0,0,0,0,0,0,0,0,0,0,0,0,0,0,0,0,0,0,0,0,0,0,0,0,0,0,0,0,0,0,0,0,0,0,0,0,0,0,0,0,0,0,0,0,0,0,0,0,0,0,0,0,0,0,0,0,0,0,0,0,0,0,0,0,0,0,0,0,0,0,0,0,0,0,0,0,0,0,0,0,0,0,0,0,0,0,0,0,0,0,0,0,0,0,0,0,0,0,0,0,0,0,0,0,0,0,0,0,0,0,0,0,0,0,0,0,0,0,0,0,0,0,0,0,0,0,0,0,0,0,0,0,0,0,0,0,0,0,,0,0,0,0,0,0,0,0,0,,,,,,,,,,,,,,,,,,,,,,,,,,,,,,,0,90,,,,,,,,,,,,,,,,,,,,,,,,,,,,,,,0,
9/1/2026,2025,20260397,47362,40627,"GAEDEKE GAS GATHERING, LLC",Natural Gas,INTRASTATE,TEXAS,0,0,0,0,0,0,0,0,0,0,0,0,0,0,0,0,0,0,0,0,0,0,0,0,0,0,0,0,0,0,0,0,0,0,0,0,0,0,0,0,0,0,0,0,0,0,0,0,0,0,0,0,0,0,0,0,0,0,0,0,0,0,0,0,0,0,0,0,0,0,0,0,0,0,0,0,0,0,0,0,0,0,0,0,0,0,0,0,0,0,0,0,0,0,0,0,0,0,0,0,0,0,0,0,0,0,0,0,0,0,0,0,0,0,0,0,0,0,0,0,0,0,0,0,0,0,0,0,0,0,0,0,0,0,0,0,0,0,0,0,0,0,0,0,0,0,0,0,0,0,0,0,0,0,,0,0,0,0,0,0,0,0,0,0,,,,,,,,,,,,,,,,,,,,,,,,,,,,,,,0,,0,0,0,0,0,0,0,0,0,0,0,0,0,0,0,0,0,0,0,0,0,0,0,0,0,0,0,0,0,0,0,159
9/1/2026,2025,20260302,47260,40628,"GIBBONS LAKE AND LAND, LLC",Natural Gas,INTRASTATE,TEXAS,0,0,0,0,0,0,0,0,0,0,0,0,0,0,0,0,0,0,0,0,0,0,0,0,0,0,0,0,0,0,0,0,0,0,0,0,0,0,0,0,0,0,0,0,0,0,0,0,0,0,0,0,0,0,0,0,0,0,0,0,0,0,0,0,0,0,0,0,0,0,0,0,0,0,0,0,0,0,0,0,0,0,0,0,0,0,0,0,0,0,0,0,0,0,0,0,0,0,0,0,0,0,0,0,0,0,0,0,0,0,0,0,0,0,0,0,0,0,0,0,0,0,0,0,0,0,0,0,0,0,0,0,0,0,0,0,0,0,0,0,0,0,0,0,0,0,0,0,0,0,0,0,0,0,0,,0,0,0,0,0,0,0,0,0,,,,,,,,,,,,,,,,,,,,,,,,,,,,,,,0,124,,,,,,,,,,,,,,,,,,,,,,,,,,,,,,,0,
9/1/2026,2025,20261348,48361,40631,"STATELINE GATHERING, LLC",Natural Gas,INTRASTATE,NEW MEXICO,0,0,0,0,0,0,0,0,0,0,0,0,0,0,0,0,0,0,0,0,0,0,0,0,0,0,0,0,0,0,0,0,0,0,0,0,0,0,0,0,0,0,0,0,0,0,0,0,0,0,0,0,0,0,0,0,0,0,0,0,0,0,0,0,0,0,0,0,0,0,0,0,0,0,0,0,0,0,0,0,0,0,0,0,0,0,0,0,0,0,0,0,0,0,0,0,0,0,0,0,0,0,0,0,0,0,0,0,0,0,0,0,0,0,0,0,0,0,0,0,0,0,0,0,0,0,0,0,0,0,0,0,0,0,0,0,0,0,0,0,0,0,0,0,0,0,0,0,0,0,0,0,0,0,,0,0,0,0,0,0,0,0,0,0,,,,,,,,,,,,,,,,,,,,,,,,,,,,,,,0,,,,,,,,,,,,,,,,,,,,,,,,,,,,,,,,0,2
9/1/2026,2025,20261348,48361,40631,"STATELINE GATHERING, LLC",Natural Gas,INTRASTATE,TEXAS,0,0,0,0,0,0,0,0,0,0,0,0,0,0,0,0,0,0,0,0,0,0,0,0,0,0,0,0,0,0,0,0,0,0,0,0,0,0,0,0,0,0,0,0,0,0,0,0,0,0,0,0,0,0,0,0,0,0,0,0,0,0,0,0,0,0,0,0,0,0,0,0,0,0,0,0,0,0,0,0,0,0,0,0,0,0,0,0,0,0,0,0,0,0,0,0,0,0,0,0,0,0,0,0,0,0,0,0,0,0,0,0,0,0,0,0,0,0,0,0,0,0,0,0,0,0,0,0,0,0,0,0,0,0,0,0,0,0,0,0,0,0,0,0,0,0,0,0,0,0,0,0,0,0,,0,0,0,0,0,0,0,0,0,0,,,,,,,,,,,,,,,,,,,,,,,,,,,,,,,0,,,,,,,,,,,,,,,,,,,,,,,,,,,,,,,,0,26
9/1/2026,2025,20260496,47464,40637,CHOLLA PETROLEUM INC,Natural Gas,INTRASTATE,TEXAS,,,,,,,,,,,,,,,,,,,,,,,,,,,,,,,,,,,,,,,,,,,,,,,,,,,,,,,,,,,,,,,,,,,,,,,,,,,,,,,,,,,,,,,,,,,,,,,,,,,,,,,,,,,,,,,,,,,,,,,,,,,,,,,,,,,,,,,,,,,,,,,,,,,,,,,,,,,,,,,,,,,,,,,,,,,,,,,,,,,,,,,,,,,,,,,,,,,,,,0,0,0,0,0,0,0,0,0,0,0,0,0,0,0,0,0,0,0,0,0,0,0,0,0,0,0,0,0,0,0,14
9/1/2026,2025,20260665,47650,40641,"NADEL & GUSSMAN RUSTON, LLC",Natural Gas,INTRASTATE,LOUISIANA,0,0,0,0,0,0,0,0,0,1,0,0,0,0,0,0,0,0,0,0,0,0,0,0,0,0,0,0,0,0,0,0,0,0,0,0,0,0,0,0,0,0,0,0,0,0,0,0,0,0,0,0,0,0,0,0,0,0,0,0,0,0,0,0,0,0,0,0,0,0,0,0,0,0,0,0,0,0,0,0,0,0,0,0,0,0,0,0,0,0,0,0,0,0,0,0,0,0,0,0,0,0,0,0,0,0,0,0,0,0,0,0,0,0,0,0,0,0,0,0,0,0,0,0,0,0,0,0,0,0,0,0,0,0,0,0,0,0,0,0,0,0,0,0,0,0,0,0,0,0,0,0,1,0,,0,0,0,0,0,0,0,0,0,0,,,,,,,,,,,,,,,,,,,,,,,,,,,,,,,0,,,,,,,,,,,,,,,,,,,,,,,,,,,,,,,,0,3
9/1/2026,2025,20261082,48090,40642,WEXPRO COMPANY,Natural Gas,INTRASTATE,COLORADO,0,0,0,0,0,0,0,0,0,0,0,0,0,0,0,0,0,0,0,0,0,0,0,0,0,0,0,0,0,0,0,0,0,0,0,0,0,0,0,0,0,0,0,0,0,0,0,0,0,0,0,0,0,0,0,0,0,0,0,0,0,0,0,0,0,0,0,0,0,0,0,0,0,0,0,0,0,0,0,0,0,0,0,0,0,0,0,0,0,0,0,0,0,0,0,0,0,0,0,0,0,0,0,0,0,0,0,0,0,0,0,0,0,0,0,0,0,0,0,0,0,0,0,0,0,0,0,0,0,0,0,0,0,0,0,0,0,0,0,0,0,0,0,0,0,0,0,0,0,0,0,0,0,0,,0,0,0,0,0,0,0,0,0,0,,,,,,,,,,,,,,,,,,,,,,,,,,,,,,,0,,,,,,,,,,,,,,,,,,,,,,,,,,,,,,,,0,0
9/1/2026,2025,20261082,48090,40642,WEXPRO COMPANY,Natural Gas,INTRASTATE,UTAH,0,0,0,0,0,0,0,0,0,0,0,0,0,0,0,0,0,0,0,0,0,0,0,0,0,0,0,0,0,0,0,0,0,0,0,0,0,0,0,0,0,0,0,0,0,0,0,0,0,0,0,0,0,0,0,0,0,0,0,0,0,0,0,0,0,0,0,0,0,0,0,0,0,0,0,0,0,0,0,0,0,0,0,0,0,0,0,0,0,0,0,0,0,0,0,0,0,0,0,0,0,0,0,0,0,0,0,0,0,0,0,0,0,0,0,0,0,0,0,0,0,0,0,0,0,0,0,0,0,0,0,0,0,0,0,0,0,0,0,0,0,0,0,0,0,0,0,0,0,0,0,0,0,0,,0,0,0,0,0,0,0,0,0,0,,,,,,,,,,,,,,,,,,,,,,,,,,,,,,,0,,,,,,,,,,,,,,,,,,,,,,,,,,,,,,,,0,0
9/1/2026,2025,20261082,48090,40642,WEXPRO COMPANY,Natural Gas,INTRASTATE,WYOMING,0,0,0,0,0,0,0,0,0,0,0,0,0,0,0,0,0,0,0,0,0,0,0,0,0,0,0,0,0,0,0,0,0,0,0,0,0,0,0,0,0,0,0,0,0,0,0,0,0,0,0,0,0,0,0,0,0,0,0,0,0,0,0,0,0,0,0,0,0,0,0,0,0,0,0,0,0,0,0,0,0,0,0,0,0,0,0,0,0,0,0,0,0,0,0,0,0,0,0,0,0,0,0,0,0,0,0,0,0,0,0,0,0,0,0,0,0,0,0,0,0,0,0,0,0,0,0,0,0,0,0,0,0,0,0,0,0,0,0,0,0,0,0,0,0,0,0,0,0,0,0,0,0,0,,0,0,0,0,0,0,0,0,0,0,,,,,,,,,,,,,,,,,,,,,,,,,,,,,,,0,,,,,,,,,,,,,,,,,,,,,,,,,,,,,,,,0,0
9/1/2026,2025,20261353,48541,40645,"WPX ENERGY PERMIAN, LLC",Natural Gas,INTRASTATE,TEXAS,0,0,0,0,0,0,0,0,0,0,0,0,0,0,0,0,0,0,0,0,0,0,0,0,0,0,0,0,0,0,0,0,0,0,0,0,0,0,0,0,0,0,0,0,0,0,0,0,0,0,0,0,0,0,0,0,0,0,0,0,0,0,0,0,0,0,0,0,0,0,0,0,0,0,0,0,0,0,0,0,0,0,0,0,0,0,0,0,0,0,0,0,0,0,0,0,0,0,0,0,0,0,0,0,0,0,0,0,0,0,0,0,0,0,0,0,0,0,0,0,0,0,0,0,0,0,0,0,0,0,0,0,0,0,0,0,0,0,0,0,0,0,0,0,0,0,0,0,0,0,0,0,0,0,,0,0,0,0,0,0,0,0,0,0,,,,,,,,,,,,,,,,,,,,,,,,,,,,,,,0,,,,,,,,,,,,,,,,,,,,,,,,,,,,,,,,0,5
9/1/2026,2025,20261347,48360,40646,"COTTON DRAW MIDSTREAM, LLC",Natural Gas,INTRASTATE,NEW MEXICO,,0,0,0,,0,,0,0,0,0,,0,0,0,,0,,0,0,0,0,,0,0,0,,0,,0,0,0,0,,0,0,0,,0,,0,0,0,0,,0,0,0,,0,,0,0,0,0,,0,0,0,,0,,0,0,0,0,,0,0,0,,0,,0,0,0,0,,0,0,0,,0,,0,0,0,0,,0,0,0,,0,,0,0,0,0,,0,0,0,,0,,0,0,0,0,,0,0,0,,0,,0,0,0,0,,0,0,0,,0,,0,0,0,0,,0,0,0,,0,,0,0,0,0,,0,0,0,,,0,0,0,0,0,,0,0,0,0,0,0,0,0,0,0,,,,,,,,,,,,,,,,,,,,,,,,,,,,,,,0,,,,,,,,,,,,,,,,,,,,,,,,,,,,,,,,0,15
9/1/2026,2025,20260945,47942,40648,"PRONTO MIDSTREAM, LLC",Natural Gas,INTRASTATE,NEW MEXICO,0,0,0,0,0,0,0,0,0,0,0,0,0,0,0,0,0,0,0,0,0,0,0,0,0,0,0,0,0,0,0,0,0,0,0,0,0,0,0,0,0,0,0,0,0,0,0,0,0,0,0,0,0,0,0,0,0,0,0,0,0,0,0,0,0,0,0,0,0,0,0,0,0,0,0,0,0,0,0,0,0,0,0,0,0,0,0,0,0,0,0,0,0,0,0,0,0,0,0,0,0,0,0,0,0,0,0,0,0,0,0,0,0,0,0,0,0,0,0,0,0,0,0,0,0,0,0,0,0,0,0,0,0,0,0,0,0,0,0,0,0,0,0,0,0,0,0,0,0,0,0,0,0,0,,0,,,,,0,,,0,0,,,,,,,,,,,,,,,,,,,,,,,,,,,,,,,0,,,,,,,,,,,,,,,,,,,,,,,,,,,,,,,,0,1245
9/1/2026,2025,20260948,47947,40655,"TRES MIDSTREAM VICTORIA, LLC",Natural Gas,INTRASTATE,TEXAS,0,0,0,0,,,0,,,,,0,0,0,0,,,0,,,,,0,0,0,0,,,0,,,,,0,0,0,0,,,0,,,,,0,0,0,0,,,0,,,,,0,0,0,0,,,0,,,,,0,0,0,0,,,0,,,,,0,0,0,0,,,0,,,,,0,0,0,0,,,0,,,,,0,0,0,0,,,0,,,,,0,0,0,0,,,0,0,0,0,0,0,0,0,0,,,0,0,0,0,0,0,0,0,0,,,0,0,0,0,0,0,0,0,0,,0,,0,0,0,0,0,,0,,,,,,0,,0,,,,,,,,,,,,,,,,,,,,,,,,,,,,,,,0,55,,,,,,,,,,,,,,,,,,,,,,,,,,,,,,,,
9/1/2026,2025,20260587,47570,40661,RRP OPERATING LLC,Natural Gas,INTRASTATE,TEXAS,,0,,,,,,0,0,0,,,0,,,,,,0,0,0,,,0,,,,,,0,0,0,,,0,,,,,,0,0,0,,,0,,,,,,0,0,0,,,0,,,,,,0,0,0,,,0,,,,,,0,0,0,,,0,,,,,,0,0,0,,,0,,,,,,0,0,0,,,0,,,,,,0,0,0,,,0,,,,,,0,0,0,,,0,,,,,,0,0,0,,,0,,,,,,0,0,0,,,0,,,,,,0,0,0,,,0,,,0,0,0,,,0,0,,,,,,,,,,,,,,,,,,,,,,,,,,,,,,,,,0,0,0,0,0,0,0,0,0,0,0,0,0,0,0,0,0,0,0,0,0,0,0,0,0,0,0,0,0,0,0,0
9/1/2026,2025,20260236,47194,40663,"AGERON ENERGY, LLC",Natural Gas,INTRASTATE,TEXAS,,0,,,,,,0,0,0,,,0,,,,,,0,0,0,,,0,,,,,,0,0,0,,,0,,,,,,0,0,0,,,0,,,,,,0,0,0,,,0,,,,,,0,0,0,,,0,,,,,,0,0,0,,,0,,,,,,0,0,0,,,0,,,,,,0,0,0,,,0,,,,,,0,0,0,,,0,,,,,,0,0,0,,,0,,,,,,0,0,0,,,0,,,,,,0,0,0,,,0,,,,,,0,0,0,,,0,,,0,0,0,,,0,0,,,,,,,,,,,,,,,,,,,,,,,,,,,,,,,,,0,0,0,0,0,0,0,0,0,0,0,0,0,0,0,0,0,0,0,0,0,0,0,0,0,0,0,0,0,0,0,36
9/1/2026,2025,20261115,48126,40667,NORTHEAST ENERGY CENTER LLC,Natural Gas,INTRASTATE,MASSACHUSETTS,0,0,0,0,0,0,0,0,0,0,0,0,0,0,0,0,0,0,0,0,0,0,0,0,0,0,0,0,0,0,0,0,0,0,0,0,0,0,0,0,0,0,0,0,0,0,0,0,0,0,0,0,0,0,0,0,0,0,0,0,0,0,0,0,0,0,0,0,0,0,0,0,0,0,0,0,0,0,0,0,0,0,0,0,0,0,0,0,0,0,0,0,0,0,0,0,0,0,0,0,0,0,0,0,0,0,0,0,0,0,0,0,0,0,0,0,0,0,0,0,0,0,0,0,0,0,0,0,0,0,0,0,0,0,0,0,0,0,0,0,0,0,0,0,0,0,0,0,0,0,0,0,0,0,0,0,0,0,0,0,0,0,0,0,0,0,0,0,0,0,0,0,0,0,0,0,0,0,0,0,0,0,0,0,0,0,0,0,0,0,0,0,0,0,0,0,12,0,0,0,0,0,0,0,0,0,0,0,0,0,0,0,0,0,0,0,0,0,0,0,0,0,0,0,0,0,0,0,0
9/1/2026,2025,20260107,47061,40669,"LAVACA MIDSTREAM, L.L.C.",Natural Gas,INTRASTATE,TEXAS,,0,,,,,,0,0,0,,,0,,,,,,0,0,0,,,0,,,,,,0,0,0,,,0,,,,,,0,0,0,,,0,,,,,,0,0,0,,,0,,,,,,0,0,0,,,0,,,,,,0,0,0,,,0,,,,,,0,0,0,,,0,,,,,,0,0,0,,,0,,,,,,0,0,0,,,0,,,,,,0,0,0,,,0,,,,,,0,0,0,,,0,,,,,,0,0,0,,,0,,,,,,0,0,0,,,0,,,0,0,0,,,0,0,,,,,,,,,,,,,,,,,,,,,,,,,,,,,,,,,,,,,,,,,,,,,,,,,,,,,,,,,,,,,,,0,5
9/1/2026,2025,20260132,47087,40671,AMERESCO SAN ANTONIO LLC,Natural Gas,INTRASTATE,TEXAS,0,0,0,0,0,0,0,0,0,0,0,0,0,0,0,0,0,0,0,0,0,0,0,0,0,0,0,0,0,0,0,0,0,0,0,0,0,0,0,0,0,0,0,0,0,0,0,0,0,0,0,0,0,0,0,0,0,0,0,0,0,0,0,0,0,0,0,0,0,0,0,0,0,0,0,0,0,0,0,0,0,0,0,0,0,0,0,0,0,0,0,0,0,0,0,0,0,0,0,0,0,0,0,0,0,0,0,0,0,0,0,0,0,0,0,0,0,0,0,0,0,0,0,0,0,0,0,0,0,0,0,0,0,0,0,0,0,0,0,0,0,0,0,0,0,0,0,0,0,0,0,0,0,0,0,,0,0,0,0,0,0,0,0,0,,,,,,,,,,,,,,,,,,,,,,,,,,,,,,,0,3,,,,,,,,,,,,,,,,,,,,,,,,,,,,,,,0,
9/1/2026,2025,20260406,47371,40678,SWIFT CREEK RENEWABLES,Natural Gas,INTRASTATE,VIRGINIA,,,,,,,,,,,,,,,,,,,,,,,,,,,,,,,,,,,,,,,,,,,,,,,,,,,,,,,,,,,,,,,,,,,,,,,,,,,,,,,,,,,,,,,,,,,,,,,,,,,,,,,,,,,,,,,,,,,,,,,,,,,,,,,,,,,,,,,,,,,,,,,,,,,,,,,,,,,,,,,,,,,,,,0,0,0,0,0,0,0,0,0,0,0,0,0,0,0,0,0,0,0,0,0,0,0,0,0,0,0,0,0,0,0,472,,,,,,,,,,,,,,,,,,,,,,,,,,,,,,,0,
9/1/2026,2025,20260656,47641,40679,"FORMENTERA OPERATIONS, LLC",Natural Gas,INTRASTATE,OKLAHOMA,0,0,0,0,0,0,0,0,0,0,0,0,0,0,0,0,0,0,0,0,0,0,0,0,0,0,0,0,0,0,0,0,0,0,0,0,0,0,0,0,0,0,0,0,0,0,0,0,0,0,0,0,0,0,0,0,0,0,0,0,0,0,0,0,0,0,0,0,0,0,0,0,0,0,0,0,0,0,0,0,0,0,0,0,0,0,0,0,0,0,0,0,0,0,0,0,0,0,0,0,0,0,0,0,0,0,0,0,0,0,0,0,0,0,0,0,0,0,0,0,0,0,0,0,0,0,0,0,0,0,0,0,0,0,0,0,0,0,0,0,0,0,0,0,0,0,0,0,0,0,0,0,0,0,,0,0,0,0,0,0,0,0,0,0,,,,,,,,,,,,,,,,,,,,,,,,,,,,,,,0,,,,,,,,,,,,,,,,,,,,,,,,,,,,,,,,0,0
9/1/2026,2025,20260656,47641,40679,"FORMENTERA OPERATIONS, LLC",Natural Gas,INTRASTATE,TEXAS,,,,,,,,,,,,,,,,,,,,,,,,,,,,,,,,,,,,,,,,,,,,,,,,,,,,,,,,,,,,,,,,,,,,,,,,,,,,,,,,,,,,,,,,,,,,,,,,,,,,,,,,,,,,,,,,,,,,,,,,,,,,,,,,,,,,,,,,,,,,,,,,,,,,,,,,,,,,,,,,,,,,,,,,,,,,,,,,,,,,,,,,,,,,,,,,,,,,,,,,,,,,,,,,,,,,,,,,,,,,,,,,,,,,0,0
9/1/2026,2025,20260730,47717,40680,"GUARDIAN DECOMMISSIONING, INC.",Natural Gas,INTERSTATE,LOUISIANA,,0,,,,,,0,0,0,0,,0,,,,,,0,0,0,0,,0,,,,,,0,0,0,0,,0,,,,,,0,0,0,0,,0,,,,,,0,0,0,0,,0,,,,,,0,0,0,0,,0,,,,,,0,0,0,0,,0,,,,,,0,0,0,0,,0,,,,,,0,0,0,0,,0,,,,,,0,0,0,0,,0,,,,,,0,0,0,0,,0,,,,,,0,0,0,0,,0,,,,,,0,0,0,0,,0,,,,,,0,0,0,0,,0,,,0,0,0,0,,0,0,,,,,,,,,,,,,,,,,,,,,,,,,,,,,,,0,,0,0,0,0,0,0,0,0,0,0,0,0,0,0,0,0,0,0,0,0,0,0,0,0,0,0,0,0,0,0,0,105
9/1/2026,2025,20260195,47153,40682,"LAKEVIEW RNG, LLC",Natural Gas,INTRASTATE,OREGON,,0,0,0,,,,,,,,,0,0,0,,,,,,,,,0,0,0,,,,,,,,,0,0,0,,,,,,,,,0,0,0,,,,,,,,,0,0,0,,,,,,,,,0,0,0,,,,,,,,,0,0,0,,,,,,,,,0,0,0,,,,,,,,,0,0,0,,,,,,,,,0,0,0,,,,,,,,,0,0,0,,,,,,,,,0,0,0,,,,,,,,,0,0,0,,,,,,,,0,,0,,,,,,0,,0,0,0,0,0,0,0,0,0,0,0,0,0,0,0,0,0,0,0,0,0,0,0,0,0,0,0,0,0,0,0,0,0,,,,,,,,,,,,,,,,,,,,,,,,,,,,,,,,
9/1/2026,2025,20261304,48317,40685,"OLIPDP II, LLC",Natural Gas,INTRASTATE,LOUISIANA,0,0,0,0,0,0,0,0,0,0,0,0,0,0,0,0,0,0,0,0,0,0,0,0,0,0,0,0,0,0,0,0,0,0,0,0,0,0,0,0,0,0,0,0,0,0,0,0,0,0,0,0,0,0,0,0,0,0,0,0,0,0,0,0,0,0,0,0,0,0,0,0,0,0,0,0,0,0,0,0,0,0,0,0,0,0,0,0,0,0,0,0,0,0,0,0,0,0,0,0,0,0,0,0,0,0,0,0,0,0,0,0,0,0,0,0,0,0,0,0,0,0,0,0,0,0,0,0,0,0,0,0,0,0,0,0,0,0,0,0,0,0,0,0,0,0,0,0,0,0,0,0,0,0,0,0,0,0,0,0,0,0,0,0,0,0,0,0,0,0,0,0,0,0,0,0,0,0,0,0,0,0,0,0,0,0,0,0,0,0,0,0,0,0,0,0,184,0,0,0,0,0,0,0,0,0,0,0,0,0,0,0,0,0,0,0,0,0,0,0,0,0,0,0,0,0,0,0,0
9/1/2026,2025,20261304,48317,40685,"OLIPDP II, LLC",Natural Gas,INTRASTATE,TEXAS,0,0,0,0,0,0,0,0,0,0,0,0,0,0,0,0,0,0,0,0,0,0,0,0,0,0,0,0,0,0,0,0,0,0,0,0,0,0,0,0,0,0,0,0,0,0,0,0,0,0,0,0,0,0,0,0,0,0,0,0,0,0,0,0,0,0,0,0,0,0,0,0,0,0,0,0,0,0,0,0,0,0,0,0,0,0,0,0,0,0,0,0,0,0,0,0,0,0,0,0,0,0,0,0,0,0,0,0,0,0,0,0,0,0,0,0,0,0,0,0,0,0,0,0,0,0,0,0,0,0,0,0,0,0,0,0,0,0,0,0,0,0,0,0,0,0,0,0,0,0,0,0,0,0,0,0,0,0,0,0,0,0,0,0,0,0,0,0,0,0,0,0,0,0,0,0,0,0,0,0,0,0,0,0,0,0,0,0,0,0,0,0,0,0,0,0,426,0,0,0,0,0,0,0,0,0,0,0,0,0,0,0,0,0,0,0,0,0,0,0,0,0,0,0,0,0,0,0,0
9/1/2026,2025,20260659,47644,40686,"UINTA WAX OPERATING, LLC",Natural Gas,INTRASTATE,UTAH,,0,,,,,,0,0,0,,,0,,,,,,0,0,0,,,0,,,,,,0,0,0,,,0,,,,,,0,0,0,,,0,,,,,,0,0,0,,,0,,,,,,0,0,0,,,0,,,,,,0,0,0,,,0,,,,,,0,0,0,,,0,,,,,,0,0,0,,,0,,,,,,0,0,0,,,0,,,,,,0,0,0,,,0,,,,,,0,0,0,,,0,,,,,,0,0,0,,,0,,,,,,0,0,0,,,0,,,0,0,0,,,0,0,,,,,,,,,,,,,,,,,,,,,,,,,,,,,,,0,,,,,,,,,,,,,,,,,,,,,,,,,,,,,,,,0,0
9/1/2026,2025,20261400,48425,40687,"CRYSALIS BIOSCIENCES, INC.",Natural Gas,INTRASTATE,ILLINOIS,0,0,0,0,0,0,0,0,0,0,0,0,0,0,0,0,0,0,0,0,0,0,0,0,0,0,0,0,0,0,0,0,0,0,0,0,0,0,0,0,0,0,0,0,0,0,0,0,0,0,0,0,0,0,0,0,0,0,0,0,0,0,0,0,0,0,0,0,0,0,0,0,0,0,0,0,0,0,0,0,0,0,0,0,0,0,0,0,0,0,0,0,0,0,0,0,0,0,0,0,0,0,0,0,0,0,0,0,0,0,0,0,0,0,0,0,0,0,0,0,0,0,0,0,0,0,0,0,0,0,0,0,0,0,0,0,0,0,0,0,0,0,0,0,0,0,0,0,0,0,0,0,0,0,0,,0,0,0,0,0,0,0,0,0,,,,,,,,,,,,,,,,,,,,,,,,,,,,,,,0,52,,,,,,,,,,,,,,,,,,,,,,,,,,,,,,,0,
9/1/2026,2025,20261248,48261,40688,AGUA TRANQUILLO MIDSTREAM LLC,Natural Gas,INTRASTATE,TEXAS,0,0,0,0,0,0,0,0,0,0,0,0,0,0,0,0,0,0,0,0,0,0,0,0,0,0,0,0,0,0,0,0,0,0,0,0,0,0,0,0,0,0,0,0,0,0,0,0,0,0,0,0,0,0,0,0,0,0,0,0,0,0,0,0,0,0,0,0,0,0,0,0,0,0,0,0,0,0,0,0,0,0,0,0,0,0,0,0,0,0,0,0,0,0,0,0,0,0,0,0,0,0,0,0,0,0,0,0,0,0,0,0,0,0,0,0,0,0,0,0,0,0,0,0,0,0,0,0,0,0,0,0,0,0,0,0,0,0,0,0,0,0,0,0,0,0,0,0,0,0,0,0,0,0,,0,0,0,0,0,0,0,0,0,0,,,,,,,,,,,,,,,,,,,,,,,,,,,,,,,0,,0,0,0,0,0,0,0,0,0,0,0,0,0,0,0,0,0,0,0,0,0,0,0,0,0,0,0,0,0,0,0,0
9/1/2026,2025,20260363,47328,40693,"LUCKY LAD ENERGY, LLC",Natural Gas,INTRASTATE,TEXAS,0,0,0,0,,,0,0,0,0,,0,0,0,0,,,0,0,0,0,,0,0,0,0,,,0,0,0,0,,0,0,0,0,,,0,0,0,0,,0,0,0,0,,,0,0,0,0,,0,0,0,0,,,0,0,0,0,,0,0,0,0,,,0,0,0,0,,0,0,0,0,,,0,0,0,0,,0,0,0,0,,,0,0,0,0,,0,0,0,0,,,0,0,0,0,,0,0,0,0,,,0,0,0,0,,0,0,0,0,,,0,0,0,0,,0,0,0,0,,,0,0,0,0,,0,0,0,0,,0,,0,0,0,,0,0,0,,0,0,0,,0,0,0,,,,,,,,,,,,,,,,,,,,,,,,,,,,,,,0,16,,,,,,,,,,,,,,,,,,,,,,,,,,,,,,,0,176
9/1/2026,2025,20261392,48408,40699,"BGGCO, LLC",Natural Gas,INTRASTATE,MISSISSIPPI,0,0,0,0,0,0,0,0,0,0,0,0,0,0,0,0,0,0,0,0,0,0,0,0,0,0,0,0,0,0,0,0,0,0,0,0,0,0,0,0,0,0,0,0,0,0,0,0,0,0,0,0,0,0,0,0,0,0,0,0,0,0,0,0,0,0,0,0,0,0,0,0,0,0,0,0,0,0,0,0,0,0,0,0,0,0,0,0,0,0,0,0,0,0,0,0,0,0,0,0,0,0,0,0,0,0,0,0,0,0,0,0,0,0,0,0,0,0,0,0,0,0,0,0,0,0,0,0,0,0,0,0,0,0,0,0,0,0,0,0,0,0,0,0,0,0,0,0,0,0,0,0,0,0,,0,0,0,0,0,0,0,0,0,0,,,,,,,,,,,,,,,,,,,,,,,,,,,,,,,0,,,,,,,,,,,,,,,,,,,,,,,,,,,,,,,,0,0
9/1/2026,2025,20260615,47599,40701,"CARDINAL DELAWARE BASIN, LLC",Natural Gas,INTRASTATE,TEXAS,0,0,0,0,0,0,0,0,0,0,0,0,0,0,0,0,0,0,0,0,0,0,0,0,0,0,0,0,0,0,0,0,0,0,0,0,0,0,0,0,0,0,0,0,0,0,0,0,0,0,0,0,0,0,0,0,0,0,0,0,0,0,0,0,0,0,0,0,0,0,0,0,0,0,0,0,0,0,0,0,0,0,0,0,0,0,0,0,0,0,0,0,0,0,0,0,0,0,0,0,0,0,0,0,0,0,0,0,0,0,0,0,0,0,0,0,0,0,0,0,0,0,0,0,0,0,0,0,0,0,0,0,0,0,0,0,0,0,0,0,0,0,0,0,0,0,0,0,0,0,0,0,0,0,,,,,,,,,,,,,,,,,,,,,,,,,,,,,,,,,,,,,,,,,,,,,,,,,,,,,,,,,,,,,,,,,,,,,,,,,,0,2155
9/1/2026,2025,20261026,48029,40708,LOUISIANA ENERGY GATEWAY LLC,Natural Gas,INTRASTATE,LOUISIANA,0,0,0,0,,,0,0,0,0,,0,0,0,0,,,0,0,0,0,,0,0,0,0,,,0,0,0,0,,0,0,0,0,,,0,0,0,0,,0,0,0,0,,,0,0,0,0,,0,0,0,0,,,0,0,0,0,,0,0,0,0,,,0,0,0,0,,0,0,0,0,,,0,0,0,0,,0,0,0,0,,,0,0,0,0,,0,0,0,0,,,0,0,0,0,,0,0,0,0,,,0,0,0,0,,0,0,0,0,,,0,0,0,0,,0,0,0,0,,,0,0,0,0,,0,0,0,0,,0,,0,0,0,,,,,,,,,,,,,,,,,,,,,,,,,,,,,,,,,,,,,,,,,,,0,13268,,,,,,,,,,,,,,,,,,,,,,,,,,,,,,,0,0
9/1/2026,2025,20261026,48029,40708,LOUISIANA ENERGY GATEWAY LLC,Natural Gas,INTRASTATE,TEXAS,,,,,,,,,,,,,,,,,,,,,,,,,,,,,,,,,,,,,,,,,,,,,,,,,,,,,,,,,,,,,,,,,,,,,,,,,,,,,,,,,,,,,,,,,,,,,,,,,,,,,,,,,,,,,,,,,,,,,,,,,,,,,,,,,,,,,,,,,,,,,,,,,,,,,,,,,,,,,,,,,,,,,,,,,,,,,,,,,,,,,,,,,,,,,,,,,,,,,,,,,,,,,,,,,,,,,,,,,,,,,,,,,,,,0,0
9/1/2026,2025,20261241,48254,40709,SPIRE STORAGE SALT PLAINS LLC,Natural Gas,INTRASTATE,OKLAHOMA,0,0,0,0,0,0,0,0,0,0,0,0,0,0,0,0,0,0,0,0,0,0,0,0,0,0,0,0,0,0,0,0,0,0,0,0,0,0,0,0,0,0,0,0,0,0,0,0,0,0,0,0,0,0,0,0,0,0,0,0,0,0,0,0,0,0,0,0,0,0,0,0,0,0,0,0,0,0,0,0,0,0,0,0,0,0,0,0,0,0,0,0,0,0,0,0,0,0,0,0,0,0,0,0,0,0,0,0,0,0,0,0,0,0,0,0,0,0,0,0,0,0,0,0,0,0,0,0,0,0,0,0,0,0,0,0,0,0,0,0,0,0,0,0,0,0,0,0,0,0,0,0,0,0,0,,0,0,0,0,0,0,0,0,0,,,,,,,,,,,,,,,,,,,,,,,,,,,,,,,0,21,,,,,,,,,,,,,,,,,,,,,,,,,,,,,,,0,
9/1/2026,2025,20260335,47296,40710,"MONTOUR, LLC",Natural Gas,INTRASTATE,PENNSYLVANIA,0,0,0,0,0,0,0,0,0,0,0,0,0,0,0,0,0,0,0,0,0,0,0,0,0,0,0,0,0,0,0,0,0,0,0,0,0,0,0,0,0,0,0,0,0,0,0,0,0,0,0,0,0,0,0,0,0,0,0,0,0,0,0,0,0,0,0,0,0,0,0,0,0,0,0,0,0,0,0,0,0,0,0,0,0,0,0,0,0,0,0,0,0,0,0,0,0,0,0,0,0,0,0,0,0,0,0,0,0,0,0,0,0,0,0,0,0,0,0,0,0,0,0,0,0,0,0,0,0,0,0,0,0,0,0,0,0,0,0,0,0,0,0,0,0,0,0,0,0,0,0,0,0,0,0,,0,0,0,0,0,0,0,0,0,,,,,,,,,,,,,,,,,,,,,,,,,,,,,,,0,78,,,,,,,,,,,,,,,,,,,,,,,,,,,,,,,0,
9/1/2026,2025,20260801,47794,40715,PECAN PIPELINE (WYOMING) LLC,Natural Gas,INTRASTATE,WYOMING,0,0,0,0,0,0,0,0,0,0,0,0,0,0,0,0,0,0,0,0,0,0,0,0,0,0,0,0,0,0,0,0,0,0,0,0,0,0,0,0,0,0,0,0,0,0,0,0,0,0,0,0,0,0,0,0,0,0,0,0,0,0,0,0,0,0,0,0,0,0,0,0,0,0,0,0,0,0,0,0,0,0,0,0,0,0,0,0,0,0,0,0,0,0,0,0,0,0,0,0,0,0,0,0,0,0,0,0,0,0,0,0,0,0,0,0,0,0,0,0,0,0,0,0,0,0,0,0,0,0,0,0,0,0,0,0,0,0,0,0,0,0,0,0,0,0,0,0,0,0,0,0,0,0,,0,0,0,0,0,0,0,0,0,0,,,,,,,,,,,,,,,,,,,,,,,,,,,,,,,0,,,,,,,,,,,,,,,,,,,,,,,,,,,,,,,,0,32
9/1/2026,2025,20260373,47338,40716,MID SOUTH INDIANA LLC,Natural Gas,INTRASTATE,INDIANA,0,0,0,0,0,0,0,0,0,0,0,0,0,0,0,0,0,0,0,0,0,0,0,0,0,0,0,0,0,0,0,0,0,0,0,0,0,0,0,0,0,0,0,0,0,0,0,0,0,0,0,0,0,0,0,0,0,0,0,0,0,0,0,0,0,0,0,0,0,0,0,0,0,0,0,0,0,0,0,0,0,0,0,0,0,0,0,0,0,0,0,0,0,0,0,0,0,0,0,0,0,0,0,0,0,0,0,0,0,0,0,0,0,0,0,0,0,0,0,0,0,0,0,0,0,0,0,0,0,0,0,0,0,0,0,0,0,0,0,0,0,0,0,0,0,0,0,0,0,0,0,0,0,0,0,,0,0,0,0,0,0,0,0,0,,,,,,,,,,,,,,,,,,,,,,,,,,,,,,,0,9,,,,,,,,,,,,,,,,,,,,,,,,,,,,,,,0,
9/1/2026,2025,20260605,47588,40720,THREE RIVERS SOLID WASTE AUTHORITY,Natural Gas,INTRASTATE,SOUTH CAROLINA,0,0,0,0,,,0,,,,,0,0,0,0,,,0,,,,,0,0,0,0,,,0,,,,,0,0,0,0,,,0,,,,,0,0,0,0,,,0,,,,,0,0,0,0,,,0,,,,,0,0,0,0,,,0,,,,,0,0,0,0,,,0,,,,,0,0,0,0,,,0,,,,,0,0,0,0,,,0,,,,,0,0,0,0,,,0,0,0,0,0,0,0,0,0,,,0,0,0,0,0,0,0,0,0,,,0,0,0,0,0,0,0,0,0,,0,,0,0,0,0,0,,0,,,,,,0,,0,0,0,0,0,0,0,0,0,0,0,0,0,0,0,0,0,0,0,0,0,0,0,0,0,0,0,0,0,0,0,0,222,,,,,,,,,,,,,,,,,,,,,,,,,,,,,,,0,
9/1/2026,2025,20260467,47434,40722,MITSUI E&P USA LLC,Natural Gas,INTRASTATE,TEXAS,,0,,,,,,0,0,0,,,0,,,,,,0,0,0,,,0,,,,,,0,0,0,,,0,,,,,,0,0,0,,,0,,,,,,0,0,0,,,0,,,,,,0,0,0,,,0,,,,,,0,0,0,,,0,,,,,,0,0,0,,,0,,,,,,0,0,0,,,0,,,,,,0,0,0,,,0,,,,,,0,0,0,,,0,,,,,,0,0,0,,,0,,,,,,0,0,0,,,0,,,,,,0,0,0,,,0,,,0,0,0,,,0,0,,,,,,,,,,,,,,,,,,,,,,,,,,,,,,,,,0,0,0,0,0,0,0,0,0,0,0,0,0,0,0,0,0,0,0,0,0,0,0,0,0,0,0,0,0,0,0,32
9/1/2026,2025,20260053,47005,40725,CORE SOLUTIONS LLC,Natural Gas,INTRASTATE,WEST VIRGINIA,0,0,0,0,0,0,0,0,0,0,0,0,0,0,0,0,0,0,0,0,0,0,0,0,0,0,0,0,0,0,0,0,0,0,0,0,0,0,0,0,0,0,0,0,0,0,0,0,0,0,0,0,0,0,0,0,0,0,0,0,0,0,0,0,0,0,0,0,0,0,0,0,0,0,0,0,0,0,0,0,0,0,0,0,0,0,0,0,0,0,0,0,0,0,0,0,0,0,0,0,0,0,0,0,0,0,0,0,0,0,0,0,0,0,0,0,0,0,0,0,0,0,0,0,0,0,0,0,0,0,0,0,0,0,0,0,0,0,0,0,0,0,0,0,0,0,0,0,0,0,0,0,0,0,,0,0,0,0,0,0,0,0,0,0,,,,,,,,,,,,,,,,,,,,,,,,,,,,,,,0,,,,,,,,,,,,,,,,,,,,,,,,,,,,,,,,0,1
9/1/2026,2025,20260484,47451,40729,ENERFIN GATHERING-EAST LLC,Natural Gas,INTRASTATE,OKLAHOMA,,0,0,0,,,,0,0,0,,,0,0,0,,,,0,0,0,,,0,0,0,,,,0,0,0,,,0,0,0,,,,0,0,0,,,0,0,0,,,,0,0,0,,,0,0,0,,,,0,0,0,,,0,0,0,,,,0,0,0,,,0,0,0,,,,0,0,0,,,0,0,0,,,,0,0,0,,,0,0,0,,,,0,0,0,,,0,0,0,,,,0,0,0,,,0,0,0,,,,0,0,0,,,0,0,0,,,,0,0,0,,,0,0,0,,,,0,0,0,,0,0,0,,0,0,0,,0,0,0,,,,,,,,,,,,,,,,,,,,,,,,,,,,,,,0,84,,,,,,,,,,,,,,,,,,,,,,,,,,,,,,,0,42618
9/1/2026,2025,20260251,47209,40734,"GREENTREE LANDFILL COMPANY, LLC",Landfill Gas,INTRASTATE,PENNSYLVANIA,,0,,,,,,,,0,,,0,,,,,,,,0,,,0,,,,,,,,0,,,0,,,,,,,,0,,,0,,,,,,,,0,,,0,,,,,,,,0,,,0,,,,,,,,0,,,0,,,,,,,,0,,,0,,,,,,,,0,,,0,,,,,,,,0,,,0,,,,,,,,0,,,0,,,,,,,,0,,,0,,,,,,,,0,,,0,,,,,,,,0,,,0,,,,,0,,,0,0,,,,,,,,,,,,,,,,,,,,,,,,,,,,,,,,,,,,,,,,,,,,,,,,,,,,,,,,,,,,,,,0,7
9/1/2026,2025,20260252,47210,40735,IMPERIAL LANDFILL GAS COMPANY,Landfill Gas,INTRASTATE,PENNSYLVANIA,0,0,0,0,0,0,0,0,0,0,0,0,0,0,0,0,0,0,0,0,0,0,0,0,0,0,0,0,0,0,0,0,0,0,0,0,0,0,0,0,0,0,0,0,0,0,0,0,0,0,0,0,0,0,0,0,0,0,0,0,0,0,0,0,0,0,0,0,0,0,0,0,0,0,0,0,0,0,0,0,0,0,0,0,0,0,0,0,0,0,0,0,0,0,0,0,0,0,0,0,0,0,0,0,0,0,0,0,0,0,0,0,0,0,0,0,0,0,0,0,0,0,0,0,0,0,0,0,0,0,0,0,0,0,0,0,0,0,0,0,0,0,0,0,0,0,0,0,0,0,0,0,0,0,,0,0,0,0,0,0,0,0,0,0,,,,,,,,,,,,,,,,,,,,,,,,,,,,,,,0,,,,,,,,,,,,,,,,,,,,,,,,,,,,,,,,0,45
9/1/2026,2025,20260684,47669,40736,TEJON TREATING AND CARBON SOLUTIONS LLC,Natural Gas,INTRASTATE,TEXAS,,0,,,,,,0,0,0,,,0,,,,,,0,0,0,,,0,,,,,,0,0,0,,,0,,,,,,0,0,0,,,0,,,,,,0,0,0,,,0,,,,,,0,0,0,,,0,,,,,,0,0,0,,,0,,,,,,0,0,0,,,0,,,,,,0,0,0,,,0,,,,,,0,0,0,,,0,,,,,,0,0,0,,,0,,,,,,0,0,0,,,0,,,,,,0,0,0,,,0,,,,,,0,0,0,,,0,,,0,0,0,,,0,0,,,,,,,,,,,,,,,,,,,,,,,,,,,,,,,,,,,,,,,,,,,,,,,,,,,,,,,,,,,,,,,0,666
9/1/2026,2025,20260187,47144,40737,KALER ENERGY CORP.,Natural Gas,INTRASTATE,TEXAS,,,,,,,,,,,,,,,,,,,,,,,,,,,,,,,,,,,,,,,,,,,,,,,,,,,,,,,,,,,,,,,,,,,,,,,,,,,,,,,,,,,,,,,,,,,,,,,,,,,,,,,,,,,,,,,,,,,,,,,,,,,,,,,,,,,,,,,,,,,,,,,,,,,,,,,,,,,,,,,,,,,,,,,,,,,,,,,,,,,,,,,,,,,,,,,,,,,,,,,,,,,,,,,,,,,,,,,,,,,,,,,,,,,,0,167
9/1/2026,2025,20261401,48424,40738,"LONGFELLOW ENERGY, LP",Natural Gas,INTRASTATE,TEXAS,0,0,0,0,,,0,0,0,0,,0,0,0,0,,,0,0,0,0,,0,0,0,0,,,0,0,0,0,,0,0,0,0,,,0,0,0,0,,0,0,0,0,,,0,0,0,0,,0,0,0,0,,,0,0,0,0,,0,0,0,0,,,0,0,0,0,,0,0,0,0,,,0,0,0,0,,0,0,0,0,,,0,0,0,0,,0,0,0,0,,,0,0,0,0,,0,0,0,0,,,0,0,0,0,,0,0,0,0,,,0,0,0,0,,0,0,0,0,,,0,0,0,0,,0,0,0,0,,0,,0,0,0,,0,0,0,0,0,0,0,0,0,0,0,,,,,,,,,,,,,,,,,,,,,,,,,,,,,,,0,,,,,,,,,,,,,,,,,,,,,,,,,,,,,,,,0,99
9/1/2026,2025,20261133,48146,40739,"BRAZOS MIDLAND GAS, LLC",Natural Gas,INTRASTATE,TEXAS,,0,,,,,,0,0,0,,,0,,,,,,0,0,0,,,0,,,,,,0,0,0,,,0,,,,,,0,0,0,,,0,,,,,,0,0,0,,,0,,,,,,0,0,0,,,0,,,,,,0,0,0,,,0,,,,,,0,0,0,,,0,,,,,,0,0,0,,,0,,,,,,0,0,0,,,0,,,,,,0,0,0,,,0,,,,,,0,0,0,,,0,,,,,,0,0,0,,,0,,,,,,0,0,0,,,0,,,0,,0,,,0,0,,,,,,,,,,,,,,,,,,,,,,,,,,,,,,,,,,,,,,,,,,,,,,,,,,,,,,,,,,,,,,,0,2722
9/1/2026,2025,20260057,47010,40742,"JOHNSON COUNTY POWER, LLC",Natural Gas,INTRASTATE,TEXAS,0,0,0,0,,,0,,,,,0,0,0,0,,,0,,,,,0,0,0,0,,,0,,,,,0,0,0,0,,,0,,,,,0,0,0,0,,,0,,,,,0,0,0,0,,,0,,,,,0,0,0,0,,,0,,,,,0,0,0,0,,,0,,,,,0,0,0,0,,,0,,,,,0,0,0,0,,,0,,,,,0,0,0,0,,,0,0,0,0,0,0,0,0,0,,,0,0,0,0,0,0,0,0,0,,,0,0,0,0,0,0,0,0,0,,0,,0,0,0,0,0,,0,,,,,,0,,0,,,,,,,,,,,,,,,,,,,,,,,,,,,,,,,0,52,,,,,,,,,,,,,,,,,,,,,,,,,,,,,,,0,
9/1/2026,2025,20260058,47011,40743,"RW MILLER POWER, LLC",Natural Gas,INTRASTATE,TEXAS,0,0,0,0,0,0,0,0,0,0,0,0,0,0,0,0,0,0,0,0,0,0,0,0,0,0,0,0,0,0,0,0,0,0,0,0,0,0,0,0,0,0,0,0,0,0,0,0,0,0,0,0,0,0,0,0,0,0,0,0,0,0,0,0,0,0,0,0,0,0,0,0,0,0,0,0,0,0,0,0,0,0,0,0,0,0,0,0,0,0,0,0,0,0,0,0,0,0,0,0,0,0,0,0,0,0,0,0,0,0,0,0,0,0,0,0,0,0,0,0,0,0,0,0,0,0,0,0,0,0,0,0,0,0,0,0,0,0,0,0,0,0,0,0,0,0,0,0,0,0,0,0,0,0,0,,0,0,0,0,0,0,0,0,0,,,,,,,,,,,,,,,,,,,,,,,,,,,,,,,0,168,,,,,,,,,,,,,,,,,,,,,,,,,,,,,,,0,
9/1/2026,2025,20260055,47008,40744,"JACK COUNTY POWER, LLC",Natural Gas,INTRASTATE,TEXAS,0,0,0,0,0,0,0,0,0,0,0,0,0,0,0,0,0,0,0,0,0,0,0,0,0,0,0,0,0,0,0,0,0,0,0,0,0,0,0,0,0,0,0,0,0,0,0,0,0,0,0,0,0,0,0,0,0,0,0,0,0,0,0,0,0,0,0,0,0,0,0,0,0,0,0,0,0,0,0,0,0,0,0,0,0,0,0,0,0,0,0,0,0,0,0,0,0,0,0,0,0,0,0,0,0,0,0,0,0,0,0,0,0,0,0,0,0,0,0,0,0,0,0,0,0,0,0,0,0,0,0,0,0,0,0,0,0,0,0,0,0,0,0,0,0,0,0,0,0,0,0,0,0,0,0,,0,0,0,0,0,0,0,0,0,,,,,,,,,,,,,,,,,,,,,,,,,,,,,,,0,157,,,,,,,,,,,,,,,,,,,,,,,,,,,,,,,0,
9/1/2026,2025,20261358,48371,40746,"KIMMERIDGE TEXAS GAS, LLC",Natural Gas,INTRASTATE,TEXAS,0,0,0,0,0,0,0,0,0,0,0,0,0,0,0,0,0,0,0,0,0,0,0,0,0,0,0,0,0,0,0,0,0,0,0,0,0,0,0,0,0,0,0,0,0,0,0,0,0,0,0,0,0,0,0,0,0,0,0,0,0,0,0,0,0,0,0,0,0,0,0,0,0,0,0,0,0,0,0,0,0,0,0,0,0,0,0,0,0,0,0,0,0,0,0,0,0,0,0,0,0,0,0,0,0,0,0,0,0,0,0,0,0,0,0,0,0,0,0,0,0,0,0,0,0,0,0,0,0,0,0,0,0,0,0,0,0,0,0,0,0,0,0,0,0,0,0,0,0,0,0,0,0,0,,0,0,0,0,0,0,0,0,0,0,,,,,,,,,,,,,,,,,,,,,,,,,,,,,,,0,,,,,,,,,,,,,,,,,,,,,,,,,,,,,,,,0,0
9/1/2026,2025,20260056,47009,40747,REPUBLIC COAST PIPELINE LLC,Natural Gas,INTRASTATE,TEXAS,0,0,0,0,,,0,0,0,0,,0,0,0,0,,,0,0,0,0,,0,0,0,0,,,0,0,0,0,,0,0,0,0,,,0,0,0,0,,0,0,0,0,,,0,0,0,0,,0,0,0,0,,,0,0,0,0,,0,0,0,0,,,0,0,0,0,,0,0,0,0,,,0,0,0,0,,0,0,0,0,,,0,0,0,0,,0,0,0,0,,,0,0,0,0,,0,0,0,0,,,0,0,0,0,,0,0,0,0,,,0,0,0,0,,0,0,0,0,,,0,0,0,0,,0,0,0,0,,0,,0,0,0,,0,0,0,,0,0,0,,0,0,0,,,,,,,,,,,,,,,,,,,,,,,,,,,,,,,0,0,,,,,,,,,,,,,,,,,,,,,,,,,,,,,,,0,1082
9/1/2026,2025,20260456,47422,40755,JACKSONVILLE ELECTRIC AUTHORITY,Natural Gas,INTRASTATE,FLORIDA,0,0,0,0,,,0,,,,,0,0,0,0,,,0,,,,,0,0,0,0,,,0,,,,,0,0,0,0,,,0,,,,,0,0,0,0,,,0,,,,,0,0,0,0,,,0,,,,,0,0,0,0,,,0,,,,,0,0,0,0,,,0,,,,,0,0,0,0,,,0,,,,,0,0,0,0,,,0,,,,,0,0,0,0,,,0,0,0,0,0,0,0,0,0,,,0,0,0,0,0,0,0,0,0,,,0,0,0,0,0,0,0,0,0,,0,,0,0,0,0,0,,0,,,,,,0,,0,,,,,,,,,,,,,,,,,,,,,,,,,,,,,,,0,821,,,,,,,,,,,,,,,,,,,,,,,,,,,,,,,,
9/1/2026,2025,20260453,47419,40756,CHEVRON U.S.A. INC - RBU,Natural Gas,INTRASTATE,COLORADO,,,,,,,,,,,,,,,,,,,,,,,,,,,,,,,,,,,,,,,,,,,,,,,,,,,,,,,,,,,,,,,,,,,,,,,,,,,,,,,,,,,,,,,,,,,,,,,,,,,,,,,,,,,,,,,,,,,,,,,,,,,,,,,,,,,,,,,,,,,,,,,,,,,,,,,,,,,,,,,,,,,,,,,,,,,,,,,,,,,,,,,,,,,,,,,,,,,,0,,,,,,,,,,,,,,,,,,,,,,,,,,,,,,,,0,25507
9/1/2026,2025,20260909,47906,40757,TRINITY GAS STORAGE,Natural Gas,INTRASTATE,TEXAS,0,0,0,0,,,0,0,0,0,,0,0,0,0,,,0,0,0,0,,0,0,0,0,,,0,0,0,0,,0,0,0,0,,,0,0,0,0,,0,0,0,0,,,0,0,0,0,,0,0,0,0,,,0,0,0,0,,0,0,0,0,,,0,0,0,0,,0,0,0,0,,,0,0,0,0,,0,0,0,0,,,0,0,0,0,,0,0,0,0,,,0,0,0,0,,0,0,0,0,,,0,0,0,0,,0,0,0,0,,,0,0,0,0,,0,0,0,0,,,0,0,0,0,,0,0,0,0,,0,,0,0,0,,0,0,0,0,0,0,0,0,0,0,0,0,0,0,0,0,0,0,0,0,0,0,0,0,0,0,0,0,0,0,0,0,0,0,0,0,0,0,0,0,0,0,377,0,0,0,0,0,0,0,0,0,0,0,0,0,0,0,0,0,0,0,0,0,0,0,0,0,0,0,0,0,0,0,0
9/1/2026,2025,20261346,48508,40763,GOLDEN PASS PIPELINE LLC,Natural Gas,INTERSTATE,LOUISIANA,0,0,0,0,0,0,0,0,0,0,0,0,0,0,0,0,0,0,0,0,0,0,0,0,0,0,0,0,0,0,0,0,0,0,0,0,0,0,0,0,0,0,0,0,0,0,0,0,0,0,0,0,0,0,0,0,0,0,0,0,0,0,0,0,0,0,0,0,0,0,0,0,0,0,0,0,0,0,0,0,0,0,0,0,0,0,0,0,0,0,0,0,0,0,0,0,0,0,0,0,0,0,0,0,0,0,0,0,0,0,0,0,0,0,0,0,0,0,0,0,0,0,0,0,0,0,0,0,0,0,0,0,0,0,0,0,0,0,0,0,0,0,0,0,0,0,0,0,0,0,0,0,0,0,0,,0,0,0,0,0,0,0,0,0,,,,,,,,,,,,,,,,,,,,,,,,,,,,,,,0,200,,,,,,,,,,,,,,,,,,,,,,,,,,,,,,,0,
9/1/2026,2025,20261346,48508,40763,GOLDEN PASS PIPELINE LLC,Natural Gas,INTERSTATE,TEXAS,0,0,0,0,0,0,0,0,0,0,0,0,0,0,0,0,0,0,0,0,0,0,0,0,0,0,0,0,0,0,0,0,0,0,0,0,0,0,0,0,0,0,0,0,0,0,0,0,0,0,0,0,0,0,0,0,0,0,0,0,0,0,0,0,0,0,0,0,0,0,0,0,0,0,0,0,0,0,0,0,0,0,0,0,0,0,0,0,0,0,0,0,0,0,0,0,0,0,0,0,0,0,0,0,0,0,0,0,0,0,0,0,0,0,0,0,0,0,0,0,0,0,0,0,0,0,0,0,0,0,0,0,0,0,0,0,0,0,0,0,0,0,0,0,0,0,0,0,0,0,0,0,0,0,0,,0,0,0,0,0,0,0,0,0,,,,,,,,,,,,,,,,,,,,,,,,,,,,,,,0,1732,,,,,,,,,,,,,,,,,,,,,,,,,,,,,,,0,
9/1/2026,2025,20261346,48508,40763,GOLDEN PASS PIPELINE LLC,Natural Gas,INTRASTATE,TEXAS,0,0,0,0,0,0,0,0,0,0,0,0,0,0,0,0,0,0,0,0,0,0,0,0,0,0,0,0,0,0,0,0,0,0,0,0,0,0,0,0,0,0,0,0,0,0,0,0,0,0,0,0,0,0,0,0,0,0,0,0,0,0,0,0,0,0,0,0,0,0,0,0,0,0,0,0,0,0,0,0,0,0,0,0,0,0,0,0,0,0,0,0,0,0,0,0,0,0,0,0,0,0,0,0,0,0,0,0,0,0,0,0,0,0,0,0,0,0,0,0,0,0,0,0,0,0,0,0,0,0,0,0,0,0,0,0,0,0,0,0,0,0,0,0,0,0,0,0,0,0,0,0,0,0,0,,0,0,0,0,0,0,0,0,0,,,,,,,,,,,,,,,,,,,,,,,,,,,,,,,0,,,,,,,,,,,,,,,,,,,,,,,,,,,,,,,,0,
9/1/2026,2025,20261046,48051,40766,GLACIAL LAKES ENERGY - NW GAS OPERATED,Natural Gas,INTRASTATE,SOUTH DAKOTA,0,0,0,0,,,0,,,,,0,0,0,0,,,0,,,,,0,0,0,0,,,0,,,,,0,0,0,0,,,0,,,,,0,0,0,0,,,0,,,,,0,0,0,0,,,0,,,,,0,0,0,0,,,0,,,,,0,0,0,0,,,0,,,,,0,0,0,0,,,0,,,,,0,0,0,0,,,0,,,,,0,0,0,0,,,0,0,0,0,0,0,0,0,0,,,0,0,0,0,0,0,0,0,0,,,0,0,0,0,0,0,0,0,0,,0,,0,0,0,0,0,,0,,,,,,0,,0,,,,,,,,,,,,,,,,,,,,,,,,,,,,,,,0,20,,,,,,,,,,,,,,,,,,,,,,,,,,,,,,,,
9/1/2026,2025,20260693,47682,40768,"KINETIK HOLDINGS, LP",Natural Gas,INTRASTATE,NEW MEXICO,0,0,0,0,0,0,0,0,0,0,0,0,0,0,0,0,0,0,0,0,0,0,0,0,0,0,0,0,0,0,0,0,0,0,0,0,0,0,0,0,0,0,0,0,0,0,0,0,0,0,0,0,0,0,0,0,0,0,0,0,0,0,0,0,0,0,0,0,0,0,0,0,0,0,0,0,0,0,0,0,0,0,0,0,0,0,0,0,0,0,0,0,0,0,0,0,0,0,0,0,0,0,0,0,0,0,0,0,0,0,0,0,0,0,0,0,0,0,0,0,0,0,0,0,0,0,0,0,0,0,0,0,0,0,0,0,0,0,0,0,0,0,0,0,0,0,0,0,0,0,0,0,0,0,,0,0,0,0,0,0,0,0,0,0,,,,,,,,,,,,,,,,,,,,,,,,,,,,,,,0,,,,,,,,,,,,,,,,,,,,,,,,,,,,,,,,0,157
9/1/2026,2025,20260693,47682,40768,"KINETIK HOLDINGS, LP",Natural Gas,INTRASTATE,TEXAS,0,0,0,0,0,0,0,0,0,0,0,0,0,0,0,0,0,0,0,0,0,0,0,0,0,0,0,0,0,0,0,0,0,0,0,0,0,0,0,0,0,0,0,0,0,0,0,0,0,0,0,0,0,0,0,0,0,0,0,0,0,0,0,0,0,0,0,0,0,0,0,0,0,0,0,0,0,0,0,0,0,0,0,0,0,0,0,0,0,0,0,0,0,0,0,0,0,0,0,0,0,0,0,0,0,0,0,0,0,0,0,0,0,0,0,0,0,0,0,0,0,0,0,0,0,0,0,0,0,0,0,0,0,0,0,0,0,0,0,0,0,0,0,0,0,0,0,0,0,0,0,0,0,0,0,0,0,0,0,0,0,0,0,0,0,,,,,,,,,,,,,,,,,,,,,,,,,,,,,,,0,460,,,,,,,,,,,,,,,,,,,,,,,,,,,,,,,0,8728
9/1/2026,2025,20261374,48388,40770,"ROSS EXPLORATIONS, INC.",Natural Gas,INTRASTATE,ARKANSAS,,0,,,,,,0,0,0,,,0,,,,,,0,0,0,,,0,,,,,,0,0,0,,,0,,,,,,0,0,0,,,0,,,,,,0,0,0,,,0,,,,,,0,0,0,,,0,,,,,,0,0,0,,,0,,,,,,0,0,0,,,0,,,,,,0,0,0,,,0,,,,,,0,0,0,,,0,,,,,,0,0,0,,,0,,,,,,0,0,0,,,0,,,,,,0,0,0,,,0,,,,,,0,0,0,,,0,,,0,0,0,,,0,0,,,,,,,,,,,,,,,,,,,,,,,,,,,,,,,,,,,,,,,,,,,,,,,,,,,,,,,,,,,,,,,0,36
9/1/2026,2025,20260741,47728,40772,"ROADRUNNER ONE, LLC",Natural Gas,INTRASTATE,TEXAS,,,,,,,,,,,,,,,,,,,,,,,,,,,,,,,,,,,,,,,,,,,,,,,,,,,,,,,,,,,,,,,,,,,,,,,,,,,,,,,,,,,,,,,,,,,,,,,,,,,,,,,,,,,,,,,,,,,,,,,,,,,,,,,,,,,,,,,,,,,,,,,,,,,,,,,,,,,,,,,,,,,,,,0,0,0,0,0,0,0,0,0,0,0,0,0,0,0,0,0,0,0,0,0,0,0,0,0,0,0,0,0,0,0,87,,,,,,,,,,,,,,,,,,,,,,,,,,,,,,,0,
9/1/2026,2025,20260624,47609,40774,HARDY STORAGE,Natural Gas,INTERSTATE,WEST VIRGINIA,0,0,0,0,,,0,,,,,0,0,0,0,,,0,,,,,0,0,0,0,,,0,,,,,0,0,0,0,,,0,,,,,0,0,0,0,,,0,,,,,0,0,0,0,,,0,,,,,0,0,0,0,,,0,,,,,0,0,0,0,,,0,,,,,0,0,0,0,,,0,,,,,0,0,0,0,,,0,,,,,0,0,0,0,,,0,0,0,0,0,0,0,0,0,,,0,0,0,0,0,0,0,0,0,,,0,0,0,0,0,0,0,0,0,,0,,0,0,0,0,0,,0,,,,,,0,,0,,,,,,,,,,,,,,,,,,,,,,,,,,,,,,,0,147,,,,,,,,,,,,,,,,,,,,,,,,,,,,,,,,
9/1/2026,2025,20260234,47192,40778,HEXP OPERATING LLC,Natural Gas,INTRASTATE,TEXAS,,0,,,,,,0,0,0,,,0,,,,,,0,0,0,,,0,,,,,,0,0,0,,,0,,,,,,0,0,0,,,0,,,,,,0,0,0,,,0,,,,,,0,0,0,,,0,,,,,,0,0,0,,,0,,,,,,0,0,0,,,0,,,,,,0,0,0,,,0,,,,,,0,0,0,,,0,,,,,,0,0,0,,,0,,,,,,0,0,0,,,0,,,,,,0,0,0,,,0,,,,,,0,0,0,,,0,,,0,0,0,,,0,0,,,,,,,,,,,,,,,,,,,,,,,,,,,,,,,,,0,0,0,0,0,0,0,0,0,0,0,0,0,0,0,0,0,0,0,0,0,0,0,0,0,0,0,0,0,0,0,0
9/1/2026,2025,20260389,47354,40779,QUATTRO OPERATING INC.,Natural Gas,INTRASTATE,TEXAS,0,0,0,0,0,0,0,0,0,0,0,0,0,0,0,0,0,0,0,0,0,0,0,0,0,0,0,0,0,0,0,0,0,0,0,0,0,0,0,0,0,0,0,0,0,0,0,0,0,0,0,0,0,0,0,0,0,0,0,0,0,0,0,0,0,0,0,0,0,0,0,0,0,0,0,0,0,0,0,0,0,0,0,0,0,0,0,0,0,0,0,0,0,0,0,0,0,0,0,0,0,0,0,0,0,0,0,0,0,0,0,0,0,0,0,0,0,0,0,0,0,0,0,0,0,0,0,0,0,0,0,0,0,0,0,0,0,0,0,0,0,0,0,0,0,0,0,0,0,0,0,0,0,0,0,0,0,0,0,0,0,0,0,0,0,,,,,,,,,,,,,,,,,,,,,,,,,,,,,,,0,51,,,,,,,,,,,,,,,,,,,,,,,,,,,,,,,0,
9/1/2026,2025,20261389,48405,40783,MOUNTAIN VALLEY PIPELINE LLC,Natural Gas,INTERSTATE,VIRGINIA,0,0,0,0,,,0,,,,,0,0,0,0,,,0,,,,,0,0,0,0,,,0,,,,,0,0,0,0,,,0,,,,,0,0,0,0,,,0,,,,,0,0,0,0,,,0,,,,,0,0,0,0,,,0,,,,,0,0,0,0,,,0,,,,,0,0,0,0,,,0,,,,,0,0,0,0,,,0,,,,,0,0,0,0,,,0,,,,,0,0,0,0,,,0,,,,,0,0,0,0,,,0,,,,,0,0,0,0,,0,,,,,,0,,0,,,,,,0,,0,0,0,0,0,0,0,0,0,0,0,0,0,0,0,0,0,0,0,0,0,0,0,0,0,0,0,0,0,0,0,0,21,,,,,,,,,,,,,,,,,,,,,,,,,,,,,,,0,
9/1/2026,2025,20261389,48405,40783,MOUNTAIN VALLEY PIPELINE LLC,Natural Gas,INTERSTATE,WEST VIRGINIA,,0,0,0,,,,,,,,,0,0,0,,,,,,,,,0,0,0,,,,,,,,,0,0,0,,,,,,,,,0,0,0,,,,,,,,,0,0,0,,,,,,,,,0,0,0,,,,,,,,,0,0,0,,,,,,,,,0,0,0,,,,,,,,,0,0,0,,,,,,,,,0,0,0,,,,0,0,0,0,,0,0,0,,,,0,0,0,0,,0,0,0,,,,0,0,0,0,,0,0,0,,,,0,0,0,0,0,,0,,,,,,0,,0,,,,,,,,,,,,,,,,,,,,,,,,,,,,,,,0,1738,,,,,,,,,,,,,,,,,,,,,,,,,,,,,,,,
9/1/2026,2025,20260925,47922,40784,GILLIS HUB PIPELINE LLC,Natural Gas,INTERSTATE,LOUISIANA,0,0,0,0,0,0,0,0,0,0,0,0,0,0,0,0,0,0,0,0,0,0,0,0,0,0,0,0,0,0,0,0,0,0,0,0,0,0,0,0,0,0,0,0,0,0,0,0,0,0,0,0,0,0,0,0,0,0,0,0,0,0,0,0,0,0,0,0,0,0,0,0,0,0,0,0,0,0,0,0,0,0,0,0,0,0,0,0,0,0,0,0,0,0,0,0,0,0,0,0,0,0,0,0,0,0,0,0,0,0,0,0,0,0,0,0,0,0,0,0,0,0,0,0,0,0,0,0,0,0,0,0,0,0,0,0,0,0,0,0,0,0,0,0,0,0,0,0,0,0,0,0,0,0,0,,0,0,0,0,0,0,0,0,0,0,0,0,0,0,0,0,0,0,0,0,0,0,0,0,0,0,0,0,0,0,0,0,0,0,0,0,,0,0,0,1108,,,,,,,,,,,,,,,,,,,,,,,,,,,,,,,0,
9/1/2026,2025,20261011,48133,40785,CRATON ETX GATHERING UTILITY LLC,Natural Gas,INTRASTATE,TEXAS,0,0,0,0,0,0,0,0,0,0,0,0,0,0,0,0,0,0,0,0,0,0,0,0,0,0,0,0,0,0,0,0,0,0,0,0,0,0,0,0,0,0,0,0,0,0,0,0,0,0,0,0,0,0,0,0,0,0,0,0,0,0,0,0,0,0,0,0,0,0,0,0,0,0,0,0,0,0,0,0,0,0,0,0,0,0,0,0,0,0,0,0,0,0,0,0,0,0,0,0,0,0,0,0,0,0,0,0,0,0,0,0,0,0,0,0,0,0,0,0,0,0,0,0,0,0,0,0,0,0,0,0,0,0,0,0,0,0,0,0,0,0,0,0,0,0,0,0,0,0,0,0,0,0,,0,0,0,0,0,0,0,0,0,0,,,,,,,,,,,,,,,,,,,,,,,,,,,,,,,0,,,,,,,,,,,,,,,,,,,,,,,,,,,,,,,,0,35
9/1/2026,2025,20261037,48132,40792,"CRATON OPERATING, LLC",Natural Gas,INTRASTATE,TEXAS,0,0,0,0,0,0,0,0,0,0,0,0,0,0,0,0,0,0,0,0,0,0,0,0,0,0,0,0,0,0,0,0,0,0,0,0,0,0,0,0,0,0,0,0,0,0,0,0,0,0,0,0,0,0,0,0,0,0,0,0,0,0,0,0,0,0,0,0,0,0,0,0,0,0,0,0,0,0,0,0,0,0,0,0,0,0,0,0,0,0,0,0,0,0,0,0,0,0,0,0,0,0,0,0,0,0,0,0,0,0,0,0,0,0,0,0,0,0,0,0,0,0,0,0,0,0,0,0,0,0,0,0,0,0,0,0,0,0,0,0,0,0,0,0,0,0,0,0,0,0,0,0,0,0,,0,0,0,0,0,0,0,0,0,0,,,,,,,,,,,,,,,,,,,,,,,,,,,,,,,0,,,,,,,,,,,,,,,,,,,,,,,,,,,,,,,,0,718
9/1/2026,2025,20261074,48469,40795,STEPPE EVD DAIRY LLC,Natural Gas,INTRASTATE,IDAHO,0,0,0,0,,,0,,,,,0,0,0,0,,,0,,,,,0,0,0,0,,,0,,,,,0,0,0,0,,,0,,,,,0,0,0,0,,,0,,,,,0,0,0,0,,,0,,,,,0,0,0,0,,,0,,,,,0,0,0,0,,,0,,,,,0,0,0,0,,,0,,,,,0,0,0,0,,,0,,,,,0,0,0,0,,,0,0,0,0,0,0,0,0,0,,,0,0,0,0,0,0,0,0,0,,,0,0,0,0,0,0,0,0,0,,0,,0,0,0,0,0,,0,,,,,,0,,0,,,,,,,,,,,,,,,,,,,,,,,,,,,,,,,0,0,,,,,,,,,,,,,,,,,,,,,,,,,,,,,,,,
9/1/2026,2025,20261068,48074,40798,ANTRIM PIPELINE LLC,Natural Gas,INTRASTATE,MICHIGAN,0,0,0,0,0,0,0,0,0,0,0,0,0,0,0,0,0,0,0,0,0,0,0,0,0,0,0,0,0,0,0,0,0,0,0,0,0,0,0,0,0,0,0,0,0,0,0,0,0,0,0,0,0,0,0,0,0,0,0,0,0,0,0,0,0,0,0,0,0,0,0,0,0,0,0,0,0,0,0,0,0,0,0,0,0,0,0,0,0,0,0,0,0,0,0,0,0,0,0,0,0,0,0,0,0,0,0,0,0,0,0,0,0,0,0,0,0,0,0,0,0,0,0,0,0,0,0,0,0,0,0,0,0,0,0,0,0,0,0,0,0,0,0,0,0,0,0,0,0,0,0,0,0,0,,0,0,0,0,0,0,0,0,0,0,,,,,,,,,,,,,,,,,,,,,,,,,,,,,,,0,,,,,,,,,,,,,,,,,,,,,,,,,,,,,,,,0,6
9/1/2026,2025,20260274,48510,40799,STEPPE CANTON LANDFILL LLC,Natural Gas,INTRASTATE,MICHIGAN,,,,,,,,,,,,,,,,,,,,,,,,,,,,,,,,,,,,,,,,,,,,,,,,,,,,,,,,,,,,,,,,,,,,,,,,,,,,,,,,,,,,,,,,,,,,,,,,,,,,,,,,,,,,,,,,,,,,,,,,,,,,,,,,,,,,,,,,,,,,,,,,,,,,,,,,,,,,,,,,,,,,,,,,,,,,,,,,,,,,,,,,,,,,,,,,,,,,,,,,,,,,,,,,,,,,,,,,,,,,,,,,,,,,0,69
9/1/2026,2025,20260850,47846,40801,"BOARDWALK PURITY PIPELINES COMPANY, LLC",Natural Gas,INTRASTATE,TEXAS,0,0,0,0,0,0,0,0,0,0,0,1,0,0,0,0,0,0,0,0,0,0,0,0,0,0,0,0,0,0,0,0,0,0,0,0,0,0,0,0,0,0,0,0,0,0,0,0,0,0,0,0,0,0,0,1,0,0,0,0,0,0,0,0,0,0,0,0,0,0,0,0,0,0,0,0,0,0,0,0,0,0,0,0,0,0,0,0,0,0,0,0,0,0,0,0,0,0,0,0,0,0,0,0,0,0,0,0,0,0,0,0,0,0,0,0,0,0,0,0,0,0,0,0,0,0,0,0,0,0,0,0,0,0,0,0,0,0,0,0,0,0,0,2,0,0,0,0,0,0,0,0,0,0,,,,,,,,,,,,,,,,,,,,,,,,,,,,,,,,,,,,,,,,,,0,360,,,,,,,,,,,,,,,,,,,,,,,,,,,,,,,,
9/1/2026,2025,20260113,47067,40802,P H MASTERLINE MIDSTREAM LLC,Natural Gas,INTRASTATE,PENNSYLVANIA,0,0,0,0,0,0,0,0,0,0,0,0,0,0,0,0,0,0,0,0,0,0,0,0,0,0,0,0,0,0,0,0,0,0,0,0,0,0,0,0,0,0,0,0,0,0,0,0,0,0,0,0,0,0,0,0,0,0,0,0,0,0,0,0,0,0,0,0,0,0,0,0,0,0,0,0,0,0,0,0,0,0,0,0,0,0,0,0,0,0,0,0,0,0,0,0,0,0,0,0,0,0,0,0,0,0,0,0,0,0,0,0,0,0,0,0,0,0,0,0,0,0,0,0,0,0,0,0,0,0,0,0,0,0,0,0,0,0,0,0,0,0,0,0,0,0,0,0,0,0,0,0,0,0,0,,0,0,0,0,0,0,0,0,0,,,,,,,,,,,,,,,,,,,,,,,,,,,,,,,0,12,,,,,,,,,,,,,,,,,,,,,,,,,,,,,,,0,
9/1/2026,2025,20260206,47164,40803,VESS OIL CORPORATION,Natural Gas,INTRASTATE,TEXAS,,0,,,,,,0,0,0,,,0,,,,,,0,0,0,,,0,,,,,,0,0,0,,,0,,,,,,0,0,0,,,0,,,,,,0,0,0,,,0,,,,,,0,0,0,,,0,,,,,,0,0,0,,,0,,,,,,0,0,0,,,0,,,,,,0,0,0,,,0,,,,,,0,0,0,,,0,,,,,,0,0,0,,,0,,,,,,0,0,0,,,0,,,,,,0,0,0,,,0,,,,,,0,0,0,,,0,,,0,0,0,,,0,0,,,,,,,,,,,,,,,,,,,,,,,,,,,,,,,0,,0,0,0,0,0,0,0,0,0,0,0,0,0,0,0,0,0,0,0,0,0,0,0,0,0,0,0,0,0,0,0,0
9/1/2026,2025,20260360,47325,40805,MID SOUTH KENTUCKY LLC,Natural Gas,INTRASTATE,KENTUCKY,0,0,0,0,0,0,0,0,0,0,0,0,0,0,0,0,0,0,0,0,0,0,0,0,0,0,0,0,0,0,0,0,0,0,0,0,0,0,0,0,0,0,0,0,0,0,0,0,0,0,0,0,0,0,0,0,0,0,0,0,0,0,0,0,0,0,0,0,0,0,0,0,0,0,0,0,0,0,0,0,0,0,0,0,0,0,0,0,0,0,0,0,0,0,0,0,0,0,0,0,0,0,0,0,0,0,0,0,0,0,0,0,0,0,0,0,0,0,0,0,0,0,0,0,0,0,0,0,0,0,0,0,0,0,0,0,0,0,0,0,0,0,0,0,0,0,0,0,0,0,0,0,0,0,0,,0,0,0,0,0,0,0,0,0,0,0,0,0,0,0,0,0,0,0,0,0,0,0,0,0,0,0,0,0,0,0,0,0,0,0,0,0,0,0,0,8,,,,,,,,,,,,,,,,,,,,,,,,,,,,,,,0,
9/1/2026,2025,20260205,47163,40806,ALCHEMIST ENERGY MIDSTREAM LLC,Natural Gas,INTRASTATE,TEXAS,0,0,0,0,0,0,0,0,0,0,0,0,0,0,0,0,0,0,0,0,0,0,0,0,0,0,0,0,0,0,0,0,0,0,0,0,0,0,0,0,0,0,0,0,0,0,0,0,0,0,0,0,0,0,0,0,0,0,0,0,0,0,0,0,0,0,0,0,0,0,0,0,0,0,0,0,0,0,0,0,0,0,0,0,0,0,0,0,0,0,0,0,0,0,0,0,0,0,0,0,0,0,0,0,0,0,0,0,0,0,0,0,0,0,0,0,0,0,0,0,0,0,0,0,0,0,0,0,0,0,0,0,0,0,0,0,0,0,0,0,0,0,0,0,0,0,0,0,0,0,0,0,0,0,,0,0,0,0,0,0,0,0,0,0,,,,,,,,,,,,,,,,,,,,,,,,,,,,,,,0,,0,0,0,0,0,0,0,0,0,0,0,0,0,0,0,0,0,0,0,0,0,0,0,0,0,0,0,0,0,0,0,0
9/1/2026,2025,20260625,47610,40809,MILLENIUM PIPELINE COMPANY LLC,Natural Gas,INTERSTATE,NEW YORK,0,0,0,0,,,0,,,,,0,0,0,0,,,0,,,,,0,0,0,0,,,0,,,,,0,0,0,0,,,0,,,,,0,0,0,0,,,0,,,,,0,0,0,0,,,0,,,,,0,0,0,0,,,0,,,,,0,0,0,0,,,0,,,,,0,0,0,0,,,0,,,,,0,0,0,0,,,0,,,,,0,0,0,0,,,0,0,0,0,0,0,0,0,0,,,0,0,0,0,0,0,0,0,0,,,0,0,0,0,0,0,0,0,0,,0,,0,0,0,0,0,,0,,,,,,0,,0,,,,,,,,,,,,,,,,,,,,,,,,,,,,,,,0,1516,,,,,,,,,,,,,,,,,,,,,,,,,,,,,,,,
9/1/2026,2025,20261130,48143,40811,BRAZOS MIDSTREAM OPRTNG III LLC,Natural Gas,INTRASTATE,TEXAS,,0,,,,,,0,0,0,,,0,,,,,,0,0,0,,,0,,,,,,0,0,0,,,0,,,,,,0,0,0,,,0,,,,,,0,0,0,,,0,,,,,,0,0,0,,,0,,,,,,0,0,0,,,0,,,,,,0,0,0,,,0,,,,,,0,0,0,,,0,,,,,,0,0,0,,,0,,,,,,0,0,0,,,0,,,,,,0,0,0,,,0,,,,,,0,0,0,,,0,,,,,,0,0,0,,,0,,,0,0,0,,,0,0,,,,,,,,,,,,,,,,,,,,,,,,,,,,,,,,,,,,,,,,,,,,,,,,,,,,,,,,,,,,,,,0,2773
9/1/2026,2025,20260117,47071,40817,MOUNTAIN V OIL GAS INC,Natural Gas,INTRASTATE,KENTUCKY,,,,,,,,,,,,,,,,,,,,,,,,,,,,,,,,,,,,,,,,,,,,,,,,,,,,,,,,,,,,,,,,,,,,,,,,,,,,,,,,,,,,,,,,,,,,,,,,,,,,,,,,,,,,,,,,,,,,,,,,,,,,,,,,,,,,,,,,,,,,,,,,,,,,,,,,,,,,,,,,,,,,,,0,0,0,0,0,0,0,0,0,0,0,0,0,0,0,0,0,0,0,0,0,0,0,0,0,0,0,0,0,0,0,75,,,,,,,,,,,,,,,,,,,,,,,,,,,,,,,0,
9/1/2026,2025,20260117,47071,40817,MOUNTAIN V OIL GAS INC,Natural Gas,INTRASTATE,WEST VIRGINIA,,,,,,,,,,,,,,,,,,,,,,,,,,,,,,,,,,,,,,,,,,,,,,,,,,,,,,,,,,,,,,,,,,,,,,,,,,,,,,,,,,,,,,,,,,,,,,,,,,,,,,,,,,,,,,,,,,,,,,,,,,,,,,,,,,,,,,,,,,,,,,,,,,,,,,,,,,,,,,,,,,,,,,,,,,,,,,,,,,,,,,,,,,,,,,,,,,,,0,,0,0,0,0,0,0,0,0,0,0,0,0,0,0,0,0,0,0,0,0,0,0,0,0,0,0,0,0,0,0,0,500
9/1/2026,2025,20261155,48168,40818,DELTA HELIX ENERGY LLC,Natural Gas,INTRASTATE,WEST VIRGINIA,0,0,0,0,,,0,0,0,0,,0,0,0,0,,,0,0,0,0,,0,0,0,0,,,0,0,0,0,,0,0,0,0,,,0,0,0,0,,0,0,0,0,,,0,0,0,0,,0,0,0,0,,,0,0,0,0,,0,0,0,0,,,0,0,0,0,,0,0,0,0,,,0,0,0,0,,0,0,0,0,,,0,0,0,0,,0,0,0,0,,,0,0,0,0,,0,0,0,0,,,0,0,0,0,,0,0,0,0,,,0,0,0,0,,0,0,0,0,,,0,0,0,0,,0,0,0,0,,0,,0,0,0,,0,0,0,,,0,,,0,0,0,,,,,,,,,,,,,,,,,,,,,,,,,,,,,,,0,58,,,,,,,,,,,,,,,,,,,,,,,,,,,,,,,0,292
9/1/2026,2025,20260953,47952,40819,CERTARUS USA LTD,Natural Gas,INTRASTATE,SOUTH DAKOTA,0,0,0,0,,,0,,,,,0,0,0,0,,,0,,,,,0,0,0,0,,,0,,,,,0,0,0,0,,,0,,,,,0,0,0,0,,,0,,,,,0,0,0,0,,,0,,,,,0,0,0,0,,,0,,,,,0,0,0,0,,,0,,,,,0,0,0,0,,,0,,,,,0,0,0,0,,,0,,,,,0,0,0,0,,,0,0,0,0,0,0,0,0,0,,,0,0,0,0,0,0,0,0,0,,,0,0,0,0,0,0,0,0,0,,0,,0,0,0,0,0,,0,,,,,,0,,0,,,,,,,,,,,,,,,,,,,,,,,,,,,,,,,0,0,,,,,,,,,,,,,,,,,,,,,,,,,,,,,,,0,
9/1/2026,2025,20260435,47401,40822,SAN JACINTO PIPELINE LLC,Natural Gas,INTRASTATE,TEXAS,0,0,0,0,0,0,0,0,0,0,0,0,0,0,0,0,0,0,0,0,0,0,0,0,0,0,0,0,0,0,0,0,0,0,0,0,0,0,0,0,0,0,0,0,0,0,0,0,0,0,0,0,0,0,0,0,0,0,0,0,0,0,0,0,0,0,0,0,0,0,0,0,0,0,0,0,0,0,0,0,0,0,0,0,0,0,0,0,0,0,0,0,0,0,0,0,0,0,0,0,0,0,0,0,0,0,0,0,0,0,0,0,0,0,0,0,0,0,0,0,0,0,0,0,0,0,0,0,0,0,0,0,0,0,0,0,0,0,0,0,0,0,0,0,0,0,0,0,0,0,0,0,0,0,,0,0,0,0,0,0,0,0,0,0,,,,,,,,,,,,,,,,,,,,,,,,,,,,,,,0,,0,0,0,0,0,0,0,0,0,0,0,0,0,0,0,0,0,0,0,0,0,0,0,0,0,0,0,0,0,0,0,2685
9/1/2026,2025,20260490,47457,40827,KETJEN LLC,Other Gas-Anhydrous HCL,INTRASTATE,TEXAS,0,0,0,0,,,0,,,,,0,0,0,0,,,0,,,,,0,0,0,0,,,0,,,,,0,0,0,0,,,0,,,,,0,0,0,0,,,0,,,,,0,0,0,0,,,0,,,,,0,0,0,0,,,0,,,,,0,0,0,0,,,0,,,,,0,0,0,0,,,0,,,,,0,0,0,0,,,0,,,,,0,0,0,0,,,0,,,,,0,0,0,0,,,0,,,,,0,0,0,0,,,0,,,,,0,0,0,0,,0,,,,,,0,,0,,,,,,0,,0,,,,,,,,,,,,,,,,,,,,,,,,,,,,,,,0,336,,,,,,,,,,,,,,,,,,,,,,,,,,,,,,,,
9/1/2026,2025,20260899,47896,40828,DTM UTICA LLC,Natural Gas,INTRASTATE,OHIO,0,0,0,0,0,0,0,0,0,0,0,0,0,0,0,0,0,0,0,0,0,0,0,0,0,0,0,0,0,0,0,0,0,0,0,0,0,0,0,0,0,0,0,0,0,0,0,0,0,0,0,0,0,0,0,0,0,0,0,0,0,0,0,0,0,0,0,0,0,0,0,0,0,0,0,0,0,0,0,0,0,0,0,0,0,0,0,0,0,0,0,0,0,0,0,0,0,0,0,0,0,0,0,0,0,0,0,0,0,0,0,0,0,0,0,0,0,0,0,0,0,0,0,0,0,0,0,0,0,0,0,0,0,0,0,0,0,0,0,0,0,0,0,0,0,0,0,0,0,0,0,0,0,0,,0,0,0,0,0,0,0,0,0,0,,,,,,,,,,,,,,,,,,,,,,,,,,,,,,,0,,,,,,,,,,,,,,,,,,,,,,,,,,,,,,,,0,100
9/1/2026,2025,20260661,47646,40829,BLUE DOME OPERATING LLC,Natural Gas,INTRASTATE,LOUISIANA,0,0,0,0,0,0,0,0,0,0,0,0,0,0,0,0,0,0,0,0,0,0,0,0,0,0,0,0,0,0,0,0,0,0,0,0,0,0,0,0,0,0,0,0,0,0,0,0,0,0,0,0,0,0,0,0,0,0,0,0,0,0,0,0,0,0,0,0,0,0,0,0,0,0,0,0,0,0,0,0,0,0,0,0,0,0,0,0,0,0,0,0,0,0,0,0,0,0,0,0,0,0,0,0,0,0,0,0,0,0,0,0,0,0,0,0,0,0,0,0,0,0,0,0,0,0,0,0,0,0,0,0,0,0,0,0,0,0,0,0,0,0,0,0,0,0,0,0,0,0,0,0,0,0,,0,,,0,0,0,,,0,0,,,,,,,,,,,,,,,,,,,,,,,,,,,,,,,0,,,,,,,,,,,,,,,,,,,,,,,,,,,,,,,,0,2
9/1/2026,2025,20260564,47546,40839,OKAPI MIDSTREAM LLC,Natural Gas,INTRASTATE,TEXAS,0,0,0,0,0,0,0,0,0,0,0,0,0,0,0,0,0,0,0,0,0,0,0,0,0,0,0,0,0,0,0,0,0,0,0,0,0,0,0,0,0,0,0,0,0,0,0,0,0,0,0,0,0,0,0,0,0,0,0,0,0,0,0,0,0,0,0,0,0,0,0,0,0,0,0,0,0,0,0,0,0,0,0,0,0,0,0,0,0,0,0,0,0,0,0,0,0,0,0,0,0,0,0,0,0,0,0,0,0,0,0,0,0,0,0,0,0,0,0,0,0,0,0,0,0,0,0,0,0,0,0,0,0,0,0,0,0,0,0,0,0,0,0,0,0,0,0,0,0,0,0,0,0,0,,0,0,0,0,0,0,0,0,0,0,,,,,,,,,,,,,,,,,,,,,,,,,,,,,,,0,,,,,,,,,,,,,,,,,,,,,,,,,,,,,,,,0,1680
9/1/2026,2025,20261158,48171,40840,RIO TINTO BORATES,Natural Gas,INTRASTATE,CALIFORNIA,0,0,0,0,0,0,0,0,0,0,0,0,0,0,0,0,0,0,0,0,0,0,0,0,0,0,0,0,0,0,0,0,0,0,0,0,0,0,0,0,0,0,0,0,0,0,0,0,0,0,0,0,0,0,0,0,0,0,0,0,0,0,0,0,0,0,0,0,0,0,0,0,0,0,0,0,0,0,0,0,0,0,0,0,0,0,0,0,0,0,0,0,0,0,0,0,0,0,0,0,0,0,0,0,0,0,0,0,0,0,0,0,0,0,0,0,0,0,0,0,0,0,0,0,0,0,0,0,0,0,0,0,0,0,0,0,0,0,0,0,0,0,0,0,0,0,0,0,0,0,0,0,0,0,0,,0,0,0,0,0,0,0,0,0,0,0,0,0,0,0,0,0,0,0,0,0,0,0,0,0,0,0,0,0,0,0,0,0,0,0,0,0,0,0,0,52,,,,,,,,,,,,,,,,,,,,,,,,,,,,,,,0,
9/1/2026,2025,20260923,47920,40844,"KODA UINTA, LLC",Natural Gas,INTRASTATE,UTAH,,0,,,,,,,,0,,,0,,,,,,,,0,,,0,,,,,,,,0,,,0,,,,,,,,0,,,0,,,,,,,,0,,,0,,,,,,,,0,,,0,,,,,,,,0,,,0,,,,,,,,0,,,0,,,,,,,,0,,,0,,,,,,,,0,,,0,,,,,,,,0,,,0,,,,,,,,0,,,0,,,,,,,,0,,,0,,,,,,,,0,,,0,,,,,0,,,0,0,,,,,,,,,,,,,,,,,,,,,,,,,,,,,,,,,0,0,0,0,0,0,0,0,0,0,0,0,0,0,0,0,0,0,0,0,0,0,0,0,0,0,0,0,0,0,0,0
9/1/2026,2025,20260203,47161,40846,PDX PIPELINE CO,Natural Gas,INTRASTATE,KANSAS,0,0,0,0,0,0,0,0,0,0,0,0,0,0,0,0,0,0,0,0,0,0,0,0,0,0,0,0,0,0,0,0,0,0,0,0,0,0,0,0,0,0,0,0,0,0,0,0,0,0,0,0,0,0,0,0,0,0,0,0,0,0,0,0,0,0,0,0,0,0,0,0,0,0,0,0,0,0,0,0,0,0,0,0,0,0,0,0,0,0,0,0,0,0,0,0,0,0,0,0,0,0,0,0,0,0,0,0,0,0,0,0,0,0,0,0,0,0,0,0,0,0,0,0,0,0,0,0,0,0,0,0,0,0,0,0,0,0,0,0,0,0,0,0,0,0,0,0,0,0,0,0,0,0,0,,0,0,0,0,0,0,0,0,0,0,0,0,0,0,0,0,0,0,0,0,0,0,0,0,0,0,0,0,0,0,0,0,0,0,0,0,0,0,0,0,14,,,,,,,,,,,,,,,,,,,,,,,,,,,,,,,0,
9/1/2026,2025,20260487,47454,40851,SABLE OFFSHORE CORP,Natural Gas,INTRASTATE,CALIFORNIA,0,0,0,0,0,0,0,0,0,0,0,0,0,0,0,0,0,0,0,0,0,0,0,0,0,0,0,0,0,0,0,0,0,0,0,0,0,0,0,0,0,0,0,0,0,0,0,0,0,0,0,0,0,0,0,0,0,0,0,0,0,0,0,0,0,0,0,0,0,0,0,0,0,0,0,0,0,0,0,0,0,0,0,0,0,0,0,0,0,0,0,0,0,0,0,0,0,0,0,0,0,0,0,0,0,0,0,0,0,0,0,0,0,0,0,0,0,0,0,0,0,0,0,0,0,0,0,0,0,0,0,0,0,0,0,0,0,0,0,0,0,0,0,0,0,0,0,0,0,0,0,0,0,0,,0,0,0,0,0,0,0,0,0,0,,,,,,,,,,,,,,,,,,,,,,,,,,,,,,,0,,,,,,,,,,,,,,,,,,,,,,,,,,,,,,,,0,21
9/1/2026,2025,20260487,47454,40851,SABLE OFFSHORE CORP,Natural Gas,INTRASTATE,OCS-Pacific,0,0,0,0,0,0,0,0,0,0,0,0,0,0,0,0,0,0,0,0,0,0,0,0,0,0,0,0,0,0,0,0,0,0,0,0,0,0,0,0,0,0,0,0,0,0,0,0,0,0,0,0,0,0,0,0,0,0,0,0,0,0,0,0,0,0,0,0,0,0,0,0,0,0,0,0,0,0,0,0,0,0,0,0,0,0,0,0,0,0,0,0,0,0,0,0,0,0,0,0,0,0,0,0,0,0,0,0,0,0,0,0,0,0,0,0,0,0,0,0,0,0,0,0,0,0,0,0,0,0,0,0,0,0,0,0,0,0,0,0,0,0,0,0,0,0,0,0,0,0,0,0,0,0,,0,0,0,0,0,0,0,0,0,0,,,,,,,,,,,,,,,,,,,,,,,,,,,,,,,0,,,,,,,,,,,,,,,,,,,,,,,,,,,,,,,,0,0
9/1/2026,2025,20260998,48001,40853,FW EAGLEFORD 1,Natural Gas,INTRASTATE,TEXAS,0,0,0,0,0,0,0,0,0,0,0,0,0,0,0,0,0,0,0,0,0,0,0,0,0,0,0,0,0,0,0,0,0,0,0,0,0,0,0,0,0,0,0,0,0,0,0,0,0,0,0,0,0,0,0,0,0,0,0,0,0,0,0,0,0,0,0,0,0,0,0,0,0,0,0,0,0,0,0,0,0,0,0,0,0,0,0,0,0,0,0,0,0,0,0,0,0,0,0,0,0,0,0,0,0,0,0,0,0,0,0,0,0,0,0,0,0,0,0,0,0,0,0,0,0,0,0,0,0,0,0,0,0,0,0,0,0,0,0,0,0,0,0,0,0,0,0,0,0,0,0,0,0,0,,0,0,0,0,0,0,0,0,0,0,,,,,,,,,,,,,,,,,,,,,,,,,,,,,,,0,,,,,,,,,,,,,,,,,,,,,,,,,,,,,,,,0,220
9/1/2026,2025,20261240,48253,40855,SPIRE MOGAS PIPELINE LLC,Natural Gas,INTERSTATE,ILLINOIS,0,0,0,0,,,0,,,,,0,0,0,0,,,0,,,,,0,0,0,0,,,0,,,,,0,0,0,0,,,0,,,,,0,0,0,0,,,0,,,,,0,0,0,0,,,0,,,,,0,0,0,0,,,0,,,,,0,0,0,0,,,0,,,,,0,0,0,0,,,0,,,,,0,0,0,0,,,0,,,,,0,0,0,0,,,0,0,0,0,0,0,0,0,0,,,0,0,0,0,0,0,0,0,0,,,0,0,0,0,0,0,0,0,0,,0,,0,0,0,0,0,,0,,,,,,0,,0,,,,,,,,,,,,,,,,,,,,,,,,,,,,,,,0,39,,,,,,,,,,,,,,,,,,,,,,,,,,,,,,,,
9/1/2026,2025,20261240,48253,40855,SPIRE MOGAS PIPELINE LLC,Natural Gas,INTERSTATE,MISSOURI,0,0,0,0,,,0,,,,,0,0,0,0,,,0,,,,,0,0,0,0,,,0,,,,,0,0,0,0,,,0,,,,,0,0,0,0,,,0,,,,,0,0,0,0,,,0,,,,,0,0,0,0,,,0,,,,,0,0,0,0,,,0,,,,,0,0,0,0,,,0,,,,,0,0,0,0,,,0,,,,,0,0,0,0,,,0,0,0,0,0,0,0,0,0,,,0,0,0,0,0,0,0,0,0,,,0,0,0,0,0,0,0,0,0,,0,,0,0,0,0,0,,0,,,,,,0,,0,,,,,,,,,,,,,,,,,,,,,,,,,,,,,,,0,806,,,,,,,,,,,,,,,,,,,,,,,,,,,,,,,,
9/1/2026,2025,20261081,48089,40858,CAPROCK MIDSTREAM SOUTH TEXAS LLC,Natural Gas,INTRASTATE,TEXAS,,0,,,,,,,,1,,,0,,,,,,,,0,,,0,,,,,,,,0,,,0,,,,,,,,0,,,0,,,,,,,,0,,,0,,,,,,,,0,,,0,,,,,,,,0,,,0,,,,,,,,0,,,0,,,,,,,,0,,,0,,,,,,,,0,,,0,,,,,,,,0,,,0,,,,,,,,0,,,0,,,,,,,,0,,,0,,,,,,,,1,,,0,,,,,0,,,0,0,,,,,,,,,,,,,,,,,,,,,,,,,,,,,,,,,,,,,,,,,,,,,,,,,,,,,,,,,,,,,,,0,145
9/1/2026,2025,20260841,47836,40859,AIR LIQUIDE ADVANCED TECHNOLOGIES US LLC W,Other Gas-processed landfill methane,INTRASTATE,ILLINOIS,0,0,0,0,,,0,,,,,0,0,0,0,,,0,,,,,0,0,0,0,,,0,,,,,0,0,0,0,,,0,,,,,0,0,0,0,,,0,,,,,0,0,0,0,,,0,,,,,0,0,0,0,,,0,,,,,0,0,0,0,,,0,,,,,0,0,0,0,,,0,,,,,0,0,0,0,,,0,,,,,0,0,0,0,,,0,,,,,0,0,0,0,,,0,,,,,0,0,0,0,,,0,,,,,0,0,0,0,,0,,,,,,0,,0,,,,,,0,,0,,,,,,,,,,,,,,,,,,,,,,,,,,,,,,,0,0,,,,,,,,,,,,,,,,,,,,,,,,,,,,,,,,
9/1/2026,2025,20260229,47187,40860,PETRO HUNT L.L.C.,Natural Gas,INTRASTATE,NORTH DAKOTA,0,0,0,0,0,0,0,0,0,0,0,0,0,0,0,0,0,0,0,0,0,0,0,0,0,0,0,0,0,0,0,0,0,0,0,0,0,0,0,0,0,0,0,0,0,0,0,0,0,0,0,0,0,0,0,0,0,0,0,0,0,0,0,0,0,0,0,0,0,0,0,0,0,0,0,0,0,0,0,0,0,0,0,0,0,0,0,0,0,0,0,0,0,0,0,0,0,0,0,0,0,0,0,0,0,0,0,0,0,0,0,0,0,0,0,0,0,0,0,0,0,0,0,0,0,0,0,0,0,0,0,0,0,0,0,0,0,0,0,0,0,0,0,0,0,0,0,0,0,0,0,0,0,0,,0,0,0,0,0,0,0,0,0,0,,,,,,,,,,,,,,,,,,,,,,,,,,,,,,,0,,,,,,,,,,,,,,,,,,,,,,,,,,,,,,,,0,1034
9/1/2026,2025,20260513,47492,40861,JAYBEE OIL GAS INC,Natural Gas,INTRASTATE,WEST VIRGINIA,,0,,,,,,0,0,0,,,0,,,,,,0,0,0,,,0,,,,,,0,0,0,,,0,,,,,,0,0,0,,,0,,,,,,0,0,0,,,0,,,,,,0,0,0,,,0,,,,,,0,0,0,,,0,,,,,,0,0,0,,,0,,,,,,0,0,0,,,0,,,,,,0,0,0,,,0,,,,,,0,0,0,,,0,,,,,,0,0,0,,,0,,,,,,0,0,0,,,0,,,,,,0,0,0,,,,,,,,,,,,,,,,,,,,,,,,,,,,,,,,,,,,,,,,,,,0,,,,,,,,,,,,,,,,,,,,,,,,,,,,,,,,0,315
9/1/2026,2025,20260066,47019,40868,GULFTEX ENERGY LLC,Natural Gas,INTRASTATE,TEXAS,,0,,,,,,0,0,0,,,0,,,,,,0,0,0,,,0,,,,,,0,0,0,,,0,,,,,,0,0,0,,,0,,,,,,0,0,0,,,0,,,,,,0,0,0,,,0,,,,,,0,0,0,,,0,,,,,,0,0,0,,,0,,,,,,0,0,0,,,0,,,,,,0,0,0,,,0,,,,,,0,0,0,,,0,,,,,,0,0,0,,,0,,,,,,0,0,0,,,0,,,,,,0,0,0,,,0,0,0,0,0,0,0,0,0,0,,,,,,,,,,,,,,,,,,,,,,,,,,,,,,,0,,0,0,0,0,0,0,0,0,0,0,0,0,0,0,0,0,0,0,0,0,0,0,0,0,0,0,0,0,0,0,0,7
9/1/2026,2025,20260514,47493,40869,BKV NORTH TEXAS LLC,Natural Gas,INTRASTATE,TEXAS,0,0,0,0,0,0,0,0,0,0,0,0,0,0,0,0,0,0,0,0,0,0,0,0,0,0,0,0,0,0,0,0,0,0,0,0,0,0,0,0,0,0,0,0,0,0,0,0,0,0,0,0,0,0,0,0,0,0,0,0,0,0,0,0,0,0,0,0,0,0,0,0,0,0,0,0,0,0,0,0,0,0,0,0,0,0,0,0,0,0,0,0,0,0,0,0,0,0,0,0,0,0,0,0,0,0,0,0,0,0,0,0,0,0,0,0,0,0,0,0,0,0,0,0,0,0,0,0,0,0,0,0,0,0,0,0,0,0,0,0,0,0,0,0,0,0,0,0,0,0,0,0,0,0,,0,0,0,0,0,0,0,0,0,0,,,,,,,,,,,,,,,,,,,,,,,,,,,,,,,0,,,,,,,,,,,,,,,,,,,,,,,,,,,,,,,,0,7588
9/1/2026,2025,20261084,48093,40871,VALENCE NB INTERCONNECT,Natural Gas,INTRASTATE,NORTH DAKOTA,0,0,0,0,0,0,0,0,0,0,0,0,0,0,0,0,0,0,0,0,0,0,0,0,0,0,0,0,0,0,0,0,0,0,0,0,0,0,0,0,0,0,0,0,0,0,0,0,0,0,0,0,0,0,0,0,0,0,0,0,0,0,0,0,0,0,0,0,0,0,0,0,0,0,0,0,0,0,0,0,0,0,0,0,0,0,0,0,0,0,0,0,0,0,0,0,0,0,0,0,0,0,0,0,0,0,0,0,0,0,0,0,0,0,0,0,0,0,0,0,0,0,0,0,0,0,0,0,0,0,0,0,0,0,0,0,0,0,0,0,0,0,0,0,0,0,0,0,0,0,0,0,0,0,,0,0,0,0,0,0,0,0,0,0,,,,,,,,,,,,,,,,,,,,,,,,,,,,,,,0,,0,0,0,0,0,0,0,0,0,0,0,0,0,0,0,0,0,0,0,0,0,0,0,0,0,0,0,0,0,0,0,190
9/1/2026,2025,20260495,47463,40879,VERDUN OIL & GAS LLC,Natural Gas,INTRASTATE,TEXAS,,,,,,,,,,,,,,,,,,,,,,,,,,,,,,,,,,,,,,,,,,,,,,,,,,,,,,,,,,,,,,,,,,,,,,,,,,,,,,,,,,,,,,,,,,,,,,,,,,,,,,,,,,,,,,,,,,,,,,,,,,,,,,,,,,,,,,,,,,,,,,,,,,,,,,,,,,,,,,,,,,,,,,,,,,,,,,,,,,,,,,,,,,,,,,,,,,,,0,,0,0,0,0,0,0,0,0,0,0,0,0,0,0,0,0,0,0,0,0,0,0,0,0,0,0,0,0,0,0,0,667
9/1/2026,2025,20261445,48493,40883,CABALLO LOCO MIDSTREAM INFRASTRUCTURE II LLC,Natural Gas,INTRASTATE,TEXAS,0,0,0,0,0,0,0,0,0,0,0,0,0,0,0,0,0,0,0,0,0,0,0,0,0,0,0,0,0,0,0,0,0,0,0,0,0,0,0,0,0,0,0,0,0,0,0,0,0,0,0,0,0,0,0,0,0,0,0,0,0,0,0,0,0,0,0,0,0,0,0,0,0,0,0,0,0,0,0,0,0,0,0,0,0,0,0,0,0,0,0,0,0,0,0,0,0,0,0,0,0,0,0,0,0,0,0,0,0,0,0,0,0,0,0,0,0,0,0,0,0,0,0,0,0,0,0,0,0,0,0,0,0,0,0,0,0,0,0,0,0,0,0,0,0,0,0,0,0,0,0,0,0,0,,0,0,0,0,0,0,0,0,0,0,,,,,,,,,,,,,,,,,,,,,,,,,,,,,,,0,,0,0,0,0,0,0,0,0,0,0,0,0,0,0,0,0,0,0,0,0,0,0,0,0,0,0,0,0,0,0,0,18
9/1/2026,2025,20260378,47343,40886,MID SOUTH ALABAMA LLC,Natural Gas,INTRASTATE,ALABAMA,0,0,0,0,0,0,0,0,0,0,0,0,0,0,0,0,0,0,0,0,0,0,0,0,0,0,0,0,0,0,0,0,0,0,0,0,0,0,0,0,0,0,0,0,0,0,0,0,0,0,0,0,0,0,0,0,0,0,0,0,0,0,0,0,0,0,0,0,0,0,0,0,0,0,0,0,0,0,0,0,0,0,0,0,0,0,0,0,0,0,0,0,0,0,0,0,0,0,0,0,0,0,0,0,0,0,0,0,0,0,0,0,0,0,0,0,0,0,0,0,0,0,0,0,0,0,0,0,0,0,0,0,0,0,0,0,0,0,0,0,0,0,0,0,0,0,0,0,0,0,0,0,0,0,0,,0,0,0,0,0,0,0,0,0,,,,,,,,,,,,,,,,,,,,,,,,,,,,,,,0,37,,,,,,,,,,,,,,,,,,,,,,,,,,,,,,,0,
9/1/2026,2025,20261085,48094,40893,CHEMARD MIDSTREAM LLC,Natural Gas,INTRASTATE,LOUISIANA,0,0,0,0,0,0,0,0,0,0,0,0,0,0,0,0,0,0,0,0,0,0,0,0,0,0,0,0,0,0,0,0,0,0,0,0,0,0,0,0,0,0,0,0,0,0,0,0,0,0,0,0,0,0,0,0,0,0,0,0,0,0,0,0,0,0,0,0,0,0,0,0,0,0,0,0,0,0,0,0,0,0,0,0,0,0,0,0,0,0,0,0,0,0,0,0,0,0,0,0,0,0,0,0,0,0,0,0,0,0,0,0,0,0,0,0,0,0,0,0,0,0,0,0,0,0,0,0,0,0,0,0,0,0,0,0,0,0,0,0,0,0,0,0,0,0,0,0,0,0,0,0,0,0,,0,0,0,0,0,0,0,0,0,0,,,,,,,,,,,,,,,,,,,,,,,,,,,,,,,0,,,,,,,,,,,,,,,,,,,,,,,,,,,,,,,,0,3665
9/1/2026,2025,20260091,47045,40901,RIO GRANDE EP II LLC,Natural Gas,INTRASTATE,TEXAS,0,0,0,0,0,0,0,0,0,0,0,0,0,0,0,0,0,0,0,0,0,0,0,0,0,0,0,0,0,0,0,0,0,0,0,0,0,0,0,0,0,0,0,0,0,0,0,0,0,0,0,0,0,0,0,0,0,0,0,0,0,0,0,0,0,0,0,0,0,0,0,0,0,0,0,0,0,0,0,0,0,0,0,0,0,0,0,0,0,0,0,0,0,0,0,0,0,0,0,0,0,0,0,0,0,0,0,0,0,0,0,0,0,0,0,0,0,0,0,0,0,0,0,0,0,0,0,0,0,0,0,0,0,0,0,0,0,0,0,0,0,0,0,0,0,0,0,0,0,0,0,0,0,0,,0,0,0,0,0,0,0,0,0,0,,,,,,,,,,,,,,,,,,,,,,,,,,,,,,,0,,0,0,0,0,0,0,0,0,0,0,0,0,0,0,0,0,0,0,0,0,0,0,0,0,0,0,0,0,0,0,0,0
9/1/2026,2025,20260474,47441,40902,PROXIMA PIPELINE LLC,Natural Gas,INTRASTATE,TEXAS,0,0,0,0,0,0,0,0,0,0,0,0,0,0,0,0,0,0,0,0,0,0,0,0,0,0,0,0,0,0,0,0,0,0,0,0,0,0,0,0,0,0,0,0,0,0,0,0,0,0,0,0,0,0,0,0,0,0,0,0,0,0,0,0,0,0,0,0,0,0,0,0,0,0,0,0,0,0,0,0,0,0,0,0,0,0,0,0,0,0,0,0,0,0,0,0,0,0,0,0,0,0,0,0,0,0,0,0,0,0,0,0,0,0,0,0,0,0,0,0,0,0,0,0,0,0,0,0,0,0,0,0,0,0,0,0,0,0,0,0,0,0,0,0,0,0,0,0,0,0,0,0,0,0,0,,0,0,0,0,0,0,0,0,0,,,,,,,,,,,,,,,,,,,,,,,,,,,,,,,0,274,,,,,,,,,,,,,,,,,,,,,,,,,,,,,,,0,
9/1/2026,2025,20260864,47860,40903,TRAILBLAZER CO2 PIPELINE LLC,Natural Gas,INTERSTATE,COLORADO,0,0,0,0,0,0,0,0,0,0,0,0,0,0,0,0,0,0,0,0,0,0,0,0,0,0,0,0,0,0,0,0,0,0,0,0,0,0,0,0,0,0,0,0,0,0,0,0,0,0,0,0,0,0,0,0,0,0,0,0,0,0,0,0,0,0,0,0,0,0,0,0,0,0,0,0,0,0,0,0,0,0,0,0,0,0,0,0,0,0,0,0,0,0,0,0,0,0,0,0,0,0,0,0,0,0,0,0,0,0,0,0,0,0,0,0,0,0,0,0,0,0,0,0,0,0,0,0,0,0,0,0,0,0,0,0,0,0,0,0,0,0,0,0,0,0,0,0,0,0,0,0,0,0,0,,0,0,0,0,0,0,0,0,0,0,0,0,0,0,0,0,0,0,0,0,0,0,0,0,0,0,0,0,0,0,0,0,0,0,0,0,0,0,0,0,40,,,,,,,,,,,,,,,,,,,,,,,,,,,,,,,0,
9/1/2026,2025,20260864,47860,40903,TRAILBLAZER CO2 PIPELINE LLC,Natural Gas,INTERSTATE,NEBRASKA,0,0,0,0,0,0,0,0,0,0,0,0,0,0,0,0,0,0,0,0,0,0,0,0,0,0,0,0,0,0,0,0,0,0,0,0,0,0,0,0,0,0,0,0,0,0,0,0,0,0,0,0,0,0,0,0,0,0,0,0,0,0,0,0,0,0,0,0,0,0,0,0,0,0,0,0,0,0,0,0,0,0,0,0,0,0,0,0,0,0,0,0,0,0,0,0,0,0,0,0,0,0,0,0,0,0,0,0,0,0,0,0,0,0,0,0,0,0,0,0,0,0,0,0,0,0,0,0,0,0,0,0,0,0,0,0,0,0,0,0,0,0,0,0,0,0,0,0,0,0,0,0,0,0,0,,0,0,0,0,0,0,0,0,0,0,0,0,0,0,0,0,0,0,0,0,0,0,0,0,0,0,0,0,0,0,0,0,0,0,0,0,0,0,0,0,62,,,,,,,,,,,,,,,,,,,,,,,,,,,,,,,0,
9/1/2026,2025,20260864,47860,40903,TRAILBLAZER CO2 PIPELINE LLC,Natural Gas,INTERSTATE,WYOMING,0,0,0,0,,,0,,,,,0,0,0,0,,,0,,,,,0,0,0,0,,,0,,,,,0,0,0,0,,,0,,,,,0,0,0,0,,,0,,,,,0,0,0,0,,,0,,,,,0,0,0,0,,,0,,,,,0,0,0,0,,,0,,,,,0,0,0,0,,,0,,,,,0,0,0,0,,,0,,,,,0,0,0,0,,,0,0,0,0,0,0,0,0,0,,,0,0,0,0,0,0,0,0,0,,,0,0,0,0,0,0,0,0,0,,0,,0,0,0,0,0,,0,0,0,0,0,0,0,0,0,0,0,0,0,0,0,0,0,0,0,0,0,0,0,0,0,0,0,0,0,0,0,0,0,0,0,0,0,0,0,0,4,,,,,,,,,,,,,,,,,,,,,,,,,,,,,,,,
9/1/2026,2025,20260416,47381,40904,TENASKA DISTRIBUTED GAS HOLDINGS LLC,Natural Gas,INTRASTATE,PENNSYLVANIA,0,0,0,0,,,0,,,,,0,0,0,0,,,0,,,,,0,0,0,0,,,0,,,,,0,0,0,0,,,0,,,,,0,0,0,0,,,0,,,,,0,0,0,0,,,0,,,,,0,0,0,0,,,0,,,,,0,0,0,0,,,0,,,,,0,0,0,0,,,0,,,,,0,0,0,0,,,0,,,,,0,0,0,0,,,0,0,0,0,0,0,0,0,0,,,0,0,0,0,0,0,0,0,0,,,0,0,0,0,0,0,0,0,0,,0,,0,0,0,0,0,,0,0,0,0,0,0,0,0,0,,,,,,,,,,,,,,,,,,,,,,,,,,,,,,,0,22,,,,,,,,,,,,,,,,,,,,,,,,,,,,,,,0,
9/1/2026,2025,20261359,48372,40913,GAS CITY OIL & GAS CORP.,Natural Gas,INTRASTATE,PENNSYLVANIA,,0,,,,,,0,0,0,,,0,,,,,,0,0,0,,,0,,,,,,0,0,0,,,0,,,,,,0,0,0,,,0,,,,,,0,0,0,,,0,,,,,,0,0,0,,,0,,,,,,0,0,0,,,0,,,,,,0,0,0,,,0,,,,,,0,0,0,,,0,,,,,,0,0,0,,,0,,,,,,0,0,0,,,0,,,,,,0,0,0,,,0,,,,,,0,0,0,,,0,,,,,,0,0,0,,,0,,,0,0,0,,,0,0,,,,,,,,,,,,,,,,,,,,,,,,,,,,,,,0,,,,,,,,,,,,,,,,,,,,,,,,,,,,,,,,0,959
9/1/2026,2025,20260381,47346,40915,QB ENERGY OPERATING LLC,Natural Gas,INTRASTATE,COLORADO,0,0,0,0,0,0,0,0,0,0,0,0,0,0,0,0,0,0,0,0,0,0,0,0,0,0,0,0,0,0,0,0,0,0,0,0,0,0,0,0,0,0,0,0,0,0,0,0,0,0,0,0,0,0,0,0,0,0,0,0,0,0,0,0,0,0,0,0,0,0,0,0,0,0,0,0,0,0,0,0,0,0,0,0,0,0,0,0,0,0,0,0,0,0,0,0,0,0,0,0,0,0,0,0,0,0,0,0,0,0,0,0,0,0,0,0,0,0,0,0,0,0,0,0,0,0,0,0,0,0,0,0,0,0,0,0,0,0,0,0,0,0,0,0,0,0,0,0,0,0,0,0,0,0,,0,0,0,0,0,0,0,0,0,0,,,,,,,,,,,,,,,,,,,,,,,,,,,,,,,0,,,,,,,,,,,,,,,,,,,,,,,,,,,,,,,,0,2110
9/1/2026,2025,20260957,47956,40916,"KODA GNB MIDSTREAM, LLC",Natural Gas,INTRASTATE,UTAH,0,0,0,0,0,0,0,0,0,7,0,0,0,0,0,0,0,0,0,0,12,0,0,0,0,0,0,0,0,0,0,0,0,0,0,0,0,0,0,0,0,0,0,0,0,0,0,0,0,0,0,0,0,0,0,0,0,0,0,0,0,0,0,0,0,0,0,0,0,0,0,0,0,0,0,0,0,0,0,0,0,0,0,0,0,0,0,0,0,0,0,0,0,0,0,0,0,0,0,0,0,0,0,0,0,0,0,0,0,0,0,0,0,0,0,0,0,0,0,0,0,0,0,0,0,0,0,0,0,0,0,0,0,0,0,0,0,0,0,0,0,0,0,0,0,0,0,0,0,0,0,0,19,0,,0,0,0,0,0,13,0,0,13,13,,,,,,,,,,,,,,,,,,,,,,,,,,,,,,,0,,0,0,0,0,0,0,0,0,0,0,0,0,0,0,0,0,0,0,0,0,0,0,0,0,0,0,0,0,0,0,0,19
9/1/2026,2025,20261360,48373,40919,ADM ENDERLIN,Natural Gas,INTRASTATE,NORTH DAKOTA,0,0,0,0,0,0,0,0,0,0,0,0,0,0,0,0,0,0,0,0,0,0,0,0,0,0,0,0,0,0,0,0,0,0,0,0,0,0,0,0,0,0,0,0,0,0,0,0,0,0,0,0,0,0,0,0,0,0,0,0,0,0,0,0,0,0,0,0,0,0,0,0,0,0,0,0,0,0,0,0,0,0,0,0,0,0,0,0,0,0,0,0,0,0,0,0,0,0,0,0,0,0,0,0,0,0,0,0,0,0,0,0,0,0,0,0,0,0,0,0,0,0,0,0,0,0,0,0,0,0,0,0,0,0,0,0,0,0,0,0,0,0,0,0,0,0,0,0,0,0,0,0,0,0,0,,0,0,0,0,0,0,0,0,0,,,,,,,,,,,,,,,,,,,,,,,,,,,,,,,0,6,,,,,,,,,,,,,,,,,,,,,,,,,,,,,,,0,
9/1/2026,2025,20261427,48499,40921,BEAUMONT NEW AMMONIA LLC,Natural Gas,INTRASTATE,TEXAS,0,0,0,0,0,0,0,0,0,0,0,0,0,0,0,0,0,0,0,0,0,0,0,0,0,0,0,0,0,0,0,0,0,0,0,0,0,0,0,0,0,0,0,0,0,0,0,0,0,0,0,0,0,0,0,0,0,0,0,0,0,0,0,0,0,0,0,0,0,0,0,0,0,0,0,0,0,0,0,0,0,0,0,0,0,0,0,0,0,0,0,0,0,0,0,0,0,0,0,0,0,0,0,0,0,0,0,0,0,0,0,0,0,0,0,0,0,0,0,0,0,0,0,0,0,0,0,0,0,0,0,0,0,0,0,0,0,0,0,0,0,0,0,0,0,0,0,0,0,0,0,0,0,0,0,,0,0,0,0,0,0,0,0,0,,,,,,,,,,,,,,,,,,,,,,,,,,,,,,,0,247,,,,,,,,,,,,,,,,,,,,,,,,,,,,,,,0,
9/1/2026,2025,20261251,48264,40922,TEXIAN OPERATING COMPANY LLC,Natural Gas,INTRASTATE,TEXAS,0,0,0,0,0,0,0,0,0,1,0,0,0,0,0,0,0,0,0,0,0,0,0,0,0,0,0,0,0,0,0,0,0,0,0,0,0,0,0,0,0,0,0,0,0,0,0,0,0,0,0,0,0,0,0,0,0,0,0,0,0,0,0,0,0,0,0,0,0,0,0,0,0,0,0,0,0,0,0,0,0,0,0,0,0,0,0,0,0,0,0,0,0,0,0,0,0,0,0,0,0,0,0,0,0,0,0,0,0,0,0,0,0,0,0,0,0,0,0,0,0,0,0,0,0,0,0,0,0,0,0,0,0,0,0,0,0,0,0,0,0,0,0,0,0,0,0,0,0,0,0,0,1,0,,0,0,0,0,0,0,0,0,0,0,,,,,,,,,,,,,,,,,,,,,,,,,,,,,,,0,,,,,,,,,,,,,,,,,,,,,,,,,,,,,,,,0,882
9/1/2026,2025,20260102,47056,40928,DEFENDER GAS PRODUCERS LLC,Natural Gas,INTRASTATE,ARKANSAS,0,0,0,0,0,0,0,0,0,0,0,0,0,0,0,0,0,0,0,0,0,0,0,0,0,0,0,0,0,0,0,0,0,0,0,0,0,0,0,0,0,0,0,0,0,0,0,0,0,0,0,0,0,0,0,0,0,0,0,0,0,0,0,0,0,0,0,0,0,0,0,0,0,0,0,0,0,0,0,0,0,0,0,0,0,0,0,0,0,0,0,0,0,0,0,0,0,0,0,0,0,0,0,0,0,0,0,0,0,0,0,0,0,0,0,0,0,0,0,0,0,0,0,0,0,0,0,0,0,0,0,0,0,0,0,0,0,0,0,0,0,0,0,0,0,0,0,0,0,0,0,0,0,0,0,0,0,0,0,0,0,0,0,0,0,0,,,,,0,,,,,,,,,,,,,,,,,,,,,,,,,0,8,,,,,,,,,,,,,,,,,,,,,,,,,,,,,,,0,
9/1/2026,2025,20261376,48390,40929,MAJOR PIPELINE LLC,Landfill Gas,INTRASTATE,MICHIGAN,,0,0,0,,,,,,,,,0,0,0,,,,,,,,,0,0,0,,,,,,,,,0,0,0,,,,,,,,,0,0,0,,,,,,,,,0,0,0,,,,,,,,,0,0,0,,,,,,,,,0,0,0,,,,,,,,,0,0,0,,,,,,,,,0,0,0,,,,,,,,,0,0,0,,,,0,0,0,0,,0,0,0,,,,0,0,0,0,,0,0,0,,,,0,0,0,0,,0,0,0,,,,0,0,0,0,0,,0,,,,,,0,,0,,,,,,,,,,,,,,,,,,,,,,,,,,,,,,,0,23,,,,,,,,,,,,,,,,,,,,,,,,,,,,,,,,
9/1/2026,2025,20260154,47109,40931,ASCENT RESOURCES,Natural Gas,INTRASTATE,OHIO,0,0,0,0,0,0,0,0,0,0,0,0,0,0,0,0,0,0,0,0,0,0,0,0,0,0,0,0,0,0,0,0,0,0,0,0,0,0,0,0,0,0,0,0,0,0,0,0,0,0,0,0,0,0,0,0,0,0,0,0,0,0,0,0,0,0,0,0,0,0,0,0,0,0,0,0,0,0,0,0,0,0,0,0,0,0,0,0,0,0,0,0,0,0,0,0,0,0,0,0,0,0,0,0,0,0,0,0,0,0,0,0,0,0,0,0,0,0,0,0,0,0,0,0,0,0,0,0,0,0,0,0,0,0,0,0,0,0,0,0,0,0,0,0,0,0,0,0,0,0,0,0,0,0,,0,0,0,0,0,0,0,0,0,0,,,,,,,,,,,,,,,,,,,,,,,,,,,,,,,0,,,,,,,,,,,,,,,,,,,,,,,,,,,,,,,,0,0
9/1/2026,2025,20260235,47193,40934,WRD OPERATING LLC,Natural Gas,INTRASTATE,TEXAS,0,0,0,0,0,0,0,0,0,0,0,0,0,0,0,0,0,0,0,0,0,0,0,0,0,0,0,0,0,0,0,0,0,0,0,0,0,0,0,0,0,0,0,0,0,0,0,0,0,0,0,0,0,0,0,0,0,0,0,0,0,0,0,0,0,0,0,0,0,0,0,0,0,0,0,0,0,0,0,0,0,0,0,0,0,0,0,0,0,0,0,0,0,0,0,0,0,0,0,0,0,0,0,0,0,0,0,0,0,0,0,0,0,0,0,0,0,0,0,0,0,0,0,0,0,0,0,0,0,0,0,0,0,0,0,0,0,0,0,0,0,0,0,0,0,0,0,0,0,0,0,0,0,0,,0,0,0,0,0,0,0,0,0,0,,,,,,,,,,,,,,,,,,,,,,,,,,,,,,,0,,,,,,,,,,,,,,,,,,,,,,,,,,,,,,,,0,704
9/1/2026,2025,20260150,47105,40938,AMERESCO LEE COUNTY RNG LLC,Natural Gas,INTRASTATE,ILLINOIS,0,0,0,0,0,0,0,0,0,0,0,0,0,0,0,0,0,0,0,0,0,0,0,0,0,0,0,0,0,0,0,0,0,0,0,0,0,0,0,0,0,0,0,0,0,0,0,0,0,0,0,0,0,0,0,0,0,0,0,0,0,0,0,0,0,0,0,0,0,0,0,0,0,0,0,0,0,0,0,0,0,0,0,0,0,0,0,0,0,0,0,0,0,0,0,0,0,0,0,0,0,0,0,0,0,0,0,0,0,0,0,0,0,0,0,0,0,0,0,0,0,0,0,0,0,0,0,0,0,0,0,0,0,0,0,0,0,0,0,0,0,0,0,0,0,0,0,0,0,0,0,0,0,0,0,,0,0,0,0,0,0,0,0,0,,,,,,,,,,,,,,,,,,,,,,,,,,,,,,,0,29,,,,,,,,,,,,,,,,,,,,,,,,,,,,,,,0,
9/1/2026,2025,20260013,46953,40939,CHAUTAUQUA GREEN ENERGY LLC,Natural Gas,INTRASTATE,NEW YORK,0,0,0,0,0,0,0,0,0,0,0,0,0,0,0,0,0,0,0,0,0,0,0,0,0,0,0,0,0,0,0,0,0,0,0,0,0,0,0,0,0,0,0,0,0,0,0,0,0,0,0,0,0,0,0,0,0,0,0,0,0,0,0,0,0,0,0,0,0,0,0,0,0,0,0,0,0,0,0,0,0,0,0,0,0,0,0,0,0,0,0,0,0,0,0,0,0,0,0,0,0,0,0,0,0,0,0,0,0,0,0,0,0,0,0,0,0,0,0,0,0,0,0,0,0,0,0,0,0,0,0,0,0,0,0,0,0,0,0,0,0,0,0,0,0,0,0,0,0,0,0,0,0,0,,0,0,0,0,0,0,0,0,0,0,,,,,,,,,,,,,,,,,,,,,,,,,,,,,,,0,,,,,,,,,,,,,,,,,,,,,,,,,,,,,,,,0,123
9/1/2026,2025,20261020,48023,40940,"MAGNOLIA MIDSTREAM GAS SERVICES, L.L.C.",Natural Gas,INTRASTATE,LOUISIANA,,,,,,,,0,0,0,,,,,,,,,0,0,0,,,,,,,,,0,0,0,,,,,,,,,0,0,0,,,,,,,,,0,0,0,,,,,,,,,0,0,6,,,,,,,,,0,0,0,,,,,,,,,0,0,0,,,,,,,,,0,0,0,,,,,,,,,0,0,0,,,,,,,,,0,0,0,,,,,,,,,0,0,0,,,,,,,,,0,0,0,,,,,,,,,0,0,6,,,,,,,,,,,,,,,,,,,,,,,,,,,,,,,,,,,,,,,,,,,,,,,,,,,,,,,,,,,,,,,,,,,,,,,,,,,0,0
9/1/2026,2025,20261024,48027,40941,"LOUISIANA MIDSTREAM GAS SERVICES, L.L.C.",Natural Gas,INTRASTATE,LOUISIANA,,,,,,,,0,0,0,,,,,,,,,0,0,0,,,,,,,,,0,0,0,,,,,,,,,0,0,0,,,,,,,,,0,0,0,,,,,,,,,0,0,5,,,,,,,,,0,0,0,,,,,,,,,0,0,0,,,,,,,,,0,0,0,,,,,,,,,0,0,0,,,,,,,,,0,0,0,,,,,,,,,0,0,0,,,,,,,,,0,0,0,,,,,,,,,0,0,5,,,,,,,,,,,,,,,,,,,,,,,,,,,,,,,,,,,,,,,,,,,,,,,,,,,,,,,,,,,,,,,,,,,,,,,,,,,0,0
9/1/2026,2025,20260356,47321,40942,MID SOUTH MISSOURI LLC,Natural Gas,INTRASTATE,MISSOURI,0,0,0,0,0,0,0,0,0,0,0,0,0,0,0,0,0,0,0,0,0,0,0,0,0,0,0,0,0,0,0,0,0,0,0,0,0,0,0,0,0,0,0,0,0,0,0,0,0,0,0,0,0,0,0,0,0,0,0,0,0,0,0,0,0,0,0,0,0,0,0,0,0,0,0,0,0,0,0,0,0,0,0,0,0,0,0,0,0,0,0,0,0,0,0,0,0,0,0,0,0,0,0,0,0,0,0,0,0,0,0,0,0,0,0,0,0,0,0,0,0,0,0,0,0,0,0,0,0,0,0,0,0,0,0,0,0,0,0,0,0,0,0,0,0,0,0,0,0,0,0,0,0,0,0,,0,0,0,0,0,0,0,0,0,,,,,,,,,,,,,,,,,,,,,,,,,,,,,,,0,2,,,,,,,,,,,,,,,,,,,,,,,,,,,,,,,0,
9/1/2026,2025,20261343,48356,40946,"LEA MIDSTREAM, LLC",Natural Gas,INTRASTATE,NEW MEXICO,0,0,0,0,0,0,0,0,0,0,0,0,0,0,0,0,0,0,0,0,0,0,0,0,0,0,0,0,0,0,0,0,0,0,0,0,0,0,0,0,0,0,0,0,0,0,0,0,0,0,0,0,0,0,0,0,0,0,0,0,0,0,0,0,0,0,0,0,0,0,0,0,0,0,0,0,0,0,0,0,0,0,0,0,0,0,0,0,0,0,0,0,0,0,0,0,0,0,0,0,0,0,0,0,0,0,0,0,0,0,0,0,0,0,0,0,0,0,0,0,0,0,0,0,0,0,0,0,0,0,0,0,0,0,0,0,0,0,0,0,0,0,0,0,0,0,0,0,0,0,0,0,0,0,,0,0,0,0,0,0,0,0,0,0,,,,,,,,,,,,,,,,,,,,,,,,,,,,,,,0,,,,,,,,,,,,,,,,,,,,,,,,,,,,,,,,0,327
9/1/2026,2025,20260353,47318,40947,MID SOUTH CAROLINA LLC,Natural Gas,INTRASTATE,NORTH CAROLINA,0,0,0,0,0,0,0,0,0,0,0,0,0,0,0,0,0,0,0,0,0,0,0,0,0,0,0,0,0,0,0,0,0,0,0,0,0,0,0,0,0,0,0,0,0,0,0,0,0,0,0,0,0,0,0,0,0,0,0,0,0,0,0,0,0,0,0,0,0,0,0,0,0,0,0,0,0,0,0,0,0,0,0,0,0,0,0,0,0,0,0,0,0,0,0,0,0,0,0,0,0,0,0,0,0,0,0,0,0,0,0,0,0,0,0,0,0,0,0,0,0,0,0,0,0,0,0,0,0,0,0,0,0,0,0,0,0,0,0,0,0,0,0,0,0,0,0,0,0,0,0,0,0,0,0,,0,0,0,0,0,0,0,0,0,0,0,0,0,0,0,0,0,0,0,0,0,0,0,0,0,0,0,0,0,0,0,0,0,0,0,0,0,0,0,0,185,,,,,,,,,,,,,,,,,,,,,,,,,,,,,,,0,
9/1/2026,2025,20260437,47403,40955,ROBERTS & HAMMACK INC.,Natural Gas,INTRASTATE,TEXAS,,0,,,,,,0,,,,,0,,,,,,0,,,,,0,,,,,,0,,,,,0,,,,,,0,,,,,0,,,,,,0,,,,,0,,,,,,0,,,,,0,,,,,,0,,,,,0,,,,,,0,,,,,0,,,,,,0,,,,,0,,,,,,0,,,,,0,,,,,,0,,,,,0,,,,,,0,,,,,0,,,,,,0,,,,,0,,,,,,0,,,,,0,,,0,,,,,0,0,,,,,,,,,,,,,,,,,,,,,,,,,,,,,,,,,,,,,,,,,,,,,,,,,,,,,,,,,,,,,,,0,0
9/1/2026,2025,20260304,47262,40958,MILLENNIUM POWER OF TEXAS INC,Natural Gas,INTRASTATE,TEXAS,0,0,0,0,0,0,0,0,0,0,0,0,0,0,0,0,0,0,0,0,0,0,0,0,0,0,0,0,0,0,0,0,0,0,0,0,0,0,0,0,0,0,0,0,0,0,0,0,0,0,0,0,0,0,0,0,0,0,0,0,0,0,0,0,0,0,0,0,0,0,0,0,0,0,0,0,0,0,0,0,0,0,0,0,0,0,0,0,0,0,0,0,0,0,0,0,0,0,0,0,0,0,0,0,0,0,0,0,0,0,0,0,0,0,0,0,0,0,0,0,0,0,0,0,0,0,0,0,0,0,0,0,0,0,0,0,0,0,0,0,0,0,0,0,0,0,0,0,0,0,0,0,0,0,0,,0,0,0,0,0,0,0,0,0,,,,,,,,,,,,,,,,,,,,,,,,,,,,,,,0,27,,,,,,,,,,,,,,,,,,,,,,,,,,,,,,,0,
9/1/2026,2025,20261090,48099,40960,"VMH GAS, LLC",Natural Gas,INTRASTATE,LOUISIANA,,0,,,,,,,,0,,,0,,,,,,,,0,,,0,,,,,,,,0,,,0,,,,,,,,0,,,0,,,,,,,,0,,,0,,,,,,,,0,,,0,,,,,,,,0,,,0,,,,,,,,0,,,0,,,,,,,,0,,,0,,,,,,,,0,,,0,,,,,,,,0,,,0,,,,,,,,0,,,0,,,,,,,,0,,,0,,,,,,,,0,,,,,,,,,,,,,,,,,,,,,,,,,,,,,,,,,,,,,,,,,,,,,,,,,,,,,,,,,,,,,,,,,,,,,,,,,,,0,65
9/1/2026,2025,20261090,48099,40960,"VMH GAS, LLC",Natural Gas,INTRASTATE,TEXAS,0,0,0,0,,,0,0,0,0,,0,0,0,0,,,0,0,0,0,,0,0,0,0,,,0,0,0,0,,0,0,0,0,,,0,0,0,0,,0,0,0,0,,,0,0,0,0,,0,0,0,0,,,0,0,0,0,,0,0,0,0,,,0,0,0,0,,0,0,0,0,,,0,0,0,0,,0,0,0,0,,,0,0,0,0,,0,0,0,0,,,0,0,0,0,,0,0,0,0,,,0,0,0,0,,0,0,0,0,,,0,0,0,0,,0,0,0,0,,,0,0,0,0,,0,0,0,0,,0,,0,0,0,,,0,,,0,0,0,,,0,0,,,,,,,,,,,,,,,,,,,,,,,,,,,,,,,0,,,,,,,,,,,,,,,,,,,,,,,,,,,,,,,,0,3151
9/1/2026,2025,20260285,47281,40961,HVE MAINTENANCE LLC,Natural Gas,INTRASTATE,TEXAS,0,0,0,0,,,0,,,,,0,0,0,0,,,0,,,,,0,0,0,0,,,0,,,,,0,0,0,0,,,0,,,,,0,0,0,0,,,0,,,,,0,0,0,0,,,0,,,,,0,0,0,0,,,0,,,,,0,0,0,0,,,0,,,,,0,0,0,0,,,0,,,,,0,0,0,0,,,0,,,,,0,0,0,0,,,0,0,0,0,0,0,0,0,0,,,0,0,0,0,0,0,0,0,0,,,0,0,0,0,0,0,0,0,0,,0,,0,0,0,0,0,,0,,,,,,0,,0,,,,,,,,,,,,,,,,,,,,,,,,,,,,,,,0,56,,,,,,,,,,,,,,,,,,,,,,,,,,,,,,,,
9/1/2026,2025,20260575,47558,40962,TRACE TOUCHDOWN,Natural Gas,INTRASTATE,NEW MEXICO,0,0,0,0,0,0,0,0,0,0,0,0,0,0,0,0,0,0,0,0,0,0,0,0,0,0,0,0,0,0,0,0,0,0,0,0,0,0,0,0,0,0,0,0,0,0,0,0,0,0,0,0,0,0,0,0,0,0,0,0,0,0,0,0,0,0,0,0,0,0,0,0,0,0,0,0,0,0,0,0,0,0,0,0,0,0,0,0,0,0,0,0,0,0,0,0,0,0,0,0,0,0,0,0,0,0,0,0,0,0,0,0,0,0,0,0,0,0,0,0,0,0,0,0,0,0,0,0,0,0,0,0,0,0,0,0,0,0,0,0,0,0,0,0,0,0,0,0,0,0,0,0,0,0,,,,,,,,,,,,,,,,,,,,,,,,,,,,,,,,,,,,,,,,,,0,,,,,,,,,,,,,,,,,,,,,,,,,,,,,,,,0,0
9/1/2026,2025,20260253,48478,40968,REGENIS,Landfill Gas,INTRASTATE,NEVADA,0,0,0,0,,,0,,,,,0,0,0,0,,,0,,,,,0,0,0,0,,,0,,,,,0,0,0,0,,,0,,,,,0,0,0,0,,,0,,,,,0,0,0,1,,,0,,,,,0,0,0,0,,,0,,,,,0,0,0,0,,,0,,,,,0,0,0,0,,,0,,,,,0,0,0,0,,,0,,,,,0,0,0,0,,,0,0,0,0,0,0,0,0,0,,,0,0,0,0,0,0,0,0,0,,,0,0,0,0,0,0,0,0,1,,0,,0,0,0,0,0,,0,,,,,,0,,0,0,0,0,0,0,0,0,0,0,0,0,0,0,0,0,0,0,0,0,0,0,0,0,0,0,0,0,0,0,0,0,0,,,,,,,,,,,,,,,,,,,,,,,,,,,,,,,,
9/1/2026,2025,20260180,47137,40969,FOURPOINT RESOURCES LLC,Natural Gas,INTRASTATE,UTAH,,0,,,,,,0,0,0,,,0,,,,,,0,0,0,,,0,,,,,,0,0,0,,,0,,,,,,0,0,0,,,0,,,,,,0,0,0,,,0,,,,,,0,0,0,,,0,,,,,,0,0,0,,,0,,,,,,0,0,0,,,0,,,,,,0,0,0,,,0,,,,,,0,0,0,,,0,,,,,,0,0,0,,,0,,,,,,0,0,0,,,0,,,,,,0,0,0,,,0,,,,,,0,0,0,,,0,,,0,0,0,,,0,0,,,,,,,,,,,,,,,,,,,,,,,,,,,,,,,0,,,,,,,,,,,,,,,,,,,,,,,,,,,,,,,,0,0
9/1/2026,2025,20260231,47189,40973,WBI MIDSTREAM LLC,Natural Gas,INTRASTATE,TEXAS,0,0,0,0,0,0,0,0,0,0,0,0,0,0,0,0,0,0,0,0,0,0,0,0,0,0,0,0,0,0,0,0,0,0,0,0,0,0,0,0,0,0,0,0,0,0,0,0,0,0,0,0,0,0,0,0,0,0,0,0,0,0,0,0,0,0,0,0,0,0,0,0,0,0,0,0,0,0,0,0,0,0,0,0,0,0,0,0,0,0,0,0,0,0,0,0,0,0,0,0,0,0,0,0,0,0,0,0,0,0,0,0,0,0,0,0,0,0,0,0,0,0,0,0,0,0,0,0,0,0,0,0,0,0,0,0,0,0,0,0,0,0,0,0,0,0,0,0,0,0,0,0,0,0,0,,0,0,0,0,0,0,0,0,0,,,,,,,,,,,,,,,,,,,,,,,,,,,,,,,0,155,,,,,,,,,,,,,,,,,,,,,,,,,,,,,,,0,
9/1/2026,2025,20260308,47266,40978,HIGH RIVER RESOURCES OPERATING LLC,Natural Gas,INTRASTATE,TEXAS,,0,,,,,,0,0,0,,,0,,,,,,0,0,0,,,0,,,,,,0,0,0,,,0,,,,,,0,0,0,,,0,,,,,,0,0,0,,,0,,,,,,0,0,0,,,0,,,,,,0,0,0,,,0,,,,,,0,0,0,,,0,,,,,,0,0,0,,,0,,,,,,0,0,0,,,0,,,,,,0,0,0,,,0,,,,,,0,0,0,,,0,,,,,,0,0,0,,,0,,,,,,0,0,0,,,0,,,0,0,0,,,0,0,,,,,,,,,,,,,,,,,,,,,,,,,,,,,,,,,0,0,0,0,0,0,0,0,0,0,0,0,0,0,0,0,0,0,0,0,0,0,0,0,0,0,0,0,0,0,0,39
9/1/2026,2025,20261245,48258,40980,EQV OPERATING LLC,Natural Gas,INTRASTATE,TEXAS,,0,,,,,,0,0,0,,,0,,,,,,0,0,0,,,0,,,,,,0,0,0,,,0,,,,,,0,0,0,,,0,,,,,,0,0,0,,,0,,,,,,0,0,0,,,0,,,,,,0,0,0,,,0,,,,,,0,0,0,,,0,,,,,,0,0,0,,,0,,,,,,0,0,0,,,0,,,,,,0,0,0,,,0,,,,,,0,0,0,,,0,,,,,,0,0,0,,,0,,,,,,0,0,0,,,0,,,0,0,0,,,0,0,,,,,,,,,,,,,,,,,,,,,,,,,,,,,,,,,0,0,0,0,0,0,0,0,0,0,0,0,0,0,0,0,0,0,0,0,0,0,0,0,0,0,0,0,0,0,0,0
9/1/2026,2025,20261367,48381,40981,RAZORBACK GATHERING COMPANY LLC,Natural Gas,INTRASTATE,ARKANSAS,0,0,0,0,0,0,0,0,0,0,0,0,0,0,0,0,0,0,0,0,0,0,0,0,0,0,0,0,0,0,0,0,0,0,0,0,0,0,0,0,0,0,0,0,0,0,0,0,0,0,0,0,0,0,0,0,0,0,0,0,0,0,0,0,0,0,0,0,0,0,0,0,0,0,0,0,0,0,0,0,0,0,0,0,0,0,0,0,0,0,0,0,0,0,0,0,0,0,0,0,0,0,0,0,0,0,0,0,0,0,0,0,0,0,0,0,0,0,0,0,0,0,0,0,0,0,0,0,0,0,0,0,0,0,0,0,0,0,0,0,0,0,0,0,0,0,0,0,0,0,0,0,0,0,,0,0,0,0,0,0,0,0,0,0,,,,,,,,,,,,,,,,,,,,,,,,,,,,,,,0,,,,,,,,,,,,,,,,,,,,,,,,,,,,,,,,0,798
9/1/2026,2025,20260379,47344,40986,RIDGE OIL AND GAS LLC,Natural Gas,INTRASTATE,MONTANA,0,0,0,0,0,0,0,0,0,0,0,0,0,0,0,0,0,0,0,0,0,0,0,0,0,0,0,0,0,0,0,0,0,0,0,0,0,0,0,0,0,0,0,0,0,0,0,0,0,0,0,0,0,0,0,0,0,0,0,0,0,0,0,0,0,0,0,0,0,0,0,0,0,0,0,0,0,0,0,0,0,0,0,0,0,0,0,0,0,0,0,0,0,0,0,0,0,0,0,0,0,0,0,0,0,0,0,0,0,0,0,0,0,0,0,0,0,0,0,0,0,0,0,0,0,0,0,0,0,0,0,0,0,0,0,0,0,0,0,0,0,0,0,0,0,0,0,0,0,0,0,0,0,0,,0,0,0,0,0,0,0,0,0,0,,,,,,,,,,,,,,,,,,,,,,,,,,,,,,,0,,0,0,0,0,0,0,0,0,0,0,0,0,0,0,0,0,0,0,0,0,0,0,0,0,0,0,0,0,0,0,0,93
9/1/2026,2025,20260224,47182,40987,GALLOWAY ENERGY COMPANY,Natural Gas,INTRASTATE,TEXAS,0,0,0,0,0,0,0,0,0,0,0,0,0,0,0,0,0,0,0,0,0,0,0,0,0,0,0,0,0,0,0,0,0,0,0,0,0,0,0,0,0,0,0,0,0,0,0,0,0,0,0,0,0,0,0,0,0,0,0,0,0,0,0,0,0,0,0,0,0,0,0,0,0,0,0,0,0,0,0,0,0,0,0,0,0,0,0,0,0,0,0,0,0,0,0,0,0,0,0,0,0,0,0,0,0,0,0,0,0,0,0,0,0,0,0,0,0,0,0,0,0,0,0,0,0,0,0,0,0,0,0,0,0,0,0,0,0,0,0,0,0,0,0,0,0,0,0,0,0,0,0,0,0,0,,0,0,0,0,0,0,0,0,0,0,,,,,,,,,,,,,,,,,,,,,,,,,,,,,,,0,,,,,,,,,,,,,,,,,,,,,,,,,,,,,,,,0,77
9/1/2026,2025,20260959,47958,40995,LARAMIE ENERGY,Natural Gas,INTRASTATE,COLORADO,0,0,0,0,0,0,0,0,0,0,0,0,0,0,0,0,0,0,0,0,0,0,0,0,0,0,0,0,0,0,0,0,0,0,0,0,0,0,0,0,0,0,0,0,0,0,0,0,0,0,0,0,0,0,0,0,0,0,0,0,0,0,0,0,0,0,0,0,0,0,0,0,0,0,0,0,0,0,0,0,0,0,0,0,0,0,0,0,0,0,0,0,0,0,0,0,0,0,0,0,0,0,0,0,0,0,0,0,0,0,0,0,0,0,0,0,0,0,0,0,0,0,0,0,0,0,0,0,0,0,0,0,0,0,0,0,0,0,0,0,0,0,0,0,0,0,0,0,0,0,0,0,0,0,,0,,,,,0,,,0,0,,,,,,,,,,,,,,,,,,,,,,,,,,,,,,,,,,,,,,,,,,,,,,,,,,,,,,,,,,,,,,,0,0
9/1/2026,2025,20260865,47861,40997,PINYON PIPELINE COMPANY LLC,Natural Gas,INTRASTATE,NEVADA,0,0,0,0,0,0,0,0,0,0,0,0,0,0,0,0,0,0,0,0,0,0,0,0,0,0,0,0,0,0,0,0,0,0,0,0,0,0,0,0,0,0,0,0,0,0,0,0,0,0,0,0,0,0,0,0,0,0,0,0,0,0,0,0,0,0,0,0,0,0,0,0,0,0,0,0,0,0,0,0,0,0,0,0,0,0,0,0,0,0,0,0,0,0,0,0,0,0,0,0,0,0,0,0,0,0,0,0,0,0,0,0,0,0,0,0,0,0,0,0,0,0,0,0,0,0,0,0,0,0,0,0,0,0,0,0,0,0,0,0,0,0,0,0,0,0,0,0,0,0,0,0,0,0,0,,0,0,0,0,0,0,0,0,0,0,0,0,0,0,0,0,0,0,0,0,0,0,0,0,0,0,0,0,0,0,0,0,0,0,0,0,0,0,0,0,217,,,,,,,,,,,,,,,,,,,,,,,,,,,,,,,0,
9/1/2026,2025,20260194,47151,41000,"CH4 MIDSTREAM, LLC",Natural Gas,INTRASTATE,OKLAHOMA,,,,,,,,,,,,,,,,,,,,,,,,,,,,,,,,,,,,,,,,,,,,,,,,,,,,,,,,,,,,,,,,,,,,,,,,,,,,,,,,,,,,,,,,,,,,,,,,,,,,,,,,,,,,,,,,,,,,,,,,,,,,,,,,,,,,,,,,,,,,,,,,,,,,,,,,,,,,,,,,,,,,,,,,,,,,,,,,,,,,,,,,,,,,,,,,,,,,0,,,,,,,,,,,,,,,,,,,,,,,,,,,,,,,,0,34
9/1/2026,2025,20260852,47848,41002,JAY MANAGEMENT COMPANY LLC,Natural Gas,INTRASTATE,TEXAS,0,0,0,0,0,0,0,0,0,0,0,0,0,0,0,0,0,0,0,0,0,0,0,0,0,0,0,0,0,0,0,0,0,0,0,0,0,0,0,0,0,0,0,0,0,0,0,0,0,0,0,0,0,0,0,0,0,0,0,0,0,0,0,0,0,0,0,0,0,0,0,0,0,0,0,0,0,0,0,0,0,0,0,0,0,0,0,0,0,0,0,0,0,0,0,0,0,0,0,0,0,0,0,0,0,0,0,0,0,0,0,0,0,0,0,0,0,0,0,0,0,0,0,0,0,0,0,0,0,0,0,0,0,0,0,0,0,0,0,0,0,0,0,0,0,0,0,0,0,0,0,0,0,0,,0,0,0,0,0,0,0,0,0,0,,,,,,,,,,,,,,,,,,,,,,,,,,,,,,,0,,0,0,0,0,0,0,0,0,0,0,0,0,0,0,0,0,0,0,0,0,0,0,0,0,0,0,0,0,0,0,0,0
9/1/2026,2025,20260535,47515,41005,WILDFIRE ENERGY OPERATING LLC,Natural Gas,INTRASTATE,TEXAS,0,0,0,0,0,0,0,0,0,0,0,0,0,0,0,0,0,0,0,0,0,0,0,0,0,0,0,0,0,0,0,0,0,0,0,0,0,0,0,0,0,0,0,0,0,0,0,0,0,0,0,0,0,0,0,0,0,0,0,0,0,0,0,0,0,0,0,0,0,0,0,0,0,0,0,0,0,0,0,0,0,0,0,0,0,0,0,0,0,0,0,0,0,0,0,0,0,0,0,0,0,0,0,0,0,0,0,0,0,0,0,0,0,0,0,0,0,0,0,0,0,0,0,0,0,0,0,0,0,0,0,0,0,0,0,0,0,0,0,0,0,0,0,0,0,0,0,0,0,0,0,0,0,0,0,0,0,0,0,0,0,0,0,0,0,0,0,0,0,0,0,0,0,0,0,0,0,0,0,0,0,0,0,0,0,0,0,0,0,0,0,0,0,0,0,0,5,0,0,0,0,0,0,0,0,0,0,0,0,0,0,0,0,0,0,0,0,0,0,0,0,0,0,0,0,0,0,0,6
9/1/2026,2025,20261372,48386,41009,DELTA ENERGY RESOURCES LLC,Natural Gas,INTRASTATE,LOUISIANA,0,0,0,0,,,0,,,,,0,0,0,0,,,0,,,,,0,0,0,0,,,0,,,,,0,0,0,0,,,0,,,,,0,0,0,0,,,0,,,,,0,0,0,0,,,0,,,,,0,0,0,0,,,0,,,,,0,0,0,0,,,0,,,,,0,0,0,0,,,0,,,,,0,0,0,0,,,0,,,,,0,0,0,0,,,0,0,0,0,0,0,0,0,0,,,0,0,0,0,0,0,0,0,0,,,0,0,0,0,0,0,0,0,0,,0,,0,0,0,0,0,,0,,,,,,0,,0,,,,,,,,,,,,,,,,,,,,,,,,,,,,,,,0,146,,,,,,,,,,,,,,,,,,,,,,,,,,,,,,,,
9/1/2026,2025,20261375,48389,41012,DELTA MISSISSIPPI GAS COMPANY LLC,Natural Gas,INTRASTATE,MISSISSIPPI,0,0,0,0,,,0,,,,,0,0,0,0,,,0,,,,,0,0,0,0,,,0,,,,,0,0,0,0,,,0,,,,,0,0,0,0,,,0,,,,,0,0,0,0,,,0,,,,,0,0,0,0,,,0,,,,,0,0,0,0,,,0,,,,,0,0,0,0,,,0,,,,,0,0,0,0,,,0,,,,,0,0,0,0,,,0,,,,,0,0,0,0,,,0,,,,,0,0,0,0,,,0,,,,,0,0,0,0,,0,,,,,,0,,0,,,,,,0,,0,,,,,,,,,,,,,,,,,,,,,,,,,,,,,,,0,1318,,,,,,,,,,,,,,,,,,,,,,,,,,,,,,,,
9/1/2026,2025,20260227,47185,41015,LIME ROCK RESOURCES IV A LP,Natural Gas,INTRASTATE,TEXAS,,0,,,,,,0,0,0,,,0,,,,,,0,0,0,,,0,,,,,,0,0,0,,,0,,,,,,0,0,0,,,0,,,,,,0,0,0,,,0,,,,,,0,0,0,,,0,,,,,,0,0,0,,,0,,,,,,0,0,0,,,0,,,,,,0,0,0,,,0,,,,,,0,0,0,,,0,,,,,,0,0,0,,,0,,,,,,0,0,0,,,0,,,,,,0,0,0,,,0,,,,,,0,0,0,,,0,,,0,0,0,,,0,0,,,,,,,,,,,,,,,,,,,,,,,,,,,,,,,,,,,,,,,,,,,,,,,,,,,,,,,,,,,,,,,0,969
9/1/2026,2025,20260404,47369,41019,LIBERTY POWER INNOVATIONS LLC,Natural Gas,INTRASTATE,COLORADO,0,0,0,0,0,0,0,0,0,0,0,0,0,0,0,0,0,0,0,0,0,0,0,0,0,0,0,0,0,0,0,0,0,0,0,0,0,0,0,0,0,0,0,0,0,0,0,0,0,0,0,0,0,0,0,0,0,0,0,0,0,0,0,0,0,0,0,0,0,0,0,0,0,0,0,0,0,0,0,0,0,0,0,0,0,0,0,0,0,0,0,0,0,0,0,0,0,0,0,0,0,0,0,0,0,0,0,0,0,0,0,0,0,0,0,0,0,0,0,0,0,0,0,0,0,0,0,0,0,0,0,0,0,0,0,0,0,0,0,0,0,0,0,0,0,0,0,0,0,0,0,0,0,0,0,,0,0,0,0,0,0,0,0,0,,,,,,,,,,,,,,,,,,,,,,,,,,,,,,,0,46,,,,,,,,,,,,,,,,,,,,,,,,,,,,,,,0,
9/1/2026,2025,20260228,47186,41021,LIME ROCK RESOURCES III A LP,Natural Gas,INTRASTATE,NORTH DAKOTA,0,0,0,0,0,0,0,0,0,0,0,0,0,0,0,0,0,0,0,0,0,0,0,0,0,0,0,0,0,0,0,0,0,0,0,0,0,0,0,0,0,0,0,0,0,0,0,0,0,0,0,0,0,0,0,0,0,0,0,0,0,0,0,0,0,0,0,0,0,0,0,0,0,0,0,0,0,0,0,0,0,0,0,0,0,0,0,0,0,0,0,0,0,0,0,0,0,0,0,0,0,0,0,0,0,0,0,0,0,0,0,0,0,0,0,0,0,0,0,0,0,0,0,0,0,0,0,0,0,0,0,0,0,0,0,0,0,0,0,0,0,0,0,0,0,0,0,0,0,0,0,0,0,0,,0,0,0,0,0,0,0,0,0,0,,,,,,,,,,,,,,,,,,,,,,,,,,,,,,,0,,,,,,,,,,,,,,,,,,,,,,,,,,,,,,,,0,83
9/1/2026,2025,20260544,47524,41022,CREEDMOOR PIPELINE LLC,Natural Gas,INTRASTATE,TEXAS,,0,0,0,,,,,,,,,0,0,0,,,,,,,,,0,0,0,,,,,,,,,0,0,0,,,,,,,,,0,0,0,,,,,,,,,0,0,0,,,,,,,,,0,0,0,,,,,,,,,0,0,0,,,,,,,,,0,0,0,,,,,,,,,0,0,0,,,,,,,,,0,0,0,,,,0,0,0,0,,0,0,0,,,,0,0,0,0,,0,0,0,,,,0,0,0,0,,0,0,0,,,,0,0,0,0,,,,,,,,,,,,0,0,0,0,0,0,0,0,0,0,0,0,0,0,0,0,0,0,0,0,0,0,0,0,0,0,0,0,0,0,0,25,,,,,,,,,,,,,,,,,,,,,,,,,,,,,,,0,
9/1/2026,2025,20260621,47605,41023,CARDINAL NEW MEXICO LLC,Natural Gas,INTRASTATE,NEW MEXICO,0,0,0,0,0,0,0,0,0,0,0,0,0,0,0,0,0,0,0,0,0,0,0,0,0,0,0,0,0,0,0,0,0,0,0,0,0,0,0,0,0,0,0,0,0,0,0,0,0,0,0,0,0,0,0,0,0,0,0,0,0,0,0,0,0,0,0,0,0,0,0,0,0,0,0,0,0,0,0,0,0,0,0,0,0,0,0,0,0,0,0,0,0,0,0,0,0,0,0,0,0,0,0,0,0,0,0,0,0,0,0,0,0,0,0,0,0,0,0,0,0,0,0,0,0,0,0,0,0,0,0,0,0,0,0,0,0,0,0,0,0,0,0,0,0,0,0,0,0,0,0,0,0,0,,0,,,,,0,,,0,0,,,,,,,,,,,,,,,,,,,,,,,,,,,,,,,,,,,,,,,,,,,,,,,,,,,,,,,,,,,,,,,0,51
9/1/2026,2025,20260668,47653,41032,AMERICAN MUNICIPAL POWER AMP,Natural Gas,INTRASTATE,OHIO,0,0,0,0,,,0,,,,,0,0,0,0,,,0,,,,,0,0,0,0,,,0,,,,,0,0,0,0,,,0,,,,,0,0,0,0,,,0,,,,,0,0,0,0,,,0,,,,,0,0,0,0,,,0,,,,,0,0,1,0,,,0,,,,,0,0,0,0,,,0,,,,,0,0,0,0,,,0,,,,,0,0,0,0,,,0,0,0,0,0,0,0,0,0,,,0,0,0,0,0,0,0,0,0,,,0,0,0,0,0,0,0,1,0,,0,,0,0,0,0,0,,0,,,,,,0,,0,,1,,,,1,,,,,,,,,,,,,,,,,,,,,,,,,1,113,,,,,,,,,,,,,,,,,,,,,,,,,,,,,,,,
9/1/2026,2025,20260867,47863,41035,VISION RNG,Landfill Gas,INTRASTATE,OHIO,0,0,0,0,0,0,0,0,0,0,0,0,0,0,0,0,0,0,0,0,0,0,0,0,0,0,0,0,0,0,0,0,0,0,0,0,0,0,0,0,0,0,0,0,0,0,0,0,0,0,0,0,0,0,0,0,0,0,0,0,0,0,0,0,0,0,0,0,0,0,0,0,0,0,0,0,0,0,0,0,0,0,0,0,0,0,0,0,0,0,0,0,0,0,0,0,0,0,0,0,0,0,0,0,0,0,0,0,0,0,0,0,0,0,0,0,0,0,0,0,0,0,0,0,0,0,0,0,0,0,0,0,0,0,0,0,0,0,0,0,0,0,0,0,0,0,0,0,0,0,0,0,0,0,0,,0,0,0,0,0,0,0,0,0,0,0,0,0,0,0,0,0,0,0,0,0,0,0,0,0,0,0,0,0,0,0,0,0,0,0,0,0,0,0,0,0,,,,,,,,,,,,,,,,,,,,,,,,,,,,,,,0,
9/1/2026,2025,20260935,47932,41036,MOONRISE MIDSTREAM LLC,Natural Gas,INTRASTATE,COLORADO,0,0,0,0,0,0,0,0,0,0,0,0,0,0,0,0,0,0,0,0,0,0,0,0,0,0,0,0,0,0,0,0,0,0,0,0,0,0,0,0,0,0,0,0,0,0,0,0,0,0,0,0,0,0,0,0,0,0,0,0,0,0,0,0,0,0,0,0,0,0,0,0,0,0,0,0,0,0,0,0,0,0,0,0,0,0,0,0,0,0,0,0,0,0,0,0,0,0,0,0,0,0,0,0,0,0,0,0,0,0,0,0,0,0,0,0,0,0,0,0,0,0,0,0,0,0,0,0,0,0,0,0,0,0,0,0,0,0,0,0,0,0,0,0,0,0,0,0,0,0,0,0,0,0,,0,0,0,0,0,0,0,0,0,0,,,,,,,,,,,,,,,,,,,,,,,,,,,,,,,0,,0,0,0,0,0,0,0,0,0,0,0,0,0,0,0,0,0,0,0,0,0,0,0,0,0,0,0,0,0,0,0,214
9/1/2026,2025,20261373,48387,41039,DELTA NEW ORLEANS GAS COMPANY LLC,Natural Gas,INTRASTATE,LOUISIANA,0,0,0,0,,,0,,,,,0,0,0,0,,,0,,,,,0,0,0,0,,,0,,,,,0,0,0,0,,,0,,,,,0,0,0,0,,,0,,,,,0,0,0,0,,,0,,,,,0,0,0,0,,,0,,,,,0,0,0,0,,,0,,,,,0,0,0,0,,,0,,,,,0,0,0,0,,,0,,,,,0,0,0,0,,,0,,,,,0,0,0,0,,,0,,,,,0,0,0,0,,,0,,,,,0,0,0,0,,0,,,,,,0,,0,,,,,,0,,0,,,,,,,,,,,,,,,,,,,,,,,,,,,,,,,0,69,,,,,,,,,,,,,,,,,,,,,,,,,,,,,,,0,
9/1/2026,2025,20261036,48040,41042,BASTROP ENERGY PARTNERS LP,Natural Gas,INTRASTATE,TEXAS,,,,,,,,,,,,,,,,,,,,,,,,,,,,,,,,,,,,,,,,,,,,,,,,,,,,,,,,,,,,,,,,,,,,,,,,,,,,,,,,,,,,,,,,,,,,,,,,,,,,,,,,,,,,,,,,,,,,,,,,,,,,,,,,,,,,,,,,,,,,,,,,,,,,,,,,,,,,,,,,,,,,,,0,0,0,0,0,0,0,0,0,0,0,0,0,0,0,0,0,0,0,0,0,0,0,0,0,0,0,0,0,0,0,88,,,,,,,,,,,,,,,,,,,,,,,,,,,,,,,0,
9/1/2026,2025,20260797,47790,41043,PARIS GENERATION LP,Natural Gas,INTRASTATE,TEXAS,0,0,0,0,0,0,0,0,0,0,0,0,0,0,0,0,0,0,0,0,0,0,0,0,0,0,0,0,0,0,0,0,0,0,0,0,0,0,0,0,0,0,0,0,0,0,0,0,0,0,0,0,0,0,0,0,0,0,0,0,0,0,0,0,0,0,0,0,0,0,0,0,0,0,0,0,0,0,0,0,0,0,0,0,0,0,0,0,0,0,0,0,0,0,0,0,0,0,0,0,0,0,0,0,0,0,0,0,0,0,0,0,0,0,0,0,0,0,0,0,0,0,0,0,0,0,0,0,0,0,0,0,0,0,0,0,0,0,0,0,0,0,0,0,0,0,0,0,0,0,0,0,0,0,0,,0,0,0,0,0,0,0,0,0,0,0,0,0,0,0,0,0,0,0,0,0,0,0,0,0,0,0,0,0,0,0,0,0,0,0,0,0,0,0,0,524,,,,,,,,,,,,,,,,,,,,,,,,,,,,,,,0,
9/1/2026,2025,20260546,47526,41044,ENCAMERON LLC,Natural Gas,INTRASTATE,LOUISIANA,0,0,0,0,0,0,0,0,0,0,0,0,0,0,0,0,0,0,0,0,0,0,0,0,0,0,0,0,0,0,0,0,0,0,0,0,0,0,0,0,0,0,0,0,0,0,0,0,0,0,0,0,0,0,0,0,0,0,0,0,0,0,0,0,0,0,0,0,0,0,0,0,0,0,0,0,0,0,0,0,0,0,0,0,0,0,0,0,0,0,0,0,0,0,0,0,0,0,0,0,0,0,0,0,0,0,0,0,0,0,0,0,0,0,0,0,0,0,0,0,0,0,0,0,0,0,0,0,0,0,0,0,0,0,0,0,0,0,0,0,0,0,0,0,0,0,0,0,0,0,0,0,0,0,,,,,,,,,,,,,,,,,,,,,,,,,,,,,,,,,,,,,,,,,,0,0,,,,,,,,,,,,,,,,,,,,,,,,,,,,,,,,
9/1/2026,2025,20260247,47205,41047,SAN MATEO WOLF PIPELINE LLC,Natural Gas,INTRASTATE,TEXAS,,0,,,,,,0,0,0,,,0,,,,,,0,0,0,,,0,,,,,,0,0,0,,,0,,,,,,0,0,0,,,0,,,,,,0,0,0,,,0,,,,,,0,0,0,,,0,,,,,,0,0,0,,,0,,,,,,0,0,0,,,0,,,,,,0,0,0,,,0,,,,,,0,0,0,,,0,,,,,,0,0,0,,,0,,,,,,0,0,0,,,0,,,,,,0,0,0,,,0,,,,,,0,0,0,,,0,,,0,0,0,,,0,0,,,,,,,,,,,,,,,,,,,,,,,,,,,,,,,,,,,,,,,,,,,,,,,,,,,,,,,,,,,,,,,0,395
9/1/2026,2025,20261003,48006,41058,ETX GATHERING LLC,Natural Gas,INTRASTATE,TEXAS,0,0,0,0,0,0,0,0,0,0,0,0,0,0,0,0,0,0,0,0,0,0,0,0,0,0,0,0,0,0,0,0,0,0,0,0,0,0,0,0,0,0,0,0,0,0,0,0,0,0,0,0,0,0,0,0,0,0,0,0,0,0,0,0,0,0,0,0,0,0,0,0,0,0,0,0,0,0,0,0,0,0,0,0,0,0,0,0,0,0,0,0,0,0,0,0,0,0,0,0,0,0,0,0,0,0,0,0,0,0,0,0,0,0,0,0,0,0,0,0,0,0,0,0,0,0,0,0,0,0,0,0,0,0,0,0,0,0,0,0,0,0,0,0,0,0,0,0,0,0,0,0,0,0,,0,0,0,0,0,0,0,0,0,0,,,,,,,,,,,,,,,,,,,,,,,,,,,,,,,0,,,,,,,,,,,,,,,,,,,,,,,,,,,,,,,,0,284
9/1/2026,2025,20261138,48151,41062,EXPAND OPERATING LLC,Natural Gas,INTRASTATE,LOUISIANA,,0,,,,,,0,0,0,,,0,,,,,,0,0,0,,,0,,,,,,0,0,0,,,0,,,,,,0,0,0,,,0,,,,,,0,0,0,,,0,,,,,,0,0,0,,,0,,,,,,0,0,0,,,0,,,,,,0,0,0,,,0,,,,,,0,0,0,,,0,,,,,,0,0,0,,,0,,,,,,0,0,0,,,0,,,,,,0,0,0,,,0,,,,,,0,0,0,,,0,,,,,,0,0,0,,,0,,,0,0,0,,,0,0,,,,,,,,,,,,,,,,,,,,,,,,,,,,,,,,,,,,,,,,,,,,,,,,,,,,,,,,,,,,,,,0,2109
9/1/2026,2025,20261138,48151,41062,EXPAND OPERATING LLC,Natural Gas,INTRASTATE,OHIO,,0,,,,,,0,0,0,,,0,,,,,,0,0,0,,,0,,,,,,0,0,0,,,0,,,,,,0,0,0,,,0,,,,,,0,0,0,,,0,,,,,,0,0,0,,,0,,,,,,0,0,0,,,0,,,,,,0,0,0,,,0,,,,,,0,0,0,,,0,,,,,,0,0,0,,,0,,,,,,0,0,0,,,0,,,,,,0,0,0,,,0,,,,,,0,0,0,,,0,,,,,,0,0,0,,,0,,,0,0,0,,,0,0,,,,,,,,,,,,,,,,,,,,,,,,,,,,,,,,,,,,,,,,,,,,,,,,,,,,,,,,,,,,,,,0,571
9/1/2026,2025,20261138,48151,41062,EXPAND OPERATING LLC,Natural Gas,INTRASTATE,WEST VIRGINIA,,0,,,,,,0,0,0,,,0,,,,,,0,0,0,,,0,,,,,,0,0,0,,,0,,,,,,0,0,0,,,0,,,,,,0,0,0,,,0,,,,,,0,0,0,,,0,,,,,,0,0,0,,,0,,,,,,0,0,0,,,0,,,,,,0,0,0,,,0,,,,,,0,0,0,,,0,,,,,,0,0,0,,,0,,,,,,0,0,0,,,0,,,,,,0,0,0,,,0,,,,,,0,0,0,,,0,,,0,0,0,,,0,0,,,,,,,,,,,,,,,,,,,,,,,,,,,,,,,,,,,,,,,,,,,,,,,,,,,,,,,,,,,,,,,0,650
9/1/2026,2025,20260002,46942,41064,MBX OPERATING LLC,Natural Gas,INTRASTATE,TEXAS,0,0,0,0,0,0,0,0,0,0,0,0,0,0,0,0,0,0,0,0,0,0,0,0,0,0,0,0,0,0,0,0,0,0,0,0,0,0,0,0,0,0,0,0,0,0,0,0,0,0,0,0,0,0,0,0,0,0,0,0,0,0,0,0,0,0,0,0,0,0,0,0,0,0,0,0,0,0,0,0,0,0,0,0,0,0,0,0,0,0,0,0,0,0,0,0,0,0,0,0,0,0,0,0,0,0,0,0,0,0,0,0,0,0,0,0,0,0,0,0,0,0,0,0,0,0,0,0,0,0,0,0,0,0,0,0,0,0,0,0,0,0,0,0,0,0,0,0,0,0,0,0,0,0,,0,0,0,0,0,0,0,0,0,0,,,,,,,,,,,,,,,,,,,,,,,,,,,,,,,0,,,,,,,,,,,,,,,,,,,,,,,,,,,,,,,,0,0
9/1/2026,2025,20260122,47077,41066,EMPIRICAL PIPELINE COMPANY LLC,Natural Gas,INTRASTATE,TEXAS,0,0,0,0,0,0,0,0,0,0,0,0,0,0,0,0,0,0,0,0,0,0,0,0,0,0,0,0,0,0,0,0,0,0,0,0,0,0,0,0,0,0,0,0,0,0,0,0,0,0,0,0,0,0,0,0,0,0,0,0,0,0,0,0,0,0,0,0,0,0,0,0,0,0,0,0,0,0,0,0,0,0,0,0,0,0,0,0,0,0,0,0,0,0,0,0,0,0,0,0,0,0,0,0,0,0,0,0,0,0,0,0,0,0,0,0,0,0,0,0,0,0,0,0,0,0,0,0,0,0,0,0,0,0,0,0,0,0,0,0,0,0,0,0,0,0,0,0,0,0,0,0,0,0,0,,0,0,0,0,0,0,0,0,0,,,,,,,,,,,,,,,,,,,,,,,,,,,,,,,0,318,,,,,,,,,,,,,,,,,,,,,,,,,,,,,,,0,
9/1/2026,2025,20260497,47465,41071,VERDUN OIL EF II LLC,Natural Gas,INTRASTATE,TEXAS,,,,,,,,,,,,,,,,,,,,,,,,,,,,,,,,,,,,,,,,,,,,,,,,,,,,,,,,,,,,,,,,,,,,,,,,,,,,,,,,,,,,,,,,,,,,,,,,,,,,,,,,,,,,,,,,,,,,,,,,,,,,,,,,,,,,,,,,,,,,,,,,,,,,,,,,,,,,,,,,,,,,,,,,,,,,,,,,,,,,,,,,,,,,,,,,,,,,0,,0,0,0,0,0,0,0,0,0,0,0,0,0,0,0,0,0,0,0,0,0,0,0,0,0,0,0,0,0,0,0,665
9/1/2026,2025,20260391,47356,41072,GUARDIAN ENERGY JANESVILLE,Natural Gas,INTRASTATE,MINNESOTA,,0,0,0,,,,,,,,,0,0,0,,,,,,,,,0,0,0,,,,,,,,,0,0,0,,,,,,,,,0,0,0,,,,,,,,,0,0,0,,,,,,,,,0,0,0,,,,,,,,,0,0,0,,,,,,,,,0,0,0,,,,,,,,,0,0,0,,,,,,,,,0,0,0,,,,,,,,,0,0,0,,,,,,,,,0,0,0,,,,,,,,,0,0,0,,,,,,,,0,,0,,,,,,0,,0,0,0,0,0,0,0,0,0,0,0,0,0,0,0,0,0,0,0,0,0,0,0,0,0,0,0,0,0,0,0,0,7,,,,,,,,,,,,,,,,,,,,,,,,,,,,,,,,
9/1/2026,2025,20261412,48437,41074,DARA ENERGY,Natural Gas,INTRASTATE,KENTUCKY,,0,,,,,,,0,0,,,0,,,,,,,0,0,,,0,,,,,,,0,0,,,0,,,,,,,0,0,,,0,,,,,,,0,0,,,0,,,,,,,0,0,,,0,,,,,,,0,0,,,0,,,,,,,0,0,,,0,,,,,,,0,0,,,0,,,,,,,0,0,,,0,,,,,,,0,0,,,0,,,,,,,0,0,,,0,,,,,,,0,0,,,0,,,,,,,0,0,,,0,,,,0,0,,,0,0,,,,,,,,,,,,,,,,,,,,,,,,,,,,,,,0,,6,,,,,6,,,1,,,,1,,,,,,,,1,,,,,,,,,1,8,0
9/1/2026,2025,20261232,48245,41077,AZUL OPERATING LLC,Natural Gas,INTRASTATE,LOUISIANA,0,0,0,0,0,0,0,0,0,0,0,0,0,0,0,0,0,0,0,0,0,0,0,0,0,0,0,0,0,0,0,0,0,0,0,0,0,0,0,0,0,0,0,0,0,0,0,0,0,0,0,0,0,0,0,0,0,0,0,0,0,0,0,0,0,0,0,0,0,0,0,0,0,0,0,0,0,0,0,0,0,0,0,0,0,0,0,0,0,0,0,0,0,0,0,0,0,0,0,0,0,0,0,0,0,0,0,0,0,0,0,0,0,0,0,0,0,0,0,0,0,0,0,0,0,0,0,0,0,0,0,0,0,0,0,0,0,0,0,0,0,0,0,0,0,0,0,0,0,0,0,0,0,0,,,,,,,,,,,,,,,,,,,,,,,,,,,,,,,,,,,,,,,,,,0,,,,,,,,,,,,,,,,,,,,,,,,,,,,,,,,0,1
9/1/2026,2025,20260565,47547,41081,ADDAX MIDSTREAM LLC,Natural Gas,INTRASTATE,TEXAS,0,0,0,0,0,0,0,0,0,0,0,0,0,0,0,0,0,0,0,0,0,0,0,0,0,0,0,0,0,0,0,0,0,0,0,0,0,0,0,0,0,0,0,0,0,0,0,0,0,0,0,0,0,0,0,0,0,0,0,0,0,0,0,0,0,0,0,0,0,0,0,0,0,0,0,0,0,0,0,0,0,0,0,0,0,0,0,0,0,0,0,0,0,0,0,0,0,0,0,0,0,0,0,0,0,0,0,0,0,0,0,0,0,0,0,0,0,0,0,0,0,0,0,0,0,0,0,0,0,0,0,0,0,0,0,0,0,0,0,0,0,0,0,0,0,0,0,0,0,0,0,0,0,0,,0,0,0,0,0,0,0,0,0,0,,,,,,,,,,,,,,,,,,,,,,,,,,,,,,,0,,,,,,,,,,,,,,,,,,,,,,,,,,,,,,,,0,1680
9/1/2026,2025,20260528,47508,41083,GREYLOCK APPLE GROVE PIPELINE LLC,Natural Gas,INTRASTATE,WEST VIRGINIA,0,0,0,0,0,0,0,0,0,0,0,0,0,0,0,0,0,0,0,0,0,0,0,0,0,0,0,0,0,0,0,0,0,0,0,0,0,0,0,0,0,0,0,0,0,0,0,0,0,0,0,0,0,0,0,0,0,0,0,0,0,0,0,0,0,0,0,0,0,0,0,0,0,0,0,0,0,0,0,0,0,0,0,0,0,0,0,0,0,0,0,0,0,0,0,0,0,0,0,0,0,0,0,0,0,0,0,0,0,0,0,0,0,0,0,0,0,0,0,0,0,0,0,0,0,0,0,0,0,0,0,0,0,0,0,0,0,0,0,0,0,0,0,0,0,0,0,0,0,0,0,0,0,0,0,,0,0,0,0,0,0,0,0,0,,,,,,,,,,,,,,,,,,,,,,,,,,,,,,,0,1,,,,,,,,,,,,,,,,,,,,,,,,,,,,,,,0,
9/1/2026,2025,20260023,46963,41086,MAGNOLIA OIL AND GAS,Natural Gas,INTRASTATE,TEXAS,0,0,0,0,0,0,0,0,0,0,0,0,0,0,0,0,0,0,0,0,0,0,0,0,0,0,0,0,0,0,0,0,0,0,0,0,0,0,0,0,0,0,0,0,0,0,0,0,0,0,0,0,0,0,0,0,0,0,0,0,0,0,0,0,0,0,0,0,0,0,0,0,0,0,0,0,0,0,0,0,0,0,0,0,0,0,0,0,0,0,0,0,0,0,0,0,0,0,0,0,0,0,0,0,0,0,0,0,0,0,0,0,0,0,0,0,0,0,0,0,0,0,0,0,0,0,0,0,0,0,0,0,0,0,0,0,0,0,0,0,0,0,0,0,0,0,0,0,0,0,0,0,0,0,,0,0,0,0,0,0,0,0,0,0,,,,,,,,,,,,,,,,,,,,,,,,,,,,,,,0,,,,,,,,,,,,,,,,,,,,,,,,,,,,,,,,0,0
9/1/2026,2025,20261264,48277,41087,MB ENERGY LLC,Natural Gas,INTRASTATE,TEXAS,0,0,0,0,0,0,0,0,0,0,0,0,0,0,0,0,0,0,0,0,0,0,0,0,0,0,0,0,0,0,0,0,0,0,0,0,0,0,0,0,0,0,0,0,0,0,0,0,0,0,0,0,0,0,0,0,0,0,0,0,0,0,0,0,0,0,0,0,0,0,0,0,0,0,0,0,0,0,0,0,0,0,0,0,0,0,0,0,0,0,0,0,0,0,0,0,0,0,0,0,0,0,0,0,0,0,0,0,0,0,0,0,0,0,0,0,0,0,0,0,0,0,0,0,0,0,0,0,0,0,0,0,0,0,0,0,0,0,0,0,0,0,0,0,0,0,0,0,0,0,0,0,0,0,,0,0,0,0,0,0,0,0,0,0,,,,,,,,,,,,,,,,,,,,,,,,,,,,,,,0,,,,,,,,,,,,,,,,,,,,,,,,,,,,,,,,0,5
9/1/2026,2025,20261331,48344,41088,BPX KARNES GATHERING LLC,Natural Gas,INTRASTATE,TEXAS,0,0,0,0,0,0,0,0,0,0,0,0,0,0,0,0,0,0,0,0,0,0,0,0,0,0,0,0,0,0,0,0,0,0,0,0,0,0,0,0,0,0,0,0,0,0,0,0,0,0,0,0,0,0,0,0,0,0,0,0,0,0,0,0,0,0,0,0,0,0,0,0,0,0,0,0,0,0,0,0,0,0,0,0,0,0,0,0,0,0,0,0,0,0,0,0,0,0,0,0,0,0,0,0,0,0,0,0,0,0,0,0,0,0,0,0,0,0,0,0,0,0,0,0,0,0,0,0,0,0,0,0,0,0,0,0,0,0,0,0,0,0,0,0,0,0,0,0,0,0,0,0,0,0,,0,0,0,0,0,0,0,0,0,0,,,,,,,,,,,,,,,,,,,,,,,,,,,,,,,0,,,,,,,,,,,,,,,,,,,,,,,,,,,,,,,,0,232
9/1/2026,2025,20261023,48026,41096,PELICAN MIDSTREAM CORP,Natural Gas,INTRASTATE,LOUISIANA,0,0,0,0,,,0,,,,,0,0,0,0,,,0,,,,,0,0,0,0,,,0,,,,,0,0,0,0,,,0,,,,,0,0,0,0,,,0,,,,,0,0,0,0,,,0,,,,,0,0,0,0,,,0,,,,,0,0,0,0,,,0,,,,,0,0,0,0,,,0,,,,,0,0,0,0,,,0,,,,,0,0,0,0,,,0,0,0,0,0,0,0,0,0,,,0,0,0,0,0,0,0,0,0,,,0,0,0,0,0,0,0,0,0,,0,,0,0,0,0,0,,0,,,,,,0,,0,,,,,,,,,,,,,,,,,,,,,,,,,,,,,,,0,2774,,,,,,,,,,,,,,,,,,,,,,,,,,,,,,,,
9/1/2026,2025,20260776,47768,41100,AUX MIDSTREAM LLC,Natural Gas,INTRASTATE,WEST VIRGINIA,,0,,,,,,0,0,0,,,0,,,,,,0,0,0,,,0,,,,,,0,0,0,,,0,,,,,,0,0,0,,,0,,,,,,0,0,0,,,0,,,,,,0,0,0,,,0,,,,,,0,0,0,,,0,,,,,,0,0,0,,,0,,,,,,0,0,0,,,0,,,,,,0,0,0,,,0,,,,,,0,0,0,,,0,,,,,,0,0,0,,,0,,,,,,0,0,0,,,0,,,,,,0,0,0,,,,,,0,0,0,,,0,0,,,,,,,,,,,,,,,,,,,,,,,,,,,,,,,,,,,,,,,,,,,,,,,,,,,,,,,,,,,,,,,0,1
9/1/2026,2025,20260393,47358,41103,BUFFALO RUN PIPELINE LLC,Natural Gas,INTRASTATE,TEXAS,0,0,0,0,0,0,0,0,0,0,0,0,0,0,0,0,0,0,0,0,0,0,0,0,0,0,0,0,0,0,0,0,0,0,0,0,0,0,0,0,0,0,0,0,0,0,0,0,0,0,0,0,0,0,0,0,0,0,0,0,0,0,0,0,0,0,0,0,0,0,0,0,0,0,0,0,0,0,0,0,0,0,0,0,0,0,0,0,0,0,0,0,0,0,0,0,0,0,0,0,0,0,0,0,0,0,0,0,0,0,0,0,0,0,0,0,0,0,0,0,0,0,0,0,0,0,0,0,0,0,0,0,0,0,0,0,0,0,0,0,0,0,0,0,0,0,0,0,0,0,0,0,0,0,0,0,0,0,0,0,0,0,0,0,0,0,0,0,0,0,0,0,0,0,0,0,0,0,0,0,0,0,0,0,0,0,0,0,0,0,0,0,0,0,0,0,49169,0,0,0,0,0,0,0,0,0,0,0,0,0,0,0,0,0,0,0,0,0,0,0,0,0,0,0,0,0,0,0,49169
9/1/2026,2025,20260394,47359,41104,BULL RUN PIPELINE LLC,Natural Gas,INTRASTATE,TEXAS,0,0,0,0,0,0,0,0,0,0,0,0,0,0,0,0,0,0,0,0,0,0,0,0,0,0,0,0,0,0,0,0,0,0,0,0,0,0,0,0,0,0,0,0,0,0,0,0,0,0,0,0,0,0,0,0,0,0,0,0,0,0,0,0,0,0,0,0,0,0,0,0,0,0,0,0,0,0,0,0,0,0,0,0,0,0,0,0,0,0,0,0,0,0,0,0,0,0,0,0,0,0,0,0,0,0,0,0,0,0,0,0,0,0,0,0,0,0,0,0,0,0,0,0,0,0,0,0,0,0,0,0,0,0,0,0,0,0,0,0,0,0,0,0,0,0,0,0,0,0,0,0,0,0,0,,0,0,0,0,0,0,0,0,0,0,0,0,0,0,0,0,0,0,0,0,0,0,0,0,0,0,0,0,0,0,0,0,0,0,0,0,0,0,0,0,11281,,,,,,,,,,,,,,,,,,,,,,,,,,,,,,,0,
9/1/2026,2025,20261437,48483,41105,EXPRO ENGINEERING INC,Natural Gas,INTRASTATE,TEXAS,0,0,0,0,0,0,0,0,0,0,0,0,0,0,0,0,0,0,0,0,0,0,0,0,0,0,0,0,0,0,0,0,0,0,0,0,0,0,0,0,0,0,0,0,0,0,0,0,0,0,0,0,0,0,0,0,0,0,0,0,0,0,0,0,0,0,0,0,0,0,0,0,0,0,0,0,0,0,0,0,0,0,0,0,0,0,0,0,0,0,0,0,0,0,0,0,0,0,0,0,0,0,0,0,0,0,0,0,0,0,0,0,0,0,0,0,0,0,0,0,0,0,0,0,0,0,0,0,0,0,0,0,0,0,0,0,0,0,0,0,0,0,0,0,0,0,0,0,0,0,0,0,0,0,,0,0,0,0,0,0,0,0,0,0,,,,,,,,,,,,,,,,,,,,,,,,,,,,,,,0,,,,,,,,,,,,,,,,,,,,,,,,,,,,,,,,0,44
9/1/2026,2025,20260277,47235,41116,BENT WING ENERGY LLC,Natural Gas,INTRASTATE,TEXAS,0,0,0,0,0,0,0,0,0,0,0,0,0,0,0,0,0,0,0,0,0,0,0,0,0,0,0,0,0,0,0,0,0,0,0,0,0,0,0,0,0,0,0,0,0,0,0,0,0,0,0,0,0,0,0,0,0,0,0,0,0,0,0,0,0,0,0,0,0,0,0,0,0,0,0,0,0,0,0,0,0,0,0,0,0,0,0,0,0,0,0,0,0,0,0,0,0,0,0,0,0,0,0,0,0,0,0,0,0,0,0,0,0,0,0,0,0,0,0,0,0,0,0,0,0,0,0,0,0,0,0,0,0,0,0,0,0,0,0,0,0,0,0,0,0,0,0,0,0,0,0,0,0,0,,0,0,0,0,0,0,0,0,0,0,,,,,,,,,,,,,,,,,,,,,,,,,,,,,,,0,,,,,,,,,,,,,,,,,,,,,,,,,,,,,,,,0,117
9/1/2026,2025,20261166,48179,41118,HIGHMARK ENERGY OPERATING LLC,Natural Gas,INTRASTATE,LOUISIANA,0,0,0,0,,,0,0,0,0,,0,0,0,0,,,0,0,0,0,,0,0,0,0,,,0,0,0,0,,0,0,0,0,,,0,0,0,0,,0,0,0,0,,,0,0,0,0,,0,0,0,0,,,0,0,0,0,,0,0,0,0,,,0,0,0,0,,0,0,0,0,,,0,0,0,0,,0,0,0,0,,,0,0,0,0,,0,0,0,0,,,0,0,0,0,,0,0,0,0,,,0,0,0,0,,0,0,0,0,,,0,0,0,0,,0,0,0,0,,,0,0,0,0,,0,0,0,0,,0,,0,0,0,,,,,,0,0,0,,,0,0,0,0,0,0,0,0,0,0,0,0,0,0,0,0,0,0,0,0,0,0,0,0,0,0,0,0,0,0,0,0,0,0,0,0,0,0,0,0,0,0,0,0,0,0,0,0,0,0,0,0,0,0,0,0,0,0,0,0,0,0,0,0,0,0
9/1/2026,2025,20260301,47259,41119,BKV BARNETT II,Natural Gas,INTRASTATE,TEXAS,,0,,,,,,0,,0,,,0,,,,,,0,,0,,,0,,,,,,0,,0,,,0,,,,,,0,,0,,,0,,,,,,0,,0,,,0,,,,,,0,,0,,,0,,,,,,0,,0,,,0,,,,,,0,,0,,,0,,,,,,0,,0,,,0,,,,,,0,,0,,,0,,,,,,0,,0,,,0,,,,,,0,,0,,,0,,,,,,0,,0,,,0,,,,,,0,,0,,,0,,,0,,0,,,0,0,,,,,,,,,,,,,,,,,,,,,,,,,,,,,,,,,,,,,,,,,,,,,,,,,,,,,,,,,,,,,,,0,6464
9/1/2026,2025,20261183,48196,41124,SANTA FE OPERATING LLC,Natural Gas,INTRASTATE,OKLAHOMA,,0,,,,,,,,0,,,0,,,,,,,,0,,,0,,,,,,,,0,,,0,,,,,,,,0,,,0,,,,,,,,0,,,0,,,,,,,,0,,,0,,,,,,,,0,,,0,,,,,,,,0,,,0,,,,,,,,0,,,0,,,,,,,,0,,,0,,,,,,,,0,,,0,,,,,,,,0,,,0,,,,,,,,0,,,0,,,,,,,,0,,,0,,,,,0,,,0,0,,,,,,,,,,,,,,,,,,,,,,,,,,,,,,,,,0,0,0,0,0,0,0,0,0,0,0,0,0,0,0,0,0,0,0,0,0,0,0,0,0,0,0,0,0,0,0,0
9/1/2026,2025,20260947,47946,41125,360 MINING INC,Natural Gas,INTRASTATE,TEXAS,,0,,,,,,0,0,0,,,0,,,,,,0,0,0,,,0,,,,,,0,0,0,,,0,,,,,,0,0,0,,,0,,,,,,0,0,0,,,0,,,,,,0,0,0,,,0,,,,,,0,0,0,,,0,,,,,,0,0,0,,,0,,,,,,0,0,0,,,0,,,,,,0,0,0,,,0,,,,,,0,0,0,,,0,,,,,,0,0,0,,,0,,,,,,0,0,0,,,0,,,,,,0,0,0,,,0,,,0,0,0,,,0,0,,,,,,,,,,,,,,,,,,,,,,,,,,,,,,,,,,,,,,,,,,,,,,,,,,,,,,,,,,,,,,,0,24
9/1/2026,2025,20261441,48488,41129,TWO MOONS MIDSTREAM LLC,Natural Gas,INTRASTATE,OKLAHOMA,0,0,0,0,0,0,0,0,0,0,0,0,0,0,0,0,0,0,0,0,0,0,0,0,0,0,0,0,0,0,0,0,0,0,0,0,0,0,0,0,0,0,0,0,0,0,0,0,0,0,0,0,0,0,0,0,0,0,0,0,0,0,0,0,0,0,0,0,0,0,0,0,0,0,0,0,0,0,0,0,0,0,0,0,0,0,0,0,0,0,0,0,0,0,0,0,0,0,0,0,0,0,0,0,0,0,0,0,0,0,0,0,0,0,0,0,0,0,0,0,0,0,0,0,0,0,0,0,0,0,0,0,0,0,0,0,0,0,0,0,0,0,0,0,0,0,0,0,0,0,0,0,0,0,,0,0,0,0,0,0,0,0,0,0,,,,,,,,,,,,,,,,,,,,,,,,,,,,,,,0,,0,0,0,0,0,0,0,0,0,0,0,0,0,0,0,0,0,0,0,0,0,0,0,0,0,0,0,0,0,0,0,0
9/1/2026,2025,20261442,48489,41162,"LOGAS ENERGY, LLC",Natural Gas,INTRASTATE,TEXAS,,0,,,,,,0,0,0,,,0,,,,,,0,0,0,,,0,,,,,,0,0,0,,,0,,,,,,0,0,0,,,0,,,,,,0,0,0,,,0,,,,,,0,0,0,,,0,,,,,,0,0,0,,,0,,,,,,0,0,0,,,0,,,,,,0,0,0,,,0,,,,,,0,0,0,,,0,,,,,,0,0,0,,,0,,,,,,0,0,0,,,0,,,,,,0,0,0,,,0,,,,,,0,0,0,,,0,,,0,0,0,,,0,0,,,,,,,,,,,,,,,,,,,,,,,,,,,,,,,0,,0,0,0,0,0,0,0,0,0,0,0,0,0,0,0,0,0,0,0,0,0,0,0,0,0,0,0,0,0,0,0,0
9/1/2026,2025,20261447,48515,41183,GATEWAY GATHERING & MKTG. CO.,Natural Gas,INTRASTATE,TEXAS,0,0,0,0,0,0,0,0,0,0,0,0,0,0,0,0,0,0,0,0,0,0,0,0,0,0,0,0,0,0,0,0,0,0,0,0,0,0,0,0,0,0,0,0,0,0,0,0,0,0,0,0,0,0,0,0,0,0,0,0,0,0,0,0,0,0,0,0,0,0,0,0,0,0,0,0,0,0,0,0,0,0,0,0,0,0,0,0,0,0,0,0,0,0,0,0,0,0,0,0,0,0,0,0,0,0,0,0,0,0,0,0,0,0,0,0,0,0,0,0,0,0,0,0,0,0,0,0,0,0,0,0,0,0,0,0,0,0,0,0,0,0,0,0,0,0,0,0,0,0,0,0,0,0,,0,0,0,0,0,0,0,0,0,0,,,,,,,,,,,,,,,,,,,,,,,,,,,,,,,0,,0,0,0,0,0,0,0,0,0,0,0,0,0,0,0,0,0,0,0,0,0,0,0,0,0,0,0,0,0,0,0,649
9/1/2026,2025,20261450,48518,41185,PERMICO MIDSTREAM LLC,Natural Gas,INTRASTATE,TEXAS,0,0,0,0,0,0,0,0,0,0,0,0,0,0,0,0,0,0,0,0,0,0,0,0,0,0,0,0,0,0,0,0,0,0,0,0,0,0,0,0,0,0,0,0,0,0,0,0,0,0,0,0,0,0,0,0,0,0,0,0,0,0,0,0,0,0,0,0,0,0,0,0,0,0,0,0,0,0,0,0,0,0,0,0,0,0,0,0,0,0,0,0,0,0,0,0,0,0,0,0,0,0,0,0,0,0,0,0,0,0,0,0,0,0,0,0,0,0,0,0,0,0,0,0,0,0,0,0,0,0,0,0,0,0,0,0,0,0,0,0,0,0,0,0,0,0,0,0,0,0,0,0,0,0,,0,0,0,0,0,0,0,0,0,0,,,,,,,,,,,,,,,,,,,,,,,,,,,,,,,0,,,,,,,,,,,,,,,,,,,,,,,,,,,,,,,,0,1
9/1/2026,2025,20261448,48516,41187,"J.P. OIL COMPANY, LLC",Natural Gas,INTRASTATE,LOUISIANA,0,0,0,0,,,0,,,,,0,0,0,0,,,0,,,,,0,0,0,0,,,0,,,,,0,0,0,0,,,0,,,,,0,0,0,0,,,0,,,,,0,0,0,0,,,0,,,,,0,0,0,0,,,0,,,,,0,0,0,0,,,0,,,,,0,0,0,0,,,0,,,,,0,0,0,0,,,0,,,,,0,0,0,0,,,0,0,0,0,0,0,0,0,0,,,0,0,0,0,0,0,0,0,0,,,0,0,0,0,0,0,0,0,0,,0,,0,0,0,0,0,,0,,,,,,0,,0,,,,,,,,,,,,,,,,,,,,,,,,,,,,,,,0,0,,,,,,,,,,,,,,,,,,,,,,,,,,,,,,,0,
9/1/2026,2025,20261452,48552,41200,"GULF SHORE ENERGY PARTNERS, LP",Natural Gas,INTERSTATE,TEXAS,0,0,0,0,0,0,0,0,0,0,0,0,0,0,0,0,0,0,0,0,0,0,0,0,0,0,0,0,0,0,0,0,0,0,0,0,0,0,0,0,0,0,0,0,0,0,0,0,0,0,0,0,0,0,0,0,0,0,0,0,0,0,0,0,0,0,0,0,0,0,0,0,0,0,0,0,0,0,0,0,0,0,0,0,0,0,0,0,0,0,0,0,0,0,0,0,0,0,0,0,0,0,0,0,0,0,0,0,0,0,0,0,0,0,0,0,0,0,0,0,0,0,0,0,0,0,0,0,0,0,0,0,0,0,0,0,0,0,0,0,0,0,0,0,0,0,0,0,0,0,0,0,0,0,0,,0,0,0,0,0,0,0,0,0,0,0,0,0,0,0,0,0,0,0,0,0,0,0,0,0,0,0,0,0,0,0,0,0,0,0,0,0,,0,0,0,,,,,,,,,,,,,,,,,,,,,,,,,,,,,,,0,
9/1/2026,2025,20261453,48555,41214,"TRI-C RESOURCES, LLC",Natural Gas,INTRASTATE,TEXAS,,,,,,,,0,0,0,,,,,,,,,0,0,0,,,,,,,,,0,0,0,,,,,,,,,0,0,0,,,,,,,,,0,0,0,,,,,,,,,0,0,0,,,,,,,,,0,0,0,,,,,,,,,0,0,0,,,,,,,,,0,0,0,,,,,,,,,0,0,0,,,,,,,,,0,0,0,,,,,,,,,0,0,0,,,,,,,,,0,0,0,,,,,,,,,0,0,0,,,0,,,0,0,0,,,0,0,,,,,,,,,,,,,,,,,,,,,,,,,,,,,,,0,,0,0,0,0,0,0,0,0,0,0,0,0,0,0,0,0,0,0,0,0,0,0,0,0,0,0,0,0,0,0,0,0
9/1/2026,2025,20261107,48118,99054,US STEEL,Other Gas-Coke Oven Gas,INTRASTATE,PENNSYLVANIA,0,0,0,0,0,0,0,0,0,0,0,0,0,0,0,0,0,0,0,0,0,0,0,0,0,0,0,0,0,0,0,0,0,0,0,0,0,0,0,0,0,0,0,0,0,0,0,0,0,0,0,0,0,0,0,0,0,1,0,0,0,0,0,0,0,0,0,0,0,0,0,0,0,0,0,0,0,0,0,0,0,0,0,0,0,0,0,0,0,0,0,0,0,0,0,0,0,0,0,0,0,0,0,0,0,0,0,0,0,0,0,0,0,0,0,0,0,0,0,0,0,0,0,0,0,0,0,0,0,0,0,0,0,0,0,0,0,0,0,0,0,0,0,0,0,1,0,0,0,0,0,0,0,0,1,,1,0,0,0,0,0,1,0,1,0,0,0,0,0,0,0,0,0,0,0,0,0,0,0,0,0,0,0,0,0,0,0,0,0,0,0,0,0,0,0,18,,,,,,,,,,,,,,,,,,,,,,,,,,,,,,,0,
,,,,,,,,,,,,,,,,,,,,,,,,,,,,,,,,,,,,,,,,,,,,,,,,,,,,,,,,,,,,,,,,,,,,,,,,,,,,,,,,,,,,,,,,,,,,,,,,,,,,,,,,,,,,,,,,,,,,,,,,,,,,,,,,,,,,,,,,,,,,,,,,,,,,,,,,,,,,,,,,,,,,,,,,,,,,,,,,,,,,,,,,,,,,,,,,,,,,,,,,,,,,,,,,,,,,,,,,,,,,,,,,,,,,,,,,,,,,,
,,,,,,,,,,,,,,,,,,,,,,,,,,,,,,,,,,,,,,,,,,,,,,,,,,,,,,,,,,,,,,,,,,,,,,,,,,,,,,,,,,,,,,,,,,,,,,,,,,,,,,,,,,,,,,,,,,,,,,,,,,,,,,,,,,,,,,,,,,,,,,,,,,,,,,,,,,,,,,,,,,,,,,,,,,,,,,,,,,,,,,,,,,,,,,,,,,,,,,,,,,,,,,,,,,,,,,,,,,,,,,,,,,,,,,,,,,,,,
,,,,,,,,,,,,,,,,,,,,,,,,,,,,,,,,,,,,,,,,,,,,,,,,,,,,,,,,,,,,,,,,,,,,,,,,,,,,,,,,,,,,,,,,,,,,,,,,,,,,,,,,,,,,,,,,,,,,,,,,,,,,,,,,,,,,,,,,,,,,,,,,,,,,,,,,,,,,,,,,,,,,,,,,,,,,,,,,,,,,,,,,,,,,,,,,,,,,,,,,,,,,,,,,,,,,,,,,,,,,,,,,,,,,,,,,,,,,,
,,,,,,,,,,,,,,,,,,,,,,,,,,,,,,,,,,,,,,,,,,,,,,,,,,,,,,,,,,,,,,,,,,,,,,,,,,,,,,,,,,,,,,,,,,,,,,,,,,,,,,,,,,,,,,,,,,,,,,,,,,,,,,,,,,,,,,,,,,,,,,,,,,,,,,,,,,,,,,,,,,,,,,,,,,,,,,,,,,,,,,,,,,,,,,,,,,,,,,,,,,,,,,,,,,,,,,,,,,,,,,,,,,,,,,,,,,,,,
,,,,,,,,,,,,,,,,,,,,,,,,,,,,,,,,,,,,,,,,,,,,,,,,,,,,,,,,,,,,,,,,,,,,,,,,,,,,,,,,,,,,,,,,,,,,,,,,,,,,,,,,,,,,,,,,,,,,,,,,,,,,,,,,,,,,,,,,,,,,,,,,,,,,,,,,,,,,,,,,,,,,,,,,,,,,,,,,,,,,,,,,,,,,,,,,,,,,,,,,,,,,,,,,,,,,,,,,,,,,,,,,,,,,,,,,,,,,,
,,,,,,,,,,,,,,,,,,,,,,,,,,,,,,,,,,,,,,,,,,,,,,,,,,,,,,,,,,,,,,,,,,,,,,,,,,,,,,,,,,,,,,,,,,,,,,,,,,,,,,,,,,,,,,,,,,,,,,,,,,,,,,,,,,,,,,,,,,,,,,,,,,,,,,,,,,,,,,,,,,,,,,,,,,,,,,,,,,,,,,,,,,,,,,,,,,,,,,,,,,,,,,,,,,,,,,,,,,,,,,,,,,,,,,,,,,,,,
,,,,,,,,,,,,,,,,,,,,,,,,,,,,,,,,,,,,,,,,,,,,,,,,,,,,,,,,,,,,,,,,,,,,,,,,,,,,,,,,,,,,,,,,,,,,,,,,,,,,,,,,,,,,,,,,,,,,,,,,,,,,,,,,,,,,,,,,,,,,,,,,,,,,,,,,,,,,,,,,,,,,,,,,,,,,,,,,,,,,,,,,,,,,,,,,,,,,,,,,,,,,,,,,,,,,,,,,,,,,,,,,,,,,,,,,,,,,,
,,,,,,,,,,,,,,,,,,,,,,,,,,,,,,,,,,,,,,,,,,,,,,,,,,,,,,,,,,,,,,,,,,,,,,,,,,,,,,,,,,,,,,,,,,,,,,,,,,,,,,,,,,,,,,,,,,,,,,,,,,,,,,,,,,,,,,,,,,,,,,,,,,,,,,,,,,,,,,,,,,,,,,,,,,,,,,,,,,,,,,,,,,,,,,,,,,,,,,,,,,,,,,,,,,,,,,,,,,,,,,,,,,,,,,,,,,,,,
,,,,,,,,,,,,,,,,,,,,,,,,,,,,,,,,,,,,,,,,,,,,,,,,,,,,,,,,,,,,,,,,,,,,,,,,,,,,,,,,,,,,,,,,,,,,,,,,,,,,,,,,,,,,,,,,,,,,,,,,,,,,,,,,,,,,,,,,,,,,,,,,,,,,,,,,,,,,,,,,,,,,,,,,,,,,,,,,,,,,,,,,,,,,,,,,,,,,,,,,,,,,,,,,,,,,,,,,,,,,,,,,,,,,,,,,,,,,,
,,,,,,,,,,,,,,,,,,,,,,,,,,,,,,,,,,,,,,,,,,,,,,,,,,,,,,,,,,,,,,,,,,,,,,,,,,,,,,,,,,,,,,,,,,,,,,,,,,,,,,,,,,,,,,,,,,,,,,,,,,,,,,,,,,,,,,,,,,,,,,,,,,,,,,,,,,,,,,,,,,,,,,,,,,,,,,,,,,,,,,,,,,,,,,,,,,,,,,,,,,,,,,,,,,,,,,,,,,,,,,,,,,,,,,,,,,,,,
,,,,,,,,,,,,,,,,,,,,,,,,,,,,,,,,,,,,,,,,,,,,,,,,,,,,,,,,,,,,,,,,,,,,,,,,,,,,,,,,,,,,,,,,,,,,,,,,,,,,,,,,,,,,,,,,,,,,,,,,,,,,,,,,,,,,,,,,,,,,,,,,,,,,,,,,,,,,,,,,,,,,,,,,,,,,,,,,,,,,,,,,,,,,,,,,,,,,,,,,,,,,,,,,,,,,,,,,,,,,,,,,,,,,,,,,,,,,,
,,,,,,,,,,,,,,,,,,,,,,,,,,,,,,,,,,,,,,,,,,,,,,,,,,,,,,,,,,,,,,,,,,,,,,,,,,,,,,,,,,,,,,,,,,,,,,,,,,,,,,,,,,,,,,,,,,,,,,,,,,,,,,,,,,,,,,,,,,,,,,,,,,,,,,,,,,,,,,,,,,,,,,,,,,,,,,,,,,,,,,,,,,,,,,,,,,,,,,,,,,,,,,,,,,,,,,,,,,,,,,,,,,,,,,,,,,,,,
,,,,,,,,,,,,,,,,,,,,,,,,,,,,,,,,,,,,,,,,,,,,,,,,,,,,,,,,,,,,,,,,,,,,,,,,,,,,,,,,,,,,,,,,,,,,,,,,,,,,,,,,,,,,,,,,,,,,,,,,,,,,,,,,,,,,,,,,,,,,,,,,,,,,,,,,,,,,,,,,,,,,,,,,,,,,,,,,,,,,,,,,,,,,,,,,,,,,,,,,,,,,,,,,,,,,,,,,,,,,,,,,,,,,,,,,,,,,,
,,,,,,,,,,,,,,,,,,,,,,,,,,,,,,,,,,,,,,,,,,,,,,,,,,,,,,,,,,,,,,,,,,,,,,,,,,,,,,,,,,,,,,,,,,,,,,,,,,,,,,,,,,,,,,,,,,,,,,,,,,,,,,,,,,,,,,,,,,,,,,,,,,,,,,,,,,,,,,,,,,,,,,,,,,,,,,,,,,,,,,,,,,,,,,,,,,,,,,,,,,,,,,,,,,,,,,,,,,,,,,,,,,,,,,,,,,,,,
,,,,,,,,,,,,,,,,,,,,,,,,,,,,,,,,,,,,,,,,,,,,,,,,,,,,,,,,,,,,,,,,,,,,,,,,,,,,,,,,,,,,,,,,,,,,,,,,,,,,,,,,,,,,,,,,,,,,,,,,,,,,,,,,,,,,,,,,,,,,,,,,,,,,,,,,,,,,,,,,,,,,,,,,,,,,,,,,,,,,,,,,,,,,,,,,,,,,,,,,,,,,,,,,,,,,,,,,,,,,,,,,,,,,,,,,,,,,,
,,,,,,,,,,,,,,,,,,,,,,,,,,,,,,,,,,,,,,,,,,,,,,,,,,,,,,,,,,,,,,,,,,,,,,,,,,,,,,,,,,,,,,,,,,,,,,,,,,,,,,,,,,,,,,,,,,,,,,,,,,,,,,,,,,,,,,,,,,,,,,,,,,,,,,,,,,,,,,,,,,,,,,,,,,,,,,,,,,,,,,,,,,,,,,,,,,,,,,,,,,,,,,,,,,,,,,,,,,,,,,,,,,,,,,,,,,,,,
,,,,,,,,,,,,,,,,,,,,,,,,,,,,,,,,,,,,,,,,,,,,,,,,,,,,,,,,,,,,,,,,,,,,,,,,,,,,,,,,,,,,,,,,,,,,,,,,,,,,,,,,,,,,,,,,,,,,,,,,,,,,,,,,,,,,,,,,,,,,,,,,,,,,,,,,,,,,,,,,,,,,,,,,,,,,,,,,,,,,,,,,,,,,,,,,,,,,,,,,,,,,,,,,,,,,,,,,,,,,,,,,,,,,,,,,,,,,,
,,,,,,,,,,,,,,,,,,,,,,,,,,,,,,,,,,,,,,,,,,,,,,,,,,,,,,,,,,,,,,,,,,,,,,,,,,,,,,,,,,,,,,,,,,,,,,,,,,,,,,,,,,,,,,,,,,,,,,,,,,,,,,,,,,,,,,,,,,,,,,,,,,,,,,,,,,,,,,,,,,,,,,,,,,,,,,,,,,,,,,,,,,,,,,,,,,,,,,,,,,,,,,,,,,,,,,,,,,,,,,,,,,,,,,,,,,,,,
,,,,,,,,,,,,,,,,,,,,,,,,,,,,,,,,,,,,,,,,,,,,,,,,,,,,,,,,,,,,,,,,,,,,,,,,,,,,,,,,,,,,,,,,,,,,,,,,,,,,,,,,,,,,,,,,,,,,,,,,,,,,,,,,,,,,,,,,,,,,,,,,,,,,,,,,,,,,,,,,,,,,,,,,,,,,,,,,,,,,,,,,,,,,,,,,,,,,,,,,,,,,,,,,,,,,,,,,,,,,,,,,,,,,,,,,,,,,,
,,,,,,,,,,,,,,,,,,,,,,,,,,,,,,,,,,,,,,,,,,,,,,,,,,,,,,,,,,,,,,,,,,,,,,,,,,,,,,,,,,,,,,,,,,,,,,,,,,,,,,,,,,,,,,,,,,,,,,,,,,,,,,,,,,,,,,,,,,,,,,,,,,,,,,,,,,,,,,,,,,,,,,,,,,,,,,,,,,,,,,,,,,,,,,,,,,,,,,,,,,,,,,,,,,,,,,,,,,,,,,,,,,,,,,,,,,,,,
,,,,,,,,,,,,,,,,,,,,,,,,,,,,,,,,,,,,,,,,,,,,,,,,,,,,,,,,,,,,,,,,,,,,,,,,,,,,,,,,,,,,,,,,,,,,,,,,,,,,,,,,,,,,,,,,,,,,,,,,,,,,,,,,,,,,,,,,,,,,,,,,,,,,,,,,,,,,,,,,,,,,,,,,,,,,,,,,,,,,,,,,,,,,,,,,,,,,,,,,,,,,,,,,,,,,,,,,,,,,,,,,,,,,,,,,,,,,,
,,,,,,,,,,,,,,,,,,,,,,,,,,,,,,,,,,,,,,,,,,,,,,,,,,,,,,,,,,,,,,,,,,,,,,,,,,,,,,,,,,,,,,,,,,,,,,,,,,,,,,,,,,,,,,,,,,,,,,,,,,,,,,,,,,,,,,,,,,,,,,,,,,,,,,,,,,,,,,,,,,,,,,,,,,,,,,,,,,,,,,,,,,,,,,,,,,,,,,,,,,,,,,,,,,,,,,,,,,,,,,,,,,,,,,,,,,,,,
,,,,,,,,,,,,,,,,,,,,,,,,,,,,,,,,,,,,,,,,,,,,,,,,,,,,,,,,,,,,,,,,,,,,,,,,,,,,,,,,,,,,,,,,,,,,,,,,,,,,,,,,,,,,,,,,,,,,,,,,,,,,,,,,,,,,,,,,,,,,,,,,,,,,,,,,,,,,,,,,,,,,,,,,,,,,,,,,,,,,,,,,,,,,,,,,,,,,,,,,,,,,,,,,,,,,,,,,,,,,,,,,,,,,,,,,,,,,,
,,,,,,,,,,,,,,,,,,,,,,,,,,,,,,,,,,,,,,,,,,,,,,,,,,,,,,,,,,,,,,,,,,,,,,,,,,,,,,,,,,,,,,,,,,,,,,,,,,,,,,,,,,,,,,,,,,,,,,,,,,,,,,,,,,,,,,,,,,,,,,,,,,,,,,,,,,,,,,,,,,,,,,,,,,,,,,,,,,,,,,,,,,,,,,,,,,,,,,,,,,,,,,,,,,,,,,,,,,,,,,,,,,,,,,,,,,,,,
,,,,,,,,,,,,,,,,,,,,,,,,,,,,,,,,,,,,,,,,,,,,,,,,,,,,,,,,,,,,,,,,,,,,,,,,,,,,,,,,,,,,,,,,,,,,,,,,,,,,,,,,,,,,,,,,,,,,,,,,,,,,,,,,,,,,,,,,,,,,,,,,,,,,,,,,,,,,,,,,,,,,,,,,,,,,,,,,,,,,,,,,,,,,,,,,,,,,,,,,,,,,,,,,,,,,,,,,,,,,,,,,,,,,,,,,,,,,,
,,,,,,,,,,,,,,,,,,,,,,,,,,,,,,,,,,,,,,,,,,,,,,,,,,,,,,,,,,,,,,,,,,,,,,,,,,,,,,,,,,,,,,,,,,,,,,,,,,,,,,,,,,,,,,,,,,,,,,,,,,,,,,,,,,,,,,,,,,,,,,,,,,,,,,,,,,,,,,,,,,,,,,,,,,,,,,,,,,,,,,,,,,,,,,,,,,,,,,,,,,,,,,,,,,,,,,,,,,,,,,,,,,,,,,,,,,,,,
,,,,,,,,,,,,,,,,,,,,,,,,,,,,,,,,,,,,,,,,,,,,,,,,,,,,,,,,,,,,,,,,,,,,,,,,,,,,,,,,,,,,,,,,,,,,,,,,,,,,,,,,,,,,,,,,,,,,,,,,,,,,,,,,,,,,,,,,,,,,,,,,,,,,,,,,,,,,,,,,,,,,,,,,,,,,,,,,,,,,,,,,,,,,,,,,,,,,,,,,,,,,,,,,,,,,,,,,,,,,,,,,,,,,,,,,,,,,,
,,,,,,,,,,,,,,,,,,,,,,,,,,,,,,,,,,,,,,,,,,,,,,,,,,,,,,,,,,,,,,,,,,,,,,,,,,,,,,,,,,,,,,,,,,,,,,,,,,,,,,,,,,,,,,,,,,,,,,,,,,,,,,,,,,,,,,,,,,,,,,,,,,,,,,,,,,,,,,,,,,,,,,,,,,,,,,,,,,,,,,,,,,,,,,,,,,,,,,,,,,,,,,,,,,,,,,,,,,,,,,,,,,,,,,,,,,,,,
,,,,,,,,,,,,,,,,,,,,,,,,,,,,,,,,,,,,,,,,,,,,,,,,,,,,,,,,,,,,,,,,,,,,,,,,,,,,,,,,,,,,,,,,,,,,,,,,,,,,,,,,,,,,,,,,,,,,,,,,,,,,,,,,,,,,,,,,,,,,,,,,,,,,,,,,,,,,,,,,,,,,,,,,,,,,,,,,,,,,,,,,,,,,,,,,,,,,,,,,,,,,,,,,,,,,,,,,,,,,,,,,,,,,,,,,,,,,,
,,,,,,,,,,,,,,,,,,,,,,,,,,,,,,,,,,,,,,,,,,,,,,,,,,,,,,,,,,,,,,,,,,,,,,,,,,,,,,,,,,,,,,,,,,,,,,,,,,,,,,,,,,,,,,,,,,,,,,,,,,,,,,,,,,,,,,,,,,,,,,,,,,,,,,,,,,,,,,,,,,,,,,,,,,,,,,,,,,,,,,,,,,,,,,,,,,,,,,,,,,,,,,,,,,,,,,,,,,,,,,,,,,,,,,,,,,,,,
,,,,,,,,,,,,,,,,,,,,,,,,,,,,,,,,,,,,,,,,,,,,,,,,,,,,,,,,,,,,,,,,,,,,,,,,,,,,,,,,,,,,,,,,,,,,,,,,,,,,,,,,,,,,,,,,,,,,,,,,,,,,,,,,,,,,,,,,,,,,,,,,,,,,,,,,,,,,,,,,,,,,,,,,,,,,,,,,,,,,,,,,,,,,,,,,,,,,,,,,,,,,,,,,,,,,,,,,,,,,,,,,,,,,,,,,,,,,,
,,,,,,,,,,,,,,,,,,,,,,,,,,,,,,,,,,,,,,,,,,,,,,,,,,,,,,,,,,,,,,,,,,,,,,,,,,,,,,,,,,,,,,,,,,,,,,,,,,,,,,,,,,,,,,,,,,,,,,,,,,,,,,,,,,,,,,,,,,,,,,,,,,,,,,,,,,,,,,,,,,,,,,,,,,,,,,,,,,,,,,,,,,,,,,,,,,,,,,,,,,,,,,,,,,,,,,,,,,,,,,,,,,,,,,,,,,,,,
,,,,,,,,,,,,,,,,,,,,,,,,,,,,,,,,,,,,,,,,,,,,,,,,,,,,,,,,,,,,,,,,,,,,,,,,,,,,,,,,,,,,,,,,,,,,,,,,,,,,,,,,,,,,,,,,,,,,,,,,,,,,,,,,,,,,,,,,,,,,,,,,,,,,,,,,,,,,,,,,,,,,,,,,,,,,,,,,,,,,,,,,,,,,,,,,,,,,,,,,,,,,,,,,,,,,,,,,,,,,,,,,,,,,,,,,,,,,,
,,,,,,,,,,,,,,,,,,,,,,,,,,,,,,,,,,,,,,,,,,,,,,,,,,,,,,,,,,,,,,,,,,,,,,,,,,,,,,,,,,,,,,,,,,,,,,,,,,,,,,,,,,,,,,,,,,,,,,,,,,,,,,,,,,,,,,,,,,,,,,,,,,,,,,,,,,,,,,,,,,,,,,,,,,,,,,,,,,,,,,,,,,,,,,,,,,,,,,,,,,,,,,,,,,,,,,,,,,,,,,,,,,,,,,,,,,,,,
,,,,,,,,,,,,,,,,,,,,,,,,,,,,,,,,,,,,,,,,,,,,,,,,,,,,,,,,,,,,,,,,,,,,,,,,,,,,,,,,,,,,,,,,,,,,,,,,,,,,,,,,,,,,,,,,,,,,,,,,,,,,,,,,,,,,,,,,,,,,,,,,,,,,,,,,,,,,,,,,,,,,,,,,,,,,,,,,,,,,,,,,,,,,,,,,,,,,,,,,,,,,,,,,,,,,,,,,,,,,,,,,,,,,,,,,,,,,,
,,,,,,,,,,,,,,,,,,,,,,,,,,,,,,,,,,,,,,,,,,,,,,,,,,,,,,,,,,,,,,,,,,,,,,,,,,,,,,,,,,,,,,,,,,,,,,,,,,,,,,,,,,,,,,,,,,,,,,,,,,,,,,,,,,,,,,,,,,,,,,,,,,,,,,,,,,,,,,,,,,,,,,,,,,,,,,,,,,,,,,,,,,,,,,,,,,,,,,,,,,,,,,,,,,,,,,,,,,,,,,,,,,,,,,,,,,,,,
,,,,,,,,,,,,,,,,,,,,,,,,,,,,,,,,,,,,,,,,,,,,,,,,,,,,,,,,,,,,,,,,,,,,,,,,,,,,,,,,,,,,,,,,,,,,,,,,,,,,,,,,,,,,,,,,,,,,,,,,,,,,,,,,,,,,,,,,,,,,,,,,,,,,,,,,,,,,,,,,,,,,,,,,,,,,,,,,,,,,,,,,,,,,,,,,,,,,,,,,,,,,,,,,,,,,,,,,,,,,,,,,,,,,,,,,,,,,,
,,,,,,,,,,,,,,,,,,,,,,,,,,,,,,,,,,,,,,,,,,,,,,,,,,,,,,,,,,,,,,,,,,,,,,,,,,,,,,,,,,,,,,,,,,,,,,,,,,,,,,,,,,,,,,,,,,,,,,,,,,,,,,,,,,,,,,,,,,,,,,,,,,,,,,,,,,,,,,,,,,,,,,,,,,,,,,,,,,,,,,,,,,,,,,,,,,,,,,,,,,,,,,,,,,,,,,,,,,,,,,,,,,,,,,,,,,,,,
,,,,,,,,,,,,,,,,,,,,,,,,,,,,,,,,,,,,,,,,,,,,,,,,,,,,,,,,,,,,,,,,,,,,,,,,,,,,,,,,,,,,,,,,,,,,,,,,,,,,,,,,,,,,,,,,,,,,,,,,,,,,,,,,,,,,,,,,,,,,,,,,,,,,,,,,,,,,,,,,,,,,,,,,,,,,,,,,,,,,,,,,,,,,,,,,,,,,,,,,,,,,,,,,,,,,,,,,,,,,,,,,,,,,,,,,,,,,,
,,,,,,,,,,,,,,,,,,,,,,,,,,,,,,,,,,,,,,,,,,,,,,,,,,,,,,,,,,,,,,,,,,,,,,,,,,,,,,,,,,,,,,,,,,,,,,,,,,,,,,,,,,,,,,,,,,,,,,,,,,,,,,,,,,,,,,,,,,,,,,,,,,,,,,,,,,,,,,,,,,,,,,,,,,,,,,,,,,,,,,,,,,,,,,,,,,,,,,,,,,,,,,,,,,,,,,,,,,,,,,,,,,,,,,,,,,,,,
,,,,,,,,,,,,,,,,,,,,,,,,,,,,,,,,,,,,,,,,,,,,,,,,,,,,,,,,,,,,,,,,,,,,,,,,,,,,,,,,,,,,,,,,,,,,,,,,,,,,,,,,,,,,,,,,,,,,,,,,,,,,,,,,,,,,,,,,,,,,,,,,,,,,,,,,,,,,,,,,,,,,,,,,,,,,,,,,,,,,,,,,,,,,,,,,,,,,,,,,,,,,,,,,,,,,,,,,,,,,,,,,,,,,,,,,,,,,,
,,,,,,,,,,,,,,,,,,,,,,,,,,,,,,,,,,,,,,,,,,,,,,,,,,,,,,,,,,,,,,,,,,,,,,,,,,,,,,,,,,,,,,,,,,,,,,,,,,,,,,,,,,,,,,,,,,,,,,,,,,,,,,,,,,,,,,,,,,,,,,,,,,,,,,,,,,,,,,,,,,,,,,,,,,,,,,,,,,,,,,,,,,,,,,,,,,,,,,,,,,,,,,,,,,,,,,,,,,,,,,,,,,,,,,,,,,,,,
,,,,,,,,,,,,,,,,,,,,,,,,,,,,,,,,,,,,,,,,,,,,,,,,,,,,,,,,,,,,,,,,,,,,,,,,,,,,,,,,,,,,,,,,,,,,,,,,,,,,,,,,,,,,,,,,,,,,,,,,,,,,,,,,,,,,,,,,,,,,,,,,,,,,,,,,,,,,,,,,,,,,,,,,,,,,,,,,,,,,,,,,,,,,,,,,,,,,,,,,,,,,,,,,,,,,,,,,,,,,,,,,,,,,,,,,,,,,,
,,,,,,,,,,,,,,,,,,,,,,,,,,,,,,,,,,,,,,,,,,,,,,,,,,,,,,,,,,,,,,,,,,,,,,,,,,,,,,,,,,,,,,,,,,,,,,,,,,,,,,,,,,,,,,,,,,,,,,,,,,,,,,,,,,,,,,,,,,,,,,,,,,,,,,,,,,,,,,,,,,,,,,,,,,,,,,,,,,,,,,,,,,,,,,,,,,,,,,,,,,,,,,,,,,,,,,,,,,,,,,,,,,,,,,,,,,,,,
,,,,,,,,,,,,,,,,,,,,,,,,,,,,,,,,,,,,,,,,,,,,,,,,,,,,,,,,,,,,,,,,,,,,,,,,,,,,,,,,,,,,,,,,,,,,,,,,,,,,,,,,,,,,,,,,,,,,,,,,,,,,,,,,,,,,,,,,,,,,,,,,,,,,,,,,,,,,,,,,,,,,,,,,,,,,,,,,,,,,,,,,,,,,,,,,,,,,,,,,,,,,,,,,,,,,,,,,,,,,,,,,,,,,,,,,,,,,,
