DATAFILE_AS_OF,REPORT_YEAR,REPORT_NUMBER,SUPPLEMENTAL_NUMBER,OPERATOR_ID,PARTA2NAMEOFCOMP,PARTA4STREET,PARTA4CITY,PARTA4STATE,PARTA4ZIP,PARTA5COMMODITY,PARTNPREPNAME,PARTNPREPTITLE,PARTNPREPEMAIL,PARTNPREPTELE,PARTOPREPSENAME,PARTOPREPSETITLE,PARTOPREPSEEMAIL,PARTOPREPSETELE
9/1/2026,2021,20220957,40821,3,ACADIAN GAS PIPELINE SYSTEM,1100 LOUISIANA ST.,HOUSTON,TX,77002,Natural Gas,Ryan Tschannen,Pipeline Compliance Engineer,rtschannen@eprod.com,(713)381-4659,Graham Bacon,Executive Vice President & Chief Operations Officer,gbacon@eprod.com,(713)381-6516
9/1/2026,2021,20221080,40949,117,AIR PRODUCTS & CHEMICALS INC,1940 AIR PRODUCTS BLVD,ALLENTOWN,PA,18106,Synthetic Gas,JW Riley,Pipeline Compliance Manager,rileyjw@airproducts.com,(281)478-3024,Francesco Maione,IGAM President Americas,Maionef@airproducts.com,(610)481-1304
9/1/2026,2021,20221081,40950,117,AIR PRODUCTS & CHEMICALS INC,1940 AIR PRODUCTS BLVD,ALLENTOWN,PA,18106,Other Gas-Fuel Gas,JW Riley,Pipeline Compliance Manager,rileyjw@airproducts.com,(281)478-3024,Francesco Maione,IGAM President Americas,Maionef@airproducts.com,(610)481-1304
9/1/2026,2021,20221082,40951,117,AIR PRODUCTS & CHEMICALS INC,1940 AIR PRODUCTS BLVD,ALLENTOWN,PA,18106,Other Gas-Carbon Monoxide,JW Riley,Pipeline Compliance Manager,rileyjw@airproducts.com,(281)478-3024,Francesco Maione,Shadow-President Americas,maionef@airproducts.com,(610)481-1304
9/1/2026,2021,20221084,43183,117,AIR PRODUCTS & CHEMICALS INC,1940 AIR PRODUCTS BLVD,ALLENTOWN,PA,18106,Hydrogen Gas,JW Riley,Pipeline Compliance Manager,rileyjw@airproducts.com,(281)478-3024,Francesco Maione,Shodow-President Americas,maionef@airproducts.com,(610)481-1304
9/1/2026,2021,20221168,41096,180,SPIRE ALABAMA INC.,605 RICHARD ARRINGTON JR BLVD N,BIRMINGHAM,AL,35203,Natural Gas,Randy Wilson,"Director, Pipeline Safety & Compliance",randy.wilson@spireenergy.com,(205)326-2987,Craig Hoeferlin,"VP, Operations Services & SMS",Craig.Hoeferlin@spireenergy.com,(314)349-2972
9/1/2026,2021,20221164,41038,189,"BBT ALATENN, LLC","BLACK BEAR TRANSMISSION, LLC 1501 MCKINNEY, SUITE 800",HOUSTON,TX,77010,Natural Gas,Meghan Green,EHS&R Specialist,mgreen@blackbearllc.com,(256)367-1083,Ronda Louderman,"Vice President, EHS&R",rlouderman@blackbearllc.com,(361)960-5671
9/1/2026,2021,20220394,46877,207,ALASKA PIPELINE CO,5151 FAIRBANKS STREET,ANCHORAGE,AK,99519,Natural Gas,Michael Gavarrete,Compliance Supervisor,michael.gavarrete@enstarnaturalgas.com,(907)334-7739,Steve Cooper,Vice President of Operations & Engineering,Steve.Cooper@enstarnaturalgas.com,(907)334-7730
9/1/2026,2021,20220103,39934,270,"ALEXANDRIA MUNICIPLE GAS SYSTEM, CITY OF","2021 INDUSTRIAL PARK RD., BLDG A",ALEXANDRIA,LA,71302,Natural Gas,Michael Richey,Superintendent,mike.richey@cityofalex.com,(318)441-6064,,,,
9/1/2026,2021,20220859,40719,288,"ALGONQUIN GAS TRANSMISSION, L.L.C. (SPECTRA ENERGY PARTNERS, LP)",5400 WESTHEIMER COURT,HOUSTON,TX,77056,Natural Gas,Ashley White,Operational Compliance Advisor,ashley.white@enbridge.com,(713)627-6398,Thomas Wooden,VP GTM Engineering & Asset Mgmt,thomas.wooden@enbridge.com,(713)627-5300
9/1/2026,2021,20220881,40741,383,AMARILLO NATURAL GAS INC,5800 ARNOT ROAD,AMARILLO,TX,79119,Natural Gas,Akila Addesso,Office Manager,akila@anginc.net,(806) 352-5271,,,,
9/1/2026,2021,20220268,40107,402,"MARKWEST ENERGY EAST TEXAS GAS COMPANY, L.L.C.","1515 Arapahoe Street TOWER 1, SUITE 1600",Denver,CO,80202,Natural Gas,Victoria Randall,Pipeline Compliance Specialist,VMRandall@MPLX.com,(435)219-1288,,,,
9/1/2026,2021,20221289,46981,405,ANR PIPELINE CO,700 LOUISIANA STREET,HOUSTON,TX,77002,Natural Gas,Paul Shaffer,"Senior Manager, Regulatory Compliance",paul_shaffer@tcenergy.com,(304)357-2245,Brianne Metzger-Doran,VP Operation Services,b_metzger-doran@tcenergy.com,(832)547-4938
9/1/2026,2021,20220931,40794,473,"WESTERN MIDSTREAM PARTNERS, LP",9950 WOODLOCH FOREST DR SUITE 2800,THE WOODLANDS,TX,77380,Natural Gas,Benjamin Malotte,Staff DOT Representative,benjamin.malotte@westernmidstream.com,(720)929-6732,,,,
9/1/2026,2021,20220688,40543,515,DAKOTA GASIFICATION COMPANY,DAKOTA GASIFICATION COMPANY 1717 EAST INTERSTATE AVENUE,BISMARCK,ND,58503-0564,Synthetic Gas,Hunter Eslinger,Pipeline Engineer,HEslinger@bepc.com,(701)873-6511,,,,
9/1/2026,2021,20220660,40514,570,FERNDALE PIPELINE SYSTEM,30 S WACKER DRIVE,CHICAGO,IL,60606,Natural Gas,Lacie Johnson,DOT Program Advisor,lacie.johnson@bp.com,(630)400-0916,John D'Andrea,Vice President,john.dandrea@bp.com,(312)809-3411
9/1/2026,2021,20220537,40383,585,ARGYLE MUNICIPAL GAS SYSTEM,BOX 288 106 EAST 2ND STR,ARGYLE,MN,56713,Natural Gas,anthony m safranski,supervisor,argyleshop@wiktel.com,(218)437-6689,,,,
9/1/2026,2021,20220509,40355,602,"ENABLE GAS TRANSMISSION, LLC",499 W. SHERIDAN  STE 1500,OKLAHOMA CITY,OK,73102,Natural Gas,Susie Sjulin,Director - Regulatory Compliance,susie.sjulin@energytransfer.com,(405)557-5271,Jennifer Street,Group SVP - Operations Services,jennifer.street@energytransfer.com,(214)981-0700
9/1/2026,2021,20220592,46712,603,CENTERPOINT ENERGY RESOURCES CORP.,10825 E GEDDES AVE,CENTENNIAL,CO,80112,Natural Gas,Gary Worley,Senior Analyst,gary.worley@centerpointenergy.com,(812)491-4771,Barbara Varanauski,VP Gas Engineering & System Integrity,barbara.varanauski@centerpointenergy.com,713-207-7058
9/1/2026,2021,20221090,40959,621,ARKANSAS OKLAHOMA GAS CORP,10825 E. GEDDES AVENUE SUITE 410,CENTENNIAL,CO,80112,Natural Gas,Rachel Smith,Regulatory Specialist II,rasmith@summitutilities.com,(207)233-6041,Jason Weekley,Jason Weekley,jweekley@summitutilities.com,(720)981-2123
9/1/2026,2021,20220209,40045,660,"ARLINGTON ENERGY GROUP, LLC",P.O. BOX 131,MAGEE,MS,39111,Natural Gas,George Mouledoux Jr,CONSULTANT,george@nationalcorrosion.com,(504)891-4711,,,,
9/1/2026,2021,20221214,41090,792,ATLANTA GAS LIGHT CO,10 PEACHTREE PLACE NE,ATLANTA,GA,30309,Landfill Gas,Ralph McCollum,Lead Compliance Engineer,rmccollu@southernco.com,(404) 584-3733,Donald F Carter,"VP, Compliance & Technical Services",doncarte@southernco.com,404-584-4504
9/1/2026,2021,20221239,41117,792,ATLANTA GAS LIGHT CO,10 PEACHTREE PLACE NE,ATLANTA,GA,30309,Natural Gas,Ralph McCollum,Lead Compliance Engineer,rmccollu@southernco.com,(404) 584-3733,Donald F Carter,"VP, Compliance & Technical Services",doncarte@southernco.com,404-584-4504
9/1/2026,2021,20220335,40175,840,MOJAVE PIPELINE OPERATING COMPANY,"1001 LOUISIANA ST, SUITE 1000",HOUSTON,TX,77002,Natural Gas,Kenneth Peters,Senior Pipeline Engineer,ken_peters@kindermorgan.com,(205)325-7554,Jorge Torres,VP-Pipeline Integrity,jorge_torres@kindermorgan.com,(713)369-9232
9/1/2026,2021,20221058,40926,842,AIR LIQUIDE LARGE INDUSTRIES U.S. LP,9811 KATY FREEWAY  SUITE 100,HOUSTON,TX,77024,Synthetic Gas,Bobby Skelton,Regulatory Compliance Manager,bobby.skelton@airliquide.com,(713)438-6351,,,,
9/1/2026,2021,20221059,40927,842,AIR LIQUIDE LARGE INDUSTRIES U.S. LP,9811 KATY FREEWAY  SUITE 100,HOUSTON,TX,77024,Natural Gas,Bobby Skelton,Regulatory Compliance Manager,bobby.skelton@airliquide.com,(713)438-6351,,,,
9/1/2026,2021,20221308,41237,842,AIR LIQUIDE LARGE INDUSTRIES U.S. LP,9811 KATY FREEWAY  SUITE 100,HOUSTON,TX,77024,Hydrogen Gas,bobby l skelton,Regulatory Compliance MGT,bobby.skelton@airliquide.com,(832)731-2176,Rui Coelho,"President, Large Industries North America Cluster • Large Industries",rui.coelho@airliquide.com,(713)402-2050
9/1/2026,2021,20220773,40631,844,KERN RIVER GAS TRANSMISSION CO,2755 EAST COTTONWOOD PARKWAY SUITE 300,SALT LAKE CITY,UT,84121,Natural Gas,Gerald W. Parker,Principal Pipeline Safety Engineer,gerald.parker@kernrivergas.com,(801)937-6138,Robert S. Checketts,Vice President Operations & Engineering,robert.checketts@kernrivergas.com,(801)937-6103
9/1/2026,2021,20220853,40713,860,"FAIRBANK, CITY OF",116 EAST MAIN STREET,FAIRBANK,IA,50629,Natural Gas,Ben Delagardelle,operator,fairbankpw@fairbank-ia.org,(319)635-2869,,,,
9/1/2026,2021,20220675,40531,872,LAFITTE GAS PIPELINE,1293 ELDRIDGE PARKWAY,HOUSTON,TX,77077,Natural Gas,Carmen Seal,Pipeline Integrity Manager,cseal@citgo.com,(832)486-5432,Karl Schmidt,"President, Lafitte Pipeline Company",kschmid@citgo.com,(832)486-4136
9/1/2026,2021,20220676,40530,872,LAFITTE GAS PIPELINE,1293 ELDRIDGE PARKWAY,HOUSTON,TX,77077,Hydrogen Gas,Carmen Seal,Pipeline Integrity Manager,cseal@citgo.com,(832)486-5432,,,,
9/1/2026,2021,20221356,41267,878,EAST KENTUCKY MIDSTREAM,60 Community Way POB 523,Jackson,KY,41339,Natural Gas,Jack Banks,VP,jbanksekm20@gmail.com,(606)434-6157,,,,
9/1/2026,2021,20220581,40428,899,5P GAS PIPELINE COMPANY,110 SOUTH RAGSDALE ST.,JACKSONVILLE,TX,75766,Natural Gas,Hope Shelton,Agent,hope@sheltonregconsulting.com,(318)453-4538,,,,
9/1/2026,2021,20220940,40804,920,NATGAS INC.,"901 AVE H,  BOX 40",OZONA,TX,76943-0040,Natural Gas,Ed Hale/Linda Ruiz,Manager/ office manager,natgas.inc@yahoo.com,(325)392-2201,Ed Hale,GM,natgas.inc@yahoo.com,(325)392-2201
9/1/2026,2021,20221000,40866,929,"SEBRING GAS SYSTEM, INC",3515 US-27 SOUTH,SEBRING,FL,33870,Natural Gas,Cameron Menzie,Operations Manager,cmenzie@floridasbestgas.com,(863)385-0194,,,,
9/1/2026,2021,20220353,40195,952,ENERFIN RESOURCES II-92 LIMITED PARTNERSHIP,1001 SOUTH DAIRY ASHFORD ROAD SUITE 220,HOUSTON,TX,77077,Natural Gas,Mark A. Hanson P.E.,"Manager-Environmental, Safety & Regulatory Compliance",mhanson@enerfin.com,(918)493-5000,,,,
9/1/2026,2021,20220223,40059,967,"PINEDALE NATURAL GAS, INC",PO BOX 649 108 N JACKSON AVE,PINEDALE,WY,82941,Natural Gas,Joel Shute,Compliance Officer,joeltshute@gmail.com,(720)227-2026,,,,
9/1/2026,2021,20220043,39867,978,LAWRENCE PAPER CO,2801 LAKEVIEW RD  P.O. BOX 887,LAWRENCE,KS,66049,Natural Gas,Heath Hoffner,Testing & Environmental Compliance,HeathHoffner@LPCO.NET,(913)449-5091,,,,
9/1/2026,2021,20220191,40027,980,APPALACHIAN NATURAL GAS DISTRIBUTION COMPANY,220 WEST VALLEY ST. NW,ABINGDON,VA,24210,Natural Gas,"Diogenes ""dio"" Herrera",VP of Operations,DHERRERA@APPNATGAS.COM,(276)525-0561,,,,
9/1/2026,2021,20220901,40762,993,CROSSROADS PIPELINE COMPANY,700 LOUISIANA STREET,HOUSTON,TX,77002,Natural Gas,Chris Figgatt,Integrity Engineer,chris_figgatt@tcenergy.com,(304)357-3014,Matt Parks,"Vice President, Technical And Operational Services",matt_parks@tcenergy.com,(832)320-5814
9/1/2026,2021,20220839,40699,994,"WILLIAMS FIELD SERVICES - GULF COAST COMPANY, LP",ONE WILLIAMS CENTER P.O. BOX 645,TULSA,OK,74172,Natural Gas,Cheryl Rowell,Regulatory Compliance Specialist Sr.,cheryl.rowell@williams.com,(918)573-5162,,,,
9/1/2026,2021,20221117,40986,994,"WILLIAMS FIELD SERVICES - GULF COAST COMPANY, LP",ONE WILLIAMS CENTER P.O. BOX 645,TULSA,OK,74172,Other Gas-Hydrogen Chloride,Cheryl Rowell,Regulatory Compliance Specialist Sr.,cheryl.rowell@williams.com,(918)573-5162,Mark Cluff,VP Safety & Operational Discipline,Mark.Cluff@williams.com,(918)573-2345
9/1/2026,2021,20220967,40832,997,MIDWAY SUNSET COGENERATION CO,3466 W. CROCKER SPRINGS ROAD,FELLOWS,CA,93224,Natural Gas,Miguel Bojorquez,Regulatory Compliance Specialist,regulatory@midwaysunset.com,(661)768-3000,,,,
9/1/2026,2021,20221125,40996,999,"PACIFIC COAST ENERGY COMPANY, LP",1555 ORCUTT HILL ROAD,ORCUTT,CA,93455,Natural Gas,Kristyn Christie,Pipeline Advisor,kristyn.christie@everlineus.com,(936)447-6100,,,,
9/1/2026,2021,20221306,41192,1007,"TALLGRASS INTERSTATE GAS TRANSMISSION, LLC",370 VAN GORDON ST,LAKEWOOD,CO,80228,Natural Gas,Jennifer Eckels,Compliance Manager,jennifer.eckels@tallgrass.com,(303)763-3486,Byron Gale,"Vice President, EHSS",byron.gale@tallgrass.com,(303)763-3143
9/1/2026,2021,20220823,40683,1088,BALTIMORE GAS AND ELECTRIC COMPANY,110 W FAYETTE ST,BALTIMORE,MD,21201,Natural Gas,Theodore Reed,Section Engineer,theodore.reed@bge.com,(410)470-9515,Dawn White,Vice President - Gas Distribution,dawn.white@bge.com,(410)470-7248
9/1/2026,2021,20220484,40330,1217,BEAR CREEK STORAGE CO,"1001 LOUISIANA ST, STE 1000",HOUSTON,TX,77002,Natural Gas,Balark Chethan,Engineer-Pipeline,Balark_Chethan@kindermorgan.com,(713)420-5629,,,,
9/1/2026,2021,20220044,39868,1232,BEDFORD NATURAL GAS SYSTEM,625 COURT,BEDFORD,IA,50833,Natural Gas,Tammy Thompson,agent,city@mchsi.com,(712)523-2210,,,,
9/1/2026,2021,20221267,41146,1472,BLACK MARLIN PIPELINE CO,ONE WILLIAMS CENTER P.O. BOX 645,TULSA,OK,74172,Natural Gas,Lisa Fortenbaugh,Regulatory Compliance Specialist III,lisa.fortenbaugh@williams.com,(713)494-6514,,,,
9/1/2026,2021,20220374,40216,1486,BLACK WARRIOR TRANSMISSION CORP,PO BOX 140 / 17100 METHANE LANE,BROOKWOOD,AL,35444,Natural Gas,Billy Stacy,Production Engineer,bstacy@bwmcorp.com,(205)535-8915,,,,
9/1/2026,2021,20220928,42478,1640,BOSTON GAS CO,40 SYLVAN ROAD,WALTHAM,MA,02451,Natural Gas,Brian Parro,Engineering Manager,Brian.Parro@nationalgrid.com,(781)434-9766,Walter Fromm,Vice President of Gas Asset Management Engineering,walter.fromm@nationalgrid.com,617-590-2569
9/1/2026,2021,20220290,40129,1700,BRAZOS ELECTRIC POWER COOPERATIVE INC,P.O. BOX 2585,WACO,TX,76702,Natural Gas,Tony Blair,Pipeline Specialist,tblair@brazoselectric.com,(254) 750-6419,,,,
9/1/2026,2021,20220181,40015,1752,BRIGHTON MUNICIPAL GAS SYSTEM,100 EAST WASHINGTON STREET,BRIGHTON,IA,52540,Natural Gas,Phil Krochak,Operator,brightonutilities@yahoo.com,(319)591-0442,,,,
9/1/2026,2021,20220336,40176,1800,KEYSPAN ENERGY DELIVERY - NY CITY,40 SYLVAN RD.,WALTHAM,MA,02451,Natural Gas,Maeve Drogalis,Associate Engineer,maeve.drogalis@nationalgrid.com,(516)273-8209,Thomas Bennett,VP Gas Asset Management and System Planning,Thomas.Bennett@NationalGrid.com,(347)865-3425
9/1/2026,2021,20221177,41051,1845,"BUCKEYE PARTNERS, LP",6161 HAMILTON BOULEVARD,ALLENTOWN,PA,18106,Natural Gas,Kristen Howett,Regulatory Compliance Specialist,khowett@buckeye.com,(610)904-4687,,,,
9/1/2026,2021,20220765,40623,2042,CALLIDUS TECHNOLOGIES by HONEYWELL,"7130 SOUTH LEWIS, SUITE 335",TULSA,OK,74136,Natural Gas,Jeff Canady,agent,prcincorporated@aol.com,(405) 203-2484,,,,
9/1/2026,2021,20220642,40491,2128,CASCADE NATURAL GAS CORP,8113 W. GRANDRIDGE BLVD,KENNEWICK,WA,99336,Natural Gas,Colby Lundstrom,Manager of Compliance and Operations Programs,colby.lundstrom@mdu.com,(509)734-4587,Patrick Darras,Vice President of Engineering & Operations Services,pat.darras@mdu.com,(701)222-7611
9/1/2026,2021,20220187,40023,2180,CENTRAL CITY GAS SYSTEM DEPT,1702 31ST ST,CENTRAL CITY,NE,68826,Natural Gas,Brent Strong,Gas Superintendent,gas@cc-ne.com,(308)940-1226,,,,
9/1/2026,2021,20220974,40839,2188,CENTRAL FLORIDA GAS CORP,208 WILDLIGHT AVE,YULEE,FL,32097,Natural Gas,Michael McCarty,"Director, Measurement and Compliance",mmccarty@fpuc.com,(863)845-7005,JEFF SYLVESTER,SENIOR VICE PRESIDENT AND CHIEF OPERATING OFFICER,jssylvester@chpk.com,(302)213-7382
9/1/2026,2021,20221129,41000,2196,CENTRAL HUDSON GAS & ELECTRIC CORP,284 SOUTH AVENUE,POUGHKEEPSIE,NY,12601,Natural Gas,Jerry Amato Jr.,Director of Gas Compliance,jamato@cenhud.com,(845)486-5642,Charlie A. Freni Jr.,President & C.E.O.,cfreni@cenhud.com,(845)486-5770
9/1/2026,2021,20220159,39992,2256,"CHANUTE, CITY OF",1002 E 14TH STREET,CHANUTE,KS,66720,Natural Gas,Monty Bailey,Gas Superintendent,mbailey@chanute.org,(620)431-5254,,,,
9/1/2026,2021,20221206,41082,2288,CHATTANOOGA GAS CO,10 PEACHTREE PLACE NE,ATLANTA,GA,30309,Natural Gas,Ralph McCollum,Lead Compliance Engineer,rmccollu@southernco.com,(404) 584-3733,Donald F Carter,"VP, Compliance & Technical Services",doncarte@southernco.com,404-584-4504
9/1/2026,2021,20220512,40358,2304,CHILDERSBURG GAS BOARD,117 6TH AVENUE SW,CHILDERSBURG,AL,35044,Natural Gas,Howard L Smith,Assistant General Manager,hsmithcwsg@gmail.com,(256)378-6063,Richard Mizzell,General Manager,tmizzellcwsg@gmail.com,(256)378-6063
9/1/2026,2021,20220528,40374,2364,DUKE ENERGY OHIO,139 East Fourth Street PO Box 960 - Room 460-Annex,CINCINNATI,OH,45202,Natural Gas,Christopher Ransome,Gas Regulatory Compliance Analyst,christopher.ransome@duke-energy.com,(704)731-4680,Brian R. Weisker,Senior VP and Chief Operating Officer,Brian.Weisker@duke-energy.com,(704)731-4314
9/1/2026,2021,20220246,40084,2382,CITATION OIL & GAS CORP,14077 CUTTEN ROAD,HOUSTON,TX,77069,Natural Gas,Robert Redweik,VP - EHS and Regulatory,BRedweik@cogc.com,(281)891-1550,,,,
9/1/2026,2021,20221061,40929,2392,CITIZENS GAS & COKE UTILITY,2020 NORTH MERIDAN ST,INDIANAPOLIS,IN,46202,Natural Gas,Stephanie Tuvell,operator,STuvell@citizensenergygroup.com,(317)927-6073,Michael Sullivan,Director of Energy Engineering,MSullivan@citizensenergygroup.com,(317)927-4626
9/1/2026,2021,20220557,40403,2408,CITIZENS GAS FUEL CO,127 N. MAIN STREET,ADRIAN,MI,49221,Natural Gas,bert fruchey,general manager,frucheyb@dteenergy.com,(517)264-4447,,,,
9/1/2026,2021,20220519,40365,2432,FLORIDA CITY GAS,700 UNIVERSE BLVD,JUNO BEACH,FL,33408,Natural Gas,Sergey Peschanyy,"Manager, Reliability Standards and Compliance",sergey.peschanyy@nexteraenergy.com,(786)413-2955,Manny Miranda,"Exec VP, FPL Power Delivery and President of Florida City Gas",manny.miranda@nexteraenergy.com,(561)904-3407
9/1/2026,2021,20220161,39994,2456,CLARKE - MOBILE COUNTIES GAS DIST,2003 COLLEGE AVENUE P.O. BOX 608,JACKSON,AL,36545,Natural Gas,Mike Sasser,Compliance Manager,msasser@cmcgas.com,(251) 246-2428,Mike Sasser,Compliance Manager,msasser@cmcgas.com,(251)246-2428
9/1/2026,2021,20220588,40435,2480,CLEARFIELD MUNICIPAL GAS SYSTEM,200 S. MAIN,LENOX,IA,50851,Natural Gas,Lynn Christensen,agent,lenoxshop@lenoxia.com,(641)333-2228,,,,
9/1/2026,2021,20220869,40729,2512,CLINTON - NEWBERRY NATURAL GAS AUTH,1643 SPRINGDALE DR,CLINTON,SC,29325,Natural Gas,william baldwin,operator,bbaldwin@cnnga.com,(864)833-1862,James Capps,James Capps,jcapps@cnnga.com,(864)833-1862
9/1/2026,2021,20220711,40567,2564,COLORADO INTERSTATE GAS CO,"1001 LOUISIANA ST, SUITE 1000",HOUSTON,TX,77002,Natural Gas,Balark Chethan,Engineer - Pipeline,balark_chethan@kindermorgan.com,(713)420-5629,Jorge Torres,VP - Pipeline Integrity,jorge_torres@kindermorgan.com,(713)369-9232
9/1/2026,2021,20221065,40933,2585,COLUMBIA GAS OF KENTUCKY INC,2001 MERCER ROAD,LEXINGTON,KY,40512,Natural Gas,Ryan Twait,"Operations, Compliance Manager",rmtwait@nisource.com,(859)533-4022,Kimra Cole,"President & COO Columbia Gas of Kentucky, Inc.",kimracole@nisource.com,(859)288-0275
9/1/2026,2021,20220994,40860,2588,COLUMBIA GAS OF MARYLAND INC,121 CHAMPION WAY,CANONSBURG,PA,15317,Natural Gas,Rick Burke,Operations Compliance Specialist,rburke@nisource.com,(724)321-7155,Curtis J Anstead,Vice President Gas Operations,cjanstead@nisource.com,(419)957-6404
9/1/2026,2021,20220941,40805,2596,COLUMBIA GAS OF OHIO INC,290 W NATIONWIDE BLVD,COLUMBUS,OH,43215,Natural Gas,Rob Smith,Manager of Operations Compliance,rrsmith@nisource.com,(614)460-5491,Vincent Parisi,President COO,vparisi@nisource.com,(614)460-6946
9/1/2026,2021,20220998,40864,2600,COLUMBIA GAS OF PENNSYLVANIA,121 CHAMPION WAY,CANONSBURG,PA,15317,Natural Gas,Rick Burke,Operations Compliance Manager,rburke@nisource.com,(724)321-7155,Curtis J Anstead,Vice President Gas Operations,cjanstead@nisource.com,(419)957-6404
9/1/2026,2021,20220916,40778,2604,COLUMBIA GAS OF VIRGINIA INC,1809 COYOTE DRIVE,CHESTER,VA,23836,Natural Gas,Nolan Quade,Integrity Management Specialist,nquade@nisource.com,(724)531-3956,Brently Archer,President,barcher@nisource.com,(804)768-6441
9/1/2026,2021,20220903,47006,2616,"COLUMBIA GAS TRANSMISSION, LLC",700 LOUISIANA ST.,HOUSTON,TX,77002,Natural Gas,Paul Shaffer,"Senior Manager, Regulatory Compliance",paul_shaffer@tcenergy.com,(304)357-2245,Brianne Metzger-Doran,VP Operation Services,b_metzger-doran@tcenergy.com,(832)547-4938
9/1/2026,2021,20220906,46976,2620,"COLUMBIA GULF TRANSMISSION, LLC",700 LOUISIANA ST.,HOUSTON,TX,77002,Natural Gas,Paul Shaffer,"Senior Manager, Regulatory Compliance",paul_shaffer@tcenergy.com,(304)357-2245,Brianne Metzger-Doran,VP Operation Services,b_metzger-doran@tcenergy.com,(832)547-4938
9/1/2026,2021,20220487,40333,2651,GREER COMMISSION OF PUBLIC WORKS,301 MCCALL STREET,GREER,SC,29650,Natural Gas,Robert Rhodes,Gas Operations Manager,rob.rhodes@greercpw.com,(864)968-3234,Mike Richard,GENERAL MANAGER,mike.richard@greercpw.com,(864)848-5505
9/1/2026,2021,20220552,40398,2652,NSTAR GAS COMPANY,157 CORDAVILLE ROAD,SOUTHBOROUGH,MA,01772,Natural Gas,Lori L Page,Specialist Compliance Operations Gas,lori.page@eversource.com,(351)353-0503,,,,
9/1/2026,2021,20221095,40994,2688,SOUTH ALABAMA GAS DISTRICT,714 WEST FRONT ST,EVERGREEN,AL,36401,Natural Gas,Kimberly Covan,Project Manager,kcovan@southalabamagas.org,(251)578-2740,Mark Burgess,C.E.O.,mburgess@southalabamagas.org,(251)578-2740
9/1/2026,2021,20220623,40472,2704,CONSOLIDATED EDISON CO OF NEW YORK,4 IRVING PLACE,NEW YORK,NY,10003,Natural Gas,Alexander Vozos,Senior Engineer,vozosa@coned.com,(347)541-2627,Amr Hassan,Vice President,HASSANA@coned.com,(212)460-2751
9/1/2026,2021,20220601,40450,2714,"EASTERN GAS TRANSMISSION AND STORAGE, INC.",925 WHITE OAKS BOULEVARD,BRIDGEPORT,WV,26330,Natural Gas,Dan Stahl,Pipeline Integrity Engineer,Daniel.Stahl@bhegts.com,(681)842-3365,Matt Lamb,"Vice President, Eastern Pipeline Operations",Matt.Lamb@bhegts.com,(681)842-3550
9/1/2026,2021,20221193,41067,2731,CHEVRON PIPE LINE CO,1400 SMITH STREET,HOUSTON,TX,77002,Natural Gas,Garrett Parker,Senior Regulatory Specialist,ParkerG@chevron.com,(713)598-0613,Lisa Laine,HSE manager,Lisa.Laine@chevron.com,(713)372-6406
9/1/2026,2021,20220744,46778,2748,CONSUMERS ENERGY CO,ONE ENERGY PLAZA,JACKSON,MI,49201,Natural Gas,Jason Pionk,Gas Compliance Manager,jason.pionk@cmsenergy.com,(989)598-5031,Gregory Salisbury,VP Gas Engineering and Supply,gregory.salisbury@cmsenergy.com,(517)788-8117
9/1/2026,2021,20220518,40364,2767,"HARVEST ALASKA, LLC",3800 CENTERPOINT DRIVE SUITE 1400,ANCHORAGE,AK,99503,Natural Gas,Harold Colgrove,Integrity & Regulatory Compliance Manager,Harold.Colgrove@harvestmidstream.com,(907)777-8310,Andrew Limmer,"Regional Vice President, Alaska",alimmer@harvestmidstream.com,(907)564-5232
9/1/2026,2021,20220079,39906,2796,CORNING MUNICIPAL UTILITIES,501 BENTON AVENUE,CORNING,IA,50841,Natural Gas,Timothy Larsen,operator,tim@corningmu.com,(641)322-3920,,,,
9/1/2026,2021,20220307,40146,2800,CORNING NATURAL GAS CORP,330 W. WILLIAM STREET,CORNING,NY,14830,Natural Gas,Matt Cook,agent,mcook@corninggas.com,(607)936-3755,,,,
9/1/2026,2021,20221159,41033,2859,CRANBERRY PIPELINE CORP (WV),1600 CORPORATE DRIVE,BIRMINGHAM,AL,35242,Natural Gas,Billy Culbertson,Compliance Supervisor,bculbertson@dgoc.com,(606)206-0002,Maverick Bentley,Senior Vice President,mbentley@dgoc.com,(606)794-2950
9/1/2026,2021,20221037,41206,2879,"BBT LOUISIANA INTRASTATE, LLC","BLACK BEAR TRANSMISSION, LLC 1501 MCKINNEY, SUITE 800",HOUSTON,TX,77010,Natural Gas,Meghan Green,EHS&R Specialist,mgreen@blackbearllc.com,(256)335-7301,ronda Louderman,"Vice president, EHS&R",rlouderman@blackbearllc.com,(361)960-5671
9/1/2026,2021,20220497,40343,3240,DELMARVA POWER & LIGHT COMPANY,630 MARTIN LUTHER KING JR.,WILMINGTON,DE,19801,Natural Gas,Kelvin Obara,Senior Engineer,kelvin.obara@delmarva.com,(302)429-3325,William Mokoid,Prisident Delmarva Region,William.Mokoid@exeloncorp.com,(609)625-5864
9/1/2026,2021,20221062,40930,3260,DELTA NATURAL GAS CO INC,3617 LEXINGTON ROAD,WINCHESTER,KY,40391,Natural Gas,Craig Mitchell,Regulatory/Complaince Engineer,cmitchell@deltagas.com,(859)744-6171,JOHN BROWN,PRESIDENT,JBROWN@DELTAGAS.COM,(859)744-6171
9/1/2026,2021,20220380,40222,3527,DOW PIPELINE CO,1000 COUNTY ROAD 340,ANGLETON,TX,77515,Other Gas-Ethylene,David Johse,Regulatory Compliance Focal Point,dgjohse@dow.com,(713)654-3636,Neelam shah,President,neelamshah@dow.com,(713)654-3624
9/1/2026,2021,20220461,40307,3527,DOW PIPELINE CO,1000 COUNTY ROAD 340,ANGLETON,TX,77515,Natural Gas,David Johse,Regulatory Compliance Focal Point,dgjohse@dow.com,(713)654-3636,Neelam shah,President,neelamshah@dow.com,(713)654-3624
9/1/2026,2021,20220385,40227,3532,DOW INTRASTATE GAS CO,1000 COUNTY ROAD 340,ANGLETON,TX,77515,Natural Gas,David Johse,Regulatory Compliance Focal Point,dgjohse@dow.com,(713)654-3636,Neelam shah,President,neelamshah@dow.com,(713)654-3624
9/1/2026,2021,20220433,40279,3535,DOW PIPELINE CO,1000 COUNTY ROAD 340,ANGLETON,TX,77515,Other Gas-Ethylene,David Johse,Regulatory Compliance,dgjohse@dow.com,(713)654-3636,Neelam Shah,President,neelamshah@dow.com,(713)654-3624
9/1/2026,2021,20220240,40077,3590,CITY OF DULUTH PUBLIC WORKS & UTILITIES,"411 WEST FIRST STREET, RM 240",DULUTH,MN,55802,Natural Gas,Joe Gerard,Corrosion Technician,jgerard@duluthmn.gov,(218)730-4072,Greg Guerrero,Director of Public Works,gguerrero@duluthmn.gov,(218)730-4058
9/1/2026,2021,20221348,41254,3830,"GARLAND, CITY OF",200 NORTH FIFTH ST,GARLAND,TX,75046,Natural Gas,MICHAEL BURR,Electric Plant Support Manager,mburr@gpltexas.org,(972)485-6453,Darrell Cline,General Manager & CEO,dcline@gpltexas.org,(972)205-2655
9/1/2026,2021,20220647,40496,4005,E M W GAS ASSOCIATION,416 FIFTH ST,ESTANCIA,NM,87016,Natural Gas,Eddie Obrien,operator,eddie@emwgas.org,(505)384-2369,,,,
9/1/2026,2021,20220707,40801,4060,DOMINION ENERGY OHIO,1201 EAST 55TH STREET,CLEVELAND,OH,44103,Natural Gas,Brian Witte,Consulting Engineer,brian.d.witte@dominionenergy.com,(330)664-2663,James E. Eck,Vice President & General Manager,jim.e.eck@dominionenergy.com,(216)736-6199
9/1/2026,2021,20220876,40736,4070,"EAST TENNESSEE NATURAL GAS, LLC (SPECTRA ENERGY PARTNERS, LP)",5400 WESTHEIMER COURT,HOUSTON,TX,77056,Natural Gas,Ashley White,Operational Compliance Advisor,ashley.white@enbridge.com,(713)627-6398,Thomas Wooden,VP GTM Engineering & Asset Mgmt,thomas.wooden@enbridge.com,(713)627-5300
9/1/2026,2021,20220704,40559,4149,EASTERN SHORE NATURAL GAS CO,"500 ENERGY LANE, SUITE 200",DOVER,DE,19901,Natural Gas,Richard Welsh,"Manager, Operations Compliance",rwelsh@chpk.com,302-213-7276,Jeff Tiethbol,"VP & cOO, eSNG, pPC & AEO",JTietbohl@chpk.com,(302)734-6742
9/1/2026,2021,20221295,41178,4273,EGYPTIAN GAS STORAGE CORP,1410 NORTH CULLEN AVENUE,EVANSVILLE,IN,47715,Natural Gas,Charles Robinson,operator,robinson@robinsonengineering.net,(812)477-1575,,,,
9/1/2026,2021,20220559,40405,4280,EL PASO NATURAL GAS CO,"1001 LOUISIANA ST, STE 1000",Houston,TX,77002-5089,Natural Gas,Shelley Dietz,Pipeline Engineer,shelley_dietz@kindermorgan.com,(713)420-4417,Jorge Torres,Vice President - Engineering,jorge_torres@kindermorgan.com,(713)369-9232
9/1/2026,2021,20220752,40609,4350,ELIZABETHTOWN GAS CO,520 GREEN LANE,UNION,NJ,07083,Natural Gas,Marc Stubel,"Manager, System Integrity",mstubel@sjindustries.com,(908)662-8306,Christie McMullen,President & Chief Operating Officer,cmcmullen@sjindustries.com,(908)662-8449
9/1/2026,2021,20220617,46719,4360,ELIZABETHTOWN NATURAL GAS,301 WATERWORKS DRIVE,ELIZABETHTOWN,KY,42701,Natural Gas,Kim Bell,operator,kim.bell@elizabethtownky.gov,(270)765-6121,,,,
9/1/2026,2021,20220972,40837,4430,VALERO TERMINALING AND DISTRIBUTION COMPANY,ONE VALERO WAY,SAN ANTONIO,TX,78249,Natural Gas,Jerico Perez,Sr. Pipeline Safety Engineer,jerico.perez@valero.com,(210)345-2563,,,,
9/1/2026,2021,20220329,40169,4440,EMMETSBURG MUNICIPAL UTILITIES,2021 MAIN STREET,EMMETSBURG,IA,50536,Natural Gas,Dan Shirk,operator,emugas@emmetsburg.com,(712) 852-4914,,,,
9/1/2026,2021,20220235,40072,4461,"EOG RESOURCES, INC",1111 BAGBY ST. SKY LOBBY 2,HOUSTON,TX,77002,Natural Gas,Keith Elliott,Pipeline Compliance Advisor,keith_elliott@eogresources.com,(817) 806-0472,,,,
9/1/2026,2021,20220964,46786,4473,ATMOS ENERGY CORPORATION - WEST TEXAS,5430 LBJ FREEWAY,DALLAS,TX,75240,Natural Gas,Mike Culp,Compliance Manager,mike.culp@atmosenergy.com,(806)220-6849,Dustin McKnight,Vice President Technical Service,dustin.mcknight@atmosenergy.com,(512)591-1302
9/1/2026,2021,20220593,40500,4499,CENTERPOINT ENERGY RESOURCES CORPORATION,1111 LOUISIANA ST,HOUSTON,TX,77002,Natural Gas,Gary Worley,Operator,gary.worley@centerpointenergy.com,(812)491-4771,Barbara Varanauski,VP Gas Engineering & System Integrity,barbara.varanauski@centerpointenergy.com,713-207-7058
9/1/2026,2021,20220792,41298,4900,KINDER MORGAN TEJAS PIPELINE,"1001 LOUISIANA ST, SUITE 1000",HOUSTON,TX,77002,Natural Gas,Balark Chethan,ENGINEER-PIPELINE,balark_chethan@kindermorgan.com,(713)420-5629,Jorge Torres,VP - Pipeline Integrity,jorge_torres@kindermorgan.com,(713)369-9232
9/1/2026,2021,20220456,40302,4906,EXXONMOBIL PIPELINE COMPANY LLC,22777 SPRINGWOODS VILLAGE PARKWAY E3.5A.598,SPRING,TX,77389,Other Gas-Ethylene,Diana R. Skates,Pipeline Safety Advisor,diana.r.skates@exxonmobil.com,(832)624-7531,Saul Flota,Vice President & Southern Operations Manager,saul.flota@exxonmobil.com,(832)625-5904
9/1/2026,2021,20220473,40319,4906,EXXONMOBIL PIPELINE COMPANY LLC,22777 SPRINGWOODS VILLAGE PARKWAY E3.5A.598,SPRING,TX,77389,Hydrogen Gas,Diana R. Skates,Pipeline Safety Advisor,diana.r.skates@exxonmobil.com,(832)624-7531,,,,
9/1/2026,2021,20220476,40322,4906,EXXONMOBIL PIPELINE COMPANY LLC,22777 SPRINGWOODS VILLAGE PARKWAY E3.5A.598,SPRING,TX,77389,Natural Gas,Diana R. Skates,Pipeline Safety Advisor,diana.r.skates@exxonmobil.com,(832)624-7531,,,,
9/1/2026,2021,20221311,41200,4908,"EXXONMOBIL PRODUCTION COMPANY, A DIVISION OF EXXON MOBIL CORPORATION",22777 SPRINGWOODS VILLAGE PARKWAY W4.2A.531,SPRING,TX,77389,Natural Gas,Adolfo Calero,Regulatory Specialist,adolfo.a.calero@exxonmobil.com,(832)624-2721,,,,
9/1/2026,2021,20220561,40408,5304,FLORIDA GAS TRANSMISSION CO,1300 MAIN STREET,HOUSTON,TX,77002,Natural Gas,Todd Nardozzi,Director - Regulatory Compliance,todd.nardozzi@energytransfer.com,(713)989-7126,jennifer Street,Group SVP - Operations Services,jennifer.street@energytransfer.com,(214)981-0700
9/1/2026,2021,20220041,39864,6030,GAINESVILLE REGIONAL UTIL GAS DEPT,3805 NW 97TH BLVD,GAINESVILLE,FL,32606,Natural Gas,Anthony Hewitt,Gas T&D Manager,hewittad@gru.com,(352)334-6020,anthony Hewitt,Gas T&D Manager,hewittad@gru.com,(352)334-6020
9/1/2026,2021,20221253,41131,6141,NEW MEXICO GAS COMPANY,7120 WYOMING BLVD NE SUITE 20,Albuquerque,NM,87109,Natural Gas,Sheila Ramamurthy,"Manager, Integrity",sheila.ramamurthy@nmgco.com,(505)697-3699,Tom Bullard,"Vice President, Engineering, Gas Mgmt, & Tech Svcs",tom.bullard@nmgco.com,(505)697-3599
9/1/2026,2021,20220111,46718,6243,HAWAII GAS,515 KAMAKEE STREET,HONOLULU,HI,96802-3000,Synthetic Gas,Christopher Hall,IMP Engineer,CHALL@hawaiigas.com,(808)594-5553,Shawn Tasaka,VP of Operations,stasaka@hawaiigas.com,(808)594-5661
9/1/2026,2021,20221032,40898,6345,GEORGIA-PACIFIC CONSUMER,POST OFFICE BOX 3333,CROSSETT,AR,71635,Natural Gas,Andrew Hunsucker,Reliability Engineer,george.hunsucker@gapac.com,(870)567-8309,Tommy Smith,VP -Manufacturing,tommy.smith2@gapac.com,(870)500-8096
9/1/2026,2021,20220999,40865,6580,GRANITE STATE GAS TRANSMISSION INC,325 WEST ROAD,PORTSMOUTH,NH,03801,Natural Gas,Celine Cote,agent,cotec@unitil.com,(603)294-5179,Christopher Leblanc,"Vice President, Gas Operations",leblanc@unitil.com,(603)294-5166
9/1/2026,2021,20220049,39874,6640,"GRAYVILLE GAS DEPT, CITY OF",122 S COURT ST,GRAYVILLE,IL,62844,Natural Gas,Michael Wendling,operator,mwendling@usdi.us,(618)392-5502,,,,
9/1/2026,2021,20220907,46896,6660,GREAT LAKES GAS TRANSMISSION LIMITED PARTNERSHIP,700 LOUISIANA STREET,HOUSTON,TX,77002,Natural Gas,Paul Shaffer,"Senior Manager, Regulatory Compliance",paul_shaffer@tcenergy.com,(304)550-4866,Brianne Metzger-Doran,VP Operation Services,b_metzger-doran@tcenergy.com,(832)547-4938
9/1/2026,2021,20220781,40639,6690,GREAT PLAINS NATURAL GAS CO,400 NORTH FOURTH STREET,BISMARCK,ND,58501,Natural Gas,Debbie Buck,Manager of Compliance & Operations Programs,debbie.buck@mdu.com,(406)896-4210,,,,
9/1/2026,2021,20220873,40733,6720,ATMOS ENERGY CORPORATION - COLORADO/KANSAS,5430 LBJ FREEWAY SUITE 1800,DALLAS,TX,75240,Natural Gas,Vonna Seeber,Compliance,vonna.seeber@atmosenergy.com,(913)254-6326,,,,
9/1/2026,2021,20220110,39942,6810,GREENWOOD COMMISSION OF PUBLIC WORKS,P.O. BOX 549,GREENWOOD,SC,29648,Natural Gas,Jason Willard,Gas Department Director,jwillard@greenwoodcpw.com,(864)942-8164,Jeffrey D. Meredith,General Manager,jmeredith@greenwoodcpw.com,(864)9428101
9/1/2026,2021,20220477,40323,7020,"HALLOCK GAS DEPT, VILLAGE OF",909 S ATLANTIC AVE,HALLOCK,MN,56728,Natural Gas,Dan Larson,Operator,hallockcityshop@wiktel.com,(218)843-2559,,,,
9/1/2026,2021,20221180,41054,7050,HAMPSHIRE GAS CO,1000 MAINE AVENUE SW,WASHINGTON,DC,20024,Natural Gas,Mark Aiesi,DOT Pipeline Supervisor,mark.aiesi@washgas.com,(571)405-4623,Colleen Starring,SVP & COO,colleen.starring@washgas.com,(703)750-5132
9/1/2026,2021,20220334,41352,7180,HAWLEY UTILITIES COMM,305 6TH STREET/P.O. BOX 69,HAWLEY,MN,56549,Natural Gas,Kevin Berg,Public Works Director,kberg@ci.hawley.mn.us,(218)483-3331,,,,
9/1/2026,2021,20220117,39949,7237,MALARKEY ROOFING PRODUCTS,3131 NORTH COLUMBIA BLVD;   PO BOX 17217,PORTLAND,OR,97217,Natural Gas,Jeff  Tonn,operator,jtonn@malarkeyroofing.com,(503)283-1191,,,,
9/1/2026,2021,20220812,40672,7300,"HOGANSVILLE GAS SYSTEM, CITY OF",400 EAST MAIN ST,"HOGANSVILLE, TROUP",GA,30230,Natural Gas,Chris Welborn,Regulatory Compliance Analyst,cwelborn@gasauthority.com,(678)739-6731,,,,
9/1/2026,2021,20220127,39959,7338,HONEOYE STORAGE CORP,4511 EGYPT ROAD,CANANDAIGUA,NY,14424,Natural Gas,Andy Hall,Manager of Marketing and Compliance,andy.hall@honeoyestorage.com,(585)229-5161,,,,
9/1/2026,2021,20220227,40063,7655,HUMPHREYS COUNTY UTILITY DISTRICT,1311 HWY 70 WEST  PO BOX 519,WAVERLY,TN,37185,Natural Gas,Steven Poyner,agent,spoyner@hcud.net,(931)296-3204,Steven Poyner,Operations Manager,spoyner@hcud.net,(931)296-3204
9/1/2026,2021,20221071,40940,7695,HUTCHINSON UTILITIES COMMISSION,225 MICHIGAN STREET SE,HUTCHINSON,MN,55350,Natural Gas,Ryan Ellenson,Crew Chief - Transmission Piplelines,RELLENSON@CI.HUTCHINSON.MN.US,(320)234-0567,John C. Webster,Director Natural Gas Division,jwebster@hutchinsonmn.gov,(320)234-0507
9/1/2026,2021,20220610,46885,8070,INDIANA GAS CO INC,211 NW Riverside Drive,Evansville,IN,47708,Natural Gas,Molly Wolf,Business Analyst,molly.wolf@centerpointenergy.com,(812)491-4459,Barbara Varanauski,VP GAS ENGINEERING & SYSTEM INTEGRITY,barbara.varanauski@centerpointenergy.com,(713)207-7058
9/1/2026,2021,20220580,40427,8140,INLAND EMPIRE PAPER CO,3320 N. ARGONNE,SPOKANE,WA,99212,Natural Gas,Kevin Davis,operator,kevindavis@iepco.com,(509) 924-1911,,,,
9/1/2026,2021,20220632,40481,8160,INTERMOUNTAIN GAS CO,"555 SOUTH COLE ROAD (POB 7608, 83707)",BOISE,ID,83709,Natural Gas,Colby Lundstrom,Manager of Compliance and Operations Programs,colby.lundstrom@mdu.com,(509)734-4587,Patrick Darras,Vice President of Engineering & Operations Services,pat.darras@mdu.com,(701)222-7611
9/1/2026,2021,20221110,40979,8166,"ADELPHIA GATEWAY, LLC",1415 WYCKOFF ROAD PO BOX 1464,WALL,NJ,07719,Natural Gas,Aaron Bass,"Director of Engineering, Integrity & Compliance",abass@njresources.com,(610) 327-5326,Ginger Richman,"President - Adelphia Gateway, LLC",grichman@njresources.com,(732)938-1268
9/1/2026,2021,20220646,40621,8170,ALLIANT ENERGY - INTERSTATE POWER AND LIGHT COMPANY,200 1ST STREET SE,Cedar Rapids,IA,52401,Natural Gas,Andrew Hesselink,Gas Compliance Engineer,andrewhesselink@alliantenergy.com,(608)458-4467,Terry Kouba,SVP AE and PRES IPL,terrykouba@alliantenergy.com,(563)557-2226
9/1/2026,2021,20220935,40798,8310,IROQUOIS GAS CORP,"ONE CORPORATE DRIVE, SUITE 600",SHELTON,CT,06484,Natural Gas,Michael Kinik,"Director, Engineering Services",michael_kinik@iroquois.com,(203)925-7223,Paul R. Amato,"Vice President, Engineering, Operations and Environmental, Health & Safety",paul_amato@iroquois.com,(203)925-7267
9/1/2026,2021,20220029,41371,9200,JEFFERSON - COCKE CO UTIL DIST,122 HIGHWAY 25E,NEWPORT,TN,37821,Natural Gas,Clint Hammonds,Operations Manager,clinth@jccud.com,(423)623-3069,tommy bible,General Manager,tommybible@aol.com,(423)623-3069
9/1/2026,2021,20221264,46936,10035,"KPC PIPELINE, LLC",19970 WEST 161ST STREET,OLATHE,KS,66062,Natural Gas,Adam Cowart,Manager of EHS,acowart@mvpurchasing.com,(316)469-1320,Lee Bullock,President,bullock@mvpurchasing.com,(316)469-0104
9/1/2026,2021,20220766,40624,10270,KINGS MOUNTAIN NATURAL GAS SYSTEM,"P.O. BOX 429, 1013 PIEDMONT AVE",KINGS MOUNTAIN,NC,28086,Natural Gas,"Nick Hendricks, Jr.",Assistant City Manager,nickh@cityofkm.com,(704)734-4516,,,,
9/1/2026,2021,20220843,40703,11017,ATMOS ENERGY CORPORATION - TRANS LOUISIANA GAS PIPELINE,5430 LBJ FREEWAY SUITE 1800,DALLAS,TX,75240,Natural Gas,Wesley Watkins,Compliance Analyst,wesley.watkins@atmosenergy.com,(985)640-6434,Eric Singletary,VP Technical Services,eric.singletary@atmosenergy.com,(985)276-6022
9/1/2026,2021,20221184,41058,11032,SPIRE MISSOURI INC. EAST,700 MARKET STREET,SAINT LOUIS,MO,63101,Natural Gas,Randy Wilson,Director Pipeline Safety and Compliance,randy.wilson@spireenergy.com,(205)326-2987,Craig R. Hoeferlin,VP Operations Services & SMS,craig.hoeferlin@spireenergy.com,(314)349-2972
9/1/2026,2021,20220046,39871,11080,"LAGRANGE GAS DEPT, CITY OF",200 RIDLEY AVENUE,LAGRANGE,GA,30240,Natural Gas,Gene Taylor,Technical Analyst,gtaylor@gasauthority.com,(678)213-7208,,,,
9/1/2026,2021,20221278,41158,11104,"LAKELAND, CITY OF (EX. LAKELAND UTILITIES, CITY OF",501 EAST LEMON STREET,LAKELAND,FL,33801,Natural Gas,Michael Dammer,Operator,Michael.Dammer@LakelandElectric.com,(863)834-8660,Stephen Reinhart,Steven Reinhart,Stephen.Reinhart@LakelandElectric.com,(863)834-8640
9/1/2026,2021,20220218,40054,11175,"LAMAR UTILITIES BOARD, CITY OF",100 NORTH SECOND STREET,LAMAR,CO,81052,Natural Gas,Jason Gass,Electrical Supervisor,jason.gass@lamarlp.com,(719)688-5508,,,,
9/1/2026,2021,20221203,41079,11240,"LAS CRUCES, CITY OF",680 MOTEL BLVD,LAS CRUCES,NM,88007,Natural Gas,Lucio Garcia,Operator,Lugarcia@las-cruces.org,(575)528-3521,,,,
9/1/2026,2021,20220536,40382,11248,LAS VEGAS NATURAL GAS SYSTEM,905 12TH ST. P.O. BOX 179,LAS VEGAS,NM,87701,Natural Gas,kenny lucero,operator,klucero@ci.las-vegas.nm.us,(505)426-3290,Maria Gilvarry,Utilities director,mgilvarry@lasvegasnm.gov,(505)454-3490
9/1/2026,2021,20221328,41228,11251,LAUREL FUEL CO,P.O. BOX 321149,FLOWOOD,MS,39232,Natural Gas,Bernard h Booth,General Counsel,bernard.booth@laurelfuel.com,(601)366-3448,L Forrest Berry,President,lfberry@laurelfuel.com,(601)366-3448
9/1/2026,2021,20220783,40641,11272,LAVACA PIPELINE CO,"103 FANNIN ROAD, PO BOX 769",POINT COMFORT,TX,77978,Natural Gas,Kristyn Christie,agent,kristyn@thecompgroup.com,(936) 447-6100,David Gascamp,Sr. Production Supervisor,davidgaskamp@ftpc.fpcusa.com,(361)987-9803
9/1/2026,2021,20220587,40434,11384,LENOX MUNICIPAL GAS SYSTEM,200 S MAIN,LENOX,IA,50851,Natural Gas,Lynn Christensen,agent,lenoxshop@lenoxia.com,(641)333-2228,,,,
9/1/2026,2021,20220337,40177,11713,KEYSPAN ENERGY DELIVERY - LONG ISLAND,40 SYLVAN RD.,WALTHAM,MA,02451,Natural Gas,Maeve Drogalis,Associate Engineer,maeve.drogalis@nationalgrid.com,(516)273-8209,Thomas Bennett,VP gas asset management and system planning,Thomas.Bennett@NationalGrid.com,(347)865-3425
9/1/2026,2021,20220058,39883,11760,LORIMOR MUNICIPAL GAS SYSTEM,503 MAIN STREET PO BOX 125,LORIMOR,IA,50149,Natural Gas,Nick Vandegriff,Gas Services and Compliance Specialist,nvandegriff@iamu.org,(641)919-8411,,,,
9/1/2026,2021,20220844,40704,11800,ATMOS ENERGY CORPORATION - LOUISIANA,5430 LBJ FREEWAY SUITE 1800,DALLAS,TX,75240,Natural Gas,Wesley Watkins,Compliance Analyst,wesley.watkins@atmosenergy.com,(985)640-6434,Eric Singletary,VP Technical Services,eric.singletary@atmosenergy.com,(985)276-6022
9/1/2026,2021,20220829,43443,11824,LOUISVILLE GAS & ELECTRIC CO,"220 W MAIN ST, PO BOX 32010",LOUISVILLE,KY,40202,Natural Gas,William Norton Jr,Lead Engineer,William.Norton@lge-ku.com,(502)364-8439,Lonnie Bellar,Chief Operating Officer,lonnie.bellar@lge-ku.com,(502)627-4830
9/1/2026,2021,20220113,39945,11885,LUBBOCK POWER & LIGHT,"1314 AVENUE K, 5TH FLOOR",LUBBOCK,TX,79401,Natural Gas,Darla Ward,operator,dward@lpandl.com,(806)775-3530,,,,
9/1/2026,2021,20221360,41278,12059,M H M PIPELINE CO INC,"18333 PRESTON ROAD, SUITE 188",DALLAS,TX,75252,Natural Gas,Jay Mays,Agent,jmays.mhmoil@gmail.com,(972)934-0147,,,,
9/1/2026,2021,20221126,40997,12102,MANNING NATURAL GAS DEPT,321 CENTER STREET,MANNING,IA,51455,Natural Gas,Jeremy Carroll,General Manager,jeremy@manningia.com,(712)655-3905,,,,
9/1/2026,2021,20220945,40809,12180,MARSHALL COUNTY GAS DISTRICT,1245 GUNTER AVENUE,GUNTERSVILLE,AL,35976,Natural Gas,rUSTY CARTEE,TECHNICAL SUPT.,RCARTEE@MCGD.ORG,(256)571-6698,RICHARD T LAWSON,CEO,LAWSON@MCGD.ORG,(256)582-0324
9/1/2026,2021,20220705,40560,12342,MEMPHIS LIGHT GAS & WATER DIVISION,P.O. BOX 430,MEMPHIS,TN,38101,Natural Gas,Clifton Phillips,Lead Engineer,cphillips@mlgw.org,(615)618-0827,Alonzo Weaver,Sr VP Chief Operating Officer,aweaver@mlgw.org,(901)485-0990
9/1/2026,2021,20220756,40613,12350,"CENTERPOINT ENERGY RESOURCES CORP., DBA CENTERPOINT ENERGY MINNESOTA GAS",1111 LOUISIANA ST,HOUSTON,TX,77002,Natural Gas,Kyle Woodley,Staff Engineer,Kyle.Woodley@CenterPointEnergy.com,(612)399-1496,Barbara Varanauski,VP Gas Engineering & System Integrity,Barbara.Varanauski@CenterPointEnergy.com,(713)207-7058
9/1/2026,2021,20220483,40329,12390,METROPOLITAN UTILITIES DISTRICT,7350 WORLD COMMUNICATIONS DR,OMAHA,NE,68122,Natural Gas,Lisa Whorley,Corrosion Engineer,Lisa_Whorley@mudnebr.com,(402)504-7972,,,,
9/1/2026,2021,20221170,41044,12408,DTE GAS COMPANY,ONE ENERGY PLAZA,DETROIT,MI,48226,Natural Gas,Vincent Rodriguez,Senior Engineer,vincent.rodriguez@dteenergy.com,(773)263-6046,Cedric Flowers,Vice President - Gas Operations,cedric.flowers@dteenergy.com,(313)235-4068
9/1/2026,2021,20220146,39979,12420,MICHIGAN GAS UTILITIES CO,899 S TELEGRAPH ROAD,MONROE,MI,48161,Natural Gas,Nathan Lee,Manager of Engineering,nathan.lee@michigangasutilities.com,(517)278-3524,Michael P. Baker,Vice President,mike.baker@michigangasutilities.com,(734)457-6104
9/1/2026,2021,20220637,46832,12455,MIDLAND COGENERATION VENTURE,100 E. PROGRESS PLACE,MIDLAND,MI,48640,Natural Gas,Vince Dalchuk,Agent,vdalchuk@uti-corp.com,(614) 482-8080,Kristi Gledhill,Plant Manager,kgledhill@capitalpower.com,(989)633-7951
9/1/2026,2021,20221031,41207,12462,"BBT MIDLA, LLC","BLACK BEAR TRANSMISSION, LLC 1501 MCKINNEY, SUITE 800",HOUSTON,TX,77010,Natural Gas,Meghan Green,EHS&R Specialist,mgreen@blackbearllc.com,(256)367-1083,Ronda Louderman,"Vice President, EHS&R",rlouderman@blackbearllc.com,(361)960-5671
9/1/2026,2021,20220057,39882,12486,MIDWEST NATURAL GAS CORP,101 S.E. THIRD ST,WASHINGTON,IN,47501,Natural Gas,Phil Ross,operator,phil_r@indiananatural.com,(812)653-1524,,,,
9/1/2026,2021,20221069,44856,12498,MIDWESTERN GAS TRANSMISSION CO,100 WEST FIFTH STREET,TULSA,OK,74103,Natural Gas,Ethan Pulvermacher,Operator,ethan.pulvermacher@oneok.com,(620)453-2020,Bill Bromley,VP Natural Gas Pipeline Operations,bill.bromley@oneok.com,(918)588-7615
9/1/2026,2021,20220508,40354,12576,"ENABLE MISSISSIPPI RIVER TRANSMISSION, LLC",499 W. SHERIDAN  STE 1500,OKLAHOMA CITY,OK,73102,Natural Gas,susie Sjulin,Director - Regulatory Compliance,susie.sjulin@energytransfer.com,(405)557-5271,Jennifer Street,Group SVP - Operation Services,jennifer.street@energytransfer.com,(214)981-0700
9/1/2026,2021,20220910,40772,12582,ATMOS ENERGY CORPORATION - MISSISSIPPI,5430 LBJ FREEWAY SUITE 1800,DALLAS,TX,75240,Natural Gas,Frank Redd,operator,frank.redd@atmosenergy.com,(601) 592-5313,James E. McKenzie,Vice President Technical Services,James.Mckenzie@atmosenergy.com,(601)420-5013
9/1/2026,2021,20220880,40740,12606,THE EMPIRE DISTRICT GAS COMPANY,602 JOPLIN STREET,JOPLIN,MO,64801,Natural Gas,Elizabeth Higgins,Operator,candy.higgins@libertyutilities.com,(660)827-2043,,,,
9/1/2026,2021,20220478,40324,12624,EXXONMOBIL OIL CORPORATION,1795 BURT STREET,BEAUMONT,TX,77701,Natural Gas,Diana R. Skates,Pipeline Safety Advisor,diana.r.skates@exxonmobil.com,(832)624-7531,Saul Flota,Vice President & Southern Operations Manager,saul.flota@exxonmobil.com,(832)625-5904
9/1/2026,2021,20220479,40325,12624,EXXONMOBIL OIL CORPORATION,1795 BURT STREET,BEAUMONT,TX,77701,Hydrogen Gas,Diana R. Skates,Pipeline Safety Advisor,diana.r.skates@exxonmobil.com,(832)624-7531,Saul Flota,Vice President & Southern Operations Manager,saul.flota@exxonmobil.com,(832)625-5904
9/1/2026,2021,20220480,40326,12628,MOBIL  PIPE  LINE COMPANY,22777 SPRINGWOODS VILLAGE PARKWAY E3.5A.385,SPRING,TX,77389,Natural Gas,Diana r. Skates,Pipeline Safety Advisor,diana.r.skates@exxonmobil.com,(832)624-7531,Saul Flota,Vice President & Southern Operations Manager,saul.flota@exxonmobil.com,(832)625-5904
9/1/2026,2021,20220482,40328,12634,EXXONMOBIL OIL CORPORATION,2775 GULF STATES ROAD,BEAUMONT,TX,77704,Natural Gas,Diana R. Skates,Pipeline Safety Advisor,diana.r.skates@exxonmobil.com,(832)624-7531,,,,
9/1/2026,2021,20221192,41066,12642,SPIRE GULF INC.,2828 DAUPHIN STREET,MOBILE,AL,36606,Natural Gas,Jacob Huffstutler,Compliance Engineer,jacob.huffstutler@spireenergy.com,(251)450-4624,Craig Hoeferlin,Vice President Operations Services and SMS,craig.hoeferlin@spireenergy.com,(314)349-2972
9/1/2026,2021,20220973,40838,12672,"MONROE NATURAL GAS DEPT, CITY OF",300 W. CROWELL STREET,MONROE,NC,28112,Natural Gas,Drew Waravdekar,Natural Gas and Compliance Engineer,dwaravdekar@monroenc.org,(704)282-4794,Robert Miller,Interim Director of Energy Services,rmiller@monroenc.org,(704)282-4638
9/1/2026,2021,20220771,40629,12684,MONTANA - DAKOTA UTILITIES CO,400 NORTH FOURTH STREET,BISMARCK,ND,58501,Natural Gas,Debbie Buck,Manager of Compliance & Operations Services,debbie.buck@mdu.com,(406)896-4210,,,,
9/1/2026,2021,20220763,40620,12732,MONTEZUMA NATURAL GAS DEPT,501 E. MAIN  PO BOX 194,MONTEZUMA,IA,50171,Natural Gas,William Buss,Agent,bbuss@hall-engineering.us,(641)437-4477,,,,
9/1/2026,2021,20220126,39958,12794,MORNING SUN MUNICIPAL GAS SYSTEM,11 EAST DIVISION ST. PO BOX 426,MORNING SUN,IA,52640,Natural Gas,Richard Cooley,Operator,water.utility.cooley@morningsun.info,(319) 868-7936,,,,
9/1/2026,2021,20220438,40284,12817,"MOSS BLUFF HUB, LLC (SPECTRA ENERGY PARTNERS, LP)",5400 WESTHEIMER COURT,HOUSTON,TX,77056,Natural Gas,Ashley White,Operational Compliance Advisor,ashley.white@enbridge.com,(713)627-6398,,,,
9/1/2026,2021,20220399,40243,12823,MOULTON MUNICIPAL GAS SYSTEM,111 SOUTH MAIN,MOULTON,IA,52572,Natural Gas,Vicki Withrow,City Clerk/Treasurer,moultoncity@netins.net,(641)642-3328,,,,
9/1/2026,2021,20220548,40394,12874,"DOMINION ENERGY QUESTAR PIPELINE, LLC",333 SOUTH STATE STREET P.O. BOX 45360,SALT LAKE CITY,UT,84145-0360,Natural Gas,Sam Perozek,Engineer II,sam.t.perozek@dominionenergy.com,(801)324-5908,Lori Creer,VP Pipeline Operations,lori.creer@dominionenergy.com,(801)554-7906
9/1/2026,2021,20220963,40828,12876,DOMINION ENERGY UTAH/WYOMING/IDAHO,333 SOUTH STATE STREET P.O. BOX 45360,SALT LAKE CITY,UT,84111,Natural Gas,Sarah Silcox,DIMP Engineer,Sarah.R.Silcox@dominionenergy.com,(801)209-9657,Steven Ridge,"Vice President & General Manager, Western Gas Distribution",steven.d.ridge@dominionenergy.com,(801)989-4506
9/1/2026,2021,20220366,40208,12878,MOUNTAINEER GAS CO,501 56TH ST. SE,CHARLESTON,WV,25304,Natural Gas,Philip Kingrey,Manager,philipkingrey@mgcwv.com,(888)420-4427,,,,
9/1/2026,2021,20220418,40264,12930,MUSTANG GAS PRODUCTS LLC,9800 NORTH OKLAHOMA AVENUE,OKLAHOMA CITY,OK,73114-7406,Natural Gas,Tony Coffman,Operator,tony.coffman@mustangfuel.com,(405)615-3637,,,,
9/1/2026,2021,20221350,41347,12990,BOBWHITE MANAGEMENT CO.,10923 E 82ND PL S,TULSA,OK,74133,Natural Gas,Dan Slagle,President,dms_bobwhite@sbcglobal.net,(918)520-0514,,,,
9/1/2026,2021,20221148,41020,13061,NATIONAL FUEL GAS DISTRIBUTION CORP,6363 MAIN ST.,WILLIAMSVILLE,NY,14221,Natural Gas,Angela Mattern,Associate Engineer,matterna@natfuel.com,(814)871-8035,Michael Colpoys,Senior Vice President,colpoysm@natfuel.com,(814)871-8239
9/1/2026,2021,20221156,41028,13062,NATIONAL FUEL GAS DISTRIBUTION CORP - NEW YORK,6363 MAIN ST.,WILLIAMSVILLE,NY,14221,Natural Gas,Angela Mattern,Associate Engineer,matterna@natfuel.com,(814)871-8035,Michael Colpoys,Senior Vice President,colpoysm@natfuel.com,(814)871-8239
9/1/2026,2021,20221204,41080,13063,NATIONAL FUEL GAS SUPPLY CORP,6363 Main Street,Williamsville,NY,14221-5887,Natural Gas,Rachael Sebesta,Senior Engineer I,SebestaR@natfuel.com,(814)871-8285,Jeffery Kittka,Vice President,KittkaJ@natfuel.com,(814)871-8625
9/1/2026,2021,20220860,40720,13120,NATURAL GAS PIPELINE CO OF AMERICA (KMI),"1001 LOUISIANA ST, STE 1000",HOUSTON,TX,77002,Natural Gas,Daniel Grant,Pipeline Engineer,Daniel_grant@kindermorgan.com,(713)420-4409,Jorge Torres,Vice President - Pipeline Integrity,Jorge_Torres@kindermorgan.com,(713)369-9232
9/1/2026,2021,20220182,40016,13180,NEBRASKA CITY UTILITIES,100 CENTRAL AVE P.O. BOX 670,NEBRASKA CITY,NE,68410,Natural Gas,Bryan Turner,Gas Superintendent,bryan.turner@ncunebcity.com,(402)873-3353,Jeff Kohrs,Manager Nebraska City Uilities,jeff.kohrs@ncunebcity.com,(402)873-3353
9/1/2026,2021,20220850,40710,13299,NEW JERSEY NATURAL GAS CO,1415 WYCKOFF ROAD,WALL,NJ,07719,Natural Gas,Duc Nguyen,Senior Engineer,dnguyen@njng.com,(732)684-6597,John Wyckoff,Vice President - Energy Delivery,jbwyckoff@njng.com,732-938-7864
9/1/2026,2021,20220738,40595,13302,NATIONAL GAS & OIL CORP,1500 GRANVILLE ROAD,NEWARK,OH,43055,Natural Gas,Scott L Miller,O & M Supervisor,smiller@theenergycoop.com,(740)348-1243,,,,
9/1/2026,2021,20221299,41183,13360,"ENTERGY NEW ORLEANS, LLC",3700 TULANE AVENUE,NEW ORLEANS,LA,70119,Natural Gas,Benjamin Taylor,Operator,btaylo1@entergy.com,(505)595-3883,Tad Patella,"Dir, Gas Distribution Business",tpatell@entergy.com,(504)595-3434
9/1/2026,2021,20220914,41201,13420,NEW YORK STATE ELECTRIC & GAS CORP,89 EAST AVE,ROCHESTER,NY,14649,Natural Gas,Dan Blance,Engineer,dcblance@nyseg.com,(607)240-3821,Al Langland,"VP, Gas Operations - Networks",al.langland@avangrid.com,(203)795-7627
9/1/2026,2021,20220338,40178,13480,NIAGARA MOHAWK POWER CORP,40 SYLVAN RD.,WALTHAM,MA,02451,Natural Gas,Maeve Drogalis,Associate Engineer,maeve.drogalis@nationalgrid.com,(516)273-8209,Thomas Bennett,vP gas asset management and system planning,Thomas.Bennett@NationalGrid.com,(347)865-3425
9/1/2026,2021,20220417,40263,13535,NORTH ALABAMA GAS DISTRICT,602 DEARBORN AVENUE,MUSCLE SHOALS,AL,35661,Natural Gas,Eric Smith,Technical Services Director,esmith@nagd.com,(256)383-3306,,,,
9/1/2026,2021,20220288,40127,13630,NORTHEAST OKLAHOMA PUBLIC FACILITIES AUTH,1996 AIRPORT PARKWAY,TAHLEQUAH,OK,74464,Natural Gas,BOBBY EASTHAM,operator,beastham@nopfa.com,(918)456-5621,,,,
9/1/2026,2021,20220804,40664,13635,NORTHEAST OHIO NATURAL GAS CORP,5640 LANCASTER NEWARK RD NE,PLEASANTVILLE,OH,43148,Natural Gas,Kelli Albanese,Compliance Manager,kalbanese@egas.net,(740)400-4314,,,,
9/1/2026,2021,20220893,40754,13660,NORTH SHORE GAS CO,3001 W. GRAND AVENUE,WAUKEGAN,IL,60085,Natural Gas,Erin Carlson,Engineer,erin.carlson@peoplesgasdelivery.com,(312)240-5441,Andy Hesselbach,Senior Vice President Gas Operations,andrew.hesselbach@wecenergygroup.com,(414)221-4759
9/1/2026,2021,20221161,46727,13710,NORTHERN ILLINOIS GAS CO,"P.O. BOX 190, RT 59 & I-88",AURORA,IL,60507,Natural Gas,Ralph McCollum,Principal Compliance Engineer,rmccollu@southernco.com,(404)584-3733,Donald F. Carter,VP Compliance & Technical Services,doncarte@southernco.com,(404)584-4504
9/1/2026,2021,20220968,41075,13730,NORTHERN INDIANA PUBLIC SERVICE CO,801 E 86TH AVENUE,MERRILLVILLE,IN,46410,Natural Gas,Rick Smith,"MGR, Pipeline Safety & Compliance",ricksmith@nisource.com,(219)252-4057,Steven Sylvester,VP Gas Operations,ssylvester@nisource.com,(219)647-6410
9/1/2026,2021,20220861,40721,13750,NORTHERN NATURAL GAS CO,1111 SOUTH 103RD STREET,OMAHA,NE,68124,Natural Gas,John Gormley,operator,john.gormley@nngco.com,(402) 398-7494,Royce Ramsay,VP Operations,royce.ramsay@nngco.com,(402)398-7989
9/1/2026,2021,20220908,40770,13769,NORTHERN BORDER PIPELINE COMPANY,700 LOUISIANA STREET,HOUSTON,TX,77002,Natural Gas,Chris Figgatt,Integrity Engineer,chris_figgatt@tcenergy.com,(304)357-3014,Matt Parks,"Vice President, Technical And Operational Services",matt_parks@tcenergy.com,(832)320-5814
9/1/2026,2021,20220891,40752,13783,NORTHERN STATES POWER CO OF WISCONSIN,"1414 WEST HAMILTON AVE., STE. 3",EAU CLAIRE,WI,54702,Natural Gas,Jeffrey Cremin,Principal Engineer,jeffrey.j.cremin@xcelenergy.com,(612)817-2665,,,,
9/1/2026,2021,20220460,40306,13840,NORTHWEST NATURAL GAS CO,250 SW TAYLOR ST,PORTLAND,OR,97204,Natural Gas,Ryan Truair,Sr. Manager Code Compliance,ryan.truair@nwnatural.com,(503)610-7551,Jon Huddleston,VP Engineering and Utility operations,jon.huddleston@nwnatural.com,(503)226-4211
9/1/2026,2021,20221268,41147,13845,NORTHWEST PIPELINE LLC,2800 POST OAK BLVD,HOUSTON,TX,77056,Natural Gas,Lisa Fortenbaugh,Regulatory Compliance Specialist III,lisa.fortenbaugh@williams.com,(713)494-6514,Mark Cluff,VP Safety & Operational Discipline,mark.cluff@williams.com,(918)573-2345
9/1/2026,2021,20220304,41325,14180,OHIO VALLEY GAS CORP,111 ENERGY PARK DRIVE,WINCHESTER,IN,47394,Natural Gas,Gregory Bailey,Vice President & Chief Engineer,greg.bailey@ovgas.com,(765)584-6842,Scott Williams,CEO,scott.williams@ovgas.com,(765)584-6842
9/1/2026,2021,20220377,40219,14200,OKALOOSA COUNTY GAS DISTRICT,360 VALPARAISO PKWY,VALPARAISO,FL,32580,Natural Gas,Angela Gibson,agent,angelagibson@okaloosagas.com,(850)729-4738,Brent Haywood,Brent Haywood,brenthaywood@okaloosagas.com,(850)729-4741
9/1/2026,2021,20220426,44963,14210,"OKLAHOMA NATURAL GAS COMPANY, A DIVISION OF ONE GAS, INC.",401 N. HARVEY AVE,OKLAHOMA CITY,OK,73102,Natural Gas,Brian Russell,GIS Analyst,Brian.Russell2@onegas.com,(405)551-6681,Ronald Bridgewater,"Vice President, System Integrity",ronald.bridgewater@onegas.com,(918)947-7088
9/1/2026,2021,20220302,40141,14225,RINGWOOD GATHERING CO,22777 SPRINGWOODS VILLAGE PARKWAY,SPRING,TX,77389,Natural Gas,Jameson Gowin,DOT Compliance,jameson.gowin@exxonmobil.com,(832)625-0131,,,,
9/1/2026,2021,20220888,40748,14330,ORANGE & ROCKLAND UTILITY INC,ONE BLUE HILL PLAZA,PEARL RIVER,NY,10965,Natural Gas,Almed Sejati,Gas Engineering Senior Engineer,sejatia@oru.com,(845)577-3024,,,,
9/1/2026,2021,20221288,41170,14356,"ORBIT GAS TRANSMISSION, INC.",1401 SPRING BANK DR. Suite 16,OWENSBORO,KY,42303,Natural Gas,Jim Martin,operator,jim.f.martin@orbitgas.com,(270)302-6431,Jim Martin,President,jim.f.martin@orbitgas.com,(270)302-6431
9/1/2026,2021,20221142,43156,14435,"OZARK GAS TRANSMISSION, L.L.C",1501 MCKINNEY SUITE 800,HOUSTON,TX,77010,Natural Gas,Meghan Green,EHS&R Specialist,mgreen@blackbearllc.com,(256)367-1083,Larry Bonner,Vice President - Operations,jbonner@blackbearllc.com,(601)433-9458
9/1/2026,2021,20220348,40190,15007,PACIFIC GAS & ELECTRIC CO,"PG&E - GAS OPERATIONS, REGULATORY COMPLIANCE 6111 BOLLINGER CANYON RD.,",SAN RAMON,CA,94583,Natural Gas,Susie Richmond,"Manager, Regulatory Compliance",Susie.Richmond@pge.com,(925)786-0267,Janisse Quinones,"Senior Vice President, Gas Engineering",Janisse.Quinones@pge.com,925-667-0484
9/1/2026,2021,20220911,40773,15014,GAS TRANSMISSION NORTHWEST LLC,700 LOUISIANA STREET,HOUSTON,TX,77002,Natural Gas,Chris Figgatt,Integrity Engineer,chris_figgatt@tcenergy.com,(304)357-3014,Matt Parks,"Vice President, Technical And Operational Services",matt_parks@tcenergy.com,(832)320-5814
9/1/2026,2021,20220979,40845,15033,GREAT BASIN GAS TRANSMISSION COMPANY,P.O. BOX 94197,LAS VEGAS,NV,89193,Natural Gas,Daren Turner II,Administrator/Compliance,daren.turner@swgas.com,(702)365-2365,Mark Litwin,Vice President/General Manager,mark.litwin@swgas.com,(702)364-3195
9/1/2026,2021,20220562,40409,15105,PANHANDLE EASTERN PIPELINE CO,1300 MAIN STREET,HOUSTON,TX,77002,Natural Gas,Todd Nardozzi,Director - Regulatory Compliance,todd.nardozzi@energytransfer.com,(713)989-7126,Jennifer Street,Group SVP - Operations Services,jennifer.street@energytransfer.com,(214)981-0700
9/1/2026,2021,20241432,44863,15132,PAPCO INC,213 WEST 3RD AVENUE - THIRD FLOOR,WARREN,PA,16365,Natural Gas,Darryl E. Pierce,Secretary/Treasurer,dep@hooveroil.com,(814)726-2130,,,,
9/1/2026,2021,20220598,40447,15156,SINCLAIR TRANSPORTATION COMPANY,"550 EAST SOUTH TEMPLE (POB 30825, ZIP 84130-0825)",SALT LAKE CITY,UT,84102,Natural Gas,Mike Walsh,GIS Specialist,mwalsh@sinclairoil.com,(970)219-2569,,,,
9/1/2026,2021,20220722,40578,15208,PELICAN RESERVE PIPELINE CO,7412 SHADY VILLA LANE,HOUSTON,TX,77055,Natural Gas,Floyd Belcher,Agent,floyd@papsoq.com,(281)379-1130,,,,
9/1/2026,2021,20220858,41015,15329,PEOPLES GAS LIGHT & COKE CO,200 E RANDOLPH STREET,CHICAGO,IL,60601,Natural Gas,Christopher Marquez,Engineer,christopher.marquez@peoplesgasdelivery.com,(312)240-6623,Andy J. Hesselbach,"Senior Vice President, Gas Operations",andrew.hesselbach@wecenergygroup.com,(414)221-4759
9/1/2026,2021,20220663,40517,15348,PEOPLES GAS SYSTEM INC,PO BOX 2562,TAMPA,FL,33601,Natural Gas,Rory Lacey,Engineer 1,rflacey@tecoenergy.com,(813)275-3734,Helen Wesley,President Peoples Gas System,hwesley@tecoenergy.com,(813)228-1805
9/1/2026,2021,20221127,40998,15350,PEOPLES NATURAL GAS COMPANY LLC,375 NORTH SHORE DRIVE SUITE 600,PITTSBURGH,PA,15212,Natural Gas,Joseph Slick,operator,joseph.d.slick@peoples-gas.com,(412) 244-2518,Paul Becker,"Vice President, Operations",Paul.Becker@peoples-gas.com,(412)258-4406
9/1/2026,2021,20221029,41268,15359,BLACK HILLS ENERGY,2287 COLLEGE ROAD PO BOX 2006,COUNCIL BLUFFS,IA,51502,Natural Gas,Bill Stephens,Mgr Codes & Standards,bill.stephens@blackhillscorp.com,(303)981-6474,john Hill,VP Nat Gas System Safety,john.hill@blackhillscorp.com,(605)721-2180
9/1/2026,2021,20221244,41122,15454,PETROLEUM FUELS CO,6750 W. LOOP SOUTH  SUITE 748,BELLAIRE,TX,77401,Natural Gas,Lawrence Rearick,Regulatory,lrearick1956@gmail.com,(281)217-4958,Reid Bumgarner,President,rbumgarner@pfcmidstream.com,(713)678-0673
9/1/2026,2021,20220448,40294,15462,PECO ENERGY CO,"2301 MARKET STREET, S9-1",PHILADELPHIA,PA,19101,Natural Gas,Rushabh Shah,General Engineer,rushabh.shah2@exeloncorp.com,(609)379-0069,Ronald Bradley,VP Gas,ronald.bradley@exeloncorp.com,(215)841-4483
9/1/2026,2021,20221291,41173,15469,PHILADELPHIA GAS WORKS,800 W. MONTGOMERY AVENUE,PHILADELPHIA,PA,19122,Natural Gas,John Staudenmayer,Senior Regulatory Compliance Analyst,john.staudenmayer@pgworks.com,(267)244-2028,Joseph Hawkinson,"Vice President, Field Operations",joseph.hawkinson@pgworks.com,(215)684-6432
9/1/2026,2021,20221120,40990,15476,PEOPLES GAS COMPANY LLC,375 NORTH SHORE DRIVE SUITE 600,PITTSBURGH,PA,15212,Natural Gas,Joseph Slick,operator,joseph.d.slick@peoples-gas.com,(412)244-2518,,,,
9/1/2026,2021,20221154,41026,15485,PHILLIPS 66 COMPANY - SWEENY REFINERY,2331 CITYWEST BLVD.  S820-06,HOUSTON,TX,77042,Natural Gas,Stacey Chapman-Brown,"Senior GIS Analyst, Asset Integrity",stacey.m.chapman-brownl@p66.com,(832)765-1559,Todd Denton,"VP, Midstream Operations",todd.denton@p66.com,(832)765-1525
9/1/2026,2021,20221157,41031,15485,PHILLIPS 66 COMPANY - SWEENY REFINERY,2331 CITYWEST BLVD.  S820-06,HOUSTON,TX,77042,Hydrogen Gas,Stacey Chapman-Brown,"Senior GIS Analyst, Asset Integrity",stacey.m.chapman-brown@p66.com,(832)765-1559,,,,
9/1/2026,2021,20220525,42998,15518,PIEDMONT NATURAL GAS CO INC,4720 PIEDMONT ROW DR.,CHARLOTTE,NC,28210,Natural Gas,Christopher Ransome,Gas Regulatory Compliance Analyst,christopher.ransome@duke-energy.com,(704)731-4680,Brian R. Weisker,Senior VP and Chief Operating Officer,Brian.Weisker@duke-energy.com,(704)731-4314
9/1/2026,2021,20220845,40705,15589,PINE PIPELINE INC,5430 LBJ FREEWAY SUITE 1800,DALLAS,TX,75240,Natural Gas,Wesley Watkins,Compliance Analyst,wesley.watkins@atmosenergy.com,(985)640-6434,Eric Singletary,VP Technical Services,eric.singletary@atmosenergy.com,(985)276-6022
9/1/2026,2021,20220219,40055,15645,PLACID PIPELINE COMPANY LLC,1940 LA HWY 1 NORTH,PORT ALLEN,LA,70767,Natural Gas,Barry  Joffrion,operator,barry.joffrion@placidrefining.com,(225) 387-0278,Barry Joffrion,Barry Joffrion,Barry.joffrion@placidrefining.com,(225)377-2578
9/1/2026,2021,20220122,39954,15652,"PLAINS, CITY OF",1015 AVE F,PLAINS,TX,79355,Natural Gas,Steve Vasquez,City Administrator,cityofplains@gmail.com,(806)456-2288,,,,
9/1/2026,2021,20220959,40823,15790,PONTCHARTRAIN NATURAL GAS SYSTEM,1100 LOUISIANA ST,HOUSTON,TX,77002,Natural Gas,Ryan Tschannen,"Engineer, Pipeline Compliance",rtschannen@eprod.com,(713)381-4659,,,,
9/1/2026,2021,20221216,41092,15815,PRAIRIE PIPELINE CO,"12850 SPURLING RD., STE.200",DALLAS,TX,75230,Natural Gas,Tom Mcmillan,Petroleum Engineer,regulatory@spindletopoil.com,(972)644-2581,,,,
9/1/2026,2021,20220376,40218,15825,EAGLE US 2 LLC,2801 POST OAK BLVD,HOUSTON,TX,77056,Other Gas-Chlorine,Bobby Welch,Pipeline Supervisor,Bwelch1@westlake.com,(337)438-7236,Wayne Ahrens,"Vice President of operations, Region 1",wahrens@westlake.com,(337)583-3111
9/1/2026,2021,20220462,40308,15825,EAGLE US 2 LLC,2801 POST OAK BLVD,HOUSTON,TX,77056,Natural Gas,Bobby Welch,Pipeline Supervisor,Bwelch1@westlake.com,(337)438-7236,Wayne Ahrens,"Vice President of Operations, Region 1",Wahrens@westlake.com,(337)583-3111
9/1/2026,2021,20220770,40628,15931,PUBLIC SERVICE CO OF COLORADO,1800 LARIMER STREET,DENVER,CO,80202,Natural Gas,Mark Nolan,Principal Engineer,mark.nolan@xcelenergy.com,(303)571-3931,Luke Litteken,"Sr Vice President, Gas",luke.a.litteken@xcelenergy.com,(303)571-3993
9/1/2026,2021,20221186,41060,15938,PUBLIC SERVICE CO OF NORTH CAROLINA,800 GASTON ROAD,GASTONIA,NC,28056,Natural Gas,Dania H Pool,System Integrity Program Mgr.,dania.pool@dominionenergy.com,(704)810-3257,D. Russell Harris,VP & General Manager NC & SC Gas Distribution,rusty.harris@dominionenergy.com,(704)834-6622
9/1/2026,2021,20220352,40194,15952,PUBLIC SERVICE ELECTRIC & GAS CO,80 PARK PLAZA M/C - T18,NEWARK,NJ,07102-4194,Natural Gas,Kam Fryzowski,Pipeline Integrity Manager,kamil.fryzowski@pseg.com,(929)251-4594,Michael Schmid,Vice President - Asset Management and Planning,michael.schmid@pseg.com,(973)430-5100
9/1/2026,2021,20220296,40135,16667,ENERGY NORTH NATURAL GAS INC,15 BUTTRICK RD,LONDONDERRY,NH,03053,Natural Gas,Peter Chivers,Engineer III,peter.chivers@libertyutilities.com,(603)260-3078,Neil Proudman,President,Neil.Proudman@libertyutilities.com,(315)416-9967
9/1/2026,2021,20221296,41179,17090,RATON GAS TRANSMISSION CO,223 N GUADALUPE ST #306,SANTA FE,NM,87501,Natural Gas,David Link,owner/operator,DAVID@RNGCOMPANY.COM,(505) 984-0282,,,,
9/1/2026,2021,20220897,40758,17540,ROANOKE GAS CO,519 KIMBALL AVE,ROANOKE,VA,24016,Natural Gas,Lance Humphries,"Director, Operations",lance_humphries@roanokegas.com,(540)777-3872,Jim Shockley,Chief Operating Officer,Jim_Shockley@roanokegas.com,(540)777-3805
9/1/2026,2021,20220905,40766,17570,ROCHESTER GAS & ELECTRIC CORP,89 EAST AVENUE,ROCHESTER,NY,14649,Natural Gas,Daniel Blance,operator,dcblance@nyseg.com,(585)484-6710,Al Langland,"VP, Gas Operations - Networks",al.langland@avangrid.com,(203)795-7627
9/1/2026,2021,20220966,46773,17620,ROCKY MOUNTAIN NATURAL GAS LLC,2287 COLLEGE ROAD,COUNCIL BLUFFS,IA,51502,Natural Gas,Bill Stephens,Mgr Comp Codes & Standards,bill.stephens@blackhillscorp.com,(303)981-6474,John Hill,VP Nat Gas systems Safety,john.hill@blackhillscorp.com,(605)721-2180
9/1/2026,2021,20220787,40645,17681,ROSEBURG FOREST PRODUCTS CO,3660 GATEWAY STREET,SPRINGFIELD,OR,97477,Natural Gas,Mark Misener,operator,markmi@rfpco.com,(541)670-8895,,,,
9/1/2026,2021,20221122,40992,18084,ST LAWRENCE GAS CO INC,33 STEARNS STREET,MASSENA,NY,13662,Natural Gas,Joseph Koberger,"Supervisor, Technical Services",joseph.koberger@libertyutilities.com,(315)679-1251,Mark Saltsman,Vice President and General Manager,Mark.Saltsman@libertyutilities.com,(603)724-2137
9/1/2026,2021,20221230,41107,18104,CPS ENERGY,500 MCCULLOUGH,SAN ANTONIO,TX,78215,Natural Gas,Thomas Linerode,Operator,telinerode@cpsenergy.com,(210)353-2928,Anthony Moy,Director Gas Engineering & Planning,ajmoy@cpsenergy.com,(210)353-2648
9/1/2026,2021,20220900,40761,18112,SAN DIEGO GAS & ELECTRIC CO,8326 CENTURY PARK COURT,SAN DIEGO,CA,92123,Natural Gas,James Dewberry,Reporting Management Team Lead,JDewberry@socalgas.com,(213)244-4514,Gina Orozco,VP Gas Engineering & System Integrity,GOrozco@socalgas.com,(213)244-5402
9/1/2026,2021,20220579,40426,18152,SEA ROBIN PIPELINE CO,1300 MAIN STREET,HOUSTON,TX,77002,Natural Gas,Todd Nardozzi,Director - Regulatory Compliance,todd.nardozzi@energytransfer.com,(713)989-7126,,,,
9/1/2026,2021,20220429,46711,18156,SEADRIFT PIPELINE CORP,1000 COUNTY ROAD 340,ANGLETON,TX,77515,Natural Gas,David Johse,Regulatory Compliance Focal Point,dgjohse@dow.com,(713)654-3636,Neelam shah,President,neelamshah@dow.com,(713)654-3624
9/1/2026,2021,20220432,40278,18156,SEADRIFT PIPELINE CORP,1000 COUNTY ROAD 340,ANGLETON,TX,77515,Other Gas-Ethylene,David Johse,Regulatory Compliance Focal Point,dgjohse@dow.com,(713)654-3636,Neelam shah,President,neelamshah@dow.com,(713)654-3624
9/1/2026,2021,20220703,40558,18201,"SENECA RESOURCES COMPANY, LLC",4800 CORPORATE CT,BAKERSFIELD,CA,93311,Natural Gas,Doug Houchin,"Technician III, Pipeline & Facilities",houchind@srcx.com,(661)473-7005,,,,
9/1/2026,2021,20220589,46745,18273,SHELL PIPELINE CORP,150 NORTH DAIRY ASHFORD ROAD,HOUSTON,TX,77079,Other Gas-Dry Gas,Sonia Islam,Integrity & Regulatory Engineer,sonia.islam@shell.com,(832)762-2666,Steven Ledbetter,President,steven.ledbetter@shell.com,(832)337-9997
9/1/2026,2021,20220590,40438,18273,SHELL PIPELINE CORP,150 NORTH DAIRY ASHFORD ROAD WCK BLDG. A,HOUSTON,TX,77079,Natural Gas,Sonia Islam,Intergrity & Regulatory Engineer,sonia.islam@shell.com,(832)762-2666,,,,
9/1/2026,2021,20221150,41164,18308,NV Energy,PO BOX 10100,RENO WASHOE,NV,89520,Natural Gas,Susan Burnette,Sr. Gas Compliance Analyst,Susan.Burnette@nvenergy.com,(775)834-7278,Jesse Murray,Senior Vice President Energy Delivery,Jesse.Murray@nvenergy.com,(775)834-5644
9/1/2026,2021,20220105,39936,18336,SIOUX CENTER MUNICIPAL GAS UTILITY,335 1ST AVENUE NW,SIOUX CENTER,IA,51250,Natural Gas,Dave Svoboda,Natural Gas Supervisor,davesv@siouxcenter.org,(712)722-0761,Murray Hulstein,Utilities Manger,MurrayH@siouxcenter.org,(712)722-0761
9/1/2026,2021,20220980,40846,18380,SOCORRO NATURAL GAS CO,"111 SCHOOL OF MINES RD, PO BOX K",SOCORRO,NM,87801,Natural Gas,Rick Trujillo,operator,rtrujillo@socorronm.gov,(575) 835-2490,,,,
9/1/2026,2021,20220387,40229,18388,SOMERSET GAS SERVICE,306 E. MT. VERNON ST. PO BOX 989,SOMERSET,KY,42501,Natural Gas,Bruce Neely,Gas Department Director,bneely@cityofsomerset.com,(606)678-4466,Bruce Neely,Gas Department Manager,bneely@cityofsomerset.com,(606)678-4466
9/1/2026,2021,20220416,40262,18408,"DOMINION ENERGY SOUTH CAROLINA, INC.",220 OPERATION WAY MAIL CODE J48,CAYCE,SC,29033,Natural Gas,Justin Inman,Engineer,justin.inman@dominionenergy.com,(803)542-0707,Greg McGlohorn,General Manager - Gas Operations,greg.mcglohorn@dominionenergy.com,(803)217-7346
9/1/2026,2021,20221006,40872,18440,SOUTH JERSEY GAS CO,101 SOUTH LINCOLN PLACE,ATLANTIC CITY,NJ,08401,Natural Gas,Sonlly Monclus,Engineer IV,smonclus@sjindustries.com,(609)561-9000,Brent Schomber,President & COO,bschomber@sjindustries.com,(609)561-9000
9/1/2026,2021,20220444,40290,18456,SOUTHEAST GAS,P.O. BOX 1338,ANDALUSIA,AL,36420,Natural Gas,Robert Forbes,"Director, Engineering Services",Robert.Forbes@southeastgas.com,(334)222-4177,Robert F. Forbes,"Director, Engineering Services",Robert.Forbes@Southeastgas.com,(334)222-4177
9/1/2026,2021,20221248,46736,18472,SEMCO ENERGY GAS COMPANY,1411 THIRD STREET,PORT HURON,MI,48060,Natural Gas,Jennifer Pond,Sr Manager Codes & Standards,jennifer.pond@semcoenergy.com,(810)242-2381,marc Simone,President Michigan Operations,marc.simone@semcoenergy.com,(810)887-3034
9/1/2026,2021,20221246,41124,18473,SEMCO PIPELINE CO,1411 THIRD STREET,PORT HURON,MI,48060,Natural Gas,Jennifer Pond,Compliance Analyst,jennifer.pond@semcoenergy.com,(810)242-2381,marc Simone,Vice President Michigan Operations,marc.simone@semcoenergy.com,(810)887-3034
9/1/2026,2021,20220761,41302,18484,SOUTHERN CALIFORNIA GAS CO,555 WEST FIFTH STREET,LOS ANGELES,CA,90013,Natural Gas,James Dewberry,Reporting Management Team Lead,jdewberry@socalgas.com,(213)244-4514,Gina Orozco,VP-Gas Engineering and System Integrity,GOrozco@socalgas.com,(213)244-5402
9/1/2026,2021,20220609,46886,18508,SOUTHERN INDIANA GAS & ELECTRIC CO,211 NW RIVERSIDE DRIVE,EVANSVILLE,IN,47708,Natural Gas,Molly Wolf,Business Analyst,molly.wolf@centerpointenergy.com,(812)491-4459,Barbara Varanauski,VP Gas Engineering & System Integrity,barbara.varanauski@centerpointenergy.com,(713)207-7058
9/1/2026,2021,20220789,40648,18516,SOUTHERN NATURAL GAS CO,"1001 LOUISIANA ST, STE 1000 SUITE 1000",HOUSTON,TX,77002,Natural Gas,stephen Dines,Engineer,stephen_dines@kindermorgan.com,(719)329-5633,Jorge Torres,VP - Pipeline Integrity,jorge_torres@kindermorgan.com,(713)369-9232
9/1/2026,2021,20220427,40273,18532,"TEXAS GAS SERVICE COMPANY, A DIVISION OF ONE GAS, INC.",1301 MOPAC EXPRESSWAY SUITE 400,AUSTIN,TX,78746,Natural Gas,Brian Russell,GIS Analyst,Brian.Russell2@onegas.com,(405)551-6681,Ronald Bridgewater,"Vice President, System Integrity",ronald.bridgewater@onegas.com,(918)947-7088
9/1/2026,2021,20221141,45142,18536,SOUTHWEST GAS CORP,8360 S. Durango Drive,LAS VEGAS,NV,89113,Natural Gas,Alyse Baker,Administrator/Compliance,alyse.baker@swgas.com,(702)364-3272,Kevin Lang,VP/Engineering Staff,Kevin.Lang@swgas.com,(702)364-3263
9/1/2026,2021,20221334,41235,18542,"WOODWARD APPLE SPRINGS, LLC",P.O. BOX 924737,HOUSTON,TX,77292,Natural Gas,Kurt Ritch,Consultant,kurt_ritch@webesa.com,(903)234-0404,,,,
9/1/2026,2021,20221010,40876,18555,SOUTHWESTERN PUBLIC SERVICE CO,1800 LARIMER STREET,DENVER,CO,80202,Natural Gas,Mark Nolan,Principal Engineer,mark.nolan@xcelenergy.com,(303)571-3931,Luke Litteken,"Sr Vice President, Gas",luke.a.litteken@xcelenergy.com,(303)571-3993
9/1/2026,2021,20220795,41259,18560,SOUTHWESTERN VIRGINIA GAS CO,208 LESTER STREET,MARTINSVILLE,VA,24112,Natural Gas,Herschel Michaels,Vice President,hmichaels@swvagas.com,(276)632-5662,,,,
9/1/2026,2021,20220651,40503,18584,"SPRINGFIELD, CITY UTILITIES OF",301 E. CENTRAL,SPRINGFIELD,MO,65801,Natural Gas,Thomas A. Bolin,Natural Gas Compliance Specialist,TOM.BOLIN@CITYUTILITIES.NET,(417)831-8811,Steven Stodden,Vice President Chief Natural Gas & Water Operation Officer,Steve.Stodden@cityutilities.net,(417)874-8018
9/1/2026,2021,20220347,40189,18608,STANDARD PACIFIC GAS LINE INC,PG&E GAS OPS COMPLIANCE 6111 BOLLINGER CANYON RD,SAN RAMON,CA,94583,Natural Gas,Susie Richmond,"Manager, Regulatory Compliance",Susie.Richmond@pge.com,(925)786-0267,Janisse Quinones,"Senior Vice President, Gas Engineering",Janisse.Quinones@pge.com,925-667-0484
9/1/2026,2021,20220635,40484,18636,"STEPHEN, CITY OF","413 FIFTH ST, STE B",STEPHEN,MN,56757,Natural Gas,Brett Kuznia,operator,cityclerk@stephenmn.com,(218)478-3614,,,,
9/1/2026,2021,20220152,39985,18667,FREEPORT-MCMORAN OIL & GAS,201 S BROADWAY,ORCUTT,CA,93455,Natural Gas,Jerry Palo jr.,Project Manager - Pipeline Integrity,jpalo@dcorllc.com,(805)535-2088,,,,
9/1/2026,2021,20220563,40410,18718,SUNOCO PIPELINE L.P.,1300 MAIN STREET,HOUSTON,TX,77002,Natural Gas,Todd Nardozzi,Director - Regulatory Compliance,todd.nardozzi@energytransfer.com,(713)989-7126,Jennifer Street,Group SVP - Operations Services,jennifer.street@energytransfer.com,(214)981-0700
9/1/2026,2021,20220535,40381,18752,SUPERIOR WATER LIGHT & POWER CO,2915 HILL AVE,SUPERIOR,WI,54880,Natural Gas,Jamison Mehle,Supervising Engineer - Operational Support,jmehle@swlp.com,(715)395-6288,,,,
9/1/2026,2021,20220255,40094,18784,SYLACAUGA GAS SYSTEM,1414 EDWARDS ST,SYLACAUGA,AL,35150,Natural Gas,Adam Korreckt,Gas Compliance,akorreckt@sylacauga.net,(256)401-2550,Mitchell S. Miller,General Manager,mmiller@sylacauga.net,(265)401-2508
9/1/2026,2021,20220010,39832,19125,TEAVEE OIL & GAS INC,PO BOX 27,WINFIELD,WV,25213,Natural Gas,Christian Smith,operator,CvSmitty@aol.com,(304) 586-2151,James B. Pritt,James B. Prit,jimpritt@unionoilgas.com,(304)586-4550
9/1/2026,2021,20221292,41174,19160,TENNESSEE GAS PIPELINE COMPANY,"1001 LOUISIANA ST, STE 1000",HOUSTON,TX,77002,Natural Gas,Shelley Dietz,Pipeline Engineer,shelley_dietz@kindermorgan.com,(713)420-4417,Jorge torres,Vice President - Pipeline Integrity,Jorge_Torres@kindermorgan.com,(713)369-9232
9/1/2026,2021,20221001,41354,19235,"TEXAS EASTERN TRANSMISSION, LP (SPECTRA ENERGY PARTNERS, LP)",5400 WESTHEIMER COURT,HOUSTON,TX,77056,Natural Gas,Ashley White,Operational Compliance Advisor,ashley.white@enbridge.com,(713)627-6398,Thomas Wooden,VP GTM Engineering & Asset Mgmt,Thomas.Wooden@enbridge.com,(713)627-5300
9/1/2026,2021,20220141,39974,19269,TGG PIPELINE LTD,8451 HWY 175,GRAND CANE,LA,71032,Natural Gas,Scott Carter,Regulatory Affairs Manager,scarter@azuremidstream.com,(281)954-1578,Victor Davis,Vice President of Operations,vdavis@azuremidstream.com,(318)703-8811
9/1/2026,2021,20220534,43144,19270,"TEXAS GAS TRANSMISSION, LLC",9 GREENWAY PLAZA SUITE 2800,HOUSTON,TX,77046,Natural Gas,Ashley Kuehn,GIS Analyst Sr.,Ashley.Kuehn@bwpipelines.com,(713)479-8085,Jeff Sanderson,Sr VP Operations,Jeff.Sanderson@bwpipelines.com,(713)479-1063
9/1/2026,2021,20220700,40555,19319,"TPC GROUP, LLC","ONE ALLEN CENTER  500 DALLAS STREET, SUITE 2000",HOUSTON,TX,77002,Natural Gas,Kristen Howett,Regulatory Compliance Specialist,khowett@buckeye.com,(610)904-4687,,,,
9/1/2026,2021,20220701,40556,19319,"TPC GROUP, LLC","ONE ALLEN CENTER  500 DALLAS STREET, SUITE 2000",HOUSTON,TX,77002,Hydrogen Gas,Kristen Howett,Regulatory Compliance Specialist,khowett@buckeye.com,(610)904-4687,,,,
9/1/2026,2021,20220894,40755,19410,THUMS LONG BEACH CO,ONE WORLD TRADE CENTER SUITE 1500,LONG BEACH,CA,90831,Natural Gas,Esmeralda Macedo,Program Lead: DOT Pipeline compliance,esmeralda.macedo@crc.com,(562)999-8698,,,,
9/1/2026,2021,20221199,41074,19490,"TOCCOA NATURAL GAS SYSTEM, CITY OF",92 N ALEXANDER ST P.O. BOX 579,TOCCOA,GA,30577,Natural Gas,Bruce Bagnasco PE,Compliance Analyst - Engineer,bbagnasco@gasauthority.com,(770)519-3438,Harry Scott,Harry Scott,hscott@cityoftoccoa.com,(706)282-3305
9/1/2026,2021,20221273,46725,19570,TRANSCONTINENTAL GAS PIPE LINE COMPANY,ONE WILLIAMS CENTER,TULSA,OK,74172,Natural Gas,Lisa Fortenbaugh,Regulatory Compliance Specialist III,lisa.fortenbaugh@williams.com,(713)494-6514,Mark Cluff,VP Safety & Operational Discipline,mark.cluff@williams.com,(918)573-2345
9/1/2026,2021,20221245,41136,19574,TRAILBLAZER PIPELINE CO,370 VAN GORDON ST,LAKEWOOD,CO,80228,Natural Gas,Jennifer Eckels,Compliance Manager,jennifer.eckels@tallgrass.com,(303)763-3486,Byron Gale,Byron Gale,byron.gale@tallgrass.com,(303)763-3143
9/1/2026,2021,20220405,40249,19580,TRANSCOLORADO GAS TRANSMISSION COMPANY LLC,"1001 LOUISIANA ST, STE 1000",HOUSTON,TX,77002,Natural Gas,Kenneth C. Peters,Senior Pipeline Engineer,ken_peters@kindermorgan.com,(205)325-7554,Jorge Torres,VP-Pipeline Integrity,jorge_torres@kindermorgan.com,(713)369-9232
9/1/2026,2021,20220564,40411,19610,TRANSWESTERN PIPELINE COMPANY LLC,1300 MAIN STREET,HOUSTON,TX,77002,Natural Gas,Todd Nardozzi,Director - Regulatory Compliance,todd.nardozzi@energytransfer.com,(713)989-7126,Jennifer Street,Group SVP - Operations Services,jennifer.street@energytransfer.com,(214)981-0700
9/1/2026,2021,20220565,40412,19730,TRUNKLINE GAS CO,1300 MAIN STREET,HOUSTON,TX,77002,Natural Gas,Todd Nardozzi,Director - Regulatory Compliance,todd.nardozzi@energytransfer.com,(713)989-7126,Jennifer Street,Group SVP - Operations Services,jennifer.street@energytransfer.com,(214)981-0700
9/1/2026,2021,20220428,40274,19890,UCAR LOUISIANA PIPELINE CO,1000 COUNTY ROAD 340,ANGLETON,TX,77515,Natural Gas,David Johse,Regulatory Compliance focal point,dgjohse@dow.com,(713)654-3636,,,,
9/1/2026,2021,20220471,40647,19892,UCAR PIPELINE INCORPORATED,1000 COUNTY ROAD 340,ANGLETON,TX,77515,Other Gas-Ethylene,David Johse,Regulatory Compliance Focal Point,dgjohse@dow.com,(713)654-3636,Neelam shah,President,neelamshah@dow.com,(713)654-3636
9/1/2026,2021,20220691,40546,20010,"UGI UTILITIES, INC",1 UGI DRIVE,DENVER,PA,17517,Natural Gas,Ken Vail,Senior Transmission Pipeline Integrity Technician,kvail@ugi.com,(610)807-3749,Hans Bell,President - UGI Utilities,hbell@ugi.com,(610)796-3450
9/1/2026,2021,20220025,39847,20044,LINDE,10 RIVERVIEW DR.,DANBURY,CT,06810,Natural Gas,JOHN MAITINO,operator,john.maitino@linde.com,(281)478-1944,,,,
9/1/2026,2021,20220545,40391,20044,LINDE,10 RIVERVIEW DR.,DANBURY,CT,06810,Hydrogen Gas,JOHN MAITINO,operator,john.maitino@linde.com,(281)478-1944,Todd Dunn,VP Hydrogen Operations,todd.dunn@linde.com,(281)203-3606
9/1/2026,2021,20220668,40522,20046,UNION CARBIDE CHEMICALS & PLASTICS CO INC,437 MACCORKLE AVENUE,SOUTH CHARLESTON,WV,25303,Natural Gas,Toby Scholl,WVO Pipeline Operations Manager,Scholl@dow.com,(304)747-5619,Chris Griffith,Production Director MFG Ops,griffica@dow.com,(304)747-1781
9/1/2026,2021,20220503,40349,20050,AMERENUE,1901 CHOUTEAU,SAINT LOUIS,MO,63103,Natural Gas,Preeti Ram,Compliance Specialist,pram@ameren.com,(573)876-3023,Kevin Anders,"VP, Operations & Tech Svcs",KAnders@ameren.com,314-691-1724
9/1/2026,2021,20220527,40373,20110,DUKE ENERGY KENTUCKY,139 EAST FOURTH STREET PO Box 960 - Room 460-Annex,CINCINNATI,OH,45202,Natural Gas,Christopher Ransome,Gas Regulatory Compliance Analyst,christopher.ransome@duke-energy.com,(704)731-4680,Brian R. Weisker,Senior VP and Chief Operating Officer,Brian.Weisker@duke-energy.com,(704)731-4314
9/1/2026,2021,20221009,40875,20211,ATMOS ENERGY CORPORATION - KY/MID-STATES (MID-STATES),5430 LBJ FREEWAY SUITE 1800,DALLAS,TX,75240,Natural Gas,Tyler Fichter,Engineer 2,tyler.fichter@atmosenergy.com,(615)593-0989,Ryan Austin,VP Technical Services,Ryan.Austin@atmosenergy.com,(270)685-8048
9/1/2026,2021,20220677,40532,20236,UNITED STATES GYPSUM CO,550 WEST ADAMS,CHICAGO,IL,60661,Natural Gas,Francisco Solis,Agent,fsolis@enengineering.com,(630)353-4115,Srinivas Veeramasuneni,Senior Vice President and Chief Technology Officer,sveeramasuneni@usg.com,(312)436-5886
9/1/2026,2021,20220186,46512,20263,UNIVERSITY OF ILLINOIS - LATERAL,1501 SOUTH OAK STREET,CHAMPAIGN,IL,61820,Natural Gas,Michael D Weiler,Engineer,mweiler@usdi.us,(618)392-5502,Darin L. Houchin,CEO,darin@usdi.us,(618)407-7035
9/1/2026,2021,20220938,40802,21030,"VALLEY ENERGY, INC.",523 S. KEYSTONE AVENUE,SAYRE,PA,18840,Natural Gas,Edward Rogers,President & CEO,erogers@ctenterprises.org,(570)888-9664,Cody Chapman,Vice President of Operations,codyc@ctenterprises.org,(570)888-9664
9/1/2026,2021,20221096,40965,21190,VERMONT GAS SYSTEMS INC,85 SWIFT STREET,SOUTH BURLINGTON,VT,05403,Natural Gas,Matthew Lawliss,Operations Engineer,mlawliss@vermontgas.com,(802)735-4356,Adam Gero,Engineering Manager,agero@vermontgas.com,(802)951-0329
9/1/2026,2021,20221072,44980,21252,VIKING GAS TRANSMISSION CO,100 WEST FIFTH STREET,TULSA,OK,74103,Natural Gas,Ethan Pulvermacher,Operator,ethan.pulvermacher@oneok.com,(620)453-2020,Bill Bromley,VP Natural Gas Pipeline Operations,bill.bromley@oneok.com,(918)588-7615
9/1/2026,2021,20221094,41572,21349,VIRGINIA NATURAL GAS,544 S. INDEPENDENCE BLVD,VIRGINIA BEACH,VA,23452,Natural Gas,Michael Smith,"Director, Compliance and System Integrity",mlsmi@southernco.com,(540)894-3733,Donald F Carter,"VP, Compliance and Technical Services",doncarte@southernco.com,(404)584-4504
9/1/2026,2021,20221194,41068,21359,SASOL CHEMICALS USA LLC,12120 WICKCHESTER LANE,HOUSTON,TX,77079,Hydrogen Gas,Kristen Howett,Regulatory Compliance Specialist,khowett@buckeye.com,(610)904-4687,,,,
9/1/2026,2021,20221195,41069,21359,SASOL CHEMICALS USA LLC,12120 WICKCHESTER LANE,HOUSTON,TX,77079,Other Gas-Ethylene,Kristen Howett,Regulatory Compliance Specialist,khowett@buckeye.com,(610)904-4687,Eric Walker,"Vice President: Operations, Americas",eric.walker@us.sasol.com,(337)494-5774
9/1/2026,2021,20220395,40238,22035,WAKEFIELD MUNICIPAL LIGHT DEPT,480 NORTH AVENUE,WAKEFIELD,MA,01880,Natural Gas,Raven Fournier,System Engineer,rfournier@wmgld.com,(781)953-2248,Peter Dion,General Manager,pdion@wmgld.com,(781)246-6363
9/1/2026,2021,20220698,40553,22154,WARNER ROBINS GAS SYSTEM,P.O. BOX 1488,WARNER ROBINS,GA,31099,Natural Gas,Wade Sharpe,Regulatory Compliance Analyst,wsharpe@gasauthority.com,(404)710-0605,Billy Meeks,Gas Supervisor,wmeeks@esginc.net,(478)951-2982
9/1/2026,2021,20221182,46901,22182,WASHINGTON GAS LIGHT CO,"1000 MAINE AVENUE, SW",WASHINGTON,DC,20024,Natural Gas,Mark Aiesi,Pipeline Safety Supervisor,mark.aiesi@washgas.com,(571)405-4623,Kevin Murphy,"Vice President Asset Management, Engineering and supply",kmurphy@washgas.com,(703)750-4727
9/1/2026,2021,20221023,40889,22189,PUGET SOUND ENERGY,355 110TH AVE NE,BELLEVUE,WA,98004,Landfill Gas,Vidushi Raina,Gas Compliance Program Manager,vidushi.raina@pse.com,(425)424-7839,,,,
9/1/2026,2021,20221025,40891,22189,PUGET SOUND ENERGY,355 110TH AVE NE,BELLEVUE,WA,98004,Natural Gas,Vidushi Raina,Gas Compliance Program Manager,vidushi.raina@pse.com,(425)424-7839,Dan Koch,Vice President Operations,dan.koch@pse.com,(425)462-3288
9/1/2026,2021,20220412,40258,22235,WAUKEE MUNICIPAL GAS,805 UNIVERSITY AVE,WAUKEE,IA,50263,Natural Gas,Tim Royer,Operator,troyer@waukee.org,(515)987-4363,Tim Royer,Asst. Director of Public Works Operations,troyer@waukee.org,(515)978-7920
9/1/2026,2021,20221312,41203,22280,WAYLAND MUNICIPAL GAS CO,218 W MAIN ST PO BOX 155,WAYLAND,IA,52654,Natural Gas,Barry Leichty,Operator,jmillspaugh@waylandiowa.com,(319)256-3276,,,,
9/1/2026,2021,20241479,44988,22343,"WEIR NATURAL GAS SYSTEM, TOWN OF",PO BOX 217,WEIR,MS,39772,Natural Gas,Kyle Cook,operator,kylec@msrivergas.com,(601)831-1068,,,,
9/1/2026,2021,20220115,39947,22357,WELLMAN MUNICIPAL GAS SYSTEM,316 8TH AVENUE,WELLMAN,IA,52356,Natural Gas,kelly Litwiller,City Administrator,cityadministrator@cityofwellman.com,(319)646-2154,,,,
9/1/2026,2021,20220012,39834,22368,WEST BAY EXPLORATION CO,13685 S. WEST BAY SHORE SUITE 200,TRAVERSE CITY,MI,49684,Natural Gas,Joline Dorer,operator,joline@wbeco.net,(517)676-5167,,,,
9/1/2026,2021,20221107,40976,22410,"WESTGAS INTERSTATE, INC",1800 LARIMER ST,DENVER,CO,80202,Natural Gas,Mark Nolan,Engineer,mark.nolan@xcelenergy.com,(303) 571-3931,,,,
9/1/2026,2021,20220415,40261,22435,"WEST TEXAS GAS UTILITY, LLC.",303 VETERANS AIRPARK LANE,MIDLAND,TX,79705,Natural Gas,Ray Reed,operator,rreed@westtexasgas.com,(806)358-1321,Bart Bean,VP of Operations,bbean@westtexasgas.com,(402)682-4349
9/1/2026,2021,20220383,40225,22462,"WESTERN GAS INTERSTATE COMPANY, LLC",303 VETERANS AIRPARK LANE,MIDLAND,TX,79705,Natural Gas,Ray Reed,operator,rreed@westtexasgas.com,(806)358-1321,,,,
9/1/2026,2021,20220204,41157,22465,TARGA PIPELINE MID-CONTINENT WESTTEX LLC,"811 LOUISIANA STREET, SUITE 2100",HOUSTON,TX,77002,Natural Gas,Jordan North,Specialist Pipeline Compliance,Jnorth@targaresources.com,(432)221-6822,,,,
9/1/2026,2021,20221011,40877,22476,ATMOS ENERGY CORPORATION - KY/MID-STATES (KENTUCKY),5430 LBJ FREEWAY SUITE 1800,DALLAS,TX,75240,Natural Gas,Tyler Fichter,Engineer,tyler.fichter@atmosenergy.com,(615)593-0989,,,,
9/1/2026,2021,20220809,41361,22515,"NIPPON DYNAWAVE PACKAGING CO., LLC",P.O. BOX 188,LONGVIEW,WA,98632,Natural Gas,Schuyler Dickerson,Compliance Specialist,schuyler.dickerson@everlineus.com,(832)386-5484,Andrew Cooper,VP Operations,andrew.cooper@nippondynawave.com,(360)578-4863
9/1/2026,2021,20221324,41223,22605,WILCOX COUNTY GAS DISTRICT,3967 BROAD STREET,PINE HILL,AL,36769,Natural Gas,Shaun Sheffield,Energy Vision,ssheffield@energyvision.net,(352)332-8097,,,,
9/1/2026,2021,20220689,40544,22655,"WBI ENERGY TRANSMISSION, INC.",1250 WEST CENTURY AVENUE,BISMARCK,ND,58503,Natural Gas,Kent Kahl,"Mgr,Compliance & Pipeline Integrity",kent.kahl@wbienergy.com,(406)359-7222,Jeff Rust,VP Operations,jeff.rust@wbienergy.com,(701)530-1510
9/1/2026,2021,20220615,40464,22763,WISCONSIN GAS LLC DBA WE ENERGIES,231 W. MICHIGAN STREET,MILWAUKEE,WI,53203,Natural Gas,Dylan Reas,Engineer - Integrity Management,Dylan.Reas@we-energies.com,(414)221-2381,Andrew Hesselbach,Senior Vice President - Gas Operations,Andrew.Hesselbach@wecenergygroup.com,(414)221-4759
9/1/2026,2021,20220616,40465,22777,WISCONSIN ELECTRIC POWER COMPANY DBA WE ENERGIES,231 W. MICHIGAN STREET,MILWAUKEE,WI,53203,Natural Gas,Dylan Reas,Engineer - Integrity Management,Dylan.Reas@we-energies.com,(414)221-2381,Andrew Hesselbach,Senior vice President - Gas Operation,Andrew.Hesselbach@wecenergygroup.com,(414)221-4759
9/1/2026,2021,20220666,40520,22784,ALLIANT ENERGY - WISCONSIN POWER & LIGHT CO,4902 N BILTMORE LANE,MADISON,WI,53718,Natural Gas,Andrew Hesselink,Gas Compliance Engineer,andrewhesselink@alliantenergy.com,(608)458-4467,David De Leon,SVP AE and Pres WPL,daviddeleon@alliantenergy.com,(608)458-3093
9/1/2026,2021,20220529,40375,22791,WISCONSIN PUBLIC SERVICE CORP,231 W. MICHIGAN ST.,MILWAUKEE,WI,53203,Natural Gas,"Russell Ackerman, P.E.",Engineering Manager - Pipeline Safety and Integrity,russ.ackerman@we-energies.com,(414)221-4996,Andrew Hessebach,Senior Vice President - Gas Operations,Andrew.Hesselbach@wecenergygroup.com,(414)221-4759
9/1/2026,2021,20220690,40545,22818,WOLVERINE POWER SUPPLY COOP INC,10125 W. WATERGATE RD P.O. BOX 229,CADILLAC,MI,49601,Natural Gas,Karen Weiss,"Supervisor, Transmission Integrity",karen.weiss@dteenergy.com,(313)235-1127,,,,
9/1/2026,2021,20220452,40298,22855,"FLINT HILLS RESOURCES, LC",4111 EAST 37TH STREET NORTH,WICHITA,KS,67220,Other Gas-Acetylene,Kim Gerold,Manager - Pipeline Safety,kim.gerold@fhr.com,(651)438-1775,Bob O'Hair,Vice President of Operations,bob.ohair@fhr.com,(316)858-8526
9/1/2026,2021,20220454,40300,22855,"FLINT HILLS RESOURCES, LC",4111 EAST 37TH STREET NORTH,WICHITA,KS,67220,Hydrogen Gas,Kim Gerold,Manager - Pipeline Safety,kim.gerold@fhr.com,(651)438-1775,Bob O'Hair,Vice President of Operations,bob.ohair@fhr.com,(316)828-8526
9/1/2026,2021,20220459,40305,22855,"FLINT HILLS RESOURCES, LC",4111 EAST 37TH STREET NORTH,WICHITA,KS,67220,Natural Gas,Kim Gerold,Manager - Pipeline Safety,kim.gerold@fhr.com,(651)438-1775,Bob O'Hair,Vice President of Operations,bob.ohair@fhr.com,(316)828-8526
9/1/2026,2021,20220981,40847,22917,WYOMING GAS CO,PO BOX 541,WORLAND,WY,82401,Natural Gas,jACOB KINNEY,PIPELINE SAFETY MANAGER,JKINNEY@ZNGC.COM,(575)408-7997,,,,
9/1/2026,2021,20220988,40854,25000,ZIA NATURAL GAS CO,NATURAL GAS PROCESSING COMPANY P.O. BOX 541,WORLAND,WY,82401,Natural Gas,JACOB KINNEY,PIPELINE SAFETY MANAGER,JKINNEY@ZNGC.COM,(575)378-4277,,,,
9/1/2026,2021,20220242,40080,25110,EPCOR GAS TEXAS INC.,4003 PINEHURST MEADOW,MAGNOLIA,TX,77355,Natural Gas,Jacob Lafleur,"Specialist, Compliance",jlafleur@epcor.com,(281)766-1273,David Billinger,"Director, Gas Operations",dbillinger@epcor.com,(281)766-1250
9/1/2026,2021,20220260,40099,25146,"EQUISTAR CHEMICALS, L.P.",16055 SPACE CENTER BLVD. SUITE 350,HOUSTON,TX,77062,Other Gas-Propylene Off Gas,Stacy Trevino,Compliance Specialist,stacy.trevino@lyb.com,(281)709-0712,rose Luvaas,Site Manager,rose.luvaas@lyb.com,(281)709-0673
9/1/2026,2021,20220262,40101,25146,"EQUISTAR CHEMICALS, L.P.",16055 SPACE CENTER BLVD. SUITE 350,HOUSTON,TX,77062,Hydrogen Gas,Stacy Trevino,Compliance Specialist,stacy.trevino@lyb.com,(281)709-0712,Rose Luvaas,Site Manager,rose.luvaas@lyb.com,(281)709-0673
9/1/2026,2021,20220265,41340,25146,"EQUISTAR CHEMICALS, L.P.",16055 SPACE CENTER BLVD. SUITE 350,HOUSTON,TX,77062,Natural Gas,Stacy Trevino,Compliance Specialist,stacy.trevino@lyb.com,2817090712,,,,
9/1/2026,2021,20220504,43079,25160,MOBIL VANDERBILT-BEAUMONT PIPELINE CO,22777 SPRINGWOODS VILLAGE PARKWAY E3.5A.385,SPRING,TX,77389,Natural Gas,Diana R. Skates,Pipeline Safety Advisor,diana.r.skates@exxonmobil.com,(346)502-1220,Saul Flota,Vice President & Southern Operations Manager,saul.flota@exxonmobil.com,(346)354-1520
9/1/2026,2021,20220760,40617,26039,FLORIDA POWER & LIGHT CO,601 TRAVIS STREET SUITE 1900,HOUSTON,TX,77002,Natural Gas,David Busby,Sr. PGD Operations Specialist,david.busby@nexteraenergy.com,(713)951-5318,,,,
9/1/2026,2021,20221067,40935,26085,"PLAINS MARKETING, L.P.","333 CLAY STREET, SUITE 1600",HOUSTON,TX,77002,Natural Gas,Sherri Adkins,"Manager, Integrity and Records",saadkins@paalp.com,(713)993-5676,,,,
9/1/2026,2021,20221086,40955,26112,"VALERO REFINING-TEXAS, L.P.",ONE VALERO WAY,SAN ANTONIO,TX,78249,Natural Gas,"Robert Zamora, Jr.",Process Safety Engineer,bobby.zamora@valero.com,(361)299-8921,,,,
9/1/2026,2021,20221087,40956,26112,"VALERO REFINING-TEXAS, L.P.",ONE VALERO WAY,SAN ANTONIO,TX,78249,Hydrogen Gas,"Robert Zamora, Jr.",Process Safety Engineer,bobby.zamora@valero.com,(361)299-8921,Kevin Lassahn,VP & General Manager,kevin.lassahn@valero.com,(361)289-3372
9/1/2026,2021,20220898,40759,26149,ALYESKA PIPELINE SERVICE CO,POB 196660 MS 502,ANCHORAGE,AK,99519,Natural Gas,"Kristen L. Shake, PhD",Regulatory Affairs Manager,kristen.shake@alyeska-pipeline.com,(907)787-8977,Danika Yeager,Acting President,Danika.Yeager@alyeska-pipeline.com,907-787-8556
9/1/2026,2021,20220500,41283,26330,"ENABLE OKLAHOMA INTRASTATE TRANSMISSION, LLC",499 W. SHERIDAN  STE 1500,OKLAHOMA CITY,OK,73102,Natural Gas,susie Sjulin,Director - Regulatory Compliance,susie.sjulin@energytransfer.com,(405)557-5271,Jennifer Street,Group SVP - Operation Services,jennifer.street@energytransfer.com,(214)981-0700
9/1/2026,2021,20220960,40824,30006,ENTERPRISE PELICAN PIPELINE L.P.,1100 LOUISIANA ST,HOUSTON,TX,77002,Natural Gas,Ryan Tschannen,"Engineer, Pipeline Compliance",rtschannen@eprod.com,(713)381-4659,Graham Bacon,Executive Vice President & Chief Operating Officer,gbacon@eprod.com,(713)381-6516
9/1/2026,2021,20220950,40814,30020,W & T OFFSHORE INC,5718 WESTHEIMER ROAD SUITE 700,HOUSTON,TX,77057,Natural Gas,Andy Cline,Safety Manager,acline@wtoffshore.com,(713)624-7351,,,,
9/1/2026,2021,20220248,40086,30024,SOUTH DAKOTA INTRASTATE PIPELINE CO.,1415 NORTH AIRPORT RD.,PIERRE,SD,57501,Natural Gas,gordon Woods,Vice President / COO,gordon@sdipco.com,(605)2240949,Gordon Woods,Vice President & COO,gordon@sdipco.com,(605)224-0949
9/1/2026,2021,20220449,41255,30026,"BAY GAS STORAGE COMPANY, LLC",10375 RICHMOND AVE SUITE 1900,HOUSTON,TX,77042,Natural Gas,Melisa Escobar,Sr. Regulatory Analyst,melisa.escobar@enstorinc.com,(281)668-7651,Paul Bieniawski,CEO,paul.bieniawski@enstorinc.com,(281)374-3080
9/1/2026,2021,20220437,40283,30028,"EGAN HUB STORAGE, LLC (SPECTRA ENERGY PARTNERS, LP)",5400 WESTHEIMER COURT,HOUSTON,TX,77056,Natural Gas,Ashley White,Operational Compliance Advisor,ashley.white@enbridge.com,(713)627-6398,Thomas Wooden,VP GTM Engineering and Asset Mgmt,thomas.wooden@enbridge.com,(713)627-5300
9/1/2026,2021,20221335,41238,30029,BREITBURN OPERATING L.P.,1165 ELKVIEW DRIVE,GAYLORD,MI,49735,Natural Gas,Megan Robb,Facilities Engineer,megan.robb@mavresources.com,(989)731-9407,Joe LaTulip,Joe LaTulip,joe.latulip@mavresources.com,(989)619-7950
9/1/2026,2021,20221330,41231,30040,CITY OF GIRARD,120 N. OZARK,GIRARD,KS,66743,Natural Gas,Jess Murphy,Power Plant Foreman,energyprod@girardkansas.gov,(620)724-4515,,,,
9/1/2026,2021,20220465,46815,30052,NEVADA GOLD MINES,1655 MOUNTAIN CITY HIGHWAY,ELKO,NV,89801,Natural Gas,John Seeliger,operator,john.seeliger@nevadagoldmines.com,(775)304-3554,,,,
9/1/2026,2021,20220831,40691,30054,KENTUCKY UTILITIES CO,C/O EW BROWN GENERATING STATION 815 DIX DAM ROAD,HARRODSBURG,KY,40330,Natural Gas,William Norton Jr,Sr Mechanical Engineer,William.Norton@lge-ku.com,(502)364-8439,,,,
9/1/2026,2021,20220100,39931,30062,"BRADKEN-ATCHISON/ST. JOSEPH, INC",400 S. 4TH STREET P.O. BOX 188,ATCHISON,KS,66002,Natural Gas,Andrew Smith,Operations Manager,asmith@usdi.us,(316)305-6464,,,,
9/1/2026,2021,20220948,40812,30515,WINFIELD MUNICIPAL GAS,115 N. LOCUST PO BOX 73,WINFIELD,IA,52659,Natural Gas,Angie Oepping,City Clerk,winfield2@farmtel.net,(319)257-6661,,,,
9/1/2026,2021,20220396,40240,30544,OCCIDENTAL CHEMICAL CORP,14555 DALLAS PARKWAY  STE 400,Dallas,TX,75254,Hydrogen Gas,Christopher Rodriguez,Transportation Compliance Manager,christopher_rodriguez@oxy.com,(972)404-3503,,,,
9/1/2026,2021,20220558,40404,30544,OCCIDENTAL CHEMICAL CORP,14555 DALLAS PARKWAY  STE 400,Dallas,TX,75254,Natural Gas,Christopher Rodriguez,Transportation Compliance Manager,christopher_rodriguez@oxy.com,(972)404-3503,,,,
9/1/2026,2021,20221329,41229,30563,GROVE MUNICIPAL SERVICES AUTHORITY,104 W 3RD ST.,GROVE,OK,74344,Natural Gas,Deric Douthit,Public Works Director,ddouthit@cityofgroveok.gov,(918)786-6107,,,,
9/1/2026,2021,20221315,41213,30585,SELKIRK COGEN PROJECT,24 POWER PARK DRIVE,SELKIRK,NY,12158,Natural Gas,Peter Voelker,Agent,petervoelker@selkirkcogen.com,(518)475-5773,Kevin Whitehead,Plant Manager,kevinwhitehead@selkirkcogen.com,(518)475-5773
9/1/2026,2021,20220359,41286,30588,ENERFIN RESOURCES I LIMITED PARTNERSHIP,1001 SOUTH DAIRY ASHFORD RD. SUITE 220,HOUSTON,TX,77077,Natural Gas,"Mark A. Hanson, P.E.","Manager-Environmental, Safety & Regulatory Compliance",mhanson@enerfin.com,(918)671-2400,,,,
9/1/2026,2021,20220326,41356,30629,"ONEOK FIELD SERVICES COMPANY, L.L.C.",100 WEST FIFTH STREET,TULSA,OK,74103,Natural Gas,Ethan Pulvermacher,Operator,ethan.pulvermacher@oneok.com,(620)453-2020,,,,
9/1/2026,2021,20221073,40942,30630,"OKTEX PIPELINE COMPANY, LLC",100 WEST FIFTH STREET,TULSA,OK,74103,Natural Gas,Ethan Pulvermacher,Operator,ethan.pulvermacher@oneok.com,(620)453-2020,Bill Bromley,VP Natural Gas Pipeline Operations,bill.bromley@oneok.com,(918)588-7615
9/1/2026,2021,20221213,41089,30666,"ENMARK ENERGY, INC",104 FIRST CHOICE DRIVE,MADISON,MS,39110,Natural Gas,Jeffrey Tharpe,operator,jtharpe@enmarkenergy.com,(601)898-2434,Connell Rader,President,crader@enmarkenergy.com,(601)898-2434
9/1/2026,2021,20220378,40220,30679,NORTH COUNTRY GAS PIPELINE,P.O. BOX 2985,PLATTSBURGH,NY,12901,Natural Gas,Joseph Tenney,Pipeline Supervisor,joe.tenney@calenergy.com,(518)407-7007,Eric Bowen,"VP, Wind and Gas Operations",Eric.Bowen@bherenewables.com,515-281-2603
9/1/2026,2021,20220339,40179,30683,WESTLAKE PETROCHEMICALS LLC,P.O. BOX 2449,SULPHUR,LA,70664,Natural Gas,Garrett Beard,Mechanical DOT Engineer,gbeard@westlake.com,(337)583-6601,,,,
9/1/2026,2021,20220340,40180,30683,WESTLAKE PETROCHEMICALS LLC,P.O. BOX 2449,SULPHUR,LA,70664,Hydrogen Gas,Garrett Beard,Mechanical DOT Engineer,gbeard@westlake.com,(337)583-6601,,,,
9/1/2026,2021,20220341,40181,30683,WESTLAKE PETROCHEMICALS LLC,P.O. BOX 2449,SULPHUR,LA,70664,Other Gas-Ethylene Gas,Garrett Beard,Mechanical DOT Engineer,gbeard@westlake.com,(337)583-6601,Wayne Ahrens,Vice President - Chemical Manufacturing,pipeline_senior_executive_officer_lch@westlake.com,(337)583-3111
9/1/2026,2021,20220203,41305,30711,HILCORP ENERGY COMPANY,1111 TRAVIS,HOUSTON,TX,77002,Natural Gas,Ian Ellington,Pipeline Compliance Manager,iellington@hilcorp.com,(832)839-4608,,,,
9/1/2026,2021,20220672,40526,30749,SACRAMENTO MUNICIPAL UTILITY DISTRICT,"6201 S  STREET (POB 15830, ZIP 95852-1830)",SACRAMENTO,CA,95817,Natural Gas,Cindy Chang,Regulatory Compliance Coordinator,cindy.chang@smud.org,(916)732-5684,Lora Anguay,Chief Zero Carbon Officer,lora.anguay@smud.org,(916)732-5870
9/1/2026,2021,20220969,40834,30750,MIDAMERICAN ENERGY COMPANY,401 DOUGLAS STREET PO BOX 778,SIOUX CITY,IA,51101,Natural Gas,Jesus Nuno,Operations Analyst,jesus.nuno@midamerican.com,(712)277-5288,Nick Nation,"Vice President, Gas Delivery",nick.nation@midamerican.com,515-697-3256
9/1/2026,2021,20221187,41061,30769,SPIRE MISSOURI INC. WEST,700 MARKET STREET,SAINT LOUIS,MO,63101,Natural Gas,Randy Wilson,"Director, Pipeline Safety and Compliance",randy.wilson@spireenergy.com,(205)326-2987,Craig R Hoeferlin,"VP, Ops Services and SMS",craig.hoeferlin@spireenergy.com,(314)349-2972
9/1/2026,2021,20221102,40971,30772,"NATURAL GAS OF KENTUCKY, INC.",PO BOX 23539 11405 PARK RD STE 180,ANCHORAGE,KY,40223,Natural Gas,Julie Parsons,office,jparsons@scrtc.com,(270)565-4747,,,,
9/1/2026,2021,20220220,40079,30782,HARVEST MIDSTREAM COMPANY,1111 TRAVIS,HOUSTON,TX,77002,Natural Gas,Troy Brown,Compliance Specialist,trbrown@harvestmidstream.com,(713)289-2688,,,,
9/1/2026,2021,20221259,41138,30785,GATEWAY PIPELINE COMPANY,1415 LOUISIANA STREET SUITE 4100,HOUSTON,TX,77002,Natural Gas,Erhonda Jackson,report filer,ejackson@gatewayenergy.com,(713)600-1045,,,,
9/1/2026,2021,20220566,40413,30786,LEE 8 STORAGE PARTNERSHIP,1300 MAIN STREET,HOUSTON,TX,77002,Natural Gas,Todd Nardozzi,Director - Regulatory Compliance,todd.nardozzi@energytransfer.com,(713)989-7126,,,,
9/1/2026,2021,20220584,40431,30788,HAVRE PIPELINE COMPANY,3010 W. 69TH ST,SIOUX FALLS,SD,57108,Natural Gas,Rachelle Benski,Compliance Analyst,rachelle.benski@northwestern.com,(406)497-2510,,,,
9/1/2026,2021,20220678,41346,30792,LAMAR OIL & GAS,PO BOX 2197,ROCKPORT,TX,78381,Natural Gas,dIANE PEDERSEN,REGULATORY ANALYST,dpedersen@lamarcos.com,(361)727-3310,,,,
9/1/2026,2021,20221309,41197,30796,GAITHER PETROLEUM CORPORATION,16600 PARK ROW,HOUSTON,TX,77084,Natural Gas,Douglas Gaither,President,dwg@gpcoil.co,(281)830-7878,,,,
9/1/2026,2021,20221293,46792,30801,"TOTAL GAS PIPELINE USA, INC",1201 Louisiana,Houston,TX,77002,Natural Gas,Bo White,Operator,gayland.white@totalenergies.com,(409)985-0203,Christopher Gillies,Vice President TGP Trading,christopher.gillies@tgptrading.com,(713)647-4000
9/1/2026,2021,20220398,40242,30807,VALENCE OPERATING COMPANY,"600 ROCKMEAD DRIVE, SUITE 200",KINGWOOD,TX,77339,Natural Gas,Nate Upchurch,operator,nupchurch@valenceoperating.com,(903)240-2177,,,,
9/1/2026,2021,20220986,40852,30825,CITGO PETROLEUM CORPORATION (REFINERY),P.O. BOX 4689,Houston,TX,77210,Natural Gas,Eric Seemann,Assistant Regional Manager,eseeman@citgo.com,(337)708-6124,,,,
9/1/2026,2021,20220991,40857,30825,CITGO PETROLEUM CORPORATION (REFINERY),P.O. BOX 4689,Houston,TX,77210,Hydrogen Gas,Eric Seemann,Assistant Regional Manager,eseeman@citgo.com,(337)708-6124,,,,
9/1/2026,2021,20220989,42860,30826,WILLIAMS FIELD SERVICES,ONE WILLIAMS CENTER WRC-3,TULSA,OK,74172,Natural Gas,Cheryl Rowell,Regulatory Compliance Specialist Sr.,cheryl.rowell@williams.com,(918)573-5162,Mark Cluff,VP Safety & Operational Discipline,Mark.Cluff@williams.com,(918)573-2345
9/1/2026,2021,20220895,40756,30834,TIDELANDS OIL PRODUCTION COMPANY,ONE WORLD TRADE CENTER SUITE 1500,LONG BEACH,CA,90831,Natural Gas,Esmeralda Macedo,Program Lead: DOT Pipeline compliance,esmeralda.macedo@crc.com,(562)999-8698,,,,
9/1/2026,2021,20220912,40774,30838,TUSCARORA GAS TRANSMISSION COMPANY,700 LOUISIANA STREET,HOUSTON,TX,77002,Natural Gas,Chris Figgatt,Integrity Engineer,chris_figgatt@tcenergy.com,(304)357-3014,Matt Parks,"Vice President, Technical And Operational Services",matt_parks@tcenergy.com,(832)320-5814
9/1/2026,2021,20220224,40060,30839,"WALDEN, TOWN OF",PO BOX 489 513 HARRISON ST,WALDEN,CO,80480,Natural Gas,Joel Shute,Data and Operations Manager,Joel@pipeline.group,(720)227-2026,,,,
9/1/2026,2021,20220784,41315,30850,LANXESS CORP.,2226 HAYNESVILLE HWY,EL DORADO,AR,71730,Natural Gas,Ken Ruckstuhl,Consultant,kruckstuhl@env-mgt.com,(601)832-6509,,,,
9/1/2026,2021,20220259,40098,30851,ALBEMARLE CORPORATION,2270 HIGHWAY 79 SOUTH,MAGNOLIA,AR,71753,Natural Gas,Stephen Stamps,Area Engineer,stephen.stamps@albemarle.com,(870)235-6663,,,,
9/1/2026,2021,20220369,40211,30851,ALBEMARLE CORPORATION,2500 N SOUTH ST,PASADENA,TX,77501,Other Gas-Anhydrous HCL,Alex Takeda,Reliability Superintendent,alex.takeda@albemarle.com,(713)740-1828,Lisa Fruge,Plant Manager,lisa.fruge@albemarle.com,(713)740-1186
9/1/2026,2021,20220526,40372,30910,K O TRANSMISSION COMPANY,139 EAST 4TH ST. PO Box 960 - Room 460-Annex,CINCINNATI,OH,45202,Natural Gas,Christopher Ransome,Gas Regulatory Compliance Analyst,christopher.ransome@duke-energy.com,(704)731-4680,Brian R. Weisker,Senior VP and Chief Operating Officer,Brian.Weisker@duke-energy.com,(704)731-4314
9/1/2026,2021,20220921,40784,30919,PEABODY MUNICIPAL LIGHT PLANT,201 WARREN STREET EXTENSION,PEABODY,MA,01960,Natural Gas,Daniel Poster,"Staff Engineer, TRI-MONT Engineering, Co.",dposter@tri-mont.com,(781)585-5945,Joseph Anastasi,General Manager,janastasi@pmlp.com,(978)573-1277
9/1/2026,2021,20220077,39904,30930,KNG ENERGY INC,1700 WESTFIELD DRIVE,FINDLAY,OH,45840,Natural Gas,Sandra Roller,President,sroller@kngenergy.com,(419) 424-3427,,,,
9/1/2026,2021,20220984,41489,30940,"WILLIAMS ENERGY, LLC",ONE WILLIAMS CENTER P.O. BOX 645,TULSA,OK,74172,Natural Gas,Cheryl Rowell,Regulatory Compliance Specialist,cheryl.rowell@williams.com,(918)237-6096,Mark Cluff,"VP, Safety & Operational Discipline",mark.cluff@williams.com,(918)573-2345
9/1/2026,2021,20220778,40636,30941,WESTLAKE PVC CORPORATION,2468 INDUSTRIAL PARKWAY,CALVERT CITY,KY,42029,Natural Gas,JASON BRANGERS,"Senior VP, USDI",jason@usdi.us,(502)819-1338,,,,
9/1/2026,2021,20220491,40337,30943,CLE INTRASTATE PIPELINE INC,2030 DONAHUE FERRY ROAD,PINEVILLE,LA,71360,Natural Gas,Thomas Herter,operator,Tom.gtoc@gmail.com,(318)308-0479,,,,
9/1/2026,2021,20220066,39891,30944,"MONUMENT CHEMICAL KENTUCKY, LLC",2450 OLIN ROAD,BRANDENBURG,KY,40108,Natural Gas,Danny Williams,Operator,dwilliams@monumentchemical.com,(270) 422-6233,Danny Williams,Reliability Manager,dwilliams@monumentchemical.com,(270)422-6233
9/1/2026,2021,20221041,41211,30946,"BBT ALABAMA INTRASTATE, LLC","BLACK BEAR TRANSMISSION, LLC 1501 MCKINNEY, SUITE 800",HOUSTON,TX,77010,Natural Gas,Meghan Green,EHS&R Specialist,mgreen@blackbearllc.com,(256)335-7301,Ronda Louderman,"Vice President, EHS&R",rlouderman@blackbearllc.com,(361)960-5671
9/1/2026,2021,20221089,40958,30952,PHILLIPS UTILITY GAS CORPORATION,2331 CITYWEST BLVD. S820-05,HOUSTON,TX,77042,Natural Gas,Stacey Chapman-Brown,"Senior GIS Analyst, Asset Integrity",stacey.m.chapman-brown@p66.com,(832)765-1559,Todd Denton,"VP, Midstream Operations",todd.denton@p66.com,(832)765-1525
9/1/2026,2021,20220573,40420,30959,THE DOW CHEMICAL COMPANY,6723 E. HWY 332 BLDG BM-59,FREEPORT,TX,77541,Other Gas-Ethylene,Stephen  Neighbours,DOT Compliance Focal Point,srneighbours@dow.com,(979)238-5964,nancy Randolph,Production Director,nmrandolph@dow.com,(979)238-9858
9/1/2026,2021,20220575,47482,30959,THE DOW CHEMICAL COMPANY,6723 E. HWY 332 BLDG BM-59,FREEPORT,TX,77541,Hydrogen Gas,Stephen  Neighbours,DOT Compliance Focal Point,srneighbours@dow.com,(979)238-5964,,,,
9/1/2026,2021,20220576,40423,30959,THE DOW CHEMICAL COMPANY,6723 E. HWY 332 BLDG BM-59,FREEPORT,TX,77541,Other Gas-Off Gas,Stephen  Neighbours,DOT Compliance Focal Point,srneighbours@dow.com,(979)238-5964,nancy Randolph,Production Director,nmrandolph@dow.com,(979)238-9858
9/1/2026,2021,20220577,40424,30959,THE DOW CHEMICAL COMPANY,6723 E. HWY 332 BLDG BM-59,FREEPORT,TX,77541,Other Gas-Fuel Gas,Stephen  Neighbours,DOT Compliance Focal Point,srneighbours@dow.com,(979)238-5964,nancy Randolph,Production Director,nmrandolph@dow.com,(979)238-9858
9/1/2026,2021,20220578,40425,30959,THE DOW CHEMICAL COMPANY,6723 E. HWY 332 BLDG BM-59,FREEPORT,TX,77541,Other Gas-Residual Gas,Stephen  Neighbours,DOT Compliance Focal Point,srneighbours@dow.com,(979)238-5964,Nancy Randolph,Production Director,nmrandolph@dow.com,(979)238-9858
9/1/2026,2021,20220443,40289,30963,"SALTVILLE GAS STORAGE COMPANY, L.L.C. (SPECTRA ENERGY PARTNERS, LP)",5400 WESTHEIMER COURT,HOUSTON,TX,77056,Natural Gas,Ashley White,Operational Compliance Advisor,ashley.white@enbridge.com,(713)627-6398,,,,
9/1/2026,2021,20220397,40241,30965,BULLDOG GAS & POWER LLC,890 WATERBIRD WAY,MARTINEZ,CA,94553,Landfill Gas,Chris Charrette,Operator,cdcharrette@aol.com,(925)228-7099,,,,
9/1/2026,2021,20220513,40359,30984,"BRYAN, CITY OF",PO BOX 1000,BRYAN,TX,77805,Natural Gas,Wesley Williams,Operator,weswilliams@btutilities.com,(979)209-5944,,,,
9/1/2026,2021,20220178,40012,30994,"HOLLAND, CITY OF - BOARD OF PUBLIC WORKS",625 HASTINGS AVE.,HOLLAND,MI,49423,Natural Gas,Christopher El-cassabgui,Regulatory Compliance Specialist,celcassabgui@hollandbpw.com,(616)355-1510,Joel Davenport,Joel Davenport,jdavenport@hollandbpw.com,(616)355-1252
9/1/2026,2021,20221282,41162,31000,EAST KENTUCKY POWER CORPORATION,4758 LEXINGTON ROAD,WINCHESTER,KY,40391,Natural Gas,James Shuffett,agent,James.Shuffett@yahoo.com,(859)209-0713,,,,
9/1/2026,2021,20221221,41364,31007,ADM CORN PROCESSING DIVISION-NW GAS CONTRACTED,314 MAIN ST NE,MAPLETON,MN,56065,Natural Gas,CHERI LANDSTEINER,operator,CHERI@NWNGAS.COM,(507) 524-4103,,,,
9/1/2026,2021,20220120,39952,31023,CITGO REFINING & CHEMICAL CO. L.P.,1293 ELDRIDGE PARKWAY,HOUSTON,TX,77077,Hydrogen Gas,David R Garcia,Process Safety Management Advisor,dgarci2@citgo.com,(361)844-5479,James Cristman,VP & GM of Corpus Christi Refinery,jcristm@citgo.com,(361)844-4100
9/1/2026,2021,20220874,40734,31024,CENTRA PIPELINE MINNESOTA INC.,2324 Main Street,LONDON,ONTARIO,N6P 1A9,Natural Gas,Phillip Powers,Director of Pipeline Operations,ppowers@efgroupllc.com,(218)428-8282,Todd Karry,President,tkarry@efgroupllc.com,(248)594-6320
9/1/2026,2021,20221343,41248,31039,LOCKPORT COGENERATION FACILITY,5087 JUNCTION ROAD,LOCKPORT,NY,14094,Natural Gas,Daniel Rotunno,Plant Manager,drotunno@naeslcf.com,(716)570-6365,,,,
9/1/2026,2021,20220490,40336,31044,"LOWER VALLEY ENERGY, INC.",236 N. WASHINGTON BLVD/P.O. BOX 188,AFTON,WY,83110,Natural Gas,Craig Coles,operator,ccoles@lvenergy.com,(307)885-6151,Jim Webb,President/CEO,jim@lvenergy.com,(307)885-3175
9/1/2026,2021,20221219,41095,31067,AERA ENERGY LLC,"10000 MING AVE. (P.O. BOX 11164, 93389-1164)",BAKERSFIELD,CA,93311,Natural Gas,Kristyn Christie,Agent,kristyn.christie@everlineus.com,(936)447-6100,,,,
9/1/2026,2021,20221112,40981,31068,SEAL BEACH GAS PROCESSING VENTURE,PO BOX 2398,SEAL BEACH,CA,90740,Natural Gas,Devon Shay,General Manager,regulatory@hellmanprop.com,(562)431-6022,,,,
9/1/2026,2021,20221181,41766,31075,E&B NATURAL RESOURCES MANAGEMENT CORP,1608 NORRIS RD,BAKERSFIELD,CA,93308,Natural Gas,Schuyler Dickerson,Regulatory Consultant,schuyler.dickerson@everlineus.com,(832)386-5484,,,,
9/1/2026,2021,20221043,40910,31088,"DESTIN PIPELINE COMPANY, LLC","THIRD COAST MIDSTREAM, LLC PO BOX 1227",HOUSTON,TX,77251,Natural Gas,Kristyn Christie,agent,kristyn@thecompgroup.com,(936) 447-6100,Brian Nielsen,"VP, Operations",bnielsen@3cmidstream.com,(346)241-3620
9/1/2026,2021,20220194,40030,31092,"KM FEEDERS, LLC",2240 AVE P,LYONS,KS,67554,Natural Gas,Andrew Smith,Operations Manager,asmith@usdi.us,(316)305-6464,,,,
9/1/2026,2021,20220257,40096,31093,CITY OF FOSSTON MUNICIPAL GAS,220 EAST FIRST STREET P.O. BOX 239,FOSSTON,MN,56542,Other Gas-Methane,Steven Lyseng,Operator,Steven.lyseng@fosston.com,(218)435-1737,,,,
9/1/2026,2021,20221002,40868,31096,GEORGIA-PACIFIC CONSUMER OPERATIONS LLC,401 NE ADAMS ST.,CAMAS,WA,98607,Natural Gas,Steve Ringquist,Sr. Staff Engineer,steve.ringquist@gapac.com,(360)834-8166,Shawn Wood,VP - Manufacturing,shawn.wood@gapac.com,(360)834-8162
9/1/2026,2021,20220214,40050,31100,DANISCO CULTOR USA INC,201 NEW CENTURY PKWY,NEW CENTURY,KS,66031,Natural Gas,Bill Stephens,Mgr Codes & Standards,bill.stephens@blackhillscorp.com,(303)981-6474,,,,
9/1/2026,2021,20220251,40089,31104,STEPHENS AND JOHNSON OPERATING CO.,PO BOX 2249,WICHITA FALLS,TX,76307-2249,Natural Gas,DENISE HENDERSON,agent,dhenderson@sjoc.net,(940)723-2166,,,,
9/1/2026,2021,20220059,39884,31106,MERRION OIL AND GAS,610 REILLY AVE,FARMINGTON,NM,87401,Natural Gas,Philana Thompson,HSE & Regulatory Compliance,pthompson@merrion.bz,(505)486-1171,,,,
9/1/2026,2021,20220247,40085,31108,"ROYAL PRODUCTION CO., INC.","500 N SHORELINE,  STE 807N",CORPUS CHRISTI,TX,78401-0336,Natural Gas,Leigh Brown,Operations Manager Assistant,lbrown@royalcctx.com,(361)888-4792,,,,
9/1/2026,2021,20220643,40492,31130,DCP MIDSTREAM,6900 E. Layton Ave. Suite 900,DENVER,CO,80237-3658,Natural Gas,John Pontious,Manager Pipeline Compliance,JDPontious@dcpmidstream.com,(405)605-3859,Bhaskar Neogi,"VP, Pipeline Integrity",bneogi@dcpmidstream.com,(303)605-2218
9/1/2026,2021,20221251,41129,31142,NORTH SLOPE BOROUGH ENERGY MANAGEMENT,PO BOX 626,BARROW,AK,99723,Natural Gas,Breton Henry,Agent,brethenry@takuengineering.com,(907)433-1145,Charlie Risley,Gas FIeld Manager,charlie.risley@north-slope.com,(907)852-0212
9/1/2026,2021,20220913,40775,31145,PORTLAND NATURAL GAS TRANSMISSION SYSTEM,700 LOUISIANA STREET,HOUSTON,TX,77002,Natural Gas,Chris Figgatt,Integrity Engineer,chris_figgatt@tcenergy.com,(304)357-3014,Matt Parks,"Vice President, Technical And Operational Services",matt_parks@tcenergy.com,(832)320-5814
9/1/2026,2021,20220424,44964,31159,"KANSAS GAS SERVICE COMPANY, A DIVISION OF ONE GAS, INC.",7421 W 129TH,OVERLAND PARK,KS,66213,Natural Gas,Brian Russell,GIS Analyst,Brian.Russell2@onegas.com,(405)551-6681,Ronald Bridgewater,"Vice President, System Integrity",ronald.bridgewater@onegas.com,(918)947-7088
9/1/2026,2021,20220717,40573,31178,XTO ENERGY INC,22777 SPRINGWOODS VILLAGE PARKWAY,SPRING,TX,77389,Natural Gas,Jameson Gowin,DOT Compliance,jameson.gowin@exxonmobil.com,(817)201-9373,,,,
9/1/2026,2021,20220131,39963,31181,"AGC FLAT GLASS NORTH AMERICA, INC",20400 NORTH WEBSTER,SPRING HILL,KS,66083,Natural Gas,Andrew Smith,,asmith@usdi.us,(316)305-6464,,,,
9/1/2026,2021,20220681,40536,31199,ALLIANCE PIPELINE L.P.,5400 WESTHEIMER COURT,HOUSTON,TX,77056,Natural Gas,Ashley White,Operational Compliance Advisor,ashely.white@enbridge.com,(713)627-6398,Thomas Wooden,VP GTM Engineering & Asset Mgmt,Thomas.Wooden@enbridge.com,(713)627-5300
9/1/2026,2021,20220502,40348,31202,"ENABLE MIDSTREAM PARTNERS, LP",499 W. SHERIDAN  STE 1500,OKLAHOMA CITY,OK,73102,Natural Gas,Susie Sjulin,Director - Regulatory Compliance,susie.sjulin@energytransfer.com,(405)557-5271,Jennifer Street,Group SVP - Operations Services,jennifer.street@energytransfer.com,(214)981-0700
9/1/2026,2021,20220954,40818,31225,AK STEEL CORP,1801 CRAWFORD ST,MIDDLETOWN,OH,45043,Natural Gas,Jeff Maynard,Agent,jmaynard@uti-corp.com,(614)312-8484,Brian Albert,Energy Manager,brian.albert@clevelandcliffs.com,(513)804-8373
9/1/2026,2021,20221004,40870,31228,"CALIFORNIA RESOURCES ELK HILLS, LLC",900 OLD RIVER ROAD,BAKERSFIELD,CA,93311,Natural Gas,Shawn Rasmussen,Engineering Compliance & Data Governance Manager,Shawn.Rasmussen@crc.com,(661)763-6270,,,,
9/1/2026,2021,20220431,40277,31232,AVISTA CORP,"1411 East Mission (PO Box 3727, 99220-3727)",Spokane,WA,99202,Natural Gas,Joshua Fort,Sr. Gas Engineer,josh.fort@avistacorp.com,(509)495-2656,,,,
9/1/2026,2021,20221044,40912,31245,ATI METALS,1600 OLD SALEM ROAD NE,ALBANY,OR,97321,Natural Gas,Kristyn Christie,agent,kristyn.christie@everlineus.com,(936) 447-6100,michael Bernard,senior VP,michael.bernard@atimetals.com,(541)990-7053
9/1/2026,2021,20220699,40554,31251,"MORTON INTERNATIONAL INC, - SALT DIVISION",RT 2 BOX 10,GRAND SALINE,TX,75140,Natural Gas,Katharine Graham,Pipeline Data Business Analyst,katharine.graham@CenterPointEnergy.com,(713)207-3641,,,,
9/1/2026,2021,20220332,40172,31256,"JGE GAS SOLUTIONS, LP",5847 SAN FELIPE STREET SUITE 2850,HOUSTON,TX,77057,Natural Gas,Kevin Stanley,"Corporate Director, HSER",kevin.stanley@jge-holdings.com,(713)628-3540,,,,
9/1/2026,2021,20220506,40352,31269,KINDER MORGAN NORTH TEXAS PIPELINE,"1001 LOUISIANA ST, STE 1000",HOUSTON,TX,77002,Natural Gas,Balark Chethan,Engineer-Pipeline,Balark_Chethan@kindermorgan.com,(713)420-5629,Jorge Torres,VP - Pipeline Integrity,jorge_torres@kindermorgan.com,(713)369-9232
9/1/2026,2021,20221074,40943,31286,"ONEOK GAS TRANSPORTATION, LLC",100 WEST FIFTH STREET,TULSA,OK,74103,Natural Gas,Ethan Pulvermacher,Operator,ethan.pulvermacher@oneok.com,(620)453-2020,Bill Bromley,VP Natural Gas Pipeline Operations,bill.bromley@oneok.com,918-588-7615
9/1/2026,2021,20221202,41078,31287,WILD GOOSE STORAGE LLC,"SUITE400,607-8TH AVE. SW",CALGARY,AB,T2P 0A7,Natural Gas,Gregory Clark,Compliance Manager,greg.clark@rockpointgs.com,(209)368-9277,Mathieu Fournier,"VP, Engineering & Operations",mathieu.fournier@rockpointgs.com,(403)513-8657
9/1/2026,2021,20220435,40281,31307,"DOW HYDROCARBONS & RESOURCES, INC",1000 COUNTY ROAD 340,ANGLETON,TX,77515,Natural Gas,David Johse,Regulatory Compliance Focal Point,dgjohse@dow.com,(713)654-3636,,,,
9/1/2026,2021,20221258,41137,31312,WEST PHOENIX POWER PLANT,4606 W. HADLEY,PHOENIX,AZ,85043,Natural Gas,Andrin Rada,Engineer,andrin.rada@aps.com,(602)250-5238,,,,
9/1/2026,2021,20220061,39886,31313,ACME BRICK LATERAL - KN ENGERY,1615 GRISBY FORD ROAD PO BOX 250,MALVERN,AR,72104,Natural Gas,Stephen Cook,agent,scook@sacwireline.com,(501) 332-5555,,,,
9/1/2026,2021,20220953,40817,31316,COLORADO NATURAL GAS INC.,10825 E. GEDDES AVENUE SUITE 410,CENTENNIAL,CO,80112,Natural Gas,Rachel Smith,Regulatory Specialist II,rasmith@summitutilities.com,(207)233-6041,,,,
9/1/2026,2021,20220492,43897,31330,CLECO POWER LLC,2030 DONAHUE FERRY ROAD,PINEVILLE,LA,71360,Natural Gas,Schuyler Dickerson,Regulatory Consultant,schuyler.dickerson@everlineus.com,(832)386-5484,,,,
9/1/2026,2021,20220644,42920,31335,"MARITIMES & NORTHEAST PIPELINE, L.L.C. (SPECTRA ENERGY PARTNERS, LP)",5400 WESTHEIMER COURT,HOUSTON,TX,77056,Natural Gas,Ashley White,Operational Compliance Advisor,ashley.white@enbridge.com,(713)627-6398,Thomas Wooden,VP GTM Engineering & Asset Mgmt,thomas.wooden@enbridge.com,(713)627-5300
9/1/2026,2021,20221144,41016,31341,OLIKTOK PIPELINE COMPANY,PO BOX 100360,ANCHORAGE,AK,99501,Natural Gas,Wesley Olson,DOT Program Coordinator,wes.d.olson@conocophillips.com,(907)265-1086,,,,
9/1/2026,2021,20220840,40700,31348,ATMOS ENERGY CORPORATION - MID-TEX,5430 LBJ FREEWAY SUITE 1800,DALLAS,TX,75240,Natural Gas,Kelee Lusk,Compliance Analyst,kelee.lusk@atmosenergy.com,(214)212-9434,Jeffrey S. Knights,Sr. VP Technical and Operating Services,jeff.knights@atmosenergy.com,(214)206-2701
9/1/2026,2021,20220624,40473,31356,"VECTOR PIPELINE, L.P.",5400 WESTHEIMER COURT,HOUSTON,TX,77056,Natural Gas,Ashley White,Operational Compliance Advisor,ashley.white@enbridge.com,(713)627-6398,Thomas Wooden,VP GTM Engineering & Asset Mgmt,thomas.wooden@enbridge.com,(713)627-5300
9/1/2026,2021,20221045,40913,31365,"AMERICAN MIDSTREAM (SEACREST), LP","THIRD COAST MIDSTREAM, LLC PO BOX 1227",HOUSTON,TX,77251,Natural Gas,Kristyn Christie,agent,kristyn@thecompgroup.com,(936) 447-6100,,,,
9/1/2026,2021,20220550,40396,31368,SMARR ENERGY FACILITY,1077 RUMBLE RD,FORSYTH,GA,31029,Natural Gas,Donna Johnson,operator,donna.johnson@opc.com,(770) 270-7572,,,,
9/1/2026,2021,20221178,41052,31371,"BUCKEYE DEVELOPMENT & LOGISTICS, LLC",4200 WESTHEIMER ROAD # 975,HOUSTON,TX,77027,Natural Gas,Kristen Howett,Regulatory Compliance Specialist,khowett@buckeye.com,(610)904-4687,Joseph Sauger,SVP Operations & Engineering,jsauger@buckeye.com,(832)325-1655
9/1/2026,2021,20221179,41053,31371,"BUCKEYE DEVELOPMENT & LOGISTICS, LLC",4200 WESTHEIMER ROAD # 975,HOUSTON,TX,77027,Hydrogen Gas,Kristen Howett,Regulatory Compliance Specialist,khowett@buckeye.com,(610)904-4687,,,,
9/1/2026,2021,20220802,40662,31372,TICONA POLYMERS INC,PO BOX 428,BISHOP,TX,78343,Natural Gas,Kristyn Christie,agent,kristyn@thecompgroup.com,(936) 447-6100,Cary Riggle,Reliability Manager,cary.riggle@celanese.com,361-584-6243
9/1/2026,2021,20220293,40132,31389,"ALLIANCE ENERGY TRANSMISSIONS - SYRACUSE, LLC",110 EAST SENECA STREET,SHERRILL,NY,13461,Natural Gas,Heinrich Kirschner,operator,hkirschner@aeny.us,(315)730-7893,Heinrich Kirschner,Manager,hkirschner@aeny.us,(315)730-7893
9/1/2026,2021,20220987,40853,31390,OREGON STEEL MILLS,14400 N RIVERGATE,PORTLAND,OR,97203,Natural Gas,Debbie Deetz Silva,Environmental Manager,debbie.silva@EVRAZNA.com,(503)978-6044,,,,
9/1/2026,2021,20220143,46710,31392,SUNFLOWER ELECTRIC POWER CORP,301 WEST 13TH STREET,HAYS,KS,67601,Natural Gas,Andrew Tewell,"Manager, Generation Engineering",Andrew.Tewell@sunflower.net,(620)277-4538,,,,
9/1/2026,2021,20221020,40886,31395,"BBT TENNESSEE RIVER, LLC","BLACK BEAR TRANSMSISION, LLC 1501 MCKINNEY, SUITE 800",HOUSTON,TX,77010,Natural Gas,Meghan Green,EHS&R Specialist,mgreen@blackbearllc.com,(256)367-1083,Ronda Louderman,"Vice President, EHS&R",rlouderman@blackbearllc.com,(361)960-5671
9/1/2026,2021,20220833,40693,31406,FRONTIER NATURAL GAS COMPANY,110 PGW DR.,ELKIN,NC,28621,Natural Gas,Taylor Younger,Engineer,tyounger@egas.net,(336)526-1781,Fred Steele,President,fsteele@frontiernaturalgas.com,(336)526-2690
9/1/2026,2021,20220455,40301,31408,DALLAS PRODUCTION INC,9295 FM 2767,TYLER,TX,75708,Natural Gas,Terry L Rhame,Agent,t.rhame@geologicenvironmental.com,(903)753-8200,,,,
9/1/2026,2021,20220128,39960,31416,CITY OF WALL LAKE,108 BOYER ST,WALL LAKE,IA,51466,Natural Gas,Chris Rodman,City Clerk,citywl@netins.net,(712)664-2216,,,,
9/1/2026,2021,20221039,41205,31424,"BBT SIGCO INTRASTATE, LLC","BLACK BEAR TRANSMISSION, LLC 1501 MCKINNEY, SUITE 800",HOUSTON,TX,77010,Natural Gas,Meghan Green,EHS&R Specialist,mgreen@blackbearllc.com,(256)335-7301,Ronda Louderman,"Vice President, EHS&R",rlouderman@blackbearllc.com,(361)960-5671
9/1/2026,2021,20220389,40232,31425,MIDCOAST PIPELINES (TEXAS GATHERING) L.P.,1501 MCKINNEY SUITE 600,HOUSTON,TX,77010,Natural Gas,Benita Kalka,GIS Analyst,BENITA.KALKA@MIDCOASTENERGY.COM,(713)821-2072,Tommy Stone,Chief Operating and Administration Officer,tommy.stone@midcoastenergy.com,(337)515-8700
9/1/2026,2021,20221040,42212,31426,BBT ONSHORE PIPELINES LLC,"BLACK BEAR TRANSMISSION, LLC 1501 MCKINNEY, SUITE 800",HOUSTON,TX,77010,Natural Gas,Jamie Kilpatrick,"Director - Compliance, Engineering & Operations",jkilpatrick@camstex.com,(832)581-7806,Larry Bonner,Vice President Operations,lbonner@blackbearllc.com,(601)433-9458
9/1/2026,2021,20220018,39840,31430,MORTIMER PRODUCTION COMPANY,7701 BROADWAY STREET STE 200,SAN ANTONIO,TX,78209,Natural Gas,Callie Mayo,Compliance Manager,callie@mortimerproduction.com,(210)821-6168,,,,
9/1/2026,2021,20220196,40032,31439,HARDEE POWER PARTNERS LTD,6695 COUNTY RD 663 N,BOWLING GREEN,FL,33834,Natural Gas,Mike McMullen,operator,mmcmullen@invenergy.com,(863)375-3266,Alan Beckham,Vice President,abeckham@invenergy.com,(312)582-1497
9/1/2026,2021,20220410,40256,31442,DOUGLAS PIPELINE CO,901 CASTLE SHANNON BLVD.,PITTSBURGH,PA,15234,Natural Gas,Andrea Shacklett,Director of Regulatory Compliance,ashacklett@douglaspipeline.com,(412)531-2440,Ryan Estabrook,President,restabrook@douglaspipeline.com,(412)531-2440
9/1/2026,2021,20220411,40257,31442,DOUGLAS PIPELINE CO,901 CASTLE SHANNON BLVD.,PITTSBURGH,PA,15234,Landfill Gas,Andrea Shacklett,Dir of Regulatory Compliance,ashacklett@douglaspipeline.com,(412)531-2440,,,,
9/1/2026,2021,20221205,41081,31443,"ALON USA, LP",P.O. BOX 1311,BIG SPRING,TX,79721,Natural Gas,Michael Sanders,"Director, Regulatory Compliance and ROW Managment",michael.sanders@deleklogistics.com,(630)649-8016,Richard Stockton,"Senior Manager, Refinery Operations",Richard.Stockton@delekus.com,(432)213-0339
9/1/2026,2021,20220791,40651,31451,KINDER MORGAN TEXAS PIPELINE CO,"1001 LOUISIANA ST, STE 1000",HOUSTON,TX,77002,Natural Gas,Stephen Dines,Engineer,stephen_dines@kindermorgan.com,(719)329-5633,Jorge Torres,George Torres,jorge_torres@kindermorgan.com,(713)369-9232
9/1/2026,2021,20220607,46884,31470,VECTREN ENERGY DELIVERY OF OHIO,211 NW Riverside Drive,Evansville,IN,47708,Natural Gas,Molly Wolf,Business Analyst,molly.wolf@centerpointenergy.com,(812)491-5549,Barbara Varanauski,VP Gas Engineering & System Integrity,barbara.varanauski@centerpointenergy.com,(713)207-7058
9/1/2026,2021,20220379,41380,31472,SCISSORTAIL ENERGY LLC,"1001 LOUISIANA ST, SUITE 1000",HOUSTON,TX,77002,Natural Gas,Vignesh Raman,Pipeline Engineer,Vignesh_Raman@kindermorgan.com,(281)770-5911,,,,
9/1/2026,2021,20220817,40677,31477,CPN PIPELINE COMPANY,60 RIVER ROAD,RIO VISTA,CA,94571,Natural Gas,Scott Vickers,Compliance Manager,svickers@calpine.com,(707)374-1505,Charlie Gates,EVP Power Operations,charlie.gates@calpine.com,(713)830-2029
9/1/2026,2021,20220946,40810,31481,BANGOR NATURAL GAS CO.,498 MAINE AVENUE,BANGOR,ME,04401,Natural Gas,Ryan Rancourt,Manager of Engineering,rrancourt@egas.net,(207)941-9595,,,,
9/1/2026,2021,20220620,40469,31485,ENBRIDGE OFFSHORE (GAS GATHERING) L.L.C.,5400 WESTHEIMER COURT,HOUSTON,TX,77056,Natural Gas,Ashley White,Operational Compliance Advisor,ashley.white@enbridge.com,(713)627-6398,Thomas Wooden,VP GTM Engineering & Asset Mgmt,thomas.wooden@enbridge.com,(713)627-5300
9/1/2026,2021,20221198,41072,31486,MoGAS PIPELINE LLC,329 JOSEPHVILLE ROAD,WENTZVILLE,MO,63385,Natural Gas,Mike Mertz,controller,mmertz@mogaspipe.com,(636)856-8035,Dan Klein,Senior Vice President,dklein@mogaspipe.com,(314)856-8035
9/1/2026,2021,20220883,40769,31487,MAINE NATURAL GAS,9 INDUSTRIAL PARKWAY,BRUNSWICK,ME,04011,Natural Gas,Joseph Gauthier,Supervisor - Gas Engineering,jgauthier@mainenaturalgas.com,(207) 729-0420,,,,
9/1/2026,2021,20220153,39986,31492,TARGA PIPELINE MID-CONTINENT LLC,"811 LOUISIANA STREET, SUITE 2100",HOUSTON,TX,77002,Natural Gas,Bryan Robison,"Specialist, Pipeline Compliance",brobison@targaresources.com,(817)944-0617,,,,
9/1/2026,2021,20220084,39913,31494,CITY WATER AND LIGHT PLANT,400 EAST MONROE,JONESBORO,AR,72403-1289,Natural Gas,Mark Brand,Electric Maintenance Supervisor,mbrand@jonesborocwl.org,(870)926-0561,,,,
9/1/2026,2021,20221222,41099,31501,"M-R VENTURES, LLC",P.O. BOX 670963,DALLAS,TX,75367,Natural Gas,Thomas McMillan,Petroleum Engineer,reports@m-rventures.com,(972) 644-4710,,,,
9/1/2026,2021,20221085,41382,31502,OCCIDENTAL PERMIAN LTD,"5 GREENWAY PLAZA, SUITE 110",HOUSTON,TX,77046,Natural Gas,Carl Morales,HSE Lead,PipelineSafety@oxy.com,(432)699-8397,,,,
9/1/2026,2021,20220805,40665,31516,"LOUISIANA GENERATING, LLC",2030 DONAHUE FERRY ROAD,PINEVILLE,LA,71360,Natural Gas,Kristyn Christie,Agent,kristyn.christie@everlineus.com,(936)447-6100,Kristin Guillory,President - Cleco Cajun,kristin.guillory@clecocajun.com,(318)484-7715
9/1/2026,2021,20220726,40582,31520,MISSION NATURAL GAS,601 TRAVIS STREET SUITE 1900,HOUSTON,TX,77002,Natural Gas,David Busby,Sr. PGD Operations Specialist,david.busby@nexteraenergy.com,(713)951-5318,,,,
9/1/2026,2021,20221252,41130,31522,KB PIPELINE,121 SW Salmon St.,Portland,OR,97204,Natural Gas,Kristyn Christie,agent,kristyn.christie@everlineus.com,(936) 447-6100,,,,
9/1/2026,2021,20220870,40730,31528,"SALT PLAINS STORAGE, LLC","#400, 607 - 8TH AVENUE S.W.",CALGARY,ALBERTA,T2P 0A7,Natural Gas,Jeff Taylor,Lead Operator,jeff.taylor@rockpointgs.com,(580)694-2249,,,,
9/1/2026,2021,20221083,41195,31531,"ONEOK WESTEX TRANSMISSION, LLC",100 WEST FIFTH STREET,TULSA,OK,74103,Natural Gas,Ethan Pulvermacher,Operator,ethan.pulvermacher@oneok.com,(620)453-2020,Bill Bromley,VP Natural Gas Pipeline Operations,bill.bromley@oneok.com,(918)588-7615
9/1/2026,2021,20221077,40946,31534,"ONEOK TEXAS GAS STORAGE, LLC",100 WEST FIFTH STREET,TULSA,OK,74103,Natural Gas,Ethan Pulvermacher,Operator,ethan.pulvermacher@oneok.com,(620)453-2020,,,,
9/1/2026,2021,20220313,40152,31539,"HANSON ENGINEERING, L.C.",16171 ROAD I,LIBERAL,KS,67901,Natural Gas,Richard Hanson,operator,rlhanson@wbsnet.org,(620)626-5777,,,,
9/1/2026,2021,20221346,41252,31540,APACHE GAS TRANSMISSION,PO BOX 861,GREENVILLE,TX,75403,Natural Gas,David Thomas Shirey Jr,President,dtshireyll@gmail.com,(903)268-5122,,,,
9/1/2026,2021,20221036,41209,31543,"BBT TRANS-UNION INTERSTATE PIPELINE, L.P.","BLACK BEAR TRANSMISSION, LLC 1501 MCKINNEY, SUITE 800",HOUSTON,TX,77010,Natural Gas,Meghan Green,EHS&R Specialist,mgreen@blackbearllc.com,(256)335-7301,Ronda Louderman,"Vice President, EHS&R",rlouderman@blackbearllc.com,(361)960-5671
9/1/2026,2021,20220072,39899,31544,ABARTA OIL & GAS CO,200 ALPHA DRIVE,PITTSBURGH,PA,15238,Natural Gas,Terri Moore,Senior Operations Analyst,tmoore@abartaenergy.com,(412) 963-6483,,,,
9/1/2026,2021,20220993,40859,31557,"SOUTHCROSS GULF COAST TRANSMISSION, LTD","2103 CITYWEST BLVD, SUITE 900",HOUSTON,TX,77042,Natural Gas,Scott Gisler,Operator,scott.gisler@southcrossenergy.com,(210)536-5514,Matthew T. Berghorn,Chief Operating Officer,matt.berghorn@southcrossenergy.com,(713)580-0265
9/1/2026,2021,20221322,41221,31564,7-D GAS SUPPLY CORP,4388 5TH STREET ROAD,HUNTINGTON,WV,25701,Natural Gas,John Dial,President,7dgas@frontier.com,(304)529-1241,,,,
9/1/2026,2021,20221269,41148,31565,"GULFSTREAM MANAGEMENT &  OPERATING SERVICES,LLC","1905 INTERMODAL CIRCLE, SUITE 310",PALMETTO,FL,34221,Natural Gas,Lisa Fortenbaugh,Regulatory Compliance Specialist III,lisa.fortenbaugh@williams.com,(713)494-6514,Mark Cluff,VP Safety & Operational Discipline,mark.cluff@williams.com,(918)573-2345
9/1/2026,2021,20220277,40116,31574,"WESTERN REFINING LOGISTICS, LP",1515 ARAPAHOE ST. TOWER 1; SUITE 1600,DENVER,CO,80202,Natural Gas,Victoria Randall,Pipeline Compliance Specialist,VMRandall@MPLX.com,(435)219-1288,,,,
9/1/2026,2021,20220047,39872,31575,THE QUINTIN LITTLE CO INC,2007 N COMMERCE,ARDMORE,OK,73401,Natural Gas,Rita Hale,operator,rita@qlcos.com,(580)226-9050,,,,
9/1/2026,2021,20221022,40888,31577,"BBT BAMAGAS INTRASTATE, LLC","BLACK BEAR TRANSMISSION, LLC 1501 MCKINNEY, SUITE 800",HOUSTON,TX,77010,Natural Gas,Meghan Green,EHS&R Specialist,mgreen@blackbearllc.com,(256)367-1083,Ronda Louderman,"Vice President, EHS&R",rlouderman@blackbearllc.com,(361)960-5671
9/1/2026,2021,20221034,46720,31581,"BBT MID LOUISIANA GAS TRANSMISSION, LLC","BLACK BEAR TRANSMISSION, LLC",HOUSTON,TX,77010,Natural Gas,Meghan Green,EHS&R Specialist,mgreen@blackbearllc.com,(256)335-7301,Ronda Louderman,"Vice President, EHS&R",rlouderman@blackbearllc.com,(361)960-5671
9/1/2026,2021,20220768,40626,31582,"ONEOK ROCKIES MIDSTREAM, LLC",100 West Fifth Street,Tulsa,OK,74103,Natural Gas,Ethan Pulvermacher,Operator,oke16308@oneok.com,(620)453-2020,,,,
9/1/2026,2021,20220400,40244,31584,CENTRAL IOWA POWER COOPERATIVE,"2600 GRAND AVE., SUITE 300",DES MOINES,IA,50312,Natural Gas,Bill Stephens,Mgr Codes & Standards,bill.stephens@blackhillscorp.com,(303)981-6474,,,,
9/1/2026,2021,20221207,41083,31592,EMPIRE PIPELINE INC,6363 MAIN STREET,WILLIAMSVILLE,NY,14221-5887,Natural Gas,Rachael Sebesta,Senior Engineer I,SebestaR@natfuel.com,(814)871-8285,Jeffery Kittka,Vice President,KittkaJ@natfuel.com,(814)871-8625
9/1/2026,2021,20220992,41279,31594,"SOUTHCROSS MUSTANG TRANSMISSION, LTD.",2103 CITYWEST BLVD. SUITE 900,HOUSTON,TX,77042,Natural Gas,Scott Gisler,Operator,scott.gisler@southcrossenergy.com,(210)536-5514,Matthew T. Berghorn,Chief Operating Officer,matt.berghorn@southcrossenergy.com,(713)580-0265
9/1/2026,2021,20220990,40856,31595,SOUTHCROSS CCNG GATHERING LTD,2103 CITYWEST BLVD. SUITE 900,HOUSTON,TX,77042,Natural Gas,scott Gisler,Operator,scott.gisler@southcrossenergy.com,(210)536-5514,,,,
9/1/2026,2021,20220137,39970,31599,CITY OF SUSANVILLE,720 SOUTH STREET,SUSANVILLE,CA,96130,Natural Gas,Reuben Downing,Natural Gas Utility Supervisor,rdowning@cityofsusanville.org,(530)257-1041,Reuben Downing,Gas Utilities Supervisor,rdowning@cityofsusanville.org,(530)257-1041
9/1/2026,2021,20220899,41365,31604,EQUITRANS MIDSTREAM CORPORATION,2200 ENERGY DRIVE,CANONSBURG,PA,15317,Natural Gas,Karen Masterson,Sr Engineering Technician,kmasterson@equitransmidstream.com,(412)439-5267,Gregg West,VP Environmental Safety & Compliance,gwest@equitransmidstream.com,(412)480-9900
9/1/2026,2021,20241476,44974,31608,"LDC, LLC.",19926 KEENAN CUT OFF RD,MONTGOMERY,TX,77316,Natural Gas,Andrew Gillen,Regulator and Compliance,agillen@ldcgas.com,(935)539-3500,,,,
9/1/2026,2021,20220381,40223,31613,"MIDCOAST PIPELINES (EAST TEXAS), L.P.",1501 MCKINNEY SUITE 600,HOUSTON,TX,77010,Natural Gas,Benita Kalka,GIS Analyst,BENITA.KALKA@MIDCOASTENERGY.COM,(713)821-2072,Tommy Stone,Chief Operating and Administration Officer,tommy.stone@midcoastenergy.com,(337)515-8700
9/1/2026,2021,20220955,40819,31618,ENTERPRISE PRODUCTS OPERATING LLC,1100 Louisiana Street,HOUSTON,TX,77002,Natural Gas,Ryan Tschannen,Pipeline Compliance Engineer,rtschannen@eprod.com,(713)381-4659,Graham Bacon,Executive Vice President & Chief Operating Officer,gbacon@eprod.com,(713)381-6516
9/1/2026,2021,20220956,40820,31618,ENTERPRISE PRODUCTS OPERATING LLC,1100 Louisiana Street,HOUSTON,TX,77002,Other Gas-Ethane Gas,Ryan Tschannen,Pipeline Compliance Engineer,rtschannen@eprod.com,(713)381-4659,,,,
9/1/2026,2021,20220237,40074,31622,GREENLIGHT GAS INC,712 9TH  P.O. BOX 1072,WELLINGTON,TX,79095,Natural Gas,John Ferrel,Operations manager,jmferrel@greenlightgas.com,(806)447-1377,,,,
9/1/2026,2021,20221046,40914,31624,ASH GROVE CEMENT COMPANY,"11011 CODY STREET, POB 25900",OVERLAND PARK,KS,66225,Natural Gas,Kristyn Christie,agent,kristyn.christie@everlineus.com,(936) 447-6100,,,,
9/1/2026,2021,20221076,40945,31627,"DENBURY ONSHORE, LLC",5851 LEGACY CIRCLE SUITE 1200,PLANO,TX,75024,Natural Gas,Chad Docekal,Operator,chad.docekal@denbury.com,(972)673-2734,,,,
9/1/2026,2021,20220358,41230,31629,GULF PIPELINE LLC,9701 N. BROADWAY EXT.,OKLAHOMA CITY,OK,73114,Natural Gas,Sean Strickland,Operations Manager,sstrickland@gulfexploration.com,(405)840-3371,,,,
9/1/2026,2021,20220583,40430,31632,NORTHWESTERN CORPORATION,3010 W. 69TH ST.,SIOUX FALLS,SD,57108,Natural Gas,Bryce Ruffier,Operator,bryce.rufffier@northwestern.com,(406)497-2476,Michael R Cashell,Vice President - Transmission,Michael.Cashell@northwestern.com,(406)497-4575
9/1/2026,2021,20221008,43071,31636,NORTHERN STATES POWER CO OF MINNESOTA,414 NICOLLET MALL,MINNEAPOLIS,MN,55402,Natural Gas,Lisa Kallberg,Principal Pipeline Compliance Consultant,elisabeth.m.kallberg@xcelenergy.com,(651)229-2282,Ray Gardner,AVP Gas engineering,ray.gardner@xcelenergy.com,(303)571-3904
9/1/2026,2021,20220322,40162,31640,SIOUX CITY BRICK AND TILE,501 4TH STREET,SEARGENT BLUFF,IA,51054,Natural Gas,Bill Stephens,Mgr Codes & Standards,bill.stephens@blackhillscorp.com,(303)981-6474,,,,
9/1/2026,2021,20221028,40894,31646,PLATTE RIVER POWER AUTHORITY,2000 E HORSETOOTH RD,FT COLLINS,CO,80525,Natural Gas,Preston Johnson,Plant Mechanical Engineer,johnsonp@prpa.org,(970)229-1724,,,,
9/1/2026,2021,20221033,40900,31647,SOUTH SHORE PIPELINE CO LLC,601 TRAVIS STREET SUITE 1900,HOUSTON,TX,77002,Natural Gas,David Busby,Sr. PGD Operations Specialist,david.busby@nexteraenergy.com,(713)951-5318,Danny Schedule,Sr Dir Midstream Ops & Construction,Danny.Schedule@nexteraenergy.com,(713)374-1583
9/1/2026,2021,20220357,40199,31662,ARCHER DANIELS MIDLAND CO,1251 BEAVER CHANNEL PKWY,CLINTON,IA,52732,Natural Gas,Ed Cole,Operator,ed.cole@adm.com,(563)241-4618,,,,
9/1/2026,2021,20221378,41341,31665,UNIVERSITY OF NEW HAMPSHIRE,6 LEAVITT LANE,DURHAM,NH,03824,Landfill Gas,David Bowley,Utility Systems manager,dave.bowley@unh.edu,(603)862-0647,William Jannelle,Associate V. P.,william.janelle@unh.edu,(603)862-2650
9/1/2026,2021,20221169,41043,31684,PHILLIPS 66 PIPELINE LLC,2331 CITYWEST BLVD,Houston,TX,77042,Natural Gas,Stacey Chapman-Brown,"Senior GIS Analyst, Asset Integrity",stacey.m.chapman-brown@p66.com,(832)765-1559,Todd Denton,"President, Phillips 66 Pipeline LLC",todd.denton@p66.com,(832)765-1525
9/1/2026,2021,20221171,41045,31684,PHILLIPS 66 PIPELINE LLC,2331 CITYWEST BLVD,Houston,TX,77042,Hydrogen Gas,Stacey Chapman-Brown,"Senior GIS Analyst, Asset Integrity",stacey.m.chapman-brown@p66.com,(832)765-1559,,,,
9/1/2026,2021,20220311,40150,31685,AZTECA MILLING LP,5003 BLUEBIRD BRANCH COURT,MIDLAND,TX,79705,Natural Gas,John Wollaston,agent,embassygas@hotmail.com,(432)559-2047,,,,
9/1/2026,2021,20220777,40635,31687,"HILL-LAKE GAS STORAGE, LLC",840 GESSNER ROAD SUITE 250,HOUSTON,TX,77024,Natural Gas,Gonca Randall,"Vice President, ESG",grandall@nortexmidstream.com,(713)623-5933,,,,
9/1/2026,2021,20220706,40561,31688,AMERICO ENERGY RESOURCES LLC,7575 San Felipe Suite 200,Houston,TX,77063,Natural Gas,Floyd Belcher,Agent,floyd@papsoq.com,(281)379-1130,,,,
9/1/2026,2021,20221200,41076,31697,"LODI GAS STORAGE, LLC",SUITE 400 607 - 8TH AVE SW,CALGARY,AB,T2P 0A7,Natural Gas,Gregory Clark,Compliance Manager,greg.clark@rockpointgs.com,(209)368-9277,Mathieu Fournier,"VP, Engineering & Operations",mathieu.fournier@rockpointgs.com,(403)513-8657
9/1/2026,2021,20220531,40377,31703,"WILLIAMS MLP OPERATING, LLC",ONE WILLIAMS CENTER 43-4,TULSA,OK,74172,Natural Gas,Clint Ratke,"Manager, Pipeline Safety",Clint.Ratke@williams.com,(918)573-6724,Mark Cluff,VP - Safety & Ops Discipline,Mark.Cluff@Williams.com,(918)573-2345
9/1/2026,2021,20220451,40297,31705,KATY STORAGE & TRANSPORTATION LP,10375 RICHMOND AVENUE SUITE 1900,HOUSTON,TX,77042,Natural Gas,Melisa Escobar,Sr. Regulatory Analyst,melisa.escobar@enstorinc.com,(281)668-7651,Paul Bieniawski,CEO,paul.bieniawski@enstorinc.com,(281)374-3080
9/1/2026,2021,20220832,40692,31707,CHEVRON U.S.A. INC - PERMIAN BASIN,6001 BOLLINGER CANYON ROAD,SAN RAMON,CA,94583,Natural Gas,Edward whitten,Operations Advisor,EWhitten@chevron.com,(432)687-7825,,,,
9/1/2026,2021,20220725,40581,31708,WAGNER OIL COMPANY,"500 COMMERCE, SUITE 600",FORT WORTH,TX,76102,Natural Gas,floyd Belcher,Agent,floyd@papsoq.com,(281) 379-1130,,,,
9/1/2026,2021,20220750,40607,31711,"SOUTHERN STAR CENTRAL GAS PIPELINE, INC",4700 STATE ROUTE 56; BOX 20010,OWENSBORO,KY,42301,Natural Gas,Eric Glahn,Pipeline Compliance Engineer,Eric.Glahn@southernstar.com,(270)231-0561,Shawn Patterson,"VP, Chief Operations Officer",Shawn.Patterson@southernstar.com,(270)852-4670
9/1/2026,2021,20221078,40947,31712,"GUARDIAN PIPELINE, LLC",100 WEST FIFTH STREET,TULSA,OK,74103,Natural Gas,Ethan Pulvermacher,Operator,ethan.pulvermacher@oneok.com,(620)453-2020,Bill Bromley,VP Natural Gas Pipeline Operations,bill.bromley@oneok.com,(918)588-7615
9/1/2026,2021,20220790,40649,31719,HILAND PARTNERS HOLDINGS LLC,"1001 LOUISIANA ST, SUITE 1000",HOUSTON,TX,77002,Natural Gas,Stephen Dines,Engineer,Stephen_Dines@kindermorgan.com,(719)329-5633,,,,
9/1/2026,2021,20221130,41001,31724,SOUTHERN COMPANY PIPELINES,3535 COLONNADE PARKWAY BIN S-675-EC,BIRMINGHAM,AL,35243,Natural Gas,Jim Denham,Operations Compliance,jhdenham@southernco.com,(205)992-6376,Stan Connally,EVP Ops & President & CEO SCS,swconnal@southernco.com,(205)257-1304
9/1/2026,2021,20221131,41002,31724,SOUTHERN COMPANY PIPELINES,3535 COLONNADE PARKWAY BIN S-675-EC,BIRMINGHAM,AL,35243,Landfill Gas,Jim Denham,Operations Compliance,jhdenham@southernco.com,(205)992-6376,,,,
9/1/2026,2021,20220523,40369,31727,"KINDER MORGAN KEYSTONE GAS STORAGE, LLC","1001 LOUISIANA ST, SUITE 1000",HOUSTON,TX,77002,Natural Gas,Stacy Weatherly,Administrative Assistant,stacy_weatherly@kindermorgan.com,(713)420-6286,,,,
9/1/2026,2021,20220612,40461,31728,"GULF SOUTH PIPELINE COMPANY, LLC",9 GREENWAY PLAZA SUITE 2800,HOUSTON,TX,77046,Natural Gas,Ashley Kuehn,GIS Analyst Sr.,ashley.kuehn@bwpmlp.com,(281)450-3192,Jeff Sanderson,Sr VP Operations,Jeff.Sanderson@bwpipelines.com,(713)479-1063
9/1/2026,2021,20221014,40880,31729,"ATMOS ENERGY CORPORATION - ATMOS PIPELINE AND STORAGE, LLC",5430 LBJ FREEWAY SUITE 1800,DALLAS,TX,75240,Natural Gas,Tyler Fichter,Engineer 2,tyler.fichter@atmosenergy.com,(615)593-0989,John McDill,Sr VP Utility Operations,John.McDill@atmosenergy.com,(972)855-3304
9/1/2026,2021,20220625,40474,31730,"WGP-KHC, LLC","13800 MONTFORT DRIVE, SUITE 100",DALLAS,TX,75240,Natural Gas,Aaron Hickert,Sr EHS Coordinator,ahickert@scoutep.com,(620)353-4960,,,,
9/1/2026,2021,20221091,40960,31737,TUCSON ELECTRIC POWER COMPANY,1250 E WATERMELON STREET,GILA BEND,AZ,85337,Natural Gas,Simon Pena,Compliance,simonpena01@gmail.com,(210)473-2486,,,,
9/1/2026,2021,20220937,40800,31745,"GAS RECOVERY SYSTEMS, LLC",5087 JUNCTION ROAD,LOCKPORT,NY,14094,Landfill Gas,Suparna Chakladar,Vice President,schakladar@opalfuels.com,(951)833-4153,,,,
9/1/2026,2021,20220774,40632,31747,TENASKA GEORGIA PARTNERS LP,14302 FNB PARKWAY,OMAHA,NE,68154,Natural Gas,Jason Brangers,USDI Senior VP,jason@usdi.us,(502)819-1338,,,,
9/1/2026,2021,20220190,40026,31748,MASSACHUSETTS WHOLESALE ELECTRIC CO,327 MOODY STREET,LUDLOW,MA,01056,Natural Gas,Louis Gilli,EH&S Engineer,lgilli@mmwec.org,(413)308-1259,Ronald Decurzio,Chief Executive Officer,rdecurzio@mmwec.org,(413)308-1358
9/1/2026,2021,20220806,40666,31749,AECC- OSWALD GENERATING STATION,17400 HWY 365 SOUTH,LITTLE ROCK,AR,72206,Natural Gas,Kristyn Christie,Agent,kristyn.christie@everlineus.com,(936)447-6100,,,,
9/1/2026,2021,20221236,41114,31753,ASPIRE ENERGY OF OHIO LLC,300 TRACY BRIDGE ROAD,ORRVILLE,OH,44667,Natural Gas,RICHARD WELSH,MANAGER OPERATIONS COMPLIANCE,RWELSH@CHPK.COM,(302)213-7276,,,,
9/1/2026,2021,20220556,40406,31754,BLACK HILLS POWER INC,7001 MT. RUSHMORE RD. P.O. BOX 1400,RAPID CITY,SD,57709,Natural Gas,Sheila Suurmeier,Generation Compliance Coordinator,Sheila.Suurmeier@blackhillscorp.com,(605)390-7443,,,,
9/1/2026,2021,20221042,41349,31755,"NOBLE MIDSTREAM SERVICES, LLC",1001 NOBLE ENERGY WAY,HOUSTON,TX,77070,Natural Gas,Andrew Kendrick,Consultant,akendrick@kendrickllc.com,(412)657-4788,,,,
9/1/2026,2021,20220493,40339,31759,ACADIA PARTNERS PIPELINE,2030 DONAHUE FERRY RD,PINEVILLE,LA,71360,Natural Gas,Thomas Herter,operator,Tom.gtoc@gmail.com,(318)398-0479,,,,
9/1/2026,2021,20220696,40551,31767,MCNIC MICHIGAN HOLDINGS INC,2000 2ND AVENUE 2005 WCB,DETROIT,MI,48226,Natural Gas,Karen Weiss,"Supervisor, Transmission Integrity",karen.weiss@dteenergy.com,(313)235-1127,,,,
9/1/2026,2021,20220062,39887,31768,SANTEE COOPER - RAINEY GENERATING STATION,PO BOX 70,IVA,SC,29655,Natural Gas,Emory Connelly,operator,ejconnel@santeecooper.com,(864)352-6110,,,,
9/1/2026,2021,20220318,40157,31771,AMERESCO PALMETTO,"111 SPEEN STREET, SUITE 410",FRAMINGHAM,MA,01701,Landfill Gas,Stevia Smith,Sr. Environmental Compliance Specialist,smiths@ameresco.com,(508)598-4386,Harold Stewart,Manager-Plant Operations,hstewart@ameresco.com,(847)463-0628
9/1/2026,2021,20220807,40667,31774,"EP ENERGY E&P COMPANY, L.P.",PO BOX 4660,HOUSTON,TX,77210,Natural Gas,Kristyn Christie,agent,kristyn.christie@everlineus.com,(936) 447-6100,,,,
9/1/2026,2021,20220628,40477,31782,BAYSIDE POWER STATION,3602 PORT SUTTON,TAMPA,FL,33619,Natural Gas,Rory Lacey,Engineer 1,rflacey@tecoenergy.com,(813)275-3734,Helen Wesley,President PGS,hwesley@tecoenergy.com,(813)228-1805
9/1/2026,2021,20220606,40455,31784,OHIO VALLEY HUB LLC,211 NW RIVERSIDE DRIVE,EVANSVILLE,IN,47708,Natural Gas,Molly Wolf,Integrity Management Business Analyst,molly.wolf@centerpointenergy.com,(812)491-4459,,,,
9/1/2026,2021,20220669,40523,31788,CALPINE TEXAS PIPELINE LP,60 RIVER ROAD,RIO VISTA,CA,94571,Natural Gas,Scott Vickers,Compliance Manager,svickers@calpine.com,(707)374-1505,Charlie Gates,EVP Power operations,Charlie.Gates@calpine.com,(713)830-2029
9/1/2026,2021,20220929,40792,31800,"MAS ENERGY, LLC",3340 PEACHTREE ROAD NE SUITE 170,ATLANTA,GA,30326,Landfill Gas,Troy LeSage,Asset Manager,tlesage@mas-energy.com,(404)474-0744,,,,
9/1/2026,2021,20221362,41284,31801,TANDEM ENERGY CORPORATION,5065 WESTHEIMER RD SUITE 920,HOUSTON,TX,77056,Natural Gas,Floyd Belcher,Agent,floyd@papsoq.com,(281)379-1130,,,,
9/1/2026,2021,20220450,40296,31803,STROUD PETROLEUM INC,"416 TRAVIS ST., SUITE 600",SHREVEPORT,LA,71101,Natural Gas,Steve Harris,Operations Manager,sharris@stroudexploration.com,(318)425-0101,,,,
9/1/2026,2021,20221030,40896,31805,HOLLY REFINING & MARKETING COMPANY,2828 N. HARWOOD SUITE 1300,DALLAS,TX,75201,Hydrogen Gas,Adan DeLeon,GIS Specialist,adan.deleon@hollyenergy.com,(214)954-6652,John Paris,"Vice President, Engineering & Technical Services",John.Paris@hollyenergy.com,575-746-5380
9/1/2026,2021,20220733,40590,31840,UNISOURCE ENERGY SERVICES,88 E BROADWAY,"TUCSON, PIMA",AZ,85701,Natural Gas,Curtis Asselstine,Mgr Engineering & Tech Service,casselstine@uesaz.com,(928)242-1285,,,,
9/1/2026,2021,20220516,40362,31846,"CAROLINA GAS TRANSMISSION, LLC",121 MOORE HOPKINS LANE,COLUMBIA,SC,29210,Natural Gas,Dan Stahl,Pipeline Integrity Engineer,Daniel.Stahl@bhegts.com,(681)842-3365,Wayne Vermullen,General Manager,Tommy.Vermullen@bhegts.com,(803)888-3535
9/1/2026,2021,20220551,40397,31849,OGLETHORPE POWER CORPORATION,2100 EAST EXCHANGE PLACE,TUCKER,GA,30085,Natural Gas,Donna Johnson,operator,donna.johnson@opc.com,(770) 270-7572,,,,
9/1/2026,2021,20220719,40575,31853,FOUNTAIN VALLEY POWER LLC,"600 17TH STREET, SUITE 2400S",DENVER,CO,80202,Natural Gas,Dan Nichols,Compliance Officer,dnichols@psi-llc.com,(719)418-4210,,,,
9/1/2026,2021,20220287,40126,31855,EVERGY,1200 MAIN,KANSAS CITY,MO,64105,Natural Gas,Joe Medina,Combustion Turbine Manager,joe.medina@evergy.com,(913)8943059,,,,
9/1/2026,2021,20220213,41249,31875,MERIT ENERGY COMPANY,"13727 NOEL ROAD, SUITE 500",DALLAS,TX,75240,Natural Gas,Kevin Richardson,operator,Kevin.Richardson@meritenergy.com,(956)572-0000,,,,
9/1/2026,2021,20221111,40980,31880,"BBT MISSISSIPPI, LLC","BLACK BEAR TRANSMISSION 1501 MCKINNEY, SUITE 800",HOUSTON,TX,77010,Natural Gas,Meghan Green,EHS&R Specialist,mgreen@blackbearllc.com,(256)367-1083,Ronda Louderman,"Vice President, EHS&R",rlouderman@blackbearllc.com,(361)960-5671
9/1/2026,2021,20220208,40044,31890,WSP USA INC.,6950 SULPHUR DR.,BEAUMONT,TX,77705,Natural Gas,Travis Stark,Regulatory Compliance Manager,Travis.Stark@wsp.com,(409) 839-4400,Chuck Fontenot,Senior Director- Operations,Chuck.Fontenot@wsp.com,(281)589-5845
9/1/2026,2021,20220915,40777,31891,NORTH BAJA PIPELINE LLC,700 LOUISIANA STREET,HOUSTON,TX,77002,Natural Gas,Chris Figgatt,Integrity Engineer,chris_figgatt@tcenergy.com,(304)357-3014,Matt parks,"Vice President, Technical and Operational Services",matt_parks@tcenergy.com,(832)320-5814
9/1/2026,2021,20220532,40378,31892,DUKE ENERGY - DEBARY COMBUSTION TURBINE,526 SOUTH CHURCH STREET,CHARLOTTE,NC,28202,Natural Gas,Christopher Ransome,Gas Regulatory Compliance Analyst,christopher.ransome@duke-energy.com,(704)731-4680,Brian R. Weisker,Senior VP and Chief Operating Officer,Brian.Weisker@duke-energy.com,(704)731-4314
9/1/2026,2021,20220854,40714,31894,KISSIMMEE UTILITY AUTHORITY,6075 OLD TAMPA HIGHWAY,INTERCESSION CITY,FL,33848,Natural Gas,Tom Ulmer,agent,tulmerjr@transtate.us,(772)778-2255,Larry Mattern,Vice President of Operations,lmattern@kua.com,(407)933-7777
9/1/2026,2021,20220751,40608,31895,CERTAINTEED  SAINT-GOBAIN,886 NORTH HIGHWAY 17,PALATKA,FL,32177,Natural Gas,Tom Ulmer,agent,tulmerjr@transtate.us,(772)778-2255,,,,
9/1/2026,2021,20220392,40235,31896,"NORSTAR PIPELINE COMPANY, INC.",3000 SPENARD ROAD,ANCHORAGE,AK,99503,Natural Gas,Rusty Allen,Compliance Engineer,rusty.allen@enstarnaturalgas.com,(907)334-7765,Steve Cooper,Vice President of Operations & Engineering,Steve.Cooper@enstarnaturalgas.com,(907)334-7730
9/1/2026,2021,20220263,40102,31898,MV PIPELINE COMPANY,10455 N.CENTRAL EXPWY #109-503,DALLAS,TX,75231,Natural Gas,Michael Andrews,Operator,Mandrews1955@yahoo.com,(918)617-5495,,,,
9/1/2026,2021,20220071,39898,31901,BAXTER HEALTHCARE CORP.,911 NORTH DAVIS AVE.,CLEVELAND,MS,38732,Natural Gas,Shannon Cutts,EHS Associate,shannon_cutts@baxter.com,(662)721-1737,,,,
9/1/2026,2021,20220742,40599,31902,"PINNACLE GAS PRODUCERS, LLC","ONE ENERGY PLAZA, 400 WCB",DETROIT,MI,48226,Landfill Gas,JASON BRANGERS,USDI Senior VP,jason@usdi.us,(502)819-1338,,,,
9/1/2026,2021,20220808,40668,31904,"SUNRISE POWER COMPANY, LLC",12857 SUNRISE POWER ROAD POB 129,FELLOWS,CA,93224,Natural Gas,Kristyn Christie,Agent,kristyn.christie@everlineus.com,(936)447-6100,,,,
9/1/2026,2021,20221224,41101,31908,CHS OILSEED PROCESSING-NW GAS CONTRACTED,"314 MAIN ST., NE PO BOX 721",MAPLETON,MN,56065,Natural Gas,CHERI LANDSTEINER,operator,CHERI@NWNGAS.COM,(507) 524-4103,,,,
9/1/2026,2021,20221047,41218,31910,"AMERICAN MIDSTREAM (MISSISSIPPI), LLC","THIRD COAST MIDSTREAM, LLC PO BOX 1227",HOUSTON,TX,77251,Natural Gas,Kristyn Christie,Agent,kristyn.christie@everlineus.com,(936)447-6100,,,,
9/1/2026,2021,20220149,39982,31911,"AMERICAN ENERGIES GAS SERVICE,  LLC","136 N MAIN, PO BOX 516",CANTON,KS,67428,Natural Gas,Michelle Glahn,Operator,michelle@americanenergies.com,(620)628-4424,,,,
9/1/2026,2021,20220080,40251,31915,"TROPICANA PRODUCTS, INC.",6500 GLADES CUT OFF ROAD,FORT PIERCE,FL,34981-4303,Natural Gas,Andrea Shacklett,Compliance Mgr.,ashacklett@douglaspipeline.com,(412)531-2440,,,,
9/1/2026,2021,20220769,40627,31916,"WM RENEWABLE ENERGY, LLC","800 CAPITAL STREET, SUITE 3000",HOUSTON,TX,77002,Natural Gas,JASON BRANGERS,USDI Senior VP,jason@usdi.us,(502)819-1338,,,,
9/1/2026,2021,20220521,40367,31924,COPANO FIELD SERVICES/UPPER GULF COAST LLC,1001 LOUISIANA ST SUITE 1000,HOUSTON,TX,77002,Natural Gas,Stacy Weatherly,Administrative Assistant,stacy_weatherly@kindermorgan.com,(713)420-6286,,,,
9/1/2026,2021,20220522,40368,31925,COPANO PIPELINES/SOUTH TEXAS LLC,1001 LOUISIANA ST SUITE 1000,HOUSTON,TX,77002,Natural Gas,Stacy Weatherly,Administrative Assistant,stacy_weatherly@kindermorgan.com,(713)420-6286,,,,
9/1/2026,2021,20220511,40357,31926,COPANO PIPELINES/UPPER GULF COAST LLC,"1001 LOUISIANA ST, SUITE 1000",HOUSTON,TX,77002,Natural Gas,Daniel Grant,Pipeline Engineer,Daniel_grant@kindermorgan.com,(713)420-4409,Jorge Torres,Vice President - Pipeline Integrity,Jorge_Torres@kindermorgan.com,(713)369-9232
9/1/2026,2021,20220118,39950,31929,L.E. JONES OPERATING INC.,15 S. 10TH,DUNCAN,OK,73533,Natural Gas,Dan Hammond,operator,dhammond@lejones.net,(580)255-1191,,,,
9/1/2026,2021,20221371,41321,31933,CALCASIEU REFINING COMPANY,4359 W. TANK FARM ROAD,LAKE CHARLES,LA,70605,Natural Gas,Shannon Gore,Safety Manager,sgore@calcasieurefining.com,(337)478-2130,,,,
9/1/2026,2021,20220036,39859,31936,WORTHINGTON GENERATION,7398 N. STATE ROAD PO BOX 908,BLOOMINGTON,IN,47404-0908,Natural Gas,Michael Wendling,operator,mwendling@usdi.us,(618)392-5502,,,,
9/1/2026,2021,20220977,40843,31943,COLT MIDSTREAM LLC,2950 NORTH LOOP WEST SUITE 1150,HOUSTON,TX,77092,Natural Gas,Jim Hand,Corrosion Supervisor,jim.hand@coltmidstream.com,(817)694-7188,,,,
9/1/2026,2021,20220076,39903,31949,SW GATHERING,10000 ENERGY DRIVE,SPRING,TX,77389,Natural Gas,Jeff Canady,agent,prcincorporated@aol.com,(405) 203-2484,,,,
9/1/2026,2021,20220599,40448,31955,CITY OF VERNON,4305 SANTA FE AVE.,VERNON,CA,90058,Natural Gas,Dan Cordova,Gas Superintendent,DCordova@cityofvernon.org,(323)583-8811,Todd Dusenberry,Assistant General Manager,tdusenberry@cityofvernon.org,(323)583-8811
9/1/2026,2021,20220495,40341,31967,"JORDAN DEVELOPMENT COMPANY, L.L.C.",1503 GARFIELD ROAD NORTH,TRAVERSE CITY,MI,49686,Natural Gas,Brian Cooper,Agent,bcooper@htengineering.com,(616)452-3279,,,,
9/1/2026,2021,20220413,40259,31968,"WTG GAS TRANSMISSION COMPANY, LLC",303 VETERANS AIRPARK LANE,MIDLAND,TX,79705,Natural Gas,Ray Reed,Director of Compliance,rreed@westtexasgas.com,(806)358-1321,Bart Bean,VO of Operations,bbean@westtexasgas.com,(432)682-4349
9/1/2026,2021,20220841,40701,31978,ATMOS PIPELINE - TEXAS,"5420 LBJ FREEWAY, SUITE 1500",DALLAS,TX,75240,Natural Gas,Kelee Lusk,Compliance Analyst,kelee.lusk@atmosenergy.com,(214)212-9434,Jeffrey S. Knights,Sr. VP Technical and Operating Services,jeff.knights@atmosenergy.com,(214)206-2701
9/1/2026,2021,20220195,40031,31986,"CITY OF GLENDALE, GLENDALE WATER & POWER",141 N. GLENDALE AVENUE LEVEL 4,GLENDALE,CA,91206,Landfill Gas,Joan Gaerlan,Environmental Program Specialist,jgaerlan@glendaleca.gov,(805)937-8955,John Escudero,Power Plant Superintendent,jescudero@glendaleca.gov,(818)548-2148
9/1/2026,2021,20221035,40902,31987,"SCEPTER GREENEVILLE, INC",1230 POTTERTOWN ROAD,MIDWAY,TN,37809,Natural Gas,Kerry Morgan,Agent,kmorgan@klmpisolutions.com,(404)435-9313,,,,
9/1/2026,2021,20220179,40013,31999,"SHELBY COUNTY ENERGY CENTER, LLC",3575 E 400 NORTH ROAD,NEOGA,IL,62447,Natural Gas,Michael Weiler,Agent,mweiler@usdi.us,(618)320-0845,,,,
9/1/2026,2021,20220622,40471,32005,"ENLINK PROCESSING SERVICES, LLC",1722 ROUTH STREET SUITE 1300,DALLAS,TX,75201,Natural Gas,Cordell Theriot,Sr. DOT Specialist,CORDELL.THERIOT@ENLINK.COM,(337)937-3371,Michael Leblanc,Sr. VP of Operations,michael.leblanc@enlink.com,(214)953-9503
9/1/2026,2021,20220207,40043,32007,SUPERIOR PIPELINE COMPANY L.L.C.,8200 S UNIT DR,TULSA,OK,74132,Natural Gas,Bill Allread,SR. SH&E Specialist,bill.allread@unitcorp.com,(405)222-8186,,,,
9/1/2026,2021,20221124,41030,32011,"HOLLY ENERGY PARTNERS - OPERATING, L.P.",2828 N. HARWOOD SUITE 1300,DALLAS,TX,75201,Hydrogen Gas,Adan DeLeon,GIS Specialist,adan.deleon@hollyenergy.com,(214)954-6652,John Paris,"Vice President, Engineering & Technical Services",John.Paris@hollyenergy.com,(575)746-5380
9/1/2026,2021,20221128,41029,32011,"HOLLY ENERGY PARTNERS - OPERATING, L.P.",2828 N. HARWOOD SUITE 1300,DALLAS,TX,75201,Other Gas-Fuel Gas,Adan DeLeon,GIS Specialist,adan.deleon@hollyenergy.com,(575)703-5129,John Paris,"Vice President, Engineering & Technical Services",john.paris@hollyenergy.com,(575)746-5380
9/1/2026,2021,20221155,41027,32011,"HOLLY ENERGY PARTNERS - OPERATING, L.P.",2828 N. HARWOOD SUITE 1300,DALLAS,TX,75201,Natural Gas,Adan DeLeon,GIS Specialist,adan.deleon@hollyenergy.com,(214)954-6652,John Paris,"Vice President, Engineering & Technical Services",John.Paris@hollyenergy.com,575-746-5380
9/1/2026,2021,20220116,39948,32023,"MONTGOMERY GAS TRANSMISSION, INC.",19926 KEENAN CUT OFF RD.,MONTGOMERY,TX,77316,Natural Gas,Barry Corley,operator,bcorley@ldcgas.com,(936)539-1800,Barry G Corley,Barry G Corley,bgcorley@yahoo.com,(832)671-1884
9/1/2026,2021,20220702,46893,32024,"CENTERPOINT ENERGY INTRASTATE PIPELINES, INC.",1111 LOUISIANA ST.,HOUSTON,TX,77002,Natural Gas,Katharine Graham,Pipeline Integrity Business Analyst,katharine.graham@CenterPointEnergy.com,(713)207-3641,Barb Varanauski,VP Gas Engineering & System Integrity,barbara.varanauski@centerpointenergy.com,(713)207-7058
9/1/2026,2021,20221226,41367,32026,MINNESOTA SOYBEAN PROCESSORS,314 MAIN ST NE PO BOX 721,MAPLETON,MN,56065,Natural Gas,CHERI LANDSTEINER,operator,CHERI@NWNGAS.COM,(507) 524-4103,,,,
9/1/2026,2021,20220740,40597,32034,"NGO TRANSMISSION, INC.",1500 GRANVILLE ROAD,NEWARK,OH,43058-4970,Natural Gas,Scott Miller,O & M Supervisor,smiller@theenergycoop.com,(740)348-1243,Dan S McVey,Vice President & Chief Operating Officer,dan_mcvey@theenergycoop.com,(740)348-1238
9/1/2026,2021,20220054,39879,32037,"PITT LANDFILL GAS, LLC",10600 NATIONS FORD RD SUITE 150,CHARLOTTE,NC,28273,Landfill Gas,William Brinker,Operator,WPB@landfillgroup.com,(704)844-8990,William Brinker,William Brinker,WPB@landfillgroup.com,(704)844-8990
9/1/2026,2021,20221382,41357,32039,PIMALCO GAS,6833 W. WILLIS RD.,CHANDLER,AZ,85226,Natural Gas,Gary Broer,O&M Manager,gary.broer@arconic.com,(480)598-2260,alan Kirchoff,EHS Manager,alan.kirchoff@arconic.com,(765)771-3190
9/1/2026,2021,20220097,39927,32042,FUTAMURA,6000 SE 2ND STREET,TECUMSEH,KS,66542,Natural Gas,Andrew Smith,USDI - Operations Manager,asmith@usdi.us,(316)305-6464,,,,
9/1/2026,2021,20220836,40696,32043,"NORTH COAST GAS TRANSMISSION, LLC",445 HUTCHISON AVE SUITE 810,COLUMBUS,OH,43235,Natural Gas,Vince Dalchuk,Agent,vdalchuk@uti-corp.com,(614)482-8080,Lee Lochtefeld,President,llochtefeld@somersetgas.com,(419)305-9448
9/1/2026,2021,20221227,41366,32046,ETHANOL 2000 LLP (NORTHWEST GAS CONTRACTED),"314 MAIN ST., NE PO BOX 721",MAPLETON,MN,56065,Natural Gas,CHERI LANDSTEINER,operator,CHERI@NWNGAS.COM,(507) 524-4103,,,,
9/1/2026,2021,20220414,40260,32052,"WHITE MARLIN OPERATING COMPANY, LLC",1415 LOUISIANA ST 3550,HOUSTON,TX,77002,Natural Gas,Kristyn Christie,agent,kristyn.christie@everlineus.com,(936) 447-6100,,,,
9/1/2026,2021,20221197,41071,32054,SILICON VALLEY POWER,850 DUANE AVE.,SANTA CLARA,CA,95050,Natural Gas,Kristyn Christie,Pipeline Advisor,kristyn.christie@everlineus.com,(936)447-6100,Electric Division Manager Generation,Electric Division Manager Generation,nvanhaeften@santaclaraca.gov,(408)615-2717
9/1/2026,2021,20220006,39828,32067,"TORO ENERGY OF MARYLAND, LLC","5900 SOUTHWEST PARKWAY BLDG 2, SUITE 220",AUSTIN,TX,78735,Landfill Gas,Carrianne Cavanaugh,operator,ccavanaugh@torolfg.com,(512)322-9781,,,,
9/1/2026,2021,20220794,40654,32068,"WMRE OF MICHIGAN, LLC",800 CAPITOL STREET,HOUSTON,TX,77002,Landfill Gas,Brian Rammel,EH&S Manager,brammel@wm.com,(262)309-0108,,,,
9/1/2026,2021,20220848,40708,32070,"WMRE OF OHIO, LLC",800 CAPITOL STREET,HOUSTON,TX,77002,Landfill Gas,brian Rammel,EH&S Manager - WMRE,brammel@wm.com,(262)309-0108,,,,
9/1/2026,2021,20220825,41258,32071,"WMRE OF OHIO-AMERICAN, LLC",800 CAPITOL STREET,HOUSTON,TX,77002,Natural Gas,Brian Rammel,EH&S Manager,brammel@wm.com,(262)309-0108,,,,
9/1/2026,2021,20220515,40361,32072,HUDSON VALLEY GAS CORPORATION,140 SAMSONDALE AVENUE,WEST HAVERSTRAW,NY,10993,Natural Gas,Christine Croyle,Senior Environmental Engineer,christine.croyle@genon.com,(914)772-0274,Gerard Lafond,Plant Manager,gerard.lafond@genon.com,(845)786-8001
9/1/2026,2021,20220949,40813,32074,SUMMIT NATURAL GAS OF MISSOURI,10825 E. GEDDES AVENUE SUITE 410,CENTENNIAL,CO,80112,Natural Gas,Rachel Smith,Regulatory Specialist II,rasmith@summitutilities.com,(207)233-6041,Jason Weekley,Jason Weekley,jweekley@summitutilities.com,(720)981-2123
9/1/2026,2021,20220095,39925,32081,NEBRASKA PUBLIC POWER DISTRICT,20261 SW 61ST ROAD,BEATRICE,NE,68310,Natural Gas,Andrew Smith,Operations Manager,asmith@usdi.us,(316)305-6464,,,,
9/1/2026,2021,20220145,39978,32083,"DCOR, LLC",1000 TOWN CENTER DRIVE SUITE 600,OXNARD,CA,93036,Natural Gas,Jerry Palo,Project Manager - Pipeline Integrity,jpalo@dcorllc.com,(805)535-2088,,,,
9/1/2026,2021,20220349,40191,32093,EX EL PIPELINE SERVICES LLC,25067 S. 190TH STREET,QUEEN CREEK,AZ,85142-5668,Natural Gas,Richard Partin,Vice President,RPartin@exelpipe.com,(602)376-8972,Richard Partin,Vice President,RPartin@exelpipe.com,(602)376-8972
9/1/2026,2021,20221176,41050,32094,AUX SABLE LIQUID PRODUCTS,"4000, 585-8 AVE. SW",CALGARY,AB,T2P1G1,Natural Gas,Bob  Bachmeier,"Sr Advisor, Regulatory",bob.bachmeier@auxsable.com,(701)628-7305,Heather Christie-Burns,"Vice President, Transmission Pipelines",hcburns@pembina.com,(403)690-3934
9/1/2026,2021,20220567,40414,32099,ENERGY TRANSFER COMPANY,1300 MAIN STREET,HOUSTON,TX,77002,Natural Gas,Todd Nardozzi,Director - Regulatory Compliance,todd.nardozzi@energytransfer.com,(713)989-7126,Jennifer Street,Group SVP - Operations Services,jennifer.street@energytransfer.com,(214)981-0700
9/1/2026,2021,20220514,40360,32105,"MIRANT BOWLINE, LLC",140 SAMSONDALE AVE.,WEST HAVERSTRAW,NY,10993,Natural Gas,Christine Croyle,Senior Environmental Engineer,christine.croyle@genon.com,(914)772-0274,Gerard Lafond,Plant Manager,gerard.lafond@genon.com,(845)786-8001
9/1/2026,2021,20221287,41169,32106,CENTURY ALUMINUM,9404 STATE ROUTE 2096,ROBARDS,KY,42452,Natural Gas,Jim Martin,operator,jim.f.martin@orbitgas.com,(270)302-6431,,,,
9/1/2026,2021,20220256,40095,32109,"ONEOK NGL PIPELINE, LLC",100 WEST FIFTH STREET,TULSA,OK,74103,Natural Gas,Neal Jones,Regulatory Compliance Manager,neal.jones@oneok.com,(580) 395-6304,Scott Schingen,Senior VP Operations,Scott.Schingen@ONEOK.com,(918)588-7875
9/1/2026,2021,20220321,40161,32110,"HERMISTON OPERATIONS COMPANY, LLC",78145 WESTLAND ROAD,HERMISTON,OR,97838,Natural Gas,Scott Rose,Operations and Compliance Specialist,scott.rose@perennialpower.net,(541)561-4011,,,,
9/1/2026,2021,20221183,41290,32116,DICK BROWN TECHNICAL SERVICES,553 AIRPORT RD,RIO VISTA,CA,94571,Natural Gas,Kristyn Christie,Agent,kristyn.christie@everlineus.com,(936)447-6100,,,,
9/1/2026,2021,20220650,41337,32124,"BARNETT GATHERING, LLC",22777 SPRINGWOODS VILLAGE PARKWAY,SPRING,TX,77389,Natural Gas,Keith Underwood,General Manager,keity.underwood@exxonmobil.com,(903)753-2997,Keith Underwood,General Manager,keith.underwood@exxonmobil.com,(903)753-2997
9/1/2026,2021,20220970,40835,32132,MISSION VALLEY PIPELINE,601 TRAVIS STREET SUITE 1900,HOUSTON,TX,77002,Natural Gas,David Busby,Sr. PGD Operations Specialist,david.busby@nexteraenergy.com,(713)951-5318,Danny Schedule,Sr Director Midstream Ops & Construction,Danny.Schedule@nexteraenergy.com,(713)374-1583
9/1/2026,2021,20220951,41073,32134,PATRIOTS ENERGY GROUP,P.O. BOX 11678,ROCK HILL,SC,29731-1678,Natural Gas,Terryn Adams,"Director of Measurement, Regulation & Compression",terryn.adams@ycnga.com,(803) 323-5357,James T. Sprouse Jr,Board Chairman and President,jimmy.sprouse@ycnga.com,(803)323-5331
9/1/2026,2021,20220458,40304,32144,COOS COUNTY PIPELINE,250 SW TAYLOR ST,PORTLAND,OR,97204,Natural Gas,Ryan Truair,Sr. Manager Code Compliance,ryan.truair@nwnatural.com,(503)610-7551,Jon Huddleston,VP Engineering and Utility Operations,jon.huddleston@nwnatural.com,(503)226-4211
9/1/2026,2021,20220011,39833,32145,BASIN ELECTRIC POWER COOPERATIVE,1717 EAST INTERSTATE AVE,BISMARCK,ND,58503,Natural Gas,Chris Karch,agent,ckarch@bepc.com,(605)542-7417,,,,
9/1/2026,2021,20220408,40254,32147,MARATHON PIPE LINE LLC,539 SOUTH MAIN STREET,FINDLAY,OH,45840,Other Gas-Off Gas,Christopher Aldrich,HES Professional,cjaldrich@marathonpetroleum.com,(419)421-4325,,,,
9/1/2026,2021,20220409,40255,32147,MARATHON PIPE LINE LLC,539 SOUTH MAIN STREET,FINDLAY,OH,45840,Propane Gas,Christopher Aldrich,HES Professional,cjaldrich@marathonpetroleum.com,(419)421-4325,,,,
9/1/2026,2021,20220485,41261,32147,MARATHON PIPE LINE LLC,539 SOUTH MAIN STREET,FINDLAY,OH,45840,Natural Gas,Kaitlin McCormick,HES Professional,kamccormick@marathonpetroleum.com,(303)606-3405,Shawn M. Lyon,"President, Marathon Pipe Line LLC",smlyon@marathonpetroleum.com,(419)421-2121
9/1/2026,2021,20221275,41154,32163,ROCKIES EXPRESS PIPELINE LLC,370 VAN GORDON ST,LAKEWOOD,CO,80228,Natural Gas,Jennifer Eckels,Compliance Manager,jennifer.eckels@tallgrass.com,(303)763-3486,Byron Gale,Byron Gale,byron.gale@tallgrass.com,(303)763-3143
9/1/2026,2021,20221099,48502,32164,MARSHALL MUNICIPAL UTILITIES,75 EAST MORGAN,MARSHALL,MO,65340,Natural Gas,Brett Robinson,Operations and Compliance Manager,brobinson@usdi.us,(660)947-3316,,,,
9/1/2026,2021,20220842,40702,32171,EMPIRE PIPELINE CORPORATION,P.O. BOX 1600,LEBANON,MO,65536,Natural Gas,Jerry Smith,Operator,jerry.smith@empireplc.com,(214)880-0394,,,,
9/1/2026,2021,20220810,40670,32172,GERDAU MACSTEEL,5225 PLANTERS ROAD,FORT SMITH,AR,72916-9549,Natural Gas,Kristyn christie,Agent,kristyn.christie@everlineus.com,(713)579-7749,John Kelleher,John Kelleher,john.kelleher@gerdau.com,(479)646-0223
9/1/2026,2021,20221048,40916,32176,CARDINAL FG,"775 PRAIRIE CENTER DRIVE,",EDEN PRAIRIE,MN,55344,Natural Gas,Kristyn Christie,agent,kristyn.christie@everlineus.com,(936) 447-6100,,,,
9/1/2026,2021,20221234,41111,32178,CALIFORNIA RESOURCES CENTRAL VALLEY,900 OLD RIVER ROAD,BAKERSFIELD,CA,93311,Natural Gas,Shawn Rasmussen,Engineering Compliance & Data Governance Manager,Shawn.Rasmussen@crc.com,(661)763-6270,Chad Jones,Sr VP Production Operations,Chad.Jones@crc.com,(661)763-6103
9/1/2026,2021,20220258,40097,32181,"TREND GATHERING & TREATING, LLC",22777 SPRINGWOODS VILLAGE PARKWAY,SPRING,TX,77389,Natural Gas,Jameson Gowin,DOT Compliance,jameson.gowin@exxonmobil.com,(817)201-9373,,,,
9/1/2026,2021,20220020,39842,32183,"MOAB PIPELINE, LLC",700 SEVENTEENTH STREET SUITE 1700,DENVER,CO,80202,Natural Gas,Don Hamilton,Agent,starpoint@etv.net,(435)719-2018,,,,
9/1/2026,2021,20220391,40234,32189,"HUGHES GAS SYSTEM, LLC","4509 N. CLASSEN, SUITE 202",OKLAHOMA CITY,OK,73118,Natural Gas,Celia Smythe,agent,celia@icnet.net,(469)600-9452,,,,
9/1/2026,2021,20220070,39897,32190,CARDINAL FG-GREENLAND PLANT,600 AFG ROAD,CHURCH HILL,TN,37642,Natural Gas,Mike Wilkins,Operator,mwilkins1@cardinalcorp.com,(423)341-1930,,,,
9/1/2026,2021,20220009,39831,32197,"AKA ENERGY GROUP, LLC",125 MERCADO STREET SUITE 201,DURANGO,CO,81301,Natural Gas,Angela Huber,Regulatory Compliance Specialist,ahuber@sugf.com,(970)764-6480,,,,
9/1/2026,2021,20221190,41064,32198,MINNESOTA ENERGY RESOURCES CORPORATION,2685 145TH STREET WEST,ROSEMOUNT,MN,55068,Natural Gas,Lindsay Lyle,Engineering Manager,lindsay.lyle@minnesotaenergyresources.com,(651) 322-8909,,,,
9/1/2026,2021,20220101,39932,32206,"FREEPORT LNG DEVELOPMENT, L.P.",333 CLAY STREET SUITE 5050,HOUSTON,TX,77002,Natural Gas,David Pesses,Sr. Regulatory Compliance Specialist,dpesses@freeportlng.com,(713)577-0305,Ryan Davis,Production Manager,rdavis@freeportlng.com,(713)577-0359
9/1/2026,2021,20220811,40671,32210,"DYNEGY KENDALL ENERGY, LLC",6555 SIERRA DRIVE,IRVING,TX,75039,Natural Gas,Kristyn Christie,Agent,kristyn.christie@everlineus.com,(936)447-6100,,,,
9/1/2026,2021,20220971,40836,32212,VALERO REFINING COMPANY-OKLAHOMA,ONE VALERO WAY,SAN ANTONIO,TX,78249,Natural Gas,Jerico Perez,Sr. Pipeline Safety Engineer,jerico.perez@valero.com,(210)345-2563,Fred Hampton,Vice President,Fred.Hampton@valero.com,(210)345-3717
9/1/2026,2021,20220060,39885,32217,ELWOOD ENERGY LLC,24391 S. PATTERSON ROAD,ELWOOD,IL,60421,Natural Gas,Michael Wendling,operator,mwendling@usdi.us,(618)392-5502,Paul Peterson,"Vice President, Asset Management",ppeterson@jpowerusa.com,(847)908-2811
9/1/2026,2021,20220932,40795,32220,GOLDEN PASS LNG TERMINAL LLC,811 LOUISIANA ST. SUITE:1500,HOUSTON,TX,77002,Natural Gas,Joe Teneyuque,Engineering Technician,joe.teneyuque@goldenpasslng.com,(409)548-2947,John Fraser,Vice President of Operations,john.fraser@goldenpasslng.com,(409)548-3118
9/1/2026,2021,20220407,40252,32222,"TYSON FOODS, INC.",2200 DON TYSON PARKWAY,SPRINGDALE,AR,72762,Landfill Gas,Glen Heron,Sr. PSM/RMP Manager,glen.heron@tyson.com,(806)223-7716,,,,
9/1/2026,2021,20221038,40905,32231,"MONUMENT PIPELINE, LP",601 TRAVIS STREET SUITE 1900,HOUSTON,TX,77002,Natural Gas,David Busby,Sr. PGD Operations Specialist,david.busby@nexteraenergy.com,(713)951-5318,Danny Schedule,Sr Dir Midstream Ops & Construction,Danny.Schedule@nexteraenergy.com,(713)374-1583
9/1/2026,2021,20221260,41236,32233,"BESCO OPERATING, L.P.",201 MAIN ST. SUITE 2700,FORT WORTH,TX,76102-3131,Natural Gas,James Biehl,"Manager - Environmental, Health & Safety",WBiehl@BassPet.Com,(817)390-8823,,,,
9/1/2026,2021,20220447,40293,32237,"STERLING ETHANOL, LLC",450 ANGUS AVENUE,STERLING,CO,80751,Natural Gas,Colby Neeley,Plant Manager,colby.neeley@sterlingethanol.com,(970)522-1666,,,,
9/1/2026,2021,20220365,40207,32238,"LAMB WESTON, INC.",599 SOUTH RIVERSHORE LANE,EAGLE,ID,83616,Natural Gas,Kirstin Egerton,Environmental Manager,kirstin.egerton@lambweston.com,(541)481-5671,,,,
9/1/2026,2021,20220813,40673,32239,"TUCKER ENERGY SOLUTIONS, LLC",5391 BAY OAKS DRIVE,PASADENA,TX,77505,Natural Gas,Kristyn Christie,Agent,kristyn.christie@everlineus.com,(936)447-6100,Paul Neundorfer,CEO,pneundorfer@linestar.com,(440)488-9600
9/1/2026,2021,20220360,40202,32240,MADILL GAS PROCESSING,3449 NEAFUS ROAD,MADILL,OK,73446,Natural Gas,Galen Smith,Operations Manager,galen.smith@carreragas.com,(580)795-7396,,,,
9/1/2026,2021,20221063,40931,32243,"LA STORAGE, LLC",1500 POST OAK BLVD STE 1000,HOUSTON,TX,77056,Natural Gas,Stewart Sportsman,Facilities Manager,ssportsman@sempraglobal.com,(337)527-2260,,,,
9/1/2026,2021,20220814,40674,32244,"BLACK POOL ENERGY, L.P.","12012 WICKCHESTER, SUITE 140",HOUSTON,TX,77079,Natural Gas,Kristyn Christie,agent,kristyn.christie@everlineus.com,(936) 447-6100,,,,
9/1/2026,2021,20221300,41184,32248,"FRONTIER FIELD SERVICES, LLC",10077 GROGANS MILL RD SUITE 300,THE WOODLANDS,TX,77380,Natural Gas,Anthoney Jaramillo,Compliance Manager,tjaramillo@durangomidstream.com,(580)641-6143,,,,
9/1/2026,2021,20220741,40598,32249,"BLUEWATER GAS STORAGE, LLC",231 W. MICHIGAN ST,MILWAUKEE,WI,53203,Natural Gas,Jeff Westrick,Asset Manager,Jeffrey.Westrick@wecenergygroup.com,(810)642-9035,Paul Spicer,Sr Vice President Power Generation,paul.spicer@wecenergygroup.com,(920)433-1275
9/1/2026,2021,20220474,40320,32253,"TESORO REFINING & MARKETING COMPANY, LLC",539 SOUTH MAIN STREET,FINDLAY,OH,45840,Natural Gas,Kaitlin McCormick,HES Professional,kamccormick@marathonpetroleum.com,(303)606-3405,,,,
9/1/2026,2021,20220775,41280,32257,MERIDIAN BRICK,200 MANSELL CT  SUITE 3,ROSWELL,CA,30076,Natural Gas,Jeff Canady,agent,prcincorporated@aol.com,(405) 203-2484,,,,
9/1/2026,2021,20220056,39911,32259,OWENS-ILLINOIS,ONE MICHAEL OWENS WAY,PERRYSBURG,OH,43551-2999,Natural Gas,Michael Wendling,operator,mwendling@usdi.us,(618)392-5502,Andres Lopez,Chief Executive Officer,corp.comm@o-i.com,(567)336-5000
9/1/2026,2021,20220233,40070,32261,"APC , INC",1197 US HIGHWAY 83 NORTH,SUBLETTE,KS,67877,Natural Gas,Victor Ibarra,Plant Manager,victor.ibarra@functionalproteins.com,(620)290-9248,,,,
9/1/2026,2021,20221172,41046,32262,PINE PRAIRIE ENERGY CENTER LLC,508 MINDEN ST. SUITE A,RUSTON,LA,71270,Natural Gas,RJ Sheffie,Operations Compliance Manager,rj.sheffie@hartreegs.com,(318)254-8951,,,,
9/1/2026,2021,20220468,40314,32264,"CHENIERE CREOLE TRAIL PIPELINE, L.P.",700 Milam Street  SUITE 1900,Houston,TX,77002,Natural Gas,Paul Falgout,"Manager, Pipeline Regulatory Compliance",paul.falgout@cheniere.com,(713)375-5855,Aaron Stephenson,"Senior Vice President, Operations",aaron.stephenson@cheniere.com,(713)375-5074
9/1/2026,2021,20221098,40967,32265,"DOGWOOD ENERGY, LLC",25111 E. 175TH STREET,PLEASANT HILL,MO,64080,Natural Gas,Andrew McCollom,Supervisor - Construction & Engineering,amccollom@usdi.us,(660)947-3316,,,,
9/1/2026,2021,20221220,41097,32279,"VINTON PIPELINE, LLC",9059 DONIPHAN DR,VINTON,TX,79821,Natural Gas,Luis Garcia,Operator,luisg@wsilverinc.com,(915)217-2949,Mark Fenenbock,Manager,Mark.fenenbock@wsilverinc.com,(915)886-3917
9/1/2026,2021,20220037,39860,32280,LINCOLN GENERATING FACILITY LLC,27150 S. KANKAKEE ROAD,MANHATTAN,IL,60442,Natural Gas,Michael Wendling,operator,mwendling@usdi.us,(618)392-5502,,,,
9/1/2026,2021,20220183,40017,32282,JO-CARROLL ENERGY,793 US HWY 20 WEST,ELIZABETH,IL,61028,Natural Gas,Michael Weiler,Engineer,mweiler@usdi.us,(618)320-0845,,,,
9/1/2026,2021,20220780,40638,32285,"WORSHAM-STEED GAS STORAGE, LLC",840 GESSNER ROAD SUITE 250,HOUSTON,TX,77024,Natural Gas,Gonca Randall,"Vice President, ESG",grandall@nortexmidstream.com,(713)623-5933,Gonca Randall,"Vice President, ESG",grandall@nortexmidstream.com,(713)623-5933
9/1/2026,2021,20220230,40066,32286,PECAN PIPELINE COMPANY,1111 BAGBY STREET SKY LOBBY 2,HOUSTON,TX,77002,Natural Gas,Keith Elliott,Pipeline Compliance Advisor,keith_elliott@eogresources.com,(817) 806-0472,,,,
9/1/2026,2021,20220215,40051,32287,CITY OF GARDNER,1150 E SANTA FE,GARDNER,KS,66030,Natural Gas,Bill Stephens,Mgr Codes & Standards,bill.stephens@blackhillscorp.com,(303)981-6474,Matt Ponzer,Compliance Engineer,mponzer@gardnerkansas.gov,(913)856-0993
9/1/2026,2021,20220361,40203,32290,POET BIOREFINING - JEWELL,2601 320TH STREET,JEWELL,IA,50130,Natural Gas,Bill Stephens,Mgr Codes & Standards,bill.stephens@blackhillscorp.com,(303)566-3509,,,,
9/1/2026,2021,20220801,40661,32293,"COPANO FIELD SERVICES/NORTH TEXAS, LLC","1001 LOUISIANA ST, SUITE 1000",HOUSTON,TX,77002,Natural Gas,William Martin Muller,Specialist Pipeline Technical,martin_muller@kindermorgan.com,(205)410-4383,,,,
9/1/2026,2021,20220319,40158,32294,AG PROCESSING INC A COOPERATIVE,12700 WEST DODGE ROAD,OMAHA,NE,68103,Natural Gas,Tony Rotella,Sr. Purchasing Agent,trotella@agp.com,(402)498-5523,,,,
9/1/2026,2021,20221188,41062,32296,TARGA RESOURCES OPERATING LLC,811 LOUISIANA ST SUITE 2100,HOUSTON,TX,77002,Natural Gas,Jill Simon,Coordinator Operational Discipline,jsimon@targaresources.com,(337)583-5257,Bill Grantham,VP Operations,bgrantham@targaresources.com,(713)584-1457
9/1/2026,2021,20220042,40230,32300,"LITTLE SIOUX CORN PROCESSORS, LLLP",4808 F AVE,MARCUS,IA,51035,Natural Gas,Bill Stephens,Mgr Codes & Standards,bill.stephens@blackhillscorp.com,(303)981-6474,,,,
9/1/2026,2021,20220026,39848,32301,PIONEER AMERICAS LLC DOING BUSINESS AS OLIN CHLOR ALKALI PRODUCTS,490 STUART ROAD NE,CLEVELAND,TN,37312,Hydrogen Gas,Andrew Rafaleowski,Pipeline Maintenance Coordinator,arafaleowski@olin.com,(225)642-1966,,,,
9/1/2026,2021,20221189,41063,32304,CITY OF REDDING,17120 CLEAR CREEK RD,REDDING,CA,96001,Natural Gas,Michael Finch,Pipeline Advisor,mfinch@energyprojectllc.com,(661)809-4956,Greg Deedon,Electric Manager - Power Generation,gdeedon@cityofredding.org,(530)356-8620
9/1/2026,2021,20221140,46726,32308,NORTHERN CALIFORNIA POWER AGENCY,12745 NORTH THORTON RD,LODI,CA,95242,Natural Gas,Hailey Uilkie,Regulatory Consultant,hailey.uilkie@everlineus.com,(936)447-6100,Michael DeBortoli,CT Project Manager,Michael.DeBortoli@ncap.com,(916)851-0047
9/1/2026,2021,20220630,40565,32312,"REPSOL OIL & GAS USA, LLC",337 DANIEL ZENKER DRIVE,HORSHEADS,NY,14845,Natural Gas,Lance Ridall / Kathy Hutching,Sustaining Facilities & Construction Manager,lridall@repsol.com,(607)562-4047,,,,
9/1/2026,2021,20220382,40224,32314,"WTG-HUGOTON, LP",303 VETERANS AIRPARK LANE,MIDLAND,TX,79705,Natural Gas,Ray Reed,operator,rreed@westtexasgas.com,(806)358-1321,,,,
9/1/2026,2021,20221115,40984,32315,"GREATER MINNESOTA TRANSMISSION, LLC",1900 CARDINAL LN PO BOX 798,FARIBAULT,MN,55021,Natural Gas,Taylor Larson,Operations Engineer,tlarson@greatermngas.com,(507)209-2113,,,,
9/1/2026,2021,20220081,39909,32317,ACME BRICK,P.O. BOX 1090,LEEDS,AL,35094,Natural Gas,Andrea Shacklett,Compliance Mgr.,ashacklett@douglaspipeline.com,(412)531-2440,,,,
9/1/2026,2021,20220568,40415,32323,GULF STATES TRANSMISSION CORPORATION,1300 MAIN STREET,HOUSTON,TX,77002,Natural Gas,Todd Nardozzi,Director - Regulatory Compliance,todd.nardozzi@energytransfer.com,(713)989-7126,,,,
9/1/2026,2021,20220007,39829,32325,"TORO ENERGY OF MISSISSIPPI, LLC","5900 SOUTHWEST PARKWAY BLDG 2, SUITE 220",AUSTIN,TX,78735,Landfill Gas,Carrianne Cavanaugh,operator,ccavanaugh@torolfg.com,(512)322-9781,,,,
9/1/2026,2021,20220280,40119,32327,TEXAS PIPELINE LLC,16211 LA CANTERA PARKWAY SUITE 202,SAN ANTONIO,TX,78256,Natural Gas,Jon Hoffman,Regulatory Manager,jhoffman@howardep.com,(210)298-2229,,,,
9/1/2026,2021,20220078,39905,32329,"SIEMENS INDUSTRY, INC","2201 CROWN POINT EXECUTIVE D BUILDING TWO, SUITE K",CHARLOTTE,NC,28227,Landfill Gas,Scott Kearns,Gas Transfer Operations Manager,scott.kearns@siemens.com,(803)420-6030,Wesley Walker,Sr. Director,wesley.walker@siemens.com,(847)284-4796
9/1/2026,2021,20220305,40144,32333,"QUAIL RUN ENERGY PARTNERS, LP",2950 EAST INTERSTATE 20,ODESSA,TX,79766,Natural Gas,Linda Talbot,EHS Manager,Linda.Talbot@naes.com,(225)235-4295,,,,
9/1/2026,2021,20221105,40974,32338,"PAL ENERGY, LLC",2309 N. LELIA STREET,GUYMON,OK,73942,Natural Gas,Lance Mclean,Operator,lance.mclean@palenergyllc.com,(281)802-8429,,,,
9/1/2026,2021,20220498,40344,32341,"SOUTHEAST SUPPLY HEADER, LLC",499 W. SHERIDAN  STE 1500,OKLAHOMA CITY,OK,73102,Natural Gas,susie Sjulin,Director - Regulatory Compliance,susie.sjulin@energytransfer.com,(405)557-5271,Jennifer Street,Group SVP - Operation Services,jennifer.street@energytransfer.com,(214)981-0700
9/1/2026,2021,20221101,40970,32342,MID MISSOURI ENERGY,15311 N. SALINE 65 HIGHWAY,MALTA BEND,MO,65339,Natural Gas,andrew McCollom,Supervisor - Engineering & Construction,amccollom@usdi.us,(660)947-3316,,,,
9/1/2026,2021,20221104,40973,32343,"SHOW ME ETHANOL, LLC",26530 HIGHWAY 24 EAST,CARROLLTON,MO,64633,Natural Gas,Andrew McCollom,Supervisor - Engineering & Construction,amccollom@usdi.us,(660)947-3316,,,,
9/1/2026,2021,20220005,39827,32344,PARAMONT ENERGY LC,1051 CLARK STREET,ABINGDON,VA,24210,Natural Gas,Jeffrey E. Johnson,agent,jjohnson@paramontltd.com,(276) 628-1173,,,,
9/1/2026,2021,20221064,40932,32345,CAMERON INTERSTATE PIPELINE,1500 POST OAK BLVD STE 1000,HOUSTON,TX,77056,Natural Gas,Stewart Sportsman,Facility Manager,ssportsman@sempraglobal.com,(337)527-2260,Juan Rodriguez,Sr Vp of Operations,jurodriguez@ienova.com.mx,(619)322-8532
9/1/2026,2021,20220554,40400,32349,"COLORADO BEND 1 POWER, LLC","11200 WESTHEIMER RD, STE 1025",HOUSTON,TX,77042,Natural Gas,Julian Hernandez,Project Manager,jhernandez@engpsi.com,(432)367-1955,,,,
9/1/2026,2021,20220486,40332,32350,ABSOLUTE ENERGY L.L.C.,1372 STATE LINE ROAD,SAINT ANSGAR,IA,50472,Natural Gas,Tyler Schwarck,EHS Manager,tyler.schwarck@absenergy.org,(641)326-2220,,,,
9/1/2026,2021,20220166,40000,32352,"MAGNOLIA GAS GATHERING, LLC",PO BOX 2243,LONGVIEW,TX,75606,Natural Gas,Brenda Reed,Regulatory Manager,breed@buffcoproduction.com,(903)738-4705,,,,
9/1/2026,2021,20220543,40389,32353,HOLCIM (US) INC.,14500 CR 1550,ADA,OK,74820,Natural Gas,Jeff Canady,agent,prcincorporated@aol.com,(405) 203-2484,,,,
9/1/2026,2021,20221136,41007,32354,"DFW MIDSTREAM SERVICES, LLC",910 LOUISIANA ST. SUITE 4200,HOUSTON,TX,77002,Natural Gas,Jorge A. Smart,Regulatory Compliance Specialist,jorge.smart@summitmidstream.com,(832)930-7522,Hugo Guerrero,"Senior Vice President, Engineering and Operations",hugo.guerrero@summitmidstream.com,(832)930-6511
9/1/2026,2021,20220088,39917,32357,SIOUX FALLS REGIONAL SANITARY LANDFILL,"224 WEST NINTH STREET, P. O. BOX 7402",SIOUX FALLS,SD,57104,Landfill Gas,Don Kuper,Operator,dkuper@siouxfalls.org,(605)367-8163,,,,
9/1/2026,2021,20221049,40917,32358,NOURYON PULP AND PERFORMANCE CHEMICALS LLC,1850 PARKWAY PLACE SUITE 1200,MARIETTA,GA,30067,Hydrogen Gas,Kristyn Christie,agent,kristyn.christie@everlineus.com,(936) 447-6100,,,,
9/1/2026,2021,20220134,40253,32359,LINCOLN ELECTRIC SYSTEM,7707 BLUFF ROAD,LINCOLN,NE,68517,Natural Gas,John Gormley,operator,john.gormley@nngco.com,(402) 398-7494,,,,
9/1/2026,2021,20220135,39968,32359,LINCOLN ELECTRIC SYSTEM,7707 BLUFF ROAD,LINCOLN,NE,68517,Landfill Gas,Andrew Smith,USDI - Operations Manager,asmith@usdi.us,(316)305-6464,,,,
9/1/2026,2021,20220325,46707,32363,MID-CONTINENT MARKET CENTER,100 WEST FIFTH STREET,TULSA,OK,74103-4298,Natural Gas,Ethan Pulvermacher,Operator,ethan.pulvermacher@oneok.com,(620)453-2020,David C. Roensch,VP Natural Gas Gathering and Processing,david.roensch@oneok.com,(918)588-7428
9/1/2026,2021,20220917,40779,32364,"VALERO REFINING-NEW ORLEANS, L.L.C.",ONE VALERO WAY,SAN ANTONIO,TX,78249,Natural Gas,Chet Canova,HSE Engineer,chet.canova@valero.com,(985)764-5864,Jerry Stumbo,Vice President & General Manager,jerry.stumbo@valero.com,(985)764-8611
9/1/2026,2021,20220918,40780,32364,"VALERO REFINING-NEW ORLEANS, L.L.C.",ONE VALERO WAY,SAN ANTONIO,TX,78249,Hydrogen Gas,Chet Canova,HSE Engineer,chet.canova@valero.com,(985)764-5864,,,,
9/1/2026,2021,20220976,40841,32373,"PLYMOUTH ENERGY, LLC",22234 K42  PO BOX 317,MERRILL,IA,51038,Natural Gas,Andrew McCollom,Supervisor - Engineering & Construction,amccollom@usdi.us,(660)947-3316,,,,
9/1/2026,2021,20220782,40640,32374,"MONROE GAS STORAGE COMPANY, LLC",508 MINDEN ST. SUITE A,RUSTON,LA,71270,Natural Gas,Rj Sheffie,Operations Compliance Manager,rj.sheffie@hartreegs.com,(318)254-8951,,,,
9/1/2026,2021,20221166,41040,32375,"SG RESOURCES MISSISSIPPI, LLC",508 MINDEN STREET SUITE A,RUSTON,LA,71270,Natural Gas,Rj Sheffie,Operations Compliance Manager,rj.sheffie@hartreegs.com,(318)254-8951,,,,
9/1/2026,2021,20220294,40133,32378,ALLIANCE ENERGY TRANSMISSION LLC.,P.O. BOX 585,OGDENSBURG,NY,13669,Natural Gas,Heinrich Kirschner,operator,hkirschner@aeny.us,(315)730-7893,Heinrich Kirschner,Manager,hkirschner@aeny.us,(315)730-7893
9/1/2026,2021,20220303,40650,32379,"COBRA PIPELINE COMPANY, LTD.",9010 TYLER BLVD. UNIT V,MENTOR,OH,44060,Natural Gas,William Hunter,GIS Manager,whunter@cobrapipeline.com,(440)255-1945,Jessica Carothers,General Manager,jcarothers@cobrapipeline.com,(440)255-1945
9/1/2026,2021,20220436,40282,32380,"STECKMAN RIDGE, LP (SPECTRA ENERGY PARTNERS, LP)",5400 WESTHEIMER COURT,HOUSTON,TX,77056,Natural Gas,Ashley White,Operational Compliance Advisor,ashley.white@enbridge.com,(713)627-6398,,,,
9/1/2026,2021,20221228,41338,32381,GREEN PLAINS FAIRMONT LLC-NW GAS CONTRACTED,314 MAIN ST NE,MAPLETON,MN,56065,Natural Gas,CHERI LANDSTEINER,operator,CHERI@NWNGAS.COM,(507) 524-4103,,,,
9/1/2026,2021,20220815,40675,32383,"HORIZON PRODUCTION AND OPERATING, LLC","2727 ALLEN PARKWAY, SUITE 1900",HOUSTON,TX,77019,Natural Gas,Kristyn Christie,agent,kristyn.christie@everlineus.com,(936) 447-6100,,,,
9/1/2026,2021,20220003,39825,32384,DALTON-WHITFIELD REGIONAL SOLID WASTE MANAGMENT AUTHORITY,P.O. BOX 1205,DALTON,GA,30722,Landfill Gas,Dirk Verhoeff,operator,dverhoeff@dwswa.org,(706)277-2545,,,,
9/1/2026,2021,20220421,40267,32389,"CENTAURI TECHNOLOGIES, LP",5200 UNDERWOOD ROAD,PASADENA,TX,77507,"Other Gas-CO, H2, N2",Rodrigo Flores faure,Regulatory Mechanical Engineer,RFloresFaure@centauriusa.com,(281)474-4675,,,,
9/1/2026,2021,20220613,40462,32391,NRG TEXAS POWER LLC,910 LOUISIANA,HOUSTON,TX,77002,Natural Gas,Jeff Davidson,Agent,jeff.davidson@pplcompliance.com,(903)472-9310,,,,
9/1/2026,2021,20220453,40299,32393,"FREEBIRD GAS STORAGE, LLC",10375 RICHMOND AVE SUITE 1900,HOUSTON,TX,77042,Natural Gas,Melisa Escobar,Sr. Regulatory Analyst,melisa.escobar@enstorinc.com,(281)668-7651,,,,
9/1/2026,2021,20220457,40303,32394,"CALEDONIA ENERGY PARTNERS, LLC",10375 RICHMOND AVENUE SUITE 1900,HOUSTON,TX,77042,Natural Gas,Melisa Escobar,Sr. Regulatory Analyst,melisa.escobar@enstorinc.com,(281)668-7651,,,,
9/1/2026,2021,20221050,40918,32395,J.R. SIMPLOT COMPANY,6360 South Federal Way,Boise,ID,83716-9617,Other Gas-Bio-Gas,Kristyn Christie,agent,kristyn.christie@everlineus.com,(936) 447-6100,,,,
9/1/2026,2021,20220442,40288,32396,"BOBCAT GAS STORAGE (SPECTRA ENERGY PARTNERS, LP)",5400 WESTHEIMER COURT,HOUSTON,TX,77056,Natural Gas,Ashley White,Operational Compliance Advisor,ashley.white@enbridge.com,(713)627-6398,,,,
9/1/2026,2021,20220053,39878,32399,"SOLVAY CHEMICALS, INC.",3737 BUFFALO SPEEDWAY SUITE 800,HOUSTON,TX,77098,Hydrogen Gas,Pascal Mansy,Engineering and Maintenance Manager,pascal.mansy@solvay.com,(713)702-3397,,,,
9/1/2026,2021,20220816,40676,32401,FARADAY PIPELINE COMPANY,"615 UPPER NORTH BROADWAY, SUITE 525",CORPUS CHRISTI,TX,78477,Natural Gas,Kristyn Christie,agent,kristyn.christie@everlineus.com,(936) 447-6100,,,,
9/1/2026,2021,20221106,40975,32402,LOUIS DREYFUS COMPANY,1149 U AVENUE,GRAND JUNCTION,IA,50107,Natural Gas,Andrew McCollom,Supervisor - Engineering & Construction,amcccollom@usdi.us,(660)947-3316,,,,
9/1/2026,2021,20220239,48521,32403,TIMBERLINE ENERGY LLC,"201 HELIOS WAY, FLOOR 6",HOUSTON,TX,77079,Natural Gas,Andrew Smith,Operations Manager - USDI,asmith@usdi.us,(316)305-6464,Emily Zambuto,Manager of Environmental Programs,ezambuto@archaea.energy,(585)948-4616
9/1/2026,2021,20220212,40048,32404,"CEI PIPELINE, LLC","4700 GAILLARDIA PARKWAY, STE. 200",OKLAHOMA CITY,OK,73142,Natural Gas,Kara gerlach,Sr. Air Quality Engineer,kara.gerlach@chaparralenergy.com,(405)426-4309,,,,
9/1/2026,2021,20220234,40071,32405,"WYCKOFF GAS STORAGE COMPANY, LLC",2409 TIMMERMAN ROAD,GREENWOOD,NY,14839,Natural Gas,Aaron Daniels,EHS Manager,aarond@kfoc.net,(918)491-4352,,,,
9/1/2026,2021,20220278,40117,32412,"MARKWEST LIBERTY MIDSTREAM & RESOURCES, L.L.C.","1515 ARAPAHOE STREET TOWER 1, SUITE 1600",DENVER,CO,80202,Natural Gas,Victoria Randall,Pipeline Compliance Specialist,VMRandall@MPLX.com,(435)219-1288,,,,
9/1/2026,2021,20220758,40615,32416,"ARCADIA GAS STORAGE, LLC",508 MINDEN ST. SUITE A,RUSTON,LA,71270,Natural Gas,Rj Sheffie,Operations Compliance Manager,rj.sheffie@hartreegs.com,(318)224-1124,,,,
9/1/2026,2021,20220737,41336,32419,"SOUTHWEST IOWA RENEWABLE ENERGY, LLC",10868 189TH ST,COUNCIL BLUFFS,IA,51503-6925,Natural Gas,Brett Schulte,Lab/Environmental Compliance Manager,brett.schulte@sireethanol.com,(712)352-5040,,,,
9/1/2026,2021,20220463,40309,32420,"GRAMA RIDGE STORAGE AND TRANSPORTATION, LLC",10375 RICHMOND AVENUE SUITE 1900,HOUSTON,TX,77042,Natural Gas,Melisa Escobar,Sr. Regulatory Analyst,melisa.escobar@enstorinc.com,(281)668-7651,,,,
9/1/2026,2021,20220499,40345,32422,"NEPTUNE LNG, LLC",1360 POST OAK BLVD #400,HOUSTON,TX,77056,Natural Gas,Jared Hildreth,Records Manager,jared@semperdive.com,(617)821-3276,,,,
9/1/2026,2021,20220445,41282,32423,MINNESOTA POWER,1210 NW 3RD STREET,COHASSET,MN,55721,Natural Gas,kim wagner,Northwest Gas Manager,kim@nwgas.com,(218)244-3364,,,,
9/1/2026,2021,20220123,39955,32426,"UNIVERSITY PARK ENERGY, LLC",2635 DRALLE ROAD,UNIVERSITY PARK,IL,60466,Natural Gas,Michael Wendling,operator,mwendling@usdi.us,(618)392-5502,David Olsheski,Asset Manager,dolsheski@lspower.com,(970)702-1136
9/1/2026,2021,20220017,39839,32427,DEWBRE PETROLEUM CORP,"802 N. CARANCAHUA, STE. 1800",CORPUS CHRISTI,TX,78401,Natural Gas,Keeton Turner,agent,kturner@dewbre.com,(361)888-7978,,,,
9/1/2026,2021,20220371,40213,32429,US AMINES,14086 HWY 43 N,AXIS,AL,36505,Hydrogen Gas,Samantha Johnston,Pipeline Manager,srjohnston@usamines.com,(251)829-3841,Eldon Burr,Site Director,ejburr@usamines.com,(251)829-3757
9/1/2026,2021,20221134,41005,32431,CITY OF CALHOUN,226 S WALL ST,CALHOUN,GA,30701,Natural Gas,MAURICE CHANEY,agent,mchaney@gasauthority.com,(770) 851-3094,,,,
9/1/2026,2021,20220306,40145,32433,AMERESCO MCCARTY ENERGY LLC,"111 SPEEN STREET, SUITE 410",FRAMINGHAM,MA,01701,Natural Gas,Stevia Smith,Sr. Environmental Compliance Specialist,smiths@ameresco.com,(508)598-4386,Harold Stewart,Manager-Plant Operations,hstewart@ameresco.com,(847)463-0628
9/1/2026,2021,20220317,40156,32434,AMERESCO EVANSVILLE LLC,"111 SPEEN STREET, SUITE 410",FRAMINGHAM,MA,01701,Landfill Gas,Stevia Smith,Sr. Environmental Compliance Specialist,smiths@ameresco.com,(508)598-4386,Harold Stewart,Manager-Plant Operations,hstewart@ameresco.com,(847)463-0628
9/1/2026,2021,20220314,40153,32435,AMERESCO JEFFERSON CITY LLC,"111 SPEEN STREET, SUITE 410",FRAMINGHAM,MA,01701,Landfill Gas,Stevia Smith,Sr. Environmental Compliance Specialist,smiths@ameresco.com,(508)598-4386,,,,
9/1/2026,2021,20220803,40663,32436,MIDCONTINENT EXPRESS PIPELINE LLC,1001 LOUISIANA ST,HOUSTON,TX,77002,Natural Gas,William Muller,Specialist-Pipeline Technical,martin_muller@kindermorgan.com,(205)325-3863,Jorge Torres,VP-Pipeline Integrity,jorge_torres@kindermorgan.com,(713)369-9232
9/1/2026,2021,20220467,40313,32437,KINDER MORGAN LOUISIANA PIPELINE LLC,1001 LOUISIANA ST,HOUSTON,TX,77002,Natural Gas,Kenneth Peters,Senior Pipeline Engineer,ken_peters@kindermorgan.com,(205)325-7554,Jorge Torres,VP-Pipeline Integrity,jorge_torres@kindermorgan.com,(713)369-9232
9/1/2026,2021,20220757,40614,32446,MINNESOTA INTRASTATE PIPELINE COMPANY,1111 LOUISANA ST.,HOUSTON,TX,77002,Natural Gas,Kyle Woodley,Staff Engineer,Kyle.Woodley@CenterPointEnergy.com,(612)399-1496,Barbara Varanauski,VP Gas Engineering & System Integrity,Barbara.Varanauski@CenterPointEnery.com,(713)207-7058
9/1/2026,2021,20220834,40694,32448,TRES PALACIOS GAS STORAGE LLC,811 MAIN STREET SUITE 3400,HOUSTON,TX,77002,Natural Gas,Dalton Jaus,"Supervisor, Construction",dalton.jaus@crestwoodlp.com,(713)380-3241,,,,
9/1/2026,2021,20220320,40159,32451,SABINE OIL & GAS LLC,"1415 LOUISIANA, SUITE 1600",HOUSTON,TX,77002,Natural Gas,Paul Griesedieck,"Director, EH&S",pgriesedieck@sabineoil.com,(832)242-9596,,,,
9/1/2026,2021,20221196,41070,32452,LEAF RIVER ENERGY CENTER LLC,2500 CITY WEST BLVD SUITE 1050,HOUSTON,TX,77042,Natural Gas,Aaron Bass,"Director - Engineering, Integrity & Compliance",abass@njresources.com,(610)327-5326,,,,
9/1/2026,2021,20220749,40606,32453,BPX (EAGLE FORD) GATHERING LLC,1700 PLATTE STREET,DENVER,CO,80202,Natural Gas,Christina Lara,DOT Coordinator,christina.lara@bpx.com,(210)440-3154,William Burton,Head of Operations - Midstream,william.burton@bpx.com,(281)844-3475
9/1/2026,2021,20220818,40678,32457,JDP RENEWABLES,PO BOX 61447,MIDLAND,TX,79711,Natural Gas,Kristyn Christie,agent,kristyn.christie@everlineus.com,(936) 447-6100,,,,
9/1/2026,2021,20220030,39853,32458,UTAH ASSOICIATED MUNICIPAL POWER SYSTEMS,1265 BAMBERGER ROAD,PAYSON,UT,84651,Natural Gas,Mark Schwartz,Plant Manager,mark@uamps.com,(801)925-4012,Doug Hunter,Doug Hunter,doug@uamps.com,(801)566-3938
9/1/2026,2021,20221250,41128,32459,"HOOKS GAS PIPELINE, LLC",61 CARLTON WOODS DRIVE BUILDING 1,SPRING,TX,77382,Natural Gas,Amy Doyal,agent,Amy@txgas.net,(281) 252-6700,Robert Barnwell,"President, CEO",Compliance@txgas.net,(281)252-6700
9/1/2026,2021,20220119,39951,32461,FAYETTEVILLE GATHERING COMPANY,22777 SPRINGWOODS VILLAGE PARKWAY,SPRING,TX,77389,Natural Gas,Jameson Gowin,DOT Compliance,jameson.gowin@exxonmobil.com,(817)201-9373,,,,
9/1/2026,2021,20220952,40816,32462,PENINSULA PIPELINE COMPANY,208 WILDLIGHT AVE,YULEE,FL,32097,Natural Gas,MICHAEL MCCARTY,"DIRECTOR, MEASUREMENT AND COMPLIANCE",mmccarty@fpuc.com,(863)845-7005,JEFF SYLVESTER,SENIOR VICE PRESIDENT AND CHIEF OPERATING OFFICER,jssylvester@chpk.com,(302)213-7382
9/1/2026,2021,20220038,39861,32464,LSP UNIVERSITY PARK LLC,787 INDUSTRIAL DRIVE,UNIVERSITY PARK,IL,60484,Natural Gas,Michael Wendling,operator,mwendling@usdi.us,(618)392-5502,,,,
9/1/2026,2021,20220266,43200,32466,HOMELAND ENERGY SOLUTIONS LLC,2779 IOWA HWY 24,LAWLER,IA,52154,Natural Gas,Kyle Guertin,agent,kguertin@etoh.us,(563)238-5555,,,,
9/1/2026,2021,20220569,46526,32467,"ETC TIGER PIPELINE, LLC",1300 MAIN STREET,HOUSTON,TX,77002,Natural Gas,Todd Nardozzi,Director - Regulatory Compliance,todd.nardozzi@energytransfer.com,(713)989-7126,Jennifer Street,Group SVP - Operations Services,jennifer.street@energytransfer.com,(214)981-0700
9/1/2026,2021,20220570,40417,32469,"FAYETTEVILLE EXPRESS PIPELINE, LLC",1300 MAIN STREET,HOUSTON,TX,77002,Natural Gas,Todd Nardozzi,Director - Regulatory Compliance,todd.nardozzi@energytransfer.com,(713)989-7126,Jennifer Street,Group SVP - Operations Services,jennifer.street@energytransfer.com,(214)981-0700
9/1/2026,2021,20220147,39980,32477,"HAWK GATHERING CO, LTD",222 E. TYLER,LONGVIEW,TX,75601,Natural Gas,Nate Cook,Facilities Engineer,ncook@rlacy.com,(903)758-8276,,,,
9/1/2026,2021,20220560,40407,32478,TARGA PIPELINE MID-CONTINENT WEST OK LLC,"811 LOUISIANA STREET, SUITE 2100",HOUSTON,TX,77002,Natural Gas,Bryan Robison,"Specialist, Pipeline Compliance",brobison@targaresources.com,(817)944-0617,,,,
9/1/2026,2021,20221114,40983,32482,MARSHFIELD UTILITIES,2000 S CENTRAL AVENUE PO BOX 670,MARSHFIELD,WI,54449-0670,Natural Gas,Andrew mcCollom,Supervisor - Engineering & Construction,amccollom@usdi.us,(660)947-3316,,,,
9/1/2026,2021,20221151,41023,32484,"TESUQUE PIPELINE, LLC",6100 S Yale Ave Suite 900,Tulsa,OK,74136,Natural Gas,Karen Franklin,Production Coordinator,kfranklin@sagenr.com,(918)900-6445,,,,
9/1/2026,2021,20221158,41032,32485,PECOS PIPELINE LLC,6100 S Yale Ave Suite 900,Tulsa,OK,74136,Natural Gas,Karen Franklin,Production Coordinator,kfranklin@sagenr.com,(918)900-6445,,,,
9/1/2026,2021,20220924,40787,32487,TRANSCANADA NORTHERN BORDER INC,700 LOUISIANA ST,Houston,TX,77002,Natural Gas,Chris Figgatt,Integrity Engineer,chris_figgatt@tcenergy.com,(304)357-3014,,,,
9/1/2026,2021,20220919,40781,32489,"ANCHOR POINT ENERGY, LLC",188 WEST NORTHERN LIGHTS BLVD SUITE 510,ANCHORAGE,AK,99503,Natural Gas,Wendell Wassmann,Pipeline Compliance Engineer,wwassmann@glacieroil.com,(907)659-1331,,,,
9/1/2026,2021,20220093,39923,32492,"GENESIS CRUDE OIL, L.P.","919 MILAM, SUITE 2100",HOUSTON,TX,77002,Natural Gas,Tory Jordan,GIS Specialist,tory.jordan@genlp.com,(713)860-2500,,,,
9/1/2026,2021,20220759,40616,32494,PADUCAH POWER SYSTEM,1500 BROADWAY,PADUCAH,KY,42001,Natural Gas,JASON BRANGERS,Senior VP,jason@usdi.us,(502)819-1338,,,,
9/1/2026,2021,20220776,41199,32499,"PGPIPELINE, LLC.",250 TECHNOLOGY DRIVE,CLEARFIELD,PA,16830,Natural Gas,Jason Brangers,"Senior VP, USDI",jason@usdi.us,(502)513-5127,Brian Terborg,Chief Financial Officer,briant@zfsinc.com,(616)772-9042
9/1/2026,2021,20220464,40310,32504,"MISSISSIPPI HUB, LLC",10375 RICHMOND AVE SUITE 1900,HOUSTON,TX,77042,Natural Gas,Melisa Escobar,Sr. Regulatory Analyst,melisa.escobar@enstorinc.com,(281)668-7651,,,,
9/1/2026,2021,20221279,41159,32505,CPR PIPELINE,1717 ST. JAMES PLACE STE. 340,HOUSTON,TX,77056,Natural Gas,Julian Emerson,operations manager,Paul.bng@outlook.com,(903)721-4992,,,,
9/1/2026,2021,20221145,41017,32506,"NFG MIDSTREAM COVINGTON, LLC",6363 MAIN ST,WILLIAMSVILLE,NY,14221,Natural Gas,Rachael Sebesta,Senior Engineer I,SebestaR@natfuel.com,(814)871-8285,Michael Kasprzak,President,KasprzakM@natfuel.com,(814)871-8601
9/1/2026,2021,20220838,40698,32509,"SOMERSET GAS GATHERING OF PENNSYLVANIA, LLC",388 S. MAIN SUITE 401,AKRON,OH,44311,Natural Gas,Andrea Shacklett,Dir of Regulatory Compliance,ashacklett@douglaspipeline.com,(412)531-2440,,,,
9/1/2026,2021,20220211,40047,32511,"BATON ROUGE RENEWABLE ENERGY, LLC",68001 SAMUELS RD,ZACHARY,LA,70791,Landfill Gas,George Mouledoux Jr,OPERATOR,george@nationalcorrosion.com,(504)891-4711,,,,
9/1/2026,2021,20221241,41119,32512,"GOLDEN TRIANGLE STORAGE, INC.",10 PEACHTREE PLACE NE,ATLANTA,GA,30309,Natural Gas,Ralph McCollum,Lead Compliance Engineer,rmccollu@southernco.com,(404) 584-3733,Stephen L. Wassell,"VP, Storage and Peaking Operations",swassell@southernco.com,404-584-3725
9/1/2026,2021,20220939,40803,32513,AMEREN ILLINOIS COMPANY,10 EXECUTIVE DR.,COLLINSVILLE,IL,62234,Natural Gas,Patty Marcolini,Gas Compliance Specialist,pmarcolini@ameren.com,(217)625-6858,David Wakeman,SVP Operations & Tech Services,dwakeman@ameren.com,(618)301-5201
9/1/2026,2021,20220542,40388,32515,CARGILL SALT,27565 COUNTY ROAD 110,FREEDOM,OK,73842,Natural Gas,Jeff Canady,agent,prcincorporated@aol.com,(405) 203-2484,,,,
9/1/2026,2021,20220729,40586,32524,"LASALLE PIPELINE, LP",601 TRAVIS STREET SUITE 1900,HOUSTON,TX,77002,Natural Gas,David Busby,Sr. PGD Operations Specialist,david.busby@nexteraenergy.com,(713)951-5318,,,,
9/1/2026,2021,20221191,41065,32525,VINLAND ENERGY OPERATIONS,2704 OLD ROSEBUD RD SUITE 320,LEXINGTON,KY,40509,Natural Gas,Barbara Causey,Office Manager,barb.causey@vinlandenergyllc.com,(606)862-6402,,,,
9/1/2026,2021,20220837,40697,32526,COWTOWN PIPELINE PARTNERS L.P.,811 MAIN STREET SUITE 3400,HOUSTON,TX,77002,Natural Gas,Dalton Jaus,"Supervisor, Construction",dalton.jaus@crestwoodlp.com,(713)380-3241,,,,
9/1/2026,2021,20220148,39981,32527,"R. LACY SERVICES, LTD",222 E. TYLER,LONGVIEW,TX,75601,Natural Gas,Nate Cook,Facilities Engineer,ncook@rlacy.com,(903)758-8276,,,,
9/1/2026,2021,20220250,40088,32529,KINDERHAWK FIELD SERVICES LLC,"1000 LOUISIANA ST, STE 1000",HOUSTON,TX,77002,Natural Gas,Daniel Grant,Pipeline Engineer,Daniel_grant@kindermorgan.com,(713)420-4409,,,,
9/1/2026,2021,20220027,40018,32531,CAMBRIAN ENERGY/ SOUTHTEX FT. SMITH TREATERS,230 E. HUNT ST.,MCKINNEY,TX,75069,Natural Gas,Jonathan Oliver,Pipeline & Safety Manager,Joliver@morrowrenew.com,(903)363-2763,,,,
9/1/2026,2021,20220104,39935,32533,DESOTO GATHERING COMPANY LLC,"621 N. ROBINSON, SUITE 300",OKLAHOMA CITY,OK,73102,Natural Gas,Chance Edge,HSER Coordinator,Chance.edge@flywheelenergy.com,(501)548-4573,,,,
9/1/2026,2021,20220035,39858,32534,"PULSE ENERGY SYSTEMS, LLC","20 N.W. FOURTH STREET, SUITE 1B",EVANSVILLE,IN,47708,Natural Gas,Michael Wendling,operator,mwendling@usdi.us,(618)392-5502,,,,
9/1/2026,2021,20221113,40982,32539,LA CROSSE COUNTY,6500 STATE HIGHWAY 16,LA CROSSE,WI,54601,Landfill Gas,Andrew McCollom,Supervisor - Engineering & Construction,amccollom@usdi.us,(660)947-3316,,,,
9/1/2026,2021,20220163,39996,32544,BLACK BELT ENERGY,2003 COLLEGE AVE P.O. 220,JACKSON,AL,36545,Natural Gas,Mike Sasser,Compliance Manager,msasser@blackbeltenergy.com,(251) 246-9894,Mike Sasser,Compliance Manager,msasser@blackbeltenergy.com,(251)246-9864
9/1/2026,2021,20220720,40576,32549,GILL RANCH STORAGE LLC,10000 MEMORIAL DR SUITE 330,HOUSTON,TX,77024,Natural Gas,TRUDY WEGNER,Compliance Officer,twegner.nwngs@nwnatural.com,(503)610-7906,Mark Stauss,President,mstauss@gillranchstorage.com,(713)907-6233
9/1/2026,2021,20221233,41110,32553,NEWTON COUNTY LANDFILL PARTNERSHIP,2266 E 500 S,BROOK,IN,47922,Landfill Gas,Anica Haynes,Principal,ahaynes@geosyntec.com,(225)325-3217,,,,
9/1/2026,2021,20221217,41093,32557,"PAULSBORO NATURAL GAS PIPELINE COMPANY, LLC",1 SYLVAN WAY SECOND FLOOR,PARSIPPANY,NJ,07054,Natural Gas,Araceli Gudino,Regulatory Compliance Advisor,araceli.gudino@pbfenergy.com,(310)212-1764,Jim Fedena,vP Sr. Logistics,jim.fedena@pbfenergy.com,(973)455-8927
9/1/2026,2021,20220289,40128,32560,LAMB WESTON/BSW,1203 BASIN STREET,WARDEN,WA,98857,Natural Gas,Marvin Price,Environmental Manager,marvin.price@lambweston.com,(509)417-2078,,,,
9/1/2026,2021,20220114,39946,32561,ECOELECTRICA L.P.,"RD 337, KM 3.7 BO TALLABOA PONIENTE  FIRM DELIVERY",PENUELAS,PR,00624,Natural Gas,Oscar Cedeno,operator,oscar.cedeno@ecoelectrica.com,(787)487-6042,Carlos Reyes,President & general manager,carlos.reyes@ecoelectrica.com,(787)836-2740
9/1/2026,2021,20220961,40842,32562,SOUTHWEST GAS TRANSMISSION COMPANY A LIMITED PARTNERSHIP,8350 S DURANGO,LAS VEGAS,NV,89113,Natural Gas,Daren Turner iI,Administrator/Compliance,daren.turner@swgas.com,(702)365-2365,"Jerome T. Schmitz, P.E.",Vice President/Engineering Staff,jerry.schmitz@swgas.com,(702)876-7115
9/1/2026,2021,20220539,40385,32564,BLACK HILLS SERVICE COMPANY,7001 MT. RUSHMORE RD. P.O. BOX 1400,RAPID CITY,SD,57709-1400,Natural Gas,Sheila Suurmeier,Generation Compliance Coordinator,Sheila.Suurmeier@blackhillscorp.com,(605)390-7443,Marc Ostrem,VP Mine Operation & Generation,Marc.Ostrem@blackhillscorp.com,(307)687-8916
9/1/2026,2021,20220192,40028,32569,EMPIRE GENERATING COMPANY LLC.,75 RIVERSIDE AVENUE,RENSSELAER,NY,12144,Natural Gas,Dwayne Boyer,operator,dwayne.boyer@naes.com,(518)755-1097,,,,
9/1/2026,2021,20220524,40370,32570,LOCKHART POWER COMPANY,PO BOX 10 - 420 RIVER STREET,LOCKHART,SC,29364,Landfill Gas,Scott Thompson,operator,sthompson@lockhartpower.com,(864)580-3999,Bryan Stone,Chief Operating Officer,bstone@lockhartpower.com,(864)545-2575
9/1/2026,2021,20221097,40966,32571,"NORTH PLATTE LIVESTOCK FEEDERS, LLC",2800 E. ECHO SCHOOL ROAD,WELLFLEET,NE,69170,Natural Gas,Andrew McCollom,Supervisor - Engineering & Construction,amccollom@usdi.us,(660)947-3316,,,,
9/1/2026,2021,20220236,40073,32577,"EIF KC LANDFILL GAS, LLC",46280 DYLAN DRIVE SUITE 200,NOVI,MI,48377,Natural Gas,Andrew Smith,Operations Manager - USDI,asmith@usdi.us,(316)305-6464,,,,
9/1/2026,2021,20220370,40212,32578,"ORIGIN MINING COMPANY, LLC.",8275 N MINERAL PARK RD,GOLDEN VALLEY,AZ,86413,Natural Gas,Kellie Morse,Office Administrator,kellie@meaiaz.com,(928)530-9677,,,,
9/1/2026,2021,20221229,41106,32579,AL-CORN CLEAN FUEL - NW GAS CONTRACTED,314 MAIN ST NE PO BOX 721,MAPLETON,MN,56065,Natural Gas,CHERI LANDSTEINER,operator,CHERI@NWNGAS.COM,(507) 524-4103,,,,
9/1/2026,2021,20221231,41108,32580,WFS WELCOME - NW GAS CONTRACTED,314 MAIN ST NE PO BOX 721,MAPLETON,MN,56065,Natural Gas,CHERI LANDSTEINER,operator,CHERI@NWNGAS.COM,(507) 524-4103,,,,
9/1/2026,2021,20220184,40019,32581,MILWAUKEE METROPOLITAN SEWERAGE DISTRICT,260 WEST SEEBOTH STREET,MILWAUKEE,WI,53204,Landfill Gas,Michael Weiler,Engineer,mweiler@usdi.us,(618)320-0845,Darin L. Houchin,CEO,darin@usdi.us,(618)407-7035
9/1/2026,2021,20220682,40537,32583,"BIG SANDY PIPELINE, LLC (SPECTRA ENERGY PARTNERS, LP)",5400 WESTHEIMER COURT,HOUSTON,TX,77056,Natural Gas,Ashley White,Operational Compliance Advisor,ashley.white@enbridge.com,(713)627-5008,Thomas Wooden,VP GTM Engineering & Asset Mgmt,thomas.wooden@enbridge.com,(713)627-5300
9/1/2026,2021,20220034,39857,32586,EAST TEXAS RENEWABLES,230 E. HUNT ST.,MCKINNEY,TX,75069,Natural Gas,Jonathan Oliver,Pipeline & Safety Manager/ Assistant Compliance Officer,Joliver@morrowrenew.com,(903)363-2763,,,,
9/1/2026,2021,20221265,41144,32587,GATEWAY RED OAK LLC,"1415 LOUISIANA STREET, SUITE 4100",HOUSTON,TX,77002,Natural Gas,Erhonda Jackson,report filer,ejackson@gatewayenergy.com,(713)600-1045,,,,
9/1/2026,2021,20221345,41251,32588,TECHNISAND INC.,CR 1650 14TH STREET,ROFF,OK,74865,Natural Gas,Jeff Canady,Consultant,jfcanady@aol.com,(405)203-2484,,,,
9/1/2026,2021,20221349,41256,32590,"EASTMAN GAS COMPANY, LLC",515 NORTH FREDONIA STREET,LONGVIEW,TX,75601,Natural Gas,Raymond Russell,CFO/VP,rrussell@fairplaygas.com,(903)753-0242,,,,
9/1/2026,2021,20220727,40583,32592,"TREK RESOURCES, INC","1020 E. LEVEE STREET, SUITE 130",DALLAS,TX,75207,Natural Gas,Floyd Belcher,Agent,floyd@papsoq.com,(281)379-1130,,,,
9/1/2026,2021,20221051,41368,32595,"HIGH POINT GAS GATHERING, LLC","THIRD COAST MIDSTREAM, LLC PO BOX 1227",HOUSTON,TX,77251,Natural Gas,Nicklas Pavlovsky,"Manager, Pipeline Regulatory Compliance",npavlovsky@third-coast.com,(346)241-3368,,,,
9/1/2026,2021,20220238,40075,32596,KAISER-FRONTIER MIDSTREAM LLC,6733 S. YALE AVENUE,TULSA,OK,74136,Natural Gas,Aaron Daniels,EHS Manager,aarond@kfoc.net,(918)491-4352,,,,
9/1/2026,2021,20220896,40757,32602,"SOCAL HOLDINGS, LLC / LA BASIN",ONE WORLD TRADE CENTER SUITE 1500,LONG BEACH,CA,90831,Natural Gas,Esmeralda Macedo,Program Lead: DOT Pipeline compliance,esmeralda.macedo@crc.com,(562)999-8698,,,,
9/1/2026,2021,20220996,40862,32603,"CENTRAL VALLEY GAS STORAGE, LLC",10 PEACHTREE PLACE NE,ATLANTA,GA,30309,Natural Gas,Ralph McCollum,Lead Compliance Engineer,rmccollu@southernco.com,(404) 584-3733,,,,
9/1/2026,2021,20220085,39914,32604,WHITE MOUNTAIN PAPER,72 CASCADE FLATS,GORHAM,NH,03581,Natural Gas,Andrea Shacklett,Compliance Mgr.,ashacklett@douglaspipeline.com,(412)531-2440,,,,
9/1/2026,2021,20220086,39915,32604,WHITE MOUNTAIN PAPER,72 CASCADE FLATS,GORHAM,NH,03581,Landfill Gas,Andrea Shacklett,Compliance Mgr.,ashacklett@douglaspipeline.com,(412)531-2440,,,,
9/1/2026,2021,20220608,40457,32606,"BOARDWALK FIELD SERVICES, LLC","9 GREENWAY PLAZA, SUITE 2800",HOUSTON,TX,77046,Natural Gas,Ashley Kuehn,GIS Analyst Sr.,ashley.kuehn@bwpmlp.com,(281)450-3192,,,,
9/1/2026,2021,20220200,40036,32616,"WOODLAND PULP, LLC",144 MAIN STREET,BAILEYVILLE,ME,04694,Natural Gas,Andrea shacklett,Dir. Regulatory Compliance,ashacklett@douglaspipeline.com,(412)531-2440,Martin Richard,Vice President,martin.richard@igic.com,(207)427-3311
9/1/2026,2021,20220216,40052,32618,"ARKALON ETHANOL, LLC",300 N LINCOLN,LIBERAL,KS,67901,Natural Gas,Bill Stephens,Mgr Codes & Standards,bill.stephens@blackhillscorp.com,(303)981-6474,,,,
9/1/2026,2021,20220634,40483,32623,"SEACOAST GAS TRANSMISSION, LLC",702 N. FRANKLIN STREET,TAMPA,FL,33602,Natural Gas,Rory Lacey,Engineer 1,rflacey@tecoenergy.com,(813)275-3734,Helen Wesley,President Seacoast Gas System,hwesley@tecoenergy.com,(813)228-1805
9/1/2026,2021,20220002,39824,32624,MAGNUM HUNTER PRODUCTION INC,"120 PROSPEROUS PLACE, SUITE 201",LEXINGTON,KY,40509,Natural Gas,Russell Hamilton,Vice President / General Manager,rhamilton@axpenergy.com,(859)263-3948,,,,
9/1/2026,2021,20221116,41265,32626,"BBT ALABAMA, LLC","BLACK BEAR TRANSMISSION 1501 MCKINNEY, SUITE 800",HOUSTON,TX,77010,Natural Gas,Meghan Green,EHS&R Specialist,mgreen@blackbearllc.com,(256)335-7301,Ronda Louderman,"Vice President, EHS&R",rlouderman@blackbearllc.com,(361)960-5671
9/1/2026,2021,20220611,40460,32634,"ENLINK PERMIAN, LLC","1722 ROUTH STREET, SUITE 1300",DALLAS,TX,75201,Natural Gas,Brandon Martin,Pipeline Integrity Specialist,Brandon.Martin@enlink.com,(432)312-9609,,,,
9/1/2026,2021,20221262,41141,32636,"TALL OAK MID-CON, LLC",2575 KELLEY POINTE PARKWAY 340,EDMOND,OK,73013,Natural Gas,Kristyn Christie,agent,kristyn.christie@everlineus.com,(936) 447-6100,,,,
9/1/2026,2021,20220292,40131,32637,CLEAN HARBORS LONE MOUNTAIN FACILITY,42 LONGWATER DRIVE PO BOX 9149,NORWELL,MA,02061,Natural Gas,Jeff Canady,agent,prcincorporated@aol.com,(405) 203-2484,,,,
9/1/2026,2021,20220069,39894,32638,MACPHERSON OIL COMPANY,PO BOX 5368,BAKERSFIELD,CA,93388,Natural Gas,Jennifer Brady,HSE Director,JBrady@macphersonenergy.com,(661)393-3204,,,,
9/1/2026,2021,20221280,41160,32639,"CRAWFORD COUNTY GAS GATHERING, LLC",1290 STATE ROAD 67 N,VINCENNES,IN,47591,Natural Gas,James Shuffett,agent,James.Shuffett@yahoo.com,(859)209-0713,,,,
9/1/2026,2021,20221175,41049,32641,AUX SABLE MIDSTREAM,"4000, 585-8 AVE. SW",CALGARY,AB,T2P1G1,Natural Gas,Bob  Bachmeier,"Senior Advisor, Regulatory",bob.bachmeier@auxsable.com,(701)628-7305,Heather Christie-Burns,"Vice President, Transmission Pipelines",hcburns@pembina.com,(403)690-3934
9/1/2026,2021,20221201,41077,32642,NAFTEX OPERATING COMPANY,14333 BRECKENRIDGE ROAD,BAKERSFIELD,CA,93307,Natural Gas,Kristyn Christie,Pipeline Advisor,Kristyn.christie@everlineus.com,(936)447-6100,,,,
9/1/2026,2021,20221240,41118,32645,"HILCORP ALASKA, LLC",3800 CENTERPOINT DR. SUITE 1400,ANCHORAGE,AK,99503,Natural Gas,Benjamin Wasson,Pipeline Risk and Compliance Manager,bwasson@hilcorp.com,(907)777-8447,Luke Saugier,"Sr. Vice President, Hilcorp Alaska LLC",lsaugier@hilcorp.com,(907)777-8471
9/1/2026,2021,20221223,41100,32646,"CHESAPEAKE OPERATING, L.L.C.",6100 N. WESTERN AVE.,OKLAHOMA CITY,OK,73118,Natural Gas,Alex Kidd,HSE Representative,Alex.kidd@chk.com,(405)935-1522,,,,
9/1/2026,2021,20220983,40849,32647,NAVITAS UTILITY COPORATION,121 EAKLY CAMPUS ROAD,EAKLY,OK,73033,Natural Gas,Kevin Pearcy,Manager,kpearcy@navitasutility.com,(405)797-3303,,,,
9/1/2026,2021,20220466,40312,32655,"EAST CHEYENNE GAS STORAGE, LLC",10375 RICHMOND AVE SUITE 1900,HOUSTON,TX,77042,Natural Gas,Melisa Escobar,Sr. Regulatory Analyst,melisa.escobar@enstorinc.com,(281)668-7651,,,,
9/1/2026,2021,20221270,41149,32657,"CARDINAL OPERATING COMPANY, LLC",2800 POST OAK BLVD,HOUSTON,TX,77056,Natural Gas,Lisa Fortenbaugh,Regulatory Compliance Specialist III,lisa.fortenbaugh@williams.com,(713)494-6514,Mark Cluff,VP Safety & Operational Discipline,mark.cluff@williams.com,(918)573-2345
9/1/2026,2021,20220390,40233,32659,"ENREMA, LLC",9534 MORGAN COUNTY HIGHWAY,SUNBRIGHT,TN,37872,Natural Gas,Frank Cash,Operator,fdcash@enrema.com,(865)240-0167,,,,
9/1/2026,2021,20220301,40140,32663,"PILLAR ENERGY, LLC",1244 MARTINS BRANCH RD,CHARLESTON,WV,25312,Natural Gas,Michael Carr,Production Supervisor,mike.carr@pillarenergy.com,(681)205-8599,,,,
9/1/2026,2021,20220129,39961,32665,ABBOTT NUTRITION SUPPLY CHAIN,100 ABBOTT PARK RD,ABBOTT PARK,IL,60064,Natural Gas,Brad Pyper,Energy Center Operator,brad.pyper@abbott.com,(520)421-6209,,,,
9/1/2026,2021,20220210,40046,32670,"SUPERIOR APPALACHIAN PIPELINE, L.L.C.",4000 TOWN CENTER BLVD SUITE 220,CANONSBURG,PA,15317,Natural Gas,Bill Allread,SR. SH&E Specialist,bill.allread@unitcorp.com,(405)222-8186,,,,
9/1/2026,2021,20220013,39835,32671,"RW GATHERING, LLC","6000 TOWN CENTER BLVD., SUITE 210 C/O TOM MULLEN",CANONSBURG,PA,15317,Natural Gas,Tom Mullen,Operator,tmullen@xprllc.com,(724)873-3424,,,,
9/1/2026,2021,20221146,41018,32672,"NFG MIDSTREAM TROUT RUN, LLC",6363 MAIN STREET,WILLIAMSVILLE,NY,14221,Natural Gas,Rachael Sebesta,Senior Engineer I,SebestaR@natfuel.com,(814)871-8285,,,,
9/1/2026,2021,20220331,40171,32674,"KEYROCK ENERGY, LLC","207 E. MAIN, 2-D PO BOX 2223",JOHNSON CITY,TN,37605,Natural Gas,"Tyler Enloe, P.E.",agent,tyler@usdi.us,(618) 277-1520,,,,
9/1/2026,2021,20220934,40797,32676,CITATION PIPELINE LLC,3111 BROCE DRIVE,NORMAN,OK,73072,Natural Gas,Gabe McCown,Consultant,gmccown@protonmail.com,(405)596-3520,,,,
9/1/2026,2021,20220594,40442,32682,"GREENLEAF CO2 SOLUTIONS, LLC","602 CRESCENT PLACE, SUITE 100",RIDGELAND,MS,39157,Natural Gas,Stephen Richardson,manager,srichardson@tellusoperating.com,(601) 898-7444,,,,
9/1/2026,2021,20221271,41150,32684,"PINE NEEDLE OPERATING COMPANY,LLC",2800 POST OAK BLVD,HOUSTON,TX,77056,Natural Gas,Lisa Fortenbaugh,Regulatory Compliance Specialist III,lisa.fortenbaugh@williams.com,(713)494-6514,,,,
9/1/2026,2021,20220708,40563,32685,CALGAS LLC,13501 KATY FREEWAY SUITE 1485,HOUSTON,TX,77079,Natural Gas,floyd Belcher,Agent,floyd@papsoq.com,(281) 379-1130,,,,
9/1/2026,2021,20220796,40656,38883,HUNT SOUTHLAND REFINING COMPANY,2200 JACK WARNER PARKWAY SUITE 400,TUSCALOOSA,AL,35401,Natural Gas,Caroll Pellegrin,Transportation Regulatory Compliance Manager,cpellegrin@huntrefining.com,(251) 771-6953,,,,
9/1/2026,2021,20221173,41047,38886,JOHNSTOWN REGIONAL ENERGY,"680 ANDERSEN DRIVE FOSTER PLAZA 10, 5TH FLOOR",PITTSBURGH,PA,15220,Other Gas-Processed Landfill Gas,Anna Rosswog,Environmental Specialist,arosswog@montaukrenewables.com,(724)816-4898,,,,
9/1/2026,2021,20220315,40154,38897,MARABOU SUPERIOR PIPELINE,450 GEARS RD.     STE 850,HOUSTON,TX,77067,Natural Gas,jesse klanke,Project Manager,jessek@mmslp.com,(713)278-0600,,,,
9/1/2026,2021,20220661,40515,38898,"MOUNTAIN GATHERING, LLC",22777 SPRINGWOODS VILLAGE PARKWAY,SPRING,TX,77389,Natural Gas,Jameson Gowin,DOT Compliance,jameson.gowin@exxonmobil.com,(817)201-9373,,,,
9/1/2026,2021,20220786,40644,38901,"PERRYVILLE GAS STORAGE, LLC",508 MINDEN ST. SUITE A,RUSTON,LA,71270,Natural Gas,Rj Sheffie,Operations Compliance Manager,rj.sheffie@hartreegs.com,(318)254-8951,,,,
9/1/2026,2021,20221053,40921,38902,"HIGH POINT GAS TRANSMISSION, LLC","THIRD COAST MIDSTREAM, LLC PO BOX 1227",HOUSTON,TX,77251,Natural Gas,Kristyn Christie,agent,kristyn.christie@everlineus.com,(936) 447-6100,,,,
9/1/2026,2021,20221132,41003,38904,CALERA GATHERING LLC,213 EDDINGSTOWN ROAD,MONTEVALLO,AL,35115,Natural Gas,Emily Zupanick,Vice President,emily.zupanick@caleragas.com,(304)549-9912,,,,
9/1/2026,2021,20221013,40879,38906,LIBERTY UTILITIES (MIDSTATES NATURAL GAS) CORP. D/B/A LIBERTY UTILITIES,2751 NORTH HIGH STREET,JACKSON,MO,63755,Natural Gas,Michael Beatty,Vice President,Mike.Beatty@libertyutilities.com,(573)979-0220,Michael D. Beatty,Vice President,mike.beatty@libertyutilities.com,(573)979-0220
9/1/2026,2021,20220040,39863,38907,SOUTHERN ILLINOIS POWER COOPERATIVE,11543 LAKE OF EGYPT ROAD,MARION,IL,62959,Natural Gas,Michael Wendling,operator,mwendling@usdi.us,(618)392-5502,,,,
9/1/2026,2021,20220048,39873,38908,"PRAIRIELAND PIPELINE, LLC",10406 N 1725TH ST,PALESTINE,IL,62451,Natural Gas,Michael Wendling,operator,mwendling@usdi.us,(618)392-5502,,,,
9/1/2026,2021,20220021,39843,38909,"COMPRESSED ENERGY SYSTEMS, LLC",5930 US HWY 45 NORTH,ELDORADO,IL,62930,Natural Gas,Michael Wendling,Gas Engineer,mwendling@usdi.us,(618)392-5502,,,,
9/1/2026,2021,20220354,40196,38910,CNX RESOURCES CORPORATION,1000 CONSOL ENERGY DRIVE,CANONSBURG,PA,15317,Natural Gas,Stanley Schurdak,Engineer,stanleyschurdak@cnx.com,(724)485-4342,,,,
9/1/2026,2021,20220082,39910,38914,ANDROSCOGGIN VALLEY REGIONAL REFUSE DISPOSAL DISTRICT,15 MT. FORIST ST. P.O. BOX 336,BERLIN,NH,03570,Landfill Gas,Andrea Shacklett,Compliance Mgr.,ashacklett@douglaspipeline.com,(412)531-2440,,,,
9/1/2026,2021,20220014,39836,38917,KING-MURRAY OPERATING COMPANY LLC,P.O. BOX 1898,MOUNT PLEASANT,TX,75455,Natural Gas,Tommy King,Partner,tking@diamondkcorp.com,(903)557-1923,,,,
9/1/2026,2021,20220892,40753,38919,LEGACY RESERVES OPERATING LP,PO BOX 51810,MIDLAND,TX,79710,Natural Gas,Ronnie Warren,Compliance Superintendent,rwarren@legacyreserves.com,(903)928-1221,,,,
9/1/2026,2021,20221374,41327,38920,"CHERRY ISLAND RENEWABLE ENERGY, LLC (CIRE)",1706 E. 12TH STREET,WILMINGTON,DE,19809,Landfill Gas,Bob Meyer,Aftermarket Manager CIRE,gn683@cummins.com,(315)345-5660,,,,
9/1/2026,2021,20220346,40188,38923,PROSPECTOR PIPELINE COMPANY,2981 GOLD CANAL DRIVE,RANCHO CORDOVA,CA,95670,Natural Gas,Danielle Keelan,Compliance Supervisor,dkeelan@gasbiz.com,(916) 859-4700,,,,
9/1/2026,2021,20220735,40592,38925,"NUCOR STEEL KINGMAN, LLC",3000 WEST OLD HIGHWAY 66,KINGMAN,AZ,86413,Natural Gas,Gina Elmore,EHS Coordinator,gina.elmore@nucor.com,(928)718-9209,,,,
9/1/2026,2021,20221167,41041,38926,BLACK BEAR MIDSTREAM LLC,PO BOX 55948,HOUSTON,TX,77255,Natural Gas,Dustin Daugherty,Director of Operations,dustin.daugherty@blackbearmidstream.com,(318)465-0518,,,,
9/1/2026,2021,20220549,40395,38927,UGI ENERGY SERVICES,835 KNITTING MILLS WAY,WYOMISSING,PA,19610,Natural Gas,Alexander Bohr,Compliance Engineer,abohr@ugies.com,(610)401-4001,Dante D'Alessandro,VP Engineering & Operations,ddalessandro@ugies.com,(484)269-3816
9/1/2026,2021,20221294,41176,38929,"LYNX OPERATING CO., INC.","4849 GREENVILLE AVE 12TH FLOOR, SUITE 1255",DALLAS,TX,75206,Natural Gas,Judy Fankhauser,Executive Assistant,judy@lynxco.biz,(214)641-2496,,,,
9/1/2026,2021,20220654,40508,38932,"BLUESTONE PIPELINE COMPANY OF PA, LLC",500 WOODWARD AVE. SUITE 2900,DETROIT,MI,48226,Natural Gas,Patrick Raichel,"Sr. Supervisor, Codes & Compliance",patrick.raichel@dtmidstream.com,(716)327-6630,,,,
9/1/2026,2021,20220188,40024,38941,EMKEY GATHERING LLC,558 WEST 6TH STREET SUITE 200,ERIE,PA,16507,Natural Gas,Kyle Rhoades,President,krhoades@emkeygathering.com,(716)450-3190,,,,
9/1/2026,2021,20220745,40602,38943,"EAGLE FORD MIDSTREAM, LP",601 TRAVIS STREET SUITE 1900,HOUSTON,TX,77002,Natural Gas,David Busby,Sr. PGD Operations Specialist,david.busby@nexteraenergy.com,(713)951-5318,Danny Schedule,Sr Dir Midstream Ops & Construction,Danny.Schedule@nexteraenergy.com,(713)374-1583
9/1/2026,2021,20220245,40083,38947,KINDER MORGAN ALTAMONT LLC,"1001 LOUISIANA ST, STE 1000",HOUSTON,TX,77002,Natural Gas,Shelley Dietz,Pipeline Engineer,shelley_dietz@kindermorgan.com,(713)420-4417,,,,
9/1/2026,2021,20221163,41037,38949,"NAVARRO MIDSTREAM SERVICES, LLC.",10101 REUNION PLACE SUITE 1000,SAN ANTONIO,TX,78216,Natural Gas,Shaun Wilding,Facilities Engineer,SWilding@lewisenergy.com,(956)728-6031,,,,
9/1/2026,2021,20220785,40643,38950,"CADEVILLE GAS STORAGE, LLC",508 MINDEN ST. SUITE A,RUSTON,LA,71270,Natural Gas,Rj Sheffie,Operations Compliance Manager,rj.sheffie@hartreegs.com,(318)224-1124,,,,
9/1/2026,2021,20220155,39988,38951,"PENNSYLVANIA GENERAL ENERGY COMPANY, LLC",120 MARKET STREET,WARREN,PA,16365,Natural Gas,Kristen Chase,Regulatory Compliance Specialist,kristenchase@penngeneralenergy.com,(814)723-3230,,,,
9/1/2026,2021,20220154,39987,38952,TPL ARKOMA HOLDINGS LLC,"811 LOUISIANA STREET, SUITE 2100",HOUSTON,TX,77002,Natural Gas,Bryan Robison,"Specialist, Pipeline Compliance",brobison@targaresources.com,(817)944-0617,,,,
9/1/2026,2021,20220282,40121,38954,ALLEGHENY LAND AND EXPLORATION,213 WEST 3RD AVENUE - THIRD FLOOR P.O. BOX 845,WARREN,PA,16365,Natural Gas,"Darryl E. Pierce, P.E.",Secretary/Treasurer,dep@hooveroil.com,(814)726-2130,,,,
9/1/2026,2021,20220652,40505,38955,SENECA LANDFILL,PO BOX 1080,MARS,PA,16046,Other Gas-processed landfill gas,Judith Messerly,Agent for Seneca,jamesserly@roachassoc.com,(412)344-9310,,,,
9/1/2026,2021,20221355,41266,38958,"PPG, LLC",321 Woodland Pass,E. Lansing,MI,48823,Natural Gas,beth Knol,consultant,bethknol@sbcglobal.net,(231)492-8859,,,,
9/1/2026,2021,20221068,40937,38959,CITY OF MIDLAND UTILITIES DIVISION,333 W. ELLSWORTH,MIDLAND,MI,48640,Landfill Gas,Scott O'Laughlin,Landfill Superintendent,solaughl@midland-mi.org,(989)837-6989,,,,
9/1/2026,2021,20220680,40535,38965,"CITY OF ALBUQUERQUE, SOLID WASTE MANAGEMENT DEPT.",4600 EDITH BOULEVARD NE,ALBUQUERQUE,NM,87107,Landfill Gas,James Joseph,Principal Engineer,jjoseph@intera.com,(505)246-1600,Lawrence Rael,"Chief Operations Officer, City of Albuqeruque",lrael@cabq.gov,(505)280-7893
9/1/2026,2021,20221162,41036,38967,LIBERTY ENERGY (GEORGIA) CORP D/B/A LIBERTY UTILITIES GEORGIA,2300 VICTORY DRIVE,COLUMBUS,GA,31901,Natural Gas,Brandon Furnish,GIS Mapping Tech III,brandon.furnish@libertyutilities.com,(706)570-2099,Carolyn Bermudez,President,carolyn.bermudez@libertyutilities.com,(706)478-1811
9/1/2026,2021,20220205,40041,38968,OASIS PETROLEUM NORTH AMERICA,1001 FANNIN. ST. SUITE 1500,HOUSTON,TX,77002,Natural Gas,Daniel Busch,Regulatory Specialist,dbusch@oasispetroleum.com,(713)770-6473,,,,
9/1/2026,2021,20220087,39916,38972,ORANGE COUNTY SANITATION DISTRICT,10844 ELLIS AVENUE,FOUNTAIN VALLEY,CA,92708,Other Gas-Methane,Jennifer Klein,Project Engineer,jennifer.klein@acadian.com,(713)492-3823,James Herberg,General manager,jherberg@ocsd.com,(714)593-7310
9/1/2026,2021,20220851,40711,38987,KINETICA ENERGY EXPRESS LLC,"1001 MCKINNEY STREET, SUITE 900",HOUSTON,TX,77002,Natural Gas,Kurt Cheramie,Senior Vice President,kurt.cheramie@kineticallc.com,(985)223-6165,,,,
9/1/2026,2021,20220819,40679,38989,EMERALD GATHERING AND TRANSMISSION,11 GREENWAY PLAZA SUITE 2850,HOUSTON,TX,77046,Natural Gas,Kristyn Christie,agent,kristyn.christie@everlineus.com,(936) 447-6100,,,,
9/1/2026,2021,20221344,41250,38993,"HG ENERGY, LLC",5260 DUPONT ROAD,PARKERSBURG,WV,26101,Natural Gas,Diane White,Accountant,dwhite@hgenergyllc.com,(304)420-1119,,,,
9/1/2026,2021,20221369,41319,38999,"HEMCO GAS GATHERING, L.L.C.",3773 RICHMOND AVE SUITE 950,HOUSTON,TX,77046,Natural Gas,Brett A OWens,President of Manager,brett.owens@fourthfloorcoastal.com,(832)659-0983,,,,
9/1/2026,2021,20221160,41034,39002,"ARP BARNETT PIPELINE, LLC",6100 S YAVE AVE SUITE 900,TULSA,OK,74136,Natural Gas,Karen Franklin,Production Coordinator,kfranklin@sagenr.com,(918)900-6445,,,,
9/1/2026,2021,20220655,40509,39003,"DTM APPALACHIA GATHERING, LLC",500 WOODWARD AVE SUITE 2900,DETROIT,MI,48226,Natural Gas,Patrick Raichel,"Senior Supervisor, Codes & Compliance",patrick.raichel@dtmidstream.com,(716)327-6630,,,,
9/1/2026,2021,20220373,40215,39004,SEADRIFT COKE LP,982 KEYNOTE CIRCLE,BROOKLYN HEIGHTS,OH,44131,Natural Gas,Pat Daigle,HSEP Manager,patricia.daigle@seadriftcoke.com,(361)551-4593,,,,
9/1/2026,2021,20220586,40433,39010,"BLUE RACER MIDSTREAM, LLC",5949 SHERRY LANE SUITE 1700,DALLAS,TX,75225,Natural Gas,Daniel Garcia,Regulatory Compliance Manager,dgarcia@blueracermidstream.com,(412)980-2282,,,,
9/1/2026,2021,20221135,41006,39012,"SUMMIT MIDSTREAM PARTNERS, LLC",910 LOUISIANA ST. SUITE 4200,HOUSTON,TX,77002,Natural Gas,Jorge A. Smart,Regulatory Compliance Specialist,jorge.smart@summitmidstream.com,(832)930-7522,,,,
9/1/2026,2021,20221283,41163,39015,"LOUISIANA ENERGY CONSULTANTS, INC.",1129 GRIMMETT DR,SHREVEPORT,LA,71107,Natural Gas,John Skinner,Operations Manager,louisianaenergyconsultants@yahoo.com,(318)227-0181,,,,
9/1/2026,2021,20220710,40566,39022,"FINLEY RESOURCES, INC.",1308 LAKE STREET,FORT WORTH,TX,76102,Natural Gas,Floyd Belcher,Agent,floyd@papsoq.com,(281)379-1130,,,,
9/1/2026,2021,20220879,40739,39026,"BAGLEY PIPELINE, LLC",718 NOTRE DAME STREET,GROSSE POINTE,MI,48230,Natural Gas,Craig Miller,Agent,craig.miller@yahoo.com,(231)590-4053,,,,
9/1/2026,2021,20221381,41355,39027,NRG ENERGY SERVICES,100302 YATES WELL RD,NIPTON,CA,92364,Natural Gas,Schuyler Dickerson,Compliance Manager,schuyler.dickerson@everlineus.com,(832)386-5484,,,,
9/1/2026,2021,20220920,40783,39030,PARADOX MIDSTREAM LLC,500 DALLAS ST. SUITE 1650,HOUSTON,TX,77002,Natural Gas,Todd Westcott,Pipeline,toddwwestcott@gmail.com,(435)220-0021,,,,
9/1/2026,2021,20220342,40182,39031,MINARD RUN OIL CO.,609 SOUTH AVENUE PO BOX 18,BRADFORD,PA,16701,Natural Gas,Douglas Dixon,Operator,ddixon@minardrunoil.com,(814)362-3531,,,,
9/1/2026,2021,20220298,40187,39033,"NESSON GATHERING SYSTEM, LLC",22777 SPRINGWOODS VILLAGE PARKWAY,SPRING,TX,77389,Natural Gas,Jameson Gowin,DOT Compliance,jameson.gowin@exxonmobil.com,(817)201-9373,,,,
9/1/2026,2021,20221123,40993,39035,COGENT MIDSTREAM WESTEX LLC.,2000 MCKINNEY SUITE 400,DALLAS,TX,75201,Natural Gas,Jennifer Mcgalliard,Consultant,jenn.mcgalliard@flatrockenergy.net,(405)570-7089,,,,
9/1/2026,2021,20220820,40680,39056,"ACTIVA RESOURCES, LLC",403 E. COMMERCE SUITE 220,SAN ANTONIO,TX,78205,Natural Gas,Kristyn Christie,agent,kristyn.christie@everlineus.com,(936) 447-6100,,,,
9/1/2026,2021,20221257,41350,39060,"PANTHER PIPELINE, LLC","THIRD COAST MIDSTREAM, LLC PO BOX 1227",HOUSTON,TX,77251,Natural Gas,Nicklas Pavlovsky,Manager Pipeline Regulatory Compliance,npavlovsky@third-coast.com,(346)241-3368,brian Nielsen,"VP, Operations",bnielsen@third-coast.com,(346)241-3620
9/1/2026,2021,20220243,40081,39063,"CORN, LP",1303 HWY 3 EAST PO BOX 280,GOLDFIELD,IA,50542,Natural Gas,Andy Miller,Plant Manager,amiller@cornlp.com,(515)825-3933,,,,
9/1/2026,2021,20220978,40844,39065,HESS ND,3015 16TH ST. SW SUITE 20,MINOT,ND,58701,Natural Gas,Shane Larson,Sr. Regulatory Specialist,slarson@hess.com,(701)500-4472,,,,
9/1/2026,2021,20220944,40808,39066,"SUMMIT NATURAL GAS OF MAINE, INC.",10825 E. GEDDES AVENUE STE 410,CENTENNIAL,CO,80112,Natural Gas,Rachel Smith,Regulatory Specialist II,rasmith@summitutilities.com,(207)233-6041,Jason Weekley,Jason Weekley,jweekley@summitutilities.com,(720)981-2123
9/1/2026,2021,20220362,40204,39067,"FLINT HILLS RESOURCES ARTHUR, LLC",4111 E. 37TH STREET N,WICHITA,KS,67220,Natural Gas,Bill Stephens,Mgr Codes & Standrards,bill.stephens@blackhillscorp.com,(303)981-6474,,,,
9/1/2026,2021,20220109,39941,39068,"FIELDWOOD ENERGY, LLC",2000 W. SAM HOUSTON PKWY SOUTH 1200,HOUSTON,TX,77042,Natural Gas,Trisha Hackett,Operator,trisha.hackett@qnenergy.com,(337)354-8015,,,,
9/1/2026,2021,20220108,39940,39070,"PGP OPERATING, LLC",104 TOWN PARK DRIVE,KENNESAW,GA,30144,Natural Gas,Mark Rose,Facilities / EH&S Superintendent,mrose@pgpoperating.com,(205)554-3133,,,,
9/1/2026,2021,20221003,40869,39074,"ELK HILLS POWER, LLC","ELK HILLS POWER, LLC, C/O CALIFORNIA RESOURCES CORPORATION 27200 TOURNEY ROAD",SANTA CLARITA,CA,91355,Natural Gas,Shawn Rasmussen,Engineering Compliance & Data Governance Manager,Shawn.Rasmussen@crc.com,(661)763-6270,,,,
9/1/2026,2021,20221274,41153,39078,GATEWAY DELMAR LLC,1415 LOUISIANA STREET SUITE 4100,HOUSTON,TX,77002,Natural Gas,Erhonda Jackson,report filer,ejackson@gatewayenergy.com,(713)600-1045,,,,
9/1/2026,2021,20220764,40622,39081,"RIVERSIDE GENERATING COMPANY, LLC",25038 HWY 23,CATLETTSBURG,KY,41129,Natural Gas,JASON BRANGERS,USDI Senior VP,jason@usdi.us,(502)819-1338,,,,
9/1/2026,2021,20220193,40029,39082,TPL SOUTHTEX MIDSTREAM LLC,"811 LOUISIANA STREET, SUITE 2100",HOUSTON,TX,77002,Natural Gas,Bryan Robison,"Specialist, Pipeline Compliance",brobison@targaresources.com,(817)944-0617,,,,
9/1/2026,2021,20220755,40612,39086,FT. BEND POWER PRODUCERS,"ONE ENERGY PLAZA, 400 WCB",DETROIT,MI,48226,Natural Gas,JASON BRANGERS,USDI Senior VP,jason@usdi.us,(502)819-1338,,,,
9/1/2026,2021,20221147,41019,39087,"NFG MIDSTREAM CLERMONT, LLC",6363 MAIN STREET,WILLIAMSVILLE,NY,14221,Natural Gas,Rachael Sebesta,Senior Engineer I,SebestaR@natfuel.com,(814)871-8285,,,,
9/1/2026,2021,20220923,40786,39090,"NUTAAQ PIPELINE, LLC",188 WEST NORTHERN LIGHTS BLVD SUITE 510,ANCHORAGE,AK,99503,Natural Gas,Wendell Wassmann,Pipeline Compliance Engineer,wwassmann@glacieroil.com,(907)653-1331,,,,
9/1/2026,2021,20220922,40785,39091,"COOK INLET ENERGY, LLC",188 WEST NORTHERN LIGHTS BLVD SUITE 510,ANCHORAGE,AK,99503,Natural Gas,Wendell Wassmann,Pipeline Compliance Engineer,wwassmann@glacieroil.com,(907)659-1331,Dave Pascal,Chief Operating Officer,dpascal@glacieroil.com,(907)433-3822
9/1/2026,2021,20220890,40751,39093,MUSKEGON DEVELOPMENT COMPANY,1425 S. MISSION RD,MOUNT PLEASANT,MI,48858,Natural Gas,David Bell,Operator,dbell@muskegondevelopment.com,(989)772-4900,,,,
9/1/2026,2021,20220821,40681,39094,"ELYSIUM JENNINGS, LLC",3000 JAMES ROAD,BAKERSFIELD,CA,93308,Natural Gas,Kristyn Christie,agent,Kristyn.christie@everlineus.com,(936) 447-6100,,,,
9/1/2026,2021,20220189,40025,39097,SOWEGA POWER LLC & BACONTON POWER LLC,2237 HATCHER HILL ROAD,BACONTON,GA,31716,Natural Gas,Brian Alligood,Plant Manager,brian.alligood@picworld.com,(229)787-2097,,,,
9/1/2026,2021,20220799,46829,39099,CALIBER NORTH DAKOTA LLC,1805 SHEA CENTER DRIVE,HIGHLANDS RANCH,CO,80129,Natural Gas,Jonathan daugereau,QHSER Manager,jdaugereau@calibermidstream.com,(337)789-7717,,,,
9/1/2026,2021,20220975,40840,39105,VALERO PARTNERS OPERATING CO. LLC,ONE VALERO WAY,SAN ANTONIO,TX,78249,Natural Gas,Jerico Perez,Sr. Pipeline Safety Engineer,jerico.perez@valero.com,(210)345-2563,,,,
9/1/2026,2021,20220657,40511,39109,"SUSQUEHANNA GATHERING COMPANY I, LLC",500 WOODWARD AVE. SUITE 2900,DETROIT,MI,48226,Natural Gas,Patrick Raichel,"Senior Supervisor, Codes & Compliance",patrick.raichel@dtmidstream.com,(716)327-6630,,,,
9/1/2026,2021,20220885,40745,39110,"COMINS PIPELINE, LLC",3308 N. ABBE ROAD,COMINS,MI,48619,Natural Gas,Craig Miller,Consultant,craig.miller@yahoo.com,(231)590-4053,,,,
9/1/2026,2021,20220824,46749,39112,"ENLINK MIDSTREAM SERVICES, LLC",100 WEST 5TH ST.,TULSA,OK,74103,Natural Gas,Hagan Henley,Sr Regulatory Compliance Specialist,hagan.henley@oneok.com,(940)389-4279,Sypy Thomas,Senior VP of Engineering & Operations,sypy.thomas@oneok.com,(214)953-9500
9/1/2026,2021,20221339,41243,39113,CITY OF GREENSBORO,300 WEST WASHINGTON STREET,GREENSBORO,NC,27401,Landfill Gas,Albert Glenn,Project Director,aglenn@scsengineers.com,(704)787-3074,Albert Glenn,Project Director,aglenn@scsengineers.com,(704)787-3074
9/1/2026,2021,20220640,40489,39117,"TX PIPELINE WEBB CO LEAN SYS, LLC",16211 LA CANTERA PARKWAY SUITE 202,SAN ANTONIO,TX,78256,Natural Gas,Jon Hoffman,Regulatory Manager,jhoffman@howardep.com,(210)298-2229,,,,
9/1/2026,2021,20220641,40490,39120,"TX PIPELINE WEBB CO RICH SYS, LLC",16211 LA CANTERA PARKWAY SUITE 202,SAN ANTONIO,TX,78256,Natural Gas,Jon Hoffman,Regulatory Manager,jhoffman@howardep.com,(210)298-2229,,,,
9/1/2026,2021,20220446,40292,39122,UTICA EAST OHIO MIDSTREAM LLC,ONE WILLIAMS CENTER 43-4,TULSA,OK,74172,Natural Gas,Clint Ratke,"Manager, Pipeline Safety",Clint.Ratke@williams.com,(405)626-1785,,,,
9/1/2026,2021,20221304,41190,39123,CINNABAR ENERGY LTD.,P.O. BOX 122989,FORT WORTH,TX,76121,Natural Gas,Jeff Cook,Manager,jcook@cinnabarenergy.com,(817)870-1940,,,,
9/1/2026,2021,20220507,40353,39126,"GENERAL GAS PIPELINE, LLC",1555 KY ROUTE 80,PRESTONSBURG,KY,41653,Natural Gas,Randall Tincher,Compliance Manager,rtincher@kinzerdrilling.com,(606)874-8041,Curtis Bostic,Curtis Bostic,cbostic@kinzerdrilling.com,(606)874-8041
9/1/2026,2021,20220618,40467,39133,DOMTAR PAPER COMPANY,100 CLINCHFIELD STREET,KINGSPORT,TN,37660,Natural Gas,Peyton Clifton,Mechanical Engineer,Peyton.Clifton@domtar.com,(423)392-2776,,,,
9/1/2026,2021,20220022,39844,39134,"ZEELAND FARM SERVICES, INC.",2525 84TH AVENUE,ZEELAND,MI,49464,Landfill Gas,Michael Wendling,operator,mwendling@usdi.us,(618)392-5502,Eric Meeuwsen,General Manager,ericm@zfsinc.com,(616)748-1827
9/1/2026,2021,20220687,40542,39138,"BOARDWALK LOUISIANA MIDSTREAM, LLC",9 GREENWAY PLAZA,HOUSTON,TX,77046,Other Gas-Ethylene,Ashley Kuehn,GIS Analyst Sr.,ashley.kuehn@bwpmlp.com,(281)450-3192,Jeff Sanderson,Sr VP Operations,Jeff.Sanderson@bwpipelines.com,(713)479-1063
9/1/2026,2021,20220386,40228,39142,ENERFIN FIELD SERVICES LLC,1001 SOUTH DAIRY ASHFORD ROAD SUITE 220,HOUSTON,TX,77077,Natural Gas,"Mark A. Hanson, P.E.","Manager-Environmental, Safety & Regulatory Compliance",mhanson@enerfin.com,(918)493-5000,David C. Cremer,Managing Director,dcremer@enerfin.com,(713)888-8600
9/1/2026,2021,20220501,40347,39147,"ENABLE GAS GATHERING, LLC",499 W. SHERIDAN  STE 1500,OKLAHOMA CITY,OK,73102,Natural Gas,susie Sjulin,Director - Regulatory Compliance,susie.sjulin@energytransfer.com,(405)557-5271,,,,
9/1/2026,2021,20220015,39837,39148,ARGOS CEMENT LLC,3015 WINDWARD PLAZA,ALPHARETTA,GA,30005,Natural Gas,Tommy King,Partner,tking@diamondkcorp.com,(903)557-1923,,,,
9/1/2026,2021,20221331,41232,39155,"FORESTA GATHERING, LLC",2121 ZION HILL ROAD,WEATHERFORD,TX,76088,Natural Gas,Allison Willis,Operations Manager,allison@oxxnenergy.com,(817)594-9977,,,,
9/1/2026,2021,20221088,40957,39162,ANTERO MIDSTREAM CORPORATION,1615 WYNKOOP ST,DENVER,CO,80202,Natural Gas,Jennifer Lipscomb,Midstream Business Coordinator,jlipscomb@anteroresources.com,(304)842-4954,,,,
9/1/2026,2021,20220627,40476,39167,"SABAL TRAIL TRANSMISSION, LLC (SPECTRA ENERGY PARTNERS, LP)",5400 WESTHEIMER COURT,HOUSTON,TX,77056,Natural Gas,Ashley White,Operational Compliance Advisor,ashley.white@enbridge.com,(713)627-6398,Thomas Wooden,VP GTM Engineering & Asset Mgmt,thomas.wooden@enbridge.com,(713)627-5300
9/1/2026,2021,20221232,41109,39168,UNITED NATURAL GAS-NW GAS CONTRACTED,"314 MAIN ST NE, PO BOX 721",MAPLETON,MN,56065,Natural Gas,CHERI LANDSTEINER,operator,CHERI@NWNGAS.COM,(507) 524-4103,,,,
9/1/2026,2021,20220092,39922,39169,"GIBBS DIE CASTING, INC",369 COMMUNITY DR.,HENDERSON,KY,42420,Natural Gas,Michael Weiler,Agent,mweiler@usdi.us,(618)320-0845,,,,
9/1/2026,2021,20220241,40078,39172,COPANO FIELD SERVICES/SOUTH TEXAS LLC,"1001 LOUISIANA ST, SUITE 1000",HOUSTON,TX,77002,Natural Gas,Daniel Grant,Pipeline Engineer,Daniel_grant@kindermorgan.com,(713)420-4409,,,,
9/1/2026,2021,20220533,40379,39178,DUKE ENERGY- INDIANA NOBLESVILLE STATION,21225 RIVERWOOD AVENUE,NOBLESVILLE,IN,46062,Natural Gas,Christopher Ransome,Gas Regulatory Compliance Analyst,christopher.ransome@duke-energy.com,(704)731-4680,Brian R. Weisker,Senior VP and Chief Operating Officer,Brian.Weisker@duke-energy.com,(704)731-4314
9/1/2026,2021,20220520,40366,39179,"AMPLIFY ENERGY OPERATING, LLC","500 DALLAS, SUITE 1700",HOUSTON,TX,77002,Natural Gas,Brent Chalmers,EHS Director,brent.chalmers@amplifyenergy.com,(832)374-7205,,,,
9/1/2026,2021,20220180,40014,39180,INVENERGY NELSON LLC,1311 NELSON RD,ROCK FALLS,IL,61071,Natural Gas,Michael Weiler,Engineer,mweiler@usdi.us,(618)320-0845,,,,
9/1/2026,2021,20220730,40587,39183,"MEDALLION OPERATING COMPANY, LLC",909 LAKE CAROLYN PKWY SUITE 1600,IRVING,TX,75039,Natural Gas,Toby Burgin,EHS-Regulatory Director,tburgin@medallionmidstream.com,(469)262-6060,,,,
9/1/2026,2021,20220822,40682,39185,"NGG GAS GATHERING COMPANY, LLC",110 NORTH MARIENFELD SUITE 200,MIDLAND,TX,79701,Natural Gas,Kristyn Christie,agent,kristyn@thecompgroup.com,(936) 447-6100,,,,
9/1/2026,2021,20220138,40091,39189,"NORTHSTAR OFFSHORE VENTURES, LLC",777 NORTH ELDRIDGE PARKWAY  300,HOUSTON,TX,77079,Natural Gas,Kristyn Christie,agent,kristyn@thecompgroup.com,(936) 447-6100,,,,
9/1/2026,2021,20220684,40539,39192,"NEXUS GAS TRANSMISSION, LLC (SPECTRA ENERGY PARTNERS, LP)",5400 WESTHEIMER COURT,HOUSTON,TX,77056,Natural Gas,Ashley White,Operational Compliance Advisor,ashley.white@enbridge.com,(713)627-6398,Thomas Wooden,VP GTM Engineering & Asset Mgmt,Thomas.Wooden@enbridge.com,(713)627-5300
9/1/2026,2021,20220571,40418,39193,"ROVER PIPELINE, LLC",1300 MAIN STREET,HOUSTON,TX,77002,Natural Gas,Todd Nardozzi,Director - Regulatory Compliance,todd.nardozzi@energytransfer.com,(713)989-7126,Jennifer Street,Group SVP - Operations Services,jennifer.street@energytransfer.com,(214)981-0700
9/1/2026,2021,20220505,40351,39194,SIERRITA GAS PIPELINE LLC,"1001 LOUISIANA ST, SUITE 1000",HOUSTON,TX,77002,Natural Gas,Balark Chethan,Engineer-Pipeline,Balark_Chethan@kindermorgan.com,(713)420-5629,,,,
9/1/2026,2021,20221052,40920,39201,"CHANDELEUR PIPE LINE, LLC","THIRD COAST MIDSTREAM, LLC PO BOX 1227",HOUSTON,TX,77251,Natural Gas,Kristyn Christie,agent,kristyn@thecompgroup.com,(936) 447-6100,,,,
9/1/2026,2021,20220039,39862,39207,RIVERSIDE PETROLEUM INDIANA,2829 TECHNOLOGY FOREST BOULEVARD SUITE 450,THE WOODLANDS,TX,77381,Natural Gas,Michael Wendling,operator,mwendling@usdi.us,(618)392-5502,,,,
9/1/2026,2021,20220603,40452,39210,"BOARDWALK STORAGE COMPANY, LLC",9 GREENWAY PLAZA SUITE 2800,HOUSTON,TX,77046,Natural Gas,Ashley Kuehn,GIS Analyst Sr.,ashley.kuehn@bwpmlp.com,(281)450-3192,,,,
9/1/2026,2021,20220835,40695,39211,"RICHLAND STRYKER GENERATION, LLC",801 CARPENTER ROAD,DEFIANCE,OH,43512,Natural Gas,Brad Rode,agent,brode@uti-corp.com,(614) 482-8080,John Nicoll,John Nicoll,John.Nicoll@vistracorp.com,(419)386-0297
9/1/2026,2021,20221237,41115,39216,TALLGRASS MIDSTREAM LLC,370 VAN GORDON ST.,LAKEWOOD,CO,80228,Natural Gas,Jennifer Eckels,Compliance Manager,jennifer.eckels@tallgrass.com,(303)763-3486,,,,
9/1/2026,2021,20220308,40147,39218,LEATHERSTOCKING GAS COMPANY,330 W. WILLIAM STREET,CORNING,NY,14830,Natural Gas,Matt Cook,VP Operations,mcook@leatherstockinggas.com,(607)936-3755,,,,
9/1/2026,2021,20220753,40610,39223,"NET MEXICO PIPELINE PARTNERS, LLC",601 TRAVIS STREET SUITE 1900,HOUSTON,TX,77002,Natural Gas,David Busby,Sr. PGD Operations Specialist,david.busby@nexteraenergy.com,(713)951-5318,Danny Schedule,Sr Dir Midstream Ops & Construction,Danny.Schedule@nexteraenergy.com,(713)374-1583
9/1/2026,2021,20220279,40118,39228,ANDEAVOR FIELD SERVICES LLC,1515 ARAPAHOE STREET SUITE 1600,DENVER,CO,80202,Natural Gas,Victoria Randall,Pipeline Compliance Specialist,VMRandall@MPLX.com,(435)219-1288,,,,
9/1/2026,2021,20220165,39999,39230,"BUFFCO PRODUCTION, INC.",P.O. BOX 2243,LONGVIEW,TX,75606,Natural Gas,Brenda Reed,Regulatory Manager,breed@buffcoproduction.com,(903)738-4705,,,,
9/1/2026,2021,20221054,41289,39231,INTENSITY MIDSTREAM LLC,301 NW 63RD STREET 200,OKLAHOMA CITY,OK,73116,Natural Gas,Kristyn Christie,agent,kristyn.christie@everlineus.com,(936) 447-6100,,,,
9/1/2026,2021,20221209,41085,39232,MATADOR PRODUCTION COMPANY,5400 LBJ FREEWAY SUITE 1500,DALLAS,TX,75240,Natural Gas,Chad Long,Agent,long@sphere3env.com,(903)297-4673,,,,
9/1/2026,2021,20221298,41182,39234,"UNITED GAS PIPELINE COMPANY, LLC",929 CHARLESTON ROAD,SPENCER,WV,25276,Natural Gas,Doug Douglass,Counsel,ddouglass@csiofwv.com,(304)927-5228,,,,
9/1/2026,2021,20221297,41181,39235,"AJAX PIPE LINE COMPANY, LLC",929 CHARLESTON ROAD,Spencer,WV,25276,Natural Gas,Doug Douglass,Counsel,ddouglass@csiofwv.com,(304)927-5228,,,,
9/1/2026,2021,20220299,40138,39246,"VISTA ENERGY, INC.",61 MCMURRAY ROAD SUITE 300,PITTSBURGH,PA,15241,Natural Gas,Judith Messerly,agent for Vista,jamesserly@roachassoc.com,(412) 344-9310,,,,
9/1/2026,2021,20220402,40246,39248,"DIVIDE CREEK GATHERING SYSTEM, LLC",100 WAUGH SUITE 400,HOUSTON,TX,77007,Natural Gas,Eric Sanford,Operations and Land Manager,esanford@sginterests.com,(970)385-0696,,,,
9/1/2026,2021,20220309,40148,39249,"BRD ONE, LLC",5062 S. 108TH ST. #113,OMAHA,NE,68137,Landfill Gas,Andrew Smith,,asmith@usdi.us,(316)305-6464,,,,
9/1/2026,2021,20220150,39983,39250,AIX ENERGY LLC,"2441 HIGH TIMBER DRIVE, SUITE 120",THE WOODLANDS,TX,77380,Natural Gas,Ray Schemanski,Project Manager,rschemanski@brantaep.com,(907)394-1342,Ronnie Nutt,Chief Operating Officer,rnutt@brantaep.com,(281)863-9935
9/1/2026,2021,20220852,40712,39251,"FOUNDATION ENERGY MANAGEMENT, LLC",5057 KELLER SPRINGS ROAD SUITE 650,ADDISON,TX,75001,Natural Gas,Kristyn Christie,agent,kristyn.christie@everlineus.com,(936) 447-6100,,,,
9/1/2026,2021,20220004,41314,39252,"FASKEN OIL AND RANCH, LTD.",6101 HOLIDAY HILL RD,MIDLAND,TX,79707,Natural Gas,s. Lucas Prizer,Process Engineer,lucasp@forl.com,(432)687-1777,,,,
9/1/2026,2021,20220091,39921,39253,"CONSOLIDATED ASSET MANAGEMENT SERVICES (TX), LLC",910 LOUISIANA SUITE 2400,HOUSTON,TX,77002,Natural Gas,Colin Harper,Sr. Vice President,charper@camstex.com,(713)358-9787,w Colin Harper,Sr Vice President - Midstream,charper@camstex.com,(713)358-9787
9/1/2026,2021,20220064,39889,39255,"ARSENAL MIDSTREAM, LLC",633 WEST MAIN STREET,BRIDGEPORT,WV,26330,Natural Gas,Eric Morris,Land Operations Manager,emorris@arsenalresources.com,(304)549-7080,,,,
9/1/2026,2021,20221137,41008,39256,DIVERSIFIED PRODUCTION,1600 CORPORATE DRIVE,BIRMINGHAM,AL,35242,Natural Gas,Billy Culbertson,Compliance Supervisor,bculbertson@dgoc.com,(606)206-0002,,,,
9/1/2026,2021,20220222,40058,39263,HAYNESVILLE GATHERING LP,12377 MERIT DRIVE SUITE 1200,DALLAS,TX,75251,Natural Gas,Jason Moxley,HSE & SR Manager,jmoxley@aethonenergy.com,(214)890-3654,,,,
9/1/2026,2021,20221263,41142,39266,URBAN OIL & GAS GROUP,1000 EAST 14TH 3RD FLOOR,PLANO,TX,75074,Natural Gas,Kristyn Christie,agent,kristyn.christie@everlineus.com,(936) 447-6100,Glenn Markgraf,Vice President of Operations,GMarkgraf@urbanoilandgas.com,(972)543-8890
9/1/2026,2021,20220715,40571,39267,"EAGLERIDGE OPERATING, LLC",3300 OAK LAWN AVENUE SUITE 500,DALLAS,TX,75219,Natural Gas,Floyd Belcher,Agent,floyd@papsoq.com,(281) 379-1130,,,,
9/1/2026,2021,20220864,40724,39269,"WHITE OAK OPERATING COMPANY, LLC",16945 NORTHCHASE SUITE 1700,HOUSTON,TX,77060,Natural Gas,Kristyn Christie,agent,kristyn.christie@everlineus.com,(936) 447-6100,,,,
9/1/2026,2021,20221254,41132,39270,"COMMERCE MIDSTREAM, LLC",5910 N. CENTRAL EXPRESSWAY  1300,DALLAS,TX,75206,Natural Gas,Kristyn Christie,agent,kristyn.christie@everlineus.com,(936) 447-6100,Dennis Moser,Managing Director and Principal,dmoser@temcorp.net,(214)696-4999
9/1/2026,2021,20220073,39965,39271,EAGLECLAW MIDSTREAM VENTURES,500 WEST ILLINOIS AVENUE SUITE 700,MIDLAND,TX,79701,Natural Gas,Kevin Ritch,Pipeline Safety Compliance Specialist,Kritch@eagleclawmidstream.com,(432)242-8350,,,,
9/1/2026,2021,20220364,40206,39275,"WACKER POLYSILICON NORTH AMERICA, LLC",553 WACKER BLVD. PO BOX 446,CHARLESTON,TN,37310,Other Gas-Chlorine,Jeremy Copeland,Environmental Manager,jeremy.copeland@wacker.com,(423)780-7953,,,,
9/1/2026,2021,20220626,40475,39276,OLIN CORPORATION,"190 CARONDELET PLAZA, SUITE 1530",CLAYTON,MO,63105,Other Gas-Chlorine,Grea Smith,Production Engineer,gdsmith@olin.com,(423)336-4583,Karin Cook,Plant Manager,kscook@olin.com,(423)336-4100
9/1/2026,2021,20220865,40725,39282,CRISP COUNTY POWER COMMISSION,202 SOUTH 7TH STREET,CORDELE,GA,31010,Natural Gas,Chris Welborn,Agent,cwelborn@gasauthority.com,(678)739-6731,,,,
9/1/2026,2021,20220591,40439,39293,DDS RENTALS LLC,200 S. MAIN ST,LENOX,IA,50851,Natural Gas,Lynn Christensen,Operator,lenoxshop@lenoxia.com,(641)333-2228,,,,
9/1/2026,2021,20221247,41125,39303,"BASA RESOURCES, INC.",14875 LANDMARK BLVD. SUITE 400,DALLAS,TX,75254,Natural Gas,Jeff Davidson,Sr. Consultant,jeff.davidson@pplcompliance.com,(903)472-9310,,,,
9/1/2026,2021,20221276,41155,39304,"CAPITAL STAR OIL & GAS, INC.",4400 POST OAK PKWY,HOUSTON,TX,77027,Natural Gas,Ryan Ignasiak,Permitting,rignasiak@csoginc.com,(713)554-4620,,,,
9/1/2026,2021,20221327,41227,39306,"HILLTOP RESORT GS, LLC","5613 DTC PARKWAY, SUITE 310",GREENWOOD VILLAGE,CO,80111,Natural Gas,Glen Hicks,Manager of Engineering,ghicks@mngllc.com,(832)280-5072,,,,
9/1/2026,2021,20221139,41010,39312,"FREEDOM PIPELINE, LLC",6334 MAPLE AVE SUITE 500,DALLAS,TX,75235,Natural Gas,Cynthia Chrestman,Operator,cynthia@stonestreet-group.com,(501)951-8314,,,,
9/1/2026,2021,20220283,40122,39313,"MAVERICK TERMINAL THREE RIVERS, LLC",16211 LA CANTERA PARKWAY SUITE 202,SAN ANTONIO,TX,78256,Natural Gas,Jon Hoffman,Regulatory Manager,jhoffman@howardep.com,(210)298-2229,,,,
9/1/2026,2021,20220328,40168,39316,"RENAISSANCE OFFSHORE, LLC","820 GESSNER, SUITE 760",HOUSTON,TX,77024,Natural Gas,Janet Cole,Director of Regulatory Affairs,jcole@renaissanceoffshore.com,(832)333-7766,,,,
9/1/2026,2021,20220662,40516,39317,SCOUT ENERGY MANAGEMENT LLC,13800 MONTFORT DRIVE SUITE 100,DALLAS,TX,75240,Natural Gas,Aaron Hickert,SR EHS Coordinator,ahickert@scoutep.com,(620)353-4960,,,,
9/1/2026,2021,20220604,40453,39320,CHISOS PIPELINE COMPANY LLC,1331 LAMAR STREET,HOUSTON,TX,77010,Natural Gas,Jeff Davidson,Agent,jeff.davidson@pplcompliance.com,(903)472-9310,Marc Neatherlin,Operations Manager,mneatherlin@chisoslit.com,(432)557-9430
9/1/2026,2021,20221359,41275,39322,"COMPASS NATURAL GAS PARTNERS, LP",635 LUCKNOW RD SUITE H,HARRISBURG,PA,17110,Natural Gas,Craig Konkle,Safety Manager,ckonkle@compassngp.com,(570)337-3581,,,,
9/1/2026,2021,20220197,41330,39323,ELLWOOD REALTY ACQUISITION COMPANY (ERAC),600 COMMERCIAL AVENUE,ELLWOOD CITY,PA,16117,Natural Gas,Andrea Shacklett,Dir. Regulatory Compliance,ashacklett@douglaspipeline.com,(412)531-2240,Gerald Johnson,Dir. of Purchasing,gjohnson@elwd.com,814-563-8728
9/1/2026,2021,20220284,40123,39324,"HEP PENNSYLVANIA GATHERING, LLC","16211 LA CANTERA PARKWAY, SUITE 202",SAN ANTONIO,TX,78256,Natural Gas,Jon Hoffman,Regulatory Manager,jhoffman@howardep.com,(210)298-2229,,,,
9/1/2026,2021,20221357,41272,39325,"TALOS ENERGY, LLC",500 DALLAS STREET  2000,HOUSTON,TX,77002,Natural Gas,Kristyn Christie,agent,kristyn@thecompgroup.com,(936) 447-6100,,,,
9/1/2026,2021,20220375,40217,39337,"TRIBUNE RESOURCES, LLC",3861 AMBASSADOR CAFFERY PARKWAY,LAFAYETTE,LA,70503,Natural Gas,David Oliver,Facilities/Pipeline Engineer,david.oliver@tribuneresources.com,(304)481-9005,,,,
9/1/2026,2021,20220475,40321,39338,TESORO ALASKA COMPANY LLC,539 SOUTH MAIN STREET 458,FINDLAY,OH,45840,Natural Gas,Kaitlin McCormick,HES Professional,kamccormick@marathonpetroleum.com,(303)606-3405,,,,
9/1/2026,2021,20220008,39830,39343,SMELTER SERVICE CORP,400 ARROW MINES ROAD,MT PLEASANT,TN,38474,Natural Gas,David Springer,Maintenance Leader OQ,dspringer@smelterservice.com,(931)374-0646,Tom Grosko,COO President,tgrosko@smelterservice.com,(931)379-7765
9/1/2026,2021,20220254,40093,39345,COBRA OIL & GAS CORP.,PO BOX 8206 2201 KELL BLVD,WICHITA FALLS,TX,76307,Natural Gas,Jim Clark,Facility Compliance Coordinator,jim@cobraogc.com,(989)329-5201,,,,
9/1/2026,2021,20220324,40164,39352,"GENESIS OFFSHORE HOLDINGS, LLC",919 MILAM STREET SUITE 2100,HOUSTON,TX,77002,Natural Gas,Tory Jordan,GIS Specialist,tory.jordan@genlp.com,(713)860-2500,,,,
9/1/2026,2021,20220441,40287,39354,ENBRIDGE OFFSHORE FACILITIES,5400 WESTHEIMER COURT,HOUSTON,TX,77056,Natural Gas,Ashley White,Operational Compliance Advisor,ashley.white@enbridge.com,(713)627-6398,,,,
9/1/2026,2021,20220157,39990,39356,AETHON ENERGY OPERATING LLC,12377 MERIT DRIVE SUITE 1200,DALLAS,TX,75251,Natural Gas,Jason Moxley,HSE & SR Manager,regulatory@aethonenergy.com,(214)890-3654,,,,
9/1/2026,2021,20220544,40390,39357,"WEST THOMAS FIELD SERVICES, LLC",7404 SOUTH YALE,TULSA,OK,74136,Natural Gas,Jeff Canady,Consultant,prcincorporated@aol.com,(405) 203-2484,,,,
9/1/2026,2021,20221281,41161,39361,"UNIVERSITY OF ARKANSAS, FAYETTEVILLE",1 UNIVERSITY OF ARKANSAS,FAYETTEVILLE,AR,72701,Natural Gas,Lawrence Scott Turley,"Director, Central Utility Operations (acting)",lturley@uark.edu,(479)575-6181,Lawrence Scott Turley,Associate Vice Chancellor for Facilities,lturley@uark.edu,(479)575-6181
9/1/2026,2021,20220855,40715,39368,CRESTWOOD MIDSTREAM PARTNERS LP,811 MAIN STREET SUITE 3400,HOUSTON,TX,77002,Natural Gas,Dalton Jaus,"Supervisor, Construction",dalton.jaus@crestwoodlp.com,(713)380-3241,,,,
9/1/2026,2021,20220538,40384,39370,"NORTHWEST GAS PROCESSING, LLC",117 E. CALHOUN ST. BOX 500,MAGNOLIA,AR,71753,Natural Gas,Hope Shelton,Consultant,hope@sheltonregconsulting.com,(318)453-4538,,,,
9/1/2026,2021,20220767,40625,39372,"BLACK HILLS SHOSHONE PIPELINE, LLC",2287 COLLEGE ROAD PO BOX 2006,COUNCIL BLUFFS,IA,51502,Natural Gas,Bill Stephens,Mgr Codes & Standards,bill.stephens@blackhillscorp.com,(303)981-6474,,,,
9/1/2026,2021,20220694,46779,39375,WOODWAY TEXAS PIPELINE LLC,6363 WOODWAY SUITE 415,HOUSTON,TX,77057,Natural Gas,Ed Hlopak,Vice President - Operations,ehlopak@woodwayenergy.com,(832)251-8755,Ed Hlopak,Vice President - Operations,ehlopak@woodwayenergy.com,(832)251-8755
9/1/2026,2021,20220670,40524,39376,"BLUE CUBE OPERATIONS, LLC.",604 HWY 332 BLDG OC-1120,LAKE JACKSON,TX,77566,Other Gas-Chlorine,Randal Anderson,Operator,randerson@olin.com,(979)269-6402,Terry Fassnidge,Pipeline Services Leader,tfassnidge@olin.com,(979)269-6418
9/1/2026,2021,20220671,40525,39376,"BLUE CUBE OPERATIONS, LLC.",604 HWY 332 BLDG OC-1120,LAKE JACKSON,TX,77566,Other Gas-AHCL Anhydrous Hydrogen Chloride,Randal Anderson,Operator,randerson@olin.com,(979)269-6402,Terry Fassnidge,Pipeline Services Leader,tfassnidge@olin.com,(979)269-6418
9/1/2026,2021,20221109,40978,39376,"BLUE CUBE OPERATIONS, LLC.",604 HWY 332 BLDG OC-1120,LAKE JACKSON,TX,77566,Hydrogen Gas,Randal Anderson,Operator,randerson@olin.com,(979)269-6402,Terry Fassnidge,Leader Pipeline MTC,Tfassnidge@olin.com,(979)269-6418
9/1/2026,2021,20220045,39869,39383,INDECK ENERGY SERVICES OF SILVER SPRINGS,1 INDECK DRIVE,SILVER SPRINGS,NY,14550,Natural Gas,Don Hittner,Plant Manager,dhittner@indeckenergy.com,(585)493-2700,,,,
9/1/2026,2021,20221242,41120,39394,UTILITY SAFETY AND DESIGN INC,1927 MILLER DRIVE,OLNEY,IL,62450,Natural Gas,JASON BRANGERS,"Senior VP, USDI",jason@usdi.us,(502)819-1338,Jason Brangers,"Senior VP, USDI",jason@usdi.us,(502)819-1338
9/1/2026,2021,20220249,40087,39396,MINNESOTA POWER LASKIN ENERGY CENTER,5699 COLBY LAKE ROAD,HOYT LAKES,MN,55750,Natural Gas,Kim Wagner,agent,kim@nwgas.com,(218) 326-3495,,,,
9/1/2026,2021,20220828,40688,39398,INEOS USA LLC,"2600 SOUTH SHORE BLVD,  SUITE 500",LEAGUE CITY,TX,77573,Hydrogen Gas,Jessalyn Erwin,Document Coordinator,jessalyn.erwin@ineos.com,(281)581-3885,,,,
9/1/2026,2021,20220830,46782,39398,INEOS USA LLC,"2600 SOUTH SHORE BLVD,",LEAGUE CITY,TX,77573,Natural Gas,Jessalyn Erwin,Document Coordinator,jessalyn.erwin@ineos.com,(281)581-3885,Kevin Koerner,Pipeline system Manager,kevin.koerner@ineos.com,(281)581-3392
9/1/2026,2021,20220553,40399,39399,STONEHENGE APPALACHIA LLC,11400 WESTMOOR CIRCLE SUITE 200A,WESTMINSTER,CO,80021,Natural Gas,Joy Reeve,Compliance Assistant,jreeve@stonehengeenergy.com,(303)396-3317,,,,
9/1/2026,2021,20220713,40569,39406,MISSISSIPPI NATURAL INC.,1132 COLLIERVILLE ARLINGTON RD.,COLLIERVILLE,TN,38017,Natural Gas,Trent Johnson,Manager,trent.johnson13@yahoo.com,(662)578-1600,Bob Conrad,Owner,bconrad@midsouthec.com,(901)484-1185
9/1/2026,2021,20220867,40727,39413,"XTR MIDSTREAM, LLC",370 17TH STREET,DENVER,CO,80202,Natural Gas,Kristyn Christie,agent,kristyn.christie@everlineus.com,(936) 447-6100,,,,
9/1/2026,2021,20220244,40082,39417,"AZURE SHELBY ASSETS, LLC",8451 HWY 175,GRAND CANE,LA,71032,Natural Gas,Scott Carter,Regulatory Affairs Manager,scarter@azuremidstream.com,(281)954-1578,,,,
9/1/2026,2021,20220732,40589,39419,"CANYON TRANSMISSION, LLC.",301 COMMERCE STREET SUITE 3635,FORT WORTH,TX,76102,Natural Gas,Seleta Davis,Consultant,Seleta@whiterockcs.com,(903)704-0712,,,,
9/1/2026,2021,20220936,40825,39420,"FLORIDA SOUTHEAST CONNECTION, LLC",601 TRAVIS STREET SUITE 1900,HOUSTON,TX,77002,Natural Gas,David Busby,Sr. PGD Operations Specialist,david.busby@nexteraenergy.com,(713)951-5318,Danny Schedule,Sr Director Midstream Ops & Construction,Danny.Schedule@nexteraenergy.com,(713)374-1583
9/1/2026,2021,20220469,40315,39429,CHENIERE CORPUS CHRISTI PIPELINE,700 MILAM STREET SUITE 1900,HOUSTON,TX,77002,Natural Gas,Paul Falgout,"Manager, Pipeline Regulatory Compliance",paul.falgout@cheniere.com,(713)375-5855,Aaron Stephenson,"Senior Vice President, Operations",aaron.stephenson@cheniere.com,(713)375-5074
9/1/2026,2021,20220286,40125,39435,"IMPULSORA PIPELINE, LLC","16211 LA CANTERA PARKWAY, SUITE 202",SAN ANTONIO,TX,78256,Natural Gas,Jon Hoffman,Regulatory Manager,jhoffman@howardep.com,(210)298-2229,,,,
9/1/2026,2021,20220723,40579,39437,"RED GATE PIPELINE, LP",601 TRAVIS STREET SUITE 1900,HOUSTON,TX,77002,Natural Gas,David Busby,Sr. PGD Operations Specialist,david.busby@nexteraenergy.com,(713)951-5318,,,,
9/1/2026,2021,20220736,40593,39439,"VALLEY LFG, LLC","680 ANDERSEN DRIVE FOSTER PLAZA 10, 5TH FLOOR",PITTSBURGH,PA,15220,Other Gas-Processed Landfill Gas,Anna Rosswog,Environmental Specialist,arosswog@montaukrenewables.com,(724)816-4898,,,,
9/1/2026,2021,20220312,40151,39442,JAMES LAKE MIDSTREAM,24 WATERWAY AVENUE SUITE 1460,THE WOODLANDS,TX,77380,Natural Gas,Ismael Navarrette,HSE Manager,inavarrette@woodlandmidstream.com,(214)662-5589,,,,
9/1/2026,2021,20220800,40660,39443,"NAVITAS MDSTR MIDLAND BASIN, LLC",9303 NEW TRAILS DR #400,THE WOODLANDS,TX,77381,Natural Gas,David Copeland,Sr. Regulatory Advisor,dcopeland@navitas-midstream.com,(832)246-6388,,,,
9/1/2026,2021,20220667,40521,39447,GENESIS ALKALI LLC,288 JOHN MARX STREET,LABARGE,WY,83123,Natural Gas,Dallin Lancaster,Energy Manager,dallin.lancaster@genlp.com,(307)872-2131,,,,
9/1/2026,2021,20220031,39854,39451,WEYERHAEUSER,13663 WEYERHAEUSER WAY S,FEDERAL WAY,WA,98003,Natural Gas,Homer Chandler,Agent,grigg.chandler@ppsllc.co,(318)278-5144,,,,
9/1/2026,2021,20220574,40421,39453,"STABILIS LNG PORT ALLEN, LLC",10375 RICHMOND AVENUE SUITE 700,HOUSTON,TX,77042,Natural Gas,Koby Knight,SVP of Solutions Group,koby.knight@stabilis-solutions.com,(817)789-3913,,,,
9/1/2026,2021,20220201,40037,39458,BRUNNER ISLAND LLC,1400 WAGO ROAD PO BOX 221,YORK HAVEN,PA,17370,Natural Gas,Andrea Shacklett,Compliance Mgr.,ashacklett@douglaspipeline.com,(412)531-2440,,,,
9/1/2026,2021,20220868,40728,39461,EL DORADO CHEMICAL,4500 NORTH WEST AVENUE,EL DORADO,AR,71730,Natural Gas,Kristyn Christie,Agent,kristyn.christie@everlineus.com,(936)447-6100,,,,
9/1/2026,2021,20220343,40183,39463,"EDINBURG RENEWABLES, LLC",230 E. HUNT ST.,MCKINNEY,TX,75069,Natural Gas,Jonathan Oliver,Pipeline & Safety Manager,Joliver@morrowrenew.com,(903)363-2763,,,,
9/1/2026,2021,20220872,40732,39464,MIDWEST GENERATION LLC,1800 CHANNAHON ROAD,JOLIET,IL,60436,Natural Gas,Kristyn christie,Agent,kristyn.christie@everlineus.com,(936)447-6100,William Naglosky,Plant Manager,william.naglosky@nrg.com,(815)207-5412
9/1/2026,2021,20221079,40948,39465,GUARDIAN LIMA,2485 HOUX PKWY,LIMA,OH,45804,Natural Gas,Taylor Browne,Engineer,taylor@usdi.us,(618) 277-1520,,,,
9/1/2026,2021,20220875,40735,39468,"NUENERGY OPERATING, INC.",145 WEST MAIN STREET P.O. BOX 1122,GAYLORD,MI,49734-1122,Natural Gas,Craig Miller,Consultant,craig.miller@yahoo.com,(231)590-4053,,,,
9/1/2026,2021,20220102,39933,39469,MUSKEGON COUNTY SOLID WASTE MANAGEMENT SYSTEM,9366 APPLE AVENUE,RAVENNA,MI,49451,Landfill Gas,Michael Wendling,operator,mwendling@usdi.us,(618)392-5502,Greg Leverence,Solid Waste Manager,leverence@co.muskegon.mi.us,(231)724-6003
9/1/2026,2021,20220614,40463,39470,LOUISIANA ENERGY AND POWER AUTHORITY,210 VENTURE WAY,LAFAYETTE,LA,70507,Natural Gas,Ashley Kuehn,GIS Analyst Sr.,ashley.kuehn@bwpmlp.com,(713)479-8085,Kevin W. Bihm,General Manager,kbihm@lepa.com,(337)269-4046
9/1/2026,2021,20220595,40443,39471,WOODLAND MIDSTREAM UTILITY,2200 ROSS AVE SUITE 4600E,DALLAS,TX,75201,Natural Gas,Lauren Madden,BD Analyst,lmadden@alignmidstream.com,(214)238-5842,,,,
9/1/2026,2021,20220731,40588,39472,WOODLAND MIDSTREAM OPERATING,2200 ROSS AVE SUITE 4600E,DALLAS,TX,75201,Natural Gas,Lauren Madden,BD Analyst,lmadden@alignmidstream.com,(214)238-5842,,,,
9/1/2026,2021,20220185,40020,39473,COWBOY PIPELINE OPERATORS LLC,550 WESTCOTT STREET 250,HOUSTON,TX,77007,Natural Gas,Eric DuBose,operator,eric@pipelineoperators.com,(713) 652-5700,,,,
9/1/2026,2021,20220052,39877,39475,LION ELASTOMERS LLC.,1615 MAIN STREET,PORT NECHES,TX,77651,Natural Gas,Jennifer Klein,Project Engineer,jennifer.klein@acadian.com,(713)492-3823,Derwin Poindexter,Environmental Manager,derwin.poindexter@lionelastomers.com,(409)721-1573
9/1/2026,2021,20221243,41121,39476,"BRAZOS MIDSTREAM OPERATING, LLC","777 MAIN ST., SUITE 3700",FORT WORTH,TX,76102,Natural Gas,Jeff Davidson,Agent,jeff.davidson@pplcompliance.com,(903)472-9310,,,,
9/1/2026,2021,20220877,40737,39480,BLUEFIN RESOURCES LLC,"8 GREENWAY PLAZA, SUITE 930",HOUSTON,TX,77046,Natural Gas,Kristyn Christie,agent,kristyn.christie@everlineus.com,(936) 447-6100,,,,
9/1/2026,2021,20220714,40570,39491,EQT PRODUCTION,"625 LIBERTY AVENUE, SUITE 1700",PITTSBURGH,PA,15222,Natural Gas,Brett Butterworth,Project Manager,brett.butterworth@eqt.com,(412)616-7653,Julian Carillo,Vice President Production,julian.carillo@eqt.com,(405)365-5304
9/1/2026,2021,20220132,39964,39494,"COFFEYVILLE RESOURCES REFINING AND MARKETING, LLC",400 NORTH LINDEN STREET,COFFEYVILLE,KS,67337,Natural Gas,Andrew Smith,Operations Manage,asmith@usdi.us,(316)305-6464,,,,
9/1/2026,2021,20220156,39989,39496,"ETHOS POWER PLANT SERVICES, LLC",12600 DEERFIELD PARKWAY,ALPHARETTA,GA,30004,Natural Gas,Timothy Smith,HSE Compliance Manager,timothy.smith@ethosenergygroup.com,(330)476-4027,,,,
9/1/2026,2021,20220033,39856,39497,MATRIX OIL CORP,459 WEST ROAD,LA HABRA HEGIHTS,CA,90631,Natural Gas,Jessica Paquette,EHS Supervisor,Jessica.Paquette@matrixoil.com,(805)798-3592,,,,
9/1/2026,2021,20220363,40205,39498,COX OPERATING LLC,1615 POYDRAS ST. SUITE 830 NEW ORLEANS,NEW ORLEANS,LA,70112,Natural Gas,Toby Mendoza,Pipeline Regulatory Compliance,tmendoza@coxoil.com,(985)855-1236,,,,
9/1/2026,2021,20220372,40214,39499,"RANGER GAS GATHERING, LLC",2817 FM 101 PO BOX 79,RANGER,TX,76470,Natural Gas,Randa Harton,Administrative Assistant,randa@brakallc.com,(254)647-3358,,,,
9/1/2026,2021,20220439,40285,39502,"BRAZORIA INTERCONNECTOR GAS PIPELINE, LLC.",5400 WESTHEIMER COURT,HOUSTON,TX,77056,Natural Gas,Ashley White,Operational Compliance Advisor,ashley.white@enbridge.com,(713)627-6398,Thomas Wooden,VP GTM Engineering & Asset Mgmt,thomas.wooden@enbridge.com,(713)627-5300
9/1/2026,2021,20220221,40057,39508,AETHON UNITED PIPELINE LP,12377 MERIT DR. SUITE 1200,DALLAS,TX,75251,Natural Gas,Jason Moxley,HSE & SR Manager,jmoxley@aethonenergy.com,(214)890-3654,,,,
9/1/2026,2021,20220665,40519,39519,KINETICA DEEPWATER EXPRESS LLC,1001 MCKINNEY STREET SUITE 900,HOUSTON,TX,77002,Natural Gas,Kurt Cheramie,Operator,kurt.cheramie@kineticallc.com,(985)223-6165,Kurt Cheramie,Senior Vice President,kurt.cheramie@kineticallc.com,(985)223-6165
9/1/2026,2021,20220472,41869,39520,DELFIN OFFSHORE PIPELINE LLC,25 W. CEDAR STREET SUITE 215,PENSACOLA,FL,32502,Natural Gas,William Daughdril,"Director, HSE",w.daughdrill@delfinlng.com,(850)933-1720,,,,
9/1/2026,2021,20220351,40193,39536,"EMPIRE MINING CO, LLC",NEVADA HIGHWAY 447 - MP 68,EMPIRE,NV,89405,Natural Gas,danielle Keelan,Compliance Supervisor,dkeelan@gasbiz.com,(916)859-4700,,,,
9/1/2026,2021,20220261,40100,39541,"BAYONNE ENERGY CENTER, LLC",401 HOOK ROAD,BAYONNE,NJ,07002,Natural Gas,Robert Mieczkowski,Operator,RobertMieczkowski@imtt.com,(201)437-2200,Matthew Lydon,Matthew Lydon,matt.lydon@tigergenco.com,(912)429-7184
9/1/2026,2021,20220925,40788,39542,COLUMBIA GULF TRANSMISSION LLC – CARTER CREEK FACILITIES,700 LOUISIANA STREET,HOUSTON,TX,77002,Natural Gas,Chris Figgatt,Integrity Engineer,chris_figgatt@tcenergy.com,(304)357-3014,,,,
9/1/2026,2021,20220333,41299,39543,"RIVERSIDE ENERGY MICHIGAN, LLC",10691 E CARTER RD STE 201,TRAVERSE CITY,MI,49684,Natural Gas,Natalie Schrader,Compliance coordinator,nschrader@riversideem.com,(231)995-4076,,,,
9/1/2026,2021,20220926,40789,39545,IMG ENERGY SERVICES,789 SR. 29 NORTH,TUNKHANNOCK,PA,18657,Natural Gas,Kevin Frederick,Principal Engineer,kfrederick@midstreamengineers.com,(610)816-1433,,,,
9/1/2026,2021,20220106,39937,39552,"LIBERTY MIDSTREAM SOLUTIONS, LLC",1200 17TH STREET SUITE 2200,DENVER,CO,80202,Natural Gas,Eric Bengtson,Vice President of Operations and Engineering,eric.bengtson@lmsllc.com,(303)886-7046,,,,
9/1/2026,2021,20221108,41332,39553,"ROESLEIN ALTERNATIVE ENERGY SERVICES, LLC","9200 WATSON ROAD, SUITE 200",SAINT LOUIS,MO,63126,Landfill Gas,Andrew McCollom,Supervisor - Engineering & Construction,amccollom@usdi.us,(660)947-3316,,,,
9/1/2026,2021,20220674,41345,39555,BROOKSTON ENERGY INC,"102 N. COLLEGE AVE., SUITE 610",TYLER,TX,75702,Natural Gas,Hope Shelton,Consultant,hope@sheltonregconsulting.com,(318)453-4538,,,,
9/1/2026,2021,20220653,40507,39557,"MOSTOLLER LANDFILL, INC.",7095 GLADESPIKE ROAD,SOMERSET,PA,15501,Landfill Gas,"Judith Messerly/Roach and Associates, Inc.",agent for Mostoller,jamesserly@roachassoc.com,(412) 344-9310,,,,
9/1/2026,2021,20220882,40742,39562,"SECO PIPELINE, LLC","1000 MAIN ST., STE. 3000",HOUSTON,TX,77002,Natural Gas,Kristyn Christie,agent,kristyn.christie@everlineus.com,(936) 447-6100,,,,
9/1/2026,2021,20220393,40236,39564,"APPALACHIAN ENERGY, INC",208 ABINGDON PLACE,ABINGDON,VA,24211,Natural Gas,Ed Diminick,Vice-President,ediminick@appgasenergy.com,(276)619-3880,,,,
9/1/2026,2021,20220889,40750,39565,TORRENT OIL LLC,2 GREENWAY PLAZA,HOUSTON,TX,77046,Natural Gas,Kristyn Christie,agent,kristyn.christie@everlineus.com,(936) 447-6100,,,,
9/1/2026,2021,20220997,40863,39566,LUCID ENERGY DELAWARE LLC,3100 MCKINNON ST. SUITE 800,DALLAS,TX,75201,Natural Gas,Glen Blake,Field EHSR Manager,gblake@lucid-energy.com,(575)810-6025,,,,
9/1/2026,2021,20220633,40482,39567,"UPP OPERATING, LLC",1001 FANNIN STREET. SUITE 800,HOUSTON,TX,77002,Natural Gas,Jeff Davidson,Agent,jeff.davidson@pplcompliance.com,(903)472-9310,Will Griffin,Supervisor HSE/DOT,wgriffin@EnerVest.net,(817)212-3199
9/1/2026,2021,20220125,39957,39568,GREENIDGE PIPELINE LLC,PO BOX 187 590 PLANT RD.,DRESDEN,NY,14441,Natural Gas,Jonathon Carpenter,Gas Operations Manager,jcarpenter@greenidge.com,(315)536-2359,,,,
9/1/2026,2021,20221153,41025,39569,EAGLE OIL AND GAS CO.,2525 KELL BLVD. SUITE 510,WICHITA FALLS,TX,76308,Natural Gas,Bailey Black,Consultant,Bailey.Black@flatrockenergy.net,(580)504-3894,,,,
9/1/2026,2021,20221238,41116,39572,"WWM OPERATING, LLC",100 CONGRESS AVE SUITE 2200,AUSTIN,TX,78701,Natural Gas,Shelli Myers,Regulatory and Compliance Specialist,shelli@wwm-llc.com,(281)639-5423,Caleb Ryan,SVP of Operations,caleb@wwm-llc.com,(281)832-8186
9/1/2026,2021,20221060,40928,39574,PINE RUN MIDSTREAM,11400 WESTMOOR CIRCLE SUITE 200A,WESTMINSTER,CO,15275,Natural Gas,Vince Dalchuk,Agent,vdalchuk@uti-corp.com,(740)602-1180,,,,
9/1/2026,2021,20220090,39997,39576,"ORX RESOURCES,L.L.C.",5968 PARLANGE LANE,LIVONIA,LA,70755,Natural Gas,russ Rogers,Analyst,russ.rogers@brammer.com,(318)429-2382,,,,
9/1/2026,2021,20221149,41021,39577,"NFG MIDSTREAM WELLSBORO, LLC",6363 MAIN STREET,WILLIAMSVILLE,NY,14221,Natural Gas,Rachael Sebesta,Senior Engineer I,SebestaR@natfuel.com,(814)871-8285,,,,
9/1/2026,2021,20221055,40923,39578,"OKEANOS GAS GATHERING COMPANY, LLC","THIRD COAST MIDSTREAM, LLC PO BOX 1227",HOUSTON,TX,77251,Natural Gas,Kristyn Christie,agent,kristyn.christie@everlineus.com,(936) 447-6100,,,,
9/1/2026,2021,20220695,40550,39579,TRP - OK PROPERTIES LLC,3111 BROCE DRIVE,NORMAN,OK,73072,Natural Gas,Gabe Mccown,Consultant,gmccown@protonmail.com,(405)596-3520,,,,
9/1/2026,2021,20220631,40480,39580,BV PIPELINE LLC,104 BRADFORD ROAD,WEXFORD,PA,15090,Natural Gas,Judith Messerly,Agent for BV Pipeline,jamesserly@roachassoc.com,(412)344-9310,,,,
9/1/2026,2021,20220130,39962,39583,EVONIK,6601 S. RIDGE RD.,HAYSVILLE,KS,67060,Hydrogen Gas,Andrew Smith,Operations Manager,asmith@usdi.us,(316)305-6464,,,,
9/1/2026,2021,20220798,40658,39585,"UPSHUR GAS GATHERING, LLC",415 HELIPORT LOOP PO BOX 470,BRIDGEPORT,WV,26330,Natural Gas,Jamie Andrews,Land & Business Development,mtnvnotices@mountainvoilandgas.com,(304)842-6320,,,,
9/1/2026,2021,20220350,40192,39590,"RYZE RENEWABLES RENO, LLC",14830 KIVETT LANE,RENO,NV,89521,Natural Gas,Danielle Keelan,Compliance Supervisor,dkeelan@gasbiz.com,(916)859-4700,,,,
9/1/2026,2021,20221272,41151,39592,GATEWAY CORRIGAN LLC,1415 LOUISIANA STREET,HOUSTON,TX,77002,Natural Gas,Erhonda Jackson,report filer,ejackson@gatewayenergy.com,(713)600-1045,,,,
9/1/2026,2021,20220982,41270,39594,"SULPHUR RIVER EXPLORATION, INC.",5949 SHERRY LANE SUITE 755,DALLAS,TX,75225,Natural Gas,Kristyn Christie,Agent,kristyn.christie@everlineus.com,(936)447-6100,,,,
9/1/2026,2021,20220685,40540,39597,"VALLEY CROSSING PIPELINE, LLC",5400 WESTHEIMER COURT,HOUSTON,TX,77056,Natural Gas,Ashley White,Operational Compliance Advisor,ashley.white@enbridge.com,(713)627-6398,Thomas Wooden,VP GTM Engineering & Asset Mgmt,thomas.wooden@enbridge.com,(713)627-5300
9/1/2026,2021,20220904,40765,39599,"HUNTER GATHERING, L.P.",421 W 3RD ST SUITE 250,FORT WORTH,TX,76102,Natural Gas,Rachel Russell,Regulatory,rachel.russell@hillwood.com,(817)224-6302,,,,
9/1/2026,2021,20220530,40376,39602,UPPER MICHIGAN ENERGY RESOURCES CORP.,231 W MICHIGAN ST,MILWAUKEE,WI,53203,Natural Gas,"Russell C Ackerman, P.E.",Engineering Manager - Pipeline Safety and Integrity,Russ.Ackerman@we-energies.com,(414)221-4996,,,,
9/1/2026,2021,20220068,39893,39605,CR PERMIAN NATURAL GAS TRANSMISSION LLC,"500 W. ILLINOIS, SUITE 700",MIDLAND,TX,79701,Natural Gas,Kevin Ritch,Pipeline Safety Compliance Specialist,Kritch@eagleclawmidstream.com,(432)242-8350,,,,
9/1/2026,2021,20220728,40585,39608,VAQUERO PERMIAN GATHERING LLC,2602 MCKINNEY AVE. SUITE 400,DALLAS,TX,75204,Natural Gas,Kimberly Landry,ESG & Regulatory Director,kimberly.landry@vaqueromidstream.com,(832)757-5088,,,,
9/1/2026,2021,20220217,40053,39609,"HAVEN STEEL PRODUCTS, INC",13206 S WILLISOH ROAD PO BOX 430,HAVEN,KS,67543,Natural Gas,Bill Stephens,Mgr Codes & Standards,bill.stephens@blackhillscorp.com,(303)981-6474,,,,
9/1/2026,2021,20220094,40067,39612,"CHS, INC HALLOCK",2100 US HIGHWAY 75,KENNEDY,MN,56733,Natural Gas,Kim Wagner,agent,kim@nwgas.com,(218) 326-3495,,,,
9/1/2026,2021,20221351,41260,39613,"HAWKWOOD ENERGY MIDSTREAM, LLC",4582 SOUTH ULSTER STREET SUITE 500,DENVER,CO,80237,Natural Gas,Kristyn Christie,Agent,kristyn.christie@everlineus.com,(936)447-6100,,,,
9/1/2026,2021,20221255,41133,39614,SOUTH HOUSTON PRODUCTION COMPANY,1656-C TOWNHURST DR.,HOUSTON,TX,77043,Natural Gas,Kristyn Christie,agent,kristyn.christie@everlineus.com,(936) 447-6100,,,,
9/1/2026,2021,20221185,41059,39619,DIVERSIFIED MIDSTREAM LLC,1600 CORPORATE DRIVE,BIRMINGHAM,AL,35242,Natural Gas,Billy Culbertson,Compliance Supervisor,bculbertson@dgoc.com,(606)206-0002,Maverick Bentley,Senior Vice President,mbentley@dgoc.com,(606)433-2900
9/1/2026,2021,20220648,40497,39624,AIRGAS MERCHANT GAS KALAMA,12800 WEST LITTLE YORK,HOUSTON,TX,77041,Hydrogen Gas,Emmett Taylor,"Director, Fleet Safety and Compliance",grayson.taylor@airgas.com,(713)896-2337,,,,
9/1/2026,2021,20220032,39855,39626,CALGON CARBON CORPORATION,13121 WEBRE RD,BAY ST LOUIS,MS,39520,Natural Gas,Homer Chandler,Agent,grigg.chandler@ppsllc.co,(318)278-5144,,,,
9/1/2026,2021,20220762,40619,39627,AIR LIQUIDE ADVANCED TECHNOLOGIES US LLC,9807 KATY FREEWAY SUITE 100,HOUSTON,TX,77024,Other Gas-Processed Landfill Methane,Judith Messerly,agent,jamesserly@roachassoc.com,(412) 344-9310,,,,
9/1/2026,2021,20220887,40747,39630,LIGHTSTONE GENERATION LLC-DARBY POWER LLC,12509 ADKINS ROAD,MOUNT STERLING,OH,43143,Natural Gas,Jeff Maynard,agent,jmaynard@uti-corp.com,(614)312-8484,,,,
9/1/2026,2021,20220050,39875,39634,ALTUS MIDSTREAM PIPELINE LP,2000 POST OAK BLVD SUITE 100,HOUSTON,TX,77056,Natural Gas,James Holley,Pipeline Compliance Superintendent,james.holley@altusmidstream.com,(817)228-4844,,,,
9/1/2026,2021,20221118,40987,39635,WINNEBAGO COUNTY SOLID WASTE MANAGEMENT BOARD,909 SILVER LAKE BLVD,DOVER,DE,19904,Landfill Gas,Andrew McCollom,Supervisor - Engineering & Construction,amccollom@usdi.us,(660)947-3316,,,,
9/1/2026,2021,20220401,40245,39636,"CARBON CALIFORNIA OPERATING COMPANY, LLC","270 QUAIL CT., SUITE B",SANTA PAULA,CA,93060,Natural Gas,Luke Faith,Area Supervisor,lfaith@carbonenergycorp.com,(805)794-8593,,,,
9/1/2026,2021,20220202,40038,39640,PSEG KEYS ENERGY CENTER,80 PARK PLAZA,NEWARK,NJ,07101,Natural Gas,Andrea Shacklett,operator,ashacklett@douglaspipeline.com,(412)531-2440,,,,
9/1/2026,2021,20220748,40605,39647,VALERO TEXAS CITY REFINERY,ONE VALERO WAY,SAN ANTONIO,TX,78249,Natural Gas,Grant Gutierrez,Sr. Environmental Engineer,grant.gutierrez@valero.com,(409)948-7551,Cory Moss,Vice President and General Manager,Cory.Moss@valero.com,(409)948-7482
9/1/2026,2021,20221138,41009,39648,VALERO HOUSTON REFINERY,ONE VALERO WAY,SAN ANTONIO,TX,78249,Natural Gas,Caroline Bayse,Environmental Engineer,caroline.bayse@valero.com,(713)923-3345,Lon Brenner,Vice President and General Manager,Lon.Brenner@valero.com,(713)923-3318
9/1/2026,2021,20220231,40068,39653,CORNELL UNIVERSITY,150 MAPLE AVENUE HUMPHREYS SERVICE BUILDING,ITHACA,NY,14853,Natural Gas,Andrea Shacklett,Compliance Mgr.,ashacklett@douglaspipeline.com,(412)531-2440,,,,
9/1/2026,2021,20220028,39850,39655,PINE HILL RENEWABLES,230 E. HUNT ST.,MCKINNEY,TX,75069,Natural Gas,Jonathan Oliver,Pipeline & Safety Manager,Joliver@morrowrenew.com,(903)363-2763,Justin Kennard,Director of Development and Compliance,Justin@morrowrenew.com,(432)563-0447
9/1/2026,2021,20221314,41212,39657,"SOUTHERN KENTUCKY ENERGY, LLC",3349 BOWLING GREEN RD,CANEYVILLE,KY,42721,Natural Gas,Jason Sharp,President,jason@jsgateway.com,(270)889-3435,,,,
9/1/2026,2021,20220323,40163,39660,COOK INLET NATURAL GAS STORAGE ALASKA,3000 SPENARD P.O. BOX 190989,ANCHORAGE,AK,99519,Natural Gas,Rusty Allen,Compliance Engineer,rusty.allen@enstarnaturalgas.com,(907)334-7765,,,,
9/1/2026,2021,20221100,40969,39674,"ASSIDUOUS ENERGY, LLC",307 E. DANFORTH RD SUITE 106,EDMOND,OK,73034,Natural Gas,Kenneth J. Kerrihard,"Manager, PE",ken@assideng.com,(405)285-2201,,,,
9/1/2026,2021,20221301,41186,39676,OKLAHOMA GAS GATHERING LLC,OKLAHOMA GAS GATHERING LLC P.O. BOX 848,SEMINOLE,OK,74818,Natural Gas,Mike Vanlandingham,Manager,Oklagg@hotmail.com,(405)380-2284,,,,
9/1/2026,2021,20220139,39972,39677,"KC MIDSTREAM SOLUTIONS, LLC",1112 S BRADDOCK AVE SUITE 201,PITTSBURGH,PA,15218,Natural Gas,Justin Henry,VP Technology & Development,jhenry@catalystenergyinc.com,(412)325-4365,,,,
9/1/2026,2021,20220709,40564,39680,FORTUNE RESOURCES LLC,1522 COLONY CIRCLE,LONGVIEW,TX,75604,Natural Gas,Floyd Belcher,Agent,floyd@papsoq.com,(281)379-1130,,,,
9/1/2026,2021,20221007,40873,39683,"TEXAS COASTAL PIPELINE, LLC",2011 W. DANFORTH RD 213,EDMOND,OK,73003,Natural Gas,Kristyn Christie,agent,kristyn.christie@everlineus.com,(936) 447-6100,,,,
9/1/2026,2021,20220269,40108,39688,"MARKWEST NEW MEXICO, L.L.C.","1515 ARAPAHOE ST. TWR 1, STE 1600",DENVER,CO,80202,Natural Gas,Victoria Randall,Pipeline Compliance Specialist,VMRandall@MPLX.com,(435)219-1288,,,,
9/1/2026,2021,20220063,39888,39696,"RIVERFRONT EXPLORATION, LLC",109,FORT SMITH,AR,72901,Natural Gas,Jennifer Sebo,Pipeline Safety & Integrity Director,jsebo@westphalinvestments.com,(479)783-0028,,,,
9/1/2026,2021,20221305,41191,39697,GOLDEN GAS SERVICE COMPANY,2502 EAST 21ST STREET SUITE B,TULSA,OK,74114,Natural Gas,Joseph Barnes,Operations Engineer,jbarnes.goldengas@gmail.com,(918)582-0139,,,,
9/1/2026,2021,20221012,40878,39698,S2 ENERGY OPERATING LLC,200 CAROLINE CT,COVINGTON,LA,70433,Natural Gas,Kristyn Christie,agent,kristyn.christie@everlineus.com,(936) 447-6100,,,,
9/1/2026,2021,20220716,40572,39700,"HIGHLANDS PIPELINE COMPANY, L.C.",1600 SMITH SUITE 3910,HOUSTON,TX,77002,Natural Gas,floyd Belcher,Agent,floyd@papsoq.com,(281)379-1130,,,,
9/1/2026,2021,20220605,40454,39701,"BOARDWALK TEXAS INTRASTATE, LLC",9 GREENWAY PLAZA SUITE 2800,HOUSTON,TX,77046,Natural Gas,Ashley Kuehn,GIS Analyst Sr.,ashley.kuehn@bwpmlp.com,(281)450-3192,Jeff Sanderson,Sr VP Operations,Jeff.Sanderson@bwpipelines.com,(713)479-1063
9/1/2026,2021,20220747,43064,39702,PIN OAK ENERGY PARTNERS LLC,388 S. MAIN STREET SUITE 401,AKRON,OH,44311,Natural Gas,Leslie A. Gearhart,Regulatory Compliance Manager,leslie.gearhart@pinoakep.com,(888)748-0763,,,,
9/1/2026,2021,20220228,40064,39704,"KIOWA POWER PARTNERS, LLC",4386 OLD 69 ROAD,KIOWA,OK,74553,Natural Gas,Andrew Smith,Operations Manager,asmith@usdi.us,(316)305-6464,,,,
9/1/2026,2021,20220142,39975,39705,IACX ROSWELL LLC,"5001 LBJ FREEWAY, SUITE 300",DALLAS,TX,75244,Natural Gas,Justin Wheeler,Director of EHS,justinwheeler@iacx.com,(972)679-2147,,,,
9/1/2026,2021,20220517,40363,39710,ROCKY MOUNTAIN MIDSTREAM LLC,ONE WILLIAMS CENTER 43-4,TULSA,OK,74172,Natural Gas,Cheryl Rowell,Regulatory Compliance Specialist Sr.,cheryl.rowell@williams.com,(918)573-5162,,,,
9/1/2026,2021,20221377,41331,39711,OGRIS OPERATING,P.O. Box 53467,Midland,TX,79710,Natural Gas,Rachel Johnson,Compliance Coordinator,rachel@monarchspecialtiesllc.com,(432)241-5611,,,,
9/1/2026,2021,20220422,40268,39714,CAMS MIDSTREAM,910 LOUISIANA SUITE 2400,HOUSTON,TX,77002,Natural Gas,Tommy Kilpatrick,Compliance Officer,tkilpatrick@badgermidstream.com,(337)849-4230,Colin Harper,Sr. Vice President,charper@camstex.com,(713)358-9787
9/1/2026,2021,20220355,40197,39715,CNX MIDSTREAM PARTNERS LP,1000 CONSOL ENERGY DRIVE,CANONSBURG,PA,15317,Natural Gas,Stanley Schurdak,Engineer,stanleyschurdak@cnx.com,(724)485-4342,,,,
9/1/2026,2021,20220470,40316,39728,"MIDSHIP PIPELINE COMPANY, LLC",700 MILAM ST. SUITE 1900,HOUSTON,TX,77002,Natural Gas,Paul Falgout,"Manager, Pipeline Regulatory Compliance",paul.falgout@cheniere.com,(713)375-5855,Aaron Stephenson,"Senior Vice President, Operation",aaron.stephenson@cheniere.com,(713)375-5074
9/1/2026,2021,20220344,40184,39730,MELISSA RENEWABLES,230 E. HUNT ST.,MCKINNEY,TX,75069,Natural Gas,Jonathan Oliver,Assistant compliance Officer/Pipeline & Safety Manager,Joliver@morrowrenew.com,(903)363-2763,Jonathan Oliver,Jonathan Oliver,Joliver@morrowrenew.com,(903)363-2763
9/1/2026,2021,20220739,40596,39733,"OHIO POWER PARTNERS, LLC.",8403 COLESVILLE ROAD SUITE 915,SILVER SPRING,MD,20910,Natural Gas,JASON BRANGERS,USDI Senior VP,jason@usdi.us,(502)819-1338,,,,
9/1/2026,2021,20221165,41039,39737,SAGE NATURAL RESOURCES LLC,6100 S. YALE AVE SUITE 900,TULSA,OK,74136,Natural Gas,Karen Franklin,Production Coordinator,kfranklin@sagenr.com,(918)900-6445,,,,
9/1/2026,2021,20220016,39838,39743,NEOKC PIPELINE,1627 SW 96TH,OKLAHOMA CITY,OK,73159,Natural Gas,Ryan Steward,Manager,rks@wocokc.com,(405)239-6001,,,,
9/1/2026,2021,20221015,40881,39746,ELEVATION MIDSTREAM,"1512 LARIMER ST, SUITE 540",DENVER,CO,80202,Natural Gas,Kristyn Christie,agent,kristyn.christie@everlineus.com,(936) 447-6100,,,,
9/1/2026,2021,20220541,40387,39750,"GREYLOCK MIDSTREAM, LLC",500 CORPORATE LANDING,CHARLESTON,WV,25311,Natural Gas,Kyle Flanagan,Manager of Pipeline Integrity and Compliance,kflanagan@greylockenergy.com,(304)925-6100,,,,
9/1/2026,2021,20220621,40470,39751,"GREYLOCK PRODUCTION, LLC",500 CORPORATE LANDING,CHARLESTON,WV,25311,Natural Gas,Kyle Flanagan,Manager of Pipeline Integrity and Compliance,kflanagan@greylockenergy.com,(304)925-6100,,,,
9/1/2026,2021,20221103,40972,39752,"STAKEHOLDER GAS UTILITY, LLC",401 EAST SONTERRA BLVD SUITE 215,SAN ANTONIO,TX,78258,Natural Gas,Bailey Black,Consultant,Bailey.Black@flatrockenergy.net,(580)504-3894,,,,
9/1/2026,2021,20220943,41324,39753,CURETON FRONT RANGE LLC,518 17TH ST SUITE 1405,DENVER,CO,80202,Natural Gas,Nicholas Holland,Director EHSR,nick.holland@curetonmidstream.com,(720)390-4506,,,,
9/1/2026,2021,20221143,41014,39755,WOODWAY BLUEBONNET PIPELINE LLC,6363 WOODWAY DRIVE SUITE 415,HOUSTON,TX,77057,Natural Gas,Stephen Dorcheus,Vice President - Operations,sdorcheus@woodwayenergy.com,(832)251-4283,Stephen Dorcheus,Vice President - Operations,sdorcheus@woodwayenergy.com,(832)251-4283
9/1/2026,2021,20220683,40538,39757,"GENERATION PIPELINE, LLC",5400 WESTHEIMER COURT,HOUSTON,TX,77056,Natural Gas,Ashley White,Operational Compliance Advisor,ashley.white@enbridge.com,(713)627-6398,Thomas Wooden,VP GTM Engineering & Asset Mgmt,Thomas.Wooden@enbridge.com,(713)627-5300
9/1/2026,2021,20221286,41168,39758,"SUNDOWN ENERGY, LLC",16400 DALLAS PARKWAY  100,DALLAS,TX,75248,Natural Gas,Ralph Butler,AREA PRODUCTION MGR.,rbutler@elandenergy.com,(214)368-6100,,,,
9/1/2026,2021,20220067,39892,39759,"IRON HORSE MIDSTREAM, LLC",8150 N. CENTRAL EXPY 1725 SUITE 1725,DALLAS,TX,75206,Natural Gas,Paul Melton,Director of EHS & Regulatory,paul.melton@ironhorsemidstream.com,(405)256-5199,,,,
9/1/2026,2021,20220962,40827,39760,"THE DOW CHEMICAL COMPANY, SDO","2301 N. BRAZOSPORT BLVD, S-201",FREEPORT,TX,77541,Natural Gas,Al Percle,M&E Technologist Lead,ajperclejr@dow.com,(979)238-9846,Sarah Roth,Stratton Ridge Production Director,sroth@dow.com,(979)238-7379
9/1/2026,2021,20221075,40944,39760,"THE DOW CHEMICAL COMPANY, SDO","2301 N. BRAZOSPORT BLVD, S-201",FREEPORT,TX,77541,Other Gas-Ethylene,Al Percle,M&E Technologist Lead,ajperclejr@dow.com,(979)238-9846,Sarah Roth,Stratton Ridge Production Director,sroth@dow.com,(979)238-7379
9/1/2026,2021,20220051,39876,39762,BLACKWELL EXP & DEVELOPMENT LLC,17950 PRESTON RD SUITE 900,DALLAS,TX,75252-5637,Natural Gas,Sheila Benners,Production Technician,sbenners@blackwellenergy.com,(972)733-3050,,,,
9/1/2026,2021,20220316,40155,39764,MATRIKS ENERGY LLC,9661 ST RT 503,ASHLAND,KY,41102,Natural Gas,Chris Riffe,Owner,chrisriffe@matriks.net,(606)324-8500,,,,
9/1/2026,2021,20221323,41222,39767,FELDERHOFF PRODUCTION COMPANY,P.O. BOX 430,MUENSTER,TX,76252,Natural Gas,Ryan Felderhoff,Engineer,rfelderhoff@felderhoffproduction.com,(940)759-3631,,,,
9/1/2026,2021,20220140,39973,39770,"HYPERION MIDSTREAM, LLC",501 TECHNOLOGY DRIVE SUITE 1200,CANONSBURG,PA,15317,Natural Gas,Jeremy Burden,VP - Engineering,jburden@olympusenergy.com,(716)984-1875,,,,
9/1/2026,2021,20220884,44985,39773,ANHEUSER-BUSCH LLC,ONE BUSCH PLACE,SAINT LOUIS,MO,63118,Other Gas-Biogas,MAURICE CHANEY,agent,mchaney@gasauthority.com,(770) 851-3094,,,,
9/1/2026,2021,20220225,40061,39776,IBEX MIDSTREAM LLC,12377 MERIT DR. SUITE 1200,DALLAS,TX,75251,Natural Gas,Jason Moxley,HSE & SR Manager,jmoxley@aethonenergy.com,(214)890-3654,,,,
9/1/2026,2021,20220746,40603,39779,"SEABREEZE ENERGY PRODUCERS, LLC","ONE ENERGY PLAZA, 400 WCB",DETROIT,MI,48226,Natural Gas,JASON BRANGERS,USDI Senior VP,jason@usdi.us,(502)819-1338,,,,
9/1/2026,2021,20221364,41291,39781,REDCLIFF MIDSTREAM LLC,2575 KELLEY PARKWAY SUITE 340,EDMOND,OK,73013,Natural Gas,Brandi Lowry,Director - EHS,blowry@talloakmidstream.com,(405)888-5585,,,,
9/1/2026,2021,20220481,41865,39784,"AVOCET LNG, LLC",25 W. CEDAR STREET SUITE 215,PENSACOLA,FL,32502,Natural Gas,William Daughdril,Director HSE,w.daughdrill@delfinlng.com,(850)933-1720,,,,
9/1/2026,2021,20220947,40811,39785,"EPIC CONSOLIDATED OPERATIONS, LLC","18615 TUSCANY STONE, SUITE 300",SAN ANTONIO,TX,78258,Natural Gas,Jennifer Mcgalliard,Consultant,jenn.mcgalliard@flatrockenergy.net,(405)570-7089,,,,
9/1/2026,2021,20220985,40851,39786,MARATHON OIL EF LLC,990 TOWN & COUNTRY BLVD,HOUSTON,TX,77024,Natural Gas,Chrissi Klostermann,Adv HES Professional & DOT Coordinator,cklostermann@marathonoil.com,(713)412-5102,,,,
9/1/2026,2021,20220327,40167,39789,SABINE ETX GATHERING UTILITY,1415 LOUISIANA STREET SUITE 1600,HOUSTON,TX,77002,Natural Gas,Paul Griesedieck,"Director, EH&S",pgriesedieck@sabineoil.com,(832)242-9596,,,,
9/1/2026,2021,20220645,40494,39791,"AMAROQ RESOURCES, LLC",4665 SWEETWATER BLVD SUITE 103,SUGAR LAND,TX,77479,Natural Gas,Gregory Pfoff,President,gspfoff@amaroqresources.com,(832)999-4603,,,,
9/1/2026,2021,20220679,40534,39792,"EXCO APPALACHIA MIDSTREAM, LLC",12377 MERIT DRIVE SUITE 1700,DALLAS,TX,75251,Natural Gas,Philip Points,Environmental & Regulatory Director,ppoints@excoresources.com,(214)368-2084,,,,
9/1/2026,2021,20220367,40209,39793,ENERFIN GATHERING LLC,1001 SOUTH DAIRY ASHFORD ROAD SUITE 220,HOUSTON,TX,77077,Natural Gas,"Mark A. Hanson, P.E.","Manager-Environmental, Safety & Regulatory Compliance",mhanson@enerfin.com,(918)493-5000,,,,
9/1/2026,2021,20220158,39991,39800,KUDU MIDSTREAM LLC,"12377 MERIT DR, SUITE 1200",DALLAS,TX,75251,Natural Gas,Jason Moxley,HSE & SR Manager,regulatory@aethonenergy.com,(214)890-3654,,,,
9/1/2026,2021,20220124,39956,39801,"ELITE OCTANE, LLC",60502 GLACIER RD,ATLANTIC,IA,50022,Natural Gas,John Ward,Health and Safety Manager,jward@eliteoctane.net,(712)254-6235,,,,
9/1/2026,2021,20220151,39984,39802,"RH ENERGYTRANS, LLC",558 WEST 6TH STREET,ERIE,PA,16507,Natural Gas,Kyle Rhoades,Chief Operating Officer,krhoades@rhenergytrans.com,(814)315-0278,,,,
9/1/2026,2021,20220107,46717,39808,JOHNS MANVILLE,717 17TH STREET,DENVER,CO,80202,Natural Gas,Michael Wendling,operator,mwendling@usdi.us,(618)392-5502,Mary Rhinehart,Chairman,mary.rhinehart@jm.com,(303)978-2678
9/1/2026,2021,20221313,41204,39809,KLICKITAT PUBLIC UTILITY DISTRICT,1313 S COLUMBUS AVE,GOLDENDALE,WA,98620,Natural Gas,Daniel Bartholomew,I&C Tech.,DBartholomew@klickpud.com,(509)773-7429,,,,
9/1/2026,2021,20220425,41322,39811,"ARCADIA OPERATING, LLC",3811 TURTLE CREEK BLVD. SUITE 1900,DALLAS,TX,75219,Natural Gas,JENNIFER MCGALLIARD,CONSULTANT,JENN.MCGALLIARD@FLATROCKENERGY.NET,(405)570-7089,,,,
9/1/2026,2021,20220281,40120,39814,"STATELINE PROCESSING, LLC",16211 LA CANTERA PARKWAY SUITE 202,SAN ANTONIO,TX,78256,Natural Gas,Jon Hoffman,Regulatory Manager,jhoffman@howardep.com,(210)298-2229,,,,
9/1/2026,2021,20220440,40286,39824,"POMELO CONNECTOR, LLC",5400 WESTHEIMER COURT,HOUSTON,TX,77056,Natural Gas,Ashley White,Operational Compliance Advisor,ashley.white@enbridge.com,(713)627-6398,,,,
9/1/2026,2021,20221218,41094,39828,"PEVELER PIPELINE, LP",12850 SPURLING RD STE 200,DALLAS,TX,75230,Natural Gas,DAVID CHIVVIS,Senior Petroleum Engineer,REGULATORY@GIANTENERGY.COM,(972)644-4710,,,,
9/1/2026,2021,20220863,40723,39829,"TENASKA PENNSYLVANIA PARTNERS, LLC",446 SMITHTON PIKE,SMITHTON,PA,15479,Natural Gas,JASON BRANGERS,USDI Senior VP,jason@usdi.us,(502)819-1338,,,,
9/1/2026,2021,20221152,41024,39830,BLUE MOUNTAIN MIDSTREAM LLC,320 S BOSTON AVE SUITE 900,TULSA,OK,74103,Natural Gas,Kristyn Christie,Pipeline Advisor,kristyn.christie@everlineus.com,(936)447-6100,,,,
9/1/2026,2021,20220958,40822,39831,"PONDEROSA GATHERING (USG), LLC.","601 TRAVIS, SUITE 1900",HOUSTON,TX,77002,Natural Gas,David Busby,Sr. PGD Operations Specialist,david.busby@nexteraenergy.com,(713)951-5318,Danny Schedule,Sr Director Midstream Ops & Construction,Danny.Schedule@nexteraenergy.com,(713)374-1583
9/1/2026,2021,20221333,41234,39834,"REP KANSAS GATHERING, LLC",211 W. MYRTLE,INDEPENDENCE,KS,67301,Natural Gas,William Barks,KS. Operations Manager,bbarks@redbudinc.com,(620)332-2405,,,,
9/1/2026,2021,20220295,40134,39835,RENEWABLE ENERGY OF JEFFERSON LLC,2000 SOUTH KENNER RD,AVONDALE,LA,70094,Landfill Gas,Anica Haynes,Principal,ahaynes@geosyntec.com,(225)325-3217,,,,
9/1/2026,2021,20221016,40882,39840,BLUE RIDGE RENEWABLES LLC,10818 W. CR 72,MIDLAND,TX,79707,Natural Gas,Kristyn Christie,agent,kristyn.christie@everlineus.com,(936) 447-6100,,,,
9/1/2026,2021,20220199,40035,39842,UNITED PARCEL SERVICE CENTENNIAL,55 GLENLAKE PARKWAY NE,ATLANTA,GA,30328,Natural Gas,Andrea Shacklett,Compliance Mgr.,ashacklett@douglaspipeline.com,(412)531-2440,Charles Henry,Ohio Valley District President,charleshenry@ups.com,317-532-3201
9/1/2026,2021,20220291,40130,39843,"SANGUINE GAS EXPLORATION, LLC",PO BOX 700720,TULSA,OK,74170,Natural Gas,Jeff Canady,agent,prcincorporated@aol.com,(405) 203-2484,,,,
9/1/2026,2021,20221092,40961,39844,"THUNDER CREEK GAS SERVICES, LLC",1331 17TH STREET #1100,DENVER,CO,80202,Natural Gas,Brad Gentry,Engineering Manager,bgentry@meritagemidstream.com,(720)732-2141,,,,
9/1/2026,2021,20220555,40401,39847,"STONEHENGE LAUREL GATHERING, LLC",11400 WESTMOOR CIRCLE SUITE 200A,WESTMINSTER,CO,80021,Natural Gas,Joy Reeve,Compliance Assistant,jreeve@stonehengeenergy.com,(303)396-3317,,,,
9/1/2026,2021,20220878,40738,39850,"TAIT ELECTRIC GENERATING STATION, LLC",2101 ARBOR BLVD.,MORAINE,OH,45439,Natural Gas,Jeff Maynard,agent,jmaynard@uti-corp.com,(614)312-8484,Kurt Lammrish,Plant Manager,klammrish@kimurallc.com,(937)242-4303
9/1/2026,2021,20221017,40883,39854,INGEVITY CORPORATION,4920 O'HEAR AVENUE  SUITE 400,NORTH CHARLESTON,SC,29405,Natural Gas,Kristyn Christie,agent,kristyn.christie@everlineus.com,(936) 447-6100,,,,
9/1/2026,2021,20221347,41253,39861,"RED STICK GATHERING, LLC",111 SOUTH MAIN STREET,EUFAULA,OK,74432,Natural Gas,Mark Dobbs,Manager,jmarkdobbs@yahoo.com,(918)689-6931,,,,
9/1/2026,2021,20220658,40512,39862,"DTM BIRDSBORO PIPELINE, LLC",500 WOODWARD AVE. SUITE 2900,DETROIT,MI,48226,Natural Gas,Patrick Raichel,"Senior Supervisor, Codes & Compliance",patrick.raichel@dtmidstream.com,(716)327-6630,,,,
9/1/2026,2021,20220779,41413,39864,"HANLON GAS PROCESSING, LTD",PO BOX 548,BRECKENRIDGE,TX,76424,Natural Gas,VAN MOORE,GIS & DATA ANALYST,van@taurusgas.com,(254)559-2257,Todd Tidwell,Todd Tidwell,ttidwell@taurusgas.com,(254)559-2257
9/1/2026,2021,20221018,40884,39866,"WHITE MARLIN MIDSTREAM, LLC",5005 LYNDON B JOHNSON FWY 3300,DALLAS,TX,75244,Natural Gas,Kristyn Christie,agent,kristyn.christie@everlineus.com,(936) 447-6100,,,,
9/1/2026,2021,20220297,40136,39868,AMERESCO WOODLAND MEADOWS ROMULUS LLC,111 SPEEN STREET SUITE 410,FRAMINGHAM,MA,01701,Landfill Gas,Stevia Smith,Sr. Environmental Compliance Specialist,smiths@ameresco.com,(805)598-4386,,,,
9/1/2026,2021,20221342,41247,39874,"BEACON WEST ENERGY GROUP, LLC","1145 EUGENIA PL., SUITE 101",CARPINTERIA,CA,93013,Natural Gas,Keith Wenal,Chief Compliance Officer,keith.wenal@beacon-west.com,(805)395-9656,Keith Wenal,Keith Wenal,keith.wenal@beacon-west.com,(805)395-9656
9/1/2026,2021,20220136,39969,39875,PEOPLES ELECTRIC COOPERATIVE,1600 N COUNTRY CLUB RD,ADA,OK,74820,Natural Gas,Andrew Smith,Operations Manager,asmith@usdi.us,(316)305-6464,,,,
9/1/2026,2021,20220638,40487,39880,"TERRA TRANSMISSION, LLC.","13215 BEE CAVE PKWY, GALLERIA OAKS, BUILDING B, SUUITE B-250",BEE CAVE,TX,78738,Natural Gas,Brian Stiles,"Director Safety, Training,Compliance",brianstiles@sienergy.com,(903)651-1002,,,,
9/1/2026,2021,20221210,41086,39886,SPIRE STL PIPELINE LLC,700 MARKET ST.,SAINT LOUIS,MO,63101,Natural Gas,Randy Wilson,"Director, Pipeline Safety & Compliance",Randy.Wilson@spireenergy.com,(205)326-2987,Craig Hoeferlin,"VP, Operations Services & SMS",Craig.Hoeferlin@spireenergy.com,(314)349-2972
9/1/2026,2021,20220886,40746,39892,DAYLIGHT PETROLEUM LLC,1221 MCKINNEY ST.  STE. 2875,HOUSTON,TX,77001,Natural Gas,Floyd Belcher,Agent,floyd@papsoq.com,(281)379-1130,,,,
9/1/2026,2021,20220420,41277,39894,"AMP INTRASTATE PIPELINE, LLC",3811 TURTLE CREEK BLVD. SUITE 770,DALLAS,TX,75219,Natural Gas,Jennifer McGalliard,Consultant,jenn.mcgalliard@flatrockenergy.net,(405)570-7089,Matthew Cunningham,Vice President of Engineering & Operations,matthew.cunningham@aspenmidstream.com,(469)206-8161
9/1/2026,2021,20220270,40109,39901,"MARKWEST PIONEER, L.L.C.","1515 ARAPAHOE STREET TOWER 1, SUITE 1600",DENVER,CO,80202,Natural Gas,Victoria Randall,Pipeline Compliance Specialist,VMRandall@MPLX.com,(435)219-1288,,,,
9/1/2026,2021,20221093,40962,39903,HANNA OIL AND GAS COMPANY,60 SOUTH 6TH STREET PO BOX 1356,FORT SMITH,AR,72902,Natural Gas,Sam Hanna,Environmental Manager,shanna@hannaog.com,(479)651-7578,,,,
9/1/2026,2021,20221256,41134,39904,PERMIAN ADVANTAGE TOYAH LLC,5910 N CENTRAL EXPRESSWAY SUITE 1800,DALLAS,TX,75206,Natural Gas,Kristyn Christie,Compliance Manager,kristyn.christie@everlineus.com,(936)447-6100,,,,
9/1/2026,2021,20220712,40568,39905,REP PROCESSING,8222 DOUGLAS AVE SUITE 900,DALLAS,TX,75225,Natural Gas,Lance King,Director of Environmental and ROW,l.king@rimrockenergy.com,(405)400-9672,,,,
9/1/2026,2021,20220368,40210,39907,ENERFIN PIPELINE LLC,1001 SOUTH DAIRY ASHFORD RD. SUITE 220,HOUSTON,TX,77077,Natural Gas,"Mark A. Hanson, P.E.","Manager-Environmental, Safety & Regulatory Compliance",mhanson@enerfin.com,(918)493-5000,,,,
9/1/2026,2021,20221261,41297,39908,TALL OAK WOODFORD,"2575 KELLEY PARKWAY, SUITE 340",EDMOND,OK,73013,Natural Gas,Brandi Lowry,Director - EHS,blowry@talloakmidstream.com,(405)888-5585,,,,
9/1/2026,2021,20220267,40106,39909,"BEDROCK PRODUCTION, LLC",820 GESSNER  SUITE 1100,HOUSTON,TX,77024,Natural Gas,Jonathan Montoya,DOT Compliance Dir.,jmontoya@bedrockep.com,(817)202-5126,,,,
9/1/2026,2021,20220659,40513,39913,"DTM LOUISIANA GATHERING, LLC",500 WOODWARD AVE. SUITE 2900,DETROIT,MI,48226,Natural Gas,Patrick Raichel,"Senior Supervisor, Codes & Compliance",patrick.raichel@dtmidstream.com,(716)327-6630,,,,
9/1/2026,2021,20220271,40110,39918,"MARKWEST POWER TEX, L.L.C.","1515 ARAPAHOE STREET TOWER 1, SUITE 1600",DENVER,CO,80202,Natural Gas,Victoria Randall,Pipeline Compliance Specialist,VMRandall@MPLX.com,(435)219-1288,Greg Floerke,Executive Vice President,GSFloerke@MPLX.com,(303)476-5680
9/1/2026,2021,20220272,40111,39921,"MARKWEST TEXAS PNG UTILITY, L.L.C.","1515 ARAPAHOE STREET TOWER 1, SUITE 1600",DENVER,CO,80202,Natural Gas,Victoria Randall,Pipeline Compliance Specialist,VMRandall@MPLX.com,(435)219-1288,Greg Floerke,Executive Vice President,GSFloerke@MPLX.com,(303)476-5680
9/1/2026,2021,20220273,40112,39923,"MARKWEST PNG UTILITY, L.L.C.","1515 ARAPAHOE STREET TOWER 1, SUITE 1600",DENVER,CO,80202,Natural Gas,Victoria Randall,Pipeline Compliance Specialist,VMRandall@MPLX.com,(435)219-1288,Greg Floerke,Executive Vice President,GSFloerke@MPLX.com,(303)476-5680
9/1/2026,2021,20220198,40034,39928,JAMESTOWN BOARD OF PUBLIC UTILITIES,92 STEELE ST,JAMESTOWN,NY,14701,Natural Gas,Andrea Shacklett,Compliance Mgr.,ashacklett@douglaspipeline.com,(412)531-2440,David Leathers,General Manager,dleathers@jamestownbpu.com,716-661-1670
9/1/2026,2021,20220488,40334,39930,"AMP TEXAS PIPELINES, LLC",3811 TURTLE CREEK BLVD. SUITE 770,DALLAS,TX,75219,Natural Gas,Jennifer McGalliard,Consultant,jenn.mcgalliard@flatrockenergy.net,(405)570-7089,,,,
9/1/2026,2021,20221249,41127,39933,"CHEYENNE CONNECTOR, LLC",370 VAN GORDON STREET,LAKEWOOD,CO,80228,Natural Gas,Jennifer,Compliance Manager,jennifer.eckels@tallgrass.com,(303)763-3486,Byron Gale,Byron Gale,byron.gale@tallgrass.com,(303)763-3143
9/1/2026,2021,20221211,41087,39934,"CLEAR CREEK STORAGE COMPANY, LLC",3773 RICHMOND AVE SUITE 300,HOUSTON,TX,77046,Natural Gas,Randy Wilson,"Director, Pipeline Safety & Compliance",Randy.Wilson@spireenergy.com,(205)326-2987,,,,
9/1/2026,2021,20221212,41088,39935,SPIRE STORAGE WEST LLC,3773 RICHMOND AVE SUITE 300,HOUSTON,TX,77046,Natural Gas,Randy Wilson,"Director, Pipeline Safety & Compliance",Randy.Wilson@spireenergy.com,(205)326-2987,,,,
9/1/2026,2021,20221338,41241,39936,NOGP OPERATING COMPANY LLC,PO BOX 718,TEXARKANA,TX,75504,Natural Gas,Jeff Canady,agent,prcincorporated@aol.com,(405) 203-2484,,,,
9/1/2026,2021,20220636,40485,39937,BLACK MOUNTAIN SAND MIDCON LLC,420 COMMERCE ST,FORT WORTH,TX,76102,Natural Gas,Jeff Davidson,Agent,jeff.davidson@pplcompliance.com,(903)472-9310,,,,
9/1/2026,2021,20220019,39841,39939,NZ OPERATING COMPANY INC.,5315-B CYPRESS CREEK PKWY #131,HOUSTON,TX,77069,Natural Gas,Ron Sumner,President,rasumner2@yahoo.com,(281)537-5356,,,,
9/1/2026,2021,20220494,40340,39942,"RAVEN BUTENE-1, LLC",602 SAWYER ST,HOUSTON,TX,77007,Natural Gas,Jim Smith,Manager - EHSS / Regulatory Affairs,jim.smith@ravenchem.com,(870)312-1246,,,,
9/1/2026,2021,20220797,40657,39947,"WESTMORELAND GAS, LLC",415 HELIPORT LOOP PO BOX 470,BRIDGEPORT,WV,26330,Natural Gas,Jamie Andrews,Land & Business Development,mtnvnotices@mountainvoilandgas.com,(304)842-6320,,,,
9/1/2026,2021,20220909,40771,39950,"3 BEAR DELAWARE OPERATING-NM, LLC",1512 LARIMER ST. #540,Denver,CO,80202,Natural Gas,Elisabeth Klein,"Director, EHS Regulatory Compliance",lklein@3bearllc.com,(303)882-4404,,,,
9/1/2026,2021,20221325,41224,39951,"SPC RESOURCES, LLC","101 SOUTH 4TH STREET, SUITE B P. O. BX 1020",ARTESIA,NM,88210,Natural Gas,Hope Shelton,Consultant,hope@sheltonregconsulting.com,(318)453-4538,,,,
9/1/2026,2021,20220274,40113,39953,"OHIO GATHERING COMPANY, L.L.C.","1515 ARAPAHOE STREET TOWER 1, SUITE 1600",DENVER,CO,80202,Natural Gas,Victoria Randall,Pipeline Compliance Specialist,VMRandall@MPLX.com,(435)219-1288,,,,
9/1/2026,2021,20220275,40114,39954,"JEFFERSON GAS GATHERING COMPANY, L.L.C.","1515 ARAPAHOE STREET TOWER 1, SUITE 1600",DENVER,CO,80202,Natural Gas,Victoria Randall,Pipeline Compliance Specialist,VMRandall@MPLX.com,(435)219-1288,,,,
9/1/2026,2021,20220206,40042,39957,VALERO RENEWABLE FUELS,1660 428TH ST.,LAKOTA,IA,50451,Natural Gas,Bill Stephens,Mgr Codes & Standards,bill.stephens@blackhillscorp.com,(303)981-6474,,,,
9/1/2026,2021,20220310,40149,39972,AMERESCO NINETY FIRST AVENUE RENEWABLE BIOGAS,111 SPEEN STREET SUITE 410,FRAMINGHAM,MA,01701,Natural Gas,Stevia Smith,Sr. Environmental Compliance Specialist,smiths@ameresco.com,(508)598-4386,,,,
9/1/2026,2021,20220619,40468,39974,"PETRODOME OPERATING, LLC",15915 KATY FREEWAY SUITE 450,HOUSTON,TX,77094,Natural Gas,Jeff Davidson,Agent,jeff.davidson@pplcompliance.com,(903)472-9310,,,,
9/1/2026,2021,20220276,40115,39976,"MARKWEST LIBERTY BLUESTONE, L.L.C.","1515 ARAPAHOE STREET TOWER 1, SUITE 1600",DENVER,CO,80202,Natural Gas,Victoria Randall,Pipeline Compliance Specialist,VMRandall@MPLX.com,(435)219-1288,,,,
9/1/2026,2021,20220664,40518,39977,PENN ENERGY RESOURCES,"1000 COMMERCE DRIVE, PARK PLACE ONE SUITE 400",PITTSBURGH,PA,15275,Natural Gas,Vince Dalchuk,Agent,vdalchuk@uti-corp.com,(740)602-1180,,,,
9/1/2026,2021,20220718,40574,39978,"GALLOWAY LONE STAR, L.L.C.",9307 HUFFSMITH RD.,TOMBALL,TX,77375,Natural Gas,Floyd Belcher,Agent,floyd@papsoq.com,(281) 379-1130,,,,
9/1/2026,2021,20220743,40600,39981,WEST TYLER PIPELINE LLC,811 GILMER RD.,LONGVIEW,TX,75604,Natural Gas,Seleta Davis,Consultant,Seleta@whiterockcs.com,(903)704-0712,,,,
9/1/2026,2021,20220229,40065,39983,GOFF CONNECTOR LLC,"417 THORN STREET, SUITE 301",SEWICKLEY,PA,15143,Natural Gas,Jon Bender,"Director, Marcellus Basin Operations",jbender@fullstreameh.com,(724)350-3583,,,,
9/1/2026,2021,20220434,40280,39985,COLLEGIATE MIDSTREAM LLC,500 W. WALL STREET  SUITE 300,MIDLAND,TX,79701,Natural Gas,W Kinder,Superintendent Pipeline Operations,wa.kinder@arringtonoil.com,(817)219-9084,David Arrington,David Arrington,david.arrington@arringtonoil.com,(432)682-6685
9/1/2026,2021,20231237,42698,39986,"EMPIRE ENERGY E&P, LLC",100 EAST CHAUTAUQUA STREET,MAYVILLE,NY,14757,Natural Gas,Timothy Hull,Vice President,thull@empireenergyusa.com,(716)753-3385,,,,
9/1/2026,2021,20221336,41239,39989,"HG ENERGY II  APPALACHIA, LLC",5620 DUPONT ROAD,PARKERSBURG,WV,26101,Natural Gas,Diane White,Operator,dwhite@hgenergyllc.com,(304)420-1119,,,,
9/1/2026,2021,20220686,40541,39992,MEGLOBAL AMERICAS INC.,2150 TOWN SQUARE PLACE SUITE 750,SUGAR LAND,TX,77479,Other Gas-Ethylene Gas,Clay Hammontree,Process Engineer,crhammontree@meglobal.biz,(206)422-1242,,,,
9/1/2026,2021,20220788,40646,39992,MEGLOBAL AMERICAS INC.,2150 TOWN SQUARE PLACE SUITE 750,SUGAR LAND,TX,77479,Natural Gas,Clay Hammontree,Process Engineer,crhammontree@meglobal.biz,(206)422-1242,Scott Daigle,Vice President,sdaigle@meglobal.biz,(979)871-9888
9/1/2026,2021,20220600,40449,39993,"TRISTATE NLA, LLC",9901 VALLEY RANCH PKWY E SUITE 2060,IRVING,TX,75063,Natural Gas,Amy Guidry,Operator,amyg@tsmidstream.com,(469)872-1280,,,,
9/1/2026,2021,20220330,40584,39994,GULF POWER,"601 TRAVIS, SUITE 1900",HOUSTON,TX,77002,Natural Gas,David Busby,Sr. PGD Operations Specialist,david.busby@nexteraenergy.com,(713)951-5318,Danny Schedule,Sr Dir Midstream Ops & Construction,Danny.Schedule@nexteraenergy.com,713-374-1583
9/1/2026,2021,20220089,39919,39998,BOUNTY TRANSFER LLC,1513 SOUTH SANGRE ROAD,STILLWATER,OK,74074,Natural Gas,Robert Carter,Compliance Manager,kevin@ecotest.us,(580)219-0386,,,,
9/1/2026,2021,20221019,40885,39999,"MATHESON TRI-GAS, INC",11603 STRANG ROAD,LAPORTE,TX,77571,Hydrogen Gas,Kristyn Christie,agent,kristyn.christie@everlineus.com,(936) 447-6100,Jeffrey Swanson,ROC Manager,swanson@mathesongas.com,(281)417-2096
9/1/2026,2021,20220995,40861,40001,"KINCAID GENERATION, LLC",6555 SIERRA DRIVE,IRVING,TX,75039,Natural Gas,taylor Browne,Engineer,taylor@usdi.us,(618) 277-1520,,,,
9/1/2026,2021,20220871,42143,40002,LAYLINE OIL AND GAS LLC,820 GESSNER ROAD SUITE 1145,HOUSTON,TX,77024,Natural Gas,Craig Miller,Consultant,craig.miller@yahoo.com,(231)590-4053,,,,
9/1/2026,2021,20220285,40124,40003,"DOS CAMINOS, LLC",16211 LA CANTERA PARKWAY Suite 202,SAN ANTONIO,TX,78256,Natural Gas,Jon Hoffman,Regulatory Manager,jhoffman@howardep.com,(210)298-2229,,,,
9/1/2026,2021,20220856,40716,40005,LOS ANGELES WATER & POWER,111 N HOPE ST,LOS ANGELES,CA,90012,Natural Gas,Robert Painter,Mechanical Engineer,Robert.Painter@ladwp.com,(310)522-1316,Norman Cahill,Director of Power Supply Operations,NORMAN.CAHILL@ladwp.com,(213)367-4041
9/1/2026,2021,20221310,41198,40009,"DEAD HORSE OIL COMPANY, LLC",17 WEST MAIN ST,GREEN RIVER,UT,84525,Natural Gas,Dan Green,2021,dfgreen1@dslextreme.com,(775)636-3132,,,,
9/1/2026,2021,20220927,40790,40011,"JANO PIPELINE, LLC",1411 W WALNUT HILL LN,IRVING,TX,75038-3010,Natural Gas,Michael Silverstein,Director of Treasury & Risk Management,msilverstein@medve.com,(914)707-0356,,,,
9/1/2026,2021,20221021,41271,40013,"ENDEAVOR ENERGY RESOURCES, LP","110 N. MARIENFELD STREET, STE. 200",MIDLAND,TX,79701,Natural Gas,Kristyn Christie,Agent,kristyn.christie@everlineus.com,(936)447-6100,,,,
9/1/2026,2021,20220596,40444,40014,"AMP ANGELINA, LLC",2200 ROSS AVE SUITE 4600E,DALLAS,TX,75201,Natural Gas,Lauren Madden,BD Analyst,lmadden@alignmidstream.com,(214)238-5842,,,,
9/1/2026,2021,20221225,41102,40018,"BUZZARDS BENCH, LLC",3580 ORR RD Address Line 2,ALLEN,TX,75002,Natural Gas,Kristyn Christie,Agent,kristyn.christie@everlineus.com,(936)447-6100,,,,
9/1/2026,2021,20220300,40139,40024,"BRANCH ENERGY PARTNERS, LLC",PO BOX 9678,THE WOODLANDS,TX,77387,Natural Gas,Chris O'Shea,Business Analyst,cjo@branch-energy.com,(713)201-1752,,,,
9/1/2026,2021,20221302,41188,40027,ENSIGN OPERATING LLC,5875 N SAM HOUSTON PKWY W SUITE 600,HOUSTON,TX,77086,Natural Gas,Randol Tellkamp,Permitting Lead,randol.tellkamp@ensignnr.com,(281)800-3409,,,,
9/1/2026,2021,20221366,41296,40029,"VM ARKOMA STACK, LLC",2575 KELLEY POINTE PARKWAY SUITE 340,EDMOND,OK,73013,Natural Gas,Brandi Lowry,Director - EHS,blowry@talloakmidstream.com,(405)888-5585,,,,
9/1/2026,2021,20221056,40924,40034,TEXAS PETROLEUM INVESTMENT COMPANY,5850 SAN FELIPE,LAFAYETTE,LA,70508,Natural Gas,Kristyn Christie,agent,kristyn.christie@everlineus.com,(936) 447-6100,,,,
9/1/2026,2021,20221361,41281,40035,"FORDYCE OIL & GAS, LLC",PO BOX 681,SULLIVAN CITY,TX,78595,Natural Gas,Fructuoso Canales,Agent,tochojr@yahoo.com,(361)701-8671,,,,
9/1/2026,2021,20220356,40198,40037,"BUCHANAN GENERATION, LLC",1000 CONSOL ENERGY DRIVE,CANONSBURG,PA,15317,Natural Gas,Stanley Schurdak,Engineer,stanleyschurdak@cnx.com,(724)485-4342,,,,
9/1/2026,2021,20221319,41217,40038,"JM INVESTMENTS, LLC",18059 CR 421,CROSS PLAINS,TX,76443,Natural Gas,Michael Butler,Owner/Member,jminvllc@yahoo.com,(254)631-9338,,,,
9/1/2026,2021,20220656,40510,40039,STREAMLINE MIDSTREAM INC.,PO BOX 117,ALEX,OK,73002,Natural Gas,James Smith,Supervisor,streamlinemidstream@yahoo.com,(405)756-4422,,,,
9/1/2026,2021,20221121,40991,40044,"COGENT INTRASTATE PIPELINE,LLC",2000 MCKINNEY AVENUE SUITE 400,DALLAS,TX,75201,Natural Gas,Jennifer Mcgalliard,Consultant,jenn.mcgalliard@flatrockenergy.net,(405)570-7089,,,,
9/1/2026,2021,20220692,40547,40045,"COMSTOCK OIL & GAS, LLC","5300 TOWN & COUNTRY BLVD. , SUITE 500",FRISCO,TX,75034,Natural Gas,Floyd Belcher,Agent,floyd@papsoq.com,(281)379-1130,,,,
9/1/2026,2021,20220965,40988,40049,"DANE RENEWABLE ENERGY, LLC",414 SOUTH MAIN STREET,ANN ARBOR,MI,48104,Landfill Gas,Andrew McCollom,Supervisor - Engineering & Construction,amccollom@usdi.us,(660)947-3316,,,,
9/1/2026,2021,20220162,39995,40050,ECO ENERGY NATURAL GAS LLC,6100 TOWER CIRCLE SUITE 500,FRANKLIN,TN,37067,Natural Gas,Brandon Clemons,Consultant,brandon@enservsolutions.com,(346)224-3412,,,,
9/1/2026,2021,20220693,40548,40052,"COMSTOCK OIL & GAS -- LA, LLC","5300 TOWN & COUNTRY BLVD. , SUITE 500",FRISCO,TX,75034,Natural Gas,Floyd Belcher,Agent,floyd@papsoq.com,(281) 379-1130,,,,
9/1/2026,2021,20221070,41317,40053,"TRANSCAMERON PIPELINE, LLC",1001 19TH STREET NORTH SUITE 1500,ARLINGTON,VA,22209,Natural Gas,Cassie harrison,Director Regulatory Compliance,cassie.harrison@venturegloballng.com,(713)419-7783,Brian Cothran,Chief Operating Officer,bcothran@VENTUREGLOBALLNG.COM,(202)920-0957
9/1/2026,2021,20220673,40527,40054,"WEST WICHITA GAS GATHERING, LLC",10077 GROGANS MILL RD SUITE 300,THE WOODLANDS,TX,77380,Natural Gas,Anthoney Jaramillo,Compliance Mangager,tjaramillo@durangomidstream.com,(580)641-6143,,,,
9/1/2026,2021,20251466,46924,40055,CAMBRIA ASPHALT,5204 JUNCTION RD,LOCKPORT,NY,14094,Natural Gas,Gregory Maliken,Natural Gas Consultant,g_s_mali@yahoo.com,(716)861-7426,,,,
9/1/2026,2021,20221373,41326,40057,POLARIS OPERATING,8226 DOUGLAS AVENUE SUITE 325,DALLAS,TX,75225,Natural Gas,Carson Frederick,Controller,carson@polarisoperating.com,(214)758-0317,,,,
9/1/2026,2021,20221026,40892,40060,"FROST BROTHERS PIPELINE, LLC",PO BOX 1715,FORT WORTH,TX,76101,Natural Gas,Kristyn Christie,agent,kristyn.christie@everlineus.com,(936) 447-6100,,,,
9/1/2026,2021,20220167,40001,40062,AMERESCO (USCG BALTIMORE),111 SPEEN STREET SUITE 410,FRAMINGHAM,MA,01701,Landfill Gas,Paul Harrington,Plant Manager,pharrington@ameresco.com,(815)508-2929,,,,
9/1/2026,2021,20221316,41214,40065,TITAN ROCK EXPLORATION & PRODUCTION,1601 ELM ST SUITE 3500,DALLAS,TX,75201,Natural Gas,Robert Martinez,President,Robert.Martinez@titanrockep.com,(214)254-3860,,,,
9/1/2026,2021,20220572,40419,40069,"STINGRAY PIPELINE COMPANY, LLC",1300 MAIN STREET,HOUSTON,TX,77002,Natural Gas,Todd Nardozzi,Director - Regulatory Compliance,todd.nardozzi@energytransfer.com,(713)989-7126,Jennifer Street,Group SVP - Operations Services,jennifer.street@energytransfer.com,(214)981-0700
9/1/2026,2021,20220540,40386,40072,TEXAS AMERICAN RESOURCES COMPANY,201 WEST 5TH ST.  SUITE 1300,AUSTIN,TX,78701,Natural Gas,Adam Hughes,Vice President - Operations,ahughes@texasarc.com,(512)924-9303,,,,
9/1/2026,2021,20221320,41219,40080,INDORAMA VENTURES OXIDES LLC,24 WATERWAY AVE  SUITE 1100,THE WOODLANDS,TX,77380,Hydrogen Gas,Scott Steele,Operator - Pipeline & Measurement Team Leader,scott.steele@us.indorama.net,(409)723-3592,,,,
9/1/2026,2021,20221321,41220,40080,INDORAMA VENTURES OXIDES LLC,24 WATERWAY AVE  SUITE 1100,THE WOODLANDS,TX,77380,Other Gas-Refinery Gas,Scott Steele,Operator - Pipeline & Measurement Team Leader,scott.steele@us.indorama.net,(409)723-3592,Alastair Port,President,alastair.port@us.indorama.net,(346)365-6129
9/1/2026,2021,20221337,41245,40081,CCI EAST TEXAS UPSTREAM,1749 US HIGHWAY 79 SOUTH,CARTHAGE,TX,75633,Natural Gas,Richard Gersch,Midstream Superintendent,jerod.gersch@tgnr.com,(903)291-4200,,,,
9/1/2026,2021,20220232,40069,40084,CAMINO REAL GAS GATHERING COMPANY LLC,"1001 LOUISIANA ST, SUITE 1000",HOUSTON,TX,77002,Natural Gas,Shelley Dietz,Pipeline Engineer,shelley_dietz@kindermorgan.com,(713)420-4417,,,,
9/1/2026,2021,20220585,40432,40085,"TRISTATE RTX, LLC",9901 VALLEY RANCH PKWY E  SUITE 2060,IRVING,TX,75063,Natural Gas,Amy Guidry,Operator,amyg@tsmidstream.com,(469)872-1280,Mark Oliver,VP of Operations,marko@tsmidstream.com,(469)872-1280
9/1/2026,2021,20220582,40429,40086,"TRISTATE RLA, LLC",9901 VALLEY RANCH PKWY E SUITE 2060,IRVING,TX,75063,Natural Gas,Amy Guidry,Operator,amyg@tsmidstream.com,(469)872-1280,,,,
9/1/2026,2021,20220754,40611,40093,AIR LIQUIDE ADVANCED TECHNOLOGIES US LLC G,9807 KATY FREEWAY SUITE 100,HOUSTON,TX,77024,Other Gas-Processed Landfill Methane,Judith Messerly,agent for Air Liquide,jamesserly@roachassoc.com,(412) 344-9310,,,,
9/1/2026,2021,20220724,40580,40095,"PETROTX OPERATING, LLC",900 ROCKMEAD #220,KINGWOOD,TX,77339,Natural Gas,Floyd Belcher,Agent,floyd@papsoq.com,(281)379-1130,,,,
9/1/2026,2021,20220827,40687,40098,"HIGH ROLLER SAND OPERATING, LLC",203 SOUTH FIRST STREET,LUFKIN,TX,75901,Natural Gas,Dave Sturniolo,"Director of Environmental, Health and Safety",dsturniolo@highrollersand.com,(928)235-0566,,,,
9/1/2026,2021,20220862,40722,40119,VERMILLION POWER,7101 W. ERIE AVE.,LORAIN,OH,44053,Natural Gas,Jeff Maynard,agent,jmaynard@uti-corp.com,(614)312-8484,,,,
9/1/2026,2021,20221024,40890,40121,LINN COUNTY ROAD DEPARTMENT,3010 FERRY STREET SW,ALBANY,OR,97322,Natural Gas,Kristyn Christie,agent,kristyn.christie@everlineus.com,(936) 447-6100,Darrin Lane,Director,dlane@co.linn.or.us,(541)967-3919
9/1/2026,2021,20220065,39890,40122,BCE-MACH III MIDSTREAM HOLDINGS LLC,14201 WIRELESS WAY  SUITE 300,OKLAHOMA CITY,OK,73134,Natural Gas,Terra Wright,Process Safety Management,twright@machresources.com,(318)461-9883,,,,
9/1/2026,2021,20220164,39998,40123,"BEECH MIDSTREAM, LLC","3033 E. 1ST AVENUE, SUITE 505",DENVER,CO,80206,Natural Gas,Donald Stevenson,Regulatory Manager,dstevenson@beechresources.com,(570)601-4138,,,,
9/1/2026,2021,20220639,41344,40128,IACX ROCK CREEK LLC,"5001 LBJ FREEWAY, SUITE 300",DALLAS,TX,75244,Natural Gas,Justin Wheeler,Director of EHS,justinwheeler@iacx.com,(972)679-2147,,,,
9/1/2026,2021,20220055,39880,40129,"ZFS ITHACA, LLC",2525 84TH AVENUE,ZEELAND,MI,49464,Natural Gas,Michael Wendling,operator,mwendling@usdi.us,(618)392-5502,,,,
9/1/2026,2021,20220098,39928,40131,ARAPAHO GREENWHEEL SPV,401 TEXAS ST SUITE 1510,SHREVEPORT,LA,71101,Natural Gas,Russ Rogers,Analyst,russ.rogers@brammer.com,(318)429-2382,,,,
9/1/2026,2021,20220902,40763,40132,"XCL MIDSTREAM OPERATING, LLC",380 SOUTHPOINTE BOULEVARD SUITE 215,CANONSBURG,PA,15317,Natural Gas,Kevin Roberts,Director,kroberts@xclmidstream.com,(484)844-3292,,,,
9/1/2026,2021,20221235,41362,40133,SENECA FOODS - NW GAS CONTRACTED,314 MAIN ST NE PO BOX 721,MAPLETON,MN,56065,Landfill Gas,CHERI LANDSTEINER,COMPLIANCE,CHERI@NWNGAS.COM,(507)524-4103,,,,
9/1/2026,2021,20221215,41374,40135,"FR COMPLIANCE, LLC",9720 CYPRESSWOOD DR STE 360,HOUSTON,TX,77070,Natural Gas,Schuyler Dickerson,Regulatory Consultant,schuyler.dickerson@everlineus.com,(832)386-5484,Schuyler Dickerson,Regulatory Consultant,schuyler.dickerson@everlineus.com,(832)386-5484
9/1/2026,2021,20220144,40160,40139,"VENICE GATHERING SYSTEM, L.L.C.",2103 RESEARCH FOREST DR. 300,THE WOODLANDS,TX,77380,Natural Gas,Aimee Deady,VP Regulatory,aimee@arenaoffshore.com,(281)210-3180,,,,
9/1/2026,2021,20220024,39846,40143,"TEJAS POWER GENERATION, LLC",12100 HIRAM CLARK RD BUILDING D,HOUSTON,TX,77045,Natural Gas,David Smolinski,Engineering Manager,David.Smolinski@shell.com,(832)337-1447,,,,
9/1/2026,2021,20230552,41960,40145,"POTAC, LLC",6600 UPRIVER RD,CORPUS CHRISTI,TX,78409,Natural Gas,Jennifer Mcgalliard,Consultant,jenn.mcgalliard@flatrockenergy.net,(405)570-7089,,,,
9/1/2026,2021,20221027,40893,40147,"NUGULF OPERATING, LLC",PO BOX 54003,LAFAYETTE,LA,70505,Natural Gas,Kristyn Christie,agent,kristyn.christie@everlineus.com,(936) 447-6100,,,,
9/1/2026,2021,20221353,41263,40148,"OSAGE HILLS PIPELINE COMPANY, LLC",97 STATE HWY 123,BARNSDALL,OK,74002,Natural Gas,Dustin Kerbs,Engineer,dkerbs@ppcooil.com,(918)847-2531,,,,
9/1/2026,2021,20220023,39845,40150,BLACKHAWK ENERGY LLC,200 INNOVATION BOULEVARD,STATE COLLEGE,PA,16803,Natural Gas,Paul T. Morris,Managing Member,paul@bhawkenergy.com,(814)996-4949,,,,
9/1/2026,2021,20221277,41156,40152,POST OAK MIDSTREAM,4400 POST OAK PKWY Suite 2360,Houston,TX,77027,Natural Gas,Ryan Ignasiak,Permitting,rignasiak@csoginc.com,(713)554-4620,,,,
9/1/2026,2021,20220430,41335,40155,COWBOY MIDSTREAM LLC,323 SOUTH DAVID STREET PO BOX 2886,CASPER,WY,82602,Natural Gas,Greg Werger,Managing Operation Partner,gwerger@cowboymidstreamllc.com,(307)337-1412,,,,
9/1/2026,2021,20221119,40989,40159,"NEW ORGANIC DIGESTION, LLC",715 SUPERIOR ROAD SUITE 103,GREEN BAY,WI,54311,Landfill Gas,Andrew mcCollom,Supervisor - Engineering & Construction,amccollom@usdi.us,(660)947-3316,,,,
9/1/2026,2021,20220096,39926,40162,CITY OF AUGUSTA,113 E. 6TH ST.,AUGUSTA,KS,67010,Natural Gas,Andrew Smith,Operations Manager,asmith@usdi.us,(316)305-6464,Jim Sutton,Utility Superintendent,jsutton@augustagov.org,(316)775-4527
9/1/2026,2021,20221379,41348,40166,"REMORA OPERATING, LLC","807 LAS CIMAS PKWY BUILDING 2, SUITE 275",AUSTIN,TX,78746,Natural Gas,Parth Jain,Engineer - Operations,Parth@atlasoperating.com,(832)360-0196,,,,
9/1/2026,2021,20220597,40445,40172,PROLINE ENERGY RESOURCES INC,4645 SWEETWATER BLVD STE 500,SUGAR LAND,TX,77479,Natural Gas,Vikrant Lakhanpal,Petroleum Engineer,compliance@prolinenergy.com,(832)886-4420,,,,
9/1/2026,2021,20220226,40062,40173,NICHOLS OPERATING LLC,8157 S 100 W,FORT BRANCH,IN,47648,Natural Gas,Thomas Nichols,Operator,nicholsop@gmail.com,(812)753-3600,,,,
9/1/2026,2021,20221363,41285,40175,MSLATEX PIPELINE COMPANY,2461 TOWER DRIVE,MONROE,LA,71201,Natural Gas,Brock Kitchingham,Operations Manager,brock.kitchingham@ergon.com,(318)322-1414,,,,
9/1/2026,2021,20220629,40478,40176,VCP MICHIGAN,4800 BRYANT IRVIN COURT,FORT WORTH,TX,76107,Natural Gas,Jeff Davidson,Agent,jeff.davidson@pplcompliance.com,(903)472-9310,,,,
9/1/2026,2021,20220489,42074,40177,"LADDER CREEK, LLC",41707 COUNTY ROAD P,CHEYENNE WELLS,CO,80810,Natural Gas,Jennifer Mcgalliard,Consultant,jenn.mcgalliard@flatrockenergy.net,(405)570-7089,,,,
9/1/2026,2021,20220121,39953,40178,JACKSON GENERATION LLC,1900 E GOLF RD. SUITE 1030,SCHAUMBURG,IL,60173,Natural Gas,Michael Wendling,operator,mwendling@usdi.us,(618)392-5502,Kevin Miller,"Senior Director, Engineering & Construction",kmiller@jpowerusa.com,(847)908-2835
9/1/2026,2021,20220345,40186,40180,"MARAGAS TEXAS UTILITIES, LLC","450 GEARS ROAD, SUITE 850",HOUSTON,TX,77067,Natural Gas,jesse klanke,Project Manager,jessek@mmslp.com,(713)278-0600,,,,
9/1/2026,2021,20220649,40498,40181,"MEC HOLDINGS, LLC",1 FAZIO LANE,MANKATO,MN,56001,Natural Gas,Nichols Dan,Compliance Officer,dnichols@psi-llc.com,(719)418-4210,DJ Hoheisel,Plant Manager,Dennis.Hoheisel@OnwardEnergy.com,(507)299-2280
9/1/2026,2021,20220133,39966,40186,RED ROCK BIOFUELS,18281 KADRMAS RD,LAKEVIEW,OR,97630,Natural Gas,Andrew Smith,Operations Manager,asmith@usdi.us,(316)305-6464,,,,
9/1/2026,2021,20221340,41269,40189,SULPHUR RIVER GATHERING LLC,"4851 LBJ FREEWAY, SUITE 550",DALLAS,TX,75244,Natural Gas,Kristyn Christie,Agent,Kristyn.christie@everlineus.com,(936)447-6100,,,,
9/1/2026,2021,20220496,40342,40191,TW NATURAL GAS PIPELINE,6965 TRUCK WORLD BLVD,HUBBARD,OH,44425,Natural Gas,Vince Dalchuk,Agent,vdalchuk@uti-corp.com,(740)620-1180,,,,
9/1/2026,2021,20220942,40806,40193,"CADDEAUX GATHERING , LLC","601 TRAVIS ST, SUITE 1900",HOUSTON,TX,77002,Natural Gas,David Busby,Sr. PGD Operations Specialist,david.busby@nexteraenergy.com,(713)951-5318,,,,
9/1/2026,2021,20220826,40686,40196,EVERSOURCE GAS OF MASSACHUSETTS,157 CORDAVILLE RD,SOUTHBOROUGH,MA,01772,Natural Gas,Lori L. Page,Compliance Specialist,lori.page@eversource.com,(351)353-0503,Gregory J. Hill,Vice President - Gas Engineering,gregory.hill@eversource.com,(508)836-7047
9/1/2026,2021,20221307,41304,40197,"CROSS LAKE GATHERING, LLC",329 S MAIN ST #201,FORT WORTH,TX,76104,Natural Gas,Paige Burns,Regulatory Affairs Administrator,pburns@pinewaveep.com,(214)850-7011,,,,
9/1/2026,2021,20220160,39993,40198,"REPUBLIC SERVICES OF WISCONSIN, LIMITED PARTNERSHIP",1969 OAKES ROAD,RACINE,WI,53406,Landfill Gas,Michael Weiler,Engineer - Senior Vice President,mweiler@usdi.us,(618)320-0845,,,,
9/1/2026,2021,20231457,43094,40199,VENTEX OPERATING CORPORATION,4761 FRANK LUKE DR,ADDISON,TX,77501,Natural Gas,Schuyler Dickerson,Regulatory Consultant,schuyler.dickerson@everlineus.com,(832)386-5484,,,,
9/1/2026,2021,20221066,40934,40200,PHILLIPS 66 COMPANY - BORGER REFINERY,2331 CITYWEST BLVD S820-06,HOUSTON,TX,77042,Natural Gas,Todd Fuksa,Director DOT Compliance Operations,todd.t.fuksa@p66.com,(832)765-1632,,,,
9/1/2026,2021,20220546,40392,40204,"SCM OPERATIONS, LLC","5825 N SAM HOUSTON PKWY W, SUITE 150",HOUSTON,TX,77086,Natural Gas,Joan Harris,Director of Compliance,Joan.Harris@SCmid.com,(713)515-6916,,,,
9/1/2026,2021,20221284,41166,40207,J POSEY OPERATING LLC,P.O. BOX 2807,DAYTON,TX,77535,Natural Gas,Floyd Belcher,Agent,floyd@papsoq.com,(281)379-1130,,,,
9/1/2026,2021,20220423,40269,40209,"CRESCENT PIPELINE PARTNERSHIP, LP",16420 PARK TEN PLACE SUITE 126,HOUSTON,TX,77384,Natural Gas,Frank e Rizzo,Consultant,fer9696@gmail.com,(936)755-4152,,,,
9/1/2026,2021,20221057,41376,40215,"3CM MONTEGUT, LLC",1501 MCKINNEY ST.  800,HOUSTON,TX,77010,Natural Gas,Nicklas Pavlovsky,Manager Pipeline Regulatory Compliance,npavlovsky@third-coast.com,(346)241-3368,Brian Nielsen,"VP, Operations",bnielsen@third-coast.com,(346)241-3400
9/1/2026,2021,20221352,41262,40216,AUGEAN RNG PROJECT LLC,"235 PINE ST., SUITE 1100",SAN FRANCISCO,CA,94104,Natural Gas,Kristyn Christie,Agent,kristyn.christie@everlineus.com,(936)447-6100,,,,
9/1/2026,2021,20220930,40793,40218,MAS SHREVEPORT RNG LLC,MAS ENERGY 3340 PEACHTREE ROAD,ATLANTA,GA,30326,Landfill Gas,Troy LeSage,Asset Manager,tlesage@mas-energy.com,(404)474-0744,,,,
9/1/2026,2021,20220866,40726,40223,"CRANBERRY CREEK LANDFILL, LLC",2510 ENGEL ROAD,WISCONSIN RAPIDS,WI,54495,Landfill Gas,Jason Brangers,"Senior VP, USDI",jason@usdi.us,(502)819-1338,Tom Beaulieu,President,TBeaulie@wm.com,(262)250-8702
9/1/2026,2021,20220697,40552,40226,"INR MIDSTREAM, LLC.",2605 CRANBERRY SQUARE,MORGANTOWN,WV,26508,Natural Gas,Roach and Associates/Judith Messerly,Agent for INR,jamesserly@roachassoc.com,(412)310-0721,,,,
9/1/2026,2021,20221332,41233,40228,SIMCOE LLC,1199 MAIN AVENUE SUITE 101,DURANGO,CO,81301,Natural Gas,William Winters,DOT Coordinator,william.winters@ikavenergy.com,(970)903-3778,,,,
9/1/2026,2021,20220112,39944,40230,"BLACKHILL ENERGY, LLC",4600 J BARRY COURT SUITE 320,CANONSBURG,PA,15317,Natural Gas,Regina Logue,Regulatory/Environmental Manager,rlogue@energyoperatingcorp.com,(724)202-1124,,,,
9/1/2026,2021,20221367,41303,40232,ENCRESCENT LLC,5217 MCKINNEY AVE SUITE 555 555,DALLAS,TX,75205,Natural Gas,Brady Britten,Vice President,Brady@encrescent.com,(214)296-2567,,,,
9/1/2026,2021,20220547,40393,40237,"SHERIDAN PRODUCTION COMPANY III, LLC","1360 POST OAK BLVD, SUITE 2500",HOUSTON,TX,77056,Natural Gas,Keith Wedgeworth,Sr. EHS Coordinator,Keith.wedgeworth@sheridanproduction.com,(903)323-5510,,,,
9/1/2026,2021,20221375,41328,40242,"PURENERGY OPERATING SERVICES, LLC",2571 MAIN STREET EXTENSION,SAYREVILLE,NJ,08872,Landfill Gas,Peter Murray,Plant Manager,Peter.Murray@purenergyllc.com,(732)289-4265,,,,
9/1/2026,2021,20220510,40356,40249,LEESBURG LP,3963 MAPLE AVVE SUITE 300,DALLAS,TX,75219,Natural Gas,Julie Lang,Director,jlang@leesburglp.com,(817)312-5517,,,,
9/1/2026,2021,20220419,40265,40254,"GEMINI CARTHAGE PIPELINE, LLC",1221 MCKINNEY STREET SUITE 3175,HOUSTON,TX,77010,Natural Gas,Jennifer Mcgalliard,Consultant,jenn.mcgalliard@flatrockenergy.net,(405)570-7089,,,,
9/1/2026,2021,20220074,39901,40257,"BEAVER GAS GATHERING, LLC",7100 NORTH HIGH STREET  SUITE 303,WORTHINGTON,OH,43085,Natural Gas,John F. Miller,Geoscience Manager,john.miller@geopetrollc.com,(614)885-9350,,,,
9/1/2026,2021,20221326,41225,40260,"LUBBOCK GAS GATHERING LTD., LLP",5535 AIRPORT FREEWAY 5535 AIRPORT FREEWAY,FORT WORTH,TX,76117,Natural Gas,Derrick Varnell,Chief Officer,dvarnell@mocappartners.com,(817)920-7599,,,,
9/1/2026,2021,20220846,40706,40265,"HEP JAVELINA PIPELINE COMPANY, LLC",16211 LA CANTERA PKWY SUITE 202,SAN ANTONIO,TX,78256,Natural Gas,Jon Hoffman,ESG & Regulatory Manager,jhoffman@howardep.com,(210)298-2229,Brandon Burch,"EVP, COO",bburch@howardep.com,(210)298-2256
9/1/2026,2021,20220847,40707,40266,"HEP JAVELINA COMPANY, LLC",16211 LA CANTERA PKWY SUITE 202,SAN ANTONIO,TX,78256,Hydrogen Gas,Jon Hoffman,ESG & Regulatory Manager,jhoffman@howardep.com,(210)298-2229,Brandon Burch,"EVP, COO",bburch@howardep.com,(210)298-2256
9/1/2026,2021,20220849,40709,40267,"HEP GAS SERVICES, LLC",16211 LA CANTERA PKWY SUITE 202,SAN ANTONIO,TX,78256,Hydrogen Gas,Jon Hoffman,ESG & Regulatory Manager,jhoffman@howardep.com,(210)298-2229,Brandon Burch,"EVP, COO",bburch@howardep.com,(210)298-2256
9/1/2026,2021,20220772,40630,40269,"LES PROJECT HOLDINGS, LLC","1605 NORTH CEDAR CREST BLVD., SUITE 509",ALLENTOWN,PA,18104,Landfill Gas,JASON BRANGERS,"Senior VP, USDI",jason@usdi.us,(502)819-1338,,,,
9/1/2026,2021,20220857,40717,40270,STAGECOACH GAS SERVICES LLC,"1001 LOUISIANA ST, SUITE 1000",HOUSTON,TX,77002,Natural Gas,Stacy Weatherly,Administrative Assistant,stacy_weatherly@kindermorgan.com,(713)420-6286,Jorge Torres,VP - Pipeline Integrity,jorge_torres@kindermorgan.com,(713)369-9232
9/1/2026,2021,20221285,41167,40273,GIBBONS CREEK ENV. RDV. GROUP,12601 PLANTSIDE DRIVE,LOUISVILLE,KY,40299,Natural Gas,Floyd Belcher,Agent,floyd@papsoq.com,(281)379-1130,,,,
9/1/2026,2021,20220602,40451,40274,"BOARDWALK LOUISIANA GAS TRANSMISSION, LLC",9 GREENWAY PLAZA SUITE 2800,HOUSTON,TX,77046,Natural Gas,Ashley Kuehn,GIS Analyst Sr.,ashley.kuehn@bwpmlp.com,(281)450-3192,Jeff Sanderson,Sr VP Operations,Jeff.Sanderson@bwpipelines.com,(713)479-1063
9/1/2026,2021,20220793,40653,40278,CUMBERLAND COUNTY SOLID WASTE,698 ANN STREET,FAYETTEVILLE,NC,28301,Landfill Gas,Amanda Bader,Director,abader@co.cumberland.nc.us,(910)438-4041,,,,
9/1/2026,2021,20220384,40226,40281,"IRON PENNSYLVANIA LAND, LLC.",855 KIRBY ROAD,WAYNESBURG,PA,15370,Other Gas-processed coalbed methane,Judith Messerly,Agent for Iron,jamesserly@roachassoc.com,(412)344-9310,,,,
9/1/2026,2021,20220721,40577,40288,"POLARIS PIPELINE SYSTEMS, LLC",3698 RANCH ROAD 620 SOUTH SUITE 113,AUSTIN,TX,78738,Natural Gas,Christina Martin,agent,cmartin@papsoq.com,(281) 379-1130,,,,
9/1/2026,2021,20220933,40796,40292,"ASPIRE ENERGY EXPRESS, LLC",300 TRACY BRIDGE ROAD,ORRVILLE,OH,44667,Natural Gas,Richard Welsh,Manager Operations Compliance,RWELSH@CHPK.com,(302)213-7276,,,,
9/1/2026,2021,20221005,40871,40295,"FUNDARE RESOURCES OPERATING COMPANY, LLC",5251 DTC Pkwy Ste #950,Greenwood Village,CO,80111,Natural Gas,Howard Vest,Consultant,svest@greenspireea.com,(720)644-7721,Daniel Seaver,VP Midstream,DSeaver@fundareresources.com,(303)519-7246
9/1/2026,2021,20221208,41084,40296,"LONGWOOD RB PIPELINE, LLC","5400 LBJ FREEWAY, SUITE 1500",DALLAS,TX,75240,Natural Gas,Chad Long,Agent,long@sphere3env.com,(903)297-4673,,,,
9/1/2026,2021,20220264,40103,40303,LOUISIANA STATE GAS LLC,303 VETERANS AIRPARK LANE,MIDLAND,TX,79705,Natural Gas,Ray Reed,Director of Compliance,rreed@westtexasgas.com,(806)351-1321,,,,
9/1/2026,2021,20220404,40248,40313,"CALNRG OPERATING, LLC",1746-F SOUTH VICTORIA AVE #245,VENTURA,CA,93003,Natural Gas,Matt Pearson,Facilities Manager,matt.pearson@calnrg.com,(805)746-7851,,,,
9/1/2026,2021,20220734,40591,40324,NAVAJO TRIBAL UTILITY AUTHORITY,PO BOX 170,FORT DEFIANCE,AZ,86504,Natural Gas,Antony Davison,Natural Gas Manager,antonyd@ntua.com,(928)729-4655,,,,
9/1/2026,2021,20221266,41145,40326,"TIGER GAS UTILITY, LLC","19500 STATE HWY 249, SUITE 570",HOUSTON,TX,77070,Natural Gas,Marcus Spillson,Senior VP of Land & Regulatory Affairs,marcus@crescentpass.com,(281)671-0399,,,,
9/1/2026,2021,20221303,41226,40333,UPHAM OIL AND GAS COMPANY LP,999 ENERGY AVE,MINERAL WELLS,TX,76067,Natural Gas,Will hobbs,Vice President,whobbs@upham.us,(940)325-4491,,,,
9/1/2026,2021,20221133,42950,40338,SUMMIT MIDSTREAM PERMIAN 2 LLC,910 LOUISIANA ST. SUITE 4200,HOUSTON,TX,77002,Natural Gas,Robert Hurt,Lead Specialist Pipeline Compliance,robert.hurt@summitmidstream.com,(832)930-6518,,,,
9/1/2026,2021,20221174,41048,40343,"BKV BARNETT, LLC",1209 COUNTY ROAD 1304,BRIDGEPORT,TX,76426,Natural Gas,Grant Mcafee,President,gm@resolutecompliance.com,(214)912-7945,,,,
9/1/2026,2021,20221318,41216,40345,ATLAS OPERATING LLC,1900 ST. JAMES PLACE SUITE 800,HOUSTON,TX,77056,Natural Gas,Mohamad Hajou,Engineer,production@atlasoperating.com,(281)893-9400,,,,
9/1/2026,2021,20221358,41274,40356,"FAULCONER ENERGY, LLC",PO BOX 7995,TYLER,TX,75711,Natural Gas,Floyd Belcher,Agent,floyd@papsoq.com,(281)379-1130,,,,
9/1/2026,2021,20221365,41294,40380,"TOPS PIPELINE, LLC",2200 ROSS AVE SUITE 4600E,DALLAS,TX,75201,Natural Gas,Lauren Madden,BD Analyst,lmadden@alignmidstream.com,(214)238-5842,,,,
9/1/2026,2021,20221380,41353,40382,OZONA RESIDUE SYSTEMS CO,101 MEDICAL DRIVE,OZONA,TX,76943,Natural Gas,Cheryl Rowell,regulatory specialist,Kim@redstagop.com,(325)392-3721,,,,
9/1/2026,2021,20221376,41329,40389,"BRILEY OPERATING, LLC",3045 LACKLAND RD,FORT WORTH,TX,76116,Natural Gas,Kristyn Christie,Agent,kristyn.christie@everlineus.com,(936)447-6100,,,,
9/1/2026,2021,20221370,41320,40399,GLE MANAGEMENT SERVICES LLC,500 CORPORATE LANDING,CHARLESTON,WV,25311,Natural Gas,Kyle Flanagan,Manager Pipeline Integrity and Compliance,kflanagan@greylockenergy.com,(304)941-9006,,,,
9/1/2026,2021,20221372,41323,40405,"BSR GAS MARKETING, LTD.",977 PRUITT PLACE,TYLER,TX,75703,Natural Gas,Steve Sims,Compliance Officer,stevesims@barrowshaver.com,(903)593-5221,,,,
9/1/2026,2021,20231473,43136,40697,"MATHESON TRI-GAS, INC. - (PA)",909 LAKE CAROLYN PARKWAY,IRVING,TX,75039,Hydrogen Gas,Schuyler Dickerson,Regulatory Consultant,sdickerson@thecompgroup.com,(832)386-5484,James Murphree,Director Environmental Compliance,jmurphree@mathesongas.com,(931)296-8151
9/1/2026,2021,20220406,40250,99054,US STEEL,602 HELENA ST.,WEST MIFFLIN,PA,15122,Other Gas-COKE OVEN GAS,Zachary Kozlowski,DOT MANAGER,Zachary.kozlowski@enerfab.com,(412)874-9483,Mark Wilson,MVW Energy Manager,markwilson@uss.com,(412)639-6026
,,,,,,,,,,,,,,,,,,
,,,,,,,,,,,,,,,,,,
,,,,,,,,,,,,,,,,,,
,,,,,,,,,,,,,,,,,,
,,,,,,,,,,,,,,,,,,
,,,,,,,,,,,,,,,,,,
,,,,,,,,,,,,,,,,,,
,,,,,,,,,,,,,,,,,,
,,,,,,,,,,,,,,,,,,
,,,,,,,,,,,,,,,,,,
,,,,,,,,,,,,,,,,,,
,,,,,,,,,,,,,,,,,,
,,,,,,,,,,,,,,,,,,
,,,,,,,,,,,,,,,,,,
