DATAFILE_AS_OF,REPORT_YEAR,REPORT_NUMBER,SUPPLEMENTAL_NUMBER,OPERATOR_ID,PARTA2NAMEOFCOMP,PARTA5COMMODITY,INTER_INTRA,STATE_NAME,PARTLTONC1,PARTLTONC2,PARTLTONC3,PARTLTONC4,PARTLTONTOT,PARTLTRONHCA,PARTLTRON192MILES,PARTLTRONCLASS34,PARTLTRONCLASS12,PARTLTOFFC1,PARTLTOFFTOT,PARTLTROFFHCA,PARTLTROFF192MILES,PARTLTROFFCLASS34,PARTLTROFFCLASS12,PARTLTC1TOT,PARTLTC2TOT,PARTLTC3TOT,PARTLTC4TOT,PARTLTTOTAL,PARTLTRHCATOTAL,PARTLTR192MILESTOTAL,PARTLTRCLASS34TOTAL,PARTLTRCLASS12TOTAL,PARTLGONAC2,PARTLGONAC3,PARTLGONAC4,PARTLGONATOT,PARTLGONBC2,PARTLGONBC3,PARTLGONBC4,PARTLGONBTOT,PARTLGONCC1,PARTLGONCTOT,PARTLGOFFC1,PARTLGOFFTOT,PARTLGC1TOT,PARTLGC2TOT,PARTLGC3TOT,PARTLGC4TOT,PARTLGTOTAL,PARTLC1TOT,PARTLC2TOT,PARTLC3TOT,PARTLC4TOT,PARTLTOTAL
9/1/2026,2022,20230983,42422,3,ACADIAN GAS PIPELINE SYSTEM,Natural Gas,INTRASTATE,LOUISIANA,1210.39,107.828,75.112,0.552,1393.882,27.225,148.239,37.739,1180.677,0,0,,,,,1210.39,107.828,75.112,0.552,1393.882,27.225,148.239,37.739,1180.677,0,0,0,0,0,0,0,0,5.504,5.504,0,0,5.504,0,0,0,5.504,1215.894,107.828,75.112,0.552,1399.386
9/1/2026,2022,20230466,43001,117,AIR PRODUCTS & CHEMICALS INC,Hydrogen Gas,INTERSTATE,LOUISIANA,205.24,78.62,45.19,0,329.05,3.88,36.78,10.33,278.08,0,0,,,,,205.24,78.62,45.19,0,329.05,3.88,36.78,10.33,278.08,,,,0,,,,0,0,0,,0,0,0,0,0,0,205.24,78.62,45.19,0,329.05
9/1/2026,2022,20230466,43001,117,AIR PRODUCTS & CHEMICALS INC,Hydrogen Gas,INTERSTATE,TEXAS,71.26,46.73,44.67,0,162.66,7.38,18.79,19.42,117.06,22.06,22.06,,,,22.06,93.32,46.73,44.67,0,184.72,7.38,18.79,19.42,139.12,0,0,0,0,0,0,0,0,0,0,0,0,0,0,0,0,0,93.32,46.73,44.67,0,184.72
9/1/2026,2022,20230466,43001,117,AIR PRODUCTS & CHEMICALS INC,Hydrogen Gas,INTRASTATE,CALIFORNIA,0.19,4.33,19.82,2.03,26.37,7.12,3.66,11.08,4.51,0,0,,,,,0.19,4.33,19.82,2.03,26.37,7.12,3.66,11.08,4.51,,,,0,,,,0,0,0,,0,0,0,0,0,0,0.19,4.33,19.82,2.03,26.37
9/1/2026,2022,20230466,43001,117,AIR PRODUCTS & CHEMICALS INC,Hydrogen Gas,INTRASTATE,OHIO,0,0.04,1.91,0,1.95,0,0,1.91,0.04,0,0,,,,,0,0.04,1.91,0,1.95,0,0,1.91,0.04,,,,0,,,,0,0,0,,0,0,0,0,0,0,0,0.04,1.91,0,1.95
9/1/2026,2022,20230466,43001,117,AIR PRODUCTS & CHEMICALS INC,Hydrogen Gas,INTRASTATE,TEXAS,9.23,24.28,17.01,0,50.52,0.78,3.98,12.25,33.51,0,0,,,,,9.23,24.28,17.01,0,50.52,0.78,3.98,12.25,33.51,,,,0,,,,0,0,0,,0,0,0,0,0,0,9.23,24.28,17.01,0,50.52
9/1/2026,2022,20230461,41862,117,AIR PRODUCTS & CHEMICALS INC,Other Gas-Carbon Monoxide,INTRASTATE,TEXAS,36.05,18.67,35.14,0,89.86,1.84,0.48,32.83,54.73,0,0,,,,,36.05,18.67,35.14,0,89.86,1.84,0.48,32.83,54.73,0,0,0,0,0,0,0,0,0,0,0,0,0,0,0,0,0,36.05,18.67,35.14,0,89.86
9/1/2026,2022,20230446,41847,117,AIR PRODUCTS & CHEMICALS INC,Other Gas-Fuel Gas,INTERSTATE,LOUISIANA,5.85,1.39,2.76,0,10,0.58,0.09,2.09,7.23,0,0,,,,,5.85,1.39,2.76,0,10,0.58,0.09,2.09,7.23,0,0,0,0,0,0,0,0,0,0,0,0,0,0,0,0,0,5.85,1.39,2.76,0,10
9/1/2026,2022,20230444,41845,117,AIR PRODUCTS & CHEMICALS INC,Synthetic Gas,INTRASTATE,TEXAS,5.16,5.87,11.08,0,22.11,1.45,2.54,7.09,11.02,0,0,,,,,5.16,5.87,11.08,0,22.11,1.45,2.54,7.09,11.02,0,0,0,0,0,0,0,0,0,0,0,0,0,0,0,0,0,5.16,5.87,11.08,0,22.11
9/1/2026,2022,20231322,42787,180,SPIRE ALABAMA INC.,Natural Gas,INTRASTATE,ALABAMA,56.325,71.461,91.418,3.317,222.521,27.66,41.65,31.857,121.353,0,0,,,,,56.325,71.461,91.418,3.317,222.521,27.66,41.65,31.857,121.353,0,0,0,0,0,0,0,0,0,0,0,0,0,0,0,0,0,56.325,71.461,91.418,3.317,222.521
9/1/2026,2022,20231287,42749,189,"BBT ALATENN, LLC",Natural Gas,INTERSTATE,ALABAMA,142.749,43.502,52.759,1.463,240.473,12.776,23.299,32.016,172.382,0,0,,,,,142.749,43.502,52.759,1.463,240.473,12.776,23.299,32.016,172.382,0,0,0,0,0,0,0,0,0,0,0,0,0,0,0,0,0,142.749,43.502,52.759,1.463,240.473
9/1/2026,2022,20231287,42749,189,"BBT ALATENN, LLC",Natural Gas,INTERSTATE,MISSISSIPPI,18.583,15.626,0.348,0,34.557,0.234,0.372,0.096,33.855,0,0,,,,,18.583,15.626,0.348,0,34.557,0.234,0.372,0.096,33.855,0,0,0,0,0,0,0,0,0,0,0,0,0,0,0,0,0,18.583,15.626,0.348,0,34.557
9/1/2026,2022,20231287,42749,189,"BBT ALATENN, LLC",Natural Gas,INTERSTATE,TENNESSEE,16.934,5.153,0.123,0.157,22.367,0.161,0.438,0.119,21.649,0,0,,,,,16.934,5.153,0.123,0.157,22.367,0.161,0.438,0.119,21.649,0,0,0,0,0,0,0,0,0,0,0,0,0,0,0,0,0,16.934,5.153,0.123,0.157,22.367
9/1/2026,2022,20230623,46878,207,ALASKA PIPELINE CO,Natural Gas,INTRASTATE,ALASKA,214.612,46.879,126.102,0,387.593,41.003,76.267,33.113,238.188,0,0,,,,,214.612,46.879,126.102,0,387.593,41.003,76.267,33.113,238.188,0,0,0,0,0,0,0,0,0,0,0,0,0,0,0,0,0,214.612,46.879,126.102,0,387.593
9/1/2026,2022,20230211,41601,270,"ALEXANDRIA MUNICIPLE GAS SYSTEM, CITY OF",Natural Gas,INTRASTATE,LOUISIANA,0.11,0,0,0,0.11,,,,,0,0,,,,,0.11,0,0,0,0.11,,,,,0,0,0,0,0,0,0,0,0,0,0,0,0,0,0,0,0,0.11,0,0,0,0.11
9/1/2026,2022,20231190,42646,288,"ALGONQUIN GAS TRANSMISSION, L.L.C. (SPECTRA ENERGY PARTNERS, LP)",Natural Gas,INTERSTATE,CONNECTICUT,122.98,85.31,178.73,0,387.02,109.94,92.63,29.96,154.49,0,0,0,,,,122.98,85.31,178.73,0,387.02,109.94,92.63,29.96,154.49,0,0,0,0,0,0,0,0,0,0,0,0,0,0,0,0,0,122.98,85.31,178.73,0,387.02
9/1/2026,2022,20231190,42646,288,"ALGONQUIN GAS TRANSMISSION, L.L.C. (SPECTRA ENERGY PARTNERS, LP)",Natural Gas,INTERSTATE,MASSACHUSETTS,145.17,80.49,212.28,12.81,450.75,114.78,131.81,12.01,192.15,5.99,5.99,0,,,5.99,151.16,80.49,212.28,12.81,456.74,114.78,131.81,12.01,198.14,0,0,0,0,0,0,0,0,0,0,0,0,0,0,0,0,0,151.16,80.49,212.28,12.81,456.74
9/1/2026,2022,20231190,42646,288,"ALGONQUIN GAS TRANSMISSION, L.L.C. (SPECTRA ENERGY PARTNERS, LP)",Natural Gas,INTERSTATE,NEW JERSEY,45.68,10.3,79.89,0,135.87,62.64,39.01,0,34.22,0,0,,,,,45.68,10.3,79.89,0,135.87,62.64,39.01,0,34.22,0,0,0,0,0,0,0,0,0,0,0,0,0,0,0,0,0,45.68,10.3,79.89,0,135.87
9/1/2026,2022,20231190,42646,288,"ALGONQUIN GAS TRANSMISSION, L.L.C. (SPECTRA ENERGY PARTNERS, LP)",Natural Gas,INTERSTATE,NEW YORK,22.85,9.54,55.07,0,87.46,48.2,21.06,0.4,17.8,0,0,0,,,,22.85,9.54,55.07,0,87.46,48.2,21.06,0.4,17.8,0,0,0,0,0,0,0,0,0,0,0,0,0,0,0,0,0,22.85,9.54,55.07,0,87.46
9/1/2026,2022,20231190,42646,288,"ALGONQUIN GAS TRANSMISSION, L.L.C. (SPECTRA ENERGY PARTNERS, LP)",Natural Gas,INTERSTATE,OCS-Atlantic,0,0,0,0,0,0,0,0,0,3.58,3.58,0,0,0,3.58,3.58,0,0,0,3.58,0,0,0,3.58,0,0,0,0,0,0,0,0,0,0,0,0,0,0,0,0,0,3.58,0,0,0,3.58
9/1/2026,2022,20231190,42646,288,"ALGONQUIN GAS TRANSMISSION, L.L.C. (SPECTRA ENERGY PARTNERS, LP)",Natural Gas,INTERSTATE,RHODE ISLAND,20.17,11.77,28.18,0,60.12,13.27,17.18,3.06,26.61,0,0,0,,,,20.17,11.77,28.18,0,60.12,13.27,17.18,3.06,26.61,0,0,0,0,0,0,0,0,0,0,0,0,0,0,0,0,0,20.17,11.77,28.18,0,60.12
9/1/2026,2022,20230003,41385,383,AMARILLO NATURAL GAS INC,Natural Gas,INTRASTATE,KANSAS,1.71,0,0.01,0,1.72,,,,1.72,0,0,,,,,1.71,0,0.01,0,1.72,,,,1.72,0,0,0,0,0,0,0,0,0,0,0,0,0,0,0,0,0,1.71,0,0.01,0,1.72
9/1/2026,2022,20230003,41385,383,AMARILLO NATURAL GAS INC,Natural Gas,INTRASTATE,TEXAS,18.853,2.199,0,0,21.052,0,0,0,21.052,0,0,,,,,18.853,2.199,0,0,21.052,0,0,0,21.052,0,0,0,0,0,0,0,0,0,0,0,0,0,0,0,0,0,18.853,2.199,0,0,21.052
9/1/2026,2022,20230857,46982,405,ANR PIPELINE CO,Natural Gas,INTERSTATE,ARKANSAS,61.721,1.36,1.297,0,64.378,1.774,0.983,0,61.619,0,0,,,,,61.721,1.36,1.297,0,64.378,1.774,0.983,0,61.619,0,0,0,0,0,0,0,0,0,0,0,0,0,0,0,0,0,61.721,1.36,1.297,0,64.378
9/1/2026,2022,20230857,46982,405,ANR PIPELINE CO,Natural Gas,INTERSTATE,ILLINOIS,557.098,55.589,23.634,0,636.321,43.768,50.424,0.006,542.125,0,0,,,,,557.098,55.589,23.634,0,636.321,43.768,50.424,0.006,542.125,0,0,0,0,0,0,0,0,0,0,0,0,0,0,0,0,0,557.098,55.589,23.634,0,636.321
9/1/2026,2022,20230857,46982,405,ANR PIPELINE CO,Natural Gas,INTERSTATE,INDIANA,763.388,166.434,46.471,0,976.293,78.35,141.234,0.142,756.567,0,0,,,,,763.388,166.434,46.471,0,976.293,78.35,141.234,0.142,756.567,0,0,0,0,0,0,0,0,0,0,0,0,0,0,0,0,0,763.388,166.434,46.471,0,976.293
9/1/2026,2022,20230857,46982,405,ANR PIPELINE CO,Natural Gas,INTERSTATE,IOWA,581.383,12.881,7.297,0,601.561,5.959,12.516,1.625,581.46,0,0,,,,,581.383,12.881,7.297,0,601.561,5.959,12.516,1.625,581.46,0,0,0,0,0,0,0,0,0,0,0,0,0,0,0,0,0,581.383,12.881,7.297,0,601.561
9/1/2026,2022,20230857,46982,405,ANR PIPELINE CO,Natural Gas,INTERSTATE,KANSAS,827.655,4.447,0,0,832.102,0.959,7.142,0,824.001,0,0,,,,,827.655,4.447,0,0,832.102,0.959,7.142,0,824.001,0,0,0,0,0,0,0,0,0,0,0,0,0,0,0,0,0,827.655,4.447,0,0,832.102
9/1/2026,2022,20230857,46982,405,ANR PIPELINE CO,Natural Gas,INTERSTATE,KENTUCKY,265.112,13.01,0,0,278.122,1.775,33.625,,242.724,0,0,,,,,265.112,13.01,0,0,278.122,1.775,33.625,,242.724,0,0,0,0,0,0,0,0,0,0,0,0,0,0,0,0,0,265.112,13.01,0,0,278.122
9/1/2026,2022,20230857,46982,405,ANR PIPELINE CO,Natural Gas,INTERSTATE,LOUISIANA,856.716,85.58,12.027,0,954.323,14.631,89.927,0,849.767,0,0,,,,,856.716,85.58,12.027,0,954.323,14.631,89.927,0,849.767,0,0,0,0,0,0,0,0,0,0,0,0,0,0,0,0,0,856.716,85.58,12.027,0,954.323
9/1/2026,2022,20230857,46982,405,ANR PIPELINE CO,Natural Gas,INTERSTATE,MICHIGAN,970.412,264.491,75.319,0,1310.222,90.722,164.408,2.677,1052.414,0,0,,,,,970.412,264.491,75.319,0,1310.222,90.722,164.408,2.677,1052.414,0,0,0,0,0,0,0,0,0,0,0,0,0,0,0,0,0,970.412,264.491,75.319,0,1310.222
9/1/2026,2022,20230857,46982,405,ANR PIPELINE CO,Natural Gas,INTERSTATE,MISSISSIPPI,315.257,46.591,11.113,0,372.961,17.74,50.803,0,304.419,0,0,,,,,315.257,46.591,11.113,0,372.961,17.74,50.803,0,304.419,0,0,0,0,0,0,0,0,0,0,0,0,0,0,0,0,0,315.257,46.591,11.113,0,372.961
9/1/2026,2022,20230857,46982,405,ANR PIPELINE CO,Natural Gas,INTERSTATE,MISSOURI,268.009,2.009,2.189,0,272.207,2.63,3.447,0.241,265.887,0,0,,,,,268.009,2.009,2.189,0,272.207,2.63,3.447,0.241,265.887,0,0,0,0,0,0,0,0,0,0,0,0,0,0,0,0,0,268.009,2.009,2.189,0,272.207
9/1/2026,2022,20230857,46982,405,ANR PIPELINE CO,Natural Gas,INTERSTATE,NEBRASKA,8.642,0,0,0,8.642,0,0,0,8.642,0,0,,,,,8.642,0,0,0,8.642,0,0,0,8.642,0,0,0,0,0,0,0,0,0,0,0,0,0,0,0,0,0,8.642,0,0,0,8.642
9/1/2026,2022,20230857,46982,405,ANR PIPELINE CO,Natural Gas,INTERSTATE,OHIO,263.329,30.324,22.652,0,316.305,25.303,28.063,0.195,262.745,0,0,,,,,263.329,30.324,22.652,0,316.305,25.303,28.063,0.195,262.745,0,0,0,0,0,0,0,0,0,0,0,0,0,0,0,0,0,263.329,30.324,22.652,0,316.305
9/1/2026,2022,20230857,46982,405,ANR PIPELINE CO,Natural Gas,INTERSTATE,OKLAHOMA,346.322,0,0,0,346.322,0,1.126,0,345.196,0,0,,,,,346.322,0,0,0,346.322,0,1.126,0,345.196,0,0,0,0,0,0,0,0,0,0,0,0,0,0,0,0,0,346.322,0,0,0,346.322
9/1/2026,2022,20230857,46982,405,ANR PIPELINE CO,Natural Gas,INTERSTATE,TENNESSEE,294.929,31.387,2.551,0,328.867,3.461,37.652,0,287.754,0,0,,,,,294.929,31.387,2.551,0,328.867,3.461,37.652,0,287.754,0,0,0,0,0,0,0,0,0,0,0,0,0,0,0,0,0,294.929,31.387,2.551,0,328.867
9/1/2026,2022,20230857,46982,405,ANR PIPELINE CO,Natural Gas,INTERSTATE,TEXAS,137.062,0,0,0,137.062,0,0,0,137.062,0,0,,,,,137.062,0,0,0,137.062,0,0,0,137.062,0,0,0,0,0,0,0,0,0,0,0,0,0,0,0,0,0,137.062,0,0,0,137.062
9/1/2026,2022,20230857,46982,405,ANR PIPELINE CO,Natural Gas,INTERSTATE,WISCONSIN,1347.168,274.924,191.495,0,1813.587,140.687,156.65,4.849,1511.402,0,0,,,,,1347.168,274.924,191.495,0,1813.587,140.687,156.65,4.849,1511.402,0,0,0,0,0,0,0,0,0,0,0,0,0,0,0,0,0,1347.168,274.924,191.495,0,1813.587
9/1/2026,2022,20230857,46982,405,ANR PIPELINE CO,Natural Gas,INTRASTATE,MICHIGAN,2.434,0.495,0,0,2.929,0,,0,2.929,0,0,,,,,2.434,0.495,0,0,2.929,0,,0,2.929,0,0,0,0,0,0,0,0,0,0,0,0,0,0,0,0,0,2.434,0.495,0,0,2.929
9/1/2026,2022,20231204,42663,473,"WESTERN MIDSTREAM PARTNERS, LP",Natural Gas,INTERSTATE,NEW MEXICO,3,0,0,0,3,0,0,0,3,,0,,,,,3,0,0,0,3,0,0,0,3,0,0,0,0,0,0,0,0,0,0,,0,0,0,0,0,0,3,0,0,0,3
9/1/2026,2022,20231204,42663,473,"WESTERN MIDSTREAM PARTNERS, LP",Natural Gas,INTERSTATE,TEXAS,23.7,0,0,0,23.7,0,0,0,23.7,0,0,,,,,23.7,0,0,0,23.7,0,0,0,23.7,0,0,0,0,0,0,0,0,0,0,0,0,0,0,0,0,0,23.7,0,0,0,23.7
9/1/2026,2022,20231204,42663,473,"WESTERN MIDSTREAM PARTNERS, LP",Natural Gas,INTERSTATE,WYOMING,239.81,2.47,0,0,242.28,0,0.7,0,241.58,0,0,,,,,239.81,2.47,0,0,242.28,0,0.7,0,241.58,0,0,0,0,0,0,0,0,0,0,0,0,0,0,0,0,0,239.81,2.47,0,0,242.28
9/1/2026,2022,20231204,42663,473,"WESTERN MIDSTREAM PARTNERS, LP",Natural Gas,INTRASTATE,COLORADO,3.71,0.25,0,0,3.96,0,0.76,0,3.2,0,0,,,,,3.71,0.25,0,0,3.96,0,0.76,0,3.2,101.93,84.28,0,186.21,0,0,0,0,793.4,793.4,0,0,793.4,101.93,84.28,0,979.61,797.11,102.18,84.28,0,983.57
9/1/2026,2022,20231204,42663,473,"WESTERN MIDSTREAM PARTNERS, LP",Natural Gas,INTRASTATE,TEXAS,3.11,0,0,0,3.11,0,0,0,3.11,0,0,,,,,3.11,0,0,0,3.11,0,0,0,3.11,1.6,0,0,1.6,0,0,0,0,1461,1461,0,0,1461,1.6,0,0,1462.6,1464.11,1.6,0,0,1465.71
9/1/2026,2022,20231204,42663,473,"WESTERN MIDSTREAM PARTNERS, LP",Natural Gas,INTRASTATE,UTAH,2.13,0,0,0,2.13,0,0,0,2.13,0,0,,,,,2.13,0,0,0,2.13,0,0,0,2.13,0,0,0,0,0,0,0,0,0.13,0.13,0,0,0.13,0,0,0,0.13,2.26,0,0,0,2.26
9/1/2026,2022,20231204,42663,473,"WESTERN MIDSTREAM PARTNERS, LP",Natural Gas,INTRASTATE,WYOMING,69,0,0,0,69,0,0.41,0,68.6,0,0,,,,,69,0,0,0,69,0,0.41,0,68.6,0,0,0,0,0,0,0,0,879.2,879.2,0,0,879.2,0,0,0,879.2,948.2,0,0,0,948.2
9/1/2026,2022,20230566,41974,515,DAKOTA GASIFICATION COMPANY,Synthetic Gas,INTRASTATE,NORTH DAKOTA,39.77,0,0,0,39.77,,,,39.77,0,0,,,,,39.77,0,0,0,39.77,,,,39.77,0,0,0,0,0,0,0,0,0,0,0,0,0,0,0,0,0,39.77,0,0,0,39.77
9/1/2026,2022,20230818,42246,570,FERNDALE PIPELINE SYSTEM,Natural Gas,INTRASTATE,WASHINGTON,31.2,0.7,4.3,0,36.2,2,4,0,30.2,0,0,,,,,31.2,0.7,4.3,0,36.2,2,4,0,30.2,0,0,0,0,0,0,0,0,0,0,0,0,0,0,0,0,0,31.2,0.7,4.3,0,36.2
9/1/2026,2022,20230235,41626,585,ARGYLE MUNICIPAL GAS SYSTEM,Natural Gas,INTRASTATE,MINNESOTA,2.01,0,0,0,2.01,,,,2.01,0,0,,,,,2.01,0,0,0,2.01,,,,2.01,0,0,0,0,0,0,0,0,0,0,0,0,0,0,0,0,0,2.01,0,0,0,2.01
9/1/2026,2022,20231193,46738,602,"ENABLE GAS TRANSMISSION, LLC",Natural Gas,INTERSTATE,ARKANSAS,2221.89,493.75,197.13,0,2912.77,46.41,152.58,82.09,2631.69,0,0,,,,,2221.89,493.75,197.13,0,2912.77,46.41,152.58,82.09,2631.69,0,0,0,0,0,0,0,0,0,0,0,0,0,0,0,0,0,2221.89,493.75,197.13,0,2912.77
9/1/2026,2022,20231193,46738,602,"ENABLE GAS TRANSMISSION, LLC",Natural Gas,INTERSTATE,KANSAS,26.72,1.93,4.4,0,33.05,1.47,0,2.93,28.65,0,0,,,,,26.72,1.93,4.4,0,33.05,1.47,0,2.93,28.65,0,0,0,0,0,0,0,0,0,0,0,0,0,0,0,0,0,26.72,1.93,4.4,0,33.05
9/1/2026,2022,20231193,46738,602,"ENABLE GAS TRANSMISSION, LLC",Natural Gas,INTERSTATE,LOUISIANA,589.4,120.97,71.08,0,781.45,10.51,35.69,41.77,693.48,0,0,,,,,589.4,120.97,71.08,0,781.45,10.51,35.69,41.77,693.48,0,0,0,0,0,0,0,0,0,0,0,0,0,0,0,0,0,589.4,120.97,71.08,0,781.45
9/1/2026,2022,20231193,46738,602,"ENABLE GAS TRANSMISSION, LLC",Natural Gas,INTERSTATE,MISSISSIPPI,0.71,0.73,1.87,0,3.31,0.24,1.63,0,1.44,0,0,,,,,0.71,0.73,1.87,0,3.31,0.24,1.63,0,1.44,0,0,0,0,0,0,0,0,0,0,0,0,0,0,0,0,0,0.71,0.73,1.87,0,3.31
9/1/2026,2022,20231193,46738,602,"ENABLE GAS TRANSMISSION, LLC",Natural Gas,INTERSTATE,MISSOURI,2.28,0,0,0,2.28,0,0,0,2.28,0,0,,,,,2.28,0,0,0,2.28,0,0,0,2.28,0,0,0,0,0,0,0,0,0,0,0,0,0,0,0,0,0,2.28,0,0,0,2.28
9/1/2026,2022,20231193,46738,602,"ENABLE GAS TRANSMISSION, LLC",Natural Gas,INTERSTATE,OKLAHOMA,1349.81,73.89,60.04,0,1483.74,15.66,27.1,40.8,1400.18,0,0,,,,,1349.81,73.89,60.04,0,1483.74,15.66,27.1,40.8,1400.18,0,0,0,0,0,0,0,0,0,0,0,0,0,0,0,0,0,1349.81,73.89,60.04,0,1483.74
9/1/2026,2022,20231193,46738,602,"ENABLE GAS TRANSMISSION, LLC",Natural Gas,INTERSTATE,TENNESSEE,7.15,0.3,0,0,7.45,0,0,0,7.45,0,0,,,,,7.15,0.3,0,0,7.45,0,0,0,7.45,0,0,0,0,0,0,0,0,0,0,0,0,0,0,0,0,0,7.15,0.3,0,0,7.45
9/1/2026,2022,20231193,46738,602,"ENABLE GAS TRANSMISSION, LLC",Natural Gas,INTERSTATE,TEXAS,301.08,103.12,42.42,0,446.62,9.94,12,24.07,400.61,0,0,,,,,301.08,103.12,42.42,0,446.62,9.94,12,24.07,400.61,0,0,0,0,0,0,0,0,0,0,0,0,0,0,0,0,0,301.08,103.12,42.42,0,446.62
9/1/2026,2022,20231196,42652,603,SUMMIT UTILITIES INC.,Natural Gas,INTRASTATE,ARKANSAS,16.503,22.511,29.782,0,68.796,7.506,12.84,9.604,38.845,0,0,,,,,16.503,22.511,29.782,0,68.796,7.506,12.84,9.604,38.845,0,0,0,0,0,0,0,0,0,0,0,0,0,0,0,0,0,16.503,22.511,29.782,0,68.796
9/1/2026,2022,20231196,42652,603,SUMMIT UTILITIES INC.,Natural Gas,INTRASTATE,OKLAHOMA,0.056,0,1.819,0,1.875,,1.819,,0.056,0,0,,,,,0.056,0,1.819,0,1.875,,1.819,,0.056,0,0,0,0,0,0,0,0,0,0,0,0,0,0,0,0,0,0.056,0,1.819,0,1.875
9/1/2026,2022,20231195,42651,621,ARKANSAS OKLAHOMA GAS CORP,Natural Gas,INTRASTATE,ARKANSAS,29.42,17.02,4.22,0,50.66,,,4.22,46.44,0,0,,,,,29.42,17.02,4.22,0,50.66,,,4.22,46.44,0,0,0,0,0,0,0,0,0,0,0,0,0,0,0,0,0,29.42,17.02,4.22,0,50.66
9/1/2026,2022,20231195,42651,621,ARKANSAS OKLAHOMA GAS CORP,Natural Gas,INTRASTATE,OKLAHOMA,37.95,18.03,8.33,0,64.31,0.76,,7.57,55.98,0,0,,,,,37.95,18.03,8.33,0,64.31,0.76,,7.57,55.98,0,0,0,0,0,0,0,0,0,0,0,0,0,0,0,0,0,37.95,18.03,8.33,0,64.31
9/1/2026,2022,20230713,43095,660,"ARLINGTON ENERGY GROUP, LLC",Natural Gas,INTRASTATE,MISSISSIPPI,13,8,5,0,26,0,0,10,16,0,0,,,,,13,8,5,0,26,0,0,10,16,0,0,0,0,0,0,0,0,0,0,0,0,0,0,0,0,0,13,8,5,0,26
9/1/2026,2022,20231039,42482,792,ATLANTA GAS LIGHT CO,Landfill Gas,INTRASTATE,GEORGIA,0.5,0.6,5.4,0,6.5,6.4,0,0,0.1,0,0,,,,,0.5,0.6,5.4,0,6.5,6.4,0,0,0.1,0,0,0,0,0,0,0,0,0,0,0,0,0,0,0,0,0,0.5,0.6,5.4,0,6.5
9/1/2026,2022,20231045,42488,792,ATLANTA GAS LIGHT CO,Natural Gas,INTRASTATE,GEORGIA,379.6,196.1,438.4,2.2,1016.3,444.6,22,0.3,549.4,0,0,,,,,379.6,196.1,438.4,2.2,1016.3,444.6,22,0.3,549.4,0,0,0,0,0,0,0,0,0,0,0,0,0,0,0,0,0,379.6,196.1,438.4,2.2,1016.3
9/1/2026,2022,20231037,42480,840,MOJAVE PIPELINE OPERATING COMPANY,Natural Gas,INTERSTATE,ARIZONA,1.504,0.452,0,0,1.956,0.455,0.329,0,1.172,0,0,,,,,1.504,0.452,0,0,1.956,0.455,0.329,0,1.172,0,0,0,0,0,0,0,0,0,0,0,0,0,0,0,0,0,1.504,0.452,0,0,1.956
9/1/2026,2022,20231037,42480,840,MOJAVE PIPELINE OPERATING COMPANY,Natural Gas,INTERSTATE,CALIFORNIA,543.439,15.129,1.461,0,560.029,12.952,95.906,0,451.171,0,0,,,,,543.439,15.129,1.461,0,560.029,12.952,95.906,0,451.171,0,0,0,0,0,0,0,0,0,0,0,0,0,0,0,0,0,543.439,15.129,1.461,0,560.029
9/1/2026,2022,20230527,41933,842,AIR LIQUIDE LARGE INDUSTRIES U.S. LP,Hydrogen Gas,INTRASTATE,LOUISIANA,1.28,0,0,0,1.28,,,,1.28,0,0,,,,,1.28,0,0,0,1.28,,,,1.28,0,0,0,0,0,0,0,0,0,0,0,0,0,0,0,0,0,1.28,0,0,0,1.28
9/1/2026,2022,20230527,41933,842,AIR LIQUIDE LARGE INDUSTRIES U.S. LP,Hydrogen Gas,INTRASTATE,TEXAS,241.31,63.06,63.25,0,367.62,7.08,7.68,50.79,302.06,0,0,,,,,241.31,63.06,63.25,0,367.62,7.08,7.68,50.79,302.06,0,0,0,0,0,0,0,0,0,0,0,0,0,0,0,0,0,241.31,63.06,63.25,0,367.62
9/1/2026,2022,20230475,41878,842,AIR LIQUIDE LARGE INDUSTRIES U.S. LP,Natural Gas,INTRASTATE,TEXAS,0.82,0,0.16,0,0.98,,,0.16,0.82,0,0,,,,,0.82,0,0.16,0,0.98,,,0.16,0.82,0,0,0,0,0,0,0,0,0,0,0,0,0,0,0,0,0,0.82,0,0.16,0,0.98
9/1/2026,2022,20230473,41876,842,AIR LIQUIDE LARGE INDUSTRIES U.S. LP,Synthetic Gas,INTRASTATE,TEXAS,40.75,2,0.1,0,42.85,0,0,0.1,42.75,0,0,,,,,40.75,2,0.1,0,42.85,0,0,0.1,42.75,0,0,0,0,0,0,0,0,0,0,0,0,0,0,0,0,0,40.75,2,0.1,0,42.85
9/1/2026,2022,20231141,42592,844,KERN RIVER GAS TRANSMISSION CO,Natural Gas,INTERSTATE,CALIFORNIA,246.838,0,0.031,0,246.869,0.606,1.653,0,244.61,0,0,,,,,246.838,0,0.031,0,246.869,0.606,1.653,0,244.61,0,0,0,0,0,0,0,0,0,0,0,0,0,0,0,0,0,246.838,0,0.031,0,246.869
9/1/2026,2022,20231141,42592,844,KERN RIVER GAS TRANSMISSION CO,Natural Gas,INTERSTATE,NEVADA,248.648,0.913,26.836,0,276.397,29.378,6.916,,240.103,0,0,,,,,248.648,0.913,26.836,0,276.397,29.378,6.916,,240.103,0,0,0,0,0,0,0,0,0,0,0,0,0,0,0,0,0,248.648,0.913,26.836,0,276.397
9/1/2026,2022,20231141,42592,844,KERN RIVER GAS TRANSMISSION CO,Natural Gas,INTERSTATE,UTAH,678.41,3.528,59.076,0,741.014,77.865,16.889,,646.26,0,0,,,,,678.41,3.528,59.076,0,741.014,77.865,16.889,,646.26,0,0,0,0,0,0,0,0,0,0,0,0,0,0,0,0,0,678.41,3.528,59.076,0,741.014
9/1/2026,2022,20231141,42592,844,KERN RIVER GAS TRANSMISSION CO,Natural Gas,INTERSTATE,WYOMING,154.046,0,0,0,154.046,0,1.491,,152.555,0,0,,,,,154.046,0,0,0,154.046,0,1.491,,152.555,0,0,0,0,0,0,0,0,0,0,0,0,0,0,0,0,0,154.046,0,0,0,154.046
9/1/2026,2022,20230183,41570,860,"FAIRBANK, CITY OF",Natural Gas,INTRASTATE,IOWA,8.074,0,0,0,8.074,0,,0,8.074,0,0,,,,,8.074,0,0,0,8.074,0,,0,8.074,0,0,0,0,0,0,0,0,0,0,0,0,0,0,0,0,0,8.074,0,0,0,8.074
9/1/2026,2022,20230801,42229,872,LAFITTE GAS PIPELINE,Hydrogen Gas,INTRASTATE,LOUISIANA,1.496,2.307,2.086,0,5.889,,0.161,1.925,3.803,0,0,,,,,1.496,2.307,2.086,0,5.889,,0.161,1.925,3.803,0,0,0,0,0,0,0,0,0,0,0,0,0,0,0,0,0,1.496,2.307,2.086,0,5.889
9/1/2026,2022,20230796,42224,872,LAFITTE GAS PIPELINE,Natural Gas,INTRASTATE,LOUISIANA,0,4.406,1.317,0,5.723,1.105,1.608,0.037,2.972,0,0,,,,,0,4.406,1.317,0,5.723,1.105,1.608,0.037,2.972,0,0,0,0,0,0,0,0,0,0,0,0,0,0,0,0,0,0,4.406,1.317,0,5.723
9/1/2026,2022,20231163,42615,878,EAST KENTUCKY MIDSTREAM,Natural Gas,INTRASTATE,KENTUCKY,28,1,0,0,29,0,0,0,29,0,0,,,,,28,1,0,0,29,0,0,0,29,0,0,0,0,15,2,1,18,68,68,0,0,68,15,2,1,86,96,16,2,1,115
9/1/2026,2022,20230333,41728,899,5P GAS PIPELINE COMPANY,Natural Gas,INTRASTATE,TEXAS,5.618,1.994,0.322,0,7.934,,,0.322,7.612,0,0,,,,,5.618,1.994,0.322,0,7.934,,,0.322,7.612,0,0,0,0,0,0,0,0,0,0,0,0,0,0,0,0,0,5.618,1.994,0.322,0,7.934
9/1/2026,2022,20230684,42105,920,NATGAS INC.,Natural Gas,INTRASTATE,TEXAS,2.96,0,0,0,2.96,2.96,,,,0,0,,,,,2.96,0,0,0,2.96,2.96,,,,0,0,0,0,0,0,0,0,0,0,0,0,0,0,0,0,0,2.96,0,0,0,2.96
9/1/2026,2022,20230456,41857,929,"SEBRING GAS SYSTEM, INC",Natural Gas,INTRASTATE,FLORIDA,0.089,0,0.09,0,0.179,0,,,,0,0,,,,,0.089,0,0.09,0,0.179,0,,,,0,0,0,0,0,0,0,0,0,0,0,0,0,0,0,0,0,0.089,0,0.09,0,0.179
9/1/2026,2022,20231336,42803,952,ENERFIN RESOURCES II-92 LIMITED PARTNERSHIP,Natural Gas,INTRASTATE,TEXAS,10.458,0,0,0,10.458,,,,10.458,0,0,,,,,10.458,0,0,0,10.458,,,,10.458,0,0,0,0,0,0,0,0,46.756,46.756,0,0,46.756,0,0,0,46.756,57.214,0,0,0,57.214
9/1/2026,2022,20230010,41393,967,"PINEDALE NATURAL GAS, INC",Natural Gas,INTRASTATE,WYOMING,6.4,0.64,0,0,7.04,,,,7.04,0,0,,,,,6.4,0.64,0,0,7.04,,,,7.04,0,0,0,0,0,0,0,0,0,0,0,0,0,0,0,0,0,6.4,0.64,0,0,7.04
9/1/2026,2022,20230258,41651,978,LAWRENCE PAPER CO,Natural Gas,INTRASTATE,KANSAS,0.794,0,0,0,0.794,0,,,0.794,0,0,,,,,0.794,0,0,0,0.794,0,,,0.794,0,0,0,0,0,0,0,0,0,0,0,0,0,0,0,0,0,0.794,0,0,0,0.794
9/1/2026,2022,20230694,42115,980,APPALACHIAN NATURAL GAS DISTRIBUTION COMPANY,Natural Gas,INTRASTATE,VIRGINIA,0,8.193,0,0,8.193,,,,8.193,0,0,,,,,0,8.193,0,0,8.193,,,,8.193,0,0,0,0,0,0,0,0,0,0,0,0,0,0,0,0,0,0,8.193,0,0,8.193
9/1/2026,2022,20230860,42992,993,CROSSROADS PIPELINE COMPANY,Natural Gas,INTERSTATE,INDIANA,102.385,19.251,17.774,0,139.41,10.709,13.583,0,115.118,0,0,,,,,102.385,19.251,17.774,0,139.41,10.709,13.583,0,115.118,0,0,0,0,0,0,0,0,0,0,0,0,0,0,0,0,0,102.385,19.251,17.774,0,139.41
9/1/2026,2022,20230860,42992,993,CROSSROADS PIPELINE COMPANY,Natural Gas,INTERSTATE,OHIO,60.177,1.385,1.322,0,62.884,0.929,1.492,0,60.465,0,0,,,,,60.177,1.385,1.322,0,62.884,0.929,1.492,0,60.465,0,0,0,0,0,0,0,0,0,0,0,0,0,0,0,0,0,60.177,1.385,1.322,0,62.884
9/1/2026,2022,20230592,42003,994,"WILLIAMS FIELD SERVICES - GULF COAST COMPANY, LP",Natural Gas,INTERSTATE,ALABAMA,0,0,0,0,0,,,,,0,0,,,,,0,0,0,0,0,,,,,0,0,0,0,0,0,0,0,0,0,2.17,2.17,2.17,0,0,0,2.17,2.17,0,0,0,2.17
9/1/2026,2022,20230592,42003,994,"WILLIAMS FIELD SERVICES - GULF COAST COMPANY, LP",Natural Gas,INTERSTATE,OCS-Gulf of Mexico,0,0,0,0,0,,,,,0,0,,,,,0,0,0,0,0,,,,,0,0,0,0,0,0,0,0,,,423.07,423.07,423.07,0,0,0,423.07,423.07,0,0,0,423.07
9/1/2026,2022,20230591,42002,994,"WILLIAMS FIELD SERVICES - GULF COAST COMPANY, LP",Other Gas-Hydrogen Chloride,INTRASTATE,TEXAS,11.79,1.34,1.05,0,14.18,14.18,0,0,0,0,0,,,,,11.79,1.34,1.05,0,14.18,14.18,0,0,0,0,0,0,0,0,0,0,0,0,0,0,0,0,0,0,0,0,11.79,1.34,1.05,0,14.18
9/1/2026,2022,20230226,41617,997,MIDWAY SUNSET COGENERATION CO,Natural Gas,INTERSTATE,CALIFORNIA,4,0,0,0,4,,,,4,0,0,,,,,4,0,0,0,4,,,,4,0,0,0,0,0,0,0,0,0,0,0,0,0,0,0,0,0,4,0,0,0,4
9/1/2026,2022,20230109,41496,999,"PACIFIC COAST ENERGY COMPANY, LP",Natural Gas,INTRASTATE,CALIFORNIA,0,0,0,0,0,,,,,0,0,,,,,0,0,0,0,0,,,,,0,0,0,0,0,8,0,8,,,0,0,0,0,8,0,8,0,0,8,0,8
9/1/2026,2022,20231255,42717,1007,"TALLGRASS INTERSTATE GAS TRANSMISSION, LLC",Natural Gas,INTERSTATE,COLORADO,413.102,13.419,7.83,0,434.351,1.5,6.97,0.698,425.185,0,0,,,,,413.102,13.419,7.83,0,434.351,1.5,6.97,0.698,425.185,0,0,0,0,0,0,0,0,0,0,0,0,0,0,0,0,0,413.102,13.419,7.83,0,434.351
9/1/2026,2022,20231255,42717,1007,"TALLGRASS INTERSTATE GAS TRANSMISSION, LLC",Natural Gas,INTERSTATE,KANSAS,1586.581,29.969,8.512,0,1625.062,4.775,9.99,5.192,1605.103,0,0,,,,,1586.581,29.969,8.512,0,1625.062,4.775,9.99,5.192,1605.103,0,0,0,0,0,0,0,0,0,0,0,0,0,0,0,0,0,1586.581,29.969,8.512,0,1625.062
9/1/2026,2022,20231255,42717,1007,"TALLGRASS INTERSTATE GAS TRANSMISSION, LLC",Natural Gas,INTERSTATE,MISSOURI,15.546,0,5.237,0,20.783,3.423,6.1,0.008,11.25,0,0,,,,,15.546,0,5.237,0,20.783,3.423,6.1,0.008,11.25,0,0,0,0,0,0,0,0,0,0,0,0,0,0,0,0,0,15.546,0,5.237,0,20.783
9/1/2026,2022,20231255,42717,1007,"TALLGRASS INTERSTATE GAS TRANSMISSION, LLC",Natural Gas,INTERSTATE,NEBRASKA,1791.826,67.393,41.744,0,1900.963,8.833,32.3,7.933,1851.901,0,0,,,,,1791.826,67.393,41.744,0,1900.963,8.833,32.3,7.933,1851.901,0,0,0,0,0,0,0,0,0,0,0,0,0,0,0,0,0,1791.826,67.393,41.744,0,1900.963
9/1/2026,2022,20231255,42717,1007,"TALLGRASS INTERSTATE GAS TRANSMISSION, LLC",Natural Gas,INTERSTATE,WYOMING,230.067,15.121,9.072,0,254.26,1.956,8.65,1.403,242.249,0,0,,,,,230.067,15.121,9.072,0,254.26,1.956,8.65,1.403,242.249,7.604,2.785,0,10.389,0.122,0.003,0,0.125,272.522,272.522,0,0,272.522,7.726,2.788,0,283.036,502.589,22.847,11.86,0,537.296
9/1/2026,2022,20230641,46842,1088,BALTIMORE GAS AND ELECTRIC COMPANY,Natural Gas,INTRASTATE,MARYLAND,30.739,32.149,81.115,5.435,149.438,45.908,39.365,16.643,47.522,0,0,,,,,30.739,32.149,81.115,5.435,149.438,45.908,39.365,16.643,47.522,0,0,0,0,0,0,0,0,0,0,0,0,0,0,0,0,0,30.739,32.149,81.115,5.435,149.438
9/1/2026,2022,20230821,42249,1217,BEAR CREEK STORAGE CO,Natural Gas,INTERSTATE,LOUISIANA,25.646,0,0,0,25.646,0,0,0,25.646,0,0,,,,,25.646,0,0,0,25.646,0,0,0,25.646,0,0,0,0,0,0,0,0,0,0,0,0,0,0,0,0,0,25.646,0,0,0,25.646
9/1/2026,2022,20230013,41396,1232,BEDFORD NATURAL GAS SYSTEM,Natural Gas,INTRASTATE,IOWA,17,0,0,0,17,,,,17,0,0,,,,,17,0,0,0,17,,,,17,0,0,0,0,0,0,0,0,0,0,0,0,0,0,0,0,0,17,0,0,0,17
9/1/2026,2022,20230637,42979,1472,BLACK MARLIN PIPELINE CO,Natural Gas,INTERSTATE,TEXAS,0,0,0,0,0,,,,,0,0,,,,,0,0,0,0,0,,,,,0,5.407,0,5.407,0,0,0,0,11.777,11.777,15.611,15.611,27.388,0,5.407,0,32.795,27.388,0,5.407,0,32.795
9/1/2026,2022,20230742,42167,1486,BLACK WARRIOR TRANSMISSION CORP,Natural Gas,INTRASTATE,ALABAMA,11,0,0,0,11,,,,11,0,0,,,,,11,0,0,0,11,,,,11,0,0,0,0,0,0,0,0,5.82,5.82,0,0,5.82,0,0,0,5.82,16.82,0,0,0,16.82
9/1/2026,2022,20231346,43091,1541,"HILCORP NORTH SLOPE, LLC",Natural Gas,INTRASTATE,ALASKA,0,0,0,0,0,,,,,0,0,,,,,0,0,0,0,0,,,,,0,0,0,0,0,0,0,0,1.63,1.63,0,0,1.63,0,0,0,1.63,1.63,0,0,0,1.63
9/1/2026,2022,20230699,42120,1640,BOSTON GAS CO,Natural Gas,INTRASTATE,MASSACHUSETTS,0,0,8.558,1.775,10.333,10.333,,,,0,0,,,,,0,0,8.558,1.775,10.333,10.333,,,,0,0,0,0,0,0,0,0,0,0,0,0,0,0,0,0,0,0,0,8.558,1.775,10.333
9/1/2026,2022,20230692,42113,1700,BRAZOS ELECTRIC POWER COOPERATIVE INC,Natural Gas,INTRASTATE,TEXAS,70.5,0,0,0,70.5,0,2.14,,68.36,0,0,,,,,70.5,0,0,0,70.5,0,2.14,,68.36,0,0,0,0,0,0,0,0,0,0,0,0,0,0,0,0,0,70.5,0,0,0,70.5
9/1/2026,2022,20230240,41631,1752,BRIGHTON MUNICIPAL GAS SYSTEM,Natural Gas,INTRASTATE,IOWA,14,0,0,0,14,0,,,14,0,0,,,,,14,0,0,0,14,0,,,14,0,0,0,0,0,0,0,0,0,0,0,0,0,0,0,0,0,14,0,0,0,14
9/1/2026,2022,20230282,41675,1800,KEYSPAN ENERGY DELIVERY - NY CITY,Natural Gas,INTRASTATE,NEW YORK,0,0,0,70.61,70.61,70.61,,,,0,0,,,,,0,0,0,70.61,70.61,70.61,,,,0,0,0,0,0,0,0,0,0,0,0,0,0,0,0,0,0,0,0,0,70.61,70.61
9/1/2026,2022,20231305,42768,1845,"BUCKEYE PARTNERS, LP",Natural Gas,INTRASTATE,TEXAS,0.127,0,0,0,0.127,0,0,0,0.127,0,0,,,,,0.127,0,0,0,0.127,0,0,0,0.127,0,0,0,0,0,0,0,0,0,0,0,0,0,0,0,0,0,0.127,0,0,0,0.127
9/1/2026,2022,20230165,41552,2042,CALLIDUS TECHNOLOGIES by HONEYWELL,Natural Gas,INTRASTATE,OKLAHOMA,2,0,0,0,2,0,0,0,2,0,0,,,,,2,0,0,0,2,0,0,0,2,0,0,0,0,0,0,0,0,,,0,0,0,0,0,0,0,2,0,0,0,2
9/1/2026,2022,20230661,42081,2116,"CARROLLTON GAS DISTRICT SYSTEM, CITY OF",Natural Gas,INTRASTATE,KENTUCKY,2.71,2.11,0,0,4.82,,,,4.82,0,0,,,,,2.71,2.11,0,0,4.82,,,,4.82,0,0,0,0,0,0,0,0,0,0,0,0,0,0,0,0,0,2.71,2.11,0,0,4.82
9/1/2026,2022,20230788,42216,2128,CASCADE NATURAL GAS CORP,Natural Gas,INTRASTATE,OREGON,13.209,6.462,4.74,0,24.411,0.493,0,4.246,19.672,0,0,,,,,13.209,6.462,4.74,0,24.411,0.493,0,4.246,19.672,0,0,0,0,0,0,0,0,0,0,0,0,0,0,0,0,0,13.209,6.462,4.74,0,24.411
9/1/2026,2022,20230788,42216,2128,CASCADE NATURAL GAS CORP,Natural Gas,INTRASTATE,WASHINGTON,57.191,28.722,31.37,0,117.283,3.734,0.704,26.932,85.913,0,0,,,,,57.191,28.722,31.37,0,117.283,3.734,0.704,26.932,85.913,0,0,0,0,0,0,0,0,0,0,0,0,0,0,0,0,0,57.191,28.722,31.37,0,117.283
9/1/2026,2022,20230176,41563,2180,CENTRAL CITY GAS SYSTEM DEPT,Natural Gas,INTRASTATE,NEBRASKA,4.5,0,0,0,4.5,,,,4.5,0,0,,,,,4.5,0,0,0,4.5,,,,4.5,0,0,0,0,0,0,0,0,0,0,0,0,0,0,0,0,0,4.5,0,0,0,4.5
9/1/2026,2022,20230687,42108,2188,CENTRAL FLORIDA GAS CORP,Natural Gas,INTRASTATE,FLORIDA,1.09,1.36,7.34,0,9.79,1.26,1.41,4.81,2.31,0,0,,,,,1.09,1.36,7.34,0,9.79,1.26,1.41,4.81,2.31,0,0,0,0,0,0,0,0,0,0,0,0,0,0,0,0,0,1.09,1.36,7.34,0,9.79
9/1/2026,2022,20231232,42693,2196,CENTRAL HUDSON GAS & ELECTRIC CORP,Natural Gas,INTRASTATE,NEW YORK,44.65,40.03,77.68,0,162.36,19.16,51.19,18.04,73.97,0,0,,,,,44.65,40.03,77.68,0,162.36,19.16,51.19,18.04,73.97,0,0,0,0,0,0,0,0,0,0,0,0,0,0,0,0,0,44.65,40.03,77.68,0,162.36
9/1/2026,2022,20230205,41594,2256,"CHANUTE, CITY OF",Natural Gas,INTRASTATE,KANSAS,0.32,0,0,0,0.32,0,,0.32,,0,0,,,,,0.32,0,0,0,0.32,0,,0.32,,0,0,0,0,0,0,0,0,0,0,0,0,0,0,0,0,0,0.32,0,0,0,0.32
9/1/2026,2022,20231052,42495,2288,CHATTANOOGA GAS CO,Natural Gas,INTRASTATE,TENNESSEE,0,0.1,1.2,0,1.3,1.2,0,0,0.1,0,0,,,,,0,0.1,1.2,0,1.3,1.2,0,0,0.1,0,0,0,0,0,0,0,0,0,0,0,0,0,0,0,0,0,0,0.1,1.2,0,1.3
9/1/2026,2022,20230281,41674,2304,CHILDERSBURG GAS BOARD,Natural Gas,INTRASTATE,ALABAMA,3.1,21.44,3.46,0,28,0.68,0,3,24.32,0,0,,,,,3.1,21.44,3.46,0,28,0.68,0,3,24.32,0,0,0,0,0,0,0,0,0,0,0,0,0,0,0,0,0,3.1,21.44,3.46,0,28
9/1/2026,2022,20230948,42382,2364,DUKE ENERGY OHIO,Natural Gas,INTRASTATE,OHIO,2.9,15.557,28.19,0,46.647,15.47,14.253,2.719,14.205,0,0,,,,,2.9,15.557,28.19,0,46.647,15.47,14.253,2.719,14.205,0,0,0,0,0,0,0,0,0,0,0,0,0,0,0,0,0,2.9,15.557,28.19,0,46.647
9/1/2026,2022,20230330,41725,2382,CITATION OIL & GAS CORP,Natural Gas,INTRASTATE,ILLINOIS,5,0.5,0.5,0,6,,,0.5,5.5,0,0,,,,,5,0.5,0.5,0,6,,,0.5,5.5,0,0,0,0,0,0,0,0,0,0,0,0,0,0,0,0,0,5,0.5,0.5,0,6
9/1/2026,2022,20231155,42834,2392,CITIZENS GAS & COKE UTILITY,Natural Gas,INTRASTATE,INDIANA,89.47,46.42,126.93,0,262.82,122.28,7.47,0.49,132.58,0,0,,,,,89.47,46.42,126.93,0,262.82,122.28,7.47,0.49,132.58,0,0,0,0,0,0,0,0,0,0,0,0,0,0,0,0,0,89.47,46.42,126.93,0,262.82
9/1/2026,2022,20231290,42753,2408,CITIZENS GAS FUEL CO,Natural Gas,INTRASTATE,MICHIGAN,16,0,0,0,16,0,,,16,0,0,,,,,16,0,0,0,16,0,,,16,0,0,0,0,0,0,0,0,0,0,0,0,0,0,0,0,0,16,0,0,0,16
9/1/2026,2022,20230564,41972,2432,FLORIDA CITY GAS,Natural Gas,INTRASTATE,FLORIDA,0,0,78.655,0,78.655,78.655,,,,0,0,,,,,0,0,78.655,0,78.655,78.655,,,,0,0,0,0,0,0,0,0,0,0,0,0,0,0,0,0,0,0,0,78.655,0,78.655
9/1/2026,2022,20231207,42666,2456,CLARKE - MOBILE COUNTIES GAS DIST,Natural Gas,INTRASTATE,ALABAMA,89.954,47.938,12.114,0,150.006,4.357,3.699,7.635,134.315,0,0,,,,,89.954,47.938,12.114,0,150.006,4.357,3.699,7.635,134.315,0,0,0,0,0,0,0,0,0,0,0,0,0,0,0,0,0,89.954,47.938,12.114,0,150.006
9/1/2026,2022,20230402,41801,2480,CLEARFIELD MUNICIPAL GAS SYSTEM,Natural Gas,INTRASTATE,IOWA,6.25,0,0,0,6.25,0,,,6.25,0,0,,,,,6.25,0,0,0,6.25,0,,,6.25,0,0,0,0,0,0,0,0,0,0,0,0,0,0,0,0,0,6.25,0,0,0,6.25
9/1/2026,2022,20230324,41717,2512,CLINTON - NEWBERRY NATURAL GAS AUTH,Natural Gas,INTRASTATE,SOUTH CAROLINA,14,41,48,0,103,2.82,0,48,52.18,0,0,,,,,14,41,48,0,103,2.82,0,48,52.18,0,0,0,0,0,0,0,0,0,0,0,0,0,0,0,0,0,14,41,48,0,103
9/1/2026,2022,20230884,43048,2564,COLORADO INTERSTATE GAS CO,Natural Gas,INTERSTATE,COLORADO,2765.267,91.398,115.981,0,2972.646,85.004,107.282,8.585,2771.775,0,0,,,,,2765.267,91.398,115.981,0,2972.646,85.004,107.282,8.585,2771.775,0,0,0,0,0,0,0,0,47.751,47.751,0,0,47.751,0,0,0,47.751,2813.018,91.398,115.981,0,3020.397
9/1/2026,2022,20230884,43048,2564,COLORADO INTERSTATE GAS CO,Natural Gas,INTERSTATE,KANSAS,337.507,1.47,1.506,0,340.483,0.523,2.579,0,337.381,0,0,,,,,337.507,1.47,1.506,0,340.483,0.523,2.579,0,337.381,0,0,0,0,0,0,0,0,0,0,0,0,0,0,0,0,0,337.507,1.47,1.506,0,340.483
9/1/2026,2022,20230884,43048,2564,COLORADO INTERSTATE GAS CO,Natural Gas,INTERSTATE,MONTANA,7.882,0,0,0,7.882,0,0,0,7.882,0,0,,,,,7.882,0,0,0,7.882,0,0,0,7.882,0,0,0,0,0,0,0,0,0,0,0,0,0,0,0,0,0,7.882,0,0,0,7.882
9/1/2026,2022,20230884,43048,2564,COLORADO INTERSTATE GAS CO,Natural Gas,INTERSTATE,NEVADA,360.643,0,0,0,360.643,0,0,0,360.643,0,0,,,,,360.643,0,0,0,360.643,0,0,0,360.643,0,0,0,0,0,0,0,0,0,0,0,0,0,0,0,0,0,360.643,0,0,0,360.643
9/1/2026,2022,20230884,43048,2564,COLORADO INTERSTATE GAS CO,Natural Gas,INTERSTATE,OKLAHOMA,180.251,0,0,0,180.251,0,1.08,0,179.171,0,0,,,,,180.251,0,0,0,180.251,0,1.08,0,179.171,0,0,0,0,0,0,0,0,0,0,0,0,0,0,0,0,0,180.251,0,0,0,180.251
9/1/2026,2022,20230884,43048,2564,COLORADO INTERSTATE GAS CO,Natural Gas,INTERSTATE,OREGON,88.46,0,0,0,88.46,0,0,0,88.46,0,0,,,,,88.46,0,0,0,88.46,0,0,0,88.46,0,0,0,0,0,0,0,0,0,0,0,0,0,0,0,0,0,88.46,0,0,0,88.46
9/1/2026,2022,20230884,43048,2564,COLORADO INTERSTATE GAS CO,Natural Gas,INTERSTATE,TEXAS,49.974,0,0,0,49.974,0,0,0,49.97,0,0,,,,,49.974,0,0,0,49.974,0,0,0,49.97,0,0,0,0,0,0,0,0,0,0,0,0,0,0,0,0,0,49.974,0,0,0,49.974
9/1/2026,2022,20230884,43048,2564,COLORADO INTERSTATE GAS CO,Natural Gas,INTERSTATE,UTAH,291.184,1.16,0,0,292.344,2.164,3.055,0,287.081,0,0,,,,,291.184,1.16,0,0,292.344,2.164,3.055,0,287.081,0,0,0,0,0,0,0,0,0,0,0,0,0,0,0,0,0,291.184,1.16,0,0,292.344
9/1/2026,2022,20230884,43048,2564,COLORADO INTERSTATE GAS CO,Natural Gas,INTERSTATE,WYOMING,1872.857,0.704,9.065,0,1882.626,15.583,139.246,0.374,1727.423,0,0,,,,,1872.857,0.704,9.065,0,1882.626,15.583,139.246,0.374,1727.423,0,0,0,0,0,0,0,0,37.475,37.475,0,0,37.475,0,0,0,37.475,1910.332,0.704,9.065,0,1920.101
9/1/2026,2022,20230782,42209,2585,COLUMBIA GAS OF KENTUCKY INC,Natural Gas,INTRASTATE,KENTUCKY,34.96,13.51,8.03,0,56.5,3.47,4.98,0.05,47.99,0,0,,,,,34.96,13.51,8.03,0,56.5,3.47,4.98,0.05,47.99,0,0,0,0,0,0,0,0,0,0,0,0,0,0,0,0,0,34.96,13.51,8.03,0,56.5
9/1/2026,2022,20230947,42661,2588,COLUMBIA GAS OF MARYLAND INC,Natural Gas,INTRASTATE,MARYLAND,0.86,0.93,3.12,0,4.91,0.37,0,2.75,1.78,0,0,,,,,0.86,0.93,3.12,0,4.91,0.37,0,2.75,1.78,0,0,0,0,0,0,0,0,0,0,0,0,0,0,0,0,0,0.86,0.93,3.12,0,4.91
9/1/2026,2022,20231069,46739,2596,COLUMBIA GAS OF OHIO INC,Natural Gas,INTRASTATE,OHIO,31.46,29.18,76.12,0,136.76,49.71,23.05,9.86,54.14,0,0,,,,,31.46,29.18,76.12,0,136.76,49.71,23.05,9.86,54.14,0,0,0,0,0,0,0,0,0,0,0,0,0,0,0,0,0,31.46,29.18,76.12,0,136.76
9/1/2026,2022,20230945,42660,2600,COLUMBIA GAS OF PENNSYLVANIA,Natural Gas,INTRASTATE,PENNSYLVANIA,11.95,4.46,24.3,0,40.71,7.13,7.49,10.13,15.97,0,0,,,,,11.95,4.46,24.3,0,40.71,7.13,7.49,10.13,15.97,0,0,0,0,0,0,0,0,0,0,0,0,0,0,0,0,0,11.95,4.46,24.3,0,40.71
9/1/2026,2022,20230767,42192,2604,COLUMBIA GAS OF VIRGINIA INC,Natural Gas,INTRASTATE,VIRGINIA,41.99,10.6,5.57,0,58.16,1.62,1.5,3.13,51.93,0,0,,,,,41.99,10.6,5.57,0,58.16,1.62,1.5,3.13,51.93,0,0,0,0,0,0,0,0,0,0,0,0,0,0,0,0,0,41.99,10.6,5.57,0,58.16
9/1/2026,2022,20231188,46978,2616,"COLUMBIA GAS TRANSMISSION, LLC",Natural Gas,INTERSTATE,DELAWARE,1.798,0,0.91,0,2.708,0.774,0.137,0,1.798,0,0,,,,,1.798,0,0.91,0,2.708,0.774,0.137,0,1.798,0,0,0,0,0,0,0,0,0,0,0,0,0,0,0,0,0,1.798,0,0.91,0,2.708
9/1/2026,2022,20231188,46978,2616,"COLUMBIA GAS TRANSMISSION, LLC",Natural Gas,INTERSTATE,KENTUCKY,394.523,105.415,69.637,0,569.575,22.228,29.245,33.848,484.254,0,0,,,,,394.523,105.415,69.637,0,569.575,22.228,29.245,33.848,484.254,0.426,0.557,0,0.983,0.351,5.284,0,5.635,1.453,1.453,0,0,1.453,0.777,5.841,0,8.071,395.976,106.192,75.478,0,577.646
9/1/2026,2022,20231188,46978,2616,"COLUMBIA GAS TRANSMISSION, LLC",Natural Gas,INTERSTATE,MARYLAND,68.091,41.474,102.356,4.053,215.974,44.039,61.779,22.52,87.633,0,0,,,,,68.091,41.474,102.356,4.053,215.974,44.039,61.779,22.52,87.633,0,0,0,0,0,0,0,0,0,0,0,0,0,0,0,0,0,68.091,41.474,102.356,4.053,215.974
9/1/2026,2022,20231188,46978,2616,"COLUMBIA GAS TRANSMISSION, LLC",Natural Gas,INTERSTATE,NEW JERSEY,21.626,19.626,37.712,0,78.964,27.307,23.721,0.001,27.935,0,0,,,,,21.626,19.626,37.712,0,78.964,27.307,23.721,0.001,27.935,0,0,0,0,0,0,0,0,0,0,0,0,0,0,0,0,0,21.626,19.626,37.712,0,78.964
9/1/2026,2022,20231188,46978,2616,"COLUMBIA GAS TRANSMISSION, LLC",Natural Gas,INTERSTATE,NEW YORK,254.983,68.196,15.045,0,338.224,19.635,57.612,1.446,259.528,0,0,,,,,254.983,68.196,15.045,0,338.224,19.635,57.612,1.446,259.528,0,0,0,0,0,0,0,0,0,0,0,0,0,0,0,0,0,254.983,68.196,15.045,0,338.224
9/1/2026,2022,20231188,46978,2616,"COLUMBIA GAS TRANSMISSION, LLC",Natural Gas,INTERSTATE,NORTH CAROLINA,1.055,0,0,0,1.055,0,0,0,1.054,0,0,,,,,1.055,0,0,0,1.055,0,0,0,1.054,0,0,0,0,0,0,0,0,0,0,0,0,0,0,0,0,0,1.055,0,0,0,1.055
9/1/2026,2022,20231188,46978,2616,"COLUMBIA GAS TRANSMISSION, LLC",Natural Gas,INTERSTATE,OHIO,2935.355,938.303,571.639,0,4445.297,157.861,223.975,318.696,3744.768,0,0,,,,,2935.355,938.303,571.639,0,4445.297,157.861,223.975,318.696,3744.768,0,0,0,0,0,0,0,0,0,0,0,0,0,0,0,0,0,2935.355,938.303,571.639,0,4445.297
9/1/2026,2022,20231188,46978,2616,"COLUMBIA GAS TRANSMISSION, LLC",Natural Gas,INTERSTATE,PENNSYLVANIA,933.853,348.149,291.389,0,1573.391,131.355,194.27,76.996,1170.769,0,0,,,,,933.853,348.149,291.389,0,1573.391,131.355,194.27,76.996,1170.769,0,0.007,0,0.007,0,11.452,0,11.452,6.396,6.396,0,0,6.396,0,11.459,0,17.855,940.249,348.149,302.848,0,1591.246
9/1/2026,2022,20231188,46978,2616,"COLUMBIA GAS TRANSMISSION, LLC",Natural Gas,INTERSTATE,VIRGINIA,722.706,204.293,214.784,4.08,1145.863,136.878,178.479,9.518,820.987,0,0,,,,,722.706,204.293,214.784,4.08,1145.863,136.878,178.479,9.518,820.987,0,0,0,0,0,0,0,0,0,0,0,0,0,0,0,0,0,722.706,204.293,214.784,4.08,1145.863
9/1/2026,2022,20231188,46978,2616,"COLUMBIA GAS TRANSMISSION, LLC",Natural Gas,INTERSTATE,WEST VIRGINIA,1853.627,279.403,133.405,0,2266.435,62.057,168.762,72.395,1963.222,0,0,,,,,1853.627,279.403,133.405,0,2266.435,62.057,168.762,72.395,1963.222,7.118,4.509,0,11.627,3.147,6.4,0,9.547,31.74,31.74,0,0,31.74,10.265,10.909,0,52.914,1885.367,289.668,144.314,0,2319.349
9/1/2026,2022,20231188,46978,2616,"COLUMBIA GAS TRANSMISSION, LLC",Natural Gas,INTRASTATE,PENNSYLVANIA,2.168,3.464,5.563,0,11.195,0.574,0,4.99,5.633,0,0,,,,,2.168,3.464,5.563,0,11.195,0.574,0,4.99,5.633,0,0,0,0,1.655,11.158,0,12.813,0,0,0,0,0,1.655,11.158,0,12.813,2.168,5.119,16.721,0,24.008
9/1/2026,2022,20231188,46978,2616,"COLUMBIA GAS TRANSMISSION, LLC",Natural Gas,INTRASTATE,WEST VIRGINIA,5.526,1.269,1.179,0,7.974,0,0,1.178,6.795,0,0,,,,,5.526,1.269,1.179,0,7.974,0,0,1.178,6.795,0,0,0,0,0,3.15,0,3.15,0,0,0,0,0,0,3.15,0,3.15,5.526,1.269,4.329,0,11.124
9/1/2026,2022,20230861,42994,2620,"COLUMBIA GULF TRANSMISSION, LLC",Natural Gas,INTERSTATE,KENTUCKY,552.691,138.318,26.323,0,717.332,46.625,182.418,0.008,488.282,0,0,,,,,552.691,138.318,26.323,0,717.332,46.625,182.418,0.008,488.282,0,0,0,0,0,0,0,0,0,0,0,0,0,0,0,0,0,552.691,138.318,26.323,0,717.332
9/1/2026,2022,20230861,42994,2620,"COLUMBIA GULF TRANSMISSION, LLC",Natural Gas,INTERSTATE,LOUISIANA,1250.196,109.303,75.285,0,1434.784,56.571,143.104,1.082,1234.026,0,0,,,,,1250.196,109.303,75.285,0,1434.784,56.571,143.104,1.082,1234.026,0,0,0,0,0,0,0,0,0,0,0,0,0,0,0,0,0,1250.196,109.303,75.285,0,1434.784
9/1/2026,2022,20230861,42994,2620,"COLUMBIA GULF TRANSMISSION, LLC",Natural Gas,INTERSTATE,MISSISSIPPI,584.445,48.902,16.017,0,649.364,22.157,69.319,0,557.889,0,0,,,,,584.445,48.902,16.017,0,649.364,22.157,69.319,0,557.889,0,0,0,0,0,0,0,0,0,0,0,0,0,0,0,0,0,584.445,48.902,16.017,0,649.364
9/1/2026,2022,20230861,42994,2620,"COLUMBIA GULF TRANSMISSION, LLC",Natural Gas,INTERSTATE,TENNESSEE,387.632,87.833,82.855,0,558.32,78.754,118.852,0.29,360.423,0,0,,,,,387.632,87.833,82.855,0,558.32,78.754,118.852,0.29,360.423,0,0,0,0,0,0,0,0,0,0,0,0,0,0,0,0,0,387.632,87.833,82.855,0,558.32
9/1/2026,2022,20230311,41704,2651,GREER COMMISSION OF PUBLIC WORKS,Natural Gas,INTRASTATE,SOUTH CAROLINA,0,22,21,0,43,4,39,,,0,0,,,,,0,22,21,0,43,4,39,,,0,0,0,0,0,0,0,0,0,0,0,0,0,0,0,0,0,0,22,21,0,43
9/1/2026,2022,20231212,42673,2652,NSTAR GAS COMPANY,Natural Gas,INTRASTATE,MASSACHUSETTS,0.65,0,0,0,0.65,,,0,0.65,0,0,,,,,0.65,0,0,0,0.65,,,0,0.65,0,0,0,0,0,0,0,0,0,0,0,0,0,0,0,0,0,0.65,0,0,0,0.65
9/1/2026,2022,20231345,42812,2688,SOUTH ALABAMA GAS DISTRICT,Natural Gas,INTRASTATE,ALABAMA,38.78,9.31,107.354,0,155.444,6.55,29.082,71.722,48.09,0,0,,,,,38.78,9.31,107.354,0,155.444,6.55,29.082,71.722,48.09,0,0,0,0,0,0,0,0,0,0,0,0,0,0,0,0,0,38.78,9.31,107.354,0,155.444
9/1/2026,2022,20230686,42107,2704,CONSOLIDATED EDISON CO OF NEW YORK,Natural Gas,INTRASTATE,NEW YORK,0,0,0,42.294,42.294,42.294,,,,0,0,,,,,0,0,0,42.294,42.294,42.294,,,,0,0,0,0,0,0,0,0,0,0,0,0,0,0,0,0,0,0,0,0,42.294,42.294
9/1/2026,2022,20230794,42222,2714,"EASTERN GAS TRANSMISSION AND STORAGE, INC.",Natural Gas,INTERSTATE,MARYLAND,56.767,56.966,34.843,0,148.576,46.97,38.893,0,62.714,0,0,,,,,56.767,56.966,34.843,0,148.576,46.97,38.893,0,62.714,0,0,0,0,0,0,0,0,0,0,0,0,0,0,0,0,0,56.767,56.966,34.843,0,148.576
9/1/2026,2022,20230794,42222,2714,"EASTERN GAS TRANSMISSION AND STORAGE, INC.",Natural Gas,INTERSTATE,NEW YORK,639.833,184.37,72.073,1.101,897.377,81.214,46.831,0.051,769.282,0,0,,,,,639.833,184.37,72.073,1.101,897.377,81.214,46.831,0.051,769.282,0,0,0,0,0,0,0,0,0,0,0,0,0,0,0,0,0,639.833,184.37,72.073,1.101,897.377
9/1/2026,2022,20230794,42222,2714,"EASTERN GAS TRANSMISSION AND STORAGE, INC.",Natural Gas,INTERSTATE,OHIO,184.153,49.977,4.337,0,238.467,7.096,22.513,0.052,208.806,0,0,,,,,184.153,49.977,4.337,0,238.467,7.096,22.513,0.052,208.806,0,0,0,0,0,0,0,0,0,0,0,0,0,0,0,0,0,184.153,49.977,4.337,0,238.467
9/1/2026,2022,20230794,42222,2714,"EASTERN GAS TRANSMISSION AND STORAGE, INC.",Natural Gas,INTERSTATE,PENNSYLVANIA,1031.999,335.614,115.8,0.809,1484.222,121.577,109.956,14.474,1238.212,0,0,,,,,1031.999,335.614,115.8,0.809,1484.222,121.577,109.956,14.474,1238.212,0,0,0,0,0,0,0,0,0,0,0,0,0,0,0,0,0,1031.999,335.614,115.8,0.809,1484.222
9/1/2026,2022,20230794,42222,2714,"EASTERN GAS TRANSMISSION AND STORAGE, INC.",Natural Gas,INTERSTATE,VIRGINIA,20.147,23.086,37.128,0.785,81.146,44.635,13.078,0,23.433,0,0,,,,,20.147,23.086,37.128,0.785,81.146,44.635,13.078,0,23.433,0,0,0,0,0,0,0,0,0,0,0,0,0,0,0,0,0,20.147,23.086,37.128,0.785,81.146
9/1/2026,2022,20230794,42222,2714,"EASTERN GAS TRANSMISSION AND STORAGE, INC.",Natural Gas,INTERSTATE,WEST VIRGINIA,580.946,76.856,33.792,0,691.594,6.106,14.53,22.5,648.457,0,0,,,,,580.946,76.856,33.792,0,691.594,6.106,14.53,22.5,648.457,22.337,1.975,0,24.312,0,0,0,0,254.039,254.039,0,0,254.039,22.337,1.975,0,278.351,834.985,99.193,35.767,0,969.945
9/1/2026,2022,20230794,42222,2714,"EASTERN GAS TRANSMISSION AND STORAGE, INC.",Natural Gas,INTRASTATE,VIRGINIA,5.748,3.051,19.863,1.964,30.626,22.092,0.779,0.002,7.753,0,0,,,,,5.748,3.051,19.863,1.964,30.626,22.092,0.779,0.002,7.753,0,0,0,0,0,0,0,0,0,0,0,0,0,0,0,0,0,5.748,3.051,19.863,1.964,30.626
9/1/2026,2022,20230836,44842,2731,CHEVRON PIPE LINE CO,Natural Gas,INTRASTATE,CALIFORNIA,239.2,5,73.2,0,317.4,59.7,10,0,247.7,0,0,,,,,239.2,5,73.2,0,317.4,59.7,10,0,247.7,14.8,0,0,14.8,0,0,0,0,0,0,0,0,0,14.8,0,0,14.8,239.2,19.8,73.2,0,332.2
9/1/2026,2022,20230836,44842,2731,CHEVRON PIPE LINE CO,Natural Gas,INTRASTATE,LOUISIANA,0,3.3,0,0,3.3,0,0,0,3.3,0,0,,,,,0,3.3,0,0,3.3,0,0,0,3.3,0,0,0,0,0,0,0,0,0,0,0,0,0,0,0,0,0,0,3.3,0,0,3.3
9/1/2026,2022,20230836,44842,2731,CHEVRON PIPE LINE CO,Natural Gas,INTRASTATE,TEXAS,2.1,0,0,0,2.1,0,0,0,2.1,0,0,,,,,2.1,0,0,0,2.1,0,0,0,2.1,0,0,0,0,0,0,0,0,0,0,0,0,0,0,0,0,0,2.1,0,0,0,2.1
9/1/2026,2022,20230725,42150,2748,CONSUMERS ENERGY CO,Natural Gas,INTRASTATE,MICHIGAN,1279.563,490.313,599.59,1.828,2371.294,313.082,263.804,178.261,1616.147,0,0,,,,,1279.563,490.313,599.59,1.828,2371.294,313.082,263.804,178.261,1616.147,0,0,0,0,0,0,0,0,0,0,0,0,0,0,0,0,0,1279.563,490.313,599.59,1.828,2371.294
9/1/2026,2022,20231147,42598,2767,"HARVEST ALASKA, LLC",Natural Gas,INTRASTATE,ALASKA,69.74,41.96,17.89,0,129.59,11.97,10.75,0,106.86,57.64,57.64,0.19,0,0,57.45,127.38,41.96,17.89,0,187.23,12.16,10.75,0,164.31,0,0,0,0,0,0,0,0,26.14,26.14,0,0,26.14,0,0,0,26.14,153.52,41.96,17.89,0,213.37
9/1/2026,2022,20230129,41516,2796,CORNING MUNICIPAL UTILITIES,Natural Gas,INTRASTATE,IOWA,14,0,0,0,14,,,,14,0,0,,,,,14,0,0,0,14,,,,14,0,0,0,0,0,0,0,0,0,0,0,0,0,0,0,0,0,14,0,0,0,14
9/1/2026,2022,20230019,41402,2800,CORNING NATURAL GAS CORP,Natural Gas,INTRASTATE,NEW YORK,5.4,0,0,0,5.4,0,0,5.4,,0,0,,,,,5.4,0,0,0,5.4,0,0,5.4,,0,0,0,0,0,0,0,0,0,0,0,0,0,0,0,0,0,5.4,0,0,0,5.4
9/1/2026,2022,20231018,42459,2859,CRANBERRY PIPELINE CORP (WV),Natural Gas,INTRASTATE,WEST VIRGINIA,67.233,6.801,20.51,0,94.544,3.398,0.2,17.112,73.834,0,0,,,,,67.233,6.801,20.51,0,94.544,3.398,0.2,17.112,73.834,10.224,19.004,0,29.228,40.27,30.331,0,70.601,149.916,149.916,0,0,149.916,50.494,49.335,0,249.745,217.149,57.295,69.845,0,344.289
9/1/2026,2022,20231306,42769,2879,"BBT LOUISIANA INTRASTATE, LLC",Natural Gas,INTRASTATE,LOUISIANA,88.431,1.168,10.108,0,99.707,0.871,5.534,4.008,89.294,0,0,,,,,88.431,1.168,10.108,0,99.707,0.871,5.534,4.008,89.294,0,0,0,0,0,0,0,0,0,0,0,0,0,0,0,0,0,88.431,1.168,10.108,0,99.707
9/1/2026,2022,20230453,41854,3240,DELMARVA POWER & LIGHT COMPANY,Natural Gas,INTRASTATE,DELAWARE,0,0,7.592,0,7.592,7.592,,,,0,0,,,,,0,0,7.592,0,7.592,7.592,,,,0,0,0,0,0,0,0,0,0,0,0,0,0,0,0,0,0,0,0,7.592,0,7.592
9/1/2026,2022,20231240,42701,3260,DELTA NATURAL GAS CO INC,Natural Gas,INTRASTATE,KENTUCKY,100.379,48.333,2.5,0,151.212,0.455,0.735,1.912,148.11,0,0,,,,,100.379,48.333,2.5,0,151.212,0.455,0.735,1.912,148.11,0,0,0,0,0,43.135,0,43.135,0,0,0,0,0,0,43.135,0,43.135,100.379,48.333,45.635,0,194.347
9/1/2026,2022,20231117,42567,3345,DEVON ENERGY PRODUCTION CO. LP,Natural Gas,INTRASTATE,NEW MEXICO,0,0,0,0,0,,,,,0,0,,,,,0,0,0,0,0,,,,,0,0,0,0,0,0,0,0,4.65,4.65,0,0,4.65,0,0,0,4.65,4.65,0,0,0,4.65
9/1/2026,2022,20231117,42567,3345,DEVON ENERGY PRODUCTION CO. LP,Natural Gas,INTRASTATE,TEXAS,0,0,0,0,0,,,,,0,0,,,,,0,0,0,0,0,,,,,0,0,0,0,0,0,0,0,0.38,0.38,0,0,0.38,0,0,0,0.38,0.38,0,0,0,0.38
9/1/2026,2022,20230530,41936,3527,DOW PIPELINE CO,Natural Gas,INTRASTATE,TEXAS,171.73,9.69,41.98,0,223.4,43.16,1.36,,178.87,0,0,,,,,171.73,9.69,41.98,0,223.4,43.16,1.36,,178.87,0.02,0.99,0,1.01,0,0,0,0,0,0,0,0,0,0.02,0.99,0,1.01,171.73,9.71,42.97,0,224.41
9/1/2026,2022,20230531,41937,3527,DOW PIPELINE CO,Other Gas-Ethylene,INTRASTATE,TEXAS,47.75,5.85,56.82,0,110.42,58.33,0,0,52.08,0,0,,,,,47.75,5.85,56.82,0,110.42,58.33,0,0,52.08,0,0,0,0,0,0,0,0,0,0,0,0,0,0,0,0,0,47.75,5.85,56.82,0,110.42
9/1/2026,2022,20230579,41988,3532,DOW INTRASTATE GAS CO,Natural Gas,INTRASTATE,LOUISIANA,5.82,0,2.08,0,7.9,2.52,0,0,5.38,0,0,,,,,5.82,0,2.08,0,7.9,2.52,0,0,5.38,0,0,0,0,0,0,0,0,0,0,0,0,0,0,0,0,0,5.82,0,2.08,0,7.9
9/1/2026,2022,20230585,41994,3535,DOW PIPELINE CO,Other Gas-Ethylene,INTRASTATE,LOUISIANA,26.1,0.75,1.95,0,28.8,1.95,,,26.86,0,0,,,,,26.1,0.75,1.95,0,28.8,1.95,,,26.86,0,0,0,0,0,0,0,0,0,0,0,0,0,0,0,0,0,26.1,0.75,1.95,0,28.8
9/1/2026,2022,20231201,42658,3590,CITY OF DULUTH PUBLIC WORKS & UTILITIES,Natural Gas,INTERSTATE,MINNESOTA,0,0.6,0,0,0.6,0.1,,,0.5,0,0,,,,,0,0.6,0,0,0.6,0.1,,,0.5,0,0,0,0,0,0,0,0,0,0,0,0,0,0,0,0,0,0,0.6,0,0,0.6
9/1/2026,2022,20231201,42658,3590,CITY OF DULUTH PUBLIC WORKS & UTILITIES,Natural Gas,INTERSTATE,WISCONSIN,2.8,1.9,0,0,4.7,0,,,4.7,0,0,,,,,2.8,1.9,0,0,4.7,0,,,4.7,0,0,0,0,0,0,0,0,0,0,0,0,0,0,0,0,0,2.8,1.9,0,0,4.7
9/1/2026,2022,20230199,41587,3830,"GARLAND, CITY OF",Natural Gas,INTRASTATE,TEXAS,2.008,3.732,0.182,0,5.922,5.922,0,0,0,0,0,,,,,2.008,3.732,0.182,0,5.922,5.922,0,0,0,0,0,0,0,0,0,0,0,0,0,0,0,0,0,0,0,0,2.008,3.732,0.182,0,5.922
9/1/2026,2022,20231001,42442,4005,E M W GAS ASSOCIATION,Natural Gas,INTRASTATE,NEW MEXICO,68.2,3.3,0,0,71.5,0,,,71.5,0,0,,,,,68.2,3.3,0,0,71.5,0,,,71.5,0,0,0,0,0,0,0,0,0,0,0,0,0,0,0,0,0,68.2,3.3,0,0,71.5
9/1/2026,2022,20230672,43002,4060,DOMINION ENERGY OHIO,Natural Gas,INTRASTATE,OHIO,420.32,237.73,341.41,0,999.46,134.57,214.4,66.63,584.12,0,0,,,,,420.32,237.73,341.41,0,999.46,134.57,214.4,66.63,584.12,188.78,37.94,0,226.72,485.31,146.36,0,631.67,98.96,98.96,0,0,98.96,674.09,184.3,0,957.35,519.28,911.82,525.71,0,1956.81
9/1/2026,2022,20230565,41976,4070,"EAST TENNESSEE NATURAL GAS, LLC (SPECTRA ENERGY PARTNERS, LP)",Natural Gas,INTERSTATE,GEORGIA,9.95,9.86,6.83,0,26.64,2.64,8.58,0,15.42,0,0,,,,,9.95,9.86,6.83,0,26.64,2.64,8.58,0,15.42,0,0,0,0,0,0,0,0,0,0,0,0,0,0,0,0,0,9.95,9.86,6.83,0,26.64
9/1/2026,2022,20230565,41976,4070,"EAST TENNESSEE NATURAL GAS, LLC (SPECTRA ENERGY PARTNERS, LP)",Natural Gas,INTERSTATE,NORTH CAROLINA,5.68,2.75,0,0,8.43,0.57,2.65,0,5.21,0,0,,,,,5.68,2.75,0,0,8.43,0.57,2.65,0,5.21,0,0,0,0,0,0,0,0,0,0,0,0,0,0,0,0,0,5.68,2.75,0,0,8.43
9/1/2026,2022,20230565,41976,4070,"EAST TENNESSEE NATURAL GAS, LLC (SPECTRA ENERGY PARTNERS, LP)",Natural Gas,INTERSTATE,TENNESSEE,536.79,255.38,229.28,0,1021.45,73,162.67,50.81,734.97,0,0,,,,,536.79,255.38,229.28,0,1021.45,73,162.67,50.81,734.97,0,0,0,0,0,0,0,0,0,0,0,0,0,0,0,0,0,536.79,255.38,229.28,0,1021.45
9/1/2026,2022,20230565,41976,4070,"EAST TENNESSEE NATURAL GAS, LLC (SPECTRA ENERGY PARTNERS, LP)",Natural Gas,INTERSTATE,VIRGINIA,330.34,110.22,25.32,0,465.88,13.76,53.9,0.14,398.08,0,0,,,,,330.34,110.22,25.32,0,465.88,13.76,53.9,0.14,398.08,0,0,0,0,0,0,0,0,0,0,0,0,0,0,0,0,0,330.34,110.22,25.32,0,465.88
9/1/2026,2022,20231058,42501,4149,EASTERN SHORE NATURAL GAS CO,Natural Gas,INTERSTATE,DELAWARE,33.41,25.58,312.93,0,371.92,108.87,99.75,109.38,53.95,0,0,,,,,33.41,25.58,312.93,0,371.92,108.87,99.75,109.38,53.95,0,0,0,0,0,0,0,0,0,0,0,0,0,0,0,0,0,33.41,25.58,312.93,0,371.92
9/1/2026,2022,20231058,42501,4149,EASTERN SHORE NATURAL GAS CO,Natural Gas,INTERSTATE,MARYLAND,15.18,14.05,50.81,0,80.04,16.89,1.05,33.35,28.75,0,0,,,,,15.18,14.05,50.81,0,80.04,16.89,1.05,33.35,28.75,0,0,0,0,0,0,0,0,0,0,0,0,0,0,0,0,0,15.18,14.05,50.81,0,80.04
9/1/2026,2022,20231058,42501,4149,EASTERN SHORE NATURAL GAS CO,Natural Gas,INTERSTATE,PENNSYLVANIA,19.11,11.93,34.3,0,65.34,3.63,31.49,0.11,30.12,0,0,,,,,19.11,11.93,34.3,0,65.34,3.63,31.49,0.11,30.12,0,0,0,0,0,0,0,0,0,0,0,0,0,0,0,0,0,19.11,11.93,34.3,0,65.34
9/1/2026,2022,20231128,42579,4273,EGYPTIAN GAS STORAGE CORP,Natural Gas,INTRASTATE,ILLINOIS,16,0,0,0,16,0,,,16,0,0,,,,,16,0,0,0,16,0,,,16,0,0,0,0,0,0,0,0,,,0,0,0,0,0,0,0,16,0,0,0,16
9/1/2026,2022,20231173,43045,4280,EL PASO NATURAL GAS CO,Natural Gas,INTERSTATE,ARIZONA,4374.57,161.638,366.525,0.649,4903.382,220.538,419.912,32.068,4230.864,0,0,,,,,4374.57,161.638,366.525,0.649,4903.382,220.538,419.912,32.068,4230.864,0,0,0,0,0,0,0,0,0,0,0,0,0,0,0,0,0,4374.57,161.638,366.525,0.649,4903.382
9/1/2026,2022,20231173,43045,4280,EL PASO NATURAL GAS CO,Natural Gas,INTERSTATE,COLORADO,21.681,0,0,0,21.681,0.632,0,0,21.049,0,0,,,,,21.681,0,0,0,21.681,0.632,0,0,21.049,0,0,0,0,0,0,0,0,0,0,0,0,0,0,0,0,0,21.681,0,0,0,21.681
9/1/2026,2022,20231173,43045,4280,EL PASO NATURAL GAS CO,Natural Gas,INTERSTATE,NEW MEXICO,2662.07,75.469,43.532,0,2781.071,34.477,107.325,5.008,2634.261,0,0,,,,,2662.07,75.469,43.532,0,2781.071,34.477,107.325,5.008,2634.261,0,0,0,0,0,0,0,0,0,0,0,0,0,0,0,0,0,2662.07,75.469,43.532,0,2781.071
9/1/2026,2022,20231173,43045,4280,EL PASO NATURAL GAS CO,Natural Gas,INTERSTATE,OKLAHOMA,45.875,0,0,0,45.875,0,0.463,0,45.412,0,0,,,,,45.875,0,0,0,45.875,0,0.463,0,45.412,0,0,0,0,0,0,0,0,0,0,0,0,0,0,0,0,0,45.875,0,0,0,45.875
9/1/2026,2022,20231173,43045,4280,EL PASO NATURAL GAS CO,Natural Gas,INTERSTATE,TEXAS,2355.656,11.689,38.781,0,2406.126,23.606,31.907,4.774,2345.839,0,0,,,,,2355.656,11.689,38.781,0,2406.126,23.606,31.907,4.774,2345.839,0,0,0,0,0,0,0,0,0,0,0,0,0,0,0,0,0,2355.656,11.689,38.781,0,2406.126
9/1/2026,2022,20230652,42070,4350,ELIZABETHTOWN GAS CO,Natural Gas,INTRASTATE,NEW JERSEY,0.5,6.9,5.7,0,13.1,5.7,,,7.4,0,0,,,,,0.5,6.9,5.7,0,13.1,5.7,,,7.4,0,0,0,0,0,0,0,0,0,0,0,0,0,0,0,0,0,0.5,6.9,5.7,0,13.1
9/1/2026,2022,20230022,48547,4360,ELIZABETHTOWN NATURAL GAS,Natural Gas,INTRASTATE,KENTUCKY,2.246,0,0,0,2.246,0,0,0,2.246,0,0,,,,,2.246,0,0,0,2.246,0,0,0,2.246,0,0,0,0,0,0,0,0,0,0,0,0,0,0,0,0,0,2.246,0,0,0,2.246
9/1/2026,2022,20230648,42066,4430,VALERO TERMINALING AND DISTRIBUTION COMPANY,Natural Gas,INTRASTATE,TEXAS,8.58,0,0,0,8.58,0,0,0,8.58,0,0,,,,,8.58,0,0,0,8.58,0,0,0,8.58,0,0,0,0,0,0,0,0,0,0,0,0,0,0,0,0,0,8.58,0,0,0,8.58
9/1/2026,2022,20230171,41558,4440,EMMETSBURG MUNICIPAL UTILITIES,Natural Gas,INTRASTATE,IOWA,1.81,1.5,0,0,3.31,0,,,3.31,0,0,,,,,1.81,1.5,0,0,3.31,0,,,3.31,0,0,0,0,0,0,0,0,0,0,0,0,0,0,0,0,0,1.81,1.5,0,0,3.31
9/1/2026,2022,20230708,46810,4461,"EOG RESOURCES, INC",Natural Gas,INTRASTATE,COLORADO,0,0,0,0,0,0,0,0,0,,0,,,,,0,0,0,0,0,0,0,0,0,0,0,0,0,0,0,0,0,3.07,3.07,,0,3.07,0,0,0,3.07,3.07,0,0,0,3.07
9/1/2026,2022,20230708,46810,4461,"EOG RESOURCES, INC",Natural Gas,INTRASTATE,NEW MEXICO,0,0,0,0,0,0,,0,0,,0,,,,,0,0,0,0,0,0,,0,0,0,0,0,0,0,0,0,0,397.61,397.61,,0,397.61,0,0,0,397.61,397.61,0,0,0,397.61
9/1/2026,2022,20230708,46810,4461,"EOG RESOURCES, INC",Natural Gas,INTRASTATE,OKLAHOMA,0,0,0,0,0,,,,,,0,,,,,0,0,0,0,0,,,,,8.61,3.62,0,12.23,0,0,0,0,13.57,13.57,,0,13.57,8.61,3.62,0,25.8,13.57,8.61,3.62,0,25.8
9/1/2026,2022,20230708,46810,4461,"EOG RESOURCES, INC",Natural Gas,INTRASTATE,TEXAS,3.06,0,0,0,3.06,0,0,0,3.06,0,0,,,,,3.06,0,0,0,3.06,0,0,0,3.06,16.18,0,0,16.18,4.61,0,0,4.61,969.76,969.76,0,0,969.76,20.79,0,0,990.55,972.82,20.79,0,0,993.61
9/1/2026,2022,20230708,46810,4461,"EOG RESOURCES, INC",Natural Gas,INTRASTATE,WYOMING,0,0,0,0,0,0,0,0,0,,0,,,,,0,0,0,0,0,0,0,0,0,0,0,0,0,0,0,0,0,58.1,58.1,,0,58.1,0,0,0,58.1,58.1,0,0,0,58.1
9/1/2026,2022,20230938,46785,4473,ATMOS ENERGY CORPORATION - WEST TEXAS,Natural Gas,INTRASTATE,TEXAS,95.141,15.031,14.184,0,124.356,9.59,12.04,4.87,97.87,0,0,,,,,95.141,15.031,14.184,0,124.356,9.59,12.04,4.87,97.87,0,0,0,0,0,0,0,0,0,0,0,0,0,0,0,0,0,95.141,15.031,14.184,0,124.356
9/1/2026,2022,20230819,42247,4499,CENTERPOINT ENERGY RESOURCES CORPORATION,Natural Gas,INTRASTATE,MISSISSIPPI,59.136,29.74,30.817,0,119.693,6.127,20.079,5.89,87.597,0,0,,,,,59.136,29.74,30.817,0,119.693,6.127,20.079,5.89,87.597,0,0,0,0,0,0,0,0,0,0,0,0,0,0,0,0,0,59.136,29.74,30.817,0,119.693
9/1/2026,2022,20231137,42588,4900,KINDER MORGAN TEJAS PIPELINE,Natural Gas,INTRASTATE,TEXAS,2374.605,241.848,447.642,2.095,3066.19,286.95,218.416,76.611,2484.213,0,0,,,,,2374.605,241.848,447.642,2.095,3066.19,286.95,218.416,76.611,2484.213,13.73,3.59,0,17.32,0.548,0.005,0,0.553,147.665,147.665,0,0,147.665,14.278,3.595,0,165.538,2522.27,256.126,451.237,2.095,3231.728
9/1/2026,2022,20230697,42118,4906,EXXONMOBIL PIPELINE COMPANY LLC,Hydrogen Gas,INTRASTATE,TEXAS,0.4,0,0,0,0.4,0,,,0.4,0,0,,,,,0.4,0,0,0,0.4,0,,,0.4,0,0,0,0,0,0,0,0,0,0,0,0,0,0,0,0,0,0.4,0,0,0,0.4
9/1/2026,2022,20230693,42114,4906,EXXONMOBIL PIPELINE COMPANY LLC,Natural Gas,INTRASTATE,TEXAS,0.51,0,0,0,0.51,0,,,0.51,0,0,,,,,0.51,0,0,0,0.51,0,,,0.51,0,0,0,0,0,0,0,0,0,0,0,0,0,0,0,0,0,0.51,0,0,0,0.51
9/1/2026,2022,20230695,43007,4906,EXXONMOBIL PIPELINE COMPANY LLC,Other Gas-Ethylene,INTRASTATE,LOUISIANA,0,0,11.18,0,11.18,11.18,,,,0,0,,,,,0,0,11.18,0,11.18,11.18,,,,0,0,0,0,0,0,0,0,0,0,0,0,0,0,0,0,0,0,0,11.18,0,11.18
9/1/2026,2022,20231014,42468,4908,"EXXONMOBIL PRODUCTION COMPANY, A DIVISION OF EXXON MOBIL CORPORATION",Natural Gas,INTERSTATE,CALIFORNIA,0,0,0,0,0,,,,,0,0,,,,,0,0,0,0,0,,,,,0,0,0,0,0,0,0,0,0,0,6.78,6.78,6.78,0,0,0,6.78,6.78,0,0,0,6.78
9/1/2026,2022,20231014,42468,4908,"EXXONMOBIL PRODUCTION COMPANY, A DIVISION OF EXXON MOBIL CORPORATION",Natural Gas,INTRASTATE,WYOMING,0,0,0,0,0,,,,,0,0,,,,,0,0,0,0,0,,,,,0,0,0,0,0,0,0,0,81.85,81.85,0,0,81.85,0,0,0,81.85,81.85,0,0,0,81.85
9/1/2026,2022,20231189,42645,5304,FLORIDA GAS TRANSMISSION CO,Natural Gas,INTERSTATE,ALABAMA,285,22.62,18.94,0,326.56,10.77,47.01,0,268.78,0,0,,,,,285,22.62,18.94,0,326.56,10.77,47.01,0,268.78,0,0,0,0,0,0,0,0,0,0,0,0,0,0,0,0,0,285,22.62,18.94,0,326.56
9/1/2026,2022,20231189,42645,5304,FLORIDA GAS TRANSMISSION CO,Natural Gas,INTERSTATE,FLORIDA,2211.05,519.83,1125.15,0.39,3856.42,668.68,970.45,69.02,2148.27,0,0,,,,,2211.05,519.83,1125.15,0.39,3856.42,668.68,970.45,69.02,2148.27,0,0,0,0,0,0,0,0,0,0,0,0,0,0,0,0,0,2211.05,519.83,1125.15,0.39,3856.42
9/1/2026,2022,20231189,42645,5304,FLORIDA GAS TRANSMISSION CO,Natural Gas,INTERSTATE,LOUISIANA,519,105.32,46.77,0,671.09,15.13,90.5,0.02,565.44,0,0,,,,,519,105.32,46.77,0,671.09,15.13,90.5,0.02,565.44,0,0,0,0,0,0,0,0,0,0,0,0,0,0,0,0,0,519,105.32,46.77,0,671.09
9/1/2026,2022,20231189,42645,5304,FLORIDA GAS TRANSMISSION CO,Natural Gas,INTERSTATE,MISSISSIPPI,201.75,19.27,0,0,221.02,1.13,18.52,0,201.37,0,0,,,,,201.75,19.27,0,0,221.02,1.13,18.52,0,201.37,0,0,0,0,0,0,0,0,0,0,0,0,0,0,0,0,0,201.75,19.27,0,0,221.02
9/1/2026,2022,20231189,42645,5304,FLORIDA GAS TRANSMISSION CO,Natural Gas,INTERSTATE,TEXAS,240.55,18.97,15.05,0,274.57,2.63,23.36,0.23,248.35,0,0,,,,,240.55,18.97,15.05,0,274.57,2.63,23.36,0.23,248.35,0,0,0,0,0,0,0,0,0,0,0,0,0,0,0,0,0,240.55,18.97,15.05,0,274.57
9/1/2026,2022,20230759,42184,6030,GAINESVILLE REGIONAL UTIL GAS DEPT,Natural Gas,INTRASTATE,FLORIDA,0,0,0.221,0,0.221,0.221,,,,0,0,,,,,0,0,0.221,0,0.221,0.221,,,,0,0,0,0,0,0,0,0,0,0,0,0,0,0,0,0,0,0,0,0.221,0,0.221
9/1/2026,2022,20231360,42827,6141,NEW MEXICO GAS COMPANY,Natural Gas,INTRASTATE,NEW MEXICO,1294.465,50.186,151.538,0,1496.189,155.003,242.357,0.136,1098.693,0,0,,,,,1294.465,50.186,151.538,0,1496.189,155.003,242.357,0.136,1098.693,0,0,0,0,0,0,0,0,0,0,0,0,0,0,0,0,0,1294.465,50.186,151.538,0,1496.189
9/1/2026,2022,20230217,41608,6243,HAWAII GAS,Synthetic Gas,INTRASTATE,HAWAII,0,0,0,22.5,22.5,22.3,0.2,0,0,0,0,,,,,0,0,0,22.5,22.5,22.3,0.2,0,0,0,0,0,0,0,0,0,0,0,0,0,0,0,0,0,0,0,0,0,0,22.5,22.5
9/1/2026,2022,20230817,42245,6580,GRANITE STATE GAS TRANSMISSION INC,Natural Gas,INTERSTATE,MAINE,10.7,11.7,24.6,0,47,7.5,15.4,2.1,22,0,0,0,,,,10.7,11.7,24.6,0,47,7.5,15.4,2.1,22,0,0,0,0,0,0,0,0,0,0,0,0,0,0,0,0,0,10.7,11.7,24.6,0,47
9/1/2026,2022,20230817,42245,6580,GRANITE STATE GAS TRANSMISSION INC,Natural Gas,INTERSTATE,MASSACHUSETTS,0.1,0,0.1,0,0.2,0,0.1,0,0.1,0,0,0,0,0,0,0.1,0,0.1,0,0.2,0,0.1,0,0.1,0,0,0,0,0,0,0,0,0,0,0,0,0,0,0,0,0,0.1,0,0.1,0,0.2
9/1/2026,2022,20230817,42245,6580,GRANITE STATE GAS TRANSMISSION INC,Natural Gas,INTERSTATE,NEW HAMPSHIRE,8.7,3.8,25.4,0,37.9,4.3,22.3,0.8,10.5,0,0,0,0,0,0,8.7,3.8,25.4,0,37.9,4.3,22.3,0.8,10.5,0,0,0,0,0,0,0,0,0,0,0,0,0,0,0,0,0,8.7,3.8,25.4,0,37.9
9/1/2026,2022,20230062,41447,6640,"GRAYVILLE GAS DEPT, CITY OF",Natural Gas,INTRASTATE,ILLINOIS,13.705,0,0,0,13.705,0,0,0,13.705,0,0,,,,,13.705,0,0,0,13.705,0,0,0,13.705,0,0,0,0,0,0,0,0,0,0,0,0,0,0,0,0,0,13.705,0,0,0,13.705
9/1/2026,2022,20230863,46897,6660,GREAT LAKES GAS TRANSMISSION LIMITED PARTNERSHIP,Natural Gas,INTERSTATE,MICHIGAN,1086.141,148.082,10.543,0,1244.766,38.012,194.82,0,1011.933,0,0,,,,,1086.141,148.082,10.543,0,1244.766,38.012,194.82,0,1011.933,0,0,0,0,0,0,0,0,0,0,0,0,0,0,0,0,0,1086.141,148.082,10.543,0,1244.766
9/1/2026,2022,20230863,46897,6660,GREAT LAKES GAS TRANSMISSION LIMITED PARTNERSHIP,Natural Gas,INTERSTATE,MINNESOTA,620.162,34.245,1.085,0,655.492,17.675,50.494,0,587.323,0,0,,,,,620.162,34.245,1.085,0,655.492,17.675,50.494,0,587.323,0,0,0,0,0,0,0,0,0,0,0,0,0,0,0,0,0,620.162,34.245,1.085,0,655.492
9/1/2026,2022,20230863,46897,6660,GREAT LAKES GAS TRANSMISSION LIMITED PARTNERSHIP,Natural Gas,INTERSTATE,WISCONSIN,205.034,8.921,0.514,0,214.469,3.745,18.592,0,192.132,0,0,,,,,205.034,8.921,0.514,0,214.469,3.745,18.592,0,192.132,0,0,0,0,0,0,0,0,0,0,0,0,0,0,0,0,0,205.034,8.921,0.514,0,214.469
9/1/2026,2022,20230843,42275,6690,GREAT PLAINS NATURAL GAS CO,Natural Gas,INTERSTATE,NORTH DAKOTA,4.584,0,0,0,4.584,0,0,0,4.584,0,0,,,,,4.584,0,0,0,4.584,0,0,0,4.584,0,0,0,0,0,0,0,0,0,0,0,0,0,0,0,0,0,4.584,0,0,0,4.584
9/1/2026,2022,20230843,42275,6690,GREAT PLAINS NATURAL GAS CO,Natural Gas,INTERSTATE,SOUTH DAKOTA,5.884,0,0,0,5.884,0,0,0,5.884,0,0,,,,,5.884,0,0,0,5.884,0,0,0,5.884,0,0,0,0,0,0,0,0,0,0,0,0,0,0,0,0,0,5.884,0,0,0,5.884
9/1/2026,2022,20230843,42275,6690,GREAT PLAINS NATURAL GAS CO,Natural Gas,INTRASTATE,MINNESOTA,51.652,14.218,0,0,65.87,0,0,0,65.871,0,0,,,,,51.652,14.218,0,0,65.87,0,0,0,65.871,0,0,0,0,0,0,0,0,0,0,0,0,0,0,0,0,0,51.652,14.218,0,0,65.87
9/1/2026,2022,20230891,42324,6720,ATMOS ENERGY CORPORATION - COLORADO/KANSAS,Natural Gas,INTRASTATE,KANSAS,6.96,0,0,0,6.96,0,0,0,6.96,0,0,,,,,6.96,0,0,0,6.96,0,0,0,6.96,0,0,0,0,0,0,0,0,0,0,0,0,0,0,0,0,0,6.96,0,0,0,6.96
9/1/2026,2022,20230005,41650,6810,GREENWOOD COMMISSION OF PUBLIC WORKS,Natural Gas,INTRASTATE,SOUTH CAROLINA,11.9,6.9,30.8,0,49.6,11.97,0,19.79,17.84,0,0,,,,,11.9,6.9,30.8,0,49.6,11.97,0,19.79,17.84,0,0,0,0,0,0,0,0,0,0,0,0,0,0,0,0,0,11.9,6.9,30.8,0,49.6
9/1/2026,2022,20231097,42542,7020,"HALLOCK GAS DEPT, VILLAGE OF",Natural Gas,INTRASTATE,MINNESOTA,2.375,0,0,0,2.375,0,,,2.375,0,0,,,,,2.375,0,0,0,2.375,0,,,2.375,0,0,0,0,0,0,0,0,0,0,0,0,0,0,0,0,0,2.375,0,0,0,2.375
9/1/2026,2022,20230773,42198,7050,HAMPSHIRE GAS CO,Natural Gas,INTERSTATE,WEST VIRGINIA,16.669,0.168,2.02,0,18.857,0.4,1.62,0,16.84,0,0,,,,,16.669,0.168,2.02,0,18.857,0.4,1.62,0,16.84,0,0,0,0,0,0,0,0,0,0,0,0,0,0,0,0,0,16.669,0.168,2.02,0,18.857
9/1/2026,2022,20230051,41436,7180,HAWLEY UTILITIES COMM,Natural Gas,INTRASTATE,MINNESOTA,3.3,0,0,0,3.3,,,,3.3,0,0,,,,,3.3,0,0,0,3.3,,,,3.3,0,0,0,0,0,0,0,0,0,0,0,0,0,0,0,0,0,3.3,0,0,0,3.3
9/1/2026,2022,20231090,42534,7237,MALARKEY ROOFING PRODUCTS,Natural Gas,INTRASTATE,OREGON,0,0,1.66,0,1.66,,,1.66,,,0,,,,,0,0,1.66,0,1.66,,,1.66,,0,0,0,0,0,0,0,0,0,0,,0,0,0,0,0,0,0,0,1.66,0,1.66
9/1/2026,2022,20230316,41709,7300,"HOGANSVILLE GAS SYSTEM, CITY OF",Natural Gas,INTRASTATE,GEORGIA,0,0,0.998,0,0.998,,,0.998,,0,0,,,,,0,0,0.998,0,0.998,,,0.998,,0,0,0,0,0,0,0,0,0,0,0,0,0,0,0,0,0,0,0,0.998,0,0.998
9/1/2026,2022,20230182,41569,7338,HONEOYE STORAGE CORP,Natural Gas,INTERSTATE,NEW YORK,10.4,17.1,0,0,27.5,0,0,0,27.5,0,0,,,,,10.4,17.1,0,0,27.5,0,0,0,27.5,0,0,0,0,0,0,0,0,0,0,0,0,0,0,0,0,0,10.4,17.1,0,0,27.5
9/1/2026,2022,20230586,41996,7655,HUMPHREYS COUNTY UTILITY DISTRICT,Natural Gas,INTRASTATE,TENNESSEE,0,46.07,1,0,47.07,0.5,,1,45.57,0,0,,,,,0,46.07,1,0,47.07,0.5,,1,45.57,0,0,0,0,0,0,0,0,0,0,0,0,0,0,0,0,0,0,46.07,1,0,47.07
9/1/2026,2022,20230673,42093,7695,HUTCHINSON UTILITIES COMMISSION,Natural Gas,INTRASTATE,MINNESOTA,92.85,0,0.15,0,93,0.12,0.35,0,92.53,0,0,,,,,92.85,0,0.15,0,93,0.12,0.35,0,92.53,0,0,0,0,0,0,0,0,0,0,0,0,0,0,0,0,0,92.85,0,0.15,0,93
9/1/2026,2022,20230738,46889,8070,INDIANA GAS CO INC,Natural Gas,INTRASTATE,INDIANA,350.446,137.877,127.05,0,615.373,39.322,61.871,41.267,472.913,0,0,,,,,350.446,137.877,127.05,0,615.373,39.322,61.871,41.267,472.913,0,0,0,0,0,0,0,0,0,0,0,0,0,0,0,0,0,350.446,137.877,127.05,0,615.373
9/1/2026,2022,20230738,46889,8070,INDIANA GAS CO INC,Natural Gas,INTRASTATE,KENTUCKY,11.769,1.938,13.855,0,27.562,3.185,5.026,5.92,13.431,0,0,,,,,11.769,1.938,13.855,0,27.562,3.185,5.026,5.92,13.431,0,0,0,0,0,0,0,0,0,0,0,0,0,0,0,0,0,11.769,1.938,13.855,0,27.562
9/1/2026,2022,20230996,42437,8140,INLAND EMPIRE PAPER CO,Natural Gas,INTRASTATE,WASHINGTON,0,3.5,0,0,3.5,,,,3.5,0,0,,,,,0,3.5,0,0,3.5,,,,3.5,0,0,0,0,0,0,0,0,0,0,0,0,0,0,0,0,0,0,3.5,0,0,3.5
9/1/2026,2022,20230758,42917,8160,INTERMOUNTAIN GAS CO,Natural Gas,INTRASTATE,IDAHO,132.322,74.098,77.653,0,284.073,13.073,21.741,42.838,206.421,0,0,,,,,132.322,74.098,77.653,0,284.073,13.073,21.741,42.838,206.421,0,0,0,0,0,0,0,0,0,0,0,0,0,0,0,0,0,132.322,74.098,77.653,0,284.073
9/1/2026,2022,20231013,42454,8166,"ADELPHIA GATEWAY, LLC",Natural Gas,INTERSTATE,DELAWARE,0,0,0.23,0,0.23,0.23,0,0,0,0,0,,,,,0,0,0.23,0,0.23,0.23,0,0,0,0,0,0,0,0,0,0,0,0,0,0,0,0,0,0,0,0,0,0,0.23,0,0.23
9/1/2026,2022,20231013,42454,8166,"ADELPHIA GATEWAY, LLC",Natural Gas,INTERSTATE,PENNSYLVANIA,18.53,18.11,56.58,0,93.22,30.52,31.29,0,31.41,0,0,,,,,18.53,18.11,56.58,0,93.22,30.52,31.29,0,31.41,0,0,0,0,0,0,0,0,0,0,0,0,0,0,0,0,0,18.53,18.11,56.58,0,93.22
9/1/2026,2022,20230667,42087,8170,ALLIANT ENERGY - INTERSTATE POWER AND LIGHT COMPANY,Natural Gas,INTRASTATE,ILLINOIS,51.91,0.03,0,0,51.94,0,0,0,51.94,0,0,,,,,51.91,0.03,0,0,51.94,0,0,0,51.94,0,0,0,0,0,0,0,0,0,0,0,0,0,0,0,0,0,51.91,0.03,0,0,51.94
9/1/2026,2022,20230667,42087,8170,ALLIANT ENERGY - INTERSTATE POWER AND LIGHT COMPANY,Natural Gas,INTRASTATE,IOWA,300.72,409.6,21.48,0,731.8,0.32,1.4,21.16,708.91,0,0,,,,,300.72,409.6,21.48,0,731.8,0.32,1.4,21.16,708.91,0,0,0,0,0,0,0,0,0,0,0,0,0,0,0,0,0,300.72,409.6,21.48,0,731.8
9/1/2026,2022,20230839,42271,8310,IROQUOIS GAS CORP,Natural Gas,INTERSTATE,CONNECTICUT,13.109,13.756,27.733,0,54.598,21.605,20.799,0,12.192,16.194,16.194,0.331,,,15.863,29.303,13.756,27.733,0,70.792,21.936,20.799,0,28.055,0,0,0,0,0,0,0,0,0,0,0,0,0,0,0,0,0,29.303,13.756,27.733,0,70.792
9/1/2026,2022,20230839,42271,8310,IROQUOIS GAS CORP,Natural Gas,INTERSTATE,NEW YORK,243.87,43.018,11.507,0,298.395,20.522,46.9,0.177,230.786,45.136,45.136,1.359,0.528,0,43.25,289.006,43.018,11.507,0,343.531,21.881,47.428,0.177,274.036,0,0,0,0,0,0,0,0,0,0,0,0,0,0,0,0,0,289.006,43.018,11.507,0,343.531
9/1/2026,2022,20230001,41383,9200,JEFFERSON - COCKE CO UTIL DIST,Natural Gas,INTRASTATE,TENNESSEE,4.01,10.81,1.93,0,16.75,0.48,1.56,0,14.71,0,0,,,,,4.01,10.81,1.93,0,16.75,0.48,1.56,0,14.71,0,0,0,0,0,0,0,0,0,0,0,0,0,0,0,0,0,4.01,10.81,1.93,0,16.75
9/1/2026,2022,20230319,46935,10035,"KPC PIPELINE, LLC",Natural Gas,INTERSTATE,KANSAS,745.783,0,138.44,0,884.223,26.71,0,111.73,745.783,0,0,,,,,745.783,0,138.44,0,884.223,26.71,0,111.73,745.783,0,0,0,0,0,0,0,0,0,0,0,0,0,0,0,0,0,745.783,0,138.44,0,884.223
9/1/2026,2022,20230319,46935,10035,"KPC PIPELINE, LLC",Natural Gas,INTERSTATE,MISSOURI,0,0,0.24,0,0.24,0.24,0,0,0,0,0,,,,,0,0,0.24,0,0.24,0.24,0,0,0,0,0,0,0,0,0,0,0,,,0,0,0,0,0,0,0,0,0,0.24,0,0.24
9/1/2026,2022,20230319,46935,10035,"KPC PIPELINE, LLC",Natural Gas,INTERSTATE,OKLAHOMA,112,1,0,0,113,0,0,0,113,0,0,,,,,112,1,0,0,113,0,0,0,113,0,0,0,0,0,0,0,0,,,0,0,0,0,0,0,0,112,1,0,0,113
9/1/2026,2022,20230319,46935,10035,"KPC PIPELINE, LLC",Natural Gas,INTRASTATE,KANSAS,0,0,4.3,0,4.3,,,4.3,,0,0,,,,,0,0,4.3,0,4.3,,,4.3,,0,0,0,0,0,0,0,0,,,0,0,0,0,0,0,0,0,0,4.3,0,4.3
9/1/2026,2022,20231291,42754,10270,KINGS MOUNTAIN NATURAL GAS SYSTEM,Natural Gas,INTRASTATE,NORTH CAROLINA,0.005,0,0,0,0.005,0,,,0.005,0,0,,,,,0.005,0,0,0,0.005,0,,,0.005,0,0,0,0,0,0,0,0,0,0,0,0,0,0,0,0,0,0.005,0,0,0,0.005
9/1/2026,2022,20231061,42504,11017,ATMOS ENERGY CORPORATION - TRANS LOUISIANA GAS PIPELINE,Natural Gas,INTRASTATE,LOUISIANA,22.441,10.852,13.33,0,46.623,5.676,5.545,2.108,33.291,0,0,,,,,22.441,10.852,13.33,0,46.623,5.676,5.545,2.108,33.291,0,0,0,0,0,0,0,0,0,0,0,0,0,0,0,0,0,22.441,10.852,13.33,0,46.623
9/1/2026,2022,20231324,42789,11032,SPIRE MISSOURI INC. EAST,Natural Gas,INTRASTATE,MISSOURI,29.779,13.34,184.09,0,227.209,125.24,0,60.869,41.1,0,0,,,,,29.779,13.34,184.09,0,227.209,125.24,0,60.869,41.1,0,0,0,0,0,0,0,0,0,0,0,0,0,0,0,0,0,29.779,13.34,184.09,0,227.209
9/1/2026,2022,20230049,41433,11080,"LAGRANGE GAS DEPT, CITY OF",Natural Gas,INTRASTATE,GEORGIA,32.46,10.51,2.38,0,45.35,0,0,2.38,42.97,0,0,,,,,32.46,10.51,2.38,0,45.35,0,0,2.38,42.97,0,0,0,0,0,0,0,0,0,0,0,0,0,0,0,0,0,32.46,10.51,2.38,0,45.35
9/1/2026,2022,20231261,42723,11104,"LAKELAND, CITY OF (EX. LAKELAND UTILITIES, CITY OF",Natural Gas,INTRASTATE,FLORIDA,7.25,0,2,0,9.25,2,,,7.25,0,0,,,,,7.25,0,2,0,9.25,2,,,7.25,0,0,0,0,0,0,0,0,0,0,0,0,0,0,0,0,0,7.25,0,2,0,9.25
9/1/2026,2022,20230175,41562,11175,"LAMAR UTILITIES BOARD, CITY OF",Natural Gas,INTRASTATE,COLORADO,37.3,2.9,0,0,40.2,,,,40.2,0,0,,,,,37.3,2.9,0,0,40.2,,,,40.2,0,0,0,0,0,0,0,0,0,0,0,0,0,0,0,0,0,37.3,2.9,0,0,40.2
9/1/2026,2022,20230263,41656,11240,"LAS CRUCES, CITY OF",Natural Gas,INTRASTATE,NEW MEXICO,19,1,0,0,20,0,0,0,20,0,0,,,,,19,1,0,0,20,0,0,0,20,0,0,0,0,0,0,0,0,0,0,0,0,0,0,0,0,0,19,1,0,0,20
9/1/2026,2022,20230515,41921,11248,LAS VEGAS NATURAL GAS SYSTEM,Natural Gas,INTRASTATE,NEW MEXICO,50.8,3,0,0,53.8,3,0,0,50.8,0,0,,0,0,0,50.8,3,0,0,53.8,3,0,0,50.8,0,0,0,0,0,0,0,0,0,0,0,0,0,0,0,0,0,50.8,3,0,0,53.8
9/1/2026,2022,20231403,42904,11251,LAUREL FUEL CO,Natural Gas,INTRASTATE,MISSISSIPPI,73.77,0,3.65,0,77.42,3.65,,,73.77,0,0,,,,,73.77,0,3.65,0,77.42,3.65,,,73.77,0,0,0,0,0,0,0,0,0,0,0,0,0,0,0,0,0,73.77,0,3.65,0,77.42
9/1/2026,2022,20230897,42330,11272,LAVACA PIPELINE CO,Natural Gas,INTRASTATE,TEXAS,49.5,3.36,3.83,0,56.69,1.2,2.3,1.3,51.8,0,0,,,,,49.5,3.36,3.83,0,56.69,1.2,2.3,1.3,51.8,0,0,0,0,0,0,0,0,0,0,0,0,0,0,0,0,0,49.5,3.36,3.83,0,56.69
9/1/2026,2022,20230410,41809,11384,LENOX MUNICIPAL GAS SYSTEM,Natural Gas,INTRASTATE,IOWA,20,0,0,0,20,,,,20,0,0,,,,,20,0,0,0,20,,,,20,0,0,0,0,0,0,0,0,0,0,0,0,0,0,0,0,0,20,0,0,0,20
9/1/2026,2022,20230283,41676,11713,KEYSPAN ENERGY DELIVERY - LONG ISLAND,Natural Gas,INTRASTATE,NEW YORK,0,0,0,130.05,130.05,130.05,,,,0,0,,,,,0,0,0,130.05,130.05,130.05,,,,0,0,0,0,0,0,0,0,0,0,0,0,0,0,0,0,0,0,0,0,130.05,130.05
9/1/2026,2022,20230174,41561,11760,LORIMOR MUNICIPAL GAS SYSTEM,Natural Gas,INTRASTATE,IOWA,4.75,0,0,0,4.75,0,,,4.75,0,0,,,,,4.75,0,0,0,4.75,0,,,4.75,0,0,0,0,0,0,0,0,0,0,0,0,0,0,0,0,0,4.75,0,0,0,4.75
9/1/2026,2022,20231059,42502,11800,ATMOS ENERGY CORPORATION - LOUISIANA,Natural Gas,INTRASTATE,LOUISIANA,4.076,0.682,19.306,0,24.064,14.15,5.156,0,4.757,0,0,,,,,4.076,0.682,19.306,0,24.064,14.15,5.156,0,4.757,0,0,0,0,0,0,0,0,0,0,0,0,0,0,0,0,0,4.076,0.682,19.306,0,24.064
9/1/2026,2022,20230599,43442,11824,LOUISVILLE GAS & ELECTRIC CO,Natural Gas,INTRASTATE,INDIANA,13.53,0,0,0,13.53,0,0,0,13.53,0,0,,,,,13.53,0,0,0,13.53,0,0,0,13.53,0,0,0,0,0,0,0,0,0,0,0,0,0,0,0,0,0,13.53,0,0,0,13.53
9/1/2026,2022,20230599,43442,11824,LOUISVILLE GAS & ELECTRIC CO,Natural Gas,INTRASTATE,KENTUCKY,178.61,48.26,124.31,0,351.18,46.36,52.94,31.5,220.38,0,0,,,,,178.61,48.26,124.31,0,351.18,46.36,52.94,31.5,220.38,0,0,0,0,0,0,0,0,0,0,0,0,0,0,0,0,0,178.61,48.26,124.31,0,351.18
9/1/2026,2022,20230202,41590,11885,LUBBOCK POWER & LIGHT,Natural Gas,INTRASTATE,TEXAS,6.2,0,0,0,6.2,0,,,6.2,0,0,,,,,6.2,0,0,0,6.2,0,,,6.2,0,0,0,0,0,0,0,0,0,0,0,0,0,0,0,0,0,6.2,0,0,0,6.2
9/1/2026,2022,20231377,42856,12059,M H M PIPELINE CO INC,Natural Gas,INTRASTATE,TEXAS,0,0,0,0,0,,,,,0,0,,,,,0,0,0,0,0,,,,,0,0,0,0,0.42,4.27,0,4.69,0,0,0,0,0,0.42,4.27,0,4.69,0,0.42,4.27,0,4.69
9/1/2026,2022,20231203,43015,12102,MANNING NATURAL GAS DEPT,Natural Gas,INTRASTATE,IOWA,33,0,1,0,34,0,,1,33,0,0,,,,,33,0,1,0,34,0,,1,33,0,0,0,0,0,0,0,0,0,0,0,0,0,0,0,0,0,33,0,1,0,34
9/1/2026,2022,20230657,42077,12180,MARSHALL COUNTY GAS DISTRICT,Natural Gas,INTRASTATE,ALABAMA,0,0,85,0,85,3.5,,81.5,,0,0,,,,,0,0,85,0,85,3.5,,81.5,,0,0,0,0,0,0,0,0,0,0,0,0,0,0,0,0,0,0,0,85,0,85
9/1/2026,2022,20230260,46708,12342,MEMPHIS LIGHT GAS & WATER DIVISION,Natural Gas,INTRASTATE,TENNESSEE,66.61,14.53,119.29,0,200.43,50.273,36.282,34.943,78.932,0,0,,,,,66.61,14.53,119.29,0,200.43,50.273,36.282,34.943,78.932,0,0,0,0,0,0,0,0,0,0,0,0,0,0,0,0,0,66.61,14.53,119.29,0,200.43
9/1/2026,2022,20231095,42938,12350,"CENTERPOINT ENERGY RESOURCES CORP., DBA CENTERPOINT ENERGY MINNESOTA GAS",Natural Gas,INTRASTATE,MINNESOTA,43.776,2.291,60.056,0,106.123,33.912,16.713,10.833,44.665,0,0,,,,,43.776,2.291,60.056,0,106.123,33.912,16.713,10.833,44.665,0,0,0,0,0,0,0,0,0,0,0,0,0,0,0,0,0,43.776,2.291,60.056,0,106.123
9/1/2026,2022,20230348,41743,12390,METROPOLITAN UTILITIES DISTRICT,Natural Gas,INTRASTATE,NEBRASKA,0,0,1.2,0,1.2,0,0.2,1,,0,0,,,,,0,0,1.2,0,1.2,0,0.2,1,,0,0,0,0,0,0,0,0,0,0,0,0,0,0,0,0,0,0,0,1.2,0,1.2
9/1/2026,2022,20231246,42708,12408,DTE GAS COMPANY,Natural Gas,INTERSTATE,MICHIGAN,28.664,8.59,22.3,0,59.554,24,16.92,0,18.63,0,0,,,,,28.664,8.59,22.3,0,59.554,24,16.92,0,18.63,0,0,0,0,0,0,0,0,0,0,0,0,0,0,0,0,0,28.664,8.59,22.3,0,59.554
9/1/2026,2022,20231246,42708,12408,DTE GAS COMPANY,Natural Gas,INTRASTATE,MICHIGAN,1183.63,429.48,283.92,3.2,1900.23,210.88,177.8,20.4,1491.16,0,0,,,,,1183.63,429.48,283.92,3.2,1900.23,210.88,177.8,20.4,1491.16,0,0,0,0,0,0,0,0,0,0,0,0,0,0,0,0,0,1183.63,429.48,283.92,3.2,1900.23
9/1/2026,2022,20230525,41931,12420,MICHIGAN GAS UTILITIES CO,Natural Gas,INTRASTATE,MICHIGAN,40.47,26.91,6.84,0,74.22,0.62,5.11,0.06,68.45,0,0,,,,,40.47,26.91,6.84,0,74.22,0.62,5.11,0.06,68.45,0,0,0,0,0,0,0,0,0,0,0,0,0,0,0,0,0,40.47,26.91,6.84,0,74.22
9/1/2026,2022,20230513,41919,12455,MIDLAND COGENERATION VENTURE,Natural Gas,INTRASTATE,MICHIGAN,14.611,10.263,4.424,0,29.298,5.239,3.17,0.004,20.885,0,0,,,,,14.611,10.263,4.424,0,29.298,5.239,3.17,0.004,20.885,0,0,0,0,0,0,0,0,0,0,0,0,0,0,0,0,0,14.611,10.263,4.424,0,29.298
9/1/2026,2022,20231294,43081,12462,"BBT MIDLA, LLC",Natural Gas,INTERSTATE,LOUISIANA,40.574,5.307,4.091,0,49.972,0,5.511,0,44.461,0,0,,,,,40.574,5.307,4.091,0,49.972,0,5.511,0,44.461,0,0,0,0,0,0,0,0,0,0,0,0,0,0,0,0,0,40.574,5.307,4.091,0,49.972
9/1/2026,2022,20231294,43081,12462,"BBT MIDLA, LLC",Natural Gas,INTERSTATE,MISSISSIPPI,2.921,0.163,0.222,0,3.306,0.219,,0.003,3.084,0,0,,,,,2.921,0.163,0.222,0,3.306,0.219,,0.003,3.084,0,0,0,0,0,0,0,0,0,0,0,0,0,0,0,0,0,2.921,0.163,0.222,0,3.306
9/1/2026,2022,20230253,41645,12479,MIDWEST ENERGY INC,Natural Gas,INTRASTATE,KANSAS,10,0,0,0,10,,,,10,0,0,,,,,10,0,0,0,10,,,,10,0,0,0,0,0,0,0,0,0,0,0,0,0,0,0,0,0,10,0,0,0,10
9/1/2026,2022,20230046,41430,12486,MIDWEST NATURAL GAS CORP,Natural Gas,INTRASTATE,INDIANA,17.53,4.24,0,0,21.77,,,,21.77,0,0,,,,,17.53,4.24,0,0,21.77,,,,21.77,0,0,0,0,0,0,0,0,0,0,0,0,0,0,0,0,0,17.53,4.24,0,0,21.77
9/1/2026,2022,20230898,42331,12498,MIDWESTERN GAS TRANSMISSION CO,Natural Gas,INTERSTATE,ILLINOIS,148.93,3.3,1.29,0,153.52,3.59,7.25,,142.69,0,0,,,,,148.93,3.3,1.29,0,153.52,3.59,7.25,,142.69,0,0,0,0,0,0,0,0,0,0,0,0,0,0,0,0,0,148.93,3.3,1.29,0,153.52
9/1/2026,2022,20230898,42331,12498,MIDWESTERN GAS TRANSMISSION CO,Natural Gas,INTERSTATE,INDIANA,117.79,2.44,0,0,120.23,0,8.32,,111.91,0,0,,,,,117.79,2.44,0,0,120.23,0,8.32,,111.91,0,0,0,0,0,0,0,0,0,0,0,0,0,0,0,0,0,117.79,2.44,0,0,120.23
9/1/2026,2022,20230898,42331,12498,MIDWESTERN GAS TRANSMISSION CO,Natural Gas,INTERSTATE,KENTUCKY,88.79,5.51,0,0,94.3,1.38,11.12,,81.81,0,0,,,,,88.79,5.51,0,0,94.3,1.38,11.12,,81.81,0,0,0,0,0,0,0,0,0,0,0,0,0,0,0,0,0,88.79,5.51,0,0,94.3
9/1/2026,2022,20230898,42331,12498,MIDWESTERN GAS TRANSMISSION CO,Natural Gas,INTERSTATE,TENNESSEE,27.9,5.29,0.17,0,33.36,0.62,1.51,,31.23,0,0,,,,,27.9,5.29,0.17,0,33.36,0.62,1.51,,31.23,0,0,0,0,0,0,0,0,0,0,0,0,0,0,0,0,0,27.9,5.29,0.17,0,33.36
9/1/2026,2022,20231038,42481,12576,"ENABLE MISSISSIPPI RIVER TRANSMISSION, LLC",Natural Gas,INTERSTATE,ARKANSAS,605.71,41.66,15.12,0,662.49,11.08,23.91,2.25,625.25,0,0,,,,,605.71,41.66,15.12,0,662.49,11.08,23.91,2.25,625.25,0,0,0,0,0,0,0,0,0,0,0,0,0,0,0,0,0,605.71,41.66,15.12,0,662.49
9/1/2026,2022,20231038,42481,12576,"ENABLE MISSISSIPPI RIVER TRANSMISSION, LLC",Natural Gas,INTERSTATE,ILLINOIS,208.66,22.99,58.78,0,290.43,30.13,22.88,12.48,224.94,0,0,,,,,208.66,22.99,58.78,0,290.43,30.13,22.88,12.48,224.94,0,0,0,0,0,0,0,0,0,0,0,0,0,0,0,0,0,208.66,22.99,58.78,0,290.43
9/1/2026,2022,20231038,42481,12576,"ENABLE MISSISSIPPI RIVER TRANSMISSION, LLC",Natural Gas,INTERSTATE,LOUISIANA,255.01,27.5,5.36,0,287.87,2.94,12.62,0,272.31,0,0,,,,,255.01,27.5,5.36,0,287.87,2.94,12.62,0,272.31,0,0,0,0,0,0,0,0,0,0,0,0,0,0,0,0,0,255.01,27.5,5.36,0,287.87
9/1/2026,2022,20231038,42481,12576,"ENABLE MISSISSIPPI RIVER TRANSMISSION, LLC",Natural Gas,INTERSTATE,MISSOURI,268.86,73.16,70.28,0.31,412.61,38.74,25.82,18.31,329.74,0,0,,,,,268.86,73.16,70.28,0.31,412.61,38.74,25.82,18.31,329.74,0,0,0,0,0,0,0,0,0,0,0,0,0,0,0,0,0,268.86,73.16,70.28,0.31,412.61
9/1/2026,2022,20231038,42481,12576,"ENABLE MISSISSIPPI RIVER TRANSMISSION, LLC",Natural Gas,INTERSTATE,TEXAS,20.56,1.06,0,0,21.62,0,0.26,0,21.36,0,0,,,,,20.56,1.06,0,0,21.62,0,0.26,0,21.36,0,0,0,0,0,0,0,0,0,0,0,0,0,0,0,0,0,20.56,1.06,0,0,21.62
9/1/2026,2022,20230847,44911,12582,ATMOS ENERGY CORPORATION - MISSISSIPPI,Natural Gas,INTRASTATE,MISSISSIPPI,184,71.14,27.48,0,282.62,31.89,0,0,250.73,0,0,0,0,0,0,184,71.14,27.48,0,282.62,31.89,0,0,250.73,0,0,0,0,0,0,0,0,0,0,0,0,0,0,0,0,0,184,71.14,27.48,0,282.62
9/1/2026,2022,20230200,41588,12606,THE EMPIRE DISTRICT GAS COMPANY,Natural Gas,INTRASTATE,MISSOURI,81.78,5.24,0,0,87.02,0,,,87.02,0,0,,,,,81.78,5.24,0,0,87.02,0,,,87.02,0,0,0,0,0,0,0,0,0,0,0,0,0,0,0,0,0,81.78,5.24,0,0,87.02
9/1/2026,2022,20230691,42112,12624,EXXONMOBIL OIL CORPORATION,Hydrogen Gas,INTRASTATE,TEXAS,0,0,3.11,0,3.11,3.11,,,,0,0,,,,,0,0,3.11,0,3.11,3.11,,,,0,0,0,0,0,0,0,0,0,0,0,0,0,0,0,0,0,0,0,3.11,0,3.11
9/1/2026,2022,20230690,42111,12624,EXXONMOBIL OIL CORPORATION,Natural Gas,INTRASTATE,TEXAS,0,0,2.38,0,2.38,2.38,,,,0,0,,,,,0,0,2.38,0,2.38,2.38,,,,0,0,0,0,0,0,0,0,0,0,0,0,0,0,0,0,0,0,0,2.38,0,2.38
9/1/2026,2022,20230689,42110,12628,MOBIL  PIPE  LINE COMPANY,Natural Gas,INTRASTATE,TEXAS,0,0,2.26,0,2.26,2.26,,,,0,0,,,,,0,0,2.26,0,2.26,2.26,,,,0,0,0,0,0,0,0,0,0,0,0,0,0,0,0,0,0,0,0,2.26,0,2.26
9/1/2026,2022,20230685,42106,12634,EXXONMOBIL OIL CORPORATION,Natural Gas,INTRASTATE,TEXAS,1.58,0,0,0,1.58,0,,,1.58,0,0,,,,,1.58,0,0,0,1.58,0,,,1.58,0,0,0,0,0,0,0,0,0,0,0,0,0,0,0,0,0,1.58,0,0,0,1.58
9/1/2026,2022,20231313,42776,12642,SPIRE GULF INC.,Natural Gas,INTRASTATE,ALABAMA,22.15,14.77,12.14,0,49.06,4.76,5.48,2.36,36.46,0,0,,,,,22.15,14.77,12.14,0,49.06,4.76,5.48,2.36,36.46,0,0,0,0,0,0,0,0,0,0,0,0,0,0,0,0,0,22.15,14.77,12.14,0,49.06
9/1/2026,2022,20230696,42117,12672,"MONROE NATURAL GAS DEPT, CITY OF",Natural Gas,INTRASTATE,NORTH CAROLINA,3.88,24.44,14.88,0,43.2,3.61,3.6,8.26,27.73,0,0,,,,,3.88,24.44,14.88,0,43.2,3.61,3.6,8.26,27.73,0,0,0,0,0,0,0,0,0,0,0,0,0,0,0,0,0,3.88,24.44,14.88,0,43.2
9/1/2026,2022,20230707,42128,12684,MONTANA - DAKOTA UTILITIES CO,Natural Gas,INTRASTATE,MONTANA,0,0,2.525,0,2.525,0,0,2.525,0,0,0,,,,,0,0,2.525,0,2.525,0,0,2.525,0,0,0,0,0,0,0,0,0,0,0,0,0,0,0,0,0,0,0,0,2.525,0,2.525
9/1/2026,2022,20230707,42128,12684,MONTANA - DAKOTA UTILITIES CO,Natural Gas,INTRASTATE,NORTH DAKOTA,78.976,2.491,1.922,0,83.389,0,0.523,1.922,80.945,0,0,,,,,78.976,2.491,1.922,0,83.389,0,0.523,1.922,80.945,0,0,0,0,0,0,0,0,0,0,0,0,0,0,0,0,0,78.976,2.491,1.922,0,83.389
9/1/2026,2022,20230707,42128,12684,MONTANA - DAKOTA UTILITIES CO,Natural Gas,INTRASTATE,SOUTH DAKOTA,2.1,2.14,0,0,4.24,0,0,,4.24,0,0,,,,,2.1,2.14,0,0,4.24,0,0,,4.24,0,0,0,0,0,0,0,0,0,0,0,0,0,0,0,0,0,2.1,2.14,0,0,4.24
9/1/2026,2022,20230170,41557,12732,MONTEZUMA NATURAL GAS DEPT,Natural Gas,INTRASTATE,IOWA,19.3,0.1,0,0,19.4,0,0,0,19.4,0,0,,,,,19.3,0.1,0,0,19.4,0,0,0,19.4,0,0,0,0,0,0,0,0,0,0,0,0,0,0,0,0,0,19.3,0.1,0,0,19.4
9/1/2026,2022,20230378,43011,12794,MORNING SUN MUNICIPAL GAS SYSTEM,Natural Gas,INTRASTATE,IOWA,3,0,0,0,3,,,,3,0,0,,,,,3,0,0,0,3,,,,3,0,0,0,0,0,0,0,0,0,0,0,0,0,0,0,0,0,3,0,0,0,3
9/1/2026,2022,20230507,41913,12817,"MOSS BLUFF HUB, LLC (SPECTRA ENERGY PARTNERS, LP)",Natural Gas,INTRASTATE,TEXAS,21.31,1.04,0,0,22.35,0,1.23,0,21.12,0,0,,,,,21.31,1.04,0,0,22.35,0,1.23,0,21.12,0,0,0,0,0,0,0,0,0,0,0,0,0,0,0,0,0,21.31,1.04,0,0,22.35
9/1/2026,2022,20230246,43013,12823,MOULTON MUNICIPAL GAS SYSTEM,Natural Gas,INTRASTATE,IOWA,5.2,0.1,0,0,5.3,,,,5.3,0,0,,,,,5.2,0.1,0,0,5.3,,,,5.3,0,0,0,0,0,0,0,0,0,0,0,0,0,0,0,0,0,5.2,0.1,0,0,5.3
9/1/2026,2022,20230350,43108,12874,"MOUNTAINWEST PIPELINE, LLC",Natural Gas,INTERSTATE,COLORADO,179.897,0.716,3.988,0,184.601,3.255,1.56,0.212,179.574,0,0,,,,,179.897,0.716,3.988,0,184.601,3.255,1.56,0.212,179.574,0,0,0,0,0,0,0,0,0,0,0,0,0,0,0,0,0,179.897,0.716,3.988,0,184.601
9/1/2026,2022,20230350,43108,12874,"MOUNTAINWEST PIPELINE, LLC",Natural Gas,INTERSTATE,UTAH,933.882,35.834,32.222,0,1001.938,21.705,35.54,0.783,943.911,0,0,,,,,933.882,35.834,32.222,0,1001.938,21.705,35.54,0.783,943.911,0,0,0,0,0,0,0,0,0,0,0,0,0,0,0,0,0,933.882,35.834,32.222,0,1001.938
9/1/2026,2022,20230350,43108,12874,"MOUNTAINWEST PIPELINE, LLC",Natural Gas,INTERSTATE,WYOMING,956.258,3.417,4.694,0,964.369,5.437,42.003,0.007,916.922,0,0,,,,,956.258,3.417,4.694,0,964.369,5.437,42.003,0.007,916.922,0,0,0,0,0,0,0,0,0,0,0,0,0,0,0,0,0,956.258,3.417,4.694,0,964.369
9/1/2026,2022,20230824,42559,12876,DOMINION ENERGY UTAH/WYOMING/IDAHO,Natural Gas,INTRASTATE,IDAHO,0,0,6.313,0,6.313,0.864,0,5.448,0,0,0,,,,,0,0,6.313,0,6.313,0.864,0,5.448,0,0,0,0,0,0,0,0,0,0,0,0,0,0,0,0,0,0,0,0,6.313,0,6.313
9/1/2026,2022,20230824,42559,12876,DOMINION ENERGY UTAH/WYOMING/IDAHO,Natural Gas,INTRASTATE,UTAH,322.162,64.203,384.295,4.158,774.818,165.383,156.222,131.31,321.901,0,0,,,,,322.162,64.203,384.295,4.158,774.818,165.383,156.222,131.31,321.901,0,0,0,0,0,0,0,0,0,0,0,0,0,0,0,0,0,322.162,64.203,384.295,4.158,774.818
9/1/2026,2022,20230824,42559,12876,DOMINION ENERGY UTAH/WYOMING/IDAHO,Natural Gas,INTRASTATE,WYOMING,10.345,0,0,0,10.345,,,,10.345,0,0,,,,,10.345,0,0,0,10.345,,,,10.345,0,0,0,0,0,0,0,0,0,0,0,0,0,0,0,0,0,10.345,0,0,0,10.345
9/1/2026,2022,20230343,41738,12878,MOUNTAINEER GAS CO,Natural Gas,INTRASTATE,WEST VIRGINIA,1,1,0,0,2,,,,2,0,0,,,,,1,1,0,0,2,,,,2,0,0,0,0,13,2,0,15,0,0,0,0,0,13,2,0,15,1,14,2,0,17
9/1/2026,2022,20230373,41770,12930,MUSTANG GAS PRODUCTS LLC,Natural Gas,INTRASTATE,OKLAHOMA,6.53,0,0,0,6.53,,0,,6.53,0,0,,,,,6.53,0,0,0,6.53,,0,,6.53,9.4,1.2,0,10.6,46,21.7,0,67.7,308,308,0,0,308,55.4,22.9,0,386.3,314.53,55.4,22.9,0,392.83
9/1/2026,2022,20231157,42609,13061,NATIONAL FUEL GAS DISTRIBUTION CORP,Natural Gas,INTRASTATE,PENNSYLVANIA,21.49,29.43,15.47,0,66.39,5.33,0,10.15,50.94,0,0,,,,,21.49,29.43,15.47,0,66.39,5.33,0,10.15,50.94,0,0,0,0,0,0,0,0,0,0,0,0,0,0,0,0,0,21.49,29.43,15.47,0,66.39
9/1/2026,2022,20231161,42613,13062,NATIONAL FUEL GAS DISTRIBUTION CORP - NEW YORK,Natural Gas,INTRASTATE,NEW YORK,0,0,1.61,0,1.61,0.2,0,1.41,0,0,0,,,,,0,0,1.61,0,1.61,0.2,0,1.41,0,0,0,0,0,48.09,0,0,48.09,0,0,0,0,0,48.09,0,0,48.09,0,48.09,1.61,0,49.7
9/1/2026,2022,20231192,43055,13063,NATIONAL FUEL GAS SUPPLY CORP,Natural Gas,INTERSTATE,NEW YORK,336.67,162.37,104.55,1.42,605.01,91.73,16.77,10.66,485.85,0,0,,,,,336.67,162.37,104.55,1.42,605.01,91.73,16.77,10.66,485.85,0,0,0,0,0,0,0,0,0,0,0,0,0,0,0,0,0,336.67,162.37,104.55,1.42,605.01
9/1/2026,2022,20231192,43055,13063,NATIONAL FUEL GAS SUPPLY CORP,Natural Gas,INTERSTATE,PENNSYLVANIA,664.74,228.1,99.32,0.79,992.95,72.16,22.94,20.56,877.27,0,0,,,,,664.74,228.1,99.32,0.79,992.95,72.16,22.94,20.56,877.27,0,0,0,0,1.61,7.96,0,9.57,0,0,0,0,0,1.61,7.96,0,9.57,664.74,229.71,107.28,0.79,1002.52
9/1/2026,2022,20231192,43055,13063,NATIONAL FUEL GAS SUPPLY CORP,Natural Gas,INTRASTATE,PENNSYLVANIA,0,0,0,0,0,,,,,0,0,,,,,0,0,0,0,0,,,,,0,0,0,0,1.22,5.95,0,7.17,0,0,0,0,0,1.22,5.95,0,7.17,0,1.22,5.95,0,7.17
9/1/2026,2022,20231150,43046,13120,NATURAL GAS PIPELINE CO OF AMERICA (KMI),Natural Gas,INTERSTATE,ARKANSAS,740.761,103.804,69.067,0.127,913.759,65.834,120.428,0.074,727.423,,0,,,,,740.761,103.804,69.067,0.127,913.759,65.834,120.428,0.074,727.423,0,0,0,0,0,0,0,0,0,0,0,0,0,0,0,0,0,740.761,103.804,69.067,0.127,913.759
9/1/2026,2022,20231150,43046,13120,NATURAL GAS PIPELINE CO OF AMERICA (KMI),Natural Gas,INTERSTATE,ILLINOIS,1906.837,111.27,416.834,0,2434.941,397.803,163.914,3.721,1869.503,0,0,,,,,1906.837,111.27,416.834,0,2434.941,397.803,163.914,3.721,1869.503,0,0,0,0,0,0,0,0,0,0,0,0,0,0,0,0,0,1906.837,111.27,416.834,0,2434.941
9/1/2026,2022,20231150,43046,13120,NATURAL GAS PIPELINE CO OF AMERICA (KMI),Natural Gas,INTERSTATE,INDIANA,0.162,0,4.091,0,4.253,2.442,1.687,0.062,0.062,,0,,,,,0.162,0,4.091,0,4.253,2.442,1.687,0.062,0.062,0,0,0,0,0,0,0,0,0,0,,0,0,0,0,0,0,0.162,0,4.091,0,4.253
9/1/2026,2022,20231150,43046,13120,NATURAL GAS PIPELINE CO OF AMERICA (KMI),Natural Gas,INTERSTATE,IOWA,833.014,13.973,2.135,0,849.122,6.715,11.243,0.791,830.373,,0,,,,,833.014,13.973,2.135,0,849.122,6.715,11.243,0.791,830.373,0,0,0,0,0,0,0,0,0,0,0,0,0,0,0,0,0,833.014,13.973,2.135,0,849.122
9/1/2026,2022,20231150,43046,13120,NATURAL GAS PIPELINE CO OF AMERICA (KMI),Natural Gas,INTERSTATE,KANSAS,687.963,0.133,0,0,688.096,0,3.446,0,684.65,,0,,,,,687.963,0.133,0,0,688.096,0,3.446,0,684.65,0,0,0,0,0,0,0,0,0,0,,0,0,0,0,0,0,687.963,0.133,0,0,688.096
9/1/2026,2022,20231150,43046,13120,NATURAL GAS PIPELINE CO OF AMERICA (KMI),Natural Gas,INTERSTATE,LOUISIANA,183.729,5.582,0.41,0,189.721,2.676,2.862,0,184.183,,0,,,,,183.729,5.582,0.41,0,189.721,2.676,2.862,0,184.183,0,0,0,0,0,0,0,0,0,0,,0,0,0,0,0,0,183.729,5.582,0.41,0,189.721
9/1/2026,2022,20231150,43046,13120,NATURAL GAS PIPELINE CO OF AMERICA (KMI),Natural Gas,INTERSTATE,MISSOURI,261.978,29.551,5.84,0,297.369,4.186,26.381,0,266.802,,0,,,,,261.978,29.551,5.84,0,297.369,4.186,26.381,0,266.802,0,0,0,0,0,0,0,0,0,0,,0,0,0,0,0,0,261.978,29.551,5.84,0,297.369
9/1/2026,2022,20231150,43046,13120,NATURAL GAS PIPELINE CO OF AMERICA (KMI),Natural Gas,INTERSTATE,NEBRASKA,245.184,5.073,0.277,0,250.534,1.012,5.384,0,244.138,,0,,,,,245.184,5.073,0.277,0,250.534,1.012,5.384,0,244.138,0,0,0,0,0,0,0,0,0,0,,0,0,0,0,0,0,245.184,5.073,0.277,0,250.534
9/1/2026,2022,20231150,43046,13120,NATURAL GAS PIPELINE CO OF AMERICA (KMI),Natural Gas,INTERSTATE,NEW MEXICO,253.493,0,0,0,253.493,0,1.002,0,252.491,0,0,,,,,253.493,0,0,0,253.493,0,1.002,0,252.491,0,0,0,0,0,0,0,0,11.911,11.911,0,0,11.911,0,0,0,11.911,265.404,0,0,0,265.404
9/1/2026,2022,20231150,43046,13120,NATURAL GAS PIPELINE CO OF AMERICA (KMI),Natural Gas,INTERSTATE,OKLAHOMA,752.849,7.011,0,0,759.86,0.462,9.171,0,750.227,0,0,,,,,752.849,7.011,0,0,759.86,0.462,9.171,0,750.227,0,0,0,0,0,0,0,0,3.624,3.624,0,0,3.624,0,0,0,3.624,756.473,7.011,0,0,763.484
9/1/2026,2022,20231150,43046,13120,NATURAL GAS PIPELINE CO OF AMERICA (KMI),Natural Gas,INTERSTATE,TEXAS,2068.787,163.878,170.056,0,2402.721,135.042,174.986,3.685,2089.008,0,0,,,,,2068.787,163.878,170.056,0,2402.721,135.042,174.986,3.685,2089.008,0,0,0,0,0,0,0,0,0.806,0.806,0,0,0.806,0,0,0,0.806,2069.593,163.878,170.056,0,2403.527
9/1/2026,2022,20230203,41591,13180,NEBRASKA CITY UTILITIES,Natural Gas,INTRASTATE,NEBRASKA,54.35,0.4,0.1,0,54.85,0.1,54.75,,,0,0,,,,,54.35,0.4,0.1,0,54.85,0.1,54.75,,,0,0,0,0,0,0,0,0,0,0,0,0,0,0,0,0,0,54.35,0.4,0.1,0,54.85
9/1/2026,2022,20230731,42156,13299,NEW JERSEY NATURAL GAS CO,Natural Gas,INTRASTATE,NEW JERSEY,0,0,11.684,239.094,250.778,250.777,,,,0,0,,,,,0,0,11.684,239.094,250.778,250.777,,,,0,0,0,0,0,0,0,0,0,0,0,0,0,0,0,0,0,0,0,11.684,239.094,250.778
9/1/2026,2022,20230510,41916,13360,"ENTERGY NEW ORLEANS, LLC",Natural Gas,INTRASTATE,LOUISIANA,30.32,1.35,4.09,0,35.76,2.98,,2.46,30.32,0,0,,,,,30.32,1.35,4.09,0,35.76,2.98,,2.46,30.32,0,0,0,0,0,0,0,0,0,0,0,0,0,0,0,0,0,30.32,1.35,4.09,0,35.76
9/1/2026,2022,20231253,42715,13420,NEW YORK STATE ELECTRIC & GAS CORP,Natural Gas,INTRASTATE,NEW YORK,10.64,6.58,3.21,0,20.43,0.74,1.62,0.85,17.22,,0,,,,,10.64,6.58,3.21,0,20.43,0.74,1.62,0.85,17.22,,,,0,,,,0,0,0,,0,0,0,0,0,0,10.64,6.58,3.21,0,20.43
9/1/2026,2022,20230284,41677,13480,NIAGARA MOHAWK POWER CORP,Natural Gas,INTRASTATE,NEW YORK,0,213.82,61.29,0,275.11,84.1,104.12,,86.89,0,0,,,,,0,213.82,61.29,0,275.11,84.1,104.12,,86.89,0,0,0,0,0,0,0,0,0,0,0,0,0,0,0,0,0,0,213.82,61.29,0,275.11
9/1/2026,2022,20230250,41642,13535,NORTH ALABAMA GAS DISTRICT,Natural Gas,INTRASTATE,ALABAMA,7.02,2.96,0,0,9.98,0,,,9.98,0,0,,,,,7.02,2.96,0,0,9.98,0,,,9.98,0,0,0,0,0,0,0,0,0,0,0,0,0,0,0,0,0,7.02,2.96,0,0,9.98
9/1/2026,2022,20230630,42043,13630,NORTHEAST OKLAHOMA PUBLIC FACILITIES AUTH,Natural Gas,INTRASTATE,OKLAHOMA,11,4,0,0,15,,,,15,0,0,,,,,11,4,0,0,15,,,,15,0,0,0,0,0,0,0,0,0,0,0,0,0,0,0,0,0,11,4,0,0,15
9/1/2026,2022,20231334,44833,13635,NORTHEAST OHIO NATURAL GAS CORP,Natural Gas,INTRASTATE,OHIO,0.223,0.268,0,0,0.491,,,,0.491,0,0,,,,,0.223,0.268,0,0,0.491,,,,0.491,0,0,0,0,0,0,0,0,0,0,0,0,0,0,0,0,0,0.223,0.268,0,0,0.491
9/1/2026,2022,20230922,42553,13660,NORTH SHORE GAS CO,Natural Gas,INTRASTATE,ILLINOIS,1.08,1.96,44.59,0,47.63,32.96,3.96,7.71,3.01,0,0,,,,,1.08,1.96,44.59,0,47.63,32.96,3.96,7.71,3.01,0,0,0,0,0,0,0,0,0,0,0,0,0,0,0,0,0,1.08,1.96,44.59,0,47.63
9/1/2026,2022,20230922,42553,13660,NORTH SHORE GAS CO,Natural Gas,INTRASTATE,WISCONSIN,4.73,0.55,5.11,0,10.39,1.94,2.71,0.48,5.28,0,0,,,,,4.73,0.55,5.11,0,10.39,1.94,2.71,0.48,5.28,0,0,0,0,0,0,0,0,0,0,0,0,0,0,0,0,0,4.73,0.55,5.11,0,10.39
9/1/2026,2022,20231143,46728,13710,NORTHERN ILLINOIS GAS CO,Natural Gas,INTRASTATE,ILLINOIS,782.74,72.49,307.83,1.18,1164.24,330.03,32.56,0.63,801.02,0,0,,,,,782.74,72.49,307.83,1.18,1164.24,330.03,32.56,0.63,801.02,0,0,0,0,0,0,0,0,0,0,0,0,0,0,0,0,0,782.74,72.49,307.83,1.18,1164.24
9/1/2026,2022,20231319,42964,13725,NORTHERN INDUSTRIAL ENERGY DEVELOPMENT INC,Natural Gas,INTRASTATE,OHIO,0,69.33,0.9,0,70.23,0.9,0,,69.33,0,0,,,,,0,69.33,0.9,0,70.23,0.9,0,,69.33,0,0,0,0,84.567,0,0,84.567,0,0,0,0,0,84.567,0,0,84.567,0,153.897,0.9,0,154.797
9/1/2026,2022,20231274,42736,13730,NORTHERN INDIANA PUBLIC SERVICE CO,Natural Gas,INTRASTATE,INDIANA,487.37,86.86,116.1,0,690.33,127.97,14.18,0,548.18,0,0,,,,,487.37,86.86,116.1,0,690.33,127.97,14.18,0,548.18,0,0,0,0,0,0,0,0,0,0,0,0,0,0,0,0,0,487.37,86.86,116.1,0,690.33
9/1/2026,2022,20231180,43142,13750,NORTHERN NATURAL GAS CO,Natural Gas,INTERSTATE,ILLINOIS,20.99,0.8,0.23,0,22.02,0.06,1.31,0,20.66,0,0,,,,,20.99,0.8,0.23,0,22.02,0.06,1.31,0,20.66,0,0,0,0,0,0,0,0,0,0,0,0,0,0,0,0,0,20.99,0.8,0.23,0,22.02
9/1/2026,2022,20231180,43142,13750,NORTHERN NATURAL GAS CO,Natural Gas,INTERSTATE,IOWA,4156.87,65.65,52.95,0,4275.47,19.79,49.56,23.4,4182.73,0,0,,,,,4156.87,65.65,52.95,0,4275.47,19.79,49.56,23.4,4182.73,0,0,0,0,0,0,0,0,0,0,0,0,0,0,0,0,0,4156.87,65.65,52.95,0,4275.47
9/1/2026,2022,20231180,43142,13750,NORTHERN NATURAL GAS CO,Natural Gas,INTERSTATE,KANSAS,1556.12,2.27,0,0,1558.39,0.15,6.58,0,1551.67,0,0,,,,,1556.12,2.27,0,0,1558.39,0.15,6.58,0,1551.67,0,0,0,0,0,0,0,0,0,0,0,0,0,0,0,0,0,1556.12,2.27,0,0,1558.39
9/1/2026,2022,20231180,43142,13750,NORTHERN NATURAL GAS CO,Natural Gas,INTERSTATE,MICHIGAN,250.67,13.2,4.47,0,268.34,0.63,1.86,2.31,263.55,0,0,,,,,250.67,13.2,4.47,0,268.34,0.63,1.86,2.31,263.55,0,0,0,0,0,0,0,0,0,0,0,0,0,0,0,0,0,250.67,13.2,4.47,0,268.34
9/1/2026,2022,20231180,43142,13750,NORTHERN NATURAL GAS CO,Natural Gas,INTERSTATE,MINNESOTA,2945.96,188.99,229.99,0,3364.94,111.17,187.1,23.03,3043.63,0,0,,,,,2945.96,188.99,229.99,0,3364.94,111.17,187.1,23.03,3043.63,0,0,0,0,0,0,0,0,0,0,0,0,0,0,0,0,0,2945.96,188.99,229.99,0,3364.94
9/1/2026,2022,20231180,43142,13750,NORTHERN NATURAL GAS CO,Natural Gas,INTERSTATE,NEBRASKA,1353.3,27.71,57.32,0,1438.33,31.03,20.97,23.04,1363.29,0,0,,,,,1353.3,27.71,57.32,0,1438.33,31.03,20.97,23.04,1363.29,0,0,0,0,0,0,0,0,0,0,0,0,0,0,0,0,0,1353.3,27.71,57.32,0,1438.33
9/1/2026,2022,20231180,43142,13750,NORTHERN NATURAL GAS CO,Natural Gas,INTERSTATE,NEW MEXICO,71.83,1.4,3.09,0,76.32,1.05,4,0,71.29,0,0,,,,,71.83,1.4,3.09,0,76.32,1.05,4,0,71.29,0,0,0,0,0,0,0,0,0,0,0,0,0,0,0,0,0,71.83,1.4,3.09,0,76.32
9/1/2026,2022,20231180,43142,13750,NORTHERN NATURAL GAS CO,Natural Gas,INTERSTATE,OKLAHOMA,232.09,0.5,0,0,232.59,0,0.65,0,231.95,0,0,,,,,232.09,0.5,0,0,232.59,0,0.65,0,231.95,0,0,0,0,0,0,0,0,0,0,0,0,0,0,0,0,0,232.09,0.5,0,0,232.59
9/1/2026,2022,20231180,43142,13750,NORTHERN NATURAL GAS CO,Natural Gas,INTERSTATE,SOUTH DAKOTA,818.57,11.76,25.16,0,855.49,10.42,8.12,9,827.94,0,0,,,,,818.57,11.76,25.16,0,855.49,10.42,8.12,9,827.94,0,0,0,0,0,0,0,0,0,0,0,0,0,0,0,0,0,818.57,11.76,25.16,0,855.49
9/1/2026,2022,20231180,43142,13750,NORTHERN NATURAL GAS CO,Natural Gas,INTERSTATE,TEXAS,924.12,6.4,0,0,930.52,0,15.87,0,914.65,0,0,,,,,924.12,6.4,0,0,930.52,0,15.87,0,914.65,0,0,0,0,0,0,0,0,0,0,0,0,0,0,0,0,0,924.12,6.4,0,0,930.52
9/1/2026,2022,20231180,43142,13750,NORTHERN NATURAL GAS CO,Natural Gas,INTERSTATE,WISCONSIN,1254.79,59.5,26.62,0,1340.91,5.83,24.82,4.3,1305.96,0,0,,,,,1254.79,59.5,26.62,0,1340.91,5.83,24.82,4.3,1305.96,0,0,0,0,0,0,0,0,0,0,0,0,0,0,0,0,0,1254.79,59.5,26.62,0,1340.91
9/1/2026,2022,20231180,43142,13750,NORTHERN NATURAL GAS CO,Natural Gas,INTRASTATE,TEXAS,10.006,0,0,0,10.006,0,0,0,10.006,0,0,,,,,10.006,0,0,0,10.006,0,0,0,10.006,0,0,0,0,0,0,0,0,0,0,0,0,0,0,0,0,0,10.006,0,0,0,10.006
9/1/2026,2022,20230865,42996,13769,NORTHERN BORDER PIPELINE COMPANY,Natural Gas,INTERSTATE,ILLINOIS,167.195,8.335,17.899,0,193.429,27.594,13.622,0,152.212,0,0,,,,,167.195,8.335,17.899,0,193.429,27.594,13.622,0,152.212,0,0,0,0,0,0,0,0,0,0,0,0,0,0,0,0,0,167.195,8.335,17.899,0,193.429
9/1/2026,2022,20230865,42996,13769,NORTHERN BORDER PIPELINE COMPANY,Natural Gas,INTERSTATE,INDIANA,0.019,0,0,0,0.019,0,0,0,0.019,0,0,,,,,0.019,0,0,0,0.019,0,0,0,0.019,0,0,0,0,0,0,0,0,0,0,0,0,0,0,0,0,0,0.019,0,0,0,0.019
9/1/2026,2022,20230865,42996,13769,NORTHERN BORDER PIPELINE COMPANY,Natural Gas,INTERSTATE,IOWA,436.996,1.443,1.116,0,439.555,2.083,10.136,0,427.337,0,0,,,,,436.996,1.443,1.116,0,439.555,2.083,10.136,0,427.337,0,0,0,0,0,0,0,0,0,0,0,0,0,0,0,0,0,436.996,1.443,1.116,0,439.555
9/1/2026,2022,20230865,42996,13769,NORTHERN BORDER PIPELINE COMPANY,Natural Gas,INTERSTATE,MINNESOTA,131.037,0,0,0,131.037,0.62,2.174,0,128.243,0,0,,,,,131.037,0,0,0,131.037,0.62,2.174,0,128.243,0,0,0,0,0,0,0,0,0,0,0,0,0,0,0,0,0,131.037,0,0,0,131.037
9/1/2026,2022,20230865,42996,13769,NORTHERN BORDER PIPELINE COMPANY,Natural Gas,INTERSTATE,MONTANA,180.966,0,0,0,180.966,0,0,0,180.966,0,0,,,,,180.966,0,0,0,180.966,0,0,0,180.966,0,0,0,0,0,0,0,0,0,0,0,0,0,0,0,0,0,180.966,0,0,0,180.966
9/1/2026,2022,20230865,42996,13769,NORTHERN BORDER PIPELINE COMPANY,Natural Gas,INTERSTATE,NORTH DAKOTA,283.394,0.641,0,0,284.035,3.245,3.863,0,276.926,0,0,,,,,283.394,0.641,0,0,284.035,3.245,3.863,0,276.926,0,0,0,0,0,0,0,0,0,0,0,0,0,0,0,0,0,283.394,0.641,0,0,284.035
9/1/2026,2022,20230865,42996,13769,NORTHERN BORDER PIPELINE COMPANY,Natural Gas,INTERSTATE,SOUTH DAKOTA,182.488,0,0,0,182.488,0,3.309,0,179.178,0,0,,,,,182.488,0,0,0,182.488,0,3.309,0,179.178,0,0,0,0,0,0,0,0,0,0,0,0,0,0,0,0,0,182.488,0,0,0,182.488
9/1/2026,2022,20230789,42436,13783,NORTHERN STATES POWER CO OF WISCONSIN,Natural Gas,INTRASTATE,WISCONSIN,2.8,0,0,0,2.8,,,,2.8,0,0,,,,,2.8,0,0,0,2.8,,,,2.8,0,0,0,0,0,0,0,0,0,0,0,0,0,0,0,0,0,2.8,0,0,0,2.8
9/1/2026,2022,20231250,42712,13840,NORTHWEST NATURAL GAS CO,Natural Gas,INTRASTATE,OREGON,295.2,122.5,232.8,4.5,655,204.6,42.2,15.5,393,0,0,,,,,295.2,122.5,232.8,4.5,655,204.6,42.2,15.5,393,0,0,0,0,0,0,0,0,0,0,0,0,0,0,0,0,0,295.2,122.5,232.8,4.5,655
9/1/2026,2022,20231250,42712,13840,NORTHWEST NATURAL GAS CO,Natural Gas,INTRASTATE,WASHINGTON,0,0,3.6,0,3.6,1.8,,1.8,,0,0,,,,,0,0,3.6,0,3.6,1.8,,1.8,,0,0,0,0,0,0,0,0,0,0,0,0,0,0,0,0,0,0,0,3.6,0,3.6
9/1/2026,2022,20230955,46753,13845,NORTHWEST PIPELINE LLC,Natural Gas,INTERSTATE,COLORADO,287.119,8.112,0.057,0,295.288,1.32,4.943,,289.037,0,0,,,,,287.119,8.112,0.057,0,295.288,1.32,4.943,,289.037,0,0,0,0,0,0,0,0,0,0,0,0,0,0,0,0,0,287.119,8.112,0.057,0,295.288
9/1/2026,2022,20230955,46753,13845,NORTHWEST PIPELINE LLC,Natural Gas,INTERSTATE,IDAHO,865.012,53.492,49.033,0,967.537,26.571,85.76,0.789,854.416,0,0,,,,,865.012,53.492,49.033,0,967.537,26.571,85.76,0.789,854.416,0,0,0,0,0,0,0,0,0,0,0,0,0,0,0,0,0,865.012,53.492,49.033,0,967.537
9/1/2026,2022,20230955,46753,13845,NORTHWEST PIPELINE LLC,Natural Gas,INTERSTATE,OREGON,643.497,33.898,72.317,0,749.712,35.343,110.715,1.423,602.208,0,0,,,,,643.497,33.898,72.317,0,749.712,35.343,110.715,1.423,602.208,0,0,0,0,0,0,0,0,0,0,0,0,0,0,0,0,0,643.497,33.898,72.317,0,749.712
9/1/2026,2022,20230955,46753,13845,NORTHWEST PIPELINE LLC,Natural Gas,INTERSTATE,UTAH,218.668,1.322,4.388,0,224.378,4.984,17.449,,201.945,0,0,,,,,218.668,1.322,4.388,0,224.378,4.984,17.449,,201.945,0,0,0,0,0,0,0,0,0,0,0,0,0,0,0,0,0,218.668,1.322,4.388,0,224.378
9/1/2026,2022,20230955,46753,13845,NORTHWEST PIPELINE LLC,Natural Gas,INTERSTATE,WASHINGTON,882.117,230.595,191.246,0,1303.958,123.293,220.618,13.37,946.874,0,0,,,,,882.117,230.595,191.246,0,1303.958,123.293,220.618,13.37,946.874,0,0,0,0,0,0,0,0,0,0,0,0,0,0,0,0,0,882.117,230.595,191.246,0,1303.958
9/1/2026,2022,20230955,46753,13845,NORTHWEST PIPELINE LLC,Natural Gas,INTERSTATE,WYOMING,307.422,0,0,0,307.422,0,0.475,,306.947,0,0,,,,,307.422,0,0,0,307.422,0,0.475,,306.947,0,0,0,0,0,0,0,0,0,0,0,0,0,0,0,0,0,307.422,0,0,0,307.422
9/1/2026,2022,20230255,41647,14180,OHIO VALLEY GAS CORP,Natural Gas,INTRASTATE,INDIANA,8.033,9.39,0.19,0,17.613,0.152,0,0.038,17.423,0,0,,,,,8.033,9.39,0.19,0,17.613,0.152,0,0.038,17.423,0,0,0,0,0,0,0,0,0,0,0,0,0,0,0,0,0,8.033,9.39,0.19,0,17.613
9/1/2026,2022,20230562,41970,14200,OKALOOSA COUNTY GAS DISTRICT,Natural Gas,INTRASTATE,FLORIDA,34,33,65,0,132,13,13,39,67,0,0,,,,,34,33,65,0,132,13,13,39,67,0,0,0,0,0,0,0,0,0,0,0,0,0,0,0,0,0,34,33,65,0,132
9/1/2026,2022,20230733,42158,14210,"OKLAHOMA NATURAL GAS COMPANY, A DIVISION OF ONE GAS, INC.",Natural Gas,INTRASTATE,OKLAHOMA,358.26,74.04,132.71,0,565.01,46.55,23.86,63.72,430.86,0,0,,,,,358.26,74.04,132.71,0,565.01,46.55,23.86,63.72,430.86,0,0,0,0,0,0,0,0,0,0,0,0,0,0,0,0,0,358.26,74.04,132.71,0,565.01
9/1/2026,2022,20230636,42076,14225,RINGWOOD GATHERING CO,Natural Gas,INTRASTATE,OKLAHOMA,7.5,0,0,0,7.5,0,,0,7.5,0,0,,,,,7.5,0,0,0,7.5,0,,0,7.5,0,0,0,0,0,0,0,0,5.35,5.35,0,0,5.35,0,0,0,5.35,12.85,0,0,0,12.85
9/1/2026,2022,20230777,42203,14330,ORANGE & ROCKLAND UTILITY INC,Natural Gas,INTRASTATE,NEW YORK,0,0,1.208,0,1.208,0,,1.208,,0,0,,,,,0,0,1.208,0,1.208,0,,1.208,,0,0,0,0,0,0,0,0,0,0,0,0,0,0,0,0,0,0,0,1.208,0,1.208
9/1/2026,2022,20231166,42618,14356,"ORBIT GAS TRANSMISSION, INC.",Natural Gas,INTRASTATE,INDIANA,0.04,0,0,0,0.04,0,,,0.04,,0,,,,,0.04,0,0,0,0.04,0,,,0.04,0,0,0,0,0,0,0,0,0,0,,0,0,0,0,0,0,0.04,0,0,0,0.04
9/1/2026,2022,20231166,42618,14356,"ORBIT GAS TRANSMISSION, INC.",Natural Gas,INTRASTATE,KENTUCKY,18.2,0,0.3,0,18.5,0.3,0,0,18.2,0,0,,,,,18.2,0,0.3,0,18.5,0.3,0,0,18.2,0,0,0,0,0,0.64,0,0.64,0,0,0,0,0,0,0.64,0,0.64,18.2,0,0.94,0,19.14
9/1/2026,2022,20231292,43141,14435,"OZARK GAS TRANSMISSION, L.L.C",Natural Gas,INTERSTATE,ARKANSAS,252.3,31.79,3.726,0,287.816,4.43,1.281,0.066,282.039,0,0,,,,,252.3,31.79,3.726,0,287.816,4.43,1.281,0.066,282.039,0,0,0,0,0,0,0,0,0,0,0,0,0,0,0,0,0,252.3,31.79,3.726,0,287.816
9/1/2026,2022,20231292,43141,14435,"OZARK GAS TRANSMISSION, L.L.C",Natural Gas,INTERSTATE,MISSOURI,6.142,1.24,0.854,0,8.236,0.258,0.218,0.533,7.227,0,0,,,,,6.142,1.24,0.854,0,8.236,0.258,0.218,0.533,7.227,0,0,0,0,0,0,0,0,0,0,0,0,0,0,0,0,0,6.142,1.24,0.854,0,8.236
9/1/2026,2022,20231292,43141,14435,"OZARK GAS TRANSMISSION, L.L.C",Natural Gas,INTERSTATE,OKLAHOMA,64.24,4.82,0,0,69.06,0,0.333,,68.727,0,0,,,,,64.24,4.82,0,0,69.06,0,0.333,,68.727,0,0,0,0,0,0,0,0,0,0,0,0,0,0,0,0,0,64.24,4.82,0,0,69.06
9/1/2026,2022,20230509,43025,15007,PACIFIC GAS & ELECTRIC CO,Natural Gas,INTRASTATE,CALIFORNIA,3640.12,506.22,2219.04,6.56,6371.94,1538.68,366.34,714.82,3752.11,0,0,,,,,3640.12,506.22,2219.04,6.56,6371.94,1538.68,366.34,714.82,3752.11,0,0,0,0,0,0,0,0,0.58,0.58,0,0,0.58,0,0,0,0.58,3640.7,506.22,2219.04,6.56,6372.52
9/1/2026,2022,20230868,42301,15014,GAS TRANSMISSION NORTHWEST LLC,Natural Gas,INTERSTATE,IDAHO,119.357,95.533,17.297,0,232.187,30.777,99.796,0,101.614,0,0,,,,,119.357,95.533,17.297,0,232.187,30.777,99.796,0,101.614,0,0,0,0,0,0,0,0,0,0,0,0,0,0,0,0,0,119.357,95.533,17.297,0,232.187
9/1/2026,2022,20230868,42301,15014,GAS TRANSMISSION NORTHWEST LLC,Natural Gas,INTERSTATE,OREGON,811.908,16.967,8.347,0,837.222,13.261,16.625,0.004,807.333,0,0,,,,,811.908,16.967,8.347,0,837.222,13.261,16.625,0.004,807.333,0,0,0,0,0,0,0,0,0,0,0,0,0,0,0,0,0,811.908,16.967,8.347,0,837.222
9/1/2026,2022,20230868,42301,15014,GAS TRANSMISSION NORTHWEST LLC,Natural Gas,INTERSTATE,WASHINGTON,285.359,12.049,11.265,0,308.673,15.655,14.286,0,278.732,0,0,,,,,285.359,12.049,11.265,0,308.673,15.655,14.286,0,278.732,0,0,0,0,0,0,0,0,0,0,0,0,0,0,0,0,0,285.359,12.049,11.265,0,308.673
9/1/2026,2022,20230763,44955,15033,GREAT BASIN GAS TRANSMISSION COMPANY,Natural Gas,INTERSTATE,NEVADA,724.4,65.196,107.678,0.576,897.85,21.207,43.985,52.985,779.672,0,0,,,,,724.4,65.196,107.678,0.576,897.85,21.207,43.985,52.985,779.672,0,0,0,0,0,0,0,0,0,0,0,0,0,0,0,0,0,724.4,65.196,107.678,0.576,897.85
9/1/2026,2022,20230602,42015,15105,PANHANDLE EASTERN PIPELINE CO,Natural Gas,INTERSTATE,ILLINOIS,1137.14,45.56,64.5,0,1247.2,21.84,55.83,12.34,1157.19,0,0,,,,,1137.14,45.56,64.5,0,1247.2,21.84,55.83,12.34,1157.19,0,0,0,0,0,0,0,0,0,0,0,0,0,0,0,0,0,1137.14,45.56,64.5,0,1247.2
9/1/2026,2022,20230602,42015,15105,PANHANDLE EASTERN PIPELINE CO,Natural Gas,INTERSTATE,INDIANA,666.88,49.89,101.26,0,818.03,70.89,60.04,2.75,684.35,0,0,,,,,666.88,49.89,101.26,0,818.03,70.89,60.04,2.75,684.35,0,0,0,0,0,0,0,0,0,0,0,0,0,0,0,0,0,666.88,49.89,101.26,0,818.03
9/1/2026,2022,20230602,42015,15105,PANHANDLE EASTERN PIPELINE CO,Natural Gas,INTERSTATE,KANSAS,1754.03,27.41,11.35,0,1792.79,6.85,24.13,5.61,1756.2,0,0,,,,,1754.03,27.41,11.35,0,1792.79,6.85,24.13,5.61,1756.2,0,0,0,0,0,0,0,0,0,0,0,0,0,0,0,0,0,1754.03,27.41,11.35,0,1792.79
9/1/2026,2022,20230602,42015,15105,PANHANDLE EASTERN PIPELINE CO,Natural Gas,INTERSTATE,MICHIGAN,220.92,116.27,55.19,0,392.38,29.31,43.02,4.2,315.85,0,0,,,,,220.92,116.27,55.19,0,392.38,29.31,43.02,4.2,315.85,0,0,0,0,0,0,0,0,0,0,0,0,0,0,0,0,0,220.92,116.27,55.19,0,392.38
9/1/2026,2022,20230602,42015,15105,PANHANDLE EASTERN PIPELINE CO,Natural Gas,INTERSTATE,MISSOURI,1021.67,100.59,44.54,0,1166.8,11.45,36.63,17.61,1101.11,0,0,,,,,1021.67,100.59,44.54,0,1166.8,11.45,36.63,17.61,1101.11,0,0,0,0,0,0,0,0,0,0,0,0,0,0,0,0,0,1021.67,100.59,44.54,0,1166.8
9/1/2026,2022,20230602,42015,15105,PANHANDLE EASTERN PIPELINE CO,Natural Gas,INTERSTATE,OHIO,286.54,27.45,28.86,0,342.85,9.57,31.93,2.22,299.13,0,0,,,,,286.54,27.45,28.86,0,342.85,9.57,31.93,2.22,299.13,0,0,0,0,0,0,0,0,0,0,0,0,0,0,0,0,0,286.54,27.45,28.86,0,342.85
9/1/2026,2022,20230602,42015,15105,PANHANDLE EASTERN PIPELINE CO,Natural Gas,INTERSTATE,OKLAHOMA,429.14,1.89,2.15,0,433.18,2.65,4.84,0.29,425.4,0,0,,,,,429.14,1.89,2.15,0,433.18,2.65,4.84,0.29,425.4,0,0,0,0,0,0,0,0,0,0,0,0,0,0,0,0,0,429.14,1.89,2.15,0,433.18
9/1/2026,2022,20230602,42015,15105,PANHANDLE EASTERN PIPELINE CO,Natural Gas,INTERSTATE,TEXAS,143.62,0.39,0.1,0,144.11,0.09,0.03,0,143.99,0,0,,,,,143.62,0.39,0.1,0,144.11,0.09,0.03,0,143.99,0,0,0,0,0,0,0,0,0,0,0,0,0,0,0,0,0,143.62,0.39,0.1,0,144.11
9/1/2026,2022,20241433,44864,15132,PAPCO INC,Natural Gas,INTRASTATE,PENNSYLVANIA,0,0,0,0,0,,,,,0,0,,,,,0,0,0,0,0,,,,,0,0,0,0,5.2,15.75,0,20.95,0,0,0,0,0,5.2,15.75,0,20.95,0,5.2,15.75,0,20.95
9/1/2026,2022,20231229,42690,15156,SINCLAIR TRANSPORTATION COMPANY,Natural Gas,INTRASTATE,WYOMING,6.67,0,0,0,6.67,,0.24,,6.43,0,0,,,,,6.67,0,0,0,6.67,,0.24,,6.43,0,0,0,0,0,0,0,0,0,0,0,0,0,0,0,0,0,6.67,0,0,0,6.67
9/1/2026,2022,20230848,42281,15208,PELICAN RESERVE PIPELINE CO,Natural Gas,INTRASTATE,TEXAS,0.499,1.312,0,0,1.811,0,,0,1.811,0,0,,,,,0.499,1.312,0,0,1.811,0,,0,1.811,0,0,0,0,1.885,1.404,0,3.289,0,0,0,0,0,1.885,1.404,0,3.289,0.499,3.197,1.404,0,5.1
9/1/2026,2022,20230921,42551,15329,PEOPLES GAS LIGHT & COKE CO,Natural Gas,INTRASTATE,ILLINOIS,238.67,12.13,82.76,0,333.56,68.95,19.3,2.35,242.95,0,0,,,,,238.67,12.13,82.76,0,333.56,68.95,19.3,2.35,242.95,0,0,0,0,0,0,0,0,0,0,0,0,0,0,0,0,0,238.67,12.13,82.76,0,333.56
9/1/2026,2022,20230647,42065,15348,PEOPLES GAS SYSTEM INC,Natural Gas,INTRASTATE,FLORIDA,74.366,43.59,100.795,0,218.751,55.2,22.1,33.03,108.42,0,0,,,,,74.366,43.59,100.795,0,218.751,55.2,22.1,33.03,108.42,0,0,0,0,0,0,0,0,0,0,0,0,0,0,0,0,0,74.366,43.59,100.795,0,218.751
9/1/2026,2022,20231244,44983,15350,PEOPLES NATURAL GAS COMPANY LLC,Natural Gas,INTRASTATE,PENNSYLVANIA,56.254,26.223,66.497,3.533,152.507,18.869,13.767,37.908,81.963,0,0,,,,,56.254,26.223,66.497,3.533,152.507,18.869,13.767,37.908,81.963,2.683,0.002,0,2.685,40.45,107.53,0,147.98,46.648,46.648,0,0,46.648,43.133,107.532,0,197.313,102.902,69.356,174.029,3.533,349.82
9/1/2026,2022,20231000,42441,15359,BLACK HILLS ENERGY,Natural Gas,INTRASTATE,ARKANSAS,420.264,223.474,231.632,0,875.37,37.999,78.75,116.677,641.944,0,0,,,,,420.264,223.474,231.632,0,875.37,37.999,78.75,116.677,641.944,36.266,8.414,0,44.68,0,0,0,0,51.989,51.989,0,0,51.989,36.266,8.414,0,96.669,472.253,259.74,240.046,0,972.039
9/1/2026,2022,20231000,42441,15359,BLACK HILLS ENERGY,Natural Gas,INTRASTATE,COLORADO,127.943,18.774,22.965,0,169.682,0.789,17.987,4.188,146.718,0,0,,,,,127.943,18.774,22.965,0,169.682,0.789,17.987,4.188,146.718,0,0,0,0,0,0,0,0,0,0,0,0,0,0,0,0,0,127.943,18.774,22.965,0,169.682
9/1/2026,2022,20231000,42441,15359,BLACK HILLS ENERGY,Natural Gas,INTRASTATE,IOWA,156.681,11.783,4.354,0,172.818,0.389,1.206,2.759,168.464,0,0,,,,,156.681,11.783,4.354,0,172.818,0.389,1.206,2.759,168.464,0,0,0,0,0,0,0,0,0,0,0,0,0,0,0,0,0,156.681,11.783,4.354,0,172.818
9/1/2026,2022,20231000,42441,15359,BLACK HILLS ENERGY,Natural Gas,INTRASTATE,KANSAS,299.351,24.825,14.881,0,339.057,0.833,1.822,12.283,324.119,0,0,,,,,299.351,24.825,14.881,0,339.057,0.833,1.822,12.283,324.119,0,0,0,0,0,0,0,0,0,0,0,0,0,0,0,0,0,299.351,24.825,14.881,0,339.057
9/1/2026,2022,20231000,42441,15359,BLACK HILLS ENERGY,Natural Gas,INTRASTATE,NEBRASKA,1173.094,112.919,28.711,0,1314.724,3.689,16.098,8.924,1286.013,0,0,,,,,1173.094,112.919,28.711,0,1314.724,3.689,16.098,8.924,1286.013,0,0,0,0,0,0,0,0,0,0,0,0,0,0,0,0,0,1173.094,112.919,28.711,0,1314.724
9/1/2026,2022,20231000,42441,15359,BLACK HILLS ENERGY,Natural Gas,INTRASTATE,WYOMING,1131.091,49.708,20.026,0,1200.825,3.323,18.868,4.001,1174.633,0,0,,,,,1131.091,49.708,20.026,0,1200.825,3.323,18.868,4.001,1174.633,0,0,0,0,0,0,0,0,0,0,0,0,0,0,0,0,0,1131.091,49.708,20.026,0,1200.825
9/1/2026,2022,20230846,42279,15454,PETROLEUM FUELS CO,Natural Gas,INTRASTATE,MINNESOTA,1.099,0,0,0,1.099,0,,0,1.099,0,0,,,,,1.099,0,0,0,1.099,0,,0,1.099,0,0,0,0,0,0,0,0,0,0,0,0,0,0,0,0,0,1.099,0,0,0,1.099
9/1/2026,2022,20230846,42279,15454,PETROLEUM FUELS CO,Natural Gas,INTRASTATE,MISSISSIPPI,1.683,0,0,0,1.683,,,,1.683,0,0,,,,,1.683,0,0,0,1.683,,,,1.683,0,0,0,0,0,0,0,0,0,0,0,0,0,0,0,0,0,1.683,0,0,0,1.683
9/1/2026,2022,20230846,42279,15454,PETROLEUM FUELS CO,Natural Gas,INTRASTATE,NEW MEXICO,8.205,1.752,1.848,0,11.805,,,1.848,9.957,0,0,,,,,8.205,1.752,1.848,0,11.805,,,1.848,9.957,0,0,0,0,0,0,0,0,0,0,0,0,0,0,0,0,0,8.205,1.752,1.848,0,11.805
9/1/2026,2022,20230846,42279,15454,PETROLEUM FUELS CO,Natural Gas,INTRASTATE,TEXAS,71.844,9.912,10.792,0,92.548,1.542,4.292,8.663,78.051,0,0,,,,,71.844,9.912,10.792,0,92.548,1.542,4.292,8.663,78.051,0,0,0,0,0,0,0,0,60.257,60.257,0,0,60.257,0,0,0,60.257,132.101,9.912,10.792,0,152.805
9/1/2026,2022,20230675,42096,15462,PECO ENERGY CO,Natural Gas,INTRASTATE,PENNSYLVANIA,0,0,6,0,6,2.93,0,3.07,0,0,0,,,,,0,0,6,0,6,2.93,0,3.07,0,0,0,0,0,0,0,0,0,0,0,0,0,0,0,0,0,0,0,0,6,0,6
9/1/2026,2022,20231254,42716,15469,PHILADELPHIA GAS WORKS,Natural Gas,INTRASTATE,PENNSYLVANIA,0,0,2.1,0,2.1,2.1,,,,0,0,,,,,0,0,2.1,0,2.1,2.1,,,,0,0,0,0,0,0,0,0,0,0,0,0,0,0,0,0,0,0,0,2.1,0,2.1
9/1/2026,2022,20231243,42704,15476,PEOPLES GAS COMPANY LLC,Natural Gas,INTRASTATE,PENNSYLVANIA,4.695,5.409,0,0,10.104,0,0,0,10.104,0,0,,,,,4.695,5.409,0,0,10.104,0,0,0,10.104,0,0,0,0,0,0,0,0,0,0,0,0,0,0,0,0,0,4.695,5.409,0,0,10.104
9/1/2026,2022,20231194,42650,15485,PHILLIPS 66 COMPANY - SWEENY REFINERY,Hydrogen Gas,INTRASTATE,TEXAS,9.88,4.79,0.11,0,14.78,0,,0.11,14.67,0,0,,,,,9.88,4.79,0.11,0,14.78,0,,0.11,14.67,0,0,0,0,0,0,0,0,0,0,0,0,0,0,0,0,0,9.88,4.79,0.11,0,14.78
9/1/2026,2022,20231199,42655,15485,PHILLIPS 66 COMPANY - SWEENY REFINERY,Natural Gas,INTRASTATE,TEXAS,9,4.8,0,0,13.8,0.431,,,13.369,0,0,,,,,9,4.8,0,0,13.8,0.431,,,13.369,0,0,0,0,0,0,0,0,0,0,0,0,0,0,0,0,0,9,4.8,0,0,13.8
9/1/2026,2022,20231265,42727,15518,PIEDMONT NATURAL GAS CO INC,Natural Gas,INTRASTATE,NORTH CAROLINA,681.849,973.912,810.569,0,2466.33,328.517,594.9,133.263,1409.646,0,0,,,,,681.849,973.912,810.569,0,2466.33,328.517,594.9,133.263,1409.646,0,0,0,0,0,0,0,0,0,0,0,0,0,0,0,0,0,681.849,973.912,810.569,0,2466.33
9/1/2026,2022,20231265,42727,15518,PIEDMONT NATURAL GAS CO INC,Natural Gas,INTRASTATE,SOUTH CAROLINA,5.877,27.471,43.86,0,77.208,15.614,28.583,4.096,28.914,0,0,,,,,5.877,27.471,43.86,0,77.208,15.614,28.583,4.096,28.914,0,0,0,0,0,0,0,0,0,0,0,0,0,0,0,0,0,5.877,27.471,43.86,0,77.208
9/1/2026,2022,20231265,42727,15518,PIEDMONT NATURAL GAS CO INC,Natural Gas,INTRASTATE,TENNESSEE,4.494,13.691,43.2,0,61.385,23.361,16.395,6.189,15.437,0,0,,,,,4.494,13.691,43.2,0,61.385,23.361,16.395,6.189,15.437,0,0,0,0,0,0,0,0,0,0,0,0,0,0,0,0,0,4.494,13.691,43.2,0,61.385
9/1/2026,2022,20230856,43122,15589,PINE PIPELINE INC,Natural Gas,INTRASTATE,LOUISIANA,1.39,2.43,6.5,0,10.32,0.69,5.35,0.46,3.82,0,0,,,,,1.39,2.43,6.5,0,10.32,0.69,5.35,0.46,3.82,0,0,0,0,0,0,0,0,0,0,0,0,0,0,0,0,0,1.39,2.43,6.5,0,10.32
9/1/2026,2022,20230035,41419,15645,PLACID PIPELINE COMPANY LLC,Natural Gas,INTRASTATE,LOUISIANA,0,0,2,0,2,2,,,,0,0,,,,,0,0,2,0,2,2,,,,0,0,0,0,0,0,0,0,0,0,0,0,0,0,0,0,0,0,0,2,0,2
9/1/2026,2022,20230155,41542,15652,"PLAINS, CITY OF",Natural Gas,INTRASTATE,TEXAS,0,9,0,0,9,,,,9,0,0,,,,,0,9,0,0,9,,,,9,0,0,0,0,0,0,0,0,0,0,0,0,0,0,0,0,0,0,9,0,0,9
9/1/2026,2022,20230985,42424,15790,PONTCHARTRAIN NATURAL GAS SYSTEM,Natural Gas,INTRASTATE,LOUISIANA,1.799,0,0,0,1.799,0,0,0,1.799,0,0,,,,,1.799,0,0,0,1.799,0,0,0,1.799,0,0,0,0,0,0,0,0,0,0,0,0,0,0,0,0,0,1.799,0,0,0,1.799
9/1/2026,2022,20230834,42265,15815,PRAIRIE PIPELINE CO,Natural Gas,INTRASTATE,TEXAS,0,0,0,0,0,,,,,0,0,,,,,0,0,0,0,0,,,,,0,7,0,7,0,0,0,0,0,0,0,0,0,0,7,0,7,0,0,7,0,7
9/1/2026,2022,20230289,41682,15825,WESTLAKE US 2 LLC,Natural Gas,INTRASTATE,LOUISIANA,0.41,0,0.29,0,0.7,0.17,0.29,0,0,0,0,,,,,0.41,0,0.29,0,0.7,0.17,0.29,0,0,0,0,0,0,0,0,0,0,0,0,0,0,0,0,0,0,0,0.41,0,0.29,0,0.7
9/1/2026,2022,20230292,41685,15825,WESTLAKE US 2 LLC,Other Gas-Chlorine,INTRASTATE,LOUISIANA,2.59,0,1.89,0,4.48,4.48,,,,0,0,,,,,2.59,0,1.89,0,4.48,4.48,,,,0,0,0,0,0,0,0,0,0,0,0,0,0,0,0,0,0,2.59,0,1.89,0,4.48
9/1/2026,2022,20230880,42313,15931,PUBLIC SERVICE CO OF COLORADO,Natural Gas,INTRASTATE,COLORADO,1386.9,213,463.3,3.7,2066.9,202.1,196.3,111.4,1557.1,0,0,,,,,1386.9,213,463.3,3.7,2066.9,202.1,196.3,111.4,1557.1,0,0,0,0,0,0,0,0,7.1,7.1,0,0,7.1,0,0,0,7.1,1394,213,463.3,3.7,2074
9/1/2026,2022,20231154,42606,15938,PUBLIC SERVICE CO OF NORTH CAROLINA,Natural Gas,INTRASTATE,NORTH CAROLINA,176.15,119.57,204.9,0,500.62,66.49,127.23,31.81,275.08,0,0,,,,,176.15,119.57,204.9,0,500.62,66.49,127.23,31.81,275.08,0,0,0,0,0,0,0,0,0,0,0,0,0,0,0,0,0,176.15,119.57,204.9,0,500.62
9/1/2026,2022,20230536,41942,15952,PUBLIC SERVICE ELECTRIC & GAS CO,Natural Gas,INTRASTATE,NEW JERSEY,6,0,47.6,0.5,54.1,37.6,0.5,10.7,5.3,0,0,,,,,6,0,47.6,0.5,54.1,37.6,0.5,10.7,5.3,0,0,0,0,0,0,0,0,0,0,0,0,0,0,0,0,0,6,0,47.6,0.5,54.1
9/1/2026,2022,20230297,41690,16667,ENERGY NORTH NATURAL GAS INC,Natural Gas,INTRASTATE,NEW HAMPSHIRE,0,0,2.8,0,2.8,2.8,,,,0,0,,,,,0,0,2.8,0,2.8,2.8,,,,0,0,0,0,0,0,0,0,0,0,0,0,0,0,0,0,0,0,0,2.8,0,2.8
9/1/2026,2022,20230342,41737,17090,RATON GAS TRANSMISSION CO,Natural Gas,INTERSTATE,COLORADO,13.71,0,0,0,13.71,0,,,13.71,0,0,,,,,13.71,0,0,0,13.71,0,,,13.71,0,0,0,0,0,0,0,0,0,0,0,0,0,0,0,0,0,13.71,0,0,0,13.71
9/1/2026,2022,20230342,41737,17090,RATON GAS TRANSMISSION CO,Natural Gas,INTERSTATE,NEW MEXICO,9.89,0,0,0,9.89,0,,,9.89,0,0,,,,,9.89,0,0,0,9.89,0,,,9.89,0,0,0,0,0,0,0,0,0,0,0,0,0,0,0,0,0,9.89,0,0,0,9.89
9/1/2026,2022,20230341,41736,17540,ROANOKE GAS CO,Natural Gas,INTRASTATE,VIRGINIA,18,30.9,11.5,0,60.4,1.59,6.8,3.1,48.9,0,0,,,,,18,30.9,11.5,0,60.4,1.59,6.8,3.1,48.9,0,0,0,0,0,0,0,0,0,0,0,0,0,0,0,0,0,18,30.9,11.5,0,60.4
9/1/2026,2022,20231257,42719,17570,ROCHESTER GAS & ELECTRIC CORP,Natural Gas,INTRASTATE,NEW YORK,35.08,28.81,34.88,0,98.77,10.69,5.31,19.35,63.42,0,0,,,,,35.08,28.81,34.88,0,98.77,10.69,5.31,19.35,63.42,0,0,0,0,0,0,0,0,0,0,0,0,0,0,0,0,0,35.08,28.81,34.88,0,98.77
9/1/2026,2022,20230999,42440,17620,ROCKY MOUNTAIN NATURAL GAS LLC,Natural Gas,INTRASTATE,COLORADO,347.132,101.535,67.692,1.957,518.316,10.049,42.464,21.944,443.859,0,0,0,,,,347.132,101.535,67.692,1.957,518.316,10.049,42.464,21.944,443.859,0,0,0,0,0,0,0,0,0.001,0.001,0,0,0.001,0,0,0,0.001,347.133,101.535,67.692,1.957,518.317
9/1/2026,2022,20230799,42227,17681,ROSEBURG FOREST PRODUCTS CO,Natural Gas,INTRASTATE,OREGON,1.77,0.88,0.19,0,2.84,,,0.19,2.65,0,0,,,,,1.77,0.88,0.19,0,2.84,,,0.19,2.65,0,0,0,0,0,0,0,0,,,0,0,0,0,0,0,0,1.77,0.88,0.19,0,2.84
9/1/2026,2022,20230479,41882,18084,ST LAWRENCE GAS CO INC,Natural Gas,INTRASTATE,NEW YORK,52.88,18.22,6.19,0,77.29,2.28,8.05,0.3,66.66,0,0,,,,,52.88,18.22,6.19,0,77.29,2.28,8.05,0.3,66.66,0,0,0,0,0,0,0,0,0,0,0,0,0,0,0,0,0,52.88,18.22,6.19,0,77.29
9/1/2026,2022,20230271,41664,18104,CPS ENERGY,Natural Gas,INTRASTATE,TEXAS,57.48,14.49,16.97,0,88.94,14.62,11.5,0.13,62.69,0,0,,,,,57.48,14.49,16.97,0,88.94,14.62,11.5,0.13,62.69,0,0,0,0,0,0,0,0,0,0,0,0,0,0,0,0,0,57.48,14.49,16.97,0,88.94
9/1/2026,2022,20230660,42080,18112,SAN DIEGO GAS & ELECTRIC CO,Natural Gas,INTRASTATE,CALIFORNIA,30,13,165,5,213,175,6,0,32,0,0,,,,,30,13,165,5,213,175,6,0,32,0,0,0,0,0,0,0,0,0,0,0,0,0,0,0,0,0,30,13,165,5,213
9/1/2026,2022,20230605,42018,18152,SEA ROBIN PIPELINE CO,Natural Gas,INTERSTATE,LOUISIANA,205.77,1.63,0,0,207.4,0,0.37,0,207.03,0,0,0,,,,205.77,1.63,0,0,207.4,0,0.37,0,207.03,0,0,0,0,0,0,0,0,0,0,0,0,0,0,0,0,0,205.77,1.63,0,0,207.4
9/1/2026,2022,20230605,42018,18152,SEA ROBIN PIPELINE CO,Natural Gas,INTERSTATE,OCS-Gulf of Mexico,0,0,0,0,0,0,0,0,0,559.12,559.12,0,0,0,559.12,559.12,0,0,0,559.12,0,0,0,559.12,0,0,0,0,0,0,0,0,0,0,0,0,0,0,0,0,0,559.12,0,0,0,559.12
9/1/2026,2022,20230590,42001,18156,SEADRIFT PIPELINE CORP,Natural Gas,INTRASTATE,TEXAS,74.79,0,0.22,0,75.01,0.22,,,74.79,0,0,,,,,74.79,0,0.22,0,75.01,0.22,,,74.79,0,0,0,0,0,0,0,0,0,0,0,0,0,0,0,0,0,74.79,0,0.22,0,75.01
9/1/2026,2022,20230596,42009,18156,SEADRIFT PIPELINE CORP,Other Gas-Ethylene,INTRASTATE,TEXAS,225.62,2.01,3.71,0,231.34,4.43,,,226.92,0,0,,,,,225.62,2.01,3.71,0,231.34,4.43,,,226.92,0,0,0,0,0,0,0,0,0,0,0,0,0,0,0,0,0,225.62,2.01,3.71,0,231.34
9/1/2026,2022,20231259,42721,18273,SHELL PIPELINE CORP,Natural Gas,INTERSTATE,OCS-Gulf of Mexico,0,0,0,0,0,,,,,0,0,,,,,0,0,0,0,0,,,,,0,0,0,0,0,0,0,0,0,0,357.78,357.78,357.78,0,0,0,357.78,357.78,0,0,0,357.78
9/1/2026,2022,20231251,42713,18273,SHELL PIPELINE CORP,Other Gas-Dry Gas,INTRASTATE,LOUISIANA,57.609,0,3.861,0,61.47,1.993,4.257,0.685,54.535,0,0,,,,,57.609,0,3.861,0,61.47,1.993,4.257,0.685,54.535,0,0,0,0,0,0,0,0,0,0,0,0,0,0,0,0,0,57.609,0,3.861,0,61.47
9/1/2026,2022,20231251,42713,18273,SHELL PIPELINE CORP,Other Gas-Dry Gas,INTRASTATE,TEXAS,9.202,4.107,31.674,0,44.983,25.726,7.013,2.722,9.521,0,0,,,,,9.202,4.107,31.674,0,44.983,25.726,7.013,2.722,9.521,0,0,0,0,0,0,0,0,0,0,0,0,0,0,0,0,0,9.202,4.107,31.674,0,44.983
9/1/2026,2022,20230959,43088,18308,NV Energy,Natural Gas,INTRASTATE,NEVADA,1.275,0.043,7.02,0,8.338,8.12,0,0,0.218,0,0,,,,,1.275,0.043,7.02,0,8.338,8.12,0,0,0.218,0,0,0,0,0,0,0,0,0,0,0,0,0,0,0,0,0,1.275,0.043,7.02,0,8.338
9/1/2026,2022,20231444,43016,18336,SIOUX CENTER MUNICIPAL GAS UTILITY,Natural Gas,INTRASTATE,IOWA,8.58,0,0.94,0,9.52,0.227,,0.713,8.58,0,0,,,,,8.58,0,0.94,0,9.52,0.227,,0.713,8.58,0,0,0,0,0,0,0,0,0,0,0,0,0,0,0,0,0,8.58,0,0.94,0,9.52
9/1/2026,2022,20230790,42218,18380,SOCORRO NATURAL GAS CO,Natural Gas,INTRASTATE,NEW MEXICO,38,0,0,0,38,0,,,38,0,0,,,,,38,0,0,0,38,0,,,38,0,0,0,0,0,0,0,0,0,0,0,0,0,0,0,0,0,38,0,0,0,38
9/1/2026,2022,20230296,41689,18388,SOMERSET GAS SERVICE,Natural Gas,INTRASTATE,KENTUCKY,31.26,8.85,13.67,0,53.78,1.07,,12.6,40.11,0,0,,,,,31.26,8.85,13.67,0,53.78,1.07,,12.6,40.11,0,92.69,0,92.69,0,0,0,0,0,0,0,0,0,0,92.69,0,92.69,31.26,8.85,106.36,0,146.47
9/1/2026,2022,20230383,41780,18408,"DOMINION ENERGY SOUTH CAROLINA, INC.",Natural Gas,INTRASTATE,SOUTH CAROLINA,247.5,80.9,105.7,0,434.1,29.9,24.5,54,325.7,0,0,,,,,247.5,80.9,105.7,0,434.1,29.9,24.5,54,325.7,0,0,0,0,0,0,0,0,0,0,0,0,0,0,0,0,0,247.5,80.9,105.7,0,434.1
9/1/2026,2022,20230826,42254,18440,SOUTH JERSEY GAS CO,Natural Gas,INTRASTATE,NEW JERSEY,0,7.3,139.4,0,146.7,32.1,77.3,35.1,2.2,0,0,,,,,0,7.3,139.4,0,146.7,32.1,77.3,35.1,2.2,0,0,0,0,0,0,0,0,0,0,0,0,0,0,0,0,0,0,7.3,139.4,0,146.7
9/1/2026,2022,20230221,41612,18456,SOUTHEAST GAS,Natural Gas,INTRASTATE,ALABAMA,197.946,245.144,133.003,0,576.093,21.213,19.161,104.129,431.591,0,0,,,,,197.946,245.144,133.003,0,576.093,21.213,19.161,104.129,431.591,0,0,0,0,0,0,0,0,0,0,0,0,0,0,0,0,0,197.946,245.144,133.003,0,576.093
9/1/2026,2022,20231230,46735,18472,SEMCO ENERGY GAS COMPANY,Natural Gas,INTRASTATE,MICHIGAN,85.305,54.706,6.749,0,146.76,0.758,3.412,6.749,135.841,0,0,,,,,85.305,54.706,6.749,0,146.76,0.758,3.412,6.749,135.841,0,0,0,0,0,0,0,0,0,0,0,0,0,0,0,0,0,85.305,54.706,6.749,0,146.76
9/1/2026,2022,20231233,42694,18473,SEMCO PIPELINE CO,Natural Gas,INTRASTATE,MICHIGAN,28.752,20.807,0.67,0,50.229,0.48,0.637,0,49.112,0,0,,,,,28.752,20.807,0.67,0,50.229,0.48,0.637,0,49.112,0,0,0,0,0,0,0,0,0,0,0,0,0,0,0,0,0,28.752,20.807,0.67,0,50.229
9/1/2026,2022,20230663,42083,18484,SOUTHERN CALIFORNIA GAS CO,Natural Gas,INTRASTATE,CALIFORNIA,2147,133,1042,63,3385,1108,244,41,1992,0,0,,,,,2147,133,1042,63,3385,1108,244,41,1992,0,0,0,0,0,0,0,0,0,0,0,0,0,0,0,0,0,2147,133,1042,63,3385
9/1/2026,2022,20230734,42159,18508,SOUTHERN INDIANA GAS & ELECTRIC CO,Natural Gas,INTRASTATE,INDIANA,83.087,14.228,28.45,0,125.765,5.145,12.758,10.979,96.884,0,0,,,,,83.087,14.228,28.45,0,125.765,5.145,12.758,10.979,96.884,0,0,0,0,0,0,0,0,0,0,0,0,0,0,0,0,0,83.087,14.228,28.45,0,125.765
9/1/2026,2022,20230651,43040,18516,SOUTHERN NATURAL GAS CO,Natural Gas,INTERSTATE,ALABAMA,1331.889,350.588,315.707,0,1998.184,117.465,271.887,85.068,1523.764,0,0,,,,,1331.889,350.588,315.707,0,1998.184,117.465,271.887,85.068,1523.764,0,0,0,0,0,0,0,0,0,0,0,0,0,0,0,0,0,1331.889,350.588,315.707,0,1998.184
9/1/2026,2022,20230651,43040,18516,SOUTHERN NATURAL GAS CO,Natural Gas,INTERSTATE,FLORIDA,166.33,36.045,10.694,0,213.069,1.977,14.501,0.068,196.524,0,0,,,,,166.33,36.045,10.694,0,213.069,1.977,14.501,0.068,196.524,0,0,0,0,0,0,0,0,0,0,0,0,0,0,0,0,0,166.33,36.045,10.694,0,213.069
9/1/2026,2022,20230651,43040,18516,SOUTHERN NATURAL GAS CO,Natural Gas,INTERSTATE,GEORGIA,1907.51,351.703,288.354,0,2547.567,131.283,286.15,25.864,2104.27,0,0,,,,,1907.51,351.703,288.354,0,2547.567,131.283,286.15,25.864,2104.27,0,0,0,0,0,0,0,0,0,0,0,0,0,0,0,0,0,1907.51,351.703,288.354,0,2547.567
9/1/2026,2022,20230651,43040,18516,SOUTHERN NATURAL GAS CO,Natural Gas,INTERSTATE,LOUISIANA,779.15,128.032,39.731,0,946.913,31.601,91.943,9.353,814.017,0,0,,,,,779.15,128.032,39.731,0,946.913,31.601,91.943,9.353,814.017,0,0,0,0,0,0,0,0,0,0,0,0,0,0,0,0,0,779.15,128.032,39.731,0,946.913
9/1/2026,2022,20230651,43040,18516,SOUTHERN NATURAL GAS CO,Natural Gas,INTERSTATE,MISSISSIPPI,1070.497,147.533,14.099,0,1232.129,11.841,74.253,9.034,1137,0,0,,,,,1070.497,147.533,14.099,0,1232.129,11.841,74.253,9.034,1137,0,0,0,0,0,0,0,0,0,0,0,0,0,0,0,0,0,1070.497,147.533,14.099,0,1232.129
9/1/2026,2022,20230651,43040,18516,SOUTHERN NATURAL GAS CO,Natural Gas,INTERSTATE,SOUTH CAROLINA,28.632,12.798,14.136,0,55.566,1.391,11.945,3.65,38.579,0,0,,,,,28.632,12.798,14.136,0,55.566,1.391,11.945,3.65,38.579,0,0,0,0,0,0,0,0,0,0,0,0,0,0,0,0,0,28.632,12.798,14.136,0,55.566
9/1/2026,2022,20230651,43040,18516,SOUTHERN NATURAL GAS CO,Natural Gas,INTERSTATE,TENNESSEE,3.226,10.242,0.467,0,13.935,0.167,1.363,0,12.405,0,0,,,,,3.226,10.242,0.467,0,13.935,0.167,1.363,0,12.405,0,0,0,0,0,0,0,0,0,0,0,0,0,0,0,0,0,3.226,10.242,0.467,0,13.935
9/1/2026,2022,20230651,43040,18516,SOUTHERN NATURAL GAS CO,Natural Gas,INTRASTATE,ALABAMA,0,0.009,0.817,0,0.826,0.127,0,0.69,0.009,0,0,,,,,0,0.009,0.817,0,0.826,0.127,0,0.69,0.009,0,0,0,0,0,0,0,0,0,0,0,0,0,0,0,0,0,0,0.009,0.817,0,0.826
9/1/2026,2022,20230746,42171,18532,"TEXAS GAS SERVICE COMPANY, A DIVISION OF ONE GAS, INC.",Natural Gas,INTRASTATE,TEXAS,101.86,17.9,133.62,0.66,254.04,134.41,0,0,119.64,0,0,,,,,101.86,17.9,133.62,0.66,254.04,134.41,0,0,119.64,0,0,0,0,0,0,0,0,0,0,0,0,0,0,0,0,0,101.86,17.9,133.62,0.66,254.04
9/1/2026,2022,20231053,45141,18536,SOUTHWEST GAS CORP,Natural Gas,INTRASTATE,ARIZONA,72.437,5.575,140.05,2.65,220.712,66.613,1.037,76.086,76.976,0,0,,,,,72.437,5.575,140.05,2.65,220.712,66.613,1.037,76.086,76.976,0,0,0,0,0,0,0,0,0,0,0,0,0,0,0,0,0,72.437,5.575,140.05,2.65,220.712
9/1/2026,2022,20231053,45141,18536,SOUTHWEST GAS CORP,Natural Gas,INTRASTATE,CALIFORNIA,0.104,0,0.015,0,0.119,0,0,0.015,0.104,0,0,,,,,0.104,0,0.015,0,0.119,0,0,0.015,0.104,0,0,0,0,0,0,0,0,0,0,0,0,0,0,0,0,0,0.104,0,0.015,0,0.119
9/1/2026,2022,20231053,45141,18536,SOUTHWEST GAS CORP,Natural Gas,INTRASTATE,NEVADA,172.536,1.865,110.776,2.618,287.795,74.967,21.127,19.736,171.965,,0,,,,,172.536,1.865,110.776,2.618,287.795,74.967,21.127,19.736,171.965,,,,0,,,,0,0,0,,0,0,0,0,0,0,172.536,1.865,110.776,2.618,287.795
9/1/2026,2022,20231312,42842,18542,"WOODWARD APPLE SPRINGS, LLC",Natural Gas,INTRASTATE,TEXAS,0,0,0,0,0,,,,,0,0,,,,,0,0,0,0,0,,,,,5.17,1.54,0,6.71,0,0,0,0,18.58,18.58,0,0,18.58,5.17,1.54,0,25.29,18.58,5.17,1.54,0,25.29
9/1/2026,2022,20230905,42338,18555,SOUTHWESTERN PUBLIC SERVICE CO,Natural Gas,INTRASTATE,TEXAS,19,0,0.6,0.1,19.7,0.3,0,0.3,19.1,0,0,,,,,19,0,0.6,0.1,19.7,0.3,0,0.3,19.1,0,0,0,0,0,0,0,0,0,0,0,0,0,0,0,0,0,19,0,0.6,0.1,19.7
9/1/2026,2022,20230748,42173,18560,SOUTHWESTERN VIRGINIA GAS CO,Natural Gas,INTRASTATE,VIRGINIA,17.905,13.014,1.319,0,32.238,0,0,1.319,30.918,0,0,,,,,17.905,13.014,1.319,0,32.238,0,0,1.319,30.918,0,0,0,0,0,0,0,0,0,0,0,0,0,0,0,0,0,17.905,13.014,1.319,0,32.238
9/1/2026,2022,20231349,42816,18584,"SPRINGFIELD, CITY UTILITIES OF",Natural Gas,INTRASTATE,MISSOURI,25.66,17.97,5.46,0,49.09,6.89,1.05,0,41.05,0,0,,,,,25.66,17.97,5.46,0,49.09,6.89,1.05,0,41.05,0,0,0,0,0,0,0,0,0,0,0,0,0,0,0,0,0,25.66,17.97,5.46,0,49.09
9/1/2026,2022,20230506,41912,18608,STANDARD PACIFIC GAS LINE INC,Natural Gas,INTRASTATE,CALIFORNIA,20.62,2.26,30.22,0,53.1,31.5,1.29,0.24,20.08,0,0,,,,,20.62,2.26,30.22,0,53.1,31.5,1.29,0.24,20.08,0,0,0,0,0,0,0,0,0,0,0,0,0,0,0,0,0,20.62,2.26,30.22,0,53.1
9/1/2026,2022,20230293,41686,18636,"STEPHEN, CITY OF",Natural Gas,INTRASTATE,MINNESOTA,1.2,0,0,0,1.2,0,,,1.2,0,0,0,,,,1.2,0,0,0,1.2,0,,,1.2,0,0,0,0,0,0,0,0,0,0,0,0,0,0,0,0,0,1.2,0,0,0,1.2
9/1/2026,2022,20231131,42582,18667,FREEPORT-MCMORAN OIL & GAS,Natural Gas,INTERSTATE,CALIFORNIA,17.42,0,0,0,17.42,,,,17.42,4.17,4.17,,,,4.17,21.59,0,0,0,21.59,,,,21.59,0,0,0,0,0,0,0,0,0,0,7.67,7.67,7.67,0,0,0,7.67,29.26,0,0,0,29.26
9/1/2026,2022,20231131,42582,18667,FREEPORT-MCMORAN OIL & GAS,Natural Gas,INTERSTATE,OCS-Pacific,0,0,0,0,0,,,,,6.23,6.23,,,,6.23,6.23,0,0,0,6.23,,,,6.23,0,0,0,0,0,0,0,0,,,2.13,2.13,2.13,0,0,0,2.13,8.36,0,0,0,8.36
9/1/2026,2022,20231131,42582,18667,FREEPORT-MCMORAN OIL & GAS,Natural Gas,INTRASTATE,CALIFORNIA,7.4,0,0,0,7.4,,,,7.4,0,0,,,,,7.4,0,0,0,7.4,,,,7.4,0,0,0,0,0,0,0,0,,,0,0,0,0,0,0,0,7.4,0,0,0,7.4
9/1/2026,2022,20230606,42019,18718,SUNOCO PIPELINE L.P.,Natural Gas,INTRASTATE,NEW JERSEY,0.31,0,3.71,0,4.02,0.53,0,3.18,0.31,0,0,,,,,0.31,0,3.71,0,4.02,0.53,0,3.18,0.31,0,0,0,0,0,0,0,0,0,0,0,0,0,0,0,0,0,0.31,0,3.71,0,4.02
9/1/2026,2022,20230511,41917,18752,SUPERIOR WATER LIGHT & POWER CO,Natural Gas,INTRASTATE,WISCONSIN,8,0,0,0,8,0,0,0,8,0,0,,,,,8,0,0,0,8,0,0,0,8,0,0,0,0,0,0,0,0,0,0,0,0,0,0,0,0,0,8,0,0,0,8
9/1/2026,2022,20230159,41546,18784,SYLACAUGA GAS SYSTEM,Natural Gas,INTRASTATE,ALABAMA,13,5,2,0,20,1,,1,18,0,0,,,,,13,5,2,0,20,1,,1,18,0,0,0,0,0,0,0,0,0,0,0,0,0,0,0,0,0,13,5,2,0,20
9/1/2026,2022,20230083,41468,19125,TEAVEE OIL & GAS INC,Natural Gas,INTRASTATE,WEST VIRGINIA,4.22,0,0.03,0,4.25,0.03,,,4.22,0,0,,,,,4.22,0,0.03,0,4.25,0.03,,,4.22,0,0,0,0,0,13.67,0,13.67,0,0,0,0,0,0,13.67,0,13.67,4.22,0,13.7,0,17.92
9/1/2026,2022,20231210,42670,19160,TENNESSEE GAS PIPELINE COMPANY,Natural Gas,INTERSTATE,ALABAMA,197.542,25.971,0.636,0,224.149,3.806,27.911,0,192.432,0,0,,,,,197.542,25.971,0.636,0,224.149,3.806,27.911,0,192.432,0,0,0,0,0,0,0,0,0,0,0,0,0,0,0,0,0,197.542,25.971,0.636,0,224.149
9/1/2026,2022,20231210,42670,19160,TENNESSEE GAS PIPELINE COMPANY,Natural Gas,INTERSTATE,ARKANSAS,131.538,0,0.168,0,131.706,1.694,3.867,0,126.145,0,0,,,,,131.538,0,0.168,0,131.706,1.694,3.867,0,126.145,0,0,0,0,0,0,0,0,0,0,0,0,0,0,0,0,0,131.538,0,0.168,0,131.706
9/1/2026,2022,20231210,42670,19160,TENNESSEE GAS PIPELINE COMPANY,Natural Gas,INTERSTATE,CONNECTICUT,32.018,15.076,93.261,0,140.355,22.286,71.001,3.941,43.126,0,0,,,,,32.018,15.076,93.261,0,140.355,22.286,71.001,3.941,43.126,0,0,0,0,0,0,0,0,0,0,0,0,0,0,0,0,0,32.018,15.076,93.261,0,140.355
9/1/2026,2022,20231210,42670,19160,TENNESSEE GAS PIPELINE COMPANY,Natural Gas,INTERSTATE,KENTUCKY,1212.439,360.113,42.426,0,1614.978,43.425,206.729,8.403,1356.421,0,0,,,,,1212.439,360.113,42.426,0,1614.978,43.425,206.729,8.403,1356.421,0,0,0,0,0,0,0,0,0,0,0,0,0,0,0,0,0,1212.439,360.113,42.426,0,1614.978
9/1/2026,2022,20231210,42670,19160,TENNESSEE GAS PIPELINE COMPANY,Natural Gas,INTERSTATE,LOUISIANA,1399.345,172.945,69.358,0,1641.648,43.584,135.183,12.969,1449.912,0,0,,,,,1399.345,172.945,69.358,0,1641.648,43.584,135.183,12.969,1449.912,0,0,0,0,0,0,0,0,0,0,0,0,0,0,0,0,0,1399.345,172.945,69.358,0,1641.648
9/1/2026,2022,20231210,42670,19160,TENNESSEE GAS PIPELINE COMPANY,Natural Gas,INTERSTATE,MASSACHUSETTS,185.976,131.221,282.618,1.877,601.692,117.751,208.454,22.573,252.914,0,0,,,,,185.976,131.221,282.618,1.877,601.692,117.751,208.454,22.573,252.914,0,0,0,0,0,0,0,0,0,0,0,0,0,0,0,0,0,185.976,131.221,282.618,1.877,601.692
9/1/2026,2022,20231210,42670,19160,TENNESSEE GAS PIPELINE COMPANY,Natural Gas,INTERSTATE,MISSISSIPPI,1363.981,192.701,48.868,0,1605.55,41.781,183.695,8.598,1371.476,0,0,,,,,1363.981,192.701,48.868,0,1605.55,41.781,183.695,8.598,1371.476,0,0,0,0,0,0,0,0,0,0,0,0,0,0,0,0,0,1363.981,192.701,48.868,0,1605.55
9/1/2026,2022,20231210,42670,19160,TENNESSEE GAS PIPELINE COMPANY,Natural Gas,INTERSTATE,NEW HAMPSHIRE,7.596,1.302,71.915,0,80.813,17.525,45.765,9.554,7.969,0,0,,,,,7.596,1.302,71.915,0,80.813,17.525,45.765,9.554,7.969,0,0,0,0,0,0,0,0,0,0,0,0,0,0,0,0,0,7.596,1.302,71.915,0,80.813
9/1/2026,2022,20231210,42670,19160,TENNESSEE GAS PIPELINE COMPANY,Natural Gas,INTERSTATE,NEW JERSEY,41.465,16.291,33.454,0,91.21,32.933,16.111,1.768,40.398,0,0,,,,,41.465,16.291,33.454,0,91.21,32.933,16.111,1.768,40.398,0,0,0,0,0,0,0,0,0,0,0,0,0,0,0,0,0,41.465,16.291,33.454,0,91.21
9/1/2026,2022,20231210,42670,19160,TENNESSEE GAS PIPELINE COMPANY,Natural Gas,INTERSTATE,NEW YORK,629.983,179.642,44.485,1.254,855.364,46.416,103.901,1.857,703.19,0,0,,,,,629.983,179.642,44.485,1.254,855.364,46.416,103.901,1.857,703.19,0,0,0,0,0,0,0,0,0,0,0,0,0,0,0,0,0,629.983,179.642,44.485,1.254,855.364
9/1/2026,2022,20231210,42670,19160,TENNESSEE GAS PIPELINE COMPANY,Natural Gas,INTERSTATE,OHIO,664.478,192.346,19.712,0,876.536,16.541,115.4,7.807,736.788,0,0,,,,,664.478,192.346,19.712,0,876.536,16.541,115.4,7.807,736.788,0,0,0,0,0,0,0,0,0,0,0,0,0,0,0,0,0,664.478,192.346,19.712,0,876.536
9/1/2026,2022,20231210,42670,19160,TENNESSEE GAS PIPELINE COMPANY,Natural Gas,INTERSTATE,PENNSYLVANIA,742.116,175.612,15.478,0,933.206,19.025,110.108,2.549,801.524,0,0,,,,,742.116,175.612,15.478,0,933.206,19.025,110.108,2.549,801.524,0,0,0,0,0,0,0,0,0,0,0,0,0,0,0,0,0,742.116,175.612,15.478,0,933.206
9/1/2026,2022,20231210,42670,19160,TENNESSEE GAS PIPELINE COMPANY,Natural Gas,INTERSTATE,RHODE ISLAND,9.199,13.956,10.84,0.368,34.363,5.725,9.99,0.054,18.594,0,0,,,,,9.199,13.956,10.84,0.368,34.363,5.725,9.99,0.054,18.594,0,0,0,0,0,0,0,0,0,0,0,0,0,0,0,0,0,9.199,13.956,10.84,0.368,34.363
9/1/2026,2022,20231210,42670,19160,TENNESSEE GAS PIPELINE COMPANY,Natural Gas,INTERSTATE,TENNESSEE,864.031,276.019,72.634,0,1212.684,56.331,174.283,22.948,959.123,0,0,,,,,864.031,276.019,72.634,0,1212.684,56.331,174.283,22.948,959.123,0,0,0,0,0,0,0,0,0,0,0,0,0,0,0,0,0,864.031,276.019,72.634,0,1212.684
9/1/2026,2022,20231210,42670,19160,TENNESSEE GAS PIPELINE COMPANY,Natural Gas,INTERSTATE,TEXAS,1325.817,73.734,132.343,0,1531.894,106.041,91.022,14.488,1320.343,0,0,,,,,1325.817,73.734,132.343,0,1531.894,106.041,91.022,14.488,1320.343,0,0,0,0,0,0,0,0,0,0,0,0,0,0,0,0,0,1325.817,73.734,132.343,0,1531.894
9/1/2026,2022,20231210,42670,19160,TENNESSEE GAS PIPELINE COMPANY,Natural Gas,INTERSTATE,WEST VIRGINIA,110.798,42.969,23.201,0,176.968,12.743,33.918,4.837,125.471,0,0,,,,,110.798,42.969,23.201,0,176.968,12.743,33.918,4.837,125.471,0,0,0,0,0,0,0,0,0,0,0,0,0,0,0,0,0,110.798,42.969,23.201,0,176.968
9/1/2026,2022,20231191,43114,19235,"TEXAS EASTERN TRANSMISSION, LP (SPECTRA ENERGY PARTNERS, LP)",Natural Gas,INTERSTATE,ALABAMA,137.01,9.6,12.98,0,159.59,15.81,17.81,,125.97,0,0,0,,,,137.01,9.6,12.98,0,159.59,15.81,17.81,,125.97,0,0,0,0,0,0,0,0,0,0,0,0,0,0,0,0,0,137.01,9.6,12.98,0,159.59
9/1/2026,2022,20231191,43114,19235,"TEXAS EASTERN TRANSMISSION, LP (SPECTRA ENERGY PARTNERS, LP)",Natural Gas,INTERSTATE,ARKANSAS,307.74,23.91,13.8,0,345.45,9.7,23.5,0,312.25,0,0,0,,,,307.74,23.91,13.8,0,345.45,9.7,23.5,0,312.25,0,0,0,0,0,0,0,0,0,0,0,0,0,0,0,0,0,307.74,23.91,13.8,0,345.45
9/1/2026,2022,20231191,43114,19235,"TEXAS EASTERN TRANSMISSION, LP (SPECTRA ENERGY PARTNERS, LP)",Natural Gas,INTERSTATE,DELAWARE,0,0,0.02,0,0.02,0,0.01,0.01,,0,0,0,,,,0,0,0.02,0,0.02,0,0.01,0.01,,0,0,0,0,0,0,0,0,0,0,0,0,0,0,0,0,0,0,0,0.02,0,0.02
9/1/2026,2022,20231191,43114,19235,"TEXAS EASTERN TRANSMISSION, LP (SPECTRA ENERGY PARTNERS, LP)",Natural Gas,INTERSTATE,ILLINOIS,108.77,5.2,4.66,0,118.63,2.17,7.05,0.42,108.99,0,0,0,,,,108.77,5.2,4.66,0,118.63,2.17,7.05,0.42,108.99,0,0,0,0,0,0,0,0,0,0,0,0,0,0,0,0,0,108.77,5.2,4.66,0,118.63
9/1/2026,2022,20231191,43114,19235,"TEXAS EASTERN TRANSMISSION, LP (SPECTRA ENERGY PARTNERS, LP)",Natural Gas,INTERSTATE,INDIANA,219.7,27.36,5.85,0,252.91,7.94,16.96,0.01,228,0,0,0,,,,219.7,27.36,5.85,0,252.91,7.94,16.96,0.01,228,0,0,0,0,0,0,0,0,0,0,0,0,0,0,0,0,0,219.7,27.36,5.85,0,252.91
9/1/2026,2022,20231191,43114,19235,"TEXAS EASTERN TRANSMISSION, LP (SPECTRA ENERGY PARTNERS, LP)",Natural Gas,INTERSTATE,KENTUCKY,630.15,49.78,10.39,0,690.32,14.1,81.2,0,595.02,0,0,0,,,,630.15,49.78,10.39,0,690.32,14.1,81.2,0,595.02,0,0,0,0,0,0,0,0,0,0,0,0,0,0,0,0,0,630.15,49.78,10.39,0,690.32
9/1/2026,2022,20231191,43114,19235,"TEXAS EASTERN TRANSMISSION, LP (SPECTRA ENERGY PARTNERS, LP)",Natural Gas,INTERSTATE,LOUISIANA,742.38,43.88,4.36,0,790.62,14.86,47.92,0,727.84,7.92,7.92,0,0,0,7.92,750.3,43.88,4.36,0,798.54,14.86,47.92,0,735.76,0,0,0,0,0,0,0,0,0,0,0,0,0,0,0,0,0,750.3,43.88,4.36,0,798.54
9/1/2026,2022,20231191,43114,19235,"TEXAS EASTERN TRANSMISSION, LP (SPECTRA ENERGY PARTNERS, LP)",Natural Gas,INTERSTATE,MARYLAND,39.05,1.72,0.48,0,41.25,1.19,1.49,0,38.57,0,0,0,,,,39.05,1.72,0.48,0,41.25,1.19,1.49,0,38.57,0,0,0,0,0,0,0,0,0,0,0,0,0,0,0,0,0,39.05,1.72,0.48,0,41.25
9/1/2026,2022,20231191,43114,19235,"TEXAS EASTERN TRANSMISSION, LP (SPECTRA ENERGY PARTNERS, LP)",Natural Gas,INTERSTATE,MISSISSIPPI,958.85,53.16,5.21,0,1017.22,22.75,82.97,0,911.5,0,0,0,,,,958.85,53.16,5.21,0,1017.22,22.75,82.97,0,911.5,0,0,0,0,0,0,0,0,0,0,0,0,0,0,0,0,0,958.85,53.16,5.21,0,1017.22
9/1/2026,2022,20231191,43114,19235,"TEXAS EASTERN TRANSMISSION, LP (SPECTRA ENERGY PARTNERS, LP)",Natural Gas,INTERSTATE,MISSOURI,70.5,2.26,0,0,72.76,0,2.13,0,70.63,0,0,0,,,,70.5,2.26,0,0,72.76,0,2.13,0,70.63,0,0,0,0,0,0,0,0,0,0,0,0,0,0,0,0,0,70.5,2.26,0,0,72.76
9/1/2026,2022,20231191,43114,19235,"TEXAS EASTERN TRANSMISSION, LP (SPECTRA ENERGY PARTNERS, LP)",Natural Gas,INTERSTATE,NEW JERSEY,79.69,30.43,146.11,2.55,258.78,135.12,51.91,8.47,63.28,0,0,0,,,,79.69,30.43,146.11,2.55,258.78,135.12,51.91,8.47,63.28,0,0,0,0,0,0,0,0,0,0,0,0,0,0,0,0,0,79.69,30.43,146.11,2.55,258.78
9/1/2026,2022,20231191,43114,19235,"TEXAS EASTERN TRANSMISSION, LP (SPECTRA ENERGY PARTNERS, LP)",Natural Gas,INTERSTATE,NEW YORK,3.24,0.63,1.56,0.15,5.58,3.86,0,0,1.72,0,0,0,,,,3.24,0.63,1.56,0.15,5.58,3.86,0,0,1.72,0,0,0,0,0,0,0,0,0,0,0,0,0,0,0,0,0,3.24,0.63,1.56,0.15,5.58
9/1/2026,2022,20231191,43114,19235,"TEXAS EASTERN TRANSMISSION, LP (SPECTRA ENERGY PARTNERS, LP)",Natural Gas,INTERSTATE,OCS-Gulf of Mexico,0,0,0,0,0,0,0,0,0,120.26,120.26,0,,0,120.26,120.26,0,0,0,120.26,0,0,0,120.26,0,0,0,0,0,0,0,0,0,0,0,0,0,0,0,0,0,120.26,0,0,0,120.26
9/1/2026,2022,20231191,43114,19235,"TEXAS EASTERN TRANSMISSION, LP (SPECTRA ENERGY PARTNERS, LP)",Natural Gas,INTERSTATE,OHIO,850.11,124.45,20.19,0,994.75,45.88,120.38,0.02,828.47,0,0,0,,,,850.11,124.45,20.19,0,994.75,45.88,120.38,0.02,828.47,0,0,0,0,0,0,0,0,0,0,0,0,0,0,0,0,0,850.11,124.45,20.19,0,994.75
9/1/2026,2022,20231191,43114,19235,"TEXAS EASTERN TRANSMISSION, LP (SPECTRA ENERGY PARTNERS, LP)",Natural Gas,INTERSTATE,PENNSYLVANIA,1261.87,444.48,323.78,0,2030.13,371.23,483.88,7.89,1167.13,0,0,0,,,,1261.87,444.48,323.78,0,2030.13,371.23,483.88,7.89,1167.13,0,0,0,0,0,0,0,0,0,0,0,0,0,0,0,0,0,1261.87,444.48,323.78,0,2030.13
9/1/2026,2022,20231191,43114,19235,"TEXAS EASTERN TRANSMISSION, LP (SPECTRA ENERGY PARTNERS, LP)",Natural Gas,INTERSTATE,TENNESSEE,318.46,73.05,57.24,0,448.75,73.3,80.52,0,294.93,0,0,0,,,,318.46,73.05,57.24,0,448.75,73.3,80.52,0,294.93,0,0,0,0,0,0,0,0,0,0,0,0,0,0,0,0,0,318.46,73.05,57.24,0,448.75
9/1/2026,2022,20231191,43114,19235,"TEXAS EASTERN TRANSMISSION, LP (SPECTRA ENERGY PARTNERS, LP)",Natural Gas,INTERSTATE,TEXAS,989.14,67.69,71.81,0,1128.64,66.44,87.24,0.24,974.72,0,0,0,,,,989.14,67.69,71.81,0,1128.64,66.44,87.24,0.24,974.72,0,0,0,0,0,0,0,0,0,0,0,0,0,0,0,0,0,989.14,67.69,71.81,0,1128.64
9/1/2026,2022,20231191,43114,19235,"TEXAS EASTERN TRANSMISSION, LP (SPECTRA ENERGY PARTNERS, LP)",Natural Gas,INTERSTATE,WEST VIRGINIA,68.05,2.26,0,0,70.31,0,8.19,0,62.12,0,0,0,,,,68.05,2.26,0,0,70.31,0,8.19,0,62.12,0,0,0,0,0,0,0,0,0,0,0,0,0,0,0,0,0,68.05,2.26,0,0,70.31
9/1/2026,2022,20230550,41958,19269,TGG PIPELINE LTD,Natural Gas,INTRASTATE,LOUISIANA,6.17,0,0,0,6.17,,,,6.17,0,0,,,,,6.17,0,0,0,6.17,,,,6.17,14.42,3.67,0,18.09,0,0,0,0,169.99,169.99,0,0,169.99,14.42,3.67,0,188.08,176.16,14.42,3.67,0,194.25
9/1/2026,2022,20230549,43145,19270,"TEXAS GAS TRANSMISSION, LLC",Natural Gas,INTERSTATE,ARKANSAS,390.61,2.22,0,0,392.83,0.64,23.63,,368.55,0,0,,,,,390.61,2.22,0,0,392.83,0.64,23.63,,368.55,0,0,0,0,0,0,0,0,0,0,0,0,0,0,0,0,0,390.61,2.22,0,0,392.83
9/1/2026,2022,20230549,43145,19270,"TEXAS GAS TRANSMISSION, LLC",Natural Gas,INTERSTATE,ILLINOIS,53.46,1.73,0.84,0,56.03,,,0.84,55.18,0,0,,,,,53.46,1.73,0.84,0,56.03,,,0.84,55.18,0,0,0,0,0,0,0,0,0,0,0,0,0,0,0,0,0,53.46,1.73,0.84,0,56.03
9/1/2026,2022,20230549,43145,19270,"TEXAS GAS TRANSMISSION, LLC",Natural Gas,INTERSTATE,INDIANA,677.11,71.07,21.81,0,769.99,8.32,37.55,4.74,719.4,0,0,,,,,677.11,71.07,21.81,0,769.99,8.32,37.55,4.74,719.4,0,0,0,0,0,0,0,0,0,0,0,0,0,0,0,0,0,677.11,71.07,21.81,0,769.99
9/1/2026,2022,20230549,43145,19270,"TEXAS GAS TRANSMISSION, LLC",Natural Gas,INTERSTATE,KENTUCKY,1204,143.3,124.49,0,1471.79,71.44,113.56,24.22,1262.56,0,0,,,,,1204,143.3,124.49,0,1471.79,71.44,113.56,24.22,1262.56,0,0,0,0,0,0,0,0,0,0,0,0,0,0,0,0,0,1204,143.3,124.49,0,1471.79
9/1/2026,2022,20230549,43145,19270,"TEXAS GAS TRANSMISSION, LLC",Natural Gas,INTERSTATE,LOUISIANA,1445.27,111.82,81.51,0,1638.6,46.42,158.49,5.93,1427.77,0,0,,,,,1445.27,111.82,81.51,0,1638.6,46.42,158.49,5.93,1427.77,0,0,0,0,0,0,0,0,0,0,0,0,0,0,0,0,0,1445.27,111.82,81.51,0,1638.6
9/1/2026,2022,20230549,43145,19270,"TEXAS GAS TRANSMISSION, LLC",Natural Gas,INTERSTATE,MISSISSIPPI,842.42,25.46,45.19,0,913.07,49.26,70.18,2.75,790.86,0,0,,,,,842.42,25.46,45.19,0,913.07,49.26,70.18,2.75,790.86,0,0,0,0,0,0,0,0,0,0,0,0,0,0,0,0,0,842.42,25.46,45.19,0,913.07
9/1/2026,2022,20230549,43145,19270,"TEXAS GAS TRANSMISSION, LLC",Natural Gas,INTERSTATE,OHIO,25.31,12.85,46.31,0,84.47,41.21,18.25,0.39,24.62,0,0,,,,,25.31,12.85,46.31,0,84.47,41.21,18.25,0.39,24.62,0,0,0,0,0,0,0,0,0,0,0,0,0,0,0,0,0,25.31,12.85,46.31,0,84.47
9/1/2026,2022,20230549,43145,19270,"TEXAS GAS TRANSMISSION, LLC",Natural Gas,INTERSTATE,TENNESSEE,482.69,14.38,96.83,0,593.9,89.14,42.32,3.74,458.68,0,0,,,,,482.69,14.38,96.83,0,593.9,89.14,42.32,3.74,458.68,0,0,0,0,0,0,0,0,0,0,0,0,0,0,0,0,0,482.69,14.38,96.83,0,593.9
9/1/2026,2022,20230549,43145,19270,"TEXAS GAS TRANSMISSION, LLC",Natural Gas,INTERSTATE,TEXAS,14.27,0,0,0,14.27,,0.36,,13.9,0,0,,,,,14.27,0,0,0,14.27,,0.36,,13.9,0,0,0,0,0,0,0,0,0,0,0,0,0,0,0,0,0,14.27,0,0,0,14.27
9/1/2026,2022,20231310,42773,19319,"TPC GROUP, LLC",Hydrogen Gas,INTRASTATE,TEXAS,0.929,0,0,0,0.929,0,0,0,0.929,0,0,,,,,0.929,0,0,0,0.929,0,0,0,0.929,0,0,0,0,0,0,0,0,0,0,0,0,0,0,0,0,0,0.929,0,0,0,0.929
9/1/2026,2022,20231309,42772,19319,"TPC GROUP, LLC",Natural Gas,INTRASTATE,TEXAS,0,0,1.088,0,1.088,0,0,1.088,0,0,0,,,,,0,0,1.088,0,1.088,0,0,1.088,0,0,0,0,0,0,0,0,0,0,0,0,0,0,0,0,0,0,0,0,1.088,0,1.088
9/1/2026,2022,20230850,42283,19410,THUMS LONG BEACH CO,Natural Gas,INTRASTATE,CALIFORNIA,0,0.54,0,0,0.54,0,0,0,0.54,0,0,0,,,,0,0.54,0,0,0.54,0,0,0,0.54,0,0,0,0,0.15,4.27,0,4.42,,,12.59,12.59,12.59,0.15,4.27,0,17.01,12.59,0.69,4.27,0,17.55
9/1/2026,2022,20230953,48542,19490,"TOCCOA NATURAL GAS SYSTEM, CITY OF",Natural Gas,INTRASTATE,GEORGIA,55.5,0,22,0,77.5,27.94,5.71,0,43.85,0,0,,,,,55.5,0,22,0,77.5,27.94,5.71,0,43.85,0,0,0,0,0,0,0,0,0,0,0,0,0,0,0,0,0,55.5,0,22,0,77.5
9/1/2026,2022,20230953,48542,19490,"TOCCOA NATURAL GAS SYSTEM, CITY OF",Natural Gas,INTRASTATE,NORTH CAROLINA,0,0,12.7,0,12.7,12.7,,,,0,0,,,,,0,0,12.7,0,12.7,12.7,,,,0,0,0,0,0,0,0,0,0,0,0,0,0,0,0,0,0,0,0,12.7,0,12.7
9/1/2026,2022,20231177,46737,19570,TRANSCONTINENTAL GAS PIPE LINE COMPANY,Natural Gas,INTERSTATE,ALABAMA,1080.979,65.299,5.506,0,1151.784,17.738,100.287,,1033.751,0,0,,,,,1080.979,65.299,5.506,0,1151.784,17.738,100.287,,1033.751,0,0,0,0,0,0,0,0,13.01,13.01,3.7,3.7,16.71,0,0,0,16.71,1097.689,65.299,5.506,0,1168.494
9/1/2026,2022,20231177,46737,19570,TRANSCONTINENTAL GAS PIPE LINE COMPANY,Natural Gas,INTERSTATE,DELAWARE,1.977,0.686,0,0,2.663,0.013,,,2.649,0,0,,,,,1.977,0.686,0,0,2.663,0.013,,,2.649,0,0,0,0,0,0,0,0,0,0,0,0,0,0,0,0,0,1.977,0.686,0,0,2.663
9/1/2026,2022,20231177,46737,19570,TRANSCONTINENTAL GAS PIPE LINE COMPANY,Natural Gas,INTERSTATE,GEORGIA,408.771,183.951,234.568,0,827.29,217.884,237.757,0.236,371.442,0,0,,,,,408.771,183.951,234.568,0,827.29,217.884,237.757,0.236,371.442,0,0,0,0,0,0,0,0,0,0,0,0,0,0,0,0,0,408.771,183.951,234.568,0,827.29
9/1/2026,2022,20231177,46737,19570,TRANSCONTINENTAL GAS PIPE LINE COMPANY,Natural Gas,INTERSTATE,LOUISIANA,1174.687,77.362,40.218,0,1292.267,49.426,113.468,0.036,1128.509,0,0,0,0,0,0,1174.687,77.362,40.218,0,1292.267,49.426,113.468,0.036,1128.509,4.044,0,0,4.044,0,0,0,0,221.767,221.767,57.044,57.044,278.811,4.044,0,0,282.855,1453.498,81.406,40.218,0,1575.122
9/1/2026,2022,20231177,46737,19570,TRANSCONTINENTAL GAS PIPE LINE COMPANY,Natural Gas,INTERSTATE,MARYLAND,84.09,59.831,99.915,2.959,246.795,102.899,77.72,0.019,66.423,0,0,,,,,84.09,59.831,99.915,2.959,246.795,102.899,77.72,0.019,66.423,0,0,0,0,0,0,0,0,0,0,0,0,0,0,0,0,0,84.09,59.831,99.915,2.959,246.795
9/1/2026,2022,20231177,46737,19570,TRANSCONTINENTAL GAS PIPE LINE COMPANY,Natural Gas,INTERSTATE,MISSISSIPPI,535.053,79.229,0,0,614.282,5.456,96.798,,512.027,0,0,,,,,535.053,79.229,0,0,614.282,5.456,96.798,,512.027,0,0,0,0,0,0,0,0,0,0,0,0,0,0,0,0,0,535.053,79.229,0,0,614.282
9/1/2026,2022,20231177,46737,19570,TRANSCONTINENTAL GAS PIPE LINE COMPANY,Natural Gas,INTERSTATE,NEW JERSEY,192.711,69.707,300.355,1.169,563.942,304.193,140.009,16.822,102.8,0,0,,,,,192.711,69.707,300.355,1.169,563.942,304.193,140.009,16.822,102.8,0,0,0,0,0,0,0,0,0,0,0,0,0,0,0,0,0,192.711,69.707,300.355,1.169,563.942
9/1/2026,2022,20231177,46737,19570,TRANSCONTINENTAL GAS PIPE LINE COMPANY,Natural Gas,INTERSTATE,NEW YORK,8.663,0.039,8.208,0.023,16.933,8.886,0.178,0.142,7.727,13.735,13.735,0.157,,,13.578,22.398,0.039,8.208,0.023,30.668,9.043,0.178,0.142,21.305,0,0,0,0,0,0,0,0,0,0,0,0,0,0,0,0,0,22.398,0.039,8.208,0.023,30.668
9/1/2026,2022,20231177,46737,19570,TRANSCONTINENTAL GAS PIPE LINE COMPANY,Natural Gas,INTERSTATE,NORTH CAROLINA,302.959,127.246,160.114,0,590.319,144.966,201.129,0.147,244.078,0,0,,,,,302.959,127.246,160.114,0,590.319,144.966,201.129,0.147,244.078,0,0,0,0,0,0,0,0,0,0,0,0,0,0,0,0,0,302.959,127.246,160.114,0,590.319
9/1/2026,2022,20231177,46737,19570,TRANSCONTINENTAL GAS PIPE LINE COMPANY,Natural Gas,INTERSTATE,OCS-Gulf of Mexico,0,0,0,0,0,,,,,0,0,,,,,0,0,0,0,0,,,,,0,0,0,0,0,0,0,0,0,0,1056.522,1056.522,1056.522,0,0,0,1056.522,1056.522,0,0,0,1056.522
9/1/2026,2022,20231177,46737,19570,TRANSCONTINENTAL GAS PIPE LINE COMPANY,Natural Gas,INTERSTATE,PENNSYLVANIA,744.831,171.23,322.212,0,1238.273,283.297,320.073,21.583,613.298,0,0,,,,,744.831,171.23,322.212,0,1238.273,283.297,320.073,21.583,613.298,0,0,0,0,0,0,0,0,0,0,0,0,0,0,0,0,0,744.831,171.23,322.212,0,1238.273
9/1/2026,2022,20231177,46737,19570,TRANSCONTINENTAL GAS PIPE LINE COMPANY,Natural Gas,INTERSTATE,SOUTH CAROLINA,241.304,96.426,75.04,0,412.77,55.075,135.821,0.048,221.821,0,0,,,,,241.304,96.426,75.04,0,412.77,55.075,135.821,0.048,221.821,0,0,0,0,0,0,0,0,0,0,0,0,0,0,0,0,0,241.304,96.426,75.04,0,412.77
9/1/2026,2022,20231177,46737,19570,TRANSCONTINENTAL GAS PIPE LINE COMPANY,Natural Gas,INTERSTATE,TEXAS,545.761,20.697,92.706,0,659.164,79.272,39.804,0.371,539.858,0,0,,,,,545.761,20.697,92.706,0,659.164,79.272,39.804,0.371,539.858,0,0,0,0,0,0,0,0,102.052,102.052,44.955,44.955,147.007,0,0,0,147.007,692.768,20.697,92.706,0,806.171
9/1/2026,2022,20231177,46737,19570,TRANSCONTINENTAL GAS PIPE LINE COMPANY,Natural Gas,INTERSTATE,VIRGINIA,767.08,110.11,91.05,0,968.24,102.722,131.173,0.067,733.277,0,0,,,,,767.08,110.11,91.05,0,968.24,102.722,131.173,0.067,733.277,0,0,0,0,0,0,0,0,0,0,0,0,0,0,0,0,0,767.08,110.11,91.05,0,968.24
9/1/2026,2022,20231258,42720,19574,TRAILBLAZER PIPELINE CO,Natural Gas,INTERSTATE,COLORADO,131.368,0,0,0,131.368,0,0.68,0,130.688,0,0,,,,,131.368,0,0,0,131.368,0,0.68,0,130.688,0,0,0,0,0,0,0,0,0,0,0,0,0,0,0,0,0,131.368,0,0,0,131.368
9/1/2026,2022,20231258,42720,19574,TRAILBLAZER PIPELINE CO,Natural Gas,INTERSTATE,NEBRASKA,327.296,0,0.093,0,327.389,1.816,1.22,0,324.353,0,0,,,,,327.296,0,0.093,0,327.389,1.816,1.22,0,324.353,0,0,0,0,0,0,0,0,0,0,0,0,0,0,0,0,0,327.296,0,0.093,0,327.389
9/1/2026,2022,20231258,42720,19574,TRAILBLAZER PIPELINE CO,Natural Gas,INTERSTATE,WYOMING,5.736,0,0,0,5.736,0,0,0,5.736,0,0,,,,,5.736,0,0,0,5.736,0,0,0,5.736,0,0,0,0,0,0,0,0,0,0,0,0,0,0,0,0,0,5.736,0,0,0,5.736
9/1/2026,2022,20231123,42573,19580,TRANSCOLORADO GAS TRANSMISSION COMPANY LLC,Natural Gas,INTERSTATE,COLORADO,271.82,1.449,0.091,0,273.36,1.423,1.288,,270.649,0,0,,,,,271.82,1.449,0.091,0,273.36,1.423,1.288,,270.649,0,0,0,0,0,0,0,0,0,0,0,0,0,0,0,0,0,271.82,1.449,0.091,0,273.36
9/1/2026,2022,20231123,42573,19580,TRANSCOLORADO GAS TRANSMISSION COMPANY LLC,Natural Gas,INTERSTATE,NEW MEXICO,37.466,0.964,0.17,0,38.6,0.741,1.097,,36.762,0,0,,,,,37.466,0.964,0.17,0,38.6,0.741,1.097,,36.762,0,0,0,0,0,0,0,0,0,0,0,0,0,0,0,0,0,37.466,0.964,0.17,0,38.6
9/1/2026,2022,20230607,42020,19610,TRANSWESTERN PIPELINE COMPANY LLC,Natural Gas,INTERSTATE,ARIZONA,910.15,26.51,21.68,0,958.34,20.25,89.66,0.11,848.32,0,0,0,,,,910.15,26.51,21.68,0,958.34,20.25,89.66,0.11,848.32,0,0,0,0,0,0,0,0,0,0,0,0,0,0,0,0,0,910.15,26.51,21.68,0,958.34
9/1/2026,2022,20230607,42020,19610,TRANSWESTERN PIPELINE COMPANY LLC,Natural Gas,INTERSTATE,CALIFORNIA,0.69,0.11,0,0,0.8,0,0.39,0,0.41,0,0,0,,,,0.69,0.11,0,0,0.8,0,0.39,0,0.41,0,0,0,0,0,0,0,0,0,0,0,0,0,0,0,0,0,0.69,0.11,0,0,0.8
9/1/2026,2022,20230607,42020,19610,TRANSWESTERN PIPELINE COMPANY LLC,Natural Gas,INTERSTATE,COLORADO,10.89,0,0,0,10.89,0.47,0,0,10.42,0,0,0,,,,10.89,0,0,0,10.89,0.47,0,0,10.42,0,0,0,0,0,0,0,0,0,0,0,0,0,0,0,0,0,10.89,0,0,0,10.89
9/1/2026,2022,20230607,42020,19610,TRANSWESTERN PIPELINE COMPANY LLC,Natural Gas,INTERSTATE,NEW MEXICO,1157.62,20.02,7.61,0,1185.25,5.93,48.74,0,1130.58,0,0,0,,,,1157.62,20.02,7.61,0,1185.25,5.93,48.74,0,1130.58,0,0,0,0,0,0,0,0,0,0,0,0,0,0,0,0,0,1157.62,20.02,7.61,0,1185.25
9/1/2026,2022,20230607,42020,19610,TRANSWESTERN PIPELINE COMPANY LLC,Natural Gas,INTERSTATE,TEXAS,385.69,7.01,6.35,0,399.05,1.56,13.17,0,384.32,0,0,0,,,,385.69,7.01,6.35,0,399.05,1.56,13.17,0,384.32,0,0,0,0,0,0,0,0,0,0,0,0,0,0,0,0,0,385.69,7.01,6.35,0,399.05
9/1/2026,2022,20230608,42021,19730,TRUNKLINE GAS CO,Natural Gas,INTERSTATE,ARKANSAS,21.38,0,0,0,21.38,0,0,0,21.38,0,0,,,,,21.38,0,0,0,21.38,0,0,0,21.38,0,0,0,0,0,0,0,0,0,0,0,0,0,0,0,0,0,21.38,0,0,0,21.38
9/1/2026,2022,20230608,42021,19730,TRUNKLINE GAS CO,Natural Gas,INTERSTATE,ILLINOIS,439.37,14.02,0.16,0,453.55,6.19,19.73,0,427.63,0,0,,,,,439.37,14.02,0.16,0,453.55,6.19,19.73,0,427.63,0,0,0,0,0,0,0,0,0,0,0,0,0,0,0,0,0,439.37,14.02,0.16,0,453.55
9/1/2026,2022,20230608,42021,19730,TRUNKLINE GAS CO,Natural Gas,INTERSTATE,INDIANA,202.49,26.48,13.93,0,242.9,11.79,18.56,0.16,212.39,0,0,,,,,202.49,26.48,13.93,0,242.9,11.79,18.56,0.16,212.39,0,0,0,0,0,0,0,0,0,0,0,0,0,0,0,0,0,202.49,26.48,13.93,0,242.9
9/1/2026,2022,20230608,42021,19730,TRUNKLINE GAS CO,Natural Gas,INTERSTATE,KENTUCKY,53.28,0,0,0,53.28,0,0.46,0,52.82,0,0,,,,,53.28,0,0,0,53.28,0,0.46,0,52.82,0,0,0,0,0,0,0,0,0,0,0,0,0,0,0,0,0,53.28,0,0,0,53.28
9/1/2026,2022,20230608,42021,19730,TRUNKLINE GAS CO,Natural Gas,INTERSTATE,LOUISIANA,627.98,55.67,5.2,0,688.85,4.13,60.08,0,624.64,0,0,,,,,627.98,55.67,5.2,0,688.85,4.13,60.08,0,624.64,0,0,0,0,0,0,0,0,0,0,0,0,0,0,0,0,0,627.98,55.67,5.2,0,688.85
9/1/2026,2022,20230608,42021,19730,TRUNKLINE GAS CO,Natural Gas,INTERSTATE,MISSISSIPPI,143,10.1,0.03,0,153.13,2.08,15.41,0.03,135.61,0,0,,,,,143,10.1,0.03,0,153.13,2.08,15.41,0.03,135.61,0,0,0,0,0,0,0,0,0,0,0,0,0,0,0,0,0,143,10.1,0.03,0,153.13
9/1/2026,2022,20230608,42021,19730,TRUNKLINE GAS CO,Natural Gas,INTERSTATE,TENNESSEE,96.45,18.43,0.64,0,115.52,1.77,18.36,0.07,95.32,0,0,,,,,96.45,18.43,0.64,0,115.52,1.77,18.36,0.07,95.32,0,0,0,0,0,0,0,0,0,0,0,0,0,0,0,0,0,96.45,18.43,0.64,0,115.52
9/1/2026,2022,20230608,42021,19730,TRUNKLINE GAS CO,Natural Gas,INTERSTATE,TEXAS,383.32,27.31,51.25,0,461.88,38.97,30.12,0.43,392.36,0,0,,,,,383.32,27.31,51.25,0,461.88,38.97,30.12,0.43,392.36,0,0,0,0,0,0,0,0,0,0,0,0,0,0,0,0,0,383.32,27.31,51.25,0,461.88
9/1/2026,2022,20230576,41985,19890,UCAR LOUISIANA PIPELINE CO,Natural Gas,INTRASTATE,LOUISIANA,1.43,0,0,0,1.43,0,,,1.43,0,0,,,,,1.43,0,0,0,1.43,0,,,1.43,0,0,0,0,0,0,0,0,0,0,0,0,0,0,0,0,0,1.43,0,0,0,1.43
9/1/2026,2022,20230682,42103,19892,UCAR PIPELINE INCORPORATED,Other Gas-Ethylene,INTERSTATE,LOUISIANA,205.78,5.42,10.41,0,221.61,10.74,0.64,0,210.24,0,0,,,,,205.78,5.42,10.41,0,221.61,10.74,0.64,0,210.24,0,0,0,0,0,0,0,0,0,0,0,0,0,0,0,0,0,205.78,5.42,10.41,0,221.61
9/1/2026,2022,20230682,42103,19892,UCAR PIPELINE INCORPORATED,Other Gas-Ethylene,INTERSTATE,TEXAS,52.33,14.03,31.64,0,98,32,1.36,0,64.64,0,0,,,,,52.33,14.03,31.64,0,98,32,1.36,0,64.64,0,0,0,0,0,0,0,0,0,0,0,0,0,0,0,0,0,52.33,14.03,31.64,0,98
9/1/2026,2022,20230682,42103,19892,UCAR PIPELINE INCORPORATED,Other Gas-Ethylene,INTRASTATE,LOUISIANA,0.28,0,0,0,0.28,0,,,0.28,0,0,,,,,0.28,0,0,0,0.28,0,,,0.28,0,0,0,0,0,0,0,0,0,0,0,0,0,0,0,0,0,0.28,0,0,0,0.28
9/1/2026,2022,20230682,42103,19892,UCAR PIPELINE INCORPORATED,Other Gas-Ethylene,INTRASTATE,TEXAS,4.05,0,21.5,0,25.55,21.63,0,0,3.87,0,0,,,,,4.05,0,21.5,0,25.55,21.63,0,0,3.87,0,0,0,0,0,0,0,0,0,0,0,0,0,0,0,0,0,4.05,0,21.5,0,25.55
9/1/2026,2022,20231249,42711,20010,"UGI UTILITIES, INC",Natural Gas,INTRASTATE,PENNSYLVANIA,107.6,60.6,95.2,0,263.4,38.2,38.5,28.2,158.4,0,0,,,,,107.6,60.6,95.2,0,263.4,38.2,38.5,28.2,158.4,0,0,0,0,0,0,0,0,0,0,0,0,0,0,0,0,0,107.6,60.6,95.2,0,263.4
9/1/2026,2022,20230389,41786,20044,LINDE,Hydrogen Gas,INTERSTATE,LOUISIANA,31.84,7.43,0.72,0,39.99,0.15,1.37,0.35,38.12,0,0,,,,,31.84,7.43,0.72,0,39.99,0.15,1.37,0.35,38.12,,,,0,,,,0,0,0,,0,0,0,0,0,0,31.84,7.43,0.72,0,39.99
9/1/2026,2022,20230389,41786,20044,LINDE,Hydrogen Gas,INTERSTATE,TEXAS,199.81,37.1,45.76,0,282.67,8.3,18.34,27.05,228.98,15.3,15.3,,,,15.3,215.11,37.1,45.76,0,297.97,8.3,18.34,27.05,244.28,,,,0,,,,0,0,0,,0,0,0,0,0,0,215.11,37.1,45.76,0,297.97
9/1/2026,2022,20230389,41786,20044,LINDE,Hydrogen Gas,INTRASTATE,ALABAMA,3.33,1.72,5.92,0,10.97,10.97,,,,0,0,,,,,3.33,1.72,5.92,0,10.97,10.97,,,,,,,0,,,,0,0,0,,0,0,0,0,0,0,3.33,1.72,5.92,0,10.97
9/1/2026,2022,20230389,41786,20044,LINDE,Hydrogen Gas,INTRASTATE,INDIANA,6.16,1.55,4.3,0,12.01,0.26,0.5,3.64,7.61,0,0,,,,,6.16,1.55,4.3,0,12.01,0.26,0.5,3.64,7.61,,,,0,,,,0,0,0,,0,0,0,0,0,0,6.16,1.55,4.3,0,12.01
9/1/2026,2022,20230389,41786,20044,LINDE,Hydrogen Gas,INTRASTATE,LOUISIANA,66.8,6.94,13.52,0,87.26,1.32,2.38,11.26,72.3,0,0,,,,,66.8,6.94,13.52,0,87.26,1.32,2.38,11.26,72.3,,,,0,,,,0,0,0,,0,0,0,0,0,0,66.8,6.94,13.52,0,87.26
9/1/2026,2022,20230389,41786,20044,LINDE,Hydrogen Gas,INTRASTATE,NEW YORK,0,0,0.95,0,0.95,0,0.41,0.54,0,0,0,,,,,0,0,0.95,0,0.95,0,0.41,0.54,0,,,,0,,,,0,0,0,,0,0,0,0,0,0,0,0,0.95,0,0.95
9/1/2026,2022,20230389,41786,20044,LINDE,Hydrogen Gas,INTRASTATE,OHIO,1.31,0,5.9,0,7.21,7.21,,,,0,0,,,,,1.31,0,5.9,0,7.21,7.21,,,,,,,0,,,,0,0,0,,0,0,0,0,0,0,1.31,0,5.9,0,7.21
9/1/2026,2022,20230389,41786,20044,LINDE,Hydrogen Gas,INTRASTATE,UTAH,0.11,0.27,1.72,0,2.1,2.1,,,,0,0,,,,,0.11,0.27,1.72,0,2.1,2.1,,,,,,,0,,,,0,0,0,,0,0,0,0,0,0,0.11,0.27,1.72,0,2.1
9/1/2026,2022,20230133,41520,20044,LINDE,Natural Gas,INTRASTATE,TEXAS,0.058,0,0,0,0.058,0,,,,0,0,,,,,0.058,0,0,0,0.058,0,,,,0,0,0,0,0,0,0,0,0,0,0,0,0,0,0,0,0,0.058,0,0,0,0.058
9/1/2026,2022,20230589,42000,20046,UNION CARBIDE CHEMICALS & PLASTICS CO INC,Natural Gas,INTRASTATE,WEST VIRGINIA,1.36,0.92,4.22,0,6.5,6.5,0,0,0,0,0,,,,,1.36,0.92,4.22,0,6.5,6.5,0,0,0,0,0,0,0,0,0,0,0,0,0,0,0,0,0,0,0,0,1.36,0.92,4.22,0,6.5
9/1/2026,2022,20230943,43116,20050,AMERENUE,Natural Gas,INTRASTATE,ILLINOIS,5.96,1.26,0,0,7.22,0,0,0,7.22,0,0,,,,,5.96,1.26,0,0,7.22,0,0,0,7.22,0,0,0,0,0,0,0,0,0,0,0,0,0,0,0,0,0,5.96,1.26,0,0,7.22
9/1/2026,2022,20230943,43116,20050,AMERENUE,Natural Gas,INTRASTATE,MISSOURI,33.593,6.301,4.09,0,43.984,1.136,0.475,2.479,39.893,0,0,,,,,33.593,6.301,4.09,0,43.984,1.136,0.475,2.479,39.893,0,0,0,0,0,0,0,0,0,0,0,0,0,0,0,0,0,33.593,6.301,4.09,0,43.984
9/1/2026,2022,20230949,42383,20110,DUKE ENERGY KENTUCKY,Natural Gas,INTRASTATE,KENTUCKY,0.549,4.115,18.709,0,23.373,17.724,1.343,1.271,3.035,0,0,,,,,0.549,4.115,18.709,0,23.373,17.724,1.343,1.271,3.035,0,0,0,0,0,0,0,0,0,0,0,0,0,0,0,0,0,0.549,4.115,18.709,0,23.373
9/1/2026,2022,20230954,42389,20211,ATMOS ENERGY CORPORATION - KY/MID-STATES (MID-STATES),Natural Gas,INTRASTATE,TENNESSEE,8.4,20,16,0,44.4,5.9,3.6,6.5,28.4,0,0,,,,,8.4,20,16,0,44.4,5.9,3.6,6.5,28.4,0,0,0,0,0,0,0,0,0,0,0,0,0,0,0,0,0,8.4,20,16,0,44.4
9/1/2026,2022,20230954,42389,20211,ATMOS ENERGY CORPORATION - KY/MID-STATES (MID-STATES),Natural Gas,INTRASTATE,VIRGINIA,0,1.2,0,0,1.2,0,0,0,1.2,0,0,,,,,0,1.2,0,0,1.2,0,0,0,1.2,0,0,0,0,0,0,0,0,0,0,0,0,0,0,0,0,0,0,1.2,0,0,1.2
9/1/2026,2022,20230807,42235,20236,UNITED STATES GYPSUM CO,Natural Gas,INTRASTATE,IOWA,3.485,0,0,0,3.485,0,0,0,3.485,,0,,,,,3.485,0,0,0,3.485,0,0,0,3.485,0,0,0,0,0,0,0,0,0,0,,0,0,0,0,0,0,3.485,0,0,0,3.485
9/1/2026,2022,20230807,42235,20236,UNITED STATES GYPSUM CO,Natural Gas,INTRASTATE,NEW YORK,3.02,0,0.06,0,3.08,0.03,,0.03,3.02,,0,,,,,3.02,0,0.06,0,3.08,0.03,,0.03,3.02,0,0,0,0,0,0,0,0,0,0,,0,0,0,0,0,0,3.02,0,0.06,0,3.08
9/1/2026,2022,20230807,42235,20236,UNITED STATES GYPSUM CO,Natural Gas,INTRASTATE,OREGON,10.88,1.92,0,0,12.8,0,,,12.8,,0,,,,,10.88,1.92,0,0,12.8,0,,,12.8,0,0,0,0,0,0,0,0,0,0,,0,0,0,0,0,0,10.88,1.92,0,0,12.8
9/1/2026,2022,20230807,42235,20236,UNITED STATES GYPSUM CO,Natural Gas,INTRASTATE,PENNSYLVANIA,13.66,4.22,1.77,0,19.65,0.51,0,1.26,17.88,,0,,,,,13.66,4.22,1.77,0,19.65,0.51,0,1.26,17.88,0,0,0,0,0,0,0,0,0,0,,0,0,0,0,0,0,13.66,4.22,1.77,0,19.65
9/1/2026,2022,20230123,42907,20263,UNIVERSITY OF ILLINOIS - LATERAL,Natural Gas,INTRASTATE,ILLINOIS,8.91,1.15,11.68,0,21.74,11.68,0.05,,10.01,0,0,,,,,8.91,1.15,11.68,0,21.74,11.68,0.05,,10.01,0,0,0,0,0,0,0,0,0,0,0,0,0,0,0,0,0,8.91,1.15,11.68,0,21.74
9/1/2026,2022,20230236,41627,21030,"VALLEY ENERGY, INC.",Natural Gas,INTRASTATE,PENNSYLVANIA,13.72,0,1.07,0,14.79,0.3,0,0.77,13.72,0,0,,,,,13.72,0,1.07,0,14.79,0.3,0,0.77,13.72,0,0,0,0,0,0,0,0,0,0,0,0,0,0,0,0,0,13.72,0,1.07,0,14.79
9/1/2026,2022,20231066,42510,21190,VERMONT GAS SYSTEMS INC,Natural Gas,INTRASTATE,VERMONT,55.48,16.48,46.23,0,118.19,6.57,43.39,1.61,66.61,0,0,,,,,55.48,16.48,46.23,0,118.19,6.57,43.39,1.61,66.61,0,0,0,0,0,0,0,0,0,0,0,0,0,0,0,0,0,55.48,16.48,46.23,0,118.19
9/1/2026,2022,20230899,44855,21252,VIKING GAS TRANSMISSION CO,Natural Gas,INTERSTATE,MINNESOTA,499.34,8.61,7.8,0,515.75,5.28,11.61,1.41,497.45,0,0,,,,,499.34,8.61,7.8,0,515.75,5.28,11.61,1.41,497.45,0,0,0,0,0,0,0,0,0,0,0,0,0,0,0,0,0,499.34,8.61,7.8,0,515.75
9/1/2026,2022,20230899,44855,21252,VIKING GAS TRANSMISSION CO,Natural Gas,INTERSTATE,NORTH DAKOTA,0.47,0.1,0.06,0,0.63,0,0.02,0.04,0.57,0,0,,,,,0.47,0.1,0.06,0,0.63,0,0.02,0.04,0.57,0,0,0,0,0,0,0,0,0,0,0,0,0,0,0,0,0,0.47,0.1,0.06,0,0.63
9/1/2026,2022,20230899,44855,21252,VIKING GAS TRANSMISSION CO,Natural Gas,INTERSTATE,WISCONSIN,146.44,6.39,5.04,0,157.87,2.31,4.33,2.15,149.07,0,0,,,,,146.44,6.39,5.04,0,157.87,2.31,4.33,2.15,149.07,0,0,0,0,0,0,0,0,0,0,0,0,0,0,0,0,0,146.44,6.39,5.04,0,157.87
9/1/2026,2022,20231238,42699,21349,VIRGINIA NATURAL GAS,Natural Gas,INTRASTATE,VIRGINIA,110.48,30.88,58.24,0,199.6,63.77,28.55,0,107.28,0,0,,,,,110.48,30.88,58.24,0,199.6,63.77,28.55,0,107.28,0,0,0,0,0,0,0,0,0,0,0,0,0,0,0,0,0,110.48,30.88,58.24,0,199.6
9/1/2026,2022,20231280,42742,21359,SASOL CHEMICALS USA LLC,Hydrogen Gas,INTRASTATE,LOUISIANA,0,0,0.836,0,0.836,0,0,0.836,,0,0,,,,,0,0,0.836,0,0.836,0,0,0.836,,0,0,0,0,0,0,0,0,0,0,0,0,0,0,0,0,0,0,0,0.836,0,0.836
9/1/2026,2022,20231281,42743,21359,SASOL CHEMICALS USA LLC,Other Gas-Ethylene,INTRASTATE,LOUISIANA,0.2,1.38,0.11,0,1.69,,0.11,,1.58,0,0,,,,,0.2,1.38,0.11,0,1.69,,0.11,,1.58,0,0,0,0,0,0,0,0,0,0,0,0,0,0,0,0,0,0.2,1.38,0.11,0,1.69
9/1/2026,2022,20230329,41724,22035,WAKEFIELD MUNICIPAL LIGHT DEPT,Natural Gas,INTRASTATE,MASSACHUSETTS,0,0.12,0.14,0,0.26,0.14,0,0,0.12,0,0,,,,,0,0.12,0.14,0,0.26,0.14,0,0,0.12,0,0,0,0,0,0,0,0,0,0,0,0,0,0,0,0,0,0,0.12,0.14,0,0.26
9/1/2026,2022,20231092,42536,22154,WARNER ROBINS GAS SYSTEM,Natural Gas,INTRASTATE,GEORGIA,23.4,0,2.51,0,25.91,2.51,,23.4,,0,0,,,,,23.4,0,2.51,0,25.91,2.51,,23.4,,0,0,0,0,0,0,0,0,0,0,0,0,0,0,0,0,0,23.4,0,2.51,0,25.91
9/1/2026,2022,20230776,46900,22182,WASHINGTON GAS LIGHT CO,Natural Gas,INTRASTATE,MARYLAND,8.22,2.05,74.07,3.8,88.14,43.68,7.93,27.67,8.85,0,0,,,,,8.22,2.05,74.07,3.8,88.14,43.68,7.93,27.67,8.85,0,0,0,0,0,0,0,0,0,0,0,0,0,0,0,0,0,8.22,2.05,74.07,3.8,88.14
9/1/2026,2022,20230776,46900,22182,WASHINGTON GAS LIGHT CO,Natural Gas,INTRASTATE,VIRGINIA,19.9,6.58,47.46,6.63,80.57,38.96,1.96,13.42,26.23,0,0,,,,,19.9,6.58,47.46,6.63,80.57,38.96,1.96,13.42,26.23,0,0,0,0,0,0,0,0,0,0,0,0,0,0,0,0,0,19.9,6.58,47.46,6.63,80.57
9/1/2026,2022,20230776,46900,22182,WASHINGTON GAS LIGHT CO,Natural Gas,INTRASTATE,WASHINGTON DC,0,0,3.08,1.83,4.91,4.91,0,0,0,0,0,,,,,0,0,3.08,1.83,4.91,4.91,0,0,0,0,0,0,0,0,0,0,0,0,0,0,0,0,0,0,0,0,0,0,3.08,1.83,4.91
9/1/2026,2022,20230901,42334,22189,PUGET SOUND ENERGY,Landfill Gas,INTRASTATE,WASHINGTON,0,0,0,0.263,0.263,,,0.263,,0,0,,,,,0,0,0,0.263,0.263,,,0.263,,0,0,0,0,0,0,0,0,0,0,0,0,0,0,0,0,0,0,0,0,0.263,0.263
9/1/2026,2022,20230900,42333,22189,PUGET SOUND ENERGY,Natural Gas,INTERSTATE,WASHINGTON,8.62,0,0,3.645,12.265,0.199,0,3.446,8.62,0,0,,,,,8.62,0,0,3.645,12.265,0.199,0,3.446,8.62,0,0,0,0,0,0,0,0,0,0,0,0,0,0,0,0,0,8.62,0,0,3.645,12.265
9/1/2026,2022,20230900,42333,22189,PUGET SOUND ENERGY,Natural Gas,INTRASTATE,WASHINGTON,0,0,0,7.887,7.887,4.515,0,3.372,0,0,0,,,,,0,0,0,7.887,7.887,4.515,0,3.372,0,0,0,0,0,0,0,0,0,0,0,0,0,0,0,0,0,0,0,0,0,7.887,7.887
9/1/2026,2022,20230567,41975,22235,WAUKEE MUNICIPAL GAS,Natural Gas,INTRASTATE,IOWA,7.73,3.3,3.36,0,14.39,3.36,,0,11.03,0,0,,,,,7.73,3.3,3.36,0,14.39,3.36,,0,11.03,0,0,0,0,0,0,0,0,0,0,0,0,0,0,0,0,0,7.73,3.3,3.36,0,14.39
9/1/2026,2022,20230609,43029,22280,WAYLAND MUNICIPAL GAS CO,Natural Gas,INTRASTATE,IOWA,10,0,0,0,10,0,0,0,10,0,0,,,,,10,0,0,0,10,0,0,0,10,0,0,0,0,0,0,0,0,0,0,0,0,0,0,0,0,0,10,0,0,0,10
9/1/2026,2022,20241480,44989,22343,"WEIR NATURAL GAS SYSTEM, TOWN OF",Natural Gas,INTRASTATE,MISSISSIPPI,5,0,0,0,5,0,,,5,0,0,,,,,5,0,0,0,5,0,,,5,0,0,0,0,0,0,0,0,,,0,0,0,0,0,0,0,5,0,0,0,5
9/1/2026,2022,20230239,43083,22357,WELLMAN MUNICIPAL GAS SYSTEM,Natural Gas,INTRASTATE,IOWA,7.84,0,0,0,7.84,,,,7.84,0,0,,,,,7.84,0,0,0,7.84,,,,7.84,0,0,0,0,0,0,0,0,0,0,0,0,0,0,0,0,0,7.84,0,0,0,7.84
9/1/2026,2022,20230210,41600,22368,WEST BAY EXPLORATION CO,Natural Gas,INTRASTATE,MICHIGAN,0,3.7,0.9,0.4,5,0,0,1.3,3.7,0,0,,,,,0,3.7,0.9,0.4,5,0,0,1.3,3.7,0,0,0,0,0,0,0,0,0,0,0,0,0,0,0,0,0,0,3.7,0.9,0.4,5
9/1/2026,2022,20230894,42327,22410,"WESTGAS INTERSTATE, INC",Natural Gas,INTERSTATE,COLORADO,4.2,0,0,0,4.2,0,0,0,4.2,0,0,,,,,4.2,0,0,0,4.2,0,0,0,4.2,0,0,0,0,0,0,0,0,0,0,0,0,0,0,0,0,0,4.2,0,0,0,4.2
9/1/2026,2022,20230894,42327,22410,"WESTGAS INTERSTATE, INC",Natural Gas,INTERSTATE,WYOMING,6.7,0,0.5,0,7.2,0,0.5,,6.7,0,0,,,,,6.7,0,0.5,0,7.2,0,0.5,,6.7,0,0,0,0,0,0,0,0,0,0,0,0,0,0,0,0,0,6.7,0,0.5,0,7.2
9/1/2026,2022,20230770,42200,22435,"WEST TEXAS GAS UTILITY, LLC.",Natural Gas,INTERSTATE,NEW MEXICO,16.093,0,0,0,16.093,0,0,0,16.093,0,0,,,,,16.093,0,0,0,16.093,0,0,0,16.093,0,0,0,0,0,0,0,0,0,0,0,0,0,0,0,0,0,16.093,0,0,0,16.093
9/1/2026,2022,20230770,42200,22435,"WEST TEXAS GAS UTILITY, LLC.",Natural Gas,INTERSTATE,TEXAS,80.078,0.501,0,0,80.579,0,0.312,0,80.267,0,0,,,,,80.078,0.501,0,0,80.579,0,0.312,0,80.267,0,0,0,0,0,0,0,0,0,0,0,0,0,0,0,0,0,80.078,0.501,0,0,80.579
9/1/2026,2022,20230770,42200,22435,"WEST TEXAS GAS UTILITY, LLC.",Natural Gas,INTRASTATE,OKLAHOMA,3.032,0,0,0,3.032,,,,3.032,0,0,,,,,3.032,0,0,0,3.032,,,,3.032,0,0,0,0,0,0,0,0,0,0,0,0,0,0,0,0,0,3.032,0,0,0,3.032
9/1/2026,2022,20230770,42200,22435,"WEST TEXAS GAS UTILITY, LLC.",Natural Gas,INTRASTATE,TEXAS,700.505,16.576,36.515,0,753.596,8.124,0.575,28.865,716.032,0,0,,,,,700.505,16.576,36.515,0,753.596,8.124,0.575,28.865,716.032,0,0,0,0,0,0,0,0,0,0,0,0,0,0,0,0,0,700.505,16.576,36.515,0,753.596
9/1/2026,2022,20230745,42170,22462,"WESTERN GAS INTERSTATE COMPANY, LLC",Natural Gas,INTERSTATE,OKLAHOMA,154.239,11.784,3.266,0,169.289,0,,3.266,166.023,0,0,,,,,154.239,11.784,3.266,0,169.289,0,,3.266,166.023,0,0,0,0,0,0,0,0,0,0,0,0,0,0,0,0,0,154.239,11.784,3.266,0,169.289
9/1/2026,2022,20230745,42170,22462,"WESTERN GAS INTERSTATE COMPANY, LLC",Natural Gas,INTERSTATE,TEXAS,66.903,0.16,0,0,67.063,0,,,67.063,0,0,,,,,66.903,0.16,0,0,67.063,0,,,67.063,0,0,0,0,0,0,0,0,0,0,0,0,0,0,0,0,0,66.903,0.16,0,0,67.063
9/1/2026,2022,20230543,43052,22465,TARGA PIPELINE MID-CONTINENT WESTTEX LLC,Natural Gas,INTRASTATE,TEXAS,19.77,0,0,0,19.77,0,0,0,19.77,0,0,,,,,19.77,0,0,0,19.77,0,0,0,19.77,0,0,0,0,9.79,23.06,0,32.85,500.95,500.95,0,0,500.95,9.79,23.06,0,533.8,520.72,9.79,23.06,0,553.57
9/1/2026,2022,20230957,42392,22476,ATMOS ENERGY CORPORATION - KY/MID-STATES (KENTUCKY),Natural Gas,INTRASTATE,KENTUCKY,104.5,40.5,27.9,0,172.9,0,8.2,19.7,145,0,0,,,,,104.5,40.5,27.9,0,172.9,0,8.2,19.7,145,0,0,0,0,0,0,0,0,0,0,0,0,0,0,0,0,0,104.5,40.5,27.9,0,172.9
9/1/2026,2022,20231365,42833,22504,WESTFIELD GAS CORP,Natural Gas,INTRASTATE,INDIANA,0,0.15,0,0,0.15,0.15,0,0,0,0,0,,,,,0,0.15,0,0,0.15,0.15,0,0,0,0,0,0,0,0,0,0,0,0,0,0,0,0,0,0,0,0,0,0.15,0,0,0.15
9/1/2026,2022,20230081,42903,22515,"NIPPON DYNAWAVE PACKAGING CO., LLC",Natural Gas,INTRASTATE,WASHINGTON,0.443,0,8.279,0,8.722,2.8,3.04,2.44,0.44,0,0,,,,,0.443,0,8.279,0,8.722,2.8,3.04,2.44,0.44,0,0,0,0,0,0,0,0,0,0,0,0,0,0,0,0,0,0.443,0,8.279,0,8.722
9/1/2026,2022,20231170,42623,22605,WILCOX COUNTY GAS DISTRICT,Natural Gas,INTRASTATE,ALABAMA,44,0,0,0,44,0,0,0,44,0,0,,,,,44,0,0,0,44,0,0,0,44,0,0,0,0,0,0,0,0,0,0,0,0,0,0,0,0,0,44,0,0,0,44
9/1/2026,2022,20230595,42007,22655,"WBI ENERGY TRANSMISSION, INC.",Natural Gas,INTERSTATE,MINNESOTA,18.52,0,0,0,18.52,,,,18.52,0,0,,,,,18.52,0,0,0,18.52,,,,18.52,0,0,0,0,0,0,0,0,0,0,0,0,0,0,0,0,0,18.52,0,0,0,18.52
9/1/2026,2022,20230595,42007,22655,"WBI ENERGY TRANSMISSION, INC.",Natural Gas,INTERSTATE,MONTANA,1287.42,28.78,53.41,0,1369.61,7.19,15.63,31.22,1315.56,0,0,,,,,1287.42,28.78,53.41,0,1369.61,7.19,15.63,31.22,1315.56,0,0,0,0,0,0,0,0,0,0,0,0,0,0,0,0,0,1287.42,28.78,53.41,0,1369.61
9/1/2026,2022,20230595,42007,22655,"WBI ENERGY TRANSMISSION, INC.",Natural Gas,INTERSTATE,NORTH DAKOTA,1492.42,27.82,34.28,0,1554.52,8.72,19.28,12.64,1513.87,0,0,,,,,1492.42,27.82,34.28,0,1554.52,8.72,19.28,12.64,1513.87,0,0,0,0,0,0,0,0,0,0,0,0,0,0,0,0,0,1492.42,27.82,34.28,0,1554.52
9/1/2026,2022,20230595,42007,22655,"WBI ENERGY TRANSMISSION, INC.",Natural Gas,INTERSTATE,SOUTH DAKOTA,257.66,13.63,29.23,0,300.52,4.25,6.05,18.93,271.29,0,0,,,,,257.66,13.63,29.23,0,300.52,4.25,6.05,18.93,271.29,0,0,0,0,0,0,0,0,0,0,0,0,0,0,0,0,0,257.66,13.63,29.23,0,300.52
9/1/2026,2022,20230595,42007,22655,"WBI ENERGY TRANSMISSION, INC.",Natural Gas,INTERSTATE,WYOMING,479.18,11.7,11.89,0,502.77,1.76,0.07,10.14,490.79,0,0,,,,,479.18,11.7,11.89,0,502.77,1.76,0.07,10.14,490.79,0,0,0,0,0,0,0,0,0,0,0,0,0,0,0,0,0,479.18,11.7,11.89,0,502.77
9/1/2026,2022,20231224,42685,22763,WISCONSIN GAS LLC DBA WE ENERGIES,Natural Gas,INTRASTATE,WISCONSIN,200.04,101.19,64.76,0,365.99,47.07,18.3,20.51,280.122,0,0,,,,,200.04,101.19,64.76,0,365.99,47.07,18.3,20.51,280.122,0,0,0,0,0,0,0,0,0,0,0,0,0,0,0,0,0,200.04,101.19,64.76,0,365.99
9/1/2026,2022,20231222,42683,22777,WISCONSIN ELECTRIC POWER COMPANY DBA WE ENERGIES,Natural Gas,INTRASTATE,MICHIGAN,6.97,0,0.33,0,7.3,0.6,,,6.7,0,0,,,,,6.97,0,0.33,0,7.3,0.6,,,6.7,0,0,0,0,0,0,0,0,0,0,0,0,0,0,0,0,0,6.97,0,0.33,0,7.3
9/1/2026,2022,20231222,42683,22777,WISCONSIN ELECTRIC POWER COMPANY DBA WE ENERGIES,Natural Gas,INTRASTATE,WISCONSIN,79.73,71.91,74.69,0,226.33,55.08,5.96,27.27,138.01,0,0,,,,,79.73,71.91,74.69,0,226.33,55.08,5.96,27.27,138.01,0,0,0,0,0,0,0,0,0,0,0,0,0,0,0,0,0,79.73,71.91,74.69,0,226.33
9/1/2026,2022,20230666,42086,22784,ALLIANT ENERGY - WISCONSIN POWER & LIGHT CO,Natural Gas,INTRASTATE,WISCONSIN,0,28.46,9.42,0,37.88,4.93,9.05,1.16,22.71,0,0,,,,,0,28.46,9.42,0,37.88,4.93,9.05,1.16,22.71,0,0,0,0,0,0,0,0,0,0,0,0,0,0,0,0,0,0,28.46,9.42,0,37.88
9/1/2026,2022,20231217,42678,22791,WISCONSIN PUBLIC SERVICE CORP,Natural Gas,INTRASTATE,WISCONSIN,185.44,21.72,23.31,0,230.47,6.24,11.42,11.91,200.93,0,0,,,,,185.44,21.72,23.31,0,230.47,6.24,11.42,11.91,200.93,0,0,0,0,0,0,0,0,0,0,0,0,0,0,0,0,0,185.44,21.72,23.31,0,230.47
9/1/2026,2022,20231323,42788,22818,WOLVERINE POWER SUPPLY COOP INC,Natural Gas,INTRASTATE,MICHIGAN,1.65,0,0,0,1.65,0,0,0,1.65,0,0,,,,,1.65,0,0,0,1.65,0,0,0,1.65,0,0,0,0,0,0,0,0,0,0,0,0,0,0,0,0,0,1.65,0,0,0,1.65
9/1/2026,2022,20230749,42174,22855,"FLINT HILLS RESOURCES, LC",Hydrogen Gas,INTRASTATE,TEXAS,14.43,4.89,3.31,0,22.63,0.97,2.98,0,18.68,0,0,,,,,14.43,4.89,3.31,0,22.63,0.97,2.98,0,18.68,0,0,0,0,0,0,0,0,0,0,0,0,0,0,0,0,0,14.43,4.89,3.31,0,22.63
9/1/2026,2022,20230750,42175,22855,"FLINT HILLS RESOURCES, LC",Other Gas-Acetylene,INTRASTATE,TEXAS,0.97,1.27,0.22,0,2.46,0.53,0,0,1.93,0,0,,,,,0.97,1.27,0.22,0,2.46,0.53,0,0,1.93,0,0,0,0,0,0,0,0,0,0,0,0,0,0,0,0,0,0.97,1.27,0.22,0,2.46
9/1/2026,2022,20230751,42176,22855,"FLINT HILLS RESOURCES, LC",Other Gas-Off-Gas,INTRASTATE,TEXAS,0,1.09,1.65,0,2.74,1.6,0.85,,0.29,0,0,,,,,0,1.09,1.65,0,2.74,1.6,0.85,,0.29,0,0,0,0,0,0,0,0,0,0,0,0,0,0,0,0,0,0,1.09,1.65,0,2.74
9/1/2026,2022,20231227,42688,22917,WYOMING GAS CO,Natural Gas,INTRASTATE,WYOMING,108.1,0.6,1,0,109.7,0,1,0,108.7,0,0,,,,,108.1,0.6,1,0,109.7,0,1,0,108.7,0,0,0,0,0,0,0,0,0,0,0,0,0,0,0,0,0,108.1,0.6,1,0,109.7
9/1/2026,2022,20231272,42734,25000,ZIA NATURAL GAS CO,Natural Gas,INTRASTATE,NEW MEXICO,125,0,0,0,125,0,0.2,0,124.8,0,0,,,,,125,0,0,0,125,0,0.2,0,124.8,0,0,0,0,0,0,0,0,0,0,0,0,0,0,0,0,0,125,0,0,0,125
9/1/2026,2022,20230026,41409,25110,EPCOR GAS TEXAS INC.,Natural Gas,INTRASTATE,TEXAS,0,3.284,12.872,0.384,16.54,1.068,1.796,10.392,3.284,0,0,,,,,0,3.284,12.872,0.384,16.54,1.068,1.796,10.392,3.284,0,0,0,0,0,0,0,0,0,0,0,0,0,0,0,0,0,0,3.284,12.872,0.384,16.54
9/1/2026,2022,20231111,42561,25146,"EQUISTAR CHEMICALS, L.P.",Hydrogen Gas,INTRASTATE,TEXAS,9.756,1.219,13.384,0.031,24.39,24.39,,0,0,0,0,,,,,9.756,1.219,13.384,0.031,24.39,24.39,,0,0,0,0,0,0,0,0,0,0,0,0,0,0,0,0,0,0,0,9.756,1.219,13.384,0.031,24.39
9/1/2026,2022,20231080,42524,25146,"EQUISTAR CHEMICALS, L.P.",Natural Gas,INTRASTATE,IOWA,2.548,0,0,0,2.548,,,,2.548,0,0,,,,,2.548,0,0,0,2.548,,,,2.548,0,0,0,0,0,0,0,0,0,0,0,0,0,0,0,0,0,2.548,0,0,0,2.548
9/1/2026,2022,20231080,42524,25146,"EQUISTAR CHEMICALS, L.P.",Natural Gas,INTRASTATE,TEXAS,1.14,0,0,0,1.14,1.14,0,,,0,0,,,,,1.14,0,0,0,1.14,1.14,0,,,0,0,0,0,0,0,0,0,0,0,0,0,0,0,0,0,0,1.14,0,0,0,1.14
9/1/2026,2022,20231049,42492,25146,"EQUISTAR CHEMICALS, L.P.",Other Gas-Propylene Off Gas,INTRASTATE,TEXAS,0,1.203,0,0,1.203,1.203,,,,0,0,,,,,0,1.203,0,0,1.203,1.203,,,,0,0,0,0,0,0,0,0,0,0,0,0,0,0,0,0,0,0,1.203,0,0,1.203
9/1/2026,2022,20230702,42123,25160,MOBIL VANDERBILT-BEAUMONT PIPELINE CO,Natural Gas,INTRASTATE,TEXAS,0,0,9.75,0,9.75,6.71,,3.03,,0,0,,,,,0,0,9.75,0,9.75,6.71,,3.03,,0,0,0,0,0,0,0,0,0,0,0,0,0,0,0,0,0,0,0,9.75,0,9.75
9/1/2026,2022,20230219,41610,26039,FLORIDA POWER & LIGHT CO,Natural Gas,INTRASTATE,FLORIDA,24.262,10.841,4.124,0,39.227,2.813,6.879,0.723,28.812,0,0,,,,,24.262,10.841,4.124,0,39.227,2.813,6.879,0.723,28.812,0,0,0,0,0,0,0,0,0,0,0,0,0,0,0,0,0,24.262,10.841,4.124,0,39.227
9/1/2026,2022,20230478,41881,26085,"PLAINS MARKETING, L.P.",Natural Gas,INTRASTATE,LOUISIANA,12.01,0.2,0,0,12.21,,1.14,,11.07,0,0,,,,,12.01,0.2,0,0,12.21,,1.14,,11.07,0,0,0,0,0,0,0,0,0,0,0,0,0,0,0,0,0,12.01,0.2,0,0,12.21
9/1/2026,2022,20230098,41484,26112,"VALERO REFINING-TEXAS, L.P.",Hydrogen Gas,INTRASTATE,TEXAS,1.41,0,1.8,0,3.21,0.433,0,2.632,0.147,0,0,,,,,1.41,0,1.8,0,3.21,0.433,0,2.632,0.147,0,0,0,0,0,0,0,0,0,0,0,0,0,0,0,0,0,1.41,0,1.8,0,3.21
9/1/2026,2022,20230096,41482,26112,"VALERO REFINING-TEXAS, L.P.",Natural Gas,INTRASTATE,TEXAS,0.386,0,0,0,0.386,0,0,0,0.386,0,0,,,,,0.386,0,0,0,0.386,0,0,0,0.386,0,0,0,0,0,0,0,0,0,0,0,0,0,0,0,0,0,0.386,0,0,0,0.386
9/1/2026,2022,20230369,41765,26149,ALYESKA PIPELINE SERVICE CO,Natural Gas,INTRASTATE,ALASKA,149.2,0.5,0.2,0,149.9,0.2,0,0,149.7,0,0,,,,,149.2,0.5,0.2,0,149.9,0.2,0,0,149.7,0,0,0,0,0,0,0,0,0,0,0,0,0,0,0,0,0,149.2,0.5,0.2,0,149.9
9/1/2026,2022,20231040,42483,26330,"ENABLE OKLAHOMA INTRASTATE TRANSMISSION, LLC",Natural Gas,INTRASTATE,OKLAHOMA,2024.07,159.82,139.92,0,2323.81,87.53,74.8,30.92,2130.56,0,0,,,,,2024.07,159.82,139.92,0,2323.81,87.53,74.8,30.92,2130.56,0,0,0,0,0,0,0,0,14.65,14.65,0,0,14.65,0,0,0,14.65,2038.72,159.82,139.92,0,2338.46
9/1/2026,2022,20231040,42483,26330,"ENABLE OKLAHOMA INTRASTATE TRANSMISSION, LLC",Natural Gas,INTRASTATE,TEXAS,4.38,0,0,0,4.38,0,,0,4.38,0,0,,,,,4.38,0,0,0,4.38,0,,0,4.38,0,0,0,0,0,0,0,0,0,0,0,0,0,0,0,0,0,4.38,0,0,0,4.38
9/1/2026,2022,20230970,42406,30006,ENTERPRISE PELICAN PIPELINE L.P.,Natural Gas,INTRASTATE,LOUISIANA,21.115,0,7.192,0,28.307,7.407,9.175,0.306,11.418,0,0,,,,,21.115,0,7.192,0,28.307,7.407,9.175,0.306,11.418,0,0,0,0,0,0,0,0,0,0,0,0,0,0,0,0,0,21.115,0,7.192,0,28.307
9/1/2026,2022,20230838,42270,30020,W & T OFFSHORE INC,Natural Gas,INTRASTATE,ALABAMA,1.3,0,0,0,1.3,,,,1.3,0,0,,,,,1.3,0,0,0,1.3,,,,1.3,0,0,0,0,0,0,0,0,96.28,96.28,57.549,57.549,153.829,0,0,0,153.829,155.129,0,0,0,155.129
9/1/2026,2022,20230838,42270,30020,W & T OFFSHORE INC,Natural Gas,INTRASTATE,OCS-Gulf of Mexico,0,0,0,0,0,,,,,0,0,,,,,0,0,0,0,0,,,,,0,0,0,0,0,0,0,0,0,0,1.57,1.57,1.57,0,0,0,1.57,1.57,0,0,0,1.57
9/1/2026,2022,20230445,41846,30024,SOUTH DAKOTA INTRASTATE PIPELINE CO.,Natural Gas,INTRASTATE,SOUTH DAKOTA,170,4,4,0,178,1.2,,8,168.8,0,0,,,,,170,4,4,0,178,1.2,,8,168.8,0,0,0,0,0,0,0,0,0,0,0,0,0,0,0,0,0,170,4,4,0,178
9/1/2026,2022,20231132,42583,30026,"BAY GAS STORAGE COMPANY, LLC",Natural Gas,INTRASTATE,ALABAMA,87.49,7.35,4.15,0,98.99,6.19,12.55,0,80.26,0,0,,,,,87.49,7.35,4.15,0,98.99,6.19,12.55,0,80.26,0,0,0,0,0,0,0,0,0,0,0,0,0,0,0,0,0,87.49,7.35,4.15,0,98.99
9/1/2026,2022,20230439,41999,30028,"EGAN HUB STORAGE, LLC (SPECTRA ENERGY PARTNERS, LP)",Natural Gas,INTERSTATE,LOUISIANA,49.02,6.21,0.11,0,55.34,1.83,4.66,0,48.85,0,0,,,,,49.02,6.21,0.11,0,55.34,1.83,4.66,0,48.85,0,0,0,0,0,0,0,0,0,0,0,0,0,0,0,0,0,49.02,6.21,0.11,0,55.34
9/1/2026,2022,20230439,41999,30028,"EGAN HUB STORAGE, LLC (SPECTRA ENERGY PARTNERS, LP)",Natural Gas,INTRASTATE,LOUISIANA,0.56,0,0,0,0.56,0,0,0,0.56,0,0,,,,,0.56,0,0,0,0.56,0,0,0,0.56,0,0,0,0,0,0,0,0,0,0,0,0,0,0,0,0,0,0.56,0,0,0,0.56
9/1/2026,2022,20231407,42915,30040,CITY OF GIRARD,Natural Gas,INTRASTATE,KANSAS,0,0.5,0,0,0.5,0,,,0.5,0,0,,,,,0,0.5,0,0,0.5,0,,,0.5,0,0,0,0,0,0,0,0,0,0,0,0,0,0,0,0,0,0,0.5,0,0,0.5
9/1/2026,2022,20230069,46814,30052,NEVADA GOLD MINES,Natural Gas,INTRASTATE,NEVADA,28,0,0,0,28,0,0,0,28,0,0,,,,,28,0,0,0,28,0,0,0,28,0,0,0,0,0,0,0,0,0,0,0,0,0,0,0,0,0,28,0,0,0,28
9/1/2026,2022,20230603,42016,30054,KENTUCKY UTILITIES CO,Natural Gas,INTRASTATE,KENTUCKY,7.148,4.094,0,0,11.242,0,2.198,0,9.044,0,0,,,,,7.148,4.094,0,0,11.242,0,2.198,0,9.044,0,0,0,0,0,0,0,0,0,0,0,0,0,0,0,0,0,7.148,4.094,0,0,11.242
9/1/2026,2022,20230048,41432,30062,"BRADKEN-ATCHISON/ST. JOSEPH, INC",Natural Gas,INTRASTATE,KANSAS,0,0,2,0,2,,,2,,0,0,,,,,0,0,2,0,2,,,2,,0,0,0,0,0,0,0,0,,,0,0,0,0,0,0,0,0,0,2,0,2
9/1/2026,2022,20230982,42421,30515,WINFIELD MUNICIPAL GAS,Natural Gas,INTRASTATE,IOWA,6.2,0,0,0,6.2,0,0,0,6.2,0,0,,,,,6.2,0,0,0,6.2,0,0,0,6.2,0,0,0,0,0,0,0,0,0,0,0,0,0,0,0,0,0,6.2,0,0,0,6.2
9/1/2026,2022,20231209,42669,30544,OCCIDENTAL CHEMICAL CORP,Natural Gas,INTRASTATE,TEXAS,1.05,0,0,0,1.05,0,0,0,1.05,0,0,,,,,1.05,0,0,0,1.05,0,0,0,1.05,0,0,0,0,0,0,0,0,0,0,0,0,0,0,0,0,0,1.05,0,0,0,1.05
9/1/2026,2022,20231393,42888,30585,SELKIRK COGEN PROJECT,Natural Gas,INTRASTATE,NEW YORK,2,0,0,0,2,0.15,,,1.85,0,0,,,,,2,0,0,0,2,0.15,,,1.85,0,0,0,0,0,0,0,0,0,0,0,0,0,0,0,0,0,2,0,0,0,2
9/1/2026,2022,20231355,42822,30588,ENERFIN RESOURCES I LIMITED PARTNERSHIP,Natural Gas,INTRASTATE,OKLAHOMA,16.084,0,0,0,16.084,0,0,0,16.084,0,0,,,,,16.084,0,0,0,16.084,0,0,0,16.084,7.788,0,0,7.788,4.768,6.606,0,11.374,0,0,0,0,0,12.556,6.606,0,19.162,16.084,12.556,6.606,0,35.246
9/1/2026,2022,20230829,42258,30629,"ONEOK FIELD SERVICES COMPANY, L.L.C.",Natural Gas,INTRASTATE,KANSAS,0,0,0,0,0,0,,,,0,0,,,,,0,0,0,0,0,0,,,,7.93,6.44,0,14.37,0,0,0,0,499.45,499.45,0,0,499.45,7.93,6.44,0,513.82,499.45,7.93,6.44,0,513.82
9/1/2026,2022,20230829,42258,30629,"ONEOK FIELD SERVICES COMPANY, L.L.C.",Natural Gas,INTRASTATE,OKLAHOMA,47.63,0.4,0,0,48.03,0,,,48.03,0,0,,,,,47.63,0.4,0,0,48.03,0,,,48.03,33.09,12.48,0,45.57,0.39,1.44,0,1.83,1996.27,1996.27,0,0,1996.27,33.48,13.92,0,2043.67,2043.9,33.88,13.92,0,2091.7
9/1/2026,2022,20230829,42258,30629,"ONEOK FIELD SERVICES COMPANY, L.L.C.",Natural Gas,INTRASTATE,TEXAS,0,0,0,0,0,,,,,0,0,,,,,0,0,0,0,0,,,,,0,0,0,0,0,0,0,0,0.19,0.19,0,0,0.19,0,0,0,0.19,0.19,0,0,0,0.19
9/1/2026,2022,20230903,42336,30630,"OKTEX PIPELINE COMPANY, LLC",Natural Gas,INTERSTATE,NEW MEXICO,0.06,0,0.23,0,0.29,0,0,0.23,0.06,0,0,,,,,0.06,0,0.23,0,0.29,0,0,0.23,0.06,0,0,0,0,0,0,0,0,0,0,0,0,0,0,0,0,0,0.06,0,0.23,0,0.29
9/1/2026,2022,20230903,42336,30630,"OKTEX PIPELINE COMPANY, LLC",Natural Gas,INTERSTATE,OKLAHOMA,95.54,0,0,0,95.54,0,0,0,95.55,0,0,,,,,95.54,0,0,0,95.54,0,0,0,95.55,0,0,0,0,0,0,0,0,0,0,0,0,0,0,0,0,0,95.54,0,0,0,95.54
9/1/2026,2022,20230903,42336,30630,"OKTEX PIPELINE COMPANY, LLC",Natural Gas,INTERSTATE,TEXAS,17.48,0.08,5.5,0,23.06,1.74,0.26,3.5,17.56,0,0,,,,,17.48,0.08,5.5,0,23.06,1.74,0.26,3.5,17.56,0,0,0,0,0,0,0,0,0,0,0,0,0,0,0,0,0,17.48,0.08,5.5,0,23.06
9/1/2026,2022,20231282,42744,30666,"ENMARK ENERGY, INC",Natural Gas,INTRASTATE,ARKANSAS,41.51,3,3.66,0,48.17,0.58,3.2,0,44.39,0,0,,,,,41.51,3,3.66,0,48.17,0.58,3.2,0,44.39,0,0,0,0,0,0,0,0,0,0,0,0,0,0,0,0,0,41.51,3,3.66,0,48.17
9/1/2026,2022,20231282,42744,30666,"ENMARK ENERGY, INC",Natural Gas,INTRASTATE,MISSISSIPPI,1.5,0,2.33,0,3.83,0,0,2.33,1.5,0,0,,,,,1.5,0,2.33,0,3.83,0,0,2.33,1.5,0,0,0,0,0,0,0,0,0,0,0,0,0,0,0,0,0,1.5,0,2.33,0,3.83
9/1/2026,2022,20231282,42744,30666,"ENMARK ENERGY, INC",Natural Gas,INTRASTATE,TEXAS,4.6,0,0,0,4.6,0,0,0,4.6,0,0,,,,,4.6,0,0,0,4.6,0,0,0,4.6,0,0,0,0,0,0,0,0,0,0,0,0,0,0,0,0,0,4.6,0,0,0,4.6
9/1/2026,2022,20231282,42744,30666,"ENMARK ENERGY, INC",Natural Gas,INTRASTATE,WEST VIRGINIA,4.49,0,0.51,0,5,0,0.51,0,4.49,0,0,,,,,4.49,0,0.51,0,5,0,0.51,0,4.49,0,0,0,0,0,0,0,0,0,0,0,0,0,0,0,0,0,4.49,0,0.51,0,5
9/1/2026,2022,20230519,41925,30679,NORTH COUNTRY GAS PIPELINE,Natural Gas,INTRASTATE,NEW YORK,20,1,1,0,22,1,2,0,19,0,0,,,,,20,1,1,0,22,1,2,0,19,0,0,0,0,0,0,0,0,0,0,0,0,0,0,0,0,0,20,1,1,0,22
9/1/2026,2022,20230376,41773,30683,WESTLAKE PETROCHEMICALS LLC,Hydrogen Gas,INTRASTATE,LOUISIANA,1.195,0,0,0,1.195,0,0,0,1.195,0,0,,,,,1.195,0,0,0,1.195,0,0,0,1.195,0,0,0,0,0,0,0,0,0,0,0,0,0,0,0,0,0,1.195,0,0,0,1.195
9/1/2026,2022,20230377,41774,30683,WESTLAKE PETROCHEMICALS LLC,Natural Gas,INTRASTATE,LOUISIANA,1.328,0,0,0,1.328,0,0,0,1.328,0,0,,,,,1.328,0,0,0,1.328,0,0,0,1.328,0,0,0,0,0,0,0,0,0,0,0,0,0,0,0,0,0,1.328,0,0,0,1.328
9/1/2026,2022,20230374,41771,30683,WESTLAKE PETROCHEMICALS LLC,Other Gas-Ethylene Gas,INTRASTATE,LOUISIANA,0,0.744,1.93,0,2.674,2.674,,,,0,0,,,,,0,0.744,1.93,0,2.674,2.674,,,,0,0,0,0,0,0,0,0,0,0,0,0,0,0,0,0,0,0,0.744,1.93,0,2.674
9/1/2026,2022,20230710,43084,30711,HILCORP ENERGY COMPANY,Natural Gas,INTERSTATE,COLORADO,0,0,0,0,0,0,0,0,0,0,0,,,,,0,0,0,0,0,0,0,0,0,0,0,0,0,0,0,0,0,0.787,0.787,0,0,0.787,0,0,0,0.787,0.787,0,0,0,0.787
9/1/2026,2022,20230710,43084,30711,HILCORP ENERGY COMPANY,Natural Gas,INTERSTATE,NEW MEXICO,0,0,0,0,0,,,,,,0,,,,,0,0,0,0,0,,,,,0,0,0,0,0,0,0,0,5.384,5.384,,0,5.384,0,0,0,5.384,5.384,0,0,0,5.384
9/1/2026,2022,20230710,43084,30711,HILCORP ENERGY COMPANY,Natural Gas,INTRASTATE,ALABAMA,5.682,2.047,0.437,0,8.166,0,0.534,0,7.63,0,0,,,,,5.682,2.047,0.437,0,8.166,0,0.534,0,7.63,0.366,1.813,0,2.179,0,0,0,0,6.971,6.971,0,0,6.971,0.366,1.813,0,9.15,12.653,2.413,2.25,0,17.316
9/1/2026,2022,20230710,43084,30711,HILCORP ENERGY COMPANY,Natural Gas,INTRASTATE,COLORADO,0,0,0,0,0,0,0,0,0,0,0,,,,,0,0,0,0,0,0,0,0,0,9.779,0.119,0,9.898,4.018,0,0,4.018,25.767,25.767,0,0,25.767,13.797,0.119,0,39.683,25.767,13.797,0.119,0,39.683
9/1/2026,2022,20230710,43084,30711,HILCORP ENERGY COMPANY,Natural Gas,INTRASTATE,LOUISIANA,0,0,0,0,0,,,,,0,0,,,,,0,0,0,0,0,,,,,0,0,0,0,0,0,0,0,148.236,148.236,0,0,148.236,0,0,0,148.236,148.236,0,0,0,148.236
9/1/2026,2022,20230710,43084,30711,HILCORP ENERGY COMPANY,Natural Gas,INTRASTATE,NEW MEXICO,0,0,0,0,0,,,,,0,0,,,,,0,0,0,0,0,,,,,0,0,0,0,2.232,7.828,0,10.06,55.431,55.431,0,0,55.431,2.232,7.828,0,65.491,55.431,2.232,7.828,0,65.491
9/1/2026,2022,20230710,43084,30711,HILCORP ENERGY COMPANY,Natural Gas,INTRASTATE,TEXAS,3.052,2.011,0,0,5.063,0,0,0,5.062,0,0,,,,,3.052,2.011,0,0,5.063,0,0,0,5.062,4.931,13.548,0,18.479,2.225,28.302,0,30.527,425.432,425.432,0,0,425.432,7.156,41.85,0,474.438,428.484,9.167,41.85,0,479.501
9/1/2026,2022,20230710,43084,30711,HILCORP ENERGY COMPANY,Natural Gas,INTRASTATE,WYOMING,0,0,0,0,0,,,,,0,0,,,,,0,0,0,0,0,,,,,0,0,0,0,0,0,0,0,40.044,40.044,0,0,40.044,0,0,0,40.044,40.044,0,0,0,40.044
9/1/2026,2022,20231042,42866,30718,KAISER-FRANCIS OIL COMPANY,Natural Gas,INTRASTATE,NEW MEXICO,0,0,0,0,0,,,,,0,0,,,,,0,0,0,0,0,,,,,0,0,0,0,0,0,0,0,5.88,5.88,0,0,5.88,0,0,0,5.88,5.88,0,0,0,5.88
9/1/2026,2022,20231042,42866,30718,KAISER-FRANCIS OIL COMPANY,Natural Gas,INTRASTATE,OKLAHOMA,0,0,0,0,0,,,,,0,0,,,,,0,0,0,0,0,,,,,0,0,0,0,0,0,0,0,4,4,0,0,4,0,0,0,4,4,0,0,0,4
9/1/2026,2022,20230981,42420,30749,SACRAMENTO MUNICIPAL UTILITY DISTRICT,Natural Gas,INTRASTATE,CALIFORNIA,44.4,5.5,26.1,0,76,26.1,8.8,0,41.1,0,0,,,,,44.4,5.5,26.1,0,76,26.1,8.8,0,41.1,0,0,0,0,0,0,0,0,0,0,0,0,0,0,0,0,0,44.4,5.5,26.1,0,76
9/1/2026,2022,20230679,43042,30750,MIDAMERICAN ENERGY COMPANY,Natural Gas,INTRASTATE,ILLINOIS,43.707,6.876,9.341,0,59.924,1.442,3.091,4.81,50.582,0,0,,,,,43.707,6.876,9.341,0,59.924,1.442,3.091,4.81,50.582,0,0,0,0,0,0,0,0,0,0,0,0,0,0,0,0,0,43.707,6.876,9.341,0,59.924
9/1/2026,2022,20230679,43042,30750,MIDAMERICAN ENERGY COMPANY,Natural Gas,INTRASTATE,IOWA,417.688,68.171,122.431,1.385,609.675,41.516,25.678,59.345,483.136,0,0,,,,,417.688,68.171,122.431,1.385,609.675,41.516,25.678,59.345,483.136,0,0,0,0,0,0,0,0,0,0,0,0,0,0,0,0,0,417.688,68.171,122.431,1.385,609.675
9/1/2026,2022,20231327,42792,30769,SPIRE MISSOURI INC. WEST,Natural Gas,INTRASTATE,MISSOURI,21.688,2.701,20.561,0,44.95,6.79,0,13.771,24.389,0,0,,,,,21.688,2.701,20.561,0,44.95,6.79,0,13.771,24.389,0,0,0,0,0,0,0,0,0,0,0,0,0,0,0,0,0,21.688,2.701,20.561,0,44.95
9/1/2026,2022,20231220,42681,30772,"NATURAL GAS OF KENTUCKY, INC.",Natural Gas,INTRASTATE,KENTUCKY,31,0,0,0,31,,,,31,0,0,,,,,31,0,0,0,31,,,,31,0,0,0,0,0,0,0,0,0,0,0,0,0,0,0,0,0,31,0,0,0,31
9/1/2026,2022,20230451,41852,30782,HARVEST MIDSTREAM COMPANY,Natural Gas,INTRASTATE,COLORADO,0,0,0,0,0,0,,0,0,0,0,,,,,0,0,0,0,0,0,,0,0,14.413,4.757,0,19.17,0,0,0,0,99.646,99.646,0,0,99.646,14.413,4.757,0,118.816,99.646,14.413,4.757,0,118.816
9/1/2026,2022,20230451,41852,30782,HARVEST MIDSTREAM COMPANY,Natural Gas,INTRASTATE,LOUISIANA,0,0,0,0,0,,,,,0,0,,,,,0,0,0,0,0,,,,,10.295,2.953,0,13.248,0,0,0,0,186.889,186.889,0,0,186.889,10.295,2.953,0,200.137,186.889,10.295,2.953,0,200.137
9/1/2026,2022,20230451,41852,30782,HARVEST MIDSTREAM COMPANY,Natural Gas,INTRASTATE,NEW MEXICO,0,0,0,0,0,0,0,0,0,0,0,,,,,0,0,0,0,0,0,0,0,0,46.293,25.625,0,71.918,0,0,0,0,1232.967,1232.967,0,0,1232.967,46.293,25.625,0,1304.885,1232.967,46.293,25.625,0,1304.885
9/1/2026,2022,20230451,41852,30782,HARVEST MIDSTREAM COMPANY,Natural Gas,INTRASTATE,TEXAS,0,0,0,0,0,0,,,,0,0,,,,,0,0,0,0,0,0,,,,0.994,0,0,0.994,2.028,0,0,2.028,14.118,14.118,0,0,14.118,3.022,0,0,17.14,14.118,3.022,0,0,17.14
9/1/2026,2022,20231356,42823,30785,GATEWAY PIPELINE COMPANY,Natural Gas,INTRASTATE,TEXAS,0,11.59,6.15,0,17.74,,,6.15,11.59,0,0,,,,,0,11.59,6.15,0,17.74,,,6.15,11.59,0,0,0,0,0,0,0,0,0,0,0,0,0,0,0,0,0,0,11.59,6.15,0,17.74
9/1/2026,2022,20230611,42024,30786,LEE 8 STORAGE PARTNERSHIP,Natural Gas,INTRASTATE,MICHIGAN,9.01,3.06,0,0,12.07,0,0.39,0,11.68,0,0,0,,,,9.01,3.06,0,0,12.07,0,0.39,0,11.68,0,0,0,0,0,0,0,0,0,0,0,0,0,0,0,0,0,9.01,3.06,0,0,12.07
9/1/2026,2022,20230873,42306,30788,HAVRE PIPELINE COMPANY,Natural Gas,INTRASTATE,MONTANA,69.17,0,0,0,69.17,0,0,0,69.17,0,0,,,,,69.17,0,0,0,69.17,0,0,0,69.17,0,0,0,0,0,0,0,0,0,0,0,0,0,0,0,0,0,69.17,0,0,0,69.17
9/1/2026,2022,20230560,41968,30792,LAMAR OIL & GAS,Natural Gas,INTRASTATE,TEXAS,0,0,0,0,0,,,,,0,0,,,,,0,0,0,0,0,,,,,0.7,0,0,0.7,0,0,0,0,0,0,59.7,59.7,59.7,0.7,0,0,60.4,59.7,0.7,0,0,60.4
9/1/2026,2022,20231338,42805,30796,GAITHER PETROLEUM CORPORATION,Natural Gas,INTRASTATE,TEXAS,0,0,0,0,0,,,,,0,0,,,,,0,0,0,0,0,,,,,3.21,0,0,3.21,0,0,0,0,0,0,0,0,0,3.21,0,0,3.21,0,3.21,0,0,3.21
9/1/2026,2022,20230934,42367,30801,"TOTAL GAS PIPELINE USA, INC",Natural Gas,INTRASTATE,TEXAS,2.5,0,1,0,3.5,1,,,2.5,0,0,,,,,2.5,0,1,0,3.5,1,,,2.5,0,0,0,0,0,0,0,0,0,0,0,0,0,0,0,0,0,2.5,0,1,0,3.5
9/1/2026,2022,20230137,41524,30807,VALENCE OPERATING COMPANY,Natural Gas,INTRASTATE,TEXAS,0,0,0,0,0,,,,,0,0,,,,,0,0,0,0,0,,,,,3.98,0,0,3.98,4.03,0,0,4.03,0,0,0,0,0,8.01,0,0,8.01,0,8.01,0,0,8.01
9/1/2026,2022,20230542,43023,30825,CITGO PETROLEUM CORPORATION (REFINERY),Hydrogen Gas,INTRASTATE,LOUISIANA,1.33,0,0,0,1.33,0,0,0,1.33,0,0,,,,,1.33,0,0,0,1.33,0,0,0,1.33,0,0,0,0,0,0,0,0,0,0,0,0,0,0,0,0,0,1.33,0,0,0,1.33
9/1/2026,2022,20230540,43047,30825,CITGO PETROLEUM CORPORATION (REFINERY),Natural Gas,INTRASTATE,LOUISIANA,0,0.413,0.17,0,0.583,0,0,0.17,0.413,0,0,,,,,0,0.413,0.17,0,0.583,0,0,0.17,0.413,0,0,0,0,0,0,0,0,0,0,0,0,0,0,0,0,0,0,0.413,0.17,0,0.583
9/1/2026,2022,20231082,43119,30826,WILLIAMS FIELD SERVICES,Natural Gas,INTRASTATE,ALABAMA,0,0,0,0,0,0,0,0,0,0,0,,,,,0,0,0,0,0,0,0,0,0,0,0,0,0,0,0,0,0,0.56,0.56,0,0,0.56,0,0,0,0.56,0.56,0,0,0,0.56
9/1/2026,2022,20231082,43119,30826,WILLIAMS FIELD SERVICES,Natural Gas,INTRASTATE,COLORADO,32.27,0,0,0,32.27,0,0,0,32.27,0,0,,,,,32.27,0,0,0,32.27,0,0,0,32.27,0.59,0.95,0,1.54,0,0,0,0,229.47,229.47,0,0,229.47,0.59,0.95,0,231.01,261.74,0.59,0.95,0,263.28
9/1/2026,2022,20231082,43119,30826,WILLIAMS FIELD SERVICES,Natural Gas,INTRASTATE,NEW YORK,0,0,0,0,0,,,,,0,0,,,,,0,0,0,0,0,,,,,0,0,0,0,0,0,0,0,18.78,18.78,0,0,18.78,0,0,0,18.78,18.78,0,0,0,18.78
9/1/2026,2022,20231082,43119,30826,WILLIAMS FIELD SERVICES,Natural Gas,INTRASTATE,OHIO,0,0,0,0,0,0,0,0,0,0,0,,,,,0,0,0,0,0,0,0,0,0,0,0.29,0,0.29,0,0,0,0,5.57,5.57,0,0,5.57,0,0.29,0,5.86,5.57,0,0.29,0,5.86
9/1/2026,2022,20231082,43119,30826,WILLIAMS FIELD SERVICES,Natural Gas,INTRASTATE,PENNSYLVANIA,28.57,8.17,1.5,0,38.24,4.08,6.28,0.07,27.81,0,0,,,,,28.57,8.17,1.5,0,38.24,4.08,6.28,0.07,27.81,52.89,3.09,0,55.98,5.31,0,0,5.31,597.1,597.1,0,0,597.1,58.2,3.09,0,658.39,625.67,66.37,4.59,0,696.63
9/1/2026,2022,20231082,43119,30826,WILLIAMS FIELD SERVICES,Natural Gas,INTRASTATE,WEST VIRGINIA,0,0,0,0,0,0,0,0,0,0,0,,,,,0,0,0,0,0,0,0,0,0,3.97,0.61,0,4.58,0,0,0,0,197.16,197.16,0,0,197.16,3.97,0.61,0,201.74,197.16,3.97,0.61,0,201.74
9/1/2026,2022,20231082,43119,30826,WILLIAMS FIELD SERVICES,Natural Gas,INTRASTATE,WYOMING,52.01,0,0,0,52.01,0,0,0,52.01,0,0,,,,,52.01,0,0,0,52.01,0,0,0,52.01,0.87,2.36,0,3.23,0,0,0,0,820.35,820.35,0,0,820.35,0.87,2.36,0,823.58,872.36,0.87,2.36,0,875.59
9/1/2026,2022,20230851,42284,30834,TIDELANDS OIL PRODUCTION COMPANY,Natural Gas,INTRASTATE,CALIFORNIA,0,0,0,0,0,0,,,,0,0,0,,,,0,0,0,0,0,0,,,,0,0,0,0,0,2.42,0,2.42,,,0,0,0,0,2.42,0,2.42,0,0,2.42,0,2.42
9/1/2026,2022,20230870,46906,30838,TUSCARORA GAS TRANSMISSION COMPANY,Natural Gas,INTERSTATE,CALIFORNIA,186.422,1.844,0.117,0,188.383,0,0.503,0.015,187.866,,0,,,,,186.422,1.844,0.117,0,188.383,0,0.503,0.015,187.866,,,,0,,,,0,0,0,,0,0,0,0,0,0,186.422,1.844,0.117,0,188.383
9/1/2026,2022,20230870,46906,30838,TUSCARORA GAS TRANSMISSION COMPANY,Natural Gas,INTERSTATE,NEVADA,98.224,2.532,6.327,0,107.083,2.327,5.038,0,99.717,0,0,,,,,98.224,2.532,6.327,0,107.083,2.327,5.038,0,99.717,,,,0,,,,0,0,0,,0,0,0,0,0,0,98.224,2.532,6.327,0,107.083
9/1/2026,2022,20230870,46906,30838,TUSCARORA GAS TRANSMISSION COMPANY,Natural Gas,INTERSTATE,OREGON,9.784,0,0,0,9.784,0,0,0,9.785,,0,,,,,9.784,0,0,0,9.784,0,0,0,9.785,,,,0,,,,0,0,0,,0,0,0,0,0,0,9.784,0,0,0,9.784
9/1/2026,2022,20230011,41394,30839,"WALDEN, TOWN OF",Natural Gas,INTRASTATE,COLORADO,8.4,0,0,0,8.4,0,0,0,8.4,0,0,,,,,8.4,0,0,0,8.4,0,0,0,8.4,0,0,0,0,0,0,0,0,0,0,0,0,0,0,0,0,0,8.4,0,0,0,8.4
9/1/2026,2022,20230011,41394,30839,"WALDEN, TOWN OF",Natural Gas,INTRASTATE,WYOMING,32.4,5.2,0,0,37.6,,,,37.6,0,0,,,,,32.4,5.2,0,0,37.6,,,,37.6,0,0,0,0,0,0,0,0,0,0,0,0,0,0,0,0,0,32.4,5.2,0,0,37.6
9/1/2026,2022,20230578,41987,30850,LANXESS CORP.,Natural Gas,INTRASTATE,ARKANSAS,2.48,0,0,0,2.48,0,0,0,2.48,0,0,,,,,2.48,0,0,0,2.48,0,0,0,2.48,0,0,0,0,1.21,0,0,1.21,0,0,0,0,0,1.21,0,0,1.21,2.48,1.21,0,0,3.69
9/1/2026,2022,20230228,41619,30851,ALBEMARLE CORPORATION,Natural Gas,INTRASTATE,ARKANSAS,19.07,0,0,0,19.07,,,,19.07,0,0,,,,,19.07,0,0,0,19.07,,,,19.07,0,0,0,0,0,0,0,0,0,0,0,0,0,0,0,0,0,19.07,0,0,0,19.07
9/1/2026,2022,20230286,41679,30851,ALBEMARLE CORPORATION,Other Gas-Anhydrous HCL,INTRASTATE,TEXAS,0,2.6,0,0,2.6,2.6,,,,0,0,,,,,0,2.6,0,0,2.6,2.6,,,,0,0,0,0,0,0,0,0,0,0,0,0,0,0,0,0,0,0,2.6,0,0,2.6
9/1/2026,2022,20230944,42378,30910,K O TRANSMISSION COMPANY,Natural Gas,INTERSTATE,KENTUCKY,11.343,18.373,22.292,0,52.008,11.578,9.745,2.128,28.557,0,0,,,,,11.343,18.373,22.292,0,52.008,11.578,9.745,2.128,28.557,0,0,0,0,0,0,0,0,0,0,0,0,0,0,0,0,0,11.343,18.373,22.292,0,52.008
9/1/2026,2022,20230944,42378,30910,K O TRANSMISSION COMPANY,Natural Gas,INTERSTATE,OHIO,0,0.11,0,0,0.11,0.11,0,0,0,0,0,,,,,0,0.11,0,0,0.11,0.11,0,0,0,0,0,0,0,0,0,0,0,0,0,0,0,0,0,0,0,0,0,0.11,0,0,0.11
9/1/2026,2022,20231148,42599,30914,"TIMBERLAND GATHERING & PROCESSING CO., INC",Natural Gas,INTRASTATE,OKLAHOMA,0,0,0,0,0,,,,,0,0,,,,,0,0,0,0,0,,,,,0,0,0,0,0,0,0,0,11,11,0,0,11,0,0,0,11,11,0,0,0,11
9/1/2026,2022,20231108,42556,30919,PEABODY MUNICIPAL LIGHT PLANT,Natural Gas,INTRASTATE,MASSACHUSETTS,0.153,0,0.216,0,0.369,0.216,0.049,0,0.104,0,0,,,,,0.153,0,0.216,0,0.369,0.216,0.049,0,0.104,0,0,0,0,0,0,0,0,0,0,0,0,0,0,0,0,0,0.153,0,0.216,0,0.369
9/1/2026,2022,20230554,41962,30930,KNG ENERGY INC,Natural Gas,INTRASTATE,OHIO,11.692,0,0,0,11.692,0,0,0,11.692,0,0,,,,,11.692,0,0,0,11.692,0,0,0,11.692,0,0,0,0,0,0,0,0,0,0,0,0,0,0,0,0,0,11.692,0,0,0,11.692
9/1/2026,2022,20230594,42005,30940,"WILLIAMS ENERGY, LLC",Natural Gas,INTERSTATE,LOUISIANA,31.53,0,1.2,0,32.73,0.46,0.38,0.39,31.5,0,0,0,0,0,0,31.53,0,1.2,0,32.73,0.46,0.38,0.39,31.5,0,1.81,0,1.81,0,0,0,0,89.21,89.21,4.61,4.61,93.82,0,1.81,0,95.63,125.35,0,3.01,0,128.36
9/1/2026,2022,20230594,42005,30940,"WILLIAMS ENERGY, LLC",Natural Gas,INTERSTATE,OCS-Gulf of Mexico,0,0,0,0,0,0,,0,0,0,0,0,0,0,0,0,0,0,0,0,0,0,0,0,0,0,0,0,0,0,0,0,0,0,446.11,446.11,446.11,0,0,0,446.11,446.11,0,0,0,446.11
9/1/2026,2022,20230594,42005,30940,"WILLIAMS ENERGY, LLC",Natural Gas,INTRASTATE,LOUISIANA,0,0,0,0,0,0,0,0,0,0,0,0,0,0,0,0,0,0,0,0,0,0,0,0,0.91,0,0,0.91,0,0,0,0,5.23,5.23,0,0,5.23,0.91,0,0,6.14,5.23,0.91,0,0,6.14
9/1/2026,2022,20230784,42211,30941,WESTLAKE PVC CORPORATION,Natural Gas,INTRASTATE,KENTUCKY,0.63,2.38,0.17,0,3.18,0,0,0.17,3.01,0,0,,,,,0.63,2.38,0.17,0,3.18,0,0,0.17,3.01,0,0,0,0,0,0,0,0,0,0,0,0,0,0,0,0,0,0.63,2.38,0.17,0,3.18
9/1/2026,2022,20230301,41694,30943,CLE INTRASTATE PIPELINE INC,Natural Gas,INTRASTATE,LOUISIANA,2.06,0,0,0,2.06,,,,2.06,0,0,,,,,2.06,0,0,0,2.06,,,,2.06,0,0,0,0,0,0,0,0,,,0,0,0,0,0,0,0,2.06,0,0,0,2.06
9/1/2026,2022,20230075,41460,30944,"MONUMENT CHEMICAL KENTUCKY, LLC",Natural Gas,INTRASTATE,KENTUCKY,50,6,2,0,58,0.473,,1.527,56,0,0,,,,,50,6,2,0,58,0.473,,1.527,56,0,0,0,0,0,0,0,0,0,0,0,0,0,0,0,0,0,50,6,2,0,58
9/1/2026,2022,20231172,42625,30952,PHILLIPS UTILITY GAS CORPORATION,Natural Gas,INTRASTATE,TEXAS,3.19,0.25,1.7,0,5.14,0.61,0.43,1.27,2.83,0,0,,,,,3.19,0.25,1.7,0,5.14,0.61,0.43,1.27,2.83,0,0,0,0,0,0,0,0,0,0,0,0,0,0,0,0,0,3.19,0.25,1.7,0,5.14
9/1/2026,2022,20230481,47483,30959,THE DOW CHEMICAL COMPANY,Hydrogen Gas,INTRASTATE,TEXAS,3.6,0,0,0,3.6,0,0,0,3.6,0,0,,,,,3.6,0,0,0,3.6,0,0,0,3.6,0,0,0,0,0,0,0,0,0,0,0,0,0,0,0,0,0,3.6,0,0,0,3.6
9/1/2026,2022,20230520,41926,30959,THE DOW CHEMICAL COMPANY,Other Gas-Ethylene,INTRASTATE,TEXAS,33.63,1.28,7.31,0,42.22,7.52,,1.07,33.63,0,0,,,,,33.63,1.28,7.31,0,42.22,7.52,,1.07,33.63,0,0,0,0,0,0,0,0,0,0,0,0,0,0,0,0,0,33.63,1.28,7.31,0,42.22
9/1/2026,2022,20230522,41928,30959,THE DOW CHEMICAL COMPANY,Other Gas-Fuel Gas,INTRASTATE,TEXAS,29.17,4.59,5.26,0,39.02,6.12,,,32.9,0,0,,,,,29.17,4.59,5.26,0,39.02,6.12,,,32.9,0,0,0,0,0,0,0,0,0,0,0,0,0,0,0,0,0,29.17,4.59,5.26,0,39.02
9/1/2026,2022,20230484,41887,30959,THE DOW CHEMICAL COMPANY,Other Gas-Off Gas,INTRASTATE,TEXAS,6.33,0,0.42,0,6.75,0.63,0,0,6.12,0,0,,,,,6.33,0,0.42,0,6.75,0.63,0,0,6.12,0,0,0,0,0,0,0,0,0,0,0,0,0,0,0,0,0,6.33,0,0.42,0,6.75
9/1/2026,2022,20230485,41889,30959,THE DOW CHEMICAL COMPANY,Other Gas-Residual Gas,INTRASTATE,TEXAS,4.36,0,0.47,0,4.83,0.47,,,4.36,0,0,,,,,4.36,0,0.47,0,4.83,0.47,,,4.36,0,0,0,0,0,0,0,0,0,0,0,0,0,0,0,0,0,4.36,0,0.47,0,4.83
9/1/2026,2022,20230435,46788,30963,"SALTVILLE GAS STORAGE COMPANY, L.L.C. (SPECTRA ENERGY PARTNERS, LP)",Natural Gas,INTERSTATE,VIRGINIA,23.29,9.63,0,0,32.92,0,1.2,0,31.72,0,0,,,,,23.29,9.63,0,0,32.92,0,1.2,0,31.72,0,0,0,0,0,0,0,0,0,0,0,0,0,0,0,0,0,23.29,9.63,0,0,32.92
9/1/2026,2022,20230214,41604,30965,BULLDOG GAS & POWER LLC,Landfill Gas,INTRASTATE,CALIFORNIA,2.1,0,0.5,0,2.6,0,,0.5,2.1,0,0,,,,,2.1,0,0.5,0,2.6,0,,0.5,2.1,0,0,0,0,0,0,0,0,0,0,0,0,0,0,0,0,0,2.1,0,0.5,0,2.6
9/1/2026,2022,20230288,41681,30984,"BRYAN, CITY OF",Natural Gas,INTRASTATE,TEXAS,3,0,1.3,0,4.3,,1.3,,3,0,0,,,,,3,0,1.3,0,4.3,,1.3,,3,0,0,0,0,0,0,0,0,0,0,0,0,0,0,0,0,0,3,0,1.3,0,4.3
9/1/2026,2022,20230331,41726,30994,"HOLLAND, CITY OF - BOARD OF PUBLIC WORKS",Natural Gas,INTRASTATE,MICHIGAN,16,0,5,0,21,5,16,,0,0,0,,,,,16,0,5,0,21,5,16,,0,0,0,0,0,0,0,0,0,0,0,0,0,0,0,0,0,0,16,0,5,0,21
9/1/2026,2022,20230008,46757,31000,EAST KENTUCKY POWER CORPORATION,Natural Gas,INTRASTATE,KENTUCKY,6.73,0,0,0,6.73,0,6.73,,,0,0,,,,,6.73,0,0,0,6.73,0,6.73,,,0,0,0,0,0,0,0,0,0,0,0,0,0,0,0,0,0,6.73,0,0,0,6.73
9/1/2026,2022,20231005,42446,31007,ADM CORN PROCESSING DIVISION-NW GAS CONTRACTED,Natural Gas,INTRASTATE,MINNESOTA,17.94,0.06,0,0,18,0,3.1,,14.9,0,0,,,,,17.94,0.06,0,0,18,0,3.1,,14.9,0,0,0,0,0,0,0,0,0,0,0,0,0,0,0,0,0,17.94,0.06,0,0,18
9/1/2026,2022,20230242,41633,31023,CITGO REFINING & CHEMICAL CO. L.P.,Hydrogen Gas,INTRASTATE,TEXAS,0,0,7.98,0,7.98,7.98,0,0,0,0,0,,,,,0,0,7.98,0,7.98,7.98,0,0,0,0,0,0,0,0,0,0,0,0,0,0,0,0,0,0,0,0,0,0,7.98,0,7.98
9/1/2026,2022,20230616,43147,31024,CENTRA PIPELINE MINNESOTA INC.,Natural Gas,INTERSTATE,MINNESOTA,64.035,1.7,0.698,0,66.433,0.899,,,65.534,0,0,,,,,64.035,1.7,0.698,0,66.433,0.899,,,65.534,0,0,0,0,0,0,0,0,0,0,0,0,0,0,0,0,0,64.035,1.7,0.698,0,66.433
9/1/2026,2022,20231399,42895,31039,LOCKPORT COGENERATION FACILITY,Natural Gas,INTRASTATE,NEW YORK,0.581,0,0,0,0.581,0,,,0.581,0,0,,,,,0.581,0,0,0,0.581,0,,,0.581,0,0,0,0,0,0,0,0,0,0,0,0,0,0,0,0,0,0.581,0,0,0,0.581
9/1/2026,2022,20230517,41923,31044,"LOWER VALLEY ENERGY, INC.",Natural Gas,INTRASTATE,WYOMING,53,3,9,0,65,9,,,56,0,0,,,,,53,3,9,0,65,9,,,56,0,0,0,0,0,0,0,0,0,0,0,0,0,0,0,0,0,53,3,9,0,65
9/1/2026,2022,20230104,42600,31067,AERA ENERGY LLC,Natural Gas,INTRASTATE,CALIFORNIA,1.19,0,0,0,1.19,0,0,,1.19,0,0,,,,,1.19,0,0,0,1.19,0,0,,1.19,0,0,0,0,0,0,0,0,0,0,0,0,0,0,0,0,0,1.19,0,0,0,1.19
9/1/2026,2022,20231267,42729,31068,SEAL BEACH GAS PROCESSING VENTURE,Natural Gas,INTRASTATE,CALIFORNIA,0.59,0,0.41,0,1,0,0,0.41,0.59,0,0,,,,,0.59,0,0.41,0,1,0,0,0.41,0.59,0,0,0,0,0,2.16,0,2.16,0,0,0,0,0,0,2.16,0,2.16,0.59,0,2.57,0,3.16
9/1/2026,2022,20230106,41493,31075,E&B NATURAL RESOURCES MANAGEMENT CORP,Natural Gas,INTRASTATE,CALIFORNIA,4.37,0,0,0,4.37,0,0,0,4.37,0,0,,,,,4.37,0,0,0,4.37,0,0,0,4.37,0,0,0,0,0,7.79,0,7.79,,,0,0,0,0,7.79,0,7.79,4.37,0,7.79,0,12.16
9/1/2026,2022,20230925,42358,31088,"DESTIN PIPELINE COMPANY, LLC",Natural Gas,INTERSTATE,ALABAMA,0,0,0,0,0,0,0,0,0,5.5,5.5,0,0,0,5.5,5.5,0,0,0,5.5,0,0,0,5.5,0,0,0,0,0,0,0,0,0,0,0,0,0,0,0,0,0,5.5,0,0,0,5.5
9/1/2026,2022,20230925,42358,31088,"DESTIN PIPELINE COMPANY, LLC",Natural Gas,INTERSTATE,MISSISSIPPI,122.626,20.85,2.06,0,145.536,2.28,,,143.256,8.59,8.59,,,,8.59,131.216,20.85,2.06,0,154.126,2.28,,,151.846,0,0,0,0,0,0,0,0,0,0,0,0,0,0,0,0,0,131.216,20.85,2.06,0,154.126
9/1/2026,2022,20230925,42358,31088,"DESTIN PIPELINE COMPANY, LLC",Natural Gas,INTERSTATE,OCS-Gulf of Mexico,0,0,0,0,0,0,0,0,0,61.7,61.7,0,0,0,61.7,61.7,0,0,0,61.7,0,0,0,61.7,0,0,0,0,0,0,0,0,0,0,53.227,53.227,53.227,0,0,0,53.227,114.927,0,0,0,114.927
9/1/2026,2022,20230186,41574,31092,"KM FEEDERS, LLC",Natural Gas,INTRASTATE,KANSAS,3,0,0,0,3,0,0,0,3,0,0,,,,,3,0,0,0,3,0,0,0,3,0,0,0,0,0,0,0,0,0,0,0,0,0,0,0,0,0,3,0,0,0,3
9/1/2026,2022,20230002,41384,31093,CITY OF FOSSTON MUNICIPAL GAS,Other Gas-Methane,INTRASTATE,MINNESOTA,0,0,0.27,0,0.27,,,,,0,0,,,,,0,0,0.27,0,0.27,,,,,0,0,0,0,0,0,0,0,0,0,0,0,0,0,0,0,0,0,0,0.27,0,0.27
9/1/2026,2022,20231228,42689,31096,GEORGIA-PACIFIC CONSUMER OPERATIONS LLC,Natural Gas,INTRASTATE,WASHINGTON,0.06,0,0.94,0,1,0.71,0.01,0.22,0.06,0,0,,,,,0.06,0,0.94,0,1,0.71,0.01,0.22,0.06,0,0,0,0,0,0,0,0,0,0,0,0,0,0,0,0,0,0.06,0,0.94,0,1
9/1/2026,2022,20230194,41582,31100,DANISCO CULTOR USA INC,Natural Gas,INTRASTATE,KANSAS,2.21,0,0.5,0,2.71,0,0,0.5,2.21,0,0,,,,,2.21,0,0.5,0,2.71,0,0,0.5,2.21,0,0,0,0,0,0,0,0,0,0,0,0,0,0,0,0,0,2.21,0,0.5,0,2.71
9/1/2026,2022,20230222,41613,31104,STEPHENS AND JOHNSON OPERATING CO.,Natural Gas,INTRASTATE,OKLAHOMA,0,0,0,0,0,,,,,0,0,,,,,0,0,0,0,0,,,,,0,0,0,0,0,5,0,5,0,0,0,0,0,0,5,0,5,0,0,5,0,5
9/1/2026,2022,20230181,41568,31106,MERRION OIL AND GAS,Natural Gas,INTRASTATE,NEW MEXICO,0,0,0,0,0,,,,,0,0,,,,,0,0,0,0,0,,,,,0,0,0,0,0,7,0,7,0,0,0,0,0,0,7,0,7,0,0,7,0,7
9/1/2026,2022,20230574,41983,31108,"ROYAL PRODUCTION CO., INC.",Natural Gas,INTRASTATE,TEXAS,0,0,0,0,0,,,,,0,0,,,,,0,0,0,0,0,,,,,0,4,0,4,0,0,0,0,0,0,0,0,0,0,4,0,4,0,0,4,0,4
9/1/2026,2022,20231034,46852,31130,DCP MIDSTREAM,Natural Gas,INTERSTATE,ALABAMA,0,0,0,0,0,0,0,0,0,0,0,0,0,0,0,0,0,0,0,0,0,0,0,0,0,0,0,0,0,0,0,0,29.248,29.248,0,0,29.248,0,0,0,29.248,29.248,0,0,0,29.248
9/1/2026,2022,20231034,46852,31130,DCP MIDSTREAM,Natural Gas,INTERSTATE,KANSAS,61.372,0,0,0,61.372,0,0,0,61.372,0,0,0,0,0,0,61.372,0,0,0,61.372,0,0,0,61.372,0,0,0,0,0,0,0,0,0,0,0,0,0,0,0,0,0,61.372,0,0,0,61.372
9/1/2026,2022,20231034,46852,31130,DCP MIDSTREAM,Natural Gas,INTERSTATE,OCS-Gulf of Mexico,0,0,0,0,0,0,0,0,0,0,0,0,0,0,0,0,0,0,0,0,0,0,0,0,0,0,0,0,0,0,0,0,0,0,90.053,90.053,90.053,0,0,0,90.053,90.053,0,0,0,90.053
9/1/2026,2022,20231034,46852,31130,DCP MIDSTREAM,Natural Gas,INTERSTATE,OKLAHOMA,38.033,0,0,0,38.033,0,0,0,38.033,0,0,0,0,0,0,38.033,0,0,0,38.033,0,0,0,38.033,0,0,0,0,0,0,0,0,173.255,173.255,0,0,173.255,0,0,0,173.255,211.288,0,0,0,211.288
9/1/2026,2022,20231034,46852,31130,DCP MIDSTREAM,Natural Gas,INTERSTATE,TEXAS,0,0,0,0,0,0,0,0,0,0,0,0,0,0,0,0,0,0,0,0,0,0,0,0,0,0,0,0,0,0,0,0,0.172,0.172,0,0,0.172,0,0,0,0.172,0.172,0,0,0,0.172
9/1/2026,2022,20231034,46852,31130,DCP MIDSTREAM,Natural Gas,INTRASTATE,ALABAMA,0.558,0,0,0,0.558,0,0,0,0.558,0,0,0,0,0,0,0.558,0,0,0,0.558,0,0,0,0.558,0,0,0,0,0,0,0,0,13.328,13.328,0,0,13.328,0,0,0,13.328,13.886,0,0,0,13.886
9/1/2026,2022,20231034,46852,31130,DCP MIDSTREAM,Natural Gas,INTRASTATE,COLORADO,30.826,6.269,2.291,0,39.386,0.775,3.144,0.01,35.457,0,0,0,0,0,0,30.826,6.269,2.291,0,39.386,0.775,3.144,0.01,35.457,192.384,77.763,0,270.147,0,44.163,0,44.163,749.666,749.666,0,0,749.666,192.384,121.926,0,1063.976,780.492,198.653,124.217,0,1103.362
9/1/2026,2022,20231034,46852,31130,DCP MIDSTREAM,Natural Gas,INTRASTATE,KANSAS,0,0,0,0,0,0,0,0,0,0,0,0,0,0,0,0,0,0,0,0,0,0,0,0,0,0.185,0,0.185,0,1.003,0,1.003,126.129,126.129,0,0,126.129,0,1.188,0,127.317,126.129,0,1.188,0,127.317
9/1/2026,2022,20231034,46852,31130,DCP MIDSTREAM,Natural Gas,INTRASTATE,LOUISIANA,0,0,0,0,0,0,0,0,0,0,0,0,0,0,0,0,0,0,0,0,0,0,0,0,0,0,0,0,0,0,0,0,18.032,18.032,0,0,18.032,0,0,0,18.032,18.032,0,0,0,18.032
9/1/2026,2022,20231034,46852,31130,DCP MIDSTREAM,Natural Gas,INTRASTATE,MICHIGAN,73.341,19.377,4.181,0,96.899,1.644,2.656,0,92.599,0,0,0,0,0,0,73.341,19.377,4.181,0,96.899,1.644,2.656,0,92.599,68.762,1.418,0,70.18,0,0,0,0,157.292,157.292,0,0,157.292,68.762,1.418,0,227.472,230.633,88.139,5.599,0,324.371
9/1/2026,2022,20231034,46852,31130,DCP MIDSTREAM,Natural Gas,INTRASTATE,NEW MEXICO,22.077,0,0,0,22.077,0,0,0,22.077,0,0,0,0,0,0,22.077,0,0,0,22.077,0,0,0,22.077,5.688,0.144,0,5.832,1.838,17.744,0,19.582,1019.231,1019.231,0,0,1019.231,7.526,17.888,0,1044.645,1041.308,7.526,17.888,0,1066.722
9/1/2026,2022,20231034,46852,31130,DCP MIDSTREAM,Natural Gas,INTRASTATE,OCS-Gulf of Mexico,0,0,0,0,0,0,0,0,0,0,0,0,0,0,0,0,0,0,0,0,0,0,0,0,0,0,0,0,0,0,0,0,,,79.711,79.711,79.711,0,0,0,79.711,79.711,0,0,0,79.711
9/1/2026,2022,20231034,46852,31130,DCP MIDSTREAM,Natural Gas,INTRASTATE,OKLAHOMA,11.416,0.293,0,0,11.709,0,0,0,11.709,0,0,0,0,0,0,11.416,0.293,0,0,11.709,0,0,0,11.709,12.513,1.245,0,13.758,17.692,126.662,0,144.354,1634.893,1634.893,0,0,1634.893,30.205,127.907,0,1793.005,1646.309,30.498,127.907,0,1804.714
9/1/2026,2022,20231034,46852,31130,DCP MIDSTREAM,Natural Gas,INTRASTATE,TEXAS,251.471,14.236,52.289,0,317.996,29.41,26.251,7.033,255.303,0,0,0,,,,251.471,14.236,52.289,0,317.996,29.41,26.251,7.033,255.303,130.472,85.717,0,216.189,24.228,43.378,0,67.606,3527.94,3527.94,0,0,3527.94,154.7,129.095,0,3811.735,3779.411,168.936,181.384,0,4129.731
9/1/2026,2022,20231358,42825,31142,NORTH SLOPE BOROUGH ENERGY MANAGEMENT,Natural Gas,INTRASTATE,ALASKA,13.7,3.7,2.6,0,20,0.35,,2.6,17.05,0,0,,,,,13.7,3.7,2.6,0,20,0.35,,2.6,17.05,0,0,0,0,0,0,0,0,0,0,0,0,0,0,0,0,0,13.7,3.7,2.6,0,20
9/1/2026,2022,20230872,42305,31145,PORTLAND NATURAL GAS TRANSMISSION SYSTEM,Natural Gas,INTERSTATE,MAINE,56.372,43.093,8.02,0,107.485,7.232,23.35,0,76.902,0,0,,,,,56.372,43.093,8.02,0,107.485,7.232,23.35,0,76.902,0,0,0,0,0,0,0,0,0,0,0,0,0,0,0,0,0,56.372,43.093,8.02,0,107.485
9/1/2026,2022,20230872,42305,31145,PORTLAND NATURAL GAS TRANSMISSION SYSTEM,Natural Gas,INTERSTATE,NEW HAMPSHIRE,50.557,23.676,5.802,0,80.035,13.078,11.679,0.32,54.956,0,0,,,,,50.557,23.676,5.802,0,80.035,13.078,11.679,0.32,54.956,0,0,0,0,0,0,0,0,0,0,0,0,0,0,0,0,0,50.557,23.676,5.802,0,80.035
9/1/2026,2022,20230872,42305,31145,PORTLAND NATURAL GAS TRANSMISSION SYSTEM,Natural Gas,INTERSTATE,VERMONT,0,0.568,0,0,0.568,0.327,0.241,0,0,0,0,,,,,0,0.568,0,0,0.568,0.327,0.241,0,0,0,0,0,0,0,0,0,0,0,0,0,0,0,0,0,0,0,0,0.568,0,0,0.568
9/1/2026,2022,20230743,42168,31159,"KANSAS GAS SERVICE COMPANY, A DIVISION OF ONE GAS, INC.",Natural Gas,INTRASTATE,KANSAS,1423.62,58.45,53.78,0,1535.85,14.43,12.81,34.72,1473.92,0,0,,,,,1423.62,58.45,53.78,0,1535.85,14.43,12.81,34.72,1473.92,0,0,0,0,0,0,0,0,0,0,0,0,0,0,0,0,0,1423.62,58.45,53.78,0,1535.85
9/1/2026,2022,20231094,42634,31178,XTO ENERGY INC,Natural Gas,INTRASTATE,LOUISIANA,15.4,3.2,0,0,18.6,,,,18.6,,0,,,,,15.4,3.2,0,0,18.6,,,,18.6,,,,0,,,,0,11.4,11.4,,0,11.4,0,0,0,11.4,26.8,3.2,0,0,30
9/1/2026,2022,20231094,42634,31178,XTO ENERGY INC,Natural Gas,INTRASTATE,NEW MEXICO,0.001,0,0,0,0.001,,,,,0,0,,,,,0.001,0,0,0,0.001,,,,,0,0,0,0,0,0,0,0,294.3,294.3,0,0,294.3,0,0,0,294.3,294.301,0,0,0,294.301
9/1/2026,2022,20231094,42634,31178,XTO ENERGY INC,Natural Gas,INTRASTATE,OKLAHOMA,0,0,0,0,0,,,,,,0,,,,,0,0,0,0,0,,,,,21,3.2,0,24.2,0,0,0,0,388,388,,0,388,21,3.2,0,412.2,388,21,3.2,0,412.2
9/1/2026,2022,20231094,42634,31178,XTO ENERGY INC,Natural Gas,INTRASTATE,PENNSYLVANIA,0,0,0,0,0,,,,,,0,,,,,0,0,0,0,0,,,,,4.2,0,0,4.2,0,0,0,0,9.3,9.3,,0,9.3,4.2,0,0,13.5,9.3,4.2,0,0,13.5
9/1/2026,2022,20231094,42634,31178,XTO ENERGY INC,Natural Gas,INTRASTATE,TEXAS,0,0,2.8,0,2.8,,,2.8,,0,0,,,,,0,0,2.8,0,2.8,,,2.8,,27.1,16.1,0,43.2,0,0,0,0,150.3,150.3,0,0,150.3,27.1,16.1,0,193.5,150.3,27.1,18.9,0,196.3
9/1/2026,2022,20230440,41840,31199,ALLIANCE PIPELINE L.P.,Natural Gas,INTERSTATE,ILLINOIS,113.24,5.06,4.51,0,122.81,12.17,9.72,,100.92,0,0,,,,,113.24,5.06,4.51,0,122.81,12.17,9.72,,100.92,0,0,0,0,0,0,0,0,0,0,0,0,0,0,0,0,0,113.24,5.06,4.51,0,122.81
9/1/2026,2022,20230440,41840,31199,ALLIANCE PIPELINE L.P.,Natural Gas,INTERSTATE,IOWA,186.2,2.12,0,0,188.32,3.08,6.84,,178.4,0,0,,,,,186.2,2.12,0,0,188.32,3.08,6.84,,178.4,0,0,0,0,0,0,0,0,0,0,0,0,0,0,0,0,0,186.2,2.12,0,0,188.32
9/1/2026,2022,20230440,41840,31199,ALLIANCE PIPELINE L.P.,Natural Gas,INTERSTATE,MINNESOTA,251.2,0,0,0,251.2,6.19,9.01,0,236,0,0,,,,,251.2,0,0,0,251.2,6.19,9.01,0,236,0,0,0,0,0,0,0,0,0,0,0,0,0,0,0,0,0,251.2,0,0,0,251.2
9/1/2026,2022,20230440,41840,31199,ALLIANCE PIPELINE L.P.,Natural Gas,INTERSTATE,NORTH DAKOTA,404.36,0,0,0,404.36,0.84,3.64,0,399.88,0,0,,,,,404.36,0,0,0,404.36,0.84,3.64,0,399.88,0,0,0,0,0,0,0,0,0,0,0,0,0,0,0,0,0,404.36,0,0,0,404.36
9/1/2026,2022,20231043,42486,31202,"ENABLE MIDSTREAM PARTNERS, LP",Natural Gas,INTRASTATE,ARKANSAS,15.52,0.44,0.62,0,16.58,0.12,0,0.5,15.96,0,0,,,,,15.52,0.44,0.62,0,16.58,0.12,0,0.5,15.96,17.44,1.72,0,19.16,12.48,13.72,0,26.2,123.52,123.52,0,0,123.52,29.92,15.44,0,168.88,139.04,30.36,16.06,0,185.46
9/1/2026,2022,20231043,42486,31202,"ENABLE MIDSTREAM PARTNERS, LP",Natural Gas,INTRASTATE,LOUISIANA,7.59,0,0,0,7.59,0,0,0,7.59,0,0,,,,,7.59,0,0,0,7.59,0,0,0,7.59,14.18,0,0,14.18,2.88,1,0,3.88,494.04,494.04,0,0,494.04,17.06,1,0,512.1,501.63,17.06,1,0,519.69
9/1/2026,2022,20231043,42486,31202,"ENABLE MIDSTREAM PARTNERS, LP",Natural Gas,INTRASTATE,OKLAHOMA,0,0,0,0,0,0,0,0,0,0,0,,,,,0,0,0,0,0,0,0,0,0,0,1.96,0,1.96,2.22,2.9,0,5.12,61.01,61.01,0,0,61.01,2.22,4.86,0,68.09,61.01,2.22,4.86,0,68.09
9/1/2026,2022,20231043,42486,31202,"ENABLE MIDSTREAM PARTNERS, LP",Natural Gas,INTRASTATE,TEXAS,4.71,0.44,0,0,5.15,0,0,0,5.15,0,0,,,,,4.71,0.44,0,0,5.15,0,0,0,5.15,32.43,9.34,0,41.77,1.74,0,0,1.74,402.29,402.29,0,0,402.29,34.17,9.34,0,445.8,407,34.61,9.34,0,450.95
9/1/2026,2022,20230486,41892,31225,CLEVELAND-CLIFFS STEEL CORPORATION,Natural Gas,INTRASTATE,OHIO,5.779,3.016,1.042,0,9.837,1.721,0.659,0.145,7.312,0,0,,,,,5.779,3.016,1.042,0,9.837,1.721,0.659,0.145,7.312,0,0,0,0,0,0,0,0,0,0,0,0,0,0,0,0,0,5.779,3.016,1.042,0,9.837
9/1/2026,2022,20231330,42795,31228,"CALIFORNIA RESOURCES ELK HILLS, LLC",Natural Gas,INTRASTATE,CALIFORNIA,23.7,0,0,0,23.7,,,,23.7,0,0,,,,,23.7,0,0,0,23.7,,,,23.7,0,0,0,0,0,0,0,0,103.02,103.02,0,0,103.02,0,0,0,103.02,126.72,0,0,0,126.72
9/1/2026,2022,20230149,41536,31232,AVISTA CORP,Natural Gas,INTRASTATE,OREGON,13.737,0.984,0,0,14.721,0,0,0,14.721,0,0,,,,,13.737,0.984,0,0,14.721,0,0,0,14.721,0,0,0,0,0,0,0,0,0,0,0,0,0,0,0,0,0,13.737,0.984,0,0,14.721
9/1/2026,2022,20230149,41536,31232,AVISTA CORP,Natural Gas,INTRASTATE,WASHINGTON,58.519,12.043,5.992,0,76.554,0,0,5.992,70.562,0,0,,,,,58.519,12.043,5.992,0,76.554,0,0,5.992,70.562,0,0,0,0,0,0,0,0,0,0,0,0,0,0,0,0,0,58.519,12.043,5.992,0,76.554
9/1/2026,2022,20230082,42146,31245,ATI METALS,Natural Gas,INTRASTATE,OREGON,1.22,1.21,2.47,0,4.9,0.6,1.4,0.7,2.2,0,0,,,,,1.22,1.21,2.47,0,4.9,0.6,1.4,0.7,2.2,0,0,0,0,0,0,0,0,0,0,0,0,0,0,0,0,0,1.22,1.21,2.47,0,4.9
9/1/2026,2022,20231145,42596,31251,"MORTON INTERNATIONAL INC, - SALT DIVISION",Natural Gas,INTRASTATE,TEXAS,1.695,0.89,0.136,0,2.721,,,0.136,2.585,0,0,,,,,1.695,0.89,0.136,0,2.721,,,0.136,2.585,0,0,0,0,0,0,0,0,0,0,0,0,0,0,0,0,0,1.695,0.89,0.136,0,2.721
9/1/2026,2022,20230379,42268,31256,"JGE GAS SOLUTIONS, LP",Natural Gas,INTRASTATE,TEXAS,6.5,0.8,0.1,0,7.4,0.1,0,0.1,7.2,0,0,,,,,6.5,0.8,0.1,0,7.4,0.1,0,0.1,7.2,0,0,0,0,0,0,0,0,0,0,0,0,0,0,0,0,0,6.5,0.8,0.1,0,7.4
9/1/2026,2022,20231028,42470,31269,KINDER MORGAN NORTH TEXAS PIPELINE,Natural Gas,INTRASTATE,TEXAS,65.488,6.045,10.887,0,82.42,7.42,12.267,,62.733,0,0,,,,,65.488,6.045,10.887,0,82.42,7.42,12.267,,62.733,0,0,0,0,0,0,0,0,0,0,0,0,0,0,0,0,0,65.488,6.045,10.887,0,82.42
9/1/2026,2022,20230906,42339,31286,"ONEOK GAS TRANSPORTATION, LLC",Natural Gas,INTRASTATE,OKLAHOMA,2311.64,161.38,130.83,0,2603.85,71.01,109.36,19.3,2404.15,0,0,,,,,2311.64,161.38,130.83,0,2603.85,71.01,109.36,19.3,2404.15,1.98,0,0,1.98,0,0,0,0,83.21,83.21,0,0,83.21,1.98,0,0,85.19,2394.85,163.36,130.83,0,2689.04
9/1/2026,2022,20231206,42665,31287,WILD GOOSE STORAGE LLC,Natural Gas,INTRASTATE,CALIFORNIA,33.4,0.3,0,0,33.7,0.5,0.7,0,32.5,0,0,,,,,33.4,0.3,0,0,33.7,0.5,0.7,0,32.5,0,0,0,0,0,0,0,0,0,0,0,0,0,0,0,0,0,33.4,0.3,0,0,33.7
9/1/2026,2022,20230588,41998,31307,"DOW HYDROCARBONS & RESOURCES, INC",Natural Gas,INTRASTATE,LOUISIANA,3.66,0,0,0,3.66,0,,,3.66,0,0,,,,,3.66,0,0,0,3.66,0,,,3.66,0,0,0,0,0,0,0,0,0,0,0,0,0,0,0,0,0,3.66,0,0,0,3.66
9/1/2026,2022,20230009,41392,31312,WEST PHOENIX POWER PLANT,Natural Gas,INTRASTATE,ARIZONA,0.649,0.43,0,0,1.079,0,,0,1.079,0,0,,,,,0.649,0.43,0,0,1.079,0,,0,1.079,0,0,0,0,0,0,0,0,0,0,0,0,0,0,0,0,0,0.649,0.43,0,0,1.079
9/1/2026,2022,20230015,41398,31313,ACME BRICK LATERAL - KN ENGERY,Natural Gas,INTRASTATE,ARKANSAS,6,2,1,0,9,0,1,0,8,0,0,,,,,6,2,1,0,9,0,1,0,8,0,0,0,0,0,0,0,0,0,0,0,0,0,0,0,0,0,6,2,1,0,9
9/1/2026,2022,20231187,42968,31316,COLORADO NATURAL GAS INC.,Natural Gas,INTRASTATE,COLORADO,2.97,1.42,2.11,0,6.5,,,2.11,4.39,0,0,,,,,2.97,1.42,2.11,0,6.5,,,2.11,4.39,0,0,0,0,0,0,0,0,0,0,0,0,0,0,0,0,0,2.97,1.42,2.11,0,6.5
9/1/2026,2022,20230300,43898,31330,CLECO POWER LLC,Natural Gas,INTRASTATE,LOUISIANA,8.46,0,0,0,8.46,0,0,0,8.46,0,0,,,,,8.46,0,0,0,8.46,0,0,0,8.46,0,0,0,0,0,0,0,0,0,0,0,0,0,0,0,0,0,8.46,0,0,0,8.46
9/1/2026,2022,20230505,42008,31335,"MARITIMES & NORTHEAST PIPELINE, L.L.C. (SPECTRA ENERGY PARTNERS, LP)",Natural Gas,INTERSTATE,MAINE,209.14,46.8,12.81,0,268.75,23.39,48.04,0,197.32,0,0,,,,,209.14,46.8,12.81,0,268.75,23.39,48.04,0,197.32,0,0,0,0,0,0,0,0,0,0,0,0,0,0,0,0,0,209.14,46.8,12.81,0,268.75
9/1/2026,2022,20230505,42008,31335,"MARITIMES & NORTHEAST PIPELINE, L.L.C. (SPECTRA ENERGY PARTNERS, LP)",Natural Gas,INTERSTATE,MASSACHUSETTS,8.46,5.87,26.92,0,41.25,31.62,7.49,0,2.14,0,0,0,,,,8.46,5.87,26.92,0,41.25,31.62,7.49,0,2.14,0,0,0,0,0,0,0,0,0,0,0,0,0,0,0,0,0,8.46,5.87,26.92,0,41.25
9/1/2026,2022,20230505,42008,31335,"MARITIMES & NORTHEAST PIPELINE, L.L.C. (SPECTRA ENERGY PARTNERS, LP)",Natural Gas,INTERSTATE,NEW HAMPSHIRE,9.28,7.83,16.17,0,33.28,19.73,7.79,0,5.76,0,0,,,,,9.28,7.83,16.17,0,33.28,19.73,7.79,0,5.76,0,0,0,0,0,0,0,0,0,0,0,0,0,0,0,0,0,9.28,7.83,16.17,0,33.28
9/1/2026,2022,20230533,41939,31341,OLIKTOK PIPELINE COMPANY,Natural Gas,INTRASTATE,ALASKA,27.622,0,0.307,0,27.929,0,0.307,0,27.622,,0,,,,,27.622,0,0.307,0,27.929,0,0.307,0,27.622,0,0.144,0,0.144,0,0,0,0,0,0,,0,0,0,0.144,0,0.144,27.622,0,0.451,0,28.073
9/1/2026,2022,20230786,46743,31348,ATMOS ENERGY CORPORATION - MID-TEX,Natural Gas,INTRASTATE,TEXAS,84.147,41.814,234.709,13.669,374.339,95.938,72.008,85.353,120.805,0,0,,,,,84.147,41.814,234.709,13.669,374.339,95.938,72.008,85.353,120.805,0,0,0,0,0,0,0,0,0,0,0,0,0,0,0,0,0,84.147,41.814,234.709,13.669,374.339
9/1/2026,2022,20230277,41670,31356,"VECTOR PIPELINE, L.P.",Natural Gas,INTERSTATE,ILLINOIS,23.28,8.83,3.37,0,35.48,9.09,11.05,,15.34,0,0,,,,,23.28,8.83,3.37,0,35.48,9.09,11.05,,15.34,0,0,0,0,0,0,0,0,0,0,0,0,0,0,0,0,0,23.28,8.83,3.37,0,35.48
9/1/2026,2022,20230277,41670,31356,"VECTOR PIPELINE, L.P.",Natural Gas,INTERSTATE,INDIANA,34.77,22.89,11.87,0,69.53,20.39,21.35,0,27.79,0,0,,,,,34.77,22.89,11.87,0,69.53,20.39,21.35,0,27.79,0,0,0,0,0,0,0,0,0,0,0,0,0,0,0,0,0,34.77,22.89,11.87,0,69.53
9/1/2026,2022,20230277,41670,31356,"VECTOR PIPELINE, L.P.",Natural Gas,INTERSTATE,MICHIGAN,106.41,56.89,9.12,0,172.42,25.7,63.89,0,82.83,0,0,0,,,,106.41,56.89,9.12,0,172.42,25.7,63.89,0,82.83,0,0,0,0,0,0,0,0,0,0,0,0,0,0,0,0,0,106.41,56.89,9.12,0,172.42
9/1/2026,2022,20230926,42359,31365,"AMERICAN MIDSTREAM (SEACREST), LP",Natural Gas,INTERSTATE,LOUISIANA,0,0,0,0,0,,,,,0,0,,,,,0,0,0,0,0,,,,,0,0,0,0,0,0,0,0,0,0,37.25,37.25,37.25,0,0,0,37.25,37.25,0,0,0,37.25
9/1/2026,2022,20230926,42359,31365,"AMERICAN MIDSTREAM (SEACREST), LP",Natural Gas,INTERSTATE,OCS-Gulf of Mexico,0,0,0,0,0,,,,,0,0,,,,,0,0,0,0,0,,,,,0,0,0,0,0,0,0,0,0,0,11.04,11.04,11.04,0,0,0,11.04,11.04,0,0,0,11.04
9/1/2026,2022,20230962,46838,31368,SMARR ENERGY FACILITY,Natural Gas,INTRASTATE,GEORGIA,1,0,0,0,1,0,1,0,0,0,0,,,,,1,0,0,0,1,0,1,0,0,0,0,0,0,0,0,0,0,0,0,0,0,0,0,0,0,0,1,0,0,0,1
9/1/2026,2022,20231328,42793,31371,"BUCKEYE DEVELOPMENT & LOGISTICS, LLC",Hydrogen Gas,INTRASTATE,TEXAS,2.018,0.456,0,0,2.474,0,0,0,2.475,0,0,,,,,2.018,0.456,0,0,2.474,0,0,0,2.475,0,0,0,0,0,0,0,0,0,0,0,0,0,0,0,0,0,2.018,0.456,0,0,2.474
9/1/2026,2022,20231326,42791,31371,"BUCKEYE DEVELOPMENT & LOGISTICS, LLC",Natural Gas,INTRASTATE,TEXAS,13.809,3.653,0.904,0,18.366,0.362,0.222,0.334,17.449,0,0,,,,,13.809,3.653,0.904,0,18.366,0.362,0.222,0.334,17.449,0,0,0,0,0,0,0,0,0,0,0,0,0,0,0,0,0,13.809,3.653,0.904,0,18.366
9/1/2026,2022,20230307,42560,31372,TICONA POLYMERS INC,Natural Gas,INTRASTATE,TEXAS,24.02,3.26,0,0,27.28,0.26,0.55,0,26.47,0,0,,,,,24.02,3.26,0,0,27.28,0.26,0.55,0,26.47,0,0,0,0,0,0,0,0,0,0,0,0,0,0,0,0,0,24.02,3.26,0,0,27.28
9/1/2026,2022,20230063,41448,31389,"ALLIANCE ENERGY TRANSMISSIONS - SYRACUSE, LLC",Natural Gas,INTRASTATE,NEW YORK,0,0,6.5,3.1,9.6,3.1,,6.5,,0,0,,,,,0,0,6.5,3.1,9.6,3.1,,6.5,,0,0,0,0,0,0,0,0,0,0,0,0,0,0,0,0,0,0,0,6.5,3.1,9.6
9/1/2026,2022,20230422,41821,31390,OREGON STEEL MILLS,Natural Gas,INTRASTATE,OREGON,0,1.2,0,0,1.2,0,0,0,1.2,0,0,,,,,0,1.2,0,0,1.2,0,0,0,1.2,0,0,0,0,0,0,0,0,0,0,0,0,0,0,0,0,0,0,1.2,0,0,1.2
9/1/2026,2022,20230122,41509,31392,SUNFLOWER ELECTRIC POWER CORP,Natural Gas,INTRASTATE,KANSAS,17.235,0.549,0.427,0,18.211,,,0.427,17.784,0,0,,,,,17.235,0.549,0.427,0,18.211,,,0.427,17.784,0,0,0,0,0,0,0,0,0,0,0,0,0,0,0,0,0,17.235,0.549,0.427,0,18.211
9/1/2026,2022,20231298,42761,31395,"BBT TENNESSEE RIVER, LLC",Natural Gas,INTRASTATE,ALABAMA,24.203,3.31,11.161,0,38.674,0.601,2.757,8.536,26.78,0,0,,,,,24.203,3.31,11.161,0,38.674,0.601,2.757,8.536,26.78,0,0,0,0,0,0,0,0,0,0,0,0,0,0,0,0,0,24.203,3.31,11.161,0,38.674
9/1/2026,2022,20230417,41816,31406,FRONTIER NATURAL GAS COMPANY,Natural Gas,INTRASTATE,NORTH CAROLINA,20.95,50.67,66.82,0,138.44,13.25,55.3,2.39,67.5,0,0,,,,,20.95,50.67,66.82,0,138.44,13.25,55.3,2.39,67.5,0,0,0,0,0,0,0,0,0,0,0,0,0,0,0,0,0,20.95,50.67,66.82,0,138.44
9/1/2026,2022,20230421,41820,31408,DALLAS PRODUCTION INC,Natural Gas,INTRASTATE,TEXAS,0,0,0,0,0,,,,,0,0,,,,,0,0,0,0,0,,,,,17.028,0,0,17.028,0,0,0,0,0,0,0,0,0,17.028,0,0,17.028,0,17.028,0,0,17.028
9/1/2026,2022,20230016,41399,31416,CITY OF WALL LAKE,Natural Gas,INTRASTATE,IOWA,11,0,0,0,11,0,,,11,0,0,,,,,11,0,0,0,11,0,,,11,0,0,0,0,0,0,0,0,0,0,0,0,0,0,0,0,0,11,0,0,0,11
9/1/2026,2022,20231302,42765,31424,"BBT SIGCO INTRASTATE, LLC",Natural Gas,INTRASTATE,LOUISIANA,32.346,0.578,2.671,0.21,35.805,0.805,1.809,0.397,32.794,0,0,,,,,32.346,0.578,2.671,0.21,35.805,0.805,1.809,0.397,32.794,0,0,0,0,0,0,0,0,0,0,0,0,0,0,0,0,0,32.346,0.578,2.671,0.21,35.805
9/1/2026,2022,20231304,42767,31425,"PALO DURO PIPELINES (TEXAS GATHERING), L.P.",Natural Gas,INTRASTATE,OKLAHOMA,80.58,0.91,2.44,0,83.93,0.86,2.23,0,80.83,0,0,,,,,80.58,0.91,2.44,0,83.93,0.86,2.23,0,80.83,,,0,0,0,0,0,0,461.84,461.84,0,0,461.84,0,0,0,461.84,542.42,0.91,2.44,0,545.77
9/1/2026,2022,20231304,42767,31425,"PALO DURO PIPELINES (TEXAS GATHERING), L.P.",Natural Gas,INTRASTATE,TEXAS,145.29,0,0,0,145.29,0,0.32,0,144.97,0,0,,,,,145.29,0,0,0,145.29,0,0.32,0,144.97,0,0,0,0,0,0,0,0,1036.25,1036.25,0,0,1036.25,0,0,0,1036.25,1181.54,0,0,0,1181.54
9/1/2026,2022,20231301,42764,31426,BBT ONSHORE PIPELINES LLC,Natural Gas,INTRASTATE,LOUISIANA,42.011,0,0.191,0,42.202,0.181,,0.01,42.011,0,0,,,,,42.011,0,0.191,0,42.202,0.181,,0.01,42.011,0,0,0,0,0,0,0,0,0,0,0,0,0,0,0,0,0,42.011,0,0.191,0,42.202
9/1/2026,2022,20230671,42091,31430,MORTIMER PRODUCTION COMPANY,Natural Gas,INTRASTATE,TEXAS,0,0,0,0,0,,,,,0,0,,,,,0,0,0,0,0,,,,,0.23,3.22,0,3.45,0,0,0,0,0,0,0,0,0,0.23,3.22,0,3.45,0,0.23,3.22,0,3.45
9/1/2026,2022,20230709,42130,31439,HARDEE POWER PARTNERS LTD,Natural Gas,INTRASTATE,FLORIDA,9.9,0,0,0,9.9,9.9,,,,0,0,,,,,9.9,0,0,0,9.9,9.9,,,,0,0,0,0,0,0,0,0,0,0,0,0,0,0,0,0,0,9.9,0,0,0,9.9
9/1/2026,2022,20230420,41819,31442,DOUGLAS PIPELINE CO,Landfill Gas,INTRASTATE,PENNSYLVANIA,6,0,17,0,23,,,17,6,0,0,,,,,6,0,17,0,23,,,17,6,0,0,0,0,0,0,0,0,0,0,0,0,0,0,0,0,0,6,0,17,0,23
9/1/2026,2022,20230420,41819,31442,DOUGLAS PIPELINE CO,Landfill Gas,INTRASTATE,RHODE ISLAND,0,0.5,0,0,0.5,,,,0.5,0,0,,,,,0,0.5,0,0,0.5,,,,0.5,0,0,0,0,0,0,0,0,,,0,0,0,0,0,0,0,0,0.5,0,0,0.5
9/1/2026,2022,20230420,41819,31442,DOUGLAS PIPELINE CO,Landfill Gas,INTRASTATE,SOUTH CAROLINA,0,4.7,1,0,5.7,,,1,4.7,0,0,,,,,0,4.7,1,0,5.7,,,1,4.7,0,0,0,0,0,0,0,0,0,0,0,0,0,0,0,0,0,0,4.7,1,0,5.7
9/1/2026,2022,20230582,41991,31442,DOUGLAS PIPELINE CO,Natural Gas,INTERSTATE,PENNSYLVANIA,18.68,0,0,0,18.68,,,,18.68,0,0,,,,,18.68,0,0,0,18.68,,,,18.68,0,0,0,0,0,0,0,0,0,0,0,0,0,0,0,0,0,18.68,0,0,0,18.68
9/1/2026,2022,20230582,41991,31442,DOUGLAS PIPELINE CO,Natural Gas,INTERSTATE,WEST VIRGINIA,0.02,0,0,0,0.02,,,,,,0,,,,,0.02,0,0,0,0.02,,,,,,,,0,,,,0,,,,0,0,0,0,0,0,0.02,0,0,0,0.02
9/1/2026,2022,20230582,41991,31442,DOUGLAS PIPELINE CO,Natural Gas,INTRASTATE,IDAHO,1.6,0,0.4,0,2,0.4,0.15,,1.45,,0,,,,,1.6,0,0.4,0,2,0.4,0.15,,1.45,0,0,0,0,0,0,0,0,0,0,0,0,0,0,0,0,0,1.6,0,0.4,0,2
9/1/2026,2022,20230582,41991,31442,DOUGLAS PIPELINE CO,Natural Gas,INTRASTATE,MARYLAND,0,0,1.2,0,1.2,0.2,0.02,0.98,,0,0,,,,,0,0,1.2,0,1.2,0.2,0.02,0.98,,0,0,0,0,0,0,0,0,0,0,0,0,0,0,0,0,0,0,0,1.2,0,1.2
9/1/2026,2022,20230582,41991,31442,DOUGLAS PIPELINE CO,Natural Gas,INTRASTATE,NEW JERSEY,0.6,2,0,0,2.6,0.4,,,2.2,,0,,,,,0.6,2,0,0,2.6,0.4,,,2.2,0,0,0,0,0,0,0,0,,,0,0,0,0,0,0,0,0.6,2,0,0,2.6
9/1/2026,2022,20230582,41991,31442,DOUGLAS PIPELINE CO,Natural Gas,INTRASTATE,OHIO,4.57,4.85,0.8,0,10.22,0,,0.8,9.42,0,0,,,,,4.57,4.85,0.8,0,10.22,0,,0.8,9.42,0,0,0,0,0,0,0,0,,,0,0,0,0,0,0,0,4.57,4.85,0.8,0,10.22
9/1/2026,2022,20230582,41991,31442,DOUGLAS PIPELINE CO,Natural Gas,INTRASTATE,OKLAHOMA,0,3.6,0,0,3.6,,,3.6,,,0,,,,,0,3.6,0,0,3.6,,,3.6,,0,0,0,0,0,0,0,0,,,0,0,0,0,0,0,0,0,3.6,0,0,3.6
9/1/2026,2022,20230582,41991,31442,DOUGLAS PIPELINE CO,Natural Gas,INTRASTATE,PENNSYLVANIA,3.3,15.7,0,0,19,,,,19,0,0,,,,,3.3,15.7,0,0,19,,,,19,0,0,0,0,0,0,0,0,0,0,0,0,0,0,0,0,0,3.3,15.7,0,0,19
9/1/2026,2022,20230582,41991,31442,DOUGLAS PIPELINE CO,Natural Gas,INTRASTATE,SOUTH CAROLINA,0,5.5,3.6,0,9.1,0.1,0.4,3.2,5.4,,0,,,,,0,5.5,3.6,0,9.1,0.1,0.4,3.2,5.4,0,0,0,0,0,0,0,0,,,0,0,0,0,0,0,0,0,5.5,3.6,0,9.1
9/1/2026,2022,20230582,41991,31442,DOUGLAS PIPELINE CO,Natural Gas,INTRASTATE,UTAH,4.5,0,0,0,4.5,,,,4.5,0,0,,,,,4.5,0,0,0,4.5,,,,4.5,0,0,0,0,0,0,0,0,0,0,0,0,0,0,0,0,0,4.5,0,0,0,4.5
9/1/2026,2022,20231429,42966,31443,"ALON USA, LP",Natural Gas,INTRASTATE,TEXAS,16,0,0.5,0,16.5,0.5,0,0,16,0,0,,,,,16,0,0.5,0,16.5,0.5,0,0,16,0,0,0,0,0,0,0,0,0,0,0,0,0,0,0,0,0,16,0,0.5,0,16.5
9/1/2026,2022,20231120,42570,31451,KINDER MORGAN TEXAS PIPELINE CO,Natural Gas,INTRASTATE,TEXAS,1958.375,154.614,354.843,0.253,2468.085,262.205,209.532,34.717,1961.631,0,0,0,0,0,0,1958.375,154.614,354.843,0.253,2468.085,262.205,209.532,34.717,1961.631,5.999,1.061,0,7.06,2.752,0.007,0,2.759,445.6,445.6,0,0,445.6,8.751,1.068,0,455.419,2403.975,163.365,355.911,0.253,2923.504
9/1/2026,2022,20230735,46883,31470,VECTREN ENERGY DELIVERY OF OHIO,Natural Gas,INTRASTATE,OHIO,103.656,40.633,87.738,0,232.027,44.596,32.661,15.404,139.366,0,0,,,,,103.656,40.633,87.738,0,232.027,44.596,32.661,15.404,139.366,0,0,0,0,0,0,0,0,0,0,0,0,0,0,0,0,0,103.656,40.633,87.738,0,232.027
9/1/2026,2022,20230757,43082,31472,SCISSORTAIL ENERGY LLC,Natural Gas,INTRASTATE,OKLAHOMA,60.619,1.592,0,0,62.211,0,0,0,62.211,0,0,,,,,60.619,1.592,0,0,62.211,0,0,0,62.211,9.677,1.415,0,11.092,24.089,7.411,0,31.5,315.982,315.982,0,0,315.982,33.766,8.826,0,358.574,376.601,35.358,8.826,0,420.785
9/1/2026,2022,20231139,42918,31477,CPN PIPELINE COMPANY,Natural Gas,INTRASTATE,ARIZONA,1.1,0,0,0,1.1,0,,,1.1,0,0,,,,,1.1,0,0,0,1.1,0,,,1.1,0,0,0,0,0,0,0,0,0,0,0,0,0,0,0,0,0,1.1,0,0,0,1.1
9/1/2026,2022,20231139,42918,31477,CPN PIPELINE COMPANY,Natural Gas,INTRASTATE,CALIFORNIA,66.1,0.7,48.2,0,115,13.6,7.7,28.4,65.3,0,0,,,,,66.1,0.7,48.2,0,115,13.6,7.7,28.4,65.3,19.3,0.5,0,19.8,0,0,0,0,139.5,139.5,0,0,139.5,19.3,0.5,0,159.3,205.6,20,48.7,0,274.3
9/1/2026,2022,20231139,42918,31477,CPN PIPELINE COMPANY,Natural Gas,INTRASTATE,OREGON,4.1,0,0,0,4.1,0,,,4.1,0,0,,,,,4.1,0,0,0,4.1,0,,,4.1,0,0,0,0,0,0,0,0,0,0,0,0,0,0,0,0,0,4.1,0,0,0,4.1
9/1/2026,2022,20230989,42428,31481,BANGOR NATURAL GAS CO.,Natural Gas,INTRASTATE,MAINE,1.385,7.591,0.07,0,9.046,0,0.167,0.07,8.809,0,0,,,,,1.385,7.591,0.07,0,9.046,0,0.167,0.07,8.809,0,0,0,0,0,0,0,0,0,0,0,0,0,0,0,0,0,1.385,7.591,0.07,0,9.046
9/1/2026,2022,20230503,41909,31485,ENBRIDGE OFFSHORE (GAS GATHERING) L.L.C.,Natural Gas,INTERSTATE,LOUISIANA,33.98,0,0,0,33.98,0.62,0.95,0,32.41,7.28,7.28,0,0,0,7.28,41.26,0,0,0,41.26,0.62,0.95,0,39.69,0,0,0,0,0,0,0,0,,,0,0,0,0,0,0,0,41.26,0,0,0,41.26
9/1/2026,2022,20230503,41909,31485,ENBRIDGE OFFSHORE (GAS GATHERING) L.L.C.,Natural Gas,INTERSTATE,OCS-Gulf of Mexico,0,0,0,0,0,0,0,0,0,152.54,152.54,0,0,0,152.54,152.54,0,0,0,152.54,0,0,0,152.54,0,0,0,0,0,0,0,0,,,201.05,201.05,201.05,0,0,0,201.05,353.59,0,0,0,353.59
9/1/2026,2022,20230815,42243,31486,MoGAS PIPELINE LLC,Natural Gas,INTERSTATE,ILLINOIS,0.15,0.57,0.59,0,1.31,0.55,0.13,0.04,0.59,0,0,,,,,0.15,0.57,0.59,0,1.31,0.55,0.13,0.04,0.59,0,0,0,0,0,0,0,0,0,0,0,0,0,0,0,0,0,0.15,0.57,0.59,0,1.31
9/1/2026,2022,20230815,42243,31486,MoGAS PIPELINE LLC,Natural Gas,INTERSTATE,MISSOURI,159.72,80.46,21.49,0,261.67,7.75,3.27,12.26,238.39,0,0,,,,,159.72,80.46,21.49,0,261.67,7.75,3.27,12.26,238.39,0,0,0,0,0,0,0,0,0,0,0,0,0,0,0,0,0,159.72,80.46,21.49,0,261.67
9/1/2026,2022,20230971,42407,31487,MAINE NATURAL GAS,Natural Gas,INTRASTATE,MAINE,0,0,2,0,2,,,2,,0,0,,,,,0,0,2,0,2,,,2,,0,0,0,0,0,0,0,0,0,0,0,0,0,0,0,0,0,0,0,2,0,2
9/1/2026,2022,20230490,43049,31492,TARGA PIPELINE MID-CONTINENT LLC,Natural Gas,INTRASTATE,OKLAHOMA,4.9,0,0,0,4.9,,,,4.9,0,0,,,,,4.9,0,0,0,4.9,,,,4.9,34.22,0.85,0,35.07,0.91,15.36,0,16.27,158.45,158.45,0,0,158.45,35.13,16.21,0,209.79,163.35,35.13,16.21,0,214.69
9/1/2026,2022,20230490,43049,31492,TARGA PIPELINE MID-CONTINENT LLC,Natural Gas,INTRASTATE,TEXAS,0,0,0,0,0,,,,,0,0,,,,,0,0,0,0,0,,,,,0,0,0,0,0,0.51,0,0.51,0,0,0,0,0,0,0.51,0,0.51,0,0,0.51,0,0.51
9/1/2026,2022,20230027,41410,31494,CITY WATER AND LIGHT PLANT,Natural Gas,INTRASTATE,ARKANSAS,9.55,2,0,0,11.55,,,,11.55,0,0,,,,,9.55,2,0,0,11.55,,,,11.55,0,0,0,0,0,0,0,0,0,0,0,0,0,0,0,0,0,9.55,2,0,0,11.55
9/1/2026,2022,20230830,42259,31501,"M-R VENTURES, LLC",Natural Gas,INTRASTATE,MICHIGAN,1.53,0,0,0,1.53,,,,1.53,0,0,,,,,1.53,0,0,0,1.53,,,,1.53,0,0,0,0,0,0,0,0,0,0,0,0,0,0,0,0,0,1.53,0,0,0,1.53
9/1/2026,2022,20230885,42318,31502,OCCIDENTAL PERMIAN LTD,Natural Gas,INTRASTATE,NEW MEXICO,0,0,0,0,0,,,,,,0,,,,,0,0,0,0,0,,,,,0,0,0,0,0,0,0,0,4.36,4.36,,0,4.36,0,0,0,4.36,4.36,0,0,0,4.36
9/1/2026,2022,20230885,42318,31502,OCCIDENTAL PERMIAN LTD,Natural Gas,INTRASTATE,TEXAS,36.76,0.25,1.64,0,38.65,0,0.22,1.42,37.01,,0,,,,,36.76,0.25,1.64,0,38.65,0,0.22,1.42,37.01,0,0,0,0,0,0,0,0,63.89,63.89,,0,63.89,0,0,0,63.89,100.65,0.25,1.64,0,102.54
9/1/2026,2022,20230723,42145,31506,CONOCOPHILLIPS COMPANY (E&P-L-48),Natural Gas,INTRASTATE,TEXAS,0,0,0,0,0,,,,,0,0,,,,,0,0,0,0,0,,,,,0,0,0,0,0,0,0,0,646.107,646.107,0,0,646.107,0,0,0,646.107,646.107,0,0,0,646.107
9/1/2026,2022,20230117,41791,31516,"LOUISIANA GENERATING, LLC",Natural Gas,INTRASTATE,LOUISIANA,16.3,1.8,1.8,0,19.9,0.3,0.2,1.3,18.1,0,0,,,,,16.3,1.8,1.8,0,19.9,0.3,0.2,1.3,18.1,0,0,0,0,0,0,0,0,0,0,0,0,0,0,0,0,0,16.3,1.8,1.8,0,19.9
9/1/2026,2022,20230220,41611,31520,MISSION NATURAL GAS,Natural Gas,INTRASTATE,LOUISIANA,1.32,0,0,0,1.32,0,0,0,1.32,0,0,,,,,1.32,0,0,0,1.32,0,0,0,1.32,0,0,0,0,0,0,0,0,0,0,0,0,0,0,0,0,0,1.32,0,0,0,1.32
9/1/2026,2022,20230113,43149,31522,KB PIPELINE,Natural Gas,INTERSTATE,OREGON,0,1.14,0,0,1.14,0,0.66,0,0.48,0,0,,,,,0,1.14,0,0,1.14,0,0.66,0,0.48,0,0,0,0,0,0,0,0,0,0,0,0,0,0,0,0,0,0,1.14,0,0,1.14
9/1/2026,2022,20230113,43149,31522,KB PIPELINE,Natural Gas,INTERSTATE,WASHINGTON,0,17.04,0,0,17.04,,,,17.04,,0,,,,,0,17.04,0,0,17.04,,,,17.04,,,,0,,,,0,,,,0,0,0,0,0,0,0,17.04,0,0,17.04
9/1/2026,2022,20230658,42078,31528,"SALT PLAINS STORAGE, LLC",Natural Gas,INTRASTATE,OKLAHOMA,21.1,0,0,0,21.1,,,,21.1,0,0,,,,,21.1,0,0,0,21.1,,,,21.1,0,0,0,0,0,0,0,0,0,0,0,0,0,0,0,0,0,21.1,0,0,0,21.1
9/1/2026,2022,20230907,46763,31531,"ONEOK WESTEX TRANSMISSION, LLC",Natural Gas,INTRASTATE,TEXAS,2326.18,40.33,33.82,0,2400.33,27.87,57.84,4.89,2309.65,0,0,,,,,2326.18,40.33,33.82,0,2400.33,27.87,57.84,4.89,2309.65,0,0,0,0,0,0,0,0,0,0,0,0,0,0,0,0,0,2326.18,40.33,33.82,0,2400.33
9/1/2026,2022,20230909,42342,31534,"ONEOK TEXAS GAS STORAGE, LLC",Natural Gas,INTRASTATE,TEXAS,11.68,0,0,0,11.68,0,0,0,11.68,0,0,,,,,11.68,0,0,0,11.68,0,0,0,11.68,0,0,0,0,0,0,0,0,0,0,0,0,0,0,0,0,0,11.68,0,0,0,11.68
9/1/2026,2022,20230276,41669,31539,"HANSON ENGINEERING, L.C.",Natural Gas,INTRASTATE,KANSAS,40.4,0,0,0,40.4,0,,,40.4,0,0,,,,,40.4,0,0,0,40.4,0,,,40.4,0,0,0,0,0,0,0,0,0,0,0,0,0,0,0,0,0,40.4,0,0,0,40.4
9/1/2026,2022,20241387,44626,31540,APACHE GAS TRANSMISSION,Natural Gas,INTRASTATE,KENTUCKY,18,0,0,0,18,0,0,0,18,0,0,,,,,18,0,0,0,18,0,0,0,18,0,0,0,0,0,0,0,0,0,0,0,0,0,0,0,0,0,18,0,0,0,18
9/1/2026,2022,20231296,42759,31543,"BBT TRANS-UNION INTERSTATE PIPELINE, L.P.",Natural Gas,INTERSTATE,ARKANSAS,18.634,2.057,0.13,0,20.821,0.177,0.582,0.033,20.029,0,0,,,,,18.634,2.057,0.13,0,20.821,0.177,0.582,0.033,20.029,0,0,0,0,0,0,0,0,0,0,0,0,0,0,0,0,0,18.634,2.057,0.13,0,20.821
9/1/2026,2022,20231296,42759,31543,"BBT TRANS-UNION INTERSTATE PIPELINE, L.P.",Natural Gas,INTERSTATE,LOUISIANA,21.313,0,0,0,21.313,,,,21.313,0,0,,,,,21.313,0,0,0,21.313,,,,21.313,0,0,0,0,0,0,0,0,0,0,0,0,0,0,0,0,0,21.313,0,0,0,21.313
9/1/2026,2022,20231395,42890,31564,7-D GAS SUPPLY CORP,Natural Gas,INTRASTATE,WEST VIRGINIA,0,0,0,0,0,,,,,0,0,,,,,0,0,0,0,0,,,,,0,0,0,0,2.68,0,0,2.68,0,0,0,0,0,2.68,0,0,2.68,0,2.68,0,0,2.68
9/1/2026,2022,20230952,43038,31565,"GULFSTREAM MANAGEMENT &  OPERATING SERVICES,LLC",Natural Gas,INTERSTATE,ALABAMA,32.621,1.751,0,0,34.372,15.624,0.817,,17.931,3.724,3.724,3.724,,,,36.345,1.751,0,0,38.096,19.348,0.817,,17.931,0,0,0,0,0,0,0,0,0,0,0,0,0,0,0,0,0,36.345,1.751,0,0,38.096
9/1/2026,2022,20230952,43038,31565,"GULFSTREAM MANAGEMENT &  OPERATING SERVICES,LLC",Natural Gas,INTERSTATE,FLORIDA,268.86,17.276,19.204,0,305.34,45.271,37.514,,222.556,11.583,11.583,11.583,,,,280.443,17.276,19.204,0,316.923,56.854,37.514,,222.556,0,0,0,0,0,0,0,0,0,0,0,0,0,0,0,0,0,280.443,17.276,19.204,0,316.923
9/1/2026,2022,20230952,43038,31565,"GULFSTREAM MANAGEMENT &  OPERATING SERVICES,LLC",Natural Gas,INTERSTATE,MISSISSIPPI,11.801,0,0.421,0,12.222,2.776,0.262,,9.199,0,0,,,,,11.801,0,0.421,0,12.222,2.776,0.262,,9.199,0,0,0,0,0,0,0,0,0,0,0,0,0,0,0,0,0,11.801,0,0.421,0,12.222
9/1/2026,2022,20230952,43038,31565,"GULFSTREAM MANAGEMENT &  OPERATING SERVICES,LLC",Natural Gas,INTERSTATE,OCS-Gulf of Mexico,0,0,0,0,0,,,,,378.562,378.562,378.562,,,,378.562,0,0,0,378.562,378.562,,,,0,0,0,0,0,0,0,0,0,0,0,0,0,0,0,0,0,378.562,0,0,0,378.562
9/1/2026,2022,20231021,42462,31575,THE QUINTIN LITTLE CO INC,Natural Gas,INTRASTATE,OKLAHOMA,0,0,0,0,0,,,,,0,0,,,,,0,0,0,0,0,,,,,0,0,0,0,2.24,4.18,0,6.42,0,0,0,0,0,2.24,4.18,0,6.42,0,2.24,4.18,0,6.42
9/1/2026,2022,20231021,42462,31575,THE QUINTIN LITTLE CO INC,Natural Gas,INTRASTATE,TEXAS,0,0,0,0,0,,,,,0,0,,,,,0,0,0,0,0,,,,,0,0,0,0,0,1.03,0,1.03,0,0,0,0,0,0,1.03,0,1.03,0,0,1.03,0,1.03
9/1/2026,2022,20231299,42762,31577,"BBT BAMAGAS INTRASTATE, LLC",Natural Gas,INTRASTATE,ALABAMA,35.12,2.55,14.06,0.06,51.79,6.755,8.279,4.114,32.642,0,0,,,,,35.12,2.55,14.06,0.06,51.79,6.755,8.279,4.114,32.642,0,0,0,0,0,0,0,0,0,0,0,0,0,0,0,0,0,35.12,2.55,14.06,0.06,51.79
9/1/2026,2022,20231300,43062,31581,"BBT MID LOUISIANA GAS TRANSMISSION, LLC",Natural Gas,INTRASTATE,LOUISIANA,35.76,5.651,17.002,3.465,61.878,8.121,13.719,8.544,31.494,0,0,,,,,35.76,5.651,17.002,3.465,61.878,8.121,13.719,8.544,31.494,0,0,0,0,0,0,0,0,0,0,0,0,0,0,0,0,0,35.76,5.651,17.002,3.465,61.878
9/1/2026,2022,20230991,43080,31582,"ONEOK ROCKIES MIDSTREAM, LLC",Natural Gas,INTRASTATE,MONTANA,0,0,0,0,0,,,,,0,0,,,,,0,0,0,0,0,,,,,0,0,0,0,0,0.4,0,0.4,88.29,88.29,0,0,88.29,0,0.4,0,88.69,88.29,0,0.4,0,88.69
9/1/2026,2022,20230991,43080,31582,"ONEOK ROCKIES MIDSTREAM, LLC",Natural Gas,INTRASTATE,NORTH DAKOTA,30.15,0,0,0,30.15,,,,30.15,0,0,,,,,30.15,0,0,0,30.15,,,,30.15,3.39,0,0,3.39,1.46,4.3,0,5.76,1039.21,1039.21,0,0,1039.21,4.85,4.3,0,1048.36,1069.36,4.85,4.3,0,1078.51
9/1/2026,2022,20230991,43080,31582,"ONEOK ROCKIES MIDSTREAM, LLC",Natural Gas,INTRASTATE,WYOMING,0,0,0,0,0,,,,,0,0,,,,,0,0,0,0,0,,,,,0,0,0,0,0,0,0,0,563.21,563.21,0,0,563.21,0,0,0,563.21,563.21,0,0,0,563.21
9/1/2026,2022,20230563,41971,31584,CENTRAL IOWA POWER COOPERATIVE,Natural Gas,INTRASTATE,IOWA,4.26,0,0,0,4.26,0,,,4.26,0,0,,,,,4.26,0,0,0,4.26,0,,,4.26,0,0,0,0,0,0,0,0,0,0,0,0,0,0,0,0,0,4.26,0,0,0,4.26
9/1/2026,2022,20231168,42621,31592,EMPIRE PIPELINE INC,Natural Gas,INTERSTATE,NEW YORK,179.14,66.46,23.68,0,269.28,36.55,18.42,0,214.31,0,0,,,,,179.14,66.46,23.68,0,269.28,36.55,18.42,0,214.31,0,0,0,0,0,0,0,0,0,0,0,0,0,0,0,0,0,179.14,66.46,23.68,0,269.28
9/1/2026,2022,20231168,42621,31592,EMPIRE PIPELINE INC,Natural Gas,INTERSTATE,PENNSYLVANIA,0.613,0,0,0,0.613,0,,0,0.613,0,0,,,,,0.613,0,0,0,0.613,0,,0,0.613,0,0,0,0,0,0,0,0,0,0,0,0,0,0,0,0,0,0.613,0,0,0,0.613
9/1/2026,2022,20230492,42851,31594,TARGA SOUTHTEX MUSTANG TRANSMISSION LTD.,Natural Gas,INTRASTATE,TEXAS,44.01,0.54,0.07,0,44.62,0.06,0.34,0.004,44.22,0,0,,,,,44.01,0.54,0.07,0,44.62,0.06,0.34,0.004,44.22,13.33,6.84,0,20.17,0,0,0,0,153.6,153.6,0,0,153.6,13.33,6.84,0,173.77,197.61,13.87,6.91,0,218.39
9/1/2026,2022,20230493,41898,31595,TARGA SOUTHTEX CCNG GATHERING LTD.,Natural Gas,INTRASTATE,TEXAS,0,0,0,0,0,,,,,0,0,,,,,0,0,0,0,0,,,,,8.74,8.01,0,16.75,0,0,0,0,279.84,279.84,0,0,279.84,8.74,8.01,0,296.59,279.84,8.74,8.01,0,296.59
9/1/2026,2022,20231369,42839,31599,CITY OF SUSANVILLE,Natural Gas,INTRASTATE,CALIFORNIA,4.3,3.8,1.8,0,9.9,1.8,,,8.1,0,0,,,,,4.3,3.8,1.8,0,9.9,1.8,,,8.1,0,0,0,0,0,0,0,0,0,0,0,0,0,0,0,0,0,4.3,3.8,1.8,0,9.9
9/1/2026,2022,20231017,43107,31604,EQUITRANS MIDSTREAM CORPORATION,Natural Gas,INTERSTATE,OHIO,4.925,0,0,0,4.925,0,0,0,4.925,0,0,,,,,4.925,0,0,0,4.925,0,0,0,4.925,0,0,0,0,0,0,0,0,0,0,0,0,0,0,0,0,0,4.925,0,0,0,4.925
9/1/2026,2022,20231017,43107,31604,EQUITRANS MIDSTREAM CORPORATION,Natural Gas,INTERSTATE,PENNSYLVANIA,361.709,118.872,158.534,0,639.115,64.812,72.049,41.724,460.53,0,0,,,,,361.709,118.872,158.534,0,639.115,64.812,72.049,41.724,460.53,0,0,0,0,0,0,0,0,0,0,0,0,0,0,0,0,0,361.709,118.872,158.534,0,639.115
9/1/2026,2022,20231017,43107,31604,EQUITRANS MIDSTREAM CORPORATION,Natural Gas,INTERSTATE,WEST VIRGINIA,248.713,32.5,3.986,0,285.199,2.271,7.239,0,275.69,0,0,,,,,248.713,32.5,3.986,0,285.199,2.271,7.239,0,275.69,0,0,0,0,0,0,0,0,0,0,0,0,0,0,0,0,0,248.713,32.5,3.986,0,285.199
9/1/2026,2022,20231017,43107,31604,EQUITRANS MIDSTREAM CORPORATION,Natural Gas,INTRASTATE,OHIO,13.156,0.877,0,0,14.033,0,0.178,0,13.854,0,0,,,,,13.156,0.877,0,0,14.033,0,0.178,0,13.854,24.175,0.995,0,25.17,0,0,0,0,306.492,306.492,0,0,306.492,24.175,0.995,0,331.662,319.648,25.052,0.995,0,345.695
9/1/2026,2022,20231017,43107,31604,EQUITRANS MIDSTREAM CORPORATION,Natural Gas,INTRASTATE,PENNSYLVANIA,76.233,10.847,0.606,0,87.686,2.68,8.376,0,76.63,0,0,,,,,76.233,10.847,0.606,0,87.686,2.68,8.376,0,76.63,30.899,4.514,0,35.413,0,3.015,0,3.015,337.371,337.371,0,0,337.371,30.899,7.529,0,375.799,413.604,41.746,8.135,0,463.485
9/1/2026,2022,20231017,43107,31604,EQUITRANS MIDSTREAM CORPORATION,Natural Gas,INTRASTATE,WEST VIRGINIA,45.604,3.748,0,0,49.352,0.407,3.145,0,45.801,0,0,,,,,45.604,3.748,0,0,49.352,0.407,3.145,0,45.801,10.392,0,0,10.392,0.517,2.415,0,2.932,271.308,271.308,0,0,271.308,10.909,2.415,0,284.632,316.912,14.657,2.415,0,333.984
9/1/2026,2022,20241477,44975,31608,"LDC, LLC.",Natural Gas,INTRASTATE,TEXAS,0,0,0,0,0,,,,,0,0,,,,,0,0,0,0,0,,,,,0,0,0,0,6,0.54,0,6.54,0,0,0,0,0,6,0.54,0,6.54,0,6,0.54,0,6.54
9/1/2026,2022,20230407,46733,31613,M6 MIDSTREAM LLC,Natural Gas,INTRASTATE,TEXAS,665.12,121.19,32.91,0,819.22,21.43,63.99,8.96,724.84,0,0,,,,,665.12,121.19,32.91,0,819.22,21.43,63.99,8.96,724.84,206.15,74.31,0,280.46,39.5,46.88,0.76,87.14,1470.44,1470.44,0,0,1470.44,245.65,121.19,0.76,1838.04,2135.56,366.84,154.1,0.76,2657.26
9/1/2026,2022,20231008,43067,31618,ENTERPRISE PRODUCTS OPERATING LLC,Natural Gas,INTRASTATE,COLORADO,3.594,0,0,0,3.594,0,0,0,3.594,0,0,,,,,3.594,0,0,0,3.594,0,0,0,3.594,0.833,0.114,0,0.947,0,0,0,0,68.475,68.475,0,0,68.475,0.833,0.114,0,69.422,72.069,0.833,0.114,0,73.016
9/1/2026,2022,20231008,43067,31618,ENTERPRISE PRODUCTS OPERATING LLC,Natural Gas,INTRASTATE,IOWA,0.726,0,0,0,0.726,0,0,0,0.726,0,0,,,,,0.726,0,0,0,0.726,0,0,0,0.726,0,0,0,0,0,0,0,0,0,0,0,0,0,0,0,0,0,0.726,0,0,0,0.726
9/1/2026,2022,20231008,43067,31618,ENTERPRISE PRODUCTS OPERATING LLC,Natural Gas,INTRASTATE,KANSAS,51.952,1.411,0,0,53.363,0,0.153,0,53.212,0,0,,,,,51.952,1.411,0,0,53.363,0,0.153,0,53.212,0,0,0,0,0,0,0,0,0,0,0,0,0,0,0,0,0,51.952,1.411,0,0,53.363
9/1/2026,2022,20231008,43067,31618,ENTERPRISE PRODUCTS OPERATING LLC,Natural Gas,INTRASTATE,LOUISIANA,3.293,2.572,0,0,5.865,1.843,1.043,0,2.977,0,0,,,,,3.293,2.572,0,0,5.865,1.843,1.043,0,2.977,4.648,0.172,0,4.82,0,0,0,0,334.198,334.198,0,0,334.198,4.648,0.172,0,339.018,337.491,7.22,0.172,0,344.883
9/1/2026,2022,20231008,43067,31618,ENTERPRISE PRODUCTS OPERATING LLC,Natural Gas,INTRASTATE,NEBRASKA,0.058,0,0,0,0.058,0,0,0,0.058,0,0,,,,,0.058,0,0,0,0.058,0,0,0,0.058,0,0,0,0,0,0,0,0,0,0,0,0,0,0,0,0,0,0.058,0,0,0,0.058
9/1/2026,2022,20231008,43067,31618,ENTERPRISE PRODUCTS OPERATING LLC,Natural Gas,INTRASTATE,NEW MEXICO,11.915,0,0,0,11.915,0,0,0,11.916,0,0,,,,,11.915,0,0,0,11.915,0,0,0,11.916,85.393,63.26,0,148.653,2.801,30.353,0,33.154,2080.996,2080.996,0,0,2080.996,88.194,93.613,0,2262.803,2092.911,88.194,93.613,0,2274.718
9/1/2026,2022,20231008,43067,31618,ENTERPRISE PRODUCTS OPERATING LLC,Natural Gas,INTRASTATE,OKLAHOMA,0.225,0,0,0,0.225,,,,0.225,0,0,,,,,0.225,0,0,0,0.225,,,,0.225,0,0,0,0,0,0,0,0,0,0,0,0,0,0,0,0,0,0.225,0,0,0,0.225
9/1/2026,2022,20231008,43067,31618,ENTERPRISE PRODUCTS OPERATING LLC,Natural Gas,INTRASTATE,TEXAS,2971.103,233.575,359.123,7.086,3570.887,214.531,279.506,95.239,2981.609,0,0,,,,,2971.103,233.575,359.123,7.086,3570.887,214.531,279.506,95.239,2981.609,141.81,47.245,0,189.055,12.615,34.617,0,47.232,3465.561,3465.561,0,0,3465.561,154.425,81.862,0,3701.848,6436.664,388,440.985,7.086,7272.735
9/1/2026,2022,20231008,43067,31618,ENTERPRISE PRODUCTS OPERATING LLC,Natural Gas,INTRASTATE,WYOMING,2.609,0,0,0,2.609,,0,0,2.61,0,0,,,,,2.609,0,0,0,2.609,,0,0,2.61,0,0.189,0,0.189,0,0,0,0,626.076,626.076,0,0,626.076,0,0.189,0,626.265,628.685,0,0.189,0,628.874
9/1/2026,2022,20230988,42427,31618,ENTERPRISE PRODUCTS OPERATING LLC,Other Gas-Ethane Gas,INTRASTATE,TEXAS,1.503,0,0,0,1.503,0,0,0,1.503,0,0,,,,,1.503,0,0,0,1.503,0,0,0,1.503,0,0,0,0,0,0,0,0,0,0,0,0,0,0,0,0,0,1.503,0,0,0,1.503
9/1/2026,2022,20230126,41513,31622,GREENLIGHT GAS INC,Natural Gas,INTRASTATE,TEXAS,88.64,0,0,0,88.64,0,,,88.64,0,0,,,,,88.64,0,0,0,88.64,0,,,88.64,0,0,0,0,0,0,0,0,0,0,0,0,0,0,0,0,0,88.64,0,0,0,88.64
9/1/2026,2022,20230111,41498,31624,ASH GROVE CEMENT COMPANY,Natural Gas,INTRASTATE,OREGON,1,0,0,0,1,0,0,0,1,0,0,,,,,1,0,0,0,1,0,0,0,1,0,0,0,0,0,0,0,0,,,0,0,0,0,0,0,0,1,0,0,0,1
9/1/2026,2022,20231122,42572,31627,"DENBURY ONSHORE, LLC",Natural Gas,INTRASTATE,MISSISSIPPI,0,0,0,0,0,0,0,0,0,0,0,,,,,0,0,0,0,0,0,0,0,0,0.8,0.7,0,1.5,0,0,0,0,0,0,0,0,0,0.8,0.7,0,1.5,0,0.8,0.7,0,1.5
9/1/2026,2022,20231122,42572,31627,"DENBURY ONSHORE, LLC",Natural Gas,INTRASTATE,WYOMING,9,0,0,0,9,0,0,0,9,0,0,,,,,9,0,0,0,9,0,0,0,9,0,0,0,0,0,0,0,0,0,0,0,0,0,0,0,0,0,9,0,0,0,9
9/1/2026,2022,20230266,41659,31629,GULF PIPELINE LLC,Natural Gas,INTRASTATE,OKLAHOMA,0,0,0,0,0,,,,,0,0,,,,,0,0,0,0,0,,,,,0,0,0,0,0,3,0.6,3.6,0,0,0,0,0,0,3,0.6,3.6,0,0,3,0.6,3.6
9/1/2026,2022,20230875,43120,31632,NORTHWESTERN CORPORATION,Natural Gas,INTRASTATE,MONTANA,1942.675,111.029,80.595,0,2134.299,9.26,79.39,24.68,2020.96,0,0,,,,,1942.675,111.029,80.595,0,2134.299,9.26,79.39,24.68,2020.96,0,0,0,0,0,0,0,0,0,0,0,0,0,0,0,0,0,1942.675,111.029,80.595,0,2134.299
9/1/2026,2022,20230875,43120,31632,NORTHWESTERN CORPORATION,Natural Gas,INTRASTATE,SOUTH DAKOTA,49.633,5.142,0.941,0,55.716,0,0,0.941,54.776,0,0,,,,,49.633,5.142,0.941,0,55.716,0,0,0.941,54.776,0,0,0,0,0,0,0,0,0,0,0,0,0,0,0,0,0,49.633,5.142,0.941,0,55.716
9/1/2026,2022,20230915,43072,31636,NORTHERN STATES POWER CO OF MINNESOTA,Natural Gas,INTRASTATE,MINNESOTA,10.8,8.6,46.9,0,66.3,28.8,7.4,11.4,18.6,0,0,,,,,10.8,8.6,46.9,0,66.3,28.8,7.4,11.4,18.6,0,0,0,0,0,0,0,0,0,0,0,0,0,0,0,0,0,10.8,8.6,46.9,0,66.3
9/1/2026,2022,20230915,43072,31636,NORTHERN STATES POWER CO OF MINNESOTA,Natural Gas,INTRASTATE,SOUTH DAKOTA,9.5,0,3.8,0,13.3,2.8,1.6,,9,0,0,,,,,9.5,0,3.8,0,13.3,2.8,1.6,,9,0,0,0,0,0,0,0,0,0,0,0,0,0,0,0,0,0,9.5,0,3.8,0,13.3
9/1/2026,2022,20231414,42936,31637,PANHANDLE NATURAL GAS,Natural Gas,INTRASTATE,TEXAS,13.2,0,0,0,13.2,,,,13.2,0,0,,,,,13.2,0,0,0,13.2,,,,13.2,0,0,0,0,0,0,0,0,0,0,0,0,0,0,0,0,0,13.2,0,0,0,13.2
9/1/2026,2022,20230036,41593,31640,SIOUX CITY BRICK AND TILE,Natural Gas,INTRASTATE,IOWA,1,0,0,0,1,0,0,0,1,0,0,,,,,1,0,0,0,1,0,0,0,1,0,0,0,0,0,0,0,0,0,0,0,0,0,0,0,0,0,1,0,0,0,1
9/1/2026,2022,20230895,42328,31646,PLATTE RIVER POWER AUTHORITY,Natural Gas,INTRASTATE,COLORADO,15.8,0,0,0,15.8,,0.17,,15.63,0,0,,,,,15.8,0,0,0,15.8,,0.17,,15.63,0,0,0,0,0,0,0,0,0,0,0,0,0,0,0,0,0,15.8,0,0,0,15.8
9/1/2026,2022,20230223,41614,31647,SOUTH SHORE PIPELINE CO LLC,Natural Gas,INTRASTATE,TEXAS,19.61,1.973,3.806,0,25.389,0.525,3.008,1.897,19.959,0,0,,,,,19.61,1.973,3.806,0,25.389,0.525,3.008,1.897,19.959,0,0,0,0,0,0,0,0,0,0,0,0,0,0,0,0,0,19.61,1.973,3.806,0,25.389
9/1/2026,2022,20230124,41511,31662,ARCHER DANIELS MIDLAND CO,Natural Gas,INTRASTATE,IOWA,0,0,1.3,0,1.3,,1.298,0.002,,0,0,,,,,0,0,1.3,0,1.3,,1.298,0.002,,0,0,0,0,0,0,0,0,0,0,0,0,0,0,0,0,0,0,0,1.3,0,1.3
9/1/2026,2022,20231411,42931,31665,UNIVERSITY OF NEW HAMPSHIRE,Landfill Gas,INTRASTATE,NEW HAMPSHIRE,2,0.8,9.6,0.1,12.5,0.9,,8.9,2.7,0,0,,,,,2,0.8,9.6,0.1,12.5,0.9,,8.9,2.7,0,0,0,0,0,0,0,0,0,0,0,0,0,0,0,0,0,2,0.8,9.6,0.1,12.5
9/1/2026,2022,20231181,42635,31684,PHILLIPS 66 PIPELINE LLC,Hydrogen Gas,INTRASTATE,LOUISIANA,0.38,1.16,0.2,0,1.74,0,0.35,0.2,1.19,0,0,,,,,0.38,1.16,0.2,0,1.74,0,0.35,0.2,1.19,0,0,0,0,0,0,0,0,0,0,0,0,0,0,0,0,0,0.38,1.16,0.2,0,1.74
9/1/2026,2022,20231182,42636,31684,PHILLIPS 66 PIPELINE LLC,Natural Gas,INTRASTATE,CALIFORNIA,9.36,4.3,3.65,0,17.31,0,1.43,2.84,13.04,0,0,,,,,9.36,4.3,3.65,0,17.31,0,1.43,2.84,13.04,0,0,0,0,0,0,0,0,0,0,0,0,0,0,0,0,0,9.36,4.3,3.65,0,17.31
9/1/2026,2022,20231182,42636,31684,PHILLIPS 66 PIPELINE LLC,Natural Gas,INTRASTATE,LOUISIANA,0.046,0,0.204,0,0.25,0.17,,,,0,0,,,,,0.046,0,0.204,0,0.25,0.17,,,,0,0,0,0,0,0,0,0,0,0,0,0,0,0,0,0,0,0.046,0,0.204,0,0.25
9/1/2026,2022,20231182,42636,31684,PHILLIPS 66 PIPELINE LLC,Natural Gas,INTRASTATE,TEXAS,0.28,0,0,0,0.28,0,,,,,0,,,,,0.28,0,0,0,0.28,0,,,,,,,0,,,,0,,,,0,0,0,0,0,0,0.28,0,0,0,0.28
9/1/2026,2022,20231373,42845,31685,AZTECA MILLING LP,Natural Gas,INTRASTATE,TEXAS,8,0,0,0,8,0,0.4,0,7.6,0,0,,,,,8,0,0,0,8,0,0.4,0,7.6,0,0,0,0,0,0,0,0,0,0,0,0,0,0,0,0,0,8,0,0,0,8
9/1/2026,2022,20230338,41733,31687,"HILL-LAKE GAS STORAGE, LLC",Natural Gas,INTRASTATE,TEXAS,16.872,0,0,0,16.872,0,0.216,,16.656,0,0,,,,,16.872,0,0,0,16.872,0,0.216,,16.656,0,0,0,0,0,0,0,0,2.752,2.752,0,0,2.752,0,0,0,2.752,19.624,0,0,0,19.624
9/1/2026,2022,20230866,42299,31688,AMERICO ENERGY RESOURCES LLC,Natural Gas,INTRASTATE,TEXAS,0,0,0,0,0,,,,,0,0,,,,,0,0,0,0,0,,,,,0,0,0,0,23.514,0,0,23.514,0,0,0,0,0,23.514,0,0,23.514,0,23.514,0,0,23.514
9/1/2026,2022,20231184,42640,31697,"LODI GAS STORAGE, LLC",Natural Gas,INTRASTATE,CALIFORNIA,38.33,5.45,1.2,0,44.98,2.12,6.6,,36.26,0,0,,,,,38.33,5.45,1.2,0,44.98,2.12,6.6,,36.26,0,0,0,0,0,0,0,0,0,0,0,0,0,0,0,0,0,38.33,5.45,1.2,0,44.98
9/1/2026,2022,20230344,41739,31703,"WILLIAMS MLP OPERATING, LLC",Natural Gas,INTRASTATE,LOUISIANA,0,0,0,0,0,,,,,0,0,,,,,0,0,0,0,0,,,,,33.894,12.086,0,45.98,0,0,0,0,475.768,475.768,0,0,475.768,33.894,12.086,0,521.748,475.768,33.894,12.086,0,521.748
9/1/2026,2022,20230344,41739,31703,"WILLIAMS MLP OPERATING, LLC",Natural Gas,INTRASTATE,OHIO,0,0,0,0,0,,,,,0,0,,,,,0,0,0,0,0,,,,,21.006,0.959,0,21.965,0,0,0,0,408.207,408.207,0,0,408.207,21.006,0.959,0,430.172,408.207,21.006,0.959,0,430.172
9/1/2026,2022,20230344,41739,31703,"WILLIAMS MLP OPERATING, LLC",Natural Gas,INTRASTATE,OKLAHOMA,0,0,0,0,0,,,,,0,0,,,,,0,0,0,0,0,,,,,0,0.106,0,0.106,0,0,0,0,288.514,288.514,0,0,288.514,0,0.106,0,288.62,288.514,0,0.106,0,288.62
9/1/2026,2022,20230344,41739,31703,"WILLIAMS MLP OPERATING, LLC",Natural Gas,INTRASTATE,PENNSYLVANIA,,,,,,,,,,,0,,,,,,0,0,0,0,,,,,32.806,0.881,0,33.687,0,0,0,0,594.572,594.572,0,0,594.572,32.806,0.881,0,628.259,594.572,32.806,0.881,0,628.259
9/1/2026,2022,20230344,41739,31703,"WILLIAMS MLP OPERATING, LLC",Natural Gas,INTRASTATE,TEXAS,0,0,0,0,0,,,,,0,0,,,,,0,0,0,0,0,,,,,83.438,253.893,0,337.331,0.104,38.373,0,38.477,844.969,844.969,0,0,844.969,83.542,292.266,0,1220.777,844.969,83.542,292.266,0,1220.777
9/1/2026,2022,20230344,41739,31703,"WILLIAMS MLP OPERATING, LLC",Natural Gas,INTRASTATE,WEST VIRGINIA,0,0,0,0,0,,,,,0,0,,,,,0,0,0,0,0,,,,,33.091,2.562,0,35.653,0,0,0,0,224.622,224.622,0,0,224.622,33.091,2.562,0,260.275,224.622,33.091,2.562,0,260.275
9/1/2026,2022,20231133,42584,31705,KATY STORAGE & TRANSPORTATION LP,Natural Gas,INTRASTATE,TEXAS,5.91,0.99,9.15,0,16.05,10.34,0,0,5.7,0,0,,,,,5.91,0.99,9.15,0,16.05,10.34,0,0,5.7,0,0,0,0,0,0,0,0,0,0,0,0,0,0,0,0,0,5.91,0.99,9.15,0,16.05
9/1/2026,2022,20231114,42564,31707,CHEVRON U.S.A. INC - PERMIAN BASIN,Natural Gas,INTRASTATE,NEW MEXICO,0,0,0,0,0,,,,,0,0,,,,,0,0,0,0,0,,,,,0,0,0,0,0,0,0,0,8.18,8.18,0,0,8.18,0,0,0,8.18,8.18,0,0,0,8.18
9/1/2026,2022,20231114,42564,31707,CHEVRON U.S.A. INC - PERMIAN BASIN,Natural Gas,INTRASTATE,TEXAS,0,0,0,0,0,,,,,0,0,,,,,0,0,0,0,0,,,,,0,0,0,0,0,23.72,0,23.72,32.14,32.14,0,0,32.14,0,23.72,0,55.86,32.14,0,23.72,0,55.86
9/1/2026,2022,20230852,42285,31708,WAGNER OIL COMPANY,Natural Gas,INTRASTATE,TEXAS,0,0,0,0,0,,,,,0,0,,,,,0,0,0,0,0,,,,,4.039,1.625,0,5.664,0,0,0,0,6.137,6.137,0,0,6.137,4.039,1.625,0,11.801,6.137,4.039,1.625,0,11.801
9/1/2026,2022,20231075,42519,31711,"SOUTHERN STAR CENTRAL GAS PIPELINE, INC",Natural Gas,INTERSTATE,COLORADO,177.13,0,0,0,177.13,0,0.96,0,176.17,0,0,,,,,177.13,0,0,0,177.13,0,0.96,0,176.17,0,0,0,0,0,0,0,0,0,0,0,0,0,0,0,0,0,177.13,0,0,0,177.13
9/1/2026,2022,20231075,42519,31711,"SOUTHERN STAR CENTRAL GAS PIPELINE, INC",Natural Gas,INTERSTATE,KANSAS,2827.57,160.13,204.64,0,3192.34,98.49,77.3,69.99,2946.56,0,0,,,,,2827.57,160.13,204.64,0,3192.34,98.49,77.3,69.99,2946.56,0,0,0,0,0,0,0,0,0,0,0,0,0,0,0,0,0,2827.57,160.13,204.64,0,3192.34
9/1/2026,2022,20231075,42519,31711,"SOUTHERN STAR CENTRAL GAS PIPELINE, INC",Natural Gas,INTERSTATE,MISSOURI,628.23,110.55,110.56,0,849.34,31.13,68.41,25.51,724.29,0,0,,,,,628.23,110.55,110.56,0,849.34,31.13,68.41,25.51,724.29,0,0,0,0,0,0,0,0,0,0,0,0,0,0,0,0,0,628.23,110.55,110.56,0,849.34
9/1/2026,2022,20231075,42519,31711,"SOUTHERN STAR CENTRAL GAS PIPELINE, INC",Natural Gas,INTERSTATE,NEBRASKA,5.7,0,0.06,0,5.76,0,0,0.06,5.7,0,0,,,,,5.7,0,0.06,0,5.76,0,0,0.06,5.7,0,0,0,0,0,0,0,0,0,0,0,0,0,0,0,0,0,5.7,0,0.06,0,5.76
9/1/2026,2022,20231075,42519,31711,"SOUTHERN STAR CENTRAL GAS PIPELINE, INC",Natural Gas,INTERSTATE,OKLAHOMA,1096.29,76,71.23,0,1243.52,19.52,48,14.69,1161.31,0,0,,,,,1096.29,76,71.23,0,1243.52,19.52,48,14.69,1161.31,0,0,0,0,0,0,0,0,1.03,1.03,0,0,1.03,0,0,0,1.03,1097.32,76,71.23,0,1244.55
9/1/2026,2022,20231075,42519,31711,"SOUTHERN STAR CENTRAL GAS PIPELINE, INC",Natural Gas,INTERSTATE,TEXAS,37.19,0,0,0,37.19,0,0.31,0,36.88,0,0,,,,,37.19,0,0,0,37.19,0,0.31,0,36.88,0,0,0,0,0,0,0,0,0,0,0,0,0,0,0,0,0,37.19,0,0,0,37.19
9/1/2026,2022,20231075,42519,31711,"SOUTHERN STAR CENTRAL GAS PIPELINE, INC",Natural Gas,INTERSTATE,WYOMING,262.54,0,0,0,262.54,0,4.61,0,257.93,0,0,,,,,262.54,0,0,0,262.54,0,4.61,0,257.93,0,0,0,0,0,0,0,0,0,0,0,0,0,0,0,0,0,262.54,0,0,0,262.54
9/1/2026,2022,20231075,42519,31711,"SOUTHERN STAR CENTRAL GAS PIPELINE, INC",Natural Gas,INTRASTATE,OKLAHOMA,0.77,0.41,0.03,0,1.21,0.07,0,0,1.14,0,0,,,,,0.77,0.41,0.03,0,1.21,0.07,0,0,1.14,0,0,0,0,0,0,0,0,0,0,0,0,0,0,0,0,0,0.77,0.41,0.03,0,1.21
9/1/2026,2022,20230910,42343,31712,"GUARDIAN PIPELINE, LLC",Natural Gas,INTERSTATE,ILLINOIS,85.74,4.19,2.4,0,92.33,8.44,9.55,,74.34,0,0,,,,,85.74,4.19,2.4,0,92.33,8.44,9.55,,74.34,0,0,0,0,0,0,0,0,0,0,0,0,0,0,0,0,0,85.74,4.19,2.4,0,92.33
9/1/2026,2022,20230910,42343,31712,"GUARDIAN PIPELINE, LLC",Natural Gas,INTERSTATE,WISCONSIN,160.91,9,0,0,169.91,1.25,11.91,,156.75,0,0,,,,,160.91,9,0,0,169.91,1.25,11.91,,156.75,0,0,0,0,0,0,0,0,0,0,0,0,0,0,0,0,0,160.91,9,0,0,169.91
9/1/2026,2022,20230890,42323,31719,HILAND PARTNERS HOLDINGS LLC,Natural Gas,INTRASTATE,MONTANA,9.151,0,0,0,9.151,0,,,9.15,0,0,,,,,9.151,0,0,0,9.151,0,,,9.15,0,0,0,0,0,0,0,0,42.045,42.045,0,0,42.045,0,0,0,42.045,51.196,0,0,0,51.196
9/1/2026,2022,20230890,42323,31719,HILAND PARTNERS HOLDINGS LLC,Natural Gas,INTRASTATE,NORTH DAKOTA,13.302,0,0,0,13.302,0,,,13.302,0,0,,,,,13.302,0,0,0,13.302,0,,,13.302,2.025,1.525,0,3.55,0,0.115,0,0.115,355.211,355.211,0,0,355.211,2.025,1.64,0,358.876,368.513,2.025,1.64,0,372.178
9/1/2026,2022,20231079,42523,31724,SOUTHERN COMPANY PIPELINES,Landfill Gas,INTRASTATE,TENNESSEE,0,0,0,0,0,,,,,0,0,,,,,0,0,0,0,0,,,,,5.8,3.6,0,9.4,0,0,0,0,0,0,0,0,0,5.8,3.6,0,9.4,0,5.8,3.6,0,9.4
9/1/2026,2022,20231078,42522,31724,SOUTHERN COMPANY PIPELINES,Natural Gas,INTRASTATE,ALABAMA,42.1,6.8,0.1,0,49,0.1,2.5,0,46.4,0,0,,,,,42.1,6.8,0.1,0,49,0.1,2.5,0,46.4,0,0,0,0,0,0,0,0,0,0,0,0,0,0,0,0,0,42.1,6.8,0.1,0,49
9/1/2026,2022,20231078,42522,31724,SOUTHERN COMPANY PIPELINES,Natural Gas,INTRASTATE,GEORGIA,17.3,4.9,1.8,0,24,2.9,2.4,,18.7,0,0,,,,,17.3,4.9,1.8,0,24,2.9,2.4,,18.7,0,0,0,0,0,0,0,0,0,0,0,0,0,0,0,0,0,17.3,4.9,1.8,0,24
9/1/2026,2022,20231078,42522,31724,SOUTHERN COMPANY PIPELINES,Natural Gas,INTRASTATE,MISSISSIPPI,9.9,0.6,0,0,10.5,0,0.5,0,10,0,0,,,,,9.9,0.6,0,0,10.5,0,0.5,0,10,0,0,0,0,0,0,0,0,0,0,0,0,0,0,0,0,0,9.9,0.6,0,0,10.5
9/1/2026,2022,20230823,42251,31727,"KINDER MORGAN KEYSTONE GAS STORAGE, LLC",Natural Gas,INTRASTATE,TEXAS,15.139,0,0,0,15.139,0,0,0,15.139,0,0,,,,,15.139,0,0,0,15.139,0,0,0,15.139,0,0,0,0,0,0,0,0,0,0,0,0,0,0,0,0,0,15.139,0,0,0,15.139
9/1/2026,2022,20230547,43104,31728,"GULF SOUTH PIPELINE COMPANY, LLC",Natural Gas,INTERSTATE,ALABAMA,180.94,29.43,31.17,0,241.54,17.36,31.52,0.24,192.42,0,0,,,,,180.94,29.43,31.17,0,241.54,17.36,31.52,0.24,192.42,0,0,0,0,0,0,0,0,0,0,0,0,0,0,0,0,0,180.94,29.43,31.17,0,241.54
9/1/2026,2022,20230547,43104,31728,"GULF SOUTH PIPELINE COMPANY, LLC",Natural Gas,INTERSTATE,FLORIDA,66.31,21.45,28.73,0,116.49,5.33,24.8,0.66,85.69,0,0,,,,,66.31,21.45,28.73,0,116.49,5.33,24.8,0.66,85.69,0,0,0,0,0,0,0,0,0,0,0,0,0,0,0,0,0,66.31,21.45,28.73,0,116.49
9/1/2026,2022,20230547,43104,31728,"GULF SOUTH PIPELINE COMPANY, LLC",Natural Gas,INTERSTATE,LOUISIANA,2851.27,317.13,401.47,0,3569.87,152.54,354.05,141.82,2921.46,12.79,12.79,,,,12.79,2864.06,317.13,401.47,0,3582.66,152.54,354.05,141.82,2934.25,6.7,1.86,0,8.56,0,0,0,0,51.96,51.96,5.42,5.42,57.38,6.7,1.86,0,65.94,2921.44,323.83,403.33,0,3648.6
9/1/2026,2022,20230547,43104,31728,"GULF SOUTH PIPELINE COMPANY, LLC",Natural Gas,INTERSTATE,MISSISSIPPI,1201.16,226.54,166.77,0,1594.47,55.73,168.23,77.32,1293.17,0,0,,,,,1201.16,226.54,166.77,0,1594.47,55.73,168.23,77.32,1293.17,1.35,0,0,1.35,0,0,0,0,2.28,2.28,0,0,2.28,1.35,0,0,3.63,1203.44,227.89,166.77,0,1598.1
9/1/2026,2022,20230547,43104,31728,"GULF SOUTH PIPELINE COMPANY, LLC",Natural Gas,INTERSTATE,OCS-Gulf of Mexico,0,0,0,0,0,,,,,12.5,12.5,,,,12.5,12.5,0,0,0,12.5,,,,12.5,0,0,0,0,0,0,0,0,0,0,0.46,0.46,0.46,0,0,0,0.46,12.96,0,0,0,12.96
9/1/2026,2022,20230547,43104,31728,"GULF SOUTH PIPELINE COMPANY, LLC",Natural Gas,INTERSTATE,OKLAHOMA,37.98,0,0,0,37.98,,,,37.98,0,0,,,,,37.98,0,0,0,37.98,,,,37.98,0,0,0,0,0,0,0,0,0,0,0,0,0,0,0,0,0,37.98,0,0,0,37.98
9/1/2026,2022,20230547,43104,31728,"GULF SOUTH PIPELINE COMPANY, LLC",Natural Gas,INTERSTATE,TEXAS,1004.22,148.36,153.75,0,1306.33,72.033,107.35,52.43,1074.51,0,0,,,,,1004.22,148.36,153.75,0,1306.33,72.033,107.35,52.43,1074.51,3.53,0,0,3.53,2.12,0.1,0,2.22,6.53,6.53,0,0,6.53,5.65,0.1,0,12.28,1010.75,154.01,153.85,0,1318.61
9/1/2026,2022,20230964,42399,31729,"ATMOS ENERGY CORPORATION - ATMOS PIPELINE AND STORAGE, LLC",Natural Gas,INTRASTATE,KENTUCKY,18.5,1.6,3.3,0,23.4,1.5,0,1.8,20.1,0,0,,,,,18.5,1.6,3.3,0,23.4,1.5,0,1.8,20.1,0,0,0,0,0,0,0,0,0,0,0,0,0,0,0,0,0,18.5,1.6,3.3,0,23.4
9/1/2026,2022,20231446,43486,31730,"WGP-KHC, LLC",Natural Gas,INTRASTATE,KANSAS,0,0,0,0,0,,,,,0,0,,,,,0,0,0,0,0,,,,,0,0,0,0,0.43,0,0,0.43,186.34,186.34,0,0,186.34,0.43,0,0,186.77,186.34,0.43,0,0,186.77
9/1/2026,2022,20231264,42726,31737,TUCSON ELECTRIC POWER COMPANY,Natural Gas,INTRASTATE,ARIZONA,18.081,0.619,0,0,18.7,,0.619,,18.081,0,0,,,,,18.081,0.619,0,0,18.7,,0.619,,18.081,0,0,0,0,0,0,0,0,0,0,0,0,0,0,0,0,0,18.081,0.619,0,0,18.7
9/1/2026,2022,20230404,41803,31745,"GAS RECOVERY SYSTEMS, LLC",Landfill Gas,INTRASTATE,MICHIGAN,0.01,0,0,0,0.01,,,,,0,0,,,,,0.01,0,0,0,0.01,,,,,0,0,0,0,0,0,0,0,0,0,0,0,0,0,0,0,0,0.01,0,0,0,0.01
9/1/2026,2022,20230404,41803,31745,"GAS RECOVERY SYSTEMS, LLC",Landfill Gas,INTRASTATE,OHIO,3.75,0,0,0,3.75,0,0,0,3.75,0,0,,,,,3.75,0,0,0,3.75,0,0,0,3.75,0,0,0,0,0,0,0,0,,,0,0,0,0,0,0,0,3.75,0,0,0,3.75
9/1/2026,2022,20230805,42233,31747,TENASKA GEORGIA PARTNERS LP,Natural Gas,INTRASTATE,GEORGIA,1.2,0,0,0,1.2,,,,1.2,0,0,,,,,1.2,0,0,0,1.2,,,,1.2,0,0,0,0,0,0,0,0,0,0,0,0,0,0,0,0,0,1.2,0,0,0,1.2
9/1/2026,2022,20230080,41465,31748,MASSACHUSETTS WHOLESALE ELECTRIC CO,Natural Gas,INTRASTATE,MASSACHUSETTS,1,0,4.66,0,5.66,1.89,1.64,1.33,0.81,0,0,,,,,1,0,4.66,0,5.66,1.89,1.64,1.33,0.81,0,0,0,0,0,0,0,0,0,0,0,0,0,0,0,0,0,1,0,4.66,0,5.66
9/1/2026,2022,20230114,41501,31749,AECC- OSWALD GENERATING STATION,Natural Gas,INTRASTATE,ARKANSAS,5,0,0,0,5,0,0,,5,0,0,,,,,5,0,0,0,5,0,0,,5,0,0,0,0,0,0,0,0,,,0,0,0,0,0,0,0,5,0,0,0,5
9/1/2026,2022,20231072,42516,31753,ASPIRE ENERGY OF OHIO LLC,Natural Gas,INTRASTATE,OHIO,1.55,0,0,0,1.55,,,,1.55,0,0,,,,,1.55,0,0,0,1.55,,,,1.55,9.8,2.21,0,12.01,738.34,148.14,0,886.48,0,0,0,0,0,748.14,150.35,0,898.49,1.55,748.14,150.35,0,900.04
9/1/2026,2022,20230076,41461,31754,BLACK HILLS POWER INC,Natural Gas,INTRASTATE,SOUTH DAKOTA,0.61,0,0.87,0,1.48,0,0.45,0.42,0.61,0,0,,,,,0.61,0,0.87,0,1.48,0,0.45,0.42,0.61,0,0,0,0,0,0,0,0,0,0,0,0,0,0,0,0,0,0.61,0,0.87,0,1.48
9/1/2026,2022,20231153,42605,31755,"NOBLE ENERGY, INC. RBU",Natural Gas,INTRASTATE,COLORADO,5.961,0,0,0,5.961,0,0,0,5.961,0,0,,,,,5.961,0,0,0,5.961,0,0,0,5.961,0,0,0,0,0,0,0,0,244.442,244.442,0,0,244.442,0,0,0,244.442,250.403,0,0,0,250.403
9/1/2026,2022,20230302,41695,31759,ACADIA PARTNERS PIPELINE,Natural Gas,INTRASTATE,LOUISIANA,4.25,0,0,0,4.25,,,,4.25,0,0,,,,,4.25,0,0,0,4.25,,,,4.25,0,0,0,0,0,0,0,0,,,0,0,0,0,0,0,0,4.25,0,0,0,4.25
9/1/2026,2022,20230071,41456,31768,SANTEE COOPER - RAINEY GENERATING STATION,Natural Gas,INTERSTATE,GEORGIA,0.5,0,0,0,0.5,,,,0.5,0,0,,,,,0.5,0,0,0,0.5,,,,0.5,0,0,0,0,0,0,0,0,0,0,0,0,0,0,0,0,0,0.5,0,0,0,0.5
9/1/2026,2022,20230071,41456,31768,SANTEE COOPER - RAINEY GENERATING STATION,Natural Gas,INTERSTATE,SOUTH CAROLINA,2,0,0,0,2,,,,2,0,0,,,,,2,0,0,0,2,,,,2,0,0,0,0,0,0,0,0,0,0,0,0,0,0,0,0,0,2,0,0,0,2
9/1/2026,2022,20230575,41984,31771,AMERESCO PALMETTO,Landfill Gas,INTRASTATE,SOUTH CAROLINA,0,8.57,1,0,9.57,1,0,0,8.57,0,0,,,,,0,8.57,1,0,9.57,1,0,0,8.57,0,0,0,0,0,0,0,0,0,0,0,0,0,0,0,0,0,0,8.57,1,0,9.57
9/1/2026,2022,20230141,41528,31774,"EP ENERGY E&P COMPANY, L.P.",Natural Gas,INTRASTATE,TEXAS,0,0,0,0,0,,,,,0,0,,,,,0,0,0,0,0,,,,,0,1.7,0,1.7,0,0,0,0,,,0,0,0,0,1.7,0,1.7,0,0,1.7,0,1.7
9/1/2026,2022,20231064,43246,31778,ENCANA OIL & GAS (USA) INC,Natural Gas,INTRASTATE,UTAH,0,0,0,0,0,,,,,0,0,,,,,0,0,0,0,0,,,,,0,0,0,0,0,0,0,0,13.54,13.54,0,0,13.54,0,0,0,13.54,13.54,0,0,0,13.54
9/1/2026,2022,20230573,41982,31782,BAYSIDE POWER STATION,Natural Gas,INTRASTATE,FLORIDA,0.44,0,0.6,0,1.04,1.04,,,0,0,0,,,,,0.44,0,0.6,0,1.04,1.04,,,0,0,0,0,0,0,0,0,0,0,0,0,0,0,0,0,0,0,0.44,0,0.6,0,1.04
9/1/2026,2022,20230727,42152,31784,OHIO VALLEY HUB LLC,Natural Gas,INTRASTATE,INDIANA,8.843,1.121,0,0,9.964,0,0,0,9.964,0,0,,,,,8.843,1.121,0,0,9.964,0,0,0,9.964,0,0,0,0,0,0,0,0,0,0,0,0,0,0,0,0,0,8.843,1.121,0,0,9.964
9/1/2026,2022,20231140,42784,31788,CALPINE TEXAS PIPELINE LP,Natural Gas,INTRASTATE,TEXAS,33,3.3,6.5,0,42.8,9.7,2.4,,30.7,0,0,,,,,33,3.3,6.5,0,42.8,9.7,2.4,,30.7,0,0,0,0,0,0,0,0,0,0,0,0,0,0,0,0,0,33,3.3,6.5,0,42.8
9/1/2026,2022,20231440,42997,31800,TERREVA RENEWABLES,Landfill Gas,INTRASTATE,VIRGINIA,0,0,2.4,0,2.4,0,,2.4,,0,0,,,,,0,0,2.4,0,2.4,0,,2.4,,0,0,0,0,0,0,0,0,0,0,0,0,0,0,0,0,0,0,0,2.4,0,2.4
9/1/2026,2022,20230881,42314,31801,TANDEM ENERGY CORPORATION,Natural Gas,INTRASTATE,TEXAS,0,0,0,0,0,,,,,0,0,,,,,0,0,0,0,0,,,,,0,0,0,0,1.44,0.603,0,2.043,0,0,0,0,0,1.44,0.603,0,2.043,0,1.44,0.603,0,2.043
9/1/2026,2022,20230291,41684,31803,STROUD PETROLEUM INC,Natural Gas,INTRASTATE,LOUISIANA,0,0,0,0,0,,,,,0,0,,,,,0,0,0,0,0,,,,,0,0,0,0,1.3,0,0,1.3,0,0,0,0,0,1.3,0,0,1.3,0,1.3,0,0,1.3
9/1/2026,2022,20231093,42537,31805,HOLLY REFINING & MARKETING COMPANY,Hydrogen Gas,INTRASTATE,UTAH,0.01,0.04,4.29,0,4.34,4.29,,,,0,0,,,,,0.01,0.04,4.29,0,4.34,4.29,,,,0,0,0,0,0,0,0,0,0,0,0,0,0,0,0,0,0,0.01,0.04,4.29,0,4.34
9/1/2026,2022,20230583,41992,31840,UNISOURCE ENERGY SERVICES,Natural Gas,INTRASTATE,ARIZONA,29.938,0.013,0,0,29.951,0,,,29.951,0,0,,,,,29.938,0.013,0,0,29.951,0,,,29.951,0,0,0,0,0,0,0,0,0,0,0,0,0,0,0,0,0,29.938,0.013,0,0,29.951
9/1/2026,2022,20230792,42619,31846,"CAROLINA GAS TRANSMISSION, LLC",Natural Gas,INTERSTATE,GEORGIA,0.72,8.08,6.44,0,15.24,3.9,3.72,0,7.6,0,0,,,,,0.72,8.08,6.44,0,15.24,3.9,3.72,0,7.6,0,0,0,0,0,0,0,0,0,0,0,0,0,0,0,0,0,0.72,8.08,6.44,0,15.24
9/1/2026,2022,20230792,42619,31846,"CAROLINA GAS TRANSMISSION, LLC",Natural Gas,INTERSTATE,SOUTH CAROLINA,779.55,450.39,211.73,0,1441.67,52.19,164.69,19.34,1205.46,0,0,,,,,779.55,450.39,211.73,0,1441.67,52.19,164.69,19.34,1205.46,0,0,0,0,0,0,0,0,0,0,0,0,0,0,0,0,0,779.55,450.39,211.73,0,1441.67
9/1/2026,2022,20230963,42398,31849,OGLETHORPE POWER CORPORATION,Natural Gas,INTRASTATE,GEORGIA,5,0,0,0,5,0,,,5,0,0,,,,,5,0,0,0,5,0,,,5,0,0,0,0,0,0,0,0,0,0,0,0,0,0,0,0,0,5,0,0,0,5
9/1/2026,2022,20230472,41875,31853,FOUNTAIN VALLEY POWER LLC,Natural Gas,INTRASTATE,COLORADO,5.94,0,0,0,5.94,0,0.263,0,5.677,0,0,,,,,5.94,0,0,0,5.94,0,0.263,0,5.677,0,0,0,0,0,0,0,0,0,0,0,0,0,0,0,0,0,5.94,0,0,0,5.94
9/1/2026,2022,20230136,41523,31855,EVERGY,Natural Gas,INTRASTATE,KANSAS,3.2,0,0,0,3.2,0,,,3.2,0,0,,,,,3.2,0,0,0,3.2,0,,,3.2,0,0,0,0,0,0,0,0,0,0,0,0,0,0,0,0,0,3.2,0,0,0,3.2
9/1/2026,2022,20231357,43056,31875,MERIT ENERGY COMPANY,Natural Gas,INTRASTATE,ARKANSAS,63.83,9.37,0,0,73.2,0,,,73.2,0,0,,,,,63.83,9.37,0,0,73.2,0,,,73.2,43.62,0,0,43.62,0,0,0,0,215.425,215.425,0,0,215.425,43.62,0,0,259.045,279.255,52.99,0,0,332.245
9/1/2026,2022,20231357,43056,31875,MERIT ENERGY COMPANY,Natural Gas,INTRASTATE,KANSAS,0,0,0,0,0,0,,,,0,0,,,,,0,0,0,0,0,0,,,,0,0,0,0,6.3,0,0,6.3,70,70,0,0,70,6.3,0,0,76.3,70,6.3,0,0,76.3
9/1/2026,2022,20231357,43056,31875,MERIT ENERGY COMPANY,Natural Gas,INTRASTATE,OKLAHOMA,1.067,0,0,0,1.067,,,,1.067,0,0,,,,,1.067,0,0,0,1.067,,,,1.067,0,0.864,0,0.864,0.428,0,0,0.428,26,26,0,0,26,0.428,0.864,0,27.292,27.067,0.428,0.864,0,28.359
9/1/2026,2022,20231357,43056,31875,MERIT ENERGY COMPANY,Natural Gas,INTRASTATE,TEXAS,0,0,0,0,0,,,,,0,0,,,,,0,0,0,0,0,,,,,66.568,7.658,0,74.226,2.1,0,0,2.1,135,135,0,0,135,68.668,7.658,0,211.326,135,68.668,7.658,0,211.326
9/1/2026,2022,20231273,42735,31880,"BBT MISSISSIPPI, LLC",Natural Gas,INTRASTATE,MISSISSIPPI,437.68,98.788,10.619,0,547.087,11.5,7.951,0.103,527.533,0,0,,,,,437.68,98.788,10.619,0,547.087,11.5,7.951,0.103,527.533,4.28,0,0,4.28,0.15,0,0,0.15,48.4,48.4,0,0,48.4,4.43,0,0,52.83,486.08,103.218,10.619,0,599.917
9/1/2026,2022,20230073,41458,31890,WSP USA INC.,Natural Gas,INTRASTATE,TEXAS,14.294,6.81,2.49,0,23.594,2.46,21.134,,,0,0,,,,,14.294,6.81,2.49,0,23.594,2.46,21.134,,,0,0,0,0,0,0,0,0,0,0,0,0,0,0,0,0,0,14.294,6.81,2.49,0,23.594
9/1/2026,2022,20230874,42988,31891,NORTH BAJA PIPELINE LLC,Natural Gas,INTERSTATE,ARIZONA,3.617,0,0,0,3.617,0,0,0,3.617,0,0,,,,,3.617,0,0,0,3.617,0,0,0,3.617,0,0,0,0,0,0,0,0,0,0,0,0,0,0,0,0,0,3.617,0,0,0,3.617
9/1/2026,2022,20230874,42988,31891,NORTH BAJA PIPELINE LLC,Natural Gas,INTERSTATE,CALIFORNIA,79.774,2.062,0.123,0,81.959,0.676,3.084,0,78.199,0,0,,,,,79.774,2.062,0.123,0,81.959,0.676,3.084,0,78.199,0,0,0,0,0,0,0,0,0,0,0,0,0,0,0,0,0,79.774,2.062,0.123,0,81.959
9/1/2026,2022,20230950,42384,31892,DUKE ENERGY - DEBARY COMBUSTION TURBINE,Natural Gas,INTRASTATE,FLORIDA,0,0,3.25,0,3.25,0.91,2.34,0,0,0,0,,,,,0,0,3.25,0,3.25,0.91,2.34,0,0,0,0,0,0,0,0,0,0,0,0,0,0,0,0,0,0,0,0,0,3.25,0,3.25
9/1/2026,2022,20231242,42703,31894,KISSIMMEE UTILITY AUTHORITY,Natural Gas,INTRASTATE,FLORIDA,2,3,1,1,7,2,0,0,5,0,0,,,,,2,3,1,1,7,2,0,0,5,0,0,0,0,0,0,0,0,0,0,0,0,0,0,0,0,0,2,3,1,1,7
9/1/2026,2022,20231216,42677,31895,CERTAINTEED  SAINT-GOBAIN,Natural Gas,INTRASTATE,FLORIDA,4.75,1,0,0,5.75,0,0,0,5.75,0,0,,,,,4.75,1,0,0,5.75,0,0,0,5.75,0,0,0,0,0,0,0,0,0,0,0,0,0,0,0,0,0,4.75,1,0,0,5.75
9/1/2026,2022,20230624,42037,31896,"NORSTAR PIPELINE COMPANY, INC.",Natural Gas,INTRASTATE,ALASKA,0,0,2.077,0,2.077,0.311,0.918,0.848,0,0,0,,,,,0,0,2.077,0,2.077,0.311,0.918,0.848,0,0,0,0,0,0,0,0,0,0,0,0,0,0,0,0,0,0,0,0,2.077,0,2.077
9/1/2026,2022,20230012,41395,31898,MV PIPELINE COMPANY,Natural Gas,INTRASTATE,OKLAHOMA,11.56,0,0,0,11.56,,,,11.56,0,0,,,,,11.56,0,0,0,11.56,,,,11.56,0,0,0,0,0,0,0,0,0,0,0,0,0,0,0,0,0,11.56,0,0,0,11.56
9/1/2026,2022,20230516,41922,31901,BAXTER HEALTHCARE CORP.,Natural Gas,INTRASTATE,MISSISSIPPI,0,0,2,0,2,,,2,,0,0,,,,,0,0,2,0,2,,,2,,0,0,0,0,0,0,0,0,0,0,0,0,0,0,0,0,0,0,0,2,0,2
9/1/2026,2022,20230771,42196,31902,"PINNACLE GAS PRODUCERS, LLC",Landfill Gas,INTRASTATE,OHIO,0,0,0,0,0,,,,,0,0,,,,,0,0,0,0,0,,,,,0,0,0,0,0,1.8,0,1.8,0,0,0,0,0,0,1.8,0,1.8,0,0,1.8,0,1.8
9/1/2026,2022,20230154,42264,31904,"SUNRISE POWER COMPANY, LLC",Natural Gas,INTRASTATE,CALIFORNIA,2.55,0,0,0,2.55,0,0,0,2.55,0,0,,,,,2.55,0,0,0,2.55,0,0,0,2.55,0,0,0,0,0,0,0,0,0,0,0,0,0,0,0,0,0,2.55,0,0,0,2.55
9/1/2026,2022,20231103,42548,31908,CHS OILSEED PROCESSING-NW GAS CONTRACTED,Natural Gas,INTRASTATE,MINNESOTA,4.18,0,0,0,4.18,,,,4.18,0,0,,,,,4.18,0,0,0,4.18,,,,4.18,0,0,0,0,0,0,0,0,0,0,0,0,0,0,0,0,0,4.18,0,0,0,4.18
9/1/2026,2022,20230927,42360,31910,"AMERICAN MIDSTREAM (MISSISSIPPI), LLC",Natural Gas,INTRASTATE,MISSISSIPPI,1.77,0.91,0,0,2.68,0,0,0,2.68,0,0,,,,,1.77,0.91,0,0,2.68,0,0,0,2.68,0,0,0,0,0,0,0,0,0,0,0,0,0,0,0,0,0,1.77,0.91,0,0,2.68
9/1/2026,2022,20230042,41426,31911,"AMERICAN ENERGIES GAS SERVICE,  LLC",Natural Gas,INTRASTATE,KANSAS,5.22,0,0,0,5.22,,,,5.22,0,0,,,,,5.22,0,0,0,5.22,,,,5.22,0,0,0,0,0,0,0,0,0,0,0,0,0,0,0,0,0,5.22,0,0,0,5.22
9/1/2026,2022,20230320,41713,31915,"TROPICANA PRODUCTS, INC.",Natural Gas,INTRASTATE,FLORIDA,0.19,0,0,0,0.19,,,,0.19,0,0,,,,,0.19,0,0,0,0.19,,,,0.19,0,0,0,0,0,0,0,0,0,0,0,0,0,0,0,0,0,0.19,0,0,0,0.19
9/1/2026,2022,20230785,42213,31916,"WM RENEWABLE ENERGY, LLC",Natural Gas,INTRASTATE,KENTUCKY,1.4,0,0,0,1.4,,,,1.4,0,0,,,,,1.4,0,0,0,1.4,,,,1.4,0,0,0,0,0,0,0,0,0,0,0,0,0,0,0,0,0,1.4,0,0,0,1.4
9/1/2026,2022,20230785,42213,31916,"WM RENEWABLE ENERGY, LLC",Natural Gas,INTRASTATE,OKLAHOMA,0.74,0,0,0,0.74,,,,0.74,0,0,,,,,0.74,0,0,0,0.74,,,,0.74,0,0,0,0,0,0,0,0,0,0,0,0,0,0,0,0,0,0.74,0,0,0,0.74
9/1/2026,2022,20230785,42213,31916,"WM RENEWABLE ENERGY, LLC",Natural Gas,INTRASTATE,VIRGINIA,16.1,5.9,0,0,22,,,,22,0,0,,,,,16.1,5.9,0,0,22,,,,22,0,0,0,0,0,0,0,0,0,0,0,0,0,0,0,0,0,16.1,5.9,0,0,22
9/1/2026,2022,20230939,42373,31924,COPANO FIELD SERVICES/UPPER GULF COAST LLC,Natural Gas,INTRASTATE,TEXAS,0,0,0,0,0,,,,,0,0,,,,,0,0,0,0,0,,,,,3.099,0.238,0,3.337,0,0,0,0,40.096,40.096,0,0,40.096,3.099,0.238,0,43.433,40.096,3.099,0.238,0,43.433
9/1/2026,2022,20230887,42320,31925,COPANO PIPELINES/SOUTH TEXAS LLC,Natural Gas,INTRASTATE,TEXAS,0,0,0,0,0,0,0,0,0,0,0,,,,,0,0,0,0,0,0,0,0,0,1.871,0.171,0,2.042,0,0,0,0,210.804,210.804,0,0,210.804,1.871,0.171,0,212.846,210.804,1.871,0.171,0,212.846
9/1/2026,2022,20231026,42467,31926,COPANO PIPELINES/UPPER GULF COAST LLC,Natural Gas,INTRASTATE,TEXAS,34.013,8.207,55.935,0,98.155,21.072,28.612,7.386,41.085,0,0,,,,,34.013,8.207,55.935,0,98.155,21.072,28.612,7.386,41.085,4.032,1.743,0,5.775,0,0,0,0,56.641,56.641,0,0,56.641,4.032,1.743,0,62.416,90.654,12.239,57.678,0,160.571
9/1/2026,2022,20230526,41932,31929,L.E. JONES OPERATING INC.,Natural Gas,INTRASTATE,OKLAHOMA,0,0,0,0,0,,,,,0,0,,,,,0,0,0,0,0,,,,,0,0,0,0,2,0,0,2,0,0,0,0,0,2,0,0,2,0,2,0,0,2
9/1/2026,2022,20230797,42225,31933,CALCASIEU REFINING COMPANY,Natural Gas,INTRASTATE,LOUISIANA,0.61,0.13,0.73,0,1.47,0,,0.735,0.746,0,0,,,,,0.61,0.13,0.73,0,1.47,0,,0.735,0.746,0,0,0,0,0,0,0,0,0,0,0,0,0,0,0,0,0,0.61,0.13,0.73,0,1.47
9/1/2026,2022,20230054,41439,31936,WORTHINGTON GENERATION,Natural Gas,INTRASTATE,INDIANA,1.055,0,0,0,1.055,,,,1.055,0,0,,,,,1.055,0,0,0,1.055,,,,1.055,0,0,0,0,0,0,0,0,0,0,0,0,0,0,0,0,0,1.055,0,0,0,1.055
9/1/2026,2022,20231009,42450,31943,COLT MIDSTREAM LLC,Natural Gas,INTRASTATE,TEXAS,100.56,15.41,8.23,0,124.2,0,124.2,0,0,0,0,,,,,100.56,15.41,8.23,0,124.2,0,124.2,0,0,219.79,110.17,0,329.96,0,0,0,0,63.47,63.47,0,0,63.47,219.79,110.17,0,393.43,164.03,235.2,118.4,0,517.63
9/1/2026,2022,20230593,42004,31949,SW GATHERING,Natural Gas,INTRASTATE,PENNSYLVANIA,0,0,0,0,0,,,,,0,0,,,,,0,0,0,0,0,,,,,2.12,0,0,2.12,0,0,0,0,49.01,49.01,0,0,49.01,2.12,0,0,51.13,49.01,2.12,0,0,51.13
9/1/2026,2022,20231124,42574,31955,CITY OF VERNON,Natural Gas,INTRASTATE,CALIFORNIA,0,0,7.3,0,7.3,7.3,0,0,0,0,0,,,,,0,0,7.3,0,7.3,7.3,0,0,0,0,0,0,0,0,0,0,0,0,0,0,0,0,0,0,0,0,0,0,7.3,0,7.3
9/1/2026,2022,20230192,41580,31967,"JORDAN DEVELOPMENT COMPANY, L.L.C.",Natural Gas,INTRASTATE,MICHIGAN,0,0,0,0,0,,,,,0,0,,,,,0,0,0,0,0,,,,,10.21,4.2,0,14.41,0,0,0,0,0,0,0,0,0,10.21,4.2,0,14.41,0,10.21,4.2,0,14.41
9/1/2026,2022,20230760,46716,31968,"WTG GAS TRANSMISSION COMPANY, LLC",Natural Gas,INTRASTATE,TEXAS,611.936,29.637,17.746,0,659.319,1.835,4.255,13.058,640.171,0,0,,,,,611.936,29.637,17.746,0,659.319,1.835,4.255,13.058,640.171,0,0,0,0,0,0,0,0,0,0,0,0,0,0,0,0,0,611.936,29.637,17.746,0,659.319
9/1/2026,2022,20230787,42277,31978,ATMOS PIPELINE - TEXAS,Natural Gas,INTRASTATE,TEXAS,4469.062,652.017,515.915,8.424,5645.418,227.185,310.326,141.798,4963.23,0,0,,,,,4469.062,652.017,515.915,8.424,5645.418,227.185,310.326,141.798,4963.23,0,0,0,0,0,0,0,0,0,0,0,0,0,0,0,0,0,4469.062,652.017,515.915,8.424,5645.418
9/1/2026,2022,20230209,41598,31999,"SHELBY COUNTY ENERGY CENTER, LLC",Natural Gas,INTRASTATE,ILLINOIS,1.9,0,0,0,1.9,0,0.05,,1.85,0,0,,,,,1.9,0,0,0,1.9,0,0.05,,1.85,0,0,0,0,0,0,0,0,0,0,0,0,0,0,0,0,0,1.9,0,0,0,1.9
9/1/2026,2022,20230980,42419,32005,"ENLINK PROCESSING SERVICES, LLC",Natural Gas,INTERSTATE,LOUISIANA,94.432,4.469,11.11,0,110.011,2.962,9.745,0,97.664,0,0,,,,,94.432,4.469,11.11,0,110.011,2.962,9.745,0,97.664,0,0,0,0,0,0,0,0,0,0,0,0,0,0,0,0,0,94.432,4.469,11.11,0,110.011
9/1/2026,2022,20230980,42419,32005,"ENLINK PROCESSING SERVICES, LLC",Natural Gas,INTERSTATE,TEXAS,17.098,2.07,2.797,0,21.965,1.151,2.673,1.132,17.011,0,0,,,,,17.098,2.07,2.797,0,21.965,1.151,2.673,1.132,17.011,0,0,0,0,0,0,0,0,0,0,0,0,0,0,0,0,0,17.098,2.07,2.797,0,21.965
9/1/2026,2022,20230980,42419,32005,"ENLINK PROCESSING SERVICES, LLC",Natural Gas,INTRASTATE,LOUISIANA,2147.98,375.25,290.21,0.336,2813.776,43.621,99.447,212.221,2459.999,0,0,,,,,2147.98,375.25,290.21,0.336,2813.776,43.621,99.447,212.221,2459.999,0.161,0,0,0.161,0,0,0,0,56.432,56.432,0,0,56.432,0.161,0,0,56.593,2204.412,375.411,290.21,0.336,2870.369
9/1/2026,2022,20230070,41480,32007,SUPERIOR PIPELINE COMPANY L.L.C.,Natural Gas,INTRASTATE,KANSAS,0.835,0,0,0,0.835,0,,,0.835,0,0,,,,,0.835,0,0,0,0.835,0,,,0.835,1.38,0,0,1.38,0.69,0,0,0.69,118.2,118.2,0,0,118.2,2.07,0,0,120.27,119.035,2.07,0,0,121.105
9/1/2026,2022,20230070,41480,32007,SUPERIOR PIPELINE COMPANY L.L.C.,Natural Gas,INTRASTATE,OKLAHOMA,12.162,0,0,0,12.162,0,,,12.162,0,0,,,,,12.162,0,0,0,12.162,0,,,12.162,0,0,0,0,85.872,8.873,0,94.745,29.13,29.13,0,0,29.13,85.872,8.873,0,123.875,41.292,85.872,8.873,0,136.037
9/1/2026,2022,20230070,41480,32007,SUPERIOR PIPELINE COMPANY L.L.C.,Natural Gas,INTRASTATE,TEXAS,6.207,0,0,0,6.207,0,,,6.2,0,0,,,,,6.207,0,0,0,6.207,0,,,6.2,0,0,0,0,0,0,0,0,55,55,0,0,55,0,0,0,55,61.207,0,0,0,61.207
9/1/2026,2022,20231099,42544,32011,"HOLLY ENERGY PARTNERS - OPERATING, L.P.",Hydrogen Gas,INTRASTATE,OKLAHOMA,0.26,0.22,0.98,0,1.46,0.98,0,0,0.48,0,0,,,,,0.26,0.22,0.98,0,1.46,0.98,0,0,0.48,0,0,0,0,0,0,0,0,0,0,0,0,0,0,0,0,0,0.26,0.22,0.98,0,1.46
9/1/2026,2022,20231096,42638,32011,"HOLLY ENERGY PARTNERS - OPERATING, L.P.",Natural Gas,INTRASTATE,NEW MEXICO,8.21,1.63,0.28,0,10.12,0.28,0,0,9.84,0,0,,,,,8.21,1.63,0.28,0,10.12,0.28,0,0,9.84,0,0,0,0,0,0,0,0,0,0,0,0,0,0,0,0,0,8.21,1.63,0.28,0,10.12
9/1/2026,2022,20231100,42545,32011,"HOLLY ENERGY PARTNERS - OPERATING, L.P.",Other Gas-Fuel Gas,INTRASTATE,OKLAHOMA,0.26,0.24,2.44,0,2.94,2.44,0,0,0.5,0,0,,,,,0.26,0.24,2.44,0,2.94,2.44,0,0,0.5,0,0,0,0,0,0,0,0,0,0,0,0,0,0,0,0,0,0.26,0.24,2.44,0,2.94
9/1/2026,2022,20231405,42912,32023,"MONTGOMERY GAS TRANSMISSION, INC.",Natural Gas,INTRASTATE,TEXAS,0,7.4,0,0,7.4,7.44,,,,0,0,,,,,0,7.4,0,0,7.4,7.44,,,,0,0,0,0,0,0,0,0,0,0,0,0,0,0,0,0,0,0,7.4,0,0,7.4
9/1/2026,2022,20231146,42597,32024,"CENTERPOINT ENERGY INTRASTATE PIPELINES, INC.",Natural Gas,INTRASTATE,LOUISIANA,9.775,3.478,0.402,0,13.655,0,,0.402,13.253,0,0,,,,,9.775,3.478,0.402,0,13.655,0,,0.402,13.253,0,0,0,0,0,0,0,0,0,0,0,0,0,0,0,0,0,9.775,3.478,0.402,0,13.655
9/1/2026,2022,20231146,42597,32024,"CENTERPOINT ENERGY INTRASTATE PIPELINES, INC.",Natural Gas,INTRASTATE,TEXAS,25.228,6.882,5.15,0.684,37.944,1.789,0.446,3.599,32.11,0,0,,,,,25.228,6.882,5.15,0.684,37.944,1.789,0.446,3.599,32.11,0,0,0,0,0,0,0,0,0,0,0,0,0,0,0,0,0,25.228,6.882,5.15,0.684,37.944
9/1/2026,2022,20231025,42466,32026,MINNESOTA SOYBEAN PROCESSORS,Natural Gas,INTRASTATE,MINNESOTA,6.55,0,0,0,6.55,,0,,6.55,0,0,,,,,6.55,0,0,0,6.55,,0,,6.55,0,0,0,0,0,0,0,0,0,0,0,0,0,0,0,0,0,6.55,0,0,0,6.55
9/1/2026,2022,20231183,42637,32034,"NGO TRANSMISSION, INC.",Natural Gas,INTRASTATE,OHIO,20.563,16.421,3.833,0,40.817,0.436,0,3.396,36.984,0,0,,,,,20.563,16.421,3.833,0,40.817,0.436,0,3.396,36.984,0,0,0,0,0,0,0,0,0,0,0,0,0,0,0,0,0,20.563,16.421,3.833,0,40.817
9/1/2026,2022,20230206,41595,32039,PIMALCO GAS,Natural Gas,INTRASTATE,ARIZONA,0,0,0.44,0,0.44,0.44,,,,0,0,,,,,0,0,0.44,0,0.44,0.44,,,,0,0,0,0,0,0,0,0,0,0,0,0,0,0,0,0,0,0,0,0.44,0,0.44
9/1/2026,2022,20230256,41648,32042,FUTAMURA,Natural Gas,INTRASTATE,KANSAS,0.5,0,0,0,0.5,0,,,0.5,0,0,,,,,0.5,0,0,0,0.5,0,,,0.5,0,0,0,0,0,0,0,0,0,0,0,0,0,0,0,0,0,0.5,0,0,0,0.5
9/1/2026,2022,20230386,41783,32043,"NORTH COAST GAS TRANSMISSION, LLC",Natural Gas,INTRASTATE,OHIO,158.861,47.008,57.459,0,263.328,10.247,35.451,14.173,203.458,0,0,,,,,158.861,47.008,57.459,0,263.328,10.247,35.451,14.173,203.458,0,0,0,0,0,0,0,0,0,0,0,0,0,0,0,0,0,158.861,47.008,57.459,0,263.328
9/1/2026,2022,20231020,42461,32046,ETHANOL 2000 LLP (NORTHWEST GAS CONTRACTED),Natural Gas,INTRASTATE,MINNESOTA,0.72,0,0,0,0.72,,0,,0.72,0,0,,,,,0.72,0,0,0,0.72,,0,,0.72,0,0,0,0,0,0,0,0,0,0,0,0,0,0,0,0,0,0.72,0,0,0,0.72
9/1/2026,2022,20231397,42893,32052,"WHITE MARLIN OPERATING COMPANY, LLC",Natural Gas,INTRASTATE,TEXAS,0,0,0,0,0,,,,,0,0,,,,,0,0,0,0,0,,,,,0,0,0,0,0,0,0,0,0,0,74.35,74.35,74.35,0,0,0,74.35,74.35,0,0,0,74.35
9/1/2026,2022,20230110,41497,32054,SILICON VALLEY POWER,Natural Gas,INTRASTATE,CALIFORNIA,0,0,2.41,0,2.41,2.41,,,,0,0,,,,,0,0,2.41,0,2.41,2.41,,,,0,0,0,0,0,0,0,0,,,0,0,0,0,0,0,0,0,0,2.41,0,2.41
9/1/2026,2022,20230160,41547,32067,"TORO ENERGY OF MARYLAND, LLC",Landfill Gas,INTRASTATE,MARYLAND,2,2,1.2,0,5.2,,,1.2,4,0,0,,,,,2,2,1.2,0,5.2,,,1.2,4,0,0,0,0,0,0,0,0,0,0,0,0,0,0,0,0,0,2,2,1.2,0,5.2
9/1/2026,2022,20230820,42248,32068,"WMRE OF MICHIGAN, LLC",Landfill Gas,INTRASTATE,MICHIGAN,0,0.29,1.36,0,1.65,0,0,1.36,0.29,0,0,,,,,0,0.29,1.36,0,1.65,0,0,1.36,0.29,0,0,0,0,0,0,0,0,0,0,0,0,0,0,0,0,0,0,0.29,1.36,0,1.65
9/1/2026,2022,20230810,42238,32070,"WMRE OF OHIO, LLC",Landfill Gas,INTRASTATE,OHIO,1.63,0,1.12,0,2.75,,,1.12,1.63,0,0,,,,,1.63,0,1.12,0,2.75,,,1.12,1.63,0,0,0,0,0,0,0,0,0,0,0,0,0,0,0,0,0,1.63,0,1.12,0,2.75
9/1/2026,2022,20231006,42447,32071,"WMRE OF OHIO-AMERICAN, LLC",Natural Gas,INTRASTATE,OHIO,3.34,3.57,1.9,0,8.81,0.46,,1.44,6.91,0,0,,,,,3.34,3.57,1.9,0,8.81,0.46,,1.44,6.91,0,0,0,0,0,0,0,0,0,0,0,0,0,0,0,0,0,3.34,3.57,1.9,0,8.81
9/1/2026,2022,20230756,42410,32072,HUDSON VALLEY GAS CORPORATION,Natural Gas,INTRASTATE,NEW YORK,0,0,4.3,0,4.3,2.05,1.87,0.38,,0,0,,,,,0,0,4.3,0,4.3,2.05,1.87,0.38,,0,0,0,0,0,0,0,0,0,0,0,0,0,0,0,0,0,0,0,4.3,0,4.3
9/1/2026,2022,20231186,42642,32074,SUMMIT NATURAL GAS OF MISSOURI,Natural Gas,INTRASTATE,MISSOURI,62.05,92.01,23.44,0,177.5,6.38,97.72,3.5,69.8,0,0,,,,,62.05,92.01,23.44,0,177.5,6.38,97.72,3.5,69.8,0,0,0,0,0,0,0,0,0,0,0,0,0,0,0,0,0,62.05,92.01,23.44,0,177.5
9/1/2026,2022,20230045,41429,32081,NEBRASKA PUBLIC POWER DISTRICT,Natural Gas,INTRASTATE,NEBRASKA,2.84,0,0,0,2.84,0,,,2.84,0,0,,,,,2.84,0,0,0,2.84,0,,,2.84,0,0,0,0,0,0,0,0,0,0,0,0,0,0,0,0,0,2.84,0,0,0,2.84
9/1/2026,2022,20231067,42511,32083,"DCOR, LLC",Natural Gas,INTERSTATE,CALIFORNIA,0,0,0,0,0,,,,,0,0,,,,,0,0,0,0,0,,,,,0.31,0,0,0.31,0.39,0,0,0.39,0,0,19.25,19.25,19.25,0.7,0,0,19.95,19.25,0.7,0,0,19.95
9/1/2026,2022,20231067,42511,32083,"DCOR, LLC",Natural Gas,INTRASTATE,CALIFORNIA,0,0,0,0,0,,,,,0,0,,,,,0,0,0,0,0,,,,,0,0,0,0,0,2.19,0,2.19,,,4.49,4.49,4.49,0,2.19,0,6.68,4.49,0,2.19,0,6.68
9/1/2026,2022,20230627,42040,32093,EX EL PIPELINE SERVICES LLC,Natural Gas,INTRASTATE,CALIFORNIA,8.15,2.91,1.071,0,12.131,1.198,0,0,10.933,0,0,,,,,8.15,2.91,1.071,0,12.131,1.198,0,0,10.933,0,0,0,0,0,0,0,0,0,0,0,0,0,0,0,0,0,8.15,2.91,1.071,0,12.131
9/1/2026,2022,20231179,42632,32094,AUX SABLE LIQUID PRODUCTS,Natural Gas,INTRASTATE,ILLINOIS,16.47,8.04,21.23,0,45.74,1.88,20.83,0.12,22.91,0,0,,,,,16.47,8.04,21.23,0,45.74,1.88,20.83,0.12,22.91,0,0,0,0,0,0,0,0,0,0,0,0,0,0,0,0,0,16.47,8.04,21.23,0,45.74
9/1/2026,2022,20230858,42291,32099,ENERGY TRANSFER COMPANY,Natural Gas,INTRASTATE,ARKANSAS,,,,,,0,0,0,0,,0,0,0,0,0,,0,0,0,0,0,0,0,0,0,0,0,0,0.31,0,0,0.31,6.47,6.47,0,0,6.47,0.31,0,0,6.78,6.47,0.31,0,0,6.78
9/1/2026,2022,20230858,42291,32099,ENERGY TRANSFER COMPANY,Natural Gas,INTRASTATE,KANSAS,0,0,0,0,0,0,0,0,0,0,0,0,0,0,0,0,0,0,0,0,0,0,0,0,1.38,0.41,0,1.79,0,0.17,0,0.17,120.04,120.04,0,0,120.04,1.38,0.58,0,122,120.04,1.38,0.58,0,122
9/1/2026,2022,20230858,42291,32099,ENERGY TRANSFER COMPANY,Natural Gas,INTRASTATE,LOUISIANA,669.27,50.84,20.64,0,740.75,6.86,53.5,2.14,678.25,0,0,0,,,,669.27,50.84,20.64,0,740.75,6.86,53.5,2.14,678.25,76.62,13.09,0,89.71,13.53,3.24,0,16.77,947.78,947.78,0,0,947.78,90.15,16.33,0,1054.26,1617.05,140.99,36.97,0,1795.01
9/1/2026,2022,20230858,42291,32099,ENERGY TRANSFER COMPANY,Natural Gas,INTRASTATE,NEW MEXICO,0.54,0,0,0,0.54,0,0,0,0.54,0,0,0,0,0,0,0.54,0,0,0,0.54,0,0,0,0.54,6.81,2.81,0,9.62,1.37,0.1,0,1.47,536.33,536.33,0,0,536.33,8.18,2.91,0,547.42,536.87,8.18,2.91,0,547.96
9/1/2026,2022,20230858,42291,32099,ENERGY TRANSFER COMPANY,Natural Gas,INTRASTATE,OHIO,58.38,6.42,1.65,0,66.45,5.61,13.28,0,47.56,0,0,0,,,,58.38,6.42,1.65,0,66.45,5.61,13.28,0,47.56,0,0,0,0,0,0,0,0,0,0,0,0,0,0,0,0,0,58.38,6.42,1.65,0,66.45
9/1/2026,2022,20230858,42291,32099,ENERGY TRANSFER COMPANY,Natural Gas,INTRASTATE,OKLAHOMA,87.94,4.27,0,0,92.21,0,0,0,92.21,0,0,0,,,,87.94,4.27,0,0,92.21,0,0,0,92.21,4.33,0.15,0,4.48,4.63,0,0,4.63,866.42,866.42,0,0,866.42,8.96,0.15,0,875.53,954.36,13.23,0.15,0,967.74
9/1/2026,2022,20230858,42291,32099,ENERGY TRANSFER COMPANY,Natural Gas,INTRASTATE,PENNSYLVANIA,106.51,14.63,0.47,0,121.61,1.24,13.77,0,106.6,0,0,0,0,0,0,106.51,14.63,0.47,0,121.61,1.24,13.77,0,106.6,59.59,22.4,0,81.99,0.05,0,0,0.05,346.67,346.67,0,0,346.67,59.64,22.4,0,428.71,453.18,74.27,22.87,0,550.32
9/1/2026,2022,20230858,42291,32099,ENERGY TRANSFER COMPANY,Natural Gas,INTRASTATE,TEXAS,5569.45,555.24,621.17,1.17,6747.03,414.4,530.69,86.14,5715.8,0,0,0,0,0,0,5569.45,555.24,621.17,1.17,6747.03,414.4,530.69,86.14,5715.8,321.3,147.31,0,468.61,118.85,47.92,0,166.77,7998.1,7998.1,75.95,75.95,8074.05,440.15,195.23,0,8709.43,13643.5,995.39,816.4,1.17,15456.46
9/1/2026,2022,20230858,42291,32099,ENERGY TRANSFER COMPANY,Natural Gas,INTRASTATE,WEST VIRGINIA,0,0,0,0,0,0,0,0,0,0,0,0,0,0,0,0,0,0,0,0,0,0,0,0,4.31,0,0,4.31,0,0,0,0,25.3,25.3,0,0,25.3,4.31,0,0,29.61,25.3,4.31,0,0,29.61
9/1/2026,2022,20230975,42413,32105,"MIRANT BOWLINE, LLC",Natural Gas,INTRASTATE,NEW YORK,0,0,1.3,0,1.3,1.02,0.016,0.264,0,0,0,,,,,0,0,1.3,0,1.3,1.02,0.016,0.264,0,0,0,0,0,0,0,0,0,0,0,0,0,0,0,0,0,0,0,0,1.3,0,1.3
9/1/2026,2022,20231089,42533,32106,CENTURY ALUMINUM,Natural Gas,INTRASTATE,KENTUCKY,16,0,0,0,16,0,,,16,0,0,,,,,16,0,0,0,16,0,,,16,0,0,0,0,0,0,0,0,0,0,0,0,0,0,0,0,0,16,0,0,0,16
9/1/2026,2022,20230273,41666,32109,"ONEOK NGL PIPELINE, LLC",Natural Gas,INTRASTATE,KANSAS,2.06,0,0,0,2.06,0,0.15,,1.91,0,0,,,,,2.06,0,0,0,2.06,0,0.15,,1.91,0,0,0,0,0,0,0,0,0,0,0,0,0,0,0,0,0,2.06,0,0,0,2.06
9/1/2026,2022,20230273,41666,32109,"ONEOK NGL PIPELINE, LLC",Natural Gas,INTRASTATE,TEXAS,0.84,0.37,0.2,0,1.41,0.71,0.06,,0.64,0,0,,,,,0.84,0.37,0.2,0,1.41,0.71,0.06,,0.64,0,0,0,0,0,0,0,0,0,0,0,0,0,0,0,0,0,0.84,0.37,0.2,0,1.41
9/1/2026,2022,20230215,41606,32132,MISSION VALLEY PIPELINE,Natural Gas,INTRASTATE,TEXAS,0.578,0,0,0,0.578,0.05,0,0,0.528,0,0,,,,,0.578,0,0,0,0.578,0.05,0,0,0.528,0,0,0,0,0,0,0,0,0,0,0,0,0,0,0,0,0,0.578,0,0,0,0.578
9/1/2026,2022,20230961,42396,32134,PATRIOTS ENERGY GROUP,Natural Gas,INTRASTATE,SOUTH CAROLINA,50.78,17.94,0.26,0,68.98,0.26,5.66,,63.06,0,0,,,,,50.78,17.94,0.26,0,68.98,0.26,5.66,,63.06,0,0,0,0,0,0,0,0,0,0,0,0,0,0,0,0,0,50.78,17.94,0.26,0,68.98
9/1/2026,2022,20231256,42718,32144,COOS COUNTY PIPELINE,Natural Gas,INTRASTATE,OREGON,52.1,21,3.7,0,76.8,3.9,0.4,0.1,72.4,0,0,,,,,52.1,21,3.7,0,76.8,3.9,0.4,0.1,72.4,0,0,0,0,0,0,0,0,0,0,0,0,0,0,0,0,0,52.1,21,3.7,0,76.8
9/1/2026,2022,20230025,41408,32145,BASIN ELECTRIC POWER COOPERATIVE,Natural Gas,INTRASTATE,SOUTH DAKOTA,24.6,0,0,0,24.6,,,,24.6,0,0,,,,,24.6,0,0,0,24.6,,,,24.6,0,0,0,0,0,0,0,0,0,0,0,0,0,0,0,0,0,24.6,0,0,0,24.6
9/1/2026,2022,20230321,41714,32147,MARATHON PIPE LINE LLC,Natural Gas,INTRASTATE,CALIFORNIA,0,0,13.3,5.5,18.8,18.8,0,0,0,0,0,,,,,0,0,13.3,5.5,18.8,18.8,0,0,0,0,0,0,0,0,0,0,0,0,0,0,0,0,0,0,0,0,0,0,13.3,5.5,18.8
9/1/2026,2022,20230322,41715,32147,MARATHON PIPE LINE LLC,Other Gas-Off Gas,INTRASTATE,CALIFORNIA,0.5,0,0,0,0.5,0,0,0,0.5,0,0,,,,,0.5,0,0,0,0.5,0,0,0,0.5,0,0,0,0,0,0,0,0,0,0,0,0,0,0,0,0,0,0.5,0,0,0,0.5
9/1/2026,2022,20230322,41715,32147,MARATHON PIPE LINE LLC,Other Gas-Off Gas,INTRASTATE,KENTUCKY,0.01,0,0,0,0.01,0,0,,,0,0,,,,,0.01,0,0,0,0.01,0,0,,,0,0,0,0,0,0,0,0,0,0,0,0,0,0,0,0,0,0.01,0,0,0,0.01
9/1/2026,2022,20230322,41715,32147,MARATHON PIPE LINE LLC,Other Gas-Off Gas,INTRASTATE,WEST VIRGINIA,0.08,0,0,0,0.08,,,,,0,0,,,,,0.08,0,0,0,0.08,,,,,0,0,0,0,0,0,0,0,0,0,0,0,0,0,0,0,0,0.08,0,0,0,0.08
9/1/2026,2022,20230323,41716,32147,MARATHON PIPE LINE LLC,Propane Gas,INTRASTATE,KENTUCKY,0.01,0,0,0,0.01,0,0,0,,0,0,,,,,0.01,0,0,0,0.01,0,0,0,,0,0,0,0,0,0,0,0,0,0,0,0,0,0,0,0,0,0.01,0,0,0,0.01
9/1/2026,2022,20230323,41716,32147,MARATHON PIPE LINE LLC,Propane Gas,INTRASTATE,WEST VIRGINIA,0.08,0,0,0,0.08,,,,,0,0,,,,,0.08,0,0,0,0.08,,,,,0,0,0,0,0,0,0,0,0,0,0,0,0,0,0,0,0,0.08,0,0,0,0.08
9/1/2026,2022,20231289,42752,32163,ROCKIES EXPRESS PIPELINE LLC,Natural Gas,INTERSTATE,COLORADO,211.29,0,0,0,211.29,0,27.96,,183.33,0,0,,,,,211.29,0,0,0,211.29,0,27.96,,183.33,0,0,0,0,0,0,0,0,0,0,0,0,0,0,0,0,0,211.29,0,0,0,211.29
9/1/2026,2022,20231289,42752,32163,ROCKIES EXPRESS PIPELINE LLC,Natural Gas,INTERSTATE,ILLINOIS,194.306,1.479,0,0,195.785,4.597,27.66,,163.528,0,0,,,,,194.306,1.479,0,0,195.785,4.597,27.66,,163.528,0,0,0,0,0,0,0,0,0,0,0,0,0,0,0,0,0,194.306,1.479,0,0,195.785
9/1/2026,2022,20231289,42752,32163,ROCKIES EXPRESS PIPELINE LLC,Natural Gas,INTERSTATE,INDIANA,161.477,11.295,0.739,0,173.511,8.729,58.36,0.041,106.38,0,0,,,,,161.477,11.295,0.739,0,173.511,8.729,58.36,0.041,106.38,0,0,0,0,0,0,0,0,0,0,0,0,0,0,0,0,0,161.477,11.295,0.739,0,173.511
9/1/2026,2022,20231289,42752,32163,ROCKIES EXPRESS PIPELINE LLC,Natural Gas,INTERSTATE,KANSAS,96.244,0,0,0,96.244,0.623,3.5,,92.12,0,0,,,,,96.244,0,0,0,96.244,0.623,3.5,,92.12,0,0,0,0,0,0,0,0,0,0,0,0,0,0,0,0,0,96.244,0,0,0,96.244
9/1/2026,2022,20231289,42752,32163,ROCKIES EXPRESS PIPELINE LLC,Natural Gas,INTERSTATE,MISSOURI,213.256,5.989,0.281,0,219.526,6.468,50.02,,163.038,0,0,,,,,213.256,5.989,0.281,0,219.526,6.468,50.02,,163.038,0,0,0,0,0,0,0,0,0,0,0,0,0,0,0,0,0,213.256,5.989,0.281,0,219.526
9/1/2026,2022,20231289,42752,32163,ROCKIES EXPRESS PIPELINE LLC,Natural Gas,INTERSTATE,NEBRASKA,320.681,0,0,0,320.681,2.819,66.47,,251.393,0,0,,,,,320.681,0,0,0,320.681,2.819,66.47,,251.393,0,0,0,0,0,0,0,0,0,0,0,0,0,0,0,0,0,320.681,0,0,0,320.681
9/1/2026,2022,20231289,42752,32163,ROCKIES EXPRESS PIPELINE LLC,Natural Gas,INTERSTATE,OHIO,218.796,32.473,3.904,0,255.173,32.87,103.28,,119.024,0,0,,,,,218.796,32.473,3.904,0,255.173,32.87,103.28,,119.024,0,0,0,0,0,0,0,0,0,0,0,0,0,0,0,0,0,218.796,32.473,3.904,0,255.173
9/1/2026,2022,20231289,42752,32163,ROCKIES EXPRESS PIPELINE LLC,Natural Gas,INTERSTATE,WYOMING,247.515,0,0.255,0,247.77,3.087,61.1,,183.583,0,0,,,,,247.515,0,0.255,0,247.77,3.087,61.1,,183.583,0,0,0,0,0,0,0,0,0,0,0,0,0,0,0,0,0,247.515,0,0.255,0,247.77
9/1/2026,2022,20231055,48503,32164,MARSHALL MUNICIPAL UTILITIES,Natural Gas,INTRASTATE,MISSOURI,19.7,2,0.8,0,22.5,,1.2,,21.3,0,0,,,,,19.7,2,0.8,0,22.5,,1.2,,21.3,0,0,0,0,0,0,0,0,0,0,0,0,0,0,0,0,0,19.7,2,0.8,0,22.5
9/1/2026,2022,20231413,44229,32171,EMPIRE PIPELINE CORPORATION,Natural Gas,INTRASTATE,TEXAS,0,0,0,0,0,,,,,0,0,,,,,0,0,0,0,0,,,,,0,0,0,0,0,38.046,0,38.046,0,0,0,0,0,0,38.046,0,38.046,0,0,38.046,0,38.046
9/1/2026,2022,20230116,41503,32172,GERDAU MACSTEEL,Natural Gas,INTRASTATE,ARKANSAS,1.8,0,1.2,0,3,1.2,0,0,1.8,0,0,,,,,1.8,0,1.2,0,3,1.2,0,0,1.8,0,0,0,0,0,0,0,0,,,0,0,0,0,0,0,0,1.8,0,1.2,0,3
9/1/2026,2022,20230308,41701,32176,CARDINAL FG,Natural Gas,INTRASTATE,WASHINGTON,2.89,0,0,0,2.89,0,0,0,2.89,0,0,,,,,2.89,0,0,0,2.89,0,0,0,2.89,0,0,0,0,0,0,0,0,,,0,0,0,0,0,0,0,2.89,0,0,0,2.89
9/1/2026,2022,20231329,42794,32178,CALIFORNIA RESOURCES CENTRAL VALLEY,Natural Gas,INTRASTATE,CALIFORNIA,14.21,4.89,16.04,0,35.14,6.36,,9.68,19.1,0,0,,,,,14.21,4.89,16.04,0,35.14,6.36,,9.68,19.1,0,0,0,0,0,0,0,0,0.98,0.98,0,0,0.98,0,0,0,0.98,15.19,4.89,16.04,0,36.12
9/1/2026,2022,20230747,43060,32181,"TREND GATHERING & TREATING, LLC",Natural Gas,INTRASTATE,TEXAS,0,0,0,0,0,,,,,0,0,,,,,0,0,0,0,0,,,,,17.4,6.4,0,23.8,0,0,0,0,266.3,266.3,0,0,266.3,17.4,6.4,0,290.1,266.3,17.4,6.4,0,290.1
9/1/2026,2022,20230028,41411,32183,"MOAB PIPELINE, LLC",Natural Gas,INTRASTATE,UTAH,4.261,0,0,0,4.261,0,,,4.261,0,0,,,,,4.261,0,0,0,4.261,0,,,4.261,0,0,0,0,0,0,0,0,0,0,0,0,0,0,0,0,0,4.261,0,0,0,4.261
9/1/2026,2022,20230334,41729,32189,"HUGHES GAS SYSTEM, LLC",Natural Gas,INTRASTATE,OKLAHOMA,0,0,0,0,0,,,,,0,0,,,,,0,0,0,0,0,,,,,0,0,0,0,0,1,0,1,0,0,0,0,0,0,1,0,1,0,0,1,0,1
9/1/2026,2022,20230132,41519,32190,CARDINAL FG-GREENLAND PLANT,Natural Gas,INTRASTATE,TENNESSEE,0.22,0,0,0,0.22,,,,,0,0,,,,,0.22,0,0,0,0.22,,,,,0,0,0,0,0,0,0,0,0,0,0,0,0,0,0,0,0,0.22,0,0,0,0.22
9/1/2026,2022,20231442,43003,32197,"AKA ENERGY GROUP, LLC",Natural Gas,INTRASTATE,COLORADO,5.11,0,0,0,5.11,0,0,0,5.11,0,0,,,,,5.11,0,0,0,5.11,0,0,0,5.11,0,0,0,0,2.8,0.62,0,3.42,0,0,0,0,0,2.8,0.62,0,3.42,5.11,2.8,0.62,0,8.53
9/1/2026,2022,20231160,42612,32198,MINNESOTA ENERGY RESOURCES CORPORATION,Natural Gas,INTRASTATE,MINNESOTA,2.35,0,0,0,2.35,0,0,0,2.35,0,0,,,,,2.35,0,0,0,2.35,0,0,0,2.35,0,0,0,0,0,0,0,0,0,0,0,0,0,0,0,0,0,2.35,0,0,0,2.35
9/1/2026,2022,20230238,41629,32206,"FREEPORT LNG DEVELOPMENT, L.P.",Natural Gas,INTERSTATE,TEXAS,7.37,1.41,2.51,0,11.29,11.29,,,,0,0,,,,,7.37,1.41,2.51,0,11.29,11.29,,,,0,0,0,0,0,0,0,0,0,0,0,0,0,0,0,0,0,7.37,1.41,2.51,0,11.29
9/1/2026,2022,20230238,41629,32206,"FREEPORT LNG DEVELOPMENT, L.P.",Natural Gas,INTRASTATE,TEXAS,2.61,2.29,1.61,0,6.51,6.51,,,,0,0,,,,,2.61,2.29,1.61,0,6.51,6.51,,,,0,0,0,0,0,0,0,0,0,0,0,0,0,0,0,0,0,2.61,2.29,1.61,0,6.51
9/1/2026,2022,20230153,41540,32210,KENDAL POWER COMPANY LLC,Natural Gas,INTRASTATE,ILLINOIS,1.37,0,0,0,1.37,0,0,0,1.37,0,0,,,,,1.37,0,0,0,1.37,0,0,0,1.37,0,0,0,0,0,0,0,0,,,0,0,0,0,0,0,0,1.37,0,0,0,1.37
9/1/2026,2022,20230649,42067,32212,VALERO REFINING COMPANY-OKLAHOMA,Natural Gas,INTRASTATE,OKLAHOMA,7.61,0.59,2.37,0,10.57,1.56,0.08,0.82,8.1,0,0,,,,,7.61,0.59,2.37,0,10.57,1.56,0.08,0.82,8.1,0,0,0,0,0,0,0,0,0,0,0,0,0,0,0,0,0,7.61,0.59,2.37,0,10.57
9/1/2026,2022,20230060,41445,32217,ELWOOD ENERGY LLC,Natural Gas,INTRASTATE,ILLINOIS,2.976,0,0.65,0,3.626,0.65,0,0,2.976,0,0,,,,,2.976,0,0.65,0,3.626,0.65,0,0,2.976,0,0,0,0,0,0,0,0,0,0,0,0,0,0,0,0,0,2.976,0,0.65,0,3.626
9/1/2026,2022,20231275,42737,32220,GOLDEN PASS LNG TERMINAL LLC,Natural Gas,INTERSTATE,LOUISIANA,10.9,0.5,0,0,11.4,0,1.7,0,9.7,0,0,,,,,10.9,0.5,0,0,11.4,0,1.7,0,9.7,0,0,0,0,0,0,0,0,0,0,0,0,0,0,0,0,0,10.9,0.5,0,0,11.4
9/1/2026,2022,20231275,42737,32220,GOLDEN PASS LNG TERMINAL LLC,Natural Gas,INTERSTATE,TEXAS,53.4,3,2,0,58.4,6.8,11,,40.5,0,0,,,,,53.4,3,2,0,58.4,6.8,11,,40.5,0,0,0,0,0,0,0,0,0,0,0,0,0,0,0,0,0,53.4,3,2,0,58.4
9/1/2026,2022,20230448,41849,32231,"MONUMENT PIPELINE, LP",Natural Gas,INTRASTATE,TEXAS,23.17,6.93,69.16,0,99.26,45.71,14.69,10.29,28.5,0,0,,,,,23.17,6.93,69.16,0,99.26,45.71,14.69,10.29,28.5,17.06,50.04,0,67.1,0,0,0,0,47.07,47.07,0,0,47.07,17.06,50.04,0,114.17,70.24,23.99,119.2,0,213.43
9/1/2026,2022,20231015,42456,32233,"BESCO OPERATING, L.P.",Natural Gas,INTRASTATE,TEXAS,0,0,0,0,0,,,,,0,0,,,,,0,0,0,0,0,,,,,,0,0,0,,3.12,0,3.12,13.45,13.45,1.05,1.05,14.5,0,3.12,0,17.62,14.5,0,3.12,0,17.62
9/1/2026,2022,20230633,42046,32237,"STERLING ETHANOL, LLC",Natural Gas,INTRASTATE,COLORADO,5.66,0,0,0,5.66,0,,,5.66,,0,,,,,5.66,0,0,0,5.66,0,,,5.66,,,,0,,,,0,0,0,,0,0,0,0,0,0,5.66,0,0,0,5.66
9/1/2026,2022,20230882,42315,32238,"LAMB WESTON, INC.",Natural Gas,INTRASTATE,OREGON,0,0,0.25,0,0.25,,,0.25,,0,0,,,,,0,0,0.25,0,0.25,,,0.25,,0,0,0,0,0,0,0,0,0,0,0,0,0,0,0,0,0,0,0,0.25,0,0.25
9/1/2026,2022,20230768,43054,32240,MADILL GAS PROCESSING,Natural Gas,INTRASTATE,OKLAHOMA,0,0,0,0,0,,,,,0,0,,,,,0,0,0,0,0,,,,,2.68,0.26,0,2.94,0,0,0,0,25.69,25.69,0,0,25.69,2.68,0.26,0,28.63,25.69,2.68,0.26,0,28.63
9/1/2026,2022,20230406,41805,32243,"LA STORAGE, LLC",Natural Gas,INTERSTATE,LOUISIANA,21.62,1.62,0,0,23.24,0,1.45,,21.79,0,0,,,,,21.62,1.62,0,0,23.24,0,1.45,,21.79,0,0,0,0,0,0,0,0,0,0,0,0,0,0,0,0,0,21.62,1.62,0,0,23.24
9/1/2026,2022,20230318,41711,32244,"BLACK POOL ENERGY, L.P.",Natural Gas,INTRASTATE,TEXAS,0,0,0,0,0,,,,,0,0,,,,,0,0,0,0,0,,,,,0,0,0,0,0,0,0,0,,,7.65,7.65,7.65,0,0,0,7.65,7.65,0,0,0,7.65
9/1/2026,2022,20230528,44876,32248,"FRONTIER FIELD SERVICES, LLC",Natural Gas,INTRASTATE,NEW MEXICO,8.52,0,0,0,8.52,0,0,0,8.52,,0,,0,0,0,8.52,0,0,0,8.52,0,0,0,8.52,5.07,0.72,0,5.79,0,0,0,0,122.11,122.11,,0,122.11,5.07,0.72,0,127.9,130.63,5.07,0.72,0,136.42
9/1/2026,2022,20230173,41560,32249,"BLUEWATER GAS STORAGE, LLC",Natural Gas,INTERSTATE,MICHIGAN,16.07,12.66,8.8,0,37.53,8.8,0,0,28.73,0,0,,,,,16.07,12.66,8.8,0,37.53,8.8,0,0,28.73,0,0,0,0,0,0,0,0,0,0,0,0,0,0,0,0,0,16.07,12.66,8.8,0,37.53
9/1/2026,2022,20230207,41605,32257,MERIDIAN BRICK,Landfill Gas,INTRASTATE,INDIANA,1,0,0,0,1,0,,0,1,,0,,,,,1,0,0,0,1,0,,0,1,,,,0,,,,0,0,0,,0,0,0,0,0,0,1,0,0,0,1
9/1/2026,2022,20230207,41605,32257,MERIDIAN BRICK,Landfill Gas,INTRASTATE,OKLAHOMA,2,0,0,0,2,0,0,0,2,,0,,,,,2,0,0,0,2,0,0,0,2,,,,0,,,,0,,,,0,0,0,0,0,0,2,0,0,0,2
9/1/2026,2022,20230061,41446,32259,OWENS-ILLINOIS,Natural Gas,INTRASTATE,INDIANA,0,0,0.72,0,0.72,0.72,,,,0,0,,,,,0,0,0.72,0,0.72,0.72,,,,0,0,0,0,0,0,0,0,0,0,0,0,0,0,0,0,0,0,0,0.72,0,0.72
9/1/2026,2022,20230274,41667,32261,"APC , INC",Natural Gas,INTRASTATE,KANSAS,2.2,0,0,0,2.2,,,,2.2,0,0,,,,,2.2,0,0,0,2.2,,,,2.2,0,0,0,0,0,0,0,0,,,0,0,0,0,0,0,0,2.2,0,0,0,2.2
9/1/2026,2022,20230662,42082,32262,PINE PRAIRIE ENERGY CENTER LLC,Natural Gas,INTERSTATE,LOUISIANA,94.59,2.27,0,0,96.86,,2.93,,93.93,0,0,,,,,94.59,2.27,0,0,96.86,,2.93,,93.93,0,0,0,0,0,0,0,0,0,0,0,0,0,0,0,0,0,94.59,2.27,0,0,96.86
9/1/2026,2022,20230715,42416,32264,"CHENIERE CREOLE TRAIL PIPELINE, L.P.",Natural Gas,INTERSTATE,LOUISIANA,86.67,6.86,2.17,0,95.7,10.59,0,0.15,84.96,0,0,,,,,86.67,6.86,2.17,0,95.7,10.59,0,0.15,84.96,0,0,0,0,0,0,0,0,0,0,0,0,0,0,0,0,0,86.67,6.86,2.17,0,95.7
9/1/2026,2022,20230974,42412,32265,"DOGWOOD ENERGY, LLC",Natural Gas,INTRASTATE,MISSOURI,7.47,0,0,0,7.47,,,,7.47,0,0,,,,,7.47,0,0,0,7.47,,,,7.47,0,0,0,0,0,0,0,0,0,0,0,0,0,0,0,0,0,7.47,0,0,0,7.47
9/1/2026,2022,20230358,41754,32279,"VINTON PIPELINE, LLC",Natural Gas,INTRASTATE,TEXAS,4.67,0,0.43,0,5.1,0.43,,,4.67,0,0,,,,,4.67,0,0.43,0,5.1,0.43,,,4.67,0,0,0,0,0,0,0,0,0,0,0,0,0,0,0,0,0,4.67,0,0.43,0,5.1
9/1/2026,2022,20230021,41404,32280,LINCOLN GENERATING FACILITY LLC,Natural Gas,INTRASTATE,ILLINOIS,4.9,0,0,0,4.9,,,,4.9,0,0,,,,,4.9,0,0,0,4.9,,,,4.9,0,0,0,0,0,0,0,0,0,0,0,0,0,0,0,0,0,4.9,0,0,0,4.9
9/1/2026,2022,20230103,41490,32282,JO-CARROLL ENERGY,Natural Gas,INTRASTATE,ILLINOIS,25,0,0,0,25,0,,,25,0,0,,,,,25,0,0,0,25,0,,,25,0,0,0,0,0,0,0,0,0,0,0,0,0,0,0,0,0,25,0,0,0,25
9/1/2026,2022,20230335,41730,32285,"WORSHAM-STEED GAS STORAGE, LLC",Natural Gas,INTRASTATE,TEXAS,57.317,8.113,0.916,0,66.346,1.082,2.84,,62.424,0,0,,,,,57.317,8.113,0.916,0,66.346,1.082,2.84,,62.424,0,0,0,0,0,0,0,0,19.392,19.392,0,0,19.392,0,0,0,19.392,76.709,8.113,0.916,0,85.738
9/1/2026,2022,20230638,42051,32286,PECAN PIPELINE COMPANY,Natural Gas,INTRASTATE,TEXAS,0,0,0,0,0,,,,,0,0,,,,,0,0,0,0,0,,,,,1.95,0,0,1.95,0,0,0,0,42.59,42.59,0,0,42.59,1.95,0,0,44.54,42.59,1.95,0,0,44.54
9/1/2026,2022,20230188,41576,32287,CITY OF GARDNER,Natural Gas,INTRASTATE,KANSAS,0.5,0,0.7,0,1.2,0.1,0,0.5,0.6,0,0,,,,,0.5,0,0.7,0,1.2,0.1,0,0.5,0.6,0,0,0,0,0,0,0,0,0,0,0,0,0,0,0,0,0,0.5,0,0.7,0,1.2
9/1/2026,2022,20230037,41421,32290,POET BIOREFINING - JEWELL,Natural Gas,INTRASTATE,IOWA,9.98,0,0,0,9.98,0,,0,9.98,0,0,,,,,9.98,0,0,0,9.98,0,,0,9.98,0,0,0,0,0,0,0,0,0,0,0,0,0,0,0,0,0,9.98,0,0,0,9.98
9/1/2026,2022,20230937,42371,32293,"COPANO FIELD SERVICES/NORTH TEXAS, LLC",Natural Gas,INTRASTATE,TEXAS,12.278,0.003,0,0,12.281,0,0,0,12.281,0,0,,,,,12.278,0.003,0,0,12.281,0,0,0,12.281,1.282,0,0,1.282,0,0,0,0,123.271,123.271,0,0,123.271,1.282,0,0,124.553,135.549,1.285,0,0,136.834
9/1/2026,2022,20230375,41772,32294,AG PROCESSING INC A COOPERATIVE,Natural Gas,INTRASTATE,IOWA,4.18,0,0,0,4.18,,,,4.18,0,0,,,,,4.18,0,0,0,4.18,,,,4.18,0,0,0,0,0,0,0,0,0,0,0,0,0,0,0,0,0,4.18,0,0,0,4.18
9/1/2026,2022,20230665,42085,32296,TARGA RESOURCES OPERATING LLC,Natural Gas,INTERSTATE,LOUISIANA,0,0,0,0,0,,,,,0,0,,,,,0,0,0,0,0,,,,,0,0,0,0,0,0,0,0,0,0,6,6,6,0,0,0,6,6,0,0,0,6
9/1/2026,2022,20230665,42085,32296,TARGA RESOURCES OPERATING LLC,Natural Gas,INTERSTATE,OCS-Gulf of Mexico,0,0,0,0,0,,,,,0,0,,,,,0,0,0,0,0,,,,,0,0,0,0,0,0,0,0,0,0,76,76,76,0,0,0,76,76,0,0,0,76
9/1/2026,2022,20230665,42085,32296,TARGA RESOURCES OPERATING LLC,Natural Gas,INTRASTATE,LOUISIANA,49.332,9.97,12.859,0,72.161,2.47,0.83,10.54,58.32,0,0,,,,,49.332,9.97,12.859,0,72.161,2.47,0.83,10.54,58.32,44.47,40.71,0,85.18,0,0,0,0,374.5,374.5,0,0,374.5,44.47,40.71,0,459.68,423.832,54.44,53.569,0,531.841
9/1/2026,2022,20230665,42085,32296,TARGA RESOURCES OPERATING LLC,Natural Gas,INTRASTATE,NEW MEXICO,7.2,1,0,0,8.2,,,,8.2,0,0,,,,,7.2,1,0,0,8.2,,,,8.2,2,0,0,2,0.3,1.27,0,1.57,676.02,676.02,0,0,676.02,2.3,1.27,0,679.59,683.22,3.3,1.27,0,687.79
9/1/2026,2022,20230665,42085,32296,TARGA RESOURCES OPERATING LLC,Natural Gas,INTRASTATE,NORTH DAKOTA,0,0,0,0,0,,,,,0,0,,,,,0,0,0,0,0,,,,,0,0,0,0,0,1.2,0,1.2,200.74,200.74,0,0,200.74,0,1.2,0,201.94,200.74,0,1.2,0,201.94
9/1/2026,2022,20230665,42085,32296,TARGA RESOURCES OPERATING LLC,Natural Gas,INTRASTATE,TEXAS,90.65,4,0.128,0,94.778,,2.03,0.13,92.64,0,0,,,,,90.65,4,0.128,0,94.778,,2.03,0.13,92.64,14.2,21.1,0,35.3,0.32,9.85,0,10.17,1087.94,1087.94,0,0,1087.94,14.52,30.95,0,1133.41,1178.59,18.52,31.078,0,1228.188
9/1/2026,2022,20230038,41422,32300,"LITTLE SIOUX CORN PROCESSORS, LLLP",Natural Gas,INTRASTATE,IOWA,0.8,0,0,0,0.8,0,0,0,0.8,0,0,,,,,0.8,0,0,0,0.8,0,0,0,0.8,0,0,0,0,0,0,0,0,0,0,0,0,0,0,0,0,0,0.8,0,0,0,0.8
9/1/2026,2022,20231109,42557,32301,PIONEER AMERICAS LLC DOING BUSINESS AS OLIN CHLOR ALKALI PRODUCTS,Hydrogen Gas,INTRASTATE,LOUISIANA,5.421,1,0,0,6.421,0,0,0,6.421,0,0,,,,,5.421,1,0,0,6.421,0,0,0,6.421,0,0,0,0,0,0,0,0,0,0,0,0,0,0,0,0,0,5.421,1,0,0,6.421
9/1/2026,2022,20230105,41492,32304,CITY OF REDDING,Natural Gas,INTRASTATE,CALIFORNIA,0,0,2.9,0,2.9,2.9,0,0,,0,0,,,,,0,0,2.9,0,2.9,2.9,0,0,,0,0,0,0,0,0,0,0,,,0,0,0,0,0,0,0,0,0,2.9,0,2.9
9/1/2026,2022,20230108,41495,32308,NORTHERN CALIFORNIA POWER AGENCY,Natural Gas,INTRASTATE,CALIFORNIA,0,0,0.7,0,0.7,0.7,0,0,0,0,0,,,,,0,0,0.7,0,0.7,0.7,0,0,0,0,0,0,0,0,0,0,0,,,0,0,0,0,0,0,0,0,0,0.7,0,0.7
9/1/2026,2022,20230703,43010,32312,"REPSOL OIL & GAS USA, LLC",Natural Gas,INTRASTATE,NEW YORK,0,0,0,0,0,,,,,0,0,,,,,0,0,0,0,0,,,,,0,0,0,0,3.3,1.1,0,4.4,0,0,0,0,0,3.3,1.1,0,4.4,0,3.3,1.1,0,4.4
9/1/2026,2022,20230703,43010,32312,"REPSOL OIL & GAS USA, LLC",Natural Gas,INTRASTATE,PENNSYLVANIA,0,0,0,0,0,,,,,0,0,,,,,0,0,0,0,0,,,,,18.2,0,0,18.2,0,0,0,0,246.3,246.3,0,0,246.3,18.2,0,0,264.5,246.3,18.2,0,0,264.5
9/1/2026,2022,20230703,43010,32312,"REPSOL OIL & GAS USA, LLC",Natural Gas,INTRASTATE,TEXAS,0,0,0,0,0,,,,,0,0,,,,,0,0,0,0,0,,,,,7.612,11.778,0,19.39,0,0,0,0,70.021,70.021,0,0,70.021,7.612,11.778,0,89.411,70.021,7.612,11.778,0,89.411
9/1/2026,2022,20230754,42906,32314,"WTG-HUGOTON, LP",Natural Gas,INTERSTATE,KANSAS,153.554,0.629,2.002,0,156.185,0,,2.002,154.183,0,0,,,,,153.554,0.629,2.002,0,156.185,0,,2.002,154.183,0,0,0,0,0.364,0.702,0,1.066,68.948,68.948,0,0,68.948,0.364,0.702,0,70.014,222.502,0.993,2.704,0,226.199
9/1/2026,2022,20230754,42906,32314,"WTG-HUGOTON, LP",Natural Gas,INTERSTATE,OKLAHOMA,0.005,0,0,0,0.005,,,,0.005,0,0,,,,,0.005,0,0,0,0.005,,,,0.005,0,0,0,0,0,0,0,0,18.318,18.318,0,0,18.318,0,0,0,18.318,18.323,0,0,0,18.323
9/1/2026,2022,20230966,42401,32315,"GREATER MINNESOTA TRANSMISSION, LLC",Natural Gas,INTRASTATE,MINNESOTA,13,0,0,0,13,,2.89,,10.11,0,0,,,,,13,0,0,0,13,,2.89,,10.11,0,0,0,0,0,0,0,0,0,0,0,0,0,0,0,0,0,13,0,0,0,13
9/1/2026,2022,20230336,41731,32317,ACME BRICK,Natural Gas,INTRASTATE,ALABAMA,0,1.6,0,0,1.6,,,,1.6,0,0,,,,,0,1.6,0,0,1.6,,,,1.6,0,0,0,0,0,0,0,0,0,0,0,0,0,0,0,0,0,0,1.6,0,0,1.6
9/1/2026,2022,20230167,41554,32325,"TORO ENERGY OF MISSISSIPPI, LLC",Landfill Gas,INTRASTATE,MISSISSIPPI,4.8,0,0,0,4.8,0,,,4.8,0,0,,,,,4.8,0,0,0,4.8,0,,,4.8,0,0,0,0,0,0,0,0,0,0,0,0,0,0,0,0,0,4.8,0,0,0,4.8
9/1/2026,2022,20231202,42659,32327,TEXAS PIPELINE LLC,Natural Gas,INTRASTATE,TEXAS,0,0,0,0,0,,,,,0,0,,,,,0,0,0,0,0,,,,,0,1.375,0,1.375,0,0,0,0,131.82,131.82,0,0,131.82,0,1.375,0,133.195,131.82,0,1.375,0,133.195
9/1/2026,2022,20230514,41920,32329,"SIEMENS INDUSTRY, INC",Landfill Gas,INTRASTATE,SOUTH CAROLINA,0,0,16.08,0,16.08,0.15,,15.93,,0,0,,,,,0,0,16.08,0,16.08,0.15,,15.93,,0,0,0,0,0,0,0,0,0,0,0,0,0,0,0,0,0,0,0,16.08,0,16.08
9/1/2026,2022,20230538,41944,32333,"QUAIL RUN ENERGY PARTNERS, LP",Natural Gas,INTRASTATE,TEXAS,1.95,0,0,0,1.95,,,,1.95,0,0,,,,,1.95,0,0,0,1.95,,,,1.95,0,0,0,0,0,0,0,0,0,0,0,0,0,0,0,0,0,1.95,0,0,0,1.95
9/1/2026,2022,20230279,41672,32338,"PAL ENERGY, LLC",Natural Gas,INTRASTATE,OKLAHOMA,8,0,0,0,8,,,,8,0,0,,,,,8,0,0,0,8,,,,8,0,0,0,0,0,0,0,0,0,0,0,0,0,0,0,0,0,8,0,0,0,8
9/1/2026,2022,20231048,42491,32341,"SOUTHEAST SUPPLY HEADER, LLC",Natural Gas,INTERSTATE,ALABAMA,29.27,6.52,1.8,0,37.59,3.36,5.68,0,28.55,0,0,,,,,29.27,6.52,1.8,0,37.59,3.36,5.68,0,28.55,0,0,0,0,0,0,0,0,0,0,0,0,0,0,0,0,0,29.27,6.52,1.8,0,37.59
9/1/2026,2022,20231048,42491,32341,"SOUTHEAST SUPPLY HEADER, LLC",Natural Gas,INTERSTATE,LOUISIANA,34.23,2,0,0,36.23,0,1.15,0,35.08,0,0,,,,,34.23,2,0,0,36.23,0,1.15,0,35.08,0,0,0,0,0,0,0,0,0,0,0,0,0,0,0,0,0,34.23,2,0,0,36.23
9/1/2026,2022,20231048,42491,32341,"SOUTHEAST SUPPLY HEADER, LLC",Natural Gas,INTERSTATE,MISSISSIPPI,190.4,22.69,0.41,0,213.5,3.1,30.78,0,179.62,0,0,,,,,190.4,22.69,0.41,0,213.5,3.1,30.78,0,179.62,0,0,0,0,0,0,0,0,0,0,0,0,0,0,0,0,0,190.4,22.69,0.41,0,213.5
9/1/2026,2022,20231030,42472,32342,MID MISSOURI ENERGY,Natural Gas,INTRASTATE,MISSOURI,12.79,0,0,0,12.79,,,,12.79,0,0,,,,,12.79,0,0,0,12.79,,,,12.79,0,0,0,0,0,0,0,0,0,0,0,0,0,0,0,0,0,12.79,0,0,0,12.79
9/1/2026,2022,20231062,42505,32343,"SHOW ME ETHANOL, LLC",Natural Gas,INTRASTATE,MISSOURI,5,0,0,0,5,,,,5,0,0,,,,,5,0,0,0,5,,,,5,0,0,0,0,0,0,0,0,0,0,0,0,0,0,0,0,0,5,0,0,0,5
9/1/2026,2022,20230249,41641,32344,PARAMONT ENERGY LC,Natural Gas,INTRASTATE,VIRGINIA,0,0,0,0,0,,,,,0,0,,,,,0,0,0,0,0,,,,,0,0,0,0,1.565,1.297,0,2.862,0,0,0,0,0,1.565,1.297,0,2.862,0,1.565,1.297,0,2.862
9/1/2026,2022,20230408,41807,32345,CAMERON INTERSTATE PIPELINE,Natural Gas,INTERSTATE,LOUISIANA,31.82,8.11,0.15,0,40.08,9.41,4.15,,26.52,0,0,,,,,31.82,8.11,0.15,0,40.08,9.41,4.15,,26.52,0,0,0,0,0,0,0,0,0,0,0,0,0,0,0,0,0,31.82,8.11,0.15,0,40.08
9/1/2026,2022,20230832,42262,32349,"COLORADO BEND 1 POWER, LLC",Natural Gas,INTRASTATE,TEXAS,0.57,0,0,0,0.57,,0,,0.57,0,0,,,,,0.57,0,0,0,0.57,,0,,0.57,0,0,0,0,0,0,0,0,0,0,0,0,0,0,0,0,0,0.57,0,0,0,0.57
9/1/2026,2022,20230674,42094,32350,ABSOLUTE ENERGY L.L.C.,Natural Gas,INTRASTATE,IOWA,3.14,0,0,0,3.14,0,0,0,3.14,0,0,,,,,3.14,0,0,0,3.14,0,0,0,3.14,0,0,0,0,0,0,0,0,0,0,0,0,0,0,0,0,0,3.14,0,0,0,3.14
9/1/2026,2022,20230212,41602,32352,"MAGNOLIA GAS GATHERING, LLC",Natural Gas,INTRASTATE,TEXAS,0,0,0,0,0,,,,,0,0,,,,,0,0,0,0,0,,,,,0,12.41,0,12.41,0,0,0,0,0,0,0,0,0,0,12.41,0,12.41,0,0,12.41,0,12.41
9/1/2026,2022,20230161,41548,32353,HOLCIM (US) INC.,Natural Gas,INTRASTATE,OKLAHOMA,6,0,0,0,6,0,0.25,0,5.75,0,0,,,,,6,0,0,0,6,0,0.25,0,5.75,0,0,0,0,0,0,0,0,,,0,0,0,0,0,0,0,6,0,0,0,6
9/1/2026,2022,20230680,43057,32354,"DFW MIDSTREAM SERVICES, LLC",Natural Gas,INTRASTATE,TEXAS,5.71,0.33,17.49,0,23.53,13.96,4.92,2.04,2.61,0,0,,,,,5.71,0.33,17.49,0,23.53,13.96,4.92,2.04,2.61,2.16,91.16,3.69,97.01,0,0,0,0,6.23,6.23,0,0,6.23,2.16,91.16,3.69,103.24,11.94,2.49,108.65,3.69,126.77
9/1/2026,2022,20230364,41760,32357,SIOUX FALLS REGIONAL SANITARY LANDFILL,Landfill Gas,INTRASTATE,SOUTH DAKOTA,11.25,0,0,0,11.25,,,,11.25,0,0,,,,,11.25,0,0,0,11.25,,,,11.25,0,0,0,0,0,0,0,0,0,0,0,0,0,0,0,0,0,11.25,0,0,0,11.25
9/1/2026,2022,20231402,42902,32358,NOURYON PULP AND PERFORMANCE CHEMICALS LLC,Hydrogen Gas,INTRASTATE,WASHINGTON,0.45,0,0,0,0.45,0,0,0,0.45,0,0,,,,,0.45,0,0,0,0.45,0,0,0,0.45,0,0,0,0,0,0,0,0,0,0,0,0,0,0,0,0,0,0.45,0,0,0,0.45
9/1/2026,2022,20230355,41750,32359,LINCOLN ELECTRIC SYSTEM,Landfill Gas,INTRASTATE,NEBRASKA,2.8,0,0,0,2.8,0,,,2.8,0,0,,,,,2.8,0,0,0,2.8,0,,,2.8,0,0,0,0,0,0,0,0,0,0,0,0,0,0,0,0,0,2.8,0,0,0,2.8
9/1/2026,2022,20230047,42255,32359,LINCOLN ELECTRIC SYSTEM,Natural Gas,INTRASTATE,NEBRASKA,6.29,0,0,0,6.29,,,,6.29,0,0,,,,,6.29,0,0,0,6.29,,,,6.29,0,0,0,0,0,0,0,0,0,0,0,0,0,0,0,0,0,6.29,0,0,0,6.29
9/1/2026,2022,20230208,43017,32363,MID-CONTINENT MARKET CENTER,Natural Gas,INTRASTATE,KANSAS,173.38,11.72,10.07,0,195.17,3.06,8.76,0.25,183.1,0,0,,,,,173.38,11.72,10.07,0,195.17,3.06,8.76,0.25,183.1,0,0,0,0,0,0,0,0,0,0,0,0,0,0,0,0,0,173.38,11.72,10.07,0,195.17
9/1/2026,2022,20230670,42090,32364,"VALERO REFINING-NEW ORLEANS, L.L.C.",Hydrogen Gas,INTRASTATE,LOUISIANA,0,0.21,1.42,0,1.63,,,1.42,0.21,0,0,,,,,0,0.21,1.42,0,1.63,,,1.42,0.21,0,0,0,0,0,0,0,0,0,0,0,0,0,0,0,0,0,0,0.21,1.42,0,1.63
9/1/2026,2022,20230669,42089,32364,"VALERO REFINING-NEW ORLEANS, L.L.C.",Natural Gas,INTRASTATE,LOUISIANA,0,0,0.11,0,0.11,0.11,,,,0,0,,,,,0,0,0.11,0,0.11,0.11,,,,0,0,0,0,0,0,0,0,0,0,0,0,0,0,0,0,0,0,0,0.11,0,0.11
9/1/2026,2022,20231035,43155,32373,"PLYMOUTH ENERGY, LLC",Natural Gas,INTRASTATE,IOWA,7.5,0,0,0,7.5,,,,7.5,0,0,,,,,7.5,0,0,0,7.5,,,,7.5,0,0,0,0,0,0,0,0,0,0,0,0,0,0,0,0,0,7.5,0,0,0,7.5
9/1/2026,2022,20230646,42064,32374,"MONROE GAS STORAGE COMPANY, LLC",Natural Gas,INTERSTATE,ALABAMA,2.02,0,0,0,2.02,,,,2.02,0,0,,,,,2.02,0,0,0,2.02,,,,2.02,0,0,0,0,0,0,0,0,0,0,0,0,0,0,0,0,0,2.02,0,0,0,2.02
9/1/2026,2022,20230646,42064,32374,"MONROE GAS STORAGE COMPANY, LLC",Natural Gas,INTERSTATE,MISSISSIPPI,21.8,1.56,0,0,23.36,,1.19,,22.17,0,0,,,,,21.8,1.56,0,0,23.36,,1.19,,22.17,0,0,0,0,0,0,0,0,0,0,0,0,0,0,0,0,0,21.8,1.56,0,0,23.36
9/1/2026,2022,20230639,42052,32375,"SG RESOURCES MISSISSIPPI, LLC",Natural Gas,INTERSTATE,ALABAMA,12.49,0,0,0,12.49,,,,12.49,,0,,,,,12.49,0,0,0,12.49,,,,12.49,,,,0,,,,0,0,0,,0,0,0,0,0,0,12.49,0,0,0,12.49
9/1/2026,2022,20230639,42052,32375,"SG RESOURCES MISSISSIPPI, LLC",Natural Gas,INTERSTATE,MISSISSIPPI,45.53,1.59,0,0,47.12,,1.27,,45.85,0,0,,,,,45.53,1.59,0,0,47.12,,1.27,,45.85,0,0,0,0,0,0,0,0,0,0,0,0,0,0,0,0,0,45.53,1.59,0,0,47.12
9/1/2026,2022,20230065,41450,32378,ALLIANCE ENERGY TRANSMISSION LLC.,Natural Gas,INTRASTATE,NEW YORK,0,0,11.2,0,11.2,0.12,,11,,0,0,,,,,0,0,11.2,0,11.2,0.12,,11,,0,0,0,0,0,0,0,0,0,0,0,0,0,0,0,0,0,0,0,11.2,0,11.2
9/1/2026,2022,20231105,43008,32379,"COBRA PIPELINE COMPANY, LTD.",Natural Gas,INTRASTATE,OHIO,0,69.32,0.91,0,70.23,0.91,,,69.32,0,0,,,,,0,69.32,0.91,0,70.23,0.91,,,69.32,0,0,0,0,47.751,0,0,47.751,0,0,0,0,0,47.751,0,0,47.751,0,117.071,0.91,0,117.981
9/1/2026,2022,20230508,41914,32380,"STECKMAN RIDGE, LP (SPECTRA ENERGY PARTNERS, LP)",Natural Gas,INTERSTATE,PENNSYLVANIA,9.11,0,0,0,9.11,0,0,0,9.11,0,0,,,,,9.11,0,0,0,9.11,0,0,0,9.11,0,0,0,0,0,0,0,0,0,0,0,0,0,0,0,0,0,9.11,0,0,0,9.11
9/1/2026,2022,20231023,42464,32381,GREEN PLAINS FAIRMONT LLC-NW GAS CONTRACTED,Natural Gas,INTRASTATE,MINNESOTA,4.66,0,0,0,4.66,0,,,4.66,0,0,,,,,4.66,0,0,0,4.66,0,,,4.66,0,0,0,0,0,0,0,0,0,0,0,0,0,0,0,0,0,4.66,0,0,0,4.66
9/1/2026,2022,20230144,41531,32383,"HORIZON PRODUCTION AND OPERATING, LLC",Natural Gas,INTRASTATE,TEXAS,0,0,0,0,0,,,,,0,0,,,,,0,0,0,0,0,,,,,0,3.54,0,3.54,0,0,0,0,,,0,0,0,0,3.54,0,3.54,0,0,3.54,0,3.54
9/1/2026,2022,20230043,41427,32384,DALTON-WHITFIELD REGIONAL SOLID WASTE MANAGMENT AUTHORITY,Landfill Gas,INTRASTATE,GEORGIA,0,1.95,0,0,1.95,0,,,1.95,0,0,,,,,0,1.95,0,0,1.95,0,,,1.95,0,0,0,0,0,0,0,0,0,0,0,0,0,0,0,0,0,0,1.95,0,0,1.95
9/1/2026,2022,20230500,41905,32389,"CENTAURI TECHNOLOGIES, LP","Other Gas-CO, H2, N2",INTRASTATE,TEXAS,5.55,0,0,0,5.55,0,0,0,5.55,0,0,,,,,5.55,0,0,0,5.55,0,0,0,5.55,0,0,0,0,0,0,0,0,0,0,0,0,0,0,0,0,0,5.55,0,0,0,5.55
9/1/2026,2022,20230094,41479,32391,NRG TEXAS POWER LLC,Natural Gas,INTRASTATE,TEXAS,1.2,0,0,0,1.2,,,,1.2,0,0,,,,,1.2,0,0,0,1.2,,,,1.2,0,0,0,0,0,0,0,0,0,0,0,0,0,0,0,0,0,1.2,0,0,0,1.2
9/1/2026,2022,20231214,42675,32393,"FREEBIRD GAS STORAGE, LLC",Natural Gas,INTERSTATE,ALABAMA,7.35,0,0,0,7.35,0,,,7.354,0,0,,,,,7.35,0,0,0,7.35,0,,,7.354,0,0,0,0,0,0,0,0,0,0,0,0,0,0,0,0,0,7.35,0,0,0,7.35
9/1/2026,2022,20231198,42654,32394,"CALEDONIA ENERGY PARTNERS, LLC",Natural Gas,INTERSTATE,MISSISSIPPI,3.48,0,0,0,3.48,0,,,3.48,0,0,,,,,3.48,0,0,0,3.48,0,,,3.48,0,0,0,0,0,0,0,0,0,0,0,0,0,0,0,0,0,3.48,0,0,0,3.48
9/1/2026,2022,20230488,41893,32395,J.R. SIMPLOT COMPANY,Natural Gas,INTRASTATE,WASHINGTON,1.4,0,0,0,1.4,,,,1.4,0,0,,,,,1.4,0,0,0,1.4,,,,1.4,0,0,0,0,0,0,0,0,0,0,0,0,0,0,0,0,0,1.4,0,0,0,1.4
9/1/2026,2022,20230502,41908,32396,"BOBCAT GAS STORAGE (SPECTRA ENERGY PARTNERS, LP)",Natural Gas,INTERSTATE,LOUISIANA,22.85,1.08,0,0,23.93,0,2.34,0,21.59,0,0,,,,,22.85,1.08,0,0,23.93,0,2.34,0,21.59,0,0,0,0,0,0,0,0,0,0,0,0,0,0,0,0,0,22.85,1.08,0,0,23.93
9/1/2026,2022,20230241,41719,32399,"SOLVAY CHEMICALS, INC.",Hydrogen Gas,INTRASTATE,WASHINGTON,0.1,0,0,0,0.1,0,,,,0,0,,,,,0.1,0,0,0,0.1,0,,,,0,0,0,0,0,0,0,0,0,0,0,0,0,0,0,0,0,0.1,0,0,0,0.1
9/1/2026,2022,20230142,41529,32401,FARADAY PIPELINE COMPANY,Natural Gas,INTRASTATE,TEXAS,0,0,0,0,0,,,,,0,0,,,,,0,0,0,0,0,,,,,0,0,0,0,0,11.78,0,11.78,,,0,0,0,0,11.78,0,11.78,0,0,11.78,0,11.78
9/1/2026,2022,20231036,42479,32402,LOUIS DREYFUS COMPANY,Natural Gas,INTRASTATE,IOWA,8.91,0,0,0,8.91,,,,8.91,0,0,,,,,8.91,0,0,0,8.91,,,,8.91,0,0,0,0,0,0,0,0,0,0,0,0,0,0,0,0,0,8.91,0,0,0,8.91
9/1/2026,2022,20230359,42927,32403,"ARCHAEA ENERGY OPERATING, LLC",Natural Gas,INTRASTATE,KANSAS,0.6,0,0,0,0.6,,,,0.6,,0,,,,,0.6,0,0,0,0.6,,,,0.6,0,0,0,0,0,0,0,0,0,0,,0,0,0,0,0,0,0.6,0,0,0,0.6
9/1/2026,2022,20230359,42927,32403,"ARCHAEA ENERGY OPERATING, LLC",Natural Gas,INTRASTATE,NEBRASKA,3.69,0,0,0,3.69,0,,,3.69,,0,,,,,3.69,0,0,0,3.69,0,,,3.69,0,0,0,0,0,0,0,0,0,0,,0,0,0,0,0,0,3.69,0,0,0,3.69
9/1/2026,2022,20230359,42927,32403,"ARCHAEA ENERGY OPERATING, LLC",Natural Gas,INTRASTATE,OKLAHOMA,8.21,0,2.13,0,10.34,2.13,,,8.21,0,0,,,,,8.21,0,2.13,0,10.34,2.13,,,8.21,0,0,0,0,0.3,0,0,0.3,0,0,0,0,0,0.3,0,0,0.3,8.21,0.3,2.13,0,10.64
9/1/2026,2022,20230130,41517,32404,"CEI PIPELINE, LLC",Natural Gas,INTRASTATE,TEXAS,10.59,0,0,0,10.59,,,,10.59,0,0,,,,,10.59,0,0,0,10.59,,,,10.59,0,0,0,0,0,0,0,0,0,0,0,0,0,0,0,0,0,10.59,0,0,0,10.59
9/1/2026,2022,20230135,41522,32405,"WYCKOFF GAS STORAGE COMPANY, LLC",Natural Gas,INTERSTATE,NEW YORK,11.549,0,0,0,11.549,,,,11.549,0,0,,,,,11.549,0,0,0,11.549,,,,11.549,0,0,0,0,0,0,0,0,0,0,0,0,0,0,0,0,0,11.549,0,0,0,11.549
9/1/2026,2022,20230681,42102,32416,"ARCADIA GAS STORAGE, LLC",Natural Gas,INTRASTATE,LOUISIANA,24.45,1.01,0,0,25.46,,0.58,,24.88,0,0,,,,,24.45,1.01,0,0,25.46,,0.58,,24.88,0,0,0,0,0,0,0,0,0,0,0,0,0,0,0,0,0,24.45,1.01,0,0,25.46
9/1/2026,2022,20230416,43188,32419,"SOUTHWEST IOWA RENEWABLE ENERGY, LLC",Natural Gas,INTRASTATE,IOWA,0.57,0,0,0,0.57,0,0,0,0.57,0,0,,,,,0.57,0,0,0,0.57,0,0,0,0.57,0,0,0,0,0,0,0,0,0,0,0,0,0,0,0,0,0,0.57,0,0,0,0.57
9/1/2026,2022,20231226,42687,32420,"GRAMA RIDGE STORAGE AND TRANSPORTATION, LLC",Natural Gas,INTRASTATE,NEW MEXICO,6.23,0,0,0,6.23,0,,,6.23,0,0,,,,,6.23,0,0,0,6.23,0,,,6.23,0,0,0,0,0,0,0,0,0,0,0,0,0,0,0,0,0,6.23,0,0,0,6.23
9/1/2026,2022,20230287,41680,32422,"NEPTUNE LNG, LLC",Natural Gas,INTERSTATE,OCS-Atlantic,0,0,0,0,0,,,,,2.75,2.75,0,0,0,2.75,2.75,0,0,0,2.75,0,0,0,2.75,0,0,0,0,0,0,0,0,0,0,0,0,0,0,0,0,0,2.75,0,0,0,2.75
9/1/2026,2022,20230287,41680,32422,"NEPTUNE LNG, LLC",Natural Gas,INTRASTATE,MASSACHUSETTS,0,0,0,0,0,,,,,10.45,10.45,0,0,0,10.45,10.45,0,0,0,10.45,0,0,0,10.45,0,0,0,0,0,0,0,0,,,0,0,0,0,0,0,0,10.45,0,0,0,10.45
9/1/2026,2022,20230097,44188,32423,MINNESOTA POWER,Natural Gas,INTRASTATE,MINNESOTA,1.24,0,0,0,1.24,,0.07,,1.17,0,0,,,,,1.24,0,0,0,1.24,,0.07,,1.17,0,0,0,0,0,0,0,0,0,0,0,0,0,0,0,0,0,1.24,0,0,0,1.24
9/1/2026,2022,20230093,41478,32426,"UNIVERSITY PARK ENERGY, LLC",Natural Gas,INTRASTATE,ILLINOIS,0.32,0,0.17,0,0.49,0.17,0,0.081,0.24,0,0,,,,,0.32,0,0.17,0,0.49,0.17,0,0.081,0.24,0,0,0,0,0,0,0,0,0,0,0,0,0,0,0,0,0,0.32,0,0.17,0,0.49
9/1/2026,2022,20230067,41452,32427,DEWBRE PETROLEUM CORP,Natural Gas,INTRASTATE,TEXAS,0,1.02,0,0,1.02,,,,1.02,0,0,,,,,0,1.02,0,0,1.02,,,,1.02,1.68,0,0,1.68,5.88,0,0,5.88,0,0,0,0,0,7.56,0,0,7.56,0,8.58,0,0,8.58
9/1/2026,2022,20230267,41660,32429,US AMINES,Hydrogen Gas,INTRASTATE,ALABAMA,0,0,20.07,0,20.07,2.29,0,17.78,0,0,0,,,,,0,0,20.07,0,20.07,2.29,0,17.78,0,0,0,0,0,0,0,0,0,0,0,0,0,0,0,0,0,0,0,0,20.07,0,20.07
9/1/2026,2022,20231241,42702,32431,CITY OF CALHOUN,Natural Gas,INTRASTATE,GEORGIA,0.5,0,0,0,0.5,0,0,0,0.5,0,0,,,,,0.5,0,0,0,0.5,0,0,0,0.5,0,0,0,0,0,0,0,0,0,0,0,0,0,0,0,0,0,0.5,0,0,0,0.5
9/1/2026,2022,20230577,41986,32433,AMERESCO MCCARTY ENERGY LLC,Natural Gas,INTRASTATE,TEXAS,0.277,0,1.698,0,1.975,1.698,0,0,0.277,0,0,,,,,0.277,0,1.698,0,1.975,1.698,0,0,0.277,0,0,0,0,0,0,0,0,0,0,0,0,0,0,0,0,0,0.277,0,1.698,0,1.975
9/1/2026,2022,20230580,41989,32434,AMERESCO EVANSVILLE LLC,Landfill Gas,INTRASTATE,INDIANA,0,0,4.77,0.33,5.1,5.1,0,0,0,0,0,,,,,0,0,4.77,0.33,5.1,5.1,0,0,0,0,0,0,0,0,0,0,0,0,0,0,0,0,0,0,0,0,0,0,4.77,0.33,5.1
9/1/2026,2022,20230581,41990,32435,AMERESCO JEFFERSON CITY LLC,Landfill Gas,INTRASTATE,MISSOURI,0,0,3.58,0,3.58,0,0,3.58,0,0,0,,,,,0,0,3.58,0,3.58,0,0,3.58,0,0,0,0,0,0,0,0,0,0,0,0,0,0,0,0,0,0,0,0,3.58,0,3.58
9/1/2026,2022,20230893,42326,32436,MIDCONTINENT EXPRESS PIPELINE LLC,Natural Gas,INTERSTATE,ALABAMA,5.637,0,0,0,5.637,0,0,0,5.637,0,0,0,0,0,0,5.637,0,0,0,5.637,0,0,0,5.637,0,0,0,0,0,0,0,0,0,0,0,0,0,0,0,0,0,5.637,0,0,0,5.637
9/1/2026,2022,20230893,42326,32436,MIDCONTINENT EXPRESS PIPELINE LLC,Natural Gas,INTERSTATE,LOUISIANA,188.585,13.464,2.07,0,204.119,8.64,33.673,,161.807,0,0,,,,,188.585,13.464,2.07,0,204.119,8.64,33.673,,161.807,0,0,0,0,0,0,0,0,0,0,0,0,0,0,0,0,0,188.585,13.464,2.07,0,204.119
9/1/2026,2022,20230893,42326,32436,MIDCONTINENT EXPRESS PIPELINE LLC,Natural Gas,INTERSTATE,MISSISSIPPI,140.622,19.342,0,0,159.964,2.325,35.312,0,122.326,0,0,,,,,140.622,19.342,0,0,159.964,2.325,35.312,0,122.326,0,0,0,0,0,0,0,0,0,0,0,0,0,0,0,0,0,140.622,19.342,0,0,159.964
9/1/2026,2022,20230893,42326,32436,MIDCONTINENT EXPRESS PIPELINE LLC,Natural Gas,INTERSTATE,OKLAHOMA,8.75,0,0,0,8.75,0,,,8.75,0,0,0,,,,8.75,0,0,0,8.75,0,,,8.75,0,0,0,0,0,0,0,0,0,0,0,0,0,0,0,0,0,8.75,0,0,0,8.75
9/1/2026,2022,20230893,42326,32436,MIDCONTINENT EXPRESS PIPELINE LLC,Natural Gas,INTERSTATE,TEXAS,130.104,4.105,0,0,134.209,1.954,21.758,,110.497,0,0,0,,,,130.104,4.105,0,0,134.209,1.954,21.758,,110.497,0,0,0,0,0,0,0,0,0,0,0,0,0,0,0,0,0,130.104,4.105,0,0,134.209
9/1/2026,2022,20231134,42585,32437,KINDER MORGAN LOUISIANA PIPELINE LLC,Natural Gas,INTERSTATE,LOUISIANA,135.448,2.258,0,0,137.706,7.609,21.715,,108.382,0,0,,,,,135.448,2.258,0,0,137.706,7.609,21.715,,108.382,0,0,0,0,0,0,0,0,0,0,0,0,0,0,0,0,0,135.448,2.258,0,0,137.706
9/1/2026,2022,20231101,42546,32446,MINNESOTA INTRASTATE PIPELINE COMPANY,Natural Gas,INTRASTATE,MINNESOTA,5.379,8.386,17.779,0,31.544,9.576,8.952,0.147,12.869,0,0,,,,,5.379,8.386,17.779,0,31.544,9.576,8.952,0.147,12.869,0,0,0,0,0,0,0,0,0,0,0,0,0,0,0,0,0,5.379,8.386,17.779,0,31.544
9/1/2026,2022,20230345,41740,32448,TRES PALACIOS GAS STORAGE LLC,Natural Gas,INTERSTATE,TEXAS,102.456,0,0,0,102.456,0,1.17,0,101.286,0,0,,,,,102.456,0,0,0,102.456,0,1.17,0,101.286,0,0,0,0,0,0,0,0,0,0,0,0,0,0,0,0,0,102.456,0,0,0,102.456
9/1/2026,2022,20230610,42023,32451,SABINE OIL & GAS LLC,Natural Gas,INTRASTATE,TEXAS,0,0,0,0,0,,,,,0,0,,,,,0,0,0,0,0,,,,,41.78,11.59,0,53.37,0,0,0,0,0,0,0,0,0,41.78,11.59,0,53.37,0,41.78,11.59,0,53.37
9/1/2026,2022,20231016,42457,32452,LEAF RIVER ENERGY CENTER LLC,Natural Gas,INTERSTATE,MISSISSIPPI,74.66,4.26,0,0,78.92,0,0,0,78.92,0,0,,,,,74.66,4.26,0,0,78.92,0,0,0,78.92,0,0,0,0,0,0,0,0,0,0,0,0,0,0,0,0,0,74.66,4.26,0,0,78.92
9/1/2026,2022,20230984,42423,32453,BPX (EAGLE FORD) GATHERING LLC,Natural Gas,INTRASTATE,TEXAS,8.563,0,0.167,0,8.73,0.167,,,8.563,0,0,,,,,8.563,0,0.167,0,8.73,0.167,,,8.563,0,0,0,0,0,0,0,0,497.74,497.74,0,0,497.74,0,0,0,497.74,506.303,0,0.167,0,506.47
9/1/2026,2022,20230150,41537,32457,JDP RENEWABLES,Natural Gas,INTRASTATE,LOUISIANA,2.3,0,0,0,2.3,0,0,0,2.3,0,0,,,,,2.3,0,0,0,2.3,0,0,0,2.3,0,0,0,0,0,0,0,0,,,0,0,0,0,0,0,0,2.3,0,0,0,2.3
9/1/2026,2022,20230254,41646,32458,UTAH ASSOICIATED MUNICIPAL POWER SYSTEMS,Natural Gas,INTRASTATE,UTAH,0,0,4.89,0,4.89,1.41,3.48,0,0,0,0,,,,,0,0,4.89,0,4.89,1.41,3.48,0,0,0,0,0,0,0,0,0,0,0,0,0,0,0,0,0,0,0,0,0,4.89,0,4.89
9/1/2026,2022,20231361,42828,32459,"HOOKS GAS PIPELINE, LLC",Natural Gas,INTRASTATE,TEXAS,10.697,10.632,33.923,0,55.252,3.309,7.667,23.196,21.081,0,0,,,,,10.697,10.632,33.923,0,55.252,3.309,7.667,23.196,21.081,0,0,0,0,0,0,0,0,0,0,0,0,0,0,0,0,0,10.697,10.632,33.923,0,55.252
9/1/2026,2022,20230622,42035,32462,PENINSULA PIPELINE COMPANY,Natural Gas,INTRASTATE,FLORIDA,16.26,27.01,20.79,0,64.06,9.48,20.85,7.21,26.53,0,0,,,,,16.26,27.01,20.79,0,64.06,9.48,20.85,7.21,26.53,0,0,0,0,0,0,0,0,0,0,0,0,0,0,0,0,0,16.26,27.01,20.79,0,64.06
9/1/2026,2022,20230091,41476,32464,LSP UNIVERSITY PARK LLC,Natural Gas,INTRASTATE,ILLINOIS,0.78,0,0,0,0.78,0,,,0.78,0,0,,,,,0.78,0,0,0,0.78,0,,,0.78,0,0,0,0,0,0,0,0,0,0,0,0,0,0,0,0,0,0.78,0,0,0,0.78
9/1/2026,2022,20230169,43224,32466,HOMELAND ENERGY SOLUTIONS LLC,Natural Gas,INTRASTATE,IOWA,7.52,1,0,0,8.52,0,0,0,8.52,0,0,,,,,7.52,1,0,0,8.52,0,0,0,8.52,0,0,0,0,0,0,0,0,0,0,0,0,0,0,0,0,0,7.52,1,0,0,8.52
9/1/2026,2022,20230612,46527,32467,"ETC TIGER PIPELINE, LLC",Natural Gas,INTERSTATE,LOUISIANA,178.55,2.87,0,0,181.42,1.75,17.09,0,162.58,0,0,,,,,178.55,2.87,0,0,181.42,1.75,17.09,0,162.58,0,0,0,0,0,0,0,0,0,0,0,0,0,0,0,0,0,178.55,2.87,0,0,181.42
9/1/2026,2022,20230612,46527,32467,"ETC TIGER PIPELINE, LLC",Natural Gas,INTERSTATE,TEXAS,16.51,0,0,0,16.51,0,0,0,16.51,0,0,,,,,16.51,0,0,0,16.51,0,0,0,16.51,0,0,0,0,0,0,0,0,0,0,0,0,0,0,0,0,0,16.51,0,0,0,16.51
9/1/2026,2022,20230613,42026,32469,"FAYETTEVILLE EXPRESS PIPELINE, LLC",Natural Gas,INTERSTATE,ARKANSAS,147.03,9.96,0,0,156.99,1.28,25.79,0,129.92,0,0,,,,,147.03,9.96,0,0,156.99,1.28,25.79,0,129.92,0,0,0,0,0,0,0,0,0,0,0,0,0,0,0,0,0,147.03,9.96,0,0,156.99
9/1/2026,2022,20230613,42026,32469,"FAYETTEVILLE EXPRESS PIPELINE, LLC",Natural Gas,INTERSTATE,MISSISSIPPI,27.8,0.32,0,0,28.12,0.74,2.53,0,24.85,0,0,,,,,27.8,0.32,0,0,28.12,0.74,2.53,0,24.85,0,0,0,0,0,0,0,0,0,0,0,0,0,0,0,0,0,27.8,0.32,0,0,28.12
9/1/2026,2022,20230711,42132,32477,"HAWK GATHERING CO, LTD",Natural Gas,INTRASTATE,TEXAS,0,0,0,0,0,,,,,0,0,,,,,0,0,0,0,0,,,,,1.07,0,0,1.07,0,0,0,0,13.406,13.406,0,0,13.406,1.07,0,0,14.476,13.406,1.07,0,0,14.476
9/1/2026,2022,20230494,42062,32478,TARGA PIPELINE MID-CONTINENT WEST OK LLC,Natural Gas,INTRASTATE,KANSAS,0,0,0,0,0,,,,,0,0,,,,,0,0,0,0,0,,,,,0,0,0,0,0.26,0.12,0,0.38,58.67,58.67,0,0,58.67,0.26,0.12,0,59.05,58.67,0.26,0.12,0,59.05
9/1/2026,2022,20230494,42062,32478,TARGA PIPELINE MID-CONTINENT WEST OK LLC,Natural Gas,INTRASTATE,OKLAHOMA,0,0,0,0,0,,,,,0,0,,,,,0,0,0,0,0,,,,,3.07,0,0,3.07,2.28,7.06,0,9.34,574.1,574.1,0,0,574.1,5.35,7.06,0,586.51,574.1,5.35,7.06,0,586.51
9/1/2026,2022,20230960,42395,32482,MARSHFIELD UTILITIES,Natural Gas,INTRASTATE,WISCONSIN,1.6,0,0,0,1.6,,0.06,,1.54,0,0,,,,,1.6,0,0,0,1.6,,0.06,,1.54,0,0,0,0,0,0,0,0,0,0,0,0,0,0,0,0,0,1.6,0,0,0,1.6
9/1/2026,2022,20230467,41870,32484,"TESUQUE PIPELINE, LLC",Natural Gas,INTRASTATE,TEXAS,0,0,0,0,0,,,,,0,0,,,,,0,0,0,0,0,,,,,,2.1,0,2.1,0,0,0,0,0,0,0,0,0,0,2.1,0,2.1,0,0,2.1,0,2.1
9/1/2026,2022,20230474,41877,32485,PECOS PIPELINE LLC,Natural Gas,INTRASTATE,TEXAS,0,0.74,0,0,0.74,0,0.74,,,0,0,,,,,0,0.74,0,0,0.74,0,0.74,,,1.09,18.39,0,19.48,0,0,0,0,0.17,0.17,0,0,0.17,1.09,18.39,0,19.65,0.17,1.83,18.39,0,20.39
9/1/2026,2022,20230876,42995,32487,TRANSCANADA NORTHERN BORDER INC,Natural Gas,INTERSTATE,MONTANA,96.85,0,0,0,96.85,0,0,0,96.849,0,0,,,,,96.85,0,0,0,96.85,0,0,0,96.849,0,0,0,0,0,0,0,0,0,0,0,0,0,0,0,0,0,96.85,0,0,0,96.85
9/1/2026,2022,20230876,42995,32487,TRANSCANADA NORTHERN BORDER INC,Natural Gas,INTERSTATE,NORTH DAKOTA,126.871,0,0,0,126.871,0,0,0,126.871,0,0,,,,,126.871,0,0,0,126.871,0,0,0,126.871,0,0,0,0,0,0,0,0,0,0,0,0,0,0,0,0,0,126.871,0,0,0,126.871
9/1/2026,2022,20230876,42995,32487,TRANSCANADA NORTHERN BORDER INC,Natural Gas,INTERSTATE,WYOMING,78.181,0,0,0,78.181,0,0.705,0,77.475,0,0,,,,,78.181,0,0,0,78.181,0,0.705,0,77.475,0,0,0,0,0,0,0,0,0,0,0,0,0,0,0,0,0,78.181,0,0,0,78.181
9/1/2026,2022,20230449,41850,32492,"GENESIS CRUDE OIL, L.P.",Natural Gas,INTRASTATE,LOUISIANA,3.23,0,0,0,3.23,0,0,0,3.23,0,0,,,,,3.23,0,0,0,3.23,0,0,0,3.23,0,0,0,0,0,0,0,0,0,0,0,0,0,0,0,0,0,3.23,0,0,0,3.23
9/1/2026,2022,20230772,42197,32494,PADUCAH POWER SYSTEM,Natural Gas,INTRASTATE,KENTUCKY,5.45,5.3,5.25,0,16,,,5.25,10.75,0,0,,,,,5.45,5.3,5.25,0,16,,,5.25,10.75,0,0,0,0,0,0,0,0,0,0,0,0,0,0,0,0,0,5.45,5.3,5.25,0,16
9/1/2026,2022,20230798,42226,32499,"PGPIPELINE, LLC.",Natural Gas,INTERSTATE,PENNSYLVANIA,3.07,2.77,2.06,0,7.9,0.06,,2,5.84,0,0,,,,,3.07,2.77,2.06,0,7.9,0.06,,2,5.84,0,0,0,0,0,0,0,0,0,0,0,0,0,0,0,0,0,3.07,2.77,2.06,0,7.9
9/1/2026,2022,20231129,42580,32504,"MISSISSIPPI HUB, LLC",Natural Gas,INTERSTATE,MISSISSIPPI,35.15,4.32,0,0,39.47,0,4.2,0,35.27,0,0,,,,,35.15,4.32,0,0,39.47,0,4.2,0,35.27,0,0,0,0,0,0,0,0,0,0,0,0,0,0,0,0,0,35.15,4.32,0,0,39.47
9/1/2026,2022,20231398,42894,32505,CPR PIPELINE,Natural Gas,INTRASTATE,TEXAS,2.7,0,0,0,2.7,0,0,,2.7,0,0,,,,,2.7,0,0,0,2.7,0,0,,2.7,0,0,0,0,0,0,0,0,0,0,0,0,0,0,0,0,0,2.7,0,0,0,2.7
9/1/2026,2022,20231176,43030,32506,"NFG MIDSTREAM COVINGTON, LLC",Natural Gas,INTRASTATE,PENNSYLVANIA,16.55,2.64,0.03,0,19.22,0.38,0,0,18.84,0,0,,,,,16.55,2.64,0.03,0,19.22,0.38,0,0,18.84,6.01,0.34,0,6.35,0,0,0,0,131.1,131.1,0,0,131.1,6.01,0.34,0,137.45,147.65,8.65,0.37,0,156.67
9/1/2026,2022,20230761,42897,32509,"SOMERSET GAS GATHERING OF PENNSYLVANIA, LLC",Natural Gas,INTRASTATE,PENNSYLVANIA,9.2,1.4,0,0,10.6,,,,10.6,0,0,,,,,9.2,1.4,0,0,10.6,,,,10.6,13.8,0,0,13.8,0,2,0,2,33,33,0,0,33,13.8,2,0,48.8,42.2,15.2,2,0,59.4
9/1/2026,2022,20230717,42138,32511,"BATON ROUGE RENEWABLE ENERGY, LLC",Natural Gas,INTRASTATE,LOUISIANA,3,2,0,0,5,,,,5,0,0,,,,,3,2,0,0,5,,,,5,0,0,0,0,0,0,0,0,0,0,0,0,0,0,0,0,0,3,2,0,0,5
9/1/2026,2022,20230822,42250,32512,"GOLDEN TRIANGLE STORAGE, LLC",Natural Gas,INTERSTATE,TEXAS,18.2,1.1,0,0,19.3,1.3,2.4,0,15.6,0,0,,,,,18.2,1.1,0,0,19.3,1.3,2.4,0,15.6,0,0,0,0,0,0,0,0,0,0,0,0,0,0,0,0,0,18.2,1.1,0,0,19.3
9/1/2026,2022,20231110,42558,32513,AMEREN ILLINOIS COMPANY,Natural Gas,INTRASTATE,ILLINOIS,861.49,137.23,226.32,0,1225.04,69.56,31.87,132.5,991.11,0,0,,,,,861.49,137.23,226.32,0,1225.04,69.56,31.87,132.5,991.11,0,0,0,0,0,0,0,0,0,0,0,0,0,0,0,0,0,861.49,137.23,226.32,0,1225.04
9/1/2026,2022,20230218,41609,32515,CARGILL SALT,Natural Gas,INTRASTATE,OKLAHOMA,3,0,0,0,3,,,,3,0,0,,,,,3,0,0,0,3,,,,3,0,0,0,0,0,0,0,0,,,0,0,0,0,0,0,0,3,0,0,0,3
9/1/2026,2022,20230224,41615,32524,"LASALLE PIPELINE, LP",Natural Gas,INTRASTATE,TEXAS,50.974,2.354,0,0,53.328,0,,0,53.328,0,0,,,,,50.974,2.354,0,0,53.328,0,,0,53.328,0,0,0,0,0,0,0,0,0,0,0,0,0,0,0,0,0,50.974,2.354,0,0,53.328
9/1/2026,2022,20231385,42876,32525,VINLAND ENERGY OPERATIONS,Natural Gas,INTRASTATE,KENTUCKY,0.686,0.933,0.338,0,1.957,,,,1.957,0,0,,,,,0.686,0.933,0.338,0,1.957,,,,1.957,0,0,0,0,15,14,0,29,0,0,0,0,0,15,14,0,29,0.686,15.933,14.338,0,30.957
9/1/2026,2022,20230888,42321,32527,"R. LACY SERVICES, LTD",Natural Gas,INTRASTATE,TEXAS,0,0,0,0,0,,,,,0,0,,,,,0,0,0,0,0,,,,,0,0,0,0,0.826,0,0,0.826,7.839,7.839,0,0,7.839,0.826,0,0,8.665,7.839,0.826,0,0,8.665
9/1/2026,2022,20230940,42374,32529,KINDERHAWK FIELD SERVICES LLC,Natural Gas,INTRASTATE,LOUISIANA,0,0,0,0,0,,,,,0,0,,,,,0,0,0,0,0,,,,,18.558,11.349,0,29.907,0,0,0,0,486.97,486.97,0,0,486.97,18.558,11.349,0,516.877,486.97,18.558,11.349,0,516.877
9/1/2026,2022,20230326,41827,32531,CAMBRIAN ENERGY/ SOUTHTEX FT. SMITH TREATERS,Natural Gas,INTRASTATE,ARKANSAS,0.85,0,0,0,0.85,,,,0.85,0,0,,,,,0.85,0,0,0,0.85,,,,0.85,0,0,0,0,0,0,0,0,0,0,0,0,0,0,0,0,0,0.85,0,0,0,0.85
9/1/2026,2022,20231112,42562,32533,DESOTO GATHERING COMPANY LLC,Natural Gas,INTRASTATE,ARKANSAS,0,0,0,0,0,,,,,0,0,,,,,0,0,0,0,0,,,,,8.59,0,0,8.59,0.264,0,0,0.264,284.59,284.59,0,0,284.59,8.854,0,0,293.444,284.59,8.854,0,0,293.444
9/1/2026,2022,20230055,41440,32534,"PULSE ENERGY SYSTEMS, LLC",Natural Gas,INTRASTATE,INDIANA,0.3,0,0,0,0.3,0,0,0,0.3,0,0,,,,,0.3,0,0,0,0.3,0,0,0,0.3,0,0,0,0,0,0,0,0,,,0,0,0,0,0,0,0,0.3,0,0,0,0.3
9/1/2026,2022,20231022,42463,32539,LA CROSSE COUNTY,Landfill Gas,INTRASTATE,WISCONSIN,1.59,0,0,0,1.59,,,,1.59,0,0,,,,,1.59,0,0,0,1.59,,,,1.59,0,0,0,0,0,0,0,0,0,0,0,0,0,0,0,0,0,1.59,0,0,0,1.59
9/1/2026,2022,20230958,42393,32544,BLACK BELT ENERGY,Natural Gas,INTRASTATE,ALABAMA,9.107,4.348,0.518,0,13.973,0.516,,0.022,13.435,0,0,,,,,9.107,4.348,0.518,0,13.973,0.516,,0.022,13.435,0,0,0,0,0,0,0,0,0,0,0,0,0,0,0,0,0,9.107,4.348,0.518,0,13.973
9/1/2026,2022,20230997,42438,32549,GILL RANCH STORAGE LLC,Natural Gas,INTRASTATE,CALIFORNIA,30.24,1.65,0,0,31.89,0.83,0,0,31.05,0,0,,,,,30.24,1.65,0,0,31.89,0.83,0,0,31.05,0,0,0,0,0,0,0,0,0,0,0,0,0,0,0,0,0,30.24,1.65,0,0,31.89
9/1/2026,2022,20231003,42838,32553,NEWTON COUNTY LANDFILL PARTNERSHIP,Landfill Gas,INTRASTATE,INDIANA,0.646,0,0,0,0.646,,,,0.646,0,0,,,,,0.646,0,0,0,0.646,,,,0.646,0,0,0,0,0,0,0,0,0,0,0,0,0,0,0,0,0,0.646,0,0,0,0.646
9/1/2026,2022,20231152,42604,32557,"PAULSBORO NATURAL GAS PIPELINE COMPANY, LLC",Natural Gas,INTERSTATE,NEW JERSEY,0.853,0,0,0,0.853,0,,,0.853,0,0,,,,,0.853,0,0,0,0.853,0,,,0.853,0,0,0,0,0,0,0,0,0,0,0,0,0,0,0,0,0,0.853,0,0,0,0.853
9/1/2026,2022,20231152,42604,32557,"PAULSBORO NATURAL GAS PIPELINE COMPANY, LLC",Natural Gas,INTERSTATE,PENNSYLVANIA,1.49,0,0.275,0,1.765,0.395,,,1.37,0,0,,,,,1.49,0,0.275,0,1.765,0.395,,,1.37,0,0,0,0,0,0,0,0,0,0,0,0,0,0,0,0,0,1.49,0,0.275,0,1.765
9/1/2026,2022,20230793,42221,32560,LAMB WESTON/BSW,Natural Gas,INTRASTATE,WASHINGTON,4,0,0,0,4,0,,,4,0,0,,,,,4,0,0,0,4,0,,,4,0,0,0,0,0,0,0,0,0,0,0,0,0,0,0,0,0,4,0,0,0,4
9/1/2026,2022,20231308,42771,32561,ECOELECTRICA L.P.,Natural Gas,INTRASTATE,PUERTO RICO,1.7,0,0,0,1.7,1.1,,,0.6,0,0,,,,,1.7,0,0,0,1.7,1.1,,,0.6,0,0,0,0,0,0,0,0,0,0,0,0,0,0,0,0,0,1.7,0,0,0,1.7
9/1/2026,2022,20230769,42194,32562,SOUTHWEST GAS TRANSMISSION COMPANY A LIMITED PARTNERSHIP,Natural Gas,INTERSTATE,ARIZONA,3.69,2.759,3.088,0,9.537,1.359,1.697,0.032,6.449,0,0,,,,,3.69,2.759,3.088,0,9.537,1.359,1.697,0.032,6.449,0,0,0,0,0,0,0,0,0,0,0,0,0,0,0,0,0,3.69,2.759,3.088,0,9.537
9/1/2026,2022,20230092,41477,32564,BLACK HILLS SERVICE COMPANY,Natural Gas,INTRASTATE,COLORADO,6.18,0,0,0,6.18,0,0,0,6.18,0,0,,,,,6.18,0,0,0,6.18,0,0,0,6.18,0,0,0,0,0,0,0,0,0,0,0,0,0,0,0,0,0,6.18,0,0,0,6.18
9/1/2026,2022,20230092,41477,32564,BLACK HILLS SERVICE COMPANY,Natural Gas,INTRASTATE,WYOMING,33.77,0,1.35,0,35.12,0.365,1.303,0,33.452,0,0,,,,,33.77,0,1.35,0,35.12,0.365,1.303,0,33.452,0,0,0,0,0,0,0,0,,,0,0,0,0,0,0,0,33.77,0,1.35,0,35.12
9/1/2026,2022,20231368,42837,32569,EMPIRE GENERATING COMPANY LLC.,Natural Gas,INTRASTATE,NEW YORK,1.99,2.51,0,0,4.5,0,0,0,4.5,0,0,,,,,1.99,2.51,0,0,4.5,0,0,0,4.5,0,0,0,0,0,0,0,0,0,0,0,0,0,0,0,0,0,1.99,2.51,0,0,4.5
9/1/2026,2022,20230204,41592,32570,LOCKHART POWER COMPANY,Landfill Gas,INTRASTATE,SOUTH CAROLINA,0,0,6.1,0,6.1,1.55,,4.55,,0,0,,,,,0,0,6.1,0,6.1,1.55,,4.55,,0,0,0,0,0,0,0,0,0,0,0,0,0,0,0,0,0,0,0,6.1,0,6.1
9/1/2026,2022,20231065,42509,32571,"NORTH PLATTE LIVESTOCK FEEDERS, LLC",Natural Gas,INTRASTATE,NEBRASKA,4.7,0,0,0,4.7,,,,4.7,0,0,,,,,4.7,0,0,0,4.7,,,,4.7,0,0,0,0,0,0,0,0,0,0,0,0,0,0,0,0,0,4.7,0,0,0,4.7
9/1/2026,2022,20231247,42709,32578,"ORIGIN MINING COMPANY, LLC.",Natural Gas,INTRASTATE,ARIZONA,22.9,1,0,0,23.9,0,0,0,23.9,0,0,,,,,22.9,1,0,0,23.9,0,0,0,23.9,0,0,0,0,0,0,0,0,0,0,0,0,0,0,0,0,0,22.9,1,0,0,23.9
9/1/2026,2022,20231007,42448,32579,AL-CORN CLEAN FUEL - NW GAS CONTRACTED,Natural Gas,INTRASTATE,MINNESOTA,2,0,0,0,2,,,,2,0,0,,,,,2,0,0,0,2,,,,2,0,0,0,0,0,0,0,0,0,0,0,0,0,0,0,0,0,2,0,0,0,2
9/1/2026,2022,20231012,42453,32580,WFS WELCOME - NW GAS CONTRACTED,Natural Gas,INTRASTATE,MINNESOTA,1.46,0,0,0,1.46,,,,1.46,0,0,,,,,1.46,0,0,0,1.46,,,,1.46,0,0,0,0,0,0,0,0,0,0,0,0,0,0,0,0,0,1.46,0,0,0,1.46
9/1/2026,2022,20230189,41577,32581,MILWAUKEE METROPOLITAN SEWERAGE DISTRICT,Landfill Gas,INTRASTATE,WISCONSIN,1.01,5.02,12.87,0,18.9,18.9,,,,0,0,,,,,1.01,5.02,12.87,0,18.9,18.9,,,,0,0,0,0,0,0,0,0,0,0,0,0,0,0,0,0,0,1.01,5.02,12.87,0,18.9
9/1/2026,2022,20230436,41995,32583,"BIG SANDY PIPELINE, LLC (SPECTRA ENERGY PARTNERS, LP)",Natural Gas,INTERSTATE,KENTUCKY,63.81,4.78,0.16,0,68.75,0.9,3.19,0,64.66,0,0,,,,,63.81,4.78,0.16,0,68.75,0.9,3.19,0,64.66,0,0,0,0,0,0,0,0,0,0,0,0,0,0,0,0,0,63.81,4.78,0.16,0,68.75
9/1/2026,2022,20230328,41723,32586,EAST TEXAS RENEWABLES,Natural Gas,INTRASTATE,TEXAS,0.8,0,0,0,0.8,,,,0.8,0,0,,,,,0.8,0,0,0,0.8,,,,0.8,0,0,0,0,0,0,0,0,0,0,0,0,0,0,0,0,0,0.8,0,0,0,0.8
9/1/2026,2022,20231331,42796,32587,GATEWAY RED OAK LLC,Natural Gas,INTRASTATE,ARKANSAS,5,1.752,0,0,6.752,,,,6.752,0,0,,,,,5,1.752,0,0,6.752,,,,6.752,0,0,0,0,0,0,0,0,0,0,0,0,0,0,0,0,0,5,1.752,0,0,6.752
9/1/2026,2022,20231331,42796,32587,GATEWAY RED OAK LLC,Natural Gas,INTRASTATE,TEXAS,3.3,6.359,0,0,9.659,,,,9.659,0,0,,,,,3.3,6.359,0,0,9.659,,,,9.659,0,0,0,0,0,0,0,0,0,0,0,0,0,0,0,0,0,3.3,6.359,0,0,9.659
9/1/2026,2022,20230306,41699,32588,TECHNISAND INC.,Natural Gas,INTRASTATE,OKLAHOMA,4,0,0,0,4,,,,4,0,0,,,,,4,0,0,0,4,,,,4,0,0,0,0,0,0,0,0,0,0,0,0,0,0,0,0,0,4,0,0,0,4
9/1/2026,2022,20231421,42953,32590,"EASTMAN GAS COMPANY, LLC",Natural Gas,INTRASTATE,TEXAS,3.01,1,0,0,4.01,,,,4.01,0,0,,,,,3.01,1,0,0,4.01,,,,4.01,0,0,0,0,26.25,1.11,0,27.36,0,0,0,0,0,26.25,1.11,0,27.36,3.01,27.25,1.11,0,31.37
9/1/2026,2022,20231396,42891,32592,"TREK RESOURCES, INC",Natural Gas,INTRASTATE,TEXAS,0,0,0,0,0,,,,,0,0,,,,,0,0,0,0,0,,,,,0,0,0,0,0,4.097,0,4.097,0,0,0,0,0,0,4.097,0,4.097,0,0,4.097,0,4.097
9/1/2026,2022,20230928,42361,32595,"HIGH POINT GAS GATHERING, LLC",Natural Gas,INTERSTATE,LOUISIANA,0,0,0,0,0,,,,,0,0,,,,,0,0,0,0,0,,,,,0,0,0,0,0,0,0,0,0,0,126.51,126.51,126.51,0,0,0,126.51,126.51,0,0,0,126.51
9/1/2026,2022,20230928,42361,32595,"HIGH POINT GAS GATHERING, LLC",Natural Gas,INTERSTATE,OCS-Gulf of Mexico,0,0,0,0,0,,,,,0,0,,,,,0,0,0,0,0,,,,,0,0,0,0,0,0,0,0,0,0,215.94,215.94,215.94,0,0,0,215.94,215.94,0,0,0,215.94
9/1/2026,2022,20230853,42286,32602,"SOCAL HOLDINGS, LLC / LA BASIN",Natural Gas,INTRASTATE,CALIFORNIA,0,0,0,0,0,,,,,0,0,,,,,0,0,0,0,0,,,,,0,0,0,0,0,0.133,0,0.133,0,0,1.32,1.32,1.32,0,0.133,0,1.453,1.32,0,0.133,0,1.453
9/1/2026,2022,20230201,41589,32603,"CENTRAL VALLEY GAS STORAGE, LLC",Natural Gas,INTRASTATE,CALIFORNIA,16.9,0,0,0,16.9,0,0.5,0,16.4,0,0,,,,,16.9,0,0,0,16.9,0,0.5,0,16.4,0,0,0,0,0,0,0,0,0,0,0,0,0,0,0,0,0,16.9,0,0,0,16.9
9/1/2026,2022,20230353,41748,32604,WHITE MOUNTAIN PAPER,Landfill Gas,INTRASTATE,NEW HAMPSHIRE,0,0.85,0,0,0.85,0,,,0.85,0,0,,,,,0,0.85,0,0,0.85,0,,,0.85,0,0,0,0,0,0,0,0,0,0,0,0,0,0,0,0,0,0,0.85,0,0,0.85
9/1/2026,2022,20230351,41746,32604,WHITE MOUNTAIN PAPER,Natural Gas,INTRASTATE,NEW HAMPSHIRE,0,0.85,0,0,0.85,,,,0.85,0,0,,,,,0,0.85,0,0,0.85,,,,0.85,0,0,0,0,0,0,0,0,0,0,0,0,0,0,0,0,0,0,0.85,0,0,0.85
9/1/2026,2022,20230545,41951,32606,"BOARDWALK FIELD SERVICES, LLC",Natural Gas,INTRASTATE,TEXAS,11.58,0.68,2.53,0,14.79,,,2.53,12.26,0,0,,,,,11.58,0.68,2.53,0,14.79,,,2.53,12.26,5.18,0,0,5.18,0,0,0,0,9.81,9.81,0,0,9.81,5.18,0,0,14.99,21.39,5.86,2.53,0,29.78
9/1/2026,2022,20230362,41758,32616,"WOODLAND PULP, LLC",Natural Gas,INTRASTATE,MAINE,4.63,0,0.72,0,5.35,0.56,,0.16,4.63,0,0,,,,,4.63,0,0.72,0,5.35,0.56,,0.16,4.63,0,0,0,0,0,0,0,0,0,0,0,0,0,0,0,0,0,4.63,0,0.72,0,5.35
9/1/2026,2022,20230195,41583,32618,"ARKALON ETHANOL, LLC",Natural Gas,INTRASTATE,KANSAS,0.57,0,0,0,0.57,0,0,0,0.57,0,0,,,,,0.57,0,0,0,0.57,0,0,0,0.57,0,0,0,0,0,0,0,0,0,0,0,0,0,0,0,0,0,0.57,0,0,0,0.57
9/1/2026,2022,20230628,42041,32623,"SEACOAST GAS TRANSMISSION, LLC",Natural Gas,INTRASTATE,FLORIDA,37.56,14.6,6.06,0,58.22,5.32,2.57,0.01,50.32,0,0,,,,,37.56,14.6,6.06,0,58.22,5.32,2.57,0.01,50.32,0,0,0,0,0,0,0,0,0,0,0,0,0,0,0,0,0,37.56,14.6,6.06,0,58.22
9/1/2026,2022,20231136,42587,32624,MAGNUM HUNTER PRODUCTION INC,Natural Gas,INTRASTATE,KENTUCKY,0.713,1.134,0,0,1.847,0,0,0,1.847,0,0,,,,,0.713,1.134,0,0,1.847,0,0,0,1.847,0,0,0,0,0,0,0,0,0,0,0,0,0,0,0,0,0,0.713,1.134,0,0,1.847
9/1/2026,2022,20231271,43140,32626,"BBT ALABAMA, LLC",Natural Gas,INTRASTATE,ALABAMA,252.675,72.69,19.167,0,344.532,7.122,1.851,0.042,335.516,0,0,,,,,252.675,72.69,19.167,0,344.532,7.122,1.851,0.042,335.516,0,0,0,0,0,0,0,0,0,0,0,0,0,0,0,0,0,252.675,72.69,19.167,0,344.532
9/1/2026,2022,20230465,41867,32634,"ENLINK PERMIAN, LLC",Natural Gas,INTERSTATE,NEW MEXICO,4.034,0,0,0,4.034,0,0.23,0,3.8,0,0,,,,,4.034,0,0,0,4.034,0,0.23,0,3.8,0,0,0,0,0,0,0,0,107.811,107.811,0,0,107.811,0,0,0,107.811,111.845,0,0,0,111.845
9/1/2026,2022,20230465,41867,32634,"ENLINK PERMIAN, LLC",Natural Gas,INTERSTATE,TEXAS,0.84,0,0,0,0.84,0,0,0,0.84,0,0,,,,,0.84,0,0,0,0.84,0,0,0,0.84,0,0,0,0,0,0,0,0,57.861,57.861,0,0,57.861,0,0,0,57.861,58.701,0,0,0,58.701
9/1/2026,2022,20230465,41867,32634,"ENLINK PERMIAN, LLC",Natural Gas,INTRASTATE,TEXAS,37.066,0,0,0,37.066,0,0.246,0,36.82,0,0,,,,,37.066,0,0,0,37.066,0,0.246,0,36.82,1.215,3.554,0,4.769,0,10.934,0,10.934,311.248,311.248,0,0,311.248,1.215,14.488,0,326.951,348.314,1.215,14.488,0,364.017
9/1/2026,2022,20230164,41551,32637,CLEAN HARBORS LONE MOUNTAIN FACILITY,Natural Gas,INTRASTATE,OKLAHOMA,5,0,0,0,5,,,,5,0,0,,,,,5,0,0,0,5,,,,5,0,0,0,0,0,0,0,0,,,0,0,0,0,0,0,0,5,0,0,0,5
9/1/2026,2022,20230193,41581,32638,MACPHERSON OIL COMPANY,Natural Gas,INTERSTATE,CALIFORNIA,6.8,0,0,0,6.8,,,,6.8,0,0,,,,,6.8,0,0,0,6.8,,,,6.8,0,0,0,0,0,0,0,0,0,0,0,0,0,0,0,0,0,6.8,0,0,0,6.8
9/1/2026,2022,20230004,41391,32639,"CRAWFORD COUNTY GAS GATHERING, LLC",Natural Gas,INTRASTATE,ILLINOIS,0.279,0,0,0,0.279,0,,,,,0,,,,,0.279,0,0,0,0.279,0,,,,,,,0,,,,0,0,0,,0,0,0,0,0,0,0.279,0,0,0,0.279
9/1/2026,2022,20231178,42631,32641,AUX SABLE MIDSTREAM,Natural Gas,INTRASTATE,NORTH DAKOTA,84.25,0.37,0.18,0,84.8,0.42,1.65,0,82.73,0,0,,,,,84.25,0.37,0.18,0,84.8,0.42,1.65,0,82.73,0,0,0,0,0,0,0,0,0,0,0,0,0,0,0,0,0,84.25,0.37,0.18,0,84.8
9/1/2026,2022,20230107,42148,32642,NAFTEX OPERATING COMPANY,Natural Gas,INTRASTATE,CALIFORNIA,5.762,0,0.26,0,6.022,0,0,0.26,5.762,0,0,,,,,5.762,0,0.26,0,6.022,0,0,0.26,5.762,0,0,0,0,0,0,0,0,0,0,0,0,0,0,0,0,0,5.762,0,0.26,0,6.022
9/1/2026,2022,20231362,46772,32645,"HILCORP ALASKA, LLC",Natural Gas,INTRASTATE,ALASKA,13.63,8.52,1.52,0,23.67,0.24,1.39,0,21.96,13.88,13.88,,,,13.88,27.51,8.52,1.52,0,37.55,0.24,1.39,0,35.84,0.93,0,0,0.93,1.44,0,0,1.44,7.1,7.1,53.47,53.47,60.57,2.37,0,0,62.94,88.08,10.89,1.52,0,100.49
9/1/2026,2022,20231205,43092,32646,"CHESAPEAKE OPERATING, L.L.C.",Natural Gas,INTRASTATE,LOUISIANA,0,0,0,0,0,,,,,0,0,,,,,0,0,0,0,0,,,,,0,0,0,0,0,0,0,0,18.46,18.46,0,0,18.46,0,0,0,18.46,18.46,0,0,0,18.46
9/1/2026,2022,20231205,43092,32646,"CHESAPEAKE OPERATING, L.L.C.",Natural Gas,INTRASTATE,NEW YORK,0,0,0,0,0,,,,,0,0,,,,,0,0,0,0,0,,,,,8.95,0,0,8.95,3.03,0,0,3.03,0,0,0,0,0,11.98,0,0,11.98,0,11.98,0,0,11.98
9/1/2026,2022,20231205,43092,32646,"CHESAPEAKE OPERATING, L.L.C.",Natural Gas,INTRASTATE,PENNSYLVANIA,0,0,0,0,0,,,,,0,0,,,,,0,0,0,0,0,,,,,0,0,0,0,8.75,0,0,8.75,0,0,0,0,0,8.75,0,0,8.75,0,8.75,0,0,8.75
9/1/2026,2022,20231205,43092,32646,"CHESAPEAKE OPERATING, L.L.C.",Natural Gas,INTRASTATE,TEXAS,0.131,2.3,0,0,2.431,,,,2.43,0,0,,,,,0.131,2.3,0,0,2.431,,,,2.43,3.9,0,0,3.9,0,0,0,0,1.33,1.33,0,0,1.33,3.9,0,0,5.23,1.461,6.2,0,0,7.661
9/1/2026,2022,20231205,43092,32646,"CHESAPEAKE OPERATING, L.L.C.",Natural Gas,INTRASTATE,VIRGINIA,0,0,0,0,0,,,,,0,0,,,,,0,0,0,0,0,,,,,0,0,0,0,0,0,0,0,1.65,1.65,0,0,1.65,0,0,0,1.65,1.65,0,0,0,1.65
9/1/2026,2022,20231205,43092,32646,"CHESAPEAKE OPERATING, L.L.C.",Natural Gas,INTRASTATE,WEST VIRGINIA,8.94,1.42,0,0,10.36,,,,10.36,0,0,,,,,8.94,1.42,0,0,10.36,,,,10.36,0,0,0,0,0,0,0,0,21.88,21.88,0,0,21.88,0,0,0,21.88,30.82,1.42,0,0,32.24
9/1/2026,2022,20231041,42484,32647,NAVITAS UTILITY COPORATION,Natural Gas,INTRASTATE,TEXAS,2.94,0,0,0,2.94,0,0,0,2.94,0,0,,,,,2.94,0,0,0,2.94,0,0,0,2.94,0,0,0,0,0,0,0,0,0,0,0,0,0,0,0,0,0,2.94,0,0,0,2.94
9/1/2026,2022,20231295,43041,32655,"EAST CHEYENNE GAS STORAGE, LLC",Natural Gas,INTERSTATE,COLORADO,7.887,0,0,0,7.887,0,0,0,7.887,0,0,,,,,7.887,0,0,0,7.887,0,0,0,7.887,0,0,0,0,0,0,0,0,0,0,0,0,0,0,0,0,0,7.887,0,0,0,7.887
9/1/2026,2022,20230643,43039,32657,"CARDINAL OPERATING COMPANY, LLC",Natural Gas,INTRASTATE,NORTH CAROLINA,47.926,22.129,34.969,0,105.024,23.447,30.415,,51.156,0,0,,,,,47.926,22.129,34.969,0,105.024,23.447,30.415,,51.156,0,0,0,0,0,0,0,0,0,0,0,0,0,0,0,0,0,47.926,22.129,34.969,0,105.024
9/1/2026,2022,20230074,41459,32659,"ENREMA, LLC",Natural Gas,INTRASTATE,TENNESSEE,47,6,0,0,53,,,,53,0,0,,,,,47,6,0,0,53,,,,53,0,0,0,0,0,0,0,0,0,0,0,0,0,0,0,0,0,47,6,0,0,53
9/1/2026,2022,20230299,42872,32663,"PILLAR ENERGY, LLC",Natural Gas,INTRASTATE,WEST VIRGINIA,0,0,0,0,0,,,,,0,0,,,,,0,0,0,0,0,,,,,0,0,0,0,0,1.74,0,1.74,0,0,0,0,0,0,1.74,0,1.74,0,0,1.74,0,1.74
9/1/2026,2022,20231363,42830,32665,ABBOTT NUTRITION SUPPLY CHAIN,Natural Gas,INTRASTATE,ARIZONA,0.955,0,0,0,0.955,,,,0.955,0,0,,,,,0.955,0,0,0,0.955,,,,0.955,0,0,0,0,0,0,0,0,0,0,0,0,0,0,0,0,0,0.955,0,0,0,0.955
9/1/2026,2022,20230361,42963,32669,NORTHEAST NATURAL ENERGY LLC,Natural Gas,INTRASTATE,PENNSYLVANIA,0,0,0,0,0,,,,,0,0,,,,,0,0,0,0,0,,,,,0,0,0,0,0,0,0,0,0.9,0.9,0,0,0.9,0,0,0,0.9,0.9,0,0,0,0.9
9/1/2026,2022,20230361,42963,32669,NORTHEAST NATURAL ENERGY LLC,Natural Gas,INTRASTATE,WEST VIRGINIA,0,0,0,0,0,,,,,0,0,,,,,0,0,0,0,0,,,,,0,0,0,0,0,0,0,0,2.31,2.31,0,0,2.31,0,0,0,2.31,2.31,0,0,0,2.31
9/1/2026,2022,20230007,42369,32670,"SUPERIOR APPALACHIAN PIPELINE, L.L.C.",Natural Gas,INTRASTATE,PENNSYLVANIA,7.46,0,0,0,7.46,,,,7.46,,0,,,,,7.46,0,0,0,7.46,,,,7.46,5.1,0,0,5.1,0,0,0,0,23.58,23.58,,0,23.58,5.1,0,0,28.68,31.04,5.1,0,0,36.14
9/1/2026,2022,20230007,42369,32670,"SUPERIOR APPALACHIAN PIPELINE, L.L.C.",Natural Gas,INTRASTATE,WEST VIRGINIA,0,0,0,0,0,,,,,0,0,,,,,0,0,0,0,0,,,,,0,0,0,0,0,0,0,0,14.99,14.99,0,0,14.99,0,0,0,14.99,14.99,0,0,0,14.99
9/1/2026,2022,20230128,41599,32671,"RW GATHERING, LLC",Natural Gas,INTRASTATE,PENNSYLVANIA,0,0,0,0,0,,,,,0,0,,,,,0,0,0,0,0,,,,,2.9,0,0,2.9,0,0,0,0,13.9,13.9,0,0,13.9,2.9,0,0,16.8,13.9,2.9,0,0,16.8
9/1/2026,2022,20231175,43113,32672,"NFG MIDSTREAM TROUT RUN, LLC",Natural Gas,INTRASTATE,PENNSYLVANIA,14.13,5.48,0,0,19.61,0,0,0,19.61,0,0,,,,,14.13,5.48,0,0,19.61,0,0,0,19.61,2.79,0,0,2.79,0,0,0,0,47.7,47.7,0,0,47.7,2.79,0,0,50.49,61.83,8.27,0,0,70.1
9/1/2026,2022,20230460,41861,32674,"KEYROCK ENERGY, LLC",Natural Gas,INTRASTATE,ILLINOIS,0.8,0,0,0,0.8,0,0,0,0.8,0,0,,,,,0.8,0,0,0,0.8,0,0,0,0.8,0,0,0,0,0,9.6,0,9.6,0,0,0,0,0,0,9.6,0,9.6,0.8,0,9.6,0,10.4
9/1/2026,2022,20230180,41567,32676,CITATION PIPELINE LLC,Natural Gas,INTRASTATE,OKLAHOMA,0,0,0,0,0,,,,,0,0,,,,,0,0,0,0,0,,,,,0,0,0,0,0,2.5,0,2.5,0,0,0,0,0,0,2.5,0,2.5,0,0,2.5,0,2.5
9/1/2026,2022,20230814,42242,32682,"GREENLEAF CO2 SOLUTIONS, LLC",Natural Gas,INTRASTATE,MISSISSIPPI,0,31.4,0,0,31.4,0,0,0,31.4,0,0,,,,,0,31.4,0,0,31.4,0,0,0,31.4,0,0,0,0,0,0,0,0,0,0,0,0,0,0,0,0,0,0,31.4,0,0,31.4
9/1/2026,2022,20230645,42063,32684,"PINE NEEDLE OPERATING COMPANY,LLC",Natural Gas,INTERSTATE,NORTH CAROLINA,1.736,0.355,0,0,2.091,0,,,2.092,0,0,,,,,1.736,0.355,0,0,2.091,0,,,2.092,0,0,0,0,0,0,0,0,0,0,0,0,0,0,0,0,0,1.736,0.355,0,0,2.091
9/1/2026,2022,20230871,42304,32685,CALGAS LLC,Natural Gas,INTRASTATE,TEXAS,5.739,0,0,0,5.739,0,,0,5.739,0,0,,,,,5.739,0,0,0,5.739,0,,0,5.739,0,0,0,0,0,0,0,0,0,0,0,0,0,0,0,0,0,5.739,0,0,0,5.739
9/1/2026,2022,20230196,41584,37578,"FINNEY COUNTY FEEDYARD, INC.",Natural Gas,INTRASTATE,KANSAS,0.63,0,0,0,0.63,,,,0.63,0,0,,,,,0.63,0,0,0,0.63,,,,0.63,0,0,0,0,0,0,0,0,0,0,0,0,0,0,0,0,0,0.63,0,0,0,0.63
9/1/2026,2022,20230779,42205,38883,HUNT SOUTHLAND REFINING COMPANY,Natural Gas,INTRASTATE,MISSISSIPPI,2,1.08,0,0,3.08,0,0,0,3.08,0,0,,,,,2,1.08,0,0,3.08,0,0,0,3.08,0,0,0,0,0,0,0,0,0,0,0,0,0,0,0,0,0,2,1.08,0,0,3.08
9/1/2026,2022,20231277,42739,38886,JOHNSTOWN REGIONAL ENERGY,Other Gas-Processed Landfill Gas,INTRASTATE,PENNSYLVANIA,10.9,3.3,0.3,0,14.5,,,0.3,14.2,0,0,,,,,10.9,3.3,0.3,0,14.5,,,0.3,14.2,0,0,0,0,0,0,0,0,0,0,0,0,0,0,0,0,0,10.9,3.3,0.3,0,14.5
9/1/2026,2022,20230145,41532,38897,MARABOU SUPERIOR PIPELINE,Natural Gas,INTRASTATE,TEXAS,9.098,0,0,0,9.098,,0,0,9.098,0,0,,,,,9.098,0,0,0,9.098,,0,0,9.098,0,0,0,0,0,0,0,0,0,0,0,0,0,0,0,0,0,9.098,0,0,0,9.098
9/1/2026,2022,20230145,41532,38897,MARABOU SUPERIOR PIPELINE,Natural Gas,INTRASTATE,WISCONSIN,5.737,0,0,0,5.737,,,,5.736,0,0,,,,,5.737,0,0,0,5.737,,,,5.736,0,0,0,0,0,0,0,0,0,0,0,0,0,0,0,0,0,5.737,0,0,0,5.737
9/1/2026,2022,20230294,41687,38898,"MOUNTAIN GATHERING, LLC",Natural Gas,INTRASTATE,PENNSYLVANIA,0,0,0,0,0,,,,,0,0,,,,,0,0,0,0,0,,,,,67.1,12.1,0,79.2,0,0,0,0,63.5,63.5,0,0,63.5,67.1,12.1,0,142.7,63.5,67.1,12.1,0,142.7
9/1/2026,2022,20230294,41687,38898,"MOUNTAIN GATHERING, LLC",Natural Gas,INTRASTATE,WEST VIRGINIA,0,0,0,0,0,,,,,0,0,,,,,0,0,0,0,0,,,,,16.3,0,0,16.3,0,0,0,0,15.27,15.27,0,0,15.27,16.3,0,0,31.57,15.27,16.3,0,0,31.57
9/1/2026,2022,20230668,42088,38901,"PERRYVILLE GAS STORAGE, LLC",Natural Gas,INTERSTATE,LOUISIANA,14.84,0,0,0,14.84,,0.5,,14.34,0,0,,,,,14.84,0,0,0,14.84,,0.5,,14.34,0,0,0,0,0,0,0,0,0,0,0,0,0,0,0,0,0,14.84,0,0,0,14.84
9/1/2026,2022,20230929,42362,38902,"HIGH POINT GAS TRANSMISSION, LLC",Natural Gas,INTERSTATE,LOUISIANA,155.65,0,0,0,155.65,0,0,0,155.65,32.71,32.71,0,0,0,32.71,188.36,0,0,0,188.36,0,0,0,188.36,0,0,0,0,0,0,0,0,0,0,0,0,0,0,0,0,0,188.36,0,0,0,188.36
9/1/2026,2022,20230929,42362,38902,"HIGH POINT GAS TRANSMISSION, LLC",Natural Gas,INTERSTATE,OCS-Gulf of Mexico,0,0,0,0,0,0,0,0,0,155.64,155.64,0,0,0,155.64,155.64,0,0,0,155.64,0,0,0,155.64,0,0,0,0,0,0,0,0,0,0,0,0,0,0,0,0,0,155.64,0,0,0,155.64
9/1/2026,2022,20230327,41721,38904,CALERA GATHERING LLC,Natural Gas,INTRASTATE,ALABAMA,22.6,0,0,0,22.6,0,0.2,0,22.4,0,0,,,,,22.6,0,0,0,22.6,0,0.2,0,22.4,0,0,0,0,0,0,0,0,0,0,0,0,0,0,0,0,0,22.6,0,0,0,22.6
9/1/2026,2022,20231435,42980,38905,SENECA RESOURCES EAST DIVISION,Natural Gas,INTRASTATE,PENNSYLVANIA,0,0,0,0,0,,,,,0,0,,,,,0,0,0,0,0,,,,,0,0,0,0,0,0,0,0,42.12,42.12,0,0,42.12,0,0,0,42.12,42.12,0,0,0,42.12
9/1/2026,2022,20231113,43012,38906,LIBERTY UTILITIES (MIDSTATES NATURAL GAS) CORP. D/B/A LIBERTY UTILITIES,Natural Gas,INTRASTATE,ILLINOIS,7.67,0,0,0,7.67,0,,,7.67,0,0,,,,,7.67,0,0,0,7.67,0,,,7.67,0,0,0,0,0,0,0,0,0,0,0,0,0,0,0,0,0,7.67,0,0,0,7.67
9/1/2026,2022,20231113,43012,38906,LIBERTY UTILITIES (MIDSTATES NATURAL GAS) CORP. D/B/A LIBERTY UTILITIES,Natural Gas,INTRASTATE,IOWA,19.86,11.42,1.64,0,32.92,0.42,,1.22,31.28,0,0,,,,,19.86,11.42,1.64,0,32.92,0.42,,1.22,31.28,0,0,0,0,0,0,0,0,0,0,0,0,0,0,0,0,0,19.86,11.42,1.64,0,32.92
9/1/2026,2022,20231113,43012,38906,LIBERTY UTILITIES (MIDSTATES NATURAL GAS) CORP. D/B/A LIBERTY UTILITIES,Natural Gas,INTRASTATE,MISSOURI,93.06,55.22,30.36,0,178.64,0.84,,29.53,148.27,0,0,,,,,93.06,55.22,30.36,0,178.64,0.84,,29.53,148.27,0,0,0,0,0,0,0,0,0,0,0,0,0,0,0,0,0,93.06,55.22,30.36,0,178.64
9/1/2026,2022,20230023,41406,38907,SOUTHERN ILLINOIS POWER COOPERATIVE,Natural Gas,INTRASTATE,ILLINOIS,4.42,1.12,0,0,5.54,,,,5.54,0,0,,,,,4.42,1.12,0,0,5.54,,,,5.54,0,0,0,0,0,0,0,0,0,0,0,0,0,0,0,0,0,4.42,1.12,0,0,5.54
9/1/2026,2022,20230078,41463,38908,"PRAIRIELAND PIPELINE, LLC",Natural Gas,INTRASTATE,ILLINOIS,4.68,0,0,0,4.68,0,0,0,4.68,0,0,,,,,4.68,0,0,0,4.68,0,0,0,4.68,0,0,0,0,0,0,0,0,0,0,0,0,0,0,0,0,0,4.68,0,0,0,4.68
9/1/2026,2022,20230053,41438,38909,"COMPRESSED ENERGY SYSTEMS, LLC",Natural Gas,INTRASTATE,ILLINOIS,0.5,0,0,0,0.5,0,0,0,0.5,0,0,,,,,0.5,0,0,0,0.5,0,0,0,0.5,0,0,0,0,0,0,0,0,0,0,0,0,0,0,0,0,0,0.5,0,0,0,0.5
9/1/2026,2022,20230737,42162,38910,CNX RESOURCES CORPORATION,Natural Gas,INTRASTATE,KENTUCKY,0,0,0,0,0,,,,,0,0,,,,,0,0,0,0,0,,,,,0,0,0,0,0,0,0,0,3.34,3.34,0,0,3.34,0,0,0,3.34,3.34,0,0,0,3.34
9/1/2026,2022,20230737,42162,38910,CNX RESOURCES CORPORATION,Natural Gas,INTRASTATE,PENNSYLVANIA,0,0,0,0,0,,,,,0,0,,,,,0,0,0,0,0,,,,,1.07,0,0,1.07,0,0,0,0,11.94,11.94,0,0,11.94,1.07,0,0,13.01,11.94,1.07,0,0,13.01
9/1/2026,2022,20230737,42162,38910,CNX RESOURCES CORPORATION,Natural Gas,INTRASTATE,VIRGINIA,0,0,0,0,0,,,,,0,0,,,,,0,0,0,0,0,,,,,0,0,0,0,0,0,0,0,49.62,49.62,0,0,49.62,0,0,0,49.62,49.62,0,0,0,49.62
9/1/2026,2022,20230737,42162,38910,CNX RESOURCES CORPORATION,Natural Gas,INTRASTATE,WEST VIRGINIA,0,0,0,0,0,,,,,0,0,,,,,0,0,0,0,0,,,,,0.87,0,0,0.87,1.69,0.36,0,2.05,29.71,29.71,0,0,29.71,2.56,0.36,0,32.63,29.71,2.56,0.36,0,32.63
9/1/2026,2022,20230352,41747,38914,ANDROSCOGGIN VALLEY REGIONAL REFUSE DISPOSAL DISTRICT,Landfill Gas,INTRASTATE,NEW HAMPSHIRE,1.8,0,0,0,1.8,,,,1.8,0,0,,,,,1.8,0,0,0,1.8,,,,1.8,0,0,0,0,0,0,0,0,0,0,0,0,0,0,0,0,0,1.8,0,0,0,1.8
9/1/2026,2022,20230346,41741,38917,KING-MURRAY OPERATING COMPANY LLC,Natural Gas,INTRASTATE,FLORIDA,2,0,0,0,2,,,,2,0,0,,,,,2,0,0,0,2,,,,2,0,0,0,0,0,0,0,0,0,0,0,0,0,0,0,0,0,2,0,0,0,2
9/1/2026,2022,20231262,42724,38919,LEGACY RESERVES OPERATING LP,Natural Gas,INTRASTATE,TEXAS,0,0,0,0,0,,,,,0,0,,,,,0,0,0,0,0,,,,,0,0,0,0,0,0,0,0,7.73,7.73,0,0,7.73,0,0,0,7.73,7.73,0,0,0,7.73
9/1/2026,2022,20230087,41888,38920,"CHERRY ISLAND RENEWABLE ENERGY, LLC (CIRE)",Landfill Gas,INTRASTATE,DELAWARE,4.1,0,0,0,4.1,,,,4.1,0,0,,,,,4.1,0,0,0,4.1,,,,4.1,0,0,0,0,0,0,0,0,0,0,0,0,0,0,0,0,0,4.1,0,0,0,4.1
9/1/2026,2022,20230261,41654,38923,PROSPECTOR PIPELINE COMPANY,Natural Gas,INTRASTATE,NEVADA,27.3,0,0,0,27.3,0,0,0,27.3,0,0,,,,,27.3,0,0,0,27.3,0,0,0,27.3,0,0,0,0,0,0,0,0,0,0,0,0,0,0,0,0,0,27.3,0,0,0,27.3
9/1/2026,2022,20231174,42627,38925,"NUCOR STEEL KINGMAN, LLC",Natural Gas,INTRASTATE,ARIZONA,1.73,0,0,0,1.73,0,0,0,1.73,0,0,,,,,1.73,0,0,0,1.73,0,0,0,1.73,0,0,0,0,0,0,0,0,0,0,0,0,0,0,0,0,0,1.73,0,0,0,1.73
9/1/2026,2022,20231091,42535,38926,BLACK BEAR MIDSTREAM LLC,Natural Gas,INTRASTATE,LOUISIANA,7.5,0,0,0,7.5,,,,7.5,0,0,,,,,7.5,0,0,0,7.5,,,,7.5,2.714,,0,2.714,0,0,0,0,31.57,31.57,0,0,31.57,2.714,0,0,34.284,39.07,2.714,0,0,41.784
9/1/2026,2022,20231159,42611,38927,UGI ENERGY SERVICES,Natural Gas,INTERSTATE,PENNSYLVANIA,41.901,16.491,14.802,0,73.194,5.669,12.018,0,55.516,0,0,,,,,41.901,16.491,14.802,0,73.194,5.669,12.018,0,55.516,0,0,0,0,0,0,0,0,0,0,0,0,0,0,0,0,0,41.901,16.491,14.802,0,73.194
9/1/2026,2022,20231159,42611,38927,UGI ENERGY SERVICES,Natural Gas,INTRASTATE,OHIO,0,0,0,0,0,0,0,0,0,0,0,,,,,0,0,0,0,0,0,0,0,0,15.73,0,0,15.73,0,0,0,0,13.986,13.986,0,0,13.986,15.73,0,0,29.716,13.986,15.73,0,0,29.716
9/1/2026,2022,20231159,42611,38927,UGI ENERGY SERVICES,Natural Gas,INTRASTATE,PENNSYLVANIA,1.245,2.255,5.283,0,8.783,0.373,4.91,0,3.5,0,0,,,,,1.245,2.255,5.283,0,8.783,0.373,4.91,0,3.5,97.181,24.403,0,121.584,1.307,0,0,1.307,214.211,214.211,0,0,214.211,98.488,24.403,0,337.102,215.456,100.743,29.686,0,345.885
9/1/2026,2022,20231159,42611,38927,UGI ENERGY SERVICES,Natural Gas,INTRASTATE,WEST VIRGINIA,0,0,0,0,0,,,,,0,0,,,,,0,0,0,0,0,,,,,2.987,0,0,2.987,0.002,0,0,0.002,20.619,20.619,0,0,20.619,2.989,0,0,23.608,20.619,2.989,0,0,23.608
9/1/2026,2022,20230006,41388,38929,"LYNX OPERATING CO., INC.",Natural Gas,INTRASTATE,TEXAS,11,0,0,0,11,,,,11,0,0,,,,,11,0,0,0,11,,,,11,0,0,0,0,0,0,0,0,0,0,0,0,0,0,0,0,0,11,0,0,0,11
9/1/2026,2022,20230766,42191,38932,"BLUESTONE PIPELINE COMPANY OF PA, LLC",Natural Gas,INTRASTATE,NEW YORK,11.3,0,0,0,11.3,,0.27,,11.03,0,0,,,,,11.3,0,0,0,11.3,,0.27,,11.03,0,0,0,0,0,0,0,0,0,0,0,0,0,0,0,0,0,11.3,0,0,0,11.3
9/1/2026,2022,20230766,42191,38932,"BLUESTONE PIPELINE COMPANY OF PA, LLC",Natural Gas,INTRASTATE,PENNSYLVANIA,49.33,4.37,0,0,53.7,0,0.9,,52.8,0,0,,,,,49.33,4.37,0,0,53.7,0,0.9,,52.8,0,0,0,0,0,0,0,0,0,0,0,0,0,0,0,0,0,49.33,4.37,0,0,53.7
9/1/2026,2022,20230233,44991,38941,EMKEY GATHERING LLC,Natural Gas,INTRASTATE,NEW YORK,0,0,0,0,0,,,,,0,0,,,,,0,0,0,0,0,,,,,0,0.6,0,0.6,0,0,0,0,59.95,59.95,0,0,59.95,0,0.6,0,60.55,59.95,0,0.6,0,60.55
9/1/2026,2022,20230233,44991,38941,EMKEY GATHERING LLC,Natural Gas,INTRASTATE,PENNSYLVANIA,0,0,0,0,0,,,,,0,0,,,,,0,0,0,0,0,,,,,0,0.2,0,0.2,0,0,0,0,61.95,61.95,0,0,61.95,0,0.2,0,62.15,61.95,0,0.2,0,62.15
9/1/2026,2022,20230216,41607,38943,"EAGLE FORD MIDSTREAM, LP",Natural Gas,INTRASTATE,TEXAS,170.327,0,0,0,170.327,0.149,1.481,0,168.697,0,0,,,,,170.327,0,0,0,170.327,0.149,1.481,0,168.697,0,0,0,0,0,0,0,0,0,0,0,0,0,0,0,0,0,170.327,0,0,0,170.327
9/1/2026,2022,20230869,42302,38947,KINDER MORGAN ALTAMONT LLC,Natural Gas,INTRASTATE,UTAH,0,0,0,0,0,,,,,0,0,,,,,0,0,0,0,0,,,,,1.379,0.192,0,1.571,0,0,0,0,128.709,128.709,0,0,128.709,1.379,0.192,0,130.28,128.709,1.379,0.192,0,130.28
9/1/2026,2022,20231359,42826,38949,"NAVARRO MIDSTREAM SERVICES, LLC.",Natural Gas,INTRASTATE,TEXAS,0,0,0,0,0,,,,,0,0,,,,,0,0,0,0,0,,,,,0,0,0,0,1.66,1.48,0,3.14,788.33,788.33,0,0,788.33,1.66,1.48,0,791.47,788.33,1.66,1.48,0,791.47
9/1/2026,2022,20230664,42084,38950,"CADEVILLE GAS STORAGE, LLC",Natural Gas,INTERSTATE,LOUISIANA,7.09,1.06,0,0,8.15,,,,8.15,0,0,,,,,7.09,1.06,0,0,8.15,,,,8.15,0,0,0,0,0,0,0,0,0,0,0,0,0,0,0,0,0,7.09,1.06,0,0,8.15
9/1/2026,2022,20230290,41787,38951,"PENNSYLVANIA GENERAL ENERGY COMPANY, LLC",Natural Gas,INTRASTATE,PENNSYLVANIA,0,0,0,0,0,,,,,0,0,,,,,0,0,0,0,0,,,,,2.55,0,0,2.55,0,0,0,0,40.72,40.72,0,0,40.72,2.55,0,0,43.27,40.72,2.55,0,0,43.27
9/1/2026,2022,20230495,42852,38952,TPL ARKOMA HOLDINGS LLC,Natural Gas,INTRASTATE,OKLAHOMA,3.41,0,0,0,3.41,,,,3.41,0,0,,,,,3.41,0,0,0,3.41,,,,3.41,3.8,0.74,0,4.54,0,0,0,0,136.84,136.84,0,0,136.84,3.8,0.74,0,141.38,140.25,3.8,0.74,0,144.79
9/1/2026,2022,20231374,42846,38954,ALLEGHENY LAND AND EXPLORATION,Natural Gas,INTRASTATE,PENNSYLVANIA,0,0,0,0,0,,,,,0,0,,,,,0,0,0,0,0,,,,,0,0,0,0,6.55,0,0,6.55,0,0,0,0,0,6.55,0,0,6.55,0,6.55,0,0,6.55
9/1/2026,2022,20230413,41812,38955,SENECA LANDFILL,Other Gas-Processed landfill gas,INTRASTATE,PENNSYLVANIA,0,0.36,1.64,0,2,,,1.64,0.36,0,0,,,,,0,0.36,1.64,0,2,,,1.64,0.36,0,0,0,0,0,0,0,0,0,0,0,0,0,0,0,0,0,0,0.36,1.64,0,2
9/1/2026,2022,20231423,42958,38958,"PPG, LLC",Natural Gas,INTRASTATE,MICHIGAN,0,0,0,0,0,,,,,0,0,,,,,0,0,0,0,0,,,,,0.568,4.76,0,5.328,0,0,0,0,0,0,0,0,0,0.568,4.76,0,5.328,0,0.568,4.76,0,5.328
9/1/2026,2022,20230659,42095,38959,CITY OF MIDLAND UTILITIES DIVISION,Landfill Gas,INTRASTATE,MICHIGAN,3,0,0.4,0,3.4,0,0,0.4,3,0,0,,,,,3,0,0.4,0,3.4,0,0,0.4,3,0,0,0,0,0,0,0,0,0,0,0,0,0,0,0,0,0,3,0,0.4,0,3.4
9/1/2026,2022,20230688,42109,38965,"CITY OF ALBUQUERQUE, SOLID WASTE MANAGEMENT DEPT.",Landfill Gas,INTRASTATE,NEW MEXICO,0.945,0,1,0,1.945,1,,,0.945,0,0,,,,,0.945,0,1,0,1.945,1,,,0.945,0,0,0,0,0,0,0,0,0,0,0,0,0,0,0,0,0,0.945,0,1,0,1.945
9/1/2026,2022,20230601,42014,38967,LIBERTY ENERGY (GEORGIA) CORP D/B/A LIBERTY UTILITIES GEORGIA,Natural Gas,INTRASTATE,GEORGIA,3.2,30.1,34.2,0,67.5,3.72,22.78,22.61,18.4,0,0,,,,,3.2,30.1,34.2,0,67.5,3.72,22.78,22.61,18.4,0,0,0,0,0,0,0,0,0,0,0,0,0,0,0,0,0,3.2,30.1,34.2,0,67.5
9/1/2026,2022,20230399,43337,38972,ORANGE COUNTY SANITATION DISTRICT,Other Gas-Methane,INTRASTATE,CALIFORNIA,0,0,3.792,0,3.792,3.792,,,,0,0,,,,,0,0,3.792,0,3.792,3.792,,,,0,0,0,0,0,0,0,0,0,0,0,0,0,0,0,0,0,0,0,3.792,0,3.792
9/1/2026,2022,20230398,43090,38987,KINETICA ENERGY EXPRESS LLC,Natural Gas,INTERSTATE,LOUISIANA,558.63,8.36,0.6,0,567.59,,4.47,,563.14,72.97,72.97,,,,72.97,631.6,8.36,0.6,0,640.56,,4.47,,636.11,0,0,0,0,0,0,0,0,76.9,76.9,0,0,76.9,0,0,0,76.9,708.5,8.36,0.6,0,717.46
9/1/2026,2022,20230398,43090,38987,KINETICA ENERGY EXPRESS LLC,Natural Gas,INTERSTATE,OCS-Gulf of Mexico,0,0,0,0,0,,,,,422.53,422.53,,,,422.53,422.53,0,0,0,422.53,,,,422.53,0,0,0,0,0,0,0,0,0,0,72.66,72.66,72.66,0,0,0,72.66,495.19,0,0,0,495.19
9/1/2026,2022,20230398,43090,38987,KINETICA ENERGY EXPRESS LLC,Natural Gas,INTERSTATE,TEXAS,0,0,0,0,0,,,,,3.32,3.32,,,,3.32,3.32,0,0,0,3.32,,,,3.32,0,0,0,0,0,0,0,0,0,0,5.24,5.24,5.24,0,0,0,5.24,8.56,0,0,0,8.56
9/1/2026,2022,20230371,41768,38989,EMERALD GATHERING AND TRANSMISSION,Natural Gas,INTRASTATE,TEXAS,0,0,0,0,0,,,,,0,0,,,,,0,0,0,0,0,,,,,0,1.46,0,1.46,0,0,0,0,0,0,5.2,5.2,5.2,0,1.46,0,6.66,5.2,0,1.46,0,6.66
9/1/2026,2022,20230489,41894,38993,"HG ENERGY, LLC",Natural Gas,INTRASTATE,WEST VIRGINIA,1.69,0.45,0,0,2.14,,2.14,,,0,0,,,,,1.69,0.45,0,0,2.14,,2.14,,,0,0,0,0,7.92,0.72,0,8.64,0,0,0,0,0,7.92,0.72,0,8.64,1.69,8.37,0.72,0,10.78
9/1/2026,2022,20231426,42961,38999,"HEMCO GAS GATHERING, L.L.C.",Natural Gas,INTRASTATE,TEXAS,0,0,0,0,0,,,,,0,0,,,,,0,0,0,0,0,,,,,0,0,0,0,2,0,0,2,0,0,1,1,1,2,0,0,3,1,2,0,0,3
9/1/2026,2022,20230468,41871,39002,"ARP BARNETT PIPELINE, LLC",Natural Gas,INTRASTATE,TEXAS,0,0,0,0,0,,,,,0,0,,,,,0,0,0,0,0,,,,,0,4.26,0,4.26,0,0,0,0,0,0,0,0,0,0,4.26,0,4.26,0,0,4.26,0,4.26
9/1/2026,2022,20230995,42435,39003,"DTM APPALACHIA GATHERING, LLC",Natural Gas,INTRASTATE,PENNSYLVANIA,0,0,0,0,0,,,,,0,0,,,,,0,0,0,0,0,,,,,1.49,0,0,1.49,0,0,0,0,16.18,16.18,0,0,16.18,1.49,0,0,17.67,16.18,1.49,0,0,17.67
9/1/2026,2022,20230995,42435,39003,"DTM APPALACHIA GATHERING, LLC",Natural Gas,INTRASTATE,WEST VIRGINIA,0,0,0,0,0,,,,,0,0,,,,,0,0,0,0,0,,,,,17.58,1.58,0,19.16,0,0,0,0,159.38,159.38,0,0,159.38,17.58,1.58,0,178.54,159.38,17.58,1.58,0,178.54
9/1/2026,2022,20230127,41514,39004,SEADRIFT COKE LP,Natural Gas,INTRASTATE,TEXAS,0.08,0,0,0,0.08,,,,,0,0,,,,,0.08,0,0,0,0.08,,,,,0,0,0,0,0,0,0,0,0,0,0,0,0,0,0,0,0,0.08,0,0,0,0.08
9/1/2026,2022,20230280,41673,39010,"BLUE RACER MIDSTREAM, LLC",Natural Gas,INTRASTATE,OHIO,0,0,0,0,0,,,,,0,0,,,,,0,0,0,0,0,,,,,53.87,19.33,0,73.2,19.58,19.92,0,39.5,425.43,425.43,0,0,425.43,73.45,39.25,0,538.13,425.43,73.45,39.25,0,538.13
9/1/2026,2022,20230280,41673,39010,"BLUE RACER MIDSTREAM, LLC",Natural Gas,INTRASTATE,WEST VIRGINIA,0,0,0,0,0,,,,,0,0,,,,,0,0,0,0,0,,,,,1.49,3.31,0,4.8,0,0,0,0,42.12,42.12,0,0,42.12,1.49,3.31,0,46.92,42.12,1.49,3.31,0,46.92
9/1/2026,2022,20230676,42411,39012,"SUMMIT MIDSTREAM PARTNERS, LLC",Natural Gas,INTRASTATE,COLORADO,0,0,0,0,0,0,0,,,,0,,,,,0,0,0,0,0,0,0,,,1.47,1.68,0,3.15,0,0,0,0,634.79,634.79,,0,634.79,1.47,1.68,0,637.94,634.79,1.47,1.68,0,637.94
9/1/2026,2022,20230676,42411,39012,"SUMMIT MIDSTREAM PARTNERS, LLC",Natural Gas,INTRASTATE,OHIO,1.98,0,0,0,1.98,0,0,0,1.98,,0,,,,,1.98,0,0,0,1.98,0,0,0,1.98,7.5,1.28,0,8.78,0,0,0,0,46.73,46.73,,0,46.73,7.5,1.28,0,55.51,48.71,7.5,1.28,0,57.49
9/1/2026,2022,20230676,42411,39012,"SUMMIT MIDSTREAM PARTNERS, LLC",Natural Gas,INTRASTATE,WEST VIRGINIA,0,0,0,0,0,,,,,0,0,,,,,0,0,0,0,0,,,,,0,0,0,0,0,0,0,0,48.56,48.56,0,0,48.56,0,0,0,48.56,48.56,0,0,0,48.56
9/1/2026,2022,20230419,41818,39015,"LOUISIANA ENERGY CONSULTANTS, INC.",Natural Gas,INTRASTATE,LOUISIANA,0,0,0,0,0,,,,,0,0,,,,,0,0,0,0,0,,,,,1.5,2.1,0,3.6,0,0,0,0,0,0,0,0,0,1.5,2.1,0,3.6,0,1.5,2.1,0,3.6
9/1/2026,2022,20230896,42329,39022,"FINLEY RESOURCES, INC.",Natural Gas,INTRASTATE,OKLAHOMA,0,0,0,0,0,,,,,0,0,,,,,0,0,0,0,0,,,,,0,0,0,0,0,0,0,0,8.518,8.518,0,0,8.518,0,0,0,8.518,8.518,0,0,0,8.518
9/1/2026,2022,20230896,42329,39022,"FINLEY RESOURCES, INC.",Natural Gas,INTRASTATE,TEXAS,0,0,0,0,0,,,,,0,0,,,,,0,0,0,0,0,,,,,0,0.372,0,0.372,0,0,0,0,0,0,0,0,0,0,0.372,0,0.372,0,0,0.372,0,0.372
9/1/2026,2022,20230719,42140,39026,"BAGLEY PIPELINE, LLC",Natural Gas,INTRASTATE,MICHIGAN,0,0,0,0,0,,,,,0,0,,,,,0,0,0,0,0,,,,,0,2,0,2,0,0,0,0,0,0,0,0,0,0,2,0,2,0,0,2,0,2
9/1/2026,2022,20230119,42977,39027,NRG ENERGY SERVICES,Natural Gas,INTRASTATE,CALIFORNIA,5.76,0,0,0,5.76,0,0,0,5.76,0,0,,,,,5.76,0,0,0,5.76,0,0,0,5.76,0,0,0,0,0,0,0,0,0,0,0,0,0,0,0,0,0,5.76,0,0,0,5.76
9/1/2026,2022,20231002,42443,39030,PARADOX MIDSTREAM LLC,Natural Gas,INTRASTATE,UTAH,0,0,0,0,0,,,,,0,0,,,,,0,0,0,0,0,,,,,0,0,0,0,2,0,0,2,7,7,0,0,7,2,0,0,9,7,2,0,0,9
9/1/2026,2022,20230401,41800,39031,MINARD RUN OIL CO.,Natural Gas,INTRASTATE,NEW YORK,6.85,0,0,0,6.85,0,6.85,0,0,0,0,,,,,6.85,0,0,0,6.85,0,6.85,0,0,0,0,0,0,0,0,0,0,0,0,0,0,0,0,0,0,0,6.85,0,0,0,6.85
9/1/2026,2022,20230401,41800,39031,MINARD RUN OIL CO.,Natural Gas,INTRASTATE,PENNSYLVANIA,0,0,0,0,0,,,,,0,0,,,,,0,0,0,0,0,,,,,0,0,0,0,1,1.13,0,2.13,0,0,0,0,0,1,1.13,0,2.13,0,1,1.13,0,2.13
9/1/2026,2022,20230774,43061,39033,"NESSON GATHERING SYSTEM, LLC",Natural Gas,INTRASTATE,NORTH DAKOTA,1.6,0,0,0,1.6,0,0,0,1.6,0,0,,,,,1.6,0,0,0,1.6,0,0,0,1.6,0,1.2,0,1.2,0,0,0,0,26.6,26.6,0,0,26.6,0,1.2,0,27.8,28.2,0,1.2,0,29.4
9/1/2026,2022,20230828,42956,39035,CANES MIDSTREAM G&P LLC,Natural Gas,INTRASTATE,TEXAS,8.6,0,0,0,8.6,,,,8.6,0,0,,,,,8.6,0,0,0,8.6,,,,8.6,0,0,0,0,0,0,0,0,345.1,345.1,0,0,345.1,0,0,0,345.1,353.7,0,0,0,353.7
9/1/2026,2022,20231406,42914,39056,"ACTIVA RESOURCES, LLC",Natural Gas,INTRASTATE,TEXAS,0,0,0,0,0,,,,,0,0,,,,,0,0,0,0,0,,,,,0.53,0,0,0.53,0,0,0,0,,,0,0,0,0.53,0,0,0.53,0,0.53,0,0,0.53
9/1/2026,2022,20230930,42363,39060,"PANTHER PIPELINE, LLC",Natural Gas,INTRASTATE,TEXAS,0,0,0,0,0,,,,,0,0,,,,,0,0,0,0,0,,,,,5.5,0,0,5.5,0,0,0,0,0,0,29.34,29.34,29.34,5.5,0,0,34.84,29.34,5.5,0,0,34.84
9/1/2026,2022,20230234,43050,39063,"CORN, LP",Natural Gas,INTRASTATE,IOWA,5.5,0,0,0,5.5,,,,5.5,0,0,,,,,5.5,0,0,0,5.5,,,,5.5,0,0,0,0,0,0,0,0,0,0,0,0,0,0,0,0,0,5.5,0,0,0,5.5
9/1/2026,2022,20231102,43051,39065,HESS ND,Natural Gas,INTRASTATE,NORTH DAKOTA,7.832,0,0,0,7.832,0.236,0,0,7.916,0,0,,,,,7.832,0,0,0,7.832,0.236,0,0,7.916,1.44,0.24,0,1.68,0,0,0,0,250.29,250.29,0,0,250.29,1.44,0.24,0,251.97,258.122,1.44,0.24,0,259.802
9/1/2026,2022,20231185,42982,39066,"SUMMIT NATURAL GAS OF MAINE, INC.",Natural Gas,INTRASTATE,MAINE,1.62,35.43,30.76,0.21,68.02,5.8,30.3,0.67,31.25,0,0,,,,,1.62,35.43,30.76,0.21,68.02,5.8,30.3,0.67,31.25,0,0,0,0,0,0,0,0,0,0,0,0,0,0,0,0,0,1.62,35.43,30.76,0.21,68.02
9/1/2026,2022,20230039,41423,39067,"POET BIOPROCESSING - ARTHUR, LLC",Natural Gas,INTRASTATE,IOWA,22,0,0,0,22,0,0,0,22,0,0,,,,,22,0,0,0,22,0,0,0,22,0,0,0,0,0,0,0,0,,,0,0,0,0,0,0,0,22,0,0,0,22
9/1/2026,2022,20230101,41487,39070,"PGP OPERATING, LLC",Natural Gas,INTRASTATE,ALABAMA,0,0.68,0,0,0.68,,,,0.68,0,0,,,,,0,0.68,0,0,0.68,,,,0.68,6.48,2.6,0,9.08,0,0,0,0,21.74,21.74,0,0,21.74,6.48,2.6,0,30.82,21.74,7.16,2.6,0,31.5
9/1/2026,2022,20230064,41449,39073,OCI BEAUMONT LLC,Natural Gas,INTRASTATE,TEXAS,0,0,0.22,0,0.22,0.22,,,,0,0,,,,,0,0,0.22,0,0.22,0.22,,,,0,0,0,0,0,0,0,0,0,0,0,0,0,0,0,0,0,0,0,0.22,0,0.22
9/1/2026,2022,20230854,42287,39074,"ELK HILLS POWER, LLC",Natural Gas,INTRASTATE,CALIFORNIA,10,0,0,0,10,0,0,0,10,0,0,,,,,10,0,0,0,10,0,0,0,10,0,0,0,0,0,0,0,0,0,0,0,0,0,0,0,0,0,10,0,0,0,10
9/1/2026,2022,20231351,42818,39078,GATEWAY DELMAR LLC,Natural Gas,INTRASTATE,NEW YORK,0.5,0,0,0,0.5,,,,0.5,0,0,,,,,0.5,0,0,0,0.5,,,,0.5,0,0,0,0,0,0,0,0,0,0,0,0,0,0,0,0,0,0.5,0,0,0,0.5
9/1/2026,2022,20230775,42201,39081,"RIVERSIDE GENERATING COMPANY, LLC",Natural Gas,INTRASTATE,KENTUCKY,9.2,0,0,0,9.2,,0.46,,8.74,0,0,,,,,9.2,0,0,0,9.2,,0.46,,8.74,0,0,0,0,0,0,0,0,0,0,0,0,0,0,0,0,0,9.2,0,0,0,9.2
9/1/2026,2022,20230498,42060,39082,TPL SOUTHTEX MIDSTREAM LLC,Natural Gas,INTRASTATE,TEXAS,80,0,5.08,0,85.08,,0.81,5.08,79.19,0,0,,,,,80,0,5.08,0,85.08,,0.81,5.08,79.19,0,0.72,0,0.72,0,0,0,0,303.41,303.41,0,0,303.41,0,0.72,0,304.13,383.41,0,5.8,0,389.21
9/1/2026,2022,20230778,42204,39086,FT. BEND POWER PRODUCERS,Natural Gas,INTRASTATE,TEXAS,2.5,0,0,0,2.5,,,,2.5,0,0,,,,,2.5,0,0,0,2.5,,,,2.5,0,0,0,0,0,0,0,0,0,0,0,0,0,0,0,0,0,2.5,0,0,0,2.5
9/1/2026,2022,20231171,42624,39087,"NFG MIDSTREAM CLERMONT, LLC",Natural Gas,INTRASTATE,PENNSYLVANIA,15.4,0,0,0,15.4,0,,0,15.4,0,0,,,,,15.4,0,0,0,15.4,0,,0,15.4,0,0,0,0,0,0,0,0,69.53,69.53,0,0,69.53,0,0,0,69.53,84.93,0,0,0,84.93
9/1/2026,2022,20230626,42923,39089,SM ENERGY COMPANY,Natural Gas,INTRASTATE,TEXAS,0,0,0,0,0,,,,,0,0,,,,,0,0,0,0,0,,,,,0,0,0,0,0,0,0,0,4.038,4.038,0,0,4.038,0,0,0,4.038,4.038,0,0,0,4.038
9/1/2026,2022,20230816,43544,39090,"NUTAAQ PIPELINE, LLC",Natural Gas,INTRASTATE,ALASKA,0,0,0,0,0,,,,,0,0,,,,,0,0,0,0,0,,,,,0,0,0,0,0,0,0,0,0,0,1.63,1.63,1.63,0,0,0,1.63,1.63,0,0,0,1.63
9/1/2026,2022,20230739,42164,39093,MUSKEGON DEVELOPMENT COMPANY,Natural Gas,INTRASTATE,MICHIGAN,0,0,0,0,0,,,,,0,0,,,,,0,0,0,0,0,,,,,0.75,0,0,0.75,0,0,0,0,,,0,0,0,0.75,0,0,0.75,0,0.75,0,0,0.75
9/1/2026,2022,20230140,41527,39094,"ELYSIUM JENNINGS, LLC",Natural Gas,INTRASTATE,LOUISIANA,0,0,2.83,0,2.83,0,0,0,2.83,0,0,,,,,0,0,2.83,0,2.83,0,0,0,2.83,0,8.23,0,8.23,0,0,0,0,,,0,0,0,0,8.23,0,8.23,0,0,11.06,0,11.06
9/1/2026,2022,20230029,41412,39097,SOWEGA POWER LLC & BACONTON POWER LLC,Natural Gas,INTRASTATE,GEORGIA,1.7,0,0,0,1.7,,,,1.7,0,0,,,,,1.7,0,0,0,1.7,,,,1.7,0,0,0,0,0,0,0,0,0,0,0,0,0,0,0,0,0,1.7,0,0,0,1.7
9/1/2026,2022,20230380,42898,39099,CALIBER NORTH DAKOTA LLC,Natural Gas,INTRASTATE,NORTH DAKOTA,0,0,0,0,0,,,,,0,0,,,,,0,0,0,0,0,,,,,0,0,0,0,0,0,0,0,2.6,2.6,0,0,2.6,0,0,0,2.6,2.6,0,0,0,2.6
9/1/2026,2022,20230650,42068,39105,VALERO PARTNERS OPERATING CO. LLC,Natural Gas,INTRASTATE,MISSISSIPPI,0.77,0,0,0,0.77,0,0,0,0.77,0,0,,,,,0.77,0,0,0,0.77,0,0,0,0.77,0,0,0,0,0,0,0,0,0,0,0,0,0,0,0,0,0,0.77,0,0,0,0.77
9/1/2026,2022,20230923,42356,39109,"SUSQUEHANNA GATHERING COMPANY I, LLC",Natural Gas,INTRASTATE,PENNSYLVANIA,5.14,1.51,0,0,6.65,,0.44,,6.21,0,0,,,,,5.14,1.51,0,0,6.65,,0.44,,6.21,6.14,0,0,6.14,0,0,0,0,95.39,95.39,0,0,95.39,6.14,0,0,101.53,100.53,7.65,0,0,108.18
9/1/2026,2022,20230721,42142,39110,"COMINS PIPELINE, LLC",Natural Gas,INTRASTATE,MICHIGAN,0,1,0,0,1,0,0,0,1,0,0,,,,,0,1,0,0,1,0,0,0,1,0,0,0,0,0,0,0,0,0,0,0,0,0,0,0,0,0,0,1,0,0,1
9/1/2026,2022,20230730,46751,39112,"ENLINK MIDSTREAM SERVICES, LLC",Natural Gas,INTRASTATE,OKLAHOMA,35.44,0,0,0,35.44,0,0.375,0,35.065,0,0,,,,,35.44,0,0,0,35.44,0,0.375,0,35.065,13.932,1.178,0,15.11,0.371,8.222,0,8.593,1282.164,1282.164,0,0,1282.164,14.303,9.4,0,1305.867,1317.604,14.303,9.4,0,1341.307
9/1/2026,2022,20230730,46751,39112,"ENLINK MIDSTREAM SERVICES, LLC",Natural Gas,INTRASTATE,TEXAS,116.131,29.325,8.206,0,153.662,1.649,6.959,4.476,140.58,0,0,,,,,116.131,29.325,8.206,0,153.662,1.649,6.959,4.476,140.58,731.861,337.71,0,1069.571,0.62,8.25,0,8.87,1333.028,1333.028,0,0,1333.028,732.481,345.96,0,2411.469,1449.159,761.806,354.166,0,2565.131
9/1/2026,2022,20231410,42930,39113,CITY OF GREENSBORO,Landfill Gas,INTRASTATE,NORTH CAROLINA,0,0,2.89,0,2.89,0.2,0,2.69,,0,0,,,,,0,0,2.89,0,2.89,0.2,0,2.69,,0,0,0,0,0,0,0,0,0,0,0,0,0,0,0,0,0,0,0,2.89,0,2.89
9/1/2026,2022,20231057,42913,39117,"TX PIPELINE WEBB CO LEAN SYS, LLC",Natural Gas,INTRASTATE,TEXAS,40.62,0,0,0,40.62,,,,40.62,0,0,,,,,40.62,0,0,0,40.62,,,,40.62,0,0,0,0,0,0,0,0,147.1,147.1,0,0,147.1,0,0,0,147.1,187.72,0,0,0,187.72
9/1/2026,2022,20231054,42497,39120,"TX PIPELINE WEBB CO RICH SYS, LLC",Natural Gas,INTRASTATE,TEXAS,34.6,0,0,0,34.6,0,0.18,,34.42,0,0,,,,,34.6,0,0,0,34.6,0,0.18,,34.42,0,0,0,0,0,0,0,0,66.39,66.39,0,0,66.39,0,0,0,66.39,100.99,0,0,0,100.99
9/1/2026,2022,20230325,41718,39122,UTICA EAST OHIO MIDSTREAM LLC,Natural Gas,INTRASTATE,OHIO,0,0,0,0,0,,,,,0,0,,,,,0,0,0,0,0,,,,,1.667,0.12,0,1.787,0,0,0,0,56.91,56.91,0,0,56.91,1.667,0.12,0,58.697,56.91,1.667,0.12,0,58.697
9/1/2026,2022,20231382,42865,39126,"GENERAL GAS PIPELINE, LLC",Natural Gas,INTRASTATE,TENNESSEE,42.878,0,3.16,0,46.038,1,,2.16,42.878,0,0,,,,,42.878,0,3.16,0,46.038,1,,2.16,42.878,0,0,0,0,0,0,0,0,0,0,0,0,0,0,0,0,0,42.878,0,3.16,0,46.038
9/1/2026,2022,20230483,41886,39133,DOMTAR PAPER COMPANY,Natural Gas,INTRASTATE,TENNESSEE,0.32,0,0,0,0.32,,,,0.32,0,0,,,,,0.32,0,0,0,0.32,,,,0.32,0,0,0,0,0,0,0,0,0,0,0,0,0,0,0,0,0,0.32,0,0,0,0.32
9/1/2026,2022,20230088,41473,39134,"ZEELAND FARM SERVICES, INC.",Landfill Gas,INTRASTATE,MICHIGAN,2.03,1.42,2.58,0,6.03,0.32,0,2.26,3.45,0,0,,,,,2.03,1.42,2.58,0,6.03,0.32,0,2.26,3.45,0,0,0,0,0,0,0,0,0,0,0,0,0,0,0,0,0,2.03,1.42,2.58,0,6.03
9/1/2026,2022,20230537,41943,39138,"BOARDWALK LOUISIANA MIDSTREAM, LLC",Other Gas-Ethylene,INTRASTATE,LOUISIANA,3.4,2.41,2.6,0,8.41,0.51,2.09,,5.8,0,0,,,,,3.4,2.41,2.6,0,8.41,0.51,2.09,,5.8,0,0,0,0,0,0,0,0,0,0,0,0,0,0,0,0,0,3.4,2.41,2.6,0,8.41
9/1/2026,2022,20231339,42806,39142,ENERFIN FIELD SERVICES LLC,Natural Gas,INTRASTATE,LOUISIANA,0,0,0,0,0,0,0,0,0,0,0,,,,,0,0,0,0,0,0,0,0,0,4.444,1.635,0,6.079,1.132,1.062,0,2.194,107.917,107.917,0,0,107.917,5.576,2.697,0,116.19,107.917,5.576,2.697,0,116.19
9/1/2026,2022,20231339,42806,39142,ENERFIN FIELD SERVICES LLC,Natural Gas,INTRASTATE,TEXAS,0,0,1.875,0,1.875,1.458,0,0.417,0,0,0,,,,,0,0,1.875,0,1.875,1.458,0,0.417,0,12.076,2.747,0,14.823,1.76,1.12,0,2.88,216.272,216.272,0,0,216.272,13.836,3.867,0,233.975,216.272,13.836,5.742,0,235.85
9/1/2026,2022,20231031,42473,39147,"ENABLE GAS GATHERING, LLC",Natural Gas,INTRASTATE,OKLAHOMA,5.33,0,0,0,5.33,0,0,0,5.33,0,0,,,,,5.33,0,0,0,5.33,0,0,0,5.33,27.5,10.28,0,37.78,30.53,0.98,0,31.51,4395.89,4395.89,0,0,4395.89,58.03,11.26,0,4465.18,4401.22,58.03,11.26,0,4470.51
9/1/2026,2022,20231031,42473,39147,"ENABLE GAS GATHERING, LLC",Natural Gas,INTRASTATE,TEXAS,0,0,0,0,0,0,0,0,0,0,0,,,,,0,0,0,0,0,0,0,0,0,0,0,0,0,0,0,0,0,226.56,226.56,0,0,226.56,0,0,0,226.56,226.56,0,0,0,226.56
9/1/2026,2022,20230529,41935,39148,ARGOS CEMENT LLC,Natural Gas,INTRASTATE,FLORIDA,18,2,0,0,20,,2,,18,0,0,,,,,18,2,0,0,20,,2,,18,0,0,0,0,0,0,0,0,0,0,0,0,0,0,0,0,0,18,2,0,0,20
9/1/2026,2022,20230844,42276,39155,"FORESTA GATHERING, LLC",Natural Gas,INTRASTATE,TEXAS,0,0,0,0,0,,,,,0,0,,,,,0,0,0,0,0,,,,,0,0,0,0,8.07,5.04,0,13.11,0,0,0,0,0,8.07,5.04,0,13.11,0,8.07,5.04,0,13.11
9/1/2026,2022,20230499,41904,39156,TARGA FRIO LASALLE PIPELINE LP,Natural Gas,INTRASTATE,TEXAS,0,0,0,0,0,,,,,0,0,,,,,0,0,0,0,0,,,,,0,0,0,0,0,0,0,0,249.82,249.82,0,0,249.82,0,0,0,249.82,249.82,0,0,0,249.82
9/1/2026,2022,20231215,42874,39162,ANTERO MIDSTREAM CORPORATION,Natural Gas,INTRASTATE,OHIO,0,0,0,0,0,,,,0,,0,,,,,0,0,0,0,0,,,,0,2.87,0,0,2.87,0,0,0,0,120.02,120.02,,0,120.02,2.87,0,0,122.89,120.02,2.87,0,0,122.89
9/1/2026,2022,20231215,42874,39162,ANTERO MIDSTREAM CORPORATION,Natural Gas,INTRASTATE,WEST VIRGINIA,0,0,0,0,0,0,0,0,0,0,0,,,,,0,0,0,0,0,0,0,0,0,14.6,1.05,0,15.65,0,0,0,0,471.46,471.46,0,0,471.46,14.6,1.05,0,487.11,471.46,14.6,1.05,0,487.11
9/1/2026,2022,20230558,41966,39167,"SABAL TRAIL TRANSMISSION, LLC (SPECTRA ENERGY PARTNERS, LP)",Natural Gas,INTERSTATE,ALABAMA,77.87,8.38,0.13,0,86.38,4.84,24.67,0,56.87,0,0,,,,,77.87,8.38,0.13,0,86.38,4.84,24.67,0,56.87,0,0,0,0,0,0,0,0,0,0,0,0,0,0,0,0,0,77.87,8.38,0.13,0,86.38
9/1/2026,2022,20230558,41966,39167,"SABAL TRAIL TRANSMISSION, LLC (SPECTRA ENERGY PARTNERS, LP)",Natural Gas,INTERSTATE,FLORIDA,218.5,32.19,17.74,0,268.43,35.23,67.49,,165.71,0,0,,,,,218.5,32.19,17.74,0,268.43,35.23,67.49,,165.71,0,0,0,0,0,0,0,0,0,0,0,0,0,0,0,0,0,218.5,32.19,17.74,0,268.43
9/1/2026,2022,20230558,41966,39167,"SABAL TRAIL TRANSMISSION, LLC (SPECTRA ENERGY PARTNERS, LP)",Natural Gas,INTERSTATE,GEORGIA,151.86,9.39,0.97,0,162.22,5.83,41.8,,114.59,0,0,,,,,151.86,9.39,0.97,0,162.22,5.83,41.8,,114.59,0,0,0,0,0,0,0,0,0,0,0,0,0,0,0,0,0,151.86,9.39,0.97,0,162.22
9/1/2026,2022,20231032,42474,39168,UNITED NATURAL GAS-NW GAS CONTRACTED,Natural Gas,INTRASTATE,MINNESOTA,3.35,0,0,0,3.35,,,,3.35,0,0,,,,,3.35,0,0,0,3.35,,,,3.35,0,0,0,0,0,0,0,0,0,0,0,0,0,0,0,0,0,3.35,0,0,0,3.35
9/1/2026,2022,20230121,41508,39169,"GIBBS DIE CASTING, INC",Natural Gas,INTRASTATE,KENTUCKY,1.141,0,0,0,1.141,0,,,1.141,0,0,,,,,1.141,0,0,0,1.141,0,,,1.141,0,0,0,0,0,0,0,0,0,0,0,0,0,0,0,0,0,1.141,0,0,0,1.141
9/1/2026,2022,20230919,42352,39172,COPANO FIELD SERVICES/SOUTH TEXAS LLC,Natural Gas,INTRASTATE,TEXAS,0,0,0,0,0,,,,,0,0,,,,,0,0,0,0,0,,,,,6.719,0.255,0,6.974,0.003,1.787,0,1.79,274.159,274.159,0,0,274.159,6.722,2.042,0,282.923,274.159,6.722,2.042,0,282.923
9/1/2026,2022,20230951,42385,39178,DUKE ENERGY- INDIANA NOBLESVILLE STATION,Natural Gas,INTRASTATE,INDIANA,1.49,0.91,0.11,0,2.51,0.32,0.28,0,1.91,0,0,,,,,1.49,0.91,0.11,0,2.51,0.32,0.28,0,1.91,0,0,0,0,0,0,0,0,0,0,0,0,0,0,0,0,0,1.49,0.91,0.11,0,2.51
9/1/2026,2022,20230879,42312,39179,"AMPLIFY ENERGY OPERATING, LLC",Natural Gas,INTRASTATE,TEXAS,0,0,0,0,0,,,,,0,0,,,,,0,0,0,0,0,,,,,1.1,0,0,1.1,0,15.8,0,15.8,,,0,0,0,1.1,15.8,0,16.9,0,1.1,15.8,0,16.9
9/1/2026,2022,20230157,41544,39180,INVENERGY NELSON LLC,Natural Gas,INTRASTATE,ILLINOIS,5.5,0,0,0,5.5,0,0.05,,5.45,0,0,,,,,5.5,0,0,0,5.5,0,0.05,,5.45,0,0,0,0,0,0,0,0,0,0,0,0,0,0,0,0,0,5.5,0,0,0,5.5
9/1/2026,2022,20230314,41707,39183,"MEDALLION OPERATING COMPANY, LLC",Natural Gas,INTRASTATE,TEXAS,6.15,0,0,0,6.15,0,,,6.15,0,0,,,,,6.15,0,0,0,6.15,0,,,6.15,0,0,0,0,0,0,0,0,21.6,21.6,0,0,21.6,0,0,0,21.6,27.75,0,0,0,27.75
9/1/2026,2022,20230332,41727,39185,"NGG GAS GATHERING COMPANY, LLC",Natural Gas,INTRASTATE,TEXAS,0,0,0,0,0,,,,,0,0,,,,,0,0,0,0,0,,,,,0,5.32,0.4,5.72,0,0,0,0,0,0,0,0,0,0,5.32,0.4,5.72,0,0,5.32,0.4,5.72
9/1/2026,2022,20231452,43058,39189,"SANARE ENERGY PARTNERS, LLC",Natural Gas,INTERSTATE,OCS-Gulf of Mexico,0,0,0,0,0,,,,,0,0,,,,,0,0,0,0,0,,,,,0,0,0,0,0,0,0,0,0,0,6.93,6.93,6.93,0,0,0,6.93,6.93,0,0,0,6.93
9/1/2026,2022,20231452,43058,39189,"SANARE ENERGY PARTNERS, LLC",Natural Gas,INTERSTATE,TEXAS,0,0,0,0,0,,,,,0,0,,,,,0,0,0,0,0,,,,,0,0,0,0,0,0,0,0,,,1.6,1.6,1.6,0,0,0,1.6,1.6,0,0,0,1.6
9/1/2026,2022,20230534,42006,39192,"NEXUS GAS TRANSMISSION, LLC (SPECTRA ENERGY PARTNERS, LP)",Natural Gas,INTERSTATE,MICHIGAN,40.52,2.83,3.42,0,46.77,8.88,6.82,0,31.07,0,0,,,,,40.52,2.83,3.42,0,46.77,8.88,6.82,0,31.07,0,0,0,0,0,0,0,0,0,0,0,0,0,0,0,0,0,40.52,2.83,3.42,0,46.77
9/1/2026,2022,20230534,42006,39192,"NEXUS GAS TRANSMISSION, LLC (SPECTRA ENERGY PARTNERS, LP)",Natural Gas,INTERSTATE,OHIO,169.32,31.7,9.43,0,210.45,37.25,92.31,0,80.89,0,0,,,,,169.32,31.7,9.43,0,210.45,37.25,92.31,0,80.89,0,0,0,0,0,0,0,0,0,0,0,0,0,0,0,0,0,169.32,31.7,9.43,0,210.45
9/1/2026,2022,20230614,42027,39193,"ROVER PIPELINE, LLC",Natural Gas,INTERSTATE,MICHIGAN,54.62,15.84,1.87,0,72.33,8.27,30.96,0,33.1,0,0,,,,,54.62,15.84,1.87,0,72.33,8.27,30.96,0,33.1,0,0,0,0,0,0,0,0,0,0,0,0,0,0,0,0,0,54.62,15.84,1.87,0,72.33
9/1/2026,2022,20230614,42027,39193,"ROVER PIPELINE, LLC",Natural Gas,INTERSTATE,OHIO,541.3,32.7,1.72,0,575.72,23.3,129.51,0,422.91,0,0,,,,,541.3,32.7,1.72,0,575.72,23.3,129.51,0,422.91,0,0,0,0,0,0,0,0,0,0,0,0,0,0,0,0,0,541.3,32.7,1.72,0,575.72
9/1/2026,2022,20230614,42027,39193,"ROVER PIPELINE, LLC",Natural Gas,INTERSTATE,PENNSYLVANIA,7.77,2.5,0,0,10.27,0,5.9,0,4.37,0,0,,,,,7.77,2.5,0,0,10.27,0,5.9,0,4.37,0,0,0,0,0,0,0,0,0,0,0,0,0,0,0,0,0,7.77,2.5,0,0,10.27
9/1/2026,2022,20230614,42027,39193,"ROVER PIPELINE, LLC",Natural Gas,INTERSTATE,WEST VIRGINIA,55.84,3.06,2.2,0,61.1,0.54,10.13,0,50.43,0,0,,,,,55.84,3.06,2.2,0,61.1,0.54,10.13,0,50.43,0,0,0,0,0,0,0,0,0,0,0,0,0,0,0,0,0,55.84,3.06,2.2,0,61.1
9/1/2026,2022,20230653,42071,39194,SIERRITA GAS PIPELINE LLC,Natural Gas,INTERSTATE,ARIZONA,61.804,0,0,0,61.804,0,1.604,0,60.2,0,0,,,,,61.804,0,0,0,61.804,0,1.604,0,60.2,0,0,0,0,0,0,0,0,0,0,0,0,0,0,0,0,0,61.804,0,0,0,61.804
9/1/2026,2022,20230931,42364,39201,"CHANDELEUR PIPE LINE, LLC",Natural Gas,INTERSTATE,ALABAMA,4.68,0,0,0,4.68,0,0,0,4.68,13.69,13.69,0,0,0,13.69,18.37,0,0,0,18.37,0,0,0,18.37,0,0,0,0,0,0,0,0,0,0,0,0,0,0,0,0,0,18.37,0,0,0,18.37
9/1/2026,2022,20230931,42364,39201,"CHANDELEUR PIPE LINE, LLC",Natural Gas,INTERSTATE,LOUISIANA,1.03,0,0,0,1.03,0,0,0,1.03,71.85,71.85,0,0,0,71.85,72.88,0,0,0,72.88,0,0,0,72.88,0,0,0,0,0,0,0,0,0,0,0,0,0,0,0,0,0,72.88,0,0,0,72.88
9/1/2026,2022,20230931,42364,39201,"CHANDELEUR PIPE LINE, LLC",Natural Gas,INTERSTATE,MISSISSIPPI,3.15,0,0,0,3.15,0,0,0,3.15,23.543,23.543,0,0,0,23.543,26.693,0,0,0,26.693,0,0,0,26.693,0,0,0,0,0,0,0,0,0,0,0,0,0,0,0,0,0,26.693,0,0,0,26.693
9/1/2026,2022,20230931,42364,39201,"CHANDELEUR PIPE LINE, LLC",Natural Gas,INTERSTATE,OCS-Gulf of Mexico,0,0,0,0,0,0,0,0,,86.38,86.38,0,0,0,86.38,86.38,0,0,0,86.38,0,0,0,86.38,0,0,0,0,0,0,0,0,0,0,0,0,0,0,0,0,0,86.38,0,0,0,86.38
9/1/2026,2022,20230056,41441,39207,RIVERSIDE PETROLEUM INDIANA,Natural Gas,INTRASTATE,INDIANA,0.95,0,0,0,0.95,,,,0.95,0,0,,,,,0.95,0,0,0,0.95,,,,0.95,0,0,0,0,0,0.154,0,0.154,,,0,0,0,0,0.154,0,0.154,0.95,0,0.154,0,1.104
9/1/2026,2022,20230539,41945,39210,"BOARDWALK STORAGE COMPANY, LLC",Natural Gas,INTERSTATE,LOUISIANA,14.77,0,0,0,14.77,,,,14.78,0,0,,,,,14.77,0,0,0,14.77,,,,14.78,0,0,0,0,0,0,0,0,0,0,0,0,0,0,0,0,0,14.77,0,0,0,14.77
9/1/2026,2022,20230471,41874,39211,"RICHLAND STRYKER GENERATION, LLC",Natural Gas,INTRASTATE,OHIO,0.218,0,0.245,0,0.463,0.385,0,0,0.078,0,0,,,,,0.218,0,0.245,0,0.463,0.385,0,0,0.078,0,0,0,0,0,0,0,0,0,0,0,0,0,0,0,0,0,0.218,0,0.245,0,0.463
9/1/2026,2022,20231293,42756,39216,TALLGRASS MIDSTREAM LLC,Natural Gas,INTERSTATE,WYOMING,0,0,0,0,0,,,,,0,0,,,,,0,0,0,0,0,,,,,5.286,0,0,5.286,0,0,0,0,300.546,300.546,0,0,300.546,5.286,0,0,305.832,300.546,5.286,0,0,305.832
9/1/2026,2022,20230020,41403,39218,LEATHERSTOCKING GAS COMPANY,Natural Gas,INTRASTATE,PENNSYLVANIA,1.545,0,0,0,1.545,0,,,1.545,0,0,,,,,1.545,0,0,0,1.545,0,,,1.545,0,0,0,0,0,0,0,0,,,0,0,0,0,0,0,0,1.545,0,0,0,1.545
9/1/2026,2022,20230225,41616,39223,"NET MEXICO PIPELINE PARTNERS, LLC",Natural Gas,INTRASTATE,TEXAS,141.015,0.953,0,0,141.968,2.697,3.591,0,135.68,0,0,,,,,141.015,0.953,0,0,141.968,2.697,3.591,0,135.68,0,0,0,0,0,0,0,0,0,0,0,0,0,0,0,0,0,141.015,0.953,0,0,141.968
9/1/2026,2022,20230213,41603,39230,"BUFFCO PRODUCTION, INC.",Natural Gas,INTRASTATE,TEXAS,0,0,0,0,0,,,,,0,0,,,,,0,0,0,0,0,,,,,0,0,0,0,0,0.67,0,0.67,0,0,0,0,0,0,0.67,0,0.67,0,0,0.67,0,0.67
9/1/2026,2022,20231263,42725,39232,MATADOR PRODUCTION COMPANY,Natural Gas,INTRASTATE,LOUISIANA,0,0,0,0,0,,,,,0,0,,,,,0,0,0,0,0,,,,,0,1.66,0,1.66,0,0,0,0,0,0,0,0,0,0,1.66,0,1.66,0,0,1.66,0,1.66
9/1/2026,2022,20231263,42725,39232,MATADOR PRODUCTION COMPANY,Natural Gas,INTRASTATE,NEW MEXICO,0,0,0,0,0,,,,,0,0,,,,,0,0,0,0,0,,,,,0,0,0,0,0,0,0,0,13.36,13.36,0,0,13.36,0,0,0,13.36,13.36,0,0,0,13.36
9/1/2026,2022,20231263,42725,39232,MATADOR PRODUCTION COMPANY,Natural Gas,INTRASTATE,TEXAS,0,0,0,0,0,,,,,0,0,,,,,0,0,0,0,0,,,,,0,0,0,0,0,0,0,0,9.51,9.51,0,0,9.51,0,0,0,9.51,9.51,0,0,0,9.51
9/1/2026,2022,20230454,41855,39234,"UNITED GAS PIPELINE COMPANY, LLC",Natural Gas,INTRASTATE,WEST VIRGINIA,0,0,0,0,0,,,,,0,0,,,,,0,0,0,0,0,,,,,0,0,0,0,0.57,2.28,0,2.85,0,0,0,0,0,0.57,2.28,0,2.85,0,0.57,2.28,0,2.85
9/1/2026,2022,20230546,41954,39235,"AJAX PIPE LINE COMPANY, LLC",Natural Gas,INTRASTATE,WEST VIRGINIA,0,0,0,0,0,,,,,0,0,,,,,0,0,0,0,0,,,,,0,0,0,0,0,7.81,0,7.81,0,0,0,0,0,0,7.81,0,7.81,0,0,7.81,0,7.81
9/1/2026,2022,20230295,41688,39246,"VISTA ENERGY, INC.",Natural Gas,INTRASTATE,PENNSYLVANIA,0,0,0,0,0,,,,,0,0,,,,,0,0,0,0,0,,,,,0,0,0,0,7,0.66,0,7.66,0,0,0,0,0,7,0.66,0,7.66,0,7,0.66,0,7.66
9/1/2026,2022,20231004,42445,39248,"DIVIDE CREEK GATHERING SYSTEM, LLC",Natural Gas,INTRASTATE,COLORADO,4.01,0,0,0,4.01,,,,4.01,0,0,,,,,4.01,0,0,0,4.01,,,,4.01,0,0,0,0,0,0,0,0,2.549,2.549,0,0,2.549,0,0,0,2.549,6.559,0,0,0,6.559
9/1/2026,2022,20230740,42165,39249,"BRD ONE, LLC",Landfill Gas,INTRASTATE,NEBRASKA,0,0,3,0,3,,,3,,0,0,,,,,0,0,3,0,3,,,3,,0,0,0,0,0,0,0,0,0,0,0,0,0,0,0,0,0,0,0,3,0,3
9/1/2026,2022,20230017,41400,39250,AIX ENERGY LLC,Natural Gas,INTRASTATE,ALASKA,0,0.25,1.27,0,1.52,1.27,,,,0,0,,,,,0,0.25,1.27,0,1.52,1.27,,,,0,0,0,0,0,0,0,0,0,0,0,0,0,0,0,0,0,0,0.25,1.27,0,1.52
9/1/2026,2022,20230309,43059,39252,"FASKEN OIL AND RANCH, LTD.",Natural Gas,INTRASTATE,TEXAS,11,0,0,0,11,0,0,0,11,0,0,,,,,11,0,0,0,11,0,0,0,11,0,0,0,0,0,0,0,0,11.45,11.45,0,0,11.45,0,0,0,11.45,22.45,0,0,0,22.45
9/1/2026,2022,20230166,41553,39253,"CONSOLIDATED ASSET MANAGEMENT SERVICES (TX), LLC",Natural Gas,INTRASTATE,TEXAS,0,0,19.9,0,19.9,19.9,,,,0,0,,,,,0,0,19.9,0,19.9,19.9,,,,0,0,0,0,0,0,0,0,0,0,0,0,0,0,0,0,0,0,0,19.9,0,19.9
9/1/2026,2022,20230024,41407,39255,"ARSENAL MIDSTREAM, LLC",Natural Gas,INTRASTATE,WEST VIRGINIA,0,0,0,0,0,,,,,0,0,,,,,0,0,0,0,0,,,,,2.12,3.5,0,5.62,0,0,0,0,23.74,23.74,0,0,23.74,2.12,3.5,0,29.36,23.74,2.12,3.5,0,29.36
9/1/2026,2022,20230972,42862,39256,DIVERSIFIED PRODUCTION,Natural Gas,INTRASTATE,OHIO,0,0,0,0,0,0,0,0,0,,0,,,,,0,0,0,0,0,0,0,0,0,0,0,0,0,0.106,0,0,0.106,0.964,0.964,,0,0.964,0.106,0,0,1.07,0.964,0.106,0,0,1.07
9/1/2026,2022,20230972,42862,39256,DIVERSIFIED PRODUCTION,Natural Gas,INTRASTATE,PENNSYLVANIA,3.87,29.831,0,0,33.701,0,0,0,33.701,,0,,,,,3.87,29.831,0,0,33.701,0,0,0,33.701,0,0,0,0,1.84,0,0,1.84,0.982,0.982,,0,0.982,1.84,0,0,2.822,4.852,31.671,0,0,36.523
9/1/2026,2022,20230704,42125,39263,HAYNESVILLE GATHERING LP,Natural Gas,INTRASTATE,LOUISIANA,2.27,0,0,0,2.27,0,0,0,2.27,0,0,,,,,2.27,0,0,0,2.27,0,0,0,2.27,2.31,0,0,2.31,0,0,0,0,110.43,110.43,0,0,110.43,2.31,0,0,112.74,112.7,2.31,0,0,115.01
9/1/2026,2022,20230795,43018,39266,URBAN OIL & GAS GROUP,Natural Gas,INTRASTATE,ALABAMA,0,0,0,0,0,,,,,0,0,,,,,0,0,0,0,0,,,,,3.24,1.44,0,4.68,0,0,0,0,18.7,18.7,0,0,18.7,3.24,1.44,0,23.38,18.7,3.24,1.44,0,23.38
9/1/2026,2022,20230795,43018,39266,URBAN OIL & GAS GROUP,Natural Gas,INTRASTATE,TEXAS,0.15,0,0,0,0.15,,,,,0,0,,,,,0.15,0,0,0,0.15,,,,,1.33,1.15,0,2.48,0,0,0,0,0,0,0,0,0,1.33,1.15,0,2.48,0.15,1.33,1.15,0,2.63
9/1/2026,2022,20230795,43018,39266,URBAN OIL & GAS GROUP,Natural Gas,INTRASTATE,UTAH,7,0,0,0,7,,,,7,0,0,,,,,7,0,0,0,7,,,,7,0,0,0,0,0,0.11,0,0.11,0,0,0,0,0,0,0.11,0,0.11,7,0,0.11,0,7.11
9/1/2026,2022,20230883,42316,39267,"EAGLERIDGE OPERATING, LLC",Natural Gas,INTRASTATE,TEXAS,0.222,9.904,5.974,0,16.1,0,0,5.974,10.126,0,0,,,,,0.222,9.904,5.974,0,16.1,0,0,5.974,10.126,25.394,12.116,0,37.51,28.502,29.817,0,58.319,0,0,0,0,0,53.896,41.933,0,95.829,0.222,63.8,47.907,0,111.929
9/1/2026,2022,20230400,41799,39270,"COMMERCE MIDSTREAM, LLC",Natural Gas,INTRASTATE,TEXAS,0,0,12.841,0,12.841,12.841,0,0,0,0,0,,,,,0,0,12.841,0,12.841,12.841,0,0,0,0,0,0,0,0,0,0,0,0,0,0,0,0,0,0,0,0,0,0,12.841,0,12.841
9/1/2026,2022,20230431,41831,39271,EAGLECLAW MIDSTREAM VENTURES,Natural Gas,INTRASTATE,TEXAS,6.58,0.56,0,0,7.14,0,0,0,7.14,0,0,,,,,6.58,0.56,0,0,7.14,0,0,0,7.14,0,3.64,0,3.64,0,0,0,0,531.11,531.11,0,0,531.11,0,3.64,0,534.75,537.69,0.56,3.64,0,541.89
9/1/2026,2022,20231311,42774,39275,"WACKER POLYSILICON NORTH AMERICA, LLC",Other Gas-chlorine,INTRASTATE,TENNESSEE,0,0.84,0,0,0.84,,,,0.84,0,0,,,,,0,0.84,0,0,0.84,,,,0.84,0,0,0,0,0,0,0,0,0,0,0,0,0,0,0,0,0,0,0.84,0,0,0.84
9/1/2026,2022,20230600,42013,39276,OLIN CORPORATION,Other Gas-Chlorine,INTRASTATE,TENNESSEE,0,0.87,0,0,0.87,0.87,,,,0,0,,,,,0,0.87,0,0,0.87,0.87,,,,0,0,0,0,0,0,0,0,0,0,0,0,0,0,0,0,0,0,0.87,0,0,0.87
9/1/2026,2022,20230317,41710,39282,CRISP COUNTY POWER COMMISSION,Natural Gas,INTRASTATE,GEORGIA,0,0,13,0,13,,,13,,0,0,,,,,0,0,13,0,13,,,13,,0,0,0,0,0,0,0,0,0,0,0,0,0,0,0,0,0,0,0,13,0,13
9/1/2026,2022,20230412,41811,39293,DDS RENTALS LLC,Natural Gas,INTRASTATE,IOWA,7,0,0,0,7,,,,7,0,0,,,,,7,0,0,0,7,,,,7,0,0,0,0,0,0,0,0,0,0,0,0,0,0,0,0,0,7,0,0,0,7
9/1/2026,2022,20231070,42514,39303,"BASA RESOURCES, INC.",Natural Gas,INTRASTATE,TEXAS,0,0,0,0,0,,,,,0,0,,,,,0,0,0,0,0,,,,,0,0,0,0,4.09,4.58,0,8.67,0,0,0,0,0,4.09,4.58,0,8.67,0,4.09,4.58,0,8.67
9/1/2026,2022,20230032,41416,39304,"CAPITAL STAR OIL & GAS, INC.",Natural Gas,INTRASTATE,TEXAS,0,0,0,0,0,,,,,0,0,,,,,0,0,0,0,0,,,,,0,0,0,0,60.81,0.44,0,61.25,0,0,0,0,0,60.81,0.44,0,61.25,0,60.81,0.44,0,61.25
9/1/2026,2022,20241474,44971,39306,"HILLTOP RESORT GS, LLC",Natural Gas,INTRASTATE,TEXAS,0,0,0,0,0,,,,,0,0,,,,,0,0,0,0,0,,,,,0,2.52,0,2.52,0,0,0,0,13.57,13.57,0,0,13.57,0,2.52,0,16.09,13.57,0,2.52,0,16.09
9/1/2026,2022,20231325,42790,39312,"FREEDOM PIPELINE, LLC",Natural Gas,INTRASTATE,TEXAS,0,0,0,0,0,,,,,0,0,,,,,0,0,0,0,0,,,,,10.28,1.72,0,12,0,0,0,0,0,0,0,0,0,10.28,1.72,0,12,0,10.28,1.72,0,12
9/1/2026,2022,20230405,41804,39313,"MAVERICK TERMINAL THREE RIVERS, LLC",Natural Gas,INTRASTATE,TEXAS,0.6,0,0,0,0.6,,,,0.6,0,0,,,,,0.6,0,0,0,0.6,,,,0.6,0,0,0,0,0,0,0,0,0,0,0,0,0,0,0,0,0,0.6,0,0,0,0.6
9/1/2026,2022,20230095,41481,39316,"RENAISSANCE OFFSHORE, LLC",Natural Gas,INTERSTATE,LOUISIANA,0,0,0,0,0,0,,,,0,0,0,,,,0,0,0,0,0,0,,,,0,0,0,0,0,0,0,0,0,0,2.19,2.19,2.19,0,0,0,2.19,2.19,0,0,0,2.19
9/1/2026,2022,20231445,43485,39317,SCOUT ENERGY MANAGEMENT LLC,Natural Gas,INTRASTATE,KANSAS,1.5,0,0,0,1.5,,,,1.5,0,0,,,,,1.5,0,0,0,1.5,,,,1.5,0,0,0,0,0,0.9,0,0.9,119,119,0,0,119,0,0.9,0,119.9,120.5,0,0.9,0,121.4
9/1/2026,2022,20231445,43485,39317,SCOUT ENERGY MANAGEMENT LLC,Natural Gas,INTRASTATE,MONTANA,0,0,0,0,0,,,,,0,0,,,,,0,0,0,0,0,,,,,0,0,0,0,0,0,0,0,18.5,18.5,0,0,18.5,0,0,0,18.5,18.5,0,0,0,18.5
9/1/2026,2022,20231445,43485,39317,SCOUT ENERGY MANAGEMENT LLC,Natural Gas,INTRASTATE,OKLAHOMA,0,0,0,0,0,,,,,0,0,,,,,0,0,0,0,0,,,,,0,0,0,0,0,0,0,0,4.9,4.9,0,0,4.9,0,0,0,4.9,4.9,0,0,0,4.9
9/1/2026,2022,20231445,43485,39317,SCOUT ENERGY MANAGEMENT LLC,Natural Gas,INTRASTATE,TEXAS,0,0,0,0,0,0,0,0,0,0,0,,,,,0,0,0,0,0,0,0,0,0,0,0,0,0,0,0,0,0,4.59,4.59,0,0,4.59,0,0,0,4.59,4.59,0,0,0,4.59
9/1/2026,2022,20231445,43485,39317,SCOUT ENERGY MANAGEMENT LLC,Natural Gas,INTRASTATE,UTAH,0,0,0,0,0,,,,,0,0,,,,,0,0,0,0,0,,,,,0,0,0,0,0,0,0,0,8.7,8.7,0,0,8.7,0,0,0,8.7,8.7,0,0,0,8.7
9/1/2026,2022,20231050,42493,39320,CHISOS PIPELINE COMPANY LLC,Natural Gas,INTRASTATE,LOUISIANA,0,0,2.39,0,2.39,2.39,,,,0,0,,,,,0,0,2.39,0,2.39,2.39,,,,5.75,0,0,5.75,0,0,0,0,0,0,0,0,0,5.75,0,0,5.75,0,5.75,2.39,0,8.14
9/1/2026,2022,20230072,41457,39322,"COMPASS NATURAL GAS PARTNERS, LP",Natural Gas,INTRASTATE,PENNSYLVANIA,0.4,0,0,0,0.4,,,,0.4,0,0,,,,,0.4,0,0,0,0.4,,,,0.4,0,0,0,0,0,0,0,0,0,0,0,0,0,0,0,0,0,0.4,0,0,0,0.4
9/1/2026,2022,20230617,42030,39323,ELLWOOD REALTY ACQUISITION COMPANY (ERAC),Natural Gas,INTRASTATE,PENNSYLVANIA,7,2,3,0,12,3,,0,9,0,0,,,,,7,2,3,0,12,3,,0,9,0,0,0,0,0,0,0,0,0,0,0,0,0,0,0,0,0,7,2,3,0,12
9/1/2026,2022,20230987,42426,39324,"HEP PENNSYLVANIA GATHERING, LLC",Natural Gas,INTRASTATE,PENNSYLVANIA,0,0,0,0,0,,,,,0,0,,,,,0,0,0,0,0,,,,,3.21,0,0,3.21,0,0,0,0,77.17,77.17,0,0,77.17,3.21,0,0,80.38,77.17,3.21,0,0,80.38
9/1/2026,2022,20230913,43331,39325,"TALOS ENERGY, LLC",Natural Gas,INTERSTATE,OCS-Gulf of Mexico,0,0,0,0,0,,,,,0,0,,,,,0,0,0,0,0,,,,,0,0,0,0,0,0,0,0,0,0,25.27,25.27,25.27,0,0,0,25.27,25.27,0,0,0,25.27
9/1/2026,2022,20230741,42166,39337,"TRIBUNE RESOURCES, LLC",Natural Gas,INTRASTATE,WEST VIRGINIA,0,0,0,0,0,,,,,0,0,,,,,0,0,0,0,0,,,,,0,0,0,0,5,0,0,5,0,0,0,0,0,5,0,0,5,0,5,0,0,5
9/1/2026,2022,20230476,41879,39338,TESORO ALASKA COMPANY LLC,Natural Gas,INTRASTATE,ALASKA,0.2,0,0,0,0.2,0,0,0,0,0,0,,,,,0.2,0,0,0,0.2,0,0,0,0,0,0,0,0,0,0,0,0,0,0,0,0,0,0,0,0,0,0.2,0,0,0,0.2
9/1/2026,2022,20230090,41475,39343,SMELTER SERVICE CORP,Natural Gas,INTRASTATE,TENNESSEE,0.07,0,0,0,0.07,0.07,,,,0,0,,,,,0.07,0,0,0,0.07,0.07,,,,0,0,0,0,0,0,0,0,,,0,0,0,0,0,0,0,0.07,0,0,0,0.07
9/1/2026,2022,20231443,43006,39345,COBRA OIL & GAS CORP.,Natural Gas,INTRASTATE,MICHIGAN,2.15,0,0,0,2.15,0,0,0,2.15,0,0,,,,,2.15,0,0,0,2.15,0,0,0,2.15,0,0,0,0,0,0,0,0,0,0,0,0,0,0,0,0,0,2.15,0,0,0,2.15
9/1/2026,2022,20230450,41851,39352,"GENESIS OFFSHORE HOLDINGS, LLC",Natural Gas,INTERSTATE,OCS-Gulf of Mexico,0,0,0,0,0,,,,,1.5,1.5,0,0,0,1.5,1.5,0,0,0,1.5,0,0,0,1.5,0,0,0,0,0,0,0,0,0,0,558.67,558.67,558.67,0,0,0,558.67,560.17,0,0,0,560.17
9/1/2026,2022,20230275,41668,39354,ENBRIDGE OFFSHORE FACILITIES,Natural Gas,INTERSTATE,OCS-Gulf of Mexico,0,0,0,0,0,,,,,0,0,,,,,0,0,0,0,0,,,,,0,0,0,0,0,0,0,0,0,0,260.7,260.7,260.7,0,0,0,260.7,260.7,0,0,0,260.7
9/1/2026,2022,20230700,42121,39356,AETHON ENERGY OPERATING LLC,Natural Gas,INTRASTATE,TEXAS,0.24,0,0,0,0.24,0,,,,0,0,,,,,0.24,0,0,0,0.24,0,,,,2.65,0,0,2.65,0,0,0,0,32.55,32.55,0,0,32.55,2.65,0,0,35.2,32.79,2.65,0,0,35.44
9/1/2026,2022,20230162,41549,39357,"WEST THOMAS FIELD SERVICES, LLC",Natural Gas,INTRASTATE,OKLAHOMA,0.75,0,0,0,0.75,0,0,0,0.75,0,0,,,,,0.75,0,0,0,0.75,0,0,0,0.75,0,0,0,0,0,0,0,0,,,0,0,0,0,0,0,0,0.75,0,0,0,0.75
9/1/2026,2022,20231165,42617,39361,"UNIVERSITY OF ARKANSAS, FAYETTEVILLE",Natural Gas,INTRASTATE,ARKANSAS,0,0,0,1.07,1.07,1.07,,,,0,0,,,,,0,0,0,1.07,1.07,1.07,,,,0,0,0,0,0,0,0,0,0,0,0,0,0,0,0,0,0,0,0,0,1.07,1.07
9/1/2026,2022,20231019,42460,39368,CRESTWOOD MIDSTREAM PARTNERS LP,Natural Gas,INTRASTATE,NEW MEXICO,0,0.74,0,0,0.74,0,0,0,0.741,0,0,,,,,0,0.74,0,0,0.74,0,0,0,0.741,0,0,0,0,1.767,0,0,1.767,122.31,122.31,0,0,122.31,1.767,0,0,124.077,122.31,2.507,0,0,124.817
9/1/2026,2022,20231019,42460,39368,CRESTWOOD MIDSTREAM PARTNERS LP,Natural Gas,INTRASTATE,NORTH DAKOTA,2.78,0,0,0,2.78,0,0,0,2.78,0,0,,,,,2.78,0,0,0,2.78,0,0,0,2.78,0,0,0,0,4.63,0,0,4.63,249.98,249.98,0,0,249.98,4.63,0,0,254.61,252.76,4.63,0,0,257.39
9/1/2026,2022,20231019,42460,39368,CRESTWOOD MIDSTREAM PARTNERS LP,Natural Gas,INTRASTATE,TEXAS,2.37,0,0,0,2.37,0,0,0,2.37,0,0,,,,,2.37,0,0,0,2.37,0,0,0,2.37,0,0,0,0,0,0,0,0,188.91,188.91,0,0,188.91,0,0,0,188.91,191.28,0,0,0,191.28
9/1/2026,2022,20231019,42460,39368,CRESTWOOD MIDSTREAM PARTNERS LP,Natural Gas,INTRASTATE,WYOMING,0,0,0,0,0,0,0,0,0,0,0,,,,,0,0,0,0,0,0,0,0,0,4.307,0,0,4.307,0,0,0,0,327.56,327.56,0,0,327.56,4.307,0,0,331.867,327.56,4.307,0,0,331.867
9/1/2026,2022,20230248,41640,39370,"NORTHWEST GAS PROCESSING, LLC",Natural Gas,INTRASTATE,IDAHO,0,0,0,0,0,,,,,0,0,,,,,0,0,0,0,0,,,,,2.89,0,0,2.89,0,0,0,0,17.21,17.21,0,0,17.21,2.89,0,0,20.1,17.21,2.89,0,0,20.1
9/1/2026,2022,20230447,41848,39372,"BLACK HILLS SHOSHONE PIPELINE, LLC",Natural Gas,INTERSTATE,MONTANA,9.48,0,0,0,9.48,0,,,9.48,0,0,,,,,9.48,0,0,0,9.48,0,,,9.48,0,0,0,0,0,0,0,0,,,0,0,0,0,0,0,0,9.48,0,0,0,9.48
9/1/2026,2022,20230447,41848,39372,"BLACK HILLS SHOSHONE PIPELINE, LLC",Natural Gas,INTERSTATE,WYOMING,19.56,0,0,0,19.56,0,,,19.56,0,0,,,,,19.56,0,0,0,19.56,0,,,19.56,0,0,0,0,0,0,0,0,0,0,0,0,0,0,0,0,0,19.56,0,0,0,19.56
9/1/2026,2022,20230190,41578,39375,WOODWAY TEXAS PIPELINE LLC,Natural Gas,INTRASTATE,TEXAS,8.177,0,1.929,0,10.106,1.929,0,0,8.177,0,0,,,,,8.177,0,1.929,0,10.106,1.929,0,0,8.177,0,0,0,0,0,0,0,0,0,0,0,0,0,0,0,0,0,8.177,0,1.929,0,10.106
9/1/2026,2022,20230518,41924,39376,"BLUE CUBE OPERATIONS, LLC.",Hydrogen Gas,INTRASTATE,TEXAS,2.506,0.693,1.926,0,5.125,1.926,,0,3.199,0,0,,,,,2.506,0.693,1.926,0,5.125,1.926,,0,3.199,0,0,0,0,0,0,0,0,0,0,0,0,0,0,0,0,0,2.506,0.693,1.926,0,5.125
9/1/2026,2022,20230512,41918,39376,"BLUE CUBE OPERATIONS, LLC.",Other Gas-Anhydrous Hydrogen Chloride,INTRASTATE,TEXAS,4.808,1.385,0.115,0,6.308,6.308,,,,0,0,,,,,4.808,1.385,0.115,0,6.308,6.308,,,,0,0,0,0,0,0,0,0,0,0,0,0,0,0,0,0,0,4.808,1.385,0.115,0,6.308
9/1/2026,2022,20230501,41907,39376,"BLUE CUBE OPERATIONS, LLC.",Other Gas-Chlorine,INTRASTATE,TEXAS,6.016,2.315,3.985,0,12.316,12.316,,,,0,0,,,,,6.016,2.315,3.985,0,12.316,12.316,,,,0,0,0,0,0,0,0,0,0,0,0,0,0,0,0,0,0,6.016,2.315,3.985,0,12.316
9/1/2026,2022,20230146,41533,39383,INDECK ENERGY SERVICES OF SILVER SPRINGS,Natural Gas,INTRASTATE,NEW YORK,0.4,0,0,0,0.4,,,,0.4,0,0,,,,,0.4,0,0,0,0.4,,,,0.4,0,0,0,0,0,0,0,0,0,0,0,0,0,0,0,0,0,0.4,0,0,0,0.4
9/1/2026,2022,20230800,42228,39394,UTILITY SAFETY AND DESIGN INC,Natural Gas,INTERSTATE,ALABAMA,1.2,0,0,0,1.2,0,,,1.2,0,0,,,,,1.2,0,0,0,1.2,0,,,1.2,0,0,0,0,0,0,0,0,0,0,0,0,0,0,0,0,0,1.2,0,0,0,1.2
9/1/2026,2022,20230800,42228,39394,UTILITY SAFETY AND DESIGN INC,Natural Gas,INTERSTATE,TENNESSEE,13.039,0,1.261,0,14.3,1.129,0.033,0.132,13.006,0,0,,,,,13.039,0,1.261,0,14.3,1.129,0.033,0.132,13.006,0,0,0,0,0,0,0,0,0,0,0,0,0,0,0,0,0,13.039,0,1.261,0,14.3
9/1/2026,2022,20230100,41486,39396,MINNESOTA POWER LASKIN ENERGY CENTER,Natural Gas,INTRASTATE,MINNESOTA,1.08,0,0,0,1.08,,,,1.08,0,0,,,,,1.08,0,0,0,1.08,,,,1.08,0,0,0,0,0,0,0,0,,,0,0,0,0,0,0,0,1.08,0,0,0,1.08
9/1/2026,2022,20230569,41978,39398,INEOS USA LLC,Hydrogen Gas,INTRASTATE,TEXAS,20.45,0,0.82,0,21.27,0,21.27,,,0,0,,,,,20.45,0,0.82,0,21.27,0,21.27,,,0,0,0,0,0,0,0,0,0,0,0,0,0,0,0,0,0,20.45,0,0.82,0,21.27
9/1/2026,2022,20230572,41981,39398,INEOS USA LLC,Natural Gas,INTRASTATE,TEXAS,2.41,0,0.21,0,2.62,0.35,2.27,,,0,0,,,,,2.41,0,0.21,0,2.62,0.35,2.27,,,0,0,0,0,0,0,0,0,0,0,0,0,0,0,0,0,0,2.41,0,0.21,0,2.62
9/1/2026,2022,20231386,42878,39401,GREAT SALT PLAINS PIPELINE LLC,Natural Gas,INTRASTATE,OKLAHOMA,0,0,0,0,0,,,,,0,0,,,,,0,0,0,0,0,,,,,0,0,0,0,0,0,0,0,103.15,103.15,0,0,103.15,0,0,0,103.15,103.15,0,0,0,103.15
9/1/2026,2022,20230654,42072,39406,MISSISSIPPI NATURAL INC.,Natural Gas,INTRASTATE,MISSISSIPPI,1.85,4.643,0,0,6.493,,,,6.493,0,0,,,,,1.85,4.643,0,0,6.493,,,,6.493,0,0,0,0,0,0,0,0,0,0,0,0,0,0,0,0,0,1.85,4.643,0,0,6.493
9/1/2026,2022,20231344,43139,39413,"XTR MIDSTREAM, LLC",Natural Gas,INTRASTATE,COLORADO,0,0,0,0,0,,,,,0,0,,,,,0,0,0,0,0,,,,,0,0,0,0,3.8,6.43,0.59,10.82,0,0,0,0,0,3.8,6.43,0.59,10.82,0,3.8,6.43,0.59,10.82
9/1/2026,2022,20230229,41620,39420,"FLORIDA SOUTHEAST CONNECTION, LLC",Natural Gas,INTERSTATE,FLORIDA,136.288,18.69,17.45,0,172.428,26.608,46.895,0.426,98.499,0,0,,,,,136.288,18.69,17.45,0,172.428,26.608,46.895,0.426,98.499,0,0,0,0,0,0,0,0,0,0,0,0,0,0,0,0,0,136.288,18.69,17.45,0,172.428
9/1/2026,2022,20230079,43143,39428,GEOPETRO LLC,Natural Gas,INTRASTATE,PENNSYLVANIA,0,0,0,0,0,,,,,0,0,,,,,0,0,0,0,0,,,,,0,0,0,0,0,0,0,0,0.76,0.76,0,0,0.76,0,0,0,0.76,0.76,0,0,0,0.76
9/1/2026,2022,20230716,42137,39429,CHENIERE CORPUS CHRISTI PIPELINE,Natural Gas,INTERSTATE,TEXAS,24.98,0.79,0,0,25.77,1.16,,,24.61,0,0,,,,,24.98,0.79,0,0,25.77,1.16,,,24.61,0,0,0,0,0,0,0,0,0,0,0,0,0,0,0,0,0,24.98,0.79,0,0,25.77
9/1/2026,2022,20230381,41778,39435,"IMPULSORA PIPELINE, LLC",Natural Gas,INTRASTATE,TEXAS,19.1,0,0,0,19.1,,0.76,,18.34,0,0,,,,,19.1,0,0,0,19.1,,0.76,,18.34,0,0,0,0,0,0,0,0,0,0,0,0,0,0,0,0,0,19.1,0,0,0,19.1
9/1/2026,2022,20230227,41618,39437,"RED GATE PIPELINE, LP",Natural Gas,INTRASTATE,TEXAS,25.53,0,0,0,25.53,0,0,0,25.53,0,0,,,,,25.53,0,0,0,25.53,0,0,0,25.53,0,0,0,0,0,0,0,0,0,0,0,0,0,0,0,0,0,25.53,0,0,0,25.53
9/1/2026,2022,20230409,41808,39439,"VALLEY LFG, LLC",Other Gas-Processed Landfill Gas,INTRASTATE,PENNSYLVANIA,1.5,0,0,0,1.5,,,,1.5,0,0,,,,,1.5,0,0,0,1.5,,,,1.5,0,0,0,0,0,0,0,0,0,0,0,0,0,0,0,0,0,1.5,0,0,0,1.5
9/1/2026,2022,20230285,41678,39447,GENESIS ALKALI LLC,Natural Gas,INTRASTATE,WYOMING,14,0,0,0,14,,,,14,0,0,,,,,14,0,0,0,14,,,,14,0,0,0,0,0,0,0,0,0,0,0,0,0,0,0,0,0,14,0,0,0,14
9/1/2026,2022,20230393,41792,39451,WEYERHAEUSER,Natural Gas,INTRASTATE,LOUISIANA,2,0,0,0,2,0,,,2,0,0,,,,,2,0,0,0,2,0,,,2,0,0,0,0,0,0,0,0,0,0,0,0,0,0,0,0,0,2,0,0,0,2
9/1/2026,2022,20231439,42987,39453,"STABILIS LNG PORT ALLEN, LLC",Natural Gas,INTRASTATE,LOUISIANA,0.55,0,0,0,0.55,,,,0.55,0,0,,,,,0.55,0,0,0,0.55,,,,0.55,0,0,0,0,0,0,0,0,0,0,0,0,0,0,0,0,0,0.55,0,0,0,0.55
9/1/2026,2022,20230269,41662,39458,BRUNNER ISLAND LLC,Natural Gas,INTRASTATE,PENNSYLVANIA,2,1.7,0,0,3.7,0,0.4,,3.3,0,0,,,,,2,1.7,0,0,3.7,0,0.4,,3.3,0,0,0,0,0,0,0,0,0,0,0,0,0,0,0,0,0,2,1.7,0,0,3.7
9/1/2026,2022,20230115,41502,39461,EL DORADO CHEMICAL,Natural Gas,INTRASTATE,ARKANSAS,5.95,0,0,0,5.95,0,0,0,5.95,0,0,,,,,5.95,0,0,0,5.95,0,0,0,5.95,0,0,0,0,0,0,0,0,,,0,0,0,0,0,0,0,5.95,0,0,0,5.95
9/1/2026,2022,20230434,41834,39463,"EDINBURG RENEWABLES, LLC",Natural Gas,INTRASTATE,TEXAS,1.75,0,0,0,1.75,,,,1.75,0,0,,,,,1.75,0,0,0,1.75,,,,1.75,0,0,0,0,0,0,0,0,0,0,0,0,0,0,0,0,0,1.75,0,0,0,1.75
9/1/2026,2022,20230118,41505,39464,MIDWEST GENERATION LLC,Natural Gas,INTRASTATE,ILLINOIS,3.14,0,0.33,0,3.47,0.33,0,0,3.14,0,0,,,,,3.14,0,0.33,0,3.47,0.33,0,0,3.14,0,0,0,0,0,0,0,0,,,0,0,0,0,0,0,0,3.14,0,0.33,0,3.47
9/1/2026,2022,20231044,42487,39465,GUARDIAN LIMA,Natural Gas,INTRASTATE,OHIO,0.6,0,0,0,0.6,0,0,0,0.6,0,0,,,,,0.6,0,0,0,0.6,0,0,0,0.6,0,0,0,0,0,0,0,0,0,0,0,0,0,0,0,0,0,0.6,0,0,0,0.6
9/1/2026,2022,20230720,42141,39468,"NUENERGY OPERATING, INC.",Natural Gas,INTRASTATE,MICHIGAN,0,0,0,0,0,,,,,0,0,,,,,0,0,0,0,0,,,,,0.5,0,0,0.5,0,0,0,0,0,0,0,0,0,0.5,0,0,0.5,0,0.5,0,0,0.5
9/1/2026,2022,20230058,41443,39469,MUSKEGON COUNTY SOLID WASTE MANAGEMENT SYSTEM,Landfill Gas,INTRASTATE,MICHIGAN,1.727,3.064,2.573,0,7.364,7.364,,,,0,0,,,,,1.727,3.064,2.573,0,7.364,7.364,,,,0,0,0,0,0,0,0,0,0,0,0,0,0,0,0,0,0,1.727,3.064,2.573,0,7.364
9/1/2026,2022,20230548,41956,39470,LOUISIANA ENERGY AND POWER AUTHORITY,Natural Gas,INTRASTATE,LOUISIANA,0.9,0.45,0,0,1.35,0.17,,,1.19,0,0,,,,,0.9,0.45,0,0,1.35,0.17,,,1.19,0,0,0,0,0,0,0,0,0,0,0,0,0,0,0,0,0,0.9,0.45,0,0,1.35
9/1/2026,2022,20230455,41856,39473,COWBOY PIPELINE OPERATORS LLC,Natural Gas,INTRASTATE,TEXAS,0,0,0.8,0,0.8,0,,0.8,,0,0,,,,,0,0,0.8,0,0.8,0,,0.8,,0,0,0,0,0,0,0,0,0,0,0,0,0,0,0,0,0,0,0,0.8,0,0.8
9/1/2026,2022,20230178,41565,39475,LION ELASTOMERS LLC.,Natural Gas,INTRASTATE,TEXAS,0,0,0.73,0,0.73,0.73,,,,0,0,,,,,0,0,0.73,0,0.73,0.73,,,,0,0,0,0,0,0,0,0,0,0,0,0,0,0,0,0,0,0,0,0.73,0,0.73
9/1/2026,2022,20230644,42928,39476,"BRAZOS MIDSTREAM OPERATING, LLC",Natural Gas,INTRASTATE,TEXAS,4.96,0,0,0,4.96,0,0,0,4.96,0,0,,,,,4.96,0,0,0,4.96,0,0,0,4.96,0.369,0,0,0.369,0,1.248,0,1.248,161.548,161.548,0,0,161.548,0.369,1.248,0,163.165,166.508,0.369,1.248,0,168.125
9/1/2026,2022,20230138,41525,39480,BLUEFIN RESOURCES LLC,Natural Gas,INTRASTATE,TEXAS,3.15,0,0,0,3.15,0,0,0,3.15,0,0,,,,,3.15,0,0,0,3.15,0,0,0,3.15,0,0,0,0,0,0,0,0,,,0,0,0,0,0,0,0,3.15,0,0,0,3.15
9/1/2026,2022,20231076,43070,39491,EQT PRODUCTION,Natural Gas,INTRASTATE,PENNSYLVANIA,10.11,0.27,0.94,0,11.32,0.5,0,0.94,9.88,,0,,,,,10.11,0.27,0.94,0,11.32,0.5,0,0.94,9.88,12.1,0,0,12.1,0,0,0,0,106.1,106.1,,0,106.1,12.1,0,0,118.2,116.21,12.37,0.94,0,129.52
9/1/2026,2022,20231076,43070,39491,EQT PRODUCTION,Natural Gas,INTRASTATE,WEST VIRGINIA,0,0,0,0,0,0,0,0,0,,0,,,,,0,0,0,0,0,0,0,0,0,0,0,0,0,0,0,0,0,43.9,43.9,,0,43.9,0,0,0,43.9,43.9,0,0,0,43.9
9/1/2026,2022,20230252,41644,39494,"COFFEYVILLE RESOURCES REFINING AND MARKETING, LLC",Natural Gas,INTRASTATE,KANSAS,7.1,0,0,0,7.1,0,,,7.1,0,0,,,,,7.1,0,0,0,7.1,0,,,7.1,0,0,0,0,0,0,0,0,,,0,0,0,0,0,0,0,7.1,0,0,0,7.1
9/1/2026,2022,20230752,42177,39496,"ETHOS POWER PLANT SERVICES, LLC",Natural Gas,INTRASTATE,OHIO,0.5,0,0,0,0.5,0,0,0,0.5,0,0,,,,,0.5,0,0,0,0.5,0,0,0,0.5,0,0,0,0,0,0,0,0,0,0,0,0,0,0,0,0,0,0.5,0,0,0,0.5
9/1/2026,2022,20230066,41451,39497,MATRIX OIL CORP,Natural Gas,INTRASTATE,CALIFORNIA,0,0,0,0,0,,,,,0,0,,,,,0,0,0,0,0,,,,,0,0,0,0,0,0.46,0,0.46,0,0,0,0,0,0,0.46,0,0.46,0,0,0.46,0,0.46
9/1/2026,2022,20230491,41896,39498,COX OPERATING LLC,Natural Gas,INTERSTATE,LOUISIANA,0,0,0,0,0,,,,,0,0,,,,,0,0,0,0,0,,,,,1.1,0,0,1.1,0,0,0,0,0,0,33.61,33.61,33.61,1.1,0,0,34.71,33.61,1.1,0,0,34.71
9/1/2026,2022,20230491,41896,39498,COX OPERATING LLC,Natural Gas,INTERSTATE,OCS-Gulf of Mexico,0,0,0,0,0,,,,,0,0,,,,,0,0,0,0,0,,,,,0,0,0,0,0,0,0,0,,,51.28,51.28,51.28,0,0,0,51.28,51.28,0,0,0,51.28
9/1/2026,2022,20230491,41896,39498,COX OPERATING LLC,Natural Gas,INTRASTATE,TEXAS,0,0,0,0,0,,,,,0,0,,,,,0,0,0,0,0,,,,,0,0,0,0,0,0,0,0,,,1.4,1.4,1.4,0,0,0,1.4,1.4,0,0,0,1.4
9/1/2026,2022,20230437,42970,39502,"BRAZORIA INTERCONNECTOR GAS PIPELINE, LLC.",Natural Gas,INTRASTATE,TEXAS,27.62,2.07,1.5,0,31.19,8.82,7.82,0,14.55,0,0,,,,,27.62,2.07,1.5,0,31.19,8.82,7.82,0,14.55,0,0,0,0,0,0,0,0,0,0,0,0,0,0,0,0,0,27.62,2.07,1.5,0,31.19
9/1/2026,2022,20230705,42126,39508,AETHON UNITED PIPELINE LP,Natural Gas,INTRASTATE,LOUISIANA,13.16,0,2.88,0,16.04,0,2.57,0.31,13.16,0,0,,,,,13.16,0,2.88,0,16.04,0,2.57,0.31,13.16,3.14,18.28,0,21.42,0,0,0,0,5.08,5.08,0,0,5.08,3.14,18.28,0,26.5,18.24,3.14,21.16,0,42.54
9/1/2026,2022,20230423,41822,39511,CR PERMIAN PROCESSING LLC,Natural Gas,INTRASTATE,TEXAS,0,0,0,0,0,,,,,0,0,,,,,0,0,0,0,0,,,,,0,0,0,0,0,0,0,0,174.11,174.11,0,0,174.11,0,0,0,174.11,174.11,0,0,0,174.11
9/1/2026,2022,20230099,41485,39519,KINETICA DEEPWATER EXPRESS LLC,Natural Gas,INTERSTATE,LOUISIANA,46.22,0,0.89,0,47.11,0.34,0.08,0.48,46.21,10.1,10.1,,,,10.1,56.32,0,0.89,0,57.21,0.34,0.08,0.48,56.31,0,0,0,0,0,0,0,0,0,0,0,0,0,0,0,0,0,56.32,0,0.89,0,57.21
9/1/2026,2022,20230099,41485,39519,KINETICA DEEPWATER EXPRESS LLC,Natural Gas,INTERSTATE,OCS-Gulf of Mexico,0,0,0,0,0,,,,,140.13,140.13,,,,140.13,140.13,0,0,0,140.13,,,,140.13,0,0,0,0,0,0,0,0,0,0,211.83,211.83,211.83,0,0,0,211.83,351.96,0,0,0,351.96
9/1/2026,2022,20230415,41814,39520,DELFIN OFFSHORE PIPELINE LLC,Natural Gas,INTERSTATE,LOUISIANA,1.12,0,0,0,1.12,0,,,1.12,3.47,3.47,0,,,3.47,4.59,0,0,0,4.59,0,,,4.59,0,0,0,0,0,0,0,0,0,0,0,0,0,0,0,0,0,4.59,0,0,0,4.59
9/1/2026,2022,20230415,41814,39520,DELFIN OFFSHORE PIPELINE LLC,Natural Gas,INTERSTATE,OCS-Gulf of Mexico,0,0,0,0,0,,,,,24.94,24.94,,24.94,,,24.94,0,0,0,24.94,,24.94,,,0,0,0,0,0,0,0,0,,,0,0,0,0,0,0,0,24.94,0,0,0,24.94
9/1/2026,2022,20230264,41657,39536,"EMPIRE MINING CO, LLC",Natural Gas,INTRASTATE,NEVADA,38.3,0,0,0,38.3,,,,38.3,0,0,,,,,38.3,0,0,0,38.3,,,,38.3,0,0,0,0,0,0,0,0,0,0,0,0,0,0,0,0,0,38.3,0,0,0,38.3
9/1/2026,2022,20230125,41512,39541,"BAYONNE ENERGY CENTER, LLC",Natural Gas,INTRASTATE,NEW JERSEY,0.12,0,1.38,0,1.5,0.97,0.38,0.15,0,0,0,,,,,0.12,0,1.38,0,1.5,0.97,0.38,0.15,0,0,0,0,0,0,0,0,0,0,0,0,0,0,0,0,0,0,0.12,0,1.38,0,1.5
9/1/2026,2022,20230877,42993,39542,COLUMBIA GULF TRANSMISSION LLC – CARTER CREEK FACILITIES,Natural Gas,INTERSTATE,WYOMING,10.198,0,0,0,10.198,0,0,0,10.199,0,0,,,,,10.198,0,0,0,10.198,0,0,0,10.199,0,0,0,0,0,0,0,0,0,0,0,0,0,0,0,0,0,10.198,0,0,0,10.198
9/1/2026,2022,20231162,42614,39543,"RIVERSIDE ENERGY MICHIGAN, LLC",Natural Gas,INTRASTATE,MICHIGAN,57.93,21.3,6.27,2.1,87.6,1.77,0,6.6,79.23,0,0,,,,,57.93,21.3,6.27,2.1,87.6,1.77,0,6.6,79.23,113.86,7.13,0,120.99,0,0,0,0,14.56,14.56,0,0,14.56,113.86,7.13,0,135.55,72.49,135.16,13.4,2.1,223.15
9/1/2026,2022,20230425,41824,39545,IMG ENERGY SERVICES,Natural Gas,INTRASTATE,PENNSYLVANIA,2.2,0,0,0,2.2,0,,,2.2,0,0,,,,,2.2,0,0,0,2.2,0,,,2.2,0,0,0,0,0,0,0,0,0,0,0,0,0,0,0,0,0,2.2,0,0,0,2.2
9/1/2026,2022,20230968,42404,39553,"ROESLEIN ALTERNATIVE ENERGY SERVICES, LLC",Landfill Gas,INTRASTATE,MISSOURI,25.84,0,0,0,25.84,,,,25.84,0,0,,,,,25.84,0,0,0,25.84,,,,25.84,0,0,0,0,0,0,0,0,0,0,0,0,0,0,0,0,0,25.84,0,0,0,25.84
9/1/2026,2022,20231197,42967,39555,BROOKSTON ENERGY INC,Natural Gas,INTRASTATE,TEXAS,0,0,0,0,0,,,,,0,0,,,,,0,0,0,0,0,,,,,1.698,5.188,0,6.886,18.033,0,0,18.033,,,0,0,0,19.731,5.188,0,24.919,0,19.731,5.188,0,24.919
9/1/2026,2022,20230337,41732,39557,"MOSTOLLER LANDFILL, INC.",Landfill Gas,INTRASTATE,PENNSYLVANIA,0,0,0,0,0,,,,,0,0,,,,,0,0,0,0,0,,,,,0,0,0,0,0,0.8,0,0.8,0,0,0,0,0,0,0.8,0,0.8,0,0,0.8,0,0.8
9/1/2026,2022,20230151,41538,39562,"SECO PIPELINE, LLC",Natural Gas,INTRASTATE,TEXAS,29.81,0,0,0,29.81,0,0,0,29.81,0,0,,,,,29.81,0,0,0,29.81,0,0,0,29.81,0,0,0,0,0,0,0,0,,,0,0,0,0,0,0,0,29.81,0,0,0,29.81
9/1/2026,2022,20230265,41658,39564,"APPALACHIAN ENERGY, INC",Natural Gas,INTRASTATE,VIRGINIA,0,0,0,0,0,,,,,0,0,,,,,0,0,0,0,0,,,,,0,0,0,0,0,0.4,0,0.4,0,0,0,0,0,0,0.4,0,0.4,0,0,0.4,0,0.4
9/1/2026,2022,20251459,46890,39565,TORRENT OIL LLC,Natural Gas,INTRASTATE,TEXAS,0,0,0,0,0,,,,,0,0,,,,,0,0,0,0,0,,,,,0,3.27,0,3.27,0,0,0,0,,,15.54,15.54,15.54,0,3.27,0,18.81,15.54,0,3.27,0,18.81
9/1/2026,2022,20230936,42370,39566,TARGA NORTHERN DELAWARE LLC,Natural Gas,INTRASTATE,NEW MEXICO,12.76,0,0,0,12.76,0,0,0,12.76,0,0,,,,,12.76,0,0,0,12.76,0,0,0,12.76,0,1.29,0,1.29,0,0,0,0,285.68,285.68,0,0,285.68,0,1.29,0,286.97,298.44,0,1.29,0,299.73
9/1/2026,2022,20230936,42370,39566,TARGA NORTHERN DELAWARE LLC,Natural Gas,INTRASTATE,TEXAS,0,0,0,0,0,,,,,0,0,,,,,0,0,0,0,0,,,,,0,0,0,0,0,0,0,0,2.55,2.55,0,0,2.55,0,0,0,2.55,2.55,0,0,0,2.55
9/1/2026,2022,20230813,46744,39567,"UPP OPERATING, LLC",Natural Gas,INTRASTATE,TEXAS,0.64,6.27,4.57,0,11.48,4.57,,,6.91,0,0,,,,,0.64,6.27,4.57,0,11.48,4.57,,,6.91,38.16,42.83,0,80.99,10.02,7.42,0,17.44,62.36,62.36,0,0,62.36,48.18,50.25,0,160.79,63,54.45,54.82,0,172.27
9/1/2026,2022,20230018,41401,39568,GREENIDGE PIPELINE LLC,Natural Gas,INTRASTATE,NEW YORK,4.7,0,0,0,4.7,,,,4.7,0,0,,,,,4.7,0,0,0,4.7,,,,4.7,0,0,0,0,0,0,0,0,0,0,0,0,0,0,0,0,0,4.7,0,0,0,4.7
9/1/2026,2022,20231130,42581,39569,EAGLE OIL AND GAS CO.,Natural Gas,INTRASTATE,TEXAS,0,0,0,0,0,,,,,0,0,,,,,0,0,0,0,0,,,,,7.99,0.82,0,8.81,0,0,0,0,11.33,11.33,0,0,11.33,7.99,0.82,0,20.14,11.33,7.99,0.82,0,20.14
9/1/2026,2022,20230803,46755,39572,"WWM OPERATING, LLC",Natural Gas,INTERSTATE,NEW MEXICO,19.46,0,0,0,19.46,0,0,0,19.46,0,0,,,,,19.46,0,0,0,19.46,0,0,0,19.46,0,0,0,0,0,0,0,0,0,0,0,0,0,0,0,0,0,19.46,0,0,0,19.46
9/1/2026,2022,20230803,46755,39572,"WWM OPERATING, LLC",Natural Gas,INTERSTATE,TEXAS,3.8,0,0,0,3.8,,,,3.8,0,0,,,,,3.8,0,0,0,3.8,,,,3.8,0,0,0,0,0,0,0,0,0,0,0,0,0,0,0,0,0,3.8,0,0,0,3.8
9/1/2026,2022,20230803,46755,39572,"WWM OPERATING, LLC",Natural Gas,INTRASTATE,TEXAS,790.96,0,0,0,790.96,1.53,10.423,,779,0,0,,,,,790.96,0,0,0,790.96,1.53,10.423,,779,0,0,0,0,0,0,0,0,0,0,0,0,0,0,0,0,0,790.96,0,0,0,790.96
9/1/2026,2022,20231270,42732,39574,PINE RUN MIDSTREAM,Natural Gas,INTRASTATE,PENNSYLVANIA,0,0,0,0,0,,,,,0,0,,,,,0,0,0,0,0,,,,,16.545,0,0,16.545,0,0,0,0,27.275,27.275,0,0,27.275,16.545,0,0,43.82,27.275,16.545,0,0,43.82
9/1/2026,2022,20230967,42403,39576,"ORX RESOURCES,L.L.C.",Natural Gas,INTRASTATE,LOUISIANA,3.45,0.67,0,0,4.12,,3.09,,1.03,0,0,,,,,3.45,0.67,0,0,4.12,,3.09,,1.03,1.5,0,0,1.5,0,0,0,0,8.02,8.02,0,0,8.02,1.5,0,0,9.52,11.47,2.17,0,0,13.64
9/1/2026,2022,20230967,42403,39576,"ORX RESOURCES,L.L.C.",Natural Gas,INTRASTATE,TEXAS,2.48,0,0,0,2.48,,,,2.48,0,0,,,,,2.48,0,0,0,2.48,,,,2.48,0,3.32,0,3.32,0,0,0,0,0,0,0,0,0,0,3.32,0,3.32,2.48,0,3.32,0,5.8
9/1/2026,2022,20231169,42622,39577,"NFG MIDSTREAM WELLSBORO, LLC",Natural Gas,INTRASTATE,PENNSYLVANIA,0.62,0,0,0,0.62,0,,0,0.62,0,0,,,,,0.62,0,0,0,0.62,0,,0,0.62,0,0,0,0,0,0,0,0,3.61,3.61,0,0,3.61,0,0,0,3.61,4.23,0,0,0,4.23
9/1/2026,2022,20230932,42365,39578,"OKEANOS GAS GATHERING COMPANY, LLC",Natural Gas,INTERSTATE,OCS-Gulf of Mexico,0,0,0,0,0,,,,,0,0,,,,,0,0,0,0,0,,,,,0,0,0,0,0,0,0,0,0,0,98.016,98.016,98.016,0,0,0,98.016,98.016,0,0,0,98.016
9/1/2026,2022,20230179,41566,39579,TRP - OK PROPERTIES LLC,Natural Gas,INTRASTATE,OKLAHOMA,0,0,0,0,0,,,,,0,0,,,,,0,0,0,0,0,,,,,0,0,0,0,0,0.75,0,0.75,0,0,0,0,0,0,0.75,0,0.75,0,0,0.75,0,0.75
9/1/2026,2022,20230367,41763,39580,BV PIPELINE LLC,Natural Gas,INTRASTATE,PENNSYLVANIA,0,0,0,0,0,,,,,0,0,,,,,0,0,0,0,0,,,,,0,0,0,0,0.2,1.4,0,1.6,0,0,0,0,0,0.2,1.4,0,1.6,0,0.2,1.4,0,1.6
9/1/2026,2022,20231266,42728,39582,SENTINEL PEAK RESOURCES CALIFORNIA LLC,Natural Gas,INTRASTATE,CALIFORNIA,1.85,1.85,0,0,3.7,,,,3.7,0,0,,,,,1.85,1.85,0,0,3.7,,,,3.7,0,0,0,0,0,0,0,0,0,0,0,0,0,0,0,0,0,1.85,1.85,0,0,3.7
9/1/2026,2022,20230172,44839,39583,EVONIK,Hydrogen Gas,INTRASTATE,KANSAS,0,0.44,0,0,0.44,,,,0.44,0,0,,,,,0,0.44,0,0,0.44,,,,0.44,0,0,0,0,0,0,0,0,0,0,0,0,0,0,0,0,0,0,0.44,0,0,0.44
9/1/2026,2022,20231208,42668,39585,"UPSHUR GAS GATHERING, LLC",Natural Gas,INTRASTATE,WEST VIRGINIA,0,0,0,0,0,,,,,,0,,,,,0,0,0,0,0,,,,,0,0,0,0,9.063,12.986,0,22.049,73.84,73.84,,0,73.84,9.063,12.986,0,95.889,73.84,9.063,12.986,0,95.889
9/1/2026,2022,20230262,41655,39590,"NEW RISE RENEWABLES RENO, LLC",Natural Gas,INTRASTATE,NEVADA,0,0.3,0,0,0.3,,,,0.3,0,0,,,,,0,0.3,0,0,0.3,,,,0.3,0,0,0,0,0,0,0,0,0,0,0,0,0,0,0,0,0,0,0.3,0,0,0.3
9/1/2026,2022,20231367,42836,39592,GATEWAY CORRIGAN LLC,Natural Gas,INTRASTATE,TEXAS,0,2.16,0,0,2.16,,,,2.16,0,0,,,,,0,2.16,0,0,2.16,,,,2.16,0,0,0,0,0,0,0,0,0,0,0,0,0,0,0,0,0,0,2.16,0,0,2.16
9/1/2026,2022,20230304,41697,39594,"SULPHUR RIVER EXPLORATION, INC.",Natural Gas,INTRASTATE,TEXAS,0,0,0,0,0,,,,,0,0,,,,,0,0,0,0,0,,,,,9.97,1.53,0,11.5,0,4.98,0,4.98,,,,0,0,9.97,6.51,0,16.48,0,9.97,6.51,0,16.48
9/1/2026,2022,20230385,41782,39597,"VALLEY CROSSING PIPELINE, LLC",Natural Gas,INTERSTATE,TEXAS,0,0,0,0,0,0,0,0,0,0.19,0.19,0,0,0,0.19,0.19,0,0,0,0.19,0,0,0,0.19,0,0,0,0,0,0,0,0,0,0,0,0,0,0,0,0,0,0.19,0,0,0,0.19
9/1/2026,2022,20230385,41782,39597,"VALLEY CROSSING PIPELINE, LLC",Natural Gas,INTRASTATE,TEXAS,160.23,3.07,0,0,163.3,8.29,66.78,0,88.23,13.75,13.75,0,0,0,13.75,173.98,3.07,0,0,177.05,8.29,66.78,0,101.98,0,0,0,0,0,0,0,0,0,0,0,0,0,0,0,0,0,173.98,3.07,0,0,177.05
9/1/2026,2022,20231388,42881,39599,"HUNTER GATHERING, L.P.",Natural Gas,INTRASTATE,TEXAS,0,0,0,0,0,,,,,0,0,,,,,0,0,0,0,0,,,,,0.95,1.25,0,2.2,0,0,0,0,0,0,0,0,0,0.95,1.25,0,2.2,0,0.95,1.25,0,2.2
9/1/2026,2022,20231218,42679,39602,UPPER MICHIGAN ENERGY RESOURCES CORP.,Natural Gas,INTRASTATE,MICHIGAN,0,2.89,0,0,2.89,,,,2.89,0,0,,,,,0,2.89,0,0,2.89,,,,2.89,0,0,0,0,0,0,0,0,0,0,0,0,0,0,0,0,0,0,2.89,0,0,2.89
9/1/2026,2022,20230424,41823,39605,CR PERMIAN NATURAL GAS TRANSMISSION LLC,Natural Gas,INTRASTATE,TEXAS,21.7,0,0,0,21.7,0,0.08,,21.62,0,0,,,,,21.7,0,0,0,21.7,0,0.08,,21.62,0,0,0,0,0,0,0,0,0,0,0,0,0,0,0,0,0,21.7,0,0,0,21.7
9/1/2026,2022,20230464,41866,39608,VAQUERO PERMIAN GATHERING LLC,Natural Gas,INTRASTATE,TEXAS,4.98,0,0,0,4.98,0,0,0,4.98,0,0,,,,,4.98,0,0,0,4.98,0,0,0,4.98,0,0,0,0,0,0,0,0,150.61,150.61,0,0,150.61,0,0,0,150.61,155.59,0,0,0,155.59
9/1/2026,2022,20230197,41585,39609,"HAVEN STEEL PRODUCTS, INC",Natural Gas,INTRASTATE,KANSAS,0,0.32,0,0,0.32,0,0,0,0.32,0,0,,,,,0,0.32,0,0,0.32,0,0,0,0.32,0,0,0,0,0,0,0,0,0,0,0,0,0,0,0,0,0,0,0.32,0,0,0.32
9/1/2026,2022,20230102,41488,39612,"CHS, INC HALLOCK",Natural Gas,INTRASTATE,MINNESOTA,3.16,0,0,0,3.16,,,,3.16,0,0,,,,,3.16,0,0,0,3.16,,,,3.16,0,0,0,0,0,0,0,0,0,0,0,0,0,0,0,0,0,3.16,0,0,0,3.16
9/1/2026,2022,20241484,44998,39614,SOUTH HOUSTON PRODUCTION COMPANY,Natural Gas,INTRASTATE,TEXAS,0,0,2.09,0,2.09,0,0,2.09,0,0,0,,,,,0,0,2.09,0,2.09,0,0,2.09,0,0,0,0,0,0,0,0,0,0,0,0,0,0,0,0,0,0,0,0,2.09,0,2.09
9/1/2026,2022,20231081,43075,39619,DIVERSIFIED MIDSTREAM LLC,Natural Gas,INTRASTATE,KENTUCKY,17.884,12.531,2.43,0,32.845,0.27,0,2.16,30.415,0,0,,,,,17.884,12.531,2.43,0,32.845,0.27,0,2.16,30.415,22.402,7.705,0,30.107,9.829,11.069,0,20.898,202.952,202.952,0,0,202.952,32.231,18.774,0,253.957,220.836,44.762,21.204,0,286.802
9/1/2026,2022,20231081,43075,39619,DIVERSIFIED MIDSTREAM LLC,Natural Gas,INTRASTATE,LOUISIANA,0,0,0,0,0,,,,,,0,,,,,0,0,0,0,0,,,,,0.441,0,0,0.441,0,0,0,0,37.704,37.704,,0,37.704,0.441,0,0,38.145,37.704,0.441,0,0,38.145
9/1/2026,2022,20231081,43075,39619,DIVERSIFIED MIDSTREAM LLC,Natural Gas,INTRASTATE,OHIO,0,0,0,0,0,0,0,0,0,0,0,,,,,0,0,0,0,0,0,0,0,0,0,0,0,0,0,0,0,0,0.964,0.964,0,0,0.964,0,0,0,0.964,0.964,0,0,0,0.964
9/1/2026,2022,20231081,43075,39619,DIVERSIFIED MIDSTREAM LLC,Natural Gas,INTRASTATE,PENNSYLVANIA,13.445,1.392,0.114,0,14.951,0.33,1.1,0.216,13.305,,0,,,,,13.445,1.392,0.114,0,14.951,0.33,1.1,0.216,13.305,0,0,0,0,0,1.84,0,1.84,6.055,6.055,,0,6.055,0,1.84,0,7.895,19.5,1.392,1.954,0,22.846
9/1/2026,2022,20231081,43075,39619,DIVERSIFIED MIDSTREAM LLC,Natural Gas,INTRASTATE,TENNESSEE,23.51,1,0,0,24.51,0,0,0,24.51,0,0,,,,,23.51,1,0,0,24.51,0,0,0,24.51,0.525,0,0,0.525,0,0,0,0,8.684,8.684,0,0,8.684,0.525,0,0,9.209,32.194,1.525,0,0,33.719
9/1/2026,2022,20231081,43075,39619,DIVERSIFIED MIDSTREAM LLC,Natural Gas,INTRASTATE,TEXAS,0,0,0,0,0,0,0,0,0,,0,,,,,0,0,0,0,0,0,0,0,0,6.328,16.534,0,22.862,0,0,0,0,303.9,303.9,,0,303.9,6.328,16.534,0,326.762,303.9,6.328,16.534,0,326.762
9/1/2026,2022,20231081,43075,39619,DIVERSIFIED MIDSTREAM LLC,Natural Gas,INTRASTATE,VIRGINIA,0,0,0,0,0,0,0,0,0,,0,,,,,0,0,0,0,0,0,0,0,0,5.653,1.58,0,7.233,0,0,0,0,50.621,50.621,,0,50.621,5.653,1.58,0,57.854,50.621,5.653,1.58,0,57.854
9/1/2026,2022,20231081,43075,39619,DIVERSIFIED MIDSTREAM LLC,Natural Gas,INTRASTATE,WEST VIRGINIA,31.49,0.32,1.73,0,33.54,0,0,1.73,31.81,0,0,,,,,31.49,0.32,1.73,0,33.54,0,0,1.73,31.81,6.04,8.661,0,14.701,11.132,8.798,0,19.93,128.56,128.56,0,0,128.56,17.172,17.459,0,163.191,160.05,17.492,19.189,0,196.731
9/1/2026,2022,20230524,41930,39624,AIRGAS MERCHANT GAS KALAMA,Hydrogen Gas,INTRASTATE,WASHINGTON,2.43,0,0,0,2.43,0,0,0,2.43,0,0,,,,,2.43,0,0,0,2.43,0,0,0,2.43,0,0,0,0,0,0,0,0,0,0,0,0,0,0,0,0,0,2.43,0,0,0,2.43
9/1/2026,2022,20230396,41795,39626,CALGON CARBON CORPORATION,Natural Gas,INTRASTATE,MISSISSIPPI,5.23,0,0,0,5.23,,,,5.23,0,0,,,,,5.23,0,0,0,5.23,,,,5.23,0,0,0,0,0,0,0,0,0,0,0,0,0,0,0,0,0,5.23,0,0,0,5.23
9/1/2026,2022,20230452,41853,39627,AIR LIQUIDE ADVANCED TECHNOLOGIES US LLC,Other Gas-Processed Landfill Methane,INTRASTATE,MISSISSIPPI,4,0,0,0,4,,,,4,0,0,,,,,4,0,0,0,4,,,,4,0,0,0,0,0,0,0,0,0,0,0,0,0,0,0,0,0,4,0,0,0,4
9/1/2026,2022,20230480,41883,39630,LIGHTSTONE GENERATION LLC-DARBY POWER LLC,Natural Gas,INTRASTATE,OHIO,0.66,0,0,0,0.66,0,,,0.66,0,0,,,,,0.66,0,0,0,0.66,0,,,0.66,0,0,0,0,0,0,0,0,0,0,0,0,0,0,0,0,0,0.66,0,0,0,0.66
9/1/2026,2022,20230426,41825,39634,ALTUS MIDSTREAM PIPELINE LP,Natural Gas,INTRASTATE,TEXAS,31.46,0,0,0,31.46,0,,,31.46,0,0,,,,,31.46,0,0,0,31.46,0,,,31.46,0,0,0,0,0,0,0,0,22.52,22.52,0,0,22.52,0,0,0,22.52,53.98,0,0,0,53.98
9/1/2026,2022,20231024,42465,39635,WINNEBAGO COUNTY SOLID WASTE MANAGEMENT BOARD,Landfill Gas,INTRASTATE,WISCONSIN,0,0,3.04,0,3.04,,,3.04,0,0,0,,,,,0,0,3.04,0,3.04,,,3.04,0,0,0,0,0,0,0,0,0,0,0,0,0,0,0,0,0,0,0,0,3.04,0,3.04
9/1/2026,2022,20230634,42047,39636,"CARBON CALIFORNIA OPERATING COMPANY, LLC",Natural Gas,INTRASTATE,CALIFORNIA,0,0,0,0,0,,,,,0,0,,,,,0,0,0,0,0,,,,,2.44,5.39,0,7.83,0,0,0,0,3.34,3.34,0,0,3.34,2.44,5.39,0,11.17,3.34,2.44,5.39,0,11.17
9/1/2026,2022,20230427,41826,39638,ALTUS MIDSTREAM NGL PIPELINE LP,Natural Gas,INTRASTATE,TEXAS,0,0,0,0,0,,,,,0,0,,,,,0,0,0,0,0,,,,,0,0,0,0,0,0,0,0,29.6,29.6,0,0,29.6,0,0,0,29.6,29.6,0,0,0,29.6
9/1/2026,2022,20230835,42266,39640,PARKWAY GENERATION KEYS ENERGY CENTER,Natural Gas,INTRASTATE,MARYLAND,5.4,2.3,0,0,7.7,,,,7.7,0,0,,,,,5.4,2.3,0,0,7.7,,,,7.7,0,0,0,0,0,0,0,0,0,0,0,0,0,0,0,0,0,5.4,2.3,0,0,7.7
9/1/2026,2022,20231288,42751,39648,VALERO HOUSTON REFINERY,Natural Gas,INTRASTATE,TEXAS,0.41,0,3.85,0,4.26,0.52,3.33,0,0.41,0,0,,,,,0.41,0,3.85,0,4.26,0.52,3.33,0,0.41,0,0,0,0,0,0,0,0,0,0,0,0,0,0,0,0,0,0.41,0,3.85,0,4.26
9/1/2026,2022,20230357,41753,39649,"IRONWOOD MIDSTREAM ENERGY PARTNERS, LLC",Natural Gas,INTRASTATE,TEXAS,0,0,0,0,0,,,,,0,0,,,,,0,0,0,0,0,,,,,0,0,0,0,0,0,0,0,8.03,8.03,0,0,8.03,0,0,0,8.03,8.03,0,0,0,8.03
9/1/2026,2022,20231434,42975,39652,"NOREGA GATHERING, LLC",Natural Gas,INTRASTATE,TEXAS,0,0,0,0,0,,,,,0,0,,,,,0,0,0,0,0,,,,,18.419,1.16,0,19.579,0,0,0,0,0,0,0,0,0,18.419,1.16,0,19.579,0,18.419,1.16,0,19.579
9/1/2026,2022,20230755,42180,39653,CORNELL UNIVERSITY,Natural Gas,INTRASTATE,NEW YORK,0,2,1.1,0,3.1,,,1.1,2,0,0,,,,,0,2,1.1,0,3.1,,,1.1,2,0,0,0,0,0,0,0,0,0,0,0,0,0,0,0,0,0,0,2,1.1,0,3.1
9/1/2026,2022,20230430,41830,39655,PINE HILL RENEWABLES,Natural Gas,INTRASTATE,TEXAS,0,0,0.68,0,0.68,0.68,,,,0,0,,,,,0,0,0.68,0,0.68,0.68,,,,0,0,0,0,0,0,0,0,0,0,0,0,0,0,0,0,0,0,0,0.68,0,0.68
9/1/2026,2022,20231392,42887,39657,"SOUTHERN KENTUCKY ENERGY, LLC",Natural Gas,INTRASTATE,KENTUCKY,0,0,0,0,0,,,,,0,0,,,,,0,0,0,0,0,,,,,0,0,0,0,1,0,0,1,0,0,0,0,0,1,0,0,1,0,1,0,0,1
9/1/2026,2022,20230470,41873,39660,COOK INLET NATURAL GAS STORAGE ALASKA,Natural Gas,INTRASTATE,ALASKA,0.584,0,0,0,0.584,0,,,0.584,0,0,,,,,0.584,0,0,0,0.584,0,,,0.584,0,0,0,0,0,0,0,0,0,0,0,0,0,0,0,0,0,0.584,0,0,0,0.584
9/1/2026,2022,20230568,41977,39674,"ASSIDUOUS ENERGY, LLC",Natural Gas,INTRASTATE,OKLAHOMA,0,0,0,0,0,,,,,0,0,,,,,0,0,0,0,0,,,,,0,0,0,0,0,4.65,0,4.65,0,0,0,0,0,0,4.65,0,4.65,0,0,4.65,0,4.65
9/1/2026,2022,20231376,42850,39676,OKLAHOMA GAS GATHERING LLC,Natural Gas,INTRASTATE,OKLAHOMA,0,0,0,0,0,,,,,0,0,,,,,0,0,0,0,0,,,,,0,0,0,0,21.46,171.82,2.78,196.06,0,0,0,0,0,21.46,171.82,2.78,196.06,0,21.46,171.82,2.78,196.06
9/1/2026,2022,20230031,41415,39677,"KC MIDSTREAM SOLUTIONS, LLC",Natural Gas,INTRASTATE,PENNSYLVANIA,0,0,0,0,0,,,,,0,0,,,,,0,0,0,0,0,,,,,0,1.3,0,1.3,0,0,0,0,0,0,0,0,0,0,1.3,0,1.3,0,0,1.3,0,1.3
9/1/2026,2022,20231135,42586,39680,FORTUNE RESOURCES LLC,Natural Gas,INTRASTATE,TEXAS,0,0,0,0,0,,,,,0,0,,,,,0,0,0,0,0,,,,,4.242,0,0,4.242,1.148,0,0,1.148,31.712,31.712,0,0,31.712,5.39,0,0,37.102,31.712,5.39,0,0,37.102
9/1/2026,2022,20230152,41539,39683,"TEXAS COASTAL PIPELINE, LLC",Natural Gas,INTRASTATE,TEXAS,0,0,0,0,0,,,,,0,0,,,,,0,0,0,0,0,,,,,0,0,0,0,0,0,0,0,,,41.4,41.4,41.4,0,0,0,41.4,41.4,0,0,0,41.4
9/1/2026,2022,20230085,41470,39696,"RIVERFRONT EXPLORATION, LLC",Natural Gas,INTRASTATE,ARKANSAS,0.918,0,0,0,0.918,0,,,0.918,0,0,,,,,0.918,0,0,0,0.918,0,,,0.918,0,0,0,0,0,0.386,0,0.386,,,0,0,0,0,0.386,0,0.386,0.918,0,0.386,0,1.304
9/1/2026,2022,20231380,42861,39697,GOLDEN GAS SERVICE COMPANY,Natural Gas,INTRASTATE,OKLAHOMA,6.89,0,0,0,6.89,,,,6.89,0,0,,,,,6.89,0,0,0,6.89,,,,6.89,0,0,0,0,0,0,0,0,0,0,0,0,0,0,0,0,0,6.89,0,0,0,6.89
9/1/2026,2022,20230303,41696,39698,S2 ENERGY OPERATING LLC,Natural Gas,INTRASTATE,LOUISIANA,0,0,0,0,0,,,,,0,0,,,,,0,0,0,0,0,,,,,0.29,0,0,0.29,0,0,0,0,,,0,0,0,0.29,0,0,0.29,0,0.29,0,0,0.29
9/1/2026,2022,20230855,42288,39700,"HIGHLANDS PIPELINE COMPANY, L.C.",Natural Gas,INTRASTATE,TEXAS,0,0,0,0,0,,,,,0,0,,,,,0,0,0,0,0,,,,,0,0,0,0,0,2.639,0,2.639,0,0,0,0,0,0,2.639,0,2.639,0,0,2.639,0,2.639
9/1/2026,2022,20230541,41947,39701,"BOARDWALK TEXAS INTRASTATE, LLC",Natural Gas,INTRASTATE,TEXAS,194.84,6.17,10.35,0,211.36,1.22,8.32,7.28,194.53,0,0,,,,,194.84,6.17,10.35,0,211.36,1.22,8.32,7.28,194.53,0,0,0,0,0,0,0,0,0,0,0,0,0,0,0,0,0,194.84,6.17,10.35,0,211.36
9/1/2026,2022,20230802,43063,39702,PIN OAK ENERGY PARTNERS LLC,Natural Gas,INTRASTATE,OHIO,0,0,0,0,0,,,,,0,0,,,,,0,0,0,0,0,,,,,0,0,0,0,1.63,0,0,1.63,1.69,1.69,0,0,1.69,1.63,0,0,3.32,1.69,1.63,0,0,3.32
9/1/2026,2022,20230802,43063,39702,PIN OAK ENERGY PARTNERS LLC,Natural Gas,INTRASTATE,PENNSYLVANIA,0,0,0,0,0,,,,,0,0,,,,,0,0,0,0,0,,,,,0,0,0,0,0.37,16.21,0,16.58,0,0,0,0,0,0.37,16.21,0,16.58,0,0.37,16.21,0,16.58
9/1/2026,2022,20230052,41437,39704,"KIOWA POWER PARTNERS, LLC",Natural Gas,INTRASTATE,OKLAHOMA,4.76,0,0,0,4.76,,0.06,,4.7,0,0,,,,,4.76,0,0,0,4.76,,0.06,,4.7,0,0,0,0,0,0,0,0,0,0,0,0,0,0,0,0,0,4.76,0,0,0,4.76
9/1/2026,2022,20231142,42593,39705,IACX ROSWELL LLC,Natural Gas,INTRASTATE,NEW MEXICO,0,0,0,0,0,,,,,0,0,,,,,0,0,0,0,0,,,,,0,0,0,0,0,0,0,0,58.64,58.64,0,0,58.64,0,0,0,58.64,58.64,0,0,0,58.64
9/1/2026,2022,20230156,41543,39708,"SYDRI OPERATING, INC.",Natural Gas,INTRASTATE,TEXAS,0,0,0,0,0,,,,,0,0,,,,,0,0,0,0,0,,,,,6.3,19.2,0,25.5,0,0,0,0,0,0,0,0,0,6.3,19.2,0,25.5,0,6.3,19.2,0,25.5
9/1/2026,2022,20231366,42909,39710,ROCKY MOUNTAIN MIDSTREAM LLC,Natural Gas,INTRASTATE,COLORADO,0,0,0,0,0,,,,,0,0,,,,,0,0,0,0,0,,,,,15.58,6.22,0,21.8,0,0,0,0,174.57,174.57,0,0,174.57,15.58,6.22,0,196.37,174.57,15.58,6.22,0,196.37
9/1/2026,2022,20231394,42889,39711,OGRIS OPERATING,Natural Gas,INTRASTATE,COLORADO,5.6,0,0,0,5.6,0,,,5.6,0,0,,,,,5.6,0,0,0,5.6,0,,,5.6,0,0,0,0,0,0,0,0,0,0,0,0,0,0,0,0,0,5.6,0,0,0,5.6
9/1/2026,2022,20230237,41628,39714,CAMS MIDSTREAM,Natural Gas,INTRASTATE,LOUISIANA,0,4.19,5.68,0,9.87,2.56,7.31,,,0,0,,,,,0,4.19,5.68,0,9.87,2.56,7.31,,,0,0,0,0,0,0,0,0,0,0,0,0,0,0,0,0,0,0,4.19,5.68,0,9.87
9/1/2026,2022,20230736,42161,39715,CNX MIDSTREAM PARTNERS LP,Natural Gas,INTRASTATE,PENNSYLVANIA,0,0,0,0,0,,,,,0,0,,,,,0,0,0,0,0,,,,,2.11,0.13,0,2.24,0,0,0,0,184.41,184.41,0,0,184.41,2.11,0.13,0,186.65,184.41,2.11,0.13,0,186.65
9/1/2026,2022,20230736,42161,39715,CNX MIDSTREAM PARTNERS LP,Natural Gas,INTRASTATE,WEST VIRGINIA,0,0,0,0,0,,,,,0,0,,,,,0,0,0,0,0,,,,,0,0,0,0,0,0,0,0,64.55,64.55,0,0,64.55,0,0,0,64.55,64.55,0,0,0,64.55
9/1/2026,2022,20231464,43123,39718,ROCKCLIFF ENERGY OPERATING,Natural Gas,INTRASTATE,TEXAS,0,0,0,0,0,,,,,0,0,,,,,0,0,0,0,0,,,,,7.07,0,0,7.07,13.42,1.86,0,15.28,23.65,23.65,0,0,23.65,20.49,1.86,0,46,23.65,20.49,1.86,0,46
9/1/2026,2022,20230714,42135,39728,"MIDSHIP PIPELINE COMPANY, LLC",Natural Gas,INTERSTATE,OKLAHOMA,235.7,1.52,0,0,237.22,3.37,,,233.71,0,0,,,,,235.7,1.52,0,0,237.22,3.37,,,233.71,0,0,0,0,0,0,0,0,0,0,0,0,0,0,0,0,0,235.7,1.52,0,0,237.22
9/1/2026,2022,20230443,41843,39730,MELISSA RENEWABLES,Natural Gas,INTRASTATE,TEXAS,0,0,4.7,0,4.7,4.7,,,,0,0,,,,,0,0,4.7,0,4.7,4.7,,,,0,0,0,0,0,0,0,0,0,0,0,0,0,0,0,0,0,0,0,4.7,0,4.7
9/1/2026,2022,20230783,42210,39733,"OHIO POWER PARTNERS, LLC.",Natural Gas,INTRASTATE,OHIO,0.28,0,0,0,0.28,,,,0.28,0,0,,,,,0.28,0,0,0,0.28,,,,0.28,0,0,0,0,0,0,0,0,0,0,0,0,0,0,0,0,0,0.28,0,0,0,0.28
9/1/2026,2022,20230523,43109,39737,SAGE NATURAL RESOURCES LLC,Natural Gas,INTRASTATE,TEXAS,0,0,0,0,0,0,,,,0,0,,,,,0,0,0,0,0,0,,,,4.205,6.309,0,10.514,0,0,0,0,3.15,3.15,0,0,3.15,4.205,6.309,0,13.664,3.15,4.205,6.309,0,13.664
9/1/2026,2022,20230840,42272,39741,"VENTURE OIL & GAS, INC.",Natural Gas,INTRASTATE,MISSISSIPPI,4.07,0,0,0,4.07,,,,4.07,0,0,,,,,4.07,0,0,0,4.07,,,,4.07,0,0,0,0,0,0,0,0,0,0,0,0,0,0,0,0,0,4.07,0,0,0,4.07
9/1/2026,2022,20230014,41397,39743,NEOKC PIPELINE,Natural Gas,INTRASTATE,OKLAHOMA,0,0,0,0,0,,,,,0,0,,,,,0,0,0,0,0,,,,,0,0,0,0,0,0.433,1.502,1.935,0,0,0,0,0,0,0.433,1.502,1.935,0,0,0.433,1.502,1.935
9/1/2026,2022,20231051,42494,39746,ELEVATION MIDSTREAM,Natural Gas,INTRASTATE,COLORADO,0,0,0,0,0,,,,,0,0,,,,,0,0,0,0,0,,,,,1.81,1.58,0,3.39,0,0,0,0,8.44,8.44,0,0,8.44,1.81,1.58,0,11.83,8.44,1.81,1.58,0,11.83
9/1/2026,2022,20230366,41762,39750,"GREYLOCK MIDSTREAM, LLC",Natural Gas,INTRASTATE,PENNSYLVANIA,8.95,0,0,0,8.95,0,0,0,8.95,0,0,,,,,8.95,0,0,0,8.95,0,0,0,8.95,0,0,0,0,0,0,0,0,8.4,8.4,0,0,8.4,0,0,0,8.4,17.35,0,0,0,17.35
9/1/2026,2022,20230366,41762,39750,"GREYLOCK MIDSTREAM, LLC",Natural Gas,INTRASTATE,WEST VIRGINIA,4.323,0.955,0,0,5.278,,,,5.278,0,0,,,,,4.323,0.955,0,0,5.278,,,,5.278,0,0,0,0,0.87,1.466,0,2.336,26.817,26.817,0,0,26.817,0.87,1.466,0,29.153,31.14,1.825,1.466,0,34.431
9/1/2026,2022,20230391,41789,39751,"GREYLOCK PRODUCTION, LLC",Natural Gas,INTRASTATE,KENTUCKY,0,0,0,0,0,,,,,0,0,,,,,0,0,0,0,0,,,,,0,0,0,0,1.493,0,0,1.493,0,0,0,0,0,1.493,0,0,1.493,0,1.493,0,0,1.493
9/1/2026,2022,20230391,41789,39751,"GREYLOCK PRODUCTION, LLC",Natural Gas,INTRASTATE,PENNSYLVANIA,0,0,0,0,0,,,,,0,0,,,,,0,0,0,0,0,,,,,0,0,0,0,0.239,0.263,0,0.502,0,0,0,0,0,0.239,0.263,0,0.502,0,0.239,0.263,0,0.502
9/1/2026,2022,20230391,41789,39751,"GREYLOCK PRODUCTION, LLC",Natural Gas,INTRASTATE,WEST VIRGINIA,0,0,0,0,0,,,,,0,0,,,,,0,0,0,0,0,,,,,0,0,0,0,0.641,3.363,0,4.004,0,0,0,0,0,0.641,3.363,0,4.004,0,0.641,3.363,0,4.004
9/1/2026,2022,20230251,41643,39752,"STAKEHOLDER GAS UTILITY, LLC",Natural Gas,INTRASTATE,TEXAS,6.71,0,0,0,6.71,0,0,,6.71,0,0,,,,,6.71,0,0,0,6.71,0,0,,6.71,0,0,0,0,0,0,0,0,0,0,0,0,0,0,0,0,0,6.71,0,0,0,6.71
9/1/2026,2022,20230678,42099,39753,CURETON FRONT RANGE LLC,Natural Gas,INTRASTATE,COLORADO,1.09,0,0,0,1.09,0,0,0,1.09,0,0,,,,,1.09,0,0,0,1.09,0,0,0,1.09,0,7.41,0,7.41,0,0,0,0,117.31,117.31,0,0,117.31,0,7.41,0,124.72,118.4,0,7.41,0,125.81
9/1/2026,2022,20230621,42034,39755,WOODWAY BLUEBONNET PIPELINE LLC,Natural Gas,INTRASTATE,TEXAS,113.233,31.632,25.909,0,170.774,1.792,0,24.116,144.865,0,0,,,,,113.233,31.632,25.909,0,170.774,1.792,0,24.116,144.865,0,0,0,0,0,0,0,0,0,0,0,0,0,0,0,0,0,113.233,31.632,25.909,0,170.774
9/1/2026,2022,20230272,41665,39757,"GENERATION PIPELINE, LLC",Natural Gas,INTRASTATE,OHIO,11.51,2.51,10.99,0,25.01,14.57,4.29,,6.15,0,0,,,,,11.51,2.51,10.99,0,25.01,14.57,4.29,,6.15,0,0,0,0,0,0,0,0,0,0,0,0,0,0,0,0,0,11.51,2.51,10.99,0,25.01
9/1/2026,2022,20231276,43074,39759,"IRON HORSE MIDSTREAM, LLC",Natural Gas,INTRASTATE,OKLAHOMA,8.7,0,0,0,8.7,0,0,0,8.7,0,0,,,,,8.7,0,0,0,8.7,0,0,0,8.7,2.51,0.25,0,2.76,0,0,0,0,290.89,290.89,0,0,290.89,2.51,0.25,0,293.65,299.59,2.51,0.25,0,302.35
9/1/2026,2022,20230571,41980,39760,"THE DOW CHEMICAL COMPANY, SDO",Natural Gas,INTRASTATE,TEXAS,0.46,0,0,0,0.46,0.46,0,0,0,0,0,,,,,0.46,0,0,0,0.46,0.46,0,0,0,0,0,0,0,0,0,0,0,0,0,0,0,0,0,0,0,0,0.46,0,0,0,0.46
9/1/2026,2022,20230618,42031,39760,"THE DOW CHEMICAL COMPANY, SDO",Other Gas-Ethylene,INTRASTATE,TEXAS,7.53,0,0,0,7.53,7.53,0,0,0,0,0,,,,,7.53,0,0,0,7.53,7.53,0,0,0,0,0,0,0,0,0,0,0,0,0,0,0,0,0,0,0,0,7.53,0,0,0,7.53
9/1/2026,2022,20230077,41462,39762,BLACKWELL EXP & DEVELOPMENT LLC,Natural Gas,INTRASTATE,TEXAS,5.64,0,0,0,5.64,,,,5.64,0,0,,,,,5.64,0,0,0,5.64,,,,5.64,0,0,0,0,0,0,0,0,0,0,0,0,0,0,0,0,0,5.64,0,0,0,5.64
9/1/2026,2022,20230411,41810,39764,MATRIKS ENERGY LLC,Natural Gas,INTRASTATE,KENTUCKY,0,0,0,0,0,,,,,0,0,,,,,0,0,0,0,0,,,,,0,0,0,0,11.42,0.98,0.49,12.89,0,0,0,0,0,11.42,0.98,0.49,12.89,0,11.42,0.98,0.49,12.89
9/1/2026,2022,20231387,42880,39767,FELDERHOFF PRODUCTION COMPANY,Natural Gas,INTRASTATE,TEXAS,0,0,0,0,0,,,,,0,0,,,,,0,0,0,0,0,,,,,0,0,0,0,0,10.7,0,10.7,0,0,0,0,0,0,10.7,0,10.7,0,0,10.7,0,10.7
9/1/2026,2022,20230050,41434,39770,"HYPERION MIDSTREAM, LLC",Natural Gas,INTRASTATE,PENNSYLVANIA,0,0,0,0,0,,,,,0,0,,,,,0,0,0,0,0,,,,,4.36,0.63,0,4.99,0,0,0,0,12.13,12.13,0,0,12.13,4.36,0.63,0,17.12,12.13,4.36,0.63,0,17.12
9/1/2026,2022,20230837,42269,39773,ANHEUSER-BUSCH LLC,Other Gas-Biogas,INTRASTATE,GEORGIA,1.036,0,0,0,1.036,0,,0,1.036,0,0,,,,,1.036,0,0,0,1.036,0,,0,1.036,0,0,0,0,0,0,0,0,0,0,0,0,0,0,0,0,0,1.036,0,0,0,1.036
9/1/2026,2022,20230706,42127,39776,IBEX MIDSTREAM LLC,Natural Gas,INTRASTATE,LOUISIANA,2.96,0,0,0,2.96,0,0,0,2.96,0,0,,,,,2.96,0,0,0,2.96,0,0,0,2.96,66.44,3.56,0,70,0,0,0,0,83.89,83.89,0,0,83.89,66.44,3.56,0,153.89,86.85,66.44,3.56,0,156.85
9/1/2026,2022,20230780,42206,39779,"SEABREEZE ENERGY PRODUCERS, LLC",Natural Gas,INTRASTATE,TEXAS,3.46,0,0,0,3.46,,,,3.46,0,0,,,,,3.46,0,0,0,3.46,,,,3.46,0,0,0,0,0,0,0,0,0,0,0,0,0,0,0,0,0,3.46,0,0,0,3.46
9/1/2026,2022,20230463,41864,39784,"AVOCET LNG, LLC",Natural Gas,INTERSTATE,LOUISIANA,3.07,0,0,0,3.07,,,,3.07,3.99,3.99,,,,3.99,7.06,0,0,0,7.06,,,,7.06,0,0,0,0,0,0,0,0,0,0,0,0,0,0,0,0,0,7.06,0,0,0,7.06
9/1/2026,2022,20230463,41864,39784,"AVOCET LNG, LLC",Natural Gas,INTERSTATE,OCS-Gulf of Mexico,0,0,0,0,0,,,,,35.44,35.44,,,,35.44,35.44,0,0,0,35.44,,,,35.44,0,0,0,0,0,0,0,0,0,0,0,0,0,0,0,0,0,35.44,0,0,0,35.44
9/1/2026,2022,20230191,41579,39785,"EPIC CONSOLIDATED OPERATIONS, LLC",Natural Gas,INTRASTATE,TEXAS,0.62,0,0,0,0.62,0,,,0.62,0,0,,,,,0.62,0,0,0,0.62,0,,,0.62,0,0,0,0,0,0,0,0,0,0,0,0,0,0,0,0,0,0.62,0,0,0,0.62
9/1/2026,2022,20230976,42414,39786,MARATHON OIL EF LLC,Natural Gas,INTRASTATE,TEXAS,0,0,0,0,0,,,,,0,0,,,,,0,0,0,0,0,,,,,9.999,1.009,0,11.008,0,0,0,0,29.495,29.495,0,0,29.495,9.999,1.009,0,40.503,29.495,9.999,1.009,0,40.503
9/1/2026,2022,20230620,42033,39789,SABINE ETX GATHERING UTILITY,Natural Gas,INTRASTATE,TEXAS,0,0,0,0,0,,,,,0,0,,,,,0,0,0,0,0,,,,,8.94,0,0,8.94,0,0,0,0,0,0,0,0,0,8.94,0,0,8.94,0,8.94,0,0,8.94
9/1/2026,2022,20231390,42884,39790,BKV OPERATING LLC,Natural Gas,INTRASTATE,PENNSYLVANIA,0,0,0,0,0,,,,,0,0,,,,,0,0,0,0,0,,,,,0,0,0,0,0,0,0,0,8.5,8.5,0,0,8.5,0,0,0,8.5,8.5,0,0,0,8.5
9/1/2026,2022,20231321,42786,39791,"AMAROQ RESOURCES, LLC",Natural Gas,INTRASTATE,ALASKA,2.56,0,0,0,2.56,0,,,2.56,0,0,,,,,2.56,0,0,0,2.56,0,,,2.56,0,0,0,0,0,0,0,0,0,0,0,0,0,0,0,0,0,2.56,0,0,0,2.56
9/1/2026,2022,20230561,48523,39792,"EXCO APPALACHIA MIDSTREAM, LLC",Natural Gas,INTRASTATE,PENNSYLVANIA,0,0,0,0,0,,,,,0,0,,,,,0,0,0,0,0,,,,,1.75,0,0,1.75,0,0,0,0,12.87,12.87,0,0,12.87,1.75,0,0,14.62,12.87,1.75,0,0,14.62
9/1/2026,2022,20231350,42817,39793,ENERFIN GATHERING LLC,Natural Gas,INTRASTATE,OKLAHOMA,0,0,0,0,0,,,,,0,0,,,,,0,0,0,0,0,,,,,0,0,0,0,27.445,0.614,0,28.059,0,0,0,0,0,27.445,0.614,0,28.059,0,27.445,0.614,0,28.059
9/1/2026,2022,20230701,42122,39800,KUDU MIDSTREAM LLC,Natural Gas,INTRASTATE,TEXAS,0,0,0,0,0,,,,,0,0,,,,,0,0,0,0,0,,,,,1.7,0,0,1.7,0,0,0,0,82.69,82.69,0,0,82.69,1.7,0,0,84.39,82.69,1.7,0,0,84.39
9/1/2026,2022,20230030,43374,39801,"ELITE OCTANE, LLC",Natural Gas,INTRASTATE,IOWA,2.48,0,0,0,2.48,0,,,2.48,0,0,,,,,2.48,0,0,0,2.48,0,,,2.48,0,0,0,0,0,0,0,0,0,0,0,0,0,0,0,0,0,2.48,0,0,0,2.48
9/1/2026,2022,20230232,41623,39802,"RH ENERGYTRANS, LLC",Natural Gas,INTERSTATE,OHIO,7.59,2,2,0,11.59,,,2,9.59,0,0,,,,,7.59,2,2,0,11.59,,,2,9.59,0,0,0,0,0,0,0,0,0,0,0,0,0,0,0,0,0,7.59,2,2,0,11.59
9/1/2026,2022,20230232,41623,39802,"RH ENERGYTRANS, LLC",Natural Gas,INTERSTATE,PENNSYLVANIA,44.36,4,0,0,48.36,,31.6,,16.76,0,0,,,,,44.36,4,0,0,48.36,,31.6,,16.76,0,0,0,0,0,0,0,0,,,0,0,0,0,0,0,0,44.36,4,0,0,48.36
9/1/2026,2022,20230059,41444,39808,JOHNS MANVILLE,Natural Gas,INTRASTATE,OHIO,0,0,0.93,0,0.93,0.82,,0,0.11,0,0,,,,,0,0,0.93,0,0.93,0.82,,0,0.11,0,0,0,0,0,0,0,0,0,0,0,0,0,0,0,0,0,0,0,0.93,0,0.93
9/1/2026,2022,20230112,41499,39809,KLICKITAT PUBLIC UTILITY DISTRICT,Natural Gas,INTRASTATE,WASHINGTON,5.56,0,0,0,5.56,,,,5.56,0,0,,,,,5.56,0,0,0,5.56,,,,5.56,0,0,0,0,0,0,0,0,0,0,0,0,0,0,0,0,0,5.56,0,0,0,5.56
9/1/2026,2022,20230349,41744,39811,"ARCADIA OPERATING, LLC",Natural Gas,INTRASTATE,TEXAS,0,0,0,0,0,,,,0,0,0,,,,,0,0,0,0,0,,,,0,2.17,0,0,2.17,0,0,0,0,0,0,0,0,0,2.17,0,0,2.17,0,2.17,0,0,2.17
9/1/2026,2022,20231158,43033,39814,"STATELINE PROCESSING, LLC",Natural Gas,INTRASTATE,NEW MEXICO,0,0,0,0,0,,,,,0,0,,,,,0,0,0,0,0,,,,,0,0,0,0,0,0,0,0,11.22,11.22,0,0,11.22,0,0,0,11.22,11.22,0,0,0,11.22
9/1/2026,2022,20231158,43033,39814,"STATELINE PROCESSING, LLC",Natural Gas,INTRASTATE,TEXAS,4.55,0,0,0,4.55,0,,,4.55,0,0,,,,,4.55,0,0,0,4.55,0,,,4.55,0,0,0,0,0,0,0,0,53.94,53.94,0,0,53.94,0,0,0,53.94,58.49,0,0,0,58.49
9/1/2026,2022,20230278,41671,39824,"POMELO CONNECTOR, LLC",Natural Gas,INTERSTATE,TEXAS,13.93,0,0,0,13.93,0,0.68,0,13.25,0,0,,,,,13.93,0,0,0,13.93,0,0.68,0,13.25,0,0,0,0,0,0,0,0,0,0,0,0,0,0,0,0,0,13.93,0,0,0,13.93
9/1/2026,2022,20230825,43093,39828,"PEVELER PIPELINE, LP",Natural Gas,INTRASTATE,TEXAS,0,0,0,0,0,,,,,0,0,,,,,0,0,0,0,0,,,,,7.6,1.1,0,8.7,0,0,0,0,0,0,0,0,0,7.6,1.1,0,8.7,0,7.6,1.1,0,8.7
9/1/2026,2022,20230781,42208,39829,"TENASKA PENNSYLVANIA PARTNERS, LLC",Natural Gas,INTRASTATE,PENNSYLVANIA,6.53,3.25,0,0,9.78,,0.24,,9.54,0,0,,,,,6.53,3.25,0,0,9.78,,0.24,,9.54,0,0,0,0,0,0,0,0,0,0,0,0,0,0,0,0,0,6.53,3.25,0,0,9.78
9/1/2026,2022,20230764,42189,39830,BLUE MOUNTAIN MIDSTREAM LLC,Natural Gas,INTRASTATE,OKLAHOMA,0,0,0,0,0,,,,,0,0,,,,,0,0,0,0,0,,,,,3.86,5.2,0,9.06,0.39,0,0,0.39,126.37,126.37,0,0,126.37,4.25,5.2,0,135.82,126.37,4.25,5.2,0,135.82
9/1/2026,2022,20230394,41793,39831,"PONDEROSA GATHERING (USG), LLC.",Natural Gas,INTRASTATE,OKLAHOMA,1.458,0,0,0,1.458,0,0,0,1.458,0,0,,,,,1.458,0,0,0,1.458,0,0,0,1.458,0,0,0,0,0,0,0,0,29.86,29.86,0,0,29.86,0,0,0,29.86,31.318,0,0,0,31.318
9/1/2026,2022,20231412,42933,39834,"REP KANSAS GATHERING, LLC",Natural Gas,INTRASTATE,KANSAS,0,0,0,0,0,,,,,0,0,,,,,0,0,0,0,0,,,,,0,0,0,0,4.9,0,0,4.9,0,0,0,0,0,4.9,0,0,4.9,0,4.9,0,0,4.9
9/1/2026,2022,20230315,41708,39835,RENEWABLE ENERGY OF JEFFERSON LLC,Landfill Gas,INTRASTATE,LOUISIANA,3.4,0,0,0,3.4,,,,3.4,0,0,,,,,3.4,0,0,0,3.4,,,,3.4,0,0,0,0,0,0,0,0,0,0,0,0,0,0,0,0,0,3.4,0,0,0,3.4
9/1/2026,2022,20231425,42960,39840,BLUE RIDGE RENEWABLES LLC,Natural Gas,INTRASTATE,TEXAS,0.72,0,0,0,0.72,,,,0.72,0,0,,,,,0.72,0,0,0,0.72,,,,0.72,0,0,0,0,0,0,0,0,0,0,0,0,0,0,0,0,0,0.72,0,0,0,0.72
9/1/2026,2022,20230570,41979,39842,UNITED PARCEL SERVICE CENTENNIAL,Natural Gas,INTRASTATE,KENTUCKY,0.07,0,0.8,0,0.87,0.3,,0.07,0.5,0,0,,,,,0.07,0,0.8,0,0.87,0.3,,0.07,0.5,0,0,0,0,0,0,0,0,0,0,0,0,0,0,0,0,0,0.07,0,0.8,0,0.87
9/1/2026,2022,20230163,41550,39843,"SANGUINE GAS EXPLORATION, LLC",Natural Gas,INTRASTATE,OKLAHOMA,4.181,0,0,0,4.181,0,,,4.181,0,0,,,,,4.181,0,0,0,4.181,0,,,4.181,0,0,0,0,0,0,0,0,,,0,0,0,0,0,0,0,4.181,0,0,0,4.181
9/1/2026,2022,20231316,42779,39844,"THUNDER CREEK GAS SERVICES, LLC",Natural Gas,INTRASTATE,WYOMING,4.63,0,0,0,4.63,0,0.438,0,4.192,0,0,,,,,4.63,0,0,0,4.63,0,0.438,0,4.192,0,0,0,0,0,0,0,0,487.59,487.59,0,0,487.59,0,0,0,487.59,492.22,0,0,0,492.22
9/1/2026,2022,20231268,42855,39847,"STONEHENGE LAUREL GATHERING, LLC",Natural Gas,INTRASTATE,PENNSYLVANIA,0,0,0,0,0,,,,,0,0,,,,,0,0,0,0,0,,,,,1.068,0,0,1.068,0,0,0,0,10.581,10.581,0,0,10.581,1.068,0,0,11.649,10.581,1.068,0,0,11.649
9/1/2026,2022,20230482,41885,39850,"TAIT ELECTRIC GENERATING STATION, LLC",Natural Gas,INTRASTATE,OHIO,3.39,7.428,2.632,0,13.45,3.534,0.65,,9.194,0,0,,,,,3.39,7.428,2.632,0,13.45,3.534,0.65,,9.194,0,0,0,0,0,0,0,0,0,0,0,0,0,0,0,0,0,3.39,7.428,2.632,0,13.45
9/1/2026,2022,20230312,41705,39854,INGEVITY CORPORATION,Natural Gas,INTRASTATE,ARKANSAS,0,0.41,0,0,0.41,0,0,0,0.41,0,0,,,,,0,0.41,0,0,0.41,0,0,0,0.41,0,0,0,0,0,0,0,0,,,0,0,0,0,0,0,0,0,0.41,0,0,0.41
9/1/2026,2022,20231408,42919,39861,"RED STICK GATHERING, LLC",Natural Gas,INTRASTATE,OKLAHOMA,0,0,0,0,0,,,,,0,0,,,,,0,0,0,0,0,,,,,0,0,0,0,0,0.5,0,0.5,0,0,0,0,0,0,0.5,0,0.5,0,0,0.5,0,0.5
9/1/2026,2022,20230924,42357,39862,"DTM BIRDSBORO PIPELINE, LLC",Natural Gas,INTERSTATE,PENNSYLVANIA,9.52,3.66,0.06,0,13.24,,0.32,,12.92,0,0,,,,,9.52,3.66,0.06,0,13.24,,0.32,,12.92,0,0,0,0,0,0,0,0,0,0,0,0,0,0,0,0,0,9.52,3.66,0.06,0,13.24
9/1/2026,2022,20230584,41993,39868,AMERESCO WOODLAND MEADOWS ROMULUS LLC,Landfill Gas,INTRASTATE,MICHIGAN,0,0.5,0,0,0.5,0,0,0,0.5,0,0,,,,,0,0.5,0,0,0.5,0,0,0,0.5,0,0,0,0,0.82,0,0,0.82,0,0,0,0,0,0.82,0,0,0.82,0,1.32,0,0,1.32
9/1/2026,2022,20231371,42843,39874,"BEACON WEST ENERGY GROUP, LLC",Natural Gas,INTERSTATE,CALIFORNIA,0,0,0,0,0,0,0,0,0,0,0,0,,0,0,0,0,0,0,0,0,0,0,0,0,0,0,0,0,0,0,0,0,0,3.6,3.6,3.6,0,0,0,3.6,3.6,0,0,0,3.6
9/1/2026,2022,20231371,42843,39874,"BEACON WEST ENERGY GROUP, LLC",Natural Gas,INTERSTATE,OCS-Pacific,0,0,0,0,0,0,,,,0,0,0,,,,0,0,0,0,0,0,,,,0,0,0,0,0,0,0,0,,,11.8,11.8,11.8,0,0,0,11.8,11.8,0,0,0,11.8
9/1/2026,2022,20231371,42843,39874,"BEACON WEST ENERGY GROUP, LLC",Natural Gas,INTRASTATE,CALIFORNIA,0,0,0.64,0,0.64,0.64,,,,0,0,0,,,,0,0,0.64,0,0.64,0.64,,,,0,0,0,0,0,0,0,0,,,0,0,0,0,0,0,0,0,0,0.64,0,0.64
9/1/2026,2022,20230185,41573,39875,PEOPLES ELECTRIC COOPERATIVE,Natural Gas,INTRASTATE,OKLAHOMA,1.22,0,0,0,1.22,0,,,1.22,0,0,,,,,1.22,0,0,0,1.22,0,,,1.22,0,0,0,0,0,0,0,0,0,0,0,0,0,0,0,0,0,1.22,0,0,0,1.22
9/1/2026,2022,20230973,42409,39880,"TERRA TRANSMISSION, LLC.",Natural Gas,INTRASTATE,TEXAS,0,0.98,0,0,0.98,0.98,,,,0,0,,,,,0,0.98,0,0,0.98,0.98,,,,0,0,0,0,0,0,0,0,0,0,0,0,0,0,0,0,0,0,0.98,0,0,0.98
9/1/2026,2022,20231340,42807,39886,SPIRE STL PIPELINE LLC,Natural Gas,INTERSTATE,ILLINOIS,45.7,0,0,0,45.7,,0.5,,45.2,0,0,,,,,45.7,0,0,0,45.7,,0.5,,45.2,0,0,0,0,0,0,0,0,0,0,0,0,0,0,0,0,0,45.7,0,0,0,45.7
9/1/2026,2022,20231340,42807,39886,SPIRE STL PIPELINE LLC,Natural Gas,INTERSTATE,MISSOURI,13.5,0.47,5.77,0,19.74,4.5,2.07,,13.17,0,0,,,,,13.5,0.47,5.77,0,19.74,4.5,2.07,,13.17,0,0,0,0,0,0,0,0,0,0,0,0,0,0,0,0,0,13.5,0.47,5.77,0,19.74
9/1/2026,2022,20231211,42951,39892,DAYLIGHT PETROLEUM LLC,Natural Gas,INTRASTATE,OKLAHOMA,0,0,0,0,0,,,,,0,0,,,,,0,0,0,0,0,,,,,0,3.1,0,3.1,0,0,0,0,0,0,0,0,0,0,3.1,0,3.1,0,0,3.1,0,3.1
9/1/2026,2022,20231211,42951,39892,DAYLIGHT PETROLEUM LLC,Natural Gas,INTRASTATE,TEXAS,0,0,0,0,0,,,,,0,0,,,,,0,0,0,0,0,,,,,10.882,15.227,0,26.109,0,6.71,0,6.71,3.805,3.805,0,0,3.805,10.882,21.937,0,36.624,3.805,10.882,21.937,0,36.624
9/1/2026,2022,20230559,41967,39894,"AMP INTRASTATE PIPELINE, LLC",Natural Gas,INTRASTATE,TEXAS,52.7,5.59,0.01,0,58.3,0.7,57.6,,,0,0,,,,,52.7,5.59,0.01,0,58.3,0.7,57.6,,,0,0,0,0,0,0,0,0,0,0,0,0,0,0,0,0,0,52.7,5.59,0.01,0,58.3
9/1/2026,2022,20231333,42798,39903,HANNA OIL AND GAS COMPANY,Natural Gas,INTRASTATE,ARKANSAS,8.3,0,0,0,8.3,0,0,0,8.3,0,0,,,,,8.3,0,0,0,8.3,0,0,0,8.3,0,0,0,0,0,0,0,0,0,0,0,0,0,0,0,0,0,8.3,0,0,0,8.3
9/1/2026,2022,20230120,41507,39904,PERMIAN ADVANTAGE TOYAH LLC,Natural Gas,INTRASTATE,TEXAS,1.77,0,0,0,1.77,0,,,1.77,0,0,,,,,1.77,0,0,0,1.77,0,,,1.77,0,0,0,0,0,0,0,0,,,0,0,0,0,0,0,0,1.77,0,0,0,1.77
9/1/2026,2022,20230245,41637,39905,REP PROCESSING,Natural Gas,INTRASTATE,COLORADO,1.02,0,0,0,1.02,,,,1.02,0,0,,,,,1.02,0,0,0,1.02,,,,1.02,4.43,2.82,0,7.25,0,0,0,0,73.02,73.02,0,0,73.02,4.43,2.82,0,80.27,74.04,4.43,2.82,0,81.29
9/1/2026,2022,20231353,42820,39907,ENERFIN PIPELINE LLC,Natural Gas,INTRASTATE,OKLAHOMA,0,0,0,0,0,,,,,0,0,,,,,0,0,0,0,0,,,,,0,0,0,0,0,1.396,0,1.396,0,0,0,0,0,0,1.396,0,1.396,0,0,1.396,0,1.396
9/1/2026,2022,20231149,42601,39908,TALL OAK WOODFORD,Natural Gas,INTRASTATE,OKLAHOMA,3.7,0,0,0,3.7,0,0,0,3.7,0,0,,,,,3.7,0,0,0,3.7,0,0,0,3.7,0,0,0,0,0,0,0,0,223.94,223.94,0,0,223.94,0,0,0,223.94,227.64,0,0,0,227.64
9/1/2026,2022,20231223,46326,39909,"BEDROCK PRODUCTION, LLC",Natural Gas,INTRASTATE,TEXAS,0,0,0,0,0,,,,,0,0,,,,,0,0,0,0,0,,,,,1.8,13.93,0,15.73,2.75,2.57,0,5.32,11.54,11.54,0,0,11.54,4.55,16.5,0,32.59,11.54,4.55,16.5,0,32.59
9/1/2026,2022,20230993,42433,39913,"DTM LOUISIANA GATHERING, LLC",Natural Gas,INTRASTATE,LOUISIANA,0,0,0,0,0,,,,,0,0,,,,,0,0,0,0,0,,,,,12.01,0,0,12.01,0,0,0,0,463.63,463.63,0,0,463.63,12.01,0,0,475.64,463.63,12.01,0,0,475.64
9/1/2026,2022,20230993,42433,39913,"DTM LOUISIANA GATHERING, LLC",Natural Gas,INTRASTATE,TEXAS,0,0,0,0,0,,,,,0,0,,,,,0,0,0,0,0,,,,,0,0,0,0,0,0,0,0,35.18,35.18,0,0,35.18,0,0,0,35.18,35.18,0,0,0,35.18
9/1/2026,2022,20230414,41813,39928,JAMESTOWN BOARD OF PUBLIC UTILITIES,Natural Gas,INTRASTATE,NEW YORK,24.16,0,2.25,0,26.41,2.25,,,24.16,0,0,,,,,24.16,0,2.25,0,26.41,2.25,,,24.16,0,0,0,0,0,0,0,0,0,0,0,0,0,0,0,0,0,24.16,0,2.25,0,26.41
9/1/2026,2022,20230555,41963,39930,"AMP TEXAS PIPELINES, LLC",Natural Gas,INTRASTATE,TEXAS,0,0,0,0,0,,,,,0,0,,,,,0,0,0,0,0,,,,,2.34,0,0,2.34,0,0,0,0,133.54,133.54,0,0,133.54,2.34,0,0,135.88,133.54,2.34,0,0,135.88
9/1/2026,2022,20231260,42722,39933,"CHEYENNE CONNECTOR, LLC",Natural Gas,INTERSTATE,COLORADO,71.137,0,0.21,0,71.347,1.018,4.32,,66.011,0,0,,,,,71.137,0,0.21,0,71.347,1.018,4.32,,66.011,0,0,0,0,0,0,0,0,0,0,0,0,0,0,0,0,0,71.137,0,0.21,0,71.347
9/1/2026,2022,20231341,42808,39934,"CLEAR CREEK STORAGE COMPANY, LLC",Natural Gas,INTERSTATE,WYOMING,17.63,0,0,0,17.63,0,,,17.63,0,0,,,,,17.63,0,0,0,17.63,0,,,17.63,0,0,0,0,0,0,0,0,0,0,0,0,0,0,0,0,0,17.63,0,0,0,17.63
9/1/2026,2022,20231343,42810,39935,SPIRE STORAGE WEST LLC,Natural Gas,INTERSTATE,WYOMING,18.069,0,0,0,18.069,0,,,18.069,0,0,,,,,18.069,0,0,0,18.069,0,,,18.069,0,0,0,0,0,0,0,0,0,0,0,0,0,0,0,0,0,18.069,0,0,0,18.069
9/1/2026,2022,20230477,41880,39936,NOGP OPERATING COMPANY LLC,Natural Gas,INTRASTATE,OKLAHOMA,12.67,0,0,0,12.67,0,,,12.67,0,0,,,,,12.67,0,0,0,12.67,0,,,12.67,0,0,0,0,0,0,0,0,,,0,0,0,0,0,0,0,12.67,0,0,0,12.67
9/1/2026,2022,20231073,42517,39937,BLACK MOUNTAIN SAND MIDCON LLC,Natural Gas,INTRASTATE,OKLAHOMA,0.94,0,0,0,0.94,,,,0.94,0,0,,,,,0.94,0,0,0,0.94,,,,0.94,0,0,0,0,0,0,0,0,0,0,0,0,0,0,0,0,0,0.94,0,0,0,0.94
9/1/2026,2022,20230368,41764,39939,NZ OPERATING COMPANY INC.,Natural Gas,INTRASTATE,TEXAS,0,0,0,0,0,,,,,0,0,,,,,0,0,0,0,0,,,,,0,0,0,0,4.03,0,0,4.03,0,0,0,0,0,4.03,0,0,4.03,0,4.03,0,0,4.03
9/1/2026,2022,20231352,42819,39942,"RAVEN BUTENE-1, LLC",Natural Gas,INTRASTATE,TEXAS,0.22,0,0,0,0.22,0,,,,0,0,,,,,0.22,0,0,0,0.22,0,,,,0,0,0,0,0,0,0,0,,,0,0,0,0,0,0,0,0.22,0,0,0,0.22
9/1/2026,2022,20231269,42731,39947,"WESTMORELAND GAS, LLC",Natural Gas,INTRASTATE,WEST VIRGINIA,0,0,0,0,0,,,,,0,0,,,,,0,0,0,0,0,,,,,0,0,0,0,3.22,0.29,0,3.51,0,0,0,0,0,3.22,0.29,0,3.51,0,3.22,0.29,0,3.51
9/1/2026,2022,20230827,42256,39950,"3 BEAR DELAWARE OPERATING-NM, LLC",Natural Gas,INTRASTATE,NEW MEXICO,0,0,0,0,0,,,,,0,0,,,,,0,0,0,0,0,,,,,0,0,0,0,0,0,0,0,24.5,24.5,0,0,24.5,0,0,0,24.5,24.5,0,0,0,24.5
9/1/2026,2022,20230244,41635,39951,"SPC RESOURCES, LLC",Natural Gas,INTRASTATE,NEW MEXICO,0,0,0,0,0,,,,,0,0,,,,,0,0,0,0,0,,,,,0,1.42,0,1.42,0,0,0,0,0,0,0,0,0,0,1.42,0,1.42,0,0,1.42,0,1.42
9/1/2026,2022,20231317,42780,39953,"OHIO GATHERING COMPANY, L.L.C.",Natural Gas,INTRASTATE,OHIO,0,0,0,0,0,,,,,0,0,,,,,0,0,0,0,0,,,,,6.84,9.45,0,16.29,0,0.12,0,0.12,333.65,333.65,0,0,333.65,6.84,9.57,0,350.06,333.65,6.84,9.57,0,350.06
9/1/2026,2022,20231318,42781,39954,"JEFFERSON GAS GATHERING COMPANY, L.L.C.",Natural Gas,INTRASTATE,OHIO,0,0,0,0,0,,,,,0,0,,,,,0,0,0,0,0,,,,,14.33,2.5,0,16.83,0,0,0,0,118.39,118.39,0,0,118.39,14.33,2.5,0,135.22,118.39,14.33,2.5,0,135.22
9/1/2026,2022,20230040,41424,39957,VALERO RENEWABLE FUELS,Natural Gas,INTRASTATE,IOWA,1.96,0,0,0,1.96,0,0,0,1.96,0,0,,,,,1.96,0,0,0,1.96,0,0,0,1.96,0,0,0,0,0,0,0,0,,,0,0,0,0,0,0,0,1.96,0,0,0,1.96
9/1/2026,2022,20231415,42955,39970,"LAZARUS GAS GATHERING, LLC",Natural Gas,INTRASTATE,OKLAHOMA,0,0,0,0,0,,,,,0,0,,,,,0,0,0,0,0,,,,,0,0,0,0,0,0,0,0,36.05,36.05,0,0,36.05,0,0,0,36.05,36.05,0,0,0,36.05
9/1/2026,2022,20231415,42955,39970,"LAZARUS GAS GATHERING, LLC",Natural Gas,INTRASTATE,TEXAS,0,0,0,0,0,,,,,0,0,,,,,0,0,0,0,0,,,,,0,0,0,0,0,0,0,0,58.45,58.45,0,0,58.45,0,0,0,58.45,58.45,0,0,0,58.45
9/1/2026,2022,20230604,42017,39972,AMERESCO NINETY FIRST AVENUE RENEWABLE BIOGAS,Natural Gas,INTRASTATE,ARIZONA,0,0,3.1,0,3.1,0,0,3.1,0,0,0,,,,,0,0,3.1,0,3.1,0,0,3.1,0,0,0,0,0,0,0,0,0,0,0,0,0,0,0,0,0,0,0,0,3.1,0,3.1
9/1/2026,2022,20231465,43124,39974,"PETRODOME OPERATING, LLC",Natural Gas,INTRASTATE,TEXAS,1.39,0,0,0,1.39,,,,1.39,0,0,,,,,1.39,0,0,0,1.39,,,,1.39,1.91,2.48,0,4.39,,,0,0,0,0,0,0,0,1.91,2.48,0,4.39,1.39,1.91,2.48,0,5.78
9/1/2026,2022,20230442,41842,39977,PENN ENERGY RESOURCES,Natural Gas,INTRASTATE,PENNSYLVANIA,0,0,0,0,0,,,,,0,0,,,,,0,0,0,0,0,,,,,0.978,0,0,0.978,0,0,0,0,0.944,0.944,0,0,0.944,0.978,0,0,1.922,0.944,0.978,0,0,1.922
9/1/2026,2022,20230859,42292,39978,"GALLOWAY LONE STAR, L.L.C.",Natural Gas,INTRASTATE,TEXAS,0,0,0,0,0,,,,,0,0,,,,,0,0,0,0,0,,,,,0,0,0,0,3.495,2.64,0,6.135,0,0,0,0,0,3.495,2.64,0,6.135,0,3.495,2.64,0,6.135
9/1/2026,2022,20230469,41872,39981,WEST TYLER PIPELINE LLC,Natural Gas,INTRASTATE,TEXAS,8.88,0,0,0,8.88,0,,,8.88,0,0,,,,,8.88,0,0,0,8.88,0,,,8.88,0,0,0,0,0,0,0,0,0,0,0,0,0,0,0,0,0,8.88,0,0,0,8.88
9/1/2026,2022,20230340,41735,39983,GOFF CONNECTOR LLC,Natural Gas,INTRASTATE,WEST VIRGINIA,0,0,0,0,0,,,,,0,0,,,,,0,0,0,0,0,,,,,2.53,0,0,2.53,0,0,0,0,17.67,17.67,0,0,17.67,2.53,0,0,20.2,17.67,2.53,0,0,20.2
9/1/2026,2022,20230384,41781,39985,COLLEGIATE MIDSTREAM LLC,Natural Gas,INTRASTATE,TEXAS,0,0,10.27,0,10.27,0.82,,9.45,,0,0,,,,,0,0,10.27,0,10.27,0.82,,9.45,,0,3.56,0,3.56,0,0,0,0,0,0,0,0,0,0,3.56,0,3.56,0,0,13.83,0,13.83
9/1/2026,2022,20231239,42700,39986,"EMPIRE ENERGY E&P, LLC",Natural Gas,INTRASTATE,NEW YORK,0,0,0,0,0,,,,,0,0,,,,,0,0,0,0,0,,,,,0,0,0,0,3.47,0.64,0,4.11,,,0,0,0,3.47,0.64,0,4.11,0,3.47,0.64,0,4.11
9/1/2026,2022,20231239,42700,39986,"EMPIRE ENERGY E&P, LLC",Natural Gas,INTRASTATE,PENNSYLVANIA,0,0,0,0,0,,,,,0,0,,,,,0,0,0,0,0,,,,,0,0,0,0,0.43,0,0,0.43,,,0,0,0,0.43,0,0,0.43,0,0.43,0,0,0.43
9/1/2026,2022,20230979,45003,39987,"RELIABLE PIPELINE, LLC",Natural Gas,INTRASTATE,MICHIGAN,0,4.24,0,0,4.24,0,0,,4.24,0,0,,,,,0,4.24,0,0,4.24,0,0,,4.24,0,0,0,0,0,0,0,0,0,0,0,0,0,0,0,0,0,0,4.24,0,0,4.24
9/1/2026,2022,20230631,42044,39989,"HG ENERGY II  APPALACHIA, LLC",Natural Gas,INTRASTATE,WEST VIRGINIA,0,0,0,0,0,,,,,0,0,,,,,0,0,0,0,0,,,,,0,0,0,0,0,0,0,0,20.5,20.5,0,0,20.5,0,0,0,20.5,20.5,0,0,0,20.5
9/1/2026,2022,20230841,42273,39992,MEGLOBAL AMERICAS INC.,Natural Gas,INTRASTATE,TEXAS,5.77,0,0.17,0,5.94,0.2,,,5.74,0,0,,,,,5.77,0,0.17,0,5.94,0.2,,,5.74,0,0,0,0,0,0,0,0,0,0,0,0,0,0,0,0,0,5.77,0,0.17,0,5.94
9/1/2026,2022,20230842,42274,39992,MEGLOBAL AMERICAS INC.,Other Gas-Ethylene Gas,INTRASTATE,TEXAS,0.74,0,0,0,0.74,,,,0.74,0,0,,,,,0.74,0,0,0,0.74,,,,0.74,0,0,0,0,0,0,0,0,,,0,0,0,0,0,0,0,0.74,0,0,0,0.74
9/1/2026,2022,20230441,41844,39993,"TRISTATE NLA, LLC",Natural Gas,INTERSTATE,LOUISIANA,0,0,0,0,0,,,,,0,0,,,,,0,0,0,0,0,,,,,2.18,3.23,0,5.41,0,0,0,0,0,0,0,0,0,2.18,3.23,0,5.41,0,2.18,3.23,0,5.41
9/1/2026,2022,20230441,41844,39993,"TRISTATE NLA, LLC",Natural Gas,INTERSTATE,TEXAS,0,0,0,0,0,,,,,0,0,,,,,0,0,0,0,0,,,,,2.81,0.003,0,2.813,0,0,0,0,,,0,0,0,2.81,0.003,0,2.813,0,2.81,0.003,0,2.813
9/1/2026,2022,20230441,41844,39993,"TRISTATE NLA, LLC",Natural Gas,INTRASTATE,LOUISIANA,0,0,0,0,0,,,,,0,0,,,,,0,0,0,0,0,,,,,0.49,0,0,0.49,0,0,0,0,,,0,0,0,0.49,0,0,0.49,0,0.49,0,0,0.49
9/1/2026,2022,20230441,41844,39993,"TRISTATE NLA, LLC",Natural Gas,INTRASTATE,TEXAS,0,0,0,0,0,,,,,0,0,,,,,0,0,0,0,0,,,,,8.522,9.816,0,18.338,0,0,0,0,,,0,0,0,8.522,9.816,0,18.338,0,8.522,9.816,0,18.338
9/1/2026,2022,20230382,41779,39998,BOUNTY TRANSFER LLC,Natural Gas,INTRASTATE,OKLAHOMA,8.9,2.11,0,0,11.01,0,0.41,0,10.6,0,0,,,,,8.9,2.11,0,0,11.01,0,0.41,0,10.6,6.4,0,0,6.4,0,0,0,0,128.29,128.29,0,0,128.29,6.4,0,0,134.69,137.19,8.51,0,0,145.7
9/1/2026,2022,20231467,43128,39999,"MATHESON TRI-GAS, INC",Hydrogen Gas,INTRASTATE,TEXAS,5.2,1.9,4.7,0,11.8,0.9,1.1,2.8,6.9,0,0,,,,,5.2,1.9,4.7,0,11.8,0.9,1.1,2.8,6.9,0,0,0,0,0,0,0,0,0,0,0,0,0,0,0,0,0,5.2,1.9,4.7,0,11.8
9/1/2026,2022,20230395,41794,39999,"MATHESON TRI-GAS, INC",Natural Gas,INTRASTATE,TEXAS,5.2,1.9,4.7,0,11.8,0.9,1.1,2.8,6.9,0,0,,,,,5.2,1.9,4.7,0,11.8,0.9,1.1,2.8,6.9,0,0,0,0,0,0,0,0,0,0,0,0,0,0,0,0,0,5.2,1.9,4.7,0,11.8
9/1/2026,2022,20230459,41860,40001,"KINCAID GENERATION, LLC",Natural Gas,INTRASTATE,ILLINOIS,5,0,0,0,5,0,0,0,5,0,0,,,,,5,0,0,0,5,0,0,0,5,0,0,0,0,0,0,0,0,0,0,0,0,0,0,0,0,0,5,0,0,0,5
9/1/2026,2022,20230722,42144,40002,LAYLINE OIL AND GAS LLC,Natural Gas,INTRASTATE,MICHIGAN,6.43,0,0.5,0,6.93,0,0.5,6.43,0,0,0,,,,,6.43,0,0.5,0,6.93,0,0.5,6.43,0,0,0,0,0,0,0,0,0,0,0,0,0,0,0,0,0,0,6.43,0,0.5,0,6.93
9/1/2026,2022,20230403,41802,40003,"DOS CAMINOS, LLC",Natural Gas,INTRASTATE,TEXAS,15.47,0,0,0,15.47,0,0,0,15.47,0,0,,,,,15.47,0,0,0,15.47,0,0,0,15.47,0,0,0,0,0,0,0,0,0,0,0,0,0,0,0,0,0,15.47,0,0,0,15.47
9/1/2026,2022,20230041,41425,40005,LOS ANGELES WATER & POWER,Natural Gas,INTRASTATE,CALIFORNIA,0,0,1.1,0,1.1,1.1,,,,0,0,,,,,0,0,1.1,0,1.1,1.1,,,,0,0,0,0,0,0,0,0,0,0,0,0,0,0,0,0,0,0,0,1.1,0,1.1
9/1/2026,2022,20230390,41788,40013,"ENDEAVOR ENERGY RESOURCES, LP",Natural Gas,INTRASTATE,TEXAS,0,0,0,0,0,,,,,0,0,,,,,0,0,0,0,0,,,,,0,18.736,0,18.736,0,0,0,0,,,0,0,0,0,18.736,0,18.736,0,0,18.736,0,18.736
9/1/2026,2022,20230139,41526,40018,"BUZZARDS BENCH, LLC",Natural Gas,INTRASTATE,UTAH,0,0,0,0,0,0,,,,0,0,,,,,0,0,0,0,0,0,,,,0.5,0,0,0.5,0,0,0,0,,,0,0,0,0.5,0,0,0.5,0,0.5,0,0,0.5
9/1/2026,2022,20230247,41639,40024,"BRANCH ENERGY PARTNERS, LLC",Natural Gas,INTRASTATE,TEXAS,0,0,0,0,0,,,,,0,0,,,,,0,0,0,0,0,,,,,0.92,2.32,0,3.24,3.91,8.32,0.2,12.43,0,0,0,0,0,4.83,10.64,0.2,15.67,0,4.83,10.64,0.2,15.67
9/1/2026,2022,20231151,42603,40029,"VM ARKOMA STACK, LLC",Natural Gas,INTRASTATE,OKLAHOMA,2.36,0,0,0,2.36,,,,2.36,0,0,,,,,2.36,0,0,0,2.36,,,,2.36,0,0,0,0,2.85,0.31,0,3.16,174.23,174.23,0,0,174.23,2.85,0.31,0,177.39,176.59,2.85,0.31,0,179.75
9/1/2026,2022,20231400,42900,40034,TEXAS PETROLEUM INVESTMENT COMPANY,Natural Gas,INTRASTATE,LOUISIANA,0,0,0,0,0,,,,,0,0,,,,,0,0,0,0,0,,,,,0,1.56,0,1.56,0,0,0,0,,,0,0,0,0,1.56,0,1.56,0,0,1.56,0,1.56
9/1/2026,2022,20230388,41785,40035,"FORDYCE OIL & GAS, LLC",Natural Gas,INTRASTATE,TEXAS,0,0,0,0,0,,,,,0,0,,,,,0,0,0,0,0,,,,,2.3,0,0,2.3,0,0,0,0,0,0,0,0,0,2.3,0,0,2.3,0,2.3,0,0,2.3
9/1/2026,2022,20230726,42151,40037,"BUCHANAN GENERATION, LLC",Natural Gas,INTRASTATE,VIRGINIA,1,0,0,0,1,,,,1,0,0,,,,,1,0,0,0,1,,,,1,0,0,0,0,0,0,0,0,0,0,0,0,0,0,0,0,0,1,0,0,0,1
9/1/2026,2022,20231418,42947,40038,"JM INVESTMENTS, LLC",Natural Gas,INTRASTATE,TEXAS,1.7,0,0,0,1.7,,,,1.7,0,0,,,,,1.7,0,0,0,1.7,,,,1.7,0,0,0,0,0,0,0,0,0,0,0,0,0,0,0,0,0,1.7,0,0,0,1.7
9/1/2026,2022,20231409,42924,40039,STREAMLINE MIDSTREAM INC.,Natural Gas,INTRASTATE,OKLAHOMA,0,0,0,0,0,,,,,0,0,,,,,0,0,0,0,0,,,,,0,0,0,0,0,1,0,1,0,0,0,0,0,0,1,0,1,0,0,1,0,1
9/1/2026,2022,20230833,42263,40044,CANES INTRASTATE PIPELINE LLC,Natural Gas,INTRASTATE,TEXAS,25.6,0,0,0,25.6,,,,25.6,0,0,,,,,25.6,0,0,0,25.6,,,,25.6,0,0,0,0,0,0,0,0,0,0,0,0,0,0,0,0,0,25.6,0,0,0,25.6
9/1/2026,2022,20230941,42375,40045,"COMSTOCK OIL & GAS, LLC",Natural Gas,INTRASTATE,TEXAS,0,0,0,0,0,,,,,0,0,,,,,0,0,0,0,0,,,,,5.166,0,0,5.166,0,0,0,0,106.01,106.01,0,0,106.01,5.166,0,0,111.176,106.01,5.166,0,0,111.176
9/1/2026,2022,20231068,42512,40049,"DANE RENEWABLE ENERGY, LLC",Landfill Gas,INTRASTATE,WISCONSIN,1.3,0,0,0,1.3,0,,,1.3,0,0,,,,,1.3,0,0,0,1.3,0,,,1.3,0,0,0,0,0,0,0,0,0,0,0,0,0,0,0,0,0,1.3,0,0,0,1.3
9/1/2026,2022,20230956,42391,40050,ECO ENERGY NATURAL GAS LLC,Natural Gas,INTRASTATE,KENTUCKY,0,0,0,0,0,,,,,0,0,,,,,0,0,0,0,0,,,,,6.9,0,0,6.9,9.97,1.67,0,11.64,24.78,24.78,0,0,24.78,16.87,1.67,0,43.32,24.78,16.87,1.67,0,43.32
9/1/2026,2022,20230956,42391,40050,ECO ENERGY NATURAL GAS LLC,Natural Gas,INTRASTATE,TENNESSEE,0,0,0,0,0,,,,,0,0,,,,,0,0,0,0,0,,,,,1.368,0,0,1.368,0.31,0,0,0.31,0,0,0,0,0,1.678,0,0,1.678,0,1.678,0,0,1.678
9/1/2026,2022,20230956,42391,40050,ECO ENERGY NATURAL GAS LLC,Natural Gas,INTRASTATE,VIRGINIA,3.13,4.99,0,0,8.12,,,,8.12,0,0,,,,,3.13,4.99,0,0,8.12,,,,8.12,24.4,0.6,0,25,0,0,0,0,9.3,9.3,0,0,9.3,24.4,0.6,0,34.3,12.43,29.39,0.6,0,42.42
9/1/2026,2022,20231077,42521,40052,"COMSTOCK OIL & GAS -- LA, LLC",Natural Gas,INTRASTATE,LOUISIANA,0.063,0,0,0,0.063,,,,0.063,0,0,,,,,0.063,0,0,0,0.063,,,,0.063,2.907,0,0,2.907,0,0,0,0,94.931,94.931,0,0,94.931,2.907,0,0,97.838,94.994,2.907,0,0,97.901
9/1/2026,2022,20231234,42695,40053,"TRANSCAMERON PIPELINE, LLC",Natural Gas,INTERSTATE,LOUISIANA,22.83,0.29,0.23,0,23.35,1.8,21.55,,,0,0,,,,,22.83,0.29,0.23,0,23.35,1.8,21.55,,,0,0,0,0,0,0,0,0,0,0,0,0,0,0,0,0,0,22.83,0.29,0.23,0,23.35
9/1/2026,2022,20230969,44878,40054,"WEST WICHITA GAS GATHERING, LLC",Natural Gas,INTRASTATE,KANSAS,8.83,0,0,0,8.83,0,,,8.83,0,0,,,,,8.83,0,0,0,8.83,0,,,8.83,0,0,0,0,0,0.14,0,0.14,20.17,20.17,0,0,20.17,0,0.14,0,20.31,29,0,0.14,0,29.14
9/1/2026,2022,20251467,46925,40055,CAMBRIA ASPHALT,Natural Gas,INTRASTATE,NEW YORK,0.1,0,0,0,0.1,,,,,0,0,,,,,0.1,0,0,0,0.1,,,,,0,0,0,0,0,0,0,0,0,0,0,0,0,0,0,0,0,0.1,0,0,0,0.1
9/1/2026,2022,20231447,43024,40058,"LM TOUCHDOWN, LLC",Natural Gas,INTRASTATE,NEW MEXICO,0,0,0,0,0,,,,,0,0,,,,,0,0,0,0,0,,,,,0,0,0,0,0,0,0,0,10.703,10.703,0,0,10.703,0,0,0,10.703,10.703,0,0,0,10.703
9/1/2026,2022,20230143,41530,40060,"FROST BROTHERS PIPELINE, LLC",Natural Gas,INTRASTATE,TEXAS,0,0,0.76,0,0.76,0,0,0.76,0,0,0,,,,,0,0,0.76,0,0.76,0,0,0.76,0,0.234,0,0,0.234,0,0,0,0,,,0,0,0,0.234,0,0,0.234,0,0.234,0.76,0,0.994
9/1/2026,2022,20231391,42886,40062,AMERESCO (USCG BALTIMORE),Landfill Gas,INTRASTATE,MARYLAND,0.66,0,0,0,0.66,,,,0.66,0,0,,,,,0.66,0,0,0,0.66,,,,0.66,0,0,0,0,0,0,0,0,0,0,0,0,0,0,0,0,0,0.66,0,0,0,0.66
9/1/2026,2022,20231125,42575,40063,"ROARING FORK MIDSTREAM, LLC",Natural Gas,INTERSTATE,COLORADO,3.71,0,0,0,3.71,,2.52,,1.19,0,0,,,,,3.71,0,0,0,3.71,,2.52,,1.19,0,0,0,0,0,0,0,0,0,0,0,0,0,0,0,0,0,3.71,0,0,0,3.71
9/1/2026,2022,20231125,42575,40063,"ROARING FORK MIDSTREAM, LLC",Natural Gas,INTERSTATE,WYOMING,26.85,0.6,0,0,27.45,0,0.13,,27.32,0,0,,,,,26.85,0.6,0,0,27.45,0,0.13,,27.32,0,0,0,0,0,0,0,0,0,0,0,0,0,0,0,0,0,26.85,0.6,0,0,27.45
9/1/2026,2022,20230231,41622,40065,TITAN ROCK EXPLORATION & PRODUCTION,Natural Gas,INTRASTATE,TEXAS,0,0,0,0,0,,,,,0,0,,,,,0,0,0,0,0,,,,,3.6,0,0,3.6,0,0,0,0,0,0,0,0,0,3.6,0,0,3.6,0,3.6,0,0,3.6
9/1/2026,2022,20230615,42028,40069,"STINGRAY PIPELINE COMPANY, LLC",Natural Gas,INTERSTATE,LOUISIANA,3.84,0.57,0,0,4.41,0.49,0,0,3.92,3.64,3.64,0.14,0.07,0,3.43,7.48,0.57,0,0,8.05,0.63,0.07,0,7.35,0,0,0,0,0,0,0,0,0,0,0,0,0,0,0,0,0,7.48,0.57,0,0,8.05
9/1/2026,2022,20230615,42028,40069,"STINGRAY PIPELINE COMPANY, LLC",Natural Gas,INTERSTATE,OCS-Gulf of Mexico,0,0,0,0,0,0,0,0,0,95.34,95.34,0,0,0,95.34,95.34,0,0,0,95.34,0,0,0,95.34,0,0,0,0,0,0,0,0,0,0,230.37,230.37,230.37,0,0,0,230.37,325.71,0,0,0,325.71
9/1/2026,2022,20231389,42882,40072,TEXAS AMERICAN RESOURCES COMPANY,Natural Gas,INTRASTATE,TEXAS,0,0,0,0,0,,,,,0,0,,,,,0,0,0,0,0,,,,,0,1.25,0,1.25,0,0,0,0,0,0,0,0,0,0,1.25,0,1.25,0,0,1.25,0,1.25
9/1/2026,2022,20230158,41545,40080,INDORAMA VENTURES OXIDES LLC,Hydrogen Gas,INTRASTATE,TEXAS,2.09,0,0,0,2.09,,,,2.09,0,0,,,,,2.09,0,0,0,2.09,,,,2.09,0,0,0,0,0,0,0,0,0,0,0,0,0,0,0,0,0,2.09,0,0,0,2.09
9/1/2026,2022,20230347,41742,40080,INDORAMA VENTURES OXIDES LLC,Other Gas-Refinery Gas,INTRASTATE,TEXAS,8.96,0,1,0,9.96,0.92,1.64,0.26,7.14,0,0,,,,,8.96,0,1,0,9.96,0.92,1.64,0.26,7.14,0,0,0,0,0,0,0,0,0,0,0,0,0,0,0,0,0,8.96,0,1,0,9.96
9/1/2026,2022,20230457,41858,40081,TG NATURAL RESOURCES,Natural Gas,INTRASTATE,TEXAS,0,0,0,0,0,,,,,0,0,,,,,0,0,0,0,0,,,,,0,0,0,0,12.85,14.77,0,27.62,0,0,0,0,0,12.85,14.77,0,27.62,0,12.85,14.77,0,27.62
9/1/2026,2022,20230935,42368,40084,CAMINO REAL GAS GATHERING COMPANY LLC,Natural Gas,INTRASTATE,TEXAS,0,0,0,0,0,,,,,0,0,,,,,0,0,0,0,0,,,,,0,0.121,0,0.121,0,0,0,0,57.778,57.778,0,0,57.778,0,0.121,0,57.899,57.778,0,0.121,0,57.899
9/1/2026,2022,20230438,41838,40085,"TRISTATE RTX, LLC",Natural Gas,INTRASTATE,TEXAS,7.56,6.32,2.88,0,16.76,0.12,,2.76,13.88,0,0,,,,,7.56,6.32,2.88,0,16.76,0.12,,2.76,13.88,0,0,0,0,0,0,0,0,0,0,0,0,0,0,0,0,0,7.56,6.32,2.88,0,16.76
9/1/2026,2022,20230433,41833,40086,"TRISTATE RLA, LLC",Natural Gas,INTRASTATE,LOUISIANA,13.149,0.631,0,0,13.78,,,,13.78,0,0,,,,,13.149,0.631,0,0,13.78,,,,13.78,0,0,0,0,0,0,0,0,0,0,0,0,0,0,0,0,0,13.149,0.631,0,0,13.78
9/1/2026,2022,20230365,41761,40087,OE2 NORTH LLC,Natural Gas,INTRASTATE,NORTH DAKOTA,0,0,0,0,0,,,,,0,0,,,,,0,0,0,0,0,,,,,0,0,0,0,0,0,0,0,107.45,107.45,0,0,107.45,0,0,0,107.45,107.45,0,0,0,107.45
9/1/2026,2022,20230942,42376,40093,AIR LIQUIDE ADVANCED TECHNOLOGIES US LLC G,Other Gas-Processed Landfill Methane,INTRASTATE,WISCONSIN,1.9,3.7,0,0,5.6,,,,5.6,0,0,,,,,1.9,3.7,0,0,5.6,,,,5.6,0,0,0,0,0,0,0,0,0,0,0,0,0,0,0,0,0,1.9,3.7,0,0,5.6
9/1/2026,2022,20230878,42311,40095,"PETROTX OPERATING, LLC",Natural Gas,INTRASTATE,TEXAS,0,0,0,0,0,,,,,0,0,,,,,0,0,0,0,0,,,,,0.97,2.076,0,3.046,0,2.558,0,2.558,0,0,0,0,0,0.97,4.634,0,5.604,0,0.97,4.634,0,5.604
9/1/2026,2022,20231448,43026,40100,"DOUBLE PLAY OIL & GAS, INC",Natural Gas,INTRASTATE,TEXAS,0,0,0,0,0,,,,,0,0,,,,,0,0,0,0,0,,,,,6.643,0,0,6.643,0,0,0,0,0,0,0,0,0,6.643,0,0,6.643,0,6.643,0,0,6.643
9/1/2026,2022,20230432,41832,40119,VERMILLION POWER,Natural Gas,INTRASTATE,OHIO,4.889,3.103,0,0,7.992,0,2.117,,5.875,0,0,,,,,4.889,3.103,0,0,7.992,0,2.117,,5.875,0,0,0,0,0,0,0,0,0,0,0,0,0,0,0,0,0,4.889,3.103,0,0,7.992
9/1/2026,2022,20230313,42578,40121,LINN COUNTY ROAD DEPARTMENT,Natural Gas,INTRASTATE,OREGON,3.4,1.87,0.93,0,6.2,0.8,0.3,0.2,4.9,0,0,,,,,3.4,1.87,0.93,0,6.2,0.8,0.3,0.2,4.9,0,0,0,0,0,0,0,0,0,0,0,0,0,0,0,0,0,3.4,1.87,0.93,0,6.2
9/1/2026,2022,20230230,42853,40122,BCE-MACH III MIDSTREAM HOLDINGS LLC,Natural Gas,INTRASTATE,OKLAHOMA,13.56,0,0,0,13.56,,0.16,,13.4,0,0,,,,,13.56,0,0,0,13.56,,0.16,,13.4,0,0,0,0,0.67,0,0,0.67,78.43,78.43,0,0,78.43,0.67,0,0,79.1,91.99,0.67,0,0,92.66
9/1/2026,2022,20231372,42844,40123,"BEECH MIDSTREAM, LLC",Natural Gas,INTRASTATE,PENNSYLVANIA,0,0,0,0,0,,,,,0,0,,,,,0,0,0,0,0,,,,,2.22,0,0,2.22,0,0,0,0,1.6,1.6,0,0,1.6,2.22,0,0,3.82,1.6,2.22,0,0,3.82
9/1/2026,2022,20230867,42905,40128,IACX ROCK CREEK LLC,Natural Gas,INTRASTATE,TEXAS,19.742,3.582,2.112,0,25.436,,,2.112,23.324,0,0,,,,,19.742,3.582,2.112,0,25.436,,,2.112,23.324,1.84,0.6,0,2.44,8.112,5.555,0,13.667,1059.797,1059.797,0,0,1059.797,9.952,6.155,0,1075.904,1079.539,13.534,8.267,0,1101.34
9/1/2026,2022,20230057,41442,40129,"ZFS ITHACA, LLC",Natural Gas,INTRASTATE,MICHIGAN,18.94,0,0,0,18.94,0,,0,18.94,0,0,,,,,18.94,0,0,0,18.94,0,,0,18.94,0,0,0,0,0,0,0,0,,,0,0,0,0,0,0,0,18.94,0,0,0,18.94
9/1/2026,2022,20231087,42531,40132,"XCL MIDSTREAM OPERATING, LLC",Natural Gas,INTRASTATE,WEST VIRGINIA,0,0,0,0,0,,,,,0,0,,,,,0,0,0,0,0,,,,,3.82,0,0,3.82,0,0,0,0,79.09,79.09,0,0,79.09,3.82,0,0,82.91,79.09,3.82,0,0,82.91
9/1/2026,2022,20231029,42471,40133,SENECA FOODS - NW GAS CONTRACTED,Landfill Gas,INTRASTATE,MINNESOTA,0,0.82,0,0,0.82,,,,0.82,0,0,,,,,0,0.82,0,0,0.82,,,,0.82,0,0,0,0,0,0,0,0,0,0,0,0,0,0,0,0,0,0,0.82,0,0,0.82
9/1/2026,2022,20231347,43068,40135,"EVERLINE COMPLIANCE, LLC",Natural Gas,INTRASTATE,CALIFORNIA,6.72,0,10.14,0.26,17.12,2.57,3.46,3.02,8.07,0,0,,,,,6.72,0,10.14,0.26,17.12,2.57,3.46,3.02,8.07,0,0,0,0,0,0,0,0,0,0,0,0,0,0,0,0,0,6.72,0,10.14,0.26,17.12
9/1/2026,2022,20231347,43068,40135,"EVERLINE COMPLIANCE, LLC",Natural Gas,INTRASTATE,LOUISIANA,3.83,0,0.9,0,4.73,0.9,0,0,3.83,0,0,,,,,3.83,0,0.9,0,4.73,0.9,0,0,3.83,0,0,0,0,0,0,0,0,0,0,0,0,0,0,0,0,0,3.83,0,0.9,0,4.73
9/1/2026,2022,20231347,43068,40135,"EVERLINE COMPLIANCE, LLC",Natural Gas,INTRASTATE,MISSISSIPPI,16.8,0.6,0.3,0,17.7,0.3,0,0.3,17.1,0,0,,,,,16.8,0.6,0.3,0,17.7,0.3,0,0.3,17.1,0,0,0,0,0,0,0,0,0,0,0,0,0,0,0,0,0,16.8,0.6,0.3,0,17.7
9/1/2026,2022,20231347,43068,40135,"EVERLINE COMPLIANCE, LLC",Natural Gas,INTRASTATE,NEBRASKA,10,0,0,0,10,0,,0,10,0,0,,,,,10,0,0,0,10,0,,0,10,0,0,0,0,0,0,0,0,0,0,0,0,0,0,0,0,0,10,0,0,0,10
9/1/2026,2022,20231347,43068,40135,"EVERLINE COMPLIANCE, LLC",Natural Gas,INTRASTATE,PENNSYLVANIA,4.5,0,0,0,4.5,0,4.5,0,0,0,0,,,,,4.5,0,0,0,4.5,0,4.5,0,0,0,0,0,0,0,0,0,0,0,0,0,0,0,0,0,0,0,4.5,0,0,0,4.5
9/1/2026,2022,20231347,43068,40135,"EVERLINE COMPLIANCE, LLC",Natural Gas,INTRASTATE,TEXAS,71.29,8,3.53,0,82.82,1.5,0.36,0,80.96,0,0,,,,,71.29,8,3.53,0,82.82,1.5,0.36,0,80.96,0,0,0,0,0,0,0,0,0,0,0,0,0,0,0,0,0,71.29,8,3.53,0,82.82
9/1/2026,2022,20231088,42532,40139,"VENICE GATHERING SYSTEM, L.L.C.",Natural Gas,INTERSTATE,LOUISIANA,0,0,0,0,0,,,,,0,0,,,,,0,0,0,0,0,,,,,0,0,0,0,0,0,0,0,0,0,2.93,2.93,2.93,0,0,0,2.93,2.93,0,0,0,2.93
9/1/2026,2022,20231088,42532,40139,"VENICE GATHERING SYSTEM, L.L.C.",Natural Gas,INTERSTATE,OCS-Gulf of Mexico,0,0,0,0,0,,,,,0,0,,,,,0,0,0,0,0,,,,,0,0,0,0,0,0,0,0,0,0,143.372,143.372,143.372,0,0,0,143.372,143.372,0,0,0,143.372
9/1/2026,2022,20230587,43004,40142,"MAX MIDSTREAM TEXAS, LLC",Natural Gas,INTRASTATE,TEXAS,0,0,0,0,0,,,,0,0,0,,,,,0,0,0,0,0,,,,0,16.4,13.63,0,30.03,0,0,0,0,240.89,240.89,0,0,240.89,16.4,13.63,0,270.92,240.89,16.4,13.63,0,270.92
9/1/2026,2022,20230370,41767,40143,"TEJAS POWER GENERATION, LLC",Natural Gas,INTRASTATE,TEXAS,0,0.46,0,0,0.46,,,,0.46,,0,,,,,0,0.46,0,0,0.46,,,,0.46,0,0,0,0,0,0,0,0,0,0,0,0,0,0,0,0,0,0,0.46,0,0,0.46
9/1/2026,2022,20230553,41961,40145,"POTAC, LLC",Natural Gas,INTRASTATE,TEXAS,1.07,0,0,0,1.07,0,0,0,1.07,0,0,,,,,1.07,0,0,0,1.07,0,0,0,1.07,0,0,0,0,0,0,0,0,,,0,0,0,0,0,0,0,1.07,0,0,0,1.07
9/1/2026,2022,20231286,43733,40146,"CONTINENTAL RESOURCES, INC.",Natural Gas,INTRASTATE,OKLAHOMA,0,0,0,0,0,,,,,0,0,,,,,0,0,0,0,0,,,,,0,0,0,0,0,0,0,0,1.407,1.407,0,0,1.407,0,0,0,1.407,1.407,0,0,0,1.407
9/1/2026,2022,20231460,43111,40147,"NUGULF OPERATING, LLC",Natural Gas,INTRASTATE,LOUISIANA,5.2,0,0,0,5.2,0,0,0,5.2,0,0,,,,,5.2,0,0,0,5.2,0,0,0,5.2,0,0,0,0,0,0,0,0,,,0,0,0,0,0,0,0,5.2,0,0,0,5.2
9/1/2026,2022,20231404,42910,40148,"OSAGE HILLS PIPELINE COMPANY, LLC",Natural Gas,INTRASTATE,OKLAHOMA,0,0,0,0,0,,,,,0,0,,,,,0,0,0,0,0,,,,,0,0,0,0,0,6.87,0,6.87,0,0,0,0,0,0,6.87,0,6.87,0,0,6.87,0,6.87
9/1/2026,2022,20231315,42954,40149,MPLX LP,Natural Gas,INTERSTATE,OKLAHOMA,51.88,0,0,0,51.88,0,,,51.88,0,0,,,,,51.88,0,0,0,51.88,0,,,51.88,0,0,0,0,0,0,0,0,0,0,0,0,0,0,0,0,0,51.88,0,0,0,51.88
9/1/2026,2022,20231315,42954,40149,MPLX LP,Natural Gas,INTERSTATE,WYOMING,20.84,0,0,0,20.84,,,,20.84,0,0,,,,,20.84,0,0,0,20.84,,,,20.84,0,0,0,0,0,0,0,0,0,0,0,0,0,0,0,0,0,20.84,0,0,0,20.84
9/1/2026,2022,20231315,42954,40149,MPLX LP,Natural Gas,INTRASTATE,COLORADO,0,0,0,0,0,,,,,0,0,,,,,0,0,0,0,0,,,,,0,0.21,0,0.21,0,0,0,0,9.64,9.64,0,0,9.64,0,0.21,0,9.85,9.64,0,0.21,0,9.85
9/1/2026,2022,20231315,42954,40149,MPLX LP,Natural Gas,INTRASTATE,NEW MEXICO,0,0,0,0,0,,,,,0,0,,,,,0,0,0,0,0,,,,,0.32,0,0,0.32,4.57,0,0,4.57,159.54,159.54,0,0,159.54,4.89,0,0,164.43,159.54,4.89,0,0,164.43
9/1/2026,2022,20231315,42954,40149,MPLX LP,Natural Gas,INTRASTATE,NORTH DAKOTA,0,0,0,0,0,,,,,0,0,,,,,0,0,0,0,0,,,,,0.23,2.19,0,2.42,0,7.61,0,7.61,81.92,81.92,0,0,81.92,0.23,9.8,0,91.95,81.92,0.23,9.8,0,91.95
9/1/2026,2022,20231315,42954,40149,MPLX LP,Natural Gas,INTRASTATE,OKLAHOMA,,,,,,,,,,,0,,,,,,0,0,0,0,,,,,4.87,8.28,0,13.15,0,1.35,0,1.35,1655.54,1655.54,0,0,1655.54,4.87,9.63,0,1670.04,1655.54,4.87,9.63,0,1670.04
9/1/2026,2022,20231315,42954,40149,MPLX LP,Natural Gas,INTRASTATE,PENNSYLVANIA,0,0,0,0,0,,,,,0,0,,,,,0,0,0,0,0,,,,,20.77,14.83,0,35.6,1.32,27.95,0,29.27,210.96,210.96,0,0,210.96,22.09,42.78,0,275.83,210.96,22.09,42.78,0,275.83
9/1/2026,2022,20231315,42954,40149,MPLX LP,Natural Gas,INTRASTATE,TEXAS,17.27,6.07,3.46,0,26.8,4.48,,0.47,21.85,0,0,,,,,17.27,6.07,3.46,0,26.8,4.48,,0.47,21.85,28.09,12.71,0,40.8,0,0,0,0,613.5,613.5,0,0,613.5,28.09,12.71,0,654.3,630.77,34.16,16.17,0,681.1
9/1/2026,2022,20231315,42954,40149,MPLX LP,Natural Gas,INTRASTATE,UTAH,0,0,0,0,0,,,,,0,0,,,,,0,0,0,0,0,,,,,0,10.12,0,10.12,0,0.44,0,0.44,349.08,349.08,0,0,349.08,0,10.56,0,359.64,349.08,0,10.56,0,359.64
9/1/2026,2022,20231315,42954,40149,MPLX LP,Natural Gas,INTRASTATE,WEST VIRGINIA,0,0,0,0,0,,,,,0,0,,,,,0,0,0,0,0,,,,,0,4.08,0,4.08,0,0,0,0,24.48,24.48,0,0,24.48,0,4.08,0,28.56,24.48,0,4.08,0,28.56
9/1/2026,2022,20231315,42954,40149,MPLX LP,Natural Gas,INTRASTATE,WYOMING,3.85,0,0,0,3.85,0,,,3.58,0,0,,,,,3.85,0,0,0,3.85,0,,,3.58,0,6.49,0,6.49,0,0,0,0,522.59,522.59,0,0,522.59,0,6.49,0,529.08,526.44,0,6.49,0,532.93
9/1/2026,2022,20230270,41663,40150,BLACKHAWK ENERGY LLC,Natural Gas,INTRASTATE,PENNSYLVANIA,0,0,0,0,0,,,,,0,0,,,,,0,0,0,0,0,,,,,1.8,0,0,1.8,0,0,0,0,0,0,0,0,0,1.8,0,0,1.8,0,1.8,0,0,1.8
9/1/2026,2022,20230033,41417,40152,POST OAK MIDSTREAM,Natural Gas,INTRASTATE,TEXAS,0,0,0,0,0,,,,,0,0,,,,,0,0,0,0,0,,,,,0,0,0,0,13.853,4.12,0,17.973,0,0,0,0,0,13.853,4.12,0,17.973,0,13.853,4.12,0,17.973
9/1/2026,2022,20231085,42529,40155,COWBOY MIDSTREAM LLC,Natural Gas,INTRASTATE,WYOMING,6.3,0,0,0,6.3,,,,6.3,0,0,,,,,6.3,0,0,0,6.3,,,,6.3,0,0,0,0,0,0,0,0,0,0,0,0,0,0,0,0,0,6.3,0,0,0,6.3
9/1/2026,2022,20231083,42527,40159,"NEW ORGANIC DIGESTION, LLC",Landfill Gas,INTRASTATE,WISCONSIN,0,0,0,0,0,,,,,0,0,,,,,0,0,0,0,0,,,,,0,0,0,0,0.72,2.65,0,3.37,,,0,0,0,0.72,2.65,0,3.37,0,0.72,2.65,0,3.37
9/1/2026,2022,20230728,42153,40161,LOWMAN PIPELINE,Natural Gas,INTRASTATE,ALABAMA,45.697,7.807,0.475,0,53.979,0.648,0.189,0,53.142,0,0,,,,,45.697,7.807,0.475,0,53.979,0.648,0.189,0,53.142,0,0,0,0,0,0,0,0,0,0,0,0,0,0,0,0,0,45.697,7.807,0.475,0,53.979
9/1/2026,2022,20230187,41575,40162,CITY OF AUGUSTA,Natural Gas,INTRASTATE,KANSAS,0,0,0.45,0,0.45,0.45,,,,0,0,,,,,0,0,0.45,0,0.45,0.45,,,,0,0,0,0,0,0,0,0,0,0,0,0,0,0,0,0,0,0,0,0.45,0,0.45
9/1/2026,2022,20231314,42777,40166,"REMORA OPERATING, LLC",Natural Gas,INTRASTATE,TEXAS,1.37,0,0,0,1.37,0,0,0,1.37,0,0,,,,,1.37,0,0,0,1.37,0,0,0,1.37,8.62,0,0,8.62,0,0,0,0,0,0,0,0,0,8.62,0,0,8.62,1.37,8.62,0,0,9.99
9/1/2026,2022,20230724,42969,40171,PERDIDO ENERGY,Natural Gas,INTRASTATE,LOUISIANA,0.57,0,0,0,0.57,0,0,0,0.57,0,0,,,,,0.57,0,0,0,0.57,0,0,0,0.57,10.8,0,0,10.8,0,0,0,0,0,0,0,0,0,10.8,0,0,10.8,0.57,10.8,0,0,11.37
9/1/2026,2022,20231424,42959,40172,PROLINE ENERGY RESOURCES INC,Natural Gas,INTRASTATE,TEXAS,0,0,0,0,0,,,,,0,0,,,,,0,0,0,0,0,,,,,2.47,0,0,2.47,0,0,0,0,0,0,0,0,0,2.47,0,0,2.47,0,2.47,0,0,2.47
9/1/2026,2022,20230360,41756,40173,NICHOLS OPERATING LLC,Natural Gas,INTRASTATE,ILLINOIS,0.19,0,0,0,0.19,,,,,0,0,,,,,0.19,0,0,0,0.19,,,,,0,0,0,0,0,0,0,0,0,0,0,0,0,0,0,0,0,0.19,0,0,0,0.19
9/1/2026,2022,20231074,42518,40176,VCP MICHIGAN,Natural Gas,INTRASTATE,MICHIGAN,0,0,0,0,0,,,,,0,0,,,,,0,0,0,0,0,,,,,5.8,0,0,5.8,0,0,0,0,0,0,0,0,0,5.8,0,0,5.8,0,5.8,0,0,5.8
9/1/2026,2022,20231119,42569,40177,"LADDER CREEK, LLC",Natural Gas,INTRASTATE,COLORADO,23.4,0,0,0,23.4,,,,23.4,0,0,,,,,23.4,0,0,0,23.4,,,,23.4,0,0,0,0,0,0,0,0,104.1,104.1,0,0,104.1,0,0,0,104.1,127.5,0,0,0,127.5
9/1/2026,2022,20231119,42569,40177,"LADDER CREEK, LLC",Natural Gas,INTRASTATE,KANSAS,0,0,0,0,0,,,,,0,0,,,,,0,0,0,0,0,,,,,0,0,0,0,0,0,0,0,146.65,146.65,0,0,146.65,0,0,0,146.65,146.65,0,0,0,146.65
9/1/2026,2022,20230089,41474,40178,JACKSON GENERATION LLC,Natural Gas,INTRASTATE,ILLINOIS,2.674,0,0.387,0,3.061,1.036,0,0,2.025,0,0,,,,,2.674,0,0.387,0,3.061,1.036,0,0,2.025,0,0,0,0,0,0,0,0,0,0,0,0,0,0,0,0,0,2.674,0,0.387,0,3.061
9/1/2026,2022,20230147,41534,40180,"MARAGAS TEXAS UTILITIES, LLC",Natural Gas,INTRASTATE,TEXAS,9.261,0,0,0,9.261,0,9.261,,,0,0,,,,,9.261,0,0,0,9.261,0,9.261,,,0,0,0,0,0,0,0,0,0,0,0,0,0,0,0,0,0,9.261,0,0,0,9.261
9/1/2026,2022,20230462,41863,40181,"MEC HOLDINGS, LLC",Natural Gas,INTRASTATE,MINNESOTA,2.88,1.29,0,0,4.17,0.269,0.803,,3.098,0,0,,,,,2.88,1.29,0,0,4.17,0.269,0.803,,3.098,0,0,0,0,0,0,0,0,0,0,0,0,0,0,0,0,0,2.88,1.29,0,0,4.17
9/1/2026,2022,20230354,41749,40186,RED ROCK BIOFUELS,Natural Gas,INTRASTATE,OREGON,3.12,0,0,0,3.12,0,,,3.12,0,0,,,,,3.12,0,0,0,3.12,0,,,3.12,0,0,0,0,0,0,0,0,0,0,0,0,0,0,0,0,0,3.12,0,0,0,3.12
9/1/2026,2022,20230305,43146,40189,SULPHUR RIVER GATHERING LLC,Natural Gas,INTRASTATE,TEXAS,17.847,0,0,0,17.847,,,,17.847,0,0,,,,,17.847,0,0,0,17.847,,,,17.847,37.658,45.688,0,83.346,0,0,0,0,0,0,0,0,0,37.658,45.688,0,83.346,17.847,37.658,45.688,0,101.193
9/1/2026,2022,20230363,41759,40190,OXY WTP LP,Natural Gas,INTRASTATE,NEW MEXICO,0,0,0,0,0,,,,,0,0,,,,,0,0,0,0,0,,,,,0,0,0,0,0,0,0,0,20.56,20.56,0,0,20.56,0,0,0,20.56,20.56,0,0,0,20.56
9/1/2026,2022,20230363,41759,40190,OXY WTP LP,Natural Gas,INTRASTATE,TEXAS,0,0,0,0,0,,,,,0,0,,,,,0,0,0,0,0,,,,,0,0,0,0,0,0,0,0,40.78,40.78,0,0,40.78,0,0,0,40.78,40.78,0,0,0,40.78
9/1/2026,2022,20230257,41649,40191,TW NATURAL GAS PIPELINE,Natural Gas,INTRASTATE,OHIO,0.01,0,0,0,0.01,0,,,0.01,0,0,,,,,0.01,0,0,0,0.01,0,,,0.01,0,0,0,0,0,0,0,0,0,0,0,0,0,0,0,0,0,0.01,0,0,0,0.01
9/1/2026,2022,20231320,42785,40196,EVERSOURCE GAS OF MASSACHUSETTS,Natural Gas,INTRASTATE,MASSACHUSETTS,0.1,0.05,0.45,0.04,0.64,0.41,0.05,0.03,0.15,0,0,,,,,0.1,0.05,0.45,0.04,0.64,0.41,0.05,0.03,0.15,0,0,0,0,0,0,0,0,0,0,0,0,0,0,0,0,0,0.1,0.05,0.45,0.04,0.64
9/1/2026,2022,20230712,42133,40197,"TOLEDO BEND EXPRESS, LLC",Natural Gas,INTRASTATE,TEXAS,0,0,0,0,0,,,,,0,0,,,,,0,0,0,0,0,,,,,0,0,0,0,0,0,0,0,2.952,2.952,0,0,2.952,0,0,0,2.952,2.952,0,0,0,2.952
9/1/2026,2022,20230148,41535,40198,"REPUBLIC SERVICES OF WISCONSIN, LIMITED PARTNERSHIP",Landfill Gas,INTRASTATE,WISCONSIN,0.3,0,0.3,0,0.6,,,0.3,0.3,0,0,,,,,0.3,0,0.3,0,0.6,,,0.3,0.3,0,0,0,0,0,0,0,0,0,0,0,0,0,0,0,0,0,0.3,0,0.3,0,0.6
9/1/2026,2022,20231419,42949,40199,VENTEX OPERATING CORPORATION,Natural Gas,INTRASTATE,TEXAS,0,0,0,0,0,,,,,0,0,,,,,0,0,0,0,0,,,,,1,0,0,1,0,0,0,0,0,0,0,0,0,1,0,0,1,0,1,0,0,1
9/1/2026,2022,20231167,42620,40200,PHILLIPS 66 COMPANY - BORGER REFINERY,Natural Gas,INTRASTATE,TEXAS,6.6,3.21,0,0,9.81,,0.24,,9.57,0,0,,,,,6.6,3.21,0,0,9.81,,0.24,,9.57,0,0,0,0,0,0,0,0,0,0,0,0,0,0,0,0,0,6.6,3.21,0,0,9.81
9/1/2026,2022,20231283,43106,40203,"NEW ENERGY ONE, LLC",Natural Gas,INTRASTATE,IDAHO,0,0,0,0,0,,,,,0,0,,,,,0,0,0,0,0,,,,,0,0,0,0,3.6,0,0,3.6,0,0,0,0,0,3.6,0,0,3.6,0,3.6,0,0,3.6
9/1/2026,2022,20230904,42983,40204,"SCM OPERATIONS, LLC",Natural Gas,INTRASTATE,NEW MEXICO,0,0,0,0,0,,,,,0,0,,,,,0,0,0,0,0,,,,,0,0,0,0,0,0,0,0,69.3,69.3,0,0,69.3,0,0,0,69.3,69.3,0,0,0,69.3
9/1/2026,2022,20230904,42983,40204,"SCM OPERATIONS, LLC",Natural Gas,INTRASTATE,TEXAS,0,0,0,0,0,,,,,0,0,,,,,0,0,0,0,0,,,,,0.42,0,0,0.42,0,0,0,0,257.66,257.66,0,0,257.66,0.42,0,0,258.08,257.66,0.42,0,0,258.08
9/1/2026,2022,20230933,42366,40215,"3CM MONTEGUT, LLC",Natural Gas,INTRASTATE,LOUISIANA,31.03,0,0.97,0,32,0.97,0,0,31.03,0,0,,,,,31.03,0,0.97,0,32,0.97,0,0,31.03,0,0,0,0,0,0,0,0,0,0,0,0,0,0,0,0,0,31.03,0,0.97,0,32
9/1/2026,2022,20230629,42042,40216,AUGEAN RNG PROJECT LLC,Natural Gas,INTRASTATE,WASHINGTON,8.736,0,0,0,8.736,,,,8.736,0,0,,,,,8.736,0,0,0,8.736,,,,8.736,0,0,0,0,0,0,0,0,,,0,0,0,0,0,0,0,8.736,0,0,0,8.736
9/1/2026,2022,20230806,42234,40223,"CRANBERRY CREEK LANDFILL, LLC",Landfill Gas,INTRASTATE,WISCONSIN,1.24,0,0.3,0,1.54,0.05,,0.25,1.24,0,0,,,,,1.24,0,0.3,0,1.54,0.05,,0.25,1.24,0,0,0,0,0,0,0,0,0,0,0,0,0,0,0,0,0,1.24,0,0.3,0,1.54
9/1/2026,2022,20231010,42451,40226,"INR MIDSTREAM, LLC.",Natural Gas,INTRASTATE,OHIO,0,0,0,0,0,,,,,0,0,,,,,0,0,0,0,0,,,,,0,0,0,0,0,0,0,0,1,1,0,0,1,0,0,0,1,1,0,0,0,1
9/1/2026,2022,20231010,42451,40226,"INR MIDSTREAM, LLC.",Natural Gas,INTRASTATE,PENNSYLVANIA,0,0.63,0,0,0.63,,,,0.63,0,0,,,,,0,0.63,0,0,0.63,,,,0.63,0,0,0,0,0,0,0,0,1.73,1.73,0,0,1.73,0,0,0,1.73,1.73,0.63,0,0,2.36
9/1/2026,2022,20231225,42686,40228,SIMCOE LLC,Natural Gas,INTRASTATE,COLORADO,1.8,0,0,0,1.8,,,,1.8,0,0,,,,,1.8,0,0,0,1.8,,,,1.8,9.8,0.2,0,10,0,0,0,0,79.3,79.3,0,0,79.3,9.8,0.2,0,89.3,81.1,9.8,0.2,0,91.1
9/1/2026,2022,20231225,42686,40228,SIMCOE LLC,Natural Gas,INTRASTATE,NEW MEXICO,0,0,0,0,0,,,,,0,0,,,,,0,0,0,0,0,,,,,0,0,0,0,0,15.2,0,15.2,0,0,0,0,0,0,15.2,0,15.2,0,0,15.2,0,15.2
9/1/2026,2022,20230243,42657,40230,"BLACKHILL ENERGY, LLC",Natural Gas,INTRASTATE,PENNSYLVANIA,0,0,0,0,0,,,,,0,0,,,,,0,0,0,0,0,,,,,0,0,0,0,0,0,0,0,22.91,22.91,0,0,22.91,0,0,0,22.91,22.91,0,0,0,22.91
9/1/2026,2022,20231297,42760,40231,"SCURRY MIDSTREAM, LLC",Natural Gas,INTRASTATE,TEXAS,0,0,0,0,0,,,,,0,0,,,,,0,0,0,0,0,,,,,0,0,0,0,0,0,0,0,52.86,52.86,0,0,52.86,0,0,0,52.86,52.86,0,0,0,52.86
9/1/2026,2022,20230268,41661,40232,ENCRESCENT LLC,Natural Gas,INTRASTATE,TEXAS,0,0,0,0,0,,,,,0,0,,,,,0,0,0,0,0,,,,,0,0,0,0,1.09,0.139,0,1.229,0,0,0,0,0,1.09,0.139,0,1.229,0,1.09,0.139,0,1.229
9/1/2026,2022,20231107,42555,40237,"SHERIDAN PRODUCTION COMPANY III, LLC",Natural Gas,INTRASTATE,TEXAS,1.39,0,0,0,1.39,,,,1.39,0,0,,,,,1.39,0,0,0,1.39,,,,1.39,8.31,0,0,8.31,1.74,0,0,1.74,39.17,39.17,0,0,39.17,10.05,0,0,49.22,40.56,10.05,0,0,50.61
9/1/2026,2022,20231428,42965,40238,"GRAYSON MILL OPERATING, LLC",Natural Gas,INTRASTATE,NORTH DAKOTA,0,0,0,0,0,,,,,0,0,,,,,0,0,0,0,0,,,,,0,0,0,0,0,0,0,0,23.82,23.82,0,0,23.82,0,0,0,23.82,23.82,0,0,0,23.82
9/1/2026,2022,20231278,43154,40242,NAES CORPORATION,Landfill Gas,INTRASTATE,NEW JERSEY,0,0,0,0,0,,,0,0,0,0,,,,,0,0,0,0,0,,,0,0,0,0,0,0,0,1.44,0,1.44,0,0,0,0,0,0,1.44,0,1.44,0,0,1.44,0,1.44
9/1/2026,2022,20231248,42710,40249,LEESBURG LP,Natural Gas,INTRASTATE,TEXAS,1.83,0,0,0,1.83,0,0,,1.8,0,0,,,,,1.83,0,0,0,1.83,0,0,,1.8,0,0,0,0,0,0,0,0,0,0,0,0,0,0,0,0,0,1.83,0,0,0,1.83
9/1/2026,2022,20230298,43053,40253,"LAMBDA GATHERING, LLC",Natural Gas,INTRASTATE,MICHIGAN,0,0,0,0,0,,,,,0,0,,,,,0,0,0,0,0,,,,,38.4,1.3,0,39.7,0,0,0,0,143.7,143.7,0,0,143.7,38.4,1.3,0,183.4,143.7,38.4,1.3,0,183.4
9/1/2026,2022,20230339,42948,40254,"GEMINI CARTHAGE PIPELINE, LLC",Natural Gas,INTRASTATE,LOUISIANA,0,0,0,0,0,,,,,0,0,,,,,0,0,0,0,0,,,,,0.156,0,0,0.156,0,0,0,0,8.046,8.046,0,0,8.046,0.156,0,0,8.202,8.046,0.156,0,0,8.202
9/1/2026,2022,20230339,42948,40254,"GEMINI CARTHAGE PIPELINE, LLC",Natural Gas,INTRASTATE,TEXAS,0,0,0,0,0,,,,,0,0,,,,,0,0,0,0,0,,,,,4.831,0.538,0,5.369,0,0,0,0,146.404,146.404,0,0,146.404,4.831,0.538,0,151.773,146.404,4.831,0.538,0,151.773
9/1/2026,2022,20230068,41453,40257,"BEAVER GAS GATHERING, LLC",Natural Gas,INTRASTATE,PENNSYLVANIA,0,0,0,0,0,,,,,0,0,,,,,0,0,0,0,0,,,,,7.5,1.6,0,9.1,0,0,0,0,23.1,23.1,0,0,23.1,7.5,1.6,0,32.2,23.1,7.5,1.6,0,32.2
9/1/2026,2022,20230134,41521,40259,"BCE-MACH III, LLC",Natural Gas,INTRASTATE,TEXAS,7.75,0,0,0,7.75,0,0.11,0,7.64,0,0,,,,,7.75,0,0,0,7.75,0,0.11,0,7.64,0,0,0,0,0,0.6,0,0.6,2.18,2.18,0,0,2.18,0,0.6,0,2.78,9.93,0,0.6,0,10.53
9/1/2026,2022,20231470,43131,40260,"LUBBOCK GAS GATHERING LTD., LLP",Natural Gas,INTRASTATE,TEXAS,7.93,0,0,0,7.93,,,,7.93,0,0,,,,,7.93,0,0,0,7.93,,,,7.93,0,0,0,0,0,0,0,0,0,0,0,0,0,0,0,0,0,7.93,0,0,0,7.93
9/1/2026,2022,20230729,42154,40265,"HEP JAVELINA PIPELINE COMPANY, LLC",Natural Gas,INTRASTATE,TEXAS,4.38,0.08,9.34,0,13.8,6.09,3.34,1.83,2.54,0,0,,,,,4.38,0.08,9.34,0,13.8,6.09,3.34,1.83,2.54,0,0,0,0,0,0,0,0,0,0,0,0,0,0,0,0,0,4.38,0.08,9.34,0,13.8
9/1/2026,2022,20230428,41828,40266,"HEP JAVELINA COMPANY, LLC",Hydrogen Gas,INTRASTATE,TEXAS,1.05,0,1.66,0,2.71,0.18,0.05,1.53,0.95,0,0,,,,,1.05,0,1.66,0,2.71,0.18,0.05,1.53,0.95,0,0,0,0,0,0,0,0,0,0,0,0,0,0,0,0,0,1.05,0,1.66,0,2.71
9/1/2026,2022,20230732,42157,40267,"HEP GAS SERVICES, LLC",Hydrogen Gas,INTRASTATE,TEXAS,0.63,0,1.98,0,2.61,0.56,1.69,0.36,0,0,0,,,,,0.63,0,1.98,0,2.61,0.56,1.69,0.36,0,0,0,0,0,0,0,0,0,0,0,0,0,0,0,0,0,0,0.63,0,1.98,0,2.61
9/1/2026,2022,20230632,42045,40269,"LES PROJECT HOLDINGS, LLC",Landfill Gas,INTRASTATE,VIRGINIA,0,0,3,0,3,,,3,,0,0,,,,,0,0,3,0,3,,,3,,0,0,0,0,0,0,0,0,0,0,0,0,0,0,0,0,0,0,0,3,0,3
9/1/2026,2022,20231027,42469,40270,STAGECOACH GAS SERVICES LLC,Natural Gas,INTERSTATE,NEW YORK,74.574,4.894,0.465,0,79.933,2.311,2.868,0,74.753,0,0,,,,,74.574,4.894,0.465,0,79.933,2.311,2.868,0,74.753,0,0,0,0,0,0,0,0,0,0,0,0,0,0,0,0,0,74.574,4.894,0.465,0,79.933
9/1/2026,2022,20231027,42469,40270,STAGECOACH GAS SERVICES LLC,Natural Gas,INTERSTATE,PENNSYLVANIA,61.99,3.542,0,0,65.532,0.554,4.338,0,60.641,0,0,,,,,61.99,3.542,0,0,65.532,0.554,4.338,0,60.641,0,0,0,0,0,0,0,0,0,0,0,0,0,0,0,0,0,61.99,3.542,0,0,65.532
9/1/2026,2022,20231027,42469,40270,STAGECOACH GAS SERVICES LLC,Natural Gas,INTRASTATE,NEW YORK,26.968,11.637,0.094,0,38.699,0.087,0.27,0,38.342,0,0,,,,,26.968,11.637,0.094,0,38.699,0.087,0.27,0,38.342,0,0,0,0,0,0,0,0,0,0,0,0,0,0,0,0,0,26.968,11.637,0.094,0,38.699
9/1/2026,2022,20230535,41941,40274,"BOARDWALK LOUISIANA GAS TRANSMISSION, LLC",Natural Gas,INTRASTATE,LOUISIANA,13.79,3.58,0.43,0,17.8,0.5,,0.24,17.04,0,0,,,,,13.79,3.58,0.43,0,17.8,0.5,,0.24,17.04,0,0,0,0,0,0,0,0,0,0,0,0,0,0,0,0,0,13.79,3.58,0.43,0,17.8
9/1/2026,2022,20230809,42237,40278,CUMBERLAND COUNTY SOLID WASTE,Landfill Gas,INTRASTATE,NORTH CAROLINA,0.55,1.23,0.12,0,1.9,,,0.12,1.78,0,0,,,,,0.55,1.23,0.12,0,1.9,,,0.12,1.78,0,0,0,0,0,0,0,0,0,0,0,0,0,0,0,0,0,0.55,1.23,0.12,0,1.9
9/1/2026,2022,20230372,41769,40281,"IRON PENNSYLVANIA LAND, LLC.",Other Gas-processed coalbed methane,INTRASTATE,PENNSYLVANIA,0.36,0,0,0,0.36,,,,0.36,0,0,,,,,0.36,0,0,0,0.36,,,,0.36,0,0,0,0,0,0,0,0,0,0,0,0,0,0,0,0,0,0.36,0,0,0,0.36
9/1/2026,2022,20230862,42295,40285,"GULF RUN TRANSMISSION, LLC",Natural Gas,INTERSTATE,LOUISIANA,291.12,4.25,0,0,295.37,1.76,8.94,0,284.67,0,0,,,,,291.12,4.25,0,0,295.37,1.76,8.94,0,284.67,0,0,0,0,0,0,0,0,0,0,0,0,0,0,0,0,0,291.12,4.25,0,0,295.37
9/1/2026,2022,20230862,42295,40285,"GULF RUN TRANSMISSION, LLC",Natural Gas,INTERSTATE,TEXAS,37.22,0.68,0,0,37.9,0.85,0.64,0,36.41,0,0,,,,,37.22,0.68,0,0,37.9,0.85,0.64,0,36.41,0,0,0,0,0,0,0,0,0,0,0,0,0,0,0,0,0,37.22,0.68,0,0,37.9
9/1/2026,2022,20230168,41555,40287,"EAST DAKOTAS RENEWABLE ENERGY, LLC",Natural Gas,INTRASTATE,SOUTH DAKOTA,15.42,0,0,0,15.42,0,0,0,15.42,0,0,,,,,15.42,0,0,0,15.42,0,0,0,15.42,0,0,0,0,0,0,0,0,0,0,0,0,0,0,0,0,0,15.42,0,0,0,15.42
9/1/2026,2022,20230886,42319,40288,"POLARIS PIPELINE SYSTEMS, LLC",Natural Gas,INTRASTATE,TEXAS,0,0,0,0,0,,,,,0,0,,,,,0,0,0,0,0,,,,,1.476,0,0,1.476,0,0,0,0,45.276,45.276,0,0,45.276,1.476,0,0,46.752,45.276,1.476,0,0,46.752
9/1/2026,2022,20231046,42489,40292,"ASPIRE ENERGY EXPRESS, LLC",Natural Gas,INTRASTATE,OHIO,0.05,0,0,0,0.05,,,,0.05,0,0,,,,,0.05,0,0,0,0.05,,,,0.05,0,0,0,0,0,0,0,0,0,0,0,0,0,0,0,0,0,0.05,0,0,0,0.05
9/1/2026,2022,20230619,43027,40295,"FUNDARE RESOURCES OPERATING COMPANY, LLC",Natural Gas,INTRASTATE,COLORADO,0,0,0,0,0,,,,,0,0,,,,,0,0,0,0,0,,,,,0,0.36,0,0.36,0,0,0,0,0,0,0,0,0,0,0.36,0,0.36,0,0,0.36,0,0.36
9/1/2026,2022,20231252,42714,40296,"LONGWOOD RB PIPELINE, LLC",Natural Gas,INTRASTATE,NEW MEXICO,0,0,0,0,0,,,,,0,0,,,,,0,0,0,0,0,,,,,0,0,0,0,1.83,0,0,1.83,110.58,110.58,0,0,110.58,1.83,0,0,112.41,110.58,1.83,0,0,112.41
9/1/2026,2022,20230544,41953,40297,MIDLAND PERMIAN PIPELINE LLC,Natural Gas,INTRASTATE,TEXAS,12.4,0,0,0,12.4,,,,12.4,0,0,,,,,12.4,0,0,0,12.4,,,,12.4,0,0,0,0,0,0,0,0,0,0,0,0,0,0,0,0,0,12.4,0,0,0,12.4
9/1/2026,2022,20230914,43096,40303,LOUISIANA STATE GAS LLC,Natural Gas,INTRASTATE,LOUISIANA,0,0,0,0,0,,,,,0,0,,,,,0,0,0,0,0,,,,,0.915,0,0,0.915,0,0,0,0,31.27,31.27,0,0,31.27,0.915,0,0,32.185,31.27,0.915,0,0,32.185
9/1/2026,2022,20230259,41652,40313,"CALNRG OPERATING, LLC",Natural Gas,INTRASTATE,CALIFORNIA,0,0,0,0,0,,,,,0,0,,,,,0,0,0,0,0,,,,,0,0,0,0,2.82,11.91,0,14.73,0,0,0,0,0,2.82,11.91,0,14.73,0,2.82,11.91,0,14.73
9/1/2026,2022,20230310,41703,40315,"BIOCARBN, LLC",Natural Gas,INTRASTATE,NEBRASKA,0.15,0,0,0,0.15,,,,0.15,0,0,,,,,0.15,0,0,0,0.15,,,,0.15,0,0,0,0,0,0,0,0,0,0,0,0,0,0,0,0,0,0.15,0,0,0,0.15
9/1/2026,2022,20230184,41571,40319,N1ENERGY,Natural Gas,INTRASTATE,OKLAHOMA,3,0,0,0,3,,,,3,0,0,,,,,3,0,0,0,3,,,,3,0,0,0,0,0,0,0,0,0,0,0,0,0,0,0,0,0,3,0,0,0,3
9/1/2026,2022,20231430,42971,40321,PINNACLE DOS PICOS LLC,Natural Gas,INTRASTATE,TEXAS,0,0,0,0,0,,,,,0,0,,,,,0,0,0,0,0,,,,,0,0,0,0,3.7,0,0,3.7,30.97,30.97,0,0,30.97,3.7,0,0,34.67,30.97,3.7,0,0,34.67
9/1/2026,2022,20230198,41586,40323,"LOS KERMIT, LLC",Natural Gas,INTRASTATE,TEXAS,4.47,0,0,0,4.47,,,,4.47,0,0,,,,,4.47,0,0,0,4.47,,,,4.47,0,0,0,0,0,0,0,0,0,0,0,0,0,0,0,0,0,4.47,0,0,0,4.47
9/1/2026,2022,20231337,43158,40324,NAVAJO TRIBAL UTILITY AUTHORITY,Natural Gas,INTRASTATE,NEW MEXICO,10.113,0.157,1.935,0,12.205,0,,1.934,10.271,0,0,,,,,10.113,0.157,1.935,0,12.205,0,,1.934,10.271,0,0,0,0,0,0,0,0,0,0,0,0,0,0,0,0,0,10.113,0.157,1.935,0,12.205
9/1/2026,2022,20230911,42344,40326,"TIGER GAS UTILITY, LLC",Natural Gas,INTRASTATE,TEXAS,0,0,0,0,0,,,,,0,0,,,,,0,0,0,0,0,,,,,0,0,0,0,0.6,0,0,0.6,0.49,0.49,0,0,0.49,0.6,0,0,1.09,0.49,0.6,0,0,1.09
9/1/2026,2022,20230177,41564,40327,CARDINAL GLASS INDUSTRIES,Natural Gas,INTRASTATE,KANSAS,6,0,0.5,0,6.5,,,0.5,6,0,0,,,,,6,0,0.5,0,6.5,,,0.5,6,0,0,0,0,0,0,0,0,0,0,0,0,0,0,0,0,0,6,0,0.5,0,6.5
9/1/2026,2022,20231438,42986,40332,TENDERFOOT PIPELINE COMPANY,Natural Gas,INTRASTATE,COLORADO,0,0,0,0,0,,,,,0,0,,,,,0,0,0,0,0,,,,,0,0,0,0,0,0,0,0,19.6,19.6,0,0,19.6,0,0,0,19.6,19.6,0,0,0,19.6
9/1/2026,2022,20231420,42952,40333,UPHAM OIL AND GAS COMPANY LP,Natural Gas,INTRASTATE,TEXAS,0,0,0,0,0,,,,,0,0,,,,,0,0,0,0,0,,,,,1,0,0,1,18.94,1,0,19.94,0,0,0,0,0,19.94,1,0,20.94,0,19.94,1,0,20.94
9/1/2026,2022,20230044,41428,40336,"CITY OF TOPEKA, KANSAS",Natural Gas,INTRASTATE,KANSAS,1.83,0,0.32,0,2.15,0,0,0.32,1.83,0,0,,,,,1.83,0,0.32,0,2.15,0,0,0.32,1.83,0,0,0,0,0,0,0,0,0,0,0,0,0,0,0,0,0,1.83,0,0.32,0,2.15
9/1/2026,2022,20231342,43138,40337,CRESTONE PEAK RESOURCES LP,Natural Gas,INTRASTATE,COLORADO,0,0,0,0,0,,,,,0,0,,,,,0,0,0,0,0,,,,,0.72,0.09,0,0.81,0,0,0,0,36.12,36.12,0,0,36.12,0.72,0.09,0,36.93,36.12,0.72,0.09,0,36.93
9/1/2026,2022,20230683,42104,40338,SUMMIT MIDSTREAM PERMIAN 2 LLC,Natural Gas,INTERSTATE,NEW MEXICO,63.15,0,0,0,63.15,0,5.08,,58.07,0,0,,,,,63.15,0,0,0,63.15,0,5.08,,58.07,0,0,0,0,0,0,0,0,0,0,0,0,0,0,0,0,0,63.15,0,0,0,63.15
9/1/2026,2022,20230683,42104,40338,SUMMIT MIDSTREAM PERMIAN 2 LLC,Natural Gas,INTERSTATE,TEXAS,72.05,0,0,0,72.05,0,0.92,0,71.13,0,0,,,,,72.05,0,0,0,72.05,0,0.92,0,71.13,0,0,0,0,0,0,0,0,0,0,0,0,0,0,0,0,0,72.05,0,0,0,72.05
9/1/2026,2022,20230086,41471,40341,GIBSON CITY ENERGY CENTER,Natural Gas,INTRASTATE,ILLINOIS,5.6,0,0,0,5.6,,0,0,5.6,0,0,,,,,5.6,0,0,0,5.6,,0,0,5.6,0,0,0,0,0,0,0,0,0,0,0,0,0,0,0,0,0,5.6,0,0,0,5.6
9/1/2026,2022,20231213,42674,40343,"BKV BARNETT, LLC",Natural Gas,INTRASTATE,TEXAS,0,0,0,0,0,,,,,0,0,,,,,0,0,0,0,0,,,,,2.05,0,0,2.05,0,0,0,0,0,0,0,0,0,2.05,0,0,2.05,0,2.05,0,0,2.05
9/1/2026,2022,20231303,42766,40344,MAVERICK NATURAL RESOURCES,Natural Gas,INTRASTATE,TEXAS,0,0,0,0,0,,,,,0,0,,,,,0,0,0,0,0,,,,,0,0,0,0,60.36,10.22,0,70.58,38.13,38.13,0,0,38.13,60.36,10.22,0,108.71,38.13,60.36,10.22,0,108.71
9/1/2026,2022,20231307,42770,40345,ATLAS OPERATING LLC,Natural Gas,INTRASTATE,TEXAS,0,0,0,0,0,,,,,0,0,,,,,0,0,0,0,0,,,,,0,6.8,0,6.8,0,0,0,0,0,0,0,0,0,0,6.8,0,6.8,0,0,6.8,0,6.8
9/1/2026,2022,20231104,43022,40351,"D90 ENERGY, LLC",Natural Gas,INTRASTATE,ARKANSAS,14.86,0,0,0,14.86,,14.86,,,0,0,,,,,14.86,0,0,0,14.86,,14.86,,,0,0,0,0,0,0,0,0,0,0,0,0,0,0,0,0,0,14.86,0,0,0,14.86
9/1/2026,2022,20230892,42325,40356,"FAULCONER ENERGY, LLC",Natural Gas,INTRASTATE,TEXAS,0.002,0,0,0,0.002,,,,0.002,0,0,,,,,0.002,0,0,0,0.002,,,,0.002,1.141,1.779,0,2.92,0.465,1.97,0,2.435,9.392,9.392,0,0,9.392,1.606,3.749,0,14.747,9.394,1.606,3.749,0,14.749
9/1/2026,2022,20231461,43115,40358,NFENERGIA LLC,Natural Gas,INTRASTATE,PUERTO RICO,0,0.01,0,0,0.01,,,,0.01,0,0,,,,,0,0.01,0,0,0.01,,,,0.01,0,0,0,0,0,0,0,0,0,0,0,0,0,0,0,0,0,0,0.01,0,0,0.01
9/1/2026,2022,20230916,43097,40359,WTG GAS PROCESSING LLC,Natural Gas,INTRASTATE,TEXAS,0,0,0,0,0,,,,,0,0,,,,,0,0,0,0,0,,,,,0.125,0,0,0.125,1.93,0.46,0,2.39,223.1,223.1,0,0,223.1,2.055,0.46,0,225.615,223.1,2.055,0.46,0,225.615
9/1/2026,2022,20230912,43100,40360,WTG GAS GATHERING LLC,Natural Gas,INTRASTATE,TEXAS,0,0,0,0,0,,,,,0,0,,,,,0,0,0,0,0,,,,,0,0,0,0,0,0,0,0,76.06,76.06,0,0,76.06,0,0,0,76.06,76.06,0,0,0,76.06
9/1/2026,2022,20230920,43099,40361,WTG NORTH PERMIAN MIDSTREAM LLC,Natural Gas,INTRASTATE,TEXAS,0,0,0,0,0,,,,,0,0,,,,,0,0,0,0,0,,,,,0.74,0,0,0.74,12.2,2.69,0,14.89,127.38,127.38,0,0,127.38,12.94,2.69,0,143.01,127.38,12.94,2.69,0,143.01
9/1/2026,2022,20230718,43098,40362,WTG SOUTH PERMIAN MIDSTREAM LLC,Natural Gas,INTRASTATE,TEXAS,0,0,0,0,0,,,,,0,0,,,,,0,0,0,0,0,,,,,0,0.12,0,0.12,0.6,1.58,0,2.18,326.6,326.6,0,0,326.6,0.6,1.7,0,328.9,326.6,0.6,1.7,0,328.9
9/1/2026,2022,20230917,43101,40363,WTG JAMESON LP,Natural Gas,INTRASTATE,TEXAS,0,0,0,0,0,,,,,0,0,,,,,0,0,0,0,0,,,,,0,0,0,0,5.8,0.17,0,5.97,302.2,302.2,0,0,302.2,5.8,0.17,0,308.17,302.2,5.8,0.17,0,308.17
9/1/2026,2022,20231156,42608,40365,"SABER MIDSTREAM, LLC",Natural Gas,INTRASTATE,LOUISIANA,0,0,0,0,0,,,,,0,0,,,,,0,0,0,0,0,,,,,10.012,0,0,10.012,0,0,0,0,18.024,18.024,0,0,18.024,10.012,0,0,28.036,18.024,10.012,0,0,28.036
9/1/2026,2022,20231156,42608,40365,"SABER MIDSTREAM, LLC",Natural Gas,INTRASTATE,TEXAS,0,0,0,0,0,,,,,0,0,,,,,0,0,0,0,0,,,,,0,0,0,0,0,0,0,0,6.411,6.411,0,0,6.411,0,0,0,6.411,6.411,0,0,0,6.411
9/1/2026,2022,20230918,42351,40367,"BIGHORN GAS GATHERING, L.L.C.",Natural Gas,INTRASTATE,WYOMING,0,0,0,0,0,,,,,0,0,,,,,0,0,0,0,0,,,,,0,0,0,0,0,0,0,0,212.954,212.954,0,0,212.954,0,0,0,212.954,212.954,0,0,0,212.954
9/1/2026,2022,20230597,42010,40368,"COPANO PIPELINES NORTH TEXAS, L.L.C.",Natural Gas,INTRASTATE,TEXAS,0,0,0,0,0,,,,,0,0,,,,,0,0,0,0,0,,,,,0,0,0,0,0,0,0,0,5.806,5.806,0,0,5.806,0,0,0,5.806,5.806,0,0,0,5.806
9/1/2026,2022,20230598,42011,40370,EAGLE FORD GATHERING LLC,Natural Gas,INTRASTATE,TEXAS,0,0,0,0,0,,,,,0,0,,,,,0,0,0,0,0,,,,,0,0,0,0,0,0,0,0,120.614,120.614,0,0,120.614,0,0,0,120.614,120.614,0,0,0,120.614
9/1/2026,2022,20231063,42506,40375,"LOST CREEK GATHERING COMPANY, LLC",Natural Gas,INTRASTATE,WYOMING,161,0,0,0,161,,,,161,0,0,,,,,161,0,0,0,161,,,,161,0,0,0,0,0,0,0,0,0,0,0,0,0,0,0,0,0,161,0,0,0,161
9/1/2026,2022,20231115,42565,40379,NOBLE ENERGY INC,Natural Gas,INTRASTATE,TEXAS,0,0,0,0,0,,,,,0,0,,,,,0,0,0,0,0,,,,,0,0,0,0,0,0.43,0,0.43,0,0,0,0,0,0,0.43,0,0.43,0,0,0.43,0,0.43
9/1/2026,2022,20231144,42595,40381,"COPANO/WEBB-DUVAL PIPELINE, LLC",Natural Gas,INTRASTATE,TEXAS,0,0,0,0,0,,,,,0,0,,,,,0,0,0,0,0,,,,,0,0,0,0,0,0,0,0,138.22,138.22,0,0,138.22,0,0,0,138.22,138.22,0,0,0,138.22
9/1/2026,2022,20230557,41965,40382,OZONA RESIDUE SYSTEMS CO,Natural Gas,INTRASTATE,TEXAS,6,0,0,0,6,,,,6,0,0,,,,,6,0,0,0,6,,,,6,0,0,0,0,0,0,0,0,0,0,0,0,0,0,0,0,0,6,0,0,0,6
9/1/2026,2022,20230864,42297,40384,CAERUS PICEANCE LLC,Natural Gas,INTRASTATE,COLORADO,0,0,0,0,0,,,,,0,0,,,,,0,0,0,0,0,,,,,0,0,0,0,0,0,0,0,265.996,265.996,0,0,265.996,0,0,0,265.996,265.996,0,0,0,265.996
9/1/2026,2022,20230998,42439,40385,"CURETON GILCREST, LLC",Natural Gas,INTRASTATE,COLORADO,5.1,0,0,0,5.1,0,0.61,0,4.49,,0,,0,0,0,5.1,0,0,0,5.1,0,0.61,0,4.49,0,0,0,0,13.76,2.52,0,16.28,0,0,,0,0,13.76,2.52,0,16.28,5.1,13.76,2.52,0,21.38
9/1/2026,2022,20230992,42432,40386,DTM GAS STORAGE COMPANY,Natural Gas,INTERSTATE,MICHIGAN,7.49,0.92,5.01,0,13.42,6.06,4.34,,3.02,0,0,,,,,7.49,0.92,5.01,0,13.42,6.06,4.34,,3.02,0,0,0,0,0,0,0,0,0,0,0,0,0,0,0,0,0,7.49,0.92,5.01,0,13.42
9/1/2026,2022,20230994,46754,40387,DTM MICHIGAN GATHERING HOLDING COMPANY,Natural Gas,INTRASTATE,MICHIGAN,112.04,19.07,4.46,0,135.57,1.69,8.99,2.09,122.8,0,0,,,,,112.04,19.07,4.46,0,135.57,1.69,8.99,2.09,122.8,19.31,0,0,19.31,1.3,0,0,1.3,118.4,118.4,0,0,118.4,20.61,0,0,139.01,230.44,39.68,4.46,0,274.58
9/1/2026,2022,20230387,41784,40388,JKLM ENERGY LLC,Natural Gas,INTRASTATE,PENNSYLVANIA,0,0,0,0,0,,,,,0,0,,,,,0,0,0,0,0,,,,,0,0,0,0,0,0,0,0,24.3,24.3,0,0,24.3,0,0,0,24.3,24.3,0,0,0,24.3
9/1/2026,2022,20231401,42901,40389,"BRILEY OPERATING, LLC",Natural Gas,INTRASTATE,TEXAS,0,0,0,0,0,,,,,0,0,,,,,0,0,0,0,0,,,,,1.92,0,0,1.92,0,0,0,0,0,0,0,0,0,1.92,0,0,1.92,0,1.92,0,0,1.92
9/1/2026,2022,20230965,42400,40390,"PINNACLE GAS TREATING, LLC",Natural Gas,INTRASTATE,TEXAS,13.775,0,0,0,13.775,,,,13.775,0,0,,,,,13.775,0,0,0,13.775,,,,13.775,0,0,0,0,0,0,0,0,113.593,113.593,0,0,113.593,0,0,0,113.593,127.368,0,0,0,127.368
9/1/2026,2022,20230902,42335,40391,JACKSON PRAIRIE PIPELINES,Natural Gas,INTERSTATE,WASHINGTON,2.88,4,0,0,6.88,,,,6.88,0,0,,,,,2.88,4,0,0,6.88,,,,6.88,0,0,0,0,0,0,0,0,0,0,0,0,0,0,0,0,0,2.88,4,0,0,6.88
9/1/2026,2022,20230808,42236,40395,CARRERA OPERATING COMPANY LLC,Natural Gas,INTRASTATE,OKLAHOMA,0,0,0,0,0,,,,,0,0,,,,,0,0,0,0,0,,,,,0,0,0,0,1.73,0,0,1.73,286.1,286.1,0,0,286.1,1.73,0,0,287.83,286.1,1.73,0,0,287.83
9/1/2026,2022,20230677,42098,40396,"PURSUIT OIL & GAS STX, LLC",Natural Gas,INTRASTATE,TEXAS,0,0,0,0,0,,,,,0,0,,,,,0,0,0,0,0,,,,,0,0,0,0,0,0,0,0,15.4,15.4,0,0,15.4,0,0,0,15.4,15.4,0,0,0,15.4
9/1/2026,2022,20230744,42854,40397,"PALOMA NATURAL GAS, LLC",Natural Gas,INTRASTATE,LOUISIANA,0,0,0,0,0,,,,,0,0,,,,,0,0,0,0,0,,,,,0,0,0,0,0.51,0,0,0.51,7.62,7.62,0,0,7.62,0.51,0,0,8.13,7.62,0.51,0,0,8.13
9/1/2026,2022,20230625,42038,40398,"SILVER HILL ENERGY OPERATING, LLC",Natural Gas,INTRASTATE,LOUISIANA,0,0,0,0,0,,,,,0,0,,,,,0,0,0,0,0,,,,,2.07,0,0,2.07,0,0,0,0,15.226,15.226,0,0,15.226,2.07,0,0,17.296,15.226,2.07,0,0,17.296
9/1/2026,2022,20230625,42038,40398,"SILVER HILL ENERGY OPERATING, LLC",Natural Gas,INTRASTATE,TEXAS,0,0,0,0,0,,,,,0,0,,,,,0,0,0,0,0,,,,,0,0,0,0,0,0,0,0,19.137,19.137,0,0,19.137,0,0,0,19.137,19.137,0,0,0,19.137
9/1/2026,2022,20230356,41752,40399,GLE MANAGEMENT SERVICES LLC,Natural Gas,INTRASTATE,KENTUCKY,4.64,3.1,0,0,7.74,0,0.17,0,7.57,0,0,,,,,4.64,3.1,0,0,7.74,0,0.17,0,7.57,0,0,0,0,0,0,0,0,0,0,0,0,0,0,0,0,0,4.64,3.1,0,0,7.74
9/1/2026,2022,20230551,41959,40401,"TGG SHELBY ASSETS, LLC",Natural Gas,INTRASTATE,TEXAS,19.87,0.63,0.07,0,20.57,0.31,1.23,,19.03,0,0,,,,,19.87,0.63,0.07,0,20.57,0.31,1.23,,19.03,1.93,0,0,1.93,0,0,0,0,103.67,103.67,0,0,103.67,1.93,0,0,105.6,123.54,2.56,0.07,0,126.17
9/1/2026,2022,20241430,44861,40405,"BSR GAS MARKETING, LTD.",Natural Gas,INTRASTATE,TEXAS,0,0,0,0,0,,,,,0,0,,,,,0,0,0,0,0,,,,,6,0,0,6,0,0,0,0,0,0,0,0,0,6,0,0,6,0,6,0,0,6
9/1/2026,2022,20230429,41829,40406,ALTUS MIDSTREAM GATHERING LP,Natural Gas,INTRASTATE,TEXAS,11.05,0,0,0,11.05,,0.08,,10.97,0,0,,,,,11.05,0,0,0,11.05,,0.08,,10.97,0,0,0,0,0,0,0,0,170.55,170.55,0,0,170.55,0,0,0,170.55,181.6,0,0,0,181.6
9/1/2026,2022,20230753,42178,40407,LEHIGH CEMENT COMPANY LLC,Natural Gas,INTRASTATE,INDIANA,0,3.9,0,0,3.9,,,,3.9,0,0,,,,,0,3.9,0,0,3.9,,,,3.9,0,0,0,0,0,0,0,0,0,0,0,0,0,0,0,0,0,0,3.9,0,0,3.9
9/1/2026,2022,20231121,42571,40411,"INPEX EAGLE FORD, LLC",Natural Gas,INTRASTATE,TEXAS,0,0,0,0,0,,,,,0,0,,,,,0,0,0,0,0,,,,,0,0,0,0,0,0,0,0,5.51,5.51,0,0,5.51,0,0,0,5.51,5.51,0,0,0,5.51
9/1/2026,2022,20231138,42875,40414,"BKV MIDSTREAM, LLC",Natural Gas,INTRASTATE,TEXAS,0,0,0,0,0,,,,,0,0,,,,,0,0,0,0,0,,,,,160.58,250.87,0.81,412.26,0,0,0,0,175.48,175.48,0,0,175.48,160.58,250.87,0.81,587.74,175.48,160.58,250.87,0.81,587.74
9/1/2026,2022,20230908,42341,40415,"BERRY PETROLEUM COMPANY, LLC",Natural Gas,INTRASTATE,CALIFORNIA,0,0,0,0,0,,,,,0,0,,,,,0,0,0,0,0,,,,,0,0,0,0,0,0,0,0,12.42,12.42,0,0,12.42,0,0,0,12.42,12.42,0,0,0,12.42
9/1/2026,2022,20230908,42341,40415,"BERRY PETROLEUM COMPANY, LLC",Natural Gas,INTRASTATE,UTAH,0,0,0,0,0,,,,,0,0,,,,,0,0,0,0,0,,,,,0,0,0,0,0,0,0,0,28.74,28.74,0,0,28.74,0,0,0,28.74,28.74,0,0,0,28.74
9/1/2026,2022,20231106,42554,40416,CAERUS UINTA LLC,Natural Gas,INTRASTATE,UTAH,0,0,0,0,0,,,,,0,0,,,,,0,0,0,0,0,,,,,0,0,0,0,0,0,0,0,345.596,345.596,0,0,345.596,0,0,0,345.596,345.596,0,0,0,345.596
9/1/2026,2022,20230811,42239,40417,BIG RUN POWER PRODUCERS,Natural Gas,INTRASTATE,KENTUCKY,1.87,0,0,0,1.87,0,0.09,0,1.78,0,0,,,,,1.87,0,0,0,1.87,0,0.09,0,1.78,0,0,0,0,0,0,0,0,0,0,0,0,0,0,0,0,0,1.87,0,0,0,1.87
9/1/2026,2022,20231433,42974,40422,"VISION OPERATING, LLC",Natural Gas,INTRASTATE,ALASKA,12.75,2,0,0,14.75,0,0,0,14.75,0,0,,,,,12.75,2,0,0,14.75,0,0,0,14.75,0,0,0,0,0,0,0,0,0,0,0,0,0,0,0,0,0,12.75,2,0,0,14.75
9/1/2026,2022,20231084,43903,40424,COLORADO SAND COMPANY LLC,Natural Gas,INTRASTATE,COLORADO,2,0,0,0,2,0,0,,2,0,0,,,,,2,0,0,0,2,0,0,,2,0,0,0,0,0,0,0,0,0,0,0,0,0,0,0,0,0,2,0,0,0,2
9/1/2026,2022,20230831,42260,40425,"DOW HYDROCARBONS & RESOURCES, INC, GRAND BAYOU OPERATIONS",Other Gas-Ethylene,INTRASTATE,LOUISIANA,0.98,0,0,0,0.98,,,,0.9,0,0,,,,,0.98,0,0,0,0.98,,,,0.9,0,0,0,0,0,0,0,0,0,0,0,0,0,0,0,0,0,0.98,0,0,0,0.98
9/1/2026,2022,20230655,42073,40428,"BRAMMER ENGINEERING, INC",Natural Gas,INTRASTATE,LOUISIANA,0,0,0,0,0,,,,,0,0,,,,,0,0,0,0,0,,,,,0,0,0,0,0,0,0,0,0.6,0.6,0,0,0.6,0,0,0,0.6,0.6,0,0,0,0.6
9/1/2026,2022,20230504,41910,40430,"VAN HOOK GATHERING SERVICES, LLC",Natural Gas,INTRASTATE,NORTH DAKOTA,0,0,0,0,0,,,,,0,0,,,,,0,0,0,0,0,,,,,0,0,0,0,0,0,0,0,26.47,26.47,0,0,26.47,0,0,0,26.47,26.47,0,0,0,26.47
9/1/2026,2022,20231200,42656,40438,"CENTENNIAL RESOURCE PRODUCTION, LLC",Natural Gas,INTRASTATE,NEW MEXICO,0,0,0,0,0,,,,,0,0,,,,,0,0,0,0,0,,,,,0,0,0,0,0,0,0,0,24.332,24.332,0,0,24.332,0,0,0,24.332,24.332,0,0,0,24.332
9/1/2026,2022,20231378,42857,40443,VOG FIELD SERVICES LLC,Natural Gas,INTRASTATE,PENNSYLVANIA,0,0,0,0,0,,,,,0,0,,,,,0,0,0,0,0,,,,,0,0,0,0,2,0,0,2,0,0,0,0,0,2,0,0,2,0,2,0,0,2
9/1/2026,2022,20231285,42747,40446,FP BALBOA LA MIDSTREAM LLC,Natural Gas,INTRASTATE,LOUISIANA,0,0,0,0,0,,,,,0,0,,,,,0,0,0,0,0,,,,,3.83,9.24,0,13.07,0,0,0,0,0,0,0,0,0,3.83,9.24,0,13.07,0,3.83,9.24,0,13.07
9/1/2026,2022,20231060,42503,40449,KEY OPERATING COMPANY,Natural Gas,INTRASTATE,LOUISIANA,0,0,0,0,0,,,,,0,0,,,,,0,0,0,0,0,,,,,0,0,0,0,1.5,0,0,1.5,0,0,0,0,0,1.5,0,0,1.5,0,1.5,0,0,1.5
9/1/2026,2022,20231416,42942,40450,"AIRSTREAM COMPRESSION, LLC",Natural Gas,INTRASTATE,OHIO,0,0,0,0,0,,,,,0,0,,,,,0,0,0,0,0,,,,,0,0,0,0,0,0,0,0,0.1,0.1,0,0,0.1,0,0,0,0.1,0.1,0,0,0,0.1
9/1/2026,2022,20231164,42616,40460,TAURUS GAS SERVICES,Natural Gas,INTRASTATE,TEXAS,31.94,21.63,7.38,0,60.95,1.23,,6.15,53.57,0,0,,,,,31.94,21.63,7.38,0,60.95,1.23,,6.15,53.57,0,0,0,0,0,0,0,0,0,0,0,0,0,0,0,0,0,31.94,21.63,7.38,0,60.95
9/1/2026,2022,20230698,42119,40464,"EAGLECLAW GAS GATHERING, LLC",Natural Gas,INTRASTATE,TEXAS,0,0,0,0,0,,,,,0,0,,,,,0,0,0,0,0,,,,,0,0,0,0,0,0,0,0,10.32,10.32,0,0,10.32,0,0,0,10.32,10.32,0,0,0,10.32
9/1/2026,2022,20231047,42490,40469,"EARTHSTONE OPERATING, LLC",Natural Gas,INTRASTATE,TEXAS,0,0,0,0,0,,,,,0,0,,,,,0,0,0,0,0,,,,,0,0,0,0,0,0,0,0,5.43,5.43,0,0,5.43,0,0,0,5.43,5.43,0,0,0,5.43
9/1/2026,2022,20230532,41938,40482,"STARTEX FIELD SERVICES, LLC",Natural Gas,INTRASTATE,TEXAS,0,0,0,0,0,,,,,0,0,,,,,0,0,0,0,0,,,,,0,1.07,0,1.07,0,0,0,0,116.04,116.04,0,0,116.04,0,1.07,0,117.11,116.04,0,1.07,0,117.11
9/1/2026,2022,20231056,42499,40483,MISSION CREEK OPCO,Natural Gas,INTRASTATE,ARKANSAS,0,0,0,0,0,,,,,0,0,,,,,0,0,0,0,0,,,,,0,0,0,0,0,0,0,0,2.5,2.5,0,0,2.5,0,0,0,2.5,2.5,0,0,0,2.5
9/1/2026,2022,20231235,42696,40488,TEP ROCKY MOUNTAIN LLC,Natural Gas,INTRASTATE,COLORADO,0,0,0,0,0,,,,,0,0,,,,,0,0,0,0,0,,,,,0,0,0,0,0,3.08,0,3.08,365.62,365.62,0,0,365.62,0,3.08,0,368.7,365.62,0,3.08,0,368.7
9/1/2026,2022,20231011,42452,40490,APEX WML MIDSTREAM,Natural Gas,INTRASTATE,PENNSYLVANIA,0,0,0,0,0,,,,,0,0,,,,,0,0,0,0,0,,,,,0,0,0,0,0.24,6.39,0.18,6.81,1.98,1.98,0,0,1.98,0.24,6.39,0.18,8.79,1.98,0.24,6.39,0.18,8.79
9/1/2026,2022,20230496,42750,40494,"OWN RESOURCES OPERATING, LLC",Natural Gas,INTRASTATE,COLORADO,5.25,0,0,0,5.25,,,,5.25,0,0,,,,,5.25,0,0,0,5.25,,,,5.25,0,0,0,0,0,0,0,0,0,0,0,0,0,0,0,0,0,5.25,0,0,0,5.25
9/1/2026,2022,20230496,42750,40494,"OWN RESOURCES OPERATING, LLC",Natural Gas,INTRASTATE,KANSAS,3.8,0,0,0,3.8,,,,3.8,0,0,,,,,3.8,0,0,0,3.8,,,,3.8,0,0,0,0,0,0,0,0,0,0,0,0,0,0,0,0,0,3.8,0,0,0,3.8
9/1/2026,2022,20230946,42849,40495,WILL COUNTY,Natural Gas,INTRASTATE,ILLINOIS,4.8,0,0.7,0,5.5,0,0,0.7,4.8,0,0,,,,,4.8,0,0.7,0,5.5,0,0,0.7,4.8,0,0,0,0,0,0,0,0,0,0,0,0,0,0,0,0,0,4.8,0,0.7,0,5.5
9/1/2026,2022,20230845,42278,40499,KINDER MORGAN RANGER LLC,Natural Gas,INTRASTATE,LOUISIANA,2.988,0,0,0,2.988,,,,2.988,0,0,,,,,2.988,0,0,0,2.988,,,,2.988,0,0,0,0,0,0,0,0,0,0,0,0,0,0,0,0,0,2.988,0,0,0,2.988
9/1/2026,2022,20230845,42278,40499,KINDER MORGAN RANGER LLC,Natural Gas,INTRASTATE,TEXAS,0,0,0,0,0,,,,,0,0,,,,,0,0,0,0,0,,,,,0,0,0,0,1,0,0,1,0,0,0,0,0,1,0,0,1,0,1,0,0,1
9/1/2026,2022,20231449,43032,40502,"WHIPTAIL MIDSTREAM, LLC",Natural Gas,INTRASTATE,NEW MEXICO,0,0,0,0,0,,,,,0,0,,,,,0,0,0,0,0,,,,,0,0,0,0,0,0,0,0,67.82,67.82,0,0,67.82,0,0,0,67.82,67.82,0,0,0,67.82
9/1/2026,2022,20231417,43112,40511,"E2 OPERATING, LLC",Natural Gas,INTRASTATE,OKLAHOMA,0,0,0,0,0,,,,,0,0,,,,,0,0,0,0,0,,,,,0,0,0,0,0,11.74,0,11.74,0,0,0,0,0,0,11.74,0,11.74,0,0,11.74,0,11.74
9/1/2026,2022,20230497,41902,40513,OXLEY ENERGY LLC.,Natural Gas,INTRASTATE,ARKANSAS,0,0,0,0,0,,,,,0,0,,,,,0,0,0,0,0,,,,,0,0,0,0,0,0,0,0,2.2,2.2,0,0,2.2,0,0,0,2.2,2.2,0,0,0,2.2
9/1/2026,2022,20230497,41902,40513,OXLEY ENERGY LLC.,Natural Gas,INTRASTATE,OKLAHOMA,0,0,0,0,0,,,,,0,0,,,,,0,0,0,0,0,,,,,0,0,0,0,0,0,0,0,5.5,5.5,0,0,5.5,0,0,0,5.5,5.5,0,0,0,5.5
9/1/2026,2022,20230418,41817,40515,TELLURIAN OPERATING LLC,Natural Gas,INTRASTATE,LOUISIANA,0,0,0,0,0,,,,,0,0,,,,,0,0,0,0,0,,,,,0,0,0,0,0,0,0,0,31.022,31.022,0,0,31.022,0,0,0,31.022,31.022,0,0,0,31.022
9/1/2026,2022,20230849,42282,40521,C6 OPERATING LLC,Natural Gas,INTRASTATE,TEXAS,0,0,0,0,0,,,,,0,0,,,,,0,0,0,0,0,,,,,0,0,0,0,0,0,0,0,6.1,6.1,0,0,6.1,0,0,0,6.1,6.1,0,0,0,6.1
9/1/2026,2022,20231453,43065,40522,VANDERBILT MIDSTREAM II INC,Natural Gas,INTRASTATE,PENNSYLVANIA,0,0,0,0,0,,,,,0,0,,,,,0,0,0,0,0,,,,,0,0,0,0,0.2,3.3,0,3.5,0,0,0,0,0,0.2,3.3,0,3.5,0,0.2,3.3,0,3.5
9/1/2026,2022,20231116,42566,40523,"OGC, LLC DBA ORCA GATHERING COMPANY",Natural Gas,INTRASTATE,ARKANSAS,14.4,5.8,0,0,20.2,,,,20.2,0,0,,,,,14.4,5.8,0,0,20.2,,,,20.2,0,0,0,0,0,0,0,0,73.6,73.6,0,0,73.6,0,0,0,73.6,88,5.8,0,0,93.8
9/1/2026,2022,20230642,42057,40525,"PRODUCERS GAS TRANSMISSION, INC",Natural Gas,INTRASTATE,LOUISIANA,0,0,0,0,0,,,,,0,0,,,,,0,0,0,0,0,,,,,0,0,0,0,0,0,0,0,6,6,0,0,6,0,0,0,6,6,0,0,0,6
9/1/2026,2022,20231354,42821,40538,ZARVONA ENERGY LLC,Natural Gas,INTRASTATE,TEXAS,0,0,0,0,0,,,,,0,0,,,,,0,0,0,0,0,,,,,0,0,0,0,0,0,0,0,29.6,29.6,0,0,29.6,0,0,0,29.6,29.6,0,0,0,29.6
9/1/2026,2022,20230635,43148,40539,"SLANT OPERATING, LLC",Natural Gas,INTRASTATE,TEXAS,0,0,0,0,0,,,,,0,0,,,,,0,0,0,0,0,,,,,0,0,0,0,4.39,1.03,0,5.42,12.48,12.48,0,0,12.48,4.39,1.03,0,17.9,12.48,4.39,1.03,0,17.9
9/1/2026,2022,20231279,42741,40541,"COMPASS GATHERING, LLC",Natural Gas,INTRASTATE,LOUISIANA,0,0,0,0,0,,,,,0,0,,,,,0,0,0,0,0,,,,,1.71,0,0,1.71,0,0,0,0,40.87,40.87,0,0,40.87,1.71,0,0,42.58,40.87,1.71,0,0,42.58
9/1/2026,2022,20230791,42219,40543,"MIDSTREAM ENERGY SERVICES, LLC",Natural Gas,INTRASTATE,OKLAHOMA,0,0,0,0,0,,,,,0,0,,,,,0,0,0,0,0,,,,,0,0,0,0,0,0,0,0,45.27,45.27,0,0,45.27,0,0,0,45.27,45.27,0,0,0,45.27
9/1/2026,2022,20231033,42475,40544,BPX OPERATING COMPANY,Natural Gas,INTRASTATE,TEXAS,0,0,0,0,0,,,,,0,0,,,,,0,0,0,0,0,,,,,0,0,0,0,0,0,0,0,39.64,39.64,0,0,39.64,0,0,0,39.64,39.64,0,0,0,39.64
9/1/2026,2022,20230978,42417,40548,"RIVER ROCK OPERATING, LLC",Natural Gas,INTRASTATE,KANSAS,0,0,0,0,0,,,,,0,0,,,,,0,0,0,0,0,,,,,0,0,0,0,1.94,0,0,1.94,0.33,0.33,0,0,0.33,1.94,0,0,2.27,0.33,1.94,0,0,2.27
9/1/2026,2022,20230640,42053,40549,"PECAN PIPELINE (NORTH DAKOTA), INC",Natural Gas,INTRASTATE,NORTH DAKOTA,0,0,0,0,0,,,,,0,0,,,,,0,0,0,0,0,,,,,0,0,0,0,0,0,0,0,43.5,43.5,0,0,43.5,0,0,0,43.5,43.5,0,0,0,43.5
9/1/2026,2022,20230397,41796,40550,USG MIDSTREAM BAKKEN LLC,Natural Gas,INTRASTATE,NORTH DAKOTA,0,0,0,0,0,,,,,0,0,,,,,0,0,0,0,0,,,,,0,0,0,0,0,0,0,0,60,60,0,0,60,0,0,0,60,60,0,0,0,60
9/1/2026,2022,20230084,41469,40553,"MONTEX DRILLLING COMPANY, LLC",Natural Gas,INTRASTATE,WYOMING,12.33,0,0,0,12.33,,,,12.33,0,0,,,,,12.33,0,0,0,12.33,,,,12.33,0,0,0,0,0,0,0,0,,,0,0,0,0,0,0,0,12.33,0,0,0,12.33
9/1/2026,2022,20230804,42232,40562,"CALIFORNIA GAS GATHERING, INC.",Natural Gas,INTRASTATE,CALIFORNIA,0,0,0,0,0,,,,,0,0,,,,,0,0,0,0,0,,,,,0,0,0,0,0,0,0,0,56.539,56.539,0,0,56.539,0,0,0,56.539,56.539,0,0,0,56.539
9/1/2026,2022,20230812,42240,40568,"RANGE RESOURCES - APPALACHIA, LLC",Natural Gas,INTRASTATE,PENNSYLVANIA,0,0,0,0,0,,,,,0,0,,,,,0,0,0,0,0,,,,,0,0,0,0,0,0,0,0,2.65,2.65,0,0,2.65,0,0,0,2.65,2.65,0,0,0,2.65
9/1/2026,2022,20231098,42543,40569,"TANOS EXPLORATION LLC, II",Natural Gas,INTRASTATE,TEXAS,0,0,0,0,0,,,,,0,0,,,,,0,0,0,0,0,,,,,0,0,0,0,0,0,0,0,1.19,1.19,0,0,1.19,0,0,0,1.19,1.19,0,0,0,1.19
9/1/2026,2022,20231219,42680,40570,CIMAREX ENERGY,Natural Gas,INTRASTATE,NEW MEXICO,0,0,0,0,0,,,,,0,0,,,,,0,0,0,0,0,,,,,0,0,0,0,0,0,0,0,19.2,19.2,0,0,19.2,0,0,0,19.2,19.2,0,0,0,19.2
9/1/2026,2022,20231219,42680,40570,CIMAREX ENERGY,Natural Gas,INTRASTATE,OKLAHOMA,0,0,0,0,0,,,,,0,0,,,,,0,0,0,0,0,,,,,0,0,0,0,0,0,0,0,34.6,34.6,0,0,34.6,0,0,0,34.6,34.6,0,0,0,34.6
9/1/2026,2022,20231219,42680,40570,CIMAREX ENERGY,Natural Gas,INTRASTATE,TEXAS,0,0,0,0,0,,,,,0,0,,,,,0,0,0,0,0,,,,,0,0,0,0,0,0,0,0,123.6,123.6,0,0,123.6,0,0,0,123.6,123.6,0,0,0,123.6
9/1/2026,2022,20230656,42075,40571,"EAV OPERATOR, LLC DBA KRONOS ENERGY",Natural Gas,INTRASTATE,WEST VIRGINIA,0,0,0,0,0,,,,,0,0,,,,,0,0,0,0,0,,,,,0.65,0,0,0.65,0,0,0,0,12.65,12.65,0,0,12.65,0.65,0,0,13.3,12.65,0.65,0,0,13.3
9/1/2026,2022,20230521,41927,40572,KIMBLE COMPANY,Natural Gas,INTRASTATE,OHIO,0,0,0,0,0,,,,,0,0,,,,,0,0,0,0,0,,,,,0,0,0,0,31,14.9,0,45.9,0,0,0,0,0,31,14.9,0,45.9,0,31,14.9,0,45.9
9/1/2026,2022,20231381,44820,40573,"BRANCH MIDCO INVESTMENTS, LLC",Natural Gas,INTERSTATE,NEW MEXICO,10.39,0,0,0,10.39,,,,10.39,0,0,,,,,10.39,0,0,0,10.39,,,,10.39,0,0,0,0,0,0,0,0,0,0,0,0,0,0,0,0,0,10.39,0,0,0,10.39
9/1/2026,2022,20231381,44820,40573,"BRANCH MIDCO INVESTMENTS, LLC",Natural Gas,INTRASTATE,TEXAS,77.22,12.65,11.28,0,101.15,0.87,,10.71,89.57,0,0,,,,,77.22,12.65,11.28,0,101.15,0.87,,10.71,89.57,0,0,0,0,0,0,0,0,0,0,0,0,0,0,0,0,0,77.22,12.65,11.28,0,101.15
9/1/2026,2022,20230977,42415,40586,BPX MIDSTREAM LLC,Natural Gas,INTRASTATE,TEXAS,0,0,0,0,0,,,,,0,0,,,,,0,0,0,0,0,,,,,0,0,0,0,0,0,0,0,198.88,198.88,0,0,198.88,0,0,0,198.88,198.88,0,0,0,198.88
9/1/2026,2022,20231348,42815,40588,WILDFIRE ENERGY MIDSTREAM LLC,Natural Gas,INTRASTATE,TEXAS,0,0,0,0,0,,,,,0,0,,,,,0,0,0,0,0,,,,,0,0,0,0,0,0,0,0,12.5,12.5,0,0,12.5,0,0,0,12.5,12.5,0,0,0,12.5
9/1/2026,2022,20230889,42322,40590,NEW HORIZON RESOURCES LLC,Natural Gas,INTRASTATE,TEXAS,1.448,0,0,0,1.448,,,,1.448,0,0,,,,,1.448,0,0,0,1.448,,,,1.448,0,0,0,0,0,0,0,0,0,0,0,0,0,0,0,0,0,1.448,0,0,0,1.448
9/1/2026,2022,20230556,41964,40597,TGNR TVL LLC,Natural Gas,INTRASTATE,LOUISIANA,0,0,0,0,0,,,,,0,0,,,,,0,0,0,0,0,,,,,4.97,1.44,0,6.41,0,0,0,0,0,0,0,0,0,4.97,1.44,0,6.41,0,4.97,1.44,0,6.41
9/1/2026,2022,20230986,42425,40602,"HEP OKLAHOMA GATHERING, LLC",Natural Gas,INTRASTATE,OKLAHOMA,0,0,0,0,0,,,,,0,0,,,,,0,0,0,0,0,,,,,0,0,0,0,0,0,0,0,22.13,22.13,0,0,22.13,0,0,0,22.13,22.13,0,0,0,22.13
9/1/2026,2022,20230762,42187,40607,CITIZEN MIDSTREAM,Natural Gas,INTRASTATE,OKLAHOMA,0,0,0,0,0,,,,,0,0,,,,,0,0,0,0,0,,,,,0,0,0,0,0,0,0,0,28.83,28.83,0,0,28.83,0,0,0,28.83,28.83,0,0,0,28.83
9/1/2026,2022,20230392,41790,40627,"GAEDEKE GAS GATHERING, LLC",Natural Gas,INTRASTATE,TEXAS,0,0,0,0,0,,,,,0,0,,,,,0,0,0,0,0,,,,,1.95,0,0,1.95,0,0,0,0,0,0,0,0,0,1.95,0,0,1.95,0,1.95,0,0,1.95
9/1/2026,2022,20231221,42682,40628,"GIBBONS LAKE AND LAND, LLC",Natural Gas,INTRASTATE,TEXAS,15.746,0,0,0,15.746,0,0,0,15.746,0,0,,,,,15.746,0,0,0,15.746,0,0,0,15.746,0,0,0,0,0,0,0,0,0,0,0,0,0,0,0,0,0,15.746,0,0,0,15.746
9/1/2026,2022,20231118,42568,40631,"STATELINE GATHERING, LLC",Natural Gas,INTRASTATE,TEXAS,0,0,0,0,0,,,,,0,0,,,,,0,0,0,0,0,,,,,0,0,0,0,0,5.95,0,5.95,44.21,44.21,0,0,44.21,0,5.95,0,50.16,44.21,0,5.95,0,50.16
9/1/2026,2022,20230765,42858,40634,LAKE CRYSTAL OPERATING LLC,Natural Gas,INTRASTATE,TEXAS,0,0,0,0,0,,,,,0,0,,,,,0,0,0,0,0,,,,,0,0,0,0,0,0,0,0,47.7,47.7,0,0,47.7,0,0,0,47.7,47.7,0,0,0,47.7
9/1/2026,2022,20231086,42530,40639,CALLON (PERMIAN) LLC,Natural Gas,INTRASTATE,TEXAS,0,0,0,0,0,,,,,0,0,,,,,0,0,0,0,0,,,,,0,0,0,0,0.39,0.14,0,0.53,0,0,0,0,0,0.39,0.14,0,0.53,0,0.39,0.14,0,0.53
9/1/2026,2022,20231332,42797,40641,"NADEL & GUSSMAN RUSTON, LLC",Natural Gas,INTRASTATE,LOUISIANA,0,0,0,0,0,,,,,0,0,,,,,0,0,0,0,0,,,,,0,0,0,0,0,0,0,0,3.59,3.59,0,0,3.59,0,0,0,3.59,3.59,0,0,0,3.59
9/1/2026,2022,20231383,42871,40642,WEXPRO COMPANY,Natural Gas,INTRASTATE,COLORADO,0,0,0,0,0,,,,,0,0,,,,,0,0,0,0,0,,,,,0,0,0,0,0,0,0,0,0.33,0.33,0,0,0.33,0,0,0,0.33,0.33,0,0,0,0.33
9/1/2026,2022,20231383,42871,40642,WEXPRO COMPANY,Natural Gas,INTRASTATE,UTAH,0,0,0,0,0,,,,,0,0,,,,,0,0,0,0,0,,,,,0,0,0,0,0,0,0,0,1.93,1.93,0,0,1.93,0,0,0,1.93,1.93,0,0,0,1.93
9/1/2026,2022,20231383,42871,40642,WEXPRO COMPANY,Natural Gas,INTRASTATE,WYOMING,0,0,0,0,0,,,,,0,0,,,,,0,0,0,0,0,,,,,0,0,0,0,0,0,0,0,25.869,25.869,0,0,25.869,0,0,0,25.869,25.869,0,0,0,25.869
9/1/2026,2022,20231126,42576,40645,"WPX ENERGY PERMIAN, LLC",Natural Gas,INTRASTATE,NEW MEXICO,0,0,0,0,0,,,,,0,0,,,,,0,0,0,0,0,,,,,0,0,0,0,0,0,0,0,0.72,0.72,0,0,0.72,0,0,0,0.72,0.72,0,0,0,0.72
9/1/2026,2022,20231126,42576,40645,"WPX ENERGY PERMIAN, LLC",Natural Gas,INTRASTATE,TEXAS,0,0,0,0,0,,,,,0,0,,,,,0,0,0,0,0,,,,,0,0,0,0,0,0,0,0,22.38,22.38,0,0,22.38,0,0,0,22.38,22.38,0,0,0,22.38
9/1/2026,2022,20231127,42577,40646,"COTTON DRAW MIDSTREAM, LLC",Natural Gas,INTRASTATE,NEW MEXICO,0,0,0,0,0,,,,,0,0,,,,,0,0,0,0,0,,,,,0,0,0,0,0,0,0,0,2.99,2.99,0,0,2.99,0,0,0,2.99,2.99,0,0,0,2.99
9/1/2026,2022,20231245,42707,40648,"PRONTO MIDSTREAM, LLC",Natural Gas,INTRASTATE,NEW MEXICO,0,0,0,0,0,,,,,0,0,,,,,0,0,0,0,0,,,,,0,0,0,0,0,0,0,0,39.62,39.62,0,0,39.62,0,0,0,39.62,39.62,0,0,0,39.62
9/1/2026,2022,20231284,42867,40649,"FOUR WINDS MIDSTREAM, LLC",Natural Gas,INTRASTATE,OKLAHOMA,0,0,0,0,0,,,,,0,0,,,,,0,0,0,0,0,,,,,0,0,0,0,0,0,0,0,1.5,1.5,0,0,1.5,0,0,0,1.5,1.5,0,0,0,1.5
9/1/2026,2022,20231451,43035,40655,"TRES MIDSTREAM VICTORIA, LLC",Natural Gas,INTRASTATE,TEXAS,0.3,0,0.2,0,0.5,,,0.2,0.3,0,0,,,,,0.3,0,0.2,0,0.5,,,0.2,0.3,0,0,0,0,0,0,0,0,0,0,0,0,0,0,0,0,0,0.3,0,0.2,0,0.5
9/1/2026,2022,20231456,43087,40657,"SUMMIT APPALACHIA OPERATING COMPANY, LLC",Natural Gas,INTERSTATE,VIRGINIA,0,0,0,0,0,,,,,0,0,,,,,0,0,0,0,0,,,,,0.58,0,0,0.58,0,0,0,0,8.35,8.35,0,0,8.35,0.58,0,0,8.93,8.35,0.58,0,0,8.93
9/1/2026,2022,20231456,43087,40657,"SUMMIT APPALACHIA OPERATING COMPANY, LLC",Natural Gas,INTERSTATE,WEST VIRGINIA,0,0,0,0,0,,,,,0,0,,,,,0,0,0,0,0,,,,,0,0,0,0,0,0,0,0,1.83,1.83,0,0,1.83,0,0,0,1.83,1.83,0,0,0,1.83
9/1/2026,2022,20231379,42859,40665,"CULBERSON MIDSTREAM, LLC",Natural Gas,INTRASTATE,TEXAS,0,0,0,0,0,,,,,0,0,,,,,0,0,0,0,0,,,,,0,0,0,0,0,0,0,0,15.039,15.039,0,0,15.039,0,0,0,15.039,15.039,0,0,0,15.039
9/1/2026,2022,20231422,42957,40671,AMERESCO SAN ANTONIO LLC,Natural Gas,INTRASTATE,TEXAS,0.5,0,0,0,0.5,0,0,0,0.5,0,0,,,,,0.5,0,0,0,0.5,0,0,0,0.5,0,0,0,0,0,0,0,0,0,0,0,0,0,0,0,0,0,0.5,0,0,0,0.5
9/1/2026,2022,20231459,43110,40679,"FORMENTERA OPERATIONS, LLC",Natural Gas,INTRASTATE,OKLAHOMA,0,0,0,0,0,,,,,0,0,,,,,0,0,0,0,0,,,,,0.061,0,0,0.061,0,3.63,0,3.63,18.903,18.903,0,0,18.903,0.061,3.63,0,22.594,18.903,0.061,3.63,0,22.594
9/1/2026,2022,20231427,42962,40685,"OLIPDP II, LLC",Natural Gas,INTRASTATE,TEXAS,0,0,0,0,0,,,,,0,0,,,,,0,0,0,0,0,,,,,1.2,1.4,0,2.6,0,0,0,0,1.9,1.9,0,0,1.9,1.2,1.4,0,4.5,1.9,1.2,1.4,0,4.5
9/1/2026,2022,20231431,42972,40686,"UINTA WAX OPERATING, LLC",Natural Gas,INTRASTATE,UTAH,0,0,0,0,0,,,,,0,0,,,,,0,0,0,0,0,,,,,0,0,0,0,0,0,0,0,152.971,152.971,0,0,152.971,0,0,0,152.971,152.971,0,0,0,152.971
9/1/2026,2022,20231436,42984,40688,AGUA TRANQUILLO MIDSTREAM LLC,Natural Gas,INTRASTATE,TEXAS,0,0,0,0,0,,,,,0,0,,,,,0,0,0,0,0,,,,,0,0,0,0,0,0,0,0,37.98,37.98,7.59,7.59,45.57,0,0,0,45.57,45.57,0,0,0,45.57
9/1/2026,2022,20231441,43000,40691,ROCC OIL AND GAS L.P.,Natural Gas,INTRASTATE,TEXAS,0,0,0,0,0,,,,,0,0,,,,,0,0,0,0,0,,,,,0,0,0,0,0,0,0,0,45.119,45.119,0,0,45.119,0,0,0,45.119,45.119,0,0,0,45.119
9/1/2026,2022,20231432,42973,40693,"LUCKY LAD ENERGY, LLC",Natural Gas,INTRASTATE,TEXAS,0.264,0,0,0,0.264,,,,0.264,0,0,,,,,0.264,0,0,0,0.264,,,,0.264,0,0,0,0,0,2.824,0,2.824,0,0,0,0,0,0,2.824,0,2.824,0.264,0,2.824,0,3.088
9/1/2026,2022,20231463,43137,40697,"MATHESON TRI-GAS, INC. - (PA)",Hydrogen Gas,INTRASTATE,PENNSYLVANIA,0,0.03,1.8,0,1.83,0.67,,1.13,0.03,0,0,,,,,0,0.03,1.8,0,1.83,0.67,,1.13,0.03,0,0,0,0,0,0,0,0,0,0,0,0,0,0,0,0,0,0,0.03,1.8,0,1.83
9/1/2026,2022,20231450,43034,40699,"BGGCO, LLC",Natural Gas,INTRASTATE,MISSISSIPPI,0,0,0,0,0,,,,,0,0,,,,,0,0,0,0,0,,,,,0,0,0,0,0,0,0,0,1.3,1.3,0,0,1.3,0,0,0,1.3,1.3,0,0,0,1.3
9/1/2026,2022,20231437,42985,40705,TIDEWATER RESOURCES CORPORATION,Natural Gas,INTRASTATE,TEXAS,0,0,0,0,0,,,,,0,0,,,,,0,0,0,0,0,,,,,0,0,0,0,0,1.235,0,1.235,0,0,0,0,0,0,1.235,0,1.235,0,0,1.235,0,1.235
9/1/2026,2022,20231458,43105,40747,REPUBLIC COAST PIPELINE LLC,Natural Gas,INTRASTATE,TEXAS,0.09,0,0,0,0.09,0,0,0,0,0,0,,,,,0.09,0,0,0,0.09,0,0,0,0,11.84,13.54,0,25.38,0,0,0,0,128.21,128.21,0,0,128.21,11.84,13.54,0,153.59,128.3,11.84,13.54,0,153.68
9/1/2026,2022,20231462,43118,40770,"ROSS EXPLORATIONS, INC.",Natural Gas,INTRASTATE,ARKANSAS,0,0,0,0,0,,,,,0,0,,,,,0,0,0,0,0,,,,,0,0,0,0,0,0,0,0,19.6,19.6,0,0,19.6,0,0,0,19.6,19.6,0,0,0,19.6
9/1/2026,2022,20231466,43127,40773,"RIO OIL & GAS (PERMIAN) II, LLC",Natural Gas,INTRASTATE,TEXAS,0,0,0,0,0,,,,,0,0,,,,,0,0,0,0,0,,,,,0,0,0,0,0,0,0,0,4.279,4.279,0,0,4.279,0,0,0,4.279,4.279,0,0,0,4.279
9/1/2026,2022,20241467,44944,40785,CRATON ETX GATHERING UTILITY LLC,Natural Gas,INTRASTATE,TEXAS,0,0,0,0,0,,,,,0,0,,,,,0,0,0,0,0,,,,,0.51,4.45,0,4.96,0,0,0,0,0,0,0,0,0,0.51,4.45,0,4.96,0,0.51,4.45,0,4.96
9/1/2026,2022,20241468,44945,40792,"CRATON OPERATING, LLC",Natural Gas,INTRASTATE,TEXAS,0,0,0,0,0,,,,,0,0,,,,,0,0,0,0,0,,,,,9.56,6.32,0,15.88,0,0,0,0,0,0,0,0,0,9.56,6.32,0,15.88,0,9.56,6.32,0,15.88
9/1/2026,2022,20240138,43309,40811,BRAZOS MIDSTREAM OPRTNG III LLC,Natural Gas,INTRASTATE,TEXAS,0,0,0,0,0,,,,,0,0,,,,,0,0,0,0,0,,,,,0,0,0,0,0,0,0,0,4.86,4.86,0,0,4.86,0,0,0,4.86,4.86,0,0,0,4.86
9/1/2026,2022,20241455,44915,40842,SOUTHERN ENERGY OPERATING LLC,Natural Gas,INTRASTATE,MISSISSIPPI,0,0,0,0,0,,,,,0,0,,,,,0,0,0,0,0,,,,,0,0,0,0,0,0,0,0,0.506,0.506,0,0,0.506,0,0,0,0.506,0.506,0,0,0,0.506
9/1/2026,2022,20231364,42831,99054,US STEEL,Other Gas-COKE OVEN GAS,INTRASTATE,PENNSYLVANIA,0,0,16.2,0,16.2,0,,16.2,,0,0,,,,,0,0,16.2,0,16.2,0,,16.2,,0,0,0,0,0,0,0,0,0,0,0,0,0,0,0,0,0,0,0,16.2,0,16.2
,,,,,,,,,,,,,,,,,,,,,,,,,,,,,,,,,,,,,,,,,,,,,,,,,,,,,,
,,,,,,,,,,,,,,,,,,,,,,,,,,,,,,,,,,,,,,,,,,,,,,,,,,,,,,
,,,,,,,,,,,,,,,,,,,,,,,,,,,,,,,,,,,,,,,,,,,,,,,,,,,,,,
,,,,,,,,,,,,,,,,,,,,,,,,,,,,,,,,,,,,,,,,,,,,,,,,,,,,,,
,,,,,,,,,,,,,,,,,,,,,,,,,,,,,,,,,,,,,,,,,,,,,,,,,,,,,,
