DATAFILE_AS_OF,REPORT_YEAR,REPORT_NUMBER,SUPPLEMENTAL_NUMBER,OPERATOR_ID,PARTA2NAMEOFCOMP,PARTA5COMMODITY,INTER_INTRA,STATE_NAME,PARTK20LESSC1,PARTK20LESSC2,PARTK20LESSC3,PARTK20LESSC4,PARTK20LESSTOT,PARTK2029C1,PARTK2029C2,PARTK2029C3,PARTK2029C4,PARTK2029TOT,PARTK3040C1,PARTK3040C2,PARTK3040C3,PARTK3040C4,PARTK3040TOT,PARTK4150C1,PARTK4150C2,PARTK4150C3,PARTK4150C4,PARTK4150TOT,PARTK5160C1,PARTK5160C2,PARTK5160C3,PARTK5160C4,PARTK5160TOT,PARTK6172C1,PARTK6172C2,PARTK6172C3,PARTK6172C4,PARTK6172TOT,PARTK7380C1,PARTK7380C2,PARTK7380C3,PARTK7380C4,PARTK7380TOT,PARTK80MOREC1,PARTK80MOREC2,PARTK80MOREC3,PARTK80MOREC4,PARTK80MORETOT,PARTKUNKNOWNC1,PARTKUNKNOWNC2,PARTKUNKNOWNC3,PARTKUNKNOWNC4,PARTKUNKNOWNTOT,PARTKNONSTEELC1,PARTKNONSTEELC2,PARTKNONSTEELC3,PARTKNONSTEELC4,PARTKNONSTEELTOT,PARTKONC1TOT,PARTKONC2TOT,PARTKONC3TOT,PARTKONC4TOT,PARTKONTOTAL,PARTKOFFLESS50,PARTKOFF5172,PARTKOFF72MORE,PARTKOFFUNKNOWN,PARTKOFFNONSTEEL,PARTKOFFTOTAL,PARTKC1TOT,PARTKC2TOT,PARTKC3TOT,PARTKC4TOT,PARTKTOTAL
9/1/2026,2021,20220957,40821,3,ACADIAN GAS PIPELINE SYSTEM,Natural Gas,INTRASTATE,LOUISIANA,57.975,9.788,24.829,0,92.592,27.216,9.101,2.653,0,38.97,134.229,24.526,9.693,0.337,168.785,328.287,42.012,26.918,0.215,397.432,223.162,18.794,8.608,0,250.564,436.472,2.257,0.027,0,438.756,0.035,0,0,0,0.035,0.106,0,0,0,0.106,6.011,0.062,0.816,0,6.889,0,0,0,0,0,1213.493,106.54,73.544,0.552,1394.129,0,0,0,0,0,0,1213.493,106.54,73.544,0.552,1394.129
9/1/2026,2021,20221084,43183,117,AIR PRODUCTS & CHEMICALS INC,Hydrogen Gas,INTERSTATE,LOUISIANA,3.76,0.23,0.2,0,4.19,51.31,9.64,10.66,0,71.61,14.22,18.82,11.25,0,44.29,109.3,51.63,20.59,0,181.52,26.77,0.62,0,0,27.39,0,0,0,0,0,0,0,0,0,0,0,0,0,0,0,0,0,0,0,0,0,0,0,0,0,205.36,80.94,42.7,0,329,0,0,0,0,0,0,205.36,80.94,42.7,0,329
9/1/2026,2021,20221084,43183,117,AIR PRODUCTS & CHEMICALS INC,Hydrogen Gas,INTERSTATE,TEXAS,0.08,1.6,0.06,0,1.74,11.3,8.22,15.17,0,34.69,49.22,18.54,15.8,0,83.56,5.61,12.09,4.64,0,22.34,5.44,4.45,0,0,9.89,0,0,0,0,0,0,0,0,0,0,0,0,0,0,0,0,0,0,0,0,0,0,0,0,0,71.65,44.9,35.67,0,152.22,0,0,0,0,0,0,71.65,44.9,35.67,0,152.22
9/1/2026,2021,20221084,43183,117,AIR PRODUCTS & CHEMICALS INC,Hydrogen Gas,INTRASTATE,CALIFORNIA,0.08,1.22,13.78,0.06,15.14,0,1.19,1.3,1.94,4.43,0.36,2.88,3.38,0.17,6.79,0,0,0,0,0,0,0,0,0,0,0,0,0,0,0,0,0,0,0,0,0,0,0,0,0,0,0,0,0,0,0,0,0,0,0,0.44,5.29,18.46,2.17,26.36,0,0,0,0,0,0,0.44,5.29,18.46,2.17,26.36
9/1/2026,2021,20221084,43183,117,AIR PRODUCTS & CHEMICALS INC,Hydrogen Gas,INTRASTATE,OHIO,0,0.04,1.92,0,1.96,0,0,0,0,0,0,0,0,0,0,0,0,0,0,0,0,0,0,0,0,0,0,0,0,0,0,0,0,0,0,0,0,0,0,0,0,0,0,0,0,0,0,0,0,0,0,0.04,1.92,0,1.96,0,0,0,0,0,0,0,0.04,1.92,0,1.96
9/1/2026,2021,20221084,43183,117,AIR PRODUCTS & CHEMICALS INC,Hydrogen Gas,INTRASTATE,TEXAS,2.3,13.61,9.3,0,25.21,6.39,5.22,3.81,0,15.42,0.83,0.61,0.3,0,1.74,0.08,4.33,3.8,0,8.21,0,0,0,0,0,0,0,0,0,0,0,0,0,0,0,0,0,0,0,0,0,0,0,0,0,0,0,0,0,0,9.6,23.77,17.21,0,50.58,0,0,0,0,0,0,9.6,23.77,17.21,0,50.58
9/1/2026,2021,20221082,40951,117,AIR PRODUCTS & CHEMICALS INC,Other Gas-Carbon Monoxide,INTRASTATE,TEXAS,1.43,1.27,4.56,0,7.26,26.54,16.18,28.56,0,71.28,8.33,1.99,1.01,0,11.33,0,0,0,0,0,0,0,0,0,0,0,0,0,0,0,0,0,0,0,0,0,0,0,0,0,0,0,0,0,0,0,0,0,0,0,36.3,19.44,34.13,0,89.87,0,0,0,0,0,0,36.3,19.44,34.13,0,89.87
9/1/2026,2021,20221081,40950,117,AIR PRODUCTS & CHEMICALS INC,Other Gas-Fuel Gas,INTERSTATE,LOUISIANA,0,0,0,0,0,1.25,0.54,2.68,0,4.47,4.59,0.85,0.09,0,5.53,0,0,0,0,0,0,0,0,0,0,0,0,0,0,0,0,0,0,0,0,0,0,0,0,0,0,0,0,0,0,0,0,0,0,0,5.84,1.39,2.77,0,10,0,0,0,0,0,0,5.84,1.39,2.77,0,10
9/1/2026,2021,20221080,40949,117,AIR PRODUCTS & CHEMICALS INC,Synthetic Gas,INTRASTATE,TEXAS,0.53,0.24,5.41,,6.18,4.37,4.83,2.68,,11.88,,,,,,,1.08,2.97,,4.05,,,,,,,,,,,,,,,,,,,,,,,,,,,,,,,4.9,6.15,11.06,,22.11,0,0,0,0,0,0,4.9,6.15,11.06,,22.11
9/1/2026,2021,20221168,41096,180,SPIRE ALABAMA INC.,Natural Gas,INTRASTATE,ALABAMA,0.566,4.027,4.835,1.386,10.814,16.597,15.261,21.588,1.931,55.377,22.026,40.224,33.102,0,95.352,12.883,8.966,17.426,0,39.275,4.253,2.983,5.01,0,12.246,0,0,0,0,0,0,0,0,0,0,0,0,0,0,0,0,0,9.457,0,9.457,0,0,0,0,0,56.325,71.461,91.418,3.317,222.521,0,0,0,0,0,0,56.325,71.461,91.418,3.317,222.521
9/1/2026,2021,20221164,41038,189,"BBT ALATENN, LLC",Natural Gas,INTERSTATE,ALABAMA,12.038,0,10.773,0,22.811,4.728,0,10.47,0,15.198,54.098,1.328,22.923,0,78.349,54.352,1.203,0.118,0,55.673,16.683,0,8.475,0,25.158,0,0,0,0,0,0,0,0,0,0,0,0,0,0,0,0,40.971,0,1.463,42.434,0,0,0,0,0,141.899,43.502,52.759,1.463,239.623,0,0,0,0,0,0,141.899,43.502,52.759,1.463,239.623
9/1/2026,2021,20221164,41038,189,"BBT ALATENN, LLC",Natural Gas,INTERSTATE,MISSISSIPPI,0,0,0,0,0,6.65,0,0.09,0,6.74,11.933,15.626,0.258,0,27.817,0,0,0,0,0,0,0,0,0,0,0,0,0,0,0,0,0,0,0,0,0,0,0,0,0,0,0,0,0,0,0,0,0,0,0,18.583,15.626,0.348,0,34.557,0,0,0,0,0,0,18.583,15.626,0.348,0,34.557
9/1/2026,2021,20221164,41038,189,"BBT ALATENN, LLC",Natural Gas,INTERSTATE,TENNESSEE,0,0,0,0,0,4.45,5.153,0.123,0.157,9.883,12.484,,0,0,12.484,0,0,0,0,0,0,0,0,0,0,0,0,0,0,0,0,0,0,0,0,0,0,0,0,0,0,0,0,0,0,0,0,0,0,0,16.934,5.153,0.123,0.157,22.367,0,0,0,0,0,0,16.934,5.153,0.123,0.157,22.367
9/1/2026,2021,20220394,46877,207,ALASKA PIPELINE CO,Natural Gas,INTRASTATE,ALASKA,0.215,0.32,2.454,0,2.989,24.382,3.008,30.169,0,57.559,6.016,1.303,16.226,0,23.545,57.348,36.61,69.195,0,163.153,109.861,7.515,7.769,0,125.145,14.191,0.015,0.027,0,14.233,0,0,0,0,0,0,0.001,0,0,0.001,0.174,0.149,0.711,0,1.034,0,0,0,0,0,212.187,48.921,126.551,0,387.659,0,0,0,0,0,0,212.187,48.921,126.551,0,387.659
9/1/2026,2021,20220103,39934,270,"ALEXANDRIA MUNICIPLE GAS SYSTEM, CITY OF",Natural Gas,INTRASTATE,LOUISIANA,0.11,0,0,0,0.11,0,0,0,0,0,0,0,0,0,0,0,0,0,0,0,0,0,0,0,0,0,0,0,0,0,0,0,0,0,0,0,0,0,0,0,0,0,0,0,0,0,0,0,0,0,0.11,0,0,0,0.11,0,0,0,0,0,0,0.11,0,0,0,0.11
9/1/2026,2021,20220859,40719,288,"ALGONQUIN GAS TRANSMISSION, L.L.C. (SPECTRA ENERGY PARTNERS, LP)",Natural Gas,INTERSTATE,CONNECTICUT,0.04,1.16,10.49,0,11.69,13.58,9.84,24.58,0,48,10.81,5.47,42.01,0,58.29,62.94,44.36,80.95,0,188.25,35.5,24.5,19.51,0,79.51,0,0,0,0,0,0,0,0,0,0,0,0,0,0,0,0.11,0,1.2,0,1.31,0,0,0,0,0,122.98,85.33,178.74,0,387.05,0,0,0,0,0,0,122.98,85.33,178.74,0,387.05
9/1/2026,2021,20220859,40719,288,"ALGONQUIN GAS TRANSMISSION, L.L.C. (SPECTRA ENERGY PARTNERS, LP)",Natural Gas,INTERSTATE,MASSACHUSETTS,0.25,0.26,1.47,2.24,4.22,11.2,8.73,24.31,6.83,51.07,34.87,17.62,61.46,3.52,117.47,57.74,45.82,111.1,0.11,214.77,41.75,7.9,13.44,0,63.09,0,0,0,0,0,0,0,0,0,0,0,0,0,0,0,0,0,0.38,0.11,0.49,0,0,0,0,0,145.81,80.33,212.16,12.81,451.11,0.95,5.04,0,0,0,5.99,151.8,80.33,212.16,12.81,457.1
9/1/2026,2021,20220859,40719,288,"ALGONQUIN GAS TRANSMISSION, L.L.C. (SPECTRA ENERGY PARTNERS, LP)",Natural Gas,INTERSTATE,NEW JERSEY,0,0,0,0,0,0,0,0,0,0,1.15,0.74,8.98,0,10.87,24.02,5.37,48.59,0,77.98,17.82,3.37,22.31,0,43.5,2.7,0.78,0,0,3.48,0,0,0,0,0,0,0,0,0,0,0.02,0,0.02,0,0.04,0,0,0,0,0,45.71,10.26,79.9,0,135.87,0,0,0,0,0,0,45.71,10.26,79.9,0,135.87
9/1/2026,2021,20220859,40719,288,"ALGONQUIN GAS TRANSMISSION, L.L.C. (SPECTRA ENERGY PARTNERS, LP)",Natural Gas,INTERSTATE,NEW YORK,0,0,0.37,0,0.37,0.76,0.26,0.2,0,1.22,3.14,0.94,2.31,0,6.39,14.74,6.27,46.7,0,67.71,3.74,2.01,6.01,0,11.76,0,0,0,0,0,0,0,0,0,0,0,0,0,0,0,0,0,0.01,0,0.01,0,0,0,0,0,22.38,9.48,55.6,0,87.46,0,0,0,0,0,0,22.38,9.48,55.6,0,87.46
9/1/2026,2021,20220859,40719,288,"ALGONQUIN GAS TRANSMISSION, L.L.C. (SPECTRA ENERGY PARTNERS, LP)",Natural Gas,INTERSTATE,OCS-Atlantic,0,0,0,0,0,0,0,0,0,0,0,0,0,0,0,0,0,0,0,0,0,0,0,0,0,0,0,0,0,0,0,0,0,0,0,0,0,0,0,0,0,0,0,0,0,0,0,0,0,0,0,0,0,0,0,3.58,0,0,0,0,3.58,3.58,0,0,0,3.58
9/1/2026,2021,20220859,40719,288,"ALGONQUIN GAS TRANSMISSION, L.L.C. (SPECTRA ENERGY PARTNERS, LP)",Natural Gas,INTERSTATE,RHODE ISLAND,1.05,0.03,0.21,0,1.29,2.27,3.17,3.04,0,8.48,4.82,2.07,6.24,0,13.13,4.24,0.39,16.42,0,21.05,7.79,6.11,1.56,0,15.46,0,0,0,0,0,0,0,0,0,0,0,0,0,0,0,0,0,0.71,0,0.71,0,0,0,0,0,20.17,11.77,28.18,0,60.12,0,0,0,0,0,0,20.17,11.77,28.18,0,60.12
9/1/2026,2021,20220881,40741,383,AMARILLO NATURAL GAS INC,Natural Gas,INTRASTATE,KANSAS,0,0,0,0,0,0,0,0,0,0,0,0,0,0,0,0,0,0,0,0,0,0,0,0,0,0,0,0,0,0,0,0,0,0,0,0,0,0,0,0,0,0,0,0,0,1.71,0,0.01,0,1.72,1.71,0,0.01,0,1.72,0,0,0,0,0,0,1.71,0,0.01,0,1.72
9/1/2026,2021,20220881,40741,383,AMARILLO NATURAL GAS INC,Natural Gas,INTRASTATE,TEXAS,14.194,0.4,0,0,14.594,0,0,0,0,0,0,0,0,0,0,0,0,0,0,0,0,0,0,0,0,0,0,0,0,0,0,0,0,0,0,0,0,0,0,0,0,0,0,0,0,0,0,0,0,0,14.194,0.4,0,0,14.594,0,0,0,0,0,0,14.194,0.4,0,0,14.594
9/1/2026,2021,20221289,46981,405,ANR PIPELINE CO,Natural Gas,INTERSTATE,ARKANSAS,0,0,0,0,0,0,0,0,0,0,0.003,0,0,0,0.003,6.348,0.182,0.339,0,6.869,1.333,0.891,0.958,0,3.182,54.037,0.287,0,0,54.324,0,0,0,0,0,0,0,0,0,0,0,0,0,0,0,0,0,0,0,0,61.721,1.36,1.297,0,64.378,0,0,0,0,0,0,61.721,1.36,1.297,0,64.378
9/1/2026,2021,20221289,46981,405,ANR PIPELINE CO,Natural Gas,INTERSTATE,ILLINOIS,0,0,0,0,0,7.8,0.893,0.619,0,9.312,2.938,1.654,1.933,0,6.525,8.797,5.605,16.366,0,30.768,52.89,7.824,1.91,0,62.624,484.699,39.916,2.444,0,527.059,0,0,0,0,0,0,0,0,0,0,0,0,0,0,0,0,0,0,0,0,557.124,55.892,23.272,0,636.288,0,0,0,0,0,0,557.124,55.892,23.272,0,636.288
9/1/2026,2021,20221289,46981,405,ANR PIPELINE CO,Natural Gas,INTERSTATE,INDIANA,1.957,0.307,0,0,2.264,51.287,1.551,0.142,0,52.98,3.451,0.753,6.579,0,10.783,8.698,13.225,34.586,0,56.509,74.819,38.509,3.12,0,116.448,624.864,110.253,2.191,0,737.308,0,0,0,0,0,0,0,0,0,0,0,0,0,0,0,0,0,0,0,0,765.076,164.598,46.618,0,976.292,0,0,0,0,0,0,765.076,164.598,46.618,0,976.292
9/1/2026,2021,20221289,46981,405,ANR PIPELINE CO,Natural Gas,INTERSTATE,IOWA,0.616,0,0.004,0,0.62,94.738,5.041,2.928,0,102.707,79.885,5.608,4.099,0,89.592,71.872,2.498,0,0,74.37,17.629,0,0,0,17.629,316.642,0,0,0,316.642,0,0,0,0,0,0,0,0,0,0,0,0,0,0,0,0,0,0,0,0,581.382,13.147,7.031,0,601.56,0,0,0,0,0,0,581.382,13.147,7.031,0,601.56
9/1/2026,2021,20221289,46981,405,ANR PIPELINE CO,Natural Gas,INTERSTATE,KANSAS,0,0,0,0,0,2.678,0,0,0,2.678,8.142,0,0,0,8.142,1.749,0.238,0,0,1.987,26.693,0.127,0,0,26.82,788.393,4.082,0,0,792.475,0,0,0,0,0,0,0,0,0,0,0,0,0,0,0,0,0,0,0,0,827.655,4.447,0,0,832.102,0,0,0,0,0,0,827.655,4.447,0,0,832.102
9/1/2026,2021,20221289,46981,405,ANR PIPELINE CO,Natural Gas,INTERSTATE,KENTUCKY,0,0,0,0,0,3.8,0,0,0,3.8,0.002,0,0,0,0.002,1.886,0.057,0,0,1.943,12.315,6.338,0,0,18.653,247.256,6.469,0,0,253.725,0,0,0,0,0,0,0,0,0,0,0,0,0,0,0,0,0,0,0,0,265.259,12.864,0,0,278.123,0,0,0,0,0,0,265.259,12.864,0,0,278.123
9/1/2026,2021,20221289,46981,405,ANR PIPELINE CO,Natural Gas,INTERSTATE,LOUISIANA,0,0,0,0,0,0.597,0,0,0,0.597,11.909,1.693,2.429,0,16.031,36.256,5.765,2.295,0,44.316,51.022,13.488,6.299,0,70.809,758.692,60.481,1.485,0,820.658,0,0,0,0,0,0,0,0,0,0,0,0,0,0,0,0,0,0,0,0,858.476,81.427,12.508,0,952.411,0,0,0,0,0,0,858.476,81.427,12.508,0,952.411
9/1/2026,2021,20221289,46981,405,ANR PIPELINE CO,Natural Gas,INTERSTATE,MICHIGAN,0.603,0.032,0.015,0,0.65,106.542,12.87,3.912,0,123.324,90.144,24.515,9.658,0,124.317,137.236,27.139,38.494,0,202.869,195.597,100.818,22.629,0,319.044,444.995,94.98,0.407,0,540.382,0.003,0,0,0,0.003,0.433,0,0,0,0.433,0,0,0,0,0,0,0,0,0,0,975.553,260.354,75.115,0,1311.022,0,0,0,0,0,0,975.553,260.354,75.115,0,1311.022
9/1/2026,2021,20221289,46981,405,ANR PIPELINE CO,Natural Gas,INTERSTATE,MISSISSIPPI,0,0,0,0,0,0,0,0,0,0,1.545,0.803,1.236,0,3.584,8.224,3.123,6.958,0,18.305,7.889,7.253,2.732,0,17.874,297.523,35.675,0,0,333.198,0,0,0,0,0,0,0,0,0,0,0,0,0,0,0,0,0,0,0,0,315.181,46.854,10.926,0,372.961,0,0,0,0,0,0,315.181,46.854,10.926,0,372.961
9/1/2026,2021,20221289,46981,405,ANR PIPELINE CO,Natural Gas,INTERSTATE,MISSOURI,1.798,0,0,0,1.798,50.646,0.856,0.15,0,51.652,4.239,0.378,0.436,0,5.053,6.187,0.775,0.998,0,7.96,4.257,0,0.514,0,4.771,200.973,0,0,0,200.973,0,0,0,0,0,0,0,0,0,0,0,0,0,0,0,0,0,0,0,0,268.1,2.009,2.098,0,272.207,0,0,0,0,0,0,268.1,2.009,2.098,0,272.207
9/1/2026,2021,20221289,46981,405,ANR PIPELINE CO,Natural Gas,INTERSTATE,NEBRASKA,0,0,0,0,0,0,0,0,0,0,0,0,0,0,0,0.235,0,0,0,0.235,0.538,0,0,0,0.538,7.869,0,0,0,7.869,0,0,0,0,0,0,0,0,0,0,0,0,0,0,0,0,0,0,0,0,8.642,0,0,0,8.642,0,0,0,0,0,0,8.642,0,0,0,8.642
9/1/2026,2021,20221289,46981,405,ANR PIPELINE CO,Natural Gas,INTERSTATE,OHIO,0.074,0,0,0,0.074,15.931,1.267,0.316,0,17.514,0.446,0.281,2.431,0,3.158,18.504,13.359,16.471,0,48.334,13.608,5.081,2.42,0,21.109,214.328,11.291,0.497,0,226.116,0,0,0,0,0,0,0,0,0,0,0,0,0,0,0,0,0,0,0,0,262.891,31.279,22.135,0,316.305,0,0,0,0,0,0,262.891,31.279,22.135,0,316.305
9/1/2026,2021,20221289,46981,405,ANR PIPELINE CO,Natural Gas,INTERSTATE,OKLAHOMA,0,0,0,0,0,0.266,0,0,0,0.266,0.779,0,0,0,0.779,12.924,0,0,0,12.924,30.955,0,0,0,30.955,301.233,0,0,0,301.233,0,0,0,0,0,0,0,0,0,0,0,0,0,0,0,0,0,0,0,0,346.157,0,0,0,346.157,0,0,0,0,0,0,346.157,0,0,0,346.157
9/1/2026,2021,20221289,46981,405,ANR PIPELINE CO,Natural Gas,INTERSTATE,TENNESSEE,0,0,0,0,0,0.196,0,0,0,0.196,0.914,0.042,2.507,0,3.463,2.534,0.157,0,0,2.691,7.607,4.143,0,0,11.75,285.646,25.118,0.003,0,310.767,0,0,0,0,0,0,0,0,0,0,0,0,0,0,0,0,0,0,0,0,296.897,29.46,2.51,0,328.867,0,0,0,0,0,0,296.897,29.46,2.51,0,328.867
9/1/2026,2021,20221289,46981,405,ANR PIPELINE CO,Natural Gas,INTERSTATE,TEXAS,0,0,0,0,0,0.456,0,0,0,0.456,3.585,0,0,0,3.585,1.415,0,0,0,1.415,16.383,0,0,0,16.383,115.223,0,0,0,115.223,0,0,0,0,0,0,0,0,0,0,0,0,0,0,0,0,0,0,0,0,137.062,0,0,0,137.062,0,0,0,0,0,0,137.062,0,0,0,137.062
9/1/2026,2021,20221289,46981,405,ANR PIPELINE CO,Natural Gas,INTERSTATE,WISCONSIN,0.002,0,0,0,0.002,149.752,23.291,7.712,0,180.755,319.655,61.358,24.901,0,405.914,175.581,56.797,96.139,0,328.517,362.568,72.221,61.074,0,495.863,343.459,59.733,0.576,0,403.768,0,0,0,0,0,0,0,0,0,0,0,0,0,0,0,0,0,0,0,0,1351.017,273.4,190.402,0,1814.819,0,0,0,0,0,0,1351.017,273.4,190.402,0,1814.819
9/1/2026,2021,20221289,46981,405,ANR PIPELINE CO,Natural Gas,INTRASTATE,MICHIGAN,0,0,0,0,0,0,0,0,0,0,0.158,0,0,0,0.158,2.276,0.495,0,0,2.771,0,0,0,0,0,0,0,0,0,0,0,0,0,0,0,0,0,0,0,0,0,0,0,0,0,0,0,0,0,0,2.434,0.495,0,0,2.929,0,0,0,0,0,0,2.434,0.495,0,0,2.929
9/1/2026,2021,20220931,40794,473,"WESTERN MIDSTREAM PARTNERS, LP",Natural Gas,INTERSTATE,NEW MEXICO,0,0,0,0,0,0,0,0,0,0,0,0,0,0,0,0,0,0,0,0,0,0,0,0,0,3,0,0,0,3,0,0,0,0,0,0,0,0,0,0,0,0,0,0,0,0,0,0,0,0,3,0,0,0,3,0,0,0,0,0,0,3,0,0,0,3
9/1/2026,2021,20220931,40794,473,"WESTERN MIDSTREAM PARTNERS, LP",Natural Gas,INTERSTATE,TEXAS,0,0,0,0,0,0,0,0,0,0,0,0,0,0,0,0,0,0,0,0,0,0,0,0,0,15.2,0,0,0,15.2,0,0,0,0,0,0,0,0,0,0,0,0,0,0,0,0,0,0,0,0,15.2,0,0,0,15.2,0,0,0,0,0,0,15.2,0,0,0,15.2
9/1/2026,2021,20220931,40794,473,"WESTERN MIDSTREAM PARTNERS, LP",Natural Gas,INTERSTATE,WYOMING,0,0,0,0,0,0,0,0,0,0,37.24,0.97,0,0,38.21,36.44,0,0,0,36.44,43.42,1.5,0,0,44.92,122.71,0,0,0,122.71,0,0,0,0,0,0,0,0,0,0,0,0,0,0,0,0,0,0,0,0,239.81,2.47,0,0,242.28,0,0,0,0,0,0,239.81,2.47,0,0,242.28
9/1/2026,2021,20220931,40794,473,"WESTERN MIDSTREAM PARTNERS, LP",Natural Gas,INTRASTATE,COLORADO,0,0,0,0,0,0,0,0,0,0,0,0,0,0,0,1.78,0,0,0,1.78,1.2,0,0,0,1.2,0.73,0.25,0,0,0.98,0,0,0,0,0,0,0,0,0,0,0,0,0,0,0,0,0,0,0,0,3.71,0.25,0,0,3.96,0,0,0,0,0,0,3.71,0.25,0,0,3.96
9/1/2026,2021,20220931,40794,473,"WESTERN MIDSTREAM PARTNERS, LP",Natural Gas,INTRASTATE,UTAH,0,0,0,0,0,0,0,0,0,0,0,0,0,0,0,0,0,0,0,0,0.13,0,0,0,0.13,2,0,0,0,2,0,0,0,0,0,0,0,0,0,0,0,0,0,0,0,0,0,0,0,0,2.13,0,0,0,2.13,0,0,0,0,0,0,2.13,0,0,0,2.13
9/1/2026,2021,20220931,40794,473,"WESTERN MIDSTREAM PARTNERS, LP",Natural Gas,INTRASTATE,WYOMING,0,0,0,0,0,0,0,0,0,0,0,0,0,0,0,0,0,0,0,0,0,0,0,0,0,49,0,0,0,49,14.9,0,0,0,14.9,0,0,0,0,0,5.1,0,0,0,5.1,0,0,0,0,0,69,0,0,0,69,0,0,0,0,0,0,69,0,0,0,69
9/1/2026,2021,20220688,40543,515,DAKOTA GASIFICATION COMPANY,Synthetic Gas,INTRASTATE,NORTH DAKOTA,0,0,0,0,0,0,0,0,0,0,3.28,0,0,0,3.28,0.42,0,0,0,0.42,1.26,0,0,0,1.26,34.81,0,0,0,34.81,0,0,0,0,0,0,0,0,0,0,0,0,0,0,0,0,0,0,0,0,39.77,0,0,0,39.77,0,0,0,0,0,0,39.77,0,0,0,39.77
9/1/2026,2021,20220660,40514,570,FERNDALE PIPELINE SYSTEM,Natural Gas,INTRASTATE,WASHINGTON,0,0,0,0,0,0,0,0,0,0,24.8,9.3,2.1,0,36.2,0,0,0,0,0,0,0,0,0,0,0,0,0,0,0,0,0,0,0,0,0,0,0,0,0,0,0,0,0,0,0,0,0,0,0,24.8,9.3,2.1,0,36.2,0,0,0,0,0,0,24.8,9.3,2.1,0,36.2
9/1/2026,2021,20220537,40383,585,ARGYLE MUNICIPAL GAS SYSTEM,Natural Gas,INTRASTATE,MINNESOTA,0,0,0,0,0,2.01,0,0,0,2.01,0,0,0,0,0,0,0,0,0,0,0,0,0,0,0,0,0,0,0,0,0,0,0,0,0,0,0,0,0,0,0,0,0,0,0,0,0,0,0,0,2.01,0,0,0,2.01,0,0,0,0,0,0,2.01,0,0,0,2.01
9/1/2026,2021,20220509,40355,602,"ENABLE GAS TRANSMISSION, LLC",Natural Gas,INTERSTATE,ARKANSAS,333.76,142.63,56.41,0,532.8,212.8,57.52,29.78,0,300.1,214.44,35.08,37.34,0,286.86,429.78,95.11,53.92,0,578.81,181.03,69.22,17.6,0,267.85,834.79,91.33,1.5,0,927.62,0,0,0,0,0,0,0,0,0,0,0.11,0,0.01,0,0.12,12.46,4.48,0,0,16.94,2219.17,495.37,196.56,0,2911.1,0,0,0,0,0,0,2219.17,495.37,196.56,0,2911.1
9/1/2026,2021,20220509,40355,602,"ENABLE GAS TRANSMISSION, LLC",Natural Gas,INTERSTATE,KANSAS,8.39,1.94,4.4,0,14.73,9.78,0,0,0,9.78,4.08,0,0,0,4.08,1.61,0,0,0,1.61,2.83,0,0,0,2.83,0.02,0,0,0,0.02,0,0,0,0,0,0,0,0,0,0,0,0,0,0,0,0,0,0,0,0,26.71,1.94,4.4,0,33.05,0,0,0,0,0,0,26.71,1.94,4.4,0,33.05
9/1/2026,2021,20220509,40355,602,"ENABLE GAS TRANSMISSION, LLC",Natural Gas,INTERSTATE,LOUISIANA,156.72,41.39,33.2,0,231.31,104.08,17.66,12.42,0,134.16,38.93,17.57,3.27,0,59.77,90.13,21.29,18.72,0,130.14,48.48,16.1,3.41,0,67.99,173.07,9.74,0,0,182.81,135.53,0.04,0,0,135.57,0,0,0,0,0,0.26,0.03,0,0,0.29,0,0,0,0,0,747.2,123.82,71.02,0,942.04,0,0,0,0,0,0,747.2,123.82,71.02,0,942.04
9/1/2026,2021,20220509,40355,602,"ENABLE GAS TRANSMISSION, LLC",Natural Gas,INTERSTATE,MISSISSIPPI,0,0.08,0,0,0.08,0,0.03,0,0,0.03,0.71,0.6,1.86,0,3.17,0,0,0,0,0,0,0,0,0,0,0,0,0,0,0,0,0,0,0,0,0,0,0,0,0,0,0,0,0,0,0,0,0,0,0,0.71,0.71,1.86,0,3.28,0,0,0,0,0,0,0.71,0.71,1.86,0,3.28
9/1/2026,2021,20220509,40355,602,"ENABLE GAS TRANSMISSION, LLC",Natural Gas,INTERSTATE,MISSOURI,0,0,0,0,0,0,0,0,0,0,0.01,0,0,0,0.01,0.04,0,0,0,0.04,2.14,0,0,0,2.14,0.09,0,0,0,0.09,0,0,0,0,0,0,0,0,0,0,0,0,0,0,0,0,0,0,0,0,2.28,0,0,0,2.28,0,0,0,0,0,0,2.28,0,0,0,2.28
9/1/2026,2021,20220509,40355,602,"ENABLE GAS TRANSMISSION, LLC",Natural Gas,INTERSTATE,OKLAHOMA,297.14,28.84,35.67,0,361.65,123.28,15.82,10.06,0,149.16,39.06,5.57,4.06,0,48.69,87.88,9.42,5.9,0,103.2,294.1,3.85,4.27,0,302.22,500.64,10.4,0.01,0,511.05,0,0,0,0,0,0,0,0,0,0,0.01,0,0,0,0.01,7.21,0,0,0,7.21,1349.32,73.9,59.97,0,1483.19,0,0,0,0,0,0,1349.32,73.9,59.97,0,1483.19
9/1/2026,2021,20220509,40355,602,"ENABLE GAS TRANSMISSION, LLC",Natural Gas,INTERSTATE,TENNESSEE,0.31,0,0,0,0.31,2.32,0,0,0,2.32,4.53,0.32,0,0,4.85,0,0,0,0,0,0,0,0,0,0,0,0,0,0,0,0,0,0,0,0,0,0,0,0,0,0,0,0,0,0,0,0,0,0,0,7.16,0.32,0,0,7.48,0,0,0,0,0,0,7.16,0.32,0,0,7.48
9/1/2026,2021,20220509,40355,602,"ENABLE GAS TRANSMISSION, LLC",Natural Gas,INTERSTATE,TEXAS,73.78,58.84,20.94,0,153.56,75.31,22.24,9.32,0,106.87,45.7,8.39,4.49,0,58.58,46.39,6.46,9.55,0,62.4,33.75,3.75,0.01,0,37.51,45.41,1.23,0.47,0,47.11,13.09,0,0,0,13.09,0,0,0,0,0,0.21,0.01,0.01,0,0.23,0,0,0,0,0,333.64,100.92,44.79,0,479.35,0,0,0,0,0,0,333.64,100.92,44.79,0,479.35
9/1/2026,2021,20220592,46712,603,CENTERPOINT ENERGY RESOURCES CORP.,Natural Gas,INTRASTATE,ARKANSAS,0,0,0,0,0,11.001,6.97,17.88,0,35.851,4.089,15.519,10.134,0,29.742,1.674,0,8.397,0,10.071,0,0,0,0,0,0,0,0,0,0,0,0,0,0,0,0,0,0,0,0,0,0,0,0,0,0,0,0,0,0,16.764,22.489,36.411,0,75.664,0,0,0,0,0,0,16.764,22.489,36.411,0,75.664
9/1/2026,2021,20220592,46712,603,CENTERPOINT ENERGY RESOURCES CORP.,Natural Gas,INTRASTATE,OKLAHOMA,0,0,0,0,0,0,0,0,0,0,0.056,0,1.82,0,1.876,0,0,0,0,0,0,0,0,0,0,0,0,0,0,0,0,0,0,0,0,0,0,0,0,0,0,0,0,0,0,0,0,0,0,0,0.056,0,1.82,0,1.876,0,0,0,0,0,0,0.056,0,1.82,0,1.876
9/1/2026,2021,20221090,40959,621,ARKANSAS OKLAHOMA GAS CORP,Natural Gas,INTRASTATE,ARKANSAS,27.42,12.24,6.83,0,46.49,3.68,4.79,0,0,8.47,0,0,0,0,0,0,0,0,0,0,0,0,0,0,0,0,0,0,0,0,0,0,0,0,0,0,0,0,0,0,0,0,0,0,0,0,0,0,0,0,31.1,17.03,6.83,0,54.96,0,0,0,0,0,0,31.1,17.03,6.83,0,54.96
9/1/2026,2021,20221090,40959,621,ARKANSAS OKLAHOMA GAS CORP,Natural Gas,INTRASTATE,OKLAHOMA,34.7,16.03,7.14,0,57.87,2.88,1.97,1.18,0,6.03,0,0,0,0,0,0,0,0,0,0,0,0,0,0,0,0,0,0,0,0,0,0,0,0,0,0,0,0,0,0,0.37,0,0.01,0,0.38,0,0,0,0,0,37.95,18,8.33,0,64.28,0,0,0,0,0,0,37.95,18,8.33,0,64.28
9/1/2026,2021,20220209,40045,660,"ARLINGTON ENERGY GROUP, LLC",Natural Gas,INTRASTATE,MISSISSIPPI,12,5,5,0,22,0,0,0,0,0,0,0,0,0,0,0,0,0,0,0,0,0,0,0,0,0,0,0,0,0,0,0,0,0,0,0,0,0,0,0,0,0,0,0,0,0,0,0,0,0,12,5,5,0,22,0,0,0,0,0,0,12,5,5,0,22
9/1/2026,2021,20221214,41090,792,ATLANTA GAS LIGHT CO,Landfill Gas,INTRASTATE,GEORGIA,0.1,0,0.1,0,0.2,0,0,0,0,0,0,0,0,0,0,0,0,0,0,0,0,0,0,0,0,0,0,0,0,0,0,0,0,0,0,0,0,0,0,0,0,0,0,0,0,0.3,0.7,5.3,0,6.3,0.4,0.7,5.4,0,6.5,0,0,0,0,0,0,0.4,0.7,5.4,0,6.5
9/1/2026,2021,20221239,41117,792,ATLANTA GAS LIGHT CO,Natural Gas,INTRASTATE,GEORGIA,2.1,0.5,7.5,0,10.1,72.8,40.1,136.9,2,251.8,82.9,39,134.4,0,256.3,158.6,92.3,146,0.2,397.1,7.8,4.4,2.1,0,14.3,62.7,17.1,4.3,0,84.1,0,0,0,0,0,0,0,0,0,0,0.4,0.1,2,0,2.5,0,0,0,0,0,387.3,193.5,433.2,2.2,1016.2,0,0,0,0,0,0,387.3,193.5,433.2,2.2,1016.2
9/1/2026,2021,20220335,40175,840,MOJAVE PIPELINE OPERATING COMPANY,Natural Gas,INTERSTATE,ARIZONA,0,0,0,0,0,0,0,0,0,0,0,0,0,0,0,0.24,0.35,0,0,0.59,0,0,0,0,0,1.27,0.1,0,0,1.37,0,0,0,0,0,0,0,0,0,0,0,0,0,0,0,0,0,0,0,0,1.51,0.45,0,0,1.96,0,0,0,0,0,0,1.51,0.45,0,0,1.96
9/1/2026,2021,20220335,40175,840,MOJAVE PIPELINE OPERATING COMPANY,Natural Gas,INTERSTATE,CALIFORNIA,0.9,0.01,0,0,0.91,15.96,0.55,0.13,0,16.64,3.93,0.03,0,0,3.96,23.36,2.12,1.19,0,26.67,18.88,6.72,0.15,0,25.75,481.34,4.75,0,0,486.09,0,0,0,0,0,0,0,0,0,0,0,0,0,0,0,0,0,0,0,0,544.37,14.18,1.47,0,560.02,0,0,0,0,0,0,544.37,14.18,1.47,0,560.02
9/1/2026,2021,20221308,41237,842,AIR LIQUIDE LARGE INDUSTRIES U.S. LP,Hydrogen Gas,INTRASTATE,LOUISIANA,0,0,0,0,0,0,0,0,0,0,1.28,0,0,0,1.28,0,0,0,0,0,0,0,0,0,0,0,0,0,0,0,0,0,0,0,0,0,0,0,0,0,0,0,0,0,0,0,0,0,0,0,1.28,0,0,0,1.28,0,0,0,0,0,0,1.28,0,0,0,1.28
9/1/2026,2021,20221308,41237,842,AIR LIQUIDE LARGE INDUSTRIES U.S. LP,Hydrogen Gas,INTRASTATE,TEXAS,153.71,27,20.95,0,201.66,3.7,5.25,6.82,0.3,16.07,28.37,0,0,0,28.37,20.44,14.16,0,0,34.6,35.18,16.93,35.27,0,87.38,0,0,0,0,0,0,0,0,0,0,0,0,0,0,0,0,0,0,0,0,0,0,0,0,0,241.4,63.34,63.04,0.3,368.08,0,0,0,0,0,0,241.4,63.34,63.04,0.3,368.08
9/1/2026,2021,20221059,40927,842,AIR LIQUIDE LARGE INDUSTRIES U.S. LP,Natural Gas,INTRASTATE,TEXAS,0.67,0,0,0,0.67,0,0,0,0,0,0.15,0,0.16,0,0.31,0,0,0,0,0,0,0,0,0,0,0,0,0,0,0,0,0,0,0,0,0,0,0,0,0,0,0,0,0,0,0,0,0,0,0,0.82,0,0.16,0,0.98,0,0,0,0,0,0,0.82,0,0.16,0,0.98
9/1/2026,2021,20221058,40926,842,AIR LIQUIDE LARGE INDUSTRIES U.S. LP,Synthetic Gas,INTRASTATE,TEXAS,1.89,0.13,0.1,0,2.12,0,0,0,0,0,38.86,1.87,0,0,40.73,0,0,0,0,0,0,0,0,0,0,0,0,0,0,0,0,0,0,0,0,0,0,0,0,0,0,0,0,0,0,0,0,0,0,0,40.75,2,0.1,0,42.85,0,0,0,0,0,0,40.75,2,0.1,0,42.85
9/1/2026,2021,20220773,40631,844,KERN RIVER GAS TRANSMISSION CO,Natural Gas,INTERSTATE,CALIFORNIA,0,0,0,0,0,0,0,0,0,0,0,0,0,0,0,8.76,0,0,0,8.76,38.436,0,0.031,0,38.467,6.993,0,0,0,6.993,192.649,0,0,0,192.649,0,0,0,0,0,0,0,0,0,0,0,0,0,0,0,246.838,0,0.031,0,246.869,0,0,0,0,0,0,246.838,0,0.031,0,246.869
9/1/2026,2021,20220773,40631,844,KERN RIVER GAS TRANSMISSION CO,Natural Gas,INTERSTATE,NEVADA,0,0,0,0,0,0,0,0,0,0,0.591,0,0,0,0.591,5.478,0,0.361,0,5.839,18.565,0.465,26.475,0,45.505,4.204,0,0,0,4.204,219.81,0.448,0,0,220.258,0,0,0,0,0,0,0,0,0,0,0,0,0,0,0,248.648,0.913,26.836,0,276.397,0,0,0,0,0,0,248.648,0.913,26.836,0,276.397
9/1/2026,2021,20220773,40631,844,KERN RIVER GAS TRANSMISSION CO,Natural Gas,INTERSTATE,UTAH,0,0,0,0,0,0,0,0,0,0,0,0,0,0,0,8.43,0.568,9.685,0,18.683,53.455,3.77,35.643,0,92.868,29.551,0.945,9.899,0,40.395,588.331,0.7,0.033,0,589.064,0,0,0,0,0,0,0,0,0,0,0,0,0,0,0,679.767,5.983,55.26,0,741.01,0,0,0,0,0,0,679.767,5.983,55.26,0,741.01
9/1/2026,2021,20220773,40631,844,KERN RIVER GAS TRANSMISSION CO,Natural Gas,INTERSTATE,WYOMING,0,0,0,0,0,0,0,0,0,0,0.065,0,0,0,0.065,2.259,0,0,0,2.259,2.628,0,0,0,2.628,23.608,0,0,0,23.608,125.486,0,0,0,125.486,0,0,0,0,0,0,0,0,0,0,0,0,0,0,0,154.046,0,0,0,154.046,0,0,0,0,0,0,154.046,0,0,0,154.046
9/1/2026,2021,20220853,40713,860,"FAIRBANK, CITY OF",Natural Gas,INTRASTATE,IOWA,0.292,0,0,0,0.292,0,0,0,0,0,0,0,0,0,0,0,0,0,0,0,0,0,0,0,0,0,0,0,0,0,0,0,0,0,0,0,0,0,0,0,0,0,0,0,0,7.782,0,0,0,7.782,8.074,0,0,0,8.074,0,0,0,0,0,0,8.074,0,0,0,8.074
9/1/2026,2021,20220676,40530,872,LAFITTE GAS PIPELINE,Hydrogen Gas,INTRASTATE,LOUISIANA,0.652,2.307,1.925,0,4.884,0,0,0,0,0,0.844,0,0.161,0,1.005,0,0,0,0,0,0,0,0,0,0,0,0,0,0,0,0,0,0,0,0,0,0,0,0,0,0,0,0,0,0,0,0,0,0,0,1.496,2.307,2.086,0,5.889,0,0,0,0,0,0,1.496,2.307,2.086,0,5.889
9/1/2026,2021,20220675,40531,872,LAFITTE GAS PIPELINE,Natural Gas,INTRASTATE,LOUISIANA,0,0.049,0.041,0,0.09,0,0.545,0.169,0,0.714,0,0,0,0,0,0,3.812,1.107,0,4.919,0,0,0,0,0,0,0,0,0,0,0,0,0,0,0,0,0,0,0,0,0,0,0,0,0,0,0,0,0,0,0,4.406,1.317,0,5.723,0,0,0,0,0,0,0,4.406,1.317,0,5.723
9/1/2026,2021,20221356,41267,878,EAST KENTUCKY MIDSTREAM,Natural Gas,INTRASTATE,KENTUCKY,28,1,0,0,29,0,0,0,0,0,0,0,0,0,0,0,0,0,0,0,0,0,0,0,0,0,0,0,0,0,0,0,0,0,0,0,0,0,0,0,0,0,0,0,0,0,0,0,0,0,28,1,0,0,29,0,0,0,0,0,0,28,1,0,0,29
9/1/2026,2021,20220581,40428,899,5P GAS PIPELINE COMPANY,Natural Gas,INTRASTATE,TEXAS,6,1,0,0,7,0,0,0,0,0,0,0,0,0,0,0,0,0,0,0,0,0,0,0,0,0,0,0,0,0,0,0,0,0,0,0,0,0,0,0,0,0,0,0,0,1,0,0,0,1,7,1,0,0,8,0,0,0,0,0,0,7,1,0,0,8
9/1/2026,2021,20220940,40804,920,NATGAS INC.,Natural Gas,INTRASTATE,TEXAS,2.96,0,0,0,2.96,0,0,0,0,0,0,0,0,0,0,0,0,0,0,0,0,0,0,0,0,0,0,0,0,0,0,0,0,0,0,0,0,0,0,0,0,0,0,0,0,0,0,0,0,0,2.96,0,0,0,2.96,0,0,0,0,0,0,2.96,0,0,0,2.96
9/1/2026,2021,20221000,40866,929,"SEBRING GAS SYSTEM, INC",Natural Gas,INTRASTATE,FLORIDA,0.039,0,0,0,0.039,0,0,0,0,0,0,0,0,0,0,0,0,0,0,0,0,0,0,0,0,0,0,0,0,0,0,0,0,0,0,0,0,0,0,0,0,0,0,0,0,0.05,0,0.09,0,0.14,0.089,0,0.09,0,0.179,0,0,0,0,0,0,0.089,0,0.09,0,0.179
9/1/2026,2021,20220353,40195,952,ENERFIN RESOURCES II-92 LIMITED PARTNERSHIP,Natural Gas,INTRASTATE,TEXAS,10,0,0,0,10,0,0,0,0,0,0,0,0,0,0,0,0,0,0,0,0,0,0,0,0,0,0,0,0,0,0,0,0,0,0,0,0,0,0,0,0,0,0,0,0,0,0,0,0,0,10,0,0,0,10,0,0,0,0,0,0,10,0,0,0,10
9/1/2026,2021,20220223,40059,967,"PINEDALE NATURAL GAS, INC",Natural Gas,INTRASTATE,WYOMING,0,0,0,0,0,0,0,0,0,0,0,0,0,0,0,0,0,0,0,0,0,0,0,0,0,0,0,0,0,0,0,0,0,0,0,0,0,0,0,0,0,0,0,0,0,6.4,0.64,0,0,7.04,6.4,0.64,0,0,7.04,0,0,0,0,0,0,6.4,0.64,0,0,7.04
9/1/2026,2021,20220043,39867,978,LAWRENCE PAPER CO,Natural Gas,INTRASTATE,KANSAS,0,0,0,0,0,0,0,0,0,0,0,0,0,0,0,0,0,0,0,0,0,0,0,0,0,0,0,0,0,0,0,0,0,0,0,0,0,0,0,0,0,0,0,0,0,0.794,0,0,0,0.794,0.794,0,0,0,0.794,0,0,0,0,0,0,0.794,0,0,0,0.794
9/1/2026,2021,20220191,40027,980,APPALACHIAN NATURAL GAS DISTRIBUTION COMPANY,Natural Gas,INTRASTATE,VIRGINIA,0,1.312,0,0,1.312,0,0,0,0,0,0,0,0,0,0,0,6.011,0,0,6.011,0,0,0,0,0,0,0,0,0,0,0,0,0,0,0,0,0,0,0,0,0,0,0,0,0,0,0.87,0,0,0.87,0,8.193,0,0,8.193,0,0,0,0,0,0,0,8.193,0,0,8.193
9/1/2026,2021,20220901,40762,993,CROSSROADS PIPELINE COMPANY,Natural Gas,INTERSTATE,INDIANA,0.001,0,0,0,0.001,0.08,0.011,0,0,0.091,15.638,1.344,9.363,0,26.345,86.709,17.484,8.303,0,112.496,0.191,0.001,0,0,0.192,0.002,0,0,0,0.002,0,0,0,0,0,0,0,0,0,0,0.276,0.007,0.001,0,0.284,0,0,0,0,0,102.897,18.847,17.667,0,139.411,0,0,0,0,0,0,102.897,18.847,17.667,0,139.411
9/1/2026,2021,20220901,40762,993,CROSSROADS PIPELINE COMPANY,Natural Gas,INTERSTATE,OHIO,0.025,0,0,0,0.025,5.381,0,0,0,5.381,0.961,0,0,0,0.961,53.798,1.385,1.323,0,56.506,0.005,0,0,0,0.005,0.002,0,0,0,0.002,0,0,0,0,0,0,0,0,0,0,0.005,0,0,0,0.005,0,0,0,0,0,60.177,1.385,1.323,0,62.885,0,0,0,0,0,0,60.177,1.385,1.323,0,62.885
9/1/2026,2021,20221117,40986,994,"WILLIAMS FIELD SERVICES - GULF COAST COMPANY, LP",Other Gas-Hydrogen Chloride,INTRASTATE,TEXAS,0,0,0,0,0,11.79,1.34,1.05,0,14.18,0,0,0,0,0,0,0,0,0,0,0,0,0,0,0,0,0,0,0,0,0,0,0,0,0,0,0,0,0,0,0,0,0,0,0,0,0,0,0,0,11.79,1.34,1.05,0,14.18,0,0,0,0,0,0,11.79,1.34,1.05,0,14.18
9/1/2026,2021,20220967,40832,997,MIDWAY SUNSET COGENERATION CO,Natural Gas,INTERSTATE,CALIFORNIA,0,0,0,0,0,0,0,0,0,0,0,0,0,0,0,4,0,0,0,4,0,0,0,0,0,0,0,0,0,0,0,0,0,0,0,0,0,0,0,0,0,0,0,0,0,0,0,0,0,0,4,0,0,0,4,0,0,0,0,0,0,4,0,0,0,4
9/1/2026,2021,20221306,41192,1007,"TALLGRASS INTERSTATE GAS TRANSMISSION, LLC",Natural Gas,INTERSTATE,COLORADO,55.445,2.338,0.865,0,58.648,21.477,2.504,0.001,0,23.982,61.147,2.425,4.632,0,68.204,72.214,4.869,2.321,0,79.404,53.242,0.987,0.014,0,54.243,118.512,0,0,0,118.512,0,0,0,0,0,0,0,0,0,0,31.174,0.176,0,0,31.35,0,0,0,0,0,413.211,13.299,7.833,0,434.343,0,0,0,0,0,0,413.211,13.299,7.833,0,434.343
9/1/2026,2021,20221306,41192,1007,"TALLGRASS INTERSTATE GAS TRANSMISSION, LLC",Natural Gas,INTERSTATE,KANSAS,119.506,7.03,3.899,0,130.435,167.742,4.725,1.53,0,173.997,206.373,4.408,1.51,0,212.291,330.319,7.627,1.264,0,339.21,338.369,1.501,0.117,0,339.987,350.404,2.49,0,0,352.894,0,0,0,0,0,0,0,0,0,0,72.075,1.721,0.002,0,73.798,1.802,0.644,0,0,2.446,1586.59,30.146,8.322,0,1625.058,0,0,0,0,0,0,1586.59,30.146,8.322,0,1625.058
9/1/2026,2021,20221306,41192,1007,"TALLGRASS INTERSTATE GAS TRANSMISSION, LLC",Natural Gas,INTERSTATE,MISSOURI,0,0,0,0,0,0,0,0,0,0,0.214,0,1.108,0,1.322,7.594,0,4.359,0,11.953,0.858,0,0.026,0,0.884,6.622,0,0,0,6.622,0,0,0,0,0,0,0,0,0,0,0.002,0,0,0,0.002,0,0,0,0,0,15.29,0,5.493,0,20.783,0,0,0,0,0,0,15.29,0,5.493,0,20.783
9/1/2026,2021,20221306,41192,1007,"TALLGRASS INTERSTATE GAS TRANSMISSION, LLC",Natural Gas,INTERSTATE,NEBRASKA,84.424,5.614,3.102,0,93.14,150.815,14.916,6.724,0,172.455,154.629,15.883,10.625,0,181.137,456.924,16.854,16.452,0,490.23,574.253,9.666,5.317,0,589.236,305.598,3.537,0,0,309.135,0,0,0,0,0,0,0,0,0,0,63.148,1.415,0.193,0,64.756,0.95,0,0,0,0.95,1790.741,67.885,42.413,0,1901.039,0,0,0,0,0,0,1790.741,67.885,42.413,0,1901.039
9/1/2026,2021,20221306,41192,1007,"TALLGRASS INTERSTATE GAS TRANSMISSION, LLC",Natural Gas,INTERSTATE,WYOMING,0.089,0,0.242,0,0.331,8.271,5.042,1.692,0,15.005,3.262,0,1.108,0,4.37,13.591,0.26,1.232,0,15.083,31.084,4.65,4.87,0,40.604,133.359,4.705,0,0,138.064,0,0,0,0,0,0,0,0,0,0,38.024,0,0,0,38.024,0,0,0,0,0,227.68,14.657,9.144,0,251.481,0,0,0,0,0,0,227.68,14.657,9.144,0,251.481
9/1/2026,2021,20220823,40683,1088,BALTIMORE GAS AND ELECTRIC COMPANY,Natural Gas,INTRASTATE,MARYLAND,0,0,0,0,0,8.412,2.085,26.115,3.908,40.52,3.898,21.064,45.813,2.455,73.23,18.568,9,11.089,0,38.657,0,0,0,0,0,0,0,0,0,0,0,0,0,0,0,0,0,0,0,0,0,0,0,0,0,0,0,0,0,0,30.878,32.149,83.017,6.363,152.407,0,0,0,0,0,0,30.878,32.149,83.017,6.363,152.407
9/1/2026,2021,20220484,40330,1217,BEAR CREEK STORAGE CO,Natural Gas,INTERSTATE,LOUISIANA,0,0,0,0,0,0,0,0,0,0,0.11,0,0,0,0.11,5.26,0,0,0,5.26,0.02,0,0,0,0.02,20.21,0,0,0,20.21,0,0,0,0,0,0,0,0,0,0,0,0,0,0,0,0,0,0,0,0,25.6,0,0,0,25.6,0,0,0,0,0,0,25.6,0,0,0,25.6
9/1/2026,2021,20220044,39868,1232,BEDFORD NATURAL GAS SYSTEM,Natural Gas,INTRASTATE,IOWA,0,0,0,0,0,17,0,0,0,17,0,0,0,0,0,0,0,0,0,0,0,0,0,0,0,0,0,0,0,0,0,0,0,0,0,0,0,0,0,0,0,0,0,0,0,0,0,0,0,0,17,0,0,0,17,0,0,0,0,0,0,17,0,0,0,17
9/1/2026,2021,20220374,40216,1486,BLACK WARRIOR TRANSMISSION CORP,Natural Gas,INTRASTATE,ALABAMA,0,0,0,0,0,0,0,0,0,0,0,0,0,0,0,11,0,0,0,11,0,0,0,0,0,0,0,0,0,0,0,0,0,0,0,0,0,0,0,0,0,0,0,0,0,0,0,0,0,0,11,0,0,0,11,0,0,0,0,0,0,11,0,0,0,11
9/1/2026,2021,20220928,42478,1640,BOSTON GAS CO,Natural Gas,INTRASTATE,MASSACHUSETTS,0,0,0.39,0,0.39,0,0,6.11,1.78,7.89,0,0,0.91,0,0.91,0,0,1.39,0,1.39,0,0,0,0,0,0,0,0,0,0,0,0,0,0,0,0,0,0,0,0,0,0,0,0,0,0,0,0,0,0,0,0,8.8,1.78,10.58,,,,,,,0,0,8.8,1.78,10.58
9/1/2026,2021,20220290,40129,1700,BRAZOS ELECTRIC POWER COOPERATIVE INC,Natural Gas,INTRASTATE,TEXAS,0,0,0,0,0,0.3,0,0,0,0.3,2.4,0,0,0,2.4,0.8,0,0,0,0.8,47.7,0,0,0,47.7,19.3,0,0,0,19.3,0,0,0,0,0,0,0,0,0,0,0,0,0,0,0,0,0,0,0,0,70.5,0,0,0,70.5,0,0,0,0,0,0,70.5,0,0,0,70.5
9/1/2026,2021,20220181,40015,1752,BRIGHTON MUNICIPAL GAS SYSTEM,Natural Gas,INTRASTATE,IOWA,14,0,0,0,14,0,0,0,0,0,0,0,0,0,0,0,0,0,0,0,0,0,0,0,0,0,0,0,0,0,0,0,0,0,0,0,0,0,0,0,0,0,0,0,0,0,0,0,0,0,14,0,0,0,14,0,0,0,0,0,0,14,0,0,0,14
9/1/2026,2021,20220336,40176,1800,KEYSPAN ENERGY DELIVERY - NY CITY,Natural Gas,INTRASTATE,NEW YORK,0,0,0,0,0,0,0,0,66.94,66.94,0,0,0,3.78,3.78,0,0,0,0,0,0,0,0,0,0,0,0,0,0,0,0,0,0,0,0,0,0,0,0,0,0,0,0,0,0,0,0,0,0,0,0,0,0,70.72,70.72,0,0,0,0,0,0,0,0,0,70.72,70.72
9/1/2026,2021,20221177,41051,1845,"BUCKEYE PARTNERS, LP",Natural Gas,INTRASTATE,TEXAS,0,0,0,0,0,0.127,0,0,0,0.127,0,0,0,0,0,0,0,0,0,0,0,0,0,0,0,0,0,0,0,0,0,0,0,0,0,0,0,0,0,0,0,0,0,0,0,0,0,0,0,0,0.127,0,0,0,0.127,0,0,0,0,0,0,0.127,0,0,0,0.127
9/1/2026,2021,20220765,40623,2042,CALLIDUS TECHNOLOGIES by HONEYWELL,Natural Gas,INTRASTATE,OKLAHOMA,0,0,0,0,0,0,0,0,0,0,0,0,0,0,0,0,0,0,0,0,0,0,0,0,0,0,0,0,0,0,0,0,0,0,0,0,0,0,0,0,0,0,0,0,0,2,0,0,0,2,2,0,0,0,2,0,0,0,0,0,0,2,0,0,0,2
9/1/2026,2021,20220642,40491,2128,CASCADE NATURAL GAS CORP,Natural Gas,INTRASTATE,OREGON,0.689,0,0,0,0.689,12.719,6.403,4.6,0,23.722,0,0,0,0,0,0,0,0,0,0,0,0,0,0,0,0,0,0,0,0,0,0,0,0,0,0,0,0,0,0,0,0,0,0,0,0,0,0,0,0,13.408,6.403,4.6,0,24.411,0,0,0,0,0,0,13.408,6.403,4.6,0,24.411
9/1/2026,2021,20220642,40491,2128,CASCADE NATURAL GAS CORP,Natural Gas,INTRASTATE,WASHINGTON,1.951,2.186,3.508,0,7.645,32.646,15.406,27.931,0,75.983,14.786,12.552,1.317,0,28.655,6.997,1.553,0.108,0,8.658,0,0,0,0,0,0,0,0,0,0,0,0,0,0,0,0,0,0,0,0,0,0,0,0,0,0,0,0,0,0,56.38,31.697,32.864,0,120.941,0,0,0,0,0,0,56.38,31.697,32.864,0,120.941
9/1/2026,2021,20220187,40023,2180,CENTRAL CITY GAS SYSTEM DEPT,Natural Gas,INTRASTATE,NEBRASKA,4.5,0,0,0,4.5,0,0,0,0,0,0,0,0,0,0,0,0,0,0,0,0,0,0,0,0,0,0,0,0,0,0,0,0,0,0,0,0,0,0,0,0,0,0,0,0,0,0,0,0,0,4.5,0,0,0,4.5,0,0,0,0,0,0,4.5,0,0,0,4.5
9/1/2026,2021,20220974,40839,2188,CENTRAL FLORIDA GAS CORP,Natural Gas,INTRASTATE,FLORIDA,0,0,0,0,0,0,0.52,0.66,0,1.18,1.51,1.71,3.35,0,6.57,0.03,0.74,1.29,0,2.06,0,0,0,0,0,0,0,0,0,0,0,0,0,0,0,0,0,0,0,0,0,0,0,0,0,0,0,0,0,0,1.54,2.97,5.3,0,9.81,0,0,0,0,0,0,1.54,2.97,5.3,0,9.81
9/1/2026,2021,20221129,41000,2196,CENTRAL HUDSON GAS & ELECTRIC CORP,Natural Gas,INTRASTATE,NEW YORK,0.06,1.35,0.17,0,1.58,8.04,7.51,25.37,0,40.92,36.55,31.17,52.15,0,119.87,0,0,0,0,0,0,0,0,0,0,0,0,0,0,0,0,0,0,0,0,0,0,0,0,0,0,0,0,0,0,0,0,0,0,0,44.65,40.03,77.69,0,162.37,0,0,0,0,0,0,44.65,40.03,77.69,0,162.37
9/1/2026,2021,20220159,39992,2256,"CHANUTE, CITY OF",Natural Gas,INTRASTATE,KANSAS,0,0,0,0,0,0.32,0,0,0,0.32,0,0,0,0,0,0,0,0,0,0,0,0,0,0,0,0,0,0,0,0,0,0,0,0,0,0,0,0,0,0,0,0,0,0,0,0,0,0,0,0,0.32,0,0,0,0.32,0,0,0,0,0,0,0.32,0,0,0,0.32
9/1/2026,2021,20221206,41082,2288,CHATTANOOGA GAS CO,Natural Gas,INTRASTATE,TENNESSEE,0,0,0.1,0,0.1,0,0,1.1,0,1.1,0,0.1,0,0,0.1,0,0,0,0,0,0,0,0,0,0,0,0,0,0,0,0,0,0,0,0,0,0,0,0,0,0,0,0,0,0,0,0,0,0,0,0,0.1,1.2,0,1.3,0,0,0,0,0,0,0,0.1,1.2,0,1.3
9/1/2026,2021,20220512,40358,2304,CHILDERSBURG GAS BOARD,Natural Gas,INTRASTATE,ALABAMA,0,0,0,0,0,0,0,1,0,1,0,0,0,0,0,2,23,2,0,27,0,0,0,0,0,0,0,0,0,0,0,0,0,0,0,0,0,0,0,0,0,0,0,0,0,0,0,0,0,0,2,23,3,0,28,0,0,0,0,0,0,2,23,3,0,28
9/1/2026,2021,20220528,40374,2364,DUKE ENERGY OHIO,Natural Gas,INTRASTATE,OHIO,0.01,0.001,0.582,0,0.593,2.539,1.176,6.385,0,10.1,5.067,10.106,15.775,0,30.948,0.55,0,4.589,0,5.139,0,0,0,0,0,0,0,0,0,0,0,0,0,0,0,0,0,0,0,0,0,0,0,0,0,0,0,0,0,0,8.166,11.283,27.331,0,46.78,0,0,0,0,0,0,8.166,11.283,27.331,0,46.78
9/1/2026,2021,20220246,40084,2382,CITATION OIL & GAS CORP,Natural Gas,INTRASTATE,ILLINOIS,0,0.5,0.5,0,1,0,0,0,0,0,0,0,0,0,0,0,0,0,0,0,0,0,0,0,0,0,0,0,0,0,0,0,0,0,0,0,0,0,0,0,0,0,0,0,0,5,0,0,0,5,5,0.5,0.5,0,6,0,0,0,0,0,0,5,0.5,0.5,0,6
9/1/2026,2021,20221061,40929,2392,CITIZENS GAS & COKE UTILITY,Natural Gas,INTRASTATE,INDIANA,2.58,0.28,19.3,0,22.16,22.57,5.6,49.86,0,78.03,2.06,2.89,29.84,0,34.79,21.98,50.06,14.46,0,86.5,14.56,13.36,12.93,0,40.85,0,0,0,0,0,0,0,0,0,0,0,0,0,0,0,0,0,0,0,0,0,0,0,0,0,63.75,72.19,126.39,0,262.33,0,0,0,0,0,0,63.75,72.19,126.39,0,262.33
9/1/2026,2021,20220557,40403,2408,CITIZENS GAS FUEL CO,Natural Gas,INTRASTATE,MICHIGAN,0,0,0,0,0,0,0,0,0,0,8,0,0,0,8,8,0,0,0,8,0,0,0,0,0,0,0,0,0,0,0,0,0,0,0,0,0,0,0,0,0,0,0,0,0,0,0,0,0,0,16,0,0,0,16,0,0,0,0,0,0,16,0,0,0,16
9/1/2026,2021,20220519,40365,2432,FLORIDA CITY GAS,Natural Gas,INTRASTATE,FLORIDA,0,0,0,0,0,0,0,38.712,0,38.712,0,0,0,0,0,0,0,39.943,0,39.943,0,0,0,0,0,0,0,0,0,0,0,0,0,0,0,0,0,0,0,0,0,0,0,0,0,0,0,0,0,0,0,0,78.655,0,78.655,0,0,0,0,0,0,0,0,78.655,0,78.655
9/1/2026,2021,20220161,39994,2456,CLARKE - MOBILE COUNTIES GAS DIST,Natural Gas,INTRASTATE,ALABAMA,0,0,0,0,0,0,0,32.69,0,32.69,0,0,26.19,0,26.19,0,0,91,0,91,0,0,0,0,0,0,0,0,0,0,0,0,0,0,0,0,0,0,0,0,0,0,0,0,0,0,0,0,0,0,0,0,149.88,0,149.88,0,0,0,0,0,0,0,0,149.88,0,149.88
9/1/2026,2021,20220588,40435,2480,CLEARFIELD MUNICIPAL GAS SYSTEM,Natural Gas,INTRASTATE,IOWA,6.25,0,0,0,6.25,0,0,0,0,0,0,0,0,0,0,0,0,0,0,0,0,0,0,0,0,0,0,0,0,0,0,0,0,0,0,0,0,0,0,0,0,0,0,0,0,0,0,0,0,0,6.25,0,0,0,6.25,0,0,0,0,0,0,6.25,0,0,0,6.25
9/1/2026,2021,20220869,40729,2512,CLINTON - NEWBERRY NATURAL GAS AUTH,Natural Gas,INTRASTATE,SOUTH CAROLINA,14,0,0,0,14,0,41,48,0,89,0,0,0,0,0,0,0,0,0,0,0,0,0,0,0,0,0,0,0,0,0,0,0,0,0,0,0,0,0,0,0,0,0,0,0,0,0,0,0,0,14,41,48,0,103,0,0,0,0,0,0,14,41,48,0,103
9/1/2026,2021,20220711,40567,2564,COLORADO INTERSTATE GAS CO,Natural Gas,INTERSTATE,COLORADO,15.39,3.72,4.84,0,23.95,62.89,2.65,1.47,0,67.01,55.36,11.79,11.57,0,78.72,229.14,15.21,48.6,0,292.95,271.05,29.97,44.73,0,345.75,2124.51,23.68,1.9,0,2150.09,0,0,0,0,0,0,0,0,0,0,0,0,0,0,0,0,0,0,0,0,2758.34,87.02,113.11,0,2958.47,0,0,0,0,0,0,2758.34,87.02,113.11,0,2958.47
9/1/2026,2021,20220711,40567,2564,COLORADO INTERSTATE GAS CO,Natural Gas,INTERSTATE,KANSAS,0.02,0,0,0,0.02,0.43,0,0,0,0.43,0.88,0,0,0,0.88,28.63,1.47,1.51,0,31.61,5.22,0,0,0,5.22,301.89,0,0,0,301.89,0,0,0,0,0,0,0,0,0,0,0,0,0,0,0,0,0,0,0,0,337.07,1.47,1.51,0,340.05,0,0,0,0,0,0,337.07,1.47,1.51,0,340.05
9/1/2026,2021,20220711,40567,2564,COLORADO INTERSTATE GAS CO,Natural Gas,INTERSTATE,MONTANA,0,0,0,0,0,0,0,0,0,0,0.03,0,0,0,0.03,0.1,0,0,0,0.1,0,0,0,0,0,7.75,0,0,0,7.75,0,0,0,0,0,0,0,0,0,0,0,0,0,0,0,0,0,0,0,0,7.88,0,0,0,7.88,0,0,0,0,0,0,7.88,0,0,0,7.88
9/1/2026,2021,20220711,40567,2564,COLORADO INTERSTATE GAS CO,Natural Gas,INTERSTATE,NEVADA,0,0,0,0,0,0,0,0,0,0,0.03,0,0,0,0.03,2.03,0,0,0,2.03,4.48,0,0,0,4.48,169.01,0,0,0,169.01,185.09,0,0,0,185.09,0,0,0,0,0,0,0,0,0,0,0,0,0,0,0,360.64,0,0,0,360.64,0,0,0,0,0,0,360.64,0,0,0,360.64
9/1/2026,2021,20220711,40567,2564,COLORADO INTERSTATE GAS CO,Natural Gas,INTERSTATE,OKLAHOMA,0,0,0,0,0,2.91,0,0,0,2.91,4.15,0,0,0,4.15,4.17,0,0,0,4.17,16.57,0,0,0,16.57,152.45,0,0,0,152.45,0,0,0,0,0,0,0,0,0,0,0,0,0,0,0,0,0,0,0,0,180.25,0,0,0,180.25,0,0,0,0,0,0,180.25,0,0,0,180.25
9/1/2026,2021,20220711,40567,2564,COLORADO INTERSTATE GAS CO,Natural Gas,INTERSTATE,OREGON,0,0,0,0,0,0,0,0,0,0,0,0,0,0,0,0.62,0,0,0,0.62,1.86,0,0,0,1.86,55.1,0,0,0,55.1,30.88,0,0,0,30.88,0,0,0,0,0,0,0,0,0,0,0,0,0,0,0,88.46,0,0,0,88.46,0,0,0,0,0,0,88.46,0,0,0,88.46
9/1/2026,2021,20220711,40567,2564,COLORADO INTERSTATE GAS CO,Natural Gas,INTERSTATE,TEXAS,0.02,0,0,0,0.02,0.01,0,0,0,0.01,0.07,0,0,0,0.07,0.49,0,0,0,0.49,0.02,0,0,0,0.02,49.36,0,0,0,49.36,0,0,0,0,0,0,0,0,0,0,0,0,0,0,0,0,0,0,0,0,49.97,0,0,0,49.97,0,0,0,0,0,0,49.97,0,0,0,49.97
9/1/2026,2021,20220711,40567,2564,COLORADO INTERSTATE GAS CO,Natural Gas,INTERSTATE,UTAH,0,0,0,0,0,0.02,0,0,0,0.02,0.27,0,0,0,0.27,10.73,1.12,0,0,11.85,5.36,0,0,0,5.36,179.38,0,0,0,179.38,95.42,0,0,0,95.42,0,0,0,0,0,0,0,0,0,0,0,0,0,0,0,291.18,1.12,0,0,292.3,0,0,0,0,0,0,291.18,1.12,0,0,292.3
9/1/2026,2021,20220711,40567,2564,COLORADO INTERSTATE GAS CO,Natural Gas,INTERSTATE,WYOMING,0.06,0,0.09,0,0.15,0.55,0,0,0,0.55,5.78,0,0.33,0,6.11,48.28,0.48,8.49,0,57.25,89.76,0,0.05,0,89.81,1705.11,0.22,0.11,0,1705.44,23.22,0,0,0,23.22,0,0,0,0,0,0,0,0,0,0,0,0,0,0,0,1872.76,0.7,9.07,0,1882.53,0,0,0,0,0,0,1872.76,0.7,9.07,0,1882.53
9/1/2026,2021,20221065,40933,2585,COLUMBIA GAS OF KENTUCKY INC,Natural Gas,INTRASTATE,KENTUCKY,0.56,0.52,0.05,0,1.13,0.23,0.53,0.05,0,0.81,32.92,11.85,5.74,0,50.51,1.25,1.15,1.64,0,4.04,0,0,0,0,0,0,0,0,0,0,0,0,0,0,0,0,0,0,0,0,0,0,0,0,0,0,0,0,0,0,34.96,14.05,7.48,0,56.49,0,0,0,0,0,0,34.96,14.05,7.48,0,56.49
9/1/2026,2021,20220994,40860,2588,COLUMBIA GAS OF MARYLAND INC,Natural Gas,INTRASTATE,MARYLAND,0,0.01,0,0,0.01,0.85,0.92,3.12,0,4.89,0,0,0,0,0,0.01,0,0,0,0.01,0,0,0,0,0,0,0,0,0,0,0,0,0,0,0,0,0,0,0,0,0,0,0,0,0,0,0,0,0,0,0.86,0.93,3.12,0,4.91,0,0,0,0,0,0,0.86,0.93,3.12,0,4.91
9/1/2026,2021,20220941,40805,2596,COLUMBIA GAS OF OHIO INC,Natural Gas,INTRASTATE,OHIO,0.49,0.32,2.12,0,2.93,9.59,6.47,26.36,0,42.42,17.95,16.53,40.68,0,75.16,3.14,6.25,7.19,0,16.58,0,0,0,0,0,0,0,0,0,0,0,0,0,0,0,0,0,0,0,0,0,0,0,0,0,0,0,0,0,0,31.17,29.57,76.35,0,137.09,0,0,0,0,0,0,31.17,29.57,76.35,0,137.09
9/1/2026,2021,20220998,40864,2600,COLUMBIA GAS OF PENNSYLVANIA,Natural Gas,INTRASTATE,PENNSYLVANIA,1.94,0.75,7.96,0,10.65,2.69,1,10.72,0,14.41,3.96,2.87,6.19,0,13.02,1.62,0,0,0,1.62,1.24,0,0.05,0,1.29,0,0,0,0,0,0,0,0,0,0,0,0,0,0,0,0,0,0,0,0,0,0,0,0,0,11.45,4.62,24.92,0,40.99,0,0,0,0,0,0,11.45,4.62,24.92,0,40.99
9/1/2026,2021,20220916,40778,2604,COLUMBIA GAS OF VIRGINIA INC,Natural Gas,INTRASTATE,VIRGINIA,0.66,0.1,0.06,0,0.82,11.74,2.58,3.56,0,17.88,3.93,3.21,0.4,0,7.54,13.74,4.03,1.56,0,19.33,11.93,0.68,0,0,12.61,0,0,0,0,0,0,0,0,0,0,0,0,0,0,0,0,0,0,0,0,0,0,0,0,0,42,10.6,5.58,0,58.18,0,0,0,0,0,0,42,10.6,5.58,0,58.18
9/1/2026,2021,20220903,47006,2616,"COLUMBIA GAS TRANSMISSION, LLC",Natural Gas,INTERSTATE,DELAWARE,0,0,0,0,0,0,0,0,0,0,1.314,0,0.02,0,1.334,0.361,0,1.011,0,1.372,0,0,0,0,0,0.001,0,0,0,0.001,0,0,0,0,0,0,0,0,0,0,0,0,0,0,0,0,0,0,0,0,1.676,0,1.031,0,2.707,0,0,0,0,0,0,1.676,0,1.031,0,2.707
9/1/2026,2021,20220903,47006,2616,"COLUMBIA GAS TRANSMISSION, LLC",Natural Gas,INTERSTATE,KENTUCKY,40.468,24.011,18.34,0,82.819,57.929,17.544,22.824,0,98.297,124.389,24.417,10.116,0,158.922,68.171,14.525,14.096,0,96.792,52.777,15.184,2.898,0,70.859,51.182,8.947,0,0,60.129,0,0,0,0,0,0,0,0,0,0,0.062,0,0.029,0,0.091,0.219,1.425,0,0,1.644,395.197,106.053,68.303,0,569.553,0,0,0,0,0,0,395.197,106.053,68.303,0,569.553
9/1/2026,2021,20220903,47006,2616,"COLUMBIA GAS TRANSMISSION, LLC",Natural Gas,INTERSTATE,MARYLAND,17.151,10.159,11.483,0,38.793,3.03,0.498,7.92,0.404,11.852,8.577,5.327,21.305,1.138,36.347,6.703,4.073,20.143,0.452,31.371,15.547,17.368,36.75,0,69.665,17.249,2.214,2.295,0,21.758,0,0,0,0,0,0,0,0.01,0,0.01,0,0.004,0.016,0,0.02,0.35,0.781,4.851,0,5.982,68.607,40.424,104.773,1.994,215.798,0,0,0,0,0,0,68.607,40.424,104.773,1.994,215.798
9/1/2026,2021,20220903,47006,2616,"COLUMBIA GAS TRANSMISSION, LLC",Natural Gas,INTERSTATE,NEW JERSEY,0,0,0,0,0,0,0.001,0.001,0,0.002,0.266,0.094,0.28,0,0.64,11.105,9.924,34.024,0,55.053,10.691,9.815,2.754,0,23.26,0,0,0,0,0,0,0.003,0,0,0.003,0,0,0,0,0,0,0.003,0.003,0,0.006,0,0,0,0,0,22.062,19.84,37.062,0,78.964,0,0,0,0,0,0,22.062,19.84,37.062,0,78.964
9/1/2026,2021,20220903,47006,2616,"COLUMBIA GAS TRANSMISSION, LLC",Natural Gas,INTERSTATE,NEW YORK,12.807,2.387,1.353,0,16.547,5.528,0.327,0.141,0,5.996,13.98,5.804,3.692,0,23.476,33.862,17.597,8.609,0,60.068,74.596,36.292,1.108,0,111.996,113.441,4.453,0,0,117.894,0,0,0,0,0,0.052,0,0,0,0.052,0.339,0.139,0.098,0,0.576,1.445,0.099,0,0,1.544,256.05,67.098,15.001,0,338.149,0,0,0,0,0,0,256.05,67.098,15.001,0,338.149
9/1/2026,2021,20220903,47006,2616,"COLUMBIA GAS TRANSMISSION, LLC",Natural Gas,INTERSTATE,NORTH CAROLINA,0,0,0,0,0,0.011,0,0,0,0.011,0.002,0,0,0,0.002,1.041,0,0,0,1.041,0,0,0,0,0,0,0,0,0,0,0,0,0,0,0,0,0,0,0,0,0.001,0,0,0,0.001,0,0,0,0,0,1.055,0,0,0,1.055,0,0,0,0,0,0,1.055,0,0,0,1.055
9/1/2026,2021,20220903,47006,2616,"COLUMBIA GAS TRANSMISSION, LLC",Natural Gas,INTERSTATE,OHIO,676.764,334.805,285.607,0,1297.176,366.184,133.758,63.464,0,563.406,529.316,155.108,78.601,0,763.025,606.098,139.194,103.467,0,848.759,308.148,97.185,28.451,0,433.784,395.612,55.579,0.601,0,451.792,1.265,0,0,0,1.265,1.892,0.001,0,0,1.893,78.515,7.636,2.382,0,88.533,40.669,21.603,15.886,0,78.158,3004.463,944.869,578.459,0,4527.791,0,0,0,0,0,0,3004.463,944.869,578.459,0,4527.791
9/1/2026,2021,20220903,47006,2616,"COLUMBIA GAS TRANSMISSION, LLC",Natural Gas,INTERSTATE,PENNSYLVANIA,96.219,49.578,54.732,0,200.529,66.469,26.566,26.7,0,119.735,122.778,33.874,40.477,0,197.129,194.988,81.898,107.421,0,384.307,189.116,97.645,49.389,0,336.15,212.947,32.792,1.34,0,247.079,0,0,0,0,0,0,0,0,0,0,9.208,3.04,0.164,0,12.412,46.163,20.491,12.332,0,78.986,937.888,345.884,292.555,0,1576.327,0,0,0,0,0,0,937.888,345.884,292.555,0,1576.327
9/1/2026,2021,20220903,47006,2616,"COLUMBIA GAS TRANSMISSION, LLC",Natural Gas,INTERSTATE,VIRGINIA,2.944,2.606,5.061,0.028,10.639,36.701,2.179,9.025,0.13,48.035,84.998,19.913,44.377,1.824,151.112,207.689,35.806,99.548,0,343.043,184.517,96.545,50.611,1.157,332.83,209.352,48.61,1.37,0,259.332,0.008,0,0,0,0.008,0,0.001,0.012,0,0.013,0.387,0.239,0.234,0,0.86,0.071,0,0.588,0,0.659,726.667,205.899,210.826,3.139,1146.531,0,0,0,0,0,0,726.667,205.899,210.826,3.139,1146.531
9/1/2026,2021,20220903,47006,2616,"COLUMBIA GAS TRANSMISSION, LLC",Natural Gas,INTERSTATE,WEST VIRGINIA,169.154,49.479,71.91,0,290.543,43.314,9.917,6.654,0,59.885,93.488,28.123,15.267,0,136.878,162.658,38.715,18.545,0,219.918,404.117,72.832,10.215,0,487.164,950.531,64.091,3.712,0,1018.334,0.033,0,0,0,0.033,0.018,0,0,0,0.018,10.719,0.093,0.011,0,10.823,26.397,13.123,8.423,0,47.943,1860.429,276.373,134.737,0,2271.539,0,0,0,0,0,0,1860.429,276.373,134.737,0,2271.539
9/1/2026,2021,20220903,47006,2616,"COLUMBIA GAS TRANSMISSION, LLC",Natural Gas,INTRASTATE,PENNSYLVANIA,0.63,2.003,1.023,0,3.656,0,0,0,0,0,0.109,0.228,0,0,0.337,0,0,0,0,0,0,0,0,0,0,0,0,0,0,0,0,0,0,0,0,0,0,0,0,0,0,0,0,0,0,0.978,1.313,4.495,0,6.786,1.717,3.544,5.518,0,10.779,0,0,0,0,0,0,1.717,3.544,5.518,0,10.779
9/1/2026,2021,20220903,47006,2616,"COLUMBIA GAS TRANSMISSION, LLC",Natural Gas,INTRASTATE,WEST VIRGINIA,3.349,0.029,0.056,0,3.434,1.644,0,0,0,1.644,0,0,0,0,0,0,0,0,0,0,0,0,0,0,0,0.215,0,0,0,0.215,0,0,0,0,0,0,0,0,0,0,0,0,0,0,0,2.772,1.24,1.123,0,5.135,7.98,1.269,1.179,0,10.428,0,0,0,0,0,0,7.98,1.269,1.179,0,10.428
9/1/2026,2021,20220906,46976,2620,"COLUMBIA GULF TRANSMISSION, LLC",Natural Gas,INTERSTATE,KENTUCKY,0.014,0.004,0,0,0.018,0.037,0.021,0.008,0,0.066,0.494,0.392,0.13,0,1.016,5.309,4.281,13.646,0,23.236,23.986,12.747,3.423,0,40.156,520.349,125.601,6.292,0,652.242,0,0,0,0,0,0.014,0,0,0,0.014,0.032,0.014,0,0,0.046,0,0,0,0,0,550.235,143.06,23.499,0,716.794,0,0,0,0,0,0,550.235,143.06,23.499,0,716.794
9/1/2026,2021,20220906,46976,2620,"COLUMBIA GULF TRANSMISSION, LLC",Natural Gas,INTERSTATE,LOUISIANA,2.031,0.178,0.991,0,3.2,5.187,0,0.228,0,5.415,67.341,3.508,3.95,0,74.799,45.311,5.65,21.567,0,72.528,275.214,50.636,44.501,0,370.351,857.584,47.129,4.564,0,909.277,0.015,0,0,0,0.015,0,0,0,0,0,0.044,0,0.001,0,0.045,0,0,0,0,0,1252.727,107.101,75.802,0,1435.63,0,0,0,0,0,0,1252.727,107.101,75.802,0,1435.63
9/1/2026,2021,20220906,46976,2620,"COLUMBIA GULF TRANSMISSION, LLC",Natural Gas,INTERSTATE,MISSISSIPPI,0.035,0,0,0,0.035,0.022,0.023,0,0,0.045,0.897,0.168,0.348,0,1.413,2.796,1.265,8.466,0,12.527,29.576,8.098,3.252,0,40.926,551.139,39.042,3.867,0,594.048,0,0,0,0,0,0.002,0,0,0,0.002,0.085,0.004,0,0,0.089,0,0,0,0,0,584.552,48.6,15.933,0,649.085,0,0,0,0,0,0,584.552,48.6,15.933,0,649.085
9/1/2026,2021,20220906,46976,2620,"COLUMBIA GULF TRANSMISSION, LLC",Natural Gas,INTERSTATE,TENNESSEE,0,0,0.036,0,0.036,0.003,0.001,0.255,0,0.259,0.278,0.101,1.911,0,2.29,5.364,1.6,44.217,0,51.181,28.531,14.196,9.209,0,51.936,353.577,71.991,26.095,0,451.663,0,0,0.012,0,0.012,0,0,0,0,0,0.038,0,0.001,0,0.039,0,0,0,0,0,387.791,87.889,81.736,0,557.416,0,0,0,0,0,0,387.791,87.889,81.736,0,557.416
9/1/2026,2021,20220487,40333,2651,GREER COMMISSION OF PUBLIC WORKS,Natural Gas,INTRASTATE,SOUTH CAROLINA,0,0,0,0,0,0,22,21,0,43,0,0,0,0,0,0,0,0,0,0,0,0,0,0,0,0,0,0,0,0,0,0,0,0,0,0,0,0,0,0,0,0,0,0,0,0,0,0,0,0,0,22,21,0,43,0,0,0,0,0,0,0,22,21,0,43
9/1/2026,2021,20220552,40398,2652,NSTAR GAS COMPANY,Natural Gas,INTRASTATE,MASSACHUSETTS,0,0,0,0,0,0,0,0,0,0,0,0,1,0,1,0,0,0,0,0,0,0,0,0,0,0,0,0,0,0,0,0,0,0,0,0,0,0,0,0,0,0,0,0,0,0,0,0,0,0,0,0,1,0,1,0,0,0,0,0,0,0,0,1,0,1
9/1/2026,2021,20221095,40994,2688,SOUTH ALABAMA GAS DISTRICT,Natural Gas,INTRASTATE,ALABAMA,0,0,0,0,0,0.78,1.71,78.272,0,80.762,0,0,24.682,0,24.682,0,0,4.4,0,4.4,0,7.6,0,0,7.6,38,0,0,0,38,0,0,0,0,0,0,0,0,0,0,0,0,0,0,0,0,0,0,0,0,38.78,9.31,107.354,0,155.444,0,0,0,0,0,0,38.78,9.31,107.354,0,155.444
9/1/2026,2021,20220623,40472,2704,CONSOLIDATED EDISON CO OF NEW YORK,Natural Gas,INTRASTATE,NEW YORK,0,0,0,0,0,0,0,0,29.746,29.746,0,0,0,12.548,12.548,0,0,0,0,0,0,0,0,0,0,0,0,0,0,0,0,0,0,0,0,0,0,0,0,0,0,0,0,0,0,0,0,0,0,0,0,0,0,42.294,42.294,0,0,0,0,0,0,0,0,0,42.294,42.294
9/1/2026,2021,20220601,40450,2714,"EASTERN GAS TRANSMISSION AND STORAGE, INC.",Natural Gas,INTERSTATE,MARYLAND,0.001,0,0,0,0.001,0.009,0,0.003,0,0.012,0.023,0.065,0.003,0,0.091,10.565,10.724,26.498,0,47.787,20.827,30.088,8.147,0,59.062,25.504,16.101,0,0,41.605,0,0,0,0,0,0,0,0,0,0,0.019,0,0,0,0.019,0,0,0,0,0,56.948,56.978,34.651,0,148.577,0,0,0,0,0,0,56.948,56.978,34.651,0,148.577
9/1/2026,2021,20220601,40450,2714,"EASTERN GAS TRANSMISSION AND STORAGE, INC.",Natural Gas,INTERSTATE,NEW YORK,5.037,3.298,0.199,0.029,8.563,1.58,0.392,0.51,0.228,2.71,37.332,16.246,20.662,0.844,75.084,149.368,74.575,30.554,0,254.497,312.796,72.706,20.984,0,406.486,131.922,15.879,0,0,147.801,0,0,0,0,0,0.009,0,0,0,0.009,2.161,0,0,0,2.161,0,0,0,0,0,640.205,183.096,72.909,1.101,897.311,0,0,0,0,0,0,640.205,183.096,72.909,1.101,897.311
9/1/2026,2021,20220601,40450,2714,"EASTERN GAS TRANSMISSION AND STORAGE, INC.",Natural Gas,INTERSTATE,OHIO,0.02,0.123,0.052,0,0.195,0.196,0,0,0,0.196,2.943,0.055,0.007,0,3.005,10.673,9.827,3.797,0,24.297,13.436,8.698,0.481,0,22.615,160.047,28.128,0,0,188.175,0,0,0,0,0,0,0,0,0,0,0,0,0,0,0,0,0,0,0,0,187.315,46.831,4.337,0,238.483,0,0,0,0,0,0,187.315,46.831,4.337,0,238.483
9/1/2026,2021,20220601,40450,2714,"EASTERN GAS TRANSMISSION AND STORAGE, INC.",Natural Gas,INTERSTATE,PENNSYLVANIA,51.088,20.703,9.949,0,81.74,57.861,20.137,2.073,0,80.071,24.559,9.315,8.301,0.333,42.508,150.632,81.362,74.134,0.476,306.604,263.936,136.818,18.153,0,418.907,464.908,65.965,0.003,0,530.876,1.661,0.063,0,0,1.724,8.531,0.053,0,0,8.584,9.07,1.437,3.613,0,14.12,0,0,0,0,0,1032.246,335.853,116.226,0.809,1485.134,0,0,0,0,0,0,1032.246,335.853,116.226,0.809,1485.134
9/1/2026,2021,20220601,40450,2714,"EASTERN GAS TRANSMISSION AND STORAGE, INC.",Natural Gas,INTERSTATE,VIRGINIA,0,0,0,0,0,0.011,0,0,0,0.011,0.311,0.004,0.115,0.393,0.823,8.469,8.166,20.25,0.392,37.277,3.923,10.276,14.405,0,28.604,7.088,5.211,2.126,0,14.425,0,0,0,0,0,0,0,0,0,0,0,0,0,0,0,0,0,0,0,0,19.802,23.657,36.896,0.785,81.14,0,0,0,0,0,0,19.802,23.657,36.896,0.785,81.14
9/1/2026,2021,20220601,40450,2714,"EASTERN GAS TRANSMISSION AND STORAGE, INC.",Natural Gas,INTERSTATE,WEST VIRGINIA,92.46,31.17,17.356,0,140.986,68.592,12.516,7.828,0,88.936,26.069,9.295,5.372,0,40.736,78.339,13.17,2.424,0,93.933,67.841,5.875,0,0,73.716,235.536,6.251,0.015,0,241.802,0.026,0,0,0,0.026,0,0,0,0,0,10.003,0.104,0.001,0,10.108,0,0,0,0,0,578.866,78.381,32.996,0,690.243,0,0,0,0,0,0,578.866,78.381,32.996,0,690.243
9/1/2026,2021,20220601,40450,2714,"EASTERN GAS TRANSMISSION AND STORAGE, INC.",Natural Gas,INTRASTATE,VIRGINIA,0,0,0,0,0,0.002,0,0.002,0,0.004,0.508,0.016,4.698,1.001,6.223,1.916,1.904,13.168,0.963,17.951,1.151,0.851,1.932,0,3.934,2.171,0.343,0,0,2.514,0,0,0,0,0,0,0,0,0,0,0,0,0,0,0,0,0,0,0,0,5.748,3.114,19.8,1.964,30.626,0,0,0,0,0,0,5.748,3.114,19.8,1.964,30.626
9/1/2026,2021,20221193,41067,2731,CHEVRON PIPE LINE CO,Natural Gas,INTRASTATE,CALIFORNIA,0.1,0,28.7,0,28.8,9.36,0,4.7,0,14.06,6.89,0.1,6.25,0,13.24,77.4,2.1,26.45,0,105.95,42.65,2.8,0,0,45.45,97.2,0,0,0,97.2,0,0,0,0,0,0,0,0,0,0,5.6,0,7.1,0,12.7,0,0,0,0,0,239.2,5,73.2,0,317.4,0,0,0,0,0,0,239.2,5,73.2,0,317.4
9/1/2026,2021,20221193,41067,2731,CHEVRON PIPE LINE CO,Natural Gas,INTRASTATE,LOUISIANA,3.3,0,0,0,3.3,0,0,0,0,0,0,0,0,0,0,0,0,0,0,0,0,0,0,0,0,0,0,0,0,0,0,0,0,0,0,0,0,0,0,0,0,0,0,0,0,0,0,0,0,0,3.3,0,0,0,3.3,0,0,0,0,0,0,3.3,0,0,0,3.3
9/1/2026,2021,20221193,41067,2731,CHEVRON PIPE LINE CO,Natural Gas,INTRASTATE,TEXAS,2.1,0,0,0,2.1,0,0,0,0,0,0,0,0,0,0,0,0,0,0,0,0,0,0,0,0,0,0,0,0,0,0,0,0,0,0,0,0,0,0,0,0,0,0,0,0,0,0,0,0,0,2.1,0,0,0,2.1,0,0,0,0,0,0,2.1,0,0,0,2.1
9/1/2026,2021,20220744,46778,2748,CONSUMERS ENERGY CO,Natural Gas,INTRASTATE,MICHIGAN,50.772,1.986,3.152,0,55.91,132.564,135.061,261.614,0.004,529.243,115.109,24.242,63.417,0.439,203.207,238.454,87.594,182.414,0,508.462,553.252,197.547,76,0,826.799,209.341,44.278,2.348,0,255.967,0,0,0,0,0,0,0,0,0,0,0.066,0.053,0.015,0,0.134,0,0,0,0,0,1299.558,490.761,588.96,0.443,2379.722,0,0,0,0,0,0,1299.558,490.761,588.96,0.443,2379.722
9/1/2026,2021,20220518,40364,2767,"HARVEST ALASKA, LLC",Natural Gas,INTRASTATE,ALASKA,1.42,0,0,0,1.42,1.06,0,0,0,1.06,10.97,13.64,3.25,0,27.86,21.88,25.53,12.69,0,60.1,15.99,0,0,0,15.99,23.16,0,0,0,23.16,0,0,0,0,0,0,0,0,0,0,0,0,0,0,0,0,0,0,0,0,74.48,39.17,15.94,0,129.59,45.13,12.52,0,0,0,57.65,132.13,39.17,15.94,0,187.24
9/1/2026,2021,20220079,39906,2796,CORNING MUNICIPAL UTILITIES,Natural Gas,INTRASTATE,IOWA,0,0,0,0,0,0,0,0,0,0,14,0,0,0,14,0,0,0,0,0,0,0,0,0,0,0,0,0,0,0,0,0,0,0,0,0,0,0,0,0,0,0,0,0,0,0,0,0,0,0,14,0,0,0,14,0,0,0,0,0,0,14,0,0,0,14
9/1/2026,2021,20220307,40146,2800,CORNING NATURAL GAS CORP,Natural Gas,INTRASTATE,NEW YORK,0,0,0,0,0,0,0,0,0,0,5.4,0,0,0,5.4,0,0,0,0,0,0,0,0,0,0,0,0,0,0,0,0,0,0,0,0,0,0,0,0,0,0,0,0,0,0,0,0,0,0,0,5.4,0,0,0,5.4,0,0,0,0,0,0,5.4,0,0,0,5.4
9/1/2026,2021,20221159,41033,2859,CRANBERRY PIPELINE CORP (WV),Natural Gas,INTRASTATE,WEST VIRGINIA,23.55,0.471,13.29,0,37.311,21.443,4,4.317,0,29.76,13.77,1.3,1.2,0,16.27,4.14,0.77,1.14,0,6.05,2.33,0.26,0,0,2.59,0.55,0,0,0,0.55,0,0,0,0,0,0,0,0,0,0,0,0,0,0,0,1.45,0,0.563,0,2.013,67.233,6.801,20.51,0,94.544,0,0,0,0,0,0,67.233,6.801,20.51,0,94.544
9/1/2026,2021,20221037,41206,2879,"BBT LOUISIANA INTRASTATE, LLC",Natural Gas,INTRASTATE,LOUISIANA,0,0,0,0,0,44.454,0,0,0,44.454,7,0,10.108,0,17.108,12.36,1.168,0,0,13.528,14,0,0,0,14,0,0,0,0,0,0,0,0,0,0,0,0,0,0,0,10.617,0,0,0,10.617,0,0,0,0,0,88.431,1.168,10.108,0,99.707,0,0,0,0,0,0,88.431,1.168,10.108,0,99.707
9/1/2026,2021,20220497,40343,3240,DELMARVA POWER & LIGHT COMPANY,Natural Gas,INTRASTATE,DELAWARE,0,0,0.144,0,0.144,0,0,0.05,0,0.05,0,0,0.228,0,0.228,0,0,7.17,0,7.17,0,0,0,0,0,0,0,0,0,0,0,0,0,0,0,0,0,0,0,0,0,0,0,0,0,0,0,0,0,0,0,0,7.592,0,7.592,0,0,0,0,0,0,0,0,7.592,0,7.592
9/1/2026,2021,20221062,40930,3260,DELTA NATURAL GAS CO INC,Natural Gas,INTRASTATE,KENTUCKY,4.523,0,0,0,4.523,19.341,12.076,1.805,0,33.222,59.066,29.693,0.695,0,89.454,17.449,6.564,0,0,24.013,0,0,0,0,0,0,0,0,0,0,0,0,0,0,0,0,0,0,0,0,0,0,0,0,0,0,0,0,0,0,100.379,48.333,2.5,0,151.212,0,0,0,0,0,0,100.379,48.333,2.5,0,151.212
9/1/2026,2021,20220461,40307,3527,DOW PIPELINE CO,Natural Gas,INTRASTATE,TEXAS,0.03,0,0,0,0.03,36.91,0,2.75,0,39.66,28.87,0.41,0.79,0,30.07,78.09,4.74,5.21,0,88.04,9.14,2.57,32.03,0,43.74,19.48,1.97,0,0,21.45,0,0,0,0,0,0,0,0,0,0,0.29,0,0,0,0.29,0,0,0,0,0,172.81,9.69,40.78,0,223.28,0,0,0,0,0,0,172.81,9.69,40.78,0,223.28
9/1/2026,2021,20220380,40222,3527,DOW PIPELINE CO,Other Gas-Ethylene,INTRASTATE,TEXAS,0,0,0,0,0,0,0,0.97,0,0.97,15.11,1.22,1.88,0,18.21,28.15,4.63,47.47,0,80.25,3.88,0,6.08,0,9.96,0.61,0,0,0,0.61,0,0,0,0,0,0,0,0,0,0,0,0,0.42,0,0.42,0,0,0,0,0,47.75,5.85,56.82,0,110.42,0,0,0,0,0,0,47.75,5.85,56.82,0,110.42
9/1/2026,2021,20220385,40227,3532,DOW INTRASTATE GAS CO,Natural Gas,INTRASTATE,LOUISIANA,0,0,0,0,0,0,0,0,0,0,0.33,0,0.03,0,0.36,3.25,0,2.05,0,5.3,2.24,0,0,0,2.24,0,0,0,0,0,0,0,0,0,0,0,0,0,0,0,0,0,0,0,0,0,0,0,0,0,5.82,0,2.08,0,7.9,0,0,0,0,0,0,5.82,0,2.08,0,7.9
9/1/2026,2021,20220433,40279,3535,DOW PIPELINE CO,Other Gas-Ethylene,INTRASTATE,LOUISIANA,0,0,0,0,0,0,0,0.28,0,0.28,0,0,0,0,0,0,0,0,0,0,25.76,0.75,1.55,0,28.06,0.34,0,0.12,0,0.46,0,0,0,0,0,0,0,0,0,0,0,0,0,0,0,0,0,0,0,0,26.1,0.75,1.95,0,28.8,0,0,0,0,0,0,26.1,0.75,1.95,0,28.8
9/1/2026,2021,20220240,40077,3590,CITY OF DULUTH PUBLIC WORKS & UTILITIES,Natural Gas,INTERSTATE,MINNESOTA,0,0,0,0,0,0,0,0,0,0,0,0.6,0,0,0.6,0,0,0,0,0,0,0,0,0,0,0,0,0,0,0,0,0,0,0,0,0,0,0,0,0,0,0,0,0,0,0,0,0,0,0,0,0.6,0,0,0.6,0,0,0,0,0,0,0,0.6,0,0,0.6
9/1/2026,2021,20220240,40077,3590,CITY OF DULUTH PUBLIC WORKS & UTILITIES,Natural Gas,INTERSTATE,WISCONSIN,0,0,0,0,0,0,0,0,0,0,2.8,1.9,0,0,4.7,0,0,0,0,0,0,0,0,0,0,0,0,0,0,0,0,0,0,0,0,0,0,0,0,0,0,0,0,0,0,0,0,0,0,0,2.8,1.9,0,0,4.7,0,0,0,0,0,0,2.8,1.9,0,0,4.7
9/1/2026,2021,20221348,41254,3830,"GARLAND, CITY OF",Natural Gas,INTRASTATE,TEXAS,0,0,0,0,0,0,0,0,0,0,2.008,3.732,0.182,0,5.922,0,0,0,0,0,0,0,0,0,0,0,0,0,0,0,0,0,0,0,0,0,0,0,0,0,0,0,0,0,0,0,0,0,0,0,2.008,3.732,0.182,0,5.922,0,0,0,0,0,0,2.008,3.732,0.182,0,5.922
9/1/2026,2021,20220647,40496,4005,E M W GAS ASSOCIATION,Natural Gas,INTRASTATE,NEW MEXICO,0,0,0,0,0,7.5,0,0,0,7.5,34,0,0,0,34,30,0,0,0,30,0,0,0,0,0,0,0,0,0,0,0,0,0,0,0,0,0,0,0,0,0,0,0,0,0,0,0,0,0,0,71.5,0,0,0,71.5,0,0,0,0,0,0,71.5,0,0,0,71.5
9/1/2026,2021,20220707,40801,4060,DOMINION ENERGY OHIO,Natural Gas,INTRASTATE,OHIO,4.28,7.43,16.46,0,28.17,35.22,28.44,80.34,0,144,61.29,60.22,93.09,0,214.6,177.15,106.73,138.53,0,422.41,67.21,24.03,15.18,0,106.42,75.63,7.54,0,0,83.17,0,0,0,0,0,0,0,0,0,0,0,0,0,0,0,0,0,0,0,0,420.78,234.39,343.6,0,998.77,0,0,0,0,0,0,420.78,234.39,343.6,0,998.77
9/1/2026,2021,20220876,40736,4070,"EAST TENNESSEE NATURAL GAS, LLC (SPECTRA ENERGY PARTNERS, LP)",Natural Gas,INTERSTATE,GEORGIA,0,0,0,0,0,0,0,0,0,0,0.24,0.01,0.01,0,0.26,2.49,1.84,6.58,0,10.91,4.21,7.6,0.2,0,12.01,3.32,0.14,0,0,3.46,0,0,0,0,0,0,0,0,0,0,0,0,0,0,0,0,0,0,0,0,10.26,9.59,6.79,0,26.64,0,0,0,0,0,0,10.26,9.59,6.79,0,26.64
9/1/2026,2021,20220876,40736,4070,"EAST TENNESSEE NATURAL GAS, LLC (SPECTRA ENERGY PARTNERS, LP)",Natural Gas,INTERSTATE,NORTH CAROLINA,0,0,0,0,0,0,0,0,0,0,0.01,0,0,0,0.01,1.3,1.81,0,0,3.11,0.07,0.63,0,0,0.7,4.3,0.31,0,0,4.61,0,0,0,0,0,0,0,0,0,0,0,0,0,0,0,0,0,0,0,0,5.68,2.75,0,0,8.43,0,0,0,0,0,0,5.68,2.75,0,0,8.43
9/1/2026,2021,20220876,40736,4070,"EAST TENNESSEE NATURAL GAS, LLC (SPECTRA ENERGY PARTNERS, LP)",Natural Gas,INTERSTATE,TENNESSEE,14.92,6.33,22.14,0,43.39,62.52,29.17,37.88,0,129.57,99.44,74.43,65.99,0,239.86,74.3,37.05,70.46,0,181.81,157.37,74.59,26.05,0,258.01,135.41,33.32,0,0,168.73,0,0,0,0,0,0,0,0,0,0,0.03,0,0,0,0.03,0,0,0,0,0,543.99,254.89,222.52,0,1021.4,0,0,0,0,0,0,543.99,254.89,222.52,0,1021.4
9/1/2026,2021,20220876,40736,4070,"EAST TENNESSEE NATURAL GAS, LLC (SPECTRA ENERGY PARTNERS, LP)",Natural Gas,INTERSTATE,VIRGINIA,0.09,0.01,0,0,0.1,0.51,1.1,0.23,0,1.84,6.72,5.73,3.88,0,16.33,111.78,56.09,21.24,0,189.11,103.18,40.17,0.18,0,143.53,109.8,5.16,0,0,114.96,0,0,0,0,0,0,0,0,0,0,0.01,0,0,0,0.01,0,0,0,0,0,332.09,108.26,25.53,0,465.88,0,0,0,0,0,0,332.09,108.26,25.53,0,465.88
9/1/2026,2021,20220704,40559,4149,EASTERN SHORE NATURAL GAS CO,Natural Gas,INTERSTATE,DELAWARE,1.83,3.39,40.92,0,46.14,16.39,14.66,117.39,0,148.44,19.15,4.29,88.96,0,112.4,2.99,0.54,59.86,0,63.39,0,0,0,0,0,0,0,0,0,0,0,0,0,0,0,0,0,0,0,0,0,0,0,0,0,0,0,0,0,0,40.36,22.88,307.13,0,370.37,0,0,0,0,0,0,40.36,22.88,307.13,0,370.37
9/1/2026,2021,20220704,40559,4149,EASTERN SHORE NATURAL GAS CO,Natural Gas,INTERSTATE,MARYLAND,1.97,2.07,19.13,0,23.17,5.94,6.15,33.18,0,45.27,4.13,1.8,0.8,0,6.73,2.24,1.78,0.82,0,4.84,0,0,0,0,0,0,0,0,0,0,0,0,0,0,0,0,0,0,0,0,0,0,0,0,0,0,0,0,0,0,14.28,11.8,53.93,0,80.01,0,0,0,0,0,0,14.28,11.8,53.93,0,80.01
9/1/2026,2021,20220704,40559,4149,EASTERN SHORE NATURAL GAS CO,Natural Gas,INTERSTATE,PENNSYLVANIA,0.01,0,0.03,0,0.04,0.14,0.03,0.04,0,0.21,17.3,10.59,27.19,0,55.08,1.66,1.24,7.26,0,10.16,0,0,0,0,0,0,0,0,0,0,0,0,0,0,0,0,0,0,0,0,0,0,0,0,0,0,0,0,0,0,19.11,11.86,34.52,0,65.49,0,0,0,0,0,0,19.11,11.86,34.52,0,65.49
9/1/2026,2021,20221295,41178,4273,EGYPTIAN GAS STORAGE CORP,Natural Gas,INTRASTATE,ILLINOIS,0,0,0,0,0,16,0,0,0,16,0,0,0,0,0,0,0,0,0,0,0,0,0,0,0,0,0,0,0,0,0,0,0,0,0,0,0,0,0,0,0,0,0,0,0,0,0,0,0,0,16,0,0,0,16,0,0,0,0,0,0,16,0,0,0,16
9/1/2026,2021,20220559,40405,4280,EL PASO NATURAL GAS CO,Natural Gas,INTERSTATE,ARIZONA,86.31,9.51,27.28,0,123.1,155.89,7.77,14.4,0,178.06,357.35,24.09,75.66,0.65,457.75,648.28,44.88,214.96,0,908.12,473.23,15.87,26.04,0,515.14,2516.03,60.39,2.16,0,2578.58,143.54,0.27,0,0,143.81,0,0,0,0,0,0,0,0,0,0,0,0,0,0,0,4380.63,162.78,360.5,0.65,4904.56,0,0,0,0,0,0,4380.63,162.78,360.5,0.65,4904.56
9/1/2026,2021,20220559,40405,4280,EL PASO NATURAL GAS CO,Natural Gas,INTERSTATE,COLORADO,0,0,0,0,0,0,0,0,0,0,0.16,0,0,0,0.16,1.34,0,0,0,1.34,3.05,0,0,0,3.05,17.13,0,0,0,17.13,0,0,0,0,0,0,0,0,0,0,0,0,0,0,0,0,0,0,0,0,21.68,0,0,0,21.68,0,0,0,0,0,0,21.68,0,0,0,21.68
9/1/2026,2021,20220559,40405,4280,EL PASO NATURAL GAS CO,Natural Gas,INTERSTATE,NEW MEXICO,25.22,5.46,0.86,0,31.54,31.33,3,1.12,0,35.45,73.01,5.41,5.6,0,84.02,139.5,4.78,25.18,0,169.46,487.25,18.39,9.88,0,515.52,1842.22,37.79,0.63,0,1880.64,64.14,0,0,0,64.14,0,0,0,0,0,0,0,0,0,0,0,0,0,0,0,2662.67,74.83,43.27,0,2780.77,0,0,0,0,0,0,2662.67,74.83,43.27,0,2780.77
9/1/2026,2021,20220559,40405,4280,EL PASO NATURAL GAS CO,Natural Gas,INTERSTATE,OKLAHOMA,0,0,0,0,0,0,0,0,0,0,0,0,0,0,0,0.61,0,0,0,0.61,1.83,0,0,0,1.83,43.44,0,0,0,43.44,0,0,0,0,0,0,0,0,0,0,0,0,0,0,0,0,0,0,0,0,45.88,0,0,0,45.88,0,0,0,0,0,0,45.88,0,0,0,45.88
9/1/2026,2021,20220559,40405,4280,EL PASO NATURAL GAS CO,Natural Gas,INTERSTATE,TEXAS,13.49,0.6,3.28,0,17.37,19.19,0.03,3.81,0,23.03,82.21,2.41,7.98,0,92.6,225.37,3.36,12.58,0,241.31,476.4,2.74,9.52,0,488.66,1363.52,2.99,1.29,0,1367.8,164.44,0,0,0,164.44,0,0,0,0,0,0,0,0,0,0,7.78,0,0,0,7.78,2352.4,12.13,38.46,0,2402.99,0,0,0,0,0,0,2352.4,12.13,38.46,0,2402.99
9/1/2026,2021,20220752,40609,4350,ELIZABETHTOWN GAS CO,Natural Gas,INTRASTATE,NEW JERSEY,0,0,0,0,0,0.1,0,0.1,0,0.2,1.8,3.8,3.6,0,9.2,0.3,3.3,0,0,3.6,0,0,0,0,0,0,0,0,0,0,0,0,0,0,0,0,0,0,0,0,0,0,0,0,0,0,0,0,0,0,2.2,7.1,3.7,0,13,0,0,0,0,0,0,2.2,7.1,3.7,0,13
9/1/2026,2021,20220617,46719,4360,ELIZABETHTOWN NATURAL GAS,Natural Gas,INTRASTATE,KENTUCKY,2.246,0,0,0,2.246,0,0,0,0,0,0,0,0,0,0,0,0,0,0,0,0,0,0,0,0,0,0,0,0,0,0,0,0,0,0,0,0,0,0,0,0,0,0,0,0,0,0,0,0,0,2.246,0,0,0,2.246,0,0,0,0,0,0,2.246,0,0,0,2.246
9/1/2026,2021,20220972,40837,4430,VALERO TERMINALING AND DISTRIBUTION COMPANY,Natural Gas,INTRASTATE,TEXAS,0,0,0,0,0,0,0,0,0,0,0,0,0,0,0,8.58,0,0,0,8.58,0,0,0,0,0,0,0,0,0,0,0,0,0,0,0,0,0,0,0,0,0,0,0,0,0,0,0,0,0,0,8.58,0,0,0,8.58,0,0,0,0,0,0,8.58,0,0,0,8.58
9/1/2026,2021,20220329,40169,4440,EMMETSBURG MUNICIPAL UTILITIES,Natural Gas,INTRASTATE,IOWA,1.81,1.5,0,0,3.31,0,0,0,0,0,0,0,0,0,0,0,0,0,0,0,0,0,0,0,0,0,0,0,0,0,0,0,0,0,0,0,0,0,0,0,0,0,0,0,0,0,0,0,0,0,1.81,1.5,0,0,3.31,0,0,0,0,0,0,1.81,1.5,0,0,3.31
9/1/2026,2021,20220964,46786,4473,ATMOS ENERGY CORPORATION - WEST TEXAS,Natural Gas,INTRASTATE,TEXAS,5.42,0.34,0.12,0,5.88,58.68,12.19,12.5,0,83.37,23.25,4.25,1.04,0,28.54,7.36,0,0,0,7.36,0,0,0,0,0,0,0,0,0,0,0,0,0,0,0,0,0,0,0,0,0,0,0,0,0,0,0,0,0,0,94.71,16.78,13.66,0,125.15,0,0,0,0,0,0,94.71,16.78,13.66,0,125.15
9/1/2026,2021,20220593,40500,4499,CENTERPOINT ENERGY RESOURCES CORPORATION,Natural Gas,INTRASTATE,MISSISSIPPI,7.596,5.038,0.103,0,12.737,34.932,19.474,6.323,0,60.729,8.756,2.045,3.501,0,14.302,10.286,1.841,20.18,0,32.307,0,0,0,0,0,0,0,0,0,0,0,0,0,0,0,0,0,0,0,0,0,0,0,0,0,0,0,0,0,0,61.57,28.398,30.107,0,120.075,0,0,0,0,0,0,61.57,28.398,30.107,0,120.075
9/1/2026,2021,20220792,41298,4900,KINDER MORGAN TEJAS PIPELINE,Natural Gas,INTRASTATE,TEXAS,51.25,15.2,13.2,0,79.65,36.71,15.9,25.6,0,78.21,107.87,25.52,57.39,0,190.78,412.56,86.71,222.35,2.1,723.72,552.05,76.68,116.6,0,745.33,1225.3,27.6,0.46,0,1253.36,9.78,0,0,0,9.78,8.06,0,0,0,8.06,0,0,0,0,0,0,0,0,0,0,2403.58,247.61,435.6,2.1,3088.89,0,0,0,0,0,0,2403.58,247.61,435.6,2.1,3088.89
9/1/2026,2021,20220473,40319,4906,EXXONMOBIL PIPELINE COMPANY LLC,Hydrogen Gas,INTRASTATE,TEXAS,0.4,0,0,0,0.4,0,0,0,0,0,0,0,0,0,0,0,0,0,0,0,0,0,0,0,0,0,0,0,0,0,0,0,0,0,0,0,0,0,0,0,0,0,0,0,0,0,0,0,0,0,0.4,0,0,0,0.4,0,0,0,0,0,0,0.4,0,0,0,0.4
9/1/2026,2021,20220476,40322,4906,EXXONMOBIL PIPELINE COMPANY LLC,Natural Gas,INTRASTATE,TEXAS,0.51,0,0,0,0.51,0,0,0,0,0,0,0,0,0,0,0,0,0,0,0,0,0,0,0,0,0,0,0,0,0,0,0,0,0,0,0,0,0,0,0,0,0,0,0,0,0,0,0,0,0,0.51,0,0,0,0.51,0,0,0,0,0,0,0.51,0,0,0,0.51
9/1/2026,2021,20220456,40302,4906,EXXONMOBIL PIPELINE COMPANY LLC,Other Gas-Ethylene,INTRASTATE,LOUISIANA,0,0,0,0,0,0,0,0,0,0,0,0,6.21,0,6.21,0,0,0,0,0,0,0,0,0,0,0,0,0,0,0,0,0,0,0,0,0,0,0,0,0,0,0,0,0,0,0,0,0,0,0,0,0,6.21,0,6.21,0,0,0,0,0,0,0,0,6.21,0,6.21
9/1/2026,2021,20220561,40408,5304,FLORIDA GAS TRANSMISSION CO,Natural Gas,INTERSTATE,ALABAMA,0.02,0,0,0,0.02,0.03,0,0,0,0.03,0.13,0,1.53,0,1.66,5.45,1.36,8.06,0,14.87,17.63,4.81,5.22,0,27.66,161.78,16.42,2.69,0,180.89,99.99,1.31,0,0,101.3,0,0,0,0,0,0,0,0,0,0,0,0,0,0,0,285.03,23.9,17.5,0,326.43,0,0,0,0,0,0,285.03,23.9,17.5,0,326.43
9/1/2026,2021,20220561,40408,5304,FLORIDA GAS TRANSMISSION CO,Natural Gas,INTERSTATE,FLORIDA,12.81,10.16,47.91,0,70.88,29.25,18.97,58.75,0,106.97,57.2,23.87,114.55,0,195.62,219.68,59.35,462.02,0,741.05,331.8,119.28,397.09,0,848.17,1049.57,245.19,30.76,0,1325.52,531.83,29.86,0.4,0,562.09,5.99,0,0,0,5.99,0,0,0.02,0,0.02,0,0,0,0,0,2238.13,506.68,1111.5,0,3856.31,0,0,0,0,0,0,2238.13,506.68,1111.5,0,3856.31
9/1/2026,2021,20220561,40408,5304,FLORIDA GAS TRANSMISSION CO,Natural Gas,INTERSTATE,LOUISIANA,0.24,0.18,0,0,0.42,2.34,0.07,0.02,0,2.43,5.69,2.14,5.61,0,13.44,43.83,5.52,21.5,0,70.85,59.22,15.76,11.63,0,86.61,406.66,81.59,8.01,0,496.26,0.5,0,0,0,0.5,0,0,0,0,0,0.61,0,0,0,0.61,0,0,0,0,0,519.09,105.26,46.77,0,671.12,0,0,0,0,0,0,519.09,105.26,46.77,0,671.12
9/1/2026,2021,20220561,40408,5304,FLORIDA GAS TRANSMISSION CO,Natural Gas,INTERSTATE,MISSISSIPPI,0.03,0,0,0,0.03,0.03,0,0,0,0.03,0.34,0.08,0,0,0.42,5.24,0.55,0,0,5.79,3.22,2.74,0,0,5.96,178.27,15.9,0,0,194.17,14.6,0,0,0,14.6,0,0,0,0,0,0,0,0,0,0,0,0,0,0,0,201.73,19.27,0,0,221,0,0,0,0,0,0,201.73,19.27,0,0,221
9/1/2026,2021,20220561,40408,5304,FLORIDA GAS TRANSMISSION CO,Natural Gas,INTERSTATE,TEXAS,0.02,0,0.23,0,0.25,2.11,0.66,0.13,0,2.9,15.35,0.74,2.94,0,19.03,24.21,1.47,8.49,0,34.17,15.16,0.44,0.45,0,16.05,180.97,15.04,2.81,0,198.82,0,0,0,0,0,0.14,0,0,0,0.14,0.19,0,0,0,0.19,0,0,0,0,0,238.15,18.35,15.05,0,271.55,0,0,0,0,0,0,238.15,18.35,15.05,0,271.55
9/1/2026,2021,20220041,39864,6030,GAINESVILLE REGIONAL UTIL GAS DEPT,Natural Gas,INTRASTATE,FLORIDA,0,0,0,0,0,0,0,0.221,0,0.221,0,0,0,0,0,0,0,0,0,0,0,0,0,0,0,0,0,0,0,0,0,0,0,0,0,0,0,0,0,0,0,0,0,0,0,0,0,0,0,0,0,0,0.221,0,0.221,0,0,0,0,0,0,0,0,0.221,0,0.221
9/1/2026,2021,20221253,41131,6141,NEW MEXICO GAS COMPANY,Natural Gas,INTRASTATE,NEW MEXICO,104.94,8.93,25.73,0,139.6,202.97,7.95,45.22,0,256.14,246.62,21.97,33.58,0,302.17,457.82,11.26,43.11,0,512.19,240.84,0,0.08,0,240.92,56.03,0,0,0,56.03,0,0,0,0,0,0,0,0,0,0,0,0,0,0,0,0,0,0,0,0,1309.22,50.11,147.72,0,1507.05,0,0,0,0,0,0,1309.22,50.11,147.72,0,1507.05
9/1/2026,2021,20220111,46718,6243,HAWAII GAS,Synthetic Gas,INTRASTATE,HAWAII,0,0,0,0.9,0.9,0,0,0,0,0,0,0,0,21.6,21.6,0,0,0,0,0,0,0,0,0,0,0,0,0,0,0,0,0,0,0,0,0,0,0,0,0,0,0,0,0,0,0,0,0,0,0,0,0,0,22.5,22.5,0,0,0,0,0,0,0,0,0,22.5,22.5
9/1/2026,2021,20221032,40898,6345,GEORGIA-PACIFIC CONSUMER,Natural Gas,INTERSTATE,ARKANSAS,0,0,2.4,0,2.4,0,0,0,0,0,0,0,0,0,0,3,0,5,0,8,0,0,0,0,0,0,0,0,0,0,0,0,0,0,0,0,0,0,0,0,0,0,0,0,0,0,0,0,0,0,3,0,7.4,0,10.4,0,0,0,0,0,0,3,0,7.4,0,10.4
9/1/2026,2021,20221032,40898,6345,GEORGIA-PACIFIC CONSUMER,Natural Gas,INTERSTATE,LOUISIANA,0,0,0,0,0,0,0,0,0,0,0,0,0,0,0,9.8,0,0,0,9.8,0,0,0,0,0,0,0,0,0,0,0,0,0,0,0,0,0,0,0,0,0,0,0,0,0,0,0,0,0,0,9.8,0,0,0,9.8,0,0,0,0,0,0,9.8,0,0,0,9.8
9/1/2026,2021,20220999,40865,6580,GRANITE STATE GAS TRANSMISSION INC,Natural Gas,INTERSTATE,MAINE,0.1,0,0.2,0,0.3,0.4,0.2,3,0,3.6,0.1,0,0.4,0,0.5,0,0,3.3,0,3.3,10.1,11.5,17.5,0,39.1,0,0,0,0,0,0,0,0,0,0,0,0,0,0,0,0,0,0,0,0,0,0,0,0,0,10.7,11.7,24.4,0,46.8,0,0,0,0,0,0,10.7,11.7,24.4,0,46.8
9/1/2026,2021,20220999,40865,6580,GRANITE STATE GAS TRANSMISSION INC,Natural Gas,INTERSTATE,MASSACHUSETTS,0,0,0,0,0,0,0,0,0,0,0,0,0,0,0,0,0,0,0,0,0.1,0,0,0,0.1,0,0,0,0,0,0,0,0.1,0,0.1,0,0,0,0,0,0,0,0,0,0,0,0,0,0,0,0.1,0,0.1,0,0.2,0,0,0,0,0,0,0.1,0,0.1,0,0.2
9/1/2026,2021,20220999,40865,6580,GRANITE STATE GAS TRANSMISSION INC,Natural Gas,INTERSTATE,NEW HAMPSHIRE,0.5,0.1,0.4,0,1,0.6,0.4,1,0,2,2.2,1.1,6.5,0,9.8,1.5,1.2,1.5,0,4.2,3.8,1,15.8,0,20.6,0,0,0,0,0,0.4,0,0.3,0,0.7,0,0,0,0,0,0,0,0,0,0,0,0,0,0,0,9,3.8,25.5,0,38.3,0,0,0,0,0,0,9,3.8,25.5,0,38.3
9/1/2026,2021,20220049,39874,6640,"GRAYVILLE GAS DEPT, CITY OF",Natural Gas,INTRASTATE,ILLINOIS,0.714,0,0,0,0.714,12.991,0,0,0,12.991,0,0,0,0,0,0,0,0,0,0,0,0,0,0,0,0,0,0,0,0,0,0,0,0,0,0,0,0,0,0,0,0,0,0,0,0,0,0,0,0,13.705,0,0,0,13.705,0,0,0,0,0,0,13.705,0,0,0,13.705
9/1/2026,2021,20220907,46896,6660,GREAT LAKES GAS TRANSMISSION LIMITED PARTNERSHIP,Natural Gas,INTERSTATE,MICHIGAN,0,0,0,0,0,0.136,0,0.023,0,0.159,4.221,0.072,0.005,0,4.298,25.225,14.842,4.526,0,44.593,52.227,58.022,5.999,0,116.248,1006.296,73.105,0.065,0,1079.466,0,0,0,0,0,0,0,0,0,0,0,0,0,0,0,0,0,0,0,0,1088.105,146.041,10.618,0,1244.764,0,0,0,0,0,0,1088.105,146.041,10.618,0,1244.764
9/1/2026,2021,20220907,46896,6660,GREAT LAKES GAS TRANSMISSION LIMITED PARTNERSHIP,Natural Gas,INTERSTATE,MINNESOTA,0,0,0,0,0,0,0,0,0,0,0.009,0,0,0,0.009,12.137,1.755,0.398,0,14.29,21.755,12.795,0.687,0,35.237,586.151,19.805,0,0,605.956,0,0,0,0,0,0,0,0,0,0,0,0,0,0,0,0,0,0,0,0,620.052,34.355,1.085,0,655.492,0,0,0,0,0,0,620.052,34.355,1.085,0,655.492
9/1/2026,2021,20220907,46896,6660,GREAT LAKES GAS TRANSMISSION LIMITED PARTNERSHIP,Natural Gas,INTERSTATE,WISCONSIN,0,0,0,0,0,0,0,0,0,0,0.002,0,0,0,0.002,2.575,0.268,0.508,0,3.351,4.92,5.401,0,0,10.321,197.537,3.252,0.006,0,200.795,0,0,0,0,0,0,0,0,0,0,0,0,0,0,0,0,0,0,0,0,205.034,8.921,0.514,0,214.469,0,0,0,0,0,0,205.034,8.921,0.514,0,214.469
9/1/2026,2021,20220781,40639,6690,GREAT PLAINS NATURAL GAS CO,Natural Gas,INTERSTATE,NORTH DAKOTA,0,0,0,0,0,0,0,0,0,0,0,0,0,0,0,4.584,0,0,0,4.584,0,0,0,0,0,0,0,0,0,0,0,0,0,0,0,0,0,0,0,0,0,0,0,0,0,0,0,0,0,0,4.584,0,0,0,4.584,0,0,0,0,0,0,4.584,0,0,0,4.584
9/1/2026,2021,20220781,40639,6690,GREAT PLAINS NATURAL GAS CO,Natural Gas,INTERSTATE,SOUTH DAKOTA,0,0,0,0,0,0,0,0,0,0,0,0,0,0,0,5.884,0,0,0,5.884,0,0,0,0,0,0,0,0,0,0,0,0,0,0,0,0,0,0,0,0,0,0,0,0,0,0,0,0,0,0,5.884,0,0,0,5.884,0,0,0,0,0,0,5.884,0,0,0,5.884
9/1/2026,2021,20220781,40639,6690,GREAT PLAINS NATURAL GAS CO,Natural Gas,INTRASTATE,MINNESOTA,3.248,0.014,0,0,3.262,3.833,1.014,0,0,4.847,44.671,13.09,0,0,57.761,0,0,0,0,0,0,0,0,0,0,0,0,0,0,0,0,0,0,0,0,0,0,0,0,0,0,0,0,0,0,0,0,0,0,0,51.752,14.118,0,0,65.87,0,0,0,0,0,0,51.752,14.118,0,0,65.87
9/1/2026,2021,20220873,40733,6720,ATMOS ENERGY CORPORATION - COLORADO/KANSAS,Natural Gas,INTRASTATE,KANSAS,6.96,0,0,0,6.96,0,0,0,0,0,0,0,0,0,0,0,0,0,0,0,0,0,0,0,0,0,0,0,0,0,0,0,0,0,0,0,0,0,0,0,0,0,0,0,0,0,0,0,0,0,6.96,0,0,0,6.96,,,,,,,6.96,0,0,0,6.96
9/1/2026,2021,20220110,39942,6810,GREENWOOD COMMISSION OF PUBLIC WORKS,Natural Gas,INTRASTATE,SOUTH CAROLINA,3,0,16,0,19,8.9,6.9,14.8,0,30.6,0,0,0,0,0,0,0,0,0,0,0,0,0,0,0,0,0,0,0,0,0,0,0,0,0,0,0,0,0,0,0,0,0,0,0,0,0,0,0,0,11.9,6.9,30.8,0,49.6,0,0,0,0,0,0,11.9,6.9,30.8,0,49.6
9/1/2026,2021,20220477,40323,7020,"HALLOCK GAS DEPT, VILLAGE OF",Natural Gas,INTRASTATE,MINNESOTA,0,0,0,0,0,2.375,0,0,0,2.375,0,0,0,0,0,0,0,0,0,0,0,0,0,0,0,0,0,0,0,0,0,0,0,0,0,0,0,0,0,0,0,0,0,0,0,0,0,0,0,0,2.375,0,0,0,2.375,0,0,0,0,0,0,2.375,0,0,0,2.375
9/1/2026,2021,20221180,41054,7050,HAMPSHIRE GAS CO,Natural Gas,INTERSTATE,WEST VIRGINIA,0,0,0,0,0,0.11,0,0,0,0.11,1.39,0,0.01,0,1.4,10.81,0.17,1.07,0,12.05,1.66,0,0.75,0,2.41,2.89,0,0,0,2.89,0,0,0,0,0,0,0,0,0,0,0,0,0,0,0,0,0,0,0,0,16.86,0.17,1.83,0,18.86,0,0,0,0,0,0,16.86,0.17,1.83,0,18.86
9/1/2026,2021,20220334,41352,7180,HAWLEY UTILITIES COMM,Natural Gas,INTRASTATE,MINNESOTA,0,0,0,0,0,3.3,0,0,0,3.3,0,0,0,0,0,0,0,0,0,0,0,0,0,0,0,0,0,0,0,0,0,0,0,0,0,0,0,0,0,0,0,0,0,0,0,0,0,0,0,0,3.3,0,0,0,3.3,0,0,0,0,0,0,3.3,0,0,0,3.3
9/1/2026,2021,20220117,39949,7237,MALARKEY ROOFING PRODUCTS,Natural Gas,INTRASTATE,OREGON,0,0,0,0,0,0,0,0,0,0,0,0,0,0,0,0,0,0,0,0,0,0,0,0,0,0,0,0,0,0,0,0,0,0,0,0,0,0,0,0,0,0,0,0,0,0,0,1.66,0,1.66,0,0,1.66,0,1.66,0,0,0,0,0,0,0,0,1.66,0,1.66
9/1/2026,2021,20220812,40672,7300,"HOGANSVILLE GAS SYSTEM, CITY OF",Natural Gas,INTRASTATE,GEORGIA,0,0,0.998,0,0.998,0,0,0,0,0,0,0,0,0,0,0,0,0,0,0,0,0,0,0,0,0,0,0,0,0,0,0,0,0,0,0,0,0,0,0,0,0,0,0,0,0,0,0,0,0,0,0,0.998,0,0.998,0,0,0,0,0,0,0,0,0.998,0,0.998
9/1/2026,2021,20220127,39959,7338,HONEOYE STORAGE CORP,Natural Gas,INTERSTATE,NEW YORK,0.4,0.5,0,0,0.9,5.8,6.9,0,0,12.7,3.8,7.1,0,0,10.9,0.6,1,0,0,1.6,0,2.3,0,0,2.3,0,0,0,0,0,0,0,0,0,0,0,0,0,0,0,0,0,0,0,0,0,0,0,0,0,10.6,17.8,0,0,28.4,0,0,0,0,0,0,10.6,17.8,0,0,28.4
9/1/2026,2021,20220227,40063,7655,HUMPHREYS COUNTY UTILITY DISTRICT,Natural Gas,INTRASTATE,TENNESSEE,0,0,0,0,0,0,47.07,0,0,47.07,0,0,0,0,0,0,0,0,0,0,0,0,0,0,0,0,0,0,0,0,0,0,0,0,0,0,0,0,0,0,0,0,0,0,0,0,0,0,0,0,0,47.07,0,0,47.07,0,0,0,0,0,0,0,47.07,0,0,47.07
9/1/2026,2021,20221071,40940,7695,HUTCHINSON UTILITIES COMMISSION,Natural Gas,INTRASTATE,MINNESOTA,0,0,0,0,0,0,0,0,0,0,92.75,0,0.25,0,93,0,0,0,0,0,0,0,0,0,0,0,0,0,0,0,0,0,0,0,0,0,0,0,0,0,0,0,0,0,0,0,0,0,0,0,92.75,0,0.25,0,93,0,0,0,0,0,0,92.75,0,0.25,0,93
9/1/2026,2021,20220610,46885,8070,INDIANA GAS CO INC,Natural Gas,INTRASTATE,INDIANA,5.266,2.554,1.352,0,9.172,106.092,36.748,51.302,0,194.142,160.985,50.109,56.795,0,267.889,66.483,36.691,17.177,0,120.351,16.742,9.561,1.61,0,27.913,1.552,0,0,0,1.552,0,0,0,0,0,0,0,0,0,0,0,0,0,0,0,0,0,0,0,0,357.12,135.663,128.236,0,621.019,0,0,0,0,0,0,357.12,135.663,128.236,0,621.019
9/1/2026,2021,20220610,46885,8070,INDIANA GAS CO INC,Natural Gas,INTRASTATE,KENTUCKY,0,0,0,0,0,7.145,1.74,8.028,0,16.913,4.624,0.824,5.2,0,10.648,0,0.001,0,0,0.001,0,0,0,0,0,0,0,0,0,0,0,0,0,0,0,0,0,0,0,0,0,0,0,0,0,0,0,0,0,0,11.769,2.565,13.228,0,27.562,0,0,0,0,0,0,11.769,2.565,13.228,0,27.562
9/1/2026,2021,20220580,40427,8140,INLAND EMPIRE PAPER CO,Natural Gas,INTRASTATE,WASHINGTON,0,3.5,0,0,3.5,0,0,0,0,0,0,0,0,0,0,0,0,0,0,0,0,0,0,0,0,0,0,0,0,0,0,0,0,0,0,0,0,0,0,0,0,0,0,0,0,0,0,0,0,0,0,3.5,0,0,3.5,0,0,0,0,0,0,0,3.5,0,0,3.5
9/1/2026,2021,20220632,40481,8160,INTERMOUNTAIN GAS CO,Natural Gas,INTRASTATE,IDAHO,0,0.047,0,0,0.047,7.613,29.067,41.381,0,78.061,112.695,39.906,24.143,0,176.744,7.013,7,10.621,0,24.634,0,0,0,0,0,0,0,0,0,0,0,0,0,0,0,0,0,0,0,0,0,0,0,0,0,0,0,0,0,0,127.321,76.02,76.145,0,279.486,0,0,0,0,0,0,127.321,76.02,76.145,0,279.486
9/1/2026,2021,20221110,40979,8166,"ADELPHIA GATEWAY, LLC",Natural Gas,INTERSTATE,PENNSYLVANIA,0,0,0,0,0,0,0,0,0,0,0.58,0.4,1.57,0,2.55,18,17.44,50.67,0,86.11,0,0,0,0,0,0,0,0,0,0,0,0,0,0,0,0,0,0,0,0,0,0,0,0,0,0,0,0,0,0,18.58,17.84,52.24,0,88.66,0,0,0,0,0,0,18.58,17.84,52.24,0,88.66
9/1/2026,2021,20220646,40621,8170,ALLIANT ENERGY - INTERSTATE POWER AND LIGHT COMPANY,Natural Gas,INTRASTATE,ILLINOIS,0.02,0,0,0,0.02,0,0,0,0,0,0.48,0,0,0,0.48,51.41,0.03,0,0,51.44,0,0,0,0,0,0,0,0,0,0,0,0,0,0,0,0,0,0,0,0,0,0,0,0,0,0,0,0,0,0,51.91,0.03,0,0,51.94,0,0,0,0,0,0,51.91,0.03,0,0,51.94
9/1/2026,2021,20220646,40621,8170,ALLIANT ENERGY - INTERSTATE POWER AND LIGHT COMPANY,Natural Gas,INTRASTATE,IOWA,177.49,128.67,12.72,0,318.88,66.37,29.92,2.91,0,99.2,4.29,12.98,0,0,17.27,51.44,4.8,0,0,56.24,0,0,0,0,0,0,0,0,0,0,0,0,0,0,0,0,0,0,0,0,0,0,0,0,0,1.13,233.23,5.85,0,240.21,300.72,409.6,21.48,0,731.8,0,0,0,0,0,0,300.72,409.6,21.48,0,731.8
9/1/2026,2021,20220935,40798,8310,IROQUOIS GAS CORP,Natural Gas,INTERSTATE,CONNECTICUT,0,0,0,0,0,0,0,0.963,0,0.963,0.08,0.017,1.88,0,1.977,13.31,14.73,23.61,0,51.65,0,,0,0,0,0,0,0,0,0,0,0,0,0,0,0,0,0,0,0,0,0,0,0,0,0,0,0,0,0,13.39,14.747,26.453,0,54.59,16.19,0,0,0,0,16.19,29.58,14.747,26.453,0,70.78
9/1/2026,2021,20220935,40798,8310,IROQUOIS GAS CORP,Natural Gas,INTERSTATE,NEW YORK,0,0,0,0,0,0,0,0,0,0,0.001,0.449,1.002,0,1.452,11.318,3.54,8.934,0,23.792,16.263,25.776,1.588,0,43.627,217.394,12.129,0,0,229.523,0,0,0,0,0,0,0,0,0,0,0,0,0,0,0,0,0,0,0,0,244.976,41.894,11.524,0,298.394,45.136,0,0,0,0,45.136,290.112,41.894,11.524,0,343.53
9/1/2026,2021,20220029,41371,9200,JEFFERSON - COCKE CO UTIL DIST,Natural Gas,INTRASTATE,TENNESSEE,0,0,0,0,0,0,0,0,0,0,4.01,10.81,1.93,0,16.75,0,0,0,0,0,0,0,0,0,0,0,0,0,0,0,0,0,0,0,0,0,0,0,0,0,0,0,0,0,0,0,0,0,0,0,4.01,10.81,1.93,0,16.75,0,0,0,0,0,0,4.01,10.81,1.93,0,16.75
9/1/2026,2021,20221264,46936,10035,"KPC PIPELINE, LLC",Natural Gas,INTERSTATE,KANSAS,0,0,0,0,0,99,0,0,0,99,54,0,66,0,120,149,0,66.44,0,215.44,201,0,2,0,203,241,0,4,0,245,0,0,0,0,0,0,0,0,0,0,1.783,0,0,0,1.783,0,0,0,0,0,745.783,0,138.44,0,884.223,0,0,0,0,0,0,745.783,0,138.44,0,884.223
9/1/2026,2021,20221264,46936,10035,"KPC PIPELINE, LLC",Natural Gas,INTERSTATE,MISSOURI,0,0,0,0,0,0,0,0,0,0,0,0,0,0,0,0,0,0.24,0,0.24,0,0,0,0,0,0,0,0,0,0,0,0,0,0,0,0,0,0,0,0,0,0,0,0,0,0,0,0,0,0,0,0,0.24,0,0.24,0,0,0,0,0,0,0,0,0.24,0,0.24
9/1/2026,2021,20221264,46936,10035,"KPC PIPELINE, LLC",Natural Gas,INTERSTATE,OKLAHOMA,0,0,0,0,0,0,0,0,0,0,0,0,0,0,0,14,1,0,0,15,0,0,0,0,0,98,0,0,0,98,0,0,0,0,0,0,0,0,0,0,0,0,0,0,0,0,0,0,0,0,112,1,0,0,113,0,0,0,0,0,0,112,1,0,0,113
9/1/2026,2021,20221264,46936,10035,"KPC PIPELINE, LLC",Natural Gas,INTRASTATE,KANSAS,0,0,0,0,0,0,0,0,0,0,0,0,0,0,0,0,0,4.3,0,4.3,0,0,0,0,0,0,0,0,0,0,0,0,0,0,0,0,0,0,0,0,0,0,0,0,0,0,0,0,0,0,0,0,4.3,0,4.3,0,0,0,0,0,0,0,0,4.3,0,4.3
9/1/2026,2021,20220766,40624,10270,KINGS MOUNTAIN NATURAL GAS SYSTEM,Natural Gas,INTRASTATE,NORTH CAROLINA,0,0,0,0,0,0.005,0,0,0,0.005,0,0,0,0,0,0,0,0,0,0,0,0,0,0,0,0,0,0,0,0,0,0,0,0,0,0,0,0,0,0,0,0,0,0,0,0,0,0,0,0,0.005,0,0,0,0.005,0,0,0,0,0,0,0.005,0,0,0,0.005
9/1/2026,2021,20220843,40703,11017,ATMOS ENERGY CORPORATION - TRANS LOUISIANA GAS PIPELINE,Natural Gas,INTRASTATE,LOUISIANA,2.693,1.666,1.615,0,5.974,0.098,0,1.02,0,1.118,0.906,0,0,0,0.906,17.044,9.186,10.695,0,36.925,0,0,0,0,0,0,0,0,0,0,0,0,0,0,0,0,0,0,0,0,0,0,0,0,0,1.7,0,0,0,1.7,22.441,10.852,13.33,0,46.623,0,0,0,0,0,0,22.441,10.852,13.33,0,46.623
9/1/2026,2021,20221184,41058,11032,SPIRE MISSOURI INC. EAST,Natural Gas,INTRASTATE,MISSOURI,0,0.02,14.97,0,14.99,29.439,8.598,145.216,0,183.253,0,1.018,18.699,0,19.717,0.34,3.704,5.205,0,9.249,0,0,0,0,0,0,0,0,0,0,0,0,0,0,0,0,0,0,0,0,0,0,0,0,0,0,0,0,0,0,29.779,13.34,184.09,0,227.209,0,0,0,0,0,0,29.779,13.34,184.09,0,227.209
9/1/2026,2021,20220046,39871,11080,"LAGRANGE GAS DEPT, CITY OF",Natural Gas,INTRASTATE,GEORGIA,0,0,0,0,0,32.46,10.51,2.38,0,45.35,0,0,0,0,0,0,0,0,0,0,0,0,0,0,0,0,0,0,0,0,0,0,0,0,0,0,0,0,0,0,0,0,0,0,0,0,0,0,0,0,32.46,10.51,2.38,0,45.35,0,0,0,0,0,0,32.46,10.51,2.38,0,45.35
9/1/2026,2021,20221278,41158,11104,"LAKELAND, CITY OF (EX. LAKELAND UTILITIES, CITY OF",Natural Gas,INTRASTATE,FLORIDA,0,0,0,0,0,0,0,0,0,0,0,0,0,0,0,7.25,0,2,0,9.25,0,0,0,0,0,0,0,0,0,0,0,0,0,0,0,0,0,0,0,0,0,0,0,0,0,0,0,0,0,0,7.25,0,2,0,9.25,0,0,0,0,0,0,7.25,0,2,0,9.25
9/1/2026,2021,20220218,40054,11175,"LAMAR UTILITIES BOARD, CITY OF",Natural Gas,INTRASTATE,COLORADO,0,0,0,0,0,0,0,0,0,0,0,0,0,0,0,37.3,2.9,0,0,40.2,0,0,0,0,0,0,0,0,0,0,0,0,0,0,0,0,0,0,0,0,0,0,0,0,0,0,0,0,0,0,37.3,2.9,0,0,40.2,0,0,0,0,0,0,37.3,2.9,0,0,40.2
9/1/2026,2021,20221203,41079,11240,"LAS CRUCES, CITY OF",Natural Gas,INTRASTATE,NEW MEXICO,0,0,0,0,0,0,0,0,0,0,0,1,0,0,1,19,0,0,0,19,0,0,0,0,0,0,0,0,0,0,0,0,0,0,0,0,0,0,0,0,0,0,0,0,0,0,0,0,0,0,19,1,0,0,20,0,0,0,0,0,0,19,1,0,0,20
9/1/2026,2021,20220536,40382,11248,LAS VEGAS NATURAL GAS SYSTEM,Natural Gas,INTRASTATE,NEW MEXICO,0,0,0,0,0,0,0,0,0,0,0,0,0,0,0,0,0,0,0,0,0,0,0,0,0,0,0,0,0,0,0,0,0,0,0,0,0,0,0,0,50.8,3,0,0,53.8,0,0,0,0,0,50.8,3,0,0,53.8,0,0,0,0,0,0,50.8,3,0,0,53.8
9/1/2026,2021,20221328,41228,11251,LAUREL FUEL CO,Natural Gas,INTRASTATE,MISSISSIPPI,0,0,0,0,0,0,0,0,0,0,0,0,0,0,0,0,0,0,0,0,0,0,0,0,0,0,0,0,0,0,0,0,0,0,0,0,0,0,0,0,73.77,0,3.65,0,77.42,0,0,0,0,0,73.77,0,3.65,0,77.42,0,0,0,0,0,0,73.77,0,3.65,0,77.42
9/1/2026,2021,20220783,40641,11272,LAVACA PIPELINE CO,Natural Gas,INTRASTATE,TEXAS,3.348,0,0,0,3.348,28.948,2.661,1.68,0,33.289,8.291,0,2.405,0,10.696,0,0,0,0,0,0,0,0,0,0,0.724,0,0,0,0.724,0,0,0,0,0,0,0,0,0,0,0,0,0,0,0,0,0,0,0,0,41.311,2.661,4.085,0,48.057,1.38,0,0,0,0,1.38,42.691,2.661,4.085,0,49.437
9/1/2026,2021,20220587,40434,11384,LENOX MUNICIPAL GAS SYSTEM,Natural Gas,INTRASTATE,IOWA,0,0,0,0,0,20,0,0,0,20,0,0,0,0,0,0,0,0,0,0,0,0,0,0,0,0,0,0,0,0,0,0,0,0,0,0,0,0,0,0,0,0,0,0,0,0,0,0,0,0,20,0,0,0,20,0,0,0,0,0,0,20,0,0,0,20
9/1/2026,2021,20220337,40177,11713,KEYSPAN ENERGY DELIVERY - LONG ISLAND,Natural Gas,INTRASTATE,NEW YORK,0,0,0,0,0,0,0,0,90.66,90.66,0,0,0,39.42,39.42,0,0,0,0,0,0,0,0,0,0,0,0,0,0,0,0,0,0,0,0,0,0,0,0,0,0,0,0,0,0,0,0,0,0,0,0,0,0,130.08,130.08,0,0,0,0,0,0,0,0,0,130.08,130.08
9/1/2026,2021,20220058,39883,11760,LORIMOR MUNICIPAL GAS SYSTEM,Natural Gas,INTRASTATE,IOWA,4.75,0,0,0,4.75,0,0,0,0,0,0,0,0,0,0,0,0,0,0,0,0,0,0,0,0,0,0,0,0,0,0,0,0,0,0,0,0,0,0,0,0,0,0,0,0,0,0,0,0,0,4.75,0,0,0,4.75,0,0,0,0,0,0,4.75,0,0,0,4.75
9/1/2026,2021,20220844,40704,11800,ATMOS ENERGY CORPORATION - LOUISIANA,Natural Gas,INTRASTATE,LOUISIANA,0,0,0,0,0,0,0,0,0,0,3.398,0.316,12.257,0,15.971,0.678,0.366,7.049,0,8.093,0,0,0,0,0,0,0,0,0,0,0,0,0,0,0,0,0,0,0,0,0,0,0,0,0,0,0,0,0,0,4.076,0.682,19.306,0,24.064,0,0,0,0,0,0,4.076,0.682,19.306,0,24.064
9/1/2026,2021,20220829,43443,11824,LOUISVILLE GAS & ELECTRIC CO,Natural Gas,INTRASTATE,INDIANA,6.24,0,0,0,6.24,0,0,0,0,0,0,0,0,0,0,0,0,0,0,0,0,0,0,0,0,0,0,0,0,0,0,0,0,0,0,0,0,0,0,0,1.42,0,0,0,1.42,5.89,0,0,0,5.89,13.55,0,0,0,13.55,0,0,0,0,0,0,13.55,0,0,0,13.55
9/1/2026,2021,20220829,43443,11824,LOUISVILLE GAS & ELECTRIC CO,Natural Gas,INTRASTATE,KENTUCKY,33.38,4.31,21.27,0,58.96,22.14,6.26,28.63,0,57.03,11.99,0.69,15.66,0,28.34,40.75,16.68,7.54,0,64.97,0,0.001,0,0,0.001,0,0,0,0,0,0,0,0,0,0,0,0,0,0,0,70.67,20.15,51.55,0,142.37,1.15,0,0,0,1.15,180.08,48.091,124.65,0,352.821,0,0,0,0,0,0,180.08,48.091,124.65,0,352.821
9/1/2026,2021,20220113,39945,11885,LUBBOCK POWER & LIGHT,Natural Gas,INTRASTATE,TEXAS,0,0,0,0,0,0,0,0,0,0,6.2,0,0,0,6.2,0,0,0,0,0,0,0,0,0,0,0,0,0,0,0,0,0,0,0,0,0,0,0,0,0,0,0,0,0,0,0,0,0,0,0,6.2,0,0,0,6.2,0,0,0,0,0,0,6.2,0,0,0,6.2
9/1/2026,2021,20221126,40997,12102,MANNING NATURAL GAS DEPT,Natural Gas,INTRASTATE,IOWA,0,0,0,0,0,0,0,0.75,0,0.75,0,0,0,0,0,0,0,0,0,0,0,0,0,0,0,0,0,0,0,0,0,0,0,0,0,0,0,0,0,0,0,0,0,0,0,33,0,0.25,0,33.25,33,0,1,0,34,0,0,0,0,0,0,33,0,1,0,34
9/1/2026,2021,20220945,40809,12180,MARSHALL COUNTY GAS DISTRICT,Natural Gas,INTRASTATE,ALABAMA,0,0,0,0,0,0,0,85,0,85,0,0,0,0,0,0,0,0,0,0,0,0,0,0,0,0,0,0,0,0,0,0,0,0,0,0,0,0,0,0,0,0,0,0,0,0,0,0,0,0,0,0,85,0,85,0,0,0,0,0,0,0,0,85,0,85
9/1/2026,2021,20220705,40560,12342,MEMPHIS LIGHT GAS & WATER DIVISION,Natural Gas,INTRASTATE,TENNESSEE,3.645,3.923,13.3,0,20.868,16.077,1.04,37.341,0,54.458,0,0.034,5.6,0,5.634,46.881,9.54,62.739,0,119.16,0,0,0,0,0,0,0,0,0,0,0,0,0.074,0,0.074,0,0,0,0,0,0,0,0,0,0,0,0,0,0,0,66.603,14.537,119.054,0,200.194,0,0,0,0,0,0,66.603,14.537,119.054,0,200.194
9/1/2026,2021,20220756,40613,12350,"CENTERPOINT ENERGY RESOURCES CORP., DBA CENTERPOINT ENERGY MINNESOTA GAS",Natural Gas,INTRASTATE,MINNESOTA,24.586,0.726,0.011,0,25.323,6.386,0.875,28.021,0,35.282,3.158,0.047,24.237,0,27.442,0.619,0.643,13.251,0,14.513,9.051,0,0,0,9.051,0,0,0,0,0,0,0,0,0,0,0,0,0,0,0,0,0,0,0,0,0,0,0,0,0,43.8,2.291,65.52,0,111.611,0,0,0,0,0,0,43.8,2.291,65.52,0,111.611
9/1/2026,2021,20220483,40329,12390,METROPOLITAN UTILITIES DISTRICT,Natural Gas,INTRASTATE,NEBRASKA,0,0,0,0,0,0,0,1.2,0,1.2,0,0,0,0,0,0,0,0,0,0,0,0,0,0,0,0,0,0,0,0,0,0,0,0,0,0,0,0,0,0,0,0,0,0,0,0,0,0,0,0,0,0,1.2,0,1.2,0,0,0,0,0,0,0,0,1.2,0,1.2
9/1/2026,2021,20221170,41044,12408,DTE GAS COMPANY,Natural Gas,INTERSTATE,MICHIGAN,0,0,0,0,0,0,0,0,0,0,0,0,0,0,0,29.65,8.83,21.07,0,59.55,0.004,0,0,0,0.004,0,0,0,0,0,0,0,0,0,0,0,0,0,0,0,0,0,0,0,0,0,0,0,0,0,29.654,8.83,21.07,0,59.554,0,0,0,0,0,0,29.654,8.83,21.07,0,59.554
9/1/2026,2021,20221170,41044,12408,DTE GAS COMPANY,Natural Gas,INTRASTATE,MICHIGAN,10.77,7.74,2.03,0,20.54,93.61,26.58,75.17,3.44,198.8,139.02,75.55,35.5,0,250.07,380.67,203.02,114.1,0,697.79,451.09,94.56,54.19,0,599.84,225.17,36.63,0,0,261.8,0,0,0,0,0,0,0,0,0,0,0.09,0.01,0.33,0,0.43,0,0,0,0,0,1300.42,444.09,281.32,3.44,2029.27,0,0,0,0,0,0,1300.42,444.09,281.32,3.44,2029.27
9/1/2026,2021,20220146,39979,12420,MICHIGAN GAS UTILITIES CO,Natural Gas,INTRASTATE,MICHIGAN,0.37,0,0,0,0.37,3.9,1.66,0.47,0,6.03,3.97,8.24,3.31,0,15.52,34.95,18.24,1.06,0,54.25,0.3,0,0,0,0.3,0,0,0,0,0,0,0,0,0,0,0,0,0,0,0,0,0,0,0,0,0,0,0,0,0,43.49,28.14,4.84,0,76.47,0,0,0,0,0,0,43.49,28.14,4.84,0,76.47
9/1/2026,2021,20220637,46832,12455,MIDLAND COGENERATION VENTURE,Natural Gas,INTRASTATE,MICHIGAN,0.479,0,0.786,0,1.265,0.394,0.477,1.017,0,1.888,0,0.004,0,0,0.004,0.49,1.129,1.624,0,3.243,13.117,9.962,0,0,23.079,0,0,0,0,0,0,0,0,0,0,0,0,0,0,0,0,0,0,0,0,0,0,0,0,0,14.48,11.572,3.427,0,29.479,0,0,0,0,0,0,14.48,11.572,3.427,0,29.479
9/1/2026,2021,20221031,41207,12462,"BBT MIDLA, LLC",Natural Gas,INTERSTATE,LOUISIANA,0,0,0,0,0,0,0,0,0,0,0,0,0,0,0,0,0,0,0,0,0,0,0,0,0,63.248,5.503,4.315,0,73.066,0,0,0,0,0,0,0,0,0,0,0,0,0,0,0,0,0,0,0,0,63.248,5.503,4.315,0,73.066,0,0,0,0,0,0,63.248,5.503,4.315,0,73.066
9/1/2026,2021,20221031,41207,12462,"BBT MIDLA, LLC",Natural Gas,INTERSTATE,MISSISSIPPI,0,0,0,0,0,0,0,0,0,0,0,0,0,0,0,0,0,0,0,0,0,0,0,0,0,2.921,0.163,0.222,0,3.306,0,0,0,0,0,0,0,0,0,0,0,0,0,0,0,0,0,0,0,0,2.921,0.163,0.222,0,3.306,0,0,0,0,0,0,2.921,0.163,0.222,0,3.306
9/1/2026,2021,20220057,39882,12486,MIDWEST NATURAL GAS CORP,Natural Gas,INTRASTATE,INDIANA,0,0,0,0,0,17.53,4.24,0,0,21.77,0,0,0,0,0,0,0,0,0,0,0,0,0,0,0,0,0,0,0,0,0,0,0,0,0,0,0,0,0,0,0,0,0,0,0,0,0,0,0,0,17.53,4.24,0,0,21.77,0,0,0,0,0,0,17.53,4.24,0,0,21.77
9/1/2026,2021,20221069,44856,12498,MIDWESTERN GAS TRANSMISSION CO,Natural Gas,INTERSTATE,ILLINOIS,0.01,0,0,0,0.01,0,0,0,0,0,1.47,0.21,0,0,1.68,4.4,1.02,0.77,0,6.19,1.93,1,0.51,0,3.44,142.07,1.87,0,0,143.94,0,0,0,0,0,0,0,0,0,0,0.02,0,0,0,0.02,0,0,0,0,0,149.9,4.1,1.28,0,155.28,0,0,0,0,0,0,149.9,4.1,1.28,0,155.28
9/1/2026,2021,20221069,44856,12498,MIDWESTERN GAS TRANSMISSION CO,Natural Gas,INTERSTATE,INDIANA,0.71,0,0,0,0.71,0.02,0,0,0,0.02,0.31,0,0,0,0.31,6.71,0,0,0,6.71,2.51,0.1,0,0,2.61,108.31,2.35,0,0,110.66,0,0,0,0,0,0,0,0,0,0,0,0,0,0,0,0,0,0,0,0,118.57,2.45,0,0,121.02,0,0,0,0,0,0,118.57,2.45,0,0,121.02
9/1/2026,2021,20221069,44856,12498,MIDWESTERN GAS TRANSMISSION CO,Natural Gas,INTERSTATE,KENTUCKY,0.07,0,0,0,0.07,0,0,0,0,0,0.01,0,0,0,0.01,2.7,0.94,0,0,3.64,1.68,1.32,0,0,3,84.42,3.85,0,0,88.27,0,0,0,0,0,0,0,0,0,0,0,0,0,0,0,0,0,0,0,0,88.88,6.11,0,0,94.99,0,0,0,0,0,0,88.88,6.11,0,0,94.99
9/1/2026,2021,20221069,44856,12498,MIDWESTERN GAS TRANSMISSION CO,Natural Gas,INTERSTATE,TENNESSEE,0,0,0,0,0,0.11,0,0,0,0.11,0.04,0.07,0,0,0.11,27.54,5.39,0.17,0,33.1,0,0,0,0,0,0,0,0,0,0,0,0,0,0,0,0,0,0,0,0,0,0,0,0,0,0,0,0,0,0,27.69,5.46,0.17,0,33.32,0,0,0,0,0,0,27.69,5.46,0.17,0,33.32
9/1/2026,2021,20220508,40354,12576,"ENABLE MISSISSIPPI RIVER TRANSMISSION, LLC",Natural Gas,INTERSTATE,ARKANSAS,18,5.96,0.92,0,24.88,20.31,1.2,2.04,0,23.55,4.67,3.32,2.15,0,10.14,7.51,2.59,7.08,0,17.18,67.25,12.58,2.82,0,82.65,484.18,18.2,0.02,0,502.4,1.73,0,0,0,1.73,0,0,0,0,0,0,0.01,0,0,0.01,0,0,0,0,0,603.65,43.86,15.03,0,662.54,0,0,0,0,0,0,603.65,43.86,15.03,0,662.54
9/1/2026,2021,20220508,40354,12576,"ENABLE MISSISSIPPI RIVER TRANSMISSION, LLC",Natural Gas,INTERSTATE,ILLINOIS,10.92,1.18,13.21,0,25.31,14.9,0.1,4.1,0,19.1,18.43,3.29,6.61,0,28.33,26.99,10.68,20.85,0,58.52,33.43,1.03,11.74,0,46.2,103.13,6.73,2.28,0,112.14,0,0,0,0,0,0,0,0,0,0,0,0,0,0,0,0,0,0,0,0,207.8,23.01,58.79,0,289.6,0,0,0,0,0,0,207.8,23.01,58.79,0,289.6
9/1/2026,2021,20220508,40354,12576,"ENABLE MISSISSIPPI RIVER TRANSMISSION, LLC",Natural Gas,INTERSTATE,LOUISIANA,0,0,0,0,0,0.52,0.02,0,0,0.54,2.44,0.18,0.22,0,2.84,45.02,7.74,3.57,0,56.33,97.34,17.2,1.56,0,116.1,109.77,2.33,0,0,112.1,0,0,0,0,0,0,0,0,0,0,0.07,0,0,0,0.07,0,0,0,0,0,255.16,27.47,5.35,0,287.98,0,0,0,0,0,0,255.16,27.47,5.35,0,287.98
9/1/2026,2021,20220508,40354,12576,"ENABLE MISSISSIPPI RIVER TRANSMISSION, LLC",Natural Gas,INTERSTATE,MISSOURI,26.04,11.72,19.87,0,57.63,29.72,13.55,13.37,0,56.64,4.65,1.46,12.96,0.03,19.1,4.99,4.87,20.74,0.28,30.88,38.19,21.26,3.8,0,63.25,171.52,20.48,0.11,0,192.11,0,0,0,0,0,0,0,0,0,0,0,0,0,0,0,0,0,0,0,0,275.11,73.34,70.85,0.31,419.61,0,0,0,0,0,0,275.11,73.34,70.85,0.31,419.61
9/1/2026,2021,20220508,40354,12576,"ENABLE MISSISSIPPI RIVER TRANSMISSION, LLC",Natural Gas,INTERSTATE,TEXAS,0.09,0,0,0,0.09,0,0,0,0,0,0,0,0,0,0,4.22,0,0,0,4.22,16.25,1.09,0,0,17.34,0,0,0,0,0,0,0,0,0,0,0,0,0,0,0,0,0,0,0,0,0,0,0,0,0,20.56,1.09,0,0,21.65,0,0,0,0,0,0,20.56,1.09,0,0,21.65
9/1/2026,2021,20220910,40772,12582,ATMOS ENERGY CORPORATION - MISSISSIPPI,Natural Gas,INTRASTATE,MISSISSIPPI,0,0,0,0,0,104.29,57.87,26.63,0,188.79,84.79,12.99,1.24,0,99.02,4.71,1.48,0,0,6.19,0,0,0,0,0,0,0,0,0,0,0,0,0,0,0,0,0,0,0,0,0,0,0,0,0,0,0,0,0,0,193.79,72.34,27.87,0,294,0,0,0,0,0,0,193.79,72.34,27.87,0,294
9/1/2026,2021,20220880,40740,12606,THE EMPIRE DISTRICT GAS COMPANY,Natural Gas,INTRASTATE,MISSOURI,0.64,0,0,0,0.64,81.14,5.24,0,0,86.38,0,0,0,0,0,0,0,0,0,0,0,0,0,0,0,0,0,0,0,0,0,0,0,0,0,0,0,0,0,0,0,0,0,0,0,0,0,0,0,0,81.78,5.24,0,0,87.02,0,0,0,0,0,0,81.78,5.24,0,0,87.02
9/1/2026,2021,20220479,40325,12624,EXXONMOBIL OIL CORPORATION,Hydrogen Gas,INTRASTATE,TEXAS,0,0,0,0,0,0,0,3.11,0,3.11,0,0,0,0,0,0,0,0,0,0,0,0,0,0,0,0,0,0,0,0,0,0,0,0,0,0,0,0,0,0,0,0,0,0,0,0,0,0,0,0,0,0,3.11,0,3.11,0,0,0,0,0,0,0,0,3.11,0,3.11
9/1/2026,2021,20220478,40324,12624,EXXONMOBIL OIL CORPORATION,Natural Gas,INTRASTATE,TEXAS,0,0,0,0,0,0,0,0,0,0,0,0,0,0,0,0,0,2.38,0,2.38,0,0,0,0,0,0,0,0,0,0,0,0,0,0,0,0,0,0,0,0,0,0,0,0,0,0,0,0,0,0,0,0,2.38,0,2.38,0,0,0,0,0,0,0,0,2.38,0,2.38
9/1/2026,2021,20220480,40326,12628,MOBIL  PIPE  LINE COMPANY,Natural Gas,INTRASTATE,TEXAS,0,0,0,0,0,0,0,0,0,0,0,0,0,0,0,0,0,2.26,0,2.26,0,0,0,0,0,0,0,0,0,0,0,0,0,0,0,0,0,0,0,0,0,0,0,0,0,0,0,0,0,0,0,0,2.26,0,2.26,0,0,0,0,0,0,0,0,2.26,0,2.26
9/1/2026,2021,20220482,40328,12634,EXXONMOBIL OIL CORPORATION,Natural Gas,INTRASTATE,TEXAS,1.58,0,0,0,1.58,0,0,0,0,0,0,0,0,0,0,0,0,0,0,0,0,0,0,0,0,0,0,0,0,0,0,0,0,0,0,0,0,0,0,0,0,0,0,0,0,0,0,0,0,0,1.58,0,0,0,1.58,0,0,0,0,0,0,1.58,0,0,0,1.58
9/1/2026,2021,20221192,41066,12642,SPIRE GULF INC.,Natural Gas,INTRASTATE,ALABAMA,0,0,0,0,0,0.59,0.01,2.99,0,3.59,5.47,1.13,0.08,0,6.68,8.91,11.58,9.07,0,29.56,7.18,2.05,0,0,9.23,0,0,0,0,0,0,0,0,0,0,0,0,0,0,0,0,0,0,0,0,0,0,0,0,0,22.15,14.77,12.14,0,49.06,0,0,0,0,0,0,22.15,14.77,12.14,0,49.06
9/1/2026,2021,20220973,40838,12672,"MONROE NATURAL GAS DEPT, CITY OF",Natural Gas,INTRASTATE,NORTH CAROLINA,0,0,0,0,0,0,0,0,0,0,0,0,0,0,0,3.88,24.44,14.88,0,43.2,0,0,0,0,0,0,0,0,0,0,0,0,0,0,0,0,0,0,0,0,0,0,0,0,0,0,0,0,0,0,3.88,24.44,14.88,0,43.2,0,0,0,0,0,0,3.88,24.44,14.88,0,43.2
9/1/2026,2021,20220771,40629,12684,MONTANA - DAKOTA UTILITIES CO,Natural Gas,INTRASTATE,MONTANA,0,0,0,0,0,0,0,2.525,0,2.525,0,0,0,0,0,0,0,0,0,0,0,0,0,0,0,0,0,0,0,0,0,0,0,0,0,0,0,0,0,0,0,0,0,0,0,0,0,0,0,0,0,0,2.525,0,2.525,0,0,0,0,0,0,0,0,2.525,0,2.525
9/1/2026,2021,20220771,40629,12684,MONTANA - DAKOTA UTILITIES CO,Natural Gas,INTRASTATE,NORTH DAKOTA,17.455,0,0,0,17.455,0.797,0,1.853,0,2.65,23.407,0,0,0,23.407,16.066,0.012,0,0,16.078,21.241,2.556,0,0,23.797,0,0,0,0,0,0,0,0,0,0,0,0,0,0,0,0,0,0,0,0,0,0,0,0,0,78.966,2.568,1.853,0,83.387,0,0,0,0,0,0,78.966,2.568,1.853,0,83.387
9/1/2026,2021,20220771,40629,12684,MONTANA - DAKOTA UTILITIES CO,Natural Gas,INTRASTATE,SOUTH DAKOTA,0,0,0,0,0,0.048,0.675,0,0,0.723,0.709,2.808,0,0,3.517,0,0,0,0,0,0,0,0,0,0,0,0,0,0,0,0,0,0,0,0,0,0,0,0,0,0,0,0,0,0,0,0,0,0,0,0.757,3.483,0,0,4.24,0,0,0,0,0,0,0.757,3.483,0,0,4.24
9/1/2026,2021,20220763,40620,12732,MONTEZUMA NATURAL GAS DEPT,Natural Gas,INTRASTATE,IOWA,0.1,0.1,0,0,0.2,4.6,0,0,0,4.6,14.6,0,0,0,14.6,0,0,0,0,0,0,0,0,0,0,0,0,0,0,0,0,0,0,0,0,0,0,0,0,0,0,0,0,0,0,0,0,0,0,0,19.3,0.1,0,0,19.4,0,0,0,0,0,0,19.3,0.1,0,0,19.4
9/1/2026,2021,20220126,39958,12794,MORNING SUN MUNICIPAL GAS SYSTEM,Natural Gas,INTRASTATE,IOWA,3,0,0,0,3,0,0,0,0,0,0,0,0,0,0,0,0,0,0,0,0,0,0,0,0,0,0,0,0,0,0,0,0,0,0,0,0,0,0,0,0,0,0,0,0,0,0,0,0,0,3,0,0,0,3,0,0,0,0,0,0,3,0,0,0,3
9/1/2026,2021,20220438,40284,12817,"MOSS BLUFF HUB, LLC (SPECTRA ENERGY PARTNERS, LP)",Natural Gas,INTRASTATE,TEXAS,0,0,0,0,0,0.05,0,0,0,0.05,0.46,0,0,0,0.46,2.14,0,0,0,2.14,1.29,0,0,0,1.29,17.91,0.5,0,0,18.41,0,0,0,0,0,0,0,0,0,0,0,0,0,0,0,0,0,0,0,0,21.85,0.5,0,0,22.35,0,0,0,0,0,0,21.85,0.5,0,0,22.35
9/1/2026,2021,20220399,40243,12823,MOULTON MUNICIPAL GAS SYSTEM,Natural Gas,INTRASTATE,IOWA,5.2,0.1,0,0,5.3,0,0,0,0,0,0,0,0,0,0,0,0,0,0,0,0,0,0,0,0,0,0,0,0,0,0,0,0,0,0,0,0,0,0,0,0,0,0,0,0,0,0,0,0,0,5.2,0.1,0,0,5.3,0,0,0,0,0,0,5.2,0.1,0,0,5.3
9/1/2026,2021,20220548,40394,12874,"DOMINION ENERGY QUESTAR PIPELINE, LLC",Natural Gas,INTERSTATE,COLORADO,0.092,0,0,0,0.092,0.325,0.449,0.474,0,1.248,1.863,0.033,3.318,0,5.214,46.734,0.234,0.196,0,47.164,97.093,0,0,0,97.093,33.79,0,0,0,33.79,0,0,0,0,0,0,0,0,0,0,0,0,0,0,0,0,0,0,0,0,179.897,0.716,3.988,0,184.601,0,0,0,0,0,0,179.897,0.716,3.988,0,184.601
9/1/2026,2021,20220548,40394,12874,"DOMINION ENERGY QUESTAR PIPELINE, LLC",Natural Gas,INTERSTATE,UTAH,3.646,0.276,0.145,0,4.067,5.121,0.684,0.883,0,6.688,89.95,9.312,12.841,0,112.103,109.634,14.892,15.262,0,139.788,210.203,7.816,1.698,0,219.717,515.835,3.67,0,0,519.505,0,0,0,0,0,0,0,0,0,0,0.002,0.062,0.006,0,0.07,0,0,0,0,0,934.391,36.712,30.835,0,1001.938,0,0,0,0,0,0,934.391,36.712,30.835,0,1001.938
9/1/2026,2021,20220548,40394,12874,"DOMINION ENERGY QUESTAR PIPELINE, LLC",Natural Gas,INTERSTATE,WYOMING,2.275,0.004,0.003,0,2.282,10.426,0.062,0.251,0,10.739,25.042,0.003,0.314,0,25.359,50.317,0.405,4.126,0,54.848,200.72,2.076,0,0,202.796,667.477,0.868,0,0,668.345,0,0,0,0,0,0,0,0,0,0,0,0,0,0,0,0,0,0,0,0,956.257,3.418,4.694,0,964.369,0,0,0,0,0,0,956.257,3.418,4.694,0,964.369
9/1/2026,2021,20220963,40828,12876,DOMINION ENERGY UTAH/WYOMING/IDAHO,Natural Gas,INTRASTATE,IDAHO,0,0,0,0,0,0,0,6.313,0,6.313,0,0,0,0,0,0,0,0,0,0,0,0,0,0,0,0,0,0,0,0,0,0,0,0,0,0,0,0,0,0,0,0,0,0,0,0,0,0,0,0,0,0,6.313,0,6.313,0,0,0,0,0,0,0,0,6.313,0,6.313
9/1/2026,2021,20220963,40828,12876,DOMINION ENERGY UTAH/WYOMING/IDAHO,Natural Gas,INTRASTATE,UTAH,0,0,0,0,0,109.762,33.109,203.916,2.379,349.166,146.29,22.846,100.874,1.092,271.102,66.123,8.25,63.136,0,137.509,0,0,0.022,0,0.022,0,0,0,0,0,0,0,0,0,0,0,0,0,0,0,0,0,0,0,0,0,0,0,0,0,322.175,64.205,367.948,3.471,757.799,0,0,0,0,0,0,322.175,64.205,367.948,3.471,757.799
9/1/2026,2021,20220963,40828,12876,DOMINION ENERGY UTAH/WYOMING/IDAHO,Natural Gas,INTRASTATE,WYOMING,0,0,0,0,0,10.32,0,0,0,10.32,0.016,0,0,0,0.016,0.009,0,0,0,0.009,0,0,0,0,0,0,0,0,0,0,0,0,0,0,0,0,0,0,0,0,0,0,0,0,0,0,0,0,0,0,10.345,0,0,0,10.345,0,0,0,0,0,0,10.345,0,0,0,10.345
9/1/2026,2021,20220366,40208,12878,MOUNTAINEER GAS CO,Natural Gas,INTRASTATE,WEST VIRGINIA,1,1,0,0,2,0,0,0,0,0,0,0,0,0,0,0,0,0,0,0,0,0,0,0,0,0,0,0,0,0,0,0,0,0,0,0,0,0,0,0,0,0,0,0,0,0,0,0,0,0,1,1,0,0,2,0,0,0,0,0,0,1,1,0,0,2
9/1/2026,2021,20220418,40264,12930,MUSTANG GAS PRODUCTS LLC,Natural Gas,INTRASTATE,OKLAHOMA,3.36,0,0,0,3.36,0.04,0,0,0,0.04,25.1,0,0,0,25.1,0,0,0,0,0,0,0,0,0,0,0,0,0,0,0,0,0,0,0,0,0,0,0,0,0,0,0,0,0,0,2.43,0,0,0,2.43,30.93,0,0,0,30.93,0,0,0,0,0,0,30.93,0,0,0,30.93
9/1/2026,2021,20221350,41347,12990,BOBWHITE MANAGEMENT CO.,Natural Gas,INTRASTATE,OKLAHOMA,3,0,0,0,3,0,0,0,0,0,0,0,0,0,0,0,0,0,0,0,0,0,0,0,0,0,0,0,0,0,0,0,0,0,0,0,0,0,0,0,0,0,0,0,0,0,0,0,0,0,3,0,0,0,3,0,0,0,0,0,0,3,0,0,0,3
9/1/2026,2021,20221148,41020,13061,NATIONAL FUEL GAS DISTRIBUTION CORP,Natural Gas,INTRASTATE,PENNSYLVANIA,16.39,18.49,11.35,0,46.23,3.23,6.61,4.11,0,13.95,1.88,4.33,0,0,6.21,0,0,0,0,0,0,0,0,0,0,0,0,0,0,0,0,0,0,0,0,0,0,0,0,0,0,0,0,0,0,0,0,0,0,0,21.5,29.43,15.46,0,66.39,0,0,0,0,0,0,21.5,29.43,15.46,0,66.39
9/1/2026,2021,20221156,41028,13062,NATIONAL FUEL GAS DISTRIBUTION CORP - NEW YORK,Natural Gas,INTRASTATE,NEW YORK,0,0,0,0,0,0,0,1.61,0,1.61,0,0,0,0,0,0,0,0,0,0,0,0,0,0,0,0,0,0,0,0,0,0,0,0,0,0,0,0,0,0,0,0,0,0,0,0,0,0,0,0,0,0,1.61,0,1.61,0,0,0,0,0,0,0,0,1.61,0,1.61
9/1/2026,2021,20221204,41080,13063,NATIONAL FUEL GAS SUPPLY CORP,Natural Gas,INTERSTATE,NEW YORK,28.6,30.08,31.99,0.62,91.29,59.16,24.95,26.96,0.79,111.86,62.37,40.41,18.79,0,121.57,51.79,38.69,23.21,0,113.69,57.1,24.25,2.56,0,83.91,68.54,3.03,0,0,71.57,0,0,0,0,0,0,0,0,0,0,9.25,0.9,1.1,0,11.25,0,0,0,0,0,336.81,162.31,104.61,1.41,605.14,0,0,0,0,0,0,336.81,162.31,104.61,1.41,605.14
9/1/2026,2021,20221204,41080,13063,NATIONAL FUEL GAS SUPPLY CORP,Natural Gas,INTERSTATE,PENNSYLVANIA,76.4,31.31,24.06,0,131.77,56.78,45.83,15.08,0,117.69,147.71,46.58,28.19,0.15,222.63,195.64,67.67,27.13,0.64,291.08,138.06,27.99,4.69,0,170.74,66.95,4.87,0,0,71.82,0,0,0,0,0,0,0,0,0,0,9.76,2.45,0.4,0,12.61,5.53,0.48,0,0,6.01,696.83,227.18,99.55,0.79,1024.35,0,0,0,0,0,0,696.83,227.18,99.55,0.79,1024.35
9/1/2026,2021,20220860,40720,13120,NATURAL GAS PIPELINE CO OF AMERICA (KMI),Natural Gas,INTERSTATE,ARKANSAS,0.02,0,0.05,0,0.07,2.39,0.1,0.02,0,2.51,1.36,0.82,3.75,0,5.93,16.37,4.88,33.79,0.13,55.17,98.36,30.16,30.91,0,159.43,629.88,60.42,0.16,0,690.46,0,0,0,0,0,0,0,0,0,0,0,0,0,0,0,0,0,0,0,0,748.38,96.38,68.68,0.13,913.57,0,0,0,0,0,0,748.38,96.38,68.68,0.13,913.57
9/1/2026,2021,20220860,40720,13120,NATURAL GAS PIPELINE CO OF AMERICA (KMI),Natural Gas,INTERSTATE,ILLINOIS,19.79,1.01,3.41,0,24.21,23.59,0.4,6.45,0,30.44,63.55,5.65,63.89,0,133.09,118.54,39.88,232.95,0,391.37,264.99,28.04,108.39,0,401.42,1393.27,32.09,0.44,0,1425.8,5.61,0,0,0,5.61,28.23,0,0,0,28.23,0,0,0,0,0,0,0,0,0,0,1917.57,107.07,415.53,0,2440.17,0,0,0,0,0,0,1917.57,107.07,415.53,0,2440.17
9/1/2026,2021,20220860,40720,13120,NATURAL GAS PIPELINE CO OF AMERICA (KMI),Natural Gas,INTERSTATE,INDIANA,0,0,0.05,0,0.05,0,0,0.01,0,0.01,0.01,0,0.78,0,0.79,0.15,0,3.25,0,3.4,0,0,0,0,0,0,0,0,0,0,0,0,0,0,0,0,0,0,0,0,0,0,0,0,0,0,0,0,0,0,0.16,0,4.09,0,4.25,0,0,0,0,0,0,0.16,0,4.09,0,4.25
9/1/2026,2021,20220860,40720,13120,NATURAL GAS PIPELINE CO OF AMERICA (KMI),Natural Gas,INTERSTATE,IOWA,11.43,0,0.75,0,12.18,20.91,0.12,0.35,0,21.38,25.57,0.09,0.05,0,25.71,41.16,4.3,0.65,0,46.11,28.58,2.51,0.12,0,31.21,703.06,7.55,0.11,0,710.72,0.14,0,0,0,0.14,0.72,0,0,0,0.72,0,0,0,0,0,0,0,0,0,0,831.57,14.57,2.03,0,848.17,0,0,0,0,0,0,831.57,14.57,2.03,0,848.17
9/1/2026,2021,20220860,40720,13120,NATURAL GAS PIPELINE CO OF AMERICA (KMI),Natural Gas,INTERSTATE,KANSAS,1,0.13,0,0,1.13,1.23,0,0,0,1.23,8.28,0,0,0,8.28,6.96,0,0,0,6.96,24.79,0,0,0,24.79,647.54,0,0,0,647.54,0,0,0,0,0,0,0,0,0,0,0,0,0,0,0,0,0,0,0,0,689.8,0.13,0,0,689.93,0,0,0,0,0,0,689.8,0.13,0,0,689.93
9/1/2026,2021,20220860,40720,13120,NATURAL GAS PIPELINE CO OF AMERICA (KMI),Natural Gas,INTERSTATE,LOUISIANA,0.01,0,0,0,0.01,0,0,0.02,0,0.02,0.55,0,0,0,0.55,2.93,0.05,0.34,0,3.32,5.96,0.18,0.03,0,6.17,173.82,5.73,0.09,0,179.64,0,0,0,0,0,0,0,0,0,0,0,0,0,0,0,0,0,0,0,0,183.27,5.96,0.48,0,189.71,0,0,0,0,0,0,183.27,5.96,0.48,0,189.71
9/1/2026,2021,20220860,40720,13120,NATURAL GAS PIPELINE CO OF AMERICA (KMI),Natural Gas,INTERSTATE,MISSOURI,0.17,0,0,0,0.17,0.05,0,0,0,0.05,10.84,0.74,0.01,0,11.59,3.73,0.87,4.03,0,8.63,5.87,1.65,1.8,0,9.32,242.68,24.92,0,0,267.6,0,0,0,0,0,0,0,0,0,0,0,0,0,0,0,0,0,0,0,0,263.34,28.18,5.84,0,297.36,0,0,0,0,0,0,263.34,28.18,5.84,0,297.36
9/1/2026,2021,20220860,40720,13120,NATURAL GAS PIPELINE CO OF AMERICA (KMI),Natural Gas,INTERSTATE,NEBRASKA,0.49,0,0,0,0.49,0.74,0,0,0,0.74,1.34,0.04,0,0,1.38,6.25,2.09,0.28,0,8.62,6.91,0.52,0,0,7.43,229.5,2.38,0,0,231.88,0,0,0,0,0,0,0,0,0,0,0,0,0,0,0,0,0,0,0,0,245.23,5.03,0.28,0,250.54,0,0,0,0,0,0,245.23,5.03,0.28,0,250.54
9/1/2026,2021,20220860,40720,13120,NATURAL GAS PIPELINE CO OF AMERICA (KMI),Natural Gas,INTERSTATE,NEW MEXICO,0.03,0,0,0,0.03,0.05,0,0,0,0.05,0.35,0,0,0,0.35,12.1,0,0,0,12.1,1,0,0,0,1,239.95,0,0,0,239.95,0,0,0,0,0,0,0,0,0,0,0,0,0,0,0,0,0,0,0,0,253.48,0,0,0,253.48,0,0,0,0,0,0,253.48,0,0,0,253.48
9/1/2026,2021,20220860,40720,13120,NATURAL GAS PIPELINE CO OF AMERICA (KMI),Natural Gas,INTERSTATE,OKLAHOMA,0.69,0,0,0,0.69,5.88,0,0,0,5.88,13.63,0.05,0,0,13.68,7.29,0.75,0,0,8.04,83.95,1.93,0,0,85.88,641.01,4.56,0,0,645.57,0,0,0,0,0,0,0,0,0,0,0,0,0,0,0,0,0,0,0,0,752.45,7.29,0,0,759.74,0,0,0,0,0,0,752.45,7.29,0,0,759.74
9/1/2026,2021,20220860,40720,13120,NATURAL GAS PIPELINE CO OF AMERICA (KMI),Natural Gas,INTERSTATE,TEXAS,0.26,0.02,0.19,0,0.47,3.68,0.86,0.31,0,4.85,4,0.32,2.16,0,6.48,36.21,9.57,83.69,0,129.47,334.73,73.88,78.34,0,486.95,1692.68,81.06,0.42,0,1774.16,0,0,0,0,0,0,0,0,0,0,0,0,0,0,0,0,0,0,0,0,2071.56,165.71,165.11,0,2402.38,0,0,0,0,0,0,2071.56,165.71,165.11,0,2402.38
9/1/2026,2021,20220182,40016,13180,NEBRASKA CITY UTILITIES,Natural Gas,INTRASTATE,NEBRASKA,0,0,0,0,0,25.25,0.4,0.1,0,25.75,0,0,0,0,0,18,0,0,0,18,11.1,0,0,0,11.1,0,0,0,0,0,0,0,0,0,0,0,0,0,0,0,0,0,0,0,0,0,0,0,0,0,54.35,0.4,0.1,0,54.85,0,0,0,0,0,0,54.35,0.4,0.1,0,54.85
9/1/2026,2021,20220850,40710,13299,NEW JERSEY NATURAL GAS CO,Natural Gas,INTRASTATE,NEW JERSEY,0,0,0,0.084,0.084,0,0,0,32.267,32.267,0,0,0.498,206.743,207.241,0,0,11.186,0,11.186,0,0,0,0,0,0,0,0,0,0,0,0,0,0,0,0,0,0,0,0,0,0,0,0,0,0,0,0,0,0,0,0,11.684,239.094,250.778,0,0,0,0,0,0,0,0,11.684,239.094,250.778
9/1/2026,2021,20221299,41183,13360,"ENTERGY NEW ORLEANS, LLC",Natural Gas,INTRASTATE,LOUISIANA,0,0,1.54,0,1.54,0,0,1.65,0,1.65,14.39,0,0.04,0,14.43,14.76,1.35,0.09,0,16.2,0,0,0,0,0,1.17,0,0.77,0,1.94,0,0,0,0,0,0,0,0,0,0,0,0,0,0,0,0,0,0,0,0,30.32,1.35,4.09,0,35.76,0,0,0,0,0,0,30.32,1.35,4.09,0,35.76
9/1/2026,2021,20220914,41201,13420,NEW YORK STATE ELECTRIC & GAS CORP,Natural Gas,INTRASTATE,NEW YORK,0,0,0,0,0,2.63,0.95,1.38,0,4.96,8.01,5.63,1.81,0,15.45,0,0,0.02,0,0.02,0,0,0,0,0,0,0,0,0,0,0,0,0,0,0,0,0,0,0,0,0,0,0,0,0,0,0,0,0,0,10.64,6.58,3.21,0,20.43,,,,,,,10.64,6.58,3.21,0,20.43
9/1/2026,2021,20220338,40178,13480,NIAGARA MOHAWK POWER CORP,Natural Gas,INTRASTATE,NEW YORK,0,0,0,0,0,0,65.98,27.88,0,93.86,0,94.61,22.09,0,116.7,0,53.5,11.52,0,65.02,0,0,0,0,0,0,0,0,0,0,0,0,0,0,0,0,0,0,0,0,0,0,0,0,0,0,0,0,0,0,0,214.09,61.49,0,275.58,0,0,0,0,0,0,0,214.09,61.49,0,275.58
9/1/2026,2021,20220417,40263,13535,NORTH ALABAMA GAS DISTRICT,Natural Gas,INTRASTATE,ALABAMA,1.58,0,0,0,1.58,5.44,2.96,0,0,8.4,0,0,0,0,0,0,0,0,0,0,0,0,0,0,0,0,0,0,0,0,0,0,0,0,0,0,0,0,0,0,0,0,0,0,0,0,0,0,0,0,7.02,2.96,0,0,9.98,0,0,0,0,0,0,7.02,2.96,0,0,9.98
9/1/2026,2021,20220288,40127,13630,NORTHEAST OKLAHOMA PUBLIC FACILITIES AUTH,Natural Gas,INTRASTATE,OKLAHOMA,0,0,0,0,0,11,4,0,0,15,0,0,0,0,0,0,0,0,0,0,0,0,0,0,0,0,0,0,0,0,0,0,0,0,0,0,0,0,0,0,0,0,0,0,0,0,0,0,0,0,11,4,0,0,15,0,0,0,0,0,0,11,4,0,0,15
9/1/2026,2021,20220804,40664,13635,NORTHEAST OHIO NATURAL GAS CORP,Natural Gas,INTRASTATE,OHIO,0.223,0.268,0,0,0.491,0,0,0,0,0,0,0,0,0,0,0,0,0,0,0,0,0,0,0,0,0,0,0,0,0,0,0,0,0,0,0,0,0,0,0,0,0,0,0,0,0,0,0,0,0,0.223,0.268,0,0,0.491,0,0,0,0,0,0,0.223,0.268,0,0,0.491
9/1/2026,2021,20220893,40754,13660,NORTH SHORE GAS CO,Natural Gas,INTRASTATE,ILLINOIS,0.001,0,1.32,0,1.321,0.003,0.01,11.98,0,11.993,0.002,2.69,14.27,0,16.962,0,0.06,16.25,0,16.31,0,0,0,0,0,0,0,0,0,0,0,0,0,0,0,0,0,0,0,0,0,0,1.05,0,1.05,0,0,0,0,0,0.006,2.76,44.87,0,47.636,0,0,0,0,0,0,0.006,2.76,44.87,0,47.636
9/1/2026,2021,20220893,40754,13660,NORTH SHORE GAS CO,Natural Gas,INTRASTATE,WISCONSIN,0,0,0,0,0,0.14,0.12,0.94,0,1.2,0,0,0.01,0,0.01,1.84,0.42,6.95,0,9.21,0,0,0,0,0,0,0,0,0,0,0,0,0,0,0,0,0,0,0,0,0,0,0,0,0,0,0,0,0,0,1.98,0.54,7.9,0,10.42,0,0,0,0,0,0,1.98,0.54,7.9,0,10.42
9/1/2026,2021,20221161,46727,13710,NORTHERN ILLINOIS GAS CO,Natural Gas,INTRASTATE,ILLINOIS,7.38,0.02,9.68,0,17.08,119.78,14.62,77.82,0,212.22,156.23,18.27,49.31,0,223.81,207.09,29.86,156.61,1.17,394.73,119.32,9.39,10.29,0,139,169.96,0,0.26,0,170.22,0.18,0,0.05,0,0.23,0.1,0,0,0,0.1,2.13,0,1.08,0,3.21,3.62,0,0.16,0,3.78,785.79,72.16,305.26,1.17,1164.38,0,0,0,0,0,0,785.79,72.16,305.26,1.17,1164.38
9/1/2026,2021,20220968,41075,13730,NORTHERN INDIANA PUBLIC SERVICE CO,Natural Gas,INTRASTATE,INDIANA,33.74,3.3,2,0,39.04,142.72,31.35,57.54,0,231.61,96.72,19.46,43.83,0,160.01,214.92,32.5,11.98,0,259.4,0,0,0,0,0,0,0,0,0,0,0,0,0,0,0,0,0,0,0,0,0,0,0,0,0,0,0,0,0,0,488.1,86.61,115.35,0,690.06,0,0,0,0,0,0,488.1,86.61,115.35,0,690.06
9/1/2026,2021,20220861,40721,13750,NORTHERN NATURAL GAS CO,Natural Gas,INTERSTATE,ILLINOIS,0,0,0,0,0,0,0,0.02,0,0.02,0.35,0.8,0.21,0,1.36,0.45,0,0,0,0.45,10.95,0,0,0,10.95,9.24,0,0,0,9.24,0,0,0,0,0,0,0,0,0,0,0,0,0,0,0,0,0,0,0,0,20.99,0.8,0.23,0,22.02,0,0,0,0,0,0,20.99,0.8,0.23,0,22.02
9/1/2026,2021,20220861,40721,13750,NORTHERN NATURAL GAS CO,Natural Gas,INTERSTATE,IOWA,595.77,6.58,10.63,0,612.98,655.58,17,14.83,0,687.41,859.87,15.54,11.2,0,886.61,523.55,13.59,10.83,0,547.97,353.06,7.58,1.37,0,362.01,1159.86,7.76,0,0,1167.62,0.73,0,0,0,0.73,0.01,0,0,0,0.01,0,0,0,0,0,0,0,0.42,0,0.42,4148.43,68.05,49.28,0,4265.76,0,0,0,0,0,0,4148.43,68.05,49.28,0,4265.76
9/1/2026,2021,20220861,40721,13750,NORTHERN NATURAL GAS CO,Natural Gas,INTERSTATE,KANSAS,84.82,1.36,0,0,86.18,14.86,0,0,0,14.86,31.5,0,0,0,31.5,20.9,0,0,0,20.9,182.19,0.91,0,0,183.1,910.78,0,0,0,910.78,307.43,0,0,0,307.43,1.9,0,0,0,1.9,0,0,0,0,0,0,0,0,0,0,1554.38,2.27,0,0,1556.65,0,0,0,0,0,0,1554.38,2.27,0,0,1556.65
9/1/2026,2021,20220861,40721,13750,NORTHERN NATURAL GAS CO,Natural Gas,INTERSTATE,MICHIGAN,0.53,0.07,0.01,0,0.61,13,4.26,2.3,0,19.56,13.32,3.47,1.88,0,18.67,58.95,4.42,0.28,0,63.65,77.82,0.01,0,0,77.83,87.05,0.97,0,0,88.02,0,0,0,0,0,0,0,0,0,0,0,0,0,0,0,0,0,0,0,0,250.67,13.2,4.47,0,268.34,0,0,0,0,0,0,250.67,13.2,4.47,0,268.34
9/1/2026,2021,20220861,40721,13750,NORTHERN NATURAL GAS CO,Natural Gas,INTERSTATE,MINNESOTA,193.05,6.06,10.74,0,209.85,444.1,18,26.4,0,488.5,578.28,32.68,61.44,0,672.4,605.09,47.98,90.96,0,744.03,651.96,72.41,41.86,0,766.23,492.2,10.35,0,0,502.55,0,0,0,0,0,0,0,0,0,0,0,0,0,0,0,2.17,0,0,0,2.17,2966.85,187.48,231.4,0,3385.73,0,0,0,0,0,0,2966.85,187.48,231.4,0,3385.73
9/1/2026,2021,20220861,40721,13750,NORTHERN NATURAL GAS CO,Natural Gas,INTERSTATE,NEBRASKA,298.26,11,18.4,0,327.66,201.08,4.04,10.81,0,215.93,57.37,2.3,3.45,0,63.12,114.36,4.3,20.49,0,139.15,195.77,4.59,2.36,0,202.72,355.98,1.16,0.39,0,357.53,108.58,0.01,0,0,108.59,0,0.04,0,0,0.04,0,0,0,0,0,0,0,0,0,0,1331.4,27.44,55.9,0,1414.74,0,0,0,0,0,0,1331.4,27.44,55.9,0,1414.74
9/1/2026,2021,20220861,40721,13750,NORTHERN NATURAL GAS CO,Natural Gas,INTERSTATE,NEW MEXICO,0,0,0,0,0,10.92,0,0,0,10.92,7.23,0.07,0,0,7.3,2.84,0.01,0.04,0,2.89,45.36,1.32,3.05,0,49.73,3.06,0,0,0,3.06,2.46,0,0,0,2.46,0,0,0,0,0,0,0,0,0,0,0,0,0,0,0,71.87,1.4,3.09,0,76.36,0,0,0,0,0,0,71.87,1.4,3.09,0,76.36
9/1/2026,2021,20220861,40721,13750,NORTHERN NATURAL GAS CO,Natural Gas,INTERSTATE,OKLAHOMA,0,0,0,0,0,1.02,0,0,0,1.02,0.62,0,0,0,0.62,1.61,0,0,0,1.61,6.1,0,0,0,6.1,175.39,0.5,0,0,175.89,47.34,0,0,0,47.34,0,0,0,0,0,0,0,0,0,0,0,0,0,0,0,232.08,0.5,0,0,232.58,0,0,0,0,0,0,232.08,0.5,0,0,232.58
9/1/2026,2021,20220861,40721,13750,NORTHERN NATURAL GAS CO,Natural Gas,INTERSTATE,SOUTH DAKOTA,206.08,4.4,4.02,0,214.5,125.82,4.3,8.73,0,138.85,189.23,0.76,5.53,0,195.52,221.63,0.54,0.09,0,222.26,15.83,0,6.61,0,22.44,0,0,0,0,0,0,0,0,0,0,0,0,0,0,0,0,0,0,0,0,0,0,0,0,0,758.59,10,24.98,0,793.57,0,0,0,0,0,0,758.59,10,24.98,0,793.57
9/1/2026,2021,20220861,40721,13750,NORTHERN NATURAL GAS CO,Natural Gas,INTERSTATE,TEXAS,0.87,0,0,0,0.87,1.19,0,0,0,1.19,14.68,2.27,0,0,16.95,135.27,2.28,0,0,137.55,113.85,0.02,0,0,113.87,578.07,1.5,0,0,579.57,80.63,0,0,0,80.63,0.01,0,0,0,0.01,0,0,0,0,0,0,0,0,0,0,924.57,6.07,0,0,930.64,0,0,0,0,0,0,924.57,6.07,0,0,930.64
9/1/2026,2021,20220861,40721,13750,NORTHERN NATURAL GAS CO,Natural Gas,INTERSTATE,WISCONSIN,7.93,0.24,1.36,0,9.53,142.07,10.25,3.5,0,155.82,323.23,18.22,10.46,0,351.91,240.24,16.14,4.99,0,261.37,332.46,8.77,5.78,0,347.01,202.95,4.79,0,0,207.74,7.42,0,0,0,7.42,0,0,0,0,0,0,0,0,0,0,0,0,0,0,0,1256.3,58.41,26.09,0,1340.8,0,0,0,0,0,0,1256.3,58.41,26.09,0,1340.8
9/1/2026,2021,20220908,40770,13769,NORTHERN BORDER PIPELINE COMPANY,Natural Gas,INTERSTATE,ILLINOIS,0,0,0,0,0,0,0,0,0,0,1.86,0,0,0,1.86,20.281,6.931,15.341,0,42.553,37.146,1.388,2.566,0,41.1,107.916,0,0,0,107.916,0,0,0,0,0,0,0,0,0,0,0,0,0,0,0,0,0,0,0,0,167.203,8.319,17.907,0,193.429,0,0,0,0,0,0,167.203,8.319,17.907,0,193.429
9/1/2026,2021,20220908,40770,13769,NORTHERN BORDER PIPELINE COMPANY,Natural Gas,INTERSTATE,INDIANA,0,0,0,0,0,0,0,0,0,0,0,0,0,0,0,0.019,0,0,0,0.019,0,0,0,0,0,0,0,0,0,0,0,0,0,0,0,0,0,0,0,0,0,0,0,0,0,0,0,0,0,0,0.019,0,0,0,0.019,0,0,0,0,0,0,0.019,0,0,0,0.019
9/1/2026,2021,20220908,40770,13769,NORTHERN BORDER PIPELINE COMPANY,Natural Gas,INTERSTATE,IOWA,0,0,0,0,0,0,0,0,0,0,0.096,0,0,0,0.096,5.472,0.668,1.034,0,7.174,17.613,0.775,0,0,18.388,413.898,0,0,0,413.898,0,0,0,0,0,0,0,0,0,0,0,0,0,0,0,0,0,0,0,0,437.079,1.443,1.034,0,439.556,0,0,0,0,0,0,437.079,1.443,1.034,0,439.556
9/1/2026,2021,20220908,40770,13769,NORTHERN BORDER PIPELINE COMPANY,Natural Gas,INTERSTATE,MINNESOTA,0,0,0,0,0,0,0,0,0,0,0,0,0,0,0,0.496,0,0,0,0.496,6.671,0,0,0,6.671,123.87,0,0,0,123.87,0,0,0,0,0,0,0,0,0,0,0,0,0,0,0,0,0,0,0,0,131.037,0,0,0,131.037,0,0,0,0,0,0,131.037,0,0,0,131.037
9/1/2026,2021,20220908,40770,13769,NORTHERN BORDER PIPELINE COMPANY,Natural Gas,INTERSTATE,MONTANA,0,0,0,0,0,0,0,0,0,0,0,0,0,0,0,1.339,0,0,0,1.339,2.508,0,0,0,2.508,177.119,0,0,0,177.119,0,0,0,0,0,0,0,0,0,0,0,0,0,0,0,0,0,0,0,0,180.966,0,0,0,180.966,0,0,0,0,0,0,180.966,0,0,0,180.966
9/1/2026,2021,20220908,40770,13769,NORTHERN BORDER PIPELINE COMPANY,Natural Gas,INTERSTATE,NORTH DAKOTA,0,0,0,0,0,0,0,0,0,0,2.167,0,0,0,2.167,4.745,0,0,0,4.745,11.076,0.086,0,0,11.162,265.364,0.596,0,0,265.96,0,0,0,0,0,0,0,0,0,0,0,0,0,0,0,0,0,0,0,0,283.352,0.682,0,0,284.034,0,0,0,0,0,0,283.352,0.682,0,0,284.034
9/1/2026,2021,20220908,40770,13769,NORTHERN BORDER PIPELINE COMPANY,Natural Gas,INTERSTATE,SOUTH DAKOTA,0,0,0,0,0,0,0,0,0,0,0,0,0,0,0,0.66,0,0,0,0.66,6.855,0,0,0,6.855,174.973,0,0,0,174.973,0,0,0,0,0,0,0,0,0,0,0,0,0,0,0,0,0,0,0,0,182.488,0,0,0,182.488,0,0,0,0,0,0,182.488,0,0,0,182.488
9/1/2026,2021,20220891,40752,13783,NORTHERN STATES POWER CO OF WISCONSIN,Natural Gas,INTRASTATE,WISCONSIN,2.8,0,0,0,2.8,0,0,0,0,0,0,0,0,0,0,0,0,0,0,0,0,0,0,0,0,0,0,0,0,0,0,0,0,0,0,0,0,0,0,0,0,0,0,0,0,0,0,0,0,0,2.8,0,0,0,2.8,0,0,0,0,0,0,2.8,0,0,0,2.8
9/1/2026,2021,20220460,40306,13840,NORTHWEST NATURAL GAS CO,Natural Gas,INTRASTATE,OREGON,0,0,0,0,0,53.6,24.1,124.8,1.6,204.1,105.9,30.1,90.4,2.3,228.7,74.4,56.3,18.5,0,149.2,56.1,12,0,0,68.1,5.1,0,0,0,5.1,0,0,0,0,0,0,0,0,0,0,0,0,0,0,0,0,0,0,0,0,295.1,122.5,233.7,3.9,655.2,0,0,0,0,0,0,295.1,122.5,233.7,3.9,655.2
9/1/2026,2021,20220460,40306,13840,NORTHWEST NATURAL GAS CO,Natural Gas,INTRASTATE,WASHINGTON,0,0,0.2,0,0.2,0,0,3.4,0,3.4,0,0,0,0,0,0,0,0,0,0,0,0,0,0,0,0,0,0,0,0,0,0,0,0,0,0,0,0,0,0,0,0,0,0,0,0,0,0,0,0,0,0,3.6,0,3.6,0,0,0,0,0,0,0,0,3.6,0,3.6
9/1/2026,2021,20221268,41147,13845,NORTHWEST PIPELINE LLC,Natural Gas,INTERSTATE,COLORADO,35.369,0,0,0,35.369,0.958,0,0,0,0.958,3.29,0.271,0.057,0,3.618,56.992,1.522,0,0,58.514,13.159,0.329,0,0,13.488,177.588,5.75,0,0,183.338,0,0,0,0,0,0,0,0,0,0,0.004,0,0,0,0.004,0,0,0,0,0,287.36,7.872,0.057,0,295.289,0,0,0,0,0,0,287.36,7.872,0.057,0,295.289
9/1/2026,2021,20221268,41147,13845,NORTHWEST PIPELINE LLC,Natural Gas,INTERSTATE,IDAHO,0.62,0.11,0.008,0,0.738,5.225,0.303,1.581,0,7.109,29.848,7.096,17.122,0,54.066,56.708,8.972,15.782,0,81.462,64.311,11.558,7.125,0,82.994,712.042,28.326,0.766,0,741.134,0,0,0,0,0,0,0,0,0,0,0.006,0,0,0,0.006,0,0,0,0,0,868.76,56.365,42.384,0,967.509,0,0,0,0,0,0,868.76,56.365,42.384,0,967.509
9/1/2026,2021,20221268,41147,13845,NORTHWEST PIPELINE LLC,Natural Gas,INTERSTATE,OREGON,1.42,0.322,0.217,0,1.959,9.364,0.629,1.518,0,11.511,29.367,2.528,6.241,0,38.136,205.97,21.747,56.45,0,284.167,66.244,8.279,6.662,0,81.185,331.177,1.56,0,0,332.737,0,0,0,0,0,0,0,0,0,0,0.001,0,0,0,0.001,0,0,0,0,0,643.543,35.065,71.088,0,749.696,0,0,0,0,0,0,643.543,35.065,71.088,0,749.696
9/1/2026,2021,20221268,41147,13845,NORTHWEST PIPELINE LLC,Natural Gas,INTERSTATE,UTAH,0,0,0,0,0,0.023,0,0,0,0.023,1.344,0.167,0.3,0,1.811,23.725,0.405,3.826,0,27.956,6.092,0.526,0.118,0,6.736,187.616,0.236,0,0,187.852,0,0,0,0,0,0,0,0,0,0,0,0,0,0,0,0,0,0,0,0,218.8,1.334,4.244,0,224.378,0,0,0,0,0,0,218.8,1.334,4.244,0,224.378
9/1/2026,2021,20221268,41147,13845,NORTHWEST PIPELINE LLC,Natural Gas,INTERSTATE,WASHINGTON,8.202,3.578,8.635,0,20.415,27.258,15.352,7.4,0,50.01,37.665,5.997,14.432,0,58.094,417.518,95.619,143.516,0,656.653,164.482,97.701,14.054,0,276.237,229.889,12.642,0.652,0,243.183,0,0,0,0,0,0,0,0,0,0,0.069,0.159,0,0,0.228,0,0,0,0,0,885.083,231.048,188.689,0,1304.82,0,0,0,0,0,0,885.083,231.048,188.689,0,1304.82
9/1/2026,2021,20221268,41147,13845,NORTHWEST PIPELINE LLC,Natural Gas,INTERSTATE,WYOMING,0,0,0,0,0,0.736,0,0,0,0.736,4.12,0,0,0,4.12,23.961,0,0,0,23.961,78.321,0,0,0,78.321,198.416,0,0,0,198.416,0,0,0,0,0,0,0,0,0,0,1.868,0,0,0,1.868,0,0,0,0,0,307.422,0,0,0,307.422,0,0,0,0,0,0,307.422,0,0,0,307.422
9/1/2026,2021,20220304,41325,14180,OHIO VALLEY GAS CORP,Natural Gas,INTRASTATE,INDIANA,0,0,0,0,0,8.033,9.39,0.19,0,17.613,0,0,0,0,0,0,0,0,0,0,0,0,0,0,0,0,0,0,0,0,0,0,0,0,0,0,0,0,0,0,0,0,0,0,0,0,0,0,0,0,8.033,9.39,0.19,0,17.613,0,0,0,0,0,0,8.033,9.39,0.19,0,17.613
9/1/2026,2021,20220377,40219,14200,OKALOOSA COUNTY GAS DISTRICT,Natural Gas,INTRASTATE,FLORIDA,0,1,0,0,1,21,4,39,0,64,9,21,8,0,38,4,7,18,0,29,0,0,0,0,0,0,0,0,0,0,0,0,0,0,0,0,0,0,0,0,0,0,0,0,0,0,0,0,0,0,34,33,65,0,132,0,0,0,0,0,0,34,33,65,0,132
9/1/2026,2021,20220426,44963,14210,"OKLAHOMA NATURAL GAS COMPANY, A DIVISION OF ONE GAS, INC.",Natural Gas,INTRASTATE,OKLAHOMA,75.04,18.05,50.38,0,143.47,196.78,31.5,56.73,0,285.01,73.48,21.12,33.7,0,128.3,31.58,8.12,13.48,0,53.18,1.29,1.9,1.63,0,4.82,0,0,0,0,0,0,0,0,0,0,0,0,0,0,0,0,0,0,0,0,0,0,0,0,0,378.17,80.69,155.92,0,614.78,0,0,0,0,0,0,378.17,80.69,155.92,0,614.78
9/1/2026,2021,20220302,40141,14225,RINGWOOD GATHERING CO,Natural Gas,INTRASTATE,OKLAHOMA,0,0,0,0,0,7.5,0,0,0,7.5,0,0,0,0,0,0,0,0,0,0,0,0,0,0,0,0,0,0,0,0,0,0,0,0,0,0,0,0,0,0,0,0,0,0,0,0,0,0,0,0,7.5,0,0,0,7.5,0,0,0,0,0,0,7.5,0,0,0,7.5
9/1/2026,2021,20220888,40748,14330,ORANGE & ROCKLAND UTILITY INC,Natural Gas,INTRASTATE,NEW YORK,0,0,0,0,0,0,0,1.143,0,1.143,0,0,0.065,0,0.065,0,0,0,0,0,0,0,0,0,0,0,0,0,0,0,0,0,0,0,0,0,0,0,0,0,0,0,0,0,0,0,0,0,0,0,0,0,1.208,0,1.208,0,0,0,0,0,0,0,0,1.208,0,1.208
9/1/2026,2021,20221288,41170,14356,"ORBIT GAS TRANSMISSION, INC.",Natural Gas,INTRASTATE,INDIANA,0.04,0,0,0,0.04,0,0,0,0,0,0,0,0,0,0,0,0,0,0,0,0,0,0,0,0,0,0,0,0,0,0,0,0,0,0,0,0,0,0,0,0,0,0,0,0,0,0,0,0,0,0.04,0,0,0,0.04,0,0,0,0,0,0,0.04,0,0,0,0.04
9/1/2026,2021,20221288,41170,14356,"ORBIT GAS TRANSMISSION, INC.",Natural Gas,INTRASTATE,KENTUCKY,0.9,0,0,0,0.9,7.1,0,0.3,0,7.4,0,0,0,0,0,0,0,0,0,0,0,0,0,0,0,0,0,0,0,0,0,0,0,0,0,0,0,0,0,0,3.8,0,0,0,3.8,6.4,0,0,0,6.4,18.2,0,0.3,0,18.5,0,0,0,0,0,0,18.2,0,0.3,0,18.5
9/1/2026,2021,20221142,43156,14435,"OZARK GAS TRANSMISSION, L.L.C",Natural Gas,INTERSTATE,ARKANSAS,0,0.29,0.31,0,0.6,0.01,0,0,0,0.01,4.27,1.97,0.206,0,6.446,11.89,4.16,3.08,0,19.13,204.59,19.84,0,0,224.43,31.54,5.53,0.13,0,37.2,0,0,0,0,0,0,0,0,0,0,0,0,0,0,0,0,0,0,0,0,252.3,31.79,3.726,0,287.816,0,0,0,0,0,0,252.3,31.79,3.726,0,287.816
9/1/2026,2021,20221142,43156,14435,"OZARK GAS TRANSMISSION, L.L.C",Natural Gas,INTERSTATE,MISSOURI,0,0,0,0,0,0,0,0.01,0,0.01,0.79,0.11,0.12,0,1.02,0,0,0,0,0,0,0,0,0,0,5.352,1.13,0.724,0,7.206,0,0,0,0,0,0,0,0,0,0,0,0,0,0,0,0,0,0,0,0,6.142,1.24,0.854,0,8.236,0,0,0,0,0,0,6.142,1.24,0.854,0,8.236
9/1/2026,2021,20221142,43156,14435,"OZARK GAS TRANSMISSION, L.L.C",Natural Gas,INTERSTATE,OKLAHOMA,0,0,0,0,0,0,0,0,0,0,0.07,0.02,0,0,0.09,0.59,0.22,0,0,0.81,1.25,0.03,0,0,1.28,62.33,4.55,0,0,66.88,0,0,0,0,0,0,0,0,0,0,0,0,0,0,0,0,0,0,0,0,64.24,4.82,0,0,69.06,0,0,0,0,0,0,64.24,4.82,0,0,69.06
9/1/2026,2021,20220348,40190,15007,PACIFIC GAS & ELECTRIC CO,Natural Gas,INTRASTATE,CALIFORNIA,399.5,127.9,1033.5,4.2,1565.1,402.7,134.2,639.5,1.8,1178.2,315.7,80.1,277,0.6,673.4,539.3,77.7,230.4,0,847.4,543.6,56.6,65.8,0,666,1438.4,31.5,0.1,0,1470,1.5,0.9,0.2,0,2.6,0,0,0,0,0,0.9,0,0.1,0,1,3.4,1.1,2.5,0,7,3645,510,2249.1,6.6,6410.7,0,0,0,0,0,0,3645,510,2249.1,6.6,6410.7
9/1/2026,2021,20220911,40773,15014,GAS TRANSMISSION NORTHWEST LLC,Natural Gas,INTERSTATE,IDAHO,0,0,0,0,0,0,0,0,0,0,0.058,0.028,0.016,0,0.102,3.219,5.626,10.505,0,19.35,26.991,23.259,4.345,0,54.595,92.753,65.382,0.004,0,158.139,0,0,0,0,0,0,0,0,0,0,0,0,0,0,0,0,0,0,0,0,123.021,94.295,14.87,0,232.186,0,0,0,0,0,0,123.021,94.295,14.87,0,232.186
9/1/2026,2021,20220911,40773,15014,GAS TRANSMISSION NORTHWEST LLC,Natural Gas,INTERSTATE,OREGON,0,0,0.002,0,0.002,0.049,0,0.002,0,0.051,6.282,0.513,0.621,0,7.416,24.147,7.95,5.179,0,37.276,34.759,4.223,2.581,0,41.563,746.528,4.049,0.113,0,750.69,0,0,0,0,0,0,0,0,0,0,0,0,0,0,0,0,0,0,0,0,811.765,16.735,8.498,0,836.998,0,0,0,0,0,0,811.765,16.735,8.498,0,836.998
9/1/2026,2021,20220911,40773,15014,GAS TRANSMISSION NORTHWEST LLC,Natural Gas,INTERSTATE,WASHINGTON,0,0,0,0,0,0,0,0,0,0,0.27,0.019,0,0,0.289,3.202,0.257,4.286,0,7.745,17.059,5.453,6.413,0,28.925,265.274,6.33,0.11,0,271.714,0,0,0,0,0,0,0,0,0,0,0,0,0,0,0,0,0,0,0,0,285.805,12.059,10.809,0,308.673,0,0,0,0,0,0,285.805,12.059,10.809,0,308.673
9/1/2026,2021,20220979,40845,15033,GREAT BASIN GAS TRANSMISSION COMPANY,Natural Gas,INTERSTATE,NEVADA,39.345,9.646,24.771,0.582,74.344,223.297,24.967,37.877,0,286.141,110.835,29.192,43.021,0,183.048,51.216,1.389,1.88,0,54.485,16.432,0,0,0,16.432,283.139,0,0,0,283.139,0,0,0,0,0,0,0,0,0,0,0.128,0,0.011,0,0.139,0,0,0,0,0,724.392,65.194,107.56,0.582,897.728,0,0,0,0,0,0,724.392,65.194,107.56,0.582,897.728
9/1/2026,2021,20220562,40409,15105,PANHANDLE EASTERN PIPELINE CO,Natural Gas,INTERSTATE,ILLINOIS,48.56,6.07,6.31,0,60.94,51.69,4.65,8.31,0,64.65,147.92,9.84,15.32,0,173.08,193.95,9.47,27.05,0,230.47,98.51,3.29,7.2,0,109,243.32,12.29,0.28,0,255.89,309.46,0,0,0,309.46,41.02,0,0,0,41.02,4.06,0,0,0,4.06,0,0,0,0,0,1138.49,45.61,64.47,0,1248.57,0,0,0,0,0,0,1138.49,45.61,64.47,0,1248.57
9/1/2026,2021,20220562,40409,15105,PANHANDLE EASTERN PIPELINE CO,Natural Gas,INTERSTATE,INDIANA,1,1.22,0.07,0,2.29,5.03,0.5,2.85,0,8.38,24.05,2.8,4.79,0,31.64,50.61,10.14,42.44,0,103.19,93.51,12.93,47.6,0,154.04,266.31,18.42,3.49,0,288.22,184.72,2.79,0,0,187.51,41.96,0.88,0,0,42.84,0,0,0,0,0,0,0,0,0,0,667.19,49.68,101.24,0,818.11,0,0,0,0,0,0,667.19,49.68,101.24,0,818.11
9/1/2026,2021,20220562,40409,15105,PANHANDLE EASTERN PIPELINE CO,Natural Gas,INTERSTATE,KANSAS,35.98,5.84,3.92,0,45.74,14.68,1.28,2.27,0,18.23,44.82,4.65,3.99,0,53.46,174.54,2.63,0.69,0,177.86,84.16,1.78,0.18,0,86.12,795.71,7.65,0,0,803.36,567.44,2.36,0,0,569.8,17.2,0,0,0,17.2,15.41,0.02,0,0,15.43,4.78,0.58,0.27,0,5.63,1754.72,26.79,11.32,0,1792.83,0,0,0,0,0,0,1754.72,26.79,11.32,0,1792.83
9/1/2026,2021,20220562,40409,15105,PANHANDLE EASTERN PIPELINE CO,Natural Gas,INTERSTATE,MICHIGAN,4.33,1.89,0.97,0,7.19,9.08,5.98,7.92,0,22.98,3.54,3.28,9.09,0,15.91,31.81,25.83,19.05,0,76.69,54.4,26.04,18.05,0,98.49,103.4,54.06,1.63,0,159.09,13.45,0,0,0,13.45,0.01,0,0,0,0.01,0.18,0,0.09,0,0.27,0,0,0,0,0,220.2,117.08,56.8,0,394.08,0,0,0,0,0,0,220.2,117.08,56.8,0,394.08
9/1/2026,2021,20220562,40409,15105,PANHANDLE EASTERN PIPELINE CO,Natural Gas,INTERSTATE,MISSOURI,60.05,13.27,12.11,0,85.43,44.94,13.7,8.41,0,67.05,53.97,9.56,6.23,0,69.76,172.03,17.62,9.8,0,199.45,127.36,14.29,6.28,0,147.93,255.29,29.96,1.85,0,287.1,300.2,2.01,0,0,302.21,6.81,0.01,0,0,6.82,1.94,0.06,0,0,2,0,0,0,0,0,1022.59,100.48,44.68,0,1167.75,0,0,0,0,0,0,1022.59,100.48,44.68,0,1167.75
9/1/2026,2021,20220562,40409,15105,PANHANDLE EASTERN PIPELINE CO,Natural Gas,INTERSTATE,OHIO,1.41,0.48,2.23,0,4.12,14.29,0.13,0.05,0,14.47,1.81,2.24,4.66,0,8.71,29.18,13.18,13.13,0,55.49,55.46,5.42,8.7,0,69.58,104.55,6,0,0,110.55,79.95,0,0,0,79.95,0,0,0,0,0,0,0,0,0,0,0,0,0,0,0,286.65,27.45,28.77,0,342.87,0,0,0,0,0,0,286.65,27.45,28.77,0,342.87
9/1/2026,2021,20220562,40409,15105,PANHANDLE EASTERN PIPELINE CO,Natural Gas,INTERSTATE,OKLAHOMA,1.84,0,0,0,1.84,7.25,0,0.32,0,7.57,0.69,0.5,0.47,0,1.66,16.08,0.11,0.55,0,16.74,43.53,0.57,0.81,0,44.91,265.5,0.45,0,0,265.95,85.36,0.26,0,0,85.62,0.03,0,0,0,0.03,0.11,0,0,0,0.11,8.8,0,0,0,8.8,429.19,1.89,2.15,0,433.23,0,0,0,0,0,0,429.19,1.89,2.15,0,433.23
9/1/2026,2021,20220562,40409,15105,PANHANDLE EASTERN PIPELINE CO,Natural Gas,INTERSTATE,TEXAS,2.34,0.12,0.02,0,2.48,0.43,0,0,0,0.43,8.9,0.27,0.08,0,9.25,5.33,0,0,0,5.33,48.4,0,0,0,48.4,76.61,0,0,0,76.61,1.53,0,0,0,1.53,0.01,0,0,0,0.01,0,0,0,0,0,0,0,0,0,0,143.55,0.39,0.1,0,144.04,0,0,0,0,0,0,143.55,0.39,0.1,0,144.04
9/1/2026,2021,20220598,40447,15156,SINCLAIR TRANSPORTATION COMPANY,Natural Gas,INTRASTATE,WYOMING,0,0,0,0,0,0,0,0,0,0,0,0,0,0,0,6.67,0,0,0,6.67,0,0,0,0,0,0,0,0,0,0,0,0,0,0,0,0,0,0,0,0,0,0,0,0,0,0,0,0,0,0,6.67,0,0,0,6.67,0,0,0,0,0,0,6.67,0,0,0,6.67
9/1/2026,2021,20220722,40578,15208,PELICAN RESERVE PIPELINE CO,Natural Gas,INTRASTATE,TEXAS,0.49,1.31,0,0,1.8,0,0,0,0,0,0,0,0,0,0,0,0,0,0,0,0,0,0,0,0,0,0,0,0,0,0,0,0,0,0,0,0,0,0,0,0,0,0,0,0,0,0,0,0,0,0.49,1.31,0,0,1.8,0,0,0,0,0,0,0.49,1.31,0,0,1.8
9/1/2026,2021,20220858,41015,15329,PEOPLES GAS LIGHT & COKE CO,Natural Gas,INTRASTATE,ILLINOIS,0.27,0.09,0.97,0,1.33,0.03,0.46,5.7,0,6.19,0.14,0.07,9.45,0,9.66,4.41,3.62,70.39,0,78.42,3.82,0.62,2.47,0,6.91,154.78,0,0,0,154.78,0,0,0,0,0,0,0,0,0,0,53.73,18.56,3.67,0,75.96,0,0,0,0,0,217.18,23.42,92.65,0,333.25,0,0,0,0,0,0,217.18,23.42,92.65,0,333.25
9/1/2026,2021,20220663,40517,15348,PEOPLES GAS SYSTEM INC,Natural Gas,INTRASTATE,FLORIDA,0,0,0,0,0,0,0.05,5.01,0,5.06,6.26,3.04,33.95,0,43.25,47.66,29.4,49.11,0,126.17,11.14,4.52,10.88,0,26.54,0,0,0,0,0,0,0,0,0,0,0,0,0,0,0,1.24,2.25,0.36,0,3.85,0,0,0,0,0,66.3,39.26,99.31,0,204.87,0,0,0,0,0,0,66.3,39.26,99.31,0,204.87
9/1/2026,2021,20221127,40998,15350,PEOPLES NATURAL GAS COMPANY LLC,Natural Gas,INTRASTATE,PENNSYLVANIA,8.162,10.526,16.339,1.131,36.158,35.86,11.849,41.888,2.077,91.674,11.046,3.931,6.833,0.325,22.135,0.222,0.002,2.093,0,2.317,0,0,0.002,0,0.002,0,0,0,0,0,0,0,0,0,0,0,0,0,0,0,0,0,0,0,0,0,0,0,0,0,55.29,26.308,67.155,3.533,152.286,0,0,0,0,0,0,55.29,26.308,67.155,3.533,152.286
9/1/2026,2021,20221029,41268,15359,BLACK HILLS ENERGY,Natural Gas,INTRASTATE,ARKANSAS,62.34,64.58,89.43,0,216.35,70.48,49.84,48.75,0,169.07,79.26,49.29,40.96,0,169.51,55.15,25.24,17.75,0,98.14,50.86,9.5,2.94,0,63.3,9.4,6.6,3.17,0,19.17,11.34,3.69,6.1,0,21.13,45.58,18.58,3.46,0,67.62,22.51,9.16,20.65,0,52.32,0,0,0,0,0,406.92,236.48,233.21,0,876.61,0,0,0,0,0,0,406.92,236.48,233.21,0,876.61
9/1/2026,2021,20221029,41268,15359,BLACK HILLS ENERGY,Natural Gas,INTRASTATE,COLORADO,1.89,1.63,3.96,0,7.48,20.34,0.13,0.55,0,21.02,6.02,1.79,7.12,0,14.93,11.91,0.83,1.68,0,14.42,1.74,2.23,2.13,0,6.1,0,0,0,0,0,3.59,8.58,6.97,0,19.14,37.11,0.97,0,0,38.08,42.24,2.99,2.44,0,47.67,0,0,0,0,0,124.84,19.15,24.85,0,168.84,0,0,0,0,0,0,124.84,19.15,24.85,0,168.84
9/1/2026,2021,20221029,41268,15359,BLACK HILLS ENERGY,Natural Gas,INTRASTATE,IOWA,29.24,1,0,0,30.24,37.63,2.23,0.98,0,40.84,21.33,1.75,0.64,0,23.72,8.98,0,0,0,8.98,5.08,1.7,0,0,6.78,0,0,0,0,0,0.02,0.02,0.01,0,0.05,0,0,0,0,0,12.81,0,0.69,0,13.5,41.59,5.07,2.04,0,48.7,156.68,11.77,4.36,0,172.81,0,0,0,0,0,0,156.68,11.77,4.36,0,172.81
9/1/2026,2021,20221029,41268,15359,BLACK HILLS ENERGY,Natural Gas,INTRASTATE,KANSAS,188.95,14,11.9,0,214.85,37.13,8,1.38,0,46.51,12.06,1.45,1.53,0,15.04,19.48,1.38,0,0,20.86,12.24,0,0,0,12.24,0,0,0,0,0,0,0,0,0,0,1.56,0,0,0,1.56,20.2,0.07,0.05,0,20.32,0,0,0,0,0,291.62,24.9,14.86,0,331.38,0,0,0,0,0,0,291.62,24.9,14.86,0,331.38
9/1/2026,2021,20221029,41268,15359,BLACK HILLS ENERGY,Natural Gas,INTRASTATE,NEBRASKA,141.7,20.37,5.11,0,167.18,279.18,27.54,6.34,0,313.06,316.7,31.08,10.53,0,358.31,89.39,4.54,0.07,0,94,180.51,12.64,0.61,0,193.76,35.53,0,4.56,0,40.09,1.26,0.09,0.24,0,1.59,12.38,0,0.74,0,13.12,116.4,16.73,3.09,0,136.22,0,0,0,0,0,1173.05,112.99,31.29,0,1317.33,0,0,0,0,0,0,1173.05,112.99,31.29,0,1317.33
9/1/2026,2021,20221029,41268,15359,BLACK HILLS ENERGY,Natural Gas,INTRASTATE,WYOMING,18.97,4.51,0.1,0,23.58,122.33,3.95,4.01,0,130.29,199.54,4.31,4.59,0,208.44,302.86,12.08,3.02,0,317.96,185.15,3.55,2.11,0,190.81,202.08,9.68,0.68,0,212.44,0.04,0,0,0,0.04,0,0,0,0,0,150.05,11.4,5.64,0,167.09,0,0,0,0,0,1181.02,49.48,20.15,0,1250.65,0,0,0,0,0,0,1181.02,49.48,20.15,0,1250.65
9/1/2026,2021,20221244,41122,15454,PETROLEUM FUELS CO,Natural Gas,INTRASTATE,MISSISSIPPI,0,0,0,0,0,1.65,0,0,0,1.65,0,0,0,0,0,0,0,0,0,0,0,0,0,0,0,0,0,0,0,0,0,0,0,0,0,0,0,0,0,0,0,0,0,0,0,0,0,0,0,0,1.65,0,0,0,1.65,0,0,0,0,0,0,1.65,0,0,0,1.65
9/1/2026,2021,20221244,41122,15454,PETROLEUM FUELS CO,Natural Gas,INTRASTATE,NEW MEXICO,0,0,0,0,0,0,0,0,0,0,9.19,3,0,0,12.19,0,0,0,0,0,0,0,0,0,0,0,0,0,0,0,0,0,0,0,0,0,0,0,0,0,0,0,0,0,0,0,0,0,0,0,9.19,3,0,0,12.19,0,0,0,0,0,0,9.19,3,0,0,12.19
9/1/2026,2021,20221244,41122,15454,PETROLEUM FUELS CO,Natural Gas,INTRASTATE,TEXAS,0,0,0,0,0,78.35,4.23,8.39,0,90.97,0,0,0,0,0,0,0,0,0,0,0,0,0,0,0,0,0,0,0,0,0,0,0,0,0,0,0,0,0,0,0,0,0,0,0,0,0,0,0,0,78.35,4.23,8.39,0,90.97,0,0,0,0,0,0,78.35,4.23,8.39,0,90.97
9/1/2026,2021,20220448,40294,15462,PECO ENERGY CO,Natural Gas,INTRASTATE,PENNSYLVANIA,0,0,3.7,0,3.7,0,0,3.6,0,3.6,0,0,1.3,0,1.3,0,0,0,0,0,0,0,0,0,0,0,0,0,0,0,0,0,0,0,0,0,0,0,0,0,0,0,0,0,0,0,0,0,0,0,0,0,8.6,0,8.6,0,0,0,0,0,0,0,0,8.6,0,8.6
9/1/2026,2021,20221291,41173,15469,PHILADELPHIA GAS WORKS,Natural Gas,INTRASTATE,PENNSYLVANIA,0,0,0,0,0,0,0,0,0,0,0,0,0.037,0,0.037,0,0,2.063,0,2.063,0,0,0,0,0,0,0,0,0,0,0,0,0,0,0,0,0,0,0,0,0,0,0,0,0,0,0,0,0,0,0,0,2.1,0,2.1,0,0,0,0,0,0,0,0,2.1,0,2.1
9/1/2026,2021,20221120,40990,15476,PEOPLES GAS COMPANY LLC,Natural Gas,INTRASTATE,PENNSYLVANIA,4.645,5.12,0,0,9.765,0.008,0.288,0,0,0.296,0.011,0.001,0,0,0.012,0,0,0,0,0,0,0,0,0,0,0,0,0,0,0,0,0,0,0,0,0,0,0,0,0,0,0,0,0,0,0,0,0,0,0,4.664,5.409,0,0,10.073,0,0,0,0,0,0,4.664,5.409,0,0,10.073
9/1/2026,2021,20221157,41031,15485,PHILLIPS 66 COMPANY - SWEENY REFINERY,Hydrogen Gas,INTRASTATE,TEXAS,0,0,0,0,0,0,0,0,0,0,0,0,0,0,0,0,0,0,0,0,9.88,4.79,0.11,0,14.78,0,0,0,0,0,0,0,0,0,0,0,0,0,0,0,0,0,0,0,0,0,0,0,0,0,9.88,4.79,0.11,0,14.78,0,0,0,0,0,0,9.88,4.79,0.11,0,14.78
9/1/2026,2021,20221154,41026,15485,PHILLIPS 66 COMPANY - SWEENY REFINERY,Natural Gas,INTRASTATE,TEXAS,0,0,0,0,0,0,0,0,0,0,0,0,0,0,0,0,0,0,0,0,8.724,4.8,0.296,0,13.82,0,0,0,0,0,0,0,0,0,0,0,0,0,0,0,0,0,0,0,0,0,0,0,0,0,8.724,4.8,0.296,0,13.82,0,0,0,0,0,0,8.724,4.8,0.296,0,13.82
9/1/2026,2021,20220525,42998,15518,PIEDMONT NATURAL GAS CO INC,Natural Gas,INTRASTATE,NORTH CAROLINA,25.119,29.726,59.862,0,114.707,86.132,132.428,113.87,0,332.43,210.412,283.489,236.937,0,730.838,292.434,422.337,302.457,0,1017.228,65.862,59.097,24.501,0,149.46,0.37,0,0.014,0,0.384,0,0,0,0,0,0,0,0,0,0,22.563,66.214,115.236,0,204.013,0,0,0,0,0,702.892,993.291,852.877,0,2549.06,0,0,0,0,0,0,702.892,993.291,852.877,0,2549.06
9/1/2026,2021,20220525,42998,15518,PIEDMONT NATURAL GAS CO INC,Natural Gas,INTRASTATE,SOUTH CAROLINA,0,0.09,0.233,0,0.323,1.285,6.188,7.566,0,15.039,2.032,14.836,34.903,0,51.771,0.146,0.02,0,0,0.166,0,0,0,0,0,0,0,0,0,0,0,0,0,0,0,0,0,0,0,0,0.599,6.038,3.229,0,9.866,0,0,0,0,0,4.062,27.172,45.931,0,77.165,0,0,0,0,0,0,4.062,27.172,45.931,0,77.165
9/1/2026,2021,20220525,42998,15518,PIEDMONT NATURAL GAS CO INC,Natural Gas,INTRASTATE,TENNESSEE,0,0.011,0.619,0,0.63,0.324,1.213,4.018,0,5.555,1.204,2.727,12.122,0,16.053,2.731,9.207,27.022,0,38.96,0,0,0,0,0,0,0,0,0,0,0,0,0,0,0,0,0,0,0,0,0.001,0.073,0.463,0,0.537,0,0,0,0,0,4.26,13.231,44.244,0,61.735,0,0,0,0,0,0,4.26,13.231,44.244,0,61.735
9/1/2026,2021,20220845,40705,15589,PINE PIPELINE INC,Natural Gas,INTRASTATE,LOUISIANA,0.295,0.739,0.443,0,1.477,0,0.875,0,0,0.875,0,0,2.595,0,2.595,1.095,0.816,3.297,0,5.208,0,0,0,0,0,0,0,0,0,0,0,0,0,0,0,0,0,0,0,0,0,0,0,0,0,0,0,0,0,0,1.39,2.43,6.335,0,10.155,0,0,0,0,0,0,1.39,2.43,6.335,0,10.155
9/1/2026,2021,20220219,40055,15645,PLACID PIPELINE COMPANY LLC,Natural Gas,INTRASTATE,LOUISIANA,0,0,0,0,0,0,0,0,0,0,0,0,2,0,2,0,0,0,0,0,0,0,0,0,0,0,0,0,0,0,0,0,0,0,0,0,0,0,0,0,0,0,0,0,0,0,0,0,0,0,0,0,2,0,2,0,0,0,0,0,0,0,0,2,0,2
9/1/2026,2021,20220122,39954,15652,"PLAINS, CITY OF",Natural Gas,INTRASTATE,TEXAS,0,0,0,0,0,0,0,0,0,0,0,0,0,0,0,0,0,0,0,0,0,0,0,0,0,0,0,0,0,0,0,0,0,0,0,0,0,0,0,0,0,8,0,0,8,0,1,0,0,1,0,9,0,0,9,0,0,0,0,0,0,0,9,0,0,9
9/1/2026,2021,20220959,40823,15790,PONTCHARTRAIN NATURAL GAS SYSTEM,Natural Gas,INTRASTATE,LOUISIANA,0,0,0,0,0,0,0,0,0,0,0,0,0,0,0,0,0,0,0,0,1.799,0,0,0,1.799,0,0,0,0,0,0,0,0,0,0,0,0,0,0,0,0,0,0,0,0,0,0,0,0,0,1.799,0,0,0,1.799,0,0,0,0,0,0,1.799,0,0,0,1.799
9/1/2026,2021,20220462,40308,15825,EAGLE US 2 LLC,Natural Gas,INTRASTATE,LOUISIANA,0,0,0,0,0,0,0,0,0,0,0,0,0,0,0,0.41,0,0.29,0,0.7,0,0,0,0,0,0,0,0,0,0,0,0,0,0,0,0,0,0,0,0,0,0,0,0,0,0,0,0,0,0,0.41,0,0.29,0,0.7,0,0,0,0,0,0,0.41,0,0.29,0,0.7
9/1/2026,2021,20220376,40218,15825,EAGLE US 2 LLC,Other Gas-Chlorine,INTRASTATE,LOUISIANA,2.59,0,1.89,0,4.48,0,0,0,0,0,0,0,0,0,0,0,0,0,0,0,0,0,0,0,0,0,0,0,0,0,0,0,0,0,0,0,0,0,0,0,0,0,0,0,0,0,0,0,0,0,2.59,0,1.89,0,4.48,0,0,0,0,0,0,2.59,0,1.89,0,4.48
9/1/2026,2021,20220770,40628,15931,PUBLIC SERVICE CO OF COLORADO,Natural Gas,INTRASTATE,COLORADO,77.7,29.2,45.2,1.3,153.4,212.9,38.2,113.7,0.4,365.2,280.3,50.9,157.8,1.3,490.3,607.8,74.8,141.7,0.8,825.1,184.3,8,14.9,0,207.2,27.8,1.3,0,0,29.1,0,0,0,0,0,0,0,0,0,0,0,0,0,0,0,0,0,0,0,0,1390.8,202.4,473.3,3.8,2070.3,0,0,0,0,0,0,1390.8,202.4,473.3,3.8,2070.3
9/1/2026,2021,20221186,41060,15938,PUBLIC SERVICE CO OF NORTH CAROLINA,Natural Gas,INTRASTATE,NORTH CAROLINA,9.209,5.05,25.93,0,40.189,11.802,11.817,36.125,0,59.744,55.808,32.559,69.452,0,157.819,58.312,39.031,128.864,0,226.207,34.579,19.606,9.913,0,64.098,0.002,0,0.002,0,0.004,0,0,0,0,0,0,0,0,0,0,0,0,0,0,0,0,0,0,0,0,169.712,108.063,270.286,0,548.061,0,0,0,0,0,0,169.712,108.063,270.286,0,548.061
9/1/2026,2021,20220352,40194,15952,PUBLIC SERVICE ELECTRIC & GAS CO,Natural Gas,INTRASTATE,NEW JERSEY,0,0,0,0,0,1.7,0,8.7,0,10.4,4.3,0,38.9,0.5,43.7,0,0,0,0,0,0,0,0,0,0,0,0,0,0,0,0,0,0,0,0,0,0,0,0,0,0,0,0,0,0,0,0,0,0,0,6,0,47.6,0.5,54.1,0,0,0,0,0,0,6,0,47.6,0.5,54.1
9/1/2026,2021,20220296,40135,16667,ENERGY NORTH NATURAL GAS INC,Natural Gas,INTRASTATE,NEW HAMPSHIRE,0,0,0,0,0,0,0,2.8,0,2.8,0,0,0,0,0,0,0,0,0,0,0,0,0,0,0,0,0,0,0,0,0,0,0,0,0,0,0,0,0,0,0,0,0,0,0,0,0,0,0,0,0,0,2.8,0,2.8,0,0,0,0,0,0,0,0,2.8,0,2.8
9/1/2026,2021,20221296,41179,17090,RATON GAS TRANSMISSION CO,Natural Gas,INTERSTATE,COLORADO,13.71,0,0,0,13.71,0,0,0,0,0,0,0,0,0,0,0,0,0,0,0,0,0,0,0,0,0,0,0,0,0,0,0,0,0,0,0,0,0,0,0,0,0,0,0,0,0,0,0,0,0,13.71,0,0,0,13.71,0,0,0,0,0,0,13.71,0,0,0,13.71
9/1/2026,2021,20221296,41179,17090,RATON GAS TRANSMISSION CO,Natural Gas,INTERSTATE,NEW MEXICO,9.89,0,0,0,9.89,0,0,0,0,0,0,0,0,0,0,0,0,0,0,0,0,0,0,0,0,0,0,0,0,0,0,0,0,0,0,0,0,0,0,0,0,0,0,0,0,0,0,0,0,0,9.89,0,0,0,9.89,0,0,0,0,0,0,9.89,0,0,0,9.89
9/1/2026,2021,20220897,40758,17540,ROANOKE GAS CO,Natural Gas,INTRASTATE,VIRGINIA,0.2,0.1,0.1,0,0.4,7.8,17.4,9.6,0,34.8,2.8,4,2,0,8.8,7.2,9.2,0,0,16.4,0,0,0,0,0,0,0,0,0,0,0,0,0,0,0,0,0,0,0,0,0,0,0,0,0,0,0,0,0,0,18,30.7,11.7,0,60.4,0,0,0,0,0,0,18,30.7,11.7,0,60.4
9/1/2026,2021,20220905,40766,17570,ROCHESTER GAS & ELECTRIC CORP,Natural Gas,INTRASTATE,NEW YORK,0,0,0,0,0,30.76,28.54,25.94,0,85.24,7.1,1.82,9,0,17.92,0,0,0,0,0,0,0,0,0,0,0,0,0,0,0,0,0,0,0,0,0,0,0,0,0,0,0,0,0,0,0,0,0,0,0,37.86,30.36,34.94,0,103.16,0,0,0,0,0,0,37.86,30.36,34.94,0,103.16
9/1/2026,2021,20220966,46773,17620,ROCKY MOUNTAIN NATURAL GAS LLC,Natural Gas,INTRASTATE,COLORADO,9.58,5.91,7.14,0,22.63,40.08,15.85,21.91,0,77.84,24.32,18.37,6.58,1.96,51.23,79.1,39.06,23.94,0,142.1,6.66,4.87,7.86,0,19.39,142.69,17,0.04,0,159.73,0,0.01,0,0,0.01,2.96,0,0,0,2.96,42.02,2.03,3.36,0,47.41,0,0,0,0,0,347.41,103.1,70.83,1.96,523.3,0,0,0,0,0,0,347.41,103.1,70.83,1.96,523.3
9/1/2026,2021,20220787,40645,17681,ROSEBURG FOREST PRODUCTS CO,Natural Gas,INTRASTATE,OREGON,0,0,0.1,0,0.1,0,0.8,0.09,0,0.89,0,0,0,0,0,1.77,0.08,0,0,1.85,0,0,0,0,0,0,0,0,0,0,0,0,0,0,0,0,0,0,0,0,0,0,0,0,0,0,0,0,0,0,1.77,0.88,0.19,0,2.84,0,0,0,0,0,0,1.77,0.88,0.19,0,2.84
9/1/2026,2021,20221122,40992,18084,ST LAWRENCE GAS CO INC,Natural Gas,INTRASTATE,NEW YORK,0,0,0,0,0,17.36,8.94,1.48,0,27.78,32.13,7.47,1.74,0,41.34,3.39,1.81,2.97,0,8.17,0,0,0,0,0,0,0,0,0,0,0,0,0,0,0,0,0,0,0,0,0,0,0,0,0,0,0,0,0,0,52.88,18.22,6.19,0,77.29,0,0,0,0,0,0,52.88,18.22,6.19,0,77.29
9/1/2026,2021,20221230,41107,18104,CPS ENERGY,Natural Gas,INTRASTATE,TEXAS,2.2,0,0,0,2.2,1.25,0.8,0.6,0,2.65,1.89,0,1.24,0,3.13,11.25,13.01,18.08,0,42.34,7.07,1.94,0,0,9.01,29.15,0.46,0,0,29.61,0,0,0,0,0,0,0,0,0,0,0,0,0,0,0,0,0,0,0,0,52.81,16.21,19.92,0,88.94,0,0,0,0,0,0,52.81,16.21,19.92,0,88.94
9/1/2026,2021,20220900,40761,18112,SAN DIEGO GAS & ELECTRIC CO,Natural Gas,INTRASTATE,CALIFORNIA,0,0,0,0,0,3,0,18,2,23,11,9,79,4,103,16,4,68,1,89,0,0,0,0,0,0,0,0,0,0,0,0,0,0,0,0,0,0,0,0,0,0,0,0,0,0,0,0,0,0,30,13,165,7,215,0,0,0,0,0,0,30,13,165,7,215
9/1/2026,2021,20220579,40426,18152,SEA ROBIN PIPELINE CO,Natural Gas,INTERSTATE,LOUISIANA,0.01,0,0,0,0.01,0.04,0,0,0,0.04,2.09,0,0,0,2.09,7.6,0.03,0,0,7.63,37.85,0.77,0,0,38.62,123.42,0,0,0,123.42,6.01,0,0,0,6.01,0.27,0,0,0,0.27,4.39,0,0,0,4.39,0,0,0,0,0,181.68,0.8,0,0,182.48,0,0,0,0,0,0,181.68,0.8,0,0,182.48
9/1/2026,2021,20220579,40426,18152,SEA ROBIN PIPELINE CO,Natural Gas,INTERSTATE,OCS-Gulf of Mexico,0,0,0,0,0,0,0,0,0,0,0,0,0,0,0,0,0,0,0,0,0,0,0,0,0,0,0,0,0,0,0,0,0,0,0,0,0,0,0,0,0,0,0,0,0,0,0,0,0,0,0,0,0,0,0,181.28,363.96,0,13.43,0,558.67,558.67,0,0,0,558.67
9/1/2026,2021,20220429,46711,18156,SEADRIFT PIPELINE CORP,Natural Gas,INTRASTATE,TEXAS,0.69,0,0.22,0,0.91,0.04,0,0,0,0.04,1.64,0,0,0,1.64,2.02,0,0,0,2.02,70.4,0,0,0,70.4,0,0,0,0,0,0,0,0,0,0,0,0,0,0,0,0,0,0,0,0,0,0,0,0,0,74.79,0,0.22,0,75.01,0,0,0,0,0,0,74.79,0,0.22,0,75.01
9/1/2026,2021,20220432,40278,18156,SEADRIFT PIPELINE CORP,Other Gas-Ethylene,INTRASTATE,TEXAS,0,0,0,0,0,20.41,0,0.25,0,20.66,18.26,0.07,0.4,0,18.73,73.38,1.68,2.63,0,77.69,79.02,0.26,0.42,0,79.7,34.55,0,0,0,34.55,0,0,0,0,0,0,0,0,0,0,0,0,0.01,0,0.01,0,0,0,0,0,225.62,2.01,3.71,0,231.34,0,0,0,0,0,0,225.62,2.01,3.71,0,231.34
9/1/2026,2021,20220703,40558,18201,"SENECA RESOURCES COMPANY, LLC",Natural Gas,INTRASTATE,CALIFORNIA,0,0,0,0,0,0,,0,0,0,0,1.85,0,0,1.85,1.85,0,0,0,1.85,0,0,0,0,0,0,0,0,0,0,0,0,0,0,0,0,0,0,0,0,0,0,0,0,0,0,0,0,0,0,1.85,1.85,0,0,3.7,0,0,0,0,0,0,1.85,1.85,0,0,3.7
9/1/2026,2021,20220589,46745,18273,SHELL PIPELINE CORP,Other Gas-Dry Gas,INTRASTATE,LOUISIANA,0.62,0.93,0,0,1.55,3.46,0.03,0.42,0,3.91,22.1,1.28,0.75,0,24.13,16.53,0.25,0.05,0,16.83,15.05,0,0,0,15.05,0,0,0,0,0,0,0,0,0,0,0,0,0,0,0,0,0,0,0,0,0,0,0,0,0,57.76,2.49,1.22,0,61.47,0,0,0,0,0,0,57.76,2.49,1.22,0,61.47
9/1/2026,2021,20220589,46745,18273,SHELL PIPELINE CORP,Other Gas-Dry Gas,INTRASTATE,TEXAS,0,0,0,0,0,0,0.37,0.08,0,0.45,0,0,0.56,0,0.56,8.28,4.76,30.93,0,43.97,0,0,0,0,0,0,0,0,0,0,0,0,0,0,0,0,0,0,0,0,0,0,0,0,0,0,0,0,0,0,8.28,5.13,31.57,0,44.98,0,0,0,0,0,0,8.28,5.13,31.57,0,44.98
9/1/2026,2021,20221150,41164,18308,NV Energy,Natural Gas,INTRASTATE,NEVADA,0,0,0,0,0,0.038,0,0,0,0.038,0.111,0,0.697,0,0.808,1.123,0.043,6.323,0,7.489,0,0,0,0,0,0,0,0,0,0,0,0,0,0,0,0,0,0,0,0,0,0,0,0,0,0,0,0,0,0,1.272,0.043,7.02,0,8.335,0,0,0,0,0,0,1.272,0.043,7.02,0,8.335
9/1/2026,2021,20220105,39936,18336,SIOUX CENTER MUNICIPAL GAS UTILITY,Natural Gas,INTRASTATE,IOWA,8.58,0,0.94,0,9.52,0,0,0,0,0,0,0,0,0,0,0,0,0,0,0,0,0,0,0,0,0,0,0,0,0,0,0,0,0,0,0,0,0,0,0,0,0,0,0,0,0,0,0,0,0,8.58,0,0.94,0,9.52,0,0,0,0,0,0,8.58,0,0.94,0,9.52
9/1/2026,2021,20220980,40846,18380,SOCORRO NATURAL GAS CO,Natural Gas,INTRASTATE,NEW MEXICO,0,0,0,0,0,38,0,0,0,38,0,0,0,0,0,0,0,0,0,0,0,0,0,0,0,0,0,0,0,0,0,0,0,0,0,0,0,0,0,0,0,0,0,0,0,0,0,0,0,0,38,0,0,0,38,0,0,0,0,0,0,38,0,0,0,38
9/1/2026,2021,20220387,40229,18388,SOMERSET GAS SERVICE,Natural Gas,INTRASTATE,KENTUCKY,0,0,0,0,0,0,0,0,0,0,31.26,8.85,13.67,0,53.78,0,0,0,0,0,0,0,0,0,0,0,0,0,0,0,0,0,0,0,0,0,0,0,0,0,0,0,0,0,0,0,0,0,0,0,31.26,8.85,13.67,0,53.78,0,0,0,0,0,0,31.26,8.85,13.67,0,53.78
9/1/2026,2021,20220416,40262,18408,"DOMINION ENERGY SOUTH CAROLINA, INC.",Natural Gas,INTRASTATE,SOUTH CAROLINA,33.2,5.4,9.2,0,47.8,117.8,43.8,58.4,0,220,83.1,28.6,28.4,0,140.1,15.6,1.5,9.1,0,26.2,0,0,0,0,0,0,0,0,0,0,0,0,0,0,0,0,0,0,0,0,0,0,0,0,0,0,0,0,0,0,249.7,79.3,105.1,0,434.1,0,0,0,0,0,0,249.7,79.3,105.1,0,434.1
9/1/2026,2021,20221006,40872,18440,SOUTH JERSEY GAS CO,Natural Gas,INTRASTATE,NEW JERSEY,0,0,0,0,0,0,0,0,47,47,0,0,0,83.6,83.6,0,0,16.2,0,16.2,0,0,0,0,0,0,0,0,0,0,0,0,0,0,0,0,0,0,0,0,0,0,0,0,0,0,0,0,0,0,0,0,16.2,130.6,146.8,0,0,0,0,0,0,0,0,16.2,130.6,146.8
9/1/2026,2021,20220444,40290,18456,SOUTHEAST GAS,Natural Gas,INTRASTATE,ALABAMA,0.965,7.74,8.228,0,16.933,68.29,166.924,108.201,0,343.415,13.819,35.74,6.501,0,56.06,56.071,31.428,10.072,0,97.571,59.028,3.113,0,0,62.141,0,0,0,0,0,0,0,0,0,0,0,0,0,0,0,0,0,0,0,0,0,0,0,0,0,198.173,244.945,133.002,0,576.12,0,0,0,0,0,0,198.173,244.945,133.002,0,576.12
9/1/2026,2021,20221248,46736,18472,SEMCO ENERGY GAS COMPANY,Natural Gas,INTRASTATE,MICHIGAN,4.06,18.806,0.41,0,23.276,25.056,24.446,5.428,0,54.93,13.488,8.083,0,0,21.571,42.251,4.654,0,0,46.905,0.05,0,0,0,0.05,0,0,0,0,0,0,0,0,0,0,0,0,0,0,0,0,0,0,0,0,0,0,0,0,0,84.905,55.989,5.838,0,146.732,0,0,0,0,0,0,84.905,55.989,5.838,0,146.732
9/1/2026,2021,20221246,41124,18473,SEMCO PIPELINE CO,Natural Gas,INTRASTATE,MICHIGAN,0,0,0,0,0,0.037,0.34,0.015,0,0.392,11.931,19.419,0.67,0,32.02,3.105,0.134,0,0,3.239,13.637,0.899,0,0,14.536,0,0,0,0,0,0,0,0,0,0,0,0,0,0,0,0,0,0,0,0,0,0,0,0,0,28.71,20.792,0.685,0,50.187,0,0,0,0,0,0,28.71,20.792,0.685,0,50.187
9/1/2026,2021,20220761,41302,18484,SOUTHERN CALIFORNIA GAS CO,Natural Gas,INTRASTATE,CALIFORNIA,1,0,0,0,1,304,37,197,8,546,207,15,286,47,555,422,47,443,7,919,587,38,142,0,767,646,6,0,0,652,0,0,0,0,0,0,0,0,0,0,0,0,0,0,0,0,0,0,0,0,2167,143,1068,62,3440,0,0,0,0,0,0,2167,143,1068,62,3440
9/1/2026,2021,20220609,46886,18508,SOUTHERN INDIANA GAS & ELECTRIC CO,Natural Gas,INTRASTATE,INDIANA,10.143,0,0,0,10.143,25.919,7.582,18.2,0,51.701,32.707,4.787,16.312,0,53.806,8.582,1.011,0,0,9.593,5.875,0,0,0,5.875,0,0,0,0,0,0,0,0,0,0,0,0,0,0,0,0,0,0,0,0,0,0,0,0,0,83.226,13.38,34.512,0,131.118,0,0,0,0,0,0,83.226,13.38,34.512,0,131.118
9/1/2026,2021,20220789,40648,18516,SOUTHERN NATURAL GAS CO,Natural Gas,INTERSTATE,ALABAMA,40.02,23.88,39.93,0,103.83,67.93,31.09,42.42,0,141.44,190.82,51.12,90.67,0,332.61,132.4,56.61,102.13,0,291.14,257.26,97.52,41.64,0,396.42,645.28,85.58,0.29,0,731.15,0,0,0,0,0,0,0,0,0,0,0,0,0,0,0,0,0,0,0,0,1333.71,345.8,317.08,0,1996.59,0,0,0,0,0,0,1333.71,345.8,317.08,0,1996.59
9/1/2026,2021,20220789,40648,18516,SOUTHERN NATURAL GAS CO,Natural Gas,INTERSTATE,FLORIDA,0.02,0.01,0,0,0.03,1.94,1.05,0.37,0,3.36,23.75,10.54,6.26,0,40.55,11.08,6.34,1.79,0,19.21,94.15,16.1,1.99,0,112.24,37.13,0.53,0,0,37.66,0,0,0,0,0,0,0,0,0,0,0,0,0,0,0,0,0,0,0,0,168.07,34.57,10.41,0,213.05,0,0,0,0,0,0,168.07,34.57,10.41,0,213.05
9/1/2026,2021,20220789,40648,18516,SOUTHERN NATURAL GAS CO,Natural Gas,INTERSTATE,GEORGIA,7.57,5.62,8.29,0,21.48,119.98,22.52,17.6,0,160.1,161.81,57.52,34.16,0,253.49,203.98,82.84,187.92,0,474.74,656.82,126.3,33.14,0,816.26,765.66,53.29,2.35,0,821.3,0,0,0,0,0,0,0,0,0,0,0,0,0,0,0,0,0,0,0,0,1915.82,348.09,283.46,0,2547.37,0,0,0,0,0,0,1915.82,348.09,283.46,0,2547.37
9/1/2026,2021,20220789,40648,18516,SOUTHERN NATURAL GAS CO,Natural Gas,INTERSTATE,LOUISIANA,2.46,0.41,0,0,2.87,11.43,0.38,0.08,0,11.89,91.27,5.16,0.15,0,96.58,169.12,16.46,27.06,0,212.64,206.5,44.28,9.39,0,260.17,303.24,56.59,2.89,0,362.72,0,0,0,0,0,0,0,0,0,0,0,0,0,0,0,0,0,0,0,0,784.02,123.28,39.57,0,946.87,0,0,0,0,0,0,784.02,123.28,39.57,0,946.87
9/1/2026,2021,20220789,40648,18516,SOUTHERN NATURAL GAS CO,Natural Gas,INTERSTATE,MISSISSIPPI,58.1,14.07,5.51,0,77.68,77.36,21.41,2.75,0,101.52,102.27,9.77,1.32,0,113.36,116.52,24.54,3.06,0,144.12,56.65,17.03,0.2,0,73.88,661.28,60.25,0.04,0,721.57,0,0,0,0,0,0,0,0,0,0,0,0,0,0,0,0,0,0,0,0,1072.18,147.07,12.88,0,1232.13,0,0,0,0,0,0,1072.18,147.07,12.88,0,1232.13
9/1/2026,2021,20220789,40648,18516,SOUTHERN NATURAL GAS CO,Natural Gas,INTERSTATE,SOUTH CAROLINA,4.17,5.7,4.33,0,14.2,0.02,0,0,0,0.02,0.42,0.17,0.54,0,1.13,15.72,0.09,3.15,0,18.96,9.45,5.69,6.12,0,21.26,0,0,0,0,0,0,0,0,0,0,0,0,0,0,0,0,0,0,0,0,0,0,0,0,0,29.78,11.65,14.14,0,55.57,0,0,0,0,0,0,29.78,11.65,14.14,0,55.57
9/1/2026,2021,20220789,40648,18516,SOUTHERN NATURAL GAS CO,Natural Gas,INTERSTATE,TENNESSEE,0,0,0,0,0,0.02,0,0,0,0.02,0.06,0.38,0,0,0.44,0.64,1.04,0.47,0,2.15,2.52,8.81,0,0,11.33,0,0,0,0,0,0,0,0,0,0,0,0,0,0,0,0,0,0,0,0,0,0,0,0,0,3.24,10.23,0.47,0,13.94,0,0,0,0,0,0,3.24,10.23,0.47,0,13.94
9/1/2026,2021,20220789,40648,18516,SOUTHERN NATURAL GAS CO,Natural Gas,INTRASTATE,ALABAMA,0,0,0,0,0,0,0,0.82,0,0.82,0,0.01,0,0,0.01,0,0,0,0,0,0,0,0,0,0,0,0,0,0,0,0,0,0,0,0,0,0,0,0,0,0,0,0,0,0,0,0,0,0,0,0,0.01,0.82,0,0.83,0,0,0,0,0,0,0,0.01,0.82,0,0.83
9/1/2026,2021,20220427,40273,18532,"TEXAS GAS SERVICE COMPANY, A DIVISION OF ONE GAS, INC.",Natural Gas,INTRASTATE,TEXAS,49.1,3.6,26.71,0.23,79.64,19.08,2.85,35.07,0.04,57.04,49.97,12.01,47.88,0.38,110.24,19.66,2.09,13.51,0,35.26,3.11,0.8,22.36,0,26.27,0.13,0,0,0,0.13,0,0,0,0,0,0,0,0,0,0,0,0,0,0,0,0,0,0,0,0,141.05,21.35,145.53,0.65,308.58,0,0,0,0,0,0,141.05,21.35,145.53,0.65,308.58
9/1/2026,2021,20221141,45142,18536,SOUTHWEST GAS CORP,Natural Gas,INTRASTATE,ARIZONA,15.643,3.798,68.29,1.678,89.409,14.052,0,26.468,0.898,41.418,0,0,1.035,0,1.035,0,0,0,0,0,0,0,0,0,0,0,0,0,0,0,0,0,0,0,0,0,0,0,0,0,41.151,1.492,47.525,0.838,91.006,0,0,0,0,0,70.846,5.29,143.318,3.414,222.868,0,0,0,0,0,0,70.846,5.29,143.318,3.414,222.868
9/1/2026,2021,20221141,45142,18536,SOUTHWEST GAS CORP,Natural Gas,INTRASTATE,CALIFORNIA,0,0,0,0,0,0.104,0,0.015,0,0.119,0,0,0,0,0,0,0,0,0,0,0,0,0,0,0,0,0,0,0,0,0,0,0,0,0,0,0,0,0,0,0,0,0,0,0,0,0,0,0,0,0.104,0,0.015,0,0.119,0,0,0,0,0,0,0.104,0,0.015,0,0.119
9/1/2026,2021,20221141,45142,18536,SOUTHWEST GAS CORP,Natural Gas,INTRASTATE,NEVADA,0.184,0,4.946,0.003,5.133,38.537,0.171,30.163,1.189,70.06,43.335,0.763,41.189,2.193,87.48,58.341,0.466,32.171,0.05,91.028,9.377,0,0,0,9.377,0,0,0,0,0,0,0,0,0,0,0,0,0,0,0,22.832,0.465,0.153,0,23.45,0,0,0,0,0,172.606,1.865,108.622,3.435,286.528,0,0,0,0,0,0,172.606,1.865,108.622,3.435,286.528
9/1/2026,2021,20221010,40876,18555,SOUTHWESTERN PUBLIC SERVICE CO,Natural Gas,INTRASTATE,TEXAS,9.3,0,0.3,0,9.6,0,0,0,0,0,4.1,0,0,0,4.1,0,0,0,0,0,5.7,0,0.2,0,5.9,0,0,0,0,0,0,0,0,0,0,0,0,0,0,0,0,0,0,0,0,0,0,0,0,0,19.1,0,0.5,0,19.6,0,0,0,0,0,0,19.1,0,0.5,0,19.6
9/1/2026,2021,20220795,41259,18560,SOUTHWESTERN VIRGINIA GAS CO,Natural Gas,INTRASTATE,VIRGINIA,10.238,7.079,1.153,0,18.47,7.667,5.935,0.166,0,13.768,0,0,0,0,0,0,0,0,0,0,0,0,0,0,0,0,0,0,0,0,0,0,0,0,0,0,0,0,0,0,0,0,0,0,0,0,0,0,0,0,17.905,13.014,1.319,0,32.238,0,0,0,0,0,0,17.905,13.014,1.319,0,32.238
9/1/2026,2021,20220651,40503,18584,"SPRINGFIELD, CITY UTILITIES OF",Natural Gas,INTRASTATE,MISSOURI,0.01,0.21,0.04,0,0.26,0.06,0.07,0.07,0,0.2,0.03,0.03,0.02,0,0.08,25.56,17.66,5.33,0,48.55,0,0,0,0,0,0,0,0,0,0,0,0,0,0,0,0,0,0,0,0,0,0,0,0,0,0,0,0,0,0,25.66,17.97,5.46,0,49.09,0,0,0,0,0,0,25.66,17.97,5.46,0,49.09
9/1/2026,2021,20220347,40189,18608,STANDARD PACIFIC GAS LINE INC,Natural Gas,INTRASTATE,CALIFORNIA,0.43,0.06,1.23,0,1.72,6.89,0.29,8.61,0,15.79,12.95,1.75,9.38,0,24.08,0.1,0.13,11.02,0,11.25,0,0,0,0,0,0,0,0,0,0,0,0,0,0,0,0,0,0,0,0,0,0,0,0,0,0,0,0,0,0,20.37,2.23,30.24,0,52.84,0,0,0,0,0,0,20.37,2.23,30.24,0,52.84
9/1/2026,2021,20220635,40484,18636,"STEPHEN, CITY OF",Natural Gas,INTRASTATE,MINNESOTA,1.2,0,0,0,1.2,0,0,0,0,0,0,0,0,0,0,0,0,0,0,0,0,0,0,0,0,0,0,0,0,0,0,0,0,0,0,0,0,0,0,0,0,0,0,0,0,0,0,0,0,0,1.2,0,0,0,1.2,0,0,0,0,0,0,1.2,0,0,0,1.2
9/1/2026,2021,20220152,39985,18667,FREEPORT-MCMORAN OIL & GAS,Natural Gas,INTERSTATE,CALIFORNIA,0,0,0,0,0,0,0,0,0,0,0,0,0,0,0,0,0,0,0,0,0,0,0,0,0,17.42,0,0,0,17.42,0,0,0,0,0,0,0,0,0,0,0,0,0,0,0,0,0,0,0,0,17.42,0,0,0,17.42,0,4.17,0,0,0,4.17,21.59,0,0,0,21.59
9/1/2026,2021,20220152,39985,18667,FREEPORT-MCMORAN OIL & GAS,Natural Gas,INTERSTATE,OCS-Pacific,0,0,0,0,0,0,0,0,0,0,0,0,0,0,0,0,0,0,0,0,0,0,0,0,0,0,0,0,0,0,0,0,0,0,0,0,0,0,0,0,0,0,0,0,0,0,0,0,0,0,0,0,0,0,0,0,6.23,0,0,0,6.23,6.23,0,0,0,6.23
9/1/2026,2021,20220152,39985,18667,FREEPORT-MCMORAN OIL & GAS,Natural Gas,INTRASTATE,CALIFORNIA,0,0,0,0,0,0,0,0,0,0,0,0,0,0,0,0,0,0,0,0,7.4,0,0,0,7.4,0,0,0,0,0,0,0,0,0,0,0,0,0,0,0,0,0,0,0,0,0,0,0,0,0,7.4,0,0,0,7.4,0,0,0,0,0,0,7.4,0,0,0,7.4
9/1/2026,2021,20220563,40410,18718,SUNOCO PIPELINE L.P.,Natural Gas,INTRASTATE,NEW JERSEY,0.52,0,3.48,0,4,0,0,0,0,0,0,0,0,0,0,0,0,0,0,0,0,0,0,0,0,0,0,0,0,0,0,0,0,0,0,0,0,0,0,0,0,0,0,0,0,0,0,0,0,0,0.52,0,3.48,0,4,0,0,0,0,0,0,0.52,0,3.48,0,4
9/1/2026,2021,20220535,40381,18752,SUPERIOR WATER LIGHT & POWER CO,Natural Gas,INTRASTATE,WISCONSIN,0,0,0,0,0,8,0,0,0,8,0,0,0,0,0,0,0,0,0,0,0,0,0,0,0,0,0,0,0,0,0,0,0,0,0,0,0,0,0,0,0,0,0,0,0,0,0,0,0,0,8,0,0,0,8,0,0,0,0,0,0,8,0,0,0,8
9/1/2026,2021,20220255,40094,18784,SYLACAUGA GAS SYSTEM,Natural Gas,INTRASTATE,ALABAMA,0,0,0,0,0,0,18,2,0,20,0,0,0,0,0,0,0,0,0,0,0,0,0,0,0,0,0,0,0,0,0,0,0,0,0,0,0,0,0,0,0,0,0,0,0,0,0,0,0,0,0,18,2,0,20,0,0,0,0,0,0,0,18,2,0,20
9/1/2026,2021,20220010,39832,19125,TEAVEE OIL & GAS INC,Natural Gas,INTRASTATE,WEST VIRGINIA,0,0,0,0,0,4.22,0,0.03,0,4.25,0,0,0,0,0,0,0,0,0,0,0,0,0,0,0,0,0,0,0,0,0,0,0,0,0,0,0,0,0,0,0,0,0,0,0,0,0,0,0,0,4.22,0,0.03,0,4.25,0,0,0,0,0,0,4.22,0,0.03,0,4.25
9/1/2026,2021,20221292,41174,19160,TENNESSEE GAS PIPELINE COMPANY,Natural Gas,INTERSTATE,ALABAMA,0.01,0,0,0,0.01,0.05,0,0,0,0.05,1.33,0,0,0,1.33,3.58,0.53,0.59,0,4.7,6.31,2.34,0.05,0,8.7,186.74,22.61,0,0,209.35,0,0,0,0,0,0,0,0,0,0,0,0,0,0,0,0,0,0,0,0,198.02,25.48,0.64,0,224.14,0,0,0,0,0,0,198.02,25.48,0.64,0,224.14
9/1/2026,2021,20221292,41174,19160,TENNESSEE GAS PIPELINE COMPANY,Natural Gas,INTERSTATE,ARKANSAS,3.58,0,0,0,3.58,2.89,0,0,0,2.89,2.6,0,0.04,0,2.64,9.57,0,0.05,0,9.62,3.55,0,0.08,0,3.63,109.3,0,0,0,109.3,0,0,0,0,0,0,0,0,0,0,0,0,0,0,0,0,0,0,0,0,131.49,0,0.17,0,131.66,0,0,0,0,0,0,131.49,0,0.17,0,131.66
9/1/2026,2021,20221292,41174,19160,TENNESSEE GAS PIPELINE COMPANY,Natural Gas,INTERSTATE,CONNECTICUT,0.02,0,0.07,0,0.09,0.22,0.17,5.14,0,5.53,4.28,3.67,36.77,0,44.72,22.3,11.38,50.39,0,84.07,5.07,0.16,0.71,0,5.94,0,0,0,0,0,0,0,0,0,0,0,0,0,0,0,0,0,0,0,0,0,0,0,0,0,31.89,15.38,93.08,0,140.35,0,0,0,0,0,0,31.89,15.38,93.08,0,140.35
9/1/2026,2021,20221292,41174,19160,TENNESSEE GAS PIPELINE COMPANY,Natural Gas,INTERSTATE,KENTUCKY,0.13,0.03,0.06,0,0.22,0.7,0.14,0.04,0,0.88,6.33,5.5,6.78,0,18.61,33.57,28.76,25.69,0,88.02,66.14,36.22,5.34,0,107.7,1111.21,283.95,3.87,0,1399.03,0,0,0,0,0,0,0,0,0,0,0,0,0,0,0,0,0,0,0,0,1218.08,354.6,41.78,0,1614.46,0,0,0,0,0,0,1218.08,354.6,41.78,0,1614.46
9/1/2026,2021,20221292,41174,19160,TENNESSEE GAS PIPELINE COMPANY,Natural Gas,INTERSTATE,LOUISIANA,0.26,0.09,0.01,0,0.36,3.9,0.9,2.43,0,7.23,15.98,1.66,9.39,0,27.03,32.42,9.65,30.41,0,72.48,349.28,31.5,10.93,0,391.71,1001.16,131.78,9.91,0,1142.85,0,0,0,0,0,0,0,0,0,0,0,0,0,0,0,0,0,0,0,0,1403,175.58,63.08,0,1641.66,0,0,0,0,0,0,1403,175.58,63.08,0,1641.66
9/1/2026,2021,20221292,41174,19160,TENNESSEE GAS PIPELINE COMPANY,Natural Gas,INTERSTATE,MASSACHUSETTS,0.28,0.15,0.19,0,0.62,15.54,16.58,15.29,0.05,47.46,14.47,7.9,79.01,1.83,103.21,36.61,26.25,123.92,0,186.78,77.39,54.25,62.37,0,194.01,42.86,26.64,0.02,0,69.52,0,0,0,0,0,0,0,0,0,0,0,0,0,0,0,0,0,0,0,0,187.15,131.77,280.8,1.88,601.6,0,0,0,0,0,0,187.15,131.77,280.8,1.88,601.6
9/1/2026,2021,20221292,41174,19160,TENNESSEE GAS PIPELINE COMPANY,Natural Gas,INTERSTATE,MISSISSIPPI,0.48,0.52,0.02,0,1.02,2.67,0.6,0.03,0,3.3,23.79,4.22,5.54,0,33.55,37.06,14.68,37.5,0,89.24,67.67,18.74,1.3,0,87.71,1233.53,152.81,4.11,0,1390.45,0,0,0,0,0,0,0,0,0,0,0,0,0,0,0,0,0,0,0,0,1365.2,191.57,48.5,0,1605.27,0,0,0,0,0,0,1365.2,191.57,48.5,0,1605.27
9/1/2026,2021,20221292,41174,19160,TENNESSEE GAS PIPELINE COMPANY,Natural Gas,INTERSTATE,NEW HAMPSHIRE,0.08,0,0.06,0,0.14,2.82,0.53,10.87,0,14.22,1.84,0.25,34.85,0,36.94,2.86,0.52,22.7,0,26.08,0.26,0,3.17,0,3.43,0,0,0,0,0,0,0,0,0,0,0,0,0,0,0,0,0,0,0,0,0,0,0,0,0,7.86,1.3,71.65,0,80.81,0,0,0,0,0,0,7.86,1.3,71.65,0,80.81
9/1/2026,2021,20221292,41174,19160,TENNESSEE GAS PIPELINE COMPANY,Natural Gas,INTERSTATE,NEW JERSEY,0.13,0,0.05,0,0.18,0.02,0,0.03,0,0.05,0.04,0.13,0.37,0,0.54,9.44,6.19,28.25,0,43.88,6.63,5.16,4.18,0,15.97,25.62,4.36,0.58,0,30.56,0,0,0,0,0,0,0,0,0,0,0,0,0,0,0,0,0,0,0,0,41.88,15.84,33.46,0,91.18,0,0,0,0,0,0,41.88,15.84,33.46,0,91.18
9/1/2026,2021,20221292,41174,19160,TENNESSEE GAS PIPELINE COMPANY,Natural Gas,INTERSTATE,NEW YORK,0.14,0.02,1.04,0,1.2,0.55,0.2,0.08,0,0.83,5.38,3.93,8.93,1.27,19.51,31.35,23.5,18.47,0,73.32,119.23,55.4,11.9,0,186.53,476.46,94.66,2.84,0,573.96,0,0,0,0,0,0,0,0,0,0,0,0,0,0,0,0,0,0,0,0,633.11,177.71,43.26,1.27,855.35,0,0,0,0,0,0,633.11,177.71,43.26,1.27,855.35
9/1/2026,2021,20221292,41174,19160,TENNESSEE GAS PIPELINE COMPANY,Natural Gas,INTERSTATE,OHIO,0.08,0.01,0,0,0.09,0.35,0.15,0.01,0,0.51,7.02,1.33,2.72,0,11.07,9.61,4.65,9.4,0,23.66,12.11,9.24,0.57,0,21.92,638.19,174.41,6.58,0,819.18,0.04,0,0,0,0.04,0,0,0,0,0,0,0,0,0,0,0,0,0,0,0,667.4,189.79,19.28,0,876.47,0,0,0,0,0,0,667.4,189.79,19.28,0,876.47
9/1/2026,2021,20221292,41174,19160,TENNESSEE GAS PIPELINE COMPANY,Natural Gas,INTERSTATE,PENNSYLVANIA,0.1,0.04,0.01,0,0.15,0.71,0.23,0,0,0.94,3.96,1.6,1.22,0,6.78,24.96,13.81,4.14,0,42.91,72.04,44.59,9.1,0,125.73,640.35,114.34,0.89,0,755.58,1.41,0,0,0,1.41,0,0,0,0,0,0,0,0,0,0,0,0,0,0,0,743.53,174.61,15.36,0,933.5,0,0,0,0,0,0,743.53,174.61,15.36,0,933.5
9/1/2026,2021,20221292,41174,19160,TENNESSEE GAS PIPELINE COMPANY,Natural Gas,INTERSTATE,RHODE ISLAND,0,0,0,0,0,0,0.01,0.05,0,0.06,0.48,0.56,5.03,0,6.07,0.21,0.42,0.35,0.37,1.35,8.7,12.8,5.38,0,26.88,0,0,0,0,0,0,0,0,0,0,0,0,0,0,0,0,0,0,0,0,0,0,0,0,0,9.39,13.79,10.81,0.37,34.36,0,0,0,0,0,0,9.39,13.79,10.81,0.37,34.36
9/1/2026,2021,20221292,41174,19160,TENNESSEE GAS PIPELINE COMPANY,Natural Gas,INTERSTATE,TENNESSEE,0.37,0.1,0.03,0,0.5,0.45,0.05,0.14,0,0.64,4.59,2.3,5.93,0,12.82,17.76,19,30.24,0,67,26.69,18.36,8.87,0,53.92,812.78,236.96,28.2,0,1077.94,0,0,0,0,0,0,0,0,0,0,0,0,0,0,0,0,0,0,0,0,862.64,276.77,73.41,0,1212.82,0,0,0,0,0,0,862.64,276.77,73.41,0,1212.82
9/1/2026,2021,20221292,41174,19160,TENNESSEE GAS PIPELINE COMPANY,Natural Gas,INTERSTATE,TEXAS,0.74,0.08,0.53,0,1.35,52.21,5.71,7.12,0,65.04,86.66,10.8,16.08,0,113.54,91.16,7.41,61.93,0,160.5,119.27,6.99,25.67,0,151.93,961.01,46.21,15.12,0,1022.34,21.05,0,0.12,0,21.17,0,0,0,0,0,0,0,0,0,0,0,0,0,0,0,1332.1,77.2,126.57,0,1535.87,0,0,0,0,0,0,1332.1,77.2,126.57,0,1535.87
9/1/2026,2021,20221292,41174,19160,TENNESSEE GAS PIPELINE COMPANY,Natural Gas,INTERSTATE,WEST VIRGINIA,0.09,0,0.02,0,0.11,0.07,0.06,0.03,0,0.16,0.45,0.72,2.25,0,3.42,4.45,4.66,12.88,0,21.99,11.65,4.33,4.47,0,20.45,93.52,33.73,3.58,0,130.83,0,0,0,0,0,0,0,0,0,0,0,0,0,0,0,0,0,0,0,0,110.23,43.5,23.23,0,176.96,0,0,0,0,0,0,110.23,43.5,23.23,0,176.96
9/1/2026,2021,20221001,41354,19235,"TEXAS EASTERN TRANSMISSION, LP (SPECTRA ENERGY PARTNERS, LP)",Natural Gas,INTERSTATE,ALABAMA,0,0,0,0,0,0,0,0,0,0,0.05,0.01,0.01,0,0.07,2.84,0.49,10.68,0,14.01,3.76,4.1,2.28,0,10.14,130.88,4.49,0,0,135.37,0,0,0,0,0,0,0,0,0,0,0,0,0,0,0,0,0,0,0,0,137.53,9.09,12.97,0,159.59,0,0,0,0,0,0,137.53,9.09,12.97,0,159.59
9/1/2026,2021,20221001,41354,19235,"TEXAS EASTERN TRANSMISSION, LP (SPECTRA ENERGY PARTNERS, LP)",Natural Gas,INTERSTATE,ARKANSAS,0,0,0,0,0,0.28,0.02,0.54,0,0.84,1.36,0.42,0.2,0,1.98,10.93,3.9,8.55,0,23.38,1.83,0.32,4.51,0,6.66,293.27,19.25,0,0,312.52,0.07,0,0,0,0.07,0,0,0,0,0,0,0,0,0,0,0,0,0,0,0,307.74,23.91,13.8,0,345.45,0,0,0,0,0,0,307.74,23.91,13.8,0,345.45
9/1/2026,2021,20221001,41354,19235,"TEXAS EASTERN TRANSMISSION, LP (SPECTRA ENERGY PARTNERS, LP)",Natural Gas,INTERSTATE,DELAWARE,0,0,0,0,0,0,0,0.01,0,0.01,0,0,0.01,0,0.01,0,0,0,0,0,0,0,0,0,0,0,0,0,0,0,0,0,0,0,0,0,0,0,0,0,0,0,0,0,0,0,0,0,0,0,0,0,0.02,0,0.02,0,0,0,0,0,0,0,0,0.02,0,0.02
9/1/2026,2021,20221001,41354,19235,"TEXAS EASTERN TRANSMISSION, LP (SPECTRA ENERGY PARTNERS, LP)",Natural Gas,INTERSTATE,ILLINOIS,0.12,0,0.42,0,0.54,0.37,0.32,0,0,0.69,2.08,0.03,0.01,0,2.12,1.02,0.63,4.23,0,5.88,0.3,0,0,0,0.3,104.13,4.4,0,0,108.53,0.53,0,0,0,0.53,0.04,0,0,0,0.04,0,0,0,0,0,0,0,0,0,0,108.59,5.38,4.66,0,118.63,0,0,0,0,0,0,108.59,5.38,4.66,0,118.63
9/1/2026,2021,20221001,41354,19235,"TEXAS EASTERN TRANSMISSION, LP (SPECTRA ENERGY PARTNERS, LP)",Natural Gas,INTERSTATE,INDIANA,0.04,0,0,0,0.04,0.01,0.01,0.01,0,0.03,0.78,0.24,0.39,0,1.41,2.8,1.21,5.46,0,9.47,3.35,2.23,0,0,5.58,212.42,23.95,0,0,236.37,0.01,0,0,0,0.01,0,0,0,0,0,0,0,0,0,0,0,0,0,0,0,219.41,27.64,5.86,0,252.91,0,0,0,0,0,0,219.41,27.64,5.86,0,252.91
9/1/2026,2021,20221001,41354,19235,"TEXAS EASTERN TRANSMISSION, LP (SPECTRA ENERGY PARTNERS, LP)",Natural Gas,INTERSTATE,KENTUCKY,0.44,0,0,0,0.44,0,0,0,0,0,0.12,0.23,0.73,0,1.08,11.36,2.35,7.97,0,21.68,17.54,12.98,1.21,0,31.73,603.29,32.1,0,0,635.39,0,0,0,0,0,0,0,0,0,0,0,0,0,0,0,0,0,0,0,0,632.75,47.66,9.91,0,690.32,0,0,0,0,0,0,632.75,47.66,9.91,0,690.32
9/1/2026,2021,20221001,41354,19235,"TEXAS EASTERN TRANSMISSION, LP (SPECTRA ENERGY PARTNERS, LP)",Natural Gas,INTERSTATE,LOUISIANA,7.55,0,0,0,7.55,6.88,0,0,0,6.88,6.48,0.97,0,0,7.45,18.99,7.95,1.28,0,28.22,69.31,16.01,3.06,0,88.38,634.69,17.4,0.01,0,652.1,0,0,0,0,0,0.03,0,0,0,0.03,0.01,0,0,0,0.01,0,0,0,0,0,743.94,42.33,4.35,0,790.62,0.01,7.91,0,0,0,7.92,751.86,42.33,4.35,0,798.54
9/1/2026,2021,20221001,41354,19235,"TEXAS EASTERN TRANSMISSION, LP (SPECTRA ENERGY PARTNERS, LP)",Natural Gas,INTERSTATE,MARYLAND,0,0,0,0,0,0,0,0,0,0,4.74,0.07,0.15,0,4.96,0.48,0,0,0,0.48,25.65,0.98,0.33,0,26.96,7.7,0.68,0,0,8.38,0,0,0,0,0,0,0,0,0,0,0.47,0,0,0,0.47,0,0,0,0,0,39.04,1.73,0.48,0,41.25,0,0,0,0,0,0,39.04,1.73,0.48,0,41.25
9/1/2026,2021,20221001,41354,19235,"TEXAS EASTERN TRANSMISSION, LP (SPECTRA ENERGY PARTNERS, LP)",Natural Gas,INTERSTATE,MISSISSIPPI,2.6,0,0,0,2.6,20.61,0,0,0,20.61,43.44,3.73,0.62,0,47.79,20.72,10.14,4.59,0,35.45,28.19,24.46,0,0,52.65,824.98,13.49,0,0,838.47,0,0,0,0,0,19.64,0,0,0,19.64,0.01,0,0,0,0.01,0,0,0,0,0,960.19,51.82,5.21,0,1017.22,0,0,0,0,0,0,960.19,51.82,5.21,0,1017.22
9/1/2026,2021,20221001,41354,19235,"TEXAS EASTERN TRANSMISSION, LP (SPECTRA ENERGY PARTNERS, LP)",Natural Gas,INTERSTATE,MISSOURI,0,0,0,0,0,0.42,0.01,0,0,0.43,0.55,0.02,0,0,0.57,1.43,0,0,0,1.43,0.09,0,0,0,0.09,67.9,2.23,0,0,70.13,0.11,0,0,0,0.11,0,0,0,0,0,0,0,0,0,0,0,0,0,0,0,70.5,2.26,0,0,72.76,0,0,0,0,0,0,70.5,2.26,0,0,72.76
9/1/2026,2021,20221001,41354,19235,"TEXAS EASTERN TRANSMISSION, LP (SPECTRA ENERGY PARTNERS, LP)",Natural Gas,INTERSTATE,NEW JERSEY,1.15,0,6.63,0.64,8.42,3.97,0.61,9.95,1.77,16.3,3.46,1.27,20.09,0.14,24.96,37.32,12.41,102.64,0,152.37,28.24,14.32,6.55,0,49.11,2.28,0.41,0,0,2.69,3.74,0.94,0,0,4.68,0,0,0,0,0,0,0,0,0,0,0,0,0,0,0,80.16,29.96,145.86,2.55,258.53,0,0,0,0,0,0,80.16,29.96,145.86,2.55,258.53
9/1/2026,2021,20221001,41354,19235,"TEXAS EASTERN TRANSMISSION, LP (SPECTRA ENERGY PARTNERS, LP)",Natural Gas,INTERSTATE,NEW YORK,0.4,0,0.1,0.15,0.65,0.38,0,0.45,0,0.83,0.37,0.13,0.77,0,1.27,2.09,0.5,0.24,0,2.83,0,0,0,0,0,0,0,0,0,0,0,0,0,0,0,0,0,0,0,0,0,0,0,0,0,0,0,0,0,0,3.24,0.63,1.56,0.15,5.58,0,0,0,0,0,0,3.24,0.63,1.56,0.15,5.58
9/1/2026,2021,20221001,41354,19235,"TEXAS EASTERN TRANSMISSION, LP (SPECTRA ENERGY PARTNERS, LP)",Natural Gas,INTERSTATE,OCS-Gulf of Mexico,0,0,0,0,0,0,0,0,0,0,0,0,0,0,0,0,0,0,0,0,0,0,0,0,0,0,0,0,0,0,0,0,0,0,0,0,0,0,0,0,0,0,0,0,0,0,0,0,0,0,0,0,0,0,0,37.51,82.75,0,0,0,120.26,120.26,0,0,0,120.26
9/1/2026,2021,20221001,41354,19235,"TEXAS EASTERN TRANSMISSION, LP (SPECTRA ENERGY PARTNERS, LP)",Natural Gas,INTERSTATE,OHIO,1.84,0,0,0,1.84,1.66,0.25,0.15,0,2.06,8.23,2.8,2.62,0,13.65,19.09,12.74,11.56,0,43.39,84.08,34.31,4.41,0,122.8,503.19,74.47,0.15,0,577.81,233.04,0,0,0,233.04,0,0,0,0,0,0.21,0,0,0,0.21,0,0,0,0,0,851.34,124.57,18.89,0,994.8,0,0,0,0,0,0,851.34,124.57,18.89,0,994.8
9/1/2026,2021,20221001,41354,19235,"TEXAS EASTERN TRANSMISSION, LP (SPECTRA ENERGY PARTNERS, LP)",Natural Gas,INTERSTATE,PENNSYLVANIA,0.68,0.46,3.06,0,4.2,1.61,2.14,13.22,0,16.97,33.97,9.45,67.19,0,110.61,65.79,44.47,182.25,0,292.51,155.41,214.94,54.73,0,425.08,458.59,147.32,3.26,0,609.17,391.91,20.29,0,0,412.2,151.77,5.19,0,0,156.96,2.29,0.01,0.07,0,2.37,0,0,0,0,0,1262.02,444.27,323.78,0,2030.07,0,0,0,0,0,0,1262.02,444.27,323.78,0,2030.07
9/1/2026,2021,20221001,41354,19235,"TEXAS EASTERN TRANSMISSION, LP (SPECTRA ENERGY PARTNERS, LP)",Natural Gas,INTERSTATE,TENNESSEE,0.36,0,0,0,0.36,0,0,0.02,0,0.02,0.63,0.06,0.72,0,1.41,6.05,5.63,41.86,0,53.54,10.72,15.94,5.37,0,32.03,304.99,48.17,8.17,0,361.33,0,0,0,0,0,0.06,0,0,0,0.06,0,0,0,0,0,0,0,0,0,0,322.81,69.8,56.14,0,448.75,0,0,0,0,0,0,322.81,69.8,56.14,0,448.75
9/1/2026,2021,20221001,41354,19235,"TEXAS EASTERN TRANSMISSION, LP (SPECTRA ENERGY PARTNERS, LP)",Natural Gas,INTERSTATE,TEXAS,2.71,0.14,0,0,2.85,28.92,2.37,0.42,0,31.71,57.17,1.33,9.42,0,67.92,31.98,2.88,29.36,0,64.22,106.23,7.41,24.27,0,137.91,764.06,57.5,1.73,0,823.29,0,0,0,0,0,0,0,0,0,0,0.01,0,0,0,0.01,0,0,0,0,0,991.08,71.63,65.2,0,1127.91,0,0,0,0,0,0,991.08,71.63,65.2,0,1127.91
9/1/2026,2021,20221001,41354,19235,"TEXAS EASTERN TRANSMISSION, LP (SPECTRA ENERGY PARTNERS, LP)",Natural Gas,INTERSTATE,WEST VIRGINIA,0.04,0,0,0,0.04,0,0,0,0,0,0.07,0,0,0,0.07,5.03,0.03,0,0,5.06,0.85,1.35,0,0,2.2,28.03,0.5,0,0,28.53,34.24,0.06,0,0,34.3,0,0,0,0,0,0.11,0,0,0,0.11,0,0,0,0,0,68.37,1.94,0,0,70.31,0,0,0,0,0,0,68.37,1.94,0,0,70.31
9/1/2026,2021,20220141,39974,19269,TGG PIPELINE LTD,Natural Gas,INTRASTATE,LOUISIANA,0,0,0,0,0,0,0,0,0,0,0,0,0,0,0,0,0,0,0,0,0.661,0,0,0,0.661,5.404,0,0,0,5.404,0,0,0,0,0,0,0,0,0,0,0,0,0,0,0,0,0,0,0,0,6.065,0,0,0,6.065,0,0,0,0,0,0,6.065,0,0,0,6.065
9/1/2026,2021,20220534,43144,19270,"TEXAS GAS TRANSMISSION, LLC",Natural Gas,INTERSTATE,ARKANSAS,0,0,0,0,0,7.65,0,0,0,7.65,4.1,0,0,0,4.1,8.2,0.14,0,0,8.34,17.89,1.37,0,0,19.26,133.72,0.07,0,0,133.79,217.78,0.64,0,0,218.42,1.27,0,0,0,1.27,0,0,0,0,0,0,0,0,0,0,390.61,2.22,0,0,392.83,0,0,0,0,0,0,390.61,2.22,0,0,392.83
9/1/2026,2021,20220534,43144,19270,"TEXAS GAS TRANSMISSION, LLC",Natural Gas,INTERSTATE,ILLINOIS,18.88,0.86,0.19,0,19.93,34.25,0.87,0.65,0,35.77,0.33,0,0,0,0.33,0,0,0,0,0,0,0,0,0,0,0,0,0,0,0,0,0,0,0,0,0,0,0,0,0,0,0,0,0,0,0,0,0,0,0,53.46,1.73,0.84,0,56.03,0,0,0,0,0,0,53.46,1.73,0.84,0,56.03
9/1/2026,2021,20220534,43144,19270,"TEXAS GAS TRANSMISSION, LLC",Natural Gas,INTERSTATE,INDIANA,38.59,3.97,3.51,0,46.07,37.69,8.39,0.56,0,46.64,60.82,10.94,9.36,0,81.12,54.55,12.33,4.53,0,71.41,214.89,19.11,2.76,0,236.76,270.35,11.52,0,0,281.87,0.05,0,0,0,0.05,0.02,0,0,0,0.02,0,0,0,0,0,2.21,2.84,1.09,0,6.14,679.17,69.1,21.81,0,770.08,0,0,0,0,0,0,679.17,69.1,21.81,0,770.08
9/1/2026,2021,20220534,43144,19270,"TEXAS GAS TRANSMISSION, LLC",Natural Gas,INTERSTATE,KENTUCKY,33.69,7.24,7.75,0,48.68,63.25,17.82,16.62,0,97.69,60.28,13.19,11.21,0,84.68,145.99,25.29,54.82,0,226.1,147.37,15.26,31.71,0,194.34,634.17,63.61,1.04,0,698.82,117.74,0,0,0,117.74,2.79,0,0,0,2.79,0,0,0,0,0,0.07,1.14,0.02,0,1.23,1205.35,143.55,123.17,0,1472.07,0,0,0,0,0,0,1205.35,143.55,123.17,0,1472.07
9/1/2026,2021,20220534,43144,19270,"TEXAS GAS TRANSMISSION, LLC",Natural Gas,INTERSTATE,LOUISIANA,51.48,4.05,3.28,0,58.81,31.63,1.68,2.68,0,35.99,41.51,4.53,11.42,0,57.46,80.91,10.24,38.68,0,129.83,253.16,14.5,23.75,0,291.41,883.47,77.42,0.68,0,961.57,99.05,0,0,0,99.05,4.56,0,0,0,4.56,0,0,0,0,0,0,0,0,0,0,1445.77,112.42,80.49,0,1638.68,0,0,0,0,0,0,1445.77,112.42,80.49,0,1638.68
9/1/2026,2021,20220534,43144,19270,"TEXAS GAS TRANSMISSION, LLC",Natural Gas,INTERSTATE,MISSISSIPPI,0.06,0.02,0.01,0,0.09,16.24,1.94,4.05,0,22.23,10.96,1.66,3.75,0,16.37,94.53,7.64,27.87,0,130.04,172.38,5.6,9.44,0,187.42,439.79,8.58,0,0,448.37,107.46,0.02,0,0,107.48,1.08,0,0,0,1.08,0,0,0,0,0,0,0,0,0,0,842.5,25.46,45.12,0,913.08,0,0,0,0,0,0,842.5,25.46,45.12,0,913.08
9/1/2026,2021,20220534,43144,19270,"TEXAS GAS TRANSMISSION, LLC",Natural Gas,INTERSTATE,OHIO,0,0,0,0,0,0.02,0.25,0.57,0,0.84,0.3,0,0.63,0,0.93,1.71,2.23,8.44,0,12.38,20.03,6.83,36.49,0,63.35,4.19,2.78,0,0,6.97,0,0,0,0,0,0,0,0,0,0,0,0,0,0,0,0,0,0,0,0,26.25,12.09,46.13,0,84.47,0,0,0,0,0,0,26.25,12.09,46.13,0,84.47
9/1/2026,2021,20220534,43144,19270,"TEXAS GAS TRANSMISSION, LLC",Natural Gas,INTERSTATE,TENNESSEE,0.72,0.58,0.03,0,1.33,10.65,2.53,4.56,0,17.74,42.42,0.46,3.1,0,45.98,34.13,2.33,52.69,0,89.15,25.52,0.5,36.4,0,62.42,245.12,7.98,0,0,253.1,118.81,0,0,0,118.81,0.18,0,0,0,0.18,0,0,0,0,0,0,0,0,0,0,477.55,14.38,96.78,0,588.71,0,0,0,0,0,0,477.55,14.38,96.78,0,588.71
9/1/2026,2021,20220534,43144,19270,"TEXAS GAS TRANSMISSION, LLC",Natural Gas,INTERSTATE,TEXAS,0,0,0,0,0,0,0,0,0,0,0.16,0,0,0,0.16,0.08,0,0,0,0.08,0.01,0,0,0,0.01,14.02,0,0,0,14.02,0,0,0,0,0,0,0,0,0,0,0,0,0,0,0,0,0,0,0,0,14.27,0,0,0,14.27,0,0,0,0,0,0,14.27,0,0,0,14.27
9/1/2026,2021,20220701,40556,19319,"TPC GROUP, LLC",Hydrogen Gas,INTRASTATE,TEXAS,0,0,0,0,0,0,0,0,0,0,0,0,0,0,0,0,0,0,0,0,0.929,0,0,0,0.929,0,0,0,0,0,0,0,0,0,0,0,0,0,0,0,0,0,0,0,0,0,0,0,0,0,0.929,0,0,0,0.929,0,0,0,0,0,0,0.929,0,0,0,0.929
9/1/2026,2021,20220700,40555,19319,"TPC GROUP, LLC",Natural Gas,INTRASTATE,TEXAS,0,0,1.088,0,1.088,0,0,0,0,0,0,0,0,0,0,0,0,0,0,0,0,0,0,0,0,0,0,0,0,0,0,0,0,0,0,0,0,0,0,0,0,0,0,0,0,0,0,0,0,0,0,0,1.088,0,1.088,0,0,0,0,0,0,0,0,1.088,0,1.088
9/1/2026,2021,20220894,40755,19410,THUMS LONG BEACH CO,Natural Gas,INTRASTATE,CALIFORNIA,0,0.54,0,0,0.54,0,0,0,0,0,0,0,0,0,0,0,0,0,0,0,0,0,0,0,0,0,0,0,0,0,0,0,0,0,0,0,0,0,0,0,0,0,0,0,0,0,0,0,0,0,0,0.54,0,0,0.54,0,0,0,0,0,0,0,0.54,0,0,0.54
9/1/2026,2021,20221199,41074,19490,"TOCCOA NATURAL GAS SYSTEM, CITY OF",Natural Gas,INTRASTATE,GEORGIA,0,0,0,0,0,0,0,0,0,0,55.5,0,22,0,77.5,0,0,0,0,0,0,0,0,0,0,0,0,0,0,0,0,0,0,0,0,0,0,0,0,0,0,0,0,0,0,0,0,0,0,0,55.5,0,22,0,77.5,0,0,0,0,0,0,55.5,0,22,0,77.5
9/1/2026,2021,20221199,41074,19490,"TOCCOA NATURAL GAS SYSTEM, CITY OF",Natural Gas,INTRASTATE,NORTH CAROLINA,0,0,0,0,0,0,0,0,0,0,0,0,12.7,0,12.7,0,0,0,0,0,0,0,0,0,0,0,0,0,0,0,0,0,0,0,0,0,0,0,0,0,0,0,0,0,0,0,0,0,0,0,0,0,12.7,0,12.7,0,0,0,0,0,0,0,0,12.7,0,12.7
9/1/2026,2021,20221273,46725,19570,TRANSCONTINENTAL GAS PIPE LINE COMPANY,Natural Gas,INTERSTATE,ALABAMA,0,0,0,0,0,1.289,0.068,0,0,1.357,7.671,0.86,0.042,0,8.573,15.076,2.594,1.566,0,19.236,214.46,25.014,2.628,0,242.102,840.04,37.171,0.128,0,877.339,0,0,0,0,0,0,0,0,0,0,2.741,0.008,0,0,2.749,0.007,0,0,0,0.007,1081.284,65.715,4.364,0,1151.363,0,0,0,0,0,0,1081.284,65.715,4.364,0,1151.363
9/1/2026,2021,20221273,46725,19570,TRANSCONTINENTAL GAS PIPE LINE COMPANY,Natural Gas,INTERSTATE,DELAWARE,0,0.007,0,0,0.007,0.86,0.14,0,0,1,1.117,0.535,0,0,1.652,0,0.004,0,0,0.004,0,0,0,0,0,0,0,0,0,0,0,0,0,0,0,0,0,0,0,0,0,0,0,0,0,0,0,0,0,0,1.977,0.686,0,0,2.663,0,0,0,0,0,0,1.977,0.686,0,0,2.663
9/1/2026,2021,20221273,46725,19570,TRANSCONTINENTAL GAS PIPE LINE COMPANY,Natural Gas,INTERSTATE,GEORGIA,0.201,0,0,0,0.201,0.853,0.041,1.187,0,2.081,4.285,1.503,12.698,0,18.486,43.947,28.004,153.587,0,225.538,131.103,52.443,54.151,0,237.697,233.7,108.243,1.17,0,343.113,0,0,0,0,0,0,0,0,0,0,0,0.099,0,0,0.099,0,0.014,0,0,0.014,414.089,190.347,222.793,0,827.229,0,0,0,0,0,0,414.089,190.347,222.793,0,827.229
9/1/2026,2021,20221273,46725,19570,TRANSCONTINENTAL GAS PIPE LINE COMPANY,Natural Gas,INTERSTATE,LOUISIANA,0.042,0,0.018,0,0.06,18.629,0.011,0.198,0,18.838,76.703,2.432,5.013,0,84.148,58.094,7.723,15.585,0,81.402,188.996,26.11,18.58,0,233.686,873.755,38.617,0.05,0,912.422,0,0,0,0,0,0.003,0,0,0,0.003,3.596,2.559,0.573,0,6.728,0.842,0,0,0,0.842,1220.66,77.452,40.017,0,1338.129,0,0,0,0,0,0,1220.66,77.452,40.017,0,1338.129
9/1/2026,2021,20221273,46725,19570,TRANSCONTINENTAL GAS PIPE LINE COMPANY,Natural Gas,INTERSTATE,MARYLAND,1.305,0,0.001,0,1.306,0.02,0.002,0.235,0.088,0.345,1.711,0.437,2.878,0.3,5.326,10.365,12.212,48.221,2.174,72.972,27.158,17.789,45.657,0,90.604,44.243,29.118,3.146,0,76.507,0,0,0,0,0,0,0,0,0,0,0,0.003,0,0,0.003,0,0,0,0,0,84.802,59.561,100.138,2.562,247.063,0,0,0,0,0,0,84.802,59.561,100.138,2.562,247.063
9/1/2026,2021,20221273,46725,19570,TRANSCONTINENTAL GAS PIPE LINE COMPANY,Natural Gas,INTERSTATE,MISSISSIPPI,0.038,0,0,0,0.038,6.812,0.046,0,0,6.858,10.785,1.207,0,0,11.992,3.193,1.818,0,0,5.011,60.719,24.713,0,0,85.432,455.166,49.083,0,0,504.249,0,0,0,0,0,0,0,0,0,0,0.085,0.017,0,0,0.102,0,0,0,0,0,536.798,76.884,0,0,613.682,0,0,0,0,0,0,536.798,76.884,0,0,613.682
9/1/2026,2021,20221273,46725,19570,TRANSCONTINENTAL GAS PIPE LINE COMPANY,Natural Gas,INTERSTATE,NEW JERSEY,2.52,0.597,5.13,0,8.247,7.26,0.774,32.039,0,40.073,29.163,7.567,62.514,0.481,99.725,80.61,27.016,148.715,0,256.341,66.255,30.201,51.728,0,148.184,8.077,3.423,0.551,0,12.051,0,0,0,0,0,0,0,0,0,0,0.102,0.027,0,0,0.129,0.055,0,0.059,0,0.114,194.042,69.605,300.736,0.481,564.864,0,0,0,0,0,0,194.042,69.605,300.736,0.481,564.864
9/1/2026,2021,20221273,46725,19570,TRANSCONTINENTAL GAS PIPE LINE COMPANY,Natural Gas,INTERSTATE,NEW YORK,0.773,0,0.07,0,0.843,4.233,0,0.656,0,4.889,0.194,0,0.209,0,0.403,1.638,0,3.419,0,5.057,1.494,0,3.273,0,4.767,0,0,0,0,0,0,0,0,0,0,0,0,0,0,0,0,0,0,0,0,0,0,0,0,0,8.332,0,7.627,0,15.959,13.735,0,0,0,0,13.735,22.067,0,7.627,0,29.694
9/1/2026,2021,20221273,46725,19570,TRANSCONTINENTAL GAS PIPE LINE COMPANY,Natural Gas,INTERSTATE,NORTH CAROLINA,0.003,0.007,0.024,0,0.034,0.074,0.013,0.223,0,0.31,8.974,5.347,10.967,0,25.288,38.953,30.077,82.575,0,151.605,111.87,41.19,58.71,0,211.77,149.756,49.912,1.527,0,201.195,0,0,0,0,0,0,0,0,0,0,0.005,0.102,0,0,0.107,0,0,0,0,0,309.635,126.648,154.026,0,590.309,0,0,0,0,0,0,309.635,126.648,154.026,0,590.309
9/1/2026,2021,20221273,46725,19570,TRANSCONTINENTAL GAS PIPE LINE COMPANY,Natural Gas,INTERSTATE,PENNSYLVANIA,0.521,0.25,0.366,0,1.137,5.385,4.681,31.044,0,41.11,6.719,1.486,18.671,0,26.876,65.948,26.586,132.772,0,225.306,309.6,105.341,137.769,0,552.71,350.121,36.057,0.173,0,386.351,0,0,0,0,0,0.003,0.014,0,0,0.017,0.098,0,0,0,0.098,0.014,0,0.006,0,0.02,738.409,174.415,320.801,0,1233.625,0,0,0,0,0,0,738.409,174.415,320.801,0,1233.625
9/1/2026,2021,20221273,46725,19570,TRANSCONTINENTAL GAS PIPE LINE COMPANY,Natural Gas,INTERSTATE,SOUTH CAROLINA,0.172,0.022,0,0,0.194,0.086,0,0.068,0,0.154,0.809,0.113,1.604,0,2.526,20.374,14.436,47.812,0,82.622,93.648,35.936,20.752,0,150.336,127.672,49.163,0.739,0,177.574,0,0,0,0,0,0,0,0,0,0,0.055,0,0,0,0.055,0.005,0,0,0,0.005,242.821,99.67,70.975,0,413.466,0,0,0,0,0,0,242.821,99.67,70.975,0,413.466
9/1/2026,2021,20221273,46725,19570,TRANSCONTINENTAL GAS PIPE LINE COMPANY,Natural Gas,INTERSTATE,TEXAS,0.071,0,0,0,0.071,0.68,0.008,1.517,0,2.205,4.153,0.334,3.815,0,8.302,8.209,3.194,79.828,0,91.231,201.212,4.244,2.046,0,207.502,332.348,13.704,3.806,0,349.858,0,0,0,0,0,0,0,0,0,0,0.031,0,0,0,0.031,0,0,0,0,0,546.704,21.484,91.012,0,659.2,0,0,0,0,0,0,546.704,21.484,91.012,0,659.2
9/1/2026,2021,20221273,46725,19570,TRANSCONTINENTAL GAS PIPE LINE COMPANY,Natural Gas,INTERSTATE,VIRGINIA,0.145,0,0,0,0.145,0.371,0.059,0.35,0,0.78,3.37,0.927,2.605,0,6.902,57.972,14.845,45.247,0,118.064,288.714,35.998,40.851,0,365.563,422.157,51.851,1.614,0,475.622,0.001,0,0,0,0.001,0,0,0,0,0,0.043,0.049,0,0,0.092,0.003,0,0,0,0.003,772.776,103.729,90.667,0,967.172,0,0,0,0,0,0,772.776,103.729,90.667,0,967.172
9/1/2026,2021,20221245,41136,19574,TRAILBLAZER PIPELINE CO,Natural Gas,INTERSTATE,COLORADO,0.004,0,0,0,0.004,0.005,0,0,0,0.005,0.393,0,0,0,0.393,1.313,0,0,0,1.313,1.468,0,0,0,1.468,128.185,0,0,0,128.185,0,0,0,0,0,0,0,0,0,0,0,0,0,0,0,0,0,0,0,0,131.368,0,0,0,131.368,0,0,0,0,0,0,131.368,0,0,0,131.368
9/1/2026,2021,20221245,41136,19574,TRAILBLAZER PIPELINE CO,Natural Gas,INTERSTATE,NEBRASKA,0.034,0,0,0,0.034,10.078,0,0,0,10.078,0.359,0,0,0,0.359,1.635,0,0.093,0,1.728,6.293,0,0,0,6.293,308.888,0,0,0,308.888,0,0,0,0,0,0,0,0,0,0,0,0,0,0,0,0,0,0,0,0,327.287,0,0.093,0,327.38,0,0,0,0,0,0,327.287,0,0.093,0,327.38
9/1/2026,2021,20221245,41136,19574,TRAILBLAZER PIPELINE CO,Natural Gas,INTERSTATE,WYOMING,0,0,0,0,0,0,0,0,0,0,0,0,0,0,0,0,0,0,0,0,0.038,0,0,0,0.038,5.698,0,0,0,5.698,0,0,0,0,0,0,0,0,0,0,0,0,0,0,0,0,0,0,0,0,5.736,0,0,0,5.736,0,0,0,0,0,0,5.736,0,0,0,5.736
9/1/2026,2021,20220405,40249,19580,TRANSCOLORADO GAS TRANSMISSION COMPANY LLC,Natural Gas,INTERSTATE,COLORADO,0,0,0,0,0,0,0,0,0,0,6.46,0.42,0.09,0,6.97,1.34,0,0,0,1.34,21.97,0,0,0,21.97,243.08,0,0,0,243.08,0,0,0,0,0,0,0,0,0,0,0,0,0,0,0,0,0,0,0,0,272.85,0.42,0.09,0,273.36,0,0,0,0,0,0,272.85,0.42,0.09,0,273.36
9/1/2026,2021,20220405,40249,19580,TRANSCOLORADO GAS TRANSMISSION COMPANY LLC,Natural Gas,INTERSTATE,NEW MEXICO,0,0,0,0,0,0,0,0,0,0,0.01,0,0,0,0.01,1.08,0.01,0.17,0,1.26,0.95,0,0,0,0.95,35.44,0.94,0,0,36.38,0,0,0,0,0,0,0,0,0,0,0,0,0,0,0,0,0,0,0,0,37.48,0.95,0.17,0,38.6,0,0,0,0,0,0,37.48,0.95,0.17,0,38.6
9/1/2026,2021,20220564,40411,19610,TRANSWESTERN PIPELINE COMPANY LLC,Natural Gas,INTERSTATE,ARIZONA,0.05,0,0,0,0.05,0.32,0.05,0.23,0,0.6,2.87,0.02,0.22,0,3.11,60.8,9.28,20.13,0,90.21,195.78,9.44,1.03,0,206.25,647.09,7.73,0.01,0,654.83,2.42,0,0,0,2.42,0.03,0,0,0,0.03,0.67,0,0,0,0.67,0,0,0,0,0,910.03,26.52,21.62,0,958.17,0,0,0,0,0,0,910.03,26.52,21.62,0,958.17
9/1/2026,2021,20220564,40411,19610,TRANSWESTERN PIPELINE COMPANY LLC,Natural Gas,INTERSTATE,CALIFORNIA,0,0,0,0,0,0,0,0,0,0,0.04,0,0,0,0.04,0.27,0.02,0,0,0.29,0,0.09,0,0,0.09,0.38,0,0,0,0.38,0,0,0,0,0,0,0,0,0,0,0,0,0,0,0,0,0,0,0,0,0.69,0.11,0,0,0.8,0,0,0,0,0,0,0.69,0.11,0,0,0.8
9/1/2026,2021,20220564,40411,19610,TRANSWESTERN PIPELINE COMPANY LLC,Natural Gas,INTERSTATE,COLORADO,0,0,0,0,0,0,0,0,0,0,0.09,0,0,0,0.09,0.1,0,0,0,0.1,0.06,0,0,0,0.06,10.64,0,0,0,10.64,0,0,0,0,0,0,0,0,0,0,0,0,0,0,0,0,0,0,0,0,10.89,0,0,0,10.89,0,0,0,0,0,0,10.89,0,0,0,10.89
9/1/2026,2021,20220564,40411,19610,TRANSWESTERN PIPELINE COMPANY LLC,Natural Gas,INTERSTATE,NEW MEXICO,0.03,0,0,0,0.03,0.24,0.01,0,0,0.25,2.48,0.47,0.86,0,3.81,41.21,2.03,5.4,0,48.64,71.33,3.87,1.37,0,76.57,1032.74,13.94,0,0,1046.68,9.92,0,0,0,9.92,0,0,0,0,0,0,0,0,0,0,0,0,0,0,0,1157.95,20.32,7.63,0,1185.9,0,0,0,0,0,0,1157.95,20.32,7.63,0,1185.9
9/1/2026,2021,20220564,40411,19610,TRANSWESTERN PIPELINE COMPANY LLC,Natural Gas,INTERSTATE,TEXAS,0.06,0,0,0,0.06,2.83,0,0,0,2.83,2.99,0.15,1.54,0,4.68,50.65,0.23,1.13,0,52.01,18.54,0.02,0,0,18.56,304.91,6.61,3.68,0,315.2,0,0,0,0,0,5.71,0,0,0,5.71,0,0,0,0,0,0,0,0,0,0,385.69,7.01,6.35,0,399.05,0,0,0,0,0,0,385.69,7.01,6.35,0,399.05
9/1/2026,2021,20220565,40412,19730,TRUNKLINE GAS CO,Natural Gas,INTERSTATE,ARKANSAS,0.01,0,0,0,0.01,0.01,0,0,0,0.01,0.02,0,0,0,0.02,2.34,0,0,0,2.34,0.77,0,0,0,0.77,17.72,0,0,0,17.72,0.51,0,0,0,0.51,0,0,0,0,0,0,0,0,0,0,0,0,0,0,0,21.38,0,0,0,21.38,0,0,0,0,0,0,21.38,0,0,0,21.38
9/1/2026,2021,20220565,40412,19730,TRUNKLINE GAS CO,Natural Gas,INTERSTATE,ILLINOIS,2.42,0,0,0,2.42,1.59,0,0,0,1.59,0.46,0,0,0,0.46,6.54,0.17,0.15,0,6.86,11.81,1.09,0,0,12.9,341.79,13.42,0.01,0,355.22,74.03,0,0,0,74.03,0,0,0,0,0,0,0,0,0,0,0,0,0,0,0,438.64,14.68,0.16,0,453.48,0,0,0,0,0,0,438.64,14.68,0.16,0,453.48
9/1/2026,2021,20220565,40412,19730,TRUNKLINE GAS CO,Natural Gas,INTERSTATE,INDIANA,0,0,0.02,0,0.02,0.19,0,0.14,0,0.33,0.49,0.73,3.11,0,4.33,4.26,1.01,1.66,0,6.93,27.34,17.98,9.01,0,54.33,105.02,6.77,0,0,111.79,65.01,0,0,0,65.01,0,0,0,0,0,0.14,0,0,0,0.14,0,0,0,0,0,202.45,26.49,13.94,0,242.88,0,0,0,0,0,0,202.45,26.49,13.94,0,242.88
9/1/2026,2021,20220565,40412,19730,TRUNKLINE GAS CO,Natural Gas,INTERSTATE,KENTUCKY,0.19,0,0,0,0.19,0.01,0,0,0,0.01,0.03,0,0,0,0.03,1.99,0,0,0,1.99,5.6,0,0,0,5.6,45.46,0,0,0,45.46,0,0,0,0,0,0,0,0,0,0,0,0,0,0,0,0,0,0,0,0,53.28,0,0,0,53.28,0,0,0,0,0,0,53.28,0,0,0,53.28
9/1/2026,2021,20220565,40412,19730,TRUNKLINE GAS CO,Natural Gas,INTERSTATE,LOUISIANA,0.72,0.04,0,0,0.76,3.3,0.03,0,0,3.33,15.06,1.84,0.08,0,16.98,26.28,4.03,0.02,0,30.33,112.46,17.68,5.1,0,135.24,485.69,33.85,0,0,519.54,0.01,0,0,0,0.01,10.23,0,0,0,10.23,0.11,0,0,0,0.11,0,0,0,0,0,653.86,57.47,5.2,0,716.53,0,0,0,0,0,0,653.86,57.47,5.2,0,716.53
9/1/2026,2021,20220565,40412,19730,TRUNKLINE GAS CO,Natural Gas,INTERSTATE,MISSISSIPPI,0.46,0,0,0,0.46,0.03,0,0,0,0.03,0.24,0.02,0,0,0.26,2.34,0.64,0,0,2.98,6.34,1.65,0,0,7.99,129.48,10.07,0,0,139.55,0.58,0,0,0,0.58,1.37,0,0,0,1.37,0,0,0,0,0,0,0,0,0,0,140.84,12.38,0,0,153.22,0,0,0,0,0,0,140.84,12.38,0,0,153.22
9/1/2026,2021,20220565,40412,19730,TRUNKLINE GAS CO,Natural Gas,INTERSTATE,TENNESSEE,0.32,0,0.08,0,0.4,1.02,0,0,0,1.02,0.25,0.07,0.1,0,0.42,2.26,1.09,0.36,0,3.71,12.66,1.29,0.12,0,14.07,79.46,16.41,0,0,95.87,0,0,0,0,0,0,0,0,0,0,0,0,0,0,0,0,0,0,0,0,95.97,18.86,0.66,0,115.49,0,0,0,0,0,0,95.97,18.86,0.66,0,115.49
9/1/2026,2021,20220565,40412,19730,TRUNKLINE GAS CO,Natural Gas,INTERSTATE,TEXAS,0.24,0,0.03,0,0.27,4.29,1.06,3.41,0,8.76,13.88,0.36,22.05,0,36.29,9.33,0.89,6.13,0,16.35,43.79,3.23,11.84,0,58.86,314.02,21.93,5.4,0,341.35,0,0,0,0,0,0,0,0,0,0,0.05,0,0,0,0.05,0,0,0,0,0,385.6,27.47,48.86,0,461.93,0,0,0,0,0,0,385.6,27.47,48.86,0,461.93
9/1/2026,2021,20220428,40274,19890,UCAR LOUISIANA PIPELINE CO,Natural Gas,INTRASTATE,LOUISIANA,0,0,0,0,0,0,0,0,0,0,0,0,0,0,0,0.02,0,0,0,0.02,1.41,0,0,0,1.41,0,0,0,0,0,0,0,0,0,0,0,0,0,0,0,0,0,0,0,0,0,0,0,0,0,1.43,0,0,0,1.43,0,0,0,0,0,0,1.43,0,0,0,1.43
9/1/2026,2021,20220471,40647,19892,UCAR PIPELINE INCORPORATED,Other Gas-Ethylene,INTERSTATE,LOUISIANA,0.01,0,0,0,0.01,3.37,0,0,0,3.37,39.25,0.4,1.42,0,41.07,36.52,1.07,5.21,0,42.8,126.82,5.2,2.07,0,134.09,0,0,0,0,0,0,0,0,0,0,0,0,0,0,0,0,0,0,0,0,0,0,0,0,0,205.97,6.67,8.7,0,221.34,0,0,0,0,0,0,205.97,6.67,8.7,0,221.34
9/1/2026,2021,20220471,40647,19892,UCAR PIPELINE INCORPORATED,Other Gas-Ethylene,INTERSTATE,TEXAS,0,0,0,0,0,0.02,0.05,1.22,0,1.29,0.24,0.06,0.9,0,1.2,1.6,0.14,4.63,0,6.37,50.55,15.56,29.41,0,95.52,0,0,0,0,0,0,0,0,0,0,0,0,0,0,0,0,0,0,0,0,0,0,0,0,0,52.41,15.81,36.16,0,104.38,0,0,0,0,0,0,52.41,15.81,36.16,0,104.38
9/1/2026,2021,20220471,40647,19892,UCAR PIPELINE INCORPORATED,Other Gas-Ethylene,INTRASTATE,LOUISIANA,0,0,0,0,0,0,0,0,0,0,0,0,0,0,0,0.28,0,0,0,0.28,0,0,0,0,0,0,0,0,0,0,0,0,0,0,0,0,0,0,0,0,0,0,0,0,0,0,0,0,0,0,0.28,0,0,0,0.28,0,0,0,0,0,0,0.28,0,0,0,0.28
9/1/2026,2021,20220471,40647,19892,UCAR PIPELINE INCORPORATED,Other Gas-Ethylene,INTRASTATE,TEXAS,0,0,0,0,0,0.45,0,1.26,0,1.71,0.96,0,0.35,0,1.31,0,0,0.01,0,0.01,2.64,0,13.49,0,16.13,0,0,0,0,0,0,0,0,0,0,0,0,0,0,0,0,0,0,0,0,0,0,0,0,0,4.05,0,15.11,0,19.16,,,,,,,4.05,0,15.11,0,19.16
9/1/2026,2021,20220691,40546,20010,"UGI UTILITIES, INC",Natural Gas,INTRASTATE,PENNSYLVANIA,30.1,18.5,9.9,0,58.5,25.7,20.3,51.4,0,97.4,39.8,23.2,20.8,0,83.8,29.8,8,18.2,0,56,6.5,4,0.8,0,11.3,0,0,0,0,0,0,0,0,0,0,0,0,0,0,0,0,0,0,0,0,0,0,0,0,0,131.9,74,101.1,0,307,0,0,0,0,0,0,131.9,74,101.1,0,307
9/1/2026,2021,20220545,40391,20044,LINDE,Hydrogen Gas,INTERSTATE,LOUISIANA,0.37,0.46,0,0,0.83,2.01,1.08,0.33,0,3.42,3.47,4.88,0.26,0,8.61,26.09,0.99,0,0,27.08,0,0,0,0,0,0,0,0,0,0,0,0,0,0,0,0,0,0,0,0,0,0.05,0,0,0.05,0,0,0,0,0,31.94,7.46,0.59,0,39.99,0,0,0,0,0,0,31.94,7.46,0.59,0,39.99
9/1/2026,2021,20220545,40391,20044,LINDE,Hydrogen Gas,INTERSTATE,TEXAS,3.79,6.85,2.93,0,13.57,21.53,8.62,11.3,0,41.45,33.4,9.1,20.11,0,62.61,84.41,4.97,5.67,0,95.05,54.13,7.97,2.34,0,64.44,5.1,0.22,0,0,5.32,0,0,0,0,0,0,0,0,0,0,0.02,0.04,0.17,0,0.23,0,0,0,0,0,202.38,37.77,42.52,0,282.67,1,14.3,0,0,0,15.3,217.68,37.77,42.52,0,297.97
9/1/2026,2021,20220545,40391,20044,LINDE,Hydrogen Gas,INTRASTATE,ALABAMA,0,0,0,0,0,0.75,0.23,4.08,0,5.06,0.04,0.01,0,0,0.05,2.54,1.48,1.84,0,5.86,0,0,0,0,0,0,0,0,0,0,0,0,0,0,0,0,0,0,0,0,0,0,0,0,0,0,0,0,0,0,3.33,1.72,5.92,0,10.97,0,0,0,0,0,0,3.33,1.72,5.92,0,10.97
9/1/2026,2021,20220545,40391,20044,LINDE,Hydrogen Gas,INTRASTATE,INDIANA,6.16,1.55,4.28,0,11.99,0,0,0,0,0,0,0,0,0,0,0,0,0,0,0,0,0,0,0,0,0,0,0,0,0,0,0,0,0,0,0,0,0,0,0,0,0,0.02,0,0.02,0,0,0,0,0,6.16,1.55,4.3,0,12.01,0,0,0,0,0,0,6.16,1.55,4.3,0,12.01
9/1/2026,2021,20220545,40391,20044,LINDE,Hydrogen Gas,INTRASTATE,LOUISIANA,0,0,0,0,0,2.71,0.45,0.46,0,3.62,2.49,1.26,8.1,0,11.85,31.12,4.59,4.62,0,40.33,0,0,0,0,0,31.4,0.06,0,0,31.46,0,0,0,0,0,0,0,0,0,0,0,0,0,0,0,0,0,0,0,0,67.72,6.36,13.18,0,87.26,0,0,0,0,0,0,67.72,6.36,13.18,0,87.26
9/1/2026,2021,20220545,40391,20044,LINDE,Hydrogen Gas,INTRASTATE,NEW YORK,0,0,0.87,0,0.87,0,0,0,0,0,0,0,0,0,0,0,0,0,0,0,0,0,0,0,0,0,0,0,0,0,0,0,0,0,0,0,0,0,0,0,0,0,0.08,0,0.08,0,0,0,0,0,0,0,0.95,0,0.95,0,0,0,0,0,0,0,0,0.95,0,0.95
9/1/2026,2021,20220545,40391,20044,LINDE,Hydrogen Gas,INTRASTATE,OHIO,0,0,0,0,0,0,0,0,0,0,0,0,0,0,0,1.31,0,5.9,0,7.21,0,0,0,0,0,0,0,0,0,0,0,0,0,0,0,0,0,0,0,0,0,0,0,0,0,0,0,0,0,0,1.31,0,5.9,0,7.21,0,0,0,0,0,0,1.31,0,5.9,0,7.21
9/1/2026,2021,20220545,40391,20044,LINDE,Hydrogen Gas,INTRASTATE,UTAH,0,0,0,0,0,0.11,0.27,1.72,0,2.1,0,0,0,0,0,0,0,0,0,0,0,0,0,0,0,0,0,0,0,0,0,0,0,0,0,0,0,0,0,0,0,0,0,0,0,0,0,0,0,0,0.11,0.27,1.72,0,2.1,0,0,0,0,0,0,0.11,0.27,1.72,0,2.1
9/1/2026,2021,20220025,39847,20044,LINDE,Natural Gas,INTRASTATE,TEXAS,0.058,0,0,0,0.058,0,0,0,0,0,0,0,0,0,0,0,0,0,0,0,0,0,0,0,0,0,0,0,0,0,0,0,0,0,0,0,0,0,0,0,0,0,0,0,0,0,0,0,0,0,0.058,0,0,0,0.058,0,0,0,0,0,0,0.058,0,0,0,0.058
9/1/2026,2021,20220668,40522,20046,UNION CARBIDE CHEMICALS & PLASTICS CO INC,Natural Gas,INTRASTATE,WEST VIRGINIA,1.36,0.92,4.22,0,6.5,0,0,0,0,0,0,0,0,0,0,0,0,0,0,0,0,0,0,0,0,0,0,0,0,0,0,0,0,0,0,0,0,0,0,0,0,0,0,0,0,0,0,0,0,0,1.36,0.92,4.22,0,6.5,0,0,0,0,0,0,1.36,0.92,4.22,0,6.5
9/1/2026,2021,20220503,40349,20050,AMERENUE,Natural Gas,INTRASTATE,ILLINOIS,0,0,0,0,0,0,0,0,0,0,0,0,0,0,0,0,0,0,0,0,6.05,1.26,0,0,7.31,0.02,0,0,0,0.02,0,0,0,0,0,0,0,0,0,0,0,0,0,0,0,0,0,0,0,0,6.07,1.26,0,0,7.33,0,0,0,0,0,0,6.07,1.26,0,0,7.33
9/1/2026,2021,20220503,40349,20050,AMERENUE,Natural Gas,INTRASTATE,MISSOURI,0.646,0.818,0.07,0,1.534,6.146,0.229,2.928,0,9.303,26.803,5.243,0.019,0,32.065,0,0,0.007,0,0.007,0,0,0.577,0,0.577,0,0,0.49,0,0.49,0,0,0,0,0,0,0,0,0,0,0,0,0,0,0,0,0,0,0,0,33.595,6.29,4.091,0,43.976,0,0,0,0,0,0,33.595,6.29,4.091,0,43.976
9/1/2026,2021,20220527,40373,20110,DUKE ENERGY KENTUCKY,Natural Gas,INTRASTATE,KENTUCKY,0.496,0.074,0.458,0,1.028,1.288,0.315,6.899,0,8.502,0.103,0,11.232,0,11.335,0,0,1.901,0,1.901,0,0,0,0,0,0,0,0,0,0,0,0,0,0,0,0,0,0,0,0,0,0,1.046,0,1.046,0,0,0,0,0,1.887,0.389,21.536,0,23.812,0,0,0,0,0,0,1.887,0.389,21.536,0,23.812
9/1/2026,2021,20221009,40875,20211,ATMOS ENERGY CORPORATION - KY/MID-STATES (MID-STATES),Natural Gas,INTRASTATE,TENNESSEE,0,2.1,1.2,0,3.3,4.1,1,12.6,0,17.7,2.2,3.1,2,0,7.3,2.2,15.9,1.5,0,19.6,0,0,0,0,0,0,0,0,0,0,0,0,0,0,0,0,0,0,0,0,0,0,0,0,0,0,0,0,0,0,8.5,22.1,17.3,0,47.9,0,0,0,0,0,0,8.5,22.1,17.3,0,47.9
9/1/2026,2021,20221009,40875,20211,ATMOS ENERGY CORPORATION - KY/MID-STATES (MID-STATES),Natural Gas,INTRASTATE,VIRGINIA,0,0,0,0,0,0,0,0,0,0,0,0,0,0,0,0,1.2,0,0,1.2,0,0,0,0,0,0,0,0,0,0,0,0,0,0,0,0,0,0,0,0,0,0,0,0,0,0,0,0,0,0,0,1.2,0,0,1.2,0,0,0,0,0,0,0,1.2,0,0,1.2
9/1/2026,2021,20220677,40532,20236,UNITED STATES GYPSUM CO,Natural Gas,INTRASTATE,IOWA,3.49,0,0,0,3.49,0,0,0,0,0,0,0,0,0,0,0,0,0,0,0,0,0,0,0,0,0,0,0,0,0,0,0,0,0,0,0,0,0,0,0,0,0,0,0,0,0,0,0,0,0,3.49,0,0,0,3.49,0,0,0,0,0,0,3.49,0,0,0,3.49
9/1/2026,2021,20220677,40532,20236,UNITED STATES GYPSUM CO,Natural Gas,INTRASTATE,NEW YORK,0,0,0,0,0,3.02,0,0.06,0,3.08,0,0,0,0,0,0,0,0,0,0,0,0,0,0,0,0,0,0,0,0,0,0,0,0,0,0,0,0,0,0,0,0,0,0,0,0,0,0,0,0,3.02,0,0.06,0,3.08,0,0,0,0,0,0,3.02,0,0.06,0,3.08
9/1/2026,2021,20220677,40532,20236,UNITED STATES GYPSUM CO,Natural Gas,INTRASTATE,OREGON,0,0,0,0,0,0,0,0,0,0,10.88,1.92,0,0,12.8,0,0,0,0,0,0,0,0,0,0,0,0,0,0,0,0,0,0,0,0,0,0,0,0,0,0,0,0,0,0,0,0,0,0,0,10.88,1.92,0,0,12.8,0,0,0,0,0,0,10.88,1.92,0,0,12.8
9/1/2026,2021,20220677,40532,20236,UNITED STATES GYPSUM CO,Natural Gas,INTRASTATE,PENNSYLVANIA,0,0,0,0,0,13.66,4.22,1.77,0,19.65,0,0,0,0,0,0,0,0,0,0,0,0,0,0,0,0,0,0,0,0,0,0,0,0,0,0,0,0,0,0,0,0,0,0,0,0,0,0,0,0,13.66,4.22,1.77,0,19.65,0,0,0,0,0,0,13.66,4.22,1.77,0,19.65
9/1/2026,2021,20220186,46512,20263,UNIVERSITY OF ILLINOIS - LATERAL,Natural Gas,INTRASTATE,ILLINOIS,0,0,0,0,0,0,0,2.68,0,2.68,0,0,0,0,0,8.91,1.15,9,0,19.06,0,0,0,0,0,0,0,0,0,0,0,0,0,0,0,0,0,0,0,0,0,0,0,0,0,0,0,0,0,0,8.91,1.15,11.68,0,21.74,,,,,,,8.91,1.15,11.68,0,21.74
9/1/2026,2021,20220938,40802,21030,"VALLEY ENERGY, INC.",Natural Gas,INTRASTATE,PENNSYLVANIA,0,0,0,0,0,9.48,0,1.07,0,10.55,4.24,0,0,0,4.24,0,0,0,0,0,0,0,0,0,0,0,0,0,0,0,0,0,0,0,0,0,0,0,0,0,0,0,0,0,0,0,0,0,0,0,13.72,0,1.07,0,14.79,0,0,0,0,0,0,13.72,0,1.07,0,14.79
9/1/2026,2021,20221096,40965,21190,VERMONT GAS SYSTEMS INC,Natural Gas,INTRASTATE,VERMONT,0,0,0.02,0,0.02,0,3.86,1.59,0,5.45,3.52,1.19,5.48,0,10.19,51.26,11.43,36.42,0,99.11,0.7,0,2.72,0,3.42,0,0,0,0,0,0,0,0,0,0,0,0,0,0,0,0,0,0,0,0,0,0,0,0,0,55.48,16.48,46.23,0,118.19,0,0,0,0,0,0,55.48,16.48,46.23,0,118.19
9/1/2026,2021,20221072,44980,21252,VIKING GAS TRANSMISSION CO,Natural Gas,INTERSTATE,MINNESOTA,0.7,0.01,0,0,0.71,18.58,1.56,1.61,0,21.75,33.2,0.41,1.71,0,35.32,66.6,1.73,4.33,0,72.66,27.84,0.8,0.19,0,28.83,347.81,7.31,0,0,355.12,0,0,0,0,0,0,0,0,0,0,0,0,0,0,0,0,0,0,0,0,494.73,11.82,7.84,0,514.39,0,0,0,0,0,0,494.73,11.82,7.84,0,514.39
9/1/2026,2021,20221072,44980,21252,VIKING GAS TRANSMISSION CO,Natural Gas,INTERSTATE,NORTH DAKOTA,0.16,0,0,0,0.16,0.25,0.05,0.09,0,0.39,0.07,0,0.02,0,0.09,0,0,0,0,0,0,0,0,0,0,0,0,0,0,0,0,0,0,0,0,0,0,0,0,0,0,0,0,0,0,0,0,0,0,0,0.48,0.05,0.11,0,0.64,0,0,0,0,0,0,0.48,0.05,0.11,0,0.64
9/1/2026,2021,20221072,44980,21252,VIKING GAS TRANSMISSION CO,Natural Gas,INTERSTATE,WISCONSIN,0.04,0,0,0,0.04,14.14,2.99,2.97,0,20.1,1.16,1.13,0.03,0,2.32,2.28,1.89,2.13,0,6.3,8.65,0.22,0.04,0,8.91,117.7,2.14,0,0,119.84,0,0,0,0,0,0,0,0,0,0,0.11,0,0,0,0.11,0,0,0,0,0,144.08,8.37,5.17,0,157.62,0,0,0,0,0,0,144.08,8.37,5.17,0,157.62
9/1/2026,2021,20221094,41572,21349,VIRGINIA NATURAL GAS,Natural Gas,INTRASTATE,VIRGINIA,0.01,0,0,0,0.01,0.19,0.02,0.11,0,0.32,0.34,0.3,1.43,0,2.07,41.91,7.94,50.98,0,100.83,11.19,13.54,5.72,0,30.45,58.18,7.74,0,0,65.92,0,0,0,0,0,0,0,0,0,0,0,0,0,0,0,0,0,0,0,0,111.82,29.54,58.24,0,199.6,0,0,0,0,0,0,111.82,29.54,58.24,0,199.6
9/1/2026,2021,20221194,41068,21359,SASOL CHEMICALS USA LLC,Hydrogen Gas,INTRASTATE,LOUISIANA,0,0,0.836,0,0.836,0,0,0,0,0,0,0,0,0,0,0,0,0,0,0,0,0,0,0,0,0,0,0,0,0,0,0,0,0,0,0,0,0,0,0,0,0,0,0,0,0,0,0,0,0,0,0,0.836,0,0.836,0,0,0,0,0,0,0,0,0.836,0,0.836
9/1/2026,2021,20221195,41069,21359,SASOL CHEMICALS USA LLC,Other Gas-Ethylene,INTRASTATE,LOUISIANA,0,0,0,0,0,0,0,0,0,0,0.2,1.38,0.11,0,1.69,0,0,0,0,0,0,0,0,0,0,0,0,0,0,0,0,0,0,0,0,0,0,0,0,0,0,0,0,0,0,0,0,0,0,0,0.2,1.38,0.11,0,1.69,0,0,0,0,0,0,0.2,1.38,0.11,0,1.69
9/1/2026,2021,20220395,40238,22035,WAKEFIELD MUNICIPAL LIGHT DEPT,Natural Gas,INTRASTATE,MASSACHUSETTS,0,0.12,0.14,0,0.26,0,0,0,0,0,0,0,0,0,0,0,0,0,0,0,0,0,0,0,0,0,0,0,0,0,0,0,0,0,0,0,0,0,0,0,0,0,0,0,0,0,0,0,0,0,0,0.12,0.14,0,0.26,0,0,0,0,0,0,0,0.12,0.14,0,0.26
9/1/2026,2021,20220698,40553,22154,WARNER ROBINS GAS SYSTEM,Natural Gas,INTRASTATE,GEORGIA,0,0,0,0,0,23.4,0,0.72,0,24.12,0,0,1.79,0,1.79,0,0,0,0,0,0,0,0,0,0,0,0,0,0,0,0,0,0,0,0,0,0,0,0,0,0,0,0,0,0,0,0,0,0,0,23.4,0,2.51,0,25.91,0,0,0,0,0,0,23.4,0,2.51,0,25.91
9/1/2026,2021,20221182,46901,22182,WASHINGTON GAS LIGHT CO,Natural Gas,INTRASTATE,MARYLAND,0,0,0,0,0,2.63,0.12,62.31,3.2,68.26,1.13,0.32,5.88,0,7.33,4.96,1.61,6.01,0,12.58,0,0,0,0,0,0,0,0,0,0,0,0,0,0,0,0,0,0,0,0,0,0,0,0,0,0,0,0,0,0,8.72,2.05,74.2,3.2,88.17,0,0,0,0,0,0,8.72,2.05,74.2,3.2,88.17
9/1/2026,2021,20221182,46901,22182,WASHINGTON GAS LIGHT CO,Natural Gas,INTRASTATE,VIRGINIA,0,0,0,0,0,19.39,2.69,40.82,6.68,69.58,3.77,1.53,4.51,0,9.81,0,0,0.04,0,0.04,0,0,0,0,0,0,0,0,0,0,0,0,0,0,0,0,0,0,0,0,0,0,0,0,0,0,0,0,0,0,23.16,4.22,45.37,6.68,79.43,0,0,0,0,0,0,23.16,4.22,45.37,6.68,79.43
9/1/2026,2021,20221182,46901,22182,WASHINGTON GAS LIGHT CO,Natural Gas,INTRASTATE,WASHINGTON DC,0,0,0,0,0,0,0,3.08,1.83,4.91,0,0,0,0,0,0,0,0,0,0,0,0,0,0,0,0,0,0,0,0,0,0,0,0,0,0,0,0,0,0,0,0,0,0,0,0,0,0,0,0,0,0,3.08,1.83,4.91,0,0,0,0,0,0,0,0,3.08,1.83,4.91
9/1/2026,2021,20221023,40889,22189,PUGET SOUND ENERGY,Landfill Gas,INTRASTATE,WASHINGTON,0,0,0,0.263,0.263,0,0,0,0,0,0,0,0,0,0,0,0,0,0,0,0,0,0,0,0,0,0,0,0,0,0,0,0,0,0,0,0,0,0,0,0,0,0,0,0,0,0,0,0,0,0,0,0,0.263,0.263,0,0,0,0,0,0,0,0,0,0.263,0.263
9/1/2026,2021,20221025,40891,22189,PUGET SOUND ENERGY,Natural Gas,INTERSTATE,WASHINGTON,0.16,0,0,0,0.16,1.47,0,0,3.645,5.115,3.9,0,0,0,3.9,2.29,3.47,0,0,5.76,0.81,3.4,0,0,4.21,0,0,0,0,0,0,0,0,0,0,0,0,0,0,0,0,0,0,0,0,0,0,0,0,0,8.63,6.87,0,3.645,19.145,0,0,0,0,0,0,8.63,6.87,0,3.645,19.145
9/1/2026,2021,20221025,40891,22189,PUGET SOUND ENERGY,Natural Gas,INTRASTATE,WASHINGTON,0,0,0,0,0,0,0,0,7.491,7.491,0,0,0,0.399,0.399,0,0,0,0,0,0,0,0,0,0,0,0,0,0,0,0,0,0,0,0,0,0,0,0,0,0,0,0,0,0,0,0,0,0,0,0,0,0,7.89,7.89,0,0,0,0,0,0,0,0,0,7.89,7.89
9/1/2026,2021,20220412,40258,22235,WAUKEE MUNICIPAL GAS,Natural Gas,INTRASTATE,IOWA,7.73,3.3,3.36,0,14.39,0,0,0,0,0,0,0,0,0,0,0,0,0,0,0,0,0,0,0,0,0,0,0,0,0,0,0,0,0,0,0,0,0,0,0,0,0,0,0,0,0,0,0,0,0,7.73,3.3,3.36,0,14.39,0,0,0,0,0,0,7.73,3.3,3.36,0,14.39
9/1/2026,2021,20221312,41203,22280,WAYLAND MUNICIPAL GAS CO,Natural Gas,INTRASTATE,IOWA,10,0,0,0,10,0,0,0,0,0,0,0,0,0,0,0,0,0,0,0,0,0,0,0,0,0,0,0,0,0,0,0,0,0,0,0,0,0,0,0,0,0,0,0,0,0,0,0,0,0,10,0,0,0,10,,,,,,,10,0,0,0,10
9/1/2026,2021,20241479,44988,22343,"WEIR NATURAL GAS SYSTEM, TOWN OF",Natural Gas,INTRASTATE,MISSISSIPPI,0,0,0,0,0,0,0,0,0,0,0,0,0,0,0,0,0,0,0,0,5,0,0,0,5,0,0,0,0,0,0,0,0,0,0,0,0,0,0,0,0,0,0,0,0,0,0,0,0,0,5,0,0,0,5,0,0,0,0,0,0,5,0,0,0,5
9/1/2026,2021,20220115,39947,22357,WELLMAN MUNICIPAL GAS SYSTEM,Natural Gas,INTRASTATE,IOWA,7,0,0,0,7,0,0,0,0,0,0,0,0,0,0,0,0,0,0,0,0,0,0,0,0,0,0,0,0,0,0,0,0,0,0,0,0,0,0,0,0,0,0,0,0,0,0,0,0,0,7,0,0,0,7,0,0,0,0,0,0,7,0,0,0,7
9/1/2026,2021,20220012,39834,22368,WEST BAY EXPLORATION CO,Natural Gas,INTRASTATE,MICHIGAN,0,0,0.9,0,0.9,0,3.7,0,0,3.7,0,0,0,0,0,0,0,0,0,0,0,0,0,0,0,0,0,0,0,0,0,0,0,0,0,0,0,0,0,0,0,0,0,0,0,0,0,0,0.4,0.4,0,3.7,0.9,0.4,5,0,0,0,0,0,0,0,3.7,0.9,0.4,5
9/1/2026,2021,20221107,40976,22410,"WESTGAS INTERSTATE, INC",Natural Gas,INTERSTATE,COLORADO,0,0,0,0,0,0,0,0,0,0,3.9,0,0,0,3.9,0.1,0,0,0,0.1,0.2,0,0,0,0.2,0,0,0,0,0,0,0,0,0,0,0,0,0,0,0,0,0,0,0,0,0,0,0,0,0,4.2,0,0,0,4.2,0,0,0,0,0,0,4.2,0,0,0,4.2
9/1/2026,2021,20221107,40976,22410,"WESTGAS INTERSTATE, INC",Natural Gas,INTERSTATE,WYOMING,0,0,0,0,0,0,0,0,0,0,6.7,0,0.5,0,7.2,0,0,0,0,0,0,0,0,0,0,0,0,0,0,0,0,0,0,0,0,0,0,0,0,0,0,0,0,0,0,0,0,0,0,0,6.7,0,0.5,0,7.2,0,0,0,0,0,0,6.7,0,0.5,0,7.2
9/1/2026,2021,20220415,40261,22435,"WEST TEXAS GAS UTILITY, LLC.",Natural Gas,INTERSTATE,NEW MEXICO,11.428,0,0,0,11.428,0,0,0,0,0,0,0,0,0,0,2.429,0,0,0,2.429,0,0,0,0,0,0,0,0,0,0,0,0,0,0,0,0,0,0,0,0,0,0,0,0,0,2.236,0,0,0,2.236,16.093,0,0,0,16.093,0,0,0,0,0,0,16.093,0,0,0,16.093
9/1/2026,2021,20220415,40261,22435,"WEST TEXAS GAS UTILITY, LLC.",Natural Gas,INTERSTATE,TEXAS,1.085,0,0,0,1.085,0,0,0,0,0,25.284,0,0,0,25.284,32.096,0,0,0,32.096,21.602,0.501,0,0,22.103,0,0,0,0,0,0,0,0,0,0,0,0,0,0,0,0,0,0,0,0,0,0,0,0,0,80.067,0.501,0,0,80.568,0,0,0,0,0,0,80.067,0.501,0,0,80.568
9/1/2026,2021,20220415,40261,22435,"WEST TEXAS GAS UTILITY, LLC.",Natural Gas,INTRASTATE,OKLAHOMA,0,0,0,0,0,3.032,0,0,0,3.032,0,0,0,0,0,0,0,0,0,0,0,0,0,0,0,0,0,0,0,0,0,0,0,0,0,0,0,0,0,0,0,0,0,0,0,0,0,0,0,0,3.032,0,0,0,3.032,0,0,0,0,0,0,3.032,0,0,0,3.032
9/1/2026,2021,20220415,40261,22435,"WEST TEXAS GAS UTILITY, LLC.",Natural Gas,INTRASTATE,TEXAS,282.337,5.371,23.277,0,310.985,144.746,0,3.029,0,147.775,120.31,5.261,3.315,0,128.886,95.627,2.724,5.709,0,104.06,53.379,2.192,0,0,55.571,2.205,0,0,0,2.205,0,0,0,0,0,0,0,0,0,0,0,0,0,0,0,1.643,0.03,2.551,0,4.224,700.247,15.578,37.881,0,753.706,0,0,0,0,0,0,700.247,15.578,37.881,0,753.706
9/1/2026,2021,20220383,40225,22462,"WESTERN GAS INTERSTATE COMPANY, LLC",Natural Gas,INTERSTATE,OKLAHOMA,147.472,11.017,5.411,0,163.9,3.165,0.749,0.017,0,3.931,0,0,0,0,0,0,0,0,0,0,0,0,0,0,0,0,0,0,0,0,0,0,0,0,0,0,0,0,0,0,0,0,0,0,0,0,0,0,0,0,150.637,11.766,5.428,0,167.831,0,0,0,0,0,0,150.637,11.766,5.428,0,167.831
9/1/2026,2021,20220383,40225,22462,"WESTERN GAS INTERSTATE COMPANY, LLC",Natural Gas,INTERSTATE,TEXAS,59.446,0.16,0,0,59.606,7.457,0,0,0,7.457,0,0,0,0,0,0,0,0,0,0,0,0,0,0,0,0,0,0,0,0,0,0,0,0,0,0,0,0,0,0,0,0,0,0,0,0,0,0,0,0,66.903,0.16,0,0,67.063,0,0,0,0,0,0,66.903,0.16,0,0,67.063
9/1/2026,2021,20220204,41157,22465,TARGA PIPELINE MID-CONTINENT WESTTEX LLC,Natural Gas,INTRASTATE,TEXAS,0,0,0,0,0,0,0,0,0,0,5.35,0,0,0,5.35,10.13,0,0,0,10.13,0,0,0,0,0,2.77,0,0,0,2.77,0,0,0,0,0,0,0,0,0,0,0,0,0,0,0,0,0,0,0,0,18.25,0,0,0,18.25,0,0,0,0,0,0,18.25,0,0,0,18.25
9/1/2026,2021,20221011,40877,22476,ATMOS ENERGY CORPORATION - KY/MID-STATES (KENTUCKY),Natural Gas,INTRASTATE,KENTUCKY,8.1,0.5,0.7,0,9.3,33.5,25.3,19,0,77.8,7.8,1.7,3.2,0,12.7,51.8,12.4,3.1,0,67.3,3.2,0.6,1.9,0,5.7,0,0,0,0,0,0,0,0,0,0,0,0,0,0,0,0,0,0,0,0,0,0,0,0,0,104.4,40.5,27.9,0,172.8,0,0,0,0,0,0,104.4,40.5,27.9,0,172.8
9/1/2026,2021,20220809,41361,22515,"NIPPON DYNAWAVE PACKAGING CO., LLC",Natural Gas,INTRASTATE,WASHINGTON,0,0,0,0,0,0,0,0,0,0,0,0,0,0,0,0,0,0,0,0,0,0,9.27,0,9.27,0,0,0,0,0,0,0,0,0,0,0,0,0,0,0,0,0,0,0,0,0,0,0,0,0,0,0,9.27,0,9.27,0,0,0,0,0,0,0,0,9.27,0,9.27
9/1/2026,2021,20221324,41223,22605,WILCOX COUNTY GAS DISTRICT,Natural Gas,INTRASTATE,ALABAMA,0,0,0,0,0,44,0,0,0,44,0,0,0,0,0,0,0,0,0,0,0,0,0,0,0,0,0,0,0,0,0,0,0,0,0,0,0,0,0,0,0,0,0,0,0,0,0,0,0,0,44,0,0,0,44,0,0,0,0,0,0,44,0,0,0,44
9/1/2026,2021,20220689,40544,22655,"WBI ENERGY TRANSMISSION, INC.",Natural Gas,INTERSTATE,MINNESOTA,0,0,0,0,0,0,0,0,0,0,0,0,0,0,0,1.28,0,0,0,1.28,17.24,0,0,0,17.24,0,0,0,0,0,0,0,0,0,0,0,0,0,0,0,0,0,0,0,0,0,0,0,0,0,18.52,0,0,0,18.52,0,0,0,0,0,0,18.52,0,0,0,18.52
9/1/2026,2021,20220689,40544,22655,"WBI ENERGY TRANSMISSION, INC.",Natural Gas,INTERSTATE,MONTANA,84.61,4.77,12.66,0,102.04,191.8,12.17,21.57,0,225.54,187.06,7.88,13.77,0,208.71,386.69,2.39,2.48,0,391.56,50.01,0,0,0,50.01,182.37,0,0,0,182.37,0,0,0,0,0,0,0,0,0,0,207.92,1.57,2.94,0,212.43,0,0,0,0,0,1290.46,28.78,53.42,0,1372.66,0,0,0,0,0,0,1290.46,28.78,53.42,0,1372.66
9/1/2026,2021,20220689,40544,22655,"WBI ENERGY TRANSMISSION, INC.",Natural Gas,INTERSTATE,NORTH DAKOTA,165.29,4.73,7.33,0,177.35,96.63,3.95,8.4,0,108.98,137.79,2.89,1.48,0,142.16,387.11,8.99,14.08,0,410.18,515.74,6.02,4.88,0,526.64,142.41,0.2,0,0,142.61,0,0,0,0,0,0,0,0,0,0,7.72,0.67,0.72,0,9.11,7.18,0,0,0,7.18,1459.87,27.45,36.89,0,1524.21,0,0,0,0,0,0,1459.87,27.45,36.89,0,1524.21
9/1/2026,2021,20220689,40544,22655,"WBI ENERGY TRANSMISSION, INC.",Natural Gas,INTERSTATE,SOUTH DAKOTA,40.57,0.96,3.14,0,44.67,71.82,8.43,17.09,0,97.34,34.81,0,0,0,34.81,19.25,4.23,7.79,0,31.27,31.6,0,0,0,31.6,0,0,0,0,0,0,0,0,0,0,0,0,0,0,0,59.61,0.01,1.21,0,60.83,0,0,0,0,0,257.66,13.63,29.23,0,300.52,,,,,,,257.66,13.63,29.23,0,300.52
9/1/2026,2021,20220689,40544,22655,"WBI ENERGY TRANSMISSION, INC.",Natural Gas,INTERSTATE,WYOMING,69.06,4.21,8.71,0,81.98,28.62,4.33,2.57,0,35.52,32.6,0.16,0,0,32.76,154.07,0.7,0,0,154.77,68.99,0,0,0,68.99,115.02,0,0,0,115.02,0,0,0,0,0,0,0,0,0,0,10.67,1.09,1.82,0,13.58,0,0,0,0,0,479.03,10.49,13.1,0,502.62,0,0,0,0,0,0,479.03,10.49,13.1,0,502.62
9/1/2026,2021,20220689,40544,22655,"WBI ENERGY TRANSMISSION, INC.",Natural Gas,INTRASTATE,WYOMING,0,0,0,0,0,0,0,0,0,0,0.65,0,0,0,0.65,0,0,0,0,0,11.68,0,0,0,11.68,0,0,0,0,0,0,0,0,0,0,0,0,0,0,0,0,0,0,0,0,0,0,0,0,0,12.33,0,0,0,12.33,0,0,0,0,0,0,12.33,0,0,0,12.33
9/1/2026,2021,20220615,40464,22763,WISCONSIN GAS LLC DBA WE ENERGIES,Natural Gas,INTRASTATE,WISCONSIN,112.18,30.31,15.03,0,157.52,52.98,32.51,32.4,0,117.89,19.12,15.25,12.09,0,46.46,17.44,24.05,4.51,0,46,0,0,0,0,0,0,0,0,0,0,0,0,0,0,0,0,0,0,0,0,0,0,0,0,0,0,0,0,0,0,201.72,102.12,64.03,0,367.87,0,0,0,0,0,0,201.72,102.12,64.03,0,367.87
9/1/2026,2021,20220616,40465,22777,WISCONSIN ELECTRIC POWER COMPANY DBA WE ENERGIES,Natural Gas,INTRASTATE,MICHIGAN,0,0,0,0,0,0.03,0,0,0,0.03,6.94,0,0.33,0,7.27,0,0,0,0,0,0,0,0,0,0,0,0,0,0,0,0,0,0,0,0,0,0,0,0,0,0,0,0,0,0,0,0,0,0,0,6.97,0,0.33,0,7.3,0,0,0,0,0,0,6.97,0,0.33,0,7.3
9/1/2026,2021,20220616,40465,22777,WISCONSIN ELECTRIC POWER COMPANY DBA WE ENERGIES,Natural Gas,INTRASTATE,WISCONSIN,0.52,0.21,1.43,0,2.16,50.08,44.74,55.29,0,150.11,30.15,27.2,16.55,0,73.9,0.01,0,0.01,0,0.02,0,0,0,0,0,0,0,0,0,0,0,0,0,0,0,0,0,0,0,0,0,0,0,0,0,0,0,0,0,0,80.76,72.15,73.28,0,226.19,0,0,0,0,0,0,80.76,72.15,73.28,0,226.19
9/1/2026,2021,20220666,40520,22784,ALLIANT ENERGY - WISCONSIN POWER & LIGHT CO,Natural Gas,INTRASTATE,WISCONSIN,0,0.02,0.04,0,0.06,0,2.97,0.84,0,3.81,0,5.24,0.71,0,5.95,0,20.23,7.77,0,28,0,0,0,0,0,0,0,0,0,0,0,0,0,0,0,0,0,0,0,0,0,0,0,0,0,0,0,0,0,0,0,28.46,9.36,0,37.82,0,0,0,0,0,0,0,28.46,9.36,0,37.82
9/1/2026,2021,20220529,40375,22791,WISCONSIN PUBLIC SERVICE CORP,Natural Gas,INTRASTATE,WISCONSIN,26.12,3.72,4.33,0,34.17,71.09,6.85,11.25,0,89.19,7.72,0,4.39,0,12.11,85.54,7.03,2.06,0,94.63,0,0,0,0,0,0,0,0,0,0,0,0,0,0,0,0,0,0,0,0,0,0,0,0,0,0,0,0,0,0,190.47,17.6,22.03,0,230.1,0,0,0,0,0,0,190.47,17.6,22.03,0,230.1
9/1/2026,2021,20220690,40545,22818,WOLVERINE POWER SUPPLY COOP INC,Natural Gas,INTRASTATE,MICHIGAN,0,0,0,0,0,0,0,0,0,0,0,0,0,0,0,0,0,0,0,0,0,0,0,0,0,1.65,0,0,0,1.65,0,0,0,0,0,0,0,0,0,0,0,0,0,0,0,0,0,0,0,0,1.65,0,0,0,1.65,0,0,0,0,0,0,1.65,0,0,0,1.65
9/1/2026,2021,20220454,40300,22855,"FLINT HILLS RESOURCES, LC",Hydrogen Gas,INTRASTATE,TEXAS,0,0,0,0,0,1.58,0.3,0,0,1.88,12.26,4.24,2.95,0,19.45,0.59,0.35,0.36,0,1.3,0,0,0,0,0,0,0,0,0,0,0,0,0,0,0,0,0,0,0,0,0,0,0,0,0,0,0,0,0,0,14.43,4.89,3.31,0,22.63,0,0,0,0,0,0,14.43,4.89,3.31,0,22.63
9/1/2026,2021,20220459,40305,22855,"FLINT HILLS RESOURCES, LC",Natural Gas,INTRASTATE,TEXAS,0,0,0,0,0,0,0,0,0,0,0,1.09,1.65,0,2.74,0,0,0,0,0,0,0,0,0,0,0,0,0,0,0,0,0,0,0,0,0,0,0,0,0,0,0,0,0,0,0,0,0,0,0,0,1.09,1.65,0,2.74,0,0,0,0,0,0,0,1.09,1.65,0,2.74
9/1/2026,2021,20220452,40298,22855,"FLINT HILLS RESOURCES, LC",Other Gas-Acetylene,INTRASTATE,TEXAS,0,0,0,0,0,0,0,0,0,0,0,0,0,0,0,0.97,1.27,0.22,0,2.46,0,0,0,0,0,0,0,0,0,0,0,0,0,0,0,0,0,0,0,0,0,0,0,0,0,0,0,0,0,0,0.97,1.27,0.22,0,2.46,0,0,0,0,0,0,0.97,1.27,0.22,0,2.46
9/1/2026,2021,20220981,40847,22917,WYOMING GAS CO,Natural Gas,INTRASTATE,WYOMING,21.6,0,0,0,21.6,22.5,0,0,0,22.5,20.4,0.6,1,0,22,1.4,0,0,0,1.4,42.2,0,0,0,42.2,0,0,0,0,0,0,0,0,0,0,0,0,0,0,0,0,0,0,0,0,0,0,0,0,0,108.1,0.6,1,0,109.7,0,0,0,0,0,0,108.1,0.6,1,0,109.7
9/1/2026,2021,20220988,40854,25000,ZIA NATURAL GAS CO,Natural Gas,INTRASTATE,NEW MEXICO,0,0,0,0,0,30,0,0,0,30,0,0,0,0,0,0,0,0,0,0,50,0,0,0,50,45,0,0,0,45,0,0,0,0,0,0,0,0,0,0,0,0,0,0,0,0,0,0,0,0,125,0,0,0,125,0,0,0,0,0,0,125,0,0,0,125
9/1/2026,2021,20220242,40080,25110,EPCOR GAS TEXAS INC.,Natural Gas,INTRASTATE,TEXAS,0,0,0,0,0,0,0,0,0,0,0,3.284,12.872,0.384,16.54,0,0,0,0,0,0,0,0,0,0,0,0,0,0,0,0,0,0,0,0,0,0,0,0,0,0,0,0,0,0,0,0,0,0,0,0,3.284,12.872,0.384,16.54,0,0,0,0,0,0,0,3.284,12.872,0.384,16.54
9/1/2026,2021,20220262,40101,25146,"EQUISTAR CHEMICALS, L.P.",Hydrogen Gas,INTRASTATE,TEXAS,0,0,0.63,0,0.63,4.254,0.474,8.514,0.031,13.273,0,0,0,0,0,5.502,0.745,4.24,0,10.487,0,0,0,0,0,0,0,0,0,0,0,0,0,0,0,0,0,0,0,0,0,0,0,0,0,0,0,0,0,0,9.756,1.219,13.384,0.031,24.39,0,0,0,0,0,0,9.756,1.219,13.384,0.031,24.39
9/1/2026,2021,20220265,41340,25146,"EQUISTAR CHEMICALS, L.P.",Natural Gas,INTRASTATE,IOWA,1.271,0,0,0,1.271,1.277,0,0,0,1.277,0,0,0,0,0,0,0,0,0,0,0,0,0,0,0,0,0,0,0,0,0,0,0,0,0,0,0,0,0,0,0,0,0,0,0,0,0,0,0,0,2.548,0,0,0,2.548,0,0,0,0,0,0,2.548,0,0,0,2.548
9/1/2026,2021,20220265,41340,25146,"EQUISTAR CHEMICALS, L.P.",Natural Gas,INTRASTATE,TEXAS,0,0,0,0,0,1.14,0,0,0,1.14,0,0,0,0,0,0,0,0,0,0,0,0,0,0,0,0,0,0,0,0,0,0,0,0,0,0,0,0,0,0,0,0,0,0,0,0,0,0,0,0,1.14,0,0,0,1.14,0,0,0,0,0,0,1.14,0,0,0,1.14
9/1/2026,2021,20220260,40099,25146,"EQUISTAR CHEMICALS, L.P.",Other Gas-Propylene Off Gas,INTRASTATE,TEXAS,0,1.203,0,0,1.203,0,0,0,0,0,0,0,0,0,0,0,0,0,0,0,0,0,0,0,0,0,0,0,0,0,0,0,0,0,0,0,0,0,0,0,0,0,0,0,0,0,0,0,0,0,0,1.203,0,0,1.203,0,0,0,0,0,0,0,1.203,0,0,1.203
9/1/2026,2021,20220504,43079,25160,MOBIL VANDERBILT-BEAUMONT PIPELINE CO,Natural Gas,INTRASTATE,TEXAS,0,0,0,0,0,0,0,0,0,0,0,0,0,0,0,0,0,8.67,0,8.67,0,0,0,0,0,0,0,0,0,0,0,0,0,0,0,0,0,0,0,0,0,0,0,0,0,0,0,0,0,0,0,0,8.67,0,8.67,0,0,0,0,0,0,0,0,8.67,0,8.67
9/1/2026,2021,20220760,40617,26039,FLORIDA POWER & LIGHT CO,Natural Gas,INTRASTATE,FLORIDA,0,0,0,0,0,0,0,0,0,0,0.51,0,0,0,0.51,0,0,0,0,0,0,0,0,0,0,0,0,0,0,0,0,0,0,0,0,0,0,0,0,0,0,0,0,0,0,0,0,0,0,0,0.51,0,0,0,0.51,0,0,0,0,0,0,0.51,0,0,0,0.51
9/1/2026,2021,20221067,40935,26085,"PLAINS MARKETING, L.P.",Natural Gas,INTRASTATE,LOUISIANA,1.25,0,0,0,1.25,0,0,0,0,0,6.99,0,0,0,6.99,0,0,0,0,0,4,0.2,0,0,4.2,0,0,0,0,0,0,0,0,0,0,0,0,0,0,0,0,0,0,0,0,0,0,0,0,0,12.24,0.2,0,0,12.44,0,0,0,0,0,0,12.24,0.2,0,0,12.44
9/1/2026,2021,20221087,40956,26112,"VALERO REFINING-TEXAS, L.P.",Hydrogen Gas,INTRASTATE,TEXAS,0,0,0,0,0,1.41,0,1.8,0,3.21,0,0,0,0,0,0,0,0,0,0,0,0,0,0,0,0,0,0,0,0,0,0,0,0,0,0,0,0,0,0,0,0,0,0,0,0,0,0,0,0,1.41,0,1.8,0,3.21,0,0,0,0,0,0,1.41,0,1.8,0,3.21
9/1/2026,2021,20221086,40955,26112,"VALERO REFINING-TEXAS, L.P.",Natural Gas,INTRASTATE,TEXAS,0,0,0,0,0,0.004,0,0,0,0.004,0.11,0,0,0,0.11,0.27,0,0,0,0.27,0,0,0,0,0,0,0,0,0,0,0,0,0,0,0,0,0,0,0,0,0,0,0,0,0,0,0,0,0,0,0.384,0,0,0,0.384,0,0,0,0,0,0,0.384,0,0,0,0.384
9/1/2026,2021,20220898,40759,26149,ALYESKA PIPELINE SERVICE CO,Natural Gas,INTRASTATE,ALASKA,0,0,0,0,0,0,0,0,0,0,0.3,0,0,0,0.3,114.8,0.3,0.2,0,115.3,33.8,0,0,0,33.8,0,0,0,0,0,0,0,0,0,0,0,0,0,0,0,0,0,0,0,0,0,0,0,0,0,148.9,0.3,0.2,0,149.4,0,0,0,0,0,0,148.9,0.3,0.2,0,149.4
9/1/2026,2021,20220500,41283,26330,"ENABLE OKLAHOMA INTRASTATE TRANSMISSION, LLC",Natural Gas,INTRASTATE,OKLAHOMA,3.78,3.63,27.57,0,34.98,10.56,0.6,3.88,0,15.04,40.26,5.4,6.65,0,52.31,330.83,61.76,84.28,0,476.87,1001.81,82.79,16.94,0,1101.54,622.7,5.65,0.39,0,628.74,0,0,0,0,0,0,0,0,0,0,9.22,0.05,0.03,0,9.3,0,0,0,0,0,2019.16,159.88,139.74,0,2318.78,0,0,0,0,0,0,2019.16,159.88,139.74,0,2318.78
9/1/2026,2021,20220500,41283,26330,"ENABLE OKLAHOMA INTRASTATE TRANSMISSION, LLC",Natural Gas,INTRASTATE,TEXAS,0,0,0,0,0,0,0,0,0,0,0,0,0,0,0,0,0,0,0,0,0,0,0,0,0,4.38,0,0,0,4.38,0,0,0,0,0,0,0,0,0,0,0,0,0,0,0,0,0,0,0,0,4.38,0,0,0,4.38,0,0,0,0,0,0,4.38,0,0,0,4.38
9/1/2026,2021,20220960,40824,30006,ENTERPRISE PELICAN PIPELINE L.P.,Natural Gas,INTRASTATE,LOUISIANA,0,0,0,0,0,0.224,0,0.509,0,0.733,0,0,0,0,0,17.381,0,6.266,0,23.647,0.591,0.136,0,0,0.727,3.062,0.074,0,0,3.136,0,0,0,0,0,0,0,0,0,0,0,0,0,0,0,0,0,0,0,0,21.258,0.21,6.775,0,28.243,0,0,0,0,0,0,21.258,0.21,6.775,0,28.243
9/1/2026,2021,20220950,40814,30020,W & T OFFSHORE INC,Natural Gas,INTRASTATE,ALABAMA,1.3,0,0,0,1.3,0,0,0,0,0,0,0,0,0,0,0,0,0,0,0,0,0,0,0,0,0,0,0,0,0,0,0,0,0,0,0,0,0,0,0,0,0,0,0,0,0,0,0,0,0,1.3,0,0,0,1.3,0,0,0,0,0,0,1.3,0,0,0,1.3
9/1/2026,2021,20220248,40086,30024,SOUTH DAKOTA INTRASTATE PIPELINE CO.,Natural Gas,INTRASTATE,SOUTH DAKOTA,25,0,0,0,25,0,0,0,0,0,98,4,4,0,106,47,0,0,0,47,0,0,0,0,0,0,0,0,0,0,0,0,0,0,0,0,0,0,0,0,0,0,0,0,0,0,0,0,0,0,170,4,4,0,178,0,0,0,0,0,0,170,4,4,0,178
9/1/2026,2021,20220449,41255,30026,"BAY GAS STORAGE COMPANY, LLC",Natural Gas,INTRASTATE,ALABAMA,0.23,0,0,0,0.23,0,0,0,0,0,0.96,0.02,1.69,0,2.67,13.32,1.47,1.53,0,16.32,16.95,3.22,0.89,0,21.06,54.47,4.01,0,0,58.48,0,0,0,0,0,0,0,0,0,0,0,0,0,0,0,0,0,0,0,0,85.93,8.72,4.11,0,98.76,0,0,0,0,0,0,85.93,8.72,4.11,0,98.76
9/1/2026,2021,20220437,40283,30028,"EGAN HUB STORAGE, LLC (SPECTRA ENERGY PARTNERS, LP)",Natural Gas,INTERSTATE,LOUISIANA,0,0,0,0,0,0,0,0,0,0,0.35,0.34,0.02,0,0.71,9.33,2.51,0.09,0,11.93,2.01,2.6,0,0,4.61,37.3,0.79,0,0,38.09,0,0,0,0,0,0,0,0,0,0,0,0,0,0,0,0,0,0,0,0,48.99,6.24,0.11,0,55.34,0,0,0,0,0,0,48.99,6.24,0.11,0,55.34
9/1/2026,2021,20220437,40283,30028,"EGAN HUB STORAGE, LLC (SPECTRA ENERGY PARTNERS, LP)",Natural Gas,INTRASTATE,LOUISIANA,0,0,0,0,0,0,0,0,0,0,0.32,0,0,0,0.32,0.24,0,0,0,0.24,0,0,0,0,0,0,0,0,0,0,0,0,0,0,0,0,0,0,0,0,0,0,0,0,0,0,0,0,0,0,0.56,0,0,0,0.56,0,0,0,0,0,0,0.56,0,0,0,0.56
9/1/2026,2021,20221335,41238,30029,BREITBURN OPERATING L.P.,Natural Gas,INTRASTATE,MICHIGAN,3.06,0.81,1.22,0,5.09,0,0,0,0,0,7.91,1.9,6.89,0,16.7,39.1,20.81,2.9,0,62.81,0,0,0,0,0,0,0,0,0,0,0,0,0,0,0,0,0,0,0,0,0,0,0,0,0,0,0,0,0,0,50.07,23.52,11.01,0,84.6,0,0,0,0,0,0,50.07,23.52,11.01,0,84.6
9/1/2026,2021,20221330,41231,30040,CITY OF GIRARD,Natural Gas,INTRASTATE,KANSAS,0,0,0,0,0,0,0.5,0,0,0.5,0,0,0,0,0,0,0,0,0,0,0,0,0,0,0,0,0,0,0,0,0,0,0,0,0,0,0,0,0,0,0,0,0,0,0,0,0,0,0,0,0,0.5,0,0,0.5,0,0,0,0,0,0,0,0.5,0,0,0.5
9/1/2026,2021,20220465,46815,30052,NEVADA GOLD MINES,Natural Gas,INTRASTATE,NEVADA,28,0,0,0,28,0,0,0,0,0,0,0,0,0,0,0,0,0,0,0,0,0,0,0,0,0,0,0,0,0,0,0,0,0,0,0,0,0,0,0,0,0,0,0,0,0,0,0,0,0,28,0,0,0,28,0,0,0,0,0,0,28,0,0,0,28
9/1/2026,2021,20220831,40691,30054,KENTUCKY UTILITIES CO,Natural Gas,INTRASTATE,KENTUCKY,0.04,0,0,0,0.04,0.015,0,0,0,0.015,0.028,0.003,0,0,0.031,1.781,0.408,0,0,2.189,0,0,0,0,0,5.4,3.461,0,0,8.861,0,0,0,0,0,0,0,0,0,0,0.105,0,0,0,0.105,0,0,0,0,0,7.369,3.872,0,0,11.241,0,0,0,0,0,0,7.369,3.872,0,0,11.241
9/1/2026,2021,20220100,39931,30062,"BRADKEN-ATCHISON/ST. JOSEPH, INC",Natural Gas,INTRASTATE,KANSAS,0,0,0,0,0,0,0,0,0,0,0,0,0,0,0,0,0,0,0,0,0,0,0,0,0,0,0,0,0,0,0,0,0,0,0,0,0,0,0,0,0,0,0,0,0,0,0,2,0,2,0,0,2,0,2,0,0,0,0,0,0,0,0,2,0,2
9/1/2026,2021,20220948,40812,30515,WINFIELD MUNICIPAL GAS,Natural Gas,INTRASTATE,IOWA,6.2,0,0,0,6.2,0,0,0,0,0,0,0,0,0,0,0,0,0,0,0,0,0,0,0,0,0,0,0,0,0,0,0,0,0,0,0,0,0,0,0,0,0,0,0,0,0,0,0,0,0,6.2,0,0,0,6.2,0,0,0,0,0,0,6.2,0,0,0,6.2
9/1/2026,2021,20220396,40240,30544,OCCIDENTAL CHEMICAL CORP,Hydrogen Gas,INTRASTATE,NEW YORK,1.9,0,0,0,1.9,0,0,0,0,0,0,0,0,0,0,0,0,0,0,0,0,0,0,0,0,0,0,0,0,0,0,0,0,0,0,0,0,0,0,0,0,0,0,0,0,0,0,0,0,0,1.9,0,0,0,1.9,0,0,0,0,0,0,1.9,0,0,0,1.9
9/1/2026,2021,20220558,40404,30544,OCCIDENTAL CHEMICAL CORP,Natural Gas,INTRASTATE,TEXAS,0.57,0,0,0,0.57,0,0,0,0,0,0.48,0,0,0,0.48,0,0,0,0,0,0,0,0,0,0,0,0,0,0,0,0,0,0,0,0,0,0,0,0,0,0,0,0,0,0,0,0,0,0,0,1.05,0,0,0,1.05,0,0,0,0,0,0,1.05,0,0,0,1.05
9/1/2026,2021,20221329,41229,30563,GROVE MUNICIPAL SERVICES AUTHORITY,Natural Gas,INTRASTATE,OKLAHOMA,0,0,0,0,0,17.2,3.34,0,0,20.54,0,0,0,0,0,0,0,0,0,0,0,0,0,0,0,0,0,0,0,0,0,0,0,0,0,0,0,0,0,0,0,0,0,0,0,0,0,0,0,0,17.2,3.34,0,0,20.54,0,0,0,0,0,0,17.2,3.34,0,0,20.54
9/1/2026,2021,20221315,41213,30585,SELKIRK COGEN PROJECT,Natural Gas,INTRASTATE,NEW YORK,0,0,0,0,0,0,0,0,0,0,0,0,0,0,0,0,0,0,0,0,2,0,0,0,2,0,0,0,0,0,0,0,0,0,0,0,0,0,0,0,0,0,0,0,0,0,0,0,0,0,2,0,0,0,2,0,0,0,0,0,0,2,0,0,0,2
9/1/2026,2021,20220359,41286,30588,ENERFIN RESOURCES I LIMITED PARTNERSHIP,Natural Gas,INTRASTATE,OKLAHOMA,0,0,0,0,0,0,0,0,0,0,0,0,0,0,0,0,0,0,0,0,0,0,0,0,0,14.21,1.83,0,0,16.04,0,0,0,0,0,0,0,0,0,0,0,0,0,0,0,0,0,0,0,0,14.21,1.83,0,0,16.04,0,0,0,0,0,0,14.21,1.83,0,0,16.04
9/1/2026,2021,20220326,41356,30629,"ONEOK FIELD SERVICES COMPANY, L.L.C.",Natural Gas,INTRASTATE,OKLAHOMA,0,0,0,0,0,0,0,0,0,0,0.03,0,0,0,0.03,0.64,0,0,0,0.64,14.96,0,0,0,14.96,3.19,0,0,0,3.19,21.04,0,0,0,21.04,0,0,0,0,0,7.27,0.39,0,0,7.66,0,0,0,0,0,47.13,0.39,0,0,47.52,0,0,0,0,0,0,47.13,0.39,0,0,47.52
9/1/2026,2021,20221073,40942,30630,"OKTEX PIPELINE COMPANY, LLC",Natural Gas,INTERSTATE,NEW MEXICO,0.06,0,0.23,0,0.29,0,0,0,0,0,0,0,0,0,0,0,0,0,0,0,0,0,0,0,0,0,0,0,0,0,0,0,0,0,0,0,0,0,0,0,0,0,0,0,0,0,0,0,0,0,0.06,0,0.23,0,0.29,0,0,0,0,0,0,0.06,0,0.23,0,0.29
9/1/2026,2021,20221073,40942,30630,"OKTEX PIPELINE COMPANY, LLC",Natural Gas,INTERSTATE,OKLAHOMA,1.16,0,0,0,1.16,0.05,0,0,0,0.05,0.58,0,0,0,0.58,1.18,0,0,0,1.18,51.21,0,0,0,51.21,41.22,0,0,0,41.22,0,0,0,0,0,0,0,0,0,0,0,0,0,0,0,0,0,0,0,0,95.4,0,0,0,95.4,0,0,0,0,0,0,95.4,0,0,0,95.4
9/1/2026,2021,20221073,40942,30630,"OKTEX PIPELINE COMPANY, LLC",Natural Gas,INTERSTATE,TEXAS,3.02,0,3.94,0,6.96,8.23,0,0.03,0,8.26,0.18,0,1.21,0,1.39,0.08,0,0,0,0.08,2.32,0,0,0,2.32,3.69,0,0,0,3.69,0,0,0,0,0,0,0,0,0,0,0,0.08,0.31,0,0.39,0,0,0,0,0,17.52,0.08,5.49,0,23.09,0,0,0,0,0,0,17.52,0.08,5.49,0,23.09
9/1/2026,2021,20221213,41089,30666,"ENMARK ENERGY, INC",Natural Gas,INTRASTATE,ARKANSAS,2,0,0,0,2,0,0,0,0,0,0,0,0,0,0,0.3,3,3.66,0,6.96,0,0,0,0,0,32.88,0,0,0,32.88,0,0,0,0,0,0,0,0,0,0,0,0,0,0,0,6.33,0,0,0,6.33,41.51,3,3.66,0,48.17,0,0,0,0,0,0,41.51,3,3.66,0,48.17
9/1/2026,2021,20221213,41089,30666,"ENMARK ENERGY, INC",Natural Gas,INTRASTATE,MISSISSIPPI,1.5,0,2.33,0,3.83,0,0,0,0,0,0,0,0,0,0,0,0,0,0,0,0,0,0,0,0,0,0,0,0,0,0,0,0,0,0,0,0,0,0,0,0,0,0,0,0,0,0,0,0,0,1.5,0,2.33,0,3.83,0,0,0,0,0,0,1.5,0,2.33,0,3.83
9/1/2026,2021,20221213,41089,30666,"ENMARK ENERGY, INC",Natural Gas,INTRASTATE,TEXAS,0,0,0,0,0,0,0,0,0,0,0,0,0,0,0,0,0,0,0,0,4.6,0,0,0,4.6,0,0,0,0,0,0,0,0,0,0,0,0,0,0,0,0,0,0,0,0,0,0,0,0,0,4.6,0,0,0,4.6,0,0,0,0,0,0,4.6,0,0,0,4.6
9/1/2026,2021,20221213,41089,30666,"ENMARK ENERGY, INC",Natural Gas,INTRASTATE,WEST VIRGINIA,0,0,0,0,0,0,0,0.51,0,0.51,4.49,0,0,0,4.49,0,0,0,0,0,0,0,0,0,0,0,0,0,0,0,0,0,0,0,0,0,0,0,0,0,0,0,0,0,0,0,0,0,0,0,4.49,0,0.51,0,5,0,0,0,0,0,0,4.49,0,0.51,0,5
9/1/2026,2021,20220378,40220,30679,NORTH COUNTRY GAS PIPELINE,Natural Gas,INTRASTATE,NEW YORK,0,0,0,0,0,0,0,0,0,0,0,0,0,0,0,0,0,0,0,0,0,0,0,0,0,20,1,1,0,22,0,0,0,0,0,0,0,0,0,0,0,0,0,0,0,0,0,0,0,0,20,1,1,0,22,0,0,0,0,0,0,20,1,1,0,22
9/1/2026,2021,20220340,40180,30683,WESTLAKE PETROCHEMICALS LLC,Hydrogen Gas,INTRASTATE,LOUISIANA,0,0,0,0,0,1.195,0,0,0,1.195,0,0,0,0,0,0,0,0,0,0,0,0,0,0,0,0,0,0,0,0,0,0,0,0,0,0,0,0,0,0,0,0,0,0,0,0,0,0,0,0,1.195,0,0,0,1.195,0,0,0,0,0,0,1.195,0,0,0,1.195
9/1/2026,2021,20220339,40179,30683,WESTLAKE PETROCHEMICALS LLC,Natural Gas,INTRASTATE,LOUISIANA,0,0,0,0,0,0,0,0,0,0,0,0,0,0,0,0,0,0,0,0,1.328,0,0,0,1.328,0,0,0,0,0,0,0,0,0,0,0,0,0,0,0,0,0,0,0,0,0,0,0,0,0,1.328,0,0,0,1.328,0,0,0,0,0,0,1.328,0,0,0,1.328
9/1/2026,2021,20220341,40181,30683,WESTLAKE PETROCHEMICALS LLC,Other Gas-Ethylene Gas,INTRASTATE,LOUISIANA,0,0,0,0,0,0,0,0,0,0,0,0.77,1.904,0,2.674,0,0,0,0,0,0,0,0,0,0,0,0,0,0,0,0,0,0,0,0,0,0,0,0,0,0,0,0,0,0,0,0,0,0,0,0,0.77,1.904,0,2.674,0,0,0,0,0,0,0,0.77,1.904,0,2.674
9/1/2026,2021,20220203,41305,30711,HILCORP ENERGY COMPANY,Natural Gas,INTRASTATE,ALABAMA,0,0,0,0,0,1.265,1.359,0,0,2.624,4.417,0.688,0.437,0,5.542,0,0,0,0,0,0,0,0,0,0,0,0,0,0,0,0,0,0,0,0,0,0,0,0,0,0,0,0,0,0,0,0,0,0,0,5.682,2.047,0.437,0,8.166,0,0,0,0,0,0,5.682,2.047,0.437,0,8.166
9/1/2026,2021,20220203,41305,30711,HILCORP ENERGY COMPANY,Natural Gas,INTRASTATE,TEXAS,0.572,0,0,0,0.572,0,0,0,0,0,2.48,2.011,0,0,4.491,0,0,0,0,0,0,0,0,0,0,0,0,0,0,0,0,0,0,0,0,0,0,0,0,0,0,0,0,0,0,0,0,0,0,0,3.052,2.011,0,0,5.063,0,0,0,0,0,0,3.052,2.011,0,0,5.063
9/1/2026,2021,20220672,40526,30749,SACRAMENTO MUNICIPAL UTILITY DISTRICT,Natural Gas,INTRASTATE,CALIFORNIA,0,0,0,0,0,0,0,0,0,0,0,0,0,0,0,44.4,5.3,26.1,0,75.8,0,0,0,0,0,0,0,0,0,0,0,0,0,0,0,0,0,0,0,0,0,0,0,0,0,0,0,0,0,0,44.4,5.3,26.1,0,75.8,0,0,0,0,0,0,44.4,5.3,26.1,0,75.8
9/1/2026,2021,20220969,40834,30750,MIDAMERICAN ENERGY COMPANY,Natural Gas,INTRASTATE,ILLINOIS,0.347,0.001,0.434,0,0.782,4.652,1.732,5.817,0,12.201,0.891,0.029,0.32,0,1.24,34.427,5.114,2.77,0,42.311,3.39,0,0,0,3.39,0,0,0,0,0,0,0,0,0,0,0,0,0,0,0,0,0,0,0,0,0,0,0,0,0,43.707,6.876,9.341,0,59.924,0,0,0,0,0,0,43.707,6.876,9.341,0,59.924
9/1/2026,2021,20220969,40834,30750,MIDAMERICAN ENERGY COMPANY,Natural Gas,INTRASTATE,IOWA,160.191,43.518,56.383,0,260.092,73.35,5.23,20.981,0,99.561,46.583,6.417,19.762,0,72.762,61.414,10.227,19.18,0,90.821,70.149,1.813,4.818,0,76.78,0,0,0,0,0,0,0,0,0,0,0,0,0,0,0,0,0,0,0,0,7.659,0.981,1.2,0,9.84,419.346,68.186,122.324,0,609.856,0,0,0,0,0,0,419.346,68.186,122.324,0,609.856
9/1/2026,2021,20221187,41061,30769,SPIRE MISSOURI INC. WEST,Natural Gas,INTRASTATE,MISSOURI,11.174,0.828,6.848,0,18.85,8.514,1.324,13.236,0,23.074,2,0.549,0.477,0,3.026,0,0,0,0,0,0,0,0,0,0,0,0,0,0,0,0,0,0,0,0,0,0,0,0,0,0,0,0,0,0,0,0,0,0,0,21.688,2.701,20.561,0,44.95,0,0,0,0,0,0,21.688,2.701,20.561,0,44.95
9/1/2026,2021,20221102,40971,30772,"NATURAL GAS OF KENTUCKY, INC.",Natural Gas,INTRASTATE,KENTUCKY,0,0,0,0,0,0,0,0,0,0,0,0,0,0,0,0,0,0,0,0,0,0,0,0,0,0,0,0,0,0,0,0,0,0,0,0,0,0,0,0,0,0,0,0,0,31,0,0,0,31,31,0,0,0,31,0,0,0,0,0,0,31,0,0,0,31
9/1/2026,2021,20220220,40079,30782,HARVEST MIDSTREAM COMPANY,Natural Gas,INTRASTATE,NEW MEXICO,0,0,0,0,0,0,0,0,0,0,0.332,0,0,0,0.332,1.988,0,0,0,1.988,2.471,0,1.319,0,3.79,0,0,0,0,0,0,0,0,0,0,0,0,0,0,0,0,0,0,0,0,0,0,0,0,0,4.791,0,1.319,0,6.11,0,0,0,0,0,0,4.791,0,1.319,0,6.11
9/1/2026,2021,20221259,41138,30785,GATEWAY PIPELINE COMPANY,Natural Gas,INTRASTATE,TEXAS,0,2,6.15,0,8.15,0,9.59,0,0,9.59,0,0,0,0,0,0,0,0,0,0,0,0,0,0,0,0,0,0,0,0,0,0,0,0,0,0,0,0,0,0,0,0,0,0,0,0,0,0,0,0,0,11.59,6.15,0,17.74,0,0,0,0,0,0,0,11.59,6.15,0,17.74
9/1/2026,2021,20220566,40413,30786,LEE 8 STORAGE PARTNERSHIP,Natural Gas,INTRASTATE,MICHIGAN,0,0,0,0,0,0.01,0,0,0,0.01,0.01,0,0,0,0.01,0.59,0,0,0,0.59,8.37,3.06,0,0,11.43,0.01,0,0,0,0.01,0.01,0,0,0,0.01,0,0,0,0,0,0,0,0,0,0,0,0,0,0,0,9,3.06,0,0,12.06,0,0,0,0,0,0,9,3.06,0,0,12.06
9/1/2026,2021,20220584,40431,30788,HAVRE PIPELINE COMPANY,Natural Gas,INTRASTATE,MONTANA,0,0,0,0,0,0,0,0,0,0,0.15,0,0,0,0.15,0.01,0,0,0,0.01,1.15,0,0,0,1.15,63.17,0,0,0,63.17,0,0,0,0,0,4.69,0,0,0,4.69,0,0,0,0,0,0,0,0,0,0,69.17,0,0,0,69.17,0,0,0,0,0,0,69.17,0,0,0,69.17
9/1/2026,2021,20221293,46792,30801,"TOTAL GAS PIPELINE USA, INC",Natural Gas,INTRASTATE,TEXAS,0,0,0,0,0,1.2,0.8,1.5,0,3.5,0,0,0,0,0,0,0,0,0,0,0,0,0,0,0,0,0,0,0,0,0,0,0,0,0,0,0,0,0,0,0,0,0,0,0,0,0,0,0,0,1.2,0.8,1.5,0,3.5,0,0,0,0,0,0,1.2,0.8,1.5,0,3.5
9/1/2026,2021,20220991,40857,30825,CITGO PETROLEUM CORPORATION (REFINERY),Hydrogen Gas,INTRASTATE,LOUISIANA,0,0,0,0,0,0,1.4,0,0,1.4,0,0,0,0,0,0,0,0,0,0,0,0,0,0,0,0,0,0,0,0,0,0,0,0,0,0,0,0,0,0,0,0,0,0,0,0,0,0,0,0,0,1.4,0,0,1.4,0,0,0,0,0,0,0,1.4,0,0,1.4
9/1/2026,2021,20220986,40852,30825,CITGO PETROLEUM CORPORATION (REFINERY),Natural Gas,INTRASTATE,LOUISIANA,0,0.72,0.18,0,0.9,0,0,0,0,0,0,0,0,0,0,0,0,0,0,0,0,0,0,0,0,0,0,0,0,0,0,0,0,0,0,0,0,0,0,0,0,0,0,0,0,0,0,0,0,0,0,0.72,0.18,0,0.9,0,0,0,0,0,0,0,0.72,0.18,0,0.9
9/1/2026,2021,20220989,42860,30826,WILLIAMS FIELD SERVICES,Natural Gas,INTRASTATE,ALABAMA,0,0,0,0,0,0,0,0,0,0,0,0,0,0,0,0,0,0,0,0,0,0,0,0,0,0.56,0,0,0,0.56,0,0,0,0,0,0,0,0,0,0,0,0,0,0,0,0,0,0,0,0,0.56,0,0,0,0.56,0,0,0,0,0,0,0.56,0,0,0,0.56
9/1/2026,2021,20220989,42860,30826,WILLIAMS FIELD SERVICES,Natural Gas,INTRASTATE,COLORADO,0.41,0,0,0,0.41,0,0,0,0,0,0,0,0,0,0,0.46,0,0,0,0.46,3.09,0,0,0,3.09,5.29,0,0,0,5.29,0,0,0,0,0,0,0,0,0,0,0,0,0,0,0,0,0,0,0,0,9.25,0,0,0,9.25,0,0,0,0,0,0,9.25,0,0,0,9.25
9/1/2026,2021,20220989,42860,30826,WILLIAMS FIELD SERVICES,Natural Gas,INTRASTATE,PENNSYLVANIA,0,0,0,0,0,0,0,0,0,0,0.035,0,0,0,0.035,4.267,0.998,0.781,0,6.046,37.185,3.857,0.005,0,41.047,2.058,0.239,0,0,2.297,0,0,0,0,0,0,0,0,0,0,0,0,0,0,0,0,0,0,0,0,43.545,5.094,0.786,0,49.425,0,0,0,0,0,0,43.545,5.094,0.786,0,49.425
9/1/2026,2021,20220989,42860,30826,WILLIAMS FIELD SERVICES,Natural Gas,INTRASTATE,WEST VIRGINIA,0,0,0,0,0,0,0,0,0,0,0,0,0,0,0,0.43,0,0.11,0,0.54,0.91,0,0,0,0.91,0,0,0,0,0,0,0,0,0,0,0,0,0,0,0,0,0,0,0,0,0,0,0,0,0,1.34,0,0.11,0,1.45,0,0,0,0,0,0,1.34,0,0.11,0,1.45
9/1/2026,2021,20220989,42860,30826,WILLIAMS FIELD SERVICES,Natural Gas,INTRASTATE,WYOMING,0,0,0,0,0,0.041,0,0,0,0.041,1.217,0,0,0,1.217,0.053,0,0,0,0.053,44.119,0,0,0,44.119,6.143,0,0,0,6.143,0,0,0,0,0,0,0,0,0,0,0.438,0,0,0,0.438,0,0,0,0,0,52.011,0,0,0,52.011,0,0,0,0,0,0,52.011,0,0,0,52.011
9/1/2026,2021,20220912,40774,30838,TUSCARORA GAS TRANSMISSION COMPANY,Natural Gas,INTERSTATE,CALIFORNIA,0,0,0,0,0,0.118,0,0,0,0.118,5.254,0,0,0,5.254,13.457,1.844,0,0,15.301,0.016,0,0,0,0.016,167.695,0,0,0,167.695,0,0,0,0,0,0,0,0,0,0,0,0,0,0,0,0,0,0,0,0,186.54,1.844,0,0,188.384,0,0,0,0,0,0,186.54,1.844,0,0,188.384
9/1/2026,2021,20220912,40774,30838,TUSCARORA GAS TRANSMISSION COMPANY,Natural Gas,INTERSTATE,NEVADA,0,0,0,0,0,0.011,0,0,0,0.011,1.205,0,0,0,1.205,41.792,2.851,5.794,0,50.437,11.359,0,0,0,11.359,44.071,0,0,0,44.071,0,0,0,0,0,0,0,0,0,0,0,0,0,0,0,0,0,0,0,0,98.438,2.851,5.794,0,107.083,0,0,0,0,0,0,98.438,2.851,5.794,0,107.083
9/1/2026,2021,20220912,40774,30838,TUSCARORA GAS TRANSMISSION COMPANY,Natural Gas,INTERSTATE,OREGON,0,0,0,0,0,0.067,0,0,0,0.067,7.094,0,0,0,7.094,0.182,0,0,0,0.182,0,0,0,0,0,2.441,0,0,0,2.441,0,0,0,0,0,0,0,0,0,0,0,0,0,0,0,0,0,0,0,0,9.784,0,0,0,9.784,0,0,0,0,0,0,9.784,0,0,0,9.784
9/1/2026,2021,20220224,40060,30839,"WALDEN, TOWN OF",Natural Gas,INTRASTATE,COLORADO,0,0,0,0,0,0,0,0,0,0,0,0,0,0,0,0,0,0,0,0,0,0,0,0,0,0,0,0,0,0,0,0,0,0,0,0,0,0,0,0,0,0,0,0,0,8.4,0,0,0,8.4,8.4,0,0,0,8.4,0,0,0,0,0,0,8.4,0,0,0,8.4
9/1/2026,2021,20220224,40060,30839,"WALDEN, TOWN OF",Natural Gas,INTRASTATE,WYOMING,0,0,0,0,0,0,0,0,0,0,0,0,0,0,0,0,0,0,0,0,0,0,0,0,0,0,0,0,0,0,0,0,0,0,0,0,0,0,0,0,0,0,0,0,0,32.4,5.2,0,0,37.6,32.4,5.2,0,0,37.6,0,0,0,0,0,0,32.4,5.2,0,0,37.6
9/1/2026,2021,20220784,41315,30850,LANXESS CORP.,Natural Gas,INTRASTATE,ARKANSAS,0.01,0,0,0,0.01,0,0,0,0,0,0,0,0,0,0,0,0,0,0,0,0,0,0,0,0,0,0,0,0,0,0,0,0,0,0,0,0,0,0,0,0,0,0,0,0,2.47,0,0,0,2.47,2.48,0,0,0,2.48,0,0,0,0,0,0,2.48,0,0,0,2.48
9/1/2026,2021,20220259,40098,30851,ALBEMARLE CORPORATION,Natural Gas,INTRASTATE,ARKANSAS,19.07,0,0,0,19.07,0,0,0,0,0,0,0,0,0,0,0,0,0,0,0,0,0,0,0,0,0,0,0,0,0,0,0,0,0,0,0,0,0,0,0,0,0,0,0,0,0,0,0,0,0,19.07,0,0,0,19.07,0,0,0,0,0,0,19.07,0,0,0,19.07
9/1/2026,2021,20220369,40211,30851,ALBEMARLE CORPORATION,Other Gas-Anhydrous HCL,INTRASTATE,TEXAS,0,2.6,0,0,2.6,0,0,0,0,0,0,0,0,0,0,0,0,0,0,0,0,0,0,0,0,0,0,0,0,0,0,0,0,0,0,0,0,0,0,0,0,0,0,0,0,0,0,0,0,0,0,2.6,0,0,2.6,0,0,0,0,0,0,0,2.6,0,0,2.6
9/1/2026,2021,20220526,40372,30910,K O TRANSMISSION COMPANY,Natural Gas,INTERSTATE,KENTUCKY,0.175,0.113,0.565,0,0.853,0.837,1.133,12.603,0,14.573,9.438,3.27,5.5,0,18.208,8.305,3.243,6.708,0,18.256,0,0,0,0,0,0,0,0,0,0,0,0,0,0,0,0,0,0,0,0,0.001,0.109,0.008,0,0.118,0,0,0,0,0,18.756,7.868,25.384,0,52.008,0,0,0,0,0,0,18.756,7.868,25.384,0,52.008
9/1/2026,2021,20220526,40372,30910,K O TRANSMISSION COMPANY,Natural Gas,INTERSTATE,OHIO,0,0.11,0,0,0.11,0,0,0,0,0,0,0,0,0,0,0,0,0,0,0,0,0,0,0,0,0,0,0,0,0,0,0,0,0,0,0,0,0,0,0,0,0,0,0,0,0,0,0,0,0,0,0.11,0,0,0.11,0,0,0,0,0,0,0,0.11,0,0,0.11
9/1/2026,2021,20220921,40784,30919,PEABODY MUNICIPAL LIGHT PLANT,Natural Gas,INTRASTATE,MASSACHUSETTS,0,0,0,0,0,0,0,0,0,0,0.153,0,0.216,0,0.369,0,0,0,0,0,0,0,0,0,0,0,0,0,0,0,0,0,0,0,0,0,0,0,0,0,0,0,0,0,0,0,0,0,0,0,0.153,0,0.216,0,0.369,0,0,0,0,0,0,0.153,0,0.216,0,0.369
9/1/2026,2021,20220077,39904,30930,KNG ENERGY INC,Natural Gas,INTRASTATE,OHIO,0,0,0,0,0,11.692,0,0,0,11.692,0,0,0,0,0,0,0,0,0,0,0,0,0,0,0,0,0,0,0,0,0,0,0,0,0,0,0,0,0,0,0,0,0,0,0,0,0,0,0,0,11.692,0,0,0,11.692,0,0,0,0,0,0,11.692,0,0,0,11.692
9/1/2026,2021,20220984,41489,30940,"WILLIAMS ENERGY, LLC",Natural Gas,INTERSTATE,LOUISIANA,0,0,0,0,0,1.75,0,0,0,1.75,0.69,0,0,0,0.69,3.87,0,1.2,0,5.07,1.83,0,0,0,1.83,23.38,0,0,0,23.38,0,0,0,0,0,0,0,0,0,0,0,0,0,0,0,0,0,0,0,0,31.52,0,1.2,0,32.72,0,0,0,0,0,0,31.52,0,1.2,0,32.72
9/1/2026,2021,20220778,40636,30941,WESTLAKE PVC CORPORATION,Natural Gas,INTRASTATE,KENTUCKY,0.63,2.38,0.17,0,3.18,0,0,0,0,0,0,0,0,0,0,0,0,0,0,0,0,0,0,0,0,0,0,0,0,0,0,0,0,0,0,0,0,0,0,0,0,0,0,0,0,0,0,0,0,0,0.63,2.38,0.17,0,3.18,0,0,0,0,0,0,0.63,2.38,0.17,0,3.18
9/1/2026,2021,20220491,40337,30943,CLE INTRASTATE PIPELINE INC,Natural Gas,INTRASTATE,LOUISIANA,0,0,0,0,0,0,0,0,0,0,0.56,0,0,0,0.56,0.621,0,0,0,0.621,0,0,0,0,0,0.879,0,0,0,0.879,0,0,0,0,0,0,0,0,0,0,0,0,0,0,0,0,0,0,0,0,2.06,0,0,0,2.06,0,0,0,0,0,0,2.06,0,0,0,2.06
9/1/2026,2021,20220066,39891,30944,"MONUMENT CHEMICAL KENTUCKY, LLC",Natural Gas,INTRASTATE,KENTUCKY,0,0,0,0,0,50,6,2,0,58,0,0,0,0,0,0,0,0,0,0,0,0,0,0,0,0,0,0,0,0,0,0,0,0,0,0,0,0,0,0,0,0,0,0,0,0,0,0,0,0,50,6,2,0,58,0,0,0,0,0,0,50,6,2,0,58
9/1/2026,2021,20221041,41211,30946,"BBT ALABAMA INTRASTATE, LLC",Natural Gas,INTRASTATE,ALABAMA,0,0,0,0,0,5.01,0,0,0,5.01,22.88,2.2,0,0,25.08,5.55,0,4.774,0,10.324,27.59,11.22,0,0,38.81,0,0,0,0,0,27.836,0,0,0,27.836,0,0,0,0,0,0,6.18,0,0,6.18,0,0,0,0,0,88.866,19.6,4.774,0,113.24,0,0,0,0,0,0,88.866,19.6,4.774,0,113.24
9/1/2026,2021,20221089,40958,30952,PHILLIPS UTILITY GAS CORPORATION,Natural Gas,INTRASTATE,TEXAS,0,0,0,0,0,3.19,0.249,1.701,0,5.14,0,0,0,0,0,0,0,0,0,0,0,0,0,0,0,0,0,0,0,0,0,0,0,0,0,0,0,0,0,0,0,0,0,0,0,0,0,0,0,0,3.19,0.249,1.701,0,5.14,0,0,0,0,0,0,3.19,0.249,1.701,0,5.14
9/1/2026,2021,20220575,47482,30959,THE DOW CHEMICAL COMPANY,Hydrogen Gas,INTRASTATE,TEXAS,0.9,0,0,0,0.9,2.7,0,0,0,2.7,0,0,0,0,0,0,0,0,0,0,0,0,0,0,0,0,0,0,0,0,0,0,0,0,0,0,0,0,0,0,0,0,0,0,0,0,0,0,0,0,3.6,0,0,0,3.6,0,0,0,0,0,0,3.6,0,0,0,3.6
9/1/2026,2021,20220573,40420,30959,THE DOW CHEMICAL COMPANY,Other Gas-Ethylene,INTRASTATE,TEXAS,0.66,0,0.04,0,0.7,8.45,0,0.44,0,8.89,7.16,0,2.09,0,9.25,14.54,1.28,2.8,0,18.62,2.81,0,1.94,0,4.75,0,0,0,0,0,0,0,0,0,0,0,0,0,0,0,0,0,0,0,0,0,0,0,0,0,33.62,1.28,7.31,0,42.21,0,0,0,0,0,0,33.62,1.28,7.31,0,42.21
9/1/2026,2021,20220577,40424,30959,THE DOW CHEMICAL COMPANY,Other Gas-Fuel Gas,INTRASTATE,TEXAS,2.06,0.08,0.01,0,2.15,1.21,0.3,0.27,0,1.78,19.08,4.21,3.1,0,26.39,3.74,0,0.09,0,3.83,0.59,0,1.79,0,2.38,0,0,0,0,0,2.49,0,0,0,2.49,0,0,0,0,0,0,0,0,0,0,0,0,0,0,0,29.17,4.59,5.26,0,39.02,0,0,0,0,0,0,29.17,4.59,5.26,0,39.02
9/1/2026,2021,20220576,40423,30959,THE DOW CHEMICAL COMPANY,Other Gas-Off Gas,INTRASTATE,TEXAS,1.9,0,0.24,0,2.14,4.43,0,0.18,0,4.61,0,0,0,0,0,0,0,0,0,0,0,0,0,0,0,0,0,0,0,0,0,0,0,0,0,0,0,0,0,0,0,0,0,0,0,0,0,0,0,0,6.33,0,0.42,0,6.75,0,0,0,0,0,0,6.33,0,0.42,0,6.75
9/1/2026,2021,20220578,40425,30959,THE DOW CHEMICAL COMPANY,Other Gas-Residual Gas,INTRASTATE,TEXAS,0.44,0,0,0,0.44,0.04,0,0.08,0,0.12,3.88,0,0.39,0,4.27,0,0,0,0,0,0,0,0,0,0,0,0,0,0,0,0,0,0,0,0,0,0,0,0,0,0,0,0,0,0,0,0,0,0,0,4.36,0,0.47,0,4.83,0,0,0,0,0,0,4.36,0,0.47,0,4.83
9/1/2026,2021,20220443,40289,30963,"SALTVILLE GAS STORAGE COMPANY, L.L.C. (SPECTRA ENERGY PARTNERS, LP)",Natural Gas,INTERSTATE,VIRGINIA,0,0,0,0,0,0,0,0,0,0,2.47,4.68,0,0,7.15,3.34,0.55,0,0,3.89,7.79,3.92,0,0,11.71,9.08,0.09,0,0,9.17,0,0,0,0,0,0,0,0,0,0,0,0,0,0,0,0,0,0,0,0,22.68,9.24,0,0,31.92,0,0,0,0,0,0,22.68,9.24,0,0,31.92
9/1/2026,2021,20220397,40241,30965,BULLDOG GAS & POWER LLC,Landfill Gas,INTRASTATE,CALIFORNIA,0,0,0,0,0,0,0,0,0,0,0,0,0,0,0,0,0,0,0,0,0,0,0,0,0,0,0,0,0,0,0,0,0,0,0,0,0,0,0,0,0,0,0,0,0,2.1,0,0.5,0,2.6,2.1,0,0.5,0,2.6,0,0,0,0,0,0,2.1,0,0.5,0,2.6
9/1/2026,2021,20220513,40359,30984,"BRYAN, CITY OF",Natural Gas,INTRASTATE,TEXAS,0,0,0,0,0,0,0,0,0,0,0,0,0,0,0,3,0,1.3,0,4.3,0,0,0,0,0,0,0,0,0,0,0,0,0,0,0,0,0,0,0,0,0,0,0,0,0,0,0,0,0,0,3,0,1.3,0,4.3,0,0,0,0,0,0,3,0,1.3,0,4.3
9/1/2026,2021,20220178,40012,30994,"HOLLAND, CITY OF - BOARD OF PUBLIC WORKS",Natural Gas,INTRASTATE,MICHIGAN,0,0,0,0,0,0,0,0,0,0,0,0,0,0,0,16,0,5,0,21,0,0,0,0,0,0,0,0,0,0,0,0,0,0,0,0,0,0,0,0,0,0,0,0,0,0,0,0,0,0,16,0,5,0,21,0,0,0,0,0,0,16,0,5,0,21
9/1/2026,2021,20221282,41162,31000,EAST KENTUCKY POWER CORPORATION,Natural Gas,INTRASTATE,KENTUCKY,0,0,0,0,0,6.73,0,0,0,6.73,0,0,0,0,0,0,0,0,0,0,0,0,0,0,0,0,0,0,0,0,0,0,0,0,0,0,0,0,0,0,0,0,0,0,0,0,0,0,0,0,6.73,0,0,0,6.73,0,0,0,0,0,0,6.73,0,0,0,6.73
9/1/2026,2021,20221221,41364,31007,ADM CORN PROCESSING DIVISION-NW GAS CONTRACTED,Natural Gas,INTRASTATE,MINNESOTA,0,0,0,0,0,0,0,0,0,0,0,0,0,0,0,17.94,0.06,0,0,18,0,0,0,0,0,0,0,0,0,0,0,0,0,0,0,0,0,0,0,0,0,0,0,0,0,0,0,0,0,0,17.94,0.06,0,0,18,0,0,0,0,0,0,17.94,0.06,0,0,18
9/1/2026,2021,20220120,39952,31023,CITGO REFINING & CHEMICAL CO. L.P.,Hydrogen Gas,INTRASTATE,TEXAS,0,0,4.49,0,4.49,0,0,3.36,0,3.36,0,0,0.13,0,0.13,0,0,0,0,0,0,0,0,0,0,0,0,0,0,0,0,0,0,0,0,0,0,0,0,0,0,0,0,0,0,0,0,0,0,0,0,0,7.98,0,7.98,0,0,0,0,0,0,0,0,7.98,0,7.98
9/1/2026,2021,20220874,40734,31024,CENTRA PIPELINE MINNESOTA INC.,Natural Gas,INTERSTATE,MINNESOTA,0.87,0,0.268,0,1.138,0,0,0,0,0,13.34,0,0,0,13.34,0,0,0,0,0,48.78,1.7,0.73,0,51.21,0,0,0,0,0,0,0,0,0,0,0,0,0,0,0,0,0,0,0,0,0,0,0,0,0,62.99,1.7,0.998,0,65.688,0,0,0,0,0,0,62.99,1.7,0.998,0,65.688
9/1/2026,2021,20221343,41248,31039,LOCKPORT COGENERATION FACILITY,Natural Gas,INTRASTATE,NEW YORK,0,0,0,0,0,0,0,0,0,0,0,0,0,0,0,0,0,0,0,0,0,0,0,0,0,0,0,0,0,0,0.581,0,0,0,0.581,0,0,0,0,0,0,0,0,0,0,0,0,0,0,0,0.581,0,0,0,0.581,0,0,0,0,0,0,0.581,0,0,0,0.581
9/1/2026,2021,20220490,40336,31044,"LOWER VALLEY ENERGY, INC.",Natural Gas,INTRASTATE,WYOMING,0,0,0,0,0,44,0,3,0,47,3,3,0,0,6,0,0,0,0,0,0,0,0,0,0,0,0,0,0,0,0,0,0,0,0,0,0,0,0,0,0,0,0,0,0,6,0,6,0,12,53,3,9,0,65,0,0,0,0,0,0,53,3,9,0,65
9/1/2026,2021,20221219,41095,31067,AERA ENERGY LLC,Natural Gas,INTRASTATE,CALIFORNIA,0,0,0,0,0,0,0,0,0,0,1.2,0,0,0,1.2,0,0,0,0,0,0,0,0,0,0,0,0,0,0,0,0,0,0,0,0,0,0,0,0,0,0,0,0,0,0,0,0,0,0,0,1.2,0,0,0,1.2,0,0,0,0,0,0,1.2,0,0,0,1.2
9/1/2026,2021,20221112,40981,31068,SEAL BEACH GAS PROCESSING VENTURE,Natural Gas,INTRASTATE,CALIFORNIA,0.59,0,0.41,0,1,0,0,0,0,0,0,0,0,0,0,0,0,0,0,0,0,0,0,0,0,0,0,0,0,0,0,0,0,0,0,0,0,0,0,0,0,0,0,0,0,0,0,0,0,0,0.59,0,0.41,0,1,0,0,0,0,0,0,0.59,0,0.41,0,1
9/1/2026,2021,20221181,41766,31075,E&B NATURAL RESOURCES MANAGEMENT CORP,Natural Gas,INTRASTATE,CALIFORNIA,3.27,0,0,0,3.27,0,0,0,0,0,0,0,0,0,0,0,0,0,0,0,0,0,0,0,0,0,0,0,0,0,0,0,0,0,0,0,0,0,0,0,0,0,0,0,0,1.1,0,0,0,1.1,4.37,0,0,0,4.37,0,0,0,0,0,0,4.37,0,0,0,4.37
9/1/2026,2021,20221043,40910,31088,"DESTIN PIPELINE COMPANY, LLC",Natural Gas,INTERSTATE,ALABAMA,0,0,0,0,0,0,0,0,0,0,0,0,0,0,0,0,0,0,0,0,0,0,0,0,0,0,0,0,0,0,0,0,0,0,0,0,0,0,0,0,0,0,0,0,0,0,0,0,0,0,0,0,0,0,0,0,5.5,0,0,0,5.5,5.5,0,0,0,5.5
9/1/2026,2021,20221043,40910,31088,"DESTIN PIPELINE COMPANY, LLC",Natural Gas,INTERSTATE,MISSISSIPPI,0,0,0,0,0,0,0,0,0,0,2.34,0.84,0.43,0,3.61,5.48,1.69,1.62,0,8.79,13.04,12.07,0.01,0,25.12,86.63,4.48,0,0,91.11,15.07,1.77,0,0,16.84,0,0,0,0,0,0.066,0,0,0,0.066,0,0,0,0,0,122.626,20.85,2.06,0,145.536,0,8.59,0,0,0,8.59,131.216,20.85,2.06,0,154.126
9/1/2026,2021,20221043,40910,31088,"DESTIN PIPELINE COMPANY, LLC",Natural Gas,INTERSTATE,OCS-Gulf of Mexico,0,0,0,0,0,0,0,0,0,0,0,0,0,0,0,0,0,0,0,0,0,0,0,0,0,0,0,0,0,0,0,0,0,0,0,0,0,0,0,0,0,0,0,0,0,0,0,0,0,0,0,0,0,0,0,0,61.7,0,0,0,61.7,61.7,0,0,0,61.7
9/1/2026,2021,20220194,40030,31092,"KM FEEDERS, LLC",Natural Gas,INTRASTATE,KANSAS,0,0,0,0,0,0,0,0,0,0,0,0,0,0,0,0,0,0,0,0,0,0,0,0,0,0,0,0,0,0,0,0,0,0,0,0,0,0,0,0,0,0,0,0,0,3,0,0,0,3,3,0,0,0,3,0,0,0,0,0,0,3,0,0,0,3
9/1/2026,2021,20220257,40096,31093,CITY OF FOSSTON MUNICIPAL GAS,Other Gas-Methane,INTRASTATE,MINNESOTA,0,0,0,0,0,0,0,0,0,0,0,0,0,0,0,0,0,0,0,0,0,0,0,0,0,0,0,0,0,0,0,0,0,0,0,0,0,0,0,0,0,0,0,0,0,0,0,0.27,0,0.27,0,0,0.27,0,0.27,0,0,0,0,0,0,0,0,0.27,0,0.27
9/1/2026,2021,20221002,40868,31096,GEORGIA-PACIFIC CONSUMER OPERATIONS LLC,Natural Gas,INTRASTATE,WASHINGTON,0,0,0,0,0,0,0,0.325,0,0.325,0,0,0.693,0,0.693,0,0,0,0,0,0,0,0,0,0,0,0,0,0,0,0,0,0,0,0,0,0,0,0,0,0,0,0,0,0,0,0,0,0,0,0,0,1.018,0,1.018,0,0,0,0,0,0,0,0,1.018,0,1.018
9/1/2026,2021,20220214,40050,31100,DANISCO CULTOR USA INC,Natural Gas,INTRASTATE,KANSAS,2.21,0,0.5,0,2.71,0,0,0,0,0,0,0,0,0,0,0,0,0,0,0,0,0,0,0,0,0,0,0,0,0,0,0,0,0,0,0,0,0,0,0,0,0,0,0,0,0,0,0,0,0,2.21,0,0.5,0,2.71,0,0,0,0,0,0,2.21,0,0.5,0,2.71
9/1/2026,2021,20220643,40492,31130,DCP MIDSTREAM,Natural Gas,INTERSTATE,KANSAS,0,0,0,0,0,0,0,0,0,0,8.101,0,0,0,8.101,0.979,0,0,0,0.979,0.125,0,0,0,0.125,52.167,0,0,0,52.167,0,0,0,0,0,0,0,0,0,0,0,0,0,0,0,0,0,0,0,0,61.372,0,0,0,61.372,0,0,0,0,0,0,61.372,0,0,0,61.372
9/1/2026,2021,20220643,40492,31130,DCP MIDSTREAM,Natural Gas,INTERSTATE,OKLAHOMA,0,0,0,0,0,0,0,0,0,0,0,0,0,0,0,0,0,0,0,0,0,0,0,0,0,38.033,0,0,0,38.033,0,0,0,0,0,0,0,0,0,0,0,0,0,0,0,0,0,0,0,0,38.033,0,0,0,38.033,0,0,0,0,0,0,38.033,0,0,0,38.033
9/1/2026,2021,20220643,40492,31130,DCP MIDSTREAM,Natural Gas,INTRASTATE,ALABAMA,0,0,0,0,0,0,0,0,0,0,0,0,0,0,0,0,0,0,0,0,0.558,0,0,0,0.558,0,0,0,0,0,0,0,0,0,0,0,0,0,0,0,0,0,0,0,0,0,0,0,0,0,0.558,0,0,0,0.558,0,0,0,0,0,0,0.558,0,0,0,0.558
9/1/2026,2021,20220643,40492,31130,DCP MIDSTREAM,Natural Gas,INTRASTATE,COLORADO,0.001,0,0,0,0.001,0.933,1.702,0.004,0,2.639,7.668,0.267,0.361,0,8.296,13.413,2.808,1.925,0,18.146,4.945,0,0,0,4.945,3.932,1.492,0,0,5.424,0,0,0,0,0,0.038,0,0,0,0.038,0.649,0,0,0,0.649,0,0,0,0,0,31.579,6.269,2.29,0,40.138,0,0,0,0,0,0,31.579,6.269,2.29,0,40.138
9/1/2026,2021,20220643,40492,31130,DCP MIDSTREAM,Natural Gas,INTRASTATE,MICHIGAN,0.011,0,0,0,0.011,1.144,0,0,0,1.144,1.254,0,0.375,0,1.629,69.947,19.377,3.806,0,93.13,0.985,0,0,0,0.985,0,0,0,0,0,0,0,0,0,0,0,0,0,0,0,0,0,0,0,0,0,0,0,0,0,73.341,19.377,4.181,0,96.899,0,0,0,0,0,0,73.341,19.377,4.181,0,96.899
9/1/2026,2021,20220643,40492,31130,DCP MIDSTREAM,Natural Gas,INTRASTATE,NEW MEXICO,0,0,0,0,0,5.918,0,0,0,5.918,0.095,0,0,0,0.095,4.978,0,0,0,4.978,15.186,0,0,0,15.186,0.949,0,0,0,0.949,0,0,0,0,0,0,0,0,0,0,0,0,0,0,0,0,0,0,0,0,27.126,0,0,0,27.126,0,0,0,0,0,0,27.126,0,0,0,27.126
9/1/2026,2021,20220643,40492,31130,DCP MIDSTREAM,Natural Gas,INTRASTATE,OKLAHOMA,0.003,0,0,0,0.003,10.472,0.293,0,0,10.765,0.94,0,0,0,0.94,0.001,0,0,0,0.001,0,0,0,0,0,0,0,0,0,0,0,0,0,0,0,0,0,0,0,0,0,0,0,0,0,0,0,0,0,0,11.416,0.293,0,0,11.709,0,0,0,0,0,0,11.416,0.293,0,0,11.709
9/1/2026,2021,20220643,40492,31130,DCP MIDSTREAM,Natural Gas,INTRASTATE,TEXAS,3.313,0.193,9.412,0,12.918,16.844,2.76,6.794,0,26.398,28.897,1.415,5.43,0,35.742,55.321,7.35,27.529,0,90.2,40.889,6.993,2.472,0,50.354,105.783,0,0,0,105.783,0,0,0,0,0,0,0,0,0,0,0.676,0,0,0,0.676,0,0,0,0,0,251.723,18.711,51.637,0,322.071,0,0,0,0,0,0,251.723,18.711,51.637,0,322.071
9/1/2026,2021,20221251,41129,31142,NORTH SLOPE BOROUGH ENERGY MANAGEMENT,Natural Gas,INTRASTATE,ALASKA,13.5,0,0,0,13.5,0.2,3.7,2.6,0,6.5,0,0,0,0,0,0,0,0,0,0,0,0,0,0,0,0,0,0,0,0,0,0,0,0,0,0,0,0,0,0,0,0,0,0,0,0,0,0,0,0,13.7,3.7,2.6,0,20,0,0,0,0,0,0,13.7,3.7,2.6,0,20
9/1/2026,2021,20220913,40775,31145,PORTLAND NATURAL GAS TRANSMISSION SYSTEM,Natural Gas,INTERSTATE,MAINE,0,0,0,0,0,0,0,0,0,0,0.664,5.545,0.002,0,6.211,6.26,6.692,3.504,0,16.456,16.386,23.63,3.424,0,43.44,33.828,6.783,0.766,0,41.377,0,0,0,0,0,0,0,0,0,0,0,0,0,0,0,0,0,0,0,0,57.138,42.65,7.696,0,107.484,0,0,0,0,0,0,57.138,42.65,7.696,0,107.484
9/1/2026,2021,20220913,40775,31145,PORTLAND NATURAL GAS TRANSMISSION SYSTEM,Natural Gas,INTERSTATE,NEW HAMPSHIRE,0,0.031,0.32,0,0.351,0.239,0,0,0,0.239,0.01,0.023,0.096,0,0.129,1.453,2.533,4.166,0,8.152,5.995,16.767,1.059,0,23.821,42.78,4.278,0.285,0,47.343,0,0,0,0,0,0,0,0,0,0,0,0,0,0,0,0,0,0,0,0,50.477,23.632,5.926,0,80.035,0,0,0,0,0,0,50.477,23.632,5.926,0,80.035
9/1/2026,2021,20220913,40775,31145,PORTLAND NATURAL GAS TRANSMISSION SYSTEM,Natural Gas,INTERSTATE,VERMONT,0,0,0,0,0,0,0,0,0,0,0,0,0,0,0,0,0.144,0,0,0.144,0,0.424,0,0,0.424,0,0,0,0,0,0,0,0,0,0,0,0,0,0,0,0,0,0,0,0,0,0,0,0,0,0,0.568,0,0,0.568,0,0,0,0,0,0,0,0.568,0,0,0.568
9/1/2026,2021,20220424,44964,31159,"KANSAS GAS SERVICE COMPANY, A DIVISION OF ONE GAS, INC.",Natural Gas,INTRASTATE,KANSAS,382.99,26.31,14.47,0,423.77,325.38,17.07,24.71,0,367.16,192.55,6.4,8.5,0,207.45,328.49,7.96,4.75,0,341.2,195.33,1.4,0,0,196.73,0,0,0,0,0,0,0,0,0,0,0,0,0,0,0,0,0,0,0,0,0,0,0,0,0,1424.74,59.14,52.43,0,1536.31,0,0,0,0,0,0,1424.74,59.14,52.43,0,1536.31
9/1/2026,2021,20220717,40573,31178,XTO ENERGY INC,Natural Gas,INTRASTATE,LOUISIANA,0,0,0,0,0,0,0,0,0,0,0,0,0,0,0,0,0,0,0,0,15.4,3.2,0,0,18.6,0,0,0,0,0,0,0,0,0,0,0,0,0,0,0,0,0,0,0,0,0,0,0,0,0,15.4,3.2,0,0,18.6,0,0,0,0,0,0,15.4,3.2,0,0,18.6
9/1/2026,2021,20220717,40573,31178,XTO ENERGY INC,Natural Gas,INTRASTATE,TEXAS,0,0,0,0,0,0,0,2.8,0,2.8,0,0,0,0,0,0,0,0,0,0,0,0,0,0,0,0,0,0,0,0,0,0,0,0,0,0,0,0,0,0,0,0,0,0,0,0,0,0,0,0,0,0,2.8,0,2.8,0,0,0,0,0,0,0,0,2.8,0,2.8
9/1/2026,2021,20220131,39963,31181,"AGC FLAT GLASS NORTH AMERICA, INC",Natural Gas,INTRASTATE,KANSAS,6,0,0.5,0,6.5,0,0,0,0,0,0,0,0,0,0,0,0,0,0,0,0,0,0,0,0,0,0,0,0,0,0,0,0,0,0,0,0,0,0,0,0,0,0,0,0,0,0,0,0,0,6,0,0.5,0,6.5,0,0,0,0,0,0,6,0,0.5,0,6.5
9/1/2026,2021,20220681,40536,31199,ALLIANCE PIPELINE L.P.,Natural Gas,INTERSTATE,ILLINOIS,0,0,0,0,0,0,0,0,0,0,0,0,0,0,0,8.31,2.36,4.01,0,14.68,5.81,2.23,0.5,0,8.54,71.63,0.29,0,0,71.92,27.6,0.07,0,0,27.67,0,0,0,0,0,0,0,0,0,0,0,0,0,0,0,113.35,4.95,4.51,0,122.81,0,0,0,0,0,0,113.35,4.95,4.51,0,122.81
9/1/2026,2021,20220681,40536,31199,ALLIANCE PIPELINE L.P.,Natural Gas,INTERSTATE,IOWA,0,0,0,0,0,0,0,0,0,0,0,0,0,0,0,0,0,0,0,0,0.56,0.21,0,0,0.77,7.58,0.11,0,0,7.69,178.2,1.66,0,0,179.86,0,0,0,0,0,0,0,0,0,0,0,0,0,0,0,186.34,1.98,0,0,188.32,0,0,0,0,0,0,186.34,1.98,0,0,188.32
9/1/2026,2021,20220681,40536,31199,ALLIANCE PIPELINE L.P.,Natural Gas,INTERSTATE,MINNESOTA,0,0,0,0,0,0,0,0,0,0,0,0,0,0,0,0,0,0,0,0,0.86,0,0,0,0.86,11.11,0,0,0,11.11,239.23,0,0,0,239.23,0,0,0,0,0,0,0,0,0,0,0,0,0,0,0,251.2,0,0,0,251.2,0,0,0,0,0,0,251.2,0,0,0,251.2
9/1/2026,2021,20220681,40536,31199,ALLIANCE PIPELINE L.P.,Natural Gas,INTERSTATE,NORTH DAKOTA,0,0,0,0,0,0.01,0,0,0,0.01,0.26,0,0,0,0.26,3.19,0,0,0,3.19,4.93,0,0,0,4.93,158.56,0,0,0,158.56,237.41,0,0,0,237.41,0,0,0,0,0,0,0,0,0,0,0,0,0,0,0,404.36,0,0,0,404.36,0,0,0,0,0,0,404.36,0,0,0,404.36
9/1/2026,2021,20220502,40348,31202,"ENABLE MIDSTREAM PARTNERS, LP",Natural Gas,INTRASTATE,ARKANSAS,0.01,0,0.02,0,0.03,1.57,0.1,0.6,0,2.27,6.24,0.01,0,0,6.25,6.9,0.33,0,0,7.23,0.63,0,0,0,0.63,0,0,0,0,0,0,0,0,0,0,0,0,0,0,0,0.16,0,0,0,0.16,0,0,0,0,0,15.51,0.44,0.62,0,16.57,0,0,0,0,0,0,15.51,0.44,0.62,0,16.57
9/1/2026,2021,20220502,40348,31202,"ENABLE MIDSTREAM PARTNERS, LP",Natural Gas,INTRASTATE,LOUISIANA,0,0,0,0,0,0,0,0,0,0,0.39,0,0,0,0.39,2.59,0,0,0,2.59,2.39,0,0,0,2.39,0,0,0,0,0,0,0,0,0,0,0,0,0,0,0,0,0,0,0,0,0,0,0,0,0,5.37,0,0,0,5.37,0,0,0,0,0,0,5.37,0,0,0,5.37
9/1/2026,2021,20220502,40348,31202,"ENABLE MIDSTREAM PARTNERS, LP",Natural Gas,INTRASTATE,TEXAS,0,0,0,0,0,0.01,0.43,0,0,0.44,1.27,0,0,0,1.27,1.87,0,0,0,1.87,1.54,0,0,0,1.54,0,0,0,0,0,0,0,0,0,0,0,0,0,0,0,0,0,0,0,0,0,0,0,0,0,4.69,0.43,0,0,5.12,0,0,0,0,0,0,4.69,0.43,0,0,5.12
9/1/2026,2021,20220954,40818,31225,AK STEEL CORP,Natural Gas,INTRASTATE,OHIO,0.924,0.15,0,0,1.074,0.225,0,0.14,0,0.365,0.097,0.248,0.151,0,0.496,4.381,2.52,0.758,0,7.659,0,0,0,0,0,0,0,0,0,0,0,0,0,0,0,0,0,0,0,0,0,0,0,0,0,0,0,0,0,0,5.627,2.918,1.049,0,9.594,0,0,0,0,0,0,5.627,2.918,1.049,0,9.594
9/1/2026,2021,20221004,40870,31228,"CALIFORNIA RESOURCES ELK HILLS, LLC",Natural Gas,INTRASTATE,CALIFORNIA,0,0,0,0,0,0,0,0,0,0,0,0,0,0,0,13.3,0,0,0,13.3,10.4,0,0,0,10.4,0,0,0,0,0,0,0,0,0,0,0,0,0,0,0,0,0,0,0,0,0,0,0,0,0,23.7,0,0,0,23.7,0,0,0,0,0,0,23.7,0,0,0,23.7
9/1/2026,2021,20220431,40277,31232,AVISTA CORP,Natural Gas,INTRASTATE,OREGON,0.039,0,0,0,0.039,0.097,0.001,0,0,0.098,0,0.006,0,0,0.006,13.583,0.977,0,0,14.56,0,0,0,0,0,0,0,0,0,0,0,0,0,0,0,0,0,0,0,0,0,0,0,0,0,0,0,0,0,0,13.719,0.984,0,0,14.703,0,0,0,0,0,0,13.719,0.984,0,0,14.703
9/1/2026,2021,20220431,40277,31232,AVISTA CORP,Natural Gas,INTRASTATE,WASHINGTON,0.686,0.139,3.817,0,4.642,57.822,11.904,2.175,0,71.901,0.024,0,0,0,0.024,0.001,0,0,0,0.001,0,0,0,0,0,0,0,0,0,0,0,0,0,0,0,0,0,0,0,0,0,0,0,0,0,0,0,0,0,0,58.533,12.043,5.992,0,76.568,0,0,0,0,0,0,58.533,12.043,5.992,0,76.568
9/1/2026,2021,20221044,40912,31245,ATI METALS,Natural Gas,INTRASTATE,OREGON,3.22,0,0,0,3.22,0,0,0,0,0,0,0,0,0,0,0,0,1.88,0,1.88,0,0,0,0,0,0,0,0,0,0,0,0,0,0,0,0,0,0,0,0,0,0,0,0,0,0,0,0,0,0,3.22,0,1.88,0,5.1,0,0,0,0,0,0,3.22,0,1.88,0,5.1
9/1/2026,2021,20220699,40554,31251,"MORTON INTERNATIONAL INC, - SALT DIVISION",Natural Gas,INTRASTATE,TEXAS,1.889,0.696,0.136,0,2.721,0,0,0,0,0,0,0,0,0,0,0,0,0,0,0,0,0,0,0,0,0,0,0,0,0,0,0,0,0,0,0,0,0,0,0,0,0,0,0,0,0,0,0,0,0,1.889,0.696,0.136,0,2.721,0,0,0,0,0,0,1.889,0.696,0.136,0,2.721
9/1/2026,2021,20220332,40172,31256,"JGE GAS SOLUTIONS, LP",Natural Gas,INTRASTATE,TEXAS,0,0,0,0,0,0,0,0,0,0,0,0,0,0,0,1.9,0,0,0,1.9,5.5,0,0,0,5.5,0,0,0,0,0,0,0,0,0,0,0,0,0,0,0,0,0,0,0,0,0,0,0,0,0,7.4,0,0,0,7.4,0,0,0,0,0,0,7.4,0,0,0,7.4
9/1/2026,2021,20220506,40352,31269,KINDER MORGAN NORTH TEXAS PIPELINE,Natural Gas,INTRASTATE,TEXAS,0,0,0,0,0,0,0,0,0,0,0.23,0.11,0.02,0,0.36,3.66,3.07,2.64,0,9.37,15.19,2.52,5.68,0,23.39,48.13,1.09,0,0,49.22,0,0,0,0,0,0,0,0,0,0,0,0,0,0,0,0,0,0,0,0,67.21,6.79,8.34,0,82.34,0,0,0,0,0,0,67.21,6.79,8.34,0,82.34
9/1/2026,2021,20221074,40943,31286,"ONEOK GAS TRANSPORTATION, LLC",Natural Gas,INTRASTATE,OKLAHOMA,297.91,39.58,21.39,0,358.88,106.21,13,12.56,0,131.77,170.55,19.59,28.05,0,218.19,392.96,31.65,55.23,0,479.84,849.98,45.99,16.19,0,912.16,386.16,7.4,0,0,393.56,0,0,0,0,0,0,0,0,0,0,112.38,8.24,6.62,0,127.24,0,0,0,0,0,2316.15,165.45,140.04,0,2621.64,0,0,0,0,0,0,2316.15,165.45,140.04,0,2621.64
9/1/2026,2021,20221202,41078,31287,WILD GOOSE STORAGE LLC,Natural Gas,INTRASTATE,CALIFORNIA,0,0,0,0,0,0,0,0,0,0,0,0,0,0,0,0,0.1,0.1,0,0.2,0.3,0.1,0,0,0.4,33.3,0,0,0,33.3,0,0,0,0,0,0,0,0,0,0,0,0,0,0,0,0,0,0,0,0,33.6,0.2,0.1,0,33.9,0,0,0,0,0,0,33.6,0.2,0.1,0,33.9
9/1/2026,2021,20220435,40281,31307,"DOW HYDROCARBONS & RESOURCES, INC",Natural Gas,INTRASTATE,LOUISIANA,0,0,0,0,0,0,0,0,0,0,0,0,0,0,0,3.28,0,0,0,3.28,0,0,0,0,0,0,0,0,0,0,0,0,0,0,0,0,0,0,0,0,0.38,0,0,0,0.38,0,0,0,0,0,3.66,0,0,0,3.66,0,0,0,0,0,0,3.66,0,0,0,3.66
9/1/2026,2021,20221258,41137,31312,WEST PHOENIX POWER PLANT,Natural Gas,INTRASTATE,ARIZONA,0,0,0,0,0,0.154,0,0,0,0.154,0,0,0,0,0,0.242,0,0,0,0.242,0.253,0,0,0,0.253,0,0,0,0,0,0,0,0,0,0,0,0.43,0,0,0.43,0,0,0,0,0,0,0,0,0,0,0.649,0.43,0,0,1.079,0,0,0,0,0,0,0.649,0.43,0,0,1.079
9/1/2026,2021,20220061,39886,31313,ACME BRICK LATERAL - KN ENGERY,Natural Gas,INTRASTATE,ARKANSAS,0,0,1,0,1,6,2,0,0,8,0,0,0,0,0,0,0,0,0,0,0,0,0,0,0,0,0,0,0,0,0,0,0,0,0,0,0,0,0,0,0,0,0,0,0,0,0,0,0,0,6,2,1,0,9,0,0,0,0,0,0,6,2,1,0,9
9/1/2026,2021,20220953,40817,31316,COLORADO NATURAL GAS INC.,Natural Gas,INTRASTATE,COLORADO,2.97,1.42,2.11,0,6.5,0,0,0,0,0,0,0,0,0,0,0,0,0,0,0,0,0,0,0,0,0,0,0,0,0,0,0,0,0,0,0,0,0,0,0,0,0,0,0,0,0,0,0,0,0,2.97,1.42,2.11,0,6.5,0,0,0,0,0,0,2.97,1.42,2.11,0,6.5
9/1/2026,2021,20220492,43897,31330,CLECO POWER LLC,Natural Gas,INTRASTATE,LOUISIANA,0,0,0,0,0,0,0,0,0,0,0.198,0,0,0,0.198,0.876,0,0,0,0.876,7.386,0,0,0,7.386,0,0,0,0,0,0,0,0,0,0,0,0,0,0,0,0,0,0,0,0,0,0,0,0,0,8.46,0,0,0,8.46,0,0,0,0,0,0,8.46,0,0,0,8.46
9/1/2026,2021,20220644,42920,31335,"MARITIMES & NORTHEAST PIPELINE, L.L.C. (SPECTRA ENERGY PARTNERS, LP)",Natural Gas,INTERSTATE,MAINE,0,0,0,0,0,0.06,0,0.01,0,0.07,1.01,0.74,0.2,0,1.95,23.29,16.09,10.3,0,49.68,35.14,26.4,2.29,0,63.83,149.61,3.57,0,0,153.18,0,0,0,0,0,0,0,0,0,0,0.04,0,0,0,0.04,0,0,0,0,0,209.15,46.8,12.8,0,268.75,0,0,0,0,0,0,209.15,46.8,12.8,0,268.75
9/1/2026,2021,20220644,42920,31335,"MARITIMES & NORTHEAST PIPELINE, L.L.C. (SPECTRA ENERGY PARTNERS, LP)",Natural Gas,INTERSTATE,MASSACHUSETTS,0,0,0,0,0,0,0,0,0,0,0,0,0,0,0,8.46,5.87,26.92,0,41.25,0,0,0,0,0,0,0,0,0,0,0,0,0,0,0,0,0,0,0,0,0,0,0,0,0,0,0,0,0,0,8.46,5.87,26.92,0,41.25,0,0,0,0,0,0,8.46,5.87,26.92,0,41.25
9/1/2026,2021,20220644,42920,31335,"MARITIMES & NORTHEAST PIPELINE, L.L.C. (SPECTRA ENERGY PARTNERS, LP)",Natural Gas,INTERSTATE,NEW HAMPSHIRE,0,0,0,0,0,0,0,0.03,0,0.03,0.08,0,0.04,0,0.12,8.09,6.18,14.75,0,29.02,1.11,1.65,1.29,0,4.05,0,0,0,0,0,0,0,0,0,0,0,0,0,0,0,0,0,0.06,0,0.06,0,0,0,0,0,9.28,7.83,16.17,0,33.28,0,0,0,0,0,0,9.28,7.83,16.17,0,33.28
9/1/2026,2021,20221144,41016,31341,OLIKTOK PIPELINE COMPANY,Natural Gas,INTRASTATE,ALASKA,0.023,0,0.033,0,0.056,0,0,0.025,0,0.025,27.599,0,0.249,0,27.848,0,0,0,0,0,0,0,0,0,0,0,0,0,0,0,0,0,0,0,0,0,0,0,0,0,0,0,0,0,0,0,0,0,0,0,27.622,0,0.307,0,27.929,0,0,0,0,0,0,27.622,0,0.307,0,27.929
9/1/2026,2021,20220840,40700,31348,ATMOS ENERGY CORPORATION - MID-TEX,Natural Gas,INTRASTATE,TEXAS,33.99,3.84,62.93,2.5,103.26,15.9,6.27,55.77,3.35,81.29,19.17,5.94,66.4,7.81,99.32,21.59,18.03,50.7,0,90.32,2.15,6.23,3.83,0,12.21,0.03,0,0,0,0.03,0,0,0,0,0,0,0,0,0,0,0,0,0,0,0,0,0,0.01,0,0.01,92.83,40.31,239.64,13.66,386.44,0,0,0,0,0,0,92.83,40.31,239.64,13.66,386.44
9/1/2026,2021,20220624,40473,31356,"VECTOR PIPELINE, L.P.",Natural Gas,INTERSTATE,ILLINOIS,0,0,0,0,0,0,0,0,0,0,0,0,0,0,0,5.84,2.18,1.42,0,9.44,13.56,6.66,1.94,0,22.16,3.87,0,0,0,3.87,0,0,0,0,0,0,0,0,0,0,0,0,0,0,0,0,0,0,0,0,23.27,8.84,3.36,0,35.47,0,0,0,0,0,0,23.27,8.84,3.36,0,35.47
9/1/2026,2021,20220624,40473,31356,"VECTOR PIPELINE, L.P.",Natural Gas,INTERSTATE,INDIANA,0,0,0,0,0,0,0,0,0,0,0,0,0,0,0,3.35,2.36,7.97,0,13.68,15.13,19.71,3.83,0,38.67,16.34,0.84,0,0,17.18,0,0,0,0,0,0,0,0,0,0,0,0,0,0,0,0,0,0,0,0,34.82,22.91,11.8,0,69.53,0,0,0,0,0,0,34.82,22.91,11.8,0,69.53
9/1/2026,2021,20220624,40473,31356,"VECTOR PIPELINE, L.P.",Natural Gas,INTERSTATE,MICHIGAN,0,0,0,0,0,0,0,0,0,0,0.44,0,0,0,0.44,5.04,5.15,2.94,0,13.13,18.91,47.62,6.03,0,72.56,82.62,3.51,0,0,86.13,0,0,0,0,0,0,0,0,0,0,0,0,0,0,0,0,0,0,0,0,107.01,56.28,8.97,0,172.26,0,0,0,0,0,0,107.01,56.28,8.97,0,172.26
9/1/2026,2021,20220550,40396,31368,SMARR ENERGY FACILITY,Natural Gas,INTRASTATE,GEORGIA,0,0,0,0,0,1,0,0,0,1,0,0,0,0,0,0,0,0,0,0,0,0,0,0,0,0,0,0,0,0,0,0,0,0,0,0,0,0,0,0,0,0,0,0,0,0,0,0,0,0,1,0,0,0,1,0,0,0,0,0,0,1,0,0,0,1
9/1/2026,2021,20221179,41053,31371,"BUCKEYE DEVELOPMENT & LOGISTICS, LLC",Hydrogen Gas,INTRASTATE,TEXAS,0,0,0,0,0,1.817,0.456,0,0,2.273,0,0,0,0,0,0,0,0,0,0,0,0,0,0,0,0,0,0,0,0,0,0,0,0,0,0,0,0,0,0,0,0,0,0,0,0,0,0,0,0,1.817,0.456,0,0,2.273,0,0,0,0,0,0,1.817,0.456,0,0,2.273
9/1/2026,2021,20221178,41052,31371,"BUCKEYE DEVELOPMENT & LOGISTICS, LLC",Natural Gas,INTRASTATE,TEXAS,0,0.625,0.398,0,1.023,0.23,0.429,0.168,0,0.827,3.406,2.599,0.338,0,6.343,10.173,0,0,0,10.173,0,0,0,0,0,0,0,0,0,0,0,0,0,0,0,0,0,0,0,0,0,0,0,0,0,0,0,0,0,0,13.809,3.653,0.904,0,18.366,0,0,0,0,0,0,13.809,3.653,0.904,0,18.366
9/1/2026,2021,20220802,40662,31372,TICONA POLYMERS INC,Natural Gas,INTRASTATE,TEXAS,0,0,0,0,0,0,0,0,0,0,23.105,4.34,0.27,0,27.715,0,0,0,0,0,0,0,0,0,0,0,0,0,0,0,0,0,0,0,0,0,0,0,0,0,0,0,0,0,0,0,0,0,0,0,23.105,4.34,0.27,0,27.715,0,0,0,0,0,0,23.105,4.34,0.27,0,27.715
9/1/2026,2021,20220293,40132,31389,"ALLIANCE ENERGY TRANSMISSIONS - SYRACUSE, LLC",Natural Gas,INTRASTATE,NEW YORK,0,0,0,0,0,0,0,0,0,0,0,0,0,3.1,3.1,0,0,6.5,0,6.5,0,0,0,0,0,0,0,0,0,0,0,0,0,0,0,0,0,0,0,0,0,0,0,0,0,0,0,0,0,0,0,0,6.5,3.1,9.6,0,0,0,0,0,0,0,0,6.5,3.1,9.6
9/1/2026,2021,20220987,40853,31390,OREGON STEEL MILLS,Natural Gas,INTRASTATE,OREGON,0,1.2,0,0,1.2,0,0,0,0,0,0,0,0,0,0,0,0,0,0,0,0,0,0,0,0,0,0,0,0,0,0,0,0,0,0,0,0,0,0,0,0,0,0,0,0,0,0,0,0,0,0,1.2,0,0,1.2,0,0,0,0,0,0,0,1.2,0,0,1.2
9/1/2026,2021,20220143,46710,31392,SUNFLOWER ELECTRIC POWER CORP,Natural Gas,INTRASTATE,KANSAS,0.458,0,0,0,0.458,0,0,0,0,0,0,0,0,0,0,5.347,0,0,0,5.347,11.43,0.549,0.427,0,12.406,0,0,0,0,0,0,0,0,0,0,0,0,0,0,0,0,0,0,0,0,0,0,0,0,0,17.235,0.549,0.427,0,18.211,0,0,0,0,0,0,17.235,0.549,0.427,0,18.211
9/1/2026,2021,20221020,40886,31395,"BBT TENNESSEE RIVER, LLC",Natural Gas,INTRASTATE,ALABAMA,0,0,0,0,0,0,0,0,0,0,0,0,0.931,0,0.931,0,0,0,0,0,0,3.31,10.23,0,13.54,24.203,0,0,0,24.203,0,0,0,0,0,0,0,0,0,0,0,0,0,0,0,0,0,0,0,0,24.203,3.31,11.161,0,38.674,0,0,0,0,0,0,24.203,3.31,11.161,0,38.674
9/1/2026,2021,20220833,40693,31406,FRONTIER NATURAL GAS COMPANY,Natural Gas,INTRASTATE,NORTH CAROLINA,0,0,0,0,0,0.66,7.43,2.89,0,10.98,6.14,10.57,13.61,0,30.32,14.15,32.67,50.32,0,97.14,0,0,0,0,0,0,0,0,0,0,0,0,0,0,0,0,0,0,0,0,0,0,0,0,0,0,0,0,0,0,20.95,50.67,66.82,0,138.44,0,0,0,0,0,0,20.95,50.67,66.82,0,138.44
9/1/2026,2021,20220128,39960,31416,CITY OF WALL LAKE,Natural Gas,INTRASTATE,IOWA,0,0,0,0,0,0,0,0,0,0,0,0,0,0,0,0,0,0,0,0,0,0,0,0,0,0,0,0,0,0,0,0,0,0,0,0,0,0,0,0,0,0,0,0,0,11,0,0,0,11,11,0,0,0,11,0,0,0,0,0,0,11,0,0,0,11
9/1/2026,2021,20221039,41205,31424,"BBT SIGCO INTRASTATE, LLC",Natural Gas,INTRASTATE,LOUISIANA,0,0,0,0,0,0.71,0,0,0,0.71,7.63,0,2.671,0,10.301,7.93,0,0,0,7.93,2.78,0,0,0,2.78,13.18,0,0,0,13.18,0,0,0,0,0,0,0,0,0,0,0.096,0.578,0,0.21,0.884,0.02,0,0,0,0.02,32.346,0.578,2.671,0.21,35.805,0,0,0,0,0,0,32.346,0.578,2.671,0.21,35.805
9/1/2026,2021,20220389,40232,31425,MIDCOAST PIPELINES (TEXAS GATHERING) L.P.,Natural Gas,INTRASTATE,OKLAHOMA,0,0,0,0,0,0,0,0,0,0,0.92,0,0.2,0,1.12,6.54,0,0.08,0,6.62,41.5,0.91,2.16,0,44.57,31.62,0,0,0,31.62,0,0,0,0,0,0,0,0,0,0,0,0,0,0,0,0,0,0,0,0,80.58,0.91,2.44,0,83.93,0,0,0,0,0,0,80.58,0.91,2.44,0,83.93
9/1/2026,2021,20220389,40232,31425,MIDCOAST PIPELINES (TEXAS GATHERING) L.P.,Natural Gas,INTRASTATE,TEXAS,0.01,0,0,0,0.01,0.11,0,0,0,0.11,3.05,0,0,0,3.05,0.61,0,0,0,0.61,8.73,0,0,0,8.73,132.78,0,0,0,132.78,0,0,0,0,0,0,0,0,0,0,0,0,0,0,0,0,0,0,0,0,145.29,0,0,0,145.29,0,0,0,0,0,0,145.29,0,0,0,145.29
9/1/2026,2021,20221040,42212,31426,BBT ONSHORE PIPELINES LLC,Natural Gas,INTRASTATE,LOUISIANA,0,0,0,0,0,0.66,0,0,0,0.66,2.27,0,0,0,2.27,8.78,0,0,0,8.78,0,0,0,0,0,0,0,0,0,0,0,0,0,0,0,0,0,0,0,0,30.301,0,0.191,0,30.492,0,0,0,0,0,42.011,0,0.191,0,42.202,0,0,0,0,0,0,42.011,0,0.191,0,42.202
9/1/2026,2021,20220196,40032,31439,HARDEE POWER PARTNERS LTD,Natural Gas,INTRASTATE,FLORIDA,0,0,0,0,0,0,0,0,0,0,0.1,0,0,0,0.1,0,0,0,0,0,9.8,0,0,0,9.8,0,0,0,0,0,0,0,0,0,0,0,0,0,0,0,0,0,0,0,0,0,0,0,0,0,9.9,0,0,0,9.9,0,0,0,0,0,0,9.9,0,0,0,9.9
9/1/2026,2021,20220411,40257,31442,DOUGLAS PIPELINE CO,Landfill Gas,INTRASTATE,PENNSYLVANIA,0,0,0,0,0,0,0,0,0,0,0,0,0,0,0,0,0,0,0,0,0,0,0,0,0,0,0,0,0,0,0,0,0,0,0,0,0,0,0,0,0,0,0,0,0,6,0,17,0,23,6,0,17,0,23,,,,,,,6,0,17,0,23
9/1/2026,2021,20220411,40257,31442,DOUGLAS PIPELINE CO,Landfill Gas,INTRASTATE,RHODE ISLAND,0,0.5,0,0,0.5,0,0,0,0,0,0,0,0,0,0,0,0,0,0,0,0,0,0,0,0,0,0,0,0,0,0,0,0,0,0,0,0,0,0,0,0,0,0,0,0,0,0,0,0,0,0,0.5,0,0,0.5,0,0,0,0,0,0,0,0.5,0,0,0.5
9/1/2026,2021,20220411,40257,31442,DOUGLAS PIPELINE CO,Landfill Gas,INTRASTATE,SOUTH CAROLINA,0,0.1,0,0,0.1,0,0,0,0,0,0,0,0,0,0,0,0,0,0,0,0,0,0,0,0,0,0,0,0,0,0,0,0,0,0,0,0,0,0,0,0,0,0,0,0,0,4.6,1,0,5.6,0,4.7,1,0,5.7,,,,,,,0,4.7,1,0,5.7
9/1/2026,2021,20220410,40256,31442,DOUGLAS PIPELINE CO,Natural Gas,INTERSTATE,PENNSYLVANIA,0,0,0,0,0,0,0,0,0,0,2.79,0,0,0,2.79,8.49,0,0,0,8.49,0,0,0,0,0,7.4,0,0,0,7.4,0,0,0,0,0,0,0,0,0,0,0,0,0,0,0,0,0,0,0,0,18.68,0,0,0,18.68,,,,,,,18.68,0,0,0,18.68
9/1/2026,2021,20220410,40256,31442,DOUGLAS PIPELINE CO,Natural Gas,INTERSTATE,WEST VIRGINIA,0,0,0,0,0,0,0,0,0,0,0,0,0,0,0,0,0,0,0,0,0,0,0,0,0,0,0,0,0,0,0,0,0,0,0,0,0,0,0,0,0,0,0,0,0,0.02,0,0,0,0.02,0.02,0,0,0,0.02,,,,,,,0.02,0,0,0,0.02
9/1/2026,2021,20220410,40256,31442,DOUGLAS PIPELINE CO,Natural Gas,INTRASTATE,ALABAMA,0,0,0,0,0,0,0,0,0,0,0,0,0,0,0,0.2,0,0,0,0.2,0,0,0,0,0,0,0,0,0,0,0,0,0,0,0,0,0,0,0,0,0,0,0,0,0,0,0,0,0,0,0.2,0,0,0,0.2,,,,,,,0.2,0,0,0,0.2
9/1/2026,2021,20220410,40256,31442,DOUGLAS PIPELINE CO,Natural Gas,INTRASTATE,IDAHO,0,0,0,0,0,0,0,0,0,0,0,0,0,0,0,0,0,0,0,0,1.6,0,0.4,0,2,0,0,0,0,0,0,0,0,0,0,0,0,0,0,0,0,0,0,0,0,0,0,0,0,0,1.6,0,0.4,0,2,,,,,,,1.6,0,0.4,0,2
9/1/2026,2021,20220410,40256,31442,DOUGLAS PIPELINE CO,Natural Gas,INTRASTATE,MARYLAND,0,0,0,0,0,0,0,0,0,0,0,0,1.2,0,1.2,0,0,0,0,0,0,0,0,0,0,0,0,0,0,0,0,0,0,0,0,0,0,0,0,0,0,0,0,0,0,0,0,0,0,0,0,0,1.2,0,1.2,,,,,,,0,0,1.2,0,1.2
9/1/2026,2021,20220410,40256,31442,DOUGLAS PIPELINE CO,Natural Gas,INTRASTATE,NEW JERSEY,0,0,0,0,0,0,0,0,0,0,0.6,2,0,0,2.6,0,0,0,0,0,0,0,0,0,0,0,0,0,0,0,0,0,0,0,0,0,0,0,0,0,0,0,0,0,0,0,0,0,0,0,0.6,2,0,0,2.6,,,,,,,0.6,2,0,0,2.6
9/1/2026,2021,20220410,40256,31442,DOUGLAS PIPELINE CO,Natural Gas,INTRASTATE,OHIO,2.3,4.85,0.8,0,7.95,0,0,0,0,0,2.27,0,0,0,2.27,0,0,0,0,0,0,0,0,0,0,0,0,0,0,0,0,0,0,0,0,0,0,0,0,0,0,0,0,0,0,0,0,0,0,0,4.57,4.85,0.8,0,10.22,0,0,0,0,0,0,4.57,4.85,0.8,0,10.22
9/1/2026,2021,20220410,40256,31442,DOUGLAS PIPELINE CO,Natural Gas,INTRASTATE,OKLAHOMA,0,3.6,0,0,3.6,0,0,0,0,0,0,0,0,0,0,0,0,0,0,0,0,0,0,0,0,0,0,0,0,0,0,0,0,0,0,0,0,0,0,0,0,0,0,0,0,0,0,0,0,0,0,3.6,0,0,3.6,,,,,,,0,3.6,0,0,3.6
9/1/2026,2021,20220410,40256,31442,DOUGLAS PIPELINE CO,Natural Gas,INTRASTATE,PENNSYLVANIA,0,1,0,0,1,3.3,12.2,0,0,15.5,0,0,0,0,0,0,0,0,0,0,0,0,0,0,0,0,0,0,0,0,0,0,0,0,0,0,0,0,0,0,0,0,0,0,0,0,2.5,0,0,2.5,3.3,15.7,0,0,19,,,,,,,3.3,15.7,0,0,19
9/1/2026,2021,20220410,40256,31442,DOUGLAS PIPELINE CO,Natural Gas,INTRASTATE,SOUTH CAROLINA,0,0,0,0,0,0,5.5,3.6,0,9.1,0,0,0,0,0,0,0,0,0,0,0,0,0,0,0,0,0,0,0,0,0,0,0,0,0,0,0,0,0,0,0,0,0,0,0,0,0,0,0,0,0,5.5,3.6,0,9.1,,,,,,,0,5.5,3.6,0,9.1
9/1/2026,2021,20220410,40256,31442,DOUGLAS PIPELINE CO,Natural Gas,INTRASTATE,UTAH,0,0,0,0,0,0,0,0,0,0,0,0,0,0,0,0,0,0,0,0,0,0,0,0,0,0,0,0,0,0,0,0,0,0,0,0,0,0,0,0,0,0,0,0,0,4.5,0,0,0,4.5,4.5,0,0,0,4.5,,,,,,,4.5,0,0,0,4.5
9/1/2026,2021,20221205,41081,31443,"ALON USA, LP",Natural Gas,INTRASTATE,TEXAS,0,0,0,0,0,0,0,0,0,0,11.4,0,0,0,11.4,4.6,0,0.5,0,5.1,0,0,0,0,0,0,0,0,0,0,0,0,0,0,0,0,0,0,0,0,0,0,0,0,0,0,0,0,0,0,16,0,0.5,0,16.5,0,0,0,0,0,0,16,0,0.5,0,16.5
9/1/2026,2021,20220791,40651,31451,KINDER MORGAN TEXAS PIPELINE CO,Natural Gas,INTRASTATE,TEXAS,56.58,17.1,23.84,0,97.52,47.85,8.7,22.2,0,78.75,56.78,17.98,75.77,0,150.53,209.98,50.66,149.32,0.25,410.21,545.42,54.28,77.57,0,677.27,1059.98,8.6,0.15,0,1068.73,0,0,0,0,0,0,0,0,0,0,0,0,0,0,0,0,0,0,0,0,1976.59,157.32,348.85,0.25,2483.01,0,0,0,0,0,0,1976.59,157.32,348.85,0.25,2483.01
9/1/2026,2021,20220607,46884,31470,VECTREN ENERGY DELIVERY OF OHIO,Natural Gas,INTRASTATE,OHIO,0,0,0,0,0,30.631,11.952,21.256,0,63.839,19.066,8.535,33.631,0,61.232,21.009,15.046,32.043,0,68.098,31.993,4.798,1.117,0,37.908,0.132,0,0,0,0.132,0,0,0,0,0,0,0,0,0,0,0,0,0,0,0,0,0,0,0,0,102.831,40.331,88.047,0,231.209,0,0,0,0,0,0,102.831,40.331,88.047,0,231.209
9/1/2026,2021,20220379,41380,31472,SCISSORTAIL ENERGY LLC,Natural Gas,INTRASTATE,OKLAHOMA,0,0,0,0,0,0.56,0,0,0,0.56,3.34,0,0,0,3.34,10.89,0,0,0,10.89,28.83,0,0,0,28.83,16.73,1.59,0,0,18.32,0,0,0,0,0,0,0,0,0,0,0,0,0,0,0,0,0,0,0,0,60.35,1.59,0,0,61.94,0,0,0,0,0,0,60.35,1.59,0,0,61.94
9/1/2026,2021,20220817,40677,31477,CPN PIPELINE COMPANY,Natural Gas,INTRASTATE,ARIZONA,0,0,0,0,0,0,0,0,0,0,0,0,0,0,0,1.1,0,0,0,1.1,0,0,0,0,0,0,0,0,0,0,0,0,0,0,0,0,0,0,0,0,0,0,0,0,0,0,0,0,0,0,1.1,0,0,0,1.1,0,0,0,0,0,0,1.1,0,0,0,1.1
9/1/2026,2021,20220817,40677,31477,CPN PIPELINE COMPANY,Natural Gas,INTRASTATE,CALIFORNIA,7.8,0,33.4,0,41.2,3.94,0.3,1.1,0,5.34,15.3,0.4,8.1,0,23.8,8.5,0,5.6,0,14.1,30.6,0,0,0,30.6,0,0,0,0,0,0,0,0,0,0,0,0,0,0,0,0,0,0,0,0,0,0,0,0,0,66.14,0.7,48.2,0,115.04,0,0,0,0,0,0,66.14,0.7,48.2,0,115.04
9/1/2026,2021,20220817,40677,31477,CPN PIPELINE COMPANY,Natural Gas,INTRASTATE,OREGON,0,0,0,0,0,0,0,0,0,0,0,0,0,0,0,4.1,0,0,0,4.1,0,0,0,0,0,0,0,0,0,0,0,0,0,0,0,0,0,0,0,0,0,0,0,0,0,0,0,0,0,0,4.1,0,0,0,4.1,0,0,0,0,0,0,4.1,0,0,0,4.1
9/1/2026,2021,20220946,40810,31481,BANGOR NATURAL GAS CO.,Natural Gas,INTRASTATE,MAINE,0,0.013,0,0,0.013,0.818,2.422,0.07,0,3.31,0.567,5.156,0,0,5.723,0,0,0,0,0,0,0,0,0,0,0,0,0,0,0,0,0,0,0,0,0,0,0,0,0,0,0,0,0,0,0,0,0,0,0,1.385,7.591,0.07,0,9.046,0,0,0,0,0,0,1.385,7.591,0.07,0,9.046
9/1/2026,2021,20220620,40469,31485,ENBRIDGE OFFSHORE (GAS GATHERING) L.L.C.,Natural Gas,INTERSTATE,LOUISIANA,0,0,0,0,0,0,0,0,0,0,0,0,0,0,0,2.35,0,0,0,2.35,14.16,0,0,0,14.16,17.47,0,0,0,17.47,0,0,0,0,0,0,0,0,0,0,0,0,0,0,0,0,0,0,0,0,33.98,0,0,0,33.98,0,7.28,0,0,0,7.28,41.26,0,0,0,41.26
9/1/2026,2021,20220620,40469,31485,ENBRIDGE OFFSHORE (GAS GATHERING) L.L.C.,Natural Gas,INTERSTATE,OCS-Gulf of Mexico,0,0,0,0,0,0,0,0,0,0,0,0,0,0,0,0,0,0,0,0,0,0,0,0,0,0,0,0,0,0,0,0,0,0,0,0,0,0,0,0,0,0,0,0,0,0,0,0,0,0,0,0,0,0,0,0,152.54,0,0,0,152.54,152.54,0,0,0,152.54
9/1/2026,2021,20221198,41072,31486,MoGAS PIPELINE LLC,Natural Gas,INTERSTATE,ILLINOIS,0,0,0,0,0,0,0,0,0,0,0.15,0.27,0,0,0.42,0,0.18,0.33,0,0.51,0,0.12,0.26,0,0.38,0,0,0,0,0,0,0,0,0,0,0,0,0,0,0,0,0,0,0,0,0,0,0,0,0,0.15,0.57,0.59,0,1.31,0,0,0,0,0,0,0.15,0.57,0.59,0,1.31
9/1/2026,2021,20221198,41072,31486,MoGAS PIPELINE LLC,Natural Gas,INTERSTATE,MISSOURI,0.06,0,0,0,0.06,0,0.02,0,0,0.02,2.12,1.09,0.57,0,3.78,45.2,37.9,14.12,0,97.22,21.13,36.14,6.8,0,64.07,91.21,5.31,0,0,96.52,0,0,0,0,0,0,0,0,0,0,0,0,0,0,0,0,0,0,0,0,159.72,80.46,21.49,0,261.67,0,0,0,0,0,0,159.72,80.46,21.49,0,261.67
9/1/2026,2021,20220883,40769,31487,MAINE NATURAL GAS,Natural Gas,INTRASTATE,MAINE,0,0,0,0,0,0,2,0,0,2,0,0,0,0,0,0,0,0,0,0,0,0,0,0,0,0,0,0,0,0,0,0,0,0,0,0,0,0,0,0,0,0,0,0,0,0,0,0,0,0,0,2,0,0,2,0,0,0,0,0,0,0,2,0,0,2
9/1/2026,2021,20220153,39986,31492,TARGA PIPELINE MID-CONTINENT LLC,Natural Gas,INTRASTATE,OKLAHOMA,0,0,0,0,0,0,0,0,0,0,4.9,0,0,0,4.9,0,0,0,0,0,0,0,0,0,0,0,0,0,0,0,0,0,0,0,0,0,0,0,0,0,0,0,0,0,0,0,0,0,0,0,4.9,0,0,0,4.9,0,0,0,0,0,0,4.9,0,0,0,4.9
9/1/2026,2021,20220084,39913,31494,CITY WATER AND LIGHT PLANT,Natural Gas,INTRASTATE,ARKANSAS,9.55,2,0,0,11.55,0,0,0,0,0,0,0,0,0,0,0,0,0,0,0,0,0,0,0,0,0,0,0,0,0,0,0,0,0,0,0,0,0,0,0,0,0,0,0,0,0,0,0,0,0,9.55,2,0,0,11.55,0,0,0,0,0,0,9.55,2,0,0,11.55
9/1/2026,2021,20221222,41099,31501,"M-R VENTURES, LLC",Natural Gas,INTRASTATE,MICHIGAN,1.53,0,0,0,1.53,0,0,0,0,0,0,0,0,0,0,0,0,0,0,0,0,0,0,0,0,0,0,0,0,0,0,0,0,0,0,0,0,0,0,0,0,0,0,0,0,0,0,0,0,0,1.53,0,0,0,1.53,0,0,0,0,0,0,1.53,0,0,0,1.53
9/1/2026,2021,20221085,41382,31502,OCCIDENTAL PERMIAN LTD,Natural Gas,INTRASTATE,TEXAS,0,0,0,0,0,36.76,0.25,1.64,0,38.65,0,0,0,0,0,0,0,0,0,0,0,0,0,0,0,0,0,0,0,0,0,0,0,0,0,0,0,0,0,0,0,0,0,0,0,0,0,0,0,0,36.76,0.25,1.64,0,38.65,0,0,0,0,0,0,36.76,0.25,1.64,0,38.65
9/1/2026,2021,20220805,40665,31516,"LOUISIANA GENERATING, LLC",Natural Gas,INTRASTATE,LOUISIANA,0,0,0,0,0,16.4,1.12,0.38,0,17.9,0,0,0,0,0,0,0,0,0,0,0.59,0,0,0,0.59,0,0,0,0,0,0,0,0,0,0,0,0,0,0,0,0,0,0,0,0,0,0,0,0,0,16.99,1.12,0.38,0,18.49,0,0,0,0,0,0,16.99,1.12,0.38,0,18.49
9/1/2026,2021,20220726,40582,31520,MISSION NATURAL GAS,Natural Gas,INTRASTATE,LOUISIANA,0,0,0,0,0,0,0,0,0,0,1.32,0,0,0,1.32,0,0,0,0,0,0,0,0,0,0,0,0,0,0,0,0,0,0,0,0,0,0,0,0,0,0,0,0,0,0,0,0,0,0,0,1.32,0,0,0,1.32,0,0,0,0,0,0,1.32,0,0,0,1.32
9/1/2026,2021,20221252,41130,31522,KB PIPELINE,Natural Gas,INTERSTATE,OREGON,0,0,0,0,0,0,0,0,0,0,0,0,0,0,0,0,0.1,0,0,0.1,0,1.04,0,0,1.04,0,0,0,0,0,0,0,0,0,0,0,0,0,0,0,0,0,0,0,0,0,0,0,0,0,0,1.14,0,0,1.14,0,0,0,0,0,0,0,1.14,0,0,1.14
9/1/2026,2021,20221252,41130,31522,KB PIPELINE,Natural Gas,INTERSTATE,WASHINGTON,0,0,0,0,0,0,0,0,0,0,0,0,0,0,0,0,0,0,0,0,0,17.04,0,0,17.04,0,0,0,0,0,0,0,0,0,0,0,0,0,0,0,0,0,0,0,0,0,0,0,0,0,0,17.04,0,0,17.04,0,0,0,0,0,0,0,17.04,0,0,17.04
9/1/2026,2021,20220870,40730,31528,"SALT PLAINS STORAGE, LLC",Natural Gas,INTRASTATE,OKLAHOMA,0,0,0,0,0,0,0,0,0,0,0,0,0,0,0,0.7,0,0,0,0.7,7.8,0,0,0,7.8,12.6,0,0,0,12.6,0,0,0,0,0,0,0,0,0,0,0,0,0,0,0,0,0,0,0,0,21.1,0,0,0,21.1,0,0,0,0,0,0,21.1,0,0,0,21.1
9/1/2026,2021,20221083,41195,31531,"ONEOK WESTEX TRANSMISSION, LLC",Natural Gas,INTRASTATE,TEXAS,192.65,3.2,1.8,0,197.65,160.83,8.69,5.99,0,175.51,305.38,13.32,17.61,0,336.31,272.68,9.67,4.8,0,287.15,227.68,1.99,0.33,0,230,952.2,0.19,0,0,952.39,0,0,0,0,0,0,0,0,0,0,222.08,4.3,2.83,0,229.21,0.72,0,0.34,0,1.06,2334.22,41.36,33.7,0,2409.28,0,0,0,0,0,0,2334.22,41.36,33.7,0,2409.28
9/1/2026,2021,20221077,40946,31534,"ONEOK TEXAS GAS STORAGE, LLC",Natural Gas,INTRASTATE,TEXAS,0,0,0,0,0,0.07,0,0,0,0.07,1.57,0,0,0,1.57,6.47,0,0,0,6.47,3.19,0,0,0,3.19,0,0,0,0,0,0,0,0,0,0,0,0,0,0,0,0.38,0,0,0,0.38,0,0,0,0,0,11.68,0,0,0,11.68,0,0,0,0,0,0,11.68,0,0,0,11.68
9/1/2026,2021,20220313,40152,31539,"HANSON ENGINEERING, L.C.",Natural Gas,INTRASTATE,KANSAS,0,0,0,0,0,0,0,0,0,0,0,0,0,0,0,23.3,0,0,0,23.3,0,0,0,0,0,0,0,0,0,0,0,0,0,0,0,0,0,0,0,0,0,0,0,0,0,8.6,0,0,0,8.6,31.9,0,0,0,31.9,0,0,0,0,0,0,31.9,0,0,0,31.9
9/1/2026,2021,20221346,41252,31540,APACHE GAS TRANSMISSION,Natural Gas,INTRASTATE,KENTUCKY,3,0,0,0,3,0,0,0,0,0,0,0,0,0,0,0,0,0,0,0,0,0,0,0,0,0,0,0,0,0,0,0,0,0,0,0,0,0,0,0,0,0,0,0,0,15,0,0,0,15,18,0,0,0,18,0,0,0,0,0,0,18,0,0,0,18
9/1/2026,2021,20221036,41209,31543,"BBT TRANS-UNION INTERSTATE PIPELINE, L.P.",Natural Gas,INTERSTATE,ARKANSAS,0,0,0,0,0,0,0,0,0,0,0,0,0,0,0,0,0,0,0,0,0,0,0,0,0,18.634,2.057,0.13,0,20.821,0,0,0,0,0,0,0,0,0,0,0,0,0,0,0,0,0,0,0,0,18.634,2.057,0.13,0,20.821,0,0,0,0,0,0,18.634,2.057,0.13,0,20.821
9/1/2026,2021,20221036,41209,31543,"BBT TRANS-UNION INTERSTATE PIPELINE, L.P.",Natural Gas,INTERSTATE,LOUISIANA,0,0,0,0,0,0,0,0,0,0,0,0,0,0,0,0,0,0,0,0,0,0,0,0,0,21.313,0,0,0,21.313,0,0,0,0,0,0,0,0,0,0,0,0,0,0,0,0,0,0,0,0,21.313,0,0,0,21.313,0,0,0,0,0,0,21.313,0,0,0,21.313
9/1/2026,2021,20220993,40859,31557,"SOUTHCROSS GULF COAST TRANSMISSION, LTD",Natural Gas,INTRASTATE,TEXAS,3.681,1.604,0.531,0,5.816,0.025,0,0,0,0.025,1.947,0,0.083,0,2.03,0.77,0,0,0,0.77,0,0,0,0,0,0,0,0,0,0,0,0,0,0,0,0,0,0,0,0,0,0,0,0,0,0,0,0,0,0,6.423,1.604,0.614,0,8.641,0,0,0,0,0,0,6.423,1.604,0.614,0,8.641
9/1/2026,2021,20221269,41148,31565,"GULFSTREAM MANAGEMENT &  OPERATING SERVICES,LLC",Natural Gas,INTERSTATE,ALABAMA,0,0,0,0,0,0,0,0,0,0,0,0,0,0,0,2.328,0.114,0,0,2.442,6.576,1.702,0,0,8.278,23.612,0,0,0,23.612,0,0,0,0,0,0,0,0,0,0,0,0,0,0,0,0,0,0,0,0,32.516,1.816,0,0,34.332,0,3.724,0,0,0,3.724,36.24,1.816,0,0,38.056
9/1/2026,2021,20221269,41148,31565,"GULFSTREAM MANAGEMENT &  OPERATING SERVICES,LLC",Natural Gas,INTERSTATE,FLORIDA,0.004,0,0,0,0.004,0,0,0.003,0,0.003,0,0,0,0,0,30.046,2.96,13.675,0,46.681,95.249,14.118,5.603,0,114.97,143.484,0.198,0,0,143.682,0,0,0,0,0,0,0,0,0,0,0,0,0,0,0,0,0,0,0,0,268.783,17.276,19.281,0,305.34,0,11.583,0,0,0,11.583,280.366,17.276,19.281,0,316.923
9/1/2026,2021,20221269,41148,31565,"GULFSTREAM MANAGEMENT &  OPERATING SERVICES,LLC",Natural Gas,INTERSTATE,MISSISSIPPI,0,0,0,0,0,0,0,0,0,0,0.014,0,0,0,0.014,3.603,0,0.217,0,3.82,2.722,0,0.204,0,2.926,5.477,0,0,0,5.477,0,0,0,0,0,0,0,0,0,0,0,0,0,0,0,0,0,0,0,0,11.816,0,0.421,0,12.237,0,0,0,0,0,0,11.816,0,0.421,0,12.237
9/1/2026,2021,20221269,41148,31565,"GULFSTREAM MANAGEMENT &  OPERATING SERVICES,LLC",Natural Gas,INTERSTATE,OCS-Gulf of Mexico,0,0,0,0,0,0,0,0,0,0,0,0,0,0,0,0,0,0,0,0,0,0,0,0,0,0,0,0,0,0,0,0,0,0,0,0,0,0,0,0,0,0,0,0,0,0,0,0,0,0,0,0,0,0,0,45.391,11.248,321.923,0,0,378.562,378.562,0,0,0,378.562
9/1/2026,2021,20221022,40888,31577,"BBT BAMAGAS INTRASTATE, LLC",Natural Gas,INTRASTATE,ALABAMA,0,0,0,0,0,0,0,0,0,0,0,0,0,0,0,0,2.55,14.06,0.06,16.67,35.12,0,0,0,35.12,0,0,0,0,0,0,0,0,0,0,0,0,0,0,0,0,0,0,0,0,0,0,0,0,0,35.12,2.55,14.06,0.06,51.79,0,0,0,0,0,0,35.12,2.55,14.06,0.06,51.79
9/1/2026,2021,20221034,46720,31581,"BBT MID LOUISIANA GAS TRANSMISSION, LLC",Natural Gas,INTRASTATE,LOUISIANA,1,0,1,0,2,0,1,1,0,2,13,1,5,0,19,9.5,3.651,5,0,18.151,0,0,0,0,0,0,0,0,0,0,0,0,0,0,0,0,0,0,0,0,12.26,0,4.263,4.204,20.727,0,0,0,0,0,35.76,5.651,16.263,4.204,61.878,0,0,0,0,0,0,35.76,5.651,16.263,4.204,61.878
9/1/2026,2021,20220768,40626,31582,"ONEOK ROCKIES MIDSTREAM, LLC",Natural Gas,INTRASTATE,NORTH DAKOTA,0,0,0,0,0,0,0,0,0,0,0,0,0,0,0,0,0,0,0,0,0,0,0,0,0,0,0,0,0,0,0,0,0,0,0,0,0,0,0,0,28.1,0,0,0,28.1,0,0,0,0,0,28.1,0,0,0,28.1,0,0,0,0,0,0,28.1,0,0,0,28.1
9/1/2026,2021,20220400,40244,31584,CENTRAL IOWA POWER COOPERATIVE,Natural Gas,INTRASTATE,IOWA,0,0,0,0,0,0,0,0,0,0,0,0,0,0,0,4.26,0,0,0,4.26,0,0,0,0,0,0,0,0,0,0,0,0,0,0,0,0,0,0,0,0,0,0,0,0,0,0,0,0,0,0,4.26,0,0,0,4.26,0,0,0,0,0,0,4.26,0,0,0,4.26
9/1/2026,2021,20221207,41083,31592,EMPIRE PIPELINE INC,Natural Gas,INTERSTATE,NEW YORK,0,0,0,0,0,0,0,0,0,0,0.31,0.54,0.75,0,1.6,8.71,6.99,11.21,0,26.91,26.28,20.66,9.56,0,56.5,102.19,29.73,2.17,0,134.09,41.65,8.53,0,0,50.18,0,0,0,0,0,0,0,0,0,0,0,0,0,0,0,179.14,66.45,23.69,0,269.28,0,0,0,0,0,0,179.14,66.45,23.69,0,269.28
9/1/2026,2021,20221207,41083,31592,EMPIRE PIPELINE INC,Natural Gas,INTERSTATE,PENNSYLVANIA,0,0,0,0,0,0,0,0,0,0,0.069,0,0,0,0.069,0.015,0,0,0,0.015,0.228,0,0,0,0.228,0.291,0,0,0,0.291,0,0,0,0,0,0,0,0,0,0,0,0,0,0,0,0,0,0,0,0,0.603,0,0,0,0.603,0,0,0,0,0,0,0.603,0,0,0,0.603
9/1/2026,2021,20220992,41279,31594,"SOUTHCROSS MUSTANG TRANSMISSION, LTD.",Natural Gas,INTRASTATE,TEXAS,1.458,0.122,0.064,0,1.644,0,0,0,0,0,1.498,0.446,0,0,1.944,7.076,0,0,0,7.076,4.658,0,0,0,4.658,30.558,0,0,0,30.558,0,0,0,0,0,0,0,0,0,0,0.288,0,0,0,0.288,0,0,0,0,0,45.536,0.568,0.064,0,46.168,0,0,0,0,0,0,45.536,0.568,0.064,0,46.168
9/1/2026,2021,20220137,39970,31599,CITY OF SUSANVILLE,Natural Gas,INTRASTATE,CALIFORNIA,0,0,0,0,0,0,0,0,0,0,4.3,3.8,1.8,0,9.9,0,0,0,0,0,0,0,0,0,0,0,0,0,0,0,0,0,0,0,0,0,0,0,0,0,0,0,0,0,0,0,0,0,0,0,4.3,3.8,1.8,0,9.9,0,0,0,0,0,0,4.3,3.8,1.8,0,9.9
9/1/2026,2021,20220899,41365,31604,EQUITRANS MIDSTREAM CORPORATION,Natural Gas,INTERSTATE,OHIO,0,0,0,0,0,0,0,0,0,0,0.378,0,0,0,0.378,0.891,0,0,0,0.891,2.535,0,0,0,2.535,1.121,0,0,0,1.121,0,0,0,0,0,0,0,0,0,0,0,0,0,0,0,0,0,0,0,0,4.925,0,0,0,4.925,0,0,0,0,0,0,4.925,0,0,0,4.925
9/1/2026,2021,20220899,41365,31604,EQUITRANS MIDSTREAM CORPORATION,Natural Gas,INTERSTATE,PENNSYLVANIA,38.032,14.439,7.441,0,59.912,46.799,25.074,67.037,0,138.91,63.889,15.436,27.635,0,106.96,142.499,53.449,37.237,0,233.185,41.915,8.332,16.901,0,67.148,30.585,0.93,0.054,0,31.569,0,0,0,0,0,0,0,0,0,0,0,0,0,0,0,2.157,1.282,3.114,0,6.553,365.876,118.942,159.419,0,644.237,0,0,0,0,0,0,365.876,118.942,159.419,0,644.237
9/1/2026,2021,20220899,41365,31604,EQUITRANS MIDSTREAM CORPORATION,Natural Gas,INTERSTATE,WEST VIRGINIA,0.778,0,0,0,0.778,1.456,0.868,0,0,2.324,28.922,5.83,0.397,0,35.149,106.35,16.676,3.556,0,126.582,93.669,8.907,0,0,102.576,18.115,0,0,0,18.115,0,0,0,0,0,0,0,0,0,0,0,0,0,0,0,0,0,0,0,0,249.29,32.281,3.953,0,285.524,0,0,0,0,0,0,249.29,32.281,3.953,0,285.524
9/1/2026,2021,20220899,41365,31604,EQUITRANS MIDSTREAM CORPORATION,Natural Gas,INTRASTATE,OHIO,0.986,0,0,0,0.986,0,0,0,0,0,0,0,0,0,0,7.235,0.877,0,0,8.112,2.492,0,0,0,2.492,2.444,0,0,0,2.444,0,0,0,0,0,0,0,0,0,0,0,0,0,0,0,0,0,0,0,0,13.157,0.877,0,0,14.034,0,0,0,0,0,0,13.157,0.877,0,0,14.034
9/1/2026,2021,20220899,41365,31604,EQUITRANS MIDSTREAM CORPORATION,Natural Gas,INTRASTATE,PENNSYLVANIA,0,,0,0,0,0.967,0,0,0,0.967,1.674,0,0,0,1.674,21.12,1.461,0.45,0,23.031,13.247,5.185,0,0,18.432,39.49,4.198,0.156,0,43.844,0,0,0,0,0,0,0,0,0,0,0,0,0,0,0,0,0,0,0,0,76.498,10.844,0.606,0,87.948,0,0,0,0,0,0,76.498,10.844,0.606,0,87.948
9/1/2026,2021,20220899,41365,31604,EQUITRANS MIDSTREAM CORPORATION,Natural Gas,INTRASTATE,WEST VIRGINIA,0,0,0,0,0,0,0,0,0,0,0.004,0.005,0,0,0.009,6.882,0.025,0,0,6.907,10.756,1.94,0,0,12.696,27.962,1.778,0,0,29.74,0,0,0,0,0,0,0,0,0,0,0,0,0,0,0,0,0,0,0,0,45.604,3.748,0,0,49.352,0,0,0,0,0,0,45.604,3.748,0,0,49.352
9/1/2026,2021,20220381,40223,31613,"MIDCOAST PIPELINES (EAST TEXAS), L.P.",Natural Gas,INTRASTATE,TEXAS,0.45,0.9,9.4,0,10.75,3.22,0.27,0.35,0,3.84,7.84,1.92,1.6,0,11.36,66.96,24.75,15.15,0,106.86,179.01,58.38,13.59,0,250.98,412.37,24.42,0.11,0,436.9,0,0,0,0,0,0,0,0,0,0,0,0,0,0,0,0,0,0,0,0,669.85,110.64,40.2,0,820.69,0,0,0,0,0,0,669.85,110.64,40.2,0,820.69
9/1/2026,2021,20220955,40819,31618,ENTERPRISE PRODUCTS OPERATING LLC,Natural Gas,INTRASTATE,COLORADO,0,0,0,0,0,0,0,0,0,0,3.594,0,0,0,3.594,0,0,0,0,0,0,0,0,0,0,0,0,0,0,0,0,0,0,0,0,0,0,0,0,0,0,0,0,0,0,0,0,0,0,0,3.594,0,0,0,3.594,0,0,0,0,0,0,3.594,0,0,0,3.594
9/1/2026,2021,20220955,40819,31618,ENTERPRISE PRODUCTS OPERATING LLC,Natural Gas,INTRASTATE,IOWA,0.726,0,0,0,0.726,0,0,0,0,0,0,0,0,0,0,0,0,0,0,0,0,0,0,0,0,0,0,0,0,0,0,0,0,0,0,0,0,0,0,0,0,0,0,0,0,0,0,0,0,0,0.726,0,0,0,0.726,0,0,0,0,0,0,0.726,0,0,0,0.726
9/1/2026,2021,20220955,40819,31618,ENTERPRISE PRODUCTS OPERATING LLC,Natural Gas,INTRASTATE,KANSAS,0.032,0,0,0,0.032,51.043,1.411,0,0,52.454,0.877,0,0,0,0.877,0,0,0,0,0,0,0,0,0,0,0,0,0,0,0,0,0,0,0,0,0,0,0,0,0,0,0,0,0,0,0,0,0,0,0,51.952,1.411,0,0,53.363,0,0,0,0,0,0,51.952,1.411,0,0,53.363
9/1/2026,2021,20220955,40819,31618,ENTERPRISE PRODUCTS OPERATING LLC,Natural Gas,INTRASTATE,LOUISIANA,0,0,0,0,0,0,0,0,0,0,0,0,0,0,0,0.008,0.012,0,0,0.02,3.263,2.581,0,0,5.844,0,0,0,0,0,0,0,0,0,0,0,0,0,0,0,0,0,0,0,0,0,0,0,0,0,3.271,2.593,0,0,5.864,0,0,0,0,0,0,3.271,2.593,0,0,5.864
9/1/2026,2021,20220955,40819,31618,ENTERPRISE PRODUCTS OPERATING LLC,Natural Gas,INTRASTATE,NEBRASKA,0.058,0,0,0,0.058,0,0,0,0,0,0,0,0,0,0,0,0,0,0,0,0,0,0,0,0,0,0,0,0,0,0,0,0,0,0,0,0,0,0,0,0,0,0,0,0,0,0,0,0,0,0.058,0,0,0,0.058,0,0,0,0,0,0,0.058,0,0,0,0.058
9/1/2026,2021,20220955,40819,31618,ENTERPRISE PRODUCTS OPERATING LLC,Natural Gas,INTRASTATE,NEW MEXICO,0.062,0,0,0,0.062,9.571,0,0,0,9.571,0.29,0,0,0,0.29,0.18,0,0,0,0.18,1.07,0,0,0,1.07,0.742,0,0,0,0.742,0,0,0,0,0,0,0,0,0,0,0,0,0,0,0,0,0,0,0,0,11.915,0,0,0,11.915,0,0,0,0,0,0,11.915,0,0,0,11.915
9/1/2026,2021,20220955,40819,31618,ENTERPRISE PRODUCTS OPERATING LLC,Natural Gas,INTRASTATE,OKLAHOMA,0,0,0,0,0,0.225,0,0,0,0.225,0,0,0,0,0,0,0,0,0,0,0,0,0,0,0,0,0,0,0,0,0,0,0,0,0,0,0,0,0,0,0,0,0,0,0,0,0,0,0,0,0.225,0,0,0,0.225,,,,,,,0.225,0,0,0,0.225
9/1/2026,2021,20220955,40819,31618,ENTERPRISE PRODUCTS OPERATING LLC,Natural Gas,INTRASTATE,TEXAS,123.091,16.672,32.815,0.299,172.877,35.434,6.465,27.213,0.136,69.248,121.465,20.616,72.047,4.712,218.84,285.805,53.251,117.172,1.624,457.852,580.406,65.32,84.009,0,729.735,1911.759,72.889,5.958,0.026,1990.632,0.017,0,0.107,0,0.124,0.794,0.625,0.15,0,1.569,11.713,2.88,8.773,0,23.366,4.496,0.328,3.351,0,8.175,3074.98,239.046,351.595,6.797,3672.418,0,0,0,0,0,0,3074.98,239.046,351.595,6.797,3672.418
9/1/2026,2021,20220955,40819,31618,ENTERPRISE PRODUCTS OPERATING LLC,Natural Gas,INTRASTATE,WYOMING,0,0,0,0,0,0,0,0,0,0,0,0,0,0,0,0.002,0,0,0,0.002,0.014,0,0,0,0.014,0.956,0,0,0,0.956,0,0,0,0,0,0,0,0,0,0,1.637,0,0,0,1.637,0,0,0,0,0,2.609,0,0,0,2.609,,,,,,,2.609,0,0,0,2.609
9/1/2026,2021,20220956,40820,31618,ENTERPRISE PRODUCTS OPERATING LLC,Other Gas-Ethane Gas,INTRASTATE,TEXAS,1.503,0,0,0,1.503,0,0,0,0,0,0,0,0,0,0,0,0,0,0,0,0,0,0,0,0,0,0,0,0,0,0,0,0,0,0,0,0,0,0,0,0,0,0,0,0,0,0,0,0,0,1.503,0,0,0,1.503,0,0,0,0,0,0,1.503,0,0,0,1.503
9/1/2026,2021,20220237,40074,31622,GREENLIGHT GAS INC,Natural Gas,INTRASTATE,TEXAS,84.98,0,0,0,84.98,0,0,0,0,0,0,0,0,0,0,0,0,0,0,0,0,0,0,0,0,0,0,0,0,0,0,0,0,0,0,0,0,0,0,0,0,0,0,0,0,0,0,0,0,0,84.98,0,0,0,84.98,0,0,0,0,0,0,84.98,0,0,0,84.98
9/1/2026,2021,20221046,40914,31624,ASH GROVE CEMENT COMPANY,Natural Gas,INTRASTATE,OREGON,1,0,0,0,1,0,0,0,0,0,0,0,0,0,0,0,0,0,0,0,0,0,0,0,0,0,0,0,0,0,0,0,0,0,0,0,0,0,0,0,0,0,0,0,0,0,0,0,0,0,1,0,0,0,1,0,0,0,0,0,0,1,0,0,0,1
9/1/2026,2021,20221076,40945,31627,"DENBURY ONSHORE, LLC",Natural Gas,INTRASTATE,WYOMING,0,0,0,0,0,0,0,0,0,0,0,0,0,0,0,0,0,0,0,0,9,0,0,0,9,0,0,0,0,0,0,0,0,0,0,0,0,0,0,0,0,0,0,0,0,0,0,0,0,0,9,0,0,0,9,0,0,0,0,0,0,9,0,0,0,9
9/1/2026,2021,20220583,40430,31632,NORTHWESTERN CORPORATION,Natural Gas,INTRASTATE,MONTANA,162.28,20.76,12.38,0,195.42,246.38,13.45,16.77,0,276.6,575.71,54.49,40.14,0,670.34,219.41,10.31,7.5,0,237.22,235.85,4.42,0.6,0,240.87,397.36,0.85,0,0,398.21,0.87,0,0,0,0.87,0,0,0,0,0,67.32,3.49,2.05,0,72.86,2.51,0,0,0,2.51,1907.69,107.77,79.44,0,2094.9,0,0,0,0,0,0,1907.69,107.77,79.44,0,2094.9
9/1/2026,2021,20220583,40430,31632,NORTHWESTERN CORPORATION,Natural Gas,INTRASTATE,SOUTH DAKOTA,48.818,5.253,0.941,0,55.012,0,0,0,0,0,0,0,0,0,0,0,0,0,0,0,0,0,0,0,0,0,0,0,0,0,0,0,0,0,0,0,0,0,0,0,0.004,0,0,0,0.004,0,0,0,0,0,48.822,5.253,0.941,0,55.016,0,0,0,0,0,0,48.822,5.253,0.941,0,55.016
9/1/2026,2021,20221008,43071,31636,NORTHERN STATES POWER CO OF MINNESOTA,Natural Gas,INTRASTATE,MINNESOTA,1.5,0.7,6.4,0,8.6,4.1,2.8,20.1,0,27,1.4,2.1,0.9,0,4.4,4.7,2,19.4,0,26.1,0,0,0,0,0,0,0,0,0,0,0,0,0,0,0,0,0,0,0,0,0,0,0,0,0,0,0,0,0,0,11.7,7.6,46.8,0,66.1,0,0,0,0,0,0,11.7,7.6,46.8,0,66.1
9/1/2026,2021,20221008,43071,31636,NORTHERN STATES POWER CO OF MINNESOTA,Natural Gas,INTRASTATE,SOUTH DAKOTA,0,0,0,0,0,0,0,0,0,0,0.2,0,0.1,0,0.3,9.7,0,3.4,0,13.1,0,0,0,0,0,0,0,0,0,0,0,0,0,0,0,0,0,0,0,0,0,0,0,0,0,0,0,0,0,0,9.9,0,3.5,0,13.4,0,0,0,0,0,0,9.9,0,3.5,0,13.4
9/1/2026,2021,20220322,40162,31640,SIOUX CITY BRICK AND TILE,Natural Gas,INTRASTATE,IOWA,0,0,0,0,0,0,0,0,0,0,0,0,0,0,0,0,0,0,0,0,0,0,0,0,0,0,0,0,0,0,0,0,0,0,0,0,0,0,0,0,0,0,0,0,0,1,0,0,0,1,1,0,0,0,1,0,0,0,0,0,0,1,0,0,0,1
9/1/2026,2021,20221028,40894,31646,PLATTE RIVER POWER AUTHORITY,Natural Gas,INTRASTATE,COLORADO,0,0,0,0,0,0,0,0,0,0,0.2,0,0,0,0.2,15.6,0,0,0,15.6,0,0,0,0,0,0,0,0,0,0,0,0,0,0,0,0,0,0,0,0,0,0,0,0,0,0,0,0,0,0,15.8,0,0,0,15.8,0,0,0,0,0,0,15.8,0,0,0,15.8
9/1/2026,2021,20221033,40900,31647,SOUTH SHORE PIPELINE CO LLC,Natural Gas,INTRASTATE,TEXAS,0.733,0.169,0.114,0,1.016,0,0,0,0,0,0.666,0.659,0.128,0,1.453,0.205,0,0,0,0.205,18.006,1.145,3.564,0,22.715,0,0,0,0,0,0,0,0,0,0,0,0,0,0,0,0,0,0,0,0,0,0,0,0,0,19.61,1.973,3.806,0,25.389,0,0,0,0,0,0,19.61,1.973,3.806,0,25.389
9/1/2026,2021,20220357,40199,31662,ARCHER DANIELS MIDLAND CO,Natural Gas,INTRASTATE,IOWA,0,0,0.002,0,0.002,0,0,0,0,0,0,0,1.298,0,1.298,0,0,0,0,0,0,0,0,0,0,0,0,0,0,0,0,0,0,0,0,0,0,0,0,0,0,0,0,0,0,0,0,0,0,0,0,0,1.3,0,1.3,0,0,0,0,0,0,0,0,1.3,0,1.3
9/1/2026,2021,20221378,41341,31665,UNIVERSITY OF NEW HAMPSHIRE,Landfill Gas,INTRASTATE,NEW HAMPSHIRE,0,0,0.1,0,0.1,0,0,0,0,0,0,0,0,0,0,0,0,0,0,0,0,0,0,0,0,0,0,0,0,0,0,0,0,0,0,0,0,0,0,0,0,0,0,0,0,2,0.8,9.5,0.1,12.4,2,0.8,9.6,0.1,12.5,0,0,0,0,0,0,2,0.8,9.6,0.1,12.5
9/1/2026,2021,20221171,41045,31684,PHILLIPS 66 PIPELINE LLC,Hydrogen Gas,INTRASTATE,LOUISIANA,0,0,0,0,0,0.377,1.159,0.204,0,1.74,0,0,0,0,0,0,0,0,0,0,0,0,0,0,0,0,0,0,0,0,0,0,0,0,0,0,0,0,0,0,0,0,0,0,0,0,0,0,0,0,0.377,1.159,0.204,0,1.74,0,0,0,0,0,0,0.377,1.159,0.204,0,1.74
9/1/2026,2021,20221169,41043,31684,PHILLIPS 66 PIPELINE LLC,Natural Gas,INTRASTATE,CALIFORNIA,9.35,4.302,3.648,0,17.3,0,0,0,0,0,0,0,0,0,0,0,0,0,0,0,0,0,0,0,0,0,0,0,0,0,0,0,0,0,0,0,0,0,0,0,0,0,0,0,0,0,0,0,0,0,9.35,4.302,3.648,0,17.3,0,0,0,0,0,0,9.35,4.302,3.648,0,17.3
9/1/2026,2021,20221169,41043,31684,PHILLIPS 66 PIPELINE LLC,Natural Gas,INTRASTATE,LOUISIANA,0,0,0,0,0,0.046,0,0.204,0,0.25,0,0,0,0,0,0,0,0,0,0,0,0,0,0,0,0,0,0,0,0,0,0,0,0,0,0,0,0,0,0,0,0,0,0,0,0,0,0,0,0,0.046,0,0.204,0,0.25,,,,,,,0.046,0,0.204,0,0.25
9/1/2026,2021,20221169,41043,31684,PHILLIPS 66 PIPELINE LLC,Natural Gas,INTRASTATE,TEXAS,0,0,0,0,0,0,0,0,0,0,0.28,0,0,0,0.28,0,0,0,0,0,0,0,0,0,0,0,0,0,0,0,0,0,0,0,0,0,0,0,0,0,0,0,0,0,0,0,0,0,0,0,0.28,0,0,0,0.28,,,,,,,0.28,0,0,0,0.28
9/1/2026,2021,20220311,40150,31685,AZTECA MILLING LP,Natural Gas,INTRASTATE,TEXAS,8,0,0,0,8,0,0,0,0,0,0,0,0,0,0,0,0,0,0,0,0,0,0,0,0,0,0,0,0,0,0,0,0,0,0,0,0,0,0,0,0,0,0,0,0,0,0,0,0,0,8,0,0,0,8,0,0,0,0,0,0,8,0,0,0,8
9/1/2026,2021,20220777,40635,31687,"HILL-LAKE GAS STORAGE, LLC",Natural Gas,INTRASTATE,TEXAS,0,0,0,0,0,0,0,0,0,0,0,0,0,0,0,0,0,0,0,0,0,0,0,0,0,17,0,0,0,17,0,0,0,0,0,0,0,0,0,0,0,0,0,0,0,0,0,0,0,0,17,0,0,0,17,0,0,0,0,0,0,17,0,0,0,17
9/1/2026,2021,20221200,41076,31697,"LODI GAS STORAGE, LLC",Natural Gas,INTRASTATE,CALIFORNIA,0,0,0,0,0,0,0,0,0,0,0,0,0,0,0,3.65,0.29,1.13,0,5.07,28.74,4.49,0.07,0,33.3,5.94,0.67,0,0,6.61,0,0,0,0,0,0,0,0,0,0,0,0,0,0,0,0,0,0,0,0,38.33,5.45,1.2,0,44.98,0,0,0,0,0,0,38.33,5.45,1.2,0,44.98
9/1/2026,2021,20220531,40377,31703,"WILLIAMS MLP OPERATING, LLC",Natural Gas,INTRASTATE,LOUISIANA,0,0,0,0,0,0.343,0,0,0,0.343,1.388,0,0,0,1.388,0.274,0,0,0,0.274,3.969,0,0,0,3.969,0,0,0,0,0,0,0,0,0,0,0,0,0,0,0,0,0,0,0,0,0,0,0,0,0,5.974,0,0,0,5.974,0,0,0,0,0,0,5.974,0,0,0,5.974
9/1/2026,2021,20220531,40377,31703,"WILLIAMS MLP OPERATING, LLC",Natural Gas,INTRASTATE,OHIO,0,0,0,0,0,0,0,0,0,0,0,0,0,0,0,0.552,0,0,0,0.552,0,0,0,0,0,0,0,0,0,0,0,0,0,0,0,0,0,0,0,0,0,0,0,0,0,0,0,0,0,0,0.552,0,0,0,0.552,0,0,0,0,0,0,0.552,0,0,0,0.552
9/1/2026,2021,20220531,40377,31703,"WILLIAMS MLP OPERATING, LLC",Natural Gas,INTRASTATE,PENNSYLVANIA,0,0,0,0,0,0,0,0,0,0,0.075,0,0,0,0.075,0.137,0,0,0,0.137,4.44,0,0,0,4.44,0.155,0,0,0,0.155,0,0,0,0,0,0,0,0,0,0,0,0,0,0,0,0,0,0,0,0,4.807,0,0,0,4.807,0,0,0,0,0,0,4.807,0,0,0,4.807
9/1/2026,2021,20220531,40377,31703,"WILLIAMS MLP OPERATING, LLC",Natural Gas,INTRASTATE,TEXAS,0.017,0,0.122,0,0.139,0.053,0,0,0,0.053,2.065,0.112,2.948,0,5.125,1.824,0.568,1.31,0,3.702,2.91,0,0,0,2.91,0,0,0,0,0,0,0,0,0,0,0,0,0,0,0,0,0,0,0,0,0,0,0,0,0,6.869,0.68,4.38,0,11.929,0,0,0,0,0,0,6.869,0.68,4.38,0,11.929
9/1/2026,2021,20220451,40297,31705,KATY STORAGE & TRANSPORTATION LP,Natural Gas,INTRASTATE,TEXAS,0,0,0,0,0,0.045,0.003,0.7,0,0.748,0.85,0.223,1.009,0,2.082,0.929,1.314,7.083,0,9.326,3.939,0,0,0,3.939,0,0,0,0,0,0,0,0,0,0,0,0,0,0,0,0,0,0,0,0,0,0,0,0,0,5.763,1.54,8.792,0,16.095,0,0,0,0,0,0,5.763,1.54,8.792,0,16.095
9/1/2026,2021,20220832,40692,31707,CHEVRON U.S.A. INC - PERMIAN BASIN,Natural Gas,INTRASTATE,COLORADO,0,0,0,0,0,0,0,0,0,0,0,0,0,0,0,7.26,0,0,0,7.26,0,0,0,0,0,0,0,0,0,0,0,0,0,0,0,0,0,0,0,0,0,0,0,0,0,0,0,0,0,0,7.26,0,0,0,7.26,0,0,0,0,0,0,7.26,0,0,0,7.26
9/1/2026,2021,20220750,40607,31711,"SOUTHERN STAR CENTRAL GAS PIPELINE, INC",Natural Gas,INTERSTATE,COLORADO,0.25,0,0,0,0.25,0.19,0,0,0,0.19,1.33,0,0,0,1.33,3.67,0,0,0,3.67,150.47,0,0,0,150.47,21.22,0,0,0,21.22,0,0,0,0,0,0,0,0,0,0,0,0,0,0,0,0,0,0,0,0,177.13,0,0,0,177.13,0,0,0,0,0,0,177.13,0,0,0,177.13
9/1/2026,2021,20220750,40607,31711,"SOUTHERN STAR CENTRAL GAS PIPELINE, INC",Natural Gas,INTERSTATE,KANSAS,585.45,65.04,75.04,0,725.53,250.44,27.04,22.63,0,300.11,343.07,25.31,62.27,0,430.65,370.53,23.62,39.02,0,433.17,369.94,13.9,3.09,0,386.93,912.04,2.76,1.08,0,915.88,1.45,0,0,0,1.45,0.92,0.01,0.02,0,0.95,0,0,0,0,0,2.12,0.16,0,0,2.28,2835.96,157.84,203.15,0,3196.95,0,0,0,0,0,0,2835.96,157.84,203.15,0,3196.95
9/1/2026,2021,20220750,40607,31711,"SOUTHERN STAR CENTRAL GAS PIPELINE, INC",Natural Gas,INTERSTATE,MISSOURI,46.33,16.23,19.61,0,82.17,36.09,9.97,9.84,0,55.9,95.5,16.24,19.08,0,130.82,269.27,29.21,39.71,0,338.19,170.78,36.87,22.38,0,230.03,12.81,3.07,0,0,15.88,0,0,0,0,0,0.04,0,0,0,0.04,0,0,0,0,0,0,0,0,0,0,630.82,111.59,110.62,0,853.03,0,0,0,0,0,0,630.82,111.59,110.62,0,853.03
9/1/2026,2021,20220750,40607,31711,"SOUTHERN STAR CENTRAL GAS PIPELINE, INC",Natural Gas,INTERSTATE,NEBRASKA,0.73,0,0.06,0,0.79,0.7,0,0,0,0.7,4.17,0,0,0,4.17,0.1,0,0,0,0.1,0,0,0,0,0,0,0,0,0,0,0,0,0,0,0,0,0,0,0,0,0,0,0,0,0,0,0,0,0,0,5.7,0,0.06,0,5.76,0,0,0,0,0,0,5.7,0,0.06,0,5.76
9/1/2026,2021,20220750,40607,31711,"SOUTHERN STAR CENTRAL GAS PIPELINE, INC",Natural Gas,INTERSTATE,OKLAHOMA,82.07,13.34,11.6,0,107.01,68.39,10.19,9.41,0,87.99,135.1,12.18,14.06,0,161.34,158.76,23.36,33.45,0,215.57,153.83,9.23,0.51,0,163.57,500.5,4.76,1.2,0,506.46,0.29,0,0,0,0.29,0.06,0,0,0,0.06,0,0,0,0,0,1.41,0,0,0,1.41,1100.41,73.06,70.23,0,1243.7,0,0,0,0,0,0,1100.41,73.06,70.23,0,1243.7
9/1/2026,2021,20220750,40607,31711,"SOUTHERN STAR CENTRAL GAS PIPELINE, INC",Natural Gas,INTERSTATE,TEXAS,0.01,0,0,0,0.01,0.06,0,0,0,0.06,0.37,0,0,0,0.37,0.13,0,0,0,0.13,13.23,0,0,0,13.23,23.39,0,0,0,23.39,0,0,0,0,0,0,0,0,0,0,0,0,0,0,0,0,0,0,0,0,37.19,0,0,0,37.19,0,0,0,0,0,0,37.19,0,0,0,37.19
9/1/2026,2021,20220750,40607,31711,"SOUTHERN STAR CENTRAL GAS PIPELINE, INC",Natural Gas,INTERSTATE,WYOMING,0,0,0,0,0,0.07,0,0,0,0.07,0.6,0,0,0,0.6,0.86,0,0,0,0.86,115.39,0,0,0,115.39,145.62,0,0,0,145.62,0,0,0,0,0,0,0,0,0,0,0,0,0,0,0,0,0,0,0,0,262.54,0,0,0,262.54,0,0,0,0,0,0,262.54,0,0,0,262.54
9/1/2026,2021,20220750,40607,31711,"SOUTHERN STAR CENTRAL GAS PIPELINE, INC",Natural Gas,INTRASTATE,OKLAHOMA,0.06,0,0,0,0.06,0.01,0,0,0,0.01,0,0,0,0,0,1.11,0,0.03,0,1.14,0,0,0,0,0,0,0,0,0,0,0,0,0,0,0,0,0,0,0,0,0,0,0,0,0,0,0,0,0,0,1.18,0,0.03,0,1.21,0,0,0,0,0,0,1.18,0,0.03,0,1.21
9/1/2026,2021,20221078,40947,31712,"GUARDIAN PIPELINE, LLC",Natural Gas,INTERSTATE,ILLINOIS,0,0,0,0,0,0,0,0,0,0,0.24,0.01,0.01,0,0.26,3.08,0.67,2.23,0,5.98,6.7,2.62,0.22,0,9.54,75.68,1.22,0,0,76.9,0,0,0,0,0,0,0,0,0,0,0,0,0,0,0,0,0,0,0,0,85.7,4.52,2.46,0,92.68,0,0,0,0,0,0,85.7,4.52,2.46,0,92.68
9/1/2026,2021,20221078,40947,31712,"GUARDIAN PIPELINE, LLC",Natural Gas,INTERSTATE,WISCONSIN,0.16,0,0,0,0.16,0.01,0,0,0,0.01,0.66,0.26,0,0,0.92,6.48,3.07,0,0,9.55,43.31,5.63,0,0,48.94,110.5,0.29,0,0,110.79,0,0,0,0,0,0,0,0,0,0,0,0,0,0,0,0,0,0,0,0,161.12,9.25,0,0,170.37,0,0,0,0,0,0,161.12,9.25,0,0,170.37
9/1/2026,2021,20220790,40649,31719,HILAND PARTNERS HOLDINGS LLC,Natural Gas,INTRASTATE,MONTANA,0,0,0,0,0,0,0,0,0,0,0,0,0,0,0,0.01,0,0,0,0.01,0,0,0,0,0,9.14,0,0,0,9.14,0,0,0,0,0,0,0,0,0,0,0,0,0,0,0,0,0,0,0,0,9.15,0,0,0,9.15,0,0,0,0,0,0,9.15,0,0,0,9.15
9/1/2026,2021,20220790,40649,31719,HILAND PARTNERS HOLDINGS LLC,Natural Gas,INTRASTATE,NORTH DAKOTA,0,0,0,0,0,0,0,0,0,0,0,0,0,0,0,0.13,0,0,0,0.13,5.5,0,0,0,5.5,7.67,0,0,0,7.67,0,0,0,0,0,0,0,0,0,0,0,0,0,0,0,0,0,0,0,0,13.3,0,0,0,13.3,0,0,0,0,0,0,13.3,0,0,0,13.3
9/1/2026,2021,20221130,41001,31724,SOUTHERN COMPANY PIPELINES,Natural Gas,INTRASTATE,ALABAMA,0,0,0,0,0,0,0,0,0,0,0.1,0.2,0,0,0.3,5.7,5,0.1,0,10.8,36.4,1.5,0,0,37.9,0,0,0,0,0,0,0,0,0,0,0,0,0,0,0,0,0,0,0,0,0,0,0,0,0,42.2,6.7,0.1,0,49,0,0,0,0,0,0,42.2,6.7,0.1,0,49
9/1/2026,2021,20221130,41001,31724,SOUTHERN COMPANY PIPELINES,Natural Gas,INTRASTATE,GEORGIA,0,0,0,0,0,0,0,0,0,0,1,0.3,0,0,1.3,4.3,3.7,0.1,0,8.1,12.2,0.8,1.6,0,14.6,0,0,0,0,0,0,0,0,0,0,0,0,0,0,0,0,0,0,0,0,0,0,0,0,0,17.5,4.8,1.7,0,24,0,0,0,0,0,0,17.5,4.8,1.7,0,24
9/1/2026,2021,20221130,41001,31724,SOUTHERN COMPANY PIPELINES,Natural Gas,INTRASTATE,MISSISSIPPI,0,0,0,0,0,0,0,0,0,0,5.8,0,0,0,5.8,4.1,0.6,0,0,4.7,0,0,0,0,0,0,0,0,0,0,0,0,0,0,0,0,0,0,0,0,0,0,0,0,0,0,0,0,0,0,9.9,0.6,0,0,10.5,0,0,0,0,0,0,9.9,0.6,0,0,10.5
9/1/2026,2021,20220523,40369,31727,"KINDER MORGAN KEYSTONE GAS STORAGE, LLC",Natural Gas,INTRASTATE,TEXAS,0,0,0,0,0,0,0,0,0,0,0,0,0,0,0,2.95,0,0,0,2.95,0,0,0,0,0,12.19,0,0,0,12.19,0,0,0,0,0,0,0,0,0,0,0,0,0,0,0,0,0,0,0,0,15.14,0,0,0,15.14,0,0,0,0,0,0,15.14,0,0,0,15.14
9/1/2026,2021,20220612,40461,31728,"GULF SOUTH PIPELINE COMPANY, LLC",Natural Gas,INTERSTATE,ALABAMA,0.7,0.12,0.6,0,1.42,7.79,2.71,0.13,0,10.63,42.52,6.74,4.44,0,53.7,62.43,10.09,19.62,0,92.14,46.74,7.95,7.95,0,62.64,20.99,3.09,2.35,0,26.43,5.89,0,0,0,5.89,0,0,0,0,0,0,0,0,0,0,0,0,0,0,0,187.06,30.7,35.09,0,252.85,0,0,0,0,0,0,187.06,30.7,35.09,0,252.85
9/1/2026,2021,20220612,40461,31728,"GULF SOUTH PIPELINE COMPANY, LLC",Natural Gas,INTERSTATE,FLORIDA,0.21,0,0.03,0,0.24,6.46,0,0.64,0,7.1,17.97,4.68,5.59,0,28.24,30.33,15.43,15.92,0,61.68,7.29,1.09,6.76,0,15.14,4.12,0,0,0,4.12,0,0,0,0,0,0,0,0,0,0,0,0,0,0,0,0,0,0,0,0,66.38,21.2,28.94,0,116.52,0,0,0,0,0,0,66.38,21.2,28.94,0,116.52
9/1/2026,2021,20220612,40461,31728,"GULF SOUTH PIPELINE COMPANY, LLC",Natural Gas,INTERSTATE,LOUISIANA,262.43,45.17,86.58,0,394.18,255.76,59.73,64.15,0,379.64,367.64,61.3,88.99,0,517.93,273.41,41.52,103.03,0,417.96,495.3,46.31,52.81,0,594.42,823.57,58.07,4.9,0,886.54,351.11,5.68,0,0,356.79,0,0,0,0,0,0,0,0,0,0,9.23,1.72,0,0,10.95,2838.45,319.5,400.46,0,3558.41,12.79,0,0,0,0,12.79,2851.24,319.5,400.46,0,3571.2
9/1/2026,2021,20220612,40461,31728,"GULF SOUTH PIPELINE COMPANY, LLC",Natural Gas,INTERSTATE,MISSISSIPPI,224.35,48.67,47.14,0,320.16,215.76,62.54,45.87,0,324.17,117.19,13.85,18.96,0,150,144.28,25.02,30.36,0,199.66,132.94,43.41,27.37,0,203.72,229.1,29.33,0.05,0,258.48,139.26,3.71,0,0,142.97,0,0,0,0,0,0,0,0,0,0,0.36,0.21,1.17,0,1.74,1203.24,226.74,170.92,0,1600.9,0,0,0,0,0,0,1203.24,226.74,170.92,0,1600.9
9/1/2026,2021,20220612,40461,31728,"GULF SOUTH PIPELINE COMPANY, LLC",Natural Gas,INTERSTATE,OCS-Gulf of Mexico,0,0,0,0,0,0,0,0,0,0,0,0,0,0,0,0,0,0,0,0,0,0,0,0,0,0,0,0,0,0,0,0,0,0,0,0,0,0,0,0,0,0,0,0,0,0,0,0,0,0,0,0,0,0,0,12.5,0,0,0,0,12.5,12.5,0,0,0,12.5
9/1/2026,2021,20220612,40461,31728,"GULF SOUTH PIPELINE COMPANY, LLC",Natural Gas,INTERSTATE,OKLAHOMA,0,0,0,0,0,0,0,0,0,0,0.08,0,0,0,0.08,0,0,0,0,0,1.95,0,0,0,1.95,35.95,0,0,0,35.95,0,0,0,0,0,0,0,0,0,0,0,0,0,0,0,0,0,0,0,0,37.98,0,0,0,37.98,0,0,0,0,0,0,37.98,0,0,0,37.98
9/1/2026,2021,20220612,40461,31728,"GULF SOUTH PIPELINE COMPANY, LLC",Natural Gas,INTERSTATE,TEXAS,81,28.2,29.58,0,138.78,145.52,27.97,23.52,0,197.01,163.18,36.55,29.44,0,229.17,161.13,27.08,22.38,0,210.59,58.1,9.75,53.19,0,121.04,293.46,17.8,0,0,311.26,102.37,1.3,0,0,103.67,0,0,0,0,0,0,0,0,0,0,0,0,0,0,0,1004.76,148.65,158.11,0,1311.52,0,0,0,0,0,0,1004.76,148.65,158.11,0,1311.52
9/1/2026,2021,20221014,40880,31729,"ATMOS ENERGY CORPORATION - ATMOS PIPELINE AND STORAGE, LLC",Natural Gas,INTRASTATE,KENTUCKY,0,0,0,0,0,1.6,0,2.2,0,3.8,0.5,0,0.5,0,1,0.7,0,0,0,0.7,16.9,0.5,0.4,0,17.8,0,0,0,0,0,0,0,0,0,0,0,0,0,0,0,0,0,0,0,0,0,0,0,0,0,19.7,0.5,3.1,0,23.3,0,0,0,0,0,0,19.7,0.5,3.1,0,23.3
9/1/2026,2021,20221091,40960,31737,TUCSON ELECTRIC POWER COMPANY,Natural Gas,INTRASTATE,ARIZONA,0,0,0,0,0,0,0,0,0,0,0,0,0,0,0,0,0,0,0,0,0,0,0,0,0,18.381,0.619,0,0,19,0,0,0,0,0,0,0,0,0,0,0,0,0,0,0,0,0,0,0,0,18.381,0.619,0,0,19,0,0,0,0,0,0,18.381,0.619,0,0,19
9/1/2026,2021,20220937,40800,31745,"GAS RECOVERY SYSTEMS, LLC",Landfill Gas,INTRASTATE,MICHIGAN,0,0,0,0,0,0,0,0,0,0,0,0,0,0,0,0,0,0,0,0,0,0,0,0,0,0,0,0,0,0,0,0,0,0,0,0,0,0,0,0,0,0,0,0,0,0.01,0,0,0,0.01,0.01,0,0,0,0.01,,,,,,,0.01,0,0,0,0.01
9/1/2026,2021,20220937,40800,31745,"GAS RECOVERY SYSTEMS, LLC",Landfill Gas,INTRASTATE,OHIO,0.06,0,0,0,0.06,0,0,0,0,0,0,0,0,0,0,0,0,0,0,0,0,0,0,0,0,0,0,0,0,0,0,0,0,0,0,0,0,0,0,0,0,0,0,0,0,3.69,0,0,0,3.69,3.75,0,0,0,3.75,0,0,0,0,0,0,3.75,0,0,0,3.75
9/1/2026,2021,20220774,40632,31747,TENASKA GEORGIA PARTNERS LP,Natural Gas,INTRASTATE,GEORGIA,0,0,0,0,0,0,0,0,0,0,0,0,0,0,0,0,0,0,0,0,1.2,0,0,0,1.2,0,0,0,0,0,0,0,0,0,0,0,0,0,0,0,0,0,0,0,0,0,0,0,0,0,1.2,0,0,0,1.2,0,0,0,0,0,0,1.2,0,0,0,1.2
9/1/2026,2021,20220190,40026,31748,MASSACHUSETTS WHOLESALE ELECTRIC CO,Natural Gas,INTRASTATE,MASSACHUSETTS,0,0,0,0,0,1,0,4.66,0,5.66,0,0,0,0,0,0,0,0,0,0,0,0,0,0,0,0,0,0,0,0,0,0,0,0,0,0,0,0,0,0,0,0,0,0,0,0,0,0,0,0,1,0,4.66,0,5.66,0,0,0,0,0,0,1,0,4.66,0,5.66
9/1/2026,2021,20220806,40666,31749,AECC- OSWALD GENERATING STATION,Natural Gas,INTRASTATE,ARKANSAS,0,0,0,0,0,0,0,0,0,0,0,0,0,0,0,5,0,0,0,5,0,0,0,0,0,0,0,0,0,0,0,0,0,0,0,0,0,0,0,0,0,0,0,0,0,0,0,0,0,0,5,0,0,0,5,0,0,0,0,0,0,5,0,0,0,5
9/1/2026,2021,20221236,41114,31753,ASPIRE ENERGY OF OHIO LLC,Natural Gas,INTRASTATE,OHIO,0,0,0,0,0,0,0,0,0,0,0,0,0,0,0,0,0,0,0,0,0,0,0,0,0,0,0,0,0,0,0,0,0,0,0,0,0,0,0,0,1.55,0,0,0,1.55,0,0,0,0,0,1.55,0,0,0,1.55,0,0,0,0,0,0,1.55,0,0,0,1.55
9/1/2026,2021,20220556,40406,31754,BLACK HILLS POWER INC,Natural Gas,INTRASTATE,SOUTH DAKOTA,0,0,0,0,0,0,0,0.51,0,0.51,0.61,0,0.36,0,0.97,0,0,0,0,0,0,0,0,0,0,0,0,0,0,0,0,0,0,0,0,0,0,0,0,0,0,0,0,0,0,0,0,0,0,0,0.61,0,0.87,0,1.48,0,0,0,0,0,0,0.61,0,0.87,0,1.48
9/1/2026,2021,20221042,41349,31755,"NOBLE MIDSTREAM SERVICES, LLC",Natural Gas,INTRASTATE,COLORADO,0,0,0,0,0,0,0,0,0,0,0.249,0,0,0,0.249,0,0,0,0,0,5.7,0,0,0,5.7,0,0,0,0,0,0,0,0,0,0,0,0,0,0,0,0,0,0,0,0,0,0,0,0,0,5.949,0,0,0,5.949,0,0,0,0,0,0,5.949,0,0,0,5.949
9/1/2026,2021,20220493,40339,31759,ACADIA PARTNERS PIPELINE,Natural Gas,INTRASTATE,LOUISIANA,0,0,0,0,0,0,0,0,0,0,0,0,0,0,0,0,0,0,0,0,4.25,0,0,0,4.25,0,0,0,0,0,0,0,0,0,0,0,0,0,0,0,0,0,0,0,0,0,0,0,0,0,4.25,0,0,0,4.25,0,0,0,0,0,0,4.25,0,0,0,4.25
9/1/2026,2021,20220696,40551,31767,MCNIC MICHIGAN HOLDINGS INC,Natural Gas,INTRASTATE,MICHIGAN,0,0,0,0,0,0.06,0.24,0,0,0.3,3.12,2.88,0.08,0,6.08,0,0,0,0,0,0,0,0,0,0,0,0,0,0,0,0,0,0,0,0,0,0,0,0,0,0,0,0,0,0,0,0,0,0,0,3.18,3.12,0.08,0,6.38,0,0,0,0,0,0,3.18,3.12,0.08,0,6.38
9/1/2026,2021,20220062,39887,31768,SANTEE COOPER - RAINEY GENERATING STATION,Natural Gas,INTERSTATE,GEORGIA,0,0,0,0,0,0.5,0,0,0,0.5,0,0,0,0,0,0,0,0,0,0,0,0,0,0,0,0,0,0,0,0,0,0,0,0,0,0,0,0,0,0,0,0,0,0,0,0,0,0,0,0,0.5,0,0,0,0.5,0,0,0,0,0,0,0.5,0,0,0,0.5
9/1/2026,2021,20220062,39887,31768,SANTEE COOPER - RAINEY GENERATING STATION,Natural Gas,INTERSTATE,SOUTH CAROLINA,0,0,0,0,0,2,0,0,0,2,0,0,0,0,0,0,0,0,0,0,0,0,0,0,0,0,0,0,0,0,0,0,0,0,0,0,0,0,0,0,0,0,0,0,0,0,0,0,0,0,2,0,0,0,2,0,0,0,0,0,0,2,0,0,0,2
9/1/2026,2021,20220318,40157,31771,AMERESCO PALMETTO,Landfill Gas,INTRASTATE,SOUTH CAROLINA,0,0,0,0,0,0,0,0,0,0,0,0,0,0,0,0,0,0,0,0,0,0,0,0,0,0,0,0,0,0,0,0,0,0,0,0,0,0,0,0,0,0,0,0,0,0,8.57,1,0,9.57,0,8.57,1,0,9.57,0,0,0,0,0,0,0,8.57,1,0,9.57
9/1/2026,2021,20220628,40477,31782,BAYSIDE POWER STATION,Natural Gas,INTRASTATE,FLORIDA,0,0,0,0,0,0,0,0,0,0,0,0,0,0,0,0.44,0,0.61,0,1.05,0,0,0,0,0,0,0,0,0,0,0,0,0,0,0,0,0,0,0,0,0,0,0,0,0,0,0,0,0,0,0.44,0,0.61,0,1.05,0,0,0,0,0,0,0.44,0,0.61,0,1.05
9/1/2026,2021,20220606,40455,31784,OHIO VALLEY HUB LLC,Natural Gas,INTRASTATE,INDIANA,0,0,0,0,0,0.425,0,0,0,0.425,8.409,1.121,0,0,9.53,0,0,0,0,0,0,0,0,0,0,0.009,0,0,0,0.009,0,0,0,0,0,0,0,0,0,0,0,0,0,0,0,0,0,0,0,0,8.843,1.121,0,0,9.964,0,0,0,0,0,0,8.843,1.121,0,0,9.964
9/1/2026,2021,20220669,40523,31788,CALPINE TEXAS PIPELINE LP,Natural Gas,INTRASTATE,TEXAS,0,0,0,0,0,0.8,0,0,0,0.8,1.8,0,0.3,0,2.1,5.7,0.9,5.7,0,12.3,14.6,2.4,0.5,0,17.5,10.1,0,0,0,10.1,0,0,0,0,0,0,0,0,0,0,0,0,0,0,0,0,0,0,0,0,33,3.3,6.5,0,42.8,0,0,0,0,0,0,33,3.3,6.5,0,42.8
9/1/2026,2021,20220929,40792,31800,"MAS ENERGY, LLC",Landfill Gas,INTRASTATE,TEXAS,0,0,0,0,0,0,0,0,0,0,0,0,0,0,0,0,0,0,0,0,0,0,0,0,0,0,0,0,0,0,0,0,0,0,0,0,0,0,0,0,0,0,0,0,0,13.72,1,0,0,14.72,13.72,1,0,0,14.72,0,0,0,0,0,0,13.72,1,0,0,14.72
9/1/2026,2021,20220929,40792,31800,"MAS ENERGY, LLC",Landfill Gas,INTRASTATE,VIRGINIA,0,0,0,0,0,0,0,0,0,0,0,0,0,0,0,0,0,0,0,0,0,0,0,0,0,0,0,0,0,0,0,0,0,0,0,0,0,0,0,0,0,0,0,0,0,0,0,2.4,0,2.4,0,0,2.4,0,2.4,0,0,0,0,0,0,0,0,2.4,0,2.4
9/1/2026,2021,20221030,40896,31805,HOLLY REFINING & MARKETING COMPANY,Hydrogen Gas,INTRASTATE,UTAH,0,0,0,0,0,0.01,0.04,4.29,0,4.34,0,0,0,0,0,0,0,0,0,0,0,0,0,0,0,0,0,0,0,0,0,0,0,0,0,0,0,0,0,0,0,0,0,0,0,0,0,0,0,0,0.01,0.04,4.29,0,4.34,0,0,0,0,0,0,0.01,0.04,4.29,0,4.34
9/1/2026,2021,20220733,40590,31840,UNISOURCE ENERGY SERVICES,Natural Gas,INTRASTATE,ARIZONA,0.004,0,0,0,0.004,0.054,0.013,0,0,0.067,0.431,0,0,0,0.431,29.449,0,0,0,29.449,0,0,0,0,0,0,0,0,0,0,0,0,0,0,0,0,0,0,0,0,0,0,0,0,0,0,0,0,0,0,29.938,0.013,0,0,29.951,0,0,0,0,0,0,29.938,0.013,0,0,29.951
9/1/2026,2021,20220516,40362,31846,"CAROLINA GAS TRANSMISSION, LLC",Natural Gas,INTERSTATE,GEORGIA,0,0,0,0,0,0,0,0,0,0,0,0.01,0,0,0.01,0.78,1.14,1.54,0,3.46,7.43,1.23,3.1,0,11.76,0,0,0,0,0,0,0,0,0,0,0,0,0,0,0,0,0,0,0,0,0,0,0,0,0,8.21,2.38,4.64,0,15.23,0,0,0,0,0,0,8.21,2.38,4.64,0,15.23
9/1/2026,2021,20220516,40362,31846,"CAROLINA GAS TRANSMISSION, LLC",Natural Gas,INTERSTATE,SOUTH CAROLINA,16.04,2.43,9,0,27.47,62.47,13.16,14.5,0,90.13,278.24,62.13,41.15,0,381.52,505.09,154.26,115.32,0,774.67,138.23,24.24,6.38,0,168.85,0,0,0,0,0,0,0,0,0,0,0,0,0,0,0,0,0,0,0,0,0,0,0,0,0,1000.07,256.22,186.35,0,1442.64,0,0,0,0,0,0,1000.07,256.22,186.35,0,1442.64
9/1/2026,2021,20220551,40397,31849,OGLETHORPE POWER CORPORATION,Natural Gas,INTRASTATE,GEORGIA,0,0,0,0,0,0,0,0,0,0,0,0,0,0,0,0,0,0,0,0,5,0,0,0,5,0,0,0,0,0,0,0,0,0,0,0,0,0,0,0,0,0,0,0,0,0,0,0,0,0,5,0,0,0,5,0,0,0,0,0,0,5,0,0,0,5
9/1/2026,2021,20220719,40575,31853,FOUNTAIN VALLEY POWER LLC,Natural Gas,INTRASTATE,COLORADO,0,0,0,0,0,0,0,0,0,0,0,0,0,0,0,0.9,0,0,0,0.9,0,0,0,0,0,5.04,0,0,0,5.04,0,0,0,0,0,0,0,0,0,0,0,0,0,0,0,0,0,0,0,0,5.94,0,0,0,5.94,0,0,0,0,0,0,5.94,0,0,0,5.94
9/1/2026,2021,20220287,40126,31855,EVERGY,Natural Gas,INTRASTATE,KANSAS,0,0,0,0,0,0,0,0,0,0,3.2,0,0,0,3.2,0,0,0,0,0,0,0,0,0,0,0,0,0,0,0,0,0,0,0,0,0,0,0,0,0,0,0,0,0,0,0,0,0,0,0,3.2,0,0,0,3.2,0,0,0,0,0,0,3.2,0,0,0,3.2
9/1/2026,2021,20220213,41249,31875,MERIT ENERGY COMPANY,Natural Gas,INTRASTATE,ARKANSAS,0,0,0,0,0,0,0,0,0,0,0,0,0,0,0,15.7,0,0,0,15.7,33.98,9.37,0,0,43.35,24.16,0,0,0,24.16,0,0,0,0,0,0,0,0,0,0,0,0,0,0,0,0,0,0,0,0,73.84,9.37,0,0,83.21,0,0,0,0,0,0,73.84,9.37,0,0,83.21
9/1/2026,2021,20220213,41249,31875,MERIT ENERGY COMPANY,Natural Gas,INTRASTATE,OKLAHOMA,0,0,0,0,0,0,0,0,0,0,1.067,0,0,0,1.067,0,0,0,0,0,0,0,0,0,0,0,0,0,0,0,0,0,0,0,0,0,0,0,0,0,0,0,0,0,0,0,0,0,0,0,1.067,0,0,0,1.067,0,0,0,0,0,0,1.067,0,0,0,1.067
9/1/2026,2021,20221111,40980,31880,"BBT MISSISSIPPI, LLC",Natural Gas,INTRASTATE,MISSISSIPPI,0,0,0,0,0,14.182,0,0,0,14.182,9.367,1.653,0,0,11.02,88.415,15.746,4.31,0,108.471,179.951,20.898,0,0,200.849,39.587,25.92,1.081,0,66.588,20.95,1.31,0,0,22.26,0,0,0,0,0,85.228,33.261,5.228,0,123.717,0,0,0,0,0,437.68,98.788,10.619,0,547.087,0,0,0,0,0,0,437.68,98.788,10.619,0,547.087
9/1/2026,2021,20220208,40044,31890,WSP USA INC.,Natural Gas,INTRASTATE,TEXAS,0,0,0,0,0,0,0,0,0,0,0,0,0,0,0,0,0,0,0,0,14.294,6.81,2.49,0,23.594,0,0,0,0,0,0,0,0,0,0,0,0,0,0,0,0,0,0,0,0,0,0,0,0,0,14.294,6.81,2.49,0,23.594,0,0,0,0,0,0,14.294,6.81,2.49,0,23.594
9/1/2026,2021,20220915,40777,31891,NORTH BAJA PIPELINE LLC,Natural Gas,INTERSTATE,ARIZONA,0,0,0,0,0,0,0,0,0,0,0,0,0,0,0,0.582,0,0,0,0.582,3.035,0,0,0,3.035,0,0,0,0,0,0,0,0,0,0,0,0,0,0,0,0,0,0,0,0,0,0,0,0,0,3.617,0,0,0,3.617,0,0,0,0,0,0,3.617,0,0,0,3.617
9/1/2026,2021,20220915,40777,31891,NORTH BAJA PIPELINE LLC,Natural Gas,INTERSTATE,CALIFORNIA,0,0,0,0,0,0,0,0,0,0,0.024,0,0,0,0.024,11.164,1.292,0.123,0,12.579,2.407,0.772,0,0,3.179,66.177,0,0,0,66.177,0,0,0,0,0,0,0,0,0,0,0,0,0,0,0,0,0,0,0,0,79.772,2.064,0.123,0,81.959,0,0,0,0,0,0,79.772,2.064,0.123,0,81.959
9/1/2026,2021,20220532,40378,31892,DUKE ENERGY - DEBARY COMBUSTION TURBINE,Natural Gas,INTRASTATE,FLORIDA,0,0,0,0,0,0,0,0,0,0,0,0,0,0,0,0,0,3.28,0,3.28,0,0,0,0,0,0,0,0,0,0,0,0,0,0,0,0,0,0,0,0,0,0,0,0,0,0,0,0,0,0,0,0,3.28,0,3.28,0,0,0,0,0,0,0,0,3.28,0,3.28
9/1/2026,2021,20220854,40714,31894,KISSIMMEE UTILITY AUTHORITY,Natural Gas,INTRASTATE,FLORIDA,0,0,0,0,0,0,0,0,0,0,2,3,1,1,7,0,0,0,0,0,0,0,0,0,0,0,0,0,0,0,0,0,0,0,0,0,0,0,0,0,0,0,0,0,0,0,0,0,0,0,2,3,1,1,7,0,0,0,0,0,0,2,3,1,1,7
9/1/2026,2021,20220751,40608,31895,CERTAINTEED  SAINT-GOBAIN,Natural Gas,INTRASTATE,FLORIDA,0,0,0,0,0,0,0,0,0,0,4.75,1,0,0,5.75,0,0,0,0,0,0,0,0,0,0,0,0,0,0,0,0,0,0,0,0,0,0,0,0,0,0,0,0,0,0,0,0,0,0,0,4.75,1,0,0,5.75,0,0,0,0,0,0,4.75,1,0,0,5.75
9/1/2026,2021,20220392,40235,31896,"NORSTAR PIPELINE COMPANY, INC.",Natural Gas,INTRASTATE,ALASKA,0,0,0,0,0,0,0,0,0,0,0,0,0,0,0,0,0,0.927,0,0.927,0,0,0,0,0,0,0,0,0,0,0,0,0,0,0,0,0,0,0,0,0,0,0.039,0,0.039,0,0,1.111,0,1.111,0,0,2.077,0,2.077,0,0,0,0,0,0,0,0,2.077,0,2.077
9/1/2026,2021,20220263,40102,31898,MV PIPELINE COMPANY,Natural Gas,INTRASTATE,OKLAHOMA,0,0,0,0,0,11.56,0,0,0,11.56,0,0,0,0,0,0,0,0,0,0,0,0,0,0,0,0,0,0,0,0,0,0,0,0,0,0,0,0,0,0,0,0,0,0,0,0,0,0,0,0,11.56,0,0,0,11.56,0,0,0,0,0,0,11.56,0,0,0,11.56
9/1/2026,2021,20220071,39898,31901,BAXTER HEALTHCARE CORP.,Natural Gas,INTRASTATE,MISSISSIPPI,0,0,0,0,0,0,0,0,0,0,0,0,0,0,0,0,0,0,0,0,0,0,0,0,0,0,0,0,0,0,0,0,0,0,0,0,0,0,0,0,0,0,0,0,0,0,0,2,0,2,0,0,2,0,2,0,0,0,0,0,0,0,0,2,0,2
9/1/2026,2021,20220808,40668,31904,"SUNRISE POWER COMPANY, LLC",Natural Gas,INTRASTATE,CALIFORNIA,0,0,0,0,0,0,0,0,0,0,0,0,0,0,0,2.5,0,0,0,2.5,0,0,0,0,0,0,0,0,0,0,0,0,0,0,0,0,0,0,0,0,0,0,0,0,0,0,0,0,0,0,2.5,0,0,0,2.5,0,0,0,0,0,0,2.5,0,0,0,2.5
9/1/2026,2021,20221224,41101,31908,CHS OILSEED PROCESSING-NW GAS CONTRACTED,Natural Gas,INTRASTATE,MINNESOTA,4.18,0,0,0,4.18,0,0,0,0,0,0,0,0,0,0,0,0,0,0,0,0,0,0,0,0,0,0,0,0,0,0,0,0,0,0,0,0,0,0,0,0,0,0,0,0,0,0,0,0,0,4.18,0,0,0,4.18,0,0,0,0,0,0,4.18,0,0,0,4.18
9/1/2026,2021,20221047,41218,31910,"AMERICAN MIDSTREAM (MISSISSIPPI), LLC",Natural Gas,INTRASTATE,MISSISSIPPI,0,0,0,0,0,0,0,0,0,0,0,0,0,0,0,0,0,0,0,0,5.5,0,0,0,5.5,0,0,0,0,0,0,0,0,0,0,0,0,0,0,0,0,0,0,0,0,0,0,0,0,0,5.5,0,0,0,5.5,0,0,0,0,0,0,5.5,0,0,0,5.5
9/1/2026,2021,20220149,39982,31911,"AMERICAN ENERGIES GAS SERVICE,  LLC",Natural Gas,INTRASTATE,KANSAS,2.87,0,0,0,2.87,0,0,0,0,0,0,0,0,0,0,0,0,0,0,0,0,0,0,0,0,0,0,0,0,0,0,0,0,0,0,0,0,0,0,0,0,0,0,0,0,2.35,0,0,0,2.35,5.22,0,0,0,5.22,0,0,0,0,0,0,5.22,0,0,0,5.22
9/1/2026,2021,20220080,40251,31915,"TROPICANA PRODUCTS, INC.",Natural Gas,INTRASTATE,FLORIDA,0.19,0,0,0,0.19,0,0,0,0,0,0,0,0,0,0,0,0,0,0,0,0,0,0,0,0,0,0,0,0,0,0,0,0,0,0,0,0,0,0,0,0,0,0,0,0,0,0,0,0,0,0.19,0,0,0,0.19,0,0,0,0,0,0,0.19,0,0,0,0.19
9/1/2026,2021,20220769,40627,31916,"WM RENEWABLE ENERGY, LLC",Natural Gas,INTRASTATE,KENTUCKY,1.4,0,0,0,1.4,0,0,0,0,0,0,0,0,0,0,0,0,0,0,0,0,0,0,0,0,0,0,0,0,0,0,0,0,0,0,0,0,0,0,0,0,0,0,0,0,0,0,0,0,0,1.4,0,0,0,1.4,0,0,0,0,0,0,1.4,0,0,0,1.4
9/1/2026,2021,20220769,40627,31916,"WM RENEWABLE ENERGY, LLC",Natural Gas,INTRASTATE,OKLAHOMA,0.74,0,0,0,0.74,0,0,0,0,0,0,0,0,0,0,0,0,0,0,0,0,0,0,0,0,0,0,0,0,0,0,0,0,0,0,0,0,0,0,0,0,0,0,0,0,0,0,0,0,0,0.74,0,0,0,0.74,0,0,0,0,0,0,0.74,0,0,0,0.74
9/1/2026,2021,20220769,40627,31916,"WM RENEWABLE ENERGY, LLC",Natural Gas,INTRASTATE,VIRGINIA,0,0,0,0,0,0,0,0,0,0,0,0,0,0,0,0,0,0,0,0,0,0,0,0,0,0,0,0,0,0,0,0,0,0,0,0,0,0,0,0,0,0,0,0,0,16.1,5.9,0,0,22,16.1,5.9,0,0,22,0,0,0,0,0,0,16.1,5.9,0,0,22
9/1/2026,2021,20220511,40357,31926,COPANO PIPELINES/UPPER GULF COAST LLC,Natural Gas,INTRASTATE,TEXAS,0.24,1.17,6.21,0,7.62,1.12,0.86,3.01,0,4.99,32.39,7.07,45.62,0,85.08,0,0,0,0,0,0.01,0,0,0,0.01,0.46,0,0,0,0.46,0,0,0,0,0,0,0,0,0,0,0,0,0,0,0,0,0,0,0,0,34.22,9.1,54.84,0,98.16,0,0,0,0,0,0,34.22,9.1,54.84,0,98.16
9/1/2026,2021,20221371,41321,31933,CALCASIEU REFINING COMPANY,Natural Gas,INTRASTATE,LOUISIANA,0.61,0.13,0.73,0,1.47,0,0,0,0,0,0,0,0,0,0,0,0,0,0,0,0,0,0,0,0,0,0,0,0,0,0,0,0,0,0,0,0,0,0,0,0,0,0,0,0,0,0,0,0,0,0.61,0.13,0.73,0,1.47,0,0,0,0,0,0,0.61,0.13,0.73,0,1.47
9/1/2026,2021,20220036,39859,31936,WORTHINGTON GENERATION,Natural Gas,INTRASTATE,INDIANA,0,0,0,0,0,0,0,0,0,0,0.005,0,0,0,0.005,1.05,0,0,0,1.05,0,0,0,0,0,0,0,0,0,0,0,0,0,0,0,0,0,0,0,0,0,0,0,0,0,0,0,0,0,0,1.055,0,0,0,1.055,0,0,0,0,0,0,1.055,0,0,0,1.055
9/1/2026,2021,20220977,40843,31943,COLT MIDSTREAM LLC,Natural Gas,INTRASTATE,TEXAS,8.71,1.37,5.1,0,15.18,0,0,0,0,0,42.26,9.9,3.13,0,55.29,5.48,3.64,0,0,9.12,49.01,0.5,0,0,49.51,0,0,0,0,0,0,0,0,0,0,0,0,0,0,0,0,0,0,0,0,1.4,0,0,0,1.4,106.86,15.41,8.23,0,130.5,0,0,0,0,0,0,106.86,15.41,8.23,0,130.5
9/1/2026,2021,20220599,40448,31955,CITY OF VERNON,Natural Gas,INTRASTATE,CALIFORNIA,0,0,0,0,0,0,0,7.3,0,7.3,0,0,0,0,0,0,0,0,0,0,0,0,0,0,0,0,0,0,0,0,0,0,0,0,0,0,0,0,0,0,0,0,0,0,0,0,0,0,0,0,0,0,7.3,0,7.3,0,0,0,0,0,0,0,0,7.3,0,7.3
9/1/2026,2021,20220413,40259,31968,"WTG GAS TRANSMISSION COMPANY, LLC",Natural Gas,INTRASTATE,TEXAS,91.955,9.446,8.724,0,110.125,73.311,15.167,2.395,0,90.873,293.434,2.288,4.462,0,300.184,21.519,0,0,0,21.519,52.474,1.833,0.228,0,54.535,61.692,0,0,0,61.692,0,0,0,0,0,0,0,0,0,0,0,0,0,0,0,12.617,0.127,2.292,0,15.036,607.002,28.861,18.101,0,653.964,0,0,0,0,0,0,607.002,28.861,18.101,0,653.964
9/1/2026,2021,20220841,40701,31978,ATMOS PIPELINE - TEXAS,Natural Gas,INTRASTATE,TEXAS,967.38,175.65,106.86,1.46,1251.35,600.41,76.67,53.99,0.21,731.28,395.51,45.04,87.7,3.37,531.62,754.73,139.3,168.44,1.01,1063.48,624.15,94.39,54.57,0,773.11,1038.97,98.37,9.85,0,1147.19,0.02,0,0,0,0.02,0.03,0,0,0,0.03,2.59,0.54,6.8,0.01,9.94,131.21,10.53,2.47,0,144.21,4515,640.49,490.68,6.06,5652.23,0,0,0,0,0,0,4515,640.49,490.68,6.06,5652.23
9/1/2026,2021,20220195,40031,31986,"CITY OF GLENDALE, GLENDALE WATER & POWER",Landfill Gas,INTRASTATE,CALIFORNIA,0,0,0,0,0,0,0,0,0,0,0,0,0,0,0,0,0,0,0,0,0,0,0,0,0,0,0,0,0,0,0,0,0,0,0,0,0,0,0,0,0,0,0,0,0,0.54,0,4.33,0.63,5.5,0.54,0,4.33,0.63,5.5,0,0,0,0,0,0,0.54,0,4.33,0.63,5.5
9/1/2026,2021,20221035,40902,31987,"SCEPTER GREENEVILLE, INC",Natural Gas,INTRASTATE,TENNESSEE,2,0,0,0,2,0,0,0,0,0,0,0,0,0,0,0,0,0,0,0,0,0,0,0,0,0,0,0,0,0,0,0,0,0,0,0,0,0,0,0,0,0,0,0,0,0,0,0,0,0,2,0,0,0,2,0,0,0,0,0,0,2,0,0,0,2
9/1/2026,2021,20220179,40013,31999,"SHELBY COUNTY ENERGY CENTER, LLC",Natural Gas,INTRASTATE,ILLINOIS,0,0,0,0,0,0,0,0,0,0,0.2,0,0,0,0.2,1.7,0,0,0,1.7,0,0,0,0,0,0,0,0,0,0,0,0,0,0,0,0,0,0,0,0,0,0,0,0,0,0,0,0,0,0,1.9,0,0,0,1.9,0,0,0,0,0,0,1.9,0,0,0,1.9
9/1/2026,2021,20220622,40471,32005,"ENLINK PROCESSING SERVICES, LLC",Natural Gas,INTERSTATE,LOUISIANA,0,0,0,0,0,0,0,0,0,0,0.526,0,0.013,0,0.539,6.45,0.119,8.01,0,14.579,87.14,4.35,3.089,0,94.579,0.346,0,0,0,0.346,0,0,0,0,0,0,0,0,0,0,0,0,0,0,0,0,0,0,0,0,94.462,4.469,11.112,0,110.043,0,0,0,0,0,0,94.462,4.469,11.112,0,110.043
9/1/2026,2021,20220622,40471,32005,"ENLINK PROCESSING SERVICES, LLC",Natural Gas,INTERSTATE,TEXAS,0,0,0,0,0,0,0,0,0,0,1.016,1.487,0.432,0,2.935,5.351,0.583,2.365,0,8.299,10.731,0,0,0,10.731,0,0,0,0,0,0,0,0,0,0,0,0,0,0,0,0,0,0,0,0,0,0,0,0,0,17.098,2.07,2.797,0,21.965,0,0,0,0,0,0,17.098,2.07,2.797,0,21.965
9/1/2026,2021,20220622,40471,32005,"ENLINK PROCESSING SERVICES, LLC",Natural Gas,INTRASTATE,LOUISIANA,134.852,55.188,82.474,0,272.514,131.856,45.148,29.329,0,206.333,253.941,53.649,50.236,0,357.826,537.258,101.622,92.044,0.334,731.258,717.475,104.275,33.305,0,855.055,366.789,14.54,2.827,0,384.156,3.439,0.801,0,0,4.24,2.442,0,0,0,2.442,0,0,0,0,0,0,0,0,0,0,2148.052,375.223,290.215,0.334,2813.824,0,0,0,0,0,0,2148.052,375.223,290.215,0.334,2813.824
9/1/2026,2021,20220207,40043,32007,SUPERIOR PIPELINE COMPANY L.L.C.,Natural Gas,INTRASTATE,KANSAS,0,0,0,0,0,0.835,0,0,0,0.835,0,0,0,0,0,0,0,0,0,0,0,0,0,0,0,0,0,0,0,0,0,0,0,0,0,0,0,0,0,0,0,0,0,0,0,0,0,0,0,0,0.835,0,0,0,0.835,0,0,0,0,0,0,0.835,0,0,0,0.835
9/1/2026,2021,20220207,40043,32007,SUPERIOR PIPELINE COMPANY L.L.C.,Natural Gas,INTRASTATE,OKLAHOMA,4.872,0,0,0,4.872,2.825,0,0,0,2.825,0.16,0,0,0,0.16,4.305,0,0,0,4.305,0,0,0,0,0,0,0,0,0,0,0,0,0,0,0,0,0,0,0,0,0,0,0,0,0,0,0,0,0,0,12.162,0,0,0,12.162,0,0,0,0,0,0,12.162,0,0,0,12.162
9/1/2026,2021,20220207,40043,32007,SUPERIOR PIPELINE COMPANY L.L.C.,Natural Gas,INTRASTATE,TEXAS,1.262,0,0,0,1.262,0,0,0,0,0,1.282,0,0,0,1.282,3.663,0,0,0,3.663,0,0,0,0,0,0,0,0,0,0,0,0,0,0,0,0,0,0,0,0,0,0,0,0,0,0,0,0,0,0,6.207,0,0,0,6.207,0,0,0,0,0,0,6.207,0,0,0,6.207
9/1/2026,2021,20221124,41030,32011,"HOLLY ENERGY PARTNERS - OPERATING, L.P.",Hydrogen Gas,INTRASTATE,OKLAHOMA,0.26,0.22,0.98,0,1.46,0,0,0,0,0,0,0,0,0,0,0,0,0,0,0,0,0,0,0,0,0,0,0,0,0,0,0,0,0,0,0,0,0,0,0,0,0,0,0,0,0,0,0,0,0,0.26,0.22,0.98,0,1.46,0,0,0,0,0,0,0.26,0.22,0.98,0,1.46
9/1/2026,2021,20221155,41027,32011,"HOLLY ENERGY PARTNERS - OPERATING, L.P.",Natural Gas,INTRASTATE,NEW MEXICO,0,0,0,0,0,0,0,0,0,0,0,0,0,0,0,0,0,0,0,0,0,0,0,0,0,8.75,1.1,0.28,0,10.13,0,0,0,0,0,0,0,0,0,0,0,0,0,0,0,0,0,0,0,0,8.75,1.1,0.28,0,10.13,0,0,0,0,0,0,8.75,1.1,0.28,0,10.13
9/1/2026,2021,20221128,41029,32011,"HOLLY ENERGY PARTNERS - OPERATING, L.P.",Other Gas-Fuel Gas,INTRASTATE,OKLAHOMA,0.53,0.47,1.94,0,2.94,0,0,0,0,0,0,0,0,0,0,0,0,0,0,0,0,0,0,0,0,0,0,0,0,0,0,0,0,0,0,0,0,0,0,0,0,0,0,0,0,0,0,0,0,0,0.53,0.47,1.94,0,2.94,0,0,0,0,0,0,0.53,0.47,1.94,0,2.94
9/1/2026,2021,20220116,39948,32023,"MONTGOMERY GAS TRANSMISSION, INC.",Natural Gas,INTRASTATE,TEXAS,0,0,0,0,0,0,0,0,0,0,0,7.4,0,0,7.4,0,0,0,0,0,0,0,0,0,0,0,0,0,0,0,0,0,0,0,0,0,0,0,0,0,0,0,0,0,0,0,0,0,0,0,0,7.4,0,0,7.4,0,0,0,0,0,0,0,7.4,0,0,7.4
9/1/2026,2021,20220702,46893,32024,"CENTERPOINT ENERGY INTRASTATE PIPELINES, INC.",Natural Gas,INTRASTATE,LOUISIANA,9.691,2.559,0.282,0,12.532,0,0,0,0,0,0,0,0,0,0,0,0,0,0,0,0,0,0,0,0,0,0,0,0,0,0,0,0,0,0,0,0,0,0,0,0,0,0,0,0,0.464,0.438,0.221,0,1.123,10.155,2.997,0.503,0,13.655,0,0,0,0,0,0,10.155,2.997,0.503,0,13.655
9/1/2026,2021,20220702,46893,32024,"CENTERPOINT ENERGY INTRASTATE PIPELINES, INC.",Natural Gas,INTRASTATE,TEXAS,57.182,27.5,43.732,0,128.414,9.389,2.492,3.9,0.016,15.797,0.214,1.273,1.037,0,2.524,0.461,0,0.101,0,0.562,0,0,0,0,0,0,0,0,0,0,0,0,0,0,0,0,0,0,0,0,0,0,0,0,0,0.827,0.484,0.862,0,2.173,68.073,31.749,49.632,0.016,149.47,0,0,0,0,0,0,68.073,31.749,49.632,0.016,149.47
9/1/2026,2021,20221226,41367,32026,MINNESOTA SOYBEAN PROCESSORS,Natural Gas,INTRASTATE,MINNESOTA,6.55,0,0,0,6.55,0,0,0,0,0,0,0,0,0,0,0,0,0,0,0,0,0,0,0,0,0,0,0,0,0,0,0,0,0,0,0,0,0,0,0,0,0,0,0,0,0,0,0,0,0,6.55,0,0,0,6.55,0,0,0,0,0,0,6.55,0,0,0,6.55
9/1/2026,2021,20220740,40597,32034,"NGO TRANSMISSION, INC.",Natural Gas,INTRASTATE,OHIO,49.864,25.597,13.232,0,88.693,4.25,1.021,2.024,0,7.295,1.133,0.38,0.395,0,1.908,4.217,1.288,0.275,0,5.78,0,0,0,0,0,0,0,0,0,0,0,0,0,0,0,0,0,0,0,0,0,0,0,0,0,0,0,0,0,0,59.464,28.286,15.926,0,103.676,0,0,0,0,0,0,59.464,28.286,15.926,0,103.676
9/1/2026,2021,20220054,39879,32037,"PITT LANDFILL GAS, LLC",Landfill Gas,INTRASTATE,NORTH CAROLINA,0,0,0,0,0,0,0,0,0,0,0,0,0,0,0,0,0,0,0,0,0,0,0,0,0,0,0,0,0,0,0,0,0,0,0,0,0,0,0,0,0,0,0,0,0,0,1,0.56,0.5,2.06,0,1,0.56,0.5,2.06,0,0,0,0,0,0,0,1,0.56,0.5,2.06
9/1/2026,2021,20221382,41357,32039,PIMALCO GAS,Natural Gas,INTRASTATE,ARIZONA,0,0,0.023,0,0.023,0,0,0,0,0,0,0,0,0,0,0,0,0,0,0,0,0,0,0,0,0,0,0,0,0,0,0,0,0,0,0,0,0,0,0,0,0,0,0,0,0,0,0.417,0,0.417,0,0,0.44,0,0.44,0,0,0,0,0,0,0,0,0.44,0,0.44
9/1/2026,2021,20220097,39927,32042,FUTAMURA,Natural Gas,INTRASTATE,KANSAS,0.5,0,0,0,0.5,0,0,0,0,0,0,0,0,0,0,0,0,0,0,0,0,0,0,0,0,0,0,0,0,0,0,0,0,0,0,0,0,0,0,0,0,0,0,0,0,0,0,0,0,0,0.5,0,0,0,0.5,0,0,0,0,0,0,0.5,0,0,0,0.5
9/1/2026,2021,20220836,40696,32043,"NORTH COAST GAS TRANSMISSION, LLC",Natural Gas,INTRASTATE,OHIO,34.285,10.146,8.871,0,53.302,66.215,7.565,7.409,0,81.189,31.21,14.901,30.937,0,77.048,28.037,13.59,8.24,0,49.867,0,0,0,0,0,0,0,0,0,0,0,0,0,0,0,0,0,0,0,0,0,0,0,0,0,0,0,0,0,0,159.747,46.202,55.457,0,261.406,0,0,0,0,0,0,159.747,46.202,55.457,0,261.406
9/1/2026,2021,20221227,41366,32046,ETHANOL 2000 LLP (NORTHWEST GAS CONTRACTED),Natural Gas,INTRASTATE,MINNESOTA,1,0,0,0,1,0,0,0,0,0,0,0,0,0,0,0,0,0,0,0,0,0,0,0,0,0,0,0,0,0,0,0,0,0,0,0,0,0,0,0,0,0,0,0,0,0,0,0,0,0,1,0,0,0,1,0,0,0,0,0,0,1,0,0,0,1
9/1/2026,2021,20221197,41071,32054,SILICON VALLEY POWER,Natural Gas,INTRASTATE,CALIFORNIA,0,0,0.01,0,0.01,0,0,0,0,0,0,0,0.24,0,0.24,0,0,2.16,0,2.16,0,0,0,0,0,0,0,0,0,0,0,0,0,0,0,0,0,0,0,0,0,0,0,0,0,0,0,0,0,0,0,0,2.41,0,2.41,0,0,0,0,0,0,0,0,2.41,0,2.41
9/1/2026,2021,20220006,39828,32067,"TORO ENERGY OF MARYLAND, LLC",Landfill Gas,INTRASTATE,MARYLAND,2,2,1.2,0,5.2,0,0,0,0,0,0,0,0,0,0,0,0,0,0,0,0,0,0,0,0,0,0,0,0,0,0,0,0,0,0,0,0,0,0,0,0,0,0,0,0,0,0,0,0,0,2,2,1.2,0,5.2,,,,,,,2,2,1.2,0,5.2
9/1/2026,2021,20220794,40654,32068,"WMRE OF MICHIGAN, LLC",Landfill Gas,INTRASTATE,MICHIGAN,0,0,0,0,0,0,0,0,0,0,0,0,0,0,0,0,0,0,0,0,0,0,0,0,0,0,0,0,0,0,0,0,0,0,0,0,0,0,0,0,0,0,0,0,0,0,0.29,1.36,0,1.65,0,0.29,1.36,0,1.65,0,0,0,0,0,0,0,0.29,1.36,0,1.65
9/1/2026,2021,20220848,40708,32070,"WMRE OF OHIO, LLC",Landfill Gas,INTRASTATE,OHIO,0,0,0,0,0,0,0,0,0,0,0,0,0,0,0,0,0,0,0,0,0,0,0,0,0,0,0,0,0,0,0,0,0,0,0,0,0,0,0,0,0,0,0,0,0,1.63,0,1.12,0,2.75,1.63,0,1.12,0,2.75,0,0,0,0,0,0,1.63,0,1.12,0,2.75
9/1/2026,2021,20220825,41258,32071,"WMRE OF OHIO-AMERICAN, LLC",Natural Gas,INTRASTATE,OHIO,3.32,3.57,1.9,0,8.79,0.02,0,0,0,0.02,0,0,0,0,0,0,0,0,0,0,0,0,0,0,0,0,0,0,0,0,0,0,0,0,0,0,0,0,0,0,0,0,0,0,0,0,0,0,0,0,3.34,3.57,1.9,0,8.81,0,0,0,0,0,0,3.34,3.57,1.9,0,8.81
9/1/2026,2021,20220515,40361,32072,HUDSON VALLEY GAS CORPORATION,Natural Gas,INTRASTATE,NEW YORK,0,0,0,0,0,0,0,0,0,0,0,0,4.3,0,4.3,0,0,0,0,0,0,0,0,0,0,0,0,0,0,0,0,0,0,0,0,0,0,0,0,0,0,0,0,0,0,0,0,0,0,0,0,0,4.3,0,4.3,0,0,0,0,0,0,0,0,4.3,0,4.3
9/1/2026,2021,20220949,40813,32074,SUMMIT NATURAL GAS OF MISSOURI,Natural Gas,INTRASTATE,MISSOURI,0.44,0.29,2.07,1.7,4.5,54.79,37.44,6.24,3.1,101.57,71.23,53.07,15.75,0,140.05,34.26,30.06,7.67,0,71.99,0,0,0,0,0,0,0,0,0,0,0,0,0,0,0,0,0,0,0,0,0,0,0,0,0,0,0,0,0,0,160.72,120.86,31.73,4.8,318.11,0,0,0,0,0,0,160.72,120.86,31.73,4.8,318.11
9/1/2026,2021,20220095,39925,32081,NEBRASKA PUBLIC POWER DISTRICT,Natural Gas,INTRASTATE,NEBRASKA,0,0,0,0,0,0,0,0,0,0,2.84,0,0,0,2.84,0,0,0,0,0,0,0,0,0,0,0,0,0,0,0,0,0,0,0,0,0,0,0,0,0,0,0,0,0,0,0,0,0,0,0,2.84,0,0,0,2.84,0,0,0,0,0,0,2.84,0,0,0,2.84
9/1/2026,2021,20220349,40191,32093,EX EL PIPELINE SERVICES LLC,Natural Gas,INTRASTATE,CALIFORNIA,0,0,0.245,0,0.245,8.15,2.91,0.826,0,11.886,0,0,0,0,0,0,0,0,0,0,0,0,0,0,0,0,0,0,0,0,0,0,0,0,0,0,0,0,0,0,0,0,0,0,0,0,0,0,0,0,8.15,2.91,1.071,0,12.131,0,0,0,0,0,0,8.15,2.91,1.071,0,12.131
9/1/2026,2021,20221176,41050,32094,AUX SABLE LIQUID PRODUCTS,Natural Gas,INTRASTATE,ILLINOIS,0,0,0,0,0,0,0,0.387,0,0.387,0,0,15.825,0,15.825,0,0,29.517,0,29.517,0,0,0,0,0,0,0,0,0,0,0,0,0,0,0,0,0,0,0,0,0,0,0,0,0,0,0,0,0,0,0,0,45.729,0,45.729,0,0,0,0,0,0,0,0,45.729,0,45.729
9/1/2026,2021,20220567,40414,32099,ENERGY TRANSFER COMPANY,Natural Gas,INTRASTATE,LOUISIANA,11.24,0,0.53,0,11.77,6.2,0.14,2.05,0,8.39,24.4,3.61,1.87,0,29.88,137.96,24.46,15.64,0,178.06,103.84,9.27,0,0,113.11,356.31,13.07,0.56,0,369.94,4.6,0,0,0,4.6,0.06,0,0,0,0.06,3.45,0,0,0,3.45,0,0,0,0,0,648.06,50.55,20.65,0,719.26,0,0,0,0,0,0,648.06,50.55,20.65,0,719.26
9/1/2026,2021,20220567,40414,32099,ENERGY TRANSFER COMPANY,Natural Gas,INTRASTATE,NEW MEXICO,0,0,0,0,0,0,0,0,0,0,0.54,0,0,0,0.54,0,0,0,0,0,0,0,0,0,0,0,0,0,0,0,0,0,0,0,0,0,0,0,0,0,0,0,0,0,0,0,0,0,0,0,0.54,0,0,0,0.54,0,0,0,0,0,0,0.54,0,0,0,0.54
9/1/2026,2021,20220567,40414,32099,ENERGY TRANSFER COMPANY,Natural Gas,INTRASTATE,OHIO,0,0,0,0,0,0,0,0,0,0,0.01,0,0.37,0,0.38,7.9,1.18,1.28,0,10.36,15.6,1.05,0,0,16.65,38.07,0.94,0,0,39.01,0,0,0,0,0,0,0,0,0,0,0,0,0,0,0,0,0,0,0,0,61.58,3.17,1.65,0,66.4,0,0,0,0,0,0,61.58,3.17,1.65,0,66.4
9/1/2026,2021,20220567,40414,32099,ENERGY TRANSFER COMPANY,Natural Gas,INTRASTATE,OKLAHOMA,0,0,0,0,0,0,0,0,0,0,0,0,0,0,0,0.3,0,0,0,0.3,0.13,0,0,0,0.13,28.59,0,0,0,28.59,0,0,0,0,0,0,0,0,0,0,22.54,4.27,0,0,26.81,0,0,0,0,0,51.56,4.27,0,0,55.83,0,0,0,0,0,0,51.56,4.27,0,0,55.83
9/1/2026,2021,20220567,40414,32099,ENERGY TRANSFER COMPANY,Natural Gas,INTRASTATE,PENNSYLVANIA,0,0,0,0,0,0,0,0,0,0,1.85,6.17,0,0,8.02,10.1,0.13,0,0,10.23,57.33,8.26,0.47,0,66.06,37.05,0.01,0,0,37.06,0,0,0,0,0,0,0,0,0,0,0,0,0,0,0,0,0,0,0,0,106.33,14.57,0.47,0,121.37,0,0,0,0,0,0,106.33,14.57,0.47,0,121.37
9/1/2026,2021,20220567,40414,32099,ENERGY TRANSFER COMPANY,Natural Gas,INTRASTATE,TEXAS,318.13,69.19,52.85,0.07,440.24,194.98,50.35,57.17,1.1,303.6,387.71,44.37,187.68,0,619.76,709.6,122.3,241.59,0,1073.49,938.67,130.71,67.38,0,1136.76,2922.42,129.22,12.99,0,3064.63,56.19,6.39,0.37,0,62.95,0,0,0,0,0,26.76,0.19,0,0,26.95,0,0,0,0,0,5554.46,552.72,620.03,1.17,6728.38,0,0,0,0,0,0,5554.46,552.72,620.03,1.17,6728.38
9/1/2026,2021,20220514,40360,32105,"MIRANT BOWLINE, LLC",Natural Gas,INTRASTATE,NEW YORK,0,0,0,0,0,0,0,1.3,0,1.3,0,0,0,0,0,0,0,0,0,0,0,0,0,0,0,0,0,0,0,0,0,0,0,0,0,0,0,0,0,0,0,0,0,0,0,0,0,0,0,0,0,0,1.3,0,1.3,0,0,0,0,0,0,0,0,1.3,0,1.3
9/1/2026,2021,20221287,41169,32106,CENTURY ALUMINUM,Natural Gas,INTRASTATE,KENTUCKY,16,0,0,0,16,0,0,0,0,0,0,0,0,0,0,0,0,0,0,0,0,0,0,0,0,0,0,0,0,0,0,0,0,0,0,0,0,0,0,0,0,0,0,0,0,0,0,0,0,0,16,0,0,0,16,0,0,0,0,0,0,16,0,0,0,16
9/1/2026,2021,20220256,40095,32109,"ONEOK NGL PIPELINE, LLC",Natural Gas,INTRASTATE,KANSAS,0,0,0,0,0,0,0,0,0,0,1.53,0.54,0,0,2.07,0,0,0,0,0,0,0,0,0,0,0,0,0,0,0,0,0,0,0,0,0,0,0,0,0,0,0,0,0,0,0,0,0,0,0,1.53,0.54,0,0,2.07,0,0,0,0,0,0,1.53,0.54,0,0,2.07
9/1/2026,2021,20220256,40095,32109,"ONEOK NGL PIPELINE, LLC",Natural Gas,INTRASTATE,TEXAS,0,0,0,0,0,0,0,0,0,0,0.78,0.36,0.27,0,1.41,0,0,0,0,0,0,0,0,0,0,0,0,0,0,0,0,0,0,0,0,0,0,0,0,0,0,0,0,0,0,0,0,0,0,0,0.78,0.36,0.27,0,1.41,0,0,0,0,0,0,0.78,0.36,0.27,0,1.41
9/1/2026,2021,20220321,40161,32110,"HERMISTON OPERATIONS COMPANY, LLC",Natural Gas,INTRASTATE,OREGON,0.04,0,0,0,0.04,0.06,0,0,0,0.06,0,0,0,0,0,0,0,0,0,0,0,0,0,0,0,0,0,0,0,0,0,0,0,0,0,0,0,0,0,0,0,0,0,0,0,0,0,0,0,0,0.1,0,0,0,0.1,0,0,0,0,0,0,0.1,0,0,0,0.1
9/1/2026,2021,20221183,41290,32116,DICK BROWN TECHNICAL SERVICES,Natural Gas,INTRASTATE,CALIFORNIA,0,0,0,0,0,0,0,0,0,0,5.21,0,0.63,0,5.84,0,0,0,0,0,3.88,0,0,0,3.88,0,0,0,0,0,0,0,0,0,0,0,0,0,0,0,0,0,0,0,0,0,0,0,0,0,9.09,0,0.63,0,9.72,0,0,0,0,0,0,9.09,0,0.63,0,9.72
9/1/2026,2021,20220650,41337,32124,"BARNETT GATHERING, LLC",Natural Gas,INTRASTATE,TEXAS,0,0,0,0,0,2.6,0.26,9.2,0,12.06,0,0.1,0,0,0.1,0,0,0,0,0,0,0,0,0,0,0,0,0,0,0,0,0,0,0,0,0,0,0,0,0,0,0,0,0,0,0,0,0,0,0,2.6,0.36,9.2,0,12.16,0,0,0,0,0,0,2.6,0.36,9.2,0,12.16
9/1/2026,2021,20220970,40835,32132,MISSION VALLEY PIPELINE,Natural Gas,INTRASTATE,TEXAS,0,0,0,0,0,0,0,0,0,0,0,0,0,0,0,0,0,0,0,0,0.578,0,0,0,0.578,0,0,0,0,0,0,0,0,0,0,0,0,0,0,0,0,0,0,0,0,0,0,0,0,0,0.578,0,0,0,0.578,0,0,0,0,0,0,0.578,0,0,0,0.578
9/1/2026,2021,20220951,41073,32134,PATRIOTS ENERGY GROUP,Natural Gas,INTRASTATE,SOUTH CAROLINA,2.19,0.02,0,0,2.21,5.73,2.84,0,0,8.57,1.5,3.08,0,0,4.58,41.65,11.97,0.26,0,53.88,0,0,0,0,0,0,0,0,0,0,0,0,0,0,0,0,0,0,0,0,0,0,0,0,0,0,0,0,0,0,51.07,17.91,0.26,0,69.24,0,0,0,0,0,0,51.07,17.91,0.26,0,69.24
9/1/2026,2021,20220458,40304,32144,COOS COUNTY PIPELINE,Natural Gas,INTRASTATE,OREGON,0,0,0,0,0,6.5,10.2,0.4,0,17.1,45.6,10.9,3.3,0,59.8,0,0,0,0,0,0,0,0,0,0,0,0,0,0,0,0,0,0,0,0,0,0,0,0,0,0,0,0,0,0,0,0,0,0,0,52.1,21.1,3.7,0,76.9,0,0,0,0,0,0,52.1,21.1,3.7,0,76.9
9/1/2026,2021,20220011,39833,32145,BASIN ELECTRIC POWER COOPERATIVE,Natural Gas,INTRASTATE,SOUTH DAKOTA,0,0,0,0,0,0,0,0,0,0,0,0,0,0,0,11.6,0,0,0,11.6,13,0,0,0,13,0,0,0,0,0,0,0,0,0,0,0,0,0,0,0,0,0,0,0,0,0,0,0,0,0,24.6,0,0,0,24.6,0,0,0,0,0,0,24.6,0,0,0,24.6
9/1/2026,2021,20220485,41261,32147,MARATHON PIPE LINE LLC,Natural Gas,INTRASTATE,CALIFORNIA,0,0,0,0,0,0,0,13.3,5.5,18.8,0,0,0,0,0,0,0,0,0,0,0,0,0,0,0,0,0,0,0,0,0,0,0,0,0,0,0,0,0,0,0,0,0,0,0,0,0,0,0,0,0,0,13.3,5.5,18.8,0,0,0,0,0,0,0,0,13.3,5.5,18.8
9/1/2026,2021,20220408,40254,32147,MARATHON PIPE LINE LLC,Other Gas-Off Gas,INTRASTATE,KENTUCKY,0.01,0,0,0,0.01,0,0,0,0,0,0,0,0,0,0,0,0,0,0,0,0,0,0,0,0,0,0,0,0,0,0,0,0,0,0,0,0,0,0,0,0,0,0,0,0,0,0,0,0,0,0.01,0,0,0,0.01,0,0,0,0,0,0,0.01,0,0,0,0.01
9/1/2026,2021,20220408,40254,32147,MARATHON PIPE LINE LLC,Other Gas-Off Gas,INTRASTATE,WEST VIRGINIA,0.08,0,0,0,0.08,0,0,0,0,0,0,0,0,0,0,0,0,0,0,0,0,0,0,0,0,0,0,0,0,0,0,0,0,0,0,0,0,0,0,0,0,0,0,0,0,0,0,0,0,0,0.08,0,0,0,0.08,0,0,0,0,0,0,0.08,0,0,0,0.08
9/1/2026,2021,20220409,40255,32147,MARATHON PIPE LINE LLC,Propane Gas,INTRASTATE,KENTUCKY,0.01,0,0,0,0.01,0,0,0,0,0,0,0,0,0,0,0,0,0,0,0,0,0,0,0,0,0,0,0,0,0,0,0,0,0,0,0,0,0,0,0,0,0,0,0,0,0,0,0,0,0,0.01,0,0,0,0.01,0,0,0,0,0,0,0.01,0,0,0,0.01
9/1/2026,2021,20220409,40255,32147,MARATHON PIPE LINE LLC,Propane Gas,INTRASTATE,WEST VIRGINIA,0.08,0,0,0,0.08,0,0,0,0,0,0,0,0,0,0,0,0,0,0,0,0,0,0,0,0,0,0,0,0,0,0,0,0,0,0,0,0,0,0,0,0,0,0,0,0,0,0,0,0,0,0.08,0,0,0,0.08,0,0,0,0,0,0,0.08,0,0,0,0.08
9/1/2026,2021,20221275,41154,32163,ROCKIES EXPRESS PIPELINE LLC,Natural Gas,INTERSTATE,COLORADO,0,0,0,0,0,0.008,0,0,0,0.008,0,0,0,0,0,1.166,0,0,0,1.166,3.651,0,0,0,3.651,133.238,0,0,0,133.238,73.227,0,0,0,73.227,0,0,0,0,0,0,0,0,0,0,0,0,0,0,0,211.29,0,0,0,211.29,0,0,0,0,0,0,211.29,0,0,0,211.29
9/1/2026,2021,20221275,41154,32163,ROCKIES EXPRESS PIPELINE LLC,Natural Gas,INTERSTATE,ILLINOIS,0,0,0,0,0,0,0,0,0,0,0.02,0,0,0,0.02,5.478,0.526,0,0,6.004,5.409,0.307,0,0,5.716,0,0,0,0,0,183.03,1.014,0,0,184.044,0,0,0,0,0,0,0,0,0,0,0,0,0,0,0,193.937,1.847,0,0,195.784,0,0,0,0,0,0,193.937,1.847,0,0,195.784
9/1/2026,2021,20221275,41154,32163,ROCKIES EXPRESS PIPELINE LLC,Natural Gas,INTERSTATE,INDIANA,0,0,0,0,0,0,0,0,0,0,0.228,0,0,0,0.228,4.183,0.793,0.201,0,5.177,8.992,8.196,0,0,17.188,0,0,0,0,0,144.585,0.322,0,0,144.907,0,0,0,0,0,0,0,0,0,0,0,0,0,0,0,157.988,9.311,0.201,0,167.5,0,0,0,0,0,0,157.988,9.311,0.201,0,167.5
9/1/2026,2021,20221275,41154,32163,ROCKIES EXPRESS PIPELINE LLC,Natural Gas,INTERSTATE,KANSAS,0,0,0,0,0,0,0,0,0,0,0,0,0,0,0,0.333,0,0,0,0.333,2.25,0,0,0,2.25,0.015,0,0,0,0.015,93.646,0,0,0,93.646,0,0,0,0,0,0,0,0,0,0,0,0,0,0,0,96.244,0,0,0,96.244,0,0,0,0,0,0,96.244,0,0,0,96.244
9/1/2026,2021,20221275,41154,32163,ROCKIES EXPRESS PIPELINE LLC,Natural Gas,INTERSTATE,MISSOURI,0,0,0,0,0,0,0,0,0,0,0.211,0,0,0,0.211,3.343,0.306,0.281,0,3.93,6.441,5.553,0,0,11.994,0.045,0,0,0,0.045,203.181,0.165,0,0,203.346,0,0,0,0,0,0,0,0,0,0,0,0,0,0,0,213.221,6.024,0.281,0,219.526,0,0,0,0,0,0,213.221,6.024,0.281,0,219.526
9/1/2026,2021,20221275,41154,32163,ROCKIES EXPRESS PIPELINE LLC,Natural Gas,INTERSTATE,NEBRASKA,0,0,0,0,0,0,0,0,0,0,0.138,0,0,0,0.138,1.986,0,0,0,1.986,6.146,0,0,0,6.146,26.842,0,0,0,26.842,285.569,0,0,0,285.569,0,0,0,0,0,0,0,0,0,0,0,0,0,0,0,320.681,0,0,0,320.681,0,0,0,0,0,0,320.681,0,0,0,320.681
9/1/2026,2021,20221275,41154,32163,ROCKIES EXPRESS PIPELINE LLC,Natural Gas,INTERSTATE,OHIO,0.028,0.45,0,0,0.478,0.676,0.903,0,0,1.579,0.087,0,0,0,0.087,9.135,2.52,3.641,0,15.296,24.502,24.895,0.283,0,49.68,13.552,0,0,0,13.552,172.486,2.014,0,0,174.5,0,0,0,0,0,0,0,0,0,0,0,0,0,0,0,220.466,30.782,3.924,0,255.172,0,0,0,0,0,0,220.466,30.782,3.924,0,255.172
9/1/2026,2021,20221275,41154,32163,ROCKIES EXPRESS PIPELINE LLC,Natural Gas,INTERSTATE,WYOMING,0,0,0,0,0,0,0,0,0,0,0,0,0,0,0,2.186,0,0.285,0,2.471,6.875,0,0,0,6.875,235.285,0,0,0,235.285,3.139,0,0,0,3.139,0,0,0,0,0,0,0,0,0,0,0,0,0,0,0,247.485,0,0.285,0,247.77,0,0,0,0,0,0,247.485,0,0.285,0,247.77
9/1/2026,2021,20221099,48502,32164,MARSHALL MUNICIPAL UTILITIES,Natural Gas,INTRASTATE,MISSOURI,0,0,0,0,0,0,0,0,0,0,19.7,2,0.8,0,22.5,0,0,0,0,0,0,0,0,0,0,0,0,0,0,0,0,0,0,0,0,0,0,0,0,0,0,0,0,0,0,0,0,0,0,0,19.7,2,0.8,0,22.5,0,0,0,0,0,0,19.7,2,0.8,0,22.5
9/1/2026,2021,20220810,40670,32172,GERDAU MACSTEEL,Natural Gas,INTRASTATE,ARKANSAS,0,0,0,0,0,0,0,0,0,0,0,0,0,0,0,1.8,0,1.2,0,3,0,0,0,0,0,0,0,0,0,0,0,0,0,0,0,0,0,0,0,0,0,0,0,0,0,0,0,0,0,0,1.8,0,1.2,0,3,0,0,0,0,0,0,1.8,0,1.2,0,3
9/1/2026,2021,20221048,40916,32176,CARDINAL FG,Natural Gas,INTRASTATE,WASHINGTON,0,0,0,0,0,2.89,0,0,0,2.89,0,0,0,0,0,0,0,0,0,0,0,0,0,0,0,0,0,0,0,0,0,0,0,0,0,0,0,0,0,0,0,0,0,0,0,0,0,0,0,0,2.89,0,0,0,2.89,0,0,0,0,0,0,2.89,0,0,0,2.89
9/1/2026,2021,20221234,41111,32178,CALIFORNIA RESOURCES CENTRAL VALLEY,Natural Gas,INTRASTATE,CALIFORNIA,0,0,0,0,0,0,0,0,0,0,0,0,0,0,0,14.21,4.89,16.04,0,35.14,0,0,0,0,0,0,0,0,0,0,0,0,0,0,0,0,0,0,0,0,0,0,0,0,0,0,0,0,0,0,14.21,4.89,16.04,0,35.14,0,0,0,0,0,0,14.21,4.89,16.04,0,35.14
9/1/2026,2021,20220020,39842,32183,"MOAB PIPELINE, LLC",Natural Gas,INTRASTATE,UTAH,4.261,0,0,0,4.261,0,0,0,0,0,0,0,0,0,0,0,0,0,0,0,0,0,0,0,0,0,0,0,0,0,0,0,0,0,0,0,0,0,0,0,0,0,0,0,0,0,0,0,0,0,4.261,0,0,0,4.261,0,0,0,0,0,0,4.261,0,0,0,4.261
9/1/2026,2021,20220070,39897,32190,CARDINAL FG-GREENLAND PLANT,Natural Gas,INTRASTATE,TENNESSEE,0.22,0,0,0,0.22,0,0,0,0,0,0,0,0,0,0,0,0,0,0,0,0,0,0,0,0,0,0,0,0,0,0,0,0,0,0,0,0,0,0,0,0,0,0,0,0,0,0,0,0,0,0.22,0,0,0,0.22,0,0,0,0,0,0,0.22,0,0,0,0.22
9/1/2026,2021,20220009,39831,32197,"AKA ENERGY GROUP, LLC",Natural Gas,INTRASTATE,COLORADO,0,0,0,0,0,0.53,0,0,0,0.53,4.37,0,0,0,4.37,0.21,0,0,0,0.21,0,0,0,0,0,0,0,0,0,0,0,0,0,0,0,0,0,0,0,0,0,0,0,0,0,0,0,0,0,0,5.11,0,0,0,5.11,0,0,0,0,0,0,5.11,0,0,0,5.11
9/1/2026,2021,20221190,41064,32198,MINNESOTA ENERGY RESOURCES CORPORATION,Natural Gas,INTRASTATE,MINNESOTA,1.4,0,0,0,1.4,0,0,0,0,0,0.95,0,0,0,0.95,0,0,0,0,0,0,0,0,0,0,0,0,0,0,0,0,0,0,0,0,0,0,0,0,0,0,0,0,0,0,0,0,0,0,0,2.35,0,0,0,2.35,0,0,0,0,0,0,2.35,0,0,0,2.35
9/1/2026,2021,20220101,39932,32206,"FREEPORT LNG DEVELOPMENT, L.P.",Natural Gas,INTERSTATE,TEXAS,0,0,0,0,0,0,0,0,0,0,0,0,0,0,0,7.37,1.41,2.51,0,11.29,0,0,0,0,0,0,0,0,0,0,0,0,0,0,0,0,0,0,0,0,0,0,0,0,0,0,0,0,0,0,7.37,1.41,2.51,0,11.29,0,0,0,0,0,0,7.37,1.41,2.51,0,11.29
9/1/2026,2021,20220101,39932,32206,"FREEPORT LNG DEVELOPMENT, L.P.",Natural Gas,INTRASTATE,TEXAS,0,0,0,0,0,0,0,0,0,0,0,0,0,0,0,2.61,2.29,1.61,0,6.51,0,0,0,0,0,0,0,0,0,0,0,0,0,0,0,0,0,0,0,0,0,0,0,0,0,0,0,0,0,0,2.61,2.29,1.61,0,6.51,0,0,0,0,0,0,2.61,2.29,1.61,0,6.51
9/1/2026,2021,20220811,40671,32210,"DYNEGY KENDALL ENERGY, LLC",Natural Gas,INTRASTATE,ILLINOIS,0,0,0,0,0,0,0,0,0,0,0,0,0,0,0,1.37,0,0,0,1.37,0,0,0,0,0,0,0,0,0,0,0,0,0,0,0,0,0,0,0,0,0,0,0,0,0,0,0,0,0,0,1.37,0,0,0,1.37,0,0,0,0,0,0,1.37,0,0,0,1.37
9/1/2026,2021,20220971,40836,32212,VALERO REFINING COMPANY-OKLAHOMA,Natural Gas,INTRASTATE,OKLAHOMA,0,0,0,0,0,0,0,0,0,0,7.61,0.59,2.37,0,10.57,0,0,0,0,0,0,0,0,0,0,0,0,0,0,0,0,0,0,0,0,0,0,0,0,0,0,0,0,0,0,0,0,0,0,0,7.61,0.59,2.37,0,10.57,0,0,0,0,0,0,7.61,0.59,2.37,0,10.57
9/1/2026,2021,20220060,39885,32217,ELWOOD ENERGY LLC,Natural Gas,INTRASTATE,ILLINOIS,0,0,0,0,0,1.315,0,0,0,1.315,0,0,0,0,0,0,0,0,0,0,1.661,0,0.65,0,2.311,0,0,0,0,0,0,0,0,0,0,0,0,0,0,0,0,0,0,0,0,0,0,0,0,0,2.976,0,0.65,0,3.626,0,0,0,0,0,0,2.976,0,0.65,0,3.626
9/1/2026,2021,20220932,40795,32220,GOLDEN PASS LNG TERMINAL LLC,Natural Gas,INTERSTATE,LOUISIANA,0,0,0,0,0,0,0,0,0,0,0,0,0,0,0,0,0,0,0,0,0,0,0,0,0,10.9,0.5,0,0,11.4,0,0,0,0,0,0,0,0,0,0,0,0,0,0,0,0,0,0,0,0,10.9,0.5,0,0,11.4,,,,,,,10.9,0.5,0,0,11.4
9/1/2026,2021,20220932,40795,32220,GOLDEN PASS LNG TERMINAL LLC,Natural Gas,INTERSTATE,TEXAS,0,0,0,0,0,0,0,0,0,0,0,0,0,0,0,0,0,0,0,0,0,2.6,1.9,0,4.5,53,0.8,0,0,53.8,0,0,0,0,0,0,0,0,0,0,0,0,0,0,0,0,0,0,0,0,53,3.4,1.9,0,58.3,0,0,0,0,0,0,53,3.4,1.9,0,58.3
9/1/2026,2021,20220407,40252,32222,"TYSON FOODS, INC.",Landfill Gas,INTRASTATE,NEBRASKA,0.1,0,0,0,0.1,0,0,0,0,0,0,0,0,0,0,0,0,0,0,0,0,0,0,0,0,0,0,0,0,0,0,0,0,0,0,0,0,0,0,0,0,0,0,0,0,2.44,0,0,0,2.44,2.54,0,0,0,2.54,0,0,0,0,0,0,2.54,0,0,0,2.54
9/1/2026,2021,20221038,40905,32231,"MONUMENT PIPELINE, LP",Natural Gas,INTRASTATE,TEXAS,0.14,0.051,1.042,0,1.233,5.233,0.905,9.211,0,15.349,4.875,3,24.988,0,32.863,8.776,0.346,25.428,0,34.55,2.863,1.432,1.244,0,5.539,0.134,1.339,0.229,0,1.702,0,0,0,0,0,0,0,0,0,0,0,0,0,0,0,0,0,0,0,0,22.021,7.073,62.142,0,91.236,0,0,0,0,0,0,22.021,7.073,62.142,0,91.236
9/1/2026,2021,20220447,40293,32237,"STERLING ETHANOL, LLC",Natural Gas,INTRASTATE,COLORADO,0,0,0,0,0,0,0,0,0,0,0,0,0,0,0,0,0,0,0,0,0,0,0,0,0,0,0,0,0,0,0,0,0,0,0,0,0,0,0,0,5.66,0,0,0,5.66,0,0,0,0,0,5.66,0,0,0,5.66,0,0,0,0,0,0,5.66,0,0,0,5.66
9/1/2026,2021,20220365,40207,32238,"LAMB WESTON, INC.",Natural Gas,INTRASTATE,OREGON,0,0,0.05,0,0.05,0,0,0,0,0,0,0,0,0,0,0,0,0,0,0,0,0,0,0,0,0,0,0,0,0,0,0,0,0,0,0,0,0,0,0,0,0,0,0,0,0,0,0.2,0,0.2,0,0,0.25,0,0.25,0,0,0,0,0,0,0,0,0.25,0,0.25
9/1/2026,2021,20220813,40673,32239,"TUCKER ENERGY SOLUTIONS, LLC",Natural Gas,INTRASTATE,LOUISIANA,0,0,0,0,0,0,0,0,0,0,0,0,0,0,0,0,0,0.9,0,0.9,0,0,0,0,0,0,0,0,0,0,0,0,0,0,0,0,0,0,0,0,0,0,0,0,0,0,0,0,0,0,0,0,0.9,0,0.9,0,0,0,0,0,0,0,0,0.9,0,0.9
9/1/2026,2021,20220813,40673,32239,"TUCKER ENERGY SOLUTIONS, LLC",Natural Gas,INTRASTATE,MISSISSIPPI,2.9,0,0,0,2.9,0,0,0,0,0,0,0,0,0,0,0,0.6,0.3,0,0.9,0,0,0,0,0,13.7,0,0,0,13.7,0,0,0,0,0,0,0,0,0,0,0,0,0,0,0,0,0,0,0,0,16.6,0.6,0.3,0,17.5,0,0,0,0,0,0,16.6,0.6,0.3,0,17.5
9/1/2026,2021,20220813,40673,32239,"TUCKER ENERGY SOLUTIONS, LLC",Natural Gas,INTRASTATE,NEBRASKA,0,0,0,0,0,10,0,0,0,10,0,0,0,0,0,0,0,0,0,0,0,0,0,0,0,0,0,0,0,0,0,0,0,0,0,0,0,0,0,0,0,0,0,0,0,0,0,0,0,0,10,0,0,0,10,0,0,0,0,0,0,10,0,0,0,10
9/1/2026,2021,20220813,40673,32239,"TUCKER ENERGY SOLUTIONS, LLC",Natural Gas,INTRASTATE,PENNSYLVANIA,0,0,0,0,0,0,0,0,0,0,4.7,0,0,0,4.7,0,0,0,0,0,0,0,0,0,0,0,0,0,0,0,0,0,0,0,0,0,0,0,0,0,0,0,0,0,0,0,0,0,0,0,4.7,0,0,0,4.7,0,0,0,0,0,0,4.7,0,0,0,4.7
9/1/2026,2021,20220813,40673,32239,"TUCKER ENERGY SOLUTIONS, LLC",Natural Gas,INTRASTATE,TEXAS,1,0,1,0,2,6,0,0,0,6,11,0,1.96,0,12.96,0,0,0.31,0,0.31,26.59,8,0,0,34.59,26,0,0,0,26,0,0,0,0,0,0,0,0,0,0,0,0,0,0,0,0,0,0,0,0,70.59,8,3.27,0,81.86,0,0,0,0,0,0,70.59,8,3.27,0,81.86
9/1/2026,2021,20221063,40931,32243,"LA STORAGE, LLC",Natural Gas,INTERSTATE,LOUISIANA,0,0,0,0,0,0,0,0,0,0,0,0.09,0,0,0.09,0.12,1.42,0,0,1.54,3.99,0.11,0,0,4.1,17.52,0,0,0,17.52,0,0,0,0,0,0,0,0,0,0,0,0,0,0,0,0,0,0,0,0,21.63,1.62,0,0,23.25,0,0,0,0,0,0,21.63,1.62,0,0,23.25
9/1/2026,2021,20221300,41184,32248,"FRONTIER FIELD SERVICES, LLC",Natural Gas,INTRASTATE,NEW MEXICO,0,0,0,0,0,0,0,0,0,0,2.2,0,0,0,2.2,1.9,0,0,0,1.9,2.05,0,0,0,2.05,2.25,0,0,0,2.25,0,0,0,0,0,0,0,0,0,0,0,0,0,0,0,0,0,0,0,0,8.4,0,0,0,8.4,0,0,0,0,0,0,8.4,0,0,0,8.4
9/1/2026,2021,20220741,40598,32249,"BLUEWATER GAS STORAGE, LLC",Natural Gas,INTERSTATE,MICHIGAN,0,0,0,0,0,0,0,0,0,0,0.37,0,2.6,0,2.97,4.91,5.64,2.4,0,12.95,10.79,7.1,3.72,0,21.61,0,0,0,0,0,0,0,0,0,0,0,0,0,0,0,0,0,0,0,0,0,0,0,0,0,16.07,12.74,8.72,0,37.53,0,0,0,0,0,0,16.07,12.74,8.72,0,37.53
9/1/2026,2021,20220474,40320,32253,"TESORO REFINING & MARKETING COMPANY, LLC",Natural Gas,INTRASTATE,CALIFORNIA,0.5,0,0,0,0.5,0,0,0,0,0,0,0,0,0,0,0,0,0,0,0,0,0,0,0,0,0,0,0,0,0,0,0,0,0,0,0,0,0,0,0,0,0,0,0,0,0,0,0,0,0,0.5,0,0,0,0.5,0,0,0,0,0,0,0.5,0,0,0,0.5
9/1/2026,2021,20220775,41280,32257,MERIDIAN BRICK,Natural Gas,INTRASTATE,INDIANA,1,0,0,0,1,0,0,0,0,0,0,0,0,0,0,0,0,0,0,0,0,0,0,0,0,0,0,0,0,0,0,0,0,0,0,0,0,0,0,0,0,0,0,0,0,0,0,0,0,0,1,0,0,0,1,0,0,0,0,0,0,1,0,0,0,1
9/1/2026,2021,20220775,41280,32257,MERIDIAN BRICK,Natural Gas,INTRASTATE,OKLAHOMA,0,0,0,0,0,0,0,0,0,0,0,0,0,0,0,0,0,0,0,0,0,0,0,0,0,0,0,0,0,0,0,0,0,0,0,0,0,0,0,0,0,0,0,0,0,2,0,0,0,2,2,0,0,0,2,0,0,0,0,0,0,2,0,0,0,2
9/1/2026,2021,20220056,39911,32259,OWENS-ILLINOIS,Natural Gas,INTRASTATE,INDIANA,0,0,0.72,0,0.72,0,0,0,0,0,0,0,0,0,0,0,0,0,0,0,0,0,0,0,0,0,0,0,0,0,0,0,0,0,0,0,0,0,0,0,0,0,0,0,0,0,0,0,0,0,0,0,0.72,0,0.72,0,0,0,0,0,0,0,0,0.72,0,0.72
9/1/2026,2021,20220233,40070,32261,"APC , INC",Natural Gas,INTRASTATE,KANSAS,2.2,0,0,0,2.2,0,0,0,0,0,0,0,0,0,0,0,0,0,0,0,0,0,0,0,0,0,0,0,0,0,0,0,0,0,0,0,0,0,0,0,0,0,0,0,0,0,0,0,0,0,2.2,0,0,0,2.2,0,0,0,0,0,0,2.2,0,0,0,2.2
9/1/2026,2021,20221172,41046,32262,PINE PRAIRIE ENERGY CENTER LLC,Natural Gas,INTERSTATE,LOUISIANA,0,0,0,0,0,0,0,0,0,0,0.06,0,0,0,0.06,0.51,0,0,0,0.51,10.94,0,0,0,10.94,83.05,0.61,0,0,83.66,0,1.67,0,0,1.67,0,0,0,0,0,0,0,0,0,0,0,0,0,0,0,94.56,2.28,0,0,96.84,0,0,0,0,0,0,94.56,2.28,0,0,96.84
9/1/2026,2021,20220468,40314,32264,"CHENIERE CREOLE TRAIL PIPELINE, L.P.",Natural Gas,INTERSTATE,LOUISIANA,0,0,0,0,0,0.02,0,0,0,0.02,0.1,0,0,0,0.1,7.25,1.42,1.32,0,9.99,17.08,4.87,0.83,0,22.78,62.81,0,0,0,62.81,0,0,0,0,0,0,0,0,0,0,0,0,0,0,0,0,0,0,0,0,87.26,6.29,2.15,0,95.7,0,0,0,0,0,0,87.26,6.29,2.15,0,95.7
9/1/2026,2021,20221098,40967,32265,"DOGWOOD ENERGY, LLC",Natural Gas,INTRASTATE,MISSOURI,0,0,0,0,0,0,0,0,0,0,0,0,0,0,0,0,0,0,0,0,7.47,0,0,0,7.47,0,0,0,0,0,0,0,0,0,0,0,0,0,0,0,0,0,0,0,0,0,0,0,0,0,7.47,0,0,0,7.47,0,0,0,0,0,0,7.47,0,0,0,7.47
9/1/2026,2021,20221220,41097,32279,"VINTON PIPELINE, LLC",Natural Gas,INTRASTATE,TEXAS,0,0,0,0,0,0,0,0,0,0,0,0,0,0,0,0,0,0,0,0,0,0,0,0,0,0,0,0,0,0,0,0,0,0,0,0,0,0,0,0,3.54,0,0.43,0,3.97,1.13,0,0,0,1.13,4.67,0,0.43,0,5.1,0,0,0,0,0,0,4.67,0,0.43,0,5.1
9/1/2026,2021,20220037,39860,32280,LINCOLN GENERATING FACILITY LLC,Natural Gas,INTRASTATE,ILLINOIS,0,0,0,0,0,0,0,0,0,0,0,0,0,0,0,0,0,0,0,0,4.9,0,0,0,4.9,0,0,0,0,0,0,0,0,0,0,0,0,0,0,0,0,0,0,0,0,0,0,0,0,0,4.9,0,0,0,4.9,0,0,0,0,0,0,4.9,0,0,0,4.9
9/1/2026,2021,20220183,40017,32282,JO-CARROLL ENERGY,Natural Gas,INTRASTATE,ILLINOIS,0,0,0,0,0,25,0,0,0,25,0,0,0,0,0,0,0,0,0,0,0,0,0,0,0,0,0,0,0,0,0,0,0,0,0,0,0,0,0,0,0,0,0,0,0,0,0,0,0,0,25,0,0,0,25,0,0,0,0,0,0,25,0,0,0,25
9/1/2026,2021,20220780,40638,32285,"WORSHAM-STEED GAS STORAGE, LLC",Natural Gas,INTRASTATE,TEXAS,0,0,0,0,0,0,0,0,0,0,6,0,0,0,6,0,0,0,0,0,0,0,0,0,0,56.92,2.76,0.325,0,60.005,0,0,0,0,0,0,0,0,0,0,0,0,0,0,0,0,0,0,0,0,62.92,2.76,0.325,0,66.005,0,0,0,0,0,0,62.92,2.76,0.325,0,66.005
9/1/2026,2021,20220215,40051,32287,CITY OF GARDNER,Natural Gas,INTRASTATE,KANSAS,0.5,0,0.7,0,1.2,0,0,0,0,0,0,0,0,0,0,0,0,0,0,0,0,0,0,0,0,0,0,0,0,0,0,0,0,0,0,0,0,0,0,0,0,0,0,0,0,0,0,0,0,0,0.5,0,0.7,0,1.2,0,0,0,0,0,0,0.5,0,0.7,0,1.2
9/1/2026,2021,20220361,40203,32290,POET BIOREFINING - JEWELL,Natural Gas,INTRASTATE,IOWA,0,0,0,0,0,9.98,0,0,0,9.98,0,0,0,0,0,0,0,0,0,0,0,0,0,0,0,0,0,0,0,0,0,0,0,0,0,0,0,0,0,0,0,0,0,0,0,0,0,0,0,0,9.98,0,0,0,9.98,0,0,0,0,0,0,9.98,0,0,0,9.98
9/1/2026,2021,20220801,40661,32293,"COPANO FIELD SERVICES/NORTH TEXAS, LLC",Natural Gas,INTRASTATE,TEXAS,0.05,0,0,0,0.05,0,0,0,0,0,0,0,0,0,0,12.23,0,0,0,12.23,0,0,0,0,0,0,0,0,0,0,0,0,0,0,0,0,0,0,0,0,0,0,0,0,0,0,0,0,0,0,12.28,0,0,0,12.28,0,0,0,0,0,0,12.28,0,0,0,12.28
9/1/2026,2021,20220319,40158,32294,AG PROCESSING INC A COOPERATIVE,Natural Gas,INTRASTATE,IOWA,0,0,0,0,0,2.8,0,0,0,2.8,0,0,0,0,0,0,0,0,0,0,0,0,0,0,0,0,0,0,0,0,0,0,0,0,0,0,0,0,0,0,0,0,0,0,0,1.38,0,0,0,1.38,4.18,0,0,0,4.18,0,0,0,0,0,0,4.18,0,0,0,4.18
9/1/2026,2021,20221188,41062,32296,TARGA RESOURCES OPERATING LLC,Natural Gas,INTRASTATE,LOUISIANA,10.374,3.032,6.148,0,19.554,9.466,4.048,1.242,0,14.756,11.128,0.464,4.779,0,16.371,9.685,1.758,0.69,0,12.133,7.274,0,0,0,7.274,0.106,0.668,0,0,0.774,0,0,0,0,0,0,0,0,0,0,1.299,0,0,0,1.299,0,0,0,0,0,49.332,9.97,12.859,0,72.161,0,0,0,0,0,0,49.332,9.97,12.859,0,72.161
9/1/2026,2021,20221188,41062,32296,TARGA RESOURCES OPERATING LLC,Natural Gas,INTRASTATE,NEW MEXICO,0,0,0,0,0,0,0,0,0,0,0,0,0,0,0,0,0,0,0,0,2.9,1,0,0,3.9,0,0,0,0,0,0,0,0,0,0,0,0,0,0,0,0,0,0,0,0,4.3,0,0,0,4.3,7.2,1,0,0,8.2,0,0,0,0,0,0,7.2,1,0,0,8.2
9/1/2026,2021,20221188,41062,32296,TARGA RESOURCES OPERATING LLC,Natural Gas,INTRASTATE,TEXAS,0,0,0,0,0,0.01,0,0,0,0.01,22.292,0,0.128,0,22.42,16.22,2.06,0,0,18.28,13.55,0.06,0,0,13.61,40.47,0,0,0,40.47,0,0,0,0,0,0,0,0,0,0,0,0,0,0,0,0,0,0,0,0,92.542,2.12,0.128,0,94.79,0,0,0,0,0,0,92.542,2.12,0.128,0,94.79
9/1/2026,2021,20220042,40230,32300,"LITTLE SIOUX CORN PROCESSORS, LLLP",Natural Gas,INTRASTATE,IOWA,0.8,0,0,0,0.8,0,0,0,0,0,0,0,0,0,0,0,0,0,0,0,0,0,0,0,0,0,0,0,0,0,0,0,0,0,0,0,0,0,0,0,0,0,0,0,0,0,0,0,0,0,0.8,0,0,0,0.8,,,,,,,0.8,0,0,0,0.8
9/1/2026,2021,20220026,39848,32301,PIONEER AMERICAS LLC DOING BUSINESS AS OLIN CHLOR ALKALI PRODUCTS,Hydrogen Gas,INTRASTATE,LOUISIANA,5,1,0,0,6,0,0,0,0,0,0,0,0,0,0,0,0,0,0,0,0,0,0,0,0,0,0,0,0,0,0,0,0,0,0,0,0,0,0,0,0,0,0,0,0,0,0,0,0,0,5,1,0,0,6,0,0,0,0,0,0,5,1,0,0,6
9/1/2026,2021,20221189,41063,32304,CITY OF REDDING,Natural Gas,INTRASTATE,CALIFORNIA,0,0,0,0,0,0,0,0.02,0,0.02,0,0,2.88,0,2.88,0,0,0,0,0,0,0,0,0,0,0,0,0,0,0,0,0,0,0,0,0,0,0,0,0,0,0,0,0,0,0,0,0,0,0,0,0,2.9,0,2.9,0,0,0,0,0,0,0,0,2.9,0,2.9
9/1/2026,2021,20221140,46726,32308,NORTHERN CALIFORNIA POWER AGENCY,Natural Gas,INTRASTATE,CALIFORNIA,0,0,0.7,0,0.7,0,0,0,0,0,0,0,0,0,0,0,0,0,0,0,0,0,0,0,0,0,0,0,0,0,0,0,0,0,0,0,0,0,0,0,0,0,0,0,0,0,0,0,0,0,0,0,0.7,0,0.7,0,0,0,0,0,0,0,0,0.7,0,0.7
9/1/2026,2021,20220382,40224,32314,"WTG-HUGOTON, LP",Natural Gas,INTERSTATE,KANSAS,27.213,0,2.002,0,29.215,17.993,0.629,0,0,18.622,11.982,0,0,0,11.982,51.37,0,0,0,51.37,23.93,0,0,0,23.93,0,0,0,0,0,0,0,0,0,0,21.066,0,0,0,21.066,0,0,0,0,0,0,0,0,0,0,153.554,0.629,2.002,0,156.185,0,0,0,0,0,0,153.554,0.629,2.002,0,156.185
9/1/2026,2021,20221115,40984,32315,"GREATER MINNESOTA TRANSMISSION, LLC",Natural Gas,INTRASTATE,MINNESOTA,0,0,0,0,0,0,0,0,0,0,0,0,0,0,0,13,0,0,0,13,0,0,0,0,0,0,0,0,0,0,0,0,0,0,0,0,0,0,0,0,0,0,0,0,0,0,0,0,0,0,13,0,0,0,13,0,0,0,0,0,0,13,0,0,0,13
9/1/2026,2021,20220081,39909,32317,ACME BRICK,Natural Gas,INTRASTATE,ALABAMA,0,0,0,0,0,0,0,0,0,0,0,0,0,0,0,0,0,0,0,0,0,0,0,0,0,0,0,0,0,0,0,0,0,0,0,0,0,0,0,0,0,0,0,0,0,0,1.6,0,0,1.6,0,1.6,0,0,1.6,0,0,0,0,0,0,0,1.6,0,0,1.6
9/1/2026,2021,20220568,40415,32323,GULF STATES TRANSMISSION CORPORATION,Natural Gas,INTERSTATE,LOUISIANA,0,0,0,0,0,0,0,0,0,0,0,0,0,0,0,0.48,0,0,0,0.48,0,0,0,0,0,0,0,0,0,0,0,0,0,0,0,0,0,0,0,0,0,0,0,0,0,0,0,0,0,0,0.48,0,0,0,0.48,0,0,0,0,0,0,0.48,0,0,0,0.48
9/1/2026,2021,20220568,40415,32323,GULF STATES TRANSMISSION CORPORATION,Natural Gas,INTERSTATE,TEXAS,0,0,0,0,0,0,0,0,0,0,3.05,0.96,0,0,4.01,5.56,0,0,0,5.56,0,0,0,0,0,0,0,0,0,0,0,0,0,0,0,0,0,0,0,0,0,0,0,0,0,0,0,0,0,0,8.61,0.96,0,0,9.57,0,0,0,0,0,0,8.61,0.96,0,0,9.57
9/1/2026,2021,20220007,39829,32325,"TORO ENERGY OF MISSISSIPPI, LLC",Landfill Gas,INTRASTATE,MISSISSIPPI,4.8,0,0,0,4.8,0,0,0,0,0,0,0,0,0,0,0,0,0,0,0,0,0,0,0,0,0,0,0,0,0,0,0,0,0,0,0,0,0,0,0,0,0,0,0,0,0,0,0,0,0,4.8,0,0,0,4.8,0,0,0,0,0,0,4.8,0,0,0,4.8
9/1/2026,2021,20220078,39905,32329,"SIEMENS INDUSTRY, INC",Landfill Gas,INTRASTATE,SOUTH CAROLINA,0,0,0,0,0,0,0,0,0,0,0,0,0,0,0,0,0,0,0,0,0,0,0,0,0,0,0,0,0,0,0,0,0,0,0,0,0,0,0,0,0,0,0,0,0,0,0,15.95,0,15.95,0,0,15.95,0,15.95,0,0,0,0,0,0,0,0,15.95,0,15.95
9/1/2026,2021,20220305,40144,32333,"QUAIL RUN ENERGY PARTNERS, LP",Natural Gas,INTRASTATE,TEXAS,0,0,0,0,0,0,0,0,0,0,0,0,0,0,0,0,0,0,0,0,1.95,0,0,0,1.95,0,0,0,0,0,0,0,0,0,0,0,0,0,0,0,0,0,0,0,0,0,0,0,0,0,1.95,0,0,0,1.95,0,0,0,0,0,0,1.95,0,0,0,1.95
9/1/2026,2021,20221105,40974,32338,"PAL ENERGY, LLC",Natural Gas,INTRASTATE,OKLAHOMA,8,0,0,0,8,0,0,0,0,0,0,0,0,0,0,0,0,0,0,0,0,0,0,0,0,0,0,0,0,0,0,0,0,0,0,0,0,0,0,0,0,0,0,0,0,0,0,0,0,0,8,0,0,0,8,0,0,0,0,0,0,8,0,0,0,8
9/1/2026,2021,20220498,40344,32341,"SOUTHEAST SUPPLY HEADER, LLC",Natural Gas,INTERSTATE,ALABAMA,0,0,0,0,0,0.03,0.02,0.01,0,0.06,0.48,0.01,0.01,0,0.5,6.43,0.25,0.59,0,7.27,2.29,3.64,1.19,0,7.12,13.02,2.61,0,0,15.63,7.04,0,0,0,7.04,0,0,0,0,0,0,0,0,0,0,0,0,0,0,0,29.29,6.53,1.8,0,37.62,0,0,0,0,0,0,29.29,6.53,1.8,0,37.62
9/1/2026,2021,20220498,40344,32341,"SOUTHEAST SUPPLY HEADER, LLC",Natural Gas,INTERSTATE,LOUISIANA,0,0,0,0,0,0,0,0,0,0,0.11,0,0,0,0.11,3.08,0.42,0,0,3.5,0.07,1.6,0,0,1.67,0.05,0,0,0,0.05,30.95,0,0,0,30.95,0,0,0,0,0,0,0,0,0,0,0,0,0,0,0,34.26,2.02,0,0,36.28,0,0,0,0,0,0,34.26,2.02,0,0,36.28
9/1/2026,2021,20220498,40344,32341,"SOUTHEAST SUPPLY HEADER, LLC",Natural Gas,INTERSTATE,MISSISSIPPI,0,0,0,0,0,0,0,0,0,0,1.23,0.07,0,0,1.3,16.36,3.37,0.41,0,20.14,6.47,19.26,0,0,25.73,0.34,0,0,0,0.34,165.96,0,0,0,165.96,0,0,0,0,0,0,0,0,0,0,0,0,0,0,0,190.36,22.7,0.41,0,213.47,0,0,0,0,0,0,190.36,22.7,0.41,0,213.47
9/1/2026,2021,20221101,40970,32342,MID MISSOURI ENERGY,Natural Gas,INTRASTATE,MISSOURI,0,0,0,0,0,12.79,0,0,0,12.79,0,0,0,0,0,0,0,0,0,0,0,0,0,0,0,0,0,0,0,0,0,0,0,0,0,0,0,0,0,0,0,0,0,0,0,0,0,0,0,0,12.79,0,0,0,12.79,0,0,0,0,0,0,12.79,0,0,0,12.79
9/1/2026,2021,20221104,40973,32343,"SHOW ME ETHANOL, LLC",Natural Gas,INTRASTATE,MISSOURI,5,0,0,0,5,0,0,0,0,0,0,0,0,0,0,0,0,0,0,0,0,0,0,0,0,0,0,0,0,0,0,0,0,0,0,0,0,0,0,0,0,0,0,0,0,0,0,0,0,0,5,0,0,0,5,0,0,0,0,0,0,5,0,0,0,5
9/1/2026,2021,20221064,40932,32345,CAMERON INTERSTATE PIPELINE,Natural Gas,INTERSTATE,LOUISIANA,0,0,0,0,0,0,0,0,0,0,0,0,0,0,0,0.961,0.433,0,0,1.394,12.79,5.172,0.147,0,18.109,18.073,2.505,0,0,20.578,0,0,0,0,0,0,0,0,0,0,0,0,0,0,0,0,0,0,0,0,31.824,8.11,0.147,0,40.081,0,0,0,0,0,0,31.824,8.11,0.147,0,40.081
9/1/2026,2021,20220554,40400,32349,"COLORADO BEND 1 POWER, LLC",Natural Gas,INTRASTATE,TEXAS,0,0,0,0,0,0,0,0,0,0,0,0,0,0,0,0.57,0,0,0,0.57,0,0,0,0,0,0,0,0,0,0,0,0,0,0,0,0,0,0,0,0,0,0,0,0,0,0,0,0,0,0,0.57,0,0,0,0.57,0,0,0,0,0,0,0.57,0,0,0,0.57
9/1/2026,2021,20220486,40332,32350,ABSOLUTE ENERGY L.L.C.,Natural Gas,INTRASTATE,IOWA,0,0,0,0,0,3.14,0,0,0,3.14,0,0,0,0,0,0,0,0,0,0,0,0,0,0,0,0,0,0,0,0,0,0,0,0,0,0,0,0,0,0,0,0,0,0,0,0,0,0,0,0,3.14,0,0,0,3.14,0,0,0,0,0,0,3.14,0,0,0,3.14
9/1/2026,2021,20220543,40389,32353,HOLCIM (US) INC.,Natural Gas,INTRASTATE,OKLAHOMA,0,0,0,0,0,0,0,0,0,0,6,0,0,0,6,0,0,0,0,0,0,0,0,0,0,0,0,0,0,0,0,0,0,0,0,0,0,0,0,0,0,0,0,0,0,0,0,0,0,0,6,0,0,0,6,0,0,0,0,0,0,6,0,0,0,6
9/1/2026,2021,20221136,41007,32354,"DFW MIDSTREAM SERVICES, LLC",Natural Gas,INTRASTATE,TEXAS,0,0,0,0,0,0,0,2.1,0,2.1,0,0,0.22,0,0.22,5.71,0.33,15.35,0,21.39,0,0,0,0,0,0,0,0,0,0,0,0,0,0,0,0,0,0,0,0,0,0,0,0,0,0,0,0,0,0,5.71,0.33,17.67,0,23.71,0,0,0,0,0,0,5.71,0.33,17.67,0,23.71
9/1/2026,2021,20220088,39917,32357,SIOUX FALLS REGIONAL SANITARY LANDFILL,Landfill Gas,INTRASTATE,SOUTH DAKOTA,0,0,0,0,0,0,0,0,0,0,0,0,0,0,0,0,0,0,0,0,0,0,0,0,0,0,0,0,0,0,0,0,0,0,0,0,0,0,0,0,0,0,0,0,0,11.25,0,0,0,11.25,11.25,0,0,0,11.25,0,0,0,0,0,0,11.25,0,0,0,11.25
9/1/2026,2021,20221049,40917,32358,NOURYON PULP AND PERFORMANCE CHEMICALS LLC,Hydrogen Gas,INTRASTATE,WASHINGTON,0,0,0,0,0,0,0,0,0,0,0,0,0,0,0,0,0,0,0,0,0,0,0,0,0,0,0,0,0,0,0,0,0,0,0,0,0,0,0,0,0,0,0,0,0,0.45,0,0,0,0.45,0.45,0,0,0,0.45,0,0,0,0,0,0,0.45,0,0,0,0.45
9/1/2026,2021,20220135,39968,32359,LINCOLN ELECTRIC SYSTEM,Landfill Gas,INTRASTATE,NEBRASKA,0,0,0,0,0,0,0,0,0,0,0,0,0,0,0,0,0,0,0,0,0,0,0,0,0,0,0,0,0,0,0,0,0,0,0,0,0,0,0,0,0,0,0,0,0,2.8,0,0,0,2.8,2.8,0,0,0,2.8,0,0,0,0,0,0,2.8,0,0,0,2.8
9/1/2026,2021,20220134,40253,32359,LINCOLN ELECTRIC SYSTEM,Natural Gas,INTRASTATE,NEBRASKA,0,0,0,0,0,0,0,0,0,0,0,0,0,0,0,0,0,0,0,0,6.29,0,0,0,6.29,0,0,0,0,0,0,0,0,0,0,0,0,0,0,0,0,0,0,0,0,0,0,0,0,0,6.29,0,0,0,6.29,0,0,0,0,0,0,6.29,0,0,0,6.29
9/1/2026,2021,20220325,46707,32363,MID-CONTINENT MARKET CENTER,Natural Gas,INTRASTATE,KANSAS,3.65,0,0.15,0,3.8,3.5,0.32,1.11,0,4.93,38.12,7.78,3.94,0,49.84,72.54,5.99,5.22,0,83.75,0.96,0,0,0,0.96,12.05,0,0,0,12.05,0,0,0,0,0,0,0,0,0,0,39.91,0.01,0,0,39.92,0,0,0,0,0,170.73,14.1,10.42,0,195.25,0,0,0,0,0,0,170.73,14.1,10.42,0,195.25
9/1/2026,2021,20220918,40780,32364,"VALERO REFINING-NEW ORLEANS, L.L.C.",Hydrogen Gas,INTRASTATE,LOUISIANA,0,0,0,0,0,0,0,0,0,0,0,0,0,0,0,0,0,0,0,0,0,0.21,1.42,0,1.63,0,0,0,0,0,0,0,0,0,0,0,0,0,0,0,0,0,0,0,0,0,0,0,0,0,0,0.21,1.42,0,1.63,0,0,0,0,0,0,0,0.21,1.42,0,1.63
9/1/2026,2021,20220917,40779,32364,"VALERO REFINING-NEW ORLEANS, L.L.C.",Natural Gas,INTRASTATE,LOUISIANA,0,0,0.11,0,0.11,0,0,0,0,0,0,0,0,0,0,0,0,0,0,0,0,0,0,0,0,0,0,0,0,0,0,0,0,0,0,0,0,0,0,0,0,0,0,0,0,0,0,0,0,0,0,0,0.11,0,0.11,0,0,0,0,0,0,0,0,0.11,0,0.11
9/1/2026,2021,20220976,40841,32373,"PLYMOUTH ENERGY, LLC",Natural Gas,INTRASTATE,IOWA,0,0,0,0,0,7.5,0,0,0,7.5,0,0,0,0,0,0,0,0,0,0,0,0,0,0,0,0,0,0,0,0,0,0,0,0,0,0,0,0,0,0,0,0,0,0,0,0,0,0,0,0,7.5,0,0,0,7.5,0,0,0,0,0,0,7.5,0,0,0,7.5
9/1/2026,2021,20220782,40640,32374,"MONROE GAS STORAGE COMPANY, LLC",Natural Gas,INTERSTATE,ALABAMA,0,0,0,0,0,0,0,0,0,0,0,0,0,0,0,0,0,0,0,0,0,0,0,0,0,2.02,0,0,0,2.02,0,0,0,0,0,0,0,0,0,0,0,0,0,0,0,0,0,0,0,0,2.02,0,0,0,2.02,0,0,0,0,0,0,2.02,0,0,0,2.02
9/1/2026,2021,20220782,40640,32374,"MONROE GAS STORAGE COMPANY, LLC",Natural Gas,INTERSTATE,MISSISSIPPI,0,0,0,0,0,0,0,0,0,0,0,0,0,0,0,0,0,0,0,0,0,0,0,0,0,21.8,1.56,0,0,23.36,0,0,0,0,0,0,0,0,0,0,0,0,0,0,0,0,0,0,0,0,21.8,1.56,0,0,23.36,0,0,0,0,0,0,21.8,1.56,0,0,23.36
9/1/2026,2021,20221166,41040,32375,"SG RESOURCES MISSISSIPPI, LLC",Natural Gas,INTERSTATE,ALABAMA,0,0,0,0,0,0,0,0,0,0,0.02,0,0,0,0.02,0.07,0,0,0,0.07,0.8,0,0,0,0.8,11.6,0,0,0,11.6,0,0,0,0,0,0,0,0,0,0,0,0,0,0,0,0,0,0,0,0,12.49,0,0,0,12.49,0,0,0,0,0,0,12.49,0,0,0,12.49
9/1/2026,2021,20221166,41040,32375,"SG RESOURCES MISSISSIPPI, LLC",Natural Gas,INTERSTATE,MISSISSIPPI,0,0,0,0,0,0,0,0,0,0,0.24,0,0,0,0.24,0.11,0,0,0,0.11,2.05,0,0,0,2.05,43.13,1.59,0,0,44.72,0,0,0,0,0,0,0,0,0,0,0,0,0,0,0,0,0,0,0,0,45.53,1.59,0,0,47.12,0,0,0,0,0,0,45.53,1.59,0,0,47.12
9/1/2026,2021,20220294,40133,32378,ALLIANCE ENERGY TRANSMISSION LLC.,Natural Gas,INTRASTATE,NEW YORK,0,0,0,0,0,0,0,0,0,0,0,0,0,0,0,0,0,11.2,0,11.2,0,0,0,0,0,0,0,0,0,0,0,0,0,0,0,0,0,0,0,0,0,0,0,0,0,0,0,0,0,0,0,0,11.2,0,11.2,0,0,0,0,0,0,0,0,11.2,0,11.2
9/1/2026,2021,20220303,40650,32379,"COBRA PIPELINE COMPANY, LTD.",Natural Gas,INTRASTATE,OHIO,0,15.98,0,0,15.98,0,5.92,0,0,5.92,0,54.29,0.91,0,55.2,0,0,0,0,0,0,0,0,0,0,0,0,0,0,0,0,0,0,0,0,0,0,0,0,0,0,0,0,0,0,0,0,0,0,0,0,76.19,0.91,0,77.1,0,0,0,0,0,0,0,76.19,0.91,0,77.1
9/1/2026,2021,20220436,40282,32380,"STECKMAN RIDGE, LP (SPECTRA ENERGY PARTNERS, LP)",Natural Gas,INTERSTATE,PENNSYLVANIA,0.01,0,0,0,0.01,0,0,0,0,0,3.36,0,0,0,3.36,5.74,0,0,0,5.74,0,0,0,0,0,0,0,0,0,0,0,0,0,0,0,0,0,0,0,0,0,0,0,0,0,0,0,0,0,0,9.11,0,0,0,9.11,0,0,0,0,0,0,9.11,0,0,0,9.11
9/1/2026,2021,20221228,41338,32381,GREEN PLAINS FAIRMONT LLC-NW GAS CONTRACTED,Natural Gas,INTRASTATE,MINNESOTA,5,0,0,0,5,0,0,0,0,0,0,0,0,0,0,0,0,0,0,0,0,0,0,0,0,0,0,0,0,0,0,0,0,0,0,0,0,0,0,0,0,0,0,0,0,0,0,0,0,0,5,0,0,0,5,0,0,0,0,0,0,5,0,0,0,5
9/1/2026,2021,20220003,39825,32384,DALTON-WHITFIELD REGIONAL SOLID WASTE MANAGMENT AUTHORITY,Landfill Gas,INTRASTATE,GEORGIA,0,0,0,0,0,0,0,0,0,0,0,0,0,0,0,0,0,0,0,0,0,0,0,0,0,0,0,0,0,0,0,0,0,0,0,0,0,0,0,0,0,0,0,0,0,0,1.95,0,0,1.95,0,1.95,0,0,1.95,0,0,0,0,0,0,0,1.95,0,0,1.95
9/1/2026,2021,20220421,40267,32389,"CENTAURI TECHNOLOGIES, LP","Other Gas-CO, H2, N2",INTRASTATE,TEXAS,5.55,0,0,0,5.55,0,0,0,0,0,0,0,0,0,0,0,0,0,0,0,0,0,0,0,0,0,0,0,0,0,0,0,0,0,0,0,0,0,0,0,0,0,0,0,0,0,0,0,0,0,5.55,0,0,0,5.55,0,0,0,0,0,0,5.55,0,0,0,5.55
9/1/2026,2021,20220613,40462,32391,NRG TEXAS POWER LLC,Natural Gas,INTRASTATE,TEXAS,0,0,0,0,0,0,0,0,0,0,0,0,0,0,0,0,0,0,0,0,0,0,0,0,0,1.2,0,0,0,1.2,0,0,0,0,0,0,0,0,0,0,0,0,0,0,0,0,0,0,0,0,1.2,0,0,0,1.2,0,0,0,0,0,0,1.2,0,0,0,1.2
9/1/2026,2021,20220453,40299,32393,"FREEBIRD GAS STORAGE, LLC",Natural Gas,INTERSTATE,ALABAMA,0,0,0,0,0,0,0,0,0,0,0,0,0,0,0,3.744,0,0,0,3.744,3.61,0,0,0,3.61,0,0,0,0,0,0,0,0,0,0,0,0,0,0,0,0,0,0,0,0,0,0,0,0,0,7.354,0,0,0,7.354,0,0,0,0,0,0,7.354,0,0,0,7.354
9/1/2026,2021,20220457,40303,32394,"CALEDONIA ENERGY PARTNERS, LLC",Natural Gas,INTERSTATE,MISSISSIPPI,0,0,0,0,0,0,0,0,0,0,0.07,0,0,0,0.07,1.77,0,0,0,1.77,1.64,0,0,0,1.64,0,0,0,0,0,0,0,0,0,0,0,0,0,0,0,0,0,0,0,0,0,0,0,0,0,3.48,0,0,0,3.48,0,0,0,0,0,0,3.48,0,0,0,3.48
9/1/2026,2021,20221050,40918,32395,J.R. SIMPLOT COMPANY,Other Gas-Bio-Gas,INTRASTATE,WASHINGTON,0,0,0,0,0,0,0,0,0,0,0,0,0,0,0,0,0,0,0,0,0,0,0,0,0,0,0,0,0,0,0,0,0,0,0,0,0,0,0,0,0,0,0,0,0,1.4,0,0,0,1.4,1.4,0,0,0,1.4,0,0,0,0,0,0,1.4,0,0,0,1.4
9/1/2026,2021,20220442,40288,32396,"BOBCAT GAS STORAGE (SPECTRA ENERGY PARTNERS, LP)",Natural Gas,INTERSTATE,LOUISIANA,0,0,0,0,0,0,0,0,0,0,0.01,0,0,0,0.01,0.55,0.35,0,0,0.9,15.94,0.73,0,0,16.67,6.34,0,0,0,6.34,0,0,0,0,0,0,0,0,0,0,0.01,0,0,0,0.01,0,0,0,0,0,22.85,1.08,0,0,23.93,0,0,0,0,0,0,22.85,1.08,0,0,23.93
9/1/2026,2021,20220053,39878,32399,"SOLVAY CHEMICALS, INC.",Hydrogen Gas,INTRASTATE,WASHINGTON,0.1,0,0,0,0.1,0,0,0,0,0,0,0,0,0,0,0,0,0,0,0,0,0,0,0,0,0,0,0,0,0,0,0,0,0,0,0,0,0,0,0,0,0,0,0,0,0,0,0,0,0,0.1,0,0,0,0.1,0,0,0,0,0,0,0.1,0,0,0,0.1
9/1/2026,2021,20221106,40975,32402,LOUIS DREYFUS COMPANY,Natural Gas,INTRASTATE,IOWA,0,0,0,0,0,0,0,0,0,0,8.91,0,0,0,8.91,0,0,0,0,0,0,0,0,0,0,0,0,0,0,0,0,0,0,0,0,0,0,0,0,0,0,0,0,0,0,0,0,0,0,0,8.91,0,0,0,8.91,0,0,0,0,0,0,8.91,0,0,0,8.91
9/1/2026,2021,20220239,48521,32403,TIMBERLINE ENERGY LLC,Natural Gas,INTRASTATE,NEBRASKA,0,0,0,0,0,0,0,0,0,0,0,0,0,0,0,0,0,0,0,0,0,0,0,0,0,0,0,0,0,0,0,0,0,0,0,0,0,0,0,0,0,0,0,0,0,3.69,0,0,0,3.69,3.69,0,0,0,3.69,0,0,0,0,0,0,3.69,0,0,0,3.69
9/1/2026,2021,20220239,48521,32403,TIMBERLINE ENERGY LLC,Natural Gas,INTRASTATE,OKLAHOMA,0.66,0,0,0,0.66,0,0,0,0,0,7.55,0,2.13,0,9.68,0,0,0,0,0,0,0,0,0,0,0,0,0,0,0,0,0,0,0,0,0,0,0,0,0,0,0,0,0,0,0,0,0,0,0,8.21,0,2.13,0,10.34,0,0,0,0,0,0,8.21,0,2.13,0,10.34
9/1/2026,2021,20220212,40048,32404,"CEI PIPELINE, LLC",Natural Gas,INTRASTATE,TEXAS,0,0,0,0,0,0,0,0,0,0,0,0,0,0,0,10.59,0,0,0,10.59,0,0,0,0,0,0,0,0,0,0,0,0,0,0,0,0,0,0,0,0,0,0,0,0,0,0,0,0,0,0,10.59,0,0,0,10.59,0,0,0,0,0,0,10.59,0,0,0,10.59
9/1/2026,2021,20220234,40071,32405,"WYCKOFF GAS STORAGE COMPANY, LLC",Natural Gas,INTERSTATE,NEW YORK,0,0,0,0,0,0,0,0,0,0,6.734,0,0,0,6.734,0,0,0,0,0,0.738,0,0,0,0.738,4.077,0,0,0,4.077,0,0,0,0,0,0,0,0,0,0,0,0,0,0,0,0,0,0,0,0,11.549,0,0,0,11.549,0,0,0,0,0,0,11.549,0,0,0,11.549
9/1/2026,2021,20220758,40615,32416,"ARCADIA GAS STORAGE, LLC",Natural Gas,INTRASTATE,LOUISIANA,0,0,0,0,0,0,0,0,0,0,0,0,0,0,0,0,0,0,0,0,0,0,0,0,0,24.5,1.01,0,0,25.51,0,0,0,0,0,0,0,0,0,0,0,0,0,0,0,0,0,0,0,0,24.5,1.01,0,0,25.51,0,0,0,0,0,0,24.5,1.01,0,0,25.51
9/1/2026,2021,20220737,41336,32419,"SOUTHWEST IOWA RENEWABLE ENERGY, LLC",Natural Gas,INTRASTATE,IOWA,0,0,0,0,0,0,0,0,0,0,0,0,0,0,0,0.49,0,0,0,0.49,0,0,0,0,0,0,0,0,0,0,0,0,0,0,0,0,0,0,0,0,0,0,0,0,0,0,0,0,0,0,0.49,0,0,0,0.49,0,0,0,0,0,0,0.49,0,0,0,0.49
9/1/2026,2021,20220463,40309,32420,"GRAMA RIDGE STORAGE AND TRANSPORTATION, LLC",Natural Gas,INTRASTATE,NEW MEXICO,0,0,0,0,0,0,0,0,0,0,1.22,0,0,0,1.22,0.85,0,0,0,0.85,4.16,0,0,0,4.16,0,0,0,0,0,0,0,0,0,0,0,0,0,0,0,0,0,0,0,0,0,0,0,0,0,6.23,0,0,0,6.23,0,0,0,0,0,0,6.23,0,0,0,6.23
9/1/2026,2021,20220499,40345,32422,"NEPTUNE LNG, LLC",Natural Gas,INTERSTATE,OCS-Atlantic,0,0,0,0,0,0,0,0,0,0,0,0,0,0,0,0,0,0,0,0,0,0,0,0,0,0,0,0,0,0,0,0,0,0,0,0,0,0,0,0,0,0,0,0,0,0,0,0,0,0,0,0,0,0,0,0,2.75,0,0,0,2.75,2.75,0,0,0,2.75
9/1/2026,2021,20220499,40345,32422,"NEPTUNE LNG, LLC",Natural Gas,INTRASTATE,MASSACHUSETTS,0,0,0,0,0,0,0,0,0,0,0,0,0,0,0,0,0,0,0,0,0,0,0,0,0,0,0,0,0,0,0,0,0,0,0,0,0,0,0,0,0,0,0,0,0,0,0,0,0,0,0,0,0,0,0,0,10.45,0,0,0,10.45,10.45,0,0,0,10.45
9/1/2026,2021,20220445,41282,32423,MINNESOTA POWER,Natural Gas,INTRASTATE,MINNESOTA,0,0,0,0,0,0.26,0,0,0,0.26,0.98,0,0,0,0.98,0,0,0,0,0,0,0,0,0,0,0,0,0,0,0,0,0,0,0,0,0,0,0,0,0,0,0,0,0,0,0,0,0,0,0,1.24,0,0,0,1.24,0,0,0,0,0,0,1.24,0,0,0,1.24
9/1/2026,2021,20220123,39955,32426,"UNIVERSITY PARK ENERGY, LLC",Natural Gas,INTRASTATE,ILLINOIS,0,0,0,0,0,0,0,0,0,0,0,0,0,0,0,0.27,0,0.221,0,0.491,0,0,0,0,0,0,0,0,0,0,0,0,0,0,0,0,0,0,0,0,0,0,0,0,0,0,0,0,0,0,0.27,0,0.221,0,0.491,0,0,0,0,0,0,0.27,0,0.221,0,0.491
9/1/2026,2021,20220017,39839,32427,DEWBRE PETROLEUM CORP,Natural Gas,INTRASTATE,TEXAS,0,1.02,0,0,1.02,0,0,0,0,0,0,0,0,0,0,0,0,0,0,0,0,0,0,0,0,0,0,0,0,0,0,0,0,0,0,0,0,0,0,0,0,0,0,0,0,0,0,0,0,0,0,1.02,0,0,1.02,0,0,0,0,0,0,0,1.02,0,0,1.02
9/1/2026,2021,20220371,40213,32429,US AMINES,Hydrogen Gas,INTRASTATE,ALABAMA,0,0,20.07,0,20.07,0,0,0,0,0,0,0,0,0,0,0,0,0,0,0,0,0,0,0,0,0,0,0,0,0,0,0,0,0,0,0,0,0,0,0,0,0,0,0,0,0,0,0,0,0,0,0,20.07,0,20.07,0,0,0,0,0,0,0,0,20.07,0,20.07
9/1/2026,2021,20221134,41005,32431,CITY OF CALHOUN,Natural Gas,INTRASTATE,GEORGIA,0.5,0,0,0,0.5,0,0,0,0,0,0,0,0,0,0,0,0,0,0,0,0,0,0,0,0,0,0,0,0,0,0,0,0,0,0,0,0,0,0,0,0,0,0,0,0,0,0,0,0,0,0.5,0,0,0,0.5,0,0,0,0,0,0,0.5,0,0,0,0.5
9/1/2026,2021,20220306,40145,32433,AMERESCO MCCARTY ENERGY LLC,Natural Gas,INTRASTATE,TEXAS,0.277,0,1.698,0,1.975,0,0,0,0,0,0,0,0,0,0,0,0,0,0,0,0,0,0,0,0,0,0,0,0,0,0,0,0,0,0,0,0,0,0,0,0,0,0,0,0,0,0,0,0,0,0.277,0,1.698,0,1.975,0,0,0,0,0,0,0.277,0,1.698,0,1.975
9/1/2026,2021,20220317,40156,32434,AMERESCO EVANSVILLE LLC,Landfill Gas,INTRASTATE,INDIANA,0,0,0,0,0,0,0,0,0,0,0,0,0,0,0,0,0,0,0,0,0,0,0,0,0,0,0,0,0,0,0,0,0,0,0,0,0,0,0,0,0,0,0,0,0,0,0,4.77,0.33,5.1,0,0,4.77,0.33,5.1,0,0,0,0,0,0,0,0,4.77,0.33,5.1
9/1/2026,2021,20220314,40153,32435,AMERESCO JEFFERSON CITY LLC,Landfill Gas,INTRASTATE,MISSOURI,0,0,0,0,0,0,0,0,0,0,0,0,0,0,0,0,0,0,0,0,0,0,0,0,0,0,0,0,0,0,0,0,0,0,0,0,0,0,0,0,0,0,0,0,0,0,0,3.58,0,3.58,0,0,3.58,0,3.58,0,0,0,0,0,0,0,0,3.58,0,3.58
9/1/2026,2021,20220803,40663,32436,MIDCONTINENT EXPRESS PIPELINE LLC,Natural Gas,INTERSTATE,ALABAMA,0,0,0,0,0,0,0,0,0,0,0,0,0,0,0,0.03,0,0,0,0.03,0.04,0,0,0,0.04,0,0,0,0,0,5.57,0,0,0,5.57,0,0,0,0,0,0,0,0,0,0,0,0,0,0,0,5.64,0,0,0,5.64,0,0,0,0,0,0,5.64,0,0,0,5.64
9/1/2026,2021,20220803,40663,32436,MIDCONTINENT EXPRESS PIPELINE LLC,Natural Gas,INTERSTATE,LOUISIANA,0,0,0,0,0,0,0,0,0,0,0.07,0,0,0,0.07,10.62,1.28,2,0,13.9,9.5,6.77,0,0,16.27,1.75,0,0,0,1.75,167.57,4.56,0,0,172.13,0,0,0,0,0,0,0,0,0,0,0,0,0,0,0,189.51,12.61,2,0,204.12,0,0,0,0,0,0,189.51,12.61,2,0,204.12
9/1/2026,2021,20220803,40663,32436,MIDCONTINENT EXPRESS PIPELINE LLC,Natural Gas,INTERSTATE,MISSISSIPPI,0,0,0,0,0,0,0,0,0,0,0,0,0,0,0,3.23,1.54,0,0,4.77,9.68,14.32,0,0,24,0.15,0,0,0,0.15,128.59,2.45,0,0,131.04,0,0,0,0,0,0,0,0,0,0,0,0,0,0,0,141.65,18.31,0,0,159.96,0,0,0,0,0,0,141.65,18.31,0,0,159.96
9/1/2026,2021,20220803,40663,32436,MIDCONTINENT EXPRESS PIPELINE LLC,Natural Gas,INTERSTATE,OKLAHOMA,0,0,0,0,0,0,0,0,0,0,0,0,0,0,0,0.54,0,0,0,0.54,0.29,0,0,0,0.29,7.92,0,0,0,7.92,0,0,0,0,0,0,0,0,0,0,0,0,0,0,0,0,0,0,0,0,8.75,0,0,0,8.75,0,0,0,0,0,0,8.75,0,0,0,8.75
9/1/2026,2021,20220803,40663,32436,MIDCONTINENT EXPRESS PIPELINE LLC,Natural Gas,INTERSTATE,TEXAS,0,0,0,0,0,0,0,0,0,0,0.03,0,0,0,0.03,2.44,0.24,0,0,2.68,6.61,1.86,0,0,8.47,28.11,0,0,0,28.11,92.78,2.14,0,0,94.92,0,0,0,0,0,0,0,0,0,0,0,0,0,0,0,129.97,4.24,0,0,134.21,0,0,0,0,0,0,129.97,4.24,0,0,134.21
9/1/2026,2021,20220467,40313,32437,KINDER MORGAN LOUISIANA PIPELINE LLC,Natural Gas,INTERSTATE,LOUISIANA,0,0,0,0,0,0.03,0,0,0,0.03,0.74,0,0,0,0.74,4.98,0.16,0,0,5.14,21.81,2.26,0,0,24.07,2.75,0.01,0,0,2.76,104.38,0.59,0,0,104.97,0,0,0,0,0,0,0,0,0,0,0,0,0,0,0,134.69,3.02,0,0,137.71,0,0,0,0,0,0,134.69,3.02,0,0,137.71
9/1/2026,2021,20220757,40614,32446,MINNESOTA INTRASTATE PIPELINE COMPANY,Natural Gas,INTRASTATE,MINNESOTA,0.241,0.009,0.147,0,0.397,0,0,0,0,0,0,0,0,0,0,5.108,8.528,17.511,0,31.147,0,0,0,0,0,0,0,0,0,0,0,0,0,0,0,0,0,0,0,0,0,0,0,0,0,0,0,0,0,0,5.349,8.537,17.658,0,31.544,0,0,0,0,0,0,5.349,8.537,17.658,0,31.544
9/1/2026,2021,20220834,40694,32448,TRES PALACIOS GAS STORAGE LLC,Natural Gas,INTERSTATE,TEXAS,0,0,0,0,0,0.201,0,0,0,0.201,0,0,0,0,0,0.97,0,0,0,0.97,0.444,0,0,0,0.444,81.228,0,0,0,81.228,19.613,0,0,0,19.613,0,0,0,0,0,0,0,0,0,0,0,0,0,0,0,102.456,0,0,0,102.456,0,0,0,0,0,0,102.456,0,0,0,102.456
9/1/2026,2021,20221196,41070,32452,LEAF RIVER ENERGY CENTER LLC,Natural Gas,INTERSTATE,MISSISSIPPI,0,0,0,0,0,0,0,0,0,0,0,0,0,0,0,0,0,0,0,0,0,4.26,0,0,4.26,74.66,0,0,0,74.66,0,0,0,0,0,0,0,0,0,0,0,0,0,0,0,0,0,0,0,0,74.66,4.26,0,0,78.92,0,0,0,0,0,0,74.66,4.26,0,0,78.92
9/1/2026,2021,20220749,40606,32453,BPX (EAGLE FORD) GATHERING LLC,Natural Gas,INTRASTATE,TEXAS,0,0,0,0,0,0,0,0,0,0,0,0,0,0,0,0,0,0,0,0,8.563,0,0.167,0,8.73,0,0,0,0,0,0,0,0,0,0,0,0,0,0,0,0,0,0,0,0,0,0,0,0,0,8.563,0,0.167,0,8.73,0,0,0,0,0,0,8.563,0,0.167,0,8.73
9/1/2026,2021,20220818,40678,32457,JDP RENEWABLES,Natural Gas,INTRASTATE,LOUISIANA,2.3,0,0,0,2.3,0,0,0,0,0,0,0,0,0,0,0,0,0,0,0,0,0,0,0,0,0,0,0,0,0,0,0,0,0,0,0,0,0,0,0,0,0,0,0,0,0,0,0,0,0,2.3,0,0,0,2.3,0,0,0,0,0,0,2.3,0,0,0,2.3
9/1/2026,2021,20220030,39853,32458,UTAH ASSOICIATED MUNICIPAL POWER SYSTEMS,Natural Gas,INTRASTATE,UTAH,0,0,0,0,0,0,0,0,0,0,0,0,0,0,0,0,0,4.89,0,4.89,0,0,0,0,0,0,0,0,0,0,0,0,0,0,0,0,0,0,0,0,0,0,0,0,0,0,0,0,0,0,0,0,4.89,0,4.89,0,0,0,0,0,0,0,0,4.89,0,4.89
9/1/2026,2021,20221250,41128,32459,"HOOKS GAS PIPELINE, LLC",Natural Gas,INTRASTATE,TEXAS,8.346,6.8,6.75,0,21.896,2.431,1.44,4.751,0,8.622,0,0,0.034,0,0.034,0,0,0,0,0,0,0,0,0,0,0,0,0,0,0,0,0,0,0,0,0,0,0,0,0,0,0,0,0,0,1.37,3.59,0,0,4.96,12.147,11.83,11.535,0,35.512,0,0,0,0,0,0,12.147,11.83,11.535,0,35.512
9/1/2026,2021,20220119,39951,32461,FAYETTEVILLE GATHERING COMPANY,Natural Gas,INTRASTATE,ARKANSAS,14.4,5.8,0,0,20.2,0,0,0,0,0,0,0,0,0,0,0,0,0,0,0,0,0,0,0,0,0,0,0,0,0,0,0,0,0,0,0,0,0,0,0,0,0,0,0,0,0,0,0,0,0,14.4,5.8,0,0,20.2,0,0,0,0,0,0,14.4,5.8,0,0,20.2
9/1/2026,2021,20220952,40816,32462,PENINSULA PIPELINE COMPANY,Natural Gas,INTRASTATE,FLORIDA,0,0,0,0,0,1.92,0.39,2.01,0,4.32,2.77,18.28,12.29,0,33.34,11.58,8.35,6.5,0,26.43,0,0,0,0,0,0,0,0,0,0,0,0,0,0,0,0,0,0,0,0,0,0,0,0,0,0,0,0,0,0,16.27,27.02,20.8,0,64.09,0,0,0,0,0,0,16.27,27.02,20.8,0,64.09
9/1/2026,2021,20220038,39861,32464,LSP UNIVERSITY PARK LLC,Natural Gas,INTRASTATE,ILLINOIS,0,0,0,0,0,0,0,0,0,0,0,0,0,0,0,0.78,0,0,0,0.78,0,0,0,0,0,0,0,0,0,0,0,0,0,0,0,0,0,0,0,0,0,0,0,0,0,0,0,0,0,0,0.78,0,0,0,0.78,0,0,0,0,0,0,0.78,0,0,0,0.78
9/1/2026,2021,20220266,43200,32466,HOMELAND ENERGY SOLUTIONS LLC,Natural Gas,INTRASTATE,IOWA,0,0,0,0,0,7.52,1,0,0,8.52,0,0,0,0,0,0,0,0,0,0,0,0,0,0,0,0,0,0,0,0,0,0,0,0,0,0,0,0,0,0,0,0,0,0,0,0,0,0,0,0,7.52,1,0,0,8.52,0,0,0,0,0,0,7.52,1,0,0,8.52
9/1/2026,2021,20220569,46526,32467,"ETC TIGER PIPELINE, LLC",Natural Gas,INTERSTATE,LOUISIANA,0,0,0,0,0,0.09,0,0,0,0.09,1.6,0,0,0,1.6,16.87,0.33,0,0,17.2,7.86,2.43,0,0,10.29,23.09,0,0,0,23.09,129.05,0.11,0,0,129.16,0,0,0,0,0,0,0,0,0,0,0,0,0,0,0,178.56,2.87,0,0,181.43,0,0,0,0,0,0,178.56,2.87,0,0,181.43
9/1/2026,2021,20220569,46526,32467,"ETC TIGER PIPELINE, LLC",Natural Gas,INTERSTATE,TEXAS,0,0,0,0,0,0,0,0,0,0,0.09,0,0,0,0.09,1.45,0,0,0,1.45,0.83,0,0,0,0.83,0,0,0,0,0,14.14,0,0,0,14.14,0,0,0,0,0,0,0,0,0,0,0,0,0,0,0,16.51,0,0,0,16.51,0,0,0,0,0,0,16.51,0,0,0,16.51
9/1/2026,2021,20220570,40417,32469,"FAYETTEVILLE EXPRESS PIPELINE, LLC",Natural Gas,INTERSTATE,ARKANSAS,0,0,0,0,0,0,0,0,0,0,0,0,0,0,0,9.12,0.58,0,0,9.7,4.17,6.9,0,0,11.07,51.96,0,0,0,51.96,82.7,1.57,0,0,84.27,0,0,0,0,0,0,0,0,0,0,0,0,0,0,0,147.95,9.05,0,0,157,0,0,0,0,0,0,147.95,9.05,0,0,157
9/1/2026,2021,20220570,40417,32469,"FAYETTEVILLE EXPRESS PIPELINE, LLC",Natural Gas,INTERSTATE,MISSISSIPPI,0,0,0,0,0,0,0,0,0,0,0,0,0,0,0,2.13,0.3,0,0,2.43,0,0,0,0,0,0,0,0,0,0,25.67,0.02,0,0,25.69,0,0,0,0,0,0,0,0,0,0,0,0,0,0,0,27.8,0.32,0,0,28.12,0,0,0,0,0,0,27.8,0.32,0,0,28.12
9/1/2026,2021,20221114,40983,32482,MARSHFIELD UTILITIES,Natural Gas,INTRASTATE,WISCONSIN,0,0,0,0,0,0,0,0,0,0,1.6,0,0,0,1.6,0,0,0,0,0,0,0,0,0,0,0,0,0,0,0,0,0,0,0,0,0,0,0,0,0,0,0,0,0,0,0,0,0,0,0,1.6,0,0,0,1.6,0,0,0,0,0,0,1.6,0,0,0,1.6
9/1/2026,2021,20221158,41032,32485,PECOS PIPELINE LLC,Natural Gas,INTRASTATE,TEXAS,0,0,0,0,0,0,0,0,0,0,0,0.74,0,0,0.74,0,0,0,0,0,0,0,0,0,0,0,0,0,0,0,0,0,0,0,0,0,0,0,0,0,0,0,0,0,0,0,0,0,0,0,0,0.74,0,0,0.74,0,0,0,0,0,0,0,0.74,0,0,0.74
9/1/2026,2021,20220924,40787,32487,TRANSCANADA NORTHERN BORDER INC,Natural Gas,INTERSTATE,MONTANA,0,0,0,0,0,0,0,0,0,0,0,0,0,0,0,0,0,0,0,0,1.149,0,0,0,1.149,95.701,0,0,0,95.701,0,0,0,0,0,0,0,0,0,0,0,0,0,0,0,0,0,0,0,0,96.85,0,0,0,96.85,0,0,0,0,0,0,96.85,0,0,0,96.85
9/1/2026,2021,20220924,40787,32487,TRANSCANADA NORTHERN BORDER INC,Natural Gas,INTERSTATE,NORTH DAKOTA,0,0,0,0,0,0,0,0,0,0,0,0,0,0,0,1.167,0,0,0,1.167,4.138,0,0,0,4.138,121.566,0,0,0,121.566,0,0,0,0,0,0,0,0,0,0,0,0,0,0,0,0,0,0,0,0,126.871,0,0,0,126.871,0,0,0,0,0,0,126.871,0,0,0,126.871
9/1/2026,2021,20220924,40787,32487,TRANSCANADA NORTHERN BORDER INC,Natural Gas,INTERSTATE,WYOMING,0,0,0,0,0,0,0,0,0,0,0,0,0,0,0,0.67,0,0,0,0.67,1.538,0,0,0,1.538,75.973,0,0,0,75.973,0,0,0,0,0,0,0,0,0,0,0,0,0,0,0,0,0,0,0,0,78.181,0,0,0,78.181,0,0,0,0,0,0,78.181,0,0,0,78.181
9/1/2026,2021,20220919,40781,32489,"ANCHOR POINT ENERGY, LLC",Natural Gas,INTRASTATE,ALASKA,0,0,0,0,0,0.15,2,0,0,2.15,0,0,0,0,0,0,0,0,0,0,0,0,0,0,0,0,0,0,0,0,0,0,0,0,0,0,0,0,0,0,0,0,0,0,0,12.6,0,0,0,12.6,12.75,2,0,0,14.75,0,0,0,0,0,0,12.75,2,0,0,14.75
9/1/2026,2021,20220093,39923,32492,"GENESIS CRUDE OIL, L.P.",Natural Gas,INTRASTATE,LOUISIANA,0,0,0,0,0,3.23,0,0,0,3.23,0,0,0,0,0,0,0,0,0,0,0,0,0,0,0,0,0,0,0,0,0,0,0,0,0,0,0,0,0,0,0,0,0,0,0,0,0,0,0,0,3.23,0,0,0,3.23,0,0,0,0,0,0,3.23,0,0,0,3.23
9/1/2026,2021,20220759,40616,32494,PADUCAH POWER SYSTEM,Natural Gas,INTRASTATE,KENTUCKY,5.45,5.3,5.25,0,16,0,0,0,0,0,0,0,0,0,0,0,0,0,0,0,0,0,0,0,0,0,0,0,0,0,0,0,0,0,0,0,0,0,0,0,0,0,0,0,0,0,0,0,0,0,5.45,5.3,5.25,0,16,0,0,0,0,0,0,5.45,5.3,5.25,0,16
9/1/2026,2021,20220776,41199,32499,"PGPIPELINE, LLC.",Natural Gas,INTERSTATE,PENNSYLVANIA,0,0,0,0,0,3.07,2.77,2.06,0,7.9,0,0,0,0,0,0,0,0,0,0,0,0,0,0,0,0,0,0,0,0,0,0,0,0,0,0,0,0,0,0,0,0,0,0,0,0,0,0,0,0,3.07,2.77,2.06,0,7.9,0,0,0,0,0,0,3.07,2.77,2.06,0,7.9
9/1/2026,2021,20220464,40310,32504,"MISSISSIPPI HUB, LLC",Natural Gas,INTERSTATE,MISSISSIPPI,0,0,0,0,0,0,0,0,0,0,0,0,0,0,0,1.363,0.69,0,0,2.053,10.009,3.62,0,0,13.629,23.786,0,0,0,23.786,0,0,0,0,0,0,0,0,0,0,0,0,0,0,0,0,0,0,0,0,35.158,4.31,0,0,39.468,0,0,0,0,0,0,35.158,4.31,0,0,39.468
9/1/2026,2021,20221279,41159,32505,CPR PIPELINE,Natural Gas,INTRASTATE,TEXAS,10.7,0,0,0,10.7,0,0,0,0,0,0,0,0,0,0,0,0,0,0,0,0,0,0,0,0,0,0,0,0,0,0,0,0,0,0,0,0,0,0,0,0,0,0,0,0,0,0,0,0,0,10.7,0,0,0,10.7,0,0,0,0,0,0,10.7,0,0,0,10.7
9/1/2026,2021,20221145,41017,32506,"NFG MIDSTREAM COVINGTON, LLC",Natural Gas,INTRASTATE,PENNSYLVANIA,0,0,0,0,0,0,0,0,0,0,0.03,0.05,0,0,0.08,16.52,2.59,0.03,0,19.14,0,0,0,0,0,0,0,0,0,0,0,0,0,0,0,0,0,0,0,0,0,0,0,0,0,0,0,0,0,0,16.55,2.64,0.03,0,19.22,0,0,0,0,0,0,16.55,2.64,0.03,0,19.22
9/1/2026,2021,20220838,40698,32509,"SOMERSET GAS GATHERING OF PENNSYLVANIA, LLC",Natural Gas,INTRASTATE,PENNSYLVANIA,0,0,0,0,0,0.2,0.1,0,0,0.3,9,1.3,0,0,10.3,0,0,0,0,0,0,0,0,0,0,0,0,0,0,0,0,0,0,0,0,0,0,0,0,0,0,0,0,0,0,0,0,0,0,0,9.2,1.4,0,0,10.6,0,0,0,0,0,0,9.2,1.4,0,0,10.6
9/1/2026,2021,20220211,40047,32511,"BATON ROUGE RENEWABLE ENERGY, LLC",Landfill Gas,INTRASTATE,LOUISIANA,0,0,0,0,0,0,0,0,0,0,0,0,0,0,0,0,0,0,0,0,0,0,0,0,0,0,0,0,0,0,0,0,0,0,0,0,0,0,0,0,0,0,0,0,0,3,2,0,0,5,3,2,0,0,5,0,0,0,0,0,0,3,2,0,0,5
9/1/2026,2021,20221241,41119,32512,"GOLDEN TRIANGLE STORAGE, INC.",Natural Gas,INTERSTATE,TEXAS,0,0,0,0,0,0.2,0,0,0,0.2,0.2,0,0,0,0.2,10,1.1,0,0,11.1,0.3,0,0,0,0.3,7.4,0,0,0,7.4,0,0,0,0,0,0,0,0,0,0,0.1,0,0,0,0.1,0,0,0,0,0,18.2,1.1,0,0,19.3,0,0,0,0,0,0,18.2,1.1,0,0,19.3
9/1/2026,2021,20220939,40803,32513,AMEREN ILLINOIS COMPANY,Natural Gas,INTRASTATE,ILLINOIS,151.24,25.2,89.25,0,265.69,305.68,68.45,97.57,0,471.7,83.19,21.58,26.5,0,131.27,175.66,9.78,10.53,0,195.97,88.88,11.97,3.09,0,103.94,61,0,0,0,61,0,0,0,0,0,0,0,0,0,0,0.27,0.01,0.11,0,0.39,0,0,0,0,0,865.92,136.99,227.05,0,1229.96,0,0,0,0,0,0,865.92,136.99,227.05,0,1229.96
9/1/2026,2021,20220542,40388,32515,CARGILL SALT,Natural Gas,INTRASTATE,OKLAHOMA,0,0,0,0,0,0,0,0,0,0,0,0,0,0,0,0,0,0,0,0,0,0,0,0,0,0,0,0,0,0,0,0,0,0,0,0,0,0,0,0,0,0,0,0,0,3,0,0,0,3,3,0,0,0,3,0,0,0,0,0,0,3,0,0,0,3
9/1/2026,2021,20220729,40586,32524,"LASALLE PIPELINE, LP",Natural Gas,INTRASTATE,TEXAS,0,0,0,0,0,0,0,0,0,0,0,0,0,0,0,0,0,0,0,0,0,0,0,0,0,50.974,2.354,0,0,53.328,0,0,0,0,0,0,0,0,0,0,0,0,0,0,0,0,0,0,0,0,50.974,2.354,0,0,53.328,,,,,,,50.974,2.354,0,0,53.328
9/1/2026,2021,20221191,41065,32525,VINLAND ENERGY OPERATIONS,Natural Gas,INTRASTATE,KENTUCKY,0.686,0.933,0.338,0,1.957,0,0,0,0,0,0,0,0,0,0,0,0,0,0,0,0,0,0,0,0,0,0,0,0,0,0,0,0,0,0,0,0,0,0,0,0,0,0,0,0,0,0,0,0,0,0.686,0.933,0.338,0,1.957,0,0,0,0,0,0,0.686,0.933,0.338,0,1.957
9/1/2026,2021,20220837,40697,32526,COWTOWN PIPELINE PARTNERS L.P.,Natural Gas,INTRASTATE,TEXAS,0,0,0,0,0,0,0,0,0,0,0,0,0,0,0,0,0,0,0,0,1.25,0,0,0,1.25,0,0,0,0,0,0,0,0,0,0,0,0,0,0,0,0,0,0,0,0,0,0,0,0,0,1.25,0,0,0,1.25,0,0,0,0,0,0,1.25,0,0,0,1.25
9/1/2026,2021,20220027,40018,32531,CAMBRIAN ENERGY/ SOUTHTEX FT. SMITH TREATERS,Natural Gas,INTRASTATE,ARKANSAS,0.85,0,0,0,0.85,0,0,0,0,0,0,0,0,0,0,0,0,0,0,0,0,0,0,0,0,0,0,0,0,0,0,0,0,0,0,0,0,0,0,0,0,0,0,0,0,0,0,0,0,0,0.85,0,0,0,0.85,0,0,0,0,0,0,0.85,0,0,0,0.85
9/1/2026,2021,20220035,39858,32534,"PULSE ENERGY SYSTEMS, LLC",Natural Gas,INTRASTATE,INDIANA,0,0,0,0,0,0.3,0,0,0,0.3,0,0,0,0,0,0,0,0,0,0,0,0,0,0,0,0,0,0,0,0,0,0,0,0,0,0,0,0,0,0,0,0,0,0,0,0,0,0,0,0,0.3,0,0,0,0.3,0,0,0,0,0,0,0.3,0,0,0,0.3
9/1/2026,2021,20221113,40982,32539,LA CROSSE COUNTY,Landfill Gas,INTRASTATE,WISCONSIN,0,0,0,0,0,0,0,0,0,0,0,0,0,0,0,0,0,0,0,0,0,0,0,0,0,0,0,0,0,0,0,0,0,0,0,0,0,0,0,0,0,0,0,0,0,1.59,0,0,0,1.59,1.59,0,0,0,1.59,0,0,0,0,0,0,1.59,0,0,0,1.59
9/1/2026,2021,20220163,39996,32544,BLACK BELT ENERGY,Natural Gas,INTRASTATE,ALABAMA,0,0,0,0,0,0,0,13.98,0,13.98,0,0,0,0,0,0,0,0,0,0,0,0,0,0,0,0,0,0,0,0,0,0,0,0,0,0,0,0,0,0,0,0,0,0,0,0,0,0,0,0,0,0,13.98,0,13.98,0,0,0,0,0,0,0,0,13.98,0,13.98
9/1/2026,2021,20220720,40576,32549,GILL RANCH STORAGE LLC,Natural Gas,INTRASTATE,CALIFORNIA,0,0,0,0,0,0,0,0,0,0,0,0,0,0,0,2.09,1.65,0,0,3.74,23.07,0,0,0,23.07,5.08,0,0,0,5.08,0,0,0,0,0,0,0,0,0,0,0,0,0,0,0,0,0,0,0,0,30.24,1.65,0,0,31.89,0,0,0,0,0,0,30.24,1.65,0,0,31.89
9/1/2026,2021,20221233,41110,32553,NEWTON COUNTY LANDFILL PARTNERSHIP,Landfill Gas,INTRASTATE,INDIANA,0,0,0,0,0,0,0,0,0,0,0,0,0,0,0,0,0,0,0,0,0,0,0,0,0,0,0,0,0,0,0,0,0,0,0,0,0,0,0,0,0,0,0,0,0,0.646,0,0,0,0.646,0.646,0,0,0,0.646,0,0,0,0,0,0,0.646,0,0,0,0.646
9/1/2026,2021,20221217,41093,32557,"PAULSBORO NATURAL GAS PIPELINE COMPANY, LLC",Natural Gas,INTERSTATE,NEW JERSEY,0,0,0,0,0,0,0,0,0,0,0,0,0,0,0,0.853,0,0,0,0.853,0,0,0,0,0,0,0,0,0,0,0,0,0,0,0,0,0,0,0,0,0,0,0,0,0,0,0,0,0,0,0.853,0,0,0,0.853,0,0,0,0,0,0,0.853,0,0,0,0.853
9/1/2026,2021,20221217,41093,32557,"PAULSBORO NATURAL GAS PIPELINE COMPANY, LLC",Natural Gas,INTERSTATE,PENNSYLVANIA,0,0,0,0,0,0,0,0,0,0,0,0,0,0,0,1.49,0,0.275,0,1.765,0,0,0,0,0,0,0,0,0,0,0,0,0,0,0,0,0,0,0,0,0,0,0,0,0,0,0,0,0,0,1.49,0,0.275,0,1.765,0,0,0,0,0,0,1.49,0,0.275,0,1.765
9/1/2026,2021,20220289,40128,32560,LAMB WESTON/BSW,Natural Gas,INTRASTATE,WASHINGTON,4,0,0,0,4,0,0,0,0,0,0,0,0,0,0,0,0,0,0,0,0,0,0,0,0,0,0,0,0,0,0,0,0,0,0,0,0,0,0,0,0,0,0,0,0,0,0,0,0,0,4,0,0,0,4,0,0,0,0,0,0,4,0,0,0,4
9/1/2026,2021,20220114,39946,32561,ECOELECTRICA L.P.,Natural Gas,INTRASTATE,PUERTO RICO,0,0,0,0,0,0.6,0,0,0,0.6,1.1,0,0,0,1.1,0,0,0,0,0,0,0,0,0,0,0,0,0,0,0,0,0,0,0,0,0,0,0,0,0,0,0,0,0,0,0,0,0,0,0,1.7,0,0,0,1.7,0,0,0,0,0,0,1.7,0,0,0,1.7
9/1/2026,2021,20220961,40842,32562,SOUTHWEST GAS TRANSMISSION COMPANY A LIMITED PARTNERSHIP,Natural Gas,INTERSTATE,ARIZONA,0.009,0,0.011,0,0.02,0.166,0.083,0.018,0,0.267,0.094,0.497,2.982,0,3.573,3.389,2.179,0.074,0,5.642,0.002,0,0,0,0.002,0,0,0,0,0,0,0,0,0,0,0,0,0,0,0,0,0,0,0,0,0,0,0,0,0,3.66,2.759,3.085,0,9.504,0,0,0,0,0,0,3.66,2.759,3.085,0,9.504
9/1/2026,2021,20220539,40385,32564,BLACK HILLS SERVICE COMPANY,Natural Gas,INTRASTATE,COLORADO,0,0,0,0,0,0,0,0,0,0,0,0,0,0,0,0,0,0,0,0,0,0,0,0,0,6.18,0,0,0,6.18,0,0,0,0,0,0,0,0,0,0,0,0,0,0,0,0,0,0,0,0,6.18,0,0,0,6.18,0,0,0,0,0,0,6.18,0,0,0,6.18
9/1/2026,2021,20220539,40385,32564,BLACK HILLS SERVICE COMPANY,Natural Gas,INTRASTATE,WYOMING,10.02,0,0,0,10.02,0.2,0,0,0,0.2,0.3,0,0,0,0.3,8.9,0,0,0,8.9,14.35,0,1.35,0,15.7,0,0,0,0,0,0,0,0,0,0,0,0,0,0,0,0,0,0,0,0,0,0,0,0,0,33.77,0,1.35,0,35.12,0,0,0,0,0,0,33.77,0,1.35,0,35.12
9/1/2026,2021,20220192,40028,32569,EMPIRE GENERATING COMPANY LLC.,Natural Gas,INTRASTATE,NEW YORK,0,0,0,0,0,1.99,2.51,0,0,4.5,0,0,0,0,0,0,0,0,0,0,0,0,0,0,0,0,0,0,0,0,0,0,0,0,0,0,0,0,0,0,0,0,0,0,0,0,0,0,0,0,1.99,2.51,0,0,4.5,0,0,0,0,0,0,1.99,2.51,0,0,4.5
9/1/2026,2021,20220524,40370,32570,LOCKHART POWER COMPANY,Landfill Gas,INTRASTATE,SOUTH CAROLINA,0,0,0,0,0,0,0,0,0,0,0,0,0,0,0,0,0,0,0,0,0,0,0,0,0,0,0,0,0,0,0,0,0,0,0,0,0,0,0,0,0,0,0,0,0,0,0,6.1,0,6.1,0,0,6.1,0,6.1,0,0,0,0,0,0,0,0,6.1,0,6.1
9/1/2026,2021,20221097,40966,32571,"NORTH PLATTE LIVESTOCK FEEDERS, LLC",Natural Gas,INTRASTATE,NEBRASKA,0.02,0,0,0,0.02,0,0,0,0,0,0.02,0,0,0,0.02,0,0,0,0,0,0,0,0,0,0,0,0,0,0,0,0,0,0,0,0,0,0,0,0,0,0,0,0,0,0,4.66,0,0,0,4.66,4.7,0,0,0,4.7,0,0,0,0,0,0,4.7,0,0,0,4.7
9/1/2026,2021,20220236,40073,32577,"EIF KC LANDFILL GAS, LLC",Natural Gas,INTRASTATE,KANSAS,0.6,0,0,0,0.6,0,0,0,0,0,0,0,0,0,0,0,0,0,0,0,0,0,0,0,0,0,0,0,0,0,0,0,0,0,0,0,0,0,0,0,0,0,0,0,0,0,0,0,0,0,0.6,0,0,0,0.6,0,0,0,0,0,0,0.6,0,0,0,0.6
9/1/2026,2021,20220370,40212,32578,"ORIGIN MINING COMPANY, LLC.",Natural Gas,INTRASTATE,ARIZONA,0,0,0,0,0,0,0,0,0,0,22.9,1,0,0,23.9,0,0,0,0,0,0,0,0,0,0,0,0,0,0,0,0,0,0,0,0,0,0,0,0,0,0,0,0,0,0,0,0,0,0,0,22.9,1,0,0,23.9,0,0,0,0,0,0,22.9,1,0,0,23.9
9/1/2026,2021,20221229,41106,32579,AL-CORN CLEAN FUEL - NW GAS CONTRACTED,Natural Gas,INTRASTATE,MINNESOTA,1,0,0,0,1,0,0,0,0,0,0,0,0,0,0,0,0,0,0,0,0,0,0,0,0,0,0,0,0,0,0,0,0,0,0,0,0,0,0,0,0,0,0,0,0,1,0,0,0,1,2,0,0,0,2,0,0,0,0,0,0,2,0,0,0,2
9/1/2026,2021,20221231,41108,32580,WFS WELCOME - NW GAS CONTRACTED,Natural Gas,INTRASTATE,MINNESOTA,0.04,0,0,0,0.04,0,0,0,0,0,0,0,0,0,0,0,0,0,0,0,0,0,0,0,0,0,0,0,0,0,0,0,0,0,0,0,0,0,0,0,0,0,0,0,0,1.56,0,0,0,1.56,1.6,0,0,0,1.6,0,0,0,0,0,0,1.6,0,0,0,1.6
9/1/2026,2021,20220184,40019,32581,MILWAUKEE METROPOLITAN SEWERAGE DISTRICT,Landfill Gas,INTRASTATE,WISCONSIN,0.35,0,5.25,0,5.6,0,0,0,0,0,0,0,0,0,0,0,0,0,0,0,0,0,0,0,0,0,0,0,0,0,0,0,0,0,0,0,0,0,0,0,0,0,0,0,0,0.66,5.02,7.62,0,13.3,1.01,5.02,12.87,0,18.9,0,0,0,0,0,0,1.01,5.02,12.87,0,18.9
9/1/2026,2021,20220682,40537,32583,"BIG SANDY PIPELINE, LLC (SPECTRA ENERGY PARTNERS, LP)",Natural Gas,INTERSTATE,KENTUCKY,0,0,0,0,0,0,0,0,0,0,0,0,0,0,0,14.44,3.41,0.16,0,18.01,49.36,1.37,0,0,50.73,0,0,0,0,0,0,0,0,0,0,0,0,0,0,0,0.01,0,0,0,0.01,0,0,0,0,0,63.81,4.78,0.16,0,68.75,0,0,0,0,0,0,63.81,4.78,0.16,0,68.75
9/1/2026,2021,20220034,39857,32586,EAST TEXAS RENEWABLES,Natural Gas,INTRASTATE,TEXAS,0.8,0,0,0,0.8,0,0,0,0,0,0,0,0,0,0,0,0,0,0,0,0,0,0,0,0,0,0,0,0,0,0,0,0,0,0,0,0,0,0,0,0,0,0,0,0,0,0,0,0,0,0.8,0,0,0,0.8,0,0,0,0,0,0,0.8,0,0,0,0.8
9/1/2026,2021,20221265,41144,32587,GATEWAY RED OAK LLC,Natural Gas,INTRASTATE,ARKANSAS,0,0,0,0,0,5,0,0,0,5,0,0,0,0,0,0,0,0,0,0,0,0,0,0,0,0,0,0,0,0,0,0,0,0,0,0,0,0,0,0,0,0,0,0,0,0,0,0,0,0,5,0,0,0,5,0,0,0,0,0,0,5,0,0,0,5
9/1/2026,2021,20221265,41144,32587,GATEWAY RED OAK LLC,Natural Gas,INTRASTATE,TEXAS,3.3,0,0,0,3.3,0,2.4,0,0,2.4,0,1.2,0,0,1.2,0,0,0,0,0,0,0,0,0,0,0,0,0,0,0,0,0,0,0,0,0,0,0,0,0,0,0,0,0,0,0,0,0,0,0,3.3,3.6,0,0,6.9,0,0,0,0,0,0,3.3,3.6,0,0,6.9
9/1/2026,2021,20221345,41251,32588,TECHNISAND INC.,Natural Gas,INTRASTATE,OKLAHOMA,4,0,0,0,4,0,0,0,0,0,0,0,0,0,0,0,0,0,0,0,0,0,0,0,0,0,0,0,0,0,0,0,0,0,0,0,0,0,0,0,0,0,0,0,0,0,0,0,0,0,4,0,0,0,4,0,0,0,0,0,0,4,0,0,0,4
9/1/2026,2021,20221349,41256,32590,"EASTMAN GAS COMPANY, LLC",Natural Gas,INTRASTATE,TEXAS,0.01,0.7,0,0,0.71,3,0.3,0,0,3.3,0,0,0,0,0,0,0,0,0,0,0,0,0,0,0,0,0,0,0,0,0,0,0,0,0,0,0,0,0,0,0,0,0,0,0,0,0,0,0,0,3.01,1,0,0,4.01,0,0,0,0,0,0,3.01,1,0,0,4.01
9/1/2026,2021,20220238,40075,32596,KAISER-FRONTIER MIDSTREAM LLC,Natural Gas,INTERSTATE,COLORADO,0,0,0,0,0,0,0,0,0,0,0,0,0,0,0,3.71,0,0,0,3.71,0,0,0,0,0,0,0,0,0,0,0,0,0,0,0,0,0,0,0,0,0,0,0,0,0,0,0,0,0,0,3.71,0,0,0,3.71,0,0,0,0,0,0,3.71,0,0,0,3.71
9/1/2026,2021,20220238,40075,32596,KAISER-FRONTIER MIDSTREAM LLC,Natural Gas,INTERSTATE,WYOMING,0,0,0,0,0,0,0,0,0,0,0,3.31,0,0,3.31,26.15,1.22,0,0,27.37,0,0,0,0,0,0,0,0,0,0,0,0,0,0,0,0,0,0,0,0,0,0,0,0,0,0,0,0,0,0,26.15,4.53,0,0,30.68,0,0,0,0,0,0,26.15,4.53,0,0,30.68
9/1/2026,2021,20220996,40862,32603,"CENTRAL VALLEY GAS STORAGE, LLC",Natural Gas,INTRASTATE,CALIFORNIA,0,0,0,0,0,0.1,0,0,0,0.1,0.4,0,0,0,0.4,1.9,0,0,0,1.9,1.2,0,0,0,1.2,13.3,0,0,0,13.3,0,0,0,0,0,0,0,0,0,0,0,0,0,0,0,0,0,0,0,0,16.9,0,0,0,16.9,0,0,0,0,0,0,16.9,0,0,0,16.9
9/1/2026,2021,20220086,39915,32604,WHITE MOUNTAIN PAPER,Landfill Gas,INTRASTATE,NEW HAMPSHIRE,0,0.05,,0,0.05,0,0,0,0,0,0,0,0,0,0,0,0,0,0,0,0,0,0,0,0,0,0,0,0,0,0,0,0,0,0,0,0,0,0,0,0,0,0,0,0,0,0.8,0,0,0.8,0,0.85,0,0,0.85,0,0,0,0,0,0,0,0.85,0,0,0.85
9/1/2026,2021,20220085,39914,32604,WHITE MOUNTAIN PAPER,Natural Gas,INTRASTATE,NEW HAMPSHIRE,0,0.05,0,0,0.05,0,0,0,0,0,0,0,0,0,0,0,0,0,0,0,0,0,0,0,0,0,0,0,0,0,0,0,0,0,0,0,0,0,0,0,0,0,0,0,0,0,0.8,0,0,0.8,0,0.85,0,0,0.85,0,0,0,0,0,0,0,0.85,0,0,0.85
9/1/2026,2021,20220608,40457,32606,"BOARDWALK FIELD SERVICES, LLC",Natural Gas,INTRASTATE,TEXAS,11.2,0.68,1.55,0,13.43,0.38,0,0.98,0,1.36,0,0,0,0,0,0,0,0,0,0,0,0,0,0,0,0,0,0,0,0,0,0,0,0,0,0,0,0,0,0,0,0,0,0,0,0,0,0,0,0,11.58,0.68,2.53,0,14.79,0,0,0,0,0,0,11.58,0.68,2.53,0,14.79
9/1/2026,2021,20220200,40036,32616,"WOODLAND PULP, LLC",Natural Gas,INTRASTATE,MAINE,0,0,0,0,0,4.63,0,0.72,0,5.35,0,0,0,0,0,0,0,0,0,0,0,0,0,0,0,0,0,0,0,0,0,0,0,0,0,0,0,0,0,0,0,0,0,0,0,0,0,0,0,0,4.63,0,0.72,0,5.35,0,0,0,0,0,0,4.63,0,0.72,0,5.35
9/1/2026,2021,20220216,40052,32618,"ARKALON ETHANOL, LLC",Natural Gas,INTRASTATE,KANSAS,0.57,0,0,0,0.57,0,0,0,0,0,0,0,0,0,0,0,0,0,0,0,0,0,0,0,0,0,0,0,0,0,0,0,0,0,0,0,0,0,0,0,0,0,0,0,0,0,0,0,0,0,0.57,0,0,0,0.57,0,0,0,0,0,0,0.57,0,0,0,0.57
9/1/2026,2021,20220634,40483,32623,"SEACOAST GAS TRANSMISSION, LLC",Natural Gas,INTRASTATE,FLORIDA,0,0,0,0,0,1.85,7.38,0.15,0,9.38,0.17,0,0.02,0,0.19,6.89,1.37,2.97,0,11.23,0.5,3.56,0.68,0,4.74,6.5,1.28,0.14,0,7.92,0,0,0,0,0,0,0,0,0,0,18.17,1.01,2.06,0,21.24,0,0,0,0,0,34.08,14.6,6.02,0,54.7,0,0,0,0,0,0,34.08,14.6,6.02,0,54.7
9/1/2026,2021,20220002,39824,32624,MAGNUM HUNTER PRODUCTION INC,Natural Gas,INTRASTATE,KENTUCKY,0,1.134,0,0,1.134,0.713,0,0,0,0.713,0,0,0,0,0,0,0,0,0,0,0,0,0,0,0,0,0,0,0,0,0,0,0,0,0,0,0,0,0,0,0,0,0,0,0,0,0,0,0,0,0.713,1.134,0,0,1.847,0,0,0,0,0,0,0.713,1.134,0,0,1.847
9/1/2026,2021,20221116,41265,32626,"BBT ALABAMA, LLC",Natural Gas,INTRASTATE,ALABAMA,4.26,7,0,0,11.26,0.83,1.75,0.24,0,2.82,10.03,5.27,0.28,0,15.58,51.72,30.11,5.03,0,86.86,10.32,0.32,0,0,10.64,8.02,4.5,0.21,0,12.73,0,0,0,0,0,0,0,0,0,0,85.865,5.079,9.118,0,100.062,0,0,0,0,0,171.045,54.029,14.878,0,239.952,0,0,0,0,0,0,171.045,54.029,14.878,0,239.952
9/1/2026,2021,20220611,40460,32634,"ENLINK PERMIAN, LLC",Natural Gas,INTERSTATE,NEW MEXICO,0,0,0,0,0,0,0,0,0,0,0,0,0,0,0,0,0,0,0,0,0,0,0,0,0,4.03,0,0,0,4.03,0,0,0,0,0,0,0,0,0,0,0,0,0,0,0,0,0,0,0,0,4.03,0,0,0,4.03,0,0,0,0,0,0,4.03,0,0,0,4.03
9/1/2026,2021,20220611,40460,32634,"ENLINK PERMIAN, LLC",Natural Gas,INTERSTATE,TEXAS,0,0,0,0,0,0,0,0,0,0,0,0,0,0,0,0,0,0,0,0,0,0,0,0,0,0.84,0,0,0,0.84,0,0,0,0,0,0,0,0,0,0,0,0,0,0,0,0,0,0,0,0,0.84,0,0,0,0.84,0,0,0,0,0,0,0.84,0,0,0,0.84
9/1/2026,2021,20220611,40460,32634,"ENLINK PERMIAN, LLC",Natural Gas,INTRASTATE,TEXAS,0,0,0,0,0,0.001,0,0,0,0.001,0.045,0,0,0,0.045,2.5,0,0,0,2.5,1.716,0,0,0,1.716,14.224,0,0,0,14.224,18.412,0,0,0,18.412,0,0,0,0,0,0,0,0,0,0,0,0,0,0,0,36.898,0,0,0,36.898,0,0,0,0,0,0,36.898,0,0,0,36.898
9/1/2026,2021,20221262,41141,32636,"TALL OAK MID-CON, LLC",Natural Gas,INTRASTATE,OKLAHOMA,0,0,0,0,0,0,0,0,0,0,0,0,0,0,0,0,0,0,0,0,0,0,0,0,0,16.456,0,0,0,16.456,0,0,0,0,0,0,0,0,0,0,0,0,0,0,0,0,0,0,0,0,16.456,0,0,0,16.456,0,0,0,0,0,0,16.456,0,0,0,16.456
9/1/2026,2021,20220292,40131,32637,CLEAN HARBORS LONE MOUNTAIN FACILITY,Natural Gas,INTRASTATE,OKLAHOMA,5,0,0,0,5,0,0,0,0,0,0,0,0,0,0,0,0,0,0,0,0,0,0,0,0,0,0,0,0,0,0,0,0,0,0,0,0,0,0,0,0,0,0,0,0,0,0,0,0,0,5,0,0,0,5,0,0,0,0,0,0,5,0,0,0,5
9/1/2026,2021,20220069,39894,32638,MACPHERSON OIL COMPANY,Natural Gas,INTERSTATE,CALIFORNIA,0,0,0,0,0,0,0,0,0,0,6.8,0,0,0,6.8,0,0,0,0,0,0,0,0,0,0,0,0,0,0,0,0,0,0,0,0,0,0,0,0,0,0,0,0,0,0,0,0,0,0,0,6.8,0,0,0,6.8,0,0,0,0,0,0,6.8,0,0,0,6.8
9/1/2026,2021,20221280,41160,32639,"CRAWFORD COUNTY GAS GATHERING, LLC",Natural Gas,INTRASTATE,ILLINOIS,0.279,0,0,0,0.279,0,0,0,0,0,0,0,0,0,0,0,0,0,0,0,0,0,0,0,0,0,0,0,0,0,0,0,0,0,0,0,0,0,0,0,0,0,0,0,0,0,0,0,0,0,0.279,0,0,0,0.279,0,0,0,0,0,0,0.279,0,0,0,0.279
9/1/2026,2021,20221175,41049,32641,AUX SABLE MIDSTREAM,Natural Gas,INTRASTATE,NORTH DAKOTA,0,0,0,0,0,0,0,0,0,0,0,0,0,0,0,7.167,0,0,0,7.167,0,0,0,0,0,77.612,0,0,0,77.612,0,0,0,0,0,0,0,0,0,0,0,0,0,0,0,0,0,0,0,0,84.779,0,0,0,84.779,0,0,0,0,0,0,84.779,0,0,0,84.779
9/1/2026,2021,20221201,41077,32642,NAFTEX OPERATING COMPANY,Natural Gas,INTRASTATE,CALIFORNIA,0,0,0,0,0,0,0,0,0,0,0,0,0,0,0,0,0,0,0,0,0,0,0,0,0,0,0,0,0,0,0,0,0,0,0,0,0,0,0,0,0,0,0,0,0,6.11,0,0.26,0,6.37,6.11,0,0.26,0,6.37,0,0,0,0,0,0,6.11,0,0.26,0,6.37
9/1/2026,2021,20221240,41118,32645,"HILCORP ALASKA, LLC",Natural Gas,INTRASTATE,ALASKA,0.71,0,0,0,0.71,0.39,0,0,0,0.39,1.21,0,0,0,1.21,13.39,6.96,1.31,0,21.66,0.49,0.71,0,0,1.2,0,0,0,0,0,0,0,0,0,0,0,0,0,0,0,0,0,0,0,0,0,0,0,0,0,16.19,7.67,1.31,0,25.17,25.97,0,0,0,0,25.97,42.16,7.67,1.31,0,51.14
9/1/2026,2021,20221223,41100,32646,"CHESAPEAKE OPERATING, L.L.C.",Natural Gas,INTRASTATE,PENNSYLVANIA,0,0,0,0,0,1.283,0,0,0,1.283,0,0,0,0,0,0,0,0,0,0,0,0,0,0,0,0,0,0,0,0,0,0,0,0,0,0,0,0,0,0,0,0,0,0,0,0,0,0,0,0,1.283,0,0,0,1.283,0,0,0,0,0,0,1.283,0,0,0,1.283
9/1/2026,2021,20221223,41100,32646,"CHESAPEAKE OPERATING, L.L.C.",Natural Gas,INTRASTATE,TEXAS,0,0,0,0,0,0.113,2.304,0,0,2.417,0,0,0,0,0,0,0,0,0,0,0,0,0,0,0,0,0,0,0,0,0,0,0,0,0,0,0,0,0,0,1.32,3.316,0,0,4.636,0,0,0,0,0,1.433,5.62,0,0,7.053,0,0,0,0,0,0,1.433,5.62,0,0,7.053
9/1/2026,2021,20220983,40849,32647,NAVITAS UTILITY COPORATION,Natural Gas,INTRASTATE,TEXAS,2.94,0,0,0,2.94,0,0,0,0,0,0,0,0,0,0,0,0,0,0,0,0,0,0,0,0,0,0,0,0,0,0,0,0,0,0,0,0,0,0,0,0,0,0,0,0,0,0,0,0,0,2.94,0,0,0,2.94,0,0,0,0,0,0,2.94,0,0,0,2.94
9/1/2026,2021,20220466,40312,32655,"EAST CHEYENNE GAS STORAGE, LLC",Natural Gas,INTERSTATE,COLORADO,0,0,0,0,0,0,0,0,0,0,0.11,0,0,0,0.11,1.986,0,0,0,1.986,0.956,0,0,0,0.956,4.858,0,0,0,4.858,0,0,0,0,0,0,0,0,0,0,0,0,0,0,0,0,0,0,0,0,7.91,0,0,0,7.91,0,0,0,0,0,0,7.91,0,0,0,7.91
9/1/2026,2021,20221270,41149,32657,"CARDINAL OPERATING COMPANY, LLC",Natural Gas,INTRASTATE,NORTH CAROLINA,0,0,0,0,0,0,0,0,0,0,1.534,0.148,0.086,0,1.768,24.299,12.555,17.394,0,54.248,22.889,11.109,15.003,0,49.001,0,0,0,0,0,0,0,0,0,0,0,0,0,0,0,0,0,0,0,0,0,0,0,0,0,48.722,23.812,32.483,0,105.017,0,0,0,0,0,0,48.722,23.812,32.483,0,105.017
9/1/2026,2021,20220390,40233,32659,"ENREMA, LLC",Natural Gas,INTRASTATE,TENNESSEE,0,0,0,0,0,0,0,0,0,0,0,0,0,0,0,0,0,0,0,0,47,6,0,0,53,0,0,0,0,0,0,0,0,0,0,0,0,0,0,0,0,0,0,0,0,0,0,0,0,0,47,6,0,0,53,0,0,0,0,0,0,47,6,0,0,53
9/1/2026,2021,20220129,39961,32665,ABBOTT NUTRITION SUPPLY CHAIN,Natural Gas,INTRASTATE,ARIZONA,0.955,0,0,0,0.955,0,0,0,0,0,0,0,0,0,0,0,0,0,0,0,0,0,0,0,0,0,0,0,0,0,0,0,0,0,0,0,0,0,0,0,0,0,0,0,0,0,0,0,0,0,0.955,0,0,0,0.955,0,0,0,0,0,0,0.955,0,0,0,0.955
9/1/2026,2021,20220210,40046,32670,"SUPERIOR APPALACHIAN PIPELINE, L.L.C.",Natural Gas,INTRASTATE,PENNSYLVANIA,0,0,0,0,0,0,0,0,0,0,7.46,0,0,0,7.46,0,0,0,0,0,0,0,0,0,0,0,0,0,0,0,0,0,0,0,0,0,0,0,0,0,0,0,0,0,0,0,0,0,0,0,7.46,0,0,0,7.46,0,0,0,0,0,0,7.46,0,0,0,7.46
9/1/2026,2021,20221146,41018,32672,"NFG MIDSTREAM TROUT RUN, LLC",Natural Gas,INTRASTATE,PENNSYLVANIA,0,0,0,0,0,0,0,0,0,0,1.15,0,0,0,1.15,1.88,3.91,0,0,5.79,5.44,1.57,0,0,7.01,5.66,0,0,0,5.66,0,0,0,0,0,0,0,0,0,0,0,0,0,0,0,0,0,0,0,0,14.13,5.48,0,0,19.61,0,0,0,0,0,0,14.13,5.48,0,0,19.61
9/1/2026,2021,20220331,40171,32674,"KEYROCK ENERGY, LLC",Natural Gas,INTRASTATE,ILLINOIS,0,0,0,0,0,0.8,0,0,0,0.8,0,0,0,0,0,0,0,0,0,0,0,0,0,0,0,0,0,0,0,0,0,0,0,0,0,0,0,0,0,0,0,0,0,0,0,0,0,0,0,0,0.8,0,0,0,0.8,0,0,0,0,0,0,0.8,0,0,0,0.8
9/1/2026,2021,20220594,40442,32682,"GREENLEAF CO2 SOLUTIONS, LLC",Natural Gas,INTRASTATE,MISSISSIPPI,0,5.6,0,0,5.6,0,25.8,0,0,25.8,0,0,0,0,0,0,0,0,0,0,0,0,0,0,0,0,0,0,0,0,0,0,0,0,0,0,0,0,0,0,0,0,0,0,0,0,0,0,0,0,0,31.4,0,0,31.4,0,0,0,0,0,0,0,31.4,0,0,31.4
9/1/2026,2021,20221271,41150,32684,"PINE NEEDLE OPERATING COMPANY,LLC",Natural Gas,INTERSTATE,NORTH CAROLINA,0,0,0,0,0,0.518,0,0,0,0.518,0.001,0.009,0,0,0.01,1.217,0.346,0,0,1.563,0,0,0,0,0,0,0,0,0,0,0,0,0,0,0,0,0,0,0,0,0,0,0,0,0,0,0,0,0,0,1.736,0.355,0,0,2.091,0,0,0,0,0,0,1.736,0.355,0,0,2.091
9/1/2026,2021,20220708,40563,32685,CALGAS LLC,Natural Gas,INTRASTATE,TEXAS,0,0,0,0,0,0,0,0,0,0,0,0,0,0,0,5.74,0,0,0,5.74,0,0,0,0,0,0,0,0,0,0,0,0,0,0,0,0,0,0,0,0,0,0,0,0,0,0,0,0,0,0,5.74,0,0,0,5.74,0,0,0,0,0,0,5.74,0,0,0,5.74
9/1/2026,2021,20220796,40656,38883,HUNT SOUTHLAND REFINING COMPANY,Natural Gas,INTRASTATE,MISSISSIPPI,0,0,0,0,0,0,0,0,0,0,0,0,0,0,0,0,0,0,0,0,0,0,0,0,0,0,0,0,0,0,0,0,0,0,0,0,0,0,0,0,2,1.08,0,0,3.08,0,0,0,0,0,2,1.08,0,0,3.08,0,0,0,0,0,0,2,1.08,0,0,3.08
9/1/2026,2021,20221173,41047,38886,JOHNSTOWN REGIONAL ENERGY,Other Gas-Processed Landfill Gas,INTRASTATE,PENNSYLVANIA,4.4,1,0.3,0,5.7,0,0,0,0,0,0,0,0,0,0,0,0,0,0,0,0,0,0,0,0,0,0,0,0,0,0,0,0,0,0,0,0,0,0,0,0,0,0,0,0,6.5,2.3,0,0,8.8,10.9,3.3,0.3,0,14.5,0,0,0,0,0,0,10.9,3.3,0.3,0,14.5
9/1/2026,2021,20220315,40154,38897,MARABOU SUPERIOR PIPELINE,Natural Gas,INTRASTATE,TEXAS,5.372,0,0,0,5.372,0,0,0,0,0,0,0,0,0,0,0,0,0,0,0,0,0,0,0,0,0,0,0,0,0,0,0,0,0,0,0,0,0,0,0,0,0,0,0,0,3.726,0,0,0,3.726,9.098,0,0,0,9.098,0,0,0,0,0,0,9.098,0,0,0,9.098
9/1/2026,2021,20220315,40154,38897,MARABOU SUPERIOR PIPELINE,Natural Gas,INTRASTATE,WISCONSIN,0.01,0,0,0,0.01,0,0,0,0,0,0,0,0,0,0,0,0,0,0,0,0,0,0,0,0,0,0,0,0,0,0,0,0,0,0,0,0,0,0,0,0,0,0,0,0,8.586,0,0,0,8.586,8.596,0,0,0,8.596,0,0,0,0,0,0,8.596,0,0,0,8.596
9/1/2026,2021,20220786,40644,38901,"PERRYVILLE GAS STORAGE, LLC",Natural Gas,INTERSTATE,LOUISIANA,0,0,0,0,0,0,0,0,0,0,0,0,0,0,0,0,0,0,0,0,0,0,0,0,0,14.84,0,0,0,14.84,0,0,0,0,0,0,0,0,0,0,0,0,0,0,0,0,0,0,0,0,14.84,0,0,0,14.84,0,0,0,0,0,0,14.84,0,0,0,14.84
9/1/2026,2021,20221053,40921,38902,"HIGH POINT GAS TRANSMISSION, LLC",Natural Gas,INTERSTATE,LOUISIANA,155.65,0,0,0,155.65,0,0,0,0,0,0,0,0,0,0,0,0,0,0,0,0,0,0,0,0,0,0,0,0,0,0,0,0,0,0,0,0,0,0,0,0,0,0,0,0,0,0,0,0,0,155.65,0,0,0,155.65,32.71,0,0,0,0,32.71,188.36,0,0,0,188.36
9/1/2026,2021,20221053,40921,38902,"HIGH POINT GAS TRANSMISSION, LLC",Natural Gas,INTERSTATE,OCS-Gulf of Mexico,0,0,0,0,0,0,0,0,0,0,0,0,0,0,0,0,0,0,0,0,0,0,0,0,0,0,0,0,0,0,0,0,0,0,0,0,0,0,0,0,0,0,0,0,0,0,0,0,0,0,0,0,0,0,0,155.64,0,0,0,0,155.64,155.64,0,0,0,155.64
9/1/2026,2021,20221132,41003,38904,CALERA GATHERING LLC,Natural Gas,INTRASTATE,ALABAMA,0,0,0,0,0,0.4,0,0,0,0.4,0,0,0,0,0,22.2,0,0,0,22.2,0,0,0,0,0,0,0,0,0,0,0,0,0,0,0,0,0,0,0,0,0,0,0,0,0,0,0,0,0,0,22.6,0,0,0,22.6,0,0,0,0,0,0,22.6,0,0,0,22.6
9/1/2026,2021,20221013,40879,38906,LIBERTY UTILITIES (MIDSTATES NATURAL GAS) CORP. D/B/A LIBERTY UTILITIES,Natural Gas,INTRASTATE,ILLINOIS,0,0,0,0,0,7.67,0,0,0,7.67,0,0,0,0,0,0,0,0,0,0,0,0,0,0,0,0,0,0,0,0,0,0,0,0,0,0,0,0,0,0,0,0,0,0,0,0,0,0,0,0,7.67,0,0,0,7.67,0,0,0,0,0,0,7.67,0,0,0,7.67
9/1/2026,2021,20221013,40879,38906,LIBERTY UTILITIES (MIDSTATES NATURAL GAS) CORP. D/B/A LIBERTY UTILITIES,Natural Gas,INTRASTATE,IOWA,0,0,0,0,0,0.72,0,0,0,0.72,5.58,2.09,0.14,0,7.81,13.56,9.33,1.5,0,24.39,0,0,0,0,0,0,0,0,0,0,0,0,0,0,0,0,0,0,0,0,0,0,0,0,0,0,0,0,0,0,19.86,11.42,1.64,0,32.92,0,0,0,0,0,0,19.86,11.42,1.64,0,32.92
9/1/2026,2021,20221013,40879,38906,LIBERTY UTILITIES (MIDSTATES NATURAL GAS) CORP. D/B/A LIBERTY UTILITIES,Natural Gas,INTRASTATE,MISSOURI,0,0,0,0,0,13.43,8.6,8.14,0,30.17,34.64,27.8,14.23,0,76.67,44.99,18.82,7.99,0,71.8,0,0,0,0,0,0,0,0,0,0,0,0,0,0,0,0,0,0,0,0,0,0,0,0,0,0,0,0,0,0,93.06,55.22,30.36,0,178.64,0,0,0,0,0,0,93.06,55.22,30.36,0,178.64
9/1/2026,2021,20220040,39863,38907,SOUTHERN ILLINOIS POWER COOPERATIVE,Natural Gas,INTRASTATE,ILLINOIS,0,0,0,0,0,0,0,0,0,0,0,0,0,0,0,5.45,0,0,0,5.45,0,0,0,0,0,0,0,0,0,0,0,0,0,0,0,0,0,0,0,0,0,0,0,0,0,0,0,0,0,0,5.45,0,0,0,5.45,0,0,0,0,0,0,5.45,0,0,0,5.45
9/1/2026,2021,20220048,39873,38908,"PRAIRIELAND PIPELINE, LLC",Natural Gas,INTRASTATE,ILLINOIS,4.68,0,0,0,4.68,0,0,0,0,0,0,0,0,0,0,0,0,0,0,0,0,0,0,0,0,0,0,0,0,0,0,0,0,0,0,0,0,0,0,0,0,0,0,0,0,0,0,0,0,0,4.68,0,0,0,4.68,0,0,0,0,0,0,4.68,0,0,0,4.68
9/1/2026,2021,20220021,39843,38909,"COMPRESSED ENERGY SYSTEMS, LLC",Natural Gas,INTRASTATE,ILLINOIS,0.47,0,0,0,0.47,0,0,0,0,0,0,0,0,0,0,0,0,0,0,0,0,0,0,0,0,0,0,0,0,0,0,0,0,0,0,0,0,0,0,0,0,0,0,0,0,0,0,0,0,0,0.47,0,0,0,0.47,0,0,0,0,0,0,0.47,0,0,0,0.47
9/1/2026,2021,20220354,40196,38910,CNX RESOURCES CORPORATION,Natural Gas,INTRASTATE,PENNSYLVANIA,0,0,0,0,0,0.02,0,0,0,0.02,2.98,1.07,0,0,4.05,0,0,0,0,0,0,0,0,0,0,0,0,0,0,0,0,0,0,0,0,0,0,0,0,0,0,0,0,0,0,0,0,0,0,0,3,1.07,0,0,4.07,0,0,0,0,0,0,3,1.07,0,0,4.07
9/1/2026,2021,20220354,40196,38910,CNX RESOURCES CORPORATION,Natural Gas,INTRASTATE,VIRGINIA,0,0,0,0,0,0,0,0,0,0,0.91,0,0,0,0.91,0,0,0,0,0,0,0,0,0,0,0,0,0,0,0,0,0,0,0,0,0,0,0,0,0,0,0,0,0,0,0,0,0,0,0,0.91,0,0,0,0.91,0,0,0,0,0,0,0.91,0,0,0,0.91
9/1/2026,2021,20220082,39910,38914,ANDROSCOGGIN VALLEY REGIONAL REFUSE DISPOSAL DISTRICT,Landfill Gas,INTRASTATE,NEW HAMPSHIRE,0,0,0,0,0,0,0,0,0,0,0,0,0,0,0,0,0,0,0,0,0,0,0,0,0,0,0,0,0,0,0,0,0,0,0,0,0,0,0,0,0,0,0,0,0,1.8,0,0,0,1.8,1.8,0,0,0,1.8,0,0,0,0,0,0,1.8,0,0,0,1.8
9/1/2026,2021,20220014,39836,38917,KING-MURRAY OPERATING COMPANY LLC,Natural Gas,INTRASTATE,FLORIDA,0,0,0,0,0,0,0,0,0,0,0,0,0,0,0,2,0,0,0,2,0,0,0,0,0,0,0,0,0,0,0,0,0,0,0,0,0,0,0,0,0,0,0,0,0,0,0,0,0,0,2,0,0,0,2,0,0,0,0,0,0,2,0,0,0,2
9/1/2026,2021,20220892,40753,38919,LEGACY RESERVES OPERATING LP,Natural Gas,INTRASTATE,TEXAS,0,0,0,0,0,0,0,0,0,0,13.06,0,0,0,13.06,0.94,0,0,0,0.94,0,0,0,0,0,0,0,0,0,0,0,0,0,0,0,0,0,0,0,0,0,0,0,0,0,0,0,0,0,0,14,0,0,0,14,0,0,0,0,0,0,14,0,0,0,14
9/1/2026,2021,20221374,41327,38920,"CHERRY ISLAND RENEWABLE ENERGY, LLC (CIRE)",Landfill Gas,INTRASTATE,DELAWARE,0,0,0,0,0,0,0,0,0,0,0,0,0,0,0,0,0,0,0,0,0,0,0,0,0,0,0,0,0,0,0,0,0,0,0,0,0,0,0,0,0,0,0,0,0,4.1,0,0,0,4.1,4.1,0,0,0,4.1,0,0,0,0,0,0,4.1,0,0,0,4.1
9/1/2026,2021,20220346,40188,38923,PROSPECTOR PIPELINE COMPANY,Natural Gas,INTRASTATE,NEVADA,0,0,0,0,0,0,0,0,0,0,0,0,0,0,0,3.1,0,0,0,3.1,0,0,0,0,0,24.2,0,0,0,24.2,0,0,0,0,0,0,0,0,0,0,0,0,0,0,0,0,0,0,0,0,27.3,0,0,0,27.3,0,0,0,0,0,0,27.3,0,0,0,27.3
9/1/2026,2021,20220735,40592,38925,"NUCOR STEEL KINGMAN, LLC",Natural Gas,INTRASTATE,ARIZONA,1.73,0,0,0,1.73,0,0,0,0,0,0,0,0,0,0,0,0,0,0,0,0,0,0,0,0,0,0,0,0,0,0,0,0,0,0,0,0,0,0,0,0,0,0,0,0,0,0,0,0,0,1.73,0,0,0,1.73,0,0,0,0,0,0,1.73,0,0,0,1.73
9/1/2026,2021,20221167,41041,38926,BLACK BEAR MIDSTREAM LLC,Natural Gas,INTRASTATE,LOUISIANA,0,0,0,0,0,0,0,0,0,0,0,0,0,0,0,0,0,0,0,0,0,0,0,0,0,7.5,0,0,0,7.5,0,0,0,0,0,0,0,0,0,0,0,0,0,0,0,0,0,0,0,0,7.5,0,0,0,7.5,0,0,0,0,0,0,7.5,0,0,0,7.5
9/1/2026,2021,20220549,40395,38927,UGI ENERGY SERVICES,Natural Gas,INTERSTATE,PENNSYLVANIA,0,0,0,0,0,0.192,0,0.005,0,0.197,0.688,0.009,0.494,0,1.191,5.145,2.738,11.799,0,19.682,35.875,13.752,2.504,0,52.131,0,0,0,0,0,0,0,0,0,0,0,0,0,0,0,0,0,0,0,0,0,0,0,0,0,41.9,16.499,14.802,0,73.201,0,0,0,0,0,0,41.9,16.499,14.802,0,73.201
9/1/2026,2021,20220549,40395,38927,UGI ENERGY SERVICES,Natural Gas,INTRASTATE,OHIO,0,0,0,0,0,0,0.039,0,0,0.039,0,1.05,0,0,1.05,0,1.538,0,0,1.538,0,0,0,0,0,0,1.214,0,0,1.214,0,0,0,0,0,0,0,0,0,0,0,0,0,0,0,0,0,0,0,0,0,3.841,0,0,3.841,0,0,0,0,0,0,0,3.841,0,0,3.841
9/1/2026,2021,20221294,41176,38929,"LYNX OPERATING CO., INC.",Natural Gas,INTRASTATE,TEXAS,0,0,0,0,0,0,0,0,0,0,0,0,0,0,0,11,0,0,0,11,0,0,0,0,0,0,0,0,0,0,0,0,0,0,0,0,0,0,0,0,0,0,0,0,0,0,0,0,0,0,11,0,0,0,11,0,0,0,0,0,0,11,0,0,0,11
9/1/2026,2021,20220654,40508,38932,"BLUESTONE PIPELINE COMPANY OF PA, LLC",Natural Gas,INTRASTATE,NEW YORK,0,0,0,0,0,0,0,0,0,0,0,0,0,0,0,0.9,0,0,0,0.9,10.4,0,0,0,10.4,0,0,0,0,0,0,0,0,0,0,0,0,0,0,0,0,0,0,0,0,0,0,0,0,0,11.3,0,0,0,11.3,0,0,0,0,0,0,11.3,0,0,0,11.3
9/1/2026,2021,20220654,40508,38932,"BLUESTONE PIPELINE COMPANY OF PA, LLC",Natural Gas,INTRASTATE,PENNSYLVANIA,0,0,0,0,0,0,0,0,0,0,3.2,0.6,0,0,3.8,9.84,1.44,0,0,11.28,36.33,2.33,0,0,38.66,0,0,0,0,0,0,0,0,0,0,0,0,0,0,0,0,0,0,0,0,0,0,0,0,0,49.37,4.37,0,0,53.74,0,0,0,0,0,0,49.37,4.37,0,0,53.74
9/1/2026,2021,20220745,40602,38943,"EAGLE FORD MIDSTREAM, LP",Natural Gas,INTRASTATE,TEXAS,,0,0,0,0,2.096,0,0,0,2.096,7.232,0,0,0,7.232,0.705,0,0,0,0.705,53.393,0,0,0,53.393,106.901,0,0,0,106.901,0,0,0,0,0,0,0,0,0,0,0,0,0,0,0,0,0,0,0,0,170.327,0,0,0,170.327,0,0,0,0,0,0,170.327,0,0,0,170.327
9/1/2026,2021,20220785,40643,38950,"CADEVILLE GAS STORAGE, LLC",Natural Gas,INTERSTATE,LOUISIANA,0,0,0,0,0,0,0,0,0,0,0,0,0,0,0,0,0,0,0,0,0,0,0,0,0,7.09,1.06,0,0,8.15,0,0,0,0,0,0,0,0,0,0,0,0,0,0,0,0,0,0,0,0,7.09,1.06,0,0,8.15,0,0,0,0,0,0,7.09,1.06,0,0,8.15
9/1/2026,2021,20220154,39987,38952,TPL ARKOMA HOLDINGS LLC,Natural Gas,INTRASTATE,OKLAHOMA,0,0,0,0,0,0,0,0,0,0,0,0,0,0,0,3.247,0,0,0,3.247,0,0,0,0,0,0.163,0,0,0,0.163,0,0,0,0,0,0,0,0,0,0,0,0,0,0,0,0,0,0,0,0,3.41,0,0,0,3.41,0,0,0,0,0,0,3.41,0,0,0,3.41
9/1/2026,2021,20220652,40505,38955,SENECA LANDFILL,Other Gas-processed landfill gas,INTRASTATE,PENNSYLVANIA,0,0,0,0,0,0,0,0,0,0,0,0,0,0,0,0,0,0,0,0,0,0,0,0,0,0,0,0,0,0,0,0,0,0,0,0,0,0,0,0,0,0,0,0,0,0,2,0,0,2,0,2,0,0,2,0,0,0,0,0,0,0,2,0,0,2
9/1/2026,2021,20221068,40937,38959,CITY OF MIDLAND UTILITIES DIVISION,Landfill Gas,INTRASTATE,MICHIGAN,0,0,0,0,0,0,0,0,0,0,0,0,0,0,0,0,0,0,0,0,0,0,0,0,0,0,0,0,0,0,0,0,0,0,0,0,0,0,0,0,0,0,0,0,0,3,0,0.4,0,3.4,3,0,0.4,0,3.4,0,0,0,0,0,0,3,0,0.4,0,3.4
9/1/2026,2021,20220680,40535,38965,"CITY OF ALBUQUERQUE, SOLID WASTE MANAGEMENT DEPT.",Landfill Gas,INTRASTATE,NEW MEXICO,0,0,0,0,0,0,0,0,0,0,0,0,0,0,0,0,0,0,0,0,0,0,0,0,0,0,0,0,0,0,0,0,0,0,0,0,0,0,0,0,0,0,0,0,0,0.945,0,1,0,1.945,0.945,0,1,0,1.945,0,0,0,0,0,0,0.945,0,1,0,1.945
9/1/2026,2021,20221162,41036,38967,LIBERTY ENERGY (GEORGIA) CORP D/B/A LIBERTY UTILITIES GEORGIA,Natural Gas,INTRASTATE,GEORGIA,0,0,8.9,0,8.9,1.6,16.8,8.8,0,27.2,1.6,13.3,11.6,0,26.5,0,0,0,0,0,0,0,0,0,0,0,0,0,0,0,0,0,0,0,0,0,0,0,0,0,0,0,0,0,0,0,0,0,0,0,3.2,30.1,29.3,0,62.6,0,0,0,0,0,0,3.2,30.1,29.3,0,62.6
9/1/2026,2021,20220087,39916,38972,ORANGE COUNTY SANITATION DISTRICT,Other Gas-Methane,INTRASTATE,CALIFORNIA,0,0,0,0,0,0,0,0,0,0,0,0,0,0,0,0,0,0,0,0,0,0,0,0,0,0,0,0,0,0,0,0,0,0,0,0,0,0,0,0,0,0,0,0,0,0,0,3.792,0,3.792,0,0,3.792,0,3.792,0,0,0,0,0,0,0,0,3.792,0,3.792
9/1/2026,2021,20220851,40711,38987,KINETICA ENERGY EXPRESS LLC,Natural Gas,INTERSTATE,LOUISIANA,0.4,0,0,0,0.4,4.18,0.01,0,0,4.19,48.41,0.12,0,0,48.53,27.02,0.92,0,0,27.94,192.36,3.79,0,0,196.15,237.9,2.59,0.6,0,241.09,39.01,0.85,0,0,39.86,35.96,0.08,0,0,36.04,0,0,0,0,0,0,0,0,0,0,585.24,8.36,0.6,0,594.2,16.64,60.04,0,0,0,76.68,661.92,8.36,0.6,0,670.88
9/1/2026,2021,20220851,40711,38987,KINETICA ENERGY EXPRESS LLC,Natural Gas,INTERSTATE,OCS-Gulf of Mexico,0,0,0,0,0,0,0,0,0,0,0,0,0,0,0,0,0,0,0,0,0,0,0,0,0,0,0,0,0,0,0,0,0,0,0,0,0,0,0,0,0,0,0,0,0,0,0,0,0,0,0,0,0,0,0,95.86,334.34,0,0,0,430.2,430.2,0,0,0,430.2
9/1/2026,2021,20220851,40711,38987,KINETICA ENERGY EXPRESS LLC,Natural Gas,INTERSTATE,TEXAS,0,0,0,0,0,0,0,0,0,0,0,0,0,0,0,0,0,0,0,0,0,0,0,0,0,0,0,0,0,0,0,0,0,0,0,0,0,0,0,0,0,0,0,0,0,0,0,0,0,0,0,0,0,0,0,0.01,3.31,0,0,0,3.32,3.32,0,0,0,3.32
9/1/2026,2021,20221344,41250,38993,"HG ENERGY, LLC",Natural Gas,INTRASTATE,WEST VIRGINIA,0,0,0,0,0,1.69,0.45,0,0,2.14,0,0,0,0,0,0,0,0,0,0,0,0,0,0,0,0,0,0,0,0,0,0,0,0,0,0,0,0,0,0,0,0,0,0,0,0,0,0,0,0,1.69,0.45,0,0,2.14,0,0,0,0,0,0,1.69,0.45,0,0,2.14
9/1/2026,2021,20220373,40215,39004,SEADRIFT COKE LP,Natural Gas,INTRASTATE,TEXAS,0,0,0,0,0,0,0,0,0,0,0.08,0,0,0,0.08,0,0,0,0,0,0,0,0,0,0,0,0,0,0,0,0,0,0,0,0,0,0,0,0,0,0,0,0,0,0,0,0,0,0,0,0.08,0,0,0,0.08,0,0,0,0,0,0,0.08,0,0,0,0.08
9/1/2026,2021,20221135,41006,39012,"SUMMIT MIDSTREAM PARTNERS, LLC",Natural Gas,INTRASTATE,OHIO,0,0,0,0,0,0,0,0,0,0,0,0,0,0,0,2.01,0,0,0,2.01,0,0,0,0,0,0,0,0,0,0,0,0,0,0,0,0,0,0,0,0,0,0,0,0,0,0,0,0,0,0,2.01,0,0,0,2.01,0,0,0,0,0,0,2.01,0,0,0,2.01
9/1/2026,2021,20220710,40566,39022,"FINLEY RESOURCES, INC.",Natural Gas,INTRASTATE,TEXAS,0,0,0,0,0,1.09,0,0,0,1.09,0,0,0,0,0,0,0,0,0,0,0,0,0,0,0,0,0,0,0,0,0,0,0,0,0,0,0,0,0,0,0,0,0,0,0,0,0,0,0,0,1.09,0,0,0,1.09,0,0,0,0,0,0,1.09,0,0,0,1.09
9/1/2026,2021,20221381,41355,39027,NRG ENERGY SERVICES,Natural Gas,INTRASTATE,CALIFORNIA,0,0,0,0,0,0.5,0,0,0,0.5,5.1,0,0,0,5.1,0,0,0,0,0,0,0,0,0,0,0,0,0,0,0,0,0,0,0,0,0,0,0,0,0,0,0,0,0,0,0,0,0,0,0,5.6,0,0,0,5.6,0,0,0,0,0,0,5.6,0,0,0,5.6
9/1/2026,2021,20220342,40182,39031,MINARD RUN OIL CO.,Natural Gas,INTRASTATE,NEW YORK,0,0,0,0,0,0,0,0,0,0,0,0,0,0,0,0,0,0,0,0,0,0,0,0,0,0,0,0,0,0,0,0,0,0,0,0,0,0,0,0,6.85,0,0,0,6.85,0,0,0,0,0,6.85,0,0,0,6.85,0,0,0,0,0,0,6.85,0,0,0,6.85
9/1/2026,2021,20220298,40187,39033,"NESSON GATHERING SYSTEM, LLC",Natural Gas,INTRASTATE,NORTH DAKOTA,0,0,0,0,0,1.6,0,0,0,1.6,0,0,0,0,0,0,0,0,0,0,0,0,0,0,0,0,0,0,0,0,0,0,0,0,0,0,0,0,0,0,0,0,0,0,0,0,0,0,0,0,1.6,0,0,0,1.6,0,0,0,0,0,0,1.6,0,0,0,1.6
9/1/2026,2021,20221123,40993,39035,COGENT MIDSTREAM WESTEX LLC.,Natural Gas,INTRASTATE,TEXAS,9,0,0,0,9,0,0,0,0,0,0,0,0,0,0,0,0,0,0,0,0,0,0,0,0,0,0,0,0,0,0,0,0,0,0,0,0,0,0,0,0,0,0,0,0,0,0,0,0,0,9,0,0,0,9,0,0,0,0,0,0,9,0,0,0,9
9/1/2026,2021,20221257,41350,39060,"PANTHER PIPELINE, LLC",Natural Gas,INTRASTATE,TEXAS,0,0,0,0,0,0,0,0,0,0,0,0,0.9,0,0.9,0,0,0,0,0,0,0,0,0,0,0,0,0,0,0,0,0,0,0,0,0,0,0,0,0,0,0,0,0,0,0,0,0,0,0,0,0,0.9,0,0.9,0,0,0,0,0,0,0,0,0.9,0,0.9
9/1/2026,2021,20220243,40081,39063,"CORN, LP",Natural Gas,INTRASTATE,IOWA,0.01,0,0,0,0.01,0,0,0,0,0,0,0,0,0,0,0,0,0,0,0,0,0,0,0,0,0,0,0,0,0,0,0,0,0,0,0,0,0,0,0,0,0,0,0,0,5.49,0,0,0,5.49,5.5,0,0,0,5.5,0,0,0,0,0,0,5.5,0,0,0,5.5
9/1/2026,2021,20220978,40844,39065,HESS ND,Natural Gas,INTRASTATE,NORTH DAKOTA,0,0,0,0,0,7.596,0,0,0,7.596,0.32,0,0,0,0.32,0,0,0,0,0,0,0,0,0,0,0,0,0,0,0,0,0,0,0,0,0,0,0,0,0,0,0,0,0,0,0,0,0,0,0,7.916,0,0,0,7.916,0,0,0,0,0,0,7.916,0,0,0,7.916
9/1/2026,2021,20220944,40808,39066,"SUMMIT NATURAL GAS OF MAINE, INC.",Natural Gas,INTRASTATE,MAINE,0,0,0.26,0.21,0.47,0,0.01,0.2,0,0.21,1.62,17.56,4.76,0,23.94,0,17.86,25.54,0,43.4,0,0,0,0,0,0,0,0,0,0,0,0,0,0,0,0,0,0,0,0,0,0,0,0,0,0,0,0,0,0,1.62,35.43,30.76,0.21,68.02,0,0,0,0,0,0,1.62,35.43,30.76,0.21,68.02
9/1/2026,2021,20220362,40204,39067,"FLINT HILLS RESOURCES ARTHUR, LLC",Natural Gas,INTRASTATE,IOWA,0,0,0,0,0,0,0,0,0,0,22,0,0,0,22,0,0,0,0,0,0,0,0,0,0,0,0,0,0,0,0,0,0,0,0,0,0,0,0,0,0,0,0,0,0,0,0,0,0,0,22,0,0,0,22,0,0,0,0,0,0,22,0,0,0,22
9/1/2026,2021,20220108,39940,39070,"PGP OPERATING, LLC",Natural Gas,INTRASTATE,ALABAMA,0,0,0,0,0,0,0,0,0,0,0,0.68,0,0,0.68,0,0,0,0,0,0,0,0,0,0,0,0,0,0,0,0,0,0,0,0,0,0,0,0,0,0,0,0,0,0,0,0,0,0,0,0,0.68,0,0,0.68,0,0,0,0,0,0,0,0.68,0,0,0.68
9/1/2026,2021,20221003,40869,39074,"ELK HILLS POWER, LLC",Natural Gas,INTRASTATE,CALIFORNIA,0,0,0,0,0,0,0,0,0,0,0,0,0,0,0,10,0,0,0,10,0,0,0,0,0,0,0,0,0,0,0,0,0,0,0,0,0,0,0,0,0,0,0,0,0,0,0,0,0,0,10,0,0,0,10,0,0,0,0,0,0,10,0,0,0,10
9/1/2026,2021,20221274,41153,39078,GATEWAY DELMAR LLC,Natural Gas,INTRASTATE,NEW YORK,0,0,0,0,0,0.5,0,0,0,0.5,0,0,0,0,0,0,0,0,0,0,0,0,0,0,0,0,0,0,0,0,0,0,0,0,0,0,0,0,0,0,0,0,0,0,0,0,0,0,0,0,0.5,0,0,0,0.5,0,0,0,0,0,0,0.5,0,0,0,0.5
9/1/2026,2021,20220764,40622,39081,"RIVERSIDE GENERATING COMPANY, LLC",Natural Gas,INTRASTATE,KENTUCKY,0,0,0,0,0,0,0,0,0,0,0,0,0,0,0,9.2,0,0,0,9.2,0,0,0,0,0,0,0,0,0,0,0,0,0,0,0,0,0,0,0,0,0,0,0,0,0,0,0,0,0,0,9.2,0,0,0,9.2,0,0,0,0,0,0,9.2,0,0,0,9.2
9/1/2026,2021,20220193,40029,39082,TPL SOUTHTEX MIDSTREAM LLC,Natural Gas,INTRASTATE,TEXAS,3.76,0,5.08,0,8.84,0,0,0,0,0,0,0,0,0,0,0.66,0,0,0,0.66,57.11,0,0,0,57.11,18.48,0,0,0,18.48,0,0,0,0,0,0,0,0,0,0,0,0,0,0,0,0,0,0,0,0,80.01,0,5.08,0,85.09,0,0,0,0,0,0,80.01,0,5.08,0,85.09
9/1/2026,2021,20220755,40612,39086,FT. BEND POWER PRODUCERS,Natural Gas,INTRASTATE,TEXAS,2.5,0,0,0,2.5,0,0,0,0,0,0,0,0,0,0,0,0,0,0,0,0,0,0,0,0,0,0,0,0,0,0,0,0,0,0,0,0,0,0,0,0,0,0,0,0,0,0,0,0,0,2.5,0,0,0,2.5,0,0,0,0,0,0,2.5,0,0,0,2.5
9/1/2026,2021,20221147,41019,39087,"NFG MIDSTREAM CLERMONT, LLC",Natural Gas,INTRASTATE,PENNSYLVANIA,0,0,0,0,0,0,0,0,0,0,0.03,0,0,0,0.03,6.09,0,0,0,6.09,9.28,0,0,0,9.28,0,0,0,0,0,0,0,0,0,0,0,0,0,0,0,0,0,0,0,0,0,0,0,0,0,15.4,0,0,0,15.4,0,0,0,0,0,0,15.4,0,0,0,15.4
9/1/2026,2021,20220923,40786,39090,"NUTAAQ PIPELINE, LLC",Natural Gas,INTRASTATE,ALASKA,29.94,0,0,0,29.94,0,0,0,0,0,0,0,0,0,0,0,0,0,0,0,0,0,0,0,0,0,0,0,0,0,0,0,0,0,0,0,0,0,0,0,0,0,0,0,0,0,0,0,0,0,29.94,0,0,0,29.94,1.63,0,0,0,0,1.63,31.57,0,0,0,31.57
9/1/2026,2021,20220922,40785,39091,"COOK INLET ENERGY, LLC",Natural Gas,INTRASTATE,ALASKA,7.65,0.2,0,0,7.85,0,0,0,0,0,0,0,0,0,0,0,0,0,0,0,0,0,0,0,0,0,0,0,0,0,0,0,0,0,0,0,0,0,0,0,0,0,0,0,0,0,0,0,0,0,7.65,0.2,0,0,7.85,0,0,0,0,0,0,7.65,0.2,0,0,7.85
9/1/2026,2021,20220821,40681,39094,"ELYSIUM JENNINGS, LLC",Natural Gas,INTRASTATE,LOUISIANA,0,0,0,0,0,0,0,0,0,0,0,0,0,0,0,0,0,2.83,0,2.83,0,0,0,0,0,0,0,0,0,0,0,0,0,0,0,0,0,0,0,0,0,0,0,0,0,0,0,0,0,0,0,0,2.83,0,2.83,0,0,0,0,0,0,0,0,2.83,0,2.83
9/1/2026,2021,20220189,40025,39097,SOWEGA POWER LLC & BACONTON POWER LLC,Natural Gas,INTRASTATE,GEORGIA,0,0,0,0,0,0,0,0,0,0,0,0,0,0,0,1.7,0,0,0,1.7,0,0,0,0,0,0,0,0,0,0,0,0,0,0,0,0,0,0,0,0,0,0,0,0,0,0,0,0,0,0,1.7,0,0,0,1.7,0,0,0,0,0,0,1.7,0,0,0,1.7
9/1/2026,2021,20220799,46829,39099,CALIBER NORTH DAKOTA LLC,Natural Gas,INTRASTATE,NORTH DAKOTA,0,0,0,0,0,0,0,0,0,0,0,0,0,0,0,0,0,0,0,0,0,0,0,0,0,2.6,0,0,0,2.6,0,0,0,0,0,0,0,0,0,0,0,0,0,0,0,0,0,0,0,0,2.6,0,0,0,2.6,0,0,0,0,0,0,2.6,0,0,0,2.6
9/1/2026,2021,20220975,40840,39105,VALERO PARTNERS OPERATING CO. LLC,Natural Gas,INTRASTATE,MISSISSIPPI,0.77,0,0,0,0.77,0,0,0,0,0,0,0,0,0,0,0,0,0,0,0,0,0,0,0,0,0,0,0,0,0,0,0,0,0,0,0,0,0,0,0,0,0,0,0,0,0,0,0,0,0,0.77,0,0,0,0.77,0,0,0,0,0,0,0.77,0,0,0,0.77
9/1/2026,2021,20220657,40511,39109,"SUSQUEHANNA GATHERING COMPANY I, LLC",Natural Gas,INTRASTATE,PENNSYLVANIA,0,0,0,0,0,0,0,0,0,0,0,0,0,0,0,0.8,1.5,0,0,2.3,4.4,0,0,0,4.4,0,0,0,0,0,0,0,0,0,0,0,0,0,0,0,0,0,0,0,0,0,0,0,0,0,5.2,1.5,0,0,6.7,0,0,0,0,0,0,5.2,1.5,0,0,6.7
9/1/2026,2021,20220885,40745,39110,"COMINS PIPELINE, LLC",Natural Gas,INTRASTATE,MICHIGAN,0,0,0,0,0,0,0,0,0,0,0,0,0,0,0,0,0,0,0,0,0,0,0,0,0,0,0,0,0,0,0,0,0,0,0,0,0,0,0,0,0,0,0,0,0,0,1,0,0,1,0,1,0,0,1,0,0,0,0,0,0,0,1,0,0,1
9/1/2026,2021,20220824,46749,39112,"ENLINK MIDSTREAM SERVICES, LLC",Natural Gas,INTRASTATE,OKLAHOMA,0,0,0,0,0,0,0,0,0,0,0.26,0,0,0,0.26,14.24,0,0,0,14.24,2.14,0,0,0,2.14,3.25,0,0,0,3.25,0,0,0,0,0,0,0,0,0,0,0,0,0,0,0,0,0,0,0,0,19.89,0,0,0,19.89,0,0,0,0,0,0,19.89,0,0,0,19.89
9/1/2026,2021,20220824,46749,39112,"ENLINK MIDSTREAM SERVICES, LLC",Natural Gas,INTRASTATE,TEXAS,0,0,0,0,0,0.78,0.003,0,0,0.783,1.82,0.255,0.26,0,2.335,9.27,5.29,2.46,0,17.02,36.05,17.11,5.25,0,58.41,68.67,6.67,0,0,75.34,0,0,0,0,0,0,0,0,0,0,0,0,0,0,0,0,0,0,0,0,116.59,29.328,7.97,0,153.888,0,0,0,0,0,0,116.59,29.328,7.97,0,153.888
9/1/2026,2021,20221339,41243,39113,CITY OF GREENSBORO,Landfill Gas,INTRASTATE,NORTH CAROLINA,0,0,0,0,0,0,0,0,0,0,0,0,0,0,0,0,0,0,0,0,0,0,0,0,0,0,0,0,0,0,0,0,0,0,0,0,0,0,0,0,0,0,0,0,0,0,0,2.89,0,2.89,0,0,2.89,0,2.89,0,0,0,0,0,0,0,0,2.89,0,2.89
9/1/2026,2021,20220640,40489,39117,"TX PIPELINE WEBB CO LEAN SYS, LLC",Natural Gas,INTRASTATE,TEXAS,0,0,0,0,0,0,0,0,0,0,0,0,0,0,0,0,0,0,0,0,0,0,0,0,0,40.62,0,0,0,40.62,0,0,0,0,0,0,0,0,0,0,0,0,0,0,0,0,0,0,0,0,40.62,0,0,0,40.62,0,0,0,0,0,0,40.62,0,0,0,40.62
9/1/2026,2021,20220641,40490,39120,"TX PIPELINE WEBB CO RICH SYS, LLC",Natural Gas,INTRASTATE,TEXAS,0,0,0,0,0,0,0,0,0,0,0,0,0,0,0,0,0,0,0,0,0,0,0,0,0,36.82,0,0,0,36.82,0,0,0,0,0,0,0,0,0,0,0,0,0,0,0,0,0,0,0,0,36.82,0,0,0,36.82,0,0,0,0,0,0,36.82,0,0,0,36.82
9/1/2026,2021,20220446,40292,39122,UTICA EAST OHIO MIDSTREAM LLC,Natural Gas,INTRASTATE,OHIO,0,0,0,0,0,0,0,0,0,0,0,0,0,0,0,0,0,0,0,0,9.78,0.53,0,0,10.31,0,0,0,0,0,0,0,0,0,0,0,0,0,0,0,0,0,0,0,0,0,0,0,0,0,9.78,0.53,0,0,10.31,0,0,0,0,0,0,9.78,0.53,0,0,10.31
9/1/2026,2021,20221304,41190,39123,CINNABAR ENERGY LTD.,Natural Gas,INTRASTATE,TEXAS,0,0,0,0,0,0,0,0,0,0,0,0,0,0,0,0,0,0,0,0,9.7,0,0,0,9.7,0,0,0,0,0,0,0,0,0,0,0,0,0,0,0,0,0,0,0,0,0,0,0,0,0,9.7,0,0,0,9.7,0,0,0,0,0,0,9.7,0,0,0,9.7
9/1/2026,2021,20220507,40353,39126,"GENERAL GAS PIPELINE, LLC",Natural Gas,INTRASTATE,TENNESSEE,42.878,0,3.16,0,46.038,0,0,0,0,0,0,0,0,0,0,0,0,0,0,0,0,0,0,0,0,0,0,0,0,0,0,0,0,0,0,0,0,0,0,0,0,0,0,0,0,0,0,0,0,0,42.878,0,3.16,0,46.038,0,0,0,0,0,0,42.878,0,3.16,0,46.038
9/1/2026,2021,20220618,40467,39133,DOMTAR PAPER COMPANY,Natural Gas,INTRASTATE,TENNESSEE,0.32,0,0,0,0.32,0,0,0,0,0,0,0,0,0,0,0,0,0,0,0,0,0,0,0,0,0,0,0,0,0,0,0,0,0,0,0,0,0,0,0,0,0,0,0,0,0,0,0,0,0,0.32,0,0,0,0.32,0,0,0,0,0,0,0.32,0,0,0,0.32
9/1/2026,2021,20220022,39844,39134,"ZEELAND FARM SERVICES, INC.",Landfill Gas,INTRASTATE,MICHIGAN,0,0,0,0,0,0,0,0,0,0,0,0,0,0,0,0,0,0,0,0,0,0,0,0,0,0,0,0,0,0,0,0,0,0,0,0,0,0,0,0,0,0,0,0,0,2.03,1.42,2.58,0,6.03,2.03,1.42,2.58,0,6.03,,,,,,,2.03,1.42,2.58,0,6.03
9/1/2026,2021,20220687,40542,39138,"BOARDWALK LOUISIANA MIDSTREAM, LLC",Other Gas-Ethylene,INTRASTATE,LOUISIANA,0,0,0,0,0,0.53,0,0,0,0.53,2.87,2.4,2.59,0,7.86,0,0,0,0,0,0,0,0,0,0,0,0,0,0,0,0,0,0,0,0,0,0,0,0,0,0,0,0,0,0,0,0,0,0,0,3.4,2.4,2.59,0,8.39,0,0,0,0,0,0,3.4,2.4,2.59,0,8.39
9/1/2026,2021,20220386,40228,39142,ENERFIN FIELD SERVICES LLC,Natural Gas,INTRASTATE,TEXAS,0.53,0,1.34,0,1.87,0,0,0,0,0,0,0,0,0,0,0,0,0,0,0,0,0,0,0,0,0,0,0,0,0,0,0,0,0,0,0,0,0,0,0,0,0,0,0,0,0,0,0,0,0,0.53,0,1.34,0,1.87,0,0,0,0,0,0,0.53,0,1.34,0,1.87
9/1/2026,2021,20220501,40347,39147,"ENABLE GAS GATHERING, LLC",Natural Gas,INTRASTATE,OKLAHOMA,0,0,0,0,0,0.16,0,0,0,0.16,0.78,0,0,0,0.78,1.93,0,0,0,1.93,0,0,0,0,0,2.48,0,0,0,2.48,0,0,0,0,0,0,0,0,0,0,0,0,0,0,0,0,0,0,0,0,5.35,0,0,0,5.35,0,0,0,0,0,0,5.35,0,0,0,5.35
9/1/2026,2021,20220015,39837,39148,ARGOS CEMENT LLC,Natural Gas,INTRASTATE,FLORIDA,0,0,0,0,0,18,2,0,0,20,0,0,0,0,0,0,0,0,0,0,0,0,0,0,0,0,0,0,0,0,0,0,0,0,0,0,0,0,0,0,0,0,0,0,0,0,0,0,0,0,18,2,0,0,20,0,0,0,0,0,0,18,2,0,0,20
9/1/2026,2021,20221088,40957,39162,ANTERO MIDSTREAM CORPORATION,Natural Gas,INTRASTATE,WEST VIRGINIA,0,0,0,0,0,0,0,0,0,0,0,0,0,0,0,2.39,0,0,0,2.39,4.37,0,0,0,4.37,3.61,0,0,0,3.61,0,0,0,0,0,0,0,0,0,0,0,0,0,0,0,0,0,0,0,0,10.37,0,0,0,10.37,0,0,0,0,0,0,10.37,0,0,0,10.37
9/1/2026,2021,20220627,40476,39167,"SABAL TRAIL TRANSMISSION, LLC (SPECTRA ENERGY PARTNERS, LP)",Natural Gas,INTERSTATE,ALABAMA,0,0,0,0,0,0,0,0,0,0,0,0,0,0,0,5.49,1.83,0.06,0,7.38,6.44,5.28,0.07,0,11.79,66.91,0.3,0,0,67.21,0,0,0,0,0,0,0,0,0,0,0,0,0,0,0,0,0,0,0,0,78.84,7.41,0.13,0,86.38,0,0,0,0,0,0,78.84,7.41,0.13,0,86.38
9/1/2026,2021,20220627,40476,39167,"SABAL TRAIL TRANSMISSION, LLC (SPECTRA ENERGY PARTNERS, LP)",Natural Gas,INTERSTATE,FLORIDA,0,0,0,0,0,0,0,0,0,0,0,0,0,0,0,23.08,5.84,12.66,0,41.58,20.58,19.63,0,0,40.21,181.54,2.74,2.31,0,186.59,0,0,0,0,0,0,0,0,0,0,0.05,0,0,0,0.05,0,0,0,0,0,225.25,28.21,14.97,0,268.43,0,0,0,0,0,0,225.25,28.21,14.97,0,268.43
9/1/2026,2021,20220627,40476,39167,"SABAL TRAIL TRANSMISSION, LLC (SPECTRA ENERGY PARTNERS, LP)",Natural Gas,INTERSTATE,GEORGIA,0,0,0,0,0,0,0,0,0,0,0,0,0,0,0,9.64,1.57,0.34,0,11.55,16.65,6.1,0,0,22.75,126.17,1.74,0,0,127.91,0,0,0,0,0,0,0,0,0,0,0.01,0,0,0,0.01,0,0,0,0,0,152.47,9.41,0.34,0,162.22,0,0,0,0,0,0,152.47,9.41,0.34,0,162.22
9/1/2026,2021,20221232,41109,39168,UNITED NATURAL GAS-NW GAS CONTRACTED,Natural Gas,INTRASTATE,MINNESOTA,3.35,0,0,0,3.35,0,0,0,0,0,0,0,0,0,0,0,0,0,0,0,0,0,0,0,0,0,0,0,0,0,0,0,0,0,0,0,0,0,0,0,0,0,0,0,0,0,0,0,0,0,3.35,0,0,0,3.35,0,0,0,0,0,0,3.35,0,0,0,3.35
9/1/2026,2021,20220092,39922,39169,"GIBBS DIE CASTING, INC",Natural Gas,INTRASTATE,KENTUCKY,0.06,0,0,0,0.06,0,0,0,0,0,0,0,0,0,0,0,0,0,0,0,0,0,0,0,0,0,0,0,0,0,0,0,0,0,0,0,0,0,0,0,0,0,0,0,0,1.081,0,0,0,1.081,1.141,0,0,0,1.141,0,0,0,0,0,0,1.141,0,0,0,1.141
9/1/2026,2021,20220533,40379,39178,DUKE ENERGY- INDIANA NOBLESVILLE STATION,Natural Gas,INTRASTATE,INDIANA,0,0,0,0,0,0,0,0,0,0,0.19,0.01,0.27,0,0.47,1.41,0.32,0.31,0,2.04,0,0,0,0,0,0,0,0,0,0,0,0,0,0,0,0,0,0,0,0,0,0,0,0,0,0,0,0,0,0,1.6,0.33,0.58,0,2.51,0,0,0,0,0,0,1.6,0.33,0.58,0,2.51
9/1/2026,2021,20220180,40014,39180,INVENERGY NELSON LLC,Natural Gas,INTRASTATE,ILLINOIS,0,0,0,0,0,0,0,0,0,0,0,0,0,0,0,5.5,0,0,0,5.5,0,0,0,0,0,0,0,0,0,0,0,0,0,0,0,0,0,0,0,0,0,0,0,0,0,0,0,0,0,0,5.5,0,0,0,5.5,0,0,0,0,0,0,5.5,0,0,0,5.5
9/1/2026,2021,20220730,40587,39183,"MEDALLION OPERATING COMPANY, LLC",Natural Gas,INTRASTATE,TEXAS,0,0,0,0,0,0,0,0,0,0,0,0,0,0,0,0,0,0,0,0,6.15,0,0,0,6.15,0,0,0,0,0,0,0,0,0,0,0,0,0,0,0,0,0,0,0,0,0,0,0,0,0,6.15,0,0,0,6.15,0,0,0,0,0,0,6.15,0,0,0,6.15
9/1/2026,2021,20220684,40539,39192,"NEXUS GAS TRANSMISSION, LLC (SPECTRA ENERGY PARTNERS, LP)",Natural Gas,INTERSTATE,MICHIGAN,0,0,0,0,0,0,0,0,0,0,0,0,0,0,0,6.66,2.83,3.42,0,12.91,0.4,0,0,0,0.4,33.46,0,0,0,33.46,0,0,0,0,0,0,0,0,0,0,0,0,0,0,0,0,0,0,0,0,40.52,2.83,3.42,0,46.77,0,0,0,0,0,0,40.52,2.83,3.42,0,46.77
9/1/2026,2021,20220684,40539,39192,"NEXUS GAS TRANSMISSION, LLC (SPECTRA ENERGY PARTNERS, LP)",Natural Gas,INTERSTATE,OHIO,0,0,0,0,0,0,0,0,0,0,0,0,0,0,0,15.25,5.55,9.31,0,30.11,40.91,25.52,0.12,0,66.55,112.27,0.63,0,0,112.9,0,0,0,0,0,0,0,0,0,0,0.89,0,0,0,0.89,0,0,0,0,0,169.32,31.7,9.43,0,210.45,0,0,0,0,0,0,169.32,31.7,9.43,0,210.45
9/1/2026,2021,20220571,40418,39193,"ROVER PIPELINE, LLC",Natural Gas,INTERSTATE,MICHIGAN,0,0,0,0,0,0,0,0,0,0,0,0,0,0,0,2.45,3.07,1.8,0,7.32,27.23,12.77,0.07,0,40.07,24.94,0,0,0,24.94,0,0,0,0,0,0,0,0,0,0,0,0,0,0,0,0,0,0,0,0,54.62,15.84,1.87,0,72.33,0,0,0,0,0,0,54.62,15.84,1.87,0,72.33
9/1/2026,2021,20220571,40418,39193,"ROVER PIPELINE, LLC",Natural Gas,INTERSTATE,OHIO,0,0,0,0,0,0,0,0,0,0,0.19,0,0,0,0.19,40.22,5.91,1.68,0,47.81,133.86,26.09,0.04,0,159.99,366.85,0.7,0,0,367.55,0,0,0,0,0,0,0,0,0,0,0,0,0,0,0,0,0,0,0,0,541.12,32.7,1.72,0,575.54,0,0,0,0,0,0,541.12,32.7,1.72,0,575.54
9/1/2026,2021,20220571,40418,39193,"ROVER PIPELINE, LLC",Natural Gas,INTERSTATE,PENNSYLVANIA,0,0,0,0,0,0,0,0,0,0,0,0,0,0,0,0.32,0.11,0,0,0.43,1.85,2.33,0,0,4.18,5.6,0.06,0,0,5.66,0,0,0,0,0,0,0,0,0,0,0,0,0,0,0,0,0,0,0,0,7.77,2.5,0,0,10.27,0,0,0,0,0,0,7.77,2.5,0,0,10.27
9/1/2026,2021,20220571,40418,39193,"ROVER PIPELINE, LLC",Natural Gas,INTERSTATE,WEST VIRGINIA,0,0,0,0,0,0,0,0,0,0,0,0,0,0,0,10.67,2.09,2.04,0,14.8,6.23,0.97,0.16,0,7.36,38.79,0,0,0,38.79,0,0,0,0,0,0,0,0,0,0,0,0,0,0,0,0,0,0,0,0,55.69,3.06,2.2,0,60.95,0,0,0,0,0,0,55.69,3.06,2.2,0,60.95
9/1/2026,2021,20220505,40351,39194,SIERRITA GAS PIPELINE LLC,Natural Gas,INTERSTATE,ARIZONA,0,0,0,0,0,0.2,0,0,0,0.2,0.09,0,0,0,0.09,1.41,0,0,0,1.41,3.39,0,0,0,3.39,56.7,0,0,0,56.7,0,0,0,0,0,0,0,0,0,0,0,0,0,0,0,0,0,0,0,0,61.79,0,0,0,61.79,0,0,0,0,0,0,61.79,0,0,0,61.79
9/1/2026,2021,20221052,40920,39201,"CHANDELEUR PIPE LINE, LLC",Natural Gas,INTERSTATE,ALABAMA,0,0,0,0,0,0,0,0,0,0,0,0,0,0,0,4.68,0,0,0,4.68,0,0,0,0,0,0,0,0,0,0,0,0,0,0,0,0,0,0,0,0,0,0,0,0,0,0,0,0,0,0,4.68,0,0,0,4.68,13.69,0,0,0,0,13.69,18.37,0,0,0,18.37
9/1/2026,2021,20221052,40920,39201,"CHANDELEUR PIPE LINE, LLC",Natural Gas,INTERSTATE,LOUISIANA,0,0,0,0,0,0,0,0,0,0,0,0,0,0,0,1.03,0,0,0,1.03,0,0,0,0,0,0,0,0,0,0,0,0,0,0,0,0,0,0,0,0,0,0,0,0,0,0,0,0,0,0,1.03,0,0,0,1.03,71.85,0,0,0,0,71.85,72.88,0,0,0,72.88
9/1/2026,2021,20221052,40920,39201,"CHANDELEUR PIPE LINE, LLC",Natural Gas,INTERSTATE,MISSISSIPPI,0,0,0,0,0,0,0,0,0,0,0,0,0,0,0,3.15,0,0,0,3.15,0,0,0,0,0,0,0,0,0,0,0,0,0,0,0,0,0,0,0,0,0,0,0,0,0,0,0,0,0,0,3.15,0,0,0,3.15,23.543,0,0,0,0,23.543,26.693,0,0,0,26.693
9/1/2026,2021,20221052,40920,39201,"CHANDELEUR PIPE LINE, LLC",Natural Gas,INTERSTATE,OCS-Gulf of Mexico,0,0,0,0,0,0,0,0,0,0,0,0,0,0,0,0,0,0,0,0,0,0,0,0,0,0,0,0,0,0,0,0,0,0,0,0,0,0,0,0,0,0,0,0,0,0,0,0,0,0,0,0,0,0,0,29.26,57.12,0,0,0,86.38,86.38,0,0,0,86.38
9/1/2026,2021,20220039,39862,39207,RIVERSIDE PETROLEUM INDIANA,Natural Gas,INTRASTATE,INDIANA,0,0,0,0,0,0,0,0,0,0,0.95,0,0,0,0.95,0,0,0,0,0,0,0,0,0,0,0,0,0,0,0,0,0,0,0,0,0,0,0,0,0,0,0,0,0,0,0,0,0,0,0,0.95,0,0,0,0.95,0,0,0,0,0,0,0.95,0,0,0,0.95
9/1/2026,2021,20220603,40452,39210,"BOARDWALK STORAGE COMPANY, LLC",Natural Gas,INTERSTATE,LOUISIANA,0.68,0,0,0,0.68,0,0,0,0,0,4.68,0,0,0,4.68,2.13,0,0,0,2.13,2.01,0,0,0,2.01,5.27,0,0,0,5.27,0,0,0,0,0,0,0,0,0,0,0,0,0,0,0,0,0,0,0,0,14.77,0,0,0,14.77,0,0,0,0,0,0,14.77,0,0,0,14.77
9/1/2026,2021,20220835,40695,39211,"RICHLAND STRYKER GENERATION, LLC",Natural Gas,INTRASTATE,OHIO,0,0,0,0,0,0,0,0,0,0,0.217,0,0.244,0,0.461,0,0,0,0,0,0,0,0,0,0,0,0,0,0,0,0,0,0,0,0,0,0,0,0,0,0,0,0,0,0,0,0,0,0,0,0.217,0,0.244,0,0.461,0,0,0,0,0,0,0.217,0,0.244,0,0.461
9/1/2026,2021,20220308,40147,39218,LEATHERSTOCKING GAS COMPANY,Natural Gas,INTRASTATE,PENNSYLVANIA,0,0,0,0,0,0,0,0,0,0,1.545,0,0,0,1.545,0,0,0,0,0,0,0,0,0,0,0,0,0,0,0,0,0,0,0,0,0,0,0,0,0,0,0,0,0,0,0,0,0,0,0,1.545,0,0,0,1.545,0,0,0,0,0,0,1.545,0,0,0,1.545
9/1/2026,2021,20220753,40610,39223,"NET MEXICO PIPELINE PARTNERS, LLC",Natural Gas,INTRASTATE,TEXAS,0,0,0,0,0,0,0,0,0,0,0.078,0,0,0,0.078,2.214,,0,0,2.214,8.989,0.953,0,0,9.942,129.734,0,0,0,129.734,0,0,0,0,0,0,0,0,0,0,0,0,0,0,0,0,0,0,0,0,141.015,0.953,0,0,141.968,0,0,0,0,0,0,141.015,0.953,0,0,141.968
9/1/2026,2021,20220279,40118,39228,ANDEAVOR FIELD SERVICES LLC,Natural Gas,INTERSTATE,WYOMING,0,0,0,0,0,0,0,0,0,0,0,0,0,0,0,0,0,0,0,0,0,0,0,0,0,20.82,0,0,0,20.82,0,0,0,0,0,0,0,0,0,0,0,0,0,0,0,0,0,0,0,0,20.82,0,0,0,20.82,0,0,0,0,0,0,20.82,0,0,0,20.82
9/1/2026,2021,20220279,40118,39228,ANDEAVOR FIELD SERVICES LLC,Natural Gas,INTRASTATE,WYOMING,3.56,0,0,0,3.56,0,0,0,0,0,0,0,0,0,0,0,0,0,0,0,0,0,0,0,0,0,0,0,0,0,0,0,0,0,0,0,0,0,0,0,0,0,0,0,0,0,0,0,0,0,3.56,0,0,0,3.56,0,0,0,0,0,0,3.56,0,0,0,3.56
9/1/2026,2021,20221054,41289,39231,INTENSITY MIDSTREAM LLC,Natural Gas,INTRASTATE,OKLAHOMA,0,0,0,0,0,0,0,0,0,0,0,0,0,0,0,36.21,0,0,0,36.21,0,0,0,0,0,0,0,0,0,0,0,0,0,0,0,0,0,0,0,0,0,0,0,0,0,0,0,0,0,0,36.21,0,0,0,36.21,0,0,0,0,0,0,36.21,0,0,0,36.21
9/1/2026,2021,20220402,40246,39248,"DIVIDE CREEK GATHERING SYSTEM, LLC",Natural Gas,INTRASTATE,COLORADO,0,0,0,0,0,0,0,0,0,0,0,0,0,0,0,0,0,0,0,0,0,0,0,0,0,4.01,0,0,0,4.01,0,0,0,0,0,0,0,0,0,0,0,0,0,0,0,0,0,0,0,0,4.01,0,0,0,4.01,0,0,0,0,0,0,4.01,0,0,0,4.01
9/1/2026,2021,20220309,40148,39249,"BRD ONE, LLC",Landfill Gas,INTRASTATE,NEBRASKA,0,0,0,0,0,0,0,0,0,0,0,0,0,0,0,0,0,0,0,0,0,0,0,0,0,0,0,0,0,0,0,0,0,0,0,0,0,0,0,0,0,0,0,0,0,0,0,3,0,3,0,0,3,0,3,0,0,0,0,0,0,0,0,3,0,3
9/1/2026,2021,20220150,39983,39250,AIX ENERGY LLC,Natural Gas,INTRASTATE,ALASKA,0,0,0,0,0,0,0.25,1.27,0,1.52,0,0,0,0,0,0,0,0,0,0,0,0,0,0,0,0,0,0,0,0,0,0,0,0,0,0,0,0,0,0,0,0,0,0,0,0,0,0,0,0,0,0.25,1.27,0,1.52,0,0,0,0,0,0,0,0.25,1.27,0,1.52
9/1/2026,2021,20220852,40712,39251,"FOUNDATION ENERGY MANAGEMENT, LLC",Natural Gas,INTRASTATE,COLORADO,0,0,0,0,0,0,0,0,0,0,0,0,0,0,0,0,0,0,0,0,0,0,0,0,0,0,0,0,0,0,0,0,0,0,0,5.25,0,0,0,5.25,0,0,0,0,0,0,0,0,0,0,5.25,0,0,0,5.25,0,0,0,0,0,0,5.25,0,0,0,5.25
9/1/2026,2021,20220852,40712,39251,"FOUNDATION ENERGY MANAGEMENT, LLC",Natural Gas,INTRASTATE,KANSAS,5.85,0,0,0,5.85,0,0,0,0,0,0,0,0,0,0,0,0,0,0,0,6.7,0,0,0,6.7,0,0,0,0,0,0,0,0,0,0,0,0,0,0,0,24,0,0,0,24,0,0,0,0,0,36.55,0,0,0,36.55,0,0,0,0,0,0,36.55,0,0,0,36.55
9/1/2026,2021,20220852,40712,39251,"FOUNDATION ENERGY MANAGEMENT, LLC",Natural Gas,INTRASTATE,NEBRASKA,0,0,0,0,0,0,0,0,0,0,0,0,0,0,0,0,0,0,0,0,0,0,0,0,0,6,0,0,0,6,0,0,0,0,0,0,0,0,0,0,0,0,0,0,0,0,0,0,0,0,6,0,0,0,6,0,0,0,0,0,0,6,0,0,0,6
9/1/2026,2021,20220004,41314,39252,"FASKEN OIL AND RANCH, LTD.",Natural Gas,INTRASTATE,TEXAS,0,0,0,0,0,0,0,0,0,0,11,0,0,0,11,0,0,0,0,0,0,0,0,0,0,0,0,0,0,0,0,0,0,0,0,0,0,0,0,0,0,0,0,0,0,0,0,0,0,0,11,0,0,0,11,0,0,0,0,0,0,11,0,0,0,11
9/1/2026,2021,20220091,39921,39253,"CONSOLIDATED ASSET MANAGEMENT SERVICES (TX), LLC",Natural Gas,INTRASTATE,TEXAS,0,0,0,0,0,0,0,0,0,0,0,0,0,0,0,0,0,19.9,0,19.9,0,0,0,0,0,0,0,0,0,0,0,0,0,0,0,0,0,0,0,0,0,0,0,0,0,0,0,0,0,0,0,0,19.9,0,19.9,0,0,0,0,0,0,0,0,19.9,0,19.9
9/1/2026,2021,20221137,41008,39256,DIVERSIFIED PRODUCTION,Natural Gas,INTRASTATE,PENNSYLVANIA,0.2,0.1,0,0,0.3,0,0,0,0,0,0,4.143,0,0,4.143,0,0,0,0,0,0,0,0,0,0,3.67,0,0,0,3.67,0,0,0,0,0,0,0,0,0,0,0,0,0,0,0,0,25.588,0,0,25.588,3.87,29.831,0,0,33.701,0,0,0,0,0,0,3.87,29.831,0,0,33.701
9/1/2026,2021,20220222,40058,39263,HAYNESVILLE GATHERING LP,Natural Gas,INTRASTATE,LOUISIANA,0,0,0,0,0,0,0,0,0,0,0,0,0,0,0,1.1,0,0,0,1.1,0,0,0,0,0,1.15,0,0,0,1.15,0,0,0,0,0,0,0,0,0,0,0.42,0,0,0,0.42,0,0,0,0,0,2.67,0,0,0,2.67,0,0,0,0,0,0,2.67,0,0,0,2.67
9/1/2026,2021,20221263,41142,39266,URBAN OIL & GAS GROUP,Natural Gas,INTRASTATE,ALABAMA,0,0,0,0,0,0,0,0,0,0,0,0,1.38,0,1.38,2.38,0,0.78,0,3.16,0,0,0,0,0,0,0,0,0,0,0,0,0,0,0,0,0,0,0,0,0,0,0,0,0,0,0,0,0,0,2.38,0,2.16,0,4.54,0,0,0,0,0,0,2.38,0,2.16,0,4.54
9/1/2026,2021,20221263,41142,39266,URBAN OIL & GAS GROUP,Natural Gas,INTRASTATE,TEXAS,0.15,0,0,0,0.15,0,0,0,0,0,0,0,0,0,0,0,0,0,0,0,0,0,0,0,0,0,0,0,0,0,0,0,0,0,0,0,0,0,0,0,0,0,0,0,0,0,0,0,0,0,0.15,0,0,0,0.15,0,0,0,0,0,0,0.15,0,0,0,0.15
9/1/2026,2021,20221263,41142,39266,URBAN OIL & GAS GROUP,Natural Gas,INTRASTATE,UTAH,0,0,0,0,0,0,0,0,0,0,5.5,0,0,0,5.5,1.5,0,0,0,1.5,0,0,0,0,0,0,0,0,0,0,0,0,0,0,0,0,0,0,0,0,0,0,0,0,0,0,0,0,0,0,7,0,0,0,7,0,0,0,0,0,0,7,0,0,0,7
9/1/2026,2021,20220864,40724,39269,"WHITE OAK OPERATING COMPANY, LLC",Natural Gas,INTRASTATE,LOUISIANA,0,0,0,0,0,0.57,0,0,0,0.57,0,0,0,0,0,0,0,0,0,0,0,0,0,0,0,0,0,0,0,0,0,0,0,0,0,0,0,0,0,0,0,0,0,0,0,0,0,0,0,0,0.57,0,0,0,0.57,0,0,0,0,0,0,0.57,0,0,0,0.57
9/1/2026,2021,20221254,41132,39270,"COMMERCE MIDSTREAM, LLC",Natural Gas,INTRASTATE,TEXAS,0,0,12.841,0,12.841,0,0,0,0,0,0,0,0,0,0,0,0,0,0,0,0,0,0,0,0,0,0,0,0,0,0,0,0,0,0,0,0,0,0,0,0,0,0,0,0,0,0,0,0,0,0,0,12.841,0,12.841,0,0,0,0,0,0,0,0,12.841,0,12.841
9/1/2026,2021,20220073,39965,39271,EAGLECLAW MIDSTREAM VENTURES,Natural Gas,INTRASTATE,TEXAS,0,0,0,0,0,0,0,0,0,0,0,0,0,0,0,0,0,0,0,0,4.8,0.56,0,0,5.36,1.78,0,0,0,1.78,0,0,0,0,0,0,0,0,0,0,0,0,0,0,0,0,0,0,0,0,6.58,0.56,0,0,7.14,0,0,0,0,0,0,6.58,0.56,0,0,7.14
9/1/2026,2021,20220364,40206,39275,"WACKER POLYSILICON NORTH AMERICA, LLC",Other Gas-Chlorine,INTRASTATE,TENNESSEE,0,0.84,0,0,0.84,0,0,0,0,0,0,0,0,0,0,0,0,0,0,0,0,0,0,0,0,0,0,0,0,0,0,0,0,0,0,0,0,0,0,0,0,0,0,0,0,0,0,0,0,0,0,0.84,0,0,0.84,0,0,0,0,0,0,0,0.84,0,0,0.84
9/1/2026,2021,20220626,40475,39276,OLIN CORPORATION,Other Gas-Chlorine,INTRASTATE,TENNESSEE,0,0.87,0,0,0.87,0,0,0,0,0,0,0,0,0,0,0,0,0,0,0,0,0,0,0,0,0,0,0,0,0,0,0,0,0,0,0,0,0,0,0,0,0,0,0,0,0,0,0,0,0,0,0.87,0,0,0.87,0,0,0,0,0,0,0,0.87,0,0,0.87
9/1/2026,2021,20220865,40725,39282,CRISP COUNTY POWER COMMISSION,Natural Gas,INTRASTATE,GEORGIA,0,0,0,0,0,0,0,13,0,13,0,0,0,0,0,0,0,0,0,0,0,0,0,0,0,0,0,0,0,0,0,0,0,0,0,0,0,0,0,0,0,0,0,0,0,0,0,0,0,0,0,0,13,0,13,0,0,0,0,0,0,0,0,13,0,13
9/1/2026,2021,20220591,40439,39293,DDS RENTALS LLC,Natural Gas,INTRASTATE,IOWA,0,0,0,0,0,0,0,0,0,0,0,0,0,0,0,0,0,0,0,0,0,0,0,0,0,0,0,0,0,0,0,0,0,0,0,0,0,0,0,0,0,0,0,0,0,7,0,0,0,7,7,0,0,0,7,0,0,0,0,0,0,7,0,0,0,7
9/1/2026,2021,20220283,40122,39313,"MAVERICK TERMINAL THREE RIVERS, LLC",Natural Gas,INTRASTATE,TEXAS,0,0,0,0,0,0.6,0,0,0,0.6,0,0,0,0,0,0,0,0,0,0,0,0,0,0,0,0,0,0,0,0,0,0,0,0,0,0,0,0,0,0,0,0,0,0,0,0,0,0,0,0,0.6,0,0,0,0.6,0,0,0,0,0,0,0.6,0,0,0,0.6
9/1/2026,2021,20220662,40516,39317,SCOUT ENERGY MANAGEMENT LLC,Natural Gas,INTRASTATE,KANSAS,1.5,0,0,0,1.5,0,0,0,0,0,0,0,0,0,0,0,0,0,0,0,0,0,0,0,0,0,0,0,0,0,0,0,0,0,0,0,0,0,0,0,0,0,0,0,0,0,0,0,0,0,1.5,0,0,0,1.5,0,0,0,0,0,0,1.5,0,0,0,1.5
9/1/2026,2021,20220662,40516,39317,SCOUT ENERGY MANAGEMENT LLC,Natural Gas,INTRASTATE,TEXAS,0,0,0,0,0,0,0,0,0,0,7.75,0,0,0,7.75,0,0,0,0,0,0,0,0,0,0,0,0,0,0,0,0,0,0,0,0,0,0,0,0,0,0,0,0,0,0,0,0,0,0,0,7.75,0,0,0,7.75,0,0,0,0,0,0,7.75,0,0,0,7.75
9/1/2026,2021,20220604,40453,39320,CHISOS PIPELINE COMPANY LLC,Natural Gas,INTRASTATE,LOUISIANA,0,0,0,0,0,0,0,2.39,0,2.39,0,0,0,0,0,0,0,0,0,0,0,0,0,0,0,0,0,0,0,0,0,0,0,0,0,0,0,0,0,0,0,0,0,0,0,0,0,0,0,0,0,0,2.39,0,2.39,0,0,0,0,0,0,0,0,2.39,0,2.39
9/1/2026,2021,20221359,41275,39322,"COMPASS NATURAL GAS PARTNERS, LP",Natural Gas,INTRASTATE,PENNSYLVANIA,0,0,0,0,0,0,0,0,0,0,0,0,0,0,0,0.4,0,0,0,0.4,0,0,0,0,0,0,0,0,0,0,0,0,0,0,0,0,0,0,0,0,0,0,0,0,0,0,0,0,0,0,0.4,0,0,0,0.4,0,0,0,0,0,0,0.4,0,0,0,0.4
9/1/2026,2021,20220197,41330,39323,ELLWOOD REALTY ACQUISITION COMPANY (ERAC),Natural Gas,INTRASTATE,PENNSYLVANIA,4.2,2.1,5.7,0,12,0,0,0,0,0,0,0,0,0,0,0,0,0,0,0,0,0,0,0,0,0,0,0,0,0,0,0,0,0,0,0,0,0,0,0,0,0,0,0,0,0,0,0,0,0,4.2,2.1,5.7,0,12,0,0,0,0,0,0,4.2,2.1,5.7,0,12
9/1/2026,2021,20220475,40321,39338,TESORO ALASKA COMPANY LLC,Natural Gas,INTRASTATE,ALASKA,0,0,0,0,0,0,0,0,0,0,0,0,0,0,0,0,0,0,0,0,0,0,0,0,0,0,0,0,0,0,0,0,0,0,0,0,0,0,0,0,0.2,0,0,0,0.2,0,0,0,0,0,0.2,0,0,0,0.2,0,0,0,0,0,0,0.2,0,0,0,0.2
9/1/2026,2021,20220008,39830,39343,SMELTER SERVICE CORP,Natural Gas,INTRASTATE,TENNESSEE,0,0,0,0,0,0,0,0,0,0,0,0,0,0,0,0,0,0,0,0,0,0,0,0,0,0.07,0,0,0,0.07,0,0,0,0,0,0,0,0,0,0,0,0,0,0,0,0,0,0,0,0,0.07,0,0,0,0.07,0,0,0,0,0,0,0.07,0,0,0,0.07
9/1/2026,2021,20220254,40093,39345,COBRA OIL & GAS CORP.,Natural Gas,INTRASTATE,MICHIGAN,0.21,0,0,0,0.21,0.45,0,0,0,0.45,0.28,0,0,0,0.28,1.21,0,0,0,1.21,0,0,0,0,0,0,0,0,0,0,0,0,0,0,0,0,0,0,0,0,0,0,0,0,0,0,0,0,0,0,2.15,0,0,0,2.15,0,0,0,0,0,0,2.15,0,0,0,2.15
9/1/2026,2021,20220324,40164,39352,"GENESIS OFFSHORE HOLDINGS, LLC",Natural Gas,INTERSTATE,OCS-Gulf of Mexico,0,0,0,0,0,0,0,0,0,0,0,0,0,0,0,0,0,0,0,0,0,0,0,0,0,0,0,0,0,0,0,0,0,0,0,0,0,0,0,0,0,0,0,0,0,0,0,0,0,0,0,0,0,0,0,1.5,0,0,0,0,1.5,1.5,0,0,0,1.5
9/1/2026,2021,20220157,39990,39356,AETHON ENERGY OPERATING LLC,Natural Gas,INTRASTATE,TEXAS,0,0,0,0,0,0,0,0,0,0,0,0,0,0,0,0.24,0,0,0,0.24,0,0,0,0,0,0,0,0,0,0,0,0,0,0,0,0,0,0,0,0,0,0,0,0,0,0,0,0,0,0,0.24,0,0,0,0.24,0,0,0,0,0,0,0.24,0,0,0,0.24
9/1/2026,2021,20220544,40390,39357,"WEST THOMAS FIELD SERVICES, LLC",Natural Gas,INTRASTATE,OKLAHOMA,0,0,0,0,0,0,0,0,0,0,0.75,0,0,0,0.75,0,0,0,0,0,0,0,0,0,0,0,0,0,0,0,0,0,0,0,0,0,0,0,0,0,0,0,0,0,0,0,0,0,0,0,0.75,0,0,0,0.75,0,0,0,0,0,0,0.75,0,0,0,0.75
9/1/2026,2021,20221281,41161,39361,"UNIVERSITY OF ARKANSAS, FAYETTEVILLE",Natural Gas,INTRASTATE,ARKANSAS,0,0,0,1.07,1.07,0,0,0,0,0,0,0,0,0,0,0,0,0,0,0,0,0,0,0,0,0,0,0,0,0,0,0,0,0,0,0,0,0,0,0,0,0,0,0,0,0,0,0,0,0,0,0,0,1.07,1.07,0,0,0,0,0,0,0,0,0,1.07,1.07
9/1/2026,2021,20220855,40715,39368,CRESTWOOD MIDSTREAM PARTNERS LP,Natural Gas,INTRASTATE,NEW MEXICO,0,0,0,0,0,0,0,0,0,0,0,0.741,0,0,0.741,0,0,0,0,0,0,0,0,0,0,0,0,0,0,0,0,0,0,0,0,0,0,0,0,0,0,0,0,0,0,0,0,0,0,0,0,0.741,0,0,0.741,0,0,0,0,0,0,0,0.741,0,0,0.741
9/1/2026,2021,20220855,40715,39368,CRESTWOOD MIDSTREAM PARTNERS LP,Natural Gas,INTRASTATE,NORTH DAKOTA,0,0,0,0,0,0,0,0,0,0,0,0,0,0,0,2.78,0,0,0,2.78,0,0,0,0,0,0,0,0,0,0,0,0,0,0,0,0,0,0,0,0,0,0,0,0,0,0,0,0,0,0,2.78,0,0,0,2.78,0,0,0,0,0,0,2.78,0,0,0,2.78
9/1/2026,2021,20220855,40715,39368,CRESTWOOD MIDSTREAM PARTNERS LP,Natural Gas,INTRASTATE,TEXAS,0,0,0,0,0,0,0,0,0,0,0,0,0,0,0,0,0,0,0,0,0,0,0,0,0,2.2,0,0,0,2.2,0,0,0,0,0,0,0,0,0,0,0,0,0,0,0,0,0,0,0,0,2.2,0,0,0,2.2,0,0,0,0,0,0,2.2,0,0,0,2.2
9/1/2026,2021,20220767,40625,39372,"BLACK HILLS SHOSHONE PIPELINE, LLC",Natural Gas,INTERSTATE,MONTANA,0,0,0,0,0,0,0,0,0,0,0,0,0,0,0,9.48,0,0,0,9.48,0,0,0,0,0,0,0,0,0,0,0,0,0,0,0,0,0,0,0,0,0,0,0,0,0,0,0,0,0,0,9.48,0,0,0,9.48,0,0,0,0,0,0,9.48,0,0,0,9.48
9/1/2026,2021,20220767,40625,39372,"BLACK HILLS SHOSHONE PIPELINE, LLC",Natural Gas,INTERSTATE,WYOMING,0,0,0,0,0,0,0,0,0,0,0,0,0,0,0,19.56,0,0,0,19.56,0,0,0,0,0,0,0,0,0,0,0,0,0,0,0,0,0,0,0,0,0,0,0,0,0,0,0,0,0,0,19.56,0,0,0,19.56,0,0,0,0,0,0,19.56,0,0,0,19.56
9/1/2026,2021,20220694,46779,39375,WOODWAY TEXAS PIPELINE LLC,Natural Gas,INTRASTATE,TEXAS,0,0,0,0,0,8.177,0,1.929,0,10.106,0,0,0,0,0,0,0,0,0,0,0,0,0,0,0,0,0,0,0,0,0,0,0,0,0,0,0,0,0,0,0,0,0,0,0,0,0,0,0,0,8.177,0,1.929,0,10.106,0,0,0,0,0,0,8.177,0,1.929,0,10.106
9/1/2026,2021,20221109,40978,39376,"BLUE CUBE OPERATIONS, LLC.",Hydrogen Gas,INTRASTATE,TEXAS,0,0.034,0.014,0,0.048,0,0,0,0,0,0,0,0,0,0,0,0,0,0,0,0,0,0,0,0,0,0,0,0,0,0,0,0,0,0,0,0,0,0,0,0,0,0,0,0,2.506,0.659,1.912,0,5.077,2.506,0.693,1.926,0,5.125,0,0,0,0,0,0,2.506,0.693,1.926,0,5.125
9/1/2026,2021,20220671,40525,39376,"BLUE CUBE OPERATIONS, LLC.",Other Gas-AHCL Anhydrous Hydrogen Chloride,INTRASTATE,TEXAS,0,0,0,0,0,1.947,0.741,0,0,2.688,0,0,0,0,0,2.861,0.644,0.115,0,3.62,0,0,0,0,0,0,0,0,0,0,0,0,0,0,0,0,0,0,0,0,0,0,0,0,0,0,0,0,0,0,4.808,1.385,0.115,0,6.308,0,0,0,0,0,0,4.808,1.385,0.115,0,6.308
9/1/2026,2021,20220670,40524,39376,"BLUE CUBE OPERATIONS, LLC.",Other Gas-Chlorine,INTRASTATE,TEXAS,6.016,2.315,3.985,0,12.316,0,0,0,0,0,0,0,0,0,0,0,0,0,0,0,0,0,0,0,0,0,0,0,0,0,0,0,0,0,0,0,0,0,0,0,0,0,0,0,0,0,0,0,0,0,6.016,2.315,3.985,0,12.316,0,0,0,0,0,0,6.016,2.315,3.985,0,12.316
9/1/2026,2021,20220045,39869,39383,INDECK ENERGY SERVICES OF SILVER SPRINGS,Natural Gas,INTRASTATE,NEW YORK,0.4,0,0,0,0.4,0,0,0,0,0,0,0,0,0,0,0,0,0,0,0,0,0,0,0,0,0,0,0,0,0,0,0,0,0,0,0,0,0,0,0,0,0,0,0,0,0,0,0,0,0,0.4,0,0,0,0.4,0,0,0,0,0,0,0.4,0,0,0,0.4
9/1/2026,2021,20221242,41120,39394,UTILITY SAFETY AND DESIGN INC,Natural Gas,INTERSTATE,ALABAMA,0,0,0,0,0,0,0,0,0,0,1.2,0,0,0,1.2,0,0,0,0,0,0,0,0,0,0,0,0,0,0,0,0,0,0,0,0,0,0,0,0,0,0,0,0,0,0,0,0,0,0,0,1.2,0,0,0,1.2,0,0,0,0,0,0,1.2,0,0,0,1.2
9/1/2026,2021,20221242,41120,39394,UTILITY SAFETY AND DESIGN INC,Natural Gas,INTERSTATE,TENNESSEE,0,0,0,0,0,0,0,0,0,0,13.039,0,1.261,0,14.3,0,0,0,0,0,0,0,0,0,0,0,0,0,0,0,0,0,0,0,0,0,0,0,0,0,0,0,0,0,0,0,0,0,0,0,13.039,0,1.261,0,14.3,0,0,0,0,0,0,13.039,0,1.261,0,14.3
9/1/2026,2021,20220249,40087,39396,MINNESOTA POWER LASKIN ENERGY CENTER,Natural Gas,INTRASTATE,MINNESOTA,1.08,0,0,0,1.08,0,0,0,0,0,0,0,0,0,0,0,0,0,0,0,0,0,0,0,0,0,0,0,0,0,0,0,0,0,0,0,0,0,0,0,0,0,0,0,0,0,0,0,0,0,1.08,0,0,0,1.08,0,0,0,0,0,0,1.08,0,0,0,1.08
9/1/2026,2021,20220828,40688,39398,INEOS USA LLC,Hydrogen Gas,INTRASTATE,TEXAS,20.45,0,0.82,0,21.27,0,0,0,0,0,0,0,0,0,0,0,0,0,0,0,0,0,0,0,0,0,0,0,0,0,0,0,0,0,0,0,0,0,0,0,0,0,0,0,0,0,0,0,0,0,20.45,0,0.82,0,21.27,0,0,0,0,0,0,20.45,0,0.82,0,21.27
9/1/2026,2021,20220830,46782,39398,INEOS USA LLC,Natural Gas,INTRASTATE,TEXAS,2.39,0,0.21,0,2.6,0,0,0,0,0,0,0,0,0,0,0,0,0,0,0,0,0,0,0,0,0,0,0,0,0,0,0,0,0,0,0,0,0,0,0,0,0,0,0,0,0,0,0,0,0,2.39,0,0.21,0,2.6,0,0,0,0,0,0,2.39,0,0.21,0,2.6
9/1/2026,2021,20220713,40569,39406,MISSISSIPPI NATURAL INC.,Natural Gas,INTRASTATE,MISSISSIPPI,0,0,0,0,0,0.27,0,0,0,0.27,0,0.133,0,0,0.133,0,0,0,0,0,0,3.78,0.73,0,4.51,0,0,0,0,0,0,0,0,0,0,0,0,0,0,0,1.58,0,0,0,1.58,0,0,0,0,0,1.85,3.913,0.73,0,6.493,0,0,0,0,0,0,1.85,3.913,0.73,0,6.493
9/1/2026,2021,20220936,40825,39420,"FLORIDA SOUTHEAST CONNECTION, LLC",Natural Gas,INTERSTATE,FLORIDA,0,0,0,0,0,0,0,0,0,0,0,0,0,0,0,31.621,5.602,6.825,0,44.048,0,0,0,0,0,104.667,13.088,10.625,0,128.38,0,0,0,0,0,0,0,0,0,0,0,0,0,0,0,0,0,0,0,0,136.288,18.69,17.45,0,172.428,0,0,0,0,0,0,136.288,18.69,17.45,0,172.428
9/1/2026,2021,20220469,40315,39429,CHENIERE CORPUS CHRISTI PIPELINE,Natural Gas,INTERSTATE,TEXAS,0,0,0,0,0,0,0,0,0,0,0,0,0,0,0,5.43,0.1,0,0,5.53,0.03,0,0,0,0.03,19.52,0.69,0,0,20.21,0,0,0,0,0,0,0,0,0,0,0,0,0,0,0,0,0,0,0,0,24.98,0.79,0,0,25.77,0,0,0,0,0,0,24.98,0.79,0,0,25.77
9/1/2026,2021,20220286,40125,39435,"IMPULSORA PIPELINE, LLC",Natural Gas,INTRASTATE,TEXAS,0,0,0,0,0,0,0,0,0,0,0,0,0,0,0,0,0,0,0,0,0,0,0,0,0,19.1,0,0,0,19.1,0,0,0,0,0,0,0,0,0,0,0,0,0,0,0,0,0,0,0,0,19.1,0,0,0,19.1,0,0,0,0,0,0,19.1,0,0,0,19.1
9/1/2026,2021,20220723,40579,39437,"RED GATE PIPELINE, LP",Natural Gas,INTRASTATE,TEXAS,0,0,0,0,0,0,0,0,0,0,0,0,0,0,0,0.09,0,0,0,0.09,0.55,0,0,0,0.55,24.89,0,0,0,24.89,0,0,0,0,0,0,0,0,0,0,0,0,0,0,0,0,0,0,0,0,25.53,0,0,0,25.53,0,0,0,0,0,0,25.53,0,0,0,25.53
9/1/2026,2021,20220736,40593,39439,"VALLEY LFG, LLC",Other Gas-Processed Landfill Gas,INTRASTATE,PENNSYLVANIA,1.5,0,0,0,1.5,0,0,0,0,0,0,0,0,0,0,0,0,0,0,0,0,0,0,0,0,0,0,0,0,0,0,0,0,0,0,0,0,0,0,0,0,0,0,0,0,0,0,0,0,0,1.5,0,0,0,1.5,0,0,0,0,0,0,1.5,0,0,0,1.5
9/1/2026,2021,20220312,40151,39442,JAMES LAKE MIDSTREAM,Natural Gas,INTRASTATE,TEXAS,0,0,0,0,0,1,0,0,0,1,0,0,0,0,0,0,0,0,0,0,0,0,0,0,0,0,0,0,0,0,0,0,0,0,0,0,0,0,0,0,0,0,0,0,0,0,0,0,0,0,1,0,0,0,1,0,0,0,0,0,0,1,0,0,0,1
9/1/2026,2021,20220800,40660,39443,"NAVITAS MDSTR MIDLAND BASIN, LLC",Natural Gas,INTRASTATE,TEXAS,0,0,0,0,0,0.096,0,0,0,0.096,8.191,0,0,0,8.191,0,0,0,0,0,0,0,0,0,0,0,0,0,0,0,0,0,0,0,0,0,0,0,0,0,0,0,0,0,0,0,0,0,0,0,8.287,0,0,0,8.287,0,0,0,0,0,0,8.287,0,0,0,8.287
9/1/2026,2021,20220667,40521,39447,GENESIS ALKALI LLC,Natural Gas,INTRASTATE,WYOMING,0,0,0,0,0,4,0,0,0,4,10,0,0,0,10,0,0,0,0,0,0,0,0,0,0,0,0,0,0,0,0,0,0,0,0,0,0,0,0,0,0,0,0,0,0,0,0,0,0,0,14,0,0,0,14,0,0,0,0,0,0,14,0,0,0,14
9/1/2026,2021,20220031,39854,39451,WEYERHAEUSER,Natural Gas,INTRASTATE,LOUISIANA,2,0,0,0,2,0,0,0,0,0,0,0,0,0,0,0,0,0,0,0,0,0,0,0,0,0,0,0,0,0,0,0,0,0,0,0,0,0,0,0,0,0,0,0,0,0,0,0,0,0,2,0,0,0,2,0,0,0,0,0,0,2,0,0,0,2
9/1/2026,2021,20220574,40421,39453,"STABILIS LNG PORT ALLEN, LLC",Natural Gas,INTRASTATE,LOUISIANA,0.275,0,0,0,0.275,0,0,0,0,0,0.275,0,0,0,0.275,0,0,0,0,0,0,0,0,0,0,0,0,0,0,0,0,0,0,0,0,0,0,0,0,0,0,0,0,0,0,0,0,0,0,0,0.55,0,0,0,0.55,0,0,0,0,0,0,0.55,0,0,0,0.55
9/1/2026,2021,20220201,40037,39458,BRUNNER ISLAND LLC,Natural Gas,INTRASTATE,PENNSYLVANIA,0,0,0,0,0,0,0,0,0,0,0,0,0,0,0,2,1.7,0,0,3.7,0,0,0,0,0,0,0,0,0,0,0,0,0,0,0,0,0,0,0,0,0,0,0,0,0,0,0,0,0,0,2,1.7,0,0,3.7,0,0,0,0,0,0,2,1.7,0,0,3.7
9/1/2026,2021,20220868,40728,39461,EL DORADO CHEMICAL,Natural Gas,INTRASTATE,ARKANSAS,0,0,0,0,0,0,0,0,0,0,0,0,0,0,0,5.95,0,0,0,5.95,0,0,0,0,0,0,0,0,0,0,0,0,0,0,0,0,0,0,0,0,0,0,0,0,0,0,0,0,0,0,5.95,0,0,0,5.95,0,0,0,0,0,0,5.95,0,0,0,5.95
9/1/2026,2021,20220343,40183,39463,"EDINBURG RENEWABLES, LLC",Natural Gas,INTRASTATE,TEXAS,0,0,0,0,0,1.75,0,0,0,1.75,0,0,0,0,0,0,0,0,0,0,0,0,0,0,0,0,0,0,0,0,0,0,0,0,0,0,0,0,0,0,0,0,0,0,0,0,0,0,0,0,1.75,0,0,0,1.75,0,0,0,0,0,0,1.75,0,0,0,1.75
9/1/2026,2021,20220872,40732,39464,MIDWEST GENERATION LLC,Natural Gas,INTRASTATE,ILLINOIS,0,0,0,0,0,0.47,0,0,0,0.47,0,0,0,0,0,2.67,0,0.33,0,3,0,0,0,0,0,0,0,0,0,0,0,0,0,0,0,0,0,0,0,0,0,0,0,0,0,0,0,0,0,0,3.14,0,0.33,0,3.47,0,0,0,0,0,0,3.14,0,0.33,0,3.47
9/1/2026,2021,20221079,40948,39465,GUARDIAN LIMA,Natural Gas,INTRASTATE,OHIO,0.6,0,0,0,0.6,0,0,0,0,0,0,0,0,0,0,0,0,0,0,0,0,0,0,0,0,0,0,0,0,0,0,0,0,0,0,0,0,0,0,0,0,0,0,0,0,0,0,0,0,0,0.6,0,0,0,0.6,0,0,0,0,0,0,0.6,0,0,0,0.6
9/1/2026,2021,20220102,39933,39469,MUSKEGON COUNTY SOLID WASTE MANAGEMENT SYSTEM,Landfill Gas,INTRASTATE,MICHIGAN,0,0,0,0,0,0,0,0,0,0,0,0,0,0,0,0,0,0,0,0,0,0,0,0,0,0,0,0,0,0,0,0,0,0,0,0,0,0,0,0,0,0,0,0,0,1.727,3.064,2.573,0,7.364,1.727,3.064,2.573,0,7.364,,,,,,,1.727,3.064,2.573,0,7.364
9/1/2026,2021,20220614,40463,39470,LOUISIANA ENERGY AND POWER AUTHORITY,Natural Gas,INTRASTATE,LOUISIANA,0,0,0,0,0,0,0,0,0,0,0.9,0.45,0,0,1.35,0,0,0,0,0,0,0,0,0,0,0,0,0,0,0,0,0,0,0,0,0,0,0,0,0,0,0,0,0,0,0,0,0,0,0,0.9,0.45,0,0,1.35,0,0,0,0,0,0,0.9,0.45,0,0,1.35
9/1/2026,2021,20220595,40443,39471,WOODLAND MIDSTREAM UTILITY,Natural Gas,INTRASTATE,TEXAS,3.99,0,0,0,3.99,0,0,0,0,0,0,0,0,0,0,0,0,0,0,0,0,0,0,0,0,0,0,0,0,0,0,0,0,0,0,0,0,0,0,0,0,0,0,0,0,3.88,0,0,0,3.88,7.87,0,0,0,7.87,0,0,0,0,0,0,7.87,0,0,0,7.87
9/1/2026,2021,20220185,40020,39473,COWBOY PIPELINE OPERATORS LLC,Natural Gas,INTRASTATE,TEXAS,0,0,0,0,0,0,0,0,0,0,0,0,0,0,0,0,0,0,0,0,0,0,0,0,0,0,0,0,0,0,0,0,0,0,0,0,0,0,0,0,0,0,0.8,0,0.8,0,0,0,0,0,0,0,0.8,0,0.8,0,0,0,0,0,0,0,0,0.8,0,0.8
9/1/2026,2021,20220052,39877,39475,LION ELASTOMERS LLC.,Natural Gas,INTRASTATE,TEXAS,0,0,0,0,0,0,0,0.73,0,0.73,0,0,0,0,0,0,0,0,0,0,0,0,0,0,0,0,0,0,0,0,0,0,0,0,0,0,0,0,0,0,0,0,0,0,0,0,0,0,0,0,0,0,0.73,0,0.73,0,0,0,0,0,0,0,0,0.73,0,0.73
9/1/2026,2021,20221243,41121,39476,"BRAZOS MIDSTREAM OPERATING, LLC",Natural Gas,INTRASTATE,TEXAS,0,0,0,0,0,0,0,0,0,0,0,0,0,0,0,0.91,0,0,0,0.91,4.05,0,0,0,4.05,0,0,0,0,0,0,0,0,0,0,0,0,0,0,0,0,0,0,0,0,0,0,0,0,0,4.96,0,0,0,4.96,0,0,0,0,0,0,4.96,0,0,0,4.96
9/1/2026,2021,20220877,40737,39480,BLUEFIN RESOURCES LLC,Natural Gas,INTRASTATE,TEXAS,0,0,0,0,0,3.15,0,0,0,3.15,0,0,0,0,0,0,0,0,0,0,0,0,0,0,0,0,0,0,0,0,0,0,0,0,0,0,0,0,0,0,0,0,0,0,0,0,0,0,0,0,3.15,0,0,0,3.15,0,0,0,0,0,0,3.15,0,0,0,3.15
9/1/2026,2021,20220714,40570,39491,EQT PRODUCTION,Natural Gas,INTRASTATE,PENNSYLVANIA,0,0,0,0,0,3.26,0,0,0,3.26,1.1,0,0,0,1.1,1.15,0,0,0,1.15,4.6,0.27,0.94,0,5.81,0,0,0,0,0,0,0,0,0,0,0,0,0,0,0,0,0,0,0,0,0,0,0,0,0,10.11,0.27,0.94,0,11.32,0,0,0,0,0,0,10.11,0.27,0.94,0,11.32
9/1/2026,2021,20220132,39964,39494,"COFFEYVILLE RESOURCES REFINING AND MARKETING, LLC",Natural Gas,INTRASTATE,KANSAS,0,0,0,0,0,0,0,0,0,0,7.1,0,0,0,7.1,0,0,0,0,0,0,0,0,0,0,0,0,0,0,0,0,0,0,0,0,0,0,0,0,0,0,0,0,0,0,0,0,0,0,0,7.1,0,0,0,7.1,0,0,0,0,0,0,7.1,0,0,0,7.1
9/1/2026,2021,20220156,39989,39496,"ETHOS POWER PLANT SERVICES, LLC",Natural Gas,INTRASTATE,OHIO,0,0,0,0,0,0.5,0,0,0,0.5,0,0,0,0,0,0,0,0,0,0,0,0,0,0,0,0,0,0,0,0,0,0,0,0,0,0,0,0,0,0,0,0,0,0,0,0,0,0,0,0,0.5,0,0,0,0.5,0,0,0,0,0,0,0.5,0,0,0,0.5
9/1/2026,2021,20220439,40285,39502,"BRAZORIA INTERCONNECTOR GAS PIPELINE, LLC.",Natural Gas,INTRASTATE,TEXAS,0,0,0,0,0,0,0,0,0,0,0,0,0,0,0,10.42,1.29,1.41,0,13.12,9.93,0.78,0,0,10.71,6.43,0,0,0,6.43,0,0,0,0,0,0,0,0,0,0,0,0,0,0,0,0,0,0,0,0,26.78,2.07,1.41,0,30.26,0,0,0,0,0,0,26.78,2.07,1.41,0,30.26
9/1/2026,2021,20220221,40057,39508,AETHON UNITED PIPELINE LP,Natural Gas,INTRASTATE,LOUISIANA,0,0,0.28,0,0.28,0,0,0,0,0,0,0,0,0,0,0.64,0,2.54,0,3.18,3.37,1.14,0,0,4.51,8.49,1.14,0,0,9.63,0,0,0,0,0,0,0,0,0,0,0,0,0,0,0,0,0,0,0,0,12.5,2.28,2.82,0,17.6,0,0,0,0,0,0,12.5,2.28,2.82,0,17.6
9/1/2026,2021,20220665,40519,39519,KINETICA DEEPWATER EXPRESS LLC,Natural Gas,INTERSTATE,LOUISIANA,0,0,0,0,0,0,0,0,0,0,0.07,0,0.33,0,0.4,1.62,0,0.56,0,2.18,0,0,0,0,0,44.53,0,0,0,44.53,0,0,0,0,0,0,0,0,0,0,0,0,0,0,0,0,0,0,0,0,46.22,0,0.89,0,47.11,0,10.1,0,0,0,10.1,56.32,0,0.89,0,57.21
9/1/2026,2021,20220665,40519,39519,KINETICA DEEPWATER EXPRESS LLC,Natural Gas,INTERSTATE,OCS-Gulf of Mexico,0,0,0,0,0,0,0,0,0,0,0,0,0,0,0,0,0,0,0,0,0,0,0,0,0,0,0,0,0,0,0,0,0,0,0,0,0,0,0,0,0,0,0,0,0,0,0,0,0,0,0,0,0,0,0,0,140.13,0,0,0,140.13,140.13,0,0,0,140.13
9/1/2026,2021,20220472,41869,39520,DELFIN OFFSHORE PIPELINE LLC,Natural Gas,INTERSTATE,LOUISIANA,0,0,0,0,0,0,0,0,0,0,0,0,0,0,0,0.02,0,0,0,0.02,1.1,0,0,0,1.1,0,0,0,0,0,0,0,0,0,0,0,0,0,0,0,0,0,0,0,0,0,0,0,0,0,1.12,0,0,0,1.12,0,3.47,0,0,0,3.47,4.59,0,0,0,4.59
9/1/2026,2021,20220472,41869,39520,DELFIN OFFSHORE PIPELINE LLC,Natural Gas,INTERSTATE,OCS-Gulf of Mexico,0,0,0,0,0,0,0,0,0,0,0,0,0,0,0,0,0,0,0,0,0,0,0,0,0,0,0,0,0,0,0,0,0,0,0,0,0,0,0,0,0,0,0,0,0,0,0,0,0,0,0,0,0,0,0,0,24.94,0,0,0,24.94,24.94,0,0,0,24.94
9/1/2026,2021,20220351,40193,39536,"EMPIRE MINING CO, LLC",Natural Gas,INTRASTATE,NEVADA,0,0,0,0,0,0,0,0,0,0,0,0,0,0,0,0,0,0,0,0,38.3,0,0,0,38.3,0,0,0,0,0,0,0,0,0,0,0,0,0,0,0,0,0,0,0,0,0,0,0,0,0,38.3,0,0,0,38.3,0,0,0,0,0,0,38.3,0,0,0,38.3
9/1/2026,2021,20220261,40100,39541,"BAYONNE ENERGY CENTER, LLC",Natural Gas,INTRASTATE,NEW JERSEY,0,0,0,0,0,0,0,0,0,0,0,0,1.49,0,1.49,0,0,0,0,0,0,0,0,0,0,0,0,0,0,0,0,0,0,0,0,0,0,0,0,0,0,0,0,0,0,0,0,0,0,0,0,0,1.49,0,1.49,0,0,0,0,0,0,0,0,1.49,0,1.49
9/1/2026,2021,20220925,40788,39542,COLUMBIA GULF TRANSMISSION LLC – CARTER CREEK FACILITIES,Natural Gas,INTERSTATE,WYOMING,0,0,0,0,0,0.012,0,0,0,0.012,0.068,0,0,0,0.068,1.407,0,0,0,1.407,8.711,0,0,0,8.711,0,0,0,0,0,0,0,0,0,0,0,0,0,0,0,0,0,0,0,0,0,0,0,0,0,10.198,0,0,0,10.198,0,0,0,0,0,0,10.198,0,0,0,10.198
9/1/2026,2021,20220926,40789,39545,IMG ENERGY SERVICES,Natural Gas,INTRASTATE,PENNSYLVANIA,0.3,0,0,0,0.3,0.6,0,0,0,0.6,0,0,0,0,0,0,0,0,0,0,0,0,0,0,0,0,0,0,0,0,0,0,0,0,0,0,0,0,0,0,0,0,0,0,0,1.3,0,0,0,1.3,2.2,0,0,0,2.2,0,0,0,0,0,0,2.2,0,0,0,2.2
9/1/2026,2021,20220106,39937,39552,"LIBERTY MIDSTREAM SOLUTIONS, LLC",Natural Gas,INTRASTATE,NORTH DAKOTA,0,0,0,0,0,0.002,0,0,0,0.002,0.77,0,0,0,0.77,0,0,0,0,0,0,0,0,0,0,0,0,0,0,0,0,0,0,0,0,0,0,0,0,0,0,0,0,0,0,0,0,0,0,0,0.772,0,0,0,0.772,0,0,0,0,0,0,0.772,0,0,0,0.772
9/1/2026,2021,20221108,41332,39553,"ROESLEIN ALTERNATIVE ENERGY SERVICES, LLC",Landfill Gas,INTRASTATE,MISSOURI,0,0,0,0,0,3.95,0,0,0,3.95,0,0,0,0,0,0,0,0,0,0,0,0,0,0,0,0,0,0,0,0,0,0,0,0,0,0,0,0,0,0,0,0,0,0,0,22.64,0,0,0,22.64,26.59,0,0,0,26.59,0,0,0,0,0,0,26.59,0,0,0,26.59
9/1/2026,2021,20220882,40742,39562,"SECO PIPELINE, LLC",Natural Gas,INTRASTATE,TEXAS,0,0,0,0,0,29.81,0,0,0,29.81,0,0,0,0,0,0,0,0,0,0,0,0,0,0,0,0,0,0,0,0,0,0,0,0,0,0,0,0,0,0,0,0,0,0,0,0,0,0,0,0,29.81,0,0,0,29.81,0,0,0,0,0,0,29.81,0,0,0,29.81
9/1/2026,2021,20220997,40863,39566,LUCID ENERGY DELAWARE LLC,Natural Gas,INTRASTATE,NEW MEXICO,0,0,0,0,0,0,0,0,0,0,0,0,0,0,0,0,0,0,0,0,0,0,0,0,0,7.14,0,0,0,7.14,0,0,0,0,0,0,0,0,0,0,0,0,0,0,0,0,0,0,0,0,7.14,0,0,0,7.14,0,0,0,0,0,0,7.14,0,0,0,7.14
9/1/2026,2021,20220633,40482,39567,"UPP OPERATING, LLC",Natural Gas,INTRASTATE,TEXAS,0,0,0,0,0,0,0,0,0,0,1.64,0,0,0,1.64,0,1.56,4.57,0,6.13,0,3.71,0,0,3.71,0,0,0,0,0,0,0,0,0,0,0,0,0,0,0,0,0,0,0,0,0,0,0,0,0,1.64,5.27,4.57,0,11.48,0,0,0,0,0,0,1.64,5.27,4.57,0,11.48
9/1/2026,2021,20220125,39957,39568,GREENIDGE PIPELINE LLC,Natural Gas,INTRASTATE,NEW YORK,0,0,0,0,0,0,0,0,0,0,0,0,0,0,0,4.7,0,0,0,4.7,0,0,0,0,0,0,0,0,0,0,0,0,0,0,0,0,0,0,0,0,0,0,0,0,0,0,0,0,0,0,4.7,0,0,0,4.7,0,0,0,0,0,0,4.7,0,0,0,4.7
9/1/2026,2021,20221153,41025,39569,EAGLE OIL AND GAS CO.,Natural Gas,INTRASTATE,TEXAS,0,0,0,0,0,0.45,0,0,0,0.45,0,0,0,0,0,0,0,0,0,0,0,0,0,0,0,0,0,0,0,0,0,0,0,0,0,0,0,0,0,0,0,0,0,0,0,0,0,0,0,0,0.45,0,0,0,0.45,0,0,0,0,0,0,0.45,0,0,0,0.45
9/1/2026,2021,20221238,41116,39572,"WWM OPERATING, LLC",Natural Gas,INTERSTATE,NEW MEXICO,0,0,0,0,0,0,0,0,0,0,0,0,0,0,0,0,0,0,0,0,19.46,0,0,0,19.46,0,0,0,0,0,0,0,0,0,0,0,0,0,0,0,0,0,0,0,0,0,0,0,0,0,19.46,0,0,0,19.46,0,0,0,0,0,0,19.46,0,0,0,19.46
9/1/2026,2021,20221238,41116,39572,"WWM OPERATING, LLC",Natural Gas,INTERSTATE,TEXAS,0,0,0,0,0,0,0,0,0,0,0,0,0,0,0,0,0,0,0,0,3.8,0,0,0,3.8,0,0,0,0,0,0,0,0,0,0,0,0,0,0,0,0,0,0,0,0,0,0,0,0,0,3.8,0,0,0,3.8,0,0,0,0,0,0,3.8,0,0,0,3.8
9/1/2026,2021,20221238,41116,39572,"WWM OPERATING, LLC",Natural Gas,INTRASTATE,TEXAS,0,0,0,0,0,0,0,0,0,0,0.06,0,0,0,0.06,0.14,0,0,0,0.14,31.62,0,0,0,31.62,705.78,0.4,0,0,706.18,0.18,0,0,0,0.18,0,0,0,0,0,0,0,0,0,0,0,0,0,0,0,737.78,0.4,0,0,738.18,0,0,0,0,0,0,737.78,0.4,0,0,738.18
9/1/2026,2021,20221060,40928,39574,PINE RUN MIDSTREAM,Natural Gas,INTRASTATE,PENNSYLVANIA,0,0,0,0,0,0,0,0,0,0,0,0,0,0,0,4.439,3.249,0,0,7.688,0,0,0,0,0,0,0,0,0,0,0,0,0,0,0,0,0,0,0,0,0,0,0,0,0,0,0,0,0,0,4.439,3.249,0,0,7.688,0,0,0,0,0,0,4.439,3.249,0,0,7.688
9/1/2026,2021,20220090,39997,39576,"ORX RESOURCES,L.L.C.",Natural Gas,INTRASTATE,LOUISIANA,0,0,0,0,0,0,0,0,0,0,3.13,0.54,0,0,3.67,0,0,0,0,0,0,0,0,0,0,0,0,0,0,0,0,0,0,0,0,0,0,0,0,0,0,0,0,0,0,0,0,0,0,0,3.13,0.54,0,0,3.67,0,0,0,0,0,0,3.13,0.54,0,0,3.67
9/1/2026,2021,20221149,41021,39577,"NFG MIDSTREAM WELLSBORO, LLC",Natural Gas,INTRASTATE,PENNSYLVANIA,0,0,0,0,0,0,0,0,0,0,0,0,0,0,0,0.05,0,0,0,0.05,0.57,0,0,0,0.57,0,0,0,0,0,0,0,0,0,0,0,0,0,0,0,0,0,0,0,0,0,0,0,0,0,0.62,0,0,0,0.62,0,0,0,0,0,0,0.62,0,0,0,0.62
9/1/2026,2021,20220130,39962,39583,EVONIK,Hydrogen Gas,INTRASTATE,KANSAS,0,0.44,0,0,0.44,0,0,0,0,0,0,0,0,0,0,0,0,0,0,0,0,0,0,0,0,0,0,0,0,0,0,0,0,0,0,0,0,0,0,0,0,0,0,0,0,0,0,0,0,0,0,0.44,0,0,0.44,,,,,,,0,0.44,0,0,0.44
9/1/2026,2021,20220798,40658,39585,"UPSHUR GAS GATHERING, LLC",Natural Gas,INTRASTATE,WEST VIRGINIA,0.128,0,0,0,0.128,0,0,0,0,0,0,0,0,0,0,0,0,0,0,0,0,0,0,0,0,0,0,0,0,0,0,0,0,0,0,0,0,0,0,0,0,0,0,0,0,0,0,0,0,0,0.128,0,0,0,0.128,0,0,0,0,0,0,0.128,0,0,0,0.128
9/1/2026,2021,20220350,40192,39590,"RYZE RENEWABLES RENO, LLC",Natural Gas,INTRASTATE,NEVADA,0,0,0,0,0,0,0,0,0,0,0,0.3,0,0,0.3,0,0,0,0,0,0,0,0,0,0,0,0,0,0,0,0,0,0,0,0,0,0,0,0,0,0,0,0,0,0,0,0,0,0,0,0,0.3,0,0,0.3,0,0,0,0,0,0,0,0.3,0,0,0.3
9/1/2026,2021,20221272,41151,39592,GATEWAY CORRIGAN LLC,Natural Gas,INTRASTATE,TEXAS,0,0,0,0,0,0,2.16,0,0,2.16,0,0,0,0,0,0,0,0,0,0,0,0,0,0,0,0,0,0,0,0,0,0,0,0,0,0,0,0,0,0,0,0,0,0,0,0,0,0,0,0,0,2.16,0,0,2.16,0,0,0,0,0,0,0,2.16,0,0,2.16
9/1/2026,2021,20220685,40540,39597,"VALLEY CROSSING PIPELINE, LLC",Natural Gas,INTERSTATE,TEXAS,0,0,0,0,0,0,0,0,0,0,0,0,0,0,0,0,0,0,0,0,0,0,0,0,0,0,0,0,0,0,0,0,0,0,0,0,0,0,0,0,0,0,0,0,0,0,0,0,0,0,0,0,0,0,0,0,0.19,0,0,0,0.19,0.19,0,0,0,0.19
9/1/2026,2021,20220685,40540,39597,"VALLEY CROSSING PIPELINE, LLC",Natural Gas,INTRASTATE,TEXAS,0,0,0,0,0,0,0,0,0,0,0,0,0,0,0,9.14,0.17,0,0,9.31,19.88,2.82,0,0,22.7,131.21,0.08,0,0,131.29,0,0,0,0,0,0,0,0,0,0,0,0,0,0,0,0,0,0,0,0,160.23,3.07,0,0,163.3,0,13.75,0,0,0,13.75,173.98,3.07,0,0,177.05
9/1/2026,2021,20220530,40376,39602,UPPER MICHIGAN ENERGY RESOURCES CORP.,Natural Gas,INTRASTATE,MICHIGAN,0,0,0,0,0,0,0,0,0,0,0,2.88,0,0,2.88,0,0,0,0,0,0,0,0,0,0,0,0,0,0,0,0,0,0,0,0,0,0,0,0,0,0,0,0,0,0,0,0,0,0,0,0,2.88,0,0,2.88,0,0,0,0,0,0,0,2.88,0,0,2.88
9/1/2026,2021,20220068,39893,39605,CR PERMIAN NATURAL GAS TRANSMISSION LLC,Natural Gas,INTRASTATE,TEXAS,0,0,0,0,0,0,0,0,0,0,0,0,0,0,0,16.41,0,0,0,16.41,0,0,0,0,0,5.29,0,0,0,5.29,0,0,0,0,0,0,0,0,0,0,0,0,0,0,0,0,0,0,0,0,21.7,0,0,0,21.7,0,0,0,0,0,0,21.7,0,0,0,21.7
9/1/2026,2021,20220728,40585,39608,VAQUERO PERMIAN GATHERING LLC,Natural Gas,INTRASTATE,TEXAS,0,0,0,0,0,0,0,0,0,0,0,0,0,0,0,0,0,0,0,0,4.98,0,0,0,4.98,0,0,0,0,0,0,0,0,0,0,0,0,0,0,0,0,0,0,0,0,0,0,0,0,0,4.98,0,0,0,4.98,0,0,0,0,0,0,4.98,0,0,0,4.98
9/1/2026,2021,20220217,40053,39609,"HAVEN STEEL PRODUCTS, INC",Natural Gas,INTRASTATE,KANSAS,0,0.02,0,0,0.02,0,0,0,0,0,0,0,0,0,0,0,0,0,0,0,0,0,0,0,0,0,0,0,0,0,0,0,0,0,0,0,0,0,0,0,0,0,0,0,0,0,0.3,0,0,0.3,0,0.32,0,0,0.32,0,0,0,0,0,0,0,0.32,0,0,0.32
9/1/2026,2021,20220094,40067,39612,"CHS, INC HALLOCK",Natural Gas,INTRASTATE,MINNESOTA,0.02,0,0,0,0.02,0,0,0,0,0,0,0,0,0,0,0,0,0,0,0,0,0,0,0,0,0,0,0,0,0,0,0,0,0,0,0,0,0,0,0,0,0,0,0,0,3.14,0,0,0,3.14,3.16,0,0,0,3.16,0,0,0,0,0,0,3.16,0,0,0,3.16
9/1/2026,2021,20221255,41133,39614,SOUTH HOUSTON PRODUCTION COMPANY,Natural Gas,INTRASTATE,TEXAS,0,0,2.09,0,2.09,0,0,0,0,0,0,0,0,0,0,0,0,0,0,0,0,0,0,0,0,0,0,0,0,0,0,0,0,0,0,0,0,0,0,0,0,0,0,0,0,0,0,0,0,0,0,0,2.09,0,2.09,0,0,0,0,0,0,0,0,2.09,0,2.09
9/1/2026,2021,20221185,41059,39619,DIVERSIFIED MIDSTREAM LLC,Natural Gas,INTRASTATE,KENTUCKY,17.607,11.76,1.33,0,30.697,0.207,0.771,1.1,0,2.078,0.07,0,0,0,0.07,0,0,0,0,0,0,0,0,0,0,0,0,0,0,0,0,0,0,0,0,0,0,0,0,0,0,0,0,0,0,0,0,0,0,0,17.884,12.531,2.43,0,32.845,,,,,,,17.884,12.531,2.43,0,32.845
9/1/2026,2021,20221185,41059,39619,DIVERSIFIED MIDSTREAM LLC,Natural Gas,INTRASTATE,PENNSYLVANIA,0,0,0,0,0,0,0,0,0,0,0,0,0,0,0,0,0,0,0,0,13.445,1.392,0.114,0,14.951,0,0,0,0,0,0,0,0,0,0,0,0,0,0,0,0,0,0,0,0,0,0,0,0,0,13.445,1.392,0.114,0,14.951,,,,,,,13.445,1.392,0.114,0,14.951
9/1/2026,2021,20221185,41059,39619,DIVERSIFIED MIDSTREAM LLC,Natural Gas,INTRASTATE,TENNESSEE,0,0,0,0,0,0,0,0,0,0,21.52,1,0,0,22.52,3.31,0,0,0,3.31,0,0,0,0,0,0,0,0,0,0,0,0,0,0,0,0,0,0,0,0,0,0,0,0,0,0,0,0,0,0,24.83,1,0,0,25.83,,,,,,,24.83,1,0,0,25.83
9/1/2026,2021,20221185,41059,39619,DIVERSIFIED MIDSTREAM LLC,Natural Gas,INTRASTATE,WEST VIRGINIA,4.33,0.13,1.48,0,5.94,1.488,0.19,0.25,0,1.928,0.88,0,0,0,0.88,22.432,0,0,0,22.432,0,0,0,0,0,0,0,0,0,0,0,0,0,0,0,0,0,0,0,0,0,0,0,0,0,0,0,0,0,0,29.13,0.32,1.73,0,31.18,0,0,0,0,0,0,29.13,0.32,1.73,0,31.18
9/1/2026,2021,20220648,40497,39624,AIRGAS MERCHANT GAS KALAMA,Hydrogen Gas,INTRASTATE,WASHINGTON,2.43,0,0,0,2.43,0,0,0,0,0,0,0,0,0,0,0,0,0,0,0,0,0,0,0,0,0,0,0,0,0,0,0,0,0,0,0,0,0,0,0,0,0,0,0,0,0,0,0,0,0,2.43,0,0,0,2.43,0,0,0,0,0,0,2.43,0,0,0,2.43
9/1/2026,2021,20220032,39855,39626,CALGON CARBON CORPORATION,Natural Gas,INTRASTATE,MISSISSIPPI,5.23,0,0,0,5.23,0,0,0,0,0,0,0,0,0,0,0,0,0,0,0,0,0,0,0,0,0,0,0,0,0,0,0,0,0,0,0,0,0,0,0,0,0,0,0,0,0,0,0,0,0,5.23,0,0,0,5.23,0,0,0,0,0,0,5.23,0,0,0,5.23
9/1/2026,2021,20220762,40619,39627,AIR LIQUIDE ADVANCED TECHNOLOGIES US LLC,Other Gas-Processed Landfill Methane,INTRASTATE,MISSISSIPPI,0,0,0,0,0,4,0,0,0,4,0,0,0,0,0,0,0,0,0,0,0,0,0,0,0,0,0,0,0,0,0,0,0,0,0,0,0,0,0,0,0,0,0,0,0,0,0,0,0,0,4,0,0,0,4,0,0,0,0,0,0,4,0,0,0,4
9/1/2026,2021,20220887,40747,39630,LIGHTSTONE GENERATION LLC-DARBY POWER LLC,Natural Gas,INTRASTATE,OHIO,0,0,0,0,0,0,0,0,0,0,0,0,0,0,0,0.66,0,0,0,0.66,0,0,0,0,0,0,0,0,0,0,0,0,0,0,0,0,0,0,0,0,0,0,0,0,0,0,0,0,0,0,0.66,0,0,0,0.66,0,0,0,0,0,0,0.66,0,0,0,0.66
9/1/2026,2021,20220050,39875,39634,ALTUS MIDSTREAM PIPELINE LP,Natural Gas,INTRASTATE,TEXAS,0,0,0,0,0,0,0,0,0,0,0,0,0,0,0,0,0,0,0,0,0,0,0,0,0,42.29,0,0,0,42.29,0,0,0,0,0,0,0,0,0,0,0,0,0,0,0,0,0,0,0,0,42.29,0,0,0,42.29,0,0,0,0,0,0,42.29,0,0,0,42.29
9/1/2026,2021,20221118,40987,39635,WINNEBAGO COUNTY SOLID WASTE MANAGEMENT BOARD,Landfill Gas,INTRASTATE,WISCONSIN,0,0,0,0,0,0,0,0,0,0,0,0,0,0,0,0,0,0,0,0,0,0,0,0,0,0,0,0,0,0,0,0,0,0,0,0,0,0,0,0,0,0,0,0,0,0,0,3.04,0,3.04,0,0,3.04,0,3.04,0,0,0,0,0,0,0,0,3.04,0,3.04
9/1/2026,2021,20220202,40038,39640,PSEG KEYS ENERGY CENTER,Natural Gas,INTRASTATE,MARYLAND,0,0,0,0,0,0,0,0,0,0,5.4,2.3,0,0,7.7,0,0,0,0,0,0,0,0,0,0,0,0,0,0,0,0,0,0,0,0,0,0,0,0,0,0,0,0,0,0,0,0,0,0,0,5.4,2.3,0,0,7.7,0,0,0,0,0,0,5.4,2.3,0,0,7.7
9/1/2026,2021,20220748,40605,39647,VALERO TEXAS CITY REFINERY,Natural Gas,INTRASTATE,TEXAS,0,0,0,0,0,0,0,0,0,0,0.08,0,0.35,0.24,0.67,0,0,0,0,0,0,0,0,0,0,0,0,0,0,0,0,0,0,0,0,0,0,0,0,0,0,0,0,0,0,0,0,0,0,0,0.08,0,0.35,0.24,0.67,0,0,0,0,0,0,0.08,0,0.35,0.24,0.67
9/1/2026,2021,20221138,41009,39648,VALERO HOUSTON REFINERY,Natural Gas,INTRASTATE,TEXAS,0,0,0,0,0,0.41,0,3.85,0,4.26,0,0,0,0,0,0,0,0,0,0,0,0,0,0,0,0,0,0,0,0,0,0,0,0,0,0,0,0,0,0,0,0,0,0,0,0,0,0,0,0,0.41,0,3.85,0,4.26,0,0,0,0,0,0,0.41,0,3.85,0,4.26
9/1/2026,2021,20220231,40068,39653,CORNELL UNIVERSITY,Natural Gas,INTRASTATE,NEW YORK,0,3.1,0,0,3.1,0,0,0,0,0,0,0,0,0,0,0,0,0,0,0,0,0,0,0,0,0,0,0,0,0,0,0,0,0,0,0,0,0,0,0,0,0,0,0,0,0,0,0,0,0,0,3.1,0,0,3.1,0,0,0,0,0,0,0,3.1,0,0,3.1
9/1/2026,2021,20220028,39850,39655,PINE HILL RENEWABLES,Natural Gas,INTRASTATE,TEXAS,0,0,0,0,0,0,0,0.68,0,0.68,0,0,0,0,0,0,0,0,0,0,0,0,0,0,0,0,0,0,0,0,0,0,0,0,0,0,0,0,0,0,0,0,0,0,0,0,0,0,0,0,0,0,0.68,0,0.68,0,0,0,0,0,0,0,0,0.68,0,0.68
9/1/2026,2021,20220323,40163,39660,COOK INLET NATURAL GAS STORAGE ALASKA,Natural Gas,INTRASTATE,ALASKA,0,0,0,0,0,0,0,0,0,0,0,0,0,0,0,0.584,0,0,0,0.584,0,0,0,0,0,0,0,0,0,0,0,0,0,0,0,0,0,0,0,0,0,0,0,0,0,0,0,0,0,0,0.584,0,0,0,0.584,0,0,0,0,0,0,0.584,0,0,0,0.584
9/1/2026,2021,20220269,40108,39688,"MARKWEST NEW MEXICO, L.L.C.",Natural Gas,INTERSTATE,NEW MEXICO,0,0,0,0,0,0,0,0,0,0,0,0,0,0,0,2.38,0,0,0,2.38,0.23,0,0,0,0.23,3.15,0,0,0,3.15,4.63,0,0,0,4.63,0,0,0,0,0,0,0,0,0,0,0,0,0,0,0,10.39,0,0,0,10.39,0,0,0,0,0,0,10.39,0,0,0,10.39
9/1/2026,2021,20220063,39888,39696,"RIVERFRONT EXPLORATION, LLC",Natural Gas,INTRASTATE,ARKANSAS,0,0,0,0,0,0.918,0,0,0,0.918,0,0,0,0,0,0,0,0,0,0,0,0,0,0,0,0,0,0,0,0,0,0,0,0,0,0,0,0,0,0,0,0,0,0,0,0,0,0,0,0,0.918,0,0,0,0.918,0,0,0,0,0,0,0.918,0,0,0,0.918
9/1/2026,2021,20221305,41191,39697,GOLDEN GAS SERVICE COMPANY,Natural Gas,INTRASTATE,OKLAHOMA,0,0,0,0,0,0,0,0,0,0,0,0,0,0,0,0,0,0,0,0,0,0,0,0,0,0,0,0,0,0,0,0,0,0,0,0,0,0,0,0,6.49,0,0,0,6.49,0,0,0,0,0,6.49,0,0,0,6.49,0,0,0,0,0,0,6.49,0,0,0,6.49
9/1/2026,2021,20220605,40454,39701,"BOARDWALK TEXAS INTRASTATE, LLC",Natural Gas,INTRASTATE,TEXAS,58.29,1.74,7.59,0,67.62,3.12,0,0.18,0,3.3,4.8,0.98,0,0,5.78,23.53,0.98,2.64,0,27.15,63.82,1.94,0,0,65.76,39.77,1.97,0,0,41.74,0,0,0,0,0,0,0,0,0,0,0,0,0,0,0,0,0,0,0,0,193.33,7.61,10.41,0,211.35,0,0,0,0,0,0,193.33,7.61,10.41,0,211.35
9/1/2026,2021,20220228,40064,39704,"KIOWA POWER PARTNERS, LLC",Natural Gas,INTRASTATE,OKLAHOMA,0,0,0,0,0,0,0,0,0,0,0,0,0,0,0,0,0,0,0,0,4.76,0,0,0,4.76,0,0,0,0,0,0,0,0,0,0,0,0,0,0,0,0,0,0,0,0,0,0,0,0,0,4.76,0,0,0,4.76,0,0,0,0,0,0,4.76,0,0,0,4.76
9/1/2026,2021,20220142,39975,39705,IACX ROSWELL LLC,Natural Gas,INTRASTATE,NEW MEXICO,0,0,0,0,0,0,0,0,0,0,0,0,0,0,0,0,0,0,0,0,3.68,0,0,0,3.68,0,0,0,0,0,0,0,0,0,0,0,0,0,0,0,0,0,0,0,0,0,0,0,0,0,3.68,0,0,0,3.68,0,0,0,0,0,0,3.68,0,0,0,3.68
9/1/2026,2021,20221377,41331,39711,OGRIS OPERATING,Natural Gas,INTRASTATE,COLORADO,5.6,0,0,0,5.6,0,0,0,0,0,0,0,0,0,0,0,0,0,0,0,0,0,0,0,0,0,0,0,0,0,0,0,0,0,0,0,0,0,0,0,0,0,0,0,0,0,0,0,0,0,5.6,0,0,0,5.6,,,,,,,5.6,0,0,0,5.6
9/1/2026,2021,20220422,40268,39714,CAMS MIDSTREAM,Natural Gas,INTRASTATE,LOUISIANA,0,0,0,0,0,0,0,0,0,0,0,0,0.53,0,0.53,0,4.19,5.15,0,9.34,0,0,0,0,0,0,0,0,0,0,0,0,0,0,0,0,0,0,0,0,0,0,0,0,0,0,0,0,0,0,0,4.19,5.68,0,9.87,0,0,0,0,0,0,0,4.19,5.68,0,9.87
9/1/2026,2021,20220355,40197,39715,CNX MIDSTREAM PARTNERS LP,Natural Gas,INTRASTATE,PENNSYLVANIA,0,0,0,0,0,0.09,0,0,0,0.09,0.01,0,0,0,0.01,1.67,0,0,0,1.67,0.03,0,0,0,0.03,0,0,0,0,0,0,0,0,0,0,0,0,0,0,0,0,0,0,0,0,0,0,0,0,0,1.8,0,0,0,1.8,0,0,0,0,0,0,1.8,0,0,0,1.8
9/1/2026,2021,20220470,40316,39728,"MIDSHIP PIPELINE COMPANY, LLC",Natural Gas,INTERSTATE,OKLAHOMA,0,0,0,0,0,0,0,0,0,0,0,0,0,0,0,4.09,0.13,0,0,4.22,9.13,1.33,0,0,10.46,14.95,0,0,0,14.95,207.39,0.06,0,0,207.45,0,0,0,0,0,0,0,0,0,0,0,0,0,0,0,235.56,1.52,0,0,237.08,0,0,0,0,0,0,235.56,1.52,0,0,237.08
9/1/2026,2021,20220344,40184,39730,MELISSA RENEWABLES,Natural Gas,INTRASTATE,TEXAS,0,0,4.7,0,4.7,0,0,0,0,0,0,0,0,0,0,0,0,0,0,0,0,0,0,0,0,0,0,0,0,0,0,0,0,0,0,0,0,0,0,0,0,0,0,0,0,0,0,0,0,0,0,0,4.7,0,4.7,0,0,0,0,0,0,0,0,4.7,0,4.7
9/1/2026,2021,20220739,40596,39733,"OHIO POWER PARTNERS, LLC.",Natural Gas,INTRASTATE,OHIO,0,0,0,0,0,0,0,0,0,0,0.28,0,0,0,0.28,0,0,0,0,0,0,0,0,0,0,0,0,0,0,0,0,0,0,0,0,0,0,0,0,0,0,0,0,0,0,0,0,0,0,0,0.28,0,0,0,0.28,0,0,0,0,0,0,0.28,0,0,0,0.28
9/1/2026,2021,20220541,40387,39750,"GREYLOCK MIDSTREAM, LLC",Natural Gas,INTRASTATE,PENNSYLVANIA,0,0,0,0,0,2.13,0,0,0,2.13,0,0,0,0,0,6.82,0,0,0,6.82,0,0,0,0,0,0,0,0,0,0,0,0,0,0,0,0,0,0,0,0,0,0,0,0,0,0,0,0,0,0,8.95,0,0,0,8.95,0,0,0,0,0,0,8.95,0,0,0,8.95
9/1/2026,2021,20220541,40387,39750,"GREYLOCK MIDSTREAM, LLC",Natural Gas,INTRASTATE,WEST VIRGINIA,0,0.348,0,0,0.348,0,0,0,0,0,0,0,0,0,0,0,0.33,0,0,0.33,4.323,0.277,0,0,4.6,0,0,0,0,0,0,0,0,0,0,0,0,0,0,0,0,0,0,0,0,0,0,0,0,0,4.323,0.955,0,0,5.278,0,0,0,0,0,0,4.323,0.955,0,0,5.278
9/1/2026,2021,20221103,40972,39752,"STAKEHOLDER GAS UTILITY, LLC",Natural Gas,INTRASTATE,TEXAS,0,0,0,0,0,0,0,0,0,0,0,0,0,0,0,5.63,0,0,0,5.63,0,0,0,0,0,0,0,0,0,0,0,0,0,0,0,0,0,0,0,0,0,0,0,0,0,0,0,0,0,0,5.63,0,0,0,5.63,,,,,,,5.63,0,0,0,5.63
9/1/2026,2021,20220943,41324,39753,CURETON FRONT RANGE LLC,Natural Gas,INTRASTATE,COLORADO,0,0,0,0,0,0,0,0,0,0,0,0,0,0,0,1.09,0,0,0,1.09,0,0,0,0,0,0,0,0,0,0,0,0,0,0,0,0,0,0,0,0,0,0,0,0,0,0,0,0,0,0,1.09,0,0,0,1.09,0,0,0,0,0,0,1.09,0,0,0,1.09
9/1/2026,2021,20221143,41014,39755,WOODWAY BLUEBONNET PIPELINE LLC,Natural Gas,INTRASTATE,TEXAS,64.361,18.305,20.103,0,102.769,24.461,5.312,5.17,0,34.943,0,0,0,0,0,0,0,0,0,0,0,0,0,0,0,0,0,0,0,0,0,0,0,0,0,0,0,0,0,0,0,0,0,0,0,0,0,0,0,0,88.822,23.617,25.273,0,137.712,0,0,0,0,0,0,88.822,23.617,25.273,0,137.712
9/1/2026,2021,20220683,40538,39757,"GENERATION PIPELINE, LLC",Natural Gas,INTRASTATE,OHIO,0.06,0,0,0,0.06,0.32,0.03,0.07,0,0.42,3.23,1.26,4.38,0,8.87,7.87,1.22,6.51,0,15.6,0,0,0,0,0,0,0,0,0,0,0,0,0,0,0,0,0,0,0,0,0,0,0,0,0,0,0,0,0,0,11.48,2.51,10.96,0,24.95,0,0,0,0,0,0,11.48,2.51,10.96,0,24.95
9/1/2026,2021,20220067,39892,39759,"IRON HORSE MIDSTREAM, LLC",Natural Gas,INTRASTATE,OKLAHOMA,0,0,0,0,0,0,0,0,0,0,0,0,0,0,0,2.5,0,0,0,2.5,6.2,0,0,0,6.2,0,0,0,0,0,0,0,0,0,0,0,0,0,0,0,0,0,0,0,0,0,0,0,0,0,8.7,0,0,0,8.7,0,0,0,0,0,0,8.7,0,0,0,8.7
9/1/2026,2021,20220962,40827,39760,"THE DOW CHEMICAL COMPANY, SDO",Natural Gas,INTRASTATE,TEXAS,0,0,0,0,0,0.01,0,0,0,0.01,0.02,0,0,0,0.02,0.03,0,0,0,0.03,0.4,0,0,0,0.4,0,0,0,0,0,0,0,0,0,0,0,0,0,0,0,0,0,0,0,0,0,0,0,0,0,0.46,0,0,0,0.46,0,0,0,0,0,0,0.46,0,0,0,0.46
9/1/2026,2021,20221075,40944,39760,"THE DOW CHEMICAL COMPANY, SDO",Other Gas-Ethylene,INTRASTATE,TEXAS,0,0,0,0,0,0.61,0,0,0,0.61,4.01,0,0,0,4.01,2.95,0,0,0,2.95,0.12,0,0,0,0.12,0,0,0,0,0,0,0,0,0,0,0,0,0,0,0,0,0,0,0,0,0,0,0,0,0,7.69,0,0,0,7.69,0,0,0,0,0,0,7.69,0,0,0,7.69
9/1/2026,2021,20220051,39876,39762,BLACKWELL EXP & DEVELOPMENT LLC,Natural Gas,INTRASTATE,TEXAS,5.64,0,0,0,5.64,0,0,0,0,0,0,0,0,0,0,0,0,0,0,0,0,0,0,0,0,0,0,0,0,0,0,0,0,0,0,0,0,0,0,0,0,0,0,0,0,0,0,0,0,0,5.64,0,0,0,5.64,0,0,0,0,0,0,5.64,0,0,0,5.64
9/1/2026,2021,20220884,44985,39773,ANHEUSER-BUSCH LLC,Other Gas-Biogas,INTRASTATE,GEORGIA,0.898,0,0,0,0.898,0,0,0,0,0,0,0,0,0,0,0,0,0,0,0,0,0,0,0,0,0,0,0,0,0,0,0,0,0,0,0,0,0,0,0,0,0,0,0,0,0.138,0,0,0,0.138,1.036,0,0,0,1.036,0,0,0,0,0,0,1.036,0,0,0,1.036
9/1/2026,2021,20220225,40061,39776,IBEX MIDSTREAM LLC,Natural Gas,INTRASTATE,LOUISIANA,0,0,0,0,0,0,0,0,0,0,0,0,0,0,0,0.15,0,0,0,0.15,2.72,0,0,0,2.72,0,0,0,0,0,0,0,0,0,0,0,0,0,0,0,0,0,0,0,0,0,0,0,0,0,2.87,0,0,0,2.87,0,0,0,0,0,0,2.87,0,0,0,2.87
9/1/2026,2021,20220746,40603,39779,"SEABREEZE ENERGY PRODUCERS, LLC",Natural Gas,INTRASTATE,TEXAS,3.46,0,0,0,3.46,0,0,0,0,0,0,0,0,0,0,0,0,0,0,0,0,0,0,0,0,0,0,0,0,0,0,0,0,0,0,0,0,0,0,0,0,0,0,0,0,0,0,0,0,0,3.46,0,0,0,3.46,0,0,0,0,0,0,3.46,0,0,0,3.46
9/1/2026,2021,20221364,41291,39781,REDCLIFF MIDSTREAM LLC,Natural Gas,INTRASTATE,OKLAHOMA,0,0,0,0,0,0,0,0,0,0,0,0,0,0,0,0,0,0,0,0,3.047,0,0,0,3.047,2.099,0,0,0,2.099,0,0,0,0,0,0,0,0,0,0,0,0,0,0,0,0,0,0,0,0,5.146,0,0,0,5.146,0,0,0,0,0,0,5.146,0,0,0,5.146
9/1/2026,2021,20220481,41865,39784,"AVOCET LNG, LLC",Natural Gas,INTERSTATE,LOUISIANA,0,0,0,0,0,0,0,0,0,0,0,0,0,0,0,0,0,0,0,0,0,0,0,0,0,3.07,0,0,0,3.07,0,0,0,0,0,0,0,0,0,0,0,0,0,0,0,0,0,0,0,0,3.07,0,0,0,3.07,0,3.99,0,0,0,3.99,7.06,0,0,0,7.06
9/1/2026,2021,20220481,41865,39784,"AVOCET LNG, LLC",Natural Gas,INTERSTATE,OCS-Gulf of Mexico,0,0,0,0,0,0,0,0,0,0,0,0,0,0,0,0,0,0,0,0,0,0,0,0,0,0,0,0,0,0,0,0,0,0,0,0,0,0,0,0,0,0,0,0,0,0,0,0,0,0,0,0,0,0,0,0,35.44,0,0,0,35.44,35.44,0,0,0,35.44
9/1/2026,2021,20220947,40811,39785,"EPIC CONSOLIDATED OPERATIONS, LLC",Natural Gas,INTRASTATE,TEXAS,0,0,0,0,0,0,0,0,0,0,0.62,0,0,0,0.62,0,0,0,0,0,0,0,0,0,0,0,0,0,0,0,0,0,0,0,0,0,0,0,0,0,0,0,0,0,0,0,0,0,0,0,0.62,0,0,0,0.62,0,0,0,0,0,0,0.62,0,0,0,0.62
9/1/2026,2021,20220645,40494,39791,"AMAROQ RESOURCES, LLC",Natural Gas,INTRASTATE,ALASKA,2.56,0,0,0,2.56,0,0,0,0,0,0,0,0,0,0,0,0,0,0,0,0,0,0,0,0,0,0,0,0,0,0,0,0,0,0,0,0,0,0,0,0,0,0,0,0,0,0,0,0,0,2.56,0,0,0,2.56,0,0,0,0,0,0,2.56,0,0,0,2.56
9/1/2026,2021,20220124,39956,39801,"ELITE OCTANE, LLC",Natural Gas,INTRASTATE,IOWA,0,0,0,0,0,2.48,0,0,0,2.48,0,0,0,0,0,0,0,0,0,0,0,0,0,0,0,0,0,0,0,0,0,0,0,0,0,0,0,0,0,0,0,0,0,0,0,0,0,0,0,0,2.48,0,0,0,2.48,0,0,0,0,0,0,2.48,0,0,0,2.48
9/1/2026,2021,20220151,39984,39802,"RH ENERGYTRANS, LLC",Natural Gas,INTERSTATE,OHIO,0,0,0,0,0,7.59,2,2,0,11.59,0,0,0,0,0,0,0,0,0,0,0,0,0,0,0,0,0,0,0,0,0,0,0,0,0,0,0,0,0,0,0,0,0,0,0,0,0,0,0,0,7.59,2,2,0,11.59,0,0,0,0,0,0,7.59,2,2,0,11.59
9/1/2026,2021,20220151,39984,39802,"RH ENERGYTRANS, LLC",Natural Gas,INTERSTATE,PENNSYLVANIA,0,0,0,0,0,15.76,1,0,0,16.76,0,0,0,0,0,4.98,0,0,0,4.98,23.62,3,0,0,26.62,0,0,0,0,0,0,0,0,0,0,0,0,0,0,0,0,0,0,0,0,0,0,0,0,0,44.36,4,0,0,48.36,0,0,0,0,0,0,44.36,4,0,0,48.36
9/1/2026,2021,20220107,46717,39808,JOHNS MANVILLE,Natural Gas,INTRASTATE,OHIO,0,0,0.93,0,0.93,0,0,0,0,0,0,0,0,0,0,0,0,0,0,0,0,0,0,0,0,0,0,0,0,0,0,0,0,0,0,0,0,0,0,0,0,0,0,0,0,0,0,0,0,0,0,0,0.93,0,0.93,0,0,0,0,0,0,0,0,0.93,0,0.93
9/1/2026,2021,20221313,41204,39809,KLICKITAT PUBLIC UTILITY DISTRICT,Natural Gas,INTRASTATE,WASHINGTON,0,0,0,0,0,5.56,0,0,0,5.56,0,0,0,0,0,0,0,0,0,0,0,0,0,0,0,0,0,0,0,0,0,0,0,0,0,0,0,0,0,0,0,0,0,0,0,0,0,0,0,0,5.56,0,0,0,5.56,0,0,0,0,0,0,5.56,0,0,0,5.56
9/1/2026,2021,20220425,41322,39811,"ARCADIA OPERATING, LLC",Natural Gas,INTRASTATE,TEXAS,0,2.17,0,0,2.17,0,0,0,0,0,0,0,0,0,0,0,0,0,0,0,0,0,0,0,0,0,0,0,0,0,0,0,0,0,0,0,0,0,0,0,0,0,0,0,0,0,0,0,0,0,0,2.17,0,0,2.17,0,0,0,0,0,0,0,2.17,0,0,2.17
9/1/2026,2021,20220281,40120,39814,"STATELINE PROCESSING, LLC",Natural Gas,INTRASTATE,TEXAS,0,0,0,0,0,0,0,0,0,0,0,0,0,0,0,0,0,0,0,0,0,0,0,0,0,4.55,0,0,0,4.55,0,0,0,0,0,0,0,0,0,0,0,0,0,0,0,0,0,0,0,0,4.55,0,0,0,4.55,0,0,0,0,0,0,4.55,0,0,0,4.55
9/1/2026,2021,20220440,40286,39824,"POMELO CONNECTOR, LLC",Natural Gas,INTERSTATE,TEXAS,0,0,0,0,0,0,0,0,0,0,0,0,0,0,0,0.91,0,0,0,0.91,0.09,0,0,0,0.09,12.89,0,0,0,12.89,0,0,0,0,0,0,0,0,0,0,0.04,0,0,0,0.04,0,0,0,0,0,13.93,0,0,0,13.93,0,0,0,0,0,0,13.93,0,0,0,13.93
9/1/2026,2021,20220863,40723,39829,"TENASKA PENNSYLVANIA PARTNERS, LLC",Natural Gas,INTRASTATE,PENNSYLVANIA,0,0,0,0,0,0,0,0,0,0,0,0,0,0,0,6.53,3.25,0,0,9.78,0,0,0,0,0,0,0,0,0,0,0,0,0,0,0,0,0,0,0,0,0,0,0,0,0,0,0,0,0,0,6.53,3.25,0,0,9.78,0,0,0,0,0,0,6.53,3.25,0,0,9.78
9/1/2026,2021,20220958,40822,39831,"PONDEROSA GATHERING (USG), LLC.",Natural Gas,INTRASTATE,OKLAHOMA,0,0,0,0,0,0,0,0,0,0,0,0,0,0,0,0,0,0,0,0,1.356,0,0.102,0,1.458,0,0,0,0,0,0,0,0,0,0,0,0,0,0,0,0,0,0,0,0,0,0,0,0,0,1.356,0,0.102,0,1.458,0,0,0,0,0,0,1.356,0,0.102,0,1.458
9/1/2026,2021,20220295,40134,39835,RENEWABLE ENERGY OF JEFFERSON LLC,Landfill Gas,INTRASTATE,LOUISIANA,0,0,0,0,0,0,0,0,0,0,0,0,0,0,0,0,0,0,0,0,0,0,0,0,0,0,0,0,0,0,0,0,0,0,0,0,0,0,0,0,0,0,0,0,0,3.4,0,0,0,3.4,3.4,0,0,0,3.4,0,0,0,0,0,0,3.4,0,0,0,3.4
9/1/2026,2021,20221016,40882,39840,BLUE RIDGE RENEWABLES LLC,Natural Gas,INTRASTATE,TEXAS,0,0,0,0,0,0.72,0,0,0,0.72,0,0,0,0,0,0,0,0,0,0,0,0,0,0,0,0,0,0,0,0,0,0,0,0,0,0,0,0,0,0,0,0,0,0,0,0,0,0,0,0,0.72,0,0,0,0.72,0,0,0,0,0,0,0.72,0,0,0,0.72
9/1/2026,2021,20220199,40035,39842,UNITED PARCEL SERVICE CENTENNIAL,Natural Gas,INTRASTATE,KENTUCKY,0.07,0,0.8,0,0.87,0,0,0,0,0,0,0,0,0,0,0,0,0,0,0,0,0,0,0,0,0,0,0,0,0,0,0,0,0,0,0,0,0,0,0,0,0,0,0,0,0,0,0,0,0,0.07,0,0.8,0,0.87,0,0,0,0,0,0,0.07,0,0.8,0,0.87
9/1/2026,2021,20220291,40130,39843,"SANGUINE GAS EXPLORATION, LLC",Natural Gas,INTRASTATE,OKLAHOMA,0,0,0,0,0,0,0,0,0,0,0,0,0,0,0,0,0,0,0,0,0,0,0,0,0,0,0,0,0,0,0,0,0,0,0,0,0,0,0,0,4.181,0,0,0,4.181,0,0,0,0,0,4.181,0,0,0,4.181,0,0,0,0,0,0,4.181,0,0,0,4.181
9/1/2026,2021,20221092,40961,39844,"THUNDER CREEK GAS SERVICES, LLC",Natural Gas,INTRASTATE,WYOMING,0,0,0,0,0,0,0,0,0,0,0,0,0,0,0,0,0,0,0,0,0.99,0,0,0,0.99,3.64,0,0,0,3.64,0,0,0,0,0,0,0,0,0,0,0,0,0,0,0,0,0,0,0,0,4.63,0,0,0,4.63,0,0,0,0,0,0,4.63,0,0,0,4.63
9/1/2026,2021,20220878,40738,39850,"TAIT ELECTRIC GENERATING STATION, LLC",Natural Gas,INTRASTATE,OHIO,0,0,0,0,0,0.5,0.392,1.103,0,1.995,1.134,0.378,0.947,0,2.459,0.644,2.635,0.271,0,3.55,1.095,3.983,0.296,0,5.374,0,0,0,0,0,0,0,0,0,0,0,0,0,0,0,0,0,0,0,0,0,0,0,0,0,3.373,7.388,2.617,0,13.378,0,0,0,0,0,0,3.373,7.388,2.617,0,13.378
9/1/2026,2021,20221017,40883,39854,INGEVITY CORPORATION,Natural Gas,INTRASTATE,ARKANSAS,0,0,0,0,0,0,0.41,0,0,0.41,0,0,0,0,0,0,0,0,0,0,0,0,0,0,0,0,0,0,0,0,0,0,0,0,0,0,0,0,0,0,0,0,0,0,0,0,0,0,0,0,0,0.41,0,0,0.41,0,0,0,0,0,0,0,0.41,0,0,0.41
9/1/2026,2021,20220658,40512,39862,"DTM BIRDSBORO PIPELINE, LLC",Natural Gas,INTERSTATE,PENNSYLVANIA,0,0,0,0,0,0,0,0,0,0,9.52,3.66,0.06,0,13.24,0,0,0,0,0,0,0,0,0,0,0,0,0,0,0,0,0,0,0,0,0,0,0,0,0,0,0,0,0,0,0,0,0,0,0,9.52,3.66,0.06,0,13.24,0,0,0,0,0,0,9.52,3.66,0.06,0,13.24
9/1/2026,2021,20220779,41413,39864,"HANLON GAS PROCESSING, LTD",Natural Gas,INTRASTATE,TEXAS,0,0,0,0,0,0,0,0,0,0,0,0,4.72,0,4.72,32.48,2.62,9.69,0,44.79,0,0,0,0,0,0,0,0,0,0,0,0,0,0,0,0,0,0,0,0,0,0,0,0,0,0,0,0,0,0,32.48,2.62,14.41,0,49.51,0,0,0,0,0,0,32.48,2.62,14.41,0,49.51
9/1/2026,2021,20220297,40136,39868,AMERESCO WOODLAND MEADOWS ROMULUS LLC,Landfill Gas,INTRASTATE,MICHIGAN,0,0.5,0,0,0.5,0,0,0,0,0,0,0,0,0,0,0,0,0,0,0,0,0,0,0,0,0,0,0,0,0,0,0,0,0,0,0,0,0,0,0,0,0,0,0,0,0,0,0,0,0,0,0.5,0,0,0.5,0,0,0,0,0,0,0,0.5,0,0,0.5
9/1/2026,2021,20221342,41247,39874,"BEACON WEST ENERGY GROUP, LLC",Natural Gas,INTRASTATE,CALIFORNIA,0,0,0,0,0,0,0,0,0,0,0,0,0.64,0,0.64,0,0,0,0,0,0,0,0,0,0,0,0,0,0,0,0,0,0,0,0,0,0,0,0,0,0,0,0,0,0,0,0,0,0,0,0,0,0.64,0,0.64,0,0,0,0,0,0,0,0,0.64,0,0.64
9/1/2026,2021,20220136,39969,39875,PEOPLES ELECTRIC COOPERATIVE,Natural Gas,INTRASTATE,OKLAHOMA,0,0,0,0,0,0.35,0,0,0,0.35,0.87,0,0,0,0.87,0,0,0,0,0,0,0,0,0,0,0,0,0,0,0,0,0,0,0,0,0,0,0,0,0,0,0,0,0,0,0,0,0,0,0,1.22,0,0,0,1.22,0,0,0,0,0,0,1.22,0,0,0,1.22
9/1/2026,2021,20220638,40487,39880,"TERRA TRANSMISSION, LLC.",Natural Gas,INTRASTATE,TEXAS,0,0,0,0,0,0,0.98,0,0,0.98,0,0,0,0,0,0,0,0,0,0,0,0,0,0,0,0,0,0,0,0,0,0,0,0,0,0,0,0,0,0,0,0,0,0,0,0,0,0,0,0,0,0.98,0,0,0.98,0,0,0,0,0,0,0,0.98,0,0,0.98
9/1/2026,2021,20221210,41086,39886,SPIRE STL PIPELINE LLC,Natural Gas,INTERSTATE,ILLINOIS,0,0,0,0,0,0,0,0,0,0,0,0,0,0,0,2.3,0,0,0,2.3,0,0,0,0,0,43.4,0,0,0,43.4,0,0,0,0,0,0,0,0,0,0,0,0,0,0,0,0,0,0,0,0,45.7,0,0,0,45.7,0,0,0,0,0,0,45.7,0,0,0,45.7
9/1/2026,2021,20221210,41086,39886,SPIRE STL PIPELINE LLC,Natural Gas,INTERSTATE,MISSOURI,0,0,0,0,0,0,0,0,0,0,0,0,0,0,0,5.3,0.47,5.77,0,11.54,0,0,0,0,0,8.2,0,0,0,8.2,0,0,0,0,0,0,0,0,0,0,0,0,0,0,0,0,0,0,0,0,13.5,0.47,5.77,0,19.74,0,0,0,0,0,0,13.5,0.47,5.77,0,19.74
9/1/2026,2021,20220420,41277,39894,"AMP INTRASTATE PIPELINE, LLC",Natural Gas,INTRASTATE,TEXAS,0,0,0,0,0,0,0,0,0,0,0,0,0,0,0,0,0,4.62,0,4.62,0,0,0,0,0,46.49,7.2,0,0,53.69,0,0,0,0,0,0,0,0,0,0,0,0,0,0,0,0,0,0,0,0,46.49,7.2,4.62,0,58.31,0,0,0,0,0,0,46.49,7.2,4.62,0,58.31
9/1/2026,2021,20220270,40109,39901,"MARKWEST PIONEER, L.L.C.",Natural Gas,INTERSTATE,OKLAHOMA,0,0,0,0,0,0,0,0,0,0,0,0,0,0,0,0,0,0,0,0,0,0,0,0,0,51.92,0,0,0,51.92,0,0,0,0,0,0,0,0,0,0,0,0,0,0,0,0,0,0,0,0,51.92,0,0,0,51.92,0,0,0,0,0,0,51.92,0,0,0,51.92
9/1/2026,2021,20221093,40962,39903,HANNA OIL AND GAS COMPANY,Natural Gas,INTRASTATE,ARKANSAS,0,0,0,0,0,0,0,0,0,0,0,0,0,0,0,0,0,0,0,0,0,0,0,0,0,8.3,0,0,0,8.3,0,0,0,0,0,0,0,0,0,0,0,0,0,0,0,0,0,0,0,0,8.3,0,0,0,8.3,,,,,,,8.3,0,0,0,8.3
9/1/2026,2021,20221256,41134,39904,PERMIAN ADVANTAGE TOYAH LLC,Natural Gas,INTRASTATE,TEXAS,0,0,0,0,0,0,0,0,0,0,0,0,0,0,0,1.77,0,0,0,1.77,0,0,0,0,0,0,0,0,0,0,0,0,0,0,0,0,0,0,0,0,0,0,0,0,0,0,0,0,0,0,1.77,0,0,0,1.77,0,0,0,0,0,0,1.77,0,0,0,1.77
9/1/2026,2021,20220712,40568,39905,REP PROCESSING,Natural Gas,INTRASTATE,COLORADO,0,0,0,0,0,0,0,0,0,0,0,0,0,0,0,0,0,0,0,0,1.02,0,0,0,1.02,0,0,0,0,0,0,0,0,0,0,0,0,0,0,0,0,0,0,0,0,0,0,0,0,0,1.02,0,0,0,1.02,0,0,0,0,0,0,1.02,0,0,0,1.02
9/1/2026,2021,20221261,41297,39908,TALL OAK WOODFORD,Natural Gas,INTRASTATE,OKLAHOMA,0,0,0,0,0,0,0,0,0,0,0,0,0,0,0,0,0,0,0,0,3.7,0,0,0,3.7,0,0,0,0,0,0,0,0,0,0,0,0,0,0,0,0,0,0,0,0,0,0,0,0,0,3.7,0,0,0,3.7,0,0,0,0,0,0,3.7,0,0,0,3.7
9/1/2026,2021,20220659,40513,39913,"DTM LOUISIANA GATHERING, LLC",Natural Gas,INTRASTATE,LOUISIANA,0,0,0,0,0,0,0,0,0,0,0,0,0,0,0,0,0,0,0,0,13.96,0,0,0,13.96,0,0,0,0,0,0,0,0,0,0,0,0,0,0,0,0,0,0,0,0,0,0,0,0,0,13.96,0,0,0,13.96,0,0,0,0,0,0,13.96,0,0,0,13.96
9/1/2026,2021,20220271,40110,39918,"MARKWEST POWER TEX, L.L.C.",Natural Gas,INTRASTATE,TEXAS,0,0,0,0,0,0,0,0,0,0,0,0,0,0,0,9.91,0,7.87,0,17.78,39.87,3.93,3.34,0,47.14,3.54,0,0,0,3.54,0,0,0,0,0,0,0,0,0,0,0,0,0,0,0,0,0,0,0,0,53.32,3.93,11.21,0,68.46,0,0,0,0,0,0,53.32,3.93,11.21,0,68.46
9/1/2026,2021,20220272,40111,39921,"MARKWEST TEXAS PNG UTILITY, L.L.C.",Natural Gas,INTRASTATE,TEXAS,0,0,0,0,0,0,0,0,0,0,0,0,0,0,0,2.14,2.33,1.76,0,6.23,18.24,2.33,0,0,20.57,0,0,0,0,0,0,0,0,0,0,0,0,0,0,0,0,0,0,0,0,0,0,0,0,0,20.38,4.66,1.76,0,26.8,0,0,0,0,0,0,20.38,4.66,1.76,0,26.8
9/1/2026,2021,20220273,40112,39923,"MARKWEST PNG UTILITY, L.L.C.",Natural Gas,INTRASTATE,TEXAS,0,0,0,0,0,0,0,0,0,0,0,0,0,0,0,23.9,8.72,0.07,0,32.69,0,0,0,0,0,0,0,0,0,0,0,0,0,0,0,0,0,0,0,0,0,0,0,0,0,0,0,0,0,0,23.9,8.72,0.07,0,32.69,0,0,0,0,0,0,23.9,8.72,0.07,0,32.69
9/1/2026,2021,20220198,40034,39928,JAMESTOWN BOARD OF PUBLIC UTILITIES,Natural Gas,INTRASTATE,NEW YORK,0,0,0,0,0,0,0,0,0,0,9.72,0,2,0,11.72,0,0,0,0,0,14.69,0,0,0,14.69,0,0,0,0,0,0,0,0,0,0,0,0,0,0,0,0,0,0,0,0,0,0,0,0,0,24.41,0,2,0,26.41,0,0,0,0,0,0,24.41,0,2,0,26.41
9/1/2026,2021,20221249,41127,39933,"CHEYENNE CONNECTOR, LLC",Natural Gas,INTERSTATE,COLORADO,0,0,0,0,0,0,0,0,0,0,0.003,0,0,0,0.003,6.6,0,0.212,0,6.812,11.064,0,0,0,11.064,53.468,0,0,0,53.468,0,0,0,0,0,0,0,0,0,0,0,0,0,0,0,0,0,0,0,0,71.135,0,0.212,0,71.347,0,0,0,0,0,0,71.135,0,0.212,0,71.347
9/1/2026,2021,20221211,41087,39934,"CLEAR CREEK STORAGE COMPANY, LLC",Natural Gas,INTERSTATE,WYOMING,0,0,0,0,0,0,0,0,0,0,1.13,0,0,0,1.13,0.95,0,0,0,0.95,12.96,0,0,0,12.96,0,0,0,0,0,0,0,0,0,0,0,0,0,0,0,2.59,0,0,0,2.59,0,0,0,0,0,17.63,0,0,0,17.63,0,0,0,0,0,0,17.63,0,0,0,17.63
9/1/2026,2021,20221212,41088,39935,SPIRE STORAGE WEST LLC,Natural Gas,INTERSTATE,WYOMING,0,0,0,0,0,0,0,0,0,0,0,0,0,0,0,0,0,0,0,0,0,0,0,0,0,18.069,0,0,0,18.069,0,0,0,0,0,0,0,0,0,0,0,0,0,0,0,0,0,0,0,0,18.069,0,0,0,18.069,0,0,0,0,0,0,18.069,0,0,0,18.069
9/1/2026,2021,20221338,41241,39936,NOGP OPERATING COMPANY LLC,Natural Gas,INTRASTATE,OKLAHOMA,0,0,0,0,0,0,0,0,0,0,12.67,0,0,0,12.67,0,0,0,0,0,0,0,0,0,0,0,0,0,0,0,0,0,0,0,0,0,0,0,0,0,0,0,0,0,0,0,0,0,0,0,12.67,0,0,0,12.67,0,0,0,0,0,0,12.67,0,0,0,12.67
9/1/2026,2021,20220636,40485,39937,BLACK MOUNTAIN SAND MIDCON LLC,Natural Gas,INTRASTATE,OKLAHOMA,0,0,0,0,0,0,0,0,0,0,0,0,0,0,0,0,0,0,0,0,0,0,0,0,0,0,0,0,0,0,0,0,0,0,0,0,0,0,0,0,0,0,0,0,0,0.94,0,0,0,0.94,0.94,0,0,0,0.94,0,0,0,0,0,0,0.94,0,0,0,0.94
9/1/2026,2021,20220494,40340,39942,"RAVEN BUTENE-1, LLC",Natural Gas,INTRASTATE,TEXAS,0.22,0,0,0,0.22,0,0,0,0,0,0,0,0,0,0,0,0,0,0,0,0,0,0,0,0,0,0,0,0,0,0,0,0,0,0,0,0,0,0,0,0,0,0,0,0,0,0,0,0,0,0.22,0,0,0,0.22,0,0,0,0,0,0,0.22,0,0,0,0.22
9/1/2026,2021,20220909,40771,39950,"3 BEAR DELAWARE OPERATING-NM, LLC",Natural Gas,INTRASTATE,NEW MEXICO,0,0,0,0,0,0,0,0,0,0,0,0,0,0,0,3.23,0,0,0,3.23,0,0,0,0,0,0,0,0,0,0,0,0,0,0,0,0,0,0,0,0,0,0,0,0,0,0,0,0,0,0,3.23,0,0,0,3.23,0,0,0,0,0,0,3.23,0,0,0,3.23
9/1/2026,2021,20220206,40042,39957,VALERO RENEWABLE FUELS,Natural Gas,INTRASTATE,IOWA,1.96,0,0,0,1.96,0,0,0,0,0,0,0,0,0,0,0,0,0,0,0,0,0,0,0,0,0,0,0,0,0,0,0,0,0,0,0,0,0,0,0,0,0,0,0,0,0,0,0,0,0,1.96,0,0,0,1.96,0,0,0,0,0,0,1.96,0,0,0,1.96
9/1/2026,2021,20220310,40149,39972,AMERESCO NINETY FIRST AVENUE RENEWABLE BIOGAS,Natural Gas,INTRASTATE,ARIZONA,0,0,3.1,0,3.1,0,0,0,0,0,0,0,0,0,0,0,0,0,0,0,0,0,0,0,0,0,0,0,0,0,0,0,0,0,0,0,0,0,0,0,0,0,0,0,0,0,0,0,0,0,0,0,3.1,0,3.1,0,0,0,0,0,0,0,0,3.1,0,3.1
9/1/2026,2021,20220619,40468,39974,"PETRODOME OPERATING, LLC",Natural Gas,INTRASTATE,TEXAS,0,0,0,0,0,2.48,0,0,0,2.48,0,0,0,0,0,0,0,0,0,0,0,0,0,0,0,0,0,0,0,0,0,0,0,0,0,0,0,0,0,0,0,0,0,0,0,0,0,0,0,0,2.48,0,0,0,2.48,0,0,0,0,0,0,2.48,0,0,0,2.48
9/1/2026,2021,20220743,40600,39981,WEST TYLER PIPELINE LLC,Natural Gas,INTRASTATE,TEXAS,0,0,0,0,0,0,0,0,0,0,0,0,0,0,0,0,0,0,0,0,0,0,0,0,0,8.88,0,0,0,8.88,0,0,0,0,0,0,0,0,0,0,0,0,0,0,0,0,0,0,0,0,8.88,0,0,0,8.88,0,0,0,0,0,0,8.88,0,0,0,8.88
9/1/2026,2021,20220434,40280,39985,COLLEGIATE MIDSTREAM LLC,Natural Gas,INTRASTATE,TEXAS,0,0,0,0,0,0,0,0.9,0,0.9,0,0,1.81,0,1.81,0,0,7.56,0,7.56,0,0,0,0,0,0,0,0,0,0,0,0,0,0,0,0,0,0,0,0,0,0,0,0,0,0,0,0,0,0,0,0,10.27,0,10.27,0,0,0,0,0,0,0,0,10.27,0,10.27
9/1/2026,2021,20220788,40646,39992,MEGLOBAL AMERICAS INC.,Natural Gas,INTRASTATE,TEXAS,0,0,0,0,0,0,0,0,0,0,5.77,0,0.17,0,5.94,0,0,0,0,0,0,0,0,0,0,0,0,0,0,0,0,0,0,0,0,0,0,0,0,0,0,0,0,0,0,0,0,0,0,0,5.77,0,0.17,0,5.94,0,0,0,0,0,0,5.77,0,0.17,0,5.94
9/1/2026,2021,20220686,40541,39992,MEGLOBAL AMERICAS INC.,Other Gas-Ethylene Gas,INTRASTATE,TEXAS,0,0,0,0,0,0,0,0,0,0,0.74,0,0,0,0.74,0,0,0,0,0,0,0,0,0,0,0,0,0,0,0,0,0,0,0,0,0,0,0,0,0,0,0,0,0,0,0,0,0,0,0,0.74,0,0,0,0.74,0,0,0,0,0,0,0.74,0,0,0,0.74
9/1/2026,2021,20220330,40584,39994,GULF POWER,Natural Gas,INTRASTATE,FLORIDA,0,0,0,0,0,0,0,0,0,0,0,0,0,0,0,0,0,0,0,0,23.752,10.841,4.124,0,38.717,0,0,0,0,0,0,0,0,0,0,0,0,0,0,0,0,0,0,0,0,0,0,0,0,0,23.752,10.841,4.124,0,38.717,0,0,0,0,0,0,23.752,10.841,4.124,0,38.717
9/1/2026,2021,20220089,39919,39998,BOUNTY TRANSFER LLC,Natural Gas,INTRASTATE,OKLAHOMA,0,0,0,0,0,0,0,0,0,0,0,0,0,0,0,0,0,0,0,0,0,0,0,0,0,0,0,0,0,0,0,0,0,0,0,0,0,0,0,0,11.65,0,0,0,11.65,0,0,0,0,0,11.65,0,0,0,11.65,0,0,0,0,0,0,11.65,0,0,0,11.65
9/1/2026,2021,20221019,40885,39999,"MATHESON TRI-GAS, INC",Hydrogen Gas,INTRASTATE,TEXAS,0,0,0,0,0,0,0,0,0,0,0,0,4.18,0,4.18,0,0,7.57,0,7.57,0,0,0,0,0,0,0,0,0,0,0,0,0,0,0,0,0,0,0,0,0,0,0,0,0,0,0,0,0,0,0,0,11.75,0,11.75,0,0,0,0,0,0,0,0,11.75,0,11.75
9/1/2026,2021,20220995,40861,40001,"KINCAID GENERATION, LLC",Natural Gas,INTRASTATE,ILLINOIS,5,0,0,0,5,0,0,0,0,0,0,0,0,0,0,0,0,0,0,0,0,0,0,0,0,0,0,0,0,0,0,0,0,0,0,0,0,0,0,0,0,0,0,0,0,0,0,0,0,0,5,0,0,0,5,0,0,0,0,0,0,5,0,0,0,5
9/1/2026,2021,20220871,42143,40002,LAYLINE OIL AND GAS LLC,Natural Gas,INTRASTATE,MICHIGAN,0,0,0,0,0,0.43,0,0,0,0.43,0,0,0.5,0,0.5,0,0,0,0,0,0,0,0,0,0,6,0,0,0,6,0,0,0,0,0,0,0,0,0,0,0,0,0,0,0,0,0,0,0,0,6.43,0,0.5,0,6.93,0,0,0,0,0,0,6.43,0,0.5,0,6.93
9/1/2026,2021,20220285,40124,40003,"DOS CAMINOS, LLC",Natural Gas,INTRASTATE,TEXAS,0,0,0,0,0,0,0,0,0,0,0,0,0,0,0,0,0,0,0,0,0,0,0,0,0,15.47,0,0,0,15.47,0,0,0,0,0,0,0,0,0,0,0,0,0,0,0,0,0,0,0,0,15.47,0,0,0,15.47,0,0,0,0,0,0,15.47,0,0,0,15.47
9/1/2026,2021,20220856,40716,40005,LOS ANGELES WATER & POWER,Natural Gas,INTRASTATE,CALIFORNIA,0,0,0,0,0,0,0,1.1,0,1.1,0,0,0,0,0,0,0,0,0,0,0,0,0,0,0,0,0,0,0,0,0,0,0,0,0,0,0,0,0,0,0,0,0,0,0,0,0,0,0,0,0,0,1.1,0,1.1,0,0,0,0,0,0,0,0,1.1,0,1.1
9/1/2026,2021,20221310,41198,40009,"DEAD HORSE OIL COMPANY, LLC",Natural Gas,INTRASTATE,UTAH,21.19,0,0,0,21.19,0,0,0,0,0,0,0,0,0,0,0,0,0,0,0,0,0,0,0,0,0,0,0,0,0,0,0,0,0,0,0,0,0,0,0,0,0,0,0,0,0,0,0,0,0,21.19,0,0,0,21.19,0,0,0,0,0,0,21.19,0,0,0,21.19
9/1/2026,2021,20221302,41188,40027,ENSIGN OPERATING LLC,Natural Gas,INTRASTATE,TEXAS,0,0,0,0,0,0,0,0,0,0,0,0,0,0,0,0,0,0,0,0,4.18,0,0,0,4.18,0,0,0,0,0,0,0,0,0,0,0,0,0,0,0,0,0,0,0,0,0,0,0,0,0,4.18,0,0,0,4.18,0,0,0,0,0,0,4.18,0,0,0,4.18
9/1/2026,2021,20221366,41296,40029,"VM ARKOMA STACK, LLC",Natural Gas,INTRASTATE,OKLAHOMA,0,0,0,0,0,0,0,0,0,0,0,0,0,0,0,0,0,0,0,0,2.36,0,0,0,2.36,0,0,0,0,0,0,0,0,0,0,0,0,0,0,0,0,0,0,0,0,0,0,0,0,0,2.36,0,0,0,2.36,0,0,0,0,0,0,2.36,0,0,0,2.36
9/1/2026,2021,20220356,40198,40037,"BUCHANAN GENERATION, LLC",Natural Gas,INTRASTATE,VIRGINIA,0,0,0,0,0,0.09,0,0,0,0.09,0,0,0,0,0,0,0,0,0,0,0,0,0,0,0,0,0,0,0,0,0,0,0,0,0,0,0,0,0,0,0,0,0,0,0,0,0,0,0,0,0.09,0,0,0,0.09,0,0,0,0,0,0,0.09,0,0,0,0.09
9/1/2026,2021,20221319,41217,40038,"JM INVESTMENTS, LLC",Natural Gas,INTRASTATE,TEXAS,0,0,0,0,0,0,0,0,0,0,0,0,0,0,0,0,0,0,0,0,0,0,0,0,0,0,0,0,0,0,0,0,0,0,0,0,0,0,0,0,0,0,0,0,0,1.7,0,0,0,1.7,1.7,0,0,0,1.7,0,0,0,0,0,0,1.7,0,0,0,1.7
9/1/2026,2021,20221121,40991,40044,"COGENT INTRASTATE PIPELINE,LLC",Natural Gas,INTRASTATE,TEXAS,0,0,0,0,0,25,0,0,0,25,0,0,0,0,0,0,0,0,0,0,0,0,0,0,0,0,0,0,0,0,0,0,0,0,0,0,0,0,0,0,0,0,0,0,0,0,0,0,0,0,25,0,0,0,25,0,0,0,0,0,0,25,0,0,0,25
9/1/2026,2021,20220965,40988,40049,"DANE RENEWABLE ENERGY, LLC",Landfill Gas,INTRASTATE,WISCONSIN,1.3,0,0,0,1.3,0,0,0,0,0,0,0,0,0,0,0,0,0,0,0,0,0,0,0,0,0,0,0,0,0,0,0,0,0,0,0,0,0,0,0,0,0,0,0,0,0,0,0,0,0,1.3,0,0,0,1.3,0,0,0,0,0,0,1.3,0,0,0,1.3
9/1/2026,2021,20220162,39995,40050,ECO ENERGY NATURAL GAS LLC,Natural Gas,INTRASTATE,VIRGINIA,0,0,0,0,0,0,0,0,0,0,3.126,4.996,0,0,8.122,0,0,0,0,0,0,0,0,0,0,0,0,0,0,0,0,0,0,0,0,0,0,0,0,0,0,0,0,0,0,0,0,0,0,0,3.126,4.996,0,0,8.122,0,0,0,0,0,0,3.126,4.996,0,0,8.122
9/1/2026,2021,20220693,40548,40052,"COMSTOCK OIL & GAS -- LA, LLC",Natural Gas,INTRASTATE,LOUISIANA,0,0,0,0,0,0,0,0,0,0,0.06,0,0,0,0.06,0,0,0,0,0,0,0,0,0,0,0,0,0,0,0,0,0,0,0,0,0,0,0,0,0,0,0,0,0,0,0,0,0,0,0,0.06,0,0,0,0.06,0,0,0,0,0,0,0.06,0,0,0,0.06
9/1/2026,2021,20221070,41317,40053,"TRANSCAMERON PIPELINE, LLC",Natural Gas,INTERSTATE,LOUISIANA,0,0,0,0,0,0,0,0,0,0,0,0,0,0,0,0,0,0,0,0,0,0,0,0,0,0,0,0,0,0,0,0,0,0,0,22.83,0.29,0.23,0,23.35,0,0,0,0,0,0,0,0,0,0,22.83,0.29,0.23,0,23.35,0,0,0,0,0,0,22.83,0.29,0.23,0,23.35
9/1/2026,2021,20220673,40527,40054,"WEST WICHITA GAS GATHERING, LLC",Natural Gas,INTRASTATE,KANSAS,0,0,0,0,0,8.83,0,0,0,8.83,0,0,0,0,0,0,0,0,0,0,0,0,0,0,0,0,0,0,0,0,0,0,0,0,0,0,0,0,0,0,0,0,0,0,0,0,0,0,0,0,8.83,0,0,0,8.83,0,0,0,0,0,0,8.83,0,0,0,8.83
9/1/2026,2021,20251466,46924,40055,CAMBRIA ASPHALT,Natural Gas,INTRASTATE,NEW YORK,0.1,0,0,0,0.1,0,0,0,0,0,0,0,0,0,0,0,0,0,0,0,0,0,0,0,0,0,0,0,0,0,0,0,0,0,0,0,0,0,0,0,0,0,0,0,0,0,0,0,0,0,0.1,0,0,0,0.1,0,0,0,0,0,0,0.1,0,0,0,0.1
9/1/2026,2021,20221373,41326,40057,POLARIS OPERATING,Natural Gas,INTRASTATE,TEXAS,0,0,0,0,0,0,0,0,0,0,0,0,0,0,0,2.91,0,0,0,2.91,0,0,0,0,0,0.83,0,0,0,0.83,0,0,0,0,0,0,0,0,0,0,0,0,0,0,0,0,0,0,0,0,3.74,0,0,0,3.74,0,0,0,0,0,0,3.74,0,0,0,3.74
9/1/2026,2021,20221026,40892,40060,"FROST BROTHERS PIPELINE, LLC",Natural Gas,INTRASTATE,TEXAS,0,0,0,0,0,0,0,0.76,0,0.76,0,0,0,0,0,0,0,0,0,0,0,0,0,0,0,0,0,0,0,0,0,0,0,0,0,0,0,0,0,0,0,0,0,0,0,0,0,0,0,0,0,0,0.76,0,0.76,0,0,0,0,0,0,0,0,0.76,0,0.76
9/1/2026,2021,20220167,40001,40062,AMERESCO (USCG BALTIMORE),Landfill Gas,INTRASTATE,MARYLAND,0,0,0,0,0,0,0,0,0,0,0,0,0,0,0,0,0,0,0,0,0,0,0,0,0,0,0,0,0,0,0,0,0,0,0,0,0,0,0,0,0,0,0,0,0,0.66,0,0,0,0.66,0.66,0,0,0,0.66,0,0,0,0,0,0,0.66,0,0,0,0.66
9/1/2026,2021,20220572,40419,40069,"STINGRAY PIPELINE COMPANY, LLC",Natural Gas,INTERSTATE,LOUISIANA,0,0,0,0,0,0,0,0,0,0,0,0,0,0,0,0,0.05,0,0,0.05,0,0,0,0,0,3.75,0.52,0,0,4.27,0,0,0,0,0,0,0,0,0,0,0,0,0,0,0,0,0,0,0,0,3.75,0.57,0,0,4.32,0.06,0.21,3.45,0,0,3.72,7.47,0.57,0,0,8.04
9/1/2026,2021,20220572,40419,40069,"STINGRAY PIPELINE COMPANY, LLC",Natural Gas,INTERSTATE,OCS-Gulf of Mexico,0,0,0,0,0,0,0,0,0,0,0,0,0,0,0,0,0,0,0,0,0,0,0,0,0,0,0,0,0,0,0,0,0,0,0,0,0,0,0,0,0,0,0,0,0,0,0,0,0,0,0,0,0,0,0,0.02,71.48,23.84,0,0,95.34,95.34,0,0,0,95.34
9/1/2026,2021,20221320,41219,40080,INDORAMA VENTURES OXIDES LLC,Hydrogen Gas,INTRASTATE,TEXAS,0.05,0,0,0,0.05,2.04,0,0,0,2.04,0,0,0,0,0,0,0,0,0,0,0,0,0,0,0,0,0,0,0,0,0,0,0,0,0,0,0,0,0,0,0,0,0,0,0,0,0,0,0,0,2.09,0,0,0,2.09,0,0,0,0,0,0,2.09,0,0,0,2.09
9/1/2026,2021,20221321,41220,40080,INDORAMA VENTURES OXIDES LLC,Other Gas-Refinery Gas,INTRASTATE,TEXAS,8.96,0,1,0,9.96,0,0,0,0,0,0,0,0,0,0,0,0,0,0,0,0,0,0,0,0,0,0,0,0,0,0,0,0,0,0,0,0,0,0,0,0,0,0,0,0,0,0,0,0,0,8.96,0,1,0,9.96,0,0,0,0,0,0,8.96,0,1,0,9.96
9/1/2026,2021,20220585,40432,40085,"TRISTATE RTX, LLC",Natural Gas,INTRASTATE,TEXAS,7.56,6.32,2.88,0,16.76,0,0,0,0,0,0,0,0,0,0,0,0,0,0,0,0,0,0,0,0,0,0,0,0,0,0,0,0,0,0,0,0,0,0,0,0,0,0,0,0,0,0,0,0,0,7.56,6.32,2.88,0,16.76,0,0,0,0,0,0,7.56,6.32,2.88,0,16.76
9/1/2026,2021,20220582,40429,40086,"TRISTATE RLA, LLC",Natural Gas,INTRASTATE,LOUISIANA,13.149,0.631,0,0,13.78,0,0,0,0,0,0,0,0,0,0,0,0,0,0,0,0,0,0,0,0,0,0,0,0,0,0,0,0,0,0,0,0,0,0,0,0,0,0,0,0,0,0,0,0,0,13.149,0.631,0,0,13.78,0,0,0,0,0,0,13.149,0.631,0,0,13.78
9/1/2026,2021,20220754,40611,40093,AIR LIQUIDE ADVANCED TECHNOLOGIES US LLC G,Other Gas-Processed Landfill Methane,INTRASTATE,WISCONSIN,0,0,0,0,0,0,3.7,0,0,3.7,0,0,0,0,0,0,0,0,0,0,0,0,0,0,0,0,0,0,0,0,0,0,0,0,0,0,0,0,0,0,0,0,0,0,0,0,0,0,0,0,0,3.7,0,0,3.7,0,0,0,0,0,0,0,3.7,0,0,3.7
9/1/2026,2021,20220827,40687,40098,"HIGH ROLLER SAND OPERATING, LLC",Natural Gas,INTRASTATE,TEXAS,0,0,0,0,0,0,0,0,0,0,4.47,0,0,0,4.47,0,0,0,0,0,0,0,0,0,0,0,0,0,0,0,0,0,0,0,0,0,0,0,0,0,0,0,0,0,0,0,0,0,0,0,4.47,0,0,0,4.47,0,0,0,0,0,0,4.47,0,0,0,4.47
9/1/2026,2021,20220862,40722,40119,VERMILLION POWER,Natural Gas,INTRASTATE,OHIO,0,0,0,0,0,0,0,0,0,0,0,0,0,0,0,5.084,2.871,0,0,7.955,0,0,0,0,0,0,0,0,0,0,0,0,0,0,0,0,0,0,0,0,0,0,0,0,0,0,0,0,0,0,5.084,2.871,0,0,7.955,0,0,0,0,0,0,5.084,2.871,0,0,7.955
9/1/2026,2021,20221024,40890,40121,LINN COUNTY ROAD DEPARTMENT,Natural Gas,INTRASTATE,OREGON,0,0,0,0,0,0,0,0,0,0,0,0,0,0,0,0,0,0,0,0,0,0,0,0,0,0,0,0,0,0,0,0,0,0,0,0,0,0,0,0,5.816,1.25,0.254,0,7.32,0,0,0,0,0,5.816,1.25,0.254,0,7.32,0,0,0,0,0,0,5.816,1.25,0.254,0,7.32
9/1/2026,2021,20220065,39890,40122,BCE-MACH III MIDSTREAM HOLDINGS LLC,Natural Gas,INTRASTATE,OKLAHOMA,0,0,0,0,0,0,0,0,0,0,0,0,0,0,0,0,0,0,0,0,13.56,0,0,0,13.56,0,0,0,0,0,0,0,0,0,0,0,0,0,0,0,0,0,0,0,0,0,0,0,0,0,13.56,0,0,0,13.56,0,0,0,0,0,0,13.56,0,0,0,13.56
9/1/2026,2021,20220639,41344,40128,IACX ROCK CREEK LLC,Natural Gas,INTRASTATE,TEXAS,14.947,3.509,2.614,0,21.07,0,0,0,0,0,0,0,0,0,0,6.955,0,0,0,6.955,0.153,0,0,0,0.153,0.118,0,0,0,0.118,0,0,0,0,0,0,0,0,0,0,,0,0,0,0,0.689,0,0,0,0.689,22.862,3.509,2.614,0,28.985,0,0,0,0,0,0,22.862,3.509,2.614,0,28.985
9/1/2026,2021,20220055,39880,40129,"ZFS ITHACA, LLC",Natural Gas,INTRASTATE,MICHIGAN,0,0,0,0,0,0,0,0,0,0,18.94,0,0,0,18.94,0,0,0,0,0,0,0,0,0,0,0,0,0,0,0,0,0,0,0,0,0,0,0,0,0,0,0,0,0,0,0,0,0,0,0,18.94,0,0,0,18.94,0,0,0,0,0,0,18.94,0,0,0,18.94
9/1/2026,2021,20220098,39928,40131,ARAPAHO GREENWHEEL SPV,Natural Gas,INTRASTATE,LOUISIANA,0,0,0,0,0,0,0,0,0,0,0,0,0,0,0,0,0,0,0,0,0,0,0,0,0,0,0,0,0,0,0,0,0,0,0,0,0,0,0,0,5,0,0,0,5,0,0,0,0,0,5,0,0,0,5,0,0,0,0,0,0,5,0,0,0,5
9/1/2026,2021,20221235,41362,40133,SENECA FOODS - NW GAS CONTRACTED,Landfill Gas,INTRASTATE,MINNESOTA,0,0,0,0,0,0,0,0,0,0,0,0,0,0,0,0,0,0,0,0,0,0,0,0,0,0,0,0,0,0,0,0,0,0,0,0,0,0,0,0,0,0,0,0,0,0,0.82,0,0,0.82,0,0.82,0,0,0.82,0,0,0,0,0,0,0,0.82,0,0,0.82
9/1/2026,2021,20221215,41374,40135,"FR COMPLIANCE, LLC",Natural Gas,INTRASTATE,CALIFORNIA,0,0,2.891,0,2.891,0,0,5.869,0,5.869,0,0,0,0,0,0,0,0,0,0,0,0,0,0,0,0,0,0,0,0,0,0,0,0,0,0,0,0,0,0,0,0,0,0,0,0,0,0,0,0,0,0,8.76,0,8.76,0,0,0,0,0,0,0,0,8.76,0,8.76
9/1/2026,2021,20221215,41374,40135,"FR COMPLIANCE, LLC",Natural Gas,INTRASTATE,LOUISIANA,0,0,0,0,0,3.83,0,0,0,3.83,0,0,0,0,0,0,0,0,0,0,0,0,0,0,0,0,0,0,0,0,0,0,0,0,0,0,0,0,0,0,0,0,0,0,0,0,0,0,0,0,3.83,0,0,0,3.83,0,0,0,0,0,0,3.83,0,0,0,3.83
9/1/2026,2021,20220024,39846,40143,"TEJAS POWER GENERATION, LLC",Natural Gas,INTRASTATE,TEXAS,0,0,0,0,0,0,0.46,0,0,0.46,0,0,0,0,0,0,0,0,0,0,0,0,0,0,0,0,0,0,0,0,0,0,0,0,0,0,0,0,0,0,0,0,0,0,0,0,0,0,0,0,0,0.46,0,0,0.46,0,0,0,0,0,0,0,0.46,0,0,0.46
9/1/2026,2021,20230552,41960,40145,"POTAC, LLC",Natural Gas,INTRASTATE,TEXAS,1.07,0,0,0,1.07,0,0,0,0,0,0,0,0,0,0,0,0,0,0,0,0,0,0,0,0,0,0,0,0,0,0,0,0,0,0,0,0,0,0,0,0,0,0,0,0,0,0,0,0,0,1.07,0,0,0,1.07,0,0,0,0,0,0,1.07,0,0,0,1.07
9/1/2026,2021,20221027,40893,40147,"NUGULF OPERATING, LLC",Natural Gas,INTRASTATE,LOUISIANA,0,0,0,0,0,0,0,0,0,0,5.2,0,0,0,5.2,0,0,0,0,0,0,0,0,0,0,0,0,0,0,0,0,0,0,0,0,0,0,0,0,0,0,0,0,0,0,0,0,0,0,0,5.2,0,0,0,5.2,0,0,0,0,0,0,5.2,0,0,0,5.2
9/1/2026,2021,20220430,41335,40155,COWBOY MIDSTREAM LLC,Natural Gas,INTRASTATE,WYOMING,0,0,0,0,0,0,0,0,0,0,0,0,0,0,0,0,0,0,0,0,0,0,0,0,0,30.4,0,0,0,30.4,0,0,0,0,0,0,0,0,0,0,0,0,0,0,0,0,0,0,0,0,30.4,0,0,0,30.4,0,0,0,0,0,0,30.4,0,0,0,30.4
9/1/2026,2021,20220096,39926,40162,CITY OF AUGUSTA,Natural Gas,INTRASTATE,KANSAS,0,0,0.45,0,0.45,0,0,0,0,0,0,0,0,0,0,0,0,0,0,0,0,0,0,0,0,0,0,0,0,0,0,0,0,0,0,0,0,0,0,0,0,0,0,0,0,0,0,0,0,0,0,0,0.45,0,0.45,0,0,0,0,0,0,0,0,0.45,0,0.45
9/1/2026,2021,20221379,41348,40166,"REMORA OPERATING, LLC",Natural Gas,INTRASTATE,TEXAS,0,0,0,0,0,0,0,0,0,0,0,0,0,0,0,1.37,0,0,0,1.37,0,0,0,0,0,0,0,0,0,0,0,0,0,0,0,0,0,0,0,0,0,0,0,0,0,0,0,0,0,0,1.37,0,0,0,1.37,0,0,0,0,0,0,1.37,0,0,0,1.37
9/1/2026,2021,20220226,40062,40173,NICHOLS OPERATING LLC,Natural Gas,INTRASTATE,ILLINOIS,0.19,0,0,0,0.19,0,0,0,0,0,0,0,0,0,0,0,0,0,0,0,0,0,0,0,0,0,0,0,0,0,0,0,0,0,0,0,0,0,0,0,0,0,0,0,0,0,0,0,0,0,0.19,0,0,0,0.19,0,0,0,0,0,0,0.19,0,0,0,0.19
9/1/2026,2021,20220489,42074,40177,"LADDER CREEK, LLC",Natural Gas,INTRASTATE,COLORADO,23.4,0,0,0,23.4,0,0,0,0,0,0,0,0,0,0,0,0,0,0,0,0,0,0,0,0,0,0,0,0,0,0,0,0,0,0,0,0,0,0,0,0,0,0,0,0,0,0,0,0,0,23.4,0,0,0,23.4,,,,,,,23.4,0,0,0,23.4
9/1/2026,2021,20220121,39953,40178,JACKSON GENERATION LLC,Natural Gas,INTRASTATE,ILLINOIS,0,0,0,0,0,0,0,0,0,0,0,0,0,0,0,2.674,0,0.387,0,3.061,0,0,0,0,0,0,0,0,0,0,0,0,0,0,0,0,0,0,0,0,0,0,0,0,0,0,0,0,0,0,2.674,0,0.387,0,3.061,0,0,0,0,0,0,2.674,0,0.387,0,3.061
9/1/2026,2021,20220345,40186,40180,"MARAGAS TEXAS UTILITIES, LLC",Natural Gas,INTRASTATE,TEXAS,9.261,0,0,0,9.261,0,0,0,0,0,0,0,0,0,0,0,0,0,0,0,0,0,0,0,0,0,0,0,0,0,0,0,0,0,0,0,0,0,0,0,0,0,0,0,0,0,0,0,0,0,9.261,0,0,0,9.261,0,0,0,0,0,0,9.261,0,0,0,9.261
9/1/2026,2021,20220649,40498,40181,"MEC HOLDINGS, LLC",Natural Gas,INTRASTATE,MINNESOTA,0,0,0,0,0,0,0,0,0,0,0,0,0,0,0,2.88,1.29,0,0,4.17,0,0,0,0,0,0,0,0,0,0,0,0,0,0,0,0,0,0,0,0,0,0,0,0,0,0,0,0,0,0,2.88,1.29,0,0,4.17,0,0,0,0,0,0,2.88,1.29,0,0,4.17
9/1/2026,2021,20220133,39966,40186,RED ROCK BIOFUELS,Natural Gas,INTRASTATE,OREGON,0,0,0,0,0,0,0,0,0,0,0,0,0,0,0,3.12,0,0,0,3.12,0,0,0,0,0,0,0,0,0,0,0,0,0,0,0,0,0,0,0,0,0,0,0,0,0,0,0,0,0,0,3.12,0,0,0,3.12,0,0,0,0,0,0,3.12,0,0,0,3.12
9/1/2026,2021,20221340,41269,40189,SULPHUR RIVER GATHERING LLC,Natural Gas,INTRASTATE,TEXAS,0,0,0,0,0,0,0,0,0,0,19.36,0,0,0,19.36,0,0,0,0,0,0,0,0,0,0,0,0,0,0,0,0,0,0,0,0,0,0,0,0,0,0,0,0,0,0,0,0,0,0,0,19.36,0,0,0,19.36,0,0,0,0,0,0,19.36,0,0,0,19.36
9/1/2026,2021,20220496,40342,40191,TW NATURAL GAS PIPELINE,Natural Gas,INTRASTATE,OHIO,0,0,0,0,0,0,0,0,0,0,0.01,0,0,0,0.01,0,0,0,0,0,0,0,0,0,0,0,0,0,0,0,0,0,0,0,0,0,0,0,0,0,0,0,0,0,0,0,0,0,0,0,0.01,0,0,0,0.01,0,0,0,0,0,0,0.01,0,0,0,0.01
9/1/2026,2021,20220826,40686,40196,EVERSOURCE GAS OF MASSACHUSETTS,Natural Gas,INTRASTATE,MASSACHUSETTS,0,0,0,0,0,0.04,0.05,0.04,0,0.13,0.02,0.57,1.58,0,2.17,0.04,0,0.04,0,0.08,0,0,0,0,0,0,0,0,0,0,0,0,0,0,0,0,0,0,0,0,0,0,0,0,0,0,0,0,0,0,0.1,0.62,1.66,0,2.38,0,0,0,0,0,0,0.1,0.62,1.66,0,2.38
9/1/2026,2021,20220160,39993,40198,"REPUBLIC SERVICES OF WISCONSIN, LIMITED PARTNERSHIP",Landfill Gas,INTRASTATE,WISCONSIN,0,0,0,0,0,0,0,0,0,0,0,0,0,0,0,0,0,0,0,0,0,0,0,0,0,0,0,0,0,0,0,0,0,0,0,0,0,0,0,0,0,0,0,0,0,0.3,0,0.3,0,0.6,0.3,0,0.3,0,0.6,0,0,0,0,0,0,0.3,0,0.3,0,0.6
9/1/2026,2021,20221066,40934,40200,PHILLIPS 66 COMPANY - BORGER REFINERY,Natural Gas,INTRASTATE,TEXAS,0,0,0,0,0,0,0,0,0,0,7,3,0,0,10,0,0,0,0,0,0,0,0,0,0,0,0,0,0,0,0,0,0,0,0,0,0,0,0,0,0,0,0,0,0,0,0,0,0,0,7,3,0,0,10,0,0,0,0,0,0,7,3,0,0,10
9/1/2026,2021,20221284,41166,40207,J POSEY OPERATING LLC,Natural Gas,INTRASTATE,TEXAS,0,0,0,0,0,3.64,0,0,0,3.64,0,0,0,0,0,0,0,0,0,0,0,0,0,0,0,0,0,0,0,0,0,0,0,0,0,0,0,0,0,0,0,0,0,0,0,0,0,0,0,0,3.64,0,0,0,3.64,0,0,0,0,0,0,3.64,0,0,0,3.64
9/1/2026,2021,20221057,41376,40215,"3CM MONTEGUT, LLC",Natural Gas,INTRASTATE,LOUISIANA,0,0,0,0,0,0,0,0,0,0,31.03,0,0.97,0,32,0,0,0,0,0,0,0,0,0,0,0,0,0,0,0,0,0,0,0,0,0,0,0,0,0,0,0,0,0,0,0,0,0,0,0,31.03,0,0.97,0,32,0,0,0,0,0,0,31.03,0,0.97,0,32
9/1/2026,2021,20221352,41262,40216,AUGEAN RNG PROJECT LLC,Natural Gas,INTRASTATE,WASHINGTON,0,0,0,0,0,0,0,0,0,0,0,0,0,0,0,0,0,0,0,0,0,0,0,0,0,0,0,0,0,0,0,0,0,0,0,0,0,0,0,0,0,0,0,0,0,8.736,0,0,0,8.736,8.736,0,0,0,8.736,0,0,0,0,0,0,8.736,0,0,0,8.736
9/1/2026,2021,20220930,40793,40218,MAS SHREVEPORT RNG LLC,Landfill Gas,INTRASTATE,LOUISIANA,0,0,0,0,0,0,0,0,0,0,0,0,0,0,0,0,0,0,0,0,0,0,0,0,0,0,0,0,0,0,0,0,0,0,0,0,0,0,0,0,0,0,0,0,0,3.03,0,0,0,3.03,3.03,0,0,0,3.03,0,0,0,0,0,0,3.03,0,0,0,3.03
9/1/2026,2021,20220866,40726,40223,"CRANBERRY CREEK LANDFILL, LLC",Landfill Gas,INTRASTATE,WISCONSIN,0,0,0,0,0,0,0,0,0,0,0,0,0,0,0,0,0,0,0,0,0,0,0,0,0,0,0,0,0,0,0,0,0,0,0,0,0,0,0,0,0,0,0,0,0,1.24,0,0.3,0,1.54,1.24,0,0.3,0,1.54,0,0,0,0,0,0,1.24,0,0.3,0,1.54
9/1/2026,2021,20220697,40552,40226,"INR MIDSTREAM, LLC.",Natural Gas,INTRASTATE,PENNSYLVANIA,0,0,0,0,0,0,0.63,0,0,0.63,0,0,0,0,0,0,0,0,0,0,0,0,0,0,0,0,0,0,0,0,0,0,0,0,0,0,0,0,0,0,0,0,0,0,0,0,0,0,0,0,0,0.63,0,0,0.63,0,0,0,0,0,0,0,0.63,0,0,0.63
9/1/2026,2021,20221332,41233,40228,SIMCOE LLC,Natural Gas,INTRASTATE,COLORADO,0,0,0,0,0,0,0,0,0,0,0,0,0,0,0,0.9,0,0,0,0.9,0.9,0,0,0,0.9,0,0,0,0,0,0,0,0,0,0,0,0,0,0,0,0,0,0,0,0,0,0,0,0,0,1.8,0,0,0,1.8,0,0,0,0,0,0,1.8,0,0,0,1.8
9/1/2026,2021,20220547,40393,40237,"SHERIDAN PRODUCTION COMPANY III, LLC",Natural Gas,INTRASTATE,TEXAS,0,0,0,0,0,0,0,0,0,0,0,0,0,0,0,1.39,0,0,0,1.39,0,0,0,0,0,0,0,0,0,0,0,0,0,0,0,0,0,0,0,0,0,0,0,0,0,0,0,0,0,0,1.39,0,0,0,1.39,0,0,0,0,0,0,1.39,0,0,0,1.39
9/1/2026,2021,20221375,41328,40242,"PURENERGY OPERATING SERVICES, LLC",Landfill Gas,INTRASTATE,NEW JERSEY,0,0,0,0,0,0,0,0,0,0,0,0,0,0,0,0,0,0,0,0,0,0,0,0,0,0,0,0,0,0,0,0,0,0,0,0,0,0,0,0,0,0,0,0,0,5.65,0,1.25,0,6.9,5.65,0,1.25,0,6.9,0,0,0,0,0,0,5.65,0,1.25,0,6.9
9/1/2026,2021,20220510,40356,40249,LEESBURG LP,Natural Gas,INTRASTATE,TEXAS,0,0,0,0,0,0,0,0,0,0,0,0,0,0,0,0,0,0,0,0,0,0,0,0,0,0,0,0,0,0,0,0,0,0,0,1.8,0,0,0,1.8,0,0,0,0,0,0,0,0,0,0,1.8,0,0,0,1.8,0,0,0,0,0,0,1.8,0,0,0,1.8
9/1/2026,2021,20221326,41225,40260,"LUBBOCK GAS GATHERING LTD., LLP",Natural Gas,INTRASTATE,TEXAS,0,0,0,0,0,0,0,0,0,0,0,0,0,0,0,0,0,0,0,0,0,0,0,0,0,0,0,0,0,0,0,0,0,0,0,0,0,0,0,0,7.93,0,0,0,7.93,0,0,0,0,0,7.93,0,0,0,7.93,0,0,0,0,0,0,7.93,0,0,0,7.93
9/1/2026,2021,20220846,40706,40265,"HEP JAVELINA PIPELINE COMPANY, LLC",Natural Gas,INTRASTATE,TEXAS,2.76,0.08,4.66,0,7.5,0,0,0,0,0,0,0,0,0,0,1.62,0,4.68,0,6.3,0,0,0,0,0,0,0,0,0,0,0,0,0,0,0,0,0,0,0,0,0,0,0,0,0,0,0,0,0,0,4.38,0.08,9.34,0,13.8,0,0,0,0,0,0,4.38,0.08,9.34,0,13.8
9/1/2026,2021,20220847,40707,40266,"HEP JAVELINA COMPANY, LLC",Hydrogen Gas,INTRASTATE,TEXAS,0,0,0,0,0,0,0,0,0,0,1.05,0,1.66,0,2.71,0,0,0,0,0,0,0,0,0,0,0,0,0,0,0,0,0,0,0,0,0,0,0,0,0,0,0,0,0,0,0,0,0,0,0,1.05,0,1.66,0,2.71,0,0,0,0,0,0,1.05,0,1.66,0,2.71
9/1/2026,2021,20220849,40709,40267,"HEP GAS SERVICES, LLC",Hydrogen Gas,INTRASTATE,TEXAS,0,0,0,0,0,0,0,0,0,0,0.63,0,1.98,0,2.61,0,0,0,0,0,0,0,0,0,0,0,0,0,0,0,0,0,0,0,0,0,0,0,0,0,0,0,0,0,0,0,0,0,0,0,0.63,0,1.98,0,2.61,0,0,0,0,0,0,0.63,0,1.98,0,2.61
9/1/2026,2021,20220772,40630,40269,"LES PROJECT HOLDINGS, LLC",Landfill Gas,INTRASTATE,VIRGINIA,0,0,0,0,0,0,0,0,0,0,0,0,0,0,0,0,0,0,0,0,0,0,0,0,0,0,0,0,0,0,0,0,0,0,0,0,0,0,0,0,0,0,0,0,0,0,0,3,0,3,0,0,3,0,3,0,0,0,0,0,0,0,0,3,0,3
9/1/2026,2021,20220857,40717,40270,STAGECOACH GAS SERVICES LLC,Natural Gas,INTERSTATE,NEW YORK,0,0,0,0,0,0,0,0,0,0,0.44,0,0,0,0.44,39.46,1.14,0.33,0,40.93,29.69,3.75,0,0,33.44,5.26,0,0,0,5.26,0,0,0,0,0,0,0,0,0,0,0,0,0,0,0,0,0,0,0,0,74.85,4.89,0.33,0,80.07,0,0,0,0,0,0,74.85,4.89,0.33,0,80.07
9/1/2026,2021,20220857,40717,40270,STAGECOACH GAS SERVICES LLC,Natural Gas,INTERSTATE,PENNSYLVANIA,0,0,0,0,0,0,0,0,0,0,0,0,0,0,0,2.18,0,0,0,2.18,0.01,0,0,0,0.01,59.27,3.54,0,0,62.81,0,0,0,0,0,0,0,0,0,0,0,0,0,0,0,0,0,0,0,0,61.46,3.54,0,0,65,0,0,0,0,0,0,61.46,3.54,0,0,65
9/1/2026,2021,20220857,40717,40270,STAGECOACH GAS SERVICES LLC,Natural Gas,INTRASTATE,NEW YORK,0,0,0.1,0,0.1,0,0,0,0,0,0.8,0,0,0,0.8,27.22,10.22,0,0,37.44,0,0,0,0,0,0.06,0,0,0,0.06,0,0,0,0,0,0,0,0,0,0,0,0,0,0,0,0,0,0,0,0,28.08,10.22,0.1,0,38.4,0,0,0,0,0,0,28.08,10.22,0.1,0,38.4
9/1/2026,2021,20221285,41167,40273,GIBBONS CREEK ENV. RDV. GROUP,Natural Gas,INTRASTATE,TEXAS,0,0,0,0,0,15.8,0,0,0,15.8,0,0,0,0,0,0,0,0,0,0,0,0,0,0,0,0,0,0,0,0,0,0,0,0,0,0,0,0,0,0,0,0,0,0,0,0,0,0,0,0,15.8,0,0,0,15.8,0,0,0,0,0,0,15.8,0,0,0,15.8
9/1/2026,2021,20220602,40451,40274,"BOARDWALK LOUISIANA GAS TRANSMISSION, LLC",Natural Gas,INTRASTATE,LOUISIANA,0,0,0,0,0,0,0,0,0,0,0.52,0,0,0,0.52,2,1.38,0.36,0,3.74,11.2,2.25,0.09,0,13.54,0,0,0,0,0,0,0,0,0,0,0,0,0,0,0,0,0,0,0,0,0,0,0,0,0,13.72,3.63,0.45,0,17.8,0,0,0,0,0,0,13.72,3.63,0.45,0,17.8
9/1/2026,2021,20220793,40653,40278,CUMBERLAND COUNTY SOLID WASTE,Landfill Gas,INTRASTATE,NORTH CAROLINA,0,0,0,0,0,0,0,0,0,0,0,0,0,0,0,0,0,0,0,0,0,0,0,0,0,0,0,0,0,0,0,0,0,0,0,0,0,0,0,0,0,0,0,0,0,0.55,1.23,0.12,0,1.9,0.55,1.23,0.12,0,1.9,0,0,0,0,0,0,0.55,1.23,0.12,0,1.9
9/1/2026,2021,20220384,40226,40281,"IRON PENNSYLVANIA LAND, LLC.",Other Gas-processed coalbed methane,INTRASTATE,PENNSYLVANIA,0,0,0,0,0,0.36,0,0,0,0.36,0,0,0,0,0,0,0,0,0,0,0,0,0,0,0,0,0,0,0,0,0,0,0,0,0,0,0,0,0,0,0,0,0,0,0,0,0,0,0,0,0.36,0,0,0,0.36,0,0,0,0,0,0,0.36,0,0,0,0.36
9/1/2026,2021,20220933,40796,40292,"ASPIRE ENERGY EXPRESS, LLC",Natural Gas,INTRASTATE,OHIO,0,0,0,0,0,0.02,0,0,0,0.02,0,0,0,0,0,0.03,0,0,0,0.03,0,0,0,0,0,0,0,0,0,0,0,0,0,0,0,0,0,0,0,0,0,0,0,0,0,0,0,0,0,0,0.05,0,0,0,0.05,0,0,0,0,0,0,0.05,0,0,0,0.05
9/1/2026,2021,20221005,40871,40295,"FUNDARE RESOURCES OPERATING COMPANY, LLC",Natural Gas,INTRASTATE,COLORADO,0,0,0,0,0,0,0,0.36,0,0.36,0,0,0,0,0,0,0,0,0,0,0,0,0,0,0,0,0,0,0,0,0,0,0,0,0,0,0,0,0,0,0,0,0,0,0,0,0,0,0,0,0,0,0.36,0,0.36,0,0,0,0,0,0,0,0,0.36,0,0.36
9/1/2026,2021,20220734,40591,40324,NAVAJO TRIBAL UTILITY AUTHORITY,Natural Gas,INTRASTATE,NEW MEXICO,0.223,0,0,0,0.223,4.753,0.157,1.935,0,6.845,18.062,0,0,0,18.062,0,0,0,0,0,0,0,0,0,0,0,0,0,0,0,0,0,0,0,0,0,0,0,0,0,0,0,0,0,0,0,0,0,0,0,23.038,0.157,1.935,0,25.13,0,0,0,0,0,0,23.038,0.157,1.935,0,25.13
9/1/2026,2021,20221133,42950,40338,SUMMIT MIDSTREAM PERMIAN 2 LLC,Natural Gas,INTERSTATE,NEW MEXICO,0,0,0,0,0,0,0,0,0,0,0,0,0,0,0,0,0,0,0,0,3.52,0,0,0,3.52,59.14,0,0,0,59.14,0,0,0,0,0,0,0,0,0,0,0,0,0,0,0,0,0,0,0,0,62.66,0,0,0,62.66,0,0,0,0,0,0,62.66,0,0,0,62.66
9/1/2026,2021,20221133,42950,40338,SUMMIT MIDSTREAM PERMIAN 2 LLC,Natural Gas,INTERSTATE,TEXAS,0,0,0,0,0,0,0,0,0,0,0,0,0,0,0,0,0,0,0,0,0,0,0,0,0,72.54,0,0,0,72.54,0,0,0,0,0,0,0,0,0,0,0,0,0,0,0,0,0,0,0,0,72.54,0,0,0,72.54,0,0,0,0,0,0,72.54,0,0,0,72.54
9/1/2026,2021,20221358,41274,40356,"FAULCONER ENERGY, LLC",Natural Gas,INTRASTATE,TEXAS,0.032,0,0,0,0.032,0,0,0,0,0,0,0,0,0,0,0,0,0,0,0,0,0,0,0,0,0,0,0,0,0,0,0,0,0,0,0,0,0,0,0,0,0,0,0,0,0,0,0,0,0,0.032,0,0,0,0.032,0,0,0,0,0,0,0.032,0,0,0,0.032
9/1/2026,2021,20221380,41353,40382,OZONA RESIDUE SYSTEMS CO,Natural Gas,INTRASTATE,TEXAS,0,0,0,0,0,0,0,0,0,0,0,0,0,0,0,6,0,0,0,6,0,0,0,0,0,0,0,0,0,0,0,0,0,0,0,0,0,0,0,0,0,0,0,0,0,0,0,0,0,0,6,0,0,0,6,0,0,0,0,0,0,6,0,0,0,6
9/1/2026,2021,20221370,41320,40399,GLE MANAGEMENT SERVICES LLC,Natural Gas,INTRASTATE,KENTUCKY,0,0,0,0,0,0,0,0,0,0,0,0.13,0,0,0.13,4.64,2.97,0,0,7.61,0,0,0,0,0,0,0,0,0,0,0,0,0,0,0,0,0,0,0,0,0,0,0,0,0,0,0,0,0,0,4.64,3.1,0,0,7.74,0,0,0,0,0,0,4.64,3.1,0,0,7.74
9/1/2026,2021,20231473,43136,40697,"MATHESON TRI-GAS, INC. - (PA)",Hydrogen Gas,INTRASTATE,PENNSYLVANIA,0,0.03,1.8,0,1.83,0,0,0,0,0,0,0,0,0,0,0,0,0,0,0,0,0,0,0,0,0,0,0,0,0,0,0,0,0,0,0,0,0,0,0,0,0,0,0,0,0,0,0,0,0,0,0.03,1.8,0,1.83,0,0,0,0,0,0,0,0.03,1.8,0,1.83
9/1/2026,2021,20220406,40250,99054,US STEEL,Other Gas-COKE OVEN GAS,INTRASTATE,PENNSYLVANIA,0,0,16.2,0,16.2,0,0,0,0,0,0,0,0,0,0,0,0,0,0,0,0,0,0,0,0,0,0,0,0,0,0,0,0,0,0,0,0,0,0,0,0,0,0,0,0,0,0,0,0,0,0,0,16.2,0,16.2,0,0,0,0,0,0,0,0,16.2,0,16.2
,,,,,,,,,,,,,,,,,,,,,,,,,,,,,,,,,,,,,,,,,,,,,,,,,,,,,,,,,,,,,,,,,,,,,,,,,,
,,,,,,,,,,,,,,,,,,,,,,,,,,,,,,,,,,,,,,,,,,,,,,,,,,,,,,,,,,,,,,,,,,,,,,,,,,
,,,,,,,,,,,,,,,,,,,,,,,,,,,,,,,,,,,,,,,,,,,,,,,,,,,,,,,,,,,,,,,,,,,,,,,,,,
,,,,,,,,,,,,,,,,,,,,,,,,,,,,,,,,,,,,,,,,,,,,,,,,,,,,,,,,,,,,,,,,,,,,,,,,,,
,,,,,,,,,,,,,,,,,,,,,,,,,,,,,,,,,,,,,,,,,,,,,,,,,,,,,,,,,,,,,,,,,,,,,,,,,,
,,,,,,,,,,,,,,,,,,,,,,,,,,,,,,,,,,,,,,,,,,,,,,,,,,,,,,,,,,,,,,,,,,,,,,,,,,
,,,,,,,,,,,,,,,,,,,,,,,,,,,,,,,,,,,,,,,,,,,,,,,,,,,,,,,,,,,,,,,,,,,,,,,,,,
,,,,,,,,,,,,,,,,,,,,,,,,,,,,,,,,,,,,,,,,,,,,,,,,,,,,,,,,,,,,,,,,,,,,,,,,,,
,,,,,,,,,,,,,,,,,,,,,,,,,,,,,,,,,,,,,,,,,,,,,,,,,,,,,,,,,,,,,,,,,,,,,,,,,,
,,,,,,,,,,,,,,,,,,,,,,,,,,,,,,,,,,,,,,,,,,,,,,,,,,,,,,,,,,,,,,,,,,,,,,,,,,
,,,,,,,,,,,,,,,,,,,,,,,,,,,,,,,,,,,,,,,,,,,,,,,,,,,,,,,,,,,,,,,,,,,,,,,,,,
,,,,,,,,,,,,,,,,,,,,,,,,,,,,,,,,,,,,,,,,,,,,,,,,,,,,,,,,,,,,,,,,,,,,,,,,,,
,,,,,,,,,,,,,,,,,,,,,,,,,,,,,,,,,,,,,,,,,,,,,,,,,,,,,,,,,,,,,,,,,,,,,,,,,,
,,,,,,,,,,,,,,,,,,,,,,,,,,,,,,,,,,,,,,,,,,,,,,,,,,,,,,,,,,,,,,,,,,,,,,,,,,
,,,,,,,,,,,,,,,,,,,,,,,,,,,,,,,,,,,,,,,,,,,,,,,,,,,,,,,,,,,,,,,,,,,,,,,,,,
,,,,,,,,,,,,,,,,,,,,,,,,,,,,,,,,,,,,,,,,,,,,,,,,,,,,,,,,,,,,,,,,,,,,,,,,,,
,,,,,,,,,,,,,,,,,,,,,,,,,,,,,,,,,,,,,,,,,,,,,,,,,,,,,,,,,,,,,,,,,,,,,,,,,,
,,,,,,,,,,,,,,,,,,,,,,,,,,,,,,,,,,,,,,,,,,,,,,,,,,,,,,,,,,,,,,,,,,,,,,,,,,
,,,,,,,,,,,,,,,,,,,,,,,,,,,,,,,,,,,,,,,,,,,,,,,,,,,,,,,,,,,,,,,,,,,,,,,,,,
,,,,,,,,,,,,,,,,,,,,,,,,,,,,,,,,,,,,,,,,,,,,,,,,,,,,,,,,,,,,,,,,,,,,,,,,,,
,,,,,,,,,,,,,,,,,,,,,,,,,,,,,,,,,,,,,,,,,,,,,,,,,,,,,,,,,,,,,,,,,,,,,,,,,,
,,,,,,,,,,,,,,,,,,,,,,,,,,,,,,,,,,,,,,,,,,,,,,,,,,,,,,,,,,,,,,,,,,,,,,,,,,
,,,,,,,,,,,,,,,,,,,,,,,,,,,,,,,,,,,,,,,,,,,,,,,,,,,,,,,,,,,,,,,,,,,,,,,,,,
,,,,,,,,,,,,,,,,,,,,,,,,,,,,,,,,,,,,,,,,,,,,,,,,,,,,,,,,,,,,,,,,,,,,,,,,,,
,,,,,,,,,,,,,,,,,,,,,,,,,,,,,,,,,,,,,,,,,,,,,,,,,,,,,,,,,,,,,,,,,,,,,,,,,,
,,,,,,,,,,,,,,,,,,,,,,,,,,,,,,,,,,,,,,,,,,,,,,,,,,,,,,,,,,,,,,,,,,,,,,,,,,
,,,,,,,,,,,,,,,,,,,,,,,,,,,,,,,,,,,,,,,,,,,,,,,,,,,,,,,,,,,,,,,,,,,,,,,,,,
,,,,,,,,,,,,,,,,,,,,,,,,,,,,,,,,,,,,,,,,,,,,,,,,,,,,,,,,,,,,,,,,,,,,,,,,,,
,,,,,,,,,,,,,,,,,,,,,,,,,,,,,,,,,,,,,,,,,,,,,,,,,,,,,,,,,,,,,,,,,,,,,,,,,,
,,,,,,,,,,,,,,,,,,,,,,,,,,,,,,,,,,,,,,,,,,,,,,,,,,,,,,,,,,,,,,,,,,,,,,,,,,
,,,,,,,,,,,,,,,,,,,,,,,,,,,,,,,,,,,,,,,,,,,,,,,,,,,,,,,,,,,,,,,,,,,,,,,,,,
,,,,,,,,,,,,,,,,,,,,,,,,,,,,,,,,,,,,,,,,,,,,,,,,,,,,,,,,,,,,,,,,,,,,,,,,,,
,,,,,,,,,,,,,,,,,,,,,,,,,,,,,,,,,,,,,,,,,,,,,,,,,,,,,,,,,,,,,,,,,,,,,,,,,,
,,,,,,,,,,,,,,,,,,,,,,,,,,,,,,,,,,,,,,,,,,,,,,,,,,,,,,,,,,,,,,,,,,,,,,,,,,
,,,,,,,,,,,,,,,,,,,,,,,,,,,,,,,,,,,,,,,,,,,,,,,,,,,,,,,,,,,,,,,,,,,,,,,,,,
,,,,,,,,,,,,,,,,,,,,,,,,,,,,,,,,,,,,,,,,,,,,,,,,,,,,,,,,,,,,,,,,,,,,,,,,,,
,,,,,,,,,,,,,,,,,,,,,,,,,,,,,,,,,,,,,,,,,,,,,,,,,,,,,,,,,,,,,,,,,,,,,,,,,,
,,,,,,,,,,,,,,,,,,,,,,,,,,,,,,,,,,,,,,,,,,,,,,,,,,,,,,,,,,,,,,,,,,,,,,,,,,
,,,,,,,,,,,,,,,,,,,,,,,,,,,,,,,,,,,,,,,,,,,,,,,,,,,,,,,,,,,,,,,,,,,,,,,,,,
,,,,,,,,,,,,,,,,,,,,,,,,,,,,,,,,,,,,,,,,,,,,,,,,,,,,,,,,,,,,,,,,,,,,,,,,,,
,,,,,,,,,,,,,,,,,,,,,,,,,,,,,,,,,,,,,,,,,,,,,,,,,,,,,,,,,,,,,,,,,,,,,,,,,,
,,,,,,,,,,,,,,,,,,,,,,,,,,,,,,,,,,,,,,,,,,,,,,,,,,,,,,,,,,,,,,,,,,,,,,,,,,
,,,,,,,,,,,,,,,,,,,,,,,,,,,,,,,,,,,,,,,,,,,,,,,,,,,,,,,,,,,,,,,,,,,,,,,,,,
,,,,,,,,,,,,,,,,,,,,,,,,,,,,,,,,,,,,,,,,,,,,,,,,,,,,,,,,,,,,,,,,,,,,,,,,,,
,,,,,,,,,,,,,,,,,,,,,,,,,,,,,,,,,,,,,,,,,,,,,,,,,,,,,,,,,,,,,,,,,,,,,,,,,,
,,,,,,,,,,,,,,,,,,,,,,,,,,,,,,,,,,,,,,,,,,,,,,,,,,,,,,,,,,,,,,,,,,,,,,,,,,
,,,,,,,,,,,,,,,,,,,,,,,,,,,,,,,,,,,,,,,,,,,,,,,,,,,,,,,,,,,,,,,,,,,,,,,,,,
,,,,,,,,,,,,,,,,,,,,,,,,,,,,,,,,,,,,,,,,,,,,,,,,,,,,,,,,,,,,,,,,,,,,,,,,,,
,,,,,,,,,,,,,,,,,,,,,,,,,,,,,,,,,,,,,,,,,,,,,,,,,,,,,,,,,,,,,,,,,,,,,,,,,,
,,,,,,,,,,,,,,,,,,,,,,,,,,,,,,,,,,,,,,,,,,,,,,,,,,,,,,,,,,,,,,,,,,,,,,,,,,
,,,,,,,,,,,,,,,,,,,,,,,,,,,,,,,,,,,,,,,,,,,,,,,,,,,,,,,,,,,,,,,,,,,,,,,,,,
,,,,,,,,,,,,,,,,,,,,,,,,,,,,,,,,,,,,,,,,,,,,,,,,,,,,,,,,,,,,,,,,,,,,,,,,,,
,,,,,,,,,,,,,,,,,,,,,,,,,,,,,,,,,,,,,,,,,,,,,,,,,,,,,,,,,,,,,,,,,,,,,,,,,,
,,,,,,,,,,,,,,,,,,,,,,,,,,,,,,,,,,,,,,,,,,,,,,,,,,,,,,,,,,,,,,,,,,,,,,,,,,
,,,,,,,,,,,,,,,,,,,,,,,,,,,,,,,,,,,,,,,,,,,,,,,,,,,,,,,,,,,,,,,,,,,,,,,,,,
,,,,,,,,,,,,,,,,,,,,,,,,,,,,,,,,,,,,,,,,,,,,,,,,,,,,,,,,,,,,,,,,,,,,,,,,,,
,,,,,,,,,,,,,,,,,,,,,,,,,,,,,,,,,,,,,,,,,,,,,,,,,,,,,,,,,,,,,,,,,,,,,,,,,,
,,,,,,,,,,,,,,,,,,,,,,,,,,,,,,,,,,,,,,,,,,,,,,,,,,,,,,,,,,,,,,,,,,,,,,,,,,
,,,,,,,,,,,,,,,,,,,,,,,,,,,,,,,,,,,,,,,,,,,,,,,,,,,,,,,,,,,,,,,,,,,,,,,,,,
,,,,,,,,,,,,,,,,,,,,,,,,,,,,,,,,,,,,,,,,,,,,,,,,,,,,,,,,,,,,,,,,,,,,,,,,,,
,,,,,,,,,,,,,,,,,,,,,,,,,,,,,,,,,,,,,,,,,,,,,,,,,,,,,,,,,,,,,,,,,,,,,,,,,,
,,,,,,,,,,,,,,,,,,,,,,,,,,,,,,,,,,,,,,,,,,,,,,,,,,,,,,,,,,,,,,,,,,,,,,,,,,
,,,,,,,,,,,,,,,,,,,,,,,,,,,,,,,,,,,,,,,,,,,,,,,,,,,,,,,,,,,,,,,,,,,,,,,,,,
,,,,,,,,,,,,,,,,,,,,,,,,,,,,,,,,,,,,,,,,,,,,,,,,,,,,,,,,,,,,,,,,,,,,,,,,,,
,,,,,,,,,,,,,,,,,,,,,,,,,,,,,,,,,,,,,,,,,,,,,,,,,,,,,,,,,,,,,,,,,,,,,,,,,,
,,,,,,,,,,,,,,,,,,,,,,,,,,,,,,,,,,,,,,,,,,,,,,,,,,,,,,,,,,,,,,,,,,,,,,,,,,
,,,,,,,,,,,,,,,,,,,,,,,,,,,,,,,,,,,,,,,,,,,,,,,,,,,,,,,,,,,,,,,,,,,,,,,,,,
,,,,,,,,,,,,,,,,,,,,,,,,,,,,,,,,,,,,,,,,,,,,,,,,,,,,,,,,,,,,,,,,,,,,,,,,,,
,,,,,,,,,,,,,,,,,,,,,,,,,,,,,,,,,,,,,,,,,,,,,,,,,,,,,,,,,,,,,,,,,,,,,,,,,,
,,,,,,,,,,,,,,,,,,,,,,,,,,,,,,,,,,,,,,,,,,,,,,,,,,,,,,,,,,,,,,,,,,,,,,,,,,
,,,,,,,,,,,,,,,,,,,,,,,,,,,,,,,,,,,,,,,,,,,,,,,,,,,,,,,,,,,,,,,,,,,,,,,,,,
,,,,,,,,,,,,,,,,,,,,,,,,,,,,,,,,,,,,,,,,,,,,,,,,,,,,,,,,,,,,,,,,,,,,,,,,,,
,,,,,,,,,,,,,,,,,,,,,,,,,,,,,,,,,,,,,,,,,,,,,,,,,,,,,,,,,,,,,,,,,,,,,,,,,,
,,,,,,,,,,,,,,,,,,,,,,,,,,,,,,,,,,,,,,,,,,,,,,,,,,,,,,,,,,,,,,,,,,,,,,,,,,
,,,,,,,,,,,,,,,,,,,,,,,,,,,,,,,,,,,,,,,,,,,,,,,,,,,,,,,,,,,,,,,,,,,,,,,,,,
,,,,,,,,,,,,,,,,,,,,,,,,,,,,,,,,,,,,,,,,,,,,,,,,,,,,,,,,,,,,,,,,,,,,,,,,,,
,,,,,,,,,,,,,,,,,,,,,,,,,,,,,,,,,,,,,,,,,,,,,,,,,,,,,,,,,,,,,,,,,,,,,,,,,,
,,,,,,,,,,,,,,,,,,,,,,,,,,,,,,,,,,,,,,,,,,,,,,,,,,,,,,,,,,,,,,,,,,,,,,,,,,
,,,,,,,,,,,,,,,,,,,,,,,,,,,,,,,,,,,,,,,,,,,,,,,,,,,,,,,,,,,,,,,,,,,,,,,,,,
,,,,,,,,,,,,,,,,,,,,,,,,,,,,,,,,,,,,,,,,,,,,,,,,,,,,,,,,,,,,,,,,,,,,,,,,,,
,,,,,,,,,,,,,,,,,,,,,,,,,,,,,,,,,,,,,,,,,,,,,,,,,,,,,,,,,,,,,,,,,,,,,,,,,,
,,,,,,,,,,,,,,,,,,,,,,,,,,,,,,,,,,,,,,,,,,,,,,,,,,,,,,,,,,,,,,,,,,,,,,,,,,
,,,,,,,,,,,,,,,,,,,,,,,,,,,,,,,,,,,,,,,,,,,,,,,,,,,,,,,,,,,,,,,,,,,,,,,,,,
,,,,,,,,,,,,,,,,,,,,,,,,,,,,,,,,,,,,,,,,,,,,,,,,,,,,,,,,,,,,,,,,,,,,,,,,,,
,,,,,,,,,,,,,,,,,,,,,,,,,,,,,,,,,,,,,,,,,,,,,,,,,,,,,,,,,,,,,,,,,,,,,,,,,,
,,,,,,,,,,,,,,,,,,,,,,,,,,,,,,,,,,,,,,,,,,,,,,,,,,,,,,,,,,,,,,,,,,,,,,,,,,
,,,,,,,,,,,,,,,,,,,,,,,,,,,,,,,,,,,,,,,,,,,,,,,,,,,,,,,,,,,,,,,,,,,,,,,,,,
,,,,,,,,,,,,,,,,,,,,,,,,,,,,,,,,,,,,,,,,,,,,,,,,,,,,,,,,,,,,,,,,,,,,,,,,,,
,,,,,,,,,,,,,,,,,,,,,,,,,,,,,,,,,,,,,,,,,,,,,,,,,,,,,,,,,,,,,,,,,,,,,,,,,,
,,,,,,,,,,,,,,,,,,,,,,,,,,,,,,,,,,,,,,,,,,,,,,,,,,,,,,,,,,,,,,,,,,,,,,,,,,
,,,,,,,,,,,,,,,,,,,,,,,,,,,,,,,,,,,,,,,,,,,,,,,,,,,,,,,,,,,,,,,,,,,,,,,,,,
,,,,,,,,,,,,,,,,,,,,,,,,,,,,,,,,,,,,,,,,,,,,,,,,,,,,,,,,,,,,,,,,,,,,,,,,,,
,,,,,,,,,,,,,,,,,,,,,,,,,,,,,,,,,,,,,,,,,,,,,,,,,,,,,,,,,,,,,,,,,,,,,,,,,,
,,,,,,,,,,,,,,,,,,,,,,,,,,,,,,,,,,,,,,,,,,,,,,,,,,,,,,,,,,,,,,,,,,,,,,,,,,
,,,,,,,,,,,,,,,,,,,,,,,,,,,,,,,,,,,,,,,,,,,,,,,,,,,,,,,,,,,,,,,,,,,,,,,,,,
,,,,,,,,,,,,,,,,,,,,,,,,,,,,,,,,,,,,,,,,,,,,,,,,,,,,,,,,,,,,,,,,,,,,,,,,,,
,,,,,,,,,,,,,,,,,,,,,,,,,,,,,,,,,,,,,,,,,,,,,,,,,,,,,,,,,,,,,,,,,,,,,,,,,,
,,,,,,,,,,,,,,,,,,,,,,,,,,,,,,,,,,,,,,,,,,,,,,,,,,,,,,,,,,,,,,,,,,,,,,,,,,
,,,,,,,,,,,,,,,,,,,,,,,,,,,,,,,,,,,,,,,,,,,,,,,,,,,,,,,,,,,,,,,,,,,,,,,,,,
,,,,,,,,,,,,,,,,,,,,,,,,,,,,,,,,,,,,,,,,,,,,,,,,,,,,,,,,,,,,,,,,,,,,,,,,,,
,,,,,,,,,,,,,,,,,,,,,,,,,,,,,,,,,,,,,,,,,,,,,,,,,,,,,,,,,,,,,,,,,,,,,,,,,,
,,,,,,,,,,,,,,,,,,,,,,,,,,,,,,,,,,,,,,,,,,,,,,,,,,,,,,,,,,,,,,,,,,,,,,,,,,
,,,,,,,,,,,,,,,,,,,,,,,,,,,,,,,,,,,,,,,,,,,,,,,,,,,,,,,,,,,,,,,,,,,,,,,,,,
,,,,,,,,,,,,,,,,,,,,,,,,,,,,,,,,,,,,,,,,,,,,,,,,,,,,,,,,,,,,,,,,,,,,,,,,,,
,,,,,,,,,,,,,,,,,,,,,,,,,,,,,,,,,,,,,,,,,,,,,,,,,,,,,,,,,,,,,,,,,,,,,,,,,,
,,,,,,,,,,,,,,,,,,,,,,,,,,,,,,,,,,,,,,,,,,,,,,,,,,,,,,,,,,,,,,,,,,,,,,,,,,
,,,,,,,,,,,,,,,,,,,,,,,,,,,,,,,,,,,,,,,,,,,,,,,,,,,,,,,,,,,,,,,,,,,,,,,,,,
,,,,,,,,,,,,,,,,,,,,,,,,,,,,,,,,,,,,,,,,,,,,,,,,,,,,,,,,,,,,,,,,,,,,,,,,,,
,,,,,,,,,,,,,,,,,,,,,,,,,,,,,,,,,,,,,,,,,,,,,,,,,,,,,,,,,,,,,,,,,,,,,,,,,,
,,,,,,,,,,,,,,,,,,,,,,,,,,,,,,,,,,,,,,,,,,,,,,,,,,,,,,,,,,,,,,,,,,,,,,,,,,
,,,,,,,,,,,,,,,,,,,,,,,,,,,,,,,,,,,,,,,,,,,,,,,,,,,,,,,,,,,,,,,,,,,,,,,,,,
,,,,,,,,,,,,,,,,,,,,,,,,,,,,,,,,,,,,,,,,,,,,,,,,,,,,,,,,,,,,,,,,,,,,,,,,,,
,,,,,,,,,,,,,,,,,,,,,,,,,,,,,,,,,,,,,,,,,,,,,,,,,,,,,,,,,,,,,,,,,,,,,,,,,,
,,,,,,,,,,,,,,,,,,,,,,,,,,,,,,,,,,,,,,,,,,,,,,,,,,,,,,,,,,,,,,,,,,,,,,,,,,
,,,,,,,,,,,,,,,,,,,,,,,,,,,,,,,,,,,,,,,,,,,,,,,,,,,,,,,,,,,,,,,,,,,,,,,,,,
,,,,,,,,,,,,,,,,,,,,,,,,,,,,,,,,,,,,,,,,,,,,,,,,,,,,,,,,,,,,,,,,,,,,,,,,,,
,,,,,,,,,,,,,,,,,,,,,,,,,,,,,,,,,,,,,,,,,,,,,,,,,,,,,,,,,,,,,,,,,,,,,,,,,,
,,,,,,,,,,,,,,,,,,,,,,,,,,,,,,,,,,,,,,,,,,,,,,,,,,,,,,,,,,,,,,,,,,,,,,,,,,
,,,,,,,,,,,,,,,,,,,,,,,,,,,,,,,,,,,,,,,,,,,,,,,,,,,,,,,,,,,,,,,,,,,,,,,,,,
,,,,,,,,,,,,,,,,,,,,,,,,,,,,,,,,,,,,,,,,,,,,,,,,,,,,,,,,,,,,,,,,,,,,,,,,,,
,,,,,,,,,,,,,,,,,,,,,,,,,,,,,,,,,,,,,,,,,,,,,,,,,,,,,,,,,,,,,,,,,,,,,,,,,,
,,,,,,,,,,,,,,,,,,,,,,,,,,,,,,,,,,,,,,,,,,,,,,,,,,,,,,,,,,,,,,,,,,,,,,,,,,
,,,,,,,,,,,,,,,,,,,,,,,,,,,,,,,,,,,,,,,,,,,,,,,,,,,,,,,,,,,,,,,,,,,,,,,,,,
,,,,,,,,,,,,,,,,,,,,,,,,,,,,,,,,,,,,,,,,,,,,,,,,,,,,,,,,,,,,,,,,,,,,,,,,,,
,,,,,,,,,,,,,,,,,,,,,,,,,,,,,,,,,,,,,,,,,,,,,,,,,,,,,,,,,,,,,,,,,,,,,,,,,,
,,,,,,,,,,,,,,,,,,,,,,,,,,,,,,,,,,,,,,,,,,,,,,,,,,,,,,,,,,,,,,,,,,,,,,,,,,
,,,,,,,,,,,,,,,,,,,,,,,,,,,,,,,,,,,,,,,,,,,,,,,,,,,,,,,,,,,,,,,,,,,,,,,,,,
,,,,,,,,,,,,,,,,,,,,,,,,,,,,,,,,,,,,,,,,,,,,,,,,,,,,,,,,,,,,,,,,,,,,,,,,,,
,,,,,,,,,,,,,,,,,,,,,,,,,,,,,,,,,,,,,,,,,,,,,,,,,,,,,,,,,,,,,,,,,,,,,,,,,,
,,,,,,,,,,,,,,,,,,,,,,,,,,,,,,,,,,,,,,,,,,,,,,,,,,,,,,,,,,,,,,,,,,,,,,,,,,
,,,,,,,,,,,,,,,,,,,,,,,,,,,,,,,,,,,,,,,,,,,,,,,,,,,,,,,,,,,,,,,,,,,,,,,,,,
,,,,,,,,,,,,,,,,,,,,,,,,,,,,,,,,,,,,,,,,,,,,,,,,,,,,,,,,,,,,,,,,,,,,,,,,,,
,,,,,,,,,,,,,,,,,,,,,,,,,,,,,,,,,,,,,,,,,,,,,,,,,,,,,,,,,,,,,,,,,,,,,,,,,,
,,,,,,,,,,,,,,,,,,,,,,,,,,,,,,,,,,,,,,,,,,,,,,,,,,,,,,,,,,,,,,,,,,,,,,,,,,
,,,,,,,,,,,,,,,,,,,,,,,,,,,,,,,,,,,,,,,,,,,,,,,,,,,,,,,,,,,,,,,,,,,,,,,,,,
,,,,,,,,,,,,,,,,,,,,,,,,,,,,,,,,,,,,,,,,,,,,,,,,,,,,,,,,,,,,,,,,,,,,,,,,,,
,,,,,,,,,,,,,,,,,,,,,,,,,,,,,,,,,,,,,,,,,,,,,,,,,,,,,,,,,,,,,,,,,,,,,,,,,,
,,,,,,,,,,,,,,,,,,,,,,,,,,,,,,,,,,,,,,,,,,,,,,,,,,,,,,,,,,,,,,,,,,,,,,,,,,
,,,,,,,,,,,,,,,,,,,,,,,,,,,,,,,,,,,,,,,,,,,,,,,,,,,,,,,,,,,,,,,,,,,,,,,,,,
,,,,,,,,,,,,,,,,,,,,,,,,,,,,,,,,,,,,,,,,,,,,,,,,,,,,,,,,,,,,,,,,,,,,,,,,,,
,,,,,,,,,,,,,,,,,,,,,,,,,,,,,,,,,,,,,,,,,,,,,,,,,,,,,,,,,,,,,,,,,,,,,,,,,,
,,,,,,,,,,,,,,,,,,,,,,,,,,,,,,,,,,,,,,,,,,,,,,,,,,,,,,,,,,,,,,,,,,,,,,,,,,
,,,,,,,,,,,,,,,,,,,,,,,,,,,,,,,,,,,,,,,,,,,,,,,,,,,,,,,,,,,,,,,,,,,,,,,,,,
,,,,,,,,,,,,,,,,,,,,,,,,,,,,,,,,,,,,,,,,,,,,,,,,,,,,,,,,,,,,,,,,,,,,,,,,,,
,,,,,,,,,,,,,,,,,,,,,,,,,,,,,,,,,,,,,,,,,,,,,,,,,,,,,,,,,,,,,,,,,,,,,,,,,,
,,,,,,,,,,,,,,,,,,,,,,,,,,,,,,,,,,,,,,,,,,,,,,,,,,,,,,,,,,,,,,,,,,,,,,,,,,
,,,,,,,,,,,,,,,,,,,,,,,,,,,,,,,,,,,,,,,,,,,,,,,,,,,,,,,,,,,,,,,,,,,,,,,,,,
,,,,,,,,,,,,,,,,,,,,,,,,,,,,,,,,,,,,,,,,,,,,,,,,,,,,,,,,,,,,,,,,,,,,,,,,,,
,,,,,,,,,,,,,,,,,,,,,,,,,,,,,,,,,,,,,,,,,,,,,,,,,,,,,,,,,,,,,,,,,,,,,,,,,,
,,,,,,,,,,,,,,,,,,,,,,,,,,,,,,,,,,,,,,,,,,,,,,,,,,,,,,,,,,,,,,,,,,,,,,,,,,
,,,,,,,,,,,,,,,,,,,,,,,,,,,,,,,,,,,,,,,,,,,,,,,,,,,,,,,,,,,,,,,,,,,,,,,,,,
,,,,,,,,,,,,,,,,,,,,,,,,,,,,,,,,,,,,,,,,,,,,,,,,,,,,,,,,,,,,,,,,,,,,,,,,,,
,,,,,,,,,,,,,,,,,,,,,,,,,,,,,,,,,,,,,,,,,,,,,,,,,,,,,,,,,,,,,,,,,,,,,,,,,,
,,,,,,,,,,,,,,,,,,,,,,,,,,,,,,,,,,,,,,,,,,,,,,,,,,,,,,,,,,,,,,,,,,,,,,,,,,
,,,,,,,,,,,,,,,,,,,,,,,,,,,,,,,,,,,,,,,,,,,,,,,,,,,,,,,,,,,,,,,,,,,,,,,,,,
,,,,,,,,,,,,,,,,,,,,,,,,,,,,,,,,,,,,,,,,,,,,,,,,,,,,,,,,,,,,,,,,,,,,,,,,,,
,,,,,,,,,,,,,,,,,,,,,,,,,,,,,,,,,,,,,,,,,,,,,,,,,,,,,,,,,,,,,,,,,,,,,,,,,,
,,,,,,,,,,,,,,,,,,,,,,,,,,,,,,,,,,,,,,,,,,,,,,,,,,,,,,,,,,,,,,,,,,,,,,,,,,
,,,,,,,,,,,,,,,,,,,,,,,,,,,,,,,,,,,,,,,,,,,,,,,,,,,,,,,,,,,,,,,,,,,,,,,,,,
,,,,,,,,,,,,,,,,,,,,,,,,,,,,,,,,,,,,,,,,,,,,,,,,,,,,,,,,,,,,,,,,,,,,,,,,,,
,,,,,,,,,,,,,,,,,,,,,,,,,,,,,,,,,,,,,,,,,,,,,,,,,,,,,,,,,,,,,,,,,,,,,,,,,,
,,,,,,,,,,,,,,,,,,,,,,,,,,,,,,,,,,,,,,,,,,,,,,,,,,,,,,,,,,,,,,,,,,,,,,,,,,
,,,,,,,,,,,,,,,,,,,,,,,,,,,,,,,,,,,,,,,,,,,,,,,,,,,,,,,,,,,,,,,,,,,,,,,,,,
,,,,,,,,,,,,,,,,,,,,,,,,,,,,,,,,,,,,,,,,,,,,,,,,,,,,,,,,,,,,,,,,,,,,,,,,,,
,,,,,,,,,,,,,,,,,,,,,,,,,,,,,,,,,,,,,,,,,,,,,,,,,,,,,,,,,,,,,,,,,,,,,,,,,,
,,,,,,,,,,,,,,,,,,,,,,,,,,,,,,,,,,,,,,,,,,,,,,,,,,,,,,,,,,,,,,,,,,,,,,,,,,
,,,,,,,,,,,,,,,,,,,,,,,,,,,,,,,,,,,,,,,,,,,,,,,,,,,,,,,,,,,,,,,,,,,,,,,,,,
,,,,,,,,,,,,,,,,,,,,,,,,,,,,,,,,,,,,,,,,,,,,,,,,,,,,,,,,,,,,,,,,,,,,,,,,,,
,,,,,,,,,,,,,,,,,,,,,,,,,,,,,,,,,,,,,,,,,,,,,,,,,,,,,,,,,,,,,,,,,,,,,,,,,,
,,,,,,,,,,,,,,,,,,,,,,,,,,,,,,,,,,,,,,,,,,,,,,,,,,,,,,,,,,,,,,,,,,,,,,,,,,
,,,,,,,,,,,,,,,,,,,,,,,,,,,,,,,,,,,,,,,,,,,,,,,,,,,,,,,,,,,,,,,,,,,,,,,,,,
,,,,,,,,,,,,,,,,,,,,,,,,,,,,,,,,,,,,,,,,,,,,,,,,,,,,,,,,,,,,,,,,,,,,,,,,,,
,,,,,,,,,,,,,,,,,,,,,,,,,,,,,,,,,,,,,,,,,,,,,,,,,,,,,,,,,,,,,,,,,,,,,,,,,,
,,,,,,,,,,,,,,,,,,,,,,,,,,,,,,,,,,,,,,,,,,,,,,,,,,,,,,,,,,,,,,,,,,,,,,,,,,
,,,,,,,,,,,,,,,,,,,,,,,,,,,,,,,,,,,,,,,,,,,,,,,,,,,,,,,,,,,,,,,,,,,,,,,,,,
,,,,,,,,,,,,,,,,,,,,,,,,,,,,,,,,,,,,,,,,,,,,,,,,,,,,,,,,,,,,,,,,,,,,,,,,,,
,,,,,,,,,,,,,,,,,,,,,,,,,,,,,,,,,,,,,,,,,,,,,,,,,,,,,,,,,,,,,,,,,,,,,,,,,,
,,,,,,,,,,,,,,,,,,,,,,,,,,,,,,,,,,,,,,,,,,,,,,,,,,,,,,,,,,,,,,,,,,,,,,,,,,
,,,,,,,,,,,,,,,,,,,,,,,,,,,,,,,,,,,,,,,,,,,,,,,,,,,,,,,,,,,,,,,,,,,,,,,,,,
,,,,,,,,,,,,,,,,,,,,,,,,,,,,,,,,,,,,,,,,,,,,,,,,,,,,,,,,,,,,,,,,,,,,,,,,,,
,,,,,,,,,,,,,,,,,,,,,,,,,,,,,,,,,,,,,,,,,,,,,,,,,,,,,,,,,,,,,,,,,,,,,,,,,,
,,,,,,,,,,,,,,,,,,,,,,,,,,,,,,,,,,,,,,,,,,,,,,,,,,,,,,,,,,,,,,,,,,,,,,,,,,
,,,,,,,,,,,,,,,,,,,,,,,,,,,,,,,,,,,,,,,,,,,,,,,,,,,,,,,,,,,,,,,,,,,,,,,,,,
,,,,,,,,,,,,,,,,,,,,,,,,,,,,,,,,,,,,,,,,,,,,,,,,,,,,,,,,,,,,,,,,,,,,,,,,,,
,,,,,,,,,,,,,,,,,,,,,,,,,,,,,,,,,,,,,,,,,,,,,,,,,,,,,,,,,,,,,,,,,,,,,,,,,,
,,,,,,,,,,,,,,,,,,,,,,,,,,,,,,,,,,,,,,,,,,,,,,,,,,,,,,,,,,,,,,,,,,,,,,,,,,
,,,,,,,,,,,,,,,,,,,,,,,,,,,,,,,,,,,,,,,,,,,,,,,,,,,,,,,,,,,,,,,,,,,,,,,,,,
,,,,,,,,,,,,,,,,,,,,,,,,,,,,,,,,,,,,,,,,,,,,,,,,,,,,,,,,,,,,,,,,,,,,,,,,,,
,,,,,,,,,,,,,,,,,,,,,,,,,,,,,,,,,,,,,,,,,,,,,,,,,,,,,,,,,,,,,,,,,,,,,,,,,,
,,,,,,,,,,,,,,,,,,,,,,,,,,,,,,,,,,,,,,,,,,,,,,,,,,,,,,,,,,,,,,,,,,,,,,,,,,
,,,,,,,,,,,,,,,,,,,,,,,,,,,,,,,,,,,,,,,,,,,,,,,,,,,,,,,,,,,,,,,,,,,,,,,,,,
,,,,,,,,,,,,,,,,,,,,,,,,,,,,,,,,,,,,,,,,,,,,,,,,,,,,,,,,,,,,,,,,,,,,,,,,,,
,,,,,,,,,,,,,,,,,,,,,,,,,,,,,,,,,,,,,,,,,,,,,,,,,,,,,,,,,,,,,,,,,,,,,,,,,,
,,,,,,,,,,,,,,,,,,,,,,,,,,,,,,,,,,,,,,,,,,,,,,,,,,,,,,,,,,,,,,,,,,,,,,,,,,
,,,,,,,,,,,,,,,,,,,,,,,,,,,,,,,,,,,,,,,,,,,,,,,,,,,,,,,,,,,,,,,,,,,,,,,,,,
,,,,,,,,,,,,,,,,,,,,,,,,,,,,,,,,,,,,,,,,,,,,,,,,,,,,,,,,,,,,,,,,,,,,,,,,,,
,,,,,,,,,,,,,,,,,,,,,,,,,,,,,,,,,,,,,,,,,,,,,,,,,,,,,,,,,,,,,,,,,,,,,,,,,,
,,,,,,,,,,,,,,,,,,,,,,,,,,,,,,,,,,,,,,,,,,,,,,,,,,,,,,,,,,,,,,,,,,,,,,,,,,
,,,,,,,,,,,,,,,,,,,,,,,,,,,,,,,,,,,,,,,,,,,,,,,,,,,,,,,,,,,,,,,,,,,,,,,,,,
,,,,,,,,,,,,,,,,,,,,,,,,,,,,,,,,,,,,,,,,,,,,,,,,,,,,,,,,,,,,,,,,,,,,,,,,,,
,,,,,,,,,,,,,,,,,,,,,,,,,,,,,,,,,,,,,,,,,,,,,,,,,,,,,,,,,,,,,,,,,,,,,,,,,,
,,,,,,,,,,,,,,,,,,,,,,,,,,,,,,,,,,,,,,,,,,,,,,,,,,,,,,,,,,,,,,,,,,,,,,,,,,
,,,,,,,,,,,,,,,,,,,,,,,,,,,,,,,,,,,,,,,,,,,,,,,,,,,,,,,,,,,,,,,,,,,,,,,,,,
,,,,,,,,,,,,,,,,,,,,,,,,,,,,,,,,,,,,,,,,,,,,,,,,,,,,,,,,,,,,,,,,,,,,,,,,,,
,,,,,,,,,,,,,,,,,,,,,,,,,,,,,,,,,,,,,,,,,,,,,,,,,,,,,,,,,,,,,,,,,,,,,,,,,,
,,,,,,,,,,,,,,,,,,,,,,,,,,,,,,,,,,,,,,,,,,,,,,,,,,,,,,,,,,,,,,,,,,,,,,,,,,
,,,,,,,,,,,,,,,,,,,,,,,,,,,,,,,,,,,,,,,,,,,,,,,,,,,,,,,,,,,,,,,,,,,,,,,,,,
,,,,,,,,,,,,,,,,,,,,,,,,,,,,,,,,,,,,,,,,,,,,,,,,,,,,,,,,,,,,,,,,,,,,,,,,,,
,,,,,,,,,,,,,,,,,,,,,,,,,,,,,,,,,,,,,,,,,,,,,,,,,,,,,,,,,,,,,,,,,,,,,,,,,,
,,,,,,,,,,,,,,,,,,,,,,,,,,,,,,,,,,,,,,,,,,,,,,,,,,,,,,,,,,,,,,,,,,,,,,,,,,
,,,,,,,,,,,,,,,,,,,,,,,,,,,,,,,,,,,,,,,,,,,,,,,,,,,,,,,,,,,,,,,,,,,,,,,,,,
,,,,,,,,,,,,,,,,,,,,,,,,,,,,,,,,,,,,,,,,,,,,,,,,,,,,,,,,,,,,,,,,,,,,,,,,,,
,,,,,,,,,,,,,,,,,,,,,,,,,,,,,,,,,,,,,,,,,,,,,,,,,,,,,,,,,,,,,,,,,,,,,,,,,,
,,,,,,,,,,,,,,,,,,,,,,,,,,,,,,,,,,,,,,,,,,,,,,,,,,,,,,,,,,,,,,,,,,,,,,,,,,
,,,,,,,,,,,,,,,,,,,,,,,,,,,,,,,,,,,,,,,,,,,,,,,,,,,,,,,,,,,,,,,,,,,,,,,,,,
,,,,,,,,,,,,,,,,,,,,,,,,,,,,,,,,,,,,,,,,,,,,,,,,,,,,,,,,,,,,,,,,,,,,,,,,,,
,,,,,,,,,,,,,,,,,,,,,,,,,,,,,,,,,,,,,,,,,,,,,,,,,,,,,,,,,,,,,,,,,,,,,,,,,,
,,,,,,,,,,,,,,,,,,,,,,,,,,,,,,,,,,,,,,,,,,,,,,,,,,,,,,,,,,,,,,,,,,,,,,,,,,
,,,,,,,,,,,,,,,,,,,,,,,,,,,,,,,,,,,,,,,,,,,,,,,,,,,,,,,,,,,,,,,,,,,,,,,,,,
,,,,,,,,,,,,,,,,,,,,,,,,,,,,,,,,,,,,,,,,,,,,,,,,,,,,,,,,,,,,,,,,,,,,,,,,,,
,,,,,,,,,,,,,,,,,,,,,,,,,,,,,,,,,,,,,,,,,,,,,,,,,,,,,,,,,,,,,,,,,,,,,,,,,,
,,,,,,,,,,,,,,,,,,,,,,,,,,,,,,,,,,,,,,,,,,,,,,,,,,,,,,,,,,,,,,,,,,,,,,,,,,
,,,,,,,,,,,,,,,,,,,,,,,,,,,,,,,,,,,,,,,,,,,,,,,,,,,,,,,,,,,,,,,,,,,,,,,,,,
,,,,,,,,,,,,,,,,,,,,,,,,,,,,,,,,,,,,,,,,,,,,,,,,,,,,,,,,,,,,,,,,,,,,,,,,,,
,,,,,,,,,,,,,,,,,,,,,,,,,,,,,,,,,,,,,,,,,,,,,,,,,,,,,,,,,,,,,,,,,,,,,,,,,,
,,,,,,,,,,,,,,,,,,,,,,,,,,,,,,,,,,,,,,,,,,,,,,,,,,,,,,,,,,,,,,,,,,,,,,,,,,
,,,,,,,,,,,,,,,,,,,,,,,,,,,,,,,,,,,,,,,,,,,,,,,,,,,,,,,,,,,,,,,,,,,,,,,,,,
,,,,,,,,,,,,,,,,,,,,,,,,,,,,,,,,,,,,,,,,,,,,,,,,,,,,,,,,,,,,,,,,,,,,,,,,,,
,,,,,,,,,,,,,,,,,,,,,,,,,,,,,,,,,,,,,,,,,,,,,,,,,,,,,,,,,,,,,,,,,,,,,,,,,,
,,,,,,,,,,,,,,,,,,,,,,,,,,,,,,,,,,,,,,,,,,,,,,,,,,,,,,,,,,,,,,,,,,,,,,,,,,
,,,,,,,,,,,,,,,,,,,,,,,,,,,,,,,,,,,,,,,,,,,,,,,,,,,,,,,,,,,,,,,,,,,,,,,,,,
,,,,,,,,,,,,,,,,,,,,,,,,,,,,,,,,,,,,,,,,,,,,,,,,,,,,,,,,,,,,,,,,,,,,,,,,,,
,,,,,,,,,,,,,,,,,,,,,,,,,,,,,,,,,,,,,,,,,,,,,,,,,,,,,,,,,,,,,,,,,,,,,,,,,,
,,,,,,,,,,,,,,,,,,,,,,,,,,,,,,,,,,,,,,,,,,,,,,,,,,,,,,,,,,,,,,,,,,,,,,,,,,
,,,,,,,,,,,,,,,,,,,,,,,,,,,,,,,,,,,,,,,,,,,,,,,,,,,,,,,,,,,,,,,,,,,,,,,,,,
,,,,,,,,,,,,,,,,,,,,,,,,,,,,,,,,,,,,,,,,,,,,,,,,,,,,,,,,,,,,,,,,,,,,,,,,,,
,,,,,,,,,,,,,,,,,,,,,,,,,,,,,,,,,,,,,,,,,,,,,,,,,,,,,,,,,,,,,,,,,,,,,,,,,,
,,,,,,,,,,,,,,,,,,,,,,,,,,,,,,,,,,,,,,,,,,,,,,,,,,,,,,,,,,,,,,,,,,,,,,,,,,
,,,,,,,,,,,,,,,,,,,,,,,,,,,,,,,,,,,,,,,,,,,,,,,,,,,,,,,,,,,,,,,,,,,,,,,,,,
,,,,,,,,,,,,,,,,,,,,,,,,,,,,,,,,,,,,,,,,,,,,,,,,,,,,,,,,,,,,,,,,,,,,,,,,,,
,,,,,,,,,,,,,,,,,,,,,,,,,,,,,,,,,,,,,,,,,,,,,,,,,,,,,,,,,,,,,,,,,,,,,,,,,,
,,,,,,,,,,,,,,,,,,,,,,,,,,,,,,,,,,,,,,,,,,,,,,,,,,,,,,,,,,,,,,,,,,,,,,,,,,
,,,,,,,,,,,,,,,,,,,,,,,,,,,,,,,,,,,,,,,,,,,,,,,,,,,,,,,,,,,,,,,,,,,,,,,,,,
,,,,,,,,,,,,,,,,,,,,,,,,,,,,,,,,,,,,,,,,,,,,,,,,,,,,,,,,,,,,,,,,,,,,,,,,,,
,,,,,,,,,,,,,,,,,,,,,,,,,,,,,,,,,,,,,,,,,,,,,,,,,,,,,,,,,,,,,,,,,,,,,,,,,,
,,,,,,,,,,,,,,,,,,,,,,,,,,,,,,,,,,,,,,,,,,,,,,,,,,,,,,,,,,,,,,,,,,,,,,,,,,
,,,,,,,,,,,,,,,,,,,,,,,,,,,,,,,,,,,,,,,,,,,,,,,,,,,,,,,,,,,,,,,,,,,,,,,,,,
,,,,,,,,,,,,,,,,,,,,,,,,,,,,,,,,,,,,,,,,,,,,,,,,,,,,,,,,,,,,,,,,,,,,,,,,,,
,,,,,,,,,,,,,,,,,,,,,,,,,,,,,,,,,,,,,,,,,,,,,,,,,,,,,,,,,,,,,,,,,,,,,,,,,,
,,,,,,,,,,,,,,,,,,,,,,,,,,,,,,,,,,,,,,,,,,,,,,,,,,,,,,,,,,,,,,,,,,,,,,,,,,
,,,,,,,,,,,,,,,,,,,,,,,,,,,,,,,,,,,,,,,,,,,,,,,,,,,,,,,,,,,,,,,,,,,,,,,,,,
,,,,,,,,,,,,,,,,,,,,,,,,,,,,,,,,,,,,,,,,,,,,,,,,,,,,,,,,,,,,,,,,,,,,,,,,,,
,,,,,,,,,,,,,,,,,,,,,,,,,,,,,,,,,,,,,,,,,,,,,,,,,,,,,,,,,,,,,,,,,,,,,,,,,,
,,,,,,,,,,,,,,,,,,,,,,,,,,,,,,,,,,,,,,,,,,,,,,,,,,,,,,,,,,,,,,,,,,,,,,,,,,
,,,,,,,,,,,,,,,,,,,,,,,,,,,,,,,,,,,,,,,,,,,,,,,,,,,,,,,,,,,,,,,,,,,,,,,,,,
,,,,,,,,,,,,,,,,,,,,,,,,,,,,,,,,,,,,,,,,,,,,,,,,,,,,,,,,,,,,,,,,,,,,,,,,,,
,,,,,,,,,,,,,,,,,,,,,,,,,,,,,,,,,,,,,,,,,,,,,,,,,,,,,,,,,,,,,,,,,,,,,,,,,,
,,,,,,,,,,,,,,,,,,,,,,,,,,,,,,,,,,,,,,,,,,,,,,,,,,,,,,,,,,,,,,,,,,,,,,,,,,
,,,,,,,,,,,,,,,,,,,,,,,,,,,,,,,,,,,,,,,,,,,,,,,,,,,,,,,,,,,,,,,,,,,,,,,,,,
,,,,,,,,,,,,,,,,,,,,,,,,,,,,,,,,,,,,,,,,,,,,,,,,,,,,,,,,,,,,,,,,,,,,,,,,,,
,,,,,,,,,,,,,,,,,,,,,,,,,,,,,,,,,,,,,,,,,,,,,,,,,,,,,,,,,,,,,,,,,,,,,,,,,,
,,,,,,,,,,,,,,,,,,,,,,,,,,,,,,,,,,,,,,,,,,,,,,,,,,,,,,,,,,,,,,,,,,,,,,,,,,
,,,,,,,,,,,,,,,,,,,,,,,,,,,,,,,,,,,,,,,,,,,,,,,,,,,,,,,,,,,,,,,,,,,,,,,,,,
,,,,,,,,,,,,,,,,,,,,,,,,,,,,,,,,,,,,,,,,,,,,,,,,,,,,,,,,,,,,,,,,,,,,,,,,,,
,,,,,,,,,,,,,,,,,,,,,,,,,,,,,,,,,,,,,,,,,,,,,,,,,,,,,,,,,,,,,,,,,,,,,,,,,,
,,,,,,,,,,,,,,,,,,,,,,,,,,,,,,,,,,,,,,,,,,,,,,,,,,,,,,,,,,,,,,,,,,,,,,,,,,
,,,,,,,,,,,,,,,,,,,,,,,,,,,,,,,,,,,,,,,,,,,,,,,,,,,,,,,,,,,,,,,,,,,,,,,,,,
,,,,,,,,,,,,,,,,,,,,,,,,,,,,,,,,,,,,,,,,,,,,,,,,,,,,,,,,,,,,,,,,,,,,,,,,,,
,,,,,,,,,,,,,,,,,,,,,,,,,,,,,,,,,,,,,,,,,,,,,,,,,,,,,,,,,,,,,,,,,,,,,,,,,,
,,,,,,,,,,,,,,,,,,,,,,,,,,,,,,,,,,,,,,,,,,,,,,,,,,,,,,,,,,,,,,,,,,,,,,,,,,
,,,,,,,,,,,,,,,,,,,,,,,,,,,,,,,,,,,,,,,,,,,,,,,,,,,,,,,,,,,,,,,,,,,,,,,,,,
,,,,,,,,,,,,,,,,,,,,,,,,,,,,,,,,,,,,,,,,,,,,,,,,,,,,,,,,,,,,,,,,,,,,,,,,,,
,,,,,,,,,,,,,,,,,,,,,,,,,,,,,,,,,,,,,,,,,,,,,,,,,,,,,,,,,,,,,,,,,,,,,,,,,,
,,,,,,,,,,,,,,,,,,,,,,,,,,,,,,,,,,,,,,,,,,,,,,,,,,,,,,,,,,,,,,,,,,,,,,,,,,
,,,,,,,,,,,,,,,,,,,,,,,,,,,,,,,,,,,,,,,,,,,,,,,,,,,,,,,,,,,,,,,,,,,,,,,,,,
,,,,,,,,,,,,,,,,,,,,,,,,,,,,,,,,,,,,,,,,,,,,,,,,,,,,,,,,,,,,,,,,,,,,,,,,,,
,,,,,,,,,,,,,,,,,,,,,,,,,,,,,,,,,,,,,,,,,,,,,,,,,,,,,,,,,,,,,,,,,,,,,,,,,,
,,,,,,,,,,,,,,,,,,,,,,,,,,,,,,,,,,,,,,,,,,,,,,,,,,,,,,,,,,,,,,,,,,,,,,,,,,
,,,,,,,,,,,,,,,,,,,,,,,,,,,,,,,,,,,,,,,,,,,,,,,,,,,,,,,,,,,,,,,,,,,,,,,,,,
,,,,,,,,,,,,,,,,,,,,,,,,,,,,,,,,,,,,,,,,,,,,,,,,,,,,,,,,,,,,,,,,,,,,,,,,,,
,,,,,,,,,,,,,,,,,,,,,,,,,,,,,,,,,,,,,,,,,,,,,,,,,,,,,,,,,,,,,,,,,,,,,,,,,,
,,,,,,,,,,,,,,,,,,,,,,,,,,,,,,,,,,,,,,,,,,,,,,,,,,,,,,,,,,,,,,,,,,,,,,,,,,
,,,,,,,,,,,,,,,,,,,,,,,,,,,,,,,,,,,,,,,,,,,,,,,,,,,,,,,,,,,,,,,,,,,,,,,,,,
,,,,,,,,,,,,,,,,,,,,,,,,,,,,,,,,,,,,,,,,,,,,,,,,,,,,,,,,,,,,,,,,,,,,,,,,,,
,,,,,,,,,,,,,,,,,,,,,,,,,,,,,,,,,,,,,,,,,,,,,,,,,,,,,,,,,,,,,,,,,,,,,,,,,,
,,,,,,,,,,,,,,,,,,,,,,,,,,,,,,,,,,,,,,,,,,,,,,,,,,,,,,,,,,,,,,,,,,,,,,,,,,
,,,,,,,,,,,,,,,,,,,,,,,,,,,,,,,,,,,,,,,,,,,,,,,,,,,,,,,,,,,,,,,,,,,,,,,,,,
,,,,,,,,,,,,,,,,,,,,,,,,,,,,,,,,,,,,,,,,,,,,,,,,,,,,,,,,,,,,,,,,,,,,,,,,,,
,,,,,,,,,,,,,,,,,,,,,,,,,,,,,,,,,,,,,,,,,,,,,,,,,,,,,,,,,,,,,,,,,,,,,,,,,,
,,,,,,,,,,,,,,,,,,,,,,,,,,,,,,,,,,,,,,,,,,,,,,,,,,,,,,,,,,,,,,,,,,,,,,,,,,
,,,,,,,,,,,,,,,,,,,,,,,,,,,,,,,,,,,,,,,,,,,,,,,,,,,,,,,,,,,,,,,,,,,,,,,,,,
,,,,,,,,,,,,,,,,,,,,,,,,,,,,,,,,,,,,,,,,,,,,,,,,,,,,,,,,,,,,,,,,,,,,,,,,,,
,,,,,,,,,,,,,,,,,,,,,,,,,,,,,,,,,,,,,,,,,,,,,,,,,,,,,,,,,,,,,,,,,,,,,,,,,,
,,,,,,,,,,,,,,,,,,,,,,,,,,,,,,,,,,,,,,,,,,,,,,,,,,,,,,,,,,,,,,,,,,,,,,,,,,
,,,,,,,,,,,,,,,,,,,,,,,,,,,,,,,,,,,,,,,,,,,,,,,,,,,,,,,,,,,,,,,,,,,,,,,,,,
,,,,,,,,,,,,,,,,,,,,,,,,,,,,,,,,,,,,,,,,,,,,,,,,,,,,,,,,,,,,,,,,,,,,,,,,,,
,,,,,,,,,,,,,,,,,,,,,,,,,,,,,,,,,,,,,,,,,,,,,,,,,,,,,,,,,,,,,,,,,,,,,,,,,,
,,,,,,,,,,,,,,,,,,,,,,,,,,,,,,,,,,,,,,,,,,,,,,,,,,,,,,,,,,,,,,,,,,,,,,,,,,
,,,,,,,,,,,,,,,,,,,,,,,,,,,,,,,,,,,,,,,,,,,,,,,,,,,,,,,,,,,,,,,,,,,,,,,,,,
,,,,,,,,,,,,,,,,,,,,,,,,,,,,,,,,,,,,,,,,,,,,,,,,,,,,,,,,,,,,,,,,,,,,,,,,,,
,,,,,,,,,,,,,,,,,,,,,,,,,,,,,,,,,,,,,,,,,,,,,,,,,,,,,,,,,,,,,,,,,,,,,,,,,,
,,,,,,,,,,,,,,,,,,,,,,,,,,,,,,,,,,,,,,,,,,,,,,,,,,,,,,,,,,,,,,,,,,,,,,,,,,
,,,,,,,,,,,,,,,,,,,,,,,,,,,,,,,,,,,,,,,,,,,,,,,,,,,,,,,,,,,,,,,,,,,,,,,,,,
,,,,,,,,,,,,,,,,,,,,,,,,,,,,,,,,,,,,,,,,,,,,,,,,,,,,,,,,,,,,,,,,,,,,,,,,,,
,,,,,,,,,,,,,,,,,,,,,,,,,,,,,,,,,,,,,,,,,,,,,,,,,,,,,,,,,,,,,,,,,,,,,,,,,,
,,,,,,,,,,,,,,,,,,,,,,,,,,,,,,,,,,,,,,,,,,,,,,,,,,,,,,,,,,,,,,,,,,,,,,,,,,
,,,,,,,,,,,,,,,,,,,,,,,,,,,,,,,,,,,,,,,,,,,,,,,,,,,,,,,,,,,,,,,,,,,,,,,,,,
,,,,,,,,,,,,,,,,,,,,,,,,,,,,,,,,,,,,,,,,,,,,,,,,,,,,,,,,,,,,,,,,,,,,,,,,,,
,,,,,,,,,,,,,,,,,,,,,,,,,,,,,,,,,,,,,,,,,,,,,,,,,,,,,,,,,,,,,,,,,,,,,,,,,,
,,,,,,,,,,,,,,,,,,,,,,,,,,,,,,,,,,,,,,,,,,,,,,,,,,,,,,,,,,,,,,,,,,,,,,,,,,
,,,,,,,,,,,,,,,,,,,,,,,,,,,,,,,,,,,,,,,,,,,,,,,,,,,,,,,,,,,,,,,,,,,,,,,,,,
,,,,,,,,,,,,,,,,,,,,,,,,,,,,,,,,,,,,,,,,,,,,,,,,,,,,,,,,,,,,,,,,,,,,,,,,,,
,,,,,,,,,,,,,,,,,,,,,,,,,,,,,,,,,,,,,,,,,,,,,,,,,,,,,,,,,,,,,,,,,,,,,,,,,,
,,,,,,,,,,,,,,,,,,,,,,,,,,,,,,,,,,,,,,,,,,,,,,,,,,,,,,,,,,,,,,,,,,,,,,,,,,
